Time [us],Trace [arb. u.]
-2.02882,-3.94011e-05
-2.02482,0.000556933
-2.02082,-0.00177974
-2.01682,-0.000436923
-2.01282,0.000959221
-2.00882,-0.00128622
-2.00482,-0.00183124
-2.00082,0.000385793
-1.99682,-0.00091221
-1.99282,-0.00114083
-1.98882,-0.000563346
-1.98482,-0.00028302
-1.98082,-0.000707717
-1.97682,-0.000396476
-1.97282,-0.00010185
-1.96882,-0.000697077
-1.96482,-0.000708022
-1.96082,-0.00023426
-1.95682,0.000611272
-1.95282,-0.000472818
-1.94882,-0.000452239
-1.94482,-0.000428102
-1.94082,0.000878926
-1.93682,-0.000322269
-1.93282,-0.000437025
-1.92882,0.000443284
-1.92482,0.000444504
-1.92082,-0.000896499
-1.91682,0.000640063
-1.91282,0.0011557
-1.90882,-0.000138457
-1.90482,-0.000329667
-1.90082,0.00133362
-1.89682,0.000940664
-1.89282,-1.60885e-05
-1.88882,0.000350113
-1.88482,-0.000771081
-1.88082,0.000573356
-1.87682,0.000438314
-1.87282,2.45729e-05
-1.86882,0.000788082
-1.86482,-0.000117064
-1.86082,0.000998753
-1.85682,-0.000340409
-1.85282,0.000519118
-1.84882,0.000642808
-1.84482,-2.39949e-05
-1.84082,-0.000692514
-1.83682,0.000632665
-1.83282,0.000282276
-1.82882,-0.000476975
-1.82482,-8.50209e-05
-1.82082,0.000370184
-1.81682,0.000613001
-1.81282,-9.77051e-05
-1.80882,-0.000183568
-1.80482,-0.000339494
-1.80082,0.00068173
-1.79682,-0.000630867
-1.79282,-0.000239738
-1.78882,0.00159479
-1.78482,-0.000320439
-1.78082,-0.00149648
-1.77682,0.00109538
-1.77282,0.00070363
-1.76882,-0.000204046
-1.76482,0.00034991
-1.76082,-0.00041797
-1.75682,-5.83651e-05
-1.75282,0.000767706
-1.74882,-0.000160855
-1.74482,0.000880745
-1.74082,0.000285834
-1.73682,-0.000282319
-1.73282,0.00142092
-1.72882,0.000133252
-1.72482,0.000722289
-1.72082,0.000964293
-1.71682,0.000194289
-1.71282,0.00053615
-1.70882,0.00122291
-1.70482,0.000419554
-1.70082,4.19105e-05
-1.69682,0.000582787
-1.69282,-0.00116344
-1.68882,5.27536e-05
-1.68482,0.000209391
-1.68082,-0.000611813
-1.67682,-0.00027552
-1.67282,-0.00111893
-1.66882,-0.0012195
-1.66482,0.000288364
-1.66082,-0.00182861
-1.65682,-0.00198768
-1.65282,-8.3914e-05
-1.64882,-0.000147786
-1.64482,-0.00259842
-1.64082,0.000408711
-1.63682,0.000628203
-1.63282,-0.00211725
-1.62882,-0.000807281
-1.62482,0.000909242
-1.62082,-0.00160111
-1.61682,-0.00169265
-1.61282,0.00129409
-1.60882,-0.000478195
-1.60482,-0.000530908
-1.60082,0.000685886
-1.59682,-0.00121139
-1.59282,-0.000435703
-1.58882,-0.000335439
-1.58482,-0.00142703
-1.58082,0.000222063
-1.57682,-0.00154585
-1.57282,0.000420265
-1.56882,0.000596883
-1.56482,-0.00116982
-1.56082,0.000352846
-1.55682,-0.000518946
-1.55282,-0.000286984
-1.54882,0.000484849
-1.54482,-0.00047109
-1.54082,-0.000483255
-1.53682,-0.000178305
-1.53282,-0.000269138
-1.52882,-0.00055919
-1.52482,5.34652e-05
-1.52082,-0.000531517
-1.51682,0.000421587
-1.51282,-0.000330368
-1.50882,-0.000822179
-1.50482,0.00115317
-1.50082,-0.000640603
-1.49682,-0.000672138
-1.49282,0.00258409
-1.48882,-0.000643946
-1.48482,0.00063672
-1.48082,0.00123295
-1.47682,-0.000369199
-1.47282,0.00107094
-1.46882,-0.000955402
-1.46482,0.000800246
-1.46082,0.00138584
-1.45682,-0.000224433
-1.45282,-0.000130844
-1.44882,0.000270925
-1.44482,9.74699e-05
-1.44082,0.00058674
-1.43682,0.000757665
-1.43282,-0.000274097
-1.42882,0.000592003
-1.42482,0.000100813
-1.42082,-0.00128449
-1.41682,0.000482116
-1.41282,7.51626e-05
-1.40882,-0.000610898
-1.40482,0.000115406
-1.40082,-0.000441588
-1.39682,6.56297e-05
-1.39282,-0.000753247
-1.38882,0.000132337
-1.38482,-0.000465917
-1.38082,-0.000310907
-1.37682,0.000167317
-1.37282,0.000218313
-1.36882,-0.000461964
-1.36482,-0.000782342
-1.36082,0.000228355
-1.35682,0.0010387
-1.35282,-0.00013683
-1.34882,2.34548e-05
-1.34482,0.000288974
-1.34082,-0.000350551
-1.33682,0.000342308
-1.33282,0.000179787
-1.32882,-0.000540542
-1.32482,0.000724718
-1.32082,0.00148885
-1.31682,0.00122951
-1.31282,-0.00114833
-1.30882,0.00179502
-1.30482,0.000733031
-1.30082,-0.0019449
-1.29682,0.00158282
-1.29282,0.00252832
-1.28882,-0.00106306
-1.28482,0.00193716
-1.28082,0.000832188
-1.27682,0.000135477
-1.27282,0.00202567
-1.26882,0.000569911
-1.26482,0.000250854
-1.26082,0.0019107
-1.25682,0.00120112
-1.25282,-0.000564058
-1.24882,0.00178042
-1.24482,0.00145874
-1.24082,6.64429e-05
-1.23682,0.00220542
-1.23282,0.000677878
-1.22882,-0.000596903
-1.22482,0.000189929
-1.22082,0.000725328
-1.21682,0.000887239
-1.21282,-0.00107056
-1.20882,0.000613102
-1.20482,0.00142092
-1.20082,-0.000503021
-1.19682,-0.000889496
-1.19282,0.000785959
-1.18882,-8.86805e-05
-1.18482,-0.00203096
-1.18082,0.000376069
-1.17682,0.000570114
-1.17282,-0.000622452
-1.16882,-0.000783144
-1.16482,0.000589067
-1.16082,-0.000764598
-1.15682,-0.00155883
-1.15282,0.000369981
-1.14882,-0.000901571
-1.14482,-0.00102231
-1.14082,-0.000343955
-1.13682,-0.000715827
-1.13282,-0.000889496
-1.12882,-0.00171871
-1.12482,-0.00228615
-1.12082,0.000960238
-1.11682,-0.000479403
-1.11282,-0.00247473
-1.10882,0.000336017
-1.10482,0.00157552
-1.10082,-0.00185487
-1.09682,-0.000800278
-1.09282,0.0016986
-1.08882,0.000754322
-1.08482,-0.00149648
-1.08082,0.000686903
-1.07682,0.00134387
-1.07282,0.000275488
-1.06882,-0.000797037
-1.06482,0.000392186
-1.06082,0.00158323
-1.05682,-0.000471802
-1.05282,-7.36887e-06
-1.04882,0.000794678
-1.04482,0.000488904
-1.04082,-0.00109328
-1.03682,0.000522359
-1.03282,0.00127747
-1.02882,-0.00104603
-1.02482,-0.000760645
-1.02082,0.00109264
-1.01682,-0.00138121
-1.01282,-0.000864354
-1.00882,0.000860064
-1.00482,-0.00117215
-1.00082,-0.00234454
-0.996823,0.00135106
-0.992823,0.00107429
-0.988823,-0.00200725
-0.984823,0.000304595
-0.980823,0.000576191
-0.976823,0.00037748
-0.972823,-0.000953674
-0.968823,-0.000104188
-0.964823,0.000441149
-0.960823,-0.000744821
-0.956823,-0.000496537
-0.952823,0.00029557
-0.948823,-0.00125154
-0.944823,1.65649e-05
-0.940823,0.000549636
-0.936823,-0.00113759
-0.932823,0.00141828
-0.928823,0.000676658
-0.924823,-0.00153956
-0.920823,0.000560276
-0.916823,0.000695826
-0.912823,-3.41568e-06
-0.908823,-0.000548753
-0.904823,0.000868987
-0.900823,-7.52961e-05
-0.896823,-0.00109784
-0.892823,-0.000311008
-0.888823,-3.19013e-05
-0.884823,9.64533e-05
-0.880823,0.000135387
-0.876823,-8.20843e-05
-0.872823,-0.00173716
-0.868823,0.000303375
-0.864823,3.07886e-06
-0.860823,-0.00121879
-0.856823,-0.000333417
-0.852823,0.000313811
-0.848823,-0.000467442
-0.844823,-0.00168768
-0.840823,-0.000407319
-0.836823,-0.000367279
-0.832823,-0.00102231
-0.828823,-0.000912007
-0.824823,0.000212937
-0.820823,-5.25821e-05
-0.816823,-0.00106053
-0.812823,0.000162246
-0.808823,0.000298913
-0.804823,0.000644524
-0.800823,0.00033936
-0.796823,0.000261098
-0.792823,-0.00026549
-0.788823,0.000372014
-0.784823,-7.33647e-05
-0.780823,7.55692e-05
-0.776823,0.000335915
-0.772823,-0.000530603
-0.768823,-6.14034e-05
-0.764823,6.27947e-05
-0.760823,0.000578427
-0.756823,-0.000733571
-0.752823,0.000716913
-0.748823,0.000731212
-0.744823,-0.000837992
-0.740823,0.000178262
-0.736823,0.00117629
-0.732823,3.64325e-05
-0.728823,0.000233528
-0.724823,-0.00050982
-0.720823,0.000684474
-0.716823,-0.000109158
-0.712823,-0.0011754
-0.708823,0.000483019
-0.704823,-6.93098e-05
-0.700823,3.68878e-06
-0.696823,0.000351525
-0.692823,0.000168029
-0.688823,0.000542227
-0.684823,0.000980207
-0.680823,-0.000439668
-0.676823,-0.000235581
-0.672823,-0.000244301
-0.668823,0.00050614
-0.664823,0.000314828
-0.660823,-0.000298844
-0.656823,-0.00152537
-0.652823,-0.000798562
-0.648823,0.000145925
-0.644823,-0.00156714
-0.640823,-0.000866082
-0.636823,0.00018313
-0.632823,0.000223283
-0.628823,-0.00060167
-0.624823,-0.000610186
-0.620823,1.89933e-05
-0.616823,-0.000851986
-0.612823,7.7591e-05
-0.608823,-0.00106084
-0.604823,8.34756e-05
-0.600823,1.75736e-06
-0.596823,-0.0016816
-0.592823,-0.000922048
-0.588823,-0.000290226
-0.584823,-0.000905411
-0.580823,-0.000100032
-0.576823,-0.0014974
-0.572823,-0.000601771
-0.568823,0.000649697
-0.564823,-0.00128834
-0.560823,-1.65968e-05
-0.556823,7.1616e-05
-0.552823,-0.00022868
-0.548823,-0.000521985
-0.544823,0.000380225
-0.540823,6.07616e-05
-0.536823,-0.000978104
-0.532823,0.000941071
-0.528823,-0.000233142
-0.524823,-0.000210337
-0.520823,-0.000274413
-0.516823,0.00122201
-0.512823,8.15024e-06
-0.508823,-0.00150164
-0.504823,0.000931741
-0.500823,-0.00067355
-0.496823,-0.000296811
-0.492823,0.000919881
-0.488823,-0.00182526
-0.484823,0.00017877
-0.480823,0.000857534
-0.476823,-0.00120206
-0.472823,0.000312298
-0.468823,-0.000274808
-0.464823,0.000386912
-0.460823,-0.000494109
-0.456823,-0.000301272
-0.452823,0.00107905
-0.448823,-0.00157596
-0.444823,-0.00059234
-0.440823,0.00121663
-0.436823,-0.000774029
-0.432823,-0.000375592
-0.428823,0.000158598
-0.424823,0.000424218
-0.420823,-0.000225845
-0.416823,-0.000158426
-0.412823,-0.000254127
-0.408823,0.000227948
-0.404823,-0.00121159
-0.400823,-0.000153863
-0.396823,0.000486374
-0.392823,-0.00183012
-0.388823,-0.00138952
-0.384823,0.000986386
-0.380823,-0.000703357
-0.376823,-0.000624384
-0.372823,-0.000437126
-0.368823,3.7946e-05
-0.364823,-0.000956317
-0.360823,-0.000432767
-0.356823,0.00046488
-0.352823,0.00017249
-0.348823,0.000383568
-0.344823,0.000621618
-0.340823,0.000448457
-0.336823,0.00168563
-0.332823,0.000597176
-0.328823,0.00106629
-0.324823,0.00130322
-0.320823,-0.00108719
-0.316823,0.0015665
-0.312823,0.000603874
-0.308823,-0.000459942
-0.304823,0.000740034
-0.300823,0.000468528
-0.296823,-0.000508002
-0.292823,0.000854292
-0.288823,0.000888256
-0.284823,-0.000971215
-0.280823,-0.000968775
-0.276823,0.000846183
-0.272823,-0.000433173
-0.268823,-0.00057917
-0.264823,-2.32833e-05
-0.260823,-0.000125174
-0.256823,-0.000721813
-0.252823,-0.000841651
-0.248823,0.0002175
-0.244823,-0.000338071
-0.240823,-0.000898114
-0.236823,0.00142082
-0.232823,0.000209492
-0.228823,-0.00104381
-0.224823,0.0015143
-0.220823,-0.000221994
-0.216823,-0.00104705
-0.212823,0.000577512
-0.208823,-0.0012567
-0.204823,0.000171169
-0.200823,0.00139933
-0.196823,-0.00155671
-0.192823,-0.000921946
-0.188823,0.00119626
-0.184823,-0.00131886
-0.180823,-0.00103752
-0.176823,-0.00101471
-0.172823,0.00068295
-0.168823,3.73474e-05
-0.164823,7.01928e-05
-0.160823,-0.000589099
-0.156823,0.00191922
-0.152823,0.00237179
-0.148823,0.0012442
-0.144823,0.00274721
-0.140823,0.00150943
-0.136823,0.00330542
-0.132823,0.00582753
-0.128823,0.0140708
-0.124823,0.0215648
-0.120823,0.0387251
-0.116823,0.0646547
-0.112823,0.0867019
-0.108823,0.121188
-0.104823,0.16632
-0.100823,0.213499
-0.0968234,0.26514
-0.0928234,0.316391
-0.0888234,0.366782
-0.0848234,0.419716
-0.0808234,0.469622
-0.0768234,0.512003
-0.0728234,0.55172
-0.0688234,0.594137
-0.0648234,0.636962
-0.0608234,0.673854
-0.0568234,0.708899
-0.0528234,0.746298
-0.0488234,0.779482
-0.0448234,0.80811
-0.0408234,0.834698
-0.0368234,0.860453
-0.0328234,0.883312
-0.0288234,0.904936
-0.0248234,0.918404
-0.0208234,0.930836
-0.0168234,0.951026
-0.0128234,0.962344
-0.00882338,0.975206
-0.00482338,0.985311
-0.000823383,0.992146
0.00317662,0.999168
0.00717662,1.00357
0.0111766,0.999344
0.0151766,0.994002
0.0191766,0.979252
0.0231766,0.954994
0.0271766,0.928935
0.0311766,0.89356
0.0351766,0.857667
0.0391766,0.821369
0.0431766,0.781169
0.0471766,0.738016
0.0511766,0.694853
0.0551766,0.653145
0.0591766,0.6146
0.0631766,0.582338
0.0671766,0.551779
0.0711766,0.520113
0.0751766,0.490084
0.0791766,0.459238
0.0831766,0.427233
0.0871766,0.391283
0.0911766,0.356596
0.0951766,0.325236
0.0991766,0.296991
0.103177,0.273119
0.107177,0.247978
0.111177,0.225748
0.115177,0.206975
0.119177,0.190128
0.123177,0.171415
0.127177,0.151895
0.131177,0.131673
0.135177,0.111333
0.139177,0.0905549
0.143177,0.0675736
0.147177,0.0468127
0.151177,0.024305
0.155177,0.0103311
0.159177,-0.00412301
0.163177,-0.0176524
0.167177,-0.0279636
0.171177,-0.0364726
0.175177,-0.0427109
0.179177,-0.05126
0.183177,-0.0595474
0.187177,-0.0636971
0.191177,-0.0661834
0.195177,-0.0669669
0.199177,-0.0653539
0.203177,-0.0615114
0.207177,-0.0546282
0.211177,-0.0464058
0.215177,-0.039073
0.219177,-0.0296329
0.223177,-0.0229293
0.227177,-0.0204388
0.231177,-0.0182053
0.235177,-0.0177007
0.239177,-0.0173336
0.243177,-0.0145957
0.247177,-0.0153666
0.251177,-0.0209681
0.255177,-0.0236784
0.259177,-0.0282551
0.263177,-0.0394076
0.267177,-0.0480867
0.271177,-0.0548685
0.275177,-0.0607946
0.279177,-0.0642122
0.283177,-0.0694038
0.287177,-0.0725642
0.291177,-0.0716899
0.295177,-0.0710348
0.299177,-0.0750604
0.303177,-0.0764032
0.307177,-0.0743636
0.311177,-0.0756859
0.315177,-0.0745338
0.319177,-0.0727477
0.323177,-0.0725603
0.327177,-0.0687683
0.331177,-0.0659414
0.335177,-0.06561
0.339177,-0.0590366
0.343177,-0.0464412
0.347177,-0.0331495
0.351177,-0.0190486
0.355177,-0.00308657
0.359177,0.0197769
0.363177,0.0403303
0.367177,0.0602384
0.371177,0.084938
0.375177,0.104268
0.379177,0.126948
0.383177,0.14892
0.387177,0.162662
0.391177,0.176077
0.395177,0.18956
0.399177,0.198108
0.403177,0.199563
0.407177,0.202768
0.411177,0.205412
0.415177,0.20589
0.419177,0.207156
0.423177,0.212429
0.427177,0.216162
0.431177,0.220835
0.435177,0.22161
0.439177,0.218375
0.443177,0.215086
0.447177,0.20696
0.451177,0.197504
0.455177,0.1861
0.459177,0.170808
0.463177,0.160181
0.467177,0.14304
0.471177,0.125963
0.475177,0.109633
0.479177,0.092478
0.483177,0.0721886
0.487177,0.0507355
0.491177,0.0309038
0.495177,0.0106417
0.499177,-0.00928908
0.503177,-0.0286724
0.507177,-0.0488771
0.511177,-0.0666961
0.515177,-0.0825832
0.519177,-0.0989759
0.523177,-0.113349
0.527177,-0.128134
0.531177,-0.140258
0.535177,-0.145426
0.539177,-0.157305
0.543177,-0.169302
0.547177,-0.177745
0.551177,-0.184847
0.555177,-0.193076
0.559177,-0.201518
0.563177,-0.209621
0.567177,-0.212601
0.571177,-0.215945
0.575177,-0.220874
0.579177,-0.224689
0.583177,-0.224623
0.587177,-0.224238
0.591177,-0.226202
0.595177,-0.224828
0.599177,-0.223102
0.603177,-0.219237
0.607177,-0.217299
0.611177,-0.214458
0.615177,-0.211522
0.619177,-0.20757
0.623177,-0.202526
0.627177,-0.200329
0.631177,-0.194735
0.635177,-0.184087
0.639177,-0.176222
0.643177,-0.168106
0.647177,-0.154794
0.651177,-0.1419
0.655177,-0.129742
0.659177,-0.113249
0.663177,-0.0998848
0.667177,-0.0868442
0.671177,-0.0732762
0.675177,-0.0604011
0.679177,-0.0531073
0.683177,-0.0470198
0.687177,-0.0394151
0.691177,-0.0343788
0.695177,-0.0332343
0.699177,-0.0314387
0.703177,-0.0296601
0.707177,-0.0284107
0.711177,-0.0310414
0.715177,-0.0332297
0.719177,-0.0307501
0.723177,-0.0290242
0.727177,-0.0290218
0.731177,-0.0257634
0.735177,-0.0205441
0.739177,-0.0198219
0.743177,-0.0191164
0.747177,-0.0187059
0.751177,-0.0205846
0.755177,-0.0189295
0.759177,-0.0187888
0.763177,-0.0198621
0.767177,-0.015285
0.771177,-0.0108913
0.775177,-0.00760926
0.779177,0.000518101
0.783177,0.00768293
0.787177,0.0148427
0.791177,0.0255214
0.795177,0.0344686
0.799177,0.0447196
0.803177,0.059047
0.807177,0.0708461
0.811177,0.0814163
0.815177,0.0916614
0.819177,0.100519
0.823177,0.108753
0.827177,0.118215
0.831177,0.126772
0.835177,0.132974
0.839177,0.139424
0.843177,0.142055
0.847177,0.144917
0.851177,0.143426
0.855177,0.143028
0.859177,0.143764
0.863177,0.14288
0.867177,0.14116
0.871177,0.140852
0.875177,0.138628
0.879177,0.135025
0.883177,0.129449
0.887177,0.121669
0.891177,0.114977
0.895177,0.106356
0.899177,0.097495
0.903177,0.0884734
0.907177,0.0776834
0.911177,0.0673031
0.915177,0.0557546
0.919177,0.0430206
0.923177,0.0323554
0.927177,0.020523
0.931177,0.0105388
0.935177,0.00213212
0.939177,-0.00798326
0.943177,-0.0172435
0.947177,-0.0254006
0.951177,-0.0350145
0.955177,-0.0441132
0.959177,-0.0502998
0.963177,-0.057805
0.967177,-0.0639278
0.971177,-0.0710134
0.975177,-0.0766077
0.979177,-0.0818852
0.983177,-0.0886993
0.987177,-0.0920686
0.991177,-0.0942882
0.995177,-0.0990497
0.999177,-0.0995579
1.00318,-0.101634
1.00718,-0.104766
1.01118,-0.10462
1.01518,-0.102806
1.01918,-0.103219
1.02318,-0.103919
1.02718,-0.100293
1.03118,-0.0964356
1.03518,-0.0956789
1.03918,-0.0918655
1.04318,-0.0859054
1.04718,-0.0822287
1.05118,-0.0795814
1.05518,-0.0737316
1.05918,-0.0663421
1.06318,-0.0619423
1.06718,-0.0563785
1.07118,-0.0492488
1.07518,-0.0439603
1.07918,-0.0372586
1.08318,-0.0304729
1.08718,-0.0214414
1.09118,-0.0115878
1.09518,-0.00333972
1.09918,0.00376824
1.10318,0.0124379
1.10718,0.0188714
1.11118,0.0247499
1.11518,0.0314256
1.11918,0.03613
1.12318,0.0422311
1.12718,0.0459573
1.13118,0.0472093
1.13518,0.0487953
1.13918,0.0506819
1.14318,0.0498192
1.14718,0.0492944
1.15118,0.0495424
1.15518,0.0481331
1.15918,0.0464446
1.16318,0.044106
1.16718,0.0422582
1.17118,0.0396359
1.17518,0.0344539
1.17918,0.0319172
1.18318,0.0300641
1.18718,0.0271751
1.19118,0.0234121
1.19518,0.0212747
1.19918,0.0221558
1.20318,0.0189543
1.20718,0.0174458
1.21118,0.0171486
1.21518,0.0209587
1.21918,0.0223049
1.22318,0.0229585
1.22718,0.0290771
1.23118,0.0317316
1.23518,0.0365707
1.23918,0.0391188
1.24318,0.0432649
1.24718,0.0461948
1.25118,0.050235
1.25518,0.0555229
1.25918,0.0573509
1.26318,0.0589545
1.26718,0.0635064
1.27118,0.0653523
1.27518,0.0651429
1.27918,0.0678213
1.28318,0.0704044
1.28718,0.0708762
1.29118,0.0703295
1.29518,0.0685746
1.29918,0.0671345
1.30318,0.0664845
1.30718,0.0631132
1.31118,0.0588195
1.31518,0.0564196
1.31918,0.0533124
1.32318,0.0478296
1.32718,0.0413042
1.33118,0.0361
1.33518,0.0297222
1.33918,0.0241433
1.34318,0.0175025
1.34718,0.0105863
1.35118,0.00735405
1.35518,0.00116382
1.35918,-0.00569505
1.36318,-0.0114336
1.36718,-0.0175957
1.37118,-0.0203697
1.37518,-0.0240658
1.37918,-0.0288209
1.38318,-0.0304542
1.38718,-0.0334067
1.39118,-0.0378748
1.39518,-0.0402644
1.39918,-0.0444082
1.40318,-0.0463398
1.40718,-0.0491306
1.41118,-0.0514088
1.41518,-0.0545002
1.41918,-0.0550242
1.42318,-0.0588482
1.42718,-0.0607799
1.43118,-0.0641084
1.43518,-0.0656906
1.43918,-0.062744
1.44318,-0.0642377
1.44718,-0.0634964
1.45118,-0.0616743
1.45518,-0.0610604
1.45918,-0.0587105
1.46318,-0.0579963
1.46718,-0.0571017
1.47118,-0.0536262
1.47518,-0.0513395
1.47918,-0.047908
1.48318,-0.0453258
1.48718,-0.0433041
1.49118,-0.0386416
1.49518,-0.0347246
1.49918,-0.0328088
1.50318,-0.0273925
1.50718,-0.0217768
1.51118,-0.0158277
1.51518,-0.0102967
1.51918,-0.00631065
1.52318,-0.000147978
1.52718,0.00563287
1.53118,0.00836636
1.53518,0.0125907
1.53918,0.0184542
1.54318,0.0227338
1.54718,0.0261358
1.55118,0.0294259
1.55518,0.0319826
1.55918,0.0342849
1.56318,0.0358711
1.56718,0.0376546
1.57118,0.0386401
1.57518,0.0383265
1.57918,0.0389217
1.58318,0.0379908
1.58718,0.0365515
1.59118,0.034628
1.59518,0.0331945
1.59918,0.0318604
1.60318,0.0294775
1.60718,0.0268196
1.61118,0.0256328
1.61518,0.0224169
1.61918,0.0171472
1.62318,0.0151213
1.62718,0.0137159
1.63118,0.00798273
1.63518,0.00634133
1.63918,0.00450346
1.64318,0.00237615
1.64718,0.00131335
1.65118,-0.000730533
1.65518,-0.00159056
1.65918,-0.000765705
1.66318,0.000740327
1.66718,0.000317968
1.67118,0.00417407
1.67518,0.00823649
1.67918,0.00789868
1.68318,0.00961652
1.68718,0.0138919
1.69118,0.0135006
1.69518,0.0149475
1.69918,0.0180592
1.70318,0.0182015
1.70718,0.0200636
1.71118,0.0196288
1.71518,0.0209342
1.71918,0.0222386
1.72318,0.0197946
1.72718,0.020344
1.73118,0.021889
1.73518,0.0219989
1.73918,0.019747
1.74318,0.0182798
1.74718,0.0189315
1.75118,0.0163672
1.75518,0.0130662
1.75918,0.0114501
1.76318,0.00851063
1.76718,0.00530814
1.77118,0.00212188
1.77518,-0.00136093
1.77918,-0.00444612
1.78318,-0.00645522
1.78718,-0.0104769
1.79118,-0.0143408
1.79518,-0.0172532
1.79918,-0.0159697
1.80318,-0.0177976
1.80718,-0.0200939
1.81118,-0.0209254
1.81518,-0.0195355
1.81918,-0.0208027
1.82318,-0.0222323
1.82718,-0.0226756
1.83118,-0.0215783
1.83518,-0.0232937
1.83918,-0.0270442
1.84318,-0.025081
1.84718,-0.0265069
1.85118,-0.0285906
1.85518,-0.028541
1.85918,-0.0300199
1.86318,-0.0322468
1.86718,-0.0294947
1.87118,-0.0302953
1.87518,-0.0303322
1.87918,-0.0302166
1.88318,-0.0301035
1.88718,-0.0279181
1.89118,-0.0278998
1.89518,-0.0272263
1.89918,-0.0260864
1.90318,-0.0244402
1.90718,-0.0232551
1.91118,-0.0219115
1.91518,-0.0213235
1.91918,-0.0183
1.92318,-0.0175618
1.92718,-0.0152515
1.93118,-0.0125341
1.93518,-0.0110386
1.93918,-0.00633752
1.94318,-0.00454272
1.94718,-0.00140757
1.95118,0.00259301
1.95518,0.00664052
1.95918,0.00985274
1.96318,0.0141013
1.96718,0.0181998
1.97118,0.0211699
1.97518,0.0231786
1.97918,0.0259479
1.98318,0.0276964
1.98718,0.0302582
1.99118,0.031086
1.99518,0.0314705
1.99918,0.0318304
2.00318,0.0328238
2.00718,0.0319669
2.01118,0.0308916
2.01518,0.0304162
2.01918,0.0296218
2.02318,0.0288693
2.02718,0.0274569
2.03118,0.0251853
2.03518,0.0252134
2.03918,0.0216015
2.04318,0.0193143
2.04718,0.0180983
2.05118,0.0166631
2.05518,0.0123815
2.05918,0.011055
2.06318,0.00813521
2.06718,0.00445856
2.07118,0.00230092
2.07518,0.00125738
2.07918,-0.00326348
2.08318,-0.00338636
2.08718,-0.00342762
2.09118,-0.00643737
2.09518,-0.00628439
2.09918,-0.00556752
2.10318,-0.00596109
2.10718,-0.00423969
2.11118,-0.00287032
2.11518,-0.00360098
2.11918,-0.00205601
2.12318,0.000223995
2.12718,-0.000106617
2.13118,0.000563315
2.13518,0.00161719
2.13918,0.00191019
2.14318,0.00363624
2.14718,0.00283744
2.15118,0.00215006
2.15518,0.00413677
2.15918,0.00371176
2.16318,0.00223512
2.16718,0.00360936
2.17118,0.00472884
2.17518,0.00290963
2.17918,0.00354742
2.18318,0.00271193
2.18718,0.00265931
2.19118,0.000717523
2.19518,5.41767e-05
2.19918,-0.000100337
2.20318,-0.00208571
2.20718,-0.0040934
2.21118,-0.00442473
2.21518,-0.00563584
2.21918,-0.00852201
2.22318,-0.00899863
2.22718,-0.00999257
2.23118,-0.0108396
2.23518,-0.0120581
2.23918,-0.0116417
2.24318,-0.0115883
2.24718,-0.0121809
2.25118,-0.0111294
2.25518,-0.0102554
2.25918,-0.0102441
2.26318,-0.0101421
2.26718,-0.00796208
2.27118,-0.00896333
2.27518,-0.00978322
2.27918,-0.00784699
2.28318,-0.0082943
2.28718,-0.00969612
2.29118,-0.00871049
2.29518,-0.00928258
2.29918,-0.0101845
2.30318,-0.00995728
2.30718,-0.00969237
2.31118,-0.0111328
2.31518,-0.00946773
2.31918,-0.0102255
2.32318,-0.0114876
2.32718,-0.00942889
2.33118,-0.0108272
2.33518,-0.00856003
2.33918,-0.0080298
2.34318,-0.00812551
2.34718,-0.00645613
2.35118,-0.00654616
2.35518,-0.00622741
2.35918,-0.00355993
2.36318,-0.00311212
2.36718,-0.00333495
2.37118,-0.000384108
2.37518,0.0013612
2.37918,0.0023365
2.38318,0.00417986
2.38718,0.00792312
2.39118,0.00943706
2.39518,0.00898976
2.39918,0.0135871
2.40318,0.015865
2.40718,0.014347
2.41118,0.0186755
2.41518,0.0211665
2.41918,0.018597
2.42318,0.0215352
2.42718,0.0231722
2.43118,0.0217231
2.43518,0.0222508
2.43918,0.0233268
2.44318,0.0212765
2.44718,0.0202662
2.45118,0.0206131
2.45518,0.0191614
2.45918,0.0157278
2.46318,0.015144
2.46718,0.0134016
2.47118,0.0124437
2.47518,0.0101272
2.47918,0.00874553
2.48318,0.00733012
2.48718,0.00573993
2.49118,0.00399554
2.49518,0.00224973
2.49918,-0.000102257
2.50318,-0.00115522
2.50718,-0.00263298
2.51118,-0.00424203
2.51518,-0.00476211
2.51918,-0.00801499
2.52318,-0.00745282
2.52718,-0.00887026
2.53118,-0.00937301
2.53518,-0.00946234
2.53918,-0.00920969
2.54318,-0.00838656
2.54718,-0.00873287
2.55118,-0.00932983
2.55518,-0.00658602
2.55918,-0.00638425
2.56318,-0.00611803
2.56718,-0.00437018
2.57118,-0.00311385
2.57518,-0.00254975
2.57918,-0.00166335
2.58318,-0.00177011
2.58718,-0.00186703
2.59118,-0.000443621
2.59518,-0.000803927
2.59918,-0.000901153
2.60318,0.000486272
2.60718,-0.000786194
2.61118,-0.000510837
2.61518,0.000831477
2.61918,-0.000947281
2.62318,-0.00231139
2.62718,0.000192561
2.63118,-0.000581904
2.63518,-0.00328649
2.63918,-0.00323651
2.64318,-0.00160233
2.64718,-0.00297099
2.65118,-0.00555373
2.65518,-0.00395309
2.65918,-0.00305261
2.66318,-0.00395227
2.66718,-0.00581012
2.67118,-0.00493083
2.67518,-0.0044891
2.67918,-0.00513653
2.68318,-0.00465192
2.68718,-0.00253819
2.69118,-0.0034115
2.69518,-0.00404281
2.69918,-0.00161186
2.70318,-0.00107077
2.70718,-0.00215384
2.71118,6.70529e-05
2.71518,-0.00038421
2.71918,-0.000626609
2.72318,0.000350113
2.72718,-0.00142754
2.73118,-0.00104918
2.73518,-0.000711377
2.73918,-0.0019449
2.74318,-0.00209728
2.74718,-0.0033604
2.75118,-0.00315124
2.75518,-0.00299562
2.75918,-0.00463925
2.76318,-0.00365148
2.76718,-0.00315054
2.77118,-0.00452204
2.77518,-0.00392065
2.77918,-0.00325751
2.78318,-0.0035948
2.78718,-0.00458642
2.79118,-0.0017696
2.79518,-0.00155315
2.79918,-0.00441884
2.80318,-0.000574201
2.80718,0.000133557
2.81118,-0.000813053
2.81518,0.000788997
2.81918,0.00204077
2.82318,0.00284494
2.82718,0.00517806
2.83118,0.00401601
2.83518,0.00668259
2.83918,0.00884387
2.84318,0.00925893
2.84718,0.00976321
2.85118,0.0130276
2.85518,0.0129796
2.85918,0.0122504
2.86318,0.0151336
2.86718,0.014584
2.87118,0.0131233
2.87518,0.0156366
2.87918,0.0134763
2.88318,0.0128743
2.88718,0.0135166
2.89118,0.0126815
2.89518,0.0106762
2.89918,0.00961194
2.90318,0.00887195
2.90718,0.00700803
2.91118,0.0050702
2.91518,0.0052458
2.91918,0.00378861
2.92318,0.00229261
2.92718,0.00168685
2.93118,0.000780277
2.93518,-0.00166812
2.93918,-0.00166873
2.94318,-0.00149019
2.94718,-0.00342802
2.95118,-0.00490629
2.95518,-0.0047461
2.95918,-0.00556163
2.96318,-0.0057866
2.96718,-0.00724084
2.97118,-0.00560593
2.97518,-0.00630081
2.97918,-0.00740233
2.98318,-0.00564598
2.98718,-0.00557957
2.99118,-0.00554957
2.99518,-0.00492363
2.99918,-0.00364935
3.00318,-0.00308769
3.00718,-0.00359633
3.01118,-0.00191965
3.01518,-0.00206635
3.01918,-0.00123136
3.02318,-0.00188761
3.02718,-0.00148695
3.03118,-0.00111731
3.03518,-0.00156329
3.03918,-0.0011316
3.04318,-0.000865675
3.04718,-0.000993928
3.05118,-0.0019744
3.05518,-0.00115421
3.05918,-0.000893043
3.06318,-0.000793897
3.06718,-0.000863439
3.07118,-0.00192188
3.07518,-0.000615867
3.07918,-0.00138485
3.08318,-0.00263927
3.08718,1.88916e-05
3.09118,-0.00281973
3.09518,-0.00279235
3.09918,-0.000980025
3.10318,-0.00149577
3.10718,-0.00363748
3.11118,-0.00198149
3.11518,-0.00215284
3.11918,-0.00215314
3.12318,-0.00116435
3.12718,-0.000716437
3.13118,-0.00115988
3.13518,0.000205234
3.13918,0.00110957
3.14318,3.32926e-05
3.14718,0.00173003
3.15118,0.00122708
3.15518,0.00192408
3.15918,0.000570927
3.16318,0.00246131
3.16718,0.00214307
3.17118,0.000618366
3.17518,0.000858246
3.17918,0.0014631
3.18318,0.000174105
3.18718,-0.00105587
3.19118,5.74184e-05
3.19518,-0.000623469
3.19918,-0.00111011
3.20318,-0.00243822
3.20718,-0.0018493
3.21118,-0.00105748
3.21518,-0.00255187
3.21918,-0.00267627
3.22318,-0.00126988
3.22718,-0.00170634
3.23118,-0.00222796
3.23518,-0.000786894
3.23918,-0.001828
3.24318,-0.00123451
3.24718,0.000110346
3.25118,0.000568996
3.25518,0.000861894
3.25918,0.00248676
3.26318,0.00172293
3.26718,0.00289685
3.27118,0.00318751
3.27518,0.0045426
3.27918,0.00533946
3.28318,0.00503857
3.28718,0.00628517
3.29118,0.00915005
3.29518,0.0072184
3.29918,0.00688799
3.30318,0.00968636
3.30718,0.00768364
3.31118,0.00801142
3.31518,0.00907685
3.31918,0.00792139
3.32318,0.00734706
3.32718,0.00656894
3.33118,0.00625019
3.33518,0.00577115
3.33918,0.00485861
3.34318,0.00347737
3.34718,0.00445227
3.35118,0.00137367
3.35518,0.00112812
3.35918,0.00174858
3.36318,-0.000232238
3.36718,-0.00160414
3.37118,-0.000948196
3.37518,-0.00131916
3.37918,-0.00346745
3.38318,-0.00423361
3.38718,-0.0028027
3.39118,-0.00414491
3.39518,-0.00425561
3.39918,-0.00451475
3.40318,-0.00506536
3.40718,-0.00491125
3.41118,-0.0044158
3.41518,-0.00440373
3.41918,-0.00493417
3.42318,-0.0055085
3.42718,-0.00454506
3.43118,-0.00335067
3.43518,-0.00356529
3.43918,-0.00404372
3.44318,-0.00195209
3.44718,-0.00284689
3.45118,-0.002759
3.45518,-0.00121899
3.45918,-0.00120957
3.46318,-0.000878552
3.46718,-0.00216054
3.47118,-0.000657839
3.47518,-0.000193305
3.47918,-0.00164196
3.48318,-0.00154889
3.48718,-0.000344159
3.49118,-0.00193212
3.49518,-0.0011606
3.49918,-0.000831814
3.50318,-0.00162635
3.50718,-0.000252106
3.51118,-0.000663814
3.51518,-0.000838195
3.51918,-0.00161347
3.52318,0.000170864
3.52718,7.69923e-05
3.53118,-0.0013069
3.53518,-0.000719983
3.53918,0.00114171
3.54318,0.000413985
3.54718,-0.000260622
3.55118,-0.000397685
3.55518,0.00238558
3.55918,0.00171645
3.56318,0.00151186
3.56718,0.0024603
3.57118,0.00338207
3.57518,0.00284991
3.57918,0.00429756
3.58318,0.00349186
3.58718,0.00463435
3.59118,0.00508155
3.59518,0.00324307
3.59918,0.00360207
3.60318,0.00399087
3.60718,0.00338105
3.61118,0.00311158
3.61518,0.002124
3.61918,0.00228288
3.62318,0.00108149
3.62718,0.00149827
3.63118,0.000568894
3.63518,-0.00136782
3.63918,-0.000777169
3.64318,0.000108313
3.64718,-0.00103813
3.65118,-0.00264109
3.65518,-0.00130232
3.65918,-0.000641812
3.66318,-0.00318461
3.66718,-0.0019451
3.67118,-0.000501304
3.67518,-0.00170746
3.67918,-0.000990269
3.68318,-0.000224829
3.68718,-5.41069e-05
3.69118,0.000800348
3.69518,-0.00170269
3.69918,5.41767e-05
3.70318,0.00294785
3.70718,0.00142801
3.71118,0.000970268
3.71518,0.00291591
3.71918,0.00234644
3.72318,0.00290993
3.72718,0.00508156
3.73118,0.00284818
3.73518,0.00301639
3.73918,0.00499599
3.74318,0.00295869
3.74718,0.0023506
3.75118,0.00534018
3.75518,0.00228713
3.75918,0.00306018
3.76318,0.00432635
3.76718,0.00319644
3.77118,0.000544158
3.77518,0.00311665
3.77918,0.00275633
3.78318,-0.000978816
3.78718,0.000662472
3.79118,0.00212239
3.79518,-0.00157596
3.79918,-0.00180357
3.80318,0.000369472
3.80718,-0.00118736
3.81118,-0.00280675
3.81518,-0.00165271
3.81918,-0.00167714
3.82318,-0.00269746
3.82718,-0.00186389
3.83118,-0.00181908
3.83518,-0.00179627
3.83918,-0.00204151
3.84318,-0.00224945
3.84718,-0.00133669
3.85118,-0.00181614
3.85518,-0.00229629
3.85918,-0.00142754
3.86318,-0.00109358
3.86718,-0.00148015
3.87118,-0.00136224
3.87518,-0.000344565
3.87918,0.000150895
3.88318,-0.00107706
3.88718,-0.000830899
3.89118,-4.62423e-06
3.89518,-0.000276231
3.89918,-0.000124971
3.90318,0.000380632
3.90718,0.000699576
3.91118,0.000632157
3.91518,-0.000206994
3.91918,-0.000577646
3.92318,0.0011407
3.92718,-0.00121768
3.93118,-5.94572e-06
3.93518,-0.000838195
3.93918,-0.000963003
3.94318,-0.000743917
3.94718,-0.000152237
3.95118,-0.00107472
3.95518,-0.000519658
3.95918,-0.000253224
3.96318,-0.00109196
3.96718,-0.000308365
3.97118,0.000481303
3.97518,-0.000182857
3.97918,-0.000578052
3.98318,4.82921e-05
3.98718,0.0011486
3.99118,0.00137975
3.99518,-0.000906427
3.99918,0.00139212
4.00318,0.00184835
4.00718,0.000818092
4.01118,0.00230193
4.01518,0.0025706
4.01918,0.0017418
4.02318,0.00237026
4.02718,0.00200063
4.03118,0.0027241
4.03518,0.00312476
4.03918,0.00114141
4.04318,0.00262981
4.04718,0.00407563
4.05118,0.00142386
4.05518,0.00222762
4.05918,0.00230164
4.06318,0.00130504
4.06718,0.00095476
4.07118,-0.000834954
4.07518,0.00148398
4.07918,0.000493975
4.08318,-0.00248841
4.08718,0.000526618
4.09118,0.00110268
4.09518,-0.00461521
4.09918,5.06302e-05
4.10318,0.000527736
4.10718,-0.00420665
4.11118,5.71056e-06
4.11518,-0.000884323
4.11918,-0.00252988
4.12318,-0.000430643
4.12718,0.000301545
4.13118,-0.00172347
4.13518,0.000203619
4.13918,0.000991152
4.14318,0.000316951
4.14718,0.00143967
4.15118,0.00139344
4.15518,0.00182411
4.15918,0.00167326
4.16318,0.00100666
4.16718,0.00309891
4.17118,0.00324034
4.17518,0.00191029
4.17918,0.00345334
4.18318,0.00212614
4.18718,0.00119483
4.19118,0.00283906
4.19518,0.00217784
4.19918,0.00144312
4.20318,0.00169192
4.20718,0.00268009
4.21118,0.00149381
4.21518,0.000392186
4.21918,0.00100129
4.22318,0.000528843
4.22718,0.000564738
4.23118,0.000475215
4.23518,-0.000420195
4.23918,0.000367044
4.24318,-5.03084e-06
4.24718,-0.000284138
4.25118,-0.000234056
4.25518,-0.000318305
4.25918,-0.000666965
4.26318,-0.00120987
4.26718,-0.000650441
4.27118,-0.000176069
4.27518,-0.0019603
4.27918,-0.00011179
4.28318,0.000660236
4.28718,-0.00104452
4.29118,-0.000691904
4.29518,-0.000288193
4.29918,-0.00150581
4.30318,-0.000755969
4.30718,-0.00019989
4.31118,-0.000633103
4.31518,0.000173202
4.31918,0.000500357
4.32318,0.000180193
4.32718,-0.00116749
4.33118,0.000573762
4.33518,0.000345753
4.33918,0.00013812
4.34318,7.58741e-05
4.34718,0.00116421
4.35118,-0.000582005
4.35518,-0.000299149
4.35918,1.90949e-05
4.36318,0.00010314
4.36718,-0.00145127
4.37118,-0.000895991
4.37518,0.00157391
4.37918,-0.000611304
4.38318,-0.00190749
4.38718,0.000619585
4.39118,0.00109618
4.39518,-0.000110672
4.39918,-0.000481944
4.40318,-0.000174544
4.40718,0.00158972
4.41118,0.000153425
4.41518,-0.000132776
4.41918,0.00155474
4.42318,0.00180486
4.42718,-0.000889496
4.43118,0.00211265
4.43518,0.00178295
4.43918,-0.000410663
4.44318,0.00197498
4.44718,0.00342516
4.45118,0.00155535
4.45518,0.00210515
4.45918,0.00191608
4.46318,0.00263468
4.46718,0.00130595
4.47118,0.00162145
4.47518,0.00250196
4.47918,0.00126975
4.48318,0.000643711
4.48718,0.00141504
4.49118,0.00125343
4.49518,0.00128242
4.49918,0.000522461
4.50318,0.00132359
4.50718,-0.000168061
4.51118,-0.000694739
4.51518,0.000460723
4.51918,-0.000321953
4.52318,-0.00132737
4.52718,0.000542329
4.53118,-0.000933704
4.53518,-0.0016156
4.53918,-0.000446253
4.54318,-0.000368386
4.54718,0.00038803
4.55118,-0.000744312
4.55518,-0.0010214
4.55918,-1.89235e-05
4.56318,0.0011411
4.56718,0.000365011
4.57118,-0.000364331
4.57518,0.000287957
4.57918,0.000761528
4.58318,3.64325e-05
4.58718,0.000797208
4.59118,0.00215747
4.59518,0.00151399
4.59918,0.000978377
4.60318,0.00223178
4.60718,0.00145377
4.61118,0.00140946
4.61518,0.00241396
4.61918,0.000703122
4.62318,2.77129e-05
4.62718,0.0010454
4.63118,0.00185322
4.63518,-0.000450511
4.63918,0.000122511
4.64318,0.00197569
4.64718,-0.000382075
4.65118,-9.10072e-05
4.65518,0.00130868
4.65918,-0.000802921
4.66318,0.000333589
4.66718,0.000546892
4.67118,-0.000111281
4.67518,-0.000467543
4.67918,0.00106283
4.68318,-0.00038857
4.68718,-0.000160561
4.69118,-0.000354505
4.69518,-0.000197156
4.69918,-0.000169981
4.70318,-0.00133477
4.70718,0.000814952
4.71118,-0.000573184
4.71518,-0.000901254
4.71918,0.00108697
4.72318,0.000556628
4.72718,-0.00146423
4.73118,0.00058674
4.73518,0.000391373
4.73918,0.000861081
4.74318,-0.000384504
4.74718,-0.000879771
4.75118,0.0013463
4.75518,0.000205336
4.75918,0.000453822
4.76318,0.00183061
4.76718,0.000908733
4.77118,-0.000622046
4.77518,0.000609849
4.77918,0.00116331
4.78318,-0.000269037
4.78718,0.000241118
4.79118,6.92779e-05
4.79518,0.000911162
4.79918,-0.000815492
4.80318,0.000563326
4.80718,0.000305193
4.81118,0.00106568
4.81518,-0.000874497
4.81918,-0.000604211
4.82318,0.00121551
4.82718,-0.000437838
4.83118,-0.000350856
4.83518,0.000707279
4.83918,0.00132622
4.84318,0.000371709
4.84718,-0.000474738
4.85118,0.00106638
4.85518,0.00106162
4.85918,7.23536e-06
4.86318,0.000552573
4.86718,0.00144089
4.87118,0.000723803
4.87518,0.00107043
4.87918,-0.000168467
4.88318,0.000205539
4.88718,0.00205943
4.89118,0.000107093
4.89518,0.000791324
4.89918,0.00141909
4.90318,0.0014199
4.90718,0.00181926
4.91118,0.000926466
4.91518,0.000477451
4.91918,0.000575886
4.92318,0.00229099
4.92718,0.000565144
4.93118,0.000419452
4.93518,0.00204462
4.93918,0.000721883
4.94318,-2.77448e-05
4.94718,-3.84862e-05
4.95118,0.00108878
4.95518,0.000428883
4.95918,-0.000156811
4.96318,-0.000219565
4.96718,0.000495591
4.97118,-4.37609e-05
4.97518,-0.000298437
4.97918,0.000333577
4.98318,-0.000627117
4.98718,-0.000256669
4.99118,-0.000300662
4.99518,0.000738611
4.99918,-0.000318305
5.00318,-0.00102363
5.00718,0.00128142
5.01118,0.00128668
5.01518,-0.00114468
5.01918,0.00149665
5.02318,0.000800755
5.02718,0.000186067
5.03118,0.000161738
5.03518,0.000756253
5.03918,0.00146725
5.04318,0.000871924
5.04718,0.00194476
5.05118,0.00133606
5.05518,0.00170763
5.05918,0.000534321
5.06318,0.00164396
5.06718,0.00122869
5.07118,0.000959933
5.07518,0.00110744
5.07918,0.00131822
5.08318,0.000193273
5.08718,0.000690958
5.09118,0.000585215
5.09518,-0.000305225
5.09918,-0.000158934
5.10318,0.000304493
5.10718,-0.000648509
5.11118,0.000378497
5.11518,0.000626882
5.11918,-6.55565e-06
5.12318,-0.00022929
5.12718,0.000369676
5.13118,-0.000446049
5.13518,0.000165589
5.13918,2.61881e-05
5.14318,-0.00101907
5.14718,0.000425032
5.15118,-0.00088595
5.15518,-0.000984497
5.15918,0.00161678
5.16318,-0.000226353
5.16718,-0.00128712
5.17118,0.00141748
5.17518,-0.000286273
5.17918,-0.000300967
5.18318,0.00101833
5.18718,0.00177981
5.19118,-0.000361293
5.19518,-0.000672545
5.19918,0.0013975
5.20318,0.00134833
5.20718,-0.00104532
5.21118,0.0010311
5.21518,0.00211377
5.21918,-0.000227878
5.22318,0.000356088
5.22718,0.00145417
5.23118,0.000701914
5.23518,-9.64852e-05
5.23918,-0.000285053
5.24318,0.000464677
5.24718,0.000317765
5.25118,-0.00153623
5.25518,0.000970674
5.25918,0.000742157
5.26318,-0.000859701
5.26718,-0.00116881
5.27118,0.00112488
5.27518,0.00136577
5.27918,-0.00101967
5.28318,-0.00129928
5.28718,0.00115509
5.29118,0.000439433
5.29518,-0.00157749
5.29918,0.000393304
5.30318,0.000446424
5.30718,0.000133862
5.31118,-0.000548245
5.31518,0.000791132
5.31918,0.0012507
5.32318,-8.43207e-05
5.32718,0.00108341
5.33118,0.00128385
5.33518,0.000246291
5.33918,0.00178559
5.34318,0.000103343
5.34718,0.000620907
5.35118,0.00154136
5.35518,0.00107429
5.35918,0.000827117
5.36318,0.00145519
5.36718,4.36274e-05
5.37118,0.000315133
5.37518,0.000792035
5.37918,-0.000505969
5.38318,0.00113177
5.38718,0.000528233
5.39118,-0.00159451
5.39518,-0.000820553
5.39918,0.0011189
5.40318,-0.00113372
5.40718,-0.0020767
5.41118,0.000607827
5.41518,0.000708092
5.41918,-0.00123825
5.42318,0.0001881
5.42718,0.000255519
5.43118,0.000294147
5.43518,0.000315336
5.43918,-0.00171131
5.44318,0.00136384
5.44718,0.00013568
5.45118,0.000261098
5.45518,0.000846183
5.45918,-0.000767738
5.46318,0.000658417
5.46718,0.00205923
5.47118,-0.000634718
5.47518,-4.59972e-05
5.47918,0.00144697
5.48318,0.000246901
5.48718,0.000272856
5.49118,0.00107399
5.49518,0.00136161
5.49918,8.51924e-05
5.50318,0.0012726
5.50718,-0.000255551
5.51118,0.00114962
5.51518,0.00171311
5.51918,-0.000497452
5.52318,6.94813e-05
5.52718,0.00182857
5.53118,-0.000481233
5.53518,-0.000826539
5.53918,0.000454432
5.54318,-0.000745431
5.54718,-0.000450308
5.55118,-0.000230713
5.55518,-0.000572168
5.55918,-1.68001e-05
5.56318,0.000333284
5.56718,-0.00051418
5.57118,-0.000803418
5.57518,0.000125651
5.57918,0.000759698
5.58318,-0.00107513
5.58718,0.000268293
5.59118,0.0008773
5.59518,-0.000472005
5.59918,-0.000824404
5.60318,0.000467817
5.60718,0.000587757
5.61118,-3.10881e-05
5.61518,-0.000284748
5.61918,0.000415905
5.62318,0.000252277
5.62718,0.000412766
5.63118,0.000246291
5.63518,0.00046994
5.63918,0.000640978
5.64318,0.00221941
5.64718,0.000249035
5.65118,-0.000181637
5.65518,0.00359426
5.65918,0.000257247
5.66318,-0.00118534
5.66718,0.00209136
5.67118,0.000144908
5.67518,-0.00112369
5.67918,0.00122474
5.68318,0.000560784
5.68718,-0.000596711
5.69118,0.000750572
5.69518,0.00128476
5.69918,0.000363599
5.70318,0.000345652
5.70718,-0.000567706
5.71118,0.000606811
5.71518,-0.000114026
5.71918,-4.05192e-05
5.72318,0.000959628
5.72718,0.000675551
5.73118,-0.000467035
5.73518,0.0010388
5.73918,0.000176545
5.74318,-0.00147691
5.74718,0.00110521
5.75118,0.000871619
5.75518,-0.000991184
5.75918,-3.67694e-05
5.76318,0.00106324
5.76718,0.000949079
5.77118,0.000262917
5.77518,0.000306108
5.77918,0.000568894
5.78318,0.000516678
5.78718,0.000518508
5.79118,-0.000146973
5.79518,-0.000165519
5.79918,-0.000303712
5.80318,0.000150488
5.80718,-0.000289108
5.81118,0.000820735
5.81518,-0.00030675
5.81918,0.00168481
5.82318,0.000561801
5.82718,0.000275081
5.83118,-0.000446863
5.83518,-0.000320439
5.83918,0.000836446
5.84318,-0.000266507
5.84718,-0.000447981
5.85118,0.00079548
5.85518,0.000606201
5.85918,0.000219025
5.86318,-0.000126891
5.86718,-0.000903186
5.87118,0.00104083
5.87518,8.00306e-05
5.87918,-0.000382482
5.88318,0.000712045
5.88718,0.000423609
5.89118,0.000144502
5.89518,-0.00136924
5.89918,0.000556221
5.90318,-4.93405e-05
5.90718,-0.00160465
5.91118,0.000643011
5.91518,0.00167701
5.91918,-0.00149698
5.92318,-0.000765208
5.92718,0.00152787
5.93118,-0.00113201
5.93518,0.000101818
5.93918,0.000242846
5.94318,-0.00134602
5.94718,0.000410845
5.95118,0.000270733
5.95518,-0.000290429
5.95918,6.02534e-05
5.96318,0.00101183
5.96718,-4.61893e-05
5.97118,-0.000372949
5.97518,0.00110987
5.97918,-0.000373051
5.98318,-0.00033798
5.98718,0.00154602
5.99118,0.000214665
5.99518,-0.000882606
5.99918,0.000786365
6.00318,0.00155322
6.00718,0.000177053
6.01118,-0.000350653
6.01518,0.00137834
6.01918,0.00133951
6.02318,-0.000123649
6.02718,-0.000132776
6.03118,0.00160533
6.03518,0.000963175
6.03918,0.000152114
6.04318,0.000170762
6.04718,0.000769536
6.05118,0.000389848
6.05518,-7.18399e-05
6.05918,0.000472075
6.06318,0.000814647
6.06718,0.000760206
6.07118,-0.000684303
6.07518,0.000861792
6.07918,0.0013029
6.08318,-0.000626405
6.08718,8.42478e-07
6.09118,0.000316963
6.09518,-0.000364636
6.09918,-0.000942526
6.10318,-6.12001e-05
6.10718,-0.000390998
6.11118,-0.000132572
6.11518,-0.000254229
6.11918,0.000329534
6.12318,9.51319e-05
6.12718,0.00127837
6.13118,-0.000657839
6.13518,-0.000252716
6.13918,0.00110896
6.14318,0.000156768
6.14718,-0.000349433
6.15118,-0.00031233
6.15518,0.00126408
6.15918,-0.00104056
6.16318,3.68392e-05
6.16718,0.000417735
6.17118,-0.00018742
6.17518,0.000104755
6.17918,0.000613904
6.18318,-0.000123853
6.18718,-0.000113619
6.19118,-0.000694028
6.19518,0.000489514
6.19918,-0.000500491
6.20318,-0.00100558
6.20718,3.58226e-05
6.21118,-0.000224027
6.21518,-0.000614444
6.21918,0.000185366
6.22318,-0.000500897
6.22718,0.00037678
6.23118,0.000397766
6.23518,-0.00100092
6.23918,-3.09864e-05
6.24318,0.00140611
6.24718,0.000460215
6.25118,0.000202297
6.25518,-0.000131059
6.25918,0.00138564
6.26318,0.00114222
6.26718,-0.000378427
6.27118,0.00026992
6.27518,0.00112934
6.27918,0.000375662
6.28318,-0.000402045
6.28718,0.00190532
6.29118,0.000849323
6.29518,-7.92493e-05
6.29918,0.00101984
6.30318,0.00016813
6.30718,0.000685694
6.31118,0.000563518
6.31518,-0.000243996
6.31918,-0.000407116
6.32318,0.00113603
6.32718,-6.55599e-05
6.33118,-0.00084033
6.33518,0.000942697
6.33918,0.000592218
6.34318,-0.000613428
6.34718,-7.82327e-05
6.35118,0.00118986
6.35518,4.51522e-05
6.35918,0.000482918
6.36318,-6.57632e-05
6.36718,0.00105655
6.37118,0.00162956
6.37518,-0.000509109
6.37918,0.000530774
6.38318,0.00161933
6.38718,0.000508568
6.39118,-0.000223823
6.39518,-0.000135916
6.39918,0.00115388
6.40318,-0.000485389
6.40718,-0.00141669
6.41118,0.0016986
6.41518,-0.00132747
6.41918,-0.000962393
6.42318,0.00122444
6.42718,-0.000233955
6.43118,-3.58545e-05
6.43518,0.00158567
6.43918,-0.000215917
6.44318,5.05172e-05
6.44718,0.00133464
6.45118,-0.000208812
6.45518,0.00155454
6.45918,-0.00019117
6.46318,-0.00113221
6.46718,0.00282163
6.47118,-0.000253427
6.47518,-0.00044047
6.47918,0.00231896
6.48318,0.000591811
6.48718,0.000818702
6.49118,1.91966e-05
6.49518,0.000352338
6.49918,0.00126783
6.50318,-0.000401344
6.50718,-0.000841651
6.51118,0.00167965
6.51518,-0.000154575
6.51918,-0.000507889
6.52318,0.00184856
6.52718,0.000164279
6.53118,8.41871e-05
6.53518,0.000550642
6.53918,0.00199485
6.54318,0.000164787
6.54718,-1.38521e-05
6.55118,0.00130797
6.55518,-0.000258081
6.55918,-0.000587675
6.56318,0.000528956
6.56718,0.000760816
6.57118,0.000284817
6.57518,0.00059363
6.57918,0.000989842
6.58318,0.000727858
6.58718,0.000492857
6.59118,0.00179797
6.59518,0.000904069
6.59918,-0.000165926
6.60318,0.000492959
6.60718,0.00192986
6.61118,0.000338762
6.61518,-0.000234971
6.61918,-0.000220469
6.62318,0.00037495
6.62718,0.000431221
6.63118,-0.000118589
6.63518,0.000167724
6.63918,0.00125962
6.64318,-4.91372e-05
6.64718,0.000152114
6.65118,0.00103911
6.65518,0.00129845
6.65918,-0.000473722
6.66318,0.000208069
6.66718,0.0015883
6.67118,0.00104478
6.67518,0.000187591
6.67918,0.000270518
6.68318,0.00177252
6.68718,-4.09259e-05
6.69118,0.000287054
6.69518,0.00256451
6.69918,0.000583397
6.70318,-0.000442096
6.70718,0.00118693
6.71118,0.00130707
6.71518,-0.000358255
6.71918,-0.000173742
6.72318,0.000737289
6.72718,-0.000171811
6.73118,-0.000655309
6.73518,0.000899201
6.73918,-6.93098e-05
6.74318,-9.54687e-05
6.74718,0.000359533
6.75118,8.21541e-05
6.75518,-0.000527259
6.75918,0.000201179
6.76318,0.000568488
6.76718,-0.000154676
6.77118,-0.000868104
6.77518,0.000488599
6.77918,0.000634992
6.78318,-0.000254026
6.78718,-0.00119344
6.79118,0.000398466
6.79518,0.000482014
6.79918,-2.99812e-05
6.80318,-3.62611e-05
6.80718,0.000615429
6.81118,0.000588863
6.81518,-0.000547737
6.81918,0.000722696
6.82318,0.000605286
6.82718,-0.000651152
6.83118,-2.69315e-05
6.83518,9.78765e-05
6.83918,-0.000101455
6.84318,-0.000641315
6.84718,0.00130371
6.85118,-0.000154676
6.85518,-0.000450917
6.85918,0.00112042
6.86318,0.000791132
6.86718,-0.000844385
6.87118,0.00148185
6.87518,0.00145874
6.87918,2.132e-05
6.88318,0.00227953
6.88718,-0.000621131
6.89118,-0.000424149
6.89518,0.00165359
6.89918,0.000162246
6.90318,0.000137103
6.90718,0.00113004
6.91118,0.00105614
6.91518,0.000467613
6.91918,0.000660337
6.92318,-0.000415836
6.92718,0.00250338
6.93118,0.00106699
6.93518,-0.00134035
6.93918,0.000738712
6.94318,0.00169151
6.94718,-0.000905219
6.95118,0.0002537
6.95518,0.000104868
6.95918,0.000525398
6.96318,0.00113248
6.96718,-0.000725868
6.97118,-0.00060603
6.97518,0.00127533
6.97918,4.49071e-06
6.98318,-0.000788927
6.98718,0.000750673
6.99118,0.000794373
6.99518,-0.000310703
6.99918,-0.000250276
7.00318,-0.000213782
7.00718,0.00127806
7.01118,-0.00023051
7.01518,-0.000621842
7.01918,0.00179897
7.02318,0.000369371
7.02718,-0.000801295
7.03118,0.000576292
7.03518,0.000550438
7.03918,-0.000630562
7.04318,0.000328721
7.04718,0.00135502
7.05118,-0.000724445
7.05518,0.000522563
7.05918,0.000304188
7.06318,-0.000556355
7.06718,-0.000142817
7.07118,-0.000578561
7.07518,0.00127686
7.07918,0.0002537
7.08318,-0.00115593
7.08718,0.000921
7.09118,0.000380824
7.09518,-0.000137847
7.09918,-0.000441486
7.10318,0.0002687
7.10718,0.000939038
7.11118,-0.000274605
7.11518,0.00042615
7.11918,-8.36091e-05
7.12318,4.52538e-05
7.12718,-0.000999294
7.13118,0.00017563
7.13518,0.000886528
7.13918,-0.00117925
7.14318,-0.000945056
7.14718,0.00105827
7.15118,-0.000568113
7.15518,-0.000897211
7.15918,0.000291312
7.16318,0.000722899
7.16718,0.000691974
7.17118,-0.000121221
7.17518,-0.000241455
7.17918,0.000677268
7.18318,0.0003937
7.18718,-0.00084844
7.19118,-0.000360785
7.19518,0.000796598
7.19918,-0.000986022
7.20318,-0.000734791
7.20718,0.00152929
7.21118,-0.000487513
7.21518,-0.000893145
7.21918,-0.000233345
7.22318,0.00042746
7.22718,-0.00208905
7.23118,0.000510805
7.23518,0.000807961
7.23918,-0.00147397
7.24318,-0.00046673
7.24718,2.50699e-05
7.25118,0.00030865
7.25518,-0.000394647
7.25918,-0.000648001
7.26318,0.000645948
7.26718,-0.000373254
7.27118,-0.000745227
7.27518,0.0010459
7.27918,-0.000431852
7.28318,-0.00137107
7.28718,0.000136697
7.29118,-0.000227675
7.29518,-0.000703866
7.29918,-0.000800685
7.30318,-0.000415135
7.30718,-0.000787707
7.31118,9.79782e-05
7.31518,-0.000523916
7.31918,0.000284309
7.32318,-0.000383803
7.32718,-0.000500592
7.33118,0.000375357
7.33518,-0.000341527
7.33918,-0.000245317
7.34318,0.000747432
7.34718,-4.11596e-06
7.35118,0.000527634
7.35518,0.000369167
7.35918,0.000993185
7.36318,0.000607421
7.36718,-4.34559e-05
7.37118,0.000555001
7.37518,0.000122307
7.37918,7.27229e-05
7.38318,0.000608437
7.38718,-0.000597107
7.39118,-0.000148182
7.39518,-0.000200194
7.39918,0.000744292
7.40318,0.00147465
7.40718,2.95427e-05
7.41118,0.000881863
7.41518,0.000493061
7.41918,0.000760715
7.42318,0.00156752
7.42718,-0.00111771
7.43118,0.0015731
7.43518,0.00190989
7.43918,-0.000551792
7.44318,0.000951518
7.44718,0.00167032
7.45118,0.0011343
7.45518,0.000335102
7.45918,0.00178468
7.46318,-9.61802e-05
7.46718,0.00120416
7.47118,0.000476028
7.47518,0.000644524
7.47918,0.000893011
7.48318,0.000373527
7.48718,0.00118155
7.49118,0.00166201
7.49518,0.000612187
7.49918,0.000182418
7.50318,0.000610561
7.50718,0.000200976
7.51118,8.20524e-05
7.51518,-0.000863337
7.51918,0.000283801
7.52318,0.000174207
7.52718,0.000478264
7.53118,0.000384178
7.53518,0.000341902
7.53918,-0.000461456
7.54318,0.000348995
7.54718,-2.70332e-05
7.55118,0.000204116
7.55518,0.000527024
7.55918,-0.000514383
7.56318,-0.000462574
7.56718,0.00109608
7.57118,-7.31614e-05
7.57518,-0.00015366
7.57918,0.00144191
7.58318,0.000213547
7.58718,0.000483223
7.59118,-0.000192085
7.59518,0.000102835
7.59918,0.00107318
7.60318,-0.000243996
7.60718,2.03148e-05
7.61118,0.000859657
7.61518,0.000161026
7.61918,0.00143531
7.62318,0.000805318
7.62718,0.00110105
7.63118,0.00128648
7.63518,-0.000217024
7.63918,-0.000355216
7.64318,0.00118014
7.64718,0.000708092
7.65118,-0.000434495
7.65518,0.000667645
7.65918,0.000662675
7.66318,6.18798e-05
7.66718,-0.000555542
7.67118,0.00104854
7.67518,0.000991355
7.67918,-0.000500287
7.68318,0.00107611
7.68718,0.00124776
7.69118,-0.000888886
7.69518,-5.93703e-05
7.69918,0.0027981
7.70318,0.000182622
7.70718,-0.000913927
7.71118,0.00173966
7.71518,0.00118764
7.71918,-0.00179495
7.72318,0.00162379
7.72718,0.00177049
7.73118,-0.000257787
7.73518,0.00025309
7.73918,0.00102137
7.74318,0.000921101
7.74718,0.00054487
7.75118,-1.38261e-06
7.75518,0.00139466
7.75918,0.000128282
7.76318,0.000843235
7.76718,2.61881e-05
7.77118,0.000494789
7.77518,0.00103131
7.77918,-0.000451731
7.78318,-0.000105916
7.78718,1.4524e-06
7.79118,-6.63731e-05
7.79518,0.000764159
7.79918,-0.000687341
7.80318,-0.000477686
7.80718,0.00168381
7.81118,-0.00018803
7.81518,-0.000731143
7.81918,0.000314625
7.82318,-0.000119594
7.82718,0.000345855
7.83118,-5.42086e-05
7.83518,-0.000422838
7.83918,5.88415e-05
7.84318,-3.69727e-05
7.84718,-0.000673753
7.85118,0.000891294
7.85518,0.000499137
7.85918,-0.00030675
7.86318,0.000693499
7.86718,0.00112792
7.87118,-7.59964e-05
7.87518,0.00150253
7.87918,0.000807453
7.88318,-0.001065
7.88718,0.001926
7.89118,0.00152858
7.89518,-0.00180063
7.89918,-0.000145042
7.90318,0.00221252
7.90718,-0.000405603
7.91118,-0.0011024
7.91518,0.0022482
7.91918,-4.03159e-05
7.92318,-0.000687138
7.92718,5.22453e-05
7.93118,0.000982026
7.93518,0.000310468
7.93918,-0.000410968
7.94318,-4.74091e-05
7.94718,0.0015437
7.95118,0.000584108
7.95518,0.00132551
7.95918,0.000402826
7.96318,0.000452309
7.96718,0.00114628
7.97118,-0.0003474
7.97518,0.000975441
7.97918,0.000450377
7.98318,0.000194888
7.98718,0.00109264
7.99118,0.000166199
7.99518,-2.78464e-05
7.99918,0.00197609
8.00318,0.000652736
8.00718,1.5955e-05
8.01118,0.00208549
8.01518,0.000170965
8.01918,0.000212022
8.02318,0.00215615
8.02718,-0.00134745
8.03118,0.0008848
8.03518,0.00189833
8.03918,-0.00110108
8.04318,0.000511211
8.04718,0.0021384
8.05118,-0.000183264
8.05518,-0.000612524
8.05918,0.0012441
8.06318,0.000602451
8.06718,-9.21254e-05
8.07118,0.000669768
8.07518,-0.000189351
8.07918,0.000113893
8.08318,-7.52961e-05
8.08718,0.000273263
8.09118,-0.000325601
8.09518,1.71635e-05
8.09918,0.00121064
8.10318,-0.000625999
8.10718,0.000190731
8.11118,0.000454331
8.11518,0.000541832
8.11918,-0.000423335
8.12318,-0.000656721
8.12718,0.000114198
8.13118,0.000387522
8.13518,-0.00195128
8.13918,-0.000548143
8.14318,0.000624047
8.14718,-0.000893958
8.15118,-0.000856956
8.15518,-0.000256364
8.15918,-0.000139372
8.16318,-0.000591742
8.16718,-0.000121221
8.17118,0.000261912
8.17518,6.94813e-05
8.17918,0.000137815
8.18318,-0.000225947
8.18718,-0.00117155
8.19118,-0.00037924
8.19518,3.23777e-05
8.19918,-0.00055108
8.20318,-0.00040043
8.20718,0.000734962
8.21118,-0.000292552
8.21518,0.000269807
8.21918,0.000769942
8.22318,-0.000758713
8.22718,0.000172185
8.23118,0.000871427
8.23518,-0.00194956
8.23918,-0.000457604
8.24318,0.00105614
8.24718,-0.00183834
8.25118,-0.0011391
8.25518,0.000529249
8.25918,-0.000310907
8.26318,0.000701507
8.26718,-0.000716945
8.27118,-0.000426487
8.27518,0.001544
8.27918,-0.00136509
8.28318,-0.00048042
8.28718,0.00127097
8.29118,-0.00122345
8.29518,-0.000652259
8.29918,-0.000421924
8.30318,0.000234838
8.30718,-0.000523814
8.31118,-0.0010216
8.31518,-7.81311e-05
8.31918,0.000309655
8.32318,-0.00183855
8.32718,-0.00128985
8.33118,0.00102695
8.33518,-0.00145998
8.33918,-0.00196487
8.34318,0.000997342
8.34718,-0.000568316
8.35118,0.000148161
8.35518,0.000430916
8.35918,-0.00148847
8.36318,0.000555916
8.36718,-0.00109511
8.37118,0.000980716
8.37518,0.000783824
8.37918,-0.000676396
8.38318,0.000336627
8.38718,0.000605693
8.39118,5.20229e-06
8.39518,-0.000557473
8.39918,0.000729993
8.40318,0.000737594
8.40718,-0.000330164
8.41118,-0.000281811
8.41518,0.00152716
8.41918,0.00034241
8.42318,-0.00146231
8.42718,0.000396953
8.43118,0.000736577
8.43518,-0.000675177
8.43918,0.000307938
8.44318,-8.86692e-05
8.44718,0.00010122
8.45118,0.000588152
8.45518,-0.00087845
8.45918,-0.000394545
8.46318,0.000669057
8.46718,-0.00119091
8.47118,-0.0006035
8.47518,0.000659027
8.47918,0.000163059
8.48318,-0.000106617
8.48718,-0.000158833
8.49118,3.23777e-05
8.49518,0.00104184
8.49918,-0.000761153
8.50318,0.00158374
8.50718,0.000304493
8.51118,-0.00115786
8.51518,0.000440946
8.51918,0.00125323
8.52318,-0.00108892
8.52718,0.00109872
8.53118,0.000939647
8.53518,-0.00135678
8.53918,0.000165996
8.54318,0.00103647
8.54718,-0.00104188
8.55118,0.000199858
8.55518,0.000863215
8.55918,0.000287562
8.56318,0.000467003
8.56718,-0.000291344
8.57118,0.00112629
8.57518,0.000943002
8.57918,-0.00068349
8.58318,0.000505733
8.58718,0.00138178
8.59118,-7.10379e-05
8.59518,-0.000633815
8.59918,0.000186586
8.60318,-0.000184382
8.60718,0.000650206
8.61118,0.000555611
8.61518,-0.000430135
8.61918,0.000955573
8.62318,-0.000737626
8.62718,0.0010089
8.63118,0.000602959
8.63518,2.08118e-05
8.63918,0.000455449
8.64318,0.00086422
8.64718,0.000973814
8.65118,-0.00054358
8.65518,0.000192053
8.65918,0.000585317
8.66318,-0.000716742
8.66718,-0.000672037
8.67118,0.000112774
8.67518,0.000399889
8.67918,0.000223893
8.68318,-0.000706802
8.68718,0.00105219
8.69118,0.000866254
8.69518,0.000167927
8.69918,0.000535845
8.70318,0.000312298
8.70718,8.34226e-06
8.71118,0.000947859
8.71518,0.000444391
8.71918,0.00129063
8.72318,0.000441048
8.72718,0.00143582
8.73118,0.000410936
8.73518,0.000523884
8.73918,-0.000521273
8.74318,0.000988114
8.74718,0.000611069
8.75118,-0.000448986
8.75518,0.000683356
8.75918,0.000177053
8.76318,-0.000901661
8.76718,0.0014044
8.77118,-0.000277451
8.77518,2.50812e-05
8.77918,0.00105421
8.78318,-0.000799985
8.78718,-0.0002668
8.79118,0.00114333
8.79518,-0.00140757
8.79918,0.000767401
8.80318,-0.000125581
8.80718,-0.000212562
8.81118,0.000308548
8.81518,-0.000393528
8.81918,0.000245286
8.82318,0.00118713
8.82718,-4.19424e-05
8.83118,0.000231901
8.83518,8.31706e-05
8.83918,0.000927178
8.84318,0.000582482
8.84718,-0.000362614
8.85118,-0.000135712
8.85518,0.00108128
8.85918,-0.000488834
8.86318,-0.0010072
8.86718,0.000333487
8.87118,0.000108211
8.87518,-0.000531822
8.87918,-0.000358255
8.88318,-0.000298742
8.88718,-5.86588e-05
8.89118,3.72458e-05
8.89518,-0.000610288
8.89918,0.000802686
8.90318,0.000286952
8.90718,0.000123821
8.91118,0.000269411
8.91518,0.000995105
8.91918,0.000206962
8.92318,-0.000986824
8.92718,0.00179766
8.93118,0.00114242
8.93518,-0.00138628
8.93918,0.0011781
8.94318,0.0016104
8.94718,0.000325072
8.95118,0.000667238
8.95518,0.000668662
8.95918,-6.16067e-05
8.96318,0.00140794
8.96718,-0.00047484
8.97118,0.00100768
8.97518,0.00137509
8.97918,0.00078859
8.98318,0.000223182
8.98718,0.000896162
8.99118,0.000255722
8.99518,-0.00042983
8.99918,0.00180739
9.00318,0.000244574
9.00718,-0.00145309
9.01118,0.00125465
9.01518,7.4146e-05
9.01918,-0.0011239
9.02318,0.00124644
9.02718,0.000276809
9.03118,-0.00114914
9.03518,-0.000422127
9.03918,-0.000165022
9.04318,0.00111606
9.04718,0.000373832
9.05118,-0.00127648
9.05518,0.000328517
9.05918,0.00196646
9.06318,-0.00145634
9.06718,0.00034555
9.07118,0.00180192
9.07518,-0.000754252
9.07918,-2.23684e-05
9.08318,0.000386708
9.08718,0.000996223
9.09118,-0.00049979
9.09518,0.000360956
9.09918,0.0012441
9.10318,0.000120782
9.10718,-0.000273701
9.11118,0.00102978
9.11518,0.000751283
9.11918,-0.000774232
9.12318,0.00050867
9.12718,0.000152419
9.13118,-0.000458214
9.13518,0.000311891
9.13918,-0.000785685
9.14318,-0.00178724
9.14718,0.00173601
9.15118,0.00128152
9.15518,-0.00141324
9.15918,0.00139882
9.16318,0.00068173
9.16718,-0.000176272
9.17118,0.000682645
9.17518,0.000614819
9.17918,0.000222063
9.18318,7.98273e-05
9.18718,-0.00016055
9.19118,0.000156971
9.19518,0.000411037
9.19918,0.00049934
9.20318,2.46894e-06
9.20718,0.000519728
9.21118,-0.00035237
9.21518,0.000215072
9.21918,0.000990745
9.22318,-0.0010139
9.22718,-0.000191983
9.23118,0.000641486
9.23518,-0.000239534
9.23918,0.000225
9.24318,0.0013388
9.24718,0.000502898
9.25118,0.00021689
9.25518,-4.67724e-07
9.25918,0.00103556
9.26318,0.000919577
9.26718,2.04164e-05
9.27118,0.000361464
9.27518,0.000919068
9.27918,0.000536557
9.28318,1.54467e-05
9.28718,-0.000980951
9.29118,0.00187552
9.29518,0.00119595
9.29918,-0.00132585
9.30318,0.00207078
9.30718,0.00216791
9.31118,-0.00101339
9.31518,0.00104083
9.31918,0.00249538
9.32318,-0.000134199
9.32718,0.00107571
9.33118,0.00105087
9.33518,0.000408609
9.33918,0.000327094
9.34318,0.000929211
9.34718,0.000477654
9.35118,0.000424727
9.35518,0.000222775
9.35918,0.000586232
9.36318,0.000354981
9.36718,0.000242033
9.37118,0.00127594
9.37518,0.00162986
9.37918,0.000219533
9.38318,9.67583e-05
9.38718,0.000836345
9.39118,0.0020285
9.39518,-0.00071106
9.39918,-0.000596598
9.40318,0.00111859
9.40718,0.000880045
9.41118,-0.000747667
9.41518,9.52335e-05
9.41918,0.00106709
9.42318,0.000165691
9.42718,-0.000507087
9.43118,0.00029121
9.43518,-0.000366974
9.43918,0.000404452
9.44318,0.00104266
9.44718,-0.00168059
9.45118,0.000564534
9.45518,-0.000678622
9.45918,-7.00214e-05
9.46318,0.000424117
9.46718,-0.000258081
9.47118,-0.000486508
9.47518,0.00137286
9.47918,0.000825287
9.48318,-0.000345175
9.48718,0.00194649
9.49118,0.000243456
9.49518,-1.01022e-05
9.49918,0.00116827
9.50318,0.00126681
9.50718,0.000361261
9.51118,0.00127888
9.51518,0.00232738
9.51918,0.0001806
9.52318,0.00010122
9.52718,0.00103251
9.53118,0.000655469
9.53518,0.00112315
9.53918,-3.27145e-05
9.54318,0.000552065
9.54718,0.00117648
9.55118,-0.000320134
9.55518,1.73668e-05
9.55918,0.00125556
9.56318,0.000773082
9.56718,-0.00116182
9.57118,-0.000163294
9.57518,0.00361109
9.57918,-0.00017931
9.58318,-0.00165443
9.58718,0.00140033
9.59118,0.000468427
9.59518,6.47148e-05
9.59918,0.000735267
9.60318,0.00087669
9.60718,0.000673315
9.61118,0.000351525
9.61518,0.0010308
9.61918,0.000543142
9.62318,-0.00034923
9.62718,5.27536e-05
9.63118,0.00083046
9.63518,0.000264442
9.63918,-0.000179717
9.64318,0.00109944
9.64718,-0.000212359
9.65118,-0.000177797
9.65518,0.000623539
9.65918,3.47044e-05
9.66318,0.000821537
9.66718,0.000208476
9.67118,-0.000367381
9.67518,0.000494484
9.67918,0.00132166
9.68318,-0.00019614
9.68718,-0.00031608
9.69118,0.00102035
9.69518,0.0011039
9.69918,-0.00100233
9.70318,0.000673823
9.70718,0.000674738
9.71118,0.000209391
9.71518,-0.000215296
9.71918,0.000736171
9.72318,0.000633975
9.72718,-0.000727596
9.73118,0.000964394
9.73518,-0.000126801
9.73918,0.000140548
9.74318,0.000243252
9.74718,0.000765379
9.75118,0.000474706
9.75518,0.00038742
9.75918,0.000224898
9.76318,0.00038245
9.76718,0.000704342
9.77118,0.000664494
9.77518,0.000385093
9.77918,0.000753305
9.78318,0.00083857
9.78718,0.000584007
9.79118,0.000122499
9.79518,0.00184571
9.79918,0.000844556
9.80318,-0.00042983
9.80718,0.0011562
9.81118,0.00099288
9.81518,-8.91887e-05
9.81918,0.00123204
9.82318,0.000746517
9.82718,-8.82626e-05
9.83118,0.000454635
9.83518,0.000145925
9.83918,0.000824982
9.84318,0.00112468
9.84718,0.000379209
9.85118,0.00129409
9.85518,-0.000535166
9.85918,0.000370286
9.86318,0.000734454
9.86718,0.000694199
9.87118,-0.000163091
9.87518,0.000915827
9.87918,0.000254909
9.88318,0.000121189
9.88718,0.00111829
9.89118,9.23985e-05
9.89518,-0.000571558
9.89918,-0.0001343
9.90318,0.000961955
9.90718,2.89328e-05
9.91118,-0.000840127
9.91518,-0.000648713
9.91918,0.000352033
9.92318,-0.000628235
9.92718,0.000518
9.93118,8.74288e-05
9.93518,-0.000605521
9.93918,0.000934486
9.94318,0.000216992
9.94718,0.000149268
9.95118,0.000940054
9.95518,-0.000287289
9.95918,-0.000668083
9.96318,0.00150263
9.96718,-0.00100569
9.97118,-1.90252e-05
9.97518,0.00079173
9.97918,-0.00118351
9.98318,0.000237876
9.98718,0.00109426
9.99118,-0.000745227
9.99518,3.98775e-05
9.99918,0.00211245
10.0032,-0.000782534
10.0072,-0.000570451
10.0112,0.00155951
10.0152,0.000873448
10.0192,0.000125955
10.0232,0.000107195
10.0272,0.000560581
10.0312,4.35864e-07
10.0352,-0.000184992
10.0392,0.00021994
10.0432,0.000330437
10.0472,-0.000301679
10.0512,-0.000708124
10.0552,-0.000235276
10.0592,-0.000845593
10.0632,-0.000949822
10.0672,-0.00055483
10.0712,-0.000248966
10.0752,-0.00127567
10.0792,-0.000988755
10.0832,0.000122511
10.0872,-0.00106276
10.0912,0.000195803
10.0952,-4.32526e-05
10.0992,-0.00101622
10.1032,0.00140155
10.1072,7.40444e-05
10.1112,-0.000374067
10.1152,0.00113998
10.1192,-0.000232837
10.1232,-0.000462574
10.1272,0.00126367
10.1312,-0.000715217
10.1352,0.00029374
10.1392,0.00106739
10.1432,-0.00251933
10.1472,-0.000219159
10.1512,0.00086291
10.1552,-0.00139054
10.1592,-0.00128074
10.1632,0.000638143
10.1672,0.000364401
10.1712,-0.00163892
10.1752,-0.000718165
10.1792,0.00123407
10.1832,-0.00184706
10.1872,-0.000422127
10.1912,0.00120528
10.1952,-0.00049918
10.1992,3.09545e-05
10.2032,0.000741344
10.2072,0.000163974
10.2112,-0.000655004
10.2152,0.000570927
10.2192,0.000720561
10.2232,-0.000722626
10.2272,0.00049925
10.2312,0.000210904
10.2352,0.000423202
10.2392,0.000248629
10.2432,-0.000489139
10.2472,0.0013096
10.2512,0.000167012
10.2552,-0.000713805
10.2592,0.00130717
10.2632,0.00046183
10.2672,-0.000200906
10.2712,-0.000437228
10.2752,-0.000254432
10.2792,-0.00039799
10.2832,6.22864e-05
10.2872,-0.000706497
10.2912,-0.000426182
10.2952,0.000185671
10.2992,0.00014248
10.3032,0.000203811
10.3072,-0.000315063
10.3112,0.000488396
10.3152,0.000335102
10.3192,0.000135082
10.3232,-0.000526853
10.3272,0.00155231
10.3312,-0.000134605
10.3352,-0.000957017
10.3392,0.0018812
10.3432,-0.000300967
10.3472,-0.00048103
10.3512,0.00156245
10.3552,0.000889058
10.3592,-4.53873e-05
10.3632,-0.000564363
10.3672,0.00181682
10.3712,0.000732319
10.3752,0.000537257
10.3792,0.000394321
10.3832,0.00074175
10.3872,-7.26722e-06
10.3912,0.00101802
10.3952,0.000774596
10.3992,-0.000263457
10.4032,0.000558559
10.4072,0.00117425
10.4112,-0.000945869
10.4152,0.00070546
10.4192,0.000335814
10.4232,0.000495399
10.4272,0.000779057
10.4312,0.000767808
10.4352,0.00118885
10.4392,0.000662675
10.4432,0.000114491
10.4472,0.000355885
10.4512,0.000727056
10.4552,-0.00104958
10.4592,-8.1821e-06
10.4632,-0.000279676
10.4672,-0.0013001
10.4712,-1.10171e-05
10.4752,2.89328e-05
10.4792,-0.000947077
10.4832,-0.000173426
10.4872,-0.000219159
10.4912,-0.000272583
10.4952,0.000140356
10.4992,-0.000693723
10.5032,0.000248222
10.5072,-0.000428508
10.5112,-0.00162482
10.5152,0.000101717
10.5192,0.000193578
10.5232,-0.00105049
10.5272,-0.000401333
10.5312,8.22557e-05
10.5352,-0.000455481
10.5392,-0.00111812
10.5432,-0.000376496
10.5472,-0.000432767
10.5512,0.000200163
10.5552,-0.000793998
10.5592,-0.00019117
10.5632,-0.00010176
10.5672,-0.00164825
10.5712,0.000643915
10.5752,-0.000278761
10.5792,-0.00138485
10.5832,-0.000325206
10.5872,0.000346962
10.5912,0.000460723
10.5952,0.000709007
10.5992,-0.000131962
10.6032,0.000435581
10.6072,0.00161973
10.6112,0.000237876
10.6152,-0.000142613
10.6192,0.00120051
10.6232,0.00105523
10.6272,-0.000569841
10.6312,0.00133535
10.6352,0.000907209
10.6392,-0.000474332
10.6432,0.000377785
10.6472,0.00100464
10.6512,-0.000410064
10.6552,0.00019246
10.6592,0.000602045
10.6632,0.000367643
10.6672,0.000127774
10.6712,-0.000296009
10.6752,0.000324259
10.6792,0.000386403
10.6832,-0.000332299
10.6872,0.000374239
10.6912,0.000758783
10.6952,0.000182418
10.6992,-0.00071167
10.7032,0.000417634
10.7072,-0.000178294
10.7112,0.000483426
10.7152,-0.000241556
10.7192,-0.000165113
10.7232,0.00068295
10.7272,-0.00110432
10.7312,-0.000400938
10.7352,-1.20336e-05
10.7392,-2.0245e-05
10.7432,-6.5255e-05
10.7472,-0.0014909
10.7512,0.00102198
10.7552,0.00108098
10.7592,-0.00128763
10.7632,3.0243e-05
10.7672,0.00127786
10.7712,-0.000169269
10.7752,-0.00088656
10.7792,0.000422197
10.7832,0.000788387
10.7872,-0.00067355
10.7912,0.000415296
10.7952,0.000569606
10.7992,-0.000754353
10.8032,0.000766486
10.8072,0.00169465
10.8112,-0.00164481
10.8152,0.000478163
10.8192,0.00104255
10.8232,-0.00104949
10.8272,0.00046122
10.8312,0.000985674
10.8352,-0.000442198
10.8392,-0.000237806
10.8432,0.00119747
10.8472,0.00054243
10.8512,0.0010165
10.8552,-0.000117674
10.8592,0.000828947
10.8632,0.000957087
10.8672,-2.42998e-05
10.8712,-0.000106617
10.8752,-0.000476263
10.8792,2.1625e-05
10.8832,0.000586842
10.8872,0.00078484
10.8912,-0.000212766
10.8952,0.000346465
10.8992,0.000570622
10.9032,-0.000811336
10.9072,4.64737e-05
10.9112,0.00050614
10.9152,-2.055e-05
10.9192,-0.000416344
10.9232,-8.77656e-05
10.9272,0.000280458
10.9312,8.70222e-05
10.9352,-5.81618e-05
10.9392,0.00214225
10.9432,-0.000196546
10.9472,-0.000561833
10.9512,0.00155758
10.9552,0.000678691
10.9592,0.000653041
10.9632,0.00191323
10.9672,-0.000187318
10.9712,0.000750978
10.9752,0.00185159
10.9792,-3.25112e-05
10.9832,-0.000683388
10.9872,0.0011485
10.9912,0.0010527
10.9952,0.000396851
10.9992,-0.0011606
11.0032,0.00120508
11.0072,0.0013609
11.0112,-0.00136792
11.0152,-0.000211049
11.0192,0.000353355
11.0232,-0.00051174
11.0272,-0.000573387
11.0312,9.22968e-05
11.0352,-0.000167146
11.0392,0.000324564
11.0432,0.000337847
11.0472,-5.30904e-05
11.0512,-0.00018306
11.0552,0.000738407
11.0592,0.00066429
11.0632,0.00029688
11.0672,0.000463152
11.0712,0.00046113
11.0752,0.00101022
11.0792,0.00109811
11.0832,-0.00025363
11.0872,0.00030429
11.0912,0.0010089
11.0952,0.000781497
11.0992,-0.0012782
11.1032,-3.7176e-05
11.1072,0.000557441
11.1112,-0.000316994
11.1152,-0.000273295
11.1192,0.00110095
11.1232,-0.000152045
11.1272,0.00096418
11.1312,0.000777137
11.1352,4.28741e-06
11.1392,0.00158363
11.1432,-6.83949e-05
11.1472,0.000206149
11.1512,0.000324564
11.1552,6.84647e-05
11.1592,-0.000105002
11.1632,-0.000442706
11.1672,0.00077795
11.1712,0.000126057
11.1752,-0.00134977
11.1792,0.00136962
11.1832,0.000431425
11.1872,-0.000247746
11.1912,-0.000666355
11.1952,0.000670175
11.1992,0.000556628
11.2032,0.000211921
11.2072,0.000332267
11.2112,0.00033369
11.2152,0.00118379
11.2192,-0.000163802
11.2232,0.000468122
11.2272,0.000435875
11.2312,0.000212632
11.2352,0.0005986
11.2392,0.000608437
11.2432,-4.60876e-05
11.2472,0.00101448
11.2512,0.00124776
11.2552,0.000377582
11.2592,0.00151906
11.2632,0.000716608
11.2672,0.000228648
11.2712,0.00143349
11.2752,0.000201586
11.2792,0.00071113
11.2832,0.00147638
11.2872,6.23881e-05
11.2912,9.9085e-05
11.2952,0.000909637
11.2992,0.00129024
11.3032,0.000563924
11.3072,-2.79481e-05
11.3112,0.00162703
11.3152,9.52335e-05
11.3192,0.000519118
11.3232,0.000288771
11.3272,-0.000666965
11.3312,-0.000721406
11.3352,0.00138107
11.3392,-0.000369504
11.3432,2.31498e-05
11.3472,0.000408101
11.3512,-0.000576731
11.3552,0.00111637
11.3592,0.00090792
11.3632,0.000376566
11.3672,0.000370591
11.3712,0.00176541
11.3752,0.0018453
11.3792,-0.0010586
11.3832,0.000966111
11.3872,0.00117111
11.3912,-0.0004642
11.3952,0.00183162
11.3992,0.000152114
11.4032,-0.000107532
11.4072,0.00162004
11.4112,0.00166717
11.4152,0.000525612
11.4192,-0.000786589
11.4232,0.000722188
11.4272,0.00144566
11.4312,-0.00067974
11.4352,0.000364808
11.4392,0.00133688
11.4432,-0.000708632
11.4472,-2.36899e-05
11.4512,0.000709617
11.4552,0.000435276
11.4592,-0.000786702
11.4632,2.87555e-06
11.4672,0.000913398
11.4712,0.000139035
11.4752,-0.000781224
11.4792,0.00193169
11.4832,0.00161497
11.4872,-0.00068724
11.4912,0.00174271
11.4952,0.00199393
11.4992,0.00132146
11.5032,0.000340987
11.5072,0.00131538
11.5112,0.000843845
11.5152,-0.000394647
11.5192,0.00103272
11.5232,0.000862605
11.5272,0.000828743
11.5312,0.000715095
11.5352,0.00141858
11.5392,3.89626e-05
11.5432,0.00152565
11.5472,0.000896863
11.5512,0.000481404
11.5552,6.35966e-05
11.5592,0.000688834
11.5632,0.0003493
11.5672,0.000585927
11.5712,0.000199146
11.5752,0.000503802
11.5792,0.000734657
11.5832,5.06302e-05
11.5872,0.000766385
11.5912,0.000653752
11.5952,-0.000183772
11.5992,0.000877707
11.6032,0.00197194
11.6072,0.000149878
11.6112,0.000140752
11.6152,0.00108017
11.6192,0.000223283
11.6232,-0.000542665
11.6272,0.000236363
11.6312,0.00224891
11.6352,-0.000348823
11.6392,-0.000110378
11.6432,0.000995918
11.6472,0.000611984
11.6512,0.000881558
11.6552,-0.0006329
11.6592,0.000785959
11.6632,0.000329229
11.6672,-0.00125965
11.6712,0.000223385
11.6752,0.000234838
11.6792,-0.000459942
11.6832,0.000636923
11.6872,-3.6607e-07
11.6912,-0.0010368
11.6952,0.000622827
11.6992,-0.000534759
11.7032,-0.00107796
11.7072,0.000614412
11.7112,4.97153e-05
11.7152,-0.00119831
11.7192,0.000315438
11.7232,-0.00133801
11.7272,0.0010242
11.7312,-0.000464302
11.7352,-0.00107584
11.7392,0.000695521
11.7432,0.0010307
11.7472,0.000105467
11.7512,4.91054e-05
11.7552,0.000497929
11.7592,0.000972707
11.7632,0.00022936
11.7672,-0.000799567
11.7712,0.00138867
11.7752,0.00017999
11.7792,0.000130925
11.7832,0.000681933
11.7872,0.000140548
11.7912,0.000473091
11.7952,0.000661862
11.7992,2.82212e-05
11.8032,0.00123558
11.8072,0.000229868
11.8112,3.76524e-05
11.8152,0.00100372
11.8192,0.000439523
11.8232,-0.000573083
11.8272,0.000393813
11.8312,0.000481088
11.8352,0.000929008
11.8392,-7.09363e-05
11.8432,0.000169949
11.8472,0.000509687
11.8512,7.98273e-05
11.8552,0.000227745
11.8592,0.00149178
11.8632,0.00105867
11.8672,4.35257e-05
11.8712,0.00153294
11.8752,-0.000182857
11.8792,0.00102218
11.8832,0.00173946
11.8872,0.000338253
11.8912,0.00161953
11.8952,0.000977463
11.8992,0.00103738
11.9032,0.00146866
11.9072,0.00063175
11.9112,0.00146846
11.9152,0.00111403
11.9192,-0.000190357
11.9232,0.00119818
11.9272,0.000693092
11.9312,-0.000506375
11.9352,0.00120264
11.9392,0.000953032
11.9432,-0.000127704
11.9472,0.00137093
11.9512,0.000602553
11.9552,-0.000789334
11.9592,-0.00018367
11.9632,0.00185717
11.9672,-0.000563143
11.9712,-0.000450308
11.9752,0.00228277
11.9792,-0.000712585
11.9832,-0.000296201
11.9872,0.00133311
11.9912,0.000324056
11.9952,-0.000270957
11.9992,0.00121156
12.0032,0.00050239
12.0072,-0.000214799
12.0112,0.000345652
12.0152,0.000698864
12.0192,-0.000726783
12.0232,-0.000265287
12.0272,-0.000125886
12.0312,0.000199654
12.0352,-0.000122136
12.0392,-0.000565786
12.0432,-4.72588e-06
12.0472,-0.00031608
12.0512,-0.00107077
12.0552,0.000486171
12.0592,-0.000603906
12.0632,-0.00151686
12.0672,0.00102664
12.0712,-0.00112288
12.0752,-0.000596598
12.0792,0.000820826
12.0832,-0.000500592
12.0872,-0.000175662
12.0912,0.0011341
12.0952,0.000382348
12.0992,0.000427675
12.1032,0.000391983
12.1072,0.000676873
12.1112,0.000821334
12.1152,0.000353151
12.1192,0.000277724
12.1232,0.000435683
12.1272,0.000314421
12.1312,-0.000288396
12.1352,0.000437095
12.1392,0.000182317
12.1432,-0.00185943
12.1472,-0.000308783
12.1512,0.000738407
12.1552,-0.000359463
12.1592,-0.000433072
12.1632,-3.53462e-05
12.1672,-0.000964923
12.1712,-0.000399006
12.1752,0.000292216
12.1792,-0.000157003
12.1832,-0.000971316
12.1872,0.00026059
12.1912,-2.55197e-05
12.1952,-0.000532229
12.1992,-0.000253619
12.2032,0.0010602
12.2072,0.00129723
12.2112,-0.00168485
12.2152,-6.96226e-06
12.2192,0.000817889
12.2232,0.000482918
12.2272,-0.000636142
12.2312,0.00132105
12.2352,0.000971183
12.2392,0.000452806
12.2432,-0.000102054
12.2472,0.00046305
12.2512,-0.000632087
12.2552,0.00257973
12.2592,-9.63836e-05
12.2632,-4.43708e-05
12.2672,0.00303646
12.2712,0.000159512
12.2752,0.00025745
12.2792,0.00185636
12.2832,0.00126033
12.2872,3.11578e-05
12.2912,0.00193503
12.2952,0.000578122
12.2992,0.000148353
12.3032,0.00209887
12.3072,-0.00075223
12.3112,4.19105e-05
12.3152,0.00211499
12.3192,-0.00138182
12.3232,2.18396e-05
12.3272,0.00158921
12.3312,0.000173394
12.3352,0.000253903
12.3392,0.00108656
12.3432,-0.00025616
12.3472,0.000729586
12.3512,0.000440043
12.3552,0.000245986
12.3592,0.000806944
12.3632,0.000310875
12.3672,-0.0005892
12.3712,0.000334187
12.3752,-0.000251597
12.3792,-8.16777e-05
12.3832,0.00104803
12.3872,0.00122778
12.3912,-0.000778683
12.3952,0.00149036
12.3992,0.00128232
12.4032,-0.00109318
12.4072,0.00169536
12.4112,0.00112802
12.4152,-0.000957728
12.4192,0.000980919
12.4232,0.0017862
12.4272,-3.03765e-05
12.4312,-0.000249971
12.4352,0.00175406
12.4392,0.000520338
12.4432,-0.000171506
12.4472,0.00166707
12.4512,0.000515876
12.4552,0.000497217
12.4592,0.000395936
12.4632,0.0012214
12.4672,-1.16157e-05
12.4712,0.000807046
12.4752,0.00156458
12.4792,0.000906294
12.4832,-0.000301272
12.4872,0.000313721
12.4912,0.00229149
12.4952,0.000322836
12.4992,-0.000163193
12.5032,0.00123458
12.5072,0.00118835
12.5112,-0.000348417
12.5152,-0.000158934
12.5192,0.00158901
12.5232,0.00010375
12.5272,0.000329635
12.5312,0.000964394
12.5352,-0.000619922
12.5392,0.000564229
12.5432,0.000473905
12.5472,-0.00088595
12.5512,0.00026312
12.5552,0.00138158
12.5592,-4.26427e-05
12.5632,-0.000646985
12.5672,0.00054243
12.5712,0.00111586
12.5752,-0.000820654
12.5792,-0.000191272
12.5832,0.000296078
12.5872,0.000271941
12.5912,-0.00135596
12.5952,-4.82753e-06
12.5992,-0.000231425
12.6032,-0.00146079
12.6072,-0.00105009
12.6112,-0.000163294
12.6152,-0.00141212
12.6192,-0.00100102
12.6232,-0.000894466
12.6272,0.00041307
12.6312,-0.00123684
12.6352,0.000211322
12.6392,-0.000112196
12.6432,-0.0013002
12.6472,-0.000641111
12.6512,-9.37406e-05
12.6552,-0.00114772
12.6592,0.000678081
12.6632,-0.0010727
12.6672,-0.000842758
12.6712,0.000929923
12.6752,0.000564433
12.6792,-2.69315e-05
12.6832,-0.0004567
12.6872,0.00014004
12.6912,0.00233022
12.6952,-0.000245216
12.6992,0.000338649
12.7032,0.00112579
12.7072,0.00112193
12.7112,0.00047238
12.7152,0.00141899
12.7192,-0.00109277
12.7232,-0.000170286
12.7272,0.000706974
12.7312,0.000688428
12.7352,6.22864e-05
12.7392,-0.000253427
12.7432,0.00161395
12.7472,0.000243557
12.7512,-0.00206666
12.7552,0.000655379
12.7592,0.00126539
12.7632,-0.00172722
12.7672,0.00050056
12.7712,0.00144941
12.7752,-0.0014834
12.7792,0.000440743
12.7832,-6.04885e-05
12.7872,-0.000155185
12.7912,-0.000203447
12.7952,-0.00136225
12.7992,-0.000532229
12.8032,0.000880045
12.8072,-0.000370216
12.8112,-0.00188995
12.8152,-0.00086973
12.8192,0.00202182
12.8232,-0.00168028
12.8272,-0.00107837
12.8312,0.00152372
12.8352,-0.00027988
12.8392,-0.0015865
12.8432,0.000840298
12.8472,0.000220143
12.8512,-0.00124616
12.8552,0.000299015
12.8592,0.000768926
12.8632,-0.00122995
12.8672,7.40825e-07
12.8712,0.000966315
12.8752,-0.00140301
12.8792,-0.00039302
12.8832,0.00142518
12.8872,-0.000857362
12.8912,-0.000891631
12.8952,0.0011045
12.8992,0.000314523
12.9032,0.00061989
12.9072,0.000531791
12.9112,0.000375967
12.9152,0.000265865
12.9192,-0.000164514
12.9232,0.00104569
12.9272,0.000111555
12.9312,-0.000323884
12.9352,-0.000249259
12.9392,0.0014346
12.9432,-0.00125326
12.9472,-0.00177011
12.9512,0.000236769
12.9552,-0.000110367
12.9592,-0.00200531
12.9632,-5.94833e-05
12.9672,0.000240011
12.9712,-0.0015857
12.9752,-0.000623062
12.9792,4.81905e-05
12.9832,-0.00129372
12.9872,-0.000928531
12.9912,0.00025998
12.9952,-0.000168162
12.9992,-0.00157028
13.0032,0.000294655
13.0072,0.000280864
13.0112,-0.000843176
13.0152,0.00140652
13.0192,0.000581465
13.0232,7.9624e-05
13.0272,0.000500357
13.0312,-9.62819e-05
13.0352,0.000482206
13.0392,-0.00149365
13.0432,-0.000370622
13.0472,0.000872025
13.0512,-0.000165723
13.0552,-0.0010871
13.0592,-0.000121729
13.0632,0.000237074
13.0672,-0.00115259
13.0712,-0.000415124
13.0752,0.00091725
13.0792,-0.000679536
13.0832,-0.00145806
13.0872,0.00187552
13.0912,0.000338762
13.0952,-0.00203928
13.0992,0.000513132
13.1032,0.00106456
13.1072,-0.000658144
13.1112,-0.00102282
13.1152,0.00146116
13.1192,-0.00098967
13.1232,-0.000945056
13.1272,-0.000700319
13.1312,8.89536e-05
13.1352,0.00019124
13.1392,-0.000670918
13.1432,0.000307938
13.1472,0.00116696
13.1512,-0.000578459
13.1552,8.75304e-05
13.1592,0.00116816
13.1632,0.000632462
13.1672,0.000820927
13.1712,0.000137917
13.1752,0.000309248
13.1792,6.75498e-05
13.1832,0.00112122
13.1872,0.000386708
13.1912,0.000934079
13.1952,0.00122798
13.1992,0.00155586
13.2032,3.27843e-05
13.2072,0.000886121
13.2112,0.00202658
13.2152,0.000210102
13.2192,9.56401e-05
13.2232,0.00105898
13.2272,7.33701e-06
13.2312,0.000323548
13.2352,0.000564433
13.2392,0.00022683
13.2432,0.000344737
13.2472,0.000749047
13.2512,-0.000329261
13.2552,0.00027184
13.2592,0.000562919
13.2632,-0.000697382
13.2672,-0.00037985
13.2712,0.00018688
13.2752,0.000867372
13.2792,0.00050928
13.2832,-9.46554e-05
13.2872,0.00130432
13.2912,0.00121886
13.2952,-0.000161069
13.2992,-2.45032e-05
13.3032,0.00175376
13.3072,0.000112774
13.3112,-0.000471293
13.3152,0.000855298
13.3192,0.00172618
13.3232,-0.000283731
13.3272,0.000541425
13.3312,0.000760308
13.3352,0.000586333
13.3392,6.5833e-05
13.3432,-0.000614139
13.3472,-0.000314351
13.3512,0.000725429
13.3552,0.000166402
13.3592,-0.00072353
13.3632,0.000113283
13.3672,-0.000168976
13.3712,-0.000185195
13.3752,-1.13221e-05
13.3792,0.000552065
13.3832,4.99898e-06
13.3872,0.000520846
13.3912,-0.000187928
13.3952,0.00118399
13.3992,-0.000173539
13.4032,0.000590185
13.4072,0.0012444
13.4112,-0.000705289
13.4152,0.000394106
13.4192,0.00123823
13.4232,-0.00111832
13.4272,-0.000907241
13.4312,0.000287359
13.4352,-0.000386334
13.4392,-0.000644658
13.4432,0.000419859
13.4472,4.85971e-05
13.4512,-0.000542767
13.4552,0.00159985
13.4592,0.000311078
13.4632,-0.000626914
13.4672,0.00163838
13.4712,5.28552e-05
13.4752,-0.000565481
13.4792,0.00123183
13.4832,-0.000925086
13.4872,-0.00131125
13.4912,0.00146481
13.4952,-0.00013613
13.4992,-0.00164937
13.5032,0.00152838
13.5072,0.000419757
13.5112,-0.000881285
13.5152,0.000693589
13.5192,0.000557543
13.5232,-0.000416344
13.5272,0.000411546
13.5312,-3.82829e-05
13.5352,0.000975441
13.5392,-5.79585e-05
13.5432,0.000366536
13.5472,0.000538782
13.5512,9.72666e-05
13.5552,0.000853784
13.5592,0.000720155
13.5632,0.000330245
13.5672,0.000305295
13.5712,0.000758173
13.5752,0.000242134
13.5792,-0.000289616
13.5832,0.00101032
13.5872,0.00111272
13.5912,0.00050736
13.5952,-4.35576e-05
13.5992,0.00155211
13.6032,0.000419859
13.6072,-0.00064162
13.6112,0.00104337
13.6152,0.000292521
13.6192,0.000535337
13.6232,0.00106354
13.6272,-0.00177174
13.6312,0.00124735
13.6352,0.00202759
13.6392,0.000202094
13.6432,-0.000148792
13.6472,0.00113025
13.6512,5.74184e-05
13.6552,7.29262e-05
13.6592,0.000942189
13.6632,0.000842523
13.6672,-4.71041e-05
13.6712,-0.000424962
13.6752,0.000468122
13.6792,6.83631e-05
13.6832,-0.000127501
13.6872,0.000903662
13.6912,-0.0010729
13.6952,0.000910247
13.6992,-2.66266e-05
13.7032,-0.0010795
13.7072,0.00176095
13.7112,0.000253802
13.7152,-0.00169671
13.7192,0.00177798
13.7232,0.000286139
13.7272,-0.00144791
13.7312,-7.58043e-05
13.7352,0.000895451
13.7392,-0.000276943
13.7432,-0.000319525
13.7472,-0.000423347
13.7512,0.00010131
13.7552,-4.63022e-05
13.7592,-0.000748774
13.7632,0.00098852
13.7672,0.000181007
13.7712,-0.00120693
13.7752,0.000533609
13.7792,0.000256942
13.7832,0.000109838
13.7872,0.00062983
13.7912,-0.000376089
13.7952,0.000579839
13.7992,0.000301952
13.8032,0.0004224
13.8072,0.00118621
13.8112,6.68496e-05
13.8152,-2.5418e-05
13.8192,0.00169911
13.8232,-0.000739557
13.8272,0.000177652
13.8312,0.00233762
13.8352,-0.000186505
13.8392,0.000540205
13.8432,0.00126205
13.8472,0.00138949
13.8512,-0.000328549
13.8552,0.000794272
13.8592,0.00205456
13.8632,-0.000115743
13.8672,-0.00190748
13.8712,0.00196707
13.8752,0.000621822
13.8792,-0.00151362
13.8832,0.000239299
13.8872,0.00214439
13.8912,-0.000341019
13.8952,-6.83949e-05
13.8992,0.0012951
13.9032,-0.000246831
13.9072,-0.000312126
13.9112,0.00128101
13.9152,0.000690348
13.9192,0.000500255
13.9232,0.00014684
13.9272,0.000994202
13.9312,-0.000333214
13.9352,-0.000797443
13.9392,0.000583182
13.9432,-0.000364444
13.9472,0.000102123
13.9512,0.000249137
13.9552,0.000998866
13.9592,-0.000632798
13.9632,0.0011485
13.9672,-0.000444333
13.9712,0.000216687
13.9752,-0.000222197
13.9792,-0.00113454
13.9832,-0.000168061
13.9872,-0.000222197
13.9912,-0.0010577
13.9952,-0.000500592
13.9992,0.000571018
14.0032,7.43493e-05
14.0072,6.00501e-05
14.0112,0.000970674
14.0152,-0.000259504
14.0192,-0.000401039
14.0232,0.00147151
14.0272,0.00111423
14.0312,-0.00102991
14.0352,6.32917e-05
14.0392,0.000753418
14.0432,0.000444097
14.0472,-0.000708225
14.0512,0.000107601
14.0552,0.00131437
14.0592,-0.00125619
14.0632,0.000109736
14.0672,0.000602248
14.0712,-0.00111041
14.0752,-0.000826234
14.0792,0.000758376
14.0832,0.000309858
14.0872,-0.00186116
14.0912,0.00108909
14.0952,0.00130736
14.0992,-0.00178197
14.1032,-0.000291739
14.1072,0.000850339
14.1112,0.000305397
14.1152,-0.000840228
14.1192,0.000497014
14.1232,-0.000167756
14.1272,0.000102835
14.1312,0.000329026
14.1352,0.000753712
14.1392,-0.00088656
14.1432,3.28217e-06
14.1472,0.00211224
14.1512,0.000708397
14.1552,-6.14903e-06
14.1592,0.000169847
14.1632,0.000193883
14.1672,0.00104944
14.1712,0.000270823
14.1752,0.000475113
14.1792,-0.000476873
14.1832,0.000406474
14.1872,0.0010309
14.1912,-0.000990472
14.1952,0.000119258
14.1992,0.00147962
14.2032,-0.000395663
14.2072,0.000448853
14.2112,0.000288059
14.2152,-0.000509413
14.2192,0.000356088
14.2232,4.93087e-05
14.2272,-0.00034234
14.2312,0.00102055
14.2352,8.76017e-06
14.2392,-0.000226353
14.2432,0.000940257
14.2472,-0.000232441
14.2512,-0.000270866
14.2552,-0.000580074
14.2592,0.00120031
14.2632,0.000632157
14.2672,-7.30597e-05
14.2712,0.000491027
14.2752,0.00169323
14.2792,-0.000778886
14.2832,-0.000289514
14.2872,0.00169323
14.2912,0.000895247
14.2952,-0.0013294
14.2992,0.000711943
14.3032,7.57725e-05
14.3072,0.000315133
14.3112,0.000453822
14.3152,0.000332572
14.3192,0.000705358
14.3232,1.33233e-05
14.3272,-0.000576019
14.3312,0.000384483
14.3352,0.000758275
14.3392,5.85366e-05
14.3432,-8.78073e-06
14.3472,0.000534931
14.3512,3.40945e-05
14.3552,-0.000108243
14.3592,0.000283202
14.3632,0.000995613
14.3672,-0.000151638
14.3712,5.16354e-05
14.3752,0.00123073
14.3792,-0.000409454
14.3832,0.000134867
14.3872,0.000730602
14.3912,-0.000172217
14.3952,9.03654e-05
14.3992,-6.85982e-05
14.4032,0.000726751
14.4072,0.000434463
14.4112,0.000521851
14.4152,0.00157157
14.4192,0.0004668
14.4232,-0.000686528
14.4272,0.0025998
14.4312,0.000824079
14.4352,-0.00150601
14.4392,0.00119088
14.4432,0.00118024
14.4472,-0.000515693
14.4512,-3.1698e-05
14.4552,-0.000365449
14.4592,-0.000768246
14.4632,0.000511923
14.4672,0.000322023
14.4712,0.00038559
14.4752,0.000795683
14.4792,-0.000600665
14.4832,0.000834922
14.4872,0.000709108
14.4912,0.000663895
14.4952,0.000295966
14.4992,0.000440043
14.5032,0.000401414
14.5072,0.00182006
14.5112,-0.000833632
14.5152,0.00020686
14.5192,0.00155961
14.5232,-0.000425572
14.5272,0.00123914
14.5312,0.000361566
14.5352,-0.000909161
14.5392,0.00122758
14.5432,0.000380022
14.5472,-0.000397696
14.5512,0.000306718
14.5552,0.000830867
14.5592,-3.47363e-05
14.5632,0.00086544
14.5672,-0.000184585
14.5712,0.00133951
14.5752,0.00190279
14.5792,-0.00123714
14.5832,-0.000671427
14.5872,0.00180739
14.5912,0.000271433
14.5952,-0.000610084
14.5992,-0.000136017
14.6032,0.000196819
14.6072,0.000403233
14.6112,-0.00076662
14.6152,0.000247612
14.6192,0.000759698
14.6232,0.00021689
14.6272,-0.00138253
14.6312,3.92675e-05
14.6352,0.00061614
14.6392,-0.000232633
14.6432,-0.000588895
14.6472,-0.000733876
14.6512,0.00126793
14.6552,-0.000682168
14.6592,-0.00105303
14.6632,0.00132653
14.6672,-0.00068724
14.6712,-0.000773815
14.6752,0.000864322
14.6792,-0.000135509
14.6832,-0.000635837
14.6872,0.000358731
14.6912,0.000954557
14.6952,-0.000660776
14.6992,9.56401e-05
14.7032,0.00188059
14.7072,-0.000104087
14.7112,-0.000822484
14.7152,0.00167143
14.7192,0.000792645
14.7232,-0.000699201
14.7272,0.00018252
14.7312,0.000871415
14.7352,0.000601435
14.7392,0.000338253
14.7432,-0.000430135
14.7472,0.0002243
14.7512,-0.000434393
14.7552,-0.000539017
14.7592,4.88004e-05
14.7632,-0.00148411
14.7672,-0.000285256
14.7712,-0.000966346
14.7752,-0.00123025
14.7792,0.000219432
14.7832,-0.000939578
14.7872,-0.00087034
14.7912,-0.000131759
14.7952,-0.000355917
14.7992,-0.000393833
14.8032,-0.000735197
14.8072,0.000555408
14.8112,-0.000717555
14.8152,-0.000159239
14.8192,0.000247307
14.8232,-0.000393833
14.8272,-0.000469272
14.8312,-2.57117e-05
14.8352,0.00134488
14.8392,0.000184147
14.8432,-0.000444525
14.8472,0.00115854
14.8512,0.000784332
14.8552,0.000202399
14.8592,0.000344737
14.8632,0.00066359
14.8672,0.000328212
14.8712,0.000950705
14.8752,-0.000125479
14.8792,0.000682543
14.8832,0.00116523
14.8872,0.00038498
14.8912,-0.000110672
14.8952,0.000804313
14.8992,0.000738915
14.9032,0.000192764
14.9072,-0.000406913
14.9112,0.00192905
14.9152,-0.000237106
14.9192,-0.00159167
14.9232,0.00149959
14.9272,0.000456872
14.9312,-0.00147295
14.9352,-0.000830899
14.9392,0.000732523
14.9432,-4.43221e-06
14.9472,-0.000397583
14.9512,5.14321e-05
14.9552,-0.000805146
14.9592,-0.000392625
14.9632,0.00165623
14.9672,-0.000152248
14.9712,-0.000228883
14.9752,0.00132298
14.9792,-0.000288396
14.9832,-0.000321456
14.9872,0.000784535
14.9912,-0.00051479
14.9952,0.00102451
14.9992,0.000611272
15.0032,-0.000268732
15.0072,-5.09557e-05
15.0112,0.00157116
15.0152,0.00022744
15.0192,-0.000125276
15.0232,0.000275386
15.0272,-0.000397888
15.0312,-0.000216007
15.0352,-0.000696467
15.0392,0.000473792
15.0432,0.000528854
15.0472,3.72458e-05
15.0512,-0.00103083
15.0552,-0.000520471
15.0592,0.000163669
15.0632,0.00118632
15.0672,0.000151403
15.0712,0.000532299
15.0752,0.000180702
15.0792,0.000627797
15.0832,-0.000829272
15.0872,-0.000277146
15.0912,0.00021122
15.0952,-0.00101663
15.0992,9.44203e-05
15.1032,0.00021689
15.1072,-0.00169884
15.1112,-0.000184178
15.1152,0.000502288
15.1192,-0.000561731
15.1232,-0.000258498
15.1272,0.000561191
15.1312,-0.000991692
15.1352,-0.000510023
15.1392,0.000936914
15.1432,-3.31211e-05
15.1472,0.000303578
15.1512,0.00062486
15.1552,-0.000689171
15.1592,0.000903052
15.1632,0.000191748
15.1672,0.000782819
15.1712,0.000336119
15.1752,9.53352e-05
15.1792,0.000562004
15.1832,-0.000125682
15.1872,-0.00126381
15.1912,0.000440844
15.1952,0.000629819
15.1992,-0.00176231
15.2032,0.00108291
15.2072,0.000612086
15.2112,-0.000196241
15.2152,0.000291109
15.2192,-0.000289514
15.2232,0.00179451
15.2272,0.000238283
15.2312,-0.000472005
15.2352,0.00162864
15.2392,0.000612594
15.2432,0.0001075
15.2472,0.00106446
15.2512,0.000524178
15.2552,-7.24498e-05
15.2592,0.000340174
15.2632,5.57919e-05
15.2672,0.000221047
15.2712,0.000673722
15.2752,0.000530774
15.2792,-0.000618906
15.2832,0.00203398
15.2872,0.000576597
15.2912,-0.00154991
15.2952,0.000598803
15.2992,0.000832188
15.3032,-0.000950127
15.3072,-0.000468153
15.3112,0.000239808
15.3152,-0.000342634
15.3192,-0.000335846
15.3232,-0.000829487
15.3272,-0.000503326
15.3312,-0.000645166
15.3352,0.000232906
15.3392,1.2815e-05
15.3432,-0.000861316
15.3472,-0.000295805
15.3512,0.000532909
15.3552,-0.0011676
15.3592,-0.000898623
15.3632,0.000575389
15.3672,5.64018e-05
15.3712,-0.000484881
15.3752,5.97451e-05
15.3792,0.00126398
15.3832,-0.00083292
15.3872,-0.000562849
15.3912,0.00107104
15.3952,0.000119461
15.3992,-0.000740359
15.4032,-0.000326008
15.4072,0.000873245
15.4112,0.000831985
15.4152,-0.00138273
15.4192,-0.000486496
15.4232,0.00226098
15.4272,-0.000757798
15.4312,-0.00071847
15.4352,0.00284535
15.4392,-0.000114523
15.4432,7.52642e-05
15.4472,0.00223573
15.4512,-0.000744821
15.4552,5.29569e-05
15.4592,0.00206744
15.4632,0.000410326
15.4672,0.000779871
15.4712,0.000686293
15.4752,4.25205e-05
15.4792,0.00116036
15.4832,0.000632868
15.4872,-5.77552e-05
15.4912,0.00135471
15.4952,0.000134167
15.4992,-0.000928735
15.5032,0.00168593
15.5072,0.00109872
15.5112,-0.000885746
15.5152,0.00118348
15.5192,0.00108717
15.5232,-0.000675075
15.5272,0.00107703
15.5312,0.00147039
15.5352,-0.000819751
15.5392,0.000125854
15.5432,0.00150699
15.5472,0.000227338
15.5512,-0.00122245
15.5552,0.0023504
15.5592,0.000926478
15.5632,-0.0011753
15.5672,0.00198491
15.5712,0.000777544
15.5752,-0.00160911
15.5792,0.00106071
15.5832,0.00131862
15.5872,-0.00095591
15.5912,0.000797107
15.5952,-2.09418e-06
15.5992,-0.000224727
15.6032,0.000408507
15.6072,5.87399e-05
15.6112,-1.08138e-05
15.6152,0.000961853
15.6192,-0.000933704
15.6232,0.000138628
15.6272,1.22051e-05
15.6312,-0.000590115
15.6352,-8.60375e-05
15.6392,-0.000456294
15.6432,-4.82753e-06
15.6472,0.00106252
15.6512,-0.000382482
15.6552,-0.000256262
15.6592,0.00131477
15.6632,-0.000626304
15.6672,0.000748539
15.6712,0.00042737
15.6752,0.000101931
15.6792,-0.000138152
15.6832,0.000857127
15.6872,-0.000128619
15.6912,0.000232816
15.6952,0.000111758
15.6992,-0.000721305
15.7032,0.00061614
15.7072,-0.0010953
15.7112,-0.000557778
15.7152,0.000914403
15.7192,-0.00072344
15.7232,-0.000155083
15.7272,0.000760816
15.7312,-0.000686223
15.7352,-0.000938369
15.7392,0.00019499
15.7432,0.000958307
15.7472,-0.000333925
15.7512,-0.000438956
15.7552,-9.14138e-05
15.7592,0.000670988
15.7632,-0.000546314
15.7672,0.000123617
15.7712,0.000507247
15.7752,-0.000583519
15.7792,5.60969e-05
15.7832,0.000632462
15.7872,-0.000579057
15.7912,-0.00100182
15.7952,-0.000511639
15.7992,3.06496e-05
15.8032,0.000646964
15.8072,-0.000946174
15.8112,-0.00056355
15.8152,-0.000328752
15.8192,-0.000106922
15.8232,-0.000467239
15.8272,-0.00153947
15.8312,0.000185061
15.8352,0.000100915
15.8392,-0.00147833
15.8432,-0.000595491
15.8472,0.000836345
15.8512,-0.00108324
15.8552,-0.000132471
15.8592,-0.00025616
15.8632,-0.000565583
15.8672,0.0014054
15.8712,-0.000462065
15.8752,-0.00128875
15.8792,0.00152301
15.8832,-0.00101734
15.8872,-0.000641416
15.8912,0.000654159
15.8952,0.000246799
15.8992,0.000322339
15.9032,-0.000931366
15.9072,0.00031179
15.9112,0.000474097
15.9152,-0.000450409
15.9192,-0.000422929
15.9232,-0.000272786
15.9272,0.00119889
15.9312,-0.00132585
15.9352,-0.00108315
15.9392,0.00133109
15.9432,-0.000867799
15.9472,-0.000504444
15.9512,0.00170915
15.9552,-0.000479301
15.9592,0.000124736
15.9632,0.00260365
15.9672,-0.000211444
15.9712,-0.000724953
15.9752,0.00164396
15.9792,0.000738915
15.9832,0.000119766
15.9872,-0.00011118
15.9912,-0.000690278
15.9952,0.000449361
15.9992,4.01824e-05
16.0032,9.95933e-05
16.0072,-9.13122e-05
16.0112,0.000332267
16.0152,0.000929008
16.0192,9.63517e-05
16.0232,0.00102827
16.0272,0.000894841
16.0312,2.46746e-05
16.0352,0.00130312
16.0392,0.00144576
16.0432,0.000600328
16.0472,0.00141483
16.0512,-0.000747667
16.0552,0.000583092
16.0592,0.00257496
16.0632,-0.000890818
16.0672,-0.000451832
16.0712,0.00134214
16.0752,0.00139973
16.0792,-0.000993827
16.0832,-0.000145347
16.0872,0.00108261
16.0912,0.000970166
16.0952,-0.00036109
16.0992,0.000254299
16.1032,0.00191202
16.1072,0.000269208
16.1112,-8.52242e-05
16.1152,0.000859059
16.1192,0.000349706
16.1232,-0.000265795
16.1272,2.44713e-05
16.1312,0.0013825
16.1352,0.000134573
16.1392,-0.000755675
16.1432,0.00111839
16.1472,0.00123731
16.1512,0.000109736
16.1552,-0.000998187
16.1592,0.0022777
16.1632,0.000287257
16.1672,9.71536e-05
16.1712,0.00162611
16.1752,0.000236464
16.1792,0.000260997
16.1832,0.000521343
16.1872,-0.000356526
16.1912,0.000607523
16.1952,0.000279949
16.1992,-0.000560613
16.2032,0.000780785
16.2072,-0.000462065
16.2112,-0.000514282
16.2152,0.000851853
16.2192,-0.000769669
16.2232,-0.00104888
16.2272,0.00078981
16.2312,-8.12711e-05
16.2352,-0.00121047
16.2392,-0.000661386
16.2432,0.000853987
16.2472,-6.53566e-05
16.2512,-0.00176068
16.2552,0.000408609
16.2592,0.00177728
16.2632,-0.00118026
16.2672,-0.000497351
16.2712,0.00109862
16.2752,0.000292024
16.2792,-0.00178663
16.2832,0.000524494
16.2872,0.000553691
16.2912,-0.000535979
16.2952,4.6067e-05
16.2992,4.15943e-05
16.3032,0.000357714
16.3072,5.82316e-05
16.3112,-7.66254e-06
16.3152,-0.000201008
16.3192,0.000669565
16.3232,0.000340885
16.3272,-0.00027552
16.3312,0.00142964
16.3352,-0.000397899
16.3392,-0.000492279
16.3432,0.000787077
16.3472,-0.000105397
16.3512,-0.00119507
16.3552,-0.000190368
16.3592,0.000767604
16.3632,-0.000109858
16.3672,0.0010016
16.3712,0.000361464
16.3752,0.00079356
16.3792,-0.000825116
16.3832,0.000255519
16.3872,0.00121835
16.3912,0.000422197
16.3952,-0.000182654
16.3992,0.00144688
16.4032,0.000513233
16.4072,-0.00213813
16.4112,0.00118104
16.4152,0.000725836
16.4192,-0.000428305
16.4232,-0.000471293
16.4272,0.000985979
16.4312,0.000327094
16.4352,-0.00127404
16.4392,-0.000334626
16.4432,0.000776832
16.4472,-0.000508092
16.4512,-0.000898826
16.4552,0.000824689
16.4592,-0.00175734
16.4632,-0.00122761
16.4672,0.000937422
16.4712,-0.00119729
16.4752,-0.00134044
16.4792,0.000357511
16.4832,-7.58947e-05
16.4872,-0.00138546
16.4912,-0.000852698
16.4952,0.000757066
16.4992,-0.000397391
16.5032,-0.0012929
16.5072,0.000975746
16.5112,-0.000140377
16.5152,-0.000668987
16.5192,-0.000187217
16.5232,0.000431018
16.5272,-4.49807e-05
16.5312,0.000158903
16.5352,0.0008848
16.5392,-0.00142784
16.5432,-0.000592239
16.5472,0.00118054
16.5512,0.000419249
16.5552,-0.000555135
16.5592,0.000125752
16.5632,0.000943205
16.5672,-0.000689973
16.5712,-0.000641823
16.5752,0.000526821
16.5792,0.000484036
16.5832,-0.00137421
16.5872,-0.00137746
16.5912,0.00127706
16.5952,-0.00126482
16.5992,0.000194086
16.6032,0.000320713
16.6072,-7.12412e-05
16.6112,9.00605e-05
16.6152,0.00042554
16.6192,-0.000357645
16.6232,0.000519728
16.6272,0.000186473
16.6312,-0.000224433
16.6352,0.000653244
16.6392,2.64931e-05
16.6432,-0.000796427
16.6472,-2.19584e-06
16.6512,0.000847086
16.6552,-0.000866184
16.6592,-0.00148198
16.6632,0.000293944
16.6672,-0.000569638
16.6712,0.000264543
16.6752,0.000239299
16.6792,-0.000592442
16.6832,0.000247612
16.6872,-0.000385114
16.6912,0.000813428
16.6952,0.00078423
16.6992,-0.000591843
16.7032,-0.000235175
16.7072,0.00123975
16.7112,-0.000734791
16.7152,-0.000229493
16.7192,0.000775612
16.7232,8.17475e-05
16.7272,-0.000460552
16.7312,-4.88323e-05
16.7352,0.00114019
16.7392,-1.48687e-05
16.7432,-0.000652971
16.7472,0.00119626
16.7512,0.000138222
16.7552,-0.000616477
16.7592,0.000223588
16.7632,0.000874363
16.7672,0.000598803
16.7712,-0.000858481
16.7752,-0.00165443
16.7792,0.000612594
16.7832,0.000974424
16.7872,-0.000644556
16.7912,-0.000140275
16.7952,0.000961447
16.7992,0.00046558
16.8032,-1.54786e-05
16.8072,0.000896874
16.8112,0.00103141
16.8152,-0.00108831
16.8192,0.00023564
16.8232,0.00126306
16.8272,-6.72767e-05
16.8312,-0.000228081
16.8352,0.00199921
16.8392,0.000525398
16.8432,-0.000725258
16.8472,0.00175883
16.8512,0.000736577
16.8552,-0.00047981
16.8592,0.000538172
16.8632,0.00070799
16.8672,-0.000991285
16.8712,-0.00017242
16.8752,0.00252771
16.8792,-0.000995849
16.8832,-0.000583734
16.8872,0.00163848
16.8912,0.00148722
16.8952,-0.000652869
16.8992,0.00143602
16.9032,0.000587949
16.9072,-0.000209016
16.9112,3.82623e-05
16.9152,0.00123619
16.9192,-0.000484271
16.9232,6.08633e-05
16.9272,0.000527532
16.9312,2.28448e-05
16.9352,0.00120031
16.9392,0.000791527
16.9432,-0.000672342
16.9472,0.00157289
16.9512,-0.000113315
16.9552,-0.00075973
16.9592,0.000428273
16.9632,0.00128547
16.9672,-0.00175075
16.9712,-0.000112095
16.9752,0.000702219
16.9792,0.000346962
16.9832,-0.000772809
16.9872,0.00113735
16.9912,0.000982941
16.9952,0.000125549
16.9992,0.000122104
17.0032,0.0014782
17.0072,0.00107753
17.0112,-0.000869019
17.0152,0.00217683
17.0192,0.00203358
17.0232,0.000191138
17.0272,0.00135208
17.0312,0.00199576
17.0352,-0.000249463
17.0392,0.000173699
17.0432,0.00197781
17.0472,0.000100813
17.0512,0.000291312
17.0552,0.000982941
17.0592,-0.000721101
17.0632,9.97966e-05
17.0672,0.00195257
17.0712,-0.000170184
17.0752,-0.000365449
17.0792,0.000680521
17.0832,0.00033744
17.0872,-0.00106965
17.0912,-0.000788927
17.0952,0.00126408
17.0992,-0.000358763
17.1032,-0.00160384
17.1072,0.00112204
17.1112,0.000828642
17.1152,-0.000991489
17.1192,-0.000560918
17.1232,0.000621415
17.1272,2.35564e-05
17.1312,-0.000908765
17.1352,-0.000422127
17.1392,0.000231291
17.1432,-0.000673144
17.1472,0.000501983
17.1512,0.000412257
17.1552,-0.000621639
17.1592,-0.000375999
17.1632,0.000290295
17.1672,-0.000254139
17.1712,-0.0013374
17.1752,0.00153132
17.1792,0.000603671
17.1832,-0.00228311
17.1872,0.00127675
17.1912,0.00145792
17.1952,-0.00218526
17.1992,0.00055115
17.2032,0.00267736
17.2072,-0.00037924
17.2112,0.00067798
17.2152,0.00074925
17.2192,0.00112823
17.2232,-0.000368488
17.2272,0.000404249
17.2312,-9.35373e-05
17.2352,-0.00120268
17.2392,-3.88928e-05
17.2432,-0.000451222
17.2472,-0.000733266
17.2512,0.000197124
17.2552,0.000673823
17.2592,-0.00129645
17.2632,7.31295e-05
17.2672,0.00162805
17.2712,-0.000468357
17.2752,-0.000477076
17.2792,0.000440641
17.2832,0.00121268
17.2872,-0.000685014
17.2912,-0.000840838
17.2952,0.000599819
17.2992,0.000126769
17.3032,-0.000670918
17.3072,-0.000575918
17.3112,0.000592015
17.3152,0.000748143
17.3192,-0.000553915
17.3232,-0.000461659
17.3272,0.00175985
17.3312,-0.000400328
17.3352,0.000450987
17.3392,0.00215635
17.3432,-0.0010359
17.3472,-0.000130144
17.3512,0.00209816
17.3552,8.5294e-05
17.3592,-0.000454667
17.3632,0.000615836
17.3672,0.000449971
17.3712,0.000820837
17.3752,-0.000605736
17.3792,0.000694809
17.3832,0.00113756
17.3872,-0.000588093
17.3912,-0.000288701
17.3952,0.00143551
17.3992,0.000191748
17.4032,-0.00128622
17.4072,0.00042057
17.4112,0.000527024
17.4152,-0.0016662
17.4192,0.000628305
17.4232,-0.000155489
17.4272,0.000234533
17.4312,0.000325874
17.4352,0.000914099
17.4392,0.000135082
17.4432,-0.000118375
17.4472,0.000190031
17.4512,0.00147253
17.4552,0.000304583
17.4592,-0.000766315
17.4632,0.000887544
17.4672,0.00134295
17.4712,0.00117081
17.4752,-0.000351161
17.4792,0.000475215
17.4832,0.00142547
17.4872,0.000516373
17.4912,-0.000815594
17.4952,0.00186893
17.4992,0.000797615
17.5032,-2.10469e-05
17.5072,0.00160645
17.5112,0.000627593
17.5152,0.0004593
17.5192,0.000684068
17.5232,0.000821436
17.5272,0.00141929
17.5312,0.00147475
17.5352,-0.00031364
17.5392,0.000115203
17.5432,0.00126854
17.5472,1.60566e-05
17.5512,0.000185061
17.5552,7.49593e-05
17.5592,0.000851039
17.5632,0.0002981
17.5672,0.000141667
17.5712,0.000566963
17.5752,0.000259878
17.5792,0.000146636
17.5832,0.000352236
17.5872,-0.00087531
17.5912,-0.000616884
17.5952,0.00110329
17.5992,-0.000980137
17.6032,-0.000292146
17.6072,0.0018595
17.6112,-0.000172014
17.6152,-0.00160669
17.6192,0.0014196
17.6232,5.4685e-05
17.6272,0.000188608
17.6312,-0.000629455
17.6352,0.000738611
17.6392,0.000147348
17.6432,-0.0011164
17.6472,0.000421485
17.6512,0.00160594
17.6552,-0.00137481
17.6592,-0.000661792
17.6632,0.000995308
17.6672,-0.000288498
17.6712,-0.000851884
17.6752,-0.000997068
17.6792,7.38411e-05
17.6832,-0.00111203
17.6872,0.000110041
17.6912,-0.000215804
17.6952,-0.000680146
17.6992,0.000905481
17.7032,-0.000325206
17.7072,-0.000235073
17.7112,0.000211921
17.7152,-0.000508194
17.7192,-0.000214087
17.7232,0.000352033
17.7272,-0.000462574
17.7312,0.000614921
17.7352,0.00104367
17.7392,-0.000765806
17.7432,-0.000246831
17.7472,0.00160372
17.7512,-0.00087906
17.7552,-0.00155508
17.7592,0.00095354
17.7632,0.000618162
17.7672,-0.000647391
17.7712,-0.000821569
17.7752,0.000935694
17.7792,-0.00123136
17.7832,-0.000721406
17.7872,0.000931639
17.7912,0.000258659
17.7952,-0.00123572
17.7992,-0.000743714
17.8032,0.00146907
17.8072,-0.000591233
17.8112,-8.79689e-05
17.8152,0.00161527
17.8192,0.000363802
17.8232,-0.00111426
17.8272,0.00197001
17.8312,0.000375662
17.8352,-0.000853003
17.8392,0.00185433
17.8432,0.000444301
17.8472,0.000124532
17.8512,0.000813021
17.8552,0.000660145
17.8592,0.000878926
17.8632,0.000817381
17.8672,0.00119646
17.8712,0.00025187
17.8752,0.000980716
17.8792,0.000905187
17.8832,0.000196413
17.8872,0.000249837
17.8912,0.000617665
17.8952,0.00138614
17.8992,0.00210089
17.9032,6.84647e-05
17.9072,0.000817482
17.9112,0.00259858
17.9152,0.00109842
17.9192,-5.54284e-05
17.9232,0.00300015
17.9272,0.000420875
17.9312,-0.000483153
17.9352,0.000495896
17.9392,-6.45434e-05
17.9432,-0.000357645
17.9472,0.000559158
17.9512,0.000247002
17.9552,0.000142683
17.9592,0.000243659
17.9632,0.000592015
17.9672,0.00131579
17.9712,-0.000374779
17.9752,0.000453924
