Time [ms],Trace [mG]
-0.999744,0.370248
-0.999232,0.318255
-0.99872,0.261388
-0.998208,0.204157
-0.997696,0.150525
-0.997184,0.103739
-0.996672,0.0661023
-0.99616,0.0388963
-0.995648,0.0215519
-0.995136,0.0211143
-0.994624,0.032436
-0.994112,0.0488326
-0.9936,0.0632391
-0.993088,0.0694873
-0.992576,0.0634943
-0.992064,0.043881
-0.991552,0.0124087
-0.99104,-0.0269169
-0.990528,-0.0689164
-0.990016,-0.108368
-0.989504,-0.140855
-0.988992,-0.163415
-0.98848,-0.175326
-0.987968,-0.177831
-0.987456,-0.17343
-0.986944,-0.164927
-0.986432,-0.154727
-0.98592,-0.144698
-0.985408,-0.135403
-0.984896,-0.126207
-0.984384,-0.115281
-0.983872,-0.100554
-0.98336,-0.0802757
-0.982848,-0.05337
-0.982336,-0.0200566
-0.981824,0.0180327
-0.981312,0.0574737
-0.9808,0.0940541
-0.980288,0.123368
-0.979776,0.141808
-0.979264,0.146715
-0.978752,0.136824
-0.97824,0.112826
-0.977728,0.0774239
-0.977216,0.0347961
-0.976704,-0.0107419
-0.976192,-0.0550522
-0.97568,-0.0943883
-0.975168,-0.125372
-0.974656,-0.145782
-0.974144,-0.154939
-0.973632,-0.153567
-0.97312,-0.143215
-0.972608,-0.125886
-0.972096,-0.104266
-0.971584,-0.0816504
-0.971072,-0.0613446
-0.97056,-0.0453353
-0.970048,-0.0337337
-0.969536,-0.0249358
-0.969024,-0.0161495
-0.968512,-0.00365892
-0.968,0.0167939
-0.967488,0.0485047
-0.966976,0.0923224
-0.966464,0.145554
-0.965952,0.202644
-0.96544,0.256295
-0.964928,0.298792
-0.964416,0.323537
-0.963904,0.326641
-0.963392,0.308777
-0.96288,0.275152
-0.962368,0.234479
-0.961856,0.196593
-0.961344,0.170577
-0.960832,0.163096
-0.96032,0.176749
-0.959808,0.20928
-0.959296,0.253788
-0.958784,0.301088
-0.958272,0.341699
-0.95776,0.367485
-0.957248,0.372584
-0.956736,0.354326
-0.956224,0.313848
-0.955712,0.255063
-0.9552,0.183329
-0.954688,0.103879
-0.954176,0.0216431
-0.953664,-0.0585707
-0.953152,-0.1322
-0.95264,-0.195066
-0.952128,-0.24366
-0.951616,-0.274422
-0.951104,-0.283974
-0.950592,-0.269877
-0.95008,-0.231717
-0.949568,-0.171676
-0.949056,-0.0939761
-0.948544,-0.00473917
-0.948032,0.0887205
-0.94752,0.178495
-0.947008,0.2574
-0.946496,0.320303
-0.945984,0.364575
-0.945472,0.390315
-0.94496,0.399722
-0.944448,0.39666
-0.943936,0.385869
-0.943424,0.372008
-0.942912,0.359043
-0.9424,0.349383
-0.941888,0.343834
-0.941376,0.341516
-0.940864,0.340243
-0.940352,0.337174
-0.93984,0.329263
-0.939328,0.314283
-0.938816,0.291207
-0.938304,0.261103
-0.937792,0.227072
-0.93728,0.193825
-0.936768,0.166841
-0.936256,0.151245
-0.935744,0.151149
-0.935232,0.168247
-0.93472,0.201292
-0.934208,0.24569
-0.933696,0.294551
-0.933184,0.339986
-0.932672,0.374342
-0.93216,0.391498
-0.931648,0.387688
-0.931136,0.36269
-0.930624,0.319651
-0.930112,0.264427
-0.929599,0.204221
-0.929087,0.14638
-0.928575,0.0975199
-0.928063,0.0624402
-0.927551,0.0435304
-0.927039,0.0403943
-0.926527,0.0504887
-0.926015,0.0700215
-0.925503,0.0946285
-0.924991,0.119857
-0.924479,0.141632
-0.923967,0.156956
-0.923455,0.164116
-0.922943,0.162431
-0.922431,0.151855
-0.921919,0.132819
-0.921407,0.106276
-0.920895,0.0736062
-0.920383,0.0364462
-0.919871,-0.00335519
-0.919359,-0.0435476
-0.918847,-0.0813409
-0.918335,-0.113531
-0.917823,-0.136832
-0.917311,-0.148191
-0.916799,-0.144969
-0.916287,-0.125077
-0.915775,-0.0871755
-0.915263,-0.030963
-0.914751,0.0425555
-0.914239,0.130837
-0.913727,0.229507
-0.913215,0.332449
-0.912703,0.432181
-0.912191,0.520525
-0.911679,0.589291
-0.911167,0.631372
-0.910655,0.642283
-0.910143,0.621188
-0.909631,0.571273
-0.909119,0.499244
-0.908607,0.414742
-0.908095,0.32913
-0.907583,0.253702
-0.907071,0.197554
-0.906559,0.165804
-0.906047,0.158993
-0.905535,0.173309
-0.905023,0.201335
-0.904511,0.233229
-0.903999,0.258609
-0.903487,0.268974
-0.902975,0.259504
-0.902463,0.229684
-0.901951,0.183153
-0.901439,0.126884
-0.900927,0.0700259
-0.900415,0.0216849
-0.899903,-0.0112493
-0.899391,-0.0256103
-0.898879,-0.0221362
-0.898367,-0.00461055
-0.897855,0.0211213
-0.897343,0.0485852
-0.896831,0.07215
-0.896319,0.0886025
-0.895807,0.0977678
-0.895295,0.101981
-0.894783,0.104855
-0.894271,0.10998
-0.893759,0.120071
-0.893247,0.136322
-0.892735,0.158056
-0.892223,0.182636
-0.891711,0.20623
-0.891199,0.224934
-0.890687,0.235892
-0.890175,0.237509
-0.889663,0.229216
-0.889151,0.211464
-0.888639,0.185661
-0.888127,0.154341
-0.887615,0.120408
-0.887103,0.0867906
-0.886591,0.055844
-0.886079,0.0293173
-0.885567,0.00831416
-0.885055,-0.00707194
-0.884543,-0.0176613
-0.884031,-0.0253395
-0.883519,-0.032137
-0.883007,-0.0397774
-0.882495,-0.0488385
-0.881983,-0.0584558
-0.881471,-0.0665401
-0.880959,-0.0700575
-0.880447,-0.0658935
-0.879935,-0.0513397
-0.879423,-0.0254277
-0.878911,0.0101897
-0.878399,0.0510351
-0.877887,0.090643
-0.877375,0.122255
-0.876863,0.139855
-0.876351,0.139376
-0.875839,0.119339
-0.875327,0.0816478
-0.874815,0.0314218
-0.874303,-0.024361
-0.873791,-0.0784936
-0.873279,-0.125239
-0.872767,-0.160742
-0.872255,-0.183421
-0.871743,-0.193703
-0.871231,-0.193732
-0.870719,-0.186375
-0.870207,-0.173948
-0.869695,-0.157769
-0.869183,-0.138053
-0.868671,-0.114822
-0.868159,-0.0881771
-0.867647,-0.0587976
-0.867135,-0.0280132
-0.866623,0.00229348
-0.866111,0.0296456
-0.865599,0.0520327
-0.865087,0.0684023
-0.864575,0.0794896
-0.864063,0.0874202
-0.863551,0.0949843
-0.863039,0.105108
-0.862527,0.119711
-0.862015,0.139702
-0.861503,0.164063
-0.860991,0.190379
-0.860479,0.215213
-0.859967,0.235029
-0.859455,0.247187
-0.858943,0.249989
-0.858431,0.243514
-0.857919,0.228864
-0.857407,0.208276
-0.856895,0.184063
-0.856383,0.158386
-0.855871,0.13272
-0.855359,0.107525
-0.854847,0.0826955
-0.854335,0.0575352
-0.853823,0.0317147
-0.853311,0.00521243
-0.852799,-0.0211094
-0.852287,-0.0461885
-0.851775,-0.0689682
-0.851263,-0.0885348
-0.850751,-0.104125
-0.850239,-0.115237
-0.849727,-0.122161
-0.849215,-0.125657
-0.848703,-0.12675
-0.848191,-0.125952
-0.847679,-0.123177
-0.847167,-0.117724
-0.846655,-0.108707
-0.846143,-0.0949329
-0.845631,-0.0747419
-0.845119,-0.0464676
-0.844607,-0.00929311
-0.844095,0.0360703
-0.843583,0.0878069
-0.843071,0.143171
-0.842559,0.198638
-0.842047,0.24966
-0.841535,0.291113
-0.841023,0.318297
-0.840511,0.328175
-0.839999,0.320105
-0.839487,0.295741
-0.838975,0.25882
-0.838463,0.214933
-0.837951,0.170932
-0.837439,0.13334
-0.836927,0.106748
-0.836415,0.0926716
-0.835903,0.0896463
-0.835391,0.0936056
-0.834879,0.0989207
-0.834367,0.0994772
-0.833855,0.0901261
-0.833343,0.0681075
-0.832831,0.0337076
-0.832319,-0.00977399
-0.831807,-0.0572042
-0.831295,-0.102559
-0.830783,-0.140171
-0.830271,-0.16551
-0.829759,-0.176059
-0.829247,-0.171672
-0.828735,-0.154404
-0.828223,-0.12788
-0.827711,-0.0963547
-0.827199,-0.064252
-0.826687,-0.0357695
-0.826175,-0.0147009
-0.825663,-0.00382287
-0.825151,-0.00445751
-0.824639,-0.0163015
-0.824127,-0.03757
-0.823615,-0.0651511
-0.823103,-0.0947728
-0.822591,-0.121542
-0.822079,-0.141007
-0.821567,-0.150169
-0.821055,-0.148072
-0.820543,-0.135786
-0.820031,-0.116218
-0.819519,-0.0938963
-0.819007,-0.0742522
-0.818495,-0.0624975
-0.817983,-0.0623639
-0.817471,-0.0755925
-0.816959,-0.101822
-0.816447,-0.138562
-0.815935,-0.181358
-0.815423,-0.224351
-0.814911,-0.261224
-0.814399,-0.286267
-0.813887,-0.294985
-0.813375,-0.284442
-0.812863,-0.253193
-0.812351,-0.201691
-0.811839,-0.132558
-0.811327,-0.0501003
-0.810815,0.0404035
-0.810303,0.133574
-0.809791,0.223866
-0.809279,0.306043
-0.808767,0.375521
-0.808255,0.42914
-0.807743,0.465575
-0.807231,0.484891
-0.806719,0.488047
-0.806207,0.476481
-0.805695,0.452557
-0.805183,0.419068
-0.804671,0.3784
-0.804159,0.331754
-0.803647,0.279431
-0.803135,0.221432
-0.802623,0.157776
-0.802111,0.0887602
-0.801599,0.0151282
-0.801087,-0.061162
-0.800575,-0.136708
-0.800063,-0.206622
-0.799551,-0.26545
-0.799039,-0.307956
-0.798527,-0.329826
-0.798015,-0.328546
-0.797503,-0.304055
-0.796991,-0.259304
-0.796479,-0.199935
-0.795967,-0.133794
-0.795455,-0.0699631
-0.794943,-0.0174147
-0.794431,0.0164778
-0.793919,0.0270651
-0.793407,0.0131333
-0.792895,-0.0230754
-0.792383,-0.0758826
-0.791871,-0.137057
-0.791359,-0.197099
-0.790847,-0.2471
-0.790335,-0.280576
-0.789823,-0.294048
-0.789311,-0.287561
-0.788798,-0.264053
-0.788286,-0.229241
-0.787774,-0.190404
-0.787262,-0.154982
-0.78675,-0.129191
-0.786238,-0.116773
-0.785726,-0.118971
-0.785214,-0.13421
-0.784702,-0.158691
-0.78419,-0.186794
-0.783678,-0.212266
-0.783166,-0.229641
-0.782654,-0.235135
-0.782142,-0.227198
-0.78163,-0.206304
-0.781118,-0.175006
-0.780606,-0.13752
-0.780094,-0.0988689
-0.779582,-0.0638388
-0.77907,-0.0359925
-0.778558,-0.017212
-0.778046,-0.00737454
-0.777534,-0.00451806
-0.777022,-0.00530715
-0.77651,-0.00583387
-0.775998,-0.00238309
-0.775486,0.00795871
-0.774974,0.0272103
-0.774462,0.0563232
-0.77395,0.0950398
-0.773438,0.141894
-0.772926,0.194486
-0.772414,0.250048
-0.771902,0.305264
-0.77139,0.356676
-0.770878,0.400904
-0.770366,0.43524
-0.769854,0.457594
-0.769342,0.466177
-0.76883,0.459787
-0.768318,0.437831
-0.767806,0.400853
-0.767294,0.35017
-0.766782,0.287823
-0.76627,0.216656
-0.765758,0.140481
-0.765246,0.064228
-0.764734,-0.00703836
-0.764222,-0.0685887
-0.76371,-0.116582
-0.763198,-0.147993
-0.762686,-0.161118
-0.762174,-0.156248
-0.761662,-0.135595
-0.76115,-0.102818
-0.760638,-0.0618738
-0.760126,-0.0170393
-0.759614,0.0272046
-0.759102,0.0660097
-0.75859,0.0947754
-0.758078,0.109604
-0.757566,0.107187
-0.757054,0.0848738
-0.756542,0.0407629
-0.75603,-0.0250171
-0.755518,-0.109694
-0.755006,-0.207729
-0.754494,-0.311723
-0.753982,-0.413289
-0.75347,-0.503699
-0.752958,-0.575083
-0.752446,-0.621792
-0.751934,-0.641574
-0.751422,-0.635551
-0.75091,-0.60745
-0.750398,-0.562621
-0.749886,-0.507259
-0.749374,-0.447524
-0.748862,-0.388731
-0.74835,-0.334637
-0.747838,-0.287625
-0.747326,-0.249433
-0.746814,-0.221855
-0.746302,-0.207029
-0.74579,-0.207058
-0.745278,-0.223659
-0.744766,-0.257392
-0.744254,-0.306934
-0.743742,-0.368516
-0.74323,-0.435903
-0.742718,-0.50121
-0.742206,-0.556097
-0.741694,-0.593283
-0.741182,-0.607685
-0.74067,-0.597203
-0.740158,-0.562845
-0.739646,-0.508514
-0.739134,-0.440012
-0.738622,-0.363743
-0.73811,-0.285001
-0.737598,-0.206972
-0.737086,-0.130838
-0.736574,-0.0562648
-0.736062,0.0174676
-0.73555,0.0911843
-0.735038,0.164474
-0.734526,0.235253
-0.734014,0.29927
-0.733502,0.35087
-0.73299,0.384385
-0.732478,0.394787
-0.731966,0.378777
-0.731454,0.334721
-0.730942,0.263902
-0.73043,0.170483
-0.729918,0.0612004
-0.729406,-0.0556775
-0.728894,-0.1716
-0.728382,-0.277968
-0.72787,-0.367077
-0.727358,-0.432503
-0.726846,-0.47026
-0.726334,-0.47942
-0.725822,-0.461963
-0.72531,-0.422565
-0.724798,-0.367724
-0.724286,-0.305349
-0.723774,-0.243765
-0.723262,-0.190386
-0.72275,-0.150689
-0.722238,-0.12709
-0.721726,-0.119289
-0.721214,-0.124466
-0.720702,-0.137806
-0.72019,-0.153116
-0.719678,-0.163603
-0.719166,-0.163606
-0.718654,-0.149351
-0.718142,-0.119533
-0.71763,-0.074923
-0.717118,-0.0180733
-0.716606,0.0467563
-0.716094,0.114249
-0.715582,0.178733
-0.71507,0.235236
-0.714558,0.279939
-0.714046,0.310182
-0.713534,0.324731
-0.713022,0.323798
-0.71251,0.309338
-0.711998,0.284638
-0.711486,0.253717
-0.710974,0.220853
-0.710462,0.189898
-0.70995,0.164261
-0.709438,0.146194
-0.708926,0.136742
-0.708414,0.135404
-0.707902,0.140385
-0.70739,0.149196
-0.706878,0.158836
-0.706366,0.166405
-0.705854,0.168982
-0.705342,0.164307
-0.70483,0.151045
-0.704318,0.129
-0.703806,0.0991352
-0.703294,0.0630386
-0.702782,0.0231579
-0.70227,-0.0173668
-0.701758,-0.0547841
-0.701246,-0.0853915
-0.700734,-0.106444
-0.700222,-0.116068
-0.69971,-0.113432
-0.699198,-0.0983551
-0.698686,-0.0714877
-0.698174,-0.0340362
-0.697662,0.013064
-0.69715,0.0693812
-0.696638,0.135231
-0.696126,0.21054
-0.695614,0.294425
-0.695102,0.384809
-0.69459,0.478404
-0.694078,0.570735
-0.693566,0.655787
-0.693054,0.727004
-0.692542,0.778303
-0.69203,0.8055
-0.691518,0.806797
-0.691006,0.782811
-0.690494,0.73681
-0.689982,0.674002
-0.68947,0.600854
-0.688958,0.523558
-0.688446,0.447161
-0.687934,0.375142
-0.687422,0.308957
-0.68691,0.248351
-0.686398,0.191307
-0.685886,0.135188
-0.685374,0.0775422
-0.684862,0.0168344
-0.68435,-0.0470852
-0.683838,-0.113161
-0.683326,-0.178737
-0.682814,-0.240321
-0.682302,-0.294235
-0.68179,-0.337526
-0.681278,-0.368294
-0.680766,-0.385386
-0.680254,-0.388679
-0.679742,-0.378809
-0.67923,-0.357172
-0.678718,-0.325484
-0.678206,-0.285678
-0.677694,-0.240196
-0.677182,-0.192059
-0.67667,-0.145058
-0.676158,-0.103258
-0.675646,-0.0704607
-0.675134,-0.0495968
-0.674622,-0.042087
-0.67411,-0.0472116
-0.673598,-0.0616181
-0.673086,-0.0797722
-0.672574,-0.0951721
-0.672062,-0.101632
-0.67155,-0.0944691
-0.671038,-0.0712506
-0.670526,-0.0323791
-0.670014,0.0189868
-0.669502,0.0776435
-0.66899,0.137606
-0.668478,0.193583
-0.667966,0.241704
-0.667454,0.279668
-0.666942,0.306332
-0.66643,0.321553
-0.665918,0.325564
-0.665406,0.318253
-0.664894,0.298505
-0.664382,0.264506
-0.66387,0.214676
-0.663358,0.148638
-0.662846,0.0681342
-0.662334,-0.0227501
-0.661822,-0.117431
-0.66131,-0.207753
-0.660798,-0.284933
-0.660286,-0.341565
-0.659774,-0.373178
-0.659262,-0.379405
-0.65875,-0.364019
-0.658238,-0.333969
-0.657726,-0.298292
-0.657214,-0.265795
-0.656702,-0.243584
-0.65619,-0.235177
-0.655678,-0.240339
-0.655166,-0.255078
-0.654654,-0.272831
-0.654142,-0.286296
-0.65363,-0.28895
-0.653118,-0.276887
-0.652606,-0.249009
-0.652094,-0.207333
-0.651582,-0.155792
-0.65107,-0.0996404
-0.650558,-0.0444068
-0.650046,0.00505604
-0.649534,0.0453321
-0.649022,0.0748432
-0.64851,0.0931457
-0.647997,0.100861
-0.647485,0.0994585
-0.646973,0.0916725
-0.646461,0.0808607
-0.645949,0.0703179
-0.645437,0.0625883
-0.644925,0.0592267
-0.644413,0.0607393
-0.643901,0.0660324
-0.643389,0.0723244
-0.642877,0.075446
-0.642365,0.0712297
-0.641853,0.0567406
-0.641341,0.0310077
-0.640829,-0.00477712
-0.640317,-0.0470979
-0.639805,-0.0901334
-0.639293,-0.126643
-0.638781,-0.149467
-0.638269,-0.152957
-0.637757,-0.13372
-0.637245,-0.0909675
-0.636733,-0.0264814
-0.636221,0.0554118
-0.635709,0.148332
-0.635197,0.244748
-0.634685,0.337248
-0.634173,0.419472
-0.633661,0.486334
-0.633149,0.534383
-0.632637,0.562078
-0.632125,0.570193
-0.631613,0.561141
-0.631101,0.538084
-0.630589,0.504022
-0.630077,0.461606
-0.629565,0.413319
-0.629053,0.361152
-0.628541,0.306541
-0.628029,0.250169
-0.627517,0.192984
-0.627005,0.136648
-0.626493,0.0836202
-0.625981,0.0364088
-0.625469,-0.00309541
-0.624957,-0.033345
-0.624445,-0.0533989
-0.623933,-0.0630257
-0.623421,-0.0634105
-0.622909,-0.0568313
-0.622397,-0.0458497
-0.621885,-0.0328041
-0.621373,-0.0194848
-0.620861,-0.0077021
-0.620349,0.000810263
-0.619837,0.00452959
-0.619325,0.00219288
-0.618813,-0.00727533
-0.618301,-0.0253226
-0.617789,-0.0530344
-0.617277,-0.0905146
-0.616765,-0.135881
-0.616253,-0.185045
-0.615741,-0.232326
-0.615229,-0.270848
-0.614717,-0.293975
-0.614205,-0.296145
-0.613693,-0.274808
-0.613181,-0.231215
-0.612669,-0.170464
-0.612157,-0.100704
-0.611645,-0.0313437
-0.611133,0.0281709
-0.610621,0.0705267
-0.610109,0.0914879
-0.609597,0.0910182
-0.609085,0.0730437
-0.608573,0.0441137
-0.608061,0.0117693
-0.607549,-0.0173252
-0.607037,-0.0378904
-0.606525,-0.0469267
-0.606013,-0.0438119
-0.605501,-0.0301115
-0.604989,-0.00875081
-0.604477,0.0170492
-0.603965,0.0443019
-0.603453,0.0706456
-0.602941,0.0943144
-0.602429,0.114385
-0.601917,0.131115
-0.601405,0.145868
-0.600893,0.160403
-0.600381,0.176301
-0.599869,0.194761
-0.599357,0.216706
-0.598845,0.242155
-0.598333,0.269699
-0.597821,0.29652
-0.597309,0.318992
-0.596797,0.333525
-0.596285,0.336955
-0.595773,0.327207
-0.595261,0.303808
-0.594749,0.268313
-0.594237,0.223937
-0.593725,0.174588
-0.593213,0.123945
-0.592701,0.0751942
-0.592189,0.0307204
-0.591677,-0.00820108
-0.591165,-0.0418904
-0.590653,-0.0715866
-0.590141,-0.0984342
-0.589629,-0.122969
-0.589117,-0.14507
-0.588605,-0.164489
-0.588093,-0.180186
-0.587581,-0.190554
-0.587069,-0.193501
-0.586557,-0.187733
-0.586045,-0.173067
-0.585533,-0.150183
-0.585021,-0.120283
-0.584509,-0.0848573
-0.583997,-0.0462933
-0.583485,-0.00734232
-0.582973,0.0290777
-0.582461,0.0608401
-0.581949,0.0863936
-0.581437,0.104935
-0.580925,0.116303
-0.580413,0.12115
-0.579901,0.120831
-0.579389,0.11697
-0.578877,0.111258
-0.578365,0.10498
-0.577853,0.0990491
-0.577341,0.0936077
-0.576829,0.0882191
-0.576317,0.0816321
-0.575805,0.0723199
-0.575293,0.0585626
-0.574781,0.0388774
-0.574269,0.0122791
-0.573757,-0.0212322
-0.573245,-0.0601639
-0.572733,-0.101846
-0.572221,-0.142545
-0.571709,-0.178224
-0.571197,-0.204671
-0.570685,-0.218201
-0.570173,-0.216257
-0.569661,-0.198291
-0.569149,-0.166309
-0.568637,-0.124417
-0.568125,-0.0778617
-0.567613,-0.0320933
-0.567101,0.00779369
-0.566589,0.0376904
-0.566077,0.0554398
-0.565565,0.0614669
-0.565053,0.0583023
-0.564541,0.0496747
-0.564029,0.0390524
-0.563517,0.0293459
-0.563005,0.0224505
-0.562493,0.0190728
-0.561981,0.0183899
-0.561469,0.0179956
-0.560957,0.0152896
-0.560445,0.00799663
-0.559933,-0.00506776
-0.559421,-0.0246735
-0.558909,-0.051143
-0.558397,-0.0841948
-0.557885,-0.123131
-0.557373,-0.16677
-0.556861,-0.214263
-0.556349,-0.264385
-0.555837,-0.31519
-0.555325,-0.363439
-0.554813,-0.404963
-0.554301,-0.435482
-0.553789,-0.450984
-0.553277,-0.448679
-0.552765,-0.427776
-0.552253,-0.390626
-0.551741,-0.343027
-0.551229,-0.29337
-0.550717,-0.251243
-0.550205,-0.225684
-0.549693,-0.223808
-0.549181,-0.249502
-0.548669,-0.302236
-0.548157,-0.377264
-0.547645,-0.466409
-0.547133,-0.56008
-0.546621,-0.648801
-0.546109,-0.724559
-0.545597,-0.781857
-0.545085,-0.817968
-0.544573,-0.833246
-0.544061,-0.83
-0.543549,-0.811668
-0.543037,-0.781741
-0.542525,-0.743526
-0.542013,-0.700272
-0.541501,-0.655102
-0.540989,-0.611282
-0.540477,-0.572086
-0.539965,-0.540987
-0.539453,-0.521155
-0.538941,-0.514645
-0.538429,-0.521414
-0.537917,-0.538802
-0.537405,-0.56176
-0.536893,-0.583407
-0.536381,-0.595917
-0.535869,-0.591611
-0.535357,-0.564517
-0.534845,-0.511831
-0.534333,-0.43479
-0.533821,-0.338397
-0.533309,-0.230515
-0.532797,-0.120556
-0.532285,-0.01806
-0.531773,0.0689356
-0.531261,0.135319
-0.530749,0.179483
-0.530237,0.203031
-0.529725,0.209649
-0.529213,0.204006
-0.528701,0.190433
-0.528189,0.171968
-0.527677,0.149517
-0.527165,0.121883
-0.526653,0.086572
-0.526141,0.0410667
-0.525629,-0.0157787
-0.525117,-0.0829902
-0.524605,-0.156724
-0.524093,-0.230222
-0.523581,-0.294255
-0.523069,-0.338396
-0.522557,-0.352626
-0.522045,-0.328416
-0.521533,-0.259628
-0.521021,-0.142676
-0.520509,0.0234903
-0.519997,0.237556
-0.519485,0.496883
-0.518973,0.79834
-0.518461,1.13948
-0.517949,1.51826
-0.517437,1.93282
-0.516925,2.38153
-0.516413,2.86251
-0.515901,3.37363
-0.515389,3.91139
-0.514877,4.47128
-0.514365,5.04766
-0.513853,5.63446
-0.513341,6.22594
-0.512829,6.81682
-0.512317,7.40315
-0.511805,7.98238
-0.511293,8.55415
-0.510781,9.11994
-0.510269,9.68276
-0.509757,10.2469
-0.509245,10.817
-0.508733,11.3981
-0.508221,11.9943
-0.507708,12.6088
-0.507196,13.2429
-0.506684,13.8961
-0.506172,14.5659
-0.50566,15.2483
-0.505148,15.9385
-0.504636,16.6318
-0.504124,17.3239
-0.503612,18.0119
-0.5031,18.695
-0.502588,19.3746
-0.502076,20.0538
-0.501564,20.7365
-0.501052,21.4269
-0.50054,22.1283
-0.500028,22.8427
-0.499516,23.5702
-0.499004,24.3093
-0.498492,25.0571
-0.49798,25.8103
-0.497468,26.5657
-0.496956,27.3209
-0.496444,28.0744
-0.495932,28.8253
-0.49542,29.5733
-0.494908,30.3186
-0.494396,31.0617
-0.493884,31.8035
-0.493372,32.5447
-0.49286,33.2864
-0.492348,34.0297
-0.491836,34.7767
-0.491324,35.5294
-0.490812,36.2895
-0.4903,37.0573
-0.489788,37.8324
-0.489276,38.6132
-0.488764,39.3972
-0.488252,40.1807
-0.48774,40.9591
-0.487228,41.7282
-0.486716,42.4848
-0.486204,43.2268
-0.485692,43.953
-0.48518,44.6627
-0.484668,45.3565
-0.484156,46.036
-0.483644,46.7033
-0.483132,47.3595
-0.48262,48.0055
-0.482108,48.6415
-0.481596,49.2679
-0.481084,49.8851
-0.480572,50.4931
-0.48006,51.0923
-0.479548,51.6843
-0.479036,52.2718
-0.478524,52.8584
-0.478012,53.4476
-0.4775,54.0421
-0.476988,54.6446
-0.476476,55.2567
-0.475964,55.8783
-0.475452,56.5087
-0.47494,57.1465
-0.474428,57.7915
-0.473916,58.4446
-0.473404,59.1077
-0.472892,59.7832
-0.47238,60.4735
-0.471868,61.1797
-0.471356,61.9008
-0.470844,62.6325
-0.470332,63.368
-0.46982,64.0986
-0.469308,64.816
-0.468796,65.513
-0.468284,66.1852
-0.467772,66.8316
-0.46726,67.4546
-0.466748,68.0589
-0.466236,68.6497
-0.465724,69.2317
-0.465212,69.8075
-0.4647,70.3779
-0.464188,70.9423
-0.463676,71.4993
-0.463164,72.0484
-0.462652,72.5906
-0.46214,73.1285
-0.461628,73.6662
-0.461116,74.2081
-0.460604,74.7577
-0.460092,75.3168
-0.45958,75.8847
-0.459068,76.4585
-0.458556,77.0344
-0.458044,77.6087
-0.457532,78.1789
-0.45702,78.7445
-0.456508,79.3073
-0.455996,79.8706
-0.455484,80.4391
-0.454972,81.0169
-0.45446,81.607
-0.453948,82.21
-0.453436,82.8243
-0.452924,83.4465
-0.452412,84.0718
-0.4519,84.6947
-0.451388,85.3097
-0.450876,85.9126
-0.450364,86.5008
-0.449852,87.0736
-0.44934,87.6313
-0.448828,88.1756
-0.448316,88.7086
-0.447804,89.2328
-0.447292,89.7502
-0.44678,90.2622
-0.446268,90.7694
-0.445756,91.272
-0.445244,91.7702
-0.444732,92.2646
-0.44422,92.7558
-0.443708,93.2454
-0.443196,93.735
-0.442684,94.227
-0.442172,94.7237
-0.44166,95.2262
-0.441148,95.735
-0.440636,96.2492
-0.440124,96.7671
-0.439612,97.286
-0.4391,97.802
-0.438588,98.3105
-0.438076,98.8067
-0.437564,99.2868
-0.437052,99.7482
-0.43654,100.19
-0.436028,100.615
-0.435516,101.028
-0.435004,101.438
-0.434492,101.856
-0.43398,102.295
-0.433468,102.766
-0.432956,103.275
-0.432444,103.827
-0.431932,104.419
-0.43142,105.042
-0.430908,105.684
-0.430396,106.327
-0.429884,106.957
-0.429372,107.56
-0.42886,108.125
-0.428348,108.649
-0.427836,109.134
-0.427324,109.586
-0.426812,110.017
-0.4263,110.439
-0.425788,110.861
-0.425276,111.291
-0.424764,111.732
-0.424252,112.182
-0.42374,112.636
-0.423228,113.087
-0.422716,113.526
-0.422204,113.949
-0.421692,114.352
-0.42118,114.736
-0.420668,115.107
-0.420156,115.471
-0.419644,115.837
-0.419132,116.213
-0.41862,116.604
-0.418108,117.014
-0.417596,117.442
-0.417084,117.886
-0.416572,118.34
-0.41606,118.798
-0.415548,119.257
-0.415036,119.709
-0.414524,120.152
-0.414012,120.583
-0.4135,121.001
-0.412988,121.406
-0.412476,121.802
-0.411964,122.191
-0.411452,122.578
-0.41094,122.967
-0.410428,123.362
-0.409916,123.764
-0.409404,124.173
-0.408892,124.586
-0.40838,124.996
-0.407868,125.399
-0.407356,125.788
-0.406844,126.16
-0.406332,126.512
-0.40582,126.849
-0.405308,127.177
-0.404796,127.505
-0.404284,127.84
-0.403772,128.191
-0.40326,128.56
-0.402748,128.949
-0.402236,129.353
-0.401724,129.765
-0.401212,130.176
-0.4007,130.576
-0.400188,130.958
-0.399676,131.315
-0.399164,131.646
-0.398652,131.951
-0.39814,132.235
-0.397628,132.506
-0.397116,132.771
-0.396604,133.039
-0.396092,133.317
-0.39558,133.612
-0.395068,133.928
-0.394556,134.264
-0.394044,134.617
-0.393532,134.982
-0.39302,135.353
-0.392508,135.72
-0.391996,136.076
-0.391484,136.411
-0.390972,136.721
-0.39046,137.001
-0.389948,137.252
-0.389436,137.473
-0.388924,137.67
-0.388412,137.849
-0.3879,138.018
-0.387388,138.188
-0.386876,138.365
-0.386364,138.557
-0.385852,138.77
-0.38534,139.004
-0.384828,139.26
-0.384316,139.536
-0.383804,139.827
-0.383292,140.13
-0.38278,140.442
-0.382268,140.76
-0.381756,141.081
-0.381244,141.405
-0.380732,141.728
-0.38022,142.048
-0.379708,142.36
-0.379196,142.659
-0.378684,142.938
-0.378172,143.194
-0.37766,143.422
-0.377148,143.623
-0.376636,143.801
-0.376124,143.961
-0.375612,144.112
-0.3751,144.261
-0.374588,144.415
-0.374076,144.579
-0.373564,144.754
-0.373052,144.941
-0.37254,145.137
-0.372028,145.34
-0.371516,145.548
-0.371004,145.762
-0.370492,145.983
-0.36998,146.213
-0.369468,146.457
-0.368956,146.715
-0.368444,146.989
-0.367932,147.274
-0.36742,147.566
-0.366907,147.858
-0.366395,148.145
-0.365883,148.418
-0.365371,148.673
-0.364859,148.907
-0.364347,149.118
-0.363835,149.308
-0.363323,149.481
-0.362811,149.64
-0.362299,149.79
-0.361787,149.934
-0.361275,150.078
-0.360763,150.225
-0.360251,150.377
-0.359739,150.534
-0.359227,150.697
-0.358715,150.866
-0.358203,151.039
-0.357691,151.214
-0.357179,151.387
-0.356667,151.559
-0.356155,151.726
-0.355643,151.887
-0.355131,152.042
-0.354619,152.189
-0.354107,152.329
-0.353595,152.465
-0.353083,152.599
-0.352571,152.735
-0.352059,152.876
-0.351547,153.027
-0.351035,153.191
-0.350523,153.371
-0.350011,153.565
-0.349499,153.771
-0.348987,153.984
-0.348475,154.197
-0.347963,154.402
-0.347451,154.591
-0.346939,154.76
-0.346427,154.905
-0.345915,155.026
-0.345403,155.122
-0.344891,155.199
-0.344379,155.258
-0.343867,155.305
-0.343355,155.343
-0.342843,155.374
-0.342331,155.401
-0.341819,155.426
-0.341307,155.451
-0.340795,155.481
-0.340283,155.517
-0.339771,155.564
-0.339259,155.624
-0.338747,155.7
-0.338235,155.792
-0.337723,155.897
-0.337211,156.013
-0.336699,156.133
-0.336187,156.252
-0.335675,156.362
-0.335163,156.458
-0.334651,156.536
-0.334139,156.595
-0.333627,156.635
-0.333115,156.659
-0.332603,156.674
-0.332091,156.687
-0.331579,156.705
-0.331067,156.735
-0.330555,156.781
-0.330043,156.845
-0.329531,156.923
-0.329019,157.011
-0.328507,157.102
-0.327995,157.186
-0.327483,157.257
-0.326971,157.306
-0.326459,157.329
-0.325947,157.326
-0.325435,157.298
-0.324923,157.249
-0.324411,157.187
-0.323899,157.118
-0.323387,157.048
-0.322875,156.984
-0.322363,156.931
-0.321851,156.89
-0.321339,156.863
-0.320827,156.849
-0.320315,156.846
-0.319803,156.853
-0.319291,156.866
-0.318779,156.884
-0.318267,156.904
-0.317755,156.925
-0.317243,156.946
-0.316731,156.965
-0.316219,156.982
-0.315707,156.996
-0.315195,157.008
-0.314683,157.018
-0.314171,157.024
-0.313659,157.026
-0.313147,157.024
-0.312635,157.016
-0.312123,157.002
-0.311611,156.979
-0.311099,156.947
-0.310587,156.905
-0.310075,156.853
-0.309563,156.794
-0.309051,156.728
-0.308539,156.659
-0.308027,156.588
-0.307515,156.52
-0.307003,156.455
-0.306491,156.396
-0.305979,156.342
-0.305467,156.293
-0.304955,156.247
-0.304443,156.202
-0.303931,156.157
-0.303419,156.111
-0.302907,156.062
-0.302395,156.011
-0.301883,155.957
-0.301371,155.9
-0.300859,155.839
-0.300347,155.773
-0.299835,155.701
-0.299323,155.622
-0.298811,155.536
-0.298299,155.444
-0.297787,155.347
-0.297275,155.248
-0.296763,155.15
-0.296251,155.055
-0.295739,154.966
-0.295227,154.883
-0.294715,154.807
-0.294203,154.738
-0.293691,154.674
-0.293179,154.617
-0.292667,154.565
-0.292155,154.519
-0.291643,154.481
-0.291131,154.451
-0.290619,154.432
-0.290107,154.423
-0.289595,154.422
-0.289083,154.424
-0.288571,154.423
-0.288059,154.41
-0.287547,154.376
-0.287035,154.314
-0.286523,154.217
-0.286011,154.084
-0.285499,153.917
-0.284987,153.724
-0.284475,153.515
-0.283963,153.302
-0.283451,153.099
-0.282939,152.915
-0.282427,152.758
-0.281915,152.631
-0.281403,152.532
-0.280891,152.455
-0.280379,152.392
-0.279867,152.334
-0.279355,152.272
-0.278843,152.198
-0.278331,152.105
-0.277819,151.99
-0.277307,151.851
-0.276795,151.689
-0.276283,151.508
-0.275771,151.31
-0.275259,151.102
-0.274747,150.89
-0.274235,150.68
-0.273723,150.476
-0.273211,150.28
-0.272699,150.093
-0.272187,149.915
-0.271675,149.741
-0.271163,149.566
-0.270651,149.388
-0.270139,149.203
-0.269627,149.01
-0.269115,148.81
-0.268603,148.608
-0.268091,148.406
-0.267579,148.212
-0.267067,148.029
-0.266555,147.859
-0.266043,147.702
-0.265531,147.555
-0.265019,147.414
-0.264507,147.274
-0.263995,147.129
-0.263483,146.973
-0.262971,146.806
-0.262459,146.625
-0.261947,146.433
-0.261435,146.231
-0.260923,146.023
-0.260411,145.814
-0.259899,145.606
-0.259387,145.403
-0.258875,145.207
-0.258363,145.02
-0.257851,144.843
-0.257339,144.677
-0.256827,144.52
-0.256315,144.37
-0.255803,144.223
-0.255291,144.077
-0.254779,143.925
-0.254267,143.764
-0.253755,143.588
-0.253243,143.396
-0.252731,143.187
-0.252219,142.959
-0.251707,142.716
-0.251195,142.459
-0.250683,142.192
-0.250171,141.917
-0.249659,141.638
-0.249147,141.354
-0.248635,141.067
-0.248123,140.779
-0.247611,140.49
-0.247099,140.202
-0.246587,139.919
-0.246075,139.646
-0.245563,139.386
-0.245051,139.145
-0.244539,138.924
-0.244027,138.723
-0.243515,138.538
-0.243003,138.363
-0.242491,138.189
-0.241979,138.01
-0.241467,137.816
-0.240955,137.606
-0.240443,137.375
-0.239931,137.128
-0.239419,136.868
-0.238907,136.601
-0.238395,136.333
-0.237883,136.068
-0.237371,135.806
-0.236859,135.548
-0.236347,135.291
-0.235835,135.032
-0.235323,134.769
-0.234811,134.499
-0.234299,134.225
-0.233787,133.946
-0.233275,133.667
-0.232763,133.39
-0.232251,133.119
-0.231739,132.855
-0.231227,132.597
-0.230715,132.344
-0.230203,132.094
-0.229691,131.844
-0.229179,131.592
-0.228667,131.336
-0.228155,131.078
-0.227643,130.819
-0.227131,130.561
-0.226619,130.307
-0.226106,130.057
-0.225594,129.812
-0.225082,129.569
-0.22457,129.326
-0.224058,129.08
-0.223546,128.827
-0.223034,128.566
-0.222522,128.296
-0.22201,128.02
-0.221498,127.739
-0.220986,127.457
-0.220474,127.176
-0.219962,126.896
-0.21945,126.617
-0.218938,126.337
-0.218426,126.053
-0.217914,125.763
-0.217402,125.464
-0.21689,125.157
-0.216378,124.842
-0.215866,124.521
-0.215354,124.197
-0.214842,123.873
-0.21433,123.549
-0.213818,123.229
-0.213306,122.913
-0.212794,122.6
-0.212282,122.292
-0.21177,121.988
-0.211258,121.687
-0.210746,121.389
-0.210234,121.095
-0.209722,120.803
-0.20921,120.513
-0.208698,120.225
-0.208186,119.938
-0.207674,119.652
-0.207162,119.366
-0.20665,119.077
-0.206138,118.783
-0.205626,118.48
-0.205114,118.163
-0.204602,117.827
-0.20409,117.471
-0.203578,117.092
-0.203066,116.693
-0.202554,116.277
-0.202042,115.85
-0.20153,115.421
-0.201018,115
-0.200506,114.594
-0.199994,114.21
-0.199482,113.852
-0.19897,113.518
-0.198458,113.208
-0.197946,112.915
-0.197434,112.632
-0.196922,112.351
-0.19641,112.065
-0.195898,111.769
-0.195386,111.461
-0.194874,111.14
-0.194362,110.808
-0.19385,110.466
-0.193338,110.117
-0.192826,109.762
-0.192314,109.401
-0.191802,109.033
-0.19129,108.656
-0.190778,108.271
-0.190266,107.878
-0.189754,107.481
-0.189242,107.084
-0.18873,106.693
-0.188218,106.315
-0.187706,105.954
-0.187194,105.612
-0.186682,105.289
-0.18617,104.982
-0.185658,104.684
-0.185146,104.392
-0.184634,104.099
-0.184122,103.802
-0.18361,103.496
-0.183098,103.181
-0.182586,102.854
-0.182074,102.517
-0.181562,102.168
-0.18105,101.806
-0.180538,101.434
-0.180026,101.051
-0.179514,100.659
-0.179002,100.264
-0.17849,99.8684
-0.177978,99.4782
-0.177466,99.0974
-0.176954,98.7296
-0.176442,98.3772
-0.17593,98.0411
-0.175418,97.7209
-0.174906,97.4153
-0.174394,97.1222
-0.173882,96.84
-0.17337,96.566
-0.172858,96.2969
-0.172346,96.0285
-0.171834,95.7562
-0.171322,95.4755
-0.17081,95.1825
-0.170298,94.874
-0.169786,94.5489
-0.169274,94.2086
-0.168762,93.8571
-0.16825,93.5003
-0.167738,93.1446
-0.167226,92.7953
-0.166714,92.456
-0.166202,92.1276
-0.16569,91.8084
-0.165178,91.4943
-0.164666,91.1798
-0.164154,90.8599
-0.163642,90.5312
-0.16313,90.1921
-0.162618,89.8429
-0.162106,89.4855
-0.161594,89.1222
-0.161082,88.7549
-0.16057,88.3849
-0.160058,88.0117
-0.159546,87.6343
-0.159034,87.251
-0.158522,86.8611
-0.15801,86.4649
-0.157498,86.0646
-0.156986,85.6637
-0.156474,85.266
-0.155962,84.875
-0.15545,84.4927
-0.154938,84.1192
-0.154426,83.753
-0.153914,83.3911
-0.153402,83.0295
-0.15289,82.6639
-0.152378,82.2908
-0.151866,81.9074
-0.151354,81.5121
-0.150842,81.1045
-0.15033,80.6851
-0.149818,80.2561
-0.149306,79.8202
-0.148794,79.3815
-0.148282,78.9448
-0.14777,78.515
-0.147258,78.0972
-0.146746,77.6952
-0.146234,77.3117
-0.145722,76.9466
-0.14521,76.5978
-0.144698,76.2607
-0.144186,75.9293
-0.143674,75.597
-0.143162,75.2581
-0.14265,74.9082
-0.142138,74.545
-0.141626,74.1683
-0.141114,73.7796
-0.140602,73.3817
-0.14009,72.9778
-0.139578,72.5704
-0.139066,72.1611
-0.138554,71.7502
-0.138042,71.338
-0.13753,70.9239
-0.137018,70.5078
-0.136506,70.0897
-0.135994,69.6712
-0.135482,69.2548
-0.13497,68.8437
-0.134458,68.4404
-0.133946,68.0466
-0.133434,67.6627
-0.132922,67.2881
-0.13241,66.9204
-0.131898,66.556
-0.131386,66.191
-0.130874,65.8221
-0.130362,65.4477
-0.12985,65.0676
-0.129338,64.6826
-0.128826,64.2948
-0.128314,63.9071
-0.127802,63.523
-0.12729,63.1458
-0.126778,62.7772
-0.126266,62.418
-0.125754,62.0679
-0.125242,61.726
-0.12473,61.3909
-0.124218,61.0612
-0.123706,60.7354
-0.123194,60.4129
-0.122682,60.0937
-0.12217,59.7779
-0.121658,59.466
-0.121146,59.1579
-0.120634,58.8527
-0.120122,58.5483
-0.11961,58.2412
-0.119098,57.927
-0.118586,57.6003
-0.118074,57.2559
-0.117562,56.8894
-0.11705,56.4984
-0.116538,56.0835
-0.116026,55.6479
-0.115514,55.1972
-0.115002,54.7382
-0.11449,54.2788
-0.113978,53.8271
-0.113466,53.39
-0.112954,52.9721
-0.112442,52.5755
-0.11193,52.1996
-0.111418,51.8421
-0.110906,51.4986
-0.110394,51.1637
-0.109882,50.8316
-0.10937,50.4971
-0.108858,50.1559
-0.108346,49.8052
-0.107834,49.4434
-0.107322,49.0701
-0.10681,48.6861
-0.106298,48.293
-0.105786,47.8929
-0.105274,47.4876
-0.104762,47.0786
-0.10425,46.6673
-0.103738,46.2546
-0.103226,45.8419
-0.102714,45.4307
-0.102202,45.0233
-0.10169,44.6224
-0.101178,44.2307
-0.100666,43.8511
-0.100154,43.4855
-0.0996416,43.1346
-0.0991296,42.7977
-0.0986176,42.4723
-0.0981056,42.1543
-0.0975936,41.8389
-0.0970816,41.5209
-0.0965696,41.1964
-0.0960576,40.8626
-0.0955456,40.5193
-0.0950336,40.1687
-0.0945216,39.8148
-0.0940096,39.4633
-0.0934976,39.1199
-0.0929856,38.7897
-0.0924735,38.4758
-0.0919615,38.1788
-0.0914495,37.8963
-0.0909375,37.623
-0.0904255,37.3517
-0.0899135,37.0749
-0.0894015,36.7853
-0.0888895,36.4773
-0.0883775,36.1479
-0.0878655,35.7974
-0.0873535,35.4285
-0.0868415,35.0464
-0.0863295,34.6566
-0.0858175,34.264
-0.0853055,33.8724
-0.0847935,33.4828
-0.0842815,33.0943
-0.0837695,32.7036
-0.0832575,32.3067
-0.0827455,31.8997
-0.0822335,31.4808
-0.0817215,31.0504
-0.0812095,30.6115
-0.0806975,30.1701
-0.0801855,29.7333
-0.0796735,29.3095
-0.0791615,28.9057
-0.0786494,28.5273
-0.0781374,28.1767
-0.0776254,27.8532
-0.0771134,27.5531
-0.0766014,27.2703
-0.0760894,26.997
-0.0755774,26.725
-0.0750654,26.4468
-0.0745534,26.1558
-0.0740414,25.8478
-0.0735294,25.5205
-0.0730174,25.1742
-0.0725054,24.8107
-0.0719934,24.4335
-0.0714814,24.0464
-0.0709694,23.654
-0.0704574,23.2603
-0.0699454,22.8691
-0.0694334,22.4831
-0.0689214,22.1047
-0.0684094,21.7355
-0.0678974,21.3767
-0.0673854,21.0288
-0.0668734,20.6915
-0.0663614,20.3632
-0.0658494,20.0414
-0.0653374,19.7223
-0.0648253,19.4012
-0.0643133,19.073
-0.0638013,18.7329
-0.0632893,18.3776
-0.0627773,18.0054
-0.0622653,17.6173
-0.0617533,17.2163
-0.0612413,16.8077
-0.0607293,16.3985
-0.0602173,15.9957
-0.0597053,15.6058
-0.0591933,15.2336
-0.0586813,14.8814
-0.0581693,14.5491
-0.0576573,14.2343
-0.0571453,13.9327
-0.0566333,13.6388
-0.0561213,13.3474
-0.0556093,13.0545
-0.0550973,12.7578
-0.0545853,12.4569
-0.0540733,12.1528
-0.0535613,11.8473
-0.0530493,11.5421
-0.0525373,11.2382
-0.0520253,10.934
-0.0515133,10.6259
-0.0510013,10.3086
-0.0504892,9.97643
-0.0499772,9.62445
-0.0494652,9.24932
-0.0489532,8.85061
-0.0484412,8.43107
-0.0479292,7.99677
-0.0474172,7.55584
-0.0469052,7.11718
-0.0463932,6.68932
-0.0458812,6.27958
-0.0453692,5.89349
-0.0448572,5.53434
-0.0443452,5.20329
-0.0438332,4.89961
-0.0433212,4.62116
-0.0428092,4.36441
-0.0422972,4.12466
-0.0417852,3.89607
-0.0412732,3.67208
-0.0407612,3.44561
-0.0402492,3.20993
-0.0397372,2.95959
-0.0392252,2.69133
-0.0387132,2.4047
-0.0382012,2.10178
-0.0376892,1.7872
-0.0371772,1.46706
-0.0366651,1.14804
-0.0361531,0.835713
-0.0356411,0.533634
-0.0351291,0.242933
-0.0346171,-0.0375841
-0.0341051,-0.310856
-0.0335931,-0.581134
-0.0330811,-0.852783
-0.0325691,-1.12938
-0.0320571,-1.41242
-0.0315451,-1.70121
-0.0310331,-1.99288
-0.0305211,-2.28295
-0.0300091,-2.56555
-0.0294971,-2.83385
-0.0289851,-3.08107
-0.0284731,-3.30124
-0.0279611,-3.4903
-0.0274491,-3.64601
-0.0269371,-3.76855
-0.0264251,-3.8604
-0.0259131,-3.92625
-0.0254011,-3.97248
-0.0248891,-4.00537
-0.0243771,-4.03014
-0.0238651,-4.04978
-0.0233531,-4.06511
-0.0228411,-4.07426
-0.022329,-4.07266
-0.021817,-4.05405
-0.021305,-4.0118
-0.020793,-3.941
-0.020281,-3.83903
-0.019769,-3.70644
-0.019257,-3.54689
-0.018745,-3.36688
-0.018233,-3.17494
-0.017721,-2.97972
-0.017209,-2.78886
-0.016697,-2.60756
-0.016185,-2.43852
-0.015673,-2.28158
-0.015161,-2.13404
-0.014649,-1.99188
-0.014137,-1.85072
-0.013625,-1.7074
-0.013113,-1.56011
-0.012601,-1.40921
-0.012089,-1.25664
-0.011577,-1.10541
-0.011065,-0.95853
-0.010553,-0.817929
-0.010041,-0.684365
-0.00952896,-0.556799
-0.00901695,-0.433055
-0.00850495,-0.309555
-0.00799295,-0.182473
-0.00748094,-0.0485826
-0.00696894,0.0714893
-0.00645693,0.110115
-0.00594493,-0.0696496
-0.00543293,-0.652093
-0.00492092,-1.84564
-0.00440892,-3.86019
-0.00389692,-6.86118
-0.00338491,-10.9326
-0.00287291,-16.0012
-0.00236091,-21.8562
-0.0018489,-28.156
-0.0013369,-34.5179
-0.000824895,-40.5786
-0.000312891,-46.0419
0.000199113,-50.7597
0.000711116,-54.7398
0.00122312,-58.1895
0.00173512,-61.3844
0.00224713,-64.5972
0.00275913,-67.9991
0.00327113,-71.6242
0.00378314,-75.3675
0.00429514,-78.9739
0.00480715,-82.1374
0.00531915,-84.5487
0.00583115,-86.0055
0.00634316,-86.4379
0.00685516,-85.92
0.00736716,-84.6401
0.00787917,-82.8452
0.00839117,-80.8001
0.00890317,-78.7134
0.00941518,-76.7098
0.00992718,-74.8187
0.0104392,-73.0006
0.0109512,-71.1773
0.0114632,-69.2684
0.0119752,-67.2289
0.0124872,-65.0663
0.0129992,-62.8363
0.0135112,-60.6225
0.0140232,-58.5171
0.0145352,-56.6038
0.0150472,-54.9416
0.0155592,-53.5541
0.0160712,-52.4249
0.0165832,-51.5048
0.0170952,-50.7253
0.0176072,-50.0143
0.0181192,-49.3085
0.0186312,-48.5624
0.0191432,-47.7559
0.0196553,-46.895
0.0201673,-46.0067
0.0206793,-45.1283
0.0211913,-44.2964
0.0217033,-43.5398
0.0222153,-42.8745
0.0227273,-42.3006
0.0232393,-41.8029
0.0237513,-41.355
0.0242633,-40.926
0.0247753,-40.4876
0.0252873,-40.0188
0.0257993,-39.5091
0.0263113,-38.9602
0.0268233,-38.3852
0.0273353,-37.8049
0.0278473,-37.2431
0.0283593,-36.7214
0.0288713,-36.2559
0.0293833,-35.8563
0.0298953,-35.5236
0.0304073,-35.2513
0.0309193,-35.0276
0.0314313,-34.8382
0.0319433,-34.6697
0.0324553,-34.5117
0.0329673,-34.3578
0.0334793,-34.2064
0.0339914,-34.0602
0.0345034,-33.9246
0.0350154,-33.8061
0.0355274,-33.7102
0.0360394,-33.6386
0.0365514,-33.59
0.0370634,-33.5596
0.0375754,-33.5403
0.0380874,-33.5239
0.0385994,-33.502
0.0391114,-33.4684
0.0396234,-33.4193
0.0401354,-33.3539
0.0406474,-33.2727
0.0411594,-33.176
0.0416714,-33.064
0.0421834,-32.9361
0.0426954,-32.7903
0.0432074,-32.6231
0.0437194,-32.4309
0.0442314,-32.2118
0.0447434,-31.967
0.0452554,-31.7003
0.0457674,-31.4176
0.0462794,-31.127
0.0467914,-30.8386
0.0473034,-30.5622
0.0478155,-30.305
0.0483275,-30.071
0.0488395,-29.8613
0.0493515,-29.675
0.0498635,-29.5085
0.0503755,-29.3564
0.0508875,-29.2134
0.0513995,-29.0763
0.0519115,-28.9437
0.0524235,-28.8151
0.0529355,-28.6909
0.0534475,-28.5725
0.0539595,-28.4617
0.0544715,-28.3586
0.0549835,-28.2613
0.0554955,-28.1669
0.0560075,-28.0723
0.0565195,-27.9742
0.0570315,-27.8686
0.0575435,-27.7522
0.0580555,-27.6246
0.0585675,-27.4871
0.0590795,-27.3419
0.0595915,-27.1893
0.0601035,-27.0298
0.0606155,-26.8623
0.0611275,-26.6843
0.0616395,-26.49
0.0621516,-26.2719
0.0626636,-26.0237
0.0631756,-25.742
0.0636876,-25.4261
0.0641996,-25.078
0.0647116,-24.7037
0.0652236,-24.3131
0.0657356,-23.9185
0.0662476,-23.5317
0.0667596,-23.1616
0.0672716,-22.815
0.0677836,-22.495
0.0682956,-22.2005
0.0688076,-21.927
0.0693196,-21.6672
0.0698316,-21.4139
0.0703436,-21.1605
0.0708556,-20.9019
0.0713676,-20.6349
0.0718796,-20.3589
0.0723916,-20.0757
0.0729036,-19.7886
0.0734156,-19.5019
0.0739276,-19.2208
0.0744396,-18.9506
0.0749516,-18.6952
0.0754636,-18.4566
0.0759757,-18.2356
0.0764877,-18.0309
0.0769997,-17.8393
0.0775117,-17.6547
0.0780237,-17.4701
0.0785357,-17.2788
0.0790477,-17.0747
0.0795597,-16.8523
0.0800717,-16.6074
0.0805837,-16.3391
0.0810957,-16.0499
0.0816077,-15.7444
0.0821197,-15.4284
0.0826317,-15.1088
0.0831437,-14.7943
0.0836557,-14.4939
0.0841677,-14.2141
0.0846797,-13.9591
0.0851917,-13.7318
0.0857037,-13.5333
0.0862157,-13.3618
0.0867277,-13.2125
0.0872397,-13.0787
0.0877517,-12.9545
0.0882637,-12.8346
0.0887757,-12.7145
0.0892877,-12.5915
0.0897997,-12.4666
0.0903118,-12.3447
0.0908238,-12.2324
0.0913358,-12.1365
0.0918478,-12.0631
0.0923598,-12.0177
0.0928718,-12.0032
0.0933838,-12.0176
0.0938958,-12.0541
0.0944078,-12.1033
0.0949198,-12.1546
0.0954318,-12.1965
0.0959438,-12.2174
0.0964558,-12.2082
0.0969678,-12.1644
0.0974798,-12.0858
0.0979918,-11.9753
0.0985038,-11.8382
0.0990158,-11.6825
0.0995278,-11.5177
0.10004,-11.3532
0.100552,-11.197
0.101064,-11.0555
0.101576,-10.9342
0.102088,-10.8371
0.1026,-10.7663
0.103112,-10.7216
0.103624,-10.702
0.104136,-10.7058
0.104648,-10.7299
0.10516,-10.7702
0.105672,-10.823
0.106184,-10.8853
0.106696,-10.9547
0.107208,-11.0291
0.10772,-11.1069
0.108232,-11.1876
0.108744,-11.2714
0.109256,-11.3583
0.109768,-11.4474
0.11028,-11.5379
0.110792,-11.6291
0.111304,-11.7205
0.111816,-11.8111
0.112328,-11.8992
0.11284,-11.9837
0.113352,-12.0635
0.113864,-12.1369
0.114376,-12.2009
0.114888,-12.2514
0.1154,-12.2842
0.115912,-12.2952
0.116424,-12.2811
0.116936,-12.2394
0.117448,-12.1694
0.11796,-12.0722
0.118472,-11.9507
0.118984,-11.8087
0.119496,-11.6501
0.120008,-11.4789
0.12052,-11.2986
0.121032,-11.1117
0.121544,-10.9201
0.122056,-10.7248
0.122568,-10.527
0.12308,-10.328
0.123592,-10.1296
0.124104,-9.93438
0.124616,-9.74464
0.125128,-9.56244
0.12564,-9.38824
0.126152,-9.2213
0.126664,-9.05919
0.127176,-8.89805
0.127688,-8.73337
0.1282,-8.56063
0.128712,-8.37715
0.129224,-8.18218
0.129736,-7.97755
0.130248,-7.76706
0.13076,-7.55653
0.131272,-7.35297
0.131784,-7.16265
0.132296,-6.98931
0.132808,-6.83273
0.13332,-6.68883
0.133832,-6.5495
0.134344,-6.40291
0.134856,-6.23464
0.135368,-6.03029
0.13588,-5.77822
0.136392,-5.47155
0.136904,-5.10924
0.137416,-4.69698
0.137928,-4.24751
0.13844,-3.77972
0.138952,-3.31609
0.139464,-2.8792
0.139976,-2.48928
0.140488,-2.16209
0.141,-1.90709
0.141512,-1.72552
0.142024,-1.60995
0.142536,-1.5463
0.143048,-1.51627
0.14356,-1.49958
0.144072,-1.47581
0.144584,-1.42733
0.145096,-1.34202
0.145608,-1.21405
0.14612,-1.04381
0.146632,-0.836435
0.147144,-0.601355
0.147656,-0.350668
0.148168,-0.0975295
0.14868,0.145844
0.149192,0.369649
0.149704,0.566186
0.150216,0.730099
0.150728,0.858117
0.15124,0.949575
0.151752,1.00558
0.152264,1.02859
0.152776,1.02272
0.153288,0.993974
0.1538,0.949994
0.154312,0.899369
0.154824,0.851484
0.155336,0.816093
0.155848,0.802286
0.15636,0.817715
0.156872,0.868119
0.157384,0.9571
0.157896,1.08551
0.158408,1.25061
0.15892,1.4463
0.159432,1.66386
0.159944,1.89298
0.160456,2.1221
0.160968,2.33885
0.16148,2.5318
0.161992,2.69178
0.162504,2.81277
0.163016,2.89096
0.163528,2.92505
0.16404,2.91734
0.164552,2.8739
0.165064,2.80355
0.165576,2.71586
0.166088,2.62134
0.1666,2.53153
0.167112,2.458
0.167624,2.41047
0.168136,2.39532
0.168648,2.41645
0.16916,2.47526
0.169672,2.56988
0.170184,2.69385
0.170696,2.83657
0.171208,2.98536
0.17172,3.12607
0.172232,3.24337
0.172744,3.32137
0.173256,3.34629
0.173768,3.30937
0.17428,3.20789
0.174792,3.04597
0.175304,2.83443
0.175816,2.59114
0.176328,2.33926
0.17684,2.1035
0.177352,1.9062
0.177864,1.76391
0.178376,1.68614
0.178888,1.67366
0.1794,1.7188
0.179912,1.80691
0.180424,1.91963
0.180936,2.03781
0.181448,2.14378
0.18196,2.22333
0.182472,2.26683
0.182984,2.2695
0.183496,2.23076
0.184008,2.15384
0.18452,2.0453
0.185032,1.9154
0.185544,1.77769
0.186056,1.64925
0.186568,1.5496
0.18708,1.49987
0.187592,1.52048
0.188104,1.62826
0.188616,1.83342
0.189128,2.1365
0.18964,2.5274
0.190152,2.98459
0.190664,3.47746
0.191176,3.96891
0.191688,4.42004
0.1922,4.79471
0.192712,5.0644
0.193224,5.21256
0.193736,5.23616
0.194248,5.14587
0.19476,4.96394
0.195272,4.72229
0.195785,4.45846
0.196297,4.21044
0.196809,4.01148
0.197321,3.8866
0.197833,3.85118
0.198345,3.91015
0.198857,4.0575
0.199369,4.27735
0.199881,4.54688
0.200393,4.84005
0.200905,5.13032
0.201417,5.39169
0.201929,5.60107
0.202441,5.74058
0.202953,5.79976
0.203465,5.77544
0.203977,5.67115
0.204489,5.49729
0.205001,5.27063
0.205513,5.01309
0.206025,4.74818
0.206537,4.49868
0.207049,4.28474
0.207561,4.12234
0.208073,4.0216
0.208585,3.98503
0.209097,4.00879
0.209609,4.08438
0.210121,4.20075
0.210633,4.34566
0.211145,4.50703
0.211657,4.67552
0.212169,4.84527
0.212681,5.01398
0.213193,5.18109
0.213705,5.34654
0.214217,5.50974
0.214729,5.66774
0.215241,5.81426
0.215753,5.93867
0.216265,6.02754
0.216777,6.06651
0.217289,6.04328
0.217801,5.95044
0.218313,5.78776
0.218825,5.56403
0.219337,5.29664
0.219849,5.01028
0.220361,4.7335
0.220873,4.49474
0.221385,4.31789
0.221897,4.21848
0.222409,4.20174
0.222921,4.26164
0.223433,4.38165
0.223945,4.5366
0.224457,4.69675
0.224969,4.83211
0.225481,4.91618
0.225993,4.92861
0.226505,4.85795
0.227017,4.70362
0.227529,4.47609
0.228041,4.19507
0.228553,3.88608
0.229065,3.57778
0.229577,3.29875
0.230089,3.0741
0.230601,2.92106
0.231113,2.84622
0.231625,2.84525
0.232137,2.90362
0.232649,2.99822
0.233161,3.09904
0.233673,3.17391
0.234185,3.19384
0.234697,3.13827
0.235209,2.99774
0.235721,2.77492
0.236233,2.48502
0.236745,2.15423
0.237257,1.81599
0.237769,1.5045
0.238281,1.24913
0.238793,1.07007
0.239305,0.976315
0.239817,0.964427
0.240329,1.01927
0.240841,1.11735
0.241353,1.23217
0.241865,1.33971
0.242377,1.42182
0.242889,1.46857
0.243401,1.47884
0.243913,1.4601
0.244425,1.42591
0.244937,1.39247
0.245449,1.37521
0.245961,1.38589
0.246473,1.43045
0.246985,1.50724
0.247497,1.60688
0.248009,1.71327
0.248521,1.8061
0.249033,1.86358
0.249545,1.86578
0.250057,1.79825
0.250569,1.65493
0.251081,1.43989
0.251593,1.16695
0.252105,0.858662
0.252617,0.544466
0.253129,0.257655
0.253641,0.0312914
0.254153,-0.106376
0.254665,-0.134944
0.255177,-0.0443582
0.255689,0.163494
0.256201,0.473741
0.256713,0.859303
0.257225,1.28374
0.257737,1.70434
0.258249,2.07598
0.258761,2.35491
0.259273,2.50406
0.259785,2.49831
0.260297,2.32806
0.260809,2.00108
0.261321,1.54196
0.261833,0.991034
0.262345,0.400576
0.262857,-0.170729
0.263369,-0.665093
0.263881,-1.0325
0.264393,-1.23597
0.264905,-1.25596
0.265417,-1.09279
0.265929,-0.766841
0.266441,-0.315513
0.266953,0.211937
0.267465,0.760263
0.267977,1.27481
0.268489,1.70724
0.269001,2.0205
0.269513,2.19143
0.270025,2.21191
0.270537,2.08901
0.271049,1.84384
0.271561,1.5095
0.272073,1.12745
0.272585,0.743736
0.273097,0.404973
0.273609,0.15382
0.274121,0.0234703
0.274633,0.0323765
0.275145,0.18136
0.275657,0.45302
0.276169,0.812954
0.276681,1.21264
0.277193,1.59551
0.277705,1.90567
0.278217,2.09673
0.278729,2.13856
0.279241,2.02129
0.279753,1.75759
0.280265,1.38192
0.280777,0.945901
0.281289,0.509794
0.281801,0.13296
0.282313,-0.133774
0.282825,-0.254685
0.283337,-0.214799
0.283849,-0.0239106
0.284361,0.284601
0.284873,0.659284
0.285385,1.03844
0.285897,1.3581
0.286409,1.56084
0.286921,1.6055
0.287433,1.47507
0.287945,1.18016
0.288457,0.756836
0.288969,0.26139
0.289481,-0.237609
0.289993,-0.669866
0.290505,-0.976036
0.291017,-1.11904
0.291529,-1.08987
0.292041,-0.907504
0.292553,-0.614385
0.293065,-0.268939
0.293577,0.0650502
0.294089,0.330971
0.294601,0.489894
0.295113,0.526351
0.295625,0.449095
0.296137,0.287847
0.296649,0.0869267
0.297161,-0.10411
0.297673,-0.240601
0.298185,-0.29145
0.298697,-0.244489
0.299209,-0.107663
0.299721,0.0933525
0.300233,0.321395
0.300745,0.535936
0.301257,0.701212
0.301769,0.792493
0.302281,0.800113
0.302793,0.731987
0.303305,0.612024
0.303817,0.474518
0.304329,0.355836
0.304841,0.287904
0.305353,0.293927
0.305865,0.384549
0.306377,0.55516
0.306889,0.786315
0.307401,1.04901
0.307913,1.31068
0.308425,1.53951
0.308937,1.70687
0.309449,1.79061
0.309961,1.77879
0.310473,1.67108
0.310985,1.47661
0.311497,1.21063
0.312009,0.893475
0.312521,0.549881
0.313033,0.206681
0.313545,-0.111441
0.314057,-0.383878
0.314569,-0.594376
0.315081,-0.731871
0.315593,-0.793801
0.316105,-0.789041
0.316617,-0.737504
0.317129,-0.667563
0.317641,-0.612211
0.318153,-0.605296
0.318665,-0.675189
0.319177,-0.83817
0.319689,-1.09347
0.320201,-1.423
0.320713,-1.79431
0.321225,-2.16538
0.321737,-2.49154
0.322249,-2.73335
0.322761,-2.86472
0.323273,-2.87705
0.323785,-2.77988
0.324297,-2.59831
0.324809,-2.36836
0.325321,-2.13086
0.325833,-1.92314
0.326345,-1.77243
0.326857,-1.69155
0.327369,-1.67814
0.327881,-1.71541
0.328393,-1.77464
0.328905,-1.82106
0.329417,-1.82093
0.329929,-1.74897
0.330441,-1.59288
0.330953,-1.35613
0.331465,-1.05824
0.331977,-0.732023
0.332489,-0.418331
0.333001,-0.158518
0.333513,0.0118333
0.334025,0.0679256
0.334537,-0.00104247
0.335049,-0.190055
0.335561,-0.478528
0.336074,-0.833889
0.336586,-1.21664
0.337098,-1.58607
0.33761,-1.90537
0.338122,-2.14646
0.338634,-2.29441
0.339146,-2.34909
0.339658,-2.32383
0.34017,-2.24093
0.340682,-2.12667
0.341194,-2.00642
0.341706,-1.90029
0.342218,-1.82018
0.34273,-1.76861
0.343242,-1.74053
0.343754,-1.72626
0.344266,-1.71507
0.344778,-1.69724
0.34529,-1.66486
0.345802,-1.61122
0.346314,-1.52971
0.346826,-1.41354
0.347338,-1.25594
0.34785,-1.05188
0.348362,-0.80012
0.348874,-0.506393
0.349386,-0.185531
0.349898,0.138353
0.35041,0.435206
0.350922,0.674721
0.351434,0.831852
0.351946,0.891567
0.352458,0.851964
0.35297,0.726691
0.353482,0.543985
0.353994,0.342339
0.354506,0.163321
0.355018,0.0447829
0.35553,0.0156084
0.356042,0.0912634
0.356554,0.270368
0.357066,0.533479
0.357578,0.846459
0.35809,1.16635
0.358602,1.44741
0.359114,1.64539
0.359626,1.72208
0.360138,1.65084
0.36065,1.4211
0.361162,1.0398
0.361674,0.529666
0.362186,-0.0729476
0.362698,-0.720373
0.36321,-1.35755
0.363722,-1.92879
0.364234,-2.3859
0.364746,-2.69436
0.365258,-2.8371
0.36577,-2.81702
0.366282,-2.65823
0.366794,-2.40422
0.367306,-2.1114
0.367818,-1.83952
0.36833,-1.64228
0.368842,-1.5599
0.369354,-1.61448
0.369866,-1.80735
0.370378,-2.11936
0.37089,-2.51477
0.371402,-2.94788
0.371914,-3.37087
0.372426,-3.74051
0.372938,-4.0236
0.37345,-4.2002
0.373962,-4.26499
0.374474,-4.22716
0.374986,-4.10783
0.375498,-3.93578
0.37601,-3.74191
0.376522,-3.5554
0.377034,-3.4008
0.377546,-3.29557
0.378058,-3.24782
0.37857,-3.25522
0.379082,-3.30721
0.379594,-3.38845
0.380106,-3.48283
0.380618,-3.57504
0.38113,-3.65284
0.381642,-3.70933
0.382154,-3.74465
0.382666,-3.76532
0.383178,-3.781
0.38369,-3.8026
0.384202,-3.84047
0.384714,-3.90334
0.385226,-3.99609
0.385738,-4.11844
0.38625,-4.26632
0.386762,-4.43416
0.387274,-4.61737
0.387786,-4.8122
0.388298,-5.01559
0.38881,-5.2247
0.389322,-5.43606
0.389834,-5.64517
0.390346,-5.84557
0.390858,-6.02974
0.39137,-6.18901
0.391882,-6.31435
0.392394,-6.39711
0.392906,-6.42966
0.393418,-6.40615
0.39393,-6.32145
0.394442,-6.17135
0.394954,-5.95313
0.395466,-5.66783
0.395978,-5.3214
0.39649,-4.92446
0.397002,-4.49252
0.397514,-4.04627
0.398026,-3.61104
0.398538,-3.21277
0.39905,-2.87249
0.399562,-2.6024
0.400074,-2.40478
0.400586,-2.27267
0.401098,-2.19107
0.40161,-2.13925
0.402122,-2.09504
0.402634,-2.03937
0.403146,-1.95957
0.403658,-1.8502
0.40417,-1.71256
0.404682,-1.55428
0.405194,-1.38774
0.405706,-1.22791
0.406218,-1.0889
0.40673,-0.98176
0.407242,-0.91303
0.407754,-0.884121
0.408266,-0.891618
0.408778,-0.928626
0.40929,-0.987306
0.409802,-1.06038
0.410314,-1.14192
0.410826,-1.2273
0.411338,-1.31352
0.41185,-1.39886
0.412362,-1.48143
0.412874,-1.55751
0.413386,-1.62062
0.413898,-1.66239
0.41441,-1.67379
0.414922,-1.64689
0.415434,-1.57665
0.415946,-1.46339
0.416458,-1.31506
0.41697,-1.14764
0.417482,-0.983709
0.417994,-0.849174
0.418506,-0.769139
0.419018,-0.762701
0.41953,-0.837612
0.420042,-0.98612
0.420554,-1.18342
0.421066,-1.38927
0.421578,-1.55308
0.42209,-1.62174
0.422602,-1.54995
0.423114,-1.31037
0.423626,-0.901934
0.424138,-0.352938
0.42465,0.280953
0.425162,0.923347
0.425674,1.48761
0.426186,1.88946
0.426698,2.06098
0.42721,1.96173
0.427722,1.58678
0.428234,0.969176
0.428746,0.177772
0.429258,-0.689839
0.42977,-1.51928
0.430282,-2.19466
0.430794,-2.61626
0.431306,-2.71618
0.431818,-2.47084
0.43233,-1.90742
0.432842,-1.10326
0.433354,-0.177002
0.433866,0.72772
0.434378,1.46261
0.43489,1.89687
0.435402,1.93767
0.435914,1.5459
0.436426,0.743855
0.436938,-0.387921
0.43745,-1.72223
0.437962,-3.10343
0.438474,-4.36794
0.438986,-5.3661
0.439498,-5.98278
0.44001,-6.15245
0.440522,-5.86675
0.441034,-5.17366
0.441546,-4.17142
0.442058,-2.99612
0.44257,-1.80441
0.443082,-0.752851
0.443594,0.0228338
0.444106,0.424344
0.444618,0.403033
0.44513,-0.0337376
0.445642,-0.821831
0.446154,-1.84815
0.446666,-2.96644
0.447178,-4.01754
0.44769,-4.851
0.448202,-5.34597
0.448714,-5.43009
0.449226,-5.0921
0.449738,-4.38379
0.45025,-3.41104
0.450762,-2.31515
0.451274,-1.2501
0.451786,-0.358
0.452298,0.253574
0.45281,0.528583
0.453322,0.469972
0.453834,0.134144
0.454346,-0.382786
0.454858,-0.964403
0.45537,-1.49351
0.455882,-1.87066
0.456394,-2.02853
0.456906,-1.93966
0.457418,-1.61767
0.45793,-1.11087
0.458442,-0.492767
0.458954,0.149922
0.459466,0.728034
0.459978,1.16048
0.46049,1.38386
0.461002,1.35962
0.461514,1.07933
0.462026,0.565452
0.462538,-0.130495
0.46305,-0.93427
0.463562,-1.75772
0.464074,-2.51047
0.464586,-3.11312
0.465098,-3.50917
0.46561,-3.67407
0.466122,-3.61855
0.466634,-3.38692
0.467146,-3.04889
0.467658,-2.68673
0.46817,-2.37911
0.468682,-2.18562
0.469194,-2.13523
0.469706,-2.22084
0.470218,-2.40184
0.47073,-2.61407
0.471242,-2.78619
0.471754,-2.85776
0.472266,-2.79533
0.472778,-2.60245
0.47329,-2.32198
0.473802,-2.03011
0.474314,-1.8227
0.474826,-1.79634
0.475338,-2.02731
0.47585,-2.55385
0.476362,-3.36597
0.476875,-4.40477
0.477387,-5.56996
0.477899,-6.73394
0.478411,-7.76035
0.478923,-8.52527
0.479435,-8.93654
0.479947,-8.94848
0.480459,-8.56819
0.480971,-7.85296
0.481483,-6.90058
0.481995,-5.83501
0.482507,-4.78993
0.483019,-3.88992
0.483531,-3.23422
0.484043,-2.88549
0.484555,-2.86653
0.485067,-3.16336
0.485579,-3.73094
0.486091,-4.50006
0.486603,-5.38415
0.487115,-6.28946
0.487627,-7.12526
0.488139,-7.81227
0.488651,-8.28669
0.489163,-8.50359
0.489675,-8.44242
0.490187,-8.11211
0.490699,-7.55328
0.491211,-6.83374
0.491723,-6.04104
0.492235,-5.27342
0.492747,-4.63062
0.493259,-4.20249
0.493771,-4.05625
0.494283,-4.22657
0.494795,-4.7107
0.495307,-5.47041
0.495819,-6.43658
0.496331,-7.51708
0.496843,-8.60565
0.497355,-9.59326
0.497867,-10.3805
0.498379,-10.8894
0.498891,-11.0734
0.499403,-10.9225
0.499915,-10.4652
0.500427,-9.76611
0.500939,-8.91942
0.501451,-8.03876
0.501963,-7.24219
0.502475,-6.63557
0.502987,-6.2964
0.503499,-6.26286
0.504011,-6.52816
0.504523,-7.04241
0.505035,-7.72012
0.505547,-8.45267
0.506059,-9.12443
0.506571,-9.62913
0.507083,-9.88504
0.507595,-9.84434
0.508107,-9.49703
0.508619,-8.86913
0.509131,-8.01878
0.509643,-7.03082
0.510155,-6.0079
0.510667,-5.05858
0.511179,-4.28332
0.511691,-3.7631
0.512203,-3.54933
0.512715,-3.65572
0.513227,-4.05251
0.513739,-4.66677
0.514251,-5.39164
0.514763,-6.10199
0.515275,-6.67415
0.515787,-7.00499
0.516299,-7.03
0.516811,-6.73575
0.517323,-6.16353
0.517835,-5.4024
0.518347,-4.57415
0.518859,-3.81374
0.519371,-3.24732
0.519883,-2.97149
0.520395,-3.03687
0.520907,-3.44015
0.521419,-4.12485
0.521931,-4.98995
0.522443,-5.90357
0.522955,-6.72157
0.523467,-7.30935
0.523979,-7.56385
0.524491,-7.43083
0.525003,-6.91435
0.525515,-6.07776
0.526027,-5.03629
0.526539,-3.94226
0.527051,-2.96386
0.527563,-2.26109
0.528075,-1.96168
0.528587,-2.14173
0.529099,-2.81367
0.529611,-3.9238
0.530123,-5.35892
0.530635,-6.96084
0.531147,-8.5477
0.531659,-9.93949
0.532171,-10.9841
0.532683,-11.5777
0.533195,-11.6786
0.533707,-11.3109
0.534219,-10.5611
0.534731,-9.56452
0.535243,-8.48396
0.535755,-7.48329
0.536267,-6.70117
0.536779,-6.23044
0.537291,-6.1063
0.537803,-6.30415
0.538315,-6.74754
0.538827,-7.32532
0.539339,-7.91428
0.539851,-8.40078
0.540363,-8.69679
0.540875,-8.74926
0.541387,-8.54253
0.541899,-8.09478
0.542411,-7.44954
0.542923,-6.665
0.543435,-5.80449
0.543947,-4.9302
0.544459,-4.10118
0.544971,-3.37226
0.545483,-2.79214
0.545995,-2.3993
0.546507,-2.21723
0.547019,-2.24926
0.547531,-2.47372
0.548043,-2.84213
0.548555,-3.28217
0.549067,-3.70703
0.549579,-4.02855
0.550091,-4.17259
0.550603,-4.09317
0.551115,-3.78293
0.551627,-3.27697
0.552139,-2.64838
0.552651,-1.99634
0.553163,-1.42939
0.553675,-1.04701
0.554187,-0.921921
0.554699,-1.08562
0.555211,-1.52155
0.555723,-2.16865
0.556235,-2.93341
0.556747,-3.70607
0.557259,-4.3774
0.557771,-4.85546
0.558283,-5.07879
0.558795,-5.0238
0.559307,-4.7038
0.559819,-4.16217
0.560331,-3.46352
0.560843,-2.68611
0.561355,-1.9159
0.561867,-1.23964
0.562379,-0.737605
0.562891,-0.475561
0.563403,-0.496959
0.563915,-0.813843
0.564427,-1.39909
0.564939,-2.1824
0.565451,-3.05339
0.565963,-3.87451
0.566475,-4.50178
0.566987,-4.81042
0.567499,-4.71833
0.568011,-4.20538
0.568523,-3.32262
0.569035,-2.18935
0.569547,-0.976826
0.570059,0.118754
0.570571,0.907568
0.571083,1.23764
0.571595,1.01893
0.572107,0.238707
0.572619,-1.03525
0.573131,-2.66393
0.573643,-4.45724
0.574155,-6.20184
0.574667,-7.69092
0.575179,-8.75403
0.575691,-9.2819
0.576203,-9.24278
0.576715,-8.68652
0.577227,-7.73499
0.577739,-6.56105
0.578251,-5.36011
0.578763,-4.31947
0.579275,-3.58979
0.579787,-3.26339
0.580299,-3.36373
0.580811,-3.84728
0.581323,-4.61604
0.581835,-5.53781
0.582347,-6.4703
0.582859,-7.28543
0.583371,-7.89009
0.583883,-8.2401
0.584395,-8.34452
0.584907,-8.25945
0.585419,-8.07474
0.585931,-7.89627
0.586443,-7.82673
0.586955,-7.94844
0.587467,-8.31084
0.587979,-8.9238
0.588491,-9.7558
0.589003,-10.7375
0.589515,-11.7705
0.590027,-12.7391
0.590539,-13.5248
0.591051,-14.0187
0.591563,-14.1338
0.592075,-13.8157
0.592587,-13.0526
0.593099,-11.8817
0.593611,-10.3902
0.594123,-8.70974
0.594635,-7.00484
0.595147,-5.45394
0.595659,-4.22531
0.596171,-3.45046
0.596683,-3.20047
0.597195,-3.47043
0.597707,-4.17731
0.598219,-5.17124
0.598731,-6.25943
0.599243,-7.23724
0.599755,-7.9213
0.600267,-8.17824
0.600779,-7.94419
0.601291,-7.23273
0.601803,-6.12807
0.602315,-4.76614
0.602827,-3.30763
0.603339,-1.91079
0.603851,-0.709416
0.604363,0.201943
0.604875,0.773575
0.605387,0.999451
0.605899,0.908951
0.606411,0.555496
0.606923,0.00488882
0.607435,-0.672554
0.607947,-1.40491
0.608459,-2.11943
0.608971,-2.74378
0.609483,-3.21051
0.609995,-3.46321
0.610507,-3.46305
0.611019,-3.19531
0.611531,-2.6754
0.612043,-1.95299
0.612555,-1.10988
0.613067,-0.249331
0.613579,0.521869
0.614091,1.11365
0.614603,1.46872
0.615115,1.57318
0.615627,1.45968
0.616139,1.2023
0.616651,0.900975
0.617163,0.658907
0.617676,0.559715
0.618188,0.650692
0.6187,0.936656
0.619212,1.38314
0.619724,1.92786
0.620236,2.49691
0.620748,3.02386
0.62126,3.46525
0.621772,3.80754
0.622284,4.06398
0.622796,4.26351
0.623308,4.43619
0.62382,4.59847
0.624332,4.74458
0.624844,4.84585
0.625356,4.85993
0.625868,4.74631
0.62638,4.48338
0.626892,4.08147
0.627404,3.58719
0.627916,3.07895
0.628428,2.65164
0.62894,2.39559
0.629452,2.37499
0.629964,2.61219
0.630476,3.08198
0.630988,3.71581
0.6315,4.41603
0.632012,5.07505
0.632524,5.59595
0.633036,5.90958
0.633548,5.98287
0.63406,5.81805
0.634572,5.44429
0.635084,4.9079
0.635596,4.26254
0.636108,3.56191
0.63662,2.85659
0.637132,2.19402
0.637644,1.62091
0.638156,1.18271
0.638668,0.919631
0.63918,0.857478
0.639692,0.997625
0.640204,1.30979
0.640716,1.72829
0.641228,2.15536
0.64174,2.47202
0.642252,2.55935
0.642764,2.32318
0.643276,1.716
0.643788,0.751265
0.6443,-0.493406
0.644812,-1.88401
0.645324,-3.25238
0.645836,-4.42712
0.646348,-5.2667
0.64686,-5.6846
0.647372,-5.66116
0.647884,-5.24305
0.648396,-4.52958
0.648908,-3.65025
0.64942,-2.73628
0.649932,-1.89578
0.650444,-1.19895
0.650956,-0.675431
0.651468,-0.321987
0.65198,-0.114369
0.652492,-0.020986
0.653004,-0.0137078
0.653516,-0.0736432
0.654028,-0.189132
0.65454,-0.347437
0.655052,-0.525447
0.655564,-0.684366
0.656076,-0.772323
0.656588,-0.734073
0.6571,-0.52546
0.657612,-0.128491
0.658124,0.436816
0.658636,1.10667
0.659148,1.77806
0.65966,2.32518
0.660172,2.62524
0.660684,2.58627
0.661196,2.16987
0.661708,1.40531
0.66222,0.390954
0.662732,-0.718525
0.663244,-1.73865
0.663756,-2.48881
0.664268,-2.82655
0.66478,-2.67554
0.665292,-2.04023
0.665804,-1.00378
0.666316,0.291466
0.666828,1.6746
0.66734,2.98054
0.667852,4.07936
0.668364,4.89632
0.668876,5.41981
0.669388,5.69497
0.6699,5.80399
0.670412,5.8392
0.670924,5.87993
0.671436,5.97787
0.671948,6.152
0.67246,6.38994
0.672972,6.65686
0.673484,6.91095
0.673996,7.11973
0.674508,7.27136
0.67502,7.37624
0.675532,7.46268
0.676044,7.56705
0.676556,7.72171
0.677068,7.9427
0.67758,8.22138
0.678092,8.52476
0.678604,8.80162
0.679116,8.99506
0.679628,9.05585
0.68014,8.95663
0.680652,8.70207
0.681164,8.3295
0.681676,7.89975
0.682188,7.47964
0.6827,7.12729
0.683212,6.88019
0.683724,6.74915
0.684236,6.71691
0.684748,6.74458
0.68526,6.78634
0.685772,6.80494
0.686284,6.78376
0.686796,6.72781
0.687308,6.65799
0.68782,6.60064
0.688332,6.57749
0.688844,6.5968
0.689356,6.64695
0.689868,6.69623
0.69038,6.69931
0.690892,6.61027
0.691404,6.39605
0.691916,6.04593
0.692428,5.57468
0.69294,5.02034
0.693452,4.43873
0.693964,3.89479
0.694476,3.45152
0.694988,3.15787
0.6955,3.03825
0.696012,3.08647
0.696524,3.2645
0.697036,3.50677
0.697548,3.72858
0.69806,3.83811
0.698572,3.74931
0.699084,3.39488
0.699596,2.73776
0.700108,1.7783
0.70062,0.555977
0.701132,-0.856245
0.701644,-2.36056
0.702156,-3.84711
0.702668,-5.20803
0.70318,-6.35211
0.703692,-7.21715
0.704204,-7.77501
0.704716,-8.03076
0.705228,-8.01466
0.70574,-7.77452
0.706252,-7.36699
0.706764,-6.84948
0.707276,-6.27462
0.707788,-5.68804
0.7083,-5.13225
0.708812,-4.64867
0.709324,-4.27841
0.709836,-4.05836
0.710348,-4.01621
0.71086,-4.16455
0.711372,-4.49332
0.711884,-4.96387
0.712396,-5.5068
0.712908,-6.02921
0.71342,-6.42883
0.713932,-6.61059
0.714444,-6.50151
0.714956,-6.06223
0.715468,-5.29475
0.71598,-4.24358
0.716492,-2.98881
0.717004,-1.633
0.717516,-0.285204
0.718028,0.953127
0.71854,2.00055
0.719052,2.80482
0.719564,3.34703
0.720076,3.63936
0.720588,3.71753
0.7211,3.63324
0.721612,3.44614
0.722124,3.21692
0.722636,3.00112
0.723148,2.84665
0.72366,2.79483
0.724172,2.8823
0.724684,3.14061
0.725196,3.5906
0.725708,4.23384
0.72622,5.04379
0.726732,5.96019
0.727244,6.88813
0.727756,7.7045
0.728268,8.2749
0.72878,8.48056
0.729292,8.24837
0.729804,7.57433
0.730316,6.53283
0.730828,5.26945
0.73134,3.97825
0.731852,2.86625
0.732364,2.11201
0.732876,1.82686
0.733388,2.02972
0.7339,2.64233
0.734412,3.50642
0.734924,4.41772
0.735436,5.16814
0.735948,5.58853
0.73646,5.58249
0.736972,5.14397
0.737484,4.35445
0.737996,3.36266
0.738508,2.35307
0.73902,1.50866
0.739532,0.975736
0.740044,0.837879
0.740556,1.10524
0.741068,1.71923
0.74158,2.56934
0.742092,3.51768
0.742604,4.42522
0.743116,5.17544
0.743628,5.69024
0.74414,5.93598
0.744652,5.91869
0.745164,5.67188
0.745676,5.2432
0.746188,4.68423
0.7467,4.04575
0.747212,3.37688
0.747724,2.72702
0.748236,2.14897
0.748748,1.69976
0.74926,1.43726
0.749772,1.40993
0.750284,1.643
0.750796,2.12432
0.751308,2.79672
0.75182,3.5604
0.752332,4.28541
0.752844,4.83204
0.753356,5.0739
0.753868,4.92126
0.75438,4.33882
0.754892,3.35483
0.755404,2.05757
0.755916,0.579
0.756428,-0.929531
0.75694,-2.32376
0.757452,-3.48752
0.757965,-4.34724
0.758477,-4.87802
0.758989,-5.10161
0.759501,-5.07587
0.760013,-4.87771
0.760525,-4.58624
0.761037,-4.26999
0.761549,-3.98263
0.762061,-3.76311
0.762573,-3.63867
0.763085,-3.62764
0.763597,-3.74091
0.764109,-3.98284
0.764621,-4.34859
0.765133,-4.82012
0.765645,-5.36075
0.766157,-5.91406
0.766669,-6.40922
0.767181,-6.77268
0.767693,-6.94383
0.768205,-6.88828
0.768717,-6.60711
0.769229,-6.13874
0.769741,-5.55374
0.770253,-4.94092
0.770765,-4.38698
0.771277,-3.95603
0.771789,-3.67502
0.772301,-3.5307
0.772813,-3.47843
0.773325,-3.45977
0.773837,-3.42364
0.774349,-3.34559
0.774861,-3.2412
0.775373,-3.16693
0.775885,-3.20709
0.776397,-3.45051
0.776909,-3.96475
0.777421,-4.77298
0.777933,-5.83854
0.778445,-7.06318
0.778957,-8.3026
0.779469,-9.39733
0.779981,-10.2091
0.780493,-10.6522
0.781005,-10.7098
0.781517,-10.4352
0.782029,-9.93577
0.782541,-9.34418
0.783053,-8.78096
0.783565,-8.3222
0.784077,-7.98404
0.784589,-7.72718
0.785101,-7.47673
0.785613,-7.15071
0.786125,-6.68996
0.786637,-6.08181
0.787149,-5.3687
0.787661,-4.63813
0.788173,-3.99642
0.788685,-3.53486
0.789197,-3.29972
0.789709,-3.27461
0.790221,-3.38226
0.790733,-3.50457
0.791245,-3.51545
0.791757,-3.31576
0.792269,-2.8599
0.792781,-2.16779
0.793293,-1.31883
0.793805,-0.430838
0.794317,0.372301
0.794829,0.993507
0.795341,1.38607
0.795853,1.5612
0.796365,1.58046
0.796877,1.5381
0.797389,1.53694
0.797901,1.66444
0.798413,1.97351
0.798925,2.47422
0.799437,3.13633
0.799949,3.90056
0.800461,4.69194
0.800973,5.42988
0.801485,6.03564
0.801997,6.43704
0.802509,6.57201
0.803021,6.38993
0.803533,5.85531
0.804045,4.95439
0.804557,3.70411
0.805069,2.16072
0.805581,0.423337
0.806093,-1.36935
0.806605,-3.05148
0.807117,-4.44933
0.807629,-5.40744
0.808141,-5.81625
0.808653,-5.63411
0.809165,-4.8988
0.809677,-3.72601
0.810189,-2.29528
0.810701,-0.822189
0.811213,0.477469
0.811725,1.42406
0.812237,1.90127
0.812749,1.86916
0.813261,1.36184
0.813773,0.47214
0.814285,-0.674164
0.814797,-1.94867
0.815309,-3.24595
0.815821,-4.49698
0.816333,-5.66733
0.816845,-6.74544
0.817357,-7.72453
0.817869,-8.58547
0.818381,-9.28461
0.818893,-9.75301
0.819405,-9.90995
0.819917,-9.68673
0.820429,-9.05333
0.820941,-8.03759
0.821453,-6.73476
0.821965,-5.3032
0.822477,-3.94543
0.822989,-2.87555
0.823501,-2.28015
0.824013,-2.2831
0.824525,-2.92172
0.825037,-4.13823
0.825549,-5.7854
0.826061,-7.64691
0.826573,-9.47039
0.827085,-11.0079
0.827597,-12.0553
0.828109,-12.4828
0.828621,-12.2528
0.829133,-11.4226
0.829645,-10.1347
0.830157,-8.59531
0.830669,-7.04411
0.831181,-5.71689
0.831693,-4.80931
0.832205,-4.44776
0.832717,-4.67243
0.833229,-5.43299
0.833741,-6.59652
0.834253,-7.96633
0.834765,-9.30815
0.835277,-10.3826
0.835789,-10.9779
0.836301,-10.9391
0.836813,-10.1896
0.837325,-8.74262
0.837837,-6.70165
0.838349,-4.24812
0.838861,-1.62098
0.839373,0.913287
0.839885,3.0971
0.840397,4.72068
0.840909,5.65312
0.841421,5.85898
0.841933,5.40165
0.842445,4.43326
0.842957,3.17327
0.843469,1.87234
0.843981,0.767947
0.844493,0.0428672
0.845005,-0.200651
0.845517,0.0529174
0.846029,0.739735
0.846541,1.73609
0.847053,2.88688
0.847565,4.03946
0.848077,5.07223
0.848589,5.91133
0.849101,6.53337
0.849613,6.95557
0.850125,7.21951
0.850637,7.37256
0.851149,7.45323
0.851661,7.48263
0.852173,7.46427
0.852685,7.39059
0.853197,7.25208
0.853709,7.04702
0.854221,6.78547
0.854733,6.48658
0.855245,6.16767
0.855757,5.83201
0.856269,5.46169
0.856781,5.01819
0.857293,4.45284
0.857805,3.72306
0.858317,2.81304
0.858829,1.75192
0.859341,0.6243
0.859853,-0.433164
0.860365,-1.25201
0.860877,-1.66385
0.861389,-1.53792
0.861901,-0.81365
0.862413,0.477291
0.862925,2.2053
0.863437,4.15492
0.863949,6.05386
0.864461,7.61558
0.864973,8.58642
0.865485,8.78793
0.865997,8.14426
0.866509,6.69313
0.867021,4.57963
0.867533,2.03588
0.868045,-0.651382
0.868557,-3.18018
0.869069,-5.27257
0.869581,-6.7088
0.870093,-7.35102
0.870605,-7.15751
0.871117,-6.18558
0.871629,-4.58421
0.872141,-2.57574
0.872653,-0.429202
0.873165,1.57009
0.873677,3.15327
0.874189,4.09948
0.874701,4.26491
0.875213,3.60431
0.875725,2.18195
0.876237,0.168812
0.876749,-2.17694
0.877261,-4.54475
0.877773,-6.61941
0.878285,-8.13195
0.878797,-8.90344
0.879309,-8.87387
0.879821,-8.11085
0.880333,-6.79799
0.880845,-5.20093
0.881357,-3.61903
0.881869,-2.33176
0.882381,-1.55091
0.882893,-1.38771
0.883405,-1.83737
0.883917,-2.78459
0.884429,-4.02642
0.884941,-5.31136
0.885453,-6.38566
0.885965,-7.03617
0.886477,-7.12314
0.886989,-6.59784
0.887501,-5.50745
0.888013,-3.98525
0.888525,-2.2296
0.889037,-0.472857
0.889549,1.05515
0.890061,2.16076
0.890573,2.7139
0.891085,2.66563
0.891597,2.05738
0.892109,1.01814
0.892621,-0.251507
0.893133,-1.50711
0.893645,-2.49707
0.894157,-3.00123
0.894669,-2.86745
0.895181,-2.04093
0.895693,-0.582721
0.896205,1.33002
0.896717,3.42819
0.897229,5.39631
0.897741,6.92979
0.898253,7.79055
0.898766,7.85212
0.899278,7.12594
0.89979,5.76345
0.900302,4.03046
0.900814,2.25723
0.901326,0.775692
0.901838,-0.141039
0.90235,-0.323698
0.902862,0.268033
0.903374,1.54312
0.903886,3.2993
0.904398,5.26357
0.90491,7.14287
0.905422,8.6719
0.905934,9.65113
0.906446,9.97136
0.906958,9.62567
0.90747,8.707
0.907982,7.39302
0.908494,5.92108
0.909006,4.5564
0.909518,3.55886
0.91003,3.14954
0.910542,3.47918
0.911054,4.60124
0.911566,6.45585
0.912078,8.86848
0.91259,11.5635
0.913102,14.1932
0.913614,16.3828
0.914126,17.7875
0.914638,18.1531
0.91515,17.3681
0.915662,15.4953
0.916174,12.7744
0.916686,9.59351
0.917198,6.43153
0.91771,3.77969
0.918222,2.05606
0.918734,1.53131
0.919246,2.27946
0.919758,4.16404
0.92027,6.86234
0.920782,9.92398
0.921294,12.8509
0.921806,15.1814
0.922318,16.5635
0.92283,16.8044
0.923342,15.8901
0.923854,13.9715
0.924366,11.326
0.924878,8.30363
0.92539,5.27284
0.925902,2.57371
0.926414,0.481626
0.926926,-0.814362
0.927438,-1.22002
0.92795,-0.732707
0.928462,0.564699
0.928974,2.51112
0.929486,4.87692
0.929998,7.37919
0.93051,9.70529
0.931022,11.5429
0.931534,12.6177
0.932046,12.7342
0.932558,11.8169
0.93307,9.93712
0.933582,7.31715
0.934094,4.3065
0.934606,1.3319
0.935118,-1.17097
0.93563,-2.83442
0.936142,-3.4277
0.936654,-2.90427
0.937166,-1.41336
0.937678,0.728085
0.93819,3.0987
0.938702,5.25577
0.939214,6.82062
0.939726,7.55134
0.940238,7.38488
0.94075,6.44003
0.941262,4.97889
0.941774,3.33969
0.942286,1.85629
0.942798,0.785077
0.94331,0.256783
0.943822,0.260788
0.944334,0.664941
0.944846,1.26209
0.945358,1.83201
0.94587,2.19813
0.946382,2.26477
0.946894,2.02773
0.947406,1.55843
0.947918,0.970555
0.94843,0.379627
0.948942,-0.131168
0.949454,-0.530679
0.949966,-0.83776
0.950478,-1.09866
0.95099,-1.35478
0.951502,-1.61475
0.952014,-1.8423
0.952526,-1.9624
0.953038,-1.88364
0.95355,-1.53055
0.954062,-0.8771
0.954574,0.029584
0.955086,1.06612
0.955598,2.05336
0.95611,2.79474
0.956622,3.12184
0.957134,2.93661
0.957646,2.24078
0.958158,1.14292
0.95867,-0.160488
0.959182,-1.42487
0.959694,-2.40845
0.960206,-2.92151
0.960718,-2.86464
0.96123,-2.24659
0.961742,-1.17749
0.962254,0.160477
0.962766,1.55585
0.963278,2.81021
0.96379,3.77208
0.964302,4.35732
0.964814,4.55501
0.965326,4.41762
0.965838,4.03704
0.96635,3.51659
0.966862,2.94724
0.967374,2.39641
0.967886,1.90783
0.968398,1.50863
0.96891,1.21901
0.969422,1.05952
0.969934,1.05455
0.970446,1.22576
0.970958,1.57664
0.97147,2.07279
0.971982,2.62864
0.972494,3.10845
0.973006,3.34185
0.973518,3.15325
0.97403,2.39902
0.974542,1.00695
0.975054,-0.992639
0.975566,-3.45506
0.976078,-6.13458
0.97659,-8.72281
0.977102,-10.9021
0.977614,-12.406
0.978126,-13.0749
0.978638,-12.8938
0.97915,-12.0012
0.979662,-10.6646
0.980174,-9.23139
0.980686,-8.06203
0.981198,-7.46009
0.98171,-7.61263
0.982222,-8.55496
0.982734,-10.1678
0.983246,-12.2048
0.983758,-14.3464
0.98427,-16.2637
0.984782,-17.6846
0.985294,-18.4428
0.985806,-18.501
0.986318,-17.9436
0.98683,-16.9453
0.987342,-15.7259
0.987854,-14.4997
0.988366,-13.4316
0.988878,-12.6097
0.98939,-12.0402
0.989902,-11.6648
0.990414,-11.3892
0.990926,-11.1146
0.991438,-10.7628
0.99195,-10.2923
0.992462,-9.70419
0.992974,-9.03461
0.993486,-8.33692
0.993998,-7.65999
0.99451,-7.03235
0.995022,-6.45541
0.995534,-5.90644
0.996046,-5.3471
0.996558,-4.73731
0.99707,-4.05225
0.997582,-3.29903
0.998094,-2.52473
0.998606,-1.81118
0.999118,-1.26011
0.99963,-0.975248
1.00014,-1.04427
1.00065,-1.51934
1.00117,-2.40185
1.00168,-3.63717
1.00219,-5.12284
1.0027,-6.72456
1.00321,-8.29454
1.00373,-9.68883
1.00424,-10.782
1.00475,-11.4794
1.00526,-11.7239
1.00577,-11.4971
1.00629,-10.8161
1.0068,-9.73076
1.00731,-8.32102
1.00782,-6.69288
1.00833,-4.97204
1.00885,-3.29512
1.00936,-1.79987
1.00987,-0.614187
1.01038,0.154823
1.01089,0.431042
1.01141,0.180643
1.01192,-0.57887
1.01243,-1.77553
1.01294,-3.28702
1.01345,-4.95009
1.01397,-6.5741
1.01448,-7.96175
1.01499,-8.93609
1.0155,-9.36934
1.01601,-9.20586
1.01653,-8.4738
1.01704,-7.28438
1.01755,-5.81824
1.01806,-4.29883
1.01857,-2.95434
1.01909,-1.97639
1.0196,-1.48631
1.02011,-1.51758
1.02062,-2.01597
1.02113,-2.85596
1.02165,-3.86903
1.02216,-4.87984
1.02267,-5.74301
1.02318,-6.37054
1.02369,-6.74291
1.02421,-6.90329
1.02472,-6.93916
1.02523,-6.9557
1.02574,-7.04755
1.02625,-7.27736
1.02677,-7.66593
1.02728,-8.19482
1.02779,-8.81757
1.0283,-9.47492
1.02881,-10.1107
1.02933,-10.6836
1.02984,-11.1724
1.03035,-11.5698
1.03086,-11.8715
1.03137,-12.0677
1.03189,-12.1429
1.0324,-12.0805
1.03291,-11.8707
1.03342,-11.5211
1.03393,-11.0671
1.03445,-10.5775
1.03496,-10.1488
1.03547,-9.88618
1.03598,-9.87976
1.03649,-10.18
1.03701,-10.7799
1.03752,-11.6056
1.03803,-12.519
1.03854,-13.3375
1.03905,-13.8667
1.03957,-13.94
1.04008,-13.4529
1.04059,-12.3897
1.0411,-10.8355
1.04161,-8.97103
1.04213,-7.04388
1.04264,-5.32254
1.04315,-4.04466
1.04366,-3.37136
1.04417,-3.35716
1.04469,-3.93906
1.0452,-4.9478
1.04571,-6.14067
1.04622,-7.25234
1.04673,-8.05039
1.04725,-8.37915
1.04776,-8.1809
1.04827,-7.49491
1.04878,-6.43931
1.04929,-5.18021
1.04981,-3.89541
1.05032,-2.74075
1.05083,-1.82768
1.05134,-1.21562
1.05185,-0.919196
1.05237,-0.923788
1.05288,-1.19919
1.05339,-1.70601
1.0539,-2.39629
1.05441,-3.21257
1.05493,-4.08723
1.05544,-4.94275
1.05595,-5.69562
1.05646,-6.26664
1.05697,-6.5984
1.05749,-6.67424
1.058,-6.52913
1.05851,-6.2466
1.05902,-5.9428
1.05953,-5.74312
1.06005,-5.75404
1.06056,-6.03497
1.06107,-6.57806
1.06158,-7.30544
1.06209,-8.0856
1.06261,-8.76389
1.06312,-9.1998
1.06363,-9.30278
1.06414,-9.0581
1.06465,-8.53378
1.06517,-7.86608
1.06568,-7.22762
1.06619,-6.78775
1.0667,-6.67518
1.06721,-6.94992
1.06773,-7.59021
1.06824,-8.49805
1.06875,-9.5247
1.06926,-10.5071
1.06977,-11.3042
1.07029,-11.8241
1.0708,-12.0392
1.07131,-11.987
1.07182,-11.7548
1.07233,-11.4536
1.07285,-11.1881
1.07336,-11.0331
1.07387,-11.0212
1.07438,-11.1451
1.07489,-11.3703
1.07541,-11.654
1.07592,-11.9656
1.07643,-12.2972
1.07694,-12.6622
1.07745,-13.0829
1.07797,-13.573
1.07848,-14.117
1.07899,-14.6548
1.0795,-15.0821
1.08001,-15.2698
1.08053,-15.101
1.08104,-14.5102
1.08155,-13.5139
1.08206,-12.2249
1.08257,-10.8437
1.08309,-9.62838
1.0836,-8.84131
1.08411,-8.68582
1.08462,-9.25295
1.08513,-10.4953
1.08565,-12.2331
1.08616,-14.1865
1.08667,-16.0284
1.08718,-17.4458
1.08769,-18.1994
1.08821,-18.1663
1.08872,-17.3539
1.08923,-15.8845
1.08974,-13.9574
1.09025,-11.8024
1.09077,-9.63632
1.09128,-7.63261
1.09179,-5.90687
1.0923,-4.51878
1.09281,-3.48708
1.09333,-2.81054
1.09384,-2.4856
1.09435,-2.51289
1.09486,-2.89009
1.09537,-3.59463
1.09589,-4.5656
1.0964,-5.69487
1.09691,-6.83239
1.09742,-7.80643
1.09793,-8.45484
1.09845,-8.66301
1.09896,-8.39848
1.09947,-7.73039
1.09998,-6.8236
1.10049,-5.90384
1.10101,-5.20319
1.10152,-4.90036
1.10203,-5.07266
1.10254,-5.66889
1.10305,-6.51161
1.10357,-7.33072
1.10408,-7.82422
1.10459,-7.73237
1.1051,-6.90559
1.10561,-5.34816
1.10613,-3.22493
1.10664,-0.831977
1.10715,1.46208
1.10766,3.29063
1.10817,4.36647
1.10869,4.5441
1.1092,3.85023
1.10971,2.47517
1.11022,0.727469
1.11074,-1.03357
1.11125,-2.47247
1.11176,-3.34183
1.11227,-3.52483
1.11278,-3.04761
1.1133,-2.05923
1.11381,-0.785649
1.11432,0.530274
1.11483,1.68595
1.11534,2.55955
1.11586,3.12497
1.11637,3.44025
1.11688,3.61697
1.11739,3.78099
1.1179,4.03417
1.11842,4.42531
1.11893,4.93773
1.11944,5.49967
1.11995,6.0125
1.12046,6.38461
1.12098,6.55761
1.12149,6.51907
1.122,6.30453
1.12251,5.98781
1.12302,5.6619
1.12354,5.41279
1.12405,5.29775
1.12456,5.33716
1.12507,5.52073
1.12558,5.82483
1.1261,6.23077
1.12661,6.73936
1.12712,7.37463
1.12763,8.1765
1.12814,9.18374
1.12866,10.4111
1.12917,11.8285
1.12968,13.3483
1.13019,14.8284
1.1307,16.0925
1.13122,16.9646
1.13173,17.3102
1.13224,17.0691
1.13275,16.2761
1.13326,15.0613
1.13378,13.6348
1.13429,12.252
1.1348,11.1656
1.13531,10.5751
1.13582,10.5858
1.13634,11.1865
1.13685,12.2504
1.13736,13.555
1.13787,14.8185
1.13838,15.7472
1.1389,16.0885
1.13941,15.6793
1.13992,14.4805
1.14043,12.5866
1.14094,10.2086
1.14146,7.63639
1.14197,5.1863
1.14248,3.14679
1.14299,1.72815
1.1435,1.02614
1.14402,1.00878
1.14453,1.52989
1.14504,2.36705
1.14555,3.27062
1.14606,4.012
1.14658,4.42153
1.14709,4.41206
1.1476,3.98544
1.14811,3.21785
1.14862,2.22917
1.14914,1.14759
1.14965,0.0829663
1.15016,-0.887324
1.15067,-1.72125
1.15118,-2.40517
1.1517,-2.94032
1.15221,-3.32721
1.15272,-3.55614
1.15323,-3.607
1.15374,-3.45969
1.15426,-3.11091
1.15477,-2.59106
1.15528,-1.9753
1.15579,-1.3824
1.1563,-0.958515
1.15682,-0.845295
1.15733,-1.14152
1.15784,-1.86833
1.15835,-2.94798
1.15886,-4.20289
1.15938,-5.37968
1.15989,-6.19626
1.1604,-6.40232
1.16091,-5.84031
1.16142,-4.49271
1.16194,-2.50183
1.16245,-0.154083
1.16296,2.16827
1.16347,4.05851
1.16398,5.16589
1.1645,5.27012
1.16501,4.3317
1.16552,2.50492
1.16603,0.109213
1.16654,-2.43339
1.16706,-4.67773
1.16757,-6.23511
1.16808,-6.8401
1.16859,-6.39403
1.1691,-4.97399
1.16962,-2.80507
1.17013,-0.207228
1.17064,2.46452
1.17115,4.87484
1.17166,6.75175
1.17218,7.91553
1.17269,8.28957
1.1732,7.89426
1.17371,6.83129
1.17422,5.26644
1.17474,3.41576
1.17525,1.5317
1.17576,-0.116285
1.17627,-1.26854
1.17678,-1.70682
1.1773,-1.28834
1.17781,0.020683
1.17832,2.12066
1.17883,4.77469
1.17934,7.63153
1.17986,10.2747
1.18037,12.2902
1.18088,13.3402
1.18139,13.229
1.1819,11.9453
1.18242,9.67269
1.18293,6.76436
1.18344,3.68629
1.18395,0.940186
1.18446,-1.02098
1.18498,-1.86863
1.18549,-1.45368
1.186,0.170317
1.18651,2.75794
1.18702,5.91308
1.18754,9.15227
1.18805,11.9805
1.18856,13.9721
1.18907,14.8409
1.18958,14.4878
1.1901,13.014
1.19061,10.7021
1.19112,7.96985
1.19163,5.30188
1.19214,3.16915
1.19266,1.94529
1.19317,1.84118
1.19368,2.87093
1.19419,4.85502
1.1947,7.45363
1.19522,10.2227
1.19573,12.6859
1.19624,14.4119
1.19675,15.0832
1.19726,14.5436
1.19778,12.8153
1.19829,10.0872
1.1988,6.67917
1.19931,2.98952
1.19982,-0.569136
1.20034,-3.63205
1.20085,-5.93263
1.20136,-7.3319
1.20187,-7.8241
1.20238,-7.51778
1.2029,-6.5999
1.20341,-5.29527
1.20392,-3.8306
1.20443,-2.4092
1.20494,-1.19614
1.20546,-0.313431
1.20597,0.158153
1.20648,0.174809
1.20699,-0.272653
1.2075,-1.15298
1.20802,-2.38445
1.20853,-3.82742
1.20904,-5.29092
1.20955,-6.55578
1.21006,-7.41146
1.21058,-7.69957
1.21109,-7.35335
1.2116,-6.42594
1.21211,-5.09551
1.21262,-3.64285
1.21314,-2.40083
1.21365,-1.68792
1.21416,-1.74185
1.21467,-2.66712
1.21518,-4.40983
1.2157,-6.76287
1.21621,-9.40222
1.21672,-11.945
1.21723,-14.0194
1.21774,-15.3332
1.21826,-15.7269
1.21877,-15.2011
1.21928,-13.9111
1.21979,-12.1337
1.2203,-10.2141
1.22082,-8.50562
1.22133,-7.31136
1.22184,-6.83516
1.22235,-7.15211
1.22286,-8.2029
1.22338,-9.81403
1.22389,-11.7349
1.2244,-13.6802
1.22491,-15.3733
1.22542,-16.5852
1.22594,-17.1681
1.22645,-17.0735
1.22696,-16.3537
1.22747,-15.145
1.22798,-13.6415
1.2285,-12.0612
1.22901,-10.6102
1.22952,-9.45009
1.23003,-8.67087
1.23054,-8.28113
1.23106,-8.21549
1.23157,-8.35764
1.23208,-8.56946
1.23259,-8.71939
1.2331,-8.70548
1.23362,-8.47003
1.23413,-8.00424
1.23464,-7.33994
1.23515,-6.53151
1.23566,-5.63653
1.23618,-4.70311
1.23669,-3.76517
1.2372,-2.84223
1.23771,-1.94058
1.23822,-1.05522
1.23874,-0.172332
1.23925,0.728103
1.23976,1.67278
1.24027,2.69577
1.24078,3.83428
1.2413,5.11627
1.24181,6.54526
1.24232,8.08902
1.24283,9.67417
1.24334,11.1886
1.24386,12.4919
1.24437,13.4355
1.24488,13.8893
1.24539,13.7714
1.2459,13.0722
1.24642,11.8678
1.24693,10.3211
1.24744,8.66741
1.24795,7.18507
1.24846,6.15274
1.24898,5.79899
1.24949,6.25315
1.25,7.50872
1.25051,9.40818
1.25102,11.6538
1.25154,13.8443
1.25205,15.5343
1.25256,16.3091
1.25307,15.8597
1.25358,14.0424
1.2541,10.9106
1.25461,6.71346
1.25512,1.8615
1.25563,-3.13461
1.25614,-7.74202
1.25666,-11.4848
1.25717,-14.0096
1.25768,-15.1272
1.25819,-14.8279
1.2587,-13.2704
1.25922,-10.7497
1.25973,-7.6521
1.26024,-4.40334
1.26075,-1.42139
1.26126,0.923765
1.26178,2.34108
1.26229,2.64275
1.2628,1.75963
1.26331,-0.253013
1.26382,-3.21812
1.26434,-6.84767
1.26485,-10.7639
1.26536,-14.5342
1.26587,-17.7185
1.26638,-19.9261
1.2669,-20.8759
1.26741,-20.4483
1.26792,-18.7183
1.26843,-15.9586
1.26894,-12.6116
1.26946,-9.22509
1.26997,-6.3655
1.27048,-4.52343
1.27099,-4.02817
1.2715,-4.98868
1.27202,-7.27491
1.27253,-10.5447
1.27304,-14.309
1.27355,-18.0229
1.27406,-21.1833
1.27458,-23.4116
1.27509,-24.5063
1.2756,-24.4589
1.27611,-23.4337
1.27662,-21.7185
1.27714,-19.6583
1.27765,-17.5899
1.27816,-15.7892
1.27867,-14.4409
1.27918,-13.632
1.2797,-13.3634
1.28021,-13.5669
1.28072,-14.1265
1.28123,-14.8989
1.28174,-15.7324
1.28226,-16.4756
1.28277,-16.982
1.28328,-17.1173
1.28379,-16.7731
1.2843,-15.8876
1.28482,-14.4633
1.28533,-12.576
1.28584,-10.3709
1.28635,-8.04784
1.28686,-5.83793
1.28738,-3.96789
1.28789,-2.62041
1.2884,-1.89695
1.28891,-1.79683
1.28942,-2.21783
1.28994,-2.97807
1.29045,-3.85222
1.29096,-4.61319
1.29147,-5.0733
1.29198,-5.11577
1.2925,-4.71121
1.29301,-3.91484
1.29352,-2.8448
1.29403,-1.64749
1.29454,-0.460603
1.29506,0.613544
1.29557,1.52146
1.29608,2.25917
1.29659,2.86275
1.2971,3.39091
1.29762,3.90462
1.29813,4.45059
1.29864,5.05385
1.29915,5.72275
1.29966,6.46096
1.30018,7.2787
1.30069,8.1959
1.3012,9.23679
1.30171,10.4172
1.30222,11.728
1.30274,13.1187
1.30325,14.4887
1.30376,15.6905
1.30427,16.5498
1.30478,16.9004
1.3053,16.6228
1.30581,15.6761
1.30632,14.1132
1.30683,12.0755
1.30734,9.76784
1.30786,7.41925
1.30837,5.23857
1.30888,3.37441
1.30939,1.89067
1.3099,0.765031
1.31042,-0.0898182
1.31093,-0.790041
1.31144,-1.44229
1.31195,-2.11364
1.31246,-2.81801
1.31298,-3.52163
1.31349,-4.16421
1.314,-4.68899
1.31451,-5.06904
1.31502,-5.3208
1.31554,-5.49702
1.31605,-5.66363
1.31656,-5.87187
1.31707,-6.13529
1.31758,-6.41934
1.3181,-6.64568
1.31861,-6.71658
1.31912,-6.55209
1.31963,-6.12771
1.32014,-5.49885
1.32066,-4.80403
1.32117,-4.24625
1.32168,-4.05375
1.32219,-4.4299
1.3227,-5.50224
1.32322,-7.28544
1.32373,-9.6691
1.32424,-12.434
1.32475,-15.29
1.32526,-17.9242
1.32578,-20.053
1.32629,-21.4695
1.3268,-22.0758
1.32731,-21.8917
1.32782,-21.0404
1.32834,-19.7181
1.32885,-18.1566
1.32936,-16.5857
1.32987,-15.1996
1.33038,-14.1327
1.3309,-13.4497
1.33141,-13.1521
1.33192,-13.1941
1.33243,-13.5004
1.33294,-13.9776
1.33346,-14.5218
1.33397,-15.0272
1.33448,-15.3911
1.33499,-15.5173
1.3355,-15.3191
1.33602,-14.728
1.33653,-13.7091
1.33704,-12.2769
1.33755,-10.5044
1.33806,-8.52179
1.33858,-6.50551
1.33909,-4.65868
1.3396,-3.18324
1.34011,-2.24605
1.34062,-1.9458
1.34114,-2.29104
1.34165,-3.1946
1.34216,-4.48598
1.34267,-5.93735
1.34318,-7.2981
1.3437,-8.33431
1.34421,-8.86771
1.34472,-8.80566
1.34523,-8.15336
1.34574,-7.00657
1.34626,-5.53047
1.34677,-3.92969
1.34728,-2.41425
1.34779,-1.16454
1.3483,-0.301355
1.34882,0.131194
1.34933,0.167425
1.34984,-0.0918909
1.35035,-0.498024
1.35086,-0.877341
1.35138,-1.0575
1.35189,-0.893945
1.3524,-0.293076
1.35291,0.772614
1.35342,2.2582
1.35394,4.04986
1.35445,5.97811
1.35496,7.84119
1.35547,9.43648
1.35598,10.5939
1.3565,11.2055
1.35701,11.246
1.35752,10.7809
1.35803,9.95666
1.35854,8.97656
1.35906,8.06603
1.35957,7.4349
1.36008,7.24332
1.36059,7.57892
1.3611,8.44681
1.36162,9.77149
1.36213,11.4098
1.36264,13.1735
1.36315,14.8565
1.36366,16.2597
1.36418,17.2114
1.36469,17.5843
1.3652,17.3094
1.36571,16.3872
1.36622,14.8931
1.36674,12.977
1.36725,10.8532
1.36776,8.78179
1.36827,7.0391
1.36878,5.87822
1.3693,5.48363
1.36981,5.92815
1.37032,7.14375
1.37083,8.91667
1.37134,10.9102
1.37186,12.7155
1.37237,13.9241
1.37288,14.2093
1.37339,13.3983
1.3739,11.5175
1.37442,8.80158
1.37493,5.65612
1.37544,2.58138
1.37595,0.0684852
1.37646,-1.50467
1.37698,-1.95261
1.37749,-1.31738
1.378,0.147952
1.37851,2.03932
1.37902,3.89426
1.37954,5.29475
1.38005,5.95686
1.38056,5.78041
1.38107,4.84864
1.38158,3.38604
1.3821,1.69187
1.38261,0.0688935
1.38312,-1.23912
1.38363,-2.08397
1.38414,-2.41721
1.38466,-2.26457
1.38517,-1.68597
1.38568,-0.738643
1.38619,0.543436
1.3867,2.14486
1.38722,4.04458
1.38773,6.18326
1.38824,8.43804
1.38875,10.6151
1.38926,12.4667
1.38978,13.7345
1.39029,14.2103
1.3908,13.7993
1.39131,12.5653
1.39183,10.7373
1.39234,8.67543
1.39285,6.80303
1.39336,5.52083
1.39387,5.11716
1.39439,5.69538
1.3949,7.14026
1.39541,9.13499
1.39592,11.2262
1.39643,12.9195
1.39695,13.7852
1.39746,13.5479
1.39797,12.1425
1.39848,9.72262
1.39899,6.62364
1.39951,3.29015
1.40002,0.185622
1.40053,-2.29538
1.40104,-3.89349
1.40155,-4.51699
1.40207,-4.23596
1.40258,-3.24677
1.40309,-1.81829
1.4036,-0.235181
1.40411,1.25135
1.40463,2.45755
1.40514,3.27974
1.40565,3.68837
1.40616,3.70899
1.40667,3.40294
1.40719,2.85358
1.4077,2.16163
1.40821,1.44738
1.40872,0.853604
1.40923,0.543061
1.40975,0.685005
1.41026,1.43213
1.41077,2.88993
1.41128,5.08407
1.41179,7.9336
1.41231,11.2408
1.41282,14.707
1.41333,17.9761
1.41384,20.6962
1.41435,22.5853
1.41487,23.4863
1.41538,23.4001
1.41589,22.4915
1.4164,21.061
1.41691,19.4846
1.41743,18.1373
1.41794,17.3173
1.41845,17.1918
1.41896,17.7699
1.41947,18.9046
1.41999,20.3244
1.4205,21.6869
1.42101,22.6455
1.42152,22.9155
1.42203,22.3274
1.42255,20.8578
1.42306,18.6317
1.42357,15.8989
1.42408,12.9879
1.42459,10.249
1.42511,7.99287
1.42562,6.43535
1.42613,5.66076
1.42664,5.61295
1.42715,6.11411
1.42767,6.90451
1.42818,7.69313
1.42869,8.20999
1.4292,8.25198
1.42971,7.71198
1.43023,6.58514
1.43074,4.95333
1.43125,2.95791
1.43176,0.770715
1.43227,-1.43175
1.43279,-3.48724
1.4333,-5.25858
1.43381,-6.63656
1.43432,-7.53958
1.43483,-7.91502
1.43535,-7.74432
1.43586,-7.05294
1.43637,-5.91908
1.43688,-4.4771
1.43739,-2.9087
1.43791,-1.42146
1.43842,-0.217604
1.43893,0.542658
1.43944,0.773836
1.43995,0.487303
1.44047,-0.208194
1.44098,-1.12924
1.44149,-2.06022
1.442,-2.80353
1.44251,-3.22294
1.44303,-3.27074
1.44354,-2.99127
1.44405,-2.50151
1.44456,-1.95161
1.44507,-1.47721
1.44559,-1.15794
1.4461,-0.994736
1.44661,-0.914291
1.44712,-0.798093
1.44763,-0.526307
1.44815,-0.0209046
1.44866,0.722831
1.44917,1.6228
1.44968,2.51964
1.45019,3.20793
1.45071,3.48171
1.45122,3.17902
1.45173,2.21365
1.45224,0.588703
1.45275,-1.60758
1.45327,-4.21787
1.45378,-7.0402
1.45429,-9.85354
1.4548,-12.4408
1.45531,-14.6053
1.45583,-16.1834
1.45634,-17.0557
1.45685,-17.1595
1.45736,-16.5012
1.45787,-15.1667
1.45839,-13.3251
1.4589,-11.2228
1.45941,-9.16307
1.45992,-7.46986
1.46043,-6.44161
1.46095,-6.30119
1.46146,-7.15097
1.46197,-8.94215
1.46248,-11.4679
1.46299,-14.3847
1.46351,-17.26
1.46402,-19.6406
1.46453,-21.1257
1.46504,-21.4343
1.46555,-20.4515
1.46607,-18.2494
1.46658,-15.0761
1.46709,-11.3141
1.4676,-7.4187
1.46811,-3.84833
1.46863,-0.99738
1.46914,0.859839
1.46965,1.60566
1.47016,1.29005
1.47067,0.116917
1.47119,-1.5893
1.4717,-3.42948
1.47221,-4.98557
1.47272,-5.88232
1.47323,-5.84643
1.47375,-4.75282
1.47426,-2.65043
1.47477,0.234852
1.47528,3.52273
1.47579,6.7275
1.47631,9.32949
1.47682,10.8583
1.47733,10.9702
1.47784,9.50681
1.47835,6.52461
1.47887,2.29391
1.47938,-2.73697
1.47989,-8.00627
1.4804,-12.9209
1.48091,-16.942
1.48143,-19.6611
1.48194,-20.8542
1.48245,-20.5065
1.48296,-18.809
1.48347,-16.1261
1.48399,-12.9388
1.4845,-9.77275
1.48501,-7.12212
1.48552,-5.38263
1.48603,-4.80038
1.48655,-5.44258
1.48706,-7.19292
1.48757,-9.77381
1.48808,-12.7932
1.48859,-15.8071
1.48911,-18.3863
1.48962,-20.1767
1.49013,-20.9506
1.49064,-20.6351
1.49115,-19.3156
1.49167,-17.2136
1.49218,-14.6442
1.49269,-11.9635
1.4932,-9.51159
1.49371,-7.56132
1.49423,-6.28046
1.49474,-5.71311
1.49525,-5.78161
1.49576,-6.30719
1.49627,-7.04293
1.49679,-7.71438
1.4973,-8.06315
1.49781,-7.88474
1.49832,-7.05863
1.49883,-5.56578
1.49935,-3.49284
1.49986,-1.02129
1.50037,1.59739
1.50088,4.07736
1.50139,6.14391
1.50191,7.57914
1.50242,8.26063
1.50293,8.18246
1.50344,7.45408
1.50395,6.27685
1.50447,4.90135
1.50498,3.57607
1.50549,2.49537
1.506,1.76364
1.50651,1.38342
1.50703,1.26802
1.50754,1.27175
1.50805,1.22856
1.50856,0.993693
1.50907,0.474407
1.50959,-0.356626
1.5101,-1.4692
1.51061,-2.79796
1.51112,-4.26863
1.51163,-5.81915
1.51215,-7.40914
1.51266,-9.02102
1.51317,-10.6508
1.51368,-12.2916
1.51419,-13.9145
1.51471,-15.4566
1.51522,-16.8252
1.51573,-17.915
1.51624,-18.6338
1.51675,-18.9259
1.51727,-18.7896
1.51778,-18.2858
1.51829,-17.5356
1.5188,-16.7024
1.51931,-15.9558
1.51983,-15.432
1.52034,-15.2005
1.52085,-15.25
1.52136,-15.4895
1.52187,-15.7652
1.52239,-15.8906
1.5229,-15.689
1.52341,-15.0373
1.52392,-13.8956
1.52443,-12.3143
1.52495,-10.4208
1.52546,-8.3956
1.52597,-6.44172
1.52648,-4.75156
1.52699,-3.4772
1.52751,-2.71063
1.52802,-2.47924
1.52853,-2.75125
1.52904,-3.44359
1.52955,-4.42916
1.53007,-5.5457
1.53058,-6.61145
1.53109,-7.44394
1.5316,-7.87994
1.53211,-7.79704
1.53263,-7.13917
1.53314,-5.94256
1.53365,-4.34751
1.53416,-2.58859
1.53467,-0.960613
1.53519,0.230457
1.5357,0.725106
1.53621,0.367817
1.53672,-0.848886
1.53723,-2.76655
1.53775,-5.08123
1.53826,-7.39766
1.53877,-9.30617
1.53928,-10.4629
1.53979,-10.6584
1.54031,-9.86039
1.54082,-8.21944
1.54133,-6.03411
1.54184,-3.6817
1.54235,-1.5346
1.54287,0.119016
1.54338,1.12975
1.54389,1.50623
1.5444,1.39833
1.54491,1.05003
1.54543,0.734911
1.54594,0.687735
1.54645,1.05207
1.54696,1.85739
1.54747,3.02804
1.54799,4.41469
1.5485,5.83439
1.54901,7.11112
1.54952,8.10892
1.55003,8.74945
1.55055,9.00859
1.55106,8.89696
1.55157,8.43796
1.55208,7.65459
1.55259,6.56846
1.55311,5.20778
1.55362,3.61984
1.55413,1.88408
1.55464,0.120001
1.55515,-1.51846
1.55567,-2.8656
1.55618,-3.7798
1.55669,-4.17929
1.5572,-4.06687
1.55771,-3.53794
1.55823,-2.76901
1.55874,-1.98743
1.55925,-1.42499
1.55976,-1.26888
1.56027,-1.62414
1.56079,-2.49806
1.5613,-3.8079
1.56181,-5.40659
1.56232,-7.12159
1.56283,-8.79742
1.56335,-10.3306
1.56386,-11.684
1.56437,-12.8771
1.56488,-13.9608
1.56539,-14.9856
1.56591,-15.9738
1.56642,-16.8991
1.56693,-17.6827
1.56744,-18.2094
1.56795,-18.3618
1.56847,-18.0592
1.56898,-17.2882
1.56949,-16.116
1.57,-14.6888
1.57051,-13.2126
1.57103,-11.9219
1.57154,-11.0379
1.57205,-10.7304
1.57256,-11.0892
1.57307,-12.1129
1.57359,-13.7113
1.5741,-15.7187
1.57461,-17.9138
1.57512,-20.0426
1.57563,-21.8446
1.57615,-23.0775
1.57666,-23.5412
1.57717,-23.1005
1.57768,-21.7071
1.57819,-19.4183
1.57871,-16.4042
1.57922,-12.9397
1.57973,-9.37609
1.58024,-6.09499
1.58075,-3.4491
1.58127,-1.70065
1.58178,-0.971336
1.58229,-1.21328
1.5828,-2.21115
1.58331,-3.616
1.58383,-5.00901
1.58434,-5.98308
1.58485,-6.22428
1.58536,-5.57445
1.58587,-4.05993
1.58639,-1.88268
1.5869,0.623287
1.58741,3.06022
1.58792,5.04702
1.58843,6.29376
1.58895,6.65497
1.58946,6.15217
1.58997,4.96285
1.59048,3.38001
1.59099,1.75354
1.59151,0.428213
1.59202,-0.312316
1.59253,-0.286818
1.59304,0.562278
1.59355,2.17141
1.59407,4.37691
1.59458,6.94619
1.59509,9.61093
1.5956,12.0943
1.59611,14.1331
1.59663,15.4963
1.59714,16.0027
1.59765,15.5374
1.59816,14.068
1.59867,11.6617
1.59919,8.49904
1.5997,4.87798
1.60021,1.19695
1.60072,-2.08584
1.60123,-4.51818
1.60175,-5.733
1.60226,-5.52317
1.60277,-3.89401
1.60328,-1.08064
1.60379,2.47629
1.60431,6.20047
1.60482,9.48545
1.60533,11.8108
1.60584,12.8399
1.60635,12.4786
1.60687,10.8848
1.60738,8.42794
1.60789,5.60748
1.6084,2.94757
1.60891,0.894229
1.60943,-0.258936
1.60994,-0.404461
1.61045,0.386146
1.61096,1.90073
1.61147,3.84624
1.61199,5.91549
1.6125,7.84245
1.61301,9.43396
1.61352,10.5753
1.61403,11.2199
1.61455,11.3733
1.61506,11.0763
1.61557,10.3926
1.61608,9.40198
1.61659,8.20439
1.61711,6.92899
1.61762,5.73842
1.61813,4.81935
1.61864,4.35903
1.61915,4.50989
1.61967,5.35188
1.62018,6.8611
1.62069,8.89368
1.6212,11.1921
1.62171,13.4186
1.62223,15.2148
1.62274,16.2723
1.62325,16.3997
1.62376,15.5671
1.62427,13.9162
1.62479,11.735
1.6253,9.39849
1.62581,7.29109
1.62632,5.72402
1.62683,4.87056
1.62735,4.73433
1.62786,5.15868
1.62837,5.87144
1.62888,6.55255
1.62939,6.90915
1.62991,6.73943
1.63042,5.97253
1.63093,4.67445
1.63144,3.02289
1.63195,1.26104
1.63247,-0.354935
1.63298,-1.60188
1.63349,-2.32335
1.634,-2.4446
1.63451,-1.96884
1.63503,-0.959095
1.63554,0.484006
1.63605,2.2393
1.63656,4.17681
1.63707,6.16464
1.63759,8.074
1.6381,9.78423
1.63861,11.1907
1.63912,12.2177
1.63963,12.8328
1.64015,13.0607
1.64066,12.9909
1.64117,12.7722
1.64168,12.5932
1.64219,12.6494
1.64271,13.1049
1.64322,14.0554
1.64373,15.5029
1.64424,17.3464
1.64475,19.3894
1.64527,21.3685
1.64578,22.9982
1.64629,24.0229
1.6468,24.2595
1.64731,23.624
1.64783,22.1434
1.64834,19.9492
1.64885,17.255
1.64936,14.3186
1.64987,11.4008
1.65039,8.72923
1.6509,6.47304
1.65141,4.72889
1.65192,3.51819
1.65243,2.79676
1.65295,2.47428
1.65346,2.4366
1.65397,2.5655
1.65448,2.75494
1.65499,2.92378
1.65551,3.02371
1.65602,3.04187
1.65653,2.99997
1.65704,2.94856
1.65755,2.95669
1.65807,3.09841
1.65858,3.43928
1.65909,4.02415
1.6596,4.86434
1.66011,5.92929
1.66063,7.1453
1.66114,8.40535
1.66165,9.58475
1.66216,10.5572
1.66267,11.2115
1.66319,11.4683
1.6637,11.2973
1.66421,10.7224
1.66472,9.81551
1.66523,8.68148
1.66575,7.44403
1.66626,6.23405
1.66677,5.17616
1.66728,4.37601
1.66779,3.9078
1.66831,3.80873
1.66882,4.07664
1.66933,4.66966
1.66984,5.50705
1.67035,6.47366
1.67087,7.43327
1.67138,8.24763
1.67189,8.79955
1.6724,9.01323
1.67292,8.86862
1.67343,8.40669
1.67394,7.72288
1.67445,6.94934
1.67496,6.22609
1.67548,5.6694
1.67599,5.34517
1.6765,5.255
1.67701,5.33814
1.67752,5.48893
1.67804,5.58671
1.67855,5.52858
1.67906,5.25536
1.67957,4.76423
1.68008,4.10709
1.6806,3.374
1.68111,2.66419
1.68162,2.05262
1.68213,1.5645
1.68264,1.16564
1.68316,0.77036
1.68367,0.265637
1.68418,-0.453173
1.68469,-1.44364
1.6852,-2.68744
1.68572,-4.08056
1.68623,-5.44537
1.68674,-6.56211
1.68725,-7.21313
1.68776,-7.23155
1.68828,-6.54263
1.68879,-5.1861
1.6893,-3.31416
1.68981,-1.16671
1.69032,0.967306
1.69084,2.7981
1.69135,4.0836
1.69186,4.66839
1.69237,4.50351
1.69288,3.64351
1.6934,2.22739
1.69391,0.448622
1.69442,-1.47658
1.69493,-3.33868
1.69544,-4.95735
1.69596,-6.19341
1.69647,-6.95199
1.69698,-7.17883
1.69749,-6.85754
1.698,-6.009
1.69852,-4.69305
1.69903,-3.01115
1.69954,-1.1062
1.70005,0.840316
1.70056,2.61907
1.70108,4.01217
1.70159,4.82343
1.7021,4.91384
1.70261,4.22944
1.70312,2.81593
1.70364,0.815894
1.70415,-1.54793
1.70466,-4.00629
1.70517,-6.2893
1.70568,-8.17256
1.7062,-9.5128
1.70671,-10.2629
1.70722,-10.4683
1.70773,-10.2449
1.70824,-9.74938
1.70876,-9.14581
1.70927,-8.57478
1.70978,-8.1327
1.71029,-7.86444
1.7108,-7.77227
1.71132,-7.83261
1.71183,-8.01183
1.71234,-8.27587
1.71285,-8.59268
1.71336,-8.93281
1.71388,-9.26671
1.71439,-9.56072
1.7149,-9.77395
1.71541,-9.86255
1.71592,-9.79435
1.71644,-9.56592
1.71695,-9.21445
1.71746,-8.81693
1.71797,-8.47897
1.71848,-8.3157
1.719,-8.42554
1.71951,-8.86232
1.72002,-9.61228
1.72053,-10.5874
1.72104,-11.6368
1.72156,-12.5741
1.72207,-13.2157
1.72258,-13.4214
1.72309,-13.1282
1.7236,-12.3687
1.72412,-11.269
1.72463,-10.0274
1.72514,-8.87739
1.72565,-8.04394
1.72616,-7.69994
1.72668,-7.9333
1.72719,-8.73131
1.7277,-9.98426
1.72821,-11.5056
1.72872,-13.0651
1.72924,-14.4282
1.72975,-15.3958
1.73026,-15.8362
1.73077,-15.7052
1.73128,-15.0477
1.7318,-13.9831
1.73231,-12.6822
1.73282,-11.3378
1.73333,-10.1365
1.73384,-9.23413
1.73436,-8.74032
1.73487,-8.71252
1.73538,-9.1556
1.73589,-10.0265
1.7364,-11.2422
1.73692,-12.6882
1.73743,-14.2279
1.73794,-15.7119
1.73845,-16.9907
1.73896,-17.9318
1.73948,-18.4414
1.73999,-18.4848
1.7405,-18.1003
1.74101,-17.4034
1.74152,-16.5792
1.74204,-15.8592
1.74255,-15.4832
1.74306,-15.6516
1.74357,-16.4807
1.74408,-17.9737
1.7446,-20.0082
1.74511,-22.3444
1.74562,-24.6569
1.74613,-26.5881
1.74664,-27.8122
1.74716,-28.0959
1.74767,-27.3431
1.74818,-25.6189
1.74869,-23.1448
1.7492,-20.2635
1.74972,-17.3771
1.75023,-14.8716
1.75074,-13.0457
1.75125,-12.0607
1.75176,-11.9143
1.75228,-12.4456
1.75279,-13.3695
1.7533,-14.3373
1.75381,-15.0085
1.75432,-15.1151
1.75484,-14.5072
1.75535,-13.1706
1.75586,-11.2206
1.75637,-8.87445
1.75688,-6.41002
1.7574,-4.11787
1.75791,-2.25634
1.75842,-1.02158
1.75893,-0.534066
1.75944,-0.838557
1.75996,-1.90836
1.76047,-3.65048
1.76098,-5.91141
1.76149,-8.48521
1.762,-11.1247
1.76252,-13.5541
1.76303,-15.4891
1.76354,-16.6683
1.76405,-16.8959
1.76456,-16.0841
1.76508,-14.2863
1.76559,-11.7117
1.7661,-8.71637
1.76661,-5.76578
1.76712,-3.36795
1.76764,-1.98865
1.76815,-1.9647
1.76866,-3.43395
1.76917,-6.29738
1.76968,-10.2225
1.7702,-14.692
1.77071,-19.0892
1.77122,-22.8049
1.77173,-25.3434
1.77224,-26.4065
1.77276,-25.9383
1.77327,-24.1221
1.77378,-21.3356
1.77429,-18.0723
1.7748,-14.8445
1.77532,-12.0907
1.77583,-10.1041
1.77634,-8.99968
1.77685,-8.71878
1.77736,-9.06491
1.77788,-9.75768
1.77839,-10.4933
1.7789,-10.9993
1.77941,-11.072
1.77992,-10.5927
1.78044,-9.52144
1.78095,-7.88119
1.78146,-5.74083
1.78197,-3.20449
1.78248,-0.406207
1.783,2.48962
1.78351,5.28182
1.78402,7.73089
1.78453,9.57146
1.78504,10.5459
1.78556,10.4516
1.78607,9.19265
1.78658,6.82417
1.78709,3.57634
1.7876,-0.15171
1.78812,-3.83697
1.78863,-6.91149
1.78914,-8.86203
1.78965,-9.32668
1.79016,-8.16837
1.79068,-5.51137
1.79119,-1.73
1.7917,2.61104
1.79221,6.85627
1.79272,10.3757
1.79324,12.6728
1.79375,13.4636
1.79426,12.7124
1.79477,10.6216
1.79528,7.57786
1.7958,4.06963
1.79631,0.594676
1.79682,-2.42118
1.79733,-4.68134
1.79784,-6.04623
1.79836,-6.5281
1.79887,-6.25906
1.79938,-5.44348
1.79989,-4.31012
1.8004,-3.07308
1.80092,-1.90661
1.80143,-0.935293
1.80194,-0.236436
1.80245,0.150661
1.80296,0.216433
1.80348,-0.0213011
1.80399,-0.513201
1.8045,-1.17325
1.80501,-1.87876
1.80552,-2.47998
1.80604,-2.81972
1.80655,-2.76165
1.80706,-2.22342
1.80757,-1.20563
1.80808,0.194095
1.8086,1.79027
1.80911,3.33934
1.80962,4.58572
1.81013,5.31588
1.81064,5.41019
1.81116,4.87722
1.81167,3.85897
1.81218,2.60591
1.81269,1.42747
1.8132,0.630383
1.81372,0.457371
1.81423,1.0377
1.81474,2.35976
1.81525,4.27511
1.81576,6.53352
1.81628,8.837
1.81679,10.8949
1.8173,12.4725
1.81781,13.4266
1.81832,13.7229
1.81884,13.4284
1.81935,12.6801
1.81986,11.6455
1.82037,10.4876
1.82088,9.34443
1.8214,8.31774
1.82191,7.47129
1.82242,6.83722
1.82293,6.43005
1.82344,6.2597
1.82396,6.33475
1.82447,6.65635
1.82498,7.20625
1.82549,7.93898
1.826,8.7786
1.82652,9.62231
1.82703,10.349
1.82754,10.835
1.82805,10.9752
1.82856,10.7022
1.82908,10.0015
1.82959,8.91628
1.8301,7.54601
1.83061,6.03669
1.83112,4.56569
1.83164,3.32213
1.83215,2.48398
1.83266,2.19664
1.83317,2.55256
1.83368,3.57471
1.8342,5.20471
1.83471,7.30207
1.83522,9.65708
1.83573,12.0143
1.83624,14.1037
1.83676,15.676
1.83727,16.5385
1.83778,16.588
1.83829,15.832
1.8388,14.3912
1.83932,12.4846
1.83983,10.4005
1.84034,8.45888
1.84085,6.96905
1.84136,6.18696
1.84188,6.27872
1.84239,7.29709
1.8429,9.17378
1.84341,11.7286
1.84392,14.6927
1.84444,17.7416
1.84495,20.5327
1.84546,22.7433
1.84597,24.1103
1.84648,24.4625
1.847,23.7418
1.84751,22.0079
1.84802,19.4288
1.84853,16.2586
1.84904,12.804
1.84956,9.38225
1.85007,6.27315
1.85058,3.67936
1.85109,1.70228
1.8516,0.338496
1.85212,-0.506332
1.85263,-0.990719
1.85314,-1.29959
1.85365,-1.60324
1.85416,-2.02249
1.85468,-2.61083
1.85519,-3.35568
1.8557,-4.1944
1.85621,-5.03849
1.85672,-5.7982
1.85724,-6.40205
1.85775,-6.80588
1.85826,-6.99024
1.85877,-6.95072
1.85928,-6.68833
1.8598,-6.20632
1.86031,-5.51424
1.86082,-4.63732
1.86133,-3.62845
1.86184,-2.57626
1.86236,-1.60342
1.86287,-0.848782
1.86338,-0.434822
1.86389,-0.428174
1.8644,-0.805136
1.86492,-1.43423
1.86543,-2.08098
1.86594,-2.43957
1.86645,-2.18699
1.86696,-1.05135
1.86748,1.12219
1.86799,4.32553
1.8685,8.37335
1.86901,12.9264
1.86952,17.5448
1.87004,21.76
1.87055,25.1512
1.87106,27.411
1.87157,28.3915
1.87208,28.1194
1.8726,26.7768
1.87311,24.6546
1.87362,22.0922
1.87413,19.4222
1.87464,16.9262
1.87516,14.8064
1.87567,13.1706
1.87618,12.0363
1.87669,11.3496
1.8772,11.0113
1.87772,10.8998
1.87823,10.8816
1.87874,10.8189
1.87925,10.5777
1.87976,10.0401
1.88028,9.11699
1.88079,7.75968
1.8813,5.97226
1.88181,3.82451
1.88232,1.46099
1.88284,-0.903719
1.88335,-3.00711
1.88386,-4.57728
1.88437,-5.38027
1.88488,-5.26701
1.8854,-4.21017
1.88591,-2.32105
1.88642,0.158214
1.88693,2.88992
1.88744,5.49919
1.88796,7.64411
1.88847,9.08188
1.88898,9.71688
1.88949,9.62135
1.89,9.02186
1.89052,8.25394
1.89103,7.69505
1.89154,7.68996
1.89205,8.48266
1.89256,10.1674
1.89308,12.671
1.89359,15.7695
1.8941,19.1345
1.89461,22.398
1.89512,25.2198
1.89564,27.3444
1.89615,28.6369
1.89666,29.0962
1.89717,28.842
1.89768,28.0818
1.8982,27.0645
1.89871,26.0316
1.89922,25.1782
1.89973,24.6294
1.90024,24.4353
1.90076,24.5816
1.90127,25.0091
1.90178,25.6349
1.90229,26.3704
1.9028,27.1305
1.90332,27.834
1.90383,28.3973
1.90434,28.7263
1.90485,28.7128
1.90536,28.2409
1.90588,27.2059
1.90639,25.5406
1.9069,23.2421
1.90741,20.3878
1.90792,17.138
1.90844,13.7229
1.90895,10.4122
1.90946,7.47088
1.90997,5.10751
1.91048,3.4347
1.911,2.45467
1.91151,2.07234
1.91202,2.12702
1.91253,2.43378
1.91304,2.82923
1.91356,3.21172
1.91407,3.56391
1.91458,3.94572
1.91509,4.46163
1.9156,5.21552
1.91612,6.2694
1.91663,7.61384
1.91714,9.15597
1.91765,10.7295
1.91816,12.1269
1.91868,13.1478
1.91919,13.6481
1.9197,13.5762
1.92021,12.9829
1.92072,12.0098
1.92124,10.8608
1.92175,9.76383
1.92226,8.927
1.92277,8.50058
1.92328,8.5567
1.9238,9.08874
1.92431,10.0268
1.92482,11.2592
1.92533,12.6534
1.92584,14.0719
1.92636,15.3819
1.92687,16.4593
1.92738,17.1845
1.92789,17.4399
1.9284,17.1177
1.92892,16.1391
1.92943,14.4781
1.92994,12.1795
1.93045,9.3706
1.93096,6.25991
1.93148,3.11943
1.93199,0.247505
1.9325,-2.08234
1.93301,-3.67331
1.93352,-4.44395
1.93404,-4.44385
1.93455,-3.84516
1.93506,-2.91161
1.93557,-1.94935
1.93608,-1.24785
1.9366,-1.02533
1.93711,-1.39327
1.93762,-2.34683
1.93813,-3.77879
1.93864,-5.50949
1.93916,-7.32522
1.93967,-9.01732
1.94018,-10.4147
1.94069,-11.4025
1.9412,-11.9259
1.94172,-11.9828
1.94223,-11.6112
1.94274,-10.8764
1.94325,-9.85971
1.94376,-8.65443
1.94428,-7.36423
1.94479,-6.10194
1.9453,-4.98193
1.94581,-4.10713
1.94632,-3.55283
1.94684,-3.35086
1.94735,-3.47789
1.94786,-3.85035
1.94837,-4.33091
1.94888,-4.74799
1.9494,-4.92656
1.94991,-4.72145
1.95042,-4.04474
1.95093,-2.88275
1.95144,-1.30143
1.95196,0.561473
1.95247,2.51838
1.95298,4.36279
1.95349,5.90258
1.95401,6.98792
1.95452,7.5295
1.95503,7.50345
1.95554,6.94491
1.95605,5.93419
1.95657,4.57887
1.95708,2.996
1.95759,1.29706
1.9581,-0.421139
1.95861,-2.08033
1.95913,-3.62011
1.95964,-4.99524
1.96015,-6.17417
1.96066,-7.13902
1.96117,-7.8883
1.96169,-8.44054
1.9622,-8.83863
1.96271,-9.14954
1.96322,-9.45804
1.96373,-9.85555
1.96425,-10.4253
1.96476,-11.2283
1.96527,-12.2906
1.96578,-13.5957
1.96629,-15.0827
1.96681,-16.6554
1.96732,-18.2018
1.96783,-19.6163
1.96834,-20.8214
1.96885,-21.782
1.96937,-22.5152
1.96988,-23.0874
1.97039,-23.6009
1.9709,-24.1699
1.97141,-24.8931
1.97193,-25.8307
1.97244,-26.9927
1.97295,-28.3402
1.97346,-29.7962
1.97397,-31.2619
1.97449,-32.6356
1.975,-33.8302
1.97551,-34.7847
1.97602,-35.4631
1.97653,-35.8431
1.97705,-35.9017
1.97756,-35.6087
1.97807,-34.9283
1.97858,-33.8292
1.97909,-32.2995
1.97961,-30.3635
1.98012,-28.0962
1.98063,-25.6271
1.98114,-23.1313
1.98165,-20.8044
1.98217,-18.8303
1.98268,-17.35
1.98319,-16.4422
1.9837,-16.1143
1.98421,-16.3086
1.98473,-16.9206
1.98524,-17.8268
1.98575,-18.9119
1.98626,-20.087
1.98677,-21.294
1.98729,-22.497
1.9878,-23.667
1.98831,-24.7658
1.98882,-25.7379
1.98933,-26.5112
1.98985,-27.0079
1.99036,-27.1639
1.99087,-26.9501
1.99138,-26.3907
1.99189,-25.5678
1.99241,-24.6103
1.99292,-23.6694
1.99343,-22.8842
1.99394,-22.3509
1.99445,-22.1035
1.99497,-22.1094
1.99548,-22.2807
1.99599,-22.4981
1.9965,-22.6424
1.99701,-22.6252
1.99753,-22.4088
1.99804,-22.0075
1.99855,-21.4739
1.99906,-20.8736
1.99957,-20.261
