Time,Trace
-0.519808,0.48826882177081
-0.518816,-1.03882843946151
-0.517824,4.11465771661053
-0.516832,-0.795788841266942
-0.51584,0.850662792525089
-0.514848,2.61860698724006
-0.513856,-0.627385629880604
-0.512864,3.82494875005474
-0.511872,3.66546185400378
-0.51088,4.45269064581507
-0.509888,5.6648868950765
-0.508896,6.53242714646409
-0.507904,7.27572021429534
-0.506912,8.27142405290798
-0.50592,9.5612115694533
-0.504928,10.5188568048662
-0.503936,11.4685910715933
-0.502944,12.6791800848836
-0.501952,13.6612103541874
-0.50096,14.7600302805235
-0.499968,15.9735155918733
-0.498976,17.0886548252151
-0.497984,18.4757289893105
-0.496992,19.3519143809087
-0.496,20.6116381140132
-0.495008,21.8161781390609
-0.494016,23.20809722836
-0.493024,24.2049749563065
-0.492032,25.6688016173419
-0.49104,26.7563511171799
-0.490048,27.6835121506681
-0.489056,28.8131625937693
-0.488064,30.049583366367
-0.487072,30.8621480222754
-0.48608,31.9240332848163
-0.485088,32.7946944131668
-0.484096,34.2508252348171
-0.483104,35.0280929224419
-0.482112,36.5014256634544
-0.48112,37.5044215000535
-0.480128,38.3382198206907
-0.479136,39.8683213940767
-0.478144,40.8028475635026
-0.477152,41.8803040880052
-0.47616,42.8665223307608
-0.475168,44.3291921027223
-0.474176,44.9665588438016
-0.473184,46.1070517247848
-0.472192,47.1968695654814
-0.4712,48.0354287370642
-0.470208,49.1075777665653
-0.469216,50.3614392344364
-0.468224,51.3519080942678
-0.467232,52.4077858961075
-0.46624,53.2416482219039
-0.465248,54.516557465504
-0.464256,55.2282599840578
-0.463264,56.5689575709529
-0.462272,57.2754680150168
-0.46128,58.0110727053715
-0.460288,58.680503493994
-0.459296,59.8050908844624
-0.458304,61.0004920748815
-0.457312,61.8700238530885
-0.45632,62.643993657462
-0.455328,63.5100061217077
-0.454336,64.3873489960205
-0.453344,65.5160288567179
-0.452352,66.141159846505
-0.45136,67.1707307858544
-0.450368,67.9589322591422
-0.449376,69.0251809425653
-0.448384,69.9456912490191
-0.447392,70.6447124554678
-0.4464,71.8395133543021
-0.445408,72.7664990418036
-0.444416,72.94809180101
-0.443424,74.4287249358691
-0.442432,74.8858686551532
-0.44144,76.0391248258914
-0.440448,76.3923255742367
-0.439456,77.2845535744809
-0.438464,78.2691456533506
-0.437472,79.0596693912676
-0.43648,79.6686903501565
-0.435488,80.4755996765506
-0.434496,81.1360399523496
-0.433504,81.7351618641655
-0.432512,82.6760386389682
-0.43152,83.3150663176807
-0.430528,84.2842501892457
-0.429536,85.1255335892013
-0.428544,85.9168311907135
-0.427552,86.9299837825696
-0.42656,87.4672494662637
-0.425568,88.2926108980957
-0.424576,88.9848410441143
-0.423584,89.477897356829
-0.422592,90.1985135383018
-0.4216,91.1416598794006
-0.420608,91.7994602979829
-0.419616,92.4242790369661
-0.418624,93.2972355210104
-0.417632,93.9079697674006
-0.41664,94.563709648763
-0.415648,94.9033826538749
-0.414656,95.9837533497629
-0.413664,96.308946650694
-0.412672,97.150214173673
-0.41168,97.763386717692
-0.410688,98.3543970393104
-0.409696,99.1496919940497
-0.408704,100.033442875389
-0.407712,100.393446898437
-0.40672,100.66064947302
-0.405728,101.338312277059
-0.404736,102.021345895746
-0.403744,102.668854217339
-0.402752,102.90056975532
-0.40176,103.920844590136
-0.400768,104.126589774151
-0.399776,104.882974641606
-0.398784,105.133469227244
-0.397792,105.727276034007
-0.3968,106.451481099516
-0.395808,106.95262358092
-0.394816,107.237346334203
-0.393824,108.030478398559
-0.392832,108.692943731146
-0.39184,108.979156846397
-0.390848,109.273174423079
-0.389856,109.697259972344
-0.388864,110.210107609259
-0.387872,110.935005253684
-0.38688,111.291863065857
-0.385888,111.583598969955
-0.384896,112.075034169807
-0.383904,112.346939107768
-0.382912,112.869913916706
-0.38192,112.933114284824
-0.380928,113.60343404281
-0.379936,113.943449300174
-0.378944,114.597867889271
-0.377952,114.875407045161
-0.37696,114.954112224624
-0.375968,115.540581539239
-0.374976,116.028427658636
-0.373984,116.085947918466
-0.372992,116.304383000461
-0.372,116.820000988554
-0.371008,117.241438642261
-0.370016,117.530027471772
-0.369024,117.948057059688
-0.368032,118.221569548543
-0.36704,118.652806352338
-0.366048,118.706193847214
-0.365056,119.460170270702
-0.364064,119.651414588005
-0.363072,119.479832657257
-0.36208,119.926257190016
-0.361088,120.437522123709
-0.360096,120.667882901843
-0.359104,120.947784463363
-0.358112,121.131340230523
-0.35712,121.250325659259
-0.356128,121.767310327825
-0.355136,121.648433104642
-0.354144,121.922357244575
-0.353152,122.158540354775
-0.35216,122.710157404504
-0.351168,122.880485374936
-0.350176,123.175277237851
-0.349184,123.385494372266
-0.348192,123.764703491926
-0.3472,123.993573597538
-0.346208,124.238192611936
-0.345216,124.18190619775
-0.344224,124.672251328449
-0.343232,124.738550609467
-0.34224,124.714727297183
-0.341248,125.198091521855
-0.340256,125.427962125349
-0.339264,125.135226000255
-0.338272,125.170617245765
-0.33728,125.70162025502
-0.336288,125.60508998823
-0.335296,125.864164932382
-0.334304,125.855886121853
-0.333312,125.845633146405
-0.33232,125.839756661438
-0.331328,125.927721279019
-0.330336,126.066601701929
-0.329344,126.192312291784
-0.328352,126.283259462149
-0.32736,126.125671713033
-0.326368,126.463703416253
-0.325376,126.333701433529
-0.324384,126.468864395184
-0.323392,126.660163285058
-0.3224,126.486008473281
-0.321408,126.511110456302
-0.320416,126.653357486477
-0.319424,126.806147628947
-0.318432,126.661791724519
-0.31744,126.541025015077
-0.316448,126.64074293934
-0.315456,126.284735702923
-0.314464,126.625993223864
-0.313472,126.481121059294
-0.31248,126.5735012265
-0.311488,126.480247997484
-0.310496,126.474613073299
-0.309504,126.38935485788
-0.308512,126.361595750647
-0.30752,126.0945033009
-0.306528,125.881085284131
-0.305536,125.878186321621
-0.304544,126.02274651731
-0.303552,126.072321167632
-0.30256,125.93828188256
-0.301568,125.864818366513
-0.300576,125.486558507198
-0.299584,125.873799769702
-0.298592,125.712235710862
-0.2976,125.54476121072
-0.296608,125.350900065406
-0.295616,125.29405394349
-0.294624,125.431787023577
-0.293632,124.919101253069
-0.29264,124.822525455653
-0.291648,124.919950719773
-0.290656,124.758775001299
-0.289664,124.868170803543
-0.288672,124.772464348694
-0.28768,124.399009808985
-0.286688,124.041752363371
-0.285696,123.828800942836
-0.284704,123.729165904899
-0.283712,123.69172515633
-0.28272,123.485273561886
-0.281728,123.491865367174
-0.280736,123.141315527511
-0.279744,122.846498389943
-0.278752,123.058697789376
-0.27776,122.630319913646
-0.276768,122.460165732025
-0.275776,122.328309341884
-0.274784,121.939881406964
-0.273792,121.84620400427
-0.2728,121.438227786513
-0.271808,121.07011562289
-0.270816,120.760555036648
-0.269824,121.414270596446
-0.268832,120.482245301748
-0.26784,120.175376405006
-0.266848,120.394168139862
-0.265856,119.841136022752
-0.264864,119.313823770357
-0.263872,119.278797120015
-0.26288,119.191461212778
-0.261888,118.833372885233
-0.260896,118.624794293954
-0.259904,118.37774862157
-0.258912,118.203086169277
-0.25792,117.818793354507
-0.256928,117.173508030102
-0.255936,117.10519206495
-0.254944,116.754782976187
-0.253952,116.407689512942
-0.25296,115.857992607753
-0.251968,115.821897575756
-0.250976,115.646414569958
-0.249984,115.29568324766
-0.248992,114.728743561985
-0.248,114.414252974666
-0.247008,114.131544547149
-0.246016,113.901626072967
-0.245024,113.15115137734
-0.244032,112.948949002332
-0.24304,112.289637946316
-0.242048,112.604830574296
-0.241056,112.22636080793
-0.240064,111.702484537417
-0.239072,111.356621395871
-0.23808,111.079149337913
-0.237088,110.356574657164
-0.236096,109.880381538902
-0.235104,109.744638040374
-0.234112,109.370286569168
-0.23312,109.302380334187
-0.232128,108.393169080024
-0.231136,108.326398382422
-0.230144,108.13129123581
-0.229152,107.320213448273
-0.22816,107.315977645021
-0.227168,106.524979140654
-0.226176,106.428766501469
-0.225184,106.048693136093
-0.224192,105.494541944488
-0.2232,104.940458608451
-0.222208,104.499767935747
-0.221216,104.07395281516
-0.220224,103.793006754924
-0.219232,103.70791042887
-0.21824,102.845000151994
-0.217248,102.725985637095
-0.216256,102.225598711223
-0.215264,101.549629963481
-0.214272,101.272974159761
-0.21328,100.832656323787
-0.212288,100.398035387645
-0.211296,100.058991574734
-0.210304,99.6286392496996
-0.209312,98.8322981404601
-0.20832,98.3025471543902
-0.207328,97.9028321946179
-0.206336,97.9828642288863
-0.205344,97.1181845450092
-0.204352,96.4462979241185
-0.20336,95.8613856249952
-0.202368,95.429054653159
-0.201376,95.0537016138053
-0.200384,94.6429347759659
-0.199392,94.2773059649814
-0.1984,93.3949717196746
-0.197408,93.1064442841877
-0.196416,92.7902933064555
-0.195424,91.9578489078205
-0.194432,91.3430147601039
-0.19344,90.9410429111384
-0.192448,90.3313504459526
-0.191456,89.8581325129514
-0.190464,89.1631901938075
-0.189472,88.9144828532486
-0.18848,88.410422124679
-0.187488,87.9479860352746
-0.186496,87.3900049002811
-0.185504,86.7031075800897
-0.184512,86.2710519872402
-0.18352,85.9240744841212
-0.182528,84.8305447588037
-0.181536,84.8782385386265
-0.180544,84.1829646853738
-0.179552,83.3883489231005
-0.17856,82.7929488779938
-0.177568,82.3098082346429
-0.176576,81.6402846627935
-0.175584,81.2646023677467
-0.174592,80.6946346227372
-0.1736,79.8521286744083
-0.172608,79.8274820141755
-0.171616,79.0271663488356
-0.170624,78.3657540150976
-0.169632,77.7629218363093
-0.16864,77.3037681583091
-0.167648,76.7485017233791
-0.166656,76.1949571852968
-0.165664,75.7697954446207
-0.164672,75.2480795084676
-0.16368,74.5596239746754
-0.162688,74.2447897637765
-0.161696,73.7079400694082
-0.160704,72.899562315305
-0.159712,72.421839395919
-0.15872,71.990839859142
-0.157728,71.3457523388487
-0.156736,70.5039075882604
-0.155744,70.397701615802
-0.154752,69.5586038571595
-0.15376,69.1477540258695
-0.152768,68.5304071948968
-0.151776,67.7223301741078
-0.150784,67.1794007179335
-0.149792,66.4997622516322
-0.1488,65.9704308338839
-0.147808,65.5192736912434
-0.146816,64.8779071876686
-0.145824,64.360386425273
-0.144832,63.6926993009119
-0.14384,62.9507273056703
-0.142848,62.4206800463001
-0.141856,61.9645462614723
-0.140864,61.3785931953179
-0.139872,60.7825430643069
-0.13888,60.2944784603186
-0.137888,59.505957327417
-0.136896,58.7383464023479
-0.135904,58.5036620469611
-0.134912,57.4809514358672
-0.13392,57.2230362123651
-0.132928,56.2781201205914
-0.131936,56.325098911226
-0.130944,55.4302813660468
-0.129952,55.1164745867975
-0.12896,54.2893329555877
-0.127968,53.604488225464
-0.126976,52.9258284414786
-0.125984,52.5933898336491
-0.124992,52.0331913219812
-0.124,51.4094150617913
-0.123008,50.2934089072443
-0.122016,50.0297184229929
-0.121024,49.5546513931491
-0.120032,48.8994407853382
-0.11904,48.1303583693714
-0.118048,47.6034479447238
-0.117056,47.3097195724325
-0.116064,46.7906334834258
-0.115072,45.9519075126213
-0.11408,45.2676845550169
-0.113088,45.06422922739
-0.112096,44.2574741834654
-0.111104,43.5360778760191
-0.110112,43.2447562981016
-0.10912,42.4715869852084
-0.108128,42.0310956356864
-0.107136,41.2824166376269
-0.106144,40.7364585038271
-0.105152,39.9676889745476
-0.10416,39.6467727340804
-0.103168,39.0528997894927
-0.102176,38.5305353827132
-0.101184,37.9416962646213
-0.100192,37.6021732443096
-0.0992,36.9340246026493
-0.098208,36.7314256850543
-0.097216,35.8337172509723
-0.096224,35.3023402439391
-0.095232,34.8497362051688
-0.09424,34.2287320538573
-0.093248,33.642423039542
-0.092256,33.1469080657144
-0.091264,32.5075904271444
-0.090272,31.9231153627324
-0.08928,31.2062299155232
-0.088288,30.8699461677346
-0.087296,30.1509839230943
-0.086304,29.4809977614657
-0.085312,29.219422034731
-0.08432,28.7791325762602
-0.083328,28.1169368304975
-0.082336,27.2461456893307
-0.081344,26.9609575205129
-0.080352,26.3655784953644
-0.07936,25.7418428561197
-0.078368,25.1204073079386
-0.077376,24.6890255649964
-0.076384,24.5076580132436
-0.075392,23.249155062685
-0.0744,22.8326004689056
-0.073408,22.7666020221132
-0.072416,22.0392125487703
-0.071424,21.2505124113066
-0.070432,21.0184161800329
-0.06944,20.5050629504019
-0.068448,19.8332360659531
-0.067456,19.1988680860251
-0.066464,18.7153812024608
-0.065472,18.5326968267724
-0.06448,17.8190889060793
-0.063488,17.2396004092074
-0.062496,16.7472770770874
-0.061504,16.1594070480484
-0.060512,15.4293204063053
-0.05952,15.040050926867
-0.058528,14.7951098656705
-0.057536,14.2029128361703
-0.056544,13.5548750499311
-0.055552,12.8675544942129
-0.05456,12.6276080782322
-0.053568,12.0803854406568
-0.052576,11.4287604921143
-0.051584,10.8510506770644
-0.050592,10.4166980483087
-0.0496,9.99144711926987
-0.048608,9.55566882574513
-0.047616,8.7646085225128
-0.046624,8.32122298280832
-0.045632,7.7801481310555
-0.04464,7.61792067073321
-0.043648,6.95374009966421
-0.042656,6.40370039059022
-0.041664,6.13875697077804
-0.040672,5.41631311225466
-0.03968,5.08753638620979
-0.038688,4.31951226788419
-0.037696,4.08286053353494
-0.036704,3.89775324136836
-0.035712,3.33227079895418
-0.03472,2.69145240087278
-0.033728,2.43946940204892
-0.032736,1.86189052331851
-0.031744,1.57213577075967
-0.030752,1.09699578799205
-0.02976,0.330237031034734
-0.028768,-0.216943012142883
-0.027776,-0.216130781719505
-0.026784,-0.642059468244351
-0.025792,-1.37751310843746
-0.0248,-1.02075997248056
-0.023808,-1.38421573990459
-0.022816,-1.56667601454185
-0.021824,-1.88718091053467
-0.020832,-1.26665391516525
-0.01984,-1.35755504643205
-0.018848,-1.52368915182829
-0.017856,-1.43515439582799
-0.016864,-1.60974229214576
-0.015872,-1.21665223354863
-0.01488,-0.796690091003933
-0.013888,-0.593919951577743
-0.012896,-0.436114603664692
-0.011904,-0.320708285207397
-0.010912,0.285616319967736
-0.00992,0.071902763938221
-0.008928,0.478696730410385
-0.007936,1.00760333812357
-0.006944,1.11826604686354
-0.005952,1.71707018394554
-0.00496,2.05276840980705
-0.003968,2.0114561643544
-0.002976,2.31465017959876
-0.001984,2.53338493399653
-0.000992,2.80541598256347
-1.11E-16,2.71766307007875
0.000992,2.93343944145868
0.001984,-27751.805321968
0.002976,-7478.27628166827
0.003968,8.39536836779359
0.00496,-78.4879861536167
0.005952,-56.1612069913507
0.006944,-54.4393236229422
0.007936,-40.158937551952
0.008928,-32.9170929113343
0.00992,-28.5081894922747
0.010912,-29.9552165379841
0.011904,-41.5661842039447
0.012896,-44.3351017295004
0.013888,-28.2246015666037
0.01488,-22.9138847508636
0.015872,-22.7481196968408
0.016864,-22.45857267289
0.017856,-22.5329043540687
0.018848,-23.0972143624662
0.01984,-23.1395295227655
0.020832,-21.1974201103187
0.021824,-18.8783898005594
0.022816,-17.7453126203896
0.023808,-17.975098423973
0.0248,-18.5106363256912
0.025792,-18.4941361618954
0.026784,-18.4592664451031
0.027776,-16.8636262780039
0.028768,-15.9079990697914
0.02976,-15.1272902293716
0.030752,-15.2020673142102
0.031744,-15.2104174144014
0.032736,-15.4514233379883
0.033728,-15.4076352663079
0.03472,-15.9123181469328
0.035712,-15.3608161423476
0.036704,-15.574150122071
0.037696,-15.6939685130396
0.038688,-15.6198998681651
0.03968,-15.8764818620701
0.040672,-15.5425790136611
0.041664,-15.3341024097112
0.042656,-15.4902233080568
0.043648,-14.7911159956507
0.04464,-14.965453765798
0.045632,-15.1032738612002
0.046624,-14.9891281381608
0.047616,-14.3305139127083
0.048608,-14.6072733241229
0.0496,-14.2736726220486
0.050592,-14.017081605357
0.051584,-13.6249276947187
0.052576,-13.5119280828312
0.053568,-13.3712270621725
0.05456,-13.662460935399
0.055552,-13.416359278052
0.056544,-13.5924490859251
0.057536,-12.992393096675
0.058528,-13.0499441091038
0.05952,-13.0029612638311
0.060512,-12.9698934180724
0.061504,-12.8365486155387
0.062496,-12.6583122527572
0.063488,-12.4930361151419
0.06448,-12.1878544079977
0.065472,-12.0154279378157
0.066464,-11.8503224332247
0.067456,-11.3088527658239
0.068448,-10.9922735110893
0.06944,-11.1603778131203
0.070432,-10.7457267511036
0.071424,-10.745660538136
0.072416,-10.2337817870936
0.073408,-9.87273465431662
0.0744,-9.34517204702098
0.075392,-9.08450775987739
0.076384,-8.69148477160927
0.077376,-8.86705607386812
0.078368,-8.26440555502692
0.07936,-8.40096193880248
0.080352,-8.77748718484532
0.081344,-8.19629479513817
0.082336,-7.72038168493789
0.083328,-6.94690562994087
0.08432,-6.69382281950749
0.085312,-6.70854582138802
0.086304,-6.42035983420694
0.087296,-6.024129560234
0.088288,-5.61678895141065
0.08928,-5.87736799662356
0.090272,-5.69254207664836
0.091264,-5.58151795186777
0.092256,-4.84128618355858
0.093248,-5.01707565402793
0.09424,-4.78316940571544
0.095232,-5.21004662989697
0.096224,-5.15139674432171
0.097216,-4.84371345318359
0.098208,-5.01212342585158
0.0992,-4.60867189016363
0.100192,-4.80664541142313
0.101184,-4.94478999849165
0.102176,-4.80311671608964
0.103168,-4.72588321106325
0.10416,-4.75443240395973
0.105152,-4.91452496528025
0.106144,-5.13089431985372
0.107136,-4.98673498024739
0.108128,-4.84919943384323
0.10912,-4.96828237376375
0.110112,-5.31311102983221
0.111104,-5.43230396619717
0.112096,-5.67326214773084
0.113088,-5.64304973904781
0.11408,-5.64513299786936
0.115072,-5.80143975626572
0.116064,-5.94395053529087
0.117056,-6.50590206035979
0.118048,-6.2939316019358
0.11904,-6.42935491548135
0.120032,-6.1008488986853
0.121024,-6.42311475653067
0.122016,-6.45676900327931
0.123008,-6.25005193276793
0.124,-6.20983507758508
0.124992,-6.03470614003723
0.125984,-6.06893014591436
0.126976,-5.51386742337919
0.127968,-5.71469543304931
0.12896,-5.44815077634565
0.129952,-5.21610808482778
0.130944,-4.99706756486066
0.131936,-4.87259422592814
0.132928,-4.67867088291373
0.13392,-4.66413892162708
0.134912,-4.34556563222824
0.135904,-4.04425786044496
0.136896,-3.6280346367082
0.137888,-3.00985826579907
0.13888,-2.93138573691885
0.139872,-2.1307588078408
0.140864,-2.1912865515855
0.141856,-2.18190429501595
0.142848,-1.6534191519656
0.14384,-1.41816332414505
0.144832,-1.03481838066853
0.145824,-0.46667628098487
0.146816,-0.379822699187405
0.147808,-0.34603650140928
0.1488,-0.101947514498341
0.149792,0.146034459557174
0.150784,0.23698884366798
0.151776,0.232331341737469
0.152768,0.600566242426979
0.15376,0.546280198527344
0.154752,0.678055666369872
0.155744,1.21321615185766
0.156736,1.08494364293034
0.157728,1.18047937045145
0.15872,1.27201648062527
0.159712,1.44839807301033
0.160704,1.46692791214261
0.161696,1.63618899411307
0.162688,1.60880799284413
0.16368,1.47264725331687
0.164672,1.46053240938889
0.165664,1.53825005768906
0.166656,1.54379948955512
0.167648,1.49202605073374
0.16864,1.2727480938832
0.169632,1.26403153310783
0.170624,1.46193900725375
0.171616,1.06923901746469
0.172608,0.857496449261264
0.1736,1.23888869494678
0.174592,0.776824024717934
0.175584,0.903775969843291
0.176576,1.40491192514672
0.177568,0.656707054721194
0.17856,0.676389256143096
0.179552,0.681697334094538
0.180544,0.382948177360405
0.181536,0.419786996677827
0.182528,0.361446439016191
0.18352,0.400070538801064
0.184512,0.244845293523071
0.185504,0.253307143751053
0.186496,0.138684477632398
0.187488,0.201948192776286
0.18848,0.178005085051841
0.189472,0.229035460231926
0.190464,0.227847760489531
0.191456,0.247991492174823
0.192448,0.328357281578841
0.19344,0.742139407686461
0.194432,0.625359563771896
0.195424,0.72119203948349
0.196416,0.811020597301268
0.197408,0.816927791897248
0.1984,1.23044722050729
0.199392,1.2240597083652
0.200384,1.38049312149704
0.201376,1.51963130684925
0.202368,1.44597310506938
0.20336,1.77772683224481
0.204352,1.61639749296999
0.205344,1.49204452742785
0.206336,1.92044243638019
0.207328,2.0128489808586
0.20832,1.98736612433842
0.209312,1.91849410573483
0.210304,1.69803502284875
0.211296,1.64732222928769
0.212288,2.31856395675871
0.21328,2.40856602822992
0.214272,2.64930161525869
0.215264,2.81065643655864
0.216256,2.51138385512363
0.217248,2.41451191458955
0.21824,2.83257014591707
0.219232,2.70981430690396
0.220224,2.60172423820833
0.221216,2.65263660374581
0.222208,2.8567315700069
0.2232,2.59074922387704
0.224192,2.63487431386636
0.225184,2.83380761523121
0.226176,2.96253680556821
0.227168,2.6247369557179
0.22816,2.55583124209832
0.229152,2.56029395546939
0.230144,2.39475410895252
0.231136,2.04168574828894
0.232128,2.28518815033907
0.23312,2.53607293715166
0.234112,2.06913385624102
0.235104,1.97909945669547
0.236096,1.71806382456254
0.237088,1.76645756115176
0.23808,1.70317071084877
0.239072,1.35201924745794
0.240064,1.21097816936617
0.241056,1.06362441818161
0.242048,0.982416986693514
0.24304,1.08366005169964
0.244032,0.934588635354395
0.245024,0.767315799675131
0.246016,0.298742482543595
0.247008,0.337131532610162
0.248,0.398186664030188
0.248992,0.016190773204037
0.249984,-0.095301699820276
0.250976,-0.16134411864405
0.251968,-0.178802322117196
0.25296,-0.311788944811283
0.253952,0.088669232336241
0.254944,0.01277961994449
0.255936,-0.27915400898762
0.256928,-0.156559735824114
0.25792,-0.097037174445354
0.258912,-0.088017804750832
0.259904,-0.293831802210797
0.260896,-0.2266857808081
0.261888,-0.139644484698002
0.26288,-0.262507687130069
0.263872,-0.5351855499574
0.264864,-0.549432606776509
0.265856,-0.335872994829252
0.266848,-0.372186317088588
0.26784,-0.081060770077794
0.268832,-0.322429597335966
0.269824,0.031150261888685
0.270816,-0.441079700842395
0.271808,-0.134698848587304
0.2728,-0.339099064949406
0.273792,0.01143004917737
0.274784,0.500856286689868
0.275776,0.499715876849145
0.276768,0.240245667230816
0.27776,0.302845885580626
0.278752,0.530856151682781
0.279744,0.744463866778759
0.280736,1.25441167988803
0.281728,1.15415531439824
0.28272,1.09945637298996
0.283712,0.878858820433821
0.284704,1.2910885542154
0.285696,1.3911133733778
0.286688,1.00084560031389
0.28768,0.953995835634502
0.288672,1.50881778844619
0.289664,1.22304233822035
0.290656,1.40147018809376
0.291648,1.62715870855564
0.29264,1.62259851572409
0.293632,1.39589483150581
0.294624,1.3419174311278
0.295616,1.28806839977791
0.296608,1.75762892768417
0.2976,1.63412527365475
0.298592,1.16914488805766
0.299584,1.59058707840957
0.300576,0.883384170368878
0.301568,0.694567146402527
0.30256,0.577700900181156
0.303552,0.374384423154842
0.304544,0.413260406500349
0.305536,0.270068820824775
0.306528,0.468779230501546
0.30752,0.22121646737091
0.308512,0.226324369433011
0.309504,0.192451945870557
0.310496,-0.054419337127505
0.311488,-0.049935054004577
0.31248,0.004654969338239
0.313472,-0.52710988248146
0.314464,-0.477682109536188
0.315456,-0.585016735396906
0.316448,-0.517293362297131
0.31744,-0.456645232830247
0.318432,-0.649248296509622
0.319424,-0.73037463585737
0.320416,-0.928221409454965
0.321408,-0.952817680772359
0.3224,-0.924840927338715
0.323392,-1.44603949652569
0.324384,-1.02495997624059
0.325376,-1.27963052330994
0.326368,-1.2727652900609
0.32736,-1.205596989987
0.328352,-1.30734081227172
0.329344,-1.08758752940153
0.330336,-1.12484075289866
0.331328,-1.42887043071588
0.33232,-1.24787920171167
0.333312,-0.820052260417021
0.334304,-1.06602224691366
0.335296,-0.588600848675014
0.336288,-0.591012301830479
0.33728,-0.490927784764874
0.338272,-0.779969798878555
0.339264,-0.37269672942899
0.340256,-0.725267408926832
0.341248,-0.49105304192623
0.34224,-0.288806700526229
0.343232,-0.021119461860973
0.344224,-0.437249619703896
0.345216,-0.178112603540356
0.346208,-0.113209676571016
0.3472,-0.186577576092508
0.348192,0.307562255625106
0.349184,0.095703820645099
0.350176,0.087300812907026
0.351168,0.200481979376355
0.35216,0.507879764551052
0.353152,0.140401368587891
0.354144,0.099804357730472
0.355136,0.039410760324139
0.356128,0.205305902728915
0.35712,0.17603301786283
0.358112,0.047451629317851
0.359104,-0.058119652618239
0.360096,-0.064297833422813
0.361088,-0.303267595805345
0.36208,-0.600909351842675
0.363072,-0.3182495107257
0.364064,-0.117308715112293
0.365056,-0.379675305677289
0.366048,-0.655794031779072
0.36704,-0.660424698017939
0.368032,-0.849352200927171
0.369024,-0.938565493422282
0.370016,-1.13638241326282
0.371008,-0.761066806727624
0.372,-1.23124928954553
0.372992,-1.17789601885219
0.373984,-1.49775308553487
0.374976,-1.46544420144694
0.375968,-1.58985600681999
0.37696,-1.55549324478452
0.377952,-2.06574378306662
0.378944,-1.83937462871922
0.379936,-2.07654877731018
0.380928,-2.33925559401312
0.38192,-2.32449136810974
0.382912,-2.6280743411275
0.383904,-2.31315866397617
0.384896,-2.68315120030499
0.385888,-2.76578728488142
0.38688,-2.61873167308306
0.387872,-2.46939758745512
0.388864,-2.70885124009829
0.389856,-2.85154739658053
0.390848,-2.88938372583902
0.39184,-2.95968151761108
0.392832,-2.68834907667602
0.393824,-2.69714075617471
0.394816,-2.94492066935461
0.395808,-2.72946684462849
0.3968,-2.8535111951799
0.397792,-2.50118829033044
0.398784,-2.29396530682493
0.399776,-2.62491539981688
0.400768,-2.56395981903758
0.40176,-2.72482191376732
0.402752,-2.30766032619272
0.403744,-2.43856852338413
0.404736,-2.35175168329225
0.405728,-2.03497440442792
0.40672,-2.17708048656283
0.407712,-2.05692525445047
0.408704,-1.49682966444599
0.409696,-1.76964492371451
0.410688,-1.94024883604201
0.41168,-1.50585647168707
0.412672,-1.64871836422671
0.413664,-1.76142560674551
0.414656,-1.46580366830967
0.415648,-1.7554793739708
0.41664,-1.68111624282488
0.417632,-1.69312675840558
0.418624,-1.88356934940472
0.419616,-1.87332834803862
0.420608,-1.55456920449042
0.4216,-2.01556846946578
0.422592,-2.12533148614959
0.423584,-1.90467910680143
0.424576,-1.56940864198606
0.425568,-2.2815344919177
0.42656,-2.13169255670771
0.427552,-2.33433084357383
0.428544,-1.9774308359908
0.429536,-2.005161279956
0.430528,-2.18382176317966
0.43152,-2.51280844933163
0.432512,-2.6074118966213
0.433504,-2.56002728159439
0.434496,-2.68897018057711
0.435488,-2.5690564010232
0.43648,-2.99081982186432
0.437472,-2.71543204411372
0.438464,-2.94069066611419
0.439456,-2.92436042083368
0.440448,-3.0232168041335
0.44144,-3.18446399135614
0.442432,-3.62244110390346
0.443424,-3.16894323439389
0.444416,-3.22710407068875
0.445408,-3.49223666064856
0.4464,-3.4122786821026
0.447392,-3.58457239864608
0.448384,-3.74946025347125
0.449376,-3.26771925787148
0.450368,-3.73746068822269
0.45136,-3.82660379896246
0.452352,-3.87012240429746
0.453344,-3.70578149743679
0.454336,-3.61268193815463
0.455328,-4.06788322917733
0.45632,-3.74861876948531
0.457312,-4.25396417893132
0.458304,-3.70755215055423
0.459296,-4.04828493133731
0.460288,-3.75103272522362
0.46128,-3.74012710417493
0.462272,-3.72655100218254
0.463264,-3.35406124536068
0.464256,-3.57057011971395
0.465248,-3.65497564793649
0.46624,-3.27145776928246
0.467232,-3.46212589932214
0.468224,-3.44481073488674
0.469216,-3.27854742309615
0.470208,-3.35611935905709
0.4712,-3.09043716031978
0.472192,-3.28583576856769
0.473184,-3.31941132706006
0.474176,-3.06563069853492
0.475168,-2.83954221237499
0.47616,-3.29822642769628
0.477152,-3.40424988075613
0.478144,-3.06575272202299
0.479136,-3.38195889208087
0.480128,-3.10862811745998
0.48112,-3.02822190860847
0.482112,-3.03448399811803
0.483104,-3.04297327184898
0.484096,-3.17388173272259
0.485088,-3.04281524732736
0.48608,-2.9713758789043
0.487072,-2.95833837351817
0.488064,-3.1107236804727
0.489056,-2.90524281148515
0.490048,-2.89445609248716
0.49104,-3.01281790932753
0.492032,-2.85930693910508
0.493024,-3.15207142527162
0.494016,-3.01863413081827
0.495008,-2.9645709960432
0.496,-3.24629962169097
0.496992,-3.00797817227424
0.497984,-3.12766643528172
0.498976,-3.06515569978803
0.499968,-3.11306469398188
0.50096,-3.10593078803952
0.501952,-3.23415600335076
0.502944,-2.8815473396491
0.503936,-3.13764805517888
0.504928,-3.17254770970751
0.50592,-2.92432409892271
0.506912,-2.89188866611898
0.507904,-3.02716657538883
0.508896,-3.02199217970288
0.509888,-2.68049965449765
0.51088,-3.00866679267304
0.511872,-2.63086962889873
0.512864,-3.06415694171746
0.513856,-2.70104567805602
0.514848,-3.13993377801371
0.51584,-3.02588499017852
0.516832,-2.94130781022297
0.517824,-2.97937013317107
0.518816,-2.76779819660074
0.519808,-2.63382882277646
0.5208,-3.00957729069095
0.521792,-2.69739141431097
0.522784,-2.42949278627511
0.523776,-2.55605999856014
0.524768,-2.66185862924783
0.52576,-2.63838392815109
0.526752,-2.00497598903228
0.527744,-2.29677630168675
0.528736,-2.45137165989641
0.529728,-2.17873416610695
0.53072,-2.0227354819588
0.531712,-1.73634583986075
0.532704,-2.03131178423467
0.533696,-1.85970292780614
0.534688,-1.69040210480139
0.53568,-1.86822605003093
0.536672,-2.09600026177344
0.537664,-1.99399068143666
0.538656,-1.95348388366066
0.539648,-1.46527896178895
0.54064,-2.02511303693139
0.541632,-1.61003124524361
0.542624,-1.54400142342393
0.543616,-1.23837749177293
0.544608,-1.06609322755097
0.5456,-1.31805000388292
0.546592,-1.46355404510942
0.547584,-1.10799903697368
0.548576,-1.27028346344023
0.549568,-1.07622127235573
0.55056,-1.1074237505291
0.551552,-0.798760080858874
0.552544,-0.628944388503526
0.553536,-0.525020983668508
0.554528,-0.467923191229057
0.55552,-0.443631608177688
0.556512,-0.60310048151971
0.557504,-0.533216293858086
0.558496,-0.238093677237097
0.559488,-0.21218075051344
0.56048,-0.163393463949029
0.561472,-0.180936876410726
0.562464,0.070143549930634
0.563456,-0.117612952787802
0.564448,-0.112234160747855
0.56544,0.065032863382554
0.566432,-0.093248789503524
0.567424,-0.29788942134809
0.568416,-0.414252508645198
0.569408,0.115389638433413
0.5704,-0.013845431328081
0.571392,0.102023436251509
0.572384,-0.282500790007425
0.573376,0.04337437346973
0.574368,0.069060952507662
0.57536,-0.002002591753247
0.576352,0.059426058603577
0.577344,-0.049675045296885
0.578336,-0.071123171923842
0.579328,0.107433190022354
0.58032,-0.049994088106804
0.581312,0.021502110803102
0.582304,-0.474061230170121
0.583296,-0.320491215219025
0.584288,-0.158063997700675
0.58528,-0.303145905498322
0.586272,0.000489794501717
0.587264,-0.205977427437227
0.588256,-0.175880499136902
0.589248,0.075323137249291
0.59024,-0.17596188858385
0.591232,0.16421359642521
0.592224,-0.011916124947341
0.593216,0.040612917068621
0.594208,-0.050289451327655
0.5952,-0.177434372529349
0.596192,-0.478702754952893
0.597184,-0.262728514683587
0.598176,0.115197652594085
0.599168,0.21258240951597
0.60016,0.265126844916212
0.601152,0.05983192941842
0.602144,-0.27318860904856
0.603136,0.129099374768055
0.604128,0.0964942793297
0.60512,0.124978228667443
0.606112,-0.157344790696252
0.607104,0.330880587215845
0.608096,0.056335732231378
0.609088,0.299252275186628
0.61008,0.46866984325475
0.611072,0.529888735768467
0.612064,0.169803562251788
0.613056,0.604808673143021
0.614048,0.519535786168507
0.61504,0.789619002824935
0.616032,0.680941838352331
0.617024,0.781576328354222
0.618016,0.794307080846854
0.619008,0.767566959918989
0.62,0.927877774069231
0.620992,0.686775714392587
0.621984,0.637037886184302
0.622976,0.518920630258609
0.623968,0.633797468528139
0.62496,0.731775599382382
0.625952,0.751170130658817
0.626944,0.740228242002169
0.627936,0.78138335640482
0.628928,0.749835027408988
0.62992,0.83441557479691
0.630912,0.743969908953637
0.631904,0.851098590832819
0.632896,0.864366771621733
0.633888,0.599042077426556
0.63488,0.48265986705146
0.635872,0.442804701972772
0.636864,0.545536005708308
0.637856,0.268312567468042
0.638848,0.193823821953992
0.63984,0.141021748926135
0.640832,0.356526221697883
0.641824,0.339662947128063
0.642816,0.526688127010442
0.643808,-0.062220320785767
0.6448,-0.08461163311431
0.645792,-0.085221338847351
0.646784,0.052148006810572
0.647776,0.133633155748465
0.648768,0.070776183858833
0.64976,0.094968105822589
0.650752,0.17921227394063
0.651744,-0.082034044182203
0.652736,-0.369736215234677
0.653728,-0.124225837611483
0.65472,0.093952682317692
0.655712,0.114654365465046
0.656704,-0.223108690018061
0.657696,0.204112000917457
0.658688,-0.025806690974283
0.65968,0.014249212672135
0.660672,0.096294566192487
0.661664,-0.193046953338088
0.662656,-0.135991114180527
0.663648,0.198037071411187
0.66464,-0.019129531818594
0.665632,0.161063603550384
0.666624,0.208352020019988
0.667616,-0.160971256784161
0.668608,-0.08981569940136
0.6696,1.15E-05
0.670592,0.098009708813124
0.671584,0.333227947545652
0.672576,0.445162495091637
0.673568,0.521214903133239
0.67456,0.319710859169373
0.675552,0.576589525550038
0.676544,0.423438252996428
0.677536,0.533317268795808
0.678528,0.682764567988875
0.67952,0.508634526475803
0.680512,0.956751606963613
0.681504,1.06530147265043
0.682496,0.915930006236604
0.683488,1.08676702658386
0.68448,0.856965812223578
0.685472,0.617283744358293
0.686464,0.611554127314084
0.687456,0.805689110731132
0.688448,0.89802929691622
0.68944,0.96543186623658
0.690432,0.866848655544765
0.691424,1.00246728913356
0.692416,0.834510330832164
0.693408,0.849047963615272
0.6944,0.798421188947582
0.695392,0.919017892202311
0.696384,0.711193899083243
0.697376,0.858844963584731
0.698368,0.901392824729845
0.69936,0.687286662590745
0.700352,0.994962893750329
0.701344,0.54960619006687
0.702336,0.598684617829245
0.703328,0.826692362619554
0.70432,0.483776638369545
0.705312,0.487026615283587
0.706304,0.655306677128535
0.707296,0.513932392102279
0.708288,0.617599723065969
0.70928,0.553494644199342
0.710272,0.453754232680418
0.711264,0.229609933453004
0.712256,0.24615734129345
0.713248,0.530987989600972
0.71424,0.444124807325732
0.715232,0.417692615701014
0.716224,0.062493095762793
0.717216,0.108182536836094
0.718208,0.576827022225727
0.7192,-0.014023466880705
0.720192,0.077959977656191
0.721184,0.48250483012713
0.722176,-0.024919351169311
0.723168,0.590758894152577
0.72416,0.471179231899204
0.725152,0.315384219475192
0.726144,0.427921694680501
0.727136,0.495893121443681
0.728128,0.246098480363046
0.72912,0.286448200079764
0.730112,0.365833751439738
0.731104,0.392593350560629
0.732096,0.62791817553096
0.733088,0.707157386125219
0.73408,0.757108817381381
0.735072,0.956525786232212
0.736064,0.422755388621492
0.737056,0.650978862349661
0.738048,1.06967839496049
0.73904,0.673559052793693
0.740032,0.873920219348846
0.741024,0.629682436870943
0.742016,0.868904470695221
0.743008,0.752947240499902
0.744,0.958501891630535
0.744992,1.20773807783084
0.745984,1.05062024131637
0.746976,0.777855572215586
0.747968,0.621401969646375
0.74896,0.937243922172645
0.749952,0.459472041004846
0.750944,0.97595832902705
0.751936,0.847662633440124
0.752928,0.930025011063988
0.75392,0.971192228159066
0.754912,1.01772841102117
0.755904,0.546621493514253
0.756896,0.790034430766906
0.757888,1.01619380615801
0.75888,0.694892183187543
0.759872,0.796113419886209
0.760864,0.926394306658252
0.761856,0.731193263286649
0.762848,0.55513992225552
0.76384,0.341357749427295
0.764832,0.355871703710436
0.765824,0.54922625785013
0.766816,0.511053185927115
0.767808,1.04421825657274
0.7688,0.498666928388591
0.769792,0.429355864692254
0.770784,0.555431072628857
0.771776,0.36903202178506
0.772768,0.299721942709403
0.77376,0.407765191135866
0.774752,0.225249977230236
0.775744,0.345738302170527
0.776736,0.474773512031148
0.777728,0.129392876760995
0.77872,0.172295577711855
0.779712,0.256188018706198
0.780704,0.411333248856871
0.781696,0.113423396491608
0.782688,0.295865012044149
0.78368,0.418112413585694
0.784672,0.552602527489621
0.785664,0.501735901711263
0.786656,0.396648319270124
0.787648,0.417364428511524
0.78864,0.44614971296945
0.789632,0.412457295470451
0.790624,0.572525274001863
0.791616,0.724573836190169
0.792608,0.84418922099153
0.7936,0.659039564418456
0.794592,0.777082237575125
0.795584,0.734354362308434
0.796576,0.755750428699784
0.797568,0.383295134638264
0.79856,0.64693268801798
0.799552,0.80432095214214
0.800544,0.785172633094427
0.801536,0.49212034810166
0.802528,0.645858520532527
0.80352,0.728518126208693
0.804512,0.817298688555711
0.805504,0.814667422404507
0.806496,0.937548481432222
0.807488,0.687703901497687
0.80848,0.680501534493371
0.809472,0.388442488775726
0.810464,0.689535684607644
0.811456,0.825766746971492
0.812448,0.572796903519444
0.81344,0.841404103024563
0.814432,0.399590857531812
0.815424,0.357047770381849
0.816416,0.697481317390029
0.817408,0.524977669801831
0.8184,0.874320630038351
0.819392,0.577975609385405
0.820384,0.763907717042123
0.821376,0.468571296326789
0.822368,0.591729543887897
0.82336,0.284534811053923
0.824352,0.588573092284787
0.825344,0.323983215901713
0.826336,0.238159928874395
0.827328,0.052705205260397
0.82832,0.368363468083461
0.829312,0.424450854918802
0.830304,0.25672089593416
0.831296,0.41453219822818
0.832288,0.404345599769964
0.83328,0.41684420862287
0.834272,0.303504043322721
0.835264,0.55712698094667
0.836256,0.22352044964911
0.837248,0.406111279021382
0.83824,0.173606144020421
0.839232,0.254121587715633
0.840224,0.111962365589073
0.841216,0.187806389543078
0.842208,-0.054014834225356
0.8432,0.481846588005734
0.844192,-0.049518082357408
0.845184,-0.042795367748227
0.846176,0.143290452273343
0.847168,0.009883712329651
0.84816,-0.076490221224712
0.849152,-0.290554328473057
0.850144,-0.240072740692086
0.851136,0.148867774196057
0.852128,0.111477778355567
0.85312,0.078925266939103
0.854112,-0.107599246717682
0.855104,-0.043962074666728
0.856096,0.144838563727987
0.857088,-0.002020291294656
0.85808,-0.243212280947459
0.859072,-0.534892856163353
0.860064,-0.228623759832954
0.861056,-0.181131854971672
0.862048,-0.323258256163782
0.86304,-0.336382911496761
0.864032,-0.093675259967854
0.865024,-0.223903884772761
0.866016,-0.17408235623946
0.867008,-0.80656183813834
0.868,-0.1887285941886
0.868992,-0.431227019645794
0.869984,0.038258660346352
0.870976,-0.213787608630616
0.871968,0.006743021314951
0.87296,-0.327351110514402
0.873952,0.008503066818997
0.874944,-0.185031717105747
0.875936,-0.210920273669253
0.876928,-0.292956550185075
0.87792,-0.086953366242377
0.878912,0.133375282799202
0.879904,-0.13172609443483
0.880896,0.106507097470973
0.881888,-0.209608400769204
0.88288,-0.212262848350129
0.883872,-0.043204869281523
0.884864,-0.232236438004747
0.885856,-0.225705115036956
0.886848,-0.167915556982401
0.88784,0.146897651035955
0.888832,-0.278969351449519
0.889824,0.192414820924468
0.890816,-0.014792553058072
0.891808,0.050410881100345
0.8928,0.254034674152555
0.893792,0.207509079430188
0.894784,0.199301959565667
0.895776,0.141178128494522
0.896768,0.104314420220207
0.89776,-0.313866402438236
0.898752,0.181666891568399
0.899744,0.236225582194179
0.900736,0.410574418090474
0.901728,0.406024573209053
0.90272,-0.084916968359522
0.903712,0.101587743317244
0.904704,0.191622161369336
0.905696,-0.386192232011613
0.906688,0.042584325905864
0.90768,0.03251043674658
0.908672,-0.194323641380674
0.909664,-0.240552032811138
0.910656,0.090058618200263
0.911648,-0.146188725427823
0.91264,-0.224102803290134
0.913632,-0.088642201830165
0.914624,-0.355713820059103
0.915616,-0.432785064871111
0.916608,-0.118461899465714
0.9176,-0.292842881955856
0.918592,-0.081628855752971
0.919584,-0.379108779172755
0.920576,-0.363424334823177
0.921568,-0.418493048734748
0.92256,-0.401576801869779
0.923552,0.068296029119805
0.924544,-0.089719427097259
0.925536,0.011280334610888
0.926528,-0.149903833055157
0.92752,-0.306230216732417
0.928512,-0.275858175012934
0.929504,0.062426863263709
0.930496,-0.341782508968587
0.931488,0.072204485667257
0.93248,-0.234149510218799
0.933472,-0.170396787064889
0.934464,-0.36828898508875
0.935456,-0.355803835586727
0.936448,0.123880994730629
0.93744,-0.096588420604382
0.938432,-0.005779785410291
0.939424,-0.024536106480161
0.940416,0.004550184709507
0.941408,0.353810028086931
0.9424,0.029489844854796
0.943392,-0.141508981140188
0.944384,-0.156672533212315
0.945376,0.187170105190714
0.946368,0.286562375031785
0.94736,0.20577079617404
0.948352,0.477395120099161
0.949344,0.224821285016637
0.950336,0.47779925377799
0.951328,0.348595964830443
0.95232,0.281210237194026
0.953312,0.419810162836666
0.954304,0.514002552783131
0.955296,0.389251152385753
0.956288,0.124021054682248
0.95728,0.180407013759688
0.958272,-0.284716407612227
0.959264,0.05035402081193
0.960256,-0.406972834412303
0.961248,0.044091980563718
0.96224,0.248114050275336
0.963232,0.038382315987825
0.964224,0.102571364528156
0.965216,-0.023440118294978
0.966208,0.221676714665246
0.9672,0.066404893939769
0.968192,-0.004607756047725
0.969184,-0.065358697102294
0.970176,0.022997260028308
0.971168,-0.207437120462226
0.97216,-0.061158214709397
0.973152,-0.173238070982708
0.974144,-0.301512065096552
0.975136,-0.414353441951151
0.976128,-0.611888399603383
0.97712,-0.500153947419936
0.978112,-0.414137095115662
0.979104,-0.559325667422132
0.980096,-0.578061278933043
0.981088,-0.434969812189845
0.98208,-0.587825858641633
0.983072,-0.565397285887502
0.984064,-0.61485872489567
0.985056,-0.570026594457417
0.986048,-0.847769065057198
0.98704,-0.389679254366763
0.988032,-0.370269069601665
0.989024,-0.423406891864636
0.990016,-0.512191508004059
0.991008,-0.465083177807454
0.992,-0.625172012713716
0.992992,-0.730103401636717
0.993984,-0.577784880269041
0.994976,-0.444137652475757
0.995968,-0.555223796565584
0.99696,-0.519084977801654
0.997952,0.052267791677347
0.998944,-0.429672052294697
0.999936,-0.631228891063117
1.000928,-0.411031103251602
1.00192,-0.343462975378581
1.002912,-0.546500428335855
1.003904,-0.481449364710173
1.004896,-0.303724164845879
1.005888,0.031502261908421
1.00688,-0.312218222320175
1.007872,-0.320372458238797
1.008864,-0.060568879617282
1.009856,-0.096595797511017
1.010848,-0.392483087149834
1.01184,-0.286830318667035
1.012832,-0.466914885282284
1.013824,-0.34329724336261
1.014816,-0.523696282849291
1.015808,-0.217016642035546
1.0168,-0.596670533148499
1.017792,-0.764492981048365
1.018784,-0.782283756855713
1.019776,-0.5720034222711
1.020768,-0.315242551209721
1.02176,-0.21854162182737
1.022752,-0.455638452944833
1.023744,-0.62416121220714
1.024736,-0.289125927112106
1.025728,-0.508273572068133
1.02672,-0.6142284693673
1.027712,-0.268583558910184
1.028704,-0.46491779663066
1.029696,-0.784021057032143
1.030688,-0.790746375059883
1.03168,-0.851007112014434
1.032672,-0.883762045804933
1.033664,-1.08187721465944
1.034656,-0.733973651976471
1.035648,-0.534604143936917
1.03664,-0.793423231818917
1.037632,-0.759779447741667
1.038624,-0.823571109895269
1.039616,-0.541293032938709
1.040608,-0.666497309846296
1.0416,-0.839788162192459
1.042592,-0.654804394870567
1.043584,-0.855835155369694
1.044576,-0.919667191436175
1.045568,-0.783031861186669
1.04656,-0.907195624814135
1.047552,-0.546459268977491
1.048544,-0.307201291114032
1.049536,-0.57867572507413
1.050528,-0.947237633908815
1.05152,-0.672981377903272
1.052512,-1.1206734737223
1.053504,-0.787139645120883
1.054496,-0.437025413671555
1.055488,-0.547057600893872
1.05648,-0.433035089020561
1.057472,-0.766381131718843
1.058464,-0.49315372613348
1.059456,-0.614906193434188
1.060448,-0.786927716851826
1.06144,-0.408908425118479
1.062432,-0.501812766333207
1.063424,-0.179711978262465
1.064416,-0.637458473959373
1.065408,-0.297350713749844
1.0664,-0.036249983551731
1.067392,-0.268387914260373
1.068384,-0.057697068458808
1.069376,-0.134336751364342
1.070368,-0.296058366612123
1.07136,-0.114487754608775
1.072352,-0.045546809817156
1.073344,-0.220420995436505
1.074336,-0.64698709112666
1.075328,-0.098390228256416
1.07632,-0.349990055046509
1.077312,0.073358742179209
1.078304,0.012781560079576
1.079296,-0.092438840010311
1.080288,-0.302005402871481
1.08128,0.038455912443043
1.082272,0.048098131930634
1.083264,0.246197229836818
1.084256,0.118884103356206
1.085248,-0.108156187801223
1.08624,-0.26310706434892
1.087232,0.141321393313835
1.088224,-0.144925267118886
1.089216,0.097281086876955
1.090208,-0.432696070469045
1.0912,-0.125992789040451
1.092192,-0.282384074420547
1.093184,-0.726506611104076
1.094176,-0.483124142502123
1.095168,-0.078436894371399
1.09616,0.22851074895693
1.097152,-0.188962702961708
1.098144,-0.122272505033104
1.099136,-0.345602547574224
1.100128,-0.189674901259673
1.10112,-0.363380396172428
1.102112,-0.204617746180396
1.103104,-0.183857660677531
1.104096,-0.181986362274277
1.105088,-0.012752337257803
1.10608,-0.119581005644022
1.107072,-0.154066304994598
1.108064,-0.212550670558514
1.109056,-0.037002402925849
1.110048,-0.213364054804473
1.11104,-0.058963325554677
1.112032,-0.040636250061023
1.113024,0.06053133558847
1.114016,-0.26464412802756
1.115008,-0.114135266068553
1.116,-0.214199244112523
1.116992,0.046723466295191
1.117984,0.258464349080959
1.118976,0.161020683154794
1.119968,-0.019152612556898
1.12096,0.302895529377374
1.121952,-0.294300975220742
1.122944,-0.086640867325891
1.123936,-0.039141308521373
1.124928,0.105819175329673
1.12592,-0.161987815032796
1.126912,-0.069928849881155
1.127904,0.084048448236338
1.128896,0.284630358417732
1.129888,-0.292433735743711
1.13088,-0.275689254229296
1.131872,0.337813612919215
1.132864,-0.251126426085009
1.133856,0.046866216196057
1.134848,0.273080706611582
1.13584,0.109789634345493
1.136832,-0.019886850933767
1.137824,0.282071014453229
1.138816,-0.025497240280798
1.139808,0.26069900388256
1.1408,-0.057345032135861
1.141792,0.1643541478853
1.142784,-0.242653834576041
1.143776,-0.10785399871553
1.144768,0.109356308767111
1.14576,0.032883696304243
1.146752,0.003236504037027
1.147744,-0.165218653041496
1.148736,0.183538621337825
1.149728,-0.089062876212599
1.15072,-0.166800060846074
1.151712,0.112004530148081
1.152704,0.069284934971367
1.153696,-0.175370642186422
1.154688,0.083391888340513
1.15568,0.124748994542583
1.156672,0.148184236092874
1.157664,0.268290914735669
1.158656,-0.105360692164959
1.159648,0.041690240679596
1.16064,-0.018102167260333
1.161632,-0.054482258977492
1.162624,-0.084527720763312
1.163616,-0.121365610962764
1.164608,-0.006258360970035
1.1656,-0.110506838491782
1.166592,-0.222165246905663
1.167584,-0.084986733909206
1.168576,-0.393842317952017
1.169568,-0.157373205157703
1.17056,-0.343340036921262
1.171552,-0.057352853696172
1.172544,0.098452350286544
1.173536,-0.112562619665493
1.174528,-0.167002502282946
1.17552,-0.253598201277402
1.176512,-0.342521612500953
1.177504,0.246666699671483
1.178496,-0.077771690196952
1.179488,-0.228990530493173
1.18048,-0.666008353367005
1.181472,-0.360956476645249
1.182464,-0.288305598117046
1.183456,-0.476674230910423
1.184448,-0.285474999224927
1.18544,-0.059974696916806
1.186432,-0.113378245396109
1.187424,-0.315260341596569
1.188416,-0.222080147832424
1.189408,0.041388229481248
1.1904,-0.179749949806958
1.191392,-0.558529384470106
1.192384,-0.272267846939909
1.193376,-0.338816043848704
1.194368,-0.35227449341645
1.19536,0.022549152882473
1.196352,-0.05894127289717
1.197344,-0.206360285820875
1.198336,-0.011617440991458
1.199328,-0.063768089789802
1.20032,-0.450962368058328
1.201312,-0.531509758570261
1.202304,-0.503691448172375
1.203296,-0.27983559454148
1.204288,-0.14445562905317
1.20528,-0.819372554394811
1.206272,-0.897049121744989
1.207264,-0.618345856565278
1.208256,-0.818024864819745
1.209248,-0.278969173864251
1.21024,-0.469382492126209
1.211232,-0.563209490796519
1.212224,-0.557464222069948
1.213216,-0.309034946894554
1.214208,-0.5619177111838
1.2152,-0.522201521873131
1.216192,-0.54026373999808
1.217184,-0.613281297956652
1.218176,-0.824139967847634
1.219168,-0.66223557547909
1.22016,-0.81348448912667
1.221152,-0.737462189429349
1.222144,-0.602063625294384
1.223136,-0.775084511440992
1.224128,-0.697381012605069
1.22512,-0.644434574606816
1.226112,-1.12184974327267
1.227104,-0.794652752616266
1.228096,-0.888344155418889
1.229088,-0.937510796127195
1.23008,-0.832064731199261
1.231072,-0.481577576952073
1.232064,-0.78520221808465
1.233056,-1.14304625978479
1.234048,-0.771711581959449
1.23504,-0.845464488083946
1.236032,-0.90302995545039
1.237024,-1.05119792508092
1.238016,-0.655220191531169
1.239008,-0.823249697137668
1.24,-0.685821417960512
1.240992,-1.01755175555761
1.241984,-0.972025641796526
1.242976,-1.15999561951016
1.243968,-1.21765566129889
1.24496,-0.961661741195745
1.245952,-1.30644637819745
1.246944,-1.26162742657348
1.247936,-1.08013042281573
1.248928,-0.970707959202732
1.24992,-1.51943029672689
1.250912,-1.02174194962862
1.251904,-1.34110400225712
1.252896,-0.970521707421803
1.253888,-1.23646126459437
1.25488,-1.17972347435478
1.255872,-1.04273294864892
1.256864,-0.749320909187618
1.257856,-1.36491311498033
1.258848,-1.18287697264
1.25984,-0.905971062251385
1.260832,-1.16552366539981
1.261824,-1.23810741872117
1.262816,-1.12796464536042
1.263808,-1.15477356188801
1.2648,-1.08669858101631
1.265792,-1.30523922735779
1.266784,-0.842532840360859
1.267776,-0.964133688019
1.268768,-1.22328015022413
1.26976,-1.15883621319667
1.270752,-0.872767209570805
1.271744,-1.07415145019904
1.272736,-1.07493964902951
1.273728,-0.838264262511403
1.27472,-0.551437032606297
1.275712,-0.735315506618082
1.276704,-0.985200064021653
1.277696,-0.735405558351645
1.278688,-0.978185749222741
1.27968,-0.772291686239655
1.280672,-1.33297135294197
1.281664,-0.783901580925681
1.282656,-0.676951773605279
1.283648,-0.675764125513634
1.28464,-0.457641701257228
1.285632,-0.563144893156802
1.286624,-0.533101636296247
1.287616,-0.327916764508658
1.288608,-0.602137041197271
1.2896,-0.361944604492779
1.290592,-0.317785821823215
1.291584,-0.53696693703915
1.292576,-0.231822572617505
1.293568,-0.268529559122823
1.29456,-0.507309175287092
1.295552,-0.388440834779285
1.296544,-0.416939978732939
1.297536,-0.739001137813099
1.298528,-0.341118069601985
1.29952,-0.353215972259037
1.300512,-0.705519028640582
1.301504,-0.611920352332262
1.302496,-0.163096746571359
1.303488,-0.040903180504577
1.30448,-0.18992914834565
1.305472,-0.310886225484908
1.306464,-0.340536395883559
1.307456,-0.589279268634085
1.308448,-0.243558727497952
1.30944,0.06874361431313
1.310432,-0.097125570454061
1.311424,-0.156764849704266
1.312416,0.052599311323499
1.313408,-0.206049112055215
1.3144,0.065663858859512
1.315392,0.270589740618032
1.316384,-0.037574580331632
1.317376,-0.16073306462759
1.318368,-0.223295277099667
1.31936,-0.279699995353339
1.320352,-0.15267877000191
1.321344,0.087008944569105
1.322336,-0.16909643429073
1.323328,-0.312399577327557
1.32432,-0.050537229815788
1.325312,-0.335529972935487
1.326304,-0.13382498963088
1.327296,0.106550270006253
1.328288,0.125286834905919
1.32928,-0.313666831689294
1.330272,0.082537310307645
1.331264,0.219798222991063
1.332256,0.055093929177177
1.333248,0.006850560244026
1.33424,-0.127773543310472
1.335232,-0.074434699036558
1.336224,-0.097406989848391
1.337216,-0.284333248252938
1.338208,0.242315449985423
1.3392,-0.100680854394598
1.340192,0.229481861417659
1.341184,0.138183258257929
1.342176,0.371168358174672
1.343168,0.181350904639597
1.34416,0.095034630214619
1.345152,0.105198936194477
1.346144,0.148157206400325
1.347136,0.228109184745998
1.348128,0.330877888017255
1.34912,0.272841965076036
1.350112,0.21696675495054
1.351104,0.03599288273999
1.352096,0.529698764538783
1.353088,0.150533323604232
1.35408,0.251329239907223
1.355072,-0.144459066328532
1.356064,0.122860333882164
1.357056,0.031461861047057
1.358048,-0.160407595822431
1.35904,-0.135372860909539
1.360032,0.105592391253112
1.361024,-0.359624377816987
1.362016,-0.181556370025186
1.363008,-0.283619393573034
1.364,-0.187898900442397
1.364992,-0.07426439714777
1.365984,-0.084646448823059
1.366976,-0.361019891223095
1.367968,-0.257013442788102
1.36896,-0.207180016819573
1.369952,-0.106001148787224
1.370944,-0.121632665185553
1.371936,-0.253871468193859
1.372928,-0.474639040207811
1.37392,-0.433382026412809
1.374912,-0.287978614108054
1.375904,-0.355537714742749
1.376896,-0.518798094723073
1.377888,-0.246834861747821
1.37888,-0.088177835512029
1.379872,-0.721503835863017
1.380864,-0.479564818154648
1.381856,-0.92413803523056
1.382848,-0.598647224403032
1.38384,-0.650516703232313
1.384832,-0.615848673122826
1.385824,-0.605261573394974
1.386816,-0.745910196892821
1.387808,-0.836324889259
1.3888,-0.685709207906033
1.389792,-1.01546237463132
1.390784,-0.787750008615673
1.391776,-0.945178480087433
1.392768,-0.927479262970304
1.39376,-1.15118460669584
1.394752,-0.749687487074
1.395744,-0.71456385976328
1.396736,-1.08412872432435
1.397728,-1.09992978939937
1.39872,-1.09344363845706
1.399712,-1.17561105953786
1.400704,-0.892842353536407
1.401696,-0.872704316332192
1.402688,-0.94198805468207
1.40368,-1.06266869008362
1.404672,-1.16309739072821
1.405664,-0.902838941650574
1.406656,-0.945800415810913
1.407648,-1.00170336248994
1.40864,-1.05867852724264
1.409632,-0.863103181948303
1.410624,-1.08171563672126
1.411616,-1.72011094367076
1.412608,-1.46947483235419
1.4136,-1.06654888597862
1.414592,-0.994883259475816
1.415584,-1.06114266225963
1.416576,-1.04606059013768
1.417568,-1.18749405610626
1.41856,-1.59533457015736
1.419552,-1.24697783905735
1.420544,-1.46376007435547
1.421536,-1.35306111693536
1.422528,-1.20222380462493
1.42352,-1.20433720365491
1.424512,-1.58475368604853
1.425504,-1.45588145465029
1.426496,-1.5675782405423
1.427488,-1.34572565588715
1.42848,-1.60784506067563
1.429472,-1.96824230920128
1.430464,-1.65956351702379
1.431456,-1.6683642523335
1.432448,-1.5145961931619
1.43344,-1.68660581563193
1.434432,-1.24061961968486
1.435424,-1.55508848524794
1.436416,-1.42481824974043
1.437408,-1.24387918158556
1.4384,-1.45854238630841
1.439392,-1.23810639983587
1.440384,-1.6254093050651
1.441376,-1.65815581978809
1.442368,-1.22191097280504
1.44336,-1.36199963547466
1.444352,-1.61815636398188
1.445344,-1.23539243158439
1.446336,-1.30653838777028
1.447328,-1.27786770257163
1.44832,-1.69216603301468
1.449312,-1.47898251949511
1.450304,-1.76997586620594
1.451296,-1.88884755746964
1.452288,-1.80790143422294
1.45328,-1.559650161686
1.454272,-1.47528370433765
1.455264,-1.78568806893154
1.456256,-1.44935444546956
1.457248,-1.5490400832851
1.45824,-1.23190482146194
1.459232,-1.55206233736199
1.460224,-1.44726647107718
1.461216,-1.25925462960534
1.462208,-1.54691317475695
1.4632,-1.07114127109153
1.464192,-1.43762564917997
1.465184,-1.52532377505617
1.466176,-1.5113171543535
1.467168,-1.4889650691637
1.46816,-1.42337107511221
1.469152,-1.35088759680953
1.470144,-1.45444889230448
1.471136,-1.27631014517109
1.472128,-1.29483727750188
1.47312,-1.30734301427664
1.474112,-1.45371339409905
1.475104,-1.39225772261104
1.476096,-1.64673088292402
1.477088,-1.25772429456104
1.47808,-1.23178013189629
1.479072,-1.68059944859252
1.480064,-1.34076408440145
1.481056,-1.53197234619334
1.482048,-1.49916584604182
1.48304,-1.3015868393441
1.484032,-1.24654638541338
1.485024,-1.62034231330644
1.486016,-1.49208247050196
1.487008,-1.45997453531874
1.488,-1.59133994416504
1.488992,-1.47568251767373
1.489984,-1.34303041414399
1.490976,-1.5956786534843
1.491968,-1.25695579599272
1.49296,-1.24477443073064
1.493952,-1.11243219811748
1.494944,-1.54059875365541
1.495936,-1.22588653563864
1.496928,-1.05216550787428
1.49792,-1.21896251830926
1.498912,-0.914716697709561
1.499904,-1.1201108235481
1.500896,-1.24989912544557
1.501888,-0.901328331603854
1.50288,-1.12430456361911
1.503872,-1.3137999342462
1.504864,-0.913345542319746
1.505856,-1.61317316342283
1.506848,-1.36539443051877
1.50784,-1.00786947771077
1.508832,-1.3161378682584
1.509824,-1.45836545527458
1.510816,-1.19657559986313
1.511808,-1.27665003978315
1.5128,-1.2107642641439
1.513792,-1.40884592034914
1.514784,-1.15712546312417
1.515776,-1.287841099874
1.516768,-1.37065101674342
1.51776,-1.40791718245725
1.518752,-1.06252711096706
1.519744,-1.20120518476052
1.520736,-1.25034934960064
1.521728,-1.23291385255584
1.52272,-0.978350194410314
1.523712,-0.902967203155314
1.524704,-1.36494280329518
1.525696,-0.806872382522789
1.526688,-1.10051796609575
1.52768,-1.1301959744808
1.528672,-0.95332818170853
1.529664,-0.847217642305612
1.530656,-1.29292967502525
1.531648,-1.06523966051513
1.53264,-1.05083914836216
1.533632,-1.23908318548365
1.534624,-1.12589941775519
1.535616,-1.03177940872557
1.536608,-0.765652984557588
1.5376,-0.708547626534263
1.538592,-0.834150663487803
1.539584,-0.542148718427386
1.540576,-0.912049883304474
1.541568,-0.541548831768929
1.54256,-0.970295472695911
1.543552,-0.992455775784745
1.544544,-0.960290049212621
1.545536,-0.915251142123222
1.546528,-0.764970439145506
1.54752,-0.764018740293282
1.548512,-0.832431537615938
1.549504,-0.610531502749206
1.550496,-0.745095233499104
1.551488,-0.572560036112539
1.55248,-0.799322124041942
1.553472,-0.604731813428132
1.554464,-0.872662339465814
1.555456,-0.838915318230237
1.556448,-0.675980068844669
1.55744,-0.680273851204806
1.558432,-0.737029209204842
1.559424,-0.907300977981377
1.560416,-0.5735235521926
1.561408,-0.360457943576867
1.5624,-0.621955980840765
1.563392,-0.816320169836082
1.564384,-0.516223403794339
1.565376,-0.540140323020253
1.566368,-0.60085635433907
1.56736,-0.806182194242896
1.568352,-0.549393343652063
1.569344,-0.837164090230609
1.570336,-0.859692319889764
1.571328,-0.790232916930957
1.57232,-0.784729313980225
1.573312,-0.954250056181531
1.574304,-0.815885044284291
1.575296,-0.938511802371815
1.576288,-1.10516597869698
1.57728,-0.922918220248011
1.578272,-1.16359020424379
1.579264,-0.707019291095027
1.580256,-1.00636977512397
1.581248,-0.968228675733165
1.58224,-1.25843312606945
1.583232,-1.28040948105938
1.584224,-1.08111807916243
1.585216,-0.862814411107948
1.586208,-1.02219817539219
1.5872,-1.06847551616267
1.588192,-1.06714000257966
1.589184,-1.07140169395503
1.590176,-0.88365125169449
1.591168,-1.24065156732296
1.59216,-1.12136905860622
1.593152,-0.912946848497655
1.594144,-0.833343224759316
1.595136,-0.910225812197092
1.596128,-1.11022732533146
1.59712,-0.861862798188689
1.598112,-1.1940795183729
1.599104,-1.1555672660324
1.600096,-0.948926641933761
1.601088,-1.19263528392126
1.60208,-1.47979720979749
1.603072,-1.63992640886668
1.604064,-1.45947962311893
1.605056,-1.54089618140138
1.606048,-1.42505029358967
1.60704,-1.52316412730138
1.608032,-1.6309071229589
1.609024,-1.47073920347558
1.610016,-1.18680705621533
1.611008,-1.08843834185253
1.612,-1.70978941237889
1.612992,-1.58304625551258
1.613984,-1.14567333262327
1.614976,-1.37341881492493
1.615968,-1.2116984563135
1.61696,-1.36356044914926
1.617952,-1.60906359625783
1.618944,-1.58747644694648
1.619936,-1.88514460407542
1.620928,-1.85537444792228
1.62192,-2.00384588949212
1.622912,-2.09617998942288
1.623904,-1.95927047977184
1.624896,-1.90166924745127
1.625888,-1.79544839594206
1.62688,-1.3824109824095
1.627872,-2.02997045357113
1.628864,-1.55862963477167
1.629856,-1.942988496093
1.630848,-1.81959422303156
1.63184,-1.72572064887189
1.632832,-1.8717487880787
1.633824,-1.76963508972919
1.634816,-1.97871460028847
1.635808,-1.73648500221429
1.6368,-1.65508599094636
1.637792,-1.75442646804335
1.638784,-1.71311250697957
1.639776,-1.8748154113807
1.640768,-1.6938592475297
1.64176,-1.92392157807172
1.642752,-1.76698602883573
1.643744,-1.51258922164562
1.644736,-2.04206341800319
1.645728,-1.79646843236787
1.64672,-2.13256471540578
1.647712,-1.87972547051623
1.648704,-1.62860378274592
1.649696,-1.79856952103175
1.650688,-1.98895170576746
1.65168,-2.01424617726876
1.652672,-1.89608364453613
1.653664,-1.68630380177344
1.654656,-1.86897885632929
1.655648,-1.73066975835328
1.65664,-1.83799079180358
1.657632,-1.87628617862112
1.658624,-1.77777255264505
1.659616,-1.92122193706473
1.660608,-1.58814715909694
1.6616,-1.73931162076704
1.662592,-1.70002473651
1.663584,-1.92264622425255
1.664576,-1.3705156016857
1.665568,-1.63186726145762
1.66656,-1.93068926710105
1.667552,-1.73133677551711
1.668544,-2.13183163918133
1.669536,-1.55242750474007
1.670528,-1.74586870947533
1.67152,-1.60925862231423
1.672512,-1.51834507152104
1.673504,-1.51889109911807
1.674496,-1.59606043314613
1.675488,-1.47975299197695
1.67648,-1.72580360309991
1.677472,-1.5019805835287
1.678464,-1.56083504316785
1.679456,-1.6861977376243
1.680448,-1.67773653704464
1.68144,-1.50056694001199
1.682432,-1.2476075934318
1.683424,-1.51876456639466
1.684416,-1.15302482699483
1.685408,-1.13694375419872
1.6864,-1.37698580302441
1.687392,-0.938548980961795
1.688384,-1.10467296438018
1.689376,-0.964867203118586
1.690368,-1.08250364768159
1.69136,-1.01920475018843
1.692352,-1.09136281979171
1.693344,-1.06605871543544
1.694336,-1.09875277925563
1.695328,-1.45201182081049
1.69632,-0.970336711729623
1.697312,-0.86002477288623
1.698304,-0.533297726296999
1.699296,-1.18447994244691
1.700288,-0.999520558722557
1.70128,-1.11410837801309
1.702272,-0.801683528877239
1.703264,-0.950066349682579
1.704256,-0.856045253538395
1.705248,-0.93806506368825
1.70624,-0.336633634188831
1.707232,-0.730779445241897
1.708224,-0.849036098197304
1.709216,-0.884392851024269
1.710208,-0.855351452707504
1.7112,-0.937327129271118
1.712192,-0.62742916078127
1.713184,-0.505038441702426
1.714176,-0.453953086372953
1.715168,-0.849002542717926
1.71616,-0.836423536417487
1.717152,-1.15238526456937
1.718144,-0.85368392231317
1.719136,-0.72255575441038
1.720128,-0.407939432665486
1.72112,-0.795779570112745
1.722112,-0.638978956372858
1.723104,-0.843509575193023
1.724096,-0.662474813716695
1.725088,-0.455562391242478
1.72608,-0.487847824496537
1.727072,-0.268793457888193
1.728064,-0.366951837413946
1.729056,-0.601179601677661
1.730048,-0.508695304179985
1.73104,-0.097025108344904
1.732032,-0.377222516742376
1.733024,-0.524877445091719
1.734016,-0.495992229022782
1.735008,-0.836859861692601
1.736,-0.438646967886139
1.736992,-0.373622313272292
1.737984,-0.141364833241107
1.738976,-0.157270576005322
1.739968,-0.396436864245689
1.74096,-0.564321576836389
1.741952,-0.631779101609857
1.742944,-0.475271640771304
1.743936,-0.328022810535856
1.744928,-0.713726398254724
1.74592,-0.326115142612976
1.746912,-0.563134007342402
1.747904,-0.556727120474463
1.748896,-0.397642086637435
1.749888,-0.361303725806455
1.75088,-0.207050804387651
1.751872,-0.361644422388278
1.752864,-0.640101288616882
1.753856,-0.606541618256412
1.754848,-0.32613282900063
1.75584,-0.646795197663428
1.756832,-0.704478627979927
1.757824,-0.854330244364468
1.758816,-0.65730953517433
1.759808,-0.482416615698671
1.7608,-0.845144913156217
1.761792,-0.726417146400161
1.762784,-0.691135683857332
1.763776,-0.504731303277587
1.764768,-0.249633603457883
1.76576,-0.413072757464574
1.766752,-0.570294052154647
1.767744,-0.834065045696709
1.768736,-0.752689030870442
1.769728,-0.720021401802842
1.77072,-0.826271813302257
1.771712,-0.81134582548253
1.772704,-1.02238090147861
1.773696,-0.917664195608465
1.774688,-0.978231039725715
1.77568,-0.62150219833558
1.776672,-0.739455714540969
1.777664,-0.703449899440507
1.778656,-0.706054524199016
1.779648,-0.804583633329453
1.78064,-0.976524530236836
1.781632,-0.981069128703501
1.782624,-0.934266331929572
1.783616,-0.886620247916038
1.784608,-0.758653897312813
1.7856,-0.930724181818887
1.786592,-0.87375221686998
1.787584,-0.645531295601525
1.788576,-1.10432934698608
1.789568,-0.856578561517762
1.79056,-0.901271234483865
1.791552,-0.853203151536241
1.792544,-1.028645139277
1.793536,-0.918219630770635
1.794528,-0.964838215258901
1.79552,-1.0222650247604
1.796512,-0.683372136336114
1.797504,-1.1825350204392
1.798496,-1.12373822928322
1.799488,-0.876395628295265
1.80048,-0.804683224352534
1.801472,-0.550114665403411
1.802464,-1.06590830874922
1.803456,-0.956378454307627
1.804448,-0.951210539803
1.80544,-0.910100923671446
1.806432,-1.2347260786301
1.807424,-0.647898241182747
1.808416,-0.964533676783807
1.809408,-0.955695836525784
1.8104,-0.841281770236068
1.811392,-0.909006433059481
1.812384,-1.0401886385385
1.813376,-1.0282855592645
1.814368,-0.683389856646158
1.81536,-0.746396533457196
1.816352,-0.885520498748052
1.817344,-0.637029116707468
1.818336,-0.725616153574459
1.819328,-0.876242045542186
1.82032,-0.820243034159421
1.821312,-1.08110864168395
1.822304,-0.804212160344992
1.823296,-0.662122981610404
1.824288,-0.805815335012137
1.82528,-0.626387076657363
1.826272,-0.637457450921086
1.827264,-0.909606202880923
1.828256,-0.824154746012423
1.829248,-0.757492449058278
1.83024,-0.848615671966035
1.831232,-0.825722133368589
1.832224,-0.814076031219339
1.833216,-0.938734365833398
1.834208,-0.873636244889139
1.8352,-1.14193328206104
1.836192,-0.944064948754263
1.837184,-1.04465679541184
1.838176,-0.826257806255351
1.839168,-0.639929441434146
1.84016,-0.517452055111067
1.841152,-0.87833567072644
1.842144,-0.821172908515995
1.843136,-0.852617631097821
1.844128,-1.2017624275435
1.84512,-0.987135421709481
1.846112,-0.793714454509751
1.847104,-0.976666671884416
1.848096,-0.826886410960618
1.849088,-0.844869840419611
1.85008,-0.958392695807908
1.851072,-0.875696529997746
1.852064,-1.07801596273854
1.853056,-1.04732514165524
1.854048,-0.991421517138458
1.85504,-0.856597572563278
1.856032,-0.54316380030736
1.857024,-0.339976125816381
1.858016,-0.588030833379223
1.859008,-0.560290277023245
1.86,-0.326136942800123
1.860992,-0.2811698988255
1.861984,-0.31586190189873
1.862976,-0.645428857474173
1.863968,-0.799897066947443
1.86496,-0.333507524891278
1.865952,-0.977592291983548
1.866944,-0.78484340503698
1.867936,-0.328305667424143
1.868928,-0.517976846714807
1.86992,-0.696127851165647
1.870912,-0.627674199862812
1.871904,-0.470014841695046
1.872896,-0.269439613510081
1.873888,-0.429408497638734
1.87488,-0.642762609218154
1.875872,-0.38890581839052
1.876864,-0.425370012023472
1.877856,-0.303436393809988
1.878848,-0.468343460456066
1.87984,-0.480824285737817
1.880832,-0.568488949768413
1.881824,-0.010426914791725
1.882816,-0.35055855210485
1.883808,-0.315851766373453
1.8848,-0.591918679422931
1.885792,-0.633555829688285
1.886784,-0.493396224157433
1.887776,-0.580364867745717
1.888768,-0.769052512145012
1.88976,-0.287571368017498
1.890752,-0.390141802435456
1.891744,-0.566811626306516
1.892736,-0.329735529904808
1.893728,-0.403443935078493
1.89472,-0.261556358582499
1.895712,-0.415928073040668
1.896704,-0.358674540176887
1.897696,-0.334932187502738
1.898688,0.121052951427622
1.89968,-0.211529828010713
1.900672,-0.34317303985695
1.901664,-0.258607498219693
1.902656,-0.207730614506294
1.903648,-0.253562702708142
1.90464,-0.551809961467115
1.905632,-0.412503173737191
1.906624,-0.239329122843909
1.907616,-0.403352337178188
1.908608,-0.022625499348212
1.9096,-0.293380643924789
1.910592,-0.496284772069779
1.911584,-0.133645745545977
1.912576,-0.200993747098478
1.913568,-0.316551369388777
1.91456,-0.282291790991826
1.915552,-0.161568180815777
1.916544,0.241326330306999
1.917536,0.151444068465177
1.918528,-0.10197192262532
1.91952,0.070921903626107
1.920512,-0.042315474709269
1.921504,0.011221748331383
1.922496,0.033133360697136
1.923488,-0.27981367950573
1.92448,-0.341208761232716
1.925472,-0.371801917061911
1.926464,0.159019299935929
1.927456,-0.335871145868458
1.928448,0.02612375183659
1.92944,0.048356878039676
1.930432,-0.429680782732738
1.931424,-0.35448034751692
1.932416,-0.212003074516943
1.933408,-0.069034559014603
1.9344,0.051982859800655
1.935392,-0.224819273703471
1.936384,-0.172909180335497
1.937376,0.026669213983268
1.938368,-0.115650485608032
1.93936,-0.045261926352478
1.940352,-0.295495455823702
1.941344,0.055784256270963
1.942336,-0.101672990160572
1.943328,-0.151070228287005
1.94432,-0.028781631729208
1.945312,0.105293097879887
1.946304,-0.194774071392752
1.947296,-0.122315460537642
1.948288,-0.092369299570476
1.94928,0.013887097322702
1.950272,0.259097717431681
1.951264,-0.101726429984386
1.952256,0.052370875237374
1.953248,-0.007597702604853
1.95424,-0.163380298900791
1.955232,0.118221940290804
1.956224,0.091331336482947
1.957216,0.297133857614593
1.958208,0.098898781410234
1.9592,0.265212589542595
1.960192,0.196104177632059
1.961184,0.28101313935598
1.962176,0.106564490477382
1.963168,-0.191016864445068
1.96416,0.120918352091009
1.965152,-0.017953543639869
1.966144,-0.269633564291228
1.967136,0.164227963968759
1.968128,0.12687604695142
1.96912,0.153780133739432
1.970112,0.11247707241958
1.971104,0.36261081417547
1.972096,-0.053900655251624
1.973088,0.099759253157405
1.97408,0.08027940648842
1.975072,-0.027371860295549
1.976064,0.251519646189216
1.977056,-0.050914546005952
1.978048,0.199615564888134
1.97904,-0.186714542234477
1.980032,0.10572240532499
1.981024,0.281719908383879
1.982016,-0.044745309800405
1.983008,-0.348790578309473
1.984,0.061887477582276
1.984992,0.123798184972002
1.985984,-0.076248352922228
1.986976,-0.203744042065433
1.987968,-0.307346630038885
1.98896,-0.102482788537789
1.989952,-0.146779527731359
1.990944,-0.137061001202987
1.991936,-0.424854563660125
1.992928,-0.201793818903823
1.99392,-0.434006514637305
1.994912,-0.206263785380686
1.995904,-0.319380451095621
1.996896,-0.306597678818476
1.997888,-0.346926064224372
1.99888,-0.048090103428101
1.999872,-0.573028602978017
2.000864,-0.505908365056953
2.001856,-0.265767037261726
2.002848,-0.472295656353278
2.00384,-0.336156577955541
2.004832,-0.619621266280512
2.005824,-0.544537176640217
2.006816,-0.396583894062098
2.007808,-0.346228535378481
2.0088,-0.002741121271912
2.009792,-0.141092773078454
2.010784,-0.337990823281009
2.011776,-0.436268397751179
2.012768,-0.36743561542275
2.01376,-0.342840278234009
2.014752,-0.324512480503204
2.015744,-0.65292591775364
2.016736,-0.452221162325112
2.017728,-0.672558068608656
2.01872,-0.373212046888782
2.019712,-0.582072953613443
2.020704,-0.386451272241181
2.021696,-0.476799745893216
2.022688,-0.411032297347821
2.02368,-0.292749103329287
2.024672,-0.369681294046226
2.025664,-0.224095885483593
2.026656,-0.633173512408156
2.027648,-0.296617889146097
2.02864,-0.407019001301533
2.029632,-0.755019411398857
2.030624,-0.733619948086219
2.031616,-0.488804131788782
2.032608,-0.372254834598019
2.0336,-0.493018861940703
2.034592,-0.155963949830477
2.035584,-0.520415720610757
2.036576,-0.423589971140855
2.037568,-0.588674702528812
2.03856,-0.417767234912277
2.039552,-0.696456342420752
2.040544,-0.373030843738944
2.041536,-0.610328828575423
2.042528,-0.686986289016792
2.04352,-0.413019155854009
2.044512,-0.517493558765643
2.045504,-0.759818474842893
2.046496,-0.399183848239671
2.047488,-0.608040410080486
2.04848,-0.863164285987961
2.049472,-0.584732776709357
2.050464,-0.218557392602883
2.051456,-0.378230181206587
2.052448,-0.294473304258284
2.05344,-0.434864415867224
2.054432,-0.600828040625608
2.055424,-0.407264776182393
2.056416,-0.390390078345736
2.057408,-0.324316256742418
2.0584,-0.333031577588614
2.059392,-0.264783685731595
2.060384,-0.315813176195299
2.061376,-0.261593123670383
2.062368,0.074911689731667
2.06336,-0.15135776521947
2.064352,-0.325596263636398
2.065344,-0.435555212168309
2.066336,-0.323150238723046
2.067328,-0.12980640992538
2.06832,-0.03584672976822
2.069312,0.038513887441984
2.070304,-0.005304631826851
2.071296,0.245847427695867
2.072288,0.086410085593147
2.07328,0.004204475557316
2.074272,-0.082193909458982
2.075264,0.045073141114812
2.076256,0.456967677716041
2.077248,0.010769436743243
2.07824,-0.219342492201977
2.079232,-0.116047303237313
2.080224,0.260367754830575
2.081216,0.277063664096825
2.082208,0.218542055015321
2.0832,-0.115488524719974
2.084192,0.022843021451533
2.085184,0.2909296948754
2.086176,0.249312182878729
2.087168,0.209347614025671
2.08816,0.522281712529961
2.089152,0.299332453011768
2.090144,0.301318676101271
2.091136,0.535196789312265
2.092128,0.673880859071298
2.09312,0.949868566308683
2.094112,0.697704134945273
2.095104,0.211292904222147
2.096096,0.229653828769876
2.097088,0.270443249308522
2.09808,0.447490079389559
2.099072,0.515321719172839
2.100064,0.561073939662149
2.101056,0.438173890705904
2.102048,0.698486027515811
2.10304,0.475840911643683
2.104032,0.526737835544761
2.105024,0.505189776814399
2.106016,0.350620998703543
2.107008,0.667727230859642
2.108,0.724031148999066
2.108992,0.604093076383348
2.109984,0.512078867270416
2.110976,0.836375370243279
2.111968,0.634481124930349
2.11296,0.7046129262611
2.113952,0.839786718132822
2.114944,0.244520304879277
2.115936,0.657802881148342
2.116928,0.562542113552706
2.11792,0.976427852275161
2.118912,0.873770832270864
2.119904,0.76454486892327
2.120896,0.803405739948887
2.121888,0.72551158310349
2.12288,0.564272544656677
2.123872,0.965260248438447
2.124864,0.901228026705579
2.125856,0.925698732221296
2.126848,1.00323070340114
2.12784,0.817894215663534
2.128832,0.961051381914486
2.129824,0.988923764566131
2.130816,0.985207484775056
2.131808,1.13351464456731
2.1328,1.29309993664408
2.133792,0.754170676568216
2.134784,0.976729754757848
2.135776,0.667811340314919
2.136768,0.927157481991267
2.13776,0.92036559018578
2.138752,0.697292887753709
2.139744,0.681159611565151
2.140736,0.670867632956821
2.141728,0.904450137691261
2.14272,0.859568386695001
2.143712,0.706839891623947
2.144704,0.831929039574185
2.145696,0.644820558637027
2.146688,0.765099496475354
2.14768,0.804508644587692
2.148672,0.925282057425753
2.149664,1.14725454556856
2.150656,0.660494180911479
2.151648,0.845196494560505
2.15264,0.725882929686047
2.153632,0.688653581451477
2.154624,0.569585121391831
2.155616,0.442880465645149
2.156608,0.458147563341958
2.1576,0.811688958498489
2.158592,0.505215285102189
2.159584,0.449359202722179
2.160576,0.461082099095688
2.161568,0.595206267047991
2.16256,0.677869379952011
2.163552,0.482663449667641
2.164544,0.88274464971948
2.165536,0.557285406583617
2.166528,0.540549364634459
2.16752,0.728341497696824
2.168512,0.825450222914069
2.169504,0.805965453646506
2.170496,0.575734624318389
2.171488,0.429354160043557
2.17248,0.449768485193303
2.173472,0.166114262521662
2.174464,0.310877797425806
2.175456,0.31642360085183
2.176448,0.140949621744911
2.17744,0.242921011390781
2.178432,0.099519649436173
2.179424,0.245889342244411
2.180416,0.054678765409693
2.181408,0.137973089755422
2.1824,0.222742380555486
2.183392,0.410158686958335
2.184384,0.105260500048902
2.185376,0.332625123532857
2.186368,0.089514732023832
2.18736,-0.301148686762847
2.188352,0.069306896805431
2.189344,0.133237731256246
2.190336,0.115982249903533
2.191328,0.495027502982355
2.19232,0.160526759799868
2.193312,-0.145107812586963
2.194304,-0.024745255127592
2.195296,0.009030126308718
2.196288,-0.026880999883848
2.19728,-0.301612649700923
2.198272,-0.415563446149625
2.199264,-0.250104796988871
2.200256,-0.37132468171859
2.201248,-0.16608522231071
2.20224,-0.627175661880316
2.203232,-0.546041111058676
2.204224,-0.47664475633211
2.205216,-0.607713300124429
2.206208,-0.371470918032497
2.2072,-0.172769304047823
2.208192,-0.085033085118329
2.209184,-0.732858676879296
2.210176,-0.315198038953299
2.211168,-0.715395793891036
2.21216,-0.253255064484041
2.213152,-0.258035848584698
2.214144,-0.447226853636174
2.215136,-0.566184041743278
2.216128,-0.529877835155831
2.21712,-0.508436694330428
2.218112,-0.569745288583682
2.219104,-0.432458193010712
2.220096,-0.572534052016832
2.221088,-0.225216594958736
2.22208,-0.537081049991134
2.223072,-0.707667861474685
2.224064,-0.565410548613226
2.225056,-0.260010962356611
2.226048,-0.586754450976399
2.22704,-0.640983035892565
2.228032,-0.606603002490468
2.229024,-0.685919708281262
2.230016,-0.710053653324663
2.231008,-0.789852023118502
2.232,-0.882050705450567
2.232992,-0.745343638483342
2.233984,-0.56301870591997
2.234976,-0.474123461400502
2.235968,-0.209249344854543
2.23696,-0.44167017679347
2.237952,-0.738276915090842
2.238944,-0.55035418656432
2.239936,-0.450770225114715
2.240928,-0.610929072072156
2.24192,-0.431057197753406
2.242912,-0.336421055366687
2.243904,-0.737527292357082
2.244896,-0.138126360637221
2.245888,-0.158089787151584
2.24688,-0.197650429055231
2.247872,0.1020603221508
2.248864,-0.277797365474844
2.249856,-0.176644640736947
2.250848,-0.008566793703606
2.25184,-0.312405811448337
2.252832,-0.33554500976975
2.253824,-0.030338778590631
2.254816,-0.047998453262086
2.255808,-0.215446910078906
2.2568,-0.033864302992709
2.257792,-0.320503099409221
2.258784,-0.400676914665368
2.259776,0.199936514199575
2.260768,-0.13435730541937
2.26176,-0.023937315255706
2.262752,-0.055535757643491
2.263744,-0.329136209571442
2.264736,-0.213626743735453
2.265728,-0.2438545555427
2.26672,-0.192335813397367
2.267712,-0.391927144073833
2.268704,-0.15003428393908
2.269696,-0.033836308070987
2.270688,-0.509782539298115
2.27168,-0.239298272297821
2.272672,0.131456566899313
2.273664,-0.393204585693849
2.274656,-0.194528034987143
2.275648,0.019679197463655
2.27664,-0.068541565458393
2.277632,0.109804516758492
2.278624,0.24716599655074
2.279616,0.525612546391767
2.280608,0.043430411493471
2.2816,0.112077948201403
2.282592,0.219724473588285
2.283584,0.174632356141926
2.284576,0.231834618405437
2.285568,0.475374273561434
2.28656,0.024593331602106
2.287552,0.295076721519665
2.288544,0.172494127783296
2.289536,0.858139952001545
2.290528,0.442749306506842
2.29152,0.448623844192206
2.292512,0.474656888941184
2.293504,0.492829847792352
2.294496,0.307288178587228
2.295488,0.082029923900771
2.29648,0.364066832080366
2.297472,0.30087533134372
2.298464,0.301818450164876
2.299456,0.659192869465437
2.300448,0.48632734990136
2.30144,0.714153539375375
2.302432,0.685006083533698
2.303424,0.51215509399579
2.304416,0.415158903493535
2.305408,0.66208743217552
2.3064,0.439749572369485
2.307392,0.895043028805756
2.308384,0.30273965791447
2.309376,0.642266107648946
2.310368,0.789947103699196
2.31136,0.370108650734877
2.312352,0.568250028848693
2.313344,0.596770361500095
2.314336,0.478856811140274
2.315328,0.608407562142031
2.31632,0.824508289010813
2.317312,0.583531192745024
2.318304,0.596505575175998
2.319296,0.612907990179302
2.320288,0.699587127510153
2.32128,0.484580172770305
2.322272,0.813702205175077
2.323264,0.564515418827751
2.324256,0.583523581163869
2.325248,0.537558669219699
2.32624,0.571779576807012
2.327232,0.935505029609418
2.328224,0.614647226123708
2.329216,0.898862215333007
2.330208,0.65415854484795
2.3312,0.748309321387872
2.332192,0.75413289812404
2.333184,0.638432268561614
2.334176,0.391562689787711
2.335168,0.447926114188887
2.33616,0.368428896863081
2.337152,0.418080183940589
2.338144,0.487808363140626
2.339136,0.633961900889168
2.340128,0.624442480953474
2.34112,0.735786631882477
2.342112,0.450235285345046
2.343104,0.590522218358535
2.344096,0.493366120095397
2.345088,0.653019452835832
2.34608,0.740372295186268
2.347072,0.451398257928772
2.348064,0.716049429977107
2.349056,0.288829939652782
2.350048,0.631211113139711
2.35104,0.362955918816795
2.352032,0.197771784068248
2.353024,0.39488830321379
2.354016,0.491633320398022
2.355008,0.227746667765347
2.356,0.155052437563273
2.356992,0.134067890493158
2.357984,0.26693927347108
2.358976,0.209006193923634
2.359968,0.268093450527199
2.36096,0.289023622231994
2.361952,0.082757543879095
2.362944,0.010427765714976
2.363936,0.148557983014322
2.364928,0.333742834416538
2.36592,-0.031378072956267
2.366912,-0.215751174903805
2.367904,0.308834635150695
2.368896,-0.151214982241269
2.369888,-0.030537287567303
2.37088,0.118433647573419
2.371872,-0.286460165289114
2.372864,-0.088185376089052
2.373856,-0.371779339107742
2.374848,-0.109243463383664
2.37584,-0.173483825282201
2.376832,-0.140211980009958
2.377824,-0.415521678400138
2.378816,-0.354299668805697
2.379808,-0.450285188341593
2.3808,-0.328196672014911
2.381792,-0.19032787511117
2.382784,-0.446441208306878
2.383776,-0.499518211624654
2.384768,-0.373972430171992
2.38576,-0.439103134128097
2.386752,-0.390240644305294
2.387744,-0.278719107291584
2.388736,-0.381817881117043
2.389728,-0.202807829905477
2.39072,-0.458086693311863
2.391712,-0.2618049414692
2.392704,-0.471660716722953
2.393696,-0.349125301103637
2.394688,-0.592962815919482
2.39568,-0.806685492453258
2.396672,-0.572803103738108
2.397664,-0.786183698791212
2.398656,-0.538353296261476
2.399648,-0.319285301457892
2.40064,-0.413250356583638
2.401632,-0.507269667435311
2.402624,-0.498551743020898
2.403616,-0.651190167363054
2.404608,-0.470770114511781
2.4056,-0.556834031344758
2.406592,-0.569832024384644
2.407584,-0.49806791398688
2.408576,-0.80846632896891
2.409568,-0.787701204695454
2.41056,-0.699152628356363
2.411552,-0.695752876241752
2.412544,-0.461990707327271
2.413536,-0.677740635919719
2.414528,-0.892058522153085
2.41552,-1.00857728912868
2.416512,-0.945124007718538
2.417504,-0.667422607595376
2.418496,-0.51204196067515
2.419488,-0.867580013922794
2.42048,-0.639381261792906
2.421472,-0.640303397924249
2.422464,-0.894558400077114
2.423456,-0.704119622025656
2.424448,-0.789151976488747
2.42544,-0.527325631744463
2.426432,-0.576356127795489
2.427424,-0.52668245918115
2.428416,-0.613715341783087
2.429408,-1.04705206185975
2.4304,-0.982767015224651
2.431392,-0.591347262097957
2.432384,-0.608539706630822
2.433376,-0.693822491947835
2.434368,-0.650599371326018
2.43536,-0.849639005067421
2.436352,-0.605057809632946
2.437344,-0.690998314199087
2.438336,-1.02905275149118
2.439328,-0.505241076623049
2.44032,-0.667282457506392
2.441312,-0.830579093429841
2.442304,-0.63182979783933
2.443296,-0.527150014415851
2.444288,-0.866086242634067
2.44528,-0.535039619660349
2.446272,-0.559051435305025
2.447264,-0.548594579364734
2.448256,-0.683284617862315
2.449248,-0.660759454381677
2.45024,-0.84913884712454
2.451232,-0.488835308609647
2.452224,-0.486082190930025
2.453216,-0.425921315466453
2.454208,-0.384747023671632
2.4552,-0.728957513955793
2.456192,-0.603549791052109
2.457184,-0.469603461374726
2.458176,-0.434668763678371
2.459168,-0.396529717141232
2.46016,-0.530382257990871
2.461152,-0.753481193435794
2.462144,-0.429376571294503
2.463136,-0.232230394879232
2.464128,-0.302952849790157
2.46512,-0.519437310267201
2.466112,-0.765004367180541
2.467104,-0.598624677174504
2.468096,-0.444116247992643
2.469088,-0.297353168371611
2.47008,-0.199885674563298
2.471072,0.009077992601901
2.472064,-0.644264086226506
2.473056,-0.089544333196639
2.474048,-0.182343396021458
2.47504,-0.377244114349608
2.476032,-0.572960405707466
2.477024,-0.257502338709336
2.478016,-0.15944076901537
2.479008,-0.470826973951591
2.48,0.058922986143757
2.480992,-0.192377262697791
2.481984,-0.102663445507973
2.482976,-0.279255463066588
2.483968,-0.412083822318254
2.48496,-0.084808151901884
2.485952,-0.176007457149864
2.486944,0.162368386919497
2.487936,0.185986754824717
2.488928,0.083840825367871
2.48992,0.540001944868183
2.490912,0.538576857966416
2.491904,0.372804713497996
2.492896,0.18925639259636
2.493888,0.094516313292281
2.49488,-0.037370552969155
2.495872,-0.090807589911536
2.496864,0.248827062385767
2.497856,0.176971649911996
2.498848,0.292932919424489
2.49984,0.236688473636822
2.500832,-0.033461295218996
2.501824,0.214685340397699
2.502816,-0.039247402874821
2.503808,0.265619586440422
2.5048,0.214097372656122
2.505792,0.418887403472083
2.506784,0.212152385528995
2.507776,0.207272060375692
2.508768,0.448068783485015
2.50976,0.620770055045852
2.510752,0.467025235824805
2.511744,0.733789140767324
2.512736,1.0241405720402
2.513728,0.823924580729943
2.51472,0.670535188564724
2.515712,0.707919606870813
2.516704,0.617690455641619
2.517696,0.336892789938134
2.518688,0.263072192244332
2.51968,0.47788515640658
2.520672,0.572142343047422
2.521664,0.923222755068894
2.522656,0.492431298025637
2.523648,0.3030648099383
2.52464,0.931550680209277
2.525632,0.912592254911311
2.526624,1.12322310449357
2.527616,0.973352510113689
2.528608,0.859357578814853
2.5296,0.682487328226349
2.530592,0.581196609543138
2.531584,0.480177076434983
2.532576,0.720499502725301
2.533568,0.69575967531767
2.53456,0.592106593872493
2.535552,0.640608512619999
2.536544,1.00019016473664
2.537536,0.845166344781984
2.538528,0.531035467110527
2.53952,0.470503265590103
2.540512,0.689419321923472
2.541504,0.447447497697473
2.542496,0.708138433183293
2.543488,0.416865946274734
2.54448,0.310284271245061
2.545472,0.355979290930985
2.546464,0.080137681264325
2.547456,0.725858741730271
2.548448,0.530205186183904
2.54944,0.541092021328718
2.550432,0.420906066007849
2.551424,0.469136074182983
2.552416,0.459885926914715
2.553408,0.372759796247655
2.5544,0.458513308984506
2.555392,0.604794281874612
2.556384,-0.003030975573721
2.557376,0.201629509327415
2.558368,0.432917095606253
2.55936,0.319448968405105
2.560352,0.120798666769503
2.561344,0.470784096777445
2.562336,0.144883878078638
2.563328,0.276683515892422
2.56432,0.221911122219828
2.565312,0.154074613224416
2.566304,0.511471219240754
2.567296,0.095031110695814
2.568288,0.052570072444278
2.56928,0.083806099814803
2.570272,0.223040726536354
2.571264,0.225986056195372
2.572256,0.216663095415542
2.573248,-0.290946228716939
2.57424,-0.268173991262374
2.575232,-0.166434583992656
2.576224,-0.428391921270382
2.577216,-0.08268506474518
2.578208,-0.045965548281861
2.5792,0.252752711781521
2.580192,0.118997913253583
2.581184,-0.078814982607445
2.582176,-0.101516853154693
2.583168,-0.043238219122265
2.58416,-0.050154760229968
2.585152,-0.167991717003216
2.586144,-0.097052090099957
2.587136,-0.030167739153282
2.588128,-0.110417655239114
2.58912,-0.5529590857133
2.590112,-0.175602899577159
2.591104,-0.279583927555294
2.592096,-0.1581080465819
2.593088,-0.331600019175852
2.59408,-0.288284844991666
2.595072,-0.195903575153195
2.596064,-0.395005908648797
2.597056,-0.27793495955011
2.598048,-0.381800755773033
2.59904,-0.496611462626542
2.600032,-0.128214018537612
2.601024,-0.61326711602702
2.602016,-0.00961147732572
2.603008,-0.61966936910453
2.604,-0.574139275942533
2.604992,-0.272583784740289
2.605984,-0.523501525073967
2.606976,-0.388668730585554
2.607968,-0.622569182354595
2.60896,-0.363471229823244
2.609952,-0.468500563685423
2.610944,-0.427244981134204
2.611936,-0.588108682079892
2.612928,-0.569840460919799
2.61392,-0.385333904073424
2.614912,-0.759564584004732
2.615904,-0.722931634593063
2.616896,-0.79320576280565
2.617888,-0.488067430598048
2.61888,-0.446538334930476
2.619872,-0.49108724763019
2.620864,-0.669765194091771
2.621856,-0.692032949248737
2.622848,-0.644248720429534
2.62384,-0.72425615187381
2.624832,-0.693496404768402
2.625824,-0.681492364549862
2.626816,-1.0476396798624
2.627808,-0.93955420117016
2.6288,-0.998719175735805
2.629792,-0.462158106676075
2.630784,-0.826505716383071
2.631776,-0.878139879135803
2.632768,-0.800994864927105
2.63376,-0.818361141291099
2.634752,-0.769181240929486
2.635744,-0.328878110682363
2.636736,-0.746653440791126
2.637728,-0.652471310542108
2.63872,-0.76643547267825
2.639712,-0.634686829888185
2.640704,-0.605108546915475
2.641696,-0.791541787551437
2.642688,-0.412012379273863
2.64368,-0.508309217848188
2.644672,-0.498508883429215
2.645664,-0.75466280264961
2.646656,-0.465764442029018
2.647648,-0.687379240939399
2.64864,-0.614607705550437
2.649632,-0.773068191041556
2.650624,-0.632891279615382
2.651616,-0.480886991682481
2.652608,-0.394057593250047
2.6536,-0.563859593711412
2.654592,-0.659603882741445
2.655584,-0.660660779623616
2.656576,-0.575577448026906
2.657568,-0.432307107995733
2.65856,-0.434910060695397
2.659552,-0.323292278870445
2.660544,-0.433259358274551
2.661536,-0.551100733011442
2.662528,-0.503316411022749
2.66352,-0.435201884634169
2.664512,-0.4387498078227
2.665504,-0.324557157427867
2.666496,-0.287022168903133
2.667488,-0.16933140097233
2.66848,-0.168581743877788
2.669472,-0.116608725653117
2.670464,0.078760921408201
2.671456,-0.150296255897057
2.672448,-0.184154488570574
2.67344,-0.085036201914724
2.674432,0.12767165180536
2.675424,0.024997775353156
2.676416,-0.00301471902143
2.677408,0.002650120487835
2.6784,0.261839248800319
2.679392,0.058201404396729
2.680384,0.012206726059238
2.681376,-0.111910601246978
2.682368,0.057386840656084
2.68336,0.221333917433244
2.684352,0.094551972480974
2.685344,0.188586308433392
2.686336,0.010859930820084
2.687328,0.162574493734255
2.68832,0.204902092192137
2.689312,0.083132843272163
2.690304,0.272400358067401
2.691296,-0.118343854723062
2.692288,-0.019486198807837
2.69328,0.171010683863114
2.694272,0.258565103637266
2.695264,0.381273021482712
2.696256,0.388034193166295
2.697248,0.273055410258688
2.69824,0.221648789394834
2.699232,0.104949202656366
2.700224,0.419268427023559
2.701216,0.327259263728243
2.702208,-0.237237355910076
2.7032,0.175376326619447
2.704192,-0.04225745034452
2.705184,0.113427714565756
2.706176,0.197664001017608
2.707168,0.089715535981395
2.70816,0.266371532806595
2.709152,0.298991748822477
2.710144,0.247407790624386
2.711136,0.280110958137728
2.712128,0.501145407513404
2.71312,0.476182440564862
2.714112,0.344716717515115
2.715104,0.248893823238334
2.716096,0.401966063645684
2.717088,0.188946807608381
2.71808,0.211536726879239
2.719072,0.022859007205131
2.720064,0.151054293383677
2.721056,0.49529147587761
2.722048,0.165302087968359
2.72304,0.505718311604629
2.724032,-0.15798005817084
2.725024,-0.072113438163607
2.726016,0.089553812577994
2.727008,0.66587031629437
2.728,0.1587155122428
2.728992,0.160284445930451
2.729984,0.364640819990261
2.730976,0.063842190230839
2.731968,0.288595749715508
2.73296,0.184731390210329
2.733952,0.464564504284619
2.734944,0.344599885468442
2.735936,0.217918133183745
2.736928,0.24737222692604
2.73792,0.017798157134426
2.738912,-0.419657264198379
2.739904,-0.087282921944945
2.740896,0.202810033116206
2.741888,0.070408326036506
2.74288,0.14850219359006
2.743872,0.131039374340726
2.744864,-0.19125995612521
2.745856,-0.154336891615184
2.746848,-0.240096934836549
2.74784,-0.018221808428669
2.748832,0.026130864789767
2.749824,-0.029124172003371
2.750816,0.180551517992
2.751808,0.260479083746381
2.7528,0.016719523025025
2.753792,-0.0008159341161
2.754784,0.067587683060578
2.755776,0.092355793355114
2.756768,0.078628273752659
2.75776,0.279483511459654
2.758752,-0.153227741832854
2.759744,0.116452715857857
2.760736,-0.026395966303861
2.761728,-0.078883080891581
2.76272,0.021508213307432
2.763712,0.245740343991605
2.764704,0.222618345473069
2.765696,-0.133796615403609
2.766688,0.032315582511108
2.76768,-0.128786671761361
2.768672,-0.358664479985165
2.769664,-0.300362667676631
2.770656,-0.027864353231311
2.771648,-0.225719660123873
2.77264,-0.22261598378349
2.773632,-0.424934459709785
2.774624,-0.240428308186214
2.775616,0.053600428576176
2.776608,-0.356211048023401
2.7776,0.042168254272293
2.778592,-0.52731219559403
2.779584,-0.25132750400612
2.780576,-0.514493804634373
2.781568,-0.301690368904168
2.78256,-0.622720759426883
2.783552,-0.144016716788821
2.784544,-0.24888614684981
2.785536,-0.553134985064634
2.786528,-0.864803672392893
2.78752,-0.388174134880144
2.788512,-0.274627436111258
2.789504,-0.415753218322461
2.790496,-0.228743266038024
2.791488,-0.978167793065498
2.79248,-0.485653907084065
2.793472,-0.122390828668856
2.794464,-0.532829665264546
2.795456,-0.399678899414097
2.796448,-0.595219855876412
2.79744,-0.72786827583555
2.798432,-0.390572479827088
2.799424,-0.757407629848897
2.800416,-0.489771299564256
2.801408,-0.366202567870612
2.8024,-0.507207185731893
2.803392,-0.863955755473529
2.804384,-0.559769228549479
2.805376,-0.702050084333601
2.806368,-0.88383483451464
2.80736,-0.480959826403097
2.808352,-0.729244926527319
2.809344,-0.53025572829833
2.810336,-0.99797509654617
2.811328,-0.986128892296215
2.81232,-0.602773353288727
2.813312,-1.11261462752513
2.814304,-0.778170418617093
2.815296,-0.834184572007949
2.816288,-0.819091950613385
2.81728,-0.91210244436552
2.818272,-1.07624306010297
2.819264,-0.873085745712023
2.820256,-0.740732172550266
2.821248,-1.06008468703752
2.82224,-1.54097687813571
2.823232,-1.27968381080286
2.824224,-1.05974927871897
2.825216,-1.01901491472793
2.826208,-1.19073497754026
2.8272,-1.15041887951391
2.828192,-0.779698531854463
2.829184,-1.04668729664458
2.830176,-0.922420242962078
2.831168,-0.988688341383773
2.83216,-0.909509036172038
2.833152,-1.10986724282556
2.834144,-0.980198431063181
2.835136,-0.855565134543582
2.836128,-1.24592637039326
2.83712,-0.888288381823637
2.838112,-0.992512016675579
2.839104,-1.08428858842598
2.840096,-1.11984738691612
2.841088,-0.763621752262072
2.84208,-0.875147610269323
2.843072,-0.847308128530819
2.844064,-0.701746814879469
2.845056,-0.849861715643956
2.846048,-0.842719458156762
2.84704,-1.0232928333447
2.848032,-1.09885370599124
2.849024,-0.753935808213085
2.850016,-0.751006306501302
2.851008,-0.94836711219803
2.852,-0.882167353014796
2.852992,-0.815775583571695
2.853984,-0.66945633302123
2.854976,-0.525135238232011
2.855968,-0.570463505751903
2.85696,-0.56843250736486
2.857952,-0.757260663619348
2.858944,-0.898662707499542
2.859936,-0.887611817068784
2.860928,-0.899409667007957
2.86192,-0.828613271641459
2.862912,-0.896723132761262
2.863904,-0.645103649072877
2.864896,-0.675057794721605
2.865888,-0.699931718962213
2.86688,-0.539808311285889
2.867872,-0.536818507924437
2.868864,-0.738247388629617
2.869856,-0.452136797313943
2.870848,-0.58884410911683
2.87184,-0.790236986919923
2.872832,-0.49581581892887
2.873824,-0.561030160304172
2.874816,-0.520040793527557
2.875808,-0.394171221545196
2.8768,-0.636914665028151
2.877792,-0.282145900122282
2.878784,-0.359332623980338
2.879776,-0.296109929953027
2.880768,-0.248439589369567
2.88176,-0.099031150042526
2.882752,-0.304573370216368
2.883744,-0.16204547905037
2.884736,-0.376957365864488
2.885728,-0.283851613980567
2.88672,-0.411156552463193
2.887712,-0.150777042950295
2.888704,-0.166972907969618
2.889696,0.029332229369414
2.890688,-0.1206803093495
2.89168,-0.144499604673653
2.892672,-0.028087126439068
2.893664,-0.094837001345506
2.894656,0.200837316401026
2.895648,-0.032257338447762
2.89664,-0.032231288156821
2.897632,-0.530981776586104
2.898624,-0.481350129006021
2.899616,-0.191062937360515
2.900608,-0.285085845441595
2.9016,-0.591883828304743
2.902592,0.077173152924026
2.903584,-0.04570034180482
2.904576,-0.350160818317988
2.905568,-0.067013497237059
2.90656,-0.093858976560147
2.907552,-0.049322568460386
2.908544,0.06683134846378
2.909536,-0.063612505860467
2.910528,0.372234065241795
2.91152,-0.06568731940846
2.912512,0.048843857315644
2.913504,0.158271802534495
2.914496,0.106344911677516
2.915488,-0.058195581940608
2.91648,0.285706340548741
2.917472,0.179120226537507
2.918464,0.101124098640862
2.919456,0.20764507279288
2.920448,-0.06769256461874
2.92144,-0.032044290213293
2.922432,0.236271530461283
2.923424,0.070472769867922
2.924416,0.316980617745961
2.925408,-0.002655478746852
2.9264,0.005329251402646
2.927392,0.116398019401051
2.928384,0.012811865539801
2.929376,-0.011312824337768
2.930368,0.055707513097811
2.93136,0.264948011738998
2.932352,0.280204410902967
2.933344,-0.222272241779969
2.934336,-0.203045882896358
2.935328,-0.2887088161434
2.93632,-0.045256887174333
2.937312,-0.306270781721287
2.938304,-0.123690350383584
2.939296,-0.366403943697655
2.940288,-0.474946701306992
2.94128,-0.352307456482929
2.942272,-0.275762772111866
2.943264,-0.316787551196866
2.944256,-0.451724785749983
2.945248,-0.06345216363131
2.94624,-0.020564868835969
2.947232,-0.238348918904211
2.948224,-0.462584596366274
2.949216,-0.421655701720747
2.950208,-0.099169977343309
2.9512,-0.307506632158159
2.952192,-0.64066228055353
2.953184,-0.700703951320614
2.954176,-0.447881665649445
2.955168,-0.433704163469441
2.95616,-0.627921668602094
2.957152,-0.36615495702312
2.958144,-0.333100455240162
2.959136,-0.892244969531655
2.960128,-0.899279653576896
2.96112,-0.747563310477471
2.962112,-0.783492169052532
2.963104,-0.79166405412462
2.964096,-0.766012771677901
2.965088,-0.751636366443407
2.96608,-0.980529088673086
2.967072,-0.880055070015388
2.968064,-1.01004183164213
2.969056,-0.948316400234631
2.970048,-1.19818380164731
2.97104,-0.942372541543878
2.972032,-0.828876632718492
2.973024,-0.91093937764098
2.974016,-0.554083781322904
2.975008,-0.708193023040853
2.976,-0.730178780267983
2.976992,-0.815949494026881
2.977984,-1.07915739342147
2.978976,-0.912527006003954
2.979968,-1.04857589304813
2.98096,-1.02610560037485
2.981952,-0.991102384394114
2.982944,-0.875705355039209
2.983936,-0.917249243797744
2.984928,-1.10392845689491
2.98592,-1.13432139896547
2.986912,-1.10332115851727
2.987904,-1.20524206621709
2.988896,-1.23519294407665
2.989888,-1.15712021348578
2.99088,-1.2033610092826
2.991872,-1.18206591939093
2.992864,-1.09342850595433
2.993856,-1.32360967962842
2.994848,-1.10022264850431
2.99584,-1.69581683894068
2.996832,-1.2158925933448
2.997824,-1.20170062873138
2.998816,-1.06893681042585
2.999808,-1.12878605423555
3.0008,-1.36086637799786
3.001792,-1.35696944671446
3.002784,-1.27926317095987
3.003776,-1.18164577058032
3.004768,-1.4126488086957
3.00576,-1.21621031153863
3.006752,-1.07561307003076
3.007744,-1.21298275694196
3.008736,-1.19643164081487
3.009728,-1.53253488445891
3.01072,-1.1674803195083
3.011712,-0.984970391581727
3.012704,-1.27774186203542
3.013696,-1.24700302300997
3.014688,-1.27845616266493
3.01568,-1.13242428407107
3.016672,-1.28295422970105
3.017664,-1.057236868033
3.018656,-1.38780703557094
3.019648,-0.89817219709356
3.02064,-1.43813842310681
3.021632,-1.37121101929176
3.022624,-1.1629406385346
3.023616,-1.06811389965866
3.024608,-1.32472113330927
3.0256,-1.28460954182423
3.026592,-1.3797288809828
3.027584,-1.30807685053864
3.028576,-0.971852114699436
3.029568,-0.931436295263094
3.03056,-1.24204271295233
3.031552,-0.915015745084524
3.032544,-0.98765986066809
3.033536,-0.830831926469776
3.034528,-0.860564434919641
3.03552,-0.779164568516189
3.036512,-0.65010825189874
3.037504,-1.3086967981047
3.038496,-1.34428635804323
3.039488,-0.674218715164286
3.04048,-0.894621548322869
3.041472,-1.1284551887871
3.042464,-0.89813779441007
3.043456,-0.994227893905993
3.044448,-0.814062710365631
3.04544,-0.800691724997553
3.046432,-0.413473641995765
3.047424,-0.812706877057345
3.048416,-0.923062027439392
3.049408,-0.716686758189758
3.0504,-0.47196678818672
3.051392,-0.767270491421592
3.052384,-0.842773312206402
3.053376,-0.745642823881244
3.054368,-0.740180982027564
3.05536,-0.816224285966942
3.056352,-0.803428748376969
3.057344,-0.728141472728424
3.058336,-0.666610229533492
3.059328,-0.652065934172176
3.06032,-0.456849274899419
3.061312,-0.3159608713518
3.062304,-0.572912940035889
3.063296,-0.420990827849223
3.064288,-0.354906081796886
3.06528,-0.500249964390004
3.066272,-0.352141104167497
3.067264,-0.454062131287702
3.068256,-0.488484038541337
3.069248,-0.205528902900862
3.07024,-0.111063287365534
3.071232,-0.028753375148037
3.072224,-0.250374866505207
3.073216,-0.171353690606621
3.074208,-0.273607893328602
3.0752,-0.337276096668326
3.076192,-0.50897820791121
3.077184,-0.22301691281059
3.078176,0.098031126540478
3.079168,-0.138475352398801
3.08016,-0.340375842048932
3.081152,-0.097054621678709
3.082144,-0.156514110035327
3.083136,0.040254751184563
3.084128,-0.065479651387705
3.08512,-0.161587290983985
3.086112,-0.040517583308417
3.087104,0.146593484505081
3.088096,-0.083563466892545
3.089088,-0.152821545317558
3.09008,0.168906849488494
3.091072,0.002009172164218
3.092064,0.090156368416044
3.093056,0.039070433705215
3.094048,0.332002190843548
3.09504,0.186463811915835
3.096032,0.29781288208576
3.097024,0.14369279863866
3.098016,0.349880349890822
3.099008,0.223375940843139
3.1,0.09599493872229
3.100992,0.028279584024963
3.101984,-0.183821526987539
3.102976,0.044623823938751
3.103968,0.304101773894686
3.10496,0.195281114641618
3.105952,-0.109766680099729
3.106944,0.054439233171965
3.107936,0.102467234797563
3.108928,0.174816583423522
3.10992,0.110057605000204
3.110912,0.061894750502529
3.111904,0.457455810935977
3.112896,0.421025598409149
3.113888,0.429423752242634
3.11488,0.297873768088044
3.115872,0.349009069616297
3.116864,0.088716995079339
3.117856,0.197521536199294
3.118848,0.268649209380142
3.11984,0.387535782741233
3.120832,0.229314083517305
3.121824,0.083432496258625
3.122816,0.262531261284668
3.123808,0.147550392324896
3.1248,0.145451087654957
3.125792,-0.134281414678091
3.126784,0.050956362287108
3.127776,0.370910094961835
3.128768,0.579684515508346
3.12976,0.540948928918607
3.130752,0.313020611294986
3.131744,0.287646128750195
3.132736,-0.207652193794536
3.133728,0.011963000794283
3.13472,-0.034436371603882
3.135712,0.28841659791444
3.136704,0.31539636752465
3.137696,0.18962570437195
3.138688,0.073496317193223
3.13968,-0.060979007879125
3.140672,0.048418161429424
3.141664,0.134707967174219
3.142656,0.032355817708534
3.143648,-0.103454549485922
3.14464,-0.185889472992056
3.145632,-0.005602805316335
3.146624,-0.053533684840396
3.147616,0.240645988687631
3.148608,-0.23122268095815
3.1496,-0.191628132869061
3.150592,-0.293391567884228
3.151584,-0.357779032569729
3.152576,-0.172278408928953
3.153568,-0.436763585277952
3.15456,-0.23658605553411
3.155552,-0.2191476610192
3.156544,-0.103759387327462
3.157536,-0.20192538046763
3.158528,-0.091188084436065
3.15952,-0.004365289691899
3.160512,-0.449143766753111
3.161504,-0.273112830735
3.162496,-0.261497789850319
3.163488,-0.013039210129849
3.16448,-0.418099461088496
3.165472,-0.25549966545141
3.166464,-0.49281815403323
3.167456,-0.585713138364271
3.168448,-0.781097550464928
3.16944,-0.543825998908347
3.170432,-0.501752355492374
3.171424,-0.560826634886789
3.172416,-0.517117481930924
3.173408,-0.630858435710336
3.1744,-0.750890437700773
3.175392,-0.418453264621889
3.176384,-0.535156700677702
3.177376,0.025386400314977
3.178368,-0.463633510053359
3.17936,-0.327335635827421
3.180352,-0.441785654354595
3.181344,-0.405767278727153
3.182336,-0.020844540723569
3.183328,-0.708487289006373
3.18432,-0.936738895718434
3.185312,-0.368063442019458
3.186304,-0.436163231597591
3.187296,-0.436319883220474
3.188288,-0.925901776347254
3.18928,-0.532536502407279
3.190272,-0.711545208461648
3.191264,-0.641279683876727
3.192256,-0.666307421200859
3.193248,-0.73521997262139
3.19424,-0.622009619784371
3.195232,-0.363642098120514
3.196224,-0.624703635392521
3.197216,-0.281595962570397
3.198208,-0.643284971656238
3.1992,-0.605385714183804
3.200192,-0.187445299632075
3.201184,-0.307283345065683
3.202176,-0.633639090479531
3.203168,-0.437585733573145
3.20416,-0.65129151413747
3.205152,-0.499129095889793
3.206144,-0.289241433065215
3.207136,-0.520495823677775
3.208128,-0.519044803092144
3.20912,-0.776608515105991
3.210112,-0.831109023336257
3.211104,-0.768245915384603
3.212096,-0.41614687076764
3.213088,-0.39762145884334
3.21408,-0.440701981678522
3.215072,-0.594540103636293
3.216064,-0.502554446499094
3.217056,-0.800391754988
3.218048,-0.775216606592068
3.21904,-0.945464430280236
3.220032,-0.609917752209602
3.221024,-0.610826487442274
3.222016,-0.515443978789063
3.223008,-0.919081347881568
3.224,-0.374456710950668
3.224992,-0.212278568005891
3.225984,-0.5170805664077
3.226976,-0.504910615114628
3.227968,-0.490057880420698
3.22896,-0.797820560061156
3.229952,-0.616021024571228
3.230944,-0.372856632769289
3.231936,-0.539109391693452
3.232928,-0.207577769342315
3.23392,-0.526291248312221
3.234912,-0.44570288286868
3.235904,-0.583259982388957
3.236896,-0.517007936669909
3.237888,-0.477311361453896
3.23888,-0.367432630708133
3.239872,-0.63359176508541
3.240864,-0.818399182312014
3.241856,-0.730268724739021
3.242848,-0.553824804788142
3.24384,-0.849274764128435
3.244832,-0.518979561540111
3.245824,-0.396425580855092
3.246816,-0.624456880150908
3.247808,-0.077098921494332
3.2488,-0.347719052304588
3.249792,-0.060165716628657
3.250784,-0.227048881516145
3.251776,-0.674136288190412
3.252768,-0.267197535504734
3.25376,-0.148979975549171
3.254752,-0.249871863765882
3.255744,-0.01226558673868
3.256736,0.157431455817639
3.257728,-0.257219238875806
3.25872,-0.196834092695345
3.259712,-0.152227778319244
3.260704,-0.030216405899672
3.261696,-0.258251876589591
3.262688,-0.083008200260044
3.26368,-0.133193251263849
3.264672,-0.373405490629967
3.265664,-0.5011562926401
3.266656,-0.37585179107724
3.267648,-0.071892725002199
3.26864,-0.048642355682822
3.269632,-0.222024420549714
3.270624,0.087912262126663
3.271616,-0.092603518311508
3.272608,-0.2770918910338
3.2736,0.209401551138076
3.274592,0.173281985795999
3.275584,-0.378775763399869
3.276576,-0.12763983637872
3.277568,-0.137439796178473
3.27856,-0.071317943521854
3.279552,-0.092286363304276
3.280544,-0.125666678888667
3.281536,-0.359824449375684
3.282528,-0.31830778126569
3.28352,-0.196892695119593
3.284512,0.044925050291708
3.285504,-0.019486023310439
3.286496,0.112941172854696
3.287488,0.094200737636251
3.28848,0.175587403387835
3.289472,0.090507433951994
3.290464,0.359055270323656
3.291456,0.004030573186652
3.292448,0.340650697133511
3.29344,0.127856023935222
3.294432,-0.071112329255727
3.295424,0.133805439730131
3.296416,0.202295846670407
3.297408,0.203591367529245
3.2984,0.178626003702632
3.299392,0.402347345432715
3.300384,0.117508928401341
3.301376,-0.009234657508189
3.302368,0.150360222300913
3.30336,0.219193092636269
3.304352,0.588876365277362
3.305344,-0.148466620488422
3.306336,0.209655503010304
3.307328,0.174459957464233
3.30832,0.410856761615283
3.309312,0.18136709481675
3.310304,0.300837718124233
3.311296,0.735220081381498
3.312288,0.524889631478576
3.31328,0.527900613472285
3.314272,0.191774354961612
3.315264,-0.001101307902117
3.316256,0.495340209215925
3.317248,0.40262937961873
3.31824,0.206295286907774
3.319232,0.473268908628426
3.320224,0.188615895588925
3.321216,0.501343227180575
3.322208,0.350480850088201
3.3232,0.138104451469842
3.324192,0.049735308671232
3.325184,0.255027004301943
3.326176,0.348442185959149
3.327168,0.268409941585669
3.32816,0.24465888078907
3.329152,0.371112521578296
3.330144,0.064774840739309
3.331136,0.152362619178371
3.332128,0.216122467371001
3.33312,0.255592898503053
3.334112,0.520010627406884
3.335104,0.278052983457989
3.336096,-0.137090209507114
3.337088,-0.006875460640272
3.33808,-0.0117866072905
3.339072,0.158439782113676
3.340064,0.300333467452127
3.341056,0.279646591519326
3.342048,0.209379428762166
3.34304,0.492029937660289
3.344032,0.386154167139294
3.345024,0.033060816013376
3.346016,0.393735288130855
3.347008,0.025045396320973
3.348,-0.105953476428351
3.348992,0.288818690948654
3.349984,0.0512552436985
3.350976,-0.12642125475949
3.351968,0.088182466316836
3.35296,-0.032416136776364
3.353952,0.120405456161956
3.354944,0.031842665567368
3.355936,0.124317196886251
3.356928,0.141327015167227
3.35792,0.163309149942547
3.358912,-0.065298327522175
3.359904,-0.248512023183298
3.360896,-0.041832649976551
3.361888,0.143834324477081
3.36288,-0.471276642232363
3.363872,-0.326481871291411
3.364864,-0.217767290183436
3.365856,-0.215469924277173
3.366848,-0.08196231007404
3.36784,-0.301307150189289
3.368832,-0.245304541128712
3.369824,-0.227188566273938
3.370816,-0.292055622827801
3.371808,-0.395038165759441
3.3728,-0.319343015735016
3.373792,-0.273085289467501
3.374784,-0.553406995086969
3.375776,-0.615017745114111
3.376768,-0.52631752419362
3.37776,-0.368825888383816
3.378752,-0.319731734805865
3.379744,-0.478398374505461
3.380736,-0.494369933559461
3.381728,-0.874841911115965
3.38272,-0.804399406704618
3.383712,-0.719342806102682
3.384704,-0.661748265887236
3.385696,-0.61547181652449
3.386688,-0.607378385457235
3.38768,-0.654901857940867
3.388672,-0.559304154089955
3.389664,-0.510896800327386
3.390656,-0.838073036138026
3.391648,-0.711062536143209
3.39264,-0.471917587292172
3.393632,-0.848261401711735
3.394624,-0.77536116557547
3.395616,-0.630482691974893
3.396608,-0.704778823333992
3.3976,-0.912401534724242
3.398592,-0.977426465021764
3.399584,-0.950189288194924
3.400576,-0.698395562985871
3.401568,-0.725801903735091
3.40256,-1.02578723900625
3.403552,-0.415951901675549
3.404544,-0.753297849150581
3.405536,-0.538987313178932
3.406528,-0.716474621017621
3.40752,-0.524205036760641
3.408512,-0.620368907359434
3.409504,-0.558993139266136
3.410496,-0.524050575488872
3.411488,-0.494259303636363
3.41248,-0.745806774320154
3.413472,-0.807766681416661
3.414464,-0.560483829106484
3.415456,-0.442904094780562
3.416448,-0.683942640699272
3.41744,-0.637300486530879
3.418432,-0.648852966268199
3.419424,-0.800913947995514
3.420416,-0.714311974796044
3.421408,-0.942352123171255
3.4224,-0.681482727516497
3.423392,-0.754965219236686
3.424384,-0.776278748644978
3.425376,-0.508007187992842
3.426368,-0.906741567059857
3.42736,-0.797951840777167
3.428352,-0.904736259056684
3.429344,-0.709173190761805
3.430336,-0.782369046953632
3.431328,-0.827947085729913
3.43232,-0.686855359605101
3.433312,-0.644368771345531
3.434304,-0.58145516115212
3.435296,-0.494639616083319
3.436288,-0.538242904139566
3.43728,-0.069408822028633
3.438272,-0.257119151120302
3.439264,-0.417059613702163
3.440256,-0.558866246948094
3.441248,-0.565367245939322
3.44224,-0.495130008817023
3.443232,-0.231391410133341
3.444224,-0.10198328128311
3.445216,0.01023123966359
3.446208,-0.236521260017607
3.4472,-0.2651594369361
3.448192,-0.392093759645172
3.449184,-0.212752090115672
3.450176,-0.215628053030511
3.451168,-0.08479469961248
3.45216,-0.195066738054079
3.453152,-0.521979340160825
3.454144,-0.347880148209273
3.455136,-0.200014354714256
3.456128,-0.348641347117652
3.45712,-0.029458131626116
3.458112,-0.160935843658354
3.459104,-0.386745708106661
3.460096,-0.297111077046326
3.461088,0.26035342486991
3.46208,0.043725711589973
3.463072,-0.047478177475846
3.464064,-0.142855576179037
3.465056,0.076929452581709
3.466048,0.043744405566569
3.46704,0.211701048987612
3.468032,-0.030651893682181
3.469024,0.150372078410926
3.470016,0.036150723107032
3.471008,0.025458372088461
3.472,-0.269719223422558
3.472992,-0.272814043173571
3.473984,-0.260366061855417
3.474976,-0.108134624811527
3.475968,-0.052340749748203
3.47696,0.223326400537524
3.477952,0.141154980293476
3.478944,-0.169064660565455
3.479936,0.357087507101906
3.480928,0.139618638400476
3.48192,0.024131526680145
3.482912,-0.096275350881686
3.483904,0.276776421748253
3.484896,-0.117891868529365
3.485888,0.011151455185067
3.48688,0.415507261380874
3.487872,0.19298299466248
3.488864,0.344777303412674
3.489856,0.261191941130524
3.490848,-0.040112322754734
3.49184,0.275085830683026
3.492832,0.245041404992867
3.493824,0.552864311316162
3.494816,0.19470931825888
3.495808,-0.019841148100959
3.4968,0.095253474146057
3.497792,0.02681741765528
3.498784,0.305223585169412
3.499776,-0.02451610851967
3.500768,0.096938006941888
3.50176,0.111373598463864
3.502752,-0.087210045648191
3.503744,-0.1638553748128
3.504736,0.334533080363057
3.505728,-0.27421225431318
3.50672,-0.128680704922466
3.507712,-0.125045598328213
3.508704,0.141729760639717
3.509696,0.33396689438772
3.510688,0.195348196606619
3.51168,0.012879435779055
3.512672,-0.022496532788852
3.513664,-0.056155999046326
3.514656,-0.1640753518886
3.515648,0.1593576554
3.51664,-0.007401950483368
3.517632,0.055381277466034
3.518624,-0.327243837342366
3.519616,0.108086298001949
3.520608,-0.254607734181134
3.5216,0.101208430230877
3.522592,-0.024717852371429
3.523584,-0.07233316122397
3.524576,-0.165290947042818
3.525568,-0.052638206516872
3.52656,-0.129285701900372
3.527552,-0.116225371116602
3.528544,-0.119672995068751
3.529536,-0.125130257351833
3.530528,-0.378120085105195
3.53152,-0.061783297707422
3.532512,-0.13387695812937
3.533504,-0.052187385139943
3.534496,-0.381336758502954
3.535488,-0.326526263023224
3.53648,-0.102964353335133
3.537472,-0.236036437019597
3.538464,-0.434822827740675
3.539456,-0.344987158500533
3.540448,-0.22254482909614
3.54144,-0.12554353802844
3.542432,-0.262098956824605
3.543424,-0.370670743317722
3.544416,-0.416543345286377
3.545408,-0.502943427066073
3.5464,-0.46061480383589
3.547392,-0.497015885878354
3.548384,-0.215209392056962
3.549376,-0.452633241789794
3.550368,-0.546370209977878
3.55136,-0.430940377412828
3.552352,-0.574104226726397
3.553344,-0.693395663241066
3.554336,-0.524806790790057
3.555328,-0.577869167620218
3.55632,-0.523727404356528
3.557312,-0.895278367790622
3.558304,-0.793866077211892
3.559296,-0.478981080439439
3.560288,-0.684071759864275
3.56128,-0.706380531727955
3.562272,-1.05573635066758
3.563264,-0.892215963179527
3.564256,-0.631829950254142
3.565248,-0.67972374434304
3.56624,-0.615514548705763
3.567232,-0.77147358283055
3.568224,-1.03849668283764
3.569216,-0.586173064483421
3.570208,-0.946940167304594
3.5712,-0.821723514096221
3.572192,-1.18381076639836
3.573184,-1.14491105835149
3.574176,-0.909323274141896
3.575168,-0.931625129715526
3.57616,-1.07709415684071
3.577152,-0.751232096588103
3.578144,-0.961252259860565
3.579136,-0.940826566029148
3.580128,-1.12243277426171
3.58112,-1.04923343820849
3.582112,-0.793158958132822
3.583104,-1.2065114967545
3.584096,-0.975789116609801
3.585088,-0.804353483320311
3.58608,-0.836156056891518
3.587072,-1.13180649563789
3.588064,-0.929964120382077
3.589056,-0.784319183213831
3.590048,-0.917745925186279
3.59104,-0.872563520390808
3.592032,-1.20144043964694
3.593024,-1.12320596738263
3.594016,-0.927802114482555
3.595008,-0.945879782205076
3.596,-1.06571467336913
3.596992,-1.09413966691233
3.597984,-0.865990639517831
3.598976,-1.00186987170115
3.599968,-1.03736386052511
3.60096,-0.98139839771156
3.601952,-1.02314118615492
3.602944,-0.867919060266076
3.603936,-1.08851862217564
3.604928,-1.05828618679511
3.60592,-0.85114806161481
3.606912,-1.28621950390796
3.607904,-0.942916508326096
3.608896,-1.16733859129514
3.609888,-0.830933671943216
3.61088,-0.885456003143385
3.611872,-0.904686711403367
3.612864,-1.03679406187524
3.613856,-0.857715863359888
3.614848,-0.756990677686158
3.61584,-0.719607747652946
3.616832,-0.694190132685317
3.617824,-0.970200243816063
3.618816,-1.05096016638853
3.619808,-0.977844756306821
3.6208,-1.08737278482611
3.621792,-0.841637844644684
3.622784,-0.963946297099684
3.623776,-1.07152709980286
3.624768,-0.848186196427179
3.62576,-0.920220621180078
3.626752,-1.08361452647396
3.627744,-0.96577933964105
3.628736,-0.67609291941368
3.629728,-0.827019556016155
3.63072,-0.801270641598806
3.631712,-0.933132057450879
3.632704,-0.588653914537641
3.633696,-0.674994788113641
3.634688,-0.838989387771302
3.63568,-0.89468446374003
3.636672,-0.691070313026405
3.637664,-1.00369965061917
3.638656,-0.6677556090792
3.639648,-0.601995145272977
3.64064,-0.708564348538339
3.641632,-0.428213117536381
3.642624,-0.635593848376511
3.643616,-0.863469309515589
3.644608,-0.726740721063522
3.6456,-0.702939134191977
3.646592,-0.620895116518245
3.647584,-0.569990043390747
3.648576,-0.331504786309826
3.649568,-0.677763528523987
3.65056,-0.607000143235936
3.651552,-0.454089498808171
3.652544,-0.361025215139817
3.653536,-0.318871847276487
3.654528,-0.518163364115218
3.65552,-0.248458598978649
3.656512,-0.11772772355583
3.657504,-0.167383683972947
3.658496,0.039617781562308
3.659488,-0.101878650957578
3.66048,-0.208480245445361
3.661472,-0.047657592194108
3.662464,-0.22464443340722
3.663456,-0.307443979040985
3.664448,-0.09785866443372
3.66544,-0.09381035555308
3.666432,0.04147281135632
3.667424,-0.127351345566936
3.668416,-0.043733592088389
3.669408,-0.31032362764345
3.6704,-0.428305919502397
3.671392,-0.062457627546888
3.672384,-0.002827001953733
3.673376,-0.159494539700169
3.674368,0.000642579534842
3.67536,-0.050887816266414
3.676352,0.108999157483995
3.677344,-0.23560573210829
3.678336,0.010799222894958
3.679328,0.289112350206983
3.68032,0.368087285436952
3.681312,0.314502353026964
3.682304,0.046357266126968
3.683296,0.282322093971056
3.684288,0.183556012439345
3.68528,0.309959552239986
3.686272,0.173006435097684
3.687264,0.153997259079207
3.688256,0.493228254622204
3.689248,0.300944391865442
3.69024,-0.053436150957048
3.691232,0.053891113962802
3.692224,0.456890043801327
3.693216,0.289490203743983
3.694208,0.224847982690258
3.6952,-0.251631950923072
3.696192,0.09760837065469
3.697184,0.294706906215643
3.698176,0.109793303714753
3.699168,0.140484334463031
3.70016,0.014989444090204
3.701152,0.204785501118426
3.702144,0.399637414012143
3.703136,0.177157275112989
3.704128,0.398436143023695
3.70512,0.065860198966885
3.706112,0.235203865516288
3.707104,0.246833365547059
3.708096,-0.013111669044975
3.709088,0.355366080662493
3.71008,0.471431772552367
3.711072,0.3899723233479
3.712064,-0.2791770727327
3.713056,-0.258440140619561
3.714048,-0.028357295598797
3.71504,0.029768406285839
3.716032,-0.108039786446907
3.717024,0.053585716978397
3.718016,0.228250796123244
3.719008,-0.101177053502297
3.72,0.183706691944969
3.720992,0.155429081092862
3.721984,-0.180406560085175
3.722976,-0.016337312526172
3.723968,-0.326457760102553
3.72496,-0.067738310798231
3.725952,-0.064936057532279
3.726944,-0.065636843675466
3.727936,-0.19861716102722
3.728928,-0.167816788699148
3.72992,-0.182700209030339
3.730912,0.050708583429646
3.731904,-0.23153389455012
3.732896,-0.197690500351604
3.733888,-0.28514374950109
3.73488,-0.054428232611861
3.735872,-0.267172372965566
3.736864,-0.319110422645811
3.737856,-0.405538770774692
3.738848,-0.259611770560199
3.73984,-0.568565993140487
3.740832,-0.468767869582732
3.741824,-0.467882656583919
3.742816,-0.627529850259804
3.743808,-0.303751784873467
3.7448,-0.196767541122447
3.745792,0.011105165969294
3.746784,-0.352842355288327
3.747776,-0.518690815255315
3.748768,-0.602550964996476
3.74976,-0.396628038584464
3.750752,-0.456949756253876
3.751744,-0.454068149732627
3.752736,-0.523086933666807
3.753728,-0.302496702774199
3.75472,-0.296998056922089
3.755712,-0.307340410691133
3.756704,-0.724882585632459
3.757696,-0.86147801859445
3.758688,-0.561477146922371
3.75968,-0.676549122586196
3.760672,-0.789087504672075
3.761664,-0.466162175895362
3.762656,-0.803973098680444
3.763648,-0.769194372109183
3.76464,-0.788587913180211
3.765632,-0.96313672198925
3.766624,-0.864501481750774
3.767616,-0.997800062642116
3.768608,-0.963620127744632
3.7696,-0.82814145787893
3.770592,-0.784047862991971
3.771584,-1.07417406153297
3.772576,-1.08601778340695
3.773568,-1.09295202864148
3.77456,-0.850320001769544
3.775552,-1.07688807964506
3.776544,-1.19729834091769
3.777536,-0.978465193813354
3.778528,-0.848033585430582
3.77952,-1.25327590320017
3.780512,-0.954838377355678
3.781504,-1.12859267347004
3.782496,-1.06117607951085
3.783488,-1.42982217432102
3.78448,-1.36161508114513
3.785472,-1.33211148794741
3.786464,-1.24249109452587
3.787456,-0.952408238950007
3.788448,-1.22421179069491
3.78944,-0.922524747270151
3.790432,-0.853178253755495
3.791424,-1.16631516039686
3.792416,-1.04471772846345
3.793408,-0.929637507891557
3.7944,-0.917070216563945
3.795392,-1.24667512307492
3.796384,-0.976677449053864
3.797376,-0.738317262631269
3.798368,-1.15783946452104
3.79936,-1.12638144798978
3.800352,-1.32892014547127
3.801344,-1.13534485937796
3.802336,-1.22657663014699
3.803328,-1.10720777559659
3.80432,-1.38272515686594
3.805312,-0.991801617475699
3.806304,-1.36240380033071
3.807296,-0.835023907077074
3.808288,-1.25698122079039
3.80928,-1.20578892404018
3.810272,-1.137275061253
3.811264,-1.0812608880466
3.812256,-1.12754436647784
3.813248,-1.23529505852781
3.81424,-1.07484268771151
3.815232,-0.750502266109002
3.816224,-0.887194366920791
3.817216,-0.860582745567712
3.818208,-0.858964828955192
3.8192,-0.95556278951484
3.820192,-1.26602354931427
3.821184,-1.339064409297
3.822176,-0.886960635458827
3.823168,-0.791334029309618
3.82416,-0.711005229548309
3.825152,-0.733602978914409
3.826144,-0.666258391774361
3.827136,-0.875569626820279
3.828128,-0.764359561329794
3.82912,-1.02193940181757
3.830112,-0.919400087242697
3.831104,-1.22471989357679
3.832096,-0.936716194807114
3.833088,-1.14437991644152
3.83408,-0.723010505050063
3.835072,-0.694991646740713
3.836064,-0.47975022925969
3.837056,-0.621565136723629
3.838048,-0.927658983380586
3.83904,-0.865894082867269
3.840032,-0.554059863476604
3.841024,-0.524442102524869
3.842016,-0.614236684681295
3.843008,-0.612408574053074
3.844,-0.874024332763634
3.844992,-0.776589297647048
3.845984,-0.350151084303683
3.846976,-0.625980432608967
3.847968,-0.547703739924449
3.84896,-0.363723953443976
3.849952,-0.594855528284592
3.850944,-0.36335580557047
3.851936,-0.15206641007643
3.852928,-0.870544109844873
3.85392,-0.455648428272241
3.854912,-0.423127394201381
3.855904,-0.517186241720947
3.856896,-0.125820800845622
3.857888,-0.38594019878004
3.85888,-0.380023041379725
3.859872,-0.544429791125399
3.860864,-0.792632571471719
3.861856,-0.415409899737313
3.862848,-0.071235389603475
3.86384,-0.024802087225562
3.864832,-0.569532887866367
3.865824,-0.54661216108285
3.866816,-0.57801581917368
3.867808,-0.18983475568973
3.8688,-0.307382088698736
3.869792,-0.211083685928058
3.870784,-0.197914502605776
3.871776,-0.464318565781542
3.872768,-0.240825637782379
3.87376,0.077263492690911
3.874752,0.103010045189766
3.875744,-0.049469236044082
3.876736,0.078724569124859
3.877728,0.063947164991719
3.87872,-0.121416985807217
3.879712,-0.158189406161002
3.880704,-0.054975586973126
3.881696,0.117703920808618
3.882688,0.216439964617062
3.88368,0.365323114708747
3.884672,0.103300252121241
3.885664,-0.067971533624281
3.886656,0.042849390579866
3.887648,-0.006266932533527
3.88864,0.257668635297738
3.889632,0.505112245549065
3.890624,0.284476749759566
3.891616,0.134014403756741
3.892608,0.113467411638642
3.8936,0.041182745599751
3.894592,0.073554728549848
3.895584,0.49644230564433
3.896576,-0.058813319638036
3.897568,0.18294467746406
3.89856,0.08430366541686
3.899552,-0.088172628213321
3.900544,0.19838265177495
3.901536,0.212181911538483
3.902528,0.07213104793544
3.90352,0.057769983531351
3.904512,0.155541876281249
3.905504,-0.214407606781124
3.906496,0.383788678979135
3.907488,0.036463635498736
3.90848,0.544317854425325
3.909472,0.404468770579207
3.910464,0.472593010838426
3.911456,0.156142246954136
3.912448,0.261009353322266
3.91344,0.074259343210774
3.914432,0.1146482796331
3.915424,0.185465964349525
3.916416,-0.208601961838797
3.917408,0.002828018714634
3.9184,0.160346172821701
3.919392,0.191678666678676
3.920384,0.047894107437381
3.921376,0.011474454633047
3.922368,0.241418504255723
3.92336,-0.085892676966948
3.924352,-0.034816940484624
3.925344,-0.315376561673682
3.926336,-0.093643977017363
3.927328,0.057201050190187
3.92832,-0.254325331427358
3.929312,-0.071198883512303
3.930304,-0.338029771157613
3.931296,-0.111398999821744
3.932288,-0.285093527425774
3.93328,-0.252263923364972
3.934272,-0.29758690251168
3.935264,-0.305641218796886
3.936256,0.089417781317542
3.937248,0.14426901018311
3.93824,-0.084513181547858
3.939232,0.065599054859357
3.940224,-0.457453190220935
3.941216,-0.247359882630215
3.942208,-0.45291478684277
3.9432,-0.293864065223807
3.944192,-0.460938013319255
3.945184,-0.439016773095857
3.946176,-0.281946153484776
3.947168,-0.317209792576103
3.94816,-0.209456179346813
3.949152,-0.51247580479032
3.950144,-0.678996582908391
3.951136,-0.560664657788475
3.952128,-0.399057635398464
3.95312,-0.496904634441788
3.954112,-0.59712229549462
3.955104,-0.546932730505638
3.956096,-0.558527777293958
3.957088,-0.533885287704859
3.95808,-1.00291199958319
3.959072,-0.598011849732663
3.960064,-0.776517712045263
3.961056,-0.268219467147999
3.962048,-0.489604822843287
3.96304,-0.522269830928518
3.964032,-0.49188649418241
3.965024,-0.4553324895515
3.966016,-0.505580901526784
3.967008,-0.49380482547058
3.968,-0.621118689976405
3.968992,-0.803076013646833
3.969984,-0.809881207920394
3.970976,-0.638874137003679
3.971968,-0.600892612262242
3.97296,-0.756699488224444
3.973952,-0.855387348045275
3.974944,-0.609865754687624
3.975936,-0.738936742122078
3.976928,-0.777277823303704
3.97792,-0.723992981452347
3.978912,-0.675083595969447
3.979904,-0.709365047635694
3.980896,-0.654362576723348
3.981888,-0.689199103928607
3.98288,-0.655390168677994
3.983872,-0.593918743226531
3.984864,-0.552338554545038
3.985856,-0.58392211017864
3.986848,-0.558750794463448
3.98784,-0.7420940239234
3.988832,-0.88884993338173
3.989824,-0.613717097478514
3.990816,-0.684441644288476
3.991808,-0.581932357027718
3.9928,-0.910952980120474
3.993792,-0.70315839599636
3.994784,-0.796433916602093
3.995776,-0.669356405238503
3.996768,-0.651046971906346
3.99776,-0.823861909154199
3.998752,-0.487592370242262
3.999744,-0.413625082552005
4.000736,-0.855608506147088
4.001728,-0.766391236475091
4.00272,-0.316006264163919
4.003712,-0.562614053717699
4.004704,-0.77025628321967
4.005696,-0.628183106765146
4.006688,-0.651062123558084
4.00768,-0.472176003755373
4.008672,-0.296435628269728
4.009664,-0.555883182535532
4.010656,-0.549447744444463
4.011648,-0.635766900213866
4.01264,-0.449330414364599
4.013632,-0.459419087194103
4.014624,-0.669425281140544
4.015616,-0.307910408934374
4.016608,-0.2001156956193
4.0176,-0.285780610590399
4.018592,-0.419432196023268
4.019584,-0.585385279470239
4.020576,-0.414197881460768
4.021568,-0.366989585880299
4.02256,-0.25894415138825
4.023552,-0.402833951723882
4.024544,-0.527045667249053
4.025536,-0.263825398203991
4.026528,0.000625806433133
4.02752,-0.061546444618621
4.028512,-0.117427152014174
4.029504,-0.31879477510234
4.030496,-0.123009621814656
4.031488,-0.060891772483525
4.03248,-0.215875282727437
4.033472,0.183455384718416
4.034464,-0.170800151483921
4.035456,-0.130400553444772
4.036448,-0.326393775894568
4.03744,0.062019018807245
4.038432,-0.036755090833888
4.039424,-0.248774916456888
4.040416,-0.218556104547171
4.041408,0.292862538870452
4.0424,0.293450522766787
4.043392,0.315217837207036
4.044384,0.137120703495368
4.045376,-0.11036672627619
4.046368,0.02153162693821
4.04736,-0.102220043704723
4.048352,0.276292219458872
4.049344,0.017711920028884
4.050336,0.463356347763685
4.051328,0.092239829815802
4.05232,-0.089359778633825
4.053312,-0.043083713014543
4.054304,0.109941445383495
4.055296,0.144669987926578
4.056288,0.13977461842745
4.05728,-0.028562905130134
4.058272,0.166903482795047
4.059264,0.268549180639418
4.060256,0.032526873723252
4.061248,0.286156209533399
4.06224,0.161082504856521
4.063232,0.285870577667036
4.064224,0.004536102956996
4.065216,0.195160992161268
4.066208,0.452653033039736
4.0672,-0.030597907745873
4.068192,0.441662769422958
4.069184,0.270388319867247
4.070176,0.371981095186789
4.071168,0.626009519815531
4.07216,0.579046600748034
4.073152,0.519454035241421
4.074144,0.272606004363188
4.075136,0.401800116185375
4.076128,0.549308695176422
4.07712,0.272060334438023
4.078112,0.367029989351889
4.079104,0.242354585633352
4.080096,0.186473846319988
4.081088,0.651530152582378
4.08208,0.329735859311018
4.083072,0.277398785886662
4.084064,0.576889688001053
4.085056,0.074387676125963
4.086048,0.249354369616503
4.08704,0.25931645171838
4.088032,0.682986439105023
4.089024,0.623810018573798
4.090016,0.361385134118987
4.091008,0.64174493403178
4.092,0.4699139235469
4.092992,0.495483983124248
4.093984,0.32792282382539
4.094976,0.651601970247383
4.095968,0.529657605047114
4.09696,0.620999591716631
4.097952,0.529369032027735
4.098944,0.258795154425179
4.099936,0.118229387655769
4.100928,0.366862790832193
4.10192,0.64585640131891
4.102912,0.41349895039944
4.103904,0.631806936293751
4.104896,0.457441358794757
4.105888,0.545710836632688
4.10688,0.222207376424379
4.107872,0.402685705674903
4.108864,0.509056023951868
4.109856,0.644196041198244
4.110848,0.335480630776512
4.11184,0.851568197208982
4.112832,0.12835023921546
4.113824,0.793199932550871
4.114816,0.558680805527029
4.115808,0.371808673798538
4.1168,0.3811569586971
4.117792,0.381773718095777
4.118784,0.638485908863211
4.119776,0.593224851168558
4.120768,0.47066529757804
4.12176,0.64868994586668
4.122752,0.30710905799105
4.123744,0.229020465858278
4.124736,0.467833119318686
4.125728,0.161900165631811
4.12672,0.331997200925707
4.127712,0.210942708079789
4.128704,0.166634679798506
4.129696,0.39063921454819
4.130688,-0.03392430449559
4.13168,0.074820500551469
4.132672,0.170008745439335
4.133664,-0.14737896805776
4.134656,0.12337034306031
4.135648,0.153339373647187
4.13664,0.215008460177241
4.137632,-0.174442895226496
4.138624,0.294982781600738
4.139616,0.545455890687725
4.140608,0.156674161685864
4.1416,0.06546617043921
4.142592,0.141310483820977
4.143584,0.016092637429266
4.144576,-0.162854813343426
4.145568,-0.119043852007986
4.14656,0.053479596123508
4.147552,0.022244090652499
4.148544,0.082419584365924
4.149536,-0.057299656260361
4.150528,-0.099513927087885
4.15152,0.007337933177739
4.152512,-0.015424160449443
4.153504,-0.241722951603102
4.154496,0.05065822099865
4.155488,0.061003643953333
4.15648,-0.20655846323774
4.157472,-0.517825881841036
4.158464,-0.314088152878183
4.159456,-0.390380580762835
4.160448,-0.551755479878166
4.16144,0.040319629930191
4.162432,-0.364981023986166
4.163424,-0.427177235589326
4.164416,-0.38849252352323
4.165408,-0.474796666795748
4.1664,-0.383573335864392
4.167392,-0.766034082171125
4.168384,-0.585368715027948
4.169376,-0.537525910689814
4.170368,-0.684418914176052
4.17136,-0.692499354937039
4.172352,-0.35543530538961
4.173344,-0.505467434797539
4.174336,-0.79714996407941
4.175328,-0.724001198815007
4.17632,-0.633720075234195
4.177312,-0.595446391201266
4.178304,-0.418866541736253
4.179296,-0.230880014850516
4.180288,-0.167965635876112
4.18128,-0.652740803870475
4.182272,-0.415595858624585
4.183264,-0.57200392819043
4.184256,-0.360602890452889
4.185248,-0.569246412279692
4.18624,-0.625792931570072
4.187232,-0.383601833211819
4.188224,-0.36793819825574
4.189216,-0.3896726263009
4.190208,-0.473954336236507
4.1912,-0.538257769982772
4.192192,-0.403928847190055
4.193184,-0.597798020725663
4.194176,-0.260841652771794
4.195168,-0.366137755596403
4.19616,-0.315777213485842
4.197152,-0.615920839007218
4.198144,-0.671259588127844
4.199136,-0.640577654173832
4.200128,-0.359434983689296
4.20112,-0.459419691487704
4.202112,-0.483221892511066
4.203104,-0.528534972268106
4.204096,-0.322193352051252
4.205088,-0.245588927235075
4.20608,-0.278860602801772
4.207072,-0.18270728032904
4.208064,-0.191784336727797
4.209056,0.012580735513209
4.210048,-0.354449005239814
4.21104,-0.095402769792825
4.212032,-0.332298559794129
4.213024,0.320619306641483
4.214016,-0.053029070530998
4.215008,-0.207494891839849
4.216,-0.267651584107823
4.216992,-0.31836695071243
4.217984,-0.093744562508182
4.218976,-0.006009591663375
4.219968,0.00784175533676
4.22096,-0.038748684629231
4.221952,0.187833810396458
4.222944,-0.163377101432592
4.223936,-0.061529150318087
4.224928,-0.018097197625258
4.22592,-0.066551733710736
4.226912,-0.073495360917231
4.227904,0.142770547744416
4.228896,0.054671208429812
4.229888,-0.293518416215687
4.23088,-0.186594495513998
4.231872,0.12064934232588
4.232864,0.164822632034778
4.233856,0.259536650397667
4.234848,-0.236257679659812
4.23584,0.186244616090413
4.236832,0.443738638504103
4.237824,0.156336147953711
4.238816,0.21971750958032
4.239808,0.179295754940478
4.2408,0.02997835201171
4.241792,0.06740350423787
4.242784,0.409666032866124
4.243776,0.185830828878219
4.244768,0.254993904279533
4.24576,0.422263485416497
4.246752,0.039997602538419
4.247744,0.254666783136778
4.248736,0.197343498501717
4.249728,0.207388338180658
4.25072,-0.06905886187349
4.251712,0.327904889696306
4.252704,0.267093917913133
4.253696,0.231999850196058
4.254688,0.713199054084499
4.25568,0.373569243824044
4.256672,0.426162948484824
4.257664,0.373720938252942
4.258656,0.823993392632312
4.259648,0.466141500842328
4.26064,0.492059165901087
4.261632,0.504415025085379
4.262624,0.369306009927278
4.263616,0.481403130850888
4.264608,0.493489249740304
4.2656,0.469347930971039
4.266592,0.583581839519752
4.267584,0.58770745923714
4.268576,0.201705161378807
4.269568,0.460315771992754
4.27056,0.420273021295568
4.271552,0.62432839310475
4.272544,0.394765282715106
4.273536,0.490462268157668
4.274528,0.51155779500672
4.27552,0.295105756126829
4.276512,-0.01608169069853
4.277504,0.560536733791656
4.278496,0.39209752380134
4.279488,0.612406751400747
4.28048,0.593339716075594
4.281472,0.531270852004131
4.282464,0.903455317121592
4.283456,0.521834465355006
4.284448,0.429124629353615
4.28544,0.266604272982797
4.286432,0.267295449912307
4.287424,0.586784994279025
4.288416,0.820346330298278
4.289408,0.876124287456143
4.2904,0.700236760234915
4.291392,0.825431423433006
4.292384,0.783452070545042
4.293376,0.528563916535839
4.294368,0.659020047356058
4.29536,0.763472093220087
4.296352,0.785587639544546
4.297344,0.669277533965078
4.298336,0.718364880991912
4.299328,0.967695369984965
4.30032,0.852339479213925
4.301312,0.336662270186522
4.302304,0.462542439323059
4.303296,0.641068543296212
4.304288,0.738063923196384
4.30528,0.71679034398521
4.306272,0.810079626313467
4.307264,0.426897645662185
4.308256,0.660827299438141
4.309248,0.585442176460393
4.31024,0.474332286498181
4.311232,0.464310172765751
4.312224,0.724509351592433
4.313216,0.615361140458074
4.314208,0.486180165455297
4.3152,0.495180497911025
4.316192,0.499887221060155
4.317184,0.353562492880318
4.318176,0.597125300634419
4.319168,0.396508172909456
4.32016,0.493278535684001
4.321152,0.253648798538413
4.322144,0.312825800923315
4.323136,0.359104657559024
4.324128,0.323698968924407
4.32512,0.304232983443404
4.326112,-0.145235050024851
4.327104,0.177600069371028
4.328096,0.079310311782101
4.329088,0.508303564972511
4.33008,0.178367371905835
4.331072,0.185804062184001
4.332064,0.19511507955519
4.333056,0.034561171788651
4.334048,0.073112217091826
4.33504,0.043767615651017
4.336032,0.041289091634788
4.337024,-0.314638569622481
4.338016,-0.161851153214688
4.339008,-0.282439804868057
4.34,0.026982448561165
4.340992,-0.238080400020834
4.341984,-0.063804544799948
4.342976,-0.09048312466952
4.343968,-0.181935952230589
4.34496,-0.179876058280912
4.345952,-0.520518331434963
4.346944,0.010146675970453
4.347936,-0.371491670815611
4.348928,-0.180631120090213
4.34992,-0.118117016982578
4.350912,-0.647725693435535
4.351904,-0.347041144573495
4.352896,-0.301332383977138
4.353888,-0.548926273931737
4.35488,-0.263619114973628
4.355872,-0.42204858828141
4.356864,-0.387349738107214
4.357856,-0.339632982862789
4.358848,-0.185592647829701
4.35984,-0.443935553464962
4.360832,-0.400951537130548
4.361824,-0.515468529100108
4.362816,-0.611832663620235
4.363808,-0.465329387727714
4.3648,-0.352505454405632
4.365792,-0.325658910865911
4.366784,-0.666156766595371
4.367776,-0.534837346316909
4.368768,-0.200590077179073
4.36976,-0.508635445531087
4.370752,-0.791942398786392
4.371744,-0.45264015529141
4.372736,-0.368920304094297
4.373728,-0.572568154114452
4.37472,-0.482619184368084
4.375712,-0.399555201762698
4.376704,-0.281982347943526
4.377696,-0.743116384938779
4.378688,-0.39817555940383
4.37968,-0.428558801179691
4.380672,-0.302787827828624
4.381664,-0.204600445953058
4.382656,-0.49113396000717
4.383648,-0.389650636276234
4.38464,-0.677490945988313
4.385632,-0.279062508681188
4.386624,-0.428363433428957
4.387616,-0.369030037925707
4.388608,-0.434863530755555
4.3896,-0.469970464125836
4.390592,-0.5027415841461
4.391584,-0.411477432589037
4.392576,-0.646093601572792
4.393568,-0.640926153178488
4.39456,-0.466886370428828
4.395552,-0.382755048168556
4.396544,-0.512480463669911
4.397536,-0.772323445050134
4.398528,-0.920662596016233
4.39952,-0.354801189251718
4.400512,-0.903780578603886
4.401504,-0.543150788957796
4.402496,-0.747813515356962
4.403488,-0.552759167118014
4.40448,-0.412978316378926
4.405472,-0.54652831171751
4.406464,-0.285681045280813
4.407456,-0.406705197966475
4.408448,-0.486050567886382
4.40944,-0.342694884109627
4.410432,-0.340556937937421
4.411424,-0.47522095504388
4.412416,-0.504190050850099
4.413408,-0.424551844702455
4.4144,-0.49777622340988
4.415392,-0.534607671692444
4.416384,-0.228910604179426
4.417376,0.095711362719913
4.418368,-0.214617642155285
4.41936,-0.332658577055553
4.420352,-0.223974757080797
4.421344,-0.226521804940975
4.422336,-0.440890478824939
4.423328,-0.217220516489071
4.42432,-0.143089041953694
4.425312,-0.445291683575879
4.426304,-0.461735430848371
4.427296,-0.157072035628335
4.428288,-0.168691137901797
4.42928,-0.213224313681638
4.430272,0.049347015843763
4.431264,-0.331259838853736
4.432256,-0.175907695602167
4.433248,-0.145546873168479
4.43424,-0.121852262341638
4.435232,-0.1186225063288
4.436224,-0.225062665544282
4.437216,0.18782524765533
4.438208,0.075587369727633
4.4392,-0.12841916262705
4.440192,-0.114857541834931
4.441184,-0.067888174336201
4.442176,-0.244765236051443
4.443168,-0.199190488403565
4.44416,-0.163613584304056
4.445152,-0.018901280039268
4.446144,-0.150907319653138
4.447136,0.056083593060977
4.448128,0.056534509872785
4.44912,0.072951493114588
4.450112,-0.124293407783138
4.451104,-0.08567823246719
4.452096,0.067921838354273
4.453088,-0.109270382398724
4.45408,0.036154513834519
4.455072,0.095740490884725
4.456064,-0.012310493158302
4.457056,-0.054242671113255
4.458048,0.097198401358802
4.45904,-0.207751882947782
4.460032,-0.251054835593921
4.461024,-0.026454874719641
4.462016,0.046346272911857
4.463008,-0.008514684371718
4.464,0.128924528216113
4.464992,-0.198221779610577
4.465984,0.129931800853823
4.466976,0.437494169045542
4.467968,0.434594123661294
4.46896,0.209797801225304
4.469952,-0.043639430677858
4.470944,-0.136309021937697
4.471936,-0.106162777721362
4.472928,0.03906695257524
4.47392,0.302573052734884
4.474912,0.308171767927417
4.475904,0.290559341719627
4.476896,0.288217167835201
4.477888,-0.089127827040302
4.47888,-0.029744848057995
4.479872,0.096300292069566
4.480864,0.379615721916023
4.481856,0.163791569151114
4.482848,-0.074566732334874
4.48384,0.238455869455163
4.484832,0.233616817095117
4.485824,0.305605818034234
4.486816,0.269816467464707
4.487808,0.252764550670558
4.4888,0.284489707724845
4.489792,-0.086611162254225
4.490784,0.105818142158256
4.491776,0.020812702215794
4.492768,0.097563502403017
4.49376,0.052058041456796
4.494752,0.12615140679759
4.495744,-0.19780347129582
4.496736,-0.049048336247088
4.497728,-0.152952817294338
4.49872,-0.232587181624597
4.499712,0.041712044965439
4.500704,0.048250495622891
4.501696,0.116195769532281
4.502688,-0.025588679962078
4.50368,-0.134670265543949
4.504672,0.033135507374645
4.505664,-0.271078280162415
4.506656,-0.278665186156994
4.507648,-0.105131879272763
4.50864,-0.197991796495129
4.509632,-0.197177543455673
4.510624,-0.250061073261087
4.511616,-0.086657761546499
4.512608,-0.404074261925018
4.5136,-0.181508785958959
4.514592,-0.221563701938844
4.515584,-0.264065365383794
4.516576,-0.429907099976988
4.517568,-0.517478134763606
4.51856,-0.653368394919116
4.519552,-0.754889558822967
4.520544,-0.484400882900839
4.521536,-0.004699445846437
4.522528,-0.381222234740989
4.52352,-0.393222476200892
4.524512,-0.70558553870479
4.525504,-0.357418875963857
4.526496,-0.629371724862844
4.527488,-0.545572205117009
4.52848,-0.38693450662705
4.529472,-0.455687440649118
4.530464,-0.903518455340414
4.531456,-0.451728057543302
4.532448,-0.589211969341781
4.53344,-0.42773892576947
4.534432,-0.74562469056131
4.535424,-0.748066714769127
4.536416,-0.489301901279524
4.537408,-0.308941221846465
4.5384,-0.586205217552088
4.539392,-0.599322688477259
4.540384,-0.428560502738893
4.541376,-0.829188315232387
4.542368,-0.729082711313095
4.54336,-0.918913932181533
4.544352,-0.633849731703371
4.545344,-0.670822846181685
4.546336,-0.892141664562426
4.547328,-0.624833279897294
4.54832,-1.00579705402
4.549312,-0.598958879955668
4.550304,-0.809937032441686
4.551296,-0.653140779429138
4.552288,-0.555464062184246
4.55328,-1.04904489202275
4.554272,-1.07192803264166
4.555264,-1.10479751720736
4.556256,-0.712150609680642
4.557248,-1.18688714754791
4.55824,-0.948765957862322
4.559232,-0.972750588186945
4.560224,-0.883834317504612
4.561216,-0.730274140569709
4.562208,-0.710595401550136
4.5632,-0.945366442604576
4.564192,-0.994568857156875
4.565184,-1.0453747523249
4.566176,-0.886838274991247
4.567168,-0.923525986538095
4.56816,-1.06448395264619
4.569152,-0.884485475556514
4.570144,-0.82910291459051
4.571136,-0.797975114665828
4.572128,-1.11142252022393
4.57312,-1.22356865421321
4.574112,-0.961253836210348
4.575104,-0.835446363037268
4.576096,-0.902028852728727
4.577088,-1.17481976180458
4.57808,-1.20452380965046
4.579072,-0.734744074952193
4.580064,-1.13275179295611
4.581056,-0.784493994106203
4.582048,-0.99691903373955
4.58304,-0.939522151884976
4.584032,-1.25698415232292
4.585024,-1.15374738319853
4.586016,-1.05835680296269
4.587008,-1.02969640334148
4.588,-0.942169582672153
4.588992,-1.19194152008495
4.589984,-0.845247674523207
4.590976,-1.07512492667634
4.591968,-1.14288542207071
4.59296,-0.784286583456961
4.593952,-0.541225747233095
4.594944,-1.01355259393947
4.595936,-1.11313172948446
4.596928,-1.15414150231394
4.59792,-0.912209304623639
4.598912,-1.25127245083498
4.599904,-0.664821439571082
4.600896,-0.758999497193114
4.601888,-0.920038720043973
4.60288,-0.794327641506131
4.603872,-0.747201872830075
4.604864,-0.742175099224815
4.605856,-0.812837004853324
4.606848,-0.655935875670256
4.60784,-0.678770738366844
4.608832,-0.529763138150383
4.609824,-0.451972569645612
4.610816,-0.459098599167993
4.611808,-0.596975602808804
4.6128,-0.515749930779383
4.613792,-0.29722629200238
4.614784,-0.598684098380105
4.615776,-0.305299360569083
4.616768,-0.588421826357647
4.61776,-0.352248241940507
4.618752,-0.308581758002075
4.619744,-0.321175024270082
4.620736,-0.488716456392687
4.621728,-0.339525179502061
4.62272,-0.180732495163279
4.623712,-0.474744811978225
4.624704,-0.367697333518114
4.625696,0.091496586765027
4.626688,-0.28996791491533
4.62768,0.124058380894189
4.628672,0.035891214720123
4.629664,0.005180025837607
4.630656,-0.042195201127596
4.631648,-0.297944548393869
4.63264,0.17466736359341
4.633632,0.10446000418531
4.634624,-0.043081993206847
4.635616,-0.158418508693561
4.636608,0.046927577718257
4.6376,0.299505293008769
4.638592,0.130686042557567
4.639584,0.2318546578298
4.640576,0.452596274635161
4.641568,0.148362557683464
4.64256,0.372247161975582
4.643552,0.092233570156789
4.644544,0.625936467836004
4.645536,0.526829667791173
4.646528,0.498990369101148
4.64752,0.603136593826244
4.648512,0.26262112070925
4.649504,0.546942753147286
4.650496,0.271081447917763
4.651488,0.744121913511489
4.65248,0.59219663819221
4.653472,0.772867420823843
4.654464,0.781493493187719
4.655456,0.788089240650409
4.656448,0.630126208703619
4.65744,0.521198823511806
4.658432,0.764185111079995
4.659424,0.66166370558368
4.660416,0.868827312490297
4.661408,1.17359024448635
4.6624,0.897046860530189
4.663392,0.989887329892868
4.664384,0.976396710867223
4.665376,0.935419716145574
4.666368,1.05810836429295
4.66736,1.1616647977831
4.668352,0.917817255335568
4.669344,0.709669268805314
4.670336,0.823306343641698
4.671328,0.766448031870833
4.67232,0.6920115063569
4.673312,0.878349959366783
4.674304,0.781203460934957
4.675296,0.86055250855377
4.676288,0.708942781164427
4.67728,0.714964812985845
4.678272,0.840210325470597
4.679264,0.892851797246658
4.680256,0.904861571960244
4.681248,0.950119212987962
4.68224,0.735072759943535
4.683232,0.892602260098728
4.684224,0.84792591544127
4.685216,0.616297644531706
4.686208,0.438616447795428
4.6872,0.823334929759049
4.688192,0.477307306725042
4.689184,0.604946584518568
4.690176,0.581768342829738
4.691168,0.642990370221539
4.69216,0.598084224975814
4.693152,0.37271421331344
4.694144,0.414299460960947
4.695136,0.589175619509406
4.696128,0.188331663347092
4.69712,0.115724087933747
4.698112,0.359435124148495
4.699104,0.198125134002916
4.700096,0.548756602784729
4.701088,0.331531937192405
4.70208,0.673402016951234
4.703072,0.490911341528723
4.704064,0.118844693362848
4.705056,-0.13016309272531
4.706048,0.184118211981479
4.70704,-0.014043930976968
4.708032,0.364582957408742
4.709024,0.140237430358925
4.710016,-0.10259960702037
4.711008,0.148087864446185
4.712,0.15111304516675
4.712992,0.200957410406766
4.713984,0.227253095908007
4.714976,0.011073728241078
4.715968,0.044649286693673
4.71696,-0.010829878629751
4.717952,0.152789489183889
4.718944,0.024862010837258
4.719936,-0.185542009492885
4.720928,-0.051122925201142
4.72192,-0.003087903996915
4.722912,-0.005219457991717
4.723904,0.100130325383026
4.724896,0.153741975253581
4.725888,-0.07400594173054
4.72688,-0.138416499731866
4.727872,-0.170967606662454
4.728864,-0.538307846921726
4.729856,-0.521473043928439
4.730848,-0.365855811953244
4.73184,-0.3543597520453
4.732832,-0.223969519952114
4.733824,-0.33164130529797
4.734816,-0.130565551584905
4.735808,-0.33012999484861
4.7368,-0.580375969714839
4.737792,-0.716087160134541
4.738784,-0.322197437687934
4.739776,-0.361884471005515
4.740768,-0.27727232351825
4.74176,-0.59415914727594
4.742752,-0.463695963691396
4.743744,-0.437953765838947
4.744736,-0.734180382179043
4.745728,-0.770607191175763
4.74672,-0.39441013203486
4.747712,-0.617073453188115
4.748704,-0.637067272595872
4.749696,-0.475431705863998
4.750688,-0.685542974912011
4.75168,-0.644714263020725
4.752672,-0.780087850683064
4.753664,-0.594948723154005
4.754656,-0.604945011560376
4.755648,-0.866045999609784
4.75664,-0.613755587234804
4.757632,-0.558341557539045
4.758624,-0.430424540251905
4.759616,-0.524513129129993
4.760608,-0.378459957549481
4.7616,-0.675662958493081
4.762592,-0.940188032557271
4.763584,-0.798430032320529
4.764576,-0.953344657321529
4.765568,-0.64471870653566
4.76656,-0.552391324903057
4.767552,-0.442973789885105
4.768544,-0.440834708426525
4.769536,-0.978627052912246
4.770528,-0.784706766805197
4.77152,-0.954914222247144
4.772512,-0.359469563311212
4.773504,-0.722365287583737
4.774496,-0.645917059632681
4.775488,-0.26607004324152
4.77648,-0.539125196625671
4.777472,-0.540215465979434
4.778464,-0.52994758648773
4.779456,-0.43577255988956
4.780448,-0.235693226556641
4.78144,-0.292107640069406
4.782432,-0.744847545270132
4.783424,-0.527948095932454
4.784416,-0.827505296848006
4.785408,-0.742714558831773
4.7864,-0.483933968764822
4.787392,-0.45151888414758
4.788384,-0.53227631325771
4.789376,-0.490598962525963
4.790368,-0.179620843231107
4.79136,-0.149494198839004
4.792352,-0.609887198787552
4.793344,-0.571953478294034
4.794336,-0.522278441346675
4.795328,-0.219518665598405
4.79632,-0.619108658641884
4.797312,-0.534644944188732
4.798304,-0.255537211666257
4.799296,-0.385253428366665
4.800288,-0.369973709233587
4.80128,-0.40012295462251
4.802272,-0.328431968967258
4.803264,-0.359730619368582
4.804256,-0.310402779547705
4.805248,-0.187215106891081
4.80624,-0.085715439228691
4.807232,-0.070059381588857
4.808224,-0.219555157513253
4.809216,0.00416897087185
4.810208,-0.090830627952309
4.8112,-0.201570463839948
4.812192,-0.094043588798613
4.813184,-0.061279009600889
4.814176,0.058058341800459
4.815168,-0.206512151551426
4.81616,-0.131742662011489
4.817152,-0.231485128569313
4.818144,-0.02092289089247
4.819136,0.024994783389687
4.820128,-0.350549024750198
4.82112,-0.150898922545708
4.822112,0.043068370223245
4.823104,0.307455982726696
4.824096,0.034382940298436
4.825088,0.109035904382528
4.82608,0.165034504365807
4.827072,0.063245938018482
4.828064,0.228827733676139
4.829056,0.459188481135198
4.830048,0.612331460009097
4.83104,0.406671347332091
4.832032,0.281651808446395
4.833024,0.478054751832995
4.834016,0.456871463274232
4.835008,0.356374038213502
4.836,0.249803624532989
4.836992,0.570763056856375
4.837984,0.341039742178646
4.838976,0.515154117339739
4.839968,0.379271827637236
4.84096,0.357070210985087
4.841952,0.486058309420824
4.842944,0.364841101969005
4.843936,0.227098923910316
4.844928,0.655421441146193
4.84592,0.735257177372176
4.846912,0.814631286943964
4.847904,0.677062890403326
4.848896,0.542916068835355
4.849888,0.706230487170054
4.85088,0.834819535968855
4.851872,0.604186953286001
4.852864,0.388929323844977
4.853856,0.836379178121791
4.854848,0.697250963397754
4.85584,0.567938646933508
4.856832,0.583489359045072
4.857824,0.452763663810871
4.858816,0.597713066136092
4.859808,0.460205405340268
4.8608,0.457304472003809
4.861792,0.638001962593403
4.862784,1.10041501720476
4.863776,0.472315529780711
4.864768,0.436687797766279
4.86576,0.900287771118033
4.866752,0.788222188277914
4.867744,0.593027307899132
4.868736,0.821317045169282
4.869728,0.389149154527437
4.87072,0.888602398328904
4.871712,0.945969543850926
4.872704,0.692788045386504
4.873696,0.495256807482474
4.874688,0.602765157309009
4.87568,0.646011073992798
4.876672,0.849527190325853
4.877664,0.827479035275078
4.878656,0.638377293551911
4.879648,0.80573287218008
4.88064,0.509727743502317
4.881632,0.661251997540866
4.882624,0.743010408451942
4.883616,0.659272492027557
4.884608,0.715305587303245
4.8856,0.612731735398463
4.886592,0.675804983638439
4.887584,0.613971151884477
4.888576,0.65691390279876
4.889568,0.432951035456894
4.89056,0.508913117729718
4.891552,0.649772892467243
4.892544,0.288095103935178
4.893536,0.430093576233168
4.894528,0.574661164768158
4.89552,0.145967874989316
4.896512,0.321992608504061
4.897504,0.406826263184746
4.898496,0.831316391492252
4.899488,0.292148816970897
4.90048,0.366737723835118
4.901472,0.468913352147972
4.902464,0.289742847455244
4.903456,0.580411570637847
4.904448,0.399922212252975
4.90544,0.202065474719034
4.906432,0.109492375892923
4.907424,0.167649274745132
4.908416,0.318761211461364
4.909408,0.093264286049906
4.9104,-0.008078639697949
4.911392,0.280860836767548
4.912384,0.217319356438329
4.913376,0.081573924752588
4.914368,0.211131433643511
4.91536,-0.484067439889695
4.916352,-0.052842422362366
4.917344,0.058533875205363
4.918336,0.056577976518199
4.919328,-0.141137226488959
4.92032,-0.041588179854597
4.921312,-0.169029605722755
4.922304,-0.190884127279071
4.923296,-0.683176146606008
4.924288,-0.13257629481585
4.92528,-0.624402973368766
4.926272,-0.100876790299834
4.927264,-0.404830630748849
4.928256,-0.531066523466864
4.929248,-0.318317238134849
4.93024,-0.434969761779016
4.931232,-0.435972595068285
4.932224,-0.14005997183345
4.933216,-0.17703050462074
4.934208,-0.616664935718799
4.9352,-0.388879707927299
4.936192,-0.078916758153251
4.937184,-0.208170302187969
4.938176,-0.383194398678661
4.939168,-0.505598740340886
4.94016,-0.229034688289226
4.941152,-0.419962733184674
4.942144,-0.327091890238465
4.943136,-0.466104688180151
4.944128,-0.707313335868636
4.94512,-0.953443983380939
4.946112,-0.492454326035674
4.947104,-0.515404821124136
4.948096,-0.260395653010346
4.949088,-0.488675235033431
4.95008,-0.314002672564097
4.951072,-0.203809740169052
4.952064,-0.672265293908461
4.953056,-0.809835112785773
4.954048,-0.877082451614441
4.95504,-0.295529933732454
4.956032,-0.624200348911174
4.957024,-0.439108471897836
4.958016,-0.674753116068104
4.959008,-0.770100616230203
4.96,-0.441245390863557
4.960992,-0.378585439814005
4.961984,-0.56278578234155
4.962976,-0.652635719689346
4.963968,-0.760150220708787
4.96496,-0.436228506992942
4.965952,-0.647652426312102
4.966944,-0.59696910601776
4.967936,-0.903631934416927
4.968928,-0.715021833249973
4.96992,-0.524215965336595
4.970912,-0.665289599114344
4.971904,-0.605550863991888
4.972896,-0.583831921189955
4.973888,-0.592718933238469
4.97488,-0.803386063857102
4.975872,-0.57468095096609
4.976864,-0.494756498634095
4.977856,-0.490598796741622
4.978848,-0.853509985825769
4.97984,-0.948938920408449
4.980832,-1.00623428646537
4.981824,-0.669088741928407
4.982816,-0.563377685832269
4.983808,-0.516719193565604
4.9848,-0.6931660378382
4.985792,-0.736088148449639
4.986784,-0.71026059923083
4.987776,-0.793162738809552
4.988768,-0.801020320223452
4.98976,-0.664689175928338
4.990752,-0.800534342969318
4.991744,-0.854532628889991
4.992736,-0.757295110849518
4.993728,-0.434287397381113
4.99472,-0.529002056761078
4.995712,-0.422722049518176
4.996704,-0.439824651383624
4.997696,-0.539971530432714
4.998688,-0.778580729219505
4.99968,-0.658062596889154
5.000672,-0.439439771138122
5.001664,-0.791381795781539
5.002656,-0.634279909251342
5.003648,-0.521736571651955
5.00464,-0.770325544775019
5.005632,-0.665351831652511
5.006624,-0.23042967701052
5.007616,-0.47000961895016
5.008608,-0.39509331768697
5.0096,-0.355424632490306
5.010592,0.055057465274435
5.011584,-0.174697028928861
5.012576,-0.295558601408624
5.013568,-0.197335742257476
5.01456,-0.537704669393864
5.015552,-0.138570328193553
5.016544,-0.077269600814637
5.017536,-0.371584854504949
5.018528,-0.36666285383142
5.01952,-0.125119034721627
5.020512,-0.316826917982869
5.021504,-0.054606933683967
5.022496,-0.029439965391975
5.023488,-0.333330222637248
5.02448,-0.313480946893304
5.025472,-0.265638201486121
5.026464,-0.047720991733836
5.027456,0.118635154007142
5.028448,-0.14588993431388
5.02944,-0.034526255204267
5.030432,0.087332180477943
5.031424,-0.081083158854602
5.032416,0.300296275627925
5.033408,0.1944025033618
5.0344,0.021886669567216
5.035392,-0.064913325183312
5.036384,0.2665544012026
5.037376,-0.126338571272253
5.038368,-0.003801168478946
5.03936,-0.002963469441292
5.040352,0.191846485063625
5.041344,0.228658465709029
5.042336,0.195313314008121
5.043328,0.220365786547526
5.04432,-0.005789483739673
5.045312,-0.098956834710766
5.046304,0.023759151442118
5.047296,-0.038161632460163
5.048288,0.381455572320032
5.04928,-0.069726121149999
5.050272,-0.070066484424759
5.051264,0.17425821044355
5.052256,0.169981628092648
5.053248,0.016426163641073
5.05424,0.175291448766009
5.055232,0.415028929384279
5.056224,0.197262170185506
5.057216,0.682770459364891
5.058208,0.408010773858948
5.0592,0.134926993823636
5.060192,0.572223792227112
5.061184,0.485367761487438
5.062176,0.298445504650752
5.063168,0.383029327653273
5.06416,0.546874130285175
5.065152,0.623891706729699
5.066144,0.309773122638967
5.067136,0.527152285393015
5.068128,0.499039580280482
5.06912,0.230569903106979
5.070112,0.424352728337276
5.071104,0.290928465379758
5.072096,0.1674574635378
5.073088,0.300474924924149
5.07408,0.313491676966113
5.075072,0.065266836658571
5.076064,0.148619092405351
5.077056,0.526581974363375
5.078048,-0.027225692404147
5.07904,0.311768052428436
5.080032,0.367752588169357
5.081024,0.377749782681157
5.082016,0.112247430258379
5.083008,0.332249897531366
5.084,0.455738411408874
5.084992,0.089426318096406
5.085984,0.100689445015203
5.086976,0.418769891115497
5.087968,0.331103978060771
5.08896,0.342377741820466
5.089952,-0.139873601232226
5.090944,-0.105703584464412
5.091936,0.198267527818301
5.092928,0.08167212789635
5.09392,0.204805705931779
5.094912,0.139579761419868
5.095904,0.155883136442835
5.096896,0.089047138234731
5.097888,-0.282027357284395
5.09888,-0.072199515232978
5.099872,-0.141439204280449
5.100864,-0.260592899426307
5.101856,-0.358407234593061
5.102848,-0.076025892819426
5.10384,0.132899914243482
5.104832,-0.069669557467708
5.105824,-0.073467658724609
5.106816,-0.240103088119641
5.107808,-0.17153869288186
5.1088,-0.26156372329514
5.109792,-0.184487613789034
5.110784,-0.382705289289679
5.111776,-0.440690661371403
5.112768,-0.592553146865746
5.11376,-0.312560012983307
5.114752,-0.64255658762119
5.115744,-0.167742758133505
5.116736,-0.388243214862652
5.117728,-0.415767152522039
5.11872,-0.57490086834458
5.119712,-0.310959549641618
5.120704,-0.403364637542308
5.121696,-0.365079376419404
5.122688,-0.745615716436477
5.12368,-0.301792347956402
5.124672,-0.697267163742827
5.125664,-0.404274293782339
5.126656,-0.481452191178635
5.127648,-0.23705915849137
5.12864,-0.54779438876612
5.129632,-0.548500166808304
5.130624,-0.881134618768601
5.131616,-0.931259643549282
5.132608,-0.51244722298826
5.1336,-0.558749859240273
5.134592,-0.679925969162426
5.135584,-0.870706066049199
5.136576,-1.13700888558868
5.137568,-0.926587224067444
5.13856,-0.945475255470559
5.139552,-0.949523491652744
5.140544,-1.08831240100664
5.141536,-1.02360685290367
5.142528,-0.80648250293566
5.14352,-1.02882577649868
5.144512,-1.28387459957936
5.145504,-1.06206026085556
5.146496,-1.22677445653264
5.147488,-0.9317256288528
5.14848,-1.15012976250138
5.149472,-1.13289968260905
5.150464,-1.14601388235833
5.151456,-1.43950776250325
5.152448,-1.44034217886388
5.15344,-1.34055165116733
5.154432,-1.10539439906151
5.155424,-1.13489044321694
5.156416,-1.54151658216831
5.157408,-1.08921258264937
5.1584,-1.30295675387154
5.159392,-1.54459362405695
5.160384,-1.34881732645916
5.161376,-1.17995350040673
5.162368,-1.56107735250271
5.16336,-1.41502933710261
5.164352,-1.42260890998979
5.165344,-1.39228775722975
5.166336,-1.29973713238825
5.167328,-1.43872470642614
5.16832,-1.31217582801926
5.169312,-1.51641900543651
5.170304,-1.2661726958715
5.171296,-1.66597042159058
5.172288,-2.04937308747354
5.17328,-1.47522810799685
5.174272,-1.35078994866566
5.175264,-1.50355730046618
5.176256,-1.43736515256275
5.177248,-1.34744879786917
5.17824,-1.35180873568175
5.179232,-1.25828359336283
5.180224,-1.31698984703622
5.181216,-1.28011739734377
5.182208,-1.43207513534296
5.1832,-1.31252159382313
5.184192,-1.53565098293452
5.185184,-1.3398802278527
5.186176,-1.24645329125998
5.187168,-1.14996785641724
5.18816,-1.19162624883661
5.189152,-1.28170329527476
5.190144,-1.46035684863373
5.191136,-1.35975921544438
5.192128,-1.26988233161887
5.19312,-1.21305381630067
5.194112,-1.41059352732442
5.195104,-0.85231426415583
5.196096,-1.11208149162738
5.197088,-0.89930367255342
5.19808,-1.17939413085799
5.199072,-0.910578430550312
5.200064,-0.82525317861826
5.201056,-0.985133907199881
5.202048,-0.890183475073253
5.20304,-1.25793770326436
5.204032,-0.946293300860452
5.205024,-0.892745641355291
5.206016,-1.14745500893267
5.207008,-1.07034057830006
5.208,-0.895015473682848
5.208992,-1.0161517726298
5.209984,-0.946768950706515
5.210976,-0.952633123450808
5.211968,-0.929885890684353
5.21296,-0.857262977510195
5.213952,-0.759238943336965
5.214944,-0.667145298151752
5.215936,-0.598396634333817
5.216928,-0.515478476551763
5.21792,-0.52290552393645
5.218912,-0.745029342745919
5.219904,-0.951208412639272
5.220896,-0.526745868391149
5.221888,-0.530830720086176
5.22288,-0.400427366482018
5.223872,-0.682237304408502
5.224864,-0.638479672276122
5.225856,-0.488613423176609
5.226848,-0.46293303575691
5.22784,-0.296426771363126
5.228832,-0.339813886835994
5.229824,-0.557222817690021
5.230816,-0.502357189540422
5.231808,-0.355532616332464
5.2328,-0.721893534828753
5.233792,-0.288673965270966
5.234784,-0.205548070729762
5.235776,-0.019240650429052
5.236768,-0.123207516662298
5.23776,-0.428384609260861
5.238752,-0.057817724210722
5.239744,-0.251089282823776
5.240736,-0.111251903409295
5.241728,-0.416218395497597
5.24272,-0.087558729014474
5.243712,-0.040388148386116
5.244704,0.193233784440771
5.245696,-0.101923890244706
5.246688,-0.195071974632141
5.24768,0.198794792399495
5.248672,0.176738067083636
5.249664,-0.241095655016391
5.250656,-0.168637465134557
5.251648,0.266971419673632
5.25264,0.192894855071423
5.253632,0.38567676461564
5.254624,0.345477283642354
5.255616,0.214205812979507
5.256608,0.023006081969309
5.2576,0.27992305526484
5.258592,0.035946682473439
5.259584,0.423640874764156
5.260576,0.34552468039821
5.261568,0.108259987660232
5.26256,0.007632814910487
5.263552,0.113249144443607
5.264544,0.471558068185799
5.265536,-0.084811318106339
5.266528,0.225110041355992
5.26752,-0.000729448855364
5.268512,0.068047036232845
5.269504,0.090960593071552
5.270496,0.307037594844639
5.271488,0.115848588030734
5.27248,-0.07053801761085
5.273472,0.115488609676143
5.274464,0.227449643467894
5.275456,-0.07105131858586
5.276448,-0.011289243214535
5.27744,-0.192993919064133
5.278432,-0.011791625449498
5.279424,0.070805732458697
5.280416,0.18821655881009
5.281408,0.053231151383574
5.2824,0.083702041745103
5.283392,0.172691750595237
5.284384,-0.074487769279066
5.285376,-0.046677713840793
5.286368,0.020543057607514
5.28736,0.198665057169754
5.288352,0.018556102338498
5.289344,-0.106081532140292
5.290336,-0.177795999027031
5.291328,0.076722862994799
5.29232,-0.051750975653448
5.293312,-0.387289640538934
5.294304,-0.219095171998898
5.295296,-0.123934215882887
5.296288,0.150890657925721
5.29728,0.008717132933026
5.298272,-0.02535323744518
5.299264,-0.261822603037757
5.300256,0.477986748632541
5.301248,-0.525774489912448
5.30224,0.03682230181302
5.303232,-0.40533343092125
5.304224,-0.42152453655805
5.305216,-0.184676869526994
5.306208,-0.300382505640948
5.3072,-0.743270902641228
5.308192,-0.281983802618653
5.309184,-0.380760414246076
5.310176,-0.053183997662264
5.311168,-0.27430692460693
5.31216,-0.368213519688207
5.313152,-0.151494464170283
5.314144,-0.489821036736252
5.315136,-0.455162576877887
5.316128,-0.390432671045101
5.31712,-0.614476908275734
5.318112,-0.591296715509888
5.319104,-0.720865284496352
5.320096,-0.752979200895535
5.321088,-0.758206188236303
5.32208,-0.891939807026467
5.323072,-0.47742084733444
5.324064,-0.575209255261566
5.325056,-0.157108984653971
5.326048,-0.600490072877997
5.32704,-0.762248816101109
5.328032,-0.76496197904846
5.329024,-0.464514415069853
5.330016,-0.773536834570438
5.331008,-0.960163079589591
5.332,-0.623045880256633
5.332992,-0.520276575834012
5.333984,-0.789920497346409
5.334976,-0.757359648955339
5.335968,-0.672571393162504
5.33696,-0.711481810406939
5.337952,-0.907646041278631
5.338944,-1.08233338206375
5.339936,-0.850409196822694
5.340928,-0.569226494705159
5.34192,-0.615872817524318
5.342912,-0.777245080675418
5.343904,-0.833408783389239
5.344896,-1.19660800278921
5.345888,-0.998966707392284
5.34688,-0.609532135112993
5.347872,-0.806755525561968
5.348864,-0.751661148476521
5.349856,-1.0187520261621
5.350848,-0.889630406209301
5.35184,-1.00541834911237
5.352832,-0.810689279158566
5.353824,-1.24241872763152
5.354816,-0.959554262059301
5.355808,-0.816586968500217
5.3568,-1.01222093219795
5.357792,-1.12807389096762
5.358784,-0.891852486937576
5.359776,-0.985381073347189
5.360768,-1.11748105440903
5.36176,-0.774315713309092
5.362752,-0.746388343464204
5.363744,-0.707953653991665
5.364736,-0.877523629740343
5.365728,-1.01923323453065
5.36672,-1.01731894401979
5.367712,-0.958077820100315
5.368704,-1.04662909701354
5.369696,-0.944909689615611
5.370688,-1.13763283626435
5.37168,-1.12653182636496
5.372672,-0.633726148580305
5.373664,-1.06207724884873
5.374656,-0.867440316830915
5.375648,-0.663581299754692
5.37664,-0.780875168768665
5.377632,-0.782339541086032
5.378624,-0.487958773110966
5.379616,-0.709122342648677
5.380608,-0.839971009077965
5.3816,-0.8343375593856
5.382592,-0.81581797832344
5.383584,-0.694042960012511
5.384576,-0.621607371820962
5.385568,-0.596435638740407
5.38656,-0.885389090541957
5.387552,-0.518073862237013
5.388544,-0.690075494246936
5.389536,-0.602034811398105
5.390528,-0.547452556311904
5.39152,-0.491113997090975
5.392512,-0.611870418452985
5.393504,-0.427350488104867
5.394496,-0.931840900337816
5.395488,-0.195488813276823
5.39648,-0.5350358200036
5.397472,-0.745259902648954
5.398464,-0.30460045692815
5.399456,-0.099749093845832
5.400448,-0.209566015998806
5.40144,-0.370539590010943
5.402432,-0.192368858026249
5.403424,0.006612286181486
5.404416,-0.604783375252355
5.405408,-0.16046932637569
5.4064,-0.216728070467307
5.407392,-0.208897174225917
5.408384,-0.325761797157486
5.409376,0.174530788009935
5.410368,-0.039940446005019
5.41136,-0.09612373196171
5.412352,-0.087758794989296
5.413344,0.282650994109117
5.414336,-0.078395688632128
5.415328,0.122533963985656
5.41632,0.08392945651497
5.417312,0.091813148952913
5.418304,-0.069551639149277
5.419296,0.103471499478306
5.420288,0.054701459902292
5.42128,0.001067803960134
5.422272,-0.010453137859583
5.423264,0.116741529270547
5.424256,-0.039467448577263
5.425248,0.401716876139346
5.42624,0.286596500198578
5.427232,0.237161759175838
5.428224,0.518492859090492
5.429216,0.552334078204304
5.430208,0.467880115969864
5.4312,0.293606295888696
5.432192,0.229467965199487
5.433184,0.296144242857471
5.434176,0.432676090171418
5.435168,0.203334433985937
5.43616,0.329271212159765
5.437152,0.424306181597167
5.438144,0.361783722644182
5.439136,0.202345480800879
5.440128,-0.066786814374867
5.44112,0.348023811705968
5.442112,0.403408525411331
5.443104,0.683561152504021
5.444096,0.525079878460716
5.445088,0.314521474968148
5.44608,0.276815905726083
5.447072,0.179910109648749
5.448064,0.514539389623733
5.449056,0.582930885604956
5.450048,0.241243522305419
5.45104,0.218707499341311
5.452032,0.466096316181668
5.453024,0.049665294665828
5.454016,0.041874964346282
5.455008,0.089855826699223
5.456,0.296292848736606
5.456992,0.469014153314872
5.457984,0.193018303379896
5.458976,0.143573246773086
5.459968,0.362251167419199
5.46096,0.349565264886952
5.461952,0.687715437877474
5.462944,0.221447767292135
5.463936,0.209046879373534
5.464928,0.11776851541567
5.46592,0.187749399798762
5.466912,0.180781558945182
5.467904,0.256156832326685
5.468896,0.104790197611945
5.469888,0.104296869493435
5.47088,-0.188122182793425
5.471872,0.370822331434541
5.472864,0.204731353352895
5.473856,0.098017653259309
5.474848,0.03805324270298
5.47584,-0.007136383716514
5.476832,0.01426096794871
5.477824,0.119013117963352
5.478816,0.128061720596986
5.479808,0.167060151694117
5.4808,0.038756750044984
5.481792,0.15992651949836
5.482784,0.238694472316492
5.483776,-0.008745010597552
5.484768,0.154274088316176
5.48576,-0.123579434176286
5.486752,-0.06361120637265
5.487744,-0.084736903759737
5.488736,0.273688326606069
5.489728,0.042658821107178
5.49072,-0.104254312486364
5.491712,-0.31766628100904
5.492704,-0.392654335584239
5.493696,-0.135837670609151
5.494688,-0.047909599025915
5.49568,-0.253215359327296
5.496672,-0.221043082944953
5.497664,0.08217509616295
5.498656,-0.149244359406376
5.499648,-0.500570168807587
5.50064,-0.443873912121282
5.501632,-0.215667565552458
5.502624,-0.105602488096665
5.503616,-0.044627251237288
5.504608,-0.093163427036831
5.5056,0.03347199131566
5.506592,-0.040854302782539
5.507584,-0.298662832412123
5.508576,-0.082035477091157
5.509568,-0.139385595899499
5.51056,-0.348418041369857
5.511552,-0.369663085053321
5.512544,-0.22914079849095
5.513536,-0.717734871480876
5.514528,-0.449616437073272
5.51552,-0.540740079631307
5.516512,-0.504233195933722
5.517504,-0.742299330794713
5.518496,-0.455435236648476
5.519488,-0.577993924081418
5.52048,-0.405081863117409
5.521472,-0.761266046137823
5.522464,-0.721889548654773
5.523456,-0.303277396754217
5.524448,-0.893508610876273
5.52544,-0.785421121028653
5.526432,-0.729927258379556
5.527424,-0.736496491791596
5.528416,-0.855870881059092
5.529408,-0.609659859925505
5.5304,-0.538095245650627
5.531392,-0.797762341870075
5.532384,-0.533340536653669
5.533376,-0.755101284641893
5.534368,-0.631644701669058
5.53536,-0.457736512986215
5.536352,-0.898589174412302
5.537344,-1.17510688273861
5.538336,-0.671723299893047
5.539328,-0.76840063613046
5.54032,-0.649356092809792
5.541312,-0.597737593540731
5.542304,-0.763182533965687
5.543296,-0.838858063817223
5.544288,-0.831785350033453
5.54528,-0.899025671481912
5.546272,-0.827694327993491
5.547264,-0.806973921275685
5.548256,-0.827564177692074
5.549248,-0.687173887580657
5.55024,-0.619277564187514
5.551232,-0.48368486691955
5.552224,-0.789363206394064
5.553216,-0.83322802554806
5.554208,-0.541326123457591
5.5552,-0.72514178427673
5.556192,-0.790469812686863
5.557184,-0.525494210771185
5.558176,-0.553348731934871
5.559168,-0.623717006524499
5.56016,-0.573810176558221
5.561152,-0.755267454931797
5.562144,-0.557711025056135
5.563136,-0.957543418736303
5.564128,-0.58478548901175
5.56512,-0.607922384622879
5.566112,-0.702439747356047
5.567104,-0.680709696262422
5.568096,-0.667577462140698
5.569088,-0.785119962536484
5.57008,-0.62000130886084
5.571072,-0.323323404626797
5.572064,-0.312146797016635
5.573056,-0.307307774211712
5.574048,-0.553825699259669
5.57504,-0.637185442003535
5.576032,-0.375205129234581
5.577024,-0.361412094590681
5.578016,-0.760754432269984
5.579008,-0.829391704881443
5.58,-0.452543069669364
5.580992,-0.581921359278596
5.581984,-0.283408188278266
5.582976,-0.51695786065835
5.583968,-0.071780085193062
5.58496,-0.451667687611254
5.585952,-0.844597483682052
5.586944,-0.561121774963195
5.587936,-0.368988024510843
5.588928,-0.635229134513191
5.58992,-0.427862584075865
5.590912,-0.233608066180075
5.591904,-0.523970121104413
5.592896,-0.304671790538603
5.593888,-0.54510920234389
5.59488,-0.222690063981711
5.595872,-0.33703672748498
5.596864,-0.273743440548635
5.597856,-0.280480157766456
5.598848,0.199916594931156
5.59984,-0.048139943499573
5.600832,-0.300456986680165
5.601824,-0.169534807281252
5.602816,-0.343392312506846
5.603808,-0.212118489458697
5.6048,0.061780722061277
5.605792,-0.117075049031861
5.606784,0.115711167507299
5.607776,-0.101884898942219
5.608768,-0.058461823108607
5.60976,0.049107280478193
5.610752,0.303173197144923
5.611744,-0.131362642325992
5.612736,0.194207592063385
5.613728,0.369383471772356
5.61472,0.141999925509384
5.615712,0.363075820264279
5.616704,0.106983461319268
5.617696,0.110345198991207
5.618688,0.370324409827285
5.61968,0.005521458227773
5.620672,0.141847279221282
5.621664,0.237292332524549
5.622656,-0.033841578850032
5.623648,0.48162085585251
5.62464,0.260081434115916
5.625632,0.114704424224917
5.626624,0.120369376969155
5.627616,0.053845779140707
5.628608,0.232315777374841
5.6296,0.076158580048467
5.630592,0.53941921254911
5.631584,0.631529825663854
5.632576,0.242945141303538
5.633568,0.292942741295174
5.63456,0.223172659959122
5.635552,0.535902945468307
5.636544,0.276748769432124
5.637536,0.193574155498868
5.638528,0.607819970754188
5.63952,0.36848723955291
5.640512,0.326346267958727
5.641504,0.594540781904047
5.642496,0.572858672298886
5.643488,0.758070206694111
5.64448,0.385227385418592
5.645472,0.774211281977128
5.646464,0.278743599702504
5.647456,0.385924261678608
5.648448,0.524320236139098
5.64944,0.440554409498042
5.650432,0.415933209478766
5.651424,0.349180426023332
5.652416,0.660327252297273
5.653408,0.405189061150945
5.6544,0.64091080997729
5.655392,0.65207235813727
5.656384,0.642452224916819
5.657376,0.481741481274193
5.658368,0.611338370855257
5.65936,0.590463905220535
5.660352,0.280375803855322
5.661344,0.760784092058949
5.662336,0.560597197140944
5.663328,0.652681301136427
5.66432,0.939964098088245
5.665312,0.718474852759209
5.666304,0.543331552485164
5.667296,0.642513470855811
5.668288,0.519911855312688
5.66928,0.287196531116868
5.670272,0.51120284292342
5.671264,0.392084971416536
5.672256,0.573774570989534
5.673248,0.432244882629443
5.67424,0.457619876708341
5.675232,0.956704009566876
5.676224,0.307431772901425
5.677216,0.320309607219271
5.678208,0.65954865645521
5.6792,0.65600329654481
5.680192,0.233057942704666
5.681184,0.435265770418927
5.682176,0.252061447583015
5.683168,0.238248992940728
5.68416,0.376043874340284
5.685152,0.449219893238591
5.686144,0.340120238538982
5.687136,0.661133833622279
5.688128,-0.001703371176385
5.68912,-0.001692211014559
5.690112,0.306176241259342
5.691104,0.231089519863899
5.692096,0.227441782038294
5.693088,0.356550312520546
5.69408,0.038972393775886
5.695072,0.069195895047712
5.696064,0.380281881440635
5.697056,-0.134694488655835
5.698048,0.212520196831943
5.69904,0.050458268938568
5.700032,0.263021755761073
5.701024,-0.098512447099452
5.702016,-0.213775519418931
5.703008,-0.14650827110146
5.704,-0.048311349621909
5.704992,-0.055294231376561
5.705984,-0.07714319994161
5.706976,-0.175468140627813
5.707968,-0.248812543539724
5.70896,0.026554032294587
5.709952,-0.389678109341097
5.710944,-0.077846845550154
5.711936,-0.247367525747047
5.712928,-0.28373083624213
5.71392,-0.211834356750597
5.714912,-0.391551218455232
5.715904,-0.367316616777266
5.716896,-0.834676439617746
5.717888,-0.521760089092171
5.71888,-0.406909524832099
5.719872,-0.478000816707416
5.720864,-0.475171002152539
5.721856,-0.323210268430478
5.722848,-0.373230300640305
5.72384,-0.190124724519271
5.724832,-0.166863453979661
5.725824,-0.118237635207706
5.726816,-0.602720127244113
5.727808,-0.206752078161825
5.7288,-0.184404006705741
5.729792,-0.898504498851789
5.730784,-0.438340361862385
5.731776,-0.48316215055254
5.732768,-0.554430620768145
5.73376,-0.521503348267995
5.734752,-0.598192071638149
5.735744,-0.659580331201512
5.736736,-0.865601718813607
5.737728,-0.498628305454121
5.73872,-0.550082075303466
5.739712,-0.970142239650478
5.740704,-0.980391181805938
5.741696,-0.848890146937266
5.742688,-0.86397650054538
5.74368,-1.00695484425637
5.744672,-1.14433147804942
5.745664,-0.923219823571813
5.746656,-1.08052605219439
5.747648,-1.23946213668341
5.74864,-1.26560319724468
5.749632,-0.674815801907765
5.750624,-0.839748962872889
5.751616,-0.960174267835087
5.752608,-0.924020018730076
5.7536,-0.849714915556098
5.754592,-1.02304920698524
5.755584,-1.1198038069734
5.756576,-1.25878216203913
5.757568,-1.10197007253072
5.75856,-1.15226259973238
5.759552,-1.2535219467617
5.760544,-1.25733969370411
5.761536,-1.21296187576609
5.762528,-0.905084364269751
5.76352,-0.933251330160545
5.764512,-1.02930508019664
5.765504,-0.868511535752419
5.766496,-1.34720747542241
5.767488,-1.40011185307842
5.76848,-1.08188274007757
5.769472,-0.997198454702829
5.770464,-0.824851829220194
5.771456,-1.24123262262121
5.772448,-1.13278275444383
5.77344,-0.940737364626174
5.774432,-1.01764674978915
5.775424,-1.10515300795967
5.776416,-1.33492842398349
5.777408,-1.14137243190068
5.7784,-1.28254844155492
5.779392,-1.19709344737342
5.780384,-0.805782471669204
5.781376,-0.860692550730588
5.782368,-1.03564354883137
5.78336,-0.663952798481304
5.784352,-1.01380127711296
5.785344,-0.913083267171669
5.786336,-0.985047734024383
5.787328,-0.667024180019897
5.78832,-0.840919982061932
5.789312,-0.98703791525006
5.790304,-0.627779344699872
5.791296,-0.303770790717373
5.792288,-0.893426742389044
5.79328,-0.760683264352944
5.794272,-0.717064839640509
5.795264,-0.630578670680307
5.796256,-0.693740680846604
5.797248,-0.968609336700033
5.79824,-0.557891055500958
5.799232,-0.465165005692475
5.800224,-0.768380158993371
5.801216,-0.485628412768874
5.802208,-0.72444253593999
5.8032,-0.479646432480397
5.804192,-0.296554212379068
5.805184,-0.248646797768226
5.806176,-0.47935985103454
5.807168,0.014758833586336
5.80816,-0.460101202577973
5.809152,-0.291858742782263
5.810144,0.028832646030025
5.811136,-0.019203931245586
5.812128,-0.032970247826795
5.81312,-0.149122318149783
5.814112,-0.159536140256298
5.815104,-0.14085313856353
5.816096,-0.078088959326234
5.817088,0.165758421475212
5.81808,0.336411062428066
5.819072,0.123975600305064
5.820064,-0.041255165109291
5.821056,0.072648710662482
5.822048,-0.068813537968111
5.82304,0.200058875186237
5.824032,0.085605802879634
5.825024,-0.137269835666319
5.826016,-0.142802363229667
5.827008,0.33177320414771
5.828,0.256150972904866
5.828992,0.572278749677033
5.829984,0.526212672844238
5.830976,0.227276293436894
5.831968,0.667873805082354
5.83296,0.420432201290602
5.833952,0.54278990351968
5.834944,0.420066659236692
5.835936,0.462528739604504
5.836928,0.667398300495181
5.83792,0.154548522435288
5.838912,0.436271656711181
5.839904,0.337913446852519
5.840896,0.487348473675726
5.841888,0.462755356750068
5.84288,0.822803228230103
5.843872,0.848882891789634
5.844864,0.610461446330012
5.845856,0.702491373965329
5.846848,0.944588974068802
5.84784,0.591067849511533
5.848832,0.642006097340455
5.849824,0.631413535936164
5.850816,0.66538196929736
5.851808,0.625482697705121
5.8528,0.41568029132531
5.853792,0.254883008490816
5.854784,0.434720070627596
5.855776,0.563385092149803
5.856768,0.755546002915516
5.85776,0.568455933252462
5.858752,0.668748242372397
5.859744,0.68023928410905
5.860736,0.455214230832716
5.861728,0.353884798687118
5.86272,0.626383077091433
5.863712,0.836538793852895
5.864704,0.571678990044185
5.865696,0.54866401576707
5.866688,0.246309513384165
5.86768,0.495928524765436
5.868672,0.67996469582428
5.869664,0.491868579209167
5.870656,0.751754143168969
5.871648,0.394736272662455
5.87264,0.15520107738008
5.873632,0.562317931405754
5.874624,0.317469404998093
5.875616,0.435430317163164
5.876608,0.323192541309757
5.8776,0.28015025723859
5.878592,0.453686121734259
5.879584,0.064481762545037
5.880576,0.323593969674304
5.881568,0.254872726217509
5.88256,0.425953373787153
5.883552,0.381410469809796
5.884544,0.522506298864658
5.885536,0.150818039575252
5.886528,0.354865310477611
5.88752,0.398195602413707
5.888512,0.455933026645093
5.889504,0.150956098845364
5.890496,-0.1009629724085
5.891488,-0.142802534789916
5.89248,0.297383197878324
5.893472,0.186173414097551
5.894464,0.185300070564333
5.895456,0.275672312648353
5.896448,-0.011182868583598
5.89744,-0.023052679319366
5.898432,0.121210421955686
5.899424,-0.052577066748391
5.900416,0.126320783734928
5.901408,-0.006393465650317
5.9024,0.276037731144416
5.903392,-0.028991028596109
5.904384,-0.053160167295502
5.905376,-0.131785960753474
5.906368,0.097366711786544
5.90736,-0.056116898768919
5.908352,0.08456863932282
5.909344,-0.064169960702904
5.910336,-0.217091391917079
5.911328,0.178996079641851
5.91232,-0.037092498389499
5.913312,-0.456639285374276
5.914304,-0.521944499953375
5.915296,-0.093898543806532
5.916288,-0.255537581506567
5.91728,-0.22531735412842
5.918272,-0.185484582059326
5.919264,-0.469188745467329
5.920256,-0.428814289508866
5.921248,-0.456883389193884
5.92224,-0.339203018190136
5.923232,-0.619299709505917
5.924224,-0.468467902962531
5.925216,-0.94332268587199
5.926208,-0.619981896278555
5.9272,-0.582938903428376
5.928192,-0.78343342851318
5.929184,-0.890672328058149
5.930176,-0.563025459646134
5.931168,-0.783201144627087
5.93216,-0.457631432311893
5.933152,-0.629555106690882
5.934144,-0.636687370441803
5.935136,-0.691198801060253
5.936128,-0.85424542537317
5.93712,-0.69924811956336
5.938112,-0.753268896554348
5.939104,-1.04956259215538
5.940096,-0.964802269962228
5.941088,-1.100811611271
5.94208,-0.752900836743423
5.943072,-0.719046968345826
5.944064,-0.59631985375569
5.945056,-0.868131005048063
5.946048,-0.592268389924516
5.94704,-0.420014832998963
5.948032,-0.748385979250418
5.949024,-0.905611312069964
5.950016,-0.701591931733042
5.951008,-0.88696885654819
5.952,-0.952930176347971
5.952992,-0.990633072014083
5.953984,-1.08573220216699
5.954976,-1.02137349557009
5.955968,-0.761061698962903
5.95696,-0.508987100447933
5.957952,-0.614172361360575
5.958944,-0.746653603749187
5.959936,-0.926444504292951
5.960928,-0.61673459653057
5.96192,-0.422481998466305
5.962912,-0.540700900782422
5.963904,-0.488381051418355
5.964896,-0.57974227555933
5.965888,-0.268753034956746
5.96688,-0.142928951263819
5.967872,-0.214107981960193
5.968864,-0.477230148938339
5.969856,-0.464067548037237
5.970848,-0.405160829749565
5.97184,-0.724670752951965
5.972832,-0.536525450461469
5.973824,-0.216381483791299
5.974816,-0.104847006080571
5.975808,-0.008988012821944
5.9768,-0.256278442007824
5.977792,-0.648227686111539
5.978784,-0.303159314701314
5.979776,-0.033565000645466
5.980768,-0.523317017136862
5.98176,-0.070498145972118
5.982752,-0.187252993147166
5.983744,-0.289445665517805
5.984736,-0.373085640004267
5.985728,-0.434922395957546
5.98672,-0.379838970856031
5.987712,-0.335086199777242
5.988704,-0.229620680708797
5.989696,-0.458757504299616
5.990688,-0.6714017148579
5.99168,-0.142743077830776
5.992672,-0.487933093985331
5.993664,-0.266690468854552
5.994656,-0.467540780671302
5.995648,-0.154511841770683
5.99664,0.028124945686215
5.997632,-0.019846573180291
5.998624,-0.355880418995962
5.999616,-0.422527764285558
6.000608,-0.311880584996875
6.0016,-0.053678493164791
6.002592,0.291961863234163
6.003584,-0.263350781639226
6.004576,-0.368667363965582
6.005568,0.211134818461157
6.00656,0.10636523290563
6.007552,0.113803634576273
6.008544,0.223336063277506
6.009536,0.116779663158305
6.010528,0.106114602042869
6.01152,0.040369009327011
6.012512,0.123502060823221
6.013504,0.188643897900535
6.014496,0.111701126088345
6.015488,0.230409635681425
6.01648,0.178283927275339
6.017472,-0.014324211448204
6.018464,0.142277941020947
6.019456,0.137893525796821
6.020448,0.594744236795623
6.02144,0.480747215726479
6.022432,0.186849073868018
6.023424,0.339134277692935
6.024416,0.158839667125494
6.025408,0.299334353832467
6.0264,0.39310902245284
6.027392,0.265341518748342
6.028384,0.380278900468317
6.029376,0.359137343699897
6.030368,0.370759254875256
6.03136,0.368047736943471
6.032352,0.349481435939583
6.033344,0.742978860440794
6.034336,0.600972724936661
6.035328,0.608954176701099
6.03632,0.612482936224242
6.037312,0.57441962661805
6.038304,0.2515260974472
6.039296,0.582802555283475
6.040288,0.60088425892212
6.04128,0.530018043472236
6.042272,1.00370367356693
6.043264,0.676008019263232
6.044256,0.520010712233163
6.045248,0.453305995326837
6.04624,0.701875437306891
6.047232,0.988078751280382
6.048224,0.548235179157701
6.049216,0.833189230477453
6.050208,0.571626638363977
6.0512,0.941925923473871
6.052192,0.614075792111136
6.053184,0.505582597370973
6.054176,0.818533425090314
6.055168,0.552466983356103
6.05616,0.790997647805162
6.057152,0.632643391102261
6.058144,0.617409428460301
6.059136,0.937087678818865
6.060128,0.76666656280479
6.06112,0.672778627517797
6.062112,0.781829679976965
6.063104,0.935458639081566
6.064096,0.938632411493496
6.065088,0.666272900298001
6.06608,0.63855606423133
6.067072,0.786825077052283
6.068064,0.848671001666477
6.069056,0.908526398636201
6.070048,0.76707139139278
6.07104,0.946883506843994
6.072032,0.669126059089765
6.073024,0.896427870885087
6.074016,0.943188126693314
6.075008,0.710833021302001
6.076,0.360534685773161
6.076992,0.729205686242691
6.077984,0.587081763927703
6.078976,0.42598565003185
6.079968,0.736117193335229
6.08096,0.534320958148118
6.081952,0.254858918414605
6.082944,0.615840555887409
6.083936,0.582174052175026
6.084928,0.31419024223668
6.08592,0.624765318685543
6.086912,0.115672801938741
6.087904,0.440741424229132
6.088896,0.524578779506869
6.089888,0.165491062232789
6.09088,0.020947035029807
6.091872,0.383677882409841
6.092864,-0.065543608187141
6.093856,0.193872970375961
6.094848,0.274765406684382
6.09584,-0.016493184811535
6.096832,0.285223261337882
6.097824,0.434579652853667
6.098816,0.409208639640678
6.099808,0.556712017736937
6.1008,0.2611749949156
6.101792,0.403000957653192
6.102784,0.156778107917288
6.103776,0.060896231656964
6.104768,-0.075219689199266
6.10576,0.434176173892989
6.106752,-0.012452211430708
6.107744,-0.046034638602081
6.108736,-0.070305125429034
6.109728,0.355904029954345
6.11072,0.029866453002049
6.111712,0.401564677552133
6.112704,-0.10581486547122
6.113696,-0.405936134201492
6.114688,0.017811420642735
6.11568,0.014073150527357
6.116672,-0.235132993418148
6.117664,-0.410542859050677
6.118656,0.168836246787863
6.119648,-0.082536176378307
6.12064,-0.143072045888197
6.121632,-0.121278341078877
6.122624,-0.059731968712443
6.123616,0.106494282842186
6.124608,0.07068714412718
6.1256,-0.116317131553029
6.126592,-0.434557535511572
6.127584,-0.300271749934897
6.128576,-0.183777108912467
6.129568,-0.160051726803811
6.13056,-0.077596648645338
6.131552,-0.013936000646792
6.132544,-0.22440876251685
6.133536,0.153434039380241
6.134528,-0.364234609293398
6.13552,-0.462348632705289
6.136512,-0.361991121652856
6.137504,-0.457564245459416
6.138496,-0.373978407919275
6.139488,-0.200715027833204
6.14048,-0.003520811568003
6.141472,-0.1447627717502
6.142464,-0.167475771268174
6.143456,-0.557161252608946
6.144448,0.141125703472245
6.14544,-0.342621888150441
6.146432,0.07660433953536
6.147424,-0.252828938991992
6.148416,0.006702791200414
6.149408,0.067124424867694
6.1504,-0.215621348853382
6.151392,-0.09178850699358
6.152384,0.075318357311399
6.153376,-0.017401003450683
6.154368,0.137707336318227
6.15536,-0.356454362425066
6.156352,0.058662301508223
6.157344,0.01543941525897
6.158336,-0.280847412359054
6.159328,0.167716276758258
6.16032,0.164209523279335
6.161312,-0.166630017554815
6.162304,-0.198876274529576
6.163296,0.051844891488398
6.164288,0.122958486304439
6.16528,0.28032667138492
6.166272,-0.156546893156892
6.167264,0.00024644148952
6.168256,-0.224850971481435
6.169248,0.086523969799541
6.17024,-0.062011697032139
6.171232,0.071698158325318
6.172224,0.319576801040745
6.173216,0.020816561555469
6.174208,0.107949143935258
6.1752,-0.031325517234257
6.176192,-0.031523173071207
6.177184,0.039137040163455
6.178176,0.086272488142888
6.179168,0.178167967708641
6.18016,0.163574227274004
6.181152,-0.09396543575827
6.182144,0.228608375454046
6.183136,0.161994933999279
6.184128,0.356929879841235
6.18512,0.627256307035754
6.186112,0.107465194783393
6.187104,0.727348175878779
6.188096,0.386741434450402
6.189088,0.421731261346992
6.19008,0.213264064035785
6.191072,0.137929757237505
6.192064,0.127343242287858
6.193056,0.164921646489752
6.194048,0.326446027158059
6.19504,0.593207186907879
6.196032,0.41836713152211
6.197024,0.427056183616589
6.198016,0.396087291127625
6.199008,0.609909974535387
6.2,0.700584145969854
6.200992,0.58606038611083
6.201984,0.770073065543394
6.202976,0.622227472464414
6.203968,0.699434271487697
6.20496,0.740808471895795
6.205952,0.625147911457565
6.206944,0.614140932133764
6.207936,0.789126355464927
6.208928,0.858463994725325
6.20992,0.828080051486091
6.210912,0.866294395943706
6.211904,0.619455152073048
6.212896,0.984449361086017
6.213888,1.14551049929606
6.21488,1.20858268904419
6.215872,0.765979360083395
6.216864,0.803634336972174
6.217856,1.03118214252039
6.218848,0.722378843198308
6.21984,1.28109878812252
6.220832,1.15451753401844
6.221824,0.713137515674078
6.222816,1.00001888910895
6.223808,1.08076469653653
6.2248,1.0169237111335
6.225792,1.00290009065248
6.226784,1.28493162563832
6.227776,0.790865008190471
6.228768,1.03276662751187
6.22976,0.922722345777591
6.230752,1.21997262021836
6.231744,1.24957389190444
6.232736,1.46256417053003
6.233728,0.924330775107844
6.23472,0.966393253908227
6.235712,0.837078522563962
6.236704,0.888064520012119
6.237696,1.22835932245777
6.238688,1.178897854933
6.23968,1.34327637860765
6.240672,1.1380649979503
6.241664,1.10992397703605
6.242656,1.27325588454453
6.243648,1.05999142919796
6.24464,1.13756896741189
6.245632,1.32529084032778
6.246624,1.28785215340513
6.247616,1.10880581221415
6.248608,1.19732728872789
6.2496,1.44240738569005
6.250592,1.27611348555758
6.251584,1.03294361193116
6.252576,1.0959664615608
6.253568,1.21224548603074
6.25456,1.20534708759865
6.255552,1.03214294942033
6.256544,1.57474651923443
6.257536,1.49663936080493
6.258528,1.58701129935569
6.25952,1.32509833002068
6.260512,1.4037764333287
6.261504,1.06693728401394
6.262496,1.03470250818942
6.263488,1.26134866023553
6.26448,1.3911131390297
6.265472,1.17991504866548
6.266464,1.57575739299493
6.267456,1.36278722071498
6.268448,1.47080619599016
6.26944,1.2905405164958
6.270432,1.40350727624017
6.271424,1.1393802467082
6.272416,0.942924703336065
6.273408,0.956949017127797
6.2744,1.14422805548038
6.275392,1.42405886220024
6.276384,1.18070456480674
6.277376,0.829029173852935
6.278368,1.17591332845352
6.27936,1.04718238670639
6.280352,0.979596282218566
6.281344,1.03463842803818
6.282336,0.96331209682319
6.283328,1.22575561168228
6.28432,0.986415281549573
6.285312,0.95887292106376
6.286304,0.895743395520995
6.287296,1.11352969296362
6.288288,0.718767086264669
6.28928,0.823623339938013
6.290272,0.741613364623669
6.291264,1.08186582852769
6.292256,0.520555999453727
6.293248,0.630856631603665
6.29424,0.571429797662971
6.295232,0.85207434099663
6.296224,0.576679953361537
6.297216,0.474429445845825
6.298208,0.275549239719371
6.2992,0.51670999654596
6.300192,0.719045902402521
6.301184,0.715568970586366
6.302176,0.781812304865491
6.303168,0.581021162918404
6.30416,0.408089988424282
6.305152,0.492671365150748
6.306144,0.691343424526417
6.307136,0.316053493337415
6.308128,0.585938159511777
6.30912,0.244310897796433
6.310112,0.625731989797273
6.311104,0.54242213029132
6.312096,0.492591702024289
6.313088,0.494711649539849
6.31408,0.351665351420642
6.315072,0.37121280443895
6.316064,0.692991189805053
6.317056,0.226996197489146
6.318048,0.306460055932019
6.31904,0.36930700700343
6.320032,0.287135328554798
6.321024,0.170443825417815
6.322016,0.223404761960279
6.323008,-0.061825594210405
6.324,0.460437393984532
6.324992,0.546081633198845
6.325984,0.311618929376522
6.326976,0.323966309156795
6.327968,0.117583284556538
6.32896,0.109890333002537
6.329952,-0.021534262677051
6.330944,-0.000386206847985
6.331936,0.072877581216
6.332928,0.050594053235457
6.33392,-0.133157799253233
6.334912,-0.426936029490698
6.335904,-0.470953209206891
6.336896,-0.008064267019092
6.337888,-0.116392172975833
6.33888,-0.072045359544934
6.339872,-0.363472256509983
6.340864,0.24337148969542
6.341856,-0.334900292762393
6.342848,-0.10328942647407
6.34384,-0.177031238714664
6.344832,-0.019029670028428
6.345824,-0.00557040322346
6.346816,-0.031277138891434
6.347808,-0.173906696492923
6.3488,-0.011332065961643
6.349792,-0.207387307256649
6.350784,-0.375947022115604
6.351776,-0.113183848801892
6.352768,-0.255723537280509
6.35376,-0.284509473245481
6.354752,-0.311762253887117
6.355744,0.08871030429861
6.356736,-0.414734827162129
6.357728,-0.30612752531634
6.35872,-0.329554274788064
6.359712,-0.311397550650651
6.360704,-0.409431905992712
6.361696,0.010719427828393
6.362688,-0.430195421192469
6.36368,-0.208290062993072
6.364672,-0.005710016390686
6.365664,-0.13311808368908
6.366656,-0.202576010748867
6.367648,-0.138641819778988
6.36864,-0.097728308698761
6.369632,-0.298076250819503
6.370624,-0.447466544656034
6.371616,-0.345072266385961
6.372608,-0.211261651597758
6.3736,-0.35215722518495
6.374592,-0.042779051254553
6.375584,-0.17261672332859
6.376576,-0.092175420247097
6.377568,0.053333879768211
6.37856,-0.08777827595437
6.379552,-0.294781062683111
6.380544,-0.198816291547185
6.381536,0.286218664783359
6.382528,-0.142272416796785
6.38352,-0.132473709806369
6.384512,0.238755377165588
6.385504,-0.419006230482857
6.386496,0.190354533181964
6.387488,-0.06016297464405
6.38848,-0.18725604192874
6.389472,0.167806090403993
6.390464,-0.323080788262898
6.391456,0.106470977061571
6.392448,-0.367427103844098
6.39344,0.074175763343526
6.394432,-0.037573624350058
6.395424,0.265412906112599
6.396416,0.049660502343014
6.397408,0.2198809627868
6.3984,0.124237005209298
6.399392,0.107727286431254
6.400384,0.217854242759477
6.401376,0.126252833562579
6.402368,0.235195127742871
6.40336,0.228967307768394
6.404352,0.550639643216675
6.405344,0.703427114895719
6.406336,0.619433924069719
6.407328,0.52864832630214
6.40832,0.458764604653444
6.409312,0.724304860690675
6.410304,0.714243935477383
6.411296,0.682872197462322
6.412288,0.536718769134631
6.41328,0.487224249467986
6.414272,0.40516307450429
6.415264,0.927523950062145
6.416256,0.273588951299449
6.417248,0.277987066813598
6.41824,0.512533903063743
6.419232,0.655199128391483
6.420224,0.614686686407739
6.421216,0.762066083723914
6.422208,0.488476794429701
6.4232,0.600622331788561
6.424192,0.694995081249585
6.425184,0.836905846248534
6.426176,0.835824519197505
6.427168,0.743737618725138
6.42816,0.544823168807589
6.429152,0.688752951322904
6.430144,0.61623636278285
6.431136,0.930974200446153
6.432128,0.832396084696542
6.43312,0.722451075293344
6.434112,0.856191947188005
6.435104,0.735509273619258
6.436096,0.920481979396273
6.437088,0.438015565014997
6.43808,0.59812766214512
6.439072,0.849141922924241
6.440064,0.765461694272183
6.441056,0.804579157628238
6.442048,1.03305267718326
6.44304,0.851337062444969
6.444032,0.764619005017432
6.445024,0.691956548974552
6.446016,0.617007921414555
6.447008,0.730118580482769
6.448,0.875342935346024
6.448992,0.604231389555846
6.449984,0.568182371927001
6.450976,0.876217761962837
6.451968,0.802445108299956
6.45296,0.510950576167381
6.453952,0.927156378415813
6.454944,0.57738920137587
6.455936,0.423140520347612
6.456928,0.931075775745668
6.45792,0.453430142370756
6.458912,0.791950178235079
6.459904,0.485075605927024
6.460896,0.695431743505916
6.461888,0.864852455778928
6.46288,0.832566566834979
6.463872,0.512227670402859
6.464864,0.645322698427792
6.465856,0.649516720138914
6.466848,0.505537045644308
6.46784,0.294922606611348
6.468832,0.529262510378952
6.469824,0.682297178688076
6.470816,0.71854277435917
6.471808,0.390377135532842
6.4728,0.637809029607192
6.473792,0.356209681674719
6.474784,0.578543490160986
6.475776,0.388680067904319
6.476768,0.5790560623845
6.47776,0.587844007072177
6.478752,0.337126436822868
6.479744,0.182049249262093
6.480736,0.404741203759264
6.481728,0.353911462530766
6.48272,0.690663479489515
6.483712,0.590205270080469
6.484704,0.404908772364831
6.485696,0.046898144959143
6.486688,0.141647440901464
6.48768,0.219711513589301
6.488672,0.118122003790684
6.489664,-0.068896485581889
6.490656,0.105755627909931
6.491648,0.231925902244677
6.49264,0.09614925015723
6.493632,0.275492206435859
6.494624,0.013660503519296
6.495616,0.150056786569817
6.496608,-0.021114175202562
6.4976,-0.074411729144763
6.498592,0.181875329233143
6.499584,0.065480111399455
6.500576,0.140758511361688
6.501568,0.030880560393551
6.50256,0.032871966402801
6.503552,0.171549691416847
6.504544,-0.168925675058008
6.505536,-0.017091364229589
6.506528,0.127209918282724
6.50752,0.038886320269961
6.508512,0.109796924927204
6.509504,-0.275567381583604
6.510496,0.080598670889367
6.511488,0.132220360019128
6.51248,-0.010319790485543
6.513472,-0.192491001918275
6.514464,-0.488773541863754
6.515456,-0.267049551945801
6.516448,-0.183889562367379
6.51744,-0.295951367514027
6.518432,-0.154746993493301
6.519424,-0.082017649406959
6.520416,-0.255134932469214
6.521408,-0.26621119835693
6.5224,-0.257807531287397
6.523392,-0.618691923236689
6.524384,-0.077026872421028
6.525376,-0.296939178335205
6.526368,-0.130428191117654
6.52736,-0.548336313282734
6.528352,-0.536758629297763
6.529344,-0.252139491837071
6.530336,-0.582708366769688
6.531328,-0.713223239193924
6.53232,-0.542899457611094
6.533312,-0.573967737440813
6.534304,-0.696196949478291
6.535296,-0.380884782187787
6.536288,-0.669527378286013
6.53728,-0.628230448904611
6.538272,-0.393494719544666
6.539264,-0.391253162618501
6.540256,-0.5217975240682
6.541248,-0.839965363558026
6.54224,-0.581226738325193
6.543232,-0.884714988383329
6.544224,-1.09893551962783
6.545216,-0.900953932713738
6.546208,-0.611706700762109
6.5472,-0.534213958702485
6.548192,-0.983828269241459
6.549184,-0.814387076059809
6.550176,-0.892008215878871
6.551168,-1.05855240096036
6.55216,-0.839629083301498
6.553152,-0.881780280067758
6.554144,-0.609585917858899
6.555136,-0.570178542761283
6.556128,-0.772677965095794
6.55712,-0.930622387481766
6.558112,-1.03882158001682
6.559104,-0.935099142741923
6.560096,-0.815457911867986
6.561088,-0.720343952349782
6.56208,-0.562097116055981
6.563072,-0.741045573107677
6.564064,-0.661763973701247
6.565056,-0.662249517544059
6.566048,-0.850005159005886
6.56704,-0.582602857612489
6.568032,-0.755032055288205
6.569024,-0.614836178583256
6.570016,-0.438897586386193
6.571008,-0.372710616267812
6.572,-0.563407040266617
6.572992,-0.664054818998456
6.573984,-0.86000846266086
6.574976,-0.262115216859015
6.575968,-0.535309851807445
6.57696,-0.561697859387397
6.577952,-0.401606610818926
6.578944,-0.31513561007601
6.579936,-0.066020132236314
6.580928,-0.33016076894396
6.58192,-0.292636039229243
6.582912,-0.639637790273364
6.583904,-0.13964135565503
6.584896,-0.254389374879497
6.585888,-0.365263801047929
6.58688,-0.189354303647014
6.587872,-0.234793440430157
6.588864,-0.293264906850972
6.589856,-0.043605964747093
6.590848,-0.158015101948959
6.59184,-0.092626447779241
6.592832,-0.271492669810882
6.593824,-0.230211998030965
6.594816,-0.047168216446796
6.595808,-0.149876304215549
6.5968,-0.1861306823171
6.597792,-0.277306033270027
6.598784,-0.073019265679342
6.599776,-0.090332650815939
6.600768,-0.186814303128864
6.60176,-0.122048835849685
6.602752,-0.310237392802886
6.603744,0.017065652429236
6.604736,0.128064230573233
6.605728,-0.176089858078688
6.60672,-0.011749634693496
6.607712,0.053931394352102
6.608704,0.057934931265605
6.609696,0.060242348446368
6.610688,0.084783975956358
6.61168,0.036610280208173
6.612672,0.073681920156911
6.613664,0.188518424953944
6.614656,0.283930704271239
6.615648,0.006109716911386
6.61664,0.24540777012687
6.617632,0.312106081243108
6.618624,-0.078165922994818
6.619616,0.255714340890183
6.620608,0.559556896481571
6.6216,0.520423309267842
6.622592,0.344504830857661
6.623584,0.31801666889336
6.624576,0.466690286922051
6.625568,0.493250456142933
6.62656,0.50224989938852
6.627552,0.536629122096012
6.628544,0.106773685219017
6.629536,0.208518442575414
6.630528,0.429531163051927
6.63152,0.041996415611553
6.632512,0.230723365978455
6.633504,0.57513803073967
6.634496,0.456375520364008
6.635488,0.124503737859868
6.63648,0.181955733088559
6.637472,0.258750788723578
6.638464,0.386721538129993
6.639456,0.457116279279981
6.640448,0.34664380368767
6.64144,0.503695992976864
6.642432,0.385203702344932
6.643424,0.55913911326124
6.644416,0.560720211166262
6.645408,0.089443134120005
6.6464,0.316823103758415
6.647392,0.2495177736977
6.648384,0.320453306808622
6.649376,0.334663055264593
6.650368,0.626487236963297
6.65136,0.301085402414372
6.652352,0.296942891480805
6.653344,0.383306321213899
6.654336,0.292085061711181
6.655328,0.459670084007191
6.65632,0.421616704605566
6.657312,0.253135255160223
6.658304,0.557284813517602
6.659296,0.096652861230533
6.660288,0.234609040937743
6.66128,0.410554146425501
6.662272,0.415887157117869
6.663264,0.189875252647943
6.664256,0.492818070717846
6.665248,0.410221800379691
6.66624,0.657105668128933
6.667232,0.371840919751102
6.668224,0.199853240391111
6.669216,0.45815226293212
6.670208,0.236926007801643
6.6712,0.283929391289307
6.672192,0.218866195488561
6.673184,0.14517735458688
6.674176,4.25E-05
6.675168,0.230334598040629
6.67616,0.26939786002856
6.677152,0.396733187988509
6.678144,0.258987938286758
6.679136,0.460478275184933
6.680128,0.087126280336375
6.68112,0.032691976877224
6.682112,-0.163518158951051
6.683104,0.049521931829497
6.684096,-0.121388159663224
6.685088,0.112265415078745
6.68608,-0.191756608083399
6.687072,-0.090701286885707
6.688064,-0.100453895982384
6.689056,0.070677488133889
6.690048,-0.139438348558156
6.69104,-0.18074866104283
6.692032,-0.194829805011277
6.693024,-0.185482982124674
6.694016,-0.004975745782933
6.695008,-0.354878298687376
6.696,-0.203367398564177
6.696992,-0.321994202805069
6.697984,-0.323601163253663
6.698976,-0.397510843657075
6.699968,-0.276495810615371
6.70096,-0.350518987575904
6.701952,-0.339826809020761
6.702944,-0.453911250379847
6.703936,-0.411397028787723
6.704928,-0.476300583101492
6.70592,-0.577139217302752
6.706912,-0.752301353560105
6.707904,-0.567530926330169
6.708896,-0.592980756482788
6.709888,-0.613355395209393
6.71088,-0.839166173629279
6.711872,-0.367558390718658
6.712864,-0.524143402353978
6.713856,-0.643521774982931
6.714848,-0.412000722246181
6.71584,-0.611065786892894
6.716832,-0.498418924646737
6.717824,-0.822752086044038
6.718816,-0.925384079014149
6.719808,-0.792639202198862
6.7208,-0.548309542612101
6.721792,-0.848153200377621
6.722784,-0.633937319201568
6.723776,-0.542891036429918
6.724768,-0.501257899203168
6.72576,-0.533736619822611
6.726752,-0.498961334214812
6.727744,-0.789475684039136
6.728736,-0.937188388079616
6.729728,-0.59092221589901
6.73072,-0.661761437410363
6.731712,-0.749444924110363
6.732704,-0.508127015217736
6.733696,-0.557729394060673
6.734688,-0.531042419776449
6.73568,-0.658987838112408
6.736672,-0.623369741781405
6.737664,-0.905734870692743
6.738656,-0.80376357458319
6.739648,-0.724737576986025
6.74064,-0.831564189105963
6.741632,-0.607381654654596
6.742624,-0.246919849789899
6.743616,-0.536726038377643
6.744608,-0.447987269384043
6.7456,-0.49156311618383
6.746592,-1.20821148286443
6.747584,-0.49297446351842
6.748576,-0.461409261030364
6.749568,-0.804735554824699
6.75056,-0.686683977534899
6.751552,-0.557466505838877
6.752544,-0.548449692293373
6.753536,-0.692688017746629
6.754528,-0.401098286497904
6.75552,-0.490959087001805
6.756512,-0.488329205589714
6.757504,-0.539230297460361
6.758496,-0.289738883358126
6.759488,-0.647614935067665
6.76048,-0.537744035854276
6.761472,-0.567179753216024
6.762464,-0.686174630639586
6.763456,-0.718906222037595
6.764448,-0.637202536660473
6.76544,-0.721433060646312
6.766432,-0.831452003400971
6.767424,-0.558585882978145
6.768416,-0.382674270405924
6.769408,-0.219582121614143
6.7704,-0.298999995653438
6.771392,-0.450821809561769
6.772384,-0.407583226791603
6.773376,-0.409105608097682
6.774368,-0.579205414915617
6.77536,-0.876044435380411
6.776352,-0.36251326744731
6.777344,-0.465597699923483
6.778336,-0.708438818421996
6.779328,-0.491219281326742
6.78032,0.159518062787436
6.781312,-0.045736152157492
6.782304,-0.256504638140524
6.783296,-0.276627883373303
6.784288,-0.394588716722222
6.78528,-0.51044793289831
6.786272,-0.109885197630875
6.787264,-0.22340987064995
6.788256,-0.076827767728247
6.789248,-0.252306597134883
6.79024,-0.208453206452923
6.791232,-0.132132244308062
6.792224,-0.302161692224224
6.793216,-0.206197661762839
6.794208,-0.072447592980876
6.7952,-0.297188455967811
6.796192,-0.12647411337143
6.797184,0.275655474186512
6.798176,-0.170670347653116
6.799168,0.058717025184812
6.80016,-0.095879407933972
6.801152,0.018599013741398
6.802144,-0.050727197575715
6.803136,-0.186700240150487
6.804128,-0.100153005555428
6.80512,0.075244137920698
6.806112,0.216848097144946
6.807104,-0.185863932926704
6.808096,0.358474346320472
6.809088,-0.129689910081395
6.81008,-0.067463174312874
6.811072,0.18316783125885
6.812064,0.006779911653491
6.813056,0.211851672274966
6.814048,0.059721579752404
6.81504,0.380291870027781
6.816032,0.042636024046211
6.817024,0.339275738153598
6.818016,0.259131551106135
6.819008,0.091095790267004
6.82,0.409074494009628
6.820992,0.291057944290734
6.821984,0.097820446449037
6.822976,0.075819217729071
6.823968,0.009090640981934
6.82496,-0.206830188003176
6.825952,0.242626472671756
6.826944,-0.024625140598399
6.827936,0.442780693046909
6.828928,0.31564245821373
6.82992,-0.008803537376184
6.830912,0.365678327287727
6.831904,0.306370057814581
6.832896,0.002552456611945
6.833888,0.079072903341283
6.83488,0.261390856409057
6.835872,0.232387587076139
6.836864,0.033853258171637
6.837856,0.045286229570121
6.838848,0.010145478799315
6.83984,0.161519538260599
6.840832,0.272509571747625
6.841824,0.007087783705373
6.842816,-0.184247938547569
6.843808,0.124835425420798
6.8448,0.150714326880184
6.845792,0.118611216960161
6.846784,0.019935827512407
6.847776,-0.070588785720319
6.848768,0.001606285556663
6.84976,0.20132171899964
6.850752,0.001414918022075
6.851744,-0.176795658890954
6.852736,-0.028533910632084
6.853728,-0.1594381928713
6.85472,-0.178889988720216
6.855712,0.121798952990132
6.856704,0.198003097443461
6.857696,-0.131188658721592
6.858688,-0.17539989782449
6.85968,-0.087438222111459
6.860672,0.03790884673304
6.861664,0.057322944619452
6.862656,-0.022536223620564
6.863648,0.303358164077822
6.86464,0.327003479008841
6.865632,0.041868568633193
6.866624,0.022395468943837
6.867616,-0.159509145852849
6.868608,0.139855061616273
6.8696,-0.164461579954539
6.870592,-0.330033108240434
6.871584,-0.158805959621248
6.872576,-0.146463809850787
6.873568,-0.156276634992923
6.87456,-0.143137477646477
6.875552,-0.047842234016251
6.876544,-0.164910175522165
6.877536,-0.063416610285506
6.878528,-0.015943733351053
6.87952,-0.262726874720642
6.880512,-0.579053384584396
6.881504,-0.419962467770756
6.882496,-0.716794331029368
6.883488,-0.582061875572367
6.88448,-0.29359544221811
6.885472,-0.290540077423628
6.886464,-0.626616869458995
6.887456,-0.712759299804078
6.888448,-0.250231898635105
6.88944,-0.629450640636721
6.890432,-0.386225566749803
6.891424,-0.50444312745756
6.892416,-0.702991696145686
6.893408,-0.580324767034374
6.8944,-0.70808380161938
6.895392,-0.407606715387148
6.896384,-0.558613116669101
6.897376,-0.628133065798546
6.898368,-0.633532717830604
6.89936,-0.266741832216538
6.900352,-0.639904988991376
6.901344,-0.867957137561007
6.902336,-0.61097256248037
6.903328,-0.399264489582603
6.90432,-0.836505722082407
6.905312,-0.644171244504288
6.906304,-0.769051774831742
6.907296,-0.814023285458679
6.908288,-0.737151729352536
6.90928,-0.727385453942992
6.910272,-0.918527425398523
6.911264,-1.11178973454327
6.912256,-0.872674367931056
6.913248,-1.03504362027461
6.91424,-0.902787679958241
6.915232,-0.662900704849327
6.916224,-0.974590978233734
6.917216,-1.02216744719935
6.918208,-0.952312096661714
6.9192,-0.966982381446114
6.920192,-1.06240211005632
6.921184,-0.815377044186682
6.922176,-0.857491931893473
6.923168,-0.763016668123819
6.92416,-0.936162104601292
6.925152,-1.22108121702809
6.926144,-1.4183182061187
6.927136,-1.01337754295415
6.928128,-0.87907920372276
6.92912,-1.16387008599049
6.930112,-1.09459673664389
6.931104,-1.12572032522718
6.932096,-1.04565151945262
6.933088,-1.17642273397691
6.93408,-1.15750296331994
6.935072,-1.18956631987195
6.936064,-1.10145575963177
6.937056,-1.16560118165612
6.938048,-0.914739103664236
6.93904,-1.21092642093323
6.940032,-1.3583235745586
6.941024,-0.856341183180789
6.942016,-1.02869036232896
6.943008,-1.25551360425779
6.944,-1.15133063635253
6.944992,-0.846494887346883
6.945984,-1.02114211239515
6.946976,-1.05450257840578
6.947968,-0.976495067432232
6.94896,-0.888041296091536
6.949952,-1.24374641792471
6.950944,-1.1218157604293
6.951936,-0.791868820824534
6.952928,-1.29379167348981
6.95392,-1.06137110471129
6.954912,-0.869833274053281
6.955904,-1.51712493592308
6.956896,-1.08697786273171
6.957888,-1.14440987565068
6.95888,-0.821208692069053
6.959872,-1.14507408020756
6.960864,-0.925053815279889
6.961856,-1.05206051739209
6.962848,-0.840606266557484
6.96384,-1.23094456953829
6.964832,-0.914473884502131
6.965824,-1.09908556295186
6.966816,-0.836919212042963
6.967808,-1.04751197683743
6.9688,-0.857526452148962
6.969792,-0.77029803547959
6.970784,-0.941980162789827
6.971776,-1.23427784727472
6.972768,-0.881946367775221
6.97376,-1.01293084252412
6.974752,-0.895407000049851
6.975744,-1.14236471291223
6.976736,-0.748050990018278
6.977728,-0.962135036773155
6.97872,-0.790072413708602
6.979712,-0.998650701536614
6.980704,-0.715561472902191
6.981696,-0.614119265946536
6.982688,-1.00990045591101
6.98368,-0.571774752466287
6.984672,-0.645473842697846
6.985664,-0.620728373279305
6.986656,-0.82310261377172
6.987648,-0.74455938773762
6.98864,-0.655452733242029
6.989632,-0.646618701424325
6.990624,-0.875386323960841
6.991616,-0.780712152094788
6.992608,-0.811322204440569
6.9936,-0.738057559615157
6.994592,-0.780113450175475
6.995584,-0.553594183756114
6.996576,-0.663565697362616
6.997568,-0.833224270946934
6.99856,-0.753700621228976
6.999552,-0.428550518496259
7.000544,-0.258207509101754
7.001536,-0.615095381389927
7.002528,-0.343025592744013
7.00352,-0.379798056512182
7.004512,-0.392864838445922
7.005504,-0.714650393018588
7.006496,-0.500473827984603
7.007488,-0.658145470827032
7.00848,-0.36571496167156
7.009472,-0.389663531978827
7.010464,-0.481197445518338
7.011456,-0.461505262951128
7.012448,-0.538468970528043
7.01344,-0.467686445323641
7.014432,-0.126884319113845
7.015424,-0.207666190671294
7.016416,-0.274556281221228
7.017408,-0.058450737992328
7.0184,-0.038927627448962
7.019392,-0.362201417647257
7.020384,-0.033577650983585
7.021376,-0.34004917017671
7.022368,-0.09713282108798
7.02336,-0.230344016963424
7.024352,-0.356145793594366
7.025344,-0.294628185504404
7.026336,-0.396798495103506
7.027328,-0.532284243956894
7.02832,-0.609344375681918
7.029312,-0.164768203785511
7.030304,-0.085149976151389
7.031296,-0.147024965881699
7.032288,-0.134655433420009
7.03328,-0.117280986292536
7.034272,-0.265612244340331
7.035264,-0.73688952361134
7.036256,-0.297506812420359
7.037248,-0.291089055659954
7.03824,-0.178669080740586
7.039232,-0.028429179121125
7.040224,-0.273375364294881
7.041216,0.036130375642601
7.042208,-0.409306649336874
7.0432,-0.248621475205159
7.044192,-0.31669131542398
7.045184,-0.48095616828931
7.046176,-0.327519147278548
7.047168,0.176916811703491
7.04816,-0.295966219578857
7.049152,-0.031157530924894
7.050144,-0.292113495095371
7.051136,0.188628566681547
7.052128,0.026175234670245
7.05312,-0.100055856150051
7.054112,-0.009708148999644
7.055104,-0.362065115494457
7.056096,-0.316640906818696
7.057088,-0.352449692422411
7.05808,-0.097534876403628
7.059072,-0.467839687668117
7.060064,-0.553218229619035
7.061056,-0.345808755699796
7.062048,-0.706758114265517
7.06304,-0.192867397883952
7.064032,-0.518025191655463
7.065024,-0.384802192086835
7.066016,-0.447333374880321
7.067008,-0.207595223090713
7.068,-0.581221828019181
7.068992,-0.315210984954647
7.069984,-0.419315835425571
7.070976,-0.291732671865806
7.071968,-0.491191832710567
7.07296,-0.237584328841518
7.073952,-0.355719983504323
7.074944,-0.269569811070072
7.075936,-0.568963893862304
7.076928,-0.698344824077601
7.07792,-0.625875076004137
7.078912,-0.97330897945452
7.079904,-0.63104958855354
7.080896,-0.862754003275474
7.081888,-0.719419760117315
7.08288,-0.722334479363541
7.083872,-0.943949902548786
7.084864,-1.03514314335314
7.085856,-0.721138010627243
7.086848,-0.929109066724487
7.08784,-0.806790372817238
7.088832,-0.814647114323671
7.089824,-0.630349532322165
7.090816,-1.08949043905156
7.091808,-1.01971758340395
7.0928,-1.00409435281903
7.093792,-0.946325231304234
7.094784,-0.82101728505194
7.095776,-1.04094633300552
7.096768,-1.21121121062427
7.09776,-0.991504491580095
7.098752,-1.31498137480585
7.099744,-1.28985467741126
7.100736,-1.08067323416572
7.101728,-0.999730908391465
7.10272,-0.677685987440975
7.103712,-1.01628705936845
7.104704,-1.0151895062209
7.105696,-1.22102166314274
7.106688,-0.971232549498976
7.10768,-1.32702152648909
7.108672,-1.10224720207887
7.109664,-1.14430048978273
7.110656,-1.10905341593624
7.111648,-0.728022202493553
7.11264,-1.01871095503341
7.113632,-0.750436147039046
7.114624,-0.778298358736706
7.115616,-0.921576191710435
7.116608,-0.828749025074391
7.1176,-1.16539065635727
7.118592,-1.09945660055393
7.119584,-1.31308779655846
7.120576,-0.979499817230436
7.121568,-0.821622069441326
7.12256,-0.908441937486887
7.123552,-1.16183995507261
7.124544,-1.14724693198845
7.125536,-1.23884635334141
7.126528,-0.963145641992372
7.12752,-0.897461751025067
7.128512,-0.6190816944121
7.129504,-0.96712600109868
7.130496,-0.922837675942438
7.131488,-0.878784817886193
7.13248,-0.940695298973709
7.133472,-0.821003917110298
7.134464,-0.996886411231079
7.135456,-0.713738972179438
7.136448,-0.934308528350833
7.13744,-0.768741036745015
7.138432,-0.784228241875693
7.139424,-0.947512611494838
7.140416,-0.647588496297294
7.141408,-1.12299414195397
7.1424,-0.941131807474158
7.143392,-0.627434687253058
7.144384,-0.978671454250691
7.145376,-0.697400544484075
7.146368,-0.801668878247226
7.14736,-0.893955849555536
7.148352,-0.783153294723642
7.149344,-0.595288710449119
7.150336,-0.659151074617573
7.151328,-0.807878389802033
7.15232,-0.345669008226509
7.153312,-0.437019233770865
7.154304,-0.828769060456032
7.155296,-0.661717961631701
7.156288,-0.571782658198392
7.15728,-0.463655589930589
7.158272,-0.433583842241801
7.159264,-0.375765970629943
7.160256,-0.350479273802683
7.161248,-0.178492994600757
7.16224,-0.546696084241777
7.163232,-0.549487084093336
7.164224,-0.703263416320473
7.165216,-0.666447116559046
7.166208,-0.269929641721245
7.1672,-0.296963997109379
7.168192,-0.285654081348541
7.169184,-0.279607240709922
7.170176,-0.294137107027941
7.171168,-0.221001969424482
7.17216,-0.218730574376941
7.173152,-0.141207125103792
7.174144,-0.102276391586846
7.175136,-0.508352574415765
7.176128,-0.311835806191859
7.17712,-0.406074837223137
7.178112,-0.00147452698159
7.179104,-0.130074115835644
7.180096,-0.133054410388989
7.181088,-0.120879320464444
7.18208,-0.030072432799392
7.183072,0.022233947298813
7.184064,-0.136770851431187
7.185056,0.280049192631736
7.186048,0.09696928508076
7.18704,0.012350697535267
7.188032,-0.049151044095977
7.189024,-0.009733223355539
7.190016,0.325273213607151
7.191008,0.170621311289961
7.192,-0.017303589042744
7.192992,0.42161520888483
7.193984,0.253089944973174
7.194976,0.157398799843546
7.195968,0.258733288183711
7.19696,0.194897662399605
7.197952,0.25846309750087
7.198944,0.215694427183433
7.199936,0.288124343604464
7.200928,0.181997002137808
7.20192,0.425876140617208
7.202912,0.589545946302559
7.203904,0.397385483279313
7.204896,0.410956352939267
7.205888,0.196838883683917
7.20688,0.494084047985418
7.207872,0.345437292321813
7.208864,0.510507971469945
7.209856,0.660572965748743
7.210848,0.199103769883176
7.21184,0.524954125416267
7.212832,0.51209492517718
7.213824,0.311371623882831
7.214816,0.424871578031649
7.215808,0.378932608470511
7.2168,0.664939745624622
7.217792,0.602036066561684
7.218784,0.544907830629784
7.219776,0.594724646296421
7.220768,0.771421358672987
7.22176,0.359764106541759
7.222752,0.562821069990925
7.223744,0.799457783744444
7.224736,0.439343812218339
7.225728,0.879043498715519
7.22672,0.791956512011676
7.227712,0.693947027873425
7.228704,0.830745737483916
7.229696,0.837215861453492
7.230688,0.846666179243221
7.23168,0.640331169811956
7.232672,0.762280573632904
7.233664,0.933580124762271
7.234656,0.970370147178004
7.235648,0.854165700795148
7.23664,1.2648388395368
7.237632,0.817424027988083
7.238624,0.560827845694006
7.239616,0.901950904769565
7.240608,1.0881555682657
7.2416,1.15621374659568
7.242592,1.10760479142626
7.243584,0.82672938291945
7.244576,1.26599520514154
7.245568,0.694686156850176
7.24656,0.875585092456335
7.247552,0.93863479773013
7.248544,0.810068849689218
7.249536,0.83771521663562
7.250528,0.902731446541103
7.25152,0.861642937873119
7.252512,0.865433433846705
7.253504,1.09884846367823
7.254496,0.803695982291606
7.255488,0.988013424520661
7.25648,1.03139993555087
7.257472,0.880095589085493
7.258464,0.953672233353503
7.259456,0.881238357073635
7.260448,0.964182125546655
7.26144,1.06809920722686
7.262432,0.770131228298954
7.263424,0.89081975461135
7.264416,1.03740690299145
7.265408,1.26838364239386
7.2664,1.06386081911858
7.267392,1.13386242126674
7.268384,0.974883930865939
7.269376,0.950165726169403
7.270368,1.17003634677217
7.27136,0.967056625451683
7.272352,0.879370803630204
7.273344,0.887291591460222
7.274336,1.43325854018238
7.275328,0.747415288220989
7.27632,0.814498161567236
7.277312,0.926699430837423
7.278304,0.9795842099544
7.279296,0.853511524637176
7.280288,0.573939039272022
7.28128,0.702890156915078
7.282272,0.508168894727227
7.283264,0.928399429209713
7.284256,0.805210837703523
7.285248,0.732694935182127
7.28624,0.6185836774546
7.287232,0.851064734917477
7.288224,0.743521111363589
7.289216,0.493910670725602
7.290208,0.654817587404866
7.2912,0.562720630414902
7.292192,0.482622820923176
7.293184,0.81565630390319
7.294176,0.418291388455814
7.295168,0.588018454079095
7.29616,0.601355806491216
7.297152,0.251694838201713
7.298144,0.293093990472269
7.299136,0.167977391978515
7.300128,0.576478955114152
7.30112,0.63029549305663
7.302112,0.40972093710636
7.303104,0.07338462333858
7.304096,0.490515564295338
7.305088,0.534482098820993
7.30608,0.308265664688996
7.307072,0.224491434564514
7.308064,-0.016825312806502
7.309056,0.352897712136195
7.310048,-0.02307077065463
7.31104,-0.048313136032332
7.312032,0.396341115482642
7.313024,0.600709014573643
7.314016,0.333777737676642
7.315008,0.121892672560686
7.316,-0.09927502890074
7.316992,0.146582352517565
7.317984,0.039827153656196
7.318976,-0.084687136743756
7.319968,0.118257778201118
7.32096,-0.04264729135985
7.321952,-0.106591278008463
7.322944,0.1559773199103
7.323936,-0.181706778513781
7.324928,-0.145528117091313
7.32592,-0.122599554065451
7.326912,-0.308647910849995
7.327904,0.284465430626234
7.328896,0.15212848856724
7.329888,-0.148309225472826
7.33088,-0.277043186225881
7.331872,-0.421352792369998
7.332864,0.095855982972489
7.333856,-0.155499643102465
7.334848,-0.043688746881014
7.33584,-0.024111505645048
7.336832,0.068889093248736
7.337824,-0.142630397336359
7.338816,-0.231159684267259
7.339808,0.134601660265213
7.3408,0.079742327733546
7.341792,0.167562938072328
7.342784,0.112018708840617
7.343776,0.095633061198544
7.344768,0.28564938024573
7.34576,0.080879120271046
7.346752,0.118995388064774
7.347744,0.034042409691368
7.348736,-0.173232014693394
7.349728,0.486374087131567
7.35072,0.376347447602743
7.351712,-0.067636077311949
7.352704,-0.050003190626647
7.353696,0.234071399465338
7.354688,0.289108198682204
7.35568,0.363915491890014
7.356672,0.349171038887126
7.357664,0.243711242353475
7.358656,0.070893095428277
7.359648,0.119335746750785
7.36064,0.326328992576411
7.361632,0.132415786126233
7.362624,-0.046936925841535
7.363616,0.179656376059205
7.364608,0.281852561583264
7.3656,0.118699907595519
7.366592,0.390318172022693
7.367584,0.109271436732176
7.368576,0.35154571632978
7.369568,0.299112914744639
7.37056,-0.048420778988737
7.371552,0.087119406084242
7.372544,0.199416627246628
7.373536,0.412356584168435
7.374528,0.274402767263604
7.37552,0.4285956017826
7.376512,0.029155234174494
7.377504,0.052701477643913
7.378496,0.390976566912067
7.379488,0.520179025513173
7.38048,0.540030305491772
7.381472,0.544754356903066
7.382464,0.085547713232907
7.383456,0.352355838672458
7.384448,0.537038231334525
7.38544,0.701328051876488
7.386432,0.462994610285397
7.387424,0.590999023607788
7.388416,0.866977219525636
7.389408,0.630495719614561
7.3904,0.691372385426559
7.391392,0.424078305730325
7.392384,0.763525343592445
7.393376,0.431070184173465
7.394368,0.432166368600724
7.39536,0.555380336875083
7.396352,0.614344454040504
7.397344,0.589634207078314
7.398336,0.704633696828076
7.399328,0.909601876767043
7.40032,0.621992463623989
7.401312,0.693926071390551
7.402304,0.520334377920619
7.403296,0.64471736997356
7.404288,0.554196250680747
7.40528,0.624520574297074
7.406272,0.843350384385922
7.407264,1.06624661247212
7.408256,1.1751207595019
7.409248,0.879923641810068
7.41024,0.753567315677879
7.411232,1.04905602259419
7.412224,0.963613655187526
7.413216,0.606638377080937
7.414208,0.753235657984481
7.4152,0.74126278255622
7.416192,0.726040856189718
7.417184,0.921984332710189
7.418176,1.23597780439211
7.419168,1.05969381452248
7.42016,0.809441909122318
7.421152,0.89674878181898
7.422144,0.940156217989371
7.423136,0.979439717317701
7.424128,0.939973613766714
7.42512,1.2639739089372
7.426112,0.837385870681797
7.427104,0.659180563783319
7.428096,0.862297676752615
7.429088,0.810393695136605
7.43008,0.765204585587683
7.431072,0.484742883251965
7.432064,0.797468881441264
7.433056,1.01208138699589
7.434048,0.711328784413511
7.43504,0.762316145008797
7.436032,0.934580316406703
7.437024,0.688503533212028
7.438016,0.825355301692188
7.439008,0.754940707401923
7.44,0.758385309055808
7.440992,1.07683668847281
7.441984,0.705782031710255
7.442976,0.638595784397476
7.443968,0.684971813379853
7.44496,1.00679128779327
7.445952,0.781074571552731
7.446944,0.823085081689117
7.447936,0.510199334119319
7.448928,0.753163028543025
7.44992,0.808110414080902
7.450912,0.824713085096667
7.451904,0.496645231395934
7.452896,0.725524446188183
7.453888,0.444282487626847
7.45488,0.797142188522067
7.455872,0.335492828083355
7.456864,0.603350391325933
7.457856,0.467755107765555
7.458848,0.49805324985021
7.45984,0.231932791612864
7.460832,0.694755507725627
7.461824,0.689724971142843
7.462816,0.573654172566252
7.463808,0.407502058735108
7.4648,0.312019105220585
7.465792,0.467796718672456
7.466784,0.314293900231145
7.467776,0.4503725029444
7.468768,0.146177460395804
7.46976,0.334035686732475
7.470752,0.367799474183139
7.471744,0.367480198322479
7.472736,0.280196781143521
7.473728,0.036720698497502
7.47472,0.278778705132814
7.475712,0.540468429770523
7.476704,0.262948272498479
7.477696,0.246226955667805
7.478688,0.01872883711831
7.47968,0.261773424739209
7.480672,0.511002953389083
7.481664,0.317485257443325
7.482656,0.143695975346586
7.483648,0.373848792783654
7.48464,0.059726661490714
7.485632,0.024589205971733
7.486624,0.45566338053122
7.487616,0.148264083700985
7.488608,-0.056060183752453
7.4896,0.043719171586528
7.490592,0.116283828426023
7.491584,-0.102105072106253
7.492576,-0.141542946283109
7.493568,0.018017369948887
7.49456,-0.064400744107229
7.495552,0.125096805086848
7.496544,0.192963960332777
7.497536,-0.126439981362355
7.498528,-0.155181549714931
7.49952,-0.087824253296624
7.500512,-0.078720493555811
7.501504,-0.242277576099418
7.502496,-0.173534991363155
7.503488,-0.180247434750617
7.50448,-0.251181547038033
7.505472,-0.187674848872268
7.506464,-0.062152674779032
7.507456,-0.065313451215849
7.508448,-0.305131895937508
7.50944,-0.325607105858486
7.510432,-0.250288134404229
7.511424,-0.308306651903333
7.512416,-0.056921948406447
7.513408,0.100402086608394
7.5144,-0.039918521316939
7.515392,-0.294831507220535
7.516384,-0.523320864676874
7.517376,-0.157300418740294
7.518368,-0.487243675990436
7.51936,-0.672575776698493
7.520352,-0.361977329447472
7.521344,-0.517788180725649
7.522336,-0.266298775489555
7.523328,-0.19581058531567
7.52432,-0.394720676667885
7.525312,-0.246306062855712
7.526304,-0.695547076849573
7.527296,-0.643331155499461
7.528288,-0.47075850020229
7.52928,-0.412218313164296
7.530272,-0.698593501484653
7.531264,-0.730151660246644
7.532256,-0.730752618413468
7.533248,-0.326486131855986
7.53424,-0.791860179022765
7.535232,-0.745112186419806
7.536224,-0.356126362668188
7.537216,-0.501339127095999
7.538208,-0.379206181330786
7.5392,-0.442181620438834
7.540192,-0.33129192108159
7.541184,-0.336960833915235
7.542176,-0.145527786952822
7.543168,-0.807090473429915
7.54416,-0.779424563679787
7.545152,-0.632610533011164
7.546144,-0.743639749455118
7.547136,-0.704794094512931
7.548128,-0.722829475103868
7.54912,-0.510358339801379
7.550112,-0.475665855555053
7.551104,-0.368512316799664
7.552096,-0.392768089965875
7.553088,-0.443093377971419
7.55408,-0.360919557146369
7.555072,-0.819359124038159
7.556064,-0.374612351554597
7.557056,-0.419041544228492
7.558048,-0.371672683818028
7.55904,-0.26892183139336
7.560032,-0.57094744030233
7.561024,-0.166072646420334
7.562016,-0.436579686375392
7.563008,-0.320598694834127
7.564,-0.158214224207704
7.564992,-0.105061552395168
7.565984,-0.331709433903241
7.566976,-0.087920520373059
7.567968,-0.295996496753298
7.56896,-0.161475140188304
7.569952,-0.125474844494761
7.570944,0.034044378838216
7.571936,-0.25088423106074
7.572928,-0.195867577985719
7.57392,-0.032797269397433
7.574912,-0.352351606061055
7.575904,-0.272780144665607
7.576896,-0.411250279300724
7.577888,-0.148365593401856
7.57888,0.14660085126474
7.579872,0.367366197429426
7.580864,0.013244728790913
7.581856,-0.105112317592278
7.582848,-0.015521159665934
7.58384,-0.073091177375727
7.584832,0.18575387688588
7.585824,-0.063051907185898
7.586816,0.320682655104528
7.587808,0.183643212316699
7.5888,0.357139901611969
7.589792,0.562470628921717
7.590784,0.060166969196942
7.591776,0.046420880387205
7.592768,0.244397738978217
7.59376,0.069990117910405
7.594752,0.007202636225589
7.595744,0.130591781775263
7.596736,0.07899923287912
7.597728,0.262003576959985
7.59872,0.141675714746903
7.599712,0.050660755692858
7.600704,0.208984429313649
7.601696,-0.231982773233372
7.602688,0.009895122381696
7.60368,0.266144528110679
7.604672,0.002206949725045
7.605664,0.275281894966222
7.606656,0.362405232069421
7.607648,0.339824151389856
7.60864,-0.223121946503622
7.609632,0.228967000073027
7.610624,0.151647606595293
7.611616,-0.037723834847959
7.612608,0.09911078509522
7.6136,0.40043083341428
7.614592,-0.129453450522356
7.615584,0.416705237840312
7.616576,0.093731764721736
7.617568,0.231831447624724
7.61856,0.0867362767725
7.619552,0.215700886952896
7.620544,0.259150104130702
7.621536,0.370968751769395
7.622528,0.106053281522133
7.62352,0.263843670791685
7.624512,0.256976563858037
7.625504,0.147417879038802
7.626496,0.178487640381106
7.627488,0.106997334103692
7.62848,0.052543704690715
7.629472,0.173414425290004
7.630464,0.160481766695715
7.631456,0.601474477569635
7.632448,0.399292627324215
7.63344,0.168147298683303
7.634432,0.306279422755696
7.635424,0.504540650653495
7.636416,0.251611373723702
7.637408,0.519899810871252
7.6384,0.183018656555105
7.639392,0.060831905098833
7.640384,0.181198510685441
7.641376,0.301364149747495
7.642368,0.062730655179425
7.64336,0.288318507113903
7.644352,0.425075923498994
7.645344,0.66017682341954
7.646336,0.174455473003147
7.647328,0.226009351335848
7.64832,0.2378831926159
7.649312,0.463449698575863
7.650304,0.169325547935203
7.651296,0.206408679030106
7.652288,0.226634327346324
7.65328,0.10942324042095
7.654272,0.194577292265541
7.655264,0.084123254128223
7.656256,0.113077589920623
7.657248,0.037182978052417
7.65824,-0.168388793382376
7.659232,0.18661632895205
7.660224,0.223315053693911
7.661216,0.023426919283851
7.662208,0.039729245316789
7.6632,0.095792714884211
7.664192,0.281467920235217
7.665184,-0.084796870053834
7.666176,0.0950480252261
7.667168,-0.139717367917347
7.66816,-0.177759650214429
7.669152,0.00787983932305
7.670144,-0.154198266236671
7.671136,-0.118946356145535
7.672128,0.01416249432079
7.67312,-0.020479312530138
7.674112,0.010275521906312
7.675104,-0.070885223140033
7.676096,-0.117556133416158
7.677088,-0.340581641551695
7.67808,-0.380721523557514
7.679072,-0.255020156785329
7.680064,-0.020010026944142
7.681056,-0.151821319475882
7.682048,-0.186825599904454
7.68304,0.048319885079529
7.684032,-0.168044960996181
7.685024,-0.05821874463397
7.686016,0.034852543629887
7.687008,0.130390819993867
7.688,-0.011605124234113
7.688992,-0.163650539363018
7.689984,-0.079690318720153
7.690976,-0.405010566817529
7.691968,-0.136209021042901
7.69296,-0.475109230664532
7.693952,-0.304201479442129
7.694944,0.006425706094548
7.695936,-0.352722272961717
7.696928,-0.428307556955246
7.69792,-0.126758761314159
7.698912,-0.540427296914128
7.699904,-0.154152830338296
7.700896,-0.044768406937574
7.701888,-0.304820265238858
7.70288,-0.493420250902494
7.703872,-0.236088279749424
7.704864,-0.349558465046608
7.705856,-0.296566580319174
7.706848,-0.3162439431493
7.70784,-0.618581565666104
7.708832,-0.422576999663546
7.709824,-0.388437776232104
7.710816,-0.314685570250204
7.711808,-0.267821201125686
7.7128,-0.474201039674062
7.713792,-0.461305259620489
7.714784,-0.333361110333789
7.715776,-0.724020310622868
7.716768,-0.547012545484028
7.71776,-0.644036694058173
7.718752,-0.371441076578086
7.719744,-0.555974972591386
7.720736,-0.486283647443415
7.721728,-0.684254270453344
7.72272,-0.602671100858205
7.723712,-0.314030649184172
7.724704,-0.355516244677391
7.725696,-0.647062996737761
7.726688,-0.557102451812882
7.72768,-0.707498379580146
7.728672,-0.50531032972353
7.729664,-0.226977503053453
7.730656,-0.467850984170093
7.731648,-0.322955551967196
7.73264,-0.491825487203152
7.733632,-0.481597421989186
7.734624,-0.235002749372696
7.735616,-0.438488720708136
7.736608,-0.477453775152644
7.7376,-0.233483277843754
7.738592,-0.193043618123388
7.739584,-0.490574291555419
7.740576,-0.018774206895978
7.741568,0.025587163300935
7.74256,0.00109501233006
7.743552,-0.281840511085736
7.744544,-0.307668459792049
7.745536,-0.574129980051423
7.746528,-0.305145210218679
7.74752,-0.354297845176298
7.748512,-0.214826293006928
7.749504,-0.234714311756116
7.750496,-0.281153645169152
7.751488,0.110140293074761
7.75248,-0.198465653400957
7.753472,-0.036749112472725
7.754464,0.056039910208292
7.755456,-0.069981014484929
7.756448,0.211471705182896
7.75744,0.189745319125622
7.758432,0.005254936750778
7.759424,0.091022150368496
7.760416,-0.097544641159203
7.761408,-0.013978905934915
7.7624,-0.155012939988724
7.763392,0.194175016959818
7.764384,0.368677864611125
7.765376,0.135151651586784
7.766368,0.07892569822154
7.76736,0.05004259703781
7.768352,0.072722114046132
7.769344,0.172937631155729
7.770336,0.360120390577665
7.771328,0.098474892338213
7.77232,0.27576615695076
7.773312,0.323272517938996
7.774304,-0.084507753927969
7.775296,0.348888959878758
7.776288,0.280829126304459
7.77728,0.100971317117714
7.778272,-0.056318934380513
7.779264,0.28940142175447
7.780256,0.160418711072696
7.781248,0.253570363052491
7.78224,0.089213218211372
7.783232,0.152248317593617
7.784224,0.413755578293387
7.785216,0.579864606765569
7.786208,0.461134028265938
7.7872,0.372079890485116
7.788192,0.314881805487514
7.789184,0.572417398081084
7.790176,-0.081901278252768
7.791168,0.249612418386282
7.79216,0.200026920380264
7.793152,0.506146205591267
7.794144,0.387153313196997
7.795136,0.348363209930653
7.796128,0.402844875264654
7.79712,0.418677645082921
7.798112,0.405639764352799
7.799104,0.503540157633915
7.800096,0.232067653211776
7.801088,0.334940725683123
7.80208,0.590268149593665
7.803072,0.727012332438479
7.804064,0.612092619785415
7.805056,0.5509627254269
7.806048,0.801499046596688
7.80704,0.78386208617924
7.808032,0.591341416778976
7.809024,0.398962045606856
7.810016,0.880454138521937
7.811008,0.362616327383937
7.812,0.652164214064326
7.812992,0.586358825114669
7.813984,0.931684215641534
7.814976,0.652980302109726
7.815968,0.400604220865636
7.81696,0.728402156538687
7.817952,0.784574754097091
7.818944,0.690255936710303
7.819936,0.716521762349348
7.820928,0.622722589059796
7.82192,0.413274259439691
7.822912,0.927769514391771
7.823904,0.85137689786819
7.824896,0.726503078452387
7.825888,0.578472029702096
7.82688,0.573459729621396
7.827872,1.18926398462214
7.828864,0.858452062927799
7.829856,0.447818731351512
7.830848,0.873699621835365
7.83184,0.614191997289143
7.832832,0.514933895050101
7.833824,0.578509545204422
7.834816,0.598762516352626
7.835808,0.334218730803493
7.8368,0.511240329200877
7.837792,0.716996342911709
7.838784,0.224086503220879
7.839776,0.578750984954011
7.840768,0.868785895625597
7.84176,0.774317377755154
7.842752,0.854838498400348
7.843744,0.804962204085221
7.844736,0.65399956431855
7.845728,0.572949433490312
7.84672,1.11623449929004
7.847712,0.702497780375224
7.848704,0.786718416739142
7.849696,0.475837661554387
7.850688,0.650279061099216
7.85168,0.7354764434219
7.852672,0.446904700307365
7.853664,0.200805665142598
7.854656,0.696579235941473
7.855648,0.866482149998477
7.85664,0.644442283405521
7.857632,0.638990674933039
7.858624,0.545794338121259
7.859616,0.447656374280583
7.860608,0.67218870222857
7.8616,0.415489119705368
7.862592,0.538936686282286
7.863584,0.612754891237435
7.864576,0.596001350811433
7.865568,0.302764657866203
7.86656,0.363020758260112
7.867552,0.664294782814688
7.868544,0.637042337416426
7.869536,0.456437421319963
7.870528,0.421720697137868
7.87152,0.352988184722032
7.872512,0.233889689319021
7.873504,0.45603772637681
7.874496,0.674770722825335
7.875488,0.543127465089864
7.87648,0.133548210632367
7.877472,0.578250859161068
7.878464,0.509581965445573
7.879456,0.226590728007817
7.880448,-0.107373806487262
7.88144,0.361943459528959
7.882432,0.357365353054885
7.883424,-0.022233060266704
7.884416,0.321701044066318
7.885408,0.155225707997908
7.8864,0.286401122206672
7.887392,0.139886582136428
7.888384,0.425252857209316
7.889376,0.454618197669628
7.890368,0.023014432040657
7.89136,0.434595004079975
7.892352,0.262784079288707
7.893344,0.033363082344343
7.894336,-0.029752651058988
7.895328,0.137415981345595
7.89632,0.113314215701505
7.897312,0.215628972130601
7.898304,0.11227081515481
7.899296,0.15943173994188
7.900288,0.288950800184683
7.90128,-0.043808792890691
7.902272,0.0064173362089
7.903264,0.209636338474501
7.904256,0.257017636315592
7.905248,0.020692112249476
7.90624,-0.207824504463846
7.907232,-0.348044657857411
7.908224,0.112008324207331
7.909216,0.108746178938241
7.910208,0.199921861148903
7.9112,-0.214645879094821
7.912192,-0.058364283949289
7.913184,0.181250429499657
7.914176,0.52016959510096
7.915168,0.062939751042886
7.91616,0.026189197552351
7.917152,0.018970891735338
7.918144,0.062094568133227
7.919136,0.057248818917993
7.920128,-0.026747748817981
7.92112,0.051767794184208
7.922112,-0.041800451113029
7.923104,0.141074216720802
7.924096,-0.104488432060201
7.925088,0.125733035290468
7.92608,0.084995068130258
7.927072,0.132481472634238
7.928064,0.207875856061679
7.929056,-0.27367678311665
7.930048,0.014989093440777
7.93104,-0.047847519198423
7.932032,-0.102167785109094
7.933024,-0.118736791782944
7.934016,-0.067026635804047
7.935008,0.033227291384975
7.936,0.169808588564848
7.936992,0.090243136792658
7.937984,-0.103907320939951
7.938976,0.155216757555121
7.939968,-0.236046544710322
7.94096,0.1267618654011
7.941952,0.11280696508755
7.942944,0.186523737769805
7.943936,-0.234176389106995
7.944928,-0.191024601097867
7.94592,-0.32890749912261
7.946912,0.063583207458642
7.947904,0.054250174972079
7.948896,0.041521143745886
7.949888,0.199989094545762
7.95088,-0.097720872721335
7.951872,0.142724532479392
7.952864,0.212399617957527
7.953856,0.195425024345049
7.954848,0.406084126168305
7.95584,0.293367393429998
7.956832,-0.031022862260192
7.957824,0.136049304807674
7.958816,0.114365972971312
7.959808,0.138729146579849
7.9608,0.316296641749775
7.961792,0.138382636932041
7.962784,0.03574540833624
7.963776,0.16715134736365
7.964768,0.547842422355142
7.96576,0.129643571157498
7.966752,0.271044377058747
7.967744,0.116446725548961
7.968736,0.296288219867518
7.969728,0.120448809042163
7.97072,0.270490036253366
7.971712,0.39656841486381
7.972704,0.603716671174414
7.973696,0.771515405230892
7.974688,0.207772768979564
7.97568,0.416653780766425
7.976672,0.099281079121337
7.977664,0.554889090849149
7.978656,0.444997882247654
7.979648,0.479398423001419
7.98064,0.76358069497262
7.981632,0.34540563057516
7.982624,0.597617679890041
7.983616,0.745870071315456
7.984608,0.502295391064771
7.9856,0.358371260430527
7.986592,0.962076168285371
7.987584,0.615147263487119
7.988576,0.307502308082361
7.989568,0.416658754086394
7.99056,0.392041995207544
7.991552,0.548682015042702
7.992544,0.453971751923952
7.993536,0.564169091191688
7.994528,0.64392596437661
7.99552,0.398439677211352
7.996512,0.41634896962042
7.997504,0.29399978133474
7.998496,0.581521910882972
7.999488,0.328411549568488
8.00048,0.580050649264038
8.001472,0.888453497958295
8.002464,0.738755928771324
8.003456,0.916135785333053
8.004448,0.750037776353725
8.00544,0.9037559878068
8.006432,0.773688111778506
8.007424,0.473661801771451
8.008416,0.607239366225877
8.009408,0.475230174199083
8.0104,0.695899659073086
8.011392,0.75720872828587
8.012384,0.799705477284911
8.013376,0.678430425196915
8.014368,0.677079707026761
8.01536,0.631635677906749
8.016352,0.68864162213472
8.017344,0.704421665581578
8.018336,0.555057339176547
8.019328,0.611246383559599
8.02032,0.862683268406361
8.021312,0.832569367709048
8.022304,0.876316199945005
8.023296,1.02331472097406
8.024288,1.00006019913458
8.02528,0.961207450278415
8.026272,0.797761934493865
8.027264,0.814445291402565
8.028256,0.975227097463412
8.029248,0.462884363737097
8.03024,0.63031366355231
8.031232,0.77550423623948
8.032224,0.268247955406179
8.033216,0.518339652212471
8.034208,0.513279566540122
8.0352,0.716034075338247
8.036192,0.585529622975308
8.037184,0.408910872932045
8.038176,0.428176492853087
8.039168,0.436898083067676
8.04016,0.509541939150501
8.041152,0.552450036390127
8.042144,0.541874803603285
8.043136,0.561173025506588
8.044128,0.22223954927258
8.04512,0.144410705198266
8.046112,0.3017644420331
8.047104,0.17878520639634
8.048096,0.644505993525845
8.049088,0.2663950992354
8.05008,0.281933536902984
8.051072,0.049177080992876
8.052064,0.41586236795634
8.053056,0.089277184215019
8.054048,0.111208392798764
8.05504,-0.223614458215233
8.056032,0.031148815637939
8.057024,0.194136255713217
8.058016,0.344988375741752
8.059008,-0.052430232243366
8.06,-0.150342496165633
8.060992,0.222879636562055
8.061984,-0.173183498092686
8.062976,-0.037256023811707
8.063968,-0.096985574446549
8.06496,-0.087737593589336
8.065952,-0.206453530650106
8.066944,0.035817356645578
8.067936,-0.174428895875866
8.068928,-0.344881198885835
8.06992,0.004253475350597
8.070912,-0.072278963309692
8.071904,-0.207061649884609
8.072896,-0.12867917563612
8.073888,-0.110656859810509
8.07488,-0.288605035601521
8.075872,-0.335776916633843
8.076864,-0.32596412227741
8.077856,-0.508231226794583
8.078848,-0.301923427594092
8.07984,-0.489110944187202
8.080832,-0.154308315861061
8.081824,-0.182737270780133
8.082816,-0.255561158042541
8.083808,-0.385252282809966
8.0848,-0.569146408723782
8.085792,-0.561915322703643
8.086784,-0.345376444895404
8.087776,-0.387930565427948
8.088768,-0.440257444068994
8.08976,-0.691367434564629
8.090752,-0.725020799476754
8.091744,-0.657571252079049
8.092736,-0.406344653517334
8.093728,-0.68360492132215
8.09472,-0.576382775820901
8.095712,-0.3789059955901
8.096704,-0.627204047179744
8.097696,-0.405049687593763
8.098688,-0.438690875218693
8.09968,-0.487907009360801
8.100672,-0.641394783732562
8.101664,-0.621054213885548
8.102656,-0.8138999686085
8.103648,-0.349152580765537
8.10464,-0.443812357690486
8.105632,-0.31447715770232
8.106624,-0.044829627323914
8.107616,-0.488204146319783
8.108608,-0.515634184527282
8.1096,-0.677102941684349
8.110592,-0.642261098932203
8.111584,-0.555110749097955
8.112576,-0.470522699182649
8.113568,-0.435501971616959
8.11456,-0.864818200683695
8.115552,-0.394013021472465
8.116544,-0.741437374433544
8.117536,-0.543411211916762
8.118528,-0.843323730559929
8.11952,-0.527949886347345
8.120512,-0.758649017486026
8.121504,-0.878901180500893
8.122496,-0.516249187710403
8.123488,-0.513798841951808
8.12448,-0.431601680126297
8.125472,-0.466807594888445
8.126464,-0.318065159561204
8.127456,-0.202779325458796
8.128448,-0.647600654435129
8.12944,-0.305484283536942
8.130432,-0.440406826896946
8.131424,-0.636931663358402
8.132416,-0.851054288560294
8.133408,-0.234271454766289
8.1344,-0.397321498954619
8.135392,-0.321637348894438
8.136384,-0.632976614007191
8.137376,-0.58587576945637
8.138368,-0.619972997240956
8.13936,-0.561063423313515
8.140352,-0.599468914413389
8.141344,-0.347230982521594
8.142336,-0.315933068629178
8.143328,-0.201362139819722
8.14432,-0.569922435702542
8.145312,-0.121199675233692
8.146304,-0.204775096631493
8.147296,-0.566087589895918
8.148288,-0.184210884824461
8.14928,-0.221181991014423
8.150272,-0.142059394412699
8.151264,-0.098506631542387
8.152256,-0.536268886608019
8.153248,-0.174875743795192
8.15424,-0.242507418897221
8.155232,-0.17328163507043
8.156224,-0.128308236652183
8.157216,-0.247741056018903
8.158208,-0.242141878033389
8.1592,-0.019283166868922
8.160192,-0.1715603822154
8.161184,-0.110057326739888
8.162176,-0.044288617859236
8.163168,-0.023603002275222
8.16416,0.103090851238652
8.165152,-0.177698540915662
8.166144,0.104260853767181
8.167136,-0.169676781707038
8.168128,-0.169080605539106
8.16912,-0.549333411936359
8.170112,0.214165702816203
8.171104,-0.17203620243328
8.172096,-0.197149092463862
8.173088,-0.337172000381196
8.17408,-0.192160637486382
8.175072,0.020259121780119
8.176064,-0.029469235478937
8.177056,-0.069531866357845
8.178048,0.069571730685143
8.17904,-0.193843209397602
8.180032,-0.145580360071927
8.181024,-0.083276552890614
8.182016,0.143107034528127
8.183008,-0.30032612114568
8.184,-0.170202172100918
8.184992,-0.202932263969846
8.185984,-0.059602633419117
8.186976,0.168695178384653
8.187968,-0.020891061925228
8.18896,-0.13637674446667
8.189952,-0.080491180123628
8.190944,0.419299166853781
8.191936,0.048136959555732
8.192928,0.039225532403259
8.19392,0.221258421799108
8.194912,0.046022914825163
8.195904,0.597352959078524
8.196896,0.494813813634051
8.197888,0.435202081320984
8.19888,0.232978618214072
8.199872,0.243729312989733
8.200864,0.014032906332365
8.201856,0.140578034740013
8.202848,0.255051387369014
8.20384,0.193939251656448
8.204832,0.064762575252488
8.205824,0.422048612886488
8.206816,0.129037135289355
8.207808,0.060564586786302
8.2088,-0.056833989278532
8.209792,0.095956778773573
8.210784,-0.076563789994749
8.211776,0.315466552941684
8.212768,0.440460619648297
8.21376,0.335247745642419
8.214752,0.150428945243859
8.215744,0.014723442665824
8.216736,0.410366478400147
8.217728,-0.173519870563708
8.21872,0.240208157684829
8.219712,0.003614718114947
8.220704,0.056243256428545
8.221696,0.13553678936819
8.222688,0.159490717188856
8.22368,-0.097879086737791
8.224672,-0.027777701310404
8.225664,0.302970692490874
8.226656,0.255808064232981
8.227648,0.135751964981783
8.22864,0.41252338317531
8.229632,0.030063051531173
8.230624,0.003262539226051
8.231616,-0.036801155882385
8.232608,-0.314956790512555
8.2336,-0.041515348476902
8.234592,0.406447494324321
8.235584,0.119497261238965
8.236576,0.15424966923678
8.237568,0.114017961721164
8.23856,-0.065242188976387
8.239552,0.051801268456632
8.240544,-0.049654897624157
8.241536,-0.06985422847365
8.242528,-0.030097755618767
8.24352,-0.045040967717188
8.244512,-0.068972532369317
8.245504,-0.038766313515299
8.246496,-0.093173100712624
8.247488,0.003698139462869
8.24848,0.119079846492234
8.249472,0.26853911627126
8.250464,-0.39644886244361
8.251456,-0.031001353243909
8.252448,-0.012651589226453
8.25344,0.018078914492915
8.254432,-0.245811665190564
8.255424,-0.005283708107542
8.256416,0.346913975948402
8.257408,0.038272935026133
8.2584,0.217326662603167
8.259392,0.236416417397597
8.260384,-0.021262603782084
8.261376,0.018951559701947
8.262368,-0.267219173839238
8.26336,-0.028839403489854
8.264352,-0.093279497688565
8.265344,-0.131628522086267
8.266336,-0.161972510937714
8.267328,-0.268024576937984
8.26832,-0.046714977393207
8.269312,-0.227130215701441
8.270304,-0.439389329739607
8.271296,-0.58652194250518
8.272288,-0.480171205220937
8.27328,-0.335659969169973
8.274272,-0.558526466617918
8.275264,-0.471222094062204
8.276256,-0.285865438987097
8.277248,-0.194109358825948
8.27824,-0.820979170266127
8.279232,-0.260309935560802
8.280224,-0.24522685063122
8.281216,-0.444174559636907
8.282208,-0.439127827334517
8.2832,-0.472195001620133
8.284192,-0.448103238383209
8.285184,-0.430126397967913
8.286176,-0.71544836362301
8.287168,-0.472434065414482
8.28816,-0.513881109762366
8.289152,-0.343228613862263
8.290144,-0.47396366947701
8.291136,-0.968361385829637
8.292128,-0.6726519988304
8.29312,-0.816449990121372
8.294112,-0.795072351143255
8.295104,-0.378641517388095
8.296096,-0.824578008282711
8.297088,-0.458246858583229
8.29808,-1.02967598739702
8.299072,-0.617348014225683
8.300064,-0.655003576506357
8.301056,-0.381484849393282
8.302048,-1.06610873422033
8.30304,-0.790056882507297
8.304032,-0.846582916613301
8.305024,-0.57981014142144
8.306016,-0.688587856259718
8.307008,-1.00637880340908
8.308,-0.830962916189142
8.308992,-0.653053064534227
8.309984,-0.87283894672381
8.310976,-0.685764068030341
8.311968,-0.752095492544758
8.31296,-0.81714621208759
8.313952,-0.859741840238134
8.314944,-0.652248018489845
8.315936,-0.849666094985995
8.316928,-0.810805588184804
8.31792,-0.923269210596953
8.318912,-0.964623495987269
8.319904,-0.80798812848864
8.320896,-0.874876056873941
8.321888,-1.32910890211529
8.32288,-0.94522321834478
8.323872,-1.04321360542541
8.324864,-1.05866859134299
8.325856,-0.807703270250763
8.326848,-0.989860298689267
8.32784,-0.826678011124388
8.328832,-0.947412791229518
8.329824,-1.01861255912671
8.330816,-1.2795080815659
8.331808,-1.24187764824271
8.3328,-1.26624360570829
8.333792,-0.965777729240865
8.334784,-1.23420740287248
8.335776,-1.09480034875198
8.336768,-1.07918781120799
8.33776,-0.83792872535964
8.338752,-0.927580618213126
8.339744,-1.03785554490428
8.340736,-0.966333148151484
8.341728,-0.82490811690063
8.34272,-0.947924859377567
8.343712,-0.928221952819942
8.344704,-1.00283132169205
8.345696,-0.768724430347023
8.346688,-0.934141643794269
8.34768,-0.755903528141743
8.348672,-0.680203380498478
8.349664,-0.973719398683943
8.350656,-0.944475059480628
8.351648,-0.821456194715067
8.35264,-0.973003089804596
8.353632,-0.739275287161526
8.354624,-0.796986675346818
8.355616,-0.761840196252444
8.356608,-0.446761990274983
8.3576,-0.473536109588897
8.358592,-0.371042374517783
8.359584,-0.55839906598781
8.360576,-0.709019709245596
8.361568,-0.89737533470319
8.36256,-0.424849427554281
8.363552,-0.483219835667354
8.364544,-0.743986079097217
8.365536,-0.691959374615155
8.366528,-0.6029791875048
8.36752,-0.471363948331542
8.368512,-0.691676987524657
8.369504,-0.281128528037728
8.370496,-0.537940057426787
8.371488,-0.564622337297707
8.37248,-0.532855611401123
8.373472,-0.220281195188243
8.374464,-0.392563738527326
8.375456,-0.046180911735239
8.376448,-0.51614442195767
8.37744,-0.211874412349615
8.378432,-0.25850928727595
8.379424,-0.311020901860844
8.380416,-0.312252933913736
8.381408,-0.02251336777916
8.3824,0.030460569956387
8.383392,-0.279064697434643
8.384384,-0.298707120141897
8.385376,-0.096184463756411
8.386368,0.23223648264348
8.38736,-0.03483424082818
8.388352,0.088050230961174
8.389344,0.002620507346812
8.390336,-0.308790627439402
8.391328,0.275577180943668
8.39232,0.013589077055215
8.393312,0.216969528512913
8.394304,0.15486555367099
8.395296,0.085894263785254
8.396288,0.410147366884268
8.39728,0.084780994370729
8.398272,0.127227525608219
8.399264,0.050102523822566
8.400256,0.218320574892665
8.401248,0.039525579671238
8.40224,-0.02482322458322
8.403232,0.028400721375659
8.404224,0.241677484165198
8.405216,0.150726233812061
8.406208,0.354601048498945
8.4072,0.175185922499178
8.408192,0.28297492875397
8.409184,0.41572352306554
8.410176,0.014025479016932
8.411168,0.274294301598937
8.41216,0.243899264953112
8.413152,0.143044672203838
8.414144,0.364404338788911
8.415136,0.336143046600407
8.416128,0.179731041337204
8.41712,0.302528610377296
8.418112,0.115546786649646
8.419104,0.204173774752118
8.420096,0.487245321276553
8.421088,0.312264008633802
8.42208,0.494194103377478
8.423072,0.571344424544064
8.424064,0.107911016630749
8.425056,0.100425730557863
8.426048,0.122527387750189
8.42704,0.255031983774059
8.428032,0.392377344640593
8.429024,0.092334105883757
8.430016,0.06688932821561
8.431008,0.053933256753704
8.432,-0.074999926377246
8.432992,-0.150030575550755
8.433984,0.199029210032375
8.434976,-0.102342348339148
8.435968,0.258683992743809
8.43696,-0.015288586950744
8.437952,0.299276656914982
8.438944,-0.26387116885277
8.439936,-0.066495339582625
8.440928,0.014120467908932
8.44192,-0.113769726537955
8.442912,0.17267298051958
8.443904,0.203856922964371
8.444896,0.148725733506789
8.445888,-0.093790652889408
8.44688,0.142599178652604
8.447872,-0.051625528831961
8.448864,0.086362323179954
8.449856,-0.006542586081585
8.450848,0.293822867333208
8.45184,-0.333229235729809
8.452832,-0.211569358216086
8.453824,-0.157501406331535
8.454816,-0.283516242288279
8.455808,-0.434268100993282
8.4568,-0.558790285375855
8.457792,-0.252265831705123
8.458784,-0.150574143201171
8.459776,-0.003743053452964
8.460768,-0.290043635088578
8.46176,-0.124085800958818
8.462752,-0.363757664354674
8.463744,-0.401323775684074
8.464736,-0.685290845943071
8.465728,-0.025072039219625
8.46672,-0.377220396543138
8.467712,-0.304424747726205
8.468704,-0.628607837858649
8.469696,-0.447638539633525
8.470688,-0.425435410809674
8.47168,-0.094447379554873
8.472672,-0.155087168773509
8.473664,-0.239727756587505
8.474656,-0.124434334955473
8.475648,-0.187141820466501
8.47664,-0.462461572697656
8.477632,-0.554312528247296
8.478624,-0.76488925197301
8.479616,-0.479070466815511
8.480608,-0.373914341670492
8.4816,-0.632227946583824
8.482592,-0.510065106744376
8.483584,-0.266604119358307
8.484576,-0.847446359457365
8.485568,-0.291547005514456
8.48656,-0.377869052773044
8.487552,-0.747858754000887
8.488544,-0.594916516234515
8.489536,-0.200450771366977
8.490528,-0.171692655156131
8.49152,-0.459686836117281
8.492512,-0.682689185628959
8.493504,-0.404960920805371
8.494496,-0.777278943811813
8.495488,-0.685623225148022
8.49648,-0.485012818276757
8.497472,-0.501811307747712
8.498464,-0.87554399240461
8.499456,-0.566050663254455
8.500448,-0.622045189917478
8.50144,-0.634900548858834
8.502432,-0.728603920537779
8.503424,-0.895846372106425
8.504416,-0.856168037245085
8.505408,-0.792346173331637
8.5064,-0.610011683590425
8.507392,-0.707622337892601
8.508384,-0.514725229452164
8.509376,-0.537551283291618
8.510368,-0.864110176769015
8.51136,-0.936640132338302
8.512352,-0.673653032950902
8.513344,-0.560661778781065
8.514336,-0.723459015561469
8.515328,-0.693337752842303
8.51632,-0.876861042669881
8.517312,-0.528285146773241
8.518304,-0.762954008503963
8.519296,-0.686093556238374
8.520288,-0.645246772812464
8.52128,-0.689631284000174
8.522272,-0.653476529848465
8.523264,-0.947514241089865
8.524256,-1.08977479744318
8.525248,-0.588910657421318
8.52624,-0.672047484827996
8.527232,-0.908851171701201
8.528224,-0.81612897877687
8.529216,-0.730928702817355
8.530208,-0.676603094320635
8.5312,-0.970339704320058
8.532192,-0.822123316503725
8.533184,-0.817817112572109
8.534176,-0.818092664799755
8.535168,-0.570281697799235
8.53616,-0.537928030315515
8.537152,-0.576510635237395
8.538144,-0.848803586203012
8.539136,-0.522935967154394
8.540128,-0.77638235870265
8.54112,-0.73735384746423
8.542112,-0.876616132127681
8.543104,-0.865584294397394
8.544096,-0.422829837293494
8.545088,-0.648987804796317
8.54608,-0.633410314705936
8.547072,-0.416441076394867
8.548064,-0.559585052468359
8.549056,-0.959746996331847
8.550048,-0.931993415376802
8.55104,-0.56049749234418
8.552032,-0.539466133067871
8.553024,-0.682837763975175
8.554016,-0.742772237601522
8.555008,-0.518736749928153
8.556,-0.397289974979504
8.556992,-0.493975679738804
8.557984,-0.516486838767291
8.558976,-0.716098034559118
8.559968,-0.508142328676416
8.56096,-0.6918430199461
8.561952,-0.866427599855007
8.562944,-0.861961191029154
8.563936,-0.371056359865704
8.564928,-0.55656978736287
8.56592,-0.344464796045553
8.566912,-0.455133967692848
8.567904,-0.373373032250902
8.568896,-0.518625793965255
8.569888,-0.454122107521816
8.57088,-0.404514123762201
8.571872,-0.37182256434237
8.572864,-0.524790527464928
8.573856,-0.379592130158855
8.574848,-0.454826611710635
8.57584,-0.817601300856573
8.576832,-0.397256244495979
8.577824,-0.380875032721629
8.578816,-0.573153180388764
8.579808,-0.045624005179947
8.5808,-0.369902673775324
8.581792,-0.373718465404916
8.582784,-0.362687888965022
8.583776,-0.111352366287
8.584768,-0.447483994507785
8.58576,-0.107132935001549
8.586752,-0.390320670722725
8.587744,-0.37592527543372
8.588736,-0.086240485216821
8.589728,-0.007170360220898
8.59072,-0.208774862704549
8.591712,-0.412455792985295
8.592704,-0.316282275315596
8.593696,-0.449579732771702
8.594688,-0.131098828096008
8.59568,-0.050120930183522
8.596672,-0.360146599692971
8.597664,0.024602801419448
8.598656,-0.009830244036794
8.599648,-0.197836233982321
8.60064,-0.108624034654531
8.601632,-0.148098451224471
8.602624,-0.43586735849443
8.603616,-0.272859530463376
8.604608,0.06580510222852
8.6056,0.016443019351369
8.606592,-0.033487015902602
8.607584,-0.138544763049595
8.608576,0.24219653796634
8.609568,0.309454904606296
8.61056,-0.310253970040626
8.611552,0.221173966364222
8.612544,0.190305031719419
8.613536,0.010142734468314
8.614528,0.153636434590433
8.61552,0.211545853079571
8.616512,0.008980799412655
8.617504,0.165083286965437
8.618496,0.246664742927688
8.619488,0.002787571888129
8.62048,0.264523273961713
8.621472,0.341578145820939
8.622464,0.153592477005713
8.623456,-0.191120263116817
8.624448,0.08908101672216
8.62544,0.288935943627678
8.626432,-0.226384587749489
8.627424,0.517886628930526
8.628416,0.136861385982524
8.629408,-0.346582533717228
8.6304,0.114611413386404
8.631392,0.015479698789557
8.632384,-0.059394692567078
8.633376,-0.19516263475537
8.634368,0.080821489006577
8.63536,0.320714659010021
8.636352,-0.036776094228413
8.637344,0.01111000359358
8.638336,-0.184881211469845
8.639328,0.176982069607328
8.64032,-0.459808348838531
8.641312,-0.290940997912467
8.642304,-0.102433441810469
8.643296,-0.121658878145761
8.644288,-0.128517279141116
8.64528,-0.302104866086588
8.646272,-0.315042671000571
8.647264,0.248491464119084
8.648256,-0.146560589661321
8.649248,-0.138542517043447
8.65024,0.066411862591946
8.651232,-0.127985034204084
8.652224,0.107196630382358
8.653216,-0.227524611650893
8.654208,0.038086621117791
8.6552,-0.314807710601852
8.656192,0.091891028112301
8.657184,-0.379065620359403
8.658176,-0.5324102902319
8.659168,-0.363227272859454
8.66016,0.111253840184706
8.661152,0.005580662299274
8.662144,-0.295847596515419
8.663136,-0.395504296594984
8.664128,-0.388286521497697
8.66512,-0.029263219127832
8.666112,-0.371786717159323
8.667104,-0.397083495416138
8.668096,-0.202269876267082
8.669088,-0.156050571921852
8.67008,-0.251140445913989
8.671072,-0.464523422534383
8.672064,-0.190126686098076
8.673056,-0.352864189236862
8.674048,-0.24881905563708
8.67504,-0.532740516303187
8.676032,-0.50885693008117
8.677024,-0.472874741103337
8.678016,-0.495265209100035
8.679008,-0.363352294912378
8.68,-0.447344352934689
8.680992,-0.515196059605588
8.681984,-0.39582040351594
8.682976,-0.322508866776661
8.683968,-0.182460960629718
8.68496,-0.379074583943331
8.685952,-0.314239038334025
8.686944,-0.467376345179953
8.687936,-0.539201340804451
8.688928,-0.353824135550389
8.68992,-0.555426047783595
8.690912,-0.500640952984458
8.691904,-0.624056299640896
8.692896,-0.915125988494263
8.693888,-0.592495488760646
8.69488,-0.727506134728912
8.695872,-0.117137899709325
8.696864,-0.574582420550682
8.697856,-0.400462286595985
8.698848,-0.517752037191578
8.69984,-0.308199075948841
8.700832,-0.787903113596002
8.701824,-0.733900749404415
8.702816,-0.347390777803088
8.703808,-0.4855057411852
8.7048,-0.432320147942756
8.705792,-0.56917174730615
8.706784,-0.553116163854068
8.707776,-0.165533271211248
8.708768,-0.214231864502316
8.70976,-0.315081544786269
8.710752,-0.415112592157299
8.711744,-0.741778726535625
8.712736,-0.200355232594451
8.713728,-0.465009846273942
8.71472,-0.576884145300646
8.715712,-0.297294869506189
8.716704,-0.593062716484038
8.717696,-0.266196348599072
8.718688,-0.383116882133485
8.71968,-0.221366169729309
8.720672,-0.785053619825185
8.721664,-0.374507009669452
8.722656,-0.408018602883462
8.723648,-0.436203437826198
8.72464,-0.459171392630746
8.725632,-0.404654145609764
8.726624,-0.148885288329988
8.727616,-0.335012607568821
8.728608,-0.489912293207915
8.7296,-0.207690786253797
8.730592,-0.364052817211447
8.731584,-0.61756752913966
8.732576,-0.511002421034129
8.733568,-0.197735076838555
8.73456,-0.112031753249884
8.735552,-0.361299833085692
8.736544,-0.19819706237972
8.737536,-0.369127722008813
8.738528,-0.384401277096323
8.73952,-0.209377320850414
8.740512,-0.413738459579232
8.741504,-0.286100327059408
8.742496,-0.216071090892838
8.743488,-0.409606595948866
8.74448,-0.164633178449591
8.745472,0.157692429945335
8.746464,-0.058949746616562
8.747456,-0.164590016882891
8.748448,-0.008722888889118
8.74944,-0.041362860382848
8.750432,-0.281590847990933
8.751424,-0.151176694067867
8.752416,0.08333208164657
8.753408,0.363127824536307
8.7544,0.256334277819594
8.755392,0.268211164560172
8.756384,-0.152111135863605
8.757376,-0.179538761580683
8.758368,0.078598353729628
8.75936,-0.012143229518902
8.760352,0.318562894355474
8.761344,0.270288255158195
8.762336,0.151556389745639
8.763328,0.231995007042158
8.76432,0.42358771129197
8.765312,0.024442263153685
8.766304,0.30770903544582
8.767296,0.601298920635319
8.768288,0.117708385548996
8.76928,0.411627292171074
8.770272,0.335065845438877
8.771264,0.397361791957683
8.772256,0.280008456708795
8.773248,0.435568195488638
8.77424,0.460094006212679
8.775232,0.632547895470503
8.776224,0.493206861013482
8.777216,0.576141992718874
8.778208,0.517935023101943
8.7792,0.182599792896036
8.780192,0.580003832409893
8.781184,0.354680588708536
8.782176,0.365097384426956
8.783168,0.164190338488559
8.78416,0.608702453136449
8.785152,0.339291668530345
8.786144,0.638126493489975
8.787136,0.290356148138266
8.788128,0.579423746814035
8.78912,0.314923404378726
8.790112,0.436810158606804
8.791104,0.523404103952213
8.792096,0.259892359994698
8.793088,0.493185163035194
8.79408,0.633242469168531
8.795072,0.798166567238139
8.796064,0.869341112285824
8.797056,0.799430959909162
8.798048,0.874740672226744
8.79904,0.564201732700847
8.800032,0.630757802236586
8.801024,0.576735607660704
8.802016,0.574677653658324
8.803008,0.460607544868092
8.804,0.655785184360517
8.804992,0.790681406539324
8.805984,0.496676067579084
8.806976,0.422899900800496
8.807968,0.59686047035004
8.80896,0.688496669372562
8.809952,0.325448103592558
8.810944,0.641365878902813
8.811936,0.609924799354662
8.812928,0.399911938146692
8.81392,0.853007183353032
8.814912,0.660212018236136
8.815904,0.747447130438522
8.816896,0.394295130812059
8.817888,0.414638820250495
8.81888,0.461502690488003
8.819872,0.663469252420143
8.820864,0.754266914803947
8.821856,0.790289927755475
8.822848,0.558048713385611
8.82384,0.602092455541394
8.824832,0.50078343713914
8.825824,0.670960243462714
8.826816,0.508946357713722
8.827808,0.539126618479847
8.8288,0.644960376925393
8.829792,0.419729614927555
8.830784,0.640352645683586
8.831776,0.347518499673463
8.832768,0.46399585475787
8.83376,0.553587687642094
8.834752,0.476512300116198
8.835744,0.668642408298193
8.836736,0.372883040750609
8.837728,0.800353472038884
8.83872,0.712583022005766
8.839712,0.384204605003727
8.840704,0.505656868907268
8.841696,0.416421629243869
8.842688,0.47402687423393
8.84368,0.261107136822566
8.844672,0.593022295681234
8.845664,0.48846916296832
8.846656,0.461801234609352
8.847648,0.402288098972448
8.84864,0.485277429687366
8.849632,0.358835909972459
8.850624,0.579766384542457
8.851616,0.51590093130475
8.852608,0.361346571051149
8.8536,0.304510757382195
8.854592,0.482551330350999
8.855584,0.68085310786436
8.856576,0.405515159681634
8.857568,0.142885426915129
8.85856,0.195165535981493
8.859552,0.310385959384793
8.860544,0.180730876088247
8.861536,0.184707807805742
8.862528,0.102920130917903
8.86352,0.360244435604125
8.864512,0.328823314124545
8.865504,0.259431632029864
8.866496,0.263308833294414
8.867488,0.196730261137302
8.86848,0.218519382977859
8.869472,0.167140474576799
8.870464,0.405702337575626
8.871456,0.222768482431136
8.872448,0.464989051857722
8.87344,0.19641545909968
8.874432,0.279125310479865
8.875424,0.019373525326068
8.876416,0.535159452915505
8.877408,0.02741144720453
8.8784,0.145076122125468
8.879392,0.116322746079488
8.880384,-0.133064232368194
8.881376,0.163725645038234
8.882368,0.082008266295422
8.88336,0.233123494307246
8.884352,0.304246102115399
8.885344,0.224211455305648
8.886336,0.324382698600069
8.887328,0.149818173084136
8.88832,0.450288134032119
8.889312,0.321538193682524
8.890304,0.421870219732365
8.891296,0.338337673754176
8.892288,0.127456346176151
8.89328,0.166416349588024
8.894272,0.068058276905755
8.895264,0.39156678692908
8.896256,0.285735457840499
8.897248,0.296676665232518
8.89824,0.337155771426432
8.899232,0.144273114579321
8.900224,0.282746633077368
8.901216,0.090674725672398
8.902208,-0.03906606031055
8.9032,0.152411938168473
8.904192,0.366202964746006
8.905184,0.225149585071069
8.906176,0.331354127695601
8.907168,-0.138404413714614
8.90816,-0.035109116352433
8.909152,0.099635717153587
8.910144,0.309735518286121
8.911136,0.234589515931382
8.912128,0.229934594474112
8.91312,0.142006347066963
8.914112,0.183270524166893
8.915104,0.261546364323415
8.916096,0.016910583424754
8.917088,0.285897195035965
8.91808,0.111973958443816
8.919072,-0.021241973898027
8.920064,-0.170099620098097
8.921056,0.31254768745521
8.922048,0.31824678535841
8.92304,0.290394131742532
8.924032,0.238411372849596
8.925024,0.254662294716419
8.926016,-0.023232452017768
8.927008,0.444433041282959
8.928,0.396224203953893
8.928992,0.626597029315887
8.929984,0.273996767839084
8.930976,0.122765388299646
8.931968,0.189441304900951
8.93296,0.611377392345289
8.933952,0.312319704201511
8.934944,-0.025812856795504
8.935936,0.236843784922943
8.936928,0.53181681351672
8.93792,0.586738875479922
8.938912,0.235506452643732
8.939904,0.533689130751016
8.940896,0.291955742508085
8.941888,0.535344802674262
8.94288,0.515143730398024
8.943872,0.831418981955153
8.944864,0.576617643959343
8.945856,0.622744273748932
8.946848,0.866333668031272
8.94784,0.778372650547349
8.948832,0.789013009564749
8.949824,0.780100842991803
8.950816,0.522348711214682
8.951808,0.730207995393865
8.9528,0.663208080289548
8.953792,0.871404052188676
8.954784,0.629387714490852
8.955776,0.784197256619522
8.956768,0.617798539576973
8.95776,1.07110731330136
8.958752,0.563121738313191
8.959744,0.820022162747658
8.960736,1.01110205523958
8.961728,1.24870009181115
8.96272,0.755669382995616
8.963712,0.752503816406892
8.964704,0.804472854576421
8.965696,0.942881152374648
8.966688,1.10735187522519
8.96768,1.31222523173309
8.968672,1.04174813262758
8.969664,1.08497952517146
8.970656,0.836614449852534
8.971648,0.992137555624464
8.97264,0.919571498041391
8.973632,0.735172884516519
8.974624,0.986604005392314
8.975616,0.855235007986957
8.976608,1.24766727159091
8.9776,1.02147316244152
8.978592,1.06119307233486
8.979584,0.878653541709086
8.980576,1.18252709723207
8.981568,0.946372874606033
8.98256,1.04929810238053
8.983552,1.05352594375817
8.984544,0.783027383480465
8.985536,1.01746284434937
8.986528,0.741717862708125
8.98752,0.956329877775019
8.988512,0.837320560477292
8.989504,0.886277263762592
8.990496,0.978741924902039
8.991488,1.23025948935892
8.99248,1.38717441756202
8.993472,1.11927083237584
8.994464,0.786582724709795
8.995456,1.08973088704329
8.996448,1.19676245157427
8.99744,1.2206131488575
8.998432,0.923690902852717
8.999424,1.01954408845247
9.000416,1.08749122881956
9.001408,1.0361664473553
9.0024,1.11938439594971
9.003392,0.794049639145643
9.004384,1.07623579545238
9.005376,0.703471115554271
9.006368,1.19898132426435
9.00736,0.953120712613676
9.008352,1.06862019507865
9.009344,0.678387180864265
9.010336,1.22969349522714
9.011328,0.814771679315536
9.01232,0.967416555897208
9.013312,1.11915853167557
9.014304,0.759194679978842
9.015296,0.833070814707462
9.016288,1.0628384497193
9.01728,0.841647223496197
9.018272,0.758119475947169
9.019264,0.934243681214645
9.020256,0.697173160476693
9.021248,1.07618081570275
9.02224,0.990124786147252
9.023232,1.07235757019207
9.024224,0.938966057782079
9.025216,0.929179255848142
9.026208,0.965020692233687
9.0272,0.973522833269913
9.028192,0.916187989038867
9.029184,0.468193427318449
9.030176,0.723329031640317
9.031168,0.808448367055394
9.03216,0.755768721648335
9.033152,0.96377000728258
9.034144,0.982569126119646
9.035136,0.820100235101682
9.036128,0.861465746836642
9.03712,0.836101748364074
9.038112,0.454872017013258
9.039104,0.746455430161375
9.040096,0.760007784153541
9.041088,0.729761752043942
9.04208,0.78604501589559
9.043072,0.698715025630887
9.044064,0.463934542745632
9.045056,0.468874714688646
9.046048,0.480923429659418
9.04704,0.422770065529856
9.048032,0.573961254056639
9.049024,0.376615465525854
9.050016,0.366136112469778
9.051008,0.964823311018761
9.052,0.555732188047098
9.052992,0.719621760473138
9.053984,0.811422224868041
9.054976,0.549318780500913
9.055968,0.466234141013763
9.05696,0.641326471240385
9.057952,0.696023750942835
9.058944,0.578672539592375
9.059936,0.868226519289224
9.060928,0.483686488808332
9.06192,0.577537218026939
9.062912,0.625774547674617
9.063904,0.731656950140215
9.064896,0.80084957995682
9.065888,0.50427035739091
9.06688,0.714646238795588
9.067872,0.606477774778896
9.068864,0.440164622675419
9.069856,0.521156929735034
9.070848,0.712914353397987
9.07184,0.556194333800265
9.072832,0.474895710060636
9.073824,0.369394357712109
9.074816,0.45754399221156
9.075808,0.599706359843125
9.0768,0.437946646175189
9.077792,0.222392939170878
9.078784,0.290649989704073
9.079776,0.188163959125741
9.080768,0.702147511562456
9.08176,0.640852751890929
9.082752,0.40906733100399
9.083744,0.48583163404221
9.084736,0.161001158994064
9.085728,0.365372964721788
9.08672,0.674640358455959
9.087712,0.197669856738021
9.088704,0.284441319043011
9.089696,0.713052529438083
9.090688,0.235357362980166
9.09168,0.483621035638153
9.092672,0.472275230996964
9.093664,0.197830243954217
9.094656,0.171444046357513
9.095648,0.343219136477141
9.09664,0.38550348748892
9.097632,0.34931501922992
9.098624,0.211349384593384
9.099616,0.577092347874267
9.100608,0.60837246747432
9.1016,0.092808413423271
9.102592,-0.184857195402638
9.103584,0.26703783213053
9.104576,0.564440940893058
9.105568,0.58180664016894
9.10656,0.240169964236836
9.107552,0.382695747087027
9.108544,0.591669373282984
9.109536,0.290159610519982
9.110528,-0.043978021577388
9.11152,0.171476725653915
9.112512,0.1690309514502
9.113504,0.116749663268782
9.114496,0.124083464932464
9.115488,0.223064902996604
9.11648,0.231628148265254
9.117472,-0.113206704613089
9.118464,0.423021349508446
9.119456,0.274170326292177
9.120448,0.267124491506867
9.12144,0.210515021768124
9.122432,0.591699409775766
9.123424,0.059503471091559
9.124416,-0.007157194283798
9.125408,0.364567037606462
9.1264,0.428452671895045
9.127392,0.433972356429892
9.128384,0.50622204711174
9.129376,0.154061131339987
9.130368,0.336943112204738
9.13136,0.313169358282502
9.132352,0.433198181706447
9.133344,0.67359741335191
9.134336,0.225479076173807
9.135328,0.313458744220926
9.13632,0.17673903280299
9.137312,0.574173085194744
9.138304,0.492883605696311
9.139296,0.730289015927707
9.140288,0.579769576480091
9.14128,0.733058761704996
9.142272,0.632693979712488
9.143264,0.520219922461447
9.144256,0.70263780487018
9.145248,0.471376751296203
9.14624,0.715403388664676
9.147232,0.391352748651287
9.148224,0.572439287998709
9.149216,0.483658732016467
9.150208,0.49774431758753
9.1512,0.504234023420652
9.152192,0.488398555979214
9.153184,0.369560677074225
9.154176,0.655229674247677
9.155168,0.397194503667326
9.15616,0.275129706963904
9.157152,0.646995426617498
9.158144,0.561228663115019
9.159136,0.758116631615233
9.160128,0.671889219469055
9.16112,0.673699935185605
9.162112,0.9000628728786
9.163104,0.873165155460516
9.164096,0.750897898049248
9.165088,0.66251946095671
9.16608,0.744238917406639
9.167072,0.77434463267368
9.168064,0.926349878229177
9.169056,0.833519532399511
9.170048,0.938880974302045
9.17104,1.00098130632607
9.172032,0.997878660004279
9.173024,0.789498124008255
9.174016,1.12593906685789
9.175008,0.781174093815422
9.176,0.977703338352993
9.176992,0.644353351909623
9.177984,1.02634247605182
9.178976,0.811635740564897
9.179968,0.882763945847768
9.18096,0.952448837575432
9.181952,0.943889888924691
9.182944,1.16474521071316
9.183936,0.895138217438051
9.184928,0.933839141751581
9.18592,1.10420733023904
9.186912,0.66081930930908
9.187904,1.1365834935286
9.188896,0.923176925526592
9.189888,1.10375946018452
9.19088,0.900970783363473
9.191872,0.805546416347592
9.192864,1.11497738739221
9.193856,1.05404555723426
9.194848,0.936042321224335
9.19584,1.31218023369901
9.196832,0.988470671045429
9.197824,0.861261043411022
9.198816,1.07671764274966
9.199808,1.04873400901443
9.2008,1.16057711241275
9.201792,1.07850301009162
9.202784,1.16854985018207
9.203776,1.05411497079646
9.204768,0.951420770740205
9.20576,1.05119168105097
9.206752,1.23531570325061
9.207744,1.06471545449885
9.208736,1.27942803454534
9.209728,1.16697422183689
9.21072,1.05717606817364
9.211712,1.33531814609251
9.212704,1.49757007916531
9.213696,1.35666711737839
9.214688,1.15270365045816
9.21568,1.31727852003078
9.216672,1.05142166979438
9.217664,1.2710910879196
9.218656,1.49122571655728
9.219648,1.23421262528614
9.22064,1.21950549893111
9.221632,0.985697628933554
9.222624,1.02663469065323
9.223616,1.20206793614212
9.224608,1.20843104275557
9.2256,1.1967175027872
9.226592,1.18278660540343
9.227584,1.11402653522241
9.228576,0.924554778495838
9.229568,1.28600046471399
9.23056,1.08427234477203
9.231552,0.832398000552883
9.232544,1.18880493558423
9.233536,0.988220361060344
9.234528,0.858839637546953
9.23552,1.15137891135689
9.236512,1.04869285581575
9.237504,0.953650945587794
9.238496,0.806643858077313
9.239488,0.640940340890944
9.24048,0.642467806514526
9.241472,0.875543942388103
9.242464,0.995294080854157
9.243456,0.528523609192097
9.244448,0.860569078156566
9.24544,0.506093591579411
9.246432,0.692807012796032
9.247424,0.543494823449044
9.248416,0.402702107008614
9.249408,0.756963664115452
9.2504,0.429473637886719
9.251392,0.586950659158508
9.252384,0.756801956936761
9.253376,0.08438902053864
9.254368,0.533379702685052
9.25536,0.23479304008918
9.256352,0.523826112610074
9.257344,0.615599028280838
9.258336,0.680658531459163
9.259328,0.742444178254059
9.26032,0.237872260857972
9.261312,0.282552647455623
9.262304,0.354523568719237
9.263296,0.337724921959537
9.264288,0.153271177154539
9.26528,0.38640472679356
9.266272,0.067869948181062
9.267264,0.321733763435106
9.268256,0.384613573014284
9.269248,0.128822908582805
9.27024,0.237620955996677
9.271232,0.025289694839797
9.272224,-0.089206133220145
9.273216,0.442261921541976
9.274208,-0.076493721349093
9.2752,0.086487119216445
9.276192,0.175130820214243
9.277184,0.080099054704901
9.278176,0.377294908836538
9.279168,-0.048855095985515
9.28016,0.403183964548527
9.281152,0.071788642819273
9.282144,0.362239585372255
9.283136,-0.045689131970637
9.284128,0.011263898127631
9.28512,0.092365061210448
9.286112,-0.306320914575484
9.287104,-0.094531975715808
9.288096,-0.043130965260086
9.289088,0.148912921600943
9.29008,-0.030789648488756
9.291072,0.087469437099656
9.292064,0.156018729605288
9.293056,0.002584116930218
9.294048,-0.354449165560998
9.29504,-0.079083251587169
9.296032,-0.027231626773078
9.297024,-0.112873087223819
9.298016,-0.216482962016466
9.299008,-0.035621820971179
9.3,-0.431208669105995
9.300992,0.051710799466444
9.301984,0.062207997565593
9.302976,0.065071092981309
9.303968,-0.106709394776551
9.30496,0.087787094667004
9.305952,0.048821788983734
9.306944,-0.070817740441578
9.307936,-0.057317309102118
9.308928,-0.029658324652281
9.30992,0.044307027503584
9.310912,0.113544877175307
9.311904,0.006076777703167
9.312896,0.073441183210113
9.313888,0.310900996895379
9.31488,0.193876214648558
9.315872,0.035955013831976
9.316864,-0.182666082894123
9.317856,0.227018538479422
9.318848,0.196142931548932
9.31984,0.317163040861577
9.320832,0.084770918922456
9.321824,0.43742268968545
9.322816,0.166403745196003
9.323808,-0.002716050879092
9.3248,0.182847069244564
9.325792,0.664550073618751
9.326784,0.407611608656907
9.327776,0.095814148237696
9.328768,0.573162520388778
9.32976,0.584054931402126
9.330752,0.369037874595808
9.331744,0.371803084233714
9.332736,0.331865104039866
9.333728,0.162320969692607
9.33472,0.470033920515978
9.335712,0.318870512941966
9.336704,0.374916513449606
9.337696,0.547699831082215
9.338688,0.595816403532626
9.33968,0.602897913460386
9.340672,0.492809460026868
9.341664,0.646750953845293
9.342656,0.802553144597677
9.343648,0.552072796611399
9.34464,0.571586174422321
9.345632,0.564999197375007
9.346624,0.636645707534705
9.347616,0.546337731982391
9.348608,0.641143694130616
9.3496,0.616537485765901
9.350592,0.670759049139744
9.351584,0.79630339926815
9.352576,0.667363667446665
9.353568,0.546441922066777
9.35456,0.514726463081917
9.355552,0.762868770380661
9.356544,0.952904323673464
9.357536,0.788309795290556
9.358528,0.65782800096998
9.35952,0.686522571152446
9.360512,0.82088320139387
9.361504,0.713281127296601
9.362496,0.466743382585303
9.363488,0.833742223717975
9.36448,1.17854230186402
9.365472,0.852885961393799
9.366464,0.590906754863321
9.367456,0.746407250679913
9.368448,0.997483203116968
9.36944,1.06818241243607
9.370432,0.71622225067718
9.371424,1.41464319721517
9.372416,0.845304751480084
9.373408,0.887648012970571
9.3744,1.08155386209977
9.375392,1.16111765519551
9.376384,1.06847942205498
9.377376,1.09876773438713
9.378368,0.979909210604118
9.37936,0.944583186090326
9.380352,0.896259557821609
9.381344,0.849215256944207
9.382336,0.933149356292915
9.383328,1.12717795294889
9.38432,1.03065007605882
9.385312,0.984382917780663
9.386304,1.13107688608791
9.387296,0.886088789781198
9.388288,0.847791303021078
9.38928,0.834124371282157
9.390272,0.957823441556563
9.391264,1.02259871468973
9.392256,0.808418311033208
9.393248,1.05560452186639
9.39424,1.08341791191895
9.395232,1.00722210531289
9.396224,0.934511500586138
9.397216,0.897433137572389
9.398208,0.805773439358303
9.3992,0.510247490494968
9.400192,1.37146993541389
9.401184,0.929432765512364
9.402176,1.03384297650316
9.403168,0.830305180109936
9.40416,1.10858011382358
9.405152,1.10504937317616
9.406144,0.868613612490416
9.407136,1.06784157214164
9.408128,0.756845140467438
9.40912,0.929276898089077
9.410112,0.928047128541513
9.411104,1.1478055931421
9.412096,1.07139829502452
9.413088,0.915938061240505
9.41408,1.10359252740826
9.415072,0.949145494422008
9.416064,1.01736253114422
9.417056,0.975709662409228
9.418048,1.11258276175973
9.41904,0.929216962701217
9.420032,1.01396299256065
9.421024,1.13934841462872
9.422016,0.817813147520549
9.423008,1.12539628212527
9.424,1.08628647106209
9.424992,1.08199666900592
9.425984,1.1978588937701
9.426976,1.01094460078584
9.427968,1.21856722043932
9.42896,1.10290899669221
9.429952,1.27794163949505
9.430944,1.10874407375454
9.431936,1.11318513501045
9.432928,0.884583034770257
9.43392,0.794191203049081
9.434912,0.946791921740061
9.435904,0.702306364275574
9.436896,1.21655153038126
9.437888,1.07454505198537
9.43888,0.879058697541592
9.439872,0.836974923707539
9.440864,0.825496020799082
9.441856,1.00291398109668
9.442848,0.910139883300499
9.44384,0.832441117884197
9.444832,1.15966085398976
9.445824,0.876484865709652
9.446816,0.800081194251827
9.447808,0.93829526690918
9.4488,0.776107831121554
9.449792,1.06102310840847
9.450784,0.923687668375831
9.451776,0.854930175416218
9.452768,1.01344080663901
9.45376,1.11489564590339
9.454752,0.893066369743573
9.455744,0.805037653300833
9.456736,0.687035153280353
9.457728,0.72047849711968
9.45872,0.797727336242271
9.459712,0.689400212041398
9.460704,0.926395571595379
9.461696,0.632337668597014
9.462688,0.937950601977681
9.46368,0.863465832873746
9.464672,0.622831471070456
9.465664,0.757139540848646
9.466656,0.650689242558512
9.467648,0.784357940867304
9.46864,0.872683562805135
9.469632,0.788454725166886
9.470624,0.792314784343286
9.471616,1.05386909160059
9.472608,0.730359356504601
9.4736,0.549496762720593
9.474592,0.62674647524153
9.475584,0.524523144576831
9.476576,0.451081702448374
9.477568,0.800642921169988
9.47856,0.67459937851753
