xmm,ymm,intensity
-44.75,-44.75,3.86033
-44.25,-44.75,3.90586
-43.75,-44.75,3.87991
-43.25,-44.75,3.81837
-42.75,-44.75,3.75121
-42.25,-44.75,3.69233
-41.75,-44.75,3.64965
-41.25,-44.75,3.62573
-40.75,-44.75,3.61815
-40.25,-44.75,3.62048
-39.75,-44.75,3.62392
-39.25,-44.75,3.61918
-38.75,-44.75,3.59851
-38.25,-44.75,3.55731
-37.75,-44.75,3.49525
-37.25,-44.75,3.41641
-36.75,-44.75,3.3283
-36.25,-44.75,3.2402
-35.75,-44.75,3.16087
-35.25,-44.75,3.09649
-34.75,-44.75,3.04916
-34.25,-44.75,3.01654
-33.75,-44.75,2.99267
-33.25,-44.75,2.9697
-32.75,-44.75,2.94008
-32.25,-44.75,2.89856
-31.75,-44.75,2.84348
-31.25,-44.75,2.77707
-30.75,-44.75,2.70484
-30.25,-44.75,2.63436
-29.75,-44.75,2.57357
-29.25,-44.75,2.52941
-28.75,-44.75,2.50671
-28.25,-44.75,2.50762
-27.75,-44.75,2.53149
-27.25,-44.75,2.57515
-26.75,-44.75,2.63342
-26.25,-44.75,2.69978
-25.75,-44.75,2.76718
-25.25,-44.75,2.82879
-24.75,-44.75,2.87885
-24.25,-44.75,2.91341
-23.75,-44.75,2.93089
-23.25,-44.75,2.93239
-22.75,-44.75,2.92154
-22.25,-44.75,2.90406
-21.75,-44.75,2.88702
-21.25,-44.75,2.87799
-20.75,-44.75,2.88432
-20.25,-44.75,2.91261
-19.75,-44.75,2.96846
-19.25,-44.75,3.05648
-18.75,-44.75,3.18033
-18.25,-44.75,3.34277
-17.75,-44.75,3.54557
-17.25,-44.75,3.78924
-16.75,-44.75,4.07281
-16.25,-44.75,4.39362
-15.75,-44.75,4.74724
-15.25,-44.75,5.12772
-14.75,-44.75,5.528
-14.25,-44.75,5.94053
-13.75,-44.75,6.35801
-13.25,-44.75,6.77399
-12.75,-44.75,7.18332
-12.25,-44.75,7.58227
-11.75,-44.75,7.96815
-11.25,-44.75,8.33856
-10.75,-44.75,8.69039
-10.25,-44.75,9.01874
-9.75,-44.75,9.31619
-9.25,-44.75,9.5728
-8.75,-44.75,9.77696
-8.25,-44.75,9.91726
-7.75,-44.75,9.98518
-7.25,-44.75,9.97783
-6.75,-44.75,9.90009
-6.25,-44.75,9.76547
-5.75,-44.75,9.59548
-5.25,-44.75,9.41708
-4.75,-44.75,9.25949
-4.25,-44.75,9.15056
-3.75,-44.75,9.11375
-3.25,-44.75,9.16631
-2.75,-44.75,9.31865
-2.25,-44.75,9.57457
-1.75,-44.75,9.93196
-1.25,-44.75,10.3834
-0.75,-44.75,10.9169
-0.25,-44.75,11.5163
0.25,-44.75,12.162
0.75,-44.75,12.8321
1.25,-44.75,13.5038
1.75,-44.75,14.1553
2.25,-44.75,14.7678
2.75,-44.75,15.3271
3.25,-44.75,15.8247
3.75,-44.75,16.2583
4.25,-44.75,16.6308
4.75,-44.75,16.9492
5.25,-44.75,17.2229
5.75,-44.75,17.4612
6.25,-44.75,17.6723
6.75,-44.75,17.8615
7.25,-44.75,18.0316
7.75,-44.75,18.1821
8.25,-44.75,18.3104
8.75,-44.75,18.4116
9.25,-44.75,18.4795
9.75,-44.75,18.5062
10.25,-44.75,18.4829
10.75,-44.75,18.3996
11.25,-44.75,18.2462
11.75,-44.75,18.0126
12.25,-44.75,17.6904
12.75,-44.75,17.2734
13.25,-44.75,16.7594
13.75,-44.75,16.1514
14.25,-44.75,15.4581
14.75,-44.75,14.6942
15.25,-44.75,13.8805
15.75,-44.75,13.0418
16.25,-44.75,12.2056
16.75,-44.75,11.3989
17.25,-44.75,10.6459
17.75,-44.75,9.96566
18.25,-44.75,9.37079
18.75,-44.75,8.86658
19.25,-44.75,8.45139
19.75,-44.75,8.11743
20.25,-44.75,7.85212
20.75,-44.75,7.63952
21.25,-44.75,7.46203
21.75,-44.75,7.30221
22.25,-44.75,7.14452
22.75,-44.75,6.9769
23.25,-44.75,6.79176
23.75,-44.75,6.58638
24.25,-44.75,6.36231
24.75,-44.75,6.12409
25.25,-44.75,5.87742
25.75,-44.75,5.62739
26.25,-44.75,5.37705
26.75,-44.75,5.12693
27.25,-44.75,4.87548
27.75,-44.75,4.62019
28.25,-44.75,4.35917
28.75,-44.75,4.09233
29.25,-44.75,3.8219
29.75,-44.75,3.55203
30.25,-44.75,3.28767
30.75,-44.75,3.03316
31.25,-44.75,2.79105
31.75,-44.75,2.56168
32.25,-44.75,2.34345
32.75,-44.75,2.13382
33.25,-44.75,1.93045
33.75,-44.75,1.73208
34.25,-44.75,1.53897
34.75,-44.75,1.35268
35.25,-44.75,1.17554
35.75,-44.75,1.00996
36.25,-44.75,0.857921
36.75,-44.75,0.720696
37.25,-44.75,0.598848
37.75,-44.75,0.492353
38.25,-44.75,0.40076
38.75,-44.75,0.323336
39.25,-44.75,0.259145
39.75,-44.75,0.20711
40.25,-44.75,0.166089
40.75,-44.75,0.135
41.25,-44.75,0.11294
41.75,-44.75,0.0992987
42.25,-44.75,0.0937623
42.75,-44.75,0.0962344
43.25,-44.75,0.106609
43.75,-44.75,0.124467
44.25,-44.75,0.14866
44.75,-44.75,0.177056
-44.75,-44.25,4.66152
-44.25,-44.25,4.65819
-43.75,-44.25,4.55742
-43.25,-44.25,4.40574
-42.75,-44.25,4.24249
-42.25,-44.25,4.08777
-41.75,-44.25,3.95431
-41.25,-44.25,3.84803
-40.75,-44.25,3.76851
-40.25,-44.25,3.71025
-39.75,-44.25,3.66465
-39.25,-44.25,3.62225
-38.75,-44.25,3.57502
-38.25,-44.25,3.51821
-37.75,-44.25,3.45153
-37.25,-44.25,3.37917
-36.75,-44.25,3.30872
-36.25,-44.25,3.24913
-35.75,-44.25,3.20819
-35.25,-44.25,3.1902
-34.75,-44.25,3.19442
-34.25,-44.25,3.21484
-33.75,-44.25,3.24133
-33.25,-44.25,3.26178
-32.75,-44.25,3.26479
-32.25,-44.25,3.24217
-31.75,-44.25,3.19046
-31.25,-44.25,3.11158
-30.75,-44.25,3.01217
-30.25,-44.25,2.90229
-29.75,-44.25,2.79355
-29.25,-44.25,2.69737
-28.75,-44.25,2.62344
-28.25,-44.25,2.57863
-27.75,-44.25,2.56646
-27.25,-44.25,2.58686
-26.75,-44.25,2.63643
-26.25,-44.25,2.70898
-25.75,-44.25,2.79627
-25.25,-44.25,2.8891
-24.75,-44.25,2.97851
-24.25,-44.25,3.05699
-23.75,-44.25,3.11956
-23.25,-44.25,3.16441
-22.75,-44.25,3.19312
-22.25,-44.25,3.21024
-21.75,-44.25,3.22257
-21.25,-44.25,3.23807
-20.75,-44.25,3.26494
-20.25,-44.25,3.31084
-19.75,-44.25,3.38242
-19.25,-44.25,3.48513
-18.75,-44.25,3.62318
-18.25,-44.25,3.79953
-17.75,-44.25,4.01586
-17.25,-44.25,4.27242
-16.75,-44.25,4.56799
-16.25,-44.25,4.89979
-15.75,-44.25,5.26363
-15.25,-44.25,5.65421
-14.75,-44.25,6.06561
-14.25,-44.25,6.49182
-13.75,-44.25,6.92734
-13.25,-44.25,7.36761
-12.75,-44.25,7.80914
-12.25,-44.25,8.24931
-11.75,-44.25,8.68579
-11.25,-44.25,9.11553
-10.75,-44.25,9.53361
-10.25,-44.25,9.93224
-9.75,-44.25,10.3002
-9.25,-44.25,10.6233
-8.75,-44.25,10.8854
-8.25,-44.25,11.0714
-7.75,-44.25,11.1698
-7.25,-44.25,11.1765
-6.75,-44.25,11.0967
-6.25,-44.25,10.9458
-5.75,-44.25,10.7486
-5.25,-44.25,10.536
-4.75,-44.25,10.3415
-4.25,-44.25,10.1967
-3.75,-44.25,10.128
-3.25,-44.25,10.1549
-2.75,-44.25,10.2887
-2.25,-44.25,10.5337
-1.75,-44.25,10.8879
-1.25,-44.25,11.3438
-0.75,-44.25,11.8897
-0.25,-44.25,12.5098
0.25,-44.25,13.1851
0.75,-44.25,13.8944
1.25,-44.25,14.615
1.75,-44.25,15.325
2.25,-44.25,16.0046
2.75,-44.25,16.638
3.25,-44.25,17.2147
3.75,-44.25,17.7298
4.25,-44.25,18.1841
4.75,-44.25,18.5827
5.25,-44.25,18.9334
5.75,-44.25,19.2452
6.25,-44.25,19.5258
6.75,-44.25,19.781
7.25,-44.25,20.0135
7.75,-44.25,20.2228
8.25,-44.25,20.4055
8.75,-44.25,20.5553
9.25,-44.25,20.6638
9.75,-44.25,20.7208
10.25,-44.25,20.7147
10.75,-44.25,20.6334
11.25,-44.25,20.4647
11.75,-44.25,20.1975
12.25,-44.25,19.8232
12.75,-44.25,19.3365
13.25,-44.25,18.737
13.75,-44.25,18.0305
14.25,-44.25,17.229
14.75,-44.25,16.3515
15.25,-44.25,15.4225
15.75,-44.25,14.4707
16.25,-44.25,13.5268
16.75,-44.25,12.6205
17.25,-44.25,11.7779
17.75,-44.25,11.0194
18.25,-44.25,10.3582
18.75,-44.25,9.7997
19.25,-44.25,9.34195
19.75,-44.25,8.97643
20.25,-44.25,8.68944
20.75,-44.25,8.46357
21.25,-44.25,8.27934
21.75,-44.25,8.11705
22.25,-44.25,7.9586
22.75,-44.25,7.78927
23.25,-44.25,7.599
23.75,-44.25,7.38306
24.25,-44.25,7.14182
24.75,-44.25,6.87959
25.25,-44.25,6.60283
25.75,-44.25,6.31819
26.25,-44.25,6.03077
26.75,-44.25,5.74325
27.25,-44.25,5.45599
27.75,-44.25,5.16796
28.25,-44.25,4.87813
28.75,-44.25,4.58681
29.25,-44.25,4.29615
29.75,-44.25,4.00996
30.25,-44.25,3.73256
30.75,-44.25,3.46747
31.25,-44.25,3.21624
31.75,-44.25,2.97805
32.25,-44.25,2.75008
32.75,-44.25,2.52866
33.25,-44.25,2.31049
33.75,-44.25,2.09377
34.25,-44.25,1.87861
34.75,-44.25,1.66691
35.25,-44.25,1.46172
35.75,-44.25,1.26648
36.25,-44.25,1.08431
36.75,-44.25,0.91762
37.25,-44.25,0.767994
37.75,-44.25,0.6362
38.25,-44.25,0.522317
38.75,-44.25,0.425865
39.25,-44.25,0.345931
39.75,-44.25,0.281286
40.25,-44.25,0.230567
40.75,-44.25,0.192492
41.25,-44.25,0.166076
41.75,-44.25,0.150784
42.25,-44.25,0.146524
42.75,-44.25,0.153496
43.25,-44.25,0.171828
43.75,-44.25,0.201101
44.25,-44.25,0.239709
44.75,-44.25,0.284471
-44.75,-43.75,5.41261
-44.25,-43.75,5.37585
-43.75,-43.75,5.21589
-43.25,-43.75,4.98852
-42.75,-43.75,4.74139
-42.25,-43.75,4.50051
-41.75,-43.75,4.28331
-41.25,-43.75,4.09913
-40.75,-43.75,3.94974
-40.25,-43.75,3.83084
-39.75,-43.75,3.73438
-39.25,-43.75,3.65113
-38.75,-43.75,3.57329
-38.25,-43.75,3.49645
-37.75,-43.75,3.42077
-37.25,-43.75,3.35088
-36.75,-43.75,3.29462
-36.25,-43.75,3.26067
-35.75,-43.75,3.25585
-35.25,-43.75,3.28259
-34.75,-43.75,3.33735
-34.25,-43.75,3.41061
-33.75,-43.75,3.48818
-33.25,-43.75,3.55388
-32.75,-43.75,3.59258
-32.25,-43.75,3.59303
-31.75,-43.75,3.54987
-31.25,-43.75,3.46429
-30.75,-43.75,3.34359
-30.25,-43.75,3.19976
-29.75,-43.75,3.04745
-29.25,-43.75,2.90195
-28.75,-43.75,2.77728
-28.25,-43.75,2.68478
-27.75,-43.75,2.63198
-27.25,-43.75,2.62217
-26.75,-43.75,2.65418
-26.25,-43.75,2.72282
-25.75,-43.75,2.81959
-25.25,-43.75,2.93384
-24.75,-43.75,3.05427
-24.25,-43.75,3.17055
-23.75,-43.75,3.27468
-23.25,-43.75,3.36213
-22.75,-43.75,3.4322
-22.25,-43.75,3.48793
-21.75,-43.75,3.53524
-21.25,-43.75,3.58198
-20.75,-43.75,3.63671
-20.25,-43.75,3.70785
-19.75,-43.75,3.80293
-19.25,-43.75,3.92825
-18.75,-43.75,4.08867
-18.25,-43.75,4.28757
-17.75,-43.75,4.52674
-17.25,-43.75,4.8064
-16.75,-43.75,5.12518
-16.25,-43.75,5.48025
-15.75,-43.75,5.86755
-15.25,-43.75,6.28222
-14.75,-43.75,6.71909
-14.25,-43.75,7.17324
-13.75,-43.75,7.64046
-13.25,-43.75,8.11746
-12.75,-43.75,8.60187
-12.25,-43.75,9.09176
-11.75,-43.75,9.58476
-11.25,-43.75,10.077
-10.75,-43.75,10.5619
-10.25,-43.75,11.0291
-9.75,-43.75,11.4643
-9.25,-43.75,11.8499
-8.75,-43.75,12.167
-8.25,-43.75,12.3975
-7.75,-43.75,12.5288
-7.25,-43.75,12.5562
-6.75,-43.75,12.4858
-6.25,-43.75,12.3349
-5.75,-43.75,12.1308
-5.25,-43.75,11.9075
-4.75,-43.75,11.7012
-4.25,-43.75,11.5461
-3.75,-43.75,11.4707
-3.25,-43.75,11.4956
-2.75,-43.75,11.6332
-2.25,-43.75,11.8879
-1.75,-43.75,12.2579
-1.25,-43.75,12.7359
-0.75,-43.75,13.3105
-0.25,-43.75,13.9667
0.25,-43.75,14.6863
0.75,-43.75,15.4489
1.25,-43.75,16.2325
1.75,-43.75,17.0153
2.25,-43.75,17.7771
2.75,-43.75,18.5007
3.25,-43.75,19.1737
3.75,-43.75,19.7886
4.25,-43.75,20.3434
4.75,-43.75,20.8404
5.25,-43.75,21.2849
5.75,-43.75,21.6837
6.25,-43.75,22.0432
6.75,-43.75,22.3678
7.25,-43.75,22.6595
7.75,-43.75,22.9168
8.25,-43.75,23.1352
8.75,-43.75,23.307
9.25,-43.75,23.4226
9.75,-43.75,23.4705
10.25,-43.75,23.4382
10.75,-43.75,23.313
11.25,-43.75,23.0832
11.75,-43.75,22.7387
12.25,-43.75,22.2726
12.75,-43.75,21.6823
13.25,-43.75,20.9705
13.75,-43.75,20.146
14.25,-43.75,19.2242
14.75,-43.75,18.2268
15.25,-43.75,17.1808
15.75,-43.75,16.1169
16.25,-43.75,15.0669
16.75,-43.75,14.0616
17.25,-43.75,13.1278
17.75,-43.75,12.2863
18.25,-43.75,11.5508
18.75,-43.75,10.9269
19.25,-43.75,10.4128
19.75,-43.75,10.0001
20.25,-43.75,9.67456
20.75,-43.75,9.41817
21.25,-43.75,9.21035
21.75,-43.75,9.02983
22.25,-43.75,8.8565
22.75,-43.75,8.67322
23.25,-43.75,8.46737
23.75,-43.75,8.23186
24.25,-43.75,7.96521
24.75,-43.75,7.6708
25.25,-43.75,7.35524
25.75,-43.75,7.02635
26.25,-43.75,6.69128
26.75,-43.75,6.35517
27.25,-43.75,6.02089
27.75,-43.75,5.68956
28.25,-43.75,5.36169
28.75,-43.75,5.03843
29.25,-43.75,4.72214
29.75,-43.75,4.41626
30.25,-43.75,4.12439
30.75,-43.75,3.84907
31.25,-43.75,3.59071
31.75,-43.75,3.3472
32.25,-43.75,3.11437
32.75,-43.75,2.88718
33.25,-43.75,2.66109
33.75,-43.75,2.43328
34.25,-43.75,2.20321
34.75,-43.75,1.97264
35.25,-43.75,1.74496
35.75,-43.75,1.5244
36.25,-43.75,1.31524
36.75,-43.75,1.12121
37.25,-43.75,0.945154
37.75,-43.75,0.788951
38.25,-43.75,0.653466
38.75,-43.75,0.538664
39.25,-43.75,0.443754
39.75,-43.75,0.367399
40.25,-43.75,0.308028
40.75,-43.75,0.26418
41.25,-43.75,0.234837
41.75,-43.75,0.219629
42.25,-43.75,0.218799
42.75,-43.75,0.232963
43.25,-43.75,0.262563
43.75,-43.75,0.307187
44.25,-43.75,0.364652
44.75,-43.75,0.430457
-44.75,-43.25,6.05068
-44.25,-43.25,6.00342
-43.75,-43.25,5.80936
-43.25,-43.25,5.53063
-42.75,-43.25,5.22114
-42.25,-43.25,4.91178
-41.75,-43.25,4.62429
-41.25,-43.25,4.3715
-40.75,-43.25,4.15776
-40.25,-43.25,3.98055
-39.75,-43.25,3.83306
-39.25,-43.25,3.70703
-38.75,-43.25,3.5955
-38.25,-43.25,3.49492
-37.75,-43.25,3.40623
-37.25,-43.25,3.33468
-36.75,-43.25,3.28833
-36.25,-43.25,3.27549
-35.75,-43.25,3.30191
-35.25,-43.25,3.36812
-34.75,-43.25,3.46803
-34.25,-43.25,3.58895
-33.75,-43.25,3.71328
-33.25,-43.25,3.82138
-32.75,-43.25,3.89496
-32.25,-43.25,3.92021
-31.75,-43.25,3.88995
-31.25,-43.25,3.80452
-30.75,-43.25,3.67141
-30.25,-43.25,3.5038
-29.75,-43.25,3.3185
-29.25,-43.25,3.1337
-28.75,-43.25,2.96686
-28.25,-43.25,2.83292
-27.75,-43.25,2.74295
-27.25,-43.25,2.70329
-26.75,-43.25,2.71513
-26.25,-43.25,2.77474
-25.75,-43.25,2.87406
-25.25,-43.25,3.00192
-24.75,-43.25,3.14568
-24.25,-43.25,3.29304
-23.75,-43.25,3.43371
-23.25,-43.25,3.56077
-22.75,-43.25,3.67142
-22.25,-43.25,3.76689
-21.75,-43.25,3.85196
-21.25,-43.25,3.93385
-20.75,-43.25,4.02113
-20.25,-43.25,4.12266
-19.75,-43.25,4.2467
-19.25,-43.25,4.40038
-18.75,-43.25,4.58934
-18.25,-43.25,4.81752
-17.75,-43.25,5.08709
-17.25,-43.25,5.39837
-16.75,-43.25,5.74997
-16.25,-43.25,6.13898
-15.75,-43.25,6.56137
-15.25,-43.25,7.01242
-14.75,-43.25,7.4873
-14.25,-43.25,7.98167
-13.75,-43.25,8.49207
-13.25,-43.25,9.01601
-12.75,-43.25,9.55179
-12.25,-43.25,10.0979
-11.75,-43.25,10.6518
-11.25,-43.25,11.209
-10.75,-43.25,11.7616
-10.25,-43.25,12.2976
-9.75,-43.25,12.8005
-9.25,-43.25,13.2508
-8.75,-43.25,13.6273
-8.25,-43.25,13.911
-7.75,-43.25,14.0884
-7.25,-43.25,14.1548
-6.75,-43.25,14.117
-6.25,-43.25,13.9933
-5.75,-43.25,13.8126
-5.25,-43.25,13.6102
-4.75,-43.25,13.424
-4.25,-43.25,13.2895
-3.75,-43.25,13.2363
-3.25,-43.25,13.2861
-2.75,-43.25,13.452
-2.25,-43.25,13.7391
-1.75,-43.25,14.1463
-1.25,-43.25,14.667
-0.75,-43.25,15.2906
-0.25,-43.25,16.0031
0.25,-43.25,16.7875
0.75,-43.25,17.6245
1.25,-43.25,18.493
1.75,-43.25,19.3716
2.25,-43.25,20.2396
2.75,-43.25,21.0787
3.25,-43.25,21.874
3.75,-43.25,22.6153
4.25,-43.25,23.2969
4.75,-43.25,23.9171
5.25,-43.25,24.4778
5.75,-43.25,24.982
6.25,-43.25,25.4332
6.75,-43.25,25.8335
7.25,-43.25,26.1826
7.75,-43.25,26.4776
8.25,-43.25,26.7124
8.75,-43.25,26.8787
9.25,-43.25,26.9662
9.75,-43.25,26.9635
10.25,-43.25,26.8589
10.75,-43.25,26.6416
11.25,-43.25,26.3021
11.75,-43.25,25.8339
12.25,-43.25,25.2338
12.75,-43.25,24.5033
13.25,-43.25,23.6491
13.75,-43.25,22.6837
14.25,-43.25,21.6254
14.75,-43.25,20.4977
15.25,-43.25,19.3285
15.75,-43.25,18.1484
16.25,-43.25,16.989
16.75,-43.25,15.88
17.25,-43.25,14.8478
17.75,-43.25,13.9128
18.25,-43.25,13.0889
18.75,-43.25,12.382
19.25,-43.25,11.791
19.75,-43.25,11.3079
20.25,-43.25,10.919
20.75,-43.25,10.6064
21.25,-43.25,10.3492
21.75,-43.25,10.1254
22.25,-43.25,9.91358
22.75,-43.25,9.69479
23.25,-43.25,9.45408
23.75,-43.25,9.18192
24.25,-43.25,8.87464
24.75,-43.25,8.53409
25.25,-43.25,8.16638
25.75,-43.25,7.78001
26.25,-43.25,7.3839
26.75,-43.25,6.98574
27.25,-43.25,6.59124
27.75,-43.25,6.20415
28.25,-43.25,5.82705
28.75,-43.25,5.46232
29.25,-43.25,5.11273
29.75,-43.25,4.78138
30.25,-43.25,4.47106
30.75,-43.25,4.18321
31.25,-43.25,3.91696
31.75,-43.25,3.66888
32.25,-43.25,3.43342
32.75,-43.25,3.2041
33.25,-43.25,2.97496
33.75,-43.25,2.7418
34.25,-43.25,2.50304
34.75,-43.25,2.25975
35.25,-43.25,2.01525
35.75,-43.25,1.77427
36.25,-43.25,1.54212
36.75,-43.25,1.32385
37.25,-43.25,1.12379
37.75,-43.25,0.945118
38.25,-43.25,0.789714
38.75,-43.25,0.658157
39.25,-43.25,0.549891
39.75,-43.25,0.463532
40.25,-43.25,0.397329
40.75,-43.25,0.349671
41.25,-43.25,0.319539
41.75,-43.25,0.306772
42.25,-43.25,0.311996
42.75,-43.25,0.336273
43.25,-43.25,0.380352
43.75,-43.25,0.443765
44.25,-43.25,0.523622
44.75,-43.25,0.613875
-44.75,-42.75,6.52463
-44.25,-42.75,6.49045
-43.75,-42.75,6.29008
-43.25,-42.75,5.98836
-42.75,-42.75,5.64259
-42.25,-42.75,5.28696
-41.75,-42.75,4.9468
-41.25,-42.75,4.63837
-40.75,-42.75,4.36904
-40.25,-42.75,4.13883
-39.75,-42.75,3.94305
-39.25,-42.75,3.77517
-38.75,-42.75,3.62978
-38.25,-42.75,3.50456
-37.75,-42.75,3.40135
-37.25,-42.75,3.32588
-36.75,-42.75,3.28606
-36.25,-42.75,3.28949
-35.75,-42.75,3.34056
-35.25,-42.75,3.43794
-34.75,-42.75,3.57331
-34.25,-42.75,3.7316
-33.75,-42.75,3.89282
-33.25,-42.75,4.03512
-32.75,-42.75,4.13819
-32.25,-42.75,4.18656
-31.75,-42.75,4.17178
-31.25,-42.75,4.09341
-30.75,-42.75,3.95868
-30.25,-42.75,3.78118
-29.75,-42.75,3.57874
-29.25,-42.75,3.37119
-28.75,-42.75,3.1781
-28.25,-42.75,3.01691
-27.75,-42.75,2.90126
-27.25,-42.75,2.83999
-26.75,-42.75,2.83645
-26.25,-42.75,2.88854
-25.75,-42.75,2.98918
-25.25,-42.75,3.12746
-24.75,-42.75,3.29027
-24.25,-42.75,3.46421
-23.75,-42.75,3.63743
-23.25,-42.75,3.80116
-22.75,-42.75,3.95066
-22.25,-42.75,4.08544
-21.75,-42.75,4.20893
-21.25,-42.75,4.32752
-20.75,-42.75,4.44952
-20.25,-42.75,4.58404
-19.75,-42.75,4.73999
-19.25,-42.75,4.92538
-18.75,-42.75,5.14675
-18.25,-42.75,5.40884
-17.75,-42.75,5.71439
-17.25,-42.75,6.06406
-16.75,-42.75,6.45655
-16.25,-42.75,6.88884
-15.75,-42.75,7.35667
-15.25,-42.75,7.85511
-14.75,-42.75,8.37922
-14.25,-42.75,8.92465
-13.75,-42.75,9.48815
-13.25,-42.75,10.0675
-12.75,-42.75,10.6615
-12.25,-42.75,11.2688
-11.75,-42.75,11.8871
-11.25,-42.75,12.5117
-10.75,-42.75,13.1343
-10.25,-42.75,13.7422
-9.75,-42.75,14.318
-9.25,-42.75,14.8413
-8.75,-42.75,15.2903
-8.25,-42.75,15.6452
-7.75,-42.75,15.8922
-7.25,-42.75,16.0265
-6.75,-42.75,16.0547
-6.25,-42.75,15.995
-5.75,-42.75,15.8762
-5.25,-42.75,15.7337
-4.75,-42.75,15.6054
-4.25,-42.75,15.5273
-3.75,-42.75,15.5295
-3.25,-42.75,15.6347
-2.75,-42.75,15.8571
-2.25,-42.75,16.2032
-1.75,-42.75,16.6731
-1.25,-42.75,17.2617
-0.75,-42.75,17.9598
-0.25,-42.75,18.7551
0.25,-42.75,19.6319
0.75,-42.75,20.5721
1.25,-42.75,21.5559
1.75,-42.75,22.5619
2.25,-42.75,23.569
2.75,-42.75,24.5572
3.25,-42.75,25.5091
3.75,-42.75,26.4107
4.25,-42.75,27.2517
4.75,-42.75,28.0259
5.25,-42.75,28.7297
5.75,-42.75,29.3616
6.25,-42.75,29.9205
6.75,-42.75,30.405
7.25,-42.75,30.8116
7.75,-42.75,31.1352
8.25,-42.75,31.3686
8.75,-42.75,31.5028
9.25,-42.75,31.5281
9.75,-42.75,31.4346
10.25,-42.75,31.2133
10.75,-42.75,30.8569
11.25,-42.75,30.3606
11.75,-42.75,29.7231
12.25,-42.75,28.9467
12.75,-42.75,28.0384
13.25,-42.75,27.0097
13.75,-42.75,25.8771
14.25,-42.75,24.6611
14.75,-42.75,23.3865
15.25,-42.75,22.0806
15.75,-42.75,20.7727
16.25,-42.75,19.492
16.75,-42.75,18.2661
17.25,-42.75,17.1196
17.75,-42.75,16.0717
18.25,-42.75,15.136
18.75,-42.75,14.319
19.25,-42.75,13.6205
19.75,-42.75,13.0337
20.25,-42.75,12.5461
20.75,-42.75,12.1409
21.25,-42.75,11.7977
21.75,-42.75,11.4949
22.25,-42.75,11.2105
22.75,-42.75,10.9245
23.25,-42.75,10.6203
23.75,-42.75,10.286
24.25,-42.75,9.91584
24.75,-42.75,9.50964
25.25,-42.75,9.07243
25.75,-42.75,8.61274
26.25,-42.75,8.14075
26.75,-42.75,7.66639
27.25,-42.75,7.19818
27.75,-42.75,6.7427
28.25,-42.75,6.30486
28.75,-42.75,5.88852
29.25,-42.75,5.49697
29.75,-42.75,5.13302
30.25,-42.75,4.79854
30.75,-42.75,4.49369
31.25,-42.75,4.21625
31.75,-42.75,3.9614
32.25,-42.75,3.72226
32.75,-42.75,3.49093
33.25,-42.75,3.25999
33.75,-42.75,3.02383
34.25,-42.75,2.77953
34.75,-42.75,2.52723
35.25,-42.75,2.26982
35.75,-42.75,2.01224
36.25,-42.75,1.76058
36.75,-42.75,1.52118
37.25,-42.75,1.2998
37.75,-42.75,1.10102
38.25,-42.75,0.927829
38.75,-42.75,0.781538
39.25,-42.75,0.661915
39.75,-42.75,0.567603
40.25,-42.75,0.496718
40.75,-42.75,0.447521
41.25,-42.75,0.41899
41.75,-42.75,0.411141
42.25,-42.75,0.42491
42.75,-42.75,0.461696
43.25,-42.75,0.522422
43.75,-42.75,0.606412
44.25,-42.75,0.709935
44.75,-42.75,0.8253
-44.75,-42.25,6.80651
-44.25,-42.25,6.80308
-43.75,-42.25,6.62002
-43.25,-42.25,6.32119
-42.75,-42.25,5.96414
-42.25,-42.25,5.58459
-41.75,-42.25,5.21041
-41.25,-42.25,4.86104
-40.75,-42.25,4.54717
-40.25,-42.25,4.27211
-39.75,-42.25,4.03405
-39.25,-42.25,3.82903
-38.75,-42.25,3.65363
-38.25,-42.25,3.50697
-37.75,-42.25,3.3916
-37.25,-42.25,3.31319
-36.75,-42.25,3.27886
-36.25,-42.25,3.29482
-35.75,-42.25,3.36366
-35.25,-42.25,3.48218
-34.75,-42.25,3.64035
-34.25,-42.25,3.82177
-33.75,-42.25,4.00552
-33.25,-42.25,4.16917
-32.75,-42.25,4.29207
-32.25,-42.25,4.35839
-31.75,-42.25,4.35931
-31.25,-42.25,4.29387
-30.75,-42.25,4.16877
-30.25,-42.25,3.99716
-29.75,-42.25,3.79667
-29.25,-42.25,3.58729
-28.75,-42.25,3.38924
-28.25,-42.25,3.221
-27.75,-42.25,3.09768
-27.25,-42.25,3.0298
-26.75,-42.25,3.02247
-26.25,-42.25,3.07516
-25.75,-42.25,3.1821
-25.25,-42.25,3.33316
-24.75,-42.25,3.51547
-24.25,-42.25,3.71525
-23.75,-42.25,3.91968
-23.25,-42.25,4.11865
-22.75,-42.25,4.30583
-22.25,-42.25,4.4792
-21.75,-42.25,4.64088
-21.25,-42.25,4.79641
-20.75,-42.25,4.95378
-20.25,-42.25,5.12234
-19.75,-42.25,5.31168
-19.25,-42.25,5.53077
-18.75,-42.25,5.78726
-18.25,-42.25,6.08692
-17.75,-42.25,6.43335
-17.25,-42.25,6.82774
-16.75,-42.25,7.26898
-16.25,-42.25,7.75388
-15.75,-42.25,8.27772
-15.25,-42.25,8.83492
-14.75,-42.25,9.41984
-14.25,-42.25,10.0275
-13.75,-42.25,10.6543
-13.25,-42.25,11.2979
-12.75,-42.25,11.9571
-12.25,-42.25,12.6312
-11.75,-42.25,13.3184
-11.25,-42.25,14.0146
-10.75,-42.25,14.7121
-10.25,-42.25,15.3988
-9.75,-42.25,16.0577
-9.25,-42.25,16.6688
-8.75,-42.25,17.2103
-8.25,-42.25,17.6625
-7.75,-42.25,18.011
-7.25,-42.25,18.2502
-6.75,-42.25,18.3855
-6.25,-42.25,18.4337
-5.75,-42.25,18.4218
-5.25,-42.25,18.3839
-4.75,-42.25,18.3566
-4.25,-42.25,18.3756
-3.75,-42.25,18.4714
-3.25,-42.25,18.6677
-2.75,-42.25,18.9802
-2.25,-42.25,19.4175
-1.75,-42.25,19.9819
-1.25,-42.25,20.6703
-0.75,-42.25,21.4758
-0.25,-42.25,22.3878
0.25,-42.25,23.3924
0.75,-42.25,24.4731
1.25,-42.25,25.6104
1.75,-42.25,26.7833
2.25,-42.25,27.9696
2.75,-42.25,29.1472
3.25,-42.25,30.2954
3.75,-42.25,31.3958
4.25,-42.25,32.4328
4.75,-42.25,33.3942
5.25,-42.25,34.2703
5.75,-42.25,35.0536
6.25,-42.25,35.7377
6.75,-42.25,36.3162
7.25,-42.25,36.7822
7.75,-42.25,37.1278
8.25,-42.25,37.3447
8.75,-42.25,37.4239
9.25,-42.25,37.357
9.75,-42.25,37.1371
10.25,-42.25,36.7592
10.75,-42.25,36.2213
11.25,-42.25,35.5249
11.75,-42.25,34.6753
12.25,-42.25,33.6817
12.75,-42.25,32.5576
13.25,-42.25,31.3198
13.75,-42.25,29.9889
14.25,-42.25,28.5877
14.75,-42.25,27.1414
15.25,-42.25,25.6761
15.75,-42.25,24.2184
16.25,-42.25,22.794
16.75,-42.25,21.4272
17.25,-42.25,20.1395
17.75,-42.25,18.9482
18.25,-42.25,17.8662
18.75,-42.25,16.9005
19.25,-42.25,16.0523
19.75,-42.25,15.3166
20.25,-42.25,14.6831
20.75,-42.25,14.1369
21.25,-42.25,13.6595
21.75,-42.25,13.2304
22.25,-42.25,12.8282
22.75,-42.25,12.4328
23.25,-42.25,12.0267
23.75,-42.25,11.5963
24.25,-42.25,11.1337
24.75,-42.25,10.6368
25.25,-42.25,10.1088
25.75,-42.25,9.55782
26.25,-42.25,8.99437
26.75,-42.25,8.43005
27.25,-42.25,7.8757
27.75,-42.25,7.34045
28.25,-42.25,6.83146
28.75,-42.25,6.35407
29.25,-42.25,5.91213
29.75,-42.25,5.50808
30.25,-42.25,5.14274
30.75,-42.25,4.81489
31.25,-42.25,4.52082
31.75,-42.25,4.25428
32.25,-42.25,4.00704
32.75,-42.25,3.76997
33.25,-42.25,3.53434
33.75,-42.25,3.29324
34.25,-42.25,3.04253
34.75,-42.25,2.78136
35.25,-42.25,2.51207
35.75,-42.25,2.23959
36.25,-42.25,1.9706
36.75,-42.25,1.71244
37.25,-42.25,1.47214
37.75,-42.25,1.25555
38.25,-42.25,1.06673
38.75,-42.25,0.907716
39.25,-42.25,0.778655
39.75,-42.25,0.678276
40.25,-42.25,0.60462
40.75,-42.25,0.555837
41.25,-42.25,0.530854
41.75,-42.25,0.529729
42.25,-42.25,0.553506
42.75,-42.25,0.603654
43.25,-42.25,0.680993
43.75,-42.25,0.784425
44.25,-42.25,0.90929
44.75,-42.25,1.04634
-44.75,-41.75,6.89749
-44.25,-41.75,6.93292
-43.75,-41.75,6.78191
-43.25,-41.75,6.50432
-42.75,-41.75,6.15524
-42.25,-41.75,5.77014
-41.75,-41.75,5.37837
-41.25,-41.75,5.00207
-40.75,-41.75,4.65543
-40.25,-41.75,4.34546
-39.75,-41.75,4.07392
-39.25,-41.75,3.83992
-38.75,-41.75,3.64231
-38.25,-41.75,3.48152
-37.75,-41.75,3.36035
-37.25,-41.75,3.28359
-36.75,-41.75,3.25668
-36.25,-41.75,3.28358
-35.75,-41.75,3.36455
-35.25,-41.75,3.49452
-34.75,-41.75,3.66232
-34.25,-41.75,3.85134
-33.75,-41.75,4.04137
-33.25,-41.75,4.21121
-32.75,-41.75,4.34167
-32.25,-41.75,4.41814
-31.75,-41.75,4.43245
-31.25,-41.75,4.38367
-30.75,-41.75,4.27783
-30.25,-41.75,4.12699
-29.75,-41.75,3.94745
-29.25,-41.75,3.758
-28.75,-41.75,3.578
-28.25,-41.75,3.42556
-27.75,-41.75,3.31603
-27.25,-41.75,3.26068
-26.75,-41.75,3.26578
-26.25,-41.75,3.33221
-25.75,-41.75,3.4555
-25.25,-41.75,3.62664
-24.75,-41.75,3.8334
-24.25,-41.75,4.06207
-23.75,-41.75,4.29942
-23.25,-41.75,4.53441
-22.75,-41.75,4.75954
-22.25,-41.75,4.97156
-21.75,-41.75,5.17156
-21.25,-41.75,5.36444
-20.75,-41.75,5.55803
-20.25,-41.75,5.76203
-19.75,-41.75,5.98683
-19.25,-41.75,6.24256
-18.75,-41.75,6.53812
-18.25,-41.75,6.88059
-17.75,-41.75,7.2746
-17.25,-41.75,7.72207
-16.75,-41.75,8.22211
-16.25,-41.75,8.77126
-15.75,-41.75,9.36404
-15.25,-41.75,9.99375
-14.75,-41.75,10.6534
-14.25,-41.75,11.337
-13.75,-41.75,12.0397
-13.25,-41.75,12.7588
-12.75,-41.75,13.4931
-12.25,-41.75,14.2426
-11.75,-41.75,15.0064
-11.25,-41.75,15.7822
-10.75,-41.75,16.564
-10.25,-41.75,17.3412
-9.75,-41.75,18.099
-9.25,-41.75,18.8184
-8.75,-41.75,19.4786
-8.25,-41.75,20.0601
-7.75,-41.75,20.5477
-7.25,-41.75,20.9345
-6.75,-41.75,21.2233
-6.25,-41.75,21.4281
-5.75,-41.75,21.5728
-5.25,-41.75,21.6885
-4.75,-41.75,21.8101
-4.25,-41.75,21.9721
-3.75,-41.75,22.2052
-3.25,-41.75,22.5343
-2.75,-41.75,22.9774
-2.25,-41.75,23.5456
-1.75,-41.75,24.2441
-1.25,-41.75,25.0728
-0.75,-41.75,26.0271
-0.25,-41.75,27.0988
0.25,-41.75,28.2757
0.75,-41.75,29.5421
1.25,-41.75,30.8791
1.75,-41.75,32.2651
2.25,-41.75,33.676
2.75,-41.75,35.0872
3.25,-41.75,36.4738
3.75,-41.75,37.8124
4.25,-41.75,39.0815
4.75,-41.75,40.2622
5.25,-41.75,41.3382
5.75,-41.75,42.2955
6.25,-41.75,43.1213
6.75,-41.75,43.8041
7.25,-41.75,44.333
7.75,-41.75,44.6973
8.25,-41.75,44.8873
8.75,-41.75,44.8945
9.25,-41.75,44.7124
9.75,-41.75,44.3376
10.25,-41.75,43.7704
10.75,-41.75,43.0149
11.25,-41.75,42.08
11.75,-41.75,40.9787
12.25,-41.75,39.728
12.75,-41.75,38.3483
13.25,-41.75,36.8628
13.75,-41.75,35.2961
14.25,-41.75,33.6737
14.75,-41.75,32.0209
15.25,-41.75,30.3623
15.75,-41.75,28.7209
16.25,-41.75,27.1185
16.75,-41.75,25.5746
17.25,-41.75,24.1068
17.75,-41.75,22.7298
18.25,-41.75,21.4552
18.75,-41.75,20.2903
19.25,-41.75,19.238
19.75,-41.75,18.2959
20.25,-41.75,17.4569
20.75,-41.75,16.7091
21.25,-41.75,16.0371
21.75,-41.75,15.4226
22.25,-41.75,14.8462
22.75,-41.75,14.2885
23.25,-41.75,13.7321
23.75,-41.75,13.1626
24.25,-41.75,12.5703
24.75,-41.75,11.9511
25.25,-41.75,11.3065
25.75,-41.75,10.6433
26.25,-41.75,9.97165
26.75,-41.75,9.30383
27.25,-41.75,8.65211
27.75,-41.75,8.02743
28.25,-41.75,7.43863
28.75,-41.75,6.89219
29.25,-41.75,6.39228
29.75,-41.75,5.94084
30.25,-41.75,5.53752
30.75,-41.75,5.1796
31.25,-41.75,4.86177
31.75,-41.75,4.57634
32.25,-41.75,4.31385
32.75,-41.75,4.06406
33.25,-41.75,3.8173
33.75,-41.75,3.56566
34.25,-41.75,3.30412
34.75,-41.75,3.03106
35.25,-41.75,2.74833
35.75,-41.75,2.46076
36.25,-41.75,2.17533
36.75,-41.75,1.90005
37.25,-41.75,1.64287
37.75,-41.75,1.41059
38.25,-41.75,1.20812
38.75,-41.75,1.0381
39.25,-41.75,0.901071
39.75,-41.75,0.795889
40.25,-41.75,0.720584
40.75,-41.75,0.673195
41.25,-41.75,0.652503
41.75,-41.75,0.658392
42.25,-41.75,0.691681
42.75,-41.75,0.753519
43.25,-41.75,0.844259
43.75,-41.75,0.962135
44.25,-41.75,1.10157
44.75,-41.75,1.25211
-44.75,-41.25,6.82507
-44.25,-41.25,6.898
-43.75,-41.25,6.78378
-43.25,-41.25,6.53632
-42.75,-41.25,6.20634
-42.25,-41.25,5.82772
-41.75,-41.25,5.43037
-41.25,-41.25,5.03867
-40.75,-41.25,4.67017
-40.25,-41.25,4.33579
-39.75,-41.25,4.04115
-39.25,-41.25,3.78858
-38.75,-41.25,3.57917
-38.25,-41.25,3.4143
-37.75,-41.25,3.29633
-37.25,-41.25,3.22837
-36.75,-41.25,3.21323
-36.25,-41.25,3.25186
-35.75,-41.25,3.34182
-35.25,-41.25,3.47613
-34.75,-41.25,3.643
-34.25,-41.25,3.82664
-33.75,-41.25,4.00882
-33.25,-41.25,4.17114
-32.75,-41.25,4.29736
-32.25,-41.25,4.37543
-31.75,-41.25,4.39891
-31.25,-41.25,4.36748
-30.75,-41.25,4.28672
-30.25,-41.25,4.16729
-29.75,-41.25,4.02351
-29.25,-41.25,3.872
-28.75,-41.25,3.73007
-28.25,-41.25,3.6143
-27.75,-41.25,3.53913
-27.25,-41.25,3.51568
-26.75,-41.25,3.55073
-26.25,-41.25,3.64607
-25.75,-41.25,3.79844
-25.25,-41.25,3.9999
-24.75,-41.25,4.23904
-24.25,-41.25,4.50255
-23.75,-41.25,4.77707
-23.25,-41.25,5.05108
-22.75,-41.25,5.31634
-22.25,-41.25,5.56884
-21.75,-41.25,5.80908
-21.25,-41.25,6.0417
-20.75,-41.25,6.27469
-20.25,-41.25,6.51836
-19.75,-41.25,6.78409
-19.25,-41.25,7.08329
-18.75,-41.25,7.42628
-18.25,-41.25,7.8215
-17.75,-41.25,8.27473
-17.25,-41.25,8.78858
-16.75,-41.25,9.36232
-16.25,-41.25,9.99201
-15.75,-41.25,10.6711
-15.25,-41.25,11.3912
-14.75,-41.25,12.1437
-14.25,-41.25,12.9206
-13.75,-41.25,13.7158
-13.25,-41.25,14.5258
-12.75,-41.25,15.3496
-12.25,-41.25,16.1877
-11.75,-41.25,17.0413
-11.25,-41.25,17.9103
-10.75,-41.25,18.7915
-10.25,-41.25,19.6774
-9.75,-41.25,20.5557
-9.25,-41.25,21.4099
-8.75,-41.25,22.2206
-8.25,-41.25,22.9684
-7.75,-41.25,23.6375
-7.25,-41.25,24.2183
-6.75,-41.25,24.7104
-6.25,-41.25,25.1237
-5.75,-41.25,25.4778
-5.25,-41.25,25.8001
-4.75,-41.25,26.1224
-4.25,-41.25,26.478
-3.75,-41.25,26.8978
-3.25,-41.25,27.4081
-2.75,-41.25,28.0297
-2.25,-41.25,28.7769
-1.75,-41.25,29.6584
-1.25,-41.25,30.6773
-0.75,-41.25,31.8321
-0.25,-41.25,33.1163
0.25,-41.25,34.5192
0.75,-41.25,36.0255
1.25,-41.25,37.6157
1.75,-41.25,39.2664
2.25,-41.25,40.9511
2.75,-41.25,42.6413
3.25,-41.25,44.3077
3.75,-41.25,45.9213
4.25,-41.25,47.4547
4.75,-41.25,48.8824
5.25,-41.25,50.1814
5.75,-41.25,51.3313
6.25,-41.25,52.3134
6.75,-41.25,53.1107
7.25,-41.25,53.7081
7.75,-41.25,54.092
8.25,-41.25,54.2512
8.75,-41.25,54.1772
9.25,-41.25,53.8656
9.75,-41.25,53.3166
10.25,-41.25,52.5354
10.75,-41.25,51.5332
11.25,-41.25,50.3261
11.75,-41.25,48.9357
12.25,-41.25,47.3872
12.75,-41.25,45.7091
13.25,-41.25,43.931
13.75,-41.25,42.0828
14.25,-41.25,40.1929
14.75,-41.25,38.2872
15.25,-41.25,36.3887
15.75,-41.25,34.517
16.25,-41.25,32.6889
16.75,-41.25,30.9189
17.25,-41.25,29.2197
17.75,-41.25,27.6024
18.25,-41.25,26.0768
18.75,-41.25,24.6503
19.25,-41.25,23.3276
19.75,-41.25,22.1097
20.25,-41.25,20.9935
20.75,-41.25,19.9716
21.25,-41.25,19.0326
21.75,-41.25,18.1621
22.25,-41.25,17.3437
22.75,-41.25,16.56
23.25,-41.25,15.7946
23.75,-41.25,15.033
24.25,-41.25,14.2648
24.75,-41.25,13.4842
25.25,-41.25,12.6909
25.75,-41.25,11.8899
26.25,-41.25,11.0904
26.75,-41.25,10.3042
27.25,-41.25,9.54384
27.75,-41.25,8.82083
28.25,-41.25,8.14474
28.75,-41.25,7.5224
29.25,-41.25,6.95778
29.75,-41.25,6.45201
30.25,-41.25,6.00341
30.75,-41.25,5.60765
31.25,-41.25,5.25785
31.75,-41.25,4.94494
32.25,-41.25,4.65836
32.75,-41.25,4.38711
33.25,-41.25,4.1209
33.75,-41.25,3.85133
34.25,-41.25,3.57292
34.75,-41.25,3.2836
35.25,-41.25,2.98487
35.75,-41.25,2.68136
36.25,-41.25,2.38007
36.75,-41.25,2.08925
37.25,-41.25,1.81724
37.75,-41.25,1.57134
38.25,-41.25,1.35697
38.75,-41.25,1.17723
39.25,-41.25,1.03296
39.75,-41.25,0.923247
40.25,-41.25,0.846149
40.75,-41.25,0.799603
41.25,-41.25,0.782117
41.75,-41.25,0.793127
42.25,-41.25,0.832828
42.75,-41.25,0.901606
43.25,-41.25,0.998954
43.75,-41.25,1.12225
44.25,-41.25,1.26515
44.75,-41.25,1.41657
-44.75,-40.75,6.63186
-44.25,-40.75,6.73466
-43.75,-40.75,6.65417
-43.25,-40.75,6.4376
-42.75,-40.75,6.13039
-42.25,-40.75,5.76416
-41.75,-40.75,5.36875
-41.25,-40.75,4.97032
-40.75,-40.75,4.58951
-40.25,-40.75,4.24097
-39.75,-40.75,3.934
-39.25,-40.75,3.67394
-38.75,-40.75,3.46374
-38.25,-40.75,3.30521
-37.75,-40.75,3.19967
-37.25,-40.75,3.14792
-36.75,-40.75,3.14964
-36.25,-40.75,3.20248
-35.75,-40.75,3.30118
-35.25,-40.75,3.43702
-34.75,-40.75,3.59801
-34.25,-40.75,3.76967
-33.75,-40.75,3.9364
-33.25,-40.75,4.08325
-32.75,-40.75,4.19764
-32.25,-40.75,4.27079
-31.75,-40.75,4.29866
-31.25,-40.75,4.28218
-30.75,-40.75,4.22696
-30.25,-40.75,4.14254
-29.75,-40.75,4.04135
-29.25,-40.75,3.93754
-28.75,-40.75,3.84592
-28.25,-40.75,3.78083
-27.75,-40.75,3.75503
-27.25,-40.75,3.7787
-26.75,-40.75,3.85841
-26.25,-40.75,3.99635
-25.75,-40.75,4.19002
-25.25,-40.75,4.43239
-24.75,-40.75,4.71282
-24.25,-40.75,5.01845
-23.75,-40.75,5.33612
-23.25,-40.75,5.65418
-22.75,-40.75,5.96415
-22.25,-40.75,6.26179
-21.75,-40.75,6.54754
-21.25,-40.75,6.82627
-20.75,-40.75,7.10654
-20.25,-40.75,7.39955
-19.75,-40.75,7.71784
-19.25,-40.75,8.07416
-18.75,-40.75,8.4802
-18.25,-40.75,8.94566
-17.75,-40.75,9.4773
-17.25,-40.75,10.0782
-16.75,-40.75,10.7475
-16.25,-40.75,11.4804
-15.75,-40.75,12.2688
-15.25,-40.75,13.1024
-14.75,-40.75,13.9703
-14.25,-40.75,14.8624
-13.75,-40.75,15.7712
-13.25,-40.75,16.6921
-12.75,-40.75,17.6244
-12.25,-40.75,18.57
-11.75,-40.75,19.5325
-11.25,-40.75,20.5149
-10.75,-40.75,21.5178
-10.25,-40.75,22.5375
-9.75,-40.75,23.5654
-9.25,-40.75,24.5875
-8.75,-40.75,25.5865
-8.25,-40.75,26.5432
-7.75,-40.75,27.4402
-7.25,-40.75,28.2652
-6.75,-40.75,29.0136
-6.25,-40.75,29.69
-5.75,-40.75,30.3091
-5.25,-40.75,30.8935
-4.75,-40.75,31.472
-4.25,-40.75,32.0762
-3.75,-40.75,32.7372
-3.25,-40.75,33.4835
-2.75,-40.75,34.3389
-2.25,-40.75,35.3217
-1.75,-40.75,36.4445
-1.25,-40.75,37.7139
-0.75,-40.75,39.131
-0.25,-40.75,40.691
0.25,-40.75,42.3834
0.75,-40.75,44.1922
1.25,-40.75,46.0957
1.75,-40.75,48.0676
2.25,-40.75,50.0774
2.75,-40.75,52.092
3.25,-40.75,54.077
3.75,-40.75,55.998
4.25,-40.75,57.8221
4.75,-40.75,59.5182
5.25,-40.75,61.0576
5.75,-40.75,62.4142
6.25,-40.75,63.5643
6.75,-40.75,64.4861
7.25,-40.75,65.1602
7.75,-40.75,65.5698
8.25,-40.75,65.7016
8.75,-40.75,65.5464
9.25,-40.75,65.1008
9.75,-40.75,64.3674
10.25,-40.75,63.3563
10.75,-40.75,62.0845
11.25,-40.75,60.5757
11.75,-40.75,58.8599
12.25,-40.75,56.9714
12.75,-40.75,54.9471
13.25,-40.75,52.8245
13.75,-40.75,50.6395
14.25,-40.75,48.4245
14.75,-40.75,46.207
15.25,-40.75,44.0087
15.75,-40.75,41.8462
16.25,-40.75,39.7313
16.75,-40.75,37.6728
17.25,-40.75,35.6779
17.75,-40.75,33.7534
18.25,-40.75,31.9064
18.75,-40.75,30.144
19.25,-40.75,28.473
19.75,-40.75,26.8981
20.25,-40.75,25.4212
20.75,-40.75,24.0407
21.25,-40.75,22.7507
21.75,-40.75,21.5421
22.25,-40.75,20.4025
22.75,-40.75,19.3179
23.25,-40.75,18.2739
23.75,-40.75,17.2572
24.25,-40.75,16.257
24.75,-40.75,15.2668
25.25,-40.75,14.2847
25.75,-40.75,13.3138
26.25,-40.75,12.3615
26.75,-40.75,11.4382
27.25,-40.75,10.5553
27.75,-40.75,9.72359
28.25,-40.75,8.95203
28.75,-40.75,8.2467
29.25,-40.75,7.61057
29.75,-40.75,7.04342
30.25,-40.75,6.54201
30.75,-40.75,6.10036
31.25,-40.75,5.71004
31.75,-40.75,5.3608
32.25,-40.75,5.04127
32.75,-40.75,4.73999
33.25,-40.75,4.4465
33.75,-40.75,4.15233
34.25,-40.75,3.85193
34.75,-40.75,3.54305
35.25,-40.75,3.2269
35.75,-40.75,2.90774
36.25,-40.75,2.59219
36.75,-40.75,2.2882
37.25,-40.75,2.00394
37.75,-40.75,1.7467
38.25,-40.75,1.52202
38.75,-40.75,1.33325
39.25,-40.75,1.18156
39.75,-40.75,1.06628
40.25,-40.75,0.985617
40.75,-40.75,0.937413
41.25,-40.75,0.91979
41.75,-40.75,0.931471
42.25,-40.75,0.971656
42.75,-40.75,1.03956
43.25,-40.75,1.13351
43.75,-40.75,1.24995
44.25,-40.75,1.38207
44.75,-40.75,1.51894
-44.75,-40.25,6.36048
-44.25,-40.25,6.48349
-43.75,-40.25,6.4299
-43.25,-40.25,6.24045
-42.75,-40.25,5.95535
-42.25,-40.25,5.60388
-41.75,-40.25,5.21549
-41.25,-40.25,4.81767
-40.75,-40.25,4.43365
-40.25,-40.25,4.08121
-39.75,-40.25,3.77267
-39.25,-40.25,3.51572
-38.75,-40.25,3.31454
-38.25,-40.25,3.17088
-37.75,-40.25,3.08469
-37.25,-40.25,3.0544
-36.75,-40.25,3.07675
-36.25,-40.25,3.14647
-35.75,-40.25,3.25597
-35.25,-40.25,3.39523
-34.75,-40.25,3.55225
-34.25,-40.25,3.71382
-33.75,-40.25,3.86665
-33.25,-40.25,3.9988
-32.75,-40.25,4.10086
-32.25,-40.25,4.16706
-31.75,-40.25,4.19581
-31.25,-40.25,4.18972
-30.75,-40.25,4.15512
-30.25,-40.25,4.10135
-29.75,-40.25,4.03973
-29.25,-40.25,3.98264
-28.75,-40.25,3.94272
-28.25,-40.25,3.9321
-27.75,-40.25,3.9616
-27.25,-40.25,4.03996
-26.75,-40.25,4.17294
-26.25,-40.25,4.36255
-25.75,-40.25,4.60655
-25.25,-40.25,4.89843
-24.75,-40.25,5.22813
-24.25,-40.25,5.58333
-23.75,-40.25,5.9512
-23.25,-40.25,6.32037
-22.75,-40.25,6.68258
-22.25,-40.25,7.03391
-21.75,-40.25,7.37529
-21.25,-40.25,7.71229
-20.75,-40.25,8.05438
-20.25,-40.25,8.41385
-19.75,-40.25,8.80448
-19.25,-40.25,9.24023
-18.75,-40.25,9.73396
-18.25,-40.25,10.2963
-17.75,-40.25,10.9344
-17.25,-40.25,11.6515
-16.75,-40.25,12.446
-16.25,-40.25,13.3116
-15.75,-40.25,14.2385
-15.25,-40.25,15.2138
-14.75,-40.25,16.2242
-14.25,-40.25,17.2574
-13.75,-40.25,18.3043
-13.25,-40.25,19.3601
-12.75,-40.25,20.4246
-12.25,-40.25,21.5018
-11.75,-40.25,22.5984
-11.25,-40.25,23.7214
-10.75,-40.25,24.8758
-10.25,-40.25,26.0625
-9.75,-40.25,27.2768
-9.25,-40.25,28.5081
-8.75,-40.25,29.7403
-8.25,-40.25,30.9547
-7.75,-40.25,32.1318
-7.25,-40.25,33.2559
-6.75,-40.25,34.3172
-6.25,-40.25,35.3147
-5.75,-40.25,36.2571
-5.25,-40.25,37.1623
-4.75,-40.25,38.0555
-4.25,-40.25,38.9669
-3.75,-40.25,39.9285
-3.25,-40.25,40.971
-2.75,-40.25,42.1223
-2.25,-40.25,43.4049
-1.75,-40.25,44.8359
-1.25,-40.25,46.4253
-0.75,-40.25,48.1763
-0.25,-40.25,50.0848
0.25,-40.25,52.1393
0.75,-40.25,54.321
1.25,-40.25,56.6044
1.75,-40.25,58.958
2.25,-40.25,61.346
2.75,-40.25,63.7297
3.25,-40.25,66.0695
3.75,-40.25,68.3259
4.25,-40.25,70.4616
4.75,-40.25,72.4414
5.25,-40.25,74.233
5.75,-40.25,75.8066
6.25,-40.25,77.1345
6.75,-40.25,78.1911
7.25,-40.25,78.9531
7.75,-40.25,79.4
8.25,-40.25,79.5152
8.75,-40.25,79.2876
9.25,-40.25,78.7127
9.75,-40.25,77.7941
10.25,-40.25,76.5447
10.75,-40.25,74.9865
11.25,-40.25,73.15
11.75,-40.25,71.0735
12.25,-40.25,68.8007
12.75,-40.25,66.3779
13.25,-40.25,63.8518
13.75,-40.25,61.2656
14.25,-40.25,58.6572
14.75,-40.25,56.0567
15.25,-40.25,53.486
15.75,-40.25,50.9587
16.25,-40.25,48.4821
16.75,-40.25,46.0591
17.25,-40.25,43.6908
17.75,-40.25,41.3788
18.25,-40.25,39.1271
18.75,-40.25,36.9422
19.25,-40.25,34.8326
19.75,-40.25,32.8074
20.25,-40.25,30.8745
20.75,-40.25,29.0391
21.25,-40.25,27.3025
21.75,-40.25,25.6619
22.25,-40.25,24.1107
22.75,-40.25,22.6394
23.25,-40.25,21.2368
23.75,-40.25,19.8914
24.25,-40.25,18.5934
24.75,-40.25,17.3359
25.25,-40.25,16.1158
25.75,-40.25,14.9344
26.25,-40.25,13.7968
26.75,-40.25,12.7111
27.25,-40.25,11.6864
27.75,-40.25,10.7313
28.25,-40.25,9.85273
28.75,-40.25,9.05479
29.25,-40.25,8.3385
29.75,-40.25,7.70171
30.25,-40.25,7.13925
30.75,-40.25,6.64342
31.25,-40.25,6.20438
31.75,-40.25,5.81087
32.25,-40.25,5.45102
32.75,-40.25,5.11325
33.25,-40.25,4.78726
33.75,-40.25,4.46481
34.25,-40.25,4.14045
34.75,-40.25,3.81182
35.25,-40.25,3.47971
35.75,-40.25,3.14768
36.25,-40.25,2.8215
36.75,-40.25,2.50823
37.25,-40.25,2.21527
37.75,-40.25,1.9494
38.25,-40.25,1.71594
38.75,-40.25,1.51834
39.25,-40.25,1.35804
39.75,-40.25,1.23472
40.25,-40.25,1.14684
40.75,-40.25,1.09222
41.25,-40.25,1.06854
41.75,-40.25,1.07369
42.25,-40.25,1.10563
42.75,-40.25,1.1622
43.25,-40.25,1.24045
43.75,-40.25,1.33597
44.25,-40.25,1.44193
44.75,-40.25,1.54836
-44.75,-39.75,6.04077
-44.25,-39.75,6.17579
-43.75,-39.75,6.14254
-43.25,-39.75,5.9761
-42.75,-39.75,5.71225
-42.25,-39.75,5.37813
-41.75,-39.75,5.00268
-41.25,-39.75,4.61414
-40.75,-39.75,4.23744
-40.25,-39.75,3.89244
-39.75,-39.75,3.5934
-39.25,-39.75,3.3494
-38.75,-39.75,3.16511
-38.25,-39.75,3.04187
-37.75,-39.75,2.97839
-37.25,-39.75,2.97129
-36.75,-39.75,3.01532
-36.25,-39.75,3.10339
-35.75,-39.75,3.22658
-35.25,-39.75,3.37429
-34.75,-39.75,3.53461
-34.25,-39.75,3.6951
-33.75,-39.75,3.84372
-33.25,-39.75,3.97007
-32.75,-39.75,4.0665
-32.25,-39.75,4.12905
-31.75,-39.75,4.15796
-31.25,-39.75,4.15751
-30.75,-39.75,4.13547
-30.25,-39.75,4.10208
-29.75,-39.75,4.06895
-29.25,-39.75,4.04805
-28.75,-39.75,4.05098
-28.25,-39.75,4.08837
-27.75,-39.75,4.16941
-27.25,-39.75,4.30136
-26.75,-39.75,4.48884
-26.25,-39.75,4.73319
-25.75,-39.75,5.03195
-25.25,-39.75,5.37878
-24.75,-39.75,5.76396
-24.25,-39.75,6.17568
-23.75,-39.75,6.60168
-23.25,-39.75,7.03118
-22.75,-39.75,7.45661
-22.25,-39.75,7.87483
-21.75,-39.75,8.28768
-21.25,-39.75,8.70178
-20.75,-39.75,9.12773
-20.25,-39.75,9.57896
-19.75,-39.75,10.0704
-19.25,-39.75,10.6168
-18.75,-39.75,11.232
-18.25,-39.75,11.9267
-17.75,-39.75,12.7081
-17.25,-39.75,13.5786
-16.75,-39.75,14.5351
-16.25,-39.75,15.5694
-15.75,-39.75,16.6691
-15.25,-39.75,17.8186
-14.75,-39.75,19.0021
-14.25,-39.75,20.2054
-13.75,-39.75,21.4182
-13.25,-39.75,22.636
-12.75,-39.75,23.8602
-12.25,-39.75,25.0978
-11.75,-39.75,26.3595
-11.25,-39.75,27.657
-10.75,-39.75,29.0004
-10.25,-39.75,30.3956
-9.75,-39.75,31.8421
-9.25,-39.75,33.3322
-8.75,-39.75,34.8512
-8.25,-39.75,36.3798
-7.75,-39.75,37.8961
-7.25,-39.75,39.3799
-6.75,-39.75,40.8158
-6.25,-39.75,42.1964
-5.75,-39.75,43.5242
-5.25,-39.75,44.812
-4.75,-39.75,46.0816
-4.25,-39.75,47.3624
-3.75,-39.75,48.6875
-3.25,-39.75,50.0911
-2.75,-39.75,51.6054
-2.25,-39.75,53.2582
-1.75,-39.75,55.0709
-1.25,-39.75,57.057
-0.75,-39.75,59.2212
-0.25,-39.75,61.5586
0.25,-39.75,64.0549
0.75,-39.75,66.6863
1.25,-39.75,69.421
1.75,-39.75,72.2205
2.25,-39.75,75.0417
2.75,-39.75,77.8394
3.25,-39.75,80.5685
3.75,-39.75,83.1854
4.25,-39.75,85.6499
4.75,-39.75,87.9252
5.25,-39.75,89.9776
5.75,-39.75,91.7758
6.25,-39.75,93.2905
6.75,-39.75,94.4933
7.25,-39.75,95.3574
7.75,-39.75,95.8579
8.25,-39.75,95.9739
8.75,-39.75,95.6899
9.25,-39.75,94.9983
9.75,-39.75,93.9013
10.25,-39.75,92.4121
10.75,-39.75,90.5561
11.25,-39.75,88.3696
11.75,-39.75,85.8987
12.25,-39.75,83.1969
12.75,-39.75,80.3208
13.25,-39.75,77.3274
13.75,-39.75,74.2691
14.25,-39.75,71.1906
14.75,-39.75,68.1261
15.25,-39.75,65.0988
15.75,-39.75,62.1205
16.25,-39.75,59.194
16.75,-39.75,56.3166
17.25,-39.75,53.4829
17.75,-39.75,50.6891
18.25,-39.75,47.9355
18.75,-39.75,45.2277
19.25,-39.75,42.576
19.75,-39.75,39.9943
20.25,-39.75,37.4975
20.75,-39.75,35.0988
21.25,-39.75,32.8081
21.75,-39.75,30.6308
22.25,-39.75,28.5671
22.75,-39.75,26.6132
23.25,-39.75,24.7622
23.75,-39.75,23.0055
24.25,-39.75,21.3348
24.75,-39.75,19.7432
25.25,-39.75,18.227
25.75,-39.75,16.7856
26.25,-39.75,15.4215
26.75,-39.75,14.1397
27.25,-39.75,12.946
27.75,-39.75,11.8456
28.25,-39.75,10.8422
28.75,-39.75,9.93681
29.25,-39.75,9.12765
29.75,-39.75,8.40997
30.25,-39.75,7.77637
30.75,-39.75,7.21732
31.25,-39.75,6.72165
31.75,-39.75,6.27729
32.25,-39.75,5.87204
32.75,-39.75,5.49439
33.25,-39.75,5.13433
33.75,-39.75,4.78388
34.25,-39.75,4.43764
34.75,-39.75,4.09293
35.25,-39.75,3.74976
35.75,-39.75,3.41056
36.25,-39.75,3.07969
36.75,-39.75,2.76278
37.25,-39.75,2.46593
37.75,-39.75,2.19492
38.25,-39.75,1.95455
38.75,-39.75,1.74812
39.25,-39.75,1.5773
39.75,-39.75,1.44215
40.25,-39.75,1.34147
40.75,-39.75,1.27319
41.25,-39.75,1.23471
41.75,-39.75,1.22316
42.25,-39.75,1.23543
42.75,-39.75,1.26809
43.25,-39.75,1.31713
43.75,-39.75,1.37763
44.25,-39.75,1.44321
44.75,-39.75,1.50559
-44.75,-39.25,5.68419
-44.25,-39.25,5.82617
-43.75,-39.25,5.80953
-43.25,-39.25,5.66497
-42.75,-39.25,5.42466
-42.25,-39.25,5.11397
-41.75,-39.25,4.76095
-41.25,-39.25,4.39376
-40.75,-39.25,4.03775
-40.25,-39.25,3.71347
-39.75,-39.25,3.43579
-39.25,-39.25,3.21409
-38.75,-39.25,3.05298
-38.25,-39.25,2.95329
-37.75,-39.25,2.913
-37.25,-39.25,2.92795
-36.75,-39.25,2.99224
-36.25,-39.25,3.09841
-35.75,-39.25,3.2375
-35.25,-39.25,3.39907
-34.75,-39.25,3.57147
-34.25,-39.25,3.74241
-33.75,-39.25,3.89989
-33.25,-39.25,4.03336
-32.75,-39.25,4.13513
-32.25,-39.25,4.20146
-31.75,-39.25,4.23328
-31.25,-39.25,4.23615
-30.75,-39.25,4.2195
-30.25,-39.25,4.19539
-29.75,-39.25,4.17705
-29.25,-39.25,4.17756
-28.75,-39.25,4.20889
-28.25,-39.25,4.28143
-27.75,-39.25,4.40356
-27.25,-39.25,4.58145
-26.75,-39.25,4.81866
-26.25,-39.25,5.1157
-25.75,-39.25,5.46961
-25.25,-39.25,5.87393
-24.75,-39.25,6.31921
-24.25,-39.25,6.79417
-23.75,-39.25,7.28729
-23.25,-39.25,7.78871
-22.75,-39.25,8.29191
-22.25,-39.25,8.79489
-21.75,-39.25,9.30068
-21.25,-39.25,9.8171
-20.75,-39.25,10.3559
-20.25,-39.25,10.9316
-19.75,-39.25,11.5598
-19.25,-39.25,12.2561
-18.75,-39.25,13.034
-18.25,-39.25,13.9042
-17.75,-39.25,14.8727
-17.25,-39.25,15.94
-16.75,-39.25,17.101
-16.25,-39.25,18.3446
-15.75,-39.25,19.6553
-15.25,-39.25,21.0146
-14.75,-39.25,22.4043
-14.25,-39.25,23.8086
-13.75,-39.25,25.2173
-13.25,-39.25,26.627
-12.75,-39.25,28.042
-12.25,-39.25,29.4733
-11.75,-39.25,30.9366
-11.25,-39.25,32.4493
-10.75,-39.25,34.0272
-10.25,-39.25,35.6811
-9.75,-39.25,37.4146
-9.25,-39.25,39.2224
-8.75,-39.25,41.0908
-8.25,-39.25,42.9987
-7.75,-39.25,44.9211
-7.25,-39.25,46.8323
-6.75,-39.25,48.7104
-6.25,-39.25,50.5411
-5.75,-39.25,52.3205
-5.25,-39.25,54.0562
-4.75,-39.25,55.7672
-4.25,-39.25,57.4823
-3.75,-39.25,59.237
-3.25,-39.25,61.0694
-2.75,-39.25,63.0174
-2.25,-39.25,65.1142
-1.75,-39.25,67.3863
-1.25,-39.25,69.8502
-0.75,-39.25,72.5112
-0.25,-39.25,75.3624
0.25,-39.25,78.3845
0.75,-39.25,81.5464
1.25,-39.25,84.8075
1.75,-39.25,88.1198
2.25,-39.25,91.4313
2.75,-39.25,94.689
3.25,-39.25,97.8424
3.75,-39.25,100.845
4.25,-39.25,103.655
4.75,-39.25,106.236
5.25,-39.25,108.557
5.75,-39.25,110.588
6.25,-39.25,112.299
6.75,-39.25,113.661
7.25,-39.25,114.643
7.75,-39.25,115.217
8.25,-39.25,115.356
8.75,-39.25,115.036
9.25,-39.25,114.246
9.75,-39.25,112.983
10.25,-39.25,111.258
10.75,-39.25,109.098
11.25,-39.25,106.543
11.75,-39.25,103.648
12.25,-39.25,100.474
12.75,-39.25,97.0912
13.25,-39.25,93.566
13.75,-39.25,89.962
14.25,-39.25,86.3322
14.75,-39.25,82.7163
15.25,-39.25,79.1398
15.75,-39.25,75.6136
16.25,-39.25,72.137
16.75,-39.25,68.7015
17.25,-39.25,65.2957
17.75,-39.25,61.9105
18.25,-39.25,58.5424
18.75,-39.25,55.1959
19.25,-39.25,51.884
19.75,-39.25,48.626
20.25,-39.25,45.4446
20.75,-39.25,42.3625
21.25,-39.25,39.3996
21.75,-39.25,36.5708
22.25,-39.25,33.8847
22.75,-39.25,31.3441
23.25,-39.25,28.9474
23.75,-39.25,26.6895
24.25,-39.25,24.5637
24.75,-39.25,22.564
25.25,-39.25,20.6857
25.75,-39.25,18.9263
26.25,-39.25,17.2854
26.75,-39.25,15.7644
27.25,-39.25,14.365
27.75,-39.25,13.0883
28.25,-39.25,11.9337
28.75,-39.25,10.8985
29.25,-39.25,9.97739
29.75,-39.25,9.16259
30.25,-39.25,8.44423
30.75,-39.25,7.81084
31.25,-39.25,7.24993
31.75,-39.25,6.74863
32.25,-39.25,6.29445
32.75,-39.25,5.87592
33.25,-39.25,5.48311
33.75,-39.25,5.10808
34.25,-39.25,4.74512
34.75,-39.25,4.39082
35.25,-39.25,4.04398
35.75,-39.25,3.70542
36.25,-39.25,3.37763
36.75,-39.25,3.06427
37.25,-39.25,2.76968
37.75,-39.25,2.4982
38.25,-39.25,2.25363
38.75,-39.25,2.03882
39.25,-39.25,1.85537
39.75,-39.25,1.70364
40.25,-39.25,1.58283
40.75,-39.25,1.49118
41.25,-39.25,1.42622
41.75,-39.25,1.38488
42.25,-39.25,1.36358
42.75,-39.25,1.35832
43.25,-39.25,1.36466
43.75,-39.25,1.37777
44.25,-39.25,1.39222
44.75,-39.25,1.40181
-44.75,-38.75,5.28752
-44.25,-38.75,5.43436
-43.75,-38.75,5.43432
-43.25,-38.75,5.31472
-42.75,-38.75,5.10483
-42.25,-38.75,4.8282
-41.75,-38.75,4.51132
-41.25,-38.75,4.18105
-40.75,-38.75,3.86169
-40.25,-38.75,3.57295
-39.75,-38.75,3.32906
-39.25,-38.75,3.13887
-38.75,-38.75,3.00657
-38.25,-38.75,2.93277
-37.75,-38.75,2.9154
-37.25,-38.75,2.95056
-36.75,-38.75,3.03294
-36.25,-38.75,3.15592
-35.75,-38.75,3.31151
-35.25,-38.75,3.49015
-34.75,-38.75,3.68067
-34.25,-38.75,3.8707
-33.75,-38.75,4.04753
-33.25,-38.75,4.19943
-32.75,-38.75,4.31737
-32.25,-38.75,4.39652
-31.75,-38.75,4.43737
-31.25,-38.75,4.44591
-30.75,-38.75,4.43285
-30.25,-38.75,4.4122
-29.75,-38.75,4.39945
-29.25,-38.75,4.40975
-28.75,-38.75,4.45672
-28.25,-38.75,4.5517
-27.75,-38.75,4.70334
-27.25,-38.75,4.91759
-26.75,-38.75,5.19744
-26.25,-38.75,5.54283
-25.75,-38.75,5.95039
-25.25,-38.75,6.41359
-24.75,-38.75,6.92328
-24.25,-38.75,7.46884
-23.75,-38.75,8.03974
-23.25,-38.75,8.6273
-22.75,-38.75,9.22632
-22.25,-38.75,9.83615
-21.75,-38.75,10.4612
-21.25,-38.75,11.1104
-20.75,-38.75,11.7966
-20.25,-38.75,12.5351
-19.75,-38.75,13.342
-19.25,-38.75,14.2327
-18.75,-38.75,15.2202
-18.25,-38.75,16.3138
-17.75,-38.75,17.5176
-17.25,-38.75,18.8293
-16.75,-38.75,20.2405
-16.25,-38.75,21.7366
-15.75,-38.75,23.2984
-15.25,-38.75,24.9046
-14.75,-38.75,26.535
-14.25,-38.75,28.1731
-13.75,-38.75,29.8096
-13.25,-38.75,31.4438
-12.75,-38.75,33.0843
-12.25,-38.75,34.7473
-11.75,-38.75,36.4547
-11.25,-38.75,38.2304
-10.75,-38.75,40.0961
-10.25,-38.75,42.0676
-9.75,-38.75,44.152
-9.25,-38.75,46.346
-8.75,-38.75,48.6353
-8.25,-38.75,50.9964
-7.75,-38.75,53.3995
-7.25,-38.75,55.8127
-6.75,-38.75,58.2067
-6.25,-38.75,60.5597
-5.75,-38.75,62.8611
-5.25,-38.75,65.1135
-4.75,-38.75,67.3336
-4.25,-38.75,69.5505
-3.75,-38.75,71.8026
-3.25,-38.75,74.1334
-2.75,-38.75,76.5869
-2.25,-38.75,79.2029
-1.75,-38.75,82.0129
-1.25,-38.75,85.0364
-0.75,-38.75,88.2787
-0.25,-38.75,91.7292
0.25,-38.75,95.3619
0.75,-38.75,99.1362
1.25,-38.75,103
1.75,-38.75,106.894
2.25,-38.75,110.755
2.75,-38.75,114.522
3.25,-38.75,118.137
3.75,-38.75,121.553
4.25,-38.75,124.728
4.75,-38.75,127.629
5.25,-38.75,130.229
5.75,-38.75,132.502
6.25,-38.75,134.421
6.75,-38.75,135.956
7.25,-38.75,137.075
7.75,-38.75,137.744
8.25,-38.75,137.927
8.75,-38.75,137.596
9.25,-38.75,136.727
9.75,-38.75,135.313
10.25,-38.75,133.36
10.75,-38.75,130.893
11.25,-38.75,127.958
11.75,-38.75,124.612
12.25,-38.75,120.93
12.75,-38.75,116.989
13.25,-38.75,112.872
13.75,-38.75,108.651
14.25,-38.75,104.388
14.75,-38.75,100.131
15.25,-38.75,95.9076
15.75,-38.75,91.7286
16.25,-38.75,87.5906
16.75,-38.75,83.4803
17.25,-38.75,79.3811
17.75,-38.75,75.2788
18.25,-38.75,71.1672
18.75,-38.75,67.0508
19.25,-38.75,62.9459
19.75,-38.75,58.8781
20.25,-38.75,54.8794
20.75,-38.75,50.9834
21.25,-38.75,47.2213
21.75,-38.75,43.6187
22.25,-38.75,40.1937
22.75,-38.75,36.9569
23.25,-38.75,33.9122
23.75,-38.75,31.0581
24.25,-38.75,28.3901
24.75,-38.75,25.9026
25.25,-38.75,23.5897
25.75,-38.75,21.4467
26.25,-38.75,19.4702
26.75,-38.75,17.6574
27.25,-38.75,16.0056
27.75,-38.75,14.5112
28.25,-38.75,13.1692
28.75,-38.75,11.9727
29.25,-38.75,10.9124
29.75,-38.75,9.97743
30.25,-38.75,9.15529
30.75,-38.75,8.43247
31.25,-38.75,7.79504
31.75,-38.75,7.22922
32.25,-38.75,6.72198
32.75,-38.75,6.26154
33.25,-38.75,5.83769
33.75,-38.75,5.44202
34.25,-38.75,5.06801
34.75,-38.75,4.71106
35.25,-38.75,4.3683
35.75,-38.75,4.03855
36.25,-38.75,3.722
36.75,-38.75,3.42001
37.25,-38.75,3.13463
37.75,-38.75,2.86824
38.25,-38.75,2.62306
38.75,-38.75,2.40088
39.25,-38.75,2.20277
39.75,-38.75,2.02907
40.25,-38.75,1.87938
40.75,-38.75,1.75266
41.25,-38.75,1.64726
41.75,-38.75,1.56094
42.25,-38.75,1.49085
42.75,-38.75,1.43364
43.25,-38.75,1.38552
43.75,-38.75,1.34253
44.25,-38.75,1.3006
44.75,-38.75,1.25559
-44.75,-38.25,4.84402
-44.25,-38.25,4.99557
-43.75,-38.25,5.01502
-43.25,-38.25,4.92698
-42.75,-38.25,4.75794
-42.25,-38.25,4.52917
-41.75,-38.25,4.2646
-41.25,-38.25,3.98839
-40.75,-38.25,3.72233
-40.25,-38.25,3.48402
-39.75,-38.25,3.28613
-39.25,-38.25,3.13653
-38.75,-38.25,3.03901
-38.25,-38.25,2.99427
-37.75,-38.25,3.00081
-37.25,-38.25,3.05568
-36.75,-38.25,3.1548
-36.25,-38.25,3.29302
-35.75,-38.25,3.46382
-35.25,-38.25,3.65893
-34.75,-38.25,3.86804
-34.25,-38.25,4.07905
-33.75,-38.25,4.27879
-33.25,-38.25,4.45446
-32.75,-38.25,4.59553
-32.25,-38.25,4.69564
-31.75,-38.25,4.75407
-31.25,-38.25,4.77623
-30.75,-38.25,4.77317
-30.25,-38.25,4.76
-29.75,-38.25,4.75398
-29.25,-38.25,4.77238
-28.75,-38.25,4.83089
-28.25,-38.25,4.94262
-27.75,-38.25,5.1175
-27.25,-38.25,5.36222
-26.75,-38.25,5.68012
-26.25,-38.25,6.07126
-25.75,-38.25,6.53241
-25.25,-38.25,7.05734
-24.75,-38.25,7.63753
-24.25,-38.25,8.26333
-23.75,-38.25,8.92545
-23.25,-38.25,9.61664
-22.75,-38.25,10.3332
-22.25,-38.25,11.076
-21.75,-38.25,11.8506
-21.25,-38.25,12.6673
-20.75,-38.25,13.5398
-20.25,-38.25,14.4836
-19.75,-38.25,15.5149
-19.25,-38.25,16.6483
-18.75,-38.25,17.8954
-18.25,-38.25,19.2632
-17.75,-38.25,20.7526
-17.25,-38.25,22.3576
-16.75,-38.25,24.0656
-16.25,-38.25,25.8576
-15.75,-38.25,27.7109
-15.25,-38.25,29.6014
-14.75,-38.25,31.5074
-14.25,-38.25,33.4129
-13.75,-38.25,35.3111
-13.25,-38.25,37.2053
-12.75,-38.25,39.1098
-12.25,-38.25,41.0478
-11.75,-38.25,43.0482
-11.25,-38.25,45.1418
-10.75,-38.25,47.3566
-10.25,-38.25,49.713
-9.75,-38.25,52.2212
-9.25,-38.25,54.8783
-8.75,-38.25,57.6686
-8.25,-38.25,60.5646
-7.75,-38.25,63.5302
-7.25,-38.25,66.5264
-6.75,-38.25,69.5153
-6.25,-38.25,72.4673
-5.75,-38.25,75.3647
-5.25,-38.25,78.2056
-4.75,-38.25,81.0047
-4.25,-38.25,83.7923
-3.75,-38.25,86.6106
-3.25,-38.25,89.5093
-2.75,-38.25,92.5397
-2.25,-38.25,95.7485
-1.75,-38.25,99.1728
-1.25,-38.25,102.835
-0.75,-38.25,106.74
-0.25,-38.25,110.873
0.25,-38.25,115.199
0.75,-38.25,119.666
1.25,-38.25,124.209
1.75,-38.25,128.754
2.25,-38.25,133.226
2.75,-38.25,137.554
3.25,-38.25,141.674
3.75,-38.25,145.537
4.25,-38.25,149.103
4.75,-38.25,152.344
5.25,-38.25,155.239
5.75,-38.25,157.768
6.25,-38.25,159.908
6.75,-38.25,161.633
7.25,-38.25,162.907
7.75,-38.25,163.691
8.25,-38.25,163.941
8.75,-38.25,163.619
9.25,-38.25,162.691
9.75,-38.25,161.14
10.25,-38.25,158.967
10.75,-38.25,156.195
11.25,-38.25,152.869
11.75,-38.25,149.055
12.25,-38.25,144.833
12.75,-38.25,140.294
13.25,-38.25,135.529
13.75,-38.25,130.625
14.25,-38.25,125.653
14.75,-38.25,120.665
15.25,-38.25,115.694
15.75,-38.25,110.752
16.25,-38.25,105.832
16.75,-38.25,100.918
17.25,-38.25,95.9897
17.75,-38.25,91.0292
18.25,-38.25,86.0295
18.75,-38.25,80.9967
19.25,-38.25,75.9519
19.75,-38.25,70.9291
20.25,-38.25,65.9708
20.75,-38.25,61.1227
21.25,-38.25,56.4286
21.75,-38.25,51.9257
22.25,-38.25,47.6424
22.75,-38.25,43.5972
23.25,-38.25,39.7999
23.75,-38.25,36.2524
24.25,-38.25,32.952
24.75,-38.25,29.8928
25.25,-38.25,27.0676
25.75,-38.25,24.4689
26.25,-38.25,22.0898
26.75,-38.25,19.9234
27.25,-38.25,17.9624
27.75,-38.25,16.1987
28.25,-38.25,14.6227
28.75,-38.25,13.2232
29.25,-38.25,11.9875
29.75,-38.25,10.9012
30.25,-38.25,9.94932
30.75,-38.25,9.11608
31.25,-38.25,8.38594
31.75,-38.25,7.7439
32.25,-38.25,7.17595
32.75,-38.25,6.66947
33.25,-38.25,6.21339
33.75,-38.25,5.79822
34.25,-38.25,5.41614
34.75,-38.25,5.06084
35.25,-38.25,4.72748
35.75,-38.25,4.41251
36.25,-38.25,4.11359
36.75,-38.25,3.82934
37.25,-38.25,3.5591
37.75,-38.25,3.30266
38.25,-38.25,3.05997
38.75,-38.25,2.83102
39.25,-38.25,2.61575
39.75,-38.25,2.41413
40.25,-38.25,2.2262
40.75,-38.25,2.05213
41.25,-38.25,1.89205
41.75,-38.25,1.74589
42.25,-38.25,1.61307
42.75,-38.25,1.49239
43.25,-38.25,1.382
43.75,-38.25,1.27962
44.25,-38.25,1.18272
44.75,-38.25,1.08877
-44.75,-37.75,4.3577
-44.25,-37.75,4.5145
-43.75,-37.75,4.5576
-43.25,-37.75,4.50905
-42.75,-37.75,4.39218
-42.25,-37.75,4.22525
-41.75,-37.75,4.02849
-41.25,-37.75,3.82215
-40.75,-37.75,3.62438
-40.25,-37.75,3.4498
-39.75,-37.75,3.30901
-39.25,-37.75,3.20873
-38.75,-37.75,3.15245
-38.25,-37.75,3.14122
-37.75,-37.75,3.17435
-37.25,-37.75,3.24998
-36.75,-37.75,3.36534
-36.25,-37.75,3.51669
-35.75,-37.75,3.69901
-35.25,-37.75,3.90553
-34.75,-37.75,4.12734
-34.25,-37.75,4.35349
-33.75,-37.75,4.57151
-33.25,-37.75,4.7688
-32.75,-37.75,4.93438
-32.25,-37.75,5.06092
-31.75,-37.75,5.14639
-31.25,-37.75,5.1949
-30.75,-37.75,5.21649
-30.25,-37.75,5.22584
-29.75,-37.75,5.24051
-29.25,-37.75,5.27881
-28.75,-37.75,5.35794
-28.25,-37.75,5.49282
-27.75,-37.75,5.6952
-27.25,-37.75,5.97336
-26.75,-37.75,6.332
-26.25,-37.75,6.77229
-25.75,-37.75,7.29205
-25.25,-37.75,7.88613
-24.75,-37.75,8.54727
-24.25,-37.75,9.26727
-23.75,-37.75,10.0384
-23.25,-37.75,10.8553
-22.75,-37.75,11.7157
-22.25,-37.75,12.6221
-21.75,-37.75,13.5813
-21.25,-37.75,14.6046
-20.75,-37.75,15.7061
-20.25,-37.75,16.9014
-19.75,-37.75,18.2059
-19.25,-37.75,19.6329
-18.75,-37.75,21.1914
-18.25,-37.75,22.8851
-17.75,-37.75,24.7108
-17.25,-37.75,26.6577
-16.75,-37.75,28.7082
-16.25,-37.75,30.8387
-15.75,-37.75,33.0227
-15.25,-37.75,35.2339
-14.75,-37.75,37.4502
-14.25,-37.75,39.6575
-13.75,-37.75,41.8529
-13.25,-37.75,44.0455
-12.75,-37.75,46.2569
-12.25,-37.75,48.5181
-11.75,-37.75,50.8662
-11.25,-37.75,53.3395
-10.75,-37.75,55.9718
-10.25,-37.75,58.7881
-9.75,-37.75,61.8003
-9.25,-37.75,65.0049
-8.75,-37.75,68.3831
-8.25,-37.75,71.9017
-7.75,-37.75,75.5175
-7.25,-37.75,79.1822
-6.75,-37.75,82.8494
-6.25,-37.75,86.4804
-5.75,-37.75,90.0508
-5.25,-37.75,93.5543
-4.75,-37.75,97.004
-4.25,-37.75,100.432
-3.75,-37.75,103.886
-3.25,-37.75,107.421
-2.75,-37.75,111.097
-2.25,-37.75,114.969
-1.75,-37.75,119.08
-1.25,-37.75,123.455
-0.75,-37.75,128.099
-0.25,-37.75,132.99
0.25,-37.75,138.087
0.75,-37.75,143.323
1.25,-37.75,148.62
1.75,-37.75,153.886
2.25,-37.75,159.035
2.75,-37.75,163.981
3.25,-37.75,168.657
3.75,-37.75,173.009
4.25,-37.75,177.001
4.75,-37.75,180.611
5.25,-37.75,183.824
5.75,-37.75,186.63
6.25,-37.75,189.011
6.75,-37.75,190.943
7.25,-37.75,192.389
7.75,-37.75,193.306
8.25,-37.75,193.641
8.75,-37.75,193.344
9.25,-37.75,192.371
9.75,-37.75,190.695
10.25,-37.75,188.309
10.75,-37.75,185.232
11.25,-37.75,181.509
11.75,-37.75,177.211
12.25,-37.75,172.425
12.75,-37.75,167.253
13.25,-37.75,161.796
13.75,-37.75,156.151
14.25,-37.75,150.396
14.75,-37.75,144.592
15.25,-37.75,138.773
15.75,-37.75,132.952
16.25,-37.75,127.122
16.75,-37.75,121.265
17.25,-37.75,115.358
17.75,-37.75,109.384
18.25,-37.75,103.337
18.75,-37.75,97.2283
19.25,-37.75,91.0859
19.75,-37.75,84.9541
20.25,-37.75,78.8875
20.75,-37.75,72.9453
21.25,-37.75,67.1845
21.75,-37.75,61.6545
22.25,-37.75,56.3938
22.75,-37.75,51.4289
23.25,-37.75,46.7747
23.75,-37.75,42.4363
24.25,-37.75,38.4115
24.75,-37.75,34.6938
25.25,-37.75,31.2739
25.75,-37.75,28.1412
26.25,-37.75,25.2851
26.75,-37.75,22.6945
27.25,-37.75,20.3579
27.75,-37.75,18.2629
28.25,-37.75,16.396
28.75,-37.75,14.742
29.25,-37.75,13.2848
29.75,-37.75,12.0072
30.25,-37.75,10.8913
30.75,-37.75,9.91917
31.25,-37.75,9.07328
31.75,-37.75,8.33691
32.25,-37.75,7.69451
32.75,-37.75,7.13196
33.25,-37.75,6.63666
33.75,-37.75,6.19746
34.25,-37.75,5.80467
34.75,-37.75,5.44992
35.25,-37.75,5.12602
35.75,-37.75,4.82685
36.25,-37.75,4.54725
36.75,-37.75,4.28281
37.25,-37.75,4.02974
37.75,-37.75,3.78469
38.25,-37.75,3.54475
38.75,-37.75,3.30753
39.25,-37.75,3.07137
39.75,-37.75,2.83565
40.25,-37.75,2.60103
40.75,-37.75,2.36938
41.25,-37.75,2.14358
41.75,-37.75,1.92694
42.25,-37.75,1.7225
42.75,-37.75,1.53249
43.25,-37.75,1.35799
43.75,-37.75,1.19892
44.25,-37.75,1.05421
44.75,-37.75,0.922187
-44.75,-37.25,3.85347
-44.25,-37.25,4.01582
-43.75,-37.25,4.08602
-43.25,-37.25,4.08346
-42.75,-37.25,4.02778
-42.25,-37.25,3.93348
-41.75,-37.25,3.81627
-41.25,-37.25,3.69168
-40.75,-37.25,3.57355
-40.25,-37.25,3.47306
-39.75,-37.25,3.39843
-39.25,-37.25,3.35514
-38.75,-37.25,3.34629
-38.25,-37.25,3.37322
-37.75,-37.25,3.43591
-37.25,-37.25,3.53337
-36.75,-37.25,3.66381
-36.25,-37.25,3.8246
-35.75,-37.25,4.01204
-35.25,-37.25,4.22101
-34.75,-37.25,4.44462
-34.25,-37.25,4.6742
-33.75,-37.25,4.89964
-33.25,-37.25,5.11036
-32.75,-37.25,5.29674
-32.25,-37.25,5.45185
-31.75,-37.25,5.57301
-31.25,-37.25,5.66275
-30.75,-37.25,5.729
-30.25,-37.25,5.78437
-29.75,-37.25,5.84475
-29.25,-37.25,5.92761
-28.75,-37.25,6.05028
-28.25,-37.25,6.22864
-27.75,-37.25,6.47604
-27.25,-37.25,6.80276
-26.75,-37.25,7.21562
-26.25,-37.25,7.71794
-25.75,-37.25,8.30968
-25.25,-37.25,8.98783
-24.75,-37.25,9.74728
-24.25,-37.25,10.582
-23.75,-37.25,11.4866
-23.25,-37.25,12.4574
-22.75,-37.25,13.4943
-22.25,-37.25,14.6012
-21.75,-37.25,15.786
-21.25,-37.25,17.0606
-20.75,-37.25,18.4391
-20.25,-37.25,19.9367
-19.75,-37.25,21.5673
-19.25,-37.25,23.3416
-18.75,-37.25,25.2653
-18.25,-37.25,27.3376
-17.75,-37.25,29.5502
-17.25,-37.25,31.8867
-16.75,-37.25,34.3239
-16.25,-37.25,36.8336
-15.75,-37.25,39.3859
-15.25,-37.25,41.9532
-14.75,-37.25,44.5142
-14.25,-37.25,47.0583
-13.75,-37.25,49.5878
-13.25,-37.25,52.1197
-12.75,-37.25,54.6838
-12.25,-37.25,57.3206
-11.75,-37.25,60.0759
-11.25,-37.25,62.9957
-10.75,-37.25,66.1195
-10.25,-37.25,69.4759
-9.75,-37.25,73.0775
-9.25,-37.25,76.9189
-8.75,-37.25,80.9764
-8.25,-37.25,85.2098
-7.75,-37.25,89.5667
-7.25,-37.25,93.9892
-6.75,-37.25,98.4206
-6.25,-37.25,102.813
-5.75,-37.25,107.136
-5.25,-37.25,111.379
-4.75,-37.25,115.552
-4.25,-37.25,119.692
-3.75,-37.25,123.849
-3.25,-37.25,128.089
-2.75,-37.25,132.478
-2.25,-37.25,137.08
-1.75,-37.25,141.945
-1.25,-37.25,147.101
-0.75,-37.25,152.552
-0.25,-37.25,158.273
0.25,-37.25,164.212
0.75,-37.25,170.29
1.25,-37.25,176.411
1.75,-37.25,182.471
2.25,-37.25,188.362
2.75,-37.25,193.992
3.25,-37.25,199.282
3.75,-37.25,204.176
4.25,-37.25,208.641
4.75,-37.25,212.66
5.25,-37.25,216.226
5.75,-37.25,219.337
6.25,-37.25,221.982
6.75,-37.25,224.142
7.25,-37.25,225.778
7.75,-37.25,226.841
8.25,-37.25,227.272
8.75,-37.25,227.01
9.25,-37.25,225.999
9.75,-37.25,224.201
10.25,-37.25,221.603
10.75,-37.25,218.218
11.25,-37.25,214.091
11.75,-37.25,209.296
12.25,-37.25,203.928
12.75,-37.25,198.094
13.25,-37.25,191.906
13.75,-37.25,185.466
14.25,-37.25,178.862
14.75,-37.25,172.157
15.25,-37.25,165.388
15.75,-37.25,158.569
16.25,-37.25,151.694
16.75,-37.25,144.744
17.25,-37.25,137.699
17.75,-37.25,130.545
18.25,-37.25,123.281
18.75,-37.25,115.926
19.25,-37.25,108.52
19.75,-37.25,101.12
20.25,-37.25,93.794
20.75,-37.25,86.6156
21.25,-37.25,79.6552
21.75,-37.25,72.9743
22.25,-37.25,66.6207
22.75,-37.25,60.6279
23.25,-37.25,55.015
23.75,-37.25,49.789
24.25,-37.25,44.9476
24.75,-37.25,40.4824
25.25,-37.25,36.3814
25.75,-37.25,32.6307
26.25,-37.25,29.2159
26.75,-37.25,26.1221
27.25,-37.25,23.3341
27.75,-37.25,20.8359
28.25,-37.25,18.6107
28.75,-37.25,16.6403
29.25,-37.25,14.9057
29.75,-37.25,13.387
30.25,-37.25,12.0636
30.75,-37.25,10.9153
31.25,-37.25,9.92218
31.75,-37.25,9.06527
32.25,-37.25,8.32677
32.75,-37.25,7.69036
33.25,-37.25,7.14119
33.75,-37.25,6.6658
34.25,-37.25,6.25213
34.75,-37.25,5.88932
35.25,-37.25,5.56754
35.75,-37.25,5.27785
36.25,-37.25,5.01206
36.75,-37.25,4.76251
37.25,-37.25,4.52205
37.75,-37.25,4.28397
38.25,-37.25,4.04223
38.75,-37.25,3.79191
39.25,-37.25,3.52967
39.75,-37.25,3.25439
40.25,-37.25,2.96756
40.75,-37.25,2.67323
41.25,-37.25,2.37752
41.75,-37.25,2.08775
42.25,-37.25,1.81118
42.75,-37.25,1.55399
43.25,-37.25,1.32043
43.75,-37.25,1.1126
44.25,-37.25,0.930514
44.75,-37.25,0.772601
-44.75,-36.75,3.37813
-44.25,-36.75,3.54538
-43.75,-36.75,3.64368
-43.25,-36.75,3.68976
-42.75,-36.75,3.69925
-42.25,-36.75,3.68256
-41.75,-36.75,3.65055
-41.25,-36.75,3.6138
-40.75,-36.75,3.58159
-40.25,-36.75,3.56146
-39.75,-36.75,3.559
-39.25,-36.75,3.57808
-38.75,-36.75,3.62107
-38.25,-36.75,3.68919
-37.75,-36.75,3.78272
-37.25,-36.75,3.90118
-36.75,-36.75,4.04348
-36.25,-36.75,4.20788
-35.75,-36.75,4.39199
-35.25,-36.75,4.59252
-34.75,-36.75,4.80519
-34.25,-36.75,5.02463
-33.75,-36.75,5.24448
-33.25,-36.75,5.45794
-32.75,-36.75,5.65861
-32.25,-36.75,5.84161
-31.75,-36.75,6.00475
-31.25,-36.75,6.14945
-30.75,-36.75,6.28115
-30.25,-36.75,6.40919
-29.75,-36.75,6.54612
-29.25,-36.75,6.70661
-28.75,-36.75,6.90625
-28.25,-36.75,7.16036
-27.75,-36.75,7.483
-27.25,-36.75,7.88608
-26.75,-36.75,8.37884
-26.25,-36.75,8.96749
-25.75,-36.75,9.65514
-25.25,-36.75,10.4421
-24.75,-36.75,11.3264
-24.25,-36.75,12.3053
-23.75,-36.75,13.3762
-23.25,-36.75,14.5381
-22.75,-36.75,15.7927
-22.25,-36.75,17.1454
-21.75,-36.75,18.6051
-21.25,-36.75,20.1837
-20.75,-36.75,21.895
-20.25,-36.75,23.7524
-19.75,-36.75,25.7675
-19.25,-36.75,27.9475
-18.75,-36.75,30.2936
-18.25,-36.75,32.7995
-17.75,-36.75,35.4507
-17.25,-36.75,38.2245
-16.75,-36.75,41.0922
-16.25,-36.75,44.021
-15.75,-36.75,46.9784
-15.25,-36.75,49.9364
-14.75,-36.75,52.8761
-14.25,-36.75,55.7919
-13.75,-36.75,58.6934
-13.25,-36.75,61.6066
-12.75,-36.75,64.5714
-12.25,-36.75,67.6384
-11.75,-36.75,70.8627
-11.25,-36.75,74.298
-10.75,-36.75,77.9896
-10.25,-36.75,81.9685
-9.75,-36.75,86.2471
-9.25,-36.75,90.8165
-8.75,-36.75,95.6464
-8.25,-36.75,100.688
-7.75,-36.75,105.879
-7.25,-36.75,111.151
-6.75,-36.75,116.435
-6.25,-36.75,121.675
-5.75,-36.75,126.833
-5.25,-36.75,131.893
-4.75,-36.75,136.866
-4.25,-36.75,141.79
-3.75,-36.75,146.722
-3.25,-36.75,151.734
-2.75,-36.75,156.902
-2.25,-36.75,162.299
-1.75,-36.75,167.98
-1.25,-36.75,173.98
-0.75,-36.75,180.303
-0.25,-36.75,186.919
0.25,-36.75,193.766
0.75,-36.75,200.755
1.25,-36.75,207.772
1.75,-36.75,214.696
2.25,-36.75,221.404
2.75,-36.75,227.788
3.25,-36.75,233.761
3.75,-36.75,239.263
4.25,-36.75,244.259
4.75,-36.75,248.739
5.25,-36.75,252.703
5.75,-36.75,256.156
6.25,-36.75,259.095
6.75,-36.75,261.504
7.25,-36.75,263.345
7.75,-36.75,264.564
8.25,-36.75,265.095
8.75,-36.75,264.866
9.25,-36.75,263.813
9.75,-36.75,261.887
10.25,-36.75,259.068
10.75,-36.75,255.366
11.25,-36.75,250.825
11.75,-36.75,245.519
12.25,-36.75,239.549
12.75,-36.75,233.027
13.25,-36.75,226.071
13.75,-36.75,218.789
14.25,-36.75,211.269
14.75,-36.75,203.579
15.25,-36.75,195.757
15.75,-36.75,187.817
16.25,-36.75,179.755
16.75,-36.75,171.556
17.25,-36.75,163.204
17.75,-36.75,154.693
18.25,-36.75,146.033
18.75,-36.75,137.256
19.25,-36.75,128.417
19.75,-36.75,119.586
20.25,-36.75,110.85
20.75,-36.75,102.296
21.25,-36.75,94.0078
21.75,-36.75,86.0571
22.25,-36.75,78.5003
22.75,-36.75,71.3761
23.25,-36.75,64.7064
23.75,-36.75,58.4982
24.25,-36.75,52.7479
24.75,-36.75,47.4446
25.25,-36.75,42.5726
25.75,-36.75,38.1146
26.25,-36.75,34.0524
26.75,-36.75,30.3682
27.25,-36.75,27.0436
27.75,-36.75,24.0603
28.25,-36.75,21.399
28.75,-36.75,19.0395
29.25,-36.75,16.9607
29.75,-36.75,15.1403
30.25,-36.75,13.5557
30.75,-36.75,12.1839
31.25,-36.75,11.0024
31.75,-36.75,9.98936
32.25,-36.75,9.12409
32.75,-36.75,8.38723
33.25,-36.75,7.76095
33.75,-36.75,7.22879
34.25,-36.75,6.77572
34.75,-36.75,6.38791
35.25,-36.75,6.05255
35.75,-36.75,5.75764
36.25,-36.75,5.49182
36.75,-36.75,5.24417
37.25,-36.75,5.00421
37.75,-36.75,4.76203
38.25,-36.75,4.50876
38.75,-36.75,4.23724
39.25,-36.75,3.94281
39.75,-36.75,3.62421
40.25,-36.75,3.28401
40.75,-36.75,2.92854
41.25,-36.75,2.56716
41.75,-36.75,2.21097
42.25,-36.75,1.87107
42.75,-36.75,1.55707
43.25,-36.75,1.27585
43.75,-36.75,1.03109
44.25,-36.75,0.823254
44.75,-36.75,0.650282
-44.75,-36.25,2.99184
-44.25,-36.25,3.16177
-43.75,-36.25,3.28542
-43.25,-36.25,3.37725
-42.75,-36.25,3.44921
-42.25,-36.25,3.50777
-41.75,-36.25,3.5593
-41.25,-36.25,3.60963
-40.75,-36.25,3.66367
-40.25,-36.25,3.72514
-39.75,-36.25,3.79666
-39.25,-36.25,3.87992
-38.75,-36.25,3.97593
-38.25,-36.25,4.08519
-37.75,-36.25,4.20785
-37.25,-36.25,4.34373
-36.75,-36.25,4.4924
-36.25,-36.25,4.65318
-35.75,-36.25,4.82521
-35.25,-36.25,5.0074
-34.75,-36.25,5.19843
-34.25,-36.25,5.39677
-33.75,-36.25,5.6006
-33.25,-36.25,5.80792
-32.75,-36.25,6.01681
-32.25,-36.25,6.22584
-31.75,-36.25,6.43464
-31.25,-36.25,6.64452
-30.75,-36.25,6.85895
-30.25,-36.25,7.08385
-29.75,-36.25,7.32757
-29.25,-36.25,7.60061
-28.75,-36.25,7.91513
-28.25,-36.25,8.28426
-27.75,-36.25,8.72126
-27.25,-36.25,9.23885
-26.75,-36.25,9.84829
-26.25,-36.25,10.5589
-25.75,-36.25,11.3777
-25.25,-36.25,12.3093
-24.75,-36.25,13.356
-24.25,-36.25,14.5193
-23.75,-36.25,15.8003
-23.25,-36.25,17.201
-22.75,-36.25,18.7254
-22.25,-36.25,20.3804
-21.75,-36.25,22.1753
-21.25,-36.25,24.1215
-20.75,-36.25,26.2312
-20.25,-36.25,28.5154
-19.75,-36.25,30.9819
-19.25,-36.25,33.6332
-18.75,-36.25,36.4645
-18.25,-36.25,39.4632
-17.75,-36.25,42.6077
-17.25,-36.25,45.8688
-16.75,-36.25,49.2119
-16.25,-36.25,52.6003
-15.75,-36.25,55.9998
-15.25,-36.25,59.3833
-14.75,-36.25,62.736
-14.25,-36.25,66.0587
-13.75,-36.25,69.3701
-13.25,-36.25,72.7068
-12.75,-36.25,76.1199
-12.25,-36.25,79.671
-11.75,-36.25,83.4252
-11.25,-36.25,87.4442
-10.75,-36.25,91.7784
-10.25,-36.25,96.4608
-9.75,-36.25,101.502
-9.25,-36.25,106.889
-8.75,-36.25,112.584
-8.25,-36.25,118.528
-7.75,-36.25,124.647
-7.25,-36.25,130.859
-6.75,-36.25,137.087
-6.25,-36.25,143.263
-5.75,-36.25,149.342
-5.25,-36.25,155.304
-4.75,-36.25,161.158
-4.25,-36.25,166.944
-3.75,-36.25,172.725
-3.25,-36.25,178.581
-2.75,-36.25,184.595
-2.25,-36.25,190.851
-1.75,-36.25,197.411
-1.25,-36.25,204.317
-0.75,-36.25,211.571
-0.25,-36.25,219.144
0.25,-36.25,226.966
0.75,-36.25,234.933
1.25,-36.25,242.918
1.75,-36.25,250.781
2.25,-36.25,258.384
2.75,-36.25,265.602
3.25,-36.25,272.337
3.75,-36.25,278.522
4.25,-36.25,284.121
4.75,-36.25,289.126
5.25,-36.25,293.542
5.75,-36.25,297.383
6.25,-36.25,300.65
6.75,-36.25,303.33
7.25,-36.25,305.387
7.75,-36.25,306.764
8.25,-36.25,307.389
8.75,-36.25,307.182
9.25,-36.25,306.071
9.75,-36.25,304
10.25,-36.25,300.942
10.75,-36.25,296.903
11.25,-36.25,291.928
11.75,-36.25,286.093
12.25,-36.25,279.498
12.75,-36.25,272.261
13.25,-36.25,264.499
13.75,-36.25,256.322
14.25,-36.25,247.82
14.75,-36.25,239.058
15.25,-36.25,230.076
15.75,-36.25,220.887
16.25,-36.25,211.491
16.75,-36.25,201.878
17.25,-36.25,192.044
17.75,-36.25,181.993
18.25,-36.25,171.754
18.75,-36.25,161.375
19.25,-36.25,150.93
19.75,-36.25,140.509
20.25,-36.25,130.215
20.75,-36.25,120.15
21.25,-36.25,110.41
21.75,-36.25,101.077
22.25,-36.25,92.2125
22.75,-36.25,83.8582
23.25,-36.25,76.0367
23.75,-36.25,68.7538
24.25,-36.25,62.0026
24.75,-36.25,55.7685
25.25,-36.25,50.0321
25.75,-36.25,44.7722
26.25,-36.25,39.9674
26.75,-36.25,35.5974
27.25,-36.25,31.6419
27.75,-36.25,28.0811
28.25,-36.25,24.895
28.75,-36.25,22.0623
29.25,-36.25,19.5607
29.75,-36.25,17.3665
30.25,-36.25,15.4552
30.75,-36.25,13.8015
31.25,-36.25,12.3798
31.75,-36.25,11.1649
32.25,-36.25,10.1326
32.75,-36.25,9.25962
33.25,-36.25,8.52437
33.75,-36.25,7.90661
34.25,-36.25,7.38766
34.75,-36.25,6.95018
35.25,-36.25,6.57796
35.75,-36.25,6.25571
36.25,-36.25,5.96883
36.75,-36.25,5.70328
37.25,-36.25,5.4456
37.75,-36.25,5.18322
38.25,-36.25,4.90503
38.75,-36.25,4.60233
39.25,-36.25,4.26979
39.75,-36.25,3.90642
40.25,-36.25,3.51601
40.75,-36.25,3.10694
41.25,-36.25,2.69121
41.75,-36.25,2.28273
42.25,-36.25,1.8953
42.75,-36.25,1.54073
43.25,-36.25,1.22738
43.75,-36.25,0.959567
44.25,-36.25,0.73757
44.75,-36.25,0.558441
-44.75,-35.75,2.75431
-44.25,-35.75,2.92248
-43.75,-35.75,3.06417
-43.25,-35.75,3.19265
-42.75,-35.75,3.31707
-42.25,-35.75,3.44085
-41.75,-35.75,3.5666
-41.25,-35.75,3.69612
-40.75,-35.75,3.8302
-40.25,-35.75,3.96874
-39.75,-35.75,4.11093
-39.25,-35.75,4.25566
-38.75,-35.75,4.40184
-38.25,-35.75,4.5487
-37.75,-35.75,4.69589
-37.25,-35.75,4.84354
-36.75,-35.75,4.99214
-36.25,-35.75,5.14252
-35.75,-35.75,5.29578
-35.25,-35.75,5.45339
-34.75,-35.75,5.61723
-34.25,-35.75,5.78961
-33.75,-35.75,5.97321
-33.25,-35.75,6.17095
-32.75,-35.75,6.38574
-32.25,-35.75,6.62035
-31.75,-35.75,6.87731
-31.25,-35.75,7.15908
-30.75,-35.75,7.46834
-30.25,-35.75,7.8084
-29.75,-35.75,8.18374
-29.25,-35.75,8.60031
-28.75,-35.75,9.06591
-28.25,-35.75,9.59016
-27.75,-35.75,10.1842
-27.25,-35.75,10.8604
-26.75,-35.75,11.6313
-26.25,-35.75,12.5091
-25.75,-35.75,13.5049
-25.25,-35.75,14.6282
-24.75,-35.75,15.8868
-24.25,-35.75,17.2869
-23.75,-35.75,18.8341
-23.25,-35.75,20.5342
-22.75,-35.75,22.3937
-22.25,-35.75,24.4205
-21.75,-35.75,26.6239
-21.25,-35.75,29.0139
-20.75,-35.75,31.6
-20.25,-35.75,34.3892
-19.75,-35.75,37.3842
-19.25,-35.75,40.5813
-18.75,-35.75,43.9685
-18.25,-35.75,47.5256
-17.75,-35.75,51.2233
-17.25,-35.75,55.0257
-16.75,-35.75,58.8925
-16.25,-35.75,62.7836
-15.75,-35.75,66.6641
-15.25,-35.75,70.5092
-14.75,-35.75,74.3097
-14.25,-35.75,78.0746
-13.75,-35.75,81.8332
-13.25,-35.75,85.6339
-12.75,-35.75,89.5406
-12.25,-35.75,93.6269
-11.75,-35.75,97.9683
-11.25,-35.75,102.635
-10.75,-35.75,107.682
-10.25,-35.75,113.144
-9.75,-35.75,119.03
-9.25,-35.75,125.321
-8.75,-35.75,131.97
-8.25,-35.75,138.908
-7.75,-35.75,146.048
-7.25,-35.75,153.296
-6.75,-35.75,160.562
-6.25,-35.75,167.768
-5.75,-35.75,174.86
-5.25,-35.75,181.814
-4.75,-35.75,188.637
-4.25,-35.75,195.37
-3.75,-35.75,202.08
-3.25,-35.75,208.855
-2.75,-35.75,215.789
-2.25,-35.75,222.972
-1.75,-35.75,230.477
-1.25,-35.75,238.351
-0.75,-35.75,246.602
-0.25,-35.75,255.197
0.25,-35.75,264.059
0.75,-35.75,273.076
1.25,-35.75,282.105
1.75,-35.75,290.99
2.25,-35.75,299.572
2.75,-35.75,307.713
3.25,-35.75,315.298
3.75,-35.75,322.253
4.25,-35.75,328.536
4.75,-35.75,334.138
5.25,-35.75,339.069
5.75,-35.75,343.345
6.25,-35.75,346.975
6.75,-35.75,349.947
7.25,-35.75,352.227
7.75,-35.75,353.756
8.25,-35.75,354.459
8.75,-35.75,354.251
9.25,-35.75,353.054
9.75,-35.75,350.807
10.25,-35.75,347.479
10.75,-35.75,343.075
11.25,-35.75,337.638
11.75,-35.75,331.244
12.25,-35.75,323.995
12.75,-35.75,316.006
13.25,-35.75,307.394
13.75,-35.75,298.266
14.25,-35.75,288.708
14.75,-35.75,278.781
15.25,-35.75,268.524
15.75,-35.75,257.951
16.25,-35.75,247.067
16.75,-35.75,235.873
17.25,-35.75,224.376
17.75,-35.75,212.601
18.25,-35.75,200.598
18.75,-35.75,188.438
19.25,-35.75,176.217
19.75,-35.75,164.049
20.25,-35.75,152.053
20.75,-35.75,140.347
21.25,-35.75,129.038
21.75,-35.75,118.214
22.25,-35.75,107.942
22.75,-35.75,98.2623
23.25,-35.75,89.1967
23.75,-35.75,80.747
24.25,-35.75,72.9019
24.75,-35.75,65.6421
25.25,-35.75,58.9436
25.75,-35.75,52.7813
26.25,-35.75,47.1314
26.75,-35.75,41.9717
27.25,-35.75,37.2812
27.75,-35.75,33.0403
28.25,-35.75,29.2291
28.75,-35.75,25.827
29.25,-35.75,22.8118
29.75,-35.75,20.1595
30.25,-35.75,17.844
30.75,-35.75,15.838
31.25,-35.75,14.1131
31.75,-35.75,12.6402
32.25,-35.75,11.3908
32.75,-35.75,10.3373
33.25,-35.75,9.45326
33.75,-35.75,8.71391
34.25,-35.75,8.09615
34.75,-35.75,7.5785
35.25,-35.75,7.1409
35.75,-35.75,6.76449
36.25,-35.75,6.43143
36.75,-35.75,6.12477
37.25,-35.75,5.82854
37.75,-35.75,5.52812
38.25,-35.75,5.21096
38.75,-35.75,4.86757
39.25,-35.75,4.49254
39.75,-35.75,4.08546
40.25,-35.75,3.65127
40.75,-35.75,3.19986
41.25,-35.75,2.74481
41.75,-35.75,2.30156
42.25,-35.75,1.88509
42.75,-35.75,1.50789
43.25,-35.75,1.17854
43.75,-35.75,0.901062
44.25,-35.75,0.675016
44.75,-35.75,0.496463
-44.75,-35.25,2.71036
-44.25,-35.25,2.87008
-43.75,-35.25,3.01826
-43.25,-35.25,3.16859
-42.75,-35.25,3.32896
-42.25,-35.25,3.50091
-41.75,-35.25,3.68448
-41.25,-35.25,3.87826
-40.75,-35.25,4.07947
-40.25,-35.25,4.28425
-39.75,-35.25,4.48811
-39.25,-35.25,4.68666
-38.75,-35.25,4.87618
-38.25,-35.25,5.05418
-37.75,-35.25,5.21967
-37.25,-35.25,5.37311
-36.75,-35.25,5.5163
-36.25,-35.25,5.65201
-35.75,-35.25,5.78384
-35.25,-35.25,5.91608
-34.75,-35.25,6.05378
-34.25,-35.25,6.20279
-33.75,-35.25,6.36971
-33.25,-35.25,6.56173
-32.75,-35.25,6.78617
-32.25,-35.25,7.04998
-31.75,-35.25,7.35915
-31.25,-35.25,7.71835
-30.75,-35.25,8.13084
-30.25,-35.25,8.59882
-29.75,-35.25,9.12402
-29.25,-35.25,9.70854
-28.75,-35.25,10.3559
-28.25,-35.25,11.0718
-27.75,-35.25,11.8646
-27.25,-35.25,12.7451
-26.75,-35.25,13.7265
-26.25,-35.25,14.8235
-25.75,-35.25,16.0511
-25.25,-35.25,17.424
-24.75,-35.25,18.9554
-24.25,-35.25,20.6574
-23.75,-35.25,22.5406
-23.25,-35.25,24.6145
-22.75,-35.25,26.888
-22.25,-35.25,29.3701
-21.75,-35.25,32.069
-21.25,-35.25,34.9924
-20.75,-35.25,38.1455
-20.25,-35.25,41.5299
-19.75,-35.25,45.1413
-19.25,-35.25,48.9682
-18.75,-35.25,52.9904
-18.25,-35.25,57.1787
-17.75,-35.25,61.496
-17.25,-35.25,65.8989
-16.75,-35.25,70.3422
-16.25,-35.25,74.7829
-15.75,-35.25,79.1862
-15.25,-35.25,83.5314
-14.75,-35.25,87.8157
-14.25,-35.25,92.0581
-13.75,-35.25,96.3001
-13.25,-35.25,100.603
-12.75,-35.25,105.046
-12.25,-35.25,109.713
-11.75,-35.25,114.694
-11.25,-35.25,120.065
-10.75,-35.25,125.889
-10.25,-35.25,132.2
-9.75,-35.25,139.007
-9.25,-35.25,146.283
-8.75,-35.25,153.973
-8.25,-35.25,161.995
-7.75,-35.25,170.25
-7.25,-35.25,178.631
-6.75,-35.25,187.034
-6.25,-35.25,195.369
-5.75,-35.25,203.575
-5.25,-35.25,211.619
-4.75,-35.25,219.506
-4.25,-35.25,227.278
-3.75,-35.25,235.006
-3.25,-35.25,242.784
-2.75,-35.25,250.715
-2.25,-35.25,258.9
-1.75,-35.25,267.423
-1.25,-35.25,276.336
-0.75,-35.25,285.653
-0.25,-35.25,295.341
0.25,-35.25,305.32
0.75,-35.25,315.467
1.25,-35.25,325.626
1.75,-35.25,335.622
2.25,-35.25,345.28
2.75,-35.25,354.44
3.25,-35.25,362.975
3.75,-35.25,370.794
4.25,-35.25,377.85
4.75,-35.25,384.129
5.25,-35.25,389.64
5.75,-35.25,394.402
6.25,-35.25,398.426
6.75,-35.25,401.705
7.25,-35.25,404.207
7.75,-35.25,405.873
8.25,-35.25,406.627
8.75,-35.25,406.382
9.25,-35.25,405.057
9.75,-35.25,402.591
10.25,-35.25,398.951
10.75,-35.25,394.142
11.25,-35.25,388.205
11.75,-35.25,381.215
12.25,-35.25,373.271
12.75,-35.25,364.486
13.25,-35.25,354.969
13.75,-35.25,344.821
14.25,-35.25,334.121
14.75,-35.25,322.927
15.25,-35.25,311.271
15.75,-35.25,299.173
16.25,-35.25,286.643
16.75,-35.25,273.694
17.25,-35.25,260.354
17.75,-35.25,246.671
18.25,-35.25,232.721
18.75,-35.25,218.605
19.25,-35.25,204.445
19.75,-35.25,190.377
20.25,-35.25,176.541
20.75,-35.25,163.07
21.25,-35.25,150.078
21.75,-35.25,137.661
22.25,-35.25,125.883
22.75,-35.25,114.785
23.25,-35.25,104.383
23.75,-35.25,94.6734
24.25,-35.25,85.6387
24.75,-35.25,77.2538
25.25,-35.25,69.4897
25.75,-35.25,62.3179
26.25,-35.25,55.7122
26.75,-35.25,49.6496
27.25,-35.25,44.11
27.75,-35.25,39.0751
28.25,-35.25,34.5272
28.75,-35.25,30.4476
29.25,-35.25,26.8158
29.75,-35.25,23.6084
30.25,-35.25,20.7991
30.75,-35.25,18.359
31.25,-35.25,16.2568
31.75,-35.25,14.4596
32.25,-35.25,12.9342
32.75,-35.25,11.6477
33.25,-35.25,10.5683
33.75,-35.25,9.66579
34.25,-35.25,8.91184
34.75,-35.25,8.28018
35.25,-35.25,7.74637
35.75,-35.25,7.2877
36.25,-35.25,6.88302
36.75,-35.25,6.5126
37.25,-35.25,6.15833
37.75,-35.25,5.80405
38.25,-35.25,5.43633
38.75,-35.25,5.04538
39.25,-35.25,4.62605
39.75,-35.25,4.17854
40.25,-35.25,3.70856
40.75,-35.25,3.22676
41.25,-35.25,2.74721
41.75,-35.25,2.28552
42.25,-35.25,1.85641
42.75,-35.25,1.4718
43.25,-35.25,1.13943
43.75,-35.25,0.862345
44.25,-35.25,0.639149
44.75,-35.25,0.465005
-44.75,-34.75,2.87774
-44.25,-34.75,3.02155
-43.75,-34.75,3.16262
-43.25,-34.75,3.31691
-42.75,-34.75,3.49272
-42.25,-34.75,3.6911
-41.75,-34.75,3.91072
-41.25,-34.75,4.14802
-40.75,-34.75,4.39735
-40.25,-34.75,4.65147
-39.75,-34.75,4.90239
-39.25,-34.75,5.14234
-38.75,-34.75,5.36484
-38.25,-34.75,5.56555
-37.75,-34.75,5.74271
-37.25,-34.75,5.89725
-36.75,-34.75,6.03236
-36.25,-34.75,6.15307
-35.75,-34.75,6.26566
-35.25,-34.75,6.37738
-34.75,-34.75,6.49629
-34.25,-34.75,6.63129
-33.75,-34.75,6.79214
-33.25,-34.75,6.98939
-32.75,-34.75,7.23389
-32.25,-34.75,7.53623
-31.75,-34.75,7.90584
-31.25,-34.75,8.35017
-30.75,-34.75,8.87426
-30.25,-34.75,9.48068
-29.75,-34.75,10.17
-29.25,-34.75,10.9419
-28.75,-34.75,11.7966
-28.25,-34.75,12.7364
-27.75,-34.75,13.7666
-27.25,-34.75,14.8968
-26.75,-34.75,16.1401
-26.25,-34.75,17.5132
-25.75,-34.75,19.0348
-25.25,-34.75,20.7244
-24.75,-34.75,22.601
-24.25,-34.75,24.6824
-23.75,-34.75,26.984
-23.25,-34.75,29.5193
-22.75,-34.75,32.2993
-22.25,-34.75,35.333
-21.75,-34.75,38.6271
-21.25,-34.75,42.185
-20.75,-34.75,46.0066
-20.25,-34.75,50.0859
-19.75,-34.75,54.4104
-19.25,-34.75,58.959
-18.75,-34.75,63.702
-18.25,-34.75,68.6008
-17.75,-34.75,73.6094
-17.25,-34.75,78.6773
-16.75,-34.75,83.7544
-16.25,-34.75,88.7957
-15.75,-34.75,93.7676
-15.25,-34.75,98.6539
-14.75,-34.75,103.46
-14.25,-34.75,108.216
-13.75,-34.75,112.978
-13.25,-34.75,117.82
-12.75,-34.75,122.837
-12.25,-34.75,128.128
-11.75,-34.75,133.793
-11.25,-34.75,139.921
-10.75,-34.75,146.578
-10.25,-34.75,153.803
-9.75,-34.75,161.599
-9.25,-34.75,169.937
-8.75,-34.75,178.751
-8.25,-34.75,187.948
-7.75,-34.75,197.413
-7.25,-34.75,207.027
-6.75,-34.75,216.67
-6.25,-34.75,226.24
-5.75,-34.75,235.665
-5.25,-34.75,244.904
-4.75,-34.75,253.958
-4.25,-34.75,262.868
-3.75,-34.75,271.708
-3.25,-34.75,280.578
-2.75,-34.75,289.592
-2.25,-34.75,298.862
-1.75,-34.75,308.481
-1.25,-34.75,318.512
-0.75,-34.75,328.976
-0.25,-34.75,339.842
0.25,-34.75,351.026
0.75,-34.75,362.396
1.25,-34.75,373.783
1.75,-34.75,384.995
2.25,-34.75,395.836
2.75,-34.75,406.126
3.25,-34.75,415.718
3.75,-34.75,424.507
4.25,-34.75,432.43
4.75,-34.75,439.468
5.25,-34.75,445.625
5.75,-34.75,450.921
6.25,-34.75,455.367
6.75,-34.75,458.962
7.25,-34.75,461.675
7.75,-34.75,463.452
8.25,-34.75,464.217
8.75,-34.75,463.889
9.25,-34.75,462.386
9.75,-34.75,459.649
10.25,-34.75,455.646
10.75,-34.75,450.381
11.25,-34.75,443.895
11.75,-34.75,436.261
12.25,-34.75,427.571
12.75,-34.75,417.93
13.25,-34.75,407.439
13.75,-34.75,396.189
14.25,-34.75,384.249
14.75,-34.75,371.67
15.25,-34.75,358.483
15.75,-34.75,344.709
16.25,-34.75,330.368
16.75,-34.75,315.491
17.25,-34.75,300.129
17.75,-34.75,284.359
18.25,-34.75,268.288
18.75,-34.75,252.049
19.25,-34.75,235.792
19.75,-34.75,219.681
20.25,-34.75,203.875
20.75,-34.75,188.519
21.25,-34.75,173.738
21.75,-34.75,159.625
22.25,-34.75,146.247
22.75,-34.75,133.637
23.25,-34.75,121.804
23.75,-34.75,110.738
24.25,-34.75,100.413
24.75,-34.75,90.7971
25.25,-34.75,81.8566
25.75,-34.75,73.5594
26.25,-34.75,65.8778
26.75,-34.75,58.7894
27.25,-34.75,52.276
27.75,-34.75,46.3224
28.25,-34.75,40.9148
28.75,-34.75,36.0382
29.25,-34.75,31.6752
29.75,-34.75,27.8045
30.25,-34.75,24.4007
30.75,-34.75,21.4338
31.25,-34.75,18.8702
31.75,-34.75,16.6733
32.25,-34.75,14.8047
32.75,-34.75,13.226
33.25,-34.75,11.8992
33.75,-34.75,10.7877
34.25,-34.75,9.85751
34.75,-34.75,9.07666
35.25,-34.75,8.41585
35.75,-34.75,7.84812
36.25,-34.75,7.34877
36.75,-34.75,6.89527
37.25,-34.75,6.46742
37.75,-34.75,6.04768
38.25,-34.75,5.62185
38.75,-34.75,5.17994
39.25,-34.75,4.71691
39.75,-34.75,4.23326
40.25,-34.75,3.73491
40.75,-34.75,3.23242
41.25,-34.75,2.73945
41.75,-34.75,2.27068
42.25,-34.75,1.83963
42.75,-34.75,1.45681
43.25,-34.75,1.12855
43.75,-34.75,0.856664
44.25,-34.75,0.638785
44.75,-34.75,0.469424
-44.75,-34.25,3.24079
-44.25,-34.25,3.36325
-43.75,-34.25,3.48533
-43.25,-34.25,3.62678
-42.75,-34.25,3.79778
-42.25,-34.25,4.00001
-41.75,-34.25,4.23196
-41.25,-34.25,4.48896
-40.75,-34.25,4.76346
-40.25,-34.25,5.04568
-39.75,-34.25,5.32472
-39.25,-34.25,5.58994
-38.75,-34.25,5.83244
-38.25,-34.25,6.04618
-37.75,-34.25,6.22871
-37.25,-34.25,6.38131
-36.75,-34.25,6.50856
-36.25,-34.25,6.61758
-35.75,-34.25,6.7173
-35.25,-34.25,6.81776
-34.75,-34.25,6.92977
-34.25,-34.25,7.06485
-33.75,-34.25,7.23526
-33.25,-34.25,7.454
-32.75,-34.25,7.73464
-32.25,-34.25,8.09065
-31.75,-34.25,8.53452
-31.25,-34.25,9.07664
-30.75,-34.25,9.72454
-30.25,-34.25,10.4823
-29.75,-34.25,11.351
-29.25,-34.25,12.3294
-28.75,-34.25,13.4159
-28.25,-34.25,14.6107
-27.75,-34.25,15.9171
-27.25,-34.25,17.3433
-26.75,-34.25,18.9027
-26.25,-34.25,20.6137
-25.75,-34.25,22.4984
-25.25,-34.25,24.5808
-24.75,-34.25,26.8851
-24.25,-34.25,29.4342
-23.75,-34.25,32.2482
-23.25,-34.25,35.3436
-22.75,-34.25,38.7329
-22.25,-34.25,42.4244
-21.75,-34.25,46.4216
-21.25,-34.25,50.7228
-20.75,-34.25,55.3204
-20.25,-34.25,60.1997
-19.75,-34.25,65.338
-19.25,-34.25,70.7038
-18.75,-34.25,76.2567
-18.25,-34.25,81.9479
-17.75,-34.25,87.7227
-17.25,-34.25,93.5236
-16.75,-34.25,99.2957
-16.25,-34.25,104.993
-15.75,-34.25,110.582
-15.25,-34.25,116.055
-14.75,-34.25,121.425
-14.25,-34.25,126.734
-13.75,-34.25,132.051
-13.25,-34.25,137.47
-12.75,-34.25,143.098
-12.25,-34.25,149.052
-11.75,-34.25,155.446
-11.25,-34.25,162.377
-10.75,-34.25,169.92
-10.25,-34.25,178.116
-9.75,-34.25,186.968
-9.25,-34.25,196.441
-8.75,-34.25,206.46
-8.25,-34.25,216.919
-7.75,-34.25,227.691
-7.25,-34.25,238.638
-6.75,-34.25,249.627
-6.25,-34.25,260.542
-5.75,-34.25,271.294
-5.25,-34.25,281.836
-4.75,-34.25,292.163
-4.25,-34.25,302.311
-3.75,-34.25,312.36
-3.25,-34.25,322.416
-2.75,-34.25,332.603
-2.25,-34.25,343.044
-1.75,-34.25,353.846
-1.25,-34.25,365.085
-0.75,-34.25,376.788
-0.25,-34.25,388.928
0.25,-34.25,401.419
0.75,-34.25,414.122
1.25,-34.25,426.852
1.75,-34.25,439.401
2.25,-34.25,451.549
2.75,-34.25,463.093
3.25,-34.25,473.864
3.75,-34.25,483.735
4.25,-34.25,492.628
4.75,-34.25,500.511
5.25,-34.25,507.382
5.75,-34.25,513.256
6.25,-34.25,518.149
6.75,-34.25,522.06
7.25,-34.25,524.966
7.75,-34.25,526.819
8.25,-34.25,527.55
8.75,-34.25,527.082
9.25,-34.25,525.343
9.75,-34.25,522.275
10.25,-34.25,517.85
10.75,-34.25,512.073
11.25,-34.25,504.982
11.75,-34.25,496.643
12.25,-34.25,487.143
12.75,-34.25,476.574
13.25,-34.25,465.025
13.75,-34.25,452.573
14.25,-34.25,439.279
14.75,-34.25,425.184
15.25,-34.25,410.32
15.75,-34.25,394.711
16.25,-34.25,378.392
16.75,-34.25,361.414
17.25,-34.25,343.856
17.75,-34.25,325.827
18.25,-34.25,307.469
18.75,-34.25,288.95
19.25,-34.25,270.453
19.75,-34.25,252.166
20.25,-34.25,234.268
20.75,-34.25,216.916
21.25,-34.25,200.241
21.75,-34.25,184.336
22.25,-34.25,169.261
22.75,-34.25,155.044
23.25,-34.25,141.683
23.75,-34.25,129.158
24.25,-34.25,117.435
24.75,-34.25,106.475
25.25,-34.25,96.238
25.75,-34.25,86.6899
26.25,-34.25,77.8025
26.75,-34.25,69.5549
27.25,-34.25,61.9328
27.75,-34.25,54.9257
28.25,-34.25,48.5253
28.75,-34.25,42.7221
29.25,-34.25,37.5034
29.75,-34.25,32.8515
30.25,-34.25,28.7428
30.75,-34.25,25.1473
31.25,-34.25,22.0295
31.75,-34.25,19.3493
32.25,-34.25,17.0632
32.75,-34.25,15.1268
33.25,-34.25,13.4955
33.75,-34.25,12.1259
34.25,-34.25,10.9771
34.75,-34.25,10.0111
35.25,-34.25,9.1931
35.75,-34.25,8.4913
36.25,-34.25,7.87705
36.75,-34.25,7.32469
37.25,-34.25,6.8116
37.75,-34.25,6.31858
38.25,-34.25,5.83032
38.75,-34.25,5.33617
39.25,-34.25,4.83072
39.75,-34.25,4.31415
40.25,-34.25,3.79192
40.75,-34.25,3.27385
41.25,-34.25,2.77248
41.75,-34.25,2.30108
42.25,-34.25,1.87148
42.75,-34.25,1.49254
43.25,-34.25,1.16909
43.75,-34.25,0.901783
44.25,-34.25,0.687451
44.75,-34.25,0.5202
-44.75,-33.75,3.75487
-44.25,-33.75,3.8547
-43.75,-33.75,3.9507
-43.25,-33.75,4.06729
-42.75,-33.75,4.21746
-42.25,-33.75,4.40434
-41.75,-33.75,4.62709
-41.25,-33.75,4.88096
-40.75,-33.75,5.15757
-40.25,-33.75,5.44566
-39.75,-33.75,5.73248
-39.25,-33.75,6.00545
-38.75,-33.75,6.25392
-38.25,-33.75,6.4706
-37.75,-33.75,6.65252
-37.25,-33.75,6.80126
-36.75,-33.75,6.92253
-36.25,-33.75,7.02528
-35.75,-33.75,7.12073
-35.25,-33.75,7.2214
-34.75,-33.75,7.34059
-34.25,-33.75,7.49204
-33.75,-33.75,7.69007
-33.25,-33.75,7.94965
-32.75,-33.75,8.28638
-32.25,-33.75,8.71606
-31.75,-33.75,9.25383
-31.25,-33.75,9.91295
-30.75,-33.75,10.7037
-30.25,-33.75,11.6326
-29.75,-33.75,12.7023
-29.25,-33.75,13.9121
-28.75,-33.75,15.2603
-28.25,-33.75,16.7463
-27.75,-33.75,18.3724
-27.25,-33.75,20.1465
-26.75,-33.75,22.0826
-26.25,-33.75,24.2007
-25.75,-33.75,26.5258
-25.25,-33.75,29.0858
-24.75,-33.75,31.9093
-24.25,-33.75,35.0235
-23.75,-33.75,38.4521
-23.25,-33.75,42.2138
-22.75,-33.75,46.3214
-22.25,-33.75,50.7813
-21.75,-33.75,55.5923
-21.25,-33.75,60.7462
-20.75,-33.75,66.2267
-20.25,-33.75,72.0089
-19.75,-33.75,78.0593
-19.25,-33.75,84.335
-18.75,-33.75,90.7843
-18.25,-33.75,97.3485
-17.75,-33.75,103.964
-17.25,-33.75,110.566
-16.75,-33.75,117.097
-16.25,-33.75,123.507
-15.75,-33.75,129.769
-15.25,-33.75,135.878
-14.75,-33.75,141.857
-14.25,-33.75,147.763
-13.75,-33.75,153.678
-13.25,-33.75,159.713
-12.75,-33.75,165.994
-12.25,-33.75,172.652
-11.75,-33.75,179.816
-11.25,-33.75,187.596
-10.75,-33.75,196.075
-10.25,-33.75,205.298
-9.75,-33.75,215.269
-9.25,-33.75,225.946
-8.75,-33.75,237.247
-8.25,-33.75,249.054
-7.75,-33.75,261.224
-7.25,-33.75,273.604
-6.75,-33.75,286.043
-6.25,-33.75,298.407
-5.75,-33.75,310.595
-5.25,-33.75,322.545
-4.75,-33.75,334.246
-4.25,-33.75,345.732
-3.75,-33.75,357.084
-3.25,-33.75,368.417
-2.75,-33.75,379.865
-2.25,-33.75,391.567
-1.75,-33.75,403.645
-1.25,-33.75,416.187
-0.75,-33.75,429.23
-0.25,-33.75,442.753
0.25,-33.75,456.669
0.75,-33.75,470.829
1.25,-33.75,485.037
1.75,-33.75,499.059
2.25,-33.75,512.655
2.75,-33.75,525.594
3.25,-33.75,537.678
3.75,-33.75,548.756
4.25,-33.75,558.731
4.75,-33.75,567.551
5.25,-33.75,575.207
5.75,-33.75,581.708
6.25,-33.75,587.07
6.75,-33.75,591.297
7.25,-33.75,594.376
7.75,-33.75,596.267
8.25,-33.75,596.914
8.75,-33.75,596.25
9.25,-33.75,594.213
9.75,-33.75,590.751
10.25,-33.75,585.842
10.75,-33.75,579.49
11.25,-33.75,571.73
11.75,-33.75,562.62
12.25,-33.75,552.233
12.75,-33.75,540.648
13.25,-33.75,527.94
13.75,-33.75,514.172
14.25,-33.75,499.391
14.75,-33.75,483.636
15.25,-33.75,466.936
15.75,-33.75,449.327
16.25,-33.75,430.86
16.75,-33.75,411.609
17.25,-33.75,391.687
17.75,-33.75,371.238
18.25,-33.75,350.441
18.75,-33.75,329.501
19.25,-33.75,308.632
19.75,-33.75,288.048
20.25,-33.75,267.946
20.75,-33.75,248.495
21.25,-33.75,229.827
21.75,-33.75,212.034
22.25,-33.75,195.168
22.75,-33.75,179.246
23.25,-33.75,164.255
23.75,-33.75,150.163
24.25,-33.75,136.927
24.75,-33.75,124.499
25.25,-33.75,112.837
25.75,-33.75,101.903
26.25,-33.75,91.6698
26.75,-33.75,82.1205
27.25,-33.75,73.2458
27.75,-33.75,65.0419
28.25,-33.75,57.5076
28.75,-33.75,50.6405
29.25,-33.75,44.434
29.75,-33.75,38.8753
30.25,-33.75,33.9435
30.75,-33.75,29.6098
31.25,-33.75,25.8374
31.75,-33.75,22.5829
32.25,-33.75,19.7982
32.75,-33.75,17.4324
33.25,-33.75,15.4342
33.75,-33.75,13.7527
34.25,-33.75,12.3399
34.75,-33.75,11.1509
35.25,-33.75,10.1444
35.75,-33.75,9.28351
36.25,-33.75,8.53475
36.75,-33.75,7.86873
37.25,-33.75,7.25982
37.75,-33.75,6.6864
38.25,-33.75,6.13138
38.75,-33.75,5.58271
39.25,-33.75,5.03384
39.75,-33.75,4.48394
40.25,-33.75,3.93746
40.75,-33.75,3.403
41.25,-33.75,2.89171
41.75,-33.75,2.41531
42.25,-33.75,1.98402
42.75,-33.75,1.60518
43.25,-33.75,1.28235
43.75,-33.75,1.01523
44.25,-33.75,0.800056
44.75,-33.75,0.630651
-44.75,-33.25,4.36251
-44.25,-33.25,4.44231
-43.75,-33.25,4.51033
-43.25,-33.25,4.59591
-42.75,-33.25,4.71539
-42.25,-33.25,4.87369
-41.75,-33.25,5.07124
-41.25,-33.25,5.30398
-40.75,-33.25,5.56361
-40.25,-33.25,5.8385
-39.75,-33.25,6.11513
-39.25,-33.25,6.37997
-38.75,-33.25,6.62148
-38.25,-33.25,6.83171
-37.75,-33.25,7.00746
-37.25,-33.25,7.15068
-36.75,-33.25,7.26805
-36.25,-33.25,7.37004
-35.75,-33.25,7.46985
-35.25,-33.25,7.58219
-34.75,-33.25,7.72255
-34.25,-33.25,7.90674
-33.75,-33.25,8.15092
-33.25,-33.25,8.47183
-32.75,-33.25,8.8869
-32.25,-33.25,9.41402
-31.75,-33.25,10.0708
-31.25,-33.25,10.8733
-30.75,-33.25,11.8348
-30.25,-33.25,12.9647
-29.75,-33.25,14.2679
-29.25,-33.25,15.7456
-28.75,-33.25,17.3971
-28.25,-33.25,19.222
-27.75,-33.25,21.2229
-27.25,-33.25,23.4081
-26.75,-33.25,25.7923
-26.25,-33.25,28.3971
-25.75,-33.25,31.2499
-25.25,-33.25,34.3817
-24.75,-33.25,37.8243
-24.25,-33.25,41.6079
-23.75,-33.25,45.7585
-23.25,-33.25,50.2957
-22.75,-33.25,55.231
-22.25,-33.25,60.5673
-21.75,-33.25,66.298
-21.25,-33.25,72.4071
-20.75,-33.25,78.8687
-20.25,-33.25,85.6474
-19.75,-33.25,92.698
-19.25,-33.25,99.9667
-18.75,-33.25,107.391
-18.25,-33.25,114.902
-17.75,-33.25,122.428
-17.25,-33.25,129.898
-16.75,-33.25,137.251
-16.25,-33.25,144.436
-15.75,-33.25,151.429
-15.25,-33.25,158.23
-14.75,-33.25,164.873
-14.25,-33.25,171.426
-13.75,-33.25,177.99
-13.25,-33.25,184.689
-12.75,-33.25,191.668
-12.25,-33.25,199.076
-11.75,-33.25,207.057
-11.25,-33.25,215.733
-10.75,-33.25,225.197
-10.25,-33.25,235.501
-9.75,-33.25,246.647
-9.25,-33.25,258.592
-8.75,-33.25,271.246
-8.25,-33.25,284.478
-7.75,-33.25,298.131
-7.25,-33.25,312.033
-6.75,-33.25,326.015
-6.25,-33.25,339.925
-5.75,-33.25,353.644
-5.25,-33.25,367.098
-4.75,-33.25,380.265
-4.25,-33.25,393.179
-3.75,-33.25,405.922
-3.25,-33.25,418.617
-2.75,-33.25,431.413
-2.25,-33.25,444.465
-1.75,-33.25,457.91
-1.25,-33.25,471.854
-0.75,-33.25,486.345
-0.25,-33.25,501.368
0.25,-33.25,516.836
0.75,-33.25,532.592
1.25,-33.25,548.421
1.75,-33.25,564.069
2.25,-33.25,579.267
2.75,-33.25,593.754
3.25,-33.25,607.3
3.75,-33.25,619.725
4.25,-33.25,630.903
4.75,-33.25,640.766
5.25,-33.25,649.287
5.75,-33.25,656.471
6.25,-33.25,662.334
6.75,-33.25,666.887
7.25,-33.25,670.125
7.75,-33.25,672.025
8.25,-33.25,672.544
8.75,-33.25,671.634
9.25,-33.25,669.242
9.75,-33.25,665.328
10.25,-33.25,659.874
10.75,-33.25,652.884
11.25,-33.25,644.386
11.75,-33.25,634.427
12.25,-33.25,623.067
12.75,-33.25,610.367
13.25,-33.25,596.383
13.75,-33.25,581.166
14.25,-33.25,564.753
14.75,-33.25,547.179
15.25,-33.25,528.477
15.75,-33.25,508.696
16.25,-33.25,487.909
16.75,-33.25,466.219
17.25,-33.25,443.772
17.75,-33.25,420.753
18.25,-33.25,397.378
18.75,-33.25,373.887
19.25,-33.25,350.529
19.75,-33.25,327.539
20.25,-33.25,305.133
20.75,-33.25,283.487
21.25,-33.25,262.734
21.75,-33.25,242.961
22.25,-33.25,224.208
22.75,-33.25,206.481
23.25,-33.25,189.754
23.75,-33.25,173.981
24.25,-33.25,159.111
24.75,-33.25,145.087
25.25,-33.25,131.862
25.75,-33.25,119.399
26.25,-33.25,107.673
26.75,-33.25,96.6726
27.25,-33.25,86.395
27.75,-33.25,76.8451
28.25,-33.25,68.0306
28.75,-33.25,59.9572
29.25,-33.25,52.6257
29.75,-33.25,46.0293
30.25,-33.25,40.1506
30.75,-33.25,34.9628
31.25,-33.25,30.4284
31.75,-33.25,26.5014
32.25,-33.25,23.1292
32.75,-33.25,20.255
33.25,-33.25,17.8204
33.75,-33.25,15.767
34.25,-33.25,14.039
34.75,-33.25,12.5838
35.25,-33.25,11.3535
35.75,-33.25,10.3045
36.25,-33.25,9.39819
36.75,-33.25,8.60037
37.25,-33.25,7.88152
37.75,-33.25,7.21677
38.25,-33.25,6.58634
38.75,-33.25,5.97597
39.25,-33.25,5.37728
39.75,-33.25,4.78788
40.25,-33.25,4.21075
40.75,-33.25,3.65315
41.25,-33.25,3.12482
41.75,-33.25,2.63608
42.25,-33.25,2.19581
42.75,-33.25,1.81011
43.25,-33.25,1.48153
43.75,-33.25,1.20898
44.25,-33.25,0.988159
44.75,-33.25,0.812521
-44.75,-32.75,5.01413
-44.25,-32.75,5.07835
-43.75,-32.75,5.11983
-43.25,-32.75,5.17281
-42.75,-32.75,5.25731
-42.25,-32.75,5.38016
-41.75,-32.75,5.5433
-41.25,-32.75,5.74375
-40.75,-32.75,5.97395
-40.25,-32.75,6.22258
-39.75,-32.75,6.47619
-39.25,-32.75,6.72113
-38.75,-32.75,6.94567
-38.25,-32.75,7.14182
-37.75,-32.75,7.30659
-37.25,-32.75,7.44251
-36.75,-32.75,7.55727
-36.25,-32.75,7.66287
-35.75,-32.75,7.77428
-35.25,-32.75,7.9083
-34.75,-32.75,8.08248
-34.25,-32.75,8.31468
-33.75,-32.75,8.62297
-33.25,-32.75,9.02598
-32.75,-32.75,9.54314
-32.25,-32.75,10.1946
-31.75,-32.75,11.0007
-31.25,-32.75,11.9805
-30.75,-32.75,13.1506
-30.25,-32.75,14.5235
-29.75,-32.75,16.107
-29.25,-32.75,17.9046
-28.75,-32.75,19.9173
-28.25,-32.75,22.1458
-27.75,-32.75,24.5934
-27.25,-32.75,27.269
-26.75,-32.75,30.1879
-26.25,-32.75,33.3731
-25.75,-32.75,36.8533
-25.25,-32.75,40.6612
-24.75,-32.75,44.8306
-24.25,-32.75,49.3929
-23.75,-32.75,54.3748
-23.25,-32.75,59.7948
-22.75,-32.75,65.6619
-22.25,-32.75,71.9744
-21.75,-32.75,78.7191
-21.25,-32.75,85.8717
-20.75,-32.75,93.3968
-20.25,-32.75,101.249
-19.75,-32.75,109.372
-19.25,-32.75,117.701
-18.75,-32.75,126.165
-18.25,-32.75,134.686
-17.75,-32.75,143.185
-17.25,-32.75,151.586
-16.75,-32.75,159.823
-16.25,-32.75,167.847
-15.75,-32.75,175.634
-15.25,-32.75,183.191
-14.75,-32.75,190.561
-14.25,-32.75,197.825
-13.75,-32.75,205.096
-13.25,-32.75,212.518
-12.75,-32.75,220.251
-12.25,-32.75,228.463
-11.75,-32.75,237.311
-11.25,-32.75,246.933
-10.75,-32.75,257.432
-10.25,-32.75,268.864
-9.75,-32.75,281.236
-9.25,-32.75,294.503
-8.75,-32.75,308.565
-8.25,-32.75,323.284
-7.75,-32.75,338.485
-7.25,-32.75,353.981
-6.75,-32.75,369.581
-6.25,-32.75,385.114
-5.75,-32.75,400.444
-5.25,-32.75,415.482
-4.75,-32.75,430.196
-4.25,-32.75,444.615
-3.75,-32.75,458.827
-3.25,-32.75,472.964
-2.75,-32.75,487.19
-2.25,-32.75,501.676
-1.75,-32.75,516.581
-1.25,-32.75,532.026
-0.75,-32.75,548.075
-0.25,-32.75,564.718
0.25,-32.75,581.868
0.75,-32.75,599.36
1.25,-32.75,616.961
1.75,-32.75,634.393
2.25,-32.75,651.355
2.75,-32.75,667.552
3.25,-32.75,682.718
3.75,-32.75,696.639
4.25,-32.75,709.158
4.75,-32.75,720.182
5.25,-32.75,729.667
5.75,-32.75,737.61
6.25,-32.75,744.025
6.75,-32.75,748.931
7.25,-32.75,752.336
7.75,-32.75,754.235
8.25,-32.75,754.604
8.75,-32.75,753.412
9.25,-32.75,750.623
9.75,-32.75,746.21
10.25,-32.75,740.157
10.75,-32.75,732.468
11.25,-32.75,723.162
11.75,-32.75,712.273
12.25,-32.75,699.843
12.75,-32.75,685.914
13.25,-32.75,670.527
13.75,-32.75,653.716
14.25,-32.75,635.513
14.75,-32.75,615.951
15.25,-32.75,595.073
15.75,-32.75,572.946
16.25,-32.75,549.667
16.75,-32.75,525.375
17.25,-32.75,500.252
17.75,-32.75,474.522
18.25,-32.75,448.442
18.75,-32.75,422.286
19.25,-32.75,396.332
19.75,-32.75,370.84
20.25,-32.75,346.037
20.75,-32.75,322.107
21.25,-32.75,299.181
21.75,-32.75,277.337
22.25,-32.75,256.604
22.75,-32.75,236.972
23.25,-32.75,218.402
23.75,-32.75,200.834
24.25,-32.75,184.204
24.75,-32.75,168.451
25.25,-32.75,153.523
25.75,-32.75,139.385
26.25,-32.75,126.016
26.75,-32.75,113.411
27.25,-32.75,101.578
27.75,-32.75,90.5307
28.25,-32.75,80.2871
28.75,-32.75,70.8625
29.25,-32.75,62.2661
29.75,-32.75,54.4971
30.25,-32.75,47.543
30.75,-32.75,41.3791
31.25,-32.75,35.9683
31.75,-32.75,31.2625
32.25,-32.75,27.2053
32.75,-32.75,23.7343
33.25,-32.75,20.7844
33.75,-32.75,18.2894
34.25,-32.75,16.1854
34.75,-32.75,14.4121
35.25,-32.75,12.9135
35.75,-32.75,11.6391
36.25,-32.75,10.5437
36.75,-32.75,9.58764
37.25,-32.75,8.73642
37.75,-32.75,7.96104
38.25,-32.75,7.23824
38.75,-32.75,6.55089
39.25,-32.75,5.8883
39.75,-32.75,5.24617
40.25,-32.75,4.62592
40.75,-32.75,4.03341
41.25,-32.75,3.47711
41.75,-32.75,2.9661
42.25,-32.75,2.50809
42.75,-32.75,2.10811
43.25,-32.75,1.76774
43.75,-32.75,1.48506
44.25,-32.75,1.25505
44.75,-32.75,1.07048
-44.75,-32.25,5.68454
-44.25,-32.25,5.7375
-43.75,-32.25,5.7549
-43.25,-32.25,5.77601
-42.75,-32.25,5.82486
-42.25,-32.25,5.91025
-41.75,-32.25,6.03557
-41.25,-32.25,6.19903
-40.75,-32.25,6.39395
-40.25,-32.25,6.60967
-39.75,-32.25,6.83319
-39.25,-32.25,7.05124
-38.75,-32.25,7.25247
-38.25,-32.25,7.42933
-37.75,-32.25,7.57952
-37.25,-32.25,7.70655
-36.75,-32.25,7.81947
-36.25,-32.25,7.9319
-35.75,-32.25,8.0608
-35.25,-32.25,8.22505
-34.75,-32.25,8.44438
-34.25,-32.25,8.73884
-33.75,-32.25,9.12872
-33.25,-32.25,9.63496
-32.75,-32.25,10.2796
-32.25,-32.25,11.0856
-31.75,-32.25,12.0767
-31.25,-32.25,13.2755
-30.75,-32.25,14.7022
-30.25,-32.25,16.3731
-29.75,-32.25,18.299
-29.25,-32.25,20.486
-28.75,-32.25,22.9367
-28.25,-32.25,25.6531
-27.75,-32.25,28.6391
-27.25,-32.25,31.9036
-26.75,-32.25,35.462
-26.25,-32.25,39.3371
-25.75,-32.25,43.5578
-25.25,-32.25,48.1569
-24.75,-32.25,53.1677
-24.25,-32.25,58.6214
-23.75,-32.25,64.5428
-23.25,-32.25,70.9479
-22.75,-32.25,77.8417
-22.25,-32.25,85.2168
-21.75,-32.25,93.0533
-21.25,-32.25,101.319
-20.75,-32.25,109.969
-20.25,-32.25,118.95
-19.75,-32.25,128.197
-19.25,-32.25,137.637
-18.75,-32.25,147.189
-18.25,-32.25,156.771
-17.75,-32.25,166.296
-17.25,-32.25,175.684
-16.75,-32.25,184.867
-16.25,-32.25,193.794
-15.75,-32.25,202.444
-15.25,-32.25,210.828
-14.75,-32.25,218.998
-14.25,-32.25,227.046
-13.75,-32.25,235.098
-13.25,-32.25,243.312
-12.75,-32.25,251.866
-12.25,-32.25,260.941
-11.75,-32.25,270.713
-11.25,-32.25,281.331
-10.75,-32.25,292.908
-10.25,-32.25,305.51
-9.75,-32.25,319.146
-9.25,-32.25,333.768
-8.75,-32.25,349.275
-8.25,-32.25,365.517
-7.75,-32.25,382.307
-7.25,-32.25,399.439
-6.75,-32.25,416.705
-6.25,-32.25,433.914
-5.75,-32.25,450.911
-5.25,-32.25,467.593
-4.75,-32.25,483.918
-4.25,-32.25,499.912
-3.75,-32.25,515.664
-3.25,-32.25,531.318
-2.75,-32.25,547.052
-2.25,-32.25,563.058
-1.75,-32.25,579.514
-1.25,-32.25,596.56
-0.75,-32.25,614.273
-0.25,-32.25,632.652
0.25,-32.25,651.61
0.75,-32.25,670.972
1.25,-32.25,690.489
1.75,-32.25,709.857
2.25,-32.25,728.74
2.75,-32.25,746.809
3.25,-32.25,763.756
3.75,-32.25,779.329
4.25,-32.25,793.338
4.75,-32.25,805.658
5.25,-32.25,816.227
5.75,-32.25,825.03
6.25,-32.25,832.078
6.75,-32.25,837.397
7.25,-32.25,841.011
7.75,-32.25,842.931
8.25,-32.25,843.157
8.75,-32.25,841.677
9.25,-32.25,838.474
9.75,-32.25,833.531
10.25,-32.25,826.838
10.75,-32.25,818.395
11.25,-32.25,808.213
11.75,-32.25,796.31
12.25,-32.25,782.708
12.75,-32.25,767.432
13.25,-32.25,750.503
13.75,-32.25,731.945
14.25,-32.25,711.785
14.75,-32.25,690.061
15.25,-32.25,666.829
15.75,-32.25,642.18
16.25,-32.25,616.241
16.75,-32.25,589.188
17.25,-32.25,561.242
17.75,-32.25,532.67
18.25,-32.25,503.765
18.75,-32.25,474.837
19.25,-32.25,446.191
19.75,-32.25,418.106
20.25,-32.25,390.823
20.75,-32.25,364.525
21.25,-32.25,339.342
21.75,-32.25,315.341
22.25,-32.25,292.537
22.75,-32.25,270.905
23.25,-32.25,250.387
23.75,-32.25,230.912
24.25,-32.25,212.402
24.75,-32.25,194.79
25.25,-32.25,178.023
25.75,-32.25,162.067
26.25,-32.25,146.907
26.75,-32.25,132.548
27.25,-32.25,119.008
27.75,-32.25,106.314
28.25,-32.25,94.493
28.75,-32.25,83.5722
29.25,-32.25,73.569
29.75,-32.25,64.4899
30.25,-32.25,56.3273
30.75,-32.25,49.0593
31.25,-32.25,42.6499
31.75,-32.25,37.0497
32.25,-32.25,32.1992
32.75,-32.25,28.0313
33.25,-32.25,24.4744
33.75,-32.25,21.4552
34.25,-32.25,18.9015
34.75,-32.25,16.7446
35.25,-32.25,14.9202
35.75,-32.25,13.37
36.25,-32.25,12.0413
36.75,-32.25,10.8879
37.25,-32.25,9.86967
37.75,-32.25,8.9526
38.25,-32.25,8.10942
38.75,-32.25,7.31977
39.25,-32.25,6.57045
39.75,-32.25,5.85517
40.25,-32.25,5.17378
40.75,-32.25,4.53079
41.25,-32.25,3.93339
41.75,-32.25,3.38942
42.25,-32.25,2.90529
42.75,-32.25,2.48478
43.25,-32.25,2.12822
43.75,-32.25,1.83252
44.25,-32.25,1.59153
44.75,-32.25,1.3969
-44.75,-31.75,6.37988
-44.25,-31.75,6.4246
-43.75,-31.75,6.41959
-43.25,-31.75,6.40962
-42.75,-31.75,6.42332
-42.25,-31.75,6.4714
-41.75,-31.75,6.55865
-41.25,-31.75,6.68432
-40.75,-31.75,6.8425
-40.25,-31.75,7.02322
-39.75,-31.75,7.21405
-39.25,-31.75,7.40231
-38.75,-31.75,7.57733
-38.25,-31.75,7.73246
-37.75,-31.75,7.86652
-37.25,-31.75,7.98446
-36.75,-31.75,8.09704
-36.25,-31.75,8.2199
-35.75,-31.75,8.37219
-35.25,-31.75,8.57514
-34.75,-31.75,8.85089
-34.25,-31.75,9.22203
-33.75,-31.75,9.71157
-33.25,-31.75,10.3435
-32.75,-31.75,11.1433
-32.25,-31.75,12.138
-31.75,-31.75,13.3554
-31.25,-31.75,14.8227
-30.75,-31.75,16.5646
-30.25,-31.75,18.6012
-29.75,-31.75,20.9468
-29.25,-31.75,23.6098
-28.75,-31.75,26.5945
-28.25,-31.75,29.9032
-27.75,-31.75,33.5395
-27.25,-31.75,37.5113
-26.75,-31.75,41.8323
-26.25,-31.75,46.5237
-25.75,-31.75,51.612
-25.25,-31.75,57.1277
-24.75,-31.75,63.1015
-24.25,-31.75,69.5612
-23.75,-31.75,76.5281
-23.25,-31.75,84.0137
-22.75,-31.75,92.0177
-22.25,-31.75,100.527
-21.75,-31.75,109.515
-21.25,-31.75,118.942
-20.75,-31.75,128.759
-20.25,-31.75,138.903
-19.75,-31.75,149.304
-19.25,-31.75,159.884
-18.75,-31.75,170.558
-18.25,-31.75,181.236
-17.75,-31.75,191.83
-17.25,-31.75,202.255
-16.75,-31.75,212.44
-16.25,-31.75,222.335
-15.75,-31.75,231.92
-15.25,-31.75,241.21
-14.75,-31.75,250.262
-14.25,-31.75,259.176
-13.75,-31.75,268.092
-13.25,-31.75,277.179
-12.75,-31.75,286.628
-12.25,-31.75,296.636
-11.75,-31.75,307.389
-11.25,-31.75,319.051
-10.75,-31.75,331.744
-10.25,-31.75,345.541
-9.75,-31.75,360.457
-9.25,-31.75,376.445
-8.75,-31.75,393.402
-8.25,-31.75,411.17
-7.75,-31.75,429.552
-7.25,-31.75,448.329
-6.75,-31.75,467.275
-6.25,-31.75,486.183
-5.75,-31.75,504.879
-5.25,-31.75,523.246
-4.75,-31.75,541.234
-4.25,-31.75,558.862
-3.75,-31.75,576.223
-3.25,-31.75,593.471
-2.75,-31.75,610.797
-2.25,-31.75,628.412
-1.75,-31.75,646.513
-1.25,-31.75,665.257
-0.75,-31.75,684.738
-0.25,-31.75,704.961
0.25,-31.75,725.841
0.75,-31.75,747.194
1.25,-31.75,768.754
1.75,-31.75,790.19
2.25,-31.75,811.138
2.75,-31.75,831.225
3.25,-31.75,850.106
3.75,-31.75,867.486
4.25,-31.75,883.138
4.75,-31.75,896.904
5.25,-31.75,908.699
5.75,-31.75,918.491
6.25,-31.75,926.288
6.75,-31.75,932.121
7.25,-31.75,936.026
7.75,-31.75,938.033
8.25,-31.75,938.163
8.75,-31.75,936.425
9.25,-31.75,932.819
9.75,-31.75,927.34
10.25,-31.75,919.983
10.75,-31.75,910.745
11.25,-31.75,899.625
11.75,-31.75,886.625
12.25,-31.75,871.749
12.75,-31.75,855.001
13.25,-31.75,836.388
13.75,-31.75,815.925
14.25,-31.75,793.638
14.75,-31.75,769.574
15.25,-31.75,743.809
15.75,-31.75,716.462
16.25,-31.75,687.695
16.75,-31.75,657.725
17.25,-31.75,626.816
17.75,-31.75,595.274
18.25,-31.75,563.431
18.75,-31.75,531.629
19.25,-31.75,500.199
19.75,-31.75,469.436
20.25,-31.75,439.59
20.75,-31.75,410.846
21.25,-31.75,383.327
21.75,-31.75,357.089
22.25,-31.75,332.131
22.75,-31.75,308.409
23.25,-31.75,285.85
23.75,-31.75,264.365
24.25,-31.75,243.867
24.75,-31.75,224.28
25.25,-31.75,205.55
25.75,-31.75,187.644
26.25,-31.75,170.558
26.75,-31.75,154.305
27.25,-31.75,138.915
27.75,-31.75,124.429
28.25,-31.75,110.887
28.75,-31.75,98.3256
29.25,-31.75,86.773
29.75,-31.75,76.2428
30.25,-31.75,66.7331
30.75,-31.75,58.2257
31.25,-31.75,50.686
31.75,-31.75,44.0647
32.25,-31.75,38.3
32.75,-31.75,33.321
33.25,-31.75,29.0506
33.75,-31.75,25.4087
34.25,-31.75,22.3151
34.75,-31.75,19.6926
35.25,-31.75,17.4684
35.75,-31.75,15.5755
36.25,-31.75,13.9532
36.75,-31.75,12.548
37.25,-31.75,11.3134
37.75,-31.75,10.21
38.25,-31.75,9.20625
38.75,-31.75,8.27844
39.25,-31.75,7.41083
39.75,-31.75,6.59524
40.25,-31.75,5.82994
40.75,-31.75,5.11796
41.25,-31.75,4.46501
41.75,-31.75,3.87726
42.25,-31.75,3.35938
42.75,-31.75,2.91331
43.25,-31.75,2.53756
43.75,-31.75,2.2273
44.25,-31.75,1.97467
44.75,-31.75,1.76969
-44.75,-31.25,7.13197
-44.25,-31.25,7.16941
-43.75,-31.25,7.14147
-43.25,-31.25,7.09927
-42.75,-31.25,7.07687
-42.25,-31.25,7.08711
-41.75,-31.25,7.13609
-41.25,-31.25,7.224
-40.75,-31.25,7.34561
-40.25,-31.25,7.4915
-39.75,-31.25,7.64981
-39.25,-31.25,7.80853
-38.75,-31.25,7.95787
-38.25,-31.25,8.09231
-37.75,-31.25,8.2121
-37.25,-31.25,8.32394
-36.75,-31.25,8.44063
-36.25,-31.25,8.58012
-35.75,-31.25,8.76402
-35.25,-31.25,9.01619
-34.75,-31.25,9.36157
-34.25,-31.25,9.82581
-33.75,-31.25,10.4354
-33.25,-31.25,11.2184
-32.75,-31.25,12.2049
-32.25,-31.25,13.4272
-31.75,-31.25,14.9187
-31.25,-31.25,16.7122
-30.75,-31.25,18.8377
-30.25,-31.25,21.3199
-29.75,-31.25,24.1766
-29.25,-31.25,27.4183
-28.75,-31.25,31.0501
-28.25,-31.25,35.0739
-27.75,-31.25,39.4913
-27.25,-31.25,44.3074
-26.75,-31.25,49.5321
-26.25,-31.25,55.1818
-25.75,-31.25,61.2782
-25.25,-31.25,67.846
-24.75,-31.25,74.9104
-24.25,-31.25,82.4931
-23.75,-31.25,90.6091
-23.25,-31.25,99.264
-22.75,-31.25,108.451
-22.25,-31.25,118.152
-21.75,-31.25,128.334
-21.25,-31.25,138.954
-20.75,-31.25,149.957
-20.25,-31.25,161.279
-19.75,-31.25,172.847
-19.25,-31.25,184.58
-18.75,-31.25,196.391
-18.25,-31.25,208.189
-17.75,-31.25,219.882
-17.25,-31.25,231.384
-16.75,-31.25,242.624
-16.25,-31.25,253.549
-15.75,-31.25,264.14
-15.25,-31.25,274.416
-14.75,-31.25,284.437
-14.25,-31.25,294.309
-13.75,-31.25,304.18
-13.25,-31.25,314.227
-12.75,-31.25,324.653
-12.25,-31.25,335.663
-11.75,-31.25,347.455
-11.25,-31.25,360.202
-10.75,-31.25,374.036
-10.25,-31.25,389.036
-9.75,-31.25,405.224
-9.25,-31.25,422.558
-8.75,-31.25,440.933
-8.25,-31.25,460.191
-7.75,-31.25,480.129
-7.25,-31.25,500.519
-6.75,-31.25,521.123
-6.25,-31.25,541.719
-5.75,-31.25,562.121
-5.25,-31.25,582.198
-4.75,-31.25,601.889
-4.25,-31.25,621.21
-3.75,-31.25,640.254
-3.25,-31.25,659.18
-2.75,-31.25,678.192
-2.25,-31.25,697.514
-1.75,-31.25,717.362
-1.25,-31.25,737.908
-0.75,-31.25,759.256
-0.25,-31.25,781.423
0.25,-31.25,804.321
0.75,-31.25,827.763
1.25,-31.25,851.466
1.75,-31.25,875.078
2.25,-31.25,898.202
2.75,-31.25,920.43
3.25,-31.25,941.378
3.75,-31.25,960.708
4.25,-31.25,978.154
4.75,-31.25,993.524
5.25,-31.25,1006.7
5.75,-31.25,1017.64
6.25,-31.25,1026.34
6.75,-31.25,1032.82
7.25,-31.25,1037.14
7.75,-31.25,1039.35
8.25,-31.25,1039.47
8.75,-31.25,1037.54
9.25,-31.25,1033.58
9.75,-31.25,1027.59
10.25,-31.25,1019.57
10.75,-31.25,1009.5
11.25,-31.25,997.392
11.75,-31.25,983.218
12.25,-31.25,966.965
12.75,-31.25,948.622
13.25,-31.25,928.183
13.75,-31.25,905.656
14.25,-31.25,881.072
14.75,-31.25,854.492
15.25,-31.25,826.017
15.75,-31.25,795.798
16.25,-31.25,764.039
16.75,-31.25,730.998
17.25,-31.25,696.985
17.75,-31.25,662.347
18.25,-31.25,627.454
18.75,-31.25,592.679
19.25,-31.25,558.374
19.75,-31.25,524.851
20.25,-31.25,492.364
20.75,-31.25,461.1
21.25,-31.25,431.172
21.75,-31.25,402.624
22.25,-31.25,375.438
22.75,-31.25,349.553
23.25,-31.25,324.874
23.75,-31.25,301.298
24.25,-31.25,278.724
24.75,-31.25,257.068
25.25,-31.25,236.272
25.75,-31.25,216.309
26.25,-31.25,197.179
26.75,-31.25,178.908
27.25,-31.25,161.539
27.75,-31.25,145.126
28.25,-31.25,129.723
28.75,-31.25,115.38
29.25,-31.25,102.134
29.75,-31.25,90.0073
30.25,-31.25,79.0048
30.75,-31.25,69.1129
31.25,-31.25,60.2999
31.75,-31.25,52.5175
32.25,-31.25,45.7031
32.75,-31.25,39.7831
33.25,-31.25,34.676
33.75,-31.25,30.2952
34.25,-31.25,26.5535
34.75,-31.25,23.3654
35.25,-31.25,20.649
35.75,-31.25,18.3285
36.25,-31.25,16.335
36.75,-31.25,14.6071
37.25,-31.25,13.0916
37.75,-31.25,11.7437
38.25,-31.25,10.5274
38.75,-31.25,9.41576
39.25,-31.25,8.39054
39.75,-31.25,7.44163
40.25,-31.25,6.56557
40.75,-31.25,5.76359
41.25,-31.25,5.03928
41.75,-31.25,4.39645
42.25,-31.25,3.83715
42.75,-31.25,3.36065
43.25,-31.25,2.96283
43.75,-31.25,2.63637
44.25,-31.25,2.37114
44.75,-31.25,2.15509
-44.75,-30.75,7.98106
-44.25,-30.75,8.00949
-43.75,-30.75,7.95488
-43.25,-30.75,7.87606
-42.75,-30.75,7.81359
-42.25,-30.75,7.78285
-41.75,-30.75,7.79147
-41.25,-30.75,7.84067
-40.75,-30.75,7.92589
-40.25,-30.75,8.03827
-39.75,-30.75,8.16648
-39.25,-30.75,8.2992
-38.75,-30.75,8.42752
-38.25,-30.75,8.54705
-37.75,-30.75,8.65955
-37.25,-30.75,8.77353
-36.75,-30.75,8.90394
-36.25,-30.75,9.07114
-35.75,-30.75,9.29944
-35.25,-30.75,9.6156
-34.75,-30.75,10.0479
-34.25,-30.75,10.6257
-33.75,-30.75,11.3801
-33.25,-30.75,12.3443
-32.75,-30.75,13.5545
-32.25,-30.75,15.0498
-31.75,-30.75,16.8706
-31.25,-30.75,19.0565
-30.75,-30.75,21.644
-30.25,-30.75,24.6628
-29.75,-30.75,28.1343
-29.25,-30.75,32.0711
-28.75,-30.75,36.4783
-28.25,-30.75,41.3558
-27.75,-30.75,46.7017
-27.25,-30.75,52.5156
-26.75,-30.75,58.8007
-26.25,-30.75,65.5655
-25.75,-30.75,72.8229
-25.25,-30.75,80.5883
-24.75,-30.75,88.8775
-24.25,-30.75,97.7031
-23.75,-30.75,107.072
-23.25,-30.75,116.98
-22.75,-30.75,127.416
-22.25,-30.75,138.355
-21.75,-30.75,149.762
-21.25,-30.75,161.59
-20.75,-30.75,173.786
-20.25,-30.75,186.285
-19.75,-30.75,199.016
-19.25,-30.75,211.898
-18.75,-30.75,224.847
-18.25,-30.75,237.773
-17.75,-30.75,250.583
-17.25,-30.75,263.192
-16.75,-30.75,275.527
-16.25,-30.75,287.537
-15.75,-30.75,299.202
-15.25,-30.75,310.542
-14.75,-30.75,321.619
-14.25,-30.75,332.542
-13.75,-30.75,343.461
-13.25,-30.75,354.561
-12.75,-30.75,366.046
-12.25,-30.75,378.13
-11.75,-30.75,391.015
-11.25,-30.75,404.88
-10.75,-30.75,419.865
-10.25,-30.75,436.056
-9.75,-30.75,453.482
-9.25,-30.75,472.106
-8.75,-30.75,491.832
-8.25,-30.75,512.503
-7.75,-30.75,533.919
-7.25,-30.75,555.85
-6.75,-30.75,578.053
-6.25,-30.75,600.298
-5.75,-30.75,622.389
-5.25,-30.75,644.184
-4.75,-30.75,665.614
-4.25,-30.75,686.689
-3.75,-30.75,707.497
-3.25,-30.75,728.2
-2.75,-30.75,749.008
-2.25,-30.75,770.152
-1.75,-30.75,791.86
-1.25,-30.75,814.315
-0.75,-30.75,837.631
-0.25,-30.75,861.831
0.25,-30.75,886.83
0.75,-30.75,912.435
1.25,-30.75,938.352
1.75,-30.75,964.211
2.25,-30.75,989.589
2.75,-30.75,1014.05
3.25,-30.75,1037.17
3.75,-30.75,1058.57
4.25,-30.75,1077.94
4.75,-30.75,1095.07
5.25,-30.75,1109.8
5.75,-30.75,1122.06
6.25,-30.75,1131.83
6.75,-30.75,1139.14
7.25,-30.75,1144.04
7.75,-30.75,1146.59
8.25,-30.75,1146.83
8.75,-30.75,1144.81
9.25,-30.75,1140.57
9.75,-30.75,1134.11
10.25,-30.75,1125.44
10.75,-30.75,1114.54
11.25,-30.75,1101.4
11.75,-30.75,1085.98
12.25,-30.75,1068.25
12.75,-30.75,1048.2
13.25,-30.75,1025.79
13.75,-30.75,1001.04
14.25,-30.75,973.997
14.75,-30.75,944.729
15.25,-30.75,913.37
15.75,-30.75,880.11
16.25,-30.75,845.197
16.75,-30.75,808.935
17.25,-30.75,771.681
17.75,-30.75,733.823
18.25,-30.75,695.771
18.75,-30.75,657.924
19.25,-30.75,620.657
19.75,-30.75,584.294
20.25,-30.75,549.095
20.75,-30.75,515.243
21.25,-30.75,482.844
21.75,-30.75,451.926
22.25,-30.75,422.455
22.75,-30.75,394.35
23.25,-30.75,367.496
23.75,-30.75,341.772
24.25,-30.75,317.062
24.75,-30.75,293.271
25.25,-30.75,270.339
25.75,-30.75,248.236
26.25,-30.75,226.972
26.75,-30.75,206.581
27.25,-30.75,187.121
27.75,-30.75,168.659
28.25,-30.75,151.264
28.75,-30.75,134.998
29.25,-30.75,119.912
29.75,-30.75,106.037
30.25,-30.75,93.3873
30.75,-30.75,81.9544
31.25,-30.75,71.7118
31.75,-30.75,62.6137
32.25,-30.75,54.5984
32.75,-30.75,47.5908
33.25,-30.75,41.5062
33.75,-30.75,36.253
34.25,-30.75,31.737
34.75,-30.75,27.8647
35.25,-30.75,24.5459
35.75,-30.75,21.6958
36.25,-30.75,19.237
36.75,-30.75,17.1003
37.25,-30.75,15.2259
37.75,-30.75,13.5633
38.25,-30.75,12.0724
38.75,-30.75,10.7231
39.25,-30.75,9.49457
39.75,-30.75,8.37468
40.25,-30.75,7.35771
40.75,-30.75,6.44235
41.25,-30.75,5.6292
41.75,-30.75,4.91864
42.25,-30.75,4.30901
42.75,-30.75,3.7959
43.25,-30.75,3.37163
43.75,-30.75,3.02571
44.25,-30.75,2.74519
44.75,-30.75,2.51561
-44.75,-30.25,8.95234
-44.25,-30.25,8.9669
-43.75,-30.25,8.8787
-43.25,-30.25,8.75586
-42.75,-30.25,8.64666
-42.25,-30.25,8.56962
-41.75,-30.25,8.53442
-41.25,-30.25,8.54358
-40.75,-30.25,8.59342
-40.25,-30.25,8.67569
-39.75,-30.25,8.77959
-39.25,-30.25,8.89436
-38.75,-30.25,9.01179
-38.25,-30.25,9.12844
-37.75,-30.25,9.24732
-37.25,-30.25,9.37853
-36.75,-30.25,9.53902
-36.25,-30.25,9.75156
-35.75,-30.25,10.0433
-35.25,-30.25,10.4442
-34.75,-30.25,10.9866
-34.25,-30.25,11.7047
-33.75,-30.25,12.6349
-33.25,-30.25,13.8174
-32.75,-30.25,15.2959
-32.25,-30.25,17.1177
-31.75,-30.25,19.3318
-31.25,-30.25,21.986
-30.75,-30.25,25.1238
-30.25,-30.25,28.7809
-29.75,-30.25,32.9825
-29.25,-30.25,37.743
-28.75,-30.25,43.0665
-28.25,-30.25,48.9501
-27.75,-30.25,55.3861
-27.25,-30.25,62.3658
-26.75,-30.25,69.8825
-26.25,-30.25,77.9326
-25.75,-30.25,86.5163
-25.25,-30.25,95.6353
-24.75,-30.25,105.292
-24.25,-30.25,115.486
-23.75,-30.25,126.212
-23.25,-30.25,137.459
-22.75,-30.25,149.207
-22.25,-30.25,161.426
-21.75,-30.25,174.08
-21.25,-30.25,187.124
-20.75,-30.25,200.507
-20.25,-30.25,214.17
-19.75,-30.25,228.045
-19.25,-30.25,242.059
-18.75,-30.25,256.132
-18.25,-30.25,270.176
-17.75,-30.25,284.105
-17.25,-30.25,297.834
-16.75,-30.25,311.292
-16.25,-30.25,324.428
-15.75,-30.25,337.223
-15.25,-30.25,349.696
-14.75,-30.25,361.911
-14.25,-30.25,373.974
-13.75,-30.25,386.036
-13.25,-30.25,398.279
-12.75,-30.25,410.908
-12.25,-30.25,424.134
-11.75,-30.25,438.161
-11.25,-30.25,453.169
-10.75,-30.25,469.302
-10.25,-30.25,486.652
-9.75,-30.25,505.255
-9.25,-30.25,525.087
-8.75,-30.25,546.061
-8.25,-30.25,568.033
-7.75,-30.25,590.812
-7.25,-30.25,614.176
-6.75,-30.25,637.886
-6.25,-30.25,661.712
-5.75,-30.25,685.455
-5.25,-30.25,708.967
-4.75,-30.25,732.168
-4.25,-30.25,755.061
-3.75,-30.25,777.727
-3.25,-30.25,800.322
-2.75,-30.25,823.052
-2.25,-30.25,846.152
-1.75,-30.25,869.849
-1.25,-30.25,894.331
-0.75,-30.25,919.719
-0.25,-30.25,946.038
0.25,-30.25,973.206
0.75,-30.25,1001.03
1.25,-30.25,1029.2
1.75,-30.25,1057.34
2.25,-30.25,1085.02
2.75,-30.25,1111.76
3.25,-30.25,1137.12
3.75,-30.25,1160.68
4.25,-30.25,1182.11
4.75,-30.25,1201.13
5.25,-30.25,1217.57
5.75,-30.25,1231.33
6.25,-30.25,1242.36
6.75,-30.25,1250.69
7.25,-30.25,1256.35
7.75,-30.25,1259.4
8.25,-30.25,1259.92
8.75,-30.25,1257.94
9.25,-30.25,1253.51
9.75,-30.25,1246.64
10.25,-30.25,1237.35
10.75,-30.25,1225.62
11.25,-30.25,1211.4
11.75,-30.25,1194.67
12.25,-30.25,1175.39
12.75,-30.25,1153.5
13.25,-30.25,1129
13.75,-30.25,1101.88
14.25,-30.25,1072.21
14.75,-30.25,1040.09
15.25,-30.25,1005.69
15.75,-30.25,969.225
16.25,-30.25,931.004
16.75,-30.25,891.38
17.25,-30.25,850.756
17.75,-30.25,809.564
18.25,-30.25,768.25
18.75,-30.25,727.243
19.25,-30.25,686.936
19.75,-30.25,647.665
20.25,-30.25,609.692
20.75,-30.25,573.197
21.25,-30.25,538.276
21.75,-30.25,504.945
22.25,-30.25,473.15
22.75,-30.25,442.79
23.25,-30.25,413.731
23.75,-30.25,385.828
24.25,-30.25,358.951
24.75,-30.25,332.993
25.25,-30.25,307.881
25.75,-30.25,283.589
26.25,-30.25,260.126
26.75,-30.25,237.538
27.25,-30.25,215.892
27.75,-30.25,195.271
28.25,-30.25,175.759
28.75,-30.25,157.433
29.25,-30.25,140.356
29.75,-30.25,124.575
30.25,-30.25,110.112
30.75,-30.25,96.9687
31.25,-30.25,85.1258
31.75,-30.25,74.5421
32.25,-30.25,65.1585
32.75,-30.25,56.9005
33.25,-30.25,49.6813
33.75,-30.25,43.4052
34.25,-30.25,37.9722
34.75,-30.25,33.2815
35.25,-30.25,29.2344
35.75,-30.25,25.7377
36.25,-30.25,22.7056
36.75,-30.25,20.0615
37.25,-30.25,17.739
37.75,-30.25,15.6823
38.25,-30.25,13.8473
38.75,-30.25,12.2005
39.25,-30.25,10.7186
39.75,-30.25,9.38661
40.25,-30.25,8.19598
40.75,-30.25,7.14177
41.25,-30.25,6.22038
41.75,-30.25,5.42749
42.25,-30.25,4.75656
42.75,-30.25,4.19834
43.25,-30.25,3.74077
43.75,-30.25,3.3695
44.25,-30.25,3.06838
44.75,-30.25,2.8204
-44.75,-29.75,10.0355
-44.25,-29.75,10.0285
-43.75,-29.75,9.898
-43.25,-29.75,9.72299
-42.75,-29.75,9.56038
-42.25,-29.75,9.43259
-41.75,-29.75,9.35178
-41.25,-29.75,9.32218
-40.75,-29.75,9.34121
-40.25,-29.75,9.40129
-39.75,-29.75,9.49207
-39.25,-29.75,9.60314
-38.75,-29.75,9.72665
-38.25,-29.75,9.85972
-37.75,-29.75,10.0062
-37.25,-29.75,10.1773
-36.75,-29.75,10.3917
-36.25,-29.75,10.6746
-35.75,-29.75,11.0561
-35.25,-29.75,11.5701
-34.75,-29.75,12.2534
-34.25,-29.75,13.1462
-33.75,-29.75,14.292
-33.25,-29.75,15.7389
-32.75,-29.75,17.54
-32.25,-29.75,19.7521
-31.75,-29.75,22.434
-31.25,-29.75,25.6427
-30.75,-29.75,29.43
-30.25,-29.75,33.8378
-29.75,-29.75,38.8957
-29.25,-29.75,44.6194
-28.75,-29.75,51.012
-28.25,-29.75,58.0661
-27.75,-29.75,65.7661
-27.25,-29.75,74.0928
-26.75,-29.75,83.0254
-26.25,-29.75,92.5445
-25.75,-29.75,102.632
-25.25,-29.75,113.273
-24.75,-29.75,124.45
-24.25,-29.75,136.146
-23.75,-29.75,148.343
-23.25,-29.75,161.017
-22.75,-29.75,174.141
-22.25,-29.75,187.682
-21.75,-29.75,201.604
-21.25,-29.75,215.867
-20.75,-29.75,230.425
-20.25,-29.75,245.227
-19.75,-29.75,260.217
-19.25,-29.75,275.33
-18.75,-29.75,290.494
-18.25,-29.75,305.631
-17.75,-29.75,320.66
-17.25,-29.75,335.502
-16.75,-29.75,350.089
-16.25,-29.75,364.373
-15.75,-29.75,378.337
-15.25,-29.75,392
-14.75,-29.75,405.421
-14.25,-29.75,418.706
-13.75,-29.75,431.997
-13.25,-29.75,445.47
-12.75,-29.75,459.322
-12.25,-29.75,473.756
-11.75,-29.75,488.97
-11.25,-29.75,505.139
-10.75,-29.75,522.406
-10.25,-29.75,540.87
-9.75,-29.75,560.574
-9.25,-29.75,581.509
-8.75,-29.75,603.604
-8.25,-29.75,626.737
-7.75,-29.75,650.736
-7.25,-29.75,675.398
-6.75,-29.75,700.499
-6.25,-29.75,725.819
-5.75,-29.75,751.161
-5.25,-29.75,776.376
-4.75,-29.75,801.379
-4.25,-29.75,826.158
-3.75,-29.75,850.785
-3.25,-29.75,875.399
-2.75,-29.75,900.197
-2.25,-29.75,925.401
-1.75,-29.75,951.232
-1.25,-29.75,977.874
-0.75,-29.75,1005.44
-0.25,-29.75,1033.97
0.25,-29.75,1063.36
0.75,-29.75,1093.44
1.25,-29.75,1123.89
1.75,-29.75,1154.33
2.25,-29.75,1184.31
2.75,-29.75,1213.35
3.25,-29.75,1240.98
3.75,-29.75,1266.77
4.25,-29.75,1290.33
4.75,-29.75,1311.37
5.25,-29.75,1329.66
5.75,-29.75,1345.08
6.25,-29.75,1357.56
6.75,-29.75,1367.09
7.25,-29.75,1373.69
7.75,-29.75,1377.43
8.25,-29.75,1378.37
8.75,-29.75,1376.55
9.25,-29.75,1372.03
9.75,-29.75,1364.83
10.25,-29.75,1354.95
10.75,-29.75,1342.37
11.25,-29.75,1327.06
11.75,-29.75,1308.95
12.25,-29.75,1288.01
12.75,-29.75,1264.18
13.25,-29.75,1237.45
13.75,-29.75,1207.83
14.25,-29.75,1175.39
14.75,-29.75,1140.27
15.25,-29.75,1102.67
15.75,-29.75,1062.86
16.25,-29.75,1021.2
16.75,-29.75,978.095
17.25,-29.75,933.993
17.75,-29.75,889.374
18.25,-29.75,844.718
18.75,-29.75,800.482
19.25,-29.75,757.077
19.75,-29.75,714.848
20.25,-29.75,674.059
20.75,-29.75,634.886
21.25,-29.75,597.414
21.75,-29.75,561.645
22.25,-29.75,527.507
22.75,-29.75,494.877
23.25,-29.75,463.601
23.75,-29.75,433.514
24.25,-29.75,404.464
24.75,-29.75,376.326
25.25,-29.75,349.02
25.75,-29.75,322.51
26.25,-29.75,296.807
26.75,-29.75,271.961
27.25,-29.75,248.05
27.75,-29.75,225.17
28.25,-29.75,203.421
28.75,-29.75,182.897
29.25,-29.75,163.678
29.75,-29.75,145.824
30.25,-29.75,129.373
30.75,-29.75,114.34
31.25,-29.75,100.713
31.75,-29.75,88.4602
32.25,-29.75,77.5271
32.75,-29.75,67.8416
33.25,-29.75,59.3167
33.75,-29.75,51.8537
34.25,-29.75,45.3476
34.75,-29.75,39.6911
35.25,-29.75,34.7777
35.75,-29.75,30.5061
36.25,-29.75,26.7828
36.75,-29.75,23.5238
37.25,-29.75,20.6565
37.75,-29.75,18.1203
38.25,-29.75,15.8668
38.75,-29.75,13.8593
39.25,-29.75,12.0711
39.75,-29.75,10.484
40.25,-29.75,9.08524
40.75,-29.75,7.86505
41.25,-29.75,6.81427
41.75,-29.75,5.92252
42.25,-29.75,5.17706
42.75,-29.75,4.56283
43.25,-29.75,4.06251
43.75,-29.75,3.65737
44.25,-29.75,3.32781
44.75,-29.75,3.0543
-44.75,-29.25,11.1772
-44.25,-29.25,11.1392
-43.75,-29.25,10.9585
-43.25,-29.25,10.726
-42.75,-29.25,10.5074
-42.25,-29.25,10.3295
-41.75,-29.25,10.2071
-41.25,-29.25,10.1464
-40.75,-29.25,10.1459
-40.25,-29.25,10.1986
-39.75,-29.25,10.2947
-39.25,-29.25,10.4236
-38.75,-29.25,10.5775
-38.25,-29.25,10.7537
-37.75,-29.25,10.9564
-37.25,-29.25,11.1977
-36.75,-29.25,11.4977
-36.25,-29.25,11.8839
-35.75,-29.25,12.3898
-35.25,-29.25,13.0536
-34.75,-29.25,13.918
-34.25,-29.25,15.03
-33.75,-29.25,16.4417
-33.25,-29.25,18.2107
-32.75,-29.25,20.4004
-32.25,-29.25,23.0787
-31.75,-29.25,26.3152
-31.25,-29.25,30.177
-30.75,-29.25,34.7247
-30.25,-29.25,40.0071
-29.75,-29.25,46.0585
-29.25,-29.25,52.8963
-28.75,-29.25,60.5217
-28.25,-29.25,68.922
-27.75,-29.25,78.0719
-27.25,-29.25,87.9386
-26.75,-29.25,98.4842
-26.25,-29.25,109.669
-25.75,-29.25,121.452
-25.25,-29.25,133.794
-24.75,-29.25,146.657
-24.25,-29.25,160.002
-23.75,-29.25,173.792
-23.25,-29.25,187.991
-22.75,-29.25,202.563
-22.25,-29.25,217.473
-21.75,-29.25,232.685
-21.25,-29.25,248.167
-20.75,-29.25,263.883
-20.25,-29.25,279.793
-19.75,-29.25,295.856
-19.25,-29.25,312.02
-18.75,-29.25,328.226
-18.25,-29.25,344.408
-17.75,-29.25,360.494
-17.25,-29.25,376.417
-16.75,-29.25,392.115
-16.25,-29.25,407.547
-15.75,-29.25,422.697
-15.25,-29.25,437.583
-14.75,-29.25,452.264
-14.25,-29.25,466.837
-13.75,-29.25,481.433
-13.25,-29.25,496.215
-12.75,-29.25,511.364
-12.25,-29.25,527.068
-11.75,-29.25,543.508
-11.25,-29.25,560.852
-10.75,-29.25,579.236
-10.25,-29.25,598.761
-9.75,-29.25,619.48
-9.25,-29.25,641.402
-8.75,-29.25,664.48
-8.25,-29.25,688.62
-7.75,-29.25,713.682
-7.25,-29.25,739.493
-6.75,-29.25,765.854
-6.25,-29.25,792.567
-5.75,-29.25,819.446
-5.25,-29.25,846.346
-4.75,-29.25,873.176
-4.25,-29.25,899.912
-3.75,-29.25,926.607
-3.25,-29.25,953.38
-2.75,-29.25,980.402
-2.25,-29.25,1007.87
-1.75,-29.25,1036
-1.25,-29.25,1064.94
-0.75,-29.25,1094.81
-0.25,-29.25,1125.63
0.25,-29.25,1157.32
0.75,-29.25,1189.67
1.25,-29.25,1222.41
1.75,-29.25,1255.14
2.25,-29.25,1287.41
2.75,-29.25,1318.74
3.25,-29.25,1348.66
3.75,-29.25,1376.69
4.25,-29.25,1402.45
4.75,-29.25,1425.59
5.25,-29.25,1445.85
5.75,-29.25,1463.08
6.25,-29.25,1477.15
6.75,-29.25,1488.05
7.25,-29.25,1495.77
7.75,-29.25,1500.34
8.25,-29.25,1501.84
8.75,-29.25,1500.29
9.25,-29.25,1495.76
9.75,-29.25,1488.26
10.25,-29.25,1477.81
10.75,-29.25,1464.36
11.25,-29.25,1447.89
11.75,-29.25,1428.34
12.25,-29.25,1405.65
12.75,-29.25,1379.77
13.25,-29.25,1350.68
13.75,-29.25,1318.42
14.25,-29.25,1283.08
14.75,-29.25,1244.83
15.25,-29.25,1203.9
15.75,-29.25,1160.65
16.25,-29.25,1115.45
16.75,-29.25,1068.78
17.25,-29.25,1021.13
17.75,-29.25,973.03
18.25,-29.25,924.992
18.75,-29.25,877.497
19.25,-29.25,830.972
19.75,-29.25,785.769
20.25,-29.25,742.153
20.75,-29.25,700.294
21.25,-29.25,660.265
21.75,-29.25,622.053
22.25,-29.25,585.569
22.75,-29.25,550.67
23.25,-29.25,517.18
23.75,-29.25,484.91
24.25,-29.25,453.688
24.75,-29.25,423.371
25.25,-29.25,393.862
25.75,-29.25,365.116
26.25,-29.25,337.14
26.75,-29.25,309.985
27.25,-29.25,283.737
27.75,-29.25,258.504
28.25,-29.25,234.402
28.75,-29.25,211.543
29.25,-29.25,190.026
29.75,-29.25,169.931
30.25,-29.25,151.312
30.75,-29.25,134.2
31.25,-29.25,118.599
31.75,-29.25,104.485
32.25,-29.25,91.8117
32.75,-29.25,80.5124
33.25,-29.25,70.5011
33.75,-29.25,61.6776
34.25,-29.25,53.9331
34.75,-29.25,47.1545
35.25,-29.25,41.2285
35.75,-29.25,36.0464
36.25,-29.25,31.5073
36.75,-29.25,27.5206
37.25,-29.25,24.0078
37.75,-29.25,20.9034
38.25,-29.25,18.155
38.75,-29.25,15.7218
39.25,-29.25,13.5736
39.75,-29.25,11.6874
40.25,-29.25,10.0451
40.75,-29.25,8.63076
41.25,-29.25,7.42808
41.75,-29.25,6.41927
42.25,-29.25,5.58422
42.75,-29.25,4.90104
43.25,-29.25,4.34649
43.75,-29.25,3.89704
44.25,-29.25,3.52954
44.75,-29.25,3.22202
-44.75,-28.75,12.2913
-44.25,-28.75,12.2125
-43.75,-28.75,11.9772
-43.25,-28.75,11.6877
-42.75,-28.75,11.4181
-42.25,-28.75,11.199
-41.75,-28.75,11.0479
-41.25,-28.75,10.9723
-40.75,-28.75,10.9719
-40.25,-28.75,11.0402
-39.75,-28.75,11.1672
-39.25,-28.75,11.3425
-38.75,-28.75,11.5581
-38.25,-28.75,11.811
-37.75,-28.75,12.1055
-37.25,-28.75,12.4544
-36.75,-28.75,12.8794
-36.25,-28.75,13.4102
-35.75,-28.75,14.0842
-35.25,-28.75,14.9448
-34.75,-28.75,16.0414
-34.25,-28.75,17.4292
-33.75,-28.75,19.1699
-33.25,-28.75,21.3322
-32.75,-28.75,23.9908
-32.25,-28.75,27.2257
-31.75,-28.75,31.1179
-31.25,-28.75,35.7453
-30.75,-28.75,41.1778
-30.25,-28.75,47.4717
-29.75,-28.75,54.6661
-29.25,-28.75,62.7801
-28.75,-28.75,71.8131
-28.25,-28.75,81.7459
-27.75,-28.75,92.542
-27.25,-28.75,104.153
-26.75,-28.75,116.519
-26.25,-28.75,129.577
-25.75,-28.75,143.258
-25.25,-28.75,157.495
-24.75,-28.75,172.221
-24.25,-28.75,187.373
-23.75,-28.75,202.892
-23.25,-28.75,218.726
-22.75,-28.75,234.828
-22.25,-28.75,251.16
-21.75,-28.75,267.691
-21.25,-28.75,284.395
-20.75,-28.75,301.249
-20.25,-28.75,318.231
-19.75,-28.75,335.314
-19.25,-28.75,352.466
-18.75,-28.75,369.646
-18.25,-28.75,386.803
-17.75,-28.75,403.882
-17.25,-28.75,420.829
-16.75,-28.75,437.594
-16.25,-28.75,454.145
-15.75,-28.75,470.472
-15.25,-28.75,486.594
-14.75,-28.75,502.566
-14.25,-28.75,518.474
-13.75,-28.75,534.436
-13.25,-28.75,550.593
-12.75,-28.75,567.103
-12.25,-28.75,584.13
-11.75,-28.75,601.835
-11.25,-28.75,620.365
-10.75,-28.75,639.847
-10.25,-28.75,660.382
-9.75,-28.75,682.034
-9.25,-28.75,704.829
-8.75,-28.75,728.753
-8.25,-28.75,753.75
-7.75,-28.75,779.72
-7.25,-28.75,806.53
-6.75,-28.75,834.021
-6.25,-28.75,862.025
-5.75,-28.75,890.376
-5.25,-28.75,918.939
-4.75,-28.75,947.62
-4.25,-28.75,976.383
-3.75,-28.75,1005.26
-3.25,-28.75,1034.33
-2.75,-28.75,1063.74
-2.25,-28.75,1093.65
-1.75,-28.75,1124.23
-1.25,-28.75,1155.64
-0.75,-28.75,1187.94
-0.25,-28.75,1221.15
0.25,-28.75,1255.19
0.75,-28.75,1289.87
1.25,-28.75,1324.89
1.75,-28.75,1359.89
2.25,-28.75,1394.43
2.75,-28.75,1428.04
3.25,-28.75,1460.22
3.75,-28.75,1490.51
4.25,-28.75,1518.48
4.75,-28.75,1543.77
5.25,-28.75,1566.09
5.75,-28.75,1585.22
6.25,-28.75,1601.02
6.75,-28.75,1613.41
7.25,-28.75,1622.36
7.75,-28.75,1627.89
8.25,-28.75,1630.03
8.75,-28.75,1628.82
9.25,-28.75,1624.32
9.75,-28.75,1616.53
10.25,-28.75,1605.46
10.75,-28.75,1591.1
11.25,-28.75,1573.39
11.75,-28.75,1552.28
12.25,-28.75,1527.72
12.75,-28.75,1499.66
13.25,-28.75,1468.09
13.75,-28.75,1433.07
14.25,-28.75,1394.71
14.75,-28.75,1353.22
15.25,-28.75,1308.9
15.75,-28.75,1262.12
16.25,-28.75,1213.35
16.75,-28.75,1163.09
17.25,-28.75,1111.89
17.75,-28.75,1060.32
18.25,-28.75,1008.92
18.75,-28.75,958.189
19.25,-28.75,908.576
19.75,-28.75,860.432
20.25,-28.75,814.019
20.75,-28.75,769.497
21.25,-28.75,726.931
21.75,-28.75,686.29
22.25,-28.75,647.469
22.75,-28.75,610.304
23.25,-28.75,574.598
23.75,-28.75,540.143
24.25,-28.75,506.741
24.75,-28.75,474.232
25.25,-28.75,442.501
25.75,-28.75,411.489
26.25,-28.75,381.197
26.75,-28.75,351.674
27.25,-28.75,323.012
27.75,-28.75,295.33
28.25,-28.75,268.759
28.75,-28.75,243.43
29.25,-28.75,219.463
29.75,-28.75,196.959
30.25,-28.75,175.995
30.75,-28.75,156.62
31.25,-28.75,138.853
31.75,-28.75,122.685
32.25,-28.75,108.081
32.75,-28.75,94.9796
33.25,-28.75,83.298
33.75,-28.75,72.9365
34.25,-28.75,63.7839
34.75,-28.75,55.7225
35.25,-28.75,48.6332
35.75,-28.75,42.4009
36.25,-28.75,36.9181
36.75,-28.75,32.0882
37.25,-28.75,27.8274
37.75,-28.75,24.0653
38.25,-28.75,20.7451
38.75,-28.75,17.8215
39.25,-28.75,15.2594
39.75,-28.75,13.03
40.25,-28.75,11.1085
40.75,-28.75,9.47089
41.25,-28.75,8.09258
41.75,-28.75,6.94704
42.25,-28.75,6.00568
42.75,-28.75,5.23899
43.25,-28.75,4.61727
43.75,-28.75,4.11197
44.25,-28.75,3.69631
44.75,-28.75,3.34606
-44.75,-28.25,13.283
-44.25,-28.25,13.1551
-43.75,-28.25,12.8654
-43.25,-28.25,12.5267
-42.75,-28.25,12.2195
-42.25,-28.25,11.977
-41.75,-28.25,11.8185
-41.25,-28.25,11.7524
-40.75,-28.25,11.779
-40.25,-28.25,11.892
-39.75,-28.25,12.0815
-39.25,-28.25,12.3371
-38.75,-28.25,12.6505
-38.25,-28.25,13.0188
-37.75,-28.25,13.4465
-37.25,-28.25,13.9471
-36.75,-28.25,14.5439
-36.25,-28.25,15.2696
-35.75,-28.25,16.1656
-35.25,-28.25,17.2815
-34.75,-28.25,18.6742
-34.25,-28.25,20.4084
-33.75,-28.25,22.5566
-33.25,-28.25,25.1991
-32.75,-28.25,28.4235
-32.25,-28.25,32.3219
-31.75,-28.25,36.9876
-31.25,-28.25,42.5093
-30.75,-28.25,48.9667
-30.25,-28.25,56.4235
-29.75,-28.25,64.9238
-29.25,-28.25,74.4885
-28.75,-28.25,85.1144
-28.25,-28.25,96.7752
-27.75,-28.25,109.422
-27.25,-28.25,122.988
-26.75,-28.25,137.39
-26.25,-28.25,152.536
-25.75,-28.25,168.326
-25.25,-28.25,184.659
-24.75,-28.25,201.436
-24.25,-28.25,218.564
-23.75,-28.25,235.957
-23.25,-28.25,253.545
-22.75,-28.25,271.27
-22.25,-28.25,289.088
-21.75,-28.25,306.972
-21.25,-28.25,324.906
-20.75,-28.25,342.881
-20.25,-28.25,360.894
-19.75,-28.25,378.939
-19.25,-28.25,397.007
-18.75,-28.25,415.077
-18.25,-28.25,433.123
-17.75,-28.25,451.11
-17.25,-28.25,469.002
-16.75,-28.25,486.767
-16.25,-28.25,504.385
-15.75,-28.25,521.857
-15.25,-28.25,539.203
-14.75,-28.25,556.474
-14.25,-28.25,573.744
-13.75,-28.25,591.112
-13.25,-28.25,608.693
-12.75,-28.25,626.616
-12.25,-28.25,645.012
-11.75,-28.25,664.011
-11.25,-28.25,683.739
-10.75,-28.25,704.306
-10.25,-28.25,725.808
-9.75,-28.25,748.32
-9.25,-28.25,771.892
-8.75,-28.25,796.545
-8.25,-28.25,822.265
-7.75,-28.25,849.006
-7.25,-28.25,876.683
-6.75,-28.25,905.189
-6.25,-28.25,934.391
-5.75,-28.25,964.158
-5.25,-28.25,994.366
-4.75,-28.25,1024.92
-4.25,-28.25,1055.78
-3.75,-28.25,1086.94
-3.25,-28.25,1118.44
-2.75,-28.25,1150.4
-2.25,-28.25,1182.93
-1.75,-28.25,1216.15
-1.25,-28.25,1250.17
-0.75,-28.25,1285.04
-0.25,-28.25,1320.77
0.25,-28.25,1357.24
0.75,-28.25,1394.28
1.25,-28.25,1431.61
1.75,-28.25,1468.87
2.25,-28.25,1505.65
2.75,-28.25,1541.49
3.25,-28.25,1575.91
3.75,-28.25,1608.44
4.25,-28.25,1638.63
4.75,-28.25,1666.1
5.25,-28.25,1690.52
5.75,-28.25,1711.62
6.25,-28.25,1729.21
6.75,-28.25,1743.17
7.25,-28.25,1753.42
7.75,-28.25,1759.95
8.25,-28.25,1762.77
8.75,-28.25,1761.91
9.25,-28.25,1757.4
9.75,-28.25,1749.26
10.25,-28.25,1737.5
10.75,-28.25,1722.09
11.25,-28.25,1703.01
11.75,-28.25,1680.2
12.25,-28.25,1653.62
12.75,-28.25,1623.22
13.25,-28.25,1589.03
13.75,-28.25,1551.13
14.25,-28.25,1509.66
14.75,-28.25,1464.88
15.25,-28.25,1417.12
15.75,-28.25,1366.82
16.25,-28.25,1314.49
16.75,-28.25,1260.69
17.25,-28.25,1206.01
17.75,-28.25,1151.06
18.25,-28.25,1096.39
18.75,-28.25,1042.53
19.25,-28.25,989.926
19.75,-28.25,938.929
20.25,-28.25,889.795
20.75,-28.25,842.674
21.25,-28.25,797.615
21.75,-28.25,754.573
22.25,-28.25,713.424
22.75,-28.25,673.988
23.25,-28.25,636.048
23.75,-28.25,599.375
24.25,-28.25,563.754
24.75,-28.25,529.004
25.25,-28.25,494.995
25.75,-28.25,461.655
26.25,-28.25,428.975
26.75,-28.25,397.003
27.25,-28.25,365.835
27.75,-28.25,335.598
28.25,-28.25,306.438
28.75,-28.25,278.507
29.25,-28.25,251.946
29.75,-28.25,226.879
30.25,-28.25,203.405
30.75,-28.25,181.594
31.25,-28.25,161.485
31.75,-28.25,143.084
32.25,-28.25,126.367
32.75,-28.25,111.282
33.25,-28.25,97.7513
33.75,-28.25,85.6773
34.25,-28.25,74.9478
34.75,-28.25,65.4426
35.25,-28.25,57.0382
35.75,-28.25,49.6146
36.25,-28.25,43.059
36.75,-28.25,37.2697
37.25,-28.25,32.1579
37.75,-28.25,27.6487
38.25,-28.25,23.6802
38.75,-28.25,20.202
39.25,-28.25,17.1725
39.75,-28.25,14.5558
40.25,-28.25,12.3186
40.75,-28.25,10.4277
41.25,-28.25,8.84853
41.75,-28.25,7.54474
42.25,-28.25,6.47847
42.75,-28.25,5.612
43.25,-28.25,4.90886
43.75,-28.25,4.33536
44.25,-28.25,3.86115
44.75,-28.25,3.45981
-44.75,-27.75,14.0783
-44.25,-27.75,13.8954
-43.75,-27.75,13.5564
-43.25,-27.75,13.1819
-42.75,-27.75,12.8565
-42.25,-27.75,12.6143
-41.75,-27.75,12.4748
-41.25,-27.75,12.447
-40.75,-27.75,12.5309
-40.25,-27.75,12.7205
-39.75,-27.75,13.0063
-39.25,-27.75,13.3781
-38.75,-27.75,13.828
-38.25,-27.75,14.3534
-37.75,-27.75,14.9596
-37.25,-27.75,15.6612
-36.75,-27.75,16.4837
-36.25,-27.75,17.463
-35.75,-27.75,18.6457
-35.25,-27.75,20.0877
-34.75,-27.75,21.8548
-34.25,-27.75,24.0219
-33.75,-27.75,26.673
-33.25,-27.75,29.9012
-32.75,-27.75,33.807
-32.25,-27.75,38.4954
-31.75,-27.75,44.0716
-31.25,-27.75,50.6354
-30.75,-27.75,58.2756
-30.25,-27.75,67.0632
-29.75,-27.75,77.0469
-29.25,-27.75,88.2485
-28.75,-27.75,100.662
-28.25,-27.75,114.253
-27.75,-27.75,128.959
-27.25,-27.75,144.692
-26.75,-27.75,161.345
-26.25,-27.75,178.792
-25.75,-27.75,196.901
-25.25,-27.75,215.532
-24.75,-27.75,234.549
-24.25,-27.75,253.824
-23.75,-27.75,273.243
-23.25,-27.75,292.713
-22.75,-27.75,312.159
-22.25,-27.75,331.536
-21.75,-27.75,350.815
-21.25,-27.75,369.991
-20.75,-27.75,389.074
-20.25,-27.75,408.08
-19.75,-27.75,427.029
-19.25,-27.75,445.936
-18.75,-27.75,464.811
-18.25,-27.75,483.651
-17.75,-27.75,502.45
-17.25,-27.75,521.196
-16.75,-27.75,539.88
-16.25,-27.75,558.498
-15.75,-27.75,577.062
-15.25,-27.75,595.601
-14.75,-27.75,614.158
-14.25,-27.75,632.796
-13.75,-27.75,651.591
-13.25,-27.75,670.628
-12.75,-27.75,689.999
-12.25,-27.75,709.798
-11.75,-27.75,730.119
-11.25,-27.75,751.056
-10.75,-27.75,772.701
-10.25,-27.75,795.142
-9.75,-27.75,818.465
-9.25,-27.75,842.744
-8.75,-27.75,868.037
-8.25,-27.75,894.383
-7.75,-27.75,921.791
-7.25,-27.75,950.238
-6.75,-27.75,979.67
-6.25,-27.75,1010
-5.75,-27.75,1041.15
-5.25,-27.75,1072.99
-4.75,-27.75,1105.45
-4.25,-27.75,1138.47
-3.75,-27.75,1172.01
-3.25,-27.75,1206.09
-2.75,-27.75,1240.75
-2.25,-27.75,1276.06
-1.75,-27.75,1312.08
-1.25,-27.75,1348.88
-0.75,-27.75,1386.48
-0.25,-27.75,1424.83
0.25,-27.75,1463.82
0.75,-27.75,1503.29
1.25,-27.75,1542.95
1.75,-27.75,1582.48
2.25,-27.75,1621.48
2.75,-27.75,1659.53
3.25,-27.75,1696.15
3.75,-27.75,1730.88
4.25,-27.75,1763.28
4.75,-27.75,1792.92
5.25,-27.75,1819.45
5.75,-27.75,1842.53
6.25,-27.75,1861.94
6.75,-27.75,1877.48
7.25,-27.75,1889.05
7.75,-27.75,1896.57
8.25,-27.75,1900.04
8.75,-27.75,1899.45
9.25,-27.75,1894.83
9.75,-27.75,1886.2
10.25,-27.75,1873.58
10.75,-27.75,1856.95
11.25,-27.75,1836.3
11.75,-27.75,1811.58
12.25,-27.75,1782.77
12.75,-27.75,1749.86
13.25,-27.75,1712.89
13.75,-27.75,1671.98
14.25,-27.75,1627.33
14.75,-27.75,1579.21
15.25,-27.75,1528.04
15.75,-27.75,1474.28
16.25,-27.75,1418.5
16.75,-27.75,1361.29
17.25,-27.75,1303.29
17.75,-27.75,1245.12
18.25,-27.75,1187.37
18.75,-27.75,1130.56
19.25,-27.75,1075.13
19.75,-27.75,1021.42
20.25,-27.75,969.695
20.75,-27.75,920.07
21.25,-27.75,872.584
21.75,-27.75,827.174
22.25,-27.75,783.701
22.75,-27.75,741.966
23.25,-27.75,701.739
23.75,-27.75,662.774
24.25,-27.75,624.843
24.75,-27.75,587.749
25.25,-27.75,551.35
25.75,-27.75,515.566
26.25,-27.75,480.381
26.75,-27.75,445.842
27.25,-27.75,412.048
27.75,-27.75,379.136
28.25,-27.75,347.266
28.75,-27.75,316.608
29.25,-27.75,287.324
29.75,-27.75,259.56
30.25,-27.75,233.437
30.75,-27.75,209.046
31.25,-27.75,186.444
31.75,-27.75,165.654
32.25,-27.75,146.665
32.75,-27.75,129.434
33.25,-27.75,113.89
33.75,-27.75,99.9389
34.25,-27.75,87.4709
34.75,-27.75,76.3648
35.25,-27.75,66.4955
35.75,-27.75,57.74
36.25,-27.75,49.9824
36.75,-27.75,43.1172
37.25,-27.75,37.0515
37.75,-27.75,31.7057
38.25,-27.75,27.0126
38.75,-27.75,22.9154
39.25,-27.75,19.3648
39.75,-27.75,16.316
40.25,-27.75,13.7256
40.75,-27.75,11.5493
41.25,-27.75,9.74169
41.75,-27.75,8.2556
42.25,-27.75,7.04331
42.75,-27.75,6.0586
43.25,-27.75,5.25815
43.75,-27.75,4.60311
44.25,-27.75,4.05959
44.75,-27.75,3.59897
-44.75,-27.25,14.647
-44.25,-27.25,14.4064
-43.75,-27.25,14.0262
-43.25,-27.25,13.6321
-42.75,-27.25,13.3094
-42.25,-27.25,13.0918
-41.75,-27.25,12.9978
-41.25,-27.25,13.0356
-40.75,-27.25,13.2053
-40.25,-27.25,13.5014
-39.75,-27.25,13.915
-39.25,-27.25,14.437
-38.75,-27.25,15.0607
-38.25,-27.25,15.7849
-37.75,-27.25,16.6161
-37.25,-27.25,17.5713
-36.75,-27.25,18.6785
-36.25,-27.25,19.9779
-35.75,-27.25,21.5217
-35.25,-27.25,23.3734
-34.75,-27.25,25.6079
-34.25,-27.25,28.3112
-33.75,-27.25,31.5797
-33.25,-27.25,35.5194
-32.75,-27.25,40.2439
-32.25,-27.25,45.8709
-31.75,-27.25,52.5172
-31.25,-27.25,60.2925
-30.75,-27.25,69.2939
-30.25,-27.25,79.5986
-29.75,-27.25,91.2582
-29.25,-27.25,104.295
-28.75,-27.25,118.697
-28.25,-27.25,134.423
-27.75,-27.25,151.394
-27.25,-27.25,169.501
-26.75,-27.25,188.608
-26.25,-27.25,208.56
-25.75,-27.25,229.183
-25.25,-27.25,250.3
-24.75,-27.25,271.733
-24.25,-27.25,293.318
-23.75,-27.25,314.908
-23.25,-27.25,336.383
-22.75,-27.25,357.652
-22.25,-27.25,378.66
-21.75,-27.25,399.382
-21.25,-27.25,419.823
-20.75,-27.25,440.009
-20.25,-27.25,459.979
-19.75,-27.25,479.782
-19.25,-27.25,499.462
-18.75,-27.25,519.061
-18.25,-27.25,538.609
-17.75,-27.25,558.13
-17.25,-27.25,577.642
-16.75,-27.25,597.162
-16.25,-27.25,616.71
-15.75,-27.25,636.311
-15.25,-27.25,655.999
-14.75,-27.25,675.818
-14.25,-27.25,695.814
-13.75,-27.25,716.039
-13.25,-27.25,736.547
-12.75,-27.25,757.387
-12.25,-27.25,778.613
-11.75,-27.25,800.276
-11.25,-27.25,822.437
-10.75,-27.25,845.164
-10.25,-27.25,868.537
-9.75,-27.25,892.649
-9.25,-27.25,917.6
-8.75,-27.25,943.49
-8.25,-27.25,970.409
-7.75,-27.25,998.429
-7.25,-27.25,1027.59
-6.75,-27.25,1057.9
-6.25,-27.25,1089.34
-5.75,-27.25,1121.84
-5.25,-27.25,1155.34
-4.75,-27.25,1189.74
-4.25,-27.25,1224.99
-3.75,-27.25,1261.01
-3.25,-27.25,1297.78
-2.75,-27.25,1335.28
-2.25,-27.25,1373.53
-1.75,-27.25,1412.52
-1.25,-27.25,1452.26
-0.75,-27.25,1492.72
-0.25,-27.25,1533.82
0.25,-27.25,1575.44
0.75,-27.25,1617.39
1.25,-27.25,1659.43
1.75,-27.25,1701.24
2.25,-27.25,1742.46
2.75,-27.25,1782.69
3.25,-27.25,1821.48
3.75,-27.25,1858.38
4.25,-27.25,1892.94
4.75,-27.25,1924.72
5.25,-27.25,1953.32
5.75,-27.25,1978.37
6.25,-27.25,1999.57
6.75,-27.25,2016.67
7.25,-27.25,2029.49
7.75,-27.25,2037.94
8.25,-27.25,2041.94
8.75,-27.25,2041.49
9.25,-27.25,2036.59
9.75,-27.25,2027.27
10.25,-27.25,2013.55
10.75,-27.25,1995.43
11.25,-27.25,1972.93
11.75,-27.25,1946.03
12.25,-27.25,1914.74
12.75,-27.25,1879.1
13.25,-27.25,1839.18
13.75,-27.25,1795.14
14.25,-27.25,1747.23
14.75,-27.25,1695.79
15.25,-27.25,1641.26
15.75,-27.25,1584.16
16.25,-27.25,1525.09
16.75,-27.25,1464.69
17.25,-27.25,1403.6
17.75,-27.25,1342.47
18.25,-27.25,1281.88
18.75,-27.25,1222.36
19.25,-27.25,1164.33
19.75,-27.25,1108.12
20.25,-27.25,1053.96
20.75,-27.25,1001.95
21.25,-27.25,952.115
21.75,-27.25,904.369
22.25,-27.25,858.556
22.75,-27.25,814.465
23.25,-27.25,771.854
23.75,-27.25,730.47
24.25,-27.25,690.074
24.75,-27.25,650.467
25.25,-27.25,611.501
25.75,-27.25,573.095
26.25,-27.25,535.232
26.75,-27.25,497.962
27.25,-27.25,461.39
27.75,-27.25,425.665
28.25,-27.25,390.96
28.75,-27.25,357.46
29.25,-27.25,325.345
29.75,-27.25,294.78
30.25,-27.25,265.904
30.75,-27.25,238.827
31.25,-27.25,213.622
31.75,-27.25,190.325
32.25,-27.25,168.937
32.75,-27.25,149.426
33.25,-27.25,131.727
33.75,-27.25,115.753
34.25,-27.25,101.397
34.75,-27.25,88.5412
35.25,-27.25,77.0621
35.75,-27.25,66.8369
36.25,-27.25,57.7489
36.75,-27.25,49.6911
37.25,-27.25,42.5677
37.75,-27.25,36.2951
38.25,-27.25,30.8002
38.75,-27.25,26.0186
39.25,-27.25,21.8918
39.75,-27.25,18.3642
40.25,-27.25,15.3804
40.75,-27.25,12.8839
41.25,-27.25,10.8172
41.75,-27.25,9.12146
42.25,-27.25,7.73898
42.75,-27.25,6.61493
43.25,-27.25,5.69919
43.75,-27.25,4.94778
44.25,-27.25,4.32318
44.75,-27.25,3.79432
-44.75,-26.75,15.0116
-44.25,-26.75,14.7145
-43.75,-26.75,14.3025
-43.25,-26.75,13.9036
-42.75,-26.75,13.6017
-42.25,-26.75,13.4282
-41.75,-26.75,13.4
-41.25,-26.75,13.5245
-40.75,-26.75,13.8017
-40.25,-26.75,14.227
-39.75,-26.75,14.7934
-39.25,-26.75,15.4936
-38.75,-26.75,16.3235
-38.25,-26.75,17.2841
-37.75,-26.75,18.385
-37.25,-26.75,19.646
-36.75,-26.75,21.0995
-36.25,-26.75,22.7906
-35.75,-26.75,24.7781
-35.25,-26.75,27.1341
-34.75,-26.75,29.9434
-34.25,-26.75,33.3036
-33.75,-26.75,37.3237
-33.25,-26.75,42.1228
-32.75,-26.75,47.8272
-32.25,-26.75,54.5663
-31.75,-26.75,62.4672
-31.25,-26.75,71.6479
-30.75,-26.75,82.2116
-30.25,-26.75,94.2391
-29.75,-26.75,107.783
-29.25,-26.75,122.862
-28.75,-26.75,139.46
-28.25,-26.75,157.522
-27.75,-26.75,176.953
-27.25,-26.75,197.624
-26.75,-26.75,219.37
-26.25,-26.75,242
-25.75,-26.75,265.305
-25.25,-26.75,289.065
-24.75,-26.75,313.064
-24.25,-26.75,337.095
-23.75,-26.75,360.978
-23.25,-26.75,384.564
-22.75,-26.75,407.745
-22.25,-26.75,430.454
-21.75,-26.75,452.668
-21.25,-26.75,474.401
-20.75,-26.75,495.696
-20.25,-26.75,516.618
-19.75,-26.75,537.244
-19.25,-26.75,557.654
-18.75,-26.75,577.921
-18.25,-26.75,598.115
-17.75,-26.75,618.292
-17.25,-26.75,638.505
-16.75,-26.75,658.8
-16.25,-26.75,679.222
-15.75,-26.75,699.812
-15.25,-26.75,720.614
-14.75,-26.75,741.667
-14.25,-26.75,763.006
-13.75,-26.75,784.657
-13.25,-26.75,806.638
-12.75,-26.75,828.959
-12.25,-26.75,851.626
-11.75,-26.75,874.651
-11.25,-26.75,898.055
-10.75,-26.75,921.883
-10.25,-26.75,946.204
-9.75,-26.75,971.118
-9.25,-26.75,996.75
-8.75,-26.75,1023.24
-8.25,-26.75,1050.73
-7.75,-26.75,1079.37
-7.25,-26.75,1109.25
-6.75,-26.75,1140.44
-6.25,-26.75,1172.99
-5.75,-26.75,1206.88
-5.25,-26.75,1242.06
-4.75,-26.75,1278.46
-4.25,-26.75,1316
-3.75,-26.75,1354.6
-3.25,-26.75,1394.17
-2.75,-26.75,1434.64
-2.25,-26.75,1475.96
-1.75,-26.75,1518.07
-1.25,-26.75,1560.89
-0.75,-26.75,1604.35
-0.25,-26.75,1648.32
0.25,-26.75,1692.66
0.75,-26.75,1737.18
1.25,-26.75,1781.64
1.75,-26.75,1825.76
2.25,-26.75,1869.19
2.75,-26.75,1911.57
3.25,-26.75,1952.49
3.75,-26.75,1991.52
4.25,-26.75,2028.19
4.75,-26.75,2062.06
5.25,-26.75,2092.67
5.75,-26.75,2119.62
6.25,-26.75,2142.54
6.75,-26.75,2161.12
7.25,-26.75,2175.11
7.75,-26.75,2184.35
8.25,-26.75,2188.73
8.75,-26.75,2188.22
9.25,-26.75,2182.81
9.75,-26.75,2172.52
10.25,-26.75,2157.4
10.75,-26.75,2137.48
11.25,-26.75,2112.8
11.75,-26.75,2083.4
12.25,-26.75,2049.34
12.75,-26.75,2010.7
13.25,-26.75,1967.63
13.75,-26.75,1920.33
14.25,-26.75,1869.11
14.75,-26.75,1814.36
15.25,-26.75,1756.56
15.75,-26.75,1696.28
16.25,-26.75,1634.14
16.75,-26.75,1570.8
17.25,-26.75,1506.92
17.75,-26.75,1443.13
18.25,-26.75,1380.01
18.75,-26.75,1318.06
19.25,-26.75,1257.69
19.75,-26.75,1199.2
20.25,-26.75,1142.79
20.75,-26.75,1088.54
21.25,-26.75,1036.43
21.75,-26.75,986.364
22.25,-26.75,938.172
22.75,-26.75,891.631
23.25,-26.75,846.492
23.75,-26.75,802.502
24.25,-26.75,759.427
24.75,-26.75,717.07
25.25,-26.75,675.294
25.75,-26.75,634.024
26.25,-26.75,593.255
26.75,-26.75,553.048
27.25,-26.75,513.518
27.75,-26.75,474.826
28.25,-26.75,437.159
28.75,-26.75,400.713
29.25,-26.75,365.684
29.75,-26.75,332.249
30.25,-26.75,300.559
30.75,-26.75,270.735
31.25,-26.75,242.861
31.75,-26.75,216.983
32.25,-26.75,193.11
32.75,-26.75,171.219
33.25,-26.75,151.254
33.75,-26.75,133.133
34.25,-26.75,116.758
34.75,-26.75,102.017
35.25,-26.75,88.7914
35.75,-26.75,76.9632
36.25,-26.75,66.4188
36.75,-26.75,57.0524
37.25,-26.75,48.7672
37.75,-26.75,41.4763
38.25,-26.75,35.1004
38.75,-26.75,29.5668
39.25,-26.75,24.806
39.75,-26.75,20.7497
40.25,-26.75,17.3291
40.75,-26.75,14.4741
41.25,-26.75,12.1138
41.75,-26.75,10.1778
42.25,-26.75,8.59776
42.75,-26.75,7.31051
43.25,-26.75,6.25914
43.75,-26.75,5.39456
44.25,-26.75,4.67537
44.75,-26.75,4.06758
-44.75,-26.25,15.2411
-44.25,-26.25,14.8925
-43.75,-26.25,14.4578
-43.25,-26.25,14.0649
-42.75,-26.25,13.7952
-42.25,-26.25,13.6772
-41.75,-26.25,13.7259
-41.25,-26.25,13.9479
-40.75,-26.25,14.3441
-40.25,-26.25,14.9114
-39.75,-26.25,15.6456
-39.25,-26.25,16.5429
-38.75,-26.25,17.6028
-38.25,-26.25,18.8304
-37.75,-26.25,20.2397
-37.25,-26.25,21.8555
-36.75,-26.25,23.7156
-36.25,-26.25,25.8719
-35.75,-26.25,28.3911
-35.25,-26.25,31.3547
-34.75,-26.25,34.8586
-34.25,-26.25,39.0125
-33.75,-26.25,43.9381
-33.25,-26.25,49.767
-32.75,-26.25,56.6373
-32.25,-26.25,64.6885
-31.75,-26.25,74.0553
-31.25,-26.25,84.8613
-30.75,-26.25,97.2121
-30.25,-26.25,111.188
-29.75,-26.25,126.839
-29.25,-26.25,144.177
-28.75,-26.25,163.176
-28.25,-26.25,183.767
-27.75,-26.25,205.838
-27.25,-26.25,229.236
-26.75,-26.25,253.769
-26.25,-26.25,279.212
-25.75,-26.25,305.321
-25.25,-26.25,331.836
-24.75,-26.25,358.499
-24.25,-26.25,385.067
-23.75,-26.25,411.325
-23.25,-26.25,437.096
-22.75,-26.25,462.251
-22.25,-26.25,486.714
-21.75,-26.25,510.462
-21.25,-26.25,533.517
-20.75,-26.25,555.941
-20.25,-26.25,577.824
-19.75,-26.25,599.275
-19.25,-26.25,620.406
-18.75,-26.25,641.329
-18.25,-26.25,662.149
-17.75,-26.25,682.963
-17.25,-26.25,703.856
-16.75,-26.25,724.905
-16.25,-26.25,746.181
-15.75,-26.25,767.744
-15.25,-26.25,789.644
-14.75,-26.25,811.92
-14.25,-26.25,834.593
-13.75,-26.25,857.666
-13.25,-26.25,881.122
-12.75,-26.25,904.93
-12.25,-26.25,929.054
-11.75,-26.25,953.46
-11.25,-26.25,978.137
-10.75,-26.25,1003.1
-10.25,-26.25,1028.41
-9.75,-26.25,1054.18
-9.25,-26.25,1080.54
-8.75,-26.25,1107.69
-8.25,-26.25,1135.82
-7.75,-26.25,1165.13
-7.25,-26.25,1195.78
-6.75,-26.25,1227.92
-6.25,-26.25,1261.64
-5.75,-26.25,1296.97
-5.25,-26.25,1333.9
-4.75,-26.25,1372.36
-4.25,-26.25,1412.28
-3.75,-26.25,1453.54
-3.25,-26.25,1496.01
-2.75,-26.25,1539.57
-2.25,-26.25,1584.08
-1.75,-26.25,1629.42
-1.25,-26.25,1675.45
-0.75,-26.25,1722.02
-0.25,-26.25,1768.97
0.25,-26.25,1816.12
0.75,-26.25,1863.28
1.25,-26.25,1910.2
1.75,-26.25,1956.64
2.25,-26.25,2002.28
2.75,-26.25,2046.79
3.25,-26.25,2089.79
3.75,-26.25,2130.88
4.25,-26.25,2169.59
4.75,-26.25,2205.47
5.25,-26.25,2238.02
5.75,-26.25,2266.78
6.25,-26.25,2291.33
6.75,-26.25,2311.27
7.25,-26.25,2326.29
7.75,-26.25,2336.17
8.25,-26.25,2340.75
8.75,-26.25,2339.95
9.25,-26.25,2333.76
9.75,-26.25,2322.2
10.25,-26.25,2305.34
10.75,-26.25,2283.26
11.25,-26.25,2256.04
11.75,-26.25,2223.79
12.25,-26.25,2186.63
12.75,-26.25,2144.73
13.25,-26.25,2098.3
13.75,-26.25,2047.6
14.25,-26.25,1993.01
14.75,-26.25,1934.98
15.25,-26.25,1874.01
15.75,-26.25,1810.72
16.25,-26.25,1745.74
16.75,-26.25,1679.74
17.25,-26.25,1613.36
17.75,-26.25,1547.22
18.25,-26.25,1481.88
18.75,-26.25,1417.8
19.25,-26.25,1355.36
19.75,-26.25,1294.82
20.25,-26.25,1236.34
20.75,-26.25,1179.95
21.25,-26.25,1125.63
21.75,-26.25,1073.24
22.25,-26.25,1022.6
22.75,-26.25,973.479
23.25,-26.25,925.625
23.75,-26.25,878.795
24.25,-26.25,832.769
24.75,-26.25,787.373
25.25,-26.25,742.489
25.75,-26.25,698.065
26.25,-26.25,654.12
26.75,-26.25,610.733
27.25,-26.25,568.041
27.75,-26.25,526.218
28.25,-26.25,485.463
28.75,-26.25,445.984
29.25,-26.25,407.982
29.75,-26.25,371.639
30.25,-26.25,337.112
30.75,-26.25,304.524
31.25,-26.25,273.96
31.75,-26.25,245.472
32.25,-26.25,219.071
32.75,-26.25,194.739
33.25,-26.25,172.428
33.75,-26.25,152.065
34.25,-26.25,133.561
34.75,-26.25,116.815
35.25,-26.25,101.718
35.75,-26.25,88.1618
36.25,-26.25,76.04
36.75,-26.25,65.2514
37.25,-26.25,55.701
37.75,-26.25,47.2996
38.25,-26.25,39.9621
38.75,-26.25,33.6062
39.25,-26.25,28.1505
39.75,-26.25,23.5124
40.25,-26.25,19.6081
40.75,-26.25,16.3526
41.25,-26.25,13.661
41.75,-26.25,11.4508
42.25,-26.25,9.64313
42.75,-26.25,8.16636
43.25,-26.25,6.95681
43.75,-26.25,5.96011
44.25,-26.25,5.13059
44.75,-26.25,4.43077
-44.75,-25.75,15.4328
-44.25,-25.75,15.0412
-43.75,-25.75,14.5915
-43.25,-25.75,14.2106
-42.75,-25.75,13.9769
-42.25,-25.75,13.9167
-41.75,-25.75,14.0433
-41.25,-25.75,14.3632
-40.75,-25.75,14.8789
-40.25,-25.75,15.5902
-39.75,-25.75,16.4965
-39.25,-25.75,17.599
-38.75,-25.75,18.9025
-38.25,-25.75,20.4182
-37.75,-25.75,22.1663
-37.25,-25.75,24.1789
-36.75,-25.75,26.5014
-36.25,-25.75,29.1946
-35.75,-25.75,32.3349
-35.25,-25.75,36.0151
-34.75,-25.75,40.343
-34.25,-25.75,45.441
-33.75,-25.75,51.4434
-33.25,-25.75,58.4937
-32.75,-25.75,66.7397
-32.25,-25.75,76.3285
-31.75,-25.75,87.3989
-31.25,-25.75,100.075
-30.75,-25.75,114.46
-30.25,-25.75,130.629
-29.75,-25.75,148.621
-29.25,-25.75,168.439
-28.75,-25.75,190.04
-28.25,-25.75,213.339
-27.75,-25.75,238.205
-27.25,-25.75,264.458
-26.75,-25.75,291.881
-26.25,-25.75,320.221
-25.75,-25.75,349.196
-25.25,-25.75,378.512
-24.75,-25.75,407.876
-24.25,-25.75,437.011
-23.75,-25.75,465.667
-23.25,-25.75,493.645
-22.75,-25.75,520.797
-22.25,-25.75,547.04
-21.75,-25.75,572.348
-21.25,-25.75,596.755
-20.75,-25.75,620.342
-20.25,-25.75,643.223
-19.75,-25.75,665.536
-19.25,-25.75,687.43
-18.75,-25.75,709.051
-18.25,-25.75,730.542
-17.75,-25.75,752.035
-17.25,-25.75,773.649
-16.75,-25.75,795.492
-16.25,-25.75,817.656
-15.75,-25.75,840.22
-15.25,-25.75,863.242
-14.75,-25.75,886.759
-14.25,-25.75,910.779
-13.75,-25.75,935.283
-13.25,-25.75,960.223
-12.75,-25.75,985.531
-12.25,-25.75,1011.13
-11.75,-25.75,1036.95
-11.25,-25.75,1062.94
-10.75,-25.75,1089.09
-10.25,-25.75,1115.47
-9.75,-25.75,1142.17
-9.25,-25.75,1169.37
-8.75,-25.75,1197.28
-8.25,-25.75,1226.16
-7.75,-25.75,1256.26
-7.25,-25.75,1287.8
-6.75,-25.75,1321
-6.25,-25.75,1356
-5.75,-25.75,1392.87
-5.25,-25.75,1431.64
-4.75,-25.75,1472.27
-4.25,-25.75,1514.65
-3.75,-25.75,1558.65
-3.25,-25.75,1604.11
-2.75,-25.75,1650.84
-2.25,-25.75,1698.64
-1.75,-25.75,1747.3
-1.25,-25.75,1796.63
-0.75,-25.75,1846.4
-0.25,-25.75,1896.41
0.25,-25.75,1946.44
0.75,-25.75,1996.28
1.25,-25.75,2045.7
1.75,-25.75,2094.45
2.25,-25.75,2142.28
2.75,-25.75,2188.88
3.25,-25.75,2233.91
3.75,-25.75,2276.98
4.25,-25.75,2317.64
4.75,-25.75,2355.42
5.25,-25.75,2389.8
5.75,-25.75,2420.27
6.25,-25.75,2446.32
6.75,-25.75,2467.49
7.25,-25.75,2483.41
7.75,-25.75,2493.75
8.25,-25.75,2498.33
8.75,-25.75,2497.01
9.25,-25.75,2489.77
9.75,-25.75,2476.64
10.25,-25.75,2457.71
10.75,-25.75,2433.12
11.25,-25.75,2403.01
11.75,-25.75,2367.56
12.25,-25.75,2327
12.75,-25.75,2281.56
13.25,-25.75,2231.55
13.75,-25.75,2177.32
14.25,-25.75,2119.31
14.75,-25.75,2058
15.25,-25.75,1993.97
15.75,-25.75,1927.82
16.25,-25.75,1860.21
16.75,-25.75,1791.79
17.25,-25.75,1723.18
17.75,-25.75,1654.98
18.25,-25.75,1587.7
18.75,-25.75,1521.75
19.25,-25.75,1457.47
19.75,-25.75,1395.06
20.25,-25.75,1334.64
20.75,-25.75,1276.21
21.25,-25.75,1219.7
21.75,-25.75,1164.94
22.25,-25.75,1111.74
22.75,-25.75,1059.86
23.25,-25.75,1009.07
23.75,-25.75,959.127
24.25,-25.75,909.847
24.75,-25.75,861.087
25.25,-25.75,812.767
25.75,-25.75,764.873
26.25,-25.75,717.459
26.75,-25.75,670.638
27.25,-25.75,624.571
27.75,-25.75,579.451
28.25,-25.75,535.49
28.75,-25.75,492.903
29.25,-25.75,451.889
29.75,-25.75,412.63
30.25,-25.75,375.274
30.75,-25.75,339.938
31.25,-25.75,306.701
31.75,-25.75,275.608
32.25,-25.75,246.67
32.75,-25.75,219.869
33.25,-25.75,195.164
33.75,-25.75,172.49
34.25,-25.75,151.771
34.75,-25.75,132.919
35.25,-25.75,115.842
35.75,-25.75,100.445
36.25,-25.75,86.6338
36.75,-25.75,74.3157
37.25,-25.75,63.4002
37.75,-25.75,53.7977
38.25,-25.75,45.4176
38.75,-25.75,38.168
39.25,-25.75,31.9542
39.75,-25.75,26.6785
40.25,-25.75,22.2407
40.75,-25.75,18.5401
41.25,-25.75,15.4773
41.75,-25.75,12.957
42.25,-25.75,10.8899
42.75,-25.75,9.19561
43.25,-25.75,7.80363
43.75,-25.75,6.65397
44.25,-25.75,5.69625
44.75,-25.75,4.8889
-44.75,-25.25,15.689
-44.25,-25.25,15.2665
-43.75,-25.25,14.8083
-43.25,-25.25,14.4409
-42.75,-25.25,14.2413
-42.25,-25.25,14.2336
-41.75,-25.25,14.431
-41.25,-25.25,14.8408
-40.75,-25.25,15.4677
-40.25,-25.25,16.3155
-39.75,-25.25,17.3887
-39.25,-25.25,18.6945
-38.75,-25.25,20.245
-38.25,-25.25,22.0595
-37.75,-25.25,24.1674
-37.25,-25.25,26.6103
-36.75,-25.25,29.4442
-36.25,-25.25,32.7412
-35.75,-25.25,36.5905
-35.25,-25.25,41.0977
-34.75,-25.25,46.3845
-34.25,-25.25,52.5866
-33.75,-25.25,59.8509
-33.25,-25.25,68.3312
-32.75,-25.25,78.183
-32.25,-25.25,89.5567
-31.75,-25.25,102.591
-31.25,-25.25,117.403
-30.75,-25.25,134.089
-30.25,-25.25,152.708
-29.75,-25.25,173.284
-29.25,-25.25,195.801
-28.75,-25.25,220.196
-28.25,-25.25,246.363
-27.75,-25.25,274.145
-27.25,-25.25,303.343
-26.75,-25.25,333.71
-26.25,-25.25,364.965
-25.75,-25.25,396.802
-25.25,-25.25,428.894
-24.75,-25.25,460.921
-24.25,-25.25,492.575
-23.75,-25.25,523.585
-23.25,-25.25,553.731
-22.75,-25.25,582.854
-22.25,-25.25,610.863
-21.75,-25.25,637.739
-21.25,-25.25,663.525
-20.75,-25.25,688.32
-20.25,-25.25,712.263
-19.75,-25.25,735.521
-19.25,-25.25,758.274
-18.75,-25.25,780.701
-18.25,-25.25,802.978
-17.75,-25.25,825.268
-17.25,-25.25,847.72
-16.75,-25.25,870.466
-16.25,-25.25,893.619
-15.75,-25.25,917.273
-15.25,-25.25,941.49
-14.75,-25.25,966.305
-14.25,-25.25,991.716
-13.75,-25.25,1017.68
-13.25,-25.25,1044.13
-12.75,-25.25,1070.96
-12.25,-25.25,1098.07
-11.75,-25.25,1125.33
-11.25,-25.25,1152.69
-10.75,-25.25,1180.12
-10.25,-25.25,1207.65
-9.75,-25.25,1235.41
-9.25,-25.25,1263.58
-8.75,-25.25,1292.42
-8.25,-25.25,1322.22
-7.75,-25.25,1353.28
-7.25,-25.25,1385.89
-6.75,-25.25,1420.32
-6.25,-25.25,1456.75
-5.75,-25.25,1495.31
-5.25,-25.25,1536.05
-4.75,-25.25,1578.94
-4.25,-25.25,1623.88
-3.75,-25.25,1670.72
-3.25,-25.25,1719.24
-2.75,-25.25,1769.21
-2.25,-25.25,1820.36
-1.75,-25.25,1872.41
-1.25,-25.25,1925.08
-0.75,-25.25,1978.11
-0.25,-25.25,2031.21
0.25,-25.25,2084.15
0.75,-25.25,2136.69
1.25,-25.25,2188.6
1.75,-25.25,2239.66
2.25,-25.25,2289.64
2.75,-25.25,2338.27
3.25,-25.25,2385.24
3.75,-25.25,2430.19
4.25,-25.25,2472.7
4.75,-25.25,2512.26
5.25,-25.25,2548.35
5.75,-25.25,2580.38
6.25,-25.25,2607.8
6.75,-25.25,2630.07
7.25,-25.25,2646.73
7.75,-25.25,2657.38
8.25,-25.25,2661.77
8.75,-25.25,2659.73
9.25,-25.25,2651.21
9.75,-25.25,2636.24
10.25,-25.25,2614.96
10.75,-25.25,2587.54
11.25,-25.25,2554.22
11.75,-25.25,2515.28
12.25,-25.25,2471.03
12.75,-25.25,2421.83
13.25,-25.25,2368.05
13.75,-25.25,2310.17
14.25,-25.25,2248.66
14.75,-25.25,2184.09
15.25,-25.25,2117.05
15.75,-25.25,2048.18
16.25,-25.25,1978.1
16.75,-25.25,1907.44
17.25,-25.25,1836.82
17.75,-25.25,1766.76
18.25,-25.25,1697.73
18.75,-25.25,1630.09
19.25,-25.25,1564.11
19.75,-25.25,1499.95
20.25,-25.25,1437.66
20.75,-25.25,1377.2
21.25,-25.25,1318.45
21.75,-25.25,1261.23
22.25,-25.25,1205.32
22.75,-25.25,1150.48
23.25,-25.25,1096.49
23.75,-25.25,1043.14
24.25,-25.25,990.289
24.75,-25.25,937.835
25.25,-25.25,885.75
25.75,-25.25,834.073
26.25,-25.25,782.907
26.75,-25.25,732.405
27.25,-25.25,682.761
27.75,-25.25,634.192
28.25,-25.25,586.922
28.75,-25.25,541.166
29.25,-25.25,497.119
29.75,-25.25,454.95
30.25,-25.25,414.792
30.75,-25.25,376.744
31.25,-25.25,340.869
31.75,-25.25,307.199
32.25,-25.25,275.738
32.75,-25.25,246.464
33.25,-25.25,219.338
33.75,-25.25,194.308
34.25,-25.25,171.308
34.75,-25.25,150.271
35.25,-25.25,131.123
35.75,-25.25,113.787
36.25,-25.25,98.187
36.75,-25.25,84.2421
37.25,-25.25,71.8692
37.75,-25.25,60.9798
38.25,-25.25,51.479
38.75,-25.25,43.2651
39.25,-25.25,36.2299
39.75,-25.25,30.2597
40.25,-25.25,25.2376
40.75,-25.25,21.0463
41.25,-25.25,17.5715
41.75,-25.25,14.7048
42.25,-25.25,12.346
42.75,-25.25,10.4057
43.25,-25.25,8.80633
43.75,-25.25,7.48176
44.25,-25.25,6.37648
44.75,-25.25,5.44441
-44.75,-24.75,16.0962
-44.25,-24.75,15.6579
-43.75,-24.75,15.1978
-43.25,-24.75,14.8436
-42.75,-24.75,14.6724
-42.25,-24.75,14.7083
-41.75,-24.75,14.9648
-41.25,-24.75,15.4512
-40.75,-24.75,16.1756
-40.25,-24.75,17.1463
-39.75,-24.75,18.3741
-39.25,-24.75,19.8739
-38.75,-24.75,21.667
-38.25,-24.75,23.783
-37.75,-24.75,26.2631
-37.25,-24.75,29.1615
-36.75,-24.75,32.5483
-36.25,-24.75,36.5104
-35.75,-24.75,41.1523
-35.25,-24.75,46.5956
-34.75,-24.75,52.9775
-34.25,-24.75,60.4485
-33.75,-24.75,69.1676
-33.25,-24.75,79.2975
-32.75,-24.75,90.9982
-32.25,-24.75,104.419
-31.75,-24.75,119.691
-31.25,-24.75,136.92
-30.75,-24.75,156.182
-30.25,-24.75,177.515
-29.75,-24.75,200.919
-29.25,-24.75,226.348
-28.75,-24.75,253.715
-28.25,-24.75,282.884
-27.75,-24.75,313.674
-27.25,-24.75,345.858
-26.75,-24.75,379.169
-26.25,-24.75,413.301
-25.75,-24.75,447.924
-25.25,-24.75,482.693
-24.75,-24.75,517.266
-24.25,-24.75,551.318
-23.75,-24.75,584.566
-23.25,-24.75,616.777
-22.75,-24.75,647.789
-22.25,-24.75,677.515
-21.75,-24.75,705.941
-21.25,-24.75,733.126
-20.75,-24.75,759.186
-20.25,-24.75,784.285
-19.75,-24.75,808.613
-19.25,-24.75,832.376
-18.75,-24.75,855.782
-18.25,-24.75,879.033
-17.75,-24.75,902.314
-17.25,-24.75,925.796
-16.75,-24.75,949.63
-16.25,-24.75,973.942
-15.75,-24.75,998.834
-15.25,-24.75,1024.37
-14.75,-24.75,1050.59
-14.25,-24.75,1077.47
-13.75,-24.75,1104.95
-13.25,-24.75,1132.96
-12.75,-24.75,1161.35
-12.25,-24.75,1190
-11.75,-24.75,1218.76
-11.25,-24.75,1247.56
-10.75,-24.75,1276.35
-10.25,-24.75,1305.17
-9.75,-24.75,1334.14
-9.25,-24.75,1363.47
-8.75,-24.75,1393.44
-8.25,-24.75,1424.37
-7.75,-24.75,1456.62
-7.25,-24.75,1490.53
-6.75,-24.75,1526.39
-6.25,-24.75,1564.46
-5.75,-24.75,1604.89
-5.25,-24.75,1647.76
-4.75,-24.75,1693.06
-4.25,-24.75,1740.67
-3.75,-24.75,1790.43
-3.25,-24.75,1842.08
-2.75,-24.75,1895.34
-2.25,-24.75,1949.87
-1.75,-24.75,2005.33
-1.25,-24.75,2061.37
-0.75,-24.75,2117.64
-0.25,-24.75,2173.84
0.25,-24.75,2229.68
0.75,-24.75,2284.89
1.25,-24.75,2339.26
1.75,-24.75,2392.57
2.25,-24.75,2444.63
2.75,-24.75,2495.2
3.25,-24.75,2544.02
3.75,-24.75,2590.74
4.25,-24.75,2634.96
4.75,-24.75,2676.17
5.25,-24.75,2713.81
5.75,-24.75,2747.28
6.25,-24.75,2775.93
6.75,-24.75,2799.15
7.25,-24.75,2816.41
7.75,-24.75,2827.23
8.25,-24.75,2831.28
8.75,-24.75,2828.34
9.25,-24.75,2818.35
9.75,-24.75,2801.35
10.25,-24.75,2777.49
10.75,-24.75,2747.02
11.25,-24.75,2710.27
11.75,-24.75,2667.61
12.25,-24.75,2619.47
12.75,-24.75,2566.31
13.25,-24.75,2508.64
13.75,-24.75,2447
14.25,-24.75,2381.96
14.75,-24.75,2314.13
15.25,-24.75,2244.12
15.75,-24.75,2172.58
16.25,-24.75,2100.12
16.75,-24.75,2027.35
17.25,-24.75,1954.81
17.75,-24.75,1883
18.25,-24.75,1812.3
18.75,-24.75,1743.04
19.25,-24.75,1675.4
19.75,-24.75,1609.48
20.25,-24.75,1545.28
20.75,-24.75,1482.7
21.25,-24.75,1421.59
21.75,-24.75,1361.73
22.25,-24.75,1302.9
22.75,-24.75,1244.86
23.25,-24.75,1187.4
23.75,-24.75,1130.36
24.25,-24.75,1073.63
24.75,-24.75,1017.17
25.25,-24.75,961.025
25.75,-24.75,905.29
26.25,-24.75,850.126
26.75,-24.75,795.735
27.25,-24.75,742.35
27.75,-24.75,690.21
28.25,-24.75,639.55
28.75,-24.75,590.582
29.25,-24.75,543.492
29.75,-24.75,498.426
30.25,-24.75,455.495
30.75,-24.75,414.772
31.25,-24.75,376.297
31.75,-24.75,340.081
32.25,-24.75,306.114
32.75,-24.75,274.369
33.25,-24.75,244.809
33.75,-24.75,217.388
34.25,-24.75,192.06
34.75,-24.75,168.774
35.25,-24.75,147.481
35.75,-24.75,128.127
36.25,-24.75,110.654
36.75,-24.75,94.999
37.25,-24.75,81.0871
37.75,-24.75,68.8333
38.25,-24.75,58.1392
38.75,-24.75,48.8938
39.25,-24.75,40.9758
39.75,-24.75,34.2554
40.25,-24.75,28.5987
40.75,-24.75,23.8717
41.25,-24.75,19.9448
41.75,-24.75,16.6963
42.25,-24.75,14.0144
42.75,-24.75,11.8006
43.25,-24.75,9.96931
43.75,-24.75,8.448
44.25,-24.75,7.17553
44.75,-24.75,6.10094
-44.75,-24.25,16.7087
-44.25,-24.25,16.2728
-43.75,-24.25,15.819
-43.25,-24.25,15.4782
-42.75,-24.25,15.3301
-42.25,-24.25,15.4
-41.75,-24.25,15.703
-41.25,-24.25,16.2517
-40.75,-24.25,17.0579
-40.25,-24.25,18.1359
-39.75,-24.25,19.5035
-39.25,-24.25,21.1849
-38.75,-24.25,23.212
-38.25,-24.25,25.6277
-37.75,-24.25,28.4872
-37.25,-24.25,31.8612
-36.75,-24.25,35.8368
-36.25,-24.25,40.5195
-35.75,-24.25,46.0328
-35.25,-24.25,52.5175
-34.75,-24.25,60.1286
-34.25,-24.25,69.0324
-33.75,-24.25,79.4004
-33.25,-24.25,91.4024
-32.75,-24.25,105.199
-32.25,-24.25,120.933
-31.75,-24.25,138.722
-31.25,-24.25,158.65
-30.75,-24.25,180.765
-30.25,-24.25,205.074
-29.75,-24.25,231.54
-29.25,-24.25,260.083
-28.75,-24.25,290.578
-28.25,-24.25,322.858
-27.75,-24.25,356.711
-27.25,-24.25,391.885
-26.75,-24.25,428.09
-26.25,-24.25,465.002
-25.75,-24.25,502.276
-25.25,-24.25,539.556
-24.75,-24.25,576.492
-24.25,-24.25,612.755
-23.75,-24.25,648.058
-23.25,-24.25,682.175
-22.75,-24.25,714.951
-22.25,-24.25,746.306
-21.75,-24.25,776.245
-21.25,-24.25,804.842
-20.75,-24.25,832.234
-20.25,-24.25,858.603
-19.75,-24.25,884.163
-19.25,-24.25,909.138
-18.75,-24.25,933.754
-18.25,-24.25,958.228
-17.75,-24.25,982.76
-17.25,-24.25,1007.53
-16.75,-24.25,1032.7
-16.25,-24.25,1058.4
-15.75,-24.25,1084.73
-15.25,-24.25,1111.76
-14.75,-24.25,1139.51
-14.25,-24.25,1167.97
-13.75,-24.25,1197.06
-13.25,-24.25,1226.68
-12.75,-24.25,1256.68
-12.25,-24.25,1286.92
-11.75,-24.25,1317.25
-11.25,-24.25,1347.57
-10.75,-24.25,1377.84
-10.25,-24.25,1408.09
-9.75,-24.25,1438.45
-9.25,-24.25,1469.15
-8.75,-24.25,1500.49
-8.25,-24.25,1532.83
-7.75,-24.25,1566.55
-7.25,-24.25,1602.03
-6.75,-24.25,1639.6
-6.25,-24.25,1679.56
-5.75,-24.25,1722.09
-5.25,-24.25,1767.28
-4.75,-24.25,1815.14
-4.25,-24.25,1865.55
-3.75,-24.25,1918.31
-3.25,-24.25,1973.15
-2.75,-24.25,2029.72
-2.25,-24.25,2087.64
-1.75,-24.25,2146.49
-1.25,-24.25,2205.86
-0.75,-24.25,2265.35
-0.25,-24.25,2324.59
0.25,-24.25,2383.25
0.75,-24.25,2441.07
1.25,-24.25,2497.82
1.75,-24.25,2553.31
2.25,-24.25,2607.35
2.75,-24.25,2659.76
3.25,-24.25,2710.3
3.75,-24.25,2758.66
4.25,-24.25,2804.45
4.75,-24.25,2847.16
5.25,-24.25,2886.21
5.75,-24.25,2920.95
6.25,-24.25,2950.69
6.75,-24.25,2974.73
7.25,-24.25,2992.45
7.75,-24.25,3003.31
8.25,-24.25,3006.9
8.75,-24.25,3002.95
9.25,-24.25,2991.37
9.75,-24.25,2972.21
10.25,-24.25,2945.64
10.75,-24.25,2912
11.25,-24.25,2871.68
11.75,-24.25,2825.18
12.25,-24.25,2773.04
12.75,-24.25,2715.84
13.25,-24.25,2654.2
13.75,-24.25,2588.76
14.25,-24.25,2520.17
14.75,-24.25,2449.07
15.25,-24.25,2376.12
15.75,-24.25,2301.94
16.25,-24.25,2227.13
16.75,-24.25,2152.25
17.25,-24.25,2077.8
17.75,-24.25,2004.21
18.25,-24.25,1931.8
18.75,-24.25,1860.83
19.25,-24.25,1791.42
19.75,-24.25,1723.6
20.25,-24.25,1657.31
20.75,-24.25,1592.42
21.25,-24.25,1528.72
21.75,-24.25,1465.98
22.25,-24.25,1403.96
22.75,-24.25,1342.43
23.25,-24.25,1281.22
23.75,-24.25,1220.2
24.25,-24.25,1159.32
24.75,-24.25,1098.61
25.25,-24.25,1038.17
25.75,-24.25,978.169
26.25,-24.25,918.834
26.75,-24.25,860.415
27.25,-24.25,803.182
27.75,-24.25,747.397
28.25,-24.25,693.302
28.75,-24.25,641.103
29.25,-24.25,590.967
29.75,-24.25,543.017
30.25,-24.25,497.333
30.75,-24.25,453.958
31.25,-24.25,412.902
31.75,-24.25,374.154
32.25,-24.25,337.685
32.75,-24.25,303.462
33.25,-24.25,271.447
33.75,-24.25,241.605
34.25,-24.25,213.905
34.75,-24.25,188.319
35.25,-24.25,164.822
35.75,-24.25,143.385
36.25,-24.25,123.972
36.75,-24.25,106.537
37.25,-24.25,91.0175
37.75,-24.25,77.3319
38.25,-24.25,65.3793
38.75,-24.25,55.0406
39.25,-24.25,46.1819
39.75,-24.25,38.6577
40.25,-24.25,32.3177
40.75,-24.25,27.0114
41.25,-24.25,22.594
41.75,-24.25,18.9297
42.25,-24.25,15.8953
42.75,-24.25,13.382
43.25,-24.25,11.2957
43.75,-24.25,9.55702
44.25,-24.25,8.09862
44.75,-24.25,6.8644
-44.75,-23.75,17.5386
-44.25,-23.75,17.1262
-43.75,-23.75,16.6899
-43.25,-23.75,16.3656
-42.75,-23.75,16.2381
-42.25,-23.75,16.3352
-41.75,-23.75,16.6751
-41.25,-23.75,17.274
-40.75,-23.75,18.1491
-40.25,-23.75,19.3208
-39.75,-23.75,20.8155
-39.25,-23.75,22.6677
-38.75,-23.75,24.922
-38.25,-23.75,27.636
-37.75,-23.75,30.8824
-37.25,-23.75,34.7507
-36.75,-23.75,39.349
-36.25,-23.75,44.8048
-35.75,-23.75,51.2644
-35.25,-23.75,58.8907
-34.75,-23.75,67.8597
-34.25,-23.75,78.3549
-33.75,-23.75,90.56
-33.25,-23.75,104.65
-32.75,-23.75,120.784
-32.25,-23.75,139.091
-31.75,-23.75,159.667
-31.25,-23.75,182.567
-30.75,-23.75,207.801
-30.25,-23.75,235.332
-29.75,-23.75,265.079
-29.25,-23.75,296.916
-28.75,-23.75,330.674
-28.25,-23.75,366.146
-27.75,-23.75,403.088
-27.25,-23.75,441.22
-26.75,-23.75,480.229
-26.25,-23.75,519.782
-25.75,-23.75,559.526
-25.25,-23.75,599.104
-24.75,-23.75,638.17
-24.25,-23.75,676.406
-23.75,-23.75,713.541
-23.25,-23.75,749.365
-22.75,-23.75,783.741
-22.25,-23.75,816.617
-21.75,-23.75,848.015
-21.25,-23.75,878.034
-20.75,-23.75,906.83
-20.25,-23.75,934.604
-19.75,-23.75,961.583
-19.25,-23.75,988.004
-18.75,-23.75,1014.1
-18.25,-23.75,1040.09
-17.75,-23.75,1066.18
-17.25,-23.75,1092.54
-16.75,-23.75,1119.34
-16.25,-23.75,1146.69
-15.75,-23.75,1174.7
-15.25,-23.75,1203.41
-14.75,-23.75,1232.86
-14.25,-23.75,1263.02
-13.75,-23.75,1293.8
-13.25,-23.75,1325.11
-12.75,-23.75,1356.78
-12.25,-23.75,1388.67
-11.75,-23.75,1420.64
-11.25,-23.75,1452.58
-10.75,-23.75,1484.45
-10.25,-23.75,1516.29
-9.75,-23.75,1548.26
-9.25,-23.75,1580.58
-8.75,-23.75,1613.58
-8.25,-23.75,1647.63
-7.75,-23.75,1683.14
-7.25,-23.75,1720.51
-6.75,-23.75,1760.12
-6.25,-23.75,1802.26
-5.75,-23.75,1847.15
-5.25,-23.75,1894.9
-4.75,-23.75,1945.5
-4.25,-23.75,1998.84
-3.75,-23.75,2054.7
-3.25,-23.75,2112.77
-2.75,-23.75,2172.66
-2.25,-23.75,2233.93
-1.75,-23.75,2296.11
-1.25,-23.75,2358.73
-0.75,-23.75,2421.34
-0.25,-23.75,2483.51
0.25,-23.75,2544.9
0.75,-23.75,2605.22
1.25,-23.75,2664.24
1.75,-23.75,2721.78
2.25,-23.75,2777.7
2.75,-23.75,2831.83
3.25,-23.75,2883.97
3.75,-23.75,2933.83
4.25,-23.75,2981.04
4.75,-23.75,3025.11
5.25,-23.75,3065.42
5.75,-23.75,3101.28
6.25,-23.75,3131.95
6.75,-23.75,3156.67
7.25,-23.75,3174.73
7.75,-23.75,3185.52
8.25,-23.75,3188.55
8.75,-23.75,3183.52
9.25,-23.75,3170.29
9.75,-23.75,3148.91
10.25,-23.75,3119.61
10.75,-23.75,3082.75
11.25,-23.75,3038.85
11.75,-23.75,2988.49
12.25,-23.75,2932.35
12.75,-23.75,2871.12
13.25,-23.75,2805.53
13.75,-23.75,2736.32
14.25,-23.75,2664.19
14.75,-23.75,2589.85
15.25,-23.75,2513.95
15.75,-23.75,2437.12
16.25,-23.75,2359.92
16.75,-23.75,2282.87
17.25,-23.75,2206.41
17.75,-23.75,2130.89
18.25,-23.75,2056.6
18.75,-23.75,1983.69
19.25,-23.75,1912.24
19.75,-23.75,1842.23
20.25,-23.75,1773.54
20.75,-23.75,1706
21.25,-23.75,1639.37
21.75,-23.75,1573.4
22.25,-23.75,1507.87
22.75,-23.75,1442.55
23.25,-23.75,1377.3
23.75,-23.75,1312.05
24.25,-23.75,1246.8
24.75,-23.75,1181.65
25.25,-23.75,1116.77
25.75,-23.75,1052.4
26.25,-23.75,988.82
26.75,-23.75,926.326
27.25,-23.75,865.22
27.75,-23.75,805.782
28.25,-23.75,748.254
28.75,-23.75,692.833
29.25,-23.75,639.663
29.75,-23.75,588.837
30.25,-23.75,540.404
30.75,-23.75,494.372
31.25,-23.75,450.724
31.75,-23.75,409.423
32.25,-23.75,370.426
32.75,-23.75,333.69
33.25,-23.75,299.181
33.75,-23.75,266.873
34.25,-23.75,236.753
34.75,-23.75,208.817
35.25,-23.75,183.063
35.75,-23.75,159.489
36.25,-23.75,138.081
36.75,-23.75,118.81
37.25,-23.75,101.625
37.75,-23.75,86.4501
38.25,-23.75,73.1816
38.75,-23.75,61.6933
39.25,-23.75,51.8395
39.75,-23.75,43.4605
40.25,-23.75,36.3902
40.75,-23.75,30.4622
41.25,-23.75,25.5166
41.75,-23.75,21.4039
42.25,-23.75,17.9885
42.75,-23.75,15.151
43.25,-23.75,12.7882
43.75,-23.75,10.8129
44.25,-23.75,9.15128
44.75,-23.75,7.74164
-44.75,-23.25,18.5539
-44.25,-23.25,18.1876
-43.75,-23.25,17.7831
-43.25,-23.25,17.483
-42.75,-23.25,17.3788
-42.25,-23.25,17.5018
-41.75,-23.25,17.8745
-41.25,-23.25,18.5179
-40.75,-23.25,19.455
-40.25,-23.25,20.7137
-39.75,-23.25,22.3298
-39.25,-23.25,24.3491
-38.75,-23.25,26.8305
-38.25,-23.25,29.8482
-37.75,-23.25,33.4942
-37.25,-23.25,37.8797
-36.75,-23.25,43.1368
-36.25,-23.25,49.4183
-35.75,-23.25,56.8968
-35.25,-23.25,65.7608
-34.75,-23.25,76.2094
-34.25,-23.25,88.445
-33.75,-23.25,102.664
-33.25,-23.25,119.044
-32.75,-23.25,137.739
-32.25,-23.25,158.859
-31.75,-23.25,182.473
-31.25,-23.25,208.595
-30.75,-23.25,237.189
-30.25,-23.25,268.166
-29.75,-23.25,301.388
-29.25,-23.25,336.673
-28.75,-23.25,373.804
-28.25,-23.25,412.526
-27.75,-23.25,452.558
-27.25,-23.25,493.591
-26.75,-23.25,535.295
-26.25,-23.25,577.326
-25.75,-23.25,619.333
-25.25,-23.25,660.971
-24.75,-23.25,701.912
-24.25,-23.25,741.864
-23.75,-23.25,780.584
-23.25,-23.25,817.897
-22.75,-23.25,853.701
-22.25,-23.25,887.974
-21.75,-23.25,920.773
-21.25,-23.25,952.222
-20.75,-23.25,982.497
-20.25,-23.25,1011.82
-19.75,-23.25,1040.41
-19.25,-23.25,1068.52
-18.75,-23.25,1096.38
-18.25,-23.25,1124.2
-17.75,-23.25,1152.16
-17.25,-23.25,1180.43
-16.75,-23.25,1209.16
-16.25,-23.25,1238.44
-15.75,-23.25,1268.37
-15.25,-23.25,1298.98
-14.75,-23.25,1330.3
-14.25,-23.25,1362.28
-13.75,-23.25,1394.85
-13.25,-23.25,1427.9
-12.75,-23.25,1461.3
-12.25,-23.25,1494.9
-11.75,-23.25,1528.57
-11.25,-23.25,1562.22
-10.75,-23.25,1595.84
-10.25,-23.25,1629.47
-9.75,-23.25,1663.27
-9.25,-23.25,1697.49
-8.75,-23.25,1732.46
-8.25,-23.25,1768.58
-7.75,-23.25,1806.25
-7.25,-23.25,1845.89
-6.75,-23.25,1887.89
-6.25,-23.25,1932.56
-5.75,-23.25,1980.12
-5.25,-23.25,2030.67
-4.75,-23.25,2084.22
-4.25,-23.25,2140.65
-3.75,-23.25,2199.69
-3.25,-23.25,2261.02
-2.75,-23.25,2324.21
-2.25,-23.25,2388.77
-1.75,-23.25,2454.18
-1.25,-23.25,2519.92
-0.75,-23.25,2585.49
-0.25,-23.25,2650.45
0.25,-23.25,2714.41
0.75,-23.25,2777.07
1.25,-23.25,2838.23
1.75,-23.25,2897.71
2.25,-23.25,2955.38
2.75,-23.25,3011.11
3.25,-23.25,3064.73
3.75,-23.25,3115.98
4.25,-23.25,3164.5
4.75,-23.25,3209.77
5.25,-23.25,3251.19
5.75,-23.25,3288.02
6.25,-23.25,3319.47
6.75,-23.25,3344.73
7.25,-23.25,3363.01
7.75,-23.25,3373.62
8.25,-23.25,3376.03
8.75,-23.25,3369.87
9.25,-23.25,3354.97
9.75,-23.25,3331.39
10.25,-23.25,3299.39
10.75,-23.25,3259.38
11.25,-23.25,3211.97
11.75,-23.25,3157.86
12.25,-23.25,3097.81
12.75,-23.25,3032.65
13.25,-23.25,2963.22
13.75,-23.25,2890.32
14.25,-23.25,2814.74
14.75,-23.25,2737.2
15.25,-23.25,2658.37
15.75,-23.25,2578.86
16.25,-23.25,2499.19
16.75,-23.25,2419.83
17.25,-23.25,2341.16
17.75,-23.25,2263.47
18.25,-23.25,2186.97
18.75,-23.25,2111.77
19.25,-23.25,2037.89
19.75,-23.25,1965.25
20.25,-23.25,1893.7
20.75,-23.25,1823.05
21.25,-23.25,1753.04
21.75,-23.25,1683.44
22.25,-23.25,1614
22.75,-23.25,1544.56
23.25,-23.25,1475
23.75,-23.25,1405.3
24.25,-23.25,1335.53
24.75,-23.25,1265.85
25.25,-23.25,1196.5
25.75,-23.25,1127.76
26.25,-23.25,1059.97
26.75,-23.25,993.454
27.25,-23.25,928.545
27.75,-23.25,865.522
28.25,-23.25,804.623
28.75,-23.25,746.025
29.25,-23.25,689.846
29.75,-23.25,636.149
30.25,-23.25,584.95
30.75,-23.25,536.227
31.25,-23.25,489.936
31.75,-23.25,446.02
32.25,-23.25,404.425
32.75,-23.25,365.104
33.25,-23.25,328.028
33.75,-23.25,293.185
34.25,-23.25,260.581
34.75,-23.25,230.234
35.25,-23.25,202.169
35.75,-23.25,176.406
36.25,-23.25,152.953
36.75,-23.25,131.797
37.25,-23.25,112.897
37.75,-23.25,96.1813
38.25,-23.25,81.5448
38.75,-23.25,68.8544
39.25,-23.25,57.9537
39.75,-23.25,48.67
40.25,-23.25,40.8225
40.75,-23.25,34.2301
41.25,-23.25,28.7182
41.75,-23.25,24.1237
42.25,-23.25,20.2985
42.75,-23.25,17.1118
43.25,-23.25,14.451
43.75,-23.25,12.2203
44.25,-23.25,10.3389
44.75,-23.25,8.73902
-44.75,-22.75,19.6863
-44.25,-22.75,19.3882
-43.75,-22.75,19.0322
-43.25,-22.75,18.7687
-42.75,-22.75,18.6963
-42.25,-22.75,18.8512
-41.75,-22.75,19.2609
-41.25,-22.75,19.9518
-40.75,-22.75,20.954
-40.25,-22.75,22.3036
-39.75,-22.75,24.0464
-39.25,-22.75,26.2408
-38.75,-22.75,28.9607
-38.25,-22.75,32.2985
-37.75,-22.75,36.3671
-37.25,-22.75,41.3014
-36.75,-22.75,47.26
-36.25,-22.75,54.4239
-35.75,-22.75,62.9948
-35.25,-22.75,73.1895
-34.75,-22.75,85.2323
-34.25,-22.75,99.3458
-33.75,-22.75,115.738
-33.25,-22.75,134.591
-32.75,-22.75,156.045
-32.25,-22.75,180.191
-31.75,-22.75,207.061
-31.25,-22.75,236.623
-30.75,-22.75,268.785
-30.25,-22.75,303.396
-29.75,-22.75,340.255
-29.25,-22.75,379.118
-28.75,-22.75,419.706
-28.25,-22.75,461.717
-27.75,-22.75,504.825
-27.25,-22.75,548.693
-26.75,-22.75,592.973
-26.25,-22.75,637.318
-25.75,-22.75,681.385
-25.25,-22.75,724.85
-24.75,-22.75,767.416
-24.25,-22.75,808.831
-23.75,-22.75,848.899
-23.25,-22.75,887.49
-22.75,-22.75,924.552
-22.25,-22.75,960.107
-21.75,-22.75,994.25
-21.25,-22.75,1027.14
-20.75,-22.75,1058.96
-20.25,-22.75,1089.96
-19.75,-22.75,1120.36
-19.25,-22.75,1150.4
-18.75,-22.75,1180.29
-18.25,-22.75,1210.23
-17.75,-22.75,1240.37
-17.25,-22.75,1270.85
-16.75,-22.75,1301.79
-16.25,-22.75,1333.26
-15.75,-22.75,1365.33
-15.25,-22.75,1398.03
-14.75,-22.75,1431.35
-14.25,-22.75,1465.26
-13.75,-22.75,1499.69
-13.25,-22.75,1534.55
-12.75,-22.75,1569.72
-12.25,-22.75,1605.08
-11.75,-22.75,1640.52
-11.25,-22.75,1676
-10.75,-22.75,1711.5
-10.25,-22.75,1747.11
-9.75,-22.75,1783
-9.25,-22.75,1819.43
-8.75,-22.75,1856.73
-8.25,-22.75,1895.29
-7.75,-22.75,1935.53
-7.25,-22.75,1977.85
-6.75,-22.75,2022.65
-6.25,-22.75,2070.22
-5.75,-22.75,2120.77
-5.25,-22.75,2174.42
-4.75,-22.75,2231.14
-4.25,-22.75,2290.79
-3.75,-22.75,2353.11
-3.25,-22.75,2417.72
-2.75,-22.75,2484.17
-2.25,-22.75,2551.92
-1.75,-22.75,2620.42
-1.25,-22.75,2689.11
-0.75,-22.75,2757.46
-0.25,-22.75,2825.01
0.25,-22.75,2891.35
0.75,-22.75,2956.2
1.25,-22.75,3019.34
1.75,-22.75,3080.63
2.25,-22.75,3139.95
2.75,-22.75,3197.19
3.25,-22.75,3252.21
3.75,-22.75,3304.75
4.25,-22.75,3354.46
4.75,-22.75,3400.83
5.25,-22.75,3443.22
5.75,-22.75,3480.89
6.25,-22.75,3512.98
6.75,-22.75,3538.64
7.25,-22.75,3557.01
7.75,-22.75,3567.34
8.25,-22.75,3569.05
8.75,-22.75,3561.72
9.25,-22.75,3545.17
9.75,-22.75,3519.44
10.25,-22.75,3484.82
10.75,-22.75,3441.81
11.25,-22.75,3391.05
11.75,-22.75,3333.35
12.25,-22.75,3269.59
12.75,-22.75,3200.7
13.25,-22.75,3127.6
13.75,-22.75,3051.17
14.25,-22.75,2972.25
14.75,-22.75,2891.59
15.25,-22.75,2809.85
15.75,-22.75,2727.62
16.25,-22.75,2645.38
16.75,-22.75,2563.53
17.25,-22.75,2482.39
17.75,-22.75,2402.19
18.25,-22.75,2323.08
18.75,-22.75,2245.12
19.25,-22.75,2168.28
19.75,-22.75,2092.46
20.25,-22.75,2017.49
20.75,-22.75,1943.17
21.25,-22.75,1869.25
21.75,-22.75,1795.52
22.25,-22.75,1721.76
22.75,-22.75,1647.85
23.25,-22.75,1573.73
23.75,-22.75,1499.42
24.25,-22.75,1425.05
24.75,-22.75,1350.85
25.25,-22.75,1277.08
25.75,-22.75,1204.1
26.25,-22.75,1132.25
26.75,-22.75,1061.89
27.25,-22.75,993.344
27.75,-22.75,926.887
28.25,-22.75,862.738
28.75,-22.75,801.048
29.25,-22.75,741.906
29.75,-22.75,685.343
30.25,-22.75,631.344
30.75,-22.75,579.865
31.25,-22.75,530.84
31.75,-22.75,484.202
32.25,-22.75,439.893
32.75,-22.75,397.869
33.25,-22.75,358.115
33.75,-22.75,320.634
34.25,-22.75,285.454
34.75,-22.75,252.618
35.25,-22.75,222.174
35.75,-22.75,194.163
36.25,-22.75,168.612
36.75,-22.75,145.522
37.25,-22.75,124.858
37.75,-22.75,106.553
38.25,-22.75,90.4974
38.75,-22.75,76.5528
39.25,-22.75,64.553
39.75,-22.75,54.3134
40.25,-22.75,45.64
40.75,-22.75,38.3379
41.25,-22.75,32.2186
41.75,-22.75,27.106
42.25,-22.75,22.839
42.75,-22.75,19.2758
43.25,-22.75,16.2932
43.75,-22.75,13.7868
44.25,-22.75,11.668
44.75,-22.75,9.86259
-44.75,-22.25,20.8498
-44.25,-22.25,20.6387
-43.75,-22.25,20.3483
-43.25,-22.25,20.137
-42.75,-22.25,20.111
-42.25,-22.25,20.3114
-41.75,-22.25,20.7712
-41.25,-22.25,21.5235
-40.75,-22.25,22.6055
-40.25,-22.25,24.0625
-39.75,-22.25,25.9509
-39.25,-22.25,28.3424
-38.75,-22.25,31.3269
-38.25,-22.25,35.0155
-37.75,-22.25,39.5432
-37.25,-22.25,45.0705
-36.75,-22.25,51.7839
-36.25,-22.25,59.8948
-35.75,-22.25,69.6358
-35.25,-22.25,81.254
-34.75,-22.25,95.0002
-34.25,-22.25,111.118
-33.75,-22.25,129.827
-33.25,-22.25,151.309
-32.75,-22.25,175.692
-32.25,-22.25,203.041
-31.75,-22.25,233.346
-31.25,-22.25,266.525
-30.75,-22.25,302.421
-30.25,-22.25,340.817
-29.75,-22.25,381.44
-29.25,-22.25,423.978
-28.75,-22.25,468.087
-28.25,-22.25,513.409
-27.75,-22.25,559.574
-27.25,-22.25,606.214
-26.75,-22.25,652.965
-26.25,-22.25,699.479
-25.75,-22.25,745.428
-25.25,-22.25,790.517
-24.75,-22.25,834.493
-24.25,-22.25,877.154
-23.75,-22.25,918.363
-23.25,-22.25,958.053
-22.75,-22.25,996.228
-22.25,-22.25,1032.97
-21.75,-22.25,1068.41
-21.25,-22.25,1102.74
-20.75,-22.25,1136.18
-20.25,-22.25,1168.98
-19.75,-22.25,1201.35
-19.25,-22.25,1233.52
-18.75,-22.25,1265.67
-18.25,-22.25,1297.97
-17.75,-22.25,1330.54
-17.25,-22.25,1363.49
-16.75,-22.25,1396.87
-16.25,-22.25,1430.74
-15.75,-22.25,1465.13
-15.25,-22.25,1500.05
-14.75,-22.25,1535.49
-14.25,-22.25,1571.41
-13.75,-22.25,1607.75
-13.25,-22.25,1644.44
-12.75,-22.25,1681.41
-12.25,-22.25,1718.56
-11.75,-22.25,1755.85
-11.25,-22.25,1793.24
-10.75,-22.25,1830.79
-10.25,-22.25,1868.59
-9.75,-22.25,1906.83
-9.25,-22.25,1945.79
-8.75,-22.25,1985.78
-8.25,-22.25,2027.2
-7.75,-22.25,2070.43
-7.25,-22.25,2115.88
-6.75,-22.25,2163.89
-6.25,-22.25,2214.75
-5.75,-22.25,2268.66
-5.25,-22.25,2325.69
-4.75,-22.25,2385.8
-4.25,-22.25,2448.84
-3.75,-22.25,2514.5
-3.25,-22.25,2582.39
-2.75,-22.25,2652.03
-2.25,-22.25,2722.85
-1.75,-22.25,2794.27
-1.25,-22.25,2865.72
-0.75,-22.25,2936.65
-0.25,-22.25,3006.58
0.25,-22.25,3075.12
0.75,-22.25,3141.99
1.25,-22.25,3206.99
1.75,-22.25,3269.98
2.25,-22.25,3330.87
2.75,-22.25,3389.57
3.25,-22.25,3445.93
3.75,-22.25,3499.72
4.25,-22.25,3550.56
4.75,-22.25,3597.95
5.25,-22.25,3641.23
5.75,-22.25,3679.61
6.25,-22.25,3712.21
6.75,-22.25,3738.12
7.25,-22.25,3756.44
7.75,-22.25,3766.39
8.25,-22.25,3767.33
8.75,-22.25,3758.79
9.25,-22.25,3740.6
9.75,-22.25,3712.8
10.25,-22.25,3675.7
10.75,-22.25,3629.83
11.25,-22.25,3575.94
11.75,-22.25,3514.89
12.25,-22.25,3447.67
12.75,-22.25,3375.29
13.25,-22.25,3298.74
13.75,-22.25,3218.98
14.25,-22.25,3136.88
14.75,-22.25,3053.2
15.25,-22.25,2968.58
15.75,-22.25,2883.58
16.25,-22.25,2798.64
16.75,-22.25,2714.08
17.25,-22.25,2630.16
17.75,-22.25,2547.06
18.25,-22.25,2464.87
18.75,-22.25,2383.6
19.25,-22.25,2303.21
19.75,-22.25,2223.59
20.25,-22.25,2144.56
20.75,-22.25,2065.95
21.25,-22.25,1987.56
21.75,-22.25,1909.18
22.25,-22.25,1830.68
22.75,-22.25,1751.98
23.25,-22.25,1673.07
23.75,-22.25,1594.04
24.25,-22.25,1515.08
24.75,-22.25,1436.44
25.25,-22.25,1358.43
25.75,-22.25,1281.43
26.25,-22.25,1205.78
26.75,-22.25,1131.83
27.25,-22.25,1059.9
27.75,-22.25,990.229
28.25,-22.25,923.006
28.75,-22.25,858.346
29.25,-22.25,796.304
29.75,-22.25,736.881
30.25,-22.25,680.038
30.75,-22.25,625.712
31.25,-22.25,573.83
31.75,-22.25,524.324
32.25,-22.25,477.141
32.75,-22.25,432.257
33.25,-22.25,389.671
33.75,-22.25,349.414
34.25,-22.25,311.537
34.75,-22.25,276.107
35.25,-22.25,243.195
35.75,-22.25,212.863
36.25,-22.25,185.15
36.75,-22.25,160.067
37.25,-22.25,137.584
37.75,-22.25,117.634
38.25,-22.25,100.104
38.75,-22.25,84.8495
39.25,-22.25,71.6942
39.75,-22.25,60.4432
40.25,-22.25,50.8902
40.75,-22.25,42.8279
41.25,-22.25,36.0548
41.75,-22.25,30.3819
42.25,-22.25,25.636
42.75,-22.25,21.6635
43.25,-22.25,18.3308
43.75,-22.25,15.5245
44.25,-22.25,13.1476
44.75,-22.25,11.119
-44.75,-21.75,21.9657
-44.25,-21.75,21.8543
-43.75,-21.75,21.6449
-43.25,-21.75,21.5028
-42.75,-21.75,21.5414
-42.25,-21.75,21.8071
-41.75,-21.75,22.3387
-41.25,-21.75,23.1761
-40.75,-21.75,24.3643
-40.25,-21.75,25.9579
-39.75,-21.75,28.0249
-39.25,-21.75,30.6503
-38.75,-21.75,33.9406
-38.25,-21.75,38.0266
-37.75,-21.75,43.066
-37.25,-21.75,49.2456
-36.75,-21.75,56.7811
-36.25,-21.75,65.9151
-35.75,-21.75,76.9124
-35.25,-21.75,90.0508
-34.75,-21.75,105.608
-34.25,-21.75,123.848
-33.75,-21.75,145
-33.25,-21.75,169.245
-32.75,-21.75,196.695
-32.25,-21.75,227.386
-31.75,-21.75,261.264
-31.25,-21.75,298.189
-30.75,-21.75,337.94
-30.25,-21.75,380.228
-29.75,-21.75,424.704
-29.25,-21.75,470.983
-28.75,-21.75,518.655
-28.25,-21.75,567.302
-27.75,-21.75,616.508
-27.25,-21.75,665.871
-26.75,-21.75,715.013
-26.25,-21.75,763.588
-25.75,-21.75,811.287
-25.25,-21.75,857.851
-24.75,-21.75,903.077
-24.25,-21.75,946.824
-23.75,-21.75,989.024
-23.25,-21.75,1029.68
-22.75,-21.75,1068.86
-22.25,-21.75,1106.72
-21.75,-21.75,1143.42
-21.25,-21.75,1179.21
-20.75,-21.75,1214.32
-20.25,-21.75,1249
-19.75,-21.75,1283.46
-19.25,-21.75,1317.91
-18.75,-21.75,1352.49
-18.25,-21.75,1387.34
-17.75,-21.75,1422.52
-17.25,-21.75,1458.09
-16.75,-21.75,1494.08
-16.25,-21.75,1530.49
-15.75,-21.75,1567.31
-15.25,-21.75,1604.54
-14.75,-21.75,1642.14
-14.25,-21.75,1680.09
-13.75,-21.75,1718.35
-13.25,-21.75,1756.89
-12.75,-21.75,1795.66
-12.25,-21.75,1834.64
-11.75,-21.75,1873.82
-11.25,-21.75,1913.23
-10.75,-21.75,1952.97
-10.25,-21.75,1993.17
-9.75,-21.75,2034.04
-9.25,-21.75,2075.84
-8.75,-21.75,2118.91
-8.25,-21.75,2163.59
-7.75,-21.75,2210.26
-7.25,-21.75,2259.26
-6.75,-21.75,2310.92
-6.25,-21.75,2365.47
-5.75,-21.75,2423.07
-5.25,-21.75,2483.77
-4.75,-21.75,2547.5
-4.25,-21.75,2614.05
-3.75,-21.75,2683.13
-3.25,-21.75,2754.29
-2.75,-21.75,2827.03
-2.25,-21.75,2900.79
-1.75,-21.75,2974.96
-1.25,-21.75,3048.97
-0.75,-21.75,3122.27
-0.25,-21.75,3194.39
0.25,-21.75,3264.97
0.75,-21.75,3333.73
1.25,-21.75,3400.49
1.75,-21.75,3465.13
2.25,-21.75,3527.58
2.75,-21.75,3587.74
3.25,-21.75,3645.47
3.75,-21.75,3700.51
4.25,-21.75,3752.49
4.75,-21.75,3800.88
5.25,-21.75,3844.97
5.75,-21.75,3883.97
6.25,-21.75,3916.96
6.75,-21.75,3942.99
7.25,-21.75,3961.15
7.75,-21.75,3970.59
8.25,-21.75,3970.66
8.75,-21.75,3960.89
9.25,-21.75,3941.07
9.75,-21.75,3911.26
10.25,-21.75,3871.8
10.75,-21.75,3823.27
11.25,-21.75,3766.46
11.75,-21.75,3702.32
12.25,-21.75,3631.9
12.75,-21.75,3556.29
13.25,-21.75,3476.54
13.75,-21.75,3393.65
14.25,-21.75,3308.52
14.75,-21.75,3221.91
15.25,-21.75,3134.43
15.75,-21.75,3046.6
16.25,-21.75,2958.78
16.75,-21.75,2871.27
17.25,-21.75,2784.24
17.75,-21.75,2697.81
18.25,-21.75,2612.03
18.75,-21.75,2526.9
19.25,-21.75,2442.34
19.75,-21.75,2358.27
20.25,-21.75,2274.55
20.75,-21.75,2191.04
21.25,-21.75,2107.58
21.75,-21.75,2024.08
22.25,-21.75,1940.44
22.75,-21.75,1856.66
23.25,-21.75,1772.8
23.75,-21.75,1689.01
24.25,-21.75,1605.52
24.75,-21.75,1522.61
25.25,-21.75,1440.62
25.75,-21.75,1359.89
26.25,-21.75,1280.77
26.75,-21.75,1203.57
27.25,-21.75,1128.56
27.75,-21.75,1055.95
28.25,-21.75,985.861
28.75,-21.75,918.379
29.25,-21.75,853.516
29.75,-21.75,791.243
30.25,-21.75,731.503
30.75,-21.75,674.224
31.25,-21.75,619.338
31.75,-21.75,566.788
32.25,-21.75,516.544
32.75,-21.75,468.605
33.25,-21.75,423.004
33.75,-21.75,379.799
34.25,-21.75,339.073
34.75,-21.75,300.919
35.25,-21.75,265.428
35.75,-21.75,232.677
36.25,-21.75,202.719
36.75,-21.75,175.568
37.25,-21.75,151.197
37.75,-21.75,129.535
38.25,-21.75,110.466
38.75,-21.75,93.8353
39.25,-21.75,79.4596
39.75,-21.75,67.1332
40.25,-21.75,56.6392
40.75,-21.75,47.7582
41.25,-21.75,40.2768
41.75,-21.75,33.9939
42.25,-21.75,28.7241
42.75,-21.75,24.3026
43.25,-21.75,20.5852
43.75,-21.75,17.4488
44.25,-21.75,14.7881
44.75,-21.75,12.5145
-44.75,-21.25,22.9854
-44.25,-21.25,22.9792
-43.75,-21.25,22.8616
-43.25,-21.25,22.8043
-42.75,-21.25,22.9272
-42.25,-21.25,23.2816
-41.75,-21.25,23.9124
-41.25,-21.25,24.8663
-40.75,-21.25,26.1964
-40.25,-21.25,27.9671
-39.75,-21.25,30.2578
-39.25,-21.25,33.1678
-38.75,-21.25,36.8204
-38.25,-21.25,41.3664
-37.75,-21.25,46.9872
-37.25,-21.25,53.8959
-36.75,-21.25,62.3378
-36.25,-21.25,72.587
-35.75,-21.25,84.94
-35.25,-21.25,99.7045
-34.75,-21.25,117.184
-34.25,-21.25,137.66
-33.75,-21.25,161.37
-33.25,-21.25,188.492
-32.75,-21.25,219.12
-32.25,-21.25,253.255
-31.75,-21.25,290.8
-31.25,-21.25,331.555
-30.75,-21.25,375.235
-30.25,-21.25,421.474
-29.75,-21.25,469.852
-29.25,-21.25,519.908
-28.75,-21.25,571.163
-28.25,-21.25,623.139
-27.75,-21.25,675.374
-27.25,-21.25,727.432
-26.75,-21.25,778.921
-26.25,-21.25,829.496
-25.75,-21.25,878.871
-25.25,-21.25,926.826
-24.75,-21.25,973.212
-24.25,-21.25,1017.96
-23.75,-21.25,1061.07
-23.25,-21.25,1102.62
-22.75,-21.25,1142.76
-22.25,-21.25,1181.69
-21.75,-21.25,1219.65
-21.25,-21.25,1256.91
-20.75,-21.25,1293.72
-20.25,-21.25,1330.33
-19.75,-21.25,1366.96
-19.25,-21.25,1403.76
-18.75,-21.25,1440.87
-18.25,-21.25,1478.35
-17.75,-21.25,1516.23
-17.25,-21.25,1554.51
-16.75,-21.25,1593.16
-16.25,-21.25,1632.15
-15.75,-21.25,1671.43
-15.25,-21.25,1710.97
-14.75,-21.25,1750.74
-14.25,-21.25,1790.71
-13.75,-21.25,1830.87
-13.25,-21.25,1871.23
-12.75,-21.25,1911.8
-12.25,-21.25,1952.61
-11.75,-21.25,1993.73
-11.25,-21.25,2035.26
-10.75,-21.25,2077.33
-10.25,-21.25,2120.12
-9.75,-21.25,2163.87
-9.25,-21.25,2208.84
-8.75,-21.25,2255.33
-8.25,-21.25,2303.67
-7.75,-21.25,2354.18
-7.25,-21.25,2407.15
-6.75,-21.25,2462.85
-6.25,-21.25,2521.46
-5.75,-21.25,2583.08
-5.25,-21.25,2647.71
-4.75,-21.25,2715.24
-4.25,-21.25,2785.45
-3.75,-21.25,2857.97
-3.25,-21.25,2932.39
-2.75,-21.25,3008.16
-2.25,-21.25,3084.73
-1.75,-21.25,3161.49
-1.25,-21.25,3237.89
-0.75,-21.25,3313.41
-0.25,-21.25,3387.59
0.25,-21.25,3460.1
0.75,-21.25,3530.69
1.25,-21.25,3599.2
1.75,-21.25,3665.52
2.25,-21.25,3729.59
2.75,-21.25,3791.3
3.25,-21.25,3850.49
3.75,-21.25,3906.88
4.25,-21.25,3960.05
4.75,-21.25,4009.45
5.25,-21.25,4054.36
5.75,-21.25,4093.92
6.25,-21.25,4127.21
6.75,-21.25,4153.25
7.25,-21.25,4171.1
7.75,-21.25,4179.92
8.25,-21.25,4179.03
8.75,-21.25,4167.96
9.25,-21.25,4146.51
9.75,-21.25,4114.75
10.25,-21.25,4073.04
10.75,-21.25,4022.01
11.25,-21.25,3962.49
11.75,-21.25,3895.5
12.25,-21.25,3822.12
12.75,-21.25,3743.52
13.25,-21.25,3660.78
13.75,-21.25,3574.94
14.25,-21.25,3486.89
14.75,-21.25,3397.38
15.25,-21.25,3307.01
15.75,-21.25,3216.23
16.25,-21.25,3125.37
16.75,-21.25,3034.62
17.25,-21.25,2944.12
17.75,-21.25,2853.93
18.25,-21.25,2764.07
18.75,-21.25,2674.51
19.25,-21.25,2585.2
19.75,-21.25,2496.08
20.25,-21.25,2407.07
20.75,-21.25,2318.1
21.25,-21.25,2229.09
21.75,-21.25,2140.03
22.25,-21.25,2050.93
22.75,-21.25,1961.86
23.25,-21.25,1872.96
23.75,-21.25,1784.44
24.25,-21.25,1696.55
24.75,-21.25,1609.6
25.25,-21.25,1523.91
25.75,-21.25,1439.8
26.25,-21.25,1357.56
26.75,-21.25,1277.47
27.25,-21.25,1199.72
27.75,-21.25,1124.44
28.25,-21.25,1051.72
28.75,-21.25,981.569
29.25,-21.25,913.964
29.75,-21.25,848.85
30.25,-21.25,786.155
30.75,-21.25,725.81
31.25,-21.25,667.762
31.75,-21.25,611.981
32.25,-21.25,558.47
32.75,-21.25,507.268
33.25,-21.25,458.447
33.75,-21.25,412.104
34.25,-21.25,368.355
34.75,-21.25,327.322
35.25,-21.25,289.115
35.75,-21.25,253.828
36.25,-21.25,221.519
36.75,-21.25,192.205
37.25,-21.25,165.857
37.75,-21.25,142.399
38.25,-21.25,121.707
38.75,-21.25,103.621
39.25,-21.25,87.9466
39.75,-21.25,74.4692
40.25,-21.25,62.9612
40.75,-21.25,53.1926
41.25,-21.25,44.9386
41.75,-21.25,37.9864
42.25,-21.25,32.139
42.75,-21.25,27.2205
43.25,-21.25,23.076
43.75,-21.25,19.5729
44.25,-21.25,16.5968
44.75,-21.25,14.0514
-44.75,-20.75,23.9041
-44.25,-20.75,24.0013
-43.75,-20.75,23.9807
-43.25,-20.75,24.0202
-42.75,-20.75,24.2452
-42.25,-20.75,24.7125
-41.75,-20.75,25.4724
-41.25,-20.75,26.5787
-40.75,-20.75,28.0927
-40.25,-20.75,30.0889
-39.75,-20.75,32.6588
-39.25,-20.75,35.9161
-38.75,-20.75,40.0016
-38.25,-20.75,45.0867
-37.75,-20.75,51.3764
-37.25,-20.75,59.1106
-36.75,-20.75,68.5638
-36.25,-20.75,80.0405
-35.75,-20.75,93.8673
-35.25,-20.75,110.379
-34.75,-20.75,129.902
-34.25,-20.75,152.732
-33.75,-20.75,179.113
-33.25,-20.75,209.211
-32.75,-20.75,243.102
-32.25,-20.75,280.754
-31.75,-20.75,322.02
-31.25,-20.75,366.646
-30.75,-20.75,414.28
-30.25,-20.75,464.487
-29.75,-20.75,516.771
-29.25,-20.75,570.603
-28.75,-20.75,625.436
-28.25,-20.75,680.735
-27.75,-20.75,735.989
-27.25,-20.75,790.732
-26.75,-20.75,844.555
-26.25,-20.75,897.117
-25.75,-20.75,948.154
-25.25,-20.75,997.487
-24.75,-20.75,1045.02
-24.25,-20.75,1090.76
-23.75,-20.75,1134.77
-23.25,-20.75,1177.21
-22.75,-20.75,1218.31
-22.25,-20.75,1258.33
-21.75,-20.75,1297.56
-21.25,-20.75,1336.3
-20.75,-20.75,1374.83
-20.25,-20.75,1413.4
-19.75,-20.75,1452.2
-19.25,-20.75,1491.37
-18.75,-20.75,1531
-18.25,-20.75,1571.11
-17.75,-20.75,1611.67
-17.25,-20.75,1652.63
-16.75,-20.75,1693.92
-16.25,-20.75,1735.45
-15.75,-20.75,1777.14
-15.25,-20.75,1818.93
-14.75,-20.75,1860.8
-14.25,-20.75,1902.72
-13.75,-20.75,1944.73
-13.25,-20.75,1986.86
-12.75,-20.75,2029.2
-12.25,-20.75,2071.85
-11.75,-20.75,2114.96
-11.25,-20.75,2158.68
-10.75,-20.75,2203.21
-10.25,-20.75,2248.78
-9.75,-20.75,2295.62
-9.25,-20.75,2344.02
-8.75,-20.75,2394.25
-8.25,-20.75,2446.58
-7.75,-20.75,2501.29
-7.25,-20.75,2558.59
-6.75,-20.75,2618.67
-6.25,-20.75,2681.65
-5.75,-20.75,2747.56
-5.25,-20.75,2816.35
-4.75,-20.75,2887.85
-4.25,-20.75,2961.8
-3.75,-20.75,3037.82
-3.25,-20.75,3115.47
-2.75,-20.75,3194.21
-2.25,-20.75,3273.5
-1.75,-20.75,3352.76
-1.25,-20.75,3431.46
-0.75,-20.75,3509.1
-0.25,-20.75,3585.29
0.25,-20.75,3659.73
0.75,-20.75,3732.19
1.25,-20.75,3802.54
1.75,-20.75,3870.69
2.25,-20.75,3936.55
2.75,-20.75,3999.99
3.25,-20.75,4060.82
3.75,-20.75,4118.71
4.25,-20.75,4173.22
4.75,-20.75,4223.73
5.25,-20.75,4269.47
5.75,-20.75,4309.59
6.25,-20.75,4343.12
6.75,-20.75,4369.07
7.25,-20.75,4386.51
7.75,-20.75,4394.59
8.25,-20.75,4392.64
8.75,-20.75,4380.21
9.25,-20.75,4357.11
9.75,-20.75,4323.43
10.25,-20.75,4279.57
10.75,-20.75,4226.16
11.25,-20.75,4164.1
11.75,-20.75,4094.43
12.25,-20.75,4018.28
12.75,-20.75,3936.84
13.25,-20.75,3851.24
13.75,-20.75,3762.52
14.25,-20.75,3671.58
14.75,-20.75,3579.14
15.25,-20.75,3485.77
15.75,-20.75,3391.86
16.25,-20.75,3297.69
16.75,-20.75,3203.39
17.25,-20.75,3109.05
17.75,-20.75,3014.68
18.25,-20.75,2920.26
18.75,-20.75,2825.79
19.25,-20.75,2731.22
19.75,-20.75,2636.55
20.25,-20.75,2541.77
20.75,-20.75,2446.89
21.25,-20.75,2351.95
21.75,-20.75,2257.04
22.25,-20.75,2162.27
22.75,-20.75,2067.81
23.25,-20.75,1973.86
23.75,-20.75,1880.69
24.25,-20.75,1788.59
24.75,-20.75,1697.84
25.25,-20.75,1608.76
25.75,-20.75,1521.6
26.25,-20.75,1436.61
26.75,-20.75,1353.96
27.25,-20.75,1273.76
27.75,-20.75,1196.09
28.25,-20.75,1120.92
28.75,-20.75,1048.24
29.25,-20.75,977.958
29.75,-20.75,910.001
30.25,-20.75,844.29
30.75,-20.75,780.765
31.25,-20.75,719.4
31.75,-20.75,660.203
32.25,-20.75,603.224
32.75,-20.75,548.551
33.25,-20.75,496.305
33.75,-20.75,446.628
34.25,-20.75,399.674
34.75,-20.75,355.593
35.25,-20.75,314.519
35.75,-20.75,276.556
36.25,-20.75,241.768
36.75,-20.75,210.173
37.25,-20.75,181.737
37.75,-20.75,156.377
38.25,-20.75,133.962
38.75,-20.75,114.322
39.25,-20.75,97.2544
39.75,-20.75,82.5351
40.25,-20.75,69.9267
40.75,-20.75,59.189
41.25,-20.75,50.0864
41.75,-20.75,42.395
42.25,-20.75,35.9068
42.75,-20.75,30.4346
43.25,-20.75,25.8131
43.75,-20.75,21.8997
44.25,-20.75,18.5709
44.75,-20.75,15.7218
-44.75,-20.25,24.7595
-44.25,-20.25,24.9523
-43.75,-20.25,25.0286
-43.25,-20.25,25.1723
-42.75,-20.25,25.5145
-42.25,-20.25,26.1168
-41.75,-20.25,27.0358
-41.25,-20.25,28.332
-40.75,-20.25,30.0757
-40.25,-20.25,32.3517
-39.75,-20.25,35.2641
-39.25,-20.25,38.9422
-38.75,-20.25,43.5448
-38.25,-20.25,49.2643
-37.75,-20.25,56.3299
-37.25,-20.25,65.008
-36.75,-20.25,75.6011
-36.25,-20.25,88.4421
-35.75,-20.25,103.885
-35.25,-20.25,122.287
-34.75,-20.25,143.993
-34.25,-20.25,169.307
-33.75,-20.25,198.472
-33.25,-20.25,231.642
-32.75,-20.25,268.869
-32.25,-20.25,310.083
-31.75,-20.25,355.094
-31.25,-20.25,403.591
-30.75,-20.25,455.161
-30.25,-20.25,509.303
-29.75,-20.25,565.457
-29.25,-20.25,623.024
-28.75,-20.25,681.4
-28.25,-20.25,739.994
-27.75,-20.25,798.251
-27.25,-20.25,855.676
-26.75,-20.25,911.845
-26.25,-20.25,966.42
-25.75,-20.25,1019.16
-25.25,-20.25,1069.92
-24.75,-20.25,1118.66
-24.25,-20.25,1165.45
-23.75,-20.25,1210.43
-23.25,-20.25,1253.84
-22.75,-20.25,1295.96
-22.25,-20.25,1337.12
-21.75,-20.25,1377.65
-21.25,-20.25,1417.9
-20.75,-20.25,1458.16
-20.25,-20.25,1498.67
-19.75,-20.25,1539.61
-19.25,-20.25,1581.1
-18.75,-20.25,1623.18
-18.25,-20.25,1665.82
-17.75,-20.25,1708.95
-17.25,-20.25,1752.48
-16.75,-20.25,1796.26
-16.25,-20.25,1840.19
-15.75,-20.25,1884.16
-15.25,-20.25,1928.08
-14.75,-20.25,1971.93
-14.25,-20.25,2015.72
-13.75,-20.25,2059.48
-13.25,-20.25,2103.33
-12.75,-20.25,2147.42
-12.25,-20.25,2191.91
-11.75,-20.25,2237.03
-11.25,-20.25,2283
-10.75,-20.25,2330.1
-10.25,-20.25,2378.57
-9.75,-20.25,2428.7
-9.25,-20.25,2480.73
-8.75,-20.25,2534.93
-8.25,-20.25,2591.51
-7.75,-20.25,2650.68
-7.25,-20.25,2712.57
-6.75,-20.25,2777.3
-6.25,-20.25,2844.89
-5.75,-20.25,2915.29
-5.25,-20.25,2988.4
-4.75,-20.25,3063.99
-4.25,-20.25,3141.76
-3.75,-20.25,3221.32
-3.25,-20.25,3302.2
-2.75,-20.25,3383.91
-2.25,-20.25,3465.9
-1.75,-20.25,3547.63
-1.25,-20.25,3628.62
-0.75,-20.25,3708.43
-0.25,-20.25,3786.71
0.25,-20.25,3863.2
0.75,-20.25,3937.72
1.25,-20.25,4010.13
1.75,-20.25,4080.36
2.25,-20.25,4148.28
2.75,-20.25,4213.74
3.25,-20.25,4276.49
3.75,-20.25,4336.14
4.25,-20.25,4392.18
4.75,-20.25,4443.94
5.25,-20.25,4490.62
5.75,-20.25,4531.31
6.25,-20.25,4565.05
6.75,-20.25,4590.85
7.25,-20.25,4607.78
7.75,-20.25,4615.03
8.25,-20.25,4611.93
8.75,-20.25,4598.07
9.25,-20.25,4573.29
9.75,-20.25,4537.7
10.25,-20.25,4491.73
10.75,-20.25,4436.03
11.25,-20.25,4371.52
11.75,-20.25,4299.27
12.25,-20.25,4220.44
12.75,-20.25,4136.22
13.25,-20.25,4047.77
13.75,-20.25,3956.12
14.25,-20.25,3862.17
14.75,-20.25,3766.63
15.25,-20.25,3670.02
15.75,-20.25,3572.71
16.25,-20.25,3474.9
16.75,-20.25,3376.7
17.25,-20.25,3278.12
17.75,-20.25,3179.16
18.25,-20.25,3079.78
18.75,-20.25,2979.98
19.25,-20.25,2879.77
19.75,-20.25,2779.18
20.25,-20.25,2678.31
20.75,-20.25,2577.25
21.25,-20.25,2476.18
21.75,-20.25,2375.27
22.25,-20.25,2274.77
22.75,-20.25,2174.92
23.25,-20.25,2076.02
23.75,-20.25,1978.36
24.25,-20.25,1882.25
24.75,-20.25,1787.97
25.25,-20.25,1695.77
25.75,-20.25,1605.86
26.25,-20.25,1518.4
26.75,-20.25,1433.45
27.25,-20.25,1351.06
27.75,-20.25,1271.17
28.25,-20.25,1193.71
28.75,-20.25,1118.57
29.25,-20.25,1045.65
29.75,-20.25,974.825
30.25,-20.25,906.026
30.75,-20.25,839.212
31.25,-20.25,774.388
31.75,-20.25,711.61
32.25,-20.25,650.984
32.75,-20.25,592.654
33.25,-20.25,536.797
33.75,-20.25,483.603
34.25,-20.25,433.268
34.75,-20.25,385.974
35.25,-20.25,341.874
35.75,-20.25,301.085
36.25,-20.25,263.675
36.75,-20.25,229.661
37.25,-20.25,199.004
37.75,-20.25,171.615
38.25,-20.25,147.355
38.75,-20.25,126.043
39.25,-20.25,107.469
39.75,-20.25,91.4006
40.25,-20.25,77.5904
40.75,-20.25,65.7885
41.25,-20.25,55.7493
41.75,-20.25,47.2384
42.25,-20.25,40.0365
42.75,-20.25,33.9458
43.25,-20.25,28.7901
43.75,-20.25,24.4168
44.25,-20.25,20.6927
44.75,-20.25,17.5039
-44.75,-19.75,25.6181
-44.25,-19.75,25.8962
-43.75,-19.75,26.0662
-43.25,-19.75,26.3182
-42.75,-19.75,26.7895
-42.25,-19.75,27.5472
-41.75,-19.75,28.6539
-41.25,-19.75,30.1782
-40.75,-19.75,32.1994
-40.25,-19.75,34.8137
-39.75,-19.75,38.1392
-39.25,-19.75,42.3215
-38.75,-19.75,47.5385
-38.25,-19.75,54.0047
-37.75,-19.75,61.9737
-37.25,-19.75,71.7377
-36.75,-19.75,83.6257
-36.25,-19.75,97.996
-35.75,-19.75,115.225
-35.25,-19.75,135.689
-34.75,-19.75,159.74
-34.25,-19.75,187.687
-33.75,-19.75,219.762
-33.25,-19.75,256.103
-32.75,-19.75,296.731
-32.25,-19.75,341.54
-31.75,-19.75,390.292
-31.25,-19.75,442.628
-30.75,-19.75,498.076
-30.25,-19.75,556.079
-29.75,-19.75,616.017
-29.25,-19.75,677.237
-28.75,-19.75,739.08
-28.25,-19.75,800.908
-27.75,-19.75,862.132
-27.25,-19.75,922.229
-26.75,-19.75,980.764
-26.25,-19.75,1037.4
-25.75,-19.75,1091.92
-25.25,-19.75,1144.21
-24.75,-19.75,1194.29
-24.25,-19.75,1242.26
-23.75,-19.75,1288.36
-23.25,-19.75,1332.86
-22.75,-19.75,1376.12
-22.25,-19.75,1418.52
-21.75,-19.75,1460.44
-21.25,-19.75,1502.23
-20.75,-19.75,1544.22
-20.25,-19.75,1586.63
-19.75,-19.75,1629.65
-19.25,-19.75,1673.34
-18.75,-19.75,1717.72
-18.25,-19.75,1762.72
-17.75,-19.75,1808.23
-17.25,-19.75,1854.11
-16.75,-19.75,1900.18
-16.25,-19.75,1946.31
-15.75,-19.75,1992.35
-15.25,-19.75,2038.24
-14.75,-19.75,2083.92
-14.25,-19.75,2129.44
-13.75,-19.75,2174.87
-13.25,-19.75,2220.38
-12.75,-19.75,2266.18
-12.25,-19.75,2312.51
-11.75,-19.75,2359.66
-11.25,-19.75,2407.94
-10.75,-19.75,2457.66
-10.25,-19.75,2509.14
-9.75,-19.75,2562.65
-9.25,-19.75,2618.45
-8.75,-19.75,2676.75
-8.25,-19.75,2737.73
-7.75,-19.75,2801.51
-7.25,-19.75,2868.16
-6.75,-19.75,2937.67
-6.25,-19.75,3010.01
-5.75,-19.75,3085.03
-5.25,-19.75,3162.56
-4.75,-19.75,3242.33
-4.25,-19.75,3323.98
-3.75,-19.75,3407.13
-3.25,-19.75,3491.3
-2.75,-19.75,3576.01
-2.25,-19.75,3660.76
-1.75,-19.75,3745.06
-1.25,-19.75,3828.47
-0.75,-19.75,3910.62
-0.25,-19.75,3991.22
0.25,-19.75,4070.03
0.75,-19.75,4146.92
1.25,-19.75,4221.76
1.75,-19.75,4294.44
2.25,-19.75,4364.82
2.75,-19.75,4432.69
3.25,-19.75,4497.71
3.75,-19.75,4559.43
4.25,-19.75,4617.27
4.75,-19.75,4670.48
5.25,-19.75,4718.23
5.75,-19.75,4759.57
6.25,-19.75,4793.54
6.75,-19.75,4819.15
7.25,-19.75,4835.51
7.75,-19.75,4841.84
8.25,-19.75,4837.52
8.75,-19.75,4822.17
9.25,-19.75,4795.66
9.75,-19.75,4758.15
10.25,-19.75,4710.06
10.75,-19.75,4652.09
11.25,-19.75,4585.15
11.75,-19.75,4510.31
12.25,-19.75,4428.75
12.75,-19.75,4341.68
13.25,-19.75,4250.23
13.75,-19.75,4155.45
14.25,-19.75,4058.23
14.75,-19.75,3959.27
15.25,-19.75,3859.06
15.75,-19.75,3757.94
16.25,-19.75,3656.08
16.75,-19.75,3553.55
17.25,-19.75,3450.33
17.75,-19.75,3346.39
18.25,-19.75,3241.71
18.75,-19.75,3136.29
19.25,-19.75,3030.18
19.75,-19.75,2923.48
20.25,-19.75,2816.38
20.75,-19.75,2709.08
21.25,-19.75,2601.85
21.75,-19.75,2495
22.25,-19.75,2388.86
22.75,-19.75,2283.78
23.25,-19.75,2180.1
23.75,-19.75,2078.17
24.25,-19.75,1978.28
24.75,-19.75,1880.7
25.25,-19.75,1785.63
25.75,-19.75,1693.19
26.25,-19.75,1603.44
26.75,-19.75,1516.37
27.25,-19.75,1431.89
27.75,-19.75,1349.88
28.25,-19.75,1270.17
28.75,-19.75,1192.6
29.25,-19.75,1117
29.75,-19.75,1043.25
30.25,-19.75,971.282
30.75,-19.75,901.072
31.25,-19.75,832.667
31.75,-19.75,766.176
32.25,-19.75,701.762
32.75,-19.75,639.63
33.25,-19.75,580.013
33.75,-19.75,523.153
34.25,-19.75,469.288
34.75,-19.75,418.629
35.25,-19.75,371.352
35.75,-19.75,327.586
36.25,-19.75,287.404
36.75,-19.75,250.821
37.25,-19.75,217.797
37.75,-19.75,188.234
38.25,-19.75,161.986
38.75,-19.75,138.866
39.25,-19.75,118.656
39.75,-19.75,101.114
40.25,-19.75,85.9856
40.75,-19.75,73.0114
41.25,-19.75,61.9363
41.75,-19.75,52.5153
42.25,-19.75,44.5187
42.75,-19.75,37.7373
43.25,-19.75,31.9845
43.75,-19.75,27.0968
44.25,-19.75,22.9312
44.75,-19.75,19.3641
-44.75,-19.25,26.5543
-44.25,-19.25,26.91
-43.75,-19.25,27.171
-43.25,-19.25,27.5353
-42.75,-19.25,28.1473
-42.25,-19.25,29.08
-41.75,-19.25,30.4033
-41.25,-19.25,32.1942
-40.75,-19.25,34.5429
-40.25,-19.25,37.5583
-39.75,-19.25,41.3741
-39.25,-19.25,46.1538
-38.75,-19.25,52.0961
-38.25,-19.25,59.4386
-37.75,-19.25,68.4594
-37.25,-19.25,79.476
-36.75,-19.25,92.8416
-36.25,-19.25,108.936
-35.75,-19.25,128.153
-35.25,-19.25,150.877
-34.75,-19.25,177.465
-34.25,-19.25,208.217
-33.75,-19.25,243.347
-33.25,-19.25,282.967
-32.75,-19.25,327.065
-32.25,-19.25,375.493
-31.75,-19.25,427.969
-31.25,-19.25,484.083
-30.75,-19.25,543.318
-30.25,-19.25,605.065
-29.75,-19.25,668.658
-29.25,-19.25,733.397
-28.75,-19.25,798.584
-28.25,-19.25,863.546
-27.75,-19.25,927.665
-27.25,-19.25,990.401
-26.75,-19.25,1051.31
-26.25,-19.25,1110.07
-25.75,-19.25,1166.46
-25.25,-19.25,1220.42
-24.75,-19.25,1272
-24.25,-19.25,1321.35
-23.75,-19.25,1368.75
-23.25,-19.25,1414.54
-22.75,-19.25,1459.12
-22.25,-19.25,1502.91
-21.75,-19.25,1546.32
-21.25,-19.25,1589.73
-20.75,-19.25,1633.46
-20.25,-19.25,1677.74
-19.75,-19.25,1722.72
-19.25,-19.25,1768.47
-18.75,-19.25,1814.96
-18.25,-19.25,1862.09
-17.75,-19.25,1909.73
-17.25,-19.25,1957.69
-16.75,-19.25,2005.79
-16.25,-19.25,2053.85
-15.75,-19.25,2101.74
-15.25,-19.25,2149.36
-14.75,-19.25,2196.71
-14.25,-19.25,2243.83
-13.75,-19.25,2290.84
-13.25,-19.25,2337.95
-12.75,-19.25,2385.43
-12.25,-19.25,2433.59
-11.75,-19.25,2482.79
-11.25,-19.25,2533.4
-10.75,-19.25,2585.79
-10.25,-19.25,2640.29
-9.75,-19.25,2697.22
-9.25,-19.25,2756.82
-8.75,-19.25,2819.26
-8.25,-19.25,2884.67
-7.75,-19.25,2953.1
-7.25,-19.25,3024.53
-6.75,-19.25,3098.88
-6.25,-19.25,3176
-5.75,-19.25,3255.68
-5.25,-19.25,3337.68
-4.75,-19.25,3421.66
-4.25,-19.25,3507.27
-3.75,-19.25,3594.07
-3.25,-19.25,3681.63
-2.75,-19.25,3769.47
-2.25,-19.25,3857.15
-1.75,-19.25,3944.22
-1.25,-19.25,4030.32
-0.75,-19.25,4115.13
-0.25,-19.25,4198.41
0.25,-19.25,4279.97
0.75,-19.25,4359.68
1.25,-19.25,4437.43
1.75,-19.25,4513.06
2.25,-19.25,4586.39
2.75,-19.25,4657.12
3.25,-19.25,4724.84
3.75,-19.25,4789
4.25,-19.25,4848.94
4.75,-19.25,4903.85
5.25,-19.25,4952.83
5.75,-19.25,4994.93
6.25,-19.25,5029.16
6.75,-19.25,5054.59
7.25,-19.25,5070.35
7.75,-19.25,5075.7
8.25,-19.25,5070.09
8.75,-19.25,5053.19
9.25,-19.25,5024.91
9.75,-19.25,4985.42
10.25,-19.25,4935.18
10.75,-19.25,4874.88
11.25,-19.25,4805.42
11.75,-19.25,4727.88
12.25,-19.25,4643.43
12.75,-19.25,4553.26
13.25,-19.25,4458.52
13.75,-19.25,4360.25
14.25,-19.25,4259.33
14.75,-19.25,4156.47
15.25,-19.25,4052.16
15.75,-19.25,3946.71
16.25,-19.25,3840.3
16.75,-19.25,3732.96
17.25,-19.25,3624.68
17.75,-19.25,3515.42
18.25,-19.25,3405.16
18.75,-19.25,3293.93
19.25,-19.25,3181.82
19.75,-19.25,3069.01
20.25,-19.25,2955.74
20.75,-19.25,2842.33
21.25,-19.25,2729.14
21.75,-19.25,2616.58
22.25,-19.25,2505.07
22.75,-19.25,2395.03
23.25,-19.25,2286.85
23.75,-19.25,2180.91
24.25,-19.25,2077.48
24.75,-19.25,1976.8
25.25,-19.25,1879.01
25.75,-19.25,1784.15
26.25,-19.25,1692.19
26.75,-19.25,1603.02
27.25,-19.25,1516.46
27.75,-19.25,1432.28
28.25,-19.25,1350.25
28.75,-19.25,1270.16
29.25,-19.25,1191.79
29.75,-19.25,1115.02
30.25,-19.25,1039.78
30.75,-19.25,966.071
31.25,-19.25,893.988
31.75,-19.25,823.69
32.25,-19.25,755.395
32.75,-19.25,689.368
33.25,-19.25,625.896
33.75,-19.25,565.27
34.25,-19.25,507.764
34.75,-19.25,453.622
35.25,-19.25,403.04
35.75,-19.25,356.158
36.25,-19.25,313.057
36.75,-19.25,273.754
37.25,-19.25,238.205
37.75,-19.25,206.312
38.25,-19.25,177.922
38.75,-19.25,152.843
39.25,-19.25,130.852
39.75,-19.25,111.7
40.25,-19.25,95.1254
40.75,-19.25,80.8601
41.25,-19.25,68.6402
41.75,-19.25,58.2108
42.25,-19.25,49.3316
42.75,-19.25,41.7823
43.25,-19.25,35.365
43.75,-19.25,29.9057
44.25,-19.25,25.2503
44.75,-19.25,21.265
-44.75,-18.75,27.6318
-44.25,-18.75,28.0649
-43.75,-18.75,28.4201
-43.25,-18.75,28.9048
-42.75,-18.75,29.6719
-42.25,-18.75,30.8015
-41.75,-18.75,32.372
-41.25,-18.75,34.4706
-40.75,-18.75,37.1999
-40.25,-18.75,40.684
-39.75,-18.75,45.0741
-39.25,-18.75,50.5542
-38.75,-18.75,57.3457
-38.25,-18.75,65.7106
-37.75,-18.75,75.9519
-37.25,-18.75,88.4114
-36.75,-18.75,103.464
-36.25,-18.75,121.506
-35.75,-18.75,142.94
-35.25,-18.75,168.156
-34.75,-18.75,197.499
-34.25,-18.75,231.252
-33.75,-18.75,269.602
-33.25,-18.75,312.626
-32.75,-18.75,360.268
-32.25,-18.75,412.339
-31.75,-18.75,468.509
-31.25,-18.75,528.324
-30.75,-18.75,591.224
-30.25,-18.75,656.561
-29.75,-18.75,723.634
-29.25,-18.75,791.712
-28.75,-18.75,860.07
-28.25,-18.75,928.015
-27.75,-18.75,994.913
-27.25,-18.75,1060.22
-26.75,-18.75,1123.49
-26.25,-18.75,1184.4
-25.75,-18.75,1242.78
-25.25,-18.75,1298.56
-24.75,-18.75,1351.82
-24.25,-18.75,1402.78
-23.75,-18.75,1451.73
-23.25,-18.75,1499.06
-22.75,-18.75,1545.19
-22.25,-18.75,1590.57
-21.75,-18.75,1635.63
-21.25,-18.75,1680.75
-20.75,-18.75,1726.24
-20.25,-18.75,1772.35
-19.75,-18.75,1819.2
-19.25,-18.75,1866.84
-18.75,-18.75,1915.22
-18.25,-18.75,1964.23
-17.75,-18.75,2013.7
-17.25,-18.75,2063.45
-16.75,-18.75,2113.26
-16.25,-18.75,2162.97
-15.75,-18.75,2212.44
-15.25,-18.75,2261.59
-14.75,-18.75,2310.43
-14.25,-18.75,2359.01
-13.75,-18.75,2407.52
-13.25,-18.75,2456.18
-12.75,-18.75,2505.32
-12.25,-18.75,2555.31
-11.75,-18.75,2606.57
-11.25,-18.75,2659.51
-10.75,-18.75,2714.56
-10.25,-18.75,2772.08
-9.75,-18.75,2832.38
-9.25,-18.75,2895.72
-8.75,-18.75,2962.23
-8.25,-18.75,3031.99
-7.75,-18.75,3104.99
-7.25,-18.75,3181.12
-6.75,-18.75,3260.23
-6.25,-18.75,3342.08
-5.75,-18.75,3426.4
-5.25,-18.75,3512.86
-4.75,-18.75,3601.1
-4.25,-18.75,3690.72
-3.75,-18.75,3781.3
-3.25,-18.75,3872.4
-2.75,-18.75,3963.59
-2.25,-18.75,4054.46
-1.75,-18.75,4144.63
-1.25,-18.75,4233.81
-0.75,-18.75,4321.72
-0.25,-18.75,4408.17
0.25,-18.75,4493.01
0.75,-18.75,4576.11
1.25,-18.75,4657.33
1.75,-18.75,4736.48
2.25,-18.75,4813.29
2.75,-18.75,4887.39
3.25,-18.75,4958.27
3.75,-18.75,5025.27
4.25,-18.75,5087.65
4.75,-18.75,5144.51
5.25,-18.75,5194.91
5.75,-18.75,5237.89
6.25,-18.75,5272.47
6.75,-18.75,5297.73
7.25,-18.75,5312.87
7.75,-18.75,5317.22
8.25,-18.75,5310.27
8.75,-18.75,5291.76
9.25,-18.75,5261.63
9.75,-18.75,5220.09
10.25,-18.75,5167.59
10.75,-18.75,5104.82
11.25,-18.75,5032.68
11.75,-18.75,4952.22
12.25,-18.75,4864.58
12.75,-18.75,4770.95
13.25,-18.75,4672.47
13.75,-18.75,4570.2
14.25,-18.75,4465.02
14.75,-18.75,4357.66
15.25,-18.75,4248.62
15.75,-18.75,4138.24
16.25,-18.75,4026.69
16.75,-18.75,3914.04
17.25,-18.75,3800.28
17.75,-18.75,3685.38
18.25,-18.75,3569.34
18.75,-18.75,3452.23
19.25,-18.75,3334.16
19.75,-18.75,3215.39
20.25,-18.75,3096.2
20.75,-18.75,2977
21.25,-18.75,2858.23
21.75,-18.75,2740.37
22.25,-18.75,2623.9
22.75,-18.75,2509.28
23.25,-18.75,2396.96
23.75,-18.75,2287.3
24.25,-18.75,2180.56
24.75,-18.75,2076.94
25.25,-18.75,1976.5
25.75,-18.75,1879.23
26.25,-18.75,1785.01
26.75,-18.75,1693.62
27.25,-18.75,1604.82
27.75,-18.75,1518.3
28.25,-18.75,1433.77
28.75,-18.75,1350.96
29.25,-18.75,1269.66
29.75,-18.75,1189.71
30.25,-18.75,1111.07
30.75,-18.75,1033.77
31.25,-18.75,957.937
31.75,-18.75,883.779
32.25,-18.75,811.567
32.75,-18.75,741.612
33.25,-18.75,674.251
33.75,-18.75,609.814
34.25,-18.75,548.61
34.75,-18.75,490.908
35.25,-18.75,436.924
35.75,-18.75,386.813
36.25,-18.75,340.662
36.75,-18.75,298.494
37.25,-18.75,260.268
37.75,-18.75,225.886
38.25,-18.75,195.194
38.75,-18.75,167.999
39.25,-18.75,144.075
39.75,-18.75,123.167
40.25,-18.75,105.01
40.75,-18.75,89.3277
41.25,-18.75,75.8483
41.75,-18.75,64.3073
42.25,-18.75,54.4536
42.75,-18.75,46.0561
43.25,-18.75,38.9051
43.75,-18.75,32.8153
44.25,-18.75,27.6212
44.75,-18.75,23.1781
-44.75,-18.25,28.8897
-44.25,-18.25,29.4127
-43.75,-18.25,29.8756
-43.25,-18.25,30.497
-42.75,-18.25,31.4402
-42.25,-18.25,32.794
-41.75,-18.25,34.6467
-41.25,-18.25,37.098
-40.75,-18.25,40.2655
-40.25,-18.25,44.2912
-39.75,-18.25,49.3467
-39.25,-18.25,55.6394
-38.75,-18.25,63.4156
-38.25,-18.25,72.9633
-37.75,-18.25,84.6112
-37.25,-18.25,98.7236
-36.75,-18.25,115.694
-36.25,-18.25,135.93
-35.75,-18.25,159.839
-35.25,-18.25,187.799
-34.75,-18.25,220.139
-34.25,-18.25,257.111
-33.75,-18.25,298.864
-33.25,-18.25,345.427
-32.75,-18.25,396.699
-32.25,-18.25,452.437
-31.75,-18.25,512.266
-31.25,-18.25,575.691
-30.75,-18.25,642.112
-30.25,-18.25,710.856
-29.75,-18.25,781.196
-29.25,-18.25,852.388
-28.75,-18.25,923.695
-28.25,-18.25,994.42
-27.75,-18.25,1063.93
-27.25,-18.25,1131.69
-26.75,-18.25,1197.27
-26.25,-18.25,1260.36
-25.75,-18.25,1320.79
-25.25,-18.25,1378.55
-24.75,-18.25,1433.72
-24.25,-18.25,1486.53
-23.75,-18.25,1537.31
-23.25,-18.25,1586.46
-22.75,-18.25,1634.41
-22.25,-18.25,1681.62
-21.75,-18.25,1728.51
-21.25,-18.25,1775.47
-20.75,-18.25,1822.81
-20.25,-18.25,1870.73
-19.75,-18.25,1919.37
-19.25,-18.25,1968.74
-18.75,-18.25,2018.8
-18.25,-18.25,2069.42
-17.75,-18.25,2120.43
-17.25,-18.25,2171.64
-16.75,-18.25,2222.86
-16.25,-18.25,2273.93
-15.75,-18.25,2324.72
-15.25,-18.25,2375.19
-14.75,-18.25,2425.34
-14.25,-18.25,2475.27
-13.75,-18.25,2525.19
-13.25,-18.25,2575.37
-12.75,-18.25,2626.17
-12.25,-18.25,2678
-11.75,-18.25,2731.31
-11.25,-18.25,2786.58
-10.75,-18.25,2844.24
-10.25,-18.25,2904.71
-9.75,-18.25,2968.29
-9.25,-18.25,3035.23
-8.75,-18.25,3105.66
-8.25,-18.25,3179.6
-7.75,-18.25,3256.99
-7.25,-18.25,3337.66
-6.75,-18.25,3421.38
-6.25,-18.25,3507.84
-5.75,-18.25,3596.72
-5.25,-18.25,3687.62
-4.75,-18.25,3780.14
-4.25,-18.25,3873.87
-3.75,-18.25,3968.38
-3.25,-18.25,4063.24
-2.75,-18.25,4158.07
-2.25,-18.25,4252.49
-1.75,-18.25,4346.2
-1.25,-18.25,4438.93
-0.75,-18.25,4530.46
-0.25,-18.25,4620.66
0.25,-18.25,4709.37
0.75,-18.25,4796.47
1.25,-18.25,4881.77
1.75,-18.25,4965.02
2.25,-18.25,5045.88
2.75,-18.25,5123.85
3.25,-18.25,5198.34
3.75,-18.25,5268.57
4.25,-18.25,5333.69
4.75,-18.25,5392.77
5.25,-18.25,5444.79
5.75,-18.25,5488.78
6.25,-18.25,5523.79
6.75,-18.25,5548.94
7.25,-18.25,5563.47
7.75,-18.25,5566.78
8.25,-18.25,5558.45
8.75,-18.25,5538.26
9.25,-18.25,5506.19
9.75,-18.25,5462.47
10.25,-18.25,5407.55
10.75,-18.25,5342.12
11.25,-18.25,5267.03
11.75,-18.25,5183.32
12.25,-18.25,5092.1
12.75,-18.25,4994.55
13.25,-18.25,4891.8
13.75,-18.25,4784.92
14.25,-18.25,4674.83
14.75,-18.25,4562.27
15.25,-18.25,4447.82
15.75,-18.25,4331.83
16.25,-18.25,4214.55
16.75,-18.25,4096.07
17.25,-18.25,3976.42
17.75,-18.25,3855.61
18.25,-18.25,3733.67
18.75,-18.25,3610.69
19.25,-18.25,3486.83
19.75,-18.25,3362.38
20.25,-18.25,3237.68
20.75,-18.25,3113.17
21.25,-18.25,2989.33
21.75,-18.25,2866.7
22.25,-18.25,2745.78
22.75,-18.25,2627.07
23.25,-18.25,2511.01
23.75,-18.25,2397.93
24.25,-18.25,2288.09
24.75,-18.25,2181.62
25.25,-18.25,2078.54
25.75,-18.25,1978.76
26.25,-18.25,1882.08
26.75,-18.25,1788.24
27.25,-18.25,1696.9
27.75,-18.25,1607.74
28.25,-18.25,1520.4
28.75,-18.25,1434.61
29.25,-18.25,1350.12
29.75,-18.25,1266.8
30.25,-18.25,1184.62
30.75,-18.25,1103.63
31.25,-18.25,1024
31.75,-18.25,945.973
32.25,-18.25,869.855
32.75,-18.25,795.999
33.25,-18.25,724.774
33.75,-18.25,656.541
34.25,-18.25,591.634
34.75,-18.25,530.344
35.25,-18.25,472.903
35.75,-18.25,419.48
36.25,-18.25,370.174
36.75,-18.25,325.016
37.25,-18.25,283.972
37.75,-18.25,246.95
38.25,-18.25,213.801
38.75,-18.25,184.334
39.25,-18.25,158.323
39.75,-18.25,135.514
40.25,-18.25,115.636
40.75,-18.25,98.4095
41.25,-18.25,83.5542
41.75,-18.25,70.7969
42.25,-18.25,59.8759
42.75,-18.25,50.5489
43.25,-18.25,42.5946
43.75,-18.25,35.8157
44.25,-18.25,30.0346
44.75,-18.25,25.0946
-44.75,-17.75,30.3373
-44.25,-17.75,30.9781
-43.75,-17.75,31.5758
-43.25,-17.75,32.3613
-42.75,-17.75,33.5107
-42.25,-17.75,35.1232
-41.75,-17.75,37.2995
-41.25,-17.75,40.1541
-40.75,-17.75,43.8228
-40.25,-17.75,48.4685
-39.75,-17.75,54.2872
-39.25,-17.75,61.5121
-38.75,-17.75,70.4176
-38.25,-17.75,81.3193
-37.75,-17.75,94.5715
-37.25,-17.75,110.56
-36.75,-17.75,129.694
-36.25,-17.75,152.387
-35.75,-17.75,179.04
-35.25,-17.75,210.013
-34.75,-17.75,245.606
-34.25,-17.75,286.027
-33.75,-17.75,331.376
-33.25,-17.75,381.625
-32.75,-17.75,436.613
-32.25,-17.75,496.045
-31.75,-17.75,559.495
-31.25,-17.75,626.427
-30.75,-17.75,696.212
-30.25,-17.75,768.156
-29.75,-17.75,841.523
-29.25,-17.75,915.567
-28.75,-17.75,989.563
-28.25,-17.75,1062.83
-27.75,-17.75,1134.75
-27.25,-17.75,1204.81
-26.75,-17.75,1272.6
-26.25,-17.75,1337.85
-25.75,-17.75,1400.41
-25.25,-17.75,1460.28
-24.75,-17.75,1517.56
-24.25,-17.75,1572.48
-23.75,-17.75,1625.39
-23.25,-17.75,1676.66
-22.75,-17.75,1726.74
-22.25,-17.75,1776.05
-21.75,-17.75,1825.01
-21.25,-17.75,1873.98
-20.75,-17.75,1923.25
-20.25,-17.75,1973.01
-19.75,-17.75,2023.37
-19.25,-17.75,2074.35
-18.75,-17.75,2125.89
-18.25,-17.75,2177.88
-17.75,-17.75,2230.15
-17.25,-17.75,2282.54
-16.75,-17.75,2334.88
-16.25,-17.75,2387.03
-15.75,-17.75,2438.91
-15.25,-17.75,2490.49
-14.75,-17.75,2541.8
-14.25,-17.75,2592.99
-13.75,-17.75,2644.27
-13.25,-17.75,2695.94
-12.75,-17.75,2748.39
-12.25,-17.75,2802.06
-11.75,-17.75,2857.43
-11.25,-17.75,2914.99
-10.75,-17.75,2975.23
-10.25,-17.75,3038.54
-9.75,-17.75,3105.27
-9.25,-17.75,3175.64
-8.75,-17.75,3249.78
-8.25,-17.75,3327.68
-7.75,-17.75,3409.22
-7.25,-17.75,3494.21
-6.75,-17.75,3582.35
-6.25,-17.75,3673.28
-5.75,-17.75,3766.62
-5.25,-17.75,3861.93
-4.75,-17.75,3958.79
-4.25,-17.75,4056.75
-3.75,-17.75,4155.38
-3.25,-17.75,4254.29
-2.75,-17.75,4353.1
-2.25,-17.75,4451.5
-1.75,-17.75,4549.21
-1.25,-17.75,4646.02
-0.75,-17.75,4741.76
-0.25,-17.75,4836.29
0.25,-17.75,4929.48
0.75,-17.75,5021.16
1.25,-17.75,5111.11
1.75,-17.75,5199.02
2.25,-17.75,5284.42
2.75,-17.75,5366.72
3.25,-17.75,5445.21
3.75,-17.75,5519.01
4.25,-17.75,5587.17
4.75,-17.75,5648.68
5.25,-17.75,5702.5
5.75,-17.75,5747.64
6.25,-17.75,5783.16
6.75,-17.75,5808.23
7.25,-17.75,5822.17
7.75,-17.75,5824.43
8.25,-17.75,5814.65
8.75,-17.75,5792.68
9.25,-17.75,5758.55
9.75,-17.75,5712.48
10.25,-17.75,5654.94
10.75,-17.75,5586.57
11.25,-17.75,5508.23
11.75,-17.75,5420.88
12.25,-17.75,5325.63
12.75,-17.75,5223.64
13.25,-17.75,5116.04
13.75,-17.75,5003.92
14.25,-17.75,4888.23
14.75,-17.75,4769.8
15.25,-17.75,4649.24
15.75,-17.75,4527.01
16.25,-17.75,4403.41
16.75,-17.75,4278.61
17.25,-17.75,4152.71
17.75,-17.75,4025.76
18.25,-17.75,3897.85
18.75,-17.75,3769.09
19.25,-17.75,3639.69
19.75,-17.75,3509.94
20.25,-17.75,3380.21
20.75,-17.75,3250.94
21.25,-17.75,3122.65
21.75,-17.75,2995.85
22.25,-17.75,2871.07
22.75,-17.75,2748.77
23.25,-17.75,2629.37
23.75,-17.75,2513.18
24.25,-17.75,2400.4
24.75,-17.75,2291.13
25.25,-17.75,2185.32
25.75,-17.75,2082.83
26.25,-17.75,1983.41
26.75,-17.75,1886.76
27.25,-17.75,1792.51
27.75,-17.75,1700.29
28.25,-17.75,1609.76
28.75,-17.75,1520.62
29.25,-17.75,1432.66
29.75,-17.75,1345.74
30.25,-17.75,1259.86
30.75,-17.75,1175.09
31.25,-17.75,1091.64
31.75,-17.75,1009.76
32.25,-17.75,929.796
32.75,-17.75,852.113
33.25,-17.75,777.101
33.75,-17.75,705.138
34.25,-17.75,636.575
34.75,-17.75,571.715
35.25,-17.75,510.805
35.75,-17.75,454.026
36.25,-17.75,401.491
36.75,-17.75,353.244
37.25,-17.75,309.263
37.75,-17.75,269.468
38.25,-17.75,233.719
38.75,-17.75,201.834
39.25,-17.75,173.592
39.75,-17.75,148.74
40.25,-17.75,127.008
40.75,-17.75,108.112
41.25,-17.75,91.7662
41.75,-17.75,77.6893
42.25,-17.75,65.6094
42.75,-17.75,55.273
43.25,-17.75,46.4466
43.75,-17.75,38.9208
44.25,-17.75,32.5051
44.75,-17.75,27.0301
-44.75,-17.25,31.9545
-44.25,-17.25,32.7567
-43.75,-17.25,33.5298
-43.25,-17.25,34.5188
-42.75,-17.25,35.9147
-42.25,-17.25,37.8293
-41.75,-17.25,40.3778
-41.25,-17.25,43.6929
-40.75,-17.25,47.9316
-40.25,-17.25,53.2816
-39.75,-17.25,59.9662
-39.25,-17.25,68.2485
-38.75,-17.25,78.4329
-38.25,-17.25,90.8647
-37.75,-17.25,105.924
-37.25,-17.25,124.018
-36.75,-17.25,145.565
-36.25,-17.25,170.98
-35.75,-17.25,200.649
-35.25,-17.25,234.907
-34.75,-17.25,274.009
-34.25,-17.25,318.11
-33.75,-17.25,367.246
-33.25,-17.25,421.324
-32.75,-17.25,480.115
-32.25,-17.25,543.264
-31.75,-17.25,610.292
-31.25,-17.25,680.623
-30.75,-17.25,753.604
-30.25,-17.25,828.529
-29.75,-17.25,904.666
-29.25,-17.25,981.284
-28.75,-17.25,1057.68
-28.25,-17.25,1133.22
-27.75,-17.25,1207.31
-27.25,-17.25,1279.49
-26.75,-17.25,1349.38
-26.25,-17.25,1416.75
-25.75,-17.25,1481.48
-25.25,-17.25,1543.57
-24.75,-17.25,1603.15
-24.25,-17.25,1660.45
-23.75,-17.25,1715.77
-23.25,-17.25,1769.49
-22.75,-17.25,1822
-22.25,-17.25,1873.71
-21.75,-17.25,1925
-21.25,-17.25,1976.17
-20.75,-17.25,2027.5
-20.25,-17.25,2079.15
-19.75,-17.25,2131.22
-19.25,-17.25,2183.72
-18.75,-17.25,2236.6
-18.25,-17.25,2289.75
-17.75,-17.25,2343.06
-17.25,-17.25,2396.37
-16.75,-17.25,2449.58
-16.25,-17.25,2502.59
-15.75,-17.25,2555.34
-15.25,-17.25,2607.86
-14.75,-17.25,2660.22
-14.25,-17.25,2712.58
-13.75,-17.25,2765.17
-13.25,-17.25,2818.32
-12.75,-17.25,2872.43
-12.25,-17.25,2927.94
-11.75,-17.25,2985.37
-11.25,-17.25,3045.21
-10.75,-17.25,3107.95
-10.25,-17.25,3174.01
-9.75,-17.25,3243.74
-9.25,-17.25,3317.35
-8.75,-17.25,3394.98
-8.25,-17.25,3476.59
-7.75,-17.25,3562.06
-7.25,-17.25,3651.14
-6.75,-17.25,3743.51
-6.25,-17.25,3838.78
-5.75,-17.25,3936.5
-5.25,-17.25,4036.23
-4.75,-17.25,4137.49
-4.25,-17.25,4239.84
-3.75,-17.25,4342.84
-3.25,-17.25,4446.11
-2.75,-17.25,4549.3
-2.25,-17.25,4652.11
-1.75,-17.25,4754.32
-1.25,-17.25,4855.73
-0.75,-17.25,4956.21
-0.25,-17.25,5055.62
0.25,-17.25,5153.81
0.75,-17.25,5250.6
1.25,-17.25,5345.69
1.75,-17.25,5438.68
2.25,-17.25,5529.02
2.75,-17.25,5616
3.25,-17.25,5698.79
3.75,-17.25,5776.41
4.25,-17.25,5847.82
4.75,-17.25,5911.94
5.25,-17.25,5967.7
5.75,-17.25,6014.09
6.25,-17.25,6050.19
6.75,-17.25,6075.23
7.25,-17.25,6088.57
7.75,-17.25,6089.74
8.25,-17.25,6078.45
8.75,-17.25,6054.58
9.25,-17.25,6018.22
9.75,-17.25,5969.59
10.25,-17.25,5909.17
10.75,-17.25,5837.57
11.25,-17.25,5755.6
11.75,-17.25,5664.22
12.25,-17.25,5564.49
12.75,-17.25,5457.55
13.25,-17.25,5344.55
13.75,-17.25,5226.6
14.25,-17.25,5104.72
14.75,-17.25,4979.79
15.25,-17.25,4852.52
15.75,-17.25,4723.48
16.25,-17.25,4593.06
16.75,-17.25,4461.54
17.25,-17.25,4329.09
17.75,-17.25,4195.85
18.25,-17.25,4061.95
18.75,-17.25,3927.55
19.25,-17.25,3792.88
19.75,-17.25,3658.23
20.25,-17.25,3523.96
20.75,-17.25,3390.52
21.25,-17.25,3258.38
21.75,-17.25,3128.03
22.25,-17.25,2999.94
22.75,-17.25,2874.54
23.25,-17.25,2752.2
23.75,-17.25,2633.15
24.25,-17.25,2517.57
24.75,-17.25,2405.48
25.25,-17.25,2296.79
25.75,-17.25,2191.33
26.25,-17.25,2088.81
26.75,-17.25,1988.92
27.25,-17.25,1891.29
27.75,-17.25,1795.55
28.25,-17.25,1701.39
28.75,-17.25,1608.52
29.25,-17.25,1516.75
29.75,-17.25,1425.99
30.25,-17.25,1336.25
30.75,-17.25,1247.64
31.25,-17.25,1160.35
31.75,-17.25,1074.68
32.25,-17.25,990.95
32.75,-17.25,909.55
33.25,-17.25,830.868
33.75,-17.25,755.283
34.25,-17.25,683.148
34.75,-17.25,614.776
35.25,-17.25,550.422
35.75,-17.25,490.279
36.25,-17.25,434.475
36.75,-17.25,383.07
37.25,-17.25,336.061
37.75,-17.25,293.383
38.25,-17.25,254.913
38.75,-17.25,220.481
39.25,-17.25,189.875
39.75,-17.25,162.85
40.25,-17.25,139.138
40.75,-17.25,118.454
41.25,-17.25,100.508
41.75,-17.25,85.0117
42.25,-17.25,71.6839
42.75,-17.25,60.2598
43.25,-17.25,50.4942
43.75,-17.25,42.1646
44.25,-17.25,35.0673
44.75,-17.25,29.0193
-44.75,-16.75,33.6972
-44.25,-16.75,34.716
-43.75,-16.75,35.7169
-43.25,-16.75,36.9595
-42.75,-16.75,38.652
-42.25,-16.75,40.9206
-41.75,-16.75,43.8979
-41.25,-16.75,47.7375
-40.75,-16.75,52.6212
-40.25,-16.75,58.7646
-39.75,-16.75,66.422
-39.25,-16.75,75.8888
-38.75,-16.75,87.5028
-38.25,-16.75,101.64
-37.75,-16.75,118.707
-37.25,-16.75,139.128
-36.75,-16.75,163.33
-36.25,-16.75,191.722
-35.75,-16.75,224.669
-35.25,-16.75,262.468
-34.75,-16.75,305.319
-34.25,-16.75,353.315
-33.75,-16.75,406.416
-33.25,-16.75,464.452
-32.75,-16.75,527.121
-32.25,-16.75,593.999
-31.75,-16.75,664.554
-31.25,-16.75,738.173
-30.75,-16.75,814.18
-30.25,-16.75,891.867
-29.75,-16.75,970.517
-29.25,-16.75,1049.43
-28.75,-16.75,1127.95
-28.25,-16.75,1205.48
-27.75,-16.75,1281.5
-27.25,-16.75,1355.6
-26.75,-16.75,1427.47
-26.25,-16.75,1496.9
-25.75,-16.75,1563.82
-25.25,-16.75,1628.24
-24.75,-16.75,1690.29
-24.25,-16.75,1750.19
-23.75,-16.75,1808.2
-23.25,-16.75,1864.67
-22.75,-16.75,1919.93
-22.25,-16.75,1974.34
-21.75,-16.75,2028.21
-21.25,-16.75,2081.81
-20.75,-16.75,2135.36
-20.25,-16.75,2189
-19.75,-16.75,2242.8
-19.25,-16.75,2296.77
-18.75,-16.75,2350.89
-18.25,-16.75,2405.07
-17.75,-16.75,2459.23
-17.25,-16.75,2513.28
-16.75,-16.75,2567.17
-16.25,-16.75,2620.85
-15.75,-16.75,2674.32
-15.25,-16.75,2727.66
-14.75,-16.75,2780.96
-14.25,-16.75,2834.43
-13.75,-16.75,2888.31
-13.25,-16.75,2942.93
-12.75,-16.75,2998.7
-12.25,-16.75,3056.08
-11.75,-16.75,3115.56
-11.25,-16.75,3177.66
-10.75,-16.75,3242.84
-10.25,-16.75,3311.56
-9.75,-16.75,3384.15
-9.25,-16.75,3460.85
-8.75,-16.75,3541.77
-8.25,-16.75,3626.9
-7.75,-16.75,3716.09
-7.25,-16.75,3809.08
-6.75,-16.75,3905.54
-6.25,-16.75,4005.03
-5.75,-16.75,4107.11
-5.25,-16.75,4211.29
-4.75,-16.75,4317.08
-4.25,-16.75,4424.02
-3.75,-16.75,4531.66
-3.25,-16.75,4639.61
-2.75,-16.75,4747.56
-2.25,-16.75,4855.21
-1.75,-16.75,4962.36
-1.25,-16.75,5068.84
-0.75,-16.75,5174.51
-0.25,-16.75,5279.24
0.25,-16.75,5382.86
0.75,-16.75,5485.13
1.25,-16.75,5585.69
1.75,-16.75,5684.04
2.25,-16.75,5779.56
2.75,-16.75,5871.41
3.25,-16.75,5958.66
3.75,-16.75,6040.24
4.25,-16.75,6115.01
4.75,-16.75,6181.84
5.25,-16.75,6239.61
5.75,-16.75,6287.31
6.25,-16.75,6324.04
6.75,-16.75,6349.05
7.25,-16.75,6361.78
7.75,-16.75,6361.81
8.25,-16.75,6348.9
8.75,-16.75,6323.01
9.25,-16.75,6284.21
9.75,-16.75,6232.8
10.25,-16.75,6169.21
10.75,-16.75,6094.06
11.25,-16.75,6008.12
11.75,-16.75,5912.33
12.25,-16.75,5807.71
12.75,-16.75,5695.4
13.25,-16.75,5576.56
13.75,-16.75,5452.33
14.25,-16.75,5323.79
14.75,-16.75,5191.91
15.25,-16.75,5057.5
15.75,-16.75,4921.23
16.25,-16.75,4783.64
16.75,-16.75,4645.1
17.25,-16.75,4505.9
17.75,-16.75,4366.27
18.25,-16.75,4226.4
18.75,-16.75,4086.5
19.25,-16.75,3946.81
19.75,-16.75,3807.63
20.25,-16.75,3669.29
20.75,-16.75,3532.19
21.25,-16.75,3396.74
21.75,-16.75,3263.36
22.25,-16.75,3132.46
22.75,-16.75,3004.38
23.25,-16.75,2879.4
23.75,-16.75,2757.7
24.25,-16.75,2639.37
24.75,-16.75,2524.38
25.25,-16.75,2412.62
25.75,-16.75,2303.87
26.25,-16.75,2197.86
26.75,-16.75,2094.28
27.25,-16.75,1992.78
27.75,-16.75,1893.05
28.25,-16.75,1794.8
28.75,-16.75,1697.81
29.25,-16.75,1601.93
29.75,-16.75,1507.1
30.25,-16.75,1413.36
30.75,-16.75,1320.83
31.25,-16.75,1229.73
31.75,-16.75,1140.33
32.25,-16.75,1052.95
32.75,-16.75,967.97
33.25,-16.75,885.756
33.75,-16.75,806.68
34.25,-16.75,731.088
34.75,-16.75,659.29
35.25,-16.75,591.547
35.75,-16.75,528.062
36.25,-16.75,468.98
36.75,-16.75,414.38
37.25,-16.75,364.279
37.75,-16.75,318.635
38.25,-16.75,277.344
38.75,-16.75,240.254
39.25,-16.75,207.169
39.75,-16.75,177.854
40.25,-16.75,152.045
40.75,-16.75,129.462
41.25,-16.75,109.811
41.75,-16.75,92.7997
42.25,-16.75,78.1375
42.75,-16.75,65.5497
43.25,-16.75,54.7788
43.75,-16.75,45.5895
44.25,-16.75,37.764
44.75,-16.75,31.105
-44.75,-16.25,35.5052
-44.25,-16.25,36.8019
-43.75,-16.25,38.0898
-43.25,-16.25,39.6438
-42.75,-16.25,41.6907
-42.25,-16.25,44.3729
-41.75,-16.25,47.8431
-41.25,-16.25,52.2783
-40.75,-16.25,57.8876
-40.25,-16.25,64.918
-39.75,-16.25,73.6572
-39.25,-16.25,84.436
-38.75,-16.25,97.6267
-38.25,-16.25,113.637
-37.75,-16.25,132.9
-37.25,-16.25,155.855
-36.75,-16.25,182.935
-36.25,-16.25,214.536
-35.75,-16.25,250.994
-35.25,-16.25,292.559
-34.75,-16.25,339.37
-34.25,-16.25,391.442
-33.75,-16.25,448.655
-33.25,-16.25,510.751
-32.75,-16.25,577.349
-32.25,-16.25,647.953
-31.75,-16.25,721.976
-31.25,-16.25,798.767
-30.75,-16.25,877.635
-30.25,-16.25,957.876
-29.75,-16.25,1038.8
-29.25,-16.25,1119.75
-28.75,-16.25,1200.12
-28.25,-16.25,1279.39
-27.75,-16.25,1357.13
-27.25,-16.25,1432.97
-26.75,-16.25,1506.68
-26.25,-16.25,1578.11
-25.75,-16.25,1647.22
-25.25,-16.25,1714.05
-24.75,-16.25,1778.72
-24.25,-16.25,1841.42
-23.75,-16.25,1902.38
-23.25,-16.25,1961.87
-22.75,-16.25,2020.17
-22.25,-16.25,2077.56
-21.75,-16.25,2134.26
-21.25,-16.25,2190.51
-20.75,-16.25,2246.45
-20.25,-16.25,2302.18
-19.75,-16.25,2357.78
-19.25,-16.25,2413.24
-18.75,-16.25,2468.56
-18.25,-16.25,2523.69
-17.75,-16.25,2578.61
-17.25,-16.25,2633.29
-16.75,-16.25,2687.73
-16.25,-16.25,2741.96
-15.75,-16.25,2796.05
-15.25,-16.25,2850.12
-14.75,-16.25,2904.31
-14.25,-16.25,2958.85
-13.75,-16.25,3014
-13.25,-16.25,3070.11
-12.75,-16.25,3127.56
-12.25,-16.25,3186.82
-11.75,-16.25,3248.36
-11.25,-16.25,3312.69
-10.75,-16.25,3380.29
-10.25,-16.25,3451.6
-9.75,-16.25,3526.96
-9.25,-16.25,3606.62
-8.75,-16.25,3690.7
-8.25,-16.25,3779.2
-7.75,-16.25,3871.97
-7.25,-16.25,3968.76
-6.75,-16.25,4069.23
-6.25,-16.25,4172.93
-5.75,-16.25,4279.4
-5.25,-16.25,4388.13
-4.75,-16.25,4498.6
-4.25,-16.25,4610.34
-3.75,-16.25,4722.89
-3.25,-16.25,4835.86
-2.75,-16.25,4948.9
-2.25,-16.25,5061.76
-1.75,-16.25,5174.23
-1.25,-16.25,5286.12
-0.75,-16.25,5397.32
-0.25,-16.25,5507.66
0.25,-16.25,5616.94
0.75,-16.25,5724.87
1.25,-16.25,5831.03
1.75,-16.25,5934.85
2.25,-16.25,6035.59
2.75,-16.25,6132.34
3.25,-16.25,6224.05
3.75,-16.25,6309.57
4.25,-16.25,6387.7
4.75,-16.25,6457.23
5.25,-16.25,6517.02
5.75,-16.25,6566.04
6.25,-16.25,6603.4
6.75,-16.25,6628.39
7.25,-16.25,6640.47
7.75,-16.25,6639.28
8.25,-16.25,6624.65
8.75,-16.25,6596.55
9.25,-16.25,6555.13
9.75,-16.25,6500.68
10.25,-16.25,6433.65
10.75,-16.25,6354.65
11.25,-16.25,6264.44
11.75,-16.25,6163.93
12.25,-16.25,6054.13
12.75,-16.25,5936.17
13.25,-16.25,5811.22
13.75,-16.25,5680.45
14.25,-16.25,5545.01
14.75,-16.25,5405.94
15.25,-16.25,5264.16
15.75,-16.25,5120.48
16.25,-16.25,4975.52
16.75,-16.25,4829.83
17.25,-16.25,4683.79
17.75,-16.25,4537.73
18.25,-16.25,4391.94
18.75,-16.25,4246.66
19.25,-16.25,4102.16
19.75,-16.25,3958.71
20.25,-16.25,3816.63
20.75,-16.25,3676.25
21.25,-16.25,3537.89
21.75,-16.25,3401.88
22.25,-16.25,3268.51
22.75,-16.25,3138.04
23.25,-16.25,3010.63
23.75,-16.25,2886.37
24.25,-16.25,2765.28
24.75,-16.25,2647.28
25.25,-16.25,2532.21
25.75,-16.25,2419.85
26.25,-16.25,2309.95
26.75,-16.25,2202.23
27.25,-16.25,2096.41
27.75,-16.25,1992.24
28.25,-16.25,1889.5
28.75,-16.25,1788.04
29.25,-16.25,1687.78
29.75,-16.25,1588.69
30.25,-16.25,1490.84
30.75,-16.25,1394.37
31.25,-16.25,1299.48
31.75,-16.25,1206.44
32.25,-16.25,1115.54
32.75,-16.25,1027.12
33.25,-16.25,941.528
33.75,-16.25,859.105
34.25,-16.25,780.181
34.75,-16.25,705.06
35.25,-16.25,634.002
35.75,-16.25,567.221
36.25,-16.25,504.876
36.75,-16.25,447.067
37.25,-16.25,393.836
37.75,-16.25,345.164
38.25,-16.25,300.974
38.75,-16.25,261.135
39.25,-16.25,225.469
39.75,-16.25,193.756
40.25,-16.25,165.745
40.75,-16.25,141.157
41.25,-16.25,119.703
41.75,-16.25,101.083
42.25,-16.25,85.0029
42.75,-16.25,71.1768
43.25,-16.25,59.3357
43.75,-16.25,49.2316
44.25,-16.25,40.6317
44.75,-16.25,33.3236
-44.75,-15.75,37.3116
-44.25,-15.75,38.9458
-43.75,-15.75,40.5811
-43.25,-15.75,42.5076
-42.75,-15.75,44.9716
-42.25,-15.75,48.1334
-41.75,-15.75,52.1669
-41.25,-15.75,57.275
-40.75,-15.75,63.6963
-40.25,-15.75,71.711
-39.75,-15.75,81.6424
-39.25,-15.75,93.8582
-38.75,-15.75,108.766
-38.25,-15.75,126.806
-37.75,-15.75,148.436
-37.25,-15.75,174.11
-36.75,-15.75,204.26
-36.25,-15.75,239.264
-35.75,-15.75,279.425
-35.25,-15.75,324.937
-34.75,-15.75,375.869
-34.25,-15.75,432.153
-33.75,-15.75,493.577
-33.25,-15.75,559.795
-32.75,-15.75,630.339
-32.25,-15.75,704.64
-31.75,-15.75,782.057
-31.25,-15.75,861.904
-30.75,-15.75,943.477
-30.25,-15.75,1026.09
-29.75,-15.75,1109.07
-29.25,-15.75,1191.83
-28.75,-15.75,1273.84
-28.25,-15.75,1354.65
-27.75,-15.75,1433.91
-27.25,-15.75,1511.34
-26.75,-15.75,1586.8
-26.25,-15.75,1660.18
-25.75,-15.75,1731.5
-25.25,-15.75,1800.8
-24.75,-15.75,1868.2
-24.25,-15.75,1933.87
-23.75,-15.75,1997.97
-23.25,-15.75,2060.72
-22.75,-15.75,2122.3
-22.25,-15.75,2182.89
-21.75,-15.75,2242.67
-21.25,-15.75,2301.75
-20.75,-15.75,2360.25
-20.25,-15.75,2418.22
-19.75,-15.75,2475.69
-19.25,-15.75,2532.7
-18.75,-15.75,2589.24
-18.25,-15.75,2645.32
-17.75,-15.75,2700.97
-17.25,-15.75,2756.24
-16.75,-15.75,2811.2
-16.25,-15.75,2865.95
-15.75,-15.75,2920.62
-15.25,-15.75,2975.39
-14.75,-15.75,3030.46
-14.25,-15.75,3086.07
-13.75,-15.75,3142.5
-13.25,-15.75,3200.09
-12.75,-15.75,3259.24
-12.25,-15.75,3320.39
-11.75,-15.75,3384
-11.25,-15.75,3450.57
-10.75,-15.75,3520.57
-10.25,-15.75,3594.44
-9.75,-15.75,3672.52
-9.25,-15.75,3755.09
-8.75,-15.75,3842.26
-8.25,-15.75,3934.06
-7.75,-15.75,4030.37
-7.25,-15.75,4130.94
-6.75,-15.75,4235.42
-6.25,-15.75,4343.38
-5.75,-15.75,4454.33
-5.25,-15.75,4567.75
-4.75,-15.75,4683.1
-4.25,-15.75,4799.87
-3.75,-15.75,4917.59
-3.25,-15.75,5035.84
-2.75,-15.75,5154.27
-2.25,-15.75,5272.61
-1.75,-15.75,5390.63
-1.25,-15.75,5508.17
-0.75,-15.75,5625.05
-0.25,-15.75,5741.1
0.25,-15.75,5856.09
0.75,-15.75,5969.67
1.25,-15.75,6081.36
1.75,-15.75,6190.52
2.25,-15.75,6296.33
2.75,-15.75,6397.8
3.25,-15.75,6493.81
3.75,-15.75,6583.12
4.25,-15.75,6664.47
4.75,-15.75,6736.61
5.25,-15.75,6798.35
5.75,-15.75,6848.64
6.25,-15.75,6886.6
6.75,-15.75,6911.52
7.25,-15.75,6922.9
7.75,-15.75,6920.41
8.25,-15.75,6903.93
8.75,-15.75,6873.47
9.25,-15.75,6829.23
9.75,-15.75,6771.52
10.25,-15.75,6700.81
10.75,-15.75,6617.73
11.25,-15.75,6523.04
11.75,-15.75,6417.62
12.25,-15.75,6302.5
12.75,-15.75,6178.79
13.25,-15.75,6047.67
13.75,-15.75,5910.35
14.25,-15.75,5768.01
14.75,-15.75,5621.77
15.25,-15.75,5472.66
15.75,-15.75,5321.58
16.25,-15.75,5169.31
16.75,-15.75,5016.48
17.25,-15.75,4863.62
17.75,-15.75,4711.18
18.25,-15.75,4559.51
18.75,-15.75,4408.92
19.25,-15.75,4259.71
19.75,-15.75,4112.15
20.25,-15.75,3966.49
20.75,-15.75,3823.01
21.25,-15.75,3681.93
21.75,-15.75,3543.48
22.25,-15.75,3407.82
22.75,-15.75,3275.08
23.25,-15.75,3145.3
23.75,-15.75,3018.48
24.25,-15.75,2894.54
24.75,-15.75,2773.35
25.25,-15.75,2654.72
25.75,-15.75,2538.45
26.25,-15.75,2424.3
26.75,-15.75,2312.07
27.25,-15.75,2201.54
27.75,-15.75,2092.56
28.25,-15.75,1985.01
28.75,-15.75,1878.81
29.25,-15.75,1773.96
29.75,-15.75,1670.47
30.25,-15.75,1568.46
30.75,-15.75,1468.05
31.25,-15.75,1369.45
31.75,-15.75,1272.86
32.25,-15.75,1178.57
32.75,-15.75,1086.86
33.25,-15.75,998.036
33.75,-15.75,912.408
34.25,-15.75,830.282
34.75,-15.75,751.945
35.25,-15.75,677.657
35.75,-15.75,607.636
36.25,-15.75,542.056
36.75,-15.75,481.042
37.25,-15.75,424.658
37.75,-15.75,372.914
38.25,-15.75,325.76
38.75,-15.75,283.093
39.25,-15.75,244.756
39.75,-15.75,210.55
40.25,-15.75,180.236
40.75,-15.75,153.545
41.25,-15.75,130.19
41.75,-15.75,109.874
42.25,-15.75,92.294
42.75,-15.75,77.157
43.25,-15.75,64.1827
43.75,-15.75,53.1097
44.25,-15.75,43.6904
44.75,-15.75,35.6962
-44.75,-15.25,39.0529
-44.25,-15.25,41.0754
-43.75,-15.25,43.1136
-43.25,-15.25,45.4724
-42.75,-15.25,48.4175
-42.25,-15.25,52.1279
-41.75,-15.25,56.8001
-41.25,-15.25,62.6637
-40.75,-15.25,69.9881
-40.25,-15.25,79.0875
-39.75,-15.25,90.322
-39.25,-15.25,104.096
-38.75,-15.25,120.854
-38.25,-15.25,141.065
-37.75,-15.25,165.211
-37.25,-15.25,193.757
-36.75,-15.25,227.131
-36.25,-15.25,265.689
-35.75,-15.25,309.692
-35.25,-15.25,359.274
-34.75,-15.25,414.428
-34.25,-15.25,474.997
-33.75,-15.25,540.675
-33.25,-15.25,611.023
-32.75,-15.25,685.487
-32.25,-15.25,763.427
-31.75,-15.25,844.148
-31.25,-15.25,926.932
-30.75,-15.25,1011.07
-30.25,-15.25,1095.89
-29.75,-15.25,1180.77
-29.25,-15.25,1265.18
-28.75,-15.25,1348.67
-28.25,-15.25,1430.86
-27.75,-15.25,1511.51
-27.25,-15.25,1590.45
-26.75,-15.25,1667.58
-26.25,-15.25,1742.89
-25.75,-15.25,1816.42
-25.25,-15.25,1888.25
-24.75,-15.25,1958.48
-24.25,-15.25,2027.23
-23.75,-15.25,2094.63
-23.25,-15.25,2160.8
-22.75,-15.25,2225.83
-22.25,-15.25,2289.81
-21.75,-15.25,2352.83
-21.25,-15.25,2414.92
-20.75,-15.25,2476.12
-20.25,-15.25,2536.45
-19.75,-15.25,2595.93
-19.25,-15.25,2654.57
-18.75,-15.25,2712.41
-18.25,-15.25,2769.51
-17.75,-15.25,2825.95
-17.25,-15.25,2881.86
-16.75,-15.25,2937.37
-16.25,-15.25,2992.67
-15.75,-15.25,3047.97
-15.25,-15.25,3103.48
-14.75,-15.25,3159.45
-14.25,-15.25,3216.16
-13.75,-15.25,3273.9
-13.25,-15.25,3333.02
-12.75,-15.25,3393.89
-12.25,-15.25,3456.96
-11.75,-15.25,3522.66
-11.25,-15.25,3591.49
-10.75,-15.25,3663.89
-10.25,-15.25,3740.32
-9.75,-15.25,3821.12
-9.25,-15.25,3906.58
-8.75,-15.25,3996.85
-8.25,-15.25,4091.97
-7.75,-15.25,4191.84
-7.25,-15.25,4296.23
-6.75,-15.25,4404.81
-6.25,-15.25,4517.14
-5.75,-15.25,4632.72
-5.25,-15.25,4751
-4.75,-15.25,4871.41
-4.25,-15.25,4993.42
-3.75,-15.25,5116.52
-3.25,-15.25,5240.27
-2.75,-15.25,5364.28
-2.25,-15.25,5488.25
-1.75,-15.25,5611.95
-1.25,-15.25,5735.17
-0.75,-15.25,5857.73
-0.25,-15.25,5979.42
0.25,-15.25,6099.96
0.75,-15.25,6218.97
1.25,-15.25,6335.92
1.75,-15.25,6450.11
2.25,-15.25,6560.66
2.75,-15.25,6666.52
3.25,-15.25,6766.51
3.75,-15.25,6859.32
4.25,-15.25,6943.66
4.75,-15.25,7018.2
5.25,-15.25,7081.75
5.75,-15.25,7133.21
6.25,-15.25,7171.69
6.75,-15.25,7196.49
7.25,-15.25,7207.1
7.75,-15.25,7203.24
8.25,-15.25,7184.8
8.75,-15.25,7151.86
9.25,-15.25,7104.63
9.75,-15.25,7043.48
10.25,-15.25,6968.94
10.75,-15.25,6881.64
11.25,-15.25,6782.35
11.75,-15.25,6671.99
12.25,-15.25,6551.58
12.75,-15.25,6422.22
13.25,-15.25,6285.1
13.75,-15.25,6141.45
14.25,-15.25,5992.49
14.75,-15.25,5839.37
15.25,-15.25,5683.21
15.75,-15.25,5525
16.25,-15.25,5365.63
16.75,-15.25,5205.86
17.25,-15.25,5046.33
17.75,-15.25,4887.58
18.25,-15.25,4730.09
18.75,-15.25,4574.21
19.25,-15.25,4420.28
19.75,-15.25,4268.57
20.25,-15.25,4119.32
20.75,-15.25,3972.71
21.25,-15.25,3828.9
21.75,-15.25,3687.97
22.25,-15.25,3549.97
22.75,-15.25,3414.89
23.25,-15.25,3282.65
23.75,-15.25,3153.14
24.25,-15.25,3026.18
24.75,-15.25,2901.6
25.25,-15.25,2779.17
25.75,-15.25,2658.7
26.25,-15.25,2540.02
26.75,-15.25,2422.97
27.25,-15.25,2307.46
27.75,-15.25,2193.43
28.25,-15.25,2080.85
28.75,-15.25,1969.75
29.25,-15.25,1860.19
29.75,-15.25,1752.26
30.25,-15.25,1646.08
30.75,-15.25,1541.78
31.25,-15.25,1439.54
31.75,-15.25,1339.53
32.25,-15.25,1241.98
32.75,-15.25,1147.12
33.25,-15.25,1055.2
33.75,-15.25,966.508
34.25,-15.25,881.301
34.75,-15.25,799.853
35.25,-15.25,722.415
35.75,-15.25,649.212
36.25,-15.25,580.432
36.75,-15.25,516.219
37.25,-15.25,456.668
37.75,-15.25,401.816
38.25,-15.25,351.644
38.75,-15.25,306.078
39.25,-15.25,264.988
39.75,-15.25,228.199
40.25,-15.25,195.487
40.75,-15.25,166.6
41.25,-15.25,141.255
41.75,-15.25,119.157
42.25,-15.25,99.9993
42.75,-15.25,83.4826
43.25,-15.25,69.3152
43.75,-15.25,57.2226
44.25,-15.25,46.9416
44.75,-15.25,38.2269
-44.75,-14.75,40.6753
-44.25,-14.75,43.1232
-43.75,-14.75,45.6104
-43.25,-14.75,48.4552
-42.75,-14.75,51.943
-42.25,-14.75,56.2715
-41.75,-14.75,61.6599
-41.25,-14.75,68.3646
-40.75,-14.75,76.6862
-40.25,-14.75,86.9728
-39.75,-14.75,99.6205
-39.25,-14.75,115.07
-38.75,-14.75,133.799
-38.25,-14.75,156.308
-37.75,-14.75,183.095
-37.25,-14.75,214.635
-36.75,-14.75,251.345
-36.25,-14.75,293.555
-35.75,-14.75,341.48
-35.25,-14.75,395.19
-34.75,-14.75,454.597
-34.25,-14.75,519.455
-33.75,-14.75,589.365
-33.25,-14.75,663.792
-32.75,-14.75,742.102
-32.25,-14.75,823.587
-31.75,-14.75,907.504
-31.25,-14.75,993.108
-30.75,-14.75,1079.69
-30.25,-14.75,1166.6
-29.75,-14.75,1253.27
-29.25,-14.75,1339.22
-28.75,-14.75,1424.09
-28.25,-14.75,1507.6
-27.75,-14.75,1589.6
-27.25,-14.75,1670
-26.75,-14.75,1748.79
-26.25,-14.75,1826.03
-25.75,-14.75,1901.8
-25.25,-14.75,1976.2
-24.75,-14.75,2049.31
-24.25,-14.75,2121.22
-23.75,-14.75,2192
-23.25,-14.75,2261.67
-22.75,-14.75,2330.26
-22.25,-14.75,2397.75
-21.75,-14.75,2464.11
-21.25,-14.75,2529.32
-20.75,-14.75,2593.33
-20.25,-14.75,2656.14
-19.75,-14.75,2717.73
-19.25,-14.75,2778.14
-18.75,-14.75,2837.41
-18.25,-14.75,2895.65
-17.75,-14.75,2953.02
-17.25,-14.75,3009.69
-16.75,-14.75,3065.89
-16.25,-14.75,3121.87
-15.75,-14.75,3177.9
-15.25,-14.75,3234.25
-14.75,-14.75,3291.22
-14.25,-14.75,3349.1
-13.75,-14.75,3408.21
-13.25,-14.75,3468.9
-12.75,-14.75,3531.55
-12.25,-14.75,3596.56
-11.75,-14.75,3664.39
-11.25,-14.75,3735.49
-10.75,-14.75,3810.33
-10.25,-14.75,3889.34
-9.75,-14.75,3972.9
-9.25,-14.75,4061.29
-8.75,-14.75,4154.71
-8.25,-14.75,4253.22
-7.75,-14.75,4356.74
-7.25,-14.75,4465.06
-6.75,-14.75,4577.87
-6.25,-14.75,4694.71
-5.75,-14.75,4815.07
-5.25,-14.75,4938.37
-4.75,-14.75,5064.02
-4.25,-14.75,5191.43
-3.75,-14.75,5320.06
-3.25,-14.75,5449.4
-2.75,-14.75,5579.06
-2.25,-14.75,5708.7
-1.75,-14.75,5838.03
-1.25,-14.75,5966.83
-0.75,-14.75,6094.9
-0.25,-14.75,6221.98
0.25,-14.75,6347.76
0.75,-14.75,6471.83
1.25,-14.75,6593.61
1.75,-14.75,6712.36
2.25,-14.75,6827.18
2.75,-14.75,6936.96
3.25,-14.75,7040.48
3.75,-14.75,7136.41
4.25,-14.75,7223.4
4.75,-14.75,7300.09
5.25,-14.75,7365.24
5.75,-14.75,7417.73
6.25,-14.75,7456.64
6.75,-14.75,7481.23
7.25,-14.75,7491.03
7.75,-14.75,7485.73
8.25,-14.75,7465.27
8.75,-14.75,7429.75
9.25,-14.75,7379.45
9.75,-14.75,7314.79
10.25,-14.75,7236.34
10.75,-14.75,7144.79
11.25,-14.75,7040.96
11.75,-14.75,6925.78
12.25,-14.75,6800.27
12.75,-14.75,6665.55
13.25,-14.75,6522.81
13.75,-14.75,6373.28
14.25,-14.75,6218.17
14.75,-14.75,6058.69
15.25,-14.75,5895.99
15.75,-14.75,5731.11
16.25,-14.75,5565.05
16.75,-14.75,5398.65
17.25,-14.75,5232.68
17.75,-14.75,5067.77
18.25,-14.75,4904.49
18.75,-14.75,4743.28
19.25,-14.75,4584.52
19.75,-14.75,4428.49
20.25,-14.75,4275.43
20.75,-14.75,4125.45
21.25,-14.75,3978.64
21.75,-14.75,3834.97
22.25,-14.75,3694.38
22.75,-14.75,3556.71
23.25,-14.75,3421.77
23.75,-14.75,3289.32
24.25,-14.75,3159.11
24.75,-14.75,3030.9
25.25,-14.75,2904.44
25.75,-14.75,2779.57
26.25,-14.75,2656.15
26.75,-14.75,2534.12
27.25,-14.75,2413.47
27.75,-14.75,2294.25
28.25,-14.75,2176.56
28.75,-14.75,2060.51
29.25,-14.75,1946.24
29.75,-14.75,1833.9
30.25,-14.75,1723.61
30.75,-14.75,1615.5
31.25,-14.75,1509.73
31.75,-14.75,1406.42
32.25,-14.75,1305.75
32.75,-14.75,1207.87
33.25,-14.75,1113
33.75,-14.75,1021.36
34.25,-14.75,933.177
34.75,-14.75,848.709
35.25,-14.75,768.193
35.75,-14.75,691.858
36.25,-14.75,619.906
36.75,-14.75,552.502
37.25,-14.75,489.767
37.75,-14.75,431.772
38.25,-14.75,378.53
38.75,-14.75,329.999
39.25,-14.75,286.08
39.75,-14.75,246.624
40.25,-14.75,211.43
40.75,-14.75,180.26
41.25,-14.75,152.842
41.75,-14.75,128.886
42.25,-14.75,108.082
42.75,-14.75,90.1243
43.25,-14.75,74.711
43.75,-14.75,61.5541
44.25,-14.75,50.3743
44.75,-14.75,40.9086
-44.75,-14.25,42.1399
-44.25,-14.25,45.0348
-43.75,-14.25,48.0042
-43.25,-14.25,51.38
-42.75,-14.25,55.4659
-42.25,-14.25,60.4784
-41.75,-14.25,66.6589
-41.25,-14.25,74.2906
-40.75,-14.25,83.7038
-40.25,-14.25,95.2797
-39.75,-14.25,109.449
-39.25,-14.25,126.685
-38.75,-14.25,147.499
-38.25,-14.25,172.412
-37.75,-14.25,201.942
-37.25,-14.25,236.563
-36.75,-14.25,276.679
-36.25,-14.25,322.588
-35.75,-14.25,374.454
-35.25,-14.25,432.282
-34.75,-14.25,495.902
-34.25,-14.25,564.982
-33.75,-14.25,639.029
-33.25,-14.25,717.427
-32.75,-14.25,799.462
-32.25,-14.25,884.367
-31.75,-14.25,971.357
-31.25,-14.25,1059.67
-30.75,-14.25,1148.6
-30.25,-14.25,1237.53
-29.75,-14.25,1325.93
-29.25,-14.25,1413.39
-28.75,-14.25,1499.63
-28.25,-14.25,1584.46
-27.75,-14.25,1667.81
-27.25,-14.25,1749.7
-26.75,-14.25,1830.19
-26.25,-14.25,1909.4
-25.75,-14.25,1987.44
-25.25,-14.25,2064.43
-24.75,-14.25,2140.44
-24.25,-14.25,2215.54
-23.75,-14.25,2289.7
-23.25,-14.25,2362.9
-22.75,-14.25,2435.06
-22.25,-14.25,2506.07
-21.75,-14.25,2575.81
-21.25,-14.25,2644.18
-20.75,-14.25,2711.09
-20.25,-14.25,2776.46
-19.75,-14.25,2840.28
-19.25,-14.25,2902.58
-18.75,-14.25,2963.45
-18.25,-14.25,3023.03
-17.75,-14.25,3081.52
-17.25,-14.25,3139.17
-16.75,-14.25,3196.27
-16.25,-14.25,3253.13
-15.75,-14.25,3310.08
-15.25,-14.25,3367.44
-14.75,-14.25,3425.55
-14.25,-14.25,3484.73
-13.75,-14.25,3545.32
-13.25,-14.25,3607.66
-12.75,-14.25,3672.14
-12.25,-14.25,3739.16
-11.75,-14.25,3809.14
-11.25,-14.25,3882.56
-10.75,-14.25,3959.87
-10.25,-14.25,4041.5
-9.75,-14.25,4127.86
-9.25,-14.25,4219.25
-8.75,-14.25,4315.9
-8.25,-14.25,4417.88
-7.75,-14.25,4525.16
-7.25,-14.25,4637.54
-6.75,-14.25,4754.7
-6.25,-14.25,4876.19
-5.75,-14.25,5001.47
-5.25,-14.25,5129.92
-4.75,-14.25,5260.91
-4.25,-14.25,5393.8
-3.75,-14.25,5527.99
-3.25,-14.25,5662.94
-2.75,-14.25,5798.19
-2.25,-14.25,5933.37
-1.75,-14.25,6068.17
-1.25,-14.25,6202.32
-0.75,-14.25,6335.58
-0.25,-14.25,6467.67
0.25,-14.25,6598.25
0.75,-14.25,6726.88
1.25,-14.25,6852.96
1.75,-14.25,6975.73
2.25,-14.25,7094.25
2.75,-14.25,7207.42
3.25,-14.25,7313.98
3.75,-14.25,7412.58
4.25,-14.25,7501.84
4.75,-14.25,7580.37
5.25,-14.25,7646.89
5.75,-14.25,7700.24
6.25,-14.25,7739.46
6.75,-14.25,7763.79
7.25,-14.25,7772.71
7.75,-14.25,7765.95
8.25,-14.25,7743.45
8.75,-14.25,7705.35
9.25,-14.25,7651.97
9.75,-14.25,7583.83
10.25,-14.25,7501.53
10.75,-14.25,7405.84
11.25,-14.25,7297.64
11.75,-14.25,7177.89
12.25,-14.25,7047.64
12.75,-14.25,6908.02
13.25,-14.25,6760.19
13.75,-14.25,6605.38
14.25,-14.25,6444.78
14.75,-14.25,6279.61
15.25,-14.25,6111.01
15.75,-14.25,5940.09
16.25,-14.25,5767.86
16.75,-14.25,5595.26
17.25,-14.25,5423.14
17.75,-14.25,5252.24
18.25,-14.25,5083.2
18.75,-14.25,4916.56
19.25,-14.25,4752.76
19.75,-14.25,4592.12
20.25,-14.25,4434.87
20.75,-14.25,4281.11
21.25,-14.25,4130.85
21.75,-14.25,3984
22.25,-14.25,3840.36
22.75,-14.25,3699.69
23.25,-14.25,3561.67
23.75,-14.25,3425.95
24.25,-14.25,3292.2
24.75,-14.25,3160.12
25.25,-14.25,3029.45
25.75,-14.25,2900.03
26.25,-14.25,2771.77
26.75,-14.25,2644.69
27.25,-14.25,2518.88
27.75,-14.25,2394.5
28.25,-14.25,2271.74
28.75,-14.25,2150.81
29.25,-14.25,2031.93
29.75,-14.25,1915.26
30.25,-14.25,1800.98
30.75,-14.25,1689.2
31.25,-14.25,1580.02
31.75,-14.25,1473.55
32.25,-14.25,1369.87
32.75,-14.25,1269.1
33.25,-14.25,1171.39
33.75,-14.25,1076.9
34.25,-14.25,985.837
34.75,-14.25,898.421
35.25,-14.25,814.883
35.75,-14.25,735.453
36.25,-14.25,660.345
36.75,-14.25,589.746
37.25,-14.25,523.807
37.75,-14.25,462.631
38.25,-14.25,406.267
38.75,-14.25,354.709
39.25,-14.25,307.893
39.75,-14.25,265.697
40.25,-14.25,227.948
40.75,-14.25,194.424
41.25,-14.25,164.867
41.75,-14.25,138.99
42.25,-14.25,116.485
42.75,-14.25,97.0381
43.25,-14.25,80.3377
43.75,-14.25,66.0816
44.25,-14.25,53.9738
44.75,-14.25,43.733
-44.75,-13.75,43.4259
-44.25,-13.75,46.774
-43.75,-13.75,50.2456
-43.25,-13.75,54.1858
-42.75,-13.75,58.916
-42.25,-13.75,64.6711
-41.75,-13.75,71.7144
-41.25,-13.75,80.3545
-40.75,-13.75,90.9504
-40.25,-13.75,103.914
-39.75,-13.75,119.708
-39.25,-13.75,138.836
-38.75,-13.75,161.834
-38.25,-13.75,189.245
-37.75,-13.75,221.594
-37.25,-13.75,259.351
-36.75,-13.75,302.901
-36.25,-13.75,352.505
-35.75,-13.75,408.274
-35.25,-13.75,470.145
-34.75,-13.75,537.872
-34.25,-13.75,611.039
-33.75,-13.75,689.073
-33.25,-13.75,771.277
-32.75,-13.75,856.876
-32.25,-13.75,945.05
-31.75,-13.75,1034.99
-31.25,-13.75,1125.91
-30.75,-13.75,1217.12
-30.25,-13.75,1308.03
-29.75,-13.75,1398.16
-29.25,-13.75,1487.17
-28.75,-13.75,1574.84
-28.25,-13.75,1661.07
-27.75,-13.75,1745.87
-27.25,-13.75,1829.33
-26.75,-13.75,1911.59
-26.25,-13.75,1992.82
-25.75,-13.75,2073.16
-25.25,-13.75,2152.75
-24.75,-13.75,2231.66
-24.25,-13.75,2309.88
-23.75,-13.75,2387.38
-23.25,-13.75,2464.03
-22.75,-13.75,2539.68
-22.25,-13.75,2614.14
-21.75,-13.75,2687.22
-21.25,-13.75,2758.74
-20.75,-13.75,2828.54
-20.25,-13.75,2896.54
-19.75,-13.75,2962.7
-19.25,-13.75,3027.05
-18.75,-13.75,3089.7
-18.25,-13.75,3150.84
-17.75,-13.75,3210.71
-17.25,-13.75,3269.61
-16.75,-13.75,3327.89
-16.25,-13.75,3385.91
-15.75,-13.75,3444.04
-15.25,-13.75,3502.65
-14.75,-13.75,3562.11
-14.25,-13.75,3622.76
-13.75,-13.75,3684.97
-13.25,-13.75,3749.08
-12.75,-13.75,3815.47
-12.25,-13.75,3884.55
-11.75,-13.75,3956.75
-11.25,-13.75,4032.53
-10.75,-13.75,4112.34
-10.25,-13.75,4196.65
-9.75,-13.75,4285.86
-9.25,-13.75,4380.31
-8.75,-13.75,4480.25
-8.25,-13.75,4585.8
-7.75,-13.75,4696.92
-7.25,-13.75,4813.45
-6.75,-13.75,4935.06
-6.25,-13.75,5061.28
-5.75,-13.75,5191.54
-5.25,-13.75,5325.18
-4.75,-13.75,5461.51
-4.25,-13.75,5599.84
-3.75,-13.75,5739.51
-3.25,-13.75,5879.94
-2.75,-13.75,6020.62
-2.25,-13.75,6161.12
-1.75,-13.75,6301.09
-1.25,-13.75,6440.24
-0.75,-13.75,6578.29
-0.25,-13.75,6714.94
0.25,-13.75,6849.83
0.75,-13.75,6982.48
1.25,-13.75,7112.3
1.75,-13.75,7238.52
2.25,-13.75,7360.18
2.75,-13.75,7476.19
3.25,-13.75,7585.29
3.75,-13.75,7686.12
4.25,-13.75,7777.26
4.75,-13.75,7857.32
5.25,-13.75,7924.97
5.75,-13.75,7979.01
6.25,-13.75,8018.42
6.75,-13.75,8042.43
7.25,-13.75,8050.47
7.75,-13.75,8042.26
8.25,-13.75,8017.76
8.75,-13.75,7977.14
9.25,-13.75,7920.79
9.75,-13.75,7849.28
10.25,-13.75,7763.31
10.75,-13.75,7663.73
11.25,-13.75,7551.45
11.75,-13.75,7427.52
12.25,-13.75,7292.99
12.75,-13.75,7149.01
13.25,-13.75,6996.72
13.75,-13.75,6837.32
14.25,-13.75,6671.97
14.75,-13.75,6501.85
15.25,-13.75,6328.08
15.75,-13.75,6151.78
16.25,-13.75,5973.97
16.75,-13.75,5795.65
17.25,-13.75,5617.72
17.75,-13.75,5441.01
18.25,-13.75,5266.25
18.75,-13.75,5094.06
19.25,-13.75,4924.95
19.75,-13.75,4759.31
20.25,-13.75,4597.39
20.75,-13.75,4439.3
21.25,-13.75,4285.01
21.75,-13.75,4134.38
22.25,-13.75,3987.14
22.75,-13.75,3842.94
23.25,-13.75,3701.37
23.75,-13.75,3561.99
24.25,-13.75,3424.39
24.75,-13.75,3288.21
25.25,-13.75,3153.19
25.75,-13.75,3019.14
26.25,-13.75,2886.05
26.75,-13.75,2753.99
27.25,-13.75,2623.12
27.75,-13.75,2493.71
28.25,-13.75,2366.04
28.75,-13.75,2240.41
29.25,-13.75,2117.07
29.75,-13.75,1996.27
30.25,-13.75,1878.15
30.75,-13.75,1762.84
31.25,-13.75,1650.4
31.75,-13.75,1540.88
32.25,-13.75,1434.31
32.75,-13.75,1330.76
33.25,-13.75,1230.29
33.75,-13.75,1133.04
34.25,-13.75,1039.16
34.75,-13.75,948.848
35.25,-13.75,862.322
35.75,-13.75,779.813
36.25,-13.75,701.549
36.75,-13.75,627.74
37.25,-13.75,558.568
37.75,-13.75,494.171
38.25,-13.75,434.638
38.75,-13.75,380.001
39.25,-13.75,330.231
39.75,-13.75,285.241
40.25,-13.75,244.882
40.75,-13.75,208.955
41.25,-13.75,177.214
41.75,-13.75,149.378
42.25,-13.75,125.138
42.75,-13.75,104.173
43.25,-13.75,86.1609
43.75,-13.75,70.7844
44.25,-13.75,57.7303
44.75,-13.75,46.6982
-44.75,-13.25,44.534
-44.25,-13.25,48.3288
-43.75,-13.25,52.3098
-43.25,-13.25,56.8353
-42.75,-13.25,62.2442
-42.25,-13.25,68.7896
-41.75,-13.25,76.7563
-41.25,-13.25,86.4776
-40.75,-13.25,98.3393
-40.25,-13.25,112.782
-39.75,-13.25,130.295
-39.25,-13.25,151.409
-38.75,-13.25,176.68
-38.25,-13.25,206.663
-37.75,-13.25,241.884
-37.25,-13.25,282.803
-36.75,-13.25,329.777
-36.25,-13.25,383.028
-35.75,-13.25,442.61
-35.25,-13.25,508.396
-34.75,-13.25,580.068
-34.25,-13.25,657.135
-33.75,-13.25,738.952
-33.25,-13.25,824.761
-32.75,-13.25,913.736
-32.25,-13.25,1005.02
-31.75,-13.25,1097.77
-31.25,-13.25,1191.23
-30.75,-13.25,1284.69
-30.25,-13.25,1377.6
-29.75,-13.25,1469.53
-29.25,-13.25,1560.19
-28.75,-13.25,1649.41
-28.25,-13.25,1737.18
-27.75,-13.25,1823.57
-27.25,-13.25,1908.73
-26.75,-13.25,1992.86
-26.25,-13.25,2076.17
-25.75,-13.25,2158.84
-25.25,-13.25,2241.01
-24.75,-13.25,2322.73
-24.25,-13.25,2403.98
-23.75,-13.25,2484.66
-23.25,-13.25,2564.6
-22.75,-13.25,2643.58
-22.25,-13.25,2721.34
-21.75,-13.25,2797.62
-21.25,-13.25,2872.2
-20.75,-13.25,2944.87
-20.25,-13.25,3015.51
-19.75,-13.25,3084.09
-19.25,-13.25,3150.64
-18.75,-13.25,3215.28
-18.25,-13.25,3278.24
-17.75,-13.25,3339.78
-17.25,-13.25,3400.25
-16.75,-13.25,3460.04
-16.25,-13.25,3519.54
-15.75,-13.25,3579.17
-15.25,-13.25,3639.32
-14.75,-13.25,3700.38
-14.25,-13.25,3762.73
-13.75,-13.25,3826.73
-13.25,-13.25,3892.76
-12.75,-13.25,3961.19
-12.25,-13.25,4032.43
-11.75,-13.25,4106.91
-11.25,-13.25,4185.09
-10.75,-13.25,4267.46
-10.25,-13.25,4354.48
-9.75,-13.25,4446.58
-9.25,-13.25,4544.13
-8.75,-13.25,4647.41
-8.25,-13.25,4756.55
-7.75,-13.25,4871.56
-7.25,-13.25,4992.26
-6.75,-13.25,5118.31
-6.25,-13.25,5249.23
-5.75,-13.25,5384.42
-5.25,-13.25,5523.16
-4.75,-13.25,5664.71
-4.25,-13.25,5808.32
-3.75,-13.25,5953.29
-3.25,-13.25,6098.95
-2.75,-13.25,6244.76
-2.25,-13.25,6390.25
-1.75,-13.25,6535.04
-1.25,-13.25,6678.79
-0.75,-13.25,6821.19
-0.25,-13.25,6961.93
0.25,-13.25,7100.62
0.75,-13.25,7236.8
1.25,-13.25,7369.83
1.75,-13.25,7498.98
2.25,-13.25,7623.29
2.75,-13.25,7741.67
3.25,-13.25,7852.87
3.75,-13.25,7955.52
4.25,-13.25,8048.22
4.75,-13.25,8129.53
5.25,-13.25,8198.08
5.75,-13.25,8252.64
6.25,-13.25,8292.15
6.75,-13.25,8315.78
7.25,-13.25,8322.95
7.75,-13.25,8313.35
8.25,-13.25,8286.95
8.75,-13.25,8243.96
9.25,-13.25,8184.84
9.75,-13.25,8110.2
10.25,-13.25,8020.85
10.75,-13.25,7917.7
11.25,-13.25,7801.75
11.75,-13.25,7674.09
12.25,-13.25,7535.81
12.75,-13.25,7388.05
13.25,-13.25,7231.94
13.75,-13.25,7068.64
14.25,-13.25,6899.25
14.75,-13.25,6724.9
15.25,-13.25,6546.67
15.75,-13.25,6365.64
16.25,-13.25,6182.83
16.75,-13.25,5999.25
17.25,-13.25,5815.85
17.75,-13.25,5633.52
18.25,-13.25,5453.06
18.75,-13.25,5275.2
19.25,-13.25,5100.51
19.75,-13.25,4929.47
20.25,-13.25,4762.37
20.75,-13.25,4599.35
21.25,-13.25,4440.41
21.75,-13.25,4285.35
22.25,-13.25,4133.88
22.75,-13.25,3985.58
23.25,-13.25,3839.96
23.75,-13.25,3696.51
24.25,-13.25,3554.75
24.75,-13.25,3414.28
25.25,-13.25,3274.8
25.75,-13.25,3136.15
26.25,-13.25,2998.32
26.75,-13.25,2861.42
27.25,-13.25,2725.72
27.75,-13.25,2591.52
28.25,-13.25,2459.19
28.75,-13.25,2329.09
29.25,-13.25,2201.55
29.75,-13.25,2076.81
30.25,-13.25,1955.05
30.75,-13.25,1836.37
31.25,-13.25,1720.81
31.75,-13.25,1608.36
32.25,-13.25,1499
32.75,-13.25,1392.74
33.25,-13.25,1289.59
33.75,-13.25,1189.62
34.25,-13.25,1092.96
34.75,-13.25,999.775
35.25,-13.25,910.27
35.75,-13.25,824.679
36.25,-13.25,743.243
36.75,-13.25,666.199
37.25,-13.25,593.76
37.75,-13.25,526.105
38.25,-13.25,463.363
38.75,-13.25,405.607
39.25,-13.25,352.848
39.75,-13.25,305.033
40.25,-13.25,262.041
40.75,-13.25,223.692
41.25,-13.25,189.754
41.75,-13.25,159.949
42.25,-13.25,133.966
42.75,-13.25,111.478
43.25,-13.25,92.1493
43.75,-13.25,75.6477
44.25,-13.25,61.6416
44.75,-13.25,49.8113
-44.75,-12.75,45.4921
-44.25,-12.75,49.7175
-43.75,-12.75,54.2033
-43.25,-12.75,59.3221
-42.75,-12.75,65.4302
-42.25,-12.75,72.7994
-41.75,-12.75,81.7364
-41.25,-12.75,92.5979
-40.75,-12.75,105.796
-40.25,-12.75,121.795
-39.75,-12.75,141.11
-39.25,-12.75,164.291
-38.75,-12.75,191.906
-38.25,-12.75,224.517
-37.75,-12.75,262.642
-37.25,-12.75,306.721
-36.75,-12.75,357.079
-36.25,-12.75,413.891
-35.75,-12.75,477.158
-35.25,-12.75,546.688
-34.75,-12.75,622.101
-34.25,-12.75,702.842
-33.75,-12.75,788.212
-33.25,-12.75,877.405
-32.75,-12.75,969.556
-32.25,-12.75,1063.79
-31.75,-12.75,1159.26
-31.25,-12.75,1255.19
-30.75,-12.75,1350.92
-30.25,-12.75,1445.91
-29.75,-12.75,1539.76
-29.25,-12.75,1632.21
-28.75,-12.75,1723.18
-28.25,-12.75,1812.67
-27.75,-12.75,1900.83
-27.25,-12.75,1987.84
-26.75,-12.75,2073.95
-26.25,-12.75,2159.4
-25.75,-12.75,2244.39
-25.25,-12.75,2329.06
-24.75,-12.75,2413.46
-24.25,-12.75,2497.55
-23.75,-12.75,2581.2
-23.25,-12.75,2664.18
-22.75,-12.75,2746.24
-22.25,-12.75,2827.06
-21.75,-12.75,2906.34
-21.25,-12.75,2983.81
-20.75,-12.75,3059.25
-20.25,-12.75,3132.53
-19.75,-12.75,3203.58
-19.25,-12.75,3272.46
-18.75,-12.75,3339.31
-18.25,-12.75,3404.34
-17.75,-12.75,3467.87
-17.25,-12.75,3530.27
-16.75,-12.75,3591.92
-16.25,-12.75,3653.27
-15.75,-12.75,3714.74
-15.25,-12.75,3776.75
-14.75,-12.75,3839.71
-14.25,-12.75,3904.01
-13.75,-12.75,3970.03
-13.25,-12.75,4038.15
-12.75,-12.75,4108.76
-12.25,-12.75,4182.27
-11.75,-12.75,4259.12
-11.25,-12.75,4339.78
-10.75,-12.75,4424.75
-10.25,-12.75,4514.51
-9.75,-12.75,4609.52
-9.25,-12.75,4710.18
-8.75,-12.75,4816.77
-8.25,-12.75,4929.48
-7.75,-12.75,5048.31
-7.25,-12.75,5173.08
-6.75,-12.75,5303.46
-6.25,-12.75,5438.94
-5.75,-12.75,5578.86
-5.25,-12.75,5722.47
-4.75,-12.75,5868.98
-4.25,-12.75,6017.59
-3.75,-12.75,6167.51
-3.25,-12.75,6318.07
-2.75,-12.75,6468.65
-2.25,-12.75,6618.74
-1.75,-12.75,6767.94
-1.25,-12.75,6915.88
-0.75,-12.75,7062.22
-0.25,-12.75,7206.62
0.25,-12.75,7348.71
0.75,-12.75,7487.98
1.25,-12.75,7623.82
1.75,-12.75,7755.5
2.25,-12.75,7882.08
2.75,-12.75,8002.47
3.25,-12.75,8115.44
3.75,-12.75,8219.62
4.25,-12.75,8313.61
4.75,-12.75,8395.93
5.25,-12.75,8465.21
5.75,-12.75,8520.16
6.25,-12.75,8559.69
6.75,-12.75,8582.91
7.25,-12.75,8589.23
7.75,-12.75,8578.33
8.25,-12.75,8550.19
8.75,-12.75,8505.05
9.25,-12.75,8443.41
9.75,-12.75,8365.97
10.25,-12.75,8273.61
10.75,-12.75,8167.3
11.25,-12.75,8048.14
11.75,-12.75,7917.24
12.25,-12.75,7775.73
12.75,-12.75,7624.75
13.25,-12.75,7465.41
13.75,-12.75,7298.8
14.25,-12.75,7125.99
14.75,-12.75,6948.02
15.25,-12.75,6765.93
15.75,-12.75,6580.72
16.25,-12.75,6393.4
16.75,-12.75,6204.98
17.25,-12.75,6016.41
17.75,-12.75,5828.64
18.25,-12.75,5642.53
18.75,-12.75,5458.89
19.25,-12.75,5278.39
19.75,-12.75,5101.58
20.25,-12.75,4928.83
20.75,-12.75,4760.34
21.25,-12.75,4596.13
21.75,-12.75,4436.03
22.25,-12.75,4279.73
22.75,-12.75,4126.76
23.25,-12.75,3976.61
23.75,-12.75,3828.71
24.25,-12.75,3682.53
24.75,-12.75,3537.63
25.25,-12.75,3393.66
25.75,-12.75,3250.48
26.25,-12.75,3108.07
26.75,-12.75,2966.59
27.25,-12.75,2826.32
27.75,-12.75,2687.65
28.25,-12.75,2550.98
28.75,-12.75,2416.73
29.25,-12.75,2285.25
29.75,-12.75,2156.82
30.25,-12.75,2031.61
30.75,-12.75,1909.73
31.25,-12.75,1791.16
31.75,-12.75,1675.88
32.25,-12.75,1563.81
32.75,-12.75,1454.88
33.25,-12.75,1349.08
33.75,-12.75,1246.42
34.25,-12.75,1146.98
34.75,-12.75,1050.92
35.25,-12.75,958.42
35.75,-12.75,869.723
36.25,-12.75,785.086
36.75,-12.75,704.774
37.25,-12.75,629.035
37.75,-12.75,558.092
38.25,-12.75,492.117
38.75,-12.75,431.227
39.25,-12.75,375.473
39.75,-12.75,324.835
40.25,-12.75,279.219
40.75,-12.75,238.465
41.25,-12.75,202.349
41.75,-12.75,170.597
42.25,-12.75,142.895
42.75,-12.75,118.905
43.25,-12.75,98.2764
43.75,-12.75,80.6619
44.25,-12.75,65.7112
44.75,-12.75,53.0848
-44.75,-12.25,46.3588
-44.25,-12.25,50.9919
-43.75,-12.25,55.9678
-43.25,-12.25,61.675
-42.75,-12.25,68.4878
-42.25,-12.25,76.6982
-41.75,-12.25,86.6348
-41.25,-12.25,98.6781
-40.75,-12.25,113.264
-40.25,-12.25,130.881
-39.75,-12.25,152.062
-39.25,-12.25,177.372
-38.75,-12.25,207.386
-38.25,-12.25,242.661
-37.75,-12.25,283.7
-37.25,-12.25,330.914
-36.75,-12.25,384.588
-36.25,-12.25,444.85
-35.75,-12.25,511.645
-35.25,-12.25,584.724
-34.75,-12.25,663.652
-34.25,-12.25,747.826
-33.75,-12.25,836.506
-33.25,-12.25,928.857
-32.75,-12.25,1024
-32.25,-12.25,1121.04
-31.75,-12.25,1219.15
-31.25,-12.25,1317.55
-30.75,-12.25,1415.61
-30.25,-12.25,1512.78
-29.75,-12.25,1608.72
-29.25,-12.25,1703.19
-28.75,-12.25,1796.12
-28.25,-12.25,1887.57
-27.75,-12.25,1977.68
-27.25,-12.25,2066.71
-26.75,-12.25,2154.9
-26.25,-12.25,2242.51
-25.75,-12.25,2329.77
-25.25,-12.25,2416.82
-24.75,-12.25,2503.7
-24.25,-12.25,2590.37
-23.75,-12.25,2676.67
-23.25,-12.25,2762.37
-22.75,-12.25,2847.16
-22.25,-12.25,2930.72
-21.75,-12.25,3012.73
-21.25,-12.25,3092.88
-20.75,-12.25,3170.96
-20.25,-12.25,3246.8
-19.75,-12.25,3320.37
-19.25,-12.25,3391.69
-18.75,-12.25,3460.92
-18.25,-12.25,3528.29
-17.75,-12.25,3594.12
-17.25,-12.25,3658.77
-16.75,-12.25,3722.66
-16.25,-12.25,3786.22
-15.75,-12.25,3849.89
-15.25,-12.25,3914.1
-14.75,-12.25,3979.27
-14.25,-12.25,4045.8
-13.75,-12.25,4114.08
-13.25,-12.25,4184.51
-12.75,-12.25,4257.46
-12.25,-12.25,4333.39
-11.75,-12.25,4412.72
-11.25,-12.25,4495.95
-10.75,-12.25,4583.57
-10.25,-12.25,4676.1
-9.75,-12.25,4774.01
-9.25,-12.25,4877.73
-8.75,-12.25,4987.57
-8.25,-12.25,5103.71
-7.75,-12.25,5226.19
-7.25,-12.25,5354.82
-6.75,-12.25,5489.27
-6.25,-12.25,5628.98
-5.75,-12.25,5773.3
-5.25,-12.25,5921.41
-4.75,-12.25,6072.49
-4.25,-12.25,6225.67
-3.75,-12.25,6380.13
-3.25,-12.25,6535.16
-2.75,-12.25,6690.09
-2.25,-12.25,6844.4
-1.75,-12.25,6997.62
-1.25,-12.25,7149.38
-0.75,-12.25,7299.31
-0.25,-12.25,7447.06
0.25,-12.25,7592.23
0.75,-12.25,7734.32
1.25,-12.25,7872.73
1.75,-12.25,8006.7
2.25,-12.25,8135.32
2.75,-12.25,8257.52
3.25,-12.25,8372.06
3.75,-12.25,8477.6
4.25,-12.25,8572.7
4.75,-12.25,8655.89
5.25,-12.25,8725.76
5.75,-12.25,8781
6.25,-12.25,8820.46
6.75,-12.25,8843.27
7.25,-12.25,8848.79
7.75,-12.25,8836.7
8.25,-12.25,8806.99
8.75,-12.25,8759.95
9.25,-12.25,8696.11
9.75,-12.25,8616.25
10.25,-12.25,8521.29
10.75,-12.25,8412.29
11.25,-12.25,8290.39
11.75,-12.25,8156.73
12.25,-12.25,8012.48
12.75,-12.25,7858.75
13.25,-12.25,7696.63
13.75,-12.25,7527.17
14.25,-12.25,7351.38
14.75,-12.25,7170.23
15.25,-12.25,6984.68
15.75,-12.25,6795.7
16.25,-12.25,6604.24
16.75,-12.25,6411.27
17.25,-12.25,6217.79
17.75,-12.25,6024.73
18.25,-12.25,5833.04
18.75,-12.25,5643.58
19.25,-12.25,5457.11
19.75,-12.25,5274.26
20.25,-12.25,5095.49
20.75,-12.25,4921.09
21.25,-12.25,4751.12
21.75,-12.25,4585.47
22.25,-12.25,4423.82
22.75,-12.25,4265.73
23.25,-12.25,4110.65
23.75,-12.25,3957.99
24.25,-12.25,3807.19
24.75,-12.25,3657.76
25.25,-12.25,3509.34
25.75,-12.25,3361.76
26.25,-12.25,3214.99
26.75,-12.25,3069.22
27.25,-12.25,2924.73
27.75,-12.25,2781.93
28.25,-12.25,2641.28
28.75,-12.25,2503.2
29.25,-12.25,2368.08
29.75,-12.25,2236.2
30.25,-12.25,2107.76
30.75,-12.25,1982.81
31.25,-12.25,1861.36
31.75,-12.25,1743.31
32.25,-12.25,1628.56
32.75,-12.25,1516.99
33.25,-12.25,1408.53
33.75,-12.25,1303.16
34.25,-12.25,1200.92
34.75,-12.25,1101.94
35.25,-12.25,1006.41
35.75,-12.25,914.57
36.25,-12.25,826.695
36.75,-12.25,743.082
37.25,-12.25,664.02
37.75,-12.25,589.775
38.25,-12.25,520.568
38.75,-12.25,456.557
39.25,-12.25,397.835
39.75,-12.25,344.413
40.25,-12.25,296.221
40.75,-12.25,253.115
41.25,-12.25,214.877
41.75,-12.25,181.234
42.25,-12.25,151.862
42.75,-12.25,126.412
43.25,-12.25,104.52
43.75,-12.25,85.8204
44.25,-12.25,69.9434
44.75,-12.25,56.5311
-44.75,-11.75,47.2216
-44.25,-11.75,52.2352
-43.75,-11.75,57.6783
-43.25,-11.75,63.957
-42.75,-11.75,71.4654
-42.25,-11.75,80.517
-41.75,-11.75,91.4634
-41.25,-11.75,104.71
-40.75,-11.75,120.715
-40.25,-11.75,139.988
-39.75,-11.75,163.078
-39.25,-11.75,190.559
-38.75,-11.75,223.004
-38.25,-11.75,260.957
-37.75,-11.75,304.898
-37.25,-11.75,355.202
-36.75,-11.75,412.107
-36.25,-11.75,475.691
-35.75,-11.75,545.843
-35.25,-11.75,622.266
-34.75,-11.75,704.479
-34.25,-11.75,791.844
-33.75,-11.75,883.6
-33.25,-11.75,978.9
-32.75,-11.75,1076.86
-32.25,-11.75,1176.61
-31.75,-11.75,1277.31
-31.25,-11.75,1378.21
-30.75,-11.75,1478.68
-30.25,-11.75,1578.21
-29.75,-11.75,1676.45
-29.25,-11.75,1773.18
-28.75,-11.75,1868.33
-28.25,-11.75,1961.96
-27.75,-11.75,2054.26
-27.25,-11.75,2145.44
-26.75,-11.75,2235.78
-26.25,-11.75,2325.56
-25.75,-11.75,2414.99
-25.25,-11.75,2504.22
-24.75,-11.75,2593.32
-24.25,-11.75,2682.23
-23.75,-11.75,2770.8
-23.25,-11.75,2858.8
-22.75,-11.75,2945.92
-22.25,-11.75,3031.84
-21.75,-11.75,3116.24
-21.25,-11.75,3198.82
-20.75,-11.75,3279.34
-20.25,-11.75,3357.66
-19.75,-11.75,3433.72
-19.25,-11.75,3507.56
-18.75,-11.75,3579.34
-18.25,-11.75,3649.27
-17.75,-11.75,3717.67
-17.25,-11.75,3784.89
-16.75,-11.75,3851.35
-16.25,-11.75,3917.46
-15.75,-11.75,3983.68
-15.25,-11.75,4050.42
-14.75,-11.75,4118.11
-14.25,-11.75,4187.15
-13.75,-11.75,4257.95
-13.25,-11.75,4330.9
-12.75,-11.75,4406.41
-12.25,-11.75,4484.91
-11.75,-11.75,4566.86
-11.25,-11.75,4652.75
-10.75,-11.75,4743.1
-10.25,-11.75,4838.42
-9.75,-11.75,4939.2
-9.25,-11.75,5045.89
-8.75,-11.75,5158.82
-8.25,-11.75,5278.19
-7.75,-11.75,5404.03
-7.25,-11.75,5536.19
-6.75,-11.75,5674.29
-6.25,-11.75,5817.8
-5.75,-11.75,5966.01
-5.25,-11.75,6118.12
-4.75,-11.75,6273.24
-4.25,-11.75,6430.49
-3.75,-11.75,6589.02
-3.25,-11.75,6748.06
-2.75,-11.75,6906.94
-2.25,-11.75,7065.09
-1.75,-11.75,7222.02
-1.25,-11.75,7377.32
-0.75,-11.75,7530.62
-0.25,-11.75,7681.53
0.25,-11.75,7829.63
0.75,-11.75,7974.43
1.25,-11.75,8115.31
1.75,-11.75,8251.51
2.25,-11.75,8382.13
2.75,-11.75,8506.09
3.25,-11.75,8622.16
3.75,-11.75,8728.98
4.25,-11.75,8825.12
4.75,-11.75,8909.09
5.25,-11.75,8979.46
5.75,-11.75,9034.91
6.25,-11.75,9074.27
6.75,-11.75,9096.64
7.25,-11.75,9101.4
7.75,-11.75,9088.23
8.25,-11.75,9057.15
8.75,-11.75,9008.47
9.25,-11.75,8942.78
9.75,-11.75,8860.88
10.25,-11.75,8763.76
10.75,-11.75,8652.52
11.25,-11.75,8528.31
11.75,-11.75,8392.32
12.25,-11.75,8245.71
12.75,-11.75,8089.58
13.25,-11.75,7925
13.75,-11.75,7752.97
14.25,-11.75,7574.43
14.75,-11.75,7390.32
15.25,-11.75,7201.53
15.75,-11.75,7008.98
16.25,-11.75,6813.57
16.75,-11.75,6616.26
17.25,-11.75,6418.02
17.75,-11.75,6219.82
18.25,-11.75,6022.64
18.75,-11.75,5827.38
19.25,-11.75,5634.89
19.75,-11.75,5445.88
20.25,-11.75,5260.9
20.75,-11.75,5080.31
21.25,-11.75,4904.26
21.75,-11.75,4732.7
22.25,-11.75,4565.36
22.75,-11.75,4401.81
23.25,-11.75,4241.52
23.75,-11.75,4083.9
24.25,-11.75,3928.35
24.75,-11.75,3774.38
25.25,-11.75,3621.59
25.75,-11.75,3469.78
26.25,-11.75,3318.92
26.75,-11.75,3169.17
27.25,-11.75,3020.81
27.75,-11.75,2874.27
28.25,-11.75,2729.99
28.75,-11.75,2588.42
29.25,-11.75,2449.95
29.75,-11.75,2314.88
30.25,-11.75,2183.38
30.75,-11.75,2055.52
31.25,-11.75,1931.25
31.75,-11.75,1810.48
32.25,-11.75,1693.06
32.75,-11.75,1578.82
33.25,-11.75,1467.66
33.75,-11.75,1359.52
34.25,-11.75,1254.43
34.75,-11.75,1152.48
35.25,-11.75,1053.86
35.75,-11.75,958.825
36.25,-11.75,867.674
36.75,-11.75,780.737
37.25,-11.75,698.346
37.75,-11.75,620.814
38.25,-11.75,548.405
38.75,-11.75,481.325
39.25,-11.75,419.7
39.75,-11.75,363.571
40.25,-11.75,312.888
40.75,-11.75,267.517
41.25,-11.75,227.243
41.75,-11.75,191.788
42.25,-11.75,160.819
42.75,-11.75,133.972
43.25,-11.75,110.866
43.75,-11.75,91.1174
44.25,-11.75,74.34
44.75,-11.75,60.1568
-44.75,-11.25,48.1864
-44.25,-11.25,53.5515
-43.75,-11.25,59.4328
-43.25,-11.25,66.2564
-42.75,-11.25,74.4381
-42.25,-11.25,84.3145
-41.75,-11.25,96.2623
-41.25,-11.25,110.711
-40.75,-11.25,128.143
-40.25,-11.25,149.087
-39.75,-11.25,174.105
-39.25,-11.25,203.773
-38.75,-11.25,238.657
-38.25,-11.25,279.282
-37.75,-11.25,326.094
-37.25,-11.25,379.425
-36.75,-11.25,439.465
-36.25,-11.25,506.234
-35.75,-11.25,579.573
-35.25,-11.25,659.138
-34.75,-11.25,744.416
-34.25,-11.25,834.748
-33.75,-11.25,929.367
-33.25,-11.25,1027.43
-32.75,-11.25,1128.08
-32.25,-11.25,1230.45
-31.75,-11.25,1333.73
-31.25,-11.25,1437.19
-30.75,-11.25,1540.21
-30.25,-11.25,1642.29
-29.75,-11.25,1743.06
-29.25,-11.25,1842.3
-28.75,-11.25,1939.94
-28.25,-11.25,2036.01
-27.75,-11.25,2130.67
-27.25,-11.25,2224.14
-26.75,-11.25,2316.69
-26.25,-11.25,2408.57
-25.75,-11.25,2500.03
-25.25,-11.25,2591.21
-24.75,-11.25,2682.19
-24.25,-11.25,2772.94
-23.75,-11.25,2863.34
-23.25,-11.25,2953.18
-22.75,-11.25,3042.18
-22.25,-11.25,3130.04
-21.75,-11.25,3216.45
-21.25,-11.25,3301.14
-20.75,-11.25,3383.89
-20.25,-11.25,3464.55
-19.75,-11.25,3543.06
-19.25,-11.25,3619.47
-18.75,-11.25,3693.9
-18.25,-11.25,3766.57
-17.75,-11.25,3837.75
-17.25,-11.25,3907.81
-16.75,-11.25,3977.11
-16.25,-11.25,4046.08
-15.75,-11.25,4115.13
-15.25,-11.25,4184.69
-14.75,-11.25,4255.18
-14.25,-11.25,4327
-13.75,-11.25,4400.57
-13.25,-11.25,4476.29
-12.75,-11.25,4554.56
-12.25,-11.25,4635.83
-11.75,-11.25,4720.56
-11.25,-11.25,4809.23
-10.75,-11.25,4902.37
-10.25,-11.25,5000.49
-9.75,-11.25,5104.1
-9.25,-11.25,5213.64
-8.75,-11.25,5329.45
-8.25,-11.25,5451.75
-7.75,-11.25,5580.58
-7.25,-11.25,5715.78
-6.75,-11.25,5857.02
-6.25,-11.25,6003.75
-5.75,-11.25,6155.26
-5.25,-11.25,6310.75
-4.75,-11.25,6469.32
-4.25,-11.25,6630.09
-3.75,-11.25,6792.18
-3.25,-11.25,6954.81
-2.75,-11.25,7117.26
-2.25,-11.25,7278.96
-1.75,-11.25,7439.38
-1.25,-11.25,7598.08
-0.75,-11.25,7754.65
-0.25,-11.25,7908.69
0.25,-11.25,8059.75
0.75,-11.25,8207.31
1.25,-11.25,8350.74
1.75,-11.25,8489.26
2.25,-11.25,8621.97
2.75,-11.25,8747.77
3.25,-11.25,8865.43
3.75,-11.25,8973.58
4.25,-11.25,9070.76
4.75,-11.25,9155.49
5.25,-11.25,9226.31
5.75,-11.25,9281.91
6.25,-11.25,9321.12
6.75,-11.25,9343.04
7.25,-11.25,9347.07
7.75,-11.25,9332.92
8.25,-11.25,9300.64
8.75,-11.25,9250.57
9.25,-11.25,9183.33
9.75,-11.25,9099.76
10.25,-11.25,9000.88
10.75,-11.25,8887.8
11.25,-11.25,8761.68
11.75,-11.25,8623.7
12.25,-11.25,8475.01
12.75,-11.25,8316.69
13.25,-11.25,8149.79
13.75,-11.25,7975.26
14.25,-11.25,7794.02
14.75,-11.25,7606.96
15.25,-11.25,7414.94
15.75,-11.25,7218.82
16.25,-11.25,7019.52
16.75,-11.25,6817.93
17.25,-11.25,6615.04
17.75,-11.25,6411.82
18.25,-11.25,6209.25
18.75,-11.25,6008.3
19.25,-11.25,5809.87
19.75,-11.25,5614.72
20.25,-11.25,5423.5
20.75,-11.25,5236.65
21.25,-11.25,5054.41
21.75,-11.25,4876.78
22.25,-11.25,4703.57
22.75,-11.25,4534.4
23.25,-11.25,4368.77
23.75,-11.25,4206.08
24.25,-11.25,4045.77
24.75,-11.25,3887.29
25.25,-11.25,3730.26
25.75,-11.25,3574.44
26.25,-11.25,3419.76
26.75,-11.25,3266.36
27.25,-11.25,3114.5
27.75,-11.25,2964.58
28.25,-11.25,2817.04
28.75,-11.25,2672.31
29.25,-11.25,2530.78
29.75,-11.25,2392.74
30.25,-11.25,2258.36
30.75,-11.25,2127.69
31.25,-11.25,2000.68
31.75,-11.25,1877.19
32.25,-11.25,1757.06
32.75,-11.25,1640.11
33.25,-11.25,1526.18
33.75,-11.25,1415.19
34.25,-11.25,1307.15
34.75,-11.25,1202.15
35.25,-11.25,1100.38
35.75,-11.25,1002.1
36.25,-11.25,907.642
36.75,-11.25,817.378
37.25,-11.25,731.681
37.75,-11.25,650.909
38.25,-11.25,575.371
38.75,-11.25,505.311
39.25,-11.25,440.888
39.75,-11.25,382.167
40.25,-11.25,329.111
40.75,-11.25,281.591
41.25,-11.25,239.391
41.75,-11.25,202.223
42.25,-11.25,169.742
42.75,-11.25,141.568
43.25,-11.25,117.304
43.75,-11.25,96.5488
44.25,-11.25,78.8991
44.75,-11.25,63.9613
-44.75,-10.75,49.3606
-44.25,-10.75,55.049
-43.75,-10.75,61.336
-43.25,-10.75,68.6712
-42.75,-10.75,77.4937
-42.25,-10.75,88.1654
-41.75,-10.75,101.089
-41.25,-10.75,116.72
-40.75,-10.75,135.565
-40.25,-10.75,158.17
-39.75,-10.75,185.107
-39.25,-10.75,216.952
-38.75,-10.75,254.259
-38.25,-10.75,297.526
-37.75,-10.75,347.16
-37.25,-10.75,403.445
-36.75,-10.75,466.515
-36.25,-10.75,536.337
-35.75,-10.75,612.7
-35.25,-10.75,695.224
-34.75,-10.75,783.369
-34.25,-10.75,876.472
-33.75,-10.75,973.771
-33.25,-10.75,1074.45
-32.75,-10.75,1177.67
-32.25,-10.75,1282.61
-31.75,-10.75,1388.48
-31.25,-10.75,1494.59
-30.75,-10.75,1600.3
-30.25,-10.75,1705.13
-29.75,-10.75,1808.67
-29.25,-10.75,1910.7
-28.75,-10.75,2011.07
-28.25,-10.75,2109.81
-27.75,-10.75,2207.02
-27.25,-10.75,2302.88
-26.75,-10.75,2397.64
-26.25,-10.75,2491.54
-25.75,-10.75,2584.83
-25.25,-10.75,2677.67
-24.75,-10.75,2770.17
-24.25,-10.75,2862.34
-23.75,-10.75,2954.09
-23.25,-10.75,3045.28
-22.75,-10.75,3135.68
-22.25,-10.75,3225.03
-21.75,-10.75,3313.06
-21.25,-10.75,3399.55
-20.75,-10.75,3484.27
-20.25,-10.75,3567.11
-19.75,-10.75,3647.99
-19.25,-10.75,3726.95
-18.75,-10.75,3804.1
-18.25,-10.75,3879.61
-17.75,-10.75,3953.74
-17.25,-10.75,4026.81
-16.75,-10.75,4099.16
-16.25,-10.75,4171.2
-15.75,-10.75,4243.31
-15.25,-10.75,4315.93
-14.75,-10.75,4389.45
-14.25,-10.75,4464.29
-13.75,-10.75,4540.86
-13.25,-10.75,4619.56
-12.75,-10.75,4700.81
-12.25,-10.75,4785.04
-11.75,-10.75,4872.71
-11.25,-10.75,4964.29
-10.75,-10.75,5060.3
-10.25,-10.75,5161.25
-9.75,-10.75,5267.61
-9.25,-10.75,5379.84
-8.75,-10.75,5498.27
-8.25,-10.75,5623.15
-7.75,-10.75,5754.51
-7.25,-10.75,5892.23
-6.75,-10.75,6035.99
-6.25,-10.75,6185.28
-5.75,-10.75,6339.42
-5.25,-10.75,6497.63
-4.75,-10.75,6659.04
-4.25,-10.75,6822.77
-3.75,-10.75,6987.95
-3.25,-10.75,7153.77
-2.75,-10.75,7319.53
-2.25,-10.75,7484.59
-1.75,-10.75,7648.41
-1.25,-10.75,7810.5
-0.75,-10.75,7970.41
-0.25,-10.75,8127.7
0.25,-10.75,8281.88
0.75,-10.75,8432.39
1.25,-10.75,8578.58
1.75,-10.75,8719.64
2.25,-10.75,8854.64
2.75,-10.75,8982.46
3.25,-10.75,9101.85
3.75,-10.75,9211.42
4.25,-10.75,9309.69
4.75,-10.75,9395.18
5.25,-10.75,9466.43
5.75,-10.75,9522.12
6.25,-10.75,9561.12
6.75,-10.75,9582.55
7.25,-10.75,9585.86
7.75,-10.75,9570.8
8.25,-10.75,9537.43
8.75,-10.75,9486.17
9.25,-10.75,9417.65
9.75,-10.75,9332.73
10.25,-10.75,9232.41
10.75,-10.75,9117.81
11.25,-10.75,8990.08
11.75,-10.75,8850.35
12.25,-10.75,8699.74
12.75,-10.75,8539.32
13.25,-10.75,8370.08
13.75,-10.75,8192.98
14.25,-10.75,8008.9
14.75,-10.75,7818.73
15.25,-10.75,7623.32
15.75,-10.75,7423.52
16.25,-10.75,7220.22
16.75,-10.75,7014.34
17.25,-10.75,6806.84
17.75,-10.75,6598.69
18.25,-10.75,6390.9
18.75,-10.75,6184.44
19.25,-10.75,5980.25
19.75,-10.75,5779.15
20.25,-10.75,5581.85
20.75,-10.75,5388.86
21.25,-10.75,5200.48
21.75,-10.75,5016.82
22.25,-10.75,4837.75
22.75,-10.75,4662.95
23.25,-10.75,4491.97
23.75,-10.75,4324.25
24.25,-10.75,4159.22
24.75,-10.75,3996.36
25.25,-10.75,3835.26
25.75,-10.75,3675.65
26.25,-10.75,3517.44
26.75,-10.75,3360.72
27.25,-10.75,3205.72
27.75,-10.75,3052.78
28.25,-10.75,2902.32
28.75,-10.75,2754.76
29.25,-10.75,2610.44
29.75,-10.75,2469.64
30.25,-10.75,2332.53
30.75,-10.75,2199.15
31.25,-10.75,2069.42
31.75,-10.75,1943.21
32.25,-10.75,1820.32
32.75,-10.75,1700.55
33.25,-10.75,1583.74
33.75,-10.75,1469.8
34.25,-10.75,1358.71
34.75,-10.75,1250.57
35.25,-10.75,1145.57
35.75,-10.75,1044.01
36.25,-10.75,946.245
36.75,-10.75,852.683
37.25,-10.75,763.739
37.75,-10.75,679.816
38.25,-10.75,601.263
38.75,-10.75,528.357
39.25,-10.75,461.281
39.75,-10.75,400.117
40.25,-10.75,344.835
40.75,-10.75,295.304
41.25,-10.75,251.303
41.75,-10.75,212.531
42.25,-10.75,178.629
42.75,-10.75,149.202
43.25,-10.75,123.836
43.75,-10.75,102.114
44.25,-10.75,83.6176
44.75,-10.75,67.9384
-44.75,-10.25,50.8364
-44.25,-10.25,56.8217
-43.75,-10.25,63.4817
-43.25,-10.25,71.2916
-42.75,-10.25,80.7165
-42.25,-10.25,92.1444
-41.75,-10.25,106.006
-41.25,-10.25,122.782
-40.75,-10.25,143.005
-40.25,-10.25,167.237
-39.75,-10.25,196.061
-39.25,-10.25,230.049
-38.75,-10.25,269.739
-38.25,-10.25,315.597
-37.75,-10.25,367.989
-37.25,-10.25,427.145
-36.75,-10.25,493.142
-36.25,-10.25,565.891
-35.75,-10.25,645.136
-35.25,-10.25,730.46
-34.75,-10.25,821.308
-34.25,-10.25,917.018
-33.75,-10.25,1016.85
-33.25,-10.25,1120.02
-32.75,-10.25,1225.73
-32.25,-10.25,1333.21
-31.75,-10.25,1441.7
-31.25,-10.25,1550.52
-30.75,-10.25,1659.06
-30.25,-10.25,1766.81
-29.75,-10.25,1873.35
-29.25,-10.25,1978.39
-28.75,-10.25,2081.73
-28.25,-10.25,2183.33
-27.75,-10.25,2283.22
-27.25,-10.25,2381.55
-26.75,-10.25,2478.51
-26.25,-10.25,2574.32
-25.75,-10.25,2669.24
-25.25,-10.25,2763.44
-24.75,-10.25,2857.08
-24.25,-10.25,2950.22
-23.75,-10.25,3042.86
-23.25,-10.25,3134.92
-22.75,-10.25,3226.24
-22.25,-10.25,3316.64
-21.75,-10.25,3405.92
-21.25,-10.25,3493.88
-20.75,-10.25,3580.33
-20.25,-10.25,3665.17
-19.75,-10.25,3748.31
-19.25,-10.25,3829.77
-18.75,-10.25,3909.63
-18.25,-10.25,3988.02
-17.75,-10.25,4065.17
-17.25,-10.25,4141.35
-16.75,-10.25,4216.87
-16.25,-10.25,4292.1
-15.75,-10.25,4367.43
-15.25,-10.25,4443.25
-14.75,-10.25,4519.98
-14.25,-10.25,4598.01
-13.75,-10.25,4677.76
-13.25,-10.25,4759.64
-12.75,-10.25,4844.05
-12.25,-10.25,4931.42
-11.75,-10.25,5022.18
-11.25,-10.25,5116.8
-10.75,-10.25,5215.75
-10.25,-10.25,5319.51
-9.75,-10.25,5428.55
-9.25,-10.25,5543.29
-8.75,-10.25,5664.07
-8.25,-10.25,5791.12
-7.75,-10.25,5924.53
-7.25,-10.25,6064.19
-6.75,-10.25,6209.83
-6.25,-10.25,6361.01
-5.75,-10.25,6517.11
-5.25,-10.25,6677.39
-4.75,-10.25,6841.05
-4.25,-10.25,7007.23
-3.75,-10.25,7175.09
-3.25,-10.25,7343.84
-2.75,-10.25,7512.72
-2.25,-10.25,7681.09
-1.75,-10.25,7848.34
-1.25,-10.25,8013.94
-0.75,-10.25,8177.39
-0.25,-10.25,8338.16
0.25,-10.25,8495.73
0.75,-10.25,8649.5
1.25,-10.25,8798.73
1.75,-10.25,8942.62
2.25,-10.25,9080.16
2.75,-10.25,9210.22
3.25,-10.25,9331.5
3.75,-10.25,9442.6
4.25,-10.25,9542.03
4.75,-10.25,9628.28
5.25,-10.25,9699.92
5.75,-10.25,9755.65
6.25,-10.25,9794.37
6.75,-10.25,9815.26
7.25,-10.25,9817.81
7.75,-10.25,9801.84
8.25,-10.25,9767.48
8.75,-10.25,9715.15
9.25,-10.25,9645.52
9.75,-10.25,9559.46
10.25,-10.25,9457.95
10.75,-10.25,9342.05
11.25,-10.25,9212.88
11.75,-10.25,9071.53
12.25,-10.25,8919.05
12.75,-10.25,8756.48
13.25,-10.25,8584.8
13.75,-10.25,8404.93
14.25,-10.25,8217.78
14.75,-10.25,8024.24
15.25,-10.25,7825.18
15.75,-10.25,7621.47
16.25,-10.25,7414.03
16.75,-10.25,7203.79
17.25,-10.25,6991.69
17.75,-10.25,6778.73
18.25,-10.25,6565.89
18.75,-10.25,6354.17
19.25,-10.25,6144.51
19.75,-10.25,5937.76
20.25,-10.25,5734.66
20.75,-10.25,5535.79
21.25,-10.25,5341.52
21.75,-10.25,5152.03
22.25,-10.25,4967.25
22.75,-10.25,4786.95
23.25,-10.25,4610.73
23.75,-10.25,4438.09
24.25,-10.25,4268.49
24.75,-10.25,4101.41
25.25,-10.25,3936.45
25.75,-10.25,3773.31
26.25,-10.25,3611.85
26.75,-10.25,3452.13
27.25,-10.25,3294.33
27.75,-10.25,3138.73
28.25,-10.25,2985.69
28.75,-10.25,2835.59
29.25,-10.25,2688.74
29.75,-10.25,2545.39
30.25,-10.25,2405.68
30.75,-10.25,2269.65
31.25,-10.25,2137.22
31.75,-10.25,2008.24
32.25,-10.25,1882.5
32.75,-10.25,1759.81
33.25,-10.25,1640
33.75,-10.25,1522.97
34.25,-10.25,1408.72
34.75,-10.25,1297.34
35.25,-10.25,1189.07
35.75,-10.25,1084.21
36.25,-10.25,983.159
36.75,-10.25,886.363
37.25,-10.25,794.278
37.75,-10.25,707.34
38.25,-10.25,625.932
38.75,-10.25,550.355
39.25,-10.25,480.809
39.75,-10.25,417.381
40.25,-10.25,360.043
40.75,-10.25,308.657
41.25,-10.25,262.99
41.75,-10.25,222.729
42.25,-10.25,187.498
42.75,-10.25,156.889
43.25,-10.25,130.471
43.75,-10.25,107.817
44.25,-10.25,88.4929
44.75,-10.25,72.0796
-44.75,-9.75,52.6775
-44.25,-9.75,58.9368
-43.75,-9.75,65.9386
-43.25,-9.75,74.1865
-42.75,-9.75,84.173
-42.25,-9.75,96.313
-41.75,-9.75,111.065
-41.25,-9.75,128.938
-40.75,-9.75,150.488
-40.25,-9.75,176.296
-39.75,-9.75,206.952
-39.25,-9.75,243.025
-38.75,-9.75,285.035
-38.25,-9.75,333.417
-37.75,-9.75,388.489
-37.25,-9.75,450.429
-36.75,-9.75,519.255
-36.25,-9.75,594.823
-35.75,-9.75,676.83
-35.25,-9.75,764.828
-34.75,-9.75,858.25
-34.25,-9.75,956.444
-33.75,-9.75,1058.69
-33.25,-9.75,1164.26
-32.75,-9.75,1272.4
-32.25,-9.75,1382.38
-31.75,-9.75,1493.49
-31.25,-9.75,1605.09
-30.75,-9.75,1716.56
-30.25,-9.75,1827.37
-29.75,-9.75,1937.06
-29.25,-9.75,2045.28
-28.75,-9.75,2151.77
-28.25,-9.75,2256.37
-27.75,-9.75,2359.05
-27.25,-9.75,2459.88
-26.75,-9.75,2558.99
-26.25,-9.75,2656.6
-25.75,-9.75,2752.93
-25.25,-9.75,2848.21
-24.75,-9.75,2942.63
-24.25,-9.75,3036.35
-23.75,-9.75,3129.45
-23.25,-9.75,3221.94
-22.75,-9.75,3313.76
-22.25,-9.75,3404.83
-21.75,-9.75,3495
-21.25,-9.75,3584.13
-20.75,-9.75,3672.08
-20.25,-9.75,3758.72
-19.75,-9.75,3843.99
-19.25,-9.75,3927.86
-18.75,-9.75,4010.37
-18.25,-9.75,4091.62
-17.75,-9.75,4171.78
-17.25,-9.75,4251.07
-16.75,-9.75,4329.79
-16.25,-9.75,4408.26
-15.75,-9.75,4486.84
-15.25,-9.75,4565.94
-14.75,-9.75,4645.95
-14.25,-9.75,4727.27
-13.75,-9.75,4810.32
-13.25,-9.75,4895.5
-12.75,-9.75,4983.22
-12.25,-9.75,5073.86
-11.75,-9.75,5167.84
-11.25,-9.75,5265.58
-10.75,-9.75,5367.51
-10.25,-9.75,5474.08
-9.75,-9.75,5585.7
-9.25,-9.75,5702.77
-8.75,-9.75,5825.61
-8.25,-9.75,5954.46
-7.75,-9.75,6089.44
-7.25,-9.75,6230.48
-6.75,-9.75,6377.4
-6.25,-9.75,6529.84
-5.75,-9.75,6687.26
-5.25,-9.75,6849.04
-4.75,-9.75,7014.43
-4.25,-9.75,7182.65
-3.75,-9.75,7352.9
-3.25,-9.75,7524.38
-2.75,-9.75,7696.33
-2.25,-9.75,7868.06
-1.75,-9.75,8038.9
-1.25,-9.75,8208.25
-0.75,-9.75,8375.51
-0.25,-9.75,8540.1
0.25,-9.75,8701.41
0.75,-9.75,8858.75
1.25,-9.75,9011.37
1.75,-9.75,9158.36
2.25,-9.75,9298.69
2.75,-9.75,9431.18
3.25,-9.75,9554.5
3.75,-9.75,9667.21
4.25,-9.75,9767.82
4.75,-9.75,9854.83
5.25,-9.75,9926.8
5.75,-9.75,9982.48
6.25,-9.75,10020.8
6.75,-9.75,10041.1
7.25,-9.75,10042.8
7.75,-9.75,10025.9
8.25,-9.75,9990.54
8.75,-9.75,9937.18
9.25,-9.75,9866.53
9.75,-9.75,9779.42
10.25,-9.75,9676.81
10.75,-9.75,9559.73
11.25,-9.75,9429.18
11.75,-9.75,9286.22
12.25,-9.75,9131.84
12.75,-9.75,8967.01
13.25,-9.75,8792.7
13.75,-9.75,8609.83
14.25,-9.75,8419.34
14.75,-9.75,8222.15
15.25,-9.75,8019.17
15.75,-9.75,7811.35
16.25,-9.75,7599.62
16.75,-9.75,7384.94
17.25,-9.75,7168.28
17.75,-9.75,6950.62
18.25,-9.75,6732.96
18.75,-9.75,6516.26
19.25,-9.75,6301.47
19.75,-9.75,6089.44
20.25,-9.75,5880.93
20.75,-9.75,5676.55
21.25,-9.75,5476.73
21.75,-9.75,5281.69
22.25,-9.75,5091.47
22.75,-9.75,4905.9
23.25,-9.75,4724.64
23.75,-9.75,4547.27
24.25,-9.75,4373.28
24.75,-9.75,4202.2
25.25,-9.75,4033.6
25.75,-9.75,3867.19
26.25,-9.75,3702.79
26.75,-9.75,3540.4
27.25,-9.75,3380.13
27.75,-9.75,3222.2
28.25,-9.75,3066.91
28.75,-9.75,2914.55
29.25,-9.75,2765.41
29.75,-9.75,2619.7
30.25,-9.75,2477.52
30.75,-9.75,2338.9
31.25,-9.75,2203.76
31.75,-9.75,2071.94
32.25,-9.75,1943.26
32.75,-9.75,1817.52
33.25,-9.75,1694.57
33.75,-9.75,1574.32
34.25,-9.75,1456.78
34.75,-9.75,1342.1
35.25,-9.75,1230.51
35.75,-9.75,1122.36
36.25,-9.75,1018.09
36.75,-9.75,918.168
37.25,-9.75,823.09
37.75,-9.75,733.321
38.25,-9.75,649.263
38.75,-9.75,571.23
39.25,-9.75,499.429
39.75,-9.75,433.944
40.25,-9.75,374.739
40.75,-9.75,321.665
41.25,-9.75,274.475
41.75,-9.75,232.84
42.25,-9.75,196.371
42.75,-9.75,164.645
43.25,-9.75,137.222
43.75,-9.75,113.661
44.25,-9.75,93.5222
44.75,-9.75,76.376
-44.75,-9.25,54.9154
-44.25,-9.25,61.429
-43.75,-9.25,68.7444
-43.25,-9.25,77.3957
-42.75,-9.25,87.9038
-42.25,-9.25,100.711
-41.75,-9.25,116.302
-41.25,-9.25,135.216
-40.75,-9.25,158.031
-40.25,-9.25,185.348
-39.75,-9.25,217.765
-39.25,-9.25,255.848
-38.75,-9.25,300.099
-38.25,-9.25,350.922
-37.75,-9.25,408.59
-37.25,-9.25,473.227
-36.75,-9.25,544.794
-36.25,-9.25,623.091
-35.75,-9.25,707.769
-35.25,-9.25,798.352
-34.75,-9.25,894.261
-34.25,-9.25,994.852
-33.75,-9.25,1099.44
-33.25,-9.25,1207.33
-32.75,-9.25,1317.84
-32.25,-9.25,1430.28
-31.75,-9.25,1544
-31.25,-9.25,1658.37
-30.75,-9.25,1772.8
-30.25,-9.25,1886.73
-29.75,-9.25,1999.66
-29.25,-9.25,2111.15
-28.75,-9.25,2220.86
-28.25,-9.25,2328.54
-27.75,-9.25,2434.06
-27.25,-9.25,2537.38
-26.75,-9.25,2638.6
-26.25,-9.25,2737.87
-25.75,-9.25,2835.44
-25.25,-9.25,2931.55
-24.75,-9.25,3026.47
-24.25,-9.25,3120.43
-23.75,-9.25,3213.63
-23.25,-9.25,3306.19
-22.75,-9.25,3398.18
-22.25,-9.25,3489.58
-21.75,-9.25,3580.36
-21.25,-9.25,3670.42
-20.75,-9.25,3759.64
-20.25,-9.25,3847.92
-19.75,-9.25,3935.17
-19.25,-9.25,4021.33
-18.75,-9.25,4106.39
-18.25,-9.25,4190.41
-17.75,-9.25,4273.49
-17.25,-9.25,4355.83
-16.75,-9.25,4437.67
-16.25,-9.25,4519.31
-15.75,-9.25,4601.1
-15.25,-9.25,4683.44
-14.75,-9.25,4766.71
-14.25,-9.25,4851.34
-13.75,-9.25,4937.73
-13.25,-9.25,5026.26
-12.75,-9.25,5117.34
-12.25,-9.25,5211.32
-11.75,-9.25,5308.58
-11.25,-9.25,5409.5
-10.75,-9.25,5514.43
-10.25,-9.25,5623.76
-9.75,-9.25,5737.86
-9.25,-9.25,5857.08
-8.75,-9.25,5981.72
-8.25,-9.25,6112.03
-7.75,-9.25,6248.15
-7.25,-9.25,6390.1
-6.75,-9.25,6537.78
-6.25,-9.25,6690.94
-5.75,-9.25,6849.17
-5.25,-9.25,7011.97
-4.75,-9.25,7178.7
-4.25,-9.25,7348.66
-3.75,-9.25,7521.11
-3.25,-9.25,7695.25
-2.75,-9.25,7870.32
-2.25,-9.25,8045.56
-1.75,-9.25,8220.22
-1.25,-9.25,8393.61
-0.75,-9.25,8565.03
-0.25,-9.25,8733.79
0.25,-9.25,8899.17
0.75,-9.25,9060.43
1.25,-9.25,9216.7
1.75,-9.25,9367.04
2.25,-9.25,9510.35
2.75,-9.25,9645.41
3.25,-9.25,9770.84
3.75,-9.25,9885.2
4.25,-9.25,9986.98
4.75,-9.25,10074.7
5.25,-9.25,10146.9
5.75,-9.25,10202.4
6.25,-9.25,10240.3
6.75,-9.25,10259.8
7.25,-9.25,10260.6
7.75,-9.25,10242.6
8.25,-9.25,10206.2
8.75,-9.25,10151.8
9.25,-9.25,10080
9.75,-9.25,9991.86
10.25,-9.25,9888.14
10.75,-9.25,9769.82
11.25,-9.25,9637.86
11.75,-9.25,9493.2
12.25,-9.25,9336.79
12.75,-9.25,9169.56
13.25,-9.25,8992.43
13.75,-9.25,8806.35
14.25,-9.25,8612.3
14.75,-9.25,8411.23
15.25,-9.25,8204.16
15.75,-9.25,7992.07
16.25,-9.25,7775.97
16.75,-9.25,7556.85
17.25,-9.25,7335.72
17.75,-9.25,7113.54
18.25,-9.25,6891.3
18.75,-9.25,6669.94
19.25,-9.25,6450.38
19.75,-9.25,6233.47
20.25,-9.25,6019.95
20.75,-9.25,5810.45
21.25,-9.25,5605.44
21.75,-9.25,5405.21
22.25,-9.25,5209.86
22.75,-9.25,5019.28
23.25,-9.25,4833.24
23.75,-9.25,4651.36
24.25,-9.25,4473.22
24.75,-9.25,4298.37
25.25,-9.25,4126.4
25.75,-9.25,3956.99
26.25,-9.25,3789.95
26.75,-9.25,3625.21
27.25,-9.25,3462.8
27.75,-9.25,3302.88
28.25,-9.25,3145.64
28.75,-9.25,2991.32
29.25,-9.25,2840.12
29.75,-9.25,2692.22
30.25,-9.25,2547.68
30.75,-9.25,2406.51
31.25,-9.25,2268.64
31.75,-9.25,2133.92
32.25,-9.25,2002.18
32.75,-9.25,1873.26
33.25,-9.25,1747.02
33.75,-9.25,1623.42
34.25,-9.25,1502.52
34.75,-9.25,1384.46
35.25,-9.25,1269.55
35.75,-9.25,1158.16
36.25,-9.25,1050.77
36.75,-9.25,947.877
37.25,-9.25,850.002
37.75,-9.25,757.625
38.25,-9.25,671.159
38.75,-9.25,590.919
39.25,-9.25,517.104
39.75,-9.25,449.788
40.25,-9.25,388.92
40.75,-9.25,334.334
41.25,-9.25,285.767
41.75,-9.25,242.875
42.25,-9.25,205.256
42.75,-9.25,172.477
43.25,-9.25,144.088
43.75,-9.25,119.644
44.25,-9.25,98.6974
44.75,-9.25,80.815
-44.75,-8.75,57.5502
-44.25,-8.75,64.3013
-43.75,-8.75,71.9054
-43.25,-8.75,80.9285
-42.75,-8.75,91.921
-42.25,-8.75,105.351
-41.75,-8.75,121.731
-41.25,-8.75,141.626
-40.75,-8.75,165.639
-40.25,-8.75,194.389
-39.75,-8.75,228.485
-39.25,-8.75,268.49
-38.75,-8.75,314.892
-38.25,-8.75,368.064
-37.75,-8.75,428.24
-37.25,-8.75,495.491
-36.75,-8.75,569.723
-36.25,-8.75,650.682
-35.75,-8.75,737.975
-35.25,-8.75,831.089
-34.75,-8.75,929.435
-34.25,-8.75,1032.37
-33.75,-8.75,1139.25
-33.25,-8.75,1249.41
-32.75,-8.75,1362.22
-32.25,-8.75,1477.06
-31.75,-8.75,1593.32
-31.25,-8.75,1710.41
-30.75,-8.75,1827.74
-30.25,-8.75,1944.75
-29.75,-8.75,2060.88
-29.25,-8.75,2175.63
-28.75,-8.75,2288.55
-28.25,-8.75,2399.3
-27.75,-8.75,2507.62
-27.25,-8.75,2613.4
-26.75,-8.75,2716.65
-26.25,-8.75,2817.48
-25.75,-8.75,2916.14
-25.25,-8.75,3012.9
-24.75,-8.75,3108.11
-24.25,-8.75,3202.09
-23.75,-8.75,3295.15
-23.25,-8.75,3387.54
-22.75,-8.75,3479.44
-22.25,-8.75,3570.95
-21.75,-8.75,3662.12
-21.25,-8.75,3752.9
-20.75,-8.75,3843.22
-20.25,-8.75,3932.99
-19.75,-8.75,4022.07
-19.25,-8.75,4110.37
-18.75,-8.75,4197.85
-18.25,-8.75,4284.49
-17.75,-8.75,4370.36
-17.25,-8.75,4455.59
-16.75,-8.75,4540.4
-16.25,-8.75,4625.07
-15.75,-8.75,4709.93
-15.25,-8.75,4795.38
-14.75,-8.75,4881.81
-14.25,-8.75,4969.65
-13.75,-8.75,5059.3
-13.25,-8.75,5151.15
-12.75,-8.75,5245.56
-12.25,-8.75,5342.87
-11.75,-8.75,5443.41
-11.25,-8.75,5547.47
-10.75,-8.75,5655.36
-10.25,-8.75,5767.39
-9.75,-8.75,5883.86
-9.25,-8.75,6005.07
-8.75,-8.75,6131.3
-8.25,-8.75,6262.79
-7.75,-8.75,6399.74
-7.25,-8.75,6542.24
-6.75,-8.75,6690.29
-6.25,-8.75,6843.78
-5.75,-8.75,7002.46
-5.25,-8.75,7165.95
-4.75,-8.75,7333.77
-4.25,-8.75,7505.3
-3.75,-8.75,7679.86
-3.25,-8.75,7856.69
-2.75,-8.75,8034.99
-2.25,-8.75,8213.93
-1.75,-8.75,8392.68
-1.25,-8.75,8570.41
-0.75,-8.75,8746.31
-0.25,-8.75,8919.56
0.25,-8.75,9089.34
0.75,-8.75,9254.77
1.25,-8.75,9414.91
1.75,-8.75,9568.75
2.25,-8.75,9715.13
2.75,-8.75,9852.78
3.25,-8.75,9980.33
3.75,-8.75,10096.3
4.25,-8.75,10199.1
4.75,-8.75,10287.4
5.25,-8.75,10359.8
5.75,-8.75,10415
6.25,-8.75,10452.3
6.75,-8.75,10470.9
7.25,-8.75,10470.7
7.75,-8.75,10451.5
8.25,-8.75,10413.9
8.75,-8.75,10358.2
9.25,-8.75,10285.3
9.75,-8.75,10195.9
10.25,-8.75,10090.9
10.75,-8.75,9971.16
11.25,-8.75,9837.61
11.75,-8.75,9691.1
12.25,-8.75,9532.49
12.75,-8.75,9362.69
13.25,-8.75,9182.59
13.75,-8.75,8993.17
14.25,-8.75,8795.43
14.75,-8.75,8590.42
15.25,-8.75,8379.21
15.75,-8.75,8162.85
16.25,-8.75,7942.43
16.75,-8.75,7718.98
17.25,-8.75,7493.53
17.75,-8.75,7267.05
18.25,-8.75,7040.5
18.75,-8.75,6814.81
19.25,-8.75,6590.83
19.75,-8.75,6369.4
20.25,-8.75,6151.25
20.75,-8.75,5937.01
21.25,-8.75,5727.18
21.75,-8.75,5522.09
22.25,-8.75,5321.9
22.75,-8.75,5126.61
23.25,-8.75,4936.04
23.75,-8.75,4749.92
24.25,-8.75,4567.87
24.75,-8.75,4389.5
25.25,-8.75,4214.42
25.75,-8.75,4042.31
26.25,-8.75,3872.94
26.75,-8.75,3706.16
27.25,-8.75,3541.95
27.75,-8.75,3380.35
28.25,-8.75,3221.47
28.75,-8.75,3065.45
29.25,-8.75,2912.43
29.75,-8.75,2762.5
30.25,-8.75,2615.71
30.75,-8.75,2472.04
31.25,-8.75,2331.43
31.75,-8.75,2193.74
32.25,-8.75,2058.84
32.75,-8.75,1926.61
33.25,-8.75,1796.97
33.75,-8.75,1669.92
34.25,-8.75,1545.56
34.75,-8.75,1424.11
35.25,-8.75,1305.91
35.75,-8.75,1191.37
36.25,-8.75,1081
36.75,-8.75,975.322
37.25,-8.75,874.877
37.75,-8.75,780.148
38.25,-8.75,691.542
38.75,-8.75,609.362
39.25,-8.75,533.791
39.75,-8.75,464.882
40.25,-8.75,402.561
40.75,-8.75,346.643
41.25,-8.75,296.846
41.75,-8.75,252.815
42.25,-8.75,214.134
42.75,-8.75,180.363
43.25,-8.75,151.049
43.75,-8.75,125.743
44.25,-8.75,103.997
44.75,-8.75,85.3746
-44.75,-8.25,60.553
-44.25,-8.25,67.5271
-43.75,-8.25,75.3978
-43.25,-8.25,84.7645
-42.75,-8.25,96.2074
-42.25,-8.25,110.219
-41.75,-8.25,127.339
-41.25,-8.25,148.157
-40.75,-8.25,173.298
-40.25,-8.25,203.403
-39.75,-8.25,239.089
-39.25,-8.25,280.922
-38.75,-8.25,329.378
-38.25,-8.25,384.806
-37.75,-8.25,447.403
-37.25,-8.25,517.194
-36.75,-8.25,594.031
-36.25,-8.25,677.609
-35.75,-8.25,767.484
-35.25,-8.25,863.112
-34.75,-8.25,963.88
-34.25,-8.25,1069.15
-33.75,-8.25,1178.29
-33.25,-8.25,1290.67
-32.75,-8.25,1405.72
-32.25,-8.25,1522.86
-31.75,-8.25,1641.54
-31.25,-8.25,1761.21
-30.75,-8.25,1881.3
-30.25,-8.25,2001.22
-29.75,-8.25,2120.41
-29.25,-8.25,2238.27
-28.75,-8.25,2354.28
-28.25,-8.25,2467.97
-27.75,-8.25,2579
-27.25,-8.25,2687.15
-26.75,-8.25,2792.34
-26.25,-8.25,2894.65
-25.75,-8.25,2994.31
-25.25,-8.25,3091.64
-24.75,-8.25,3187.03
-24.25,-8.25,3280.91
-23.75,-8.25,3373.71
-23.25,-8.25,3465.8
-22.75,-8.25,3557.47
-22.25,-8.25,3648.96
-21.75,-8.25,3740.39
-21.25,-8.25,3831.76
-20.75,-8.25,3923.05
-20.25,-8.25,4014.15
-19.75,-8.25,4104.91
-19.25,-8.25,4195.21
-18.75,-8.25,4284.94
-18.25,-8.25,4374.02
-17.75,-8.25,4462.47
-17.25,-8.25,4550.39
-16.75,-8.25,4637.96
-16.25,-8.25,4725.43
-15.75,-8.25,4813.15
-15.25,-8.25,4901.49
-14.75,-8.25,4990.89
-14.25,-8.25,5081.75
-13.75,-8.25,5174.5
-13.25,-8.25,5269.52
-12.75,-8.25,5367.14
-12.25,-8.25,5467.67
-11.75,-8.25,5571.38
-11.25,-8.25,5678.5
-10.75,-8.25,5789.27
-10.25,-8.25,5903.91
-9.75,-8.25,6022.65
-9.25,-8.25,6145.73
-8.75,-8.25,6273.4
-8.25,-8.25,6405.91
-7.75,-8.25,6543.49
-7.25,-8.25,6686.32
-6.75,-8.25,6834.52
-6.25,-8.25,6988.13
-5.75,-8.25,7147.05
-5.25,-8.25,7311.07
-4.75,-8.25,7479.85
-4.25,-8.25,7652.88
-3.75,-8.25,7829.56
-3.25,-8.25,8009.15
-2.75,-8.25,8190.81
-2.25,-8.25,8373.64
-1.75,-8.25,8556.71
-1.25,-8.25,8739.05
-0.75,-8.25,8919.7
-0.25,-8.25,9097.69
0.25,-8.25,9272.06
0.75,-8.25,9441.82
1.25,-8.25,9605.94
1.75,-8.25,9763.31
2.25,-8.25,9912.75
2.75,-8.25,10052.9
3.25,-8.25,10182.5
3.75,-8.25,10299.9
4.25,-8.25,10403.7
4.75,-8.25,10492.5
5.25,-8.25,10564.8
5.75,-8.25,10619.7
6.25,-8.25,10656.2
6.75,-8.25,10673.8
7.25,-8.25,10672.3
7.75,-8.25,10651.9
8.25,-8.25,10612.8
8.75,-8.25,10555.7
9.25,-8.25,10481.4
9.75,-8.25,10390.5
10.25,-8.25,10283.9
10.75,-8.25,10162.5
11.25,-8.25,10027.1
11.75,-8.25,9878.5
12.25,-8.25,9717.51
12.75,-8.25,9544.98
13.25,-8.25,9361.84
13.75,-8.25,9169.05
14.25,-8.25,8967.66
14.75,-8.25,8758.79
15.25,-8.25,8543.55
15.75,-8.25,8323.11
16.25,-8.25,8098.57
16.75,-8.25,7871.03
17.25,-8.25,7641.51
17.75,-8.25,7411.02
18.25,-8.25,7180.46
18.75,-8.25,6950.72
19.25,-8.25,6722.65
19.75,-8.25,6497.03
20.25,-8.25,6274.57
20.75,-8.25,6055.9
21.25,-8.25,5841.55
21.75,-8.25,5631.88
22.25,-8.25,5427.14
22.75,-8.25,5227.4
23.25,-8.25,5032.57
23.75,-8.25,4842.45
24.25,-8.25,4656.76
24.75,-8.25,4475.14
25.25,-8.25,4297.23
25.75,-8.25,4122.71
26.25,-8.25,3951.3
26.75,-8.25,3782.81
27.25,-8.25,3617.11
27.75,-8.25,3454.15
28.25,-8.25,3293.92
28.75,-8.25,3136.47
29.25,-8.25,2981.83
29.75,-8.25,2830.04
30.25,-8.25,2681.11
30.75,-8.25,2534.99
31.25,-8.25,2391.63
31.75,-8.25,2250.93
32.25,-8.25,2112.8
32.75,-8.25,1977.17
33.25,-8.25,1844.04
33.75,-8.25,1713.47
34.25,-8.25,1585.64
34.75,-8.25,1460.82
35.25,-8.25,1339.39
35.75,-8.25,1221.82
36.25,-8.25,1108.64
36.75,-8.25,1000.41
37.25,-8.25,897.642
37.75,-8.25,800.831
38.25,-8.25,710.364
38.75,-8.25,626.517
39.25,-8.25,549.448
39.75,-8.25,479.179
40.25,-8.25,415.612
40.75,-8.25,358.539
41.25,-8.25,307.659
41.75,-8.25,262.603
42.25,-8.25,222.948
42.75,-8.25,188.25
43.25,-8.25,158.053
43.75,-8.25,131.911
44.25,-8.25,109.376
44.75,-8.25,90.016
-44.75,-7.75,63.866
-44.25,-7.75,71.0505
-43.75,-7.75,79.1686
-43.25,-7.75,88.854
-42.75,-7.75,100.717
-42.25,-7.75,115.273
-41.75,-7.75,133.087
-41.25,-7.75,154.771
-40.75,-7.75,180.974
-40.25,-7.75,212.355
-39.75,-7.75,249.544
-39.25,-7.75,293.111
-38.75,-7.75,343.524
-38.25,-7.75,401.116
-37.75,-7.75,466.051
-37.25,-7.75,538.314
-36.75,-7.75,617.709
-36.25,-7.75,703.878
-35.75,-7.75,796.33
-35.25,-7.75,894.477
-34.75,-7.75,997.679
-34.25,-7.75,1105.29
-33.75,-7.75,1216.67
-33.25,-7.75,1331.24
-32.75,-7.75,1448.44
-32.25,-7.75,1567.76
-31.75,-7.75,1688.69
-31.25,-7.75,1810.72
-30.75,-7.75,1933.32
-30.25,-7.75,2055.91
-29.75,-7.75,2177.87
-29.25,-7.75,2298.58
-28.75,-7.75,2417.43
-28.25,-7.75,2533.87
-27.75,-7.75,2647.43
-27.25,-7.75,2757.81
-26.75,-7.75,2864.85
-26.25,-7.75,2968.59
-25.75,-7.75,3069.23
-25.25,-7.75,3167.1
-24.75,-7.75,3262.68
-24.25,-7.75,3356.47
-23.75,-7.75,3449
-23.25,-7.75,3540.78
-22.75,-7.75,3632.22
-22.25,-7.75,3723.64
-21.75,-7.75,3815.26
-21.25,-7.75,3907.15
-20.75,-7.75,3999.3
-20.25,-7.75,4091.6
-19.75,-7.75,4183.9
-19.25,-7.75,4276.02
-18.75,-7.75,4367.8
-18.25,-7.75,4459.1
-17.75,-7.75,4549.91
-17.25,-7.75,4640.27
-16.75,-7.75,4730.32
-16.25,-7.75,4820.32
-15.75,-7.75,4910.61
-15.25,-7.75,5001.57
-14.75,-7.75,5093.65
-14.25,-7.75,5187.27
-13.75,-7.75,5282.86
-13.25,-7.75,5380.8
-12.75,-7.75,5481.42
-12.25,-7.75,5584.97
-11.75,-7.75,5691.68
-11.25,-7.75,5801.72
-10.75,-7.75,5915.24
-10.25,-7.75,6032.38
-9.75,-7.75,6153.29
-9.25,-7.75,6278.17
-8.75,-7.75,6407.21
-8.25,-7.75,6540.69
-7.75,-7.75,6678.84
-7.25,-7.75,6821.96
-6.75,-7.75,6970.27
-6.25,-7.75,7123.95
-5.75,-7.75,7283.07
-5.25,-7.75,7447.59
-4.75,-7.75,7617.32
-4.25,-7.75,7791.88
-3.75,-7.75,7970.72
-3.25,-7.75,8153.14
-2.75,-7.75,8338.27
-2.25,-7.75,8525.14
-1.75,-7.75,8712.68
-1.25,-7.75,8899.79
-0.75,-7.75,9085.33
-0.25,-7.75,9268.19
0.25,-7.75,9447.24
0.75,-7.75,9621.37
1.25,-7.75,9789.44
1.75,-7.75,9950.29
2.25,-7.75,10102.7
2.75,-7.75,10245.2
3.25,-7.75,10376.6
3.75,-7.75,10495.3
4.25,-7.75,10599.9
4.75,-7.75,10688.9
5.25,-7.75,10761.2
5.75,-7.75,10815.5
6.25,-7.75,10851.2
6.75,-7.75,10867.7
7.25,-7.75,10864.9
7.75,-7.75,10843
8.25,-7.75,10802.3
8.75,-7.75,10743.5
9.25,-7.75,10667.3
9.75,-7.75,10574.6
10.25,-7.75,10466.1
10.75,-7.75,10342.7
11.25,-7.75,10205.1
11.75,-7.75,10054.1
12.25,-7.75,9890.52
12.75,-7.75,9715.17
13.25,-7.75,9528.97
13.75,-7.75,9332.9
14.25,-7.75,9128.04
14.75,-7.75,8915.56
15.25,-7.75,8696.62
15.75,-7.75,8472.42
16.25,-7.75,8244.13
16.75,-7.75,8012.85
17.25,-7.75,7779.63
17.75,-7.75,7545.43
18.25,-7.75,7311.17
18.75,-7.75,7077.69
19.25,-7.75,6845.79
19.75,-7.75,6616.22
20.25,-7.75,6389.69
20.75,-7.75,6166.83
21.25,-7.75,5948.19
21.75,-7.75,5734.19
22.25,-7.75,5525.14
22.75,-7.75,5321.19
23.25,-7.75,5122.35
23.75,-7.75,4928.5
24.25,-7.75,4739.42
24.75,-7.75,4554.82
25.25,-7.75,4374.38
25.75,-7.75,4197.74
26.25,-7.75,4024.61
26.75,-7.75,3854.71
27.25,-7.75,3687.82
27.75,-7.75,3523.77
28.25,-7.75,3362.47
28.75,-7.75,3203.82
29.25,-7.75,3047.78
29.75,-7.75,2894.3
30.25,-7.75,2743.34
30.75,-7.75,2594.84
31.25,-7.75,2448.77
31.75,-7.75,2305.06
32.25,-7.75,2163.67
32.75,-7.75,2024.62
33.25,-7.75,1887.98
33.75,-7.75,1753.89
34.25,-7.75,1622.6
34.75,-7.75,1494.47
35.25,-7.75,1369.93
35.75,-7.75,1249.5
36.25,-7.75,1133.71
36.75,-7.75,1023.15
37.25,-7.75,918.319
37.75,-7.75,819.694
38.25,-7.75,727.631
38.75,-7.75,642.377
39.25,-7.75,564.049
39.75,-7.75,492.639
40.25,-7.75,428.018
40.75,-7.75,369.952
41.25,-7.75,318.124
41.75,-7.75,272.153
42.25,-7.75,231.61
42.75,-7.75,196.049
43.25,-7.75,165.016
43.75,-7.75,138.07
44.25,-7.75,114.767
44.75,-7.75,94.6795
-44.75,-7.25,67.3987
-44.25,-7.25,74.7839
-43.75,-7.25,83.1339
-43.25,-7.25,93.1172
-42.75,-7.25,105.374
-42.25,-7.25,120.443
-41.75,-7.25,138.909
-41.25,-7.25,161.408
-40.75,-7.25,188.611
-40.25,-7.25,221.193
-39.75,-7.25,259.801
-39.25,-7.25,305.01
-38.75,-7.25,357.288
-38.25,-7.25,416.953
-37.75,-7.25,484.147
-37.25,-7.25,558.818
-36.75,-7.25,640.73
-36.25,-7.25,729.471
-35.75,-7.25,824.502
-35.25,-7.25,925.185
-34.75,-7.25,1030.84
-34.25,-7.25,1140.8
-33.75,-7.25,1254.42
-33.25,-7.25,1371.12
-32.75,-7.25,1490.39
-32.25,-7.25,1611.74
-31.75,-7.25,1734.71
-31.25,-7.25,1858.85
-30.75,-7.25,1983.64
-30.25,-7.25,2108.54
-29.75,-7.25,2232.91
-29.25,-7.25,2356.11
-28.75,-7.25,2477.46
-28.25,-7.25,2596.34
-27.75,-7.25,2712.2
-27.25,-7.25,2824.64
-26.75,-7.25,2933.44
-26.25,-7.25,3038.57
-25.75,-7.25,3140.21
-25.25,-7.25,3238.7
-24.75,-7.25,3334.56
-24.25,-7.25,3428.37
-23.75,-7.25,3520.75
-23.25,-7.25,3612.31
-22.75,-7.25,3703.58
-22.25,-7.25,3794.97
-21.75,-7.25,3886.77
-21.25,-7.25,3979.13
-20.75,-7.25,4072.05
-20.25,-7.25,4165.44
-19.75,-7.25,4259.12
-19.25,-7.25,4352.87
-18.75,-7.25,4446.47
-18.25,-7.25,4539.77
-17.75,-7.25,4632.66
-17.25,-7.25,4725.16
-16.75,-7.25,4817.4
-16.25,-7.25,4909.61
-15.75,-7.25,5002.14
-15.25,-7.25,5095.39
-14.75,-7.25,5189.81
-14.25,-7.25,5285.86
-13.75,-7.25,5383.97
-13.25,-7.25,5484.53
-12.75,-7.25,5587.84
-12.25,-7.25,5694.15
-11.75,-7.25,5803.63
-11.25,-7.25,5916.39
-10.75,-7.25,6032.5
-10.25,-7.25,6152.03
-9.75,-7.25,6275.06
-9.25,-7.25,6401.71
-8.75,-7.25,6532.16
-8.25,-7.25,6666.65
-7.75,-7.25,6805.47
-7.25,-7.25,6948.97
-6.75,-7.25,7097.49
-6.25,-7.25,7251.34
-5.75,-7.25,7410.77
-5.25,-7.25,7575.88
-4.75,-7.25,7746.63
-4.25,-7.25,7922.76
-3.75,-7.25,8103.81
-3.25,-7.25,8289.11
-2.75,-7.25,8477.76
-2.25,-7.25,8668.7
-1.75,-7.25,8860.75
-1.25,-7.25,9052.65
-0.75,-7.25,9243.1
-0.25,-7.25,9430.81
0.25,-7.25,9614.49
0.75,-7.25,9792.89
1.25,-7.25,9964.77
1.75,-7.25,10128.9
2.25,-7.25,10284
2.75,-7.25,10428.7
3.25,-7.25,10561.7
3.75,-7.25,10681.5
4.25,-7.25,10786.7
4.75,-7.25,10875.9
5.25,-7.25,10947.8
5.75,-7.25,11001.6
6.25,-7.25,11036.4
6.75,-7.25,11051.7
7.25,-7.25,11047.5
7.75,-7.25,11024
8.25,-7.25,10981.5
8.75,-7.25,10920.8
9.25,-7.25,10842.5
9.75,-7.25,10747.5
10.25,-7.25,10636.7
10.75,-7.25,10510.7
11.25,-7.25,10370.6
11.75,-7.25,10216.9
12.25,-7.25,10050.5
12.75,-7.25,9872.25
13.25,-7.25,9683.04
13.75,-7.25,9483.87
14.25,-7.25,9275.85
14.75,-7.25,9060.14
15.25,-7.25,8837.95
15.75,-7.25,8610.49
16.25,-7.25,8378.92
16.75,-7.25,8144.36
17.25,-7.25,7907.83
17.75,-7.25,7670.3
18.25,-7.25,7432.63
18.75,-7.25,7195.65
19.25,-7.25,6960.13
19.75,-7.25,6726.81
20.25,-7.25,6496.39
20.75,-7.25,6269.52
21.25,-7.25,6046.77
21.75,-7.25,5828.64
22.25,-7.25,5615.49
22.75,-7.25,5407.57
23.25,-7.25,5204.96
23.75,-7.25,5007.65
24.25,-7.25,4815.47
24.75,-7.25,4628.19
25.25,-7.25,4445.49
25.75,-7.25,4267.04
26.25,-7.25,4092.47
26.75,-7.25,3921.44
27.25,-7.25,3753.63
27.75,-7.25,3588.77
28.25,-7.25,3426.63
28.75,-7.25,3267
29.25,-7.25,3109.75
29.75,-7.25,2954.74
30.25,-7.25,2801.89
30.75,-7.25,2651.13
31.25,-7.25,2502.42
31.75,-7.25,2355.76
32.25,-7.25,2211.17
32.75,-7.25,2068.74
33.25,-7.25,1928.64
33.75,-7.25,1791.1
34.25,-7.25,1656.46
34.75,-7.25,1525.15
35.25,-7.25,1397.66
35.75,-7.25,1274.54
36.25,-7.25,1156.37
36.75,-7.25,1043.7
37.25,-7.25,937.055
37.75,-7.25,836.859
38.25,-7.25,743.439
38.75,-7.25,656.999
39.25,-7.25,577.62
39.75,-7.25,505.252
40.25,-7.25,439.737
40.75,-7.25,380.817
41.25,-7.25,328.158
41.75,-7.25,281.368
42.25,-7.25,240.015
42.75,-7.25,203.653
43.25,-7.25,171.834
43.75,-7.25,144.122
44.25,-7.25,120.08
44.75,-7.25,99.2853
-44.75,-6.75,71.0271
-44.25,-6.75,78.6079
-43.75,-6.75,87.1802
-43.25,-6.75,97.447
-42.75,-6.75,110.078
-42.25,-6.75,125.632
-41.75,-6.75,144.716
-41.25,-6.75,167.985
-40.75,-6.75,196.131
-40.25,-6.75,229.847
-39.75,-6.75,269.794
-39.25,-6.75,316.559
-38.75,-6.75,370.61
-38.25,-6.75,432.259
-37.75,-6.75,501.63
-37.25,-6.75,578.645
-36.75,-6.75,663.024
-36.25,-6.75,754.312
-35.75,-6.75,851.914
-35.25,-6.75,955.141
-34.75,-6.75,1063.27
-34.25,-6.75,1175.58
-33.75,-6.75,1291.42
-33.25,-6.75,1410.21
-32.75,-6.75,1531.44
-32.25,-6.75,1654.65
-31.75,-6.75,1779.44
-31.25,-6.75,1905.38
-30.75,-6.75,2032.01
-30.25,-6.75,2158.81
-29.75,-6.75,2285.18
-29.25,-6.75,2410.44
-28.75,-6.75,2533.9
-28.25,-6.75,2654.87
-27.75,-6.75,2772.76
-27.25,-6.75,2887.07
-26.75,-6.75,2997.52
-26.25,-6.75,3104.03
-25.75,-6.75,3206.73
-25.25,-6.75,3305.98
-24.75,-6.75,3402.29
-24.25,-6.75,3496.31
-23.75,-6.75,3588.73
-23.25,-6.75,3680.24
-22.75,-6.75,3771.46
-22.25,-6.75,3862.9
-21.75,-6.75,3954.92
-21.25,-6.75,4047.71
-20.75,-6.75,4141.33
-20.25,-6.75,4235.67
-19.75,-6.75,4330.55
-19.25,-6.75,4425.71
-18.75,-6.75,4520.9
-18.25,-6.75,4615.9
-17.75,-6.75,4710.58
-17.25,-6.75,4804.92
-16.75,-6.75,4899.02
-16.25,-6.75,4993.1
-15.75,-6.75,5087.52
-15.25,-6.75,5182.69
-14.75,-6.75,5279.08
-14.25,-6.75,5377.19
-13.75,-6.75,5477.45
-13.25,-6.75,5580.27
-12.75,-6.75,5685.95
-12.25,-6.75,5794.71
-11.75,-6.75,5906.69
-11.25,-6.75,6021.95
-10.75,-6.75,6140.49
-10.25,-6.75,6262.31
-9.75,-6.75,6387.43
-9.25,-6.75,6515.89
-8.75,-6.75,6647.84
-8.25,-6.75,6783.5
-7.75,-6.75,6923.18
-7.25,-6.75,7067.29
-6.75,-6.75,7216.25
-6.25,-6.75,7370.5
-5.75,-6.75,7530.42
-5.25,-6.75,7696.27
-4.75,-6.75,7868.15
-4.25,-6.75,8045.92
-3.75,-6.75,8229.21
-3.25,-6.75,8417.35
-2.75,-6.75,8609.45
-2.25,-6.75,8804.37
-1.75,-6.75,9000.82
-1.25,-6.75,9197.39
-0.75,-6.75,9392.59
-0.25,-6.75,9584.97
0.25,-6.75,9773.08
0.75,-6.75,9955.54
1.25,-6.75,10131
1.75,-6.75,10298.2
2.25,-6.75,10455.7
2.75,-6.75,10602.4
3.25,-6.75,10736.7
3.75,-6.75,10857.3
4.25,-6.75,10962.9
4.75,-6.75,11052.2
5.25,-6.75,11123.9
5.75,-6.75,11177.1
6.25,-6.75,11211
6.75,-6.75,11225.2
7.25,-6.75,11219.5
7.75,-6.75,11194.3
8.25,-6.75,11149.8
8.75,-6.75,11086.8
9.25,-6.75,11006.1
9.75,-6.75,10908.5
10.25,-6.75,10794.9
10.75,-6.75,10666
11.25,-6.75,10522.9
11.75,-6.75,10366.2
12.25,-6.75,10196.8
12.75,-6.75,10015.6
13.25,-6.75,9823.48
13.75,-6.75,9621.46
14.25,-6.75,9410.64
14.75,-6.75,9192.18
15.25,-6.75,8967.27
15.75,-6.75,8737.08
16.25,-6.75,8502.77
16.75,-6.75,8265.42
17.25,-6.75,8026.02
17.75,-6.75,7785.49
18.25,-6.75,7544.71
18.75,-6.75,7304.44
19.25,-6.75,7065.48
19.75,-6.75,6828.55
20.25,-6.75,6594.36
20.75,-6.75,6363.61
21.25,-6.75,6136.92
21.75,-6.75,5914.84
22.25,-6.75,5697.81
22.75,-6.75,5486.17
23.25,-6.75,5280.08
23.75,-6.75,5079.59
24.25,-6.75,4884.63
24.75,-6.75,4694.97
25.25,-6.75,4510.33
25.75,-6.75,4330.34
26.25,-6.75,4154.6
26.75,-6.75,3982.7
27.25,-6.75,3814.22
27.75,-6.75,3648.76
28.25,-6.75,3485.98
28.75,-6.75,3325.57
29.25,-6.75,3167.28
29.75,-6.75,3010.91
30.25,-6.75,2856.33
30.75,-6.75,2703.46
31.25,-6.75,2552.26
31.75,-6.75,2402.79
32.25,-6.75,2255.13
32.75,-6.75,2109.47
33.25,-6.75,1966.06
33.75,-6.75,1825.23
34.25,-6.75,1687.42
34.75,-6.75,1553.11
35.25,-6.75,1422.87
35.75,-6.75,1297.28
36.25,-6.75,1176.94
36.75,-6.75,1062.39
37.25,-6.75,954.137
37.75,-6.75,852.573
38.25,-6.75,757.986
38.75,-6.75,670.535
39.25,-6.75,590.258
39.75,-6.75,517.069
40.25,-6.75,450.778
40.75,-6.75,391.106
41.25,-6.75,337.701
41.75,-6.75,290.165
42.25,-6.75,248.065
42.75,-6.75,210.956
43.25,-6.75,178.397
43.75,-6.75,149.958
44.25,-6.75,125.211
44.75,-6.75,103.74
-44.75,-6.25,74.5987
-44.25,-6.25,82.3772
-43.75,-6.25,91.1707
-43.25,-6.25,101.716
-42.75,-6.25,114.709
-42.25,-6.25,130.731
-41.75,-6.25,150.405
-41.25,-6.25,174.407
-40.75,-6.25,203.446
-40.25,-6.25,238.235
-39.75,-6.25,279.449
-39.25,-6.25,327.685
-38.75,-6.25,383.417
-38.25,-6.25,446.956
-37.75,-6.25,518.414
-37.25,-6.25,597.688
-36.75,-6.25,684.465
-36.25,-6.25,778.246
-35.75,-6.25,878.383
-35.25,-6.25,984.131
-34.75,-6.25,1094.71
-34.25,-6.25,1209.36
-33.75,-6.25,1327.39
-33.25,-6.25,1448.2
-32.75,-6.25,1571.27
-32.25,-6.25,1696.19
-31.75,-6.25,1822.56
-31.25,-6.25,1950.01
-30.75,-6.25,2078.13
-30.25,-6.25,2206.44
-29.75,-6.25,2334.36
-29.25,-6.25,2461.25
-28.75,-6.25,2586.4
-28.25,-6.25,2709.11
-27.75,-6.25,2828.73
-27.25,-6.25,2944.72
-26.75,-6.25,3056.72
-26.25,-6.25,3164.61
-25.75,-6.25,3268.48
-25.25,-6.25,3368.64
-24.75,-6.25,3465.62
-24.25,-6.25,3560.09
-23.75,-6.25,3652.79
-23.25,-6.25,3744.46
-22.75,-6.25,3835.8
-22.25,-6.25,3927.39
-21.75,-6.25,4019.65
-21.25,-6.25,4112.85
-20.75,-6.25,4207.06
-20.25,-6.25,4302.19
-19.75,-6.25,4398.06
-19.25,-6.25,4494.39
-18.75,-6.25,4590.89
-18.25,-6.25,4687.3
-17.75,-6.25,4783.46
-17.25,-6.25,4879.31
-16.75,-6.25,4974.92
-16.25,-6.25,5070.53
-15.75,-6.25,5166.48
-15.25,-6.25,5263.2
-14.75,-6.25,5361.19
-14.25,-6.25,5460.97
-13.75,-6.25,5563.01
-13.25,-6.25,5667.71
-12.75,-6.25,5775.41
-12.25,-6.25,5886.3
-11.75,-6.25,6000.51
-11.25,-6.25,6118.04
-10.75,-6.25,6238.85
-10.25,-6.25,6362.89
-9.75,-6.25,6490.08
-9.25,-6.25,6620.44
-8.75,-6.25,6754.04
-8.25,-6.25,6891.1
-7.75,-6.25,7031.92
-7.25,-6.25,7176.93
-6.75,-6.25,7326.64
-6.25,-6.25,7481.57
-5.75,-6.25,7642.24
-5.25,-6.25,7809.02
-4.75,-6.25,7982.14
-4.25,-6.25,8161.58
-3.75,-6.25,8347.05
-3.25,-6.25,8537.92
-2.75,-6.25,8733.29
-2.25,-6.25,8931.96
-1.75,-6.25,9132.54
-1.25,-6.25,9333.48
-0.75,-6.25,9533.14
-0.25,-6.25,9729.88
0.25,-6.25,9922.11
0.75,-6.25,10108.3
1.25,-6.25,10287
1.75,-6.25,10456.9
2.25,-6.25,10616.7
2.75,-6.25,10764.9
3.25,-6.25,10900.4
3.75,-6.25,11021.8
4.25,-6.25,11127.7
4.75,-6.25,11217
5.25,-6.25,11288.4
5.75,-6.25,11341
6.25,-6.25,11374.1
6.75,-6.25,11387.2
7.25,-6.25,11380.2
7.75,-6.25,11353.2
8.25,-6.25,11306.7
8.75,-6.25,11241.4
9.25,-6.25,11157.9
9.75,-6.25,11057.3
10.25,-6.25,10940.4
10.75,-6.25,10808.3
11.25,-6.25,10661.8
11.75,-6.25,10501.8
12.25,-6.25,10329.3
12.75,-6.25,10145.1
13.25,-6.25,9950.17
13.75,-6.25,9745.56
14.25,-6.25,9532.33
14.75,-6.25,9311.59
15.25,-6.25,9084.47
15.75,-6.25,8852.11
16.25,-6.25,8615.56
16.75,-6.25,8375.88
17.25,-6.25,8133.99
17.75,-6.25,7890.79
18.25,-6.25,7647.12
18.75,-6.25,7403.75
19.25,-6.25,7161.47
19.75,-6.25,6921.04
20.25,-6.25,6683.21
20.75,-6.25,6448.71
21.25,-6.25,6218.24
21.75,-6.25,5992.42
22.25,-6.25,5771.77
22.75,-6.25,5556.7
23.25,-6.25,5347.46
23.75,-6.25,5144.15
24.25,-6.25,4946.73
24.75,-6.25,4755.03
25.25,-6.25,4568.76
25.75,-6.25,4387.52
26.25,-6.25,4210.87
26.75,-6.25,4038.32
27.25,-6.25,3869.34
27.75,-6.25,3703.46
28.25,-6.25,3540.2
28.75,-6.25,3379.16
29.25,-6.25,3220
29.75,-6.25,3062.45
30.25,-6.25,2906.33
30.75,-6.25,2751.55
31.25,-6.25,2598.09
31.75,-6.25,2446.03
32.25,-6.25,2295.55
32.75,-6.25,2146.9
33.25,-6.25,2000.43
33.75,-6.25,1856.57
34.25,-6.25,1715.82
34.75,-6.25,1578.77
35.25,-6.25,1446.02
35.75,-6.25,1318.19
36.25,-6.25,1195.89
36.75,-6.25,1079.66
37.25,-6.25,969.972
37.75,-6.25,867.198
38.25,-6.25,771.577
38.75,-6.25,683.228
39.25,-6.25,602.148
39.75,-6.25,528.216
40.25,-6.25,461.215
40.75,-6.25,400.843
41.25,-6.25,346.74
41.75,-6.25,298.501
42.25,-6.25,255.692
42.75,-6.25,217.873
43.25,-6.25,184.608
43.75,-6.25,155.477
44.25,-6.25,130.06
44.75,-6.25,107.949
-44.75,-5.75,77.9487
-44.25,-5.75,85.9363
-43.75,-5.75,94.9609
-43.25,-5.75,105.789
-42.75,-5.75,119.145
-42.25,-5.75,135.626
-41.75,-5.75,155.872
-41.25,-5.75,180.578
-40.75,-5.75,210.47
-40.25,-5.75,246.275
-39.75,-5.75,288.685
-39.25,-5.75,338.307
-38.75,-5.75,395.624
-38.25,-5.75,460.947
-37.75,-5.75,534.38
-37.25,-5.75,615.802
-36.75,-5.75,704.872
-36.25,-5.75,801.049
-35.75,-5.75,903.635
-35.25,-5.75,1011.83
-34.75,-5.75,1124.8
-34.25,-5.75,1241.73
-33.75,-5.75,1361.89
-33.25,-5.75,1484.63
-32.75,-5.75,1609.44
-32.25,-5.75,1735.91
-31.75,-5.75,1863.67
-31.25,-5.75,1992.38
-30.75,-5.75,2121.67
-30.25,-5.75,2251.13
-29.75,-5.75,2380.22
-29.25,-5.75,2508.34
-28.75,-5.75,2634.8
-28.25,-5.75,2758.91
-27.75,-5.75,2879.98
-27.25,-5.75,2997.45
-26.75,-5.75,3110.92
-26.25,-5.75,3220.2
-25.75,-5.75,3325.32
-25.25,-5.75,3426.58
-24.75,-5.75,3524.46
-24.25,-5.75,3619.63
-23.75,-5.75,3712.84
-23.25,-5.75,3804.89
-22.75,-5.75,3896.51
-22.25,-5.75,3988.35
-21.75,-5.75,4080.89
-21.25,-5.75,4174.44
-20.75,-5.75,4269.11
-20.25,-5.75,4364.85
-19.75,-5.75,4461.48
-19.25,-5.75,4558.7
-18.75,-5.75,4656.21
-18.25,-5.75,4753.73
-17.75,-5.75,4851.04
-17.25,-5.75,4948.07
-16.75,-5.75,5044.87
-16.25,-5.75,5141.66
-15.75,-5.75,5238.79
-15.25,-5.75,5336.71
-14.75,-5.75,5435.94
-14.25,-5.75,5537.03
-13.75,-5.75,5640.48
-13.25,-5.75,5746.72
-12.75,-5.75,5856.08
-12.25,-5.75,5968.8
-11.75,-5.75,6084.96
-11.25,-5.75,6204.55
-10.75,-5.75,6327.49
-10.25,-5.75,6453.66
-9.75,-5.75,6582.95
-9.25,-5.75,6715.3
-8.75,-5.75,6850.73
-8.25,-5.75,6989.43
-7.75,-5.75,7131.68
-7.25,-5.75,7277.92
-6.75,-5.75,7428.71
-6.25,-5.75,7584.64
-5.75,-5.75,7746.29
-5.25,-5.75,7914.18
-4.75,-5.75,8088.64
-4.25,-5.75,8269.74
-3.75,-5.75,8457.26
-3.25,-5.75,8650.64
-2.75,-5.75,8848.97
-2.25,-5.75,9051.03
-1.75,-5.75,9255.34
-1.25,-5.75,9460.21
-0.75,-5.75,9663.88
-0.25,-5.75,9864.56
0.25,-5.75,10060.5
0.75,-5.75,10250.1
1.25,-5.75,10431.7
1.75,-5.75,10604
2.25,-5.75,10765.6
2.75,-5.75,10915.3
3.25,-5.75,11051.7
3.75,-5.75,11173.7
4.25,-5.75,11279.9
4.75,-5.75,11369.2
5.25,-5.75,11440.5
5.75,-5.75,11492.8
6.25,-5.75,11525.2
6.75,-5.75,11537.4
7.25,-5.75,11529.1
7.75,-5.75,11500.5
8.25,-5.75,11451.9
8.75,-5.75,11384
9.25,-5.75,11297.7
9.75,-5.75,11193.8
10.25,-5.75,11073.5
10.75,-5.75,10937.7
11.25,-5.75,10787.6
11.75,-5.75,10624.1
12.25,-5.75,10448.2
12.75,-5.75,10261
13.25,-5.75,10063.5
13.75,-5.75,9856.49
14.25,-5.75,9641.19
14.75,-5.75,9418.58
15.25,-5.75,9189.71
15.75,-5.75,8955.61
16.25,-5.75,8717.26
16.75,-5.75,8475.61
17.25,-5.75,8231.55
17.75,-5.75,7985.91
18.25,-5.75,7739.52
18.75,-5.75,7493.18
19.25,-5.75,7247.69
19.75,-5.75,7003.86
20.25,-5.75,6762.51
20.75,-5.75,6524.43
21.25,-5.75,6290.4
21.75,-5.75,6061.1
22.25,-5.75,5837.15
22.75,-5.75,5619.01
23.25,-5.75,5406.99
23.75,-5.75,5201.25
24.25,-5.75,5001.77
24.75,-5.75,4808.39
25.25,-5.75,4620.81
25.75,-5.75,4438.6
26.25,-5.75,4261.26
26.75,-5.75,4088.23
27.25,-5.75,3918.92
27.75,-5.75,3752.73
28.25,-5.75,3589.12
28.75,-5.75,3427.59
29.25,-5.75,3267.7
29.75,-5.75,3109.15
30.25,-5.75,2951.7
30.75,-5.75,2795.26
31.25,-5.75,2639.82
31.75,-5.75,2485.5
32.25,-5.75,2332.53
32.75,-5.75,2181.24
33.25,-5.75,2032.06
33.75,-5.75,1885.5
34.25,-5.75,1742.15
34.75,-5.75,1602.65
35.25,-5.75,1467.66
35.75,-5.75,1337.83
36.25,-5.75,1213.77
36.75,-5.75,1096.03
37.25,-5.75,985.056
37.75,-5.75,881.174
38.25,-5.75,784.595
38.75,-5.75,695.399
39.25,-5.75,613.546
39.75,-5.75,538.889
40.25,-5.75,471.185
40.75,-5.75,410.118
41.25,-5.75,355.318
41.75,-5.75,306.379
42.25,-5.75,262.868
42.75,-5.75,224.35
43.25,-5.75,190.398
43.75,-5.75,160.6
44.25,-5.75,134.543
44.75,-5.75,111.824
-44.75,-5.25,80.9247
-44.25,-5.25,89.1416
-43.75,-5.25,98.4179
-43.25,-5.25,109.546
-42.75,-5.25,123.275
-42.25,-5.25,140.216
-41.75,-5.25,161.026
-41.25,-5.25,186.415
-40.75,-5.25,217.123
-40.25,-5.25,253.893
-39.75,-5.25,297.429
-39.25,-5.25,348.35
-38.75,-5.25,407.144
-38.25,-5.25,474.126
-37.75,-5.25,549.395
-37.25,-5.25,632.816
-36.75,-5.25,724.024
-36.25,-5.25,822.445
-35.75,-5.25,927.336
-35.25,-5.25,1037.85
-34.75,-5.25,1153.09
-34.25,-5.25,1272.19
-33.75,-5.25,1394.37
-33.25,-5.25,1518.96
-32.75,-5.25,1645.41
-32.25,-5.25,1773.3
-31.75,-5.25,1902.29
-31.25,-5.25,2032.07
-30.75,-5.25,2162.31
-30.25,-5.25,2292.64
-29.75,-5.25,2422.6
-29.25,-5.25,2551.63
-28.75,-5.25,2679.08
-28.25,-5.25,2804.29
-27.75,-5.25,2926.58
-27.25,-5.25,3045.37
-26.75,-5.25,3160.22
-26.25,-5.25,3270.88
-25.75,-5.25,3377.35
-25.25,-5.25,3479.85
-24.75,-5.25,3578.84
-24.25,-5.25,3674.93
-23.75,-5.25,3768.88
-23.25,-5.25,3861.5
-22.75,-5.25,3953.54
-22.25,-5.25,4045.7
-21.75,-5.25,4138.52
-21.25,-5.25,4232.34
-20.75,-5.25,4327.34
-20.25,-5.25,4423.48
-19.75,-5.25,4520.61
-19.25,-5.25,4618.45
-18.75,-5.25,4716.67
-18.25,-5.25,4814.96
-17.75,-5.25,4913.11
-17.25,-5.25,5011
-16.75,-5.25,5108.67
-16.25,-5.25,5206.33
-15.75,-5.25,5304.33
-15.25,-5.25,5403.13
-14.75,-5.25,5503.29
-14.25,-5.25,5605.36
-13.75,-5.25,5709.89
-13.25,-5.25,5817.34
-12.75,-5.25,5928.07
-12.25,-5.25,6042.31
-11.75,-5.25,6160.17
-11.25,-5.25,6281.61
-10.75,-5.25,6406.53
-10.25,-5.25,6534.76
-9.75,-5.25,6666.14
-9.25,-5.25,6800.55
-8.75,-5.25,6937.97
-8.25,-5.25,7078.53
-7.75,-5.25,7222.48
-7.25,-5.25,7370.26
-6.75,-5.25,7522.43
-6.25,-5.25,7679.62
-5.75,-5.25,7842.5
-5.25,-5.25,8011.63
-4.75,-5.25,8187.45
-4.25,-5.25,8370.13
-3.75,-5.25,8559.51
-3.25,-5.25,8755.1
-2.75,-5.25,8956
-2.25,-5.25,9160.97
-1.75,-5.25,9368.47
-1.25,-5.25,9576.74
-0.75,-5.25,9783.88
-0.25,-5.25,9987.99
0.25,-5.25,10187.2
0.75,-5.25,10379.7
1.25,-5.25,10563.9
1.75,-5.25,10738.3
2.25,-5.25,10901.6
2.75,-5.25,11052.5
3.25,-5.25,11189.8
3.75,-5.25,11312.3
4.25,-5.25,11418.9
4.75,-5.25,11508.4
5.25,-5.25,11579.6
5.75,-5.25,11631.7
6.25,-5.25,11663.7
6.75,-5.25,11675.2
7.25,-5.25,11665.9
7.75,-5.25,11635.8
8.25,-5.25,11585.2
8.75,-5.25,11514.8
9.25,-5.25,11425.5
9.75,-5.25,11318.2
10.25,-5.25,11194.2
10.75,-5.25,11054.7
11.25,-5.25,10900.8
11.75,-5.25,10733.6
12.25,-5.25,10554.5
12.75,-5.25,10364.3
13.25,-5.25,10164.1
13.75,-5.25,9955
14.25,-5.25,9737.88
14.75,-5.25,9513.7
15.25,-5.25,9283.39
15.75,-5.25,9047.87
16.25,-5.25,8807.99
16.75,-5.25,8564.61
17.25,-5.25,8318.55
17.75,-5.25,8070.61
18.25,-5.25,7821.62
18.75,-5.25,7572.39
19.25,-5.25,7323.78
19.75,-5.25,7076.66
20.25,-5.25,6831.94
20.75,-5.25,6590.48
21.25,-5.25,6353.16
21.75,-5.25,6120.73
22.25,-5.25,5893.86
22.75,-5.25,5673.07
23.25,-5.25,5458.72
23.75,-5.25,5250.99
24.25,-5.25,5049.87
24.75,-5.25,4855.18
25.25,-5.25,4666.61
25.75,-5.25,4483.69
26.25,-5.25,4305.86
26.75,-5.25,4132.51
27.25,-5.25,3962.96
27.75,-5.25,3796.55
28.25,-5.25,3632.67
28.75,-5.25,3470.73
29.25,-5.25,3310.26
29.75,-5.25,3150.89
30.25,-5.25,2992.36
30.75,-5.25,2834.55
31.25,-5.25,2677.48
31.75,-5.25,2521.29
32.25,-5.25,2366.25
32.75,-5.25,2212.75
33.25,-5.25,2061.28
33.75,-5.25,1912.44
34.25,-5.25,1766.87
34.75,-5.25,1625.28
35.25,-5.25,1488.35
35.75,-5.25,1356.77
36.25,-5.25,1231.16
36.75,-5.25,1112.06
37.25,-5.25,999.89
37.75,-5.25,894.961
38.25,-5.25,797.448
38.75,-5.25,707.399
39.25,-5.25,624.749
39.75,-5.25,549.327
40.25,-5.25,480.874
40.75,-5.25,419.064
41.25,-5.25,363.524
41.75,-5.25,313.847
42.25,-5.25,269.606
42.75,-5.25,230.375
43.25,-5.25,195.731
43.75,-5.25,165.273
44.25,-5.25,138.592
44.75,-5.25,115.294
-44.75,-4.75,83.4113
-44.25,-4.75,91.884
-43.75,-4.75,101.44
-43.25,-4.75,112.894
-42.75,-4.75,127.014
-42.25,-4.75,144.424
-41.75,-4.75,165.795
-41.25,-4.75,191.851
-40.75,-4.75,223.343
-40.25,-4.75,261.027
-39.75,-4.75,305.617
-39.25,-4.75,357.74
-38.75,-4.75,417.891
-38.25,-4.75,486.387
-37.75,-4.75,563.323
-37.25,-4.75,648.554
-36.75,-4.75,741.699
-36.25,-4.75,842.155
-35.75,-4.75,949.146
-35.25,-4.75,1061.78
-34.75,-4.75,1179.12
-34.25,-4.75,1300.24
-33.75,-4.75,1424.32
-33.25,-4.75,1550.65
-32.75,-4.75,1678.65
-32.25,-4.75,1807.89
-31.75,-4.75,1938.01
-31.25,-4.75,2068.74
-30.75,-4.75,2199.78
-30.25,-4.75,2330.82
-29.75,-4.75,2461.44
-29.25,-4.75,2591.15
-28.75,-4.75,2719.37
-28.25,-4.75,2845.45
-27.75,-4.75,2968.77
-27.25,-4.75,3088.72
-26.75,-4.75,3204.86
-26.25,-4.75,3316.9
-25.75,-4.75,3424.76
-25.25,-4.75,3528.61
-24.75,-4.75,3628.84
-24.25,-4.75,3726.03
-23.75,-4.75,3820.9
-23.25,-4.75,3914.22
-22.75,-4.75,4006.79
-22.25,-4.75,4099.32
-21.75,-4.75,4192.39
-21.25,-4.75,4286.39
-20.75,-4.75,4381.56
-20.25,-4.75,4477.9
-19.75,-4.75,4575.28
-19.25,-4.75,4673.45
-18.75,-4.75,4772.08
-18.25,-4.75,4870.87
-17.75,-4.75,4969.56
-17.25,-4.75,5068.03
-16.75,-4.75,5166.3
-16.25,-4.75,5264.57
-15.75,-4.75,5363.17
-15.25,-4.75,5462.6
-14.75,-4.75,5563.41
-14.25,-4.75,5666.2
-13.75,-4.75,5771.53
-13.25,-4.75,5879.91
-12.75,-4.75,5991.73
-12.25,-4.75,6107.23
-11.75,-4.75,6226.54
-11.25,-4.75,6349.62
-10.75,-4.75,6476.34
-10.25,-4.75,6606.51
-9.75,-4.75,6739.93
-9.25,-4.75,6876.42
-8.75,-4.75,7015.91
-8.25,-4.75,7158.47
-7.75,-4.75,7304.32
-7.25,-4.75,7453.86
-6.75,-4.75,7607.64
-6.25,-4.75,7766.31
-5.75,-4.75,7930.56
-5.25,-4.75,8101.02
-4.75,-4.75,8278.19
-4.25,-4.75,8462.3
-3.75,-4.75,8653.3
-3.25,-4.75,8850.72
-2.75,-4.75,9053.7
-2.25,-4.75,9261.03
-1.75,-4.75,9471.13
-1.25,-4.75,9682.18
-0.75,-4.75,9892.19
-0.25,-4.75,10099.1
0.25,-4.75,10301.1
0.75,-4.75,10496.1
1.25,-4.75,10682.5
1.75,-4.75,10858.7
2.25,-4.75,11023.5
2.75,-4.75,11175.6
3.25,-4.75,11313.8
3.75,-4.75,11436.9
4.25,-4.75,11544
4.75,-4.75,11633.7
5.25,-4.75,11705.2
5.75,-4.75,11757.3
6.25,-4.75,11789.2
6.75,-4.75,11800.3
7.25,-4.75,11790.2
7.75,-4.75,11758.8
8.25,-4.75,11706.4
8.75,-4.75,11633.7
9.25,-4.75,11541.5
9.75,-4.75,11430.9
10.25,-4.75,11303.3
10.75,-4.75,11159.9
11.25,-4.75,11002.2
11.75,-4.75,10831.5
12.25,-4.75,10649
12.75,-4.75,10455.9
13.25,-4.75,10253.3
13.75,-4.75,10042.2
14.25,-4.75,9823.36
14.75,-4.75,9597.77
15.25,-4.75,9366.18
15.75,-4.75,9129.37
16.25,-4.75,8888.07
16.75,-4.75,8643.04
17.25,-4.75,8395.04
17.75,-4.75,8144.84
18.25,-4.75,7893.27
18.75,-4.75,7641.2
19.25,-4.75,7389.55
19.75,-4.75,7139.28
20.25,-4.75,6891.37
20.75,-4.75,6646.81
21.25,-4.75,6406.52
21.75,-4.75,6171.34
22.25,-4.75,5942
22.75,-4.75,5719.04
23.25,-4.75,5502.84
23.75,-4.75,5293.58
24.25,-4.75,5091.24
24.75,-4.75,4895.63
25.25,-4.75,4706.37
25.75,-4.75,4522.97
26.25,-4.75,4344.82
26.75,-4.75,4171.25
27.25,-4.75,4001.53
27.75,-4.75,3834.96
28.25,-4.75,3670.85
28.75,-4.75,3508.59
29.25,-4.75,3347.66
29.75,-4.75,3187.66
30.25,-4.75,3028.3
30.75,-4.75,2869.46
31.25,-4.75,2711.15
31.75,-4.75,2553.52
32.25,-4.75,2396.89
32.75,-4.75,2241.67
33.25,-4.75,2088.41
33.75,-4.75,1937.76
34.25,-4.75,1790.4
34.75,-4.75,1647.09
35.25,-4.75,1508.56
35.75,-4.75,1375.49
36.25,-4.75,1248.53
36.75,-4.75,1128.2
37.25,-4.75,1014.92
37.75,-4.75,908.967
38.25,-4.75,810.505
38.75,-4.75,719.558
39.25,-4.75,636.042
39.75,-4.75,559.769
40.25,-4.75,490.476
40.75,-4.75,427.832
41.25,-4.75,371.467
41.75,-4.75,320.979
42.25,-4.75,275.949
42.75,-4.75,235.959
43.25,-4.75,200.597
43.75,-4.75,169.467
44.25,-4.75,142.169
44.75,-4.75,118.31
-44.75,-4.25,85.3476
-44.25,-4.25,94.1028
-43.75,-4.25,103.969
-43.25,-4.25,115.776
-42.75,-4.25,130.306
-42.25,-4.25,148.196
-41.75,-4.25,170.128
-41.25,-4.25,196.835
-40.75,-4.25,229.078
-40.25,-4.25,267.622
-39.75,-4.25,313.188
-39.25,-4.25,366.41
-38.75,-4.25,427.784
-38.25,-4.25,497.629
-37.75,-4.25,576.037
-37.25,-4.25,662.858
-36.75,-4.25,757.698
-36.25,-4.25,859.938
-35.75,-4.25,968.778
-35.25,-4.25,1083.3
-34.75,-4.25,1202.51
-34.25,-4.25,1325.48
-33.75,-4.25,1451.32
-33.25,-4.25,1579.28
-32.75,-4.25,1708.76
-32.25,-4.25,1839.29
-31.75,-4.25,1970.52
-31.25,-4.25,2102.16
-30.75,-4.25,2233.96
-30.25,-4.25,2365.63
-29.75,-4.25,2496.82
-29.25,-4.25,2627.09
-28.75,-4.25,2755.92
-28.25,-4.25,2882.72
-27.75,-4.25,3006.9
-27.25,-4.25,3127.89
-26.75,-4.25,3245.21
-26.25,-4.25,3358.56
-25.75,-4.25,3467.8
-25.25,-4.25,3573.04
-24.75,-4.25,3674.59
-24.25,-4.25,3772.97
-23.75,-4.25,3868.84
-23.25,-4.25,3962.97
-22.75,-4.25,4056.12
-22.25,-4.25,4149.03
-21.75,-4.25,4242.31
-21.25,-4.25,4336.4
-20.75,-4.25,4431.6
-20.25,-4.25,4527.95
-19.75,-4.25,4625.37
-19.25,-4.25,4723.62
-18.75,-4.25,4822.42
-18.25,-4.25,4921.44
-17.75,-4.25,5020.44
-17.25,-4.25,5119.27
-16.75,-4.25,5217.93
-16.25,-4.25,5316.61
-15.75,-4.25,5415.64
-15.25,-4.25,5515.5
-14.75,-4.25,5616.77
-14.25,-4.25,5720.06
-13.75,-4.25,5825.97
-13.25,-4.25,5935.04
-12.75,-4.25,6047.69
-12.25,-4.25,6164.19
-11.75,-4.25,6284.69
-11.25,-4.25,6409.15
-10.75,-4.25,6537.46
-10.25,-4.25,6669.39
-9.75,-4.25,6804.7
-9.25,-4.25,6943.18
-8.75,-4.25,7084.71
-8.25,-4.25,7229.29
-7.75,-4.25,7377.11
-7.25,-4.25,7528.53
-6.75,-4.25,7684.04
-6.25,-4.25,7844.31
-5.75,-4.25,8010.02
-5.25,-4.25,8181.82
-4.75,-4.25,8360.26
-4.25,-4.25,8545.64
-3.75,-4.25,8737.95
-3.25,-4.25,8936.79
-2.75,-4.25,9141.35
-2.25,-4.25,9350.45
-1.75,-4.25,9562.5
-1.25,-4.25,9775.67
-0.75,-4.25,9987.92
-0.25,-4.25,10197.1
0.25,-4.25,10401.3
0.75,-4.25,10598.4
1.25,-4.25,10786.7
1.75,-4.25,10964.6
2.25,-4.25,11130.8
2.75,-4.25,11284
3.25,-4.25,11423.1
3.75,-4.25,11547
4.25,-4.25,11654.7
4.75,-4.25,11745
5.25,-4.25,11816.9
5.75,-4.25,11869.3
6.25,-4.25,11901.4
6.75,-4.25,11912.4
7.25,-4.25,11901.7
7.75,-4.25,11869.4
8.25,-4.25,11815.6
8.75,-4.25,11740.8
9.25,-4.25,11646
9.75,-4.25,11532.3
10.25,-4.25,11401.3
10.75,-4.25,11254.3
11.25,-4.25,11093
11.75,-4.25,10918.8
12.25,-4.25,10733.1
12.75,-4.25,10537.3
13.25,-4.25,10332.3
13.75,-4.25,10119.2
14.25,-4.25,9898.8
14.75,-4.25,9671.83
15.25,-4.25,9438.96
15.75,-4.25,9200.82
16.25,-4.25,8958.06
16.75,-4.25,8711.32
17.25,-4.25,8461.31
17.75,-4.25,8208.8
18.25,-4.25,7954.64
18.75,-4.25,7699.75
19.25,-4.25,7445.14
19.75,-4.25,7191.86
20.25,-4.25,6941.01
20.75,-4.25,6693.64
21.25,-4.25,6450.76
21.75,-4.25,6213.26
22.25,-4.25,5981.91
22.75,-4.25,5757.26
23.25,-4.25,5539.69
23.75,-4.25,5329.36
24.25,-4.25,5126.21
24.75,-4.25,4930
25.25,-4.25,4740.33
25.75,-4.25,4556.65
26.25,-4.25,4378.31
26.75,-4.25,4204.59
27.25,-4.25,4034.74
27.75,-4.25,3868.01
28.25,-4.25,3703.72
28.75,-4.25,3541.2
29.25,-4.25,3379.94
29.75,-4.25,3219.49
30.25,-4.25,3059.57
30.75,-4.25,2900.03
31.25,-4.25,2740.89
31.75,-4.25,2582.3
32.25,-4.25,2424.57
32.75,-4.25,2268.16
33.25,-4.25,2113.63
33.75,-4.25,1961.67
34.25,-4.25,1812.99
34.75,-4.25,1668.37
35.25,-4.25,1528.57
35.75,-4.25,1394.29
36.25,-4.25,1266.18
36.75,-4.25,1144.76
37.25,-4.25,1030.43
37.75,-4.25,923.478
38.25,-4.25,824.036
38.75,-4.25,732.121
39.25,-4.25,647.641
39.75,-4.25,570.406
40.25,-4.25,500.151
40.75,-4.25,436.553
41.25,-4.25,379.249
41.75,-4.25,327.849
42.25,-4.25,281.944
42.75,-4.25,241.128
43.25,-4.25,205.001
43.75,-4.25,173.175
44.25,-4.25,145.253
44.75,-4.25,120.845
-44.75,-3.75,86.7297
-44.25,-3.75,95.7874
-43.75,-3.75,105.988
-43.25,-3.75,118.169
-42.75,-3.75,133.125
-42.25,-3.75,151.501
-41.75,-3.75,173.987
-41.25,-3.75,201.323
-40.75,-3.75,234.28
-40.25,-3.75,273.625
-39.75,-3.75,320.083
-39.25,-3.75,374.289
-38.75,-3.75,436.743
-38.25,-3.75,507.76
-37.75,-3.75,587.432
-37.25,-3.75,675.604
-36.75,-3.75,771.878
-36.25,-3.75,875.627
-35.75,-3.75,986.041
-35.25,-3.75,1102.18
-34.75,-3.75,1223.05
-34.25,-3.75,1347.66
-33.75,-3.75,1475.11
-33.25,-3.75,1604.61
-32.75,-3.75,1735.52
-32.25,-3.75,1867.34
-31.75,-3.75,1999.69
-31.25,-3.75,2132.29
-30.75,-3.75,2264.88
-30.25,-3.75,2397.19
-29.75,-3.75,2528.93
-29.25,-3.75,2659.7
-28.75,-3.75,2789.05
-28.25,-3.75,2916.46
-27.75,-3.75,3041.36
-27.25,-3.75,3163.24
-26.75,-3.75,3281.62
-26.25,-3.75,3396.16
-25.75,-3.75,3506.7
-25.25,-3.75,3613.28
-24.75,-3.75,3716.13
-24.25,-3.75,3815.71
-23.75,-3.75,3912.61
-23.25,-3.75,4007.56
-22.75,-3.75,4101.31
-22.25,-3.75,4194.58
-21.75,-3.75,4288.03
-21.25,-3.75,4382.15
-20.75,-3.75,4477.25
-20.25,-3.75,4573.48
-19.75,-3.75,4670.77
-19.25,-3.75,4768.94
-18.75,-3.75,4867.73
-18.25,-3.75,4966.82
-17.75,-3.75,5065.97
-17.25,-3.75,5165.01
-16.75,-3.75,5263.94
-16.25,-3.75,5362.91
-15.75,-3.75,5462.25
-15.25,-3.75,5562.43
-14.75,-3.75,5664.02
-14.25,-3.75,5767.66
-13.75,-3.75,5873.97
-13.25,-3.75,5983.52
-12.75,-3.75,6096.76
-12.25,-3.75,6213.99
-11.75,-3.75,6335.39
-11.25,-3.75,6460.94
-10.75,-3.75,6590.52
-10.25,-3.75,6723.91
-9.75,-3.75,6860.85
-9.25,-3.75,7001.1
-8.75,-3.75,7144.5
-8.25,-3.75,7290.99
-7.75,-3.75,7440.72
-7.25,-3.75,7593.98
-6.75,-3.75,7751.25
-6.25,-3.75,7913.12
-5.75,-3.75,8080.29
-5.25,-3.75,8253.39
-4.75,-3.75,8432.99
-4.25,-3.75,8619.43
-3.75,-3.75,8812.73
-3.25,-3.75,9012.58
-2.75,-3.75,9218.21
-2.25,-3.75,9428.48
-1.75,-3.75,9641.85
-1.25,-3.75,9856.48
-0.75,-3.75,10070.3
-0.25,-3.75,10281.2
0.25,-3.75,10487.1
0.75,-3.75,10685.9
1.25,-3.75,10875.8
1.75,-3.75,11055.2
2.25,-3.75,11222.8
2.75,-3.75,11377.1
3.25,-3.75,11517.3
3.75,-3.75,11642.1
4.25,-3.75,11750.6
4.75,-3.75,11841.7
5.25,-3.75,11914.3
5.75,-3.75,11967.4
6.25,-3.75,11999.9
6.75,-3.75,12011.1
7.25,-3.75,12000.4
7.75,-3.75,11967.4
8.25,-3.75,11912.5
8.75,-3.75,11836
9.25,-3.75,11739
9.75,-3.75,11622.7
10.25,-3.75,11488.7
10.75,-3.75,11338.5
11.25,-3.75,11174
11.75,-3.75,10996.6
12.25,-3.75,10808.1
12.75,-3.75,10609.7
13.25,-3.75,10402.5
13.75,-3.75,10187.5
14.25,-3.75,9965.42
14.75,-3.75,9736.98
15.25,-3.75,9502.7
15.75,-3.75,9263.09
16.25,-3.75,9018.69
16.75,-3.75,8770.07
17.25,-3.75,8517.92
17.75,-3.75,8263
18.25,-3.75,8006.2
18.75,-3.75,7748.53
19.25,-3.75,7491.07
19.75,-3.75,7234.98
20.25,-3.75,6981.43
20.75,-3.75,6731.58
21.25,-3.75,6486.49
21.75,-3.75,6247.09
22.25,-3.75,6014.17
22.75,-3.75,5788.27
23.25,-3.75,5569.76
23.75,-3.75,5358.74
24.25,-3.75,5155.11
24.75,-3.75,4958.6
25.25,-3.75,4768.72
25.75,-3.75,4584.9
26.25,-3.75,4406.45
26.75,-3.75,4232.62
27.25,-3.75,4062.65
27.75,-3.75,3895.79
28.25,-3.75,3731.32
28.75,-3.75,3568.62
29.25,-3.75,3407.12
29.75,-3.75,3246.42
30.25,-3.75,3086.19
30.75,-3.75,2926.3
31.25,-3.75,2766.73
31.75,-3.75,2607.63
32.25,-3.75,2449.31
32.75,-3.75,2292.23
33.25,-3.75,2136.96
33.75,-3.75,1984.19
34.25,-3.75,1834.66
34.75,-3.75,1689.16
35.25,-3.75,1548.44
35.75,-3.75,1413.25
36.25,-3.75,1284.2
36.75,-3.75,1161.83
37.25,-3.75,1046.54
37.75,-3.75,938.603
38.25,-3.75,838.149
38.75,-3.75,745.195
39.25,-3.75,659.649
39.75,-3.75,581.33
40.25,-3.75,509.982
40.75,-3.75,445.297
41.25,-3.75,386.926
41.75,-3.75,334.498
42.25,-3.75,287.62
42.75,-3.75,245.902
43.25,-3.75,208.955
43.75,-3.75,176.398
44.25,-3.75,147.841
44.75,-3.75,122.892
-44.75,-3.25,87.6006
-44.25,-3.25,96.9666
-43.75,-3.25,107.51
-43.25,-3.25,120.073
-42.75,-3.25,135.457
-42.25,-3.25,154.312
-41.75,-3.25,177.335
-41.25,-3.25,205.271
-40.75,-3.25,238.892
-40.25,-3.25,278.97
-39.75,-3.25,326.228
-39.25,-3.25,381.301
-38.75,-3.25,444.685
-38.25,-3.25,516.694
-37.75,-3.25,597.418
-37.25,-3.25,686.703
-36.75,-3.25,784.152
-36.25,-3.25,889.139
-35.75,-3.25,1000.86
-35.25,-3.25,1118.36
-34.75,-3.25,1240.65
-34.25,-3.25,1366.72
-33.75,-3.25,1495.65
-33.25,-3.25,1626.62
-32.75,-3.25,1758.93
-32.25,-3.25,1892.07
-31.75,-3.25,2025.61
-31.25,-3.25,2159.23
-30.75,-3.25,2292.69
-30.25,-3.25,2425.71
-29.75,-3.25,2558.02
-29.25,-3.25,2689.29
-28.75,-3.25,2819.11
-28.25,-3.25,2947.02
-27.75,-3.25,3072.53
-27.25,-3.25,3195.13
-26.75,-3.25,3314.38
-26.25,-3.25,3429.94
-25.75,-3.25,3541.61
-25.25,-3.25,3649.38
-24.75,-3.25,3753.43
-24.25,-3.25,3854.12
-23.75,-3.25,3952
-23.25,-3.25,4047.73
-22.75,-3.25,4142.05
-22.25,-3.25,4235.67
-21.75,-3.25,4329.26
-21.25,-3.25,4423.35
-20.75,-3.25,4518.32
-20.25,-3.25,4614.34
-19.75,-3.25,4711.43
-19.25,-3.25,4809.44
-18.75,-3.25,4908.13
-18.25,-3.25,5007.22
-17.75,-3.25,5106.45
-17.25,-3.25,5205.66
-16.75,-3.25,5304.82
-16.25,-3.25,5404.05
-15.75,-3.25,5503.66
-15.25,-3.25,5604.11
-14.75,-3.25,5705.96
-14.25,-3.25,5809.84
-13.75,-3.25,5916.41
-13.25,-3.25,6026.23
-12.75,-3.25,6139.8
-12.25,-3.25,6257.47
-11.75,-3.25,6379.41
-11.25,-3.25,6505.67
-10.75,-3.25,6636.12
-10.25,-3.25,6770.57
-9.75,-3.25,6908.75
-9.25,-3.25,7050.4
-8.75,-3.25,7195.34
-8.25,-3.25,7343.48
-7.75,-3.25,7494.9
-7.25,-3.25,7649.86
-6.75,-3.25,7808.77
-6.25,-3.25,7972.17
-5.75,-3.25,8140.72
-5.25,-3.25,8315.02
-4.75,-3.25,8495.64
-4.25,-3.25,8682.92
-3.75,-3.25,8876.93
-3.25,-3.25,9077.39
-2.75,-3.25,9283.61
-2.25,-3.25,9494.5
-1.75,-3.25,9708.58
-1.25,-3.25,9924.05
-0.75,-3.25,10138.9
-0.25,-3.25,10350.9
0.25,-3.25,10558.1
0.75,-3.25,10758.2
1.25,-3.25,10949.5
1.75,-3.25,11130.3
2.25,-3.25,11299.1
2.75,-3.25,11454.8
3.25,-3.25,11596.1
3.75,-3.25,11722.1
4.25,-3.25,11831.7
4.75,-3.25,11923.8
5.25,-3.25,11997.4
5.75,-3.25,12051.4
6.25,-3.25,12084.6
6.75,-3.25,12096.3
7.25,-3.25,12085.8
7.75,-3.25,12052.6
8.25,-3.25,11997
8.75,-3.25,11919.4
9.25,-3.25,11820.8
9.75,-3.25,11702.4
10.25,-3.25,11565.9
10.75,-3.25,11413.2
11.25,-3.25,11245.9
11.75,-3.25,11065.9
12.25,-3.25,10874.9
12.75,-3.25,10674.1
13.25,-3.25,10464.8
13.75,-3.25,10248
14.25,-3.25,10024.3
14.75,-3.25,9794.24
15.25,-3.25,9558.35
15.75,-3.25,9317.05
16.25,-3.25,9070.78
16.75,-3.25,8820.09
17.25,-3.25,8565.64
17.75,-3.25,8308.22
18.25,-3.25,8048.77
18.75,-3.25,7788.37
19.25,-3.25,7528.21
19.75,-3.25,7269.51
20.25,-3.25,7013.56
20.75,-3.25,6761.55
21.25,-3.25,6514.61
21.75,-3.25,6273.69
22.25,-3.25,6039.57
22.75,-3.25,5812.78
23.25,-3.25,5593.64
23.75,-3.25,5382.22
24.25,-3.25,5178.35
24.75,-3.25,4981.69
25.25,-3.25,4791.74
25.75,-3.25,4607.85
26.25,-3.25,4429.33
26.75,-3.25,4255.4
27.25,-3.25,4085.3
27.75,-3.25,3918.3
28.25,-3.25,3753.7
28.75,-3.25,3590.86
29.25,-3.25,3429.26
29.75,-3.25,3268.47
30.25,-3.25,3108.19
30.75,-3.25,2948.25
31.25,-3.25,2788.62
31.75,-3.25,2629.44
32.25,-3.25,2471.01
32.75,-3.25,2313.75
33.25,-3.25,2158.24
33.75,-3.25,2005.15
34.25,-3.25,1855.23
34.75,-3.25,1709.26
35.25,-3.25,1568
35.75,-3.25,1432.18
36.25,-3.25,1302.43
36.75,-3.25,1179.28
37.25,-3.25,1063.13
37.75,-3.25,954.243
38.25,-3.25,852.765
38.75,-3.25,758.716
39.25,-3.25,672.018
39.75,-3.25,592.505
40.25,-3.25,519.941
40.75,-3.25,454.043
41.25,-3.25,394.484
41.75,-3.25,340.918
42.25,-3.25,292.973
42.75,-3.25,250.279
43.25,-3.25,212.458
43.75,-3.25,179.141
44.25,-3.25,149.939
44.75,-3.25,124.457
-44.75,-2.75,88.0298
-44.25,-2.75,97.6915
-43.75,-2.75,108.567
-43.25,-2.75,121.501
-42.75,-2.75,137.296
-42.25,-2.75,156.606
-41.75,-2.75,180.132
-41.25,-2.75,208.621
-40.75,-2.75,242.846
-40.25,-2.75,283.577
-39.75,-2.75,331.536
-39.25,-2.75,387.353
-38.75,-2.75,451.519
-38.25,-2.75,524.346
-37.75,-2.75,605.922
-37.25,-2.75,696.097
-36.75,-2.75,794.482
-36.25,-2.75,900.462
-35.75,-2.75,1013.24
-35.25,-2.75,1131.89
-34.75,-2.75,1255.4
-34.25,-2.75,1382.79
-33.75,-2.75,1513.09
-33.25,-2.75,1645.46
-32.75,-2.75,1779.18
-32.25,-2.75,1913.67
-31.75,-2.75,2048.47
-31.25,-2.75,2183.22
-30.75,-2.75,2317.64
-30.25,-2.75,2451.45
-29.75,-2.75,2584.39
-29.25,-2.75,2716.16
-28.75,-2.75,2846.4
-28.25,-2.75,2974.71
-27.75,-2.75,3100.64
-27.25,-2.75,3223.76
-26.75,-2.75,3343.66
-26.25,-2.75,3459.99
-25.75,-2.75,3572.55
-25.25,-2.75,3681.29
-24.75,-2.75,3786.32
-24.25,-2.75,3887.96
-23.75,-2.75,3986.69
-23.25,-2.75,4083.13
-22.75,-2.75,4177.96
-22.25,-2.75,4271.91
-21.75,-2.75,4365.63
-21.25,-2.75,4459.71
-20.75,-2.75,4554.55
-20.25,-2.75,4650.38
-19.75,-2.75,4747.28
-19.25,-2.75,4845.14
-18.75,-2.75,4943.76
-18.25,-2.75,5042.87
-17.75,-2.75,5142.23
-17.25,-2.75,5241.65
-16.75,-2.75,5341.08
-16.25,-2.75,5440.61
-15.75,-2.75,5540.53
-15.25,-2.75,5641.25
-14.75,-2.75,5743.32
-14.25,-2.75,5847.38
-13.75,-2.75,5954.05
-13.25,-2.75,6063.95
-12.75,-2.75,6177.58
-12.25,-2.75,6295.33
-11.75,-2.75,6417.42
-11.25,-2.75,6543.91
-10.75,-2.75,6674.74
-10.25,-2.75,6809.72
-9.75,-2.75,6948.62
-9.25,-2.75,7091.18
-8.75,-2.75,7237.19
-8.25,-2.75,7386.57
-7.75,-2.75,7539.35
-7.25,-2.75,7695.73
-6.75,-2.75,7856.07
-6.25,-2.75,8020.85
-5.75,-2.75,8190.64
-5.25,-2.75,8366.03
-4.75,-2.75,8547.52
-4.25,-2.75,8735.45
-3.75,-2.75,8929.91
-3.25,-2.75,9130.64
-2.75,-2.75,9337.02
-2.25,-2.75,9548.04
-1.75,-2.75,9762.28
-1.25,-2.75,9978.02
-0.75,-2.75,10193.3
-0.25,-2.75,10406
0.25,-2.75,10613.9
0.75,-2.75,10815.1
1.25,-2.75,11007.5
1.75,-2.75,11189.6
2.25,-2.75,11359.7
2.75,-2.75,11516.7
3.25,-2.75,11659.4
3.75,-2.75,11786.7
4.25,-2.75,11897.7
4.75,-2.75,11991.1
5.25,-2.75,12065.9
5.75,-2.75,12121
6.25,-2.75,12155.2
6.75,-2.75,12167.7
7.25,-2.75,12157.7
7.75,-2.75,12124.8
8.25,-2.75,12069
8.75,-2.75,11990.8
9.25,-2.75,11891.2
9.75,-2.75,11771.5
10.25,-2.75,11633.3
10.75,-2.75,11478.6
11.25,-2.75,11309.3
11.75,-2.75,11127.3
12.25,-2.75,10934.1
12.75,-2.75,10731.4
13.25,-2.75,10520.3
13.75,-2.75,10301.6
14.25,-2.75,10076.2
14.75,-2.75,9844.38
15.25,-2.75,9606.69
15.75,-2.75,9363.46
16.25,-2.75,9115.12
16.75,-2.75,8862.18
17.25,-2.75,8605.32
17.75,-2.75,8345.38
18.25,-2.75,8083.34
18.75,-2.75,7820.36
19.25,-2.75,7557.69
19.75,-2.75,7296.66
20.25,-2.75,7038.59
20.75,-2.75,6784.75
21.25,-2.75,6536.27
21.75,-2.75,6294.12
22.25,-2.75,6059.07
22.75,-2.75,5831.63
23.25,-2.75,5612.05
23.75,-2.75,5400.36
24.25,-2.75,5196.34
24.75,-2.75,4999.6
25.25,-2.75,4809.58
25.75,-2.75,4625.63
26.25,-2.75,4447
26.75,-2.75,4272.95
27.25,-2.75,4102.72
27.75,-2.75,3935.58
28.25,-2.75,3770.86
28.75,-2.75,3607.96
29.25,-2.75,3446.37
29.75,-2.75,3285.66
30.25,-2.75,3125.54
30.75,-2.75,2965.82
31.25,-2.75,2806.47
31.75,-2.75,2647.59
32.25,-2.75,2489.45
32.75,-2.75,2332.45
33.25,-2.75,2177.15
33.75,-2.75,2024.19
34.25,-2.75,1874.31
34.75,-2.75,1728.27
35.25,-2.75,1586.83
35.75,-2.75,1450.69
36.25,-2.75,1320.48
36.75,-2.75,1196.74
37.25,-2.75,1079.85
37.75,-2.75,970.084
38.25,-2.75,867.602
38.75,-2.75,772.437
39.25,-2.75,684.531
39.75,-2.75,603.745
40.25,-2.75,529.874
40.75,-2.75,462.663
41.25,-2.75,401.823
41.75,-2.75,347.032
42.25,-2.75,297.95
42.75,-2.75,254.225
43.25,-2.75,215.496
43.75,-2.75,181.403
44.25,-2.75,151.558
44.75,-2.75,125.561
-44.75,-2.25,88.0942
-44.25,-2.25,98.0185
-43.75,-2.25,109.195
-43.25,-2.25,122.464
-42.75,-2.25,138.632
-42.25,-2.25,158.354
-41.75,-2.25,182.33
-41.25,-2.25,211.308
-40.75,-2.25,246.061
-40.25,-2.25,287.355
-39.75,-2.25,335.908
-39.25,-2.25,392.343
-38.75,-2.25,457.147
-38.25,-2.25,530.627
-37.75,-2.25,612.875
-37.25,-2.25,703.746
-36.75,-2.25,802.864
-36.25,-2.25,909.633
-35.75,-2.25,1023.28
-35.25,-2.25,1142.89
-34.75,-2.25,1267.48
-34.25,-2.25,1396.05
-33.75,-2.25,1527.65
-33.25,-2.25,1661.4
-32.75,-2.25,1796.54
-32.25,-2.25,1932.43
-31.75,-2.25,2068.57
-31.25,-2.25,2204.53
-30.75,-2.25,2339.98
-30.25,-2.25,2474.65
-29.75,-2.25,2608.25
-29.25,-2.25,2740.49
-28.75,-2.25,2871.07
-28.25,-2.25,2999.64
-27.75,-2.25,3125.82
-27.25,-2.25,3249.21
-26.75,-2.25,3369.46
-26.25,-2.25,3486.25
-25.75,-2.25,3599.39
-25.25,-2.25,3708.79
-24.75,-2.25,3814.54
-24.25,-2.25,3916.9
-23.75,-2.25,4016.31
-23.25,-2.25,4113.33
-22.75,-2.25,4208.61
-22.25,-2.25,4302.86
-21.75,-2.25,4396.76
-21.25,-2.25,4490.87
-20.75,-2.25,4585.67
-20.25,-2.25,4681.42
-19.75,-2.25,4778.23
-19.25,-2.25,4876.06
-18.75,-2.25,4974.73
-18.25,-2.25,5073.98
-17.75,-2.25,5173.58
-17.25,-2.25,5273.33
-16.75,-2.25,5373.13
-16.25,-2.25,5473.07
-15.75,-2.25,5573.36
-15.25,-2.25,5674.39
-14.75,-2.25,5776.67
-14.25,-2.25,5880.82
-13.75,-2.25,5987.46
-13.25,-2.25,6097.21
-12.75,-2.25,6210.59
-12.25,-2.25,6328.02
-11.75,-2.25,6449.78
-11.25,-2.25,6575.97
-10.75,-2.25,6706.59
-10.25,-2.25,6841.49
-9.75,-2.25,6980.48
-9.25,-2.25,7123.34
-8.75,-2.25,7269.88
-8.25,-2.25,7420
-7.75,-2.25,7573.7
-7.25,-2.25,7731.15
-6.75,-2.25,7892.63
-6.25,-2.25,8058.57
-5.75,-2.25,8229.46
-5.25,-2.25,8405.79
-4.75,-2.25,8588.02
-4.25,-2.25,8776.44
-3.75,-2.25,8971.14
-3.25,-2.25,9171.88
-2.75,-2.25,9378.09
-2.25,-2.25,9588.83
-1.75,-2.25,9802.79
-1.25,-2.25,10018.3
-0.75,-2.25,10233.5
-0.25,-2.25,10446.4
0.25,-2.25,10654.7
0.75,-2.25,10856.6
1.25,-2.25,11050
1.75,-2.25,11233.2
2.25,-2.25,11404.7
2.75,-2.25,11563.1
3.25,-2.25,11707.3
3.75,-2.25,11836.1
4.25,-2.25,11948.6
4.75,-2.25,12043.4
5.25,-2.25,12119.7
5.75,-2.25,12176.1
6.25,-2.25,12211.6
6.75,-2.25,12225.1
7.25,-2.25,12215.9
7.75,-2.25,12183.6
8.25,-2.25,12128.2
8.75,-2.25,12050
9.25,-2.25,11950.1
9.75,-2.25,11829.8
10.25,-2.25,11690.8
10.75,-2.25,11535
11.25,-2.25,11364.4
11.75,-2.25,11180.9
12.25,-2.25,10986.2
12.75,-2.25,10781.9
13.25,-2.25,10569.1
13.75,-2.25,10348.7
14.25,-2.25,10121.5
14.75,-2.25,9887.85
15.25,-2.25,9648.19
15.75,-2.25,9402.88
16.25,-2.25,9152.32
16.75,-2.25,8897.07
17.25,-2.25,8637.82
17.75,-2.25,8375.43
18.25,-2.25,8110.97
18.75,-2.25,7845.65
19.25,-2.25,7580.77
19.75,-2.25,7317.72
20.25,-2.25,7057.86
20.75,-2.25,6802.47
21.25,-2.25,6552.72
21.75,-2.25,6309.56
22.25,-2.25,6073.74
22.75,-2.25,5845.73
23.25,-2.25,5625.75
23.75,-2.25,5413.78
24.25,-2.25,5209.57
24.75,-2.25,5012.66
25.25,-2.25,4822.5
25.75,-2.25,4638.38
26.25,-2.25,4459.58
26.75,-2.25,4285.34
27.25,-2.25,4114.93
27.75,-2.25,3947.64
28.25,-2.25,3782.84
28.75,-2.25,3619.95
29.25,-2.25,3458.47
29.75,-2.25,3297.99
30.25,-2.25,3138.22
30.75,-2.25,2978.96
31.25,-2.25,2820.15
31.75,-2.25,2661.87
32.25,-2.25,2504.36
32.75,-2.25,2347.99
33.25,-2.25,2193.28
33.75,-2.25,2040.84
34.25,-2.25,1891.38
34.75,-2.25,1745.64
35.25,-2.25,1604.34
35.75,-2.25,1468.19
36.25,-2.25,1337.78
36.75,-2.25,1213.64
37.25,-2.25,1096.16
37.75,-2.25,985.627
38.25,-2.25,882.198
38.75,-2.25,785.936
39.25,-2.25,696.812
39.75,-2.25,614.721
40.25,-2.25,539.497
40.75,-2.25,470.925
41.25,-2.25,408.754
41.75,-2.25,352.699
42.25,-2.25,302.449
42.75,-2.25,257.677
43.25,-2.25,218.039
43.75,-2.25,183.18
44.25,-2.25,152.715
44.75,-2.25,126.236
-44.75,-1.75,87.8611
-44.25,-1.75,97.9972
-43.75,-1.75,109.422
-43.25,-1.75,122.973
-42.75,-1.75,139.455
-42.25,-1.75,159.524
-41.75,-1.75,183.878
-41.25,-1.75,213.266
-40.75,-1.75,248.456
-40.25,-1.75,290.212
-39.75,-1.75,339.243
-39.25,-1.75,396.169
-38.75,-1.75,461.47
-38.25,-1.75,535.453
-37.75,-1.75,618.213
-37.25,-1.75,709.616
-36.75,-1.75,809.303
-36.25,-1.75,916.702
-35.75,-1.75,1031.07
-35.25,-1.75,1151.51
-34.75,-1.75,1277.07
-34.25,-1.75,1406.76
-33.75,-1.75,1539.61
-33.25,-1.75,1674.72
-32.75,-1.75,1811.29
-32.25,-1.75,1948.62
-31.75,-1.75,2086.13
-31.25,-1.75,2223.35
-30.75,-1.75,2359.89
-30.25,-1.75,2495.43
-29.75,-1.75,2629.66
-29.25,-1.75,2762.33
-28.75,-1.75,2893.13
-28.25,-1.75,3021.78
-27.75,-1.75,3147.96
-27.25,-1.75,3271.34
-26.75,-1.75,3391.61
-26.25,-1.75,3508.51
-25.75,-1.75,3621.86
-25.25,-1.75,3731.57
-24.75,-1.75,3837.72
-24.25,-1.75,3940.55
-23.75,-1.75,4040.42
-23.25,-1.75,4137.88
-22.75,-1.75,4233.55
-22.25,-1.75,4328.11
-21.75,-1.75,4422.23
-21.25,-1.75,4516.5
-20.75,-1.75,4611.39
-20.25,-1.75,4707.22
-19.75,-1.75,4804.15
-19.25,-1.75,4902.13
-18.75,-1.75,5001.03
-18.25,-1.75,5100.62
-17.75,-1.75,5200.63
-17.25,-1.75,5300.86
-16.75,-1.75,5401.18
-16.25,-1.75,5501.62
-15.75,-1.75,5602.36
-15.25,-1.75,5703.73
-14.75,-1.75,5806.21
-14.25,-1.75,5910.35
-13.75,-1.75,6016.78
-13.25,-1.75,6126.12
-12.75,-1.75,6238.9
-12.25,-1.75,6355.58
-11.75,-1.75,6476.49
-11.25,-1.75,6601.81
-10.75,-1.75,6731.58
-10.25,-1.75,6865.74
-9.75,-1.75,7004.16
-9.25,-1.75,7146.66
-8.75,-1.75,7293.11
-8.25,-1.75,7443.4
-7.75,-1.75,7597.55
-7.25,-1.75,7755.66
-6.75,-1.75,7917.99
-6.25,-1.75,8084.85
-5.75,-1.75,8256.65
-5.25,-1.75,8433.81
-4.75,-1.75,8616.67
-4.25,-1.75,8805.49
-3.75,-1.75,9000.3
-3.25,-1.75,9200.88
-2.75,-1.75,9406.69
-2.25,-1.75,9616.86
-1.75,-1.75,9830.17
-1.25,-1.75,10045.1
-0.75,-1.75,10259.9
-0.25,-1.75,10472.5
0.25,-1.75,10680.9
0.75,-1.75,10883.2
1.25,-1.75,11077.3
1.75,-1.75,11261.5
2.25,-1.75,11434.3
2.75,-1.75,11594.2
3.25,-1.75,11739.9
3.75,-1.75,11870.4
4.25,-1.75,11984.4
4.75,-1.75,12080.9
5.25,-1.75,12158.7
5.75,-1.75,12216.6
6.25,-1.75,12253.5
6.75,-1.75,12268.3
7.25,-1.75,12260.3
7.75,-1.75,12229
8.25,-1.75,12174.4
8.75,-1.75,12096.9
9.25,-1.75,11997.4
9.75,-1.75,11877.3
10.25,-1.75,11738.2
10.75,-1.75,11582.1
11.25,-1.75,11411
11.75,-1.75,11226.7
12.25,-1.75,11031
12.75,-1.75,10825.4
13.25,-1.75,10611.2
13.75,-1.75,10389.2
14.25,-1.75,10160.2
14.75,-1.75,9924.67
15.25,-1.75,9682.96
15.75,-1.75,9435.51
16.25,-1.75,9182.75
16.75,-1.75,8925.25
17.25,-1.75,8663.75
17.75,-1.75,8399.16
18.25,-1.75,8132.6
18.75,-1.75,7865.3
19.25,-1.75,7598.61
19.75,-1.75,7333.92
20.25,-1.75,7072.62
20.75,-1.75,6815.99
21.25,-1.75,6565.2
21.75,-1.75,6321.17
22.25,-1.75,6084.63
22.75,-1.75,5856.02
23.25,-1.75,5635.56
23.75,-1.75,5423.16
24.25,-1.75,5218.57
24.75,-1.75,5021.31
25.25,-1.75,4830.8
25.75,-1.75,4646.35
26.25,-1.75,4467.23
26.75,-1.75,4292.7
27.25,-1.75,4122.06
27.75,-1.75,3954.61
28.25,-1.75,3789.75
28.75,-1.75,3626.92
29.25,-1.75,3465.64
29.75,-1.75,3305.51
30.25,-1.75,3146.23
30.75,-1.75,2987.59
31.25,-1.75,2829.52
31.75,-1.75,2672.07
32.25,-1.75,2515.44
32.75,-1.75,2359.98
33.25,-1.75,2206.16
33.75,-1.75,2054.56
34.25,-1.75,1905.85
34.75,-1.75,1760.73
35.25,-1.75,1619.88
35.75,-1.75,1483.99
36.25,-1.75,1353.63
36.75,-1.75,1229.3
37.25,-1.75,1111.41
37.75,-1.75,1000.23
38.25,-1.75,895.95
38.75,-1.75,798.656
39.25,-1.75,708.356
39.75,-1.75,624.986
40.25,-1.75,548.426
40.75,-1.75,478.506
41.25,-1.75,415.019
41.75,-1.75,357.72
42.25,-1.75,306.331
42.75,-1.75,260.548
43.25,-1.75,220.042
43.75,-1.75,184.467
44.25,-1.75,153.432
44.75,-1.75,126.522
-44.75,-1.25,87.3802
-44.25,-1.25,97.6661
-43.75,-1.25,109.275
-43.25,-1.25,123.039
-42.75,-1.25,139.762
-42.25,-1.25,160.097
-41.75,-1.25,184.744
-41.25,-1.25,214.446
-40.75,-1.25,249.97
-40.25,-1.25,292.073
-39.75,-1.25,341.461
-39.25,-1.25,398.746
-38.75,-1.25,464.408
-38.25,-1.25,538.753
-37.75,-1.25,621.884
-37.25,-1.25,713.68
-36.75,-1.25,813.805
-36.25,-1.25,921.715
-35.75,-1.25,1036.69
-35.25,-1.25,1157.89
-34.75,-1.25,1284.35
-34.25,-1.25,1415.1
-33.75,-1.25,1549.17
-33.25,-1.25,1685.62
-32.75,-1.25,1823.61
-32.25,-1.25,1962.38
-31.75,-1.25,2101.28
-31.25,-1.25,2239.76
-30.75,-1.25,2377.37
-30.25,-1.25,2513.73
-29.75,-1.25,2648.52
-29.25,-1.25,2781.48
-28.75,-1.25,2912.35
-28.25,-1.25,3040.86
-27.75,-1.25,3166.77
-27.25,-1.25,3289.82
-26.75,-1.25,3409.77
-26.25,-1.25,3526.41
-25.75,-1.25,3639.59
-25.25,-1.25,3749.26
-24.75,-1.25,3855.48
-24.25,-1.25,3958.48
-23.75,-1.25,4058.62
-23.25,-1.25,4156.38
-22.75,-1.25,4252.38
-22.25,-1.25,4347.26
-21.75,-1.25,4441.69
-21.25,-1.25,4536.25
-20.75,-1.25,4631.43
-20.25,-1.25,4727.56
-19.75,-1.25,4824.81
-19.25,-1.25,4923.18
-18.75,-1.25,5022.54
-18.25,-1.25,5122.65
-17.75,-1.25,5223.26
-17.25,-1.25,5324.13
-16.75,-1.25,5425.1
-16.25,-1.25,5526.14
-15.75,-1.25,5627.38
-15.25,-1.25,5729.09
-14.75,-1.25,5831.68
-14.25,-1.25,5935.7
-13.75,-1.25,6041.72
-13.25,-1.25,6150.35
-12.75,-1.25,6262.16
-12.25,-1.25,6377.64
-11.75,-1.25,6497.17
-11.25,-1.25,6621.02
-10.75,-1.25,6749.3
-10.25,-1.25,6882.06
-9.75,-1.25,7019.23
-9.25,-1.25,7160.74
-8.75,-1.25,7306.48
-8.25,-1.25,7456.4
-7.75,-1.25,7610.5
-7.25,-1.25,7768.89
-6.75,-1.25,7931.74
-6.25,-1.25,8099.29
-5.75,-1.25,8271.86
-5.25,-1.25,8449.73
-4.75,-1.25,8633.18
-4.25,-1.25,8822.35
-3.75,-1.25,9017.22
-3.25,-1.25,9217.56
-2.75,-1.25,9422.86
-2.25,-1.25,9632.3
-1.75,-1.25,9844.76
-1.25,-1.25,10058.8
-0.75,-1.25,10272.8
-0.25,-1.25,10484.9
0.25,-1.25,10693.1
0.75,-1.25,10895.5
1.25,-1.25,11090.1
1.75,-1.25,11275.1
2.25,-1.25,11449
2.75,-1.25,11610.3
3.25,-1.25,11757.6
3.75,-1.25,11889.7
4.25,-1.25,12005.4
4.75,-1.25,12103.6
5.25,-1.25,12183
5.75,-1.25,12242.4
6.25,-1.25,12280.8
6.75,-1.25,12297.1
7.25,-1.25,12290.5
7.75,-1.25,12260.6
8.25,-1.25,12207.4
8.75,-1.25,12131.1
9.25,-1.25,12032.8
9.75,-1.25,11913.6
10.25,-1.25,11775.3
10.75,-1.25,11619.7
11.25,-1.25,11448.7
11.75,-1.25,11264.2
12.25,-1.25,11067.9
12.75,-1.25,10861.5
13.25,-1.25,10646.1
13.75,-1.25,10422.7
14.25,-1.25,10191.9
14.75,-1.25,9954.48
15.25,-1.25,9710.76
15.75,-1.25,9461.24
16.25,-1.25,9206.4
16.75,-1.25,8946.89
17.25,-1.25,8683.47
17.75,-1.25,8417.11
18.25,-1.25,8148.91
18.75,-1.25,7880.13
19.25,-1.25,7612.13
19.75,-1.25,7346.28
20.25,-1.25,7083.94
20.75,-1.25,6826.4
21.25,-1.25,6574.76
21.75,-1.25,6329.97
22.25,-1.25,6092.7
22.75,-1.25,5863.4
23.25,-1.25,5642.26
23.75,-1.25,5429.2
24.25,-1.25,5223.95
24.75,-1.25,5026.05
25.25,-1.25,4834.93
25.75,-1.25,4649.91
26.25,-1.25,4470.28
26.75,-1.25,4295.32
27.25,-1.25,4124.34
27.75,-1.25,3956.69
28.25,-1.25,3791.77
28.75,-1.25,3629.03
29.25,-1.25,3468.01
29.75,-1.25,3308.3
30.25,-1.25,3149.6
30.75,-1.25,2991.69
31.25,-1.25,2834.48
31.75,-1.25,2678
32.25,-1.25,2522.43
32.75,-1.25,2368.07
33.25,-1.25,2215.37
33.75,-1.25,2064.85
34.25,-1.25,1917.14
34.75,-1.25,1772.9
35.25,-1.25,1632.77
35.75,-1.25,1497.38
36.25,-1.25,1367.29
36.75,-1.25,1242.99
37.25,-1.25,1124.86
37.75,-1.25,1013.19
38.25,-1.25,908.185
38.75,-1.25,809.969
39.25,-1.25,718.588
39.75,-1.25,634.027
40.25,-1.25,556.215
40.75,-1.25,485.032
41.25,-1.25,420.318
41.75,-1.25,361.868
42.25,-1.25,309.434
42.75,-1.25,262.736
43.25,-1.25,221.458
43.75,-1.25,185.257
44.25,-1.25,153.737
44.75,-1.25,126.471
-44.75,-0.75,86.682
-44.25,-0.75,97.0535
-43.75,-0.75,108.777
-43.25,-0.75,122.68
-42.75,-0.75,139.563
-42.25,-0.75,160.078
-41.75,-0.75,184.921
-41.25,-0.75,214.833
-40.75,-0.75,250.577
-40.25,-0.75,292.905
-39.75,-0.75,342.519
-39.25,-0.75,400.029
-38.75,-0.75,465.913
-38.25,-0.75,540.484
-37.75,-0.75,623.853
-37.25,-0.75,715.92
-36.75,-0.75,816.373
-36.25,-0.75,924.699
-35.75,-0.75,1040.21
-35.25,-0.75,1162.09
-34.75,-0.75,1289.4
-34.25,-0.75,1421.17
-33.75,-0.75,1556.42
-33.25,-0.75,1694.18
-32.75,-0.75,1833.55
-32.25,-0.75,1973.72
-31.75,-0.75,2113.95
-31.25,-0.75,2253.62
-30.75,-0.75,2392.2
-30.25,-0.75,2529.28
-29.75,-0.75,2664.5
-29.25,-0.75,2797.58
-28.75,-0.75,2928.3
-28.25,-0.75,3056.43
-27.75,-0.75,3181.8
-27.25,-0.75,3304.21
-26.75,-0.75,3423.49
-26.25,-0.75,3539.51
-25.75,-0.75,3652.16
-25.25,-0.75,3761.44
-24.75,-0.75,3867.43
-24.25,-0.75,3970.35
-23.75,-0.75,4070.55
-23.25,-0.75,4168.5
-22.75,-0.75,4264.77
-22.25,-0.75,4360.01
-21.75,-0.75,4454.84
-21.25,-0.75,4549.84
-20.75,-0.75,4645.5
-20.25,-0.75,4742.15
-19.75,-0.75,4839.96
-19.25,-0.75,4938.93
-18.75,-0.75,5038.95
-18.25,-0.75,5139.77
-17.75,-0.75,5241.12
-17.25,-0.75,5342.74
-16.75,-0.75,5444.43
-16.25,-0.75,5546.11
-15.75,-0.75,5647.83
-15.25,-0.75,5749.81
-14.75,-0.75,5852.42
-14.25,-0.75,5956.12
-13.75,-0.75,6061.49
-13.25,-0.75,6169.11
-12.75,-0.75,6279.57
-12.25,-0.75,6393.4
-11.75,-0.75,6511.06
-11.25,-0.75,6632.88
-10.75,-0.75,6759.09
-10.25,-0.75,6889.84
-9.75,-0.75,7025.17
-9.25,-0.75,7165.08
-8.75,-0.75,7309.56
-8.25,-0.75,7458.61
-7.75,-0.75,7612.25
-7.25,-0.75,7770.55
-6.75,-0.75,7933.63
-6.25,-0.75,8101.68
-5.75,-0.75,8274.88
-5.25,-0.75,8453.42
-4.75,-0.75,8637.43
-4.25,-0.75,8826.98
-3.75,-0.75,9021.96
-3.25,-0.75,9222.1
-2.75,-0.75,9426.89
-2.25,-0.75,9635.56
-1.75,-0.75,9847.08
-1.25,-0.75,10060.1
-0.75,-0.75,10273.2
-0.25,-0.75,10484.5
0.25,-0.75,10692.1
0.75,-0.75,10894.3
1.25,-0.75,11089.1
1.75,-0.75,11274.8
2.25,-0.75,11449.6
2.75,-0.75,11612.1
3.25,-0.75,11760.8
3.75,-0.75,11894.5
4.25,-0.75,12011.8
4.75,-0.75,12111.6
5.25,-0.75,12192.6
5.75,-0.75,12253.6
6.25,-0.75,12293.6
6.75,-0.75,12311.6
7.25,-0.75,12306.7
7.75,-0.75,12278.6
8.25,-0.75,12227.1
8.75,-0.75,12152.6
9.25,-0.75,12056
9.75,-0.75,11938.5
10.25,-0.75,11801.6
10.75,-0.75,11647.1
11.25,-0.75,11476.8
11.75,-0.75,11292.7
12.25,-0.75,11096.3
12.75,-0.75,10889.3
13.25,-0.75,10672.9
13.75,-0.75,10448.2
14.25,-0.75,10215.8
14.75,-0.75,9976.6
15.25,-0.75,9731.01
15.75,-0.75,9479.62
16.25,-0.75,9223.02
16.75,-0.75,8961.88
17.25,-0.75,8697.03
17.75,-0.75,8429.45
18.25,-0.75,8160.23
18.75,-0.75,7890.61
19.25,-0.75,7621.9
19.75,-0.75,7355.45
20.25,-0.75,7092.55
20.75,-0.75,6834.45
21.25,-0.75,6582.21
21.75,-0.75,6336.75
22.25,-0.75,6098.74
22.75,-0.75,5868.62
23.25,-0.75,5646.58
23.75,-0.75,5432.57
24.25,-0.75,5226.34
24.75,-0.75,5027.48
25.25,-0.75,4835.43
25.75,-0.75,4649.56
26.25,-0.75,4469.18
26.75,-0.75,4293.6
27.25,-0.75,4122.16
27.75,-0.75,3954.23
28.25,-0.75,3789.2
28.75,-0.75,3626.54
29.25,-0.75,3465.78
29.75,-0.75,3306.51
30.25,-0.75,3148.42
30.75,-0.75,2991.28
31.25,-0.75,2834.99
31.75,-0.75,2679.56
32.25,-0.75,2525.14
32.75,-0.75,2372
33.25,-0.75,2220.55
33.75,-0.75,2071.28
34.25,-0.75,1924.76
34.75,-0.75,1781.6
35.25,-0.75,1642.39
35.75,-0.75,1507.72
36.25,-0.75,1378.11
36.75,-0.75,1254.01
37.25,-0.75,1135.82
37.75,-0.75,1023.82
38.25,-0.75,918.248
38.75,-0.75,819.258
39.25,-0.75,726.942
39.75,-0.75,641.336
40.25,-0.75,562.423
40.75,-0.75,490.134
41.25,-0.75,424.354
41.75,-0.75,364.917
42.25,-0.75,311.602
42.75,-0.75,264.147
43.25,-0.75,222.245
43.75,-0.75,185.55
44.25,-0.75,153.661
44.75,-0.75,126.137
-44.75,-0.25,85.7822
-44.25,-0.25,96.1818
-43.75,-0.25,107.956
-43.25,-0.25,121.928
-42.75,-0.25,138.892
-42.25,-0.25,159.498
-41.75,-0.25,184.439
-41.25,-0.25,214.453
-40.75,-0.25,250.298
-40.25,-0.25,292.723
-39.75,-0.25,342.427
-39.25,-0.25,400.02
-38.75,-0.25,465.985
-38.25,-0.25,540.641
-37.75,-0.25,624.119
-37.25,-0.25,716.338
-36.75,-0.25,817.013
-36.25,-0.25,925.663
-35.75,-0.25,1041.63
-35.25,-0.25,1164.12
-34.75,-0.25,1292.22
-34.25,-0.25,1424.95
-33.75,-0.25,1561.32
-33.25,-0.25,1700.31
-32.75,-0.25,1840.98
-32.25,-0.25,1982.44
-31.75,-0.25,2123.87
-31.25,-0.25,2264.59
-30.75,-0.25,2403.99
-30.25,-0.25,2541.6
-29.75,-0.25,2677.05
-29.25,-0.25,2810.05
-28.75,-0.25,2940.39
-28.25,-0.25,3067.89
-27.75,-0.25,3192.44
-27.25,-0.25,3313.92
-26.75,-0.25,3432.23
-26.25,-0.25,3547.32
-25.75,-0.25,3659.14
-25.25,-0.25,3767.74
-24.75,-0.25,3873.24
-24.25,-0.25,3975.86
-23.75,-0.25,4075.97
-23.25,-0.25,4174
-22.75,-0.25,4270.53
-22.25,-0.25,4366.15
-21.75,-0.25,4461.48
-21.25,-0.25,4557.06
-20.75,-0.25,4653.36
-20.25,-0.25,4750.7
-19.75,-0.25,4849.24
-19.25,-0.25,4948.99
-18.75,-0.25,5049.8
-18.25,-0.25,5151.43
-17.75,-0.25,5253.6
-17.25,-0.25,5356
-16.75,-0.25,5458.39
-16.25,-0.25,5560.65
-15.75,-0.25,5662.76
-15.25,-0.25,5764.89
-14.75,-0.25,5867.33
-14.25,-0.25,5970.5
-13.75,-0.25,6074.95
-13.25,-0.25,6181.25
-12.75,-0.25,6290.01
-12.25,-0.25,6401.8
-11.75,-0.25,6517.14
-11.25,-0.25,6636.47
-10.75,-0.25,6760.13
-10.25,-0.25,6888.37
-9.75,-0.25,7021.35
-9.25,-0.25,7159.21
-8.75,-0.25,7301.98
-8.25,-0.25,7449.75
-7.75,-0.25,7602.56
-7.25,-0.25,7760.48
-6.75,-0.25,7923.58
-6.25,-0.25,8091.96
-5.75,-0.25,8265.72
-5.25,-0.25,8444.9
-4.75,-0.25,8629.53
-4.25,-0.25,8819.54
-3.75,-0.25,9014.75
-3.25,-0.25,9214.81
-2.75,-0.25,9419.22
-2.25,-0.25,9627.22
-1.75,-0.25,9837.83
-1.25,-0.25,10049.8
-0.75,-0.25,10261.8
-0.25,-0.25,10472.2
0.25,-0.25,10679.1
0.75,-0.25,10880.9
1.25,-0.25,11075.6
1.75,-0.25,11261.5
2.25,-0.25,11436.9
2.75,-0.25,11600.3
3.25,-0.25,11750.2
3.75,-0.25,11885.1
4.25,-0.25,12003.9
4.75,-0.25,12105.1
5.25,-0.25,12187.7
5.75,-0.25,12250.4
6.25,-0.25,12292.1
6.75,-0.25,12311.8
7.25,-0.25,12308.8
7.75,-0.25,12282.7
8.25,-0.25,12233.4
8.75,-0.25,12161.3
9.25,-0.25,12066.9
9.75,-0.25,11951.6
10.25,-0.25,11816.6
10.75,-0.25,11663.8
11.25,-0.25,11494.8
11.75,-0.25,11311.4
12.25,-0.25,11115.3
12.75,-0.25,10907.9
13.25,-0.25,10690.8
13.75,-0.25,10464.8
14.25,-0.25,10231
14.75,-0.25,9990.15
15.25,-0.25,9742.93
15.75,-0.25,9490
16.25,-0.25,9232.04
16.75,-0.25,8969.81
17.25,-0.25,8704.15
17.75,-0.25,8436.03
18.25,-0.25,8166.53
18.75,-0.25,7896.81
19.25,-0.25,7628.1
19.75,-0.25,7361.68
20.25,-0.25,7098.76
20.75,-0.25,6840.5
21.25,-0.25,6587.96
21.75,-0.25,6341.99
22.25,-0.25,6103.26
22.75,-0.25,5872.22
23.25,-0.25,5649.1
23.75,-0.25,5433.88
24.25,-0.25,5226.38
24.75,-0.25,5026.22
25.25,-0.25,4832.92
25.75,-0.25,4645.88
26.25,-0.25,4464.49
26.75,-0.25,4288.08
27.25,-0.25,4116
27.75,-0.25,3947.64
28.25,-0.25,3782.4
28.75,-0.25,3619.75
29.25,-0.25,3459.2
29.75,-0.25,3300.34
30.25,-0.25,3142.83
30.75,-0.25,2986.45
31.25,-0.25,2831.07
31.75,-0.25,2676.69
32.25,-0.25,2523.44
32.75,-0.25,2371.58
33.25,-0.25,2221.47
33.75,-0.25,2073.55
34.25,-0.25,1928.36
34.75,-0.25,1786.42
35.25,-0.25,1648.29
35.75,-0.25,1514.5
36.25,-0.25,1385.53
36.75,-0.25,1261.82
37.25,-0.25,1143.72
37.75,-0.25,1031.57
38.25,-0.25,925.595
38.75,-0.25,826.005
39.25,-0.25,732.939
39.75,-0.25,646.485
40.25,-0.25,566.679
40.75,-0.25,493.504
41.25,-0.25,426.884
41.75,-0.25,366.686
42.25,-0.25,312.712
42.75,-0.25,264.71
43.25,-0.25,222.375
43.75,-0.25,185.356
44.25,-0.25,153.242
44.75,-0.25,125.577
-44.75,0.25,84.6886
-44.25,0.25,95.0726
-43.75,0.25,106.847
-43.25,0.25,120.827
-42.75,0.25,137.801
-42.25,0.25,158.417
-41.75,0.25,183.363
-41.25,0.25,213.371
-40.75,0.25,249.197
-40.25,0.25,291.587
-39.75,0.25,341.24
-39.25,0.25,398.769
-38.75,0.25,464.666
-38.25,0.25,539.263
-37.75,0.25,622.709
-37.25,0.25,714.952
-36.75,0.25,815.735
-36.25,0.25,924.607
-35.75,0.25,1040.94
-35.25,0.25,1163.96
-34.75,0.25,1292.75
-34.25,0.25,1426.35
-33.75,0.25,1563.71
-33.25,0.25,1703.81
-32.75,0.25,1845.62
-32.25,0.25,1988.19
-31.75,0.25,2130.63
-31.25,0.25,2272.18
-30.75,0.25,2412.17
-30.25,0.25,2550.09
-29.75,0.25,2685.53
-29.25,0.25,2818.2
-28.75,0.25,2947.91
-28.25,0.25,3074.55
-27.75,0.25,3198.04
-27.25,0.25,3318.34
-26.75,0.25,3435.45
-26.25,0.25,3549.37
-25.75,0.25,3660.14
-25.25,0.25,3767.86
-24.75,0.25,3872.67
-24.25,0.25,3974.85
-23.75,0.25,4074.74
-23.25,0.25,4172.81
-22.75,0.25,4269.57
-22.25,0.25,4365.6
-21.75,0.25,4461.47
-21.25,0.25,4557.72
-20.75,0.25,4654.76
-20.25,0.25,4752.89
-19.75,0.25,4852.25
-19.25,0.25,4952.83
-18.75,0.25,5054.47
-18.25,0.25,5156.92
-17.75,0.25,5259.84
-17.25,0.25,5362.94
-16.75,0.25,5465.92
-16.25,0.25,5568.6
-15.75,0.25,5670.93
-15.25,0.25,5772.99
-14.75,0.25,5875.04
-14.25,0.25,5977.45
-13.75,0.25,6080.71
-13.25,0.25,6185.42
-12.75,0.25,6292.17
-12.25,0.25,6401.6
-11.75,0.25,6514.3
-11.25,0.25,6630.79
-10.75,0.25,6751.55
-10.25,0.25,6876.93
-9.75,0.25,7007.23
-9.25,0.25,7142.68
-8.75,0.25,7283.45
-8.25,0.25,7429.65
-7.75,0.25,7581.38
-7.25,0.25,7738.71
-6.75,0.25,7901.66
-6.25,0.25,8070.28
-5.75,0.25,8244.54
-5.25,0.25,8424.39
-4.75,0.25,8609.72
-4.25,0.25,8800.34
-3.75,0.25,8995.97
-3.25,0.25,9196.18
-2.75,0.25,9400.41
-2.25,0.25,9607.93
-1.75,0.25,9817.78
-1.25,0.25,10028.8
-0.75,0.25,10239.8
-0.25,0.25,10449.1
0.25,0.25,10655.1
0.75,0.25,10856.1
1.25,0.25,11050.4
1.75,0.25,11236.2
2.25,0.25,11411.8
2.75,0.25,11575.7
3.25,0.25,11726.3
3.75,0.25,11862.2
4.25,0.25,11982.1
4.75,0.25,12084.7
5.25,0.25,12168.6
5.75,0.25,12232.9
6.25,0.25,12276.2
6.75,0.25,12297.9
7.25,0.25,12297
7.75,0.25,12273.2
8.25,0.25,12226.4
8.75,0.25,12156.9
9.25,0.25,12065.2
9.75,0.25,11952.5
10.25,0.25,11819.9
10.75,0.25,11669.1
11.25,0.25,11501.7
11.75,0.25,11319.3
12.25,0.25,11123.7
12.75,0.25,10916.2
13.25,0.25,10698.4
13.75,0.25,10471.4
14.25,0.25,10236.4
14.75,0.25,9994.15
15.25,0.25,9745.61
15.75,0.25,9491.56
16.25,0.25,9232.78
16.75,0.25,8970.08
17.25,0.25,8704.33
17.75,0.25,8436.45
18.25,0.25,8167.47
18.75,0.25,7898.44
19.25,0.25,7630.51
19.75,0.25,7364.8
20.25,0.25,7102.47
20.75,0.25,6844.56
21.25,0.25,6592.07
21.75,0.25,6345.82
22.25,0.25,6106.48
22.75,0.25,5874.52
23.25,0.25,5650.2
23.75,0.25,5433.59
24.25,0.25,5224.55
24.75,0.25,5022.82
25.25,0.25,4827.97
25.75,0.25,4639.48
26.25,0.25,4456.8
26.75,0.25,4279.3
27.25,0.25,4106.37
27.75,0.25,3937.39
28.25,0.25,3771.79
28.75,0.25,3609
29.25,0.25,3448.54
29.75,0.25,3289.98
30.25,0.25,3132.98
30.75,0.25,2977.28
31.25,0.25,2822.75
31.75,0.25,2669.4
32.25,0.25,2517.32
32.75,0.25,2366.75
33.25,0.25,2218.01
33.75,0.25,2071.52
34.25,0.25,1927.73
34.75,0.25,1787.12
35.25,0.25,1650.19
35.75,0.25,1517.41
36.25,0.25,1389.22
36.75,0.25,1266.02
37.25,0.25,1148.19
37.75,0.25,1036.03
38.25,0.25,929.842
38.75,0.25,829.849
39.25,0.25,736.247
39.75,0.25,649.18
40.25,0.25,568.734
40.75,0.25,494.937
41.25,0.25,427.75
41.75,0.25,367.064
42.25,0.25,312.694
42.75,0.25,264.391
43.25,0.25,221.846
43.75,0.25,184.696
44.25,0.25,152.516
44.75,0.25,124.838
-44.75,0.75,83.4121
-44.25,0.75,93.7526
-43.75,0.75,105.491
-43.25,0.75,119.433
-42.75,0.75,136.361
-42.25,0.75,156.915
-41.75,0.75,181.778
-41.25,0.75,211.68
-40.75,0.75,247.371
-40.25,0.75,289.597
-39.75,0.75,339.058
-39.25,0.75,396.374
-38.75,0.75,462.049
-38.25,0.75,536.433
-37.75,0.75,619.7
-37.25,0.75,711.825
-36.75,0.75,812.581
-36.25,0.75,921.548
-35.75,0.75,1038.12
-35.25,0.75,1161.53
-34.75,0.75,1290.89
-34.25,0.75,1425.2
-33.75,0.75,1563.39
-33.25,0.75,1704.39
-32.75,0.75,1847.12
-32.25,0.75,1990.55
-31.75,0.75,2133.73
-31.25,0.75,2275.83
-30.75,0.75,2416.14
-30.25,0.75,2554.08
-29.75,0.75,2689.25
-29.25,0.75,2821.35
-28.75,0.75,2950.22
-28.25,0.75,3075.78
-27.75,0.75,3198.02
-27.25,0.75,3316.99
-26.75,0.75,3432.74
-26.25,0.75,3545.35
-25.75,0.75,3654.93
-25.25,0.75,3761.64
-24.75,0.75,3865.67
-24.25,0.75,3967.32
-23.75,0.75,4066.95
-23.25,0.75,4164.99
-22.75,0.75,4261.97
-22.25,0.75,4358.41
-21.75,0.75,4454.85
-21.25,0.75,4551.78
-20.75,0.75,4649.56
-20.25,0.75,4748.48
-19.75,0.75,4848.62
-19.25,0.75,4949.96
-18.75,0.75,5052.33
-18.25,0.75,5155.44
-17.75,0.75,5258.95
-17.25,0.75,5362.53
-16.75,0.75,5465.87
-16.25,0.75,5568.73
-15.75,0.75,5671.02
-15.25,0.75,5772.78
-14.75,0.75,5874.18
-14.25,0.75,5975.58
-13.75,0.75,6077.43
-13.25,0.75,6180.31
-12.75,0.75,6284.85
-12.25,0.75,6391.72
-11.75,0.75,6501.58
-11.25,0.75,6615.05
-10.75,0.75,6732.71
-10.25,0.75,6855.06
-9.75,0.75,6982.5
-9.25,0.75,7115.38
-8.75,0.75,7253.96
-8.25,0.75,7398.44
-7.75,0.75,7548.95
-7.25,0.75,7705.56
-6.75,0.75,7868.29
-6.25,0.75,8037.09
-5.75,0.75,8211.86
-5.25,0.75,8392.44
-4.75,0.75,8578.58
-4.25,0.75,8769.99
-3.75,0.75,8966.25
-3.25,0.75,9166.87
-2.75,0.75,9371.21
-2.25,0.75,9578.5
-1.75,0.75,9787.84
-1.25,0.75,9998.11
-0.75,0.75,10208.1
-0.25,0.75,10416.3
0.25,0.75,10621.2
0.75,0.75,10821.3
1.25,0.75,11014.8
1.75,0.75,11200
2.25,0.75,11375.3
2.75,0.75,11539.2
3.25,0.75,11690.1
3.75,0.75,11826.5
4.25,0.75,11947.1
4.75,0.75,12050.7
5.25,0.75,12135.8
5.75,0.75,12201.5
6.25,0.75,12246.5
6.75,0.75,12270.1
7.25,0.75,12271.5
7.75,0.75,12250.2
8.25,0.75,12206.2
8.75,0.75,12139.6
9.25,0.75,12050.9
9.75,0.75,11941
10.25,0.75,11811.1
10.75,0.75,11662.6
11.25,0.75,11496.9
11.75,0.75,11315.8
12.25,0.75,11120.7
12.75,0.75,10913.3
13.25,0.75,10695
13.75,0.75,10467.2
14.25,0.75,10231
14.75,0.75,9987.76
15.25,0.75,9738.31
15.75,0.75,9483.64
16.25,0.75,9224.63
16.75,0.75,8962.15
17.25,0.75,8697.05
17.75,0.75,8430.21
18.25,0.75,8162.57
18.75,0.75,7895.05
19.25,0.75,7628.67
19.75,0.75,7364.41
20.25,0.75,7103.29
20.75,0.75,6846.28
21.25,0.75,6594.28
21.75,0.75,6348.08
22.25,0.75,6108.34
22.75,0.75,5875.56
23.25,0.75,5650.05
23.75,0.75,5431.97
24.25,0.75,5221.26
24.75,0.75,5017.75
25.25,0.75,4821.11
25.75,0.75,4630.92
26.25,0.75,4446.67
26.75,0.75,4267.82
27.25,0.75,4093.78
27.75,0.75,3923.95
28.25,0.75,3757.76
28.75,0.75,3594.65
29.25,0.75,3434.11
29.75,0.75,3275.7
30.25,0.75,3119.06
30.75,0.75,2963.94
31.25,0.75,2810.2
31.75,0.75,2657.82
32.25,0.75,2506.88
32.75,0.75,2357.6
33.25,0.75,2210.26
33.75,0.75,2065.23
34.25,0.75,1922.9
34.75,0.75,1783.69
35.25,0.75,1648.05
35.75,0.75,1516.37
36.25,0.75,1389.07
36.75,0.75,1266.52
37.25,0.75,1149.08
37.75,0.75,1037.09
38.25,0.75,930.857
38.75,0.75,830.667
39.25,0.75,736.761
39.75,0.75,649.334
40.25,0.75,568.522
40.75,0.75,494.392
41.25,0.75,426.932
41.75,0.75,366.048
42.25,0.75,311.561
42.75,0.75,263.215
43.25,0.75,220.689
43.75,0.75,183.607
44.25,0.75,151.525
44.75,0.75,123.962
-44.75,1.25,81.9699
-44.25,1.25,92.2516
-43.75,1.25,103.93
-43.25,1.25,117.801
-42.75,1.25,134.634
-42.25,1.25,155.065
-41.75,1.25,179.77
-41.25,1.25,209.472
-40.75,1.25,244.919
-40.25,1.25,286.855
-39.75,1.25,335.986
-39.25,1.25,392.94
-38.75,1.25,458.237
-38.25,1.25,532.249
-37.75,1.25,615.177
-37.25,1.25,707.024
-36.75,1.25,807.597
-36.25,1.25,916.499
-35.75,1.25,1033.15
-35.25,1.25,1156.79
-34.75,1.25,1286.51
-34.25,1.25,1421.31
-33.75,1.25,1560.1
-33.25,1.25,1701.73
-32.75,1.25,1845.08
-32.25,1.25,1989.07
-31.75,1.25,2132.67
-31.25,1.25,2275
-30.75,1.25,2415.3
-30.25,1.25,2552.98
-29.75,1.25,2687.6
-29.25,1.25,2818.9
-28.75,1.25,2946.73
-28.25,1.25,3071.06
-27.75,1.25,3191.93
-27.25,1.25,3309.46
-26.75,1.25,3423.77
-26.25,1.25,3535.02
-25.75,1.25,3643.38
-25.25,1.25,3749.05
-24.75,1.25,3852.29
-24.25,1.25,3953.39
-23.75,1.25,4052.73
-23.25,1.25,4150.74
-22.75,1.25,4247.91
-22.25,1.25,4344.72
-21.75,1.25,4441.68
-21.25,1.25,4539.2
-20.75,1.25,4637.64
-20.25,1.25,4737.2
-19.75,1.25,4837.95
-19.25,1.25,4939.85
-18.75,1.25,5042.69
-18.25,1.25,5146.19
-17.75,1.25,5250
-17.25,1.25,5353.76
-16.75,1.25,5457.13
-16.25,1.25,5559.86
-15.75,1.25,5661.81
-15.25,1.25,5762.97
-14.75,1.25,5863.49
-14.25,1.25,5963.66
-13.75,1.25,6063.93
-13.25,1.25,6164.86
-12.75,1.25,6267.09
-12.25,1.25,6371.32
-11.75,1.25,6478.3
-11.25,1.25,6588.73
-10.75,1.25,6703.28
-10.25,1.25,6822.57
-9.75,1.25,6947.14
-9.25,1.25,7077.43
-8.75,1.25,7213.8
-8.25,1.25,7356.53
-7.75,1.25,7505.78
-7.25,1.25,7661.64
-6.75,1.25,7824.1
-6.25,1.25,7993.08
-5.75,1.25,8168.39
-5.25,1.25,8349.76
-4.75,1.25,8536.85
-4.25,1.25,8729.22
-3.75,1.25,8926.37
-3.25,1.25,9127.66
-2.75,1.25,9332.41
-2.25,1.25,9539.79
-1.75,1.25,9748.85
-1.25,1.25,9958.53
-0.75,1.25,10167.6
-0.25,1.25,10374.7
0.25,1.25,10578.5
0.75,1.25,10777.3
1.25,1.25,10969.6
1.75,1.25,11153.8
2.25,1.25,11328.4
2.75,1.25,11491.7
3.25,1.25,11642.3
3.75,1.25,11778.7
4.25,1.25,11899.6
4.75,1.25,12003.8
5.25,1.25,12089.9
5.75,1.25,12156.8
6.25,1.25,12203.5
6.75,1.25,12229
7.25,1.25,12232.7
7.75,1.25,12214.1
8.25,1.25,12172.9
8.75,1.25,12109.3
9.25,1.25,12023.7
9.75,1.25,11916.9
10.25,1.25,11789.8
10.75,1.25,11643.6
11.25,1.25,11479.8
11.75,1.25,11299.9
12.25,1.25,11105.5
12.75,1.25,10898.2
13.25,1.25,10679.6
13.75,1.25,10451.1
14.25,1.25,10214.3
14.75,1.25,9970.31
15.25,1.25,9720.42
15.75,1.25,9465.68
16.25,1.25,9207.07
16.75,1.25,8945.5
17.25,1.25,8681.8
17.75,1.25,8416.79
18.25,1.25,8151.26
18.75,1.25,7886.04
19.25,1.25,7621.96
19.75,1.25,7359.86
20.25,1.25,7100.61
20.75,1.25,6845.07
21.25,1.25,6594.05
21.75,1.25,6348.31
22.25,1.25,6108.49
22.75,1.25,5875.12
23.25,1.25,5648.57
23.75,1.25,5429.07
24.25,1.25,5216.66
24.75,1.25,5011.28
25.25,1.25,4812.7
25.75,1.25,4620.6
26.25,1.25,4434.56
26.75,1.25,4254.09
27.25,1.25,4078.67
27.75,1.25,3907.72
28.25,1.25,3740.68
28.75,1.25,3577
29.25,1.25,3416.16
29.75,1.25,3257.72
30.25,1.25,3101.3
30.75,1.25,2946.65
31.25,1.25,2793.61
31.75,1.25,2642.15
32.25,1.25,2492.33
32.75,1.25,2344.34
33.25,1.25,2198.43
33.75,1.25,2054.89
34.25,1.25,1914.07
34.75,1.25,1776.33
35.25,1.25,1642.03
35.75,1.25,1511.54
36.25,1.25,1385.22
36.75,1.25,1263.42
37.25,1.25,1146.5
37.75,1.25,1034.83
38.25,1.25,928.739
38.75,1.25,828.559
39.25,1.25,734.584
39.75,1.25,647.058
40.25,1.25,566.159
40.75,1.25,491.984
41.25,1.25,424.542
41.75,1.25,363.746
42.25,1.25,309.409
42.75,1.25,261.266
43.25,1.25,218.977
43.75,1.25,182.145
44.25,1.25,150.313
44.75,1.25,122.983
-44.75,1.75,80.3885
-44.25,1.75,90.6007
-43.75,1.75,102.201
-43.25,1.75,115.971
-42.75,1.75,132.669
-42.25,1.75,152.921
-41.75,1.75,177.396
-41.25,1.75,206.812
-40.75,1.75,241.911
-40.25,1.75,283.44
-39.75,1.75,332.107
-39.25,1.75,388.555
-38.75,1.75,453.32
-38.25,1.75,526.799
-37.75,1.75,609.22
-37.25,1.75,700.618
-36.75,1.75,800.828
-36.25,1.75,909.476
-35.75,1.75,1026
-35.25,1.75,1149.64
-34.75,1.75,1279.49
-34.25,1.75,1414.52
-33.75,1.75,1553.6
-33.25,1.75,1695.55
-32.75,1.75,1839.18
-32.25,1.75,1983.36
-31.75,1.75,2127.03
-31.25,1.75,2269.24
-30.75,1.75,2409.2
-30.25,1.75,2546.32
-29.75,1.75,2680.14
-29.25,1.75,2810.42
-28.75,1.75,2937.05
-28.25,1.75,3060.02
-27.75,1.75,3179.46
-27.25,1.75,3295.52
-26.75,1.75,3408.4
-26.25,1.75,3518.31
-25.75,1.75,3625.48
-25.25,1.75,3730.17
-24.75,1.75,3832.64
-24.25,1.75,3933.23
-23.75,1.75,4032.3
-23.25,1.75,4130.27
-22.75,1.75,4227.58
-22.25,1.75,4324.69
-21.75,1.75,4422.03
-21.25,1.75,4519.99
-20.75,1.75,4618.86
-20.25,1.75,4718.8
-19.75,1.75,4819.87
-19.25,1.75,4921.99
-18.75,1.75,5024.94
-18.25,1.75,5128.44
-17.75,1.75,5232.14
-17.25,1.75,5335.67
-16.75,1.75,5438.7
-16.25,1.75,5540.94
-15.75,1.75,5642.23
-15.25,1.75,5742.53
-14.75,1.75,5841.96
-14.25,1.75,5940.76
-13.75,1.75,6039.36
-13.25,1.75,6138.31
-12.75,1.75,6238.25
-12.25,1.75,6339.93
-11.75,1.75,6444.13
-11.25,1.75,6551.63
-10.75,1.75,6663.22
-10.25,1.75,6779.6
-9.75,1.75,6901.43
-9.25,1.75,7029.25
-8.75,1.75,7163.5
-8.25,1.75,7304.54
-7.75,1.75,7452.56
-7.25,1.75,7607.7
-6.75,1.75,7769.92
-6.25,1.75,7939.09
-5.75,1.75,8114.97
-5.25,1.75,8297.21
-4.75,1.75,8485.36
-4.25,1.75,8678.86
-3.75,1.75,8877.08
-3.25,1.75,9079.31
-2.75,1.75,9284.73
-2.25,1.75,9492.47
-1.75,1.75,9701.52
-1.25,1.75,9910.79
-0.75,1.75,10119.1
-0.25,1.75,10325.2
0.25,1.75,10527.6
0.75,1.75,10725
1.25,1.75,10915.8
1.75,1.75,11098.5
2.25,1.75,11271.7
2.75,1.75,11433.9
3.25,1.75,11583.7
3.75,1.75,11719.6
4.25,1.75,11840.4
4.75,1.75,11944.7
5.25,1.75,12031.4
5.75,1.75,12099.4
6.25,1.75,12147.5
6.75,1.75,12174.9
7.25,1.75,12180.9
7.75,1.75,12164.9
8.25,1.75,12126.7
8.75,1.75,12066.1
9.25,1.75,11983.7
9.75,1.75,11879.8
10.25,1.75,11755.4
10.75,1.75,11611.5
11.25,1.75,11449.6
11.75,1.75,11271
12.25,1.75,11077.3
12.75,1.75,10870.3
13.25,1.75,10651.5
13.75,1.75,10422.8
14.25,1.75,10185.5
14.75,1.75,9941.34
15.25,1.75,9691.54
15.75,1.75,9437.33
16.25,1.75,9179.77
16.75,1.75,8919.8
17.25,1.75,8658.21
17.75,1.75,8395.74
18.25,1.75,8133.07
18.75,1.75,7870.84
19.25,1.75,7609.74
19.75,1.75,7350.46
20.25,1.75,7093.7
20.75,1.75,6840.21
21.25,1.75,6590.71
21.75,1.75,6345.9
22.25,1.75,6106.41
22.75,1.75,5872.79
23.25,1.75,5645.46
23.75,1.75,5424.71
24.25,1.75,5210.71
24.75,1.75,5003.47
25.25,1.75,4802.89
25.75,1.75,4608.75
26.25,1.75,4420.73
26.75,1.75,4238.41
27.25,1.75,4061.34
27.75,1.75,3888.99
28.25,1.75,3720.82
28.75,1.75,3556.31
29.25,1.75,3394.94
29.75,1.75,3236.27
30.25,1.75,3079.92
30.75,1.75,2925.62
31.25,1.75,2773.21
31.75,1.75,2622.64
32.25,1.75,2473.95
32.75,1.75,2327.28
33.25,1.75,2182.82
33.75,1.75,2040.82
34.25,1.75,1901.57
34.75,1.75,1765.34
35.25,1.75,1632.45
35.75,1.75,1503.21
36.25,1.75,1377.95
36.75,1.75,1257
37.25,1.75,1140.73
37.75,1.75,1029.52
38.25,1.75,923.749
38.75,1.75,823.787
39.25,1.75,729.976
39.75,1.75,642.605
40.25,1.75,561.887
40.75,1.75,487.941
41.25,1.75,420.788
41.75,1.75,360.338
42.25,1.75,306.393
42.75,1.75,258.668
43.25,1.75,216.803
43.75,1.75,180.379
44.25,1.75,148.923
44.75,1.75,121.924
-44.75,2.25,78.7003
-44.25,2.25,88.8292
-43.75,2.25,100.33
-43.25,2.25,113.966
-42.75,2.25,130.486
-42.25,2.25,150.504
-41.75,2.25,174.682
-41.25,2.25,203.728
-40.75,2.25,238.383
-40.25,2.25,279.392
-39.75,2.25,327.472
-39.25,2.25,383.277
-38.75,2.25,447.362
-38.25,2.25,520.151
-37.75,2.25,601.897
-37.25,2.25,692.666
-36.75,2.25,792.318
-36.25,2.25,900.504
-35.75,2.25,1016.67
-35.25,2.25,1140.06
-34.75,2.25,1269.76
-34.25,2.25,1404.71
-33.75,2.25,1543.74
-33.25,2.25,1685.65
-32.75,2.25,1829.19
-32.25,2.25,1973.19
-31.75,2.25,2116.54
-31.25,2.25,2258.27
-30.75,2.25,2397.58
-30.25,2.25,2533.84
-29.75,2.25,2666.62
-29.25,2.25,2795.7
-28.75,2.25,2920.98
-28.25,2.25,3042.53
-27.75,2.25,3160.5
-27.25,2.25,3275.1
-26.75,2.25,3386.59
-26.25,2.25,3495.24
-25.75,2.25,3601.31
-25.25,2.25,3705.1
-24.75,2.25,3806.9
-24.25,2.25,3907.03
-23.75,2.25,4005.86
-23.25,2.25,4103.77
-22.75,2.25,4201.16
-22.25,2.25,4298.44
-21.75,2.25,4395.98
-21.25,2.25,4494.13
-20.75,2.25,4593.11
-20.25,2.25,4693.08
-19.75,2.25,4794.05
-19.25,2.25,4895.93
-18.75,2.25,4998.53
-18.25,2.25,5101.56
-17.75,2.25,5204.68
-17.25,2.25,5307.55
-16.75,2.25,5409.82
-16.25,2.25,5511.22
-15.75,2.25,5611.56
-15.25,2.25,5710.78
-14.75,2.25,5808.96
-14.25,2.25,5906.33
-13.75,2.25,6003.28
-13.25,2.25,6100.33
-12.75,2.25,6198.14
-12.25,2.25,6297.47
-11.75,2.25,6399.14
-11.25,2.25,6504
-10.75,2.25,6612.9
-10.25,2.25,6726.64
-9.75,2.25,6845.97
-9.25,2.25,6971.53
-8.75,2.25,7103.84
-8.25,2.25,7243.31
-7.75,2.25,7390.22
-7.25,2.25,7544.68
-6.75,2.25,7706.68
-6.25,2.25,7876.08
-5.75,2.25,8052.56
-5.25,2.25,8235.7
-4.75,2.25,8424.97
-4.25,2.25,8619.7
-3.75,2.25,8819.15
-3.25,2.25,9022.49
-2.75,2.25,9228.8
-2.25,2.25,9437.1
-1.75,2.25,9646.33
-1.25,2.25,9855.37
-0.75,2.25,10063
-0.25,2.25,10268
0.25,2.25,10469.1
0.75,2.25,10664.8
1.25,2.25,10853.8
1.75,2.25,11034.7
2.25,2.25,11206.1
2.75,2.25,11366.7
3.25,2.25,11515.1
3.75,2.25,11650
4.25,2.25,11770.1
4.75,2.25,11874.2
5.25,2.25,11961.2
5.75,2.25,12029.9
6.25,2.25,12079.3
6.75,2.25,12108.4
7.25,2.25,12116.6
7.75,2.25,12103.1
8.25,2.25,12067.6
8.75,2.25,12010
9.25,2.25,11930.4
9.75,2.25,11829.4
10.25,2.25,11707.5
10.75,2.25,11565.9
11.25,2.25,11405.7
11.75,2.25,11228.4
12.25,2.25,11035.5
12.75,2.25,10828.9
13.25,2.25,10610.4
13.75,2.25,10381.6
14.25,2.25,10144.5
14.75,2.25,9900.65
15.25,2.25,9651.53
15.75,2.25,9398.49
16.25,2.25,9142.64
16.75,2.25,8884.92
17.25,2.25,8626.09
17.75,2.25,8366.8
18.25,2.25,8107.59
18.75,2.25,7848.97
19.25,2.25,7591.44
19.75,2.25,7335.54
20.25,2.25,7081.83
20.75,2.25,6830.94
21.25,2.25,6583.48
21.75,2.25,6340.11
22.25,2.25,6101.43
22.75,2.25,5867.97
23.25,2.25,5640.23
23.75,2.25,5418.53
24.25,2.25,5203.14
24.75,2.25,4994.17
25.25,2.25,4791.63
25.75,2.25,4595.41
26.25,2.25,4405.27
26.75,2.25,4220.92
27.25,2.25,4041.96
27.75,2.25,3867.95
28.25,2.25,3698.39
28.75,2.25,3532.79
29.25,2.25,3370.66
29.75,2.25,3211.57
30.25,2.25,3055.15
30.75,2.25,2901.12
31.25,2.25,2749.31
31.75,2.25,2599.63
32.25,2.25,2452.09
32.75,2.25,2306.78
33.25,2.25,2163.83
33.75,2.25,2023.44
34.25,2.25,1885.8
34.75,2.25,1751.14
35.25,2.25,1619.71
35.75,2.25,1491.78
36.25,2.25,1367.65
36.75,2.25,1247.64
37.25,2.25,1132.14
37.75,2.25,1021.53
38.25,2.25,916.255
38.75,2.25,816.712
39.25,2.25,723.291
39.75,2.25,636.316
40.25,2.25,556.026
40.75,2.25,482.559
41.25,2.25,415.934
41.75,2.25,356.052
42.25,2.25,302.699
42.75,2.25,255.568
43.25,2.25,214.274
43.75,2.25,178.381
44.25,2.25,147.397
44.75,2.25,120.804
-44.75,2.75,76.9397
-44.25,2.75,86.9612
-43.75,2.75,98.3303
-43.25,2.75,111.794
-42.75,2.75,128.086
-42.25,2.75,147.811
-41.75,2.75,171.62
-41.25,2.75,200.215
-40.75,2.75,234.332
-40.25,2.75,274.719
-39.75,2.75,322.097
-39.25,2.75,377.133
-38.75,2.75,440.402
-38.25,2.75,512.35
-37.75,2.75,593.259
-37.25,2.75,683.22
-36.75,2.75,782.118
-36.25,2.75,889.62
-35.75,2.75,1005.18
-35.25,2.75,1128.05
-34.75,2.75,1257.29
-34.25,2.75,1391.83
-33.75,2.75,1530.47
-33.25,2.75,1671.96
-32.75,2.75,1815.03
-32.25,2.75,1958.47
-31.75,2.75,2101.14
-31.25,2.75,2242.04
-30.75,2.75,2380.38
-30.25,2.75,2515.51
-29.75,2.75,2647.03
-29.25,2.75,2774.73
-28.75,2.75,2898.56
-28.25,2.75,3018.62
-27.75,2.75,3135.11
-27.25,2.75,3248.29
-26.75,2.75,3358.46
-26.25,2.75,3465.93
-25.75,2.75,3571.02
-25.25,2.75,3674.01
-24.75,2.75,3775.23
-24.25,2.75,3874.98
-23.75,2.75,3973.59
-23.25,2.75,4071.4
-22.75,2.75,4168.77
-22.25,2.75,4266.05
-21.75,2.75,4363.56
-21.25,2.75,4461.58
-20.75,2.75,4560.31
-20.25,2.75,4659.86
-19.75,2.75,4760.25
-19.25,2.75,4861.39
-18.75,2.75,4963.11
-18.25,2.75,5065.14
-17.75,2.75,5167.2
-17.25,2.75,5268.94
-16.75,2.75,5370.06
-16.25,2.75,5470.28
-15.75,2.75,5569.43
-15.25,2.75,5667.42
-14.75,2.75,5764.3
-14.25,2.75,5860.27
-13.75,2.75,5955.68
-13.25,2.75,6051.04
-12.75,2.75,6147
-12.25,2.75,6244.3
-11.75,2.75,6343.81
-11.25,2.75,6446.4
-10.75,2.75,6552.99
-10.25,2.75,6664.46
-9.75,2.75,6781.62
-9.25,2.75,6905.19
-8.75,2.75,7035.79
-8.25,2.75,7173.87
-7.75,2.75,7319.76
-7.25,2.75,7473.61
-6.75,2.75,7635.43
-6.25,2.75,7805.03
-5.75,2.75,7982.09
-5.25,2.75,8166.12
-4.75,2.75,8356.5
-4.25,2.75,8552.49
-3.75,2.75,8753.21
-3.25,2.75,8957.73
-2.75,2.75,9165.02
-2.25,2.75,9374
-1.75,2.75,9583.53
-1.25,2.75,9792.42
-0.75,2.75,9999.47
-0.25,2.75,10203.4
0.25,2.75,10403
0.75,2.75,10596.9
1.25,2.75,10783.9
1.75,2.75,10962.7
2.25,2.75,11131.9
2.75,2.75,11290.5
3.25,2.75,11437.1
3.75,2.75,11570.5
4.25,2.75,11689.5
4.75,2.75,11793.1
5.25,2.75,11880
5.75,2.75,11949.1
6.25,2.75,11999.4
6.75,2.75,12030
7.25,2.75,12040
7.75,2.75,12028.7
8.25,2.75,11995.7
8.75,2.75,11940.7
9.25,2.75,11863.8
9.75,2.75,11765.3
10.25,2.75,11645.8
10.75,2.75,11506.2
11.25,2.75,11347.7
11.75,2.75,11171.6
12.25,2.75,10979.8
12.75,2.75,10773.9
13.25,2.75,10555.8
13.75,2.75,10327.6
14.25,2.75,10091.2
14.75,2.75,9848.25
15.25,2.75,9600.48
15.75,2.75,9349.26
16.25,2.75,9095.76
16.75,2.75,8840.91
17.25,2.75,8585.42
17.75,2.75,8329.84
18.25,2.75,8074.59
18.75,2.75,7820.04
19.25,2.75,7566.55
19.75,2.75,7314.49
20.25,2.75,7064.31
20.75,2.75,6816.5
21.25,2.75,6571.59
21.75,2.75,6330.15
22.25,2.75,6092.77
22.75,2.75,5859.96
23.25,2.75,5632.23
23.75,2.75,5409.98
24.25,2.75,5193.5
24.75,2.75,4983.03
25.25,2.75,4778.67
25.75,2.75,4580.39
26.25,2.75,4388.11
26.75,2.75,4201.61
27.25,2.75,4020.59
27.75,2.75,3844.71
28.25,2.75,3673.53
28.75,2.75,3506.62
29.25,2.75,3343.55
29.75,2.75,3183.89
30.25,2.75,3027.3
30.75,2.75,2873.49
31.25,2.75,2722.26
31.75,2.75,2573.5
32.25,2.75,2427.17
32.75,2.75,2283.28
33.25,2.75,2141.92
33.75,2.75,2003.18
34.25,2.75,1867.21
34.75,2.75,1734.17
35.25,2.75,1604.25
35.75,2.75,1477.68
36.25,2.75,1354.73
36.75,2.75,1235.75
37.25,2.75,1121.12
37.75,2.75,1011.27
38.25,2.75,906.648
38.75,2.75,807.72
39.25,2.75,714.902
39.75,2.75,628.547
40.25,2.75,548.913
40.75,2.75,476.141
41.25,2.75,410.246
41.75,2.75,351.114
42.25,2.75,298.51
42.75,2.75,252.104
43.25,2.75,211.49
43.75,2.75,176.212
44.25,2.75,145.767
44.75,2.75,119.629
-44.75,3.25,75.1361
-44.25,3.25,85.0144
-43.75,3.25,96.2093
-43.25,3.25,109.451
-42.75,3.25,125.457
-42.25,3.25,144.823
-41.75,3.25,168.19
-41.25,3.25,196.252
-40.75,3.25,229.744
-40.25,3.25,269.411
-39.75,3.25,315.982
-39.25,3.25,370.136
-38.75,3.25,432.464
-38.25,3.25,503.435
-37.75,3.25,583.355
-37.25,3.25,672.337
-36.75,3.25,770.287
-36.25,3.25,876.888
-35.75,3.25,991.6
-35.25,3.25,1113.67
-34.75,3.25,1242.15
-34.25,3.25,1375.95
-33.75,3.25,1513.85
-33.25,3.25,1654.56
-32.75,3.25,1796.79
-32.25,3.25,1939.3
-31.75,3.25,2080.94
-31.25,3.25,2220.7
-30.75,3.25,2357.76
-30.25,3.25,2491.52
-29.75,3.25,2621.58
-29.25,3.25,2747.74
-28.75,3.25,2870.01
-28.25,3.25,2988.51
-27.75,3.25,3103.49
-27.25,3.25,3215.27
-26.75,3.25,3324.19
-26.25,3.25,3430.57
-25.75,3.25,3534.76
-25.25,3.25,3637.06
-24.75,3.25,3737.78
-24.25,3.25,3837.2
-23.75,3.25,3935.59
-23.25,3.25,4033.26
-22.75,3.25,4130.5
-22.25,3.25,4227.58
-21.75,3.25,4324.77
-21.25,3.25,4422.31
-20.75,3.25,4520.36
-20.25,3.25,4619.02
-19.75,3.25,4718.32
-19.25,3.25,4818.19
-18.75,3.25,4918.49
-18.25,3.25,5019.03
-17.75,3.25,5119.53
-17.25,3.25,5219.73
-16.75,3.25,5319.34
-16.25,3.25,5418.12
-15.75,3.25,5515.9
-15.25,3.25,5612.57
-14.75,3.25,5708.17
-14.25,3.25,5802.87
-13.75,3.25,5896.97
-13.25,3.25,5990.95
-12.75,3.25,6085.42
-12.25,3.25,6181.13
-11.75,3.25,6278.93
-11.25,3.25,6379.72
-10.75,3.25,6484.45
-10.25,3.25,6594.06
-9.75,3.25,6709.42
-9.25,3.25,6831.32
-8.75,3.25,6960.43
-8.25,3.25,7097.29
-7.75,3.25,7242.26
-7.25,3.25,7395.55
-6.75,3.25,7557.16
-6.25,3.25,7726.92
-5.75,3.25,7904.47
-5.25,3.25,8089.29
-4.75,3.25,8280.68
-4.25,3.25,8477.82
-3.75,3.25,8679.73
-3.25,3.25,8885.37
-2.75,3.25,9093.6
-2.25,3.25,9303.24
-1.75,3.25,9513.05
-1.25,3.25,9721.8
-0.75,3.25,9928.25
-0.25,3.25,10131.1
0.25,3.25,10329.2
0.75,3.25,10521.2
1.25,3.25,10706.1
1.75,3.25,10882.5
2.25,3.25,11049.4
2.75,3.25,11205.7
3.25,3.25,11350.1
3.75,3.25,11481.8
4.25,3.25,11599.4
4.75,3.25,11702
5.25,3.25,11788.4
5.75,3.25,11857.6
6.25,3.25,11908.5
6.75,3.25,11940.1
7.25,3.25,11951.5
7.75,3.25,11942
8.25,3.25,11911.1
8.75,3.25,11858.3
9.25,3.25,11783.6
9.75,3.25,11687.3
10.25,3.25,11569.8
10.75,3.25,11432
11.25,3.25,11275.1
11.75,3.25,11100.4
12.25,3.25,10909.7
12.75,3.25,10704.8
13.25,3.25,10487.8
13.75,3.25,10260.7
14.25,3.25,10025.6
14.75,3.25,9784.34
15.25,3.25,9538.62
15.75,3.25,9289.9
16.25,3.25,9039.38
16.75,3.25,8787.96
17.25,3.25,8536.29
17.75,3.25,8284.83
18.25,3.25,8033.92
18.75,3.25,7783.78
19.25,3.25,7534.65
19.75,3.25,7286.78
20.25,3.25,7040.48
20.75,3.25,6796.14
21.25,3.25,6554.21
21.75,3.25,6315.19
22.25,3.25,6079.59
22.75,3.25,5847.94
23.25,3.25,5620.71
23.75,3.25,5398.33
24.25,3.25,5181.18
24.75,3.25,4969.52
25.25,3.25,4763.56
25.75,3.25,4563.39
26.25,3.25,4369.01
26.75,3.25,4180.34
27.25,3.25,3997.19
27.75,3.25,3819.31
28.25,3.25,3646.37
28.75,3.25,3478.01
29.25,3.25,3313.86
29.75,3.25,3153.54
30.25,3.25,2996.72
30.75,3.25,2843.11
31.25,3.25,2692.49
31.75,3.25,2544.7
32.25,3.25,2399.63
32.75,3.25,2257.24
33.25,3.25,2117.52
33.75,3.25,1980.51
34.25,3.25,1846.25
34.75,3.25,1714.86
35.25,3.25,1586.47
35.75,3.25,1461.3
36.25,3.25,1339.59
36.75,3.25,1221.71
37.25,3.25,1108.05
37.75,3.25,999.083
38.25,3.25,895.29
38.75,3.25,797.161
39.25,3.25,705.146
39.75,3.25,619.616
40.25,3.25,540.837
40.75,3.25,468.947
41.25,3.25,403.949
41.75,3.25,345.711
42.25,3.25,293.974
42.75,3.25,248.388
43.25,3.25,208.525
43.75,3.25,173.917
44.25,3.25,144.049
44.75,3.25,118.395
-44.75,3.75,73.3116
-44.25,3.75,83.0017
-43.75,3.75,93.9709
-43.25,3.75,106.932
-42.75,3.75,122.589
-42.25,3.75,141.527
-41.75,3.75,164.377
-41.25,3.75,191.828
-40.75,3.75,224.609
-40.25,3.75,263.466
-39.75,3.75,309.135
-39.25,3.75,362.304
-38.75,3.75,423.581
-38.25,3.75,493.451
-37.75,3.75,572.241
-37.25,3.75,660.085
-36.75,3.75,756.905
-36.25,3.75,862.396
-35.75,3.75,976.022
-35.25,3.75,1097.03
-34.75,3.75,1224.46
-34.25,3.75,1357.21
-33.75,3.75,1494.02
-33.25,3.75,1633.62
-32.75,3.75,1774.67
-32.25,3.75,1915.92
-31.75,3.75,2056.2
-31.25,3.75,2194.52
-30.75,3.75,2330.05
-30.25,3.75,2462.19
-29.75,3.75,2590.58
-29.25,3.75,2715.05
-28.75,3.75,2835.64
-28.25,3.75,2952.51
-27.75,3.75,3065.95
-27.25,3.75,3176.33
-26.75,3.75,3284.01
-26.25,3.75,3389.36
-25.75,3.75,3492.72
-25.25,3.75,3594.39
-24.75,3.75,3694.66
-24.25,3.75,3793.76
-23.75,3.75,3891.93
-23.25,3.75,3989.37
-22.75,3.75,4086.33
-22.25,3.75,4183
-21.75,3.75,4279.59
-21.25,3.75,4376.29
-20.75,3.75,4473.24
-20.25,3.75,4570.55
-19.75,3.75,4668.26
-19.25,3.75,4766.35
-18.75,3.75,4864.75
-18.25,3.75,4963.3
-17.75,3.75,5061.84
-17.25,3.75,5160.12
-16.75,3.75,5257.95
-16.25,3.75,5355.09
-15.75,3.75,5451.4
-15.25,3.75,5546.76
-14.75,3.75,5641.19
-14.25,3.75,5734.82
-13.75,3.75,5827.91
-13.25,3.75,5920.89
-12.75,3.75,6014.32
-12.25,3.75,6108.92
-11.75,3.75,6205.51
-11.25,3.75,6305.01
-10.75,3.75,6408.36
-10.25,3.75,6516.54
-9.75,3.75,6630.47
-9.25,3.75,6751
-8.75,3.75,6878.86
-8.25,3.75,7014.64
-7.75,3.75,7158.77
-7.25,3.75,7311.48
-6.75,3.75,7472.81
-6.25,3.75,7642.59
-5.75,3.75,7820.46
-5.25,3.75,8005.86
-4.75,3.75,8198.04
-4.25,3.75,8396.09
-3.75,3.75,8598.96
-3.25,3.75,8805.5
-2.75,3.75,9014.47
-2.25,3.75,9224.6
-1.75,3.75,9434.58
-1.25,3.75,9643.09
-0.75,3.75,9848.85
-0.25,3.75,10050.6
0.25,3.75,10247.2
0.75,3.75,10437.3
1.25,3.75,10620
1.75,3.75,10794.1
2.25,3.75,10958.6
2.75,3.75,11112.4
3.25,3.75,11254.6
3.75,3.75,11384.2
4.25,3.75,11500.2
4.75,3.75,11601.6
5.25,3.75,11687.2
5.75,3.75,11756
6.25,3.75,11807.1
6.75,3.75,11839.2
7.25,3.75,11851.6
7.75,3.75,11843.4
8.25,3.75,11813.9
8.75,3.75,11762.8
9.25,3.75,11689.8
9.75,3.75,11595.2
10.25,3.75,11479.4
10.75,3.75,11343.2
11.25,3.75,11187.8
11.75,3.75,11014.6
12.25,3.75,10825.3
12.75,3.75,10621.9
13.25,3.75,10406.5
13.75,3.75,10181.2
14.25,3.75,9948.11
14.75,3.75,9709.22
15.25,3.75,9466.27
15.75,3.75,9220.72
16.25,3.75,8973.75
16.75,3.75,8726.23
17.25,3.75,8478.77
17.75,3.75,8231.76
18.25,3.75,7985.41
18.75,3.75,7739.89
19.25,3.75,7495.31
19.75,3.75,7251.83
20.25,3.75,7009.67
20.75,3.75,6769.11
21.25,3.75,6530.53
21.75,3.75,6294.34
22.25,3.75,6061
22.75,3.75,5831
23.25,3.75,5604.78
23.75,3.75,5382.79
24.25,3.75,5165.4
24.75,3.75,4952.97
25.25,3.75,4745.74
25.75,3.75,4543.92
26.25,3.75,4347.62
26.75,3.75,4156.88
27.25,3.75,3971.63
27.75,3.75,3791.75
28.25,3.75,3617.01
28.75,3.75,3447.16
29.25,3.75,3281.89
29.75,3.75,3120.88
30.25,3.75,2963.83
30.75,3.75,2810.45
31.25,3.75,2660.48
31.75,3.75,2513.7
32.25,3.75,2369.96
32.75,3.75,2229.13
33.25,3.75,2091.1
33.75,3.75,1955.83
34.25,3.75,1823.31
34.75,3.75,1693.57
35.25,3.75,1566.74
35.75,3.75,1442.97
36.25,3.75,1322.56
36.75,3.75,1205.84
37.25,3.75,1093.25
37.75,3.75,985.287
38.25,3.75,882.47
38.75,3.75,785.314
39.25,3.75,694.285
39.75,3.75,609.764
40.25,3.75,532.015
40.75,3.75,461.165
41.25,3.75,397.199
41.75,3.75,339.964
42.25,3.75,289.181
42.75,3.75,244.477
43.25,3.75,205.412
43.75,3.75,171.504
44.25,3.75,142.235
44.75,3.75,117.078
-44.75,4.25,71.4813
-44.25,4.25,80.9357
-43.75,4.25,91.6259
-43.25,4.25,104.248
-42.75,4.25,119.492
-42.25,4.25,137.933
-41.75,4.25,160.195
-41.25,4.25,186.958
-40.75,4.25,218.95
-40.25,4.25,256.915
-39.75,4.25,301.595
-39.25,4.25,353.686
-38.75,4.25,413.808
-38.25,4.25,482.463
-37.75,4.25,559.993
-37.25,4.25,646.55
-36.75,4.25,742.068
-36.25,4.25,846.251
-35.75,4.25,958.567
-35.25,4.25,1078.26
-34.75,4.25,1204.37
-34.25,4.25,1335.76
-33.75,4.25,1471.2
-33.25,4.25,1609.36
-32.75,4.25,1748.92
-32.25,4.25,1888.6
-31.75,4.25,2027.24
-31.25,4.25,2163.83
-30.75,4.25,2297.58
-30.25,4.25,2427.89
-29.75,4.25,2554.42
-29.25,4.25,2677.04
-28.75,4.25,2795.81
-28.25,4.25,2910.96
-27.75,4.25,3022.81
-27.25,4.25,3131.75
-26.75,4.25,3238.18
-26.25,4.25,3342.5
-25.75,4.25,3445.05
-25.25,4.25,3546.12
-24.75,4.25,3645.95
-24.25,4.25,3744.73
-23.75,4.25,3842.6
-23.25,4.25,3939.73
-22.75,4.25,4036.25
-22.25,4.25,4132.29
-21.75,4.25,4228
-21.25,4.25,4323.52
-20.75,4.25,4418.99
-20.25,4.25,4514.53
-19.75,4.25,4610.21
-19.25,4.25,4706.09
-18.75,4.25,4802.15
-18.25,4.25,4898.34
-17.75,4.25,4994.56
-17.25,4.25,5090.67
-16.75,4.25,5186.51
-16.25,4.25,5281.9
-15.75,4.25,5376.71
-15.25,4.25,5470.84
-14.75,4.25,5564.28
-14.25,4.25,5657.1
-13.75,4.25,5749.52
-13.25,4.25,5841.91
-12.75,4.25,5934.78
-12.25,4.25,6028.77
-11.75,4.25,6124.68
-11.25,4.25,6223.39
-10.75,4.25,6325.85
-10.25,4.25,6433.03
-9.75,4.25,6545.89
-9.25,4.25,6665.33
-8.75,4.25,6792.12
-8.25,4.25,6926.92
-7.75,4.25,7070.21
-7.25,4.25,7222.26
-6.75,4.25,7383.16
-6.25,4.25,7552.75
-5.75,4.25,7730.67
-5.25,4.25,7916.31
-4.75,4.25,8108.91
-4.25,4.25,8307.49
-3.75,4.25,8510.93
-3.25,4.25,8717.98
-2.75,4.25,8927.34
-2.25,4.25,9137.64
-1.75,4.25,9347.5
-1.25,4.25,9555.58
-0.75,4.25,9760.54
-0.25,4.25,9961.14
0.25,4.25,10156.2
0.75,4.25,10344.5
1.25,4.25,10525.1
1.75,4.25,10696.9
2.25,4.25,10859.1
2.75,4.25,11010.6
3.25,4.25,11150.6
3.75,4.25,11278.2
4.25,4.25,11392.5
4.75,4.25,11492.3
5.25,4.25,11576.9
5.75,4.25,11645
6.25,4.25,11695.7
6.75,4.25,11727.9
7.25,4.25,11740.6
7.75,4.25,11733
8.25,4.25,11704.4
8.75,4.25,11654.3
9.25,4.25,11582.5
9.75,4.25,11489.2
10.25,4.25,11374.7
10.75,4.25,11239.9
11.25,4.25,11086
11.75,4.25,10914.3
12.25,4.25,10726.8
12.75,4.25,10525.4
13.25,4.25,10312.1
13.75,4.25,10089.3
14.25,4.25,9859.04
14.75,4.25,9623.28
15.25,4.25,9383.78
15.75,4.25,9142
16.25,4.25,8899.08
16.75,4.25,8655.85
17.25,4.25,8412.87
17.75,4.25,8170.47
18.25,4.25,7928.8
18.75,4.25,7687.97
19.25,4.25,7448.01
19.75,4.25,7209.02
20.25,4.25,6971.14
20.75,4.25,6734.58
21.25,4.25,6499.63
21.75,4.25,6266.65
22.25,4.25,6036.02
22.75,4.25,5808.15
23.25,4.25,5583.48
23.75,4.25,5362.4
24.25,4.25,5145.31
24.75,4.25,4932.57
25.25,4.25,4724.52
25.75,4.25,4521.42
26.25,4.25,4323.51
26.75,4.25,4130.93
27.25,4.25,3943.76
27.75,4.25,3761.99
28.25,4.25,3585.54
28.75,4.25,3414.26
29.25,4.25,3247.92
29.75,4.25,3086.28
30.25,4.25,2929.05
30.75,4.25,2775.95
31.25,4.25,2626.68
31.75,4.25,2480.98
32.25,4.25,2338.61
32.75,4.25,2199.36
33.25,4.25,2063.03
33.75,4.25,1929.51
34.25,4.25,1798.71
34.75,4.25,1670.62
35.25,4.25,1545.32
35.75,4.25,1422.98
36.25,4.25,1303.87
36.75,4.25,1188.37
37.25,4.25,1076.94
37.75,4.25,970.1
38.25,4.25,868.401
38.75,4.25,772.374
39.25,4.25,682.497
39.75,4.25,599.146
40.25,4.25,522.576
40.75,4.25,452.897
41.25,4.25,390.072
41.75,4.25,333.925
42.25,4.25,284.157
42.75,4.25,240.38
43.25,4.25,202.14
43.75,4.25,168.951
44.25,4.25,140.293
44.75,4.25,115.641
-44.75,4.75,69.6567
-44.25,4.75,78.8334
-43.75,4.75,89.1967
-43.25,4.75,101.427
-42.75,4.75,116.201
-42.25,4.75,134.084
-41.75,4.75,155.691
-41.25,4.75,181.698
-40.75,4.75,212.828
-40.25,4.75,249.825
-39.75,4.75,293.434
-39.25,4.75,344.359
-38.75,4.75,403.228
-38.25,4.75,470.557
-37.75,4.75,546.701
-37.25,4.75,631.824
-36.75,4.75,725.87
-36.25,4.75,828.551
-35.75,4.75,939.341
-35.25,4.75,1057.48
-34.75,4.75,1182
-34.25,4.75,1311.77
-33.75,4.75,1445.54
-33.25,4.75,1581.97
-32.75,4.75,1719.74
-32.25,4.75,1857.57
-31.75,4.75,1994.3
-31.25,4.75,2128.93
-30.75,4.75,2260.66
-30.25,4.75,2388.93
-29.75,4.75,2513.42
-29.25,4.75,2634.03
-28.75,4.75,2750.87
-28.25,4.75,2864.18
-27.75,4.75,2974.35
-27.25,4.75,3081.8
-26.75,4.75,3186.95
-26.25,4.75,3290.22
-25.75,4.75,3391.94
-25.25,4.75,3492.39
-24.75,4.75,3591.74
-24.25,4.75,3690.13
-23.75,4.75,3787.65
-23.25,4.75,3884.33
-22.75,4.75,3980.24
-22.25,4.75,4075.44
-21.75,4.75,4170.01
-21.25,4.75,4264.07
-20.75,4.75,4357.74
-20.25,4.75,4451.16
-19.75,4.75,4544.48
-19.25,4.75,4637.8
-18.75,4.75,4731.21
-18.25,4.75,4824.77
-17.75,4.75,4918.45
-17.25,4.75,5012.21
-16.75,4.75,5105.95
-16.25,4.75,5199.56
-15.75,4.75,5292.92
-15.25,4.75,5385.94
-14.75,4.75,5478.58
-14.25,4.75,5570.88
-13.75,4.75,5663
-13.25,4.75,5755.22
-12.75,4.75,5847.98
-12.25,4.75,5941.86
-11.75,4.75,6037.59
-11.25,4.75,6135.99
-10.75,4.75,6237.99
-10.25,4.75,6344.56
-9.75,4.75,6456.68
-9.25,4.75,6575.25
-8.75,4.75,6701.11
-8.25,4.75,6834.98
-7.75,4.75,6977.37
-7.25,4.75,7128.62
-6.75,4.75,7288.85
-6.25,4.75,7457.93
-5.75,4.75,7635.49
-5.25,4.75,7820.94
-4.75,4.75,8013.45
-4.25,4.75,8212.02
-3.75,4.75,8415.47
-3.25,4.75,8622.5
-2.75,4.75,8831.72
-2.25,4.75,9041.73
-1.75,4.75,9251.09
-1.25,4.75,9458.43
-0.75,4.75,9662.4
-0.25,4.75,9861.75
0.25,4.75,10055.3
0.75,4.75,10241.9
1.25,4.75,10420.6
1.75,4.75,10590.5
2.25,4.75,10750.6
2.75,4.75,10900.1
3.25,4.75,11038.1
3.75,4.75,11163.8
4.25,4.75,11276.2
4.75,4.75,11374.6
5.25,4.75,11457.9
5.75,4.75,11525
6.25,4.75,11574.9
6.75,4.75,11606.6
7.25,4.75,11619.1
7.75,4.75,11611.4
8.25,4.75,11583
8.75,4.75,11533.3
9.25,4.75,11462.2
9.75,4.75,11369.6
10.25,4.75,11256.1
10.75,4.75,11122.5
11.25,4.75,10970.1
11.75,4.75,10800.2
12.25,4.75,10614.8
12.75,4.75,10415.7
13.25,4.75,10205.3
13.75,4.75,9985.63
14.25,4.75,9758.83
14.75,4.75,9526.85
15.25,4.75,9291.4
15.75,4.75,9053.88
16.25,4.75,8815.39
16.75,4.75,8576.72
17.25,4.75,8338.37
17.75,4.75,8100.64
18.25,4.75,7863.65
18.75,4.75,7627.46
19.25,4.75,7392.1
19.75,4.75,7157.6
20.25,4.75,6924.06
20.75,4.75,6691.64
21.25,4.75,6460.57
21.75,4.75,6231.12
22.25,4.75,6003.61
22.75,4.75,5778.37
23.25,4.75,5555.77
23.75,4.75,5336.17
24.25,4.75,5119.95
24.75,4.75,4907.48
25.25,4.75,4699.12
25.75,4.75,4495.24
26.25,4.75,4296.14
26.75,4.75,4102.11
27.25,4.75,3913.33
27.75,4.75,3729.95
28.25,4.75,3552.02
28.75,4.75,3379.49
29.25,4.75,3212.24
29.75,4.75,3050.09
30.25,4.75,2892.78
30.75,4.75,2740.03
31.25,4.75,2591.53
31.75,4.75,2446.94
32.25,4.75,2305.96
32.75,4.75,2168.27
33.25,4.75,2033.63
33.75,4.75,1901.82
34.25,4.75,1772.7
34.75,4.75,1646.22
35.25,4.75,1522.43
35.75,4.75,1401.5
36.25,4.75,1283.71
36.75,4.75,1169.48
37.25,4.75,1059.29
37.75,4.75,953.678
38.25,4.75,853.225
38.75,4.75,758.469
39.25,4.75,669.886
39.75,4.75,587.844
40.25,4.75,512.577
40.75,4.75,444.174
41.25,4.75,382.574
41.75,4.75,327.58
42.25,4.75,278.874
42.75,4.75,236.054
43.25,4.75,198.66
43.75,4.75,166.203
44.25,4.75,138.166
44.75,4.75,114.028
-44.75,5.25,67.849
-44.25,5.25,76.7168
-43.75,5.25,86.717
-43.25,5.25,98.5149
-42.75,5.25,112.773
-42.25,5.25,130.046
-41.75,5.25,150.944
-41.25,5.25,176.134
-40.75,5.25,206.335
-40.25,5.25,242.293
-39.75,5.25,284.752
-39.25,5.25,334.42
-38.75,5.25,391.936
-38.25,5.25,457.822
-37.75,5.25,532.445
-37.25,5.25,615.979
-36.75,5.25,708.377
-36.25,5.25,809.358
-35.75,5.25,918.398
-35.25,5.25,1034.74
-34.75,5.25,1157.42
-34.25,5.25,1285.29
-33.75,5.25,1417.11
-33.25,5.25,1551.54
-32.75,5.25,1687.24
-32.25,5.25,1822.96
-31.75,5.25,1957.52
-31.25,5.25,2089.94
-30.75,5.25,2219.45
-30.25,5.25,2345.49
-29.75,5.25,2467.78
-29.25,5.25,2586.25
-28.75,5.25,2701.03
-28.25,5.25,2812.42
-27.75,5.25,2920.84
-27.25,5.25,3026.73
-26.75,5.25,3130.56
-26.25,5.25,3232.73
-25.75,5.25,3333.58
-25.25,5.25,3433.34
-24.75,5.25,3532.15
-24.25,5.25,3630.07
-23.75,5.25,3727.1
-23.25,5.25,3823.2
-22.75,5.25,3918.34
-22.25,5.25,4012.5
-21.75,5.25,4105.72
-21.25,5.25,4198.08
-20.75,5.25,4289.71
-20.25,5.25,4380.79
-19.75,5.25,4471.51
-19.25,5.25,4562.07
-18.75,5.25,4652.66
-18.25,5.25,4743.42
-17.75,5.25,4834.45
-17.25,5.25,4925.79
-16.75,5.25,5017.43
-16.25,5.25,5109.3
-15.75,5.25,5201.31
-15.25,5.25,5293.38
-14.75,5.25,5385.44
-14.25,5.25,5477.5
-13.75,5.25,5569.64
-13.25,5.25,5662.07
-12.75,5.25,5755.13
-12.25,5.25,5849.33
-11.75,5.25,5945.3
-11.25,5.25,6043.81
-10.75,5.25,6145.74
-10.25,5.25,6252.02
-9.75,5.25,6363.64
-9.25,5.25,6481.53
-8.75,5.25,6606.55
-8.25,5.25,6739.46
-7.75,5.25,6880.84
-7.25,5.25,7031.07
-6.75,5.25,7190.31
-6.25,5.25,7358.46
-5.75,5.25,7535.18
-5.25,5.25,7719.85
-4.75,5.25,7911.65
-4.25,5.25,8109.54
-3.75,5.25,8312.3
-3.25,5.25,8518.6
-2.75,5.25,8727.03
-2.25,5.25,8936.15
-1.75,5.25,9144.52
-1.25,5.25,9350.74
-0.75,5.25,9553.47
-0.25,5.25,9751.47
0.25,5.25,9943.56
0.75,5.25,10128.7
1.25,5.25,10305.8
1.75,5.25,10474
2.25,5.25,10632.4
2.75,5.25,10780.2
3.25,5.25,10916.6
3.75,5.25,11040.7
4.25,5.25,11151.6
4.75,5.25,11248.5
5.25,5.25,11330.3
5.75,5.25,11396.2
6.25,5.25,11445
6.75,5.25,11475.7
7.25,5.25,11487.4
7.75,5.25,11479.2
8.25,5.25,11450.4
8.75,5.25,11400.5
9.25,5.25,11329.4
9.75,5.25,11237.2
10.25,5.25,11124.4
10.75,5.25,10991.9
11.25,5.25,10840.9
11.75,5.25,10673
12.25,5.25,10489.9
12.75,5.25,10293.8
13.25,5.25,10086.6
13.75,5.25,9870.67
14.25,5.25,9647.91
14.75,5.25,9420.23
15.25,5.25,9189.27
15.75,5.25,8956.37
16.25,5.25,8722.54
16.75,5.25,8488.54
17.25,5.25,8254.85
17.75,5.25,8021.72
18.25,5.25,7789.3
18.75,5.25,7557.63
19.25,5.25,7326.74
19.75,5.25,7096.67
20.25,5.25,6867.49
20.75,5.25,6639.32
21.25,5.25,6412.33
21.75,5.25,6186.71
22.25,5.25,5962.71
22.75,5.25,5740.58
23.25,5.25,5520.6
23.75,5.25,5303.08
24.25,5.25,5088.35
24.75,5.25,4876.78
25.25,5.25,4668.76
25.75,5.25,4464.69
26.25,5.25,4264.98
26.75,5.25,4070
27.25,5.25,3880.09
27.75,5.25,3695.51
28.25,5.25,3516.44
28.75,5.25,3342.96
29.25,5.25,3175.05
29.75,5.25,3012.57
30.25,5.25,2855.33
30.75,5.25,2703.04
31.25,5.25,2555.35
31.75,5.25,2411.89
32.25,5.25,2272.27
32.75,5.25,2136.13
33.25,5.25,2003.11
33.75,5.25,1872.94
34.25,5.25,1745.43
34.75,5.25,1620.49
35.25,5.25,1498.17
35.75,5.25,1378.64
36.25,5.25,1262.2
36.75,5.25,1149.29
37.25,5.25,1040.4
37.75,5.25,936.129
38.25,5.25,837.037
38.75,5.25,743.675
39.25,5.25,656.507
39.75,5.25,575.885
40.25,5.25,502.021
40.75,5.25,434.975
41.25,5.25,374.665
41.75,5.25,320.871
42.25,5.25,273.262
42.75,5.25,231.425
43.25,5.25,194.896
43.75,5.25,163.186
44.25,5.25,135.784
44.75,5.25,112.177
-44.75,5.75,66.068
-44.25,5.75,74.6089
-43.75,5.75,84.2236
-43.25,5.75,95.5616
-42.75,5.75,109.27
-42.25,5.75,125.896
-41.75,5.75,146.039
-41.25,5.75,170.36
-40.75,5.75,199.573
-40.25,5.75,234.42
-39.75,5.75,275.645
-39.25,5.75,323.962
-38.75,5.75,380.011
-38.25,5.75,444.324
-37.75,5.75,517.275
-37.25,5.75,599.046
-36.75,5.75,689.6
-36.25,5.75,788.661
-35.75,5.75,895.712
-35.25,5.75,1010
-34.75,5.75,1130.56
-34.25,5.75,1256.26
-33.75,5.75,1385.84
-33.25,5.75,1517.98
-32.75,5.75,1651.36
-32.25,5.75,1784.7
-31.75,5.75,1916.86
-31.25,5.75,2046.87
-30.75,5.75,2173.96
-30.25,5.75,2297.62
-29.75,5.75,2417.58
-29.25,5.75,2533.8
-28.75,5.75,2646.45
-28.25,5.75,2755.86
-27.75,5.75,2862.47
-27.25,5.75,2966.77
-26.75,5.75,3069.23
-26.25,5.75,3170.25
-25.75,5.75,3270.17
-25.25,5.75,3369.16
-24.75,5.75,3467.34
-24.25,5.75,3564.67
-23.75,5.75,3661.08
-23.25,5.75,3756.44
-22.75,5.75,3850.64
-22.25,5.75,3943.6
-21.75,5.75,4035.3
-21.25,5.75,4125.8
-20.75,5.75,4215.25
-20.25,5.75,4303.86
-19.75,5.75,4391.88
-19.25,5.75,4479.62
-18.75,5.75,4567.34
-18.25,5.75,4655.3
-17.75,5.75,4743.7
-17.25,5.75,4832.67
-16.75,5.75,4922.27
-16.25,5.75,5012.5
-15.75,5.75,5103.3
-15.25,5.75,5194.58
-14.75,5.75,5286.27
-14.25,5.75,5378.31
-13.75,5.75,5470.73
-13.25,5.75,5563.67
-12.75,5.75,5657.35
-12.25,5.75,5752.2
-11.75,5.75,5848.75
-11.25,5.75,5947.69
-10.75,5.75,6049.84
-10.25,5.75,6156.09
-9.75,5.75,6267.4
-9.25,5.75,6384.71
-8.75,5.75,6508.91
-8.25,5.75,6640.79
-7.75,5.75,6780.98
-7.25,5.75,6929.92
-6.75,5.75,7087.79
-6.25,5.75,7254.52
-5.75,5.75,7429.8
-5.25,5.75,7613.03
-4.75,5.75,7803.37
-4.25,5.75,7999.78
-3.75,5.75,8201.05
-3.25,5.75,8405.82
-2.75,5.75,8612.7
-2.25,5.75,8820.25
-1.75,5.75,9027.03
-1.25,5.75,9231.69
-0.75,5.75,9432.9
-0.25,5.75,9629.42
0.25,5.75,9820.12
0.75,5.75,10003.9
1.25,5.75,10179.7
1.75,5.75,10346.7
2.25,5.75,10504
2.75,5.75,10650.6
3.25,5.75,10785.8
3.75,5.75,10908.6
4.25,5.75,11018.3
4.75,5.75,11113.8
5.25,5.75,11194.3
5.75,5.75,11258.8
6.25,5.75,11306.3
6.75,5.75,11335.7
7.25,5.75,11346.1
7.75,5.75,11336.8
8.25,5.75,11307
8.75,5.75,11256.5
9.25,5.75,11185
9.75,5.75,11092.8
10.25,5.75,10980.5
10.75,5.75,10849
11.25,5.75,10699.5
11.75,5.75,10533.6
12.25,5.75,10353.3
12.75,5.75,10160.3
13.25,5.75,9956.89
13.75,5.75,9745.02
14.25,5.75,9526.68
14.75,5.75,9303.64
15.25,5.75,9077.42
15.75,5.75,8849.28
16.25,5.75,8620.18
16.75,5.75,8390.82
17.25,5.75,8161.65
17.75,5.75,7932.97
18.25,5.75,7704.92
18.75,5.75,7477.59
19.25,5.75,7251.03
19.75,5.75,7025.29
20.25,5.75,6800.45
20.75,5.75,6576.61
21.25,5.75,6353.88
21.75,5.75,6132.39
22.25,5.75,5912.29
22.75,5.75,5693.75
23.25,5.75,5476.96
23.75,5.75,5262.15
24.25,5.75,5049.59
24.75,5.75,4839.62
25.25,5.75,4632.64
25.75,5.75,4429.09
26.25,5.75,4229.44
26.75,5.75,4034.16
27.25,5.75,3843.71
27.75,5.75,3658.46
28.25,5.75,3478.73
28.75,5.75,3304.7
29.25,5.75,3136.44
29.75,5.75,2973.89
30.25,5.75,2816.89
30.75,5.75,2665.16
31.25,5.75,2518.34
31.75,5.75,2376
32.25,5.75,2237.71
32.75,5.75,2103.03
33.25,5.75,1971.54
33.75,5.75,1842.92
34.25,5.75,1716.94
34.75,5.75,1593.49
35.25,5.75,1472.6
35.75,5.75,1354.46
36.25,5.75,1239.4
36.75,5.75,1127.85
37.25,5.75,1020.37
37.75,5.75,917.52
38.25,5.75,819.897
38.75,5.75,728.035
39.25,5.75,642.384
39.75,5.75,563.271
40.25,5.75,490.882
40.75,5.75,425.254
41.25,5.75,366.279
41.75,5.75,313.72
42.25,5.75,267.233
42.75,5.75,226.4
43.25,5.75,190.755
43.75,5.75,159.814
44.25,5.75,133.069
44.75,5.75,110.016
-44.75,6.25,64.318
-44.25,6.25,72.5253
-43.75,6.25,81.7434
-43.25,6.25,92.6058
-42.75,6.25,105.744
-42.25,6.25,121.694
-41.75,6.25,141.045
-41.25,6.25,164.451
-40.75,6.25,192.617
-40.25,6.25,226.281
-39.75,6.25,266.185
-39.25,6.25,313.042
-38.75,6.25,367.497
-38.25,6.25,430.086
-37.75,6.25,501.19
-37.25,6.25,580.998
-36.75,6.25,669.484
-36.25,6.25,766.379
-35.75,6.25,871.176
-35.25,6.25,983.128
-34.75,6.25,1101.28
-34.25,6.25,1224.51
-33.75,6.25,1351.56
-33.25,6.25,1481.13
-32.75,6.25,1611.89
-32.25,6.25,1742.61
-31.75,6.25,1872.15
-31.25,6.25,1999.55
-30.75,6.25,2124.08
-30.25,6.25,2245.24
-29.75,6.25,2362.78
-29.25,6.25,2476.7
-28.75,6.25,2587.19
-28.25,6.25,2694.62
-27.75,6.25,2799.43
-27.25,6.25,2902.13
-26.75,6.25,3003.2
-26.25,6.25,3103.05
-25.75,6.25,3201.97
-25.25,6.25,3300.12
-24.75,6.25,3397.54
-24.25,6.25,3494.15
-23.75,6.25,3589.78
-23.25,6.25,3684.25
-22.75,6.25,3777.35
-22.25,6.25,3868.96
-21.75,6.25,3959.02
-21.25,6.25,4047.58
-20.75,6.25,4134.79
-20.25,6.25,4220.92
-19.75,6.25,4306.28
-19.25,6.25,4391.25
-18.75,6.25,4476.2
-18.25,6.25,4561.49
-17.75,6.25,4647.39
-17.25,6.25,4734.14
-16.75,6.25,4821.86
-16.25,6.25,4910.59
-15.75,6.25,5000.32
-15.25,6.25,5090.97
-14.75,6.25,5182.44
-14.25,6.25,5274.63
-13.75,6.25,5367.52
-13.25,6.25,5461.14
-12.75,6.25,5555.65
-12.25,6.25,5651.35
-11.75,6.25,5748.7
-11.25,6.25,5848.28
-10.75,6.25,5950.83
-10.25,6.25,6057.2
-9.75,6.25,6168.3
-9.25,6.25,6285.07
-8.75,6.25,6408.41
-8.25,6.25,6539.15
-7.75,6.25,6677.93
-7.25,6.25,6825.23
-6.75,6.25,6981.29
-6.25,6.25,7146.08
-5.75,6.25,7319.28
-5.25,6.25,7500.33
-4.75,6.25,7688.41
-4.25,6.25,7882.49
-3.75,6.25,8081.38
-3.25,6.25,8283.76
-2.75,6.25,8488.27
-2.25,6.25,8693.5
-1.75,6.25,8898.09
-1.25,6.25,9100.71
-0.75,6.25,9300.07
-0.25,6.25,9494.99
0.25,6.25,9684.3
0.75,6.25,9866.93
1.25,6.25,10041.8
1.75,6.25,10208
2.25,6.25,10364.6
2.75,6.25,10510.6
3.25,6.25,10645
3.75,6.25,10767.1
4.25,6.25,10875.9
4.75,6.25,10970.4
5.25,6.25,11049.7
5.75,6.25,11112.8
6.25,6.25,11158.8
6.75,6.25,11186.7
7.25,6.25,11195.6
7.75,6.25,11184.9
8.25,6.25,11153.8
8.75,6.25,11102.3
9.25,6.25,11030.1
9.75,6.25,10937.7
10.25,6.25,10825.7
10.75,6.25,10695
11.25,6.25,10547.1
11.75,6.25,10383.4
12.25,6.25,10205.9
12.75,6.25,10016.4
13.25,6.25,9816.84
13.75,6.25,9609.29
14.25,6.25,9395.52
14.75,6.25,9177.21
15.25,6.25,8955.76
15.75,6.25,8732.33
16.25,6.25,8507.83
16.75,6.25,8282.91
17.25,6.25,8058.05
17.75,6.25,7833.56
18.25,6.25,7609.63
18.75,6.25,7386.41
19.25,6.25,7164.01
19.75,6.25,6942.51
20.25,6.25,6722.01
20.75,6.25,6502.58
21.25,6.25,6284.3
21.75,6.25,6067.23
22.25,6.25,5851.44
22.75,6.25,5636.98
23.25,6.25,5423.95
23.75,6.25,5212.49
24.25,6.25,5002.81
24.75,6.25,4795.2
25.25,6.25,4590.04
25.75,6.25,4387.78
26.25,6.25,4188.97
26.75,6.25,3994.13
27.25,6.25,3803.83
27.75,6.25,3618.55
28.25,6.25,3438.71
28.75,6.25,3264.6
29.25,6.25,3096.38
29.75,6.25,2934.06
30.25,6.25,2777.5
30.75,6.25,2626.46
31.25,6.25,2480.54
31.75,6.25,2339.31
32.25,6.25,2202.28
32.75,6.25,2068.97
33.25,6.25,1938.91
33.75,6.25,1811.74
34.25,6.25,1687.2
34.75,6.25,1565.18
35.25,6.25,1445.7
35.75,6.25,1328.97
36.25,6.25,1215.32
36.75,6.25,1105.22
37.25,6.25,999.22
37.75,6.25,897.902
38.25,6.25,801.847
38.75,6.25,711.578
39.25,6.25,627.525
39.75,6.25,549.989
40.25,6.25,479.13
40.75,6.25,414.959
41.25,6.25,357.348
41.75,6.25,306.048
42.25,6.25,260.702
42.75,6.25,220.893
43.25,6.25,186.153
43.75,6.25,156.005
44.25,6.25,129.946
44.75,6.25,107.48
-44.75,6.75,62.5921
-44.25,6.75,70.4646
-43.75,6.75,79.282
-43.25,6.75,89.6604
-42.75,6.75,102.214
-42.25,6.75,117.466
-41.75,6.75,135.994
-41.25,6.75,158.441
-40.75,6.75,185.502
-40.25,6.75,217.908
-39.75,6.75,256.395
-39.25,6.75,301.674
-38.75,6.75,354.39
-38.25,6.75,415.082
-37.75,6.75,484.139
-37.25,6.75,561.759
-36.75,6.75,647.924
-36.25,6.75,742.379
-35.75,6.75,844.627
-35.25,6.75,953.935
-34.75,6.75,1069.36
-34.25,6.75,1189.8
-33.75,6.75,1314.01
-33.25,6.75,1440.71
-32.75,6.75,1568.6
-32.25,6.75,1696.45
-31.75,6.75,1823.16
-31.25,6.75,1947.79
-30.75,6.75,2069.64
-30.25,6.75,2188.23
-29.75,6.75,2303.33
-29.25,6.75,2414.96
-28.75,6.75,2523.33
-28.25,6.75,2628.82
-27.75,6.75,2731.89
-27.25,6.75,2833.04
-26.75,6.75,2932.75
-26.25,6.75,3031.42
-25.75,6.75,3129.3
-25.25,6.75,3226.52
-24.75,6.75,3323.06
-24.25,6.75,3418.8
-23.75,6.75,3513.49
-23.25,6.75,3606.89
-22.75,6.75,3698.75
-22.25,6.75,3788.9
-21.75,6.75,3877.24
-21.25,6.75,3963.84
-20.75,6.75,4048.86
-20.25,6.75,4132.59
-19.75,6.75,4215.44
-19.25,6.75,4297.83
-18.75,6.75,4380.23
-18.25,6.75,4463.06
-17.75,6.75,4546.71
-17.25,6.75,4631.45
-16.75,6.75,4717.49
-16.25,6.75,4804.92
-15.75,6.75,4893.73
-15.25,6.75,4983.87
-14.75,6.75,5075.21
-14.25,6.75,5167.64
-13.75,6.75,5261.05
-13.25,6.75,5355.42
-12.75,6.75,5450.83
-12.25,6.75,5547.46
-11.75,6.75,5645.67
-11.25,6.75,5745.95
-10.75,6.75,5848.97
-10.25,6.75,5955.5
-9.75,6.75,6066.4
-9.25,6.75,6182.61
-8.75,6.75,6305
-8.25,6.75,6434.42
-7.75,6.75,6571.54
-7.25,6.75,6716.87
-6.75,6.75,6870.66
-6.25,6.75,7032.94
-5.75,6.75,7203.41
-5.25,6.75,7381.53
-4.75,6.75,7566.53
-4.25,6.75,7757.42
-3.75,6.75,7953.05
-3.25,6.75,8152.17
-2.75,6.75,8353.49
-2.25,6.75,8555.68
-1.75,6.75,8757.46
-1.25,6.75,8957.55
-0.75,6.75,9154.75
-0.25,6.75,9347.88
0.25,6.75,9535.81
0.75,6.75,9717.42
1.25,6.75,9891.65
1.75,6.75,10057.4
2.25,6.75,10213.7
2.75,6.75,10359.5
3.25,6.75,10493.8
3.75,6.75,10615.5
4.25,6.75,10723.8
4.75,6.75,10817.6
5.25,6.75,10896
5.75,6.75,10957.9
6.25,6.75,11002.5
6.75,6.75,11028.9
7.25,6.75,11036.2
7.75,6.75,11023.9
8.25,6.75,10991.5
8.75,6.75,10938.7
9.25,6.75,10865.7
9.75,6.75,10773
10.25,6.75,10661.2
10.75,6.75,10531.5
11.25,6.75,10385.1
11.75,6.75,10223.7
12.25,6.75,10049
12.75,6.75,9862.92
13.25,6.75,9667.33
13.75,6.75,9464.07
14.25,6.75,9254.82
14.75,6.75,9041.1
15.25,6.75,8824.21
15.75,6.75,8605.24
16.25,6.75,8385.04
16.75,6.75,8164.24
17.25,6.75,7943.35
17.75,6.75,7722.72
18.25,6.75,7502.63
18.75,6.75,7283.29
19.25,6.75,7064.88
19.75,6.75,6847.54
20.25,6.75,6631.39
20.75,6.75,6416.48
21.25,6.75,6202.86
21.75,6.75,5990.52
22.25,6.75,5779.42
22.75,6.75,5569.54
23.25,6.75,5360.85
23.75,6.75,5153.39
24.25,6.75,4947.31
24.75,6.75,4742.82
25.25,6.75,4540.29
25.75,6.75,4340.17
26.25,6.75,4143.02
26.75,6.75,3949.44
27.25,6.75,3760.05
27.75,6.75,3575.44
28.25,6.75,3396.12
28.75,6.75,3222.46
29.25,6.75,3054.71
29.75,6.75,2892.94
30.25,6.75,2737.05
30.75,6.75,2586.81
31.25,6.75,2441.85
31.75,6.75,2301.71
32.25,6.75,2165.88
32.75,6.75,2033.83
33.25,6.75,1905.1
33.75,6.75,1779.29
34.25,6.75,1656.12
34.75,6.75,1535.49
35.25,6.75,1417.43
35.75,6.75,1302.14
36.25,6.75,1189.97
36.75,6.75,1081.41
37.25,6.75,976.987
37.75,6.75,877.302
38.25,6.75,782.914
38.75,6.75,694.325
39.25,6.75,611.94
39.75,6.75,536.034
40.25,6.75,466.742
40.75,6.75,404.053
41.25,6.75,347.824
41.75,6.75,297.794
42.25,6.75,253.605
42.75,6.75,214.835
43.25,6.75,181.024
43.75,6.75,151.697
44.25,6.75,126.359
44.75,6.75,104.521
-44.75,7.25,60.8691
-44.25,7.25,68.4057
-43.75,7.25,76.8192
-43.25,7.25,86.707
-42.75,7.25,98.6639
-42.25,7.25,113.199
-41.75,7.25,130.875
-41.25,7.25,152.32
-40.75,7.25,178.217
-40.25,7.25,209.286
-39.75,7.25,246.253
-39.25,7.25,289.825
-38.75,7.25,340.646
-38.25,7.25,399.256
-37.75,7.25,466.05
-37.25,7.25,541.236
-36.75,7.25,624.808
-36.25,7.25,716.526
-35.75,7.25,815.911
-35.25,7.25,922.251
-34.75,7.25,1034.62
-34.25,7.25,1151.94
-33.75,7.25,1273
-33.25,7.25,1396.53
-32.75,7.25,1521.27
-32.25,7.25,1646.03
-31.75,7.25,1769.72
-31.25,7.25,1891.45
-30.75,7.25,2010.54
-30.25,7.25,2126.53
-29.75,7.25,2239.21
-29.25,7.25,2348.62
-28.75,7.25,2454.97
-28.25,7.25,2558.63
-27.75,7.25,2660.07
-27.25,7.25,2759.77
-26.75,7.25,2858.18
-26.25,7.25,2955.68
-25.75,7.25,3052.5
-25.25,7.25,3148.71
-24.75,7.25,3244.27
-24.25,7.25,3338.98
-23.75,7.25,3432.57
-23.25,7.25,3524.75
-22.75,7.25,3615.23
-22.25,7.25,3703.82
-21.75,7.25,3790.41
-21.25,7.25,3875.08
-20.75,7.25,3958
-20.25,7.25,4039.53
-19.75,7.25,4120.09
-19.25,7.25,4200.18
-18.75,7.25,4280.32
-18.25,7.25,4361.02
-17.75,7.25,4442.71
-17.25,7.25,4525.73
-16.75,7.25,4610.33
-16.25,7.25,4696.64
-15.75,7.25,4784.68
-15.25,7.25,4874.39
-14.75,7.25,4965.64
-14.25,7.25,5058.29
-13.75,7.25,5152.19
-13.25,7.25,5247.25
-12.75,7.25,5343.46
-12.25,7.25,5440.93
-11.75,7.25,5539.92
-11.25,7.25,5640.84
-10.75,7.25,5744.25
-10.25,7.25,5850.87
-9.75,7.25,5961.5
-9.25,7.25,6077.03
-8.75,7.25,6198.33
-8.25,7.25,6326.23
-7.75,7.25,6461.42
-7.25,7.25,6604.42
-6.75,7.25,6755.51
-6.25,7.25,6914.74
-5.75,7.25,7081.85
-5.25,7.25,7256.35
-4.75,7.25,7437.51
-4.25,7.25,7624.4
-3.75,7.25,7815.96
-3.25,7.25,8011.03
-2.75,7.25,8208.41
-2.25,7.25,8406.89
-1.75,7.25,8605.28
-1.25,7.25,8802.4
-0.75,7.25,8997.1
-0.25,7.25,9188.25
0.25,7.25,9374.73
0.75,7.25,9555.39
1.25,7.25,9729.1
1.75,7.25,9894.71
2.25,7.25,10051.1
2.75,7.25,10197
3.25,7.25,10331.5
3.75,7.25,10453.4
4.25,7.25,10561.6
4.75,7.25,10655
5.25,7.25,10732.8
5.75,7.25,10793.8
6.25,7.25,10837.2
6.75,7.25,10862.2
7.25,7.25,10868.1
7.75,7.25,10854.2
8.25,7.25,10820.4
8.75,7.25,10766.5
9.25,7.25,10692.8
9.75,7.25,10599.8
10.25,7.25,10488.3
10.75,7.25,10359.4
11.25,7.25,10214.7
11.75,7.25,10055.5
12.25,7.25,9883.66
12.75,7.25,9700.98
13.25,7.25,9509.18
13.75,7.25,9309.99
14.25,7.25,9104.96
14.75,7.25,8895.5
15.25,7.25,8682.79
15.75,7.25,8467.85
16.25,7.25,8251.5
16.75,7.25,8034.39
17.25,7.25,7817.06
17.75,7.25,7599.94
18.25,7.25,7383.39
18.75,7.25,7167.71
19.25,7.25,6953.16
19.75,7.25,6739.92
20.25,7.25,6528.14
20.75,7.25,6317.87
21.25,7.25,6109.11
21.75,7.25,5901.79
22.25,7.25,5695.77
22.75,7.25,5490.93
23.25,7.25,5287.13
23.75,7.25,5084.32
24.25,7.25,4882.53
24.75,7.25,4681.94
25.25,7.25,4482.86
25.75,7.25,4285.71
26.25,7.25,4091.08
26.75,7.25,3899.58
27.25,7.25,3711.92
27.75,7.25,3528.72
28.25,7.25,3350.58
28.75,7.25,3177.94
29.25,7.25,3011.13
29.75,7.25,2850.26
30.25,7.25,2695.29
30.75,7.25,2546
31.25,7.25,2402.06
31.75,7.25,2262.99
32.25,7.25,2128.3
32.75,7.25,1997.44
33.25,7.25,1869.95
33.75,7.25,1745.42
34.25,7.25,1623.59
34.75,7.25,1504.34
35.25,7.25,1387.71
35.75,7.25,1273.92
36.25,7.25,1163.33
36.75,7.25,1056.4
37.25,7.25,953.685
37.75,7.25,855.744
38.25,7.25,763.121
38.75,7.25,676.295
39.25,7.25,595.642
39.75,7.25,521.411
40.25,7.25,453.714
40.75,7.25,392.524
41.25,7.25,337.687
41.75,7.25,288.937
42.25,7.25,245.914
42.75,7.25,208.201
43.25,7.25,175.341
43.75,7.25,146.864
44.25,7.25,122.285
44.75,7.25,101.12
-44.75,7.75,59.1172
-44.25,7.75,66.3125
-43.75,7.75,74.3156
-43.25,7.75,83.7038
-42.75,7.75,95.0509
-42.25,7.75,108.848
-41.75,7.75,125.642
-41.25,7.75,146.044
-40.75,7.75,170.718
-40.25,7.75,200.37
-39.75,7.75,235.716
-39.25,7.75,277.451
-38.75,7.75,326.216
-38.25,7.75,382.554
-37.75,7.75,446.865
-37.25,7.75,519.367
-36.75,7.75,600.07
-36.25,7.75,688.753
-35.75,7.75,784.96
-35.25,7.75,888.002
-34.75,7.75,996.988
-34.25,7.75,1110.86
-33.75,7.75,1228.45
-33.25,7.75,1348.53
-32.75,7.75,1469.87
-32.25,7.75,1591.32
-31.75,7.75,1711.84
-31.25,7.75,1830.56
-30.75,7.75,1946.84
-30.25,7.75,2060.24
-29.75,7.75,2170.58
-29.25,7.75,2277.87
-28.75,7.75,2382.33
-28.25,7.75,2484.32
-27.75,7.75,2584.27
-27.25,7.75,2682.64
-26.75,7.75,2779.85
-26.25,7.75,2876.23
-25.75,7.75,2971.96
-25.25,7.75,3067.11
-24.75,7.75,3161.56
-24.25,7.75,3255.11
-23.75,7.75,3347.45
-23.25,7.75,3438.26
-22.75,7.75,3527.25
-22.25,7.75,3614.2
-21.75,7.75,3699.05
-21.25,7.75,3781.85
-20.75,7.75,3862.83
-20.25,7.75,3942.36
-19.75,7.75,4020.91
-19.25,7.75,4099.03
-18.75,7.75,4177.28
-18.25,7.75,4256.2
-17.75,7.75,4336.28
-17.25,7.75,4417.88
-16.75,7.75,4501.3
-16.25,7.75,4586.67
-15.75,7.75,4674.04
-15.25,7.75,4763.36
-14.75,7.75,4854.49
-14.25,7.75,4947.26
-13.75,7.75,5041.49
-13.25,7.75,5137.05
-12.75,7.75,5233.85
-12.25,7.75,5331.93
-11.75,7.75,5431.48
-11.25,7.75,5532.82
-10.75,7.75,5636.43
-10.25,7.75,5742.95
-9.75,7.75,5853.13
-9.25,7.75,5967.8
-8.75,7.75,6087.82
-8.25,7.75,6213.97
-7.75,7.75,6346.96
-7.25,7.75,6487.3
-6.75,7.75,6635.29
-6.25,7.75,6791
-5.75,7.75,6954.21
-5.25,7.75,7124.48
-4.75,7.75,7301.15
-4.25,7.75,7483.37
-3.75,7.75,7670.18
-3.25,7.75,7860.54
-2.75,7.75,8053.37
-2.25,7.75,8247.58
-1.75,7.75,8442.1
-1.25,7.75,8635.85
-0.75,7.75,8827.74
-0.25,7.75,9016.7
0.25,7.75,9201.58
0.75,7.75,9381.23
1.25,7.75,9554.44
1.75,7.75,9719.96
2.25,7.75,9876.54
2.75,7.75,10022.9
3.25,7.75,10157.8
3.75,7.75,10280.1
4.25,7.75,10388.5
4.75,7.75,10482
5.25,7.75,10559.4
5.75,7.75,10619.9
6.25,7.75,10662.5
6.75,7.75,10686.4
7.25,7.75,10691.1
7.75,7.75,10676.1
8.25,7.75,10641.2
8.75,7.75,10586.4
9.25,7.75,10512.1
9.75,7.75,10419
10.25,7.75,10307.9
10.75,7.75,10180.1
11.25,7.75,10037
11.75,7.75,9880.01
12.25,7.75,9710.94
12.75,7.75,9531.44
13.25,7.75,9343.16
13.75,7.75,9147.68
14.25,7.75,8946.45
14.75,7.75,8740.74
15.25,7.75,8531.67
15.75,7.75,8320.22
16.25,7.75,8107.2
16.75,7.75,7893.28
17.25,7.75,7679.08
17.75,7.75,7465.1
18.25,7.75,7251.8
18.75,7.75,7039.57
19.25,7.75,6828.75
19.75,7.75,6619.57
20.25,7.75,6412.2
20.75,7.75,6206.69
21.25,7.75,6002.98
21.75,7.75,5800.93
22.25,7.75,5600.33
22.75,7.75,5400.94
23.25,7.75,5202.53
23.75,7.75,5004.94
24.25,7.75,4808.12
24.75,7.75,4612.15
25.25,7.75,4417.28
25.75,7.75,4223.93
26.25,7.75,4032.65
26.75,7.75,3844.09
27.25,7.75,3658.94
27.75,7.75,3477.91
28.25,7.75,3301.62
28.75,7.75,3130.6
29.25,7.75,2965.21
29.75,7.75,2805.62
30.25,7.75,2651.84
30.75,7.75,2503.69
31.25,7.75,2360.85
31.75,7.75,2222.88
32.25,7.75,2089.3
32.75,7.75,1959.59
33.25,7.75,1833.29
33.75,7.75,1710
34.25,7.75,1589.49
34.75,7.75,1471.64
35.25,7.75,1356.5
35.75,7.75,1244.3
36.25,7.75,1135.39
36.75,7.75,1030.22
37.25,7.75,929.326
37.75,7.75,833.245
38.25,7.75,742.491
38.75,7.75,657.511
39.25,7.75,578.652
39.75,7.75,506.14
40.25,7.75,440.066
40.75,7.75,380.392
41.25,7.75,326.958
41.75,7.75,279.496
42.25,7.75,237.651
42.75,7.75,201.011
43.25,7.75,169.125
43.75,7.75,141.53
44.25,7.75,117.747
44.75,7.75,97.2981
-44.75,8.25,57.3019
-44.25,8.25,64.1444
-43.75,8.25,71.7259
-43.25,8.25,80.6019
-42.75,8.25,91.3233
-42.25,8.25,104.362
-41.75,8.25,120.245
-41.25,8.25,139.562
-40.75,8.25,162.958
-40.25,8.25,191.12
-39.75,8.25,224.747
-39.25,8.25,264.524
-38.75,8.25,311.086
-38.25,8.25,364.975
-37.75,8.25,426.596
-37.25,8.25,496.179
-36.75,8.25,573.754
-36.25,8.25,659.12
-35.75,8.25,751.85
-35.25,8.25,851.287
-34.75,8.25,956.575
-34.25,8.25,1066.7
-33.75,8.25,1180.53
-33.25,8.25,1296.89
-32.75,8.25,1414.6
-32.25,8.25,1532.55
-31.75,8.25,1649.76
-31.25,8.25,1765.4
-30.75,8.25,1878.85
-30.25,8.25,1989.71
-29.75,8.25,2097.78
-29.25,8.25,2203.08
-28.75,8.25,2305.81
-28.25,8.25,2406.29
-27.75,8.25,2504.92
-27.25,8.25,2602.09
-26.75,8.25,2698.19
-26.25,8.25,2793.49
-25.75,8.25,2888.14
-25.25,8.25,2982.16
-24.75,8.25,3075.41
-24.25,8.25,3167.66
-23.75,8.25,3258.61
-23.25,8.25,3347.92
-22.75,8.25,3435.31
-22.25,8.25,3520.58
-21.75,8.25,3603.69
-21.25,8.25,3684.72
-20.75,8.25,3763.92
-20.25,8.25,3841.69
-19.75,8.25,3918.53
-19.25,8.25,3995.01
-18.75,8.25,4071.73
-18.25,8.25,4149.23
-17.75,8.25,4228.03
-17.25,8.25,4308.52
-16.75,8.25,4390.99
-16.25,8.25,4475.59
-15.75,8.25,4562.38
-15.25,8.25,4651.29
-14.75,8.25,4742.19
-14.25,8.25,4834.9
-13.75,8.25,4929.22
-13.25,8.25,5024.96
-12.75,8.25,5122.01
-12.25,8.25,5220.35
-11.75,8.25,5320.1
-11.25,8.25,5421.51
-10.75,8.25,5525
-10.25,8.25,5631.13
-9.75,8.25,5740.6
-9.25,8.25,5854.17
-8.75,8.25,5972.67
-8.25,8.25,6096.84
-7.75,8.25,6227.36
-7.25,8.25,6364.75
-6.75,8.25,6509.32
-6.25,8.25,6661.13
-5.75,8.25,6820.03
-5.25,8.25,6985.62
-4.75,8.25,7157.31
-4.25,8.25,7334.37
-3.75,8.25,7515.95
-3.25,8.25,7701.12
-2.75,8.25,7888.96
-2.25,8.25,8078.5
-1.75,8.25,8268.79
-1.25,8.25,8458.84
-0.75,8.25,8647.65
-0.25,8.25,8834.15
0.25,8.25,9017.23
0.75,8.25,9195.68
1.25,8.25,9368.24
1.75,8.25,9533.56
2.25,8.25,9690.3
2.75,8.25,9837.08
3.25,8.25,9972.53
3.75,8.25,10095.3
4.25,8.25,10204.2
4.75,8.25,10297.9
5.25,8.25,10375.4
5.75,8.25,10435.7
6.25,8.25,10477.9
6.75,8.25,10501.2
7.25,8.25,10505.2
7.75,8.25,10489.4
8.25,8.25,10453.8
8.75,8.25,10398.6
9.25,8.25,10324.1
9.75,8.25,10231.2
10.25,8.25,10120.9
10.75,8.25,9994.29
11.25,8.25,9852.86
11.75,8.25,9698.12
12.25,8.25,9531.68
12.75,8.25,9355.13
13.25,8.25,9170.02
13.75,8.25,8977.81
14.25,8.25,8779.84
14.75,8.25,8577.33
15.25,8.25,8371.32
15.75,8.25,8162.77
16.25,8.25,7952.52
16.75,8.25,7741.31
17.25,8.25,7529.8
17.75,8.25,7318.61
18.25,8.25,7108.29
18.75,8.25,6899.33
19.25,8.25,6692.12
19.75,8.25,6486.96
20.25,8.25,6284.01
20.75,8.25,6083.31
21.25,8.25,5884.78
21.75,8.25,5688.2
22.25,8.25,5493.28
22.75,8.25,5299.67
23.25,8.25,5107.05
23.75,8.25,4915.16
24.25,8.25,4723.86
24.75,8.25,4533.15
25.25,8.25,4343.22
25.75,8.25,4154.42
26.25,8.25,3967.28
26.75,8.25,3782.44
27.25,8.25,3600.59
27.75,8.25,3422.46
28.25,8.25,3248.71
28.75,8.25,3079.9
29.25,8.25,2916.43
29.75,8.25,2758.53
30.25,8.25,2606.25
30.75,8.25,2459.45
31.25,8.25,2317.85
31.75,8.25,2181.07
32.25,8.25,2048.63
32.75,8.25,1920.07
33.25,8.25,1794.95
33.75,8.25,1672.92
34.25,8.25,1553.75
34.75,8.25,1437.35
35.25,8.25,1323.78
35.75,8.25,1213.27
36.25,8.25,1106.15
36.75,8.25,1002.88
37.25,8.25,903.934
37.75,8.25,809.832
38.25,8.25,721.052
38.75,8.25,638.005
39.25,8.25,561.009
39.75,8.25,490.264
40.25,8.25,425.848
40.75,8.25,367.714
41.25,8.25,315.699
41.75,8.25,269.541
42.25,8.25,228.889
42.75,8.25,193.34
43.25,8.25,162.452
43.75,8.25,135.769
44.25,8.25,112.817
44.75,8.25,93.1223
-44.75,8.75,55.3965
-44.25,8.75,61.8703
-43.75,8.75,69.0151
-43.25,8.75,77.3637
-42.75,8.75,87.4426
-42.25,8.75,99.7029
-41.75,8.75,114.649
-41.25,8.75,132.846
-40.75,8.75,154.917
-40.25,8.75,181.526
-39.75,8.75,213.354
-39.25,8.75,251.073
-38.75,8.75,295.307
-38.25,8.75,346.597
-37.75,8.75,405.354
-37.25,8.75,471.82
-36.75,8.75,546.042
-36.25,8.75,627.849
-35.75,8.75,716.843
-35.25,8.75,812.405
-34.75,8.75,913.724
-34.25,8.75,1019.83
-33.75,8.75,1129.65
-33.25,8.75,1242.06
-32.75,8.75,1355.94
-32.25,8.75,1470.25
-31.75,8.75,1584.04
-31.25,8.75,1696.54
-30.75,8.75,1807.16
-30.25,8.75,1915.51
-29.75,8.75,2021.4
-29.25,8.75,2124.84
-28.75,8.75,2225.98
-28.25,8.75,2325.1
-27.75,8.75,2422.53
-27.25,8.75,2518.63
-26.75,8.75,2613.69
-26.25,8.75,2707.95
-25.75,8.75,2801.51
-25.25,8.75,2894.34
-24.75,8.75,2986.3
-24.25,8.75,3077.14
-23.75,8.75,3166.56
-23.25,8.75,3254.25
-22.75,8.75,3339.96
-22.25,8.75,3423.52
-21.75,8.75,3504.9
-21.25,8.75,3584.24
-20.75,8.75,3661.81
-20.25,8.75,3738.04
-19.75,8.75,3813.44
-19.25,8.75,3888.59
-18.75,8.75,3964.09
-18.25,8.75,4040.51
-17.75,8.75,4118.34
-17.25,8.75,4197.97
-16.75,8.75,4279.68
-16.25,8.75,4363.63
-15.75,8.75,4449.86
-15.25,8.75,4538.31
-14.75,8.75,4628.83
-14.25,8.75,4721.23
-13.75,8.75,4815.3
-13.25,8.75,4910.84
-12.75,8.75,5007.71
-12.25,8.75,5105.85
-11.75,8.75,5205.34
-11.25,8.75,5306.37
-10.75,8.75,5409.32
-10.25,8.75,5514.68
-9.75,8.75,5623.1
-9.25,8.75,5735.28
-8.75,8.75,5851.98
-8.25,8.75,5973.93
-7.75,8.75,6101.76
-7.25,8.75,6235.97
-6.75,8.75,6376.87
-6.25,8.75,6524.54
-5.75,8.75,6678.86
-5.25,8.75,6839.5
-4.75,8.75,7005.95
-4.25,8.75,7177.57
-3.75,8.75,7353.64
-3.25,8.75,7533.39
-2.75,8.75,7716
-2.25,8.75,7900.64
-1.75,8.75,8086.46
-1.25,8.75,8272.57
-0.75,8.75,8458.04
-0.25,8.75,8641.82
0.25,8.75,8822.8
0.75,8.75,8999.74
1.25,8.75,9171.33
1.75,8.75,9336.16
2.25,8.75,9492.8
2.75,8.75,9639.75
3.25,8.75,9775.58
3.75,8.75,9898.84
4.25,8.75,10008.2
4.75,8.75,10102.4
5.25,8.75,10180.2
5.75,8.75,10240.6
6.25,8.75,10282.8
6.75,8.75,10306.1
7.25,8.75,10309.9
7.75,8.75,10293.9
8.25,8.75,10258.3
8.75,8.75,10203.1
9.25,8.75,10129
9.75,8.75,10036.9
10.25,8.75,9927.58
10.75,8.75,9802.47
11.25,8.75,9662.93
11.75,8.75,9510.45
12.25,8.75,9346.53
12.75,8.75,9172.71
13.25,8.75,8990.43
13.75,8.75,8801.05
14.25,8.75,8605.85
14.75,8.75,8405.97
15.25,8.75,8202.46
15.75,8.75,7996.28
16.25,8.75,7788.3
16.75,8.75,7579.33
17.25,8.75,7370.14
17.75,8.75,7161.44
18.25,8.75,6953.87
18.75,8.75,6748
19.25,8.75,6544.28
19.75,8.75,6343.04
20.25,8.75,6144.47
20.75,8.75,5948.59
21.25,8.75,5755.27
21.75,8.75,5564.23
22.25,8.75,5375.11
22.75,8.75,5187.48
23.25,8.75,5000.93
23.75,8.75,4815.1
24.25,8.75,4629.76
24.75,8.75,4444.84
25.25,8.75,4260.44
25.75,8.75,4076.85
26.25,8.75,3894.55
26.75,8.75,3714.14
27.25,8.75,3536.32
27.75,8.75,3361.79
28.25,8.75,3191.24
28.75,8.75,3025.23
29.25,8.75,2864.2
29.75,8.75,2708.43
30.25,8.75,2557.99
30.75,8.75,2412.82
31.25,8.75,2272.67
31.75,8.75,2137.21
32.25,8.75,2006.02
32.75,8.75,1878.68
33.25,8.75,1754.81
33.75,8.75,1634.1
34.25,8.75,1516.34
34.75,8.75,1401.47
35.25,8.75,1289.58
35.75,8.75,1180.87
36.25,8.75,1075.68
36.75,8.75,974.418
37.25,8.75,877.551
37.75,8.75,785.549
38.25,8.75,698.848
38.75,8.75,617.824
39.25,8.75,542.765
39.75,8.75,473.848
40.25,8.75,411.137
40.75,8.75,354.579
41.25,8.75,304.013
41.75,8.75,259.182
42.25,8.75,219.746
42.75,8.75,185.312
43.25,8.75,155.446
43.75,8.75,129.7
44.25,8.75,107.606
44.75,8.75,88.6973
-44.75,9.25,53.389
-44.25,9.25,59.4774
-43.75,9.25,66.1705
-43.25,9.25,73.9771
-42.75,9.25,83.3991
-42.25,9.25,94.8651
-41.75,9.25,108.855
-41.25,9.25,125.908
-40.75,9.25,146.623
-40.25,9.25,171.637
-39.75,9.25,201.612
-39.25,9.25,237.202
-38.75,9.25,279.02
-38.25,9.25,327.602
-37.75,9.25,383.365
-37.25,9.25,446.562
-36.75,9.25,517.262
-36.25,9.25,595.32
-35.75,9.25,680.374
-35.25,9.25,771.849
-34.75,9.25,868.982
-34.25,9.25,970.861
-33.75,9.25,1076.47
-33.25,9.25,1184.75
-32.75,9.25,1294.65
-32.25,9.25,1405.18
-31.75,9.25,1515.47
-31.25,9.25,1624.79
-30.75,9.25,1732.58
-30.25,9.25,1838.46
-29.75,9.25,1942.24
-29.25,9.25,2043.91
-28.75,9.25,2143.56
-28.25,9.25,2241.43
-27.75,9.25,2337.76
-27.25,9.25,2432.85
-26.75,9.25,2526.93
-26.25,9.25,2620.15
-25.75,9.25,2712.58
-25.25,9.25,2804.16
-24.75,9.25,2894.72
-24.25,9.25,2984.04
-23.75,9.25,3071.82
-23.25,9.25,3157.79
-22.75,9.25,3241.74
-22.25,9.25,3323.55
-21.75,9.25,3403.22
-21.25,9.25,3480.94
-20.75,9.25,3557
-20.25,9.25,3631.85
-19.75,9.25,3706.01
-19.25,9.25,3780.08
-18.75,9.25,3854.63
-18.25,9.25,3930.21
-17.75,9.25,4007.3
-17.25,9.25,4086.26
-16.75,9.25,4167.35
-16.25,9.25,4250.71
-15.75,9.25,4336.36
-15.25,9.25,4424.23
-14.75,9.25,4514.17
-14.25,9.25,4605.97
-13.75,9.25,4699.42
-13.25,9.25,4794.31
-12.75,9.25,4890.5
-12.25,9.25,4987.92
-11.75,9.25,5086.61
-11.25,9.25,5186.75
-10.75,9.25,5288.67
-10.25,9.25,5392.82
-9.75,9.25,5499.79
-9.25,9.25,5610.25
-8.75,9.25,5724.88
-8.25,9.25,5844.37
-7.75,9.25,5969.32
-7.25,9.25,6100.19
-6.75,9.25,6237.28
-6.25,9.25,6380.7
-5.75,9.25,6530.34
-5.25,9.25,6685.95
-4.75,9.25,6847.09
-4.25,9.25,7013.23
-3.75,9.25,7183.77
-3.25,9.25,7358.06
-2.75,9.25,7535.39
-2.25,9.25,7715.06
-1.75,9.25,7896.32
-1.25,9.25,8078.34
-0.75,9.25,8260.24
-0.25,9.25,8441.01
0.25,9.25,8619.52
0.75,9.25,8794.54
1.25,9.25,8964.7
1.75,9.25,9128.57
2.25,9.25,9284.64
2.75,9.25,9431.37
3.25,9.25,9567.24
3.75,9.25,9690.75
4.25,9.25,9800.49
4.75,9.25,9895.12
5.25,9.25,9973.43
5.75,9.25,10034.4
6.25,9.25,10077
6.75,9.25,10100.6
7.25,9.25,10104.9
7.75,9.25,10089.4
8.25,9.25,10054.3
8.75,9.25,9999.9
9.25,9.25,9926.81
9.75,9.25,9835.87
10.25,9.25,9728.14
10.75,9.25,9604.89
11.25,9.25,9467.48
11.75,9.25,9317.35
12.25,9.25,9155.95
12.75,9.25,8984.7
13.25,9.25,8804.99
13.75,9.25,8618.1
14.25,9.25,8425.25
14.75,9.25,8227.57
15.25,9.25,8026.11
15.75,9.25,7821.86
16.25,9.25,7615.75
16.75,9.25,7408.69
17.25,9.25,7201.53
17.75,9.25,6995.07
18.25,9.25,6790.05
18.75,9.25,6587.09
19.25,9.25,6386.71
19.75,9.25,6189.27
20.25,9.25,5994.96
20.75,9.25,5803.78
21.25,9.25,5615.57
21.75,9.25,5430
22.25,9.25,5246.66
22.75,9.25,5065.05
23.25,9.25,4884.67
23.75,9.25,4705.1
24.25,9.25,4526
24.75,9.25,4347.23
25.25,9.25,4168.81
25.75,9.25,3990.97
26.25,9.25,3814.1
26.75,9.25,3638.77
27.25,9.25,3465.61
27.75,9.25,3295.33
28.25,9.25,3128.58
28.75,9.25,2965.95
29.25,9.25,2807.9
29.75,9.25,2654.72
30.25,9.25,2506.53
30.75,9.25,2363.32
31.25,9.25,2224.89
31.75,9.25,2090.97
32.25,9.25,1961.21
32.75,9.25,1835.25
33.25,9.25,1712.76
33.75,9.25,1593.48
34.25,9.25,1477.25
34.75,9.25,1364.04
35.25,9.25,1253.94
35.75,9.25,1147.16
36.25,9.25,1044.03
36.75,9.25,944.912
37.25,9.25,850.247
37.75,9.25,760.458
38.25,9.25,675.943
38.75,9.25,597.038
39.25,9.25,523.999
39.75,9.25,456.982
40.25,9.25,396.036
40.75,9.25,341.105
41.25,9.25,292.03
41.75,9.25,248.563
42.25,9.25,210.375
42.75,9.25,177.081
43.25,9.25,148.261
43.75,9.25,123.473
44.25,9.25,102.257
44.75,9.25,84.151
-44.75,9.75,51.2861
-44.25,9.75,56.9761
-43.75,9.75,63.2063
-43.25,9.75,70.4619
-42.75,9.75,79.2195
-42.25,9.75,89.8845
-41.75,9.75,102.911
-41.25,9.75,118.813
-40.75,9.75,138.16
-40.25,9.75,161.563
-39.75,9.75,189.66
-39.25,9.75,223.086
-38.75,9.75,262.441
-38.25,9.75,308.255
-37.75,9.75,360.947
-37.25,9.75,420.782
-36.75,9.75,487.848
-36.25,9.75,562.031
-35.75,9.75,643.006
-35.25,9.75,730.245
-34.75,9.75,823.039
-34.25,9.75,920.537
-33.75,9.75,1021.79
-33.25,9.75,1125.82
-32.75,9.75,1231.63
-32.25,9.75,1338.31
-31.75,9.75,1445.05
-31.25,9.75,1551.15
-30.75,9.75,1656.11
-30.25,9.75,1759.54
-29.75,9.75,1861.26
-29.25,9.75,1961.2
-28.75,9.75,2059.42
-28.25,9.75,2156.07
-27.75,9.75,2251.34
-27.25,9.75,2345.43
-26.75,9.75,2438.5
-26.25,9.75,2530.65
-25.75,9.75,2621.89
-25.25,9.75,2712.12
-24.75,9.75,2801.2
-24.25,9.75,2888.88
-23.75,9.75,2974.92
-23.25,9.75,3059.07
-22.75,9.75,3141.19
-22.25,9.75,3221.19
-21.75,9.75,3299.15
-21.25,9.75,3375.27
-20.75,9.75,3449.89
-20.25,9.75,3523.47
-19.75,9.75,3596.54
-19.25,9.75,3669.67
-18.75,9.75,3743.43
-18.25,9.75,3818.33
-17.75,9.75,3894.81
-17.25,9.75,3973.21
-16.75,9.75,4053.74
-16.25,9.75,4136.51
-15.75,9.75,4221.51
-15.25,9.75,4308.65
-14.75,9.75,4397.75
-14.25,9.75,4488.62
-13.75,9.75,4581.05
-13.25,9.75,4674.82
-12.75,9.75,4769.81
-12.25,9.75,4865.95
-11.75,9.75,4963.29
-11.25,9.75,5061.99
-10.75,9.75,5162.36
-10.25,9.75,5264.84
-9.75,9.75,5369.96
-9.25,9.75,5478.34
-8.75,9.75,5590.63
-8.25,9.75,5707.45
-7.75,9.75,5829.37
-7.25,9.75,5956.82
-6.75,9.75,6090.07
-6.25,9.75,6229.24
-5.75,9.75,6374.27
-5.25,9.75,6524.95
-4.75,9.75,6680.91
-4.25,9.75,6841.73
-3.75,9.75,7006.91
-3.25,9.75,7175.88
-2.75,9.75,7348.08
-2.25,9.75,7522.86
-1.75,9.75,7699.56
-1.25,9.75,7877.41
-0.75,9.75,8055.55
-0.25,9.75,8233
0.25,9.75,8408.65
0.75,9.75,8581.24
1.25,9.75,8749.42
1.75,9.75,8911.71
2.25,9.75,9066.62
2.75,9.75,9212.56
3.25,9.75,9347.98
3.75,9.75,9471.36
4.25,9.75,9581.22
4.75,9.75,9676.2
5.25,9.75,9755.03
5.75,9.75,9816.62
6.25,9.75,9860.04
6.75,9.75,9884.58
7.25,9.75,9889.78
7.75,9.75,9875.41
8.25,9.75,9841.57
8.75,9.75,9788.61
9.25,9.75,9717.16
9.75,9.75,9628.09
10.25,9.75,9522.45
10.75,9.75,9401.49
11.25,9.75,9266.54
11.75,9.75,9118.97
12.25,9.75,8960.15
12.75,9.75,8791.47
13.25,9.75,8614.21
13.75,9.75,8429.62
14.25,9.75,8238.89
14.75,9.75,8043.13
15.25,9.75,7843.45
15.75,9.75,7640.87
16.25,9.75,7436.41
16.75,9.75,7231.05
17.25,9.75,7025.75
17.75,9.75,6821.37
18.25,9.75,6618.73
18.75,9.75,6418.53
19.25,9.75,6221.32
19.75,9.75,6027.48
20.25,9.75,5837.19
20.75,9.75,5650.47
21.25,9.75,5467.12
21.75,9.75,5286.81
22.25,9.75,5109.05
22.75,9.75,4933.31
23.25,9.75,4759.04
23.75,9.75,4585.73
24.25,9.75,4412.98
24.75,9.75,4240.57
25.25,9.75,4068.43
25.75,9.75,3896.7
26.25,9.75,3725.71
26.75,9.75,3555.96
27.25,9.75,3388.02
27.75,9.75,3222.55
28.25,9.75,3060.18
28.75,9.75,2901.48
29.25,9.75,2746.92
29.75,9.75,2596.81
30.25,9.75,2451.32
30.75,9.75,2310.45
31.25,9.75,2174.09
31.75,9.75,2042.02
32.25,9.75,1913.95
32.75,9.75,1789.6
33.25,9.75,1668.7
33.75,9.75,1551.04
34.25,9.75,1436.51
34.75,9.75,1325.11
35.25,9.75,1216.96
35.75,9.75,1112.25
36.25,9.75,1011.3
36.75,9.75,914.459
37.25,9.75,822.113
37.75,9.75,734.652
38.25,9.75,652.428
38.75,9.75,575.741
39.25,9.75,504.812
39.75,9.75,439.777
40.25,9.75,380.67
40.75,9.75,327.43
41.25,9.75,279.902
41.75,9.75,237.845
42.25,9.75,200.94
42.75,9.75,168.815
43.25,9.75,141.061
43.75,9.75,117.245
44.25,9.75,96.9149
44.75,9.75,79.6154
-44.75,10.25,49.1128
-44.25,10.25,54.3983
-43.75,10.25,60.1626
-43.25,10.25,66.867
-42.75,10.25,74.9633
-42.25,10.25,84.8336
-41.75,10.25,96.9065
-41.25,10.25,111.668
-40.75,10.25,129.657
-40.25,10.25,151.46
-39.75,10.25,177.687
-39.25,10.25,208.952
-38.75,10.25,245.84
-38.25,10.25,288.873
-37.75,10.25,338.469
-37.25,10.25,394.904
-36.75,10.25,458.286
-36.25,10.25,528.529
-35.75,10.25,605.35
-35.25,10.25,688.269
-34.75,10.25,776.636
-34.25,10.25,869.667
-33.75,10.25,966.487
-33.25,10.25,1066.18
-32.75,10.25,1167.85
-32.25,10.25,1270.64
-31.75,10.25,1373.79
-31.25,10.25,1476.68
-30.75,10.25,1578.8
-30.25,10.25,1679.8
-29.75,10.25,1779.46
-29.25,10.25,1877.67
-28.75,10.25,1974.45
-28.25,10.25,2069.87
-27.75,10.25,2164.04
-27.25,10.25,2257.07
-26.75,10.25,2349.06
-26.25,10.25,2440.04
-25.75,10.25,2529.98
-25.25,10.25,2618.76
-24.75,10.25,2706.22
-24.25,10.25,2792.15
-23.75,10.25,2876.33
-23.25,10.25,2958.57
-22.75,10.25,3038.78
-22.25,10.25,3116.93
-21.75,10.25,3193.14
-21.25,10.25,3267.65
-20.75,10.25,3340.85
-20.25,10.25,3413.19
-19.75,10.25,3485.2
-19.25,10.25,3557.45
-18.75,10.25,3630.48
-18.25,10.25,3704.75
-17.75,10.25,3780.66
-17.25,10.25,3858.51
-16.75,10.25,3938.46
-16.25,10.25,4020.56
-15.75,10.25,4104.78
-15.25,10.25,4190.98
-14.75,10.25,4278.99
-14.25,10.25,4368.6
-13.75,10.25,4459.59
-13.25,10.25,4551.79
-12.75,10.25,4645.07
-12.25,10.25,4739.4
-11.75,10.25,4834.83
-11.25,10.25,4931.56
-10.75,10.25,5029.88
-10.25,10.25,5130.22
-9.75,10.25,5233.09
-9.25,10.25,5339.08
-8.75,10.25,5448.77
-8.25,10.25,5562.76
-7.75,10.25,5681.56
-7.25,10.25,5805.56
-6.75,10.25,5935.03
-6.25,10.25,6070.08
-5.75,10.25,6210.69
-5.25,10.25,6356.67
-4.75,10.25,6507.75
-4.25,10.25,6663.56
-3.75,10.25,6823.69
-3.25,10.25,6987.66
-2.75,10.25,7154.97
-2.25,10.25,7325.04
-1.75,10.25,7497.26
-1.25,10.25,7670.9
-0.75,10.25,7845.12
-0.25,10.25,8018.96
0.25,10.25,8191.31
0.75,10.25,8360.95
1.25,10.25,8526.51
1.75,10.25,8686.58
2.25,10.25,8839.63
2.75,10.25,8984.12
3.25,10.25,9118.5
3.75,10.25,9241.24
4.25,10.25,9350.86
4.75,10.25,9445.95
5.25,10.25,9525.23
5.75,10.25,9587.57
6.25,10.25,9631.99
6.75,10.25,9657.78
7.25,10.25,9664.43
7.75,10.25,9651.74
8.25,10.25,9619.79
8.75,10.25,9568.92
9.25,10.25,9499.77
9.75,10.25,9413.18
10.25,10.25,9310.21
10.75,10.25,9192.04
11.25,10.25,9059.94
11.75,10.25,8915.24
12.25,10.25,8759.24
12.75,10.25,8593.24
13.25,10.25,8418.5
13.75,10.25,8236.21
14.25,10.25,8047.57
14.75,10.25,7853.71
15.25,10.25,7655.75
15.75,10.25,7454.8
16.25,10.25,7251.94
16.75,10.25,7048.25
17.25,10.25,6844.75
17.75,10.25,6642.39
18.25,10.25,6442.04
18.75,10.25,6244.45
19.25,10.25,6050.2
19.75,10.25,5859.68
20.25,10.25,5673.12
20.75,10.25,5490.5
21.25,10.25,5311.64
21.75,10.25,5136.19
22.25,10.25,4963.66
22.75,10.25,4793.47
23.25,10.25,4625.05
23.75,10.25,4457.82
24.25,10.25,4291.35
24.75,10.25,4125.3
25.25,10.25,3959.56
25.75,10.25,3794.17
26.25,10.25,3629.36
26.75,10.25,3465.56
27.25,10.25,3303.27
27.75,10.25,3143.07
28.25,10.25,2985.58
28.75,10.25,2831.32
29.25,10.25,2680.75
29.75,10.25,2534.2
30.25,10.25,2391.87
30.75,10.25,2253.79
31.25,10.25,2119.9
31.75,10.25,1990.05
32.25,10.25,1864.02
32.75,10.25,1741.58
33.25,10.25,1622.54
33.75,10.25,1506.75
34.25,10.25,1394.14
34.75,10.25,1284.76
35.25,10.25,1178.72
35.75,10.25,1076.25
36.25,10.25,977.62
36.75,10.25,883.177
37.25,10.25,793.271
37.75,10.25,708.248
38.25,10.25,628.421
38.75,10.25,554.051
39.25,10.25,485.329
39.75,10.25,422.364
40.25,10.25,365.178
40.75,10.25,313.702
41.25,10.25,267.783
41.75,10.25,227.185
42.25,10.25,191.602
42.75,10.25,160.673
43.25,10.25,134
43.75,10.25,111.161
44.25,10.25,91.7124
44.75,10.25,75.2092
-44.75,10.75,46.9091
-44.25,10.75,51.7933
-43.75,10.75,57.0982
-43.25,10.75,63.262
-42.75,10.75,70.7124
-42.25,10.75,79.8084
-41.75,10.75,90.9525
-41.25,10.75,104.602
-40.75,10.75,121.269
-40.25,10.75,141.507
-39.75,10.75,165.902
-39.25,10.75,195.042
-38.75,10.75,229.496
-38.25,10.75,269.776
-37.75,10.75,316.296
-37.25,10.75,369.342
-36.75,10.75,429.04
-36.25,10.75,495.334
-35.75,10.75,567.982
-35.25,10.75,646.556
-34.75,10.75,730.468
-34.25,10.75,819.004
-33.75,10.75,911.365
-33.25,10.75,1006.71
-32.75,10.75,1104.22
-32.25,10.75,1203.12
-31.75,10.75,1302.7
-31.25,10.75,1402.37
-30.75,10.75,1501.66
-30.25,10.75,1600.21
-29.75,10.75,1697.78
-29.25,10.75,1794.24
-28.75,10.75,1889.52
-28.25,10.75,1983.62
-27.75,10.75,2076.59
-27.25,10.75,2168.45
-26.75,10.75,2259.23
-26.25,10.75,2348.89
-25.75,10.75,2437.38
-25.25,10.75,2524.56
-24.75,10.75,2610.27
-24.25,10.75,2694.31
-23.75,10.75,2776.52
-23.25,10.75,2856.76
-22.75,10.75,2934.96
-22.25,10.75,3011.18
-21.75,10.75,3085.59
-21.25,10.75,3158.45
-20.75,10.75,3230.18
-20.25,10.75,3301.24
-19.75,10.75,3372.17
-19.25,10.75,3443.51
-18.75,10.75,3515.75
-18.25,10.75,3589.35
-17.75,10.75,3664.63
-17.25,10.75,3741.85
-16.75,10.75,3821.1
-16.25,10.75,3902.39
-15.75,10.75,3985.64
-15.25,10.75,4070.69
-14.75,10.75,4157.32
-14.25,10.75,4245.33
-13.75,10.75,4334.51
-13.25,10.75,4424.7
-12.75,10.75,4515.81
-12.25,10.75,4607.83
-11.75,10.75,4700.88
-11.25,10.75,4795.15
-10.75,10.75,4890.98
-10.25,10.75,4988.78
-9.75,10.75,5089.05
-9.25,10.75,5192.35
-8.75,10.75,5299.25
-8.25,10.75,5410.28
-7.75,10.75,5525.91
-7.25,10.75,5646.51
-6.75,10.75,5772.33
-6.25,10.75,5903.47
-5.75,10.75,6039.93
-5.25,10.75,6181.56
-4.75,10.75,6328.13
-4.25,10.75,6479.34
-3.75,10.75,6634.82
-3.25,10.75,6794.15
-2.75,10.75,6956.88
-2.25,10.75,7122.48
-1.75,10.75,7290.33
-1.25,10.75,7459.75
-0.75,10.75,7629.9
-0.25,10.75,7799.84
0.25,10.75,7968.49
0.75,10.75,8134.63
1.25,10.75,8296.98
1.75,10.75,8454.14
2.25,10.75,8604.65
2.75,10.75,8747.01
3.25,10.75,8879.71
3.75,10.75,9001.26
4.25,10.75,9110.17
4.75,10.75,9205.05
5.25,10.75,9284.58
5.75,10.75,9347.62
6.25,10.75,9393.15
6.75,10.75,9420.41
7.25,10.75,9428.89
7.75,10.75,9418.33
8.25,10.75,9388.78
8.75,10.75,9340.58
9.25,10.75,9274.32
9.75,10.75,9190.81
10.25,10.75,9091.06
10.75,10.75,8976.19
11.25,10.75,8847.42
11.75,10.75,8705.99
12.25,10.75,8553.15
12.75,10.75,8390.14
13.25,10.75,8218.16
13.75,10.75,8038.41
14.25,10.75,7852.05
14.75,10.75,7660.27
15.25,10.75,7464.22
15.75,10.75,7265.08
16.25,10.75,7064
16.75,10.75,6862.11
17.25,10.75,6660.5
17.75,10.75,6460.19
18.25,10.75,6262.1
18.75,10.75,6066.99
19.25,10.75,5875.48
19.75,10.75,5687.99
20.25,10.75,5504.76
20.75,10.75,5325.8
21.25,10.75,5150.95
21.75,10.75,4979.86
22.25,10.75,4812.04
22.75,10.75,4646.94
23.25,10.75,4483.95
23.75,10.75,4322.47
24.25,10.75,4162.01
24.75,10.75,4002.19
25.25,10.75,3842.79
25.75,10.75,3683.78
26.25,10.75,3525.3
26.75,10.75,3367.67
27.25,10.75,3211.33
27.75,10.75,3056.77
28.25,10.75,2904.55
28.75,10.75,2755.17
29.25,10.75,2609.06
29.75,10.75,2466.55
30.25,10.75,2327.84
30.75,10.75,2193.01
31.25,10.75,2062.05
31.75,10.75,1934.84
32.25,10.75,1811.25
32.75,10.75,1691.09
33.25,10.75,1574.25
33.75,10.75,1460.62
34.25,10.75,1350.2
34.75,10.75,1243.06
35.25,10.75,1139.34
35.75,10.75,1039.26
36.25,10.75,943.115
36.75,10.75,851.205
37.25,10.75,763.858
37.75,10.75,681.385
38.25,10.75,604.06
38.75,10.75,532.108
39.25,10.75,465.688
39.75,10.75,404.884
40.25,10.75,349.702
40.75,10.75,300.063
41.25,10.75,255.815
41.75,10.75,216.727
42.25,10.75,182.501
42.75,10.75,152.789
43.25,10.75,127.203
43.75,10.75,105.336
44.25,10.75,86.7549
44.75,10.75,71.0253
-44.75,11.25,44.7264
-44.25,11.25,49.2211
-43.75,11.25,54.0824
-43.25,11.25,59.7263
-42.75,11.25,66.5573
-42.25,11.25,74.9115
-41.75,11.25,85.1659
-41.25,11.25,97.7498
-40.75,11.25,113.144
-40.25,11.25,131.874
-39.75,11.25,154.496
-39.25,11.25,181.573
-38.75,11.25,213.654
-38.25,11.25,251.238
-37.75,11.25,294.737
-37.25,11.25,344.441
-36.75,11.25,400.495
-36.25,11.25,462.873
-35.75,11.25,531.375
-35.25,11.25,605.627
-34.75,11.25,685.105
-34.25,11.25,769.169
-33.75,11.25,857.095
-33.25,11.25,948.127
-32.75,11.25,1041.51
-32.25,11.25,1136.54
-31.75,11.25,1232.57
-31.25,11.25,1329.05
-30.75,11.25,1425.51
-30.25,11.25,1521.6
-29.75,11.25,1617.05
-29.25,11.25,1711.68
-28.75,11.25,1805.36
-28.25,11.25,1898.03
-27.75,11.25,1989.65
-27.25,11.25,2080.17
-26.75,11.25,2169.55
-26.25,11.25,2257.73
-25.75,11.25,2344.59
-25.25,11.25,2429.99
-24.75,11.25,2513.78
-24.25,11.25,2595.81
-23.75,11.25,2675.92
-23.25,11.25,2754.04
-22.75,11.25,2830.16
-22.25,11.25,2904.37
-21.75,11.25,2976.89
-21.25,11.25,3048.02
-20.75,11.25,3118.2
-20.25,11.25,3187.89
-19.75,11.25,3257.64
-19.25,11.25,3327.95
-18.75,11.25,3399.29
-18.25,11.25,3472.07
-17.75,11.25,3546.58
-17.25,11.25,3622.99
-16.75,11.25,3701.36
-16.25,11.25,3781.65
-15.75,11.25,3863.71
-15.25,11.25,3947.34
-14.75,11.25,4032.31
-14.25,11.25,4118.41
-13.75,11.25,4205.43
-13.25,11.25,4293.24
-12.75,11.25,4381.78
-12.25,11.25,4471.11
-11.75,11.25,4561.36
-11.25,11.25,4652.79
-10.75,11.25,4745.75
-10.25,11.25,4840.68
-9.75,11.25,4938.08
-9.25,11.25,5038.48
-8.75,11.25,5142.43
-8.25,11.25,5250.43
-7.75,11.25,5362.9
-7.25,11.25,5480.2
-6.75,11.25,5602.53
-6.25,11.25,5730.02
-5.75,11.25,5862.65
-5.25,11.25,6000.3
-4.75,11.25,6142.77
-4.25,11.25,6289.8
-3.75,11.25,6441.04
-3.25,11.25,6596.11
-2.75,11.25,6754.56
-2.25,11.25,6915.9
-1.75,11.25,7079.5
-1.25,11.25,7244.68
-0.75,11.25,7410.62
-0.25,11.25,7576.4
0.25,11.25,7740.96
0.75,11.25,7903.15
1.25,11.25,8061.72
1.75,11.25,8215.37
2.25,11.25,8362.69
2.75,11.25,8502.29
3.25,11.25,8632.7
3.75,11.25,8752.49
4.25,11.25,8860.22
4.75,11.25,8954.49
5.25,11.25,9034.01
5.75,11.25,9097.58
6.25,11.25,9144.19
6.75,11.25,9173.02
7.25,11.25,9183.51
7.75,11.25,9175.38
8.25,11.25,9148.63
8.75,11.25,9103.54
9.25,11.25,9040.66
9.75,11.25,8960.74
10.25,11.25,8864.72
10.75,11.25,8753.66
11.25,11.25,8628.69
11.75,11.25,8491
12.25,11.25,8341.77
12.75,11.25,8182.17
13.25,11.25,8013.38
13.75,11.25,7836.58
14.25,11.25,7652.94
14.75,11.25,7463.65
15.25,11.25,7269.92
15.75,11.25,7072.97
16.25,11.25,6874.01
16.75,11.25,6674.22
17.25,11.25,6474.74
17.75,11.25,6276.62
18.25,11.25,6080.8
18.75,11.25,5888.09
19.25,11.25,5699.14
19.75,11.25,5514.38
20.25,11.25,5334.08
20.75,11.25,5158.3
21.25,11.25,4986.9
21.75,11.25,4819.58
22.25,11.25,4655.9
22.75,11.25,4495.31
23.25,11.25,4337.22
23.75,11.25,4181.02
24.25,11.25,4026.18
24.75,11.25,3872.28
25.25,11.25,3719.01
25.75,11.25,3566.28
26.25,11.25,3414.11
26.75,11.25,3262.74
27.25,11.25,3112.51
27.75,11.25,2963.84
28.25,11.25,2817.2
28.75,11.25,2673.06
29.25,11.25,2531.8
29.75,11.25,2393.75
30.25,11.25,2259.12
30.75,11.25,2128
31.25,11.25,2000.42
31.75,11.25,1876.31
32.25,11.25,1755.57
32.75,11.25,1638.1
33.25,11.25,1523.83
33.75,11.25,1412.7
34.25,11.25,1304.76
34.75,11.25,1200.12
35.25,11.25,1098.93
35.75,11.25,1001.45
36.25,11.25,907.936
36.75,11.25,818.698
37.25,11.25,734.032
37.75,11.25,654.218
38.25,11.25,579.498
38.75,11.25,510.059
39.25,11.25,446.032
39.75,11.25,387.474
40.25,11.25,334.372
40.75,11.25,286.64
41.25,11.25,244.118
41.75,11.25,206.582
42.25,11.25,173.741
42.75,11.25,145.258
43.25,11.25,120.76
43.75,11.25,99.8509
44.25,11.25,82.1128
44.75,11.25,67.1251
-44.75,11.75,42.622
-44.25,11.75,46.7451
-43.75,11.75,51.1849
-43.25,11.75,56.3364
-42.75,11.75,62.582
-42.25,11.75,70.2356
-41.75,11.75,79.6485
-41.25,11.75,91.2218
-40.75,11.75,105.406
-40.25,11.75,122.696
-39.75,11.75,143.617
-39.25,11.75,168.707
-38.75,11.75,198.493
-38.25,11.75,233.458
-37.75,11.75,274.009
-37.25,11.75,320.442
-36.75,11.75,372.918
-36.25,11.75,431.442
-35.75,11.75,495.857
-35.25,11.75,565.846
-34.75,11.75,640.949
-34.25,11.75,720.601
-33.75,11.75,804.157
-33.25,11.75,890.939
-32.75,11.75,980.268
-32.25,11.75,1071.5
-31.75,11.75,1164.03
-31.25,11.75,1257.34
-30.75,11.75,1350.99
-30.25,11.75,1444.6
-29.75,11.75,1537.88
-29.25,11.75,1630.59
-28.75,11.75,1722.56
-28.25,11.75,1813.65
-27.75,11.75,1903.74
-27.25,11.75,1992.73
-26.75,11.75,2080.52
-26.25,11.75,2166.99
-25.75,11.75,2252.02
-25.25,11.75,2335.47
-24.75,11.75,2417.19
-24.25,11.75,2497.05
-23.75,11.75,2574.94
-23.25,11.75,2650.83
-22.75,11.75,2724.77
-22.25,11.75,2796.89
-21.75,11.75,2867.43
-21.25,11.75,2936.74
-20.75,11.75,3005.25
-20.25,11.75,3073.46
-19.75,11.75,3141.87
-19.25,11.75,3210.99
-18.75,11.75,3281.25
-18.25,11.75,3353.01
-17.75,11.75,3426.52
-17.25,11.75,3501.9
-16.75,11.75,3579.16
-16.25,11.75,3658.18
-15.75,11.75,3738.79
-15.25,11.75,3820.75
-14.75,11.75,3903.79
-14.25,11.75,3987.69
-13.75,11.75,4072.26
-13.25,11.75,4157.39
-12.75,11.75,4243.07
-12.25,11.75,4329.39
-11.75,11.75,4416.55
-11.25,11.75,4504.85
-10.75,11.75,4594.69
-10.25,11.75,4686.52
-9.75,11.75,4780.86
-9.25,11.75,4878.23
-8.75,11.75,4979.15
-8.25,11.75,5084.09
-7.75,11.75,5193.46
-7.25,11.75,5307.57
-6.75,11.75,5426.61
-6.25,11.75,5550.69
-5.75,11.75,5679.8
-5.25,11.75,5813.82
-4.75,11.75,5952.56
-4.25,11.75,6095.78
-3.75,11.75,6243.13
-3.25,11.75,6394.25
-2.75,11.75,6548.69
-2.25,11.75,6705.91
-1.75,11.75,6865.33
-1.25,11.75,7026.25
-0.75,11.75,7187.85
-0.25,11.75,7349.22
0.25,11.75,7509.37
0.75,11.75,7667.21
1.25,11.75,7821.56
1.75,11.75,7971.19
2.25,11.75,8114.81
2.75,11.75,8251.1
3.25,11.75,8378.71
3.75,11.75,8496.24
4.25,11.75,8602.32
4.75,11.75,8695.59
5.25,11.75,8774.76
5.75,11.75,8838.62
6.25,11.75,8886.15
6.75,11.75,8916.49
7.25,11.75,8929.04
7.75,11.75,8923.47
8.25,11.75,8899.72
8.75,11.75,8858.03
9.25,11.75,8798.86
9.75,11.75,8722.91
10.25,11.75,8631.04
10.75,11.75,8524.23
11.25,11.75,8403.54
11.75,11.75,8270.08
12.25,11.75,8124.96
12.75,11.75,7969.32
13.25,11.75,7804.28
13.75,11.75,7631
14.25,11.75,7450.66
14.75,11.75,7264.46
15.25,11.75,7073.64
15.75,11.75,6879.43
16.25,11.75,6683.1
16.75,11.75,6485.84
17.25,11.75,6288.82
17.75,11.75,6093.13
18.25,11.75,5899.71
18.75,11.75,5709.4
19.25,11.75,5522.86
19.75,11.75,5340.56
20.25,11.75,5162.82
20.75,11.75,4989.75
21.25,11.75,4821.27
21.75,11.75,4657.14
22.25,11.75,4496.98
22.75,11.75,4340.29
23.25,11.75,4186.5
23.75,11.75,4035.03
24.25,11.75,3885.33
24.75,11.75,3736.92
25.25,11.75,3589.47
25.75,11.75,3442.76
26.25,11.75,3296.76
26.75,11.75,3151.6
27.25,11.75,3007.51
27.75,11.75,2864.84
28.25,11.75,2723.98
28.75,11.75,2585.33
29.25,11.75,2449.25
29.75,11.75,2316.02
30.25,11.75,2185.86
30.75,11.75,2058.88
31.25,11.75,1935.11
31.75,11.75,1814.54
32.25,11.75,1697.09
32.75,11.75,1582.72
33.25,11.75,1471.38
33.75,11.75,1363.11
34.25,11.75,1257.95
34.75,11.75,1156.07
35.25,11.75,1057.65
35.75,11.75,962.95
36.25,11.75,872.239
36.75,11.75,785.812
37.25,11.75,703.947
37.75,11.75,626.9
38.25,11.75,554.879
38.75,11.75,488.043
39.25,11.75,426.49
39.75,11.75,370.253
40.25,11.75,319.298
40.75,11.75,273.528
41.25,11.75,232.779
41.75,11.75,196.826
42.25,11.75,165.388
42.75,11.75,138.138
43.25,11.75,114.718
43.75,11.75,94.7461
44.25,11.75,77.8211
44.75,11.75,63.5386
-44.75,12.25,40.6535
-44.25,12.25,44.4248
-43.75,12.25,48.4675
-43.25,12.25,53.1568
-42.75,12.25,58.8536
-42.25,12.25,65.8502
-41.75,12.25,74.4727
-41.25,12.25,85.0938
-40.75,12.25,98.1338
-40.25,12.25,114.055
-39.75,12.25,133.354
-39.25,12.25,156.538
-38.75,12.25,184.111
-38.25,12.25,216.541
-37.75,12.25,254.228
-37.25,12.25,297.471
-36.75,12.25,346.45
-36.25,12.25,401.2
-35.75,12.25,461.609
-35.25,12.25,527.416
-34.75,12.25,598.23
-34.25,12.25,673.559
-33.75,12.25,752.838
-33.25,12.25,835.462
-32.75,12.25,920.824
-32.25,12.25,1008.33
-31.75,12.25,1097.44
-31.25,12.25,1187.63
-30.75,12.25,1278.49
-30.25,12.25,1369.61
-29.75,12.25,1460.66
-29.25,12.25,1551.38
-28.75,12.25,1641.51
-28.25,12.25,1730.85
-27.75,12.25,1819.23
-27.25,12.25,1906.49
-26.75,12.25,1992.48
-26.25,12.25,2077.05
-25.75,12.25,2160.06
-25.25,12.25,2241.37
-24.75,12.25,2320.85
-24.25,12.25,2398.4
-23.75,12.25,2473.96
-23.25,12.25,2547.54
-22.75,12.25,2619.2
-22.25,12.25,2689.14
-21.75,12.25,2757.63
-21.25,12.25,2825.02
-20.75,12.25,2891.77
-20.25,12.25,2958.35
-19.75,12.25,3025.27
-19.25,12.25,3093
-18.75,12.25,3161.96
-18.25,12.25,3232.47
-17.75,12.25,3304.72
-17.25,12.25,3378.8
-16.75,12.25,3454.66
-16.25,12.25,3532.15
-15.75,12.25,3611.04
-15.25,12.25,3691.04
-14.75,12.25,3771.9
-14.25,12.25,3853.36
-13.75,12.25,3935.24
-13.25,12.25,4017.48
-12.75,12.25,4100.08
-12.25,12.25,4183.21
-11.75,12.25,4267.1
-11.25,12.25,4352.11
-10.75,12.25,4438.68
-10.25,12.25,4527.29
-9.75,12.25,4618.47
-9.25,12.25,4712.74
-8.75,12.25,4810.61
-8.25,12.25,4912.52
-7.75,12.25,5018.86
-7.25,12.25,5129.9
-6.75,12.25,5245.82
-6.25,12.25,5366.71
-5.75,12.25,5492.55
-5.25,12.25,5623.22
-4.75,12.25,5758.52
-4.25,12.25,5898.21
-3.75,12.25,6041.93
-3.25,12.25,6189.3
-2.75,12.25,6339.86
-2.25,12.25,6493.07
-1.75,12.25,6648.31
-1.25,12.25,6804.89
-0.75,12.25,6962.01
-0.25,12.25,7118.8
0.25,12.25,7274.3
0.75,12.25,7427.48
1.25,12.25,7577.27
1.75,12.25,7722.53
2.25,12.25,7862.07
2.75,12.25,7994.67
3.25,12.25,8119.06
3.75,12.25,8233.94
4.25,12.25,8337.98
4.75,12.25,8429.87
5.25,12.25,8508.33
5.75,12.25,8572.19
6.25,12.25,8620.39
6.75,12.25,8652.05
7.25,12.25,8666.55
7.75,12.25,8663.49
8.25,12.25,8642.79
8.75,12.25,8604.59
9.25,12.25,8549.3
9.75,12.25,8477.55
10.25,12.25,8390.13
10.75,12.25,8287.92
11.25,12.25,8171.92
11.75,12.25,8043.16
12.25,12.25,7902.68
12.75,12.25,7751.57
13.25,12.25,7590.9
13.75,12.25,7421.82
14.25,12.25,7245.47
14.75,12.25,7063.07
15.25,12.25,6875.84
15.75,12.25,6685.05
16.25,12.25,6491.96
16.75,12.25,6297.77
17.25,12.25,6103.67
17.75,12.25,5910.72
18.25,12.25,5719.91
18.75,12.25,5532.07
19.25,12.25,5347.89
19.75,12.25,5167.88
20.25,12.25,4992.43
20.75,12.25,4821.68
21.25,12.25,4655.66
21.75,12.25,4494.2
22.25,12.25,4337
22.75,12.25,4183.62
23.25,12.25,4033.55
23.75,12.25,3886.24
24.25,12.25,3741.14
24.75,12.25,3597.75
25.25,12.25,3455.68
25.75,12.25,3314.67
26.25,12.25,3174.58
26.75,12.25,3035.45
27.25,12.25,2897.42
27.75,12.25,2760.74
28.25,12.25,2625.74
28.75,12.25,2492.74
29.25,12.25,2362.05
29.75,12.25,2233.93
30.25,12.25,2108.57
30.75,12.25,1986.08
31.25,12.25,1866.5
31.75,12.25,1749.85
32.25,12.25,1636.08
32.75,12.25,1525.17
33.25,12.25,1417.14
33.75,12.25,1312.03
34.25,12.25,1209.96
34.75,12.25,1111.09
35.25,12.25,1015.66
35.75,12.25,923.928
36.25,12.25,836.176
36.75,12.25,752.693
37.25,12.25,673.744
37.75,12.25,599.562
38.25,12.25,530.328
38.75,12.25,466.171
39.25,12.25,407.161
39.75,12.25,353.305
40.25,12.25,304.551
40.75,12.25,260.786
41.25,12.25,221.841
41.75,12.25,187.492
42.25,12.25,157.464
42.75,12.25,131.444
43.25,12.25,109.086
43.75,12.25,90.0269
44.25,12.25,73.8826
44.75,12.25,60.2676
-44.75,12.75,38.8718
-44.25,12.75,42.3096
-43.75,12.75,45.9775
-43.25,12.75,50.2324
-42.75,12.75,55.4146
-42.25,12.75,61.7951
-41.75,12.75,69.6752
-41.25,12.75,79.3995
-40.75,12.75,91.3572
-40.25,12.75,105.979
-39.75,12.75,123.728
-39.25,12.75,145.085
-38.75,12.75,170.528
-38.25,12.75,200.507
-37.75,12.75,235.414
-37.25,12.75,275.555
-36.75,12.75,321.124
-36.25,12.75,372.19
-35.75,12.75,428.685
-35.25,12.75,490.407
-34.75,12.75,557.035
-34.25,12.75,628.149
-33.75,12.75,703.26
-33.25,12.75,781.837
-32.75,12.75,863.338
-32.25,12.75,947.221
-31.75,12.75,1032.97
-31.25,12.75,1120.11
-30.75,12.75,1208.19
-30.25,12.75,1296.81
-29.75,12.75,1385.6
-29.25,12.75,1474.23
-28.75,12.75,1562.41
-28.25,12.75,1649.86
-27.75,12.75,1736.37
-27.25,12.75,1821.71
-26.75,12.75,1905.7
-26.25,12.75,1988.18
-25.75,12.75,2068.99
-25.25,12.75,2148
-24.75,12.75,2225.1
-24.25,12.75,2300.23
-23.75,12.75,2373.36
-23.25,12.75,2444.54
-22.75,12.75,2513.88
-22.25,12.75,2581.58
-21.75,12.75,2647.95
-21.25,12.75,2713.36
-20.75,12.75,2778.24
-20.25,12.75,2843.07
-19.75,12.75,2908.35
-19.25,12.75,2974.51
-18.75,12.75,3041.95
-18.25,12.75,3110.96
-17.75,12.75,3181.69
-17.25,12.75,3254.18
-16.75,12.75,3328.35
-16.25,12.75,3404.01
-15.75,12.75,3480.89
-15.25,12.75,3558.7
-14.75,12.75,3637.13
-14.25,12.75,3715.95
-13.75,12.75,3794.98
-13.25,12.75,3874.18
-12.75,12.75,3953.6
-12.25,12.75,4033.44
-11.75,12.75,4113.99
-11.25,12.75,4195.66
-10.75,12.75,4278.92
-10.25,12.75,4364.28
-9.75,12.75,4452.29
-9.25,12.75,4543.47
-8.75,12.75,4638.31
-8.25,12.75,4737.24
-7.75,12.75,4840.62
-7.25,12.75,4948.69
-6.75,12.75,5061.63
-6.25,12.75,5179.48
-5.75,12.75,5302.22
-5.25,12.75,5429.71
-4.75,12.75,5561.75
-4.25,12.75,5698.05
-3.75,12.75,5838.26
-3.25,12.75,5981.97
-2.75,12.75,6128.69
-2.25,12.75,6277.86
-1.75,12.75,6428.87
-1.25,12.75,6581.02
-0.75,12.75,6733.53
-0.25,12.75,6885.57
0.25,12.75,7036.25
0.75,12.75,7184.6
1.25,12.75,7329.64
1.75,12.75,7470.33
2.25,12.75,7605.58
2.75,12.75,7734.25
3.25,12.75,7855.16
3.75,12.75,7967.1
4.25,12.75,8068.79
4.75,12.75,8158.98
5.25,12.75,8236.42
5.75,12.75,8299.94
6.25,12.75,8348.49
6.75,12.75,8381.2
7.25,12.75,8397.39
7.75,12.75,8396.66
8.25,12.75,8378.86
8.75,12.75,8344.08
9.25,12.75,8292.68
9.75,12.75,8225.21
10.25,12.75,8142.37
10.75,12.75,8045
11.25,12.75,7934
11.75,12.75,7810.33
12.25,12.75,7674.98
12.75,12.75,7528.95
13.25,12.75,7373.29
13.75,12.75,7209.08
14.25,12.75,7037.46
14.75,12.75,6859.6
15.25,12.75,6676.73
15.75,12.75,6490.07
16.25,12.75,6300.88
16.75,12.75,6110.36
17.25,12.75,5919.67
17.75,12.75,5729.88
18.25,12.75,5541.98
18.75,12.75,5356.79
19.25,12.75,5175.04
19.75,12.75,4997.3
20.25,12.75,4823.97
20.75,12.75,4655.32
21.25,12.75,4491.44
21.75,12.75,4332.26
22.25,12.75,4177.56
22.75,12.75,4026.99
23.25,12.75,3880.13
23.75,12.75,3736.44
24.25,12.75,3595.42
24.75,12.75,3456.56
25.25,12.75,3319.42
25.75,12.75,3183.7
26.25,12.75,3049.18
26.75,12.75,2915.82
27.25,12.75,2783.66
27.75,12.75,2652.87
28.25,12.75,2523.7
28.75,12.75,2396.39
29.25,12.75,2271.2
29.75,12.75,2148.35
30.25,12.75,2028.01
30.75,12.75,1910.27
31.25,12.75,1795.18
31.75,12.75,1682.75
32.25,12.75,1572.97
32.75,12.75,1465.85
33.25,12.75,1361.41
33.75,12.75,1259.75
34.25,12.75,1161
34.75,12.75,1065.38
35.25,12.75,973.125
35.75,12.75,884.527
36.25,12.75,799.876
36.75,12.75,719.457
37.25,12.75,643.525
37.75,12.75,572.294
38.25,12.75,505.922
38.75,12.75,444.509
39.25,12.75,388.097
39.75,12.75,336.67
40.25,12.75,290.154
40.75,12.75,248.423
41.25,12.75,211.303
41.75,12.75,178.568
42.25,12.75,149.952
42.75,12.75,125.152
43.25,12.75,103.839
43.75,12.75,85.6674
44.25,12.75,70.2731
44.75,12.75,57.2905
-44.75,13.25,37.3149
-44.25,13.25,40.4329
-43.75,13.25,43.7433
-43.25,13.25,47.5859
-42.75,13.25,52.2813
-42.25,13.25,58.0798
-41.75,13.25,65.2581
-41.25,13.25,74.1327
-40.75,13.25,85.0621
-40.25,13.25,98.4447
-39.75,13.25,114.711
-39.25,13.25,134.313
-38.75,13.25,157.701
-38.25,13.25,185.309
-37.75,13.25,217.521
-37.25,13.25,254.645
-36.75,13.25,296.896
-36.25,13.25,344.374
-35.75,13.25,397.057
-35.25,13.25,454.804
-34.75,13.25,517.358
-34.25,13.25,584.376
-33.75,13.25,655.44
-33.25,13.25,730.091
-32.75,13.25,807.841
-32.25,13.25,888.201
-31.75,13.25,970.685
-31.25,13.25,1054.82
-30.75,13.25,1140.16
-30.25,13.25,1226.27
-29.75,13.25,1312.75
-29.25,13.25,1399.22
-28.75,13.25,1485.34
-28.25,13.25,1570.77
-27.75,13.25,1655.24
-27.25,13.25,1738.5
-26.75,13.25,1820.33
-26.25,13.25,1900.56
-25.75,13.25,1979.02
-25.25,13.25,2055.6
-24.75,13.25,2130.22
-24.25,13.25,2202.85
-23.75,13.25,2273.49
-23.25,13.25,2342.23
-22.75,13.25,2409.22
-22.25,13.25,2474.67
-21.75,13.25,2538.9
-21.25,13.25,2602.27
-20.75,13.25,2665.23
-20.25,13.25,2728.24
-19.75,13.25,2791.75
-19.25,13.25,2856.19
-18.75,13.25,2921.92
-18.25,13.25,2989.19
-17.75,13.25,3058.13
-17.25,13.25,3128.76
-16.75,13.25,3200.96
-16.25,13.25,3274.51
-15.75,13.25,3349.12
-15.25,13.25,3424.49
-14.75,13.25,3500.3
-14.25,13.25,3576.32
-13.75,13.25,3652.4
-13.25,13.25,3728.49
-12.75,13.25,3804.7
-12.25,13.25,3881.26
-11.75,13.25,3958.5
-11.25,13.25,4036.87
-10.75,13.25,4116.86
-10.25,13.25,4199.03
-9.75,13.25,4283.92
-9.25,13.25,4372.05
-8.75,13.25,4463.91
-8.25,13.25,4559.92
-7.75,13.25,4660.38
-7.25,13.25,4765.56
-6.75,13.25,4875.57
-6.25,13.25,4990.46
-5.75,13.25,5110.16
-5.25,13.25,5234.54
-4.75,13.25,5363.34
-4.25,13.25,5496.28
-3.75,13.25,5632.97
-3.25,13.25,5772.97
-2.75,13.25,5915.78
-2.25,13.25,6060.83
-1.75,13.25,6207.49
-1.25,13.25,6355.08
-0.75,13.25,6502.86
-0.25,13.25,6650.04
0.25,13.25,6795.8
0.75,13.25,6939.24
1.25,13.25,7079.47
1.75,13.25,7215.52
2.25,13.25,7346.4
2.75,13.25,7471.06
3.25,13.25,7588.39
3.75,13.25,7697.23
4.25,13.25,7796.39
4.75,13.25,7884.63
5.25,13.25,7960.75
5.75,13.25,8023.62
6.25,13.25,8072.19
6.75,13.25,8105.58
7.25,13.25,8123.14
7.75,13.25,8124.42
8.25,13.25,8109.23
8.75,13.25,8077.66
9.25,13.25,8029.98
9.75,13.25,7966.7
10.25,13.25,7888.46
10.75,13.25,7796.01
11.25,13.25,7690.2
11.75,13.25,7571.92
12.25,13.25,7442.07
12.75,13.25,7301.6
13.25,13.25,7151.51
13.75,13.25,6992.82
14.25,13.25,6826.61
14.75,13.25,6654.01
15.25,13.25,6476.2
15.75,13.25,6294.39
16.25,13.25,6109.78
16.75,13.25,5923.54
17.25,13.25,5736.82
17.75,13.25,5550.66
18.25,13.25,5366.04
18.75,13.25,5183.81
19.25,13.25,5004.7
19.75,13.25,4829.33
20.25,13.25,4658.18
20.75,13.25,4491.56
21.25,13.25,4329.68
21.75,13.25,4172.55
22.25,13.25,4020.06
22.75,13.25,3871.97
23.25,13.25,3727.89
23.75,13.25,3587.4
24.25,13.25,3449.99
24.75,13.25,3315.18
25.25,13.25,3182.53
25.75,13.25,3051.67
26.25,13.25,2922.34
26.75,13.25,2794.41
27.25,13.25,2667.86
27.75,13.25,2542.77
28.25,13.25,2419.29
28.75,13.25,2297.61
29.25,13.25,2177.92
29.75,13.25,2060.4
30.25,13.25,1945.18
30.75,13.25,1832.33
31.25,13.25,1721.91
31.75,13.25,1613.91
32.25,13.25,1508.33
32.75,13.25,1405.2
33.25,13.25,1304.57
33.75,13.25,1206.55
34.25,13.25,1111.32
34.75,13.25,1019.11
35.25,13.25,930.188
35.75,13.25,844.859
36.25,13.25,763.423
36.75,13.25,686.167
37.25,13.25,613.336
37.75,13.25,545.128
38.25,13.25,481.678
38.75,13.25,423.06
39.25,13.25,369.29
39.75,13.25,320.326
40.25,13.25,276.077
40.75,13.25,236.402
41.25,13.25,201.118
41.75,13.25,170.003
42.25,13.25,142.796
42.75,13.25,119.207
43.25,13.25,98.9225
43.75,13.25,81.6167
44.25,13.25,66.9465
44.75,13.25,54.5678
-44.75,13.75,36.0027
-44.25,13.75,38.8087
-43.75,13.75,41.7719
-43.25,13.75,45.2167
-42.75,13.75,49.445
-42.25,13.75,54.6864
-41.75,13.75,61.1937
-41.25,13.75,69.2558
-40.75,13.75,79.2006
-40.25,13.75,91.3944
-39.75,13.75,106.236
-39.25,13.75,124.145
-38.75,13.75,145.55
-38.25,13.75,170.863
-37.75,13.75,200.462
-37.25,13.75,234.66
-36.75,13.75,273.689
-36.25,13.75,317.681
-35.75,13.75,366.664
-35.25,13.75,420.55
-34.75,13.75,479.155
-34.25,13.75,542.202
-33.75,13.75,609.346
-33.25,13.75,680.19
-32.75,13.75,754.304
-32.25,13.75,831.238
-31.75,13.75,910.529
-31.25,13.75,991.714
-30.75,13.75,1074.33
-30.25,13.75,1157.93
-29.75,13.75,1242.06
-29.25,13.75,1326.31
-28.75,13.75,1410.27
-28.25,13.75,1493.56
-27.75,13.75,1575.88
-27.25,13.75,1656.92
-26.75,13.75,1736.46
-26.25,13.75,1814.3
-25.75,13.75,1890.3
-25.25,13.75,1964.37
-24.75,13.75,2036.44
-24.25,13.75,2106.53
-23.75,13.75,2174.67
-23.25,13.75,2240.99
-22.75,13.75,2305.64
-22.25,13.75,2368.86
-21.75,13.75,2430.98
-21.25,13.75,2492.35
-20.75,13.75,2553.39
-20.25,13.75,2614.53
-19.75,13.75,2676.21
-19.25,13.75,2738.82
-18.75,13.75,2802.68
-18.25,13.75,2868.02
-17.75,13.75,2934.96
-17.25,13.75,3003.48
-16.75,13.75,3073.44
-16.25,13.75,3144.62
-15.75,13.75,3216.73
-15.25,13.75,3289.45
-14.75,13.75,3362.49
-14.25,13.75,3435.59
-13.75,13.75,3508.65
-13.25,13.75,3581.63
-12.75,13.75,3654.67
-12.25,13.75,3728.02
-11.75,13.75,3802.05
-11.25,13.75,3877.22
-10.75,13.75,3954.07
-10.25,13.75,4033.15
-9.75,13.75,4115.01
-9.25,13.75,4200.17
-8.75,13.75,4289.11
-8.25,13.75,4382.22
-7.75,13.75,4479.8
-7.25,13.75,4582.08
-6.75,13.75,4689.16
-6.25,13.75,4801.06
-5.75,13.75,4917.7
-5.25,13.75,5038.9
-4.75,13.75,5164.41
-4.25,13.75,5293.88
-3.75,13.75,5426.93
-3.25,13.75,5563.08
-2.75,13.75,5701.81
-2.25,13.75,5842.56
-1.75,13.75,5984.72
-1.25,13.75,6127.61
-0.75,13.75,6270.55
-0.25,13.75,6412.8
0.25,13.75,6553.59
0.75,13.75,6692.13
1.25,13.75,6827.58
1.75,13.75,6959.05
2.25,13.75,7085.62
2.75,13.75,7206.31
3.25,13.75,7320.06
3.75,13.75,7425.77
4.25,13.75,7522.28
4.75,13.75,7608.41
5.25,13.75,7682.99
5.75,13.75,7744.91
6.25,13.75,7793.17
6.75,13.75,7826.89
7.25,13.75,7845.41
7.75,13.75,7848.31
8.25,13.75,7835.38
8.75,13.75,7806.67
9.25,13.75,7762.44
9.75,13.75,7703.12
10.25,13.75,7629.34
10.75,13.75,7541.77
11.25,13.75,7441.2
11.75,13.75,7328.45
12.25,13.75,7204.36
12.75,13.75,7069.82
13.25,13.75,6925.74
13.75,13.75,6773.08
14.25,13.75,6612.86
14.75,13.75,6446.14
15.25,13.75,6274.05
15.75,13.75,6097.72
16.25,13.75,5918.31
16.75,13.75,5736.96
17.25,13.75,5554.77
17.75,13.75,5372.76
18.25,13.75,5191.89
18.75,13.75,5013.01
19.25,13.75,4836.9
19.75,13.75,4664.19
20.25,13.75,4495.41
20.75,13.75,4330.97
21.25,13.75,4171.14
21.75,13.75,4016.04
22.25,13.75,3865.65
22.75,13.75,3719.83
23.25,13.75,3578.29
23.75,13.75,3440.65
24.25,13.75,3306.49
24.75,13.75,3175.33
25.25,13.75,3046.75
25.75,13.75,2920.34
26.25,13.75,2795.81
26.75,13.75,2672.96
27.25,13.75,2551.7
27.75,13.75,2432.03
28.25,13.75,2314.03
28.75,13.75,2197.82
29.25,13.75,2083.52
29.75,13.75,1971.27
30.25,13.75,1861.16
30.75,13.75,1753.23
31.25,13.75,1647.52
31.75,13.75,1544.01
32.25,13.75,1442.73
32.75,13.75,1343.7
33.25,13.75,1246.99
33.75,13.75,1152.74
34.25,13.75,1061.14
34.75,13.75,972.445
35.25,13.75,886.957
35.75,13.75,804.988
36.25,13.75,726.851
36.75,13.75,652.831
37.25,13.75,583.166
37.75,13.75,518.035
38.25,13.75,457.554
38.75,13.75,401.77
39.25,13.75,350.674
39.75,13.75,304.2
40.25,13.75,262.237
40.75,13.75,224.632
41.25,13.75,191.196
41.75,13.75,161.705
42.25,13.75,135.907
42.75,13.75,113.523
43.25,13.75,94.2574
43.75,13.75,77.804
44.25,13.75,63.8414
44.75,13.75,52.0474
-44.75,14.25,34.9316
-44.25,14.25,37.428
-43.75,14.25,40.0483
-43.25,14.25,43.1029
-42.75,14.25,46.8755
-42.25,14.25,51.5761
-41.75,14.25,57.4341
-41.25,14.25,64.7113
-40.75,14.25,73.7061
-40.25,14.25,84.7531
-39.75,14.25,98.2192
-39.25,14.25,114.495
-38.75,14.25,133.983
-38.25,14.25,157.08
-37.75,14.25,184.152
-37.25,14.25,215.518
-36.75,14.25,251.428
-36.25,14.25,292.047
-35.75,14.25,337.447
-35.25,14.25,387.6
-34.75,14.25,442.382
-34.25,14.25,501.588
-33.75,14.25,564.937
-33.25,14.25,632.094
-32.75,14.25,702.678
-32.25,14.25,776.273
-31.75,14.25,852.439
-31.25,14.25,930.715
-30.75,14.25,1010.63
-30.25,14.25,1091.7
-29.75,14.25,1173.45
-29.25,14.25,1255.4
-28.75,14.25,1337.12
-28.25,14.25,1418.18
-27.75,14.25,1498.23
-27.25,14.25,1576.95
-26.75,14.25,1654.09
-26.25,14.25,1729.47
-25.75,14.25,1802.94
-25.25,14.25,1874.45
-24.75,14.25,1943.96
-24.25,14.25,2011.51
-23.75,14.25,2077.19
-23.25,14.25,2141.13
-22.75,14.25,2203.53
-22.25,14.25,2264.62
-21.75,14.25,2324.71
-21.25,14.25,2384.15
-20.75,14.25,2443.32
-20.25,14.25,2502.63
-19.75,14.25,2562.47
-19.25,14.25,2623.19
-18.75,14.25,2685.1
-18.25,14.25,2748.38
-17.75,14.25,2813.14
-17.25,14.25,2879.34
-16.75,14.25,2946.86
-16.25,14.25,3015.47
-15.75,14.25,3084.88
-15.25,14.25,3154.79
-14.75,14.25,3224.91
-14.25,14.25,3295.04
-13.75,14.25,3365.06
-13.25,14.25,3434.97
-12.75,14.25,3504.92
-12.25,14.25,3575.18
-11.75,14.25,3646.14
-11.25,14.25,3718.28
-10.75,14.25,3792.13
-10.25,14.25,3868.25
-9.75,14.25,3947.19
-9.25,14.25,4029.45
-8.75,14.25,4115.51
-8.25,14.25,4205.73
-7.75,14.25,4300.41
-7.25,14.25,4399.73
-6.75,14.25,4503.81
-6.25,14.25,4612.62
-5.75,14.25,4726.07
-5.25,14.25,4843.95
-4.75,14.25,4965.98
-4.25,14.25,5091.8
-3.75,14.25,5221
-3.25,14.25,5353.08
-2.75,14.25,5487.53
-2.25,14.25,5623.78
-1.75,14.25,5761.25
-1.25,14.25,5899.3
-0.75,14.25,6037.29
-0.25,14.25,6174.55
0.25,14.25,6310.39
0.75,14.25,6444.07
1.25,14.25,6574.82
1.75,14.25,6701.84
2.25,14.25,6824.23
2.75,14.25,6941.07
3.25,14.25,7051.33
3.75,14.25,7153.95
4.25,14.25,7247.8
4.75,14.25,7331.73
5.25,14.25,7404.61
5.75,14.25,7465.36
6.25,14.25,7512.99
6.75,14.25,7546.68
7.25,14.25,7565.79
7.75,14.25,7569.9
8.25,14.25,7558.81
8.75,14.25,7532.56
9.25,14.25,7491.41
9.75,14.25,7435.76
10.25,14.25,7366.17
10.75,14.25,7283.32
11.25,14.25,7187.91
11.75,14.25,7080.7
12.25,14.25,6962.48
12.75,14.25,6834.06
13.25,14.25,6696.28
13.75,14.25,6550.01
14.25,14.25,6396.21
14.75,14.25,6235.85
15.25,14.25,6069.98
15.75,14.25,5899.67
16.25,14.25,5726.02
16.75,14.25,5550.11
17.25,14.25,5372.99
17.75,14.25,5195.67
18.25,14.25,5019.07
18.75,14.25,4844.06
19.25,14.25,4671.4
19.75,14.25,4501.78
20.25,14.25,4335.76
20.75,14.25,4173.8
21.25,14.25,4016.26
21.75,14.25,3863.35
22.25,14.25,3715.13
22.75,14.25,3571.55
23.25,14.25,3432.43
23.75,14.25,3297.46
24.25,14.25,3166.27
24.75,14.25,3038.45
25.25,14.25,2913.57
25.75,14.25,2791.24
26.25,14.25,2671.13
26.75,14.25,2553
27.25,14.25,2436.69
27.75,14.25,2322.14
28.25,14.25,2209.34
28.75,14.25,2098.36
29.25,14.25,1989.26
29.75,14.25,1882.12
30.25,14.25,1776.98
30.75,14.25,1673.87
31.25,14.25,1572.8
31.75,14.25,1473.76
32.25,14.25,1376.75
32.75,14.25,1281.81
33.25,14.25,1189.03
33.75,14.25,1098.57
34.25,14.25,1010.63
34.75,14.25,925.503
35.25,14.25,843.495
35.75,14.25,764.938
36.25,14.25,690.149
36.75,14.25,619.411
37.25,14.25,552.954
37.75,14.25,490.939
38.25,14.25,433.459
38.75,14.25,380.536
39.25,14.25,332.137
39.75,14.25,288.172
40.25,14.25,248.512
40.75,14.25,212.991
41.25,14.25,181.412
41.75,14.25,153.555
42.25,14.25,129.171
42.75,14.25,107.995
43.25,14.25,89.7498
43.75,14.25,74.1467
44.25,14.25,60.8871
44.75,14.25,49.671
-44.75,14.75,34.0712
-44.25,14.75,36.2573
-43.75,14.75,38.535
-43.25,14.75,41.2021
-42.75,14.75,44.5252
-42.25,14.75,48.6952
-41.75,14.75,53.9191
-41.25,14.75,60.4331
-40.75,14.75,68.5069
-40.25,14.75,78.4447
-39.75,14.75,90.5832
-39.25,14.75,105.285
-38.75,14.75,122.926
-38.25,14.75,143.886
-37.75,14.75,168.525
-37.25,14.75,197.163
-36.75,14.75,230.07
-36.25,14.75,267.439
-35.75,14.75,309.386
-35.25,14.75,355.937
-34.75,14.75,407.031
-34.25,14.75,462.525
-33.75,14.75,522.201
-33.25,14.75,585.779
-32.75,14.75,652.925
-32.25,14.75,723.255
-31.75,14.75,796.346
-31.25,14.75,871.739
-30.75,14.75,948.947
-30.25,14.75,1027.47
-29.75,14.75,1106.78
-29.25,14.75,1186.38
-28.75,14.75,1265.78
-28.25,14.75,1344.52
-27.75,14.75,1422.22
-27.25,14.75,1498.53
-26.75,14.75,1573.21
-26.25,14.75,1646.07
-25.75,14.75,1716.99
-25.25,14.75,1785.93
-24.75,14.75,1852.91
-24.25,14.75,1917.99
-23.75,14.75,1981.29
-23.25,14.75,2042.97
-22.75,14.75,2103.24
-22.25,14.75,2162.33
-21.75,14.75,2220.53
-21.25,14.75,2278.17
-20.75,14.75,2335.6
-20.25,14.75,2393.17
-19.75,14.75,2451.23
-19.25,14.75,2510.09
-18.75,14.75,2570.01
-18.25,14.75,2631.17
-17.75,14.75,2693.64
-17.25,14.75,2757.4
-16.75,14.75,2822.32
-16.25,14.75,2888.19
-15.75,14.75,2954.75
-15.25,14.75,3021.73
-14.75,14.75,3088.87
-14.25,14.75,3155.98
-13.75,14.75,3222.98
-13.25,14.75,3289.89
-12.75,14.75,3356.86
-12.25,14.75,3424.18
-11.75,14.75,3492.24
-11.25,14.75,3561.51
-10.75,14.75,3632.52
-10.25,14.75,3705.81
-9.75,14.75,3781.92
-9.25,14.75,3861.35
-8.75,14.75,3944.53
-8.25,14.75,4031.84
-7.75,14.75,4123.55
-7.25,14.75,4219.83
-6.75,14.75,4320.76
-6.25,14.75,4426.32
-5.75,14.75,4536.38
-5.25,14.75,4650.73
-4.75,14.75,4769.06
-4.25,14.75,4890.99
-3.75,14.75,5016.08
-3.25,14.75,5143.85
-2.75,14.75,5273.77
-2.25,14.75,5405.3
-1.75,14.75,5537.88
-1.25,14.75,5670.94
-0.75,14.75,5803.88
-0.25,14.75,5936.11
0.25,14.75,6067.01
0.75,14.75,6195.89
1.25,14.75,6322.07
1.75,14.75,6444.76
2.25,14.75,6563.13
2.75,14.75,6676.27
3.25,14.75,6783.17
3.75,14.75,6882.8
4.25,14.75,6974.03
4.75,14.75,7055.74
5.25,14.75,7126.82
5.75,14.75,7186.22
6.25,14.75,7232.99
6.75,14.75,7266.35
7.25,14.75,7285.7
7.75,14.75,7290.62
8.25,14.75,7280.97
8.75,14.75,7256.79
9.25,14.75,7218.32
9.75,14.75,7165.97
10.25,14.75,7100.28
10.75,14.75,7021.87
11.25,14.75,6931.43
11.75,14.75,6829.65
12.25,14.75,6717.25
12.75,14.75,6594.99
13.25,14.75,6463.6
13.75,14.75,6323.92
14.25,14.75,6176.77
14.75,14.75,6023.07
15.25,14.75,5863.78
15.75,14.75,5699.91
16.25,14.75,5532.46
16.75,14.75,5362.48
17.25,14.75,5190.95
17.75,14.75,5018.86
18.25,14.75,4847.09
18.75,14.75,4676.5
19.25,14.75,4507.86
19.75,14.75,4341.85
20.25,14.75,4179.09
20.75,14.75,4020.07
21.25,14.75,3865.21
21.75,14.75,3714.77
22.25,14.75,3568.93
22.75,14.75,3427.72
23.25,14.75,3291.02
23.75,14.75,3158.64
24.25,14.75,3030.28
24.75,14.75,2905.56
25.25,14.75,2784.11
25.75,14.75,2665.54
26.25,14.75,2549.52
26.75,14.75,2435.76
27.25,14.75,2324.06
27.75,14.75,2214.29
28.25,14.75,2106.4
28.75,14.75,2000.36
29.25,14.75,1896.19
29.75,14.75,1793.91
30.25,14.75,1693.53
30.75,14.75,1595.04
31.25,14.75,1498.44
31.75,14.75,1403.7
32.25,14.75,1310.84
32.75,14.75,1219.9
33.25,14.75,1130.98
33.75,14.75,1044.25
34.25,14.75,959.947
34.75,14.75,878.37
35.25,14.75,799.845
35.75,14.75,724.712
36.25,14.75,653.289
36.75,14.75,585.856
37.25,14.75,522.627
37.75,14.75,463.747
38.25,14.75,409.284
38.75,14.75,359.238
39.25,14.75,313.549
39.75,14.75,272.106
40.25,14.75,234.762
40.75,14.75,201.337
41.25,14.75,171.63
41.75,14.75,145.42
42.25,14.75,122.465
42.75,14.75,102.513
43.25,14.75,85.2998
43.75,14.75,70.5588
44.25,14.75,58.0115
44.75,14.75,47.3802
-44.75,15.25,33.3634
-44.25,15.25,35.2388
-43.75,15.25,37.1738
-43.25,15.25,39.4553
-42.75,15.25,42.3335
-42.25,15.25,45.9814
-41.75,15.25,50.5849
-41.25,15.25,56.356
-40.75,15.25,63.5376
-40.25,15.25,72.4052
-39.75,15.25,83.2666
-39.25,15.25,96.4563
-38.75,15.25,112.328
-38.25,15.25,131.244
-37.75,15.25,153.553
-37.25,15.25,179.582
-36.75,15.25,209.612
-36.25,15.25,243.867
-35.75,15.25,282.501
-35.25,15.25,325.59
-34.75,15.25,373.131
-34.25,15.25,425.039
-33.75,15.25,481.155
-33.25,15.25,541.252
-32.75,15.25,605.035
-32.25,15.25,672.152
-31.75,15.25,742.196
-31.25,15.25,814.708
-30.75,15.25,889.192
-30.25,15.25,965.118
-29.75,15.25,1041.94
-29.25,15.25,1119.11
-28.75,15.25,1196.12
-28.25,15.25,1272.47
-27.75,15.25,1347.74
-27.25,15.25,1421.6
-26.75,15.25,1493.77
-26.25,15.25,1564.1
-25.75,15.25,1632.48
-25.25,15.25,1698.9
-24.75,15.25,1763.42
-24.25,15.25,1826.13
-23.75,15.25,1887.19
-23.25,15.25,1946.76
-22.75,15.25,2005.06
-22.25,15.25,2062.33
-21.75,15.25,2118.84
-21.25,15.25,2174.86
-20.75,15.25,2230.71
-20.25,15.25,2286.68
-19.75,15.25,2343.07
-19.25,15.25,2400.14
-18.75,15.25,2458.12
-18.25,15.25,2517.15
-17.75,15.25,2577.3
-17.25,15.25,2638.55
-16.75,15.25,2700.79
-16.25,15.25,2763.84
-15.75,15.25,2827.48
-15.25,15.25,2891.46
-14.75,15.25,2955.59
-14.25,15.25,3019.69
-13.75,15.25,3083.72
-13.25,15.25,3147.7
-12.75,15.25,3211.82
-12.25,15.25,3276.34
-11.75,15.25,3341.65
-11.25,15.25,3408.2
-10.75,15.25,3476.51
-10.25,15.25,3547.08
-9.75,15.25,3620.45
-9.25,15.25,3697.07
-8.75,15.25,3777.38
-8.25,15.25,3861.72
-7.75,15.25,3950.35
-7.25,15.25,4043.45
-6.75,15.25,4141.07
-6.25,15.25,4243.18
-5.75,15.25,4349.63
-5.25,15.25,4460.21
-4.75,15.25,4574.58
-4.25,15.25,4692.36
-3.75,15.25,4813.09
-3.25,15.25,4936.29
-2.75,15.25,5061.44
-2.25,15.25,5188.03
-1.75,15.25,5315.54
-1.25,15.25,5443.45
-0.75,15.25,5571.24
-0.25,15.25,5698.38
0.25,15.25,5824.32
0.75,15.25,5948.45
1.25,15.25,6070.13
1.75,15.25,6188.61
2.25,15.25,6303.09
2.75,15.25,6412.66
3.25,15.25,6516.34
3.75,15.25,6613.06
4.25,15.25,6701.74
4.75,15.25,6781.24
5.25,15.25,6850.48
5.75,15.25,6908.43
6.25,15.25,6954.19
6.75,15.25,6987
7.25,15.25,7006.3
7.75,15.25,7011.74
8.25,15.25,7003.18
8.75,15.25,6980.7
9.25,15.25,6944.55
9.75,15.25,6895.14
10.25,15.25,6833.01
10.75,15.25,6758.74
11.25,15.25,6672.99
11.75,15.25,6576.41
12.25,15.25,6469.66
12.75,15.25,6353.42
13.25,15.25,6228.38
13.75,15.25,6095.27
14.25,15.25,5954.85
14.75,15.25,5807.95
15.25,15.25,5655.44
15.75,15.25,5498.26
16.25,15.25,5337.36
16.75,15.25,5173.69
17.25,15.25,5008.22
17.75,15.25,4841.85
18.25,15.25,4675.47
18.75,15.25,4509.88
19.25,15.25,4345.85
19.75,15.25,4184.06
20.25,15.25,4025.13
20.75,15.25,3869.58
21.25,15.25,3717.86
21.75,15.25,3570.31
22.25,15.25,3427.15
22.75,15.25,3288.51
23.25,15.25,3154.36
23.75,15.25,3024.6
24.25,15.25,2898.99
24.75,15.25,2777.24
25.25,15.25,2659.02
25.75,15.25,2543.96
26.25,15.25,2431.73
26.75,15.25,2322.04
27.25,15.25,2214.63
27.75,15.25,2109.32
28.25,15.25,2006
28.75,15.25,1904.6
29.25,15.25,1805.05
29.75,15.25,1707.34
30.25,15.25,1611.44
30.75,15.25,1517.32
31.25,15.25,1424.94
31.75,15.25,1334.29
32.25,15.25,1245.37
32.75,15.25,1158.26
33.25,15.25,1073.05
33.75,15.25,989.954
34.25,15.25,909.21
34.75,15.25,831.131
35.25,15.25,756.056
35.75,15.25,684.327
36.25,15.25,616.263
36.75,15.25,552.131
37.25,15.25,492.131
37.75,15.25,436.387
38.25,15.25,384.943
38.75,15.25,337.774
39.25,15.25,294.796
39.75,15.25,255.879
40.25,15.25,220.857
40.75,15.25,189.541
41.25,15.25,161.722
41.75,15.25,137.178
42.25,15.25,115.675
42.75,15.25,96.9708
43.25,15.25,80.8165
43.75,15.25,66.9623
44.25,15.25,55.1505
44.75,15.25,45.1242
-44.75,15.75,32.7241
-44.25,15.75,34.2928
-43.75,15.75,35.8895
-43.25,15.75,37.791
-42.75,15.75,40.2322
-42.25,15.75,43.3698
-41.75,15.75,47.3702
-41.25,15.75,52.4232
-40.75,15.75,58.7466
-40.25,15.75,66.5894
-39.75,15.75,76.2321
-39.25,15.75,87.9834
-38.75,15.75,102.175
-38.25,15.75,119.149
-37.75,15.75,139.249
-37.25,15.75,162.799
-36.75,15.75,190.094
-36.25,15.75,221.381
-35.75,15.75,256.851
-35.25,15.75,296.623
-34.75,15.75,340.745
-34.25,15.75,389.188
-33.75,15.75,441.847
-33.25,15.75,498.54
-32.75,15.75,559.015
-32.25,15.75,622.948
-31.75,15.75,689.946
-31.25,15.75,759.557
-30.75,15.75,831.273
-30.25,15.75,904.548
-29.75,15.75,978.809
-29.25,15.75,1053.48
-28.75,15.75,1128.02
-28.25,15.75,1201.9
-27.75,15.75,1274.71
-27.25,15.75,1346.07
-26.75,15.75,1415.74
-26.25,15.75,1483.55
-25.75,15.75,1549.44
-25.25,15.75,1613.43
-24.75,15.75,1675.59
-24.25,15.75,1736.08
-23.75,15.75,1795.04
-23.25,15.75,1852.69
-22.75,15.75,1909.23
-22.25,15.75,1964.9
-21.75,15.75,2019.91
-21.25,15.75,2074.53
-20.75,15.75,2128.99
-20.25,15.75,2183.53
-19.75,15.75,2238.41
-19.25,15.75,2293.82
-18.75,15.75,2349.95
-18.25,15.75,2406.92
-17.75,15.75,2464.79
-17.25,15.75,2523.54
-16.75,15.75,2583.09
-16.25,15.75,2643.3
-15.75,15.75,2704
-15.25,15.75,2764.99
-14.75,15.75,2826.11
-14.25,15.75,2887.25
-13.75,15.75,2948.37
-13.25,15.75,3009.53
-12.75,15.75,3070.91
-12.25,15.75,3132.76
-11.75,15.75,3195.46
-11.25,15.75,3259.42
-10.75,15.75,3325.13
-10.25,15.75,3393.07
-9.75,15.75,3463.73
-9.25,15.75,3537.56
-8.75,15.75,3614.95
-8.25,15.75,3696.24
-7.75,15.75,3781.69
-7.25,15.75,3871.45
-6.75,15.75,3965.57
-6.25,15.75,4064.02
-5.75,15.75,4166.66
-5.25,15.75,4273.22
-4.75,15.75,4383.4
-4.25,15.75,4496.77
-3.75,15.75,4612.9
-3.25,15.75,4731.29
-2.75,15.75,4851.45
-2.25,15.75,4972.9
-1.75,15.75,5095.16
-1.25,15.75,5217.77
-0.75,15.75,5340.29
-0.25,15.75,5462.26
0.25,15.75,5583.2
0.75,15.75,5702.56
1.25,15.75,5819.76
1.75,15.75,5934.08
2.25,15.75,6044.73
2.75,15.75,6150.82
3.25,15.75,6251.35
3.75,15.75,6345.26
4.25,15.75,6431.44
4.75,15.75,6508.77
5.25,15.75,6576.17
5.75,15.75,6632.63
6.25,15.75,6677.28
6.75,15.75,6709.42
7.25,15.75,6728.51
7.75,15.75,6734.25
8.25,15.75,6726.54
8.75,15.75,6705.48
9.25,15.75,6671.36
9.75,15.75,6624.59
10.25,15.75,6565.69
10.75,15.75,6495.25
11.25,15.75,6413.87
11.75,15.75,6322.19
12.25,15.75,6220.81
12.75,15.75,6110.36
13.25,15.75,5991.46
13.75,15.75,5864.76
14.25,15.75,5730.97
14.75,15.75,5590.84
15.25,15.75,5445.17
15.75,15.75,5294.81
16.25,15.75,5140.66
16.75,15.75,4983.61
17.25,15.75,4824.55
17.75,15.75,4664.37
18.25,15.75,4503.87
18.75,15.75,4343.84
19.25,15.75,4185.01
19.75,15.75,4028.03
20.25,15.75,3873.5
20.75,15.75,3721.97
21.25,15.75,3573.9
21.75,15.75,3429.67
22.25,15.75,3289.56
22.75,15.75,3153.76
23.25,15.75,3022.36
23.75,15.75,2895.3
24.25,15.75,2772.46
24.75,15.75,2653.62
25.25,15.75,2538.49
25.75,15.75,2426.76
26.25,15.75,2318.1
26.75,15.75,2212.2
27.25,15.75,2108.8
27.75,15.75,2007.66
28.25,15.75,1908.61
28.75,15.75,1811.51
29.25,15.75,1716.28
29.75,15.75,1622.83
30.25,15.75,1531.1
30.75,15.75,1441.04
31.25,15.75,1352.61
31.75,15.75,1265.79
32.25,15.75,1180.59
32.75,15.75,1097.1
33.25,15.75,1015.45
33.75,15.75,935.846
34.25,15.75,858.554
34.75,15.75,783.895
35.25,15.75,712.214
35.75,15.75,643.853
36.25,15.75,579.119
36.75,15.75,518.266
37.25,15.75,461.475
37.75,15.75,408.848
38.25,15.75,360.405
38.75,15.75,316.096
39.25,15.75,275.818
39.75,15.75,239.419
40.25,15.75,206.719
40.75,15.75,177.517
41.25,15.75,151.599
41.75,15.75,128.744
42.25,15.75,108.72
42.75,15.75,91.2945
43.25,15.75,76.2326
43.75,15.75,63.2998
44.25,15.75,52.2567
44.75,15.75,42.8657
-44.75,16.25,32.053
-44.25,16.25,33.3268
-43.75,16.25,34.5974
-43.25,16.25,36.1324
-42.75,16.25,38.1523
-42.25,16.25,40.7991
-41.75,16.25,44.222
-41.25,16.25,48.5902
-40.75,16.25,54.099
-40.25,16.25,60.9727
-39.75,16.25,69.4666
-39.25,16.25,79.8649
-38.75,16.25,92.4767
-38.25,16.25,107.628
-37.75,16.25,125.65
-37.25,16.25,146.867
-36.75,16.25,171.58
-36.25,16.25,200.057
-35.75,16.25,232.516
-35.25,16.25,269.118
-34.75,16.25,309.954
-34.25,16.25,355.045
-33.75,16.25,404.334
-33.25,16.25,457.686
-32.75,16.25,514.884
-32.25,16.25,575.635
-31.75,16.25,639.564
-31.25,16.25,706.225
-30.75,16.25,775.108
-30.25,16.25,845.654
-29.75,16.25,917.271
-29.25,16.25,989.364
-28.75,16.25,1061.36
-28.25,16.25,1132.73
-27.75,16.25,1203.02
-27.25,16.25,1271.89
-26.75,16.25,1339.07
-26.25,16.25,1404.42
-25.75,16.25,1467.91
-25.25,16.25,1529.58
-24.75,16.25,1589.54
-24.25,16.25,1647.95
-23.75,16.25,1705.02
-23.25,16.25,1760.95
-22.75,16.25,1815.94
-22.25,16.25,1870.21
-21.75,16.25,1923.96
-21.25,16.25,1977.37
-20.75,16.25,2030.64
-20.25,16.25,2083.95
-19.75,16.25,2137.48
-19.25,16.25,2191.38
-18.75,16.25,2245.79
-18.25,16.25,2300.81
-17.75,16.25,2356.49
-17.25,16.25,2412.82
-16.75,16.25,2469.74
-16.25,16.25,2527.18
-15.75,16.25,2584.99
-15.25,16.25,2643.05
-14.75,16.25,2701.23
-14.25,16.25,2759.48
-13.75,16.25,2817.78
-13.25,16.25,2876.22
-12.75,16.25,2934.95
-12.25,16.25,2994.25
-11.75,16.25,3054.43
-11.25,16.25,3115.89
-10.75,16.25,3179.08
-10.25,16.25,3244.43
-9.75,16.25,3312.4
-9.25,16.25,3383.41
-8.75,16.25,3457.84
-8.25,16.25,3536
-7.75,16.25,3618.14
-7.25,16.25,3704.42
-6.75,16.25,3794.89
-6.25,16.25,3889.5
-5.75,16.25,3988.11
-5.25,16.25,4090.47
-4.75,16.25,4196.23
-4.25,16.25,4305
-3.75,16.25,4416.32
-3.25,16.25,4529.7
-2.75,16.25,4644.68
-2.25,16.25,4760.81
-1.75,16.25,4877.65
-1.25,16.25,4994.82
-0.75,16.25,5111.94
-0.25,16.25,5228.62
0.25,16.25,5344.46
0.75,16.25,5458.98
1.25,16.25,5571.63
1.75,16.25,5681.76
2.25,16.25,5788.57
2.75,16.25,5891.18
3.25,16.25,5988.59
3.75,16.25,6079.72
4.25,16.25,6163.44
4.75,16.25,6238.64
5.25,16.25,6304.22
5.75,16.25,6359.21
6.25,16.25,6402.75
6.75,16.25,6434.17
7.25,16.25,6452.99
7.75,16.25,6458.92
8.25,16.25,6451.93
8.75,16.25,6432.14
9.25,16.25,6399.84
9.75,16.25,6355.47
10.25,16.25,6299.55
10.75,16.25,6232.64
11.25,16.25,6155.33
11.75,16.25,6068.22
12.25,16.25,5971.88
12.75,16.25,5866.88
13.25,16.25,5753.8
13.75,16.25,5633.25
14.25,16.25,5505.87
14.75,16.25,5372.35
15.25,16.25,5233.42
15.75,16.25,5089.9
16.25,16.25,4942.59
16.75,16.25,4792.35
17.25,16.25,4639.99
17.75,16.25,4486.34
18.25,16.25,4332.16
18.75,16.25,4178.17
19.25,16.25,4025.04
19.75,16.25,3873.41
20.25,16.25,3723.83
20.75,16.25,3576.83
21.25,16.25,3432.89
21.75,16.25,3292.4
22.25,16.25,3155.71
22.75,16.25,3023.06
23.25,16.25,2894.61
23.75,16.25,2770.41
24.25,16.25,2650.4
24.75,16.25,2534.46
25.25,16.25,2422.36
25.75,16.25,2313.83
26.25,16.25,2208.56
26.75,16.25,2106.25
27.25,16.25,2006.61
27.75,16.25,1909.36
28.25,16.25,1814.3
28.75,16.25,1721.23
29.25,16.25,1630
29.75,16.25,1540.51
30.25,16.25,1452.66
30.75,16.25,1366.37
31.25,16.25,1281.61
31.75,16.25,1198.36
32.25,16.25,1116.66
32.75,16.25,1036.6
33.25,16.25,958.33
33.75,16.25,882.082
34.25,16.25,808.136
34.75,16.25,736.817
35.25,16.25,668.468
35.75,16.25,603.424
36.25,16.25,541.978
36.75,16.25,484.367
37.25,16.25,430.75
37.75,16.25,381.203
38.25,16.25,335.724
38.75,16.25,294.243
39.25,16.25,256.634
39.75,16.25,222.73
40.25,16.25,192.338
40.75,16.25,165.247
41.25,16.25,141.237
41.75,16.25,120.086
42.25,16.25,101.566
42.75,16.25,85.4512
43.25,16.25,71.5172
43.75,16.25,59.5431
44.25,16.25,49.3056
44.75,16.25,40.5844
-44.75,16.75,31.2495
-44.25,16.75,32.2494
-43.75,16.75,33.2159
-43.25,16.75,34.4077
-42.75,16.75,36.032
-42.25,16.75,38.2179
-41.75,16.75,41.0993
-41.25,16.75,44.8274
-40.75,16.75,49.5766
-40.25,16.75,55.549
-39.75,16.75,62.976
-39.25,16.75,72.1187
-38.75,16.75,83.2648
-38.25,16.75,96.7223
-37.75,16.75,112.811
-37.25,16.75,131.848
-36.75,16.75,154.141
-36.25,16.75,179.97
-35.75,16.75,209.577
-35.25,16.75,243.156
-34.75,16.75,280.835
-34.25,16.75,322.679
-33.75,16.75,368.674
-33.25,16.75,418.727
-32.75,16.75,472.66
-32.25,16.75,530.209
-31.75,16.75,591.02
-31.25,16.75,654.661
-30.75,16.75,720.624
-30.25,16.75,788.347
-29.75,16.75,857.227
-29.25,16.75,926.656
-28.75,16.75,996.044
-28.25,16.75,1064.85
-27.75,16.75,1132.63
-27.25,16.75,1199.01
-26.75,16.75,1263.76
-26.25,16.75,1326.75
-25.75,16.75,1387.95
-25.25,16.75,1447.44
-24.75,16.75,1505.37
-24.25,16.75,1561.91
-23.75,16.75,1617.27
-23.25,16.75,1671.68
-22.75,16.75,1725.33
-22.25,16.75,1778.4
-21.75,16.75,1831.06
-21.25,16.75,1883.45
-20.75,16.75,1935.71
-20.25,16.75,1987.95
-19.75,16.75,2040.3
-19.25,16.75,2092.84
-18.75,16.75,2145.68
-18.25,16.75,2198.89
-17.75,16.75,2252.51
-17.25,16.75,2306.54
-16.75,16.75,2360.97
-16.25,16.75,2415.74
-15.75,16.75,2470.79
-15.25,16.75,2526.02
-14.75,16.75,2581.38
-14.25,16.75,2636.84
-13.75,16.75,2692.43
-13.25,16.75,2748.23
-12.75,16.75,2804.43
-12.25,16.75,2861.24
-11.75,16.75,2918.98
-11.25,16.75,2978
-10.75,16.75,3038.69
-10.25,16.75,3101.47
-9.75,16.75,3166.75
-9.25,16.75,3234.91
-8.75,16.75,3306.31
-8.25,16.75,3381.27
-7.75,16.75,3460.01
-7.25,16.75,3542.7
-6.75,16.75,3629.38
-6.25,16.75,3720.02
-5.75,16.75,3814.46
-5.25,16.75,3912.45
-4.75,16.75,4013.66
-4.25,16.75,4117.66
-3.75,16.75,4224.01
-3.25,16.75,4332.23
-2.75,16.75,4441.88
-2.25,16.75,4552.54
-1.75,16.75,4663.82
-1.25,16.75,4775.4
-0.75,16.75,4886.97
-0.25,16.75,4998.22
0.25,16.75,5108.82
0.75,16.75,5218.37
1.25,16.75,5326.36
1.75,16.75,5432.17
2.25,16.75,5535.05
2.75,16.75,5634.12
3.25,16.75,5728.35
3.75,16.75,5816.68
4.25,16.75,5897.94
4.75,16.75,5971.02
5.25,16.75,6034.84
5.75,16.75,6088.41
6.25,16.75,6130.89
6.75,16.75,6161.64
7.25,16.75,6180.2
7.75,16.75,6186.35
8.25,16.75,6180.05
8.75,16.75,6161.46
9.25,16.75,6130.89
9.75,16.75,6088.78
10.25,16.75,6035.65
10.75,16.75,5972.03
11.25,16.75,5898.51
11.75,16.75,5815.65
12.25,16.75,5724
12.75,16.75,5624.09
13.25,16.75,5516.48
13.75,16.75,5401.73
14.25,16.75,5280.45
14.75,16.75,5153.28
15.25,16.75,5020.93
15.75,16.75,4884.13
16.25,16.75,4743.66
16.75,16.75,4600.29
17.25,16.75,4454.8
17.75,16.75,4307.93
18.25,16.75,4160.37
18.75,16.75,4012.79
19.25,16.75,3865.79
19.75,16.75,3719.92
20.25,16.75,3575.74
20.75,16.75,3433.71
21.25,16.75,3294.32
21.75,16.75,3157.97
22.25,16.75,3025.03
22.75,16.75,2895.82
23.25,16.75,2770.56
23.75,16.75,2649.38
24.25,16.75,2532.32
24.75,16.75,2419.32
25.25,16.75,2310.23
25.75,16.75,2204.81
26.25,16.75,2102.81
26.75,16.75,2003.92
27.25,16.75,1907.83
27.75,16.75,1814.25
28.25,16.75,1722.91
28.75,16.75,1633.6
29.25,16.75,1546.11
29.75,16.75,1460.31
30.25,16.75,1376.06
30.75,16.75,1293.29
31.25,16.75,1211.96
31.75,16.75,1132.07
32.25,16.75,1053.67
32.75,16.75,976.868
33.25,16.75,901.846
33.75,16.75,828.845
34.25,16.75,758.154
34.75,16.75,690.103
35.25,16.75,625.029
35.75,16.75,563.251
36.25,16.75,505.047
36.75,16.75,450.629
37.25,16.75,400.133
37.75,16.75,353.614
38.25,16.75,311.047
38.75,16.75,272.342
39.25,16.75,237.356
39.75,16.75,205.909
40.25,16.75,177.795
40.75,16.75,152.796
41.25,16.75,130.688
41.75,16.75,111.245
42.25,16.75,94.2428
42.75,16.75,79.4603
43.25,16.75,66.6815
43.75,16.75,55.6969
44.25,16.75,46.2968
44.75,16.75,38.2761
-44.75,17.25,30.2324
-44.25,17.25,30.9873
-43.75,17.25,31.6807
-43.25,17.25,32.5622
-42.75,17.25,33.8265
-42.25,17.25,35.5917
-41.75,17.25,37.9782
-41.25,17.25,41.1213
-40.75,17.25,45.1767
-40.25,17.25,50.3257
-39.75,17.25,56.7779
-39.25,17.25,64.7722
-38.75,17.25,74.5749
-38.25,17.25,86.4759
-37.75,17.25,100.78
-37.25,17.25,117.799
-36.75,17.25,137.837
-36.25,17.25,161.184
-35.75,17.25,188.099
-35.25,17.25,218.799
-34.75,17.25,253.445
-34.25,17.25,292.139
-33.75,17.25,334.906
-33.25,17.25,381.692
-32.75,17.25,432.355
-32.25,17.25,486.664
-31.75,17.25,544.292
-31.25,17.25,604.824
-30.75,17.25,667.767
-30.25,17.25,732.561
-29.75,17.25,798.606
-29.25,17.25,865.287
-28.75,17.25,932.012
-28.25,17.25,998.237
-27.75,17.25,1063.5
-27.25,17.25,1127.45
-26.75,17.25,1189.85
-26.25,17.25,1250.59
-25.75,17.25,1309.66
-25.25,17.25,1367.15
-24.75,17.25,1423.22
-24.25,17.25,1478.07
-23.75,17.25,1531.93
-23.25,17.25,1585
-22.75,17.25,1637.47
-22.25,17.25,1689.51
-21.75,17.25,1741.24
-21.25,17.25,1792.75
-20.75,17.25,1844.13
-20.25,17.25,1895.43
-19.75,17.25,1946.71
-19.25,17.25,1998.02
-18.75,17.25,2049.43
-18.25,17.25,2100.96
-17.75,17.25,2152.67
-17.25,17.25,2204.57
-16.75,17.25,2256.66
-16.25,17.25,2308.94
-15.75,17.25,2361.37
-15.25,17.25,2413.94
-14.75,17.25,2466.62
-14.25,17.25,2519.42
-13.75,17.25,2572.41
-13.25,17.25,2625.68
-12.75,17.25,2679.41
-12.25,17.25,2733.8
-11.75,17.25,2789.13
-11.25,17.25,2845.73
-10.75,17.25,2903.94
-10.25,17.25,2964.14
-9.75,17.25,3026.7
-9.25,17.25,3091.98
-8.75,17.25,3160.33
-8.25,17.25,3232.02
-7.75,17.25,3307.3
-7.25,17.25,3386.33
-6.75,17.25,3469.15
-6.25,17.25,3555.73
-5.75,17.25,3645.92
-5.25,17.25,3739.45
-4.75,17.25,3836
-4.25,17.25,3935.14
-3.75,17.25,4036.42
-3.25,17.25,4139.39
-2.75,17.25,4243.6
-2.25,17.25,4348.67
-1.75,17.25,4454.28
-1.25,17.25,4560.14
-0.75,17.25,4666.03
-0.25,17.25,4771.7
0.25,17.25,4876.9
0.75,17.25,4981.31
1.25,17.25,5084.47
1.75,17.25,5185.8
2.25,17.25,5284.6
2.75,17.25,5379.98
3.25,17.25,5470.94
3.75,17.25,5556.38
4.25,17.25,5635.16
4.75,17.25,5706.14
5.25,17.25,5768.22
5.75,17.25,5820.42
6.25,17.25,5861.92
6.75,17.25,5892.1
7.25,17.25,5910.51
7.75,17.25,5916.95
8.25,17.25,5911.41
8.75,17.25,5894.06
9.25,17.25,5865.22
9.75,17.25,5825.31
10.25,17.25,5774.85
10.75,17.25,5714.37
11.25,17.25,5644.41
11.75,17.25,5565.53
12.25,17.25,5478.25
12.75,17.25,5383.09
13.25,17.25,5280.58
13.75,17.25,5171.26
14.25,17.25,5055.74
14.75,17.25,4934.62
15.25,17.25,4808.58
15.75,17.25,4678.33
16.25,17.25,4544.58
16.75,17.25,4408.06
17.25,17.25,4269.48
17.75,17.25,4129.5
18.25,17.25,3988.75
18.75,17.25,3847.81
19.25,17.25,3707.2
19.75,17.25,3567.42
20.25,17.25,3428.95
20.75,17.25,3292.23
21.25,17.25,3157.72
21.75,17.25,3025.82
22.25,17.25,2896.95
22.75,17.25,2771.44
23.25,17.25,2649.6
23.75,17.25,2531.63
24.25,17.25,2417.64
24.75,17.25,2307.64
25.25,17.25,2201.57
25.75,17.25,2099.24
26.25,17.25,2000.4
26.75,17.25,1904.79
27.25,17.25,1812.08
27.75,17.25,1721.96
28.25,17.25,1634.14
28.75,17.25,1548.35
29.25,17.25,1464.38
29.75,17.25,1382.03
30.25,17.25,1301.17
30.75,17.25,1221.72
31.25,17.25,1143.64
31.75,17.25,1066.94
32.25,17.25,991.696
32.75,17.25,918.04
33.25,17.25,846.169
33.75,17.25,776.338
34.25,17.25,708.843
34.75,17.25,644.009
35.25,17.25,582.163
35.75,17.25,523.606
36.25,17.25,468.593
36.75,17.25,417.315
37.25,17.25,369.881
37.75,17.25,326.325
38.25,17.25,286.602
38.75,17.25,250.607
39.25,17.25,218.182
39.75,17.25,189.135
40.25,17.25,163.252
40.75,17.25,140.308
41.25,17.25,120.075
41.75,17.25,102.326
42.25,17.25,86.8359
42.75,17.25,73.3889
43.25,17.25,61.7754
43.75,17.25,51.7951
44.25,17.25,43.2502
44.75,17.25,35.9491
-44.75,17.75,28.9573
-44.25,17.75,29.5008
-43.75,17.75,29.9585
-43.25,17.75,30.5695
-42.75,17.75,31.5168
-42.25,17.75,32.9092
-41.75,17.75,34.8555
-41.25,17.75,37.4765
-40.75,17.75,40.9112
-40.25,17.75,45.3218
-39.75,17.75,50.8972
-39.25,17.75,57.8551
-38.75,17.75,66.4409
-38.25,17.75,76.9255
-37.75,17.75,89.5982
-37.25,17.75,104.759
-36.75,17.75,122.708
-36.25,17.75,143.738
-35.75,17.75,168.117
-35.25,17.75,196.08
-34.75,17.75,227.815
-34.25,17.75,263.451
-33.75,17.75,303.05
-33.25,17.75,346.592
-32.75,17.75,393.974
-32.25,17.75,444.997
-31.75,17.75,499.368
-31.25,17.75,556.696
-30.75,17.75,616.511
-30.25,17.75,678.269
-29.75,17.75,741.381
-29.25,17.75,805.238
-28.75,17.75,869.252
-28.25,17.75,932.88
-27.75,17.75,995.665
-27.25,17.75,1057.25
-26.75,17.75,1117.42
-26.25,17.75,1176.05
-25.75,17.75,1233.15
-25.25,17.75,1288.82
-24.75,17.75,1343.23
-24.25,17.75,1396.59
-23.75,17.75,1449.11
-23.25,17.75,1501
-22.75,17.75,1552.43
-22.25,17.75,1603.54
-21.75,17.75,1654.43
-21.25,17.75,1705.13
-20.75,17.75,1755.69
-20.25,17.75,1806.11
-19.75,17.75,1856.4
-19.25,17.75,1906.57
-18.75,17.75,1956.63
-18.25,17.75,2006.62
-17.75,17.75,2056.56
-17.25,17.75,2106.49
-16.75,17.75,2156.42
-16.25,17.75,2206.39
-15.75,17.75,2256.4
-15.25,17.75,2306.47
-14.75,17.75,2356.63
-14.25,17.75,2406.93
-13.75,17.75,2457.43
-13.25,17.75,2508.26
-12.75,17.75,2559.58
-12.25,17.75,2611.6
-11.75,17.75,2664.55
-11.25,17.75,2718.73
-10.75,17.75,2774.45
-10.25,17.75,2832.05
-9.75,17.75,2891.87
-9.25,17.75,2954.25
-8.75,17.75,3019.51
-8.25,17.75,3087.93
-7.75,17.75,3159.73
-7.25,17.75,3235.08
-6.75,17.75,3314.02
-6.25,17.75,3396.52
-5.75,17.75,3482.43
-5.25,17.75,3571.49
-4.75,17.75,3663.34
-4.25,17.75,3757.58
-3.75,17.75,3853.75
-3.25,17.75,3951.41
-2.75,17.75,4050.13
-2.25,17.75,4149.56
-1.75,17.75,4249.41
-1.25,17.75,4349.48
-0.75,17.75,4449.57
-0.25,17.75,4549.55
0.25,17.75,4649.21
0.75,17.75,4748.31
1.25,17.75,4846.46
1.75,17.75,4943.14
2.25,17.75,5037.67
2.75,17.75,5129.2
3.25,17.75,5216.74
3.75,17.75,5299.2
4.25,17.75,5375.43
4.75,17.75,5444.26
5.25,17.75,5504.62
5.75,17.75,5555.52
6.25,17.75,5596.15
6.75,17.75,5625.86
7.25,17.75,5644.25
7.75,17.75,5651.11
8.25,17.75,5646.44
8.75,17.75,5630.42
9.25,17.75,5603.36
9.75,17.75,5565.67
10.25,17.75,5517.84
10.75,17.75,5460.4
11.25,17.75,5393.86
11.75,17.75,5318.74
12.25,17.75,5235.57
12.75,17.75,5144.85
13.25,17.75,5047.1
13.75,17.75,4942.89
14.25,17.75,4832.77
14.75,17.75,4717.39
15.25,17.75,4597.38
15.75,17.75,4473.43
16.25,17.75,4346.22
16.75,17.75,4216.43
17.25,17.75,4084.68
17.75,17.75,3951.59
18.25,17.75,3817.68
18.75,17.75,3683.46
19.25,17.75,3549.37
19.75,17.75,3415.84
20.25,17.75,3283.28
20.75,17.75,3152.1
21.25,17.75,3022.71
21.75,17.75,2895.52
22.25,17.75,2770.95
22.75,17.75,2649.39
23.25,17.75,2531.18
23.75,17.75,2416.59
24.25,17.75,2305.81
24.75,17.75,2198.91
25.25,17.75,2095.88
25.75,17.75,1996.61
26.25,17.75,1900.88
26.75,17.75,1808.43
27.25,17.75,1718.95
27.75,17.75,1632.12
28.25,17.75,1547.62
28.75,17.75,1465.17
29.25,17.75,1384.51
29.75,17.75,1305.44
30.25,17.75,1227.82
30.75,17.75,1151.55
31.25,17.75,1076.59
31.75,17.75,1002.99
32.25,17.75,930.822
32.75,17.75,860.251
33.25,17.75,791.487
33.75,17.75,724.792
34.25,17.75,660.464
34.75,17.75,598.821
35.25,17.75,540.172
35.75,17.75,484.798
36.25,17.75,432.931
36.75,17.75,384.734
37.25,17.75,340.297
37.75,17.75,299.631
38.25,17.75,262.675
38.75,17.75,229.31
39.25,17.75,199.368
39.75,17.75,172.648
40.25,17.75,148.93
40.75,17.75,127.983
41.25,17.75,109.576
41.75,17.75,93.4803
42.25,17.75,79.472
42.75,17.75,67.3384
43.25,17.75,56.8756
43.75,17.75,47.8914
44.25,17.75,40.1987
44.75,17.75,33.6178
-44.75,18.25,27.4251
-44.25,18.25,27.7921
-43.75,18.25,28.0536
-43.25,18.25,28.4373
-42.75,18.25,29.1149
-42.25,18.25,30.1867
-41.75,18.25,31.7513
-41.25,18.25,33.9168
-40.75,18.25,36.8069
-40.25,18.25,40.5661
-39.75,18.25,45.364
-39.25,18.25,51.3975
-38.75,18.25,58.8918
-38.25,18.25,68.0979
-37.75,18.25,79.2879
-37.25,18.25,92.7478
-36.75,18.25,108.77
-36.25,18.25,127.643
-35.75,18.25,149.64
-35.25,18.25,175.007
-34.75,18.25,203.949
-34.25,18.25,236.62
-33.75,18.25,273.111
-33.25,18.25,313.436
-32.75,18.25,357.527
-32.25,18.25,405.223
-31.75,18.25,456.265
-31.25,18.25,510.299
-30.75,18.25,566.884
-30.25,18.25,625.504
-29.75,18.25,685.592
-29.25,18.25,746.558
-28.75,18.25,807.824
-28.25,18.25,868.858
-27.75,18.25,929.207
-27.25,18.25,988.52
-26.75,18.25,1046.57
-26.25,18.25,1103.24
-25.75,18.25,1158.55
-25.25,18.25,1212.59
-24.75,18.25,1265.52
-24.25,18.25,1317.55
-23.75,18.25,1368.88
-23.25,18.25,1419.7
-22.75,18.25,1470.18
-22.25,18.25,1520.42
-21.75,18.25,1570.48
-21.25,18.25,1620.38
-20.75,18.25,1670.11
-20.25,18.25,1719.64
-19.75,18.25,1768.94
-19.25,18.25,1817.99
-18.75,18.25,1866.77
-18.25,18.25,1915.29
-17.75,18.25,1963.58
-17.25,18.25,2011.68
-16.75,18.25,2059.63
-16.25,18.25,2107.46
-15.75,18.25,2155.24
-15.25,18.25,2203
-14.75,18.25,2250.81
-14.25,18.25,2298.73
-13.75,18.25,2346.87
-13.25,18.25,2395.35
-12.75,18.25,2444.32
-12.25,18.25,2493.98
-11.75,18.25,2544.56
-11.25,18.25,2596.31
-10.75,18.25,2649.53
-10.25,18.25,2704.51
-9.75,18.25,2761.58
-9.25,18.25,2821.06
-8.75,18.25,2883.24
-8.25,18.25,2948.4
-7.75,18.25,3016.76
-7.25,18.25,3088.46
-6.75,18.25,3163.57
-6.25,18.25,3242.03
-5.75,18.25,3323.69
-5.25,18.25,3408.3
-4.75,18.25,3495.48
-4.25,18.25,3584.84
-3.75,18.25,3675.91
-3.25,18.25,3768.27
-2.75,18.25,3861.5
-2.25,18.25,3955.29
-1.75,18.25,4049.38
-1.25,18.25,4143.62
-0.75,18.25,4237.89
-0.25,18.25,4332.1
0.25,18.25,4426.14
0.75,18.25,4519.81
1.25,18.25,4612.82
1.75,18.25,4704.69
2.25,18.25,4794.79
2.75,18.25,4882.3
3.25,18.25,4966.28
3.75,18.25,5045.63
4.25,18.25,5119.2
4.75,18.25,5185.86
5.25,18.25,5244.49
5.75,18.25,5294.12
6.25,18.25,5333.92
6.75,18.25,5363.28
7.25,18.25,5381.76
7.75,18.25,5389.17
8.25,18.25,5385.51
8.75,18.25,5370.93
9.25,18.25,5345.73
9.75,18.25,5310.32
10.25,18.25,5265.14
10.75,18.25,5210.69
11.25,18.25,5147.47
11.75,18.25,5075.99
12.25,18.25,4996.73
12.75,18.25,4910.22
13.25,18.25,4816.98
13.75,18.25,4717.57
14.25,18.25,4612.57
14.75,18.25,4502.61
15.25,18.25,4388.35
15.75,18.25,4270.43
16.25,18.25,4149.51
16.75,18.25,4026.22
17.25,18.25,3901.14
17.75,18.25,3774.79
18.25,18.25,3647.63
18.75,18.25,3520.08
19.25,18.25,3392.5
19.75,18.25,3265.26
20.25,18.25,3138.69
20.75,18.25,3013.16
21.25,18.25,2889.04
21.75,18.25,2766.75
22.25,18.25,2646.69
22.75,18.25,2529.28
23.25,18.25,2414.89
23.75,18.25,2303.86
24.25,18.25,2196.41
24.75,18.25,2092.7
25.25,18.25,1992.77
25.75,18.25,1896.54
26.25,18.25,1803.85
26.75,18.25,1714.47
27.25,18.25,1628.09
27.75,18.25,1544.4
28.25,18.25,1463.06
28.75,18.25,1383.79
29.25,18.25,1306.3
29.75,18.25,1230.38
30.25,18.25,1155.88
30.75,18.25,1082.7
31.25,18.25,1010.81
31.75,18.25,940.264
32.25,18.25,871.161
32.75,18.25,803.67
33.25,18.25,738.015
33.75,18.25,674.461
34.25,18.25,613.302
34.75,18.25,554.843
35.25,18.25,499.374
35.75,18.25,447.154
36.25,18.25,398.387
36.75,18.25,353.215
37.25,18.25,311.704
37.75,18.25,273.849
38.25,18.25,239.575
38.75,18.25,208.75
39.25,18.25,181.2
39.75,18.25,156.717
40.25,18.25,135.077
40.75,18.25,116.046
41.25,18.25,99.3906
41.75,18.25,84.8811
42.25,18.25,72.2958
42.75,18.25,61.4248
43.25,18.25,52.0703
43.75,18.25,44.0479
44.25,18.25,37.1801
44.75,18.25,31.299
-44.75,18.75,25.6794
-44.25,18.75,25.903
-43.75,18.75,26.0073
-43.25,18.75,26.2071
-42.75,18.75,26.6628
-42.25,18.75,27.4669
-41.75,18.75,28.7087
-41.25,18.75,30.4849
-40.75,18.75,32.905
-40.25,18.75,36.0973
-39.75,18.75,40.2132
-39.25,18.75,45.4299
-38.75,18.75,51.9523
-38.25,18.75,60.0114
-37.75,18.75,69.8607
-37.25,18.75,81.7703
-36.75,18.75,96.0205
-36.25,18.75,112.892
-35.75,18.75,132.657
-35.25,18.75,155.566
-34.75,18.75,181.835
-34.25,18.75,211.638
-33.75,18.75,245.09
-33.25,18.75,282.234
-32.75,18.75,323.038
-32.25,18.75,367.379
-31.75,18.75,415.038
-31.25,18.75,465.703
-30.75,18.75,518.973
-30.25,18.75,574.369
-29.75,18.75,631.358
-29.25,18.75,689.377
-28.75,18.75,747.869
-28.25,18.75,806.318
-27.75,18.75,864.277
-27.25,18.75,921.4
-26.75,18.75,977.453
-26.25,18.75,1032.32
-25.75,18.75,1085.99
-25.25,18.75,1138.56
-24.75,18.75,1190.17
-24.25,18.75,1241
-23.75,18.75,1291.25
-23.25,18.75,1341.08
-22.75,18.75,1390.63
-22.25,18.75,1439.98
-21.75,18.75,1489.18
-21.25,18.75,1538.21
-20.75,18.75,1587.03
-20.25,18.75,1635.6
-19.75,18.75,1683.84
-19.25,18.75,1731.72
-18.75,18.75,1779.21
-18.25,18.75,1826.3
-17.75,18.75,1873.02
-17.25,18.75,1919.41
-16.75,18.75,1965.5
-16.25,18.75,2011.37
-15.75,18.75,2057.08
-15.25,18.75,2102.7
-14.75,18.75,2148.31
-14.25,18.75,2194
-13.75,18.75,2239.88
-13.25,18.75,2286.07
-12.75,18.75,2332.74
-12.25,18.75,2380.07
-11.75,18.75,2428.27
-11.25,18.75,2477.58
-10.75,18.75,2528.28
-10.25,18.75,2580.64
-9.75,18.75,2634.97
-9.25,18.75,2691.56
-8.75,18.75,2750.71
-8.25,18.75,2812.67
-7.75,18.75,2877.65
-7.25,18.75,2945.8
-6.75,18.75,3017.16
-6.25,18.75,3091.67
-5.75,18.75,3169.18
-5.25,18.75,3249.41
-4.75,18.75,3332.01
-4.25,18.75,3416.55
-3.75,18.75,3502.6
-3.25,18.75,3589.71
-2.75,18.75,3677.53
-2.25,18.75,3765.74
-1.75,18.75,3854.13
-1.25,18.75,3942.6
-0.75,18.75,4031.09
-0.25,18.75,4119.56
0.25,18.75,4207.96
0.75,18.75,4296.19
1.25,18.75,4383.99
1.75,18.75,4470.96
2.25,18.75,4556.52
2.75,18.75,4639.9
3.25,18.75,4720.18
3.75,18.75,4796.29
4.25,18.75,4867.12
4.75,18.75,4931.51
5.25,18.75,4988.38
5.75,18.75,5036.74
6.25,18.75,5075.75
6.75,18.75,5104.8
7.25,18.75,5123.46
7.75,18.75,5131.52
8.25,18.75,5128.96
8.75,18.75,5115.92
9.25,18.75,5092.68
9.75,18.75,5059.6
10.25,18.75,5017.11
10.75,18.75,4965.66
11.25,18.75,4905.74
11.75,18.75,4837.8
12.25,18.75,4762.36
12.75,18.75,4679.91
13.25,18.75,4590.99
13.75,18.75,4496.16
14.25,18.75,4396.04
14.75,18.75,4291.24
15.25,18.75,4182.43
15.75,18.75,4070.26
16.25,18.75,3955.35
16.75,18.75,3838.29
17.25,18.75,3719.6
17.75,18.75,3599.75
18.25,18.75,3479.13
18.75,18.75,3358.08
19.25,18.75,3236.89
19.75,18.75,3115.86
20.25,18.75,2995.26
20.75,18.75,2875.41
21.25,18.75,2756.65
21.75,18.75,2639.37
22.25,18.75,2523.97
22.75,18.75,2410.88
23.25,18.75,2300.49
23.75,18.75,2193.17
24.25,18.75,2089.2
24.75,18.75,1988.77
25.25,18.75,1891.97
25.75,18.75,1798.79
26.25,18.75,1709.1
26.75,18.75,1622.69
27.25,18.75,1539.29
27.75,18.75,1458.6
28.25,18.75,1380.29
28.75,18.75,1304.05
29.25,18.75,1229.62
29.75,18.75,1156.76
30.25,18.75,1085.32
30.75,18.75,1015.2
31.25,18.75,946.373
31.75,18.75,878.897
32.25,18.75,812.883
32.75,18.75,748.508
33.25,18.75,685.998
33.75,18.75,625.616
34.25,18.75,567.647
34.75,18.75,512.379
35.25,18.75,460.081
35.75,18.75,410.987
36.25,18.75,365.277
36.75,18.75,323.07
37.25,18.75,284.412
37.75,18.75,249.282
38.25,18.75,217.594
38.75,18.75,189.209
39.25,18.75,163.946
39.75,18.75,141.595
40.25,18.75,121.927
40.75,18.75,104.71
41.25,18.75,89.7069
41.75,18.75,76.6912
42.25,18.75,65.4434
42.75,18.75,55.758
43.25,18.75,47.4435
43.75,18.75,40.3238
44.25,18.75,34.2315
44.75,18.75,29.0093
-44.75,19.25,23.7937
-44.25,19.25,23.9043
-43.75,19.25,23.8881
-43.25,19.25,23.9457
-42.75,19.25,24.2255
-42.25,19.25,24.8126
-41.75,19.25,25.7879
-41.25,19.25,27.2372
-40.75,19.25,29.2572
-40.25,19.25,31.9613
-39.75,19.25,35.4837
-39.25,19.25,39.9831
-38.75,19.25,45.6445
-38.25,19.25,52.6788
-37.75,19.25,61.32
-37.25,19.25,71.8206
-36.75,19.25,84.4456
-36.25,19.25,99.4649
-35.75,19.25,117.144
-35.25,19.25,137.733
-34.75,19.25,161.455
-34.25,19.25,188.496
-33.75,19.25,218.99
-33.25,19.25,253.009
-32.75,19.25,290.552
-32.25,19.25,331.536
-31.75,19.25,375.786
-31.25,19.25,423.036
-30.75,19.25,472.932
-30.25,19.25,525.042
-29.75,19.25,578.874
-29.25,19.25,633.903
-28.75,19.25,689.602
-28.25,19.25,745.474
-27.75,19.25,801.084
-27.25,19.25,856.086
-26.75,19.25,910.24
-26.25,19.25,963.416
-25.75,19.25,1015.59
-25.25,19.25,1066.81
-24.75,19.25,1117.2
-24.25,19.25,1166.93
-23.75,19.25,1216.15
-23.25,19.25,1265
-22.75,19.25,1313.6
-22.25,19.25,1362
-21.75,19.25,1410.23
-21.25,19.25,1458.26
-20.75,19.25,1506.04
-20.25,19.25,1553.5
-19.75,19.25,1600.57
-19.25,19.25,1647.19
-18.75,19.25,1693.33
-18.25,19.25,1738.98
-17.75,19.25,1784.15
-17.25,19.25,1828.88
-16.75,19.25,1873.23
-16.25,19.25,1917.26
-15.75,19.25,1961.04
-15.25,19.25,2004.66
-14.75,19.25,2048.2
-14.25,19.25,2091.76
-13.75,19.25,2135.47
-13.25,19.25,2179.44
-12.75,19.25,2223.84
-12.25,19.25,2268.85
-11.75,19.25,2314.67
-11.25,19.25,2361.54
-10.75,19.25,2409.72
-10.25,19.25,2459.47
-9.75,19.25,2511.08
-9.25,19.25,2564.84
-8.75,19.25,2621.03
-8.25,19.25,2679.88
-7.75,19.25,2741.61
-7.25,19.25,2806.32
-6.75,19.25,2874.06
-6.25,19.25,2944.76
-5.75,19.25,3018.23
-5.25,19.25,3094.22
-4.75,19.25,3172.34
-4.25,19.25,3252.18
-3.75,19.25,3333.31
-3.25,19.25,3415.32
-2.75,19.25,3497.84
-2.25,19.25,3580.61
-1.75,19.25,3663.46
-1.25,19.25,3746.31
-0.75,19.25,3829.16
-0.25,19.25,3912.02
0.25,19.25,3994.9
0.75,19.25,4077.76
1.25,19.25,4160.39
1.75,19.25,4242.46
2.25,19.25,4323.45
2.75,19.25,4402.63
3.25,19.25,4479.14
3.75,19.25,4551.93
4.25,19.25,4619.91
4.75,19.25,4681.96
5.25,19.25,4736.99
5.75,19.25,4784.02
6.25,19.25,4822.23
6.75,19.25,4850.98
7.25,19.25,4869.84
7.75,19.25,4878.58
8.25,19.25,4877.17
8.75,19.25,4865.73
9.25,19.25,4844.5
9.75,19.25,4813.81
10.25,19.25,4774.05
10.75,19.25,4725.63
11.25,19.25,4669
11.75,19.25,4604.61
12.25,19.25,4532.94
12.75,19.25,4454.47
13.25,19.25,4369.76
13.75,19.25,4279.37
14.25,19.25,4183.93
14.75,19.25,4084.08
15.25,19.25,3980.48
15.75,19.25,3873.77
16.25,19.25,3764.56
16.75,19.25,3653.41
17.25,19.25,3540.8
17.75,19.25,3427.13
18.25,19.25,3312.75
18.75,19.25,3197.93
19.25,19.25,3082.92
19.75,19.25,2967.92
20.25,19.25,2853.19
20.75,19.25,2738.98
21.25,19.25,2625.6
21.75,19.25,2513.41
22.25,19.25,2402.79
22.75,19.25,2294.16
23.25,19.25,2187.93
23.75,19.25,2084.46
24.25,19.25,1984.08
24.75,19.25,1887.02
25.25,19.25,1793.4
25.75,19.25,1703.26
26.25,19.25,1616.52
26.75,19.25,1533.01
27.25,19.25,1452.49
27.75,19.25,1374.68
28.25,19.25,1299.28
28.75,19.25,1225.98
29.25,19.25,1154.52
29.75,19.25,1084.66
30.25,19.25,1016.25
30.75,19.25,949.186
31.25,19.25,883.448
31.75,19.25,819.087
32.25,19.25,756.217
32.75,19.25,695.015
33.25,19.25,635.704
33.75,19.25,578.537
34.25,19.25,523.786
34.75,19.25,471.717
35.25,19.25,422.579
35.75,19.25,376.58
36.25,19.25,333.878
36.75,19.25,294.568
37.25,19.25,258.681
37.75,19.25,226.183
38.25,19.25,196.977
38.75,19.25,170.92
39.25,19.25,147.826
39.75,19.25,127.485
40.25,19.25,109.668
40.75,19.25,94.142
41.25,19.25,80.6739
41.75,19.25,69.0391
42.25,19.25,59.0226
42.75,19.25,50.4253
43.25,19.25,43.0631
43.75,19.25,36.7688
44.25,19.25,31.3851
44.75,19.25,26.7657
-44.75,19.75,21.8556
-44.25,19.75,21.8811
-43.75,19.75,21.7783
-43.25,19.75,21.7321
-42.75,19.75,21.8788
-42.25,19.75,22.2959
-41.75,19.75,23.0559
-41.25,19.75,24.235
-40.75,19.75,25.9182
-40.25,19.75,28.205
-39.75,19.75,31.2138
-39.25,19.75,35.0857
-38.75,19.75,39.9868
-38.25,19.75,46.1079
-37.75,19.75,53.6632
-37.25,19.75,62.8863
-36.75,19.75,74.0251
-36.25,19.75,87.3352
-35.75,19.75,103.073
-35.25,19.75,121.482
-34.75,19.75,142.788
-34.25,19.75,167.185
-33.75,19.75,194.822
-33.25,19.75,225.795
-32.75,19.75,260.134
-32.25,19.75,297.794
-31.75,19.75,338.645
-31.25,19.75,382.471
-30.75,19.75,428.968
-30.25,19.75,477.758
-29.75,19.75,528.399
-29.25,19.75,580.408
-28.75,19.75,633.295
-28.25,19.75,686.589
-27.75,19.75,739.869
-27.25,19.75,792.79
-26.75,19.75,845.103
-26.25,19.75,896.656
-25.75,19.75,947.394
-25.25,19.75,997.34
-24.75,19.75,1046.58
-24.25,19.75,1095.23
-23.75,19.75,1143.42
-23.25,19.75,1191.25
-22.75,19.75,1238.82
-22.25,19.75,1286.16
-21.75,19.75,1333.28
-21.25,19.75,1380.15
-20.75,19.75,1426.71
-20.25,19.75,1472.89
-19.75,19.75,1518.62
-19.25,19.75,1563.85
-18.75,19.75,1608.54
-18.25,19.75,1652.68
-17.75,19.75,1696.29
-17.25,19.75,1739.4
-16.75,19.75,1782.06
-16.25,19.75,1824.33
-15.75,19.75,1866.28
-15.25,19.75,1908
-14.75,19.75,1949.57
-14.25,19.75,1991.09
-13.75,19.75,2032.69
-13.25,19.75,2074.49
-12.75,19.75,2116.65
-12.25,19.75,2159.36
-11.75,19.75,2202.82
-11.25,19.75,2247.26
-10.75,19.75,2292.93
-10.25,19.75,2340.1
-9.75,19.75,2389.05
-9.25,19.75,2440.05
-8.75,19.75,2493.37
-8.25,19.75,2549.25
-7.75,19.75,2607.84
-7.25,19.75,2669.27
-6.75,19.75,2733.54
-6.25,19.75,2800.57
-5.75,19.75,2870.17
-5.25,19.75,2942.05
-4.75,19.75,3015.84
-4.25,19.75,3091.13
-3.75,19.75,3167.51
-3.25,19.75,3244.57
-2.75,19.75,3322
-2.25,19.75,3399.55
-1.75,19.75,3477.08
-1.25,19.75,3554.56
-0.75,19.75,3632.01
-0.25,19.75,3709.5
0.25,19.75,3787.09
0.75,19.75,3864.76
1.25,19.75,3942.39
1.75,19.75,4019.67
2.25,19.75,4096.15
2.75,19.75,4171.16
3.25,19.75,4243.85
3.75,19.75,4313.27
4.25,19.75,4378.33
4.75,19.75,4437.94
5.25,19.75,4491.05
5.75,19.75,4536.67
6.25,19.75,4574
6.75,19.75,4602.4
7.25,19.75,4621.42
7.75,19.75,4630.83
8.25,19.75,4630.57
8.75,19.75,4620.73
9.25,19.75,4601.53
9.75,19.75,4573.25
10.25,19.75,4536.24
10.75,19.75,4490.89
11.25,19.75,4437.58
11.75,19.75,4376.76
12.25,19.75,4308.85
12.75,19.75,4234.36
13.25,19.75,4153.8
13.75,19.75,4067.77
14.25,19.75,3976.9
14.75,19.75,3881.82
15.25,19.75,3783.2
15.75,19.75,3681.68
16.25,19.75,3577.86
16.75,19.75,3472.27
17.25,19.75,3365.37
17.75,19.75,3257.53
18.25,19.75,3149.04
18.75,19.75,3040.13
19.25,19.75,2931.01
19.75,19.75,2821.84
20.25,19.75,2712.81
20.75,19.75,2604.15
21.25,19.75,2496.13
21.75,19.75,2389.06
22.25,19.75,2283.3
22.75,19.75,2179.24
23.25,19.75,2077.28
23.75,19.75,1977.8
24.25,19.75,1881.11
24.75,19.75,1787.49
25.25,19.75,1697.1
25.75,19.75,1610
26.25,19.75,1526.18
26.75,19.75,1445.5
27.25,19.75,1367.78
27.75,19.75,1292.76
28.25,19.75,1220.17
28.75,19.75,1149.73
29.25,19.75,1081.18
29.75,19.75,1014.28
30.25,19.75,948.895
30.75,19.75,884.906
31.25,19.75,822.294
31.75,19.75,761.1
32.25,19.75,701.436
32.75,19.75,643.468
33.25,19.75,587.407
33.75,19.75,533.493
34.25,19.75,481.978
34.75,19.75,433.109
35.25,19.75,387.108
35.75,19.75,344.161
36.25,19.75,304.404
36.75,19.75,267.913
37.25,19.75,234.704
37.75,19.75,204.731
38.25,19.75,177.892
38.75,19.75,154.037
39.25,19.75,132.983
39.75,19.75,114.518
40.25,19.75,98.4167
40.75,19.75,84.4478
41.25,19.75,72.3834
41.75,19.75,62.0038
42.25,19.75,53.1009
42.75,19.75,45.483
43.25,19.75,38.9749
43.75,19.75,33.4191
44.25,19.75,28.6686
44.75,19.75,24.5878
-44.75,20.25,19.9525
-44.25,20.25,19.9189
-43.75,20.25,19.7601
-43.25,20.25,19.6446
-42.75,20.25,19.6962
-42.25,20.25,19.9847
-41.75,20.25,20.5749
-41.25,20.25,21.5338
-40.75,20.25,22.9358
-40.25,20.25,24.8678
-39.75,20.25,27.4338
-39.25,20.25,30.7585
-38.75,20.25,34.9896
-38.25,20.25,40.2988
-37.75,20.25,46.8803
-37.25,20.25,54.9479
-36.75,20.25,64.7313
-36.25,20.25,76.4701
-35.75,20.25,90.4072
-35.25,20.25,106.78
-34.75,20.25,125.81
-34.25,20.25,147.695
-33.75,20.25,172.597
-33.25,20.25,200.631
-32.75,20.25,231.856
-32.25,20.25,266.263
-31.75,20.25,303.766
-31.25,20.25,344.197
-30.75,20.25,387.309
-30.25,20.25,432.777
-29.75,20.25,480.214
-29.25,20.25,529.185
-28.75,20.25,579.241
-28.25,20.25,629.941
-27.75,20.25,680.88
-27.25,20.25,731.718
-26.75,20.25,782.193
-26.25,20.25,832.132
-25.75,20.25,881.445
-25.25,20.25,930.118
-24.75,20.25,978.187
-24.25,20.25,1025.73
-23.75,20.25,1072.82
-23.25,20.25,1119.55
-22.75,20.25,1165.97
-22.25,20.25,1212.1
-21.75,20.25,1257.94
-21.25,20.25,1303.46
-20.75,20.25,1348.6
-20.25,20.25,1393.31
-19.75,20.25,1437.53
-19.25,20.25,1481.21
-18.75,20.25,1524.34
-18.25,20.25,1566.89
-17.75,20.25,1608.89
-17.25,20.25,1650.36
-16.75,20.25,1691.34
-16.25,20.25,1731.9
-15.75,20.25,1772.08
-15.25,20.25,1811.97
-14.75,20.25,1851.64
-14.25,20.25,1891.19
-13.75,20.25,1930.73
-13.25,20.25,1970.41
-12.75,20.25,2010.37
-12.25,20.25,2050.8
-11.75,20.25,2091.92
-11.25,20.25,2133.96
-10.75,20.25,2177.17
-10.25,20.25,2221.82
-9.75,20.25,2268.19
-9.25,20.25,2316.53
-8.75,20.25,2367.11
-8.25,20.25,2420.13
-7.75,20.25,2475.75
-7.25,20.25,2534.05
-6.75,20.25,2595.01
-6.25,20.25,2658.53
-5.75,20.25,2724.4
-5.25,20.25,2792.33
-4.75,20.25,2861.95
-4.25,20.25,2932.87
-3.75,20.25,3004.68
-3.25,20.25,3077.02
-2.75,20.25,3149.58
-2.25,20.25,3222.18
-1.75,20.25,3294.69
-1.25,20.25,3367.11
-0.75,20.25,3439.51
-0.25,20.25,3511.98
0.25,20.25,3584.6
0.75,20.25,3657.39
1.25,20.25,3730.27
1.75,20.25,3802.98
2.25,20.25,3875.1
2.75,20.25,3946.02
3.25,20.25,4014.95
3.75,20.25,4080.98
4.25,20.25,4143.07
4.75,20.25,4200.17
5.25,20.25,4251.26
5.75,20.25,4295.38
6.25,20.25,4331.73
6.75,20.25,4359.67
7.25,20.25,4378.78
7.75,20.25,4388.78
8.25,20.25,4389.62
8.75,20.25,4381.35
9.25,20.25,4364.15
9.75,20.25,4338.27
10.25,20.25,4304.03
10.75,20.25,4261.75
11.25,20.25,4211.8
11.75,20.25,4154.57
12.25,20.25,4090.46
12.75,20.25,4019.95
13.25,20.25,3943.56
13.75,20.25,3861.84
14.25,20.25,3775.44
14.75,20.25,3684.99
15.25,20.25,3591.15
15.75,20.25,3494.57
16.25,20.25,3395.83
16.75,20.25,3295.47
17.25,20.25,3193.9
17.75,20.25,3091.5
18.25,20.25,2988.53
18.75,20.25,2885.19
19.25,20.25,2781.65
19.75,20.25,2678.05
20.25,20.25,2574.54
20.75,20.25,2471.31
21.25,20.25,2368.58
21.75,20.25,2266.62
22.25,20.25,2165.76
22.75,20.25,2066.35
23.25,20.25,1968.76
23.75,20.25,1873.35
24.25,20.25,1780.45
24.75,20.25,1690.34
25.25,20.25,1603.21
25.75,20.25,1519.17
26.25,20.25,1438.24
26.75,20.25,1360.35
27.25,20.25,1285.36
27.75,20.25,1213.06
28.25,20.25,1143.22
28.75,20.25,1075.57
29.25,20.25,1009.88
29.75,20.25,945.932
30.25,20.25,883.562
30.75,20.25,822.669
31.25,20.25,763.216
31.75,20.25,705.236
32.25,20.25,648.825
32.75,20.25,594.135
33.25,20.25,541.359
33.75,20.25,490.716
34.25,20.25,442.436
34.75,20.25,396.743
35.25,20.25,353.836
35.75,20.25,313.879
36.25,20.25,276.988
36.75,20.25,243.221
37.25,20.25,212.581
37.75,20.25,185.014
38.25,20.25,160.413
38.75,20.25,138.628
39.25,20.25,119.474
39.75,20.25,102.743
40.25,20.25,88.2145
40.75,20.25,75.663
41.25,20.25,64.8669
41.75,20.25,55.614
42.25,20.25,47.7046
42.75,20.25,40.9563
43.25,20.25,35.2036
43.75,20.25,30.2991
44.25,20.25,26.1063
44.75,20.25,22.4998
-44.75,20.75,18.1621
-44.25,20.75,18.0934
-43.75,20.75,17.9049
-43.25,20.75,17.7492
-42.75,20.75,17.7378
-42.25,20.75,17.9329
-41.75,20.75,18.3917
-41.25,20.75,19.173
-40.75,20.75,20.3417
-40.25,20.75,21.9734
-39.75,20.75,24.1587
-39.25,20.75,27.0072
-38.75,20.75,30.6494
-38.25,20.75,35.2384
-37.75,20.75,40.9487
-37.25,20.75,47.9745
-36.75,20.75,56.5263
-36.25,20.75,66.8264
-35.75,20.75,79.1033
-35.25,20.75,93.5835
-34.75,20.75,110.484
-34.25,20.75,130.004
-33.75,20.75,152.312
-33.25,20.75,177.542
-32.75,20.75,205.775
-32.25,20.75,237.037
-31.75,20.75,271.281
-31.25,20.75,308.388
-30.75,20.75,348.165
-30.25,20.75,390.341
-29.75,20.75,434.583
-29.25,20.75,480.508
-28.75,20.75,527.711
-28.25,20.75,575.782
-27.75,20.75,624.338
-27.25,20.75,673.044
-26.75,20.75,721.629
-26.25,20.75,769.896
-25.75,20.75,817.722
-25.25,20.75,865.048
-24.75,20.75,911.867
-24.25,20.75,958.201
-23.75,20.75,1004.09
-23.25,20.75,1049.58
-22.75,20.75,1094.7
-22.25,20.75,1139.45
-21.75,20.75,1183.82
-21.25,20.75,1227.8
-20.75,20.75,1271.34
-20.25,20.75,1314.39
-19.75,20.75,1356.93
-19.25,20.75,1398.93
-18.75,20.75,1440.36
-18.25,20.75,1481.23
-17.75,20.75,1521.55
-17.25,20.75,1561.34
-16.75,20.75,1600.65
-16.25,20.75,1639.5
-15.75,20.75,1677.94
-15.25,20.75,1716.04
-14.75,20.75,1753.86
-14.25,20.75,1791.48
-13.75,20.75,1829.03
-13.25,20.75,1866.63
-12.75,20.75,1904.44
-12.25,20.75,1942.65
-11.75,20.75,1981.49
-11.25,20.75,2021.2
-10.75,20.75,2062.02
-10.25,20.75,2104.24
-9.75,20.75,2148.12
-9.25,20.75,2193.93
-8.75,20.75,2241.9
-8.25,20.75,2292.21
-7.75,20.75,2344.99
-7.25,20.75,2400.31
-6.75,20.75,2458.1
-6.25,20.75,2518.26
-5.75,20.75,2580.55
-5.25,20.75,2644.68
-4.75,20.75,2710.3
-4.25,20.75,2777.01
-3.75,20.75,2844.45
-3.25,20.75,2912.29
-2.75,20.75,2980.27
-2.25,20.75,3048.22
-1.75,20.75,3116.06
-1.25,20.75,3183.82
-0.75,20.75,3251.56
-0.25,20.75,3319.41
0.25,20.75,3387.46
0.75,20.75,3455.75
1.25,20.75,3524.22
1.75,20.75,3592.64
2.25,20.75,3660.64
2.75,20.75,3727.64
3.25,20.75,3792.92
3.75,20.75,3855.6
4.25,20.75,3914.71
4.75,20.75,3969.25
5.25,20.75,4018.23
5.75,20.75,4060.75
6.25,20.75,4096
6.75,20.75,4123.39
7.25,20.75,4142.47
7.75,20.75,4152.98
8.25,20.75,4154.83
8.75,20.75,4148.05
9.25,20.75,4132.81
9.75,20.75,4109.3
10.25,20.75,4077.81
10.75,20.75,4038.61
11.25,20.75,3992.04
11.75,20.75,3938.42
12.25,20.75,3878.15
12.75,20.75,3811.65
13.25,20.75,3739.42
13.75,20.75,3661.99
14.25,20.75,3579.99
14.75,20.75,3494.04
15.25,20.75,3404.81
15.75,20.75,3312.92
16.25,20.75,3218.98
16.75,20.75,3123.5
17.25,20.75,3026.91
17.75,20.75,2929.58
18.25,20.75,2831.75
18.75,20.75,2733.63
19.25,20.75,2635.36
19.75,20.75,2537.07
20.25,20.75,2438.87
20.75,20.75,2340.91
21.25,20.75,2243.38
21.75,20.75,2146.49
22.25,20.75,2050.53
22.75,20.75,1955.8
23.25,20.75,1862.63
23.75,20.75,1771.36
24.25,20.75,1682.31
24.75,20.75,1595.76
25.25,20.75,1511.92
25.75,20.75,1430.95
26.25,20.75,1352.92
26.75,20.75,1277.8
27.25,20.75,1205.5
27.75,20.75,1135.88
28.25,20.75,1068.73
28.75,20.75,1003.84
29.25,20.75,940.98
29.75,20.75,879.953
30.25,20.75,820.598
30.75,20.75,762.805
31.25,20.75,706.529
31.75,20.75,651.784
32.25,20.75,598.647
32.75,20.75,547.248
33.25,20.75,497.758
33.75,20.75,450.372
34.25,20.75,405.296
34.75,20.75,362.73
35.25,20.75,322.85
35.75,20.75,285.799
36.25,20.75,251.672
36.75,20.75,220.517
37.25,20.75,192.324
37.75,20.75,167.032
38.25,20.75,144.532
38.75,20.75,124.673
39.25,20.75,107.275
39.75,20.75,92.1341
40.25,20.75,79.0366
40.75,20.75,67.7646
41.25,20.75,58.1055
41.75,20.75,49.8562
42.25,20.75,42.8271
42.75,20.75,36.8459
43.25,20.75,31.7575
43.75,20.75,27.4246
44.25,20.75,23.7207
44.75,20.75,20.5306
-44.75,21.25,16.5472
-44.25,21.25,16.4636
-43.75,21.25,16.2666
-43.25,21.25,16.0932
-42.75,21.25,16.0437
-42.25,21.25,16.173
-41.75,21.25,16.5315
-41.25,21.25,17.1703
-40.75,21.25,18.1459
-40.25,21.25,19.5238
-39.75,21.25,21.3826
-39.25,21.25,23.8177
-38.75,21.25,26.9436
-38.25,21.25,30.8955
-37.75,21.25,35.8289
-37.25,21.25,41.9186
-36.75,21.25,49.356
-36.25,21.25,58.3454
-35.75,21.25,69.1
-35.25,21.25,81.8345
-34.75,21.25,96.7588
-34.25,21.25,114.07
-33.75,21.25,133.944
-33.25,21.25,156.524
-32.75,21.25,181.915
-32.25,21.25,210.169
-31.75,21.25,241.279
-31.25,21.25,275.168
-30.75,21.25,311.69
-30.25,21.25,350.63
-29.75,21.25,391.706
-29.25,21.25,434.588
-28.75,21.25,478.911
-28.25,21.25,524.305
-27.75,21.25,570.406
-27.25,21.25,616.89
-26.75,21.25,663.48
-26.25,21.25,709.959
-25.75,21.25,756.171
-25.25,21.25,802.015
-24.75,21.25,847.437
-24.25,21.25,892.413
-23.75,21.25,936.942
-23.25,21.25,981.026
-22.75,21.25,1024.67
-22.25,21.25,1067.86
-21.75,21.25,1110.6
-21.25,21.25,1152.87
-20.75,21.25,1194.63
-20.25,21.25,1235.88
-19.75,21.25,1276.6
-19.25,21.25,1316.78
-18.75,21.25,1356.41
-18.25,21.25,1395.51
-17.75,21.25,1434.09
-17.25,21.25,1472.17
-16.75,21.25,1509.76
-16.25,21.25,1546.9
-15.75,21.25,1583.62
-15.25,21.25,1619.95
-14.75,21.25,1655.95
-14.25,21.25,1691.7
-13.75,21.25,1727.3
-13.25,21.25,1762.89
-12.75,21.25,1798.63
-12.25,21.25,1834.71
-11.75,21.25,1871.37
-11.25,21.25,1908.84
-10.75,21.25,1947.4
-10.25,21.25,1987.31
-9.75,21.25,2028.84
-9.25,21.25,2072.24
-8.75,21.25,2117.73
-8.25,21.25,2165.47
-7.75,21.25,2215.56
-7.25,21.25,2268.02
-6.75,21.25,2322.78
-6.25,21.25,2379.7
-5.75,21.25,2438.53
-5.25,21.25,2498.99
-4.75,21.25,2560.73
-4.25,21.25,2623.41
-3.75,21.25,2686.68
-3.25,21.25,2750.26
-2.75,21.25,2813.93
-2.25,21.25,2877.56
-1.75,21.25,2941.09
-1.25,21.25,3004.57
-0.75,21.25,3068.09
-0.25,21.25,3131.77
0.25,21.25,3195.69
0.75,21.25,3259.91
1.25,21.25,3324.36
1.75,21.25,3388.84
2.25,21.25,3452.99
2.75,21.25,3516.3
3.25,21.25,3578.08
3.75,21.25,3637.51
4.25,21.25,3693.68
4.75,21.25,3745.65
5.25,21.25,3792.48
5.75,21.25,3833.3
6.25,21.25,3867.38
6.75,21.25,3894.11
7.25,21.25,3913.06
7.75,21.25,3923.98
8.25,21.25,3926.75
8.75,21.25,3921.4
9.25,21.25,3908.04
9.75,21.25,3886.86
10.25,21.25,3858.07
10.75,21.25,3821.94
11.25,21.25,3778.74
11.75,21.25,3728.75
12.25,21.25,3672.32
12.75,21.25,3609.84
13.25,21.25,3541.76
13.75,21.25,3468.58
14.25,21.25,3390.91
14.75,21.25,3309.34
15.25,21.25,3224.54
15.75,21.25,3137.13
16.25,21.25,3047.7
16.75,21.25,2956.79
17.25,21.25,2864.84
17.75,21.25,2772.22
18.25,21.25,2679.19
18.75,21.25,2585.95
19.25,21.25,2492.65
19.75,21.25,2399.39
20.25,21.25,2306.28
20.75,21.25,2213.42
21.25,21.25,2120.96
21.75,21.25,2029.07
22.25,21.25,1937.96
22.75,21.25,1847.9
23.25,21.25,1759.16
23.75,21.25,1672.06
24.25,21.25,1586.9
24.75,21.25,1503.94
25.25,21.25,1423.44
25.75,21.25,1345.57
26.25,21.25,1270.43
26.75,21.25,1198.08
27.25,21.25,1128.47
27.75,21.25,1061.5
28.25,21.25,997.029
28.75,21.25,934.862
29.25,21.25,874.809
29.75,21.25,816.681
30.25,21.25,760.323
30.75,21.25,705.618
31.25,21.25,652.505
31.75,21.25,600.982
32.25,21.25,551.102
32.75,21.25,502.969
33.25,21.25,456.728
33.75,21.25,412.55
34.25,21.25,370.613
34.75,21.25,331.094
35.25,21.25,294.147
35.75,21.25,259.894
36.25,21.25,228.415
36.75,21.25,199.744
37.25,21.25,173.864
37.75,21.25,150.708
38.25,21.25,130.166
38.75,21.25,112.09
39.25,21.25,96.3046
39.75,21.25,82.6139
40.25,21.25,70.8119
40.75,21.25,60.6908
41.25,21.25,52.0479
41.75,21.25,44.6911
42.25,21.25,38.4416
42.75,21.25,33.1376
43.25,21.25,28.6346
43.75,21.25,24.8051
44.25,21.25,21.5322
44.75,21.25,18.7095
-44.75,21.75,15.1518
-44.25,21.75,15.0686
-43.75,21.75,14.8773
-43.25,21.75,14.7014
-42.75,21.75,14.631
-42.25,21.75,14.7145
-41.75,21.75,14.9959
-41.25,21.75,15.5199
-40.75,21.75,16.3352
-40.25,21.75,17.4983
-39.75,21.75,19.0771
-39.25,21.75,21.1539
-38.75,21.75,23.8282
-38.25,21.75,27.2184
-37.75,21.75,31.4618
-37.25,21.75,36.7141
-36.75,21.75,43.148
-36.25,21.75,50.9502
-35.75,21.75,60.3179
-35.25,21.75,71.4532
-34.75,21.75,84.5575
-34.25,21.75,99.8247
-33.75,21.75,117.433
-33.25,21.75,137.535
-32.75,21.75,160.252
-32.25,21.75,185.661
-31.75,21.75,213.783
-31.25,21.75,244.583
-30.75,21.75,277.958
-30.25,21.75,313.738
-29.75,21.75,351.693
-29.25,21.75,391.54
-28.75,21.75,432.96
-28.25,21.75,475.615
-27.75,21.75,519.171
-27.25,21.75,563.314
-26.75,21.75,607.766
-26.25,21.75,652.295
-25.75,21.75,696.717
-25.25,21.75,740.895
-24.75,21.75,784.731
-24.25,21.75,828.16
-23.75,21.75,871.137
-23.25,21.75,913.634
-22.75,21.75,955.629
-22.25,21.75,997.106
-21.75,21.75,1038.05
-21.25,21.75,1078.46
-20.75,21.75,1118.33
-20.25,21.75,1157.66
-19.75,21.75,1196.46
-19.25,21.75,1234.73
-18.75,21.75,1272.49
-18.25,21.75,1309.76
-17.75,21.75,1346.55
-17.25,21.75,1382.87
-16.75,21.75,1418.73
-16.25,21.75,1454.15
-15.75,21.75,1489.14
-15.25,21.75,1523.72
-14.75,21.75,1557.94
-14.25,21.75,1591.87
-13.75,21.75,1625.6
-13.25,21.75,1659.27
-12.75,21.75,1693.04
-12.25,21.75,1727.12
-11.75,21.75,1761.72
-11.25,21.75,1797.11
-10.75,21.75,1833.55
-10.25,21.75,1871.32
-9.75,21.75,1910.66
-9.25,21.75,1951.81
-8.75,21.75,1994.97
-8.25,21.75,2040.27
-7.75,21.75,2087.78
-7.25,21.75,2137.49
-6.75,21.75,2189.31
-6.25,21.75,2243.07
-5.75,21.75,2298.53
-5.25,21.75,2355.42
-4.75,21.75,2413.42
-4.25,21.75,2472.2
-3.75,21.75,2531.48
-3.25,21.75,2591.02
-2.75,21.75,2650.64
-2.25,21.75,2710.25
-1.75,21.75,2769.84
-1.25,21.75,2829.44
-0.75,21.75,2889.15
-0.25,21.75,2949.08
0.25,21.75,3009.32
0.75,21.75,3069.89
1.25,21.75,3130.72
1.75,21.75,3191.63
2.25,21.75,3252.26
2.75,21.75,3312.13
3.25,21.75,3370.61
3.75,21.75,3426.93
4.25,21.75,3480.24
4.75,21.75,3529.68
5.25,21.75,3574.36
5.75,21.75,3613.47
6.25,21.75,3646.31
6.75,21.75,3672.32
7.25,21.75,3691.08
7.75,21.75,3702.33
8.25,21.75,3705.95
8.75,21.75,3701.96
9.25,21.75,3690.43
9.75,21.75,3671.51
10.25,21.75,3645.4
10.75,21.75,3612.29
11.25,21.75,3572.42
11.75,21.75,3526.03
12.25,21.75,3473.42
12.75,21.75,3414.93
13.25,21.75,3350.95
13.75,21.75,3281.96
14.25,21.75,3208.51
14.75,21.75,3131.2
15.25,21.75,3050.65
15.75,21.75,2967.49
16.25,21.75,2882.32
16.75,21.75,2795.69
17.25,21.75,2708.06
17.75,21.75,2619.82
18.25,21.75,2531.26
18.75,21.75,2442.6
19.25,21.75,2353.98
19.75,21.75,2265.5
20.25,21.75,2177.25
20.75,21.75,2089.31
21.25,21.75,2001.77
21.75,21.75,1914.74
22.25,21.75,1828.4
22.75,21.75,1742.95
23.25,21.75,1658.62
23.75,21.75,1575.68
24.25,21.75,1494.4
24.75,21.75,1415.06
25.25,21.75,1337.91
25.75,21.75,1263.16
26.25,21.75,1190.96
26.75,21.75,1121.39
27.25,21.75,1054.48
27.75,21.75,990.175
28.25,21.75,928.367
28.75,21.75,868.912
29.25,21.75,811.643
29.75,21.75,756.387
30.25,21.75,702.99
30.75,21.75,651.334
31.25,21.75,601.341
31.75,21.75,552.989
32.25,21.75,506.307
32.75,21.75,461.375
33.25,21.75,418.309
33.75,21.75,377.252
34.25,21.75,338.359
34.75,21.75,301.78
35.25,21.75,267.649
35.75,21.75,236.069
36.25,21.75,207.107
36.75,21.75,180.784
37.25,21.75,157.076
37.75,21.75,135.914
38.25,21.75,117.189
38.75,21.75,100.758
39.25,21.75,86.4496
39.75,21.75,74.0785
40.25,21.75,63.4484
40.75,21.75,54.3625
41.25,21.75,46.6295
41.75,21.75,40.0687
42.25,21.75,34.5125
42.75,21.75,29.81
43.25,21.75,25.8266
43.75,21.75,22.4442
44.25,21.75,19.5545
44.75,21.75,17.0594
-44.75,22.25,13.9971
-44.25,22.25,13.9235
-43.75,22.25,13.7455
-43.25,22.25,13.575
-42.75,22.25,13.4935
-42.25,22.25,13.5437
-41.75,22.25,13.7643
-41.25,22.25,14.194
-40.75,22.25,14.8749
-40.25,22.25,15.8555
-39.75,22.25,17.1938
-39.25,22.25,18.9603
-38.75,22.25,21.2406
-38.25,22.25,24.1372
-37.75,22.25,27.7704
-37.25,22.25,32.2776
-36.75,22.25,37.8134
-36.25,22.25,44.547
-35.75,22.25,52.6598
-35.25,22.25,62.341
-34.75,22.25,73.7822
-34.25,22.25,87.1721
-33.75,22.25,102.689
-33.25,22.25,120.492
-32.75,22.25,140.713
-32.25,22.25,163.449
-31.75,22.25,188.747
-31.25,22.25,216.601
-30.75,22.25,246.948
-30.25,22.25,279.659
-29.75,22.25,314.549
-29.25,22.25,351.379
-28.75,22.25,389.872
-28.25,22.25,429.728
-27.75,22.25,470.639
-27.25,22.25,512.309
-26.75,22.25,554.461
-26.25,22.25,596.856
-25.75,22.25,639.288
-25.25,22.25,681.591
-24.75,22.25,723.63
-24.25,22.25,765.303
-23.75,22.25,806.532
-23.25,22.25,847.259
-22.75,22.25,887.442
-22.25,22.25,927.058
-21.75,22.25,966.094
-21.25,22.25,1004.55
-20.75,22.25,1042.44
-20.25,22.25,1079.79
-19.75,22.25,1116.61
-19.25,22.25,1152.94
-18.75,22.25,1188.8
-18.25,22.25,1224.21
-17.75,22.25,1259.18
-17.25,22.25,1293.72
-16.75,22.25,1327.84
-16.25,22.25,1361.53
-15.75,22.25,1394.79
-15.25,22.25,1427.64
-14.75,22.25,1460.13
-14.25,22.25,1492.3
-13.75,22.25,1524.25
-13.25,22.25,1556.12
-12.75,22.25,1588.07
-12.25,22.25,1620.29
-11.75,22.25,1653.03
-11.25,22.25,1686.52
-10.75,22.25,1721.04
-10.25,22.25,1756.85
-9.75,22.25,1794.18
-9.25,22.25,1833.24
-8.75,22.25,1874.22
-8.25,22.25,1917.2
-7.75,22.25,1962.23
-7.25,22.25,2009.28
-6.75,22.25,2058.22
-6.25,22.25,2108.9
-5.75,22.25,2161.06
-5.25,22.25,2214.45
-4.75,22.25,2268.78
-4.25,22.25,2323.79
-3.75,22.25,2379.23
-3.25,22.25,2434.91
-2.75,22.25,2490.72
-2.25,22.25,2546.59
-1.75,22.25,2602.53
-1.25,22.25,2658.6
-0.75,22.25,2714.89
-0.25,22.25,2771.47
0.25,22.25,2828.42
0.75,22.25,2885.74
1.25,22.25,2943.34
1.75,22.25,3001.02
2.25,22.25,3058.46
2.75,22.25,3115.17
3.25,22.25,3170.57
3.75,22.25,3223.96
4.25,22.25,3274.56
4.75,22.25,3321.55
5.25,22.25,3364.14
5.75,22.25,3401.57
6.25,22.25,3433.19
6.75,22.25,3458.46
7.25,22.25,3477.01
7.75,22.25,3488.57
8.25,22.25,3493.02
8.75,22.25,3490.34
9.25,22.25,3480.59
9.75,22.25,3463.88
10.25,22.25,3440.37
10.75,22.25,3410.23
11.25,22.25,3373.62
11.75,22.25,3330.76
12.25,22.25,3281.89
12.75,22.25,3227.29
13.25,22.25,3167.32
13.75,22.25,3102.4
14.25,22.25,3033.05
14.75,22.25,2959.82
15.25,22.25,2883.32
15.75,22.25,2804.2
16.25,22.25,2723.04
16.75,22.25,2640.42
17.25,22.25,2556.83
17.75,22.25,2472.69
18.25,22.25,2388.32
18.75,22.25,2303.95
19.25,22.25,2219.74
19.75,22.25,2135.8
20.25,22.25,2052.19
20.75,22.25,1968.95
21.25,22.25,1886.14
21.75,22.25,1803.83
22.25,22.25,1722.13
22.75,22.25,1641.19
23.25,22.25,1561.18
23.75,22.25,1482.35
24.25,22.25,1404.94
24.75,22.25,1329.21
25.25,22.25,1255.44
25.75,22.25,1183.84
26.25,22.25,1114.6
26.75,22.25,1047.86
27.25,22.25,983.674
27.75,22.25,922.048
28.25,22.25,862.916
28.75,22.25,806.168
29.25,22.25,751.662
29.75,22.25,699.242
30.25,22.25,648.758
30.75,22.25,600.087
31.25,22.25,553.139
31.75,22.25,507.874
32.25,22.25,464.298
32.75,22.25,422.464
33.25,22.25,382.463
33.75,22.25,344.411
34.25,22.25,308.437
34.75,22.25,274.67
35.25,22.25,243.223
35.75,22.25,214.181
36.25,22.25,187.597
36.75,22.25,163.483
37.25,22.25,141.809
37.75,22.25,122.505
38.25,22.25,105.463
38.75,22.25,90.5456
39.25,22.25,77.5907
39.75,22.25,66.4215
40.25,22.25,56.8534
40.75,22.25,48.7013
41.25,22.25,41.7861
41.75,22.25,35.9387
42.25,22.25,31.0029
42.75,22.25,26.8381
43.25,22.25,23.3193
43.75,22.25,20.3369
44.25,22.25,17.7905
44.75,22.25,15.5892
-44.75,22.75,13.0789
-44.25,22.75,13.0185
-43.75,22.75,12.8553
-43.25,22.75,12.692
-42.75,22.75,12.6031
-42.25,22.75,12.6268
-41.75,22.75,12.7968
-41.25,22.75,13.1469
-40.75,22.75,13.7135
-40.25,22.75,14.5378
-39.75,22.75,15.669
-39.25,22.75,17.1668
-38.75,22.75,19.1042
-38.25,22.75,21.5691
-37.75,22.75,24.6655
-37.25,22.75,28.5139
-36.75,22.75,33.2514
-36.25,22.75,39.0304
-35.75,22.75,46.0165
-35.25,22.75,54.3852
-34.75,22.75,64.3178
-34.25,22.75,75.9961
-33.75,22.75,89.5955
-33.25,22.75,105.278
-32.75,22.75,123.184
-32.25,22.75,143.421
-31.75,22.75,166.059
-31.25,22.75,191.116
-30.75,22.75,218.559
-30.25,22.75,248.298
-29.75,22.75,280.185
-29.25,22.75,314.024
-28.75,22.75,349.576
-28.25,22.75,386.579
-27.75,22.75,424.754
-27.25,22.75,463.821
-26.75,22.75,503.516
-26.25,22.75,543.594
-25.75,22.75,583.837
-25.25,22.75,624.056
-24.75,22.75,664.091
-24.25,22.75,703.808
-23.75,22.75,743.103
-23.25,22.75,781.895
-22.75,22.75,820.129
-22.25,22.75,857.772
-21.75,22.75,894.815
-21.25,22.75,931.266
-20.75,22.75,967.149
-20.25,22.75,1002.5
-19.75,22.75,1037.35
-19.25,22.75,1071.74
-18.75,22.75,1105.7
-18.25,22.75,1139.26
-17.75,22.75,1172.42
-17.25,22.75,1205.19
-16.75,22.75,1237.56
-16.25,22.75,1269.52
-15.75,22.75,1301.08
-15.25,22.75,1332.24
-14.75,22.75,1363.04
-14.25,22.75,1393.53
-13.75,22.75,1423.82
-13.25,22.75,1454.02
-12.75,22.75,1484.31
-12.25,22.75,1514.87
-11.75,22.75,1545.95
-11.25,22.75,1577.77
-10.75,22.75,1610.58
-10.25,22.75,1644.64
-9.75,22.75,1680.15
-9.25,22.75,1717.31
-8.75,22.75,1756.25
-8.25,22.75,1797.04
-7.75,22.75,1839.69
-7.25,22.75,1884.14
-6.75,22.75,1930.27
-6.25,22.75,1977.9
-5.75,22.75,2026.8
-5.25,22.75,2076.74
-4.75,22.75,2127.48
-4.25,22.75,2178.8
-3.75,22.75,2230.52
-3.25,22.75,2282.51
-2.75,22.75,2334.69
-2.25,22.75,2387.04
-1.75,22.75,2439.6
-1.25,22.75,2492.42
-0.75,22.75,2545.58
-0.25,22.75,2599.15
0.25,22.75,2653.15
0.75,22.75,2707.55
1.25,22.75,2762.25
1.75,22.75,2817.03
2.25,22.75,2871.55
2.75,22.75,2925.38
3.25,22.75,2977.96
3.75,22.75,3028.63
4.25,22.75,3076.69
4.75,22.75,3121.39
5.25,22.75,3162.01
5.75,22.75,3197.85
6.25,22.75,3228.32
6.75,22.75,3252.93
7.25,22.75,3271.31
7.75,22.75,3283.2
8.25,22.75,3288.48
8.75,22.75,3287.1
9.25,22.75,3279.1
9.75,22.75,3264.55
10.25,22.75,3243.58
10.75,22.75,3216.29
11.25,22.75,3182.84
11.75,22.75,3143.39
12.25,22.75,3098.11
12.75,22.75,3047.26
13.25,22.75,2991.13
13.75,22.75,2930.11
14.25,22.75,2864.65
14.75,22.75,2795.31
15.25,22.75,2722.66
15.75,22.75,2647.34
16.25,22.75,2569.96
16.75,22.75,2491.1
17.25,22.75,2411.3
17.75,22.75,2331.01
18.25,22.75,2250.56
18.75,22.75,2170.24
19.25,22.75,2090.2
19.75,22.75,2010.55
20.25,22.75,1931.35
20.75,22.75,1852.6
21.25,22.75,1774.33
21.75,22.75,1696.55
22.25,22.75,1619.33
22.75,22.75,1542.75
23.25,22.75,1466.96
23.75,22.75,1392.16
24.25,22.75,1318.56
24.75,22.75,1246.44
25.25,22.75,1176.04
25.75,22.75,1107.61
26.25,22.75,1041.38
26.75,22.75,977.507
27.25,22.75,916.094
27.75,22.75,857.182
28.25,22.75,800.745
28.75,22.75,746.705
29.25,22.75,694.942
29.75,22.75,645.316
30.25,22.75,597.682
30.75,22.75,551.914
31.25,22.75,507.914
31.75,22.75,465.624
32.25,22.75,425.031
32.75,22.75,386.165
33.25,22.75,349.093
33.75,22.75,313.907
34.25,22.75,280.712
34.75,22.75,249.616
35.25,22.75,220.711
35.75,22.75,194.066
36.25,22.75,169.723
36.75,22.75,147.682
37.25,22.75,127.91
37.75,22.75,110.336
38.25,22.75,94.8542
38.75,22.75,81.333
39.25,22.75,69.6198
39.75,22.75,59.5482
40.25,22.75,50.9455
40.75,22.75,43.6389
41.25,22.75,37.4614
41.75,22.75,32.2558
42.25,22.75,27.8769
42.75,22.75,24.1942
43.25,22.75,21.0916
43.75,22.75,18.4675
44.25,22.75,16.2286
44.75,22.75,14.2904
-44.75,23.25,12.3657
-44.25,23.25,12.318
-43.75,23.25,12.1674
-43.25,23.25,12.0093
-42.75,23.25,11.9129
-42.25,23.25,11.9126
-41.75,23.25,12.0382
-41.25,23.25,12.3193
-40.75,23.25,12.7872
-40.25,23.25,13.4767
-39.75,23.25,14.4293
-39.25,23.25,15.6951
-38.75,23.25,17.3354
-38.25,23.25,19.4249
-37.75,23.25,22.0526
-37.25,23.25,25.3232
-36.75,23.25,29.3572
-36.25,23.25,34.2904
-35.75,23.25,40.2731
-35.25,23.25,47.4668
-34.75,23.25,56.0408
-34.25,23.25,66.1682
-33.75,23.25,78.0193
-33.25,23.25,91.7551
-32.75,23.25,107.519
-32.25,23.25,125.428
-31.75,23.25,145.566
-31.25,23.25,167.971
-30.75,23.25,192.635
-30.25,23.25,219.499
-29.75,23.25,248.452
-29.25,23.25,279.333
-28.75,23.25,311.943
-28.25,23.25,346.055
-27.75,23.25,381.418
-27.25,23.25,417.777
-26.75,23.25,454.879
-26.25,23.25,492.482
-25.75,23.25,530.363
-25.25,23.25,568.317
-24.75,23.25,606.166
-24.25,23.25,643.757
-23.75,23.25,680.964
-23.25,23.25,717.693
-22.75,23.25,753.876
-22.25,23.25,789.477
-21.75,23.25,824.486
-21.25,23.25,858.919
-20.75,23.25,892.806
-20.25,23.25,926.188
-19.75,23.25,959.109
-19.25,23.25,991.611
-18.75,23.25,1023.72
-18.25,23.25,1055.47
-17.75,23.25,1086.85
-17.25,23.25,1117.87
-16.75,23.25,1148.52
-16.25,23.25,1178.79
-15.75,23.25,1208.67
-15.25,23.25,1238.18
-14.75,23.25,1267.36
-14.25,23.25,1296.26
-13.75,23.25,1324.99
-13.25,23.25,1353.68
-12.75,23.25,1382.49
-12.25,23.25,1411.6
-11.75,23.25,1441.23
-11.25,23.25,1471.6
-10.75,23.25,1502.95
-10.25,23.25,1535.48
-9.75,23.25,1569.39
-9.25,23.25,1604.82
-8.75,23.25,1641.87
-8.25,23.25,1680.59
-7.75,23.25,1720.96
-7.25,23.25,1762.89
-6.75,23.25,1806.26
-6.25,23.25,1850.88
-5.75,23.25,1896.57
-5.25,23.25,1943.11
-4.75,23.25,1990.32
-4.25,23.25,2038.03
-3.75,23.25,2086.13
-3.25,23.25,2134.54
-2.75,23.25,2183.24
-2.25,23.25,2232.24
-1.75,23.25,2281.61
-1.25,23.25,2331.39
-0.75,23.25,2381.65
-0.25,23.25,2432.43
0.25,23.25,2483.72
0.75,23.25,2535.47
1.25,23.25,2587.53
1.75,23.25,2639.66
2.25,23.25,2691.54
2.75,23.25,2742.74
3.25,23.25,2792.73
3.75,23.25,2840.92
4.25,23.25,2886.66
4.75,23.25,2929.27
5.25,23.25,2968.1
5.75,23.25,3002.51
6.25,23.25,3031.98
6.75,23.25,3056.04
7.25,23.25,3074.34
7.75,23.25,3086.64
8.25,23.25,3092.79
8.75,23.25,3092.73
9.25,23.25,3086.45
9.75,23.25,3074.01
10.25,23.25,3055.48
10.75,23.25,3030.93
11.25,23.25,3000.48
11.75,23.25,2964.24
12.25,23.25,2922.36
12.75,23.25,2875.03
13.25,23.25,2822.51
13.75,23.25,2765.14
14.25,23.25,2703.35
14.75,23.25,2637.65
15.25,23.25,2568.61
15.75,23.25,2496.86
16.25,23.25,2423.02
16.75,23.25,2347.7
17.25,23.25,2271.46
17.75,23.25,2194.78
18.25,23.25,2118.05
18.75,23.25,2041.55
19.25,23.25,1965.46
19.75,23.25,1889.89
20.25,23.25,1814.87
20.75,23.25,1740.4
21.25,23.25,1666.46
21.75,23.25,1593.01
22.25,23.25,1520.08
22.75,23.25,1447.71
23.25,23.25,1376.01
23.75,23.25,1305.13
24.25,23.25,1235.28
24.75,23.25,1166.72
25.25,23.25,1099.69
25.75,23.25,1034.46
26.25,23.25,971.269
26.75,23.25,910.308
27.25,23.25,851.712
27.75,23.25,795.551
28.25,23.25,741.832
28.75,23.25,690.501
29.25,23.25,641.459
29.75,23.25,594.579
30.25,23.25,549.724
30.75,23.25,506.765
31.25,23.25,465.599
31.75,23.25,426.155
32.25,23.25,388.405
32.75,23.25,352.36
33.25,23.25,318.066
33.75,23.25,285.593
34.25,23.25,255.027
34.75,23.25,226.453
35.25,23.25,199.947
35.75,23.25,175.562
36.25,23.25,153.326
36.75,23.25,133.231
37.25,23.25,115.239
37.75,23.25,99.2775
38.25,23.25,85.2449
38.75,23.25,73.0154
39.25,23.25,62.4455
39.75,23.25,53.3797
40.25,23.25,45.6572
40.75,23.25,39.1177
41.25,23.25,33.6068
41.75,23.25,28.9787
42.25,23.25,25.0992
42.75,23.25,21.8475
43.25,23.25,19.1163
43.75,23.25,16.8111
44.25,23.25,14.8455
44.75,23.25,13.1406
-44.75,23.75,11.8013
-44.25,23.75,11.7643
-43.75,23.75,11.6228
-43.25,23.75,11.4666
-42.75,23.75,11.3611
-42.25,23.75,11.3376
-41.75,23.75,11.4229
-41.25,23.75,11.6432
-40.75,23.75,12.0252
-40.25,23.75,12.5987
-39.75,23.75,13.3979
-39.25,23.75,14.4645
-38.75,23.75,15.8496
-38.25,23.75,17.6158
-37.75,23.75,19.8385
-37.25,23.75,22.6076
-36.75,23.75,26.0279
-36.25,23.75,30.2194
-35.75,23.75,35.3166
-35.25,23.75,41.4665
-34.75,23.75,48.8255
-34.25,23.75,57.5558
-33.75,23.75,67.8198
-33.25,23.75,79.7738
-32.75,23.75,93.5611
-32.25,23.75,109.303
-31.75,23.75,127.092
-31.25,23.75,146.983
-30.75,23.75,168.989
-30.25,23.75,193.077
-29.75,23.75,219.167
-29.25,23.75,247.136
-28.75,23.75,276.82
-28.25,23.75,308.025
-27.75,23.75,340.533
-27.25,23.75,374.112
-26.75,23.75,408.525
-26.25,23.75,443.538
-25.75,23.75,478.928
-25.25,23.75,514.483
-24.75,23.75,550.013
-24.25,23.75,585.354
-23.75,23.75,620.367
-23.25,23.75,654.948
-22.75,23.75,689.022
-22.25,23.75,722.553
-21.75,23.75,755.53
-21.25,23.75,787.971
-20.75,23.75,819.909
-20.25,23.75,851.389
-19.75,23.75,882.453
-19.25,23.75,913.141
-18.75,23.75,943.477
-18.25,23.75,973.476
-17.75,23.75,1003.14
-17.25,23.75,1032.46
-16.75,23.75,1061.42
-16.25,23.75,1090.03
-15.75,23.75,1118.28
-15.25,23.75,1146.19
-14.75,23.75,1173.82
-14.25,23.75,1201.24
-13.75,23.75,1228.54
-13.25,23.75,1255.86
-12.75,23.75,1283.36
-12.25,23.75,1311.21
-11.75,23.75,1339.62
-11.25,23.75,1368.77
-10.75,23.75,1398.87
-10.25,23.75,1430.1
-9.75,23.75,1462.6
-9.25,23.75,1496.48
-8.75,23.75,1531.81
-8.25,23.75,1568.6
-7.75,23.75,1606.79
-7.25,23.75,1646.29
-6.75,23.75,1686.97
-6.25,23.75,1728.65
-5.75,23.75,1771.18
-5.25,23.75,1814.38
-4.75,23.75,1858.12
-4.25,23.75,1902.3
-3.75,23.75,1946.86
-3.25,23.75,1991.8
-2.75,23.75,2037.13
-2.25,23.75,2082.91
-1.75,23.75,2129.2
-1.25,23.75,2176.08
-0.75,23.75,2223.58
-0.25,23.75,2271.72
0.25,23.75,2320.47
0.75,23.75,2369.72
1.25,23.75,2419.32
1.75,23.75,2469.01
2.25,23.75,2518.46
2.75,23.75,2567.25
3.25,23.75,2614.89
3.75,23.75,2660.83
4.25,23.75,2704.48
4.75,23.75,2745.23
5.25,23.75,2782.49
5.75,23.75,2815.69
6.25,23.75,2844.34
6.75,23.75,2868.02
7.25,23.75,2886.38
7.75,23.75,2899.19
8.25,23.75,2906.28
8.75,23.75,2907.56
9.25,23.75,2903
9.75,23.75,2892.59
10.25,23.75,2876.39
10.75,23.75,2854.42
11.25,23.75,2826.77
11.75,23.75,2793.5
12.25,23.75,2754.74
12.75,23.75,2710.65
13.25,23.75,2661.44
13.75,23.75,2607.42
14.25,23.75,2549
14.75,23.75,2486.66
15.25,23.75,2420.97
15.75,23.75,2352.54
16.25,23.75,2282.02
16.75,23.75,2210.02
17.25,23.75,2137.15
17.75,23.75,2063.9
18.25,23.75,1990.68
18.75,23.75,1917.81
19.25,23.75,1845.48
19.75,23.75,1773.78
20.25,23.75,1702.75
20.75,23.75,1632.35
21.25,23.75,1562.52
21.75,23.75,1493.21
22.25,23.75,1424.39
22.75,23.75,1356.06
23.25,23.75,1288.3
23.75,23.75,1221.24
24.25,23.75,1155.06
24.75,23.75,1090.01
25.25,23.75,1026.33
25.75,23.75,964.313
26.25,23.75,904.191
26.75,23.75,846.182
27.25,23.75,790.443
27.75,23.75,737.068
28.25,23.75,686.085
28.75,23.75,637.461
29.25,23.75,591.113
29.75,23.75,546.927
30.25,23.75,504.771
30.75,23.75,464.519
31.25,23.75,426.065
31.75,23.75,389.33
32.25,23.75,354.274
32.75,23.75,320.895
33.25,23.75,289.221
33.75,23.75,259.306
34.25,23.75,231.216
34.75,23.75,205.019
35.25,23.75,180.771
35.75,23.75,158.513
36.25,23.75,138.258
36.75,23.75,119.992
37.25,23.75,103.668
37.75,23.75,89.2152
38.25,23.75,76.5333
38.75,23.75,65.5029
39.25,23.75,55.9894
39.75,23.75,47.848
40.25,23.75,40.9299
40.75,23.75,35.0874
41.25,23.75,30.1782
41.75,23.75,26.0685
42.25,23.75,22.6347
42.75,23.75,19.7657
43.25,23.75,17.3626
43.75,23.75,15.3383
44.25,23.75,13.6126
44.75,23.75,12.1125
-44.75,24.25,11.312
-44.25,24.25,11.2845
-43.75,24.25,11.1498
-43.25,24.25,10.9934
-42.75,24.25,10.8777
-42.25,24.25,10.832
-41.75,24.25,10.881
-41.25,24.25,11.0479
-40.75,24.25,11.3561
-40.25,24.25,11.8304
-39.75,24.25,12.4996
-39.25,24.25,13.3977
-38.75,24.25,14.5669
-38.25,24.25,16.0587
-37.75,24.25,17.9364
-37.25,24.25,20.2761
-36.75,24.25,23.1678
-36.25,24.25,26.7161
-35.75,24.25,31.0399
-35.25,24.25,36.2706
-34.75,24.25,42.5505
-34.25,24.25,50.0288
-33.75,24.25,58.8574
-33.25,24.25,69.1849
-32.75,24.25,81.1504
-32.25,24.25,94.8763
-31.75,24.25,110.46
-31.25,24.25,127.969
-30.75,24.25,147.435
-30.25,24.25,168.848
-29.75,24.25,192.159
-29.25,24.25,217.277
-28.75,24.25,244.073
-28.25,24.25,272.387
-27.75,24.25,302.033
-27.25,24.25,332.803
-26.75,24.25,364.481
-26.25,24.25,396.843
-25.75,24.25,429.67
-25.25,24.25,462.749
-24.75,24.25,495.887
-24.25,24.25,528.911
-23.75,24.25,561.677
-23.25,24.25,594.075
-22.75,24.25,626.029
-22.25,24.25,657.499
-21.75,24.25,688.477
-21.25,24.25,718.98
-20.75,24.25,749.041
-20.25,24.25,778.699
-19.75,24.25,807.994
-19.25,24.25,836.954
-18.75,24.25,865.596
-18.25,24.25,893.926
-17.75,24.25,921.936
-17.25,24.25,949.615
-16.75,24.25,976.954
-16.25,24.25,1003.95
-15.75,24.25,1030.63
-15.25,24.25,1057.01
-14.75,24.25,1083.17
-14.25,24.25,1109.19
-13.75,24.25,1135.18
-13.25,24.25,1161.27
-12.75,24.25,1187.61
-12.25,24.25,1214.39
-11.75,24.25,1241.75
-11.25,24.25,1269.89
-10.75,24.25,1298.94
-10.25,24.25,1329.06
-9.75,24.25,1360.35
-9.25,24.25,1392.87
-8.75,24.25,1426.64
-8.25,24.25,1461.63
-7.75,24.25,1497.77
-7.25,24.25,1534.95
-6.75,24.25,1573.03
-6.25,24.25,1611.87
-5.75,24.25,1651.32
-5.25,24.25,1691.27
-4.75,24.25,1731.64
-4.25,24.25,1772.38
-3.75,24.25,1813.51
-3.25,24.25,1855.07
-2.75,24.25,1897.12
-2.25,24.25,1939.75
-1.75,24.25,1983.06
-1.25,24.25,2027.1
-0.75,24.25,2071.9
-0.25,24.25,2117.48
0.25,24.25,2163.75
0.75,24.25,2210.61
1.25,24.25,2257.85
1.75,24.25,2305.23
2.25,24.25,2352.4
2.75,24.25,2398.96
3.25,24.25,2444.45
3.75,24.25,2488.37
4.25,24.25,2530.17
4.75,24.25,2569.31
5.25,24.25,2605.24
5.75,24.25,2637.46
6.25,24.25,2665.51
6.75,24.25,2689
7.25,24.25,2707.58
7.75,24.25,2721.02
8.25,24.25,2729.12
8.75,24.25,2731.77
9.25,24.25,2728.88
9.75,24.25,2720.43
10.25,24.25,2706.41
10.75,24.25,2686.83
11.25,24.25,2661.72
11.75,24.25,2631.14
12.25,24.25,2595.18
12.75,24.25,2553.97
13.25,24.25,2507.71
13.75,24.25,2456.7
14.25,24.25,2401.32
14.75,24.25,2342.03
15.25,24.25,2279.4
15.75,24.25,2214.05
16.25,24.25,2146.62
16.75,24.25,2077.76
17.25,24.25,2008.07
17.75,24.25,1938.08
18.25,24.25,1868.23
18.75,24.25,1798.83
19.25,24.25,1730.09
19.75,24.25,1662.1
20.25,24.25,1594.87
20.75,24.25,1528.35
21.25,24.25,1462.46
21.75,24.25,1397.1
22.25,24.25,1332.2
22.75,24.25,1267.75
23.25,24.25,1203.8
23.75,24.25,1140.44
24.25,24.25,1077.85
24.75,24.25,1016.26
25.25,24.25,955.919
25.75,24.25,897.102
26.25,24.25,840.065
26.75,24.25,785.033
27.25,24.25,732.178
27.75,24.25,681.608
28.25,24.25,633.369
28.75,24.25,587.439
29.25,24.25,543.751
29.75,24.25,502.199
30.25,24.25,462.659
30.75,24.25,425.008
31.25,24.25,389.14
31.75,24.25,354.974
32.25,24.25,322.463
32.75,24.25,291.594
33.25,24.25,262.386
33.75,24.25,234.875
34.25,24.25,209.113
34.75,24.25,185.15
35.25,24.25,163.029
35.75,24.25,142.773
36.25,24.25,124.384
36.75,24.25,107.837
37.25,24.25,93.0814
37.75,24.25,80.0431
38.25,24.25,68.6245
38.75,24.25,58.7115
39.25,24.25,50.1776
39.75,24.25,42.8886
40.25,24.25,36.7075
40.75,24.25,31.4988
41.25,24.25,27.1325
41.75,24.25,23.4867
42.25,24.25,20.4486
42.75,24.25,17.917
43.25,24.25,15.8015
43.75,24.25,14.0222
44.25,24.25,12.5055
44.75,24.25,11.1838
-44.75,24.75,10.8191
-44.25,24.75,10.8014
-43.75,24.75,10.6738
-43.25,24.75,10.5176
-42.75,24.75,10.3931
-42.25,24.75,10.3281
-41.75,24.75,10.3458
-41.25,24.75,10.4675
-40.75,24.75,10.7137
-40.25,24.75,11.1057
-39.75,24.75,11.6672
-39.25,24.75,12.426
-38.75,24.75,13.4162
-38.25,24.75,14.68
-37.75,24.75,16.2695
-37.25,24.75,18.248
-36.75,24.75,20.6915
-36.25,24.75,23.6895
-35.75,24.75,27.3451
-35.25,24.75,31.7737
-34.75,24.75,37.1019
-34.25,24.75,43.4643
-33.75,24.75,50.9998
-33.25,24.75,59.8466
-32.75,24.75,70.137
-32.25,24.75,81.9908
-31.75,24.75,95.5089
-31.25,24.75,110.768
-30.75,24.75,127.814
-30.25,24.75,146.663
-29.75,24.75,167.29
-29.25,24.75,189.638
-28.75,24.75,213.612
-28.25,24.75,239.086
-27.75,24.75,265.905
-27.25,24.75,293.887
-26.75,24.75,322.836
-26.25,24.75,352.543
-25.75,24.75,382.795
-25.25,24.75,413.384
-24.75,24.75,444.115
-24.25,24.75,474.813
-23.75,24.75,505.333
-23.25,24.75,535.561
-22.75,24.75,565.421
-22.25,24.75,594.873
-21.75,24.75,623.909
-21.25,24.75,652.542
-20.75,24.75,680.803
-20.25,24.75,708.724
-19.75,24.75,736.335
-19.25,24.75,763.654
-18.75,24.75,790.686
-18.25,24.75,817.424
-17.75,24.75,843.853
-17.25,24.75,869.96
-16.75,24.75,895.737
-16.25,24.75,921.193
-15.75,24.75,946.357
-15.25,24.75,971.281
-14.75,24.75,996.045
-14.25,24.75,1020.75
-13.75,24.75,1045.52
-13.25,24.75,1070.49
-12.75,24.75,1095.82
-12.25,24.75,1121.65
-11.75,24.75,1148.13
-11.25,24.75,1175.41
-10.75,24.75,1203.59
-10.25,24.75,1232.77
-9.75,24.75,1263.01
-9.25,24.75,1294.32
-8.75,24.75,1326.68
-8.25,24.75,1360.03
-7.75,24.75,1394.26
-7.25,24.75,1429.25
-6.75,24.75,1464.88
-6.25,24.75,1501
-5.75,24.75,1537.51
-5.25,24.75,1574.34
-4.75,24.75,1611.46
-4.25,24.75,1648.9
-3.75,24.75,1686.71
-3.25,24.75,1724.98
-2.75,24.75,1763.85
-2.25,24.75,1803.41
-1.75,24.75,1843.77
-1.25,24.75,1885
-0.75,24.75,1927.13
-0.25,24.75,1970.15
0.25,24.75,2013.96
0.75,24.75,2058.44
1.25,24.75,2103.38
1.75,24.75,2148.51
2.25,24.75,2193.5
2.75,24.75,2237.97
3.25,24.75,2281.48
3.75,24.75,2323.57
4.25,24.75,2363.75
4.75,24.75,2401.51
5.25,24.75,2436.35
5.75,24.75,2467.82
6.25,24.75,2495.49
6.75,24.75,2518.96
7.25,24.75,2537.92
7.75,24.75,2552.09
8.25,24.75,2561.26
8.75,24.75,2565.28
9.25,24.75,2564.02
9.75,24.75,2557.41
10.25,24.75,2545.4
10.75,24.75,2527.97
11.25,24.75,2505.13
11.75,24.75,2476.91
12.25,24.75,2443.38
12.75,24.75,2404.68
13.25,24.75,2360.99
13.75,24.75,2312.61
14.25,24.75,2259.9
14.75,24.75,2203.34
15.25,24.75,2143.49
15.75,24.75,2080.96
16.25,24.75,2016.41
16.75,24.75,1950.51
17.25,24.75,1883.85
17.75,24.75,1817
18.25,24.75,1750.38
18.75,24.75,1684.33
19.25,24.75,1619.05
19.75,24.75,1554.62
20.25,24.75,1491.05
20.75,24.75,1428.26
21.25,24.75,1366.14
21.75,24.75,1304.56
22.25,24.75,1243.45
22.75,24.75,1182.74
23.25,24.75,1122.47
23.75,24.75,1062.71
24.25,24.75,1003.63
24.75,24.75,945.443
25.25,24.75,888.4
25.75,24.75,832.772
26.25,24.75,778.819
26.75,24.75,726.77
27.25,24.75,676.805
27.75,24.75,629.042
28.25,24.75,583.533
28.75,24.75,540.271
29.25,24.75,499.194
29.75,24.75,460.206
30.25,24.75,423.191
30.75,24.75,388.032
31.25,24.75,354.625
31.75,24.75,322.89
32.25,24.75,292.778
32.75,24.75,264.271
33.25,24.75,237.378
33.75,24.75,212.126
34.25,24.75,188.551
34.75,24.75,166.691
35.25,24.75,146.57
35.75,24.75,128.2
36.25,24.75,111.569
36.75,24.75,96.643
37.25,24.75,83.3649
37.75,24.75,71.6573
38.25,24.75,61.4241
38.75,24.75,52.5561
39.25,24.75,44.9344
39.75,24.75,38.4345
40.25,24.75,32.931
40.75,24.75,28.3004
41.25,24.75,24.4251
41.75,24.75,21.1947
42.25,24.75,18.5079
42.75,24.75,16.2733
43.25,24.75,14.4093
43.75,24.75,12.8437
44.25,24.75,11.5091
44.75,24.75,10.3436
-44.75,25.25,10.2534
-44.25,25.25,10.2477
-43.75,25.25,10.1302
-43.25,25.25,9.9781
-42.75,25.25,9.84914
-42.25,25.25,9.77033
-41.75,25.25,9.76391
-41.25,25.25,9.84983
-40.75,25.25,10.0466
-40.25,25.25,10.3728
-39.75,25.25,10.848
-39.25,25.25,11.495
-38.75,25.25,12.3412
-38.25,25.25,13.4205
-37.75,25.25,14.7748
-37.25,25.25,16.4558
-36.75,25.25,18.526
-36.25,25.25,21.0603
-35.75,25.25,24.1456
-35.25,25.25,27.881
-34.75,25.25,32.3764
-34.25,25.25,37.7502
-33.75,25.25,44.1264
-33.25,25.25,51.6311
-32.75,25.25,60.3873
-32.25,25.25,70.5103
-31.75,25.25,82.1023
-31.25,25.25,95.247
-30.75,25.25,110.006
-30.25,25.25,126.414
-29.75,25.25,144.475
-29.25,25.25,164.161
-28.75,25.25,185.411
-28.25,25.25,208.133
-27.75,25.25,232.2
-27.25,25.25,257.461
-26.75,25.25,283.737
-26.25,25.25,310.837
-25.75,25.25,338.557
-25.25,25.25,366.695
-24.75,25.25,395.058
-24.25,25.25,423.473
-23.75,25.25,451.791
-23.25,25.25,479.901
-22.75,25.25,507.725
-22.25,25.25,535.223
-21.75,25.25,562.384
-21.25,25.25,589.221
-20.75,25.25,615.756
-20.25,25.25,642.016
-19.75,25.25,668.018
-19.25,25.25,693.768
-18.75,25.25,719.261
-18.25,25.25,744.476
-17.75,25.25,769.393
-17.25,25.25,793.994
-16.75,25.25,818.276
-16.25,25.25,842.256
-15.75,25.25,865.977
-15.25,25.25,889.511
-14.75,25.25,912.955
-14.25,25.25,936.427
-13.75,25.25,960.064
-13.25,25.25,984.008
-12.75,25.25,1008.41
-12.25,25.25,1033.39
-11.75,25.25,1059.1
-11.25,25.25,1085.62
-10.75,25.25,1113.05
-10.25,25.25,1141.41
-9.75,25.25,1170.73
-9.25,25.25,1200.97
-8.75,25.25,1232.06
-8.25,25.25,1263.9
-7.75,25.25,1296.37
-7.25,25.25,1329.34
-6.75,25.25,1362.66
-6.25,25.25,1396.24
-5.75,25.25,1429.98
-5.25,25.25,1463.87
-4.75,25.25,1497.93
-4.25,25.25,1532.22
-3.75,25.25,1566.86
-3.25,25.25,1601.99
-2.75,25.25,1637.77
-2.25,25.25,1674.33
-1.75,25.25,1711.79
-1.25,25.25,1750.23
-0.75,25.25,1789.68
-0.25,25.25,1830.12
0.25,25.25,1871.45
0.75,25.25,1913.54
1.25,25.25,1956.17
1.75,25.25,1999.07
2.25,25.25,2041.94
2.75,25.25,2084.41
3.25,25.25,2126.08
3.75,25.25,2166.5
4.25,25.25,2205.23
4.75,25.25,2241.81
5.25,25.25,2275.77
5.75,25.25,2306.68
6.25,25.25,2334.14
6.75,25.25,2357.75
7.25,25.25,2377.19
7.75,25.25,2392.18
8.25,25.25,2402.45
8.75,25.25,2407.8
9.25,25.25,2408.09
9.75,25.25,2403.18
10.25,25.25,2392.98
10.75,25.25,2377.45
11.25,25.25,2356.57
11.75,25.25,2330.36
12.25,25.25,2298.89
12.75,25.25,2262.3
13.25,25.25,2220.79
13.75,25.25,2174.65
14.25,25.25,2124.26
14.75,25.25,2070.1
15.25,25.25,2012.75
15.75,25.25,1952.81
16.25,25.25,1890.96
16.75,25.25,1827.85
17.25,25.25,1764.11
17.75,25.25,1700.27
18.25,25.25,1636.8
18.75,25.25,1574
19.25,25.25,1512.07
19.75,25.25,1451.11
20.25,25.25,1391.08
20.75,25.25,1331.89
21.25,25.25,1273.42
21.75,25.25,1215.51
22.25,25.25,1158.05
22.75,25.25,1100.97
23.25,25.25,1044.28
23.75,25.25,988.035
24.25,25.25,932.391
24.75,25.25,877.552
25.25,25.25,823.765
25.75,25.25,771.295
26.25,25.25,720.403
26.75,25.25,671.32
27.25,25.25,624.226
27.75,25.25,579.243
28.25,25.25,536.431
28.75,25.25,495.786
29.25,25.25,457.256
29.75,25.25,420.751
30.25,25.25,386.164
30.75,25.25,353.384
31.25,25.25,322.313
31.75,25.25,292.877
32.25,25.25,265.026
32.75,25.25,238.74
33.25,25.25,214.023
33.75,25.25,190.893
34.25,25.25,169.374
34.75,25.25,149.491
35.25,25.25,131.255
35.75,25.25,114.663
36.25,25.25,99.6903
36.75,25.25,86.2934
37.25,25.25,74.4086
37.75,25.25,63.9549
38.25,25.25,54.8371
38.75,25.25,46.9496
39.25,25.25,40.1806
39.75,25.25,34.415
40.25,25.25,29.5379
40.75,25.25,25.4381
41.25,25.25,22.0096
41.75,25.25,19.1543
42.25,25.25,16.7817
42.75,25.25,14.8107
43.25,25.25,13.1687
43.75,25.25,11.7913
44.25,25.25,10.6177
44.75,25.25,9.59155
-44.75,25.75,9.57048
-44.25,25.75,9.58009
-43.75,25.75,9.47784
-43.25,25.75,9.33631
-42.75,25.75,9.21012
-42.25,25.75,9.12554
-41.75,25.75,9.10414
-41.25,25.75,9.16497
-40.75,25.75,9.3253
-40.25,25.75,9.60157
-39.75,25.75,10.0107
-39.25,25.75,10.5712
-38.75,25.75,11.3052
-38.25,25.75,12.2393
-37.75,25.75,13.4066
-37.25,25.75,14.8479
-36.75,25.75,16.613
-36.25,25.75,18.7623
-35.75,25.75,21.3671
-35.25,25.75,24.5095
-34.75,25.75,28.2819
-34.25,25.75,32.786
-33.75,25.75,38.1299
-33.25,25.75,44.426
-32.75,25.75,51.7869
-32.25,25.75,60.3224
-31.75,25.75,70.1342
-31.25,25.75,81.3123
-30.75,25.75,93.9308
-30.25,25.75,108.044
-29.75,25.75,123.68
-29.25,25.75,140.842
-28.75,25.75,159.499
-28.25,25.75,179.591
-27.75,25.75,201.022
-27.25,25.75,223.666
-26.75,25.75,247.368
-26.25,25.75,271.952
-25.75,25.75,297.227
-25.25,25.75,322.997
-24.75,25.75,349.073
-24.25,25.75,375.281
-23.75,25.75,401.477
-23.25,25.75,427.545
-22.75,25.75,453.41
-22.25,25.75,479.028
-21.75,25.75,504.386
-21.25,25.75,529.493
-20.75,25.75,554.367
-20.25,25.75,579.024
-19.75,25.75,603.473
-19.25,25.75,627.71
-18.75,25.75,651.717
-18.25,25.75,675.466
-17.75,25.75,698.929
-17.25,25.75,722.087
-16.75,25.75,744.94
-16.25,25.75,767.514
-15.75,25.75,789.865
-15.25,25.75,812.08
-14.75,25.75,834.273
-14.25,25.75,856.579
-13.75,25.75,879.144
-13.25,25.75,902.118
-12.75,25.75,925.642
-12.25,25.75,949.842
-11.75,25.75,974.822
-11.25,25.75,1000.65
-10.75,25.75,1027.38
-10.25,25.75,1055
-9.75,25.75,1083.47
-9.25,25.75,1112.73
-8.75,25.75,1142.66
-8.25,25.75,1173.13
-7.75,25.75,1203.98
-7.25,25.75,1235.08
-6.75,25.75,1266.29
-6.25,25.75,1297.52
-5.75,25.75,1328.72
-5.25,25.75,1359.89
-4.75,25.75,1391.09
-4.25,25.75,1422.45
-3.75,25.75,1454.12
-3.25,25.75,1486.28
-2.75,25.75,1519.1
-2.25,25.75,1552.76
-1.75,25.75,1587.39
-1.25,25.75,1623.07
-0.75,25.75,1659.84
-0.25,25.75,1697.68
0.25,25.75,1736.5
0.75,25.75,1776.15
1.25,25.75,1816.45
1.75,25.75,1857.13
2.25,25.75,1897.9
2.75,25.75,1938.43
3.25,25.75,1978.32
3.75,25.75,2017.19
4.25,25.75,2054.61
4.75,25.75,2090.14
5.25,25.75,2123.36
5.75,25.75,2153.86
6.25,25.75,2181.22
6.75,25.75,2205.06
7.25,25.75,2225.05
7.75,25.75,2240.86
8.25,25.75,2252.2
8.75,25.75,2258.82
9.25,25.75,2260.52
9.75,25.75,2257.13
10.25,25.75,2248.53
10.75,25.75,2234.63
11.25,25.75,2215.4
11.75,25.75,2190.87
12.25,25.75,2161.1
12.75,25.75,2126.26
13.25,25.75,2086.55
13.75,25.75,2042.29
14.25,25.75,1993.89
14.75,25.75,1941.85
15.25,25.75,1886.74
15.75,25.75,1829.18
16.25,25.75,1769.86
16.75,25.75,1709.42
17.25,25.75,1648.48
17.75,25.75,1587.58
18.25,25.75,1527.17
18.75,25.75,1467.55
19.25,25.75,1408.92
19.75,25.75,1351.33
20.25,25.75,1294.76
20.75,25.75,1239.1
21.25,25.75,1184.17
21.75,25.75,1129.84
22.25,25.75,1075.95
22.75,25.75,1022.41
23.25,25.75,969.219
23.75,25.75,916.417
24.25,25.75,864.145
24.75,25.75,812.596
25.25,25.75,762.013
25.75,25.75,712.657
26.25,25.75,664.784
26.75,25.75,618.623
27.25,25.75,574.355
27.75,25.75,532.103
28.25,25.75,491.928
28.75,25.75,453.831
29.25,25.75,417.766
29.75,25.75,383.65
30.25,25.75,351.386
30.75,25.75,320.871
31.25,25.75,292.016
31.75,25.75,264.751
32.25,25.75,239.031
32.75,25.75,214.836
33.25,25.75,192.166
33.75,25.75,171.032
34.25,25.75,151.448
34.75,25.75,133.427
35.25,25.75,116.966
35.75,25.75,102.049
36.25,25.75,88.6396
36.75,25.75,76.6848
37.25,25.75,66.1137
37.75,25.75,56.8419
38.25,25.75,48.7743
38.75,25.75,41.8086
39.25,25.75,35.8393
39.75,25.75,30.7598
40.25,25.75,26.4658
40.75,25.75,22.8572
41.25,25.75,19.84
41.75,25.75,17.3273
42.25,25.75,15.2399
42.75,25.75,13.5068
43.25,25.75,12.0645
43.75,25.75,10.8563
44.25,25.75,9.82837
44.75,25.75,8.92965
-44.75,26.25,8.76285
-44.25,26.25,8.79038
-43.75,26.25,8.70916
-43.25,26.25,8.58584
-42.75,26.25,8.47113
-42.25,26.25,8.39023
-41.75,26.25,8.36404
-41.25,26.25,8.41094
-40.75,26.25,8.54733
-40.25,26.25,8.78838
-39.75,26.25,9.14899
-39.25,26.25,9.64486
-38.75,26.25,10.2936
-38.25,26.25,11.1162
-37.75,26.25,12.1378
-37.25,26.25,13.3894
-36.75,26.25,14.9091
-36.25,26.25,16.7431
-35.75,26.25,18.9473
-35.25,26.25,21.587
-34.75,26.25,24.7372
-34.25,26.25,28.4824
-33.75,26.25,32.9148
-33.25,26.25,38.1326
-32.75,26.25,44.238
-32.25,26.25,51.3342
-31.75,26.25,59.5219
-31.25,26.25,68.8957
-30.75,26.25,79.5408
-30.25,26.25,91.5282
-29.75,26.25,104.91
-29.25,26.25,119.713
-28.75,26.25,135.939
-28.25,26.25,153.555
-27.75,26.25,172.497
-27.25,26.25,192.663
-26.75,26.25,213.92
-26.25,26.25,236.111
-25.75,26.25,259.056
-25.25,26.25,282.567
-24.75,26.25,306.46
-24.25,26.25,330.564
-23.75,26.25,354.733
-23.25,26.25,378.851
-22.75,26.25,402.839
-22.25,26.25,426.652
-21.75,26.25,450.275
-21.25,26.25,473.71
-20.75,26.25,496.971
-20.25,26.25,520.068
-19.75,26.25,543.003
-19.25,26.25,565.763
-18.75,26.25,588.323
-18.25,26.25,610.648
-17.75,26.25,632.707
-17.25,26.25,654.479
-16.75,26.25,675.968
-16.25,26.25,697.205
-15.75,26.25,718.257
-15.25,26.25,739.222
-14.75,26.25,760.23
-14.25,26.25,781.425
-13.75,26.25,802.964
-13.25,26.25,824.998
-12.75,26.25,847.667
-12.25,26.25,871.087
-11.75,26.25,895.343
-11.25,26.25,920.482
-10.75,26.25,946.511
-10.25,26.25,973.393
-9.75,26.25,1001.05
-9.25,26.25,1029.37
-8.75,26.25,1058.21
-8.25,26.25,1087.39
-7.75,26.25,1116.76
-7.25,26.25,1146.15
-6.75,26.25,1175.44
-6.25,26.25,1204.54
-5.75,26.25,1233.43
-5.25,26.25,1262.13
-4.75,26.25,1290.74
-4.25,26.25,1319.43
-3.75,26.25,1348.36
-3.25,26.25,1377.75
-2.75,26.25,1407.81
-2.25,26.25,1438.71
-1.75,26.25,1470.6
-1.25,26.25,1503.59
-0.75,26.25,1537.71
-0.25,26.25,1572.95
0.25,26.25,1609.23
0.75,26.25,1646.44
1.25,26.25,1684.38
1.75,26.25,1722.82
2.25,26.25,1761.5
2.75,26.25,1800.1
3.25,26.25,1838.27
3.75,26.25,1875.63
4.25,26.25,1911.8
4.75,26.25,1946.37
5.25,26.25,1978.92
5.75,26.25,2009.05
6.25,26.25,2036.36
6.75,26.25,2060.45
7.25,26.25,2080.97
7.75,26.25,2097.54
8.25,26.25,2109.86
8.75,26.25,2117.62
9.25,26.25,2120.58
9.75,26.25,2118.51
10.25,26.25,2111.27
10.75,26.25,2098.74
11.25,26.25,2080.88
11.75,26.25,2057.71
12.25,26.25,2029.33
12.75,26.25,1995.9
13.25,26.25,1957.68
13.75,26.25,1915.01
14.25,26.25,1868.33
14.75,26.25,1818.16
15.25,26.25,1765.08
15.75,26.25,1709.74
16.25,26.25,1652.8
16.75,26.25,1594.92
17.25,26.25,1536.71
17.75,26.25,1478.68
18.25,26.25,1421.28
18.75,26.25,1364.79
19.25,26.25,1309.39
19.75,26.25,1255.14
20.25,26.25,1201.97
20.75,26.25,1149.75
21.25,26.25,1098.32
21.75,26.25,1047.49
22.25,26.25,997.102
22.75,26.25,947.046
23.25,26.25,897.285
23.75,26.25,847.863
24.25,26.25,798.899
24.75,26.25,750.582
25.25,26.25,703.145
25.75,26.25,656.843
26.25,26.25,611.928
26.75,26.25,568.626
27.25,26.25,527.116
27.75,26.25,487.521
28.25,26.25,449.902
28.75,26.25,414.266
29.25,26.25,380.57
29.75,26.25,348.743
30.25,26.25,318.694
30.75,26.25,290.332
31.25,26.25,263.577
31.75,26.25,238.365
32.25,26.25,214.658
32.75,26.25,192.435
33.25,26.25,171.695
33.75,26.25,152.44
34.25,26.25,134.679
34.75,26.25,118.41
35.25,26.25,103.62
35.75,26.25,90.2791
36.25,26.25,78.3409
36.75,26.25,67.7422
37.25,26.25,58.4063
37.75,26.25,50.2454
38.25,26.25,43.1643
38.75,26.25,37.064
39.25,26.25,31.8445
39.75,26.25,27.4076
40.25,26.25,23.6584
40.75,26.25,20.5077
41.25,26.25,17.8724
41.75,26.25,15.6769
42.25,26.25,13.8525
42.75,26.25,12.3381
43.25,26.25,11.079
43.75,26.25,10.0264
44.25,26.25,9.13283
44.75,26.25,8.35279
-44.75,26.75,7.86335
-44.25,26.75,7.90954
-43.75,26.75,7.85348
-43.25,26.75,7.75485
-42.75,26.75,7.65959
-42.25,26.75,7.59129
-41.75,26.75,7.56987
-41.25,26.75,7.61297
-40.75,26.75,7.73631
-40.25,26.75,7.95421
-39.75,26.75,8.28032
-39.25,26.75,8.72835
-38.75,26.75,9.31283
-38.25,26.75,10.05
-37.75,26.75,10.9585
-37.25,26.75,12.0608
-36.75,26.75,13.3839
-36.25,26.75,14.9612
-35.75,26.75,16.8335
-35.25,26.75,19.0498
-34.75,26.75,21.6684
-34.25,26.75,24.7572
-33.75,26.75,28.3928
-33.25,26.75,32.6603
-32.75,26.75,37.6515
-32.25,26.75,43.463
-31.75,26.75,50.1936
-31.25,26.75,57.9414
-30.75,26.75,66.8001
-30.25,26.75,76.8546
-29.75,26.75,88.1757
-29.25,26.75,100.814
-28.75,26.75,114.797
-28.25,26.75,130.119
-27.75,26.75,146.741
-27.25,26.75,164.589
-26.75,26.75,183.552
-26.25,26.75,203.489
-25.75,26.75,224.235
-25.25,26.75,245.611
-24.75,26.75,267.437
-24.25,26.75,289.545
-23.75,26.75,311.788
-23.25,26.75,334.048
-22.75,26.75,356.242
-22.25,26.75,378.323
-21.75,26.75,400.269
-21.25,26.75,422.081
-20.75,26.75,443.767
-20.25,26.75,465.333
-19.75,26.75,486.778
-19.25,26.75,508.085
-18.75,26.75,529.224
-18.25,26.75,550.16
-17.75,26.75,570.858
-17.25,26.75,591.297
-16.75,26.75,611.483
-16.25,26.75,631.451
-15.75,26.75,651.273
-15.25,26.75,671.056
-14.75,26.75,690.935
-14.25,26.75,711.063
-13.75,26.75,731.601
-13.25,26.75,752.702
-12.75,26.75,774.503
-12.25,26.75,797.111
-11.75,26.75,820.596
-11.25,26.75,844.987
-10.75,26.75,870.264
-10.25,26.75,896.361
-9.75,26.75,923.17
-9.25,26.75,950.542
-8.75,26.75,978.304
-8.25,26.75,1006.27
-7.75,26.75,1034.24
-7.25,26.75,1062.07
-6.75,26.75,1089.61
-6.25,26.75,1116.8
-5.75,26.75,1143.62
-5.25,26.75,1170.13
-4.75,26.75,1196.44
-4.25,26.75,1222.73
-3.75,26.75,1249.21
-3.25,26.75,1276.09
-2.75,26.75,1303.6
-2.25,26.75,1331.94
-1.75,26.75,1361.26
-1.25,26.75,1391.66
-0.75,26.75,1423.2
-0.25,26.75,1455.89
0.25,26.75,1489.67
0.75,26.75,1524.42
1.25,26.75,1560
1.75,26.75,1596.2
2.25,26.75,1632.78
2.75,26.75,1669.44
3.25,26.75,1705.89
3.75,26.75,1741.75
4.25,26.75,1776.68
4.75,26.75,1810.28
5.25,26.75,1842.15
5.75,26.75,1871.9
6.25,26.75,1899.1
6.75,26.75,1923.37
7.25,26.75,1944.31
7.75,26.75,1961.52
8.25,26.75,1974.66
8.75,26.75,1983.38
9.25,26.75,1987.38
9.75,26.75,1986.42
10.25,26.75,1980.29
10.75,26.75,1968.88
11.25,26.75,1952.13
11.75,26.75,1930.08
12.25,26.75,1902.82
12.75,26.75,1870.57
13.25,26.75,1833.6
13.75,26.75,1792.31
14.25,26.75,1747.15
14.75,26.75,1698.68
15.25,26.75,1647.49
15.75,26.75,1594.25
16.25,26.75,1539.6
16.75,26.75,1484.21
17.25,26.75,1428.65
17.75,26.75,1373.45
18.25,26.75,1319.01
18.75,26.75,1265.6
19.25,26.75,1213.4
19.75,26.75,1162.42
20.25,26.75,1112.6
20.75,26.75,1063.79
21.25,26.75,1015.8
21.75,26.75,968.423
22.25,26.75,921.479
22.75,26.75,874.844
23.25,26.75,828.461
23.75,26.75,782.358
24.25,26.75,736.644
24.75,26.75,691.494
25.25,26.75,647.135
25.75,26.75,603.816
26.25,26.75,561.784
26.75,26.75,521.262
27.25,26.75,482.426
27.75,26.75,445.399
28.25,26.75,410.244
28.75,26.75,376.971
29.25,26.75,345.547
29.75,26.75,315.905
30.25,26.75,287.968
30.75,26.75,261.654
31.25,26.75,236.892
31.75,26.75,213.629
32.25,26.75,191.828
32.75,26.75,171.471
33.25,26.75,152.554
33.75,26.75,135.074
34.25,26.75,119.03
34.75,26.75,104.409
35.25,26.75,91.1876
35.75,26.75,79.3244
36.25,26.75,68.763
36.75,26.75,59.4324
37.25,26.75,51.2502
37.75,26.75,44.1263
38.25,26.75,37.9657
38.75,26.75,32.6724
39.25,26.75,28.1523
39.75,26.75,24.3145
40.25,26.75,21.0734
40.75,26.75,18.3495
41.25,26.75,16.0702
41.75,26.75,14.1701
42.25,26.75,12.5904
42.75,26.75,11.2791
43.25,26.75,10.1901
43.75,26.75,9.28165
44.25,26.75,8.513
44.75,26.75,7.84367
-44.75,27.25,6.93962
-44.25,27.25,7.00203
-43.75,27.25,6.9716
-43.25,27.25,6.90061
-42.75,27.25,6.82956
-42.25,27.25,6.7799
-41.75,27.25,6.77011
-41.25,27.25,6.81677
-40.75,27.25,6.93479
-40.25,27.25,7.13781
-39.75,27.25,7.43865
-39.25,27.25,7.84974
-38.75,27.25,8.3835
-38.25,27.25,9.05268
-37.75,27.25,9.8708
-37.25,27.25,10.8528
-36.75,27.25,12.0163
-36.25,27.25,13.3825
-35.75,27.25,14.9786
-35.25,27.25,16.8385
-34.75,27.25,19.005
-34.25,27.25,21.5306
-33.75,27.25,24.4779
-33.25,27.25,27.9198
-32.75,27.25,31.9388
-32.25,27.25,36.6251
-31.75,27.25,42.075
-31.25,27.25,48.388
-30.75,27.25,55.6635
-30.25,27.25,63.9967
-29.75,27.25,73.4725
-29.25,27.25,84.1604
-28.75,27.25,96.1079
-28.25,27.25,109.335
-27.75,27.25,123.826
-27.25,27.25,139.53
-26.75,27.25,156.359
-26.25,27.25,174.19
-25.75,27.25,192.872
-25.25,27.25,212.237
-24.75,27.25,232.112
-24.25,27.25,252.33
-23.75,27.25,272.744
-23.25,27.25,293.232
-22.75,27.25,313.709
-22.25,27.25,334.122
-21.75,27.25,354.445
-21.25,27.25,374.674
-20.75,27.25,394.816
-20.25,27.25,414.875
-19.75,27.25,434.849
-19.25,27.25,454.722
-18.75,27.25,474.464
-18.25,27.25,494.04
-17.75,27.25,513.416
-17.25,27.25,532.573
-16.75,27.25,551.515
-16.25,27.25,570.279
-15.75,27.25,588.938
-15.25,27.25,607.599
-14.75,27.25,626.399
-14.25,27.25,645.492
-13.75,27.25,665.039
-13.25,27.25,685.191
-12.75,27.25,706.081
-12.25,27.25,727.811
-11.75,27.25,750.44
-11.25,27.25,773.982
-10.75,27.25,798.4
-10.25,27.25,823.61
-9.75,27.25,849.479
-9.25,27.25,875.84
-8.75,27.25,902.497
-8.25,27.25,929.244
-7.75,27.25,955.885
-7.25,27.25,982.247
-6.75,27.25,1008.2
-6.25,27.25,1033.68
-5.75,27.25,1058.68
-5.25,27.25,1083.27
-4.75,27.25,1107.57
-4.25,27.25,1131.78
-3.75,27.25,1156.11
-3.25,27.25,1180.78
-2.75,27.25,1206.02
-2.25,27.25,1232.03
-1.75,27.25,1258.97
-1.25,27.25,1286.96
-0.75,27.25,1316.06
-0.25,27.25,1346.3
0.25,27.25,1377.64
0.75,27.25,1409.99
1.25,27.25,1443.23
1.75,27.25,1477.2
2.25,27.25,1511.66
2.75,27.25,1546.39
3.25,27.25,1581.08
3.75,27.25,1615.41
4.25,27.25,1649.04
4.75,27.25,1681.61
5.25,27.25,1712.71
5.75,27.25,1741.96
6.25,27.25,1768.93
6.75,27.25,1793.21
7.25,27.25,1814.39
7.75,27.25,1832.04
8.25,27.25,1845.77
8.75,27.25,1855.21
9.25,27.25,1860.02
9.75,27.25,1859.92
10.25,27.25,1854.68
10.75,27.25,1844.17
11.25,27.25,1828.32
11.75,27.25,1807.18
12.25,27.25,1780.88
12.75,27.25,1749.65
13.25,27.25,1713.8
13.75,27.25,1673.76
14.25,27.25,1630.03
14.75,27.25,1583.16
15.25,27.25,1533.8
15.75,27.25,1482.59
16.25,27.25,1430.18
16.75,27.25,1377.23
17.25,27.25,1324.29
17.75,27.25,1271.87
18.25,27.25,1220.35
18.75,27.25,1169.99
19.25,27.25,1120.93
19.75,27.25,1073.18
20.25,27.25,1026.66
20.75,27.25,981.204
21.25,27.25,936.592
21.75,27.25,892.607
22.25,27.25,849.049
22.75,27.25,805.774
23.25,27.25,762.706
23.75,27.25,719.859
24.25,27.25,677.327
24.75,27.25,635.274
25.25,27.25,593.918
25.75,27.25,553.503
26.25,27.25,514.271
26.75,27.25,476.441
27.25,27.25,440.188
27.75,27.25,405.636
28.25,27.25,372.85
28.75,27.25,341.846
29.25,27.25,312.596
29.75,27.25,285.047
30.25,27.25,259.129
30.75,27.25,234.771
31.25,27.25,211.913
31.75,27.25,190.508
32.25,27.25,170.522
32.75,27.25,151.939
33.25,27.25,134.75
33.75,27.25,118.948
34.25,27.25,104.52
34.75,27.25,91.4469
35.25,27.25,79.6921
35.75,27.25,69.2059
36.25,27.25,59.9235
36.75,27.25,51.7675
37.25,27.25,44.6519
37.75,27.25,38.4849
38.25,27.25,33.1727
38.75,27.25,28.6231
39.25,27.25,24.7473
39.75,27.25,21.4618
40.25,27.25,18.6893
40.75,27.25,16.3597
41.25,27.25,14.4096
41.75,27.25,12.7828
42.25,27.25,11.4295
42.75,27.25,10.3061
43.25,27.25,9.37393
43.75,27.25,8.59813
44.25,27.25,7.94385
44.75,27.25,7.37559
-44.75,27.75,6.07857
-44.25,27.75,6.15114
-43.75,27.75,6.14202
-43.25,27.75,6.09643
-42.75,27.75,6.04934
-42.25,27.75,6.01965
-41.75,27.75,6.0239
-41.25,27.75,6.07715
-40.75,27.75,6.19315
-40.25,27.75,6.3847
-39.75,27.75,6.66396
-39.25,27.75,7.04253
-38.75,27.75,7.53145
-38.25,27.75,8.14106
-37.75,27.75,8.88093
-37.25,27.75,9.76009
-36.75,27.75,10.7879
-36.25,27.75,11.9755
-35.75,27.75,13.3377
-35.25,27.75,14.8953
-34.75,27.75,16.6772
-34.25,27.75,18.7227
-33.75,27.75,21.0824
-33.25,27.75,23.8187
-32.75,27.75,27.0057
-32.25,27.75,30.7278
-31.75,27.75,35.0778
-31.25,27.75,40.1544
-30.75,27.75,46.0596
-30.25,27.75,52.8938
-29.75,27.75,60.7516
-29.25,27.75,69.715
-28.75,27.75,79.8481
-28.25,27.75,91.1895
-27.75,27.75,103.746
-27.25,27.75,117.487
-26.75,27.75,132.345
-26.25,27.75,148.218
-25.75,27.75,164.969
-25.25,27.75,182.444
-24.75,27.75,200.475
-24.25,27.75,218.901
-23.75,27.75,237.572
-23.25,27.75,256.368
-22.75,27.75,275.196
-22.25,27.75,293.998
-21.75,27.75,312.747
-21.25,27.75,331.433
-20.75,27.75,350.062
-20.25,27.75,368.639
-19.75,27.75,387.165
-19.25,27.75,405.625
-18.75,27.75,423.996
-18.25,27.75,442.245
-17.75,27.75,460.34
-17.25,27.75,478.264
-16.75,27.75,496.019
-16.25,27.75,513.64
-15.75,27.75,531.196
-15.25,27.75,548.788
-14.75,27.75,566.549
-14.25,27.75,584.627
-13.75,27.75,603.177
-13.25,27.75,622.347
-12.75,27.75,642.264
-12.25,27.75,663.023
-11.75,27.75,684.678
-11.25,27.75,707.236
-10.75,27.75,730.651
-10.25,27.75,754.827
-9.75,27.75,779.623
-9.25,27.75,804.859
-8.75,27.75,830.331
-8.25,27.75,855.827
-7.75,27.75,881.145
-7.25,27.75,906.111
-6.75,27.75,930.599
-6.25,27.75,954.544
-5.75,27.75,977.947
-5.25,27.75,1000.88
-4.75,27.75,1023.47
-4.25,27.75,1045.91
-3.75,27.75,1068.41
-3.25,27.75,1091.18
-2.75,27.75,1114.45
-2.25,27.75,1138.41
-1.75,27.75,1163.23
-1.25,27.75,1189.02
-0.75,27.75,1215.87
-0.25,27.75,1243.81
0.25,27.75,1272.83
0.75,27.75,1302.88
1.25,27.75,1333.85
1.75,27.75,1365.61
2.25,27.75,1397.98
2.75,27.75,1430.74
3.25,27.75,1463.63
3.75,27.75,1496.36
4.25,27.75,1528.6
4.75,27.75,1560.01
5.25,27.75,1590.19
5.75,27.75,1618.76
6.25,27.75,1645.29
6.75,27.75,1669.36
7.25,27.75,1690.52
7.75,27.75,1708.35
8.25,27.75,1722.4
8.75,27.75,1732.29
9.25,27.75,1737.64
9.75,27.75,1738.14
10.25,27.75,1733.56
10.75,27.75,1723.75
11.25,27.75,1708.65
11.75,27.75,1688.3
12.25,27.75,1662.86
12.75,27.75,1632.59
13.25,27.75,1597.82
13.75,27.75,1559.01
14.25,27.75,1516.69
14.75,27.75,1471.45
15.25,27.75,1423.91
15.75,27.75,1374.73
16.25,27.75,1324.57
16.75,27.75,1274.04
17.25,27.75,1223.7
17.75,27.75,1174.03
18.25,27.75,1125.39
18.75,27.75,1078.03
19.25,27.75,1032.06
19.75,27.75,987.482
20.25,27.75,944.191
20.75,27.75,902.004
21.25,27.75,860.695
21.75,27.75,820.024
22.25,27.75,779.774
22.75,27.75,739.779
23.25,27.75,699.949
23.75,27.75,660.28
24.25,27.75,620.85
24.75,27.75,581.815
25.25,27.75,543.381
25.75,27.75,505.787
26.25,27.75,469.269
26.75,27.75,434.045
27.25,27.75,400.288
27.75,27.75,368.124
28.25,27.75,337.622
28.75,27.75,308.803
29.25,27.75,281.648
29.75,27.75,256.113
30.25,27.75,232.139
30.75,27.75,209.666
31.25,27.75,188.64
31.75,27.75,169.019
32.25,27.75,150.773
32.75,27.75,133.885
33.25,27.75,118.339
33.75,27.75,104.123
34.25,27.75,91.2165
34.75,27.75,79.5894
35.25,27.75,69.198
35.75,27.75,59.9844
36.25,27.75,51.8778
36.75,27.75,44.7969
37.25,27.75,38.6535
37.75,27.75,33.356
38.25,27.75,28.8132
38.75,27.75,24.9367
39.25,27.75,21.6437
39.75,27.75,18.8577
40.25,27.75,16.5093
40.75,27.75,14.5367
41.25,27.75,12.8849
41.75,27.75,11.5061
42.25,27.75,10.3581
42.75,27.75,9.40449
43.25,27.75,8.61331
43.75,27.75,7.95574
44.25,27.75,7.40227
44.75,27.75,6.92198
-44.75,28.25,5.3641
-44.25,28.25,5.43783
-43.75,28.25,5.44128
-43.25,28.25,5.41375
-42.75,28.25,5.38514
-42.25,28.25,5.37156
-41.75,28.25,5.38717
-41.25,28.25,5.44499
-40.75,28.25,5.55719
-40.25,28.25,5.73544
-39.75,28.25,5.99114
-39.25,28.25,6.33529
-38.75,28.25,6.77809
-38.25,28.25,7.32832
-37.75,28.25,7.99271
-37.25,28.25,8.77576
-36.75,28.25,9.68034
-36.25,28.25,10.7092
-35.75,28.25,11.867
-35.25,28.25,13.1637
-34.75,28.25,14.6171
-34.25,28.25,16.2554
-33.75,28.25,18.1194
-33.25,28.25,20.2631
-32.75,28.25,22.7534
-32.25,28.25,25.6689
-31.75,28.25,29.0977
-31.25,28.25,33.1357
-30.75,28.25,37.8835
-30.25,28.25,43.4425
-29.75,28.25,49.9112
-29.25,28.25,57.3788
-28.75,28.25,65.9202
-28.25,28.25,75.5884
-27.75,28.25,86.407
-27.25,28.25,98.3656
-26.75,28.25,111.416
-26.25,28.25,125.474
-25.75,28.25,140.422
-25.25,28.25,156.117
-24.75,28.25,172.403
-24.25,28.25,189.122
-23.75,28.25,206.129
-23.25,28.25,223.301
-22.75,28.25,240.542
-22.25,28.25,257.789
-21.75,28.25,275.011
-21.25,28.25,292.197
-20.75,28.25,309.352
-20.25,28.25,326.482
-19.75,28.25,343.591
-19.25,28.25,360.671
-18.75,28.25,377.705
-18.25,28.25,394.666
-17.75,28.25,411.525
-17.25,28.25,428.266
-16.75,28.25,444.889
-16.25,28.25,461.422
-15.75,28.25,477.927
-15.25,28.25,494.495
-14.75,28.25,511.246
-14.25,28.25,528.317
-13.75,28.25,545.853
-13.25,28.25,563.994
-12.75,28.25,582.86
-12.25,28.25,602.541
-11.75,28.25,623.088
-11.25,28.25,644.505
-10.75,28.25,666.746
-10.25,28.25,689.715
-9.75,28.25,713.271
-9.25,28.25,737.236
-8.75,28.25,761.408
-8.25,28.25,785.577
-7.75,28.25,809.545
-7.25,28.25,833.145
-6.75,28.25,856.252
-6.25,28.25,878.806
-5.75,28.25,900.806
-5.25,28.25,922.322
-4.75,28.25,943.478
-4.25,28.25,964.443
-3.75,28.25,985.416
-3.25,28.25,1006.61
-2.75,28.25,1028.22
-2.25,28.25,1050.43
-1.75,28.25,1073.41
-1.25,28.25,1097.27
-0.75,28.25,1122.09
-0.25,28.25,1147.94
0.25,28.25,1174.81
0.75,28.25,1202.68
1.25,28.25,1231.48
1.75,28.25,1261.1
2.25,28.25,1291.4
2.75,28.25,1322.19
3.25,28.25,1353.24
3.75,28.25,1384.28
4.25,28.25,1415.02
4.75,28.25,1445.11
5.25,28.25,1474.18
5.75,28.25,1501.85
6.25,28.25,1527.68
6.75,28.25,1551.25
7.25,28.25,1572.11
7.75,28.25,1589.79
8.25,28.25,1603.86
8.75,28.25,1613.89
9.25,28.25,1619.5
9.75,28.25,1620.36
10.25,28.25,1616.23
10.75,28.25,1606.95
11.25,28.25,1592.48
11.75,28.25,1572.85
12.25,28.25,1548.25
12.75,28.25,1518.95
13.25,28.25,1485.31
13.75,28.25,1447.81
14.25,28.25,1406.99
14.75,28.25,1363.44
15.25,28.25,1317.8
15.75,28.25,1270.72
16.25,28.25,1222.84
16.75,28.25,1174.76
17.25,28.25,1127.03
17.75,28.25,1080.09
18.25,28.25,1034.3
18.75,28.25,989.872
19.25,28.25,946.917
19.75,28.25,905.417
20.25,28.25,865.256
20.75,28.25,826.239
21.25,28.25,788.124
21.75,28.25,750.656
22.25,28.25,713.604
22.75,28.25,676.783
23.25,28.25,640.088
23.75,28.25,603.497
24.25,28.25,567.077
24.75,28.25,530.97
25.25,28.25,495.373
25.75,28.25,460.517
26.25,28.25,426.634
26.75,28.25,393.938
27.25,28.25,362.603
27.75,28.25,332.755
28.25,28.25,304.469
28.75,28.25,277.772
29.25,28.25,252.653
29.75,28.25,229.077
30.25,28.25,206.994
30.75,28.25,186.352
31.25,28.25,167.104
31.75,28.25,149.21
32.25,28.25,132.642
32.75,28.25,117.377
33.25,28.25,103.396
33.75,28.25,90.6797
34.25,28.25,79.1992
34.75,28.25,68.9173
35.25,28.25,59.7834
35.75,28.25,51.7344
36.25,28.25,44.696
36.75,28.25,38.5852
37.25,28.25,33.3141
37.75,28.25,28.7931
38.25,28.25,24.9344
38.75,28.25,21.6547
39.25,28.25,18.8773
39.75,28.25,16.5324
40.25,28.25,14.5581
40.75,28.25,12.9
41.25,28.25,11.5108
41.75,28.25,10.3497
42.25,28.25,9.38128
42.75,28.25,8.57526
43.25,28.25,7.90523
43.75,28.25,7.34744
44.25,28.25,6.87708
44.75,28.25,6.46742
-44.75,28.75,4.85424
-44.25,28.75,4.91884
-43.75,28.75,4.92362
-43.25,28.75,4.90358
-42.75,28.75,4.88427
-42.25,28.75,4.87894
-41.75,28.75,4.89901
-41.25,28.75,4.95502
-40.75,28.75,5.05716
-40.25,28.75,5.21568
-39.75,28.75,5.44113
-39.25,28.75,5.74402
-38.75,28.75,6.13402
-38.25,28.75,6.61897
-37.75,28.75,7.20367
-37.25,28.75,7.88936
-36.75,28.75,8.67408
-36.25,28.75,9.55421
-35.75,28.75,10.527
-35.25,28.75,11.594
-34.75,28.75,12.7646
-34.25,28.75,14.0589
-33.75,28.75,15.5102
-33.25,28.75,17.1658
-32.75,28.75,19.086
-32.25,28.75,21.3436
-31.75,28.75,24.021
-31.25,28.75,27.2087
-30.75,28.75,31.0023
-30.25,28.75,35.5002
-29.75,28.75,40.7996
-29.25,28.75,46.9919
-28.75,28.75,54.1571
-28.25,28.75,62.3578
-27.75,28.75,71.6307
-27.25,28.75,81.9816
-26.75,28.75,93.3804
-26.25,28.75,105.761
-25.75,28.75,119.024
-25.25,28.75,133.042
-24.75,28.75,147.671
-24.25,28.75,162.762
-23.75,28.75,178.174
-23.25,28.75,193.784
-22.75,28.75,209.496
-22.25,28.75,225.245
-21.75,28.75,240.994
-21.25,28.75,256.73
-20.75,28.75,272.459
-20.25,28.75,288.189
-19.75,28.75,303.928
-19.25,28.75,319.675
-18.75,28.75,335.419
-18.25,28.75,351.139
-17.75,28.75,366.812
-17.25,28.75,382.421
-16.75,28.75,397.962
-16.25,28.75,413.458
-15.75,28.75,428.955
-15.25,28.75,444.532
-14.75,28.75,460.291
-14.25,28.75,476.354
-13.75,28.75,492.85
-13.25,28.75,509.908
-12.75,28.75,527.639
-12.25,28.75,546.129
-11.75,28.75,565.427
-11.25,28.75,585.542
-10.75,28.75,606.433
-10.25,28.75,628.013
-9.75,28.75,650.151
-9.25,28.75,672.682
-8.75,28.75,695.417
-8.25,28.75,718.16
-7.75,28.75,740.726
-7.25,28.75,762.956
-6.75,28.75,784.735
-6.25,28.75,806.002
-5.75,28.75,826.757
-5.25,28.75,847.056
-4.75,28.75,867.011
-4.25,28.75,886.771
-3.75,28.75,906.511
-3.25,28.75,926.417
-2.75,28.75,946.67
-2.25,28.75,967.437
-1.75,28.75,988.863
-1.25,28.75,1011.06
-0.75,28.75,1034.13
-0.25,28.75,1058.11
0.25,28.75,1083.04
0.75,28.75,1108.9
1.25,28.75,1135.66
1.75,28.75,1163.24
2.25,28.75,1191.52
2.75,28.75,1220.34
3.25,28.75,1249.51
3.75,28.75,1278.79
4.25,28.75,1307.89
4.75,28.75,1336.5
5.25,28.75,1364.26
5.75,28.75,1390.78
6.25,28.75,1415.65
6.75,28.75,1438.42
7.25,28.75,1458.65
7.75,28.75,1475.87
8.25,28.75,1489.62
8.75,28.75,1499.49
9.25,28.75,1505.07
9.75,28.75,1506.05
10.25,28.75,1502.17
10.75,28.75,1493.29
11.25,28.75,1479.36
11.75,28.75,1460.44
12.25,28.75,1436.71
12.75,28.75,1408.46
13.25,28.75,1376.07
13.75,28.75,1340.02
14.25,28.75,1300.83
14.75,28.75,1259.12
15.25,28.75,1215.51
15.75,28.75,1170.64
16.25,28.75,1125.12
16.75,28.75,1079.55
17.25,28.75,1034.43
17.75,28.75,990.219
18.25,28.75,947.226
18.75,28.75,905.667
19.25,28.75,865.634
19.75,28.75,827.101
20.25,28.75,789.942
20.75,28.75,753.955
21.25,28.75,718.888
21.75,28.75,684.477
22.25,28.75,650.476
22.75,28.75,616.691
23.25,28.75,583
23.75,28.75,549.369
24.25,28.75,515.849
24.75,28.75,482.572
25.25,28.75,449.725
25.75,28.75,417.53
26.25,28.75,386.212
26.75,28.75,355.982
27.25,28.75,327.013
27.75,28.75,299.433
28.25,28.75,273.318
28.75,28.75,248.702
29.25,28.75,225.583
29.75,28.75,203.93
30.25,28.75,183.704
30.75,28.75,164.857
31.25,28.75,147.345
31.75,28.75,131.132
32.25,28.75,116.184
32.75,28.75,102.477
33.25,28.75,89.9853
33.75,28.75,78.6815
34.25,28.75,68.5315
34.75,28.75,59.4917
35.25,28.75,51.5075
35.75,28.75,44.5129
36.25,28.75,38.4328
36.75,28.75,33.1852
37.25,28.75,28.6844
37.75,28.75,24.8447
38.25,28.75,21.5831
38.75,28.75,18.8218
39.25,28.75,16.4902
39.75,28.75,14.5254
40.25,28.75,12.8722
40.75,28.75,11.4831
41.25,28.75,10.3173
41.75,28.75,9.33996
42.25,28.75,8.52156
42.75,28.75,7.8369
43.25,28.75,7.26415
43.75,28.75,6.78375
44.25,28.75,6.37488
44.75,28.75,6.0146
-44.75,29.25,4.56531
-44.25,29.25,4.61129
-43.75,29.25,4.60643
-43.25,29.25,4.58294
-42.75,29.25,4.56281
-42.25,29.25,4.55631
-41.75,29.25,4.57189
-41.25,29.25,4.61736
-40.75,29.25,4.70069
-40.25,29.25,4.83062
-39.75,29.25,5.01679
-39.25,29.25,5.26928
-38.75,29.25,5.59745
-38.25,29.25,6.00852
-37.75,29.25,6.50606
-37.25,29.25,7.08911
-36.75,29.25,7.75249
-36.25,29.25,8.48836
-35.75,29.25,9.289
-35.25,29.25,10.1505
-34.75,29.25,11.0766
-34.25,29.25,12.0822
-33.75,29.25,13.1949
-33.25,29.25,14.4565
-32.75,29.25,15.9216
-32.25,29.25,17.6564
-31.75,29.25,19.7362
-31.25,29.25,22.244
-30.75,29.25,25.268
-30.25,29.25,28.8994
-29.75,29.25,33.2303
-29.25,29.25,38.3495
-28.75,29.25,44.3379
-28.25,29.25,51.2629
-27.75,29.25,59.1701
-27.25,29.25,68.0781
-26.75,29.25,77.9729
-26.25,29.25,88.806
-25.75,29.25,100.496
-25.25,29.25,112.932
-24.75,29.25,125.986
-24.25,29.25,139.52
-23.75,29.25,153.401
-23.25,29.25,167.51
-22.75,29.25,181.752
-22.25,29.25,196.06
-21.75,29.25,210.395
-21.25,29.25,224.744
-20.75,29.25,239.109
-20.25,29.25,253.501
-19.75,29.25,267.932
-19.25,29.25,282.407
-18.75,29.25,296.92
-18.25,29.25,311.456
-17.75,29.25,325.997
-17.25,29.25,340.526
-16.75,29.25,355.034
-16.25,29.25,369.534
-15.75,29.25,384.058
-15.25,29.25,398.666
-14.75,29.25,413.442
-14.25,29.25,428.488
-13.75,29.25,443.914
-13.25,29.25,459.833
-12.75,29.25,476.349
-12.25,29.25,493.54
-11.75,29.25,511.46
-11.25,29.25,530.121
-10.75,29.25,549.496
-10.25,29.25,569.514
-9.75,29.25,590.064
-9.25,29.25,611.004
-8.75,29.25,632.167
-8.25,29.25,653.379
-7.75,29.25,674.476
-7.25,29.25,695.314
-6.75,29.25,715.789
-6.25,29.25,735.841
-5.75,29.25,755.466
-5.25,29.25,774.706
-4.75,29.25,793.653
-4.25,29.25,812.429
-3.75,29.25,831.181
-3.25,29.25,850.064
-2.75,29.25,869.232
-2.25,29.25,888.828
-1.75,29.25,908.979
-1.25,29.25,929.792
-0.75,29.25,951.348
-0.25,29.25,973.71
0.25,29.25,996.913
0.75,29.25,1020.96
1.25,29.25,1045.84
1.75,29.25,1071.5
2.25,29.25,1097.83
2.75,29.25,1124.72
3.25,29.25,1152
3.75,29.25,1179.44
4.25,29.25,1206.8
4.75,29.25,1233.78
5.25,29.25,1260.03
5.75,29.25,1285.17
6.25,29.25,1308.81
6.75,29.25,1330.51
7.25,29.25,1349.8
7.75,29.25,1366.24
8.25,29.25,1379.38
8.75,29.25,1388.79
9.25,29.25,1394.08
9.75,29.25,1394.95
10.25,29.25,1391.15
10.75,29.25,1382.55
11.25,29.25,1369.11
11.75,29.25,1350.91
12.25,29.25,1328.12
12.75,29.25,1301.03
13.25,29.25,1270.04
13.75,29.25,1235.59
14.25,29.25,1198.23
14.75,29.25,1158.54
15.25,29.25,1117.11
15.75,29.25,1074.58
16.25,29.25,1031.53
16.75,29.25,988.527
17.25,29.25,946.066
17.75,29.25,904.562
18.25,29.25,864.325
18.75,29.25,825.555
19.25,29.25,788.334
19.75,29.25,752.631
20.25,29.25,718.317
20.75,29.25,685.188
21.25,29.25,652.989
21.75,29.25,621.451
22.25,29.25,590.325
22.75,29.25,559.406
23.25,29.25,528.565
23.75,29.25,497.754
24.25,29.25,467.016
24.75,29.25,436.467
25.25,29.25,406.285
25.75,29.25,376.682
26.25,29.25,347.874
26.75,29.25,320.067
27.25,29.25,293.429
27.75,29.25,268.087
28.25,29.25,244.12
28.75,29.25,221.566
29.25,29.25,200.426
29.75,29.25,180.678
30.25,29.25,162.285
30.75,29.25,145.203
31.25,29.25,129.392
31.75,29.25,114.812
32.25,29.25,101.428
32.75,29.25,89.2099
33.25,29.25,78.1273
33.75,29.25,68.1464
34.25,29.25,59.2283
34.75,29.25,51.3258
35.25,29.25,44.3824
35.75,29.25,38.3322
36.25,29.25,33.1018
36.75,29.25,28.6124
37.25,29.25,24.7828
37.75,29.25,21.5323
38.25,29.25,18.7836
38.75,29.25,16.4652
39.25,29.25,14.5125
39.75,29.25,12.869
40.25,29.25,11.4855
40.75,29.25,10.3204
41.25,29.25,9.33853
41.75,29.25,8.51038
42.25,29.25,7.81102
42.75,29.25,7.21953
43.25,29.25,6.71787
43.75,29.25,6.28994
44.25,29.25,5.91838
44.75,29.25,5.58379
-44.75,29.75,4.46855
-44.25,29.75,4.48928
-43.75,29.75,4.46669
-43.25,29.75,4.43136
-42.75,29.75,4.40219
-42.25,29.75,4.38642
-41.75,29.75,4.38938
-41.25,29.75,4.41615
-40.75,29.75,4.47255
-40.25,29.75,4.56582
-39.75,29.75,4.70481
-39.25,29.75,4.89917
-38.75,29.75,5.15795
-38.25,29.75,5.48794
-37.75,29.75,5.89187
-37.25,29.75,6.36749
-36.75,29.75,6.90783
-36.25,29.75,7.50281
-35.75,29.75,8.14221
-35.25,29.75,8.81936
-34.75,29.75,9.53508
-34.25,29.75,10.3008
-33.75,29.75,11.1405
-33.25,29.75,12.0911
-32.75,29.75,13.2014
-32.25,29.75,14.5305
-31.75,29.75,16.1456
-31.25,29.75,18.1203
-30.75,29.75,20.533
-30.25,29.75,23.4659
-29.75,29.75,27.0026
-29.25,29.75,31.226
-28.75,29.75,36.2141
-28.25,29.75,42.0352
-27.75,29.75,48.7401
-27.25,29.75,56.3568
-26.75,29.75,64.8846
-26.25,29.75,74.2914
-25.75,29.75,84.5135
-25.25,29.75,95.4592
-24.75,29.75,107.017
-24.25,29.75,119.063
-23.75,29.75,131.476
-23.25,29.75,144.145
-22.75,29.75,156.978
-22.25,29.75,169.91
-21.75,29.75,182.9
-21.25,29.75,195.933
-20.75,29.75,209.009
-20.25,29.75,222.139
-19.75,29.75,235.338
-19.25,29.75,248.613
-18.75,29.75,261.963
-18.25,29.75,275.38
-17.75,29.75,288.847
-17.25,29.75,302.346
-16.75,29.75,315.864
-16.25,29.75,329.403
-15.75,29.75,342.979
-15.25,29.75,356.634
-14.75,29.75,370.43
-14.25,29.75,384.444
-13.75,29.75,398.769
-13.25,29.75,413.501
-12.75,29.75,428.73
-12.25,29.75,444.534
-11.75,29.75,460.965
-11.25,29.75,478.048
-10.75,29.75,495.771
-10.25,29.75,514.084
-9.75,29.75,532.905
-9.25,29.75,552.12
-8.75,29.75,571.594
-8.25,29.75,591.182
-7.75,29.75,610.746
-7.25,29.75,630.162
-6.75,29.75,649.338
-6.25,29.75,668.218
-5.75,29.75,686.791
-5.25,29.75,705.084
-4.75,29.75,723.164
-4.25,29.75,741.123
-3.75,29.75,759.076
-3.25,29.75,777.144
-2.75,29.75,795.45
-2.25,29.75,814.109
-1.75,29.75,833.227
-1.25,29.75,852.894
-0.75,29.75,873.184
-0.25,29.75,894.157
0.25,29.75,915.85
0.75,29.75,938.282
1.25,29.75,961.446
1.75,29.75,985.306
2.25,29.75,1009.79
2.75,29.75,1034.81
3.25,29.75,1060.2
3.75,29.75,1085.78
4.25,29.75,1111.32
4.75,29.75,1136.54
5.25,29.75,1161.13
5.75,29.75,1184.71
6.25,29.75,1206.9
6.75,29.75,1227.27
7.25,29.75,1245.37
7.75,29.75,1260.76
8.25,29.75,1273.01
8.75,29.75,1281.7
9.25,29.75,1286.48
9.75,29.75,1287.05
10.25,29.75,1283.19
10.75,29.75,1274.78
11.25,29.75,1261.8
11.75,29.75,1244.33
12.25,29.75,1222.55
12.75,29.75,1196.75
13.25,29.75,1167.3
13.75,29.75,1134.65
14.25,29.75,1099.29
14.75,29.75,1061.79
15.25,29.75,1022.72
15.75,29.75,982.662
16.25,29.75,942.186
16.75,29.75,901.822
17.25,29.75,862.042
17.75,29.75,823.237
18.25,29.75,785.704
18.75,29.75,749.632
19.25,29.75,715.098
19.75,29.75,682.07
20.25,29.75,650.423
20.75,29.75,619.956
21.25,29.75,590.419
21.75,29.75,561.548
22.25,29.75,533.093
22.75,29.75,504.852
23.25,29.75,476.688
23.75,29.75,448.548
24.25,29.75,420.465
24.75,29.75,392.544
25.25,29.75,364.949
25.75,29.75,337.878
26.25,29.75,311.539
26.75,29.75,286.126
27.25,29.75,261.801
27.75,29.75,238.685
28.25,29.75,216.858
28.75,29.75,196.357
29.25,29.75,177.185
29.75,29.75,159.325
30.25,29.75,142.741
30.75,29.75,127.393
31.25,29.75,113.239
31.75,29.75,100.237
32.25,29.75,88.3509
32.75,29.75,77.5447
33.25,29.75,67.7835
33.75,29.75,59.0295
34.25,29.75,51.2407
34.75,29.75,44.369
35.25,29.75,38.3583
35.75,29.75,33.1454
36.25,29.75,28.6607
36.75,29.75,24.8306
37.25,29.75,21.5798
37.75,29.75,18.8339
38.25,29.75,16.5221
38.75,29.75,14.5788
39.25,29.75,12.9457
39.75,29.75,11.5715
40.25,29.75,10.4125
40.75,29.75,9.43178
41.25,29.75,8.59877
41.75,29.75,7.88812
42.25,29.75,7.27877
42.75,29.75,6.75328
43.25,29.75,6.29682
43.75,29.75,5.89635
44.25,29.75,5.53769
44.75,29.75,5.205
-44.75,30.25,4.49936
-44.25,30.25,4.4925
-43.75,30.25,4.44892
-43.25,30.25,4.39804
-42.75,30.25,4.35587
-42.25,30.25,4.32656
-41.75,30.25,4.31249
-41.25,30.25,4.31618
-40.75,30.25,4.34153
-40.25,30.25,4.3945
-39.75,30.25,4.48315
-39.25,30.25,4.61662
-38.75,30.25,4.80356
-38.25,30.25,5.05026
-37.75,30.25,5.3589
-37.25,30.25,5.72662
-36.75,30.25,6.14591
-36.25,30.25,6.60624
-35.75,30.25,7.09695
-35.25,30.25,7.61089
-34.75,30.25,8.14794
-34.25,30.25,8.71782
-33.75,30.25,9.34163
-33.25,30.25,10.0519
-32.75,30.25,10.8914
-32.25,30.25,11.9115
-31.75,30.25,13.1704
-31.25,30.25,14.7312
-30.75,30.25,16.6619
-30.25,30.25,19.0335
-29.75,30.25,21.9202
-29.25,30.25,25.3965
-28.75,30.25,29.535
-28.25,30.25,34.4015
-27.75,30.25,40.0488
-27.25,30.25,46.5112
-26.75,30.25,53.7986
-26.25,30.25,61.8932
-25.75,30.25,70.7489
-25.25,30.25,80.2929
-24.75,30.25,90.4324
-24.25,30.25,101.062
-23.75,30.25,112.074
-23.25,30.25,123.369
-22.75,30.25,134.861
-22.25,30.25,146.487
-21.75,30.25,158.207
-21.25,30.25,170.003
-20.75,30.25,181.873
-20.25,30.25,193.826
-19.75,30.25,205.876
-19.25,30.25,218.031
-18.75,30.25,230.294
-18.25,30.25,242.658
-17.75,30.25,255.108
-17.25,30.25,267.625
-16.75,30.25,280.192
-16.25,30.25,292.797
-15.75,30.25,305.445
-15.25,30.25,318.156
-14.75,30.25,330.968
-14.25,30.25,343.939
-13.75,30.25,357.139
-13.25,30.25,370.646
-12.75,30.25,384.54
-12.25,30.25,398.892
-11.75,30.25,413.76
-11.25,30.25,429.178
-10.75,30.25,445.154
-10.25,30.25,461.666
-9.75,30.25,478.66
-9.25,30.25,496.058
-8.75,30.25,513.761
-8.25,30.25,531.659
-7.75,30.25,549.641
-7.25,30.25,567.609
-6.75,30.25,585.484
-6.25,30.25,603.215
-5.75,30.25,620.781
-5.25,30.25,638.194
-4.75,30.25,655.495
-4.25,30.25,672.747
-3.75,30.25,690.029
-3.25,30.25,707.428
-2.75,30.25,725.033
-2.25,30.25,742.932
-1.75,30.25,761.204
-1.25,30.25,779.922
-0.75,30.25,799.147
-0.25,30.25,818.929
0.25,30.25,839.306
0.75,30.25,860.296
1.25,30.25,881.903
1.75,30.25,904.104
2.25,30.25,926.849
2.75,30.25,950.053
3.25,30.25,973.598
3.75,30.25,997.318
4.25,30.25,1021.01
4.75,30.25,1044.41
5.25,30.25,1067.23
5.75,30.25,1089.11
6.25,30.25,1109.69
6.75,30.25,1128.55
7.25,30.25,1145.26
7.75,30.25,1159.4
8.25,30.25,1170.55
8.75,30.25,1178.34
9.25,30.25,1182.42
9.75,30.25,1182.54
10.25,30.25,1178.51
10.75,30.25,1170.23
11.25,30.25,1157.69
11.75,30.25,1140.98
12.25,30.25,1120.29
12.75,30.25,1095.89
13.25,30.25,1068.12
13.75,30.25,1037.4
14.25,30.25,1004.21
14.75,30.25,969.054
15.25,30.25,932.475
15.75,30.25,895.014
16.25,30.25,857.2
16.75,30.25,819.53
17.25,30.25,782.445
17.75,30.25,746.317
18.25,30.25,711.425
18.75,30.25,677.951
19.25,30.25,645.968
19.75,30.25,615.451
20.25,30.25,586.28
20.75,30.25,558.267
21.25,30.25,531.174
21.75,30.25,504.751
22.25,30.25,478.756
22.75,30.25,452.994
23.25,30.25,427.331
23.75,30.25,401.711
24.25,30.25,376.157
24.75,30.25,350.765
25.25,30.25,325.685
25.75,30.25,301.097
26.25,30.25,277.195
26.75,30.25,254.157
27.25,30.25,232.133
27.75,30.25,211.238
28.25,30.25,191.544
28.75,30.25,173.086
29.25,30.25,155.867
29.75,30.25,139.869
30.25,30.25,125.059
30.75,30.25,111.397
31.25,30.25,98.8404
31.75,30.25,87.347
32.25,30.25,76.8769
32.75,30.25,67.3917
33.25,30.25,58.8537
33.75,30.25,51.2231
34.25,30.25,44.4574
34.75,30.25,38.5093
35.25,30.25,33.3258
35.75,30.25,28.848
36.25,30.25,25.0121
36.75,30.25,21.751
37.25,30.25,18.9965
37.75,30.25,16.6812
38.25,30.25,14.7407
38.75,30.25,13.1159
39.25,30.25,11.7535
39.75,30.25,10.607
40.25,30.25,9.63688
40.75,30.25,8.80974
41.25,30.25,8.09824
41.75,30.25,7.48007
42.25,30.25,6.93711
42.75,30.25,6.45478
43.25,30.25,6.02112
43.75,30.25,5.62604
44.25,30.25,5.25866
44.75,30.25,4.90693
-44.75,30.75,4.5749
-44.25,30.75,4.54287
-43.75,30.75,4.48061
-43.25,30.75,4.41618
-42.75,30.75,4.36274
-42.25,30.75,4.32142
-41.75,30.75,4.29187
-41.25,30.75,4.2744
-40.75,30.75,4.27125
-40.25,30.75,4.28726
-39.75,30.75,4.32962
-39.25,30.75,4.40674
-38.75,30.75,4.5266
-38.25,30.75,4.69489
-37.75,30.75,4.91339
-37.25,30.75,5.17925
-36.75,30.75,5.48542
-36.25,30.75,5.82229
-35.75,30.75,6.18042
-35.25,30.75,6.55369
-34.75,30.75,6.94239
-34.25,30.75,7.35546
-33.75,30.75,7.81159
-33.25,30.75,8.33895
-32.75,30.75,8.97414
-32.25,30.75,9.7605
-31.75,30.75,10.7467
-31.25,30.75,11.9855
-30.75,30.75,13.5338
-30.25,30.75,15.4518
-29.75,30.75,17.803
-29.25,30.75,20.6529
-28.75,30.75,24.0667
-28.25,30.75,28.1059
-27.75,30.75,32.8223
-27.25,30.75,38.2536
-26.75,30.75,44.4177
-26.25,30.75,51.3093
-25.75,30.75,58.8984
-25.25,30.75,67.1313
-24.75,30.75,75.935
-24.25,30.75,85.2237
-23.75,30.75,94.907
-23.25,30.75,104.898
-22.75,30.75,115.121
-22.25,30.75,125.518
-21.75,30.75,136.048
-21.25,30.75,146.691
-20.75,30.75,157.441
-20.25,30.75,168.305
-19.75,30.75,179.29
-19.25,30.75,190.406
-18.75,30.75,201.656
-18.25,30.75,213.031
-17.75,30.75,224.519
-17.25,30.75,236.098
-16.75,30.75,247.744
-16.25,30.75,259.44
-15.75,30.75,271.172
-15.25,30.75,282.944
-14.75,30.75,294.774
-14.25,30.75,306.695
-13.75,30.75,318.757
-13.25,30.75,331.022
-12.75,30.75,343.557
-12.25,30.75,356.43
-11.75,30.75,369.701
-11.25,30.75,383.417
-10.75,30.75,397.606
-10.25,30.75,412.272
-9.75,30.75,427.397
-9.25,30.75,442.938
-8.75,30.75,458.835
-8.25,30.75,475.013
-7.75,30.75,491.393
-7.25,30.75,507.901
-6.75,30.75,524.473
-6.25,30.75,541.061
-5.75,30.75,557.639
-5.25,30.75,574.203
-4.75,30.75,590.768
-4.25,30.75,607.367
-3.75,30.75,624.046
-3.25,30.75,640.857
-2.75,30.75,657.859
-2.25,30.75,675.108
-1.75,30.75,692.66
-1.25,30.75,710.567
-0.75,30.75,728.871
-0.25,30.75,747.614
0.25,30.75,766.824
0.75,30.75,786.52
1.25,30.75,806.707
1.75,30.75,827.372
2.25,30.75,848.478
2.75,30.75,869.959
3.25,30.75,891.716
3.75,30.75,913.61
4.25,30.75,935.455
4.75,30.75,957.02
5.25,30.75,978.026
5.75,30.75,998.148
6.25,30.75,1017.02
6.75,30.75,1034.26
7.25,30.75,1049.46
7.75,30.75,1062.22
8.25,30.75,1072.15
8.75,30.75,1078.91
9.25,30.75,1082.19
9.75,30.75,1081.78
10.25,30.75,1077.51
10.75,30.75,1069.32
11.25,30.75,1057.22
11.75,30.75,1041.31
12.25,30.75,1021.76
12.75,30.75,998.825
13.25,30.75,972.833
13.75,30.75,944.165
14.25,30.75,913.249
14.75,30.75,880.552
15.25,30.75,846.562
15.75,30.75,811.776
16.25,30.75,776.68
16.75,30.75,741.73
17.25,30.75,707.336
17.75,30.75,673.845
18.25,30.75,641.519
18.75,30.75,610.533
19.25,30.75,580.962
19.75,30.75,552.785
20.25,30.75,525.899
20.75,30.75,500.133
21.25,30.75,475.27
21.75,30.75,451.078
22.25,30.75,427.336
22.75,30.75,403.861
23.25,30.75,380.527
23.75,30.75,357.28
24.25,30.75,334.137
24.75,30.75,311.181
25.25,30.75,288.546
25.75,30.75,266.395
26.25,30.75,244.897
26.75,30.75,224.213
27.25,30.75,204.477
27.75,30.75,185.788
28.25,30.75,168.209
28.75,30.75,151.769
29.25,30.75,136.468
29.75,30.75,122.288
30.25,30.75,109.195
30.75,30.75,97.1499
31.25,30.75,86.1104
31.75,30.75,76.0343
32.25,30.75,66.8812
32.75,30.75,58.6119
33.25,30.75,51.1884
33.75,30.75,44.5714
34.25,30.75,38.7199
34.75,30.75,33.5897
35.25,30.75,29.1321
35.75,30.75,25.2941
36.25,30.75,22.0187
36.75,30.75,19.2463
37.25,30.75,16.9162
37.75,30.75,14.9682
38.25,30.75,13.3449
38.75,30.75,11.9927
39.25,30.75,10.8632
39.75,30.75,9.91377
40.25,30.75,9.10745
40.75,30.75,8.41319
41.25,30.75,7.80541
41.75,30.75,7.26358
42.25,30.75,6.77153
42.75,30.75,6.31692
43.25,30.75,5.89043
43.75,30.75,5.48501
44.25,30.75,5.09337
44.75,30.75,4.70765
-44.75,31.25,4.61563
-44.25,31.25,4.56483
-43.75,31.25,4.49107
-43.25,31.25,4.42051
-42.75,31.25,4.36326
-42.25,31.25,4.3176
-41.75,31.25,4.28074
-41.25,31.25,4.25106
-40.75,31.25,4.22936
-40.25,31.25,4.21927
-39.75,31.25,4.2269
-39.25,31.25,4.25965
-38.75,31.25,4.3245
-38.25,31.25,4.42642
-37.75,31.25,4.56694
-37.25,31.25,4.74365
-36.75,31.25,4.9507
-36.25,31.25,5.18035
-35.75,31.25,5.4253
-35.25,31.25,5.68139
-34.75,31.25,5.94994
-34.25,31.25,6.23953
-33.75,31.25,6.56657
-33.25,31.25,6.95498
-32.75,31.25,7.43512
-32.25,31.25,8.04249
-31.75,31.25,8.8166
-31.25,31.25,9.80039
-30.75,31.25,11.0402
-30.25,31.25,12.5859
-29.75,31.25,14.4907
-29.25,31.25,16.8107
-28.75,31.25,19.6032
-28.25,31.25,22.9234
-27.75,31.25,26.8205
-27.25,31.25,31.3331
-26.75,31.25,36.4846
-26.25,31.25,42.2799
-25.75,31.25,48.7037
-25.25,31.25,55.7203
-24.75,31.25,63.2768
-24.25,31.25,71.3079
-23.75,31.25,79.7416
-23.25,31.25,88.5065
-22.75,31.25,97.5381
-22.25,31.25,106.783
-21.75,31.25,116.204
-21.25,31.25,125.777
-20.75,31.25,135.492
-20.25,31.25,145.348
-19.75,31.25,155.35
-19.25,31.25,165.503
-18.75,31.25,175.805
-18.25,31.25,186.25
-17.75,31.25,196.823
-17.25,31.25,207.499
-16.75,31.25,218.252
-16.25,31.25,229.055
-15.75,31.25,239.883
-15.25,31.25,250.723
-14.75,31.25,261.574
-14.25,31.25,272.449
-13.75,31.25,283.38
-13.25,31.25,294.41
-12.75,31.25,305.597
-12.25,31.25,317.003
-11.75,31.25,328.691
-11.25,31.25,340.721
-10.75,31.25,353.14
-10.25,31.25,365.979
-9.75,31.25,379.252
-9.25,31.25,392.953
-8.75,31.25,407.058
-8.25,31.25,421.529
-7.75,31.25,436.318
-7.25,31.25,451.374
-6.75,31.25,466.647
-6.25,31.25,482.095
-5.75,31.25,497.686
-5.25,31.25,513.401
-4.75,31.25,529.232
-4.25,31.25,545.185
-3.75,31.25,561.275
-3.25,31.25,577.523
-2.75,31.25,593.957
-2.25,31.25,610.605
-1.75,31.25,627.498
-1.25,31.25,644.665
-0.75,31.25,662.134
-0.25,31.25,679.93
0.25,31.25,698.073
0.75,31.25,716.577
1.25,31.25,735.446
1.75,31.25,754.673
2.25,31.25,774.233
2.75,31.25,794.074
3.25,31.25,814.117
3.75,31.25,834.243
4.25,31.25,854.289
4.75,31.25,874.045
5.25,31.25,893.252
5.75,31.25,911.606
6.25,31.25,928.764
6.75,31.25,944.357
7.25,31.25,958.005
7.75,31.25,969.333
8.25,31.25,977.991
8.75,31.25,983.67
9.25,31.25,986.115
9.75,31.25,985.137
10.25,31.25,980.618
10.75,31.25,972.518
11.25,31.25,960.869
11.75,31.25,945.774
12.25,31.25,927.407
12.75,31.25,906.002
13.25,31.25,881.85
13.75,31.25,855.294
14.25,31.25,826.716
14.75,31.25,796.532
15.25,31.25,765.179
15.75,31.25,733.101
16.25,31.25,700.736
16.75,31.25,668.498
17.25,31.25,636.762
17.75,31.25,605.846
18.25,31.25,575.999
18.75,31.25,547.386
19.25,31.25,520.084
19.75,31.25,494.084
20.25,31.25,469.302
20.75,31.25,445.589
21.25,31.25,422.755
21.75,31.25,400.597
22.25,31.25,378.916
22.75,31.25,357.551
23.25,31.25,336.388
23.75,31.25,315.377
24.25,31.25,294.532
24.75,31.25,273.922
25.25,31.25,253.663
25.75,31.25,233.892
26.25,31.25,214.757
26.75,31.25,196.392
27.25,31.25,178.91
27.75,31.25,162.391
28.25,31.25,146.886
28.75,31.25,132.414
29.25,31.25,118.971
29.75,31.25,106.536
30.25,31.25,95.0761
30.75,31.25,84.5533
31.25,31.25,74.9274
31.75,31.25,66.1582
32.25,31.25,58.2072
32.75,31.25,51.0372
33.25,31.25,44.6121
33.75,31.25,38.8955
34.25,31.25,33.8498
34.75,31.25,29.435
35.25,31.25,25.6081
35.75,31.25,22.3224
36.25,31.25,19.5284
36.75,31.25,17.1738
37.25,31.25,15.2058
37.75,31.25,13.5716
38.25,31.25,12.2203
38.75,31.25,11.1039
39.25,31.25,10.1783
39.75,31.25,9.40356
40.25,31.25,8.74461
40.75,31.25,8.17126
41.25,31.25,7.6584
41.75,31.25,7.18599
42.25,31.25,6.73877
42.75,31.25,6.30593
43.25,31.25,5.88044
43.75,31.25,5.4583
44.25,31.25,5.03598
44.75,31.25,4.61009
-44.75,31.75,4.56539
-44.25,31.75,4.50424
-43.75,31.75,4.42891
-43.25,31.75,4.36291
-42.75,31.75,4.31316
-42.25,31.75,4.27524
-41.75,31.75,4.24418
-41.25,31.75,4.2166
-40.75,31.75,4.19182
-40.25,31.75,4.1721
-39.75,31.75,4.16217
-39.25,31.75,4.16802
-38.75,31.75,4.19541
-38.25,31.75,4.24846
-37.75,31.75,4.32854
-37.25,31.75,4.43391
-36.75,31.75,4.56033
-36.25,31.75,4.70233
-35.75,31.75,4.85512
-35.25,31.75,5.0167
-34.75,31.75,5.18963
-34.25,31.75,5.38219
-33.75,31.75,5.60869
-33.25,31.75,5.88903
-32.75,31.75,6.24783
-32.25,31.75,6.71338
-31.75,31.75,7.31703
-31.25,31.75,8.09282
-30.75,31.75,9.0778
-30.25,31.75,10.3124
-29.75,31.75,11.8404
-29.25,31.75,13.7088
-28.75,31.75,15.9666
-28.25,31.75,18.6623
-27.75,31.75,21.8408
-27.25,31.75,25.5398
-26.75,31.75,29.7861
-26.25,31.75,34.5924
-25.75,31.75,39.9561
-25.25,31.75,45.8578
-24.75,31.75,52.2639
-24.25,31.75,59.1289
-23.75,31.75,66.4
-23.25,31.75,74.0221
-22.75,31.75,81.9426
-22.25,31.75,90.1154
-21.75,31.75,98.5044
-21.25,31.75,107.084
-20.75,31.75,115.839
-20.25,31.75,124.762
-19.75,31.75,133.85
-19.25,31.75,143.102
-18.75,31.75,152.513
-18.25,31.75,162.075
-17.75,31.75,171.769
-17.25,31.75,181.571
-16.75,31.75,191.451
-16.25,31.75,201.374
-15.75,31.75,211.309
-15.25,31.75,221.228
-14.75,31.75,231.113
-14.25,31.75,240.962
-13.75,31.75,250.788
-13.25,31.75,260.619
-12.75,31.75,270.503
-12.25,31.75,280.497
-11.75,31.75,290.667
-11.25,31.75,301.082
-10.75,31.75,311.805
-10.25,31.75,322.894
-9.75,31.75,334.392
-9.25,31.75,346.325
-8.75,31.75,358.703
-8.25,31.75,371.523
-7.75,31.75,384.763
-7.25,31.75,398.396
-6.75,31.75,412.386
-6.25,31.75,426.696
-5.75,31.75,441.29
-5.25,31.75,456.137
-4.75,31.75,471.209
-4.25,31.75,486.488
-3.75,31.75,501.961
-3.25,31.75,517.622
-2.75,31.75,533.469
-2.25,31.75,549.508
-1.75,31.75,565.743
-1.25,31.75,582.185
-0.75,31.75,598.843
-0.25,31.75,615.727
0.25,31.75,632.848
0.75,31.75,650.213
1.25,31.75,667.826
1.75,31.75,685.683
2.25,31.75,703.767
2.75,31.75,722.043
3.25,31.75,740.445
3.75,31.75,758.876
4.25,31.75,777.192
4.75,31.75,795.203
5.25,31.75,812.669
5.75,31.75,829.305
6.25,31.75,844.788
6.75,31.75,858.77
7.25,31.75,870.896
7.75,31.75,880.822
8.25,31.75,888.233
8.75,31.75,892.859
9.25,31.75,894.488
9.75,31.75,892.971
10.25,31.75,888.229
10.75,31.75,880.249
11.25,31.75,869.083
11.75,31.75,854.84
12.25,31.75,837.686
12.75,31.75,817.834
13.25,31.75,795.546
13.75,31.75,771.12
14.25,31.75,744.894
14.75,31.75,717.23
15.25,31.75,688.51
15.75,31.75,659.125
16.25,31.75,629.463
16.75,31.75,599.894
17.25,31.75,570.756
17.75,31.75,542.338
18.25,31.75,514.871
18.75,31.75,488.513
19.25,31.75,463.346
19.75,31.75,439.372
20.25,31.75,416.53
20.75,31.75,394.698
21.25,31.75,373.719
21.75,31.75,353.42
22.25,31.75,333.635
22.75,31.75,314.223
23.25,31.75,295.09
23.75,31.75,276.19
24.25,31.75,257.532
24.75,31.75,239.175
25.25,31.75,221.21
25.75,31.75,203.75
26.25,31.75,186.912
26.75,31.75,170.804
27.25,31.75,155.511
27.75,31.75,141.095
28.25,31.75,127.589
28.75,31.75,115.002
29.25,31.75,103.325
29.75,31.75,92.5335
30.25,31.75,82.597
30.75,31.75,73.4797
31.25,31.75,65.1452
31.75,31.75,57.558
32.25,31.75,50.684
32.75,31.75,44.4904
33.25,31.75,38.9455
33.75,31.75,34.0173
34.25,31.75,29.6729
34.75,31.75,25.8776
35.25,31.75,22.5941
35.75,31.75,19.7823
36.25,31.75,17.3994
36.75,31.75,15.4008
37.25,31.75,13.7409
37.75,31.75,12.3742
38.25,31.75,11.2562
38.75,31.75,10.3442
39.25,31.75,9.5979
39.75,31.75,8.98005
40.25,31.75,8.45656
40.75,31.75,7.99733
41.25,31.75,7.57674
41.75,31.75,7.17415
42.25,31.75,6.77425
42.75,31.75,6.36689
43.25,31.75,5.9467
43.75,31.75,5.51228
44.25,31.75,5.06364
44.75,31.75,4.60161
-44.75,32.25,4.40365
-44.25,32.25,4.3402
-43.75,32.25,4.27292
-43.25,32.25,4.22209
-42.75,32.25,4.1915
-42.25,32.25,4.17424
-41.75,32.25,4.16334
-41.25,32.25,4.15372
-40.75,32.25,4.1431
-40.25,32.25,4.13212
-39.75,32.25,4.1238
-39.25,32.25,4.12242
-38.75,32.25,4.13227
-38.25,32.25,4.1565
-37.75,32.25,4.19625
-37.25,32.25,4.25053
-36.75,32.25,4.31663
-36.25,32.25,4.39128
-35.75,32.25,4.47207
-35.25,32.25,4.55902
-34.75,32.25,4.65581
-34.25,32.25,4.7705
-33.75,32.25,4.9156
-33.25,32.25,5.10759
-32.75,32.25,5.3662
-32.25,32.25,5.71373
-31.75,32.25,6.1746
-31.25,32.25,6.77539
-30.75,32.25,7.54522
-30.25,32.25,8.51625
-29.75,32.25,9.72389
-29.25,32.25,11.2067
-28.75,32.25,13.0055
-28.25,32.25,15.1619
-27.75,32.25,17.7158
-27.25,32.25,20.7025
-26.75,32.25,24.1502
-26.25,32.25,28.0774
-25.75,32.25,32.4915
-25.25,32.25,37.3873
-24.75,32.25,42.7482
-24.25,32.25,48.5473
-23.75,32.25,54.7499
-23.25,32.25,61.317
-22.75,32.25,68.2081
-22.25,32.25,75.3851
-21.75,32.25,82.8144
-21.25,32.25,90.4687
-20.75,32.25,98.3274
-20.25,32.25,106.376
-19.75,32.25,114.605
-19.25,32.25,123.005
-18.75,32.25,131.568
-18.25,32.25,140.28
-17.75,32.25,149.123
-17.25,32.25,158.071
-16.75,32.25,167.092
-16.25,32.25,176.149
-15.75,32.25,185.203
-15.25,32.25,194.217
-14.75,32.25,203.161
-14.25,32.25,212.019
-13.75,32.25,220.789
-13.25,32.25,229.487
-12.75,32.25,238.148
-12.25,32.25,246.826
-11.75,32.25,255.587
-11.25,32.25,264.507
-10.75,32.25,273.663
-10.25,32.25,283.132
-9.75,32.25,292.982
-9.25,32.25,303.267
-8.75,32.25,314.027
-8.25,32.25,325.287
-7.75,32.25,337.052
-7.25,32.25,349.313
-6.75,32.25,362.049
-6.25,32.25,375.228
-5.75,32.25,388.813
-5.25,32.25,402.762
-4.75,32.25,417.032
-4.25,32.25,431.585
-3.75,32.25,446.385
-3.25,32.25,461.4
-2.75,32.25,476.606
-2.25,32.25,491.983
-1.75,32.25,507.516
-1.25,32.25,523.196
-0.75,32.25,539.015
-0.25,32.25,554.972
0.25,32.25,571.065
0.75,32.25,587.299
1.25,32.25,603.677
1.75,32.25,620.197
2.25,32.25,636.853
2.75,32.25,653.621
3.25,32.25,670.452
3.75,32.25,687.264
4.25,32.25,703.932
4.75,32.25,720.283
5.25,32.25,736.095
5.75,32.25,751.1
6.25,32.25,764.994
6.75,32.25,777.45
7.25,32.25,788.14
7.75,32.25,796.747
8.25,32.25,802.993
8.75,32.25,806.645
9.25,32.25,807.535
9.75,32.25,805.551
10.25,32.25,800.651
10.75,32.25,792.849
11.25,32.25,782.213
11.75,32.25,768.856
12.25,32.25,752.936
12.75,32.25,734.647
13.25,32.25,714.218
13.75,32.25,691.909
14.25,32.25,668.008
14.75,32.25,642.828
15.25,32.25,616.697
15.75,32.25,589.952
16.25,32.25,562.932
16.75,32.25,535.962
17.25,32.25,509.34
17.75,32.25,483.328
18.25,32.25,458.139
18.75,32.25,433.923
19.25,32.25,410.766
19.75,32.25,388.687
20.25,32.25,367.645
20.75,32.25,347.551
21.25,32.25,328.282
21.75,32.25,309.699
22.25,32.25,291.669
22.75,32.25,274.078
23.25,32.25,256.847
23.75,32.25,239.938
24.25,32.25,223.358
24.75,32.25,207.147
25.25,32.25,191.376
25.75,32.25,176.128
26.25,32.25,161.491
26.75,32.25,147.541
27.25,32.25,134.336
27.75,32.25,121.916
28.25,32.25,110.298
28.75,32.25,99.4799
29.25,32.25,89.446
29.75,32.25,80.1717
30.25,32.25,71.6275
30.75,32.25,63.7824
31.25,32.25,56.606
31.75,32.25,50.069
32.25,32.25,44.144
32.75,32.25,38.8048
33.25,32.25,34.0256
33.75,32.25,29.78
34.25,32.25,26.0406
34.75,32.25,22.778
35.25,32.25,19.9604
35.75,32.25,17.5536
36.25,32.25,15.521
36.75,32.25,13.8247
37.25,32.25,12.4259
37.75,32.25,11.2859
38.25,32.25,10.3662
38.75,32.25,9.62934
39.25,32.25,9.03916
39.75,32.25,8.56072
40.25,32.25,8.16105
40.75,32.25,7.8099
41.25,32.25,7.48078
41.75,32.25,7.15192
42.25,32.25,6.80714
42.75,32.25,6.4361
43.25,32.25,6.03411
43.75,32.25,5.60149
44.25,32.25,5.14082
44.75,32.25,4.65628
-44.75,32.75,4.1464
-44.25,32.75,4.08612
-43.75,32.75,4.03322
-43.25,32.75,4.00469
-42.75,32.75,4.00147
-42.25,32.75,4.01459
-41.75,32.75,4.03526
-41.25,32.75,4.05673
-40.75,32.75,4.075
-40.25,32.75,4.08884
-39.75,32.75,4.09929
-39.25,32.75,4.1087
-38.75,32.75,4.11966
-38.25,32.75,4.13417
-37.75,32.75,4.15299
-37.25,32.75,4.17556
-36.75,32.75,4.20042
-36.25,32.75,4.22607
-35.75,32.75,4.25207
-35.25,32.75,4.28011
-34.75,32.75,4.31485
-34.25,32.75,4.36427
-33.75,32.75,4.4396
-33.25,32.75,4.55477
-32.75,32.75,4.72583
-32.25,32.75,4.97041
-31.75,32.75,5.30753
-31.25,32.75,5.75777
-30.75,32.75,6.34374
-30.25,32.75,7.09059
-29.75,32.75,8.02639
-29.25,32.75,9.18208
-28.75,32.75,10.5911
-28.25,32.75,12.2881
-27.75,32.75,14.3075
-27.25,32.75,16.6815
-26.75,32.75,19.4379
-26.25,32.75,22.5989
-25.75,32.75,26.1791
-25.25,32.75,30.1846
-24.75,32.75,34.6129
-24.25,32.75,39.4531
-23.75,32.75,44.6869
-23.25,32.75,50.2899
-22.75,32.75,56.2337
-22.25,32.75,62.4879
-21.75,32.75,69.0224
-21.25,32.75,75.8091
-20.75,32.75,82.8231
-20.25,32.75,90.0433
-19.75,32.75,97.4524
-19.25,32.75,105.035
-18.75,32.75,112.778
-18.25,32.75,120.664
-17.75,32.75,128.674
-17.25,32.75,136.782
-16.75,32.75,144.956
-16.25,32.75,153.159
-15.75,32.75,161.347
-15.25,32.75,169.48
-14.75,32.75,177.52
-14.25,32.75,185.438
-13.75,32.75,193.222
-13.25,32.75,200.876
-12.75,32.75,208.426
-12.25,32.75,215.919
-11.75,32.75,223.418
-11.25,32.75,231.002
-10.75,32.75,238.76
-10.25,32.75,246.781
-9.75,32.75,255.15
-9.25,32.75,263.946
-8.75,32.75,273.231
-8.25,32.75,283.053
-7.75,32.75,293.439
-7.25,32.75,304.398
-6.75,32.75,315.922
-6.25,32.75,327.985
-5.75,32.75,340.55
-5.25,32.75,353.569
-4.75,32.75,366.988
-4.25,32.75,380.753
-3.75,32.75,394.806
-3.25,32.75,409.099
-2.75,32.75,423.583
-2.25,32.75,438.219
-1.75,32.75,452.975
-1.25,32.75,467.821
-0.75,32.75,482.739
-0.25,32.75,497.714
0.25,32.75,512.74
0.75,32.75,527.816
1.25,32.75,542.946
1.75,32.75,558.137
2.25,32.75,573.389
2.75,32.75,588.69
3.25,32.75,604.007
3.75,32.75,619.271
4.25,32.75,634.373
4.75,32.75,649.157
5.25,32.75,663.415
5.75,32.75,676.895
6.25,32.75,689.311
6.75,32.75,700.357
7.25,32.75,709.727
7.75,32.75,717.135
8.25,32.75,722.334
8.75,32.75,725.13
9.25,32.75,725.391
9.75,32.75,723.044
10.25,32.75,718.076
10.75,32.75,710.526
11.25,32.75,700.475
11.75,32.75,688.041
12.25,32.75,673.371
12.75,32.75,656.641
13.25,32.75,638.048
13.75,32.75,617.816
14.25,32.75,596.188
14.75,32.75,573.428
15.25,32.75,549.812
15.75,32.75,525.629
16.25,32.75,501.167
16.75,32.75,476.705
17.25,32.75,452.507
17.75,32.75,428.806
18.25,32.75,405.794
18.75,32.75,383.617
19.25,32.75,362.364
19.75,32.75,342.07
20.25,32.75,322.717
20.75,32.75,304.249
21.25,32.75,286.575
21.75,32.75,269.595
22.25,32.75,253.205
22.75,32.75,237.318
23.25,32.75,221.873
23.75,32.75,206.839
24.25,32.75,192.214
24.75,32.75,178.027
25.25,32.75,164.323
25.75,32.75,151.157
26.25,32.75,138.586
26.75,32.75,126.656
27.25,32.75,115.399
27.75,32.75,104.831
28.25,32.75,94.9555
28.75,32.75,85.7589
29.25,32.75,77.2212
29.75,32.75,69.3176
30.25,32.75,62.0214
30.75,32.75,55.3076
31.25,32.75,49.1526
31.75,32.75,43.5354
32.25,32.75,38.4364
32.75,32.75,33.8369
33.25,32.75,29.7182
33.75,32.75,26.0599
34.25,32.75,22.8403
34.75,32.75,20.0348
35.25,32.75,17.6165
35.75,32.75,15.556
36.25,32.75,13.8221
36.75,32.75,12.3824
37.25,32.75,11.2041
37.75,32.75,10.2545
38.25,32.75,9.50091
38.75,32.75,8.91112
39.25,32.75,8.45297
39.75,32.75,8.09444
40.25,32.75,7.80411
40.75,32.75,7.55208
41.25,32.75,7.31125
41.75,32.75,7.05878
42.25,32.75,6.77732
42.75,32.75,6.45562
43.25,32.75,6.0887
43.75,32.75,5.67728
44.25,32.75,5.22514
44.75,32.75,4.7383
-44.75,33.25,3.83703
-44.25,33.25,3.78184
-43.75,33.25,3.74475
-43.25,33.25,3.74003
-42.75,33.25,3.76652
-42.25,33.25,3.81373
-41.75,33.25,3.87136
-41.25,33.25,3.93106
-40.75,33.25,3.98705
-40.25,33.25,4.03609
-39.75,33.25,4.07708
-39.25,33.25,4.11024
-38.75,33.25,4.13631
-38.25,33.25,4.15591
-37.75,33.25,4.16911
-37.25,33.25,4.17542
-36.75,33.25,4.17413
-36.25,33.25,4.165
-35.75,33.25,4.14904
-35.25,33.25,4.1293
-34.75,33.25,4.11134
-34.25,33.25,4.10333
-33.75,33.25,4.11582
-33.25,33.25,4.16115
-32.75,33.25,4.25289
-32.25,33.25,4.40541
-31.75,33.25,4.63373
-31.25,33.25,4.95383
-30.75,33.25,5.38311
-30.25,33.25,5.94095
-29.75,33.25,6.64917
-29.25,33.25,7.53209
-28.75,33.25,8.61636
-28.25,33.25,9.93031
-27.75,33.25,11.5027
-27.25,33.25,13.362
-26.75,33.25,15.5343
-26.25,33.25,18.0433
-25.75,33.25,20.908
-25.25,33.25,24.1427
-24.75,33.25,27.7556
-24.25,33.25,31.7484
-23.75,33.25,36.1163
-23.25,33.25,40.8477
-22.75,33.25,45.9252
-22.25,33.25,51.3261
-21.75,33.25,57.0245
-21.25,33.25,62.9925
-20.75,33.25,69.2023
-20.25,33.25,75.6278
-19.75,33.25,82.2452
-19.25,33.25,89.0339
-18.75,33.25,95.975
-18.25,33.25,103.05
-17.75,33.25,110.239
-17.25,33.25,117.518
-16.75,33.25,124.857
-16.25,33.25,132.22
-15.75,33.25,139.565
-15.25,33.25,146.849
-14.75,33.25,154.03
-14.25,33.25,161.074
-13.75,33.25,167.957
-13.25,33.25,174.676
-12.75,33.25,181.246
-12.25,33.25,187.706
-11.75,33.25,194.115
-11.25,33.25,200.551
-10.75,33.25,207.106
-10.25,33.25,213.876
-9.75,33.25,220.96
-9.25,33.25,228.449
-8.75,33.25,236.423
-8.25,33.25,244.948
-7.75,33.25,254.07
-7.25,33.25,263.811
-6.75,33.25,274.176
-6.25,33.25,285.147
-5.75,33.25,296.688
-5.25,33.25,308.75
-4.75,33.25,321.27
-4.25,33.25,334.181
-3.75,33.25,347.413
-3.25,33.25,360.899
-2.75,33.25,374.572
-2.25,33.25,388.378
-1.75,33.25,402.264
-1.25,33.25,416.191
-0.75,33.25,430.125
-0.25,33.25,444.046
0.25,33.25,457.943
0.75,33.25,471.814
1.25,33.25,485.669
1.75,33.25,499.518
2.25,33.25,513.374
2.75,33.25,527.237
3.25,33.25,541.085
3.75,33.25,554.863
4.25,33.25,568.477
4.75,33.25,581.783
5.25,33.25,594.587
5.75,33.25,606.652
6.25,33.25,617.708
6.75,33.25,627.467
7.25,33.25,635.648
7.75,33.25,641.99
8.25,33.25,646.278
8.75,33.25,648.352
9.25,33.25,648.111
9.75,33.25,645.516
10.25,33.25,640.58
10.75,33.25,633.363
11.25,33.25,623.956
11.75,33.25,612.479
12.25,33.25,599.069
12.75,33.25,583.882
13.25,33.25,567.09
13.75,33.25,548.881
14.25,33.25,529.457
14.75,33.25,509.036
15.25,33.25,487.848
15.75,33.25,466.132
16.25,33.25,444.13
16.75,33.25,422.081
17.25,33.25,400.212
17.75,33.25,378.727
18.25,33.25,357.802
18.75,33.25,337.575
19.25,33.25,318.14
19.75,33.25,299.546
20.25,33.25,281.799
20.75,33.25,264.871
21.25,33.25,248.708
21.75,33.25,233.239
22.25,33.25,218.395
22.75,33.25,204.11
23.25,33.25,190.34
23.75,33.25,177.056
24.25,33.25,164.254
24.75,33.25,151.946
25.25,33.25,140.154
25.75,33.25,128.907
26.25,33.25,118.232
26.75,33.25,108.147
27.25,33.25,98.661
27.75,33.25,89.7711
28.25,33.25,81.4644
28.75,33.25,73.7207
29.25,33.25,66.5161
29.75,33.25,59.8265
30.25,33.25,53.6294
30.75,33.25,47.906
31.25,33.25,42.6407
31.75,33.25,37.8207
32.25,33.25,33.4349
32.75,33.25,29.4726
33.25,33.25,25.9219
33.75,33.25,22.7687
34.25,33.25,19.9962
34.75,33.25,17.5842
35.25,33.25,15.5097
35.75,33.25,13.747
36.25,33.25,12.269
36.75,33.25,11.0479
37.25,33.25,10.0557
37.75,33.25,9.26493
38.25,33.25,8.64835
38.75,33.25,8.17863
39.25,33.25,7.82794
39.75,33.25,7.56762
40.25,33.25,7.36852
40.75,33.25,7.20197
41.25,33.25,7.0411
41.75,33.25,6.86257
42.25,33.25,6.6481
42.75,33.25,6.38533
43.25,33.25,6.06823
43.75,33.25,5.69676
44.25,33.25,5.27438
44.75,33.25,4.80724
-44.75,33.75,3.53188
-44.25,33.75,3.48097
-43.75,33.75,3.45671
-43.25,33.75,3.47187
-42.75,33.75,3.5243
-42.25,33.75,3.60269
-41.75,33.75,3.69569
-41.25,33.75,3.79352
-40.75,33.75,3.88868
-40.25,33.75,3.97589
-39.75,33.75,4.05182
-39.25,33.75,4.11449
-38.75,33.75,4.16266
-38.25,33.75,4.19539
-37.75,33.75,4.21176
-37.25,33.75,4.21097
-36.75,33.75,4.19264
-36.25,33.75,4.15734
-35.75,33.75,4.10722
-35.25,33.75,4.04644
-34.75,33.75,3.98152
-34.25,33.75,3.92112
-33.75,33.75,3.8757
-33.25,33.75,3.85686
-32.75,33.75,3.8767
-32.25,33.75,3.94745
-31.75,33.75,4.08134
-31.25,33.75,4.29088
-30.75,33.75,4.58943
-30.25,33.75,4.99173
-29.75,33.75,5.5144
-29.25,33.75,6.17612
-28.75,33.75,6.99764
-28.25,33.75,8.00145
-27.75,33.75,9.21101
-27.25,33.75,10.6504
-26.75,33.75,12.3432
-26.25,33.75,14.3124
-25.75,33.75,16.5792
-25.25,33.75,19.1624
-24.75,33.75,22.0773
-24.25,33.75,25.3349
-23.75,33.75,28.9405
-23.25,33.75,32.8929
-22.75,33.75,37.1841
-22.25,33.75,41.7988
-21.75,33.75,46.7157
-21.25,33.75,51.9085
-20.75,33.75,57.3483
-20.25,33.75,63.0056
-19.75,33.75,68.8524
-19.25,33.75,74.8637
-18.75,33.75,81.0175
-18.25,33.75,87.294
-17.75,33.75,93.6739
-17.25,33.75,100.136
-16.75,33.75,106.654
-16.25,33.75,113.197
-15.75,33.75,119.726
-15.25,33.75,126.201
-14.75,33.75,132.578
-14.25,33.75,138.82
-13.75,33.75,144.897
-13.25,33.75,150.798
-12.75,33.75,156.528
-12.25,33.75,162.118
-11.75,33.75,167.62
-11.25,33.75,173.105
-10.75,33.75,178.662
-10.25,33.75,184.39
-9.75,33.75,190.391
-9.25,33.75,196.765
-8.75,33.75,203.603
-8.25,33.75,210.983
-7.75,33.75,218.964
-7.25,33.75,227.581
-6.75,33.75,236.85
-6.25,33.75,246.761
-5.75,33.75,257.283
-5.25,33.75,268.367
-4.75,33.75,279.947
-4.25,33.75,291.948
-3.75,33.75,304.288
-3.25,33.75,316.887
-2.75,33.75,329.664
-2.25,33.75,342.549
-1.75,33.75,355.477
-1.25,33.75,368.395
-0.75,33.75,381.265
-0.25,33.75,394.058
0.25,33.75,406.762
0.75,33.75,419.381
1.25,33.75,431.926
1.75,33.75,444.42
2.25,33.75,456.884
2.75,33.75,469.329
3.25,33.75,481.746
3.75,33.75,494.093
4.25,33.75,506.287
4.75,33.75,518.195
5.25,33.75,529.637
5.75,33.75,540.389
6.25,33.75,550.196
6.75,33.75,558.789
7.25,33.75,565.907
7.75,33.75,571.316
8.25,33.75,574.828
8.75,33.75,576.311
9.25,33.75,575.695
9.75,33.75,572.966
10.25,33.75,568.16
10.75,33.75,561.352
11.25,33.75,552.642
11.75,33.75,542.147
12.25,33.75,529.999
12.75,33.75,516.333
13.25,33.75,501.298
13.75,33.75,485.048
14.25,33.75,467.749
14.75,33.75,449.578
15.25,33.75,430.72
15.75,33.75,411.372
16.25,33.75,391.732
16.75,33.75,371.998
17.25,33.75,352.364
17.75,33.75,333.01
18.25,33.75,314.093
18.75,33.75,295.743
19.25,33.75,278.059
19.75,33.75,261.102
20.25,33.75,244.901
20.75,33.75,229.454
21.25,33.75,214.737
21.75,33.75,200.71
22.25,33.75,187.329
22.75,33.75,174.552
23.25,33.75,162.344
23.75,33.75,150.682
24.25,33.75,139.555
24.75,33.75,128.959
25.25,33.75,118.9
25.75,33.75,109.38
26.25,33.75,100.402
26.75,33.75,91.9609
27.25,33.75,84.0446
27.75,33.75,76.6344
28.25,33.75,69.7065
28.75,33.75,63.2344
29.25,33.75,57.1925
29.75,33.75,51.5583
30.25,33.75,46.3139
30.75,33.75,41.4467
31.25,33.75,36.9488
31.75,33.75,32.8153
32.25,33.75,29.0433
32.75,33.75,25.6292
33.25,33.75,22.5679
33.75,33.75,19.8505
34.25,33.75,17.4645
34.75,33.75,15.3933
35.25,33.75,13.6167
35.75,33.75,12.112
36.25,33.75,10.8549
36.75,33.75,9.82102
37.25,33.75,8.98637
37.75,33.75,8.32787
38.25,33.75,7.82293
38.75,33.75,7.44883
39.25,33.75,7.18201
39.75,33.75,6.99751
40.25,33.75,6.86916
40.75,33.75,6.77037
41.25,33.75,6.67556
41.75,33.75,6.56186
42.25,33.75,6.41072
42.75,33.75,6.20895
43.25,33.75,5.94929
43.75,33.75,5.63026
44.25,33.75,5.25383
44.75,33.75,4.82486
-44.75,34.25,3.28603
-44.25,34.25,3.23823
-43.75,34.25,3.22187
-43.25,34.25,3.24979
-42.75,34.25,3.32019
-42.25,34.25,3.42182
-41.75,34.25,3.5428
-41.25,34.25,3.67227
-40.75,34.25,3.80112
-40.25,34.25,3.92214
-39.75,34.25,4.02985
-39.25,34.25,4.12007
-38.75,34.25,4.18951
-38.25,34.25,4.23558
-37.75,34.25,4.25624
-37.25,34.25,4.25014
-36.75,34.25,4.217
-36.25,34.25,4.15803
-35.75,34.25,4.07637
-35.25,34.25,3.97734
-34.75,34.25,3.86853
-34.25,34.25,3.75944
-33.75,34.25,3.66091
-33.25,34.25,3.58434
-32.75,34.25,3.5411
-32.25,34.25,3.54199
-31.75,34.25,3.59726
-31.25,34.25,3.71683
-30.75,34.25,3.91091
-30.25,34.25,4.19051
-29.75,34.25,4.56801
-29.25,34.25,5.05741
-28.75,34.25,5.6744
-28.25,34.25,6.43629
-27.75,34.25,7.36154
-27.25,34.25,8.46971
-26.75,34.25,9.78105
-26.25,34.25,11.3164
-25.75,34.25,13.0967
-25.25,34.25,15.1425
-24.75,34.25,17.4727
-24.25,34.25,20.1041
-23.75,34.25,23.0488
-23.25,34.25,26.3134
-22.75,34.25,29.8974
-22.25,34.25,33.7922
-21.75,34.25,37.9814
-21.25,34.25,42.4415
-20.75,34.25,47.1443
-20.25,34.25,52.0592
-19.75,34.25,57.156
-19.25,34.25,62.4072
-18.75,34.25,67.7893
-18.25,34.25,73.2825
-17.75,34.25,78.8694
-17.25,34.25,84.5325
-16.75,34.25,90.2514
-16.25,34.25,96.001
-15.75,34.25,101.749
-15.25,34.25,107.46
-14.75,34.25,113.092
-14.25,34.25,118.607
-13.75,34.25,123.974
-13.25,34.25,129.172
-12.75,34.25,134.201
-12.25,34.25,139.078
-11.75,34.25,143.848
-11.25,34.25,148.571
-10.75,34.25,153.329
-10.25,34.25,158.216
-9.75,34.25,163.333
-9.25,34.25,168.78
-8.75,34.25,174.655
-8.25,34.25,181.041
-7.75,34.25,188.006
-7.25,34.25,195.597
-6.75,34.25,203.839
-6.25,34.25,212.731
-5.75,34.25,222.248
-5.25,34.25,232.345
-4.75,34.25,242.954
-4.25,34.25,253.998
-3.75,34.25,265.387
-3.25,34.25,277.03
-2.75,34.25,288.836
-2.25,34.25,300.722
-1.75,34.25,312.615
-1.25,34.25,324.452
-0.75,34.25,336.188
-0.25,34.25,347.793
0.25,34.25,359.257
0.75,34.25,370.587
1.25,34.25,381.802
1.75,34.25,392.935
2.25,34.25,404.016
2.75,34.25,415.069
3.25,34.25,426.094
3.75,34.25,437.061
4.25,34.25,447.896
4.75,34.25,458.478
5.25,34.25,468.639
5.75,34.25,478.167
6.25,34.25,486.824
6.75,34.25,494.358
7.25,34.25,500.528
7.75,34.25,505.124
8.25,34.25,507.982
8.75,34.25,508.995
9.25,34.25,508.117
9.75,34.25,505.355
10.25,34.25,500.764
10.75,34.25,494.429
11.25,34.25,486.455
11.75,34.25,476.959
12.25,34.25,466.062
12.75,34.25,453.885
13.25,34.25,440.552
13.75,34.25,426.19
14.25,34.25,410.931
14.75,34.25,394.915
15.25,34.25,378.288
15.75,34.25,361.205
16.25,34.25,343.826
16.75,34.25,326.313
17.25,34.25,308.829
17.75,34.25,291.526
18.25,34.25,274.548
18.75,34.25,258.017
19.25,34.25,242.033
19.75,34.25,226.669
20.25,34.25,211.971
20.75,34.25,197.961
21.25,34.25,184.64
21.75,34.25,171.996
22.25,34.25,160.005
22.75,34.25,148.642
23.25,34.25,137.883
23.75,34.25,127.707
24.25,34.25,118.095
24.75,34.25,109.035
25.25,34.25,100.512
25.75,34.25,92.5109
26.25,34.25,85.0142
26.75,34.25,77.9988
27.25,34.25,71.4373
27.75,34.25,65.2993
28.25,34.25,59.5533
28.75,34.25,54.1692
29.25,34.25,49.1208
29.75,34.25,44.3882
30.25,34.25,39.9577
30.75,34.25,35.8227
31.25,34.25,31.9818
31.75,34.25,28.4372
32.25,34.25,25.1927
32.75,34.25,22.2511
33.25,34.25,19.6124
33.75,34.25,17.2725
34.25,34.25,15.2221
34.75,34.25,13.4474
35.25,34.25,11.9304
35.75,34.25,10.6502
36.25,34.25,9.58482
36.75,34.25,8.71231
37.25,34.25,8.01181
37.75,34.25,7.46378
38.25,34.25,7.0495
38.75,34.25,6.75032
39.25,34.25,6.54664
39.75,34.25,6.41722
40.25,34.25,6.33919
40.75,34.25,6.28876
41.25,34.25,6.2425
41.75,34.25,6.17896
42.25,34.25,6.08026
42.75,34.25,5.93305
43.25,34.25,5.72917
43.75,34.25,5.46565
44.25,34.25,5.14252
44.75,34.25,4.76251
-44.75,34.75,3.14193
-44.25,34.75,3.09848
-43.75,34.75,3.0864
-43.25,34.75,3.1202
-42.75,34.75,3.19975
-42.25,34.75,3.31472
-41.75,34.75,3.45327
-41.25,34.75,3.60388
-40.75,34.75,3.75613
-40.25,34.75,3.90106
-39.75,34.75,4.03118
-39.25,34.75,4.14024
-38.75,34.75,4.22304
-38.25,34.75,4.27539
-37.75,34.75,4.29415
-37.25,34.75,4.2775
-36.75,34.75,4.22529
-36.25,34.75,4.13946
-35.75,34.75,4.02427
-35.25,34.75,3.88645
-34.75,34.75,3.73492
-34.25,34.75,3.58029
-33.75,34.75,3.43405
-33.25,34.75,3.30776
-32.75,34.75,3.2123
-32.25,34.75,3.15744
-31.75,34.75,3.15183
-31.25,34.75,3.2033
-30.75,34.75,3.31946
-30.25,34.75,3.50832
-29.75,34.75,3.7788
-29.25,34.75,4.141
-28.75,34.75,4.60637
-28.25,34.75,5.18767
-27.75,34.75,5.89881
-27.25,34.75,6.75493
-26.75,34.75,7.77239
-26.25,34.75,8.96891
-25.75,34.75,10.3635
-25.25,34.75,11.9759
-24.75,34.75,13.8264
-24.25,34.75,15.9337
-23.75,34.75,18.3143
-23.25,34.75,20.9798
-22.75,34.75,23.9352
-22.25,34.75,27.1775
-21.75,34.75,30.6952
-21.25,34.75,34.4687
-20.75,34.75,38.4719
-20.25,34.75,42.6753
-19.75,34.75,47.0484
-19.25,34.75,51.5636
-18.75,34.75,56.1973
-18.25,34.75,60.931
-17.75,34.75,65.7501
-17.25,34.75,70.6419
-16.75,34.75,75.5926
-16.25,34.75,80.5841
-15.75,34.75,85.5925
-15.25,34.75,90.5875
-14.75,34.75,95.5341
-14.25,34.75,100.396
-13.75,34.75,105.139
-13.25,34.75,109.74
-12.75,34.75,114.189
-12.25,34.75,118.495
-11.75,34.75,122.687
-11.25,34.75,126.817
-10.75,34.75,130.954
-10.25,34.75,135.181
-9.75,34.75,139.593
-9.25,34.75,144.287
-8.75,34.75,149.358
-8.25,34.75,154.892
-7.75,34.75,160.964
-7.25,34.75,167.627
-6.75,34.75,174.915
-6.25,34.75,182.835
-5.75,34.75,191.37
-5.25,34.75,200.48
-4.75,34.75,210.101
-4.25,34.75,220.153
-3.75,34.75,230.545
-3.25,34.75,241.178
-2.75,34.75,251.955
-2.25,34.75,262.785
-1.75,34.75,273.584
-1.25,34.75,284.287
-0.75,34.75,294.845
-0.25,34.75,305.228
0.25,34.75,315.428
0.75,34.75,325.458
1.25,34.75,335.346
1.75,34.75,345.132
2.25,34.75,354.857
2.75,34.75,364.554
3.25,34.75,374.233
3.75,34.75,383.874
4.25,34.75,393.411
4.75,34.75,402.735
5.25,34.75,411.687
5.75,34.75,420.072
6.25,34.75,427.665
6.75,34.75,434.233
7.25,34.75,439.555
7.75,34.75,443.441
8.25,34.75,445.75
8.75,34.75,446.396
9.25,34.75,445.351
9.75,34.75,442.64
10.25,34.75,438.33
10.75,34.75,432.514
11.25,34.75,425.3
11.75,34.75,416.803
12.25,34.75,407.134
12.75,34.75,396.4
13.25,34.75,384.706
13.75,34.75,372.151
14.25,34.75,358.84
14.75,34.75,344.879
15.25,34.75,330.378
15.75,34.75,315.456
16.25,34.75,300.238
16.75,34.75,284.853
17.25,34.75,269.433
17.75,34.75,254.109
18.25,34.75,239.007
18.75,34.75,224.244
19.25,34.75,209.917
19.75,34.75,196.11
20.25,34.75,182.882
20.75,34.75,170.275
21.25,34.75,158.31
21.75,34.75,146.994
22.25,34.75,136.322
22.75,34.75,126.283
23.25,34.75,116.858
23.75,34.75,108.027
24.25,34.75,99.7678
24.75,34.75,92.0572
25.25,34.75,84.8689
25.75,34.75,78.1735
26.25,34.75,71.9387
26.75,34.75,66.1293
27.25,34.75,60.7077
27.75,34.75,55.6362
28.25,34.75,50.8791
28.75,34.75,46.405
29.25,34.75,42.1888
29.75,34.75,38.2131
30.25,34.75,34.4684
30.75,34.75,30.9528
31.25,34.75,27.6703
31.75,34.75,24.6286
32.25,34.75,21.8364
32.75,34.75,19.3014
33.25,34.75,17.0278
33.75,34.75,15.0147
34.25,34.75,13.2555
34.75,34.75,11.7385
35.25,34.75,10.4471
35.75,34.75,9.36204
36.25,34.75,8.46292
36.75,34.75,7.72974
37.25,34.75,7.14395
37.75,34.75,6.68878
38.25,34.75,6.34859
38.75,34.75,6.10803
39.25,34.75,5.9509
39.75,34.75,5.85936
40.25,34.75,5.81384
40.75,34.75,5.79358
41.25,34.75,5.77787
41.75,34.75,5.7474
42.25,34.75,5.68575
42.75,34.75,5.58022
43.25,34.75,5.42246
43.75,34.75,5.20842
44.25,34.75,4.93642
44.75,34.75,4.60702
-44.75,35.25,3.12242
-44.25,35.25,3.08853
-43.75,35.25,3.08102
-43.25,35.25,3.11718
-42.75,35.25,3.19958
-42.25,35.25,3.31947
-41.75,35.25,3.46557
-41.25,35.25,3.62608
-40.75,35.25,3.7896
-40.25,35.25,3.94569
-39.75,35.25,4.08512
-39.25,35.25,4.19983
-38.75,35.25,4.28298
-38.25,35.25,4.32906
-37.75,35.25,4.33414
-37.25,35.25,4.29624
-36.75,35.25,4.21571
-36.25,35.25,4.09556
-35.75,35.25,3.94159
-35.25,35.25,3.76222
-34.75,35.25,3.56799
-34.25,35.25,3.37082
-33.75,35.25,3.18297
-33.25,35.25,3.01616
-32.75,35.25,2.88079
-32.25,35.25,2.78559
-31.75,35.25,2.73765
-31.25,35.25,2.74289
-30.75,35.25,2.80667
-30.25,35.25,2.93441
-29.75,35.25,3.13215
-29.25,35.25,3.40672
-28.75,35.25,3.76598
-28.25,35.25,4.21879
-27.75,35.25,4.77498
-27.25,35.25,5.44559
-26.75,35.25,6.243
-26.25,35.25,7.18136
-25.75,35.25,8.27666
-25.25,35.25,9.5466
-24.75,35.25,11.0101
-24.25,35.25,12.6864
-23.75,35.25,14.593
-23.25,35.25,16.7444
-22.75,35.25,19.1493
-22.25,35.25,21.8091
-21.75,35.25,24.7166
-21.25,35.25,27.8565
-20.75,35.25,31.2062
-20.25,35.25,34.7385
-19.75,35.25,38.4252
-19.25,35.25,42.2397
-18.75,35.25,46.1601
-18.25,35.25,50.1702
-17.75,35.25,54.259
-17.25,35.25,58.419
-16.75,35.25,62.6427
-16.25,35.25,66.92
-15.75,35.25,71.2354
-15.25,35.25,75.5664
-14.75,35.25,79.8846
-14.25,35.25,84.1573
-13.75,35.25,88.3524
-13.25,35.25,92.4427
-12.75,35.25,96.412
-12.25,35.25,100.259
-11.75,35.25,104.001
-11.25,35.25,107.675
-10.75,35.25,111.335
-10.25,35.25,115.053
-9.75,35.25,118.912
-9.25,35.25,123
-8.75,35.25,127.408
-8.25,35.25,132.22
-7.75,35.25,137.511
-7.25,35.25,143.341
-6.75,35.25,149.748
-6.25,35.25,156.749
-5.75,35.25,164.334
-5.25,35.25,172.469
-4.75,35.25,181.095
-4.25,35.25,190.136
-3.75,35.25,199.5
-3.25,35.25,209.087
-2.75,35.25,218.795
-2.25,35.25,228.528
-1.75,35.25,238.201
-1.25,35.25,247.744
-0.75,35.25,257.107
-0.25,35.25,266.263
0.25,35.25,275.207
0.75,35.25,283.957
1.25,35.25,292.548
1.75,35.25,301.03
2.25,35.25,309.449
2.75,35.25,317.848
3.25,35.25,326.243
3.75,35.25,334.621
4.25,35.25,342.928
4.75,35.25,351.062
5.25,35.25,358.878
5.75,35.25,366.194
6.25,35.25,372.801
6.75,35.25,378.486
7.25,35.25,383.045
7.75,35.25,386.31
8.25,35.25,388.158
8.75,35.25,388.52
9.25,35.25,387.385
9.75,35.25,384.789
10.25,35.25,380.808
10.75,35.25,375.539
11.25,35.25,369.092
11.75,35.25,361.578
12.25,35.25,353.099
12.75,35.25,343.749
13.25,35.25,333.616
13.75,35.25,322.778
14.25,35.25,311.313
14.75,35.25,299.297
15.25,35.25,286.81
15.75,35.25,273.939
16.25,35.25,260.775
16.75,35.25,247.419
17.25,35.25,233.977
17.75,35.25,220.557
18.25,35.25,207.269
18.75,35.25,194.222
19.25,35.25,181.512
19.75,35.25,169.227
20.25,35.25,157.438
20.75,35.25,146.2
21.25,35.25,135.549
21.75,35.25,125.509
22.25,35.25,116.086
22.75,35.25,107.278
23.25,35.25,99.0724
23.75,35.25,91.4486
24.25,35.25,84.3812
24.75,35.25,77.84
25.25,35.25,71.7905
25.75,35.25,66.1943
26.25,35.25,61.0107
26.75,35.25,56.1973
27.25,35.25,51.7113
27.75,35.25,47.5121
28.25,35.25,43.563
28.75,35.25,39.8332
29.25,35.25,36.2999
29.75,35.25,32.9484
30.25,35.25,29.7729
30.75,35.25,26.775
31.25,35.25,23.9625
31.75,35.25,21.3466
32.25,35.25,18.9397
32.75,35.25,16.7525
33.25,35.25,14.792
33.75,35.25,13.0596
34.25,35.25,11.5508
34.75,35.25,10.2553
35.25,35.25,9.1579
35.75,35.25,8.24071
36.25,35.25,7.48458
36.75,35.25,6.87105
37.25,35.25,6.38335
37.75,35.25,6.00674
38.25,35.25,5.72788
38.75,35.25,5.53389
39.25,35.25,5.41128
39.75,35.25,5.34503
40.25,35.25,5.3185
40.75,35.25,5.3139
41.25,35.25,5.31331
41.75,35.25,5.29995
42.25,35.25,5.25937
42.75,35.25,5.18018
43.25,35.25,5.05454
43.75,35.25,4.87807
44.25,35.25,4.64806
44.75,35.25,4.36343
-44.75,35.75,3.22978
-44.25,35.75,3.21371
-43.75,35.75,3.2152
-43.25,35.75,3.25481
-42.75,35.75,3.33822
-42.25,35.75,3.45851
-41.75,35.75,3.60525
-41.25,35.75,3.7666
-40.75,35.75,3.93044
-40.25,35.75,4.08514
-39.75,35.75,4.22002
-39.25,35.75,4.32559
-38.75,35.75,4.39379
-38.25,35.75,4.41831
-37.75,35.75,4.39499
-37.25,35.75,4.32228
-36.75,35.75,4.20163
-36.25,35.75,4.03771
-35.75,35.75,3.83829
-35.25,35.75,3.61385
-34.75,35.75,3.37677
-34.25,35.75,3.14025
-33.75,35.75,2.91727
-33.25,35.75,2.71945
-32.75,35.75,2.55649
-32.25,35.75,2.43583
-31.75,35.75,2.36292
-31.25,35.75,2.34174
-30.75,35.75,2.37553
-30.25,35.75,2.46741
-29.75,35.75,2.62086
-29.25,35.75,2.83994
-28.75,35.75,3.12942
-28.25,35.75,3.49482
-27.75,35.75,3.94242
-27.25,35.75,4.47963
-26.75,35.75,5.11522
-26.25,35.75,5.85979
-25.75,35.75,6.72604
-25.25,35.75,7.72879
-24.75,35.75,8.8847
-24.25,35.75,10.2114
-23.75,35.75,11.7262
-23.25,35.75,13.4441
-22.75,35.75,15.3758
-22.25,35.75,17.5257
-21.75,35.75,19.8904
-21.25,35.75,22.4585
-20.75,35.75,25.2115
-20.25,35.75,28.1259
-19.75,35.75,31.1764
-19.25,35.75,34.3395
-18.75,35.75,37.5957
-18.25,35.75,40.932
-17.75,35.75,44.3412
-17.25,35.75,47.8207
-16.75,35.75,51.3694
-16.25,35.75,54.9846
-15.75,35.75,58.6589
-15.25,35.75,62.3783
-14.75,35.75,66.1214
-14.25,35.75,69.8612
-13.75,35.75,73.5677
-13.25,35.75,77.213
-12.75,35.75,80.7756
-12.25,35.75,84.2456
-11.75,35.75,87.6283
-11.25,35.75,90.9461
-10.75,35.75,94.239
-10.25,35.75,97.5632
-9.75,35.75,100.987
-9.25,35.75,104.589
-8.75,35.75,108.451
-8.25,35.75,112.651
-7.75,35.75,117.263
-7.25,35.75,122.348
-6.75,35.75,127.949
-6.25,35.75,134.087
-5.75,35.75,140.761
-5.25,35.75,147.943
-4.75,35.75,155.582
-4.25,35.75,163.607
-3.75,35.75,171.929
-3.25,35.75,180.45
-2.75,35.75,189.069
-2.25,35.75,197.689
-1.75,35.75,206.226
-1.25,35.75,214.608
-0.75,35.75,222.789
-0.25,35.75,230.742
0.25,35.75,238.469
0.75,35.75,245.99
1.25,35.75,253.348
1.75,35.75,260.595
2.25,35.75,267.786
2.75,35.75,274.966
3.25,35.75,282.158
3.75,35.75,289.355
4.25,35.75,296.51
4.75,35.75,303.533
5.25,35.75,310.29
5.75,35.75,316.612
6.25,35.75,322.31
6.75,35.75,327.188
7.25,35.75,331.063
7.75,35.75,333.783
8.25,35.75,335.243
8.75,35.75,335.391
9.25,35.75,334.225
9.75,35.75,331.791
10.25,35.75,328.168
10.75,35.75,323.458
11.25,35.75,317.768
11.75,35.75,311.203
12.25,35.75,303.86
12.75,35.75,295.822
13.25,35.75,287.159
13.75,35.75,277.933
14.25,35.75,268.198
14.75,35.75,258.005
15.25,35.75,247.408
15.75,35.75,236.465
16.25,35.75,225.24
16.75,35.75,213.806
17.25,35.75,202.244
17.75,35.75,190.644
18.25,35.75,179.1
18.75,35.75,167.711
19.25,35.75,156.571
19.75,35.75,145.768
20.25,35.75,135.381
20.75,35.75,125.472
21.25,35.75,116.092
21.75,35.75,107.27
22.25,35.75,99.0249
22.75,35.75,91.3577
23.25,35.75,84.2594
23.75,35.75,77.7101
24.25,35.75,71.6821
24.75,35.75,66.1414
25.25,35.75,61.0489
25.75,35.75,56.3621
26.25,35.75,52.0368
26.75,35.75,48.028
27.25,35.75,44.2923
27.75,35.75,40.7896
28.25,35.75,37.485
28.75,35.75,34.3503
29.25,35.75,31.3654
29.75,35.75,28.519
30.25,35.75,25.8077
30.75,35.75,23.2359
31.25,35.75,20.8135
31.75,35.75,18.5538
32.25,35.75,16.4708
32.75,35.75,14.5771
33.25,35.75,12.8812
33.75,35.75,11.3861
34.25,35.75,10.0886
34.75,35.75,8.97989
35.25,35.75,8.0461
35.75,35.75,7.27049
36.25,35.75,6.6352
36.75,35.75,6.12305
37.25,35.75,5.71862
37.75,35.75,5.40858
38.25,35.75,5.18115
38.75,35.75,5.0252
39.25,35.75,4.92915
39.75,35.75,4.88017
40.25,35.75,4.86401
40.75,35.75,4.86547
41.25,35.75,4.86924
41.75,35.75,4.86101
42.25,35.75,4.8285
42.75,35.75,4.76204
43.25,35.75,4.6548
43.75,35.75,4.50281
44.25,35.75,4.30311
44.75,35.75,4.05389
-44.75,36.25,3.4516
-44.25,36.25,3.46142
-43.75,36.25,3.47818
-43.25,36.25,3.52546
-42.75,36.25,3.61191
-42.25,36.25,3.7322
-41.75,36.25,3.87664
-41.25,36.25,4.03334
-40.75,36.25,4.18959
-40.25,36.25,4.33274
-39.75,36.25,4.45097
-39.25,36.25,4.53379
-38.75,36.25,4.57243
-38.25,36.25,4.56044
-37.75,36.25,4.49417
-37.25,36.25,4.37328
-36.75,36.25,4.20105
-36.25,36.25,3.98441
-35.75,36.25,3.73361
-35.25,36.25,3.4614
-34.75,36.25,3.18201
-34.25,36.25,2.90983
-33.75,36.25,2.65814
-33.25,36.25,2.43816
-32.75,36.25,2.25848
-32.25,36.25,2.125
-31.75,36.25,2.04131
-31.25,36.25,2.00943
-30.75,36.25,2.03054
-30.25,36.25,2.10565
-29.75,36.25,2.23592
-29.25,36.25,2.42295
-28.75,36.25,2.66882
-28.25,36.25,2.97616
-27.75,36.25,3.34833
-27.25,36.25,3.78969
-26.75,36.25,4.30602
-26.25,36.25,4.90492
-25.75,36.25,5.5961
-25.25,36.25,6.39147
-24.75,36.25,7.30497
-24.25,36.25,8.35195
-23.75,36.25,9.54802
-23.25,36.25,10.9075
-22.75,36.25,12.4416
-22.25,36.25,14.1563
-21.75,36.25,16.0508
-21.25,36.25,18.1174
-20.75,36.25,20.3412
-20.25,36.25,22.7029
-19.75,36.25,25.181
-19.25,36.25,27.7553
-18.75,36.25,30.4099
-18.25,36.25,33.1351
-17.75,36.25,35.9275
-17.25,36.25,38.7887
-16.75,36.25,41.7235
-16.25,36.25,44.7356
-15.75,36.25,47.825
-15.25,36.25,50.9853
-14.75,36.25,54.2026
-14.25,36.25,57.4558
-13.75,36.25,60.7189
-13.25,36.25,63.9644
-12.75,36.25,67.168
-12.25,36.25,70.3128
-11.75,36.25,73.3938
-11.25,36.25,76.4204
-10.75,36.25,79.418
-10.25,36.25,82.4274
-9.75,36.25,85.5026
-9.25,36.25,88.7083
-8.75,36.25,92.115
-8.25,36.25,95.7949
-7.75,36.25,99.816
-7.25,36.25,104.237
-6.75,36.25,109.103
-6.25,36.25,114.44
-5.75,36.25,120.25
-5.25,36.25,126.515
-4.75,36.25,133.19
-4.25,36.25,140.21
-3.75,36.25,147.493
-3.25,36.25,154.948
-2.75,36.25,162.478
-2.25,36.25,169.991
-1.75,36.25,177.403
-1.25,36.25,184.65
-0.75,36.25,191.686
-0.25,36.25,198.49
0.25,36.25,205.064
0.75,36.25,211.436
1.25,36.25,217.65
1.75,36.25,223.759
2.25,36.25,229.822
2.75,36.25,235.885
3.25,36.25,241.975
3.75,36.25,248.089
4.25,36.25,254.188
4.75,36.25,260.189
5.25,36.25,265.972
5.75,36.25,271.384
6.25,36.25,276.252
6.75,36.25,280.4
7.25,36.25,283.663
7.75,36.25,285.908
8.25,36.25,287.046
8.75,36.25,287.036
9.25,36.25,285.885
9.75,36.25,283.644
10.25,36.25,280.395
10.75,36.25,276.239
11.25,36.25,271.28
11.75,36.25,265.62
12.25,36.25,259.345
12.75,36.25,252.529
13.25,36.25,245.231
13.75,36.25,237.496
14.25,36.25,229.359
14.75,36.25,220.852
15.25,36.25,212.005
15.75,36.25,202.852
16.25,36.25,193.433
16.75,36.25,183.797
17.25,36.25,174.004
17.75,36.25,164.125
18.25,36.25,154.241
18.75,36.25,144.438
19.25,36.25,134.808
19.75,36.25,125.436
20.25,36.25,116.403
20.75,36.25,107.778
21.25,36.25,99.6153
21.75,36.25,91.9523
22.25,36.25,84.8102
22.75,36.25,78.1946
23.25,36.25,72.0975
23.75,36.25,66.4995
24.25,36.25,61.3719
24.75,36.25,56.6795
25.25,36.25,52.3822
25.75,36.25,48.4372
26.25,36.25,44.8005
26.75,36.25,41.4289
27.25,36.25,38.2817
27.75,36.25,35.3223
28.25,36.25,32.5195
28.75,36.25,29.8492
29.25,36.25,27.295
29.75,36.25,24.8483
30.25,36.25,22.5084
30.75,36.25,20.2809
31.25,36.25,18.1768
31.75,36.25,16.2098
32.25,36.25,14.3946
32.75,36.25,12.744
33.25,36.25,11.2671
33.75,36.25,9.96801
34.25,36.25,8.84462
34.75,36.25,7.88927
35.25,36.25,7.08957
35.75,36.25,6.43009
36.25,36.25,5.89427
36.75,36.25,5.46605
37.25,36.25,5.13106
37.75,36.25,4.87691
38.25,36.25,4.6928
38.75,36.25,4.56868
39.25,36.25,4.49424
39.75,36.25,4.45822
40.25,36.25,4.44823
40.75,36.25,4.45112
41.25,36.25,4.45383
41.75,36.25,4.44426
42.25,36.25,4.4122
42.75,36.25,4.34971
43.25,36.25,4.25133
43.75,36.25,4.11393
44.25,36.25,3.93506
44.75,36.25,3.71291
-44.75,36.75,3.7708
-44.25,36.75,3.81112
-43.75,36.75,3.84783
-43.25,36.75,3.90707
-42.75,36.75,3.99984
-42.25,36.75,4.12177
-41.75,36.75,4.26346
-41.25,36.75,4.41279
-40.75,36.75,4.55633
-40.25,36.75,4.68055
-39.75,36.75,4.77276
-39.25,36.75,4.82184
-38.75,36.75,4.81894
-38.25,36.75,4.75813
-37.75,36.75,4.63707
-37.25,36.75,4.45738
-36.75,36.75,4.22488
-36.25,36.75,3.94931
-35.75,36.75,3.64365
-35.25,36.75,3.32303
-34.75,36.75,3.00335
-34.25,36.75,2.69977
-33.75,36.75,2.4255
-33.25,36.75,2.19087
-32.75,36.75,2.00297
-32.25,36.75,1.86589
-31.75,36.75,1.78125
-31.25,36.75,1.74913
-30.75,36.75,1.76874
-30.25,36.75,1.83911
-29.75,36.75,1.95936
-29.25,36.75,2.12883
-28.75,36.75,2.34728
-28.25,36.75,2.61495
-27.75,36.75,2.93281
-27.25,36.75,3.30295
-26.75,36.75,3.72893
-26.25,36.75,4.21616
-25.75,36.75,4.77206
-25.25,36.75,5.40611
-24.75,36.75,6.12968
-24.25,36.75,6.9556
-23.75,36.75,7.89727
-23.25,36.75,8.96738
-22.75,36.75,10.1763
-22.25,36.75,11.5305
-21.75,36.75,13.0307
-21.25,36.75,14.6715
-20.75,36.75,16.4415
-20.25,36.75,18.3251
-19.75,36.75,20.3047
-19.25,36.75,22.3637
-18.75,36.75,24.4897
-18.25,36.75,26.6763
-17.75,36.75,28.9236
-17.25,36.75,31.2372
-16.75,36.75,33.6259
-16.25,36.75,36.0988
-15.75,36.75,38.6622
-15.25,36.75,41.3163
-14.75,36.75,44.0539
-14.25,36.75,46.8602
-13.75,36.75,49.7136
-13.25,36.75,52.5887
-12.75,36.75,55.4603
-12.25,36.75,58.3071
-11.75,36.75,61.116
-11.25,36.75,63.8858
-10.75,36.75,66.6286
-10.25,36.75,69.3709
-9.75,36.75,72.1526
-9.25,36.75,75.0247
-8.75,36.75,78.0459
-8.25,36.75,81.2785
-7.75,36.75,84.7836
-7.25,36.75,88.6156
-6.75,36.75,92.8181
-6.25,36.75,97.4179
-5.75,36.75,102.422
-5.25,36.75,107.817
-4.75,36.75,113.566
-4.25,36.75,119.611
-3.75,36.75,125.881
-3.25,36.75,132.291
-2.75,36.75,138.754
-2.25,36.75,145.185
-1.75,36.75,151.509
-1.25,36.75,157.666
-0.75,36.75,163.616
-0.25,36.75,169.343
0.25,36.75,174.854
0.75,36.75,180.175
1.25,36.75,185.352
1.75,36.75,190.439
2.25,36.75,195.492
2.75,36.75,200.557
3.25,36.75,205.663
3.75,36.75,210.807
4.25,36.75,215.957
4.75,36.75,221.038
5.25,36.75,225.943
5.75,36.75,230.535
6.25,36.75,234.657
6.75,36.75,238.153
7.25,36.75,240.878
7.75,36.75,242.715
8.25,36.75,243.588
8.75,36.75,243.467
9.25,36.75,242.366
9.75,36.75,240.34
10.25,36.75,237.468
10.75,36.75,233.85
11.25,36.75,229.585
11.75,36.75,224.768
12.25,36.75,219.48
12.75,36.75,213.786
13.25,36.75,207.732
13.75,36.75,201.352
14.25,36.75,194.667
14.75,36.75,187.69
15.25,36.75,180.435
15.75,36.75,172.914
16.25,36.75,165.149
16.75,36.75,157.168
17.25,36.75,149.013
17.75,36.75,140.739
18.25,36.75,132.411
18.75,36.75,124.107
19.25,36.75,115.91
19.75,36.75,107.903
20.25,36.75,100.165
20.75,36.75,92.7664
21.25,36.75,85.7624
21.75,36.75,79.1922
22.25,36.75,73.0786
22.75,36.75,67.4281
23.25,36.75,62.2332
23.75,36.75,57.4747
24.25,36.75,53.1242
24.75,36.75,49.1475
25.25,36.75,45.506
25.75,36.75,42.1594
26.25,36.75,39.0675
26.75,36.75,36.1917
27.25,36.75,33.4965
27.75,36.75,30.9508
28.25,36.75,28.5294
28.75,36.75,26.2128
29.25,36.75,23.9889
29.75,36.75,21.852
30.25,36.75,19.8031
30.75,36.75,17.8488
31.25,36.75,15.9997
31.75,36.75,14.2692
32.25,36.75,12.671
32.75,36.75,11.2177
33.25,36.75,9.91821
33.75,36.75,8.77697
34.25,36.75,7.79288
34.75,36.75,6.95954
35.25,36.75,6.26603
35.75,36.75,5.69842
36.25,36.75,5.24148
36.75,36.75,4.88028
37.25,36.75,4.60129
37.75,36.75,4.39276
38.25,36.75,4.24449
38.75,36.75,4.14702
39.25,36.75,4.09089
39.75,36.75,4.0659
40.25,36.75,4.06104
40.75,36.75,4.06481
41.25,36.75,4.0659
41.75,36.75,4.05407
42.25,36.75,4.02085
42.75,36.75,3.95992
43.25,36.75,3.86718
43.75,36.75,3.74051
44.25,36.75,3.57833
44.75,36.75,3.37932
-44.75,37.25,4.17346
-44.25,37.25,4.2444
-43.75,37.25,4.3022
-43.25,37.25,4.37512
-42.75,37.25,4.47581
-42.25,37.25,4.60012
-41.75,37.25,4.73841
-41.25,37.25,4.87796
-40.75,37.25,5.00452
-40.25,37.25,5.1037
-39.75,37.25,5.16222
-39.25,37.25,5.1688
-38.75,37.25,5.11507
-38.25,37.25,4.99635
-37.75,37.25,4.81226
-37.25,37.25,4.56707
-36.75,37.25,4.26962
-36.25,37.25,3.93273
-35.75,37.25,3.57217
-35.25,37.25,3.20521
-34.75,37.25,2.84901
-34.25,37.25,2.51904
-33.75,37.25,2.2279
-33.25,37.25,1.98453
-32.75,37.25,1.79426
-32.25,37.25,1.65914
-31.75,37.25,1.57884
-31.25,37.25,1.55152
-30.75,37.25,1.57466
-30.25,37.25,1.64551
-29.75,37.25,1.7614
-29.25,37.25,1.91979
-28.75,37.25,2.11851
-28.25,37.25,2.35591
-27.75,37.25,2.63124
-27.25,37.25,2.94506
-26.75,37.25,3.29956
-26.25,37.25,3.69882
-25.75,37.25,4.14878
-25.25,37.25,4.65713
-24.75,37.25,5.23317
-24.25,37.25,5.88734
-23.75,37.25,6.63064
-23.25,37.25,7.47363
-22.75,37.25,8.42512
-22.25,37.25,9.4908
-21.75,37.25,10.6719
-21.25,37.25,11.9643
-20.75,37.25,13.3592
-20.25,37.25,14.8437
-19.75,37.25,16.4038
-19.25,37.25,18.0263
-18.75,37.25,19.7022
-18.25,37.25,21.4281
-17.75,37.25,23.2069
-17.25,37.25,25.0472
-16.75,37.25,26.9611
-16.25,37.25,28.9617
-15.75,37.25,31.0597
-15.25,37.25,33.2606
-14.75,37.25,35.5633
-14.25,37.25,37.9583
-13.75,37.25,40.4291
-13.25,37.25,42.9535
-12.75,37.25,45.5069
-12.25,37.25,48.0662
-11.75,37.25,50.6131
-11.25,37.25,53.1382
-10.75,37.25,55.6432
-10.25,37.25,58.1425
-9.75,37.25,60.6629
-9.25,37.25,63.2425
-8.75,37.25,65.928
-8.25,37.25,68.7713
-7.75,37.25,71.8245
-7.25,37.25,75.1361
-6.75,37.25,78.7452
-6.25,37.25,82.6779
-5.75,37.25,86.9429
-5.25,37.25,91.5299
-4.75,37.25,96.4087
-4.25,37.25,101.531
-3.75,37.25,106.833
-3.25,37.25,112.243
-2.75,37.25,117.684
-2.25,37.25,123.082
-1.75,37.25,128.373
-1.25,37.25,133.505
-0.75,37.25,138.447
-0.25,37.25,143.186
0.25,37.25,147.731
0.75,37.25,152.112
1.25,37.25,156.371
1.75,37.25,160.56
2.25,37.25,164.729
2.75,37.25,168.924
3.25,37.25,173.169
3.75,37.25,177.465
4.25,37.25,181.781
4.75,37.25,186.052
5.25,37.25,190.181
5.75,37.25,194.047
6.25,37.25,197.512
6.75,37.25,200.437
7.25,37.25,202.695
7.75,37.25,204.186
8.25,37.25,204.848
8.75,37.25,204.658
9.25,37.25,203.635
9.75,37.25,201.834
10.25,37.25,199.333
10.75,37.25,196.226
11.25,37.25,192.608
11.75,37.25,188.565
12.25,37.25,184.173
12.75,37.25,179.486
13.25,37.25,174.544
13.75,37.25,169.37
14.25,37.25,163.973
14.75,37.25,158.355
15.25,37.25,152.515
15.75,37.25,146.451
16.25,37.25,140.168
16.75,37.25,133.679
17.25,37.25,127.011
17.75,37.25,120.203
18.25,37.25,113.31
18.75,37.25,106.399
19.25,37.25,99.5427
19.75,37.25,92.8203
20.25,37.25,86.306
20.75,37.25,80.0662
21.25,37.25,74.1542
21.75,37.25,68.6079
22.25,37.25,63.4483
22.75,37.25,58.681
23.25,37.25,54.298
23.75,37.25,50.2802
24.25,37.25,46.6005
24.75,37.25,43.2268
25.25,37.25,40.1242
25.75,37.25,37.2572
26.25,37.25,34.5915
26.75,37.25,32.0953
27.25,37.25,29.7405
27.75,37.25,27.5031
28.25,37.25,25.3646
28.75,37.25,23.3114
29.25,37.25,21.3357
29.75,37.25,19.4346
30.25,37.25,17.6105
30.75,37.25,15.87
31.25,37.25,14.2229
31.75,37.25,12.681
32.25,37.25,11.2566
32.75,37.25,9.96098
33.25,37.25,8.8025
33.75,37.25,7.78559
34.25,37.25,6.90992
34.75,37.25,6.17037
35.25,37.25,5.55763
35.75,37.25,5.05939
36.25,37.25,4.66188
36.75,37.25,4.35132
37.25,37.25,4.11497
37.75,37.25,3.94163
38.25,37.25,3.82144
38.75,37.25,3.7454
39.25,37.25,3.70456
39.75,37.25,3.68955
40.25,37.25,3.69042
40.75,37.25,3.69693
41.25,37.25,3.69921
41.75,37.25,3.68844
42.25,37.25,3.65756
42.75,37.25,3.60152
43.25,37.25,3.51737
43.75,37.25,3.40393
44.25,37.25,3.26042
44.75,37.25,3.0861
-44.75,37.75,4.65069
-44.25,37.75,4.74962
-43.75,37.75,4.82652
-43.25,37.75,4.91158
-42.75,37.75,5.01859
-42.25,37.75,5.14309
-41.75,37.75,5.27475
-41.25,37.75,5.39999
-40.75,37.75,5.50368
-40.25,37.75,5.57077
-39.75,37.75,5.58771
-39.25,37.75,5.5436
-38.75,37.75,5.43119
-38.25,37.75,5.24768
-37.75,37.75,4.9953
-37.25,37.75,4.68139
-36.75,37.75,4.31803
-36.25,37.75,3.92108
-35.75,37.75,3.50881
-35.25,37.75,3.10015
-34.75,37.75,2.71291
-34.25,37.75,2.36223
-33.75,37.75,2.0595
-33.25,37.75,1.81194
-32.75,37.75,1.62279
-32.25,37.75,1.49205
-31.75,37.75,1.41744
-31.25,37.75,1.39546
-30.75,37.75,1.42205
-30.25,37.75,1.49306
-29.75,37.75,1.60441
-29.25,37.75,1.75218
-28.75,37.75,1.93278
-28.25,37.75,2.14332
-27.75,37.75,2.382
-27.25,37.75,2.64857
-26.75,37.75,2.94459
-26.25,37.75,3.27351
-25.75,37.75,3.64046
-25.25,37.75,4.05198
-24.75,37.75,4.51573
-24.25,37.75,5.04009
-23.75,37.75,5.63369
-23.25,37.75,6.30472
-22.75,37.75,7.05993
-22.25,37.75,7.90353
-21.75,37.75,8.83612
-21.25,37.75,9.85411
-20.75,37.75,10.9499
-20.25,37.75,12.113
-19.75,37.75,13.3318
-19.25,37.75,14.5964
-18.75,37.75,15.9005
-18.25,37.75,17.2433
-17.75,37.75,18.6301
-17.25,37.75,20.0716
-16.75,37.75,21.5821
-16.25,37.75,23.1771
-15.75,37.75,24.8705
-15.25,37.75,26.6717
-14.75,37.75,28.5838
-14.25,37.75,30.6025
-13.75,37.75,32.7157
-13.25,37.75,34.9053
-12.75,37.75,37.1488
-12.25,37.75,39.4232
-11.75,37.75,41.7078
-11.25,37.75,43.9879
-10.75,37.75,46.2579
-10.25,37.75,48.5227
-9.75,37.75,50.7983
-9.25,37.75,53.1117
-8.75,37.75,55.4982
-8.25,37.75,57.9989
-7.75,37.75,60.6567
-7.25,37.75,63.5121
-6.75,37.75,66.5985
-6.25,37.75,69.9386
-5.75,37.75,73.5402
-5.25,37.75,77.3951
-4.75,37.75,81.4781
-4.25,37.75,85.7485
-3.75,37.75,90.1531
-3.25,37.75,94.6309
-2.75,37.75,99.1182
-2.25,37.75,103.554
-1.75,37.75,107.886
-1.25,37.75,112.075
-0.75,37.75,116.096
-0.25,37.75,119.944
0.25,37.75,123.63
0.75,37.75,127.183
1.25,37.75,130.642
1.75,37.75,134.055
2.25,37.75,137.466
2.75,37.75,140.915
3.25,37.75,144.423
3.75,37.75,147.99
4.25,37.75,151.588
4.75,37.75,155.158
5.25,37.75,158.616
5.75,37.75,161.852
6.25,37.75,164.748
6.75,37.75,167.181
7.25,37.75,169.042
7.75,37.75,170.248
8.25,37.75,170.746
8.75,37.75,170.522
9.25,37.75,169.597
9.75,37.75,168.025
10.25,37.75,165.881
10.75,37.75,163.251
11.25,37.75,160.223
11.75,37.75,156.877
12.25,37.75,153.279
12.75,37.75,149.479
13.25,37.75,145.507
13.75,37.75,141.379
14.25,37.75,137.097
14.75,37.75,132.654
15.25,37.75,128.038
15.75,37.75,123.239
16.25,37.75,118.249
16.75,37.75,113.071
17.25,37.75,107.72
17.75,37.75,102.225
18.25,37.75,96.6276
18.75,37.75,90.9854
19.25,37.75,85.3637
19.75,37.75,79.832
20.25,37.75,74.4577
20.75,37.75,69.3008
21.25,37.75,64.409
21.75,37.75,59.8154
22.25,37.75,55.5372
22.75,37.75,51.5769
23.25,37.75,47.9252
23.75,37.75,44.5628
24.25,37.75,41.4641
24.75,37.75,38.6002
25.25,37.75,35.941
25.75,37.75,33.4574
26.25,37.75,31.1228
26.75,37.75,28.9139
27.25,37.75,26.8111
27.75,37.75,24.7992
28.25,37.75,22.8668
28.75,37.75,21.0067
29.25,37.75,19.2154
29.75,37.75,17.4928
30.25,37.75,15.8421
30.75,37.75,14.2692
31.25,37.75,12.7825
31.75,37.75,11.3915
32.25,37.75,10.1065
32.75,37.75,8.93675
33.25,37.75,7.88968
33.75,37.75,6.96948
34.25,37.75,6.17646
34.75,37.75,5.50678
35.25,37.75,4.95281
35.75,37.75,4.50399
36.25,37.75,4.14816
36.75,37.75,3.87279
37.25,37.75,3.666
37.75,37.75,3.51716
38.25,37.75,3.4168
38.75,37.75,3.35625
39.25,37.75,3.32709
39.75,37.75,3.32063
40.25,37.75,3.32783
40.75,37.75,3.33953
41.25,37.75,3.34698
41.75,37.75,3.34251
42.25,37.75,3.32007
42.75,37.75,3.27555
43.25,37.75,3.20677
43.75,37.75,3.11319
44.25,37.75,2.99459
44.75,37.75,2.85053
-44.75,38.25,5.19517
-44.25,38.25,5.31987
-43.75,38.25,5.41287
-43.25,38.25,5.50636
-42.75,38.25,5.61515
-42.25,38.25,5.73425
-41.75,38.25,5.85256
-41.25,38.25,5.95566
-40.75,38.25,6.02773
-40.25,38.25,6.05339
-39.75,38.25,6.01934
-39.25,38.25,5.91569
-38.75,38.25,5.73694
-38.25,38.25,5.48282
-37.75,38.25,5.15865
-37.25,38.25,4.77507
-36.75,38.25,4.34739
-36.25,38.25,3.89422
-35.75,38.25,3.43571
-35.25,38.25,2.99174
-34.75,38.25,2.58001
-34.25,38.25,2.21462
-33.75,38.25,1.90523
-33.25,38.25,1.65691
-32.75,38.25,1.47072
-32.25,38.25,1.34457
-31.75,38.25,1.27443
-31.25,38.25,1.25534
-30.75,38.25,1.28208
-30.25,38.25,1.34953
-29.75,38.25,1.4527
-29.25,38.25,1.58688
-28.75,38.25,1.74778
-28.25,38.25,1.93192
-27.75,38.25,2.13714
-27.25,38.25,2.36299
-26.75,38.25,2.61094
-26.25,38.25,2.88427
-25.75,38.25,3.18773
-25.25,38.25,3.52706
-24.75,38.25,3.90862
-24.25,38.25,4.33898
-23.75,38.25,4.82458
-23.25,38.25,5.37118
-22.75,38.25,5.9832
-22.25,38.25,6.6629
-21.75,38.25,7.40959
-21.25,38.25,8.21926
-20.75,38.25,9.08482
-20.25,38.25,9.99716
-19.75,38.25,10.9469
-19.25,38.25,11.9263
-18.75,38.25,12.9316
-18.25,38.25,13.9642
-17.75,38.25,15.0312
-17.25,38.25,16.1445
-16.75,38.25,17.3198
-16.25,38.25,18.5738
-15.75,38.25,19.922
-15.25,38.25,21.3763
-14.75,38.25,22.9429
-14.25,38.25,24.6212
-13.75,38.25,26.4033
-13.25,38.25,28.275
-12.75,38.25,30.2171
-12.25,38.25,32.2082
-11.75,38.25,34.2277
-11.25,38.25,36.2586
-10.75,38.25,38.2907
-10.25,38.25,40.3225
-9.75,38.25,42.3622
-9.25,38.25,44.4273
-8.75,38.25,46.5433
-8.25,38.25,48.7414
-7.75,38.25,51.0551
-7.25,38.25,53.5162
-6.75,38.25,56.1511
-6.25,38.25,58.977
-5.75,38.25,61.9993
-5.25,38.25,65.2098
-4.75,38.25,68.5866
-4.25,38.25,72.0952
-3.75,38.25,75.6919
-3.25,38.25,79.3271
-2.75,38.25,82.9501
-2.25,38.25,86.5141
-1.75,38.25,89.9795
-1.25,38.25,93.3185
-0.75,38.25,96.5166
-0.25,38.25,99.5741
0.25,38.25,102.506
0.75,38.25,105.338
1.25,38.25,108.109
1.75,38.25,110.858
2.25,38.25,113.626
2.75,38.25,116.444
3.25,38.25,119.328
3.75,38.25,122.277
4.25,38.25,125.264
4.75,38.25,128.237
5.25,38.25,131.12
5.75,38.25,133.818
6.25,38.25,136.228
6.75,38.25,138.245
7.25,38.25,139.777
7.75,38.25,140.752
8.25,38.25,141.129
8.75,38.25,140.899
9.25,38.25,140.086
9.75,38.25,138.74
10.25,38.25,136.93
10.75,38.25,134.736
11.25,38.25,132.236
11.75,38.25,129.503
12.25,38.25,126.594
12.75,38.25,123.553
13.25,38.25,120.404
13.75,38.25,117.158
14.25,38.25,113.81
14.75,38.25,110.351
15.25,38.25,106.761
15.75,38.25,103.026
16.25,38.25,99.1313
16.75,38.25,95.0729
17.25,38.25,90.8576
17.75,38.25,86.5058
18.25,38.25,82.0522
18.75,38.25,77.5437
19.25,38.25,73.0365
19.75,38.25,68.5905
20.25,38.25,64.2637
20.75,38.25,60.1068
21.25,38.25,56.1593
21.75,38.25,52.4467
22.25,38.25,48.9799
22.75,38.25,45.7571
23.25,38.25,42.7659
23.75,38.25,39.9864
24.25,38.25,37.3945
24.75,38.25,34.9647
25.25,38.25,32.6727
25.75,38.25,30.4968
26.25,38.25,28.4192
26.75,38.25,26.4263
27.25,38.25,24.5085
27.75,38.25,22.6597
28.25,38.25,20.8766
28.75,38.25,19.1584
29.25,38.25,17.5056
29.75,38.25,15.9205
30.25,38.25,14.4066
30.75,38.25,12.9687
31.25,38.25,11.6128
31.75,38.25,10.3458
32.25,38.25,9.17519
32.75,38.25,8.10809
33.25,38.25,7.15052
33.75,38.25,6.30624
34.25,38.25,5.57608
34.75,38.25,4.95751
35.25,38.25,4.4446
35.75,38.25,4.0287
36.25,38.25,3.69938
36.75,38.25,3.44551
37.25,38.25,3.25623
37.75,38.25,3.12158
38.25,38.25,3.03258
38.75,38.25,2.98103
39.25,38.25,2.95902
39.75,38.25,2.9586
40.25,38.25,2.97158
40.75,38.25,2.98976
41.25,38.25,3.00537
41.75,38.25,3.0116
42.25,38.25,3.00319
42.75,38.25,2.97661
43.25,38.25,2.93015
43.75,38.25,2.86358
44.25,38.25,2.77688
44.75,38.25,2.66952
-44.75,38.75,5.79481
-44.25,38.75,5.94633
-43.75,38.75,6.0539
-43.25,38.75,6.15193
-42.75,38.75,6.25651
-42.25,38.75,6.36237
-41.75,38.75,6.45794
-41.25,38.75,6.5284
-40.75,38.75,6.55773
-40.25,38.75,6.53079
-39.75,38.75,6.43519
-39.25,38.75,6.2627
-38.75,38.75,6.01024
-38.25,38.75,5.68059
-37.75,38.75,5.28242
-37.25,38.75,4.82979
-36.75,38.75,4.34095
-36.25,38.75,3.83671
-35.75,38.75,3.33845
-35.25,38.75,2.86616
-34.75,38.75,2.43662
-34.25,38.75,2.06223
-33.75,38.75,1.75043
-33.25,38.75,1.50393
-32.75,38.75,1.32146
-32.25,38.75,1.19898
-31.75,38.75,1.1309
-31.25,38.75,1.1111
-30.75,38.75,1.13356
-30.25,38.75,1.19262
-29.75,38.75,1.283
-29.25,38.75,1.3998
-28.75,38.75,1.53872
-28.25,38.75,1.69638
-27.75,38.75,1.87084
-27.25,38.75,2.06191
-26.75,38.75,2.27129
-26.25,38.75,2.50231
-25.75,38.75,2.75949
-25.25,38.75,3.04792
-24.75,38.75,3.37285
-24.25,38.75,3.73922
-23.75,38.75,4.15143
-23.25,38.75,4.6129
-22.75,38.75,5.12565
-22.25,38.75,5.68973
-21.75,38.75,6.30273
-21.25,38.75,6.95967
-20.75,38.75,7.6534
-20.25,38.75,8.37559
-19.75,38.75,9.11836
-19.25,38.75,9.87604
-18.75,38.75,10.6468
-18.25,38.75,11.4339
-17.75,38.75,12.2456
-17.25,38.75,13.0948
-16.75,38.75,13.9973
-16.25,38.75,14.9703
-15.75,38.75,16.0297
-15.25,38.75,17.1884
-14.75,38.75,18.4543
-14.25,38.75,19.8295
-13.75,38.75,21.3096
-13.25,38.75,22.8839
-12.75,38.75,24.5369
-12.25,38.75,26.2502
-11.75,38.75,28.0048
-11.25,38.75,29.7841
-10.75,38.75,31.5761
-10.25,38.75,33.376
-9.75,38.75,35.1864
-9.25,38.75,37.0182
-8.75,38.75,38.8889
-8.25,38.75,40.821
-7.75,38.75,42.839
-7.25,38.75,44.966
-6.75,38.75,47.2204
-6.25,38.75,49.6132
-5.75,38.75,52.1455
-5.25,38.75,54.8075
-4.75,38.75,57.5787
-4.25,38.75,60.4294
-3.75,38.75,63.3236
-3.25,38.75,66.2221
-2.75,38.75,69.0867
-2.25,38.75,71.8836
-1.75,38.75,74.5863
-1.25,38.75,77.1786
-0.75,38.75,79.6553
-0.25,38.75,82.0232
0.25,38.75,84.3001
0.75,38.75,86.5127
1.25,38.75,88.6942
1.75,38.75,90.8799
2.25,38.75,93.1026
2.75,38.75,95.3872
3.25,38.75,97.7459
3.75,38.75,100.173
4.25,38.75,102.644
4.75,38.75,105.11
5.25,38.75,107.505
5.75,38.75,109.748
6.25,38.75,111.748
6.75,38.75,113.418
7.25,38.75,114.678
7.75,38.75,115.471
8.25,38.75,115.763
8.75,38.75,115.55
9.25,38.75,114.855
9.75,38.75,113.725
10.25,38.75,112.221
10.75,38.75,110.415
11.25,38.75,108.377
11.75,38.75,106.169
12.25,38.75,103.842
12.75,38.75,101.432
13.25,38.75,98.9598
13.75,38.75,96.4312
14.25,38.75,93.8409
14.75,38.75,91.175
15.25,38.75,88.4154
15.75,38.75,85.5434
16.25,38.75,82.5442
16.75,38.75,79.4104
17.25,38.75,76.145
17.75,38.75,72.7635
18.25,38.75,69.2938
18.75,38.75,65.7751
19.25,38.75,62.254
19.75,38.75,58.7801
20.25,38.75,55.4005
20.75,38.75,52.1548
21.25,38.75,49.0719
21.75,38.75,46.1676
22.25,38.75,43.4448
22.75,38.75,40.8954
23.25,38.75,38.5028
23.75,38.75,36.2453
24.25,38.75,34.0996
24.75,38.75,32.0437
25.25,38.75,30.0593
25.75,38.75,28.1328
26.25,38.75,26.2564
26.75,38.75,24.4269
27.25,38.75,22.6456
27.75,38.75,20.916
28.25,38.75,19.2433
28.75,38.75,17.6325
29.25,38.75,16.0884
29.75,38.75,14.6147
30.25,38.75,13.2147
30.75,38.75,11.8914
31.25,38.75,10.6479
31.75,38.75,9.48808
32.25,38.75,8.41618
32.75,38.75,7.43689
33.25,38.75,6.55458
33.75,38.75,5.77244
34.25,38.75,5.09174
34.75,38.75,4.51119
35.25,38.75,4.02667
35.75,38.75,3.63148
36.25,38.75,3.31703
36.75,38.75,3.07378
37.25,38.75,2.89203
37.75,38.75,2.76265
38.25,38.75,2.67728
38.75,38.75,2.62829
39.25,38.75,2.6084
39.75,38.75,2.61038
40.25,38.75,2.62692
40.75,38.75,2.65072
41.25,38.75,2.67487
41.75,38.75,2.69335
42.25,38.75,2.70146
42.75,38.75,2.6961
43.25,38.75,2.67582
43.75,38.75,2.64046
44.25,38.75,2.58997
44.75,38.75,2.52341
-44.75,39.25,6.42607
-44.25,39.25,6.61021
-43.75,39.25,6.73422
-43.25,39.25,6.8349
-42.75,39.25,6.93004
-42.25,39.25,7.01469
-41.75,39.25,7.07761
-41.25,39.25,7.10435
-40.75,39.25,7.07953
-40.25,39.25,6.98905
-39.75,39.25,6.82218
-39.25,39.25,6.57298
-38.75,39.25,6.24132
-38.25,39.25,5.8333
-37.75,39.25,5.36103
-37.25,39.25,4.84173
-36.75,39.25,4.29617
-36.25,39.25,3.74673
-35.75,39.25,3.21527
-35.25,39.25,2.72116
-34.75,39.25,2.27963
-34.25,39.25,1.90088
-33.75,39.25,1.58983
-33.25,39.25,1.34668
-32.75,39.25,1.16793
-32.25,39.25,1.04774
-31.75,39.25,0.979172
-31.25,39.25,0.955225
-30.75,39.25,0.969433
-30.25,39.25,1.01602
-29.75,39.25,1.08988
-29.25,39.25,1.18651
-28.75,39.25,1.30215
-28.25,39.25,1.43409
-27.75,39.25,1.58103
-27.25,39.25,1.74334
-26.75,39.25,1.92307
-26.25,39.25,2.12365
-25.75,39.25,2.34936
-25.25,39.25,2.60467
-24.75,39.25,2.89377
-24.25,39.25,3.22017
-23.75,39.25,3.58637
-23.25,39.25,3.99361
-22.75,39.25,4.44154
-22.25,39.25,4.92794
-21.75,39.25,5.44848
-21.25,39.25,5.99691
-20.75,39.25,6.56563
-20.25,39.25,7.14674
-19.75,39.25,7.73353
-19.25,39.25,8.32198
-18.75,39.25,8.91202
-18.25,39.25,9.50826
-17.75,39.25,10.12
-17.25,39.25,10.7603
-16.75,39.25,11.445
-16.25,39.25,12.1905
-15.75,39.25,13.0123
-15.25,39.25,13.9232
-14.75,39.25,14.9317
-14.25,39.25,16.0416
-13.75,39.25,17.2507
-13.25,39.25,18.5517
-12.75,39.25,19.9328
-12.25,39.25,21.3791
-11.75,39.25,22.8748
-11.25,39.25,24.4053
-10.75,39.25,25.9595
-10.25,39.25,27.5314
-9.75,39.25,29.1211
-9.25,39.25,30.7351
-8.75,39.25,32.385
-8.25,39.25,34.0862
-7.75,39.25,35.8549
-7.25,39.25,37.706
-6.75,39.25,39.6499
-6.25,39.25,41.6905
-5.75,39.25,43.8235
-5.25,39.25,46.0362
-4.75,39.25,48.3078
-4.25,39.25,50.6116
-3.75,39.25,52.9174
-3.25,39.25,55.195
-2.75,39.25,57.4165
-2.25,39.25,59.56
-1.75,39.25,61.6109
-1.25,39.25,63.5636
-0.75,39.25,65.422
-0.25,39.25,67.1989
0.25,39.25,68.9151
0.75,39.25,70.5975
1.25,39.25,72.2765
1.75,39.25,73.9825
2.25,39.25,75.7422
2.75,39.25,77.5748
3.25,39.25,79.4874
3.75,39.25,81.4724
4.25,39.25,83.5047
4.75,39.25,85.5416
5.25,39.25,87.5245
5.75,39.25,89.3828
6.25,39.25,91.04
6.75,39.25,92.4213
7.25,39.25,93.4616
7.75,39.25,94.1126
8.25,39.25,94.3482
8.75,39.25,94.1666
9.25,39.25,93.5897
9.75,39.25,92.6585
10.25,39.25,91.4279
10.75,39.25,89.9589
11.25,39.25,88.312
11.75,39.25,86.5411
12.25,39.25,84.6894
12.75,39.25,82.7871
13.25,39.25,80.8508
13.75,39.25,78.8848
14.25,39.25,76.8832
14.75,39.25,74.833
15.25,39.25,72.7172
15.75,39.25,70.5191
16.25,39.25,68.2253
16.75,39.25,65.8292
17.25,39.25,63.3333
17.75,39.25,60.7508
18.25,39.25,58.1053
18.75,39.25,55.4293
19.25,39.25,52.7609
19.75,39.25,50.1392
20.25,39.25,47.5998
20.75,39.25,45.1703
21.25,39.25,42.8676
21.75,39.25,40.6966
22.25,39.25,38.6505
22.75,39.25,36.7134
23.25,39.25,34.8632
23.75,39.25,33.0752
24.25,39.25,31.326
24.75,39.25,29.5965
25.25,39.25,27.8743
25.75,39.25,26.1543
26.25,39.25,24.4388
26.75,39.25,22.7362
27.25,39.25,21.0588
27.75,39.25,19.4202
28.25,39.25,17.8337
28.75,39.25,16.3103
29.25,39.25,14.8579
29.75,39.25,13.4815
30.25,39.25,12.1834
30.75,39.25,10.9642
31.25,39.25,9.82394
31.75,39.25,8.76273
32.25,39.25,7.78162
32.75,39.25,6.88257
33.25,39.25,6.06818
33.75,39.25,5.34096
34.25,39.25,4.7025
34.75,39.25,4.15271
35.25,39.25,3.68922
35.75,39.25,3.30734
36.25,39.25,3.00042
36.75,39.25,2.76058
37.25,39.25,2.57942
37.75,39.25,2.44878
38.25,39.25,2.36104
38.75,39.25,2.30918
39.25,39.25,2.28661
39.75,39.25,2.28683
40.25,39.25,2.30339
40.75,39.25,2.32983
41.25,39.25,2.3601
41.75,39.25,2.38886
42.25,39.25,2.41198
42.75,39.25,2.42672
43.25,39.25,2.43182
43.75,39.25,2.42715
44.25,39.25,2.41244
44.75,39.25,2.38618
-44.75,39.75,7.04972
-44.25,39.75,7.27665
-43.75,39.75,7.42323
-43.25,39.75,7.52835
-42.75,39.75,7.61185
-42.25,39.75,7.66991
-41.75,39.75,7.69258
-41.25,39.75,7.66691
-40.75,39.75,7.57924
-40.25,39.75,7.41746
-39.75,39.75,7.1733
-39.25,39.75,6.84365
-38.75,39.75,6.43155
-38.25,39.75,5.94642
-37.75,39.75,5.40351
-37.25,39.75,4.82268
-36.75,39.75,4.22657
-36.25,39.75,3.63845
-35.75,39.75,3.08001
-35.25,39.75,2.56947
-34.75,39.75,2.12015
-34.25,39.75,1.73986
-33.75,39.75,1.431
-33.25,39.75,1.1914
-32.75,39.75,1.01551
-32.25,39.75,0.895896
-31.75,39.75,0.824539
-31.25,39.75,0.79382
-30.75,39.75,0.79707
-30.25,39.75,0.828698
-29.75,39.75,0.884103
-29.25,39.75,0.959566
-28.75,39.75,1.05228
-28.25,39.75,1.16053
-27.75,39.75,1.2839
-27.25,39.75,1.42344
-26.75,39.75,1.58158
-26.25,39.75,1.76181
-25.75,39.75,1.96808
-25.25,39.75,2.20425
-24.75,39.75,2.47354
-24.25,39.75,2.77813
-23.75,39.75,3.11884
-23.25,39.75,3.49489
-22.75,39.75,3.9037
-22.25,39.75,4.3408
-21.75,39.75,4.79993
-21.25,39.75,5.27343
-20.75,39.75,5.75305
-20.25,39.75,6.23114
-19.75,39.75,6.70193
-19.25,39.75,7.1628
-18.75,39.75,7.61518
-18.25,39.75,8.0649
-17.75,39.75,8.52188
-17.25,39.75,8.99919
-16.75,39.75,9.51185
-16.25,39.75,10.0752
-15.75,39.75,10.7036
-15.25,39.75,11.409
-14.75,39.75,12.1997
-14.25,39.75,13.08
-13.75,39.75,14.0495
-13.25,39.75,15.1036
-12.75,39.75,16.2338
-12.25,39.75,17.4291
-11.75,39.75,18.6776
-11.25,39.75,19.9683
-10.75,39.75,21.2923
-10.25,39.75,22.645
-9.75,39.75,24.0261
-9.25,39.75,25.4398
-8.75,39.75,26.8937
-8.25,39.75,28.3978
-7.75,39.75,29.9614
-7.25,39.75,31.5919
-6.75,39.75,33.2919
-6.25,39.75,35.0579
-5.75,39.75,36.8797
-5.25,39.75,38.7402
-4.75,39.75,40.6173
-4.25,39.75,42.4853
-3.75,39.75,44.3182
-3.25,39.75,46.0921
-2.75,39.75,47.7881
-2.25,39.75,49.3937
-1.75,39.75,50.9046
-1.25,39.75,52.3244
-0.75,39.75,53.6648
-0.25,39.75,54.9443
0.25,39.75,56.1867
0.75,39.75,57.4193
1.25,39.75,58.6707
1.75,39.75,59.9674
2.25,39.75,61.3317
2.75,39.75,62.7776
3.25,39.75,64.3086
3.75,39.75,65.9153
4.25,39.75,67.5734
4.75,39.75,69.2445
5.25,39.75,70.8773
5.75,39.75,72.4111
6.25,39.75,73.781
6.75,39.75,74.9243
7.25,39.75,75.7869
7.75,39.75,76.3287
8.25,39.75,76.5289
8.75,39.75,76.3869
9.25,39.75,75.9216
9.75,39.75,75.1681
10.25,39.75,74.1728
10.75,39.75,72.9871
11.25,39.75,71.6621
11.75,39.75,70.2428
12.25,39.75,68.7655
12.75,39.75,67.2556
13.25,39.75,65.727
13.75,39.75,64.1833
14.25,39.75,62.6199
14.75,39.75,61.0262
15.25,39.75,59.3891
15.75,39.75,57.6957
16.25,39.75,55.9369
16.75,39.75,54.109
17.25,39.75,52.2166
17.75,39.75,50.2726
18.25,39.75,48.298
18.75,39.75,46.3203
19.25,39.75,44.3699
19.75,39.75,42.4763
20.25,39.75,40.6639
20.75,39.75,38.9484
21.25,39.75,37.3348
21.75,39.75,35.8165
22.25,39.75,34.3764
22.75,39.75,32.9899
23.25,39.75,31.628
23.75,39.75,30.2617
24.25,39.75,28.8665
24.75,39.75,27.4253
25.25,39.75,25.931
25.75,39.75,24.3871
26.25,39.75,22.806
26.75,39.75,21.2077
27.25,39.75,19.6153
27.75,39.75,18.0525
28.25,39.75,16.5403
28.75,39.75,15.095
29.25,39.75,13.7274
29.75,39.75,12.4427
30.25,39.75,11.2419
30.75,39.75,10.123
31.25,39.75,9.08252
31.75,39.75,8.11705
32.25,39.75,7.2242
32.75,39.75,6.40319
33.25,39.75,5.65477
33.75,39.75,4.98063
34.25,39.75,4.38257
34.75,39.75,3.86157
35.25,39.75,3.41689
35.75,39.75,3.04579
36.25,39.75,2.74356
36.75,39.75,2.50399
37.25,39.75,2.32009
37.75,39.75,2.18473
38.25,39.75,2.09109
38.75,39.75,2.03284
39.25,39.75,2.00401
39.75,39.75,1.99884
40.25,39.75,2.01161
40.75,39.75,2.0367
41.25,39.75,2.06884
41.75,39.75,2.1034
42.25,39.75,2.1368
42.75,39.75,2.16673
43.25,39.75,2.19214
43.75,39.75,2.21287
44.25,39.75,2.22839
44.75,39.75,2.23659
-44.75,40.25,7.61179
-44.25,40.25,7.89375
-43.75,40.25,8.07255
-43.25,40.25,8.18827
-42.75,40.25,8.26274
-42.25,40.25,8.29388
-41.75,40.25,8.27402
-41.25,40.25,8.19285
-40.75,40.25,8.03956
-40.25,40.25,7.80508
-39.75,40.25,7.48423
-39.25,40.25,7.07712
-38.75,40.25,6.58987
-38.25,40.25,6.0348
-37.75,40.25,5.42963
-37.25,40.25,4.79605
-36.75,40.25,4.15775
-36.25,40.25,3.5382
-35.75,40.25,2.95844
-35.25,40.25,2.43533
-34.75,40.25,1.98028
-34.25,40.25,1.59895
-33.75,40.25,1.29155
-33.25,40.25,1.05391
-32.75,40.25,0.87882
-32.25,40.25,0.757591
-31.75,40.25,0.681353
-31.25,40.25,0.642056
-30.75,40.25,0.632986
-30.25,40.25,0.648878
-29.75,40.25,0.685796
-29.25,40.25,0.740966
-28.75,40.25,0.812688
-28.25,40.25,0.900355
-27.75,40.25,1.00453
-27.25,40.25,1.12695
-26.75,40.25,1.27041
-26.25,40.25,1.43836
-25.75,40.25,1.63446
-25.25,40.25,1.86193
-24.75,40.25,2.12314
-24.25,40.25,2.41908
-23.75,40.25,2.74906
-23.25,40.25,3.11046
-22.75,40.25,3.49864
-22.25,40.25,3.90699
-21.75,40.25,4.32731
-21.25,40.25,4.75055
-20.75,40.25,5.16777
-20.25,40.25,5.57139
-19.75,40.25,5.95647
-19.25,40.25,6.32159
-18.75,40.25,6.66946
-18.25,40.25,7.00689
-17.75,40.25,7.34417
-17.25,40.25,7.69408
-16.75,40.25,8.07066
-16.25,40.25,8.4879
-15.75,40.25,8.95859
-15.25,40.25,9.49333
-14.75,40.25,10.0998
-14.25,40.25,10.7823
-13.75,40.25,11.5416
-13.25,40.25,12.3752
-12.75,40.25,13.2776
-12.25,40.25,14.2418
-11.75,40.25,15.26
-11.25,40.25,16.3251
-10.75,40.25,17.4323
-10.25,40.25,18.5793
-9.75,40.25,19.7672
-9.25,40.25,20.9998
-8.75,40.25,22.2826
-8.25,40.25,23.6217
-7.75,40.25,25.0211
-7.25,40.25,26.4814
-6.75,40.25,27.9981
-6.25,40.25,29.5607
-5.75,40.25,31.1525
-5.25,40.25,32.7515
-4.75,40.25,34.3326
-4.25,40.25,35.8698
-3.75,40.25,37.3392
-3.25,40.25,38.7214
-2.75,40.25,40.004
-2.25,40.25,41.1822
-1.75,40.25,42.2597
-1.25,40.25,43.2478
-0.75,40.25,44.1648
-0.25,40.25,45.0338
0.25,40.25,45.8817
0.75,40.25,46.7366
1.25,40.25,47.6258
1.75,40.25,48.5735
2.25,40.25,49.5985
2.75,40.25,50.7115
3.25,40.25,51.9136
3.75,40.25,53.1942
4.25,40.25,54.5307
4.75,40.25,55.8885
5.25,40.25,57.2231
5.75,40.25,58.4826
6.25,40.25,59.6121
6.75,40.25,60.5592
7.25,40.25,61.2785
7.75,40.25,61.7366
8.25,40.25,61.916
8.75,40.25,61.8158
9.25,40.25,61.451
9.75,40.25,60.8501
10.25,40.25,60.0508
10.75,40.25,59.0953
11.25,40.25,58.0253
11.75,40.25,56.8781
12.25,40.25,55.684
12.75,40.25,54.4646
13.25,40.25,53.2321
13.75,40.25,51.9908
14.25,40.25,50.7384
14.75,40.25,49.4683
15.25,40.25,48.172
15.75,40.25,46.8422
16.25,40.25,45.4747
16.75,40.25,44.0707
17.25,40.25,42.6374
17.75,40.25,41.1889
18.25,40.25,39.7448
18.75,40.25,38.3285
19.25,40.25,36.9642
19.75,40.25,35.6728
20.25,40.25,34.4691
20.75,40.25,33.3582
21.25,40.25,32.3341
21.75,40.25,31.3797
22.25,40.25,30.4679
22.75,40.25,29.5649
23.25,40.25,28.6345
23.75,40.25,27.6425
24.25,40.25,26.5622
24.75,40.25,25.3775
25.25,40.25,24.0859
25.75,40.25,22.6983
26.25,40.25,21.2368
26.75,40.25,19.7321
27.25,40.25,18.2177
27.75,40.25,16.7265
28.25,40.25,15.2863
28.75,40.25,13.9181
29.25,40.25,12.6345
29.75,40.25,11.4411
30.25,40.25,10.3372
30.75,40.25,9.31795
31.25,40.25,8.37672
31.75,40.25,7.50663
32.25,40.25,6.70213
32.75,40.25,5.95983
33.25,40.25,5.27864
33.75,40.25,4.65936
34.25,40.25,4.10382
34.75,40.25,3.6138
35.25,40.25,3.19002
35.75,40.25,2.83146
36.25,40.25,2.5352
36.75,40.25,2.29671
37.25,40.25,2.11036
37.75,40.25,1.97012
38.25,40.25,1.87
38.75,40.25,1.80433
39.25,40.25,1.76777
39.75,40.25,1.75516
40.25,40.25,1.76146
40.75,40.25,1.78174
41.25,40.25,1.81143
41.75,40.25,1.84657
42.25,40.25,1.88416
42.75,40.25,1.92231
43.25,40.25,1.96018
43.75,40.25,1.99759
44.25,40.25,2.03372
44.75,40.25,2.06588
-44.75,40.75,8.05088
-44.25,40.75,8.39818
-43.75,40.75,8.61995
-43.25,40.75,8.75592
-42.75,40.75,8.82922
-42.25,40.75,8.83969
-41.75,40.75,8.7826
-41.25,40.75,8.65117
-40.75,40.75,8.43837
-40.25,40.75,8.1389
-39.75,40.75,7.75115
-39.25,40.75,7.27839
-38.75,40.75,6.72942
-38.25,40.75,6.11862
-37.75,40.75,5.46513
-37.25,40.75,4.79143
-36.75,40.75,4.12139
-36.25,40.75,3.47807
-35.75,40.75,2.88166
-35.25,40.75,2.34779
-34.75,40.75,1.88645
-34.25,40.75,1.50177
-33.75,40.75,1.19248
-33.25,40.75,0.95306
-32.75,40.75,0.775208
-32.25,40.75,0.649359
-31.75,40.75,0.566056
-31.25,40.75,0.516943
-30.75,40.75,0.495294
-30.25,40.75,0.496148
-29.75,40.75,0.516185
-29.25,40.75,0.553504
-28.75,40.75,0.607441
-28.25,40.75,0.678438
-27.75,40.75,0.767963
-27.25,40.75,0.878406
-26.75,40.75,1.01286
-26.25,40.75,1.17479
-25.75,40.75,1.36757
-25.25,40.75,1.59392
-24.75,40.75,1.85544
-24.25,40.75,2.15209
-23.75,40.75,2.48184
-23.25,40.75,2.84036
-22.75,40.75,3.22106
-22.25,40.75,3.61529
-21.75,40.75,4.01303
-21.25,40.75,4.40382
-20.75,40.75,4.77802
-20.25,40.75,5.12809
-19.75,40.75,5.4497
-19.25,40.75,5.74247
-18.75,40.75,6.01014
-18.25,40.75,6.26025
-17.75,40.75,6.50327
-17.25,40.75,6.75153
-16.75,40.75,7.01804
-16.25,40.75,7.31537
-15.75,40.75,7.65477
-15.25,40.75,8.04553
-14.75,40.75,8.49446
-14.25,40.75,9.00574
-13.75,40.75,9.58091
-13.25,40.75,10.2191
-12.75,40.75,10.9177
-12.25,40.75,11.6729
-11.75,40.75,12.4812
-11.25,40.75,13.3398
-10.75,40.75,14.2478
-10.25,40.75,15.2066
-9.75,40.75,16.2194
-9.25,40.75,17.2911
-8.75,40.75,18.4267
-8.25,40.75,19.6297
-7.75,40.75,20.9003
-7.25,40.75,22.2338
-6.75,40.75,23.6196
-6.25,40.75,25.0402
-5.75,40.75,26.4728
-5.25,40.75,27.89
-4.75,40.75,29.2627
-4.25,40.75,30.563
-3.75,40.75,31.7673
-3.25,40.75,32.859
-2.75,40.75,33.8299
-2.25,40.75,34.681
-1.75,40.75,35.422
-1.25,40.75,36.0705
-0.75,40.75,36.6499
-0.25,40.75,37.1875
0.25,40.75,37.7126
0.75,40.75,38.2544
1.25,40.75,38.8397
1.75,40.75,39.4913
2.25,40.75,40.226
2.75,40.75,41.0527
3.25,40.75,41.9709
3.75,40.75,42.9702
4.25,40.75,44.0298
4.75,40.75,45.1194
5.25,40.75,46.2003
5.75,40.75,47.2285
6.25,40.75,48.1576
6.75,40.75,48.9435
7.25,40.75,49.5477
7.75,40.75,49.9419
8.25,40.75,50.11
8.75,40.75,50.0496
9.25,40.75,49.7712
9.75,40.75,49.2963
10.25,40.75,48.6543
10.75,40.75,47.8784
11.25,40.75,47.0023
11.75,40.75,46.0566
12.25,40.75,45.0669
12.75,40.75,44.0521
13.25,40.75,43.0242
13.75,40.75,41.9888
14.25,40.75,40.9469
14.75,40.75,39.8962
15.25,40.75,38.8336
15.75,40.75,37.7573
16.25,40.75,36.6685
16.75,40.75,35.5725
17.25,40.75,34.48
17.75,40.75,33.4058
18.25,40.75,32.3688
18.75,40.75,31.3891
19.25,40.75,30.4855
19.75,40.75,29.6724
20.25,40.75,28.9567
20.75,40.75,28.3351
21.25,40.75,27.7929
21.75,40.75,27.3042
22.25,40.75,26.8335
22.75,40.75,26.3388
23.25,40.75,25.7769
23.75,40.75,25.1085
24.25,40.75,24.3038
24.75,40.75,23.347
25.25,40.75,22.2389
25.75,40.75,20.9962
26.25,40.75,19.6496
26.75,40.75,18.2385
27.25,40.75,16.8054
27.75,40.75,15.3906
28.25,40.75,14.0279
28.75,40.75,12.7414
29.25,40.75,11.5457
29.75,40.75,10.4458
30.25,40.75,9.43951
30.75,40.75,8.51982
31.25,40.75,7.67722
31.75,40.75,6.90199
32.25,40.75,6.1859
32.75,40.75,5.52329
33.25,40.75,4.91142
33.75,40.75,4.35018
34.25,40.75,3.84123
34.75,40.75,3.38689
35.25,40.75,2.98894
35.75,40.75,2.64779
36.25,40.75,2.36204
36.75,40.75,2.12865
37.25,40.75,1.94331
37.75,40.75,1.80104
38.25,40.75,1.69673
38.75,40.75,1.62538
39.25,40.75,1.5822
39.75,40.75,1.56252
40.25,40.75,1.5618
40.75,40.75,1.57563
41.25,40.75,1.59998
41.75,40.75,1.63146
42.25,40.75,1.66754
42.75,40.75,1.70671
43.25,40.75,1.74831
43.75,40.75,1.79211
44.25,40.75,1.83706
44.75,40.75,1.88007
-44.75,41.25,8.31034
-44.25,41.25,8.72685
-43.75,41.25,8.99972
-43.25,41.25,9.16647
-42.75,41.25,9.25031
-42.25,41.25,9.25272
-41.75,41.25,9.17199
-41.25,41.25,9.00524
-40.75,41.25,8.74962
-40.25,41.25,8.40386
-39.75,41.25,7.96979
-39.25,41.25,7.45332
-38.75,41.25,6.86494
-38.25,41.25,6.21989
-37.75,41.25,5.5374
-37.25,41.25,4.83957
-36.75,41.25,4.14961
-36.25,41.25,3.48984
-35.75,41.25,2.87975
-35.25,41.25,2.33434
-34.75,41.25,1.86306
-34.25,41.25,1.46955
-33.75,41.25,1.15209
-33.25,41.25,0.904713
-32.75,41.25,0.718682
-32.25,41.25,0.584043
-31.75,41.25,0.491006
-31.25,41.25,0.430983
-30.75,41.25,0.397179
-30.25,41.25,0.384771
-29.75,41.25,0.390818
-29.25,41.25,0.414023
-28.75,41.25,0.454477
-28.25,41.25,0.513423
-27.75,41.25,0.593045
-27.25,41.25,0.696269
-26.75,41.25,0.826486
-26.25,41.25,0.987231
-25.75,41.25,1.18172
-25.25,41.25,1.41233
-24.75,41.25,1.68005
-24.25,41.25,1.98399
-23.75,41.25,2.32086
-23.25,41.25,2.68475
-22.75,41.25,3.06719
-22.25,41.25,3.45758
-21.75,41.25,3.84412
-21.25,41.25,4.215
-20.75,41.25,4.55986
-20.25,41.25,4.87109
-19.75,41.25,5.14486
-19.25,41.25,5.38158
-18.75,41.25,5.58579
-18.25,41.25,5.76551
-17.75,41.25,5.93126
-17.25,41.25,6.09487
-16.75,41.25,6.26842
-16.25,41.25,6.46329
-15.75,41.25,6.68953
-15.25,41.25,6.95536
-14.75,41.25,7.26701
-14.25,41.25,7.62858
-13.75,41.25,8.04226
-13.25,41.25,8.50866
-12.75,41.25,9.02733
-12.25,41.25,9.59762
-11.75,41.25,10.2194
-11.25,41.25,10.894
-10.75,41.25,11.6242
-10.25,41.25,12.415
-9.75,41.25,13.2724
-9.25,41.25,14.2032
-8.75,41.25,15.2127
-8.25,41.25,16.3035
-7.75,41.25,17.4735
-7.25,41.25,18.714
-6.75,41.25,20.0096
-6.25,41.25,21.3371
-5.75,41.25,22.6677
-5.25,41.25,23.9685
-4.75,41.25,25.2057
-4.25,41.25,26.3485
-3.75,41.25,27.372
-3.25,41.25,28.2602
-2.75,41.25,29.0076
-2.25,41.25,29.6188
-1.75,41.25,30.1083
-1.25,41.25,30.4982
-0.75,41.25,30.816
-0.25,41.25,31.0925
0.25,41.25,31.359
0.75,41.25,31.6458
1.25,41.25,31.98
1.75,41.25,32.3837
2.25,41.25,32.8728
2.75,41.25,33.4553
3.25,41.25,34.1307
3.75,41.25,34.8894
4.25,41.25,35.713
4.75,41.25,36.5749
5.25,41.25,37.4422
5.75,41.25,38.2773
6.25,41.25,39.0412
6.75,41.25,39.6962
7.25,41.25,40.2093
7.75,41.25,40.5551
8.25,41.25,40.718
8.75,41.25,40.6931
9.25,41.25,40.4857
9.75,41.25,40.1107
10.25,41.25,39.5895
10.75,41.25,38.9475
11.25,41.25,38.2117
11.75,41.25,37.4077
12.25,41.25,36.5575
12.75,41.25,35.679
13.25,41.25,34.7848
13.75,41.25,33.8828
14.25,41.25,32.9773
14.75,41.25,32.0707
15.25,41.25,31.1648
15.75,41.25,30.2626
16.25,41.25,29.3697
16.75,41.25,28.4952
17.25,41.25,27.6515
17.75,41.25,26.8542
18.25,41.25,26.1206
18.75,41.25,25.4679
19.25,41.25,24.9109
19.75,41.25,24.4586
20.25,41.25,24.1124
20.75,41.25,23.8631
21.25,41.25,23.6902
21.75,41.25,23.5618
22.25,41.25,23.4363
22.75,41.25,23.2659
23.25,41.25,23.0019
23.75,41.25,22.6006
24.25,41.25,22.0296
24.75,41.25,21.2726
25.25,41.25,20.3322
25.75,41.25,19.2296
26.25,41.25,18.0009
26.75,41.25,16.692
27.25,41.25,15.3519
27.75,41.25,14.026
28.25,41.25,12.752
28.75,41.25,11.5565
29.25,41.25,10.4548
29.75,41.25,9.4516
30.25,41.25,8.5437
30.75,41.25,7.72232
31.25,41.25,6.97605
31.75,41.25,6.29315
32.25,41.25,5.66351
32.75,41.25,5.07981
33.25,41.25,4.53803
33.75,41.25,4.03724
34.25,41.25,3.57883
34.75,41.25,3.16533
35.25,41.25,2.79919
35.75,41.25,2.4818
36.25,41.25,2.21295
36.75,41.25,1.99079
37.25,41.25,1.81216
37.75,41.25,1.67313
38.25,41.25,1.56941
38.75,41.25,1.49664
39.25,41.25,1.45052
39.75,41.25,1.4267
40.25,41.25,1.42092
40.75,41.25,1.429
41.25,41.25,1.44723
41.75,41.25,1.47253
42.25,41.25,1.50273
42.75,41.25,1.53663
43.25,41.25,1.57375
43.75,41.25,1.61385
44.25,41.25,1.65577
44.75,41.25,1.69638
-44.75,41.75,8.35316
-44.25,41.75,8.83296
-43.75,41.75,9.15865
-43.25,41.75,9.36395
-42.75,41.75,9.47077
-42.25,41.75,9.48162
-41.75,41.75,9.39743
-41.25,41.75,9.21893
-40.75,41.75,8.94715
-40.25,41.75,8.58431
-39.75,41.75,8.13485
-39.25,41.75,7.60604
-38.75,41.75,7.0086
-38.25,41.75,6.35695
-37.75,41.75,5.66894
-37.25,41.75,4.96515
-36.75,41.75,4.26753
-36.25,41.75,3.5977
-35.75,41.75,2.97499
-35.25,41.75,2.41479
-34.75,41.75,1.92726
-34.25,41.75,1.51681
-33.75,41.75,1.18249
-33.25,41.75,0.918869
-32.75,41.75,0.717539
-32.25,41.75,0.568649
-31.75,41.75,0.462346
-31.25,41.75,0.389893
-30.75,41.75,0.344342
-30.25,41.75,0.320795
-29.75,41.75,0.316368
-29.25,41.75,0.329976
-28.75,41.75,0.362046
-28.25,41.75,0.414227
-27.75,41.75,0.489097
-27.25,41.75,0.58991
-26.75,41.75,0.720285
-26.25,41.75,0.883865
-25.75,41.75,1.08385
-25.25,41.75,1.32245
-24.75,41.75,1.60026
-24.25,41.75,1.91565
-23.75,41.75,2.26425
-23.25,41.75,2.63867
-22.75,41.75,3.02863
-22.25,41.75,3.42167
-21.75,41.75,3.80425
-21.25,41.75,4.16325
-20.75,41.75,4.48757
-20.25,41.75,4.76946
-19.75,41.75,5.00544
-19.25,41.75,5.19653
-18.75,41.75,5.34784
-18.25,41.75,5.46772
-17.75,41.75,5.56663
-17.25,41.75,5.65599
-16.75,41.75,5.74717
-16.25,41.75,5.85077
-15.75,41.75,5.97611
-15.25,41.75,6.13092
-14.75,41.75,6.32121
-14.25,41.75,6.55131
-13.75,41.75,6.82412
-13.25,41.75,7.14143
-12.75,41.75,7.50461
-12.25,41.75,7.91533
-11.75,41.75,8.37628
-11.25,41.75,8.89177
-10.75,41.75,9.46795
-10.25,41.75,10.1127
-9.75,41.75,10.8348
-9.25,41.75,11.6428
-8.75,41.75,12.5435
-8.25,41.75,13.5394
-7.75,41.75,14.6276
-7.25,41.75,15.7973
-6.75,41.75,17.0297
-6.25,41.75,18.2974
-5.75,41.75,19.5666
-5.25,41.75,20.7992
-4.75,41.75,21.9568
-4.25,41.75,23.0045
-3.75,41.75,23.915
-3.25,41.75,24.6715
-2.75,41.75,25.269
-2.25,41.75,25.7144
-1.75,41.75,26.0251
-1.25,41.75,26.2265
-0.75,41.75,26.3493
-0.25,41.75,26.4267
0.25,41.75,26.492
0.75,41.75,26.5767
1.25,41.75,26.7082
1.75,41.75,26.9088
2.25,41.75,27.1944
2.75,41.75,27.573
3.25,41.75,28.0449
3.75,41.75,28.6018
4.25,41.75,29.228
4.75,41.75,29.9007
5.25,41.75,30.5919
5.75,41.75,31.2696
6.25,41.75,31.9005
6.75,41.75,32.452
7.25,41.75,32.8949
7.75,41.75,33.2055
8.25,41.75,33.3673
8.75,41.75,33.3723
9.25,41.75,33.2209
9.75,41.75,32.9212
10.25,41.75,32.4879
10.75,41.75,31.9402
11.25,41.75,31.2998
11.75,41.75,30.5887
12.25,41.75,29.8275
12.75,41.75,29.034
13.25,41.75,28.2222
13.75,41.75,27.4029
14.25,41.75,26.584
14.75,41.75,25.7715
15.25,41.75,24.9714
15.75,41.75,24.1905
16.25,41.75,23.4375
16.75,41.75,22.7233
17.25,41.75,22.0611
17.75,41.75,21.4657
18.25,41.75,20.9523
18.75,41.75,20.5353
19.25,41.75,20.2255
19.75,41.75,20.0283
20.25,41.75,19.9413
20.75,41.75,19.952
21.25,41.75,20.037
21.75,41.75,20.1614
22.25,41.75,20.281
22.75,41.75,20.345
23.25,41.75,20.3021
23.75,41.75,20.1061
24.25,41.75,19.7232
24.75,41.75,19.1365
25.25,41.75,18.3494
25.75,41.75,17.385
26.25,41.75,16.2822
26.75,41.75,15.0899
27.25,41.75,13.86
27.75,41.75,12.6405
28.25,41.75,11.4706
28.75,41.75,10.3779
29.25,41.75,9.37778
29.75,41.75,8.47489
30.25,41.75,7.66528
30.75,41.75,6.93939
31.25,41.75,6.28493
31.75,41.75,5.68923
32.25,41.75,5.14124
32.75,41.75,4.6328
33.25,41.75,4.15913
33.75,41.75,3.71881
34.25,41.75,3.31292
34.75,41.75,2.94403
35.25,41.75,2.61486
35.75,41.75,2.32737
36.25,41.75,2.08207
36.75,41.75,1.87802
37.25,41.75,1.71299
37.75,41.75,1.58396
38.25,41.75,1.48738
38.75,41.75,1.41946
39.25,41.75,1.37619
39.75,41.75,1.35333
40.25,41.75,1.34651
40.75,41.75,1.3515
41.25,41.75,1.3645
41.75,41.75,1.38254
42.25,41.75,1.40369
42.75,41.75,1.42706
43.25,41.75,1.45246
43.75,41.75,1.47995
44.25,41.75,1.50861
44.75,41.75,1.53578
-44.75,42.25,8.17462
-44.25,42.25,8.70151
-43.75,42.25,9.07329
-43.25,42.25,9.31904
-42.75,42.25,9.45832
-42.25,42.25,9.49408
-41.75,42.25,9.42923
-41.25,42.25,9.26727
-40.75,42.25,9.01206
-40.25,42.25,8.66801
-39.75,42.25,8.2405
-39.25,42.25,7.73633
-38.75,42.25,7.16441
-38.25,42.25,6.53656
-37.75,42.25,5.86781
-37.25,42.25,5.17636
-36.75,42.25,4.48273
-36.25,42.25,3.80821
-35.75,42.25,3.17292
-35.25,42.25,2.59383
-34.75,42.25,2.08313
-34.25,42.25,1.64732
-33.75,42.25,1.28725
-33.25,42.25,0.998917
-32.75,42.25,0.774865
-32.25,42.25,0.605791
-31.75,42.25,0.482058
-31.25,42.25,0.394912
-30.75,42.25,0.337262
-30.25,42.25,0.304022
-29.75,42.25,0.292129
-29.25,42.25,0.300368
-28.75,42.25,0.32909
-28.25,42.25,0.379904
-27.75,42.25,0.455374
-27.25,42.25,0.55875
-26.75,42.25,0.693655
-26.25,42.25,0.863746
-25.75,42.25,1.07223
-25.25,42.25,1.32123
-24.75,42.25,1.61111
-24.25,42.25,1.93971
-23.75,42.25,2.30173
-23.25,42.25,2.68847
-22.75,42.25,3.08804
-22.25,42.25,3.48623
-21.75,42.25,3.86787
-21.25,42.25,4.21863
-20.75,42.25,4.52665
-20.25,42.25,4.78405
-19.75,42.25,4.98762
-19.25,42.25,5.13884
-18.75,42.25,5.2433
-18.25,42.25,5.30957
-17.75,42.25,5.34805
-17.25,42.25,5.36988
-16.75,42.25,5.38602
-16.25,42.25,5.40672
-15.75,42.25,5.44109
-15.25,42.25,5.4969
-14.75,42.25,5.58043
-14.25,42.25,5.69651
-13.75,42.25,5.84875
-13.25,42.25,6.03995
-12.75,42.25,6.27274
-12.25,42.25,6.55037
-11.75,42.25,6.87736
-11.25,42.25,7.26009
-10.75,42.25,7.70684
-10.25,42.25,8.22762
-9.75,42.25,8.83326
-9.25,42.25,9.53409
-8.75,42.25,10.3382
-8.25,42.25,11.2493
-7.75,42.25,12.2646
-7.25,42.25,13.373
-6.75,42.25,14.554
-6.25,42.25,15.7781
-5.75,42.25,17.008
-5.25,42.25,18.2017
-4.75,42.25,19.3163
-4.25,42.25,20.3132
-3.75,42.25,21.1615
-3.25,42.25,21.8424
-2.75,42.25,22.35
-2.25,42.25,22.6915
-1.75,42.25,22.8855
-1.25,42.25,22.9593
-0.75,42.25,22.9456
-0.25,42.25,22.8794
0.25,42.25,22.7955
0.75,42.25,22.7263
1.25,42.25,22.7003
1.75,42.25,22.7403
2.25,42.25,22.8627
2.75,42.25,23.0766
3.25,42.25,23.3832
3.75,42.25,23.7764
4.25,42.25,24.243
4.75,42.25,24.7639
5.25,42.25,25.3149
5.75,42.25,25.869
6.25,42.25,26.3971
6.75,42.25,26.8704
7.25,42.25,27.262
7.75,42.25,27.5486
8.25,42.25,27.7124
8.75,42.25,27.7416
9.25,42.25,27.6317
9.75,42.25,27.3852
10.25,42.25,27.0113
10.75,42.25,26.5245
11.25,42.25,25.9431
11.75,42.25,25.2874
12.25,42.25,24.5779
12.75,42.25,23.8333
13.25,42.25,23.07
13.75,42.25,22.3013
14.25,42.25,21.5382
14.75,42.25,20.7901
15.25,42.25,20.0657
15.75,42.25,19.3741
16.25,42.25,18.7255
16.75,42.25,18.1312
17.25,42.25,17.6035
17.75,42.25,17.1552
18.25,42.25,16.7988
18.75,42.25,16.5448
19.25,42.25,16.401
19.75,42.25,16.3695
20.25,42.25,16.4457
20.75,42.25,16.6158
21.25,42.25,16.8559
21.75,42.25,17.1313
22.25,42.25,17.3982
22.75,42.25,17.607
23.25,42.25,17.7067
23.75,42.25,17.6519
24.25,42.25,17.4089
24.75,42.25,16.9612
25.25,42.25,16.312
25.75,42.25,15.4841
26.25,42.25,14.516
26.75,42.25,13.4559
27.25,42.25,12.3552
27.75,42.25,11.2608
28.25,42.25,10.2114
28.75,42.25,9.23388
29.25,42.25,8.34321
29.75,42.25,7.54373
30.25,42.25,6.83143
30.75,42.25,6.1969
31.25,42.25,5.62797
31.75,42.25,5.11214
32.25,42.25,4.63845
32.75,42.25,4.19873
33.25,42.25,3.78817
33.75,42.25,3.40524
34.25,42.25,3.05093
34.75,42.25,2.72774
35.25,42.25,2.43848
35.75,42.25,2.18529
36.25,42.25,1.9691
36.75,42.25,1.78951
37.25,42.25,1.645
37.75,42.25,1.53323
38.25,42.25,1.45125
38.75,42.25,1.39559
39.25,42.25,1.36224
39.75,42.25,1.34667
40.25,42.25,1.34398
40.75,42.25,1.34937
41.25,42.25,1.35865
41.75,42.25,1.36876
42.25,42.25,1.378
42.75,42.25,1.38602
43.25,42.25,1.39341
43.75,42.25,1.40104
44.25,42.25,1.40893
44.75,42.25,1.41553
-44.75,42.75,7.80612
-44.25,42.75,8.35686
-43.75,42.75,8.76049
-43.25,42.75,9.04169
-42.75,42.75,9.2174
-42.25,42.75,9.29066
-41.75,42.75,9.26561
-41.25,42.75,9.14735
-40.75,42.75,8.94102
-40.25,42.75,8.65125
-39.75,42.75,8.28222
-39.25,42.75,7.83803
-38.75,42.75,7.32382
-38.25,42.75,6.74716
-37.75,42.75,6.11929
-37.25,42.75,5.4557
-36.75,42.75,4.77575
-36.25,42.75,4.10118
-35.75,42.75,3.45395
-35.25,42.75,2.85375
-34.75,42.75,2.31582
-34.25,42.75,1.84956
-33.75,42.75,1.45829
-33.25,42.75,1.13986
-32.75,42.75,0.888122
-32.25,42.75,0.694563
-31.75,42.75,0.549991
-31.25,42.75,0.445837
-30.75,42.75,0.375025
-30.25,42.75,0.332373
-29.75,42.75,0.314634
-29.25,42.75,0.320338
-28.75,42.75,0.349512
-28.25,42.75,0.403389
-27.75,42.75,0.484114
-27.25,42.75,0.594526
-26.75,42.75,0.737887
-26.25,42.75,0.917588
-25.75,42.75,1.13666
-25.25,42.75,1.3971
-24.75,42.75,1.69908
-24.25,42.75,2.04004
-23.75,42.75,2.41399
-23.25,42.75,2.81117
-22.75,42.75,3.21835
-22.25,42.75,3.61983
-21.75,42.75,3.99908
-21.25,42.75,4.34072
-20.75,42.75,4.63235
-20.25,42.75,4.86602
-19.75,42.75,5.03882
-19.25,42.75,5.15273
-18.75,42.75,5.21376
-18.25,42.75,5.23069
-17.75,42.75,5.21392
-17.25,42.75,5.1744
-16.75,42.75,5.1229
-16.25,42.75,5.06965
-15.75,42.75,5.02391
-15.25,42.75,4.99388
-14.75,42.75,4.9864
-14.25,42.75,5.00697
-13.75,42.75,5.05986
-13.25,42.75,5.14857
-12.75,42.75,5.27645
-12.25,42.75,5.44756
-11.75,42.75,5.66732
-11.25,42.75,5.94306
-10.75,42.75,6.28411
-10.25,42.75,6.70156
-9.75,42.75,7.20736
-9.25,42.75,7.81307
-8.75,42.75,8.52806
-8.25,42.75,9.35739
-7.75,42.75,10.2995
-7.25,42.75,11.3443
-6.75,42.75,12.4717
-6.25,42.75,13.652
-5.75,42.75,14.8466
-5.25,42.75,16.0114
-4.75,42.75,17.1007
-4.25,42.75,18.0723
-3.75,42.75,18.8923
-3.25,42.75,19.5386
-2.75,42.75,20.0033
-2.25,42.75,20.292
-1.75,42.75,20.4227
-1.25,42.75,20.4226
-0.75,42.75,20.3251
-0.25,42.75,20.1659
0.25,42.75,19.9808
0.75,42.75,19.8031
1.25,42.75,19.6622
1.75,42.75,19.5822
2.25,42.75,19.5805
2.75,42.75,19.6676
3.25,42.75,19.8464
3.75,42.75,20.113
4.25,42.75,20.4567
4.75,42.75,20.8614
5.25,42.75,21.3067
5.75,42.75,21.7689
6.25,42.75,22.2223
6.75,42.75,22.6404
7.25,42.75,22.9975
7.75,42.75,23.2697
8.25,42.75,23.437
8.75,42.75,23.4844
9.25,42.75,23.4027
9.75,42.75,23.1901
10.25,42.75,22.8515
10.75,42.75,22.3986
11.25,42.75,21.8482
11.75,42.75,21.2205
12.25,42.75,20.5369
12.75,42.75,19.8183
13.25,42.75,19.0831
13.75,42.75,18.3473
14.25,42.75,17.6243
14.75,42.75,16.9253
15.25,42.75,16.2609
15.75,42.75,15.6412
16.25,42.75,15.0762
16.75,42.75,14.5764
17.25,42.75,14.152
17.75,42.75,13.8127
18.25,42.75,13.5673
18.75,42.75,13.4226
19.25,42.75,13.3825
19.75,42.75,13.4467
20.25,42.75,13.6089
20.75,42.75,13.8554
21.25,42.75,14.1634
21.75,42.75,14.5011
22.25,42.75,14.8285
22.75,42.75,15.1
23.25,42.75,15.2689
23.75,42.75,15.2937
24.25,42.75,15.1432
24.75,42.75,14.8021
25.25,42.75,14.2731
25.75,42.75,13.577
26.25,42.75,12.749
26.75,42.75,11.8334
27.25,42.75,10.8771
27.75,42.75,9.92366
28.25,42.75,9.00838
28.75,42.75,8.15616
29.25,42.75,7.38086
29.75,42.75,6.68654
30.25,42.75,6.06958
30.75,42.75,5.52137
31.25,42.75,5.03075
31.75,42.75,4.58629
32.25,42.75,4.17799
32.75,42.75,3.79852
33.25,42.75,3.44369
33.75,42.75,3.11236
34.25,42.75,2.80577
34.75,42.75,2.52647
35.25,42.75,2.27728
35.75,42.75,2.06036
36.25,42.75,1.87682
36.75,42.75,1.72656
37.25,42.75,1.60852
37.75,42.75,1.52079
38.25,42.75,1.4607
38.75,42.75,1.42475
39.25,42.75,1.40849
39.75,42.75,1.40653
40.25,42.75,1.41294
40.75,42.75,1.42191
41.25,42.75,1.42854
41.75,42.75,1.4296
42.25,42.75,1.42388
42.75,42.75,1.4121
43.25,42.75,1.39631
43.75,42.75,1.3791
44.25,42.75,1.36228
44.75,42.75,1.34613
-44.75,43.25,7.30518
-44.25,43.25,7.85558
-43.75,43.25,8.27356
-43.25,43.25,8.58047
-42.75,43.25,8.79105
-42.25,43.25,8.90841
-41.75,43.25,8.93726
-41.25,43.25,8.883
-40.75,43.25,8.75024
-40.25,43.25,8.54177
-39.75,43.25,8.2584
-39.25,43.25,7.89962
-38.75,43.25,7.46528
-38.25,43.25,6.9579
-37.75,43.25,6.38466
-37.25,43.25,5.75872
-36.75,43.25,5.09904
-36.25,43.25,4.42875
-35.75,43.25,3.7725
-35.25,43.25,3.15336
-34.75,43.25,2.58997
-34.25,43.25,2.0948
-33.75,43.25,1.67354
-33.25,43.25,1.32583
-32.75,43.25,1.04671
-32.25,43.25,0.828489
-31.75,43.25,0.662545
-31.25,43.25,0.540709
-30.75,43.25,0.456203
-30.25,43.25,0.404026
-29.75,43.25,0.380977
-29.25,43.25,0.385458
-28.75,43.25,0.417168
-28.25,43.25,0.476806
-27.75,43.25,0.565818
-27.25,43.25,0.686253
-26.75,43.25,0.840606
-26.25,43.25,1.03161
-25.75,43.25,1.26183
-25.25,43.25,1.53293
-24.75,43.25,1.84482
-24.25,43.25,2.19463
-23.75,43.25,2.57587
-23.25,43.25,2.97798
-22.75,43.25,3.38673
-22.25,43.25,3.78535
-21.75,43.25,4.15635
-21.25,43.25,4.4837
-20.75,43.25,4.75485
-20.25,43.25,4.96208
-19.75,43.25,5.10308
-19.25,43.25,5.18045
-18.75,43.25,5.2007
-18.25,43.25,5.17285
-17.75,43.25,5.1072
-17.25,43.25,5.01453
-16.75,43.25,4.90542
-16.25,43.25,4.79008
-15.75,43.25,4.67807
-15.25,43.25,4.57805
-14.75,43.25,4.4975
-14.25,43.25,4.44254
-13.75,43.25,4.41797
-13.25,43.25,4.42764
-12.75,43.25,4.47518
-12.25,43.25,4.56475
-11.75,43.25,4.70187
-11.25,43.25,4.89393
-10.75,43.25,5.1503
-10.25,43.25,5.48215
-9.75,43.25,5.90168
-9.25,43.25,6.42093
-8.75,43.25,7.05012
-8.25,43.25,7.79563
-7.75,43.25,8.65762
-7.25,43.25,9.62802
-6.75,43.25,10.6889
-6.25,43.25,11.8123
-5.75,43.25,12.9606
-5.25,43.25,14.0902
-4.75,43.25,15.1545
-4.25,43.25,16.1097
-3.75,43.25,16.9193
-3.25,43.25,17.558
-2.75,43.25,18.0147
-2.25,43.25,18.2918
-1.75,43.25,18.4048
-1.25,43.25,18.3788
-0.75,43.25,18.2457
-0.25,43.25,18.0408
0.25,43.25,17.7998
0.75,43.25,17.5566
1.25,43.25,17.3418
1.75,43.25,17.1807
2.25,43.25,17.0923
2.75,43.25,17.089
3.25,43.25,17.1757
3.75,43.25,17.3506
4.25,43.25,17.6057
4.75,43.25,17.9275
5.25,43.25,18.2985
5.75,43.25,18.6975
6.25,43.25,19.1009
6.75,43.25,19.4836
7.25,43.25,19.8199
7.75,43.25,20.0848
8.25,43.25,20.256
8.75,43.25,20.3149
9.25,43.25,20.2492
9.75,43.25,20.0534
10.25,43.25,19.7303
10.75,43.25,19.2903
11.25,43.25,18.7503
11.75,43.25,18.1319
12.25,43.25,17.4585
12.75,43.25,16.753
13.25,43.25,16.0363
13.75,43.25,15.3261
14.25,43.25,14.6372
14.75,43.25,13.9819
15.25,43.25,13.3711
15.75,43.25,12.8148
16.25,43.25,12.3222
16.75,43.25,11.9017
17.25,43.25,11.5607
17.75,43.25,11.3053
18.25,43.25,11.14
18.75,43.25,11.0672
19.25,43.25,11.0871
19.75,43.25,11.1965
20.25,43.25,11.388
20.75,43.25,11.6484
21.25,43.25,11.9576
21.75,43.25,12.2882
22.25,43.25,12.6064
22.75,43.25,12.8735
23.25,43.25,13.0504
23.75,43.25,13.1017
24.25,43.25,13.0012
24.75,43.25,12.7356
25.25,43.25,12.3073
25.75,43.25,11.7336
26.25,43.25,11.0443
26.75,43.25,10.2773
27.25,43.25,9.47276
27.75,43.25,8.66798
28.25,43.25,7.8936
28.75,43.25,7.17125
29.25,43.25,6.51311
29.75,43.25,5.92287
30.25,43.25,5.39752
30.75,43.25,4.92968
31.25,43.25,4.50974
31.75,43.25,4.12792
32.25,43.25,3.77583
32.75,43.25,3.44755
33.25,43.25,3.14009
33.75,43.25,2.85318
34.25,43.25,2.58863
34.75,43.25,2.34928
35.25,43.25,2.13802
35.75,43.25,1.95707
36.25,43.25,1.80758
36.75,43.25,1.68965
37.25,43.25,1.60242
37.75,43.25,1.54413
38.25,43.25,1.51204
38.75,43.25,1.50212
39.25,43.25,1.50892
39.75,43.25,1.52569
40.25,43.25,1.54494
40.75,43.25,1.55949
41.25,43.25,1.56361
41.75,43.25,1.55405
42.25,43.25,1.53052
42.75,43.25,1.4955
43.25,43.25,1.4534
43.75,43.25,1.40941
44.25,43.25,1.36794
44.75,43.25,1.33162
-44.75,43.75,6.73523
-44.25,43.75,7.26739
-43.75,43.75,7.68523
-43.25,43.75,8.00808
-42.75,43.75,8.24917
-42.25,43.75,8.41176
-41.75,43.75,8.50044
-41.25,43.75,8.51971
-40.75,43.75,8.47208
-40.25,43.75,8.35685
-39.75,43.75,8.17003
-39.25,43.75,7.9055
-38.75,43.75,7.55752
-38.25,43.75,7.12373
-37.75,43.75,6.60806
-37.25,43.75,6.02235
-36.75,43.75,5.38614
-36.25,43.75,4.7247
-35.75,43.75,4.06569
-35.25,43.75,3.43545
-34.75,43.75,2.85561
-34.25,43.75,2.34095
-33.75,43.75,1.89888
-33.25,43.75,1.53015
-32.75,43.75,1.2306
-32.25,43.75,0.993171
-31.75,43.75,0.809801
-31.25,43.75,0.672924
-30.75,43.75,0.576363
-30.25,43.75,0.515671
-29.75,43.75,0.488053
-29.25,43.75,0.492076
-28.75,43.75,0.527292
-28.25,43.75,0.593894
-27.75,43.75,0.692498
-27.25,43.75,0.824113
-26.75,43.75,0.990123
-26.25,43.75,1.19226
-25.75,43.75,1.43228
-25.25,43.75,1.71129
-24.75,43.75,2.02884
-24.25,43.75,2.38172
-23.75,43.75,2.763
-23.25,43.75,3.1616
-22.75,43.75,3.5626
-22.25,43.75,3.9486
-21.75,43.75,4.30171
-21.25,43.75,4.60592
-20.75,43.75,4.84914
-20.25,43.75,5.02456
-19.75,43.75,5.13094
-19.25,43.75,5.17184
-18.75,43.75,5.15443
-18.25,43.75,5.0879
-17.75,43.75,4.98232
-17.25,43.75,4.84795
-16.75,43.75,4.69488
-16.25,43.75,4.53296
-15.75,43.75,4.37173
-15.25,43.75,4.22006
-14.75,43.75,4.08588
-14.25,43.75,3.97571
-13.75,43.75,3.89471
-13.25,43.75,3.84686
-12.75,43.75,3.83571
-12.25,43.75,3.86515
-11.75,43.75,3.94025
-11.25,43.75,4.0678
-10.75,43.75,4.25654
-10.25,43.75,4.51692
-9.75,43.75,4.86059
-9.25,43.75,5.29933
-8.75,43.75,5.84364
-8.25,43.75,6.50084
-7.75,43.75,7.27286
-7.25,43.75,8.15418
-6.75,43.75,9.13011
-6.25,43.75,10.176
-5.75,43.75,11.258
-5.25,43.75,12.3351
-4.75,43.75,13.3627
-4.25,43.75,14.2973
-3.75,43.75,15.1013
-3.25,43.75,15.7472
-2.75,43.75,16.2198
-2.25,43.75,16.5174
-1.75,43.75,16.6506
-1.25,43.75,16.6405
-0.75,43.75,16.5155
-0.25,43.75,16.3086
0.25,43.75,16.0543
0.75,43.75,15.7867
1.25,43.75,15.5367
1.75,43.75,15.3313
2.25,43.75,15.1915
2.75,43.75,15.1314
3.25,43.75,15.1586
3.75,43.75,15.2733
4.25,43.75,15.4701
4.75,43.75,15.7379
5.25,43.75,16.0612
5.75,43.75,16.4206
6.25,43.75,16.7939
6.75,43.75,17.1562
7.25,43.75,17.4813
7.75,43.75,17.7426
8.25,43.75,17.9154
8.75,43.75,17.9786
9.25,43.75,17.917
9.75,43.75,17.7233
10.25,43.75,17.3996
10.75,43.75,16.9565
11.25,43.75,16.4128
11.75,43.75,15.7922
12.25,43.75,15.1206
12.75,43.75,14.4233
13.25,43.75,13.7228
13.75,43.75,13.0378
14.25,43.75,12.3836
14.75,43.75,11.7722
15.25,43.75,11.2142
15.75,43.75,10.7184
16.25,43.75,10.2924
16.75,43.75,9.94251
17.25,43.75,9.67291
17.75,43.75,9.4857
18.25,43.75,9.38084
18.75,43.75,9.35627
19.25,43.75,9.40802
19.75,43.75,9.53
20.25,43.75,9.71351
20.75,43.75,9.9463
21.25,43.75,10.2117
21.75,43.75,10.4879
22.25,43.75,10.7488
22.75,43.75,10.9648
23.25,43.75,11.1057
23.75,43.75,11.1444
24.25,43.75,11.0607
24.75,43.75,10.8441
25.25,43.75,10.4962
25.75,43.75,10.0306
26.25,43.75,9.47071
26.75,43.75,8.84626
27.25,43.75,8.18935
27.75,43.75,7.53008
28.25,43.75,6.89337
28.75,43.75,6.29702
29.25,43.75,5.75123
29.75,43.75,5.25922
30.25,43.75,4.81867
30.75,43.75,4.42356
31.25,43.75,4.06607
31.75,43.75,3.73833
32.25,43.75,3.43386
32.75,43.75,3.14848
33.25,43.75,2.8807
33.75,43.75,2.63142
34.25,43.75,2.40322
34.75,43.75,2.19942
35.25,43.75,2.02313
35.75,43.75,1.87666
36.25,43.75,1.76125
36.75,43.75,1.6771
37.25,43.75,1.62341
37.75,43.75,1.5983
38.25,43.75,1.59849
38.75,43.75,1.61897
39.25,43.75,1.65279
39.75,43.75,1.69133
40.25,43.75,1.72524
40.75,43.75,1.74585
41.25,43.75,1.74671
41.75,43.75,1.72488
42.25,43.75,1.68155
42.75,43.75,1.62161
43.25,43.75,1.55255
43.75,43.75,1.48283
44.25,43.75,1.41993
44.75,43.75,1.36896
-44.75,44.25,6.14712
-44.25,44.25,6.65427
-43.75,44.25,7.06561
-43.25,44.25,7.39913
-42.75,44.25,7.66695
-42.25,44.25,7.87221
-41.75,44.25,8.01867
-41.25,44.25,8.10896
-40.75,44.25,8.14256
-40.25,44.25,8.1146
-39.75,44.25,8.01614
-39.25,44.25,7.83593
-38.75,44.25,7.56365
-38.25,44.25,7.19359
-37.75,44.25,6.72798
-37.25,44.25,6.1787
-36.75,44.25,5.56675
-36.25,44.25,4.91974
-35.75,44.25,4.26793
-35.25,44.25,3.63997
-34.75,44.25,3.05917
-34.25,44.25,2.54137
-33.75,44.25,2.09448
-33.25,44.25,1.7195
-32.75,44.25,1.41245
-32.25,44.25,1.1666
-31.75,44.25,0.974428
-31.25,44.25,0.829084
-30.75,44.25,0.72526
-30.25,44.25,0.659397
-29.75,44.25,0.629474
-29.25,44.25,0.634574
-28.75,44.25,0.674362
-28.25,44.25,0.748675
-27.75,44.25,0.857309
-27.25,44.25,1.00011
-26.75,44.25,1.17715
-26.25,44.25,1.3889
-25.75,44.25,1.63608
-25.25,44.25,1.91905
-24.75,44.25,2.23682
-24.25,44.25,2.58577
-23.75,44.25,2.95855
-23.25,44.25,3.34363
-22.75,44.25,3.72569
-22.25,44.25,4.08711
-21.75,44.25,4.41027
-21.25,44.25,4.67998
-20.75,44.25,4.88553
-20.25,44.25,5.0219
-19.75,44.25,5.08967
-19.25,44.25,5.0939
-18.75,44.25,5.04262
-18.25,44.25,4.94511
-17.75,44.25,4.81083
-17.25,44.25,4.64899
-16.75,44.25,4.46844
-16.25,44.25,4.278
-15.75,44.25,4.08646
-15.25,44.25,3.9024
-14.75,44.25,3.7337
-14.25,44.25,3.58708
-13.75,44.25,3.46788
-13.25,44.25,3.38016
-12.75,44.25,3.32734
-12.25,44.25,3.31297
-11.75,44.25,3.34148
-11.25,44.25,3.41881
-10.75,44.25,3.55259
-10.25,44.25,3.75209
-9.75,44.25,4.0278
-9.25,44.25,4.39058
-8.75,44.25,4.85053
-8.25,44.25,5.41537
-7.75,44.25,6.08847
-7.25,44.25,6.86693
-6.75,44.25,7.73984
-6.25,44.25,8.68731
-5.75,44.25,9.68069
-5.25,44.25,10.6841
-4.75,44.25,11.6574
-4.25,44.25,12.5599
-3.75,44.25,13.3549
-3.25,44.25,14.0133
-2.75,44.25,14.5166
-2.25,44.25,14.8575
-1.75,44.25,15.0408
-1.25,44.25,15.0813
-0.75,44.25,15.0022
-0.25,44.25,14.8321
0.25,44.25,14.6032
0.75,44.25,14.3484
1.25,44.25,14.099
1.75,44.25,13.8831
2.25,44.25,13.7235
2.75,44.25,13.6366
3.25,44.25,13.6322
3.75,44.25,13.7132
4.25,44.25,13.8762
4.75,44.25,14.1124
5.25,44.25,14.408
5.75,44.25,14.7448
6.25,44.25,15.1011
6.75,44.25,15.4519
7.25,44.25,15.7698
7.75,44.25,16.0266
8.25,44.25,16.1957
8.75,44.25,16.2537
9.25,44.25,16.1841
9.75,44.25,15.9792
10.25,44.25,15.6414
10.75,44.25,15.1836
11.25,44.25,14.6268
11.75,44.25,13.9978
12.25,44.25,13.3253
12.75,44.25,12.6364
13.25,44.25,11.9547
13.75,44.25,11.299
14.25,44.25,10.6838
14.75,44.25,10.1202
15.25,44.25,9.61714
15.75,44.25,9.18194
16.25,44.25,8.82043
16.75,44.25,8.53644
17.25,44.25,8.33113
17.75,44.25,8.20279
18.25,44.25,8.14693
18.75,44.25,8.15686
19.25,44.25,8.22444
19.75,44.25,8.3406
20.25,44.25,8.49546
20.75,44.25,8.67797
21.25,44.25,8.87525
21.75,44.25,9.07199
22.25,44.25,9.25028
22.75,44.25,9.3902
23.25,44.25,9.47129
23.75,44.25,9.47491
24.25,44.25,9.38679
24.75,44.25,9.19942
25.25,44.25,8.9136
25.75,44.25,8.53868
26.25,44.25,8.09136
26.75,44.25,7.59345
27.25,44.25,7.06879
27.75,44.25,6.5402
28.25,44.25,6.02691
28.75,44.25,5.54298
29.25,44.25,5.09665
29.75,44.25,4.69074
30.25,44.25,4.32364
30.75,44.25,3.99074
31.25,44.25,3.68605
31.75,44.25,3.40368
32.25,44.25,3.1391
32.75,44.25,2.8899
33.25,44.25,2.65606
33.75,44.25,2.43963
34.25,44.25,2.24395
34.75,44.25,2.07278
35.25,44.25,1.92948
35.75,44.25,1.8165
36.25,44.25,1.73522
36.75,44.25,1.68591
37.25,44.25,1.66767
37.75,44.25,1.67821
38.25,44.25,1.71336
38.75,44.25,1.76664
39.25,44.25,1.82916
39.75,44.25,1.89019
40.25,44.25,1.93843
40.75,44.25,1.96387
41.25,44.25,1.95969
41.75,44.25,1.92378
42.25,44.25,1.85932
42.75,44.25,1.77412
43.25,44.25,1.67911
43.75,44.25,1.58624
44.25,44.25,1.50603
44.75,44.25,1.4458
-44.75,44.75,5.57172
-44.25,44.75,6.05772
-43.75,44.75,6.46468
-43.25,44.75,6.80892
-42.75,44.75,7.10119
-42.25,44.75,7.34377
-41.75,44.75,7.53883
-41.25,44.75,7.68664
-40.75,44.75,7.78353
-40.25,44.75,7.821
-39.75,44.75,7.78642
-39.25,44.75,7.66531
-38.75,44.75,7.44506
-38.25,44.75,7.1189
-37.75,44.75,6.68933
-37.25,44.75,6.16953
-36.75,44.75,5.58233
-36.25,44.75,4.9572
-35.75,44.75,4.32579
-35.25,44.75,3.71738
-34.75,44.75,3.15526
-34.25,44.75,2.65469
-33.75,44.75,2.22283
-33.25,44.75,1.86003
-32.75,44.75,1.56197
-32.25,44.75,1.32198
-31.75,44.75,1.13302
-31.25,44.75,0.989037
-30.75,44.75,0.885747
-30.25,44.75,0.820726
-29.75,44.75,0.793015
-29.25,44.75,0.802504
-28.75,44.75,0.849233
-28.25,44.75,0.932865
-27.75,44.75,1.05246
-27.25,44.75,1.20669
-26.75,44.75,1.39423
-26.25,44.75,1.61415
-25.75,44.75,1.86598
-25.25,44.75,2.14918
-24.75,44.75,2.46206
-24.25,44.75,2.80046
-23.75,44.75,3.15654
-23.25,44.75,3.51831
-22.75,44.75,3.87021
-22.25,44.75,4.19482
-21.75,44.75,4.47541
-21.25,44.75,4.69848
-20.75,44.75,4.85574
-20.25,44.75,4.94497
-19.75,44.75,4.96948
-19.25,44.75,4.93646
-18.75,44.75,4.85507
-18.25,44.75,4.73459
-17.75,44.75,4.58343
-17.25,44.75,4.40899
-16.75,44.75,4.21802
-16.25,44.75,4.01728
-15.75,44.75,3.81394
-15.25,44.75,3.61545
-14.75,44.75,3.42913
-14.25,44.75,3.26156
-13.75,44.75,3.11821
-13.25,44.75,3.00338
-12.75,44.75,2.92059
-12.25,44.75,2.87327
-11.75,44.75,2.86539
-11.25,44.75,2.90205
-10.75,44.75,2.9897
-10.25,44.75,3.13615
-9.75,44.75,3.3503
-9.25,44.75,3.64158
-8.75,44.75,4.01909
-8.25,44.75,4.49031
-7.75,44.75,5.05958
-7.25,44.75,5.72633
-6.75,44.75,6.48355
-6.25,44.75,7.31673
-5.75,44.75,8.20364
-5.25,44.75,9.11524
-4.75,44.75,10.0178
-4.25,44.75,10.8755
-3.75,44.75,11.6544
-3.25,44.75,12.3252
-2.75,44.75,12.8663
-2.25,44.75,13.2651
-1.75,44.75,13.5195
-1.25,44.75,13.6368
-0.75,44.75,13.6331
-0.25,44.75,13.5316
0.25,44.75,13.3606
0.75,44.75,13.1507
1.25,44.75,12.9328
1.75,44.75,12.7356
2.25,44.75,12.5834
2.75,44.75,12.4947
3.25,44.75,12.4814
3.75,44.75,12.5489
4.25,44.75,12.696
4.75,44.75,12.9158
5.25,44.75,13.1958
5.75,44.75,13.5189
6.25,44.75,13.8634
6.75,44.75,14.2038
7.25,44.75,14.5117
7.75,44.75,14.7575
8.25,44.75,14.9129
8.75,44.75,14.9536
9.25,44.75,14.8627
9.75,44.75,14.6332
10.25,44.75,14.2698
10.75,44.75,13.7878
11.25,44.75,13.2119
11.75,44.75,12.572
12.25,44.75,11.8993
12.75,44.75,11.2225
13.25,44.75,10.5654
13.75,44.75,9.94581
14.25,44.75,9.37653
14.75,44.75,8.8666
15.25,44.75,8.4228
15.75,44.75,8.05042
16.25,44.75,7.75326
16.75,44.75,7.53291
17.25,44.75,7.38782
17.75,44.75,7.31288
18.25,44.75,7.29958
18.75,44.75,7.33697
19.25,44.75,7.41302
19.75,44.75,7.5159
20.25,44.75,7.63483
20.75,44.75,7.76022
21.25,44.75,7.88322
21.75,44.75,7.99495
22.25,44.75,8.08576
22.75,44.75,8.14484
23.25,44.75,8.16071
23.75,44.75,8.12227
24.25,44.75,8.0205
24.75,44.75,7.85006
25.25,44.75,7.61067
25.75,44.75,7.30769
26.25,44.75,6.95168
26.75,44.75,6.55718
27.25,44.75,6.14072
27.75,44.75,5.7187
28.25,44.75,5.30543
28.75,44.75,4.91177
29.25,44.75,4.54447
29.75,44.75,4.20618
30.25,44.75,3.8962
30.75,44.75,3.61147
31.25,44.75,3.3479
31.75,44.75,3.10156
32.25,44.75,2.86975
32.75,44.75,2.65164
33.25,44.75,2.44839
33.75,44.75,2.26283
34.25,44.75,2.09872
34.75,44.75,1.96001
35.25,44.75,1.85016
35.75,44.75,1.77171
36.25,44.75,1.72613
36.75,44.75,1.7137
37.25,44.75,1.73325
37.75,44.75,1.78175
38.25,44.75,1.85368
38.75,44.75,1.94069
39.25,44.75,2.03165
39.75,44.75,2.11362
40.25,44.75,2.17354
40.75,44.75,2.20048
41.25,44.75,2.18785
41.75,44.75,2.13497
42.25,44.75,2.04751
42.75,44.75,1.93647
43.25,44.75,1.81625
43.75,44.75,1.70206
44.25,44.75,1.60705
44.75,44.75,1.54022
