xmm,ymm,intensity
-44.75,-44.75,0.541041
-44.25,-44.75,0.74167
-43.75,-44.75,0.999441
-43.25,-44.75,1.31904
-42.75,-44.75,1.69791
-42.25,-44.75,2.12276
-41.75,-44.75,2.56987
-41.25,-44.75,3.00624
-40.75,-44.75,3.39312
-40.25,-44.75,3.69158
-39.75,-44.75,3.86898
-39.25,-44.75,3.90504
-38.75,-44.75,3.79569
-38.25,-44.75,3.55401
-37.75,-44.75,3.20767
-37.25,-44.75,2.79385
-36.75,-44.75,2.35272
-36.25,-44.75,1.92127
-35.75,-44.75,1.52854
-35.25,-44.75,1.1933
-34.75,-44.75,0.924044
-34.25,-44.75,0.720804
-33.75,-44.75,0.578008
-33.25,-44.75,0.487529
-32.75,-44.75,0.44115
-32.25,-44.75,0.432211
-31.75,-44.75,0.456157
-31.25,-44.75,0.510239
-30.75,-44.75,0.592575
-30.25,-44.75,0.700942
-29.75,-44.75,0.831686
-29.25,-44.75,0.979005
-28.75,-44.75,1.13485
-28.25,-44.75,1.28948
-27.75,-44.75,1.43258
-27.25,-44.75,1.55467
-26.75,-44.75,1.6486
-26.25,-44.75,1.71058
-25.75,-44.75,1.7408
-25.25,-44.75,1.74331
-24.75,-44.75,1.7253
-24.25,-44.75,1.69607
-23.75,-44.75,1.66577
-23.25,-44.75,1.64441
-22.75,-44.75,1.64112
-22.25,-44.75,1.66372
-21.75,-44.75,1.7185
-21.25,-44.75,1.81013
-20.75,-44.75,1.94139
-20.25,-44.75,2.11269
-19.75,-44.75,2.32165
-19.25,-44.75,2.56256
-18.75,-44.75,2.82627
-18.25,-44.75,3.1006
-17.75,-44.75,3.37127
-17.25,-44.75,3.62343
-16.75,-44.75,3.84338
-16.25,-44.75,4.02017
-15.75,-44.75,4.14685
-15.25,-44.75,4.22104
-14.75,-44.75,4.24496
-14.25,-44.75,4.22494
-13.75,-44.75,4.17069
-13.25,-44.75,4.09455
-12.75,-44.75,4.01071
-12.25,-44.75,3.93434
-11.75,-44.75,3.88067
-11.25,-44.75,3.86363
-10.75,-44.75,3.89415
-10.25,-44.75,3.97834
-9.75,-44.75,4.11573
-9.25,-44.75,4.29814
-8.75,-44.75,4.50976
-8.25,-44.75,4.72866
-7.75,-44.75,4.92975
-7.25,-44.75,5.08872
-6.75,-44.75,5.18619
-6.25,-44.75,5.21107
-5.75,-44.75,5.16227
-5.25,-44.75,5.04845
-4.75,-44.75,4.88584
-4.25,-44.75,4.69482
-3.75,-44.75,4.49632
-3.25,-44.75,4.30866
-2.75,-44.75,4.14566
-2.25,-44.75,4.01605
-1.75,-44.75,3.92384
-1.25,-44.75,3.8692
-0.75,-44.75,3.84938
-0.25,-44.75,3.85933
0.25,-44.75,3.89209
0.75,-44.75,3.93902
1.25,-44.75,3.99021
1.75,-44.75,4.03513
2.25,-44.75,4.06373
2.75,-44.75,4.06775
3.25,-44.75,4.04199
3.75,-44.75,3.98534
4.25,-44.75,3.90118
4.75,-44.75,3.79718
5.25,-44.75,3.68433
5.75,-44.75,3.57549
6.25,-44.75,3.48372
6.75,-44.75,3.42058
7.25,-44.75,3.39491
7.75,-44.75,3.41195
8.25,-44.75,3.47322
8.75,-44.75,3.57692
9.25,-44.75,3.71876
9.75,-44.75,3.893
10.25,-44.75,4.09359
10.75,-44.75,4.31508
11.25,-44.75,4.55323
11.75,-44.75,4.80515
12.25,-44.75,5.06906
12.75,-44.75,5.34359
13.25,-44.75,5.62706
13.75,-44.75,5.91662
14.25,-44.75,6.20758
14.75,-44.75,6.49323
15.25,-44.75,6.7652
15.75,-44.75,7.01429
16.25,-44.75,7.23169
16.75,-44.75,7.41033
17.25,-44.75,7.54603
17.75,-44.75,7.63831
18.25,-44.75,7.69046
18.75,-44.75,7.70905
19.25,-44.75,7.70295
19.75,-44.75,7.68215
20.25,-44.75,7.65659
20.75,-44.75,7.63533
21.25,-44.75,7.62598
21.75,-44.75,7.63445
22.25,-44.75,7.66484
22.75,-44.75,7.71917
23.25,-44.75,7.79714
23.75,-44.75,7.89562
24.25,-44.75,8.00821
24.75,-44.75,8.12506
25.25,-44.75,8.2331
25.75,-44.75,8.31675
26.25,-44.75,8.35919
26.75,-44.75,8.34393
27.25,-44.75,8.2566
27.75,-44.75,8.08676
28.25,-44.75,7.82937
28.75,-44.75,7.48599
29.25,-44.75,7.06506
29.75,-44.75,6.58129
30.25,-44.75,6.05405
30.75,-44.75,5.50503
31.25,-44.75,4.95562
31.75,-44.75,4.42462
32.25,-44.75,3.92665
32.75,-44.75,3.47163
33.25,-44.75,3.06519
33.75,-44.75,2.70951
34.25,-44.75,2.40459
34.75,-44.75,2.14898
35.25,-44.75,1.94038
35.75,-44.75,1.77574
36.25,-44.75,1.65119
36.75,-44.75,1.56189
37.25,-44.75,1.50185
37.75,-44.75,1.46381
38.25,-44.75,1.43936
38.75,-44.75,1.41934
39.25,-44.75,1.39468
39.75,-44.75,1.3576
40.25,-44.75,1.30298
40.75,-44.75,1.22958
41.25,-44.75,1.14072
41.75,-44.75,1.04409
42.25,-44.75,0.950733
42.75,-44.75,0.873209
43.25,-44.75,0.82348
43.75,-44.75,0.810709
44.25,-44.75,0.839498
44.75,-44.75,0.908896
-44.75,-44.25,0.631856
-44.25,-44.25,0.826348
-43.75,-44.25,1.07242
-43.25,-44.25,1.37427
-42.75,-44.25,1.72932
-42.25,-44.25,2.12503
-41.75,-44.25,2.53958
-41.25,-44.25,2.94289
-40.75,-44.25,3.29984
-40.25,-44.25,3.57521
-39.75,-44.25,3.73944
-39.25,-44.25,3.774
-38.75,-44.25,3.6749
-38.25,-44.25,3.4535
-37.75,-44.25,3.13435
-37.25,-44.25,2.75069
-36.75,-44.25,2.33884
-36.25,-44.25,1.93258
-35.75,-44.25,1.559
-35.25,-44.25,1.23613
-34.75,-44.25,0.972874
-34.25,-44.25,0.770339
-33.75,-44.25,0.624287
-33.25,-44.25,0.527794
-32.75,-44.25,0.473499
-32.25,-44.25,0.455181
-31.75,-44.25,0.468404
-31.25,-44.25,0.51038
-30.75,-44.25,0.579238
-30.25,-44.25,0.672994
-29.75,-44.25,0.788578
-29.25,-44.25,0.921147
-28.75,-44.25,1.06392
-28.25,-44.25,1.20859
-27.75,-44.25,1.34618
-27.25,-44.25,1.46829
-26.75,-44.25,1.5683
-26.25,-44.25,1.64235
-25.75,-44.25,1.68988
-25.25,-44.25,1.71364
-24.75,-44.25,1.71919
-24.25,-44.25,1.71405
-23.75,-44.25,1.70675
-23.25,-44.25,1.70595
-22.75,-44.25,1.71975
-22.25,-44.25,1.75532
-21.75,-44.25,1.8186
-21.25,-44.25,1.91417
-20.75,-44.25,2.04494
-20.25,-44.25,2.21182
-19.75,-44.25,2.41326
-19.25,-44.25,2.64479
-18.75,-44.25,2.89893
-18.25,-44.25,3.16528
-17.75,-44.25,3.43134
-17.25,-44.25,3.68367
-16.75,-44.25,3.90937
-16.25,-44.25,4.09767
-15.75,-44.25,4.24117
-15.25,-44.25,4.33671
-14.75,-44.25,4.3856
-14.25,-44.25,4.39343
-13.75,-44.25,4.36943
-13.25,-44.25,4.32573
-12.75,-44.25,4.27644
-12.25,-44.25,4.23657
-11.75,-44.25,4.22096
-11.25,-44.25,4.24275
-10.75,-44.25,4.31171
-10.25,-44.25,4.43237
-9.75,-44.25,4.60251
-9.25,-44.25,4.81213
-8.75,-44.25,5.04381
-8.25,-44.25,5.27441
-7.75,-44.25,5.47827
-7.25,-44.25,5.63131
-6.75,-44.25,5.71522
-6.25,-44.25,5.7207
-5.75,-44.25,5.64907
-5.25,-44.25,5.5117
-4.75,-44.25,5.32752
-4.25,-44.25,5.11938
-3.75,-44.25,4.91008
-3.25,-44.25,4.71919
-2.75,-44.25,4.56105
-2.25,-44.25,4.44419
-1.75,-44.25,4.37181
-1.25,-44.25,4.34285
-0.75,-44.25,4.35299
-0.25,-44.25,4.39555
0.25,-44.25,4.46202
0.75,-44.25,4.54244
1.25,-44.25,4.6259
1.75,-44.25,4.70126
2.25,-44.25,4.75816
2.75,-44.25,4.7882
3.25,-44.25,4.78612
3.75,-44.25,4.75063
4.25,-44.25,4.68476
4.75,-44.25,4.59565
5.25,-44.25,4.49373
5.75,-44.25,4.39144
6.25,-44.25,4.30177
6.75,-44.25,4.23672
7.25,-44.25,4.20607
7.75,-44.25,4.21648
8.25,-44.25,4.27118
8.75,-44.25,4.37012
9.25,-44.25,4.51063
9.75,-44.25,4.6882
10.25,-44.25,4.89749
10.75,-44.25,5.13317
11.25,-44.25,5.39041
11.75,-44.25,5.66509
12.25,-44.25,5.95363
12.75,-44.25,6.25252
13.25,-44.25,6.55791
13.75,-44.25,6.86513
14.25,-44.25,7.16834
14.75,-44.25,7.46063
15.25,-44.25,7.7343
15.75,-44.25,7.98151
16.25,-44.25,8.19509
16.75,-44.25,8.3694
17.25,-44.25,8.5011
17.75,-44.25,8.58977
18.25,-44.25,8.63799
18.75,-44.25,8.65109
19.25,-44.25,8.63654
19.75,-44.25,8.60303
20.25,-44.25,8.55961
20.75,-44.25,8.51478
21.25,-44.25,8.47588
21.75,-44.25,8.44863
22.25,-44.25,8.43675
22.75,-44.25,8.44168
23.25,-44.25,8.46231
23.75,-44.25,8.49461
24.25,-44.25,8.53153
24.75,-44.25,8.56303
25.25,-44.25,8.57657
25.75,-44.25,8.55801
26.25,-44.25,8.49292
26.75,-44.25,8.36804
27.25,-44.25,8.17286
27.75,-44.25,7.90102
28.25,-44.25,7.55142
28.75,-44.25,7.12891
29.25,-44.25,6.64432
29.75,-44.25,6.11362
30.25,-44.25,5.55639
30.75,-44.25,4.99366
31.25,-44.25,4.44557
31.75,-44.25,3.92925
32.25,-44.25,3.45748
32.75,-44.25,3.03812
33.25,-44.25,2.67451
33.75,-44.25,2.36641
34.25,-44.25,2.11126
34.75,-44.25,1.90515
35.25,-44.25,1.74365
35.75,-44.25,1.6221
36.25,-44.25,1.53561
36.75,-44.25,1.47889
37.25,-44.25,1.44593
37.75,-44.25,1.4298
38.25,-44.25,1.42263
38.75,-44.25,1.4159
39.25,-44.25,1.40123
39.75,-44.25,1.3715
40.25,-44.25,1.32218
40.75,-44.25,1.25245
41.25,-44.25,1.16585
41.75,-44.25,1.07014
42.25,-44.25,0.976295
42.75,-44.25,0.896768
43.25,-44.25,0.843457
43.75,-44.25,0.825568
44.25,-44.25,0.847874
44.75,-44.25,0.909734
-44.75,-43.75,0.76513
-44.25,-43.75,0.948343
-43.75,-43.75,1.17578
-43.25,-43.75,1.45145
-42.75,-43.75,1.77337
-42.25,-43.75,2.13058
-41.75,-43.75,2.50429
-41.25,-43.75,2.86863
-40.75,-43.75,3.19319
-40.25,-43.75,3.44711
-39.75,-43.75,3.60393
-39.25,-43.75,3.64622
-38.75,-43.75,3.56875
-38.25,-43.75,3.37954
-37.75,-43.75,3.09836
-37.25,-43.75,2.75321
-36.75,-43.75,2.37567
-36.25,-43.75,1.99617
-35.75,-43.75,1.64014
-35.25,-43.75,1.32565
-34.75,-43.75,1.06292
-34.25,-43.75,0.85505
-33.75,-43.75,0.699924
-33.25,-43.75,0.592393
-32.75,-43.75,0.526315
-32.25,-43.75,0.496097
-31.75,-43.75,0.497494
-31.25,-43.75,0.527686
-30.75,-43.75,0.584779
-30.25,-43.75,0.666975
-29.75,-43.75,0.771711
-29.25,-43.75,0.894989
-28.75,-43.75,1.03115
-28.25,-43.75,1.1731
-27.75,-43.75,1.31302
-27.25,-43.75,1.44332
-26.75,-43.75,1.55765
-26.25,-43.75,1.65179
-25.75,-43.75,1.72416
-25.25,-43.75,1.77591
-24.75,-43.75,1.81064
-24.25,-43.75,1.83379
-23.75,-43.75,1.85196
-23.25,-43.75,1.87223
-22.75,-43.75,1.90163
-22.25,-43.75,1.9467
-21.75,-43.75,2.01325
-21.25,-43.75,2.10605
-20.75,-43.75,2.22849
-20.25,-43.75,2.38225
-19.75,-43.75,2.56679
-19.25,-43.75,2.77907
-18.75,-43.75,3.01329
-18.25,-43.75,3.26107
-17.75,-43.75,3.51197
-17.25,-43.75,3.75441
-16.75,-43.75,3.97698
-16.25,-43.75,4.16969
-15.75,-43.75,4.32534
-15.25,-43.75,4.44039
-14.75,-43.75,4.51542
-14.25,-43.75,4.55511
-13.75,-43.75,4.56778
-13.25,-43.75,4.56462
-12.75,-43.75,4.55873
-12.25,-43.75,4.56392
-11.75,-43.75,4.59344
-11.25,-43.75,4.6586
-10.75,-43.75,4.76707
-10.25,-43.75,4.92134
-9.75,-43.75,5.11742
-9.25,-43.75,5.34416
-8.75,-43.75,5.58375
-8.25,-43.75,5.81357
-7.75,-43.75,6.00929
-7.25,-43.75,6.1488
-6.75,-43.75,6.21607
-6.25,-43.75,6.20421
-5.75,-43.75,6.11674
-5.25,-43.75,5.96688
-4.75,-43.75,5.77503
-4.25,-43.75,5.56512
-3.75,-43.75,5.36071
-3.25,-43.75,5.18181
-2.75,-43.75,5.04291
-2.25,-43.75,4.95241
-1.75,-43.75,4.91297
-1.25,-43.75,4.92264
-0.75,-43.75,4.97586
-0.25,-43.75,5.0645
0.25,-43.75,5.1785
0.75,-43.75,5.30648
1.25,-43.75,5.43631
1.75,-43.75,5.55594
2.25,-43.75,5.65435
2.75,-43.75,5.72262
3.25,-43.75,5.75495
3.75,-43.75,5.74935
4.25,-43.75,5.70796
4.75,-43.75,5.63693
5.25,-43.75,5.54576
5.75,-43.75,5.44633
6.25,-43.75,5.35165
6.75,-43.75,5.27451
7.25,-43.75,5.22623
7.75,-43.75,5.21573
8.25,-43.75,5.24886
8.75,-43.75,5.32833
9.25,-43.75,5.45406
9.75,-43.75,5.62368
10.25,-43.75,5.8334
10.75,-43.75,6.0786
11.25,-43.75,6.35432
11.75,-43.75,6.65538
12.25,-43.75,6.97628
12.75,-43.75,7.31097
13.25,-43.75,7.65266
13.75,-43.75,7.99382
14.25,-43.75,8.32629
14.75,-43.75,8.64163
15.25,-43.75,8.93162
15.75,-43.75,9.18881
16.25,-43.75,9.40703
16.75,-43.75,9.58184
17.25,-43.75,9.71089
17.75,-43.75,9.7942
18.25,-43.75,9.83415
18.75,-43.75,9.83532
19.25,-43.75,9.80403
19.75,-43.75,9.74782
20.25,-43.75,9.67473
20.75,-43.75,9.59255
21.25,-43.75,9.50829
21.75,-43.75,9.42751
22.25,-43.75,9.35391
22.75,-43.75,9.28897
23.25,-43.75,9.23158
23.75,-43.75,9.17792
24.25,-43.75,9.12134
24.75,-43.75,9.05269
25.25,-43.75,8.96089
25.75,-43.75,8.83391
26.25,-43.75,8.66002
26.75,-43.75,8.42912
27.25,-43.75,8.13405
27.75,-43.75,7.7717
28.25,-43.75,7.3438
28.75,-43.75,6.85727
29.25,-43.75,6.32406
29.75,-43.75,5.76029
30.25,-43.75,5.18483
30.75,-43.75,4.6174
31.25,-43.75,4.07649
31.75,-43.75,3.57753
32.25,-43.75,3.13154
32.75,-43.75,2.74464
33.25,-43.75,2.41831
33.75,-43.75,2.1503
34.25,-43.75,1.93588
34.75,-43.75,1.76903
35.25,-43.75,1.64338
35.75,-43.75,1.55273
36.25,-43.75,1.49121
36.75,-43.75,1.45309
37.25,-43.75,1.43254
37.75,-43.75,1.42333
38.25,-43.75,1.41872
38.75,-43.75,1.41167
39.25,-43.75,1.3954
39.75,-43.75,1.36432
40.25,-43.75,1.31506
40.75,-43.75,1.24732
41.25,-43.75,1.16448
41.75,-43.75,1.0734
42.25,-43.75,0.983696
42.75,-43.75,0.90629
43.25,-43.75,0.851685
43.75,-43.75,0.828139
44.25,-43.75,0.840077
44.75,-43.75,0.887199
-44.75,-43.25,0.957279
-44.25,-43.25,1.1228
-43.75,-43.25,1.32358
-43.25,-43.25,1.56432
-42.75,-43.25,1.84453
-42.25,-43.25,2.15575
-41.75,-43.25,2.48322
-41.25,-43.25,2.80609
-40.75,-43.25,3.09921
-40.25,-43.25,3.33613
-39.75,-43.25,3.49297
-39.25,-43.25,3.5524
-38.75,-43.25,3.50664
-38.25,-43.25,3.35896
-37.75,-43.25,3.12308
-37.25,-43.25,2.82093
-36.75,-43.25,2.47903
-36.25,-43.25,2.12459
-35.75,-43.25,1.78197
-35.25,-43.25,1.4701
-34.75,-43.25,1.20137
-34.25,-43.25,0.981742
-33.75,-43.25,0.811879
-33.25,-43.25,0.688924
-32.75,-43.25,0.608297
-32.25,-43.25,0.565262
-31.75,-43.25,0.555886
-31.25,-43.25,0.577366
-30.75,-43.25,0.627761
-30.25,-43.25,0.705337
-29.75,-43.25,0.807804
-29.25,-43.25,0.931666
-28.75,-43.25,1.07192
-28.25,-43.25,1.2222
-27.75,-43.25,1.37526
-27.25,-43.25,1.52382
-26.75,-43.25,1.6614
-26.25,-43.25,1.78308
-25.75,-43.25,1.88601
-25.25,-43.25,1.96957
-24.75,-43.25,2.03527
-24.25,-43.25,2.08639
-23.75,-43.25,2.12753
-23.25,-43.25,2.16426
-22.75,-43.25,2.2027
-22.25,-43.25,2.24916
-21.75,-43.25,2.3098
-21.25,-43.25,2.39018
-20.75,-43.25,2.49476
-20.25,-43.25,2.62635
-19.75,-43.25,2.78564
-19.25,-43.25,2.97089
-18.75,-43.25,3.17778
-18.25,-43.25,3.39961
-17.75,-43.25,3.62782
-17.25,-43.25,3.85279
-16.75,-43.25,4.06485
-16.25,-43.25,4.2554
-15.75,-43.25,4.418
-15.25,-43.25,4.54922
-14.75,-43.25,4.64914
-14.25,-43.25,4.72145
-13.75,-43.25,4.77309
-13.25,-43.25,4.81362
-12.75,-43.25,4.85423
-12.25,-43.25,4.90656
-11.75,-43.25,4.98156
-11.25,-43.25,5.08803
-10.75,-43.25,5.23127
-10.25,-43.25,5.41183
-9.75,-43.25,5.62446
-9.25,-43.25,5.85781
-8.75,-43.25,6.09503
-8.25,-43.25,6.31551
-7.75,-43.25,6.49776
-7.25,-43.25,6.6228
-6.75,-43.25,6.67766
-6.25,-43.25,6.65787
-5.75,-43.25,6.56858
-5.25,-43.25,6.4238
-4.75,-43.25,6.24405
-4.25,-43.25,6.05296
-3.75,-43.25,5.8737
-3.25,-43.25,5.72601
-2.75,-43.25,5.62424
-2.25,-43.25,5.5767
-1.75,-43.25,5.58588
-1.25,-43.25,5.64935
-0.75,-43.25,5.76076
-0.25,-43.25,5.9108
0.25,-43.25,6.08806
0.75,-43.25,6.27972
1.25,-43.25,6.47234
1.75,-43.25,6.65271
2.25,-43.25,6.80878
2.75,-43.25,6.93063
3.25,-43.25,7.01131
3.75,-43.25,7.04749
4.25,-43.25,7.03973
4.75,-43.25,6.99258
5.25,-43.25,6.91416
5.75,-43.25,6.81555
6.25,-43.25,6.70982
6.75,-43.25,6.61092
7.25,-43.25,6.53243
7.75,-43.25,6.48634
8.25,-43.25,6.48219
8.75,-43.25,6.52654
9.25,-43.25,6.62289
9.75,-43.25,6.77192
10.25,-43.25,6.97204
10.75,-43.25,7.21983
11.25,-43.25,7.51045
11.75,-43.25,7.83768
12.25,-43.25,8.19394
12.75,-43.25,8.5702
13.25,-43.25,8.95624
13.75,-43.25,9.34097
14.25,-43.25,9.71311
14.75,-43.25,10.0619
15.25,-43.25,10.3778
15.75,-43.25,10.6532
16.25,-43.25,10.8823
16.75,-43.25,11.0616
17.25,-43.25,11.1895
17.75,-43.25,11.2665
18.25,-43.25,11.2949
18.75,-43.25,11.2785
19.25,-43.25,11.2226
19.75,-43.25,11.1334
20.25,-43.25,11.0178
20.75,-43.25,10.8831
21.25,-43.25,10.736
21.75,-43.25,10.5822
22.25,-43.25,10.426
22.75,-43.25,10.2699
23.25,-43.25,10.1138
23.75,-43.25,9.95521
24.25,-43.25,9.78913
24.75,-43.25,9.60831
25.25,-43.25,9.4039
25.75,-43.25,9.16638
26.25,-43.25,8.88669
26.75,-43.25,8.55745
27.25,-43.25,8.17404
27.75,-43.25,7.73549
28.25,-43.25,7.24512
28.75,-43.25,6.71067
29.25,-43.25,6.14409
29.75,-43.25,5.56075
30.25,-43.25,4.9781
30.75,-43.25,4.41414
31.25,-43.25,3.8855
31.75,-43.25,3.40582
32.25,-43.25,2.98455
32.75,-43.25,2.62632
33.25,-43.25,2.33114
33.75,-43.25,2.09513
34.25,-43.25,1.91181
34.75,-43.25,1.77331
35.25,-43.25,1.67152
35.75,-43.25,1.59883
36.25,-43.25,1.54847
36.75,-43.25,1.51449
37.25,-43.25,1.49152
37.75,-43.25,1.47449
38.25,-43.25,1.45842
38.75,-43.25,1.43842
39.25,-43.25,1.41003
39.75,-43.25,1.3697
40.25,-43.25,1.31546
40.75,-43.25,1.24749
41.25,-43.25,1.1685
41.75,-43.25,1.0837
42.25,-43.25,1.00033
42.75,-43.25,0.926667
43.25,-43.25,0.870822
43.75,-43.25,0.839361
44.25,-43.25,0.835979
44.75,-43.25,0.860749
-44.75,-42.75,1.21684
-44.25,-42.75,1.35548
-43.75,-42.75,1.5193
-43.25,-42.75,1.71518
-42.75,-42.75,1.94544
-42.25,-42.75,2.20512
-41.75,-42.75,2.48407
-41.25,-42.75,2.76669
-40.75,-42.75,3.03279
-40.25,-42.75,3.2596
-39.75,-42.75,3.42481
-39.25,-42.75,3.51
-38.75,-42.75,3.50372
-38.25,-42.75,3.40353
-37.75,-42.75,3.21659
-37.25,-42.75,2.95852
-36.75,-42.75,2.65097
-36.25,-42.75,2.3184
-35.75,-42.75,1.98468
-35.25,-42.75,1.67027
-34.75,-42.75,1.39037
-34.25,-42.75,1.15434
-33.75,-42.75,0.966076
-33.25,-42.75,0.825363
-32.75,-42.75,0.729473
-32.25,-42.75,0.674756
-31.75,-42.75,0.657781
-31.25,-42.75,0.67588
-30.75,-42.75,0.727084
-30.25,-42.75,0.809599
-29.75,-42.75,0.921104
-29.25,-42.75,1.05811
-28.75,-42.75,1.21562
-28.25,-42.75,1.38722
-27.75,-42.75,1.56551
-27.25,-42.75,1.7428
-26.75,-42.75,1.91194
-26.25,-42.75,2.06697
-25.75,-42.75,2.20362
-25.25,-42.75,2.31949
-24.75,-42.75,2.41409
-24.25,-42.75,2.48871
-23.75,-42.75,2.54624
-23.25,-42.75,2.59099
-22.75,-42.75,2.62859
-22.25,-42.75,2.6656
-21.75,-42.75,2.70914
-21.25,-42.75,2.76619
-20.75,-42.75,2.84281
-20.25,-42.75,2.94339
-19.75,-42.75,3.06999
-19.25,-42.75,3.22204
-18.75,-42.75,3.39636
-18.25,-42.75,3.5875
-17.75,-42.75,3.78839
-17.25,-42.75,3.9911
-16.75,-42.75,4.18773
-16.25,-42.75,4.37122
-15.75,-42.75,4.53623
-15.25,-42.75,4.6797
-14.75,-42.75,4.8013
-14.25,-42.75,4.90358
-13.75,-42.75,4.99177
-13.25,-42.75,5.07326
-12.75,-42.75,5.15682
-12.25,-42.75,5.25157
-11.75,-42.75,5.36588
-11.25,-42.75,5.50617
-10.75,-42.75,5.67573
-10.25,-42.75,5.87376
-9.75,-42.75,6.09462
-9.25,-42.75,6.32773
-8.75,-42.75,6.55821
-8.25,-42.75,6.76846
-7.75,-42.75,6.94057
-7.25,-42.75,7.05923
-6.75,-42.75,7.11452
-6.25,-42.75,7.10407
-5.75,-42.75,7.03386
-5.25,-42.75,6.91762
-4.75,-42.75,6.77477
-4.25,-42.75,6.62751
-3.75,-42.75,6.49771
-3.25,-42.75,6.40422
-2.75,-42.75,6.361
-2.25,-42.75,6.37632
-1.75,-42.75,6.45275
-1.25,-42.75,6.58779
-0.75,-42.75,6.77464
-0.25,-42.75,7.00321
0.25,-42.75,7.26095
0.75,-42.75,7.53379
1.25,-42.75,7.80695
1.75,-42.75,8.06594
2.25,-42.75,8.29738
2.75,-42.75,8.48991
3.25,-42.75,8.63485
3.75,-42.75,8.7268
4.25,-42.75,8.76406
4.75,-42.75,8.74886
5.25,-42.75,8.68739
5.75,-42.75,8.58962
6.25,-42.75,8.46869
6.75,-42.75,8.33999
7.25,-42.75,8.21991
7.75,-42.75,8.12444
8.25,-42.75,8.0678
8.75,-42.75,8.06141
9.25,-42.75,8.11335
9.75,-42.75,8.22814
10.25,-42.75,8.40694
10.75,-42.75,8.64784
11.25,-42.75,8.94618
11.75,-42.75,9.29464
12.25,-42.75,9.68333
12.75,-42.75,10.1001
13.25,-42.75,10.5309
13.75,-42.75,10.9611
14.25,-42.75,11.3758
14.75,-42.75,11.7619
15.25,-42.75,12.1081
15.75,-42.75,12.4062
16.25,-42.75,12.6505
16.75,-42.75,12.8378
17.25,-42.75,12.9671
17.75,-42.75,13.0386
18.25,-42.75,13.0542
18.75,-42.75,13.0164
19.25,-42.75,12.9291
19.75,-42.75,12.7972
20.25,-42.75,12.6262
20.75,-42.75,12.4229
21.25,-42.75,12.1941
21.75,-42.75,11.9463
22.25,-42.75,11.6855
22.75,-42.75,11.4161
23.25,-42.75,11.1403
23.75,-42.75,10.8584
24.25,-42.75,10.5681
24.75,-42.75,10.2649
25.25,-42.75,9.9427
25.75,-42.75,9.59466
26.25,-42.75,9.21404
26.75,-42.75,8.79539
27.25,-42.75,8.33556
27.75,-42.75,7.83451
28.25,-42.75,7.29583
28.75,-42.75,6.72699
29.25,-42.75,6.13905
29.75,-42.75,5.54598
30.25,-42.75,4.96352
30.75,-42.75,4.40776
31.25,-42.75,3.89351
31.75,-42.75,3.43278
32.25,-42.75,3.03361
32.75,-42.75,2.69943
33.25,-42.75,2.42904
33.75,-42.75,2.21725
34.25,-42.75,2.05611
34.75,-42.75,1.93613
35.25,-42.75,1.84763
35.75,-42.75,1.78176
36.25,-42.75,1.73101
36.75,-42.75,1.68945
37.25,-42.75,1.65253
37.75,-42.75,1.61673
38.25,-42.75,1.57923
38.75,-42.75,1.53761
39.25,-42.75,1.48989
39.75,-42.75,1.43456
40.25,-42.75,1.3709
40.75,-42.75,1.29929
41.25,-42.75,1.22145
41.75,-42.75,1.14053
42.25,-42.75,1.06094
42.75,-42.75,0.987893
43.25,-42.75,0.926724
43.75,-42.75,0.882019
44.25,-42.75,0.856609
44.75,-42.75,0.851005
-44.75,-42.25,1.53288
-44.25,-42.25,1.6338
-43.75,-42.25,1.74982
-43.25,-42.25,1.89189
-42.75,-42.25,2.06651
-42.25,-42.25,2.2729
-41.75,-42.25,2.50557
-41.25,-42.25,2.75348
-40.75,-42.25,3.00024
-40.25,-42.25,3.22538
-39.75,-42.25,3.40683
-39.25,-42.25,3.52403
-38.75,-42.25,3.56126
-38.25,-42.25,3.51033
-37.75,-42.25,3.37208
-37.25,-42.25,3.15639
-36.75,-42.25,2.88061
-36.25,-42.25,2.56701
-35.75,-42.25,2.23944
-35.25,-42.25,1.92014
-34.75,-42.25,1.62734
-34.25,-42.25,1.37389
-33.75,-42.25,1.16706
-33.25,-42.25,1.00943
-32.75,-42.25,0.900328
-32.25,-42.25,0.837435
-31.75,-42.25,0.818064
-31.25,-42.25,0.839875
-30.75,-42.25,0.900943
-30.25,-42.25,0.999302
-29.75,-42.25,1.13226
-29.25,-42.25,1.29576
-28.75,-42.25,1.48403
-28.25,-42.25,1.68974
-27.75,-42.25,1.9044
-27.25,-42.25,2.11919
-26.75,-42.25,2.32573
-26.25,-42.25,2.51675
-25.75,-42.25,2.68654
-25.25,-42.25,2.83118
-24.75,-42.25,2.94863
-24.25,-42.25,3.03868
-23.75,-42.25,3.10304
-23.25,-42.25,3.14536
-22.75,-42.25,3.17122
-22.25,-42.25,3.18795
-21.75,-42.25,3.20402
-21.25,-42.25,3.22823
-20.75,-42.25,3.26857
-20.25,-42.25,3.33118
-19.75,-42.25,3.41959
-19.25,-42.25,3.53431
-18.75,-42.25,3.67306
-18.25,-42.25,3.83129
-17.75,-42.25,4.00297
-17.25,-42.25,4.18151
-16.75,-42.25,4.36044
-16.25,-42.25,4.53407
-15.75,-42.25,4.69799
-15.25,-42.25,4.84943
-14.75,-42.25,4.98756
-14.25,-42.25,5.1137
-13.75,-42.25,5.23124
-13.25,-42.25,5.34536
-12.75,-42.25,5.46249
-12.25,-42.25,5.58945
-11.75,-42.25,5.73257
-11.25,-42.25,5.89656
-10.75,-42.25,6.08354
-10.25,-42.25,6.29225
-9.75,-42.25,6.51752
-9.25,-42.25,6.75024
-8.75,-42.25,6.97803
-8.25,-42.25,7.18655
-7.75,-42.25,7.36154
-7.25,-42.25,7.49107
-6.75,-42.25,7.56787
-6.25,-42.25,7.59099
-5.75,-42.25,7.56648
-5.25,-42.25,7.50692
-4.75,-42.25,7.42977
-4.25,-42.25,7.35505
-3.75,-42.25,7.30267
-3.25,-42.25,7.29014
-2.75,-42.25,7.33076
-2.25,-42.25,7.43266
-1.75,-42.25,7.59857
-1.25,-42.25,7.82605
-0.75,-42.25,8.10812
-0.25,-42.25,8.43414
0.25,-42.25,8.79072
0.75,-42.25,9.16273
1.25,-42.25,9.53424
1.75,-42.25,9.88949
2.25,-42.25,10.2137
2.75,-42.25,10.4937
3.25,-42.25,10.7188
3.75,-42.25,10.8808
4.25,-42.25,10.9752
4.75,-42.25,11.0012
5.25,-42.25,10.9627
5.75,-42.25,10.8679
6.25,-42.25,10.7301
6.75,-42.25,10.5662
7.25,-42.25,10.3957
7.75,-42.25,10.2395
8.25,-42.25,10.1171
8.75,-42.25,10.0457
9.25,-42.25,10.039
9.75,-42.25,10.1058
10.25,-42.25,10.2505
10.75,-42.25,10.473
11.25,-42.25,10.7686
11.75,-42.25,11.1289
12.25,-42.25,11.5417
12.75,-42.25,11.9914
13.25,-42.25,12.4606
13.75,-42.25,12.9309
14.25,-42.25,13.3845
14.75,-42.25,13.8057
15.25,-42.25,14.1819
15.75,-42.25,14.5039
16.25,-42.25,14.7659
16.75,-42.25,14.9645
17.25,-42.25,15.098
17.75,-42.25,15.1662
18.25,-42.25,15.1691
18.75,-42.25,15.1075
19.25,-42.25,14.9832
19.75,-42.25,14.799
20.25,-42.25,14.5594
20.75,-42.25,14.2705
21.25,-42.25,13.9399
21.75,-42.25,13.5758
22.25,-42.25,13.1868
22.75,-42.25,12.7807
23.25,-42.25,12.3637
23.75,-42.25,11.9396
24.25,-42.25,11.5102
24.75,-42.25,11.0746
25.25,-42.25,10.6296
25.75,-42.25,10.1708
26.25,-42.25,9.69325
26.75,-42.25,9.19256
27.25,-42.25,8.66585
27.75,-42.25,8.11272
28.25,-42.25,7.5359
28.75,-42.25,6.94158
29.25,-42.25,6.33922
29.75,-42.25,5.74104
30.25,-42.25,5.16099
30.75,-42.25,4.6134
31.25,-42.25,4.1115
31.75,-42.25,3.66598
32.25,-42.25,3.28375
32.75,-42.25,2.96728
33.25,-42.25,2.71445
33.75,-42.25,2.51902
34.25,-42.25,2.3718
34.75,-42.25,2.26191
35.25,-42.25,2.17837
35.75,-42.25,2.11125
36.25,-42.25,2.05256
36.75,-42.25,1.99658
37.25,-42.25,1.93972
37.75,-42.25,1.88012
38.25,-42.25,1.81703
38.75,-42.25,1.75028
39.25,-42.25,1.67992
39.75,-42.25,1.60602
40.25,-42.25,1.52866
40.75,-42.25,1.44812
41.25,-42.25,1.36501
41.75,-42.25,1.28052
42.25,-42.25,1.1965
42.75,-42.25,1.11542
43.25,-42.25,1.04015
43.75,-42.25,0.973559
44.25,-42.25,0.917784
44.75,-42.25,0.87391
-44.75,-41.75,1.87194
-44.25,-41.75,1.92749
-43.75,-41.75,1.98944
-43.25,-41.75,2.07428
-42.75,-41.75,2.19354
-42.25,-41.75,2.35062
-41.75,-41.75,2.54398
-41.25,-41.75,2.76584
-40.75,-41.75,3.00201
-40.25,-41.75,3.2328
-39.75,-41.75,3.4353
-39.25,-41.75,3.58643
-38.75,-41.75,3.66647
-38.25,-41.75,3.66227
-37.75,-41.75,3.56941
-37.25,-41.75,3.39303
-36.75,-41.75,3.14702
-36.25,-41.75,2.8518
-35.75,-41.75,2.53124
-35.25,-41.75,2.20915
-34.75,-41.75,1.90645
-34.25,-41.75,1.63918
-33.75,-41.75,1.41782
-33.25,-41.75,1.24775
-32.75,-41.75,1.1305
-32.25,-41.75,1.06535
-31.75,-41.75,1.05067
-31.25,-41.75,1.08467
-30.75,-41.75,1.16556
-30.25,-41.75,1.29108
-29.75,-41.75,1.45777
-29.25,-41.75,1.66034
-28.75,-41.75,1.8914
-28.25,-41.75,2.14174
-27.75,-41.75,2.40091
-27.25,-41.75,2.65823
-26.75,-41.75,2.90364
-26.25,-41.75,3.12849
-25.75,-41.75,3.32594
-25.25,-41.75,3.49113
-24.75,-41.75,3.62125
-24.25,-41.75,3.71552
-23.75,-41.75,3.77534
-23.25,-41.75,3.80441
-22.75,-41.75,3.80886
-22.25,-41.75,3.79703
-21.75,-41.75,3.7789
-21.25,-41.75,3.76501
-20.75,-41.75,3.76519
-20.25,-41.75,3.7872
-19.75,-41.75,3.8359
-19.25,-41.75,3.91278
-18.75,-41.75,4.0163
-18.25,-41.75,4.14255
-17.75,-41.75,4.28625
-17.25,-41.75,4.44164
-16.75,-41.75,4.60319
-16.25,-41.75,4.76601
-15.75,-41.75,4.92617
-15.25,-41.75,5.08088
-14.75,-41.75,5.22869
-14.25,-41.75,5.36974
-13.75,-41.75,5.50585
-13.25,-41.75,5.64049
-12.75,-41.75,5.7784
-12.25,-41.75,5.925
-11.75,-41.75,6.08549
-11.25,-41.75,6.26393
-10.75,-41.75,6.46227
-10.25,-41.75,6.67961
-9.75,-41.75,6.91187
-9.25,-41.75,7.15171
-8.75,-41.75,7.38923
-8.25,-41.75,7.61303
-7.75,-41.75,7.81191
-7.25,-41.75,7.97669
-6.75,-41.75,8.10202
-6.25,-41.75,8.18769
-5.75,-41.75,8.23926
-5.25,-41.75,8.26766
-4.75,-41.75,8.28797
-4.25,-41.75,8.31762
-3.75,-41.75,8.3742
-3.25,-41.75,8.47346
-2.75,-41.75,8.62766
-2.25,-41.75,8.84446
-1.75,-41.75,9.12642
-1.25,-41.75,9.47099
-0.75,-41.75,9.87095
-0.25,-41.75,10.3152
0.25,-41.75,10.7897
0.75,-41.75,11.2785
1.25,-41.75,11.7649
1.75,-41.75,12.232
2.25,-41.75,12.6638
2.75,-41.75,13.0454
3.25,-41.75,13.3638
3.75,-41.75,13.6081
4.25,-41.75,13.7703
4.75,-41.75,13.8464
5.25,-41.75,13.8373
5.75,-41.75,13.7495
6.25,-41.75,13.5958
6.75,-41.75,13.3947
7.25,-41.75,13.1691
7.75,-41.75,12.9448
8.25,-41.75,12.7473
8.75,-41.75,12.6003
9.25,-41.75,12.5233
9.75,-41.75,12.5302
10.25,-41.75,12.6288
10.75,-41.75,12.8207
11.25,-41.75,13.1017
11.75,-41.75,13.4618
12.25,-41.75,13.8864
12.75,-41.75,14.357
13.25,-41.75,14.853
13.75,-41.75,15.3528
14.25,-41.75,15.8362
14.75,-41.75,16.2857
15.25,-41.75,16.6872
15.75,-41.75,17.031
16.25,-41.75,17.3105
16.75,-41.75,17.5215
17.25,-41.75,17.6612
17.75,-41.75,17.7273
18.25,-41.75,17.7175
18.75,-41.75,17.6295
19.25,-41.75,17.4622
19.75,-41.75,17.216
20.25,-41.75,16.8938
20.75,-41.75,16.5013
21.25,-41.75,16.0474
21.75,-41.75,15.5431
22.25,-41.75,15.0009
22.75,-41.75,14.4334
23.25,-41.75,13.8518
23.75,-41.75,13.2654
24.25,-41.75,12.6806
24.75,-41.75,12.1006
25.25,-41.75,11.5255
25.75,-41.75,10.9531
26.25,-41.75,10.3794
26.75,-41.75,9.80017
27.25,-41.75,9.21169
27.75,-41.75,8.6121
28.25,-41.75,8.00222
28.75,-41.75,7.38607
29.25,-41.75,6.77097
29.75,-41.75,6.16711
30.25,-41.75,5.58665
30.75,-41.75,5.04244
31.25,-41.75,4.5465
31.75,-41.75,4.10856
32.25,-41.75,3.73481
32.75,-41.75,3.42709
33.25,-41.75,3.18265
33.75,-41.75,2.9945
34.25,-41.75,2.85256
34.75,-41.75,2.74495
35.25,-41.75,2.65969
35.75,-41.75,2.58608
36.25,-41.75,2.5158
36.75,-41.75,2.44334
37.25,-41.75,2.36588
37.75,-41.75,2.2828
38.25,-41.75,2.19484
38.75,-41.75,2.10332
39.25,-41.75,2.00954
39.75,-41.75,1.91441
40.25,-41.75,1.81833
40.75,-41.75,1.72128
41.25,-41.75,1.623
41.75,-41.75,1.52327
42.25,-41.75,1.42217
42.75,-41.75,1.32032
43.25,-41.75,1.21897
43.75,-41.75,1.11997
44.25,-41.75,1.02522
44.75,-41.75,0.936591
-44.75,-41.25,2.18874
-44.25,-41.25,2.19893
-43.75,-41.25,2.20899
-43.25,-41.25,2.24118
-42.75,-41.25,2.31188
-42.25,-41.25,2.42812
-41.75,-41.25,2.5912
-41.25,-41.25,2.79528
-40.75,-41.25,3.02708
-40.25,-41.25,3.26685
-39.75,-41.25,3.49056
-39.25,-41.25,3.67305
-38.75,-41.25,3.79163
-38.25,-41.25,3.8295
-37.75,-41.25,3.77835
-37.25,-41.25,3.63963
-36.75,-41.25,3.42428
-36.25,-41.25,3.15095
-35.75,-41.25,2.84308
-35.25,-41.25,2.52539
-34.75,-41.25,2.22076
-34.25,-41.25,1.94786
-33.75,-41.25,1.72001
-33.25,-41.25,1.54535
-32.75,-41.25,1.42778
-32.25,-41.25,1.36849
-31.75,-41.25,1.36718
-31.25,-41.25,1.42289
-30.75,-41.25,1.53399
-30.25,-41.25,1.69769
-29.75,-41.25,1.90924
-29.25,-41.25,2.1614
-28.75,-41.25,2.44426
-28.25,-41.25,2.74578
-27.75,-41.25,3.05277
-27.25,-41.25,3.35215
-26.75,-41.25,3.63206
-26.25,-41.25,3.8827
-25.75,-41.25,4.09676
-25.25,-41.25,4.26943
-24.75,-41.25,4.39834
-24.25,-41.25,4.48338
-23.75,-41.25,4.52676
-23.25,-41.25,4.53311
-22.75,-41.25,4.50957
-22.25,-41.25,4.46561
-21.75,-41.25,4.41244
-21.25,-41.25,4.36185
-20.75,-41.25,4.32486
-20.25,-41.25,4.31033
-19.75,-41.25,4.32402
-19.25,-41.25,4.36814
-18.75,-41.25,4.4417
-18.25,-41.25,4.54126
-17.75,-41.25,4.66194
-17.25,-41.25,4.79837
-16.75,-41.25,4.94533
-16.25,-41.25,5.0981
-15.75,-41.25,5.25272
-15.25,-41.25,5.40603
-14.75,-41.25,5.55598
-14.25,-41.25,5.70188
-13.75,-41.25,5.8447
-13.25,-41.25,5.98709
-12.75,-41.25,6.13321
-12.25,-41.25,6.28818
-11.75,-41.25,6.45725
-11.25,-41.25,6.6448
-10.75,-41.25,6.85342
-10.25,-41.25,7.0832
-9.75,-41.25,7.33136
-9.25,-41.25,7.59227
-8.75,-41.25,7.85805
-8.25,-41.25,8.11962
-7.75,-41.25,8.36802
-7.25,-41.25,8.59604
-6.75,-41.25,8.79958
-6.25,-41.25,8.97876
-5.75,-41.25,9.13835
-5.25,-41.25,9.28758
-4.75,-41.25,9.43915
-4.25,-41.25,9.60779
-3.75,-41.25,9.80852
-3.25,-41.25,10.0549
-2.75,-41.25,10.3575
-2.25,-41.25,10.7228
-1.75,-41.25,11.1524
-1.25,-41.25,11.643
-0.75,-41.25,12.1868
-0.25,-41.25,12.7719
0.25,-41.25,13.3837
0.75,-41.25,14.0057
1.25,-41.25,14.6207
1.75,-41.25,15.2114
2.25,-41.25,15.7608
2.75,-41.25,16.2529
3.25,-41.25,16.6725
3.75,-41.25,17.0062
4.25,-41.25,17.2427
4.75,-41.25,17.3749
5.25,-41.25,17.4005
5.75,-41.25,17.3242
6.25,-41.25,17.158
6.75,-41.25,16.9217
7.25,-41.25,16.6416
7.75,-41.25,16.3479
8.25,-41.25,16.0726
8.75,-41.25,15.8455
9.25,-41.25,15.6922
9.75,-41.25,15.6319
10.25,-41.25,15.6759
10.75,-41.25,15.8277
11.25,-41.25,16.0831
11.75,-41.25,16.4309
12.25,-41.25,16.8542
12.75,-41.25,17.3318
13.25,-41.25,17.8402
13.75,-41.25,18.3555
14.25,-41.25,18.8556
14.75,-41.25,19.3218
15.25,-41.25,19.7393
15.75,-41.25,20.0978
16.25,-41.25,20.39
16.75,-41.25,20.6103
17.25,-41.25,20.7541
17.75,-41.25,20.8161
18.25,-41.25,20.7904
18.75,-41.25,20.6711
19.25,-41.25,20.453
19.75,-41.25,20.1334
20.25,-41.25,19.7132
20.75,-41.25,19.1981
21.25,-41.25,18.5986
21.75,-41.25,17.9292
22.25,-41.25,17.2075
22.75,-41.25,16.4521
23.25,-41.25,15.6811
23.75,-41.25,14.9101
24.25,-41.25,14.1509
24.75,-41.25,13.4115
25.25,-41.25,12.6952
25.75,-41.25,12.0016
26.25,-41.25,11.3275
26.75,-41.25,10.6677
27.25,-41.25,10.0169
27.75,-41.25,9.37075
28.25,-41.25,8.72733
28.75,-41.25,8.08774
29.25,-41.25,7.45662
29.75,-41.25,6.84187
30.25,-41.25,6.25384
30.75,-41.25,5.70409
31.25,-41.25,5.20376
31.75,-41.25,4.76209
32.25,-41.25,4.38493
32.75,-41.25,4.07392
33.25,-41.25,3.82605
33.75,-41.25,3.63406
34.25,-41.25,3.48741
34.75,-41.25,3.3737
35.25,-41.25,3.28036
35.75,-41.25,3.19622
36.25,-41.25,3.11266
36.75,-41.25,3.02411
37.25,-41.25,2.92801
37.75,-41.25,2.82418
38.25,-41.25,2.71388
38.75,-41.25,2.59893
39.25,-41.25,2.48102
39.75,-41.25,2.36126
40.25,-41.25,2.24004
40.75,-41.25,2.11713
41.25,-41.25,1.99183
41.75,-41.25,1.86332
42.25,-41.25,1.73094
42.75,-41.25,1.59458
43.25,-41.25,1.45493
43.75,-41.25,1.31367
44.25,-41.25,1.17306
44.75,-41.25,1.03596
-44.75,-40.75,2.43717
-44.25,-40.75,2.40981
-43.75,-40.75,2.37771
-43.25,-40.75,2.36799
-42.75,-40.75,2.40089
-42.25,-40.75,2.4861
-41.75,-40.75,2.62684
-41.25,-40.75,2.81841
-40.75,-40.75,3.04805
-40.25,-40.75,3.29596
-39.75,-40.75,3.53761
-39.25,-40.75,3.74676
-38.75,-40.75,3.89908
-38.25,-40.75,3.9755
-37.75,-40.75,3.96496
-37.25,-40.75,3.86597
-36.75,-40.75,3.68671
-36.25,-40.75,3.44373
-35.75,-40.75,3.1593
-35.25,-40.75,2.85813
-34.75,-40.75,2.56415
-34.25,-40.75,2.29796
-33.75,-40.75,2.07533
-33.25,-40.75,1.90703
-32.75,-40.75,1.79951
-32.25,-40.75,1.75613
-31.75,-40.75,1.77824
-31.25,-40.75,1.8658
-30.75,-40.75,2.01724
-30.25,-40.75,2.22886
-29.75,-40.75,2.49403
-29.25,-40.75,2.8027
-28.75,-40.75,3.14159
-28.25,-40.75,3.49512
-27.75,-40.75,3.84682
-27.25,-40.75,4.18103
-26.75,-40.75,4.48436
-26.25,-40.75,4.74656
-25.75,-40.75,4.96092
-25.25,-40.75,5.12404
-24.75,-40.75,5.23548
-24.25,-40.75,5.29722
-23.75,-40.75,5.31352
-23.25,-40.75,5.29076
-22.75,-40.75,5.23745
-22.25,-40.75,5.16405
-21.75,-40.75,5.08235
-21.25,-40.75,5.00448
-20.75,-40.75,4.94163
-20.25,-40.75,4.90281
-19.75,-40.75,4.89394
-19.25,-40.75,4.91744
-18.75,-40.75,4.97255
-18.25,-40.75,5.05602
-17.75,-40.75,5.16307
-17.25,-40.75,5.28828
-16.75,-40.75,5.42621
-16.25,-40.75,5.57181
-15.75,-40.75,5.72066
-15.25,-40.75,5.86921
-14.75,-40.75,6.01507
-14.25,-40.75,6.15738
-13.75,-40.75,6.29717
-13.25,-40.75,6.43743
-12.75,-40.75,6.58291
-12.25,-40.75,6.73956
-11.75,-40.75,6.91361
-11.25,-40.75,7.11054
-10.75,-40.75,7.33407
-10.25,-40.75,7.58551
-9.75,-40.75,7.86331
-9.25,-40.75,8.16321
-8.75,-40.75,8.47881
-8.25,-40.75,8.80261
-7.75,-40.75,9.12721
-7.25,-40.75,9.44672
-6.75,-40.75,9.75794
-6.25,-40.75,10.0612
-5.75,-40.75,10.3607
-5.25,-40.75,10.6642
-4.75,-40.75,10.9823
-4.25,-40.75,11.3272
-3.75,-40.75,11.711
-3.25,-40.75,12.1446
-2.75,-40.75,12.6358
-2.25,-40.75,13.1888
-1.75,-40.75,13.803
-1.25,-40.75,14.4732
-0.75,-40.75,15.1899
-0.25,-40.75,15.9402
0.25,-40.75,16.7085
0.75,-40.75,17.4781
1.25,-40.75,18.2316
1.75,-40.75,18.9519
2.25,-40.75,19.6221
2.75,-40.75,20.2254
3.25,-40.75,20.7458
3.75,-40.75,21.1679
4.25,-40.75,21.4781
4.75,-40.75,21.6667
5.25,-40.75,21.7288
5.75,-40.75,21.6672
6.25,-40.75,21.4935
6.75,-40.75,21.2283
7.25,-40.75,20.9003
7.75,-40.75,20.5443
8.25,-40.75,20.1972
8.75,-40.75,19.895
9.25,-40.75,19.6688
9.75,-40.75,19.5425
10.25,-40.75,19.5309
10.75,-40.75,19.639
11.25,-40.75,19.8626
11.75,-40.75,20.1894
12.25,-40.75,20.6001
12.75,-40.75,21.0712
13.25,-40.75,21.5768
13.75,-40.75,22.0913
14.25,-40.75,22.5915
14.75,-40.75,23.0583
15.25,-40.75,23.4768
15.75,-40.75,23.8363
16.25,-40.75,24.1289
16.75,-40.75,24.3479
17.25,-40.75,24.4862
17.75,-40.75,24.5351
18.25,-40.75,24.4845
18.75,-40.75,24.3237
19.25,-40.75,24.043
19.75,-40.75,23.6358
20.25,-40.75,23.1007
20.75,-40.75,22.4428
21.25,-40.75,21.6746
21.75,-40.75,20.8148
22.25,-40.75,19.8869
22.75,-40.75,18.9167
23.25,-40.75,17.93
23.75,-40.75,16.9496
24.25,-40.75,15.9941
24.75,-40.75,15.0762
25.25,-40.75,14.2027
25.75,-40.75,13.3751
26.25,-40.75,12.59
26.75,-40.75,11.8412
27.25,-40.75,11.1209
27.75,-40.75,10.4218
28.25,-40.75,9.73836
28.75,-40.75,9.06823
29.25,-40.75,8.41288
29.75,-40.75,7.77761
30.25,-40.75,7.17088
30.75,-40.75,6.60305
31.25,-40.75,6.08464
31.75,-40.75,5.62471
32.25,-40.75,5.22924
32.75,-40.75,4.90005
33.25,-40.75,4.63441
33.75,-40.75,4.42521
34.25,-40.75,4.26201
34.75,-40.75,4.13237
35.25,-40.75,4.02353
35.75,-40.75,3.92406
36.25,-40.75,3.82492
36.75,-40.75,3.72012
37.25,-40.75,3.60662
37.75,-40.75,3.48371
38.25,-40.75,3.3522
38.75,-40.75,3.21349
39.25,-40.75,3.06893
39.75,-40.75,2.91943
40.25,-40.75,2.76533
40.75,-40.75,2.60645
41.25,-40.75,2.4423
41.75,-40.75,2.27225
42.25,-40.75,2.09591
42.75,-40.75,1.91342
43.25,-40.75,1.72589
43.75,-40.75,1.53552
44.25,-40.75,1.34541
44.75,-40.75,1.15949
-44.75,-40.25,2.57556
-44.25,-40.25,2.52291
-43.75,-40.25,2.46261
-43.25,-40.25,2.4248
-42.75,-40.25,2.43206
-42.25,-40.25,2.49579
-41.75,-40.25,2.62047
-41.25,-40.25,2.80238
-40.75,-40.25,3.0295
-40.25,-40.25,3.28272
-39.75,-40.25,3.53802
-39.25,-40.25,3.76941
-38.75,-40.25,3.95221
-38.25,-40.25,4.06629
-37.75,-40.25,4.09875
-37.25,-40.25,4.0456
-36.75,-40.25,3.91225
-36.25,-40.25,3.71261
-35.75,-40.25,3.46697
-35.25,-40.25,3.19898
-34.75,-40.25,2.93261
-34.25,-40.25,2.68958
-33.75,-40.25,2.4876
-33.25,-40.25,2.33987
-32.75,-40.25,2.25542
-32.25,-40.25,2.23993
-31.75,-40.25,2.2965
-31.25,-40.25,2.42595
-30.75,-40.25,2.62648
-30.25,-40.25,2.89296
-29.75,-40.25,3.21618
-29.25,-40.25,3.58261
-28.75,-40.25,3.97502
-28.25,-40.25,4.37389
-27.75,-40.25,4.75947
-27.25,-40.25,5.11392
-26.75,-40.25,5.42306
-26.25,-40.25,5.67737
-25.75,-40.25,5.87212
-25.25,-40.25,6.00688
-24.75,-40.25,6.08463
-24.25,-40.25,6.11087
-23.75,-40.25,6.09291
-23.25,-40.25,6.03953
-22.75,-40.25,5.96072
-22.25,-40.25,5.86748
-21.75,-40.25,5.77135
-21.25,-40.25,5.68364
-20.75,-40.25,5.61449
-20.25,-40.25,5.57183
-19.75,-40.25,5.56076
-19.25,-40.25,5.58315
-18.75,-40.25,5.63794
-18.25,-40.25,5.72167
-17.75,-40.25,5.82929
-17.25,-40.25,5.95498
-16.75,-40.25,6.09275
-16.25,-40.25,6.23696
-15.75,-40.25,6.38273
-15.25,-40.25,6.52632
-14.75,-40.25,6.66554
-14.25,-40.25,6.80019
-13.75,-40.25,6.93237
-13.25,-40.25,7.06645
-12.75,-40.25,7.20877
-12.25,-40.25,7.36696
-11.75,-40.25,7.54886
-11.25,-40.25,7.76144
-10.75,-40.25,8.00976
-10.25,-40.25,8.29626
-9.75,-40.25,8.62042
-9.25,-40.25,8.97896
-8.75,-40.25,9.36649
-8.25,-40.25,9.77652
-7.75,-40.25,10.2028
-7.25,-40.25,10.6405
-6.75,-40.25,11.0873
-6.25,-40.25,11.5439
-5.75,-40.25,12.0146
-5.25,-40.25,12.5061
-4.75,-40.25,13.0275
-4.25,-40.25,13.5886
-3.75,-40.25,14.1983
-3.25,-40.25,14.8639
-2.75,-40.25,15.5894
-2.25,-40.25,16.3749
-1.75,-40.25,17.2159
-1.25,-40.25,18.1037
-0.75,-40.25,19.0257
-0.25,-40.25,19.9668
0.25,-40.25,20.9103
0.75,-40.25,21.839
1.25,-40.25,22.736
1.75,-40.25,23.585
2.25,-40.25,24.3701
2.75,-40.25,25.0754
3.25,-40.25,25.6853
3.75,-40.25,26.184
4.25,-40.25,26.5575
4.75,-40.25,26.7944
5.25,-40.25,26.8889
5.75,-40.25,26.8425
6.25,-40.25,26.6665
6.75,-40.25,26.3822
7.25,-40.25,26.0202
7.75,-40.25,25.6181
8.25,-40.25,25.2169
8.75,-40.25,24.8569
9.25,-40.25,24.5737
9.75,-40.25,24.3949
10.25,-40.25,24.3377
10.75,-40.25,24.4083
11.25,-40.25,24.6022
11.75,-40.25,24.9055
12.25,-40.25,25.2969
12.75,-40.25,25.7505
13.25,-40.25,26.2387
13.75,-40.25,26.7348
14.25,-40.25,27.2153
14.75,-40.25,27.6612
15.25,-40.25,28.0584
15.75,-40.25,28.3966
16.25,-40.25,28.6679
16.75,-40.25,28.8645
17.25,-40.25,28.9771
17.75,-40.25,28.9938
18.25,-40.25,28.9
18.75,-40.25,28.6798
19.25,-40.25,28.3185
19.75,-40.25,27.8051
20.25,-40.25,27.1351
20.75,-40.25,26.313
21.25,-40.25,25.3528
21.75,-40.25,24.2775
22.25,-40.25,23.1169
22.75,-40.25,21.9047
23.25,-40.25,20.6749
23.75,-40.25,19.4587
24.25,-40.25,18.2815
24.75,-40.25,17.1617
25.25,-40.25,16.1098
25.75,-40.25,15.1288
26.25,-40.25,14.2155
26.75,-40.25,13.362
27.25,-40.25,12.5579
27.75,-40.25,11.7922
28.25,-40.25,11.0556
28.75,-40.25,10.3417
29.25,-40.25,9.6485
29.75,-40.25,8.97843
30.25,-40.25,8.33788
30.75,-40.25,7.73597
31.25,-40.25,7.18277
31.75,-40.25,6.6874
32.25,-40.25,6.25625
32.75,-40.25,5.89178
33.25,-40.25,5.59193
33.75,-40.25,5.35023
34.25,-40.25,5.1568
34.75,-40.25,4.99958
35.25,-40.25,4.86594
35.75,-40.25,4.74427
36.25,-40.25,4.62498
36.75,-40.25,4.50115
37.25,-40.25,4.36852
37.75,-40.25,4.22506
38.25,-40.25,4.07024
38.75,-40.25,3.90438
39.25,-40.25,3.72806
39.75,-40.25,3.54186
40.25,-40.25,3.34624
40.75,-40.25,3.14155
41.25,-40.25,2.92807
41.75,-40.25,2.70617
42.25,-40.25,2.47649
42.75,-40.25,2.24023
43.25,-40.25,1.9995
43.75,-40.25,1.75749
44.25,-40.25,1.51824
44.75,-40.25,1.2866
-44.75,-39.75,2.57528
-44.25,-39.75,2.51065
-43.75,-39.75,2.4372
-43.25,-39.75,2.38587
-42.75,-39.75,2.37986
-42.25,-39.75,2.43132
-41.75,-39.75,2.54554
-41.25,-39.75,2.71981
-40.75,-39.75,2.94344
-40.25,-39.75,3.19894
-39.75,-39.75,3.46399
-39.25,-39.75,3.71412
-38.75,-39.75,3.9256
-38.25,-39.75,4.07833
-37.75,-39.75,4.15837
-37.25,-39.75,4.15966
-36.75,-39.75,4.08482
-36.25,-39.75,3.94466
-35.75,-39.75,3.75663
-35.25,-39.75,3.54225
-34.75,-39.75,3.32445
-34.25,-39.75,3.12507
-33.75,-39.75,2.96303
-33.25,-39.75,2.85352
-32.75,-39.75,2.80787
-32.25,-39.75,2.83394
-31.75,-39.75,2.93636
-31.25,-39.75,3.11647
-30.75,-39.75,3.37178
-30.25,-39.75,3.69519
-29.75,-39.75,4.07439
-29.25,-39.75,4.49206
-28.75,-39.75,4.92693
-28.25,-39.75,5.3559
-27.75,-39.75,5.75661
-27.25,-39.75,6.1101
-26.75,-39.75,6.40271
-26.25,-39.75,6.62705
-25.75,-39.75,6.7819
-25.25,-39.75,6.87117
-24.75,-39.75,6.90256
-24.25,-39.75,6.88596
-23.75,-39.75,6.8324
-23.25,-39.75,6.75322
-22.75,-39.75,6.6597
-22.25,-39.75,6.56281
-21.75,-39.75,6.47291
-21.25,-39.75,6.39938
-20.75,-39.75,6.35006
-20.25,-39.75,6.33064
-19.75,-39.75,6.34427
-19.25,-39.75,6.3914
-18.75,-39.75,6.4699
-18.25,-39.75,6.57554
-17.75,-39.75,6.70261
-17.25,-39.75,6.84462
-16.75,-39.75,6.99494
-16.25,-39.75,7.14744
-15.75,-39.75,7.29711
-15.25,-39.75,7.44051
-14.75,-39.75,7.57638
-14.25,-39.75,7.70598
-13.75,-39.75,7.8333
-13.25,-39.75,7.96488
-12.75,-39.75,8.1093
-12.25,-39.75,8.27629
-11.75,-39.75,8.47559
-11.25,-39.75,8.71579
-10.75,-39.75,9.00321
-10.25,-39.75,9.3413
-9.75,-39.75,9.73034
-9.25,-39.75,10.1678
-8.75,-39.75,10.6488
-8.25,-39.75,11.1679
-7.75,-39.75,11.7198
-7.25,-39.75,12.3008
-6.75,-39.75,12.9096
-6.25,-39.75,13.5483
-5.75,-39.75,14.2214
-5.25,-39.75,14.9357
-4.75,-39.75,15.6992
-4.25,-39.75,16.5191
-3.75,-39.75,17.4013
-3.25,-39.75,18.3484
-2.75,-39.75,19.3588
-2.25,-39.75,20.4268
-1.75,-39.75,21.5417
-1.25,-39.75,22.6891
-0.75,-39.75,23.8516
-0.25,-39.75,25.0106
0.25,-39.75,26.1472
0.75,-39.75,27.2436
1.25,-39.75,28.2835
1.75,-39.75,29.2526
2.25,-39.75,30.1372
2.75,-39.75,30.9242
3.25,-39.75,31.6002
3.75,-39.75,32.152
4.25,-39.75,32.5668
4.75,-39.75,32.8346
5.25,-39.75,32.95
5.75,-39.75,32.9153
6.25,-39.75,32.7419
6.75,-39.75,32.4517
7.25,-39.75,32.0762
7.75,-39.75,31.6543
8.25,-39.75,31.2291
8.75,-39.75,30.8429
9.25,-39.75,30.5336
9.75,-39.75,30.3304
10.25,-39.75,30.2517
10.75,-39.75,30.3035
11.25,-39.75,30.4802
11.75,-39.75,30.766
12.25,-39.75,31.1374
12.75,-39.75,31.5666
13.25,-39.75,32.0243
13.75,-39.75,32.4835
14.25,-39.75,32.921
14.75,-39.75,33.319
15.25,-39.75,33.6649
15.75,-39.75,33.9499
16.25,-39.75,34.1668
16.75,-39.75,34.3079
17.25,-39.75,34.3624
17.75,-39.75,34.3155
18.25,-39.75,34.1487
18.75,-39.75,33.8412
19.25,-39.75,33.373
19.75,-39.75,32.7283
20.25,-39.75,31.8993
20.75,-39.75,30.8889
21.25,-39.75,29.7123
21.75,-39.75,28.396
22.25,-39.75,26.9761
22.75,-39.75,25.4941
23.25,-39.75,23.9926
23.75,-39.75,22.5113
24.25,-39.75,21.0834
24.75,-39.75,19.7331
25.25,-39.75,18.4751
25.75,-39.75,17.3143
26.25,-39.75,16.2477
26.75,-39.75,15.2658
27.25,-39.75,14.3553
27.75,-39.75,13.5016
28.25,-39.75,12.6912
28.75,-39.75,11.9136
29.25,-39.75,11.163
29.75,-39.75,10.4388
30.25,-39.75,9.74509
30.75,-39.75,9.08967
31.25,-39.75,8.48212
31.75,-39.75,7.93175
32.25,-39.75,7.44558
32.75,-39.75,7.027
33.25,-39.75,6.67493
33.75,-39.75,6.38397
34.25,-39.75,6.14514
34.75,-39.75,5.94706
35.25,-39.75,5.77746
35.75,-39.75,5.62448
36.25,-39.75,5.47774
36.75,-39.75,5.32895
37.25,-39.75,5.17203
37.75,-39.75,5.00294
38.25,-39.75,4.81926
38.75,-39.75,4.61978
39.25,-39.75,4.4042
39.75,-39.75,4.17287
40.25,-39.75,3.92674
40.75,-39.75,3.66715
41.25,-39.75,3.3958
41.75,-39.75,3.11468
42.25,-39.75,2.82606
42.75,-39.75,2.5327
43.25,-39.75,2.23803
43.75,-39.75,1.94634
44.25,-39.75,1.66246
44.75,-39.75,1.39172
-44.75,-39.25,2.43252
-44.25,-39.25,2.36792
-43.75,-39.25,2.29523
-43.25,-39.25,2.24393
-42.75,-39.25,2.23619
-42.25,-39.25,2.28398
-41.75,-39.25,2.39297
-41.25,-39.25,2.56156
-40.75,-39.25,2.78093
-40.25,-39.25,3.03604
-39.75,-39.25,3.3074
-39.25,-39.25,3.57322
-38.75,-39.25,3.8119
-38.25,-39.25,4.00443
-37.75,-39.25,4.1367
-37.25,-39.25,4.20119
-36.75,-39.25,4.19784
-36.25,-39.25,4.13411
-35.75,-39.25,4.02389
-35.25,-39.25,3.88562
-34.75,-39.25,3.74
-34.25,-39.25,3.60782
-33.75,-39.25,3.50818
-33.25,-39.25,3.45736
-32.75,-39.25,3.46828
-32.25,-39.25,3.55031
-31.75,-39.25,3.709
-31.25,-39.25,3.94562
-30.75,-39.25,4.25643
-30.25,-39.25,4.63198
-29.75,-39.25,5.05681
-29.25,-39.25,5.51011
-28.75,-39.25,5.96739
-28.25,-39.25,6.40315
-27.75,-39.25,6.79396
-27.25,-39.25,7.12136
-26.75,-39.25,7.37387
-26.25,-39.25,7.54772
-25.75,-39.25,7.64638
-25.25,-39.25,7.67906
-24.75,-39.25,7.65866
-24.25,-39.25,7.59976
-23.75,-39.25,7.517
-23.25,-39.25,7.42404
-22.75,-39.25,7.33295
-22.25,-39.25,7.254
-21.75,-39.25,7.19566
-21.25,-39.25,7.16451
-20.75,-39.25,7.16514
-20.25,-39.25,7.20003
-19.75,-39.25,7.26942
-19.25,-39.25,7.37133
-18.75,-39.25,7.50176
-18.25,-39.25,7.65503
-17.75,-39.25,7.82434
-17.25,-39.25,8.00239
-16.75,-39.25,8.18208
-16.25,-39.25,8.35719
-15.75,-39.25,8.52312
-15.25,-39.25,8.67749
-14.75,-39.25,8.82064
-14.25,-39.25,8.95597
-13.75,-39.25,9.08987
-13.25,-39.25,9.23141
-12.75,-39.25,9.39159
-12.25,-39.25,9.58235
-11.75,-39.25,9.81529
-11.25,-39.25,10.1005
-10.75,-39.25,10.4454
-10.25,-39.25,10.8544
-9.75,-39.25,11.3285
-9.25,-39.25,11.8656
-8.75,-39.25,12.4617
-8.25,-39.25,13.1122
-7.75,-39.25,13.8128
-7.25,-39.25,14.5615
-6.75,-39.25,15.3588
-6.25,-39.25,16.2084
-5.75,-39.25,17.1162
-5.25,-39.25,18.0898
-4.75,-39.25,19.1363
-4.25,-39.25,20.261
-3.75,-39.25,21.4658
-3.25,-39.25,22.7476
-2.75,-39.25,24.0978
-2.25,-39.25,25.5025
-1.75,-39.25,26.9426
-1.25,-39.25,28.3954
-0.75,-39.25,29.8365
-0.25,-39.25,31.2418
0.25,-39.25,32.589
0.75,-39.25,33.8592
1.25,-39.25,35.0372
1.75,-39.25,36.111
2.25,-39.25,37.0713
2.75,-39.25,37.9098
3.25,-39.25,38.6182
3.75,-39.25,39.1886
4.25,-39.25,39.613
4.75,-39.25,39.8856
5.25,-39.25,40.0045
5.75,-39.25,39.9743
6.25,-39.25,39.8081
6.75,-39.25,39.5284
7.25,-39.25,39.1665
7.75,-39.25,38.7609
8.25,-39.25,38.3538
8.75,-39.25,37.987
9.25,-39.25,37.6974
9.75,-39.25,37.5131
10.25,-39.25,37.4512
10.75,-39.25,37.5158
11.25,-39.25,37.6991
11.75,-39.25,37.9825
12.25,-39.25,38.3402
12.75,-39.25,38.7423
13.25,-39.25,39.1585
13.75,-39.25,39.5618
14.25,-39.25,39.9303
14.75,-39.25,40.2482
15.25,-39.25,40.5056
15.75,-39.25,40.6963
16.25,-39.25,40.8154
16.75,-39.25,40.856
17.25,-39.25,40.8073
17.75,-39.25,40.653
18.25,-39.25,40.3714
18.75,-39.25,39.9376
19.25,-39.25,39.3264
19.75,-39.25,38.5175
20.25,-39.25,37.4989
20.75,-39.25,36.2714
21.25,-39.25,34.8503
21.75,-39.25,33.2649
22.25,-39.25,31.5566
22.75,-39.25,29.774
23.25,-39.25,27.9683
23.75,-39.25,26.188
24.25,-39.25,24.4742
24.75,-39.25,22.8577
25.25,-39.25,21.3577
25.75,-39.25,19.9819
26.25,-39.25,18.7275
26.75,-39.25,17.584
27.25,-39.25,16.5355
27.75,-39.25,15.5636
28.25,-39.25,14.6508
28.75,-39.25,13.7824
29.25,-39.25,12.9486
29.75,-39.25,12.1455
30.25,-39.25,11.3749
30.75,-39.25,10.643
31.25,-39.25,9.95884
31.75,-39.25,9.33177
32.25,-39.25,8.76956
32.75,-39.25,8.27665
33.25,-39.25,7.85327
33.75,-39.25,7.49528
34.25,-39.25,7.1949
34.75,-39.25,6.94161
35.25,-39.25,6.72347
35.75,-39.25,6.52831
36.25,-39.25,6.34467
36.75,-39.25,6.16244
37.25,-39.25,5.97328
37.75,-39.25,5.77066
38.25,-39.25,5.54995
38.75,-39.25,5.3083
39.25,-39.25,5.04456
39.75,-39.25,4.75918
40.25,-39.25,4.45397
40.75,-39.25,4.13183
41.25,-39.25,3.7964
41.75,-39.25,3.45176
42.25,-39.25,3.10227
42.75,-39.25,2.75249
43.25,-39.25,2.40727
43.75,-39.25,2.07182
44.25,-39.25,1.7514
44.75,-39.25,1.45124
-44.75,-38.75,2.1739
-44.25,-38.75,2.11862
-43.75,-38.75,2.05777
-43.25,-38.75,2.01756
-42.75,-38.75,2.01766
-42.25,-38.75,2.06904
-41.75,-38.75,2.17736
-41.25,-38.75,2.34211
-40.75,-38.75,2.55668
-40.25,-38.75,2.80916
-39.75,-38.75,3.08365
-39.25,-38.75,3.36199
-38.75,-38.75,3.62569
-38.25,-38.75,3.85786
-37.75,-38.75,4.04514
-37.25,-38.75,4.17926
-36.75,-38.75,4.25797
-36.25,-38.75,4.28541
-35.75,-38.75,4.27157
-35.25,-38.75,4.23099
-34.75,-38.75,4.18106
-34.25,-38.75,4.14024
-33.75,-38.75,4.12641
-33.25,-38.75,4.15555
-32.75,-38.75,4.24085
-32.25,-38.75,4.392
-31.75,-38.75,4.6144
-31.25,-38.75,4.90848
-30.75,-38.75,5.2688
-30.25,-38.75,5.6836
-29.75,-38.75,6.13492
-29.25,-38.75,6.59967
-28.75,-38.75,7.05193
-28.25,-38.75,7.46589
-27.75,-38.75,7.81922
-27.25,-38.75,8.09602
-26.75,-38.75,8.2886
-26.25,-38.75,8.39796
-25.75,-38.75,8.43287
-25.25,-38.75,8.40782
-24.75,-38.75,8.34062
-24.25,-38.75,8.24991
-23.75,-38.75,8.15326
-23.25,-38.75,8.06586
-22.75,-38.75,7.99995
-22.25,-38.75,7.9646
-21.75,-38.75,7.9659
-21.25,-38.75,8.00719
-20.75,-38.75,8.08934
-20.25,-38.75,8.21096
-19.75,-38.75,8.36861
-19.25,-38.75,8.55706
-18.75,-38.75,8.76963
-18.25,-38.75,8.99856
-17.75,-38.75,9.23562
-17.25,-38.75,9.47272
-16.75,-38.75,9.70263
-16.25,-38.75,9.91966
-15.75,-38.75,10.1204
-15.25,-38.75,10.3042
-14.75,-38.75,10.4737
-14.25,-38.75,10.6347
-13.75,-38.75,10.7961
-13.25,-38.75,10.9695
-12.75,-38.75,11.1681
-12.25,-38.75,11.4057
-11.75,-38.75,11.6955
-11.25,-38.75,12.0488
-10.75,-38.75,12.4741
-10.25,-38.75,12.9766
-9.75,-38.75,13.5578
-9.25,-38.75,14.2166
-8.75,-38.75,14.9499
-8.25,-38.75,15.754
-7.75,-38.75,16.6267
-7.25,-38.75,17.5678
-6.75,-38.75,18.5804
-6.25,-38.75,19.6707
-5.75,-38.75,20.8469
-5.25,-38.75,22.1176
-4.75,-38.75,23.4901
-4.25,-38.75,24.9675
-3.75,-38.75,26.5472
-3.25,-38.75,28.2194
-2.75,-38.75,29.967
-2.25,-38.75,31.7655
-1.75,-38.75,33.585
-1.25,-38.75,35.3918
-0.75,-38.75,37.1521
-0.25,-38.75,38.834
0.25,-38.75,40.4105
0.75,-38.75,41.8605
1.25,-38.75,43.1698
1.75,-38.75,44.3303
2.25,-38.75,45.3384
2.75,-38.75,46.193
3.25,-38.75,46.8945
3.75,-38.75,47.4436
4.25,-38.75,47.8409
4.75,-38.75,48.0883
5.25,-38.75,48.1907
5.75,-38.75,48.1574
6.25,-38.75,48.0044
6.75,-38.75,47.7552
7.25,-38.75,47.44
7.75,-38.75,47.0949
8.25,-38.75,46.7584
8.75,-38.75,46.4679
9.25,-38.75,46.256
9.75,-38.75,46.1466
10.25,-38.75,46.1521
10.75,-38.75,46.2726
11.25,-38.75,46.4961
11.75,-38.75,46.8006
12.25,-38.75,47.157
12.75,-38.75,47.5336
13.25,-38.75,47.8995
13.75,-38.75,48.2282
14.25,-38.75,48.5
14.75,-38.75,48.7023
15.25,-38.75,48.8289
15.75,-38.75,48.8777
16.25,-38.75,48.8472
16.75,-38.75,48.7333
17.25,-38.75,48.5267
17.75,-38.75,48.2108
18.25,-38.75,47.7621
18.75,-38.75,47.1524
19.25,-38.75,46.3524
19.75,-38.75,45.3369
20.25,-38.75,44.0896
20.75,-38.75,42.6084
21.25,-38.75,40.9074
21.75,-38.75,39.0174
22.25,-38.75,36.9839
22.75,-38.75,34.8621
23.25,-38.75,32.7112
23.75,-38.75,30.5883
24.25,-38.75,28.5429
24.75,-38.75,26.6133
25.25,-38.75,24.8239
25.75,-38.75,23.186
26.25,-38.75,21.6979
26.75,-38.75,20.3486
27.25,-38.75,19.1198
27.75,-38.75,17.99
28.25,-38.75,16.9377
28.75,-38.75,15.9439
29.25,-38.75,14.9949
29.75,-38.75,14.0832
30.25,-38.75,13.2079
30.75,-38.75,12.3734
31.25,-38.75,11.5878
31.75,-38.75,10.8604
32.25,-38.75,10.1998
32.75,-38.75,9.61133
33.25,-38.75,9.09675
33.75,-38.75,8.65337
34.25,-38.75,8.27469
34.75,-38.75,7.95111
35.25,-38.75,7.67096
35.75,-38.75,7.42154
36.25,-38.75,7.19002
36.75,-38.75,6.96416
37.25,-38.75,6.733
37.75,-38.75,6.48734
38.25,-38.75,6.22021
38.75,-38.75,5.92719
39.25,-38.75,5.60653
39.75,-38.75,5.25909
40.25,-38.75,4.88796
40.75,-38.75,4.49803
41.25,-38.75,4.09529
41.75,-38.75,3.68625
42.25,-38.75,3.27754
42.75,-38.75,2.87557
43.25,-38.75,2.4865
43.75,-38.75,2.11611
44.25,-38.75,1.76961
44.75,-38.75,1.45152
-44.75,-38.25,1.85134
-44.25,-38.25,1.81125
-43.75,-38.25,1.76957
-43.25,-38.25,1.74795
-42.75,-38.25,1.76263
-42.25,-38.25,1.82294
-41.75,-38.25,1.93415
-41.25,-38.25,2.09674
-40.75,-38.25,2.30644
-40.25,-38.25,2.5547
-39.75,-38.25,2.82965
-39.25,-38.25,3.11731
-38.75,-38.25,3.40295
-38.25,-38.25,3.67262
-37.75,-38.25,3.91457
-37.25,-38.25,4.12062
-36.75,-38.25,4.28706
-36.25,-38.25,4.41518
-35.75,-38.25,4.5111
-35.25,-38.25,4.58507
-34.75,-38.25,4.6503
-34.25,-38.25,4.72161
-33.75,-38.25,4.81403
-33.25,-38.25,4.94146
-32.75,-38.25,5.11554
-32.25,-38.25,5.3446
-31.75,-38.25,5.63265
-31.25,-38.25,5.97844
-30.75,-38.25,6.37479
-30.25,-38.25,6.80831
-29.75,-38.25,7.25999
-29.25,-38.25,7.70662
-28.75,-38.25,8.12336
-28.25,-38.25,8.48681
-27.75,-38.25,8.77822
-27.25,-38.25,8.98617
-26.75,-38.25,9.10804
-26.25,-38.25,9.15002
-25.75,-38.25,9.12584
-25.25,-38.25,9.05446
-24.75,-38.25,8.95738
-24.25,-38.25,8.85598
-23.75,-38.25,8.76953
-23.25,-38.25,8.71386
-22.75,-38.25,8.70073
-22.25,-38.25,8.73767
-21.75,-38.25,8.82829
-21.25,-38.25,8.97264
-20.75,-38.25,9.16776
-20.25,-38.25,9.40808
-19.75,-38.25,9.68602
-19.25,-38.25,9.99248
-18.75,-38.25,10.3175
-18.25,-38.25,10.6508
-17.75,-38.25,10.9827
-17.25,-38.25,11.3044
-16.75,-38.25,11.6093
-16.25,-38.25,11.8928
-15.75,-38.25,12.1535
-15.25,-38.25,12.3932
-14.75,-38.25,12.6171
-14.25,-38.25,12.8335
-13.75,-38.25,13.0537
-13.25,-38.25,13.2911
-12.75,-38.25,13.5604
-12.25,-38.25,13.8768
-11.75,-38.25,14.2544
-11.25,-38.25,14.7053
-10.75,-38.25,15.2388
-10.25,-38.25,15.8608
-9.75,-38.25,16.5739
-9.25,-38.25,17.3777
-8.75,-38.25,18.2707
-8.25,-38.25,19.2511
-7.75,-38.25,20.3188
-7.25,-38.25,21.4767
-6.75,-38.25,22.7312
-6.25,-38.25,24.0917
-5.75,-38.25,25.5696
-5.25,-38.25,27.1754
-4.75,-38.25,28.9165
-4.25,-38.25,30.7939
-3.75,-38.25,32.8003
-3.25,-38.25,34.9183
-2.75,-38.25,37.1204
-2.25,-38.25,39.3699
-1.75,-38.25,41.6235
-1.25,-38.25,43.8346
-0.75,-38.25,45.9567
-0.25,-38.25,47.9485
0.25,-38.25,49.7761
0.75,-38.25,51.4156
1.25,-38.25,52.8535
1.75,-38.25,54.0863
2.25,-38.25,55.1176
2.75,-38.25,55.9568
3.25,-38.25,56.6157
3.75,-38.25,57.1073
4.25,-38.25,57.4446
4.75,-38.25,57.641
5.25,-38.25,57.711
5.75,-38.25,57.6713
6.25,-38.25,57.5422
6.75,-38.25,57.3484
7.25,-38.25,57.1184
7.75,-38.25,56.8837
8.25,-38.25,56.6765
8.75,-38.25,56.5265
9.25,-38.25,56.4581
9.75,-38.25,56.4871
10.25,-38.25,56.6185
10.75,-38.25,56.8453
11.25,-38.25,57.1495
11.75,-38.25,57.5042
12.25,-38.25,57.8769
12.75,-38.25,58.2336
13.25,-38.25,58.5431
13.75,-38.25,58.7803
14.25,-38.25,58.9285
14.75,-38.25,58.9793
15.25,-38.25,58.9317
15.75,-38.25,58.7887
16.25,-38.25,58.5539
16.75,-38.25,58.2276
17.25,-38.25,57.8032
17.75,-38.25,57.2654
18.25,-38.25,56.5903
18.75,-38.25,55.7474
19.25,-38.25,54.7037
19.75,-38.25,53.4294
20.25,-38.25,51.9036
20.75,-38.25,50.1203
21.25,-38.25,48.0914
21.75,-38.25,45.848
22.25,-38.25,43.4385
22.75,-38.25,40.9236
23.25,-38.25,38.3704
23.75,-38.25,35.8447
24.25,-38.25,33.4054
24.75,-38.25,31.0989
25.25,-38.25,28.9563
25.75,-38.25,26.9934
26.25,-38.25,25.2111
26.75,-38.25,23.5983
27.25,-38.25,22.1353
27.75,-38.25,20.7977
28.25,-38.25,19.56
28.75,-38.25,18.3992
29.25,-38.25,17.2972
29.75,-38.25,16.2427
30.25,-38.25,15.2315
30.75,-38.25,14.2657
31.25,-38.25,13.352
31.75,-38.25,12.4995
32.25,-38.25,11.717
32.75,-38.25,11.0111
33.25,-38.25,10.3848
33.75,-38.25,9.83711
34.25,-38.25,9.36273
34.75,-38.25,8.95296
35.25,-38.25,8.5963
35.75,-38.25,8.27932
36.25,-38.25,7.98758
36.75,-38.25,7.70655
37.25,-38.25,7.42255
37.75,-38.25,7.12369
38.25,-38.25,6.80079
38.75,-38.25,6.44804
39.25,-38.25,6.06332
39.75,-38.25,5.64817
40.25,-38.25,5.20729
40.75,-38.25,4.74776
41.25,-38.25,4.27813
41.75,-38.25,3.80744
42.25,-38.25,3.34456
42.75,-38.25,2.8976
43.25,-38.25,2.47367
43.75,-38.25,2.07873
44.25,-38.25,1.71738
44.75,-38.25,1.39288
-44.75,-37.75,1.52895
-44.25,-37.75,1.50638
-43.75,-37.75,1.487
-43.25,-37.75,1.48749
-42.75,-37.75,1.52028
-42.25,-37.75,1.59272
-41.75,-37.75,1.70939
-41.25,-37.75,1.8716
-40.75,-37.75,2.07722
-40.25,-37.75,2.32098
-39.75,-37.75,2.595
-39.25,-37.75,2.8895
-38.75,-37.75,3.19378
-38.25,-37.75,3.49722
-37.75,-37.75,3.79034
-37.25,-37.75,4.06587
-36.75,-37.75,4.3195
-36.25,-37.75,4.55037
-35.75,-37.75,4.76126
-35.25,-37.75,4.95813
-34.75,-37.75,5.14949
-34.25,-37.75,5.34542
-33.75,-37.75,5.55652
-33.25,-37.75,5.79273
-32.75,-37.75,6.06217
-32.25,-37.75,6.37015
-31.75,-37.75,6.71804
-31.25,-37.75,7.10254
-30.75,-37.75,7.51515
-30.25,-37.75,7.94224
-29.75,-37.75,8.36583
-29.25,-37.75,8.76528
-28.75,-37.75,9.11969
-28.25,-37.75,9.41072
-27.75,-37.75,9.62534
-27.25,-37.75,9.75801
-26.75,-37.75,9.8116
-26.25,-37.75,9.7971
-25.75,-37.75,9.73211
-25.25,-37.75,9.63851
-24.75,-37.75,9.53971
-24.25,-37.75,9.45823
-23.75,-37.75,9.41375
-23.25,-37.75,9.42181
-22.75,-37.75,9.49323
-22.25,-37.75,9.6339
-21.75,-37.75,9.84506
-21.25,-37.75,10.1237
-20.75,-37.75,10.4631
-20.25,-37.75,10.8534
-19.75,-37.75,11.2827
-19.25,-37.75,11.7377
-18.75,-37.75,12.2049
-18.25,-37.75,12.6715
-17.75,-37.75,13.1263
-17.25,-37.75,13.5608
-16.75,-37.75,13.9691
-16.25,-37.75,14.3492
-15.75,-37.75,14.7022
-15.25,-37.75,15.0327
-14.75,-37.75,15.3487
-14.25,-37.75,15.6607
-13.75,-37.75,15.9816
-13.25,-37.75,16.3258
-12.75,-37.75,16.7086
-12.25,-37.75,17.1452
-11.75,-37.75,17.6499
-11.25,-37.75,18.2347
-10.75,-37.75,18.9095
-10.25,-37.75,19.6806
-9.75,-37.75,20.5518
-9.25,-37.75,21.5244
-8.75,-37.75,22.5989
-8.25,-37.75,23.7762
-7.75,-37.75,25.0596
-7.25,-37.75,26.456
-6.75,-37.75,27.9759
-6.25,-37.75,29.6333
-5.75,-37.75,31.4428
-5.25,-37.75,33.4177
-4.75,-37.75,35.5658
-4.25,-37.75,37.886
-3.75,-37.75,40.3658
-3.25,-37.75,42.9796
-2.75,-37.75,45.6884
-2.25,-37.75,48.442
-1.75,-37.75,51.182
-1.25,-37.75,53.8464
-0.75,-37.75,56.3747
-0.25,-37.75,58.7136
0.25,-37.75,60.8209
0.75,-37.75,62.6685
1.25,-37.75,64.2436
1.75,-37.75,65.5471
2.25,-37.75,66.5919
2.75,-37.75,67.3993
3.25,-37.75,67.9957
3.75,-37.75,68.4094
4.25,-37.75,68.6692
4.75,-37.75,68.8029
5.25,-37.75,68.8373
5.75,-37.75,68.7986
6.25,-37.75,68.7127
6.75,-37.75,68.6058
7.25,-37.75,68.5042
7.75,-37.75,68.4332
8.25,-37.75,68.4162
8.75,-37.75,68.4724
9.25,-37.75,68.6146
9.75,-37.75,68.8473
10.25,-37.75,69.1646
10.75,-37.75,69.5502
11.25,-37.75,69.9782
11.75,-37.75,70.4154
12.25,-37.75,70.8251
12.75,-37.75,71.1711
13.25,-37.75,71.4222
13.75,-37.75,71.5553
14.25,-37.75,71.5574
14.75,-37.75,71.4254
15.25,-37.75,71.1642
15.75,-37.75,70.7836
16.25,-37.75,70.2934
16.75,-37.75,69.6991
17.25,-37.75,68.9983
17.75,-37.75,68.1783
18.25,-37.75,67.2153
18.75,-37.75,66.0773
19.25,-37.75,64.7281
19.75,-37.75,63.1331
20.25,-37.75,61.2665
20.75,-37.75,59.1174
21.25,-37.75,56.6948
21.75,-37.75,54.0289
22.25,-37.75,51.1704
22.75,-37.75,48.1853
23.25,-37.75,45.1485
23.75,-37.75,42.1356
24.25,-37.75,39.2158
24.75,-37.75,36.4452
25.25,-37.75,33.8637
25.75,-37.75,31.493
26.25,-37.75,29.3378
26.75,-37.75,27.3882
27.25,-37.75,25.6237
27.75,-37.75,24.0174
28.25,-37.75,22.5399
28.75,-37.75,21.1637
29.25,-37.75,19.866
29.75,-37.75,18.6308
30.25,-37.75,17.45
30.75,-37.75,16.3226
31.25,-37.75,15.2532
31.75,-37.75,14.2498
32.25,-37.75,13.3213
32.75,-37.75,12.4752
33.25,-37.75,11.7158
33.75,-37.75,11.0436
34.25,-37.75,10.4548
34.75,-37.75,9.94136
35.25,-37.75,9.49187
35.75,-37.75,9.0921
36.25,-37.75,8.726
36.75,-37.75,8.37676
37.25,-37.75,8.02816
37.75,-37.75,7.66583
38.25,-37.75,7.27862
38.75,-37.75,6.85954
39.25,-37.75,6.40628
39.75,-37.75,5.92115
40.25,-37.75,5.41047
40.75,-37.75,4.8835
41.25,-37.75,4.35121
41.75,-37.75,3.82504
42.25,-37.75,3.31581
42.75,-37.75,2.83299
43.25,-37.75,2.38424
43.75,-37.75,1.97517
44.25,-37.75,1.60933
44.75,-37.75,1.28829
-44.75,-37.25,1.26832
-44.25,-37.25,1.2621
-43.75,-37.25,1.26397
-43.25,-37.25,1.28608
-42.75,-37.25,1.33729
-42.25,-37.25,1.42295
-41.75,-37.25,1.54685
-41.25,-37.25,1.71081
-40.75,-37.25,1.9145
-40.25,-37.25,2.15543
-39.75,-37.25,2.42917
-39.25,-37.25,2.72972
-38.75,-37.25,3.05012
-38.25,-37.25,3.38305
-37.75,-37.25,3.72157
-37.25,-37.25,4.05987
-36.75,-37.25,4.3938
-36.25,-37.25,4.72125
-35.75,-37.25,5.04229
-35.25,-37.25,5.35905
-34.75,-37.25,5.6752
-34.25,-37.25,5.99548
-33.75,-37.25,6.32491
-33.25,-37.25,6.668
-32.75,-37.25,7.02792
-32.25,-37.25,7.4057
-31.75,-37.25,7.79953
-31.25,-37.25,8.20421
-30.75,-37.25,8.61094
-30.25,-37.25,9.0076
-29.75,-37.25,9.37956
-29.25,-37.25,9.71124
-28.75,-37.25,9.98803
-28.25,-37.25,10.1986
-27.75,-37.25,10.3367
-27.25,-37.25,10.4033
-26.75,-37.25,10.4061
-26.25,-37.25,10.36
-25.75,-37.25,10.2848
-25.25,-37.25,10.2034
-24.75,-37.25,10.1396
-24.25,-37.25,10.1156
-23.75,-37.25,10.1504
-23.25,-37.25,10.2587
-22.75,-37.25,10.4501
-22.25,-37.25,10.7289
-21.75,-37.25,11.0942
-21.25,-37.25,11.5401
-20.75,-37.25,12.0562
-20.25,-37.25,12.6284
-19.75,-37.25,13.2405
-19.25,-37.25,13.8748
-18.75,-37.25,14.5144
-18.25,-37.25,15.1442
-17.75,-37.25,15.7523
-17.25,-37.25,16.3308
-16.75,-37.25,16.8762
-16.25,-37.25,17.3891
-15.75,-37.25,17.8741
-15.25,-37.25,18.3392
-14.75,-37.25,18.7948
-14.25,-37.25,19.2531
-13.75,-37.25,19.7277
-13.25,-37.25,20.2327
-12.75,-37.25,20.7823
-12.25,-37.25,21.3903
-11.75,-37.25,22.0695
-11.25,-37.25,22.8311
-10.75,-37.25,23.6843
-10.25,-37.25,24.6362
-9.75,-37.25,25.6917
-9.25,-37.25,26.8547
-8.75,-37.25,28.1285
-8.25,-37.25,29.5183
-7.75,-37.25,31.0321
-7.25,-37.25,32.6819
-6.75,-37.25,34.4837
-6.25,-37.25,36.4565
-5.75,-37.25,38.6195
-5.25,-37.25,40.9886
-4.75,-37.25,43.5724
-4.25,-37.25,46.3677
-3.75,-37.25,49.3568
-3.25,-37.25,52.5054
-2.75,-37.25,55.7628
-2.25,-37.25,59.0646
-1.75,-37.25,62.3364
-1.25,-37.25,65.4998
-0.75,-37.25,68.4791
-0.25,-37.25,71.2076
0.25,-37.25,73.6333
0.75,-37.25,75.723
1.25,-37.25,77.4632
1.75,-37.25,78.8598
2.25,-37.25,79.9347
2.75,-37.25,80.7226
3.25,-37.25,81.2656
3.75,-37.25,81.6098
4.25,-37.25,81.8017
4.75,-37.25,81.8855
5.25,-37.25,81.9024
5.75,-37.25,81.8892
6.25,-37.25,81.8785
6.75,-37.25,81.8984
7.25,-37.25,81.9724
7.75,-37.25,82.1189
8.25,-37.25,82.3509
8.75,-37.25,82.6749
9.25,-37.25,83.0898
9.75,-37.25,83.5862
10.25,-37.25,84.1451
10.75,-37.25,84.739
11.25,-37.25,85.3321
11.75,-37.25,85.8844
12.25,-37.25,86.3542
12.75,-37.25,86.7033
13.25,-37.25,86.9003
13.75,-37.25,86.9247
14.25,-37.25,86.7676
14.75,-37.25,86.4317
15.25,-37.25,85.9288
15.75,-37.25,85.2759
16.25,-37.25,84.4897
16.75,-37.25,83.5818
17.25,-37.25,82.5543
17.75,-37.25,81.3973
18.25,-37.25,80.0878
18.75,-37.25,78.5921
19.25,-37.25,76.8703
19.75,-37.25,74.883
20.25,-37.25,72.5988
20.75,-37.25,70.0017
21.25,-37.25,67.0966
21.75,-37.25,63.9131
22.25,-37.25,60.5037
22.75,-37.25,56.9404
23.25,-37.25,53.307
23.75,-37.25,49.6907
24.25,-37.25,46.1729
24.75,-37.25,42.8223
25.25,-37.25,39.6891
25.75,-37.25,36.8037
26.25,-37.25,34.1759
26.75,-37.25,31.7985
27.25,-37.25,29.6508
27.75,-37.25,27.7031
28.25,-37.25,25.9224
28.75,-37.25,24.2758
29.25,-37.25,22.7349
29.75,-37.25,21.2781
30.25,-37.25,19.892
30.75,-37.25,18.5713
31.25,-37.25,17.3175
31.75,-37.25,16.1366
32.25,-37.25,15.0371
32.75,-37.25,14.0267
33.25,-37.25,13.1112
33.75,-37.25,12.2924
34.25,-37.25,11.5679
34.75,-37.25,10.9304
35.25,-37.25,10.3689
35.75,-37.25,9.86829
36.25,-37.25,9.41119
36.75,-37.25,8.97887
37.25,-37.25,8.55289
37.75,-37.25,8.11683
38.25,-37.25,7.65785
38.75,-37.25,7.16797
39.25,-37.25,6.64465
39.75,-37.25,6.0908
40.25,-37.25,5.51404
40.75,-37.25,4.92541
41.25,-37.25,4.33792
41.75,-37.25,3.76492
42.25,-37.25,3.21875
42.75,-37.25,2.70975
43.25,-37.25,2.24568
43.75,-37.25,1.83143
44.25,-37.25,1.46913
44.75,-37.25,1.15849
-44.75,-36.75,1.11664
-44.25,-36.75,1.12272
-43.75,-36.75,1.14126
-43.25,-36.75,1.18113
-42.75,-36.75,1.24846
-42.25,-36.75,1.34687
-41.75,-36.75,1.47935
-41.25,-36.75,1.64791
-40.75,-36.75,1.85337
-40.25,-36.75,2.09519
-39.75,-36.75,2.37147
-39.25,-36.75,2.67914
-38.75,-36.75,3.01421
-38.25,-36.75,3.37221
-37.75,-36.75,3.7486
-37.25,-36.75,4.13922
-36.75,-36.75,4.54058
-36.25,-36.75,4.95002
-35.75,-36.75,5.3657
-35.25,-36.75,5.78651
-34.75,-36.75,6.21174
-34.25,-36.75,6.64081
-33.75,-36.75,7.0729
-33.25,-36.75,7.50664
-32.75,-36.75,7.9398
-32.25,-36.75,8.36902
-31.75,-36.75,8.78953
-31.25,-36.75,9.19507
-30.75,-36.75,9.57786
-30.25,-36.75,9.92893
-29.75,-36.75,10.2387
-29.25,-36.75,10.4983
-28.75,-36.75,10.7005
-28.25,-36.75,10.8413
-27.75,-36.75,10.9217
-27.25,-36.75,10.9479
-26.75,-36.75,10.9317
-26.25,-36.75,10.8902
-25.75,-36.75,10.8441
-25.25,-36.75,10.816
-24.75,-36.75,10.8287
-24.25,-36.75,10.9034
-23.75,-36.75,11.0578
-23.25,-36.75,11.3058
-22.75,-36.75,11.6557
-22.25,-36.75,12.1105
-21.75,-36.75,12.667
-21.25,-36.75,13.3166
-20.75,-36.75,14.0451
-20.25,-36.75,14.8343
-19.75,-36.75,15.6633
-19.25,-36.75,16.5105
-18.75,-36.75,17.3558
-18.25,-36.75,18.1823
-17.75,-36.75,18.9784
-17.25,-36.75,19.7378
-16.75,-36.75,20.4599
-16.25,-36.75,21.1493
-15.75,-36.75,21.8147
-15.25,-36.75,22.4673
-14.75,-36.75,23.1199
-14.25,-36.75,23.7857
-13.75,-36.75,24.4776
-13.25,-36.75,25.2076
-12.75,-36.75,25.9869
-12.25,-36.75,26.8259
-11.75,-36.75,27.7339
-11.25,-36.75,28.7196
-10.75,-36.75,29.7906
-10.25,-36.75,30.9542
-9.75,-36.75,32.217
-9.25,-36.75,33.586
-8.75,-36.75,35.0694
-8.25,-36.75,36.678
-7.75,-36.75,38.4263
-7.25,-36.75,40.3329
-6.75,-36.75,42.4207
-6.25,-36.75,44.7147
-5.75,-36.75,47.2391
-5.25,-36.75,50.013
-4.75,-36.75,53.0458
-4.25,-36.75,56.3325
-3.75,-36.75,59.8501
-3.25,-36.75,63.556
-2.75,-36.75,67.3883
-2.25,-36.75,71.2687
-1.75,-36.75,75.1073
-1.25,-36.75,78.8098
-0.75,-36.75,82.2846
-0.25,-36.75,85.4516
0.25,-36.75,88.2482
0.75,-36.75,90.6344
1.25,-36.75,92.5953
1.75,-36.75,94.14
2.25,-36.75,95.2989
2.75,-36.75,96.1192
3.25,-36.75,96.6589
3.75,-36.75,96.9819
4.25,-36.75,97.1528
4.75,-36.75,97.233
5.25,-36.75,97.2785
5.75,-36.75,97.3377
6.25,-36.75,97.4501
6.75,-36.75,97.6461
7.25,-36.75,97.9465
7.75,-36.75,98.3625
8.25,-36.75,98.8962
8.75,-36.75,99.5406
9.25,-36.75,100.28
9.75,-36.75,101.089
10.25,-36.75,101.936
10.75,-36.75,102.78
11.25,-36.75,103.575
11.75,-36.75,104.273
12.25,-36.75,104.829
12.75,-36.75,105.201
13.25,-36.75,105.358
13.75,-36.75,105.282
14.25,-36.75,104.967
14.75,-36.75,104.424
15.25,-36.75,103.669
15.75,-36.75,102.728
16.25,-36.75,101.623
16.75,-36.75,100.372
17.25,-36.75,98.9815
17.75,-36.75,97.4436
18.25,-36.75,95.7352
18.75,-36.75,93.8205
19.25,-36.75,91.6552
19.75,-36.75,89.1942
20.25,-36.75,86.4
20.75,-36.75,83.2509
21.25,-36.75,79.7483
21.75,-36.75,75.921
22.25,-36.75,71.8249
22.75,-36.75,67.5395
23.25,-36.75,63.16
23.75,-36.75,58.7877
24.25,-36.75,54.5198
24.75,-36.75,50.4403
25.25,-36.75,46.6133
25.75,-36.75,43.0798
26.25,-36.75,39.8573
26.75,-36.75,36.9419
27.25,-36.75,34.3133
27.75,-36.75,31.9394
28.25,-36.75,29.7823
28.75,-36.75,27.8029
29.25,-36.75,25.9659
29.75,-36.75,24.2425
30.25,-36.75,22.6125
30.75,-36.75,21.0646
31.25,-36.75,19.5958
31.75,-36.75,18.2092
32.25,-36.75,16.9116
32.75,-36.75,15.7108
33.25,-36.75,14.6134
33.75,-36.75,13.6227
34.25,-36.75,12.7377
34.75,-36.75,11.9523
35.25,-36.75,11.2559
35.75,-36.75,10.6332
36.25,-36.75,10.0658
36.75,-36.75,9.53365
37.25,-36.75,9.0166
37.75,-36.75,8.49659
38.25,-36.75,7.95942
38.75,-36.75,7.39612
39.25,-36.75,6.8037
39.75,-36.75,6.18522
40.25,-36.75,5.54893
40.75,-36.75,4.90697
41.25,-36.75,4.2736
41.75,-36.75,3.66342
42.25,-36.75,3.08969
42.75,-36.75,2.56313
43.25,-36.75,2.0912
43.75,-36.75,1.67787
44.25,-36.75,1.32375
44.75,-36.75,1.02671
-44.75,-36.25,1.09862
-44.25,-36.25,1.11223
-43.75,-36.25,1.14187
-43.25,-36.25,1.19479
-42.75,-36.25,1.27551
-42.25,-36.25,1.38635
-41.75,-36.25,1.52945
-41.25,-36.25,1.70655
-40.75,-36.25,1.91873
-40.25,-36.25,2.16635
-39.75,-36.25,2.4489
-39.25,-36.25,2.76505
-38.75,-36.25,3.11288
-38.25,-36.25,3.49002
-37.75,-36.25,3.89391
-37.25,-36.25,4.32193
-36.75,-36.25,4.77148
-36.25,-36.25,5.23985
-35.75,-36.25,5.72404
-35.25,-36.25,6.22059
-34.75,-36.25,6.72529
-34.25,-36.25,7.23315
-33.75,-36.25,7.73838
-33.25,-36.25,8.23455
-32.75,-36.25,8.71492
-32.25,-36.25,9.17269
-31.75,-36.25,9.60127
-31.25,-36.25,9.99447
-30.75,-36.25,10.3467
-30.25,-36.25,10.6529
-29.75,-36.25,10.9094
-29.25,-36.25,11.1137
-28.75,-36.25,11.2657
-28.25,-36.25,11.368
-27.75,-36.25,11.4269
-27.25,-36.25,11.453
-26.75,-36.25,11.4604
-26.25,-36.25,11.4673
-25.75,-36.25,11.4941
-25.25,-36.25,11.5626
-24.75,-36.25,11.6945
-24.25,-36.25,11.9097
-23.75,-36.25,12.2253
-23.25,-36.25,12.6542
-22.75,-36.25,13.2039
-22.25,-36.25,13.8759
-21.75,-36.25,14.6652
-21.25,-36.25,15.5599
-20.75,-36.25,16.542
-20.25,-36.25,17.5888
-19.75,-36.25,18.6749
-19.25,-36.25,19.7746
-18.75,-36.25,20.8653
-18.25,-36.25,21.9292
-17.75,-36.25,22.9553
-17.25,-36.25,23.9403
-16.75,-36.25,24.8875
-16.25,-36.25,25.8062
-15.75,-36.25,26.7093
-15.25,-36.25,27.6119
-14.75,-36.25,28.5284
-14.25,-36.25,29.4722
-13.75,-36.25,30.4539
-13.25,-36.25,31.4816
-12.75,-36.25,32.561
-12.25,-36.25,33.6963
-11.75,-36.25,34.8913
-11.25,-36.25,36.1497
-10.75,-36.25,37.4766
-10.25,-36.25,38.8786
-9.75,-36.25,40.3647
-9.25,-36.25,41.9462
-8.75,-36.25,43.638
-8.25,-36.25,45.4584
-7.75,-36.25,47.4306
-7.25,-36.25,49.5819
-6.75,-36.25,51.9433
-6.25,-36.25,54.5471
-5.75,-36.25,57.4229
-5.25,-36.25,60.5933
-4.75,-36.25,64.0687
-4.25,-36.25,67.8424
-3.75,-36.25,71.887
-3.25,-36.25,76.1524
-2.75,-36.25,80.5669
-2.25,-36.25,85.0399
-1.75,-36.25,89.4682
-1.25,-36.25,93.7425
-0.75,-36.25,97.7574
-0.25,-36.25,101.419
0.25,-36.25,104.655
0.75,-36.25,107.416
1.25,-36.25,109.686
1.75,-36.25,111.473
2.25,-36.25,112.813
2.75,-36.25,113.765
3.25,-36.25,114.4
3.75,-36.25,114.797
4.25,-36.25,115.037
4.75,-36.25,115.199
5.25,-36.25,115.352
5.75,-36.25,115.556
6.25,-36.25,115.857
6.75,-36.25,116.289
7.25,-36.25,116.869
7.75,-36.25,117.603
8.25,-36.25,118.482
8.75,-36.25,119.487
9.25,-36.25,120.587
9.75,-36.25,121.744
10.25,-36.25,122.912
10.75,-36.25,124.037
11.25,-36.25,125.065
11.75,-36.25,125.94
12.25,-36.25,126.612
12.75,-36.25,127.035
13.25,-36.25,127.18
13.75,-36.25,127.029
14.25,-36.25,126.58
14.75,-36.25,125.848
15.25,-36.25,124.856
15.75,-36.25,123.634
16.25,-36.25,122.211
16.75,-36.25,120.609
17.25,-36.25,118.837
17.75,-36.25,116.887
18.25,-36.25,114.736
18.75,-36.25,112.343
19.25,-36.25,109.659
19.75,-36.25,106.631
20.25,-36.25,103.217
20.75,-36.25,99.3888
21.25,-36.25,95.1449
21.75,-36.25,90.515
22.25,-36.25,85.5609
22.75,-36.25,80.3724
23.25,-36.25,75.0597
23.75,-36.25,69.7421
24.25,-36.25,64.5368
24.75,-36.25,59.547
25.25,-36.25,54.8544
25.75,-36.25,50.5134
26.25,-36.25,46.5508
26.75,-36.25,42.9677
27.25,-36.25,39.7442
27.75,-36.25,36.8451
28.25,-36.25,34.2268
28.75,-36.25,31.8427
29.25,-36.25,29.6487
29.75,-36.25,27.607
30.25,-36.25,25.6887
30.75,-36.25,23.8752
31.25,-36.25,22.1569
31.75,-36.25,20.5326
32.25,-36.25,19.0066
32.75,-36.25,17.5858
33.25,-36.25,16.2774
33.75,-36.25,15.086
34.25,-36.25,14.0122
34.75,-36.25,13.0516
35.25,-36.25,12.1944
35.75,-36.25,11.4257
36.25,-36.25,10.7268
36.75,-36.25,10.0768
37.25,-36.25,9.45449
37.75,-36.25,8.84055
38.25,-36.25,8.21952
38.75,-36.25,7.58134
39.25,-36.25,6.92218
39.75,-36.25,6.24455
40.25,-36.25,5.5565
40.75,-36.25,4.87027
41.25,-36.25,4.20045
41.75,-36.25,3.56201
42.25,-36.25,2.96845
42.75,-36.25,2.43042
43.25,-36.25,1.95487
43.75,-36.25,1.54476
44.25,-36.25,1.19938
44.75,-36.25,0.915041
-44.75,-35.75,1.21469
-44.25,-35.75,1.23473
-43.75,-35.75,1.27354
-43.25,-35.75,1.33826
-42.75,-35.75,1.43273
-42.25,-35.75,1.5582
-41.75,-35.75,1.71574
-41.25,-35.75,1.90613
-40.75,-35.75,2.12988
-40.25,-35.75,2.38709
-39.75,-35.75,2.67753
-39.25,-35.75,3.00063
-38.75,-35.75,3.3556
-38.25,-35.75,3.74153
-37.75,-35.75,4.15736
-37.25,-35.75,4.60186
-36.75,-35.75,5.07341
-36.25,-35.75,5.56968
-35.75,-35.75,6.0873
-35.25,-35.75,6.62152
-34.75,-35.75,7.16609
-34.25,-35.75,7.71325
-33.75,-35.75,8.25411
-33.25,-35.75,8.77918
-32.75,-35.75,9.27913
-32.25,-35.75,9.74551
-31.75,-35.75,10.1714
-31.25,-35.75,10.5516
-30.75,-35.75,10.8832
-30.25,-35.75,11.165
-29.75,-35.75,11.398
-29.25,-35.75,11.5849
-28.75,-35.75,11.7307
-28.25,-35.75,11.8425
-27.75,-35.75,11.9302
-27.25,-35.75,12.0064
-26.75,-35.75,12.0866
-26.25,-35.75,12.1891
-25.75,-35.75,12.3339
-25.25,-35.75,12.5422
-24.75,-35.75,12.835
-24.25,-35.75,13.2321
-23.75,-35.75,13.7504
-23.25,-35.75,14.4024
-22.75,-35.75,15.1956
-22.25,-35.75,16.13
-21.75,-35.75,17.1984
-21.25,-35.75,18.3856
-20.75,-35.75,19.6694
-20.25,-35.75,21.0222
-19.75,-35.75,22.4139
-19.25,-35.75,23.815
-18.75,-35.75,25.2006
-18.25,-35.75,26.5524
-17.75,-35.75,27.8613
-17.25,-35.75,29.1271
-16.75,-35.75,30.3582
-16.25,-35.75,31.5689
-15.75,-35.75,32.7771
-15.25,-35.75,34.0011
-14.75,-35.75,35.2571
-14.25,-35.75,36.5569
-13.75,-35.75,37.9075
-13.25,-35.75,39.3106
-12.75,-35.75,40.7639
-12.25,-35.75,42.2626
-11.75,-35.75,43.8019
-11.25,-35.75,45.3787
-10.75,-35.75,46.994
-10.25,-35.75,48.6536
-9.75,-35.75,50.369
-9.25,-35.75,52.1577
-8.75,-35.75,54.0428
-8.25,-35.75,56.0531
-7.75,-35.75,58.2226
-7.25,-35.75,60.5895
-6.75,-35.75,63.1944
-6.25,-35.75,66.0777
-5.75,-35.75,69.2751
-5.25,-35.75,72.8131
-4.75,-35.75,76.7035
-4.25,-35.75,80.9383
-3.75,-35.75,85.4868
-3.25,-35.75,90.2931
-2.75,-35.75,95.2778
-2.25,-35.75,100.341
-1.75,-35.75,105.37
-1.25,-35.75,110.243
-0.75,-35.75,114.842
-0.25,-35.75,119.064
0.25,-35.75,122.823
0.75,-35.75,126.064
1.25,-35.75,128.762
1.75,-35.75,130.925
2.25,-35.75,132.59
2.75,-35.75,133.822
3.25,-35.75,134.699
3.75,-35.75,135.313
4.25,-35.75,135.759
4.75,-35.75,136.128
5.25,-35.75,136.502
5.75,-35.75,136.949
6.25,-35.75,137.523
6.75,-35.75,138.26
7.25,-35.75,139.176
7.75,-35.75,140.272
8.25,-35.75,141.531
8.75,-35.75,142.922
9.25,-35.75,144.405
9.75,-35.75,145.928
10.25,-35.75,147.435
10.75,-35.75,148.864
11.25,-35.75,150.15
11.75,-35.75,151.233
12.25,-35.75,152.055
12.75,-35.75,152.572
13.25,-35.75,152.749
13.75,-35.75,152.571
14.25,-35.75,152.037
14.75,-35.75,151.164
15.25,-35.75,149.977
15.75,-35.75,148.51
16.25,-35.75,146.795
16.75,-35.75,144.855
17.25,-35.75,142.7
17.75,-35.75,140.32
18.25,-35.75,137.688
18.75,-35.75,134.757
19.25,-35.75,131.472
19.75,-35.75,127.774
20.25,-35.75,123.61
20.75,-35.75,118.951
21.25,-35.75,113.793
21.75,-35.75,108.17
22.25,-35.75,102.153
22.75,-35.75,95.8461
23.25,-35.75,89.3788
23.75,-35.75,82.8938
24.25,-35.75,76.5327
24.75,-35.75,70.4225
25.25,-35.75,64.6658
25.75,-35.75,59.3337
26.25,-35.75,54.4642
26.75,-35.75,50.064
27.25,-35.75,46.1137
27.75,-35.75,42.5744
28.25,-35.75,39.3955
28.75,-35.75,36.5213
29.25,-35.75,33.8971
29.75,-35.75,31.4743
30.25,-35.75,29.2137
30.75,-35.75,27.0871
31.25,-35.75,25.0773
31.75,-35.75,23.1772
32.25,-35.75,21.3872
32.75,-35.75,19.7127
33.25,-35.75,18.1607
33.75,-35.75,16.737
34.25,-35.75,15.444
34.75,-35.75,14.279
35.25,-35.75,13.2337
35.75,-35.75,12.2942
36.25,-35.75,11.4422
36.75,-35.75,10.6564
37.25,-35.75,9.91491
37.75,-35.75,9.19744
38.25,-35.75,8.48727
38.75,-35.75,7.773
39.25,-35.75,7.04944
39.75,-35.75,6.31778
40.25,-35.75,5.58496
40.75,-35.75,4.86229
41.25,-35.75,4.16366
41.75,-35.75,3.50351
42.25,-35.75,2.89489
42.75,-35.75,2.34795
43.25,-35.75,1.86902
43.75,-35.75,1.46027
44.25,-35.75,1.11997
44.75,-35.75,0.84337
-44.75,-35.25,1.44894
-44.25,-35.25,1.4817
-43.75,-35.25,1.53493
-43.25,-35.25,1.61643
-42.75,-35.25,1.72978
-42.25,-35.25,1.87503
-41.75,-35.25,2.05175
-41.25,-35.25,2.25922
-40.75,-35.25,2.49657
-40.25,-35.25,2.76293
-39.75,-35.25,3.05759
-39.25,-35.25,3.3801
-38.75,-35.25,3.73031
-38.25,-35.25,4.10833
-37.75,-35.25,4.51441
-37.25,-35.25,4.94862
-36.75,-35.25,5.4105
-36.25,-35.25,5.89858
-35.75,-35.25,6.40996
-35.25,-35.25,6.93997
-34.75,-35.25,7.48201
-34.25,-35.25,8.02776
-33.75,-35.25,8.56765
-33.25,-35.25,9.09165
-32.75,-35.25,9.59019
-32.25,-35.25,10.0551
-31.75,-35.25,10.4803
-31.25,-35.25,10.8623
-30.75,-35.25,11.2002
-30.25,-35.25,11.4954
-29.75,-35.25,11.7517
-29.25,-35.25,11.9747
-28.75,-35.25,12.1715
-28.25,-35.25,12.3514
-27.75,-35.25,12.5255
-27.25,-35.25,12.7072
-26.75,-35.25,12.9121
-26.25,-35.25,13.1585
-25.75,-35.25,13.4664
-25.25,-35.25,13.8571
-24.75,-35.25,14.3523
-24.25,-35.25,14.9724
-23.75,-35.25,15.7354
-23.25,-35.25,16.6546
-22.75,-35.25,17.7375
-22.25,-35.25,18.9833
-21.75,-35.25,20.3823
-21.25,-35.25,21.9158
-20.75,-35.25,23.5569
-20.25,-35.25,25.2729
-19.75,-35.25,27.0287
-19.25,-35.25,28.7911
-18.75,-35.25,30.5328
-18.25,-35.25,32.2355
-17.75,-35.25,33.8919
-17.25,-35.25,35.506
-16.75,-35.25,37.0912
-16.25,-35.25,38.6675
-15.75,-35.25,40.2575
-15.25,-35.25,41.8826
-14.75,-35.25,43.5597
-14.25,-35.25,45.2982
-13.75,-35.25,47.0992
-13.25,-35.25,48.9559
-12.75,-35.25,50.855
-12.25,-35.25,52.7802
-11.75,-35.25,54.7154
-11.25,-35.25,56.6488
-10.75,-35.25,58.576
-10.25,-35.25,60.5018
-9.75,-35.25,62.4413
-9.25,-35.25,64.4194
-8.75,-35.25,66.4701
-8.25,-35.25,68.635
-7.75,-35.25,70.9612
-7.25,-35.25,73.4997
-6.75,-35.25,76.3022
-6.25,-35.25,79.4184
-5.75,-35.25,82.8906
-5.25,-35.25,86.7495
-4.75,-35.25,91.0086
-4.25,-35.25,95.66
-3.75,-35.25,100.671
-3.25,-35.25,105.982
-2.75,-35.25,111.509
-2.25,-35.25,117.149
-1.75,-35.25,122.779
-1.25,-35.25,128.272
-0.75,-35.25,133.503
-0.25,-35.25,138.357
0.25,-35.25,142.739
0.75,-35.25,146.585
1.25,-35.25,149.861
1.75,-35.25,152.569
2.25,-35.25,154.742
2.75,-35.25,156.443
3.25,-35.25,157.755
3.75,-35.25,158.775
4.25,-35.25,159.605
4.75,-35.25,160.344
5.25,-35.25,161.083
5.75,-35.25,161.899
6.25,-35.25,162.849
6.75,-35.25,163.971
7.25,-35.25,165.283
7.75,-35.25,166.781
8.25,-35.25,168.444
8.75,-35.25,170.237
9.25,-35.25,172.109
9.75,-35.25,174.005
10.25,-35.25,175.858
10.75,-35.25,177.603
11.25,-35.25,179.17
11.75,-35.25,180.493
12.25,-35.25,181.512
12.75,-35.25,182.178
13.25,-35.25,182.453
13.75,-35.25,182.321
14.25,-35.25,181.777
14.75,-35.25,180.837
15.25,-35.25,179.527
15.75,-35.25,177.877
16.25,-35.25,175.92
16.75,-35.25,173.676
17.25,-35.25,171.15
17.75,-35.25,168.331
18.25,-35.25,165.181
18.75,-35.25,161.65
19.25,-35.25,157.672
19.75,-35.25,153.181
20.25,-35.25,148.119
20.75,-35.25,142.454
21.25,-35.25,136.184
21.75,-35.25,129.35
22.25,-35.25,122.036
22.75,-35.25,114.367
23.25,-35.25,106.498
23.75,-35.25,98.5978
24.25,-35.25,90.8387
24.75,-35.25,83.3755
25.25,-35.25,76.335
25.75,-35.25,69.8078
26.25,-35.25,63.8445
26.75,-35.25,58.4582
27.25,-35.25,53.63
27.75,-35.25,49.3165
28.25,-35.25,45.4589
28.75,-35.25,41.9908
29.25,-35.25,38.8455
29.75,-35.25,35.9622
30.25,-35.25,33.2898
30.75,-35.25,30.7893
31.25,-35.25,28.4344
31.75,-35.25,26.211
32.25,-35.25,24.1145
32.75,-35.25,22.1477
33.25,-35.25,20.3165
33.75,-35.25,18.6275
34.25,-35.25,17.0844
34.75,-35.25,15.6865
35.25,-35.25,14.427
35.75,-35.25,13.2935
36.25,-35.25,12.2682
36.75,-35.25,11.3299
37.25,-35.25,10.4564
37.75,-35.25,9.62635
38.25,-35.25,8.82167
38.75,-35.25,8.02932
39.25,-35.25,7.24225
39.75,-35.25,6.45965
40.25,-35.25,5.68648
40.75,-35.25,4.93219
41.25,-35.25,4.20904
41.75,-35.25,3.53008
42.25,-35.25,2.90731
42.75,-35.25,2.35002
43.25,-35.25,1.86387
43.75,-35.25,1.45049
44.25,-35.25,1.10765
44.75,-35.25,0.830085
-44.75,-34.75,1.77901
-44.25,-34.75,1.83792
-43.75,-34.75,1.91715
-43.25,-34.75,2.02518
-42.75,-34.75,2.16527
-42.25,-34.75,2.33591
-41.75,-34.75,2.53486
-41.25,-34.75,2.75951
-40.75,-34.75,3.00735
-40.25,-34.75,3.27628
-39.75,-34.75,3.56498
-39.25,-34.75,3.87299
-38.75,-34.75,4.20072
-38.25,-34.75,4.54929
-37.75,-34.75,4.92024
-37.25,-34.75,5.31509
-36.75,-34.75,5.73485
-36.25,-34.75,6.17951
-35.75,-34.75,6.64757
-35.25,-34.75,7.13577
-34.75,-34.75,7.63901
-34.25,-34.75,8.15053
-33.75,-34.75,8.66247
-33.25,-34.75,9.16657
-32.75,-34.75,9.65509
-32.25,-34.75,10.1216
-31.75,-34.75,10.5617
-31.25,-34.75,10.9732
-30.75,-34.75,11.3563
-30.25,-34.75,11.7133
-29.75,-34.75,12.0483
-29.25,-34.75,12.3672
-28.75,-34.75,12.6771
-28.25,-34.75,12.9867
-27.75,-34.75,13.3069
-27.25,-34.75,13.6504
-26.75,-34.75,14.0327
-26.25,-34.75,14.472
-25.75,-34.75,14.9889
-25.25,-34.75,15.6059
-24.75,-34.75,16.3465
-24.25,-34.75,17.233
-23.75,-34.75,18.2856
-23.25,-34.75,19.5192
-22.75,-34.75,20.9418
-22.25,-34.75,22.5522
-21.75,-34.75,24.3386
-21.25,-34.75,26.2784
-20.75,-34.75,28.34
-20.25,-34.75,30.4854
-19.75,-34.75,32.6741
-19.25,-34.75,34.869
-18.75,-34.75,37.0402
-18.25,-34.75,39.1692
-17.75,-34.75,41.2508
-17.25,-34.75,43.2928
-16.75,-34.75,45.3136
-16.25,-34.75,47.3385
-15.75,-34.75,49.3947
-15.25,-34.75,51.5061
-14.75,-34.75,53.689
-14.25,-34.75,55.9489
-13.75,-34.75,58.2794
-13.25,-34.75,60.6625
-12.75,-34.75,63.0717
-12.25,-34.75,65.4768
-11.75,-34.75,67.8486
-11.25,-34.75,70.1653
-10.75,-34.75,72.4163
-10.25,-34.75,74.606
-9.75,-34.75,76.754
-9.25,-34.75,78.8945
-8.75,-34.75,81.0745
-8.25,-34.75,83.3502
-7.75,-34.75,85.7843
-7.25,-34.75,88.4419
-6.75,-34.75,91.3875
-6.25,-34.75,94.6803
-5.75,-34.75,98.3701
-5.25,-34.75,102.492
-4.75,-34.75,107.062
-4.25,-34.75,112.074
-3.75,-34.75,117.494
-3.25,-34.75,123.264
-2.75,-34.75,129.298
-2.25,-34.75,135.49
-1.75,-34.75,141.72
-1.25,-34.75,147.855
-0.75,-34.75,153.766
-0.25,-34.75,159.331
0.25,-34.75,164.447
0.75,-34.75,169.04
1.25,-34.75,173.065
1.75,-34.75,176.511
2.25,-34.75,179.404
2.75,-34.75,181.799
3.25,-34.75,183.772
3.75,-34.75,185.421
4.25,-34.75,186.846
4.75,-34.75,188.151
5.25,-34.75,189.429
5.75,-34.75,190.76
6.25,-34.75,192.206
6.75,-34.75,193.807
7.25,-34.75,195.579
7.75,-34.75,197.522
8.25,-34.75,199.612
8.75,-34.75,201.813
9.25,-34.75,204.075
9.75,-34.75,206.339
10.25,-34.75,208.54
10.75,-34.75,210.612
11.25,-34.75,212.483
11.75,-34.75,214.085
12.25,-34.75,215.356
12.75,-34.75,216.242
13.25,-34.75,216.702
13.75,-34.75,216.71
14.25,-34.75,216.257
14.75,-34.75,215.352
15.25,-34.75,214.013
15.75,-34.75,212.265
16.25,-34.75,210.132
16.75,-34.75,207.629
17.25,-34.75,204.754
17.75,-34.75,201.486
18.25,-34.75,197.78
18.75,-34.75,193.575
19.25,-34.75,188.798
19.75,-34.75,183.376
20.25,-34.75,177.247
20.75,-34.75,170.379
21.25,-34.75,162.776
21.75,-34.75,154.492
22.25,-34.75,145.629
22.75,-34.75,136.338
23.25,-34.75,126.802
23.75,-34.75,117.225
24.25,-34.75,107.811
24.75,-34.75,98.7469
25.25,-34.75,90.1875
25.75,-34.75,82.2443
26.25,-34.75,74.982
26.75,-34.75,68.4207
27.25,-34.75,62.542
27.75,-34.75,57.2975
28.25,-34.75,52.6194
28.75,-34.75,48.4298
29.25,-34.75,44.6492
29.75,-34.75,41.2035
30.25,-34.75,38.029
30.75,-34.75,35.0752
31.25,-34.75,32.306
31.75,-34.75,29.6993
32.25,-34.75,27.2448
32.75,-34.75,24.9411
33.25,-34.75,22.7924
33.75,-34.75,20.8047
34.25,-34.75,18.9823
34.75,-34.75,17.3256
35.25,-34.75,15.8293
35.75,-34.75,14.4818
36.25,-34.75,13.266
36.75,-34.75,12.1611
37.25,-34.75,11.1441
37.75,-34.75,10.1927
38.25,-34.75,9.28752
38.75,-34.75,8.41342
39.25,-34.75,7.56114
39.75,-34.75,6.72735
40.25,-34.75,5.9144
40.75,-34.75,5.12914
41.25,-34.75,4.38145
41.75,-34.75,3.68235
42.25,-34.75,3.04219
42.75,-34.75,2.46914
43.25,-34.75,1.9682
43.75,-34.75,1.54068
44.25,-34.75,1.18429
44.75,-34.75,0.893899
-44.75,-34.25,2.17863
-44.25,-34.25,2.2805
-43.75,-34.25,2.39963
-43.25,-34.25,2.54473
-42.75,-34.25,2.71841
-42.25,-34.25,2.91733
-41.75,-34.25,3.13733
-41.25,-34.25,3.37403
-40.75,-34.25,3.62354
-40.25,-34.25,3.88294
-39.75,-34.25,4.15064
-39.25,-34.25,4.42654
-38.75,-34.25,4.71192
-38.25,-34.25,5.00914
-37.75,-34.25,5.32125
-37.25,-34.25,5.65145
-36.75,-34.25,6.00262
-36.25,-34.25,6.37677
-35.75,-34.25,6.77466
-35.25,-34.25,7.19564
-34.75,-34.25,7.6375
-34.25,-34.25,8.09674
-33.75,-34.25,8.56888
-33.25,-34.25,9.04906
-32.75,-34.25,9.5326
-32.25,-34.25,10.0156
-31.75,-34.25,10.4955
-31.25,-34.25,10.9709
-30.75,-34.25,11.4421
-30.25,-34.25,11.9107
-29.75,-34.25,12.3794
-29.25,-34.25,12.8524
-28.75,-34.25,13.3347
-28.25,-34.25,13.8334
-27.75,-34.25,14.3575
-27.25,-34.25,14.9185
-26.75,-34.25,15.5315
-26.25,-34.25,16.2148
-25.75,-34.25,16.9901
-25.25,-34.25,17.8817
-24.75,-34.25,18.9155
-24.25,-34.25,20.1171
-23.75,-34.25,21.5094
-23.25,-34.25,23.1098
-22.75,-34.25,24.9276
-22.25,-34.25,26.9613
-21.75,-34.25,29.1974
-21.25,-34.25,31.6099
-20.75,-34.25,34.1624
-20.25,-34.25,36.8114
-19.75,-34.25,39.5111
-19.25,-34.25,42.2199
-18.75,-34.25,44.905
-18.25,-34.25,47.5472
-17.75,-34.25,50.1427
-17.25,-34.25,52.7024
-16.75,-34.25,55.2493
-16.25,-34.25,57.813
-15.75,-34.25,60.4244
-15.25,-34.25,63.1087
-14.75,-34.25,65.8804
-14.25,-34.25,68.7395
-13.75,-34.25,71.67
-13.25,-34.25,74.6412
-12.75,-34.25,77.6117
-12.25,-34.25,80.5357
-11.75,-34.25,83.3704
-11.25,-34.25,86.0833
-10.75,-34.25,88.6584
-10.25,-34.25,91.1003
-9.75,-34.25,93.4345
-9.25,-34.25,95.7064
-8.75,-34.25,97.9774
-8.25,-34.25,100.32
-7.75,-34.25,102.814
-7.25,-34.25,105.54
-6.75,-34.25,108.575
-6.25,-34.25,111.989
-5.75,-34.25,115.839
-5.25,-34.25,120.165
-4.75,-34.25,124.988
-4.25,-34.25,130.302
-3.75,-34.25,136.078
-3.25,-34.25,142.258
-2.75,-34.25,148.761
-2.25,-34.25,155.486
-1.75,-34.25,162.313
-1.25,-34.25,169.113
-0.75,-34.25,175.755
-0.25,-34.25,182.114
0.25,-34.25,188.081
0.75,-34.25,193.57
1.25,-34.25,198.523
1.75,-34.25,202.915
2.25,-34.25,206.755
2.75,-34.25,210.084
3.25,-34.25,212.967
3.75,-34.25,215.489
4.25,-34.25,217.746
4.75,-34.25,219.836
5.25,-34.25,221.849
5.75,-34.25,223.865
6.25,-34.25,225.945
6.75,-34.25,228.13
7.25,-34.25,230.442
7.75,-34.25,232.878
8.25,-34.25,235.422
8.75,-34.25,238.041
9.25,-34.25,240.692
9.75,-34.25,243.323
10.25,-34.25,245.876
10.75,-34.25,248.288
11.25,-34.25,250.492
11.75,-34.25,252.421
12.25,-34.25,254.012
12.75,-34.25,255.204
13.25,-34.25,255.949
13.75,-34.25,256.211
14.25,-34.25,255.97
14.75,-34.25,255.217
15.25,-34.25,253.96
15.75,-34.25,252.21
16.25,-34.25,249.978
16.75,-34.25,247.265
17.25,-34.25,244.059
17.75,-34.25,240.326
18.25,-34.25,236.012
18.75,-34.25,231.046
19.25,-34.25,225.348
19.75,-34.25,218.839
20.25,-34.25,211.457
20.75,-34.25,203.174
21.25,-34.25,194.005
21.75,-34.25,184.021
22.25,-34.25,173.348
22.75,-34.25,162.166
23.25,-34.25,150.694
23.75,-34.25,139.172
24.25,-34.25,127.841
24.75,-34.25,116.922
25.25,-34.25,106.598
25.75,-34.25,97.0035
26.25,-34.25,88.2193
26.75,-34.25,80.2729
27.25,-34.25,73.1465
27.75,-34.25,66.7872
28.25,-34.25,61.1184
28.75,-34.25,56.0505
29.25,-34.25,51.4912
29.75,-34.25,47.3533
30.25,-34.25,43.5605
30.75,-34.25,40.0509
31.25,-34.25,36.7785
31.75,-34.25,33.7127
32.25,-34.25,30.8365
32.75,-34.25,28.1438
33.25,-34.25,25.6353
33.75,-34.25,23.3148
34.25,-34.25,21.1856
34.75,-34.25,19.2477
35.25,-34.25,17.4959
35.75,-34.25,15.9186
36.25,-34.25,14.4989
36.75,-34.25,13.2155
37.25,-34.25,12.045
37.75,-34.25,10.9638
38.25,-34.25,9.95075
38.75,-34.25,8.98887
39.25,-34.25,8.06634
39.75,-34.25,7.17708
40.25,-34.25,6.32042
40.75,-34.25,5.50021
41.25,-34.25,4.72344
41.75,-34.25,3.99858
42.25,-34.25,3.33399
42.75,-34.25,2.73641
43.25,-34.25,2.21013
43.75,-34.25,1.75632
44.25,-34.25,1.37297
44.75,-34.25,1.05555
-44.75,-33.75,2.61736
-44.25,-33.75,2.77736
-43.75,-33.75,2.9479
-43.25,-33.75,3.1372
-42.75,-33.75,3.34699
-42.25,-33.75,3.57207
-41.75,-33.75,3.80668
-41.25,-33.75,4.04531
-40.75,-33.75,4.2835
-40.25,-33.75,4.51833
-39.75,-33.75,4.74881
-39.25,-33.75,4.97585
-38.75,-33.75,5.20209
-38.25,-33.75,5.43146
-37.75,-33.75,5.66873
-37.25,-33.75,5.91901
-36.75,-33.75,6.18728
-36.25,-33.75,6.47796
-35.75,-33.75,6.79465
-35.25,-33.75,7.13993
-34.75,-33.75,7.51536
-34.25,-33.75,7.92148
-33.75,-33.75,8.35802
-33.25,-33.75,8.82414
-32.75,-33.75,9.3187
-32.25,-33.75,9.84055
-31.75,-33.75,10.3887
-31.25,-33.75,10.9626
-30.75,-33.75,11.5618
-30.25,-33.75,12.1865
-29.75,-33.75,12.8374
-29.25,-33.75,13.5157
-28.75,-33.75,14.224
-28.25,-33.75,14.9665
-27.75,-33.75,15.7499
-27.25,-33.75,16.5842
-26.75,-33.75,17.4833
-26.25,-33.75,18.4659
-25.75,-33.75,19.5546
-25.25,-33.75,20.776
-24.75,-33.75,22.1589
-24.25,-33.75,23.7323
-23.75,-33.75,25.5223
-23.25,-33.75,27.5493
-22.75,-33.75,29.8245
-22.25,-33.75,32.3468
-21.75,-33.75,35.1014
-21.25,-33.75,38.0592
-20.75,-33.75,41.1795
-20.25,-33.75,44.4133
-19.75,-33.75,47.7096
-19.25,-33.75,51.0216
-18.75,-33.75,54.3134
-18.25,-33.75,57.564
-17.75,-33.75,60.7698
-17.25,-33.75,63.9439
-16.75,-33.75,67.1122
-16.25,-33.75,70.3076
-15.75,-33.75,73.5628
-15.25,-33.75,76.9031
-14.75,-33.75,80.3394
-14.25,-33.75,83.8647
-13.75,-33.75,87.4522
-13.25,-33.75,91.0572
-12.75,-33.75,94.6228
-12.25,-33.75,98.0878
-11.75,-33.75,101.396
-11.25,-33.75,104.505
-10.75,-33.75,107.395
-10.25,-33.75,110.072
-9.75,-33.75,112.569
-9.25,-33.75,114.945
-8.75,-33.75,117.276
-8.25,-33.75,119.651
-7.75,-33.75,122.169
-7.25,-33.75,124.924
-6.75,-33.75,128.007
-6.25,-33.75,131.498
-5.75,-33.75,135.463
-5.25,-33.75,139.946
-4.75,-33.75,144.972
-4.25,-33.75,150.541
-3.75,-33.75,156.627
-3.25,-33.75,163.18
-2.75,-33.75,170.124
-2.25,-33.75,177.366
-1.75,-33.75,184.795
-1.25,-33.75,192.286
-0.75,-33.75,199.713
-0.25,-33.75,206.951
0.25,-33.75,213.884
0.75,-33.75,220.415
1.25,-33.75,226.473
1.75,-33.75,232.015
2.25,-33.75,237.03
2.75,-33.75,241.537
3.25,-33.75,245.581
3.75,-33.75,249.231
4.25,-33.75,252.567
4.75,-33.75,255.674
5.25,-33.75,258.634
5.75,-33.75,261.521
6.25,-33.75,264.392
6.75,-33.75,267.288
7.25,-33.75,270.232
7.75,-33.75,273.229
8.25,-33.75,276.269
8.75,-33.75,279.332
9.25,-33.75,282.387
9.75,-33.75,285.395
10.25,-33.75,288.313
10.75,-33.75,291.089
11.25,-33.75,293.666
11.75,-33.75,295.98
12.25,-33.75,297.968
12.75,-33.75,299.563
13.25,-33.75,300.706
13.75,-33.75,301.346
14.25,-33.75,301.443
14.75,-33.75,300.969
15.25,-33.75,299.91
15.75,-33.75,298.255
16.25,-33.75,295.994
16.75,-33.75,293.114
17.25,-33.75,289.583
17.75,-33.75,285.356
18.25,-33.75,280.368
18.75,-33.75,274.537
19.25,-33.75,267.779
19.75,-33.75,260.013
20.25,-33.75,251.182
20.75,-33.75,241.264
21.25,-33.75,230.291
21.75,-33.75,218.357
22.25,-33.75,205.617
22.75,-33.75,192.283
23.25,-33.75,178.612
23.75,-33.75,164.882
24.25,-33.75,151.374
24.75,-33.75,138.343
25.25,-33.75,126.002
25.75,-33.75,114.51
26.25,-33.75,103.963
26.75,-33.75,94.3981
27.25,-33.75,85.7992
27.75,-33.75,78.1103
28.25,-33.75,71.247
28.75,-33.75,65.1096
29.25,-33.75,59.5941
29.75,-33.75,54.6013
30.25,-33.75,50.0434
30.75,-33.75,45.848
31.25,-33.75,41.9595
31.75,-33.75,38.339
32.25,-33.75,34.9624
32.75,-33.75,31.8176
33.25,-33.75,28.9
33.75,-33.75,26.2092
34.25,-33.75,23.7451
34.75,-33.75,21.5051
35.25,-33.75,19.4817
35.75,-33.75,17.662
36.25,-33.75,16.0275
36.75,-33.75,14.556
37.25,-33.75,13.2226
37.75,-33.75,12.0025
38.25,-33.75,10.8728
38.75,-33.75,9.81441
39.25,-33.75,8.81307
39.75,-33.75,7.85988
40.25,-33.75,6.95113
40.75,-33.75,6.0875
41.25,-33.75,5.27288
41.75,-33.75,4.51296
42.25,-33.75,3.81376
42.75,-33.75,3.18044
43.25,-33.75,2.6164
43.75,-33.75,2.12271
44.25,-33.75,1.69777
44.75,-33.75,1.33792
-44.75,-33.25,3.06379
-44.25,-33.25,3.29047
-43.75,-33.25,3.51703
-43.25,-33.25,3.75076
-42.75,-33.25,3.99252
-42.25,-33.25,4.23568
-41.75,-33.25,4.47364
-41.25,-33.25,4.70082
-40.75,-33.25,4.91335
-40.25,-33.25,5.10947
-39.75,-33.25,5.28974
-39.25,-33.25,5.45678
-38.75,-33.25,5.61502
-38.25,-33.25,5.77018
-37.75,-33.25,5.92881
-37.25,-33.25,6.09787
-36.75,-33.25,6.28441
-36.25,-33.25,6.49529
-35.75,-33.25,6.73697
-35.25,-33.25,7.01543
-34.75,-33.25,7.33605
-34.25,-33.25,7.70351
-33.75,-33.25,8.1217
-33.25,-33.25,8.59377
-32.75,-33.25,9.12205
-32.25,-33.25,9.70811
-31.75,-33.25,10.3527
-31.25,-33.25,11.056
-30.75,-33.25,11.8173
-30.25,-33.25,12.6356
-29.75,-33.25,13.5095
-29.25,-33.25,14.4379
-28.75,-33.25,15.4204
-28.25,-33.25,16.4582
-27.75,-33.25,17.5556
-27.25,-33.25,18.7204
-26.75,-33.25,19.9654
-26.25,-33.25,21.3087
-25.75,-33.25,22.7741
-25.25,-33.25,24.3898
-24.75,-33.25,26.1875
-24.25,-33.25,28.1992
-23.75,-33.25,30.4547
-23.25,-33.25,32.9774
-22.75,-33.25,35.7808
-22.25,-33.25,38.8645
-21.75,-33.25,42.213
-21.25,-33.25,45.7949
-20.75,-33.25,49.5654
-20.25,-33.25,53.4706
-19.75,-33.25,57.454
-19.25,-33.25,61.4637
-18.75,-33.25,65.4595
-18.25,-33.25,69.4175
-17.75,-33.25,73.3332
-17.25,-33.25,77.2198
-16.75,-33.25,81.1044
-16.25,-33.25,85.0211
-15.75,-33.25,89.0029
-15.25,-33.25,93.0729
-14.75,-33.25,97.2372
-14.25,-33.25,101.48
-13.75,-33.25,105.764
-13.25,-33.25,110.03
-12.75,-33.25,114.206
-12.25,-33.25,118.217
-11.75,-33.25,121.995
-11.25,-33.25,125.49
-10.75,-33.25,128.681
-10.25,-33.25,131.577
-9.75,-33.25,134.221
-9.25,-33.25,136.684
-8.75,-33.25,139.058
-8.25,-33.25,141.451
-7.75,-33.25,143.976
-7.25,-33.25,146.744
-6.75,-33.25,149.857
-6.25,-33.25,153.406
-5.75,-33.25,157.461
-5.25,-33.25,162.076
-4.75,-33.25,167.278
-4.25,-33.25,173.074
-3.75,-33.25,179.444
-3.25,-33.25,186.348
-2.75,-33.25,193.72
-2.25,-33.25,201.477
-1.75,-33.25,209.52
-1.25,-33.25,217.735
-0.75,-33.25,226.002
-0.25,-33.25,234.197
0.25,-33.25,242.203
0.75,-33.25,249.913
1.25,-33.25,257.24
1.75,-33.25,264.121
2.25,-33.25,270.522
2.75,-33.25,276.437
3.25,-33.25,281.885
3.75,-33.25,286.911
4.25,-33.25,291.571
4.75,-33.25,295.932
5.25,-33.25,300.061
5.75,-33.25,304.018
6.25,-33.25,307.854
6.75,-33.25,311.608
7.25,-33.25,315.303
7.75,-33.25,318.952
8.25,-33.25,322.559
8.75,-33.25,326.116
9.25,-33.25,329.614
9.75,-33.25,333.035
10.25,-33.25,336.354
10.75,-33.25,339.537
11.25,-33.25,342.541
11.75,-33.25,345.31
12.25,-33.25,347.78
12.75,-33.25,349.88
13.25,-33.25,351.536
13.75,-33.25,352.676
14.25,-33.25,353.236
14.75,-33.25,353.161
15.25,-33.25,352.406
15.75,-33.25,350.931
16.25,-33.25,348.702
16.75,-33.25,345.678
17.25,-33.25,341.813
17.75,-33.25,337.044
18.25,-33.25,331.296
18.75,-33.25,324.482
19.25,-33.25,316.513
19.75,-33.25,307.314
20.25,-33.25,296.833
20.75,-33.25,285.065
21.25,-33.25,272.062
21.75,-33.25,257.942
22.25,-33.25,242.893
22.75,-33.25,227.163
23.25,-33.25,211.046
23.75,-33.25,194.861
24.25,-33.25,178.925
24.75,-33.25,163.529
25.25,-33.25,148.915
25.75,-33.25,135.267
26.25,-33.25,122.698
26.75,-33.25,111.255
27.25,-33.25,100.928
27.75,-33.25,91.6589
28.25,-33.25,83.3597
28.75,-33.25,75.9225
29.25,-33.25,69.2343
29.75,-33.25,63.1864
30.25,-33.25,57.6814
30.75,-33.25,52.638
31.25,-33.25,47.9922
31.75,-33.25,43.6972
32.25,-33.25,39.7214
32.75,-33.25,36.0454
33.25,-33.25,32.6575
33.75,-33.25,29.5507
34.25,-33.25,26.7185
34.75,-33.25,24.1526
35.25,-33.25,21.8407
35.75,-33.25,19.7657
36.25,-33.25,17.906
36.75,-33.25,16.2367
37.25,-33.25,14.7309
37.75,-33.25,13.3618
38.25,-33.25,12.1047
38.75,-33.25,10.9383
39.25,-33.25,9.84618
39.75,-33.25,8.8168
40.25,-33.25,7.84359
40.75,-33.25,6.92419
41.25,-33.25,6.05945
41.75,-33.25,5.2522
42.25,-33.25,4.50606
42.75,-33.25,3.82436
43.25,-33.25,3.20945
43.75,-33.25,2.66211
44.25,-33.25,2.18103
44.75,-33.25,1.76342
-44.75,-32.75,3.492
-44.25,-32.75,3.7828
-43.75,-32.75,4.05946
-43.25,-32.75,4.32843
-42.75,-32.75,4.59026
-42.25,-32.75,4.83772
-41.75,-32.75,5.06455
-41.25,-32.75,5.2663
-40.75,-32.75,5.44091
-40.25,-32.75,5.5888
-39.75,-32.75,5.71279
-39.25,-32.75,5.81772
-38.75,-32.75,5.90994
-38.25,-32.75,5.99685
-37.75,-32.75,6.08652
-37.25,-32.75,6.18742
-36.75,-32.75,6.30829
-36.25,-32.75,6.45804
-35.75,-32.75,6.64563
-35.25,-32.75,6.88003
-34.75,-32.75,7.17006
-34.25,-32.75,7.52409
-33.75,-32.75,7.94981
-33.25,-32.75,8.454
-32.75,-32.75,9.0423
-32.25,-32.75,9.71907
-31.75,-32.75,10.4872
-31.25,-32.75,11.3482
-30.75,-32.75,12.302
-30.25,-32.75,13.3472
-29.75,-32.75,14.4814
-29.25,-32.75,15.7016
-28.75,-32.75,17.0049
-28.25,-32.75,18.3902
-27.75,-32.75,19.8587
-27.25,-32.75,21.4161
-26.75,-32.75,23.0732
-26.25,-32.75,24.8474
-25.75,-32.75,26.7624
-25.25,-32.75,28.8477
-24.75,-32.75,31.137
-24.25,-32.75,33.6651
-23.75,-32.75,36.4649
-23.25,-32.75,39.5627
-22.75,-32.75,42.9741
-22.25,-32.75,46.7
-21.75,-32.75,50.7246
-21.25,-32.75,55.0146
-20.75,-32.75,59.5219
-20.25,-32.75,64.1879
-19.75,-32.75,68.951
-19.25,-32.75,73.7536
-18.75,-32.75,78.5505
-18.25,-32.75,83.3139
-17.75,-32.75,88.0362
-17.25,-32.75,92.7289
-16.75,-32.75,97.418
-16.25,-32.75,102.137
-15.75,-32.75,106.916
-15.25,-32.75,111.775
-14.75,-32.75,116.714
-14.25,-32.75,121.709
-13.75,-32.75,126.709
-13.25,-32.75,131.645
-12.75,-32.75,136.43
-12.25,-32.75,140.978
-11.75,-32.75,145.213
-11.25,-32.75,149.08
-10.75,-32.75,152.56
-10.25,-32.75,155.666
-9.75,-32.75,158.453
-9.25,-32.75,161.004
-8.75,-32.75,163.429
-8.25,-32.75,165.85
-7.75,-32.75,168.395
-7.25,-32.75,171.189
-6.75,-32.75,174.344
-6.25,-32.75,177.96
-5.75,-32.75,182.113
-5.25,-32.75,186.862
-4.75,-32.75,192.242
-4.25,-32.75,198.264
-3.75,-32.75,204.918
-3.25,-32.75,212.174
-2.75,-32.75,219.979
-2.25,-32.75,228.266
-1.75,-32.75,236.948
-1.25,-32.75,245.925
-0.75,-32.75,255.085
-0.25,-32.75,264.311
0.25,-32.75,273.482
0.75,-32.75,282.487
1.25,-32.75,291.223
1.75,-32.75,299.607
2.25,-32.75,307.58
2.75,-32.75,315.106
3.25,-32.75,322.178
3.75,-32.75,328.808
4.25,-32.75,335.025
4.75,-32.75,340.87
5.25,-32.75,346.389
5.75,-32.75,351.625
6.25,-32.75,356.617
6.75,-32.75,361.398
7.25,-32.75,365.992
7.75,-32.75,370.419
8.25,-32.75,374.697
8.75,-32.75,378.839
9.25,-32.75,382.857
9.75,-32.75,386.758
10.25,-32.75,390.543
10.75,-32.75,394.201
11.25,-32.75,397.704
11.75,-32.75,401.009
12.25,-32.75,404.053
12.75,-32.75,406.758
13.25,-32.75,409.034
13.75,-32.75,410.787
14.25,-32.75,411.921
14.75,-32.75,412.346
15.25,-32.75,411.98
15.75,-32.75,410.75
16.25,-32.75,408.587
16.75,-32.75,405.424
17.25,-32.75,401.193
17.75,-32.75,395.815
18.25,-32.75,389.207
18.75,-32.75,381.28
19.25,-32.75,371.947
19.75,-32.75,361.14
20.25,-32.75,348.822
20.75,-32.75,335.005
21.25,-32.75,319.766
21.75,-32.75,303.251
22.25,-32.75,285.681
22.75,-32.75,267.339
23.25,-32.75,248.557
23.75,-32.75,229.689
24.25,-32.75,211.09
24.75,-32.75,193.081
25.25,-32.75,175.937
25.75,-32.75,159.863
26.25,-32.75,144.993
26.75,-32.75,131.387
27.25,-32.75,119.043
27.75,-32.75,107.906
28.25,-32.75,97.8873
28.75,-32.75,88.8767
29.25,-32.75,80.756
29.75,-32.75,73.4103
30.25,-32.75,66.7361
30.75,-32.75,60.6456
31.25,-32.75,55.0676
31.75,-32.75,49.9485
32.25,-32.75,45.2487
32.75,-32.75,40.9402
33.25,-32.75,37.0024
33.75,-32.75,33.4187
34.25,-32.75,30.1733
34.75,-32.75,27.2487
35.25,-32.75,24.6246
35.75,-32.75,22.2768
36.25,-32.75,20.1781
36.75,-32.75,18.2989
37.25,-32.75,16.6088
37.75,-32.75,15.0784
38.25,-32.75,13.6806
38.75,-32.75,12.3921
39.25,-32.75,11.1943
39.75,-32.75,10.0732
40.25,-32.75,9.01996
40.75,-32.75,8.02943
41.25,-32.75,7.0997
41.75,-32.75,6.2309
42.25,-32.75,5.42423
42.75,-32.75,4.68108
43.25,-32.75,4.00248
43.75,-32.75,3.38861
44.25,-32.75,2.83807
44.75,-32.75,2.34863
-44.75,-32.25,3.88918
-44.25,-32.25,4.22755
-43.75,-32.25,4.53576
-43.25,-32.25,4.8204
-42.75,-32.25,5.08289
-42.25,-32.25,5.31661
-41.75,-32.25,5.51681
-41.25,-32.25,5.68128
-40.75,-32.25,5.81053
-40.25,-32.25,5.90773
-39.75,-32.25,5.97819
-39.25,-32.25,6.02887
-38.75,-32.25,6.06778
-38.25,-32.25,6.1036
-37.75,-32.25,6.14539
-37.25,-32.25,6.20254
-36.75,-32.25,6.28486
-36.25,-32.25,6.4027
-35.75,-32.25,6.5669
-35.25,-32.25,6.78881
-34.75,-32.25,7.08008
-34.25,-32.25,7.45226
-33.75,-32.25,7.9164
-33.25,-32.25,8.48273
-32.75,-32.25,9.16024
-32.25,-32.25,9.95638
-31.75,-32.25,10.8769
-31.25,-32.25,11.9254
-30.75,-32.25,13.1036
-30.25,-32.25,14.411
-29.75,-32.25,15.8451
-29.25,-32.25,17.402
-28.75,-32.25,19.0772
-28.25,-32.25,20.8672
-27.75,-32.25,22.7706
-27.25,-32.25,24.7904
-26.75,-32.25,26.9352
-26.25,-32.25,29.2206
-25.75,-32.25,31.6695
-25.25,-32.25,34.3116
-24.75,-32.25,37.1814
-24.25,-32.25,40.3159
-23.75,-32.25,43.75
-23.25,-32.25,47.5123
-22.75,-32.25,51.6205
-22.25,-32.25,56.0766
-21.75,-32.25,60.8648
-21.25,-32.25,65.9504
-20.75,-32.25,71.2826
-20.25,-32.25,76.7987
-19.75,-32.25,82.4318
-19.25,-32.25,88.1187
-18.75,-32.25,93.8084
-18.25,-32.25,99.4677
-17.75,-32.25,105.084
-17.25,-32.25,110.666
-16.75,-32.25,116.235
-16.25,-32.25,121.821
-15.75,-32.25,127.452
-15.25,-32.25,133.142
-14.75,-32.25,138.884
-14.25,-32.25,144.645
-13.75,-32.25,150.366
-13.25,-32.25,155.964
-12.75,-32.25,161.346
-12.25,-32.25,166.415
-11.75,-32.25,171.092
-11.25,-32.25,175.321
-10.75,-32.25,179.085
-10.25,-32.25,182.408
-9.75,-32.25,185.353
-9.25,-32.25,188.019
-8.75,-32.25,190.527
-8.25,-32.25,193.016
-7.75,-32.25,195.626
-7.25,-32.25,198.491
-6.75,-32.25,201.734
-6.25,-32.25,205.46
-5.75,-32.25,209.752
-5.25,-32.25,214.672
-4.75,-32.25,220.261
-4.25,-32.25,226.539
-3.75,-32.25,233.505
-3.25,-32.25,241.14
-2.75,-32.25,249.407
-2.25,-32.25,258.253
-1.75,-32.25,267.609
-1.25,-32.25,277.389
-0.75,-32.25,287.494
-0.25,-32.25,297.814
0.25,-32.25,308.229
0.75,-32.25,318.622
1.25,-32.25,328.878
1.75,-32.25,338.896
2.25,-32.25,348.59
2.75,-32.25,357.898
3.25,-32.25,366.778
3.75,-32.25,375.211
4.25,-32.25,383.194
4.75,-32.25,390.738
5.25,-32.25,397.862
5.75,-32.25,404.588
6.25,-32.25,410.938
6.75,-32.25,416.935
7.25,-32.25,422.604
7.75,-32.25,427.971
8.25,-32.25,433.066
8.75,-32.25,437.924
9.25,-32.25,442.58
9.75,-32.25,447.071
10.25,-32.25,451.424
10.75,-32.25,455.653
11.25,-32.25,459.75
11.75,-32.25,463.684
12.25,-32.25,467.396
12.75,-32.25,470.801
13.25,-32.25,473.793
13.75,-32.25,476.251
14.25,-32.25,478.044
14.75,-32.25,479.043
15.25,-32.25,479.125
15.75,-32.25,478.173
16.25,-32.25,476.083
16.75,-32.25,472.759
17.25,-32.25,468.108
17.75,-32.25,462.039
18.25,-32.25,454.463
18.75,-32.25,445.292
19.25,-32.25,434.447
19.75,-32.25,421.874
20.25,-32.25,407.553
20.75,-32.25,391.519
21.25,-32.25,373.874
21.75,-32.25,354.794
22.25,-32.25,334.529
22.75,-32.25,313.397
23.25,-32.25,291.763
23.75,-32.25,270.013
24.25,-32.25,248.534
24.75,-32.25,227.679
25.25,-32.25,207.748
25.75,-32.25,188.972
26.25,-32.25,171.504
26.75,-32.25,155.423
27.25,-32.25,140.738
27.75,-32.25,127.405
28.25,-32.25,115.34
28.75,-32.25,104.437
29.25,-32.25,94.5762
29.75,-32.25,85.6437
30.25,-32.25,77.5334
30.75,-32.25,70.1541
31.25,-32.25,63.43
31.75,-32.25,57.3011
32.25,-32.25,51.7198
32.75,-32.25,46.6485
33.25,-32.25,42.0554
33.75,-32.25,37.9115
34.25,-32.25,34.1884
34.75,-32.25,30.8562
35.25,-32.25,27.8828
35.75,-32.25,25.234
36.25,-32.25,22.874
36.75,-32.25,20.7663
37.25,-32.25,18.8753
37.75,-32.25,17.1674
38.25,-32.25,15.6124
38.75,-32.25,14.1847
39.25,-32.25,12.8634
39.75,-32.25,11.6328
40.25,-32.25,10.4816
40.75,-32.25,9.40254
41.25,-32.25,8.39134
41.75,-32.25,7.44572
42.25,-32.25,6.56454
42.75,-32.25,5.74718
43.25,-32.25,4.99304
43.75,-32.25,4.30128
44.25,-32.25,3.66989
44.75,-32.25,3.09668
-44.75,-31.75,4.26112
-44.25,-31.75,4.61618
-43.75,-31.75,4.92515
-43.25,-31.75,5.19674
-42.75,-31.75,5.43486
-42.25,-31.75,5.63476
-41.75,-31.75,5.79414
-41.25,-31.75,5.91351
-40.75,-31.75,5.99612
-40.25,-31.75,6.04761
-39.75,-31.75,6.07537
-39.25,-31.75,6.08788
-38.75,-31.75,6.0942
-38.25,-31.75,6.10361
-37.75,-31.75,6.12555
-37.25,-31.75,6.16973
-36.75,-31.75,6.24644
-36.25,-31.75,6.36682
-35.75,-31.75,6.54302
-35.25,-31.75,6.78819
-34.75,-31.75,7.11633
-34.25,-31.75,7.5418
-33.75,-31.75,8.07887
-33.25,-31.75,8.74127
-32.75,-31.75,9.54163
-32.25,-31.75,10.4911
-31.75,-31.75,11.5989
-31.25,-31.75,12.872
-30.75,-31.75,14.3146
-30.25,-31.75,15.928
-29.75,-31.75,17.7108
-29.25,-31.75,19.6589
-28.75,-31.75,21.7669
-28.25,-31.75,24.0293
-27.75,-31.75,26.4422
-27.25,-31.75,29.0057
-26.75,-31.75,31.7256
-26.25,-31.75,34.6148
-25.75,-31.75,37.6944
-25.25,-31.75,40.9929
-24.75,-31.75,44.5446
-24.25,-31.75,48.3868
-23.75,-31.75,52.5556
-23.25,-31.75,57.0811
-22.75,-31.75,61.982
-22.25,-31.75,67.2615
-21.75,-31.75,72.9035
-21.25,-31.75,78.8728
-20.75,-31.75,85.1158
-20.25,-31.75,91.5665
-19.75,-31.75,98.1529
-19.25,-31.75,104.806
-18.75,-31.75,111.469
-18.25,-31.75,118.101
-17.75,-31.75,124.684
-17.25,-31.75,131.22
-16.75,-31.75,137.726
-16.25,-31.75,144.228
-15.75,-31.75,150.746
-15.25,-31.75,157.29
-14.75,-31.75,163.845
-14.25,-31.75,170.372
-13.75,-31.75,176.803
-13.25,-31.75,183.05
-12.75,-31.75,189.01
-12.25,-31.75,194.587
-11.75,-31.75,199.696
-11.25,-31.75,204.288
-10.75,-31.75,208.35
-10.25,-31.75,211.915
-9.75,-31.75,215.058
-9.25,-31.75,217.89
-8.75,-31.75,220.545
-8.25,-31.75,223.172
-7.75,-31.75,225.922
-7.25,-31.75,228.937
-6.75,-31.75,232.346
-6.25,-31.75,236.257
-5.75,-31.75,240.759
-5.25,-31.75,245.919
-4.75,-31.75,251.782
-4.25,-31.75,258.374
-3.75,-31.75,265.705
-3.25,-31.75,273.77
-2.75,-31.75,282.546
-2.25,-31.75,291.998
-1.75,-31.75,302.074
-1.25,-31.75,312.703
-0.75,-31.75,323.802
-0.25,-31.75,335.267
0.25,-31.75,346.986
0.75,-31.75,358.835
1.25,-31.75,370.692
1.75,-31.75,382.438
2.25,-31.75,393.965
2.75,-31.75,405.183
3.25,-31.75,416.018
3.75,-31.75,426.416
4.25,-31.75,436.343
4.75,-31.75,445.776
5.25,-31.75,454.703
5.75,-31.75,463.122
6.25,-31.75,471.036
6.75,-31.75,478.455
7.25,-31.75,485.4
7.75,-31.75,491.901
8.25,-31.75,497.999
8.75,-31.75,503.747
9.25,-31.75,509.207
9.75,-31.75,514.44
10.25,-31.75,519.501
10.75,-31.75,524.43
11.25,-31.75,529.239
11.75,-31.75,533.91
12.25,-31.75,538.388
12.75,-31.75,542.582
13.25,-31.75,546.369
13.75,-31.75,549.601
14.25,-31.75,552.11
14.75,-31.75,553.724
15.25,-31.75,554.274
15.75,-31.75,553.601
16.25,-31.75,551.562
16.75,-31.75,548.028
17.25,-31.75,542.886
17.75,-31.75,536.034
18.25,-31.75,527.38
18.75,-31.75,516.842
19.25,-31.75,504.355
19.75,-31.75,489.883
20.25,-31.75,473.428
20.75,-31.75,455.048
21.25,-31.75,434.871
21.75,-31.75,413.101
22.25,-31.75,390.016
22.75,-31.75,365.96
23.25,-31.75,341.325
23.75,-31.75,316.527
24.25,-31.75,291.977
24.75,-31.75,268.055
25.25,-31.75,245.086
25.75,-31.75,223.326
26.25,-31.75,202.951
26.75,-31.75,184.059
27.25,-31.75,166.68
27.75,-31.75,150.785
28.25,-31.75,136.303
28.75,-31.75,123.139
29.25,-31.75,111.183
29.75,-31.75,100.325
30.25,-31.75,90.4632
30.75,-31.75,81.5066
31.25,-31.75,73.3777
31.75,-31.75,66.0113
32.25,-31.75,59.3521
32.75,-31.75,53.3514
33.25,-31.75,47.9645
33.75,-31.75,43.1472
34.25,-31.75,38.8553
34.75,-31.75,35.0431
35.25,-31.75,31.6635
35.75,-31.75,28.6689
36.25,-31.75,26.0117
36.75,-31.75,23.6461
37.25,-31.75,21.5288
37.75,-31.75,19.6206
38.25,-31.75,17.8872
38.75,-31.75,16.2995
39.25,-31.75,14.8344
39.75,-31.75,13.4741
40.25,-31.75,12.2054
40.75,-31.75,11.0193
41.25,-31.75,9.90931
41.75,-31.75,8.8712
42.25,-31.75,7.90163
42.75,-31.75,6.99787
43.25,-31.75,6.15748
43.75,-31.75,5.37813
44.25,-31.75,4.65667
44.75,-31.75,3.99032
-44.75,-31.25,4.63372
-44.25,-31.25,4.96331
-43.75,-31.25,5.23355
-43.25,-31.25,5.45792
-42.75,-31.25,5.6445
-42.25,-31.25,5.79138
-41.75,-31.25,5.89896
-41.25,-31.25,5.97022
-40.75,-31.25,6.01048
-40.25,-31.25,6.02692
-39.75,-31.25,6.02799
-39.25,-31.25,6.02279
-38.75,-31.25,6.02063
-38.25,-31.25,6.03079
-37.75,-31.25,6.06259
-37.25,-31.25,6.12567
-36.75,-31.25,6.23045
-36.25,-31.25,6.3885
-35.75,-31.25,6.6129
-35.25,-31.25,6.9183
-34.75,-31.25,7.32083
-34.25,-31.25,7.83762
-33.75,-31.25,8.48629
-33.25,-31.25,9.28443
-32.75,-31.25,10.2488
-32.25,-31.25,11.3949
-31.75,-31.25,12.7362
-31.25,-31.25,14.2834
-30.75,-31.25,16.0442
-30.25,-31.25,18.0222
-29.75,-31.25,20.2175
-29.25,-31.25,22.6266
-28.75,-31.25,25.2433
-28.25,-31.25,28.0605
-27.75,-31.25,31.072
-27.25,-31.25,34.2747
-26.75,-31.25,37.6709
-26.25,-31.25,41.2702
-25.75,-31.25,45.0904
-25.25,-31.25,49.1576
-24.75,-31.25,53.5039
-24.25,-31.25,58.1656
-23.75,-31.25,63.1782
-23.25,-31.25,68.5719
-22.75,-31.25,74.3657
-22.25,-31.25,80.5632
-21.75,-31.25,87.1484
-21.25,-31.25,94.085
-20.75,-31.25,101.318
-20.25,-31.25,108.777
-19.75,-31.25,116.388
-19.25,-31.25,124.074
-18.75,-31.25,131.772
-18.25,-31.25,139.434
-17.75,-31.25,147.036
-17.25,-31.25,154.571
-16.75,-31.25,162.05
-16.25,-31.25,169.492
-15.75,-31.25,176.913
-15.25,-31.25,184.316
-14.75,-31.25,191.681
-14.25,-31.25,198.963
-13.75,-31.25,206.091
-13.25,-31.25,212.97
-12.75,-31.25,219.498
-12.25,-31.25,225.577
-11.75,-31.25,231.127
-11.25,-31.25,236.101
-10.75,-31.25,240.496
-10.25,-31.25,244.355
-9.75,-31.25,247.762
-9.25,-31.25,250.839
-8.75,-31.25,253.731
-8.25,-31.25,256.595
-7.75,-31.25,259.589
-7.25,-31.25,262.86
-6.75,-31.25,266.541
-6.25,-31.25,270.742
-5.75,-31.25,275.554
-5.25,-31.25,281.048
-4.75,-31.25,287.272
-4.25,-31.25,294.262
-3.75,-31.25,302.036
-3.25,-31.25,310.601
-2.75,-31.25,319.951
-2.25,-31.25,330.068
-1.75,-31.25,340.916
-1.25,-31.25,352.443
-0.75,-31.25,364.579
-0.25,-31.25,377.233
0.25,-31.25,390.296
0.75,-31.25,403.648
1.25,-31.25,417.157
1.75,-31.25,430.691
2.25,-31.25,444.123
2.75,-31.25,457.337
3.25,-31.25,470.23
3.75,-31.25,482.716
4.25,-31.25,494.726
4.75,-31.25,506.204
5.25,-31.25,517.108
5.75,-31.25,527.408
6.25,-31.25,537.086
6.75,-31.25,546.136
7.25,-31.25,554.573
7.75,-31.25,562.427
8.25,-31.25,569.747
8.75,-31.25,576.601
9.25,-31.25,583.071
9.75,-31.25,589.243
10.25,-31.25,595.194
10.75,-31.25,600.986
11.25,-31.25,606.652
11.75,-31.25,612.185
12.25,-31.25,617.534
12.75,-31.25,622.603
13.25,-31.25,627.251
13.75,-31.25,631.302
14.25,-31.25,634.552
14.75,-31.25,636.788
15.25,-31.25,637.793
15.75,-31.25,637.366
16.25,-31.25,635.325
16.75,-31.25,631.512
17.25,-31.25,625.793
17.75,-31.25,618.06
18.25,-31.25,608.223
18.75,-31.25,596.211
19.25,-31.25,581.978
19.75,-31.25,565.508
20.25,-31.25,546.826
20.75,-31.25,526.017
21.25,-31.25,503.232
21.75,-31.25,478.697
22.25,-31.25,452.713
22.75,-31.25,425.644
23.25,-31.25,397.903
23.75,-31.25,369.924
24.25,-31.25,342.14
24.75,-31.25,314.951
25.25,-31.25,288.704
25.75,-31.25,263.68
26.25,-31.25,240.079
26.75,-31.25,218.025
27.25,-31.25,197.572
27.75,-31.25,178.716
28.25,-31.25,161.408
28.75,-31.25,145.573
29.25,-31.25,131.118
29.75,-31.25,117.947
30.25,-31.25,105.967
30.75,-31.25,95.0953
31.25,-31.25,85.2543
31.75,-31.25,76.3764
32.25,-31.25,68.3985
32.75,-31.25,61.2605
33.25,-31.25,54.9024
33.75,-31.25,49.2627
34.25,-31.25,44.2785
34.75,-31.25,39.8848
35.25,-31.25,36.0164
35.75,-31.25,32.609
36.25,-31.25,29.6004
36.75,-31.25,26.9322
37.25,-31.25,24.5515
37.75,-31.25,22.4111
38.25,-31.25,20.4708
38.75,-31.25,18.6974
39.25,-31.25,17.0645
39.75,-31.25,15.5519
40.25,-31.25,14.1446
40.75,-31.25,12.8317
41.25,-31.25,11.6052
41.75,-31.25,10.4586
42.25,-31.25,9.38676
42.75,-31.25,8.38476
43.25,-31.25,7.44817
43.75,-31.25,6.57284
44.25,-31.25,5.754
44.75,-31.25,4.98777
-44.75,-30.75,5.04944
-44.25,-30.75,5.30681
-43.75,-30.75,5.49668
-43.25,-30.75,5.64002
-42.75,-30.75,5.75033
-42.25,-30.75,5.82876
-41.75,-30.75,5.87794
-41.25,-30.75,5.90231
-40.75,-30.75,5.90796
-40.25,-30.75,5.90232
-39.75,-30.75,5.89369
-39.25,-30.75,5.89085
-38.75,-30.75,5.90275
-38.25,-30.75,5.9383
-37.75,-30.75,6.0066
-37.25,-30.75,6.11719
-36.75,-30.75,6.28067
-36.25,-30.75,6.5091
-35.75,-30.75,6.81651
-35.25,-30.75,7.21914
-34.75,-30.75,7.73538
-34.25,-30.75,8.38538
-33.75,-30.75,9.1905
-33.25,-30.75,10.1727
-32.75,-30.75,11.3533
-32.25,-30.75,12.7528
-31.75,-30.75,14.3891
-31.25,-30.75,16.2773
-30.75,-30.75,18.4282
-30.25,-30.75,20.8484
-29.75,-30.75,23.5393
-29.25,-30.75,26.498
-28.75,-30.75,29.7179
-28.25,-30.75,33.1903
-27.75,-30.75,36.9063
-27.25,-30.75,40.8596
-26.75,-30.75,45.0486
-26.25,-30.75,49.4783
-25.75,-30.75,54.1621
-25.25,-30.75,59.1217
-24.75,-30.75,64.3855
-24.25,-30.75,69.9865
-23.75,-30.75,75.9578
-23.25,-30.75,82.328
-22.75,-30.75,89.1155
-22.25,-30.75,96.323
-21.75,-30.75,103.934
-21.25,-30.75,111.913
-20.75,-30.75,120.201
-20.25,-30.75,128.728
-19.75,-30.75,137.414
-19.25,-30.75,146.178
-18.75,-30.75,154.95
-18.25,-30.75,163.676
-17.75,-30.75,172.323
-17.25,-30.75,180.876
-16.75,-30.75,189.341
-16.25,-30.75,197.729
-15.75,-30.75,206.051
-15.25,-30.75,214.305
-14.75,-30.75,222.469
-14.25,-30.75,230.494
-13.75,-30.75,238.306
-13.25,-30.75,245.812
-12.75,-30.75,252.91
-12.25,-30.75,259.506
-11.75,-30.75,265.525
-11.25,-30.75,270.927
-10.75,-30.75,275.718
-10.25,-30.75,279.949
-9.75,-30.75,283.714
-9.25,-30.75,287.143
-8.75,-30.75,290.388
-8.25,-30.75,293.613
-7.75,-30.75,296.979
-7.25,-30.75,300.634
-6.75,-30.75,304.714
-6.25,-30.75,309.329
-5.75,-30.75,314.571
-5.25,-30.75,320.512
-4.75,-30.75,327.206
-4.25,-30.75,334.693
-3.75,-30.75,343.002
-3.25,-30.75,352.153
-2.75,-30.75,362.154
-2.25,-30.75,373.002
-1.75,-30.75,384.681
-1.25,-30.75,397.156
-0.75,-30.75,410.37
-0.25,-30.75,424.245
0.25,-30.75,438.681
0.75,-30.75,453.558
1.25,-30.75,468.743
1.75,-30.75,484.093
2.25,-30.75,499.465
2.75,-30.75,514.722
3.25,-30.75,529.733
3.75,-30.75,544.384
4.25,-30.75,558.573
4.75,-30.75,572.214
5.25,-30.75,585.234
5.75,-30.75,597.576
6.25,-30.75,609.199
6.75,-30.75,620.083
7.25,-30.75,630.232
7.75,-30.75,639.671
8.25,-30.75,648.456
8.75,-30.75,656.663
9.25,-30.75,664.388
9.75,-30.75,671.733
10.25,-30.75,678.796
10.75,-30.75,685.654
11.25,-30.75,692.353
11.75,-30.75,698.897
12.25,-30.75,705.237
12.75,-30.75,711.269
13.25,-30.75,716.836
13.75,-30.75,721.734
14.25,-30.75,725.729
14.75,-30.75,728.562
15.25,-30.75,729.977
15.75,-30.75,729.732
16.25,-30.75,727.61
16.75,-30.75,723.428
17.25,-30.75,717.037
17.75,-30.75,708.325
18.25,-30.75,697.209
18.75,-30.75,683.636
19.25,-30.75,667.579
19.75,-30.75,649.046
20.25,-30.75,628.088
20.75,-30.75,604.811
21.25,-30.75,579.388
21.75,-30.75,552.061
22.25,-30.75,523.145
22.75,-30.75,493.018
23.25,-30.75,462.103
23.75,-30.75,430.846
24.25,-30.75,399.692
24.75,-30.75,369.057
25.25,-30.75,339.308
25.75,-30.75,310.747
26.25,-30.75,283.602
26.75,-30.75,258.026
27.25,-30.75,234.104
27.75,-30.75,211.865
28.25,-30.75,191.292
28.75,-30.75,172.339
29.25,-30.75,154.941
29.75,-30.75,139.024
30.25,-30.75,124.515
30.75,-30.75,111.341
31.25,-30.75,99.4329
31.75,-30.75,88.7217
32.25,-30.75,79.1382
32.75,-30.75,70.6104
33.25,-30.75,63.0621
33.75,-30.75,56.4121
34.25,-30.75,50.576
34.75,-30.75,45.4668
35.25,-30.75,40.9981
35.75,-30.75,37.0855
36.25,-30.75,33.649
36.75,-30.75,30.6154
37.25,-30.75,27.9188
37.75,-30.75,25.5022
38.25,-30.75,23.3175
38.75,-30.75,21.3257
39.25,-30.75,19.496
39.75,-30.75,17.8051
40.25,-30.75,16.2356
40.75,-30.75,14.7747
41.25,-30.75,13.4123
41.75,-30.75,12.1403
42.25,-30.75,10.9516
42.75,-30.75,9.83905
43.25,-30.75,8.79627
43.75,-30.75,7.81714
44.25,-30.75,6.89502
44.75,-30.75,6.02459
-44.75,-30.25,5.56037
-44.25,-30.25,5.70295
-43.75,-30.25,5.77647
-43.25,-30.25,5.81144
-42.75,-30.25,5.82724
-42.25,-30.25,5.82746
-41.75,-30.25,5.81586
-41.25,-30.25,5.79696
-40.75,-30.25,5.7762
-40.25,-30.25,5.75997
-39.75,-30.25,5.7555
-39.25,-30.25,5.77066
-38.75,-30.25,5.81374
-38.25,-30.25,5.89342
-37.75,-30.25,6.01883
-37.25,-30.25,6.19992
-36.75,-30.25,6.44794
-36.25,-30.25,6.776
-35.75,-30.25,7.19959
-35.25,-30.25,7.737
-34.75,-30.25,8.40939
-34.25,-30.25,9.24044
-33.75,-30.25,10.2557
-33.25,-30.25,11.4818
-32.75,-30.25,12.9454
-32.25,-30.25,14.6716
-31.75,-30.25,16.6831
-31.25,-30.25,18.9989
-30.75,-30.25,21.6329
-30.25,-30.25,24.5938
-29.75,-30.25,27.8845
-29.25,-30.25,31.5022
-28.75,-30.25,35.4396
-28.25,-30.25,39.6863
-27.75,-30.25,44.2307
-27.25,-30.25,49.0629
-26.75,-30.25,54.1762
-26.25,-30.25,59.5706
-25.75,-30.25,65.2533
-25.25,-30.25,71.2396
-24.75,-30.25,77.5521
-24.25,-30.25,84.2181
-23.75,-30.25,91.2662
-23.25,-30.25,98.7214
-22.75,-30.25,106.599
-22.25,-30.25,114.902
-21.75,-30.25,123.612
-21.25,-30.25,132.692
-20.75,-30.25,142.084
-20.25,-30.25,151.715
-19.75,-30.25,161.504
-19.25,-30.25,171.365
-18.75,-30.25,181.222
-18.25,-30.25,191.016
-17.75,-30.25,200.706
-17.25,-30.25,210.273
-16.75,-30.25,219.713
-16.25,-30.25,229.033
-15.75,-30.25,238.241
-15.25,-30.25,247.331
-14.75,-30.25,256.28
-14.25,-30.25,265.038
-13.75,-30.25,273.534
-13.25,-30.25,281.678
-12.75,-30.25,289.37
-12.25,-30.25,296.523
-11.75,-30.25,303.068
-11.25,-30.25,308.974
-10.75,-30.25,314.252
-10.25,-30.25,318.962
-9.75,-30.25,323.206
-9.25,-30.25,327.118
-8.75,-30.25,330.856
-8.25,-30.25,334.584
-7.75,-30.25,338.466
-7.25,-30.25,342.651
-6.75,-30.25,347.271
-6.25,-30.25,352.437
-5.75,-30.25,358.241
-5.25,-30.25,364.755
-4.75,-30.25,372.037
-4.25,-30.25,380.133
-3.75,-30.25,389.081
-3.25,-30.25,398.911
-2.75,-30.25,409.647
-2.25,-30.25,421.301
-1.75,-30.25,433.872
-1.25,-30.25,447.343
-0.75,-30.25,461.672
-0.25,-30.25,476.794
0.25,-30.25,492.617
0.75,-30.25,509.027
1.25,-30.25,525.889
1.75,-30.25,543.054
2.25,-30.25,560.368
2.75,-30.25,577.674
3.25,-30.25,594.821
3.75,-30.25,611.669
4.25,-30.25,628.088
4.75,-30.25,643.963
5.25,-30.25,659.195
5.75,-30.25,673.702
6.25,-30.25,687.424
6.75,-30.25,700.323
7.25,-30.25,712.391
7.75,-30.25,723.651
8.25,-30.25,734.156
8.75,-30.25,743.984
9.25,-30.25,753.239
9.75,-30.25,762.031
10.25,-30.25,770.464
10.75,-30.25,778.628
11.25,-30.25,786.575
11.75,-30.25,794.31
12.25,-30.25,801.782
12.75,-30.25,808.878
13.25,-30.25,815.424
13.75,-30.25,821.193
14.25,-30.25,825.917
14.75,-30.25,829.304
15.25,-30.25,831.061
15.75,-30.25,830.91
16.25,-30.25,828.607
16.75,-30.25,823.949
17.25,-30.25,816.782
17.75,-30.25,806.994
18.25,-30.25,794.515
18.75,-30.25,779.311
19.25,-30.25,761.379
19.75,-30.25,740.752
20.25,-30.25,717.503
20.75,-30.25,691.759
21.25,-30.25,663.706
21.75,-30.25,633.598
22.25,-30.25,601.755
22.75,-30.25,568.559
23.25,-30.25,534.434
23.75,-30.25,499.829
24.25,-30.25,465.194
24.75,-30.25,430.956
25.25,-30.25,397.497
25.75,-30.25,365.139
26.25,-30.25,334.138
26.75,-30.25,304.682
27.25,-30.25,276.892
27.75,-30.25,250.838
28.25,-30.25,226.544
28.75,-30.25,204.003
29.25,-30.25,183.189
29.75,-30.25,164.061
30.25,-30.25,146.572
30.75,-30.25,130.669
31.25,-30.25,116.295
31.75,-30.25,103.384
32.25,-30.25,91.8636
32.75,-30.25,81.6505
33.25,-30.25,72.6515
33.75,-30.25,64.7641
34.25,-30.25,57.8804
34.75,-30.25,51.8886
35.25,-30.25,46.6779
35.75,-30.25,42.1409
36.25,-30.25,38.177
36.75,-30.25,34.6948
37.25,-30.25,31.613
37.75,-30.25,28.8622
38.25,-30.25,26.3843
38.75,-30.25,24.1323
39.25,-30.25,22.0699
39.75,-30.25,20.1693
40.25,-30.25,18.4099
40.75,-30.25,16.7762
41.25,-30.25,15.2562
41.75,-30.25,13.8397
42.25,-30.25,12.5175
42.75,-30.25,11.2807
43.25,-30.25,10.1209
43.75,-30.25,9.02998
44.25,-30.25,7.99951
44.75,-30.25,7.02262
-44.75,-29.75,6.21863
-44.25,-29.75,6.21567
-43.75,-29.75,6.14839
-43.25,-29.75,6.05786
-42.75,-29.75,5.96904
-42.25,-29.75,5.88681
-41.75,-29.75,5.81475
-41.25,-29.75,5.75618
-40.75,-29.75,5.71488
-40.25,-29.75,5.69545
-39.75,-29.75,5.7036
-39.25,-29.75,5.74616
-38.75,-29.75,5.83103
-38.25,-29.75,5.96707
-37.75,-29.75,6.16419
-37.25,-29.75,6.43355
-36.75,-29.75,6.78805
-36.25,-29.75,7.24277
-35.75,-29.75,7.81564
-35.25,-29.75,8.52787
-34.75,-29.75,9.40416
-34.25,-29.75,10.4723
-33.75,-29.75,11.7625
-33.25,-29.75,13.3064
-32.75,-29.75,15.1355
-32.25,-29.75,17.2798
-31.75,-29.75,19.7658
-31.25,-29.75,22.6159
-30.75,-29.75,25.8463
-30.25,-29.75,29.4672
-29.75,-29.75,33.4819
-29.25,-29.75,37.8876
-28.75,-29.75,42.6757
-28.25,-29.75,47.834
-27.75,-29.75,53.3479
-27.25,-29.75,59.2029
-26.75,-29.75,65.3871
-26.25,-29.75,71.8936
-25.75,-29.75,78.7217
-25.25,-29.75,85.8783
-24.75,-29.75,93.3774
-24.25,-29.75,101.238
-23.75,-29.75,109.482
-23.25,-29.75,118.128
-22.75,-29.75,127.187
-22.25,-29.75,136.659
-21.75,-29.75,146.524
-21.25,-29.75,156.747
-20.75,-29.75,167.268
-20.25,-29.75,178.016
-19.75,-29.75,188.906
-19.25,-29.75,199.852
-18.75,-29.75,210.777
-18.25,-29.75,221.614
-17.75,-29.75,232.319
-17.25,-29.75,242.867
-16.75,-29.75,253.251
-16.25,-29.75,263.475
-15.75,-29.75,273.544
-15.25,-29.75,283.452
-14.75,-29.75,293.176
-14.25,-29.75,302.67
-13.75,-29.75,311.867
-13.25,-29.75,320.679
-12.75,-29.75,329.016
-12.25,-29.75,336.793
-11.75,-29.75,343.951
-11.25,-29.75,350.463
-10.75,-29.75,356.349
-10.25,-29.75,361.672
-9.75,-29.75,366.538
-9.25,-29.75,371.084
-8.75,-29.75,375.47
-8.25,-29.75,379.859
-7.75,-29.75,384.414
-7.25,-29.75,389.281
-6.75,-29.75,394.591
-6.25,-29.75,400.453
-5.75,-29.75,406.957
-5.25,-29.75,414.176
-4.75,-29.75,422.17
-4.25,-29.75,430.992
-3.75,-29.75,440.688
-3.25,-29.75,451.297
-2.75,-29.75,462.856
-2.25,-29.75,475.393
-1.75,-29.75,488.922
-1.25,-29.75,503.439
-0.75,-29.75,518.918
-0.25,-29.75,535.307
0.25,-29.75,552.523
0.75,-29.75,570.459
1.25,-29.75,588.98
1.75,-29.75,607.936
2.25,-29.75,627.162
2.75,-29.75,646.488
3.25,-29.75,665.747
3.75,-29.75,684.776
4.25,-29.75,703.425
4.75,-29.75,721.555
5.25,-29.75,739.046
5.75,-29.75,755.796
6.25,-29.75,771.727
6.75,-29.75,786.79
7.25,-29.75,800.966
7.75,-29.75,814.269
8.25,-29.75,826.747
8.75,-29.75,838.478
9.25,-29.75,849.559
9.75,-29.75,860.099
10.25,-29.75,870.201
10.75,-29.75,879.951
11.25,-29.75,889.398
11.75,-29.75,898.54
12.25,-29.75,907.317
12.75,-29.75,915.604
13.25,-29.75,923.206
13.75,-29.75,929.873
14.25,-29.75,935.311
14.75,-29.75,939.198
15.25,-29.75,941.213
15.75,-29.75,941.052
16.25,-29.75,938.454
16.75,-29.75,933.206
17.25,-29.75,925.153
17.75,-29.75,914.193
18.25,-29.75,900.274
18.75,-29.75,883.383
19.25,-29.75,863.544
19.75,-29.75,840.813
20.25,-29.75,815.283
20.75,-29.75,787.097
21.25,-29.75,756.448
21.75,-29.75,723.595
22.25,-29.75,688.853
22.75,-29.75,652.597
23.25,-29.75,615.246
23.75,-29.75,577.243
24.25,-29.75,539.035
24.75,-29.75,501.053
25.25,-29.75,463.691
25.75,-29.75,427.291
26.25,-29.75,392.139
26.75,-29.75,358.457
27.25,-29.75,326.41
27.75,-29.75,296.114
28.25,-29.75,267.643
28.75,-29.75,241.04
29.25,-29.75,216.326
29.75,-29.75,193.503
30.25,-29.75,172.56
30.75,-29.75,153.473
31.25,-29.75,136.201
31.75,-29.75,120.689
32.25,-29.75,106.864
32.75,-29.75,94.6323
33.25,-29.75,83.885
33.75,-29.75,74.4979
34.25,-29.75,66.3374
34.75,-29.75,59.2649
35.25,-29.75,53.1422
35.75,-29.75,47.8362
36.25,-29.75,43.2224
36.75,-29.75,39.1882
37.25,-29.75,35.6344
37.75,-29.75,32.4762
38.25,-29.75,29.6432
38.75,-29.75,27.0788
39.25,-29.75,24.7389
39.75,-29.75,22.5899
40.25,-29.75,20.6069
40.75,-29.75,18.7711
41.25,-29.75,17.0676
41.75,-29.75,15.4841
42.25,-29.75,14.0094
42.75,-29.75,12.6326
43.25,-29.75,11.3435
43.75,-29.75,10.1323
44.25,-29.75,8.98894
44.75,-29.75,7.90505
-44.75,-29.25,7.06309
-44.25,-29.25,6.8989
-43.75,-29.25,6.67957
-43.25,-29.25,6.45677
-42.75,-29.25,6.26028
-42.25,-29.25,6.09511
-41.75,-29.25,5.96367
-41.25,-29.25,5.86745
-40.75,-29.25,5.80817
-40.25,-29.25,5.78855
-39.75,-29.25,5.81296
-39.25,-29.25,5.88755
-38.75,-29.25,6.02033
-38.25,-29.25,6.22112
-37.75,-29.25,6.50147
-37.25,-29.25,6.87488
-36.75,-29.25,7.35707
-36.25,-29.25,7.96642
-35.75,-29.25,8.72453
-35.25,-29.25,9.65671
-34.75,-29.25,10.7921
-34.25,-29.25,12.1633
-33.75,-29.25,13.8054
-33.25,-29.25,15.7549
-32.75,-29.25,18.0478
-32.25,-29.25,20.718
-31.75,-29.25,23.7952
-31.25,-29.25,27.3038
-30.75,-29.25,31.2616
-30.25,-29.25,35.679
-29.75,-29.25,40.5594
-29.25,-29.25,45.899
-28.75,-29.25,51.6877
-28.25,-29.25,57.911
-27.75,-29.25,64.5507
-27.25,-29.25,71.5874
-26.75,-29.25,79.0025
-26.25,-29.25,86.7807
-25.75,-29.25,94.9113
-25.25,-29.25,103.39
-24.75,-29.25,112.22
-24.25,-29.25,121.408
-23.75,-29.25,130.965
-23.25,-29.25,140.903
-22.75,-29.25,151.225
-22.25,-29.25,161.928
-21.75,-29.25,172.99
-21.25,-29.25,184.376
-20.75,-29.25,196.028
-20.25,-29.25,207.876
-19.75,-29.25,219.838
-19.25,-29.25,231.83
-18.75,-29.25,243.772
-18.25,-29.25,255.598
-17.75,-29.25,267.263
-17.25,-29.25,278.74
-16.75,-29.25,290.021
-16.25,-29.25,301.108
-15.75,-29.25,312.008
-15.25,-29.25,322.716
-14.75,-29.25,333.214
-14.25,-29.25,343.46
-13.75,-29.25,353.391
-13.25,-29.25,362.926
-12.75,-29.25,371.98
-12.25,-29.25,380.476
-11.75,-29.25,388.359
-11.25,-29.25,395.607
-10.75,-29.25,402.242
-10.25,-29.25,408.331
-9.75,-29.25,413.98
-9.25,-29.25,419.326
-8.75,-29.25,424.525
-8.25,-29.25,429.741
-7.75,-29.25,435.13
-7.25,-29.25,440.838
-6.75,-29.25,446.99
-6.25,-29.25,453.693
-5.75,-29.25,461.037
-5.25,-29.25,469.094
-4.75,-29.25,477.929
-4.25,-29.25,487.598
-3.75,-29.25,498.155
-3.25,-29.25,509.648
-2.75,-29.25,522.126
-2.25,-29.25,535.629
-1.75,-29.25,550.184
-1.25,-29.25,565.802
-0.75,-29.25,582.469
-0.25,-29.25,600.145
0.25,-29.25,618.756
0.75,-29.25,638.201
1.25,-29.25,658.35
1.75,-29.25,679.05
2.25,-29.25,700.131
2.75,-29.25,721.414
3.25,-29.25,742.718
3.75,-29.25,763.867
4.25,-29.25,784.695
4.75,-29.25,805.046
5.25,-29.25,824.786
5.75,-29.25,843.803
6.25,-29.25,862.007
6.75,-29.25,879.341
7.25,-29.25,895.777
7.75,-29.25,911.324
8.25,-29.25,926.021
8.75,-29.25,939.934
9.25,-29.25,953.151
9.75,-29.25,965.765
10.25,-29.25,977.865
10.75,-29.25,989.52
11.25,-29.25,1000.76
11.75,-29.25,1011.57
12.25,-29.25,1021.86
12.75,-29.25,1031.5
13.25,-29.25,1040.26
13.75,-29.25,1047.87
14.25,-29.25,1054.02
14.75,-29.25,1058.36
15.25,-29.25,1060.54
15.75,-29.25,1060.27
16.25,-29.25,1057.25
16.75,-29.25,1051.29
17.25,-29.25,1042.24
17.75,-29.25,1030.01
18.25,-29.25,1014.58
18.75,-29.25,995.953
19.25,-29.25,974.182
19.75,-29.25,949.346
20.25,-29.25,921.555
20.75,-29.25,890.96
21.25,-29.25,857.758
21.75,-29.25,822.2
22.25,-29.25,784.591
22.75,-29.25,745.291
23.25,-29.25,704.702
23.75,-29.25,663.256
24.25,-29.25,621.39
24.75,-29.25,579.536
25.25,-29.25,538.093
25.75,-29.25,497.425
26.25,-29.25,457.845
26.75,-29.25,419.613
27.25,-29.25,382.941
27.75,-29.25,347.997
28.25,-29.25,314.912
28.75,-29.25,283.787
29.25,-29.25,254.699
29.75,-29.25,227.7
30.25,-29.25,202.825
30.75,-29.25,180.086
31.25,-29.25,159.47
31.75,-29.25,140.934
32.25,-29.25,124.41
32.75,-29.25,109.799
33.25,-29.25,96.9774
33.75,-29.25,85.7991
34.25,-29.25,76.1047
34.75,-29.25,67.7266
35.25,-29.25,60.4971
35.75,-29.25,54.2543
36.25,-29.25,48.8469
36.75,-29.25,44.1382
37.25,-29.25,40.0081
37.75,-29.25,36.3539
38.25,-29.25,33.0905
38.75,-29.25,30.1494
39.25,-29.25,27.477
39.75,-29.25,25.0325
40.25,-29.25,22.7852
40.75,-29.25,20.712
41.25,-29.25,18.7947
41.75,-29.25,17.0184
42.25,-29.25,15.3694
42.75,-29.25,13.8351
43.25,-29.25,12.4036
43.75,-29.25,11.0636
44.25,-29.25,9.80352
44.75,-29.25,8.61357
-44.75,-28.75,8.10202
-44.25,-28.75,7.77496
-43.75,-28.75,7.40395
-43.25,-28.75,7.0507
-42.75,-28.75,6.74903
-42.25,-28.75,6.5032
-41.75,-28.75,6.31408
-41.25,-28.75,6.18131
-40.75,-28.75,6.10486
-40.25,-28.75,6.08613
-39.75,-28.75,6.12871
-39.25,-28.75,6.23874
-38.75,-28.75,6.4251
-38.25,-28.75,6.69934
-37.75,-28.75,7.07566
-37.25,-28.75,7.571
-36.75,-28.75,8.20527
-36.25,-28.75,9.00152
-35.75,-28.75,9.98647
-35.25,-28.75,11.1907
-34.75,-28.75,12.6489
-34.25,-28.75,14.3989
-33.75,-28.75,16.4808
-33.25,-28.75,18.9356
-32.75,-28.75,21.8032
-32.25,-28.75,25.1203
-31.75,-28.75,28.9185
-31.25,-28.75,33.2234
-30.75,-28.75,38.0527
-30.25,-28.75,43.4168
-29.75,-28.75,49.318
-29.25,-28.75,55.751
-28.75,-28.75,62.704
-28.25,-28.75,70.1593
-27.75,-28.75,78.0947
-27.25,-28.75,86.4848
-26.75,-28.75,95.303
-26.25,-28.75,104.523
-25.75,-28.75,114.123
-25.25,-28.75,124.083
-24.75,-28.75,134.392
-24.25,-28.75,145.041
-23.75,-28.75,156.029
-23.25,-28.75,167.354
-22.75,-28.75,179.012
-22.25,-28.75,190.994
-21.75,-28.75,203.278
-21.25,-28.75,215.827
-20.75,-28.75,228.589
-20.25,-28.75,241.498
-19.75,-28.75,254.476
-19.25,-28.75,267.445
-18.75,-28.75,280.33
-18.25,-28.75,293.069
-17.75,-28.75,305.618
-17.25,-28.75,317.953
-16.75,-28.75,330.069
-16.25,-28.75,341.972
-15.75,-28.75,353.67
-15.25,-28.75,365.165
-14.75,-28.75,376.443
-14.25,-28.75,387.468
-13.75,-28.75,398.182
-13.25,-28.75,408.511
-12.75,-28.75,418.376
-12.25,-28.75,427.703
-11.75,-28.75,436.441
-11.25,-28.75,444.569
-10.75,-28.75,452.111
-10.25,-28.75,459.131
-9.75,-28.75,465.732
-9.25,-28.75,472.048
-8.75,-28.75,478.231
-8.25,-28.75,484.439
-7.75,-28.75,490.825
-7.25,-28.75,497.528
-6.75,-28.75,504.673
-6.25,-28.75,512.363
-5.75,-28.75,520.687
-5.25,-28.75,529.719
-4.75,-28.75,539.525
-4.25,-28.75,550.167
-3.75,-28.75,561.705
-3.25,-28.75,574.196
-2.75,-28.75,587.698
-2.25,-28.75,602.26
-1.75,-28.75,617.922
-1.25,-28.75,634.704
-0.75,-28.75,652.605
-0.25,-28.75,671.592
0.25,-28.75,691.601
0.75,-28.75,712.537
1.25,-28.75,734.271
1.75,-28.75,756.652
2.25,-28.75,779.507
2.75,-28.75,802.65
3.25,-28.75,825.894
3.75,-28.75,849.055
4.25,-28.75,871.956
4.75,-28.75,894.44
5.25,-28.75,916.365
5.75,-28.75,937.615
6.25,-28.75,958.102
6.75,-28.75,977.765
7.25,-28.75,996.577
7.75,-28.75,1014.54
8.25,-28.75,1031.68
8.75,-28.75,1048.05
9.25,-28.75,1063.71
9.75,-28.75,1078.74
10.25,-28.75,1093.19
10.75,-28.75,1107.1
11.25,-28.75,1120.47
11.75,-28.75,1133.24
12.25,-28.75,1145.3
12.75,-28.75,1156.48
13.25,-28.75,1166.54
13.75,-28.75,1175.18
14.25,-28.75,1182.05
14.75,-28.75,1186.81
15.25,-28.75,1189.1
15.75,-28.75,1188.6
16.25,-28.75,1185.06
16.75,-28.75,1178.27
17.25,-28.75,1168.11
17.75,-28.75,1154.51
18.25,-28.75,1137.48
18.75,-28.75,1117.07
19.25,-28.75,1093.33
19.75,-28.75,1066.38
20.25,-28.75,1036.34
20.75,-28.75,1003.36
21.25,-28.75,967.632
21.75,-28.75,929.396
22.25,-28.75,888.938
22.75,-28.75,846.596
23.25,-28.75,802.75
23.75,-28.75,757.808
24.25,-28.75,712.199
24.75,-28.75,666.346
25.25,-28.75,620.658
25.75,-28.75,575.512
26.25,-28.75,531.251
26.75,-28.75,488.175
27.25,-28.75,446.545
27.75,-28.75,406.584
28.25,-28.75,368.486
28.75,-28.75,332.413
29.25,-28.75,298.506
29.75,-28.75,266.876
30.25,-28.75,237.609
30.75,-28.75,210.763
31.25,-28.75,186.356
31.75,-28.75,164.368
32.25,-28.75,144.742
32.75,-28.75,127.376
33.25,-28.75,112.135
33.75,-28.75,98.8545
34.25,-28.75,87.3478
34.75,-28.75,77.418
35.25,-28.75,68.8659
35.75,-28.75,61.4985
36.25,-28.75,55.1348
36.75,-28.75,49.6112
37.25,-28.75,44.784
37.75,-28.75,40.53
38.25,-28.75,36.7472
38.75,-28.75,33.3532
39.25,-28.75,30.283
39.75,-28.75,27.4872
40.25,-28.75,24.928
40.75,-28.75,22.577
41.25,-28.75,20.412
41.75,-28.75,18.4145
42.25,-28.75,16.5684
42.75,-28.75,14.859
43.25,-28.75,13.2725
43.75,-28.75,11.796
44.25,-28.75,10.4164
44.75,-28.75,9.12267
-44.75,-28.25,9.29867
-44.25,-28.25,8.81874
-43.75,-28.25,8.30636
-43.25,-28.25,7.83228
-42.75,-28.25,7.43365
-42.25,-28.25,7.11354
-41.75,-28.25,6.8713
-41.25,-28.25,6.70524
-40.75,-28.25,6.6143
-40.25,-28.25,6.5994
-39.75,-28.25,6.66424
-39.25,-28.25,6.81583
-38.75,-28.25,7.06469
-38.25,-28.25,7.425
-37.75,-28.25,7.91454
-37.25,-28.25,8.55485
-36.75,-28.25,9.37126
-36.25,-28.25,10.3929
-35.75,-28.25,11.653
-35.25,-28.25,13.1887
-34.75,-28.25,15.0409
-34.25,-28.25,17.2534
-33.75,-28.25,19.8712
-33.25,-28.25,22.9395
-32.75,-28.25,26.501
-32.25,-28.25,30.5943
-31.75,-28.25,35.252
-31.25,-28.25,40.4995
-30.75,-28.25,46.3539
-30.25,-28.25,52.8242
-29.75,-28.25,59.9113
-29.25,-28.25,67.608
-28.75,-28.25,75.8997
-28.25,-28.25,84.7653
-27.75,-28.25,94.1774
-27.25,-28.25,104.103
-26.75,-28.25,114.506
-26.25,-28.25,125.348
-25.75,-28.25,136.59
-25.25,-28.25,148.196
-24.75,-28.25,160.134
-24.25,-28.25,172.379
-23.75,-28.25,184.91
-23.25,-28.25,197.712
-22.75,-28.25,210.77
-22.25,-28.25,224.069
-21.75,-28.25,237.583
-21.25,-28.25,251.28
-20.75,-28.25,265.113
-20.25,-28.25,279.022
-19.75,-28.25,292.941
-19.25,-28.25,306.801
-18.75,-28.25,320.535
-18.25,-28.25,334.091
-17.75,-28.25,347.433
-17.25,-28.25,360.545
-16.75,-28.25,373.427
-16.25,-28.25,386.093
-15.75,-28.25,398.557
-15.25,-28.25,410.828
-14.75,-28.25,422.898
-14.25,-28.25,434.736
-13.75,-28.25,446.292
-13.25,-28.25,457.497
-12.75,-28.25,468.275
-12.25,-28.25,478.554
-11.75,-28.25,488.284
-11.25,-28.25,497.443
-10.75,-28.25,506.051
-10.25,-28.25,514.166
-9.75,-28.25,521.888
-9.25,-28.25,529.341
-8.75,-28.25,536.673
-8.25,-28.25,544.033
-7.75,-28.25,551.571
-7.25,-28.25,559.422
-6.75,-28.25,567.706
-6.25,-28.25,576.527
-5.75,-28.25,585.971
-5.25,-28.25,596.116
-4.75,-28.25,607.03
-4.25,-28.25,618.78
-3.75,-28.25,631.431
-3.25,-28.25,645.047
-2.75,-28.25,659.692
-2.25,-28.25,675.424
-1.75,-28.25,692.289
-1.25,-28.25,710.316
-0.75,-28.25,729.51
-0.25,-28.25,749.845
0.25,-28.25,771.263
0.75,-28.25,793.672
1.25,-28.25,816.946
1.75,-28.25,840.933
2.25,-28.25,865.46
2.75,-28.25,890.34
3.25,-28.25,915.383
3.75,-28.25,940.404
4.25,-28.25,965.229
4.75,-28.25,989.703
5.25,-28.25,1013.69
5.75,-28.25,1037.09
6.25,-28.25,1059.82
6.75,-28.25,1081.82
7.25,-28.25,1103.08
7.75,-28.25,1123.59
8.25,-28.25,1143.37
8.75,-28.25,1162.45
9.25,-28.25,1180.87
9.75,-28.25,1198.65
10.25,-28.25,1215.82
10.75,-28.25,1232.36
11.25,-28.25,1248.21
11.75,-28.25,1263.28
12.25,-28.25,1277.4
12.75,-28.25,1290.36
13.25,-28.25,1301.89
13.75,-28.25,1311.67
14.25,-28.25,1319.32
14.75,-28.25,1324.5
15.25,-28.25,1326.84
15.75,-28.25,1326.05
16.25,-28.25,1321.87
16.75,-28.25,1314.14
17.25,-28.25,1302.75
17.75,-28.25,1287.69
18.25,-28.25,1268.98
18.75,-28.25,1246.7
19.25,-28.25,1220.95
19.75,-28.25,1191.86
20.25,-28.25,1159.54
20.75,-28.25,1124.16
21.25,-28.25,1085.9
21.75,-28.25,1044.98
22.25,-28.25,1001.66
22.75,-28.25,956.254
23.25,-28.25,909.103
23.75,-28.25,860.6
24.25,-28.25,811.152
24.75,-28.25,761.178
25.25,-28.25,711.087
25.75,-28.25,661.276
26.25,-28.25,612.112
26.75,-28.25,563.938
27.25,-28.25,517.062
27.75,-28.25,471.766
28.25,-28.25,428.307
28.75,-28.25,386.914
29.25,-28.25,347.793
29.75,-28.25,311.12
30.25,-28.25,277.04
30.75,-28.25,245.66
31.25,-28.25,217.039
31.75,-28.25,191.187
32.25,-28.25,168.06
32.75,-28.25,147.562
33.25,-28.25,129.552
33.75,-28.25,113.846
34.25,-28.25,100.235
34.75,-28.25,88.4917
35.25,-28.25,78.3845
35.75,-28.25,69.6874
36.25,-28.25,62.1877
36.75,-28.25,55.6925
37.25,-28.25,50.0319
37.75,-28.25,45.0602
38.25,-28.25,40.6562
38.75,-28.25,36.7217
39.25,-28.25,33.1793
39.75,-28.25,29.969
40.25,-28.25,27.0452
40.75,-28.25,24.3727
41.25,-28.25,21.9243
41.75,-28.25,19.6773
42.25,-28.25,17.6124
42.75,-28.25,15.7118
43.25,-28.25,13.9596
43.75,-28.25,12.3409
44.25,-28.25,10.8408
44.75,-28.25,9.44637
-44.75,-27.75,10.5706
-44.25,-27.75,9.95785
-43.75,-27.75,9.32382
-43.25,-27.75,8.74698
-42.75,-27.75,8.26703
-42.25,-27.75,7.88568
-41.75,-27.75,7.60106
-41.25,-27.75,7.41074
-40.75,-27.75,7.31356
-40.25,-27.75,7.31086
-39.75,-27.75,7.40746
-39.25,-27.75,7.61214
-38.75,-27.75,7.93802
-38.25,-27.75,8.40277
-37.75,-27.75,9.02879
-37.25,-27.75,9.84324
-36.75,-27.75,10.8781
-36.25,-27.75,12.17
-35.75,-27.75,13.7597
-35.25,-27.75,15.6919
-34.75,-27.75,18.015
-34.25,-27.75,20.7786
-33.75,-27.75,24.0331
-33.25,-27.75,27.8274
-32.75,-27.75,32.2063
-32.25,-27.75,37.2098
-31.75,-27.75,42.8702
-31.25,-27.75,49.2121
-30.75,-27.75,56.2511
-30.25,-27.75,63.9943
-29.75,-27.75,72.4401
-29.25,-27.75,81.5789
-28.75,-27.75,91.3926
-28.25,-27.75,101.855
-27.75,-27.75,112.933
-27.25,-27.75,124.585
-26.75,-27.75,136.761
-26.25,-27.75,149.408
-25.75,-27.75,162.468
-25.25,-27.75,175.884
-24.75,-27.75,189.601
-24.25,-27.75,203.57
-23.75,-27.75,217.752
-23.25,-27.75,232.113
-22.75,-27.75,246.626
-22.25,-27.75,261.267
-21.75,-27.75,276.011
-21.25,-27.75,290.828
-20.75,-27.75,305.68
-20.25,-27.75,320.519
-19.75,-27.75,335.293
-19.25,-27.75,349.946
-18.75,-27.75,364.427
-18.25,-27.75,378.699
-17.75,-27.75,392.738
-17.25,-27.75,406.54
-16.75,-27.75,420.117
-16.25,-27.75,433.493
-15.75,-27.75,446.69
-15.25,-27.75,459.726
-14.75,-27.75,472.6
-14.25,-27.75,485.289
-13.75,-27.75,497.747
-13.25,-27.75,509.908
-12.75,-27.75,521.699
-12.25,-27.75,533.048
-11.75,-27.75,543.901
-11.25,-27.75,554.233
-10.75,-27.75,564.056
-10.25,-27.75,573.421
-9.75,-27.75,582.418
-9.25,-27.75,591.165
-8.75,-27.75,599.798
-8.25,-27.75,608.461
-7.75,-27.75,617.298
-7.25,-27.75,626.44
-6.75,-27.75,636.006
-6.25,-27.75,646.097
-5.75,-27.75,656.803
-5.25,-27.75,668.204
-4.75,-27.75,680.371
-4.25,-27.75,693.376
-3.75,-27.75,707.286
-3.25,-27.75,722.172
-2.75,-27.75,738.101
-2.25,-27.75,755.135
-1.75,-27.75,773.322
-1.25,-27.75,792.697
-0.75,-27.75,813.264
-0.25,-27.75,835.002
0.25,-27.75,857.853
0.75,-27.75,881.725
1.25,-27.75,906.495
1.75,-27.75,932.009
2.25,-27.75,958.095
2.75,-27.75,984.567
3.25,-27.75,1011.24
3.75,-27.75,1037.94
4.25,-27.75,1064.5
4.75,-27.75,1090.78
5.25,-27.75,1116.67
5.75,-27.75,1142.09
6.25,-27.75,1166.97
6.75,-27.75,1191.28
7.25,-27.75,1215.01
7.75,-27.75,1238.17
8.25,-27.75,1260.75
8.75,-27.75,1282.77
9.25,-27.75,1304.23
9.75,-27.75,1325.11
10.25,-27.75,1345.35
10.75,-27.75,1364.89
11.25,-27.75,1383.6
11.75,-27.75,1401.32
12.25,-27.75,1417.82
12.75,-27.75,1432.84
13.25,-27.75,1446.05
13.75,-27.75,1457.11
14.25,-27.75,1465.64
14.75,-27.75,1471.27
15.25,-27.75,1473.65
15.75,-27.75,1472.51
16.25,-27.75,1467.62
16.75,-27.75,1458.84
17.25,-27.75,1446.13
17.75,-27.75,1429.49
18.25,-27.75,1409
18.75,-27.75,1384.76
19.25,-27.75,1356.92
19.75,-27.75,1325.59
20.25,-27.75,1290.94
20.75,-27.75,1253.1
21.25,-27.75,1212.25
21.75,-27.75,1168.59
22.25,-27.75,1122.34
22.75,-27.75,1073.8
23.25,-27.75,1023.26
23.75,-27.75,971.108
24.25,-27.75,917.716
24.75,-27.75,863.497
25.25,-27.75,808.863
25.75,-27.75,754.223
26.25,-27.75,699.974
26.75,-27.75,646.493
27.25,-27.75,594.14
27.75,-27.75,543.253
28.25,-27.75,494.151
28.75,-27.75,447.131
29.25,-27.75,402.467
29.75,-27.75,360.401
30.25,-27.75,321.14
30.75,-27.75,284.848
31.25,-27.75,251.628
31.75,-27.75,221.526
32.25,-27.75,194.521
32.75,-27.75,170.528
33.25,-27.75,149.402
33.75,-27.75,130.947
34.25,-27.75,114.933
34.75,-27.75,101.103
35.25,-27.75,89.1951
35.75,-27.75,78.9488
36.25,-27.75,70.1184
36.75,-27.75,62.4799
37.25,-27.75,55.8354
37.75,-27.75,50.0151
38.25,-27.75,44.8769
38.75,-27.75,40.3055
39.25,-27.75,36.2093
39.75,-27.75,32.5166
40.25,-27.75,29.1725
40.75,-27.75,26.134
41.25,-27.75,23.3674
41.75,-27.75,20.8448
42.25,-27.75,18.542
42.75,-27.75,16.4375
43.25,-27.75,14.512
43.75,-27.75,12.7478
44.25,-27.75,11.1274
44.75,-27.75,9.63549
-44.75,-27.25,11.8061
-44.25,-27.25,11.0897
-43.75,-27.25,10.3628
-43.25,-27.25,9.70998
-42.75,-27.25,9.17266
-42.25,-27.25,8.75121
-41.75,-27.25,8.44294
-41.25,-27.25,8.24528
-40.75,-27.25,8.1577
-40.25,-27.25,8.1829
-39.75,-27.25,8.32773
-39.25,-27.25,8.6037
-38.75,-27.25,9.02749
-38.25,-27.25,9.62127
-37.75,-27.25,10.413
-37.25,-27.25,11.4367
-36.75,-27.25,12.732
-36.25,-27.25,14.3441
-35.75,-27.25,16.3225
-35.25,-27.25,18.7206
-34.75,-27.25,21.5945
-34.25,-27.25,25.0009
-33.75,-27.25,28.995
-33.25,-27.25,33.6296
-32.75,-27.25,38.9515
-32.25,-27.25,45.0012
-31.75,-27.25,51.8105
-31.25,-27.25,59.4022
-30.75,-27.25,67.7901
-30.25,-27.25,76.9783
-29.75,-27.25,86.9622
-29.25,-27.25,97.7282
-28.75,-27.25,109.253
-28.25,-27.25,121.506
-27.75,-27.25,134.443
-27.25,-27.25,148.012
-26.75,-27.25,162.15
-26.25,-27.25,176.783
-25.75,-27.25,191.833
-25.25,-27.25,207.216
-24.75,-27.25,222.852
-24.25,-27.25,238.668
-23.75,-27.25,254.597
-23.25,-27.25,270.588
-22.75,-27.25,286.601
-22.25,-27.25,302.603
-21.75,-27.25,318.569
-21.25,-27.25,334.473
-20.75,-27.25,350.29
-20.25,-27.25,365.986
-19.75,-27.25,381.527
-19.25,-27.25,396.877
-18.75,-27.25,412.007
-18.25,-27.25,426.895
-17.75,-27.25,441.538
-17.25,-27.25,455.947
-16.75,-27.25,470.15
-16.25,-27.25,484.183
-15.75,-27.25,498.081
-15.25,-27.25,511.871
-14.75,-27.25,525.559
-14.25,-27.25,539.129
-13.75,-27.25,552.54
-13.25,-27.25,565.728
-12.75,-27.25,578.618
-12.25,-27.25,591.138
-11.75,-27.25,603.228
-11.25,-27.25,614.856
-10.75,-27.25,626.024
-10.25,-27.25,636.774
-9.75,-27.25,647.183
-9.25,-27.25,657.358
-8.75,-27.25,667.428
-8.25,-27.25,677.53
-7.75,-27.25,687.799
-7.25,-27.25,698.367
-6.75,-27.25,709.349
-6.25,-27.25,720.851
-5.75,-27.25,732.963
-5.25,-27.25,745.769
-4.75,-27.25,759.344
-4.25,-27.25,773.762
-3.75,-27.25,789.096
-3.25,-27.25,805.416
-2.75,-27.25,822.791
-2.25,-27.25,841.281
-1.75,-27.25,860.935
-1.25,-27.25,881.782
-0.75,-27.25,903.827
-0.25,-27.25,927.042
0.25,-27.25,951.367
0.75,-27.25,976.708
1.25,-27.25,1002.94
1.75,-27.25,1029.9
2.25,-27.25,1057.43
2.75,-27.25,1085.35
3.25,-27.25,1113.47
3.75,-27.25,1141.65
4.25,-27.25,1169.73
4.75,-27.25,1197.61
5.25,-27.25,1225.22
5.75,-27.25,1252.49
6.25,-27.25,1279.41
6.75,-27.25,1305.97
7.25,-27.25,1332.18
7.75,-27.25,1358.04
8.25,-27.25,1383.57
8.75,-27.25,1408.73
9.25,-27.25,1433.48
9.75,-27.25,1457.75
10.25,-27.25,1481.42
10.75,-27.25,1504.32
11.25,-27.25,1526.25
11.75,-27.25,1546.97
12.25,-27.25,1566.17
12.75,-27.25,1583.53
13.25,-27.25,1598.67
13.75,-27.25,1611.2
14.25,-27.25,1620.73
14.75,-27.25,1626.88
15.25,-27.25,1629.33
15.75,-27.25,1627.82
16.25,-27.25,1622.16
16.75,-27.25,1612.27
17.25,-27.25,1598.12
17.75,-27.25,1579.79
18.25,-27.25,1557.39
18.75,-27.25,1531.08
19.25,-27.25,1501
19.75,-27.25,1467.32
20.25,-27.25,1430.19
20.75,-27.25,1389.77
21.25,-27.25,1346.2
21.75,-27.25,1299.67
22.25,-27.25,1250.38
22.75,-27.25,1198.58
23.25,-27.25,1144.55
23.75,-27.25,1088.62
24.25,-27.25,1031.17
24.75,-27.25,972.593
25.25,-27.25,913.293
25.75,-27.25,853.697
26.25,-27.25,794.223
26.75,-27.25,735.286
27.25,-27.25,677.289
27.75,-27.25,620.625
28.25,-27.25,565.672
28.75,-27.25,512.794
29.25,-27.25,462.331
29.75,-27.25,414.593
30.25,-27.25,369.85
30.75,-27.25,328.325
31.25,-27.25,290.171
31.75,-27.25,255.476
32.25,-27.25,224.247
32.75,-27.25,196.415
33.25,-27.25,171.84
33.75,-27.25,150.317
34.25,-27.25,131.6
34.75,-27.25,115.405
35.25,-27.25,101.441
35.75,-27.25,89.4139
36.25,-27.25,79.0449
36.75,-27.25,70.0782
37.25,-27.25,62.2874
37.75,-27.25,55.4768
38.25,-27.25,49.4826
38.75,-27.25,44.1709
39.25,-27.25,39.4347
39.75,-27.25,35.1893
40.25,-27.25,31.3689
40.75,-27.25,27.9212
41.25,-27.25,24.8043
41.75,-27.25,21.9831
42.25,-27.25,19.4273
42.75,-27.25,17.1097
43.25,-27.25,15.0063
43.75,-27.25,13.0951
44.25,-27.25,11.3549
44.75,-27.25,9.76741
-44.75,-26.75,12.8921
-44.25,-26.75,12.1088
-43.75,-26.75,11.325
-43.25,-26.75,10.6299
-42.75,-26.75,10.0658
-42.25,-26.75,9.63221
-41.75,-26.75,9.32594
-41.25,-26.75,9.14491
-40.75,-26.75,9.08985
-40.25,-26.75,9.16558
-39.75,-26.75,9.38178
-39.25,-26.75,9.75361
-38.75,-26.75,10.3022
-38.25,-26.75,11.0554
-37.75,-26.75,12.0476
-37.25,-26.75,13.3207
-36.75,-26.75,14.9233
-36.25,-26.75,16.9099
-35.75,-26.75,19.3399
-35.25,-26.75,22.2764
-34.75,-26.75,25.7839
-34.25,-26.75,29.9263
-33.75,-26.75,34.7647
-33.25,-26.75,40.3554
-32.75,-26.75,46.7474
-32.25,-26.75,53.9816
-31.75,-26.75,62.089
-31.25,-26.75,71.0903
-30.75,-26.75,80.996
-30.25,-26.75,91.8065
-29.75,-26.75,103.513
-29.25,-26.75,116.095
-28.75,-26.75,129.525
-28.25,-26.75,143.761
-27.75,-26.75,158.75
-27.25,-26.75,174.424
-26.75,-26.75,190.704
-26.25,-26.75,207.494
-25.75,-26.75,224.691
-25.25,-26.75,242.183
-24.75,-26.75,259.863
-24.25,-26.75,277.627
-23.75,-26.75,295.386
-23.25,-26.75,313.066
-22.75,-26.75,330.612
-22.25,-26.75,347.986
-21.75,-26.75,365.163
-21.25,-26.75,382.124
-20.75,-26.75,398.855
-20.25,-26.75,415.345
-19.75,-26.75,431.578
-19.25,-26.75,447.543
-18.75,-26.75,463.233
-18.25,-26.75,478.653
-17.75,-26.75,493.819
-17.25,-26.75,508.764
-16.75,-26.75,523.532
-16.25,-26.75,538.176
-15.75,-26.75,552.743
-15.25,-26.75,567.271
-14.75,-26.75,581.776
-14.25,-26.75,596.246
-13.75,-26.75,610.644
-13.25,-26.75,624.909
-12.75,-26.75,638.963
-12.25,-26.75,652.73
-11.75,-26.75,666.143
-11.25,-26.75,679.162
-10.75,-26.75,691.776
-10.25,-26.75,704.016
-9.75,-26.75,715.947
-9.25,-26.75,727.664
-8.75,-26.75,739.286
-8.25,-26.75,750.942
-7.75,-26.75,762.765
-7.25,-26.75,774.882
-6.75,-26.75,787.41
-6.25,-26.75,800.458
-5.75,-26.75,814.12
-5.25,-26.75,828.483
-4.75,-26.75,843.628
-4.25,-26.75,859.631
-3.75,-26.75,876.565
-3.25,-26.75,894.499
-2.75,-26.75,913.5
-2.25,-26.75,933.621
-1.75,-26.75,954.906
-1.25,-26.75,977.374
-0.75,-26.75,1001.02
-0.25,-26.75,1025.81
0.25,-26.75,1051.67
0.75,-26.75,1078.5
1.25,-26.75,1106.17
1.75,-26.75,1134.52
2.25,-26.75,1163.39
2.75,-26.75,1192.6
3.25,-26.75,1222.01
3.75,-26.75,1251.47
4.25,-26.75,1280.87
4.75,-26.75,1310.15
5.25,-26.75,1339.28
5.75,-26.75,1368.25
6.25,-26.75,1397.09
6.75,-26.75,1425.82
7.25,-26.75,1454.49
7.75,-26.75,1483.1
8.25,-26.75,1511.67
8.75,-26.75,1540.13
9.25,-26.75,1568.4
9.75,-26.75,1596.32
10.25,-26.75,1623.71
10.75,-26.75,1650.29
11.25,-26.75,1675.79
11.75,-26.75,1699.83
12.25,-26.75,1722.06
12.75,-26.75,1742.04
13.25,-26.75,1759.35
13.75,-26.75,1773.55
14.25,-26.75,1784.23
14.75,-26.75,1791.02
15.25,-26.75,1793.59
15.75,-26.75,1791.73
16.25,-26.75,1785.28
16.75,-26.75,1774.2
17.25,-26.75,1758.53
17.75,-26.75,1738.39
18.25,-26.75,1713.94
18.75,-26.75,1685.37
19.25,-26.75,1652.88
19.75,-26.75,1616.65
20.25,-26.75,1576.85
20.75,-26.75,1533.64
21.25,-26.75,1487.15
21.75,-26.75,1437.56
22.25,-26.75,1385.04
22.75,-26.75,1329.82
23.25,-26.75,1272.14
23.75,-26.75,1212.31
24.25,-26.75,1150.68
24.75,-26.75,1087.63
25.25,-26.75,1023.58
25.75,-26.75,958.935
26.25,-26.75,894.153
26.75,-26.75,829.671
27.25,-26.75,765.935
27.75,-26.75,703.384
28.25,-26.75,642.453
28.75,-26.75,583.565
29.25,-26.75,527.126
29.75,-26.75,473.511
30.25,-26.75,423.055
30.75,-26.75,376.039
31.25,-26.75,332.673
31.75,-26.75,293.088
32.25,-26.75,257.326
32.75,-26.75,225.341
33.25,-26.75,197.002
33.75,-26.75,172.104
34.25,-26.75,150.386
34.75,-26.75,131.546
35.25,-26.75,115.264
35.75,-26.75,101.214
36.25,-26.75,89.088
36.75,-26.75,78.5976
37.25,-26.75,69.4875
37.75,-26.75,61.5365
38.25,-26.75,54.5578
38.75,-26.75,48.3981
39.25,-26.75,42.9333
39.75,-26.75,38.0645
40.25,-26.75,33.7128
40.75,-26.75,29.8149
41.25,-26.75,26.3183
41.75,-26.75,23.1789
42.25,-26.75,20.3579
42.75,-26.75,17.8204
43.25,-26.75,15.5358
43.75,-26.75,13.4764
44.25,-26.75,11.616
44.75,-26.75,9.93199
-44.75,-26.25,13.744
-44.25,-26.25,12.9344
-43.75,-26.25,12.1331
-43.25,-26.25,11.4319
-42.75,-26.25,10.8743
-42.25,-26.25,10.4592
-41.75,-26.25,10.1837
-41.25,-26.25,10.0469
-40.75,-26.25,10.0514
-40.25,-26.25,10.2047
-39.75,-26.25,10.5201
-39.25,-26.25,11.017
-38.75,-26.25,11.7221
-38.25,-26.25,12.6696
-37.75,-26.25,13.9017
-37.25,-26.25,15.4691
-36.75,-26.25,17.4302
-36.25,-26.25,19.8501
-35.75,-26.25,22.7989
-35.25,-26.25,26.3498
-34.75,-26.25,30.577
-34.25,-26.25,35.5521
-33.75,-26.25,41.3425
-33.25,-26.25,48.0086
-32.75,-26.25,55.6018
-32.25,-26.25,64.1633
-31.75,-26.25,73.7227
-31.25,-26.25,84.2981
-30.75,-26.25,95.8959
-30.25,-26.25,108.511
-29.75,-26.25,122.127
-29.25,-26.25,136.718
-28.75,-26.25,152.243
-28.25,-26.25,168.651
-27.75,-26.25,185.875
-27.25,-26.25,203.83
-26.75,-26.25,222.415
-26.25,-26.25,241.512
-25.75,-26.25,260.989
-25.25,-26.25,280.708
-24.75,-26.25,300.529
-24.25,-26.25,320.321
-23.75,-26.25,339.969
-23.25,-26.25,359.379
-22.75,-26.25,378.483
-22.25,-26.25,397.236
-21.75,-26.25,415.614
-21.25,-26.25,433.608
-20.75,-26.25,451.219
-20.25,-26.25,468.455
-19.75,-26.25,485.326
-19.25,-26.25,501.847
-18.75,-26.25,518.036
-18.25,-26.25,533.924
-17.75,-26.25,549.554
-17.25,-26.25,564.98
-16.75,-26.25,580.266
-16.25,-26.25,595.481
-15.75,-26.25,610.688
-15.25,-26.25,625.936
-14.75,-26.25,641.249
-14.25,-26.25,656.622
-13.75,-26.25,672.022
-13.25,-26.25,687.387
-12.75,-26.25,702.639
-12.25,-26.25,717.697
-11.75,-26.25,732.486
-11.25,-26.25,746.956
-10.75,-26.25,761.085
-10.25,-26.25,774.889
-9.75,-26.25,788.422
-9.25,-26.25,801.767
-8.75,-26.25,815.032
-8.25,-26.25,828.339
-7.75,-26.25,841.818
-7.25,-26.25,855.595
-6.75,-26.25,869.789
-6.25,-26.25,884.513
-5.75,-26.25,899.865
-5.25,-26.25,915.939
-4.75,-26.25,932.817
-4.25,-26.25,950.578
-3.75,-26.25,969.295
-3.25,-26.25,989.032
-2.75,-26.25,1009.85
-2.25,-26.25,1031.79
-1.75,-26.25,1054.88
-1.25,-26.25,1079.12
-0.75,-26.25,1104.51
-0.25,-26.25,1130.98
0.25,-26.25,1158.46
0.75,-26.25,1186.82
1.25,-26.25,1215.93
1.75,-26.25,1245.63
2.25,-26.25,1275.76
2.75,-26.25,1306.16
3.25,-26.25,1336.71
3.75,-26.25,1367.29
4.25,-26.25,1397.85
4.75,-26.25,1428.36
5.25,-26.25,1458.86
5.75,-26.25,1489.39
6.25,-26.25,1520.04
6.75,-26.25,1550.89
7.25,-26.25,1581.99
7.75,-26.25,1613.4
8.25,-26.25,1645.08
8.75,-26.25,1676.98
9.25,-26.25,1708.93
9.75,-26.25,1740.72
10.25,-26.25,1772.06
10.75,-26.25,1802.6
11.25,-26.25,1831.93
11.75,-26.25,1859.59
12.25,-26.25,1885.11
12.75,-26.25,1907.97
13.25,-26.25,1927.69
13.75,-26.25,1943.77
14.25,-26.25,1955.77
14.75,-26.25,1963.31
15.25,-26.25,1966.09
15.75,-26.25,1963.9
16.25,-26.25,1956.65
16.75,-26.25,1944.34
17.25,-26.25,1927.05
17.75,-26.25,1904.97
18.25,-26.25,1878.3
18.75,-26.25,1847.28
19.25,-26.25,1812.15
19.75,-26.25,1773.11
20.25,-26.25,1730.37
20.75,-26.25,1684.08
21.25,-26.25,1634.4
21.75,-26.25,1581.49
22.25,-26.25,1525.5
22.75,-26.25,1466.64
23.25,-26.25,1405.13
23.75,-26.25,1341.25
24.25,-26.25,1275.33
24.75,-26.25,1207.73
25.25,-26.25,1138.85
25.75,-26.25,1069.13
26.25,-26.25,999.017
26.75,-26.25,928.973
27.25,-26.25,859.476
27.75,-26.25,791.007
28.25,-26.25,724.05
28.75,-26.25,659.082
29.25,-26.25,596.569
29.75,-26.25,536.948
30.25,-26.25,480.617
30.75,-26.25,427.917
31.25,-26.25,379.116
31.75,-26.25,334.393
32.25,-26.25,293.828
32.75,-26.25,257.406
33.25,-26.25,225.011
33.75,-26.25,196.444
34.25,-26.25,171.435
34.75,-26.25,149.669
35.25,-26.25,130.801
35.75,-26.25,114.482
36.25,-26.25,100.371
36.75,-26.25,88.1524
37.25,-26.25,77.5425
37.75,-26.25,68.2942
38.25,-26.25,60.1978
38.75,-26.25,53.0793
39.25,-26.25,46.7962
39.75,-26.25,41.2331
40.25,-26.25,36.2963
40.75,-26.25,31.9085
41.25,-26.25,28.0048
41.75,-26.25,24.5289
42.25,-26.25,21.4312
42.75,-26.25,18.6673
43.25,-26.25,16.1976
43.75,-26.25,13.9871
44.25,-26.25,12.0031
44.75,-26.25,10.2176
-44.75,-25.75,14.3275
-44.25,-25.75,13.531
-43.75,-25.75,12.7489
-43.25,-25.75,12.0752
-42.75,-25.75,11.5542
-42.25,-25.75,11.1856
-41.75,-25.75,10.9679
-41.25,-25.75,10.9018
-40.75,-25.75,10.9926
-40.25,-25.75,11.2512
-39.75,-25.75,11.6948
-39.25,-25.75,12.3482
-38.75,-25.75,13.2441
-38.25,-25.75,14.4242
-37.75,-25.75,15.9393
-37.25,-25.75,17.8499
-36.75,-25.75,20.2255
-36.25,-25.75,23.1424
-35.75,-25.75,26.6824
-35.25,-25.75,30.9298
-34.75,-25.75,35.9687
-34.25,-25.75,41.8796
-33.75,-25.75,48.7363
-33.25,-25.75,56.604
-32.75,-25.75,65.5365
-32.25,-25.75,75.5753
-31.75,-25.75,86.7481
-31.25,-25.75,99.069
-30.75,-25.75,112.538
-30.25,-25.75,127.144
-29.75,-25.75,142.859
-29.25,-25.75,159.646
-28.75,-25.75,177.452
-28.25,-25.75,196.209
-27.75,-25.75,215.834
-27.25,-25.75,236.221
-26.75,-25.75,257.248
-26.25,-25.75,278.769
-25.75,-25.75,300.627
-25.25,-25.75,322.654
-24.75,-25.75,344.681
-24.25,-25.75,366.55
-23.75,-25.75,388.123
-23.25,-25.75,409.288
-22.75,-25.75,429.963
-22.25,-25.75,450.1
-21.75,-25.75,469.676
-21.25,-25.75,488.694
-20.75,-25.75,507.169
-20.25,-25.75,525.132
-19.75,-25.75,542.616
-19.25,-25.75,559.664
-18.75,-25.75,576.322
-18.25,-25.75,592.647
-17.75,-25.75,608.708
-17.25,-25.75,624.583
-16.75,-25.75,640.357
-16.25,-25.75,656.116
-15.75,-25.75,671.938
-15.25,-25.75,687.883
-14.75,-25.75,703.985
-14.25,-25.75,720.247
-13.75,-25.75,736.637
-13.25,-25.75,753.098
-12.75,-25.75,769.549
-12.25,-25.75,785.906
-11.75,-25.75,802.086
-11.25,-25.75,818.03
-10.75,-25.75,833.705
-10.25,-25.75,849.114
-9.75,-25.75,864.297
-9.25,-25.75,879.325
-8.75,-25.75,894.297
-8.25,-25.75,909.33
-7.75,-25.75,924.549
-7.25,-25.75,940.079
-6.75,-25.75,956.045
-6.25,-25.75,972.561
-5.75,-25.75,989.735
-5.25,-25.75,1007.66
-4.75,-25.75,1026.43
-4.25,-25.75,1046.12
-3.75,-25.75,1066.79
-3.25,-25.75,1088.52
-2.75,-25.75,1111.33
-2.25,-25.75,1135.27
-1.75,-25.75,1160.34
-1.25,-25.75,1186.54
-0.75,-25.75,1213.81
-0.25,-25.75,1242.08
0.25,-25.75,1271.27
0.75,-25.75,1301.22
1.25,-25.75,1331.8
1.75,-25.75,1362.85
2.25,-25.75,1394.21
2.75,-25.75,1425.74
3.25,-25.75,1457.34
3.75,-25.75,1488.95
4.25,-25.75,1520.56
4.75,-25.75,1552.2
5.25,-25.75,1583.98
5.75,-25.75,1616
6.25,-25.75,1648.42
6.75,-25.75,1681.35
7.25,-25.75,1714.91
7.75,-25.75,1749.13
8.25,-25.75,1784.01
8.75,-25.75,1819.42
9.25,-25.75,1855.18
9.75,-25.75,1890.99
10.25,-25.75,1926.47
10.75,-25.75,1961.15
11.25,-25.75,1994.52
11.75,-25.75,2026.01
12.25,-25.75,2055.04
12.75,-25.75,2080.99
13.25,-25.75,2103.31
13.75,-25.75,2121.44
14.25,-25.75,2134.91
14.75,-25.75,2143.33
15.25,-25.75,2146.39
15.75,-25.75,2143.93
16.25,-25.75,2135.88
16.75,-25.75,2122.29
17.25,-25.75,2103.29
17.75,-25.75,2079.12
18.25,-25.75,2050.04
18.75,-25.75,2016.33
19.25,-25.75,1978.27
19.75,-25.75,1936.12
20.25,-25.75,1890.1
20.75,-25.75,1840.4
21.25,-25.75,1787.19
21.75,-25.75,1730.63
22.25,-25.75,1670.88
22.75,-25.75,1608.13
23.25,-25.75,1542.58
23.75,-25.75,1474.49
24.25,-25.75,1404.18
24.75,-25.75,1331.97
25.25,-25.75,1258.26
25.75,-25.75,1183.48
26.25,-25.75,1108.07
26.75,-25.75,1032.52
27.25,-25.75,957.317
27.75,-25.75,882.978
28.25,-25.75,810.026
28.75,-25.75,738.986
29.25,-25.75,670.376
29.75,-25.75,604.692
30.25,-25.75,542.392
30.75,-25.75,483.879
31.25,-25.75,429.476
31.75,-25.75,379.413
32.25,-25.75,333.817
32.75,-25.75,292.705
33.25,-25.75,255.984
33.75,-25.75,223.467
34.25,-25.75,194.885
34.75,-25.75,169.914
35.25,-25.75,148.193
35.75,-25.75,129.35
36.25,-25.75,113.021
36.75,-25.75,98.8623
37.25,-25.75,86.5654
37.75,-25.75,75.8578
38.25,-25.75,66.5064
38.75,-25.75,58.3154
39.25,-25.75,51.1225
39.75,-25.75,44.7935
40.25,-25.75,39.2171
40.75,-25.75,34.2994
41.25,-25.75,29.9599
41.75,-25.75,26.1279
42.25,-25.75,22.7404
42.75,-25.75,19.7408
43.25,-25.75,17.0789
43.75,-25.75,14.7107
44.25,-25.75,12.5954
44.75,-25.75,10.6988
-44.75,-25.25,14.6671
-44.25,-25.25,13.9161
-43.75,-25.25,13.1821
-43.25,-25.25,12.5608
-42.75,-25.25,12.0986
-42.25,-25.25,11.797
-41.75,-25.25,11.6571
-41.25,-25.25,11.6827
-40.75,-25.25,11.8821
-40.25,-25.25,12.2702
-39.75,-25.25,12.8692
-39.25,-25.25,13.7095
-38.75,-25.25,14.8309
-38.25,-25.25,16.2833
-37.75,-25.25,18.1273
-37.25,-25.25,20.4341
-36.75,-25.25,23.2851
-36.25,-25.25,26.769
-35.75,-25.25,30.98
-35.25,-25.25,36.0141
-34.75,-25.25,41.9662
-34.25,-25.25,48.9258
-33.75,-25.25,56.9737
-33.25,-25.25,66.1801
-32.75,-25.25,76.601
-32.25,-25.25,88.2773
-31.75,-25.25,101.234
-31.25,-25.25,115.479
-30.75,-25.25,131.004
-30.25,-25.25,147.786
-29.75,-25.25,165.785
-29.25,-25.25,184.948
-28.75,-25.25,205.205
-28.25,-25.25,226.469
-27.75,-25.25,248.634
-27.25,-25.25,271.574
-26.75,-25.25,295.141
-26.25,-25.25,319.166
-25.75,-25.25,343.463
-25.25,-25.25,367.839
-24.75,-25.25,392.099
-24.25,-25.25,416.062
-23.75,-25.25,439.57
-23.25,-25.25,462.496
-22.75,-25.25,484.748
-22.25,-25.25,506.275
-21.75,-25.25,527.059
-21.25,-25.25,547.11
-20.75,-25.25,566.462
-20.25,-25.25,585.162
-19.75,-25.25,603.271
-19.25,-25.25,620.855
-18.75,-25.25,637.988
-18.25,-25.25,654.755
-17.75,-25.25,671.247
-17.25,-25.25,687.567
-16.75,-25.25,703.819
-16.25,-25.25,720.107
-15.75,-25.25,736.524
-15.25,-25.25,753.142
-14.75,-25.25,770.004
-14.25,-25.25,787.121
-13.75,-25.25,804.468
-13.25,-25.25,821.99
-12.75,-25.25,839.608
-12.25,-25.25,857.235
-11.75,-25.25,874.783
-11.25,-25.25,892.185
-10.75,-25.25,909.399
-10.25,-25.25,926.414
-9.75,-25.25,943.26
-9.25,-25.25,959.996
-8.75,-25.25,976.712
-8.25,-25.25,993.517
-7.75,-25.25,1010.53
-7.25,-25.25,1027.89
-6.75,-25.25,1045.71
-6.25,-25.25,1064.12
-5.75,-25.25,1083.22
-5.25,-25.25,1103.13
-4.75,-25.25,1123.93
-4.25,-25.25,1145.69
-3.75,-25.25,1168.49
-3.25,-25.25,1192.36
-2.75,-25.25,1217.35
-2.25,-25.25,1243.46
-1.75,-25.25,1270.68
-1.25,-25.25,1298.97
-0.75,-25.25,1328.27
-0.25,-25.25,1358.47
0.25,-25.25,1389.47
0.75,-25.25,1421.1
1.25,-25.25,1453.22
1.75,-25.25,1485.65
2.25,-25.25,1518.26
2.75,-25.25,1550.93
3.25,-25.25,1583.59
3.75,-25.25,1616.22
4.25,-25.25,1648.87
4.75,-25.25,1681.64
5.25,-25.25,1714.7
5.75,-25.25,1748.23
6.25,-25.25,1782.44
6.75,-25.25,1817.5
7.25,-25.25,1853.55
7.75,-25.25,1890.65
8.25,-25.25,1928.78
8.75,-25.25,1967.8
9.25,-25.25,2007.45
9.75,-25.25,2047.36
10.25,-25.25,2087.07
10.75,-25.25,2126
11.25,-25.25,2163.53
11.75,-25.25,2198.98
12.25,-25.25,2231.64
12.75,-25.25,2260.82
13.25,-25.25,2285.87
13.75,-25.25,2306.18
14.25,-25.25,2321.23
14.75,-25.25,2330.61
15.25,-25.25,2334.04
15.75,-25.25,2331.33
16.25,-25.25,2322.47
16.75,-25.25,2307.54
17.25,-25.25,2286.73
17.75,-25.25,2260.31
18.25,-25.25,2228.6
18.75,-25.25,2191.93
19.25,-25.25,2150.63
19.75,-25.25,2105.01
20.25,-25.25,2055.34
20.75,-25.25,2001.84
21.25,-25.25,1944.72
21.75,-25.25,1884.15
22.25,-25.25,1820.31
22.75,-25.25,1753.39
23.25,-25.25,1683.59
23.75,-25.25,1611.15
24.25,-25.25,1536.34
24.75,-25.25,1459.5
25.25,-25.25,1380.99
25.75,-25.25,1301.21
26.25,-25.25,1220.61
26.75,-25.25,1139.67
27.25,-25.25,1058.89
27.75,-25.25,978.803
28.25,-25.25,899.963
28.75,-25.25,822.934
29.25,-25.25,748.279
29.75,-25.25,676.546
30.25,-25.25,608.251
30.75,-25.25,543.853
31.25,-25.25,483.733
31.75,-25.25,428.177
32.25,-25.25,377.358
32.75,-25.25,331.332
33.25,-25.25,290.038
33.75,-25.25,253.305
34.25,-25.25,220.876
34.75,-25.25,192.424
35.25,-25.25,167.579
35.75,-25.25,145.956
36.25,-25.25,127.168
36.75,-25.25,110.852
37.25,-25.25,96.6749
37.75,-25.25,84.3403
38.25,-25.25,73.5917
38.75,-25.25,64.2108
39.25,-25.25,56.0132
39.75,-25.25,48.8433
40.25,-25.25,42.5694
40.75,-25.25,37.0781
41.25,-25.25,32.2702
41.75,-25.25,28.0579
42.25,-25.25,24.3623
42.75,-25.25,21.1125
43.25,-25.25,18.2462
43.75,-25.25,15.7084
44.25,-25.25,13.4493
44.75,-25.25,11.4274
-44.75,-24.75,14.84
-44.25,-24.75,14.155
-43.75,-24.75,13.4855
-43.25,-24.75,12.9297
-42.75,-24.75,12.5368
-42.25,-24.75,12.3123
-41.75,-24.75,12.261
-41.25,-24.75,12.3905
-40.75,-24.75,12.7135
-40.25,-24.75,13.2496
-39.75,-24.75,14.0264
-39.25,-24.75,15.081
-38.75,-24.75,16.4609
-38.25,-24.75,18.2255
-37.75,-24.75,20.446
-37.25,-24.75,23.2057
-36.75,-24.75,26.5987
-36.25,-24.75,30.7271
-35.75,-24.75,35.698
-35.25,-24.75,41.6199
-34.75,-24.75,48.5987
-34.25,-24.75,56.7333
-33.75,-24.75,66.1114
-33.25,-24.75,76.8075
-32.75,-24.75,88.8788
-32.25,-24.75,102.365
-31.75,-24.75,117.284
-31.25,-24.75,133.638
-30.75,-24.75,151.404
-30.25,-24.75,170.545
-29.75,-24.75,191.004
-29.25,-24.75,212.707
-28.75,-24.75,235.562
-28.25,-24.75,259.459
-27.75,-24.75,284.27
-27.25,-24.75,309.843
-26.75,-24.75,336.006
-26.25,-24.75,362.567
-25.75,-24.75,389.317
-25.25,-24.75,416.04
-24.75,-24.75,442.522
-24.25,-24.75,468.565
-23.75,-24.75,493.995
-23.25,-24.75,518.674
-22.75,-24.75,542.505
-22.25,-24.75,565.436
-21.75,-24.75,587.451
-21.25,-24.75,608.569
-20.75,-24.75,628.839
-20.25,-24.75,648.326
-19.75,-24.75,667.108
-19.25,-24.75,685.278
-18.75,-24.75,702.933
-18.25,-24.75,720.181
-17.75,-24.75,737.138
-17.25,-24.75,753.926
-16.75,-24.75,770.669
-16.25,-24.75,787.486
-15.75,-24.75,804.485
-15.25,-24.75,821.75
-14.75,-24.75,839.335
-14.25,-24.75,857.26
-13.75,-24.75,875.508
-13.25,-24.75,894.029
-12.75,-24.75,912.749
-12.25,-24.75,931.58
-11.75,-24.75,950.435
-11.25,-24.75,969.241
-10.75,-24.75,987.947
-10.25,-24.75,1006.53
-9.75,-24.75,1025.02
-9.25,-24.75,1043.45
-8.75,-24.75,1061.91
-8.25,-24.75,1080.51
-7.75,-24.75,1099.35
-7.25,-24.75,1118.58
-6.75,-24.75,1138.31
-6.25,-24.75,1158.68
-5.75,-24.75,1179.8
-5.25,-24.75,1201.79
-4.75,-24.75,1224.73
-4.25,-24.75,1248.69
-3.75,-24.75,1273.74
-3.25,-24.75,1299.91
-2.75,-24.75,1327.21
-2.25,-24.75,1355.63
-1.75,-24.75,1385.14
-1.25,-24.75,1415.67
-0.75,-24.75,1447.13
-0.25,-24.75,1479.39
0.25,-24.75,1512.31
0.75,-24.75,1545.72
1.25,-24.75,1579.47
1.75,-24.75,1613.39
2.25,-24.75,1647.34
2.75,-24.75,1681.24
3.25,-24.75,1715.05
3.75,-24.75,1748.8
4.25,-24.75,1782.6
4.75,-24.75,1816.62
5.25,-24.75,1851.08
5.75,-24.75,1886.25
6.25,-24.75,1922.37
6.75,-24.75,1959.67
7.25,-24.75,1998.32
7.75,-24.75,2038.39
8.25,-24.75,2079.85
8.75,-24.75,2122.53
9.25,-24.75,2166.11
9.75,-24.75,2210.17
10.25,-24.75,2254.13
10.75,-24.75,2297.34
11.25,-24.75,2339.04
11.75,-24.75,2378.47
12.25,-24.75,2414.8
12.75,-24.75,2447.25
13.25,-24.75,2475.08
13.75,-24.75,2497.62
14.25,-24.75,2514.3
14.75,-24.75,2524.7
15.25,-24.75,2528.5
15.75,-24.75,2525.55
16.25,-24.75,2515.85
16.75,-24.75,2499.51
17.25,-24.75,2476.76
17.75,-24.75,2447.91
18.25,-24.75,2413.34
18.75,-24.75,2373.42
19.25,-24.75,2328.55
19.75,-24.75,2279.09
20.25,-24.75,2225.35
20.75,-24.75,2167.64
21.25,-24.75,2106.2
21.75,-24.75,2041.24
22.25,-24.75,1972.98
22.75,-24.75,1901.6
23.25,-24.75,1827.33
23.75,-24.75,1750.37
24.25,-24.75,1671.01
24.75,-24.75,1589.53
25.25,-24.75,1506.27
25.75,-24.75,1421.61
26.25,-24.75,1335.98
26.75,-24.75,1249.83
27.25,-24.75,1163.66
27.75,-24.75,1078.02
28.25,-24.75,993.472
28.75,-24.75,910.608
29.25,-24.75,830.029
29.75,-24.75,752.329
30.25,-24.75,678.073
30.75,-24.75,607.778
31.25,-24.75,541.88
31.75,-24.75,480.721
32.25,-24.75,424.524
32.75,-24.75,373.391
33.25,-24.75,327.296
33.75,-24.75,286.097
34.25,-24.75,249.554
34.75,-24.75,217.347
35.25,-24.75,189.107
35.75,-24.75,164.441
36.25,-24.75,142.949
36.75,-24.75,124.251
37.25,-24.75,107.993
37.75,-24.75,93.8561
38.25,-24.75,81.5616
38.75,-24.75,70.8666
39.25,-24.75,61.5629
39.75,-24.75,53.4707
40.25,-24.75,46.4349
40.75,-24.75,40.3192
41.25,-24.75,35.003
41.75,-24.75,30.3787
42.25,-24.75,26.3491
42.75,-24.75,22.8275
43.25,-24.75,19.7374
43.75,-24.75,17.012
44.25,-24.75,14.5914
44.75,-24.75,12.4255
-44.75,-24.25,14.9575
-44.25,-24.25,14.3451
-43.75,-24.25,13.7425
-43.25,-24.25,13.2519
-42.75,-24.25,12.9272
-42.25,-24.25,12.779
-41.75,-24.25,12.817
-41.25,-24.25,13.054
-40.75,-24.25,13.5078
-40.25,-24.25,14.2034
-39.75,-24.25,15.1751
-39.25,-24.25,16.4672
-38.75,-24.25,18.1366
-38.25,-24.25,20.2529
-37.75,-24.25,22.8994
-37.25,-24.25,26.1725
-36.75,-24.25,30.1803
-36.25,-24.25,35.039
-35.75,-24.25,40.8694
-35.25,-24.25,47.7927
-34.75,-24.25,55.926
-34.25,-24.25,65.377
-33.75,-24.25,76.2395
-33.25,-24.25,88.5911
-32.75,-24.25,102.488
-32.25,-24.25,117.966
-31.75,-24.25,135.036
-31.25,-24.25,153.683
-30.75,-24.25,173.873
-30.25,-24.25,195.545
-29.75,-24.25,218.622
-29.25,-24.25,243.004
-28.75,-24.25,268.573
-28.25,-24.25,295.194
-27.75,-24.25,322.712
-27.25,-24.25,350.952
-26.75,-24.25,379.72
-26.25,-24.25,408.802
-25.75,-24.25,437.972
-25.25,-24.25,466.999
-24.75,-24.25,495.657
-24.25,-24.25,523.736
-23.75,-24.25,551.056
-23.25,-24.25,577.473
-22.75,-24.25,602.887
-22.25,-24.25,627.245
-21.75,-24.25,650.535
-21.25,-24.25,672.783
-20.75,-24.25,694.046
-20.25,-24.25,714.402
-19.75,-24.25,733.949
-19.25,-24.25,752.794
-18.75,-24.25,771.056
-18.25,-24.25,788.862
-17.75,-24.25,806.347
-17.25,-24.25,823.653
-16.75,-24.25,840.918
-16.25,-24.25,858.279
-15.75,-24.25,875.855
-15.25,-24.25,893.743
-14.75,-24.25,912.007
-14.25,-24.25,930.68
-13.75,-24.25,949.753
-13.25,-24.25,969.186
-12.75,-24.25,988.914
-12.25,-24.25,1008.85
-11.75,-24.25,1028.92
-11.25,-24.25,1049.04
-10.75,-24.25,1069.15
-10.25,-24.25,1089.24
-9.75,-24.25,1109.3
-9.25,-24.25,1129.38
-8.75,-24.25,1149.56
-8.25,-24.25,1169.92
-7.75,-24.25,1190.59
-7.25,-24.25,1211.69
-6.75,-24.25,1233.37
-6.25,-24.25,1255.74
-5.75,-24.25,1278.94
-5.25,-24.25,1303.07
-4.75,-24.25,1328.22
-4.25,-24.25,1354.48
-3.75,-24.25,1381.88
-3.25,-24.25,1410.45
-2.75,-24.25,1440.18
-2.25,-24.25,1471.03
-1.75,-24.25,1502.94
-1.25,-24.25,1535.82
-0.75,-24.25,1569.55
-0.25,-24.25,1603.98
0.25,-24.25,1638.95
0.75,-24.25,1674.28
1.25,-24.25,1709.79
1.75,-24.25,1745.34
2.25,-24.25,1780.8
2.75,-24.25,1816.11
3.25,-24.25,1851.27
3.75,-24.25,1886.37
4.25,-24.25,1921.55
4.75,-24.25,1957.06
5.25,-24.25,1993.17
5.75,-24.25,2030.2
6.25,-24.25,2068.46
6.75,-24.25,2108.2
7.25,-24.25,2149.63
7.75,-24.25,2192.81
8.25,-24.25,2237.7
8.75,-24.25,2284.09
9.25,-24.25,2331.63
9.75,-24.25,2379.81
10.25,-24.25,2427.98
10.75,-24.25,2475.4
11.25,-24.25,2521.21
11.75,-24.25,2564.54
12.25,-24.25,2604.47
12.75,-24.25,2640.13
13.25,-24.25,2670.69
13.75,-24.25,2695.42
14.25,-24.25,2713.71
14.75,-24.25,2725.09
15.25,-24.25,2729.23
15.75,-24.25,2725.99
16.25,-24.25,2715.38
16.75,-24.25,2697.52
17.25,-24.25,2672.68
17.75,-24.25,2641.22
18.25,-24.25,2603.54
18.75,-24.25,2560.09
19.25,-24.25,2511.3
19.75,-24.25,2457.62
20.25,-24.25,2399.43
20.75,-24.25,2337.1
21.25,-24.25,2270.93
21.75,-24.25,2201.2
22.25,-24.25,2128.17
22.75,-24.25,2052.06
23.25,-24.25,1973.09
23.75,-24.25,1891.49
24.25,-24.25,1807.5
24.75,-24.25,1721.4
25.25,-24.25,1633.47
25.75,-24.25,1544.08
26.25,-24.25,1453.6
26.75,-24.25,1362.46
27.25,-24.25,1271.16
27.75,-24.25,1180.21
28.25,-24.25,1090.19
28.75,-24.25,1001.71
29.25,-24.25,915.391
29.75,-24.25,831.867
30.25,-24.25,751.748
30.75,-24.25,675.6
31.25,-24.25,603.914
31.75,-24.25,537.085
32.25,-24.25,475.393
32.75,-24.25,418.987
33.25,-24.25,367.887
33.75,-24.25,321.984
34.25,-24.25,281.067
34.75,-24.25,244.834
35.25,-24.25,212.926
35.75,-24.25,184.95
36.25,-24.25,160.502
36.75,-24.25,139.188
37.25,-24.25,120.639
37.75,-24.25,104.516
38.25,-24.25,90.5168
38.75,-24.25,78.3741
39.25,-24.25,67.8531
39.75,-24.25,58.7474
40.25,-24.25,50.875
40.75,-24.25,44.074
41.25,-24.25,38.1996
41.75,-24.25,33.1215
42.25,-24.25,28.7227
42.75,-24.25,24.8987
43.25,-24.25,21.5579
43.75,-24.25,18.6205
44.25,-24.25,16.0154
44.75,-24.25,13.6837
-44.75,-23.75,15.1405
-44.25,-23.75,14.5938
-43.75,-23.75,14.0479
-43.25,-23.75,13.6111
-42.75,-23.75,13.3434
-42.25,-23.75,13.2619
-41.75,-23.75,13.3825
-41.25,-23.75,13.7236
-40.75,-23.75,14.3092
-40.25,-23.75,15.1709
-39.75,-23.75,16.3502
-39.25,-23.75,17.9005
-38.75,-23.75,19.8889
-38.25,-23.75,22.397
-37.75,-23.75,25.5215
-37.25,-23.75,29.3735
-36.75,-23.75,34.076
-36.25,-23.75,39.7604
-35.75,-23.75,46.5614
-35.25,-23.75,54.6131
-34.75,-23.75,64.0431
-34.25,-23.75,74.9669
-33.75,-23.75,87.4828
-33.25,-23.75,101.669
-32.75,-23.75,117.578
-32.25,-23.75,135.237
-31.75,-23.75,154.643
-31.25,-23.75,175.766
-30.75,-23.75,198.549
-30.25,-23.75,222.907
-29.75,-23.75,248.733
-29.25,-23.75,275.901
-28.75,-23.75,304.262
-28.25,-23.75,333.654
-27.75,-23.75,363.895
-27.25,-23.75,394.787
-26.75,-23.75,426.118
-26.25,-23.75,457.658
-25.75,-23.75,489.173
-25.25,-23.75,520.424
-24.75,-23.75,551.181
-24.25,-23.75,581.232
-23.75,-23.75,610.398
-23.25,-23.75,638.533
-22.75,-23.75,665.54
-22.25,-23.75,691.364
-21.75,-23.75,715.995
-21.25,-23.75,739.463
-20.75,-23.75,761.828
-20.25,-23.75,783.176
-19.75,-23.75,803.613
-19.25,-23.75,823.26
-18.75,-23.75,842.248
-18.25,-23.75,860.72
-17.75,-23.75,878.827
-17.25,-23.75,896.723
-16.75,-23.75,914.563
-16.25,-23.75,932.493
-15.75,-23.75,950.647
-15.25,-23.75,969.132
-14.75,-23.75,988.028
-14.25,-23.75,1007.38
-13.75,-23.75,1027.18
-13.25,-23.75,1047.42
-12.75,-23.75,1068.04
-12.25,-23.75,1088.96
-11.75,-23.75,1110.11
-11.25,-23.75,1131.42
-10.75,-23.75,1152.82
-10.25,-23.75,1174.3
-9.75,-23.75,1195.85
-9.25,-23.75,1217.5
-8.75,-23.75,1239.32
-8.25,-23.75,1261.4
-7.75,-23.75,1283.86
-7.25,-23.75,1306.82
-6.75,-23.75,1330.43
-6.25,-23.75,1354.81
-5.75,-23.75,1380.1
-5.25,-23.75,1406.42
-4.75,-23.75,1433.84
-4.25,-23.75,1462.44
-3.75,-23.75,1492.26
-3.25,-23.75,1523.3
-2.75,-23.75,1555.53
-2.25,-23.75,1588.9
-1.75,-23.75,1623.3
-1.25,-23.75,1658.63
-0.75,-23.75,1694.73
-0.25,-23.75,1731.44
0.25,-23.75,1768.58
0.75,-23.75,1805.96
1.25,-23.75,1843.42
1.75,-23.75,1880.8
2.25,-23.75,1918
2.75,-23.75,1954.99
3.25,-23.75,1991.8
3.75,-23.75,2028.56
4.25,-23.75,2065.48
4.75,-23.75,2102.83
5.25,-23.75,2140.95
5.75,-23.75,2180.2
6.25,-23.75,2220.92
6.75,-23.75,2263.4
7.25,-23.75,2307.84
7.75,-23.75,2354.31
8.25,-23.75,2402.75
8.75,-23.75,2452.91
9.25,-23.75,2504.4
9.75,-23.75,2556.65
10.25,-23.75,2608.93
10.75,-23.75,2660.42
11.25,-23.75,2710.19
11.75,-23.75,2757.25
12.25,-23.75,2800.62
12.75,-23.75,2839.33
13.25,-23.75,2872.48
13.75,-23.75,2899.27
14.25,-23.75,2919.04
14.75,-23.75,2931.29
15.25,-23.75,2935.67
15.75,-23.75,2932.04
16.25,-23.75,2920.39
16.75,-23.75,2900.88
17.25,-23.75,2873.79
17.75,-23.75,2839.51
18.25,-23.75,2798.49
18.75,-23.75,2751.22
19.25,-23.75,2698.21
19.75,-23.75,2639.96
20.25,-23.75,2576.94
20.75,-23.75,2509.6
21.25,-23.75,2438.33
21.75,-23.75,2363.48
22.25,-23.75,2285.36
22.75,-23.75,2204.24
23.25,-23.75,2120.38
23.75,-23.75,2033.99
24.25,-23.75,1945.32
24.75,-23.75,1854.61
25.25,-23.75,1762.12
25.75,-23.75,1668.14
26.25,-23.75,1573.01
26.75,-23.75,1477.14
27.25,-23.75,1380.97
27.75,-23.75,1284.99
28.25,-23.75,1189.79
28.75,-23.75,1095.95
29.25,-23.75,1004.14
29.75,-23.75,914.988
30.25,-23.75,829.157
30.75,-23.75,747.252
31.25,-23.75,669.815
31.75,-23.75,597.295
32.25,-23.75,530.027
32.75,-23.75,468.213
33.25,-23.75,411.925
33.75,-23.75,361.097
34.25,-23.75,315.556
34.75,-23.75,275.03
35.25,-23.75,239.18
35.75,-23.75,207.623
36.25,-23.75,179.958
36.75,-23.75,155.786
37.25,-23.75,134.725
37.75,-23.75,116.421
38.25,-23.75,100.547
38.75,-23.75,86.8101
39.25,-23.75,74.948
39.75,-23.75,64.7246
40.25,-23.75,55.9284
40.75,-23.75,48.3689
41.25,-23.75,41.874
41.75,-23.75,36.2893
42.25,-23.75,31.4755
42.75,-23.75,27.3094
43.25,-23.75,23.683
43.75,-23.75,20.503
44.25,-23.75,17.6865
44.75,-23.75,15.1649
-44.75,-23.25,15.4934
-44.25,-23.25,14.9962
-43.75,-23.25,14.4884
-43.25,-23.25,14.0867
-42.75,-23.25,13.8592
-42.25,-23.25,13.8303
-41.75,-23.25,14.0227
-41.25,-23.25,14.4616
-40.75,-23.25,15.1776
-40.25,-23.25,16.21
-39.75,-23.25,17.6089
-39.25,-23.25,19.4381
-38.75,-23.25,21.7766
-38.25,-23.25,24.7198
-37.75,-23.25,28.3795
-37.25,-23.25,32.8826
-36.75,-23.25,38.3688
-36.25,-23.25,44.9849
-35.75,-23.25,52.8799
-35.25,-23.25,62.2001
-34.75,-23.25,73.0825
-34.25,-23.25,85.6483
-33.75,-23.25,99.9975
-33.25,-23.25,116.205
-32.75,-23.25,134.316
-32.25,-23.25,154.344
-31.75,-23.25,176.268
-31.25,-23.25,200.035
-30.75,-23.25,225.561
-30.25,-23.25,252.73
-29.75,-23.25,281.405
-29.25,-23.25,311.425
-28.75,-23.25,342.612
-28.25,-23.25,374.774
-27.75,-23.25,407.704
-27.25,-23.25,441.186
-26.75,-23.25,474.992
-26.25,-23.25,508.887
-25.75,-23.25,542.633
-25.25,-23.25,575.995
-24.75,-23.25,608.749
-24.25,-23.25,640.693
-23.75,-23.25,671.651
-23.25,-23.25,701.487
-22.75,-23.25,730.104
-22.25,-23.25,757.449
-21.75,-23.25,783.512
-21.25,-23.25,808.317
-20.75,-23.25,831.924
-20.25,-23.25,854.419
-19.75,-23.25,875.908
-19.25,-23.25,896.516
-18.75,-23.25,916.382
-18.25,-23.25,935.656
-17.75,-23.25,954.499
-17.25,-23.25,973.077
-16.75,-23.25,991.554
-16.25,-23.25,1010.09
-15.75,-23.25,1028.82
-15.25,-23.25,1047.88
-14.75,-23.25,1067.36
-14.25,-23.25,1087.3
-13.75,-23.25,1107.74
-13.25,-23.25,1128.67
-12.75,-23.25,1150.04
-12.25,-23.25,1171.8
-11.75,-23.25,1193.89
-11.25,-23.25,1216.23
-10.75,-23.25,1238.79
-10.25,-23.25,1261.52
-9.75,-23.25,1284.42
-9.25,-23.25,1307.53
-8.75,-23.25,1330.91
-8.25,-23.25,1354.63
-7.75,-23.25,1378.81
-7.25,-23.25,1403.59
-6.75,-23.25,1429.09
-6.25,-23.25,1455.47
-5.75,-23.25,1482.85
-5.25,-23.25,1511.35
-4.75,-23.25,1541.06
-4.25,-23.25,1572.04
-3.75,-23.25,1604.31
-3.25,-23.25,1637.86
-2.75,-23.25,1672.64
-2.25,-23.25,1708.57
-1.75,-23.25,1745.52
-1.25,-23.25,1783.36
-0.75,-23.25,1821.92
-0.25,-23.25,1861.02
0.25,-23.25,1900.46
0.75,-23.25,1940.07
1.25,-23.25,1979.66
1.75,-23.25,2019.12
2.25,-23.25,2058.35
2.75,-23.25,2097.36
3.25,-23.25,2136.2
3.75,-23.25,2175.04
4.25,-23.25,2214.14
4.75,-23.25,2253.8
5.25,-23.25,2294.39
5.75,-23.25,2336.3
6.25,-23.25,2379.88
6.75,-23.25,2425.45
7.25,-23.25,2473.19
7.75,-23.25,2523.17
8.25,-23.25,2575.3
8.75,-23.25,2629.3
9.25,-23.25,2684.73
9.75,-23.25,2740.96
10.25,-23.25,2797.21
10.75,-23.25,2852.58
11.25,-23.25,2906.08
11.75,-23.25,2956.63
12.25,-23.25,3003.18
12.75,-23.25,3044.69
13.25,-23.25,3080.19
13.75,-23.25,3108.82
14.25,-23.25,3129.88
14.75,-23.25,3142.82
15.25,-23.25,3147.28
15.75,-23.25,3143.09
16.25,-23.25,3130.24
16.75,-23.25,3108.92
17.25,-23.25,3079.4
17.75,-23.25,3042.1
18.25,-23.25,2997.51
18.75,-23.25,2946.18
19.25,-23.25,2888.67
19.75,-23.25,2825.56
20.25,-23.25,2757.4
20.75,-23.25,2684.73
21.25,-23.25,2608.03
21.75,-23.25,2527.75
22.25,-23.25,2444.26
22.75,-23.25,2357.89
23.25,-23.25,2268.94
23.75,-23.25,2177.65
24.25,-23.25,2084.24
24.75,-23.25,1988.92
25.25,-23.25,1891.93
25.75,-23.25,1793.5
26.25,-23.25,1693.93
26.75,-23.25,1593.55
27.25,-23.25,1492.78
27.75,-23.25,1392.08
28.25,-23.25,1291.98
28.75,-23.25,1193.08
29.25,-23.25,1096.04
29.75,-23.25,1001.5
30.25,-23.25,910.15
30.75,-23.25,822.629
31.25,-23.25,739.522
31.75,-23.25,661.33
32.25,-23.25,588.441
32.75,-23.25,521.117
33.25,-23.25,459.483
33.75,-23.25,403.529
34.25,-23.25,353.13
34.75,-23.25,308.052
35.25,-23.25,267.989
35.75,-23.25,232.579
36.25,-23.25,201.433
36.75,-23.25,174.153
37.25,-23.25,150.352
37.75,-23.25,129.659
38.25,-23.25,111.726
38.75,-23.25,96.236
39.25,-23.25,82.8948
39.75,-23.25,71.4353
40.25,-23.25,61.6138
40.75,-23.25,53.2087
41.25,-23.25,46.0188
41.75,-23.25,39.8627
42.25,-23.25,34.578
42.75,-23.25,30.0212
43.25,-23.25,26.0673
43.75,-23.25,22.6087
44.25,-23.25,19.5505
44.75,-23.25,16.8138
-44.75,-22.75,16.0853
-44.25,-22.75,15.6178
-43.75,-22.75,15.1266
-43.25,-22.75,14.7396
-42.75,-22.75,14.5349
-42.25,-22.75,14.5448
-41.75,-22.75,14.7995
-41.25,-22.75,15.3313
-40.75,-22.75,16.1787
-40.25,-22.75,17.3892
-39.75,-22.75,19.0233
-39.25,-22.75,21.1566
-38.75,-22.75,23.8821
-38.25,-22.75,27.3107
-37.75,-22.75,31.5712
-37.25,-22.75,36.808
-36.75,-22.75,43.1779
-36.25,-22.75,50.8439
-35.75,-22.75,59.9688
-35.25,-22.75,70.7099
-34.75,-22.75,83.2114
-34.25,-22.75,97.5974
-33.75,-22.75,113.965
-33.25,-22.75,132.383
-32.75,-22.75,152.882
-32.25,-22.75,175.457
-31.75,-22.75,200.063
-31.25,-22.75,226.619
-30.75,-22.75,255.007
-30.25,-22.75,285.079
-29.75,-22.75,316.66
-29.25,-22.75,349.556
-28.75,-22.75,383.557
-28.25,-22.75,418.441
-27.75,-22.75,453.981
-27.25,-22.75,489.945
-26.75,-22.75,526.097
-26.25,-22.75,562.205
-25.75,-22.75,598.038
-25.25,-22.75,633.374
-24.75,-22.75,668.005
-24.25,-22.75,701.748
-23.75,-22.75,734.442
-23.25,-22.75,765.96
-22.75,-22.75,796.214
-22.25,-22.75,825.149
-21.75,-22.75,852.75
-21.25,-22.75,879.035
-20.75,-22.75,904.052
-20.25,-22.75,927.876
-19.75,-22.75,950.607
-19.25,-22.75,972.364
-18.75,-22.75,993.283
-18.25,-22.75,1013.52
-17.75,-22.75,1033.23
-17.25,-22.75,1052.59
-16.75,-22.75,1071.78
-16.25,-22.75,1090.96
-15.75,-22.75,1110.28
-15.25,-22.75,1129.89
-14.75,-22.75,1149.88
-14.25,-22.75,1170.34
-13.75,-22.75,1191.31
-13.25,-22.75,1212.79
-12.75,-22.75,1234.78
-12.25,-22.75,1257.23
-11.75,-22.75,1280.09
-11.25,-22.75,1303.31
-10.75,-22.75,1326.86
-10.25,-22.75,1350.69
-9.75,-22.75,1374.82
-9.25,-22.75,1399.26
-8.75,-22.75,1424.07
-8.25,-22.75,1449.34
-7.75,-22.75,1475.17
-7.25,-22.75,1501.69
-6.75,-22.75,1529.05
-6.25,-22.75,1557.38
-5.75,-22.75,1586.83
-5.25,-22.75,1617.5
-4.75,-22.75,1649.49
-4.25,-22.75,1682.85
-3.75,-22.75,1717.58
-3.25,-22.75,1753.65
-2.75,-22.75,1791
-2.25,-22.75,1829.52
-1.75,-22.75,1869.07
-1.25,-22.75,1909.48
-0.75,-22.75,1950.57
-0.25,-22.75,1992.15
0.25,-22.75,2034.02
0.75,-22.75,2076.02
1.25,-22.75,2117.98
1.75,-22.75,2159.78
2.25,-22.75,2201.38
2.75,-22.75,2242.78
3.25,-22.75,2284.1
3.75,-22.75,2325.51
4.25,-22.75,2367.29
4.75,-22.75,2409.78
5.25,-22.75,2453.37
5.75,-22.75,2498.44
6.25,-22.75,2545.35
6.75,-22.75,2594.4
7.25,-22.75,2645.78
7.75,-22.75,2699.51
8.25,-22.75,2755.48
8.75,-22.75,2813.38
9.25,-22.75,2872.72
9.75,-22.75,2932.82
10.25,-22.75,2992.86
10.75,-22.75,3051.88
11.25,-22.75,3108.82
11.75,-22.75,3162.57
12.25,-22.75,3211.99
12.75,-22.75,3255.98
13.25,-22.75,3293.52
13.75,-22.75,3323.71
14.25,-22.75,3345.79
14.75,-22.75,3359.19
15.25,-22.75,3363.5
15.75,-22.75,3358.56
16.25,-22.75,3344.34
16.75,-22.75,3321.02
17.25,-22.75,3288.9
17.75,-22.75,3248.41
18.25,-22.75,3200.08
18.75,-22.75,3144.48
19.25,-22.75,3082.26
19.75,-22.75,3014.06
20.25,-22.75,2940.52
20.75,-22.75,2862.28
21.25,-22.75,2779.91
21.75,-22.75,2693.95
22.25,-22.75,2604.86
22.75,-22.75,2513.05
23.25,-22.75,2418.85
23.75,-22.75,2322.52
24.25,-22.75,2224.29
24.75,-22.75,2124.35
25.25,-22.75,2022.89
25.75,-22.75,1920.1
26.25,-22.75,1816.23
26.75,-22.75,1711.55
27.25,-22.75,1606.41
27.75,-22.75,1501.24
28.25,-22.75,1396.53
28.75,-22.75,1292.86
29.25,-22.75,1190.86
29.75,-22.75,1091.18
30.25,-22.75,994.526
30.75,-22.75,901.556
31.25,-22.75,812.893
31.75,-22.75,729.082
32.25,-22.75,650.564
32.75,-22.75,577.659
33.25,-22.75,510.554
33.75,-22.75,449.301
34.25,-22.75,393.83
34.75,-22.75,343.96
35.25,-22.75,299.427
35.75,-22.75,259.9
36.25,-22.75,225.012
36.75,-22.75,194.375
37.25,-22.75,167.598
37.75,-22.75,144.301
38.25,-22.75,124.117
38.75,-22.75,106.701
39.25,-22.75,91.7289
39.75,-22.75,78.9009
40.25,-22.75,67.939
40.75,-22.75,58.5882
41.25,-22.75,50.6161
41.75,-22.75,43.8133
42.25,-22.75,37.9924
42.75,-22.75,32.9888
43.25,-22.75,28.6595
43.75,-22.75,24.8822
44.25,-22.75,21.5496
44.75,-22.75,18.5723
-44.75,-22.25,16.9404
-44.25,-22.25,16.4854
-43.75,-22.25,15.9928
-43.25,-22.25,15.6042
-42.75,-22.25,15.4096
-42.25,-22.25,15.4498
-41.75,-22.25,15.7629
-41.25,-22.25,16.3893
-40.75,-22.25,17.3756
-40.25,-22.25,18.7794
-39.75,-22.25,20.6726
-39.25,-22.25,23.1448
-38.75,-22.25,26.3046
-38.25,-22.25,30.2807
-37.75,-22.25,35.2203
-37.25,-22.25,41.2867
-36.75,-22.25,48.6545
-36.25,-22.25,57.5023
-35.75,-22.25,68.0058
-35.25,-22.25,80.3308
-34.75,-22.25,94.626
-34.25,-22.25,111.014
-33.75,-22.25,129.585
-33.25,-22.25,150.394
-32.75,-22.25,173.452
-32.25,-22.25,198.732
-31.75,-22.25,226.157
-31.25,-22.25,255.613
-30.75,-22.25,286.946
-30.25,-22.25,319.969
-29.75,-22.25,354.472
-29.25,-22.25,390.222
-28.75,-22.25,426.978
-28.25,-22.25,464.495
-27.75,-22.25,502.525
-27.25,-22.25,540.827
-26.75,-22.25,579.166
-26.25,-22.25,617.317
-25.75,-22.25,655.068
-25.25,-22.25,692.221
-24.75,-22.25,728.596
-24.25,-22.25,764.033
-23.75,-22.25,798.397
-23.25,-22.25,831.58
-22.75,-22.25,863.498
-22.25,-22.25,894.099
-21.75,-22.25,923.358
-21.25,-22.25,951.279
-20.75,-22.25,977.891
-20.25,-22.25,1003.25
-19.75,-22.25,1027.43
-19.25,-22.25,1050.55
-18.75,-22.25,1072.71
-18.25,-22.25,1094.08
-17.75,-22.25,1114.81
-17.25,-22.25,1135.07
-16.75,-22.25,1155.04
-16.25,-22.25,1174.9
-15.75,-22.25,1194.82
-15.25,-22.25,1214.95
-14.75,-22.25,1235.41
-14.25,-22.25,1256.3
-13.75,-22.25,1277.69
-13.25,-22.25,1299.6
-12.75,-22.25,1322.06
-12.25,-22.25,1345.04
-11.75,-22.25,1368.52
-11.25,-22.25,1392.47
-10.75,-22.25,1416.85
-10.25,-22.25,1441.65
-9.75,-22.25,1466.86
-9.25,-22.25,1492.5
-8.75,-22.25,1518.65
-8.25,-22.25,1545.36
-7.75,-22.25,1572.75
-7.25,-22.25,1600.96
-6.75,-22.25,1630.11
-6.25,-22.25,1660.36
-5.75,-22.25,1691.83
-5.25,-22.25,1724.65
-4.75,-22.25,1758.9
-4.25,-22.25,1794.61
-3.75,-22.25,1831.79
-3.25,-22.25,1870.38
-2.75,-22.25,1910.3
-2.25,-22.25,1951.42
-1.75,-22.25,1993.58
-1.25,-22.25,2036.6
-0.75,-22.25,2080.28
-0.25,-22.25,2124.44
0.25,-22.25,2168.88
0.75,-22.25,2213.44
1.25,-22.25,2257.99
1.75,-22.25,2302.43
2.25,-22.25,2346.74
2.75,-22.25,2390.96
3.25,-22.25,2435.21
3.75,-22.25,2479.7
4.25,-22.25,2524.72
4.75,-22.25,2570.6
5.25,-22.25,2617.73
5.75,-22.25,2666.49
6.25,-22.25,2717.21
6.75,-22.25,2770.16
7.25,-22.25,2825.51
7.75,-22.25,2883.24
8.25,-22.25,2943.2
8.75,-22.25,3005.05
9.25,-22.25,3068.25
9.75,-22.25,3132.1
10.25,-22.25,3195.72
10.75,-22.25,3258.12
11.25,-22.25,3318.2
11.75,-22.25,3374.79
12.25,-22.25,3426.72
12.75,-22.25,3472.84
13.25,-22.25,3512.09
13.75,-22.25,3543.52
14.25,-22.25,3566.33
14.75,-22.25,3579.91
15.25,-22.25,3583.85
15.75,-22.25,3577.95
16.25,-22.25,3562.18
16.75,-22.25,3536.71
17.25,-22.25,3501.84
17.75,-22.25,3458.02
18.25,-22.25,3405.8
18.75,-22.25,3345.82
19.25,-22.25,3278.75
19.75,-22.25,3205.33
20.25,-22.25,3126.28
20.75,-22.25,3042.31
21.25,-22.25,2954.12
21.75,-22.25,2862.33
22.25,-22.25,2767.49
22.75,-22.25,2670.08
23.25,-22.25,2570.48
23.75,-22.25,2468.99
24.25,-22.25,2365.85
24.75,-22.25,2261.23
25.25,-22.25,2155.28
25.75,-22.25,2048.17
26.25,-22.25,1940.06
26.75,-22.25,1831.19
27.25,-22.25,1721.84
27.75,-22.25,1612.39
28.25,-22.25,1503.29
28.75,-22.25,1395.08
29.25,-22.25,1288.35
29.75,-22.25,1183.77
30.25,-22.25,1082.01
30.75,-22.25,983.766
31.25,-22.25,889.675
31.75,-22.25,800.321
32.25,-22.25,716.196
32.75,-22.25,637.677
33.25,-22.25,565.014
33.75,-22.25,498.325
34.25,-22.25,437.605
34.75,-22.25,382.734
35.25,-22.25,333.499
35.75,-22.25,289.614
36.25,-22.25,250.739
36.75,-22.25,216.503
37.25,-22.25,186.521
37.75,-22.25,160.404
38.25,-22.25,137.77
38.75,-22.25,118.247
39.25,-22.25,101.483
39.75,-22.25,87.1429
40.25,-22.25,74.9135
40.75,-22.25,64.5054
41.25,-22.25,55.6538
41.75,-22.25,48.1196
42.25,-22.25,41.6895
42.75,-22.25,36.1767
43.25,-22.25,31.4195
43.75,-22.25,27.2805
44.25,-22.25,23.6392
44.75,-22.25,20.3956
-44.75,-21.75,18.0397
-44.25,-21.75,17.5887
-43.75,-21.75,17.0858
-43.25,-21.75,16.6888
-42.75,-21.75,16.5009
-42.25,-21.75,16.5723
-41.75,-21.75,16.9498
-41.25,-21.75,17.6823
-40.75,-21.75,18.826
-40.25,-21.75,20.4496
-39.75,-21.75,22.6385
-39.25,-21.75,25.4979
-38.75,-21.75,29.1543
-38.25,-21.75,33.7557
-37.75,-21.75,39.4694
-37.25,-21.75,46.478
-36.75,-21.75,54.9738
-36.25,-21.75,65.15
-35.75,-21.75,77.1928
-35.25,-21.75,91.2733
-34.75,-21.75,107.54
-34.25,-21.75,126.109
-33.75,-21.75,147.058
-33.25,-21.75,170.422
-32.75,-21.75,196.19
-32.25,-21.75,224.3
-31.75,-21.75,254.646
-31.25,-21.75,287.073
-30.75,-21.75,321.389
-30.25,-21.75,357.368
-29.75,-21.75,394.76
-29.25,-21.75,433.3
-28.75,-21.75,472.717
-28.25,-21.75,512.74
-27.75,-21.75,553.111
-27.25,-21.75,593.581
-26.75,-21.75,633.924
-26.25,-21.75,673.932
-25.75,-21.75,713.419
-25.25,-21.75,752.219
-24.75,-21.75,790.19
-24.25,-21.75,827.208
-23.75,-21.75,863.169
-23.25,-21.75,897.987
-22.75,-21.75,931.592
-22.25,-21.75,963.931
-21.75,-21.75,994.968
-21.25,-21.75,1024.68
-20.75,-21.75,1053.08
-20.25,-21.75,1080.19
-19.75,-21.75,1106.05
-19.25,-21.75,1130.74
-18.75,-21.75,1154.36
-18.25,-21.75,1177.04
-17.75,-21.75,1198.93
-17.25,-21.75,1220.21
-16.75,-21.75,1241.05
-16.25,-21.75,1261.64
-15.75,-21.75,1282.16
-15.25,-21.75,1302.78
-14.75,-21.75,1323.65
-14.25,-21.75,1344.9
-13.75,-21.75,1366.6
-13.25,-21.75,1388.84
-12.75,-21.75,1411.64
-12.25,-21.75,1435.03
-11.75,-21.75,1458.99
-11.25,-21.75,1483.53
-10.75,-21.75,1508.61
-10.25,-21.75,1534.24
-9.75,-21.75,1560.42
-9.25,-21.75,1587.17
-8.75,-21.75,1614.55
-8.25,-21.75,1642.63
-7.75,-21.75,1671.52
-7.25,-21.75,1701.34
-6.75,-21.75,1732.24
-6.25,-21.75,1764.35
-5.75,-21.75,1797.82
-5.25,-21.75,1832.75
-4.75,-21.75,1869.22
-4.25,-21.75,1907.26
-3.75,-21.75,1946.86
-3.25,-21.75,1987.95
-2.75,-21.75,2030.42
-2.25,-21.75,2074.14
-1.75,-21.75,2118.91
-1.25,-21.75,2164.56
-0.75,-21.75,2210.89
-0.25,-21.75,2257.71
0.25,-21.75,2304.85
0.75,-21.75,2352.16
1.25,-21.75,2399.53
1.75,-21.75,2446.9
2.25,-21.75,2494.27
2.75,-21.75,2541.71
3.25,-21.75,2589.36
3.75,-21.75,2637.43
4.25,-21.75,2686.22
4.75,-21.75,2736.04
5.25,-21.75,2787.25
5.75,-21.75,2840.21
6.25,-21.75,2895.2
6.75,-21.75,2952.46
7.25,-21.75,3012.08
7.75,-21.75,3074.04
8.25,-21.75,3138.12
8.75,-21.75,3203.94
9.25,-21.75,3270.94
9.75,-21.75,3338.38
10.25,-21.75,3405.37
10.75,-21.75,3470.86
11.25,-21.75,3533.75
11.75,-21.75,3592.83
12.25,-21.75,3646.9
12.75,-21.75,3694.79
13.25,-21.75,3735.4
13.75,-21.75,3767.73
14.25,-21.75,3790.98
14.75,-21.75,3804.5
15.25,-21.75,3807.85
15.75,-21.75,3800.81
16.25,-21.75,3783.34
16.75,-21.75,3755.6
17.25,-21.75,3717.89
17.75,-21.75,3670.68
18.25,-21.75,3614.53
18.75,-21.75,3550.12
19.25,-21.75,3478.18
19.75,-21.75,3399.5
20.25,-21.75,3314.9
20.75,-21.75,3225.17
21.25,-21.75,3131.11
21.75,-21.75,3033.42
22.25,-21.75,2932.76
22.75,-21.75,2829.65
23.25,-21.75,2724.55
23.75,-21.75,2617.78
24.25,-21.75,2509.6
24.75,-21.75,2400.19
25.25,-21.75,2289.66
25.75,-21.75,2178.15
26.25,-21.75,2065.77
26.75,-21.75,1952.71
27.25,-21.75,1839.2
27.75,-21.75,1725.55
28.25,-21.75,1612.17
28.75,-21.75,1499.56
29.25,-21.75,1388.27
29.75,-21.75,1278.95
30.25,-21.75,1172.26
30.75,-21.75,1068.88
31.25,-21.75,969.488
31.75,-21.75,874.681
32.25,-21.75,784.995
32.75,-21.75,700.862
33.25,-21.75,622.596
33.75,-21.75,550.382
34.25,-21.75,484.285
34.75,-21.75,424.251
35.25,-21.75,370.129
35.75,-21.75,321.68
36.25,-21.75,278.603
36.75,-21.75,240.552
37.25,-21.75,207.151
37.75,-21.75,178.009
38.25,-21.75,152.729
38.75,-21.75,130.92
39.25,-21.75,112.197
39.75,-21.75,96.193
40.25,-21.75,82.5606
40.75,-21.75,70.9751
41.25,-21.75,61.1383
41.75,-21.75,52.7808
42.25,-21.75,45.6625
42.75,-21.75,39.5733
43.25,-21.75,34.3324
43.75,-21.75,29.786
44.25,-21.75,25.8002
44.75,-21.75,22.2636
-44.75,-21.25,19.334
-44.25,-21.25,18.8913
-43.75,-21.25,18.3823
-43.25,-21.25,17.9829
-42.75,-21.25,17.8109
-42.25,-21.25,17.9268
-41.75,-21.25,18.3868
-41.25,-21.25,19.2496
-40.75,-21.25,20.5824
-40.25,-21.25,22.4666
-39.75,-21.25,25.0031
-39.25,-21.25,28.3148
-38.75,-21.25,32.5478
-38.25,-21.25,37.8712
-37.75,-21.25,44.4727
-37.25,-21.25,52.5544
-36.75,-21.25,62.3252
-36.25,-21.25,73.9903
-35.75,-21.25,87.7429
-35.25,-21.25,103.755
-34.75,-21.25,122.17
-34.25,-21.25,143.09
-33.75,-21.25,166.575
-33.25,-21.25,192.636
-32.75,-21.25,221.229
-32.25,-21.25,252.26
-31.75,-21.25,285.584
-31.25,-21.25,321.008
-30.75,-21.25,358.3
-30.25,-21.25,397.195
-29.75,-21.25,437.407
-29.25,-21.25,478.637
-28.75,-21.25,520.588
-28.25,-21.25,562.969
-27.75,-21.25,605.511
-27.25,-21.25,647.968
-26.75,-21.25,690.124
-26.25,-21.25,731.794
-25.75,-21.25,772.826
-25.25,-21.25,813.098
-24.75,-21.25,852.51
-24.25,-21.25,890.985
-23.75,-21.25,928.458
-23.25,-21.25,964.869
-22.75,-21.25,1000.17
-22.25,-21.25,1034.3
-21.75,-21.25,1067.22
-21.25,-21.25,1098.88
-20.75,-21.25,1129.24
-20.25,-21.25,1158.3
-19.75,-21.25,1186.05
-19.25,-21.25,1212.53
-18.75,-21.25,1237.81
-18.25,-21.25,1261.99
-17.75,-21.25,1285.2
-17.25,-21.25,1307.61
-16.75,-21.25,1329.4
-16.25,-21.25,1350.76
-15.75,-21.25,1371.9
-15.25,-21.25,1393
-14.75,-21.25,1414.25
-14.25,-21.25,1435.78
-13.75,-21.25,1457.73
-13.25,-21.25,1480.2
-12.75,-21.25,1503.25
-12.25,-21.25,1526.94
-11.75,-21.25,1551.29
-11.25,-21.25,1576.32
-10.75,-21.25,1602.01
-10.25,-21.25,1628.39
-9.75,-21.25,1655.46
-9.25,-21.25,1683.25
-8.75,-21.25,1711.8
-8.25,-21.25,1741.2
-7.75,-21.25,1771.55
-7.25,-21.25,1802.96
-6.75,-21.25,1835.57
-6.25,-21.25,1869.52
-5.75,-21.25,1904.95
-5.25,-21.25,1941.95
-4.75,-21.25,1980.6
-4.25,-21.25,2020.92
-3.75,-21.25,2062.9
-3.25,-21.25,2106.44
-2.75,-21.25,2151.43
-2.25,-21.25,2197.71
-1.75,-21.25,2245.1
-1.25,-21.25,2293.4
-0.75,-21.25,2342.43
-0.25,-21.25,2391.99
0.25,-21.25,2441.94
0.75,-21.25,2492.15
1.25,-21.25,2542.56
1.75,-21.25,2593.12
2.25,-21.25,2643.88
2.75,-21.25,2694.92
3.25,-21.25,2746.4
3.75,-21.25,2798.53
4.25,-21.25,2851.58
4.75,-21.25,2905.84
5.25,-21.25,2961.64
5.75,-21.25,3019.25
6.25,-21.25,3078.94
6.75,-21.25,3140.84
7.25,-21.25,3205.02
7.75,-21.25,3271.38
8.25,-21.25,3339.67
8.75,-21.25,3409.47
9.25,-21.25,3480.17
9.75,-21.25,3551.03
10.25,-21.25,3621.13
10.75,-21.25,3689.42
11.25,-21.25,3754.78
11.75,-21.25,3816.01
12.25,-21.25,3871.87
12.75,-21.25,3921.18
13.25,-21.25,3962.82
13.75,-21.25,3995.79
14.25,-21.25,4019.22
14.75,-21.25,4032.47
15.25,-21.25,4035.07
15.75,-21.25,4026.77
16.25,-21.25,4007.52
16.75,-21.25,3977.46
17.25,-21.25,3936.9
17.75,-21.25,3886.31
18.25,-21.25,3826.27
18.75,-21.25,3757.49
19.25,-21.25,3680.75
19.75,-21.25,3596.9
20.25,-21.25,3506.84
20.75,-21.25,3411.43
21.25,-21.25,3311.55
21.75,-21.25,3208
22.25,-21.25,3101.51
22.75,-21.25,2992.67
23.25,-21.25,2881.98
23.75,-21.25,2769.83
24.25,-21.25,2656.48
24.75,-21.25,2542.11
25.25,-21.25,2426.84
25.75,-21.25,2310.75
26.25,-21.25,2193.95
26.75,-21.25,2076.56
27.25,-21.25,1958.78
27.75,-21.25,1840.87
28.25,-21.25,1723.19
28.75,-21.25,1606.18
29.25,-21.25,1490.38
29.75,-21.25,1376.39
30.25,-21.25,1264.85
30.75,-21.25,1156.45
31.25,-21.25,1051.85
31.75,-21.25,951.667
32.25,-21.25,856.481
32.75,-21.25,766.768
33.25,-21.25,682.898
33.75,-21.25,605.125
34.25,-21.25,533.583
34.75,-21.25,468.287
35.25,-21.25,409.149
35.75,-21.25,355.988
36.25,-21.25,308.543
36.75,-21.25,266.498
37.25,-21.25,229.494
37.75,-21.25,197.142
38.25,-21.25,169.036
38.75,-21.25,144.765
39.25,-21.25,123.919
39.75,-21.25,106.099
40.25,-21.25,90.9237
40.75,-21.25,78.0349
41.25,-21.25,67.1013
41.75,-21.25,57.8231
42.25,-21.25,49.9327
42.75,-21.25,43.1962
43.25,-21.25,37.4123
43.75,-21.25,32.4104
44.25,-21.25,28.0423
44.75,-21.25,24.1841
-44.75,-20.75,20.762
-44.25,-20.75,20.3458
-43.75,-20.75,19.8496
-43.25,-20.75,19.4682
-42.75,-20.75,19.3353
-42.25,-20.75,19.5223
-41.75,-20.75,20.0963
-41.25,-20.75,21.1271
-40.75,-20.75,22.6947
-40.25,-20.75,24.8958
-39.75,-20.75,27.8485
-39.25,-20.75,31.6952
-38.75,-20.75,36.6038
-38.25,-20.75,42.7646
-37.75,-20.75,50.3866
-37.25,-20.75,59.6899
-36.75,-20.75,70.8975
-36.25,-20.75,84.2233
-35.75,-20.75,99.8627
-35.25,-20.75,117.983
-34.75,-20.75,138.714
-34.25,-20.75,162.142
-33.75,-20.75,188.299
-33.25,-20.75,217.166
-32.75,-20.75,248.665
-32.25,-20.75,282.666
-31.75,-20.75,318.985
-31.25,-20.75,357.389
-30.75,-20.75,397.608
-30.25,-20.75,439.342
-29.75,-20.75,482.27
-29.25,-20.75,526.065
-28.75,-20.75,570.404
-28.25,-20.75,614.983
-27.75,-20.75,659.524
-27.25,-20.75,703.784
-26.75,-20.75,747.564
-26.25,-20.75,790.708
-25.75,-20.75,833.101
-25.25,-20.75,874.67
-24.75,-20.75,915.367
-24.25,-20.75,955.166
-23.75,-20.75,994.047
-23.25,-20.75,1031.99
-22.75,-20.75,1068.96
-22.25,-20.75,1104.91
-21.75,-20.75,1139.79
-21.25,-20.75,1173.5
-20.75,-20.75,1205.99
-20.25,-20.75,1237.17
-19.75,-20.75,1267.01
-19.25,-20.75,1295.49
-18.75,-20.75,1322.62
-18.25,-20.75,1348.47
-17.75,-20.75,1373.15
-17.25,-20.75,1396.81
-16.75,-20.75,1419.64
-16.25,-20.75,1441.83
-15.75,-20.75,1463.61
-15.25,-20.75,1485.19
-14.75,-20.75,1506.78
-14.25,-20.75,1528.56
-13.75,-20.75,1550.71
-13.25,-20.75,1573.36
-12.75,-20.75,1596.62
-12.25,-20.75,1620.57
-11.75,-20.75,1645.26
-11.25,-20.75,1670.73
-10.75,-20.75,1697.01
-10.25,-20.75,1724.11
-9.75,-20.75,1752.05
-9.25,-20.75,1780.86
-8.75,-20.75,1810.59
-8.25,-20.75,1841.3
-7.75,-20.75,1873.09
-7.25,-20.75,1906.08
-6.75,-20.75,1940.39
-6.25,-20.75,1976.16
-5.75,-20.75,2013.51
-5.25,-20.75,2052.55
-4.75,-20.75,2093.33
-4.25,-20.75,2135.88
-3.75,-20.75,2180.17
-3.25,-20.75,2226.1
-2.75,-20.75,2273.56
-2.25,-20.75,2322.37
-1.75,-20.75,2372.34
-1.25,-20.75,2423.29
-0.75,-20.75,2475.03
-0.25,-20.75,2527.4
0.25,-20.75,2580.26
0.75,-20.75,2633.52
1.25,-20.75,2687.15
1.75,-20.75,2741.15
2.25,-20.75,2795.58
2.75,-20.75,2850.55
3.25,-20.75,2906.23
3.75,-20.75,2962.82
4.25,-20.75,3020.56
4.75,-20.75,3079.69
5.25,-20.75,3140.49
5.75,-20.75,3203.16
6.25,-20.75,3267.87
6.75,-20.75,3334.71
7.25,-20.75,3403.66
7.75,-20.75,3474.55
8.25,-20.75,3547.08
8.75,-20.75,3620.79
9.25,-20.75,3695.08
9.75,-20.75,3769.16
10.25,-20.75,3842.12
10.75,-20.75,3912.93
11.25,-20.75,3980.45
11.75,-20.75,4043.48
12.25,-20.75,4100.82
12.75,-20.75,4151.26
13.25,-20.75,4193.68
13.75,-20.75,4227.04
14.25,-20.75,4250.5
14.75,-20.75,4263.35
15.25,-20.75,4265.12
15.75,-20.75,4255.52
16.25,-20.75,4234.5
16.75,-20.75,4202.18
17.25,-20.75,4158.85
17.75,-20.75,4104.98
18.25,-20.75,4041.19
18.75,-20.75,3968.21
19.25,-20.75,3886.86
19.75,-20.75,3798.04
20.25,-20.75,3702.7
20.75,-20.75,3601.8
21.25,-20.75,3496.27
21.75,-20.75,3386.98
22.25,-20.75,3274.73
22.75,-20.75,3160.18
23.25,-20.75,3043.88
23.75,-20.75,2926.24
24.25,-20.75,2807.56
24.75,-20.75,2688.02
25.25,-20.75,2567.74
25.75,-20.75,2446.81
26.25,-20.75,2325.29
26.75,-20.75,2203.3
27.25,-20.75,2080.99
27.75,-20.75,1958.59
28.25,-20.75,1836.41
28.75,-20.75,1714.88
29.25,-20.75,1594.47
29.75,-20.75,1475.76
30.25,-20.75,1359.37
30.75,-20.75,1245.96
31.25,-20.75,1136.19
31.75,-20.75,1030.7
32.25,-20.75,930.084
32.75,-20.75,834.849
33.25,-20.75,745.421
33.75,-20.75,662.112
34.25,-20.75,585.123
34.75,-20.75,514.536
35.25,-20.75,450.325
35.75,-20.75,392.367
36.25,-20.75,340.446
36.75,-20.75,294.281
37.25,-20.75,253.531
37.75,-20.75,217.816
38.25,-20.75,186.725
38.75,-20.75,159.832
39.25,-20.75,136.706
39.75,-20.75,116.92
40.25,-20.75,100.062
40.75,-20.75,85.7416
41.25,-20.75,73.5959
41.75,-20.75,63.2952
42.25,-20.75,54.5445
42.75,-20.75,47.0856
43.25,-20.75,40.6963
43.75,-20.75,35.1879
44.25,-20.75,30.3967
44.75,-20.75,26.1857
-44.75,-20.25,22.2687
-44.25,-20.25,21.9095
-43.75,-20.25,21.4581
-43.25,-20.25,21.1282
-42.75,-20.25,21.0704
-42.25,-20.25,21.3678
-41.75,-20.25,22.0998
-41.25,-20.25,23.3494
-40.75,-20.25,25.2118
-40.25,-20.25,27.8007
-39.75,-20.25,31.2538
-39.25,-20.25,35.7354
-38.75,-20.25,41.4355
-38.25,-20.25,48.5667
-37.75,-20.25,57.3577
-37.25,-20.25,68.0448
-36.75,-20.25,80.8617
-36.25,-20.25,96.0262
-35.75,-20.25,113.73
-35.25,-20.25,134.128
-34.75,-20.25,157.333
-34.25,-20.25,183.404
-33.75,-20.25,212.343
-33.25,-20.25,244.096
-32.75,-20.25,278.548
-32.25,-20.25,315.531
-31.75,-20.25,354.821
-31.25,-20.25,396.152
-30.75,-20.25,439.217
-30.25,-20.25,483.685
-29.75,-20.25,529.206
-29.25,-20.25,575.427
-28.75,-20.25,622.006
-28.25,-20.25,668.624
-27.75,-20.25,714.998
-27.25,-20.25,760.892
-26.75,-20.25,806.123
-26.25,-20.25,850.567
-25.75,-20.25,894.151
-25.25,-20.25,936.852
-24.75,-20.25,978.679
-24.25,-20.25,1019.66
-23.75,-20.25,1059.84
-23.25,-20.25,1099.23
-22.75,-20.25,1137.83
-22.25,-20.25,1175.59
-21.75,-20.25,1212.44
-21.25,-20.25,1248.28
-20.75,-20.25,1282.99
-20.25,-20.25,1316.44
-19.75,-20.25,1348.53
-19.25,-20.25,1379.16
-18.75,-20.25,1408.31
-18.25,-20.25,1435.99
-17.75,-20.25,1462.28
-17.25,-20.25,1487.31
-16.75,-20.25,1511.27
-16.25,-20.25,1534.35
-15.75,-20.25,1556.81
-15.25,-20.25,1578.89
-14.75,-20.25,1600.84
-14.25,-20.25,1622.88
-13.75,-20.25,1645.23
-13.25,-20.25,1668.06
-12.75,-20.25,1691.52
-12.25,-20.25,1715.73
-11.75,-20.25,1740.78
-11.25,-20.25,1766.74
-10.75,-20.25,1793.63
-10.25,-20.25,1821.49
-9.75,-20.25,1850.35
-9.25,-20.25,1880.23
-8.75,-20.25,1911.17
-8.25,-20.25,1943.24
-7.75,-20.25,1976.52
-7.25,-20.25,2011.11
-6.75,-20.25,2047.13
-6.25,-20.25,2084.71
-5.75,-20.25,2123.96
-5.25,-20.25,2164.99
-4.75,-20.25,2207.84
-4.25,-20.25,2252.55
-3.75,-20.25,2299.07
-3.25,-20.25,2347.31
-2.75,-20.25,2397.15
-2.25,-20.25,2448.42
-1.75,-20.25,2500.94
-1.25,-20.25,2554.51
-0.75,-20.25,2608.96
-0.25,-20.25,2664.16
0.25,-20.25,2720
0.75,-20.25,2776.42
1.25,-20.25,2833.42
1.75,-20.25,2891.04
2.25,-20.25,2949.36
2.75,-20.25,3008.53
3.25,-20.25,3068.7
3.75,-20.25,3130.06
4.25,-20.25,3192.82
4.75,-20.25,3257.17
5.25,-20.25,3323.29
5.75,-20.25,3391.31
6.25,-20.25,3461.32
6.75,-20.25,3533.3
7.25,-20.25,3607.14
7.75,-20.25,3682.62
8.25,-20.25,3759.38
8.75,-20.25,3836.94
9.25,-20.25,3914.65
9.75,-20.25,3991.75
10.25,-20.25,4067.33
10.75,-20.25,4140.37
11.25,-20.25,4209.76
11.75,-20.25,4274.33
12.25,-20.25,4332.88
12.75,-20.25,4384.22
13.25,-20.25,4427.23
13.75,-20.25,4460.86
14.25,-20.25,4484.24
14.75,-20.25,4496.67
15.25,-20.25,4497.63
15.75,-20.25,4486.81
16.25,-20.25,4464.12
16.75,-20.25,4429.68
17.25,-20.25,4383.77
17.75,-20.25,4326.85
18.25,-20.25,4259.55
18.75,-20.25,4182.63
19.25,-20.25,4096.95
19.75,-20.25,4003.46
20.25,-20.25,3903.14
20.75,-20.25,3797.02
21.25,-20.25,3686.09
21.75,-20.25,3571.28
22.25,-20.25,3453.42
22.75,-20.25,3333.24
23.25,-20.25,3211.32
23.75,-20.25,3088.1
24.25,-20.25,2963.9
24.75,-20.25,2838.94
25.25,-20.25,2713.33
25.75,-20.25,2587.18
26.25,-20.25,2460.56
26.75,-20.25,2333.54
27.25,-20.25,2206.29
27.75,-20.25,2079.01
28.25,-20.25,1952
28.75,-20.25,1825.63
29.25,-20.25,1700.37
29.75,-20.25,1576.76
30.25,-20.25,1455.4
30.75,-20.25,1336.93
31.25,-20.25,1221.98
31.75,-20.25,1111.21
32.25,-20.25,1005.21
32.75,-20.25,904.533
33.25,-20.25,809.627
33.75,-20.25,720.859
34.25,-20.25,638.485
34.75,-20.25,562.648
35.25,-20.25,493.38
35.75,-20.25,430.609
36.25,-20.25,374.169
36.75,-20.25,323.81
37.25,-20.25,279.218
37.75,-20.25,240.023
38.25,-20.25,205.816
38.75,-20.25,176.161
39.25,-20.25,150.611
39.75,-20.25,128.716
40.25,-20.25,110.038
40.75,-20.25,94.1571
41.25,-20.25,80.6814
41.75,-20.25,69.2529
42.25,-20.25,59.5499
42.75,-20.25,51.2898
43.25,-20.25,44.2289
43.75,-20.25,38.1595
44.25,-20.25,32.9015
44.75,-20.25,28.303
-44.75,-19.75,23.8189
-44.25,-19.75,23.5544
-43.75,-19.75,23.1884
-43.25,-19.75,22.9531
-42.75,-19.75,23.016
-42.25,-19.75,23.4735
-41.75,-19.75,24.4182
-41.25,-19.75,25.9489
-40.75,-19.75,28.1779
-40.25,-19.75,31.2384
-39.75,-19.75,35.2901
-39.25,-19.75,40.5198
-38.75,-19.75,47.1409
-38.25,-19.75,55.3876
-37.75,-19.75,65.5066
-37.25,-19.75,77.7473
-36.75,-19.75,92.3498
-36.25,-19.75,109.53
-35.75,-19.75,129.47
-35.25,-19.75,152.306
-34.75,-19.75,178.125
-34.25,-19.75,206.954
-33.75,-19.75,238.76
-33.25,-19.75,273.45
-32.75,-19.75,310.872
-32.25,-19.75,350.818
-31.75,-19.75,393.032
-31.25,-19.75,437.212
-30.75,-19.75,483.025
-30.25,-19.75,530.11
-29.75,-19.75,578.094
-29.25,-19.75,626.604
-28.75,-19.75,675.28
-28.25,-19.75,723.792
-27.75,-19.75,771.854
-27.25,-19.75,819.236
-26.75,-19.75,865.773
-26.25,-19.75,911.37
-25.75,-19.75,955.998
-25.25,-19.75,999.686
-24.75,-19.75,1042.5
-24.25,-19.75,1084.54
-23.75,-19.75,1125.89
-23.25,-19.75,1166.62
-22.75,-19.75,1206.76
-22.25,-19.75,1246.27
-21.75,-19.75,1285.08
-21.25,-19.75,1323.06
-20.75,-19.75,1360.04
-20.25,-19.75,1395.83
-19.75,-19.75,1430.25
-19.25,-19.75,1463.16
-18.75,-19.75,1494.45
-18.25,-19.75,1524.1
-17.75,-19.75,1552.12
-17.25,-19.75,1578.63
-16.75,-19.75,1603.81
-16.25,-19.75,1627.86
-15.75,-19.75,1651.07
-15.25,-19.75,1673.71
-14.75,-19.75,1696.06
-14.25,-19.75,1718.41
-13.75,-19.75,1741.01
-13.25,-19.75,1764.08
-12.75,-19.75,1787.82
-12.25,-19.75,1812.38
-11.75,-19.75,1837.88
-11.25,-19.75,1864.41
-10.75,-19.75,1892.02
-10.25,-19.75,1920.75
-9.75,-19.75,1950.63
-9.25,-19.75,1981.68
-8.75,-19.75,2013.94
-8.25,-19.75,2047.45
-7.75,-19.75,2082.28
-7.25,-19.75,2118.52
-6.75,-19.75,2156.28
-6.25,-19.75,2195.67
-5.75,-19.75,2236.81
-5.25,-19.75,2279.78
-4.75,-19.75,2324.64
-4.25,-19.75,2371.41
-3.75,-19.75,2420.06
-3.25,-19.75,2470.51
-2.75,-19.75,2522.63
-2.25,-19.75,2576.26
-1.75,-19.75,2631.23
-1.25,-19.75,2687.37
-0.75,-19.75,2744.51
-0.25,-19.75,2802.53
0.25,-19.75,2861.37
0.75,-19.75,2921
1.25,-19.75,2981.45
1.75,-19.75,3042.8
2.25,-19.75,3105.17
2.75,-19.75,3168.71
3.25,-19.75,3233.57
3.75,-19.75,3299.93
4.25,-19.75,3367.95
4.75,-19.75,3437.74
5.25,-19.75,3509.41
5.75,-19.75,3582.99
6.25,-19.75,3658.45
6.75,-19.75,3735.69
7.25,-19.75,3814.5
7.75,-19.75,3894.58
8.25,-19.75,3975.52
8.75,-19.75,4056.81
9.25,-19.75,4137.79
9.75,-19.75,4217.7
10.25,-19.75,4295.67
10.75,-19.75,4370.71
11.25,-19.75,4441.74
11.75,-19.75,4507.63
12.25,-19.75,4567.2
12.75,-19.75,4619.3
13.25,-19.75,4662.79
13.75,-19.75,4696.65
14.25,-19.75,4719.98
14.75,-19.75,4732.04
15.25,-19.75,4732.3
15.75,-19.75,4720.42
16.25,-19.75,4696.28
16.75,-19.75,4659.96
17.25,-19.75,4611.73
17.75,-19.75,4552.07
18.25,-19.75,4481.6
18.75,-19.75,4401.09
19.25,-19.75,4311.45
19.75,-19.75,4213.65
20.25,-19.75,4108.73
20.75,-19.75,3997.76
21.25,-19.75,3881.75
21.75,-19.75,3761.68
22.25,-19.75,3638.42
22.75,-19.75,3512.72
23.25,-19.75,3385.19
23.75,-19.75,3256.3
24.25,-19.75,3126.41
24.75,-19.75,2995.74
25.25,-19.75,2864.45
25.75,-19.75,2732.63
26.25,-19.75,2600.4
26.75,-19.75,2467.84
27.25,-19.75,2335.12
27.75,-19.75,2202.44
28.25,-19.75,2070.1
28.75,-19.75,1938.47
29.25,-19.75,1807.99
29.75,-19.75,1679.18
30.25,-19.75,1552.63
30.75,-19.75,1428.94
31.25,-19.75,1308.74
31.75,-19.75,1192.68
32.25,-19.75,1081.35
32.75,-19.75,975.3
33.25,-19.75,875.025
33.75,-19.75,780.915
34.25,-19.75,693.272
34.75,-19.75,612.284
35.25,-19.75,538.034
35.75,-19.75,470.499
36.25,-19.75,409.551
36.75,-19.75,354.978
37.25,-19.75,306.491
37.75,-19.75,263.736
38.25,-19.75,226.308
38.75,-19.75,193.772
39.25,-19.75,165.668
39.75,-19.75,141.53
40.25,-19.75,120.898
40.75,-19.75,103.329
41.25,-19.75,88.4045
41.75,-19.75,75.7404
42.25,-19.75,64.9898
42.75,-19.75,55.8462
43.25,-19.75,48.0443
43.75,-19.75,41.3565
44.25,-19.75,35.585
44.75,-19.75,30.5618
-44.75,-19.25,25.4013
-44.25,-19.25,25.2698
-43.75,-19.25,25.0324
-43.25,-19.25,24.9389
-42.75,-19.25,25.1742
-42.25,-19.25,25.848
-41.75,-19.25,27.0683
-41.25,-19.25,28.951
-40.75,-19.25,31.6278
-40.25,-19.25,35.2535
-39.75,-19.25,40.011
-39.25,-19.25,46.1112
-38.75,-19.25,53.7904
-38.25,-19.25,63.303
-37.75,-19.25,74.9118
-37.25,-19.25,88.8753
-36.75,-19.25,105.435
-36.25,-19.25,124.8
-35.75,-19.25,147.135
-35.25,-19.25,172.552
-34.75,-19.25,201.107
-34.25,-19.25,232.789
-33.75,-19.25,267.526
-33.25,-19.25,305.186
-32.75,-19.25,345.575
-32.25,-19.25,388.453
-31.75,-19.25,433.529
-31.25,-19.25,480.476
-30.75,-19.25,528.935
-30.25,-19.25,578.523
-29.75,-19.25,628.85
-29.25,-19.25,679.525
-28.75,-19.25,730.176
-28.25,-19.25,780.462
-27.75,-19.25,830.095
-27.25,-19.25,878.851
-26.75,-19.25,926.582
-26.25,-19.25,973.221
-25.75,-19.25,1018.78
-25.25,-19.25,1063.34
-24.75,-19.25,1107.03
-24.25,-19.25,1150
-23.75,-19.25,1192.4
-23.25,-19.25,1234.36
-22.75,-19.25,1275.92
-22.25,-19.25,1317.09
-21.75,-19.25,1357.78
-21.25,-19.25,1397.84
-20.75,-19.25,1437.06
-20.25,-19.25,1475.19
-19.75,-19.25,1511.98
-19.25,-19.25,1547.22
-18.75,-19.25,1580.73
-18.25,-19.25,1612.42
-17.75,-19.25,1642.27
-17.25,-19.25,1670.36
-16.75,-19.25,1696.85
-16.25,-19.25,1721.98
-15.75,-19.25,1746.03
-15.25,-19.25,1769.32
-14.75,-19.25,1792.18
-14.25,-19.25,1814.94
-13.75,-19.25,1837.9
-13.25,-19.25,1861.34
-12.75,-19.25,1885.49
-12.25,-19.25,1910.54
-11.75,-19.25,1936.65
-11.25,-19.25,1963.91
-10.75,-19.25,1992.4
-10.25,-19.25,2022.17
-9.75,-19.25,2053.23
-9.25,-19.25,2085.6
-8.75,-19.25,2119.3
-8.25,-19.25,2154.36
-7.75,-19.25,2190.84
-7.25,-19.25,2228.8
-6.75,-19.25,2268.34
-6.25,-19.25,2309.55
-5.75,-19.25,2352.54
-5.25,-19.25,2397.39
-4.75,-19.25,2444.18
-4.25,-19.25,2492.92
-3.75,-19.25,2543.59
-3.25,-19.25,2596.12
-2.75,-19.25,2650.39
-2.25,-19.25,2706.27
-1.75,-19.25,2763.58
-1.25,-19.25,2822.18
-0.75,-19.25,2881.93
-0.25,-19.25,2942.73
0.25,-19.25,3004.54
0.75,-19.25,3067.36
1.25,-19.25,3131.28
1.75,-19.25,3196.41
2.25,-19.25,3262.88
2.75,-19.25,3330.86
3.25,-19.25,3400.52
3.75,-19.25,3471.99
4.25,-19.25,3545.38
4.75,-19.25,3620.75
5.25,-19.25,3698.09
5.75,-19.25,3777.33
6.25,-19.25,3858.33
6.75,-19.25,3940.88
7.25,-19.25,4024.67
7.75,-19.25,4109.32
8.25,-19.25,4194.38
8.75,-19.25,4279.29
9.25,-19.25,4363.39
9.75,-19.25,4445.95
10.25,-19.25,4526.13
10.75,-19.25,4602.98
11.25,-19.25,4675.49
11.75,-19.25,4742.56
12.25,-19.25,4803.05
12.75,-19.25,4855.84
13.25,-19.25,4899.81
13.75,-19.25,4933.94
14.25,-19.25,4957.31
14.75,-19.25,4969.16
15.25,-19.25,4968.92
15.75,-19.25,4956.22
16.25,-19.25,4930.89
16.75,-19.25,4893
17.25,-19.25,4842.79
17.75,-19.25,4780.74
18.25,-19.25,4707.48
18.75,-19.25,4623.8
19.25,-19.25,4530.61
19.75,-19.25,4428.94
20.25,-19.25,4319.84
20.75,-19.25,4204.4
21.25,-19.25,4083.67
21.75,-19.25,3958.65
22.25,-19.25,3830.22
22.75,-19.25,3699.15
23.25,-19.25,3566.05
23.75,-19.25,3431.44
24.25,-19.25,3295.66
24.75,-19.25,3158.99
25.25,-19.25,3021.61
25.75,-19.25,2883.65
26.25,-19.25,2745.26
26.75,-19.25,2606.57
27.25,-19.25,2467.77
27.75,-19.25,2329.1
28.25,-19.25,2190.86
28.75,-19.25,2053.43
29.25,-19.25,1917.27
29.75,-19.25,1782.88
30.25,-19.25,1650.82
30.75,-19.25,1521.71
31.25,-19.25,1396.14
31.75,-19.25,1274.74
32.25,-19.25,1158.09
32.75,-19.25,1046.76
33.25,-19.25,941.233
33.75,-19.25,841.925
34.25,-19.25,749.16
34.75,-19.25,663.163
35.25,-19.25,584.051
35.75,-19.25,511.84
36.25,-19.25,446.441
36.75,-19.25,387.671
37.25,-19.25,335.27
37.75,-19.25,288.901
38.25,-19.25,248.173
38.75,-19.25,212.653
39.25,-19.25,181.877
39.75,-19.25,155.37
40.25,-19.25,132.657
40.75,-19.25,113.274
41.25,-19.25,96.7821
41.75,-19.25,82.7739
42.25,-19.25,70.879
42.75,-19.25,60.7681
43.25,-19.25,52.1538
43.75,-19.25,44.7885
44.25,-19.25,38.4553
44.75,-19.25,32.9684
-44.75,-18.75,27.0223
-44.25,-18.75,27.0573
-43.75,-18.75,26.9891
-43.25,-18.75,27.0845
-42.75,-18.75,27.5455
-42.25,-18.75,28.4955
-41.75,-18.75,30.0588
-41.25,-18.75,32.3697
-40.75,-18.75,35.5811
-40.25,-18.75,39.8708
-39.75,-18.75,45.4459
-39.25,-18.75,52.5414
-38.75,-18.75,61.4158
-38.25,-18.75,72.3423
-37.75,-18.75,85.5964
-37.25,-18.75,101.442
-36.75,-18.75,120.118
-36.25,-18.75,141.821
-35.75,-18.75,166.692
-35.25,-18.75,194.816
-34.75,-18.75,226.21
-34.25,-18.75,260.824
-33.75,-18.75,298.543
-33.25,-18.75,339.193
-32.75,-18.75,382.545
-32.25,-18.75,428.321
-31.75,-18.75,476.206
-31.25,-18.75,525.846
-30.75,-18.75,576.864
-30.25,-18.75,628.861
-29.75,-18.75,681.432
-29.25,-18.75,734.174
-28.75,-18.75,786.705
-28.25,-18.75,838.677
-27.75,-18.75,889.799
-27.25,-18.75,939.854
-26.75,-18.75,988.707
-26.25,-18.75,1036.32
-25.75,-18.75,1082.74
-25.25,-18.75,1128.1
-24.75,-18.75,1172.57
-24.25,-18.75,1216.38
-23.75,-18.75,1259.72
-23.25,-18.75,1302.78
-22.75,-18.75,1345.64
-22.25,-18.75,1388.34
-21.75,-18.75,1430.78
-21.25,-18.75,1472.8
-20.75,-18.75,1514.15
-20.25,-18.75,1554.54
-19.75,-18.75,1593.66
-19.25,-18.75,1631.2
-18.75,-18.75,1666.94
-18.25,-18.75,1700.71
-17.75,-18.75,1732.45
-17.25,-18.75,1762.21
-16.75,-18.75,1790.12
-16.25,-18.75,1816.44
-15.75,-18.75,1841.46
-15.25,-18.75,1865.53
-14.75,-18.75,1889.05
-14.25,-18.75,1912.37
-13.75,-18.75,1935.86
-13.25,-18.75,1959.85
-12.75,-18.75,1984.6
-12.25,-18.75,2010.35
-11.75,-18.75,2037.27
-11.25,-18.75,2065.49
-10.75,-18.75,2095.07
-10.25,-18.75,2126.07
-9.75,-18.75,2158.49
-9.25,-18.75,2192.36
-8.75,-18.75,2227.65
-8.25,-18.75,2264.39
-7.75,-18.75,2302.61
-7.25,-18.75,2342.35
-6.75,-18.75,2383.7
-6.25,-18.75,2426.73
-5.75,-18.75,2471.54
-5.25,-18.75,2518.23
-4.75,-18.75,2566.85
-4.25,-18.75,2617.45
-3.75,-18.75,2670.01
-3.25,-18.75,2724.48
-2.75,-18.75,2780.77
-2.25,-18.75,2838.74
-1.75,-18.75,2898.27
-1.25,-18.75,2959.21
-0.75,-18.75,3021.45
-0.25,-18.75,3084.92
0.25,-18.75,3149.61
0.75,-18.75,3215.56
1.25,-18.75,3282.89
1.75,-18.75,3351.74
2.25,-18.75,3422.28
2.75,-18.75,3494.7
3.25,-18.75,3569.14
3.75,-18.75,3645.73
4.25,-18.75,3724.51
4.75,-18.75,3805.47
5.25,-18.75,3888.5
5.75,-18.75,3973.42
6.25,-18.75,4059.98
6.75,-18.75,4147.83
7.25,-18.75,4236.57
7.75,-18.75,4325.76
8.25,-18.75,4414.87
8.75,-18.75,4503.31
9.25,-18.75,4590.44
9.75,-18.75,4675.55
10.25,-18.75,4757.84
10.75,-18.75,4836.41
11.25,-18.75,4910.32
11.75,-18.75,4978.52
12.25,-18.75,5039.93
12.75,-18.75,5093.44
13.25,-18.75,5137.97
13.75,-18.75,5172.48
14.25,-18.75,5196.05
14.75,-18.75,5207.88
15.25,-18.75,5207.38
15.75,-18.75,5194.12
16.25,-18.75,5167.91
16.75,-18.75,5128.77
17.25,-18.75,5076.95
17.75,-18.75,5012.89
18.25,-18.75,4937.23
18.75,-18.75,4850.79
19.25,-18.75,4754.49
19.75,-18.75,4649.37
20.25,-18.75,4536.51
20.75,-18.75,4417.01
21.25,-18.75,4291.94
21.75,-18.75,4162.28
22.25,-18.75,4028.91
22.75,-18.75,3892.61
23.25,-18.75,3754
23.75,-18.75,3613.58
24.25,-18.75,3471.74
24.75,-18.75,3328.78
25.25,-18.75,3184.92
25.75,-18.75,3040.34
26.25,-18.75,2895.25
26.75,-18.75,2749.83
27.25,-18.75,2604.32
27.75,-18.75,2459.02
28.25,-18.75,2314.28
28.75,-18.75,2170.5
29.25,-18.75,2028.15
29.75,-18.75,1887.76
30.25,-18.75,1749.87
30.75,-18.75,1615.09
31.25,-18.75,1483.99
31.75,-18.75,1357.18
32.25,-18.75,1235.23
32.75,-18.75,1118.69
33.25,-18.75,1008.03
33.75,-18.75,903.669
34.25,-18.75,805.945
34.75,-18.75,715.094
35.25,-18.75,631.26
35.75,-18.75,554.485
36.25,-18.75,484.709
36.75,-18.75,421.781
37.25,-18.75,365.464
37.75,-18.75,315.446
38.25,-18.75,271.352
38.75,-18.75,232.756
39.25,-18.75,199.201
39.75,-18.75,170.206
40.25,-18.75,145.288
40.75,-18.75,123.97
41.25,-18.75,105.795
41.75,-18.75,90.3363
42.25,-18.75,77.2017
42.75,-18.75,66.0403
43.25,-18.75,56.5431
43.75,-18.75,48.4413
44.25,-18.75,41.4978
44.75,-18.75,35.5073
-44.75,-18.25,28.6957
-44.25,-18.25,28.9227
-43.75,-18.25,29.059
-43.25,-18.25,29.3872
-42.75,-18.25,30.126
-42.25,-18.25,31.4126
-41.75,-18.25,33.3877
-41.25,-18.25,36.205
-40.75,-18.25,40.0394
-40.25,-18.25,45.0923
-39.75,-18.25,51.5953
-39.25,-18.25,59.8067
-38.75,-18.25,70.0063
-38.25,-18.25,82.4836
-37.75,-18.25,97.5243
-37.25,-18.25,115.394
-36.75,-18.25,136.326
-36.25,-18.25,160.497
-35.75,-18.25,188.025
-35.25,-18.25,218.96
-34.75,-18.25,253.28
-34.25,-18.25,290.892
-33.75,-18.25,331.638
-33.25,-18.25,375.302
-32.75,-18.25,421.617
-32.25,-18.25,470.275
-31.75,-18.25,520.933
-31.25,-18.25,573.218
-30.75,-18.25,626.737
-30.25,-18.25,681.078
-29.75,-18.25,735.826
-29.25,-18.25,790.57
-28.75,-18.25,844.921
-28.25,-18.25,898.525
-27.75,-18.25,951.093
-27.25,-18.25,1002.41
-26.75,-18.25,1052.36
-26.25,-18.25,1100.92
-25.75,-18.25,1148.18
-25.25,-18.25,1194.3
-24.75,-18.25,1239.52
-24.25,-18.25,1284.11
-23.75,-18.25,1328.31
-23.25,-18.25,1372.36
-22.75,-18.25,1416.39
-22.25,-18.25,1460.44
-21.75,-18.25,1504.46
-21.25,-18.25,1548.27
-20.75,-18.25,1591.58
-20.25,-18.25,1634.08
-19.75,-18.25,1675.38
-19.25,-18.25,1715.14
-18.75,-18.25,1753.05
-18.25,-18.25,1788.89
-17.75,-18.25,1822.55
-17.25,-18.25,1854.03
-16.75,-18.25,1883.46
-16.25,-18.25,1911.08
-15.75,-18.25,1937.22
-15.25,-18.25,1962.26
-14.75,-18.25,1986.62
-14.25,-18.25,2010.72
-13.75,-18.25,2034.96
-13.25,-18.25,2059.73
-12.75,-18.25,2085.33
-12.25,-18.25,2112.02
-11.75,-18.25,2140
-11.25,-18.25,2169.4
-10.75,-18.25,2200.3
-10.25,-18.25,2232.74
-9.75,-18.25,2266.73
-9.25,-18.25,2302.25
-8.75,-18.25,2339.28
-8.25,-18.25,2377.81
-7.75,-18.25,2417.84
-7.25,-18.25,2459.42
-6.75,-18.25,2502.58
-6.25,-18.25,2547.42
-5.75,-18.25,2594.02
-5.25,-18.25,2642.47
-4.75,-18.25,2692.84
-4.25,-18.25,2745.19
-3.75,-18.25,2799.52
-3.25,-18.25,2855.8
-2.75,-18.25,2913.96
-2.25,-18.25,2973.89
-1.75,-18.25,3035.47
-1.25,-18.25,3098.6
-0.75,-18.25,3163.19
-0.25,-18.25,3229.19
0.25,-18.25,3296.62
0.75,-18.25,3365.57
1.25,-18.25,3436.18
1.75,-18.25,3508.63
2.25,-18.25,3583.13
2.75,-18.25,3659.87
3.25,-18.25,3738.99
3.75,-18.25,3820.6
4.25,-18.25,3904.69
4.75,-18.25,3991.16
5.25,-18.25,4079.81
5.75,-18.25,4170.36
6.25,-18.25,4262.41
6.75,-18.25,4355.52
7.25,-18.25,4449.19
7.75,-18.25,4542.87
8.25,-18.25,4635.99
8.75,-18.25,4727.94
9.25,-18.25,4818.08
9.75,-18.25,4905.72
10.25,-18.25,4990.11
10.75,-18.25,5070.43
11.25,-18.25,5145.77
11.75,-18.25,5215.16
12.25,-18.25,5277.58
12.75,-18.25,5331.93
13.25,-18.25,5377.16
13.75,-18.25,5412.23
14.25,-18.25,5436.19
14.75,-18.25,5448.23
15.25,-18.25,5447.7
15.75,-18.25,5434.15
16.25,-18.25,5407.34
16.75,-18.25,5367.26
17.25,-18.25,5314.14
17.75,-18.25,5248.41
18.25,-18.25,5170.72
18.75,-18.25,5081.88
19.25,-18.25,4982.85
19.75,-18.25,4874.67
20.25,-18.25,4758.44
20.75,-18.25,4635.25
21.25,-18.25,4506.15
21.75,-18.25,4372.12
22.25,-18.25,4234.03
22.75,-18.25,4092.62
23.25,-18.25,3948.52
23.75,-18.25,3802.24
24.25,-18.25,3654.17
24.75,-18.25,3504.65
25.25,-18.25,3353.95
25.75,-18.25,3202.32
26.25,-18.25,3050.01
26.75,-18.25,2897.31
27.25,-18.25,2744.53
27.75,-18.25,2592.03
28.25,-18.25,2440.22
28.75,-18.25,2289.56
29.25,-18.25,2140.57
29.75,-18.25,1993.77
30.25,-18.25,1849.73
30.75,-18.25,1709.03
31.25,-18.25,1572.25
31.75,-18.25,1439.97
32.25,-18.25,1312.72
32.75,-18.25,1191.02
33.25,-18.25,1075.34
33.75,-18.25,966.072
34.25,-18.25,863.54
34.75,-18.25,767.987
35.25,-18.25,679.567
35.75,-18.25,598.336
36.25,-18.25,524.26
36.75,-18.25,457.212
37.25,-18.25,396.983
37.75,-18.25,343.284
38.25,-18.25,295.761
38.75,-18.25,254.005
39.25,-18.25,217.567
39.75,-18.25,185.972
40.25,-18.25,158.732
40.75,-18.25,135.363
41.25,-18.25,115.394
41.75,-18.25,98.3832
42.25,-18.25,83.9181
42.75,-18.25,71.6268
43.25,-18.25,61.1787
43.75,-18.25,52.2833
44.25,-18.25,44.6815
44.75,-18.25,38.1471
-44.75,-17.75,30.4314
-44.25,-17.75,30.8684
-43.75,-17.75,31.2383
-43.25,-17.75,31.8393
-42.75,-17.75,32.9056
-42.25,-17.75,34.5875
-41.75,-17.75,37.0422
-41.25,-17.75,40.4429
-40.75,-17.75,44.9862
-40.25,-17.75,50.8971
-39.75,-17.75,58.4311
-39.25,-17.75,67.869
-38.75,-17.75,79.5099
-38.25,-17.75,93.6575
-37.75,-17.75,110.605
-37.25,-17.75,130.618
-36.75,-17.75,153.918
-36.25,-17.75,180.665
-35.75,-17.75,210.947
-35.25,-17.75,244.778
-34.75,-17.75,282.097
-34.25,-17.75,322.766
-33.75,-17.75,366.584
-33.25,-17.75,413.293
-32.75,-17.75,462.59
-32.25,-17.75,514.135
-31.75,-17.75,567.561
-31.25,-17.75,622.476
-30.75,-17.75,678.472
-30.25,-17.75,735.129
-29.75,-17.75,792.024
-29.25,-17.75,848.74
-28.75,-17.75,904.885
-28.25,-17.75,960.106
-27.75,-17.75,1014.11
-27.25,-17.75,1066.7
-26.75,-17.75,1117.77
-26.25,-17.75,1167.31
-25.75,-17.75,1215.43
-25.25,-17.75,1262.34
-24.75,-17.75,1308.32
-24.25,-17.75,1353.65
-23.75,-17.75,1398.67
-23.25,-17.75,1443.61
-22.75,-17.75,1488.68
-22.25,-17.75,1533.93
-21.75,-17.75,1579.33
-21.25,-17.75,1624.69
-20.75,-17.75,1669.75
-20.25,-17.75,1714.12
-19.75,-17.75,1757.42
-19.25,-17.75,1799.22
-18.75,-17.75,1839.18
-18.25,-17.75,1877.01
-17.75,-17.75,1912.56
-17.25,-17.75,1945.8
-16.75,-17.75,1976.83
-16.25,-17.75,2005.9
-15.75,-17.75,2033.32
-15.25,-17.75,2059.52
-14.75,-17.75,2084.95
-14.25,-17.75,2110.07
-13.75,-17.75,2135.33
-13.25,-17.75,2161.15
-12.75,-17.75,2187.86
-12.25,-17.75,2215.75
-11.75,-17.75,2245.04
-11.25,-17.75,2275.87
-10.75,-17.75,2308.31
-10.25,-17.75,2342.4
-9.75,-17.75,2378.12
-9.25,-17.75,2415.43
-8.75,-17.75,2454.3
-8.25,-17.75,2494.69
-7.75,-17.75,2536.59
-7.25,-17.75,2580.01
-6.75,-17.75,2624.99
-6.25,-17.75,2671.6
-5.75,-17.75,2719.93
-5.25,-17.75,2770.07
-4.75,-17.75,2822.11
-4.25,-17.75,2876.11
-3.75,-17.75,2932.09
-3.25,-17.75,2990.06
-2.75,-17.75,3049.96
-2.25,-17.75,3111.71
-1.75,-17.75,3175.21
-1.25,-17.75,3240.38
-0.75,-17.75,3307.16
-0.25,-17.75,3375.52
0.25,-17.75,3445.54
0.75,-17.75,3517.31
1.25,-17.75,3591.03
1.75,-17.75,3666.9
2.25,-17.75,3745.17
2.75,-17.75,3826.04
3.25,-17.75,3909.67
3.75,-17.75,3996.11
4.25,-17.75,4085.33
4.75,-17.75,4177.15
5.25,-17.75,4271.28
5.75,-17.75,4367.32
6.25,-17.75,4464.78
6.75,-17.75,4563.08
7.25,-17.75,4661.62
7.75,-17.75,4759.77
8.25,-17.75,4856.92
8.75,-17.75,4952.42
9.25,-17.75,5045.63
9.75,-17.75,5135.9
10.25,-17.75,5222.51
10.75,-17.75,5304.7
11.25,-17.75,5381.64
11.75,-17.75,5452.4
12.25,-17.75,5516
12.75,-17.75,5571.4
13.25,-17.75,5617.53
13.75,-17.75,5653.36
14.25,-17.75,5677.93
14.75,-17.75,5690.38
15.25,-17.75,5690.04
15.75,-17.75,5676.41
16.25,-17.75,5649.21
16.75,-17.75,5608.42
17.25,-17.75,5554.23
17.75,-17.75,5487.09
18.25,-17.75,5407.64
18.75,-17.75,5316.7
19.25,-17.75,5215.23
19.75,-17.75,5104.3
20.25,-17.75,4984.98
20.75,-17.75,4858.36
21.25,-17.75,4725.47
21.75,-17.75,4587.27
22.25,-17.75,4444.59
22.75,-17.75,4298.15
23.25,-17.75,4148.56
23.75,-17.75,3996.33
24.25,-17.75,3841.88
24.75,-17.75,3685.56
25.25,-17.75,3527.72
25.75,-17.75,3368.66
26.25,-17.75,3208.73
26.75,-17.75,3048.3
27.25,-17.75,2887.78
27.75,-17.75,2727.61
28.25,-17.75,2568.29
28.75,-17.75,2410.33
29.25,-17.75,2254.31
29.75,-17.75,2100.78
30.25,-17.75,1950.33
30.75,-17.75,1803.54
31.25,-17.75,1660.96
31.75,-17.75,1523.15
32.25,-17.75,1390.61
32.75,-17.75,1263.83
33.25,-17.75,1143.22
33.75,-17.75,1029.16
34.25,-17.75,921.957
34.75,-17.75,821.832
35.25,-17.75,728.938
35.75,-17.75,643.343
36.25,-17.75,565.026
36.75,-17.75,493.885
37.25,-17.75,429.735
37.75,-17.75,372.318
38.25,-17.75,321.302
38.75,-17.75,276.301
39.25,-17.75,236.883
39.75,-17.75,202.579
40.25,-17.75,172.908
40.75,-17.75,147.379
41.25,-17.75,125.515
41.75,-17.75,106.858
42.25,-17.75,90.9781
42.75,-17.75,77.4832
43.25,-17.75,66.0204
43.75,-17.75,56.2765
44.25,-17.75,47.9691
44.75,-17.75,40.8498
-44.75,-17.25,32.2278
-44.25,-17.25,32.8882
-43.75,-17.25,33.5171
-43.25,-17.25,34.4272
-42.75,-17.25,35.8675
-42.25,-17.25,38.0007
-41.75,-17.25,40.9996
-41.25,-17.25,45.0562
-40.75,-17.25,50.3886
-40.25,-17.25,57.2444
-39.75,-17.25,65.9016
-39.25,-17.25,76.6622
-38.75,-17.25,89.8426
-38.25,-17.25,105.759
-37.75,-17.25,124.71
-37.25,-17.25,146.957
-36.75,-17.25,172.713
-36.25,-17.25,202.115
-35.75,-17.25,235.225
-35.25,-17.25,272.02
-34.75,-17.25,312.397
-34.25,-17.25,356.177
-33.75,-17.25,403.114
-33.25,-17.25,452.912
-32.75,-17.25,505.228
-32.25,-17.25,559.693
-31.75,-17.25,615.913
-31.25,-17.25,673.477
-30.75,-17.25,731.963
-30.25,-17.25,790.944
-29.75,-17.25,849.99
-29.25,-17.25,908.683
-28.75,-17.25,966.632
-28.25,-17.25,1023.49
-27.75,-17.25,1078.97
-27.25,-17.25,1132.88
-26.75,-17.25,1185.12
-26.25,-17.25,1235.71
-25.75,-17.25,1284.78
-25.25,-17.25,1332.55
-24.75,-17.25,1379.33
-24.25,-17.25,1425.46
-23.75,-17.25,1471.27
-23.25,-17.25,1517.06
-22.75,-17.25,1563.05
-22.25,-17.25,1609.33
-21.75,-17.25,1655.89
-21.25,-17.25,1702.57
-20.75,-17.25,1749.08
-20.25,-17.25,1795.06
-19.75,-17.25,1840.08
-19.25,-17.25,1883.7
-18.75,-17.25,1925.52
-18.25,-17.25,1965.22
-17.75,-17.25,2002.6
-17.25,-17.25,2037.61
-16.75,-17.25,2070.32
-16.25,-17.25,2100.95
-15.75,-17.25,2129.85
-15.25,-17.25,2157.43
-14.75,-17.25,2184.17
-14.25,-17.25,2210.58
-13.75,-17.25,2237.13
-13.25,-17.25,2264.27
-12.75,-17.25,2292.36
-12.25,-17.25,2321.72
-11.75,-17.25,2352.56
-11.25,-17.25,2385.04
-10.75,-17.25,2419.21
-10.25,-17.25,2455.09
-9.75,-17.25,2492.66
-9.25,-17.25,2531.85
-8.75,-17.25,2572.62
-8.25,-17.25,2614.9
-7.75,-17.25,2658.65
-7.25,-17.25,2703.89
-6.75,-17.25,2750.64
-6.25,-17.25,2798.96
-5.75,-17.25,2848.95
-5.25,-17.25,2900.71
-4.75,-17.25,2954.33
-4.25,-17.25,3009.9
-3.75,-17.25,3067.46
-3.25,-17.25,3127.02
-2.75,-17.25,3188.56
-2.25,-17.25,3252.02
-1.75,-17.25,3317.32
-1.25,-17.25,3384.4
-0.75,-17.25,3453.23
-0.25,-17.25,3523.81
0.25,-17.25,3596.23
0.75,-17.25,3670.65
1.25,-17.25,3747.28
1.75,-17.25,3826.38
2.25,-17.25,3908.19
2.75,-17.25,3992.97
3.25,-17.25,4080.85
3.75,-17.25,4171.88
4.25,-17.25,4265.99
4.75,-17.25,4362.93
5.25,-17.25,4462.33
5.75,-17.25,4563.69
6.25,-17.25,4666.39
6.75,-17.25,4769.78
7.25,-17.25,4873.14
7.75,-17.25,4975.78
8.25,-17.25,5077.01
8.75,-17.25,5176.17
9.25,-17.25,5272.61
9.75,-17.25,5365.7
10.25,-17.25,5454.77
10.75,-17.25,5539.1
11.25,-17.25,5617.9
11.75,-17.25,5690.31
12.25,-17.25,5755.37
12.75,-17.25,5812.07
13.25,-17.25,5859.35
13.75,-17.25,5896.17
14.25,-17.25,5921.54
14.75,-17.25,5934.59
15.25,-17.25,5934.59
15.75,-17.25,5921.01
16.25,-17.25,5893.56
16.75,-17.25,5852.18
17.25,-17.25,5797.06
17.75,-17.25,5728.64
18.25,-17.25,5647.57
18.75,-17.25,5554.68
19.25,-17.25,5450.95
19.75,-17.25,5337.42
20.25,-17.25,5215.17
20.75,-17.25,5085.26
21.25,-17.25,4948.71
21.75,-17.25,4806.41
22.25,-17.25,4659.17
22.75,-17.25,4507.7
23.25,-17.25,4352.56
23.75,-17.25,4194.28
24.25,-17.25,4033.28
24.75,-17.25,3869.97
25.25,-17.25,3704.74
25.75,-17.25,3537.99
26.25,-17.25,3370.15
26.75,-17.25,3201.69
27.25,-17.25,3033.11
27.75,-17.25,2864.96
28.25,-17.25,2697.83
28.75,-17.25,2532.32
29.25,-17.25,2369.03
29.75,-17.25,2208.58
30.25,-17.25,2051.57
30.75,-17.25,1898.58
31.25,-17.25,1750.15
31.75,-17.25,1606.8
32.25,-17.25,1469.01
32.75,-17.25,1337.2
33.25,-17.25,1211.76
33.75,-17.25,1093.02
34.25,-17.25,981.25
34.75,-17.25,876.653
35.25,-17.25,779.37
35.75,-17.25,689.472
36.25,-17.25,606.95
36.75,-17.25,531.722
37.25,-17.25,463.632
37.75,-17.25,402.449
38.25,-17.25,347.873
38.75,-17.25,299.544
39.25,-17.25,257.049
39.75,-17.25,219.938
40.25,-17.25,187.733
40.75,-17.25,159.947
41.25,-17.25,136.095
41.75,-17.25,115.707
42.25,-17.25,98.3364
42.75,-17.25,83.5704
43.25,-17.25,71.0334
43.75,-17.25,60.3882
44.25,-17.25,51.3281
44.75,-17.25,43.5812
-44.75,-16.75,34.0707
-44.25,-16.75,34.967
-43.75,-16.75,35.8785
-43.25,-16.75,37.1317
-42.75,-16.75,38.9894
-42.25,-16.75,41.6258
-41.75,-16.75,45.2284
-41.25,-16.75,50.0072
-40.75,-16.75,56.2006
-40.25,-16.75,64.0777
-39.75,-16.75,73.9375
-39.25,-16.75,86.1012
-38.75,-16.75,100.901
-38.25,-16.75,118.662
-37.75,-16.75,139.689
-37.25,-16.75,164.24
-36.75,-16.75,192.513
-36.25,-16.75,224.628
-35.75,-16.75,260.617
-35.25,-16.75,300.424
-34.75,-16.75,343.909
-34.25,-16.75,390.849
-33.75,-16.75,440.957
-33.25,-16.75,493.895
-32.75,-16.75,549.285
-32.25,-16.75,606.722
-31.75,-16.75,665.788
-31.25,-16.75,726.049
-30.75,-16.75,787.068
-30.25,-16.75,848.409
-29.75,-16.75,909.639
-29.25,-16.75,970.342
-28.75,-16.75,1030.13
-28.25,-16.75,1088.67
-27.75,-16.75,1145.68
-27.25,-16.75,1200.99
-26.75,-16.75,1254.51
-26.25,-16.75,1306.27
-25.75,-16.75,1356.41
-25.25,-16.75,1405.17
-24.75,-16.75,1452.87
-24.25,-16.75,1499.86
-23.75,-16.75,1546.5
-23.25,-16.75,1593.11
-22.75,-16.75,1639.93
-22.25,-16.75,1687.1
-21.75,-16.75,1734.61
-21.25,-16.75,1782.33
-20.75,-16.75,1830.01
-20.25,-16.75,1877.28
-19.75,-16.75,1923.72
-19.25,-16.75,1968.87
-18.75,-16.75,2012.32
-18.25,-16.75,2053.73
-17.75,-16.75,2092.85
-17.25,-16.75,2129.61
-16.75,-16.75,2164.04
-16.25,-16.75,2196.37
-15.75,-16.75,2226.91
-15.25,-16.75,2256.09
-14.75,-16.75,2284.41
-14.25,-16.75,2312.38
-13.75,-16.75,2340.49
-13.25,-16.75,2369.22
-12.75,-16.75,2398.96
-12.25,-16.75,2430.01
-11.75,-16.75,2462.6
-11.25,-16.75,2496.88
-10.75,-16.75,2532.91
-10.25,-16.75,2570.69
-9.75,-16.75,2610.17
-9.25,-16.75,2651.27
-8.75,-16.75,2693.92
-8.25,-16.75,2738.05
-7.75,-16.75,2783.61
-7.25,-16.75,2830.59
-6.75,-16.75,2879.03
-6.25,-16.75,2928.98
-5.75,-16.75,2980.55
-5.25,-16.75,3033.85
-4.75,-16.75,3088.98
-4.25,-16.75,3146.05
-3.75,-16.75,3205.12
-3.25,-16.75,3266.21
-2.75,-16.75,3329.33
-2.25,-16.75,3394.42
-1.75,-16.75,3461.45
-1.25,-16.75,3530.35
-0.75,-16.75,3601.12
-0.25,-16.75,3673.8
0.25,-16.75,3748.51
0.75,-16.75,3825.42
1.25,-16.75,3904.78
1.75,-16.75,3986.9
2.25,-16.75,4072.05
2.75,-16.75,4160.48
3.25,-16.75,4252.36
3.75,-16.75,4347.71
4.25,-16.75,4446.42
4.75,-16.75,4548.19
5.25,-16.75,4652.59
5.75,-16.75,4759.03
6.25,-16.75,4866.79
6.75,-16.75,4975.13
7.25,-16.75,5083.26
7.75,-16.75,5190.38
8.25,-16.75,5295.78
8.75,-16.75,5398.76
9.25,-16.75,5498.66
9.75,-16.75,5594.85
10.25,-16.75,5686.7
10.75,-16.75,5773.52
11.25,-16.75,5854.57
11.75,-16.75,5928.99
12.25,-16.75,5995.87
12.75,-16.75,6054.19
13.25,-16.75,6102.91
13.75,-16.75,6140.96
14.25,-16.75,6167.32
14.75,-16.75,6181.1
15.25,-16.75,6181.54
15.75,-16.75,6168.08
16.25,-16.75,6140.4
16.75,-16.75,6098.44
17.25,-16.75,6042.39
17.75,-16.75,5972.69
18.25,-16.75,5890.01
18.75,-16.75,5795.18
19.25,-16.75,5689.19
19.75,-16.75,5573.07
20.25,-16.75,5447.88
20.75,-16.75,5314.68
21.25,-16.75,5174.41
21.75,-16.75,5027.96
22.25,-16.75,4876.09
22.75,-16.75,4719.46
23.25,-16.75,4558.65
23.75,-16.75,4394.16
24.25,-16.75,4226.45
24.75,-16.75,4055.97
25.25,-16.75,3883.19
25.75,-16.75,3708.57
26.25,-16.75,3532.66
26.75,-16.75,3356.02
27.25,-16.75,3179.25
27.75,-16.75,3003.01
28.25,-16.75,2827.97
28.75,-16.75,2654.81
29.25,-16.75,2484.2
29.75,-16.75,2316.79
30.25,-16.75,2153.2
30.75,-16.75,1994.02
31.25,-16.75,1839.77
31.75,-16.75,1690.94
32.25,-16.75,1547.96
32.75,-16.75,1411.22
33.25,-16.75,1281.04
33.75,-16.75,1157.71
34.25,-16.75,1041.46
34.75,-16.75,932.461
35.25,-16.75,830.846
35.75,-16.75,736.681
36.25,-16.75,649.965
36.75,-16.75,570.639
37.25,-16.75,498.575
37.75,-16.75,433.574
38.25,-16.75,375.37
38.75,-16.75,323.632
39.25,-16.75,277.974
39.75,-16.75,237.963
40.25,-16.75,203.135
40.75,-16.75,173.006
41.25,-16.75,147.084
41.75,-16.75,124.891
42.25,-16.75,105.962
42.75,-16.75,89.8629
43.25,-16.75,76.1956
43.75,-16.75,64.5979
44.25,-16.75,54.7379
44.75,-16.75,46.3197
-44.75,-16.25,35.9358
-44.25,-16.25,37.0828
-43.75,-16.25,38.3006
-43.25,-16.25,39.9291
-42.75,-16.25,42.2442
-42.25,-16.25,45.4305
-41.75,-16.25,49.6899
-41.25,-16.25,55.2495
-40.75,-16.25,62.3667
-40.25,-16.25,71.3306
-39.75,-16.25,82.4596
-39.25,-16.25,96.0922
-38.75,-16.25,112.574
-38.25,-16.25,132.241
-37.75,-16.25,155.397
-37.25,-16.25,182.299
-36.75,-16.25,213.132
-36.25,-16.25,247.998
-35.75,-16.25,286.904
-35.25,-16.25,329.761
-34.75,-16.25,376.392
-34.25,-16.25,426.535
-33.75,-16.25,479.864
-33.25,-16.25,535.998
-32.75,-16.25,594.522
-32.25,-16.25,654.997
-31.75,-16.25,716.973
-31.25,-16.25,779.994
-30.75,-16.25,843.605
-30.25,-16.25,907.361
-29.75,-16.25,970.826
-29.25,-16.25,1033.59
-28.75,-16.25,1095.28
-28.25,-16.25,1155.56
-27.75,-16.25,1214.2
-27.25,-16.25,1271.01
-26.75,-16.25,1325.93
-26.25,-16.25,1379.01
-25.75,-16.25,1430.38
-25.25,-16.25,1480.29
-24.75,-16.25,1529.05
-24.25,-16.25,1577.03
-23.75,-16.25,1624.57
-23.25,-16.25,1672.01
-22.75,-16.25,1719.61
-22.25,-16.25,1767.52
-21.75,-16.25,1815.78
-21.25,-16.25,1864.3
-20.75,-16.25,1912.84
-20.25,-16.25,1961.08
-19.75,-16.25,2008.62
-19.25,-16.25,2055.01
-18.75,-16.25,2099.84
-18.25,-16.25,2142.75
-17.75,-16.25,2183.5
-17.25,-16.25,2221.95
-16.75,-16.25,2258.15
-16.25,-16.25,2292.27
-15.75,-16.25,2324.63
-15.25,-16.25,2355.63
-14.75,-16.25,2385.76
-14.25,-16.25,2415.55
-13.75,-16.25,2445.49
-13.25,-16.25,2476.05
-12.75,-16.25,2507.64
-12.25,-16.25,2540.57
-11.75,-16.25,2575.06
-11.25,-16.25,2611.26
-10.75,-16.25,2649.21
-10.25,-16.25,2688.9
-9.75,-16.25,2730.28
-9.25,-16.25,2773.24
-8.75,-16.25,2817.71
-8.25,-16.25,2863.6
-7.75,-16.25,2910.85
-7.25,-16.25,2959.47
-6.75,-16.25,3009.47
-6.25,-16.25,3060.95
-5.75,-16.25,3114
-5.25,-16.25,3168.75
-4.75,-16.25,3225.32
-4.25,-16.25,3283.83
-3.75,-16.25,3344.36
-3.25,-16.25,3406.96
-2.75,-16.25,3471.63
-2.25,-16.25,3538.34
-1.75,-16.25,3607.06
-1.25,-16.25,3677.75
-0.75,-16.25,3750.43
-0.25,-16.25,3825.15
0.25,-16.25,3902.06
0.75,-16.25,3981.37
1.25,-16.25,4063.37
1.75,-16.25,4148.35
2.25,-16.25,4236.66
2.75,-16.25,4328.53
3.25,-16.25,4424.15
3.75,-16.25,4523.53
4.25,-16.25,4626.54
4.75,-16.25,4732.84
5.25,-16.25,4841.93
5.75,-16.25,4953.16
6.25,-16.25,5065.75
6.75,-16.25,5178.87
7.25,-16.25,5291.65
7.75,-16.25,5403.25
8.25,-16.25,5512.89
8.75,-16.25,5619.86
9.25,-16.25,5723.47
9.75,-16.25,5823.09
10.25,-16.25,5918.11
10.75,-16.25,6007.84
11.25,-16.25,6091.55
11.75,-16.25,6168.43
12.25,-16.25,6237.53
12.75,-16.25,6297.84
13.25,-16.25,6348.3
13.75,-16.25,6387.83
14.25,-16.25,6415.37
14.75,-16.25,6430
15.25,-16.25,6430.93
15.75,-16.25,6417.59
16.25,-16.25,6389.64
16.75,-16.25,6347.02
17.25,-16.25,6289.93
17.75,-16.25,6218.83
18.25,-16.25,6134.4
18.75,-16.25,6037.5
19.25,-16.25,5929.1
19.75,-16.25,5810.24
20.25,-16.25,5681.96
20.75,-16.25,5545.28
21.25,-16.25,5401.12
21.75,-16.25,5250.3
22.25,-16.25,5093.57
22.75,-16.25,4931.57
23.25,-16.25,4764.86
23.75,-16.25,4593.95
24.25,-16.25,4419.35
24.75,-16.25,4241.56
25.25,-16.25,4061.1
25.75,-16.25,3878.55
26.25,-16.25,3694.53
26.75,-16.25,3509.71
27.25,-16.25,3324.79
27.75,-16.25,3140.53
28.25,-16.25,2957.67
28.75,-16.25,2776.96
29.25,-16.25,2599.14
29.75,-16.25,2424.89
30.25,-16.25,2254.85
30.75,-16.25,2089.6
31.25,-16.25,1929.66
31.75,-16.25,1775.47
32.25,-16.25,1627.42
32.75,-16.25,1485.85
33.25,-16.25,1351.03
33.75,-16.25,1223.2
34.25,-16.25,1102.54
34.75,-16.25,989.205
35.25,-16.25,883.297
35.75,-16.25,784.88
36.25,-16.25,693.969
36.75,-16.25,610.525
37.25,-16.25,534.45
37.75,-16.25,465.579
38.25,-16.25,403.684
38.75,-16.25,348.467
39.25,-16.25,299.571
39.75,-16.25,256.586
40.25,-16.25,219.06
40.75,-16.25,186.513
41.25,-16.25,158.453
41.75,-16.25,134.389
42.25,-16.25,113.84
42.75,-16.25,96.3516
43.25,-16.25,81.5004
43.75,-16.25,68.8997
44.25,-16.25,58.1924
44.75,-16.25,49.0593
-44.75,-15.75,37.7938
-44.25,-15.75,39.21
-43.75,-15.75,40.759
-43.25,-15.75,42.7934
-42.75,-15.75,45.6014
-42.25,-15.75,49.3788
-41.75,-15.75,54.3409
-41.25,-15.75,60.7314
-40.75,-15.75,68.8258
-40.25,-15.75,78.9319
-39.75,-15.75,91.386
-39.25,-15.75,106.542
-38.75,-15.75,124.759
-38.25,-15.75,146.378
-37.75,-15.75,171.707
-37.25,-15.75,200.998
-36.75,-15.75,234.425
-36.25,-15.75,272.072
-35.75,-15.75,313.922
-35.25,-15.75,359.857
-34.75,-15.75,409.666
-34.25,-15.75,463.05
-33.75,-15.75,519.643
-33.25,-15.75,579.025
-32.75,-15.75,640.741
-32.25,-15.75,704.316
-31.75,-15.75,769.266
-31.25,-15.75,835.11
-30.75,-15.75,901.373
-30.25,-15.75,967.599
-29.75,-15.75,1033.35
-29.25,-15.75,1098.23
-28.75,-15.75,1161.88
-28.25,-15.75,1224
-27.75,-15.75,1284.35
-27.25,-15.75,1342.78
-26.75,-15.75,1399.26
-26.25,-15.75,1453.81
-25.75,-15.75,1506.59
-25.25,-15.75,1557.83
-24.75,-15.75,1607.83
-24.25,-15.75,1656.92
-23.75,-15.75,1705.45
-23.25,-15.75,1753.76
-22.75,-15.75,1802.11
-22.25,-15.75,1850.67
-21.75,-15.75,1899.51
-21.25,-15.75,1948.59
-20.75,-15.75,1997.72
-20.25,-15.75,2046.63
-19.75,-15.75,2094.95
-19.25,-15.75,2142.28
-18.75,-15.75,2188.23
-18.25,-15.75,2232.45
-17.75,-15.75,2274.68
-17.25,-15.75,2314.79
-16.75,-15.75,2352.77
-16.25,-15.75,2388.79
-15.75,-15.75,2423.1
-15.25,-15.75,2456.12
-14.75,-15.75,2488.29
-14.25,-15.75,2520.12
-13.75,-15.75,2552.11
-13.25,-15.75,2584.7
-12.75,-15.75,2618.31
-12.25,-15.75,2653.24
-11.75,-15.75,2689.71
-11.25,-15.75,2727.86
-10.75,-15.75,2767.72
-10.25,-15.75,2809.28
-9.75,-15.75,2852.47
-9.25,-15.75,2897.19
-8.75,-15.75,2943.34
-8.25,-15.75,2990.85
-7.75,-15.75,3039.65
-7.25,-15.75,3089.75
-6.75,-15.75,3141.19
-6.25,-15.75,3194.05
-5.75,-15.75,3248.47
-5.25,-15.75,3304.58
-4.75,-15.75,3362.52
-4.25,-15.75,3422.43
-3.75,-15.75,3484.4
-3.25,-15.75,3548.48
-2.75,-15.75,3614.7
-2.25,-15.75,3683.04
-1.75,-15.75,3753.47
-1.25,-15.75,3825.98
-0.75,-15.75,3900.59
-0.25,-15.75,3977.39
0.25,-15.75,4056.52
0.75,-15.75,4138.24
1.25,-15.75,4222.82
1.75,-15.75,4310.63
2.25,-15.75,4401.97
2.75,-15.75,4497.14
3.25,-15.75,4596.29
3.75,-15.75,4699.45
4.25,-15.75,4806.45
4.75,-15.75,4916.95
5.25,-15.75,5030.4
5.75,-15.75,5146.1
6.25,-15.75,5263.22
6.75,-15.75,5380.87
7.25,-15.75,5498.14
7.75,-15.75,5614.15
8.25,-15.75,5728.06
8.75,-15.75,5839.14
9.25,-15.75,5946.69
9.75,-15.75,6050.06
10.25,-15.75,6148.62
10.75,-15.75,6241.69
11.25,-15.75,6328.53
11.75,-15.75,6408.3
12.25,-15.75,6480.06
12.75,-15.75,6542.76
13.25,-15.75,6595.3
13.75,-15.75,6636.57
14.25,-15.75,6665.49
14.75,-15.75,6681.08
15.25,-15.75,6682.55
15.75,-15.75,6669.29
16.25,-15.75,6640.98
16.75,-15.75,6597.57
17.25,-15.75,6539.27
17.75,-15.75,6466.57
18.25,-15.75,6380.17
18.75,-15.75,6280.94
19.25,-15.75,6169.87
19.75,-15.75,6047.99
20.25,-15.75,5916.32
20.75,-15.75,5775.84
21.25,-15.75,5627.44
21.75,-15.75,5471.92
22.25,-15.75,5310
22.75,-15.75,5142.29
23.25,-15.75,4969.38
23.75,-15.75,4791.8
24.25,-15.75,4610.1
24.75,-15.75,4424.84
25.25,-15.75,4236.64
25.75,-15.75,4046.16
26.25,-15.75,3854.09
26.75,-15.75,3661.22
27.25,-15.75,3468.34
27.75,-15.75,3276.26
28.25,-15.75,3085.83
28.75,-15.75,2897.85
29.25,-15.75,2713.08
29.75,-15.75,2532.25
30.25,-15.75,2356.01
30.75,-15.75,2184.94
31.25,-15.75,2019.51
31.75,-15.75,1860.16
32.25,-15.75,1707.21
32.75,-15.75,1560.96
33.25,-15.75,1421.61
33.75,-15.75,1289.37
34.25,-15.75,1164.38
34.75,-15.75,1046.75
35.25,-15.75,936.576
35.75,-15.75,833.921
36.25,-15.75,738.81
36.75,-15.75,651.229
37.25,-15.75,571.112
37.75,-15.75,498.332
38.25,-15.75,432.699
38.75,-15.75,373.951
39.25,-15.75,321.762
39.75,-15.75,275.745
40.25,-15.75,235.463
40.75,-15.75,200.442
41.25,-15.75,170.187
41.75,-15.75,144.196
42.25,-15.75,121.973
42.75,-15.75,103.041
43.25,-15.75,86.954
43.75,-15.75,73.301
44.25,-15.75,61.7001
44.75,-15.75,51.8097
-44.75,-15.25,39.6155
-44.25,-15.25,41.324
-43.75,-15.25,43.2299
-43.25,-15.25,45.6984
-42.75,-15.25,49.0308
-42.25,-15.25,53.4337
-41.75,-15.25,59.1367
-41.25,-15.25,66.3999
-40.75,-15.25,75.5165
-40.25,-15.25,86.8121
-39.75,-15.25,100.64
-39.25,-15.25,117.369
-38.75,-15.25,137.368
-38.25,-15.25,160.985
-37.75,-15.25,188.529
-37.25,-15.25,220.246
-36.75,-15.25,256.301
-36.25,-15.25,296.76
-35.75,-15.25,341.582
-35.25,-15.25,390.623
-34.75,-15.25,443.64
-34.25,-15.25,500.298
-33.75,-15.25,560.192
-33.25,-15.25,622.863
-32.75,-15.25,687.815
-32.25,-15.25,754.536
-31.75,-15.25,822.507
-31.25,-15.25,891.219
-30.75,-15.25,960.177
-30.25,-15.25,1028.92
-29.75,-15.25,1097
-29.25,-15.25,1164.05
-28.75,-15.25,1229.71
-28.25,-15.25,1293.73
-27.75,-15.25,1355.88
-27.25,-15.25,1416.06
-26.75,-15.25,1474.21
-26.25,-15.25,1530.41
-25.75,-15.25,1584.77
-25.25,-15.25,1637.51
-24.75,-15.25,1688.9
-24.25,-15.25,1739.26
-23.75,-15.25,1788.89
-23.25,-15.25,1838.12
-22.75,-15.25,1887.21
-22.25,-15.25,1936.35
-21.75,-15.25,1985.65
-21.25,-15.25,2035.1
-20.75,-15.25,2084.58
-20.25,-15.25,2133.89
-19.75,-15.25,2182.72
-19.25,-15.25,2230.73
-18.75,-15.25,2277.57
-18.25,-15.25,2322.92
-17.75,-15.25,2366.51
-17.25,-15.25,2408.21
-16.75,-15.25,2447.99
-16.25,-15.25,2485.97
-15.75,-15.25,2522.39
-15.25,-15.25,2557.58
-14.75,-15.25,2591.98
-14.25,-15.25,2626.05
-13.75,-15.25,2660.25
-13.25,-15.25,2695.03
-12.75,-15.25,2730.76
-12.25,-15.25,2767.74
-11.75,-15.25,2806.2
-11.25,-15.25,2846.26
-10.75,-15.25,2887.96
-10.25,-15.25,2931.28
-9.75,-15.25,2976.14
-9.25,-15.25,3022.45
-8.75,-15.25,3070.11
-8.25,-15.25,3119.05
-7.75,-15.25,3169.23
-7.25,-15.25,3220.64
-6.75,-15.25,3273.36
-6.25,-15.25,3327.48
-5.75,-15.25,3383.14
-5.25,-15.25,3440.51
-4.75,-15.25,3499.74
-4.25,-15.25,3560.99
-3.75,-15.25,3624.36
-3.25,-15.25,3689.92
-2.75,-15.25,3757.71
-2.25,-15.25,3827.72
-1.75,-15.25,3899.94
-1.25,-15.25,3974.36
-0.75,-15.25,4051.01
-0.25,-15.25,4129.98
0.25,-15.25,4211.45
0.75,-15.25,4295.66
1.25,-15.25,4382.92
1.75,-15.25,4473.57
2.25,-15.25,4567.95
2.75,-15.25,4666.33
3.25,-15.25,4768.87
3.75,-15.25,4875.6
4.25,-15.25,4986.33
4.75,-15.25,5100.69
5.25,-15.25,5218.13
5.75,-15.25,5337.92
6.25,-15.25,5459.22
6.75,-15.25,5581.09
7.25,-15.25,5702.61
7.75,-15.25,5822.86
8.25,-15.25,5940.99
8.75,-15.25,6056.23
9.25,-15.25,6167.86
9.75,-15.25,6275.23
10.25,-15.25,6377.66
10.75,-15.25,6474.45
11.25,-15.25,6564.85
11.75,-15.25,6647.96
12.25,-15.25,6722.8
12.75,-15.25,6788.29
13.25,-15.25,6843.27
13.75,-15.25,6886.58
14.25,-15.25,6917.09
14.75,-15.25,6933.79
15.25,-15.25,6935.85
15.75,-15.25,6922.68
16.25,-15.25,6893.94
16.75,-15.25,6849.6
17.25,-15.25,6789.9
17.75,-15.25,6715.37
18.25,-15.25,6626.73
18.75,-15.25,6524.87
19.25,-15.25,6410.79
19.75,-15.25,6285.52
20.25,-15.25,6150.05
20.75,-15.25,6005.35
21.25,-15.25,5852.28
21.75,-15.25,5691.63
22.25,-15.25,5524.07
22.75,-15.25,5350.26
23.25,-15.25,5170.78
23.75,-15.25,4986.23
24.25,-15.25,4797.2
24.75,-15.25,4604.34
25.25,-15.25,4408.34
25.75,-15.25,4209.96
26.25,-15.25,4009.98
26.75,-15.25,3809.27
27.25,-15.25,3608.7
27.75,-15.25,3409.15
28.25,-15.25,3211.51
28.75,-15.25,3016.63
29.25,-15.25,2825.31
29.75,-15.25,2638.28
30.25,-15.25,2456.19
30.75,-15.25,2279.6
31.25,-15.25,2108.98
31.75,-15.25,1944.69
32.25,-15.25,1787.05
32.75,-15.25,1636.28
33.25,-15.25,1492.55
33.75,-15.25,1355.99
34.25,-15.25,1226.74
34.75,-15.25,1104.87
35.25,-15.25,990.459
35.75,-15.25,883.582
36.25,-15.25,784.275
36.75,-15.25,692.552
37.25,-15.25,608.38
37.75,-15.25,531.674
38.25,-15.25,462.28
38.75,-15.25,399.975
39.25,-15.25,344.463
39.75,-15.25,295.38
40.25,-15.25,252.304
40.75,-15.25,214.769
41.25,-15.25,182.275
41.75,-15.25,154.311
42.25,-15.25,130.365
42.75,-15.25,109.941
43.25,-15.25,92.5694
43.75,-15.25,77.8169
44.25,-15.25,65.2783
44.75,-15.25,54.5916
-44.75,-14.75,41.3778
-44.25,-14.75,43.4052
-43.75,-14.75,45.694
-43.25,-14.75,48.6226
-42.75,-14.75,52.5056
-42.25,-14.75,57.5623
-41.75,-14.75,64.0374
-41.25,-14.75,72.2077
-40.75,-14.75,82.3849
-40.25,-14.75,94.9123
-39.75,-14.75,110.16
-39.25,-14.75,128.509
-38.75,-14.75,150.34
-38.25,-14.75,176.006
-37.75,-14.75,205.816
-37.25,-14.75,240.008
-36.75,-14.75,278.737
-36.25,-14.75,322.05
-35.75,-14.75,369.884
-35.25,-14.75,422.068
-34.75,-14.75,478.325
-34.25,-14.75,538.286
-33.75,-14.75,601.509
-33.25,-14.75,667.494
-32.75,-14.75,735.706
-32.25,-14.75,805.593
-31.75,-14.75,876.603
-31.25,-14.75,948.197
-30.75,-14.75,1019.86
-30.25,-14.75,1091.13
-29.75,-14.75,1161.56
-29.25,-14.75,1230.79
-28.75,-14.75,1298.51
-28.25,-14.75,1364.47
-27.75,-14.75,1428.5
-27.25,-14.75,1490.5
-26.75,-14.75,1550.45
-26.25,-14.75,1608.41
-25.75,-14.75,1664.49
-25.25,-14.75,1718.88
-24.75,-14.75,1771.81
-24.25,-14.75,1823.55
-23.75,-14.75,1874.38
-23.25,-14.75,1924.59
-22.75,-14.75,1974.43
-22.25,-14.75,2024.12
-21.75,-14.75,2073.78
-21.25,-14.75,2123.47
-20.75,-14.75,2173.14
-20.25,-14.75,2222.65
-19.75,-14.75,2271.78
-19.25,-14.75,2320.27
-18.75,-14.75,2367.82
-18.25,-14.75,2414.14
-17.75,-14.75,2459
-17.25,-14.75,2502.25
-16.75,-14.75,2543.84
-16.25,-14.75,2583.86
-15.75,-14.75,2622.47
-15.25,-14.75,2659.98
-14.75,-14.75,2696.75
-14.25,-14.75,2733.19
-13.75,-14.75,2769.73
-13.25,-14.75,2806.76
-12.75,-14.75,2844.65
-12.25,-14.75,2883.69
-11.75,-14.75,2924.08
-11.25,-14.75,2965.95
-10.75,-14.75,3009.35
-10.25,-14.75,3054.25
-9.75,-14.75,3100.6
-9.25,-14.75,3148.31
-8.75,-14.75,3197.29
-8.25,-14.75,3247.47
-7.75,-14.75,3298.83
-7.25,-14.75,3351.39
-6.75,-14.75,3405.22
-6.25,-14.75,3460.44
-5.75,-14.75,3517.23
-5.25,-14.75,3575.75
-4.75,-14.75,3636.19
-4.25,-14.75,3698.72
-3.75,-14.75,3763.45
-3.25,-14.75,3830.5
-2.75,-14.75,3899.88
-2.25,-14.75,3971.63
-1.75,-14.75,4045.72
-1.25,-14.75,4122.18
-0.75,-14.75,4201.03
-0.25,-14.75,4282.37
0.25,-14.75,4366.37
0.75,-14.75,4453.27
1.25,-14.75,4543.37
1.75,-14.75,4637
2.25,-14.75,4734.49
2.75,-14.75,4836.09
3.25,-14.75,4941.95
3.75,-14.75,5052.07
4.25,-14.75,5166.27
4.75,-14.75,5284.19
5.25,-14.75,5405.25
5.75,-14.75,5528.72
6.25,-14.75,5653.77
6.75,-14.75,5779.48
7.25,-14.75,5904.9
7.75,-14.75,6029.12
8.25,-14.75,6151.29
8.75,-14.75,6270.61
9.25,-14.75,6386.37
9.75,-14.75,6497.86
10.25,-14.75,6604.38
10.75,-14.75,6705.21
11.25,-14.75,6799.51
11.75,-14.75,6886.35
12.25,-14.75,6964.69
12.75,-14.75,7033.36
13.25,-14.75,7091.14
13.75,-14.75,7136.81
14.25,-14.75,7169.17
14.75,-14.75,7187.18
15.25,-14.75,7189.97
15.75,-14.75,7176.93
16.25,-14.75,7147.75
16.75,-14.75,7102.4
17.25,-14.75,7041.18
17.75,-14.75,6964.61
18.25,-14.75,6873.48
18.75,-14.75,6768.69
19.25,-14.75,6651.25
19.75,-14.75,6522.19
20.25,-14.75,6382.51
20.75,-14.75,6233.13
21.25,-14.75,6074.91
21.75,-14.75,5908.63
22.25,-14.75,5734.98
22.75,-14.75,5554.61
23.25,-14.75,5368.18
23.75,-14.75,5176.32
24.25,-14.75,4979.72
24.75,-14.75,4779.1
25.25,-14.75,4575.27
25.75,-14.75,4369.04
26.25,-14.75,4161.32
26.75,-14.75,3953.02
27.25,-14.75,3745.08
27.75,-14.75,3538.44
28.25,-14.75,3334.02
28.75,-14.75,3132.69
29.25,-14.75,2935.26
29.75,-14.75,2742.45
30.25,-14.75,2554.91
30.75,-14.75,2373.17
31.25,-14.75,2197.67
31.75,-14.75,2028.73
32.25,-14.75,1866.61
32.75,-14.75,1711.5
33.25,-14.75,1563.52
33.75,-14.75,1422.76
34.25,-14.75,1289.32
34.75,-14.75,1163.26
35.25,-14.75,1044.66
35.75,-14.75,933.584
36.25,-14.75,830.102
36.75,-14.75,734.25
37.25,-14.75,646.037
37.75,-14.75,565.413
38.25,-14.75,492.266
38.75,-14.75,426.407
39.25,-14.75,367.57
39.75,-14.75,315.415
40.25,-14.75,269.532
40.75,-14.75,229.46
41.25,-14.75,194.699
41.75,-14.75,164.728
42.25,-14.75,139.019
42.75,-14.75,117.058
43.25,-14.75,98.358
43.75,-14.75,82.4625
44.25,-14.75,68.9464
44.75,-14.75,57.429
-44.75,-14.25,43.0698
-44.25,-14.25,45.4447
-43.75,-14.25,48.1421
-43.25,-14.25,51.554
-42.75,-14.25,56.0099
-42.25,-14.25,61.7432
-41.75,-14.25,69.0155
-41.25,-14.25,78.1222
-40.75,-14.25,89.394
-40.25,-14.25,103.193
-39.75,-14.25,119.906
-39.25,-14.25,139.929
-38.75,-14.25,163.651
-38.25,-14.25,191.429
-37.75,-14.25,223.57
-37.25,-14.25,260.305
-36.75,-14.25,301.774
-36.25,-14.25,348.005
-35.75,-14.25,398.91
-35.25,-14.25,454.286
-34.75,-14.25,513.825
-34.25,-14.25,577.121
-33.75,-14.25,643.693
-33.25,-14.25,713.002
-32.75,-14.25,784.472
-32.25,-14.25,857.514
-31.75,-14.25,931.544
-31.25,-14.25,1006
-30.75,-14.25,1080.34
-30.25,-14.25,1154.1
-29.75,-14.25,1226.86
-29.25,-14.25,1298.27
-28.75,-14.25,1368.03
-28.25,-14.25,1435.95
-27.75,-14.25,1501.87
-27.25,-14.25,1565.75
-26.75,-14.25,1627.55
-26.25,-14.25,1687.35
-25.75,-14.25,1745.23
-25.25,-14.25,1801.36
-24.75,-14.25,1855.91
-24.25,-14.25,1909.12
-23.75,-14.25,1961.22
-23.25,-14.25,2012.46
-22.75,-14.25,2063.09
-22.25,-14.25,2113.31
-21.75,-14.25,2163.31
-21.25,-14.25,2213.17
-20.75,-14.25,2262.93
-20.25,-14.25,2312.54
-19.75,-14.25,2361.85
-19.25,-14.25,2410.7
-18.75,-14.25,2458.84
-18.25,-14.25,2506.04
-17.75,-14.25,2552.11
-17.25,-14.25,2596.89
-16.75,-14.25,2640.31
-16.25,-14.25,2682.4
-15.75,-14.25,2723.29
-15.25,-14.25,2763.21
-14.75,-14.25,2802.44
-14.25,-14.25,2841.33
-13.75,-14.25,2880.26
-13.25,-14.25,2919.57
-12.75,-14.25,2959.59
-12.25,-14.25,3000.61
-11.75,-14.25,3042.81
-11.25,-14.25,3086.34
-10.75,-14.25,3131.25
-10.25,-14.25,3177.54
-9.75,-14.25,3225.17
-9.25,-14.25,3274.06
-8.75,-14.25,3324.15
-8.25,-14.25,3375.38
-7.75,-14.25,3427.75
-7.25,-14.25,3481.29
-6.75,-14.25,3536.09
-6.25,-14.25,3592.29
-5.75,-14.25,3650.08
-5.25,-14.25,3709.66
-4.75,-14.25,3771.22
-4.25,-14.25,3834.96
-3.75,-14.25,3901.03
-3.25,-14.25,3969.53
-2.75,-14.25,4040.54
-2.25,-14.25,4114.09
-1.75,-14.25,4190.18
-1.25,-14.25,4268.82
-0.75,-14.25,4350.07
-0.25,-14.25,4434.01
0.25,-14.25,4520.8
0.75,-14.25,4610.65
1.25,-14.25,4703.84
1.75,-14.25,4800.65
2.25,-14.25,4901.39
2.75,-14.25,5006.27
3.25,-14.25,5115.42
3.75,-14.25,5228.82
4.25,-14.25,5346.28
4.75,-14.25,5467.43
5.25,-14.25,5591.72
5.75,-14.25,5718.44
6.25,-14.25,5846.78
6.75,-14.25,5975.85
7.25,-14.25,6104.74
7.75,-14.25,6232.55
8.25,-14.25,6358.46
8.75,-14.25,6481.66
9.25,-14.25,6601.43
9.75,-14.25,6717.04
10.25,-14.25,6827.77
10.75,-14.25,6932.81
11.25,-14.25,7031.27
11.75,-14.25,7122.16
12.25,-14.25,7204.33
12.75,-14.25,7276.55
13.25,-14.25,7337.5
13.75,-14.25,7385.86
14.25,-14.25,7420.39
14.75,-14.25,7439.97
15.25,-14.25,7443.7
15.75,-14.25,7430.96
16.25,-14.25,7401.44
16.75,-14.25,7355.12
17.25,-14.25,7292.31
17.75,-14.25,7213.62
18.25,-14.25,7119.83
18.75,-14.25,7011.87
19.25,-14.25,6890.79
19.75,-14.25,6757.59
20.25,-14.25,6613.28
20.75,-14.25,6458.79
21.25,-14.25,6294.97
21.75,-14.25,6122.59
22.25,-14.25,5942.38
22.75,-14.25,5755.03
23.25,-14.25,5561.25
23.75,-14.25,5361.76
24.25,-14.25,5157.35
24.75,-14.25,4948.84
25.25,-14.25,4737.12
25.75,-14.25,4523.11
26.25,-14.25,4307.79
26.75,-14.25,4092.15
27.25,-14.25,3877.18
27.75,-14.25,3663.83
28.25,-14.25,3453.05
28.75,-14.25,3245.72
29.25,-14.25,3042.62
29.75,-14.25,2844.48
30.25,-14.25,2651.89
30.75,-14.25,2465.37
31.25,-14.25,2285.3
31.75,-14.25,2111.98
32.25,-14.25,1945.6
32.75,-14.25,1786.32
33.25,-14.25,1634.21
33.75,-14.25,1489.35
34.25,-14.25,1351.79
34.75,-14.25,1221.6
35.25,-14.25,1098.84
35.75,-14.25,983.613
36.25,-14.25,875.99
36.75,-14.25,776.048
37.25,-14.25,683.83
37.75,-14.25,599.328
38.25,-14.25,522.465
38.75,-14.25,453.087
39.25,-14.25,390.955
39.75,-14.25,335.747
40.25,-14.25,287.068
40.75,-14.25,244.46
41.25,-14.25,207.419
41.75,-14.25,175.418
42.25,-14.25,147.917
42.75,-14.25,124.386
43.25,-14.25,104.319
43.75,-14.25,87.2439
44.25,-14.25,72.7168
44.75,-14.25,60.3399
-44.75,-13.75,44.6979
-44.25,-13.75,47.4497
-43.75,-13.75,50.5805
-43.25,-13.75,54.4966
-42.75,-13.75,59.5442
-42.25,-13.75,65.9732
-41.75,-13.75,74.0642
-41.25,-13.75,84.1335
-40.75,-13.75,96.5328
-40.25,-13.75,111.645
-39.75,-13.75,129.874
-39.25,-13.75,151.631
-38.75,-13.75,177.313
-38.25,-13.75,207.282
-37.75,-13.75,241.84
-37.25,-13.75,281.209
-36.75,-13.75,325.51
-36.25,-13.75,374.747
-35.75,-13.75,428.802
-35.25,-13.75,487.44
-34.75,-13.75,550.314
-34.25,-13.75,616.98
-33.75,-13.75,686.915
-33.25,-13.75,759.541
-32.75,-13.75,834.244
-32.25,-13.75,910.398
-31.75,-13.75,987.39
-31.25,-13.75,1064.63
-30.75,-13.75,1141.59
-30.25,-13.75,1217.78
-29.75,-13.75,1292.8
-29.25,-13.75,1366.32
-28.75,-13.75,1438.08
-28.25,-13.75,1507.92
-27.75,-13.75,1575.72
-27.25,-13.75,1641.45
-26.75,-13.75,1705.1
-26.25,-13.75,1766.73
-25.75,-13.75,1826.43
-25.25,-13.75,1884.3
-24.75,-13.75,1940.5
-24.25,-13.75,1995.2
-23.75,-13.75,2048.6
-23.25,-13.75,2100.91
-22.75,-13.75,2152.35
-22.25,-13.75,2203.15
-21.75,-13.75,2253.49
-21.25,-13.75,2303.54
-20.75,-13.75,2353.39
-20.25,-13.75,2403.08
-19.75,-13.75,2452.55
-19.25,-13.75,2501.72
-18.75,-13.75,2550.42
-18.25,-13.75,2598.48
-17.75,-13.75,2645.74
-17.25,-13.75,2692.04
-16.75,-13.75,2737.3
-16.25,-13.75,2781.51
-15.75,-13.75,2824.71
-15.25,-13.75,2867.07
-14.75,-13.75,2908.8
-14.25,-13.75,2950.16
-13.75,-13.75,2991.46
-13.25,-13.75,3033
-12.75,-13.75,3075.07
-12.25,-13.75,3117.94
-11.75,-13.75,3161.8
-11.25,-13.75,3206.79
-10.75,-13.75,3253.01
-10.25,-13.75,3300.47
-9.75,-13.75,3349.15
-9.25,-13.75,3399.02
-8.75,-13.75,3450.02
-8.25,-13.75,3502.13
-7.75,-13.75,3555.36
-7.25,-13.75,3609.74
-6.75,-13.75,3665.4
-6.25,-13.75,3722.48
-5.75,-13.75,3781.19
-5.25,-13.75,3841.73
-4.75,-13.75,3904.35
-4.25,-13.75,3969.25
-3.75,-13.75,4036.61
-3.25,-13.75,4106.57
-2.75,-13.75,4179.23
-2.25,-13.75,4254.64
-1.75,-13.75,4332.84
-1.25,-13.75,4413.85
-0.75,-13.75,4497.71
-0.25,-13.75,4584.5
0.25,-13.75,4674.34
0.75,-13.75,4767.42
1.25,-13.75,4863.95
1.75,-13.75,4964.18
2.25,-13.75,5068.33
2.75,-13.75,5176.59
3.25,-13.75,5289.02
3.75,-13.75,5405.59
4.25,-13.75,5526.1
4.75,-13.75,5650.17
5.25,-13.75,5777.29
5.75,-13.75,5906.8
6.25,-13.75,6037.92
6.75,-13.75,6169.84
7.25,-13.75,6301.69
7.75,-13.75,6432.64
8.25,-13.75,6561.87
8.75,-13.75,6688.63
9.25,-13.75,6812.18
9.75,-13.75,6931.78
10.25,-13.75,7046.67
10.75,-13.75,7155.98
11.25,-13.75,7258.76
11.75,-13.75,7353.91
12.25,-13.75,7440.19
12.75,-13.75,7516.27
13.25,-13.75,7580.72
13.75,-13.75,7632.14
14.25,-13.75,7669.18
14.75,-13.75,7690.67
15.25,-13.75,7695.65
15.75,-13.75,7683.47
16.25,-13.75,7653.82
16.75,-13.75,7606.69
17.25,-13.75,7542.43
17.75,-13.75,7461.64
18.25,-13.75,7365.15
18.75,-13.75,7253.93
19.25,-13.75,7129.01
19.75,-13.75,6991.45
20.25,-13.75,6842.22
20.75,-13.75,6682.26
21.25,-13.75,6512.45
21.75,-13.75,6333.58
22.25,-13.75,6146.41
22.75,-13.75,5951.7
23.25,-13.75,5750.24
23.75,-13.75,5542.85
24.25,-13.75,5330.42
24.75,-13.75,5113.88
25.25,-13.75,4894.22
25.75,-13.75,4672.48
26.25,-13.75,4449.71
26.75,-13.75,4226.94
27.25,-13.75,4005.2
27.75,-13.75,3785.49
28.25,-13.75,3568.73
28.75,-13.75,3355.79
29.25,-13.75,3147.43
29.75,-13.75,2944.34
30.25,-13.75,2747.07
30.75,-13.75,2556.09
31.25,-13.75,2371.73
31.75,-13.75,2194.25
32.25,-13.75,2023.8
32.75,-13.75,1860.48
33.25,-13.75,1704.36
33.75,-13.75,1555.47
34.25,-13.75,1413.85
34.75,-13.75,1279.56
35.25,-13.75,1152.7
35.75,-13.75,1033.35
36.25,-13.75,921.63
36.75,-13.75,817.651
37.25,-13.75,721.49
37.75,-13.75,633.174
38.25,-13.75,552.661
38.75,-13.75,479.826
39.25,-13.75,414.455
39.75,-13.75,356.241
40.25,-13.75,304.799
40.75,-13.75,259.675
41.25,-13.75,220.362
41.75,-13.75,186.326
42.25,-13.75,157.018
42.75,-13.75,131.893
43.25,-13.75,110.433
43.75,-13.75,92.1504
44.25,-13.75,76.587
44.75,-13.75,63.3296
-44.75,-13.25,46.2891
-44.25,-13.25,49.446
-43.75,-13.25,53.033
-43.25,-13.25,57.4723
-42.75,-13.25,63.1285
-42.25,-13.25,70.2706
-41.75,-13.25,79.2008
-41.25,-13.25,90.2585
-40.75,-13.25,103.819
-40.25,-13.25,120.288
-39.75,-13.25,140.09
-39.25,-13.25,163.65
-38.75,-13.25,191.376
-38.25,-13.25,223.631
-37.75,-13.25,260.712
-37.25,-13.25,302.827
-36.75,-13.25,350.074
-36.25,-13.25,402.427
-35.75,-13.25,459.733
-35.25,-13.25,521.717
-34.75,-13.25,587.99
-34.25,-13.25,658.064
-33.75,-13.25,731.372
-33.25,-13.25,807.295
-32.75,-13.25,885.183
-32.25,-13.25,964.378
-31.75,-13.25,1044.24
-31.25,-13.25,1124.17
-30.75,-13.25,1203.63
-30.25,-13.25,1282.14
-29.75,-13.25,1359.32
-29.25,-13.25,1434.85
-28.75,-13.25,1508.53
-28.25,-13.25,1580.2
-27.75,-13.25,1649.79
-27.25,-13.25,1717.29
-26.75,-13.25,1782.71
-26.25,-13.25,1846.11
-25.75,-13.25,1907.54
-25.25,-13.25,1967.1
-24.75,-13.25,2024.9
-24.25,-13.25,2081.06
-23.75,-13.25,2135.74
-23.25,-13.25,2189.12
-22.75,-13.25,2241.41
-22.25,-13.25,2292.83
-21.75,-13.25,2343.59
-21.25,-13.25,2393.91
-20.75,-13.25,2443.93
-20.25,-13.25,2493.77
-19.75,-13.25,2543.47
-19.25,-13.25,2593.01
-18.75,-13.25,2642.33
-18.25,-13.25,2691.29
-17.75,-13.25,2739.76
-17.25,-13.25,2787.61
-16.75,-13.25,2834.71
-16.25,-13.25,2881.03
-15.75,-13.25,2926.54
-15.25,-13.25,2971.32
-14.75,-13.25,3015.51
-14.25,-13.25,3059.28
-13.75,-13.25,3102.86
-13.25,-13.25,3146.52
-12.75,-13.25,3190.5
-12.25,-13.25,3235.04
-11.75,-13.25,3280.36
-11.25,-13.25,3326.62
-10.75,-13.25,3373.92
-10.25,-13.25,3422.33
-9.75,-13.25,3471.86
-9.25,-13.25,3522.52
-8.75,-13.25,3574.28
-8.25,-13.25,3627.13
-7.75,-13.25,3681.1
-7.25,-13.25,3736.25
-6.75,-13.25,3792.7
-6.25,-13.25,3850.6
-5.75,-13.25,3910.18
-5.25,-13.25,3971.66
-4.75,-13.25,4035.29
-4.25,-13.25,4101.32
-3.75,-13.25,4169.96
-3.25,-13.25,4241.39
-2.75,-13.25,4315.73
-2.25,-13.25,4393.08
-1.75,-13.25,4473.5
-1.25,-13.25,4557.01
-0.75,-13.25,4643.67
-0.25,-13.25,4733.53
0.25,-13.25,4826.67
0.75,-13.25,4923.22
1.25,-13.25,5023.32
1.75,-13.25,5127.16
2.25,-13.25,5234.86
2.75,-13.25,5346.54
3.25,-13.25,5462.23
3.75,-13.25,5581.84
4.25,-13.25,5705.16
4.75,-13.25,5831.85
5.25,-13.25,5961.4
5.75,-13.25,6093.23
6.25,-13.25,6226.63
6.75,-13.25,6360.86
7.25,-13.25,6495.14
7.75,-13.25,6628.7
8.25,-13.25,6760.8
8.75,-13.25,6890.72
9.25,-13.25,7017.73
9.75,-13.25,7141.09
10.25,-13.25,7259.99
10.75,-13.25,7373.52
11.25,-13.25,7480.64
11.75,-13.25,7580.17
12.25,-13.25,7670.75
12.75,-13.25,7750.92
13.25,-13.25,7819.18
13.75,-13.25,7873.98
14.25,-13.25,7913.9
14.75,-13.25,7937.67
15.25,-13.25,7944.28
15.75,-13.25,7933.04
16.25,-13.25,7903.61
16.75,-13.25,7855.99
17.25,-13.25,7790.53
17.75,-13.25,7707.85
18.25,-13.25,7608.81
18.75,-13.25,7494.38
19.25,-13.25,7365.62
19.75,-13.25,7223.58
20.25,-13.25,7069.27
20.75,-13.25,6903.65
21.25,-13.25,6727.6
21.75,-13.25,6541.96
22.25,-13.25,6347.56
22.75,-13.25,6145.22
23.25,-13.25,5935.84
23.75,-13.25,5720.34
24.25,-13.25,5499.73
24.75,-13.25,5275.06
25.25,-13.25,5047.44
25.75,-13.25,4818
26.25,-13.25,4587.86
26.75,-13.25,4358.12
27.25,-13.25,4129.85
27.75,-13.25,3904.03
28.25,-13.25,3681.59
28.75,-13.25,3463.35
29.25,-13.25,3250.06
29.75,-13.25,3042.32
30.25,-13.25,2840.65
30.75,-13.25,2645.45
31.25,-13.25,2457.02
31.75,-13.25,2275.54
32.25,-13.25,2101.14
32.75,-13.25,1933.88
33.25,-13.25,1773.79
33.75,-13.25,1620.9
34.25,-13.25,1475.24
34.75,-13.25,1336.89
35.25,-13.25,1205.93
35.75,-13.25,1082.5
36.25,-13.25,966.735
36.75,-13.25,858.781
37.25,-13.25,758.749
37.75,-13.25,666.7
38.25,-13.25,582.622
38.75,-13.25,506.414
39.25,-13.25,437.882
39.75,-13.25,376.73
40.25,-13.25,322.58
40.75,-13.25,274.98
41.25,-13.25,233.421
41.75,-13.25,197.362
42.25,-13.25,166.246
42.75,-13.25,139.52
43.25,-13.25,116.655
43.75,-13.25,97.1507
44.25,-13.25,80.5366
44.75,-13.25,66.3865
-44.75,-12.75,47.8886
-44.25,-12.75,51.4752
-43.75,-12.75,55.5385
-43.25,-12.75,60.518
-42.75,-12.75,66.7986
-42.25,-12.75,74.671
-41.75,-12.75,84.4613
-41.25,-12.75,96.5351
-40.75,-12.75,111.294
-40.25,-12.75,129.168
-39.75,-12.75,150.605
-39.25,-12.75,176.045
-38.75,-12.75,205.908
-38.25,-12.75,240.556
-37.75,-12.75,280.28
-37.25,-12.75,325.266
-36.75,-12.75,375.588
-36.25,-12.75,431.182
-35.75,-12.75,491.853
-35.25,-12.75,557.277
-34.75,-12.75,627.018
-34.25,-12.75,700.537
-33.75,-12.75,777.222
-33.25,-12.75,856.411
-32.75,-12.75,937.42
-32.25,-12.75,1019.56
-31.75,-12.75,1102.19
-31.25,-12.75,1184.68
-30.75,-12.75,1266.51
-30.25,-12.75,1347.2
-29.75,-12.75,1426.4
-29.25,-12.75,1503.82
-28.75,-12.75,1579.28
-28.25,-12.75,1652.66
-27.75,-12.75,1723.91
-27.25,-12.75,1793.05
-26.75,-12.75,1860.1
-26.25,-12.75,1925.11
-25.75,-12.75,1988.13
-25.25,-12.75,2049.24
-24.75,-12.75,2108.51
-24.25,-12.75,2166.04
-23.75,-12.75,2221.94
-23.25,-12.75,2276.38
-22.75,-12.75,2329.55
-22.25,-12.75,2381.66
-21.75,-12.75,2432.95
-21.25,-12.75,2483.66
-20.75,-12.75,2534
-20.25,-12.75,2584.16
-19.75,-12.75,2634.24
-19.25,-12.75,2684.3
-18.75,-12.75,2734.34
-18.25,-12.75,2784.28
-17.75,-12.75,2834.02
-17.25,-12.75,2883.42
-16.75,-12.75,2932.38
-16.25,-12.75,2980.76
-15.75,-12.75,3028.52
-15.25,-12.75,3075.64
-14.75,-12.75,3122.17
-14.25,-12.75,3168.21
-13.75,-12.75,3213.94
-13.25,-12.75,3259.53
-12.75,-12.75,3305.23
-12.25,-12.75,3351.25
-11.75,-12.75,3397.81
-11.25,-12.75,3445.11
-10.75,-12.75,3493.29
-10.25,-12.75,3542.45
-9.75,-12.75,3592.66
-9.25,-12.75,3643.95
-8.75,-12.75,3696.34
-8.25,-12.75,3749.85
-7.75,-12.75,3804.51
-7.25,-12.75,3860.39
-6.75,-12.75,3917.61
-6.25,-12.75,3976.35
-5.75,-12.75,4036.81
-5.25,-12.75,4099.24
-4.75,-12.75,4163.92
-4.25,-12.75,4231.11
-3.75,-12.75,4301.06
-3.25,-12.75,4373.99
-2.75,-12.75,4450.07
-2.25,-12.75,4529.43
-1.75,-12.75,4612.16
-1.25,-12.75,4698.31
-0.75,-12.75,4787.91
-0.25,-12.75,4880.99
0.25,-12.75,4977.59
0.75,-12.75,5077.76
1.25,-12.75,5181.56
1.75,-12.75,5289.08
2.25,-12.75,5400.37
2.75,-12.75,5515.46
3.25,-12.75,5634.29
3.75,-12.75,5756.77
4.25,-12.75,5882.66
4.75,-12.75,6011.62
5.25,-12.75,6143.22
5.75,-12.75,6276.92
6.25,-12.75,6412.11
6.75,-12.75,6548.14
7.25,-12.75,6684.33
7.75,-12.75,6820.02
8.25,-12.75,6954.52
8.75,-12.75,7087.17
9.25,-12.75,7217.27
9.75,-12.75,7344.08
10.25,-12.75,7466.78
10.75,-12.75,7584.38
11.25,-12.75,7695.78
11.75,-12.75,7799.69
12.25,-12.75,7894.65
12.75,-12.75,7979.09
13.25,-12.75,8051.36
13.75,-12.75,8109.84
14.25,-12.75,8152.97
14.75,-12.75,8179.42
15.25,-12.75,8188.09
15.75,-12.75,8178.23
16.25,-12.75,8149.48
16.75,-12.75,8101.81
17.25,-12.75,8035.56
17.75,-12.75,7951.36
18.25,-12.75,7850.06
18.75,-12.75,7732.66
19.25,-12.75,7600.22
19.75,-12.75,7453.81
20.25,-12.75,7294.46
20.75,-12.75,7123.13
21.25,-12.75,6940.77
21.75,-12.75,6748.26
22.25,-12.75,6546.49
22.75,-12.75,6336.4
23.25,-12.75,6118.97
23.75,-12.75,5895.26
24.25,-12.75,5666.39
24.75,-12.75,5433.55
25.25,-12.75,5197.96
25.75,-12.75,4960.84
26.25,-12.75,4723.41
26.75,-12.75,4486.82
27.25,-12.75,4252.16
27.75,-12.75,4020.41
28.25,-12.75,3792.49
28.75,-12.75,3569.17
29.25,-12.75,3351.14
29.75,-12.75,3138.96
30.25,-12.75,2933.06
30.75,-12.75,2733.8
31.25,-12.75,2541.4
31.75,-12.75,2356
32.25,-12.75,2177.69
32.75,-12.75,2006.5
33.25,-12.75,1842.45
33.75,-12.75,1685.54
34.25,-12.75,1535.83
34.75,-12.75,1393.39
35.25,-12.75,1258.34
35.75,-12.75,1130.84
36.25,-12.75,1011.07
36.75,-12.75,899.199
37.25,-12.75,795.369
37.75,-12.75,699.674
38.25,-12.75,612.125
38.75,-12.75,532.64
39.25,-12.75,461.037
39.75,-12.75,397.03
40.25,-12.75,340.244
40.75,-12.75,290.225
41.25,-12.75,246.462
41.75,-12.75,208.411
42.25,-12.75,175.507
42.75,-12.75,147.189
43.25,-12.75,122.922
43.75,-12.75,102.196
44.25,-12.75,84.5289
44.75,-12.75,69.4842
-44.75,-12.25,49.5513
-44.25,-12.25,53.586
-43.75,-12.25,58.1409
-43.25,-12.25,63.6745
-42.75,-12.25,70.5941
-42.25,-12.25,79.2137
-41.75,-12.25,89.8863
-41.25,-12.25,103.006
-40.75,-12.25,119.002
-40.25,-12.25,138.334
-39.75,-12.25,161.47
-39.25,-12.25,188.873
-38.75,-12.25,220.969
-38.25,-12.25,258.122
-37.75,-12.25,300.61
-37.25,-12.25,348.599
-36.75,-12.25,402.127
-36.25,-12.25,461.088
-35.75,-12.25,525.236
-35.25,-12.25,594.193
-34.75,-12.25,667.465
-34.25,-12.25,744.462
-33.75,-12.25,824.519
-33.25,-12.25,906.936
-32.75,-12.25,990.994
-32.25,-12.25,1075.99
-31.75,-12.25,1161.25
-31.25,-12.25,1246.17
-30.75,-12.25,1330.22
-30.25,-12.25,1412.95
-29.75,-12.25,1494.02
-29.25,-12.25,1573.19
-28.75,-12.25,1650.28
-28.25,-12.25,1725.22
-27.75,-12.25,1797.98
-27.25,-12.25,1868.58
-26.75,-12.25,1937.07
-26.25,-12.25,2003.5
-25.75,-12.25,2067.92
-25.25,-12.25,2130.38
-24.75,-12.25,2190.96
-24.25,-12.25,2249.71
-23.75,-12.25,2306.75
-23.25,-12.25,2362.2
-22.75,-12.25,2416.26
-22.25,-12.25,2469.13
-21.75,-12.25,2521.08
-21.25,-12.25,2572.36
-20.75,-12.25,2623.23
-20.25,-12.25,2673.9
-19.75,-12.25,2724.57
-19.25,-12.25,2775.34
-18.75,-12.25,2826.25
-18.25,-12.25,2877.28
-17.75,-12.25,2928.35
-17.25,-12.25,2979.33
-16.75,-12.25,3030.08
-16.25,-12.25,3080.46
-15.75,-12.25,3130.34
-15.25,-12.25,3179.64
-14.75,-12.25,3228.34
-14.25,-12.25,3276.46
-13.75,-12.25,3324.1
-13.25,-12.25,3371.41
-12.75,-12.25,3418.59
-12.25,-12.25,3465.87
-11.75,-12.25,3513.46
-11.25,-12.25,3561.59
-10.75,-12.25,3610.45
-10.25,-12.25,3660.2
-9.75,-12.25,3710.95
-9.25,-12.25,3762.77
-8.75,-12.25,3815.73
-8.25,-12.25,3869.85
-7.75,-12.25,3925.19
-7.25,-12.25,3981.83
-6.75,-12.25,4039.89
-6.25,-12.25,4099.52
-5.75,-12.25,4160.95
-5.25,-12.25,4224.43
-4.75,-12.25,4290.24
-4.25,-12.25,4358.68
-3.75,-12.25,4430.03
-3.25,-12.25,4504.55
-2.75,-12.25,4582.45
-2.25,-12.25,4663.91
-1.75,-12.25,4749.04
-1.25,-12.25,4837.9
-0.75,-12.25,4930.51
-0.25,-12.25,5026.87
0.25,-12.25,5126.97
0.75,-12.25,5230.77
1.25,-12.25,5338.25
1.75,-12.25,5449.4
2.25,-12.25,5564.16
2.75,-12.25,5682.49
3.25,-12.25,5804.27
3.75,-12.25,5929.35
4.25,-12.25,6057.5
4.75,-12.25,6188.4
5.25,-12.25,6321.66
5.75,-12.25,6456.82
6.25,-12.25,6593.37
6.75,-12.25,6730.77
7.25,-12.25,6868.44
7.75,-12.25,7005.82
8.25,-12.25,7142.3
8.75,-12.25,7277.3
9.25,-12.25,7410.15
9.75,-12.25,7540.12
10.25,-12.25,7666.34
10.75,-12.25,7787.81
11.25,-12.25,7903.34
11.75,-12.25,8011.54
12.25,-12.25,8110.86
12.75,-12.25,8199.61
13.25,-12.25,8276.04
13.75,-12.25,8338.39
14.25,-12.25,8385.02
14.75,-12.25,8414.49
15.25,-12.25,8425.64
15.75,-12.25,8417.64
16.25,-12.25,8390.08
16.75,-12.25,8342.89
17.25,-12.25,8276.38
17.75,-12.25,8191.17
18.25,-12.25,8088.08
18.75,-12.25,7968.13
19.25,-12.25,7832.36
19.75,-12.25,7681.86
20.25,-12.25,7517.68
20.75,-12.25,7340.82
21.25,-12.25,7152.25
21.75,-12.25,6952.94
22.25,-12.25,6743.87
22.75,-12.25,6526.06
23.25,-12.25,6300.61
23.75,-12.25,6068.7
24.25,-12.25,5831.6
24.75,-12.25,5590.62
25.25,-12.25,5347.1
25.75,-12.25,5102.36
26.25,-12.25,4857.71
26.75,-12.25,4614.33
27.25,-12.25,4373.36
27.75,-12.25,4135.78
28.25,-12.25,3902.47
28.75,-12.25,3674.18
29.25,-12.25,3451.51
29.75,-12.25,3234.97
30.25,-12.25,3024.92
30.75,-12.25,2821.63
31.25,-12.25,2625.27
31.75,-12.25,2435.95
32.25,-12.25,2253.69
32.75,-12.25,2078.51
33.25,-12.25,1910.41
33.75,-12.25,1749.41
34.25,-12.25,1595.58
34.75,-12.25,1449
35.25,-12.25,1309.83
35.75,-12.25,1178.25
36.25,-12.25,1054.49
36.75,-12.25,938.737
37.25,-12.25,831.173
37.75,-12.25,731.911
38.25,-12.25,640.982
38.75,-12.25,558.316
39.25,-12.25,483.738
39.75,-12.25,416.966
40.25,-12.25,357.623
40.75,-12.25,305.255
41.25,-12.25,259.347
41.75,-12.25,219.349
42.25,-12.25,184.691
42.75,-12.25,154.81
43.25,-12.25,129.16
43.75,-12.25,107.227
44.25,-12.25,88.5187
44.75,-12.25,72.5882
-44.75,-11.75,51.3284
-44.25,-11.75,55.8202
-43.75,-11.75,60.875
-43.25,-11.75,66.9716
-42.75,-11.75,74.5414
-42.25,-11.75,83.9238
-41.75,-11.75,95.5
-41.25,-11.75,109.694
-40.75,-11.75,126.968
-40.25,-11.75,147.807
-39.75,-11.75,172.709
-39.25,-11.75,202.152
-38.75,-11.75,236.573
-38.25,-11.75,276.335
-37.75,-11.75,321.702
-37.25,-11.75,372.811
-36.75,-11.75,429.664
-36.25,-11.75,492.104
-35.75,-11.75,559.827
-35.25,-11.75,632.395
-34.75,-11.75,709.25
-34.25,-11.75,789.744
-33.75,-11.75,873.164
-33.25,-11.75,958.764
-32.75,-11.75,1045.8
-32.25,-11.75,1133.54
-31.75,-11.75,1221.32
-31.25,-11.75,1308.54
-30.75,-11.75,1394.68
-30.25,-11.75,1479.32
-29.75,-11.75,1562.14
-29.25,-11.75,1642.91
-28.75,-11.75,1721.5
-28.25,-11.75,1797.84
-27.75,-11.75,1871.94
-27.25,-11.75,1943.82
-26.75,-11.75,2013.55
-26.25,-11.75,2081.18
-25.75,-11.75,2146.77
-25.25,-11.75,2210.38
-24.75,-11.75,2272.05
-24.25,-11.75,2331.87
-23.75,-11.75,2389.92
-23.25,-11.75,2446.33
-22.75,-11.75,2501.29
-22.25,-11.75,2555
-21.75,-11.75,2607.74
-21.25,-11.75,2659.77
-20.75,-11.75,2711.37
-20.25,-11.75,2762.8
-19.75,-11.75,2814.28
-19.25,-11.75,2865.95
-18.75,-11.75,2917.9
-18.25,-11.75,2970.14
-17.75,-11.75,3022.59
-17.25,-11.75,3075.14
-16.75,-11.75,3127.62
-16.25,-11.75,3179.85
-15.75,-11.75,3231.67
-15.25,-11.75,3282.94
-14.75,-11.75,3333.55
-14.25,-11.75,3383.48
-13.75,-11.75,3432.77
-13.25,-11.75,3481.54
-12.75,-11.75,3529.96
-12.25,-11.75,3578.26
-11.75,-11.75,3626.67
-11.25,-11.75,3675.46
-10.75,-11.75,3724.86
-10.25,-11.75,3775.07
-9.75,-11.75,3826.26
-9.25,-11.75,3878.55
-8.75,-11.75,3932.04
-8.25,-11.75,3986.79
-7.75,-11.75,4042.86
-7.25,-11.75,4100.33
-6.75,-11.75,4159.33
-6.25,-11.75,4219.99
-5.75,-11.75,4282.54
-5.25,-11.75,4347.23
-4.75,-11.75,4414.34
-4.25,-11.75,4484.19
-3.75,-11.75,4557.09
-3.25,-11.75,4633.34
-2.75,-11.75,4713.19
-2.25,-11.75,4796.84
-1.75,-11.75,4884.43
-1.25,-11.75,4976.02
-0.75,-11.75,5071.63
-0.25,-11.75,5171.21
0.25,-11.75,5274.7
0.75,-11.75,5381.98
1.25,-11.75,5492.94
1.75,-11.75,5607.46
2.25,-11.75,5725.43
2.75,-11.75,5846.69
3.25,-11.75,5971.08
3.75,-11.75,6098.42
4.25,-11.75,6228.47
4.75,-11.75,6360.95
5.25,-11.75,6495.51
5.75,-11.75,6631.79
6.25,-11.75,6769.37
6.75,-11.75,6907.8
7.25,-11.75,7046.64
7.75,-11.75,7185.39
8.25,-11.75,7323.56
8.75,-11.75,7460.61
9.25,-11.75,7595.92
9.75,-11.75,7728.76
10.25,-11.75,7858.26
10.75,-11.75,7983.37
11.25,-11.75,8102.81
11.75,-11.75,8215.13
12.25,-11.75,8318.69
12.75,-11.75,8411.68
13.25,-11.75,8492.26
13.75,-11.75,8558.58
14.25,-11.75,8608.88
14.75,-11.75,8641.65
15.25,-11.75,8655.64
15.75,-11.75,8649.96
16.25,-11.75,8624.1
16.75,-11.75,8577.96
17.25,-11.75,8511.8
17.75,-11.75,8426.18
18.25,-11.75,8321.9
18.75,-11.75,8199.94
19.25,-11.75,8061.36
19.75,-11.75,7907.22
20.25,-11.75,7738.6
20.75,-11.75,7556.56
21.25,-11.75,7362.1
21.75,-11.75,7156.26
22.25,-11.75,6940.12
22.75,-11.75,6714.8
23.25,-11.75,6481.52
23.75,-11.75,6241.6
24.25,-11.75,5996.42
24.75,-11.75,5747.43
25.25,-11.75,5496.08
25.75,-11.75,5243.82
26.25,-11.75,4992.01
26.75,-11.75,4741.91
27.25,-11.75,4494.67
27.75,-11.75,4251.29
28.25,-11.75,4012.62
28.75,-11.75,3779.35
29.25,-11.75,3552.05
29.75,-11.75,3331.12
30.25,-11.75,3116.87
30.75,-11.75,2909.5
31.25,-11.75,2709.11
31.75,-11.75,2515.75
32.25,-11.75,2329.43
32.75,-11.75,2150.13
33.25,-11.75,1977.86
33.75,-11.75,1812.64
34.25,-11.75,1654.56
34.75,-11.75,1503.75
35.25,-11.75,1360.38
35.75,-11.75,1224.69
36.25,-11.75,1096.92
36.75,-11.75,977.31
37.25,-11.75,866.056
37.75,-11.75,763.292
38.25,-11.75,669.062
38.75,-11.75,583.302
39.25,-11.75,505.84
39.75,-11.75,436.391
40.25,-11.75,374.576
40.75,-11.75,319.935
41.25,-11.75,271.949
41.75,-11.75,230.062
42.25,-11.75,193.702
42.75,-11.75,162.297
43.25,-11.75,135.3
43.75,-11.75,112.188
44.25,-11.75,92.4629
44.75,-11.75,75.6659
-44.75,-11.25,53.2513
-44.25,-11.25,58.1983
-43.75,-11.25,63.7517
-43.25,-11.25,70.4129
-42.75,-11.25,78.6384
-42.25,-11.25,88.7943
-41.75,-11.25,101.291
-41.25,-11.25,116.586
-40.75,-11.25,135.171
-40.25,-11.25,157.563
-39.75,-11.25,184.286
-39.25,-11.25,215.835
-38.75,-11.25,252.658
-38.25,-11.25,295.114
-37.75,-11.25,343.45
-37.25,-11.25,397.774
-36.75,-11.25,458.041
-36.25,-11.25,524.042
-35.75,-11.25,595.41
-35.25,-11.25,671.639
-34.75,-11.25,752.109
-34.25,-11.25,836.107
-33.75,-11.25,922.868
-33.25,-11.25,1011.61
-32.75,-11.25,1101.55
-32.25,-11.25,1191.97
-31.75,-11.25,1282.18
-31.25,-11.25,1371.6
-30.75,-11.25,1459.73
-30.25,-11.25,1546.17
-29.75,-11.25,1630.63
-29.25,-11.25,1712.89
-28.75,-11.25,1792.86
-28.25,-11.25,1870.48
-27.75,-11.25,1945.77
-27.25,-11.25,2018.76
-26.75,-11.25,2089.54
-26.25,-11.25,2158.17
-25.75,-11.25,2224.72
-25.25,-11.25,2289.25
-24.75,-11.25,2351.83
-24.25,-11.25,2412.54
-23.75,-11.25,2471.48
-23.25,-11.25,2528.79
-22.75,-11.25,2584.64
-22.25,-11.25,2639.26
-21.75,-11.25,2692.89
-21.25,-11.25,2745.84
-20.75,-11.25,2798.38
-20.25,-11.25,2850.78
-19.75,-11.25,2903.28
-19.25,-11.25,2956.05
-18.75,-11.25,3009.19
-18.25,-11.25,3062.71
-17.75,-11.25,3116.57
-17.25,-11.25,3170.63
-16.75,-11.25,3224.72
-16.25,-11.25,3278.64
-15.75,-11.25,3332.16
-15.25,-11.25,3385.11
-14.75,-11.25,3437.34
-14.25,-11.25,3488.78
-13.75,-11.25,3539.43
-13.25,-11.25,3589.38
-12.75,-11.25,3638.79
-12.25,-11.25,3687.89
-11.75,-11.25,3736.95
-11.25,-11.25,3786.24
-10.75,-11.25,3836.06
-10.25,-11.25,3886.66
-9.75,-11.25,3938.25
-9.25,-11.25,3991
-8.75,-11.25,4045.03
-8.25,-11.25,4100.45
-7.75,-11.25,4157.33
-7.25,-11.25,4215.75
-6.75,-11.25,4275.82
-6.25,-11.25,4337.69
-5.75,-11.25,4401.55
-5.25,-11.25,4467.65
-4.75,-11.25,4536.29
-4.25,-11.25,4607.77
-3.75,-11.25,4682.44
-3.25,-11.25,4760.61
-2.75,-11.25,4842.55
-2.25,-11.25,4928.49
-1.75,-11.25,5018.57
-1.25,-11.25,5112.86
-0.75,-11.25,5211.36
-0.25,-11.25,5313.98
0.25,-11.25,5420.59
0.75,-11.25,5531.02
1.25,-11.25,5645.08
1.75,-11.25,5762.57
2.25,-11.25,5883.28
2.75,-11.25,6007.01
3.25,-11.25,6133.57
3.75,-11.25,6262.74
4.25,-11.25,6394.3
4.75,-11.25,6528
5.25,-11.25,6663.56
5.75,-11.25,6800.69
6.25,-11.25,6939.07
6.75,-11.25,7078.35
7.25,-11.25,7218.17
7.75,-11.25,7358.13
8.25,-11.25,7497.83
8.75,-11.25,7636.76
9.25,-11.25,7774.34
9.75,-11.25,7909.86
10.25,-11.25,8042.4
10.75,-11.25,8170.89
11.25,-11.25,8294
11.75,-11.25,8410.19
12.25,-11.25,8517.75
12.75,-11.25,8614.8
13.25,-11.25,8699.41
13.75,-11.25,8769.63
14.25,-11.25,8823.67
14.75,-11.25,8859.89
15.25,-11.25,8876.98
15.75,-11.25,8873.98
16.25,-11.25,8850.31
16.75,-11.25,8805.78
17.25,-11.25,8740.57
17.75,-11.25,8655.18
18.25,-11.25,8550.36
18.75,-11.25,8427.04
19.25,-11.25,8286.26
19.75,-11.25,8129.08
20.25,-11.25,7956.59
20.75,-11.25,7769.87
21.25,-11.25,7570
21.75,-11.25,7358.08
22.25,-11.25,7135.29
22.75,-11.25,6902.86
23.25,-11.25,6662.12
23.75,-11.25,6414.51
24.25,-11.25,6161.55
24.75,-11.25,5904.79
25.25,-11.25,5645.83
25.75,-11.25,5386.19
26.25,-11.25,5127.33
26.75,-11.25,4870.58
27.25,-11.25,4617.11
27.75,-11.25,4367.92
28.25,-11.25,4123.84
28.75,-11.25,3885.54
29.25,-11.25,3653.51
29.75,-11.25,3428.09
30.25,-11.25,3209.52
30.75,-11.25,2997.92
31.25,-11.25,2793.35
31.75,-11.25,2595.79
32.25,-11.25,2405.22
32.75,-11.25,2221.63
33.25,-11.25,2045
33.75,-11.25,1875.4
34.25,-11.25,1712.93
34.75,-11.25,1557.75
35.25,-11.25,1410.09
35.75,-11.25,1270.21
36.25,-11.25,1138.4
36.75,-11.25,1014.92
37.25,-11.25,899.998
37.75,-11.25,793.775
38.25,-11.25,696.304
38.75,-11.25,607.523
39.25,-11.25,527.255
39.75,-11.25,455.211
40.25,-11.25,391.004
40.75,-11.25,334.167
41.25,-11.25,284.175
41.75,-11.25,240.467
42.25,-11.25,202.463
42.75,-11.25,169.589
43.25,-11.25,141.291
43.75,-11.25,117.041
44.25,-11.25,96.3316
44.75,-11.25,78.6959
-44.75,-10.75,55.3199
-44.25,-10.75,60.7084
-43.75,-10.75,66.749
-43.25,-10.75,73.9671
-42.75,-10.75,82.8458
-42.25,-10.75,93.7781
-41.75,-10.75,107.206
-41.25,-10.75,123.616
-40.75,-10.75,143.536
-40.25,-10.75,167.513
-39.75,-10.75,196.095
-39.25,-10.75,229.796
-38.75,-10.75,269.071
-38.25,-10.75,314.275
-37.75,-10.75,365.634
-37.25,-10.75,423.224
-36.75,-10.75,486.954
-36.25,-10.75,556.557
-35.75,-10.75,631.601
-35.25,-10.75,711.511
-34.75,-10.75,795.599
-34.25,-10.75,883.091
-33.75,-10.75,973.172
-33.25,-10.75,1065.02
-32.75,-10.75,1157.83
-32.25,-10.75,1250.86
-31.75,-10.75,1343.45
-31.25,-10.75,1435.01
-30.75,-10.75,1525.08
-30.25,-10.75,1613.26
-29.75,-10.75,1699.3
-29.25,-10.75,1783
-28.75,-10.75,1864.27
-28.25,-10.75,1943.08
-27.75,-10.75,2019.45
-27.25,-10.75,2093.44
-26.75,-10.75,2165.11
-26.25,-10.75,2234.57
-25.75,-10.75,2301.9
-25.25,-10.75,2367.17
-24.75,-10.75,2430.49
-24.25,-10.75,2491.95
-23.75,-10.75,2551.67
-23.25,-10.75,2609.8
-22.75,-10.75,2666.53
-22.25,-10.75,2722.08
-21.75,-10.75,2776.71
-21.25,-10.75,2830.71
-20.75,-10.75,2884.34
-20.25,-10.75,2937.89
-19.75,-10.75,2991.57
-19.25,-10.75,3045.57
-18.75,-10.75,3099.99
-18.25,-10.75,3154.85
-17.75,-10.75,3210.09
-17.25,-10.75,3265.57
-16.75,-10.75,3321.11
-16.25,-10.75,3376.48
-15.75,-10.75,3431.44
-15.25,-10.75,3485.77
-14.75,-10.75,3539.3
-14.25,-10.75,3591.93
-13.75,-10.75,3643.63
-13.25,-10.75,3694.49
-12.75,-10.75,3744.66
-12.25,-10.75,3794.38
-11.75,-10.75,3843.93
-11.25,-10.75,3893.63
-10.75,-10.75,3943.81
-10.25,-10.75,3994.76
-9.75,-10.75,4046.74
-9.25,-10.75,4099.97
-8.75,-10.75,4154.6
-8.25,-10.75,4210.75
-7.75,-10.75,4268.53
-7.25,-10.75,4328.02
-6.75,-10.75,4389.32
-6.25,-10.75,4452.57
-5.75,-10.75,4517.96
-5.25,-10.75,4585.72
-4.75,-10.75,4656.13
-4.25,-10.75,4729.51
-3.75,-10.75,4806.18
-3.25,-10.75,4886.46
-2.75,-10.75,4970.65
-2.25,-10.75,5058.95
-1.75,-10.75,5151.53
-1.25,-10.75,5248.43
-0.75,-10.75,5349.61
-0.25,-10.75,5454.96
0.25,-10.75,5564.31
0.75,-10.75,5677.41
1.25,-10.75,5794.02
1.75,-10.75,5913.89
2.25,-10.75,6036.75
2.75,-10.75,6162.39
3.25,-10.75,6290.57
3.75,-10.75,6421.09
4.25,-10.75,6553.76
4.75,-10.75,6688.36
5.25,-10.75,6824.69
5.75,-10.75,6962.51
6.25,-10.75,7101.59
6.75,-10.75,7241.66
7.25,-10.75,7382.45
7.75,-10.75,7523.63
8.25,-10.75,7664.83
8.75,-10.75,7805.6
9.25,-10.75,7945.37
9.75,-10.75,8083.42
10.25,-10.75,8218.82
10.75,-10.75,8350.45
11.25,-10.75,8476.93
11.75,-10.75,8596.68
12.25,-10.75,8707.93
12.75,-10.75,8808.73
13.25,-10.75,8897.1
13.75,-10.75,8971.05
14.25,-10.75,9028.7
14.75,-10.75,9068.39
15.25,-10.75,9088.73
15.75,-10.75,9088.67
16.25,-10.75,9067.55
16.75,-10.75,9025.1
17.25,-10.75,8961.4
17.75,-10.75,8876.86
18.25,-10.75,8772.16
18.75,-10.75,8648.17
19.25,-10.75,8505.86
19.75,-10.75,8346.31
20.25,-10.75,8170.6
20.75,-10.75,7979.85
21.25,-10.75,7775.19
21.75,-10.75,7557.81
22.25,-10.75,7328.95
22.75,-10.75,7089.96
23.25,-10.75,6842.29
23.75,-10.75,6587.48
24.25,-10.75,6327.17
24.75,-10.75,6063.04
25.25,-10.75,5796.78
25.75,-10.75,5530.02
26.25,-10.75,5264.28
26.75,-10.75,5000.98
27.25,-10.75,4741.31
27.75,-10.75,4486.29
28.25,-10.75,4236.74
28.75,-10.75,3993.3
29.25,-10.75,3756.4
29.75,-10.75,3526.33
30.25,-10.75,3303.25
30.75,-10.75,3087.23
31.25,-10.75,2878.26
31.75,-10.75,2676.29
32.25,-10.75,2481.28
32.75,-10.75,2293.18
33.25,-10.75,2112.01
33.75,-10.75,1937.84
34.25,-10.75,1770.81
34.75,-10.75,1611.13
35.25,-10.75,1459.06
35.75,-10.75,1314.92
36.25,-10.75,1179.01
36.75,-10.75,1051.64
37.25,-10.75,933.048
37.75,-10.75,823.39
38.25,-10.75,722.72
38.75,-10.75,630.972
39.25,-10.75,547.963
39.75,-10.75,473.393
40.25,-10.75,406.867
40.75,-10.75,347.908
41.25,-10.75,295.981
41.75,-10.75,250.52
42.25,-10.75,210.938
42.75,-10.75,176.654
43.25,-10.75,147.109
43.75,-10.75,121.769
44.25,-10.75,100.117
44.75,-10.75,81.6762
-44.75,-10.25,57.4965
-44.25,-10.25,63.303
-43.75,-10.25,69.81
-43.25,-10.25,77.5686
-42.75,-10.25,87.0886
-42.25,-10.25,98.7908
-41.75,-10.25,113.147
-41.25,-10.25,130.678
-40.75,-10.25,151.941
-40.25,-10.25,177.513
-39.75,-10.25,207.968
-39.25,-10.25,243.837
-38.75,-10.25,285.578
-38.25,-10.25,333.541
-37.75,-10.25,387.932
-37.25,-10.25,448.793
-36.75,-10.25,515.984
-36.25,-10.25,589.181
-35.75,-10.25,667.886
-35.25,-10.25,751.459
-34.75,-10.25,839.143
-34.25,-10.25,930.106
-33.75,-10.25,1023.48
-33.25,-10.25,1118.41
-32.75,-10.25,1214.07
-32.25,-10.25,1309.7
-31.75,-10.25,1404.65
-31.25,-10.25,1498.36
-30.75,-10.25,1590.35
-30.25,-10.25,1680.28
-29.75,-10.25,1767.89
-29.25,-10.25,1853.02
-28.75,-10.25,1935.58
-28.25,-10.25,2015.55
-27.75,-10.25,2092.95
-27.25,-10.25,2167.85
-26.75,-10.25,2240.34
-26.25,-10.25,2310.51
-25.75,-10.25,2378.49
-25.25,-10.25,2444.38
-24.75,-10.25,2508.31
-24.25,-10.25,2570.4
-23.75,-10.25,2630.81
-23.25,-10.25,2689.71
-22.75,-10.25,2747.29
-22.25,-10.25,2803.79
-21.75,-10.25,2859.46
-21.25,-10.25,2914.58
-20.75,-10.25,2969.4
-20.25,-10.25,3024.19
-19.75,-10.25,3079.16
-19.25,-10.25,3134.46
-18.75,-10.25,3190.19
-18.25,-10.25,3246.36
-17.75,-10.25,3302.89
-17.25,-10.25,3359.65
-16.75,-10.25,3416.44
-16.25,-10.25,3473
-15.75,-10.25,3529.1
-15.25,-10.25,3584.49
-14.75,-10.25,3639
-14.25,-10.25,3692.51
-13.75,-10.25,3745
-13.25,-10.25,3796.52
-12.75,-10.25,3847.26
-12.25,-10.25,3897.45
-11.75,-10.25,3947.41
-11.25,-10.25,3997.47
-10.75,-10.25,4048
-10.25,-10.25,4099.31
-9.75,-10.25,4151.72
-9.25,-10.25,4205.47
-8.75,-10.25,4260.76
-8.25,-10.25,4317.72
-7.75,-10.25,4376.49
-7.25,-10.25,4437.16
-6.75,-10.25,4499.83
-6.25,-10.25,4564.64
-5.75,-10.25,4631.75
-5.25,-10.25,4701.39
-4.75,-10.25,4773.81
-4.25,-10.25,4849.31
-3.75,-10.25,4928.21
-3.25,-10.25,5010.8
-2.75,-10.25,5097.36
-2.25,-10.25,5188.08
-1.75,-10.25,5283.09
-1.25,-10.25,5382.42
-0.75,-10.25,5486
-0.25,-10.25,5593.68
0.25,-10.25,5705.25
0.75,-10.25,5820.43
1.25,-10.25,5938.95
1.75,-10.25,6060.51
2.25,-10.25,6184.86
2.75,-10.25,6311.76
3.25,-10.25,6441
3.75,-10.25,6572.4
4.25,-10.25,6705.79
4.75,-10.25,6841.03
5.25,-10.25,6977.97
5.75,-10.25,7116.43
6.25,-10.25,7256.25
6.75,-10.25,7397.21
7.25,-10.25,7539.1
7.75,-10.25,7681.63
8.25,-10.25,7824.46
8.75,-10.25,7967.15
9.25,-10.25,8109.12
9.75,-10.25,8249.62
10.25,-10.25,8387.73
10.75,-10.25,8522.25
11.25,-10.25,8651.8
11.75,-10.25,8774.74
12.25,-10.25,8889.26
12.75,-10.25,8993.41
13.25,-10.25,9085.15
13.75,-10.25,9162.5
14.25,-10.25,9223.53
14.75,-10.25,9266.55
15.25,-10.25,9290.11
15.75,-10.25,9293.11
16.25,-10.25,9274.79
16.75,-10.25,9234.76
17.25,-10.25,9173.03
17.75,-10.25,9089.89
18.25,-10.25,8985.92
18.75,-10.25,8861.89
19.25,-10.25,8718.75
19.75,-10.25,8557.52
20.25,-10.25,8379.29
20.75,-10.25,8185.22
21.25,-10.25,7976.49
21.75,-10.25,7754.35
22.25,-10.25,7520.14
22.75,-10.25,7275.29
23.25,-10.25,7021.36
23.75,-10.25,6759.99
24.25,-10.25,6492.92
24.75,-10.25,6221.93
25.25,-10.25,5948.8
25.75,-10.25,5675.26
26.25,-10.25,5402.92
26.75,-10.25,5133.22
27.25,-10.25,4867.42
27.75,-10.25,4606.57
28.25,-10.25,4351.49
28.75,-10.25,4102.78
29.25,-10.25,3860.84
29.75,-10.25,3625.93
30.25,-10.25,3398.13
30.75,-10.25,3177.47
31.25,-10.25,2963.88
31.75,-10.25,2757.29
32.25,-10.25,2557.61
32.75,-10.25,2364.81
33.25,-10.25,2178.92
33.75,-10.25,2000.02
34.25,-10.25,1828.28
34.75,-10.25,1663.98
35.25,-10.25,1507.4
35.75,-10.25,1358.92
36.25,-10.25,1218.86
36.75,-10.25,1087.57
37.25,-10.25,965.304
37.75,-10.25,852.221
38.25,-10.25,748.377
38.75,-10.25,653.701
39.25,-10.25,567.999
39.75,-10.25,490.961
40.25,-10.25,422.178
40.75,-10.25,361.161
41.25,-10.25,307.368
41.75,-10.25,260.221
42.25,-10.25,219.127
42.75,-10.25,183.497
43.25,-10.25,152.763
43.75,-10.25,126.385
44.25,-10.25,103.835
44.75,-10.25,84.627
-44.75,-9.75,59.7101
-44.25,-9.75,65.9044
-43.75,-9.75,72.8508
-43.25,-9.75,81.1264
-42.75,-9.75,91.2684
-42.25,-9.75,103.724
-41.75,-9.75,118.996
-41.25,-9.75,137.635
-40.75,-9.75,160.231
-40.25,-9.75,187.387
-39.75,-9.75,219.7
-39.25,-9.75,257.716
-38.75,-9.75,301.899
-38.25,-9.75,352.588
-37.75,-9.75,409.969
-37.25,-9.75,474.05
-36.75,-9.75,544.647
-36.25,-9.75,621.38
-35.75,-9.75,703.689
-35.25,-9.75,790.87
-34.75,-9.75,882.104
-34.25,-9.75,976.502
-33.75,-9.75,1073.15
-33.25,-9.75,1171.15
-32.75,-9.75,1269.66
-32.25,-9.75,1367.92
-31.75,-9.75,1465.27
-31.25,-9.75,1561.15
-30.75,-9.75,1655.13
-30.25,-9.75,1746.85
-29.75,-9.75,1836.09
-29.25,-9.75,1922.69
-28.75,-9.75,2006.57
-28.25,-9.75,2087.72
-27.75,-9.75,2166.16
-27.25,-9.75,2241.96
-26.75,-9.75,2315.23
-26.25,-9.75,2386.08
-25.75,-9.75,2454.66
-25.25,-9.75,2521.1
-24.75,-9.75,2585.57
-24.25,-9.75,2648.23
-23.75,-9.75,2709.27
-23.25,-9.75,2768.88
-22.75,-9.75,2827.28
-22.25,-9.75,2884.72
-21.75,-9.75,2941.43
-21.25,-9.75,2997.68
-20.75,-9.75,3053.71
-20.25,-9.75,3109.75
-19.75,-9.75,3165.99
-19.25,-9.75,3222.57
-18.75,-9.75,3279.55
-18.25,-9.75,3336.93
-17.75,-9.75,3394.61
-17.25,-9.75,3452.46
-16.75,-9.75,3510.25
-16.25,-9.75,3567.75
-15.75,-9.75,3624.69
-15.25,-9.75,3680.85
-14.75,-9.75,3736.04
-14.25,-9.75,3790.16
-13.75,-9.75,3843.18
-13.25,-9.75,3895.19
-12.75,-9.75,3946.37
-12.25,-9.75,3996.96
-11.75,-9.75,4047.29
-11.25,-9.75,4097.73
-10.75,-9.75,4148.64
-10.25,-9.75,4200.38
-9.75,-9.75,4253.28
-9.25,-9.75,4307.63
-8.75,-9.75,4363.64
-8.25,-9.75,4421.49
-7.75,-9.75,4481.32
-7.25,-9.75,4543.25
-6.75,-9.75,4607.39
-6.25,-9.75,4673.87
-5.75,-9.75,4742.86
-5.25,-9.75,4814.54
-4.75,-9.75,4889.15
-4.25,-9.75,4966.97
-3.75,-9.75,5048.25
-3.25,-9.75,5133.27
-2.75,-9.75,5222.26
-2.25,-9.75,5315.36
-1.75,-9.75,5412.68
-1.25,-9.75,5514.19
-0.75,-9.75,5619.8
-0.25,-9.75,5729.32
0.25,-9.75,5842.53
0.75,-9.75,5959.14
1.25,-9.75,6078.86
1.75,-9.75,6201.42
2.25,-9.75,6326.57
2.75,-9.75,6454.11
3.25,-9.75,6583.88
3.75,-9.75,6715.73
4.25,-9.75,6849.56
4.75,-9.75,6985.28
5.25,-9.75,7122.78
5.75,-9.75,7261.96
6.25,-9.75,7402.67
6.75,-9.75,7544.75
7.25,-9.75,7687.99
7.75,-9.75,7832.12
8.25,-9.75,7976.8
8.75,-9.75,8121.56
9.25,-9.75,8265.8
9.75,-9.75,8408.75
10.25,-9.75,8549.42
10.75,-9.75,8686.61
11.25,-9.75,8818.88
11.75,-9.75,8944.6
12.25,-9.75,9061.93
12.75,-9.75,9168.92
13.25,-9.75,9263.56
13.75,-9.75,9343.85
14.25,-9.75,9407.9
14.75,-9.75,9453.97
15.25,-9.75,9480.59
15.75,-9.75,9486.6
16.25,-9.75,9471.16
16.75,-9.75,9433.78
17.25,-9.75,9374.33
17.75,-9.75,9293
18.25,-9.75,9190.24
18.75,-9.75,9066.75
19.25,-9.75,8923.38
19.75,-9.75,8761.14
20.25,-9.75,8581.11
20.75,-9.75,8384.45
21.25,-9.75,8172.4
21.75,-9.75,7946.28
22.25,-9.75,7707.51
22.75,-9.75,7457.6
23.25,-9.75,7198.18
23.75,-9.75,6931
24.25,-9.75,6657.86
24.75,-9.75,6380.64
25.25,-9.75,6101.19
25.75,-9.75,5821.32
26.25,-9.75,5542.7
26.75,-9.75,5266.84
27.25,-9.75,4995.05
27.75,-9.75,4728.4
28.25,-9.75,4467.73
28.75,-9.75,4213.63
29.25,-9.75,3966.51
29.75,-9.75,3726.55
30.25,-9.75,3493.83
30.75,-9.75,3268.31
31.25,-9.75,3049.91
31.75,-9.75,2838.49
32.25,-9.75,2633.98
32.75,-9.75,2436.32
33.25,-9.75,2245.56
33.75,-9.75,2061.81
34.25,-9.75,1885.29
34.75,-9.75,1716.28
35.25,-9.75,1555.14
35.75,-9.75,1402.27
36.25,-9.75,1258.05
36.75,-9.75,1122.82
37.25,-9.75,996.874
37.75,-9.75,880.376
38.25,-9.75,773.379
38.75,-9.75,675.805
39.25,-9.75,587.448
39.75,-9.75,507.986
40.25,-9.75,436.997
40.75,-9.75,373.98
41.25,-9.75,318.38
41.75,-9.75,269.609
42.25,-9.75,227.066
42.75,-9.75,190.152
43.25,-9.75,158.288
43.75,-9.75,130.925
44.25,-9.75,107.524
44.75,-9.75,87.5882
-44.75,-9.25,61.8688
-44.25,-9.25,68.4187
-43.75,-9.25,75.7749
-43.25,-9.25,84.5411
-42.75,-9.25,95.2805
-42.25,-9.25,108.467
-41.75,-9.25,124.631
-41.25,-9.25,144.354
-40.75,-9.25,168.253
-40.25,-9.25,196.958
-39.75,-9.25,231.086
-39.25,-9.25,271.196
-38.75,-9.25,317.753
-38.25,-9.25,371.089
-37.75,-9.25,431.371
-37.25,-9.25,498.574
-36.75,-9.25,572.473
-36.25,-9.25,652.638
-35.75,-9.25,738.455
-35.25,-9.25,829.158
-34.75,-9.25,923.875
-34.25,-9.25,1021.66
-33.75,-9.25,1121.56
-33.25,-9.25,1222.64
-32.75,-9.25,1324.04
-32.25,-9.25,1424.97
-31.75,-9.25,1524.79
-31.25,-9.25,1622.93
-30.75,-9.25,1718.97
-30.25,-9.25,1812.59
-29.75,-9.25,1903.54
-29.25,-9.25,1991.7
-28.75,-9.25,2076.97
-28.25,-9.25,2159.36
-27.75,-9.25,2238.89
-27.25,-9.25,2315.64
-26.75,-9.25,2389.72
-26.25,-9.25,2461.27
-25.75,-9.25,2530.45
-25.25,-9.25,2597.44
-24.75,-9.25,2662.44
-24.25,-9.25,2725.66
-23.75,-9.25,2787.3
-23.25,-9.25,2847.6
-22.75,-9.25,2906.79
-22.25,-9.25,2965.11
-21.75,-9.25,3022.82
-21.25,-9.25,3080.14
-20.75,-9.25,3137.3
-20.25,-9.25,3194.51
-19.75,-9.25,3251.92
-19.25,-9.25,3309.65
-18.75,-9.25,3367.73
-18.25,-9.25,3426.13
-17.75,-9.25,3484.76
-17.25,-9.25,3543.45
-16.75,-9.25,3601.99
-16.25,-9.25,3660.13
-15.75,-9.25,3717.63
-15.25,-9.25,3774.28
-14.75,-9.25,3829.9
-14.25,-9.25,3884.42
-13.75,-9.25,3937.82
-13.25,-9.25,3990.2
-12.75,-9.25,4041.75
-12.25,-9.25,4092.74
-11.75,-9.25,4143.49
-11.25,-9.25,4194.37
-10.75,-9.25,4245.76
-10.25,-9.25,4298.04
-9.75,-9.25,4351.55
-9.25,-9.25,4406.58
-8.75,-9.25,4463.4
-8.25,-9.25,4522.19
-7.75,-9.25,4583.14
-7.25,-9.25,4646.38
-6.75,-9.25,4712.04
-6.25,-9.25,4780.25
-5.75,-9.25,4851.17
-5.25,-9.25,4924.98
-4.75,-9.25,5001.87
-4.25,-9.25,5082.07
-3.75,-9.25,5165.81
-3.25,-9.25,5253.27
-2.75,-9.25,5344.63
-2.25,-9.25,5440
-1.75,-9.25,5539.39
-1.25,-9.25,5642.75
-0.75,-9.25,5749.94
-0.25,-9.25,5860.78
0.25,-9.25,5975.02
0.75,-9.25,6092.39
1.25,-9.25,6212.64
1.75,-9.25,6335.53
2.25,-9.25,6460.88
2.75,-9.25,6588.53
3.25,-9.25,6718.38
3.75,-9.25,6850.39
4.25,-9.25,6984.49
4.75,-9.25,7120.65
5.25,-9.25,7258.82
5.75,-9.25,7398.9
6.25,-9.25,7540.79
6.75,-9.25,7684.31
7.25,-9.25,7829.25
7.75,-9.25,7975.32
8.25,-9.25,8122.12
8.75,-9.25,8269.16
9.25,-9.25,8415.77
9.75,-9.25,8561.15
10.25,-9.25,8704.26
10.75,-9.25,8843.87
11.25,-9.25,8978.51
11.75,-9.25,9106.55
12.25,-9.25,9226.18
12.75,-9.25,9335.47
13.25,-9.25,9432.45
13.75,-9.25,9515.17
14.25,-9.25,9581.74
14.75,-9.25,9630.47
15.25,-9.25,9659.85
15.75,-9.25,9668.68
16.25,-9.25,9656.05
16.75,-9.25,9621.36
17.25,-9.25,9564.36
17.75,-9.25,9485.09
18.25,-9.25,9383.9
18.75,-9.25,9261.38
19.25,-9.25,9118.31
19.75,-9.25,8955.63
20.25,-9.25,8774.42
20.75,-9.25,8575.86
21.25,-9.25,8361.24
21.75,-9.25,8131.93
22.25,-9.25,7889.41
22.75,-9.25,7635.27
23.25,-9.25,7371.2
23.75,-9.25,7099.01
24.25,-9.25,6820.58
24.75,-9.25,6537.84
25.25,-9.25,6252.7
25.75,-9.25,5967.02
26.25,-9.25,5682.53
26.75,-9.25,5400.81
27.25,-9.25,5123.21
27.75,-9.25,4850.85
28.25,-9.25,4584.58
28.75,-9.25,4325.03
29.25,-9.25,4072.57
29.75,-9.25,3827.41
30.25,-9.25,3589.59
30.75,-9.25,3359.05
31.25,-9.25,3135.66
31.75,-9.25,2919.28
32.25,-9.25,2709.82
32.75,-9.25,2507.23
33.25,-9.25,2311.56
33.75,-9.25,2122.93
34.25,-9.25,1941.6
34.75,-9.25,1767.89
35.25,-9.25,1602.2
35.75,-9.25,1444.96
36.25,-9.25,1296.58
36.75,-9.25,1157.45
37.25,-9.25,1027.85
37.75,-9.25,907.962
38.25,-9.25,797.838
38.75,-9.25,697.395
39.25,-9.25,606.416
39.75,-9.25,524.567
40.25,-9.25,451.413
40.75,-9.25,386.442
41.25,-9.25,329.088
41.75,-9.25,278.75
42.25,-9.25,234.816
42.75,-9.25,196.675
43.25,-9.25,163.738
43.75,-9.25,135.441
44.25,-9.25,111.236
44.75,-9.25,90.6111
-44.75,-8.75,63.8785
-44.25,-8.75,70.7536
-43.75,-8.75,78.4921
-43.25,-8.75,87.7226
-42.75,-8.75,99.0333
-42.25,-8.75,112.923
-41.75,-8.75,129.949
-41.25,-8.75,150.719
-40.75,-8.75,175.878
-40.25,-8.75,206.078
-39.75,-8.75,241.954
-39.25,-8.75,284.074
-38.75,-8.75,332.907
-38.25,-8.75,388.776
-37.75,-8.75,451.83
-37.25,-8.75,522.017
-36.75,-8.75,599.076
-36.25,-8.75,682.534
-35.75,-8.75,771.73
-35.25,-8.75,865.848
-34.75,-8.75,963.962
-34.25,-8.75,1065.08
-33.75,-8.75,1168.21
-33.25,-8.75,1272.38
-32.75,-8.75,1376.7
-32.25,-8.75,1480.37
-31.75,-8.75,1582.74
-31.25,-8.75,1683.24
-30.75,-8.75,1781.46
-30.25,-8.75,1877.07
-29.75,-8.75,1969.84
-29.25,-8.75,2059.65
-28.75,-8.75,2146.42
-28.25,-8.75,2230.14
-27.75,-8.75,2310.84
-27.25,-8.75,2388.61
-26.75,-8.75,2463.57
-26.25,-8.75,2535.89
-25.75,-8.75,2605.74
-25.25,-8.75,2673.34
-24.75,-8.75,2738.92
-24.25,-8.75,2802.72
-23.75,-8.75,2864.98
-23.25,-8.75,2925.96
-22.75,-8.75,2985.9
-22.25,-8.75,3045.05
-21.75,-8.75,3103.65
-21.25,-8.75,3161.92
-20.75,-8.75,3220.06
-20.25,-8.75,3278.26
-19.75,-8.75,3336.64
-19.25,-8.75,3395.28
-18.75,-8.75,3454.21
-18.25,-8.75,3513.37
-17.75,-8.75,3572.66
-17.25,-8.75,3631.91
-16.75,-8.75,3690.9
-16.25,-8.75,3749.41
-15.75,-8.75,3807.22
-15.25,-8.75,3864.12
-14.75,-8.75,3919.99
-14.25,-8.75,3974.76
-13.75,-8.75,4028.45
-13.25,-8.75,4081.17
-12.75,-8.75,4133.12
-12.25,-8.75,4184.57
-11.75,-8.75,4235.86
-11.25,-8.75,4287.33
-10.75,-8.75,4339.36
-10.25,-8.75,4392.33
-9.75,-8.75,4446.58
-9.25,-8.75,4502.42
-8.75,-8.75,4560.13
-8.25,-8.75,4619.93
-7.75,-8.75,4682.03
-7.25,-8.75,4746.58
-6.75,-8.75,4813.75
-6.25,-8.75,4883.67
-5.75,-8.75,4956.51
-5.25,-8.75,5032.41
-4.75,-8.75,5111.55
-4.25,-8.75,5194.1
-3.75,-8.75,5280.2
-3.25,-8.75,5369.99
-2.75,-8.75,5463.55
-2.25,-8.75,5560.91
-1.75,-8.75,5662.04
-1.25,-8.75,5766.83
-0.75,-8.75,5875.13
-0.25,-8.75,5986.72
0.25,-8.75,6101.39
0.75,-8.75,6218.92
1.25,-8.75,6339.09
1.75,-8.75,6461.77
2.25,-8.75,6586.83
2.75,-8.75,6714.22
3.25,-8.75,6843.92
3.75,-8.75,6975.96
4.25,-8.75,7110.34
4.75,-8.75,7247.07
5.25,-8.75,7386.13
5.75,-8.75,7527.44
6.25,-8.75,7670.88
6.75,-8.75,7816.25
7.25,-8.75,7963.3
7.75,-8.75,8111.66
8.25,-8.75,8260.89
8.75,-8.75,8410.42
9.25,-8.75,8559.53
9.75,-8.75,8707.32
10.25,-8.75,8852.72
10.75,-8.75,8994.47
11.25,-8.75,9131.12
11.75,-8.75,9261.02
12.25,-8.75,9382.4
12.75,-8.75,9493.41
13.25,-8.75,9592.14
13.75,-8.75,9676.69
14.25,-8.75,9745.25
14.75,-8.75,9796.14
15.25,-8.75,9827.87
15.75,-8.75,9839.21
16.25,-8.75,9829.16
16.75,-8.75,9797.04
17.25,-8.75,9742.47
17.75,-8.75,9665.37
18.25,-8.75,9565.94
18.75,-8.75,9444.67
19.25,-8.75,9302.26
19.75,-8.75,9139.61
20.25,-8.75,8957.76
20.75,-8.75,8757.92
21.25,-8.75,8541.41
21.75,-8.75,8309.63
22.25,-8.75,8064.13
22.75,-8.75,7806.56
23.25,-8.75,7538.66
23.75,-8.75,7262.29
24.25,-8.75,6979.35
24.75,-8.75,6691.82
25.25,-8.75,6401.64
25.75,-8.75,6110.72
26.25,-8.75,5820.84
26.75,-8.75,5533.61
27.25,-8.75,5250.45
27.75,-8.75,4972.5
28.25,-8.75,4700.69
28.75,-8.75,4435.64
29.25,-8.75,4177.79
29.75,-8.75,3927.32
30.25,-8.75,3684.28
30.75,-8.75,3448.6
31.25,-8.75,3220.15
31.75,-8.75,2998.76
32.25,-8.75,2784.34
32.75,-8.75,2576.83
33.25,-8.75,2376.28
33.75,-8.75,2182.85
34.25,-8.75,1996.81
34.75,-8.75,1818.5
35.25,-8.75,1648.37
35.75,-8.75,1486.86
36.25,-8.75,1334.43
36.75,-8.75,1191.47
37.25,-8.75,1058.28
37.75,-8.75,935.059
38.25,-8.75,821.856
38.75,-8.75,718.582
39.25,-8.75,625.016
39.75,-8.75,540.813
40.25,-8.75,465.53
40.75,-8.75,398.645
41.25,-8.75,339.578
41.75,-8.75,287.72
42.25,-8.75,242.444
42.75,-8.75,203.128
43.25,-8.75,169.169
43.75,-8.75,139.989
44.25,-8.75,115.023
44.75,-8.75,93.7451
-44.75,-8.25,65.6626
-44.25,-8.25,72.8371
-43.75,-8.25,80.9343
-43.25,-8.25,90.6058
-42.75,-8.25,102.463
-42.25,-8.25,117.028
-41.75,-8.25,134.881
-41.25,-8.25,156.657
-40.75,-8.25,183.021
-40.25,-8.25,214.649
-39.75,-8.25,252.188
-39.25,-8.25,296.217
-38.75,-8.25,347.205
-38.25,-8.25,405.468
-37.75,-8.25,471.142
-37.25,-8.25,544.151
-36.75,-8.25,624.206
-36.25,-8.25,710.798
-35.75,-8.25,803.226
-35.25,-8.25,900.632
-34.75,-8.25,1002.05
-34.25,-8.25,1106.44
-33.75,-8.25,1212.76
-33.25,-8.25,1320.02
-32.75,-8.25,1427.29
-32.25,-8.25,1533.76
-31.75,-8.25,1638.75
-31.25,-8.25,1741.7
-30.75,-8.25,1842.18
-30.25,-8.25,1939.88
-29.75,-8.25,2034.57
-29.25,-8.25,2126.12
-28.75,-8.25,2214.46
-28.25,-8.25,2299.59
-27.75,-8.25,2381.55
-27.25,-8.25,2460.43
-26.75,-8.25,2536.38
-26.25,-8.25,2609.56
-25.75,-8.25,2680.19
-25.25,-8.25,2748.5
-24.75,-8.25,2814.75
-24.25,-8.25,2879.2
-23.75,-8.25,2942.12
-23.25,-8.25,3003.79
-22.75,-8.25,3064.45
-22.25,-8.25,3124.35
-21.75,-8.25,3183.71
-21.25,-8.25,3242.76
-20.75,-8.25,3301.67
-20.25,-8.25,3360.59
-19.75,-8.25,3419.64
-19.25,-8.25,3478.89
-18.75,-8.25,3538.33
-18.25,-8.25,3597.91
-17.75,-8.25,3657.52
-17.25,-8.25,3716.99
-16.75,-8.25,3776.13
-16.25,-8.25,3834.74
-15.75,-8.25,3892.61
-15.25,-8.25,3949.59
-14.75,-8.25,4005.56
-14.25,-8.25,4060.51
-13.75,-8.25,4114.47
-13.25,-8.25,4167.58
-12.75,-8.25,4220.04
-12.25,-8.25,4272.11
-11.75,-8.25,4324.11
-11.25,-8.25,4376.38
-10.75,-8.25,4429.26
-10.25,-8.25,4483.12
-9.75,-8.25,4538.29
-9.25,-8.25,4595.09
-8.75,-8.25,4653.8
-8.25,-8.25,4714.68
-7.75,-8.25,4777.94
-7.25,-8.25,4843.79
-6.75,-8.25,4912.42
-6.25,-8.25,4983.97
-5.75,-8.25,5058.62
-5.25,-8.25,5136.49
-4.75,-8.25,5217.71
-4.25,-8.25,5302.41
-3.75,-8.25,5390.65
-3.25,-8.25,5482.48
-2.75,-8.25,5577.92
-2.25,-8.25,5676.9
-1.75,-8.25,5779.33
-1.25,-8.25,5885.06
-0.75,-8.25,5993.92
-0.25,-8.25,6105.73
0.25,-8.25,6220.28
0.75,-8.25,6337.44
1.25,-8.25,6457.09
1.75,-8.25,6579.16
2.25,-8.25,6703.67
2.75,-8.25,6830.64
3.25,-8.25,6960.15
3.75,-8.25,7092.3
4.25,-8.25,7227.16
4.75,-8.25,7364.77
5.25,-8.25,7505.1
5.75,-8.25,7648.08
6.25,-8.25,7793.54
6.75,-8.25,7941.22
7.25,-8.25,8090.8
7.75,-8.25,8241.84
8.25,-8.25,8393.8
8.75,-8.25,8546.01
9.25,-8.25,8697.67
9.75,-8.25,8847.83
10.25,-8.25,8995.37
10.75,-8.25,9138.99
11.25,-8.25,9277.24
11.75,-8.25,9408.52
12.25,-8.25,9531.13
12.75,-8.25,9643.26
13.25,-8.25,9743.11
13.75,-8.25,9828.88
14.25,-8.25,9898.83
14.75,-8.25,9951.33
15.25,-8.25,9984.93
15.75,-8.25,9998.34
16.25,-8.25,9990.53
16.75,-8.25,9960.72
17.25,-8.25,9908.42
17.75,-8.25,9833.41
18.25,-8.25,9735.78
18.75,-8.25,9615.89
19.25,-8.25,9474.37
19.75,-8.25,9312.06
20.25,-8.25,9129.98
20.75,-8.25,8929.33
21.25,-8.25,8711.47
21.75,-8.25,8477.86
22.25,-8.25,8230.06
22.75,-8.25,7969.78
23.25,-8.25,7698.79
23.75,-8.25,7418.97
24.25,-8.25,7132.26
24.75,-8.25,6840.63
25.25,-8.25,6546.06
25.75,-8.25,6250.48
26.25,-8.25,5955.68
26.75,-8.25,5663.34
27.25,-8.25,5374.89
27.75,-8.25,5091.56
28.25,-8.25,4814.3
28.75,-8.25,4543.82
29.25,-8.25,4280.57
29.75,-8.25,4024.77
30.25,-8.25,3776.49
30.75,-8.25,3535.66
31.25,-8.25,3302.15
31.75,-8.25,3075.81
32.25,-8.25,2856.52
32.75,-8.25,2644.23
33.25,-8.25,2438.98
33.75,-8.25,2240.94
34.25,-8.25,2050.39
34.75,-8.25,1867.71
35.25,-8.25,1693.34
35.75,-8.25,1527.77
36.25,-8.25,1371.46
36.75,-8.25,1224.81
37.25,-8.25,1088.17
37.75,-8.25,961.712
38.25,-8.25,845.504
38.75,-8.25,739.457
39.25,-8.25,643.348
39.75,-8.25,556.829
40.25,-8.25,479.45
40.75,-8.25,410.681
41.25,-8.25,349.936
41.75,-8.25,296.595
42.25,-8.25,250.018
42.75,-8.25,209.569
43.25,-8.25,174.631
43.75,-8.25,144.608
44.25,-8.25,118.92
44.75,-8.25,97.0231
-44.75,-7.75,67.1763
-44.25,-7.75,74.6302
-43.75,-7.75,83.0679
-43.25,-7.75,93.1614
-42.75,-7.75,105.543
-42.25,-7.75,120.756
-41.75,-7.75,139.403
-41.25,-7.75,162.139
-40.75,-7.75,189.652
-40.25,-7.75,222.634
-39.75,-7.75,261.746
-39.25,-7.75,307.573
-38.75,-7.75,360.587
-38.25,-7.75,421.099
-37.75,-7.75,489.232
-37.25,-7.75,564.895
-36.75,-7.75,647.774
-36.25,-7.75,737.333
-35.75,-7.75,832.839
-35.25,-7.75,933.397
-34.75,-7.75,1038
-34.25,-7.75,1145.57
-33.75,-7.75,1255.04
-33.25,-7.75,1365.36
-32.75,-7.75,1475.59
-32.25,-7.75,1584.87
-31.75,-7.75,1692.52
-31.25,-7.75,1797.96
-30.75,-7.75,1900.76
-30.25,-7.75,2000.59
-29.75,-7.75,2097.24
-29.25,-7.75,2190.57
-28.75,-7.75,2280.53
-28.25,-7.75,2367.12
-27.75,-7.75,2450.4
-27.25,-7.75,2530.48
-26.75,-7.75,2607.49
-26.25,-7.75,2681.65
-25.75,-7.75,2753.18
-25.25,-7.75,2822.32
-24.75,-7.75,2889.37
-24.25,-7.75,2954.58
-23.75,-7.75,3018.25
-23.25,-7.75,3080.63
-22.75,-7.75,3141.99
-22.25,-7.75,3202.56
-21.75,-7.75,3262.55
-21.25,-7.75,3322.16
-20.75,-7.75,3381.57
-20.25,-7.75,3440.9
-19.75,-7.75,3500.26
-19.25,-7.75,3559.72
-18.75,-7.75,3619.27
-18.25,-7.75,3678.86
-17.75,-7.75,3738.4
-17.25,-7.75,3797.75
-16.75,-7.75,3856.72
-16.25,-7.75,3915.15
-15.75,-7.75,3972.88
-15.25,-7.75,4029.78
-14.75,-7.75,4085.79
-14.25,-7.75,4140.91
-13.75,-7.75,4195.2
-13.25,-7.75,4248.81
-12.75,-7.75,4301.94
-12.25,-7.75,4354.83
-11.75,-7.75,4407.78
-11.25,-7.75,4461.1
-10.75,-7.75,4515.09
-10.25,-7.75,4570.09
-9.75,-7.75,4626.4
-9.25,-7.75,4684.34
-8.75,-7.75,4744.19
-8.25,-7.75,4806.22
-7.75,-7.75,4870.68
-7.25,-7.75,4937.81
-6.75,-7.75,5007.81
-6.25,-7.75,5080.87
-5.75,-7.75,5157.14
-5.25,-7.75,5236.74
-4.75,-7.75,5319.78
-4.25,-7.75,5406.31
-3.75,-7.75,5496.32
-3.25,-7.75,5589.79
-2.75,-7.75,5686.64
-2.25,-7.75,5786.74
-1.75,-7.75,5889.94
-1.25,-7.75,5996.08
-0.75,-7.75,6104.97
-0.25,-7.75,6216.47
0.25,-7.75,6330.45
0.75,-7.75,6446.86
1.25,-7.75,6565.69
1.75,-7.75,6686.99
2.25,-7.75,6810.88
2.75,-7.75,6937.51
3.25,-7.75,7067.03
3.75,-7.75,7199.6
4.25,-7.75,7335.34
4.75,-7.75,7474.29
5.25,-7.75,7616.42
5.75,-7.75,7761.6
6.25,-7.75,7909.6
6.75,-7.75,8060.1
7.25,-7.75,8212.66
7.75,-7.75,8366.73
8.25,-7.75,8521.67
8.75,-7.75,8676.72
9.25,-7.75,8830.98
9.75,-7.75,8983.43
10.25,-7.75,9132.91
10.75,-7.75,9278.09
11.25,-7.75,9417.56
11.75,-7.75,9549.75
12.25,-7.75,9673.04
12.75,-7.75,9785.72
13.25,-7.75,9886.1
13.75,-7.75,9972.47
14.25,-7.75,10043.2
14.75,-7.75,10096.7
15.25,-7.75,10131.6
15.75,-7.75,10146.6
16.25,-7.75,10140.6
16.75,-7.75,10112.7
17.25,-7.75,10062.3
17.75,-7.75,9989.21
18.25,-7.75,9893.26
18.75,-7.75,9774.74
19.25,-7.75,9634.18
19.75,-7.75,9472.37
20.25,-7.75,9290.31
20.75,-7.75,9089.21
21.25,-7.75,8870.42
21.75,-7.75,8635.42
22.25,-7.75,8385.86
22.75,-7.75,8123.43
23.25,-7.75,7849.94
23.75,-7.75,7567.29
24.25,-7.75,7277.42
24.75,-7.75,6982.31
25.25,-7.75,6683.92
25.75,-7.75,6384.19
26.25,-7.75,6084.94
26.75,-7.75,5787.86
27.25,-7.75,5494.46
27.75,-7.75,5206
28.25,-7.75,4923.49
28.75,-7.75,4647.71
29.25,-7.75,4379.15
29.75,-7.75,4118.1
30.25,-7.75,3864.66
30.75,-7.75,3618.79
31.25,-7.75,3380.36
31.75,-7.75,3149.23
32.25,-7.75,2925.28
32.75,-7.75,2708.46
33.25,-7.75,2498.8
33.75,-7.75,2296.48
34.25,-7.75,2101.76
34.75,-7.75,1915.03
35.25,-7.75,1736.75
35.75,-7.75,1567.41
36.25,-7.75,1407.48
36.75,-7.75,1257.39
37.25,-7.75,1117.47
37.75,-7.75,987.923
38.25,-7.75,868.824
38.75,-7.75,760.087
39.25,-7.75,661.495
39.75,-7.75,572.701
40.25,-7.75,493.258
40.75,-7.75,422.633
41.25,-7.75,360.235
41.75,-7.75,305.436
42.25,-7.75,257.586
42.75,-7.75,216.035
43.25,-7.75,180.149
43.75,-7.75,149.317
44.25,-7.75,122.937
44.75,-7.75,100.449
-44.75,-7.25,68.4146
-44.25,-7.25,76.1335
-43.75,-7.25,84.8982
-43.25,-7.25,95.399
-42.75,-7.25,108.287
-42.25,-7.25,124.124
-41.75,-7.25,143.532
-41.25,-7.25,167.186
-40.75,-7.25,195.792
-40.25,-7.25,230.057
-39.75,-7.25,270.653
-39.25,-7.25,318.173
-38.75,-7.25,373.089
-38.25,-7.25,435.711
-37.75,-7.25,506.152
-37.25,-7.25,584.307
-36.75,-7.25,669.845
-36.25,-7.25,762.208
-35.75,-7.25,860.636
-35.25,-7.25,964.203
-34.75,-7.25,1071.87
-34.25,-7.25,1182.52
-33.75,-7.25,1295.04
-33.25,-7.25,1408.36
-32.75,-7.25,1521.49
-32.25,-7.25,1633.55
-31.75,-7.25,1743.83
-31.25,-7.25,1851.74
-30.75,-7.25,1956.82
-30.25,-7.25,2058.75
-29.75,-7.25,2157.32
-29.25,-7.25,2252.41
-28.75,-7.25,2343.97
-28.25,-7.25,2432.01
-27.75,-7.25,2516.62
-27.25,-7.25,2597.92
-26.75,-7.25,2676.07
-26.25,-7.25,2751.3
-25.75,-7.25,2823.85
-25.25,-7.25,2893.97
-24.75,-7.25,2961.95
-24.25,-7.25,3028.05
-23.75,-7.25,3092.57
-23.25,-7.25,3155.73
-22.75,-7.25,3217.8
-22.25,-7.25,3278.97
-21.75,-7.25,3339.45
-21.25,-7.25,3399.41
-20.75,-7.25,3459.03
-20.25,-7.25,3518.43
-19.75,-7.25,3577.71
-19.25,-7.25,3636.95
-18.75,-7.25,3696.17
-18.25,-7.25,3755.35
-17.75,-7.25,3814.41
-17.25,-7.25,3873.25
-16.75,-7.25,3931.73
-16.25,-7.25,3989.72
-15.75,-7.25,4047.12
-15.25,-7.25,4103.83
-14.75,-7.25,4159.82
-14.25,-7.25,4215.14
-13.75,-7.25,4269.86
-13.25,-7.25,4324.12
-12.75,-7.25,4378.13
-12.25,-7.25,4432.09
-11.75,-7.25,4486.27
-11.25,-7.25,4540.91
-10.75,-7.25,4596.3
-10.25,-7.25,4652.7
-9.75,-7.25,4710.41
-9.25,-7.25,4769.7
-8.75,-7.25,4830.85
-8.25,-7.25,4894.14
-7.75,-7.25,4959.86
-7.25,-7.25,5028.24
-6.75,-7.25,5099.54
-6.25,-7.25,5173.94
-5.75,-7.25,5251.62
-5.25,-7.25,5332.67
-4.75,-7.25,5417.17
-4.25,-7.25,5505.11
-3.75,-7.25,5596.42
-3.25,-7.25,5691.01
-2.75,-7.25,5788.71
-2.25,-7.25,5889.36
-1.75,-7.25,5992.76
-1.25,-7.25,6098.74
-0.75,-7.25,6207.15
-0.25,-7.25,6317.9
0.25,-7.25,6430.97
0.75,-7.25,6546.4
1.25,-7.25,6664.3
1.75,-7.25,6784.87
2.25,-7.25,6908.32
2.75,-7.25,7034.9
3.25,-7.25,7164.84
3.75,-7.25,7298.35
4.25,-7.25,7435.54
4.75,-7.25,7576.45
5.25,-7.25,7721
5.75,-7.25,7868.99
6.25,-7.25,8020.11
6.75,-7.25,8173.92
7.25,-7.25,8329.88
7.75,-7.25,8487.31
8.25,-7.25,8645.46
8.75,-7.25,8803.45
9.25,-7.25,8960.31
9.75,-7.25,9114.94
10.25,-7.25,9266.14
10.75,-7.25,9412.6
11.25,-7.25,9552.89
11.75,-7.25,9685.54
12.25,-7.25,9809
12.75,-7.25,9921.69
13.25,-7.25,10022
13.75,-7.25,10108.4
14.25,-7.25,10179.3
14.75,-7.25,10233.2
15.25,-7.25,10268.8
15.75,-7.25,10284.8
16.25,-7.25,10280
16.75,-7.25,10253.6
17.25,-7.25,10204.8
17.75,-7.25,10133.2
18.25,-7.25,10038.7
18.75,-7.25,9921.35
19.25,-7.25,9781.69
19.75,-7.25,9620.41
20.25,-7.25,9438.48
20.75,-7.25,9237.09
21.25,-7.25,9017.6
21.75,-7.25,8781.53
22.25,-7.25,8530.53
22.75,-7.25,8266.33
23.25,-7.25,7990.76
23.75,-7.25,7705.71
24.25,-7.25,7413.13
24.75,-7.25,7114.98
25.25,-7.25,6813.22
25.75,-7.25,6509.77
26.25,-7.25,6206.49
26.75,-7.25,5905.07
27.25,-7.25,5607.05
27.75,-7.25,5313.75
28.25,-7.25,5026.26
28.75,-7.25,4745.41
29.25,-7.25,4471.76
29.75,-7.25,4205.67
30.25,-7.25,3947.28
30.75,-7.25,3696.59
31.25,-7.25,3453.5
31.75,-7.25,3217.88
32.25,-7.25,2989.61
32.75,-7.25,2768.62
33.25,-7.25,2554.97
33.75,-7.25,2348.78
34.25,-7.25,2150.33
34.75,-7.25,1959.99
35.25,-7.25,1778.22
35.75,-7.25,1605.49
36.25,-7.25,1442.28
36.75,-7.25,1289.04
37.25,-7.25,1146.09
37.75,-7.25,1013.66
38.25,-7.25,891.821
38.75,-7.25,780.506
39.25,-7.25,679.508
39.75,-7.25,588.493
40.25,-7.25,507.02
40.75,-7.25,434.561
41.25,-7.25,370.526
41.75,-7.25,314.282
42.25,-7.25,265.173
42.75,-7.25,222.537
43.25,-7.25,185.723
43.75,-7.25,154.101
44.25,-7.25,127.051
44.75,-7.25,103.991
-44.75,-6.75,69.4121
-44.25,-6.75,77.3859
-43.75,-6.75,86.4682
-43.25,-6.75,97.3649
-42.75,-6.75,110.745
-42.25,-6.75,127.185
-41.75,-6.75,147.327
-41.25,-6.75,171.862
-40.75,-6.75,201.512
-40.25,-6.75,236.997
-39.75,-6.75,279
-39.25,-6.75,328.121
-38.75,-6.75,384.833
-38.25,-6.75,449.443
-37.75,-6.75,522.057
-37.25,-6.75,602.562
-36.75,-6.75,690.61
-36.25,-6.75,785.624
-35.75,-6.75,886.82
-35.25,-6.75,993.245
-34.75,-6.75,1103.83
-34.25,-6.75,1217.42
-33.75,-6.75,1332.86
-33.25,-6.75,1449.05
-32.75,-6.75,1564.96
-32.25,-6.75,1679.68
-31.75,-6.75,1792.47
-31.25,-6.75,1902.72
-30.75,-6.75,2009.96
-30.25,-6.75,2113.87
-29.75,-6.75,2214.23
-29.25,-6.75,2310.95
-28.75,-6.75,2404
-28.25,-6.75,2493.4
-27.75,-6.75,2579.29
-27.25,-6.75,2661.79
-26.75,-6.75,2741.11
-26.25,-6.75,2817.48
-25.75,-6.75,2891.15
-25.25,-6.75,2962.37
-24.75,-6.75,3031.44
-24.25,-6.75,3098.59
-23.75,-6.75,3164.07
-23.25,-6.75,3228.11
-22.75,-6.75,3290.91
-22.25,-6.75,3352.65
-21.75,-6.75,3413.51
-21.25,-6.75,3473.64
-20.75,-6.75,3533.2
-20.25,-6.75,3592.33
-19.75,-6.75,3651.15
-19.25,-6.75,3709.76
-18.75,-6.75,3768.21
-18.25,-6.75,3826.54
-17.75,-6.75,3884.7
-17.25,-6.75,3942.66
-16.75,-6.75,4000.34
-16.25,-6.75,4057.65
-15.75,-6.75,4114.53
-15.25,-6.75,4170.95
-14.75,-6.75,4226.91
-14.25,-6.75,4282.47
-13.75,-6.75,4337.72
-13.25,-6.75,4392.81
-12.75,-6.75,4447.9
-12.25,-6.75,4503.18
-11.75,-6.75,4558.85
-11.25,-6.75,4615.11
-10.75,-6.75,4672.18
-10.25,-6.75,4730.28
-9.75,-6.75,4789.64
-9.25,-6.75,4850.5
-8.75,-6.75,4913.15
-8.25,-6.75,4977.86
-7.75,-6.75,5044.9
-7.25,-6.75,5114.55
-6.75,-6.75,5187.08
-6.25,-6.75,5262.69
-5.75,-6.75,5341.54
-5.25,-6.75,5423.73
-4.75,-6.75,5509.29
-4.25,-6.75,5598.17
-3.75,-6.75,5690.26
-3.25,-6.75,5785.39
-2.75,-6.75,5883.36
-2.25,-6.75,5983.95
-1.75,-6.75,6086.97
-1.25,-6.75,6192.27
-0.75,-6.75,6299.75
-0.25,-6.75,6409.42
0.25,-6.75,6521.36
0.75,-6.75,6635.74
1.25,-6.75,6752.8
1.75,-6.75,6872.85
2.25,-6.75,6996.22
2.75,-6.75,7123.24
3.25,-6.75,7254.2
3.75,-6.75,7389.29
4.25,-6.75,7528.63
4.75,-6.75,7672.2
5.25,-6.75,7819.85
5.75,-6.75,7971.3
6.25,-6.75,8126.11
6.75,-6.75,8283.72
7.25,-6.75,8443.45
7.75,-6.75,8604.53
8.25,-6.75,8766.05
8.75,-6.75,8927.06
9.25,-6.75,9086.49
9.75,-6.75,9243.16
10.25,-6.75,9395.88
10.75,-6.75,9543.3
11.25,-6.75,9684.07
11.75,-6.75,9816.77
12.25,-6.75,9939.96
12.75,-6.75,10052.2
13.25,-6.75,10151.9
13.75,-6.75,10237.7
14.25,-6.75,10308.2
14.75,-6.75,10361.9
15.25,-6.75,10397.6
15.75,-6.75,10414
16.25,-6.75,10409.9
16.75,-6.75,10384.3
17.25,-6.75,10336.6
17.75,-6.75,10266.1
18.25,-6.75,10172.6
18.75,-6.75,10056.3
19.25,-6.75,9917.31
19.75,-6.75,9756.44
20.25,-6.75,9574.59
20.75,-6.75,9372.92
21.25,-6.75,9152.8
21.75,-6.75,8915.77
22.25,-6.75,8663.47
22.75,-6.75,8397.68
23.25,-6.75,8120.22
23.75,-6.75,7833
24.25,-6.75,7537.95
24.75,-6.75,7237.03
25.25,-6.75,6932.2
25.75,-6.75,6625.38
26.25,-6.75,6318.4
26.75,-6.75,6012.98
27.25,-6.75,5710.7
27.75,-6.75,5412.93
28.25,-6.75,5120.8
28.75,-6.75,4835.21
29.25,-6.75,4556.81
29.75,-6.75,4286.01
30.25,-6.75,4023.01
30.75,-6.75,3767.86
31.25,-6.75,3520.49
31.75,-6.75,3280.79
32.25,-6.75,3048.64
32.75,-6.75,2823.97
33.25,-6.75,2606.81
33.75,-6.75,2397.28
34.25,-6.75,2195.62
34.75,-6.75,2002.18
35.25,-6.75,1817.4
35.75,-6.75,1641.74
36.25,-6.75,1475.67
36.75,-6.75,1319.63
37.25,-6.75,1173.95
37.75,-6.75,1038.87
38.25,-6.75,914.476
38.75,-6.75,800.718
39.25,-6.75,697.41
39.75,-6.75,604.235
40.25,-6.75,520.768
40.75,-6.75,446.495
41.25,-6.75,380.831
41.75,-6.75,323.146
42.25,-6.75,272.78
42.75,-6.75,229.059
43.25,-6.75,191.321
43.75,-6.75,158.917
44.25,-6.75,131.207
44.75,-6.75,107.588
-44.75,-6.25,70.2372
-44.25,-6.25,78.4588
-43.75,-6.25,87.8518
-43.25,-6.25,99.1359
-42.75,-6.25,112.996
-42.25,-6.25,130.025
-41.75,-6.25,150.879
-41.25,-6.25,176.265
-40.75,-6.25,206.921
-40.25,-6.25,243.578
-39.75,-6.25,286.929
-39.25,-6.25,337.578
-38.75,-6.25,396.001
-38.25,-6.25,462.503
-37.75,-6.25,537.183
-37.25,-6.25,619.915
-36.75,-6.25,710.341
-36.25,-6.25,807.861
-35.75,-6.25,911.671
-35.25,-6.25,1020.79
-34.75,-6.25,1134.11
-34.25,-6.25,1250.46
-33.75,-6.25,1368.64
-33.25,-6.25,1487.5
-32.75,-6.25,1605.99
-32.25,-6.25,1723.16
-31.75,-6.25,1838.24
-31.25,-6.25,1950.6
-30.75,-6.25,2059.77
-30.25,-6.25,2165.42
-29.75,-6.25,2267.35
-29.25,-6.25,2365.48
-28.75,-6.25,2459.81
-28.25,-6.25,2550.41
-27.75,-6.25,2637.43
-27.25,-6.25,2721.06
-26.75,-6.25,2801.51
-26.25,-6.25,2879.04
-25.75,-6.25,2953.91
-25.25,-6.25,3026.36
-24.75,-6.25,3096.66
-24.25,-6.25,3165.01
-23.75,-6.25,3231.61
-23.25,-6.25,3296.64
-22.75,-6.25,3360.25
-22.25,-6.25,3422.57
-21.75,-6.25,3483.74
-21.25,-6.25,3543.9
-20.75,-6.25,3603.19
-20.25,-6.25,3661.78
-19.75,-6.25,3719.8
-19.25,-6.25,3777.39
-18.75,-6.25,3834.68
-18.25,-6.25,3891.75
-17.75,-6.25,3948.65
-17.25,-6.25,4005.39
-16.75,-6.25,4061.96
-16.25,-6.25,4118.36
-15.75,-6.25,4174.57
-15.25,-6.25,4230.6
-14.75,-6.25,4286.5
-14.25,-6.25,4342.34
-13.75,-6.25,4398.22
-13.25,-6.25,4454.27
-12.75,-6.25,4510.63
-12.25,-6.25,4567.44
-11.75,-6.25,4624.84
-11.25,-6.25,4682.98
-10.75,-6.25,4741.99
-10.25,-6.25,4802.05
-9.75,-6.25,4863.31
-9.25,-6.25,4926
-8.75,-6.25,4990.36
-8.25,-6.25,5056.63
-7.75,-6.25,5125.11
-7.25,-6.25,5196.08
-6.75,-6.25,5269.8
-6.25,-6.25,5346.5
-5.75,-6.25,5426.32
-5.25,-6.25,5509.35
-4.75,-6.25,5595.59
-4.25,-6.25,5684.97
-3.75,-6.25,5777.31
-3.25,-6.25,5872.43
-2.75,-6.25,5970.08
-2.25,-6.25,6070.06
-1.75,-6.25,6172.19
-1.25,-6.25,6276.36
-0.75,-6.25,6382.58
-0.25,-6.25,6490.95
0.25,-6.25,6601.69
0.75,-6.25,6715.08
1.25,-6.25,6831.53
1.75,-6.25,6951.44
2.25,-6.25,7075.25
2.75,-6.25,7203.31
3.25,-6.25,7335.95
3.75,-6.25,7473.35
4.25,-6.25,7615.58
4.75,-6.25,7762.54
5.25,-6.25,7913.98
5.75,-6.25,8069.49
6.25,-6.25,8228.51
6.75,-6.25,8390.34
7.25,-6.25,8554.19
7.75,-6.25,8719.12
8.25,-6.25,8884.16
8.75,-6.25,9048.2
9.25,-6.25,9210.13
9.75,-6.25,9368.73
10.25,-6.25,9522.75
10.75,-6.25,9670.89
11.25,-6.25,9811.84
11.75,-6.25,9944.26
12.25,-6.25,10066.8
12.75,-6.25,10178.1
13.25,-6.25,10276.8
13.75,-6.25,10361.6
14.25,-6.25,10431.1
14.75,-6.25,10484.1
15.25,-6.25,10519.2
15.75,-6.25,10535.3
16.25,-6.25,10531.3
16.75,-6.25,10506.1
17.25,-6.25,10458.8
17.75,-6.25,10388.9
18.25,-6.25,10296.1
18.75,-6.25,10180.2
19.25,-6.25,10041.7
19.75,-6.25,9880.99
20.25,-6.25,9699.03
20.75,-6.25,9496.96
21.25,-6.25,9276.12
21.75,-6.25,9038.04
22.25,-6.25,8784.39
22.75,-6.25,8516.97
23.25,-6.25,8237.62
23.75,-6.25,7948.24
24.25,-6.25,7650.79
24.75,-6.25,7347.22
25.25,-6.25,7039.48
25.75,-6.25,6729.49
26.25,-6.25,6419.08
26.75,-6.25,6109.99
27.25,-6.25,5803.81
27.75,-6.25,5501.95
28.25,-6.25,5205.61
28.75,-6.25,4915.73
29.25,-6.25,4633.03
29.75,-6.25,4357.97
30.25,-6.25,4090.84
30.75,-6.25,3831.71
31.25,-6.25,3580.56
31.75,-6.25,3337.29
32.25,-6.25,3101.79
32.75,-6.25,2873.99
33.25,-6.25,2653.89
33.75,-6.25,2441.59
34.25,-6.25,2237.29
34.75,-6.25,2041.31
35.25,-6.25,1854.05
35.75,-6.25,1675.96
36.25,-6.25,1507.47
36.75,-6.25,1349.02
37.25,-6.25,1200.94
37.75,-6.25,1063.48
38.25,-6.25,936.739
38.75,-6.25,820.693
39.25,-6.25,715.183
39.75,-6.25,619.918
40.25,-6.25,534.498
40.75,-6.25,458.429
41.25,-6.25,391.14
41.75,-6.25,332.008
42.25,-6.25,280.374
42.75,-6.25,235.56
43.25,-6.25,196.89
43.75,-6.25,163.7
44.25,-6.25,135.331
44.75,-6.25,111.157
-44.75,-5.75,70.9821
-44.25,-5.75,79.4471
-43.75,-5.75,89.1456
-43.25,-5.75,100.811
-42.75,-5.75,115.144
-42.25,-5.75,132.751
-41.75,-5.75,154.303
-41.25,-5.75,180.523
-40.75,-5.75,212.16
-40.25,-5.75,249.957
-39.75,-5.75,294.615
-39.25,-5.75,346.744
-38.75,-5.75,406.818
-38.25,-5.75,475.138
-37.75,-5.75,551.796
-37.25,-5.75,636.655
-36.75,-5.75,729.337
-36.25,-5.75,829.225
-35.75,-5.75,935.487
-35.25,-5.75,1047.11
-34.75,-5.75,1162.97
-34.25,-5.75,1281.85
-33.75,-5.75,1402.51
-33.25,-5.75,1523.78
-32.75,-5.75,1644.55
-32.25,-5.75,1763.87
-31.75,-5.75,1880.92
-31.25,-5.75,1995.07
-30.75,-5.75,2105.83
-30.25,-5.75,2212.89
-29.75,-5.75,2316.06
-29.25,-5.75,2415.29
-28.75,-5.75,2510.62
-28.25,-5.75,2602.17
-27.75,-5.75,2690.13
-27.25,-5.75,2774.73
-26.75,-5.75,2856.24
-26.25,-5.75,2934.91
-25.75,-5.75,3011.02
-25.25,-5.75,3084.79
-24.75,-5.75,3156.44
-24.25,-5.75,3226.15
-23.75,-5.75,3294.04
-23.25,-5.75,3360.2
-22.75,-5.75,3424.73
-22.25,-5.75,3487.69
-21.75,-5.75,3549.17
-21.25,-5.75,3609.29
-20.75,-5.75,3668.17
-20.25,-5.75,3726.01
-19.75,-5.75,3782.97
-19.25,-5.75,3839.26
-18.75,-5.75,3895.07
-18.25,-5.75,3950.56
-17.75,-5.75,4005.86
-17.25,-5.75,4061.09
-16.75,-5.75,4116.32
-16.25,-5.75,4171.6
-15.75,-5.75,4226.99
-15.25,-5.75,4282.55
-14.75,-5.75,4338.35
-14.25,-5.75,4394.48
-13.75,-5.75,4451.04
-13.25,-5.75,4508.15
-12.75,-5.75,4565.9
-12.25,-5.75,4624.39
-11.75,-5.75,4683.69
-11.25,-5.75,4743.9
-10.75,-5.75,4805.06
-10.25,-5.75,4867.29
-9.75,-5.75,4930.69
-9.25,-5.75,4995.42
-8.75,-5.75,5061.68
-8.25,-5.75,5129.7
-7.75,-5.75,5199.75
-7.25,-5.75,5272.11
-6.75,-5.75,5347.03
-6.25,-5.75,5424.74
-5.75,-5.75,5505.37
-5.25,-5.75,5589
-4.75,-5.75,5675.61
-4.25,-5.75,5765.08
-3.75,-5.75,5857.24
-3.25,-5.75,5951.86
-2.75,-5.75,6048.72
-2.25,-5.75,6147.63
-1.75,-5.75,6248.46
-1.25,-5.75,6351.2
-0.75,-5.75,6455.95
-0.25,-5.75,6562.95
0.25,-5.75,6672.54
0.75,-5.75,6785.16
1.25,-5.75,6901.33
1.75,-5.75,7021.57
2.25,-5.75,7146.35
2.75,-5.75,7276.1
3.25,-5.75,7411.11
3.75,-5.75,7551.53
4.25,-5.75,7697.34
4.75,-5.75,7848.34
5.25,-5.75,8004.15
5.75,-5.75,8164.24
6.25,-5.75,8327.9
6.75,-5.75,8494.3
7.25,-5.75,8662.49
7.75,-5.75,8831.44
8.25,-5.75,9000.04
8.75,-5.75,9167.12
9.25,-5.75,9331.48
9.75,-5.75,9491.88
10.25,-5.75,9647.06
10.75,-5.75,9795.75
11.25,-5.75,9936.67
11.75,-5.75,10068.6
12.25,-5.75,10190.2
12.75,-5.75,10300.2
13.25,-5.75,10397.6
13.75,-5.75,10480.9
14.25,-5.75,10549
14.75,-5.75,10600.7
15.25,-5.75,10634.8
15.75,-5.75,10650.1
16.25,-5.75,10645.5
16.75,-5.75,10619.9
17.25,-5.75,10572.6
17.75,-5.75,10502.7
18.25,-5.75,10410
18.75,-5.75,10294.2
19.25,-5.75,10155.6
19.75,-5.75,9994.73
20.25,-5.75,9812.37
20.75,-5.75,9609.61
21.25,-5.75,9387.79
21.75,-5.75,9148.45
22.25,-5.75,8893.26
22.75,-5.75,8624.01
23.25,-5.75,8342.59
23.75,-5.75,8050.92
24.25,-5.75,7750.97
24.75,-5.75,7444.71
25.25,-5.75,7134.1
25.75,-5.75,6821.05
26.25,-5.75,6507.41
26.75,-5.75,6194.94
27.25,-5.75,5885.24
27.75,-5.75,5579.73
28.25,-5.75,5279.66
28.75,-5.75,4986.01
29.25,-5.75,4699.56
29.75,-5.75,4420.83
30.25,-5.75,4150.13
30.75,-5.75,3887.61
31.25,-5.75,3633.26
31.75,-5.75,3387.02
32.25,-5.75,3148.77
32.75,-5.75,2918.43
33.25,-5.75,2695.99
33.75,-5.75,2481.51
34.25,-5.75,2275.17
34.75,-5.75,2077.22
35.25,-5.75,1888.03
35.75,-5.75,1708
36.25,-5.75,1537.56
36.75,-5.75,1377.1
37.25,-5.75,1226.96
37.75,-5.75,1087.4
38.25,-5.75,958.529
38.75,-5.75,840.363
39.25,-5.75,732.769
39.75,-5.75,635.492
40.25,-5.75,548.163
40.75,-5.75,470.316
41.25,-5.75,401.404
41.75,-5.75,340.818
42.25,-5.75,287.903
42.75,-5.75,241.98
43.25,-5.75,202.364
43.75,-5.75,168.377
44.25,-5.75,139.341
44.75,-5.75,114.61
-44.75,-5.25,71.7507
-44.25,-5.25,80.4568
-43.75,-5.25,90.4579
-43.25,-5.25,102.501
-42.75,-5.25,117.303
-42.25,-5.25,135.483
-41.75,-5.25,157.727
-41.25,-5.25,184.772
-40.75,-5.25,217.378
-40.25,-5.25,256.3
-39.75,-5.25,302.244
-39.25,-5.25,355.821
-38.75,-5.25,417.506
-38.25,-5.25,487.591
-37.75,-5.25,566.158
-37.25,-5.25,653.052
-36.75,-5.25,747.876
-36.25,-5.25,849.987
-35.75,-5.25,958.526
-35.25,-5.25,1072.46
-34.75,-5.25,1190.61
-34.25,-5.25,1311.73
-33.75,-5.25,1434.57
-33.25,-5.25,1557.9
-32.75,-5.25,1680.59
-32.25,-5.25,1801.67
-31.75,-5.25,1920.3
-31.25,-5.25,2035.82
-30.75,-5.25,2147.76
-30.25,-5.25,2255.81
-29.75,-5.25,2359.83
-29.25,-5.25,2459.78
-28.75,-5.25,2555.76
-28.25,-5.25,2647.95
-27.75,-5.25,2736.6
-27.25,-5.25,2821.98
-26.75,-5.25,2904.41
-26.25,-5.25,2984.16
-25.75,-5.25,3061.51
-25.25,-5.25,3136.67
-24.75,-5.25,3209.8
-24.25,-5.25,3281
-23.75,-5.25,3350.32
-23.25,-5.25,3417.78
-22.75,-5.25,3483.36
-22.25,-5.25,3547.06
-21.75,-5.25,3608.92
-21.25,-5.25,3669
-20.75,-5.25,3727.43
-20.25,-5.25,3784.41
-19.75,-5.25,3840.16
-19.25,-5.25,3894.96
-18.75,-5.25,3949.07
-18.25,-5.25,4002.75
-17.75,-5.25,4056.25
-17.25,-5.25,4109.76
-16.75,-5.25,4163.45
-16.25,-5.25,4217.46
-15.75,-5.25,4271.91
-15.25,-5.25,4326.9
-14.75,-5.25,4382.55
-14.25,-5.25,4438.95
-13.75,-5.25,4496.2
-13.25,-5.25,4554.39
-12.75,-5.25,4613.57
-12.25,-5.25,4673.8
-11.75,-5.25,4735.1
-11.25,-5.25,4797.46
-10.75,-5.25,4860.91
-10.25,-5.25,4925.44
-9.75,-5.25,4991.13
-9.25,-5.25,5058.06
-8.75,-5.25,5126.39
-8.25,-5.25,5196.32
-7.75,-5.25,5268.08
-7.25,-5.25,5341.92
-6.75,-5.25,5418.09
-6.25,-5.25,5496.79
-5.75,-5.25,5578.14
-5.25,-5.25,5662.21
-4.75,-5.25,5748.94
-4.25,-5.25,5838.22
-3.75,-5.25,5929.87
-3.25,-5.25,6023.65
-2.75,-5.25,6119.39
-2.25,-5.25,6216.93
-1.75,-5.25,6316.24
-1.25,-5.25,6417.4
-0.75,-5.25,6520.64
-0.25,-5.25,6626.32
0.25,-5.25,6734.95
0.75,-5.25,6847.09
1.25,-5.25,6963.38
1.75,-5.25,7084.41
2.25,-5.25,7210.72
2.75,-5.25,7342.73
3.25,-5.25,7480.7
3.75,-5.25,7624.71
4.25,-5.25,7774.65
4.75,-5.25,7930.18
5.25,-5.25,8090.8
5.75,-5.25,8255.82
6.25,-5.25,8424.4
6.75,-5.25,8595.55
7.25,-5.25,8768.21
7.75,-5.25,8941.23
8.25,-5.25,9113.4
8.75,-5.25,9283.48
9.25,-5.25,9450.22
9.75,-5.25,9612.35
10.25,-5.25,9768.6
10.75,-5.25,9917.75
11.25,-5.25,10058.6
11.75,-5.25,10189.8
12.25,-5.25,10310.4
12.75,-5.25,10419.1
13.25,-5.25,10514.8
13.75,-5.25,10596.5
14.25,-5.25,10662.9
14.75,-5.25,10712.9
15.25,-5.25,10745.5
15.75,-5.25,10759.4
16.25,-5.25,10753.6
16.75,-5.25,10727.1
17.25,-5.25,10679
17.75,-5.25,10608.5
18.25,-5.25,10515.2
18.75,-5.25,10399
19.25,-5.25,10259.9
19.75,-5.25,10098.3
20.25,-5.25,9915.14
20.75,-5.25,9711.31
21.25,-5.25,9488.17
21.75,-5.25,9247.22
22.25,-5.25,8990.15
22.75,-5.25,8718.77
23.25,-5.25,8435
23.75,-5.25,8140.8
24.25,-5.25,7838.16
24.75,-5.25,7529.09
25.25,-5.25,7215.57
25.75,-5.25,6899.54
26.25,-5.25,6582.85
26.75,-5.25,6267.27
27.25,-5.25,5954.41
27.75,-5.25,5645.73
28.25,-5.25,5342.47
28.75,-5.25,5045.65
29.25,-5.25,4756.07
29.75,-5.25,4474.3
30.25,-5.25,4200.7
30.75,-5.25,3935.43
31.25,-5.25,3678.52
31.75,-5.25,3429.93
32.25,-5.25,3189.55
32.75,-5.25,2957.29
33.25,-5.25,2733.11
33.75,-5.25,2517.05
34.25,-5.25,2309.23
34.75,-5.25,2109.86
35.25,-5.25,1919.26
35.75,-5.25,1737.79
36.25,-5.25,1565.83
36.75,-5.25,1403.75
37.25,-5.25,1251.89
37.75,-5.25,1110.51
38.25,-5.25,979.736
38.75,-5.25,859.619
39.25,-5.25,750.064
39.75,-5.25,650.856
40.25,-5.25,561.669
40.75,-5.25,482.071
41.25,-5.25,411.544
41.75,-5.25,349.498
42.25,-5.25,295.292
42.75,-5.25,248.246
43.25,-5.25,207.67
43.75,-5.25,172.874
44.25,-5.25,143.163
44.75,-5.25,117.872
-44.75,-4.75,72.6438
-44.25,-4.75,81.5917
-43.75,-4.75,91.8948
-43.25,-4.75,104.315
-42.75,-4.75,119.584
-42.25,-4.75,138.338
-41.75,-4.75,161.275
-41.25,-4.75,189.143
-40.75,-4.75,222.717
-40.25,-4.75,262.758
-39.75,-4.75,309.977
-39.25,-4.75,364.985
-38.75,-4.75,428.251
-38.25,-4.75,500.058
-37.75,-4.75,580.469
-37.25,-4.75,669.31
-36.75,-4.75,766.156
-36.25,-4.75,870.336
-35.75,-4.75,980.959
-35.25,-4.75,1096.95
-34.75,-4.75,1217.12
-34.25,-4.75,1340.17
-33.75,-4.75,1464.82
-33.25,-4.75,1589.82
-32.75,-4.75,1714.02
-32.25,-4.75,1836.41
-31.75,-4.75,1956.15
-31.25,-4.75,2072.58
-30.75,-4.75,2185.23
-30.25,-4.75,2293.83
-29.75,-4.75,2398.24
-29.25,-4.75,2498.49
-28.75,-4.75,2594.75
-28.25,-4.75,2687.25
-27.75,-4.75,2776.3
-27.25,-4.75,2862.25
-26.75,-4.75,2945.44
-26.25,-4.75,3026.19
-25.75,-4.75,3104.75
-25.25,-4.75,3181.31
-24.75,-4.75,3255.99
-24.25,-4.75,3328.8
-23.75,-4.75,3399.71
-23.25,-4.75,3468.61
-22.75,-4.75,3535.39
-22.25,-4.75,3599.97
-21.75,-4.75,3662.31
-21.25,-4.75,3722.42
-20.75,-4.75,3780.44
-20.25,-4.75,3836.56
-19.75,-4.75,3891.07
-19.25,-4.75,3944.3
-18.75,-4.75,3996.62
-18.25,-4.75,4048.39
-17.75,-4.75,4099.95
-17.25,-4.75,4151.63
-16.75,-4.75,4203.67
-16.25,-4.75,4256.31
-15.75,-4.75,4309.74
-15.25,-4.75,4364.1
-14.75,-4.75,4419.54
-14.25,-4.75,4476.15
-13.75,-4.75,4534.04
-13.25,-4.75,4593.26
-12.75,-4.75,4653.84
-12.25,-4.75,4715.77
-11.75,-4.75,4779.02
-11.25,-4.75,4843.55
-10.75,-4.75,4909.28
-10.25,-4.75,4976.17
-9.75,-4.75,5044.21
-9.25,-4.75,5113.44
-8.75,-4.75,5183.95
-8.25,-4.75,5255.89
-7.75,-4.75,5329.46
-7.25,-4.75,5404.88
-6.75,-4.75,5482.35
-6.25,-4.75,5562.05
-5.75,-4.75,5644.1
-5.25,-4.75,5728.52
-4.75,-4.75,5815.26
-4.25,-4.75,5904.2
-3.75,-4.75,5995.16
-3.25,-4.75,6087.95
-2.75,-4.75,6182.42
-2.25,-4.75,6278.5
-1.75,-4.75,6376.25
-1.25,-4.75,6475.86
-0.75,-4.75,6577.7
-0.25,-4.75,6682.28
0.25,-4.75,6790.22
0.75,-4.75,6902.23
1.25,-4.75,7019.02
1.75,-4.75,7141.27
2.25,-4.75,7269.54
2.75,-4.75,7404.25
3.25,-4.75,7545.59
3.75,-4.75,7693.56
4.25,-4.75,7847.94
4.75,-4.75,8008.27
5.25,-4.75,8173.89
5.75,-4.75,8343.98
6.25,-4.75,8517.54
6.75,-4.75,8693.47
7.25,-4.75,8870.57
7.75,-4.75,9047.61
8.25,-4.75,9223.28
8.75,-4.75,9396.3
9.25,-4.75,9565.37
9.75,-4.75,9729.2
10.25,-4.75,9886.54
10.75,-4.75,10036.2
11.25,-4.75,10176.9
11.75,-4.75,10307.6
12.25,-4.75,10427.2
12.75,-4.75,10534.6
13.25,-4.75,10628.7
13.75,-4.75,10708.6
14.25,-4.75,10773.1
14.75,-4.75,10821.2
15.25,-4.75,10851.9
15.75,-4.75,10864
16.25,-4.75,10856.5
16.75,-4.75,10828.4
17.25,-4.75,10778.9
17.75,-4.75,10707.1
18.25,-4.75,10612.7
18.75,-4.75,10495.3
19.25,-4.75,10355.1
19.75,-4.75,10192.3
20.25,-4.75,10007.8
20.75,-4.75,9802.44
21.25,-4.75,9577.53
21.75,-4.75,9334.57
22.25,-4.75,9075.25
22.75,-4.75,8801.4
23.25,-4.75,8514.97
23.75,-4.75,8217.96
24.25,-4.75,7912.42
24.75,-4.75,7600.4
25.25,-4.75,7283.93
25.75,-4.75,6964.97
26.25,-4.75,6645.4
26.75,-4.75,6327
27.25,-4.75,6011.38
27.75,-4.75,5700
28.25,-4.75,5394.11
28.75,-4.75,5094.73
29.25,-4.75,4802.69
29.75,-4.75,4518.56
30.25,-4.75,4242.72
30.75,-4.75,3975.36
31.25,-4.75,3716.55
31.75,-4.75,3466.24
32.25,-4.75,3224.33
32.75,-4.75,2990.75
33.25,-4.75,2765.41
33.75,-4.75,2548.31
34.25,-4.75,2339.55
34.75,-4.75,2139.28
35.25,-4.75,1947.76
35.75,-4.75,1765.29
36.25,-4.75,1592.21
36.75,-4.75,1428.88
37.25,-4.75,1275.62
37.75,-4.75,1132.67
38.25,-4.75,1000.21
38.75,-4.75,878.311
39.25,-4.75,766.92
39.75,-4.75,665.872
40.25,-4.75,574.886
40.75,-4.75,493.574
41.25,-4.75,421.451
41.75,-4.75,357.956
42.25,-4.75,302.457
42.75,-4.75,254.284
43.25,-4.75,212.743
43.75,-4.75,177.132
44.25,-4.75,146.74
44.75,-4.75,120.884
-44.75,-4.25,73.7423
-44.25,-4.25,82.9363
-43.75,-4.25,93.5436
-43.25,-4.25,106.342
-42.75,-4.25,122.082
-42.25,-4.25,141.411
-41.75,-4.25,165.042
-41.25,-4.25,193.737
-40.75,-4.25,228.279
-40.25,-4.25,269.436
-39.75,-4.25,317.921
-39.25,-4.25,374.344
-38.75,-4.25,439.162
-38.25,-4.25,512.644
-37.75,-4.25,594.832
-37.25,-4.25,685.521
-36.75,-4.25,784.258
-36.25,-4.25,890.337
-35.75,-4.25,1002.83
-35.25,-4.25,1120.63
-34.75,-4.25,1242.5
-34.25,-4.25,1367.13
-33.75,-4.25,1493.21
-33.25,-4.25,1619.45
-32.75,-4.25,1744.7
-32.25,-4.25,1867.93
-31.75,-4.25,1988.29
-31.25,-4.25,2105.15
-30.75,-4.25,2218.03
-30.25,-4.25,2326.7
-29.75,-4.25,2431.07
-29.25,-4.25,2531.22
-28.75,-4.25,2627.39
-28.25,-4.25,2719.87
-27.75,-4.25,2809.05
-27.25,-4.25,2895.34
-26.75,-4.25,2979.12
-26.25,-4.25,3060.74
-25.75,-4.25,3140.45
-25.25,-4.25,3218.42
-24.75,-4.25,3294.68
-24.25,-4.25,3369.17
-23.75,-4.25,3441.75
-23.25,-4.25,3512.22
-22.75,-4.25,3580.34
-22.25,-4.25,3645.93
-21.75,-4.25,3708.88
-21.25,-4.25,3769.15
-20.75,-4.25,3826.86
-20.25,-4.25,3882.21
-19.75,-4.25,3935.54
-19.25,-4.25,3987.25
-18.75,-4.25,4037.81
-18.25,-4.25,4087.68
-17.75,-4.25,4137.32
-17.25,-4.25,4187.15
-16.75,-4.25,4237.54
-16.25,-4.25,4288.78
-15.75,-4.25,4341.15
-15.25,-4.25,4394.83
-14.75,-4.25,4450
-14.25,-4.25,4506.75
-13.75,-4.25,4565.18
-13.25,-4.25,4625.32
-12.75,-4.25,4687.17
-12.25,-4.25,4750.68
-11.75,-4.25,4815.77
-11.25,-4.25,4882.33
-10.75,-4.25,4950.24
-10.25,-4.25,5019.42
-9.75,-4.25,5089.77
-9.25,-4.25,5161.27
-8.75,-4.25,5233.98
-8.25,-4.25,5307.97
-7.75,-4.25,5383.4
-7.25,-4.25,5460.44
-6.75,-4.25,5539.25
-6.25,-4.25,5619.99
-5.75,-4.25,5702.74
-5.25,-4.25,5787.52
-4.75,-4.25,5874.26
-4.25,-4.25,5962.84
-3.75,-4.25,6053.12
-3.25,-4.25,6144.94
-2.75,-4.25,6238.21
-2.25,-4.25,6332.95
-1.75,-4.25,6429.3
-1.25,-4.25,6527.6
-0.75,-4.25,6628.32
-0.25,-4.25,6732.1
0.25,-4.25,6839.71
0.75,-4.25,6951.94
1.25,-4.25,7069.59
1.75,-4.25,7193.38
2.25,-4.25,7323.9
2.75,-4.25,7461.51
3.25,-4.25,7606.38
3.75,-4.25,7758.41
4.25,-4.25,7917.26
4.75,-4.25,8082.35
5.25,-4.25,8252.89
5.75,-4.25,8427.9
6.25,-4.25,8606.27
6.75,-4.25,8786.79
7.25,-4.25,8968.15
7.75,-4.25,9149.03
8.25,-4.25,9328.07
8.75,-4.25,9503.94
9.25,-4.25,9675.3
9.75,-4.25,9840.87
10.25,-4.25,9999.4
10.75,-4.25,10149.7
11.25,-4.25,10290.6
11.75,-4.25,10421
12.25,-4.25,10539.8
12.75,-4.25,10646.1
13.25,-4.25,10738.9
13.75,-4.25,10817.1
14.25,-4.25,10879.7
14.75,-4.25,10925.8
15.25,-4.25,10954.3
15.75,-4.25,10964.3
16.25,-4.25,10954.7
16.75,-4.25,10924.5
17.25,-4.25,10872.9
17.75,-4.25,10799.2
18.25,-4.25,10702.9
18.75,-4.25,10583.8
19.25,-4.25,10441.7
19.75,-4.25,10277.1
20.25,-4.25,10090.7
20.75,-4.25,9883.25
21.25,-4.25,9656.11
21.75,-4.25,9410.72
22.25,-4.25,9148.77
22.75,-4.25,8872.12
23.25,-4.25,8582.75
23.75,-4.25,8282.71
24.25,-4.25,7974.12
24.75,-4.25,7659.07
25.25,-4.25,7339.65
25.75,-4.25,7017.86
26.25,-4.25,6695.61
26.75,-4.25,6374.69
27.25,-4.25,6056.71
27.75,-4.25,5743.12
28.25,-4.25,5435.16
28.75,-4.25,5133.84
29.25,-4.25,4839.97
29.75,-4.25,4554.13
30.25,-4.25,4276.7
30.75,-4.25,4007.91
31.25,-4.25,3747.8
31.75,-4.25,3496.36
32.25,-4.25,3253.5
32.75,-4.25,3019.12
33.25,-4.25,2793.13
33.75,-4.25,2575.5
34.25,-4.25,2366.27
34.75,-4.25,2165.54
35.25,-4.25,1973.52
35.75,-4.25,1790.45
36.25,-4.25,1616.62
36.75,-4.25,1452.37
37.25,-4.25,1297.97
37.75,-4.25,1153.71
38.25,-4.25,1019.77
38.75,-4.25,896.249
39.25,-4.25,783.152
39.75,-4.25,680.364
40.25,-4.25,587.654
40.75,-4.25,504.682
41.25,-4.25,431.004
41.75,-4.25,366.086
42.25,-4.25,309.315
42.75,-4.25,260.027
43.25,-4.25,217.527
43.75,-4.25,181.105
44.25,-4.25,150.034
44.75,-4.25,123.616
-44.75,-3.75,75.0887
-44.25,-3.75,84.5368
-43.75,-3.75,95.453
-43.25,-3.75,108.633
-42.75,-3.75,124.845
-42.25,-3.75,144.751
-41.75,-3.75,169.077
-41.25,-3.75,198.596
-40.75,-3.75,234.1
-40.25,-3.75,276.362
-39.75,-3.75,326.097
-39.25,-3.75,383.906
-38.75,-3.75,450.236
-38.25,-3.75,525.333
-37.75,-3.75,609.212
-37.25,-3.75,701.638
-36.75,-3.75,802.118
-36.25,-3.75,909.907
-35.75,-3.75,1024.04
-35.25,-3.75,1143.37
-34.75,-3.75,1266.62
-34.25,-3.75,1392.47
-33.75,-3.75,1519.57
-33.25,-3.75,1646.62
-32.75,-3.75,1772.46
-32.25,-3.75,1896.06
-31.75,-3.75,2016.58
-31.25,-3.75,2133.39
-30.75,-3.75,2246.06
-30.25,-3.75,2354.37
-29.75,-3.75,2458.3
-29.25,-3.75,2558
-28.75,-3.75,2653.74
-28.25,-3.75,2745.92
-27.75,-3.75,2834.99
-27.25,-3.75,2921.41
-26.75,-3.75,3005.63
-26.25,-3.75,3088
-25.75,-3.75,3168.78
-25.25,-3.75,3248.08
-24.75,-3.75,3325.9
-24.25,-3.75,3402.09
-23.75,-3.75,3476.38
-23.25,-3.75,3548.46
-22.75,-3.75,3618.01
-22.25,-3.75,3684.72
-21.75,-3.75,3748.4
-21.25,-3.75,3808.97
-20.75,-3.75,3866.51
-20.25,-3.75,3921.25
-19.75,-3.75,3973.56
-19.25,-3.75,4023.9
-18.75,-3.75,4072.84
-18.25,-3.75,4120.95
-17.75,-3.75,4168.78
-17.25,-3.75,4216.87
-16.75,-3.75,4265.68
-16.25,-3.75,4315.59
-15.75,-3.75,4366.93
-15.25,-3.75,4419.93
-14.75,-3.75,4474.78
-14.25,-3.75,4531.6
-13.75,-3.75,4590.45
-13.25,-3.75,4651.36
-12.75,-3.75,4714.29
-12.25,-3.75,4779.16
-11.75,-3.75,4845.86
-11.25,-3.75,4914.23
-10.75,-3.75,4984.12
-10.25,-3.75,5055.37
-9.75,-3.75,5127.86
-9.25,-3.75,5201.52
-8.75,-3.75,5276.31
-8.25,-3.75,5352.29
-7.75,-3.75,5429.54
-7.25,-3.75,5508.18
-6.75,-3.75,5588.34
-6.25,-3.75,5670.13
-5.75,-3.75,5753.61
-5.25,-3.75,5838.78
-4.75,-3.75,5925.6
-4.25,-3.75,6013.94
-3.75,-3.75,6103.69
-3.25,-3.75,6194.75
-2.75,-3.75,6287.08
-2.25,-3.75,6380.79
-1.75,-3.75,6476.12
-1.25,-3.75,6573.5
-0.75,-3.75,6673.53
-0.25,-3.75,6776.94
0.25,-3.75,6884.6
0.75,-3.75,6997.39
1.25,-3.75,7116.17
1.75,-3.75,7241.7
2.25,-3.75,7374.54
2.75,-3.75,7515.05
3.25,-3.75,7663.34
3.75,-3.75,7819.22
4.25,-3.75,7982.25
4.75,-3.75,8151.74
5.25,-3.75,8326.79
5.75,-3.75,8506.3
6.25,-3.75,8689.07
6.75,-3.75,8873.77
7.25,-3.75,9059.03
7.75,-3.75,9243.46
8.25,-3.75,9425.65
8.75,-3.75,9604.23
9.25,-3.75,9777.87
9.75,-3.75,9945.27
10.25,-3.75,10105.2
10.75,-3.75,10256.4
11.25,-3.75,10397.8
11.75,-3.75,10528.4
12.25,-3.75,10647
12.75,-3.75,10752.6
13.25,-3.75,10844.3
13.75,-3.75,10921.2
14.25,-3.75,10982.2
14.75,-3.75,11026.4
15.25,-3.75,11052.7
15.75,-3.75,11060.3
16.25,-3.75,11048.2
16.75,-3.75,11015.5
17.25,-3.75,10961.4
17.75,-3.75,10885.1
18.25,-3.75,10786.2
18.75,-3.75,10664.5
19.25,-3.75,10520
19.75,-3.75,10352.9
20.25,-3.75,10163.9
20.75,-3.75,9953.92
21.25,-3.75,9724.07
21.75,-3.75,9475.87
22.25,-3.75,9210.98
22.75,-3.75,8931.29
23.25,-3.75,8638.8
23.75,-3.75,8335.63
24.25,-3.75,8023.93
24.75,-3.75,7705.89
25.25,-3.75,7383.61
25.75,-3.75,7059.17
26.25,-3.75,6734.5
26.75,-3.75,6411.38
27.25,-3.75,6091.45
27.75,-3.75,5776.12
28.25,-3.75,5466.61
28.75,-3.75,5163.9
29.25,-3.75,4868.79
29.75,-3.75,4581.83
30.25,-3.75,4303.4
30.75,-3.75,4033.72
31.25,-3.75,3772.87
31.75,-3.75,3520.82
32.25,-3.75,3277.49
32.75,-3.75,3042.77
33.25,-3.75,2816.58
33.75,-3.75,2598.83
34.25,-3.75,2389.52
34.75,-3.75,2188.72
35.25,-3.75,1996.55
35.75,-3.75,1813.21
36.25,-3.75,1638.95
36.75,-3.75,1474.05
37.25,-3.75,1318.79
37.75,-3.75,1173.43
38.25,-3.75,1038.19
38.75,-3.75,913.219
39.25,-3.75,798.552
39.75,-3.75,694.136
40.25,-3.75,599.796
40.75,-3.75,515.242
41.25,-3.75,440.073
41.75,-3.75,373.783
42.25,-3.75,315.782
42.75,-3.75,265.413
43.25,-3.75,221.98
43.75,-3.75,184.764
44.25,-3.75,153.027
44.75,-3.75,126.055
-44.75,-3.25,76.6726
-44.25,-3.25,86.3848
-43.75,-3.25,97.6157
-43.25,-3.25,111.18
-42.75,-3.25,127.864
-42.25,-3.25,148.343
-41.75,-3.25,173.355
-41.25,-3.25,203.683
-40.75,-3.25,240.129
-40.25,-3.25,283.469
-39.75,-3.25,334.416
-39.25,-3.25,393.562
-38.75,-3.25,461.337
-38.25,-3.25,537.966
-37.75,-3.25,623.43
-37.25,-3.25,717.458
-36.75,-3.25,819.514
-36.25,-3.25,928.811
-35.75,-3.25,1044.34
-35.25,-3.25,1164.91
-34.75,-3.25,1289.23
-34.25,-3.25,1415.94
-33.75,-3.25,1543.66
-33.25,-3.25,1671.12
-32.75,-3.25,1797.12
-32.25,-3.25,1920.66
-31.75,-3.25,2040.92
-31.25,-3.25,2157.27
-30.75,-3.25,2269.34
-30.25,-3.25,2376.95
-29.75,-3.25,2480.12
-29.25,-3.25,2579.06
-28.75,-3.25,2674.14
-28.25,-3.25,2765.8
-27.75,-3.25,2854.58
-27.25,-3.25,2940.98
-26.75,-3.25,3025.49
-26.25,-3.25,3108.48
-25.75,-3.25,3190.21
-25.25,-3.25,3270.76
-24.75,-3.25,3350.05
-24.25,-3.25,3427.85
-23.75,-3.25,3503.81
-23.25,-3.25,3577.5
-22.75,-3.25,3648.48
-22.25,-3.25,3716.35
-21.75,-3.25,3780.85
-21.25,-3.25,3841.84
-20.75,-3.25,3899.37
-20.25,-3.25,3953.68
-19.75,-3.25,4005.18
-19.25,-3.25,4054.39
-18.75,-3.25,4101.94
-18.25,-3.25,4148.52
-17.75,-3.25,4194.77
-17.25,-3.25,4241.33
-16.75,-3.25,4288.74
-16.25,-3.25,4337.47
-15.75,-3.25,4387.88
-15.25,-3.25,4440.25
-14.75,-3.25,4494.78
-14.25,-3.25,4551.59
-13.75,-3.25,4610.75
-13.25,-3.25,4672.24
-12.75,-3.25,4736.03
-12.25,-3.25,4801.99
-11.75,-3.25,4870
-11.25,-3.25,4939.87
-10.75,-3.25,5011.41
-10.25,-3.25,5084.44
-9.75,-3.25,5158.78
-9.25,-3.25,5234.32
-8.75,-3.25,5310.98
-8.25,-3.25,5388.73
-7.75,-3.25,5467.64
-7.25,-3.25,5547.76
-6.75,-3.25,5629.18
-6.25,-3.25,5711.98
-5.75,-3.25,5796.21
-5.25,-3.25,5881.86
-4.75,-3.25,5968.88
-4.25,-3.25,6057.18
-3.75,-3.25,6146.69
-3.25,-3.25,6237.33
-2.75,-3.25,6329.16
-2.25,-3.25,6422.33
-1.75,-3.25,6517.17
-1.25,-3.25,6614.18
-0.75,-3.25,6714.04
-0.25,-3.25,6817.57
0.25,-3.25,6925.7
0.75,-3.25,7039.37
1.25,-3.25,7159.47
1.75,-3.25,7286.76
2.25,-3.25,7421.83
2.75,-3.25,7565
3.25,-3.25,7716.31
3.75,-3.25,7875.54
4.25,-3.25,8042.15
4.75,-3.25,8215.39
5.25,-3.25,8394.26
5.75,-3.25,8577.59
6.25,-3.25,8764.08
6.75,-3.25,8952.36
7.25,-3.25,9141
7.75,-3.25,9328.56
8.25,-3.25,9513.61
8.75,-3.25,9694.76
9.25,-3.25,9870.67
9.75,-3.25,10040
10.25,-3.25,10201.6
10.75,-3.25,10354.2
11.25,-3.25,10496.6
11.75,-3.25,10627.8
12.25,-3.25,10746.8
12.75,-3.25,10852.4
13.25,-3.25,10943.7
13.75,-3.25,11019.8
14.25,-3.25,11079.5
14.75,-3.25,11122.1
15.25,-3.25,11146.4
15.75,-3.25,11151.7
16.25,-3.25,11136.9
16.75,-3.25,11101.3
17.25,-3.25,11044.1
17.75,-3.25,10964.7
18.25,-3.25,10862.6
18.75,-3.25,10737.7
19.25,-3.25,10590
19.75,-3.25,10419.8
20.25,-3.25,10227.7
20.75,-3.25,10014.6
21.25,-3.25,9781.65
21.75,-3.25,9530.31
22.25,-3.25,9262.27
22.75,-3.25,8979.41
23.25,-3.25,8683.76
23.75,-3.25,8377.49
24.25,-3.25,8062.8
24.75,-3.25,7741.91
25.25,-3.25,7417.01
25.75,-3.25,7090.18
26.25,-3.25,6763.39
26.75,-3.25,6438.45
27.25,-3.25,6116.96
27.75,-3.25,5800.32
28.25,-3.25,5489.71
28.75,-3.25,5186.1
29.25,-3.25,4890.22
29.75,-3.25,4602.62
30.25,-3.25,4323.66
30.75,-3.25,4053.56
31.25,-3.25,3792.4
31.75,-3.25,3540.15
32.25,-3.25,3296.74
32.75,-3.25,3062.07
33.25,-3.25,2836.01
33.75,-3.25,2618.48
34.25,-3.25,2409.42
34.75,-3.25,2208.84
35.25,-3.25,2016.82
35.75,-3.25,1833.49
36.25,-3.25,1659.05
36.75,-3.25,1493.75
37.25,-3.25,1337.84
37.75,-3.25,1191.6
38.25,-3.25,1055.26
38.75,-3.25,928.99
39.25,-3.25,812.902
39.75,-3.25,706.989
40.25,-3.25,611.134
40.75,-3.25,525.101
41.25,-3.25,448.529
41.75,-3.25,380.946
42.25,-3.25,321.782
42.75,-3.25,270.386
43.25,-3.25,226.063
43.75,-3.25,188.088
44.25,-3.25,155.709
44.75,-3.25,128.201
-44.75,-2.75,78.4211
-44.25,-2.75,88.4074
-43.75,-2.75,99.9571
-43.25,-2.75,113.904
-42.75,-2.75,131.052
-42.25,-2.75,152.09
-41.75,-2.75,177.765
-41.25,-2.75,208.871
-40.75,-2.75,246.217
-40.25,-2.75,290.581
-39.75,-2.75,342.673
-39.25,-2.75,403.076
-38.75,-2.75,472.203
-38.25,-2.75,550.25
-37.75,-2.75,637.166
-37.25,-2.75,732.638
-36.75,-2.75,836.087
-36.25,-2.75,946.677
-35.75,-2.75,1063.36
-35.25,-2.75,1184.9
-34.75,-2.75,1309.98
-34.25,-2.75,1437.21
-33.75,-2.75,1565.21
-33.25,-2.75,1692.69
-32.75,-2.75,1818.49
-32.25,-2.75,1941.61
-31.75,-2.75,2061.25
-31.25,-2.75,2176.82
-30.75,-2.75,2288
-30.25,-2.75,2394.64
-29.75,-2.75,2496.83
-29.25,-2.75,2594.85
-28.75,-2.75,2689.11
-28.25,-2.75,2780.14
-27.75,-2.75,2868.5
-27.25,-2.75,2954.78
-26.75,-2.75,3039.47
-26.25,-2.75,3122.97
-25.75,-2.75,3205.52
-25.25,-2.75,3287.17
-24.75,-2.75,3367.79
-24.25,-2.75,3447.05
-23.75,-2.75,3524.53
-23.25,-2.75,3599.7
-22.75,-2.75,3672.02
-22.25,-2.75,3741.02
-21.75,-2.75,3806.35
-21.25,-2.75,3867.83
-20.75,-2.75,3925.49
-20.25,-2.75,3979.56
-19.75,-2.75,4030.48
-19.25,-2.75,4078.83
-18.75,-2.75,4125.3
-18.25,-2.75,4170.66
-17.75,-2.75,4215.65
-17.25,-2.75,4260.98
-16.75,-2.75,4307.26
-16.25,-2.75,4355.02
-15.75,-2.75,4404.67
-15.25,-2.75,4456.52
-14.75,-2.75,4510.78
-14.25,-2.75,4567.55
-13.75,-2.75,4626.91
-13.25,-2.75,4688.82
-12.75,-2.75,4753.21
-12.25,-2.75,4819.97
-11.75,-2.75,4888.95
-11.25,-2.75,4959.93
-10.75,-2.75,5032.73
-10.25,-2.75,5107.12
-9.75,-2.75,5182.91
-9.25,-2.75,5259.93
-8.75,-2.75,5338.08
-8.25,-2.75,5417.29
-7.75,-2.75,5497.56
-7.25,-2.75,5578.92
-6.75,-2.75,5661.41
-6.25,-2.75,5745.11
-5.75,-2.75,5830.05
-5.25,-2.75,5916.22
-4.75,-2.75,6003.59
-4.25,-2.75,6092.11
-3.75,-2.75,6181.73
-3.25,-2.75,6272.42
-2.75,-2.75,6364.29
-2.25,-2.75,6457.52
-1.75,-2.75,6552.51
-1.25,-2.75,6649.79
-0.75,-2.75,6750.09
-0.25,-2.75,6854.28
0.25,-2.75,6963.3
0.75,-2.75,7078.12
1.25,-2.75,7199.64
1.75,-2.75,7328.63
2.25,-2.75,7465.65
2.75,-2.75,7611.02
3.25,-2.75,7764.76
3.75,-2.75,7926.59
4.25,-2.75,8095.96
4.75,-2.75,8272.04
5.25,-2.75,8453.8
5.75,-2.75,8640.04
6.25,-2.75,8829.4
6.75,-2.75,9020.49
7.25,-2.75,9211.85
7.75,-2.75,9402.02
8.25,-2.75,9589.57
8.75,-2.75,9773.1
9.25,-2.75,9951.25
9.75,-2.75,10122.7
10.25,-2.75,10286.2
10.75,-2.75,10440.6
11.25,-2.75,10584.7
11.75,-2.75,10717.3
12.25,-2.75,10837.3
12.75,-2.75,10943.6
13.25,-2.75,11035.3
13.75,-2.75,11111.1
14.25,-2.75,11170.2
14.75,-2.75,11211.6
15.25,-2.75,11234.2
15.75,-2.75,11237.2
16.25,-2.75,11219.8
16.75,-2.75,11181.1
17.25,-2.75,11120.5
17.75,-2.75,11037.5
18.25,-2.75,10931.8
18.75,-2.75,10803.1
19.25,-2.75,10651.7
19.75,-2.75,10477.8
20.25,-2.75,10282.1
20.75,-2.75,10065.5
21.25,-2.75,9829.13
21.75,-2.75,9574.46
22.25,-2.75,9303.18
22.75,-2.75,9017.17
23.25,-2.75,8718.48
23.75,-2.75,8409.3
24.25,-2.75,8091.86
24.75,-2.75,7768.44
25.25,-2.75,7441.23
25.75,-2.75,7112.37
26.25,-2.75,6783.83
26.75,-2.75,6457.43
27.25,-2.75,6134.75
27.75,-2.75,5817.17
28.25,-2.75,5505.84
28.75,-2.75,5201.68
29.25,-2.75,4905.4
29.75,-2.75,4617.52
30.25,-2.75,4338.38
30.75,-2.75,4068.19
31.25,-2.75,3807.03
31.75,-2.75,3554.89
32.25,-2.75,3311.69
32.75,-2.75,3077.33
33.25,-2.75,2851.68
33.75,-2.75,2634.61
34.25,-2.75,2426.04
34.75,-2.75,2225.92
35.25,-2.75,2034.27
35.75,-2.75,1851.17
36.25,-2.75,1676.77
36.75,-2.75,1511.28
37.25,-2.75,1354.93
37.75,-2.75,1207.99
38.25,-2.75,1070.72
38.75,-2.75,943.337
39.25,-2.75,825.988
39.75,-2.75,718.728
40.25,-2.75,621.498
40.75,-2.75,534.112
41.25,-2.75,456.252
41.75,-2.75,387.478
42.25,-2.75,327.237
42.75,-2.75,274.89
43.25,-2.75,229.739
43.75,-2.75,191.053
44.25,-2.75,158.071
44.75,-2.75,130.055
-44.75,-2.25,80.2017
-44.25,-2.25,90.4683
-43.75,-2.25,102.336
-43.25,-2.25,116.656
-42.75,-2.25,134.25
-42.25,-2.25,155.817
-41.75,-2.25,182.114
-41.25,-2.25,213.944
-40.75,-2.25,252.121
-40.25,-2.25,297.426
-39.75,-2.25,350.566
-39.25,-2.25,412.113
-38.75,-2.25,482.461
-38.25,-2.25,561.781
-37.75,-2.25,649.988
-37.25,-2.25,746.725
-36.75,-2.25,851.367
-36.25,-2.25,963.033
-35.75,-2.25,1080.62
-35.25,-2.25,1202.88
-34.75,-2.25,1328.44
-34.25,-2.25,1455.89
-33.75,-2.25,1583.87
-33.25,-2.25,1711.08
-32.75,-2.25,1836.38
-32.25,-2.25,1958.79
-31.75,-2.25,2077.54
-31.25,-2.25,2192.12
-30.75,-2.25,2302.21
-30.25,-2.25,2407.74
-29.75,-2.25,2508.85
-29.25,-2.25,2605.87
-28.75,-2.25,2699.27
-28.25,-2.25,2789.63
-27.75,-2.25,2877.56
-27.25,-2.25,2963.67
-26.75,-2.25,3048.49
-26.25,-2.25,3132.4
-25.75,-2.25,3215.62
-25.25,-2.25,3298.19
-24.75,-2.25,3379.9
-24.25,-2.25,3460.39
-23.75,-2.25,3539.15
-23.25,-2.25,3615.57
-22.75,-2.25,3689.04
-22.25,-2.25,3759.03
-21.75,-2.25,3825.11
-21.25,-2.25,3887.09
-20.75,-2.25,3944.95
-20.25,-2.25,3998.95
-19.75,-2.25,4049.52
-19.25,-2.25,4097.3
-18.75,-2.25,4143.04
-18.25,-2.25,4187.55
-17.75,-2.25,4231.65
-17.25,-2.25,4276.11
-16.75,-2.25,4321.6
-16.25,-2.25,4368.69
-15.75,-2.25,4417.82
-15.25,-2.25,4469.32
-14.75,-2.25,4523.39
-14.25,-2.25,4580.15
-13.75,-2.25,4639.63
-13.25,-2.25,4701.8
-12.75,-2.25,4766.57
-12.25,-2.25,4833.83
-11.75,-2.25,4903.4
-11.25,-2.25,4975.09
-10.75,-2.25,5048.68
-10.25,-2.25,5123.95
-9.75,-2.25,5200.68
-9.25,-2.25,5278.69
-8.75,-2.25,5357.84
-8.25,-2.25,5438.03
-7.75,-2.25,5519.23
-7.25,-2.25,5601.45
-6.75,-2.25,5684.72
-6.25,-2.25,5769.1
-5.75,-2.25,5854.63
-5.25,-2.25,5941.32
-4.75,-2.25,6029.17
-4.25,-2.25,6118.16
-3.75,-2.25,6208.26
-3.25,-2.25,6299.5
-2.75,-2.25,6391.99
-2.25,-2.25,6485.96
-1.75,-2.25,6581.79
-1.25,-2.25,6680.03
-0.75,-2.25,6781.42
-0.25,-2.25,6886.81
0.25,-2.25,6997.12
0.75,-2.25,7113.32
1.25,-2.25,7236.3
1.75,-2.25,7366.82
2.25,-2.25,7505.42
2.75,-2.25,7652.42
3.25,-2.25,7807.83
3.75,-2.25,7971.37
4.25,-2.25,8142.48
4.75,-2.25,8320.34
5.25,-2.25,8503.91
5.75,-2.25,8692
6.25,-2.25,8883.25
6.75,-2.25,9076.27
7.25,-2.25,9269.61
7.75,-2.25,9461.82
8.25,-2.25,9651.46
8.75,-2.25,9837.14
9.25,-2.25,10017.5
9.75,-2.25,10191.2
10.25,-2.25,10357
10.75,-2.25,10513.7
11.25,-2.25,10659.9
11.75,-2.25,10794.6
12.25,-2.25,10916.4
12.75,-2.25,11024.2
13.25,-2.25,11116.9
13.75,-2.25,11193.3
14.25,-2.25,11252.4
14.75,-2.25,11293.1
15.25,-2.25,11314.5
15.75,-2.25,11315.5
16.25,-2.25,11295.6
16.75,-2.25,11253.8
17.25,-2.25,11189.8
17.75,-2.25,11103
18.25,-2.25,10993.2
18.75,-2.25,10860.5
19.25,-2.25,10704.9
19.75,-2.25,10527
20.25,-2.25,10327.3
20.75,-2.25,10106.9
21.25,-2.25,9866.99
21.75,-2.25,9608.93
22.25,-2.25,9334.46
22.75,-2.25,9045.45
23.25,-2.25,8743.98
23.75,-2.25,8432.22
24.25,-2.25,8112.42
24.75,-2.25,7786.86
25.25,-2.25,7457.76
25.75,-2.25,7127.28
26.25,-2.25,6797.38
26.75,-2.25,6469.87
27.25,-2.25,6146.33
27.75,-2.25,5828.11
28.25,-2.25,5516.32
28.75,-2.25,5211.87
29.25,-2.25,4915.42
29.75,-2.25,4627.48
30.25,-2.25,4348.37
30.75,-2.25,4078.3
31.25,-2.25,3817.34
31.75,-2.25,3565.5
32.25,-2.25,3322.7
32.75,-2.25,3088.84
33.25,-2.25,2863.76
33.75,-2.25,2647.33
34.25,-2.25,2439.41
34.75,-2.25,2239.93
35.25,-2.25,2048.82
35.75,-2.25,1866.13
36.25,-2.25,1691.95
36.75,-2.25,1526.44
37.25,-2.25,1369.83
37.75,-2.25,1222.38
38.25,-2.25,1084.37
38.75,-2.25,956.049
39.25,-2.25,837.615
39.75,-2.25,729.177
40.25,-2.25,630.73
40.75,-2.25,542.139
41.25,-2.25,463.127
41.75,-2.25,393.283
42.25,-2.25,332.073
42.75,-2.25,278.865
43.25,-2.25,232.962
43.75,-2.25,193.627
44.25,-2.25,160.091
44.75,-2.25,131.605
-44.75,-1.75,81.837
-44.25,-1.75,92.383
-43.75,-1.75,104.559
-43.25,-1.75,119.231
-42.75,-1.75,137.239
-42.25,-1.75,159.288
-41.75,-1.75,186.145
-41.25,-1.75,218.62
-40.75,-1.75,257.532
-40.25,-1.75,303.664
-39.75,-1.75,357.72
-39.25,-1.75,420.263
-38.75,-1.75,491.672
-38.25,-1.75,572.09
-37.75,-1.75,661.4
-37.25,-1.75,759.203
-36.75,-1.75,864.83
-36.25,-1.75,977.352
-35.75,-1.75,1095.63
-35.25,-1.75,1218.35
-34.75,-1.75,1344.15
-34.25,-1.75,1471.59
-33.75,-1.75,1599.3
-33.25,-1.75,1726
-32.75,-1.75,1850.58
-32.25,-1.75,1972.08
-31.75,-1.75,2089.8
-31.25,-1.75,2203.24
-30.75,-1.75,2312.17
-30.25,-1.75,2416.55
-29.75,-1.75,2516.59
-29.25,-1.75,2612.65
-28.75,-1.75,2705.25
-28.25,-1.75,2795
-27.75,-1.75,2882.55
-27.25,-1.75,2968.51
-26.75,-1.75,3053.42
-26.25,-1.75,3137.66
-25.75,-1.75,3221.42
-25.25,-1.75,3304.68
-24.75,-1.75,3387.23
-24.25,-1.75,3468.64
-23.75,-1.75,3548.34
-23.25,-1.75,3625.68
-22.75,-1.75,3700.01
-22.25,-1.75,3770.73
-21.75,-1.75,3837.4
-21.25,-1.75,3899.78
-20.75,-1.75,3957.87
-20.25,-1.75,4011.89
-19.75,-1.75,4062.33
-19.25,-1.75,4109.82
-18.75,-1.75,4155.16
-18.25,-1.75,4199.21
-17.75,-1.75,4242.83
-17.25,-1.75,4286.83
-16.75,-1.75,4331.92
-16.25,-1.75,4378.69
-15.75,-1.75,4427.6
-15.25,-1.75,4478.97
-14.75,-1.75,4533
-14.25,-1.75,4589.8
-13.75,-1.75,4649.38
-13.25,-1.75,4711.7
-12.75,-1.75,4776.66
-12.25,-1.75,4844.13
-11.75,-1.75,4913.95
-11.25,-1.75,4985.91
-10.75,-1.75,5059.8
-10.25,-1.75,5135.41
-9.75,-1.75,5212.51
-9.25,-1.75,5290.91
-8.75,-1.75,5370.46
-8.25,-1.75,5451.06
-7.75,-1.75,5532.65
-7.25,-1.75,5615.24
-6.75,-1.75,5698.87
-6.25,-1.75,5783.61
-5.75,-1.75,5869.52
-5.25,-1.75,5956.66
-4.75,-1.75,6045.05
-4.25,-1.75,6134.71
-3.75,-1.75,6225.64
-3.25,-1.75,6317.9
-2.75,-1.75,6411.59
-2.25,-1.75,6506.93
-1.75,-1.75,6604.28
-1.25,-1.75,6704.17
-0.75,-1.75,6807.26
-0.25,-1.75,6914.35
0.25,-1.75,7026.34
0.75,-1.75,7144.12
1.25,-1.75,7268.56
1.75,-1.75,7400.38
2.25,-1.75,7540.13
2.75,-1.75,7688.12
3.25,-1.75,7844.39
3.75,-1.75,8008.68
4.25,-1.75,8180.47
4.75,-1.75,8358.99
5.25,-1.75,8543.25
5.75,-1.75,8732.08
6.25,-1.75,8924.2
6.75,-1.75,9118.24
7.25,-1.75,9312.79
7.75,-1.75,9506.42
8.25,-1.75,9697.73
8.75,-1.75,9885.32
9.25,-1.75,10067.8
9.75,-1.75,10243.9
10.25,-1.75,10412.3
10.75,-1.75,10571.6
11.25,-1.75,10720.5
11.75,-1.75,10857.8
12.25,-1.75,10982.1
12.75,-1.75,11092.1
13.25,-1.75,11186.6
13.75,-1.75,11264.3
14.25,-1.75,11324
14.75,-1.75,11364.7
15.25,-1.75,11385.2
15.75,-1.75,11384.8
16.25,-1.75,11362.6
16.75,-1.75,11318.1
17.25,-1.75,11250.7
17.75,-1.75,11160.1
18.25,-1.75,11046.3
18.75,-1.75,10909.3
19.25,-1.75,10749.5
19.75,-1.75,10567.3
20.25,-1.75,10363.6
20.75,-1.75,10139.4
21.25,-1.75,9895.85
21.75,-1.75,9634.5
22.25,-1.75,9357.03
22.75,-1.75,9065.32
23.25,-1.75,8761.41
23.75,-1.75,8447.49
24.25,-1.75,8125.79
24.75,-1.75,7798.56
25.25,-1.75,7468.04
25.75,-1.75,7136.36
26.25,-1.75,6805.47
26.75,-1.75,6477.18
27.25,-1.75,6153.05
27.75,-1.75,5834.4
28.25,-1.75,5522.33
28.75,-1.75,5217.72
29.25,-1.75,4921.23
29.75,-1.75,4633.32
30.25,-1.75,4354.34
30.75,-1.75,4084.48
31.25,-1.75,3823.83
31.75,-1.75,3572.39
32.25,-1.75,3330.09
32.75,-1.75,3096.81
33.25,-1.75,2872.42
33.75,-1.75,2656.73
34.25,-1.75,2449.57
34.75,-1.75,2250.83
35.25,-1.75,2060.39
35.75,-1.75,1878.23
36.25,-1.75,1704.41
36.75,-1.75,1539.04
37.25,-1.75,1382.34
37.75,-1.75,1234.56
38.25,-1.75,1096
38.75,-1.75,966.934
39.25,-1.75,847.606
39.75,-1.75,738.176
40.25,-1.75,638.691
40.75,-1.75,549.061
41.25,-1.75,469.048
41.75,-1.75,398.271
42.25,-1.75,336.211
42.75,-1.75,282.245
43.25,-1.75,235.677
43.75,-1.75,195.766
44.25,-1.75,161.736
44.75,-1.75,132.829
-44.75,-1.25,83.1308
-44.25,-1.25,93.9444
-43.75,-1.25,106.408
-43.25,-1.25,121.4
-42.75,-1.25,139.771
-42.25,-1.25,162.236
-41.75,-1.25,189.569
-41.25,-1.25,222.586
-40.75,-1.25,262.11
-40.25,-1.25,308.927
-39.75,-1.25,363.739
-39.25,-1.25,427.102
-38.75,-1.25,499.379
-38.25,-1.25,580.694
-37.75,-1.25,670.897
-37.25,-1.25,769.553
-36.75,-1.25,875.948
-36.25,-1.25,989.11
-35.75,-1.25,1107.85
-35.25,-1.25,1230.84
-34.75,-1.25,1356.67
-34.25,-1.25,1483.9
-33.75,-1.25,1611.16
-33.25,-1.25,1737.18
-32.75,-1.25,1860.89
-32.25,-1.25,1981.38
-31.75,-1.25,2097.98
-31.25,-1.25,2210.27
-30.75,-1.25,2318.04
-30.25,-1.25,2421.34
-29.75,-1.25,2520.39
-29.25,-1.25,2615.62
-28.75,-1.25,2707.56
-28.25,-1.25,2796.85
-27.75,-1.25,2884.14
-27.25,-1.25,2970.04
-26.75,-1.25,3055.06
-26.25,-1.25,3139.56
-25.75,-1.25,3223.71
-25.25,-1.25,3307.45
-24.75,-1.25,3390.53
-24.25,-1.25,3472.49
-23.75,-1.25,3552.74
-23.25,-1.25,3630.59
-22.75,-1.25,3705.38
-22.25,-1.25,3776.5
-21.75,-1.25,3843.5
-21.25,-1.25,3906.12
-20.75,-1.25,3964.36
-20.25,-1.25,4018.46
-19.75,-1.25,4068.9
-19.25,-1.25,4116.35
-18.75,-1.25,4161.62
-18.25,-1.25,4205.59
-17.75,-1.25,4249.14
-17.25,-1.25,4293.1
-16.75,-1.25,4338.2
-16.25,-1.25,4385.03
-15.75,-1.25,4434.04
-15.25,-1.25,4485.55
-14.75,-1.25,4539.74
-14.25,-1.25,4596.69
-13.75,-1.25,4656.4
-13.25,-1.25,4718.81
-12.75,-1.25,4783.8
-12.25,-1.25,4851.25
-11.75,-1.25,4920.98
-11.25,-1.25,4992.8
-10.75,-1.25,5066.52
-10.25,-1.25,5141.9
-9.75,-1.25,5218.77
-9.25,-1.25,5296.92
-8.75,-1.25,5376.2
-8.25,-1.25,5456.54
-7.75,-1.25,5537.89
-7.25,-1.25,5620.26
-6.75,-1.25,5703.75
-6.25,-1.25,5788.43
-5.75,-1.25,5874.44
-5.25,-1.25,5961.86
-4.75,-1.25,6050.77
-4.25,-1.25,6141.22
-3.75,-1.25,6233.25
-3.25,-1.25,6326.91
-2.75,-1.25,6422.29
-2.25,-1.25,6519.57
-1.75,-1.25,6619.04
-1.25,-1.25,6721.16
-0.75,-1.25,6826.49
-0.25,-1.25,6935.75
0.25,-1.25,7049.73
0.75,-1.25,7169.24
1.25,-1.25,7295.11
1.75,-1.25,7428.01
2.25,-1.25,7568.48
2.75,-1.25,7716.85
3.25,-1.25,7873.19
3.75,-1.25,8037.31
4.25,-1.25,8208.77
4.75,-1.25,8386.88
5.25,-1.25,8570.74
5.75,-1.25,8759.28
6.25,-1.25,8951.29
6.75,-1.25,9145.47
7.25,-1.25,9340.49
7.75,-1.25,9534.96
8.25,-1.25,9727.49
8.75,-1.25,9916.72
9.25,-1.25,10101.3
9.75,-1.25,10279.8
10.25,-1.25,10450.8
10.75,-1.25,10613.1
11.25,-1.25,10765.1
11.75,-1.25,10905.5
12.25,-1.25,11032.8
12.75,-1.25,11145.5
13.25,-1.25,11242.4
13.75,-1.25,11321.9
14.25,-1.25,11382.9
14.75,-1.25,11424.1
15.25,-1.25,11444.4
15.75,-1.25,11443
16.25,-1.25,11419.1
16.75,-1.25,11372.1
17.25,-1.25,11301.7
17.75,-1.25,11207.7
18.25,-1.25,11090
18.75,-1.25,10949
19.25,-1.25,10785.1
19.75,-1.25,10598.9
20.25,-1.25,10391.2
20.75,-1.25,10163.3
21.25,-1.25,9916.42
21.75,-1.25,9652.03
22.25,-1.25,9371.88
22.75,-1.25,9077.84
23.25,-1.25,8771.94
23.75,-1.25,8456.33
24.25,-1.25,8133.21
24.75,-1.25,7804.8
25.25,-1.25,7473.31
25.75,-1.25,7140.82
26.25,-1.25,6809.3
26.75,-1.25,6480.49
27.25,-1.25,6155.97
27.75,-1.25,5837.03
28.25,-1.25,5524.78
28.75,-1.25,5220.06
29.25,-1.25,4923.54
29.75,-1.25,4635.7
30.25,-1.25,4356.86
30.75,-1.25,4087.23
31.25,-1.25,3826.89
31.75,-1.25,3575.88
32.25,-1.25,3334.11
32.75,-1.25,3101.46
33.25,-1.25,2877.79
33.75,-1.25,2662.88
34.25,-1.25,2456.54
34.75,-1.25,2258.59
35.25,-1.25,2068.9
35.75,-1.25,1887.37
36.25,-1.25,1714.02
36.75,-1.25,1548.93
37.25,-1.25,1392.29
37.75,-1.25,1244.36
38.25,-1.25,1105.43
38.75,-1.25,975.822
39.25,-1.25,855.804
39.75,-1.25,745.585
40.25,-1.25,645.256
40.75,-1.25,554.769
41.25,-1.25,473.922
41.75,-1.25,402.358
42.25,-1.25,339.577
42.75,-1.25,284.965
43.25,-1.25,237.827
43.75,-1.25,197.42
44.25,-1.25,162.963
44.75,-1.25,133.692
-44.75,-0.75,83.9002
-44.25,-0.75,94.9568
-43.75,-0.75,107.673
-43.25,-0.75,122.937
-42.75,-0.75,141.608
-42.25,-0.75,164.406
-41.75,-0.75,192.111
-41.25,-0.75,225.545
-40.75,-0.75,265.536
-40.25,-0.75,312.872
-39.75,-0.75,368.255
-39.25,-0.75,432.237
-38.75,-0.75,505.169
-38.25,-0.75,587.158
-37.75,-0.75,678.028
-37.25,-0.75,777.31
-36.75,-0.75,884.252
-36.25,-0.75,997.839
-35.75,-0.75,1116.85
-35.25,-0.75,1239.91
-34.75,-0.75,1365.59
-34.25,-0.75,1492.46
-33.75,-0.75,1619.13
-33.25,-0.75,1744.38
-32.75,-0.75,1867.14
-32.25,-0.75,1986.57
-31.75,-0.75,2102.06
-31.25,-0.75,2213.22
-30.75,-0.75,2319.94
-30.25,-0.75,2422.27
-29.75,-0.75,2520.52
-29.25,-0.75,2615.1
-28.75,-0.75,2706.6
-28.25,-0.75,2795.63
-27.75,-0.75,2882.83
-27.25,-0.75,2968.78
-26.75,-0.75,3053.96
-26.25,-0.75,3138.69
-25.75,-0.75,3223.09
-25.25,-0.75,3307.09
-24.75,-0.75,3390.39
-24.25,-0.75,3472.52
-23.75,-0.75,3552.88
-23.25,-0.75,3630.8
-22.75,-0.75,3705.61
-22.25,-0.75,3776.73
-21.75,-0.75,3843.71
-21.25,-0.75,3906.32
-20.75,-0.75,3964.58
-20.25,-0.75,4018.73
-19.75,-0.75,4069.27
-19.25,-0.75,4116.87
-18.75,-0.75,4162.34
-18.25,-0.75,4206.57
-17.75,-0.75,4250.44
-17.25,-0.75,4294.77
-16.75,-0.75,4340.28
-16.25,-0.75,4387.55
-15.75,-0.75,4437.02
-15.25,-0.75,4488.96
-14.75,-0.75,4543.54
-14.25,-0.75,4600.8
-13.75,-0.75,4660.72
-13.25,-0.75,4723.2
-12.75,-0.75,4788.13
-12.25,-0.75,4855.36
-11.75,-0.75,4924.73
-11.25,-0.75,4996.04
-10.75,-0.75,5069.11
-10.25,-0.75,5143.75
-9.75,-0.75,5219.77
-9.25,-0.75,5297
-8.75,-0.75,5375.35
-8.25,-0.75,5454.73
-7.75,-0.75,5535.15
-7.25,-0.75,5616.68
-6.75,-0.75,5699.45
-6.25,-0.75,5783.61
-5.75,-0.75,5869.35
-5.25,-0.75,5956.81
-4.75,-0.75,6046.12
-4.25,-0.75,6137.39
-3.75,-0.75,6230.66
-3.25,-0.75,6325.97
-2.75,-0.75,6423.39
-2.25,-0.75,6523.03
-1.75,-0.75,6625.08
-1.25,-0.75,6729.87
-0.75,-0.75,6837.87
-0.25,-0.75,6949.62
0.25,-0.75,7065.82
0.75,-0.75,7187.18
1.25,-0.75,7314.42
1.75,-0.75,7448.19
2.25,-0.75,7589
2.75,-0.75,7737.22
3.25,-0.75,7892.95
3.75,-0.75,8056.12
4.25,-0.75,8226.38
4.75,-0.75,8403.15
5.25,-0.75,8585.67
5.75,-0.75,8773
6.25,-0.75,8964.04
6.75,-0.75,9157.61
7.25,-0.75,9352.43
7.75,-0.75,9547.19
8.25,-0.75,9740.54
8.75,-0.75,9931.11
9.25,-0.75,10117.5
9.75,-0.75,10298.3
10.25,-0.75,10472.1
10.75,-0.75,10637.4
11.25,-0.75,10792.7
11.75,-0.75,10936.5
12.25,-0.75,11067
12.75,-0.75,11182.9
13.25,-0.75,11282.5
13.75,-0.75,11364.3
14.25,-0.75,11426.9
14.75,-0.75,11469.1
15.25,-0.75,11489.8
15.75,-0.75,11488
16.25,-0.75,11462.9
16.75,-0.75,11414.2
17.25,-0.75,11341.4
17.75,-0.75,11244.5
18.25,-0.75,11123.6
18.75,-0.75,10979
19.25,-0.75,10811.4
19.75,-0.75,10621.6
20.25,-0.75,10410.4
20.75,-0.75,10179.3
21.25,-0.75,9929.36
21.75,-0.75,9662.35
22.25,-0.75,9379.94
22.75,-0.75,9084.02
23.25,-0.75,8776.59
23.75,-0.75,8459.76
24.25,-0.75,8135.69
24.75,-0.75,7806.54
25.25,-0.75,7474.48
25.75,-0.75,7141.54
26.25,-0.75,6809.65
26.75,-0.75,6480.56
27.25,-0.75,6155.79
27.75,-0.75,5836.66
28.25,-0.75,5524.25
28.75,-0.75,5219.44
29.25,-0.75,4922.88
29.75,-0.75,4635.06
30.25,-0.75,4356.33
30.75,-0.75,4086.9
31.25,-0.75,3826.87
31.75,-0.75,3576.26
32.25,-0.75,3335
32.75,-0.75,3102.98
33.25,-0.75,2880.01
33.75,-0.75,2665.88
34.25,-0.75,2460.35
34.75,-0.75,2263.22
35.25,-0.75,2074.29
35.75,-0.75,1893.44
36.25,-0.75,1720.64
36.75,-0.75,1555.94
37.25,-0.75,1399.51
37.75,-0.75,1251.6
38.25,-0.75,1112.5
38.75,-0.75,982.559
39.25,-0.75,862.072
39.75,-0.75,751.283
40.25,-0.75,650.321
40.75,-0.75,559.175
41.25,-0.75,477.672
41.75,-0.75,405.479
42.25,-0.75,342.114
42.75,-0.75,286.972
43.25,-0.75,239.363
43.75,-0.75,198.544
44.25,-0.75,163.733
44.75,-0.75,134.162
-44.75,-0.25,84.0077
-44.25,-0.25,95.2684
-43.75,-0.25,108.191
-43.25,-0.25,123.666
-42.75,-0.25,142.557
-42.25,-0.25,165.589
-41.75,-0.25,193.548
-41.25,-0.25,227.259
-40.75,-0.25,267.555
-40.25,-0.25,315.227
-39.75,-0.25,370.979
-39.25,-0.25,435.361
-38.75,-0.25,508.719
-38.25,-0.25,591.144
-37.75,-0.25,682.44
-37.25,-0.25,782.111
-36.75,-0.25,889.371
-36.25,-0.25,1003.17
-35.75,-0.25,1122.25
-35.25,-0.25,1245.21
-34.75,-0.25,1370.6
-34.25,-0.25,1496.96
-33.75,-0.25,1622.96
-33.25,-0.25,1747.36
-32.75,-0.25,1869.14
-32.25,-0.25,1987.53
-31.75,-0.25,2101.94
-31.25,-0.25,2212.09
-30.75,-0.25,2317.87
-30.25,-0.25,2419.42
-29.75,-0.25,2517.07
-29.25,-0.25,2611.25
-28.75,-0.25,2702.55
-28.25,-0.25,2791.55
-27.75,-0.25,2878.86
-27.25,-0.25,2965.02
-26.75,-0.25,3050.44
-26.25,-0.25,3135.38
-25.75,-0.25,3219.94
-25.25,-0.25,3303.98
-24.75,-0.25,3387.2
-24.25,-0.25,3469.13
-23.75,-0.25,3549.17
-23.25,-0.25,3626.69
-22.75,-0.25,3701.06
-22.25,-0.25,3771.74
-21.75,-0.25,3838.33
-21.25,-0.25,3900.65
-20.75,-0.25,3958.73
-20.25,-0.25,4012.85
-19.75,-0.25,4063.51
-19.25,-0.25,4111.38
-18.75,-0.25,4157.27
-18.25,-0.25,4202.05
-17.75,-0.25,4246.57
-17.25,-0.25,4291.65
-16.75,-0.25,4337.95
-16.25,-0.25,4386.03
-15.75,-0.25,4436.29
-15.25,-0.25,4488.96
-14.75,-0.25,4544.17
-14.25,-0.25,4601.93
-13.75,-0.25,4662.16
-13.25,-0.25,4724.77
-12.75,-0.25,4789.59
-12.25,-0.25,4856.48
-11.75,-0.25,4925.25
-11.25,-0.25,4995.74
-10.75,-0.25,5067.76
-10.25,-0.25,5141.16
-9.75,-0.25,5215.77
-9.25,-0.25,5291.48
-8.75,-0.25,5368.21
-8.25,-0.25,5445.96
-7.75,-0.25,5524.8
-7.25,-0.25,5604.86
-6.75,-0.25,5686.33
-6.25,-0.25,5769.47
-5.75,-0.25,5854.52
-5.25,-0.25,5941.71
-4.75,-0.25,6031.24
-4.25,-0.25,6123.22
-3.75,-0.25,6217.74
-3.25,-0.25,6314.81
-2.75,-0.25,6414.43
-2.25,-0.25,6516.64
-1.75,-0.25,6621.52
-1.25,-0.25,6729.26
-0.75,-0.25,6840.15
-0.25,-0.25,6954.6
0.25,-0.25,7073.15
0.75,-0.25,7196.39
1.25,-0.25,7324.93
1.75,-0.25,7459.37
2.25,-0.25,7600.22
2.75,-0.25,7747.86
3.25,-0.25,7902.47
3.75,-0.25,8064.07
4.25,-0.25,8232.45
4.75,-0.25,8407.17
5.25,-0.25,8587.64
5.75,-0.25,8773.04
6.25,-0.25,8962.44
6.75,-0.25,9154.77
7.25,-0.25,9348.84
7.75,-0.25,9543.42
8.25,-0.25,9737.2
8.75,-0.25,9928.81
9.25,-0.25,10116.8
9.75,-0.25,10299.8
10.25,-0.25,10476.2
10.75,-0.25,10644.5
11.25,-0.25,10803
11.75,-0.25,10950
12.25,-0.25,11083.9
12.75,-0.25,11202.9
13.25,-0.25,11305.3
13.75,-0.25,11389.6
14.25,-0.25,11454.2
14.75,-0.25,11497.9
15.25,-0.25,11519.3
15.75,-0.25,11517.7
16.25,-0.25,11492.2
16.75,-0.25,11442.4
17.25,-0.25,11368.1
17.75,-0.25,11269.1
18.25,-0.25,11145.7
18.75,-0.25,10998.5
19.25,-0.25,10828
19.75,-0.25,10635.3
20.25,-0.25,10421.3
20.75,-0.25,10187.4
21.25,-0.25,9935.14
21.75,-0.25,9666.02
22.25,-0.25,9381.85
22.75,-0.25,9084.53
23.25,-0.25,8776.02
23.75,-0.25,8458.41
24.25,-0.25,8133.8
24.75,-0.25,7804.3
25.25,-0.25,7472
25.75,-0.25,7138.9
26.25,-0.25,6806.89
26.75,-0.25,6477.68
27.25,-0.25,6152.79
27.75,-0.25,5833.54
28.25,-0.25,5521.02
28.75,-0.25,5216.11
29.25,-0.25,4919.51
29.75,-0.25,4631.7
30.25,-0.25,4353.05
30.75,-0.25,4083.8
31.25,-0.25,3824.03
31.75,-0.25,3573.79
32.25,-0.25,3333.01
32.75,-0.25,3101.56
33.25,-0.25,2879.24
33.75,-0.25,2665.83
34.25,-0.25,2461.07
34.75,-0.25,2264.7
35.25,-0.25,2076.52
35.75,-0.25,1896.36
36.25,-0.25,1724.15
36.75,-0.25,1559.94
37.25,-0.25,1403.84
37.75,-0.25,1256.11
38.25,-0.25,1117.05
38.75,-0.25,987
39.25,-0.25,866.281
39.75,-0.25,755.161
40.25,-0.25,653.797
40.75,-0.25,562.205
41.25,-0.25,480.239
41.75,-0.25,407.587
42.25,-0.25,343.783
42.75,-0.25,288.234
43.25,-0.25,240.257
43.75,-0.25,199.114
44.25,-0.25,164.023
44.75,-0.25,134.216
-44.75,0.25,83.3767
-44.25,0.25,94.7899
-43.75,0.25,107.861
-43.25,0.25,123.475
-42.75,0.25,142.498
-42.25,0.25,165.657
-41.75,0.25,193.742
-41.25,0.25,227.581
-40.75,0.25,268.012
-40.25,0.25,315.83
-39.75,0.25,371.743
-39.25,0.25,436.3
-38.75,0.25,509.845
-38.25,0.25,592.46
-37.75,0.25,683.933
-37.25,0.25,783.749
-36.75,0.25,891.092
-36.25,0.25,1004.88
-35.75,0.25,1123.83
-35.25,0.25,1246.52
-34.75,0.25,1371.47
-34.25,0.25,1497.23
-33.75,0.25,1622.46
-33.25,0.25,1745.97
-32.75,0.25,1866.78
-32.25,0.25,1984.15
-31.75,0.25,2097.58
-31.25,0.25,2206.81
-30.75,0.25,2311.82
-30.25,0.25,2412.78
-29.75,0.25,2510.05
-29.25,0.25,2604.07
-28.75,0.25,2695.41
-28.25,0.25,2784.62
-27.75,0.25,2872.25
-27.25,0.25,2958.77
-26.75,0.25,3044.52
-26.25,0.25,3129.7
-25.75,0.25,3214.34
-25.25,0.25,3298.26
-24.75,0.25,3381.15
-24.25,0.25,3462.54
-23.75,0.25,3541.88
-23.25,0.25,3618.58
-22.75,0.25,3692.07
-22.25,0.25,3761.89
-21.75,0.25,3827.72
-21.25,0.25,3889.43
-20.75,0.25,3947.11
-20.25,0.25,4001.07
-19.75,0.25,4051.81
-19.25,0.25,4100.02
-18.75,0.25,4146.48
-18.25,0.25,4192.02
-17.75,0.25,4237.48
-17.25,0.25,4283.59
-16.75,0.25,4331
-16.25,0.25,4380.21
-15.75,0.25,4431.56
-15.25,0.25,4485.24
-14.75,0.25,4541.31
-14.25,0.25,4599.75
-13.75,0.25,4660.45
-13.25,0.25,4723.24
-12.75,0.25,4787.96
-12.25,0.25,4854.43
-11.75,0.25,4922.46
-11.25,0.25,4991.88
-10.75,0.25,5062.54
-10.25,0.25,5134.28
-9.75,0.25,5207.01
-9.25,0.25,5280.65
-8.75,0.25,5355.2
-8.25,0.25,5430.73
-7.75,0.25,5507.39
-7.25,0.25,5585.4
-6.75,0.25,5665.06
-6.25,0.25,5746.69
-5.75,0.25,5830.65
-5.25,0.25,5917.23
-4.75,0.25,6006.69
-4.25,0.25,6099.19
-3.75,0.25,6194.8
-3.25,0.25,6293.54
-2.75,0.25,6395.33
-2.25,0.25,6500.12
-1.75,0.25,6607.85
-1.25,0.25,6718.56
-0.75,0.25,6832.38
-0.25,0.25,6949.56
0.25,0.25,7070.44
0.75,0.25,7195.49
1.25,0.25,7325.24
1.75,0.25,7460.19
2.25,0.25,7600.85
2.75,0.25,7747.62
3.25,0.25,7900.76
3.75,0.25,8060.39
4.25,0.25,8226.44
4.75,0.25,8398.66
5.25,0.25,8576.58
5.75,0.25,8759.58
6.25,0.25,8946.87
6.75,0.25,9137.5
7.25,0.25,9330.42
7.75,0.25,9524.43
8.25,0.25,9718.28
8.75,0.25,9910.59
9.25,0.25,10099.9
9.75,0.25,10284.8
10.25,0.25,10463.5
10.75,0.25,10634.5
11.25,0.25,10795.9
11.75,0.25,10946
12.25,0.25,11082.9
12.75,0.25,11204.8
13.25,0.25,11310
13.75,0.25,11396.7
14.25,0.25,11463.4
14.75,0.25,11508.7
15.25,0.25,11531.4
15.75,0.25,11530.5
16.25,0.25,11505.3
16.75,0.25,11455.3
17.25,0.25,11380.3
17.75,0.25,11280.2
18.25,0.25,11155.5
18.75,0.25,11006.6
19.25,0.25,10834.3
19.75,0.25,10639.6
20.25,0.25,10423.6
20.75,0.25,10187.9
21.25,0.25,9933.85
21.75,0.25,9663.24
22.25,0.25,9377.86
22.75,0.25,9079.61
23.25,0.25,8770.46
23.75,0.25,8452.45
24.25,0.25,8127.64
24.75,0.25,7798.09
25.25,0.25,7465.83
25.75,0.25,7132.8
26.25,0.25,6800.87
26.75,0.25,6471.71
27.25,0.25,6146.83
27.75,0.25,5827.58
28.25,0.25,5515.03
28.75,0.25,5210.1
29.25,0.25,4913.5
29.75,0.25,4625.74
30.25,0.25,4347.21
30.75,0.25,4078.13
31.25,0.25,3818.63
31.75,0.25,3568.74
32.25,0.25,3328.38
32.75,0.25,3097.42
33.25,0.25,2875.67
33.75,0.25,2662.87
34.25,0.25,2458.76
34.75,0.25,2263.07
35.25,0.25,2075.56
35.75,0.25,1896.06
36.25,0.25,1724.46
36.75,0.25,1560.78
37.25,0.25,1405.14
37.75,0.25,1257.76
38.25,0.25,1118.94
38.75,0.25,989.015
39.25,0.25,868.319
39.75,0.25,757.127
40.25,0.25,655.613
40.75,0.25,563.811
41.25,0.25,481.592
41.75,0.25,408.664
42.25,0.25,344.577
42.75,0.25,288.75
43.25,0.25,240.513
43.75,0.25,199.135
44.25,0.25,163.839
44.75,0.25,133.86
-44.75,0.75,82.0161
-44.25,0.75,93.5203
-43.75,0.75,106.674
-43.25,0.75,122.351
-42.75,0.75,141.415
-42.25,0.75,164.592
-41.75,0.75,192.675
-41.25,0.75,226.495
-40.75,0.75,266.894
-40.25,0.75,314.672
-39.75,0.75,370.539
-39.25,0.75,435.05
-38.75,0.75,508.545
-38.25,0.75,591.104
-37.75,0.75,682.506
-37.25,0.75,782.216
-36.75,0.75,889.401
-36.25,0.75,1002.96
-35.75,0.75,1121.57
-35.25,0.75,1243.8
-34.75,0.75,1368.17
-34.25,0.75,1493.22
-33.75,0.75,1617.61
-33.25,0.75,1740.19
-32.75,0.75,1860.02
-32.25,0.75,1976.41
-31.75,0.75,2088.92
-31.25,0.75,2197.36
-30.75,0.75,2301.74
-30.25,0.75,2402.3
-29.75,0.75,2499.38
-29.25,0.75,2593.47
-28.75,0.75,2685.06
-28.25,0.75,2774.69
-27.75,0.75,2862.82
-27.25,0.75,2949.85
-26.75,0.75,3036.03
-26.25,0.75,3121.48
-25.75,0.75,3206.15
-25.25,0.75,3289.84
-24.75,0.75,3372.21
-24.25,0.75,3452.82
-23.75,0.75,3531.14
-23.25,0.75,3606.67
-22.75,0.75,3678.92
-22.25,0.75,3747.53
-21.75,0.75,3812.28
-21.25,0.75,3873.1
-20.75,0.75,3930.16
-20.25,0.75,3983.81
-19.75,0.75,4034.58
-19.25,0.75,4083.14
-18.75,0.75,4130.25
-18.25,0.75,4176.7
-17.75,0.75,4223.26
-17.25,0.75,4270.63
-16.75,0.75,4319.39
-16.25,0.75,4369.96
-15.75,0.75,4422.63
-15.25,0.75,4477.53
-14.75,0.75,4534.67
-14.25,0.75,4593.95
-13.75,0.75,4655.23
-13.25,0.75,4718.3
-12.75,0.75,4782.95
-12.25,0.75,4848.96
-11.75,0.75,4916.16
-11.25,0.75,4984.36
-10.75,0.75,5053.41
-10.25,0.75,5123.21
-9.75,0.75,5193.7
-9.25,0.75,5264.87
-8.75,0.75,5336.81
-8.25,0.75,5409.66
-7.75,0.75,5483.68
-7.25,0.75,5559.19
-6.75,0.75,5636.6
-6.25,0.75,5716.33
-5.75,0.75,5798.82
-5.25,0.75,5884.45
-4.75,0.75,5973.52
-4.25,0.75,6066.25
-3.75,0.75,6162.7
-3.25,0.75,6262.85
-2.75,0.75,6366.57
-2.25,0.75,6473.7
-1.75,0.75,6584.08
-1.25,0.75,6697.56
-0.75,0.75,6814.12
-0.25,0.75,6933.83
0.25,0.75,7056.88
0.75,0.75,7183.6
1.25,0.75,7314.39
1.75,0.75,7449.7
2.25,0.75,7590
2.75,0.75,7735.73
3.25,0.75,7887.22
3.75,0.75,8044.69
4.25,0.75,8208.21
4.75,0.75,8377.69
5.25,0.75,8552.83
5.75,0.75,8733.18
6.25,0.75,8918.09
6.75,0.75,9106.77
7.25,0.75,9298.23
7.75,0.75,9491.38
8.25,0.75,9684.97
8.75,0.75,9877.65
9.25,0.75,10067.9
9.75,0.75,10254.2
10.25,0.75,10434.8
10.75,0.75,10608
11.25,0.75,10771.9
11.75,0.75,10924.5
12.25,0.75,11064
12.75,0.75,11188.5
13.25,0.75,11296.1
13.75,0.75,11385
14.25,0.75,11453.7
14.75,0.75,11500.7
15.25,0.75,11524.9
15.75,0.75,11525.2
16.25,0.75,11501
16.75,0.75,11451.6
17.25,0.75,11376.9
17.75,0.75,11276.9
18.25,0.75,11151.9
18.75,0.75,11002.5
19.25,0.75,10829.5
19.75,0.75,10633.8
20.25,0.75,10416.9
20.75,0.75,10180.2
21.25,0.75,9925.19
21.75,0.75,9653.75
22.25,0.75,9367.71
22.75,0.75,9068.99
23.25,0.75,8759.58
23.75,0.75,8441.5
24.25,0.75,8116.77
24.75,0.75,7787.42
25.25,0.75,7455.42
25.75,0.75,7122.69
26.25,0.75,6791.04
26.75,0.75,6462.13
27.25,0.75,6137.48
27.75,0.75,5818.4
28.25,0.75,5506.02
28.75,0.75,5201.25
29.25,0.75,4904.81
29.75,0.75,4617.24
30.25,0.75,4338.93
30.75,0.75,4070.12
31.25,0.75,3810.92
31.75,0.75,3561.36
32.25,0.75,3321.38
32.75,0.75,3090.83
33.25,0.75,2869.51
33.75,0.75,2657.19
34.25,0.75,2453.58
34.75,0.75,2258.42
35.25,0.75,2071.47
35.75,0.75,1892.54
36.25,0.75,1721.52
36.75,0.75,1558.41
37.25,0.75,1403.32
37.75,0.75,1256.44
38.25,0.75,1118.07
38.75,0.75,988.515
39.25,0.75,868.11
39.75,0.75,757.124
40.25,0.75,655.73
40.75,0.75,563.971
41.25,0.75,481.728
41.75,0.75,408.721
42.25,0.75,344.517
42.75,0.75,288.55
43.25,0.75,240.164
43.75,0.75,198.642
44.25,0.75,163.216
44.75,0.75,133.13
-44.75,1.25,80.0033
-44.25,1.25,91.532
-43.75,1.25,104.699
-43.25,1.25,120.363
-42.75,1.25,139.379
-42.25,1.25,162.471
-41.75,1.25,190.432
-41.25,1.25,224.096
-40.75,1.25,264.308
-40.25,1.25,311.871
-39.75,1.25,367.501
-39.25,1.25,431.754
-38.75,1.25,504.973
-38.25,1.25,587.237
-37.75,1.25,678.316
-37.25,1.25,777.67
-36.75,1.25,884.449
-36.25,1.25,997.532
-35.75,1.25,1115.59
-35.25,1.25,1237.17
-34.75,1.25,1360.79
-34.25,1.25,1484.99
-33.75,1.25,1608.45
-33.25,1.25,1730.06
-32.75,1.25,1848.89
-32.25,1.25,1964.33
-31.75,1.25,2075.98
-31.25,1.25,2183.71
-30.75,1.25,2287.6
-30.25,1.25,2387.88
-29.75,1.25,2484.95
-29.25,1.25,2579.25
-28.75,1.25,2671.27
-28.25,1.25,2761.47
-27.75,1.25,2850.25
-27.25,1.25,2937.9
-26.75,1.25,3024.59
-26.25,1.25,3110.34
-25.75,1.25,3195.03
-25.25,1.25,3278.43
-24.75,1.25,3360.16
-24.25,1.25,3439.81
-23.75,1.25,3516.92
-23.25,1.25,3591.04
-22.75,1.25,3661.82
-22.25,1.25,3728.97
-21.75,1.25,3792.39
-21.25,1.25,3852.13
-20.75,1.25,3908.41
-20.25,1.25,3961.63
-19.75,1.25,4012.35
-19.25,1.25,4061.24
-18.75,1.25,4109.02
-18.25,1.25,4156.44
-17.75,1.25,4204.22
-17.25,1.25,4252.97
-16.75,1.25,4303.21
-16.25,1.25,4355.28
-15.75,1.25,4409.41
-15.25,1.25,4465.66
-14.75,1.25,4523.97
-14.25,1.25,4584.2
-13.75,1.25,4646.14
-13.25,1.25,4709.53
-12.75,1.25,4774.14
-12.25,1.25,4839.7
-11.75,1.25,4906.01
-11.25,1.25,4972.9
-10.75,1.25,5040.22
-10.25,1.25,5107.91
-9.75,1.25,5175.96
-9.25,1.25,5244.43
-8.75,1.25,5313.49
-8.25,1.25,5383.39
-7.75,1.25,5454.49
-7.25,1.25,5527.23
-6.75,1.25,5602.11
-6.25,1.25,5679.65
-5.75,1.25,5760.38
-5.25,1.25,5844.74
-4.75,1.25,5933.11
-4.25,1.25,6025.71
-3.75,1.25,6122.62
-3.25,1.25,6223.79
-2.75,1.25,6329.03
-2.25,1.25,6438.08
-1.75,1.25,6550.66
-1.25,1.25,6666.5
-0.75,1.25,6785.4
-0.25,1.25,6907.28
0.25,1.25,7032.18
0.75,1.25,7160.28
1.25,1.25,7291.88
1.75,1.25,7427.38
2.25,1.25,7567.21
2.75,1.25,7711.81
3.25,1.25,7861.6
3.75,1.25,8016.88
4.25,1.25,8177.86
4.75,1.25,8344.58
5.25,1.25,8516.92
5.75,1.25,8694.57
6.25,1.25,8877.03
6.75,1.25,9063.62
7.25,1.25,9253.46
7.75,1.25,9445.51
8.25,1.25,9638.56
8.75,1.25,9831.24
9.25,1.25,10022
9.75,1.25,10209.3
10.25,1.25,10391.3
10.75,1.25,10566
11.25,1.25,10731.7
11.75,1.25,10886.3
12.25,1.25,11027.7
12.75,1.25,11154.1
13.25,1.25,11263.6
13.75,1.25,11354.4
14.25,1.25,11424.8
14.75,1.25,11473.6
15.25,1.25,11499.4
15.75,1.25,11501.2
16.25,1.25,11478.5
16.75,1.25,11430.5
17.25,1.25,11357
17.75,1.25,11258.1
18.25,1.25,11134
18.75,1.25,10985.2
19.25,1.25,10812.6
19.75,1.25,10617.2
20.25,1.25,10400.3
20.75,1.25,10163.4
21.25,1.25,9908.29
21.75,1.25,9636.7
22.25,1.25,9350.55
22.75,1.25,9051.82
23.25,1.25,8742.51
23.75,1.25,8424.66
24.25,1.25,8100.27
24.75,1.25,7771.35
25.25,1.25,7439.85
25.75,1.25,7107.66
26.25,1.25,6776.55
26.75,1.25,6448.18
27.25,1.25,6124.06
27.75,1.25,5805.49
28.25,1.25,5493.59
28.75,1.25,5189.29
29.25,1.25,4893.31
29.75,1.25,4606.2
30.25,1.25,4328.32
30.75,1.25,4059.93
31.25,1.25,3801.12
31.75,1.25,3551.93
32.25,1.25,3312.29
32.75,1.25,3082.04
33.25,1.25,2861.02
33.75,1.25,2648.99
34.25,1.25,2445.69
34.75,1.25,2250.87
35.25,1.25,2064.31
35.75,1.25,1885.83
36.25,1.25,1715.33
36.75,1.25,1552.8
37.25,1.25,1398.33
37.75,1.25,1252.11
38.25,1.25,1114.38
38.75,1.25,985.443
39.25,1.25,865.605
39.75,1.25,755.112
40.25,1.25,654.125
40.75,1.25,562.678
41.25,1.25,480.653
41.75,1.25,407.781
42.25,1.25,343.639
42.75,1.25,287.679
43.25,1.25,239.264
43.75,1.25,197.692
44.25,1.25,162.211
44.75,1.25,132.079
-44.75,1.75,77.4653
-44.25,1.75,88.9518
-43.75,1.75,102.065
-43.25,1.75,117.645
-42.75,1.75,136.53
-42.25,1.75,159.446
-41.75,1.75,187.18
-41.25,1.75,220.569
-40.75,1.75,260.456
-40.25,1.75,307.651
-39.75,1.75,362.869
-39.25,1.75,426.672
-38.75,1.75,499.404
-38.25,1.75,581.141
-37.75,1.75,671.656
-37.25,1.75,770.4
-36.75,1.75,876.516
-36.25,1.75,988.875
-35.75,1.75,1106.14
-35.25,1.75,1226.86
-34.75,1.75,1349.53
-34.25,1.75,1472.73
-33.75,1.75,1595.15
-33.25,1.75,1715.7
-32.75,1.75,1833.5
-32.25,1.75,1947.99
-31.75,1.75,2058.81
-31.25,1.75,2165.9
-30.75,1.75,2269.35
-30.25,1.75,2369.45
-29.75,1.75,2466.6
-29.25,1.75,2561.22
-28.75,1.75,2653.76
-28.25,1.75,2744.63
-27.75,1.75,2834.12
-27.25,1.75,2922.46
-26.75,1.75,3009.69
-26.25,1.75,3095.77
-25.75,1.75,3180.49
-25.25,1.75,3263.56
-24.75,1.75,3344.62
-24.25,1.75,3423.25
-23.75,1.75,3499.06
-23.25,1.75,3571.69
-22.75,1.75,3640.88
-22.25,1.75,3706.46
-21.75,1.75,3768.45
-21.25,1.75,3826.99
-20.75,1.75,3882.4
-20.25,1.75,3935.13
-19.75,1.75,3985.76
-19.25,1.75,4034.95
-18.75,1.75,4083.4
-18.25,1.75,4131.8
-17.75,1.75,4180.81
-17.25,1.75,4230.96
-16.75,1.75,4282.69
-16.25,1.75,4336.29
-15.75,1.75,4391.89
-15.25,1.75,4449.5
-14.75,1.75,4508.99
-14.25,1.75,4570.17
-13.75,1.75,4632.77
-13.25,1.75,4696.49
-12.75,1.75,4761.04
-12.25,1.75,4826.14
-11.75,1.75,4891.56
-11.25,1.75,4957.1
-10.75,1.75,5022.67
-10.25,1.75,5088.21
-9.75,1.75,5153.77
-9.25,1.75,5219.49
-8.75,1.75,5285.62
-8.25,1.75,5352.51
-7.75,1.75,5420.63
-7.25,1.75,5490.5
-6.75,1.75,5562.74
-6.25,1.75,5637.95
-5.75,1.75,5716.74
-5.25,1.75,5799.61
-4.75,1.75,5886.98
-4.25,1.75,5979.1
-3.75,1.75,6076.04
-3.25,1.75,6177.72
-2.75,1.75,6283.92
-2.25,1.75,6394.3
-1.75,1.75,6508.48
-1.25,1.75,6626.07
-0.75,1.75,6746.74
-0.25,1.75,6870.26
0.25,1.75,6996.54
0.75,1.75,7125.65
1.25,1.75,7257.78
1.75,1.75,7393.25
2.25,1.75,7532.48
2.75,1.75,7675.93
3.25,1.75,7824.05
3.75,1.75,7977.23
4.25,1.75,8135.79
4.75,1.75,8299.9
5.25,1.75,8469.56
5.75,1.75,8644.61
6.25,1.75,8824.67
6.75,1.75,9009.16
7.25,1.75,9197.3
7.75,1.75,9388.08
8.25,1.75,9580.32
8.75,1.75,9772.65
9.25,1.75,9963.51
9.75,1.75,10151.2
10.25,1.75,10333.9
10.75,1.75,10509.6
11.25,1.75,10676.4
11.75,1.75,10832.1
12.25,1.75,10974.8
12.75,1.75,11102.5
13.25,1.75,11213.2
13.75,1.75,11305.3
14.25,1.75,11377.2
14.75,1.75,11427.4
15.25,1.75,11454.8
15.75,1.75,11458.4
16.25,1.75,11437.5
16.75,1.75,11391.5
17.25,1.75,11320
17.75,1.75,11223
18.25,1.75,11100.8
18.75,1.75,10953.6
19.25,1.75,10782.5
19.75,1.75,10588.3
20.25,1.75,10372.4
20.75,1.75,10136.4
21.25,1.75,9881.88
21.75,1.75,9610.79
22.25,1.75,9325.09
22.75,1.75,9026.8
23.25,1.75,8717.96
23.75,1.75,8400.64
24.25,1.75,8076.87
24.75,1.75,7748.66
25.25,1.75,7417.94
25.75,1.75,7086.6
26.25,1.75,6756.4
26.75,1.75,6428.98
27.25,1.75,6105.82
27.75,1.75,5788.22
28.25,1.75,5477.29
28.75,1.75,5173.92
29.25,1.75,4878.84
29.75,1.75,4592.55
30.25,1.75,4315.43
30.75,1.75,4047.69
31.25,1.75,3789.43
31.75,1.75,3540.67
32.25,1.75,3301.34
32.75,1.75,3071.31
33.25,1.75,2850.42
33.75,1.75,2638.47
34.25,1.75,2435.26
34.75,1.75,2240.57
35.25,1.75,2054.21
35.75,1.75,1876.04
36.25,1.75,1705.98
36.75,1.75,1544.01
37.25,1.75,1390.22
37.75,1.75,1244.77
38.25,1.75,1107.87
38.75,1.75,979.797
39.25,1.75,860.797
39.75,1.75,751.087
40.25,1.75,650.795
40.75,1.75,559.937
41.25,1.75,478.386
41.75,1.75,405.871
42.25,1.75,341.983
42.75,1.75,286.189
43.25,1.75,237.871
43.75,1.75,196.35
44.25,1.75,160.895
44.75,1.75,130.778
-44.75,2.25,74.5561
-44.25,2.25,85.938
-43.75,2.25,98.936
-43.25,2.25,114.367
-42.75,2.25,133.054
-42.25,2.25,155.715
-41.75,2.25,183.136
-41.25,2.25,216.149
-40.75,2.25,255.599
-40.25,2.25,302.293
-39.75,2.25,356.949
-39.25,2.25,420.129
-38.75,2.25,492.179
-38.25,2.25,573.176
-37.75,2.25,662.891
-37.25,2.25,760.773
-36.75,2.25,865.967
-36.25,2.25,977.34
-35.75,2.25,1093.56
-35.25,2.25,1213.17
-34.75,2.25,1334.7
-34.25,2.25,1456.72
-33.75,2.25,1577.95
-33.25,2.25,1697.33
-32.75,2.25,1814.04
-32.25,2.25,1927.54
-31.75,2.25,2037.54
-31.25,2.25,2143.98
-30.75,2.25,2247.04
-30.25,2.25,2347
-29.75,2.25,2444.25
-29.25,2.25,2539.21
-28.75,2.25,2632.29
-28.25,2.25,2723.82
-27.75,2.25,2814.04
-27.25,2.25,2903.05
-26.75,2.25,2990.83
-26.25,2.25,3077.22
-25.75,2.25,3161.97
-25.25,2.25,3244.74
-24.75,2.25,3325.14
-24.25,2.25,3402.79
-23.75,2.25,3477.33
-23.25,2.25,3548.5
-22.75,2.25,3616.13
-22.25,2.25,3680.18
-21.75,2.25,3740.77
-21.25,2.25,3798.15
-20.75,2.25,3852.7
-20.25,2.25,3904.95
-19.75,2.25,3955.49
-19.25,2.25,4004.96
-18.75,2.25,4054.05
-18.25,2.25,4103.4
-17.75,2.25,4153.58
-17.25,2.25,4205.06
-16.75,2.25,4258.2
-16.25,2.25,4313.21
-15.75,2.25,4370.16
-15.25,2.25,4429
-14.75,2.25,4489.55
-14.25,2.25,4551.55
-13.75,2.25,4614.7
-13.25,2.25,4678.65
-12.75,2.25,4743.08
-12.25,2.25,4807.68
-11.75,2.25,4872.19
-11.25,2.25,4936.42
-10.75,2.25,5000.29
-10.25,2.25,5063.76
-9.75,2.25,5126.95
-9.25,2.25,5190.06
-8.75,2.25,5253.41
-8.25,2.25,5317.45
-7.75,2.25,5382.72
-7.25,2.25,5449.86
-6.75,2.25,5519.54
-6.25,2.25,5592.46
-5.75,2.25,5669.26
-5.25,2.25,5750.51
-4.75,2.25,5836.64
-4.25,2.25,5927.93
-3.75,2.25,6024.45
-3.25,2.25,6126.11
-2.75,2.25,6232.65
-2.25,2.25,6343.68
-1.75,2.25,6458.75
-1.25,2.25,6577.36
-0.75,2.25,6699.1
-0.25,2.25,6823.61
0.25,2.25,6950.71
0.75,2.25,7080.34
1.25,2.25,7212.63
1.75,2.25,7347.84
2.25,2.25,7486.35
2.75,2.25,7628.62
3.25,2.25,7775.15
3.75,2.25,7926.38
4.25,2.25,8082.72
4.75,2.25,8244.43
5.25,2.25,8411.64
5.75,2.25,8584.28
6.25,2.25,8762.08
6.75,2.25,8944.54
7.25,2.25,9130.92
7.75,2.25,9320.3
8.25,2.25,9511.47
8.75,2.25,9703.08
9.25,2.25,9893.53
9.75,2.25,10081.1
10.25,2.25,10263.8
10.75,2.25,10439.8
11.25,2.25,10606.9
11.75,2.25,10763.1
12.25,2.25,10906.3
12.75,2.25,11034.5
13.25,2.25,11145.9
13.75,2.25,11238.7
14.25,2.25,11311.5
14.75,2.25,11362.9
15.25,2.25,11391.8
15.75,2.25,11397.2
16.25,2.25,11378.3
16.75,2.25,11334.5
17.25,2.25,11265.5
17.75,2.25,11171.1
18.25,2.25,11051.4
18.75,2.25,10906.8
19.25,2.25,10738
19.75,2.25,10546
20.25,2.25,10331.9
20.75,2.25,10097.5
21.25,2.25,9844.36
21.75,2.25,9574.44
22.25,2.25,9289.75
22.75,2.25,8992.38
23.25,2.25,8684.42
23.75,2.25,8368
24.25,2.25,8045.2
24.75,2.25,7718.05
25.25,2.25,7388.51
25.75,2.25,7058.45
26.25,2.25,6729.64
26.75,2.25,6403.7
27.25,2.25,6082.08
27.75,2.25,5766.06
28.25,2.25,5456.69
28.75,2.25,5154.85
29.25,2.25,4861.21
29.75,2.25,4576.24
30.25,2.25,4300.26
30.75,2.25,4033.48
31.25,2.25,3775.96
31.75,2.25,3527.72
32.25,2.25,3288.69
32.75,2.25,3058.78
33.25,2.25,2837.87
33.75,2.25,2625.82
34.25,2.25,2422.47
34.75,2.25,2227.69
35.25,2.25,2041.34
35.75,2.25,1863.33
36.25,2.25,1693.6
36.75,2.25,1532.17
37.25,2.25,1379.1
37.75,2.25,1234.53
38.25,2.25,1098.64
38.75,2.25,971.642
39.25,2.25,853.735
39.75,2.25,745.082
40.25,2.25,645.768
40.75,2.25,555.772
41.25,2.25,474.949
41.75,2.25,403.022
42.25,2.25,339.586
42.75,2.25,284.125
43.25,2.25,236.041
43.75,2.25,194.681
44.25,2.25,159.336
44.75,2.25,129.301
-44.75,2.75,71.4322
-44.25,2.75,82.6545
-43.75,2.75,95.4837
-43.25,2.75,110.711
-42.75,2.75,129.143
-42.25,2.75,151.487
-41.75,2.75,178.525
-41.25,2.75,211.083
-40.75,2.75,250.001
-40.25,2.75,296.084
-39.75,2.75,350.049
-39.25,2.75,412.454
-38.75,2.75,483.645
-38.25,2.75,563.698
-37.75,2.75,652.386
-37.25,2.75,749.161
-36.75,2.75,853.171
-36.25,2.75,963.293
-35.75,2.75,1078.2
-35.25,2.75,1196.46
-34.75,2.75,1316.61
-34.25,2.75,1437.25
-33.75,2.75,1557.13
-33.25,2.75,1675.23
-32.75,2.75,1790.76
-32.25,2.75,1903.21
-31.75,2.75,2012.34
-31.25,2.75,2118.14
-30.75,2.75,2220.77
-30.25,2.75,2320.56
-29.75,2.75,2417.88
-29.25,2.75,2513.14
-28.75,2.75,2606.69
-28.25,2.75,2698.81
-27.75,2.75,2789.66
-27.25,2.75,2879.27
-26.75,2.75,2967.53
-26.25,2.75,3054.2
-25.75,2.75,3138.97
-25.25,2.75,3221.46
-24.75,2.75,3301.26
-24.25,2.75,3378.02
-23.75,2.75,3451.43
-23.25,2.75,3521.29
-22.75,2.75,3587.54
-22.25,2.75,3650.23
-21.75,2.75,3709.59
-21.25,2.75,3765.96
-20.75,2.75,3819.79
-20.25,2.75,3871.65
-19.75,2.75,3922.15
-19.25,2.75,3971.94
-18.75,2.75,4021.65
-18.25,2.75,4071.87
-17.75,2.75,4123.1
-17.25,2.75,4175.76
-16.75,2.75,4230.11
-16.25,2.75,4286.3
-15.75,2.75,4344.35
-15.25,2.75,4404.14
-14.75,2.75,4465.47
-14.25,2.75,4528.04
-13.75,2.75,4591.5
-13.25,2.75,4655.49
-12.75,2.75,4719.64
-12.25,2.75,4783.64
-11.75,2.75,4847.23
-11.25,2.75,4910.2
-10.75,2.75,4972.48
-10.25,2.75,5034.09
-9.75,2.75,5095.16
-9.25,2.75,5155.95
-8.75,2.75,5216.87
-8.25,2.75,5278.41
-7.75,2.75,5341.2
-7.25,2.75,5405.93
-6.75,2.75,5473.33
-6.25,2.75,5544.14
-5.75,2.75,5619.04
-5.25,2.75,5698.64
-4.75,2.75,5783.39
-4.25,2.75,5873.57
-3.75,2.75,5969.26
-3.25,2.75,6070.37
-2.75,2.75,6176.62
-2.25,2.75,6287.59
-1.75,2.75,6402.78
-1.25,2.75,6521.65
-0.75,2.75,6643.69
-0.25,2.75,6768.5
0.25,2.75,6895.79
0.75,2.75,7025.42
1.25,2.75,7157.47
1.75,2.75,7292.12
2.25,2.75,7429.76
2.75,2.75,7570.83
3.25,2.75,7715.83
3.75,2.75,7865.27
4.25,2.75,8019.6
4.75,2.75,8179.17
5.25,2.75,8344.18
5.75,2.75,8514.63
6.25,2.75,8690.32
6.75,2.75,8870.82
7.25,2.75,9055.44
7.75,2.75,9243.26
8.25,2.75,9433.13
8.75,2.75,9623.65
9.25,2.75,9813.23
9.75,2.75,10000.1
10.25,2.75,10182.3
10.75,2.75,10357.8
11.25,2.75,10524.6
11.75,2.75,10680.4
12.25,2.75,10823.4
12.75,2.75,10951.5
13.25,2.75,11062.8
13.75,2.75,11155.9
14.25,2.75,11229.1
14.75,2.75,11281.3
15.25,2.75,11311.3
15.75,2.75,11318.3
16.25,2.75,11301.3
16.75,2.75,11259.9
17.25,2.75,11193.5
17.75,2.75,11102
18.25,2.75,10985.4
18.75,2.75,10843.8
19.25,2.75,10678
19.75,2.75,10488.8
20.25,2.75,10277.3
20.75,2.75,10045.2
21.25,2.75,9794.14
21.75,2.75,9526.02
22.25,2.75,9242.93
22.75,2.75,8947.01
23.25,2.75,8640.43
23.75,2.75,8325.38
24.25,2.75,8004
24.75,2.75,7678.39
25.25,2.75,7350.53
25.75,2.75,7022.31
26.25,2.75,6695.5
26.75,2.75,6371.7
27.25,2.75,6052.32
27.75,2.75,5738.58
28.25,2.75,5431.48
28.75,2.75,5131.84
29.25,2.75,4840.25
29.75,2.75,4557.12
30.25,2.75,4282.74
30.75,2.75,4017.24
31.25,2.75,3760.68
31.75,2.75,3513.07
32.25,2.75,3274.37
32.75,2.75,3044.52
33.25,2.75,2823.46
33.75,2.75,2611.13
34.25,2.75,2407.45
34.75,2.75,2212.39
35.25,2.75,2025.88
35.75,2.75,1847.89
36.25,2.75,1678.42
36.75,2.75,1517.49
37.25,2.75,1365.18
37.75,2.75,1221.58
38.25,2.75,1086.85
38.75,2.75,961.121
39.25,2.75,844.535
39.75,2.75,737.189
40.25,2.75,639.11
40.75,2.75,550.233
41.25,2.75,470.383
41.75,2.75,399.27
42.25,2.75,336.487
42.75,2.75,281.531
43.25,2.75,233.826
43.75,2.75,192.743
44.25,2.75,157.6
44.75,2.75,127.718
-44.75,3.25,68.232
-44.25,3.25,79.2487
-43.75,3.25,91.8636
-43.25,3.25,106.843
-42.75,3.25,124.971
-42.25,3.25,146.949
-41.75,3.25,173.547
-41.25,3.25,205.584
-40.75,3.25,243.892
-40.25,3.25,289.27
-39.75,3.25,342.427
-39.25,3.25,403.917
-38.75,3.25,474.084
-38.25,3.25,553.002
-37.75,3.25,640.445
-37.25,3.25,735.872
-36.75,3.25,838.442
-36.25,3.25,947.047
-35.75,3.25,1060.38
-35.25,3.25,1177.04
-34.75,3.25,1295.58
-34.25,3.25,1414.64
-33.75,3.25,1533.01
-33.25,3.25,1649.69
-32.75,3.25,1763.94
-32.25,3.25,1875.28
-31.75,3.25,1983.48
-31.25,3.25,2088.57
-30.75,3.25,2190.73
-30.25,3.25,2290.28
-29.75,3.25,2387.58
-29.25,3.25,2483.02
-28.75,3.25,2576.91
-28.25,3.25,2669.47
-27.75,3.25,2760.8
-27.25,3.25,2850.86
-26.75,3.25,2939.46
-26.25,3.25,3026.33
-25.75,3.25,3111.07
-25.25,3.25,3193.29
-24.75,3.25,3272.58
-24.25,3.25,3348.59
-23.75,3.25,3421.06
-23.25,3.25,3489.86
-22.75,3.25,3554.99
-22.25,3.25,3616.62
-21.75,3.25,3675.03
-21.25,3.25,3730.64
-20.75,3.25,3783.98
-20.25,3.25,3835.64
-19.75,3.25,3886.24
-19.25,3.25,3936.4
-18.75,3.25,3986.71
-18.25,3.25,4037.72
-17.75,3.25,4089.85
-17.25,3.25,4143.45
-16.75,3.25,4198.73
-16.25,3.25,4255.77
-15.75,3.25,4314.54
-15.25,3.25,4374.89
-14.75,3.25,4436.59
-14.25,3.25,4499.33
-13.75,3.25,4562.74
-13.25,3.25,4626.45
-12.75,3.25,4690.1
-12.25,3.25,4753.36
-11.75,3.25,4815.96
-11.25,3.25,4877.74
-10.75,3.25,4938.6
-10.25,3.25,4998.6
-9.75,3.25,5057.91
-9.25,3.25,5116.84
-8.75,3.25,5175.81
-8.25,3.25,5235.38
-7.75,3.25,5296.2
-7.25,3.25,5359
-6.75,3.25,5424.53
-6.25,3.25,5493.57
-5.75,3.25,5566.8
-5.25,3.25,5644.84
-4.75,3.25,5728.15
-4.25,3.25,5817.01
-3.75,3.25,5911.54
-3.25,3.25,6011.62
-2.75,3.25,6117
-2.25,3.25,6227.24
-1.75,3.25,6341.83
-1.25,3.25,6460.21
-0.75,3.25,6581.84
-0.25,3.25,6706.25
0.25,3.25,6833.1
0.75,3.25,6962.22
1.25,3.25,7093.6
1.75,3.25,7227.42
2.25,3.25,7364
2.75,3.25,7503.8
3.25,3.25,7647.32
3.75,3.25,7795.09
4.25,3.25,7947.61
4.75,3.25,8105.25
5.25,3.25,8268.27
5.75,3.25,8436.72
6.25,3.25,8610.44
6.75,3.25,8789.03
7.25,3.25,8971.85
7.75,3.25,9157.99
8.25,3.25,9346.29
8.75,3.25,9535.37
9.25,3.25,9723.62
9.75,3.25,9909.26
10.25,3.25,10090.3
10.75,3.25,10264.8
11.25,3.25,10430.5
11.75,3.25,10585.5
12.25,3.25,10727.6
12.75,3.25,10854.9
13.25,3.25,10965.7
13.75,3.25,11058.3
14.25,3.25,11131.5
14.75,3.25,11184
15.25,3.25,11214.7
15.75,3.25,11222.7
16.25,3.25,11207.5
16.75,3.25,11168.1
17.25,3.25,11104.4
17.75,3.25,11015.8
18.25,3.25,10902.3
18.75,3.25,10764.1
19.25,3.25,10601.6
19.75,3.25,10415.7
20.25,3.25,10207.4
20.75,3.25,9978.23
21.25,3.25,9729.83
21.75,3.25,9464.15
22.25,3.25,9183.27
22.75,3.25,8889.4
23.25,3.25,8584.79
23.75,3.25,8271.69
24.25,3.25,7952.33
24.75,3.25,7628.85
25.25,3.25,7303.31
25.75,3.25,6977.61
26.25,3.25,6653.51
26.75,3.25,6332.58
27.25,3.25,6016.2
27.75,3.25,5705.5
28.25,3.25,5401.42
28.75,3.25,5104.66
29.25,3.25,4815.75
29.75,3.25,4535.01
30.25,3.25,4262.65
30.75,3.25,3998.77
31.25,3.25,3743.41
31.75,3.25,3496.56
32.25,3.25,3258.22
32.75,3.25,3028.4
33.25,3.25,2807.12
33.75,3.25,2594.39
34.25,3.25,2390.26
34.75,3.25,2194.78
35.25,3.25,2007.99
35.75,3.25,1829.94
36.25,3.25,1660.68
36.75,3.25,1500.26
37.25,3.25,1348.74
37.75,3.25,1206.21
38.25,3.25,1072.76
38.75,3.25,948.459
39.25,3.25,833.385
39.75,3.25,727.557
40.25,3.25,630.938
40.75,3.25,543.408
41.25,3.25,464.755
41.75,3.25,394.665
42.25,3.25,332.728
42.75,3.25,278.449
43.25,3.25,231.27
43.75,3.25,190.587
44.25,3.25,155.746
44.75,3.25,126.094
-44.75,3.75,65.0635
-44.25,3.75,75.8368
-43.75,3.75,88.1993
-43.25,3.75,102.891
-42.75,3.75,120.677
-42.25,3.75,142.244
-41.75,3.75,168.351
-41.25,3.75,199.807
-40.75,3.75,237.433
-40.25,3.75,282.014
-39.75,3.75,334.253
-39.25,3.75,394.694
-38.75,3.75,463.674
-38.25,3.75,541.268
-37.75,3.75,627.254
-37.25,3.75,721.1
-36.75,3.75,821.982
-36.25,3.75,928.816
-35.75,3.75,1040.33
-35.25,3.75,1155.14
-34.75,3.75,1271.86
-34.25,3.75,1389.15
-33.75,3.75,1505.85
-33.25,3.75,1620.99
-32.75,3.75,1733.86
-32.25,3.75,1844.01
-31.75,3.75,1951.23
-31.25,3.75,2055.56
-30.75,3.75,2157.17
-30.25,3.75,2256.38
-29.75,3.75,2353.54
-29.25,3.75,2448.99
-28.75,3.75,2543.03
-28.25,3.75,2635.82
-27.75,3.75,2727.41
-27.25,3.75,2817.71
-26.75,3.75,2906.48
-26.25,3.75,2993.39
-25.75,3.75,3078.03
-25.25,3.75,3159.97
-24.75,3.75,3238.81
-24.25,3.75,3314.22
-23.75,3.75,3385.98
-23.25,3.75,3453.99
-22.75,3.75,3518.34
-22.25,3.75,3579.25
-21.75,3.75,3637.07
-21.25,3.75,3692.27
-20.75,3.75,3745.42
-20.25,3.75,3797.12
-19.75,3.75,3847.98
-19.25,3.75,3898.6
-18.75,3.75,3949.53
-18.25,3.75,4001.24
-17.75,3.75,4054.09
-17.25,3.75,4108.37
-16.75,3.75,4164.23
-16.25,3.75,4221.7
-15.75,3.75,4280.73
-15.25,3.75,4341.15
-14.75,3.75,4402.72
-14.25,3.75,4465.13
-13.75,3.75,4528.04
-13.25,3.75,4591.08
-12.75,3.75,4653.91
-12.25,3.75,4716.22
-11.75,3.75,4777.77
-11.25,3.75,4838.39
-10.75,3.75,4898.02
-10.25,3.75,4956.73
-9.75,3.75,5014.71
-9.25,3.75,5072.28
-8.75,3.75,5129.89
-8.25,3.75,5188.1
-7.75,3.75,5247.57
-7.25,3.75,5309.02
-6.75,3.75,5373.22
-6.25,3.75,5440.91
-5.75,3.75,5512.78
-5.25,3.75,5589.44
-4.75,3.75,5671.35
-4.25,3.75,5758.79
-3.75,3.75,5851.9
-3.25,3.75,5950.59
-2.75,3.75,6054.61
-2.25,3.75,6163.56
-1.75,3.75,6276.94
-1.25,3.75,6394.19
-0.75,3.75,6514.75
-0.25,3.75,6638.15
0.25,3.75,6764.01
0.75,3.75,6892.12
1.25,3.75,7022.46
1.75,3.75,7155.15
2.25,3.75,7290.5
2.75,3.75,7428.95
3.25,3.75,7571
3.75,3.75,7717.18
4.25,3.75,7868.01
4.75,3.75,8023.88
5.25,3.75,8185.06
5.75,3.75,8351.63
6.25,3.75,8523.46
6.75,3.75,8700.15
7.25,3.75,8881.07
7.75,3.75,9065.34
8.25,3.75,9251.81
8.75,3.75,9439.09
9.25,3.75,9625.6
9.75,3.75,9809.52
10.25,3.75,9988.94
10.75,3.75,10161.8
11.25,3.75,10326
11.75,3.75,10479.5
12.25,3.75,10620.2
12.75,3.75,10746.2
13.25,3.75,10855.9
13.75,3.75,10947.7
14.25,3.75,11020.2
14.75,3.75,11072.4
15.25,3.75,11103.3
15.75,3.75,11112.1
16.25,3.75,11097.9
16.75,3.75,11060.3
17.25,3.75,10998.7
17.75,3.75,10912.8
18.25,3.75,10802.3
18.75,3.75,10667.5
19.25,3.75,10508.5
19.75,3.75,10326.2
20.25,3.75,10121.4
20.75,3.75,9895.68
21.25,3.75,9650.53
21.75,3.75,9387.9
22.25,3.75,9109.89
22.75,3.75,8818.75
23.25,3.75,8516.78
23.75,3.75,8206.33
24.25,3.75,7889.68
24.75,3.75,7569.06
25.25,3.75,7246.56
25.75,3.75,6924.12
26.25,3.75,6603.49
26.75,3.75,6286.21
27.25,3.75,5973.59
27.75,3.75,5666.67
28.25,3.75,5366.3
28.75,3.75,5073.08
29.25,3.75,4787.42
29.75,3.75,4509.56
30.25,3.75,4239.63
30.75,3.75,3977.68
31.25,3.75,3723.74
31.75,3.75,3477.8
32.25,3.75,3239.92
32.75,3.75,3010.16
33.25,3.75,2788.63
33.75,3.75,2575.48
34.25,3.75,2370.86
34.75,3.75,2174.93
35.25,3.75,1987.84
35.75,3.75,1809.72
36.25,3.75,1640.67
36.75,3.75,1480.79
37.25,3.75,1330.13
37.75,3.75,1188.75
38.25,3.75,1056.68
38.75,3.75,933.95
39.25,3.75,820.54
39.75,3.75,716.4
40.25,3.75,621.423
40.75,3.75,535.429
41.25,3.75,458.163
41.75,3.75,389.283
42.25,3.75,328.369
42.75,3.75,274.928
43.25,3.75,228.42
43.75,3.75,188.261
44.25,3.75,153.825
44.75,3.75,124.485
-44.75,4.25,61.9994
-44.25,4.25,72.4981
-43.75,4.25,84.574
-43.25,4.25,98.9423
-42.75,4.25,116.345
-42.25,4.25,137.458
-41.75,4.25,163.023
-41.25,4.25,193.835
-40.75,4.25,230.7
-40.25,4.25,274.39
-39.75,4.25,325.592
-39.25,4.25,384.843
-38.75,4.25,452.472
-38.25,4.25,528.553
-37.75,4.25,612.87
-37.25,4.25,704.907
-36.75,4.25,803.864
-36.25,4.25,908.689
-35.75,4.25,1018.15
-35.25,4.25,1130.9
-34.75,4.25,1245.6
-34.25,4.25,1360.97
-33.75,4.25,1475.87
-33.25,4.25,1589.37
-32.75,4.25,1700.79
-32.25,4.25,1809.69
-31.75,4.25,1915.88
-31.25,4.25,2019.37
-30.75,4.25,2120.36
-30.25,4.25,2219.12
-29.75,4.25,2316
-29.25,4.25,2411.29
-28.75,4.25,2505.26
-28.25,4.25,2598.03
-27.75,4.25,2689.62
-27.25,4.25,2779.9
-26.75,4.25,2868.6
-26.25,4.25,2955.37
-25.75,4.25,3039.79
-25.25,4.25,3121.41
-24.75,4.25,3199.84
-24.25,4.25,3274.77
-23.75,4.25,3346.01
-23.25,4.25,3413.53
-22.75,4.25,3477.43
-22.25,4.25,3537.99
-21.75,4.25,3595.59
-21.25,4.25,3650.76
-20.75,4.25,3704.04
-20.25,4.25,3756.05
-19.75,4.25,3807.37
-19.25,4.25,3858.57
-18.75,4.25,3910.12
-18.25,4.25,3962.44
-17.75,4.25,4015.83
-17.25,4.25,4070.51
-16.75,4.25,4126.57
-16.25,4.25,4184.04
-15.75,4.25,4242.82
-15.25,4.25,4302.77
-14.75,4.25,4363.65
-14.25,4.25,4425.18
-13.75,4.25,4487.08
-13.25,4.25,4549.01
-12.75,4.25,4610.68
-12.25,4.25,4671.81
-11.75,4.25,4732.19
-11.25,4.25,4791.7
-10.75,4.25,4850.28
-10.25,4.25,4908.02
-9.75,4.25,4965.1
-9.25,4.25,5021.85
-8.75,4.25,5078.7
-8.25,4.25,5136.2
-7.75,4.25,5194.96
-7.25,4.25,5255.69
-6.75,4.25,5319.1
-6.25,4.25,5385.91
-5.75,4.25,5456.79
-5.25,4.25,5532.3
-4.75,4.25,5612.92
-4.25,4.25,5698.93
-3.75,4.25,5790.48
-3.25,4.25,5887.52
-2.75,4.25,5989.83
-2.25,4.25,6097.06
-1.75,4.25,6208.75
-1.25,4.25,6324.35
-0.75,4.25,6443.35
-0.25,4.25,6565.26
0.25,4.25,6689.69
0.75,4.25,6816.43
1.25,4.25,6945.4
1.75,4.25,7076.73
2.25,4.25,7210.7
2.75,4.25,7347.72
3.25,4.25,7488.27
3.75,4.25,7632.9
4.25,4.25,7782.09
4.75,4.25,7936.25
5.25,4.25,8095.66
5.75,4.25,8260.39
6.25,4.25,8430.3
6.75,4.25,8605.01
7.25,4.25,8783.9
7.75,4.25,8966.08
8.25,4.25,9150.43
8.75,4.25,9335.56
9.25,4.25,9519.91
9.75,4.25,9701.71
10.25,4.25,9879.02
10.75,4.25,10049.8
11.25,4.25,10212.1
11.75,4.25,10363.6
12.25,4.25,10502.5
12.75,4.25,10626.9
13.25,4.25,10735.1
13.75,4.25,10825.5
14.25,4.25,10897
14.75,4.25,10948.5
15.25,4.25,10979
15.75,4.25,10987.8
16.25,4.25,10974.3
16.75,4.25,10937.8
17.25,4.25,10877.8
17.75,4.25,10794.1
18.25,4.25,10686.3
18.75,4.25,10554.6
19.25,4.25,10399
19.75,4.25,10220.4
20.25,4.25,10019.4
20.75,4.25,9797.42
21.25,4.25,9556.01
21.75,4.25,9297.02
22.25,4.25,9022.55
22.75,4.25,8734.84
23.25,4.25,8436.26
23.75,4.25,8129.21
24.25,4.25,7816.04
24.75,4.25,7499.05
25.25,4.25,7180.37
25.75,4.25,6861.95
26.25,4.25,6545.55
26.75,4.25,6232.64
27.25,4.25,5924.47
27.75,4.25,5622
28.25,4.25,5325.95
28.75,4.25,5036.8
29.25,4.25,4754.87
29.75,4.25,4480.3
30.25,4.25,4213.14
30.75,4.25,3953.4
31.25,4.25,3701.09
31.75,4.25,3456.23
32.25,4.25,3218.93
32.75,4.25,2989.34
33.25,4.25,2767.66
33.75,4.25,2554.17
34.25,4.25,2349.13
34.75,4.25,2152.84
35.25,4.25,1965.53
35.75,4.25,1787.43
36.25,4.25,1618.69
36.75,4.25,1459.43
37.25,4.25,1309.72
37.75,4.25,1169.58
38.25,4.25,1039.01
38.75,4.25,917.942
39.25,4.25,806.311
39.75,4.25,703.985
40.25,4.25,610.785
40.75,4.25,526.472
41.25,4.25,450.743
41.75,4.25,383.227
42.25,4.25,323.487
42.75,4.25,271.031
43.25,4.25,225.327
43.75,4.25,185.813
44.25,4.25,151.884
44.75,4.25,122.941
-44.75,4.75,59.0814
-44.25,4.75,69.2775
-43.75,4.75,81.0338
-43.25,4.75,95.0406
-42.75,4.75,112.018
-42.25,4.75,132.624
-41.75,4.75,157.586
-41.25,4.75,187.68
-40.75,4.75,223.693
-40.25,4.75,266.382
-39.75,4.75,316.416
-39.25,4.75,374.322
-38.75,4.75,440.422
-38.25,4.75,514.792
-37.75,4.75,597.228
-37.25,4.75,687.234
-36.75,4.75,784.041
-36.25,4.75,886.637
-35.75,4.75,993.835
-35.25,4.75,1104.35
-34.75,4.75,1216.88
-34.25,4.75,1330.2
-33.75,4.75,1443.2
-33.25,4.75,1555
-32.75,4.75,1664.91
-32.25,4.75,1772.53
-31.75,4.75,1877.65
-31.25,4.75,1980.28
-30.75,4.75,2080.57
-30.25,4.75,2178.79
-29.75,4.75,2275.24
-29.25,4.75,2370.19
-28.75,4.75,2463.86
-28.25,4.75,2556.36
-27.75,4.75,2647.68
-27.25,4.75,2737.67
-26.75,4.75,2826.05
-26.25,4.75,2912.46
-25.75,4.75,2996.48
-25.25,4.75,3077.68
-24.75,4.75,3155.69
-24.25,4.75,3230.23
-23.75,4.75,3301.12
-23.25,4.75,3368.37
-22.75,4.75,3432.12
-22.25,4.75,3492.65
-21.75,4.75,3550.4
-21.25,4.75,3605.85
-20.75,4.75,3659.59
-20.25,4.75,3712.17
-19.75,4.75,3764.14
-19.25,4.75,3816.01
-18.75,4.75,3868.2
-18.25,4.75,3921.05
-17.75,4.75,3974.8
-17.25,4.75,4029.6
-16.75,4.75,4085.51
-16.25,4.75,4142.54
-15.75,4.75,4200.59
-15.25,4.75,4259.53
-14.75,4.75,4319.17
-14.25,4.75,4379.31
-13.75,4.75,4439.69
-13.25,4.75,4500.08
-12.75,4.75,4560.23
-12.25,4.75,4619.94
-11.75,4.75,4679.05
-11.25,4.75,4737.46
-10.75,4.75,4795.15
-10.25,4.75,4852.2
-9.75,4.75,4908.79
-9.25,4.75,4965.22
-8.75,4.75,5021.87
-8.25,4.75,5079.24
-7.75,4.75,5137.89
-7.25,4.75,5198.47
-6.75,4.75,5261.62
-6.25,4.75,5328
-5.75,4.75,5398.23
-5.25,4.75,5472.86
-4.75,4.75,5552.33
-4.25,4.75,5636.96
-3.75,4.75,5726.9
-3.25,4.75,5822.15
-2.75,4.75,5922.55
-2.25,4.75,6027.8
-1.75,4.75,6137.48
-1.25,4.75,6251.12
-0.75,4.75,6368.23
-0.25,4.75,6488.33
0.25,4.75,6611.05
0.75,4.75,6736.16
1.25,4.75,6863.57
1.75,4.75,6993.4
2.25,4.75,7125.87
2.75,4.75,7261.38
3.25,4.75,7400.41
3.75,4.75,7543.47
4.25,4.75,7691.02
4.75,4.75,7843.48
5.25,4.75,8001.08
5.75,4.75,8163.91
6.25,4.75,8331.8
6.75,4.75,8504.39
7.25,4.75,8681.03
7.75,4.75,8860.86
8.25,4.75,9042.76
8.75,4.75,9225.41
9.25,4.75,9407.23
9.75,4.75,9586.52
10.25,4.75,9761.36
10.75,4.75,9929.77
11.25,4.75,10089.7
11.75,4.75,10239
12.25,4.75,10375.9
12.75,4.75,10498.3
13.25,4.75,10604.7
13.75,4.75,10693.5
14.25,4.75,10763.6
14.75,4.75,10813.9
15.25,4.75,10843.5
15.75,4.75,10851.8
16.25,4.75,10838.2
16.75,4.75,10802.2
17.25,4.75,10743.2
17.75,4.75,10661.1
18.25,4.75,10555.5
18.75,4.75,10426.5
19.25,4.75,10274.2
19.75,4.75,10099.1
20.25,4.75,9901.99
20.75,4.75,9684.07
21.25,4.75,9446.81
21.75,4.75,9191.98
22.25,4.75,8921.66
22.75,4.75,8638.09
23.25,4.75,8343.64
23.75,4.75,8040.76
24.25,4.75,7731.86
24.75,4.75,7419.26
25.25,4.75,7105.14
25.75,4.75,6791.46
26.25,4.75,6479.94
26.75,4.75,6172.03
27.25,4.75,5868.89
27.75,4.75,5571.37
28.25,4.75,5280.1
28.75,4.75,4995.44
29.25,4.75,4717.59
29.75,4.75,4446.61
30.25,4.75,4182.48
30.75,4.75,3925.19
31.25,4.75,3674.73
31.75,4.75,3431.16
32.25,4.75,3194.64
32.75,4.75,2965.41
33.25,4.75,2743.79
33.75,4.75,2530.16
34.25,4.75,2324.93
34.75,4.75,2128.47
35.25,4.75,1941.16
35.75,4.75,1763.26
36.25,4.75,1595.01
36.75,4.75,1436.53
37.25,4.75,1287.9
37.75,4.75,1149.11
38.25,4.75,1020.12
38.75,4.75,900.815
39.25,4.75,791.045
39.75,4.75,690.615
40.25,4.75,599.281
40.75,4.75,516.747
41.25,4.75,442.663
41.75,4.75,376.625
42.25,4.75,318.179
42.75,4.75,266.828
43.25,4.75,222.047
43.75,4.75,183.287
44.25,4.75,149.964
44.75,4.75,121.499
-44.75,5.25,56.3289
-44.25,5.25,66.1942
-43.75,5.25,77.5951
-43.25,5.25,91.1975
-42.75,5.25,107.698
-42.25,5.25,127.736
-41.75,5.25,152.019
-41.25,5.25,181.303
-40.75,5.25,216.355
-40.25,5.25,257.911
-39.75,5.25,306.625
-39.25,5.25,363.012
-38.75,5.25,427.391
-38.25,5.25,499.844
-37.75,5.25,580.182
-37.25,5.25,667.938
-36.75,5.25,762.382
-36.25,5.25,862.551
-35.75,5.25,967.312
-35.25,5.25,1075.44
-34.75,5.25,1185.68
-34.25,5.25,1296.85
-33.75,5.25,1407.91
-33.25,5.25,1517.96
-32.75,5.25,1626.37
-32.25,5.25,1732.7
-31.75,5.25,1836.75
-31.25,5.25,1938.48
-30.75,5.25,2038.04
-30.25,5.25,2135.63
-29.75,5.25,2231.52
-29.25,5.25,2325.97
-28.75,5.25,2419.14
-28.25,5.25,2511.14
-27.75,5.25,2601.92
-27.25,5.25,2691.35
-26.75,5.25,2779.14
-26.25,5.25,2864.95
-25.75,5.25,2948.39
-25.25,5.25,3029.05
-24.75,5.25,3106.58
-24.25,5.25,3180.73
-23.75,5.25,3251.37
-23.25,5.25,3318.5
-22.75,5.25,3382.31
-22.25,5.25,3443.07
-21.75,5.25,3501.22
-21.25,5.25,3557.25
-20.75,5.25,3611.67
-20.25,5.25,3665.02
-19.75,5.25,3717.79
-19.25,5.25,3770.42
-18.75,5.25,3823.24
-18.25,5.25,3876.53
-17.75,5.25,3930.47
-17.25,5.25,3985.14
-16.75,5.25,4040.6
-16.25,5.25,4096.8
-15.75,5.25,4153.69
-15.25,5.25,4211.17
-14.75,5.25,4269.12
-14.25,5.25,4327.39
-13.75,5.25,4385.84
-13.25,5.25,4444.3
-12.75,5.25,4502.65
-12.25,5.25,4560.73
-11.75,5.25,4618.47
-11.25,5.25,4675.79
-10.75,5.25,4732.71
-10.25,5.25,4789.29
-9.75,5.25,4845.71
-9.25,5.25,4902.21
-8.75,5.25,4959.11
-8.25,5.25,5016.83
-7.75,5.25,5075.86
-7.25,5.25,5136.74
-6.75,5.25,5200.05
-6.25,5.25,5266.37
-5.75,5.25,5336.27
-5.25,5.25,5410.24
-4.75,5.25,5488.73
-4.25,5.25,5572.06
-3.75,5.25,5660.42
-3.25,5.25,5753.85
-2.75,5.25,5852.25
-2.25,5.25,5955.41
-1.75,5.25,6062.96
-1.25,5.25,6174.5
-0.75,5.25,6289.56
-0.25,5.25,6407.71
0.25,5.25,6528.6
0.75,5.25,6651.99
1.25,5.25,6777.78
1.75,5.25,6906.03
2.25,5.25,7036.98
2.75,5.25,7170.97
3.25,5.25,7308.46
3.75,5.25,7449.92
4.25,5.25,7595.8
4.75,5.25,7746.48
5.25,5.25,7902.19
5.75,5.25,8062.97
6.25,5.25,8228.67
6.75,5.25,8398.9
7.25,5.25,8573.03
7.75,5.25,8750.21
8.25,5.25,8929.35
8.75,5.25,9109.16
9.25,5.25,9288.12
9.75,5.25,9464.56
10.25,5.25,9636.63
10.75,5.25,9802.37
11.25,5.25,9959.75
11.75,5.25,10106.7
12.25,5.25,10241.3
12.75,5.25,10361.6
13.25,5.25,10466
13.75,5.25,10553.1
14.25,5.25,10621.4
14.75,5.25,10670.2
15.25,5.25,10698.6
15.75,5.25,10705.9
16.25,5.25,10691.7
16.75,5.25,10655.4
17.25,5.25,10596.9
17.75,5.25,10515.8
18.25,5.25,10411.8
18.75,5.25,10285
19.25,5.25,10135.6
19.75,5.25,9963.88
20.25,5.25,9770.63
20.75,5.25,9556.91
21.25,5.25,9324.09
21.75,5.25,9073.87
22.25,5.25,8808.25
22.75,5.25,8529.44
23.25,5.25,8239.82
23.75,5.25,7941.83
24.25,5.25,7637.9
24.75,5.25,7330.38
25.25,5.25,7021.46
25.75,5.25,6713.11
26.25,5.25,6407.01
26.75,5.25,6104.56
27.25,5.25,5806.85
27.75,5.25,5514.63
28.25,5.25,5228.42
28.75,5.25,4948.5
29.25,5.25,4674.96
29.75,5.25,4407.77
30.25,5.25,4146.88
30.75,5.25,3892.24
31.25,5.25,3643.84
31.75,5.25,3401.81
32.25,5.25,3166.34
32.75,5.25,2937.78
33.25,5.25,2716.55
33.75,5.25,2503.14
34.25,5.25,2298.06
34.75,5.25,2101.8
35.25,5.25,1914.8
35.75,5.25,1737.41
36.25,5.25,1569.9
36.75,5.25,1412.42
37.25,5.25,1265.04
37.75,5.25,1127.74
38.25,5.25,1000.43
38.75,5.25,882.947
39.25,5.25,775.092
39.75,5.25,676.605
40.25,5.25,587.184
40.75,5.25,506.482
41.25,5.25,434.106
41.75,5.25,369.622
42.25,5.25,312.555
42.75,5.25,262.401
43.25,5.25,218.637
43.75,5.25,180.725
44.25,5.25,148.096
44.75,5.25,120.186
-44.75,5.75,53.7494
-44.25,5.75,63.2532
-43.75,5.75,74.2581
-43.25,5.75,87.4053
-42.75,5.75,103.366
-42.25,5.75,122.761
-41.75,5.75,146.275
-41.25,5.75,174.639
-40.75,5.75,208.6
-40.25,5.75,248.871
-39.75,5.75,296.094
-39.25,5.75,350.77
-38.75,5.75,413.222
-38.25,5.75,483.541
-37.75,5.75,561.562
-37.25,5.75,646.855
-36.75,5.75,738.736
-36.25,5.75,836.298
-35.75,5.75,938.469
-35.25,5.75,1044.08
-34.75,5.75,1151.95
-34.25,5.75,1260.93
-33.75,5.75,1370.01
-33.25,5.75,1478.33
-32.75,5.75,1585.24
-32.25,5.75,1690.31
-31.75,5.75,1793.29
-31.25,5.75,1894.14
-30.75,5.75,1992.93
-30.25,5.75,2089.84
-29.75,5.75,2185.09
-29.25,5.75,2278.89
-28.75,5.75,2371.39
-28.25,5.75,2462.67
-27.75,5.75,2552.69
-27.25,5.75,2641.3
-26.75,5.75,2728.27
-26.25,5.75,2813.26
-25.75,5.75,2895.91
-25.25,5.75,2975.86
-24.75,5.75,3052.81
-24.25,5.75,3126.53
-23.75,5.75,3196.91
-23.25,5.75,3264
-22.75,5.75,3327.97
-22.25,5.75,3389.11
-21.75,5.75,3447.82
-21.25,5.75,3504.56
-20.75,5.75,3559.82
-20.25,5.75,3614.06
-19.75,5.75,3667.7
-19.25,5.75,3721.09
-18.75,5.75,3774.52
-18.25,5.75,3828.17
-17.75,5.75,3882.14
-17.25,5.75,3936.49
-16.75,5.75,3991.23
-16.25,5.75,4046.33
-15.75,5.75,4101.75
-15.25,5.75,4157.44
-14.75,5.75,4213.35
-14.25,5.75,4269.43
-13.75,5.75,4325.64
-13.25,5.75,4381.92
-12.75,5.75,4438.24
-12.25,5.75,4494.55
-11.75,5.75,4550.83
-11.25,5.75,4607.07
-10.75,5.75,4663.29
-10.25,5.75,4719.57
-9.75,5.75,4776.03
-9.25,5.75,4832.85
-8.75,5.75,4890.3
-8.25,5.75,4948.69
-7.75,5.75,5008.41
-7.25,5.75,5069.9
-6.75,5.75,5133.65
-6.25,5.75,5200.16
-5.75,5.75,5269.93
-5.25,5.75,5343.43
-4.75,5.75,5421.08
-4.25,5.75,5503.22
-3.75,5.75,5590.07
-3.25,5.75,5681.74
-2.75,5.75,5778.19
-2.25,5.75,5879.27
-1.75,5.75,5984.71
-1.25,5.75,6094.15
-0.75,5.75,6207.19
-0.25,5.75,6323.44
0.25,5.75,6442.53
0.75,5.75,6564.24
1.25,5.75,6688.45
1.75,5.75,6815.19
2.25,5.75,6944.66
2.75,5.75,7077.17
3.25,5.75,7213.13
3.75,5.75,7352.98
4.25,5.75,7497.14
4.75,5.75,7645.95
5.25,5.75,7799.61
5.75,5.75,7958.17
6.25,5.75,8121.44
6.75,5.75,8289.04
7.25,5.75,8460.36
7.75,5.75,8634.56
8.25,5.75,8810.61
8.75,5.75,8987.25
9.25,5.75,9163.04
9.75,5.75,9336.36
10.25,5.75,9505.42
10.75,5.75,9668.29
11.25,5.75,9822.98
11.75,5.75,9967.46
12.25,5.75,10099.7
12.75,5.75,10217.9
13.25,5.75,10320.3
13.75,5.75,10405.4
14.25,5.75,10472
14.75,5.75,10519.1
15.25,5.75,10545.9
15.75,5.75,10551.8
16.25,5.75,10536.5
16.75,5.75,10499.6
17.25,5.75,10440.9
17.75,5.75,10360.2
18.25,5.75,10257.3
18.75,5.75,10132.3
19.25,5.75,9985.29
19.75,5.75,9816.73
20.25,5.75,9627.21
20.75,5.75,9417.72
21.25,5.75,9189.52
21.75,5.75,8944.23
22.25,5.75,8683.75
22.75,5.75,8410.23
23.25,5.75,8126
23.75,5.75,7833.49
24.25,5.75,7535.11
24.75,5.75,7233.23
25.25,5.75,6930.01
25.75,5.75,6627.42
26.25,5.75,6327.1
26.75,5.75,6030.39
27.25,5.75,5738.31
27.75,5.75,5451.55
28.25,5.75,5170.54
28.75,5.75,4895.45
29.25,5.75,4626.3
29.75,5.75,4363.02
30.25,5.75,4105.52
30.75,5.75,3853.71
31.25,5.75,3607.64
31.75,5.75,3367.43
32.25,5.75,3133.39
32.75,5.75,2905.92
33.25,5.75,2685.54
33.75,5.75,2472.82
34.25,5.75,2268.38
34.75,5.75,2072.78
35.25,5.75,1886.53
35.75,5.75,1710.05
36.25,5.75,1543.61
36.75,5.75,1387.4
37.25,5.75,1241.48
37.75,5.75,1105.82
38.25,5.75,980.288
38.75,5.75,864.693
39.25,5.75,758.784
39.75,5.75,662.256
40.25,5.75,574.758
40.75,5.75,495.902
41.25,5.75,425.257
41.75,5.75,362.362
42.25,5.75,306.724
42.75,5.75,257.829
43.25,5.75,215.154
43.75,5.75,178.164
44.25,5.75,146.3
44.75,5.75,119.014
-44.75,6.25,51.3499
-44.25,6.25,60.4572
-43.75,6.25,71.0196
-43.25,6.25,83.6527
-42.75,6.25,99.0022
-42.25,6.25,117.665
-41.75,6.25,140.304
-41.25,6.25,167.624
-40.75,6.25,200.347
-40.25,6.25,239.168
-39.75,6.25,284.711
-39.25,6.25,337.475
-38.75,6.25,397.785
-38.25,6.25,465.751
-37.75,6.25,541.238
-37.25,6.25,623.86
-36.75,6.25,712.99
-36.25,6.25,807.783
-35.75,6.25,907.232
-35.25,6.25,1010.24
-34.75,6.25,1115.66
-34.25,6.25,1222.42
-33.75,6.25,1329.52
-33.25,6.25,1436.12
-32.75,6.25,1541.57
-32.25,6.25,1645.41
-31.75,6.25,1747.37
-31.25,6.25,1847.34
-30.75,6.25,1945.36
-30.25,6.25,2041.56
-29.75,6.25,2136.1
-29.25,6.25,2229.15
-28.75,6.25,2320.85
-28.25,6.25,2411.24
-27.75,6.25,2500.31
-27.25,6.25,2587.91
-26.75,6.25,2673.83
-26.25,6.25,2757.79
-25.75,6.25,2839.46
-25.25,6.25,2918.54
-24.75,6.25,2994.75
-24.25,6.25,3067.93
-23.75,6.25,3138
-23.25,6.25,3205
-22.75,6.25,3269.12
-22.25,6.25,3330.65
-21.75,6.25,3389.95
-21.25,6.25,3447.44
-20.75,6.25,3503.55
-20.25,6.25,3558.68
-19.75,6.25,3613.16
-19.25,6.25,3667.29
-18.75,6.25,3721.24
-18.25,6.25,3775.13
-17.75,6.25,3829.01
-17.25,6.25,3882.9
-16.75,6.25,3936.76
-16.25,6.25,3990.58
-15.75,6.25,4044.35
-15.25,6.25,4098.06
-14.75,6.25,4151.77
-14.25,6.25,4205.49
-13.75,6.25,4259.32
-13.25,6.25,4313.29
-12.75,6.25,4367.49
-12.25,6.25,4421.96
-11.75,6.25,4476.76
-11.25,6.25,4531.91
-10.75,6.25,4587.47
-10.25,6.25,4643.51
-9.75,6.25,4700.09
-9.25,6.25,4757.36
-8.75,6.25,4815.47
-8.25,6.25,4874.65
-7.75,6.25,4935.19
-7.25,6.25,4997.42
-6.75,6.25,5061.73
-6.25,6.25,5128.54
-5.75,6.25,5198.3
-5.25,6.25,5271.44
-4.75,6.25,5348.36
-4.25,6.25,5429.41
-3.75,6.25,5514.87
-3.25,6.25,5604.88
-2.75,6.25,5699.5
-2.25,6.25,5798.63
-1.75,6.25,5902.1
-1.25,6.25,6009.59
-0.75,6.25,6120.76
-0.25,6.25,6235.25
0.25,6.25,6352.72
0.75,6.25,6472.92
1.25,6.25,6595.7
1.75,6.25,6721.08
2.25,6.25,6849.2
2.75,6.25,6980.32
3.25,6.25,7114.81
3.75,6.25,7253.05
4.25,6.25,7395.44
4.75,6.25,7542.28
5.25,6.25,7693.75
5.75,6.25,7849.86
6.25,6.25,8010.45
6.75,6.25,8175.13
7.25,6.25,8343.33
7.75,6.25,8514.24
8.25,6.25,8686.87
8.75,6.25,8860.05
9.25,6.25,9032.39
9.75,6.25,9202.34
10.25,6.25,9368.19
10.75,6.25,9528.05
11.25,6.25,9679.97
11.75,6.25,9821.92
12.25,6.25,9951.9
12.75,6.25,10068
13.25,6.25,10168.4
13.75,6.25,10251.6
14.25,6.25,10316.4
14.75,6.25,10361.7
15.25,6.25,10386.8
15.75,6.25,10391.2
16.25,6.25,10374.5
16.75,6.25,10336.6
17.25,6.25,10277.2
17.75,6.25,10196.4
18.25,6.25,10094.1
18.75,6.25,9970.42
19.25,6.25,9825.52
19.75,6.25,9659.79
20.25,6.25,9473.82
20.75,6.25,9268.49
21.25,6.25,9044.99
21.75,6.25,8804.81
22.25,6.25,8549.77
22.75,6.25,8281.91
23.25,6.25,8003.5
23.75,6.25,7716.9
24.25,6.25,7424.51
24.75,6.25,7128.65
25.25,6.25,6831.45
25.75,6.25,6534.86
26.25,6.25,6240.48
26.75,6.25,5949.6
27.25,6.25,5663.19
27.75,6.25,5381.88
28.25,6.25,5106.02
28.75,6.25,4835.73
29.25,6.25,4570.98
29.75,6.25,4311.65
30.25,6.25,4057.64
30.75,6.25,3808.87
31.25,6.25,3565.4
31.75,6.25,3327.41
32.25,6.25,3095.24
32.75,6.25,2869.37
33.25,6.25,2650.4
33.75,6.25,2438.98
34.25,6.25,2235.77
34.75,6.25,2041.4
35.25,6.25,1856.44
35.75,6.25,1681.32
36.25,6.25,1516.36
36.75,6.25,1361.74
37.25,6.25,1217.52
37.75,6.25,1083.66
38.25,6.25,960.007
38.75,6.25,846.352
39.25,6.25,742.404
39.75,6.25,647.827
40.25,6.25,562.235
40.75,6.25,485.205
41.25,6.25,416.281
41.75,6.25,354.977
42.25,6.25,300.786
42.75,6.25,253.183
43.25,6.25,211.64
43.75,6.25,175.625
44.25,6.25,144.584
44.75,6.25,117.974
-44.75,6.75,49.1431
-44.25,6.75,57.8157
-43.75,6.75,67.8839
-43.25,6.75,79.9381
-42.75,6.75,94.5966
-42.25,6.75,112.432
-41.75,6.75,134.081
-41.25,6.75,160.223
-40.75,6.75,191.555
-40.25,6.75,228.753
-39.75,6.75,272.427
-39.25,6.75,323.074
-38.75,6.75,381.03
-38.25,6.75,446.428
-37.75,6.75,519.173
-37.25,6.75,598.93
-36.75,6.75,685.134
-36.25,6.75,777.009
-35.75,6.75,873.618
-35.25,6.75,973.928
-34.75,6.75,1076.86
-34.25,6.75,1181.37
-33.75,6.75,1286.5
-33.25,6.75,1391.41
-32.75,6.75,1495.43
-32.25,6.75,1598.08
-31.75,6.75,1699.04
-31.25,6.75,1798.16
-30.75,6.75,1895.42
-30.25,6.75,1990.88
-29.75,6.75,2084.67
-29.25,6.75,2176.9
-28.75,6.75,2267.7
-28.25,6.75,2357.09
-27.75,6.75,2445.05
-27.25,6.75,2531.48
-26.75,6.75,2616.18
-26.25,6.75,2698.92
-25.75,6.75,2779.43
-25.25,6.75,2857.46
-24.75,6.75,2932.78
-24.25,6.75,3005.26
-23.75,6.75,3074.86
-23.25,6.75,3141.66
-22.75,6.75,3205.82
-22.25,6.75,3267.63
-21.75,6.75,3327.42
-21.25,6.75,3385.55
-20.75,6.75,3442.41
-20.25,6.75,3498.31
-19.75,6.75,3553.52
-19.25,6.75,3608.25
-18.75,6.75,3662.6
-18.25,6.75,3716.62
-17.75,6.75,3770.31
-17.25,6.75,3823.62
-16.75,6.75,3876.53
-16.25,6.75,3929.02
-15.75,6.75,3981.1
-15.25,6.75,4032.83
-14.75,6.75,4084.33
-14.25,6.75,4135.73
-13.75,6.75,4187.19
-13.25,6.75,4238.89
-12.75,6.75,4290.99
-12.25,6.75,4343.65
-11.75,6.75,4396.96
-11.25,6.75,4451.04
-10.75,6.75,4505.93
-10.25,6.75,4561.7
-9.75,6.75,4618.38
-9.25,6.75,4676.04
-8.75,6.75,4734.77
-8.25,6.75,4794.7
-7.75,6.75,4856.01
-7.25,6.75,4918.93
-6.75,6.75,4983.78
-6.25,6.75,5050.88
-5.75,6.75,5120.64
-5.25,6.75,5193.45
-4.75,6.75,5269.7
-4.25,6.75,5349.76
-3.75,6.75,5433.94
-3.25,6.75,5522.45
-2.75,6.75,5615.41
-2.25,6.75,5712.8
-1.75,6.75,5814.49
-1.25,6.75,5920.26
-0.75,6.75,6029.81
-0.25,6.75,6142.78
0.25,6.75,6258.87
0.75,6.75,6377.79
1.25,6.75,6499.39
1.75,6.75,6623.61
2.25,6.75,6750.55
2.75,6.75,6880.43
3.25,6.75,7013.53
3.75,6.75,7150.21
4.25,6.75,7290.8
4.75,6.75,7435.57
5.25,6.75,7584.69
5.75,6.75,7738.17
6.25,6.75,7895.84
6.75,6.75,8057.33
7.25,6.75,8222.11
7.75,6.75,8389.43
8.25,6.75,8558.36
8.75,6.75,8727.8
9.25,6.75,8896.46
9.75,6.75,9062.85
10.25,6.75,9225.34
10.75,6.75,9382.09
11.25,6.75,9531.19
11.75,6.75,9670.61
12.25,6.75,9798.32
12.75,6.75,9912.37
13.25,6.75,10010.9
13.75,6.75,10092.4
14.25,6.75,10155.5
14.75,6.75,10199.1
15.25,6.75,10222.5
15.75,6.75,10225.3
16.25,6.75,10207.1
16.75,6.75,10167.8
17.25,6.75,10107.6
17.75,6.75,10026.3
18.25,6.75,9924.23
18.75,6.75,9801.46
19.25,6.75,9658.28
19.75,6.75,9495.08
20.25,6.75,9312.42
20.75,6.75,9111.14
21.25,6.75,8892.31
21.75,6.75,8657.32
22.25,6.75,8407.87
22.75,6.75,8145.9
23.25,6.75,7873.57
23.75,6.75,7593.17
24.25,6.75,7307.02
24.75,6.75,7017.37
25.25,6.75,6726.34
25.75,6.75,6435.81
26.25,6.75,6147.36
26.75,6.75,5862.25
27.25,6.75,5581.38
27.75,6.75,5305.36
28.25,6.75,5034.49
28.75,6.75,4768.87
29.25,6.75,4508.45
29.75,6.75,4253.08
30.25,6.75,4002.67
30.75,6.75,3757.15
31.25,6.75,3516.6
31.75,6.75,3281.24
32.25,6.75,3051.47
32.75,6.75,2827.82
33.25,6.75,2610.91
33.75,6.75,2401.46
34.25,6.75,2200.16
34.75,6.75,2007.67
35.25,6.75,1824.58
35.75,6.75,1651.35
36.25,6.75,1488.29
36.75,6.75,1335.6
37.25,6.75,1193.35
37.75,6.75,1061.46
38.25,6.75,939.807
38.75,6.75,828.14
39.25,6.75,726.162
39.75,6.75,633.514
40.25,6.75,549.791
40.75,6.75,474.548
41.25,6.75,407.31
41.75,6.75,347.574
42.25,6.75,294.821
42.75,6.75,248.515
43.25,6.75,208.124
43.75,6.75,173.114
44.25,6.75,142.931
44.75,6.75,117.037
-44.75,7.25,47.1499
-44.25,7.25,55.3481
-43.75,7.25,64.8692
-43.25,7.25,76.278
-42.75,7.25,90.1648
-42.25,7.25,107.077
-41.75,7.25,127.622
-41.25,7.25,152.455
-40.75,7.25,182.247
-40.25,7.25,217.654
-39.75,7.25,259.279
-39.25,7.25,307.618
-38.75,7.25,363.022
-38.25,7.25,425.654
-37.75,7.25,495.466
-37.25,7.25,572.179
-36.75,7.25,655.298
-36.25,7.25,744.12
-35.75,7.25,837.784
-35.25,7.25,935.321
-34.75,7.25,1035.71
-34.25,7.25,1137.95
-33.75,7.25,1241.1
-33.25,7.25,1344.32
-32.75,7.25,1446.93
-32.25,7.25,1548.41
-31.75,7.25,1648.4
-31.25,7.25,1746.68
-30.75,7.25,1843.17
-30.25,7.25,1937.88
-29.75,7.25,2030.88
-29.25,7.25,2122.25
-28.75,7.25,2212.07
-28.25,7.25,2300.37
-27.75,7.25,2387.13
-27.25,7.25,2472.25
-26.75,7.25,2555.6
-26.25,7.25,2636.97
-25.75,7.25,2716.15
-25.25,7.25,2792.94
-24.75,7.25,2867.18
-24.25,7.25,2938.78
-23.75,7.25,3007.73
-23.25,7.25,3074.11
-22.75,7.25,3138.11
-22.25,7.25,3199.99
-21.75,7.25,3260.06
-21.25,7.25,3318.63
-20.75,7.25,3376.01
-20.25,7.25,3432.48
-19.75,7.25,3488.22
-19.25,7.25,3543.36
-18.75,7.25,3597.94
-18.25,7.25,3651.96
-17.75,7.25,3705.35
-17.25,7.25,3758.05
-16.75,7.25,3810.02
-16.25,7.25,3861.22
-15.75,7.25,3911.72
-15.25,7.25,3961.61
-14.75,7.25,4011.07
-14.25,7.25,4060.31
-13.75,7.25,4109.6
-13.25,7.25,4159.2
-12.75,7.25,4209.35
-12.25,7.25,4260.29
-11.75,7.25,4312.19
-11.25,7.25,4365.2
-10.75,7.25,4419.38
-10.25,7.25,4474.78
-9.75,7.25,4531.43
-9.25,7.25,4589.32
-8.75,7.25,4648.47
-8.25,7.25,4708.94
-7.75,7.25,4770.82
-7.25,7.25,4834.26
-6.75,7.25,4899.49
-6.25,7.25,4966.77
-5.75,7.25,5036.46
-5.25,7.25,5108.91
-4.75,7.25,5184.53
-4.25,7.25,5263.68
-3.75,7.25,5346.72
-3.25,7.25,5433.9
-2.75,7.25,5525.39
-2.25,7.25,5621.26
-1.75,7.25,5721.43
-1.25,7.25,5825.74
-0.75,7.25,5933.92
-0.25,7.25,6045.65
0.25,7.25,6160.62
0.75,7.25,6278.53
1.25,7.25,6399.19
1.75,7.25,6522.48
2.25,7.25,6648.45
2.75,7.25,6777.22
3.25,7.25,6909.05
3.75,7.25,7044.21
4.25,7.25,7183
4.75,7.25,7325.65
5.25,7.25,7472.3
5.75,7.25,7622.97
6.25,7.25,7777.5
6.75,7.25,7935.57
7.25,7.25,8096.69
7.75,7.25,8260.17
8.25,7.25,8425.18
8.75,7.25,8590.68
9.25,7.25,8755.46
9.75,7.25,8918.15
10.25,7.25,9077.16
10.75,7.25,9230.74
11.25,7.25,9376.99
11.75,7.25,9513.89
12.25,7.25,9639.4
12.75,7.25,9751.5
13.25,7.25,9848.33
13.75,7.25,9928.19
14.25,7.25,9989.7
14.75,7.25,10031.8
15.25,7.25,10053.6
15.75,7.25,10054.8
16.25,7.25,10035
16.75,7.25,9994.46
17.25,7.25,9933.11
17.75,7.25,9851.22
18.25,7.25,9749.06
18.75,7.25,9626.93
19.25,7.25,9485.17
19.75,7.25,9324.21
20.25,7.25,9144.65
20.75,7.25,8947.24
21.25,7.25,8732.98
21.75,7.25,8503.18
22.25,7.25,8259.37
22.75,7.25,8003.39
23.25,7.25,7737.27
23.75,7.25,7463.18
24.25,7.25,7183.35
24.75,7.25,6899.98
25.25,7.25,6615.11
25.75,7.25,6330.56
26.25,7.25,6047.9
26.75,7.25,5768.34
27.25,7.25,5492.79
27.75,7.25,5221.8
28.25,7.25,4955.7
28.75,7.25,4694.57
29.25,7.25,4438.36
29.75,7.25,4186.94
30.25,7.25,3940.23
30.75,7.25,3698.19
31.25,7.25,3460.92
31.75,7.25,3228.68
32.25,7.25,3001.89
32.75,7.25,2781.1
33.25,7.25,2566.96
33.75,7.25,2360.2
34.25,7.25,2161.52
34.75,7.25,1971.59
35.25,7.25,1790.99
35.75,7.25,1620.18
36.25,7.25,1459.48
36.75,7.25,1309.09
37.25,7.25,1169.06
37.75,7.25,1039.35
38.25,7.25,919.797
38.75,7.25,810.173
39.25,7.25,710.172
39.75,7.25,619.429
40.25,7.25,537.531
40.75,7.25,464.025
41.25,7.25,398.424
41.75,7.25,340.217
42.25,7.25,288.873
42.75,7.25,243.851
43.25,7.25,204.611
43.75,7.25,170.614
44.25,7.25,141.306
44.75,7.25,116.148
-44.75,7.75,45.395
-44.25,7.75,53.0821
-43.75,7.75,62.0066
-43.25,7.75,72.7085
-42.75,7.75,85.7498
-42.25,7.75,101.651
-41.75,7.75,120.991
-41.25,7.75,144.397
-40.75,7.75,172.518
-40.25,7.75,205.99
-39.75,7.75,245.409
-39.25,7.75,291.274
-38.75,7.75,343.955
-38.25,7.75,403.653
-37.75,7.75,470.366
-37.25,7.75,543.882
-36.75,7.75,623.776
-36.25,7.75,709.424
-35.75,7.75,800.039
-35.25,7.75,894.722
-34.75,7.75,992.51
-34.25,7.75,1092.43
-33.75,7.75,1193.57
-33.25,7.75,1295.09
-32.75,7.75,1396.28
-32.25,7.75,1496.58
-31.75,7.75,1595.58
-31.25,7.75,1693.01
-30.75,7.75,1788.71
-30.25,7.75,1882.65
-29.75,7.75,1974.82
-29.25,7.75,2065.27
-28.75,7.75,2154.06
-28.25,7.75,2241.19
-27.75,7.75,2326.65
-27.25,7.75,2410.37
-26.75,7.75,2492.24
-26.25,7.75,2572.1
-25.75,7.75,2649.8
-25.25,7.75,2725.19
-24.75,7.75,2798.16
-24.25,7.75,2868.66
-23.75,7.75,2936.72
-23.25,7.75,3002.45
-22.75,7.75,3066.03
-22.25,7.75,3127.71
-21.75,7.75,3187.76
-21.25,7.75,3246.47
-20.75,7.75,3304.09
-20.25,7.75,3360.84
-19.75,7.75,3416.84
-19.25,7.75,3472.17
-18.75,7.75,3526.8
-18.25,7.75,3580.68
-17.75,7.75,3633.71
-17.25,7.75,3685.79
-16.75,7.75,3736.88
-16.25,7.75,3786.95
-15.75,7.75,3836.07
-15.25,7.75,3884.38
-14.75,7.75,3932.1
-14.25,7.75,3979.51
-13.75,7.75,4026.94
-13.25,7.75,4074.7
-12.75,7.75,4123.15
-12.25,7.75,4172.54
-11.75,7.75,4223.13
-11.25,7.75,4275.07
-10.75,7.75,4328.47
-10.25,7.75,4383.36
-9.75,7.75,4439.75
-9.25,7.75,4497.6
-8.75,7.75,4556.88
-8.25,7.75,4617.58
-7.75,7.75,4679.72
-7.25,7.75,4743.4
-6.75,7.75,4808.77
-6.25,7.75,4876.06
-5.75,7.75,4945.56
-5.25,7.75,5017.61
-4.75,7.75,5092.61
-4.25,7.75,5170.93
-3.75,7.75,5252.94
-3.25,7.75,5338.96
-2.75,7.75,5429.19
-2.25,7.75,5523.76
-1.75,7.75,5622.66
-1.25,7.75,5725.75
-0.75,7.75,5832.82
-0.25,7.75,5943.57
0.25,7.75,6057.66
0.75,7.75,6174.8
1.25,7.75,6294.72
1.75,7.75,6417.28
2.25,7.75,6542.44
2.75,7.75,6670.25
3.25,7.75,6800.89
3.75,7.75,6934.59
4.25,7.75,7071.57
4.75,7.75,7212.04
5.25,7.75,7356.14
5.75,7.75,7503.88
6.25,7.75,7655.13
6.75,7.75,7809.61
7.25,7.75,7966.9
7.75,7.75,8126.38
8.25,7.75,8287.3
8.75,7.75,8448.72
9.25,7.75,8609.53
9.75,7.75,8768.42
10.25,7.75,8923.89
10.75,7.75,9074.26
11.25,7.75,9217.63
11.75,7.75,9352.03
12.25,7.75,9475.37
12.75,7.75,9585.61
13.25,7.75,9680.8
13.75,7.75,9759.18
14.25,7.75,9819.27
14.75,7.75,9859.92
15.25,7.75,9880.33
15.75,7.75,9880.03
16.25,7.75,9858.88
16.75,7.75,9816.94
17.25,7.75,9754.48
17.75,7.75,9671.85
18.25,7.75,9569.46
18.75,7.75,9447.76
19.25,7.75,9307.19
19.75,7.75,9148.28
20.25,7.75,8971.6
20.75,7.75,8777.9
21.25,7.75,8568.11
21.75,7.75,8343.41
22.25,7.75,8105.22
22.75,7.75,7855.23
23.25,7.75,7595.34
23.75,7.75,7327.57
24.25,7.75,7054.06
24.75,7.75,6776.9
25.25,7.75,6498.06
25.75,7.75,6219.33
26.25,7.75,5942.22
26.75,7.75,5667.94
27.25,7.75,5397.39
27.75,7.75,5131.16
28.25,7.75,4869.56
28.75,7.75,4612.71
29.25,7.75,4360.6
29.75,7.75,4113.13
30.25,7.75,3870.23
30.75,7.75,3631.91
31.25,7.75,3398.3
31.75,7.75,3169.67
32.25,7.75,2946.45
32.75,7.75,2729.18
33.25,7.75,2518.53
33.75,7.75,2315.18
34.25,7.75,2119.83
34.75,7.75,1933.13
35.25,7.75,1755.63
35.75,7.75,1587.78
36.25,7.75,1429.89
36.75,7.75,1282.16
37.25,7.75,1144.63
37.75,7.75,1017.28
38.25,7.75,899.963
38.75,7.75,792.447
39.25,7.75,694.441
39.75,7.75,605.587
40.25,7.75,525.477
40.75,7.75,453.66
41.25,7.75,389.646
41.75,7.75,332.921
42.25,7.75,282.949
42.75,7.75,239.182
43.25,7.75,201.075
43.75,7.75,168.083
44.25,7.75,139.647
44.75,7.75,115.228
-44.75,8.25,43.8988
-44.25,8.25,51.0455
-43.75,8.25,59.334
-43.25,8.25,69.2804
-42.75,8.25,81.418
-42.25,8.25,96.2397
-41.75,8.25,114.297
-41.25,8.25,136.187
-40.75,8.25,162.534
-40.25,8.25,193.961
-39.75,8.25,231.053
-39.25,8.25,274.317
-38.75,8.25,324.145
-38.25,8.25,380.775
-37.75,8.25,444.259
-37.25,8.25,514.451
-36.75,8.25,591.002
-36.25,8.25,673.367
-35.75,8.25,760.837
-35.25,8.25,852.579
-34.75,8.25,947.688
-34.25,8.25,1045.23
-33.75,8.25,1144.3
-33.25,8.25,1244.05
-32.75,8.25,1343.77
-32.25,8.25,1442.84
-31.75,8.25,1540.81
-31.25,8.25,1637.33
-30.75,8.25,1732.19
-30.25,8.25,1825.29
-29.75,8.25,1916.58
-29.25,8.25,2006.05
-28.75,8.25,2093.73
-28.25,8.25,2179.62
-27.75,8.25,2263.7
-27.25,8.25,2345.92
-26.75,8.25,2426.19
-26.25,8.25,2504.42
-25.75,8.25,2580.48
-25.25,8.25,2654.29
-24.75,8.25,2725.79
-24.25,8.25,2794.97
-23.75,8.25,2861.89
-23.25,8.25,2926.69
-22.75,8.25,2989.56
-22.25,8.25,3050.72
-21.75,8.25,3110.44
-21.25,8.25,3168.97
-20.75,8.25,3226.52
-20.25,8.25,3283.24
-19.75,8.25,3339.23
-19.25,8.25,3394.49
-18.75,8.25,3448.98
-18.25,8.25,3502.6
-17.75,8.25,3555.22
-17.25,8.25,3606.73
-16.75,8.25,3657.07
-16.25,8.25,3706.21
-15.75,8.25,3754.24
-15.25,8.25,3801.31
-14.75,8.25,3847.68
-14.25,8.25,3893.65
-13.75,8.25,3939.6
-13.25,8.25,3985.9
-12.75,8.25,4032.91
-12.25,8.25,4080.98
-11.75,8.25,4130.36
-11.25,8.25,4181.25
-10.75,8.25,4233.77
-10.25,8.25,4287.97
-9.75,8.25,4343.83
-9.25,8.25,4401.31
-8.75,8.25,4460.35
-8.25,8.25,4520.9
-7.75,8.25,4582.96
-7.25,8.25,4646.55
-6.75,8.25,4711.79
-6.25,8.25,4778.87
-5.75,8.25,4848.05
-5.25,8.25,4919.64
-4.75,8.25,4994.03
-4.25,8.25,5071.59
-3.75,8.25,5152.71
-3.25,8.25,5237.73
-2.75,8.25,5326.89
-2.25,8.25,5420.36
-1.75,8.25,5518.19
-1.25,8.25,5620.27
-0.75,8.25,5726.43
-0.25,8.25,5836.36
0.25,8.25,5949.75
0.75,8.25,6066.26
1.25,8.25,6185.59
1.75,8.25,6307.54
2.25,8.25,6431.98
2.75,8.25,6558.91
3.25,8.25,6688.43
3.75,8.25,6820.67
4.25,8.25,6955.84
4.75,8.25,7094.11
5.25,8.25,7235.6
5.75,8.25,7380.32
6.25,8.25,7528.21
6.75,8.25,7679.02
7.25,8.25,7832.39
7.75,8.25,7987.81
8.25,8.25,8144.59
8.75,8.25,8301.89
9.25,8.25,8458.69
9.75,8.25,8613.77
10.25,8.25,8765.69
10.75,8.25,8912.82
11.25,8.25,9053.33
11.75,8.25,9185.21
12.25,8.25,9306.41
12.75,8.25,9414.81
13.25,8.25,9508.41
13.75,8.25,9585.38
14.25,8.25,9644.16
14.75,8.25,9683.52
15.25,8.25,9702.62
15.75,8.25,9700.98
16.25,8.25,9678.49
16.75,8.25,9635.28
17.25,8.25,9571.74
17.75,8.25,9488.35
18.25,8.25,9385.68
18.75,8.25,9264.31
19.25,8.25,9124.82
19.75,8.25,8967.78
20.25,8.25,8793.85
20.75,8.25,8603.73
21.25,8.25,8398.3
21.75,8.25,8178.62
22.25,8.25,7946
22.75,8.25,7701.96
23.25,8.25,7448.25
23.75,8.25,7186.76
24.25,8.25,6919.48
24.75,8.25,6648.4
25.25,8.25,6375.42
25.75,8.25,6102.27
26.25,8.25,5830.44
26.75,8.25,5561.15
27.25,8.25,5295.3
27.75,8.25,5033.52
28.25,8.25,4776.17
28.75,8.25,4523.42
29.25,8.25,4275.3
29.75,8.25,4031.78
30.25,8.25,3792.83
30.75,8.25,3558.49
31.25,8.25,3328.91
31.75,8.25,3104.37
32.25,8.25,2885.28
32.75,8.25,2672.17
33.25,8.25,2465.66
33.75,8.25,2266.41
34.25,8.25,2075.06
34.75,8.25,1892.21
35.25,8.25,1718.39
35.75,8.25,1554.01
36.25,8.25,1399.36
36.75,8.25,1254.63
37.25,8.25,1119.89
37.75,8.25,995.108
38.25,8.25,880.154
38.75,8.25,774.828
39.25,8.25,678.854
39.75,8.25,591.893
40.25,8.25,513.553
40.75,8.25,443.391
41.25,8.25,380.924
41.75,8.25,325.641
42.25,8.25,277.004
42.75,8.25,234.46
43.25,8.25,197.458
43.75,8.25,165.449
44.25,8.25,137.87
44.75,8.25,114.179
-44.75,8.75,42.6683
-44.25,8.75,49.2576
-43.75,8.75,56.8865
-43.25,8.75,66.0483
-42.75,8.75,77.2482
-42.25,8.75,90.9508
-41.75,8.75,107.678
-41.25,8.75,127.999
-40.75,8.75,152.514
-40.25,8.75,181.827
-39.75,8.75,216.518
-39.25,8.75,257.102
-38.75,8.75,303.992
-38.25,8.75,357.464
-37.75,8.75,417.627
-37.25,8.75,484.401
-36.75,8.75,557.514
-36.25,8.75,636.501
-35.75,8.75,720.73
-35.25,8.75,809.438
-34.75,8.75,901.771
-34.25,8.75,996.834
-33.75,8.75,1093.74
-33.25,8.75,1191.64
-32.75,8.75,1289.78
-32.25,8.75,1387.53
-31.75,8.75,1484.35
-31.25,8.75,1579.87
-30.75,8.75,1673.8
-30.25,8.75,1765.96
-29.75,8.75,1856.27
-29.25,8.75,1944.68
-28.75,8.75,2031.16
-28.25,8.75,2115.71
-27.75,8.75,2198.3
-27.25,8.75,2278.91
-26.75,8.75,2357.46
-26.25,8.75,2433.91
-25.75,8.75,2508.18
-25.25,8.75,2580.22
-24.75,8.75,2650.04
-24.25,8.75,2717.67
-23.75,8.75,2783.22
-23.25,8.75,2846.82
-22.75,8.75,2908.68
-22.25,8.75,2969.03
-21.75,8.75,3028.11
-21.25,8.75,3086.14
-20.75,8.75,3143.31
-20.25,8.75,3199.72
-19.75,8.75,3255.43
-19.25,8.75,3310.42
-18.75,8.75,3364.61
-18.25,8.75,3417.88
-17.75,8.75,3470.08
-17.25,8.75,3521.09
-16.75,8.75,3570.83
-16.25,8.75,3619.29
-15.75,8.75,3666.55
-15.25,8.75,3712.76
-14.75,8.75,3758.2
-14.25,8.75,3803.17
-13.75,8.75,3848.06
-13.25,8.75,3893.26
-12.75,8.75,3939.17
-12.25,8.75,3986.12
-11.75,8.75,4034.4
-11.25,8.75,4084.25
-10.75,8.75,4135.78
-10.25,8.75,4189.07
-9.75,8.75,4244.11
-9.25,8.75,4300.87
-8.75,8.75,4359.29
-8.25,8.75,4419.3
-7.75,8.75,4480.87
-7.25,8.75,4544.04
-6.75,8.75,4608.88
-6.25,8.75,4675.55
-5.75,8.75,4744.28
-5.25,8.75,4815.37
-4.75,8.75,4889.16
-4.25,8.75,4966.04
-3.75,8.75,5046.38
-3.25,8.75,5130.54
-2.75,8.75,5218.8
-2.25,8.75,5311.34
-1.75,8.75,5408.24
-1.25,8.75,5509.44
-0.75,8.75,5614.78
-0.25,8.75,5724
0.25,8.75,5836.74
0.75,8.75,5952.67
1.25,8.75,6071.44
1.75,8.75,6192.78
2.25,8.75,6316.51
2.75,8.75,6442.55
3.25,8.75,6570.92
3.75,8.75,6701.69
4.25,8.75,6835.02
4.75,8.75,6971.06
5.25,8.75,7109.9
5.75,8.75,7251.6
6.25,8.75,7396.11
6.75,8.75,7543.25
7.25,8.75,7692.74
7.75,8.75,7844.13
8.25,8.75,7996.83
8.75,8.75,8150.08
9.25,8.75,8302.94
9.75,8.75,8454.26
10.25,8.75,8602.67
10.75,8.75,8746.6
11.25,8.75,8884.23
11.75,8.75,9013.6
12.25,8.75,9132.61
12.75,8.75,9239.14
13.25,8.75,9331.13
13.75,8.75,9406.68
14.25,8.75,9464.16
14.75,8.75,9502.27
15.25,8.75,9520.12
15.75,8.75,9517.23
16.25,8.75,9493.48
16.75,8.75,9449.1
17.25,8.75,9384.55
17.75,8.75,9300.45
18.25,8.75,9197.51
18.75,8.75,9076.46
19.25,8.75,8937.99
19.75,8.75,8782.79
20.25,8.75,8611.53
20.75,8.75,8424.92
21.25,8.75,8223.78
21.75,8.75,8009.07
22.25,8.75,7781.96
22.75,8.75,7543.82
23.25,8.75,7296.23
23.75,8.75,7040.93
24.25,8.75,6779.77
24.75,8.75,6514.62
25.25,8.75,6247.31
25.75,8.75,5979.52
26.25,8.75,5712.73
26.75,8.75,5448.14
27.25,8.75,5186.72
27.75,8.75,4929.14
28.25,8.75,4675.84
28.75,8.75,4427.04
29.25,8.75,4182.86
29.75,8.75,3943.33
30.25,8.75,3708.46
30.75,8.75,3478.34
31.25,8.75,3253.12
31.75,8.75,3033.1
32.25,8.75,2818.64
32.75,8.75,2610.25
33.25,8.75,2408.47
33.75,8.75,2213.91
34.25,8.75,2027.14
34.75,8.75,1848.71
35.25,8.75,1679.07
35.75,8.75,1518.62
36.25,8.75,1367.61
36.75,8.75,1226.22
37.25,8.75,1094.53
37.75,8.75,972.515
38.25,8.75,860.082
38.75,8.75,757.051
39.25,8.75,663.176
39.75,8.75,578.143
40.25,8.75,501.583
40.75,8.75,433.07
41.25,8.75,372.135
41.75,8.75,318.271
42.25,8.75,270.941
42.75,8.75,229.592
43.25,8.75,193.668
43.75,8.75,162.617
44.25,8.75,135.873
44.75,8.75,112.891
-44.75,9.25,41.6907
-44.25,9.25,47.7212
-43.75,9.25,54.687
-43.25,9.25,63.0598
-42.75,9.25,73.3169
-42.25,9.25,85.8941
-41.75,9.25,101.283
-41.25,9.25,120.024
-40.75,9.25,142.692
-40.25,9.25,169.874
-39.75,9.25,202.14
-39.25,9.25,240.014
-38.75,9.25,283.929
-38.25,9.25,334.2
-37.75,9.25,390.989
-37.25,9.25,454.284
-36.75,9.25,523.889
-36.25,9.25,599.417
-35.75,9.25,680.313
-35.25,9.25,765.883
-34.75,9.25,855.329
-34.25,9.25,947.791
-33.75,9.25,1042.4
-33.25,9.25,1138.3
-32.75,9.25,1234.73
-32.25,9.25,1331
-31.75,9.25,1426.54
-31.25,9.25,1520.9
-30.75,9.25,1613.75
-30.25,9.25,1704.85
-29.75,9.25,1794.04
-29.25,9.25,1881.24
-28.75,9.25,1966.4
-28.25,9.25,2049.49
-27.75,9.25,2130.47
-27.25,9.25,2209.32
-26.75,9.25,2286.02
-26.25,9.25,2360.53
-25.75,9.25,2432.83
-25.25,9.25,2502.93
-24.75,9.25,2570.87
-24.25,9.25,2636.74
-23.75,9.25,2700.67
-23.25,9.25,2762.83
-22.75,9.25,2823.43
-22.25,9.25,2882.71
-21.75,9.25,2940.88
-21.25,9.25,2998.16
-20.75,9.25,3054.68
-20.25,9.25,3110.56
-19.75,9.25,3165.8
-19.25,9.25,3220.36
-18.75,9.25,3274.15
-18.25,9.25,3327.02
-17.75,9.25,3378.83
-17.25,9.25,3429.44
-16.75,9.25,3478.77
-16.25,9.25,3526.8
-15.75,9.25,3573.6
-15.25,9.25,3619.34
-14.75,9.25,3664.24
-14.25,9.25,3708.63
-13.75,9.25,3752.86
-13.25,9.25,3797.32
-12.75,9.25,3842.4
-12.25,9.25,3888.44
-11.75,9.25,3935.73
-11.25,9.25,3984.51
-10.75,9.25,4034.94
-10.25,9.25,4087.1
-9.75,9.25,4141.03
-9.25,9.25,4196.71
-8.75,9.25,4254.11
-8.25,9.25,4313.2
-7.75,9.25,4373.94
-7.25,9.25,4436.37
-6.75,9.25,4500.55
-6.25,9.25,4566.63
-5.75,9.25,4634.81
-5.25,9.25,4705.35
-4.75,9.25,4778.57
-4.25,9.25,4854.84
-3.75,9.25,4934.52
-3.25,9.25,5017.94
-2.75,9.25,5105.4
-2.25,9.25,5197.11
-1.75,9.25,5293.16
-1.25,9.25,5393.52
-0.75,9.25,5498.06
-0.25,9.25,5606.52
0.25,9.25,5718.56
0.75,9.25,5833.82
1.25,9.25,5951.92
1.75,9.25,6072.55
2.25,9.25,6195.46
2.75,9.25,6320.5
3.25,9.25,6447.61
3.75,9.25,6576.84
4.25,9.25,6708.27
4.75,9.25,6842.04
5.25,9.25,6978.24
5.75,9.25,7116.94
6.25,9.25,7258.14
6.75,9.25,7401.71
7.25,9.25,7547.44
7.75,9.25,7694.95
8.25,9.25,7843.74
8.75,9.25,7993.11
9.25,9.25,8142.19
9.75,9.25,8289.89
10.25,9.25,8434.91
10.75,9.25,8575.69
11.25,9.25,8710.47
11.75,9.25,8837.29
12.25,9.25,8954.05
12.75,9.25,9058.61
13.25,9.25,9148.88
13.75,9.25,9222.9
14.25,9.25,9278.99
14.75,9.25,9315.79
15.25,9.25,9332.38
15.75,9.25,9328.24
16.25,9.25,9303.29
16.75,9.25,9257.8
17.25,9.25,9192.33
17.75,9.25,9107.6
18.25,9.25,9004.48
18.75,9.25,8883.82
19.25,9.25,8746.43
19.75,9.25,8593.09
20.25,9.25,8424.51
20.75,9.25,8241.41
21.25,9.25,8044.54
21.75,9.25,7834.78
22.25,9.25,7613.16
22.75,9.25,7380.87
23.25,9.25,7139.34
23.75,9.25,6890.16
24.25,9.25,6635.02
24.75,9.25,6375.68
25.25,9.25,6113.89
25.75,9.25,5851.27
26.25,9.25,5589.31
26.75,9.25,5329.23
27.25,9.25,5072.04
27.75,9.25,4818.48
28.25,9.25,4569.08
28.75,9.25,4324.15
29.25,9.25,4083.88
29.75,9.25,3848.38
30.25,9.25,3617.73
30.75,9.25,3392.04
31.25,9.25,3171.48
31.75,9.25,2956.32
32.25,9.25,2746.9
32.75,9.25,2543.67
33.25,9.25,2347.1
33.75,9.25,2157.71
34.25,9.25,1976
34.75,9.25,1802.42
35.25,9.25,1637.4
35.75,9.25,1481.25
36.25,9.25,1334.23
36.75,9.25,1196.48
37.25,9.25,1068.1
37.75,9.25,949.073
38.25,9.25,839.333
38.75,9.25,738.733
39.25,9.25,647.057
39.75,9.25,564.026
40.25,9.25,489.297
40.75,9.25,422.466
41.25,9.25,363.078
41.75,9.25,310.638
42.25,9.25,264.611
42.75,9.25,224.446
43.25,9.25,189.585
43.75,9.25,159.472
44.25,9.25,133.543
44.75,9.25,111.254
-44.75,9.75,40.9311
-44.25,9.75,46.4191
-43.75,9.75,52.7403
-43.25,9.75,60.3457
-42.75,9.75,69.6849
-42.25,9.75,81.1645
-41.75,9.75,95.2452
-41.25,9.75,112.437
-40.75,9.75,133.289
-40.25,9.75,158.367
-39.75,9.75,188.234
-39.25,9.75,223.415
-38.75,9.75,264.365
-38.25,9.75,311.434
-37.75,9.75,364.835
-37.25,9.75,424.621
-36.75,9.75,490.668
-36.25,9.75,562.67
-35.75,9.75,640.147
-35.25,9.75,722.471
-34.75,9.75,808.901
-34.25,9.75,898.614
-33.75,9.75,990.759
-33.25,9.75,1084.49
-32.75,9.75,1179.01
-32.25,9.75,1273.61
-31.75,9.75,1367.67
-31.25,9.75,1460.69
-30.75,9.75,1552.27
-30.25,9.75,1642.12
-29.75,9.75,1730.03
-29.25,9.75,1815.86
-28.75,9.75,1899.54
-28.25,9.75,1981
-27.75,9.75,2060.22
-27.25,9.75,2137.17
-26.75,9.75,2211.85
-26.25,9.75,2284.26
-25.75,9.75,2354.43
-25.25,9.75,2422.4
-24.75,9.75,2488.28
-24.25,9.75,2552.19
-23.75,9.75,2614.3
-23.25,9.75,2674.82
-22.75,9.75,2733.96
-22.25,9.75,2791.96
-21.75,9.75,2849.04
-21.25,9.75,2905.37
-20.75,9.75,2961.1
-20.25,9.75,3016.29
-19.75,9.75,3070.95
-19.25,9.75,3125
-18.75,9.75,3178.35
-18.25,9.75,3230.84
-17.75,9.75,3282.31
-17.25,9.75,3332.65
-16.75,9.75,3381.75
-16.25,9.75,3429.6
-15.75,9.75,3476.25
-15.25,9.75,3521.82
-14.75,9.75,3566.55
-14.25,9.75,3610.71
-13.75,9.75,3654.63
-13.25,9.75,3698.65
-12.75,9.75,3743.13
-12.25,9.75,3788.41
-11.75,9.75,3834.77
-11.25,9.75,3882.46
-10.75,9.75,3931.66
-10.25,9.75,3982.49
-9.75,9.75,4035.02
-9.25,9.75,4089.31
-8.75,9.75,4145.35
-8.25,9.75,4203.15
-7.75,9.75,4262.74
-7.25,9.75,4324.15
-6.75,9.75,4387.46
-6.25,9.75,4452.79
-5.75,9.75,4520.32
-5.25,9.75,4590.28
-4.75,9.75,4662.96
-4.25,9.75,4738.67
-3.75,9.75,4817.75
-3.25,9.75,4900.51
-2.75,9.75,4987.24
-2.25,9.75,5078.14
-1.75,9.75,5173.34
-1.25,9.75,5272.81
-0.75,9.75,5376.45
-0.25,9.75,5484
0.25,9.75,5595.15
0.75,9.75,5709.53
1.25,9.75,5826.74
1.75,9.75,5946.41
2.25,9.75,6068.27
2.75,9.75,6192.1
3.25,9.75,6317.8
3.75,9.75,6445.34
4.25,9.75,6574.79
4.75,9.75,6706.25
5.25,9.75,6839.83
5.75,9.75,6975.62
6.25,9.75,7113.64
6.75,9.75,7253.83
7.25,9.75,7396.02
7.75,9.75,7539.92
8.25,9.75,7685.06
8.75,9.75,7830.82
9.25,9.75,7976.37
9.75,9.75,8120.67
10.25,9.75,8262.44
10.75,9.75,8400.18
11.25,9.75,8532.13
11.75,9.75,8656.35
12.25,9.75,8770.76
12.75,9.75,8873.2
13.25,9.75,8961.56
13.75,9.75,9033.86
14.25,9.75,9088.37
14.75,9.75,9123.71
15.25,9.75,9138.91
15.75,9.75,9133.48
16.25,9.75,9107.33
16.75,9.75,9060.79
17.25,9.75,8994.48
17.75,9.75,8909.26
18.25,9.75,8806.09
18.75,9.75,8685.94
19.25,9.75,8549.77
19.75,9.75,8398.39
20.25,9.75,8232.59
20.75,9.75,8053.06
21.25,9.75,7860.52
21.75,9.75,7655.73
22.25,9.75,7439.58
22.75,9.75,7213.14
23.25,9.75,6977.64
23.75,9.75,6734.51
24.25,9.75,6485.32
24.75,9.75,6231.7
25.25,9.75,5975.32
25.75,9.75,5717.77
26.25,9.75,5460.52
26.75,9.75,5204.83
27.25,9.75,4951.76
27.75,9.75,4702.14
28.25,9.75,4456.57
28.75,9.75,4215.48
29.25,9.75,3979.15
29.75,9.75,3747.75
30.25,9.75,3521.42
30.75,9.75,3300.33
31.25,9.75,3084.64
31.75,9.75,2874.6
32.25,9.75,2670.51
32.75,9.75,2472.75
33.25,9.75,2281.72
33.75,9.75,2097.83
34.25,9.75,1921.51
34.75,9.75,1753.13
35.25,9.75,1593.04
35.75,9.75,1441.51
36.25,9.75,1298.75
36.75,9.75,1164.92
37.25,9.75,1040.08
37.75,9.75,924.26
38.25,9.75,817.403
38.75,9.75,719.398
39.25,9.75,630.063
39.75,9.75,549.151
40.25,9.75,476.346
40.75,9.75,411.272
41.25,9.75,353.49
41.75,9.75,302.515
42.25,9.75,257.819
42.75,9.75,218.854
43.25,9.75,185.061
43.75,9.75,155.886
44.25,9.75,130.767
44.75,9.75,109.165
-44.75,10.25,40.3346
-44.25,10.25,45.3136
-43.75,10.25,51.0292
-43.25,10.25,57.9123
-42.75,10.25,66.3851
-42.25,10.25,76.8246
-41.75,10.25,89.6595
-41.25,10.25,105.369
-40.75,10.25,124.473
-40.25,10.25,147.516
-39.75,10.25,175.049
-39.25,10.25,207.597
-38.75,10.25,245.631
-38.25,10.25,289.534
-37.75,10.25,339.564
-37.25,10.25,395.837
-36.75,10.25,458.301
-36.25,10.25,526.722
-35.75,10.25,600.696
-35.25,10.25,679.663
-34.75,10.25,762.937
-34.25,10.25,849.739
-33.75,10.25,939.235
-33.25,10.25,1030.59
-32.75,10.25,1122.99
-32.25,10.25,1215.69
-31.75,10.25,1308.04
-31.25,10.25,1399.48
-30.75,10.25,1489.57
-30.25,10.25,1577.95
-29.75,10.25,1664.37
-29.25,10.25,1748.64
-28.75,10.25,1830.66
-28.25,10.25,1910.32
-27.75,10.25,1987.61
-27.25,10.25,2062.5
-26.75,10.25,2135.01
-26.25,10.25,2205.17
-25.75,10.25,2273.05
-25.25,10.25,2338.75
-24.75,10.25,2402.41
-24.25,10.25,2464.21
-23.75,10.25,2524.36
-23.25,10.25,2583.08
-22.75,10.25,2640.62
-22.25,10.25,2697.22
-21.75,10.25,2753.09
-21.25,10.25,2808.39
-20.75,10.25,2863.25
-20.25,10.25,2917.7
-19.75,10.25,2971.74
-19.25,10.25,3025.29
-18.75,10.25,3078.23
-18.25,10.25,3130.39
-17.75,10.25,3181.64
-17.25,10.25,3231.84
-16.75,10.25,3280.89
-16.25,10.25,3328.76
-15.75,10.25,3375.49
-15.25,10.25,3421.18
-14.75,10.25,3466.01
-14.25,10.25,3510.21
-13.75,10.25,3554.06
-13.25,10.25,3597.86
-12.75,10.25,3641.92
-12.25,10.25,3686.54
-11.75,10.25,3732
-11.25,10.25,3778.55
-10.75,10.25,3826.39
-10.25,10.25,3875.69
-9.75,10.25,3926.59
-9.25,10.25,3979.19
-8.75,10.25,4033.57
-8.25,10.25,4089.8
-7.75,10.25,4147.96
-7.25,10.25,4208.11
-6.75,10.25,4270.35
-6.25,10.25,4334.79
-5.75,10.25,4401.59
-5.25,10.25,4470.94
-4.75,10.25,4543.06
-4.25,10.25,4618.23
-3.75,10.25,4696.73
-3.25,10.25,4778.85
-2.75,10.25,4864.84
-2.25,10.25,4954.89
-1.75,10.25,5049.13
-1.25,10.25,5147.57
-0.75,10.25,5250.1
-0.25,10.25,5356.5
0.25,10.25,5466.47
0.75,10.25,5579.64
1.25,10.25,5695.61
1.75,10.25,5814
2.25,10.25,5934.48
2.75,10.25,6056.82
3.25,10.25,6180.85
3.75,10.25,6306.53
4.25,10.25,6433.89
4.75,10.25,6563.02
5.25,10.25,6694.02
5.75,10.25,6827.02
6.25,10.25,6962.06
6.75,10.25,7099.12
7.25,10.25,7238.09
7.75,10.25,7378.7
8.25,10.25,7520.55
8.75,10.25,7663.04
9.25,10.25,7805.37
9.75,10.25,7946.54
10.25,10.25,8085.27
10.75,10.25,8220.08
11.25,10.25,8349.24
11.75,10.25,8470.81
12.25,10.25,8582.74
12.75,10.25,8682.86
13.25,10.25,8769.07
13.75,10.25,8839.38
14.25,10.25,8892.06
14.75,10.25,8925.72
15.25,10.25,8939.38
15.75,10.25,8932.54
16.25,10.25,8905.16
16.75,10.25,8857.61
17.25,10.25,8790.57
17.75,10.25,8705.01
18.25,10.25,8601.98
18.75,10.25,8482.57
19.25,10.25,8347.79
19.75,10.25,8198.57
20.25,10.25,8035.69
20.75,10.25,7859.86
21.25,10.25,7671.72
21.75,10.25,7471.95
22.25,10.25,7261.31
22.75,10.25,7040.71
23.25,10.25,6811.23
23.75,10.25,6574.14
24.25,10.25,6330.86
24.75,10.25,6082.93
25.25,10.25,5831.93
25.75,10.25,5579.41
26.25,10.25,5326.83
26.75,10.25,5075.51
27.25,10.25,4826.55
27.75,10.25,4580.87
28.25,10.25,4339.16
28.75,10.25,4101.94
29.25,10.25,3869.59
29.75,10.25,3642.36
30.25,10.25,3420.45
30.75,10.25,3204.06
31.25,10.25,2993.36
31.75,10.25,2788.58
32.25,10.25,2589.98
32.75,10.25,2397.85
33.25,10.25,2212.53
33.75,10.25,2034.33
34.25,10.25,1863.59
34.75,10.25,1700.61
35.25,10.25,1545.67
35.75,10.25,1398.97
36.25,10.25,1260.71
36.75,10.25,1131
37.25,10.25,1009.93
37.75,10.25,897.523
38.25,10.25,793.753
38.75,10.25,698.534
39.25,10.25,611.715
39.75,10.25,533.08
40.25,10.25,462.342
40.75,10.25,399.146
41.25,10.25,343.071
41.75,10.25,293.644
42.25,10.25,250.345
42.75,10.25,212.629
43.25,10.25,179.941
43.75,10.25,151.73
44.25,10.25,127.441
44.75,10.25,106.543
-44.75,10.75,39.8288
-44.25,10.75,44.3474
-43.75,10.75,49.513
-43.25,10.75,55.7368
-42.75,10.75,63.414
-42.25,10.75,72.8914
-41.75,10.75,84.5658
-41.25,10.75,98.8837
-40.75,10.75,116.335
-40.25,10.75,137.44
-39.75,10.75,162.735
-39.25,10.75,192.74
-38.75,10.75,227.939
-38.25,10.75,268.739
-37.75,10.75,315.444
-37.25,10.75,368.224
-36.75,10.75,427.092
-36.25,10.75,491.891
-35.75,10.75,562.286
-35.25,10.75,637.787
-34.75,10.75,717.764
-34.25,10.75,801.479
-33.75,10.75,888.127
-33.25,10.75,976.878
-32.75,10.75,1066.92
-32.25,10.75,1157.47
-31.75,10.75,1247.86
-31.25,10.75,1337.47
-30.75,10.75,1425.82
-30.25,10.75,1512.5
-29.75,10.75,1597.21
-29.25,10.75,1679.72
-28.75,10.75,1759.88
-28.25,10.75,1837.58
-27.75,10.75,1912.78
-27.25,10.75,1985.47
-26.75,10.75,2055.68
-26.25,10.75,2123.46
-25.75,10.75,2188.94
-25.25,10.75,2252.25
-24.75,10.75,2313.59
-24.25,10.75,2373.19
-23.75,10.75,2431.28
-23.25,10.75,2488.14
-22.75,10.75,2544.02
-22.25,10.75,2599.17
-21.75,10.75,2653.8
-21.25,10.75,2708.06
-20.75,10.75,2762.05
-20.25,10.75,2815.8
-19.75,10.75,2869.27
-19.25,10.75,2922.37
-18.75,10.75,2974.97
-18.25,10.75,3026.92
-17.75,10.75,3078.05
-17.25,10.75,3128.24
-16.75,10.75,3177.39
-16.25,10.75,3225.45
-15.75,10.75,3272.44
-15.25,10.75,3318.42
-14.75,10.75,3363.53
-14.25,10.75,3407.95
-13.75,10.75,3451.89
-13.25,10.75,3495.59
-12.75,10.75,3539.32
-12.25,10.75,3583.33
-11.75,10.75,3627.88
-11.25,10.75,3673.22
-10.75,10.75,3719.59
-10.25,10.75,3767.2
-9.75,10.75,3816.26
-9.25,10.75,3866.94
-8.75,10.75,3919.43
-8.25,10.75,3973.85
-7.75,10.75,4030.35
-7.25,10.75,4089.04
-6.75,10.75,4150.04
-6.25,10.75,4213.45
-5.75,10.75,4279.42
-5.25,10.75,4348.07
-4.75,10.75,4419.6
-4.25,10.75,4494.19
-3.75,10.75,4572.07
-3.25,10.75,4653.48
-2.75,10.75,4738.64
-2.25,10.75,4827.71
-1.75,10.75,4920.83
-1.25,10.75,5018
-0.75,10.75,5119.13
-0.25,10.75,5224.05
0.25,10.75,5332.46
0.75,10.75,5444.01
1.25,10.75,5558.32
1.75,10.75,5675
2.25,10.75,5793.73
2.75,10.75,5914.22
3.25,10.75,6036.31
3.75,10.75,6159.92
4.25,10.75,6285.07
4.75,10.75,6411.84
5.25,10.75,6540.35
5.75,10.75,6670.71
6.25,10.75,6803.01
6.75,10.75,6937.26
7.25,10.75,7073.36
7.75,10.75,7211.08
8.25,10.75,7350.04
8.75,10.75,7489.65
9.25,10.75,7629.12
9.75,10.75,7767.44
10.25,10.75,7903.35
10.75,10.75,8035.37
11.25,10.75,8161.77
11.75,10.75,8280.64
12.25,10.75,8389.94
12.75,10.75,8487.53
13.25,10.75,8571.32
13.75,10.75,8639.36
14.25,10.75,8689.93
14.75,10.75,8721.65
15.25,10.75,8733.57
15.75,10.75,8725.22
16.25,10.75,8696.59
16.75,10.75,8648.08
17.25,10.75,8580.47
17.75,10.75,8494.77
18.25,10.75,8392.12
18.75,10.75,8273.7
19.25,10.75,8140.58
19.75,10.75,7993.75
20.25,10.75,7833.99
20.75,10.75,7662
21.25,10.75,7478.38
21.75,10.75,7283.69
22.25,10.75,7078.59
22.75,10.75,6863.84
23.25,10.75,6640.38
23.75,10.75,6409.32
24.25,10.75,6171.96
24.75,10.75,5929.72
25.25,10.75,5684.13
25.75,10.75,5436.69
26.25,10.75,5188.86
26.75,10.75,4941.98
27.25,10.75,4697.22
27.75,10.75,4455.56
28.25,10.75,4217.8
28.75,10.75,3984.54
29.25,10.75,3756.24
29.75,10.75,3533.25
30.25,10.75,3315.82
30.75,10.75,3104.17
31.25,10.75,2898.49
31.75,10.75,2698.99
32.25,10.75,2505.89
32.75,10.75,2319.42
33.25,10.75,2139.83
33.75,10.75,1967.36
34.25,10.75,1802.26
34.75,10.75,1644.75
35.25,10.75,1495.05
35.75,10.75,1353.31
36.25,10.75,1219.68
36.75,10.75,1094.27
37.25,10.75,977.156
37.75,10.75,868.364
38.25,10.75,767.887
38.75,10.75,675.66
39.25,10.75,591.56
39.75,10.75,515.396
40.25,10.75,446.904
40.75,10.75,385.748
41.25,10.75,331.525
41.75,10.75,283.77
42.25,10.75,241.971
42.75,10.75,205.59
43.25,10.75,174.078
43.75,10.75,146.89
44.25,10.75,123.478
44.75,10.75,103.326
-44.75,11.25,39.3276
-44.25,11.25,43.4447
-43.75,11.25,48.1264
-43.25,11.25,53.7639
-42.75,11.25,60.7258
-42.25,11.25,69.3295
-41.75,11.25,79.9395
-41.25,11.25,92.9694
-40.75,11.25,108.878
-40.25,11.25,128.158
-39.75,11.25,151.327
-39.25,11.25,178.899
-38.75,11.25,211.361
-38.25,11.25,249.144
-37.75,11.25,292.588
-37.25,11.25,341.912
-36.75,11.25,397.194
-36.25,11.25,458.342
-35.75,11.25,525.094
-35.25,11.25,597.026
-34.75,11.25,673.565
-34.25,11.25,754.021
-33.75,11.25,837.619
-33.25,11.25,923.543
-32.75,11.25,1010.97
-32.25,11.25,1099.13
-31.75,11.25,1187.29
-31.25,11.25,1274.82
-30.75,11.25,1361.18
-30.25,11.25,1445.92
-29.75,11.25,1528.7
-29.25,11.25,1609.25
-28.75,11.25,1687.38
-28.25,11.25,1762.96
-27.75,11.25,1835.95
-27.25,11.25,1906.33
-26.75,11.25,1974.14
-26.25,11.25,2039.49
-25.75,11.25,2102.51
-25.25,11.25,2163.4
-24.75,11.25,2222.39
-24.25,11.25,2279.76
-23.75,11.25,2335.79
-23.25,11.25,2390.78
-22.75,11.25,2445.01
-22.25,11.25,2498.73
-21.75,11.25,2552.15
-21.25,11.25,2605.42
-20.75,11.25,2658.6
-20.25,11.25,2711.72
-19.75,11.25,2764.71
-19.25,11.25,2817.47
-18.75,11.25,2869.84
-18.25,11.25,2921.68
-17.75,11.25,2972.81
-17.25,11.25,3023.11
-16.75,11.25,3072.47
-16.25,11.25,3120.82
-15.75,11.25,3168.17
-15.25,11.25,3214.54
-14.75,11.25,3260.03
-14.25,11.25,3304.74
-13.75,11.25,3348.84
-13.25,11.25,3392.49
-12.75,11.25,3435.91
-12.25,11.25,3479.3
-11.75,11.25,3522.9
-11.25,11.25,3566.96
-10.75,11.25,3611.75
-10.25,11.25,3657.54
-9.75,11.25,3704.61
-9.25,11.25,3753.21
-8.75,11.25,3803.61
-8.25,11.25,3856.04
-7.75,11.25,3910.7
-7.25,11.25,3967.76
-6.75,11.25,4027.35
-6.25,11.25,4089.6
-5.75,11.25,4154.59
-5.25,11.25,4222.44
-4.75,11.25,4293.24
-4.25,11.25,4367.14
-3.75,11.25,4444.28
-3.25,11.25,4524.85
-2.75,11.25,4609
-2.25,11.25,4696.9
-1.75,11.25,4788.63
-1.25,11.25,4884.23
-0.75,11.25,4983.63
-0.25,11.25,5086.66
0.25,11.25,5193.07
0.75,11.25,5302.55
1.25,11.25,5414.74
1.75,11.25,5529.26
2.25,11.25,5645.79
2.75,11.25,5764.07
3.25,11.25,5883.92
3.75,11.25,6005.25
4.25,11.25,6128.08
4.75,11.25,6252.47
5.25,11.25,6378.56
5.75,11.25,6506.48
6.25,11.25,6636.3
6.75,11.25,6768.07
7.25,11.25,6901.69
7.75,11.25,7036.94
8.25,11.25,7173.42
8.75,11.25,7310.54
9.25,11.25,7447.5
9.75,11.25,7583.27
10.25,11.25,7716.58
10.75,11.25,7845.93
11.25,11.25,7969.61
11.75,11.25,8085.72
12.25,11.25,8192.24
12.75,11.25,8287.09
13.25,11.25,8368.21
13.75,11.25,8433.7
14.25,11.25,8481.89
14.75,11.25,8511.45
15.25,11.25,8521.48
15.75,11.25,8511.55
16.25,11.25,8481.68
16.75,11.25,8432.34
17.25,11.25,8364.34
17.75,11.25,8278.76
18.25,11.25,8176.81
18.75,11.25,8059.68
19.25,11.25,7928.54
19.75,11.25,7784.35
20.25,11.25,7627.94
20.75,11.25,7459.97
21.25,11.25,7280.96
21.75,11.25,7091.42
22.25,11.25,6891.89
22.75,11.25,6683
23.25,11.25,6465.55
23.75,11.25,6240.52
24.25,11.25,6009.11
24.75,11.25,5772.63
25.25,11.25,5532.54
25.75,11.25,5290.29
26.25,11.25,5047.35
26.75,11.25,4805.07
27.25,11.25,4564.67
27.75,11.25,4327.19
28.25,11.25,4093.52
28.75,11.25,3864.34
29.25,11.25,3640.19
29.75,11.25,3421.49
30.25,11.25,3208.55
30.75,11.25,3001.63
31.25,11.25,2800.92
31.75,11.25,2606.62
32.25,11.25,2418.92
32.75,11.25,2237.99
33.25,11.25,2064.02
33.75,11.25,1897.19
34.25,11.25,1737.65
34.75,11.25,1585.58
35.25,11.25,1441.11
35.75,11.25,1304.36
36.25,11.25,1175.45
36.75,11.25,1054.45
37.25,11.25,941.432
37.75,11.25,836.431
38.25,11.25,739.443
38.75,11.25,650.418
39.25,11.25,569.253
39.75,11.25,495.773
40.25,11.25,429.732
40.75,11.25,370.81
41.25,11.25,318.611
41.75,11.25,272.683
42.25,11.25,232.521
42.75,11.25,197.593
43.25,11.25,167.357
43.75,11.25,141.278
44.25,11.25,118.822
44.75,11.25,99.484
-44.75,11.75,38.7358
-44.25,11.75,42.5144
-43.75,11.75,46.7813
-43.25,11.75,51.907
-42.75,11.75,58.2343
-42.25,11.75,66.0519
-41.75,11.75,75.6932
-41.25,11.75,87.5387
-40.75,11.75,102.015
-40.25,11.75,119.588
-39.75,11.75,140.751
-39.25,11.75,166.007
-38.75,11.75,195.845
-38.25,11.75,230.709
-37.75,11.75,270.971
-37.25,11.75,316.895
-36.75,11.75,368.614
-36.25,11.75,426.1
-35.75,11.75,489.16
-35.25,11.75,557.435
-34.75,11.75,630.412
-34.25,11.75,707.448
-33.75,11.75,787.804
-33.25,11.75,870.685
-32.75,11.75,955.275
-32.25,11.75,1040.78
-31.75,11.75,1126.47
-31.25,11.75,1211.66
-30.75,11.75,1295.79
-30.25,11.75,1378.38
-29.75,11.75,1459.02
-29.25,11.75,1537.43
-28.75,11.75,1613.38
-28.25,11.75,1686.74
-27.75,11.75,1757.43
-27.25,11.75,1825.45
-26.75,11.75,1890.86
-26.25,11.75,1953.77
-25.75,11.75,2014.36
-25.25,11.75,2072.87
-24.75,11.75,2129.57
-24.25,11.75,2184.77
-23.75,11.75,2238.8
-23.25,11.75,2291.99
-22.75,11.75,2344.64
-22.25,11.75,2397.01
-21.75,11.75,2449.3
-21.25,11.75,2501.65
-20.75,11.75,2554.12
-20.25,11.75,2606.7
-19.75,11.75,2659.31
-19.25,11.75,2711.81
-18.75,11.75,2764.06
-18.25,11.75,2815.87
-17.75,11.75,2867.09
-17.25,11.75,2917.57
-16.75,11.75,2967.19
-16.25,11.75,3015.89
-15.75,11.75,3063.63
-15.25,11.75,3110.42
-14.75,11.75,3156.29
-14.25,11.75,3201.3
-13.75,11.75,3245.53
-13.25,11.75,3289.11
-12.75,11.75,3332.17
-12.25,11.75,3374.9
-11.75,11.75,3417.49
-11.25,11.75,3460.21
-10.75,11.75,3503.35
-10.25,11.75,3547.23
-9.75,11.75,3592.21
-9.25,11.75,3638.62
-8.75,11.75,3686.82
-8.25,11.75,3737.13
-7.75,11.75,3789.8
-7.25,11.75,3845.07
-6.75,11.75,3903.1
-6.25,11.75,3964.01
-5.75,11.75,4027.86
-5.25,11.75,4094.71
-4.75,11.75,4164.61
-4.25,11.75,4237.62
-3.75,11.75,4313.82
-3.25,11.75,4393.32
-2.75,11.75,4476.24
-2.25,11.75,4562.68
-1.75,11.75,4652.73
-1.25,11.75,4746.41
-0.75,11.75,4843.68
-0.25,11.75,4944.4
0.25,11.75,5048.37
0.75,11.75,5155.3
1.25,11.75,5264.89
1.75,11.75,5376.79
2.25,11.75,5490.71
2.75,11.75,5606.4
3.25,11.75,5723.7
3.75,11.75,5842.54
4.25,11.75,5962.92
4.75,11.75,6084.94
5.25,11.75,6208.7
5.75,11.75,6334.35
6.25,11.75,6461.97
6.75,11.75,6591.58
7.25,11.75,6723.09
7.75,11.75,6856.25
8.25,11.75,6990.64
8.75,11.75,7125.64
9.25,11.75,7260.41
9.75,11.75,7393.89
10.25,11.75,7524.78
10.75,11.75,7651.58
11.25,11.75,7772.56
11.75,11.75,7885.86
12.25,11.75,7989.49
12.75,11.75,8081.41
13.25,11.75,8159.65
13.75,11.75,8222.38
14.25,11.75,8267.99
14.75,11.75,8295.24
15.25,11.75,8303.29
15.75,11.75,8291.78
16.25,11.75,8260.77
16.75,11.75,8210.78
17.25,11.75,8142.67
17.75,11.75,8057.54
18.25,11.75,7956.63
18.75,11.75,7841.18
19.25,11.75,7712.34
19.75,11.75,7571.11
20.25,11.75,7418.28
20.75,11.75,7254.48
21.25,11.75,7080.19
21.75,11.75,6895.85
22.25,11.75,6701.88
22.75,11.75,6498.83
23.25,11.75,6287.38
23.75,11.75,6068.4
24.25,11.75,5842.98
24.75,11.75,5612.34
25.25,11.75,5377.87
25.75,11.75,5140.99
26.25,11.75,4903.13
26.75,11.75,4665.66
27.25,11.75,4429.84
27.75,11.75,4196.76
28.25,11.75,3967.36
28.75,11.75,3742.41
29.25,11.75,3522.52
29.75,11.75,3308.16
30.25,11.75,3099.7
30.75,11.75,2897.43
31.25,11.75,2701.57
31.75,11.75,2512.32
32.25,11.75,2329.82
32.75,11.75,2154.23
33.25,11.75,1985.67
33.75,11.75,1824.27
34.25,11.75,1670.13
34.75,11.75,1523.35
35.25,11.75,1384.01
35.75,11.75,1252.22
36.25,11.75,1128.02
36.75,11.75,1011.49
37.25,11.75,902.674
37.75,11.75,801.604
38.25,11.75,708.279
38.75,11.75,622.655
39.25,11.75,544.634
39.75,11.75,474.054
40.25,11.75,410.676
40.75,11.75,354.187
41.25,11.75,304.202
41.75,11.75,260.271
42.25,11.75,221.898
42.75,11.75,188.559
43.25,11.75,159.72
43.75,11.75,134.859
44.25,11.75,113.454
44.75,11.75,95.0186
-44.75,12.25,37.9581
-44.25,12.25,41.4579
-43.75,12.25,45.3742
-43.25,12.25,50.0564
-42.75,12.25,55.8217
-42.25,12.25,62.9322
-41.75,12.25,71.6913
-41.25,12.25,82.4476
-40.75,12.25,95.596
-40.25,12.25,111.572
-39.75,12.25,130.847
-39.25,12.25,153.908
-38.75,12.25,181.238
-38.25,12.25,213.293
-37.75,12.25,250.466
-37.25,12.25,293.061
-36.75,12.25,341.26
-36.25,12.25,395.095
-35.75,12.25,454.436
-35.25,12.25,518.989
-34.75,12.25,588.302
-34.25,12.25,661.781
-33.75,12.25,738.729
-33.25,12.25,818.372
-32.75,12.25,899.91
-32.25,12.25,982.547
-31.75,12.25,1065.53
-31.25,12.25,1148.17
-30.75,12.25,1229.85
-30.25,12.25,1310.08
-29.75,12.25,1388.41
-29.25,12.25,1464.54
-28.75,12.25,1538.22
-28.25,12.25,1609.28
-27.75,12.25,1677.65
-27.25,12.25,1743.33
-26.75,12.25,1806.38
-26.25,12.25,1866.94
-25.75,12.25,1925.22
-25.25,12.25,1981.47
-24.75,12.25,2036.02
-24.25,12.25,2089.19
-23.75,12.25,2141.37
-23.25,12.25,2192.88
-22.75,12.25,2244.06
-22.25,12.25,2295.18
-21.75,12.25,2346.44
-21.25,12.25,2397.97
-20.75,12.25,2449.8
-20.25,12.25,2501.91
-19.75,12.25,2554.2
-19.25,12.25,2606.52
-18.75,12.25,2658.69
-18.25,12.25,2710.52
-17.75,12.25,2761.85
-17.25,12.25,2812.52
-16.75,12.25,2862.42
-16.25,12.25,2911.45
-15.75,12.25,2959.55
-15.25,12.25,3006.71
-14.75,12.25,3052.9
-14.25,12.25,3098.13
-13.75,12.25,3142.43
-13.25,12.25,3185.86
-12.75,12.25,3228.5
-12.25,12.25,3270.49
-11.75,12.25,3312.02
-11.25,12.25,3353.34
-10.75,12.25,3394.79
-10.25,12.25,3436.72
-9.75,12.25,3479.55
-9.25,12.25,3523.73
-8.75,12.25,3569.66
-8.25,12.25,3617.75
-7.75,12.25,3668.34
-7.25,12.25,3721.69
-6.75,12.25,3777.99
-6.25,12.25,3837.36
-5.75,12.25,3899.86
-5.25,12.25,3965.49
-4.75,12.25,4034.24
-4.25,12.25,4106.11
-3.75,12.25,4181.1
-3.25,12.25,4259.25
-2.75,12.25,4340.63
-2.25,12.25,4425.3
-1.75,12.25,4513.33
-1.25,12.25,4604.73
-0.75,12.25,4699.48
-0.25,12.25,4797.48
0.25,12.25,4898.55
0.75,12.25,5002.49
1.25,12.25,5109.01
1.75,12.25,5217.85
2.25,12.25,5328.75
2.75,12.25,5441.5
3.25,12.25,5555.98
3.75,12.25,5672.12
4.25,12.25,5789.95
4.75,12.25,5909.56
5.25,12.25,6031.07
5.75,12.25,6154.61
6.25,12.25,6280.24
6.75,12.25,6407.98
7.25,12.25,6537.69
7.75,12.25,6669.09
8.25,12.25,6801.72
8.75,12.25,6934.9
9.25,12.25,7067.75
9.75,12.25,7199.15
10.25,12.25,7327.78
10.75,12.25,7452.1
11.25,12.25,7570.41
11.75,12.25,7680.86
12.25,12.25,7781.5
12.75,12.25,7870.38
13.25,12.25,7945.59
13.75,12.25,8005.42
14.25,12.25,8048.35
14.75,12.25,8073.24
15.25,12.25,8079.34
15.75,12.25,8066.34
16.25,12.25,8034.4
16.75,12.25,7984.04
17.25,12.25,7916.16
17.75,12.25,7831.88
18.25,12.25,7732.43
18.75,12.25,7619.05
19.25,12.25,7492.89
19.75,12.25,7354.9
20.25,12.25,7205.88
20.75,12.25,7046.41
21.25,12.25,6876.92
21.75,12.25,6697.79
22.25,12.25,6509.37
22.75,12.25,6312.13
23.25,12.25,6106.65
23.75,12.25,5893.72
24.25,12.25,5674.32
24.75,12.25,5449.62
25.25,12.25,5220.91
25.75,12.25,4989.58
26.25,12.25,4757.04
26.75,12.25,4524.64
27.25,12.25,4293.66
27.75,12.25,4065.22
28.25,12.25,3840.31
28.75,12.25,3619.75
29.25,12.25,3404.22
29.75,12.25,3194.24
30.25,12.25,2990.23
30.75,12.25,2792.53
31.25,12.25,2601.37
31.75,12.25,2416.94
32.25,12.25,2239.41
32.75,12.25,2068.89
33.25,12.25,1905.47
33.75,12.25,1749.23
34.25,12.25,1600.24
34.75,12.25,1458.55
35.25,12.25,1324.2
35.75,12.25,1197.24
36.25,12.25,1077.71
36.75,12.25,965.654
37.25,12.25,861.097
37.75,12.25,764.06
38.25,12.25,674.536
38.75,12.25,592.477
39.25,12.25,517.786
39.75,12.25,450.299
40.25,12.25,389.779
40.75,12.25,335.913
41.25,12.25,288.319
41.75,12.25,246.552
42.25,12.25,210.119
42.75,12.25,178.505
43.25,12.25,151.188
43.75,12.25,127.656
44.25,12.25,107.406
44.75,12.25,89.9683
-44.75,12.75,36.913
-44.25,12.75,40.1833
-43.75,12.75,43.8019
-43.25,12.75,48.0961
-42.75,12.75,53.359
-42.25,12.75,59.8275
-41.75,12.75,67.777
-41.25,12.75,77.5262
-40.75,12.75,89.439
-40.25,12.75,103.922
-39.75,12.75,121.421
-39.25,12.75,142.404
-38.75,12.75,167.347
-38.25,12.75,196.709
-37.75,12.75,230.9
-37.25,12.75,270.254
-36.75,12.75,314.997
-36.25,12.75,365.216
-35.75,12.75,420.84
-35.25,12.75,481.637
-34.75,12.75,547.215
-34.25,12.75,617.034
-33.75,12.75,690.438
-33.25,12.75,766.687
-32.75,12.75,844.994
-32.25,12.75,924.571
-31.75,12.75,1004.65
-31.25,12.75,1084.54
-30.75,12.75,1163.61
-30.25,12.75,1241.31
-29.75,12.75,1317.21
-29.25,12.75,1390.95
-28.75,12.75,1462.29
-28.25,12.75,1531.04
-27.75,12.75,1597.13
-27.25,12.75,1660.54
-26.75,12.75,1721.36
-26.25,12.75,1779.74
-25.75,12.75,1835.88
-25.25,12.75,1890.09
-24.75,12.75,1942.69
-24.25,12.75,1994.05
-23.75,12.75,2044.55
-23.25,12.75,2094.56
-22.75,12.75,2144.42
-22.25,12.75,2194.41
-21.75,12.75,2244.72
-21.25,12.75,2295.48
-20.75,12.75,2346.71
-20.25,12.75,2398.38
-19.75,12.75,2450.36
-19.25,12.75,2502.48
-18.75,12.75,2554.56
-18.25,12.75,2606.39
-17.75,12.75,2657.79
-17.25,12.75,2708.61
-16.75,12.75,2758.71
-16.25,12.75,2807.99
-15.75,12.75,2856.38
-15.25,12.75,2903.8
-14.75,12.75,2950.2
-14.25,12.75,2995.55
-13.75,12.75,3039.8
-13.25,12.75,3082.98
-12.75,12.75,3125.1
-12.25,12.75,3166.29
-11.75,12.75,3206.7
-11.25,12.75,3246.6
-10.75,12.75,3286.33
-10.25,12.75,3326.31
-9.75,12.75,3367.02
-9.25,12.75,3408.95
-8.75,12.75,3452.6
-8.25,12.75,3498.44
-7.75,12.75,3546.86
-7.25,12.75,3598.17
-6.75,12.75,3652.59
-6.25,12.75,3710.24
-5.75,12.75,3771.15
-5.25,12.75,3835.29
-4.75,12.75,3902.61
-4.25,12.75,3973.03
-3.75,12.75,4046.5
-3.25,12.75,4122.99
-2.75,12.75,4202.51
-2.25,12.75,4285.08
-1.75,12.75,4370.75
-1.25,12.75,4459.52
-0.75,12.75,4551.38
-0.25,12.75,4646.27
0.25,12.75,4744.06
0.75,12.75,4844.58
1.25,12.75,4947.64
1.75,12.75,5053.02
2.25,12.75,5160.53
2.75,12.75,5270.02
3.25,12.75,5381.4
3.75,12.75,5494.64
4.25,12.75,5609.8
4.75,12.75,5726.96
5.25,12.75,5846.26
5.75,12.75,5967.79
6.25,12.75,6091.6
6.75,12.75,6217.67
7.25,12.75,6345.81
7.75,12.75,6475.69
8.25,12.75,6606.79
8.75,12.75,6738.36
9.25,12.75,6869.46
9.75,12.75,6998.93
10.25,12.75,7125.39
10.75,12.75,7247.3
11.25,12.75,7362.95
11.75,12.75,7470.52
12.25,12.75,7568.13
12.75,12.75,7653.9
13.25,12.75,7726.04
13.75,12.75,7782.93
14.25,12.75,7823.2
14.75,12.75,7845.8
15.25,12.75,7850.08
15.75,12.75,7835.83
16.25,12.75,7803.24
16.75,12.75,7752.88
17.25,12.75,7685.65
17.75,12.75,7602.66
18.25,12.75,7505.12
18.75,12.75,7394.23
19.25,12.75,7271.1
19.75,12.75,7136.68
20.25,12.75,6991.68
20.75,12.75,6836.67
21.25,12.75,6672.04
21.75,12.75,6498.11
22.25,12.75,6315.2
22.75,12.75,6123.7
23.25,12.75,5924.14
23.75,12.75,5717.24
24.25,12.75,5503.91
24.75,12.75,5285.22
25.25,12.75,5062.43
25.75,12.75,4836.86
26.25,12.75,4609.87
26.75,12.75,4382.8
27.25,12.75,4156.92
27.75,12.75,3933.37
28.25,12.75,3713.17
28.75,12.75,3497.19
29.25,12.75,3286.13
29.75,12.75,3080.59
30.25,12.75,2881.02
30.75,12.75,2687.78
31.25,12.75,2501.16
31.75,12.75,2321.36
32.25,12.75,2148.53
32.75,12.75,1982.8
33.25,12.75,1824.22
33.75,12.75,1672.86
34.25,12.75,1528.75
34.75,12.75,1391.91
35.25,12.75,1262.35
35.75,12.75,1140.09
36.25,12.75,1025.14
36.75,12.75,917.513
37.25,12.75,817.224
37.75,12.75,724.275
38.25,12.75,638.644
38.75,12.75,560.272
39.25,12.75,489.052
39.75,12.75,424.81
40.25,12.75,367.304
40.75,12.75,316.216
41.25,12.75,271.16
41.75,12.75,231.693
42.25,12.75,197.328
42.75,12.75,167.557
43.25,12.75,141.868
43.75,12.75,119.767
44.25,12.75,100.765
44.75,12.75,84.4121
-44.75,13.25,35.5496
-44.25,13.25,38.6237
-43.75,13.25,41.9817
-43.25,13.25,45.928
-42.75,13.25,50.7322
-42.25,13.25,56.6084
-41.75,13.25,63.8064
-41.25,13.25,72.617
-40.75,13.25,83.375
-40.25,13.25,96.4587
-39.75,13.25,112.287
-39.25,13.25,131.309
-38.75,13.25,153.988
-38.25,13.25,180.781
-37.75,13.25,212.109
-37.25,13.25,248.33
-36.75,13.25,289.707
-36.25,13.25,336.373
-35.75,13.25,388.313
-35.25,13.25,445.355
-34.75,13.25,507.165
-34.25,13.25,573.259
-33.75,13.25,643.025
-33.25,13.25,715.759
-32.75,13.25,790.699
-32.25,13.25,867.066
-31.75,13.25,944.097
-31.25,13.25,1021.08
-30.75,13.25,1097.38
-30.25,13.25,1172.45
-29.75,13.25,1245.81
-29.25,13.25,1317.12
-28.75,13.25,1386.1
-28.25,13.25,1452.57
-27.75,13.25,1516.45
-27.25,13.25,1577.74
-26.75,13.25,1636.5
-26.25,13.25,1692.9
-25.75,13.25,1747.16
-25.25,13.25,1799.58
-24.75,13.25,1850.5
-24.25,13.25,1900.29
-23.75,13.25,1949.34
-23.25,13.25,1998.04
-22.75,13.25,2046.73
-22.25,13.25,2095.68
-21.75,13.25,2145.1
-21.25,13.25,2195.11
-20.75,13.25,2245.73
-20.25,13.25,2296.9
-19.75,13.25,2348.5
-19.25,13.25,2400.34
-18.75,13.25,2452.22
-18.25,13.25,2503.95
-17.75,13.25,2555.31
-17.25,13.25,2606.16
-16.75,13.25,2656.34
-16.25,13.25,2705.74
-15.75,13.25,2754.26
-15.25,13.25,2801.8
-14.75,13.25,2848.28
-14.25,13.25,2893.59
-13.75,13.25,2937.68
-13.25,13.25,2980.48
-12.75,13.25,3021.99
-12.25,13.25,3062.3
-11.75,13.25,3101.56
-11.25,13.25,3140.03
-10.75,13.25,3178.08
-10.25,13.25,3216.16
-9.75,13.25,3254.78
-9.25,13.25,3294.52
-8.75,13.25,3335.93
-8.25,13.25,3379.51
-7.75,13.25,3425.73
-7.25,13.25,3474.92
-6.75,13.25,3527.32
-6.25,13.25,3583.05
-5.75,13.25,3642.14
-5.25,13.25,3704.53
-4.75,13.25,3770.12
-4.25,13.25,3838.78
-3.75,13.25,3910.42
-3.25,13.25,3984.93
-2.75,13.25,4062.28
-2.25,13.25,4142.45
-1.75,13.25,4225.45
-1.25,13.25,4311.29
-0.75,13.25,4399.95
-0.25,13.25,4491.4
0.25,13.25,4585.56
0.75,13.25,4682.33
1.25,13.25,4781.58
1.75,13.25,4883.17
2.25,13.25,4986.97
2.75,13.25,5092.91
3.25,13.25,5200.94
3.75,13.25,5311.09
4.25,13.25,5423.44
4.75,13.25,5538.08
5.25,13.25,5655.14
5.75,13.25,5774.69
6.25,13.25,5896.76
6.75,13.25,6021.26
7.25,13.25,6147.95
7.75,13.25,6276.44
8.25,13.25,6406.13
8.75,13.25,6536.2
9.25,13.25,6665.64
9.75,13.25,6793.23
10.25,13.25,6917.57
10.75,13.25,7037.08
11.25,13.25,7150.07
11.75,13.25,7254.76
12.25,13.25,7349.34
12.75,13.25,7432.02
13.25,13.25,7501.13
13.75,13.25,7555.16
14.25,13.25,7592.89
14.75,13.25,7613.39
15.25,13.25,7616.11
15.75,13.25,7600.91
16.25,13.25,7568.05
16.75,13.25,7518.11
17.25,13.25,7451.99
17.75,13.25,7370.75
18.25,13.25,7275.57
18.75,13.25,7167.59
19.25,13.25,7047.85
19.75,13.25,6917.25
20.25,13.25,6776.47
20.75,13.25,6626.03
21.25,13.25,6466.3
21.75,13.25,6297.55
22.25,13.25,6120.09
22.75,13.25,5934.27
23.25,13.25,5740.59
23.75,13.25,5539.69
24.25,13.25,5332.43
24.75,13.25,5119.84
25.25,13.25,4903.08
25.75,13.25,4683.44
26.25,13.25,4462.22
26.75,13.25,4240.73
27.25,13.25,4020.21
27.75,13.25,3801.81
28.25,13.25,3586.56
28.75,13.25,3375.33
29.25,13.25,3168.9
29.75,13.25,2967.86
30.25,13.25,2772.74
30.75,13.25,2583.92
31.25,13.25,2401.72
31.75,13.25,2226.36
32.25,13.25,2058.02
32.75,13.25,1896.81
33.25,13.25,1742.81
33.75,13.25,1596.05
34.25,13.25,1456.56
34.75,13.25,1324.34
35.25,13.25,1199.37
35.75,13.25,1081.64
36.25,13.25,971.149
36.75,13.25,867.882
37.25,13.25,771.833
37.75,13.25,682.981
38.25,13.25,601.284
38.75,13.25,526.666
39.25,13.25,459.001
39.75,13.25,398.101
40.25,13.25,343.709
40.75,13.25,295.499
41.25,13.25,253.078
41.75,13.25,216.003
42.25,13.25,183.791
42.75,13.25,155.942
43.25,13.25,131.958
43.75,13.25,111.358
44.25,13.25,93.6723
44.75,13.25,78.4699
-44.75,13.75,33.8622
-44.25,13.75,36.7554
-43.75,13.75,39.8727
-43.25,13.75,43.495
-42.75,13.75,47.8696
-42.25,13.75,53.1898
-41.75,13.75,59.6822
-41.25,13.75,67.6122
-40.75,13.75,77.2872
-40.25,13.75,89.0584
-39.75,13.75,103.319
-39.25,13.75,120.495
-38.75,13.75,141.037
-38.25,13.75,165.394
-37.75,13.75,193.992
-37.25,13.75,227.206
-36.75,13.75,265.329
-36.25,13.75,308.533
-35.75,13.75,356.856
-35.25,13.75,410.179
-34.75,13.75,468.227
-34.25,13.75,530.57
-33.75,13.75,596.645
-33.25,13.75,665.788
-32.75,13.75,737.264
-32.25,13.75,810.312
-31.75,13.75,884.178
-31.25,13.75,958.152
-30.75,13.75,1031.59
-30.25,13.75,1103.93
-29.75,13.75,1174.71
-29.25,13.75,1243.56
-28.75,13.75,1310.2
-28.25,13.75,1374.47
-27.75,13.75,1436.26
-27.25,13.75,1495.58
-26.75,13.75,1552.5
-26.25,13.75,1607.18
-25.75,13.75,1659.82
-25.25,13.75,1710.73
-24.75,13.75,1760.24
-24.25,13.75,1808.72
-23.75,13.75,1856.56
-23.25,13.75,1904.12
-22.75,13.75,1951.76
-22.25,13.75,1999.75
-21.75,13.75,2048.3
-21.25,13.75,2097.52
-20.75,13.75,2147.44
-20.25,13.75,2198
-19.75,13.75,2249.06
-19.25,13.75,2300.45
-18.75,13.75,2351.96
-18.25,13.75,2403.38
-17.75,13.75,2454.53
-17.25,13.75,2505.21
-16.75,13.75,2555.29
-16.25,13.75,2604.64
-15.75,13.75,2653.11
-15.25,13.75,2700.6
-14.75,13.75,2746.97
-14.25,13.75,2792.1
-13.75,13.75,2835.86
-13.25,13.75,2878.17
-12.75,13.75,2918.99
-12.25,13.75,2958.38
-11.75,13.75,2996.47
-11.25,13.75,3033.53
-10.75,13.75,3069.95
-10.25,13.75,3106.2
-9.75,13.75,3142.85
-9.25,13.75,3180.48
-8.75,13.75,3219.72
-8.25,13.75,3261.1
-7.75,13.75,3305.11
-7.25,13.75,3352.14
-6.75,13.75,3402.41
-6.25,13.75,3456.08
-5.75,13.75,3513.15
-5.25,13.75,3573.55
-4.75,13.75,3637.15
-4.25,13.75,3703.78
-3.75,13.75,3773.29
-3.25,13.75,3845.55
-2.75,13.75,3920.47
-2.25,13.75,3997.98
-1.75,13.75,4078.06
-1.25,13.75,4160.71
-0.75,13.75,4245.93
-0.25,13.75,4333.69
0.25,13.75,4423.98
0.75,13.75,4516.73
1.25,13.75,4611.9
1.75,13.75,4709.43
2.25,13.75,4809.26
2.75,13.75,4911.4
3.25,13.75,5015.87
3.75,13.75,5122.74
4.25,13.75,5232.12
4.75,13.75,5344.13
5.25,13.75,5458.86
5.75,13.75,5576.39
6.25,13.75,5696.69
6.75,13.75,5819.61
7.25,13.75,5944.86
7.75,13.75,6071.96
8.25,13.75,6200.23
8.75,13.75,6328.78
9.25,13.75,6456.54
9.75,13.75,6582.24
10.25,13.75,6704.42
10.75,13.75,6821.52
11.25,13.75,6931.85
11.75,13.75,7033.68
12.25,13.75,7125.27
12.75,13.75,7204.94
13.25,13.75,7271.13
13.75,13.75,7322.49
14.25,13.75,7357.9
14.75,13.75,7376.57
15.25,13.75,7378.06
15.75,13.75,7362.31
16.25,13.75,7329.59
16.75,13.75,7280.52
17.25,13.75,7215.96
17.75,13.75,7136.92
18.25,13.75,7044.51
18.75,13.75,6939.8
19.25,13.75,6823.77
19.75,13.75,6697.23
20.25,13.75,6560.83
20.75,13.75,6415.05
21.25,13.75,6260.22
21.75,13.75,6096.64
22.25,13.75,5924.58
22.75,13.75,5744.37
23.25,13.75,5556.49
23.75,13.75,5361.56
24.25,13.75,5160.39
24.75,13.75,4953.94
25.25,13.75,4743.33
25.75,13.75,4529.77
26.25,13.75,4314.51
26.75,13.75,4098.82
27.25,13.75,3883.91
27.75,13.75,3670.9
28.25,13.75,3460.82
28.75,13.75,3254.56
29.25,13.75,3052.91
29.75,13.75,2856.5
30.25,13.75,2665.89
30.75,13.75,2481.48
31.25,13.75,2303.64
31.75,13.75,2132.61
32.25,13.75,1968.6
32.75,13.75,1811.73
33.25,13.75,1662.08
33.75,13.75,1519.71
34.25,13.75,1384.62
34.75,13.75,1256.8
35.25,13.75,1136.23
35.75,13.75,1022.88
36.25,13.75,916.725
36.75,13.75,817.725
37.25,13.75,725.853
37.75,13.75,641.064
38.25,13.75,563.293
38.75,13.75,492.439
39.25,13.75,428.354
39.75,13.75,370.827
40.25,13.75,319.586
40.75,13.75,274.29
41.25,13.75,234.541
41.75,13.75,199.892
42.25,13.75,169.865
42.75,13.75,143.969
43.25,13.75,121.72
43.75,13.75,102.652
44.25,13.75,86.3152
44.75,13.75,72.297
-44.75,14.25,31.8967
-44.25,14.25,34.6079
-43.75,14.25,37.489
-43.25,14.25,40.7979
-42.75,14.25,44.7605
-42.25,14.25,49.5514
-41.75,14.25,55.3763
-41.25,14.25,62.4773
-40.75,14.25,71.1368
-40.25,14.25,81.6795
-39.75,14.25,94.4733
-39.25,14.25,109.922
-38.75,14.25,128.458
-38.25,14.25,150.519
-37.75,14.25,176.532
-37.25,14.25,206.882
-36.75,14.25,241.883
-36.25,14.25,281.744
-35.75,14.25,326.544
-35.25,14.25,376.217
-34.75,14.25,430.543
-34.25,14.25,489.147
-33.75,14.25,551.515
-33.25,14.25,617.027
-32.75,14.25,684.981
-32.25,14.25,754.64
-31.75,14.25,825.266
-31.25,14.25,896.155
-30.75,14.25,966.667
-30.25,14.25,1036.24
-29.75,14.25,1104.42
-29.25,14.25,1170.82
-28.75,14.25,1235.19
-28.25,14.25,1297.34
-27.75,14.25,1357.19
-27.25,14.25,1414.72
-26.75,14.25,1470.02
-26.25,14.25,1523.21
-25.75,14.25,1574.51
-25.25,14.25,1624.18
-24.75,14.25,1672.55
-24.25,14.25,1719.96
-23.75,14.25,1766.78
-23.25,14.25,1813.37
-22.75,14.25,1860.06
-22.25,14.25,1907.13
-21.75,14.25,1954.77
-21.25,14.25,2003.11
-20.75,14.25,2052.18
-20.25,14.25,2101.93
-19.75,14.25,2152.23
-19.25,14.25,2202.92
-18.75,14.25,2253.8
-18.25,14.25,2304.67
-17.75,14.25,2355.34
-17.25,14.25,2405.62
-16.75,14.25,2455.37
-16.25,14.25,2504.42
-15.75,14.25,2552.65
-15.25,14.25,2599.88
-14.75,14.25,2645.96
-14.25,14.25,2690.73
-13.75,14.25,2734.02
-13.25,14.25,2775.72
-12.75,14.25,2815.76
-12.25,14.25,2854.17
-11.75,14.25,2891.09
-11.25,14.25,2926.79
-10.75,14.25,2961.66
-10.25,14.25,2996.2
-9.75,14.25,3030.99
-9.25,14.25,3066.67
-8.75,14.25,3103.85
-8.25,14.25,3143.12
-7.75,14.25,3184.99
-7.25,14.25,3229.86
-6.75,14.25,3277.97
-6.25,14.25,3329.48
-5.75,14.25,3384.39
-5.25,14.25,3442.63
-4.75,14.25,3504.03
-4.25,14.25,3568.42
-3.75,14.25,3635.6
-3.25,14.25,3705.39
-2.75,14.25,3777.67
-2.25,14.25,3852.33
-1.75,14.25,3929.32
-1.25,14.25,4008.63
-0.75,14.25,4090.23
-0.25,14.25,4174.16
0.25,14.25,4260.4
0.75,14.25,4348.96
1.25,14.25,4439.87
1.75,14.25,4533.14
2.25,14.25,4628.81
2.75,14.25,4726.95
3.25,14.25,4827.67
3.75,14.25,4931.08
4.25,14.25,5037.32
4.75,14.25,5146.54
5.25,14.25,5258.82
5.75,14.25,5374.2
6.25,14.25,5492.61
6.75,14.25,5613.84
7.25,14.25,5737.52
7.75,14.25,5863.11
8.25,14.25,5989.83
8.75,14.25,6116.75
9.25,14.25,6242.72
9.75,14.25,6366.4
10.25,14.25,6486.35
10.75,14.25,6600.98
11.25,14.25,6708.62
11.75,14.25,6807.61
12.25,14.25,6896.29
12.75,14.25,6973.07
13.25,14.25,7036.54
13.75,14.25,7085.46
14.25,14.25,7118.84
14.75,14.25,7136.03
15.25,14.25,7136.66
15.75,14.25,7120.74
16.25,14.25,7088.59
16.75,14.25,7040.8
17.25,14.25,6978.2
17.75,14.25,6901.74
18.25,14.25,6812.44
18.75,14.25,6711.3
19.25,14.25,6599.2
19.75,14.25,6476.9
20.25,14.25,6344.99
20.75,14.25,6203.92
21.25,14.25,6054.03
21.75,14.25,5895.58
22.25,14.25,5728.87
22.75,14.25,5554.22
23.25,14.25,5372.1
23.75,14.25,5183.12
24.25,14.25,4988.03
24.75,14.25,4787.77
25.25,14.25,4583.38
25.75,14.25,4376.02
26.25,14.25,4166.89
26.75,14.25,3957.2
27.25,14.25,3748.11
27.75,14.25,3540.72
28.25,14.25,3336.05
28.75,14.25,3134.99
29.25,14.25,2938.32
29.75,14.25,2746.71
30.25,14.25,2560.72
30.75,14.25,2380.81
31.25,14.25,2207.34
31.75,14.25,2040.62
32.25,14.25,1880.87
32.75,14.25,1728.22
33.25,14.25,1582.8
33.75,14.25,1444.65
34.25,14.25,1313.8
34.75,14.25,1190.23
35.25,14.25,1073.91
35.75,14.25,964.797
36.25,14.25,862.85
36.75,14.25,768.015
37.25,14.25,680.237
37.75,14.25,599.445
38.25,14.25,525.548
38.75,14.25,458.416
39.25,14.25,397.875
39.75,14.25,343.692
40.25,14.25,295.573
40.75,14.25,253.165
41.25,14.25,216.06
41.75,14.25,183.812
42.25,14.25,155.947
42.75,14.25,131.984
43.25,14.25,111.454
43.75,14.25,93.9057
44.25,14.25,78.9097
44.75,14.25,66.0726
-44.75,14.75,29.7455
-44.25,14.75,32.2618
-43.75,14.75,34.9008
-43.25,14.75,37.8981
-42.75,14.75,41.4595
-42.25,14.75,45.7432
-41.75,14.75,50.9357
-41.25,14.75,57.2577
-40.75,14.75,64.968
-40.25,14.75,74.3668
-39.75,14.75,85.7966
-39.25,14.75,99.6382
-38.75,14.75,116.302
-38.25,14.75,136.215
-37.75,14.75,159.797
-37.25,14.75,187.437
-36.75,14.75,219.466
-36.25,14.75,256.119
-35.75,14.75,297.515
-35.25,14.75,343.633
-34.75,14.75,394.305
-34.25,14.75,449.21
-33.75,14.75,507.887
-33.25,14.75,569.759
-32.75,14.75,634.165
-32.25,14.75,700.398
-31.75,14.75,767.741
-31.25,14.75,835.506
-30.75,14.75,903.064
-30.25,14.75,969.862
-29.75,14.75,1035.44
-29.25,14.75,1099.45
-28.75,14.75,1161.61
-28.25,14.75,1221.76
-27.75,14.75,1279.81
-27.25,14.75,1335.73
-26.75,14.75,1389.61
-26.25,14.75,1441.55
-25.75,14.75,1491.74
-25.25,14.75,1540.42
-24.75,14.75,1587.87
-24.25,14.75,1634.41
-23.75,14.75,1680.38
-23.25,14.75,1726.1
-22.75,14.75,1771.9
-22.25,14.75,1818.03
-21.75,14.75,1864.69
-21.25,14.75,1912.01
-20.75,14.75,1960.04
-20.25,14.75,2008.73
-19.75,14.75,2058
-19.25,14.75,2107.7
-18.75,14.75,2157.64
-18.25,14.75,2207.65
-17.75,14.75,2257.54
-17.25,14.75,2307.13
-16.75,14.75,2356.27
-16.25,14.75,2404.78
-15.75,14.75,2452.51
-15.25,14.75,2499.26
-14.75,14.75,2544.84
-14.25,14.75,2589.06
-13.75,14.75,2631.72
-13.25,14.75,2672.68
-12.75,14.75,2711.85
-12.25,14.75,2749.25
-11.75,14.75,2785.01
-11.25,14.75,2819.41
-10.75,14.75,2852.83
-10.25,14.75,2885.78
-9.75,14.75,2918.88
-9.25,14.75,2952.75
-8.75,14.75,2988.04
-8.25,14.75,3025.35
-7.75,14.75,3065.2
-7.25,14.75,3107.98
-6.75,14.75,3153.97
-6.25,14.75,3203.31
-5.75,14.75,3256.02
-5.25,14.75,3312
-4.75,14.75,3371.11
-4.25,14.75,3433.12
-3.75,14.75,3497.83
-3.25,14.75,3565.03
-2.75,14.75,3634.54
-2.25,14.75,3706.25
-1.75,14.75,3780.06
-1.25,14.75,3855.93
-0.75,14.75,3933.86
-0.25,14.75,4013.86
0.25,14.75,4095.97
0.75,14.75,4180.26
1.25,14.75,4266.8
1.75,14.75,4355.7
2.25,14.75,4447.08
2.75,14.75,4541.09
3.25,14.75,4637.9
3.75,14.75,4737.69
4.25,14.75,4840.65
4.75,14.75,4946.9
5.25,14.75,5056.56
5.75,14.75,5169.6
6.25,14.75,5285.93
6.75,14.75,5405.27
7.25,14.75,5527.17
7.75,14.75,5651.02
8.25,14.75,5775.98
8.75,14.75,5901.03
9.25,14.75,6024.99
9.75,14.75,6146.48
10.25,14.75,6264.04
10.75,14.75,6376.09
11.25,14.75,6481
11.75,14.75,6577.17
12.25,14.75,6663.02
12.75,14.75,6737.07
13.25,14.75,6798.03
13.75,14.75,6844.77
14.25,14.75,6876.45
14.75,14.75,6892.48
15.25,14.75,6892.62
15.75,14.75,6876.91
16.25,14.75,6845.68
16.75,14.75,6799.52
17.25,14.75,6739.19
17.75,14.75,6665.57
18.25,14.75,6579.62
18.75,14.75,6482.22
19.25,14.75,6374.19
19.75,14.75,6256.22
20.25,14.75,6128.86
20.75,14.75,5992.53
21.25,14.75,5847.57
21.75,14.75,5694.25
22.25,14.75,5532.86
22.75,14.75,5363.75
23.25,14.75,5187.37
23.75,14.75,5004.33
24.25,14.75,4815.34
24.75,14.75,4621.3
25.25,14.75,4423.21
25.75,14.75,4222.15
26.25,14.75,4019.29
26.75,14.75,3815.76
27.25,14.75,3612.69
27.75,14.75,3411.16
28.25,14.75,3212.14
28.75,14.75,3016.51
29.25,14.75,2825.06
29.75,14.75,2638.46
30.25,14.75,2457.28
30.75,14.75,2282.01
31.25,14.75,2113.05
31.75,14.75,1950.7
32.25,14.75,1795.22
32.75,14.75,1646.79
33.25,14.75,1505.54
33.75,14.75,1371.54
34.25,14.75,1244.83
34.75,14.75,1125.39
35.25,14.75,1013.21
35.75,14.75,908.223
36.25,14.75,810.381
36.75,14.75,719.609
37.25,14.75,635.831
37.75,14.75,558.947
38.25,14.75,488.838
38.75,14.75,425.346
39.25,14.75,368.267
39.75,14.75,317.346
40.25,14.75,272.267
40.75,14.75,232.665
41.25,14.75,198.125
41.75,14.75,168.201
42.25,14.75,142.426
42.75,14.75,120.33
43.25,14.75,101.458
43.75,14.75,85.3772
44.25,14.75,71.677
44.75,14.75,59.9833
-44.75,15.25,27.5306
-44.25,15.25,29.8342
-43.75,15.25,32.2207
-43.25,15.25,34.9051
-42.75,15.25,38.0749
-42.25,15.25,41.8731
-41.75,15.25,46.4689
-41.25,15.25,52.0633
-40.75,15.25,58.8929
-40.25,15.25,67.234
-39.75,15.25,77.4044
-39.25,15.25,89.7607
-38.75,15.25,104.692
-38.25,15.25,122.607
-37.75,15.25,143.917
-37.25,15.25,169.009
-36.75,15.25,198.224
-36.25,15.25,231.818
-35.75,15.25,269.942
-35.25,15.25,312.617
-34.75,15.25,359.723
-34.25,15.25,410.991
-33.75,15.25,466.011
-33.25,15.25,524.258
-32.75,15.25,585.113
-32.25,15.25,647.906
-31.75,15.25,711.949
-31.25,15.25,776.578
-30.75,15.25,841.18
-30.25,15.25,905.217
-29.75,15.25,968.245
-29.25,15.25,1029.91
-28.75,15.25,1089.96
-28.25,15.25,1148.22
-27.75,15.25,1204.6
-27.25,15.25,1259.08
-26.75,15.25,1311.72
-26.25,15.25,1362.59
-25.75,15.25,1411.86
-25.25,15.25,1459.73
-24.75,15.25,1506.44
-24.25,15.25,1552.26
-23.75,15.25,1597.49
-23.25,15.25,1642.41
-22.75,15.25,1687.32
-22.25,15.25,1732.47
-21.75,15.25,1778.04
-21.25,15.25,1824.17
-20.75,15.25,1870.93
-20.25,15.25,1918.31
-19.75,15.25,1966.25
-19.25,15.25,2014.63
-18.75,15.25,2063.3
-18.25,15.25,2112.12
-17.75,15.25,2160.9
-17.25,15.25,2209.49
-16.75,15.25,2257.72
-16.25,15.25,2305.4
-15.75,15.25,2352.36
-15.25,15.25,2398.37
-14.75,15.25,2443.23
-14.25,15.25,2486.69
-13.75,15.25,2528.54
-13.25,15.25,2568.62
-12.75,15.25,2606.83
-12.25,15.25,2643.17
-11.75,15.25,2677.78
-11.25,15.25,2710.91
-10.75,15.25,2742.99
-10.25,15.25,2774.51
-9.75,15.25,2806.08
-9.25,15.25,2838.35
-8.75,15.25,2871.96
-8.25,15.25,2907.51
-7.75,15.25,2945.5
-7.25,15.25,2986.35
-6.75,15.25,3030.33
-6.25,15.25,3077.59
-5.75,15.25,3128.13
-5.25,15.25,3181.89
-4.75,15.25,3238.68
-4.25,15.25,3298.29
-3.75,15.25,3360.49
-3.25,15.25,3425.05
-2.75,15.25,3491.77
-2.25,15.25,3560.49
-1.75,15.25,3631.09
-1.25,15.25,3703.52
-0.75,15.25,3777.76
-0.25,15.25,3853.84
0.25,15.25,3931.83
0.75,15.25,4011.82
1.25,15.25,4093.98
1.75,15.25,4178.47
2.25,15.25,4265.5
2.75,15.25,4355.3
3.25,15.25,4448.11
3.75,15.25,4544.17
4.25,15.25,4643.7
4.75,15.25,4746.83
5.25,15.25,4853.67
5.75,15.25,4964.18
6.25,15.25,5078.19
6.75,15.25,5195.37
7.25,15.25,5315.21
7.75,15.25,5437.02
8.25,15.25,5559.9
8.75,15.25,5682.79
9.25,15.25,5804.45
9.75,15.25,5923.5
10.25,15.25,6038.46
10.75,15.25,6147.77
11.25,15.25,6249.88
11.75,15.25,6343.21
12.25,15.25,6426.3
12.75,15.25,6497.77
13.25,15.25,6556.42
13.75,15.25,6601.25
14.25,15.25,6631.52
14.75,15.25,6646.73
15.25,15.25,6646.69
15.75,15.25,6631.48
16.25,15.25,6601.44
16.75,15.25,6557.12
17.25,15.25,6499.23
17.75,15.25,6428.6
18.25,15.25,6346.07
18.75,15.25,6252.46
19.25,15.25,6148.51
19.75,15.25,6034.87
20.25,15.25,5912.05
20.75,15.25,5780.45
21.25,15.25,5640.41
21.75,15.25,5492.2
22.25,15.25,5336.14
22.75,15.25,5172.57
23.25,15.25,5001.96
23.75,15.25,4824.88
24.25,15.25,4642.04
24.75,15.25,4454.28
25.25,15.25,4262.55
25.75,15.25,4067.9
26.25,15.25,3871.43
26.75,15.25,3674.22
27.25,15.25,3477.37
27.75,15.25,3281.91
28.25,15.25,3088.78
28.75,15.25,2898.85
29.25,15.25,2712.89
29.75,15.25,2531.56
30.25,15.25,2355.44
30.75,15.25,2185.04
31.25,15.25,2020.75
31.75,15.25,1862.92
32.25,15.25,1711.82
32.75,15.25,1567.67
33.25,15.25,1430.62
33.75,15.25,1300.77
34.25,15.25,1178.16
34.75,15.25,1062.82
35.25,15.25,954.7
35.75,15.25,853.768
36.25,15.25,759.946
36.75,15.25,673.149
37.25,15.25,593.276
37.75,15.25,520.202
38.25,15.25,453.778
38.75,15.25,393.817
39.25,15.25,340.088
39.75,15.25,292.311
40.25,15.25,250.153
40.75,15.25,213.236
41.25,15.25,181.143
41.75,15.25,153.428
42.25,15.25,129.634
42.75,15.25,109.303
43.25,15.25,91.9965
43.75,15.25,77.2997
44.25,15.25,64.8209
44.75,15.25,54.2052
-44.75,15.75,25.3802
-44.25,15.75,27.4553
-43.75,15.75,29.5807
-43.25,15.75,31.9528
-42.75,15.75,34.7429
-42.25,15.75,38.0803
-41.75,15.75,42.1184
-41.25,15.75,47.0395
-40.75,15.75,53.0594
-40.25,15.75,60.4311
-39.75,15.75,69.448
-39.25,15.75,80.4418
-38.75,15.75,93.7785
-38.25,15.75,109.847
-37.75,15.75,129.045
-37.25,15.75,151.754
-36.75,15.75,178.316
-36.25,15.75,209.006
-35.75,15.75,243.998
-35.25,15.75,283.35
-34.75,15.75,326.988
-34.25,15.75,374.692
-33.75,15.75,426.107
-33.25,15.75,480.757
-32.75,15.75,538.075
-32.25,15.75,597.431
-31.75,15.75,658.177
-31.25,15.75,719.676
-30.75,15.75,781.34
-30.25,15.75,842.651
-29.75,15.75,903.177
-29.25,15.75,962.578
-28.75,15.75,1020.6
-28.25,15.75,1077.08
-27.75,15.75,1131.93
-27.25,15.75,1185.1
-26.75,15.75,1236.63
-26.25,15.75,1286.59
-25.75,15.75,1335.09
-25.25,15.75,1382.28
-24.75,15.75,1428.35
-24.25,15.75,1473.54
-23.75,15.75,1518.08
-23.25,15.75,1562.23
-22.75,15.75,1606.23
-22.25,15.75,1650.31
-21.75,15.75,1694.67
-21.25,15.75,1739.44
-20.75,15.75,1784.71
-20.25,15.75,1830.51
-19.75,15.75,1876.82
-19.25,15.75,1923.57
-18.75,15.75,1970.64
-18.25,15.75,2017.92
-17.75,15.75,2065.27
-17.25,15.75,2112.53
-16.75,15.75,2159.53
-16.25,15.75,2206.08
-15.75,15.75,2251.98
-15.25,15.75,2296.99
-14.75,15.75,2340.86
-14.25,15.75,2383.33
-13.75,15.75,2424.18
-13.25,15.75,2463.22
-12.75,15.75,2500.34
-12.25,15.75,2535.56
-11.75,15.75,2569
-11.25,15.75,2600.93
-10.75,15.75,2631.75
-10.25,15.75,2661.99
-9.75,15.75,2692.23
-9.25,15.75,2723.11
-8.75,15.75,2755.27
-8.25,15.75,2789.29
-7.75,15.75,2825.67
-7.25,15.75,2864.81
-6.75,15.75,2906.98
-6.25,15.75,2952.32
-5.75,15.75,3000.85
-5.25,15.75,3052.48
-4.75,15.75,3107.04
-4.25,15.75,3164.31
-3.75,15.75,3224.04
-3.25,15.75,3286
-2.75,15.75,3349.95
-2.25,15.75,3415.71
-1.75,15.75,3483.15
-1.25,15.75,3552.18
-0.75,15.75,3622.79
-0.25,15.75,3695
0.25,15.75,3768.91
0.75,15.75,3844.68
1.25,15.75,3922.5
1.75,15.75,4002.61
2.25,15.75,4085.32
2.75,15.75,4170.91
3.25,15.75,4259.69
3.75,15.75,4351.96
4.25,15.75,4447.96
4.75,15.75,4547.85
5.25,15.75,4651.71
5.75,15.75,4759.47
6.25,15.75,4870.91
6.75,15.75,4985.65
7.25,15.75,5103.11
7.75,15.75,5222.53
8.25,15.75,5342.99
8.75,15.75,5463.35
9.25,15.75,5582.37
9.75,15.75,5698.66
10.25,15.75,5810.76
10.75,15.75,5917.15
11.25,15.75,6016.31
11.75,15.75,6106.78
12.25,15.75,6187.14
12.75,15.75,6256.14
13.25,15.75,6312.66
13.75,15.75,6355.8
14.25,15.75,6384.89
14.75,15.75,6399.52
15.25,15.75,6399.53
15.75,15.75,6385.02
16.25,15.75,6356.31
16.75,15.75,6313.92
17.25,15.75,6258.51
17.75,15.75,6190.83
18.25,15.75,6111.65
18.75,15.75,6021.74
19.25,15.75,5921.77
19.75,15.75,5812.36
20.25,15.75,5693.99
20.75,15.75,5567.05
21.25,15.75,5431.9
21.75,15.75,5288.81
22.25,15.75,5138.11
22.75,15.75,4980.14
23.25,15.75,4815.35
23.75,15.75,4644.31
24.25,15.75,4467.68
24.75,15.75,4286.28
25.25,15.75,4101.02
25.75,15.75,3912.89
26.25,15.75,3722.93
26.75,15.75,3532.21
27.25,15.75,3341.77
27.75,15.75,3152.59
28.25,15.75,2965.6
28.75,15.75,2781.64
29.25,15.75,2601.45
29.75,15.75,2425.68
30.25,15.75,2254.91
30.75,15.75,2089.64
31.25,15.75,1930.27
31.75,15.75,1777.16
32.25,15.75,1630.62
32.75,15.75,1490.88
33.25,15.75,1358.12
33.75,15.75,1232.47
34.25,15.75,1114.01
34.75,15.75,1002.75
35.25,15.75,898.677
35.75,15.75,801.754
36.25,15.75,711.896
36.75,15.75,629.004
37.25,15.75,552.954
37.75,15.75,483.596
38.25,15.75,420.752
38.75,15.75,364.206
39.25,15.75,313.701
39.75,15.75,268.935
40.25,15.75,229.56
40.75,15.75,195.189
41.25,15.75,165.403
41.75,15.75,139.762
42.25,15.75,117.818
42.75,15.75,99.1311
43.25,15.75,83.2775
43.75,15.75,69.8614
44.25,15.75,58.5103
44.75,15.75,48.8882
-44.75,16.25,23.4048
-44.25,16.25,25.2429
-43.75,16.25,27.1045
-43.25,16.25,29.1706
-42.75,16.25,31.598
-42.25,16.25,34.5039
-41.75,16.25,38.0268
-41.25,16.25,42.3318
-40.75,16.25,47.6145
-40.25,16.25,54.1055
-39.75,16.25,62.0739
-39.25,16.25,71.8264
-38.75,16.25,83.7044
-38.25,16.25,98.0752
-37.75,16.25,115.318
-37.25,16.25,135.804
-36.75,16.25,159.876
-36.25,16.25,187.815
-35.75,16.25,219.817
-35.25,16.25,255.971
-34.75,16.25,296.243
-34.25,16.25,340.464
-33.75,16.25,388.33
-33.25,16.25,439.424
-32.75,16.25,493.228
-32.25,16.25,549.166
-31.75,16.25,606.629
-31.25,16.25,665.02
-30.75,16.25,723.779
-30.25,16.25,782.41
-29.75,16.25,840.497
-29.25,16.25,897.71
-28.75,16.25,953.801
-28.25,16.25,1008.6
-27.75,16.25,1062.01
-27.25,16.25,1113.98
-26.75,16.25,1164.51
-26.25,16.25,1213.64
-25.75,16.25,1261.44
-25.25,16.25,1308.03
-24.75,16.25,1353.53
-24.25,16.25,1398.13
-23.75,16.25,1442
-23.25,16.25,1485.35
-22.75,16.25,1528.39
-22.25,16.25,1571.33
-21.75,16.25,1614.35
-21.25,16.25,1657.6
-20.75,16.25,1701.18
-20.25,16.25,1745.18
-19.75,16.25,1789.59
-19.25,16.25,1834.42
-18.75,16.25,1879.6
-18.25,16.25,1925.04
-17.75,16.25,1970.63
-17.25,16.25,2016.24
-16.75,16.25,2061.7
-16.25,16.25,2106.81
-15.75,16.25,2151.34
-15.25,16.25,2195.05
-14.75,16.25,2237.65
-14.25,16.25,2278.88
-13.75,16.25,2318.49
-13.25,16.25,2356.3
-12.75,16.25,2392.21
-12.25,16.25,2426.21
-11.75,16.25,2458.45
-11.25,16.25,2489.21
-10.75,16.25,2518.88
-10.25,16.25,2547.97
-9.75,16.25,2577.08
-9.25,16.25,2606.8
-8.75,16.25,2637.77
-8.25,16.25,2670.53
-7.75,16.25,2705.58
-7.25,16.25,2743.28
-6.75,16.25,2783.9
-6.25,16.25,2827.57
-5.75,16.25,2874.29
-5.25,16.25,2923.98
-4.75,16.25,2976.47
-4.25,16.25,3031.52
-3.75,16.25,3088.9
-3.25,16.25,3148.34
-2.75,16.25,3209.59
-2.25,16.25,3272.47
-1.75,16.25,3336.81
-1.25,16.25,3402.52
-0.75,16.25,3469.58
-0.25,16.25,3538.02
0.25,16.25,3607.97
0.75,16.25,3679.61
1.25,16.25,3753.19
1.75,16.25,3829.04
2.25,16.25,3907.51
2.75,16.25,3988.95
3.25,16.25,4073.75
3.75,16.25,4162.24
4.25,16.25,4254.68
4.75,16.25,4351.25
5.25,16.25,4452
5.75,16.25,4556.82
6.25,16.25,4665.47
6.75,16.25,4777.49
7.25,16.25,4892.24
7.75,16.25,5008.94
8.25,16.25,5126.58
8.75,16.25,5244.03
9.25,16.25,5360.04
9.75,16.25,5473.23
10.25,16.25,5582.17
10.75,16.25,5685.4
11.25,16.25,5781.46
11.75,16.25,5868.97
12.25,16.25,5946.6
12.75,16.25,6013.17
13.25,16.25,6067.66
13.75,16.25,6109.26
14.25,16.25,6137.35
14.75,16.25,6151.55
15.25,16.25,6151.74
15.75,16.25,6138
16.25,16.25,6110.64
16.75,16.25,6070.12
17.25,16.25,6017.08
17.75,16.25,5952.17
18.25,16.25,5876.15
18.75,16.25,5789.71
19.25,16.25,5693.51
19.75,16.25,5588.13
20.25,16.25,5474.05
20.75,16.25,5351.69
21.25,16.25,5221.37
21.75,16.25,5083.41
22.25,16.25,4938.11
22.75,16.25,4785.81
23.25,16.25,4626.95
23.75,16.25,4462.06
24.25,16.25,4291.77
24.75,16.25,4116.85
25.25,16.25,3938.17
25.75,16.25,3756.68
26.25,16.25,3573.39
26.75,16.25,3389.32
27.25,16.25,3205.47
27.75,16.25,3022.8
28.25,16.25,2842.21
28.75,16.25,2664.49
29.25,16.25,2490.35
29.75,16.25,2320.45
30.25,16.25,2155.32
30.75,16.25,1995.46
31.25,16.25,1841.27
31.75,16.25,1693.13
32.25,16.25,1551.36
32.75,16.25,1416.2
33.25,16.25,1287.88
33.75,16.25,1166.53
34.25,16.25,1052.28
34.75,16.25,945.144
35.25,16.25,845.141
35.75,16.25,752.222
36.25,16.25,666.304
36.75,16.25,587.273
37.25,16.25,514.985
37.75,16.25,449.267
38.25,16.25,389.91
38.75,16.25,336.672
39.25,16.25,289.272
39.75,16.25,247.386
40.25,16.25,210.656
40.75,16.25,178.689
41.25,16.25,151.068
41.75,16.25,127.36
42.25,16.25,107.133
42.75,16.25,89.9612
43.25,16.25,75.4404
43.75,16.25,63.1936
44.25,16.25,52.8679
44.75,16.25,44.1459
-44.75,16.75,21.6786
-44.25,16.75,23.2812
-43.75,16.75,24.885
-43.25,16.75,26.6585
-42.75,16.75,28.7458
-42.25,16.75,31.2535
-41.75,16.75,34.3065
-41.25,16.75,38.0536
-40.75,16.75,42.6714
-40.25,16.75,48.3687
-39.75,16.75,55.3907
-39.25,16.75,64.0188
-38.75,16.75,74.5688
-38.25,16.75,87.3843
-37.75,16.75,102.824
-37.25,16.75,121.245
-36.75,16.75,142.982
-36.25,16.75,168.322
-35.75,16.75,197.474
-35.25,16.75,230.555
-34.75,16.75,267.568
-34.25,16.75,308.39
-33.75,16.75,352.774
-33.25,16.75,400.358
-32.75,16.75,450.684
-32.25,16.75,503.23
-31.75,16.75,557.439
-31.25,16.75,612.754
-30.75,16.75,668.648
-30.25,16.75,724.651
-29.75,16.75,780.362
-29.25,16.75,835.458
-28.75,16.75,889.693
-28.25,16.75,942.893
-27.75,16.75,994.941
-27.25,16.75,1045.77
-26.75,16.75,1095.36
-26.25,16.75,1143.71
-25.75,16.75,1190.86
-25.25,16.75,1236.86
-24.75,16.75,1281.81
-24.25,16.75,1325.8
-23.75,16.75,1368.98
-23.25,16.75,1411.5
-22.75,16.75,1453.54
-22.25,16.75,1495.26
-21.75,16.75,1536.84
-21.25,16.75,1578.43
-20.75,16.75,1620.18
-20.25,16.75,1662.18
-19.75,16.75,1704.5
-19.25,16.75,1747.18
-18.75,16.75,1790.21
-18.25,16.75,1833.54
-17.75,16.75,1877.1
-17.25,16.75,1920.77
-16.75,16.75,1964.38
-16.25,16.75,2007.73
-15.75,16.75,2050.59
-15.25,16.75,2092.69
-14.75,16.75,2133.73
-14.25,16.75,2173.44
-13.75,16.75,2211.58
-13.25,16.75,2247.96
-12.75,16.75,2282.48
-12.25,16.75,2315.17
-11.75,16.75,2346.17
-11.25,16.75,2375.77
-10.75,16.75,2404.37
-10.25,16.75,2432.46
-9.75,16.75,2460.61
-9.25,16.75,2489.41
-8.75,16.75,2519.45
-8.25,16.75,2551.24
-7.75,16.75,2585.26
-7.25,16.75,2621.83
-6.75,16.75,2661.2
-6.25,16.75,2703.47
-5.75,16.75,2748.64
-5.25,16.75,2796.62
-4.75,16.75,2847.23
-4.25,16.75,2900.24
-3.75,16.75,2955.39
-3.25,16.75,3012.42
-2.75,16.75,3071.07
-2.25,16.75,3131.15
-1.75,16.75,3192.47
-1.25,16.75,3254.95
-0.75,16.75,3318.56
-0.25,16.75,3383.34
0.25,16.75,3449.45
0.75,16.75,3517.11
1.25,16.75,3586.63
1.75,16.75,3658.36
2.25,16.75,3732.73
2.75,16.75,3810.17
3.25,16.75,3891.1
3.75,16.75,3975.87
4.25,16.75,4064.79
4.75,16.75,4158.01
5.25,16.75,4255.57
5.75,16.75,4357.34
6.25,16.75,4463
6.75,16.75,4572.04
7.25,16.75,4683.8
7.75,16.75,4797.42
8.25,16.75,4911.88
8.75,16.75,5026.05
9.25,16.75,5138.66
9.75,16.75,5248.39
10.25,16.75,5353.85
10.75,16.75,5453.65
11.25,16.75,5546.4
11.75,16.75,5630.8
12.25,16.75,5705.62
12.75,16.75,5769.76
13.25,16.75,5822.27
13.75,16.75,5862.39
14.25,16.75,5889.54
14.75,16.75,5903.37
15.25,16.75,5903.75
15.75,16.75,5890.75
16.25,16.75,5864.64
16.75,16.75,5825.85
17.25,16.75,5774.93
17.75,16.75,5712.53
18.25,16.75,5639.35
18.75,16.75,5556.07
19.25,16.75,5463.33
19.75,16.75,5361.73
20.25,16.75,5251.75
20.75,16.75,5133.82
21.25,16.75,5008.29
21.75,16.75,4875.44
22.25,16.75,4735.6
22.75,16.75,4589.08
23.25,16.75,4436.27
23.75,16.75,4277.67
24.25,16.75,4113.87
24.75,16.75,3945.58
25.25,16.75,3773.64
25.75,16.75,3598.95
26.25,16.75,3422.49
26.75,16.75,3245.25
27.25,16.75,3068.19
27.75,16.75,2892.25
28.25,16.75,2718.27
28.75,16.75,2547.05
29.25,16.75,2379.25
29.75,16.75,2215.48
30.25,16.75,2056.28
30.75,16.75,1902.1
31.25,16.75,1753.36
31.75,16.75,1610.43
32.25,16.75,1473.64
32.75,16.75,1343.26
33.25,16.75,1219.53
33.75,16.75,1102.63
34.25,16.75,992.681
34.75,16.75,889.758
35.25,16.75,793.872
35.75,16.75,704.987
36.25,16.75,623.016
36.75,16.75,547.833
37.25,16.75,479.275
37.75,16.75,417.144
38.25,16.75,361.204
38.75,16.75,311.188
39.25,16.75,266.79
39.75,16.75,227.672
40.25,16.75,193.464
40.75,16.75,163.772
41.25,16.75,138.184
41.75,16.75,116.279
42.25,16.75,97.6403
42.75,16.75,81.8605
43.25,16.75,68.5558
43.75,16.75,57.3687
44.25,16.75,47.9662
44.75,16.75,40.0491
-44.75,17.25,20.2322
-44.25,17.25,21.611
-43.75,17.25,22.9714
-43.25,17.25,24.4718
-42.75,17.25,26.2462
-42.25,17.25,28.3915
-41.75,17.25,31.0206
-41.25,17.25,34.267
-40.75,17.25,38.2893
-40.25,17.25,43.2756
-39.75,17.25,49.4476
-39.25,17.25,57.0614
-38.75,17.25,66.407
-38.25,17.25,77.8022
-37.75,17.25,91.583
-37.25,17.25,108.089
-36.75,17.25,127.644
-36.25,17.25,150.531
-35.75,17.25,176.974
-35.25,17.25,207.108
-34.75,17.25,240.973
-34.25,17.25,278.49
-33.75,17.25,319.465
-33.25,17.25,363.598
-32.75,17.25,410.494
-32.25,17.25,459.688
-31.75,17.25,510.68
-31.25,17.25,562.958
-30.75,17.25,616.033
-30.25,17.25,669.46
-29.75,17.25,722.851
-29.25,17.25,775.889
-28.75,17.25,828.326
-28.25,17.25,879.976
-27.75,17.25,930.707
-27.25,17.25,980.432
-26.75,17.25,1029.1
-26.25,17.25,1076.68
-25.75,17.25,1123.16
-25.25,17.25,1168.56
-24.75,17.25,1212.92
-24.25,17.25,1256.28
-23.75,17.25,1298.73
-23.25,17.25,1340.38
-22.75,17.25,1381.36
-22.25,17.25,1421.8
-21.75,17.25,1461.87
-21.25,17.25,1501.74
-20.75,17.25,1541.55
-20.25,17.25,1581.44
-19.75,17.25,1621.53
-19.25,17.25,1661.9
-18.75,17.25,1702.6
-18.25,17.25,1743.61
-17.75,17.25,1784.9
-17.25,17.25,1826.37
-16.75,17.25,1867.86
-16.25,17.25,1909.17
-15.75,17.25,1950.06
-15.25,17.25,1990.25
-14.75,17.25,2029.44
-14.25,17.25,2067.37
-13.75,17.25,2103.78
-13.25,17.25,2138.52
-12.75,17.25,2171.5
-12.25,17.25,2202.76
-11.75,17.25,2232.47
-11.25,17.25,2260.92
-10.75,17.25,2288.51
-10.25,17.25,2315.72
-9.75,17.25,2343.1
-9.25,17.25,2371.2
-8.75,17.25,2400.56
-8.25,17.25,2431.67
-7.75,17.25,2464.95
-7.25,17.25,2500.69
-6.75,17.25,2539.09
-6.25,17.25,2580.25
-5.75,17.25,2624.13
-5.25,17.25,2670.63
-4.75,17.25,2719.56
-4.25,17.25,2770.69
-3.75,17.25,2823.75
-3.25,17.25,2878.48
-2.75,17.25,2934.63
-2.25,17.25,2991.98
-1.75,17.25,3050.36
-1.25,17.25,3109.69
-0.75,17.25,3169.94
-0.25,17.25,3231.19
0.25,17.25,3293.6
0.75,17.25,3357.44
1.25,17.25,3423.06
1.75,17.25,3490.88
2.25,17.25,3561.35
2.75,17.25,3634.97
3.25,17.25,3712.18
3.75,17.25,3793.38
4.25,17.25,3878.85
4.75,17.25,3968.77
5.25,17.25,4063.12
5.75,17.25,4161.74
6.25,17.25,4264.26
6.75,17.25,4370.12
7.25,17.25,4478.62
7.75,17.25,4588.85
8.25,17.25,4699.79
8.75,17.25,4810.3
9.25,17.25,4919.16
9.75,17.25,5025.07
10.25,17.25,5126.72
10.75,17.25,5222.8
11.25,17.25,5312.01
11.75,17.25,5393.13
12.25,17.25,5465.01
12.75,17.25,5526.65
13.25,17.25,5577.13
13.75,17.25,5615.75
14.25,17.25,5641.95
14.75,17.25,5655.39
15.25,17.25,5655.89
15.75,17.25,5643.51
16.25,17.25,5618.47
16.75,17.25,5581.14
17.25,17.25,5532.06
17.75,17.25,5471.83
18.25,17.25,5401.13
18.75,17.25,5320.66
19.25,17.25,5231.06
19.75,17.25,5132.95
20.25,17.25,5026.85
20.75,17.25,4913.2
21.25,17.25,4792.37
21.75,17.25,4664.65
22.25,17.25,4530.32
22.75,17.25,4389.68
23.25,17.25,4243.06
23.75,17.25,4090.91
24.25,17.25,3933.76
24.75,17.25,3772.28
25.25,17.25,3607.25
25.75,17.25,3439.54
26.25,17.25,3270.08
26.75,17.25,3099.85
27.25,17.25,2929.77
27.75,17.25,2760.75
28.25,17.25,2593.62
28.75,17.25,2429.11
29.25,17.25,2267.88
29.75,17.25,2110.49
30.25,17.25,1957.45
30.75,17.25,1809.2
31.25,17.25,1666.14
31.75,17.25,1528.64
32.25,17.25,1397.04
32.75,17.25,1271.62
33.25,17.25,1152.65
33.75,17.25,1040.33
34.25,17.25,934.817
34.75,17.25,836.203
35.25,17.25,744.514
35.75,17.25,659.72
36.25,17.25,581.733
36.75,17.25,510.415
37.25,17.25,445.583
37.75,17.25,387.015
38.25,17.25,334.449
38.75,17.25,287.592
39.25,17.25,246.12
39.75,17.25,209.679
40.25,17.25,177.893
40.75,17.25,150.368
41.25,17.25,126.701
41.75,17.25,106.486
42.25,17.25,89.3227
42.75,17.25,74.825
43.25,17.25,62.6303
43.75,17.25,52.4019
44.25,17.25,43.8267
44.75,17.25,36.6241
-44.75,17.75,19.0569
-44.25,17.75,20.2308
-43.75,17.75,21.3681
-43.25,17.75,22.6191
-42.75,17.75,24.1098
-42.25,17.75,25.9288
-41.75,17.75,28.178
-41.25,17.75,30.9772
-40.75,17.75,34.4683
-40.25,17.75,38.8196
-39.75,17.75,44.2302
-39.25,17.75,50.9315
-38.75,17.75,59.187
-38.25,17.75,69.2883
-37.75,17.75,81.5464
-37.25,17.75,96.28
-36.75,17.75,113.799
-36.25,17.75,134.381
-35.75,17.75,158.255
-35.25,17.75,185.574
-34.75,17.75,216.409
-34.25,17.75,250.725
-33.75,17.75,288.382
-33.25,17.75,329.14
-32.75,17.75,372.668
-32.25,17.75,418.565
-31.75,17.75,466.39
-31.25,17.75,515.679
-30.75,17.75,565.982
-30.25,17.75,616.878
-29.75,17.75,667.995
-29.25,17.75,719.017
-28.75,17.75,769.689
-28.25,17.75,819.812
-27.75,17.75,869.235
-27.25,17.75,917.848
-26.75,17.75,965.569
-26.25,17.75,1012.34
-25.75,17.75,1058.11
-25.25,17.75,1102.86
-24.75,17.75,1146.57
-24.25,17.75,1189.25
-23.75,17.75,1230.93
-23.25,17.75,1271.66
-22.75,17.75,1311.54
-22.25,17.75,1350.68
-21.75,17.75,1389.22
-21.25,17.75,1427.32
-20.75,17.75,1465.16
-20.25,17.75,1502.9
-19.75,17.75,1540.7
-19.25,17.75,1578.68
-18.75,17.75,1616.92
-18.25,17.75,1655.47
-17.75,17.75,1694.32
-17.25,17.75,1733.38
-16.75,17.75,1772.52
-16.25,17.75,1811.54
-15.75,17.75,1850.2
-15.25,17.75,1888.21
-14.75,17.75,1925.3
-14.25,17.75,1961.18
-13.75,17.75,1995.65
-13.25,17.75,2028.56
-12.75,17.75,2059.85
-12.25,17.75,2089.59
-11.75,17.75,2117.97
-11.25,17.75,2145.28
-10.75,17.75,2171.92
-10.25,17.75,2198.36
-9.75,17.75,2225.12
-9.25,17.75,2252.71
-8.75,17.75,2281.63
-8.25,17.75,2312.3
-7.75,17.75,2345.1
-7.25,17.75,2380.27
-6.75,17.75,2417.97
-6.25,17.75,2458.25
-5.75,17.75,2501.06
-5.25,17.75,2546.28
-4.75,17.75,2593.69
-4.25,17.75,2643.07
-3.75,17.75,2694.15
-3.25,17.75,2746.66
-2.75,17.75,2800.36
-2.25,17.75,2855.04
-1.75,17.75,2910.54
-1.25,17.75,2966.78
-0.75,17.75,3023.77
-0.25,17.75,3081.59
0.25,17.75,3140.45
0.75,17.75,3200.65
1.25,17.75,3262.57
1.75,17.75,3326.68
2.25,17.75,3393.48
2.75,17.75,3463.49
3.25,17.75,3537.18
3.75,17.75,3614.97
4.25,17.75,3697.13
4.75,17.75,3783.81
5.25,17.75,3874.97
5.75,17.75,3970.38
6.25,17.75,4069.65
6.75,17.75,4172.16
7.25,17.75,4277.15
7.75,17.75,4383.71
8.25,17.75,4490.82
8.75,17.75,4597.35
9.25,17.75,4702.11
9.75,17.75,4803.87
10.25,17.75,4901.4
10.75,17.75,4993.46
11.25,17.75,5078.88
11.75,17.75,5156.51
12.25,17.75,5225.31
12.75,17.75,5284.3
13.25,17.75,5332.67
13.75,17.75,5369.71
14.25,17.75,5394.89
14.75,17.75,5407.81
15.25,17.75,5408.32
15.75,17.75,5396.38
16.25,17.75,5372.18
16.75,17.75,5336.06
17.25,17.75,5288.5
17.75,17.75,5230.11
18.25,17.75,5161.55
18.75,17.75,5083.54
19.25,17.75,4996.77
19.75,17.75,4901.89
20.25,17.75,4799.47
20.75,17.75,4689.96
21.25,17.75,4573.76
21.75,17.75,4451.14
22.25,17.75,4322.38
22.75,17.75,4187.7
23.25,17.75,4047.41
23.75,17.75,3901.86
24.25,17.75,3751.54
24.75,17.75,3597.04
25.25,17.75,3439.09
25.75,17.75,3278.53
26.25,17.75,3116.26
26.75,17.75,2953.2
27.25,17.75,2790.28
27.75,17.75,2628.37
28.25,17.75,2468.26
28.75,17.75,2310.65
29.25,17.75,2156.17
29.75,17.75,2005.34
30.25,17.75,1858.65
30.75,17.75,1716.51
31.25,17.75,1579.31
31.75,17.75,1447.42
32.25,17.75,1321.16
32.75,17.75,1200.87
33.25,17.75,1086.81
33.75,17.75,979.216
34.25,17.75,878.269
34.75,17.75,784.076
35.25,17.75,696.68
35.75,17.75,616.058
36.25,17.75,542.114
36.75,17.75,474.699
37.25,17.75,413.611
37.75,17.75,358.604
38.25,17.75,309.391
38.75,17.75,265.656
39.25,17.75,227.055
39.75,17.75,193.223
40.25,17.75,163.78
40.75,17.75,138.338
41.25,17.75,116.501
41.75,17.75,97.8819
42.25,17.75,82.0995
42.75,17.75,68.7905
43.25,17.75,57.6143
43.75,17.75,48.2562
44.25,17.75,40.4235
44.75,17.75,33.8541
-44.75,18.25,18.1169
-44.25,18.25,19.1083
-43.75,18.25,20.0447
-43.25,18.25,21.0708
-42.75,18.25,22.3061
-42.25,18.25,23.8322
-41.75,18.25,25.7416
-41.25,18.25,28.1417
-40.75,18.25,31.1588
-40.25,18.25,34.9429
-39.75,18.25,39.6716
-39.25,18.25,45.5521
-38.75,18.25,52.822
-38.25,18.25,61.7459
-37.75,18.25,72.6091
-37.25,18.25,85.7072
-36.75,18.25,101.333
-36.25,18.25,119.756
-35.75,18.25,141.204
-35.25,18.25,165.849
-34.75,18.25,193.787
-34.25,18.25,225.023
-33.75,18.25,259.47
-33.25,18.25,296.949
-32.75,18.25,337.193
-32.25,18.25,379.867
-31.75,18.25,424.588
-31.25,18.25,470.944
-30.75,18.25,518.522
-30.25,18.25,566.928
-29.75,18.25,615.801
-29.25,18.25,664.827
-28.75,18.25,713.742
-28.25,18.25,762.331
-27.75,18.25,810.423
-27.25,18.25,857.883
-26.75,18.25,904.604
-26.25,18.25,950.495
-25.75,18.25,995.482
-25.25,18.25,1039.5
-24.75,18.25,1082.48
-24.25,18.25,1124.41
-23.75,18.25,1165.25
-23.25,18.25,1205.03
-22.75,18.25,1243.79
-22.25,18.25,1281.62
-21.75,18.25,1318.64
-21.25,18.25,1355
-20.75,18.25,1390.9
-20.25,18.25,1426.5
-19.75,18.25,1462
-19.25,18.25,1497.56
-18.75,18.25,1533.31
-18.25,18.25,1569.32
-17.75,18.25,1605.61
-17.25,18.25,1642.13
-16.75,18.25,1678.74
-16.25,18.25,1715.28
-15.75,18.25,1751.49
-15.25,18.25,1787.12
-14.75,18.25,1821.89
-14.25,18.25,1855.54
-13.75,18.25,1887.89
-13.25,18.25,1918.83
-12.75,18.25,1948.32
-12.25,18.25,1976.48
-11.75,18.25,2003.5
-11.25,18.25,2029.69
-10.75,18.25,2055.45
-10.25,18.25,2081.23
-9.75,18.25,2107.5
-9.25,18.25,2134.74
-8.75,18.25,2163.39
-8.25,18.25,2193.82
-7.75,18.25,2226.33
-7.25,18.25,2261.13
-6.75,18.25,2298.31
-6.25,18.25,2337.89
-5.75,18.25,2379.79
-5.25,18.25,2423.85
-4.75,18.25,2469.85
-4.25,18.25,2517.56
-3.75,18.25,2566.71
-3.25,18.25,2617.05
-2.75,18.25,2668.33
-2.25,18.25,2720.36
-1.75,18.25,2773.01
-1.25,18.25,2826.21
-0.75,18.25,2880
-0.25,18.25,2934.5
0.25,18.25,2989.94
0.75,18.25,3046.66
1.25,18.25,3105.08
1.75,18.25,3165.71
2.25,18.25,3229.07
2.75,18.25,3295.7
3.25,18.25,3366.09
3.75,18.25,3440.64
4.25,18.25,3519.62
4.75,18.25,3603.14
5.25,18.25,3691.12
5.75,18.25,3783.3
6.25,18.25,3879.2
6.75,18.25,3978.19
7.25,18.25,4079.48
7.75,18.25,4182.13
8.25,18.25,4285.12
8.75,18.25,4387.35
9.25,18.25,4487.7
9.75,18.25,4585.01
10.25,18.25,4678.12
10.75,18.25,4765.92
11.25,18.25,4847.3
11.75,18.25,4921.25
12.25,18.25,4986.77
12.75,18.25,5042.99
13.25,18.25,5089.11
13.75,18.25,5124.45
14.25,18.25,5148.47
14.75,18.25,5160.77
15.25,18.25,5161.11
15.75,18.25,5149.43
16.25,18.25,5125.87
16.75,18.25,5090.71
17.25,18.25,5044.41
17.75,18.25,4987.57
18.25,18.25,4920.88
18.75,18.25,4845.07
19.25,18.25,4760.89
19.75,18.25,4669.04
20.25,18.25,4570.12
20.75,18.25,4464.65
21.25,18.25,4353.02
21.75,18.25,4235.5
22.25,18.25,4112.32
22.75,18.25,3983.68
23.25,18.25,3849.8
23.75,18.25,3710.98
24.25,18.25,3567.62
24.75,18.25,3420.25
25.25,18.25,3269.55
25.75,18.25,3116.31
26.25,18.25,2961.38
26.75,18.25,2805.66
27.25,18.25,2650.05
27.75,18.25,2495.38
28.25,18.25,2342.42
28.75,18.25,2191.84
29.25,18.25,2044.23
29.75,18.25,1900.09
30.25,18.25,1759.86
30.75,18.25,1623.94
31.25,18.25,1492.72
31.75,18.25,1366.55
32.25,18.25,1245.78
32.75,18.25,1130.73
33.25,18.25,1021.72
33.75,18.25,918.975
34.25,18.25,822.714
34.75,18.25,733.057
35.25,18.25,650.057
35.75,18.25,573.692
36.25,18.25,503.861
36.75,18.25,440.4
37.25,18.25,383.086
37.75,18.25,331.649
38.25,18.25,285.78
38.75,18.25,245.139
39.25,18.25,209.368
39.75,18.25,178.093
40.25,18.25,150.931
40.75,18.25,127.501
41.25,18.25,107.422
41.75,18.25,90.3223
42.25,18.25,75.8437
42.75,18.25,63.6461
43.25,18.25,53.4124
43.75,18.25,44.8502
44.25,18.25,37.6882
44.75,18.25,31.6828
-44.75,18.75,17.366
-44.25,18.75,18.1954
-43.75,18.75,18.9511
-43.25,18.75,19.7741
-42.75,18.75,20.7787
-42.25,18.75,22.0408
-41.75,18.75,23.6448
-41.25,18.75,25.6869
-40.75,18.75,28.2795
-40.25,18.75,31.5554
-39.75,18.75,35.672
-39.25,18.75,40.8135
-38.75,18.75,47.192
-38.25,18.75,55.0456
-37.75,18.75,64.6332
-37.25,18.75,76.2264
-36.75,18.75,90.0987
-36.25,18.75,106.508
-35.75,18.75,125.682
-35.25,18.75,147.803
-34.75,18.75,172.989
-34.25,18.75,201.286
-33.75,18.75,232.654
-33.25,18.75,266.974
-32.75,18.75,304.041
-32.25,18.75,343.585
-31.75,18.75,385.28
-31.25,18.75,428.767
-30.75,18.75,473.67
-30.25,18.75,519.619
-29.75,18.75,566.267
-29.25,18.75,613.299
-28.75,18.75,660.44
-28.25,18.75,707.46
-27.75,18.75,754.168
-27.25,18.75,800.406
-26.75,18.75,846.042
-26.25,18.75,890.96
-25.75,18.75,935.056
-25.25,18.75,978.233
-24.75,18.75,1020.4
-24.25,18.75,1061.49
-23.75,18.75,1101.43
-23.25,18.75,1140.22
-22.75,18.75,1177.84
-22.25,18.75,1214.37
-21.75,18.75,1249.91
-21.25,18.75,1284.59
-20.75,18.75,1318.59
-20.25,18.75,1352.12
-19.75,18.75,1385.39
-19.25,18.75,1418.57
-18.75,18.75,1451.83
-18.25,18.75,1485.28
-17.75,18.75,1518.97
-17.25,18.75,1552.86
-16.75,18.75,1586.85
-16.25,18.75,1620.78
-15.75,18.75,1654.42
-15.25,18.75,1687.53
-14.75,18.75,1719.84
-14.25,18.75,1751.15
-13.75,18.75,1781.29
-13.25,18.75,1810.18
-12.75,18.75,1837.83
-12.25,18.75,1864.39
-11.75,18.75,1890.07
-11.25,18.75,1915.19
-10.75,18.75,1940.14
-10.25,18.75,1965.33
-9.75,18.75,1991.22
-9.25,18.75,2018.23
-8.75,18.75,2046.73
-8.25,18.75,2077.03
-7.75,18.75,2109.38
-7.25,18.75,2143.91
-6.75,18.75,2180.68
-6.25,18.75,2219.64
-5.75,18.75,2260.69
-5.25,18.75,2303.63
-4.75,18.75,2348.26
-4.25,18.75,2394.31
-3.75,18.75,2441.53
-3.25,18.75,2489.67
-2.75,18.75,2538.52
-2.25,18.75,2587.9
-1.75,18.75,2637.7
-1.25,18.75,2687.9
-0.75,18.75,2738.56
-0.25,18.75,2789.83
0.25,18.75,2841.99
0.75,18.75,2895.4
1.25,18.75,2950.53
1.75,18.75,3007.88
2.25,18.75,3068.03
2.75,18.75,3131.5
3.25,18.75,3198.78
3.75,18.75,3270.26
4.25,18.75,3346.18
4.75,18.75,3426.59
5.25,18.75,3511.4
5.75,18.75,3600.27
6.25,18.75,3692.69
6.75,18.75,3788
7.25,18.75,3885.36
7.75,18.75,3983.85
8.25,18.75,4082.46
8.75,18.75,4180.14
9.25,18.75,4275.81
9.75,18.75,4368.4
10.25,18.75,4456.85
10.75,18.75,4540.15
11.25,18.75,4617.3
11.75,18.75,4687.37
12.25,18.75,4749.47
12.75,18.75,4802.77
13.25,18.75,4846.51
13.75,18.75,4880.03
14.25,18.75,4902.77
14.75,18.75,4914.3
15.25,18.75,4914.33
15.75,18.75,4902.77
16.25,18.75,4879.67
16.75,18.75,4845.3
17.25,18.75,4800.09
17.75,18.75,4744.63
18.25,18.75,4679.63
18.75,18.75,4605.88
19.25,18.75,4524.16
19.75,18.75,4435.22
20.25,18.75,4339.74
20.75,18.75,4238.24
21.25,18.75,4131.13
21.75,18.75,4018.69
22.25,18.75,3901.11
22.75,18.75,3778.53
23.25,18.75,3651.11
23.75,18.75,3519.08
24.25,18.75,3382.77
24.75,18.75,3242.64
25.25,18.75,3099.3
25.75,18.75,2953.49
26.25,18.75,2806.03
26.75,18.75,2657.78
27.25,18.75,2509.58
27.75,18.75,2362.26
28.25,18.75,2216.54
28.75,18.75,2073.06
29.25,18.75,1932.38
29.75,18.75,1794.98
30.25,18.75,1661.26
30.75,18.75,1531.62
31.25,18.75,1406.43
31.75,18.75,1286.05
32.25,18.75,1170.83
32.75,18.75,1061.13
33.25,18.75,957.246
33.75,18.75,859.464
34.25,18.75,767.995
34.75,18.75,682.979
35.25,18.75,604.472
35.75,18.75,532.447
36.25,18.75,466.795
36.75,18.75,407.334
37.25,18.75,353.819
37.75,18.75,305.958
38.25,18.75,263.419
38.75,18.75,225.844
39.25,18.75,192.862
39.75,18.75,164.092
40.25,18.75,139.154
40.75,18.75,117.675
41.25,18.75,99.2878
41.75,18.75,83.6419
42.25,18.75,70.4014
42.75,18.75,59.2504
43.25,18.75,49.8957
43.75,18.75,42.0683
44.25,18.75,35.518
44.75,18.75,30.02
-44.75,19.25,16.7595
-44.25,19.25,17.4416
-43.75,19.25,18.0318
-43.25,19.25,18.6683
-42.75,19.25,19.4616
-42.25,19.25,20.4831
-41.75,19.25,21.8099
-41.25,19.25,23.5285
-40.75,19.25,25.7385
-40.25,19.25,28.557
-39.75,19.25,32.1223
-39.25,19.25,36.5971
-38.75,19.25,42.1691
-38.25,19.25,49.0505
-37.75,19.25,57.474
-37.25,19.25,67.6871
-36.75,19.25,79.9429
-36.25,19.25,94.4863
-35.75,19.25,111.541
-35.25,19.25,131.297
-34.75,19.25,153.893
-34.25,19.25,179.409
-33.75,19.25,207.852
-33.25,19.25,239.153
-32.75,19.25,273.172
-32.25,19.25,309.696
-31.75,19.25,348.459
-31.25,19.25,389.148
-30.75,19.25,431.426
-30.25,19.25,474.949
-29.75,19.25,519.379
-29.25,19.25,564.403
-28.75,19.25,609.737
-28.25,19.25,655.135
-27.75,19.25,700.386
-27.25,19.25,745.311
-26.75,19.25,789.758
-26.25,19.25,833.588
-25.75,19.25,876.674
-25.25,19.25,918.895
-24.75,19.25,960.135
-24.25,19.25,1000.29
-23.75,19.25,1039.26
-23.25,19.25,1077
-22.75,19.25,1113.48
-22.25,19.25,1148.73
-21.75,19.25,1182.82
-21.25,19.25,1215.87
-20.75,19.25,1248.07
-20.25,19.25,1279.62
-19.75,19.25,1310.72
-19.25,19.25,1341.6
-18.75,19.25,1372.44
-18.25,19.25,1403.37
-17.75,19.25,1434.46
-17.25,19.25,1465.72
-16.75,19.25,1497.07
-16.25,19.25,1528.35
-15.75,19.25,1559.37
-15.25,19.25,1589.9
-14.75,19.25,1619.73
-14.25,19.25,1648.66
-13.75,19.25,1676.58
-13.25,19.25,1703.44
-12.75,19.25,1729.29
-12.25,19.25,1754.3
-11.75,19.25,1778.7
-11.25,19.25,1802.82
-10.75,19.25,1827.03
-10.25,19.25,1851.73
-9.75,19.25,1877.32
-9.25,19.25,1904.15
-8.75,19.25,1932.56
-8.25,19.25,1962.79
-7.75,19.25,1995
-7.25,19.25,2029.28
-6.75,19.25,2065.63
-6.25,19.25,2103.96
-5.75,19.25,2144.13
-5.25,19.25,2185.92
-4.75,19.25,2229.12
-4.25,19.25,2273.46
-3.75,19.25,2318.69
-3.25,19.25,2364.59
-2.75,19.25,2410.96
-2.25,19.25,2457.67
-1.75,19.25,2504.62
-1.25,19.25,2551.84
-0.75,19.25,2599.43
-0.25,19.25,2647.57
0.25,19.25,2696.58
0.75,19.25,2746.85
1.25,19.25,2798.87
1.75,19.25,2853.16
2.25,19.25,2910.3
2.75,19.25,2970.8
3.25,19.25,3035.13
3.75,19.25,3103.66
4.25,19.25,3176.57
4.75,19.25,3253.9
5.25,19.25,3335.48
5.75,19.25,3420.93
6.25,19.25,3509.73
6.75,19.25,3601.15
7.25,19.25,3694.36
7.75,19.25,3788.45
8.25,19.25,3882.43
8.75,19.25,3975.3
9.25,19.25,4066.06
9.75,19.25,4153.71
10.25,19.25,4237.32
10.75,19.25,4315.95
11.25,19.25,4388.73
11.75,19.25,4454.8
12.25,19.25,4513.36
12.75,19.25,4563.62
13.25,19.25,4604.89
13.75,19.25,4636.49
14.25,19.25,4657.85
14.75,19.25,4668.51
15.25,19.25,4668.15
15.75,19.25,4656.6
16.25,19.25,4633.88
16.75,19.25,4600.23
17.25,19.25,4556.04
17.75,19.25,4501.92
18.25,19.25,4438.6
18.75,19.25,4366.88
19.25,19.25,4287.61
19.75,19.25,4201.6
20.25,19.25,4109.54
20.75,19.25,4012
21.25,19.25,3909.4
21.75,19.25,3802.01
22.25,19.25,3690
22.75,19.25,3573.46
23.25,19.25,3452.49
23.75,19.25,3327.25
24.25,19.25,3198
24.75,19.25,3065.14
25.25,19.25,2929.23
25.75,19.25,2790.92
26.25,19.25,2651.01
26.75,19.25,2510.29
27.25,19.25,2369.58
27.75,19.25,2229.65
28.25,19.25,2091.21
28.75,19.25,1954.85
29.25,19.25,1821.1
29.75,19.25,1690.42
30.25,19.25,1563.2
30.75,19.25,1439.83
31.25,19.25,1320.68
31.75,19.25,1206.1
32.25,19.25,1096.48
32.75,19.25,992.159
33.25,19.25,893.485
33.75,19.25,800.74
34.25,19.25,714.151
34.75,19.25,633.861
35.25,19.25,559.925
35.75,19.25,492.307
36.25,19.25,430.881
36.75,19.25,375.447
37.25,19.25,325.739
37.75,19.25,281.44
38.25,19.25,242.2
38.75,19.25,207.646
39.25,19.25,177.396
39.75,19.25,151.069
40.25,19.25,128.289
40.75,19.25,108.693
41.25,19.25,91.932
41.75,19.25,77.6757
42.25,19.25,65.6117
42.75,19.25,55.4486
43.25,19.25,46.9179
43.75,19.25,39.7733
44.25,19.25,33.7861
44.75,19.25,28.7502
-44.75,19.75,16.2589
-44.25,19.75,16.8013
-43.75,19.75,17.2347
-43.25,19.75,17.6958
-42.75,19.75,18.292
-42.25,19.75,19.091
-41.75,19.75,20.1638
-41.25,19.75,21.5879
-40.75,19.75,23.4512
-40.25,19.75,25.8562
-39.75,19.75,28.9239
-39.25,19.75,32.7965
-38.75,19.75,37.6387
-38.25,19.75,43.638
-37.75,19.75,51.002
-37.25,19.75,59.9541
-36.75,19.75,70.7269
-36.25,19.75,83.5512
-35.75,19.75,98.645
-35.25,19.75,116.203
-34.75,19.75,136.382
-34.25,19.75,159.289
-33.75,19.75,184.973
-33.25,19.75,213.415
-32.75,19.75,244.529
-32.25,19.75,278.159
-31.75,19.75,314.092
-31.25,19.75,352.062
-30.75,19.75,391.768
-30.25,19.75,432.891
-29.75,19.75,475.106
-29.25,19.75,518.1
-28.75,19.75,561.582
-28.25,19.75,605.292
-27.75,19.75,649.003
-27.25,19.75,692.516
-26.75,19.75,735.66
-26.25,19.75,778.279
-25.75,19.75,820.228
-25.25,19.75,861.366
-24.75,19.75,901.557
-24.25,19.75,940.671
-23.75,19.75,978.592
-23.25,19.75,1015.23
-22.75,19.75,1050.54
-22.25,19.75,1084.5
-21.75,19.75,1117.18
-21.25,19.75,1148.67
-20.75,19.75,1179.14
-20.25,19.75,1208.78
-19.75,19.75,1237.83
-19.25,19.75,1266.5
-18.75,19.75,1294.99
-18.25,19.75,1323.47
-17.75,19.75,1352.04
-17.25,19.75,1380.72
-16.75,19.75,1409.45
-16.25,19.75,1438.13
-15.75,19.75,1466.57
-15.25,19.75,1494.59
-14.75,19.75,1521.99
-14.25,19.75,1548.63
-13.75,19.75,1574.42
-13.25,19.75,1599.35
-12.75,19.75,1623.51
-12.25,19.75,1647.08
-11.75,19.75,1670.32
-11.25,19.75,1693.54
-10.75,19.75,1717.11
-10.25,19.75,1741.38
-9.75,19.75,1766.7
-9.25,19.75,1793.39
-8.75,19.75,1821.71
-8.25,19.75,1851.82
-7.75,19.75,1883.85
-7.25,19.75,1917.82
-6.75,19.75,1953.66
-6.25,19.75,1991.26
-5.75,19.75,2030.44
-5.25,19.75,2070.98
-4.75,19.75,2112.64
-4.25,19.75,2155.16
-3.75,19.75,2198.31
-3.25,19.75,2241.88
-2.75,19.75,2285.72
-2.25,19.75,2329.71
-1.75,19.75,2373.81
-1.25,19.75,2418.09
-0.75,19.75,2462.67
-0.25,19.75,2507.79
0.25,19.75,2553.78
0.75,19.75,2601.08
1.25,19.75,2650.17
1.75,19.75,2701.59
2.25,19.75,2755.89
2.75,19.75,2813.57
3.25,19.75,2875.07
3.75,19.75,2940.71
4.25,19.75,3010.63
4.75,19.75,3084.81
5.25,19.75,3163.05
5.75,19.75,3244.92
6.25,19.75,3329.87
6.75,19.75,3417.16
7.25,19.75,3505.98
7.75,19.75,3595.4
8.25,19.75,3684.51
8.75,19.75,3772.35
9.25,19.75,3858.01
9.75,19.75,3940.58
10.25,19.75,4019.21
10.75,19.75,4093.08
11.25,19.75,4161.41
11.75,19.75,4223.42
12.25,19.75,4278.39
12.75,19.75,4325.59
13.25,19.75,4364.33
13.75,19.75,4393.96
14.25,19.75,4413.9
14.75,19.75,4423.65
15.25,19.75,4422.86
15.75,19.75,4411.31
16.25,19.75,4388.99
16.75,19.75,4356.08
17.25,19.75,4312.99
17.75,19.75,4260.31
18.25,19.75,4198.77
18.75,19.75,4129.22
19.25,19.75,4052.52
19.75,19.75,3969.53
20.25,19.75,3880.97
20.75,19.75,3787.43
21.25,19.75,3689.34
21.75,19.75,3586.97
22.25,19.75,3480.46
22.75,19.75,3369.88
23.25,19.75,3255.26
23.75,19.75,3136.73
24.25,19.75,3014.48
24.75,19.75,2888.85
25.25,19.75,2760.33
25.75,19.75,2629.54
26.25,19.75,2497.17
26.75,19.75,2364
27.25,19.75,2230.79
27.75,19.75,2098.26
28.25,19.75,1967.07
28.75,19.75,1837.79
29.25,19.75,1710.94
29.75,19.75,1586.92
30.25,19.75,1466.16
30.75,19.75,1349.01
31.25,19.75,1235.85
31.75,19.75,1127.06
32.25,19.75,1023.03
32.75,19.75,924.125
33.25,19.75,830.698
33.75,19.75,743.046
34.25,19.75,661.397
34.75,19.75,585.893
35.25,19.75,516.579
35.75,19.75,453.404
36.25,19.75,396.222
36.75,19.75,344.812
37.25,19.75,298.884
37.75,19.75,258.103
38.25,19.75,222.101
38.75,19.75,190.494
39.25,19.75,162.897
39.75,19.75,138.929
40.25,19.75,118.222
40.75,19.75,100.428
41.25,19.75,85.2164
41.75,19.75,72.2784
42.25,19.75,61.3256
42.75,19.75,52.0913
43.25,19.75,44.331
43.75,19.75,37.8214
44.25,19.75,32.3545
44.75,19.75,27.7423
-44.75,20.25,15.8291
-44.25,20.25,16.2336
-43.75,20.25,16.514
-43.25,20.25,16.8066
-42.75,20.25,17.2164
-42.25,20.25,17.8081
-41.75,20.25,18.6469
-41.25,20.25,19.802
-40.75,20.25,21.3508
-40.25,20.25,23.3821
-39.75,20.25,26.0006
-39.25,20.25,29.3296
-38.75,20.25,33.5126
-38.25,20.25,38.7136
-37.75,20.25,45.1164
-37.25,20.25,52.9212
-36.75,20.25,62.3404
-36.25,20.25,73.59
-35.75,20.25,86.881
-35.25,20.25,102.41
-34.75,20.25,120.347
-34.25,20.25,140.825
-33.75,20.25,163.926
-33.25,20.25,189.676
-32.75,20.25,218.037
-32.25,20.25,248.905
-31.75,20.25,282.116
-31.25,20.25,317.448
-30.75,20.25,354.636
-30.25,20.25,393.385
-29.75,20.25,433.383
-29.25,20.25,474.322
-28.75,20.25,515.904
-28.25,20.25,557.86
-27.75,20.25,599.945
-27.25,20.25,641.947
-26.75,20.25,683.677
-26.25,20.25,724.964
-25.75,20.25,765.65
-25.25,20.25,805.58
-24.75,20.25,844.601
-24.25,20.25,882.567
-23.75,20.25,919.341
-23.25,20.25,954.808
-22.75,20.25,988.89
-22.25,20.25,1021.55
-21.75,20.25,1052.82
-21.25,20.25,1082.78
-20.75,20.25,1111.57
-20.25,20.25,1139.39
-19.75,20.25,1166.46
-19.25,20.25,1193.01
-18.75,20.25,1219.26
-18.25,20.25,1245.4
-17.75,20.25,1271.54
-17.25,20.25,1297.74
-16.75,20.25,1323.98
-16.25,20.25,1350.16
-15.75,20.25,1376.15
-15.25,20.25,1401.79
-14.75,20.25,1426.92
-14.25,20.25,1451.42
-13.75,20.25,1475.26
-13.25,20.25,1498.45
-12.75,20.25,1521.1
-12.25,20.25,1543.41
-11.75,20.25,1565.64
-11.25,20.25,1588.1
-10.75,20.25,1611.11
-10.25,20.25,1635.01
-9.75,20.25,1660.1
-9.25,20.25,1686.63
-8.75,20.25,1714.79
-8.25,20.25,1744.72
-7.75,20.25,1776.45
-7.25,20.25,1809.96
-6.75,20.25,1845.15
-6.25,20.25,1881.86
-5.75,20.25,1919.89
-5.25,20.25,1959.01
-4.75,20.25,1998.97
-4.25,20.25,2039.53
-3.75,20.25,2080.49
-3.25,20.25,2121.65
-2.75,20.25,2162.88
-2.25,20.25,2204.13
-1.75,20.25,2245.4
-1.25,20.25,2286.77
-0.75,20.25,2328.43
-0.25,20.25,2370.65
0.25,20.25,2413.78
0.75,20.25,2458.26
1.25,20.25,2504.59
1.75,20.25,2553.3
2.25,20.25,2604.9
2.75,20.25,2659.88
3.25,20.25,2718.61
3.75,20.25,2781.35
4.25,20.25,2848.22
4.75,20.25,2919.14
5.25,20.25,2993.85
5.75,20.25,3071.92
6.25,20.25,3152.76
6.75,20.25,3235.65
7.25,20.25,3319.77
7.75,20.25,3404.28
8.25,20.25,3488.28
8.75,20.25,3570.91
9.25,20.25,3651.31
9.75,20.25,3728.7
10.25,20.25,3802.3
10.75,20.25,3871.4
11.25,20.25,3935.28
11.75,20.25,3993.26
12.25,20.25,4044.67
12.75,20.25,4088.83
13.25,20.25,4125.07
13.75,20.25,4152.76
14.25,20.25,4171.3
14.75,20.25,4180.18
15.25,20.25,4178.99
15.75,20.25,4167.52
16.25,20.25,4145.69
16.75,20.25,4113.69
17.25,20.25,4071.88
17.75,20.25,4020.84
18.25,20.25,3961.32
18.75,20.25,3894.17
19.25,20.25,3820.27
19.75,20.25,3740.48
20.25,20.25,3655.55
20.75,20.25,3566.09
21.25,20.25,3472.51
21.75,20.25,3375.1
22.25,20.25,3273.99
22.75,20.25,3169.21
23.25,20.25,3060.79
23.75,20.25,2948.8
24.25,20.25,2833.4
24.75,20.25,2714.87
25.25,20.25,2593.64
25.75,20.25,2470.26
26.25,20.25,2345.38
26.75,20.25,2219.71
27.25,20.25,2093.94
27.75,20.25,1968.75
28.25,20.25,1844.76
28.75,20.25,1722.5
29.25,20.25,1602.45
29.75,20.25,1485.03
30.25,20.25,1370.63
30.75,20.25,1259.63
31.25,20.25,1152.41
31.75,20.25,1049.38
32.25,20.25,950.923
32.75,20.25,857.437
33.25,20.25,769.279
33.75,20.25,686.748
34.25,20.25,610.073
34.75,20.25,539.383
35.25,20.25,474.707
35.75,20.25,415.975
36.25,20.25,363.016
36.75,20.25,315.586
37.25,20.25,273.375
37.75,20.25,236.029
38.25,20.25,203.168
38.75,20.25,174.403
39.25,20.25,149.348
39.75,20.25,127.628
40.25,20.25,108.888
40.75,20.25,92.7952
41.25,20.25,79.0401
41.75,20.25,67.3366
42.25,20.25,57.4205
42.75,20.25,49.0494
43.25,20.25,42.0024
43.75,20.25,36.0783
44.25,20.25,31.0891
44.75,20.25,26.8646
-44.75,20.75,15.4327
-44.25,20.75,15.6986
-43.75,20.75,15.8287
-43.25,20.75,15.959
-42.75,20.75,16.193
-42.25,20.75,16.5922
-41.75,20.75,17.2165
-41.25,20.75,18.1276
-40.75,20.75,19.3925
-40.25,20.75,21.0877
-39.75,20.75,23.3027
-39.25,20.75,26.1433
-38.75,20.75,29.7331
-38.25,20.75,34.2146
-37.75,20.75,39.7492
-37.25,20.75,46.5151
-36.75,20.75,54.7053
-36.25,20.75,64.5206
-35.75,20.75,76.1635
-35.25,20.75,89.8303
-34.75,20.75,105.701
-34.25,20.75,123.927
-33.75,20.75,144.621
-33.25,20.75,167.844
-32.75,20.75,193.603
-32.25,20.75,221.841
-31.75,20.75,252.436
-31.25,20.75,285.21
-30.75,20.75,319.93
-30.25,20.75,356.327
-29.75,20.75,394.106
-29.25,20.75,432.963
-28.75,20.75,472.6
-28.25,20.75,512.737
-27.75,20.75,553.118
-27.25,20.75,593.517
-26.75,20.75,633.731
-26.25,20.75,673.577
-25.75,20.75,712.885
-25.25,20.75,751.49
-24.75,20.75,789.227
-24.25,20.75,825.936
-23.75,20.75,861.463
-23.25,20.75,895.674
-22.75,20.75,928.465
-22.25,20.75,959.78
-21.75,20.75,989.619
-21.25,20.75,1018.05
-20.75,20.75,1045.19
-20.25,20.75,1071.22
-19.75,20.75,1096.38
-19.25,20.75,1120.9
-18.75,20.75,1145.01
-18.25,20.75,1168.91
-17.75,20.75,1192.76
-17.25,20.75,1216.62
-16.75,20.75,1240.52
-16.25,20.75,1264.38
-15.75,20.75,1288.1
-15.25,20.75,1311.56
-14.75,20.75,1334.64
-14.25,20.75,1357.26
-13.75,20.75,1379.38
-13.25,20.75,1401.07
-12.75,20.75,1422.44
-12.25,20.75,1443.71
-11.75,20.75,1465.11
-11.25,20.75,1486.94
-10.75,20.75,1509.51
-10.25,20.75,1533.09
-9.75,20.75,1557.94
-9.25,20.75,1584.26
-8.75,20.75,1612.19
-8.25,20.75,1641.8
-7.75,20.75,1673.08
-7.25,20.75,1705.95
-6.75,20.75,1740.3
-6.25,20.75,1775.92
-5.75,20.75,1812.61
-5.25,20.75,1850.12
-4.75,20.75,1888.23
-4.25,20.75,1926.7
-3.75,20.75,1965.34
-3.25,20.75,2004
-2.75,20.75,2042.6
-2.25,20.75,2081.1
-1.75,20.75,2119.56
-1.25,20.75,2158.1
-0.75,20.75,2196.94
-0.25,20.75,2236.38
0.25,20.75,2276.8
0.75,20.75,2318.63
1.25,20.75,2362.36
1.75,20.75,2408.5
2.25,20.75,2457.52
2.75,20.75,2509.84
3.25,20.75,2565.81
3.75,20.75,2625.62
4.25,20.75,2689.32
4.75,20.75,2756.79
5.25,20.75,2827.74
5.75,20.75,2901.73
6.25,20.75,2978.16
6.75,20.75,3056.34
7.25,20.75,3135.49
7.75,20.75,3214.82
8.25,20.75,3293.5
8.75,20.75,3370.76
9.25,20.75,3445.83
9.75,20.75,3518
10.25,20.75,3586.59
10.75,20.75,3650.97
11.25,20.75,3710.5
11.75,20.75,3764.56
12.25,20.75,3812.52
12.75,20.75,3853.75
13.25,20.75,3887.6
13.75,20.75,3913.44
14.25,20.75,3930.67
14.75,20.75,3938.77
15.25,20.75,3937.32
15.75,20.75,3926.07
16.25,20.75,3904.94
16.75,20.75,3874.06
17.25,20.75,3833.81
17.75,20.75,3784.72
18.25,20.75,3727.54
18.75,20.75,3663.1
19.25,20.75,3592.28
19.75,20.75,3515.92
20.25,20.75,3434.78
20.75,20.75,3349.47
21.25,20.75,3260.41
21.75,20.75,3167.87
22.25,20.75,3071.99
22.75,20.75,2972.82
23.25,20.75,2870.36
23.75,20.75,2764.66
24.25,20.75,2655.86
24.75,20.75,2544.2
25.25,20.75,2430.07
25.75,20.75,2313.94
26.25,20.75,2196.41
26.75,20.75,2078.11
27.25,20.75,1959.68
27.75,20.75,1841.74
28.25,20.75,1724.84
28.75,20.75,1609.49
29.25,20.75,1496.15
29.75,20.75,1385.22
30.25,20.75,1277.1
30.75,20.75,1172.18
31.25,20.75,1070.85
31.75,20.75,973.527
32.25,20.75,880.629
32.75,20.75,792.555
33.25,20.75,709.668
33.75,20.75,632.267
34.25,20.75,560.569
34.75,20.75,494.686
35.25,20.75,434.626
35.75,20.75,380.294
36.25,20.75,331.495
36.75,20.75,287.959
37.25,20.75,249.36
37.75,20.75,215.328
38.25,20.75,185.478
38.75,20.75,159.417
39.25,20.75,136.766
39.75,20.75,117.159
40.25,20.75,100.257
40.75,20.75,85.7461
41.25,20.75,73.339
41.75,20.75,62.773
42.25,20.75,53.8079
42.75,20.75,46.2253
43.25,20.75,39.8271
43.75,20.75,34.4335
44.25,20.75,29.8757
44.75,20.75,25.9999
-44.75,21.25,15.0278
-44.25,21.25,15.1571
-43.75,21.25,15.1422
-43.25,21.25,15.1196
-42.75,21.25,15.1909
-42.25,21.25,15.4149
-41.75,21.25,15.8462
-41.25,21.25,16.5393
-40.75,21.25,17.5515
-40.25,21.25,18.9477
-39.75,21.25,20.8036
-39.25,21.25,23.2087
-38.75,21.25,26.2686
-38.25,21.25,30.1058
-37.75,21.25,34.8609
-37.25,21.25,40.6916
-36.75,21.25,47.772
-36.25,21.25,56.2875
-35.75,21.25,66.4312
-35.25,21.25,78.3965
-34.75,21.25,92.369
-34.25,21.25,108.515
-33.75,21.25,126.968
-33.25,21.25,147.824
-32.75,21.25,171.125
-32.25,21.25,196.854
-31.75,21.25,224.932
-31.25,21.25,255.218
-30.75,21.25,287.515
-30.25,21.25,321.579
-29.75,21.25,357.132
-29.25,21.25,393.88
-28.75,21.25,431.527
-28.25,21.25,469.785
-27.75,21.25,508.392
-27.25,21.25,547.108
-26.75,21.25,585.72
-26.25,21.25,624.033
-25.75,21.25,661.866
-25.25,21.25,699.045
-24.75,21.25,735.396
-24.25,21.25,770.746
-23.75,21.25,804.928
-23.25,21.25,837.791
-22.75,21.25,869.211
-22.25,21.25,899.112
-21.75,21.25,927.473
-21.25,21.25,954.339
-20.75,21.25,979.825
-20.25,21.25,1004.11
-19.75,21.25,1027.4
-19.25,21.25,1049.96
-18.75,21.25,1072.02
-18.25,21.25,1093.82
-17.75,21.25,1115.5
-17.25,21.25,1137.2
-16.75,21.25,1158.93
-16.25,21.25,1180.68
-15.75,21.25,1202.37
-15.25,21.25,1223.9
-14.75,21.25,1245.2
-14.25,21.25,1266.19
-13.75,21.25,1286.89
-13.25,21.25,1307.35
-12.75,21.25,1327.7
-12.25,21.25,1348.14
-11.75,21.25,1368.9
-11.25,21.25,1390.26
-10.75,21.25,1412.46
-10.25,21.25,1435.76
-9.75,21.25,1460.36
-9.25,21.25,1486.41
-8.75,21.25,1513.99
-8.25,21.25,1543.13
-7.75,21.25,1573.78
-7.25,21.25,1605.83
-6.75,21.25,1639.12
-6.25,21.25,1673.45
-5.75,21.25,1708.6
-5.25,21.25,1744.34
-4.75,21.25,1780.44
-4.25,21.25,1816.69
-3.75,21.25,1852.93
-3.25,21.25,1889.05
-2.75,21.25,1925
-2.25,21.25,1960.78
-1.75,21.25,1996.49
-1.25,21.25,2032.3
-0.75,21.25,2068.45
-0.25,21.25,2105.27
0.25,21.25,2143.12
0.75,21.25,2182.46
1.25,21.25,2223.74
1.75,21.25,2267.42
2.25,21.25,2313.93
2.75,21.25,2363.63
3.25,21.25,2416.8
3.75,21.25,2473.57
4.25,21.25,2533.94
4.75,21.25,2597.75
5.25,21.25,2664.69
5.75,21.25,2734.3
6.25,21.25,2806.02
6.75,21.25,2879.19
7.25,21.25,2953.1
7.75,21.25,3027.02
8.25,21.25,3100.22
8.75,21.25,3172
9.25,21.25,3241.7
9.75,21.25,3308.69
10.25,21.25,3372.37
10.75,21.25,3432.17
11.25,21.25,3487.52
11.75,21.25,3537.84
12.25,21.25,3582.54
12.75,21.25,3621.02
13.25,21.25,3652.64
13.75,21.25,3676.78
14.25,21.25,3692.86
14.75,21.25,3700.34
15.25,21.25,3698.81
15.75,21.25,3688
16.25,21.25,3667.8
16.75,21.25,3638.36
17.25,21.25,3599.97
17.75,21.25,3553.19
18.25,21.25,3498.71
18.75,21.25,3437.32
19.25,21.25,3369.88
19.75,21.25,3297.2
20.25,21.25,3220.01
20.75,21.25,3138.9
21.25,21.25,3054.32
21.75,21.25,2966.54
22.25,21.25,2875.7
22.75,21.25,2781.86
23.25,21.25,2685.06
23.75,21.25,2585.33
24.25,21.25,2482.82
24.75,21.25,2377.73
25.25,21.25,2270.41
25.75,21.25,2161.29
26.25,21.25,2050.9
26.75,21.25,1939.79
27.25,21.25,1828.53
27.75,21.25,1717.67
28.25,21.25,1607.74
28.75,21.25,1499.18
29.25,21.25,1392.44
29.75,21.25,1287.91
30.25,21.25,1185.98
30.75,21.25,1087.07
31.25,21.25,991.58
31.75,21.25,899.941
32.25,21.25,812.581
32.75,21.25,729.908
33.25,21.25,652.283
33.75,21.25,579.997
34.25,21.25,513.249
34.75,21.25,452.131
35.25,21.25,396.625
35.75,21.25,346.608
36.25,21.25,301.861
36.75,21.25,262.095
37.25,21.25,226.966
37.75,21.25,196.096
38.25,21.25,169.095
38.75,21.25,145.577
39.25,21.25,125.17
39.75,21.25,107.523
40.25,21.25,92.3157
40.75,21.25,79.2552
41.25,21.25,68.0765
41.75,21.25,58.5408
42.25,21.25,50.4322
42.75,21.25,43.5556
43.25,21.25,37.7349
43.75,21.25,32.8104
44.25,21.25,28.6318
44.75,21.25,25.0612
-44.75,21.75,14.5734
-44.25,21.75,14.574
-43.75,21.75,14.4258
-43.25,21.75,14.2651
-42.75,21.75,14.1917
-42.25,21.75,14.2612
-41.75,21.75,14.5238
-41.25,21.75,15.0265
-40.75,21.75,15.8181
-40.25,21.75,16.9526
-39.75,21.75,18.4929
-39.25,21.75,20.5141
-38.75,21.75,23.1049
-38.25,21.75,26.3699
-37.75,21.75,30.4305
-37.25,21.75,35.425
-36.75,21.75,41.5094
-36.25,21.75,48.8539
-35.75,21.75,57.6402
-35.25,21.75,68.0567
-34.75,21.75,80.2904
-34.25,21.75,94.5168
-33.75,21.75,110.888
-33.25,21.75,129.524
-32.75,21.75,150.498
-32.25,21.75,173.829
-31.75,21.75,199.476
-31.25,21.75,227.335
-30.75,21.75,257.242
-30.25,21.75,288.98
-29.75,21.75,322.294
-29.25,21.75,356.902
-28.75,21.75,392.511
-28.25,21.75,428.836
-27.75,21.75,465.605
-27.25,21.75,502.57
-26.75,21.75,539.507
-26.25,21.75,576.212
-25.75,21.75,612.493
-25.25,21.75,648.166
-24.75,21.75,683.047
-24.25,21.75,716.952
-23.75,21.75,749.701
-23.25,21.75,781.129
-22.75,21.75,811.096
-22.25,21.75,839.509
-21.75,21.75,866.333
-21.25,21.75,891.599
-20.75,21.75,915.412
-20.25,21.75,937.943
-19.75,21.75,959.414
-19.25,21.75,980.078
-18.75,21.75,1000.19
-18.25,21.75,1019.99
-17.75,21.75,1039.68
-17.25,21.75,1059.37
-16.75,21.75,1079.15
-16.25,21.75,1099
-15.75,21.75,1118.9
-15.25,21.75,1138.78
-14.75,21.75,1158.56
-14.25,21.75,1178.22
-13.75,21.75,1197.76
-13.25,21.75,1217.26
-12.75,21.75,1236.83
-12.25,21.75,1256.66
-11.75,21.75,1276.96
-11.25,21.75,1297.96
-10.75,21.75,1319.88
-10.25,21.75,1342.92
-9.75,21.75,1367.23
-9.25,21.75,1392.92
-8.75,21.75,1420.04
-8.25,21.75,1448.55
-7.75,21.75,1478.39
-7.25,21.75,1509.42
-6.75,21.75,1541.46
-6.25,21.75,1574.32
-5.75,21.75,1607.76
-5.25,21.75,1641.57
-4.75,21.75,1675.54
-4.25,21.75,1709.49
-3.75,21.75,1743.29
-3.25,21.75,1776.86
-2.75,21.75,1810.18
-2.25,21.75,1843.32
-1.75,21.75,1876.39
-1.25,21.75,1909.59
-0.75,21.75,1943.2
-0.25,21.75,1977.55
0.25,21.75,2013.01
0.75,21.75,2050
1.25,21.75,2088.94
1.75,21.75,2130.25
2.25,21.75,2174.3
2.75,21.75,2221.37
3.25,21.75,2271.68
3.75,21.75,2325.29
4.25,21.75,2382.16
4.75,21.75,2442.08
5.25,21.75,2504.75
5.75,21.75,2569.71
6.25,21.75,2636.45
6.75,21.75,2704.36
7.25,21.75,2772.8
7.75,21.75,2841.15
8.25,21.75,2908.77
8.75,21.75,2975.05
9.25,21.75,3039.42
9.75,21.75,3101.33
10.25,21.75,3160.26
10.75,21.75,3215.68
11.25,21.75,3267.08
11.75,21.75,3313.9
12.25,21.75,3355.58
12.75,21.75,3391.53
13.25,21.75,3421.14
13.75,21.75,3443.8
14.25,21.75,3458.92
14.75,21.75,3465.99
15.25,21.75,3464.59
15.75,21.75,3454.46
16.25,21.75,3435.49
16.75,21.75,3407.77
17.25,21.75,3371.6
17.75,21.75,3327.48
18.25,21.75,3276.04
18.75,21.75,3218.04
19.25,21.75,3154.25
19.75,21.75,3085.45
20.25,21.75,3012.34
20.75,21.75,2935.48
21.25,21.75,2855.31
21.75,21.75,2772.12
22.25,21.75,2686.07
22.75,21.75,2597.27
23.25,21.75,2505.77
23.75,21.75,2411.64
24.25,21.75,2315.03
24.75,21.75,2216.15
25.25,21.75,2115.3
25.75,21.75,2012.87
26.25,21.75,1909.33
26.75,21.75,1805.15
27.25,21.75,1700.85
27.75,21.75,1596.9
28.25,21.75,1493.76
28.75,21.75,1391.86
29.25,21.75,1291.6
29.75,21.75,1193.38
30.25,21.75,1097.59
30.75,21.75,1004.63
31.25,21.75,914.946
31.75,21.75,828.968
32.25,21.75,747.13
32.75,21.75,669.842
33.25,21.75,597.456
33.75,21.75,530.248
34.25,21.75,468.396
34.75,21.75,411.966
35.25,21.75,360.913
35.75,21.75,315.088
36.25,21.75,274.251
36.75,21.75,238.095
37.25,21.75,206.264
37.75,21.75,178.377
38.25,21.75,154.046
38.75,21.75,132.894
39.25,21.75,114.56
39.75,21.75,98.7127
40.25,21.75,85.0508
40.75,21.75,73.3038
41.25,21.75,63.2301
41.75,21.75,54.6148
42.25,21.75,47.2651
42.75,21.75,41.0087
43.25,21.75,35.6904
43.75,21.75,31.17
44.25,21.75,27.3145
44.75,21.75,24.0014
-44.75,22.25,14.0398
-44.25,22.25,13.9271
-43.75,22.25,13.6641
-43.25,22.25,13.3857
-42.75,22.25,13.1896
-42.25,22.25,13.1288
-41.75,22.25,13.2485
-41.25,22.25,13.5895
-40.75,22.25,14.1925
-40.25,22.25,15.1017
-39.75,22.25,16.3687
-39.25,22.25,18.0552
-38.75,22.25,20.2352
-38.25,22.25,22.9969
-37.75,22.25,26.4439
-37.25,22.25,30.6967
-36.75,22.25,35.8938
-36.25,22.25,42.1897
-35.75,22.25,49.7539
-35.25,22.25,58.7665
-34.75,22.25,69.4126
-34.25,22.25,81.8717
-33.75,22.25,96.3083
-33.25,22.25,112.861
-32.75,22.25,131.628
-32.25,22.25,152.66
-31.75,22.25,175.95
-31.25,22.25,201.429
-30.75,22.25,228.967
-30.25,22.25,258.377
-29.75,22.25,289.429
-29.25,22.25,321.856
-28.75,22.25,355.377
-28.25,22.25,389.709
-27.75,22.25,424.579
-27.25,22.25,459.732
-26.75,22.25,494.934
-26.25,22.25,529.971
-25.75,22.25,564.641
-25.25,22.25,598.747
-24.75,22.25,632.094
-24.25,22.25,664.487
-23.75,22.25,695.733
-23.25,22.25,725.654
-22.75,22.25,754.099
-22.25,22.25,780.961
-21.75,22.25,806.195
-21.25,22.25,829.827
-20.75,22.25,851.955
-20.25,22.25,872.749
-19.75,22.25,892.437
-19.25,22.25,911.278
-18.75,22.25,929.543
-18.25,22.25,947.485
-17.75,22.25,965.317
-17.25,22.25,983.196
-16.75,22.25,1001.21
-16.25,22.25,1019.4
-15.75,22.25,1037.74
-15.25,22.25,1056.2
-14.75,22.25,1074.73
-14.25,22.25,1093.31
-13.75,22.25,1111.95
-13.25,22.25,1130.71
-12.75,22.25,1149.71
-12.25,22.25,1169.11
-11.75,22.25,1189.07
-11.25,22.25,1209.8
-10.75,22.25,1231.48
-10.25,22.25,1254.24
-9.75,22.25,1278.22
-9.25,22.25,1303.46
-8.75,22.25,1329.98
-8.25,22.25,1357.71
-7.75,22.25,1386.57
-7.25,22.25,1416.41
-6.75,22.25,1447.04
-6.25,22.25,1478.26
-5.75,22.25,1509.86
-5.25,22.25,1541.64
-4.75,22.25,1573.41
-4.25,22.25,1605.03
-3.75,22.25,1636.39
-3.25,22.25,1667.45
-2.75,22.25,1698.23
-2.25,22.25,1728.82
-1.75,22.25,1759.39
-1.25,22.25,1790.15
-0.75,22.25,1821.38
-0.25,22.25,1853.43
0.25,22.25,1886.65
0.75,22.25,1921.42
1.25,22.25,1958.14
1.75,22.25,1997.15
2.25,22.25,2038.75
2.75,22.25,2083.16
3.25,22.25,2130.52
3.75,22.25,2180.85
4.25,22.25,2234.03
4.75,22.25,2289.87
5.25,22.25,2348.04
5.75,22.25,2408.14
6.25,22.25,2469.68
6.75,22.25,2532.15
7.25,22.25,2595
7.75,22.25,2657.71
8.25,22.25,2719.73
8.75,22.25,2780.57
9.25,22.25,2839.73
9.75,22.25,2896.74
10.25,22.25,2951.14
10.75,22.25,3002.45
11.25,22.25,3050.17
11.75,22.25,3093.77
12.25,22.25,3132.7
12.75,22.25,3166.39
13.25,22.25,3194.22
13.75,22.25,3215.62
14.25,22.25,3230
14.75,22.25,3236.88
15.25,22.25,3235.85
15.75,22.25,3226.65
16.25,22.25,3209.16
16.75,22.25,3183.47
17.25,22.25,3149.83
17.75,22.25,3108.68
18.25,22.25,3060.59
18.75,22.25,3006.24
19.25,22.25,2946.34
19.75,22.25,2881.58
20.25,22.25,2812.62
20.75,22.25,2740
21.25,22.25,2664.13
21.75,22.25,2585.33
22.25,22.25,2503.81
22.75,22.25,2419.71
23.25,22.25,2333.13
23.75,22.25,2244.2
24.25,22.25,2153.07
24.75,22.25,2059.98
25.25,22.25,1965.2
25.75,22.25,1869.1
26.25,22.25,1772.07
26.75,22.25,1674.54
27.25,22.25,1576.93
27.75,22.25,1479.66
28.25,22.25,1383.13
28.75,22.25,1287.74
29.25,22.25,1193.85
29.75,22.25,1101.85
30.25,22.25,1012.12
30.75,22.25,925.091
31.25,22.25,841.187
31.75,22.25,760.854
32.25,22.25,684.524
32.75,22.25,612.597
33.25,22.25,545.413
33.75,22.25,483.223
34.25,22.25,426.183
34.75,22.25,374.331
35.25,22.25,327.598
35.75,22.25,285.809
36.25,22.25,248.709
36.75,22.25,215.976
37.25,22.25,187.252
37.75,22.25,162.155
38.25,22.25,140.305
38.75,22.25,121.335
39.25,22.25,104.903
39.75,22.25,90.696
40.25,22.25,78.4336
40.75,22.25,67.868
41.25,22.25,58.7807
41.75,22.25,50.9799
42.25,22.25,44.2955
42.75,22.25,38.5764
43.25,22.25,33.6877
43.75,22.25,29.5073
44.25,22.25,25.9191
44.75,22.25,22.8156
-44.75,22.75,13.4176
-44.25,22.75,13.2131
-43.75,22.75,12.8583
-43.25,22.75,12.4862
-42.75,22.75,12.1918
-42.25,22.75,12.0254
-41.75,22.75,12.0281
-41.25,22.75,12.235
-40.75,22.75,12.6797
-40.25,22.75,13.3977
-39.75,22.75,14.4307
-39.25,22.75,15.8287
-38.75,22.75,17.6526
-38.25,22.75,19.9756
-37.75,22.75,22.8855
-37.25,22.75,26.4861
-36.75,22.75,30.899
-36.25,22.75,36.263
-35.75,22.75,42.7339
-35.25,22.75,50.4811
-34.75,22.75,59.6837
-34.25,22.75,70.5209
-33.75,22.75,83.1631
-33.25,22.75,97.7616
-32.75,22.75,114.435
-32.25,22.75,133.259
-31.75,22.75,154.258
-31.25,22.75,177.396
-30.75,22.75,202.578
-30.25,22.75,229.648
-29.75,22.75,258.403
-29.25,22.75,288.601
-28.75,22.75,319.975
-28.25,22.75,352.25
-27.75,22.75,385.156
-27.25,22.75,418.435
-26.75,22.75,451.846
-26.25,22.75,485.165
-25.75,22.75,518.175
-25.25,22.75,550.67
-24.75,22.75,582.439
-24.25,22.75,613.274
-23.75,22.75,642.97
-23.25,22.75,671.337
-22.75,22.75,698.214
-22.25,22.75,723.488
-21.75,22.75,747.108
-21.25,22.75,769.095
-20.75,22.75,789.55
-20.25,22.75,808.646
-19.75,22.75,826.614
-19.25,22.75,843.723
-18.75,22.75,860.255
-18.25,22.75,876.478
-17.75,22.75,892.621
-17.25,22.75,908.861
-16.75,22.75,925.313
-16.25,22.75,942.035
-15.75,22.75,959.035
-15.25,22.75,976.291
-14.75,22.75,993.777
-14.25,22.75,1011.48
-13.75,22.75,1029.4
-13.25,22.75,1047.61
-12.75,22.75,1066.19
-12.25,22.75,1085.26
-11.75,22.75,1104.97
-11.25,22.75,1125.47
-10.75,22.75,1146.89
-10.25,22.75,1169.35
-9.75,22.75,1192.9
-9.25,22.75,1217.58
-8.75,22.75,1243.37
-8.25,22.75,1270.18
-7.75,22.75,1297.91
-7.25,22.75,1326.4
-6.75,22.75,1355.47
-6.25,22.75,1384.94
-5.75,22.75,1414.61
-5.25,22.75,1444.3
-4.75,22.75,1473.85
-4.25,22.75,1503.15
-3.75,22.75,1532.13
-3.25,22.75,1560.78
-2.75,22.75,1589.15
-2.25,22.75,1617.36
-1.75,22.75,1645.59
-1.25,22.75,1674.09
-0.75,22.75,1703.13
-0.25,22.75,1733.04
0.25,22.75,1764.17
0.75,22.75,1796.85
1.25,22.75,1831.42
1.75,22.75,1868.17
2.25,22.75,1907.31
2.75,22.75,1949.02
3.25,22.75,1993.34
3.75,22.75,2040.26
4.25,22.75,2089.62
4.75,22.75,2141.22
5.25,22.75,2194.74
5.75,22.75,2249.82
6.25,22.75,2306.06
6.75,22.75,2363.02
7.25,22.75,2420.26
7.75,22.75,2477.35
8.25,22.75,2533.88
8.75,22.75,2589.42
9.25,22.75,2643.59
9.75,22.75,2695.95
10.25,22.75,2746.1
10.75,22.75,2793.59
11.25,22.75,2837.93
11.75,22.75,2878.61
12.25,22.75,2915.07
12.75,22.75,2946.76
13.25,22.75,2973.06
13.75,22.75,2993.42
14.25,22.75,3007.29
14.75,22.75,3014.18
15.25,22.75,3013.73
15.75,22.75,3005.68
16.25,22.75,2989.91
16.75,22.75,2966.49
17.25,22.75,2935.62
17.75,22.75,2897.69
18.25,22.75,2853.17
18.75,22.75,2802.66
19.25,22.75,2746.79
19.75,22.75,2686.16
20.25,22.75,2621.37
20.75,22.75,2552.91
21.25,22.75,2481.21
21.75,22.75,2406.6
22.25,22.75,2329.32
22.75,22.75,2249.57
23.25,22.75,2167.53
23.75,22.75,2083.38
24.25,22.75,1997.32
24.75,22.75,1909.58
25.25,22.75,1820.47
25.75,22.75,1730.29
26.25,22.75,1639.41
26.75,22.75,1548.18
27.25,22.75,1456.97
27.75,22.75,1366.14
28.25,22.75,1276.03
28.75,22.75,1186.97
29.25,22.75,1099.33
29.75,22.75,1013.46
30.25,22.75,929.75
30.75,22.75,848.608
31.25,22.75,770.465
31.75,22.75,695.759
32.25,22.75,624.912
32.75,22.75,558.309
33.25,22.75,496.266
33.75,22.75,439.012
34.25,22.75,386.673
34.75,22.75,339.262
35.25,22.75,296.685
35.75,22.75,258.753
36.25,22.75,225.194
36.75,22.75,195.684
37.25,22.75,169.862
37.75,22.75,147.356
38.25,22.75,127.795
38.75,22.75,110.829
39.25,22.75,96.1339
39.75,22.75,83.4161
40.25,22.75,72.4176
40.75,22.75,62.9124
41.25,22.75,54.7043
41.75,22.75,47.6232
42.25,22.75,41.5202
42.75,22.75,36.2647
43.25,22.75,31.7404
43.75,22.75,27.8428
44.25,22.75,24.4719
44.75,22.75,21.5348
-44.75,23.25,12.7195
-44.25,23.25,12.4472
-43.75,23.25,12.0252
-43.25,23.25,11.5834
-42.75,23.25,11.2142
-42.25,23.25,10.9654
-41.75,23.25,10.8746
-41.25,23.25,10.9722
-40.75,23.25,11.2856
-40.25,23.25,11.8431
-39.75,23.25,12.6776
-39.25,23.25,13.829
-38.75,23.25,15.3466
-38.25,23.25,17.2907
-37.75,23.25,19.7345
-37.25,23.25,22.7665
-36.75,23.25,26.4921
-36.25,23.25,31.0347
-35.75,23.25,36.5349
-35.25,23.25,43.1497
-34.75,23.25,51.0485
-34.25,23.25,60.4053
-33.75,23.25,71.3911
-33.25,23.25,84.1638
-32.75,23.25,98.856
-32.25,23.25,115.564
-31.75,23.25,134.338
-31.25,23.25,155.174
-30.75,23.25,178.01
-30.25,23.25,202.724
-29.75,23.25,229.145
-29.25,23.25,257.057
-28.75,23.25,286.217
-28.25,23.25,316.364
-27.75,23.25,347.235
-27.25,23.25,378.574
-26.75,23.25,410.135
-26.25,23.25,441.683
-25.75,23.25,472.992
-25.25,23.25,503.838
-24.75,23.25,533.998
-24.25,23.25,563.247
-23.75,23.25,591.369
-23.25,23.25,618.162
-22.75,23.25,643.46
-22.25,23.25,667.144
-21.75,23.25,689.162
-21.25,23.25,709.536
-20.75,23.25,728.371
-20.25,23.25,745.843
-19.75,23.25,762.191
-19.25,23.25,777.691
-18.75,23.25,792.633
-18.25,23.25,807.294
-17.75,23.25,821.92
-17.25,23.25,836.701
-16.75,23.25,851.773
-16.25,23.25,867.212
-15.75,23.25,883.047
-15.25,23.25,899.273
-14.75,23.25,915.874
-14.25,23.25,932.839
-13.75,23.25,950.176
-13.25,23.25,967.923
-12.75,23.25,986.146
-12.25,23.25,1004.94
-11.75,23.25,1024.4
-11.25,23.25,1044.65
-10.75,23.25,1065.76
-10.25,23.25,1087.82
-9.75,23.25,1110.85
-9.25,23.25,1134.85
-8.75,23.25,1159.77
-8.25,23.25,1185.51
-7.75,23.25,1211.97
-7.25,23.25,1238.99
-6.75,23.25,1266.4
-6.25,23.25,1294.03
-5.75,23.25,1321.72
-5.25,23.25,1349.3
-4.75,23.25,1376.66
-4.25,23.25,1403.71
-3.75,23.25,1430.41
-3.25,23.25,1456.79
-2.75,23.25,1482.92
-2.25,23.25,1508.94
-1.75,23.25,1535.04
-1.25,23.25,1561.48
-0.75,23.25,1588.52
-0.25,23.25,1616.47
0.25,23.25,1645.64
0.75,23.25,1676.33
1.25,23.25,1708.81
1.75,23.25,1743.31
2.25,23.25,1779.98
2.75,23.25,1818.91
3.25,23.25,1860.12
3.75,23.25,1903.52
4.25,23.25,1948.96
4.75,23.25,1996.21
5.25,23.25,2045.01
5.75,23.25,2095.04
6.25,23.25,2145.98
6.75,23.25,2197.48
7.25,23.25,2249.21
7.75,23.25,2300.86
8.25,23.25,2352.09
8.75,23.25,2402.6
9.25,23.25,2452.05
9.75,23.25,2500.07
10.25,23.25,2546.3
10.75,23.25,2590.28
11.25,23.25,2631.55
11.75,23.25,2669.6
12.25,23.25,2703.87
12.75,23.25,2733.79
13.25,23.25,2758.79
13.75,23.25,2778.31
14.25,23.25,2791.84
14.75,23.25,2798.93
15.25,23.25,2799.23
15.75,23.25,2792.49
16.25,23.25,2778.61
16.75,23.25,2757.62
17.25,23.25,2729.69
17.75,23.25,2695.11
18.25,23.25,2654.3
18.75,23.25,2607.73
19.25,23.25,2555.94
19.75,23.25,2499.45
20.25,23.25,2438.77
20.75,23.25,2374.38
21.25,23.25,2306.69
21.75,23.25,2236.03
22.25,23.25,2162.72
22.75,23.25,2087.02
23.25,23.25,2009.16
23.75,23.25,1929.4
24.25,23.25,1847.99
24.75,23.25,1765.2
25.25,23.25,1681.33
25.75,23.25,1596.68
26.25,23.25,1511.57
26.75,23.25,1426.31
27.25,23.25,1341.19
27.75,23.25,1256.53
28.25,23.25,1172.6
28.75,23.25,1089.72
29.25,23.25,1008.19
29.75,23.25,928.364
30.25,23.25,850.602
30.75,23.25,775.305
31.25,23.25,702.889
31.75,23.25,633.777
32.25,23.25,568.371
32.75,23.25,507.031
33.25,23.25,450.046
33.75,23.25,397.616
34.25,23.25,349.84
34.75,23.25,306.707
35.25,23.25,268.104
35.75,23.25,233.829
36.25,23.25,203.604
36.75,23.25,177.106
37.25,23.25,153.98
37.75,23.25,133.866
38.25,23.25,116.409
38.75,23.25,101.276
39.25,23.25,88.1625
39.75,23.25,76.7966
40.25,23.25,66.9409
40.75,23.25,58.3902
41.25,23.25,50.9692
41.75,23.25,44.5277
42.25,23.25,38.9367
42.75,23.25,34.0841
43.25,23.25,29.8714
43.75,23.25,26.2105
44.25,23.25,23.017
44.75,23.25,20.2122
-44.75,23.75,11.9746
-44.25,23.75,11.6569
-43.75,23.75,11.1899
-43.25,23.75,10.6998
-42.75,23.75,10.2761
-42.25,23.75,9.9648
-41.75,23.75,9.80056
-41.25,23.75,9.80989
-40.75,23.75,10.0152
-40.25,23.75,10.4386
-39.75,23.75,11.1056
-39.25,23.75,12.0476
-38.75,23.75,13.3037
-38.25,23.75,14.9227
-37.75,23.75,16.9652
-37.25,23.75,19.5055
-36.75,23.75,22.6341
-36.25,23.75,26.4587
-35.75,23.75,31.1049
-35.25,23.75,36.715
-34.75,23.75,43.4459
-34.25,23.75,51.4626
-33.75,23.75,60.9312
-33.25,23.75,72.0104
-32.75,23.75,84.8404
-32.25,23.75,99.5325
-31.75,23.75,116.158
-31.25,23.75,134.74
-30.75,23.75,155.249
-30.25,23.75,177.598
-29.75,23.75,201.651
-29.25,23.75,227.224
-28.75,23.75,254.101
-28.25,23.75,282.043
-27.75,23.75,310.801
-27.25,23.75,340.125
-26.75,23.75,369.767
-26.25,23.75,399.487
-25.75,23.75,429.047
-25.25,23.75,458.207
-24.75,23.75,486.73
-24.25,23.75,514.377
-23.75,23.75,540.919
-23.25,23.75,566.146
-22.75,23.75,589.885
-22.25,23.75,612.016
-21.75,23.75,632.488
-21.25,23.75,651.327
-20.75,23.75,668.641
-20.25,23.75,684.613
-19.75,23.75,699.483
-19.25,23.75,713.533
-18.75,23.75,727.057
-18.25,23.75,740.339
-17.75,23.75,753.631
-17.25,23.75,767.136
-16.75,23.75,781.001
-16.25,23.75,795.32
-15.75,23.75,810.136
-15.25,23.75,825.458
-14.75,23.75,841.279
-14.25,23.75,857.59
-13.75,23.75,874.391
-13.25,23.75,891.703
-12.75,23.75,909.57
-12.25,23.75,928.049
-11.75,23.75,947.209
-11.25,23.75,967.116
-10.75,23.75,987.823
-10.25,23.75,1009.36
-9.75,23.75,1031.73
-9.25,23.75,1054.9
-8.75,23.75,1078.8
-8.25,23.75,1103.35
-7.75,23.75,1128.41
-7.25,23.75,1153.85
-6.75,23.75,1179.51
-6.25,23.75,1205.26
-5.75,23.75,1230.95
-5.25,23.75,1256.46
-4.75,23.75,1281.69
-4.25,23.75,1306.59
-3.75,23.75,1331.16
-3.25,23.75,1355.44
-2.75,23.75,1379.53
-2.25,23.75,1403.58
-1.75,23.75,1427.77
-1.25,23.75,1452.35
-0.75,23.75,1477.58
-0.25,23.75,1503.73
0.25,23.75,1531.07
0.75,23.75,1559.85
1.25,23.75,1590.28
1.75,23.75,1622.53
2.25,23.75,1656.69
2.75,23.75,1692.79
3.25,23.75,1730.81
3.75,23.75,1770.63
4.25,23.75,1812.09
4.75,23.75,1854.98
5.25,23.75,1899.07
5.75,23.75,1944.12
6.25,23.75,1989.88
6.75,23.75,2036.1
7.25,23.75,2082.55
7.75,23.75,2129.03
8.25,23.75,2175.28
8.75,23.75,2221.09
9.25,23.75,2266.17
9.75,23.75,2310.21
10.25,23.75,2352.84
10.75,23.75,2393.65
11.25,23.75,2432.15
11.75,23.75,2467.84
12.25,23.75,2500.15
12.75,23.75,2528.52
13.25,23.75,2552.4
13.75,23.75,2571.24
14.25,23.75,2584.57
14.75,23.75,2591.98
15.25,23.75,2593.12
15.75,23.75,2587.8
16.25,23.75,2575.89
16.75,23.75,2557.4
17.25,23.75,2532.46
17.75,23.75,2501.28
18.25,23.75,2464.19
18.75,23.75,2421.55
19.25,23.75,2373.8
19.75,23.75,2321.38
20.25,23.75,2264.72
20.75,23.75,2204.26
21.25,23.75,2140.39
21.75,23.75,2073.49
22.25,23.75,2003.9
22.75,23.75,1931.96
23.25,23.75,1857.98
23.75,23.75,1782.28
24.25,23.75,1705.16
24.75,23.75,1626.95
25.25,23.75,1547.95
25.75,23.75,1468.45
26.25,23.75,1388.75
26.75,23.75,1309.11
27.25,23.75,1229.78
27.75,23.75,1151.01
28.25,23.75,1073.05
28.75,23.75,996.156
29.25,23.75,920.603
29.75,23.75,846.708
30.25,23.75,774.813
30.75,23.75,705.297
31.25,23.75,638.552
31.75,23.75,574.974
32.25,23.75,514.936
32.75,23.75,458.768
33.25,23.75,406.726
33.75,23.75,358.981
34.25,23.75,315.605
34.75,23.75,276.565
35.25,23.75,241.736
35.75,23.75,210.906
36.25,23.75,183.8
36.75,23.75,160.101
37.25,23.75,139.467
37.75,23.75,121.552
38.25,23.75,106.021
38.75,23.75,92.5608
39.25,23.75,80.8878
39.75,23.75,70.7506
40.25,23.75,61.9317
40.75,23.75,54.2456
41.25,23.75,47.5356
41.75,23.75,41.6698
42.25,23.75,36.5369
42.75,23.75,32.0418
43.25,23.75,28.1023
43.75,23.75,24.6459
44.25,23.75,21.6025
44.75,23.75,18.9075
-44.75,24.25,11.218
-44.25,24.25,10.8727
-43.75,24.25,10.3783
-43.25,24.25,9.85686
-42.75,24.25,9.39506
-42.25,24.25,9.03736
-41.75,24.25,8.81621
-41.25,24.25,8.75497
-40.75,24.25,8.8719
-40.25,24.25,9.18406
-39.75,24.25,9.71077
-39.25,24.25,10.476
-38.75,24.25,11.5102
-38.25,24.25,12.8523
-37.75,24.25,14.5517
-37.25,24.25,16.6701
-36.75,24.25,19.2842
-36.25,24.25,22.4869
-35.75,24.25,26.3884
-35.25,24.25,31.1158
-34.75,24.25,36.8112
-34.25,24.25,43.6272
-33.75,24.25,51.7206
-33.25,24.25,61.2456
-32.75,24.25,72.3437
-32.25,24.25,85.1344
-31.75,24.25,99.705
-31.25,24.25,116.102
-30.75,24.25,134.323
-30.25,24.25,154.319
-29.75,24.25,175.986
-29.25,24.25,199.177
-28.75,24.25,223.71
-28.25,24.25,249.372
-27.75,24.25,275.936
-27.25,24.25,303.162
-26.75,24.25,330.808
-26.25,24.25,358.63
-25.75,24.25,386.381
-25.25,24.25,413.811
-24.75,24.25,440.667
-24.25,24.25,466.699
-23.75,24.25,491.666
-23.25,24.25,515.352
-22.75,24.25,537.58
-22.25,24.25,558.229
-21.75,24.25,577.25
-21.25,24.25,594.674
-20.75,24.25,610.611
-20.25,24.25,625.246
-19.75,24.25,638.821
-19.25,24.25,651.616
-18.75,24.25,663.925
-18.25,24.25,676.03
-17.75,24.25,688.186
-17.25,24.25,700.6
-16.75,24.25,713.428
-16.25,24.25,726.773
-15.75,24.25,740.69
-15.25,24.25,755.2
-14.75,24.25,770.3
-14.25,24.25,785.983
-13.75,24.25,802.243
-13.25,24.25,819.084
-12.75,24.25,836.527
-12.25,24.25,854.6
-11.75,24.25,873.338
-11.25,24.25,892.77
-10.75,24.25,912.916
-10.25,24.25,933.774
-9.75,24.25,955.318
-9.25,24.25,977.5
-8.75,24.25,1000.24
-8.25,24.25,1023.44
-7.75,24.25,1046.99
-7.25,24.25,1070.77
-6.75,24.25,1094.63
-6.25,24.25,1118.47
-5.75,24.25,1142.18
-5.25,24.25,1165.66
-4.75,24.25,1188.85
-4.25,24.25,1211.74
-3.75,24.25,1234.35
-3.25,24.25,1256.73
-2.75,24.25,1279
-2.25,24.25,1301.29
-1.75,24.25,1323.8
-1.25,24.25,1346.74
-0.75,24.25,1370.35
-0.25,24.25,1394.84
0.25,24.25,1420.46
0.75,24.25,1447.38
1.25,24.25,1475.79
1.75,24.25,1505.77
2.25,24.25,1537.38
2.75,24.25,1570.61
3.25,24.25,1605.4
3.75,24.25,1641.61
4.25,24.25,1679.1
4.75,24.25,1717.69
5.25,24.25,1757.19
5.75,24.25,1797.43
6.25,24.25,1838.24
6.75,24.25,1879.47
7.25,24.25,1920.98
7.75,24.25,1962.65
8.25,24.25,2004.32
8.75,24.25,2045.83
9.25,24.25,2086.93
9.75,24.25,2127.36
10.25,24.25,2166.75
10.75,24.25,2204.69
11.25,24.25,2240.7
11.75,24.25,2274.26
12.25,24.25,2304.81
12.75,24.25,2331.8
13.25,24.25,2354.68
13.75,24.25,2372.94
14.25,24.25,2386.15
14.75,24.25,2393.92
15.25,24.25,2395.95
15.75,24.25,2392.05
16.25,24.25,2382.1
16.75,24.25,2366.08
17.25,24.25,2344.07
17.75,24.25,2316.22
18.25,24.25,2282.75
18.75,24.25,2243.94
19.25,24.25,2200.11
19.75,24.25,2151.61
20.25,24.25,2098.82
20.75,24.25,2042.13
21.25,24.25,1981.92
21.75,24.25,1918.59
22.25,24.25,1852.54
22.75,24.25,1784.14
23.25,24.25,1713.8
23.75,24.25,1641.9
24.25,24.25,1568.8
24.75,24.25,1494.86
25.25,24.25,1420.41
25.75,24.25,1345.74
26.25,24.25,1271.12
26.75,24.25,1196.79
27.25,24.25,1122.96
27.75,24.25,1049.83
28.25,24.25,977.603
28.75,24.25,906.5
29.25,24.25,836.764
29.75,24.25,768.672
30.25,24.25,702.54
30.75,24.25,638.711
31.25,24.25,577.546
31.75,24.25,519.406
32.25,24.25,464.628
32.75,24.25,413.504
33.25,24.25,366.258
33.75,24.25,323.029
34.25,24.25,283.863
34.75,24.25,248.713
35.25,24.25,217.442
35.75,24.25,189.839
36.25,24.25,165.634
36.75,24.25,144.523
37.25,24.25,126.18
37.75,24.25,110.279
38.25,24.25,96.5061
38.75,24.25,84.5702
39.25,24.25,74.2083
39.75,24.25,65.1894
40.25,24.25,57.315
40.75,24.25,50.4174
41.25,24.25,44.3567
41.75,24.25,39.0175
42.25,24.25,34.3037
42.75,24.25,30.1354
43.25,24.25,26.4453
43.75,24.25,23.1747
44.25,24.25,20.2675
44.75,24.25,17.6718
-44.75,24.75,10.4809
-44.25,24.75,10.1201
-43.75,24.75,9.61089
-43.25,24.75,9.07082
-42.75,24.75,8.58381
-42.25,24.75,8.19303
-41.75,24.75,7.92901
-41.25,24.75,7.81256
-40.75,24.75,7.85852
-40.25,24.75,8.07966
-39.75,24.75,8.49008
-39.25,24.75,9.10745
-38.75,24.75,9.95502
-38.25,24.75,11.0632
-37.75,24.75,12.4715
-37.25,24.75,14.2306
-36.75,24.75,16.4047
-36.25,24.75,19.0732
-35.75,24.75,22.3314
-35.25,24.75,26.291
-34.75,24.75,31.0784
-34.25,24.75,36.8312
-33.75,24.75,43.6937
-33.25,24.75,51.8107
-32.75,24.75,61.3195
-32.25,24.75,72.3418
-31.75,24.75,84.9744
-31.25,24.75,99.2809
-30.75,24.75,115.285
-30.25,24.75,132.966
-29.75,24.75,152.258
-29.25,24.75,173.051
-28.75,24.75,195.197
-28.25,24.75,218.517
-27.75,24.75,242.809
-27.25,24.75,267.853
-26.75,24.75,293.417
-26.25,24.75,319.259
-25.75,24.75,345.131
-25.25,24.75,370.773
-24.75,24.75,395.924
-24.25,24.75,420.323
-23.75,24.75,443.723
-23.25,24.75,465.903
-22.75,24.75,486.683
-22.25,24.75,505.943
-21.75,24.75,523.637
-21.25,24.75,539.797
-20.75,24.75,554.533
-20.25,24.75,568.028
-19.75,24.75,580.519
-19.25,24.75,592.28
-18.75,24.75,603.596
-18.25,24.75,614.743
-17.75,24.75,625.969
-17.25,24.75,637.481
-16.75,24.75,649.436
-16.25,24.75,661.942
-15.75,24.75,675.063
-15.25,24.75,688.826
-14.75,24.75,703.235
-14.25,24.75,718.281
-13.75,24.75,733.952
-13.25,24.75,750.242
-12.75,24.75,767.15
-12.25,24.75,784.679
-11.75,24.75,802.836
-11.25,24.75,821.621
-10.75,24.75,841.023
-10.25,24.75,861.016
-9.75,24.75,881.557
-9.25,24.75,902.581
-8.75,24.75,924.007
-8.25,24.75,945.74
-7.75,24.75,967.674
-7.25,24.75,989.705
-6.75,24.75,1011.73
-6.25,24.75,1033.65
-5.75,24.75,1055.4
-5.25,24.75,1076.93
-4.75,24.75,1098.2
-4.25,24.75,1119.22
-3.75,24.75,1140.04
-3.25,24.75,1160.73
-2.75,24.75,1181.38
-2.25,24.75,1202.15
-1.75,24.75,1223.19
-1.25,24.75,1244.68
-0.75,24.75,1266.82
-0.25,24.75,1289.8
0.25,24.75,1313.78
0.75,24.75,1338.91
1.25,24.75,1365.3
1.75,24.75,1393.01
2.25,24.75,1422.05
2.75,24.75,1452.38
3.25,24.75,1483.93
3.75,24.75,1516.57
4.25,24.75,1550.17
4.75,24.75,1584.59
5.25,24.75,1619.7
5.75,24.75,1655.39
6.25,24.75,1691.57
6.75,24.75,1728.19
7.25,24.75,1765.18
7.75,24.75,1802.48
8.25,24.75,1840.01
8.75,24.75,1877.65
9.25,24.75,1915.19
9.75,24.75,1952.37
10.25,24.75,1988.86
10.75,24.75,2024.21
11.25,24.75,2057.96
11.75,24.75,2089.58
12.25,24.75,2118.51
12.75,24.75,2144.22
13.25,24.75,2166.17
13.75,24.75,2183.9
14.25,24.75,2196.99
14.75,24.75,2205.1
15.25,24.75,2207.97
15.75,24.75,2205.41
16.25,24.75,2197.32
16.75,24.75,2183.64
17.25,24.75,2164.41
17.75,24.75,2139.71
18.25,24.75,2109.67
18.75,24.75,2074.47
19.25,24.75,2034.36
19.75,24.75,1989.6
20.25,24.75,1940.5
20.75,24.75,1887.41
21.25,24.75,1830.71
21.75,24.75,1770.81
22.25,24.75,1708.15
22.75,24.75,1643.16
23.25,24.75,1576.31
23.75,24.75,1508.03
24.25,24.75,1438.76
24.75,24.75,1368.87
25.25,24.75,1298.73
25.75,24.75,1228.63
26.25,24.75,1158.83
26.75,24.75,1089.53
27.25,24.75,1020.94
27.75,24.75,953.202
28.25,24.75,886.492
28.75,24.75,820.989
29.25,24.75,756.899
29.75,24.75,694.463
30.25,24.75,633.957
30.75,24.75,575.687
31.25,24.75,519.972
31.75,24.75,467.133
32.25,24.75,417.465
32.75,24.75,371.221
33.25,24.75,328.587
33.75,24.75,289.675
34.25,24.75,254.509
34.75,24.75,223.027
35.25,24.75,195.089
35.75,24.75,170.489
36.25,24.75,148.967
36.75,24.75,130.235
37.25,24.75,113.989
37.75,24.75,99.925
38.25,24.75,87.7519
38.75,24.75,77.2009
39.25,24.75,68.0306
39.75,24.75,60.0297
40.25,24.75,53.0177
40.75,24.75,46.8433
41.25,24.75,41.3817
41.75,24.75,36.5314
42.25,24.75,32.2098
42.75,24.75,28.3502
43.25,24.75,24.898
43.75,24.75,21.807
44.25,24.75,19.0333
44.75,24.75,16.5368
-44.75,25.25,9.78533
-44.25,25.25,9.41628
-43.75,25.25,8.90076
-43.25,25.25,8.35181
-42.75,25.25,7.85048
-42.25,25.25,7.43848
-41.75,25.25,7.14457
-41.25,25.25,6.98724
-40.75,25.25,6.97837
-40.25,25.25,7.1271
-39.75,25.25,7.44308
-39.25,25.25,7.93873
-38.75,25.25,8.63109
-38.25,25.25,9.54334
-37.75,25.25,10.7066
-37.25,25.25,12.1621
-36.75,25.25,13.9631
-36.25,25.25,16.1766
-35.75,25.25,18.8842
-35.25,25.25,22.1826
-34.75,25.25,26.1824
-34.25,25.25,31.0054
-33.75,25.25,36.7806
-33.25,25.25,43.6402
-32.75,25.25,51.7126
-32.25,25.25,61.1161
-31.75,25.25,71.9507
-31.25,25.25,84.291
-30.75,25.25,98.1799
-30.25,25.25,113.623
-29.75,25.25,130.587
-29.25,25.25,148.998
-28.75,25.25,168.745
-28.25,25.25,189.684
-27.75,25.25,211.645
-27.25,25.25,234.432
-26.75,25.25,257.83
-26.25,25.25,281.608
-25.75,25.25,305.519
-25.25,25.25,329.306
-24.75,25.25,352.702
-24.25,25.25,375.444
-23.75,25.25,397.28
-23.25,25.25,417.988
-22.75,25.25,437.388
-22.25,25.25,455.362
-21.75,25.25,471.864
-21.25,25.25,486.923
-20.75,25.25,500.648
-20.25,25.25,513.212
-19.75,25.25,524.843
-19.25,25.25,535.799
-18.75,25.25,546.351
-18.25,25.25,556.761
-17.75,25.25,567.265
-17.25,25.25,578.061
-16.75,25.25,589.302
-16.25,25.25,601.098
-15.75,25.25,613.515
-15.25,25.25,626.585
-14.75,25.25,640.315
-14.25,25.25,654.697
-13.75,25.25,669.715
-13.25,25.25,685.353
-12.75,25.25,701.593
-12.25,25.25,718.42
-11.75,25.25,735.818
-11.25,25.25,753.764
-10.75,25.25,772.228
-10.25,25.25,791.165
-9.75,25.25,810.519
-9.25,25.25,830.218
-8.75,25.25,850.182
-8.25,25.25,870.322
-7.75,25.25,890.548
-7.25,25.25,910.776
-6.75,25.25,930.93
-6.25,25.25,950.949
-5.75,25.25,970.792
-5.25,25.25,990.441
-4.75,25.25,1009.9
-4.25,25.25,1029.2
-3.75,25.25,1048.4
-3.25,25.25,1067.56
-2.75,25.25,1086.81
-2.25,25.25,1106.24
-1.75,25.25,1126
-1.25,25.25,1146.22
-0.75,25.25,1167.04
-0.25,25.25,1188.6
0.25,25.25,1211.02
0.75,25.25,1234.4
1.25,25.25,1258.8
1.75,25.25,1284.24
2.25,25.25,1310.72
2.75,25.25,1338.17
3.25,25.25,1366.53
3.75,25.25,1395.69
4.25,25.25,1425.54
4.75,25.25,1456
5.25,25.25,1487
5.75,25.25,1518.48
6.25,25.25,1550.44
6.75,25.25,1582.88
7.25,25.25,1615.8
7.75,25.25,1649.21
8.25,25.25,1683.06
8.75,25.25,1717.26
9.25,25.25,1751.63
9.75,25.25,1785.93
10.25,25.25,1819.79
10.75,25.25,1852.8
11.25,25.25,1884.48
11.75,25.25,1914.29
12.25,25.25,1941.69
12.75,25.25,1966.16
13.25,25.25,1987.2
13.75,25.25,2004.37
14.25,25.25,2017.29
14.75,25.25,2025.66
15.25,25.25,2029.24
15.75,25.25,2027.87
16.25,25.25,2021.44
16.75,25.25,2009.88
17.25,25.25,1993.17
17.75,25.25,1971.34
18.25,25.25,1944.46
18.75,25.25,1912.61
19.25,25.25,1875.95
19.75,25.25,1834.69
20.25,25.25,1789.08
20.75,25.25,1739.42
21.25,25.25,1686.1
21.75,25.25,1629.53
22.25,25.25,1570.18
22.75,25.25,1508.54
23.25,25.25,1445.11
23.75,25.25,1380.39
24.25,25.25,1314.84
24.75,25.25,1248.88
25.25,25.25,1182.88
25.75,25.25,1117.17
26.25,25.25,1051.97
26.75,25.25,987.506
27.25,25.25,923.924
27.75,25.25,861.365
28.25,25.25,799.964
28.75,25.25,739.865
29.25,25.25,681.24
29.75,25.25,624.288
30.25,25.25,569.243
30.75,25.25,516.368
31.25,25.25,465.935
31.75,25.25,418.219
32.25,25.25,373.471
32.75,25.25,331.902
33.25,25.25,293.666
33.75,25.25,258.844
34.25,25.25,227.444
34.75,25.25,199.395
35.25,25.25,174.558
35.75,25.25,152.733
36.25,25.25,133.678
36.75,25.25,117.122
37.25,25.25,102.786
37.75,25.25,90.3885
38.25,25.25,79.6641
38.75,25.25,70.3666
39.25,25.25,62.2759
39.75,25.25,55.2001
40.25,25.25,48.9756
40.75,25.25,43.4662
41.25,25.25,38.5604
41.75,25.25,34.169
42.25,25.25,30.2209
42.75,25.25,26.6605
43.25,25.25,23.4436
43.75,25.25,20.5349
44.25,25.25,17.9008
44.75,25.25,15.5112
-44.75,25.75,9.14113
-44.25,25.75,8.76844
-43.75,25.75,8.25343
-43.25,25.75,7.70449
-42.75,25.75,7.19946
-42.25,25.75,6.77821
-41.75,25.75,6.46747
-41.25,25.75,6.28343
-40.75,25.75,6.23531
-40.25,25.75,6.32912
-39.75,25.75,6.57076
-39.25,25.75,6.96826
-38.75,25.75,7.53344
-38.25,25.75,8.28346
-37.75,25.75,9.24244
-37.25,25.75,10.4434
-36.75,25.75,11.9303
-36.25,25.75,13.7593
-35.75,25.75,15.9997
-35.25,25.75,18.7342
-34.75,25.75,22.0582
-34.25,25.75,26.0774
-33.75,25.75,30.9047
-33.25,25.75,36.6574
-32.75,25.75,43.4515
-32.25,25.75,51.3973
-31.75,25.75,60.5927
-31.25,25.75,71.117
-30.75,25.75,83.0256
-30.25,25.75,96.3447
-29.75,25.75,111.068
-29.25,25.75,127.155
-28.75,25.75,144.53
-28.25,25.75,163.086
-27.75,25.75,182.686
-27.25,25.75,203.162
-26.75,25.75,224.325
-26.25,25.75,245.96
-25.75,25.75,267.833
-25.25,25.75,289.693
-24.75,25.75,311.28
-24.25,25.75,332.331
-23.75,25.75,352.599
-23.25,25.75,371.863
-22.75,25.75,389.945
-22.25,25.75,406.73
-21.75,25.75,422.168
-21.25,25.75,436.287
-20.75,25.75,449.183
-20.25,25.75,461.018
-19.75,25.75,472.002
-19.25,25.75,482.372
-18.75,25.75,492.377
-18.25,25.75,502.26
-17.75,25.75,512.236
-17.25,25.75,522.492
-16.75,25.75,533.17
-16.25,25.75,544.376
-15.75,25.75,556.175
-15.25,25.75,568.602
-14.75,25.75,581.664
-14.25,25.75,595.355
-13.75,25.75,609.654
-13.25,25.75,624.538
-12.75,25.75,639.98
-12.25,25.75,655.951
-11.75,25.75,672.418
-11.25,25.75,689.344
-10.75,25.75,706.684
-10.25,25.75,724.384
-9.75,25.75,742.38
-9.25,25.75,760.602
-8.75,25.75,778.973
-8.25,25.75,797.417
-7.75,25.75,815.862
-7.25,25.75,834.245
-6.75,25.75,852.519
-6.25,25.75,870.654
-5.75,25.75,888.641
-5.25,25.75,906.494
-4.75,25.75,924.247
-4.25,25.75,941.949
-3.75,25.75,959.668
-3.25,25.75,977.48
-2.75,25.75,995.47
-2.25,25.75,1013.73
-1.75,25.75,1032.35
-1.25,25.75,1051.42
-0.75,25.75,1071.04
-0.25,25.75,1091.28
0.25,25.75,1112.21
0.75,25.75,1133.88
1.25,25.75,1156.32
1.75,25.75,1179.54
2.25,25.75,1203.49
2.75,25.75,1228.14
3.25,25.75,1253.42
3.75,25.75,1279.26
4.25,25.75,1305.59
4.75,25.75,1332.37
5.25,25.75,1359.59
5.75,25.75,1387.26
6.25,25.75,1415.42
6.75,25.75,1444.14
7.25,25.75,1473.47
7.75,25.75,1503.45
8.25,25.75,1534.06
8.75,25.75,1565.23
9.25,25.75,1596.8
9.75,25.75,1628.5
10.25,25.75,1659.99
10.75,25.75,1690.84
11.25,25.75,1720.58
11.75,25.75,1748.66
12.25,25.75,1774.58
12.75,25.75,1797.81
13.25,25.75,1817.89
13.75,25.75,1834.43
14.25,25.75,1847.07
14.75,25.75,1855.55
15.25,25.75,1859.66
15.75,25.75,1859.25
16.25,25.75,1854.22
16.75,25.75,1844.47
17.25,25.75,1829.97
17.75,25.75,1810.68
18.25,25.75,1786.6
18.75,25.75,1757.76
19.25,25.75,1724.26
19.75,25.75,1686.24
20.25,25.75,1643.9
20.75,25.75,1597.52
21.25,25.75,1547.47
21.75,25.75,1494.18
22.25,25.75,1438.13
22.75,25.75,1379.83
23.25,25.75,1319.84
23.75,25.75,1258.67
24.25,25.75,1196.82
24.75,25.75,1134.74
25.25,25.75,1072.82
25.75,25.75,1011.37
26.25,25.75,950.65
26.75,25.75,890.842
27.25,25.75,832.094
27.75,25.75,774.524
28.25,25.75,718.239
28.75,25.75,663.353
29.25,25.75,610
29.75,25.75,558.341
30.25,25.75,508.565
30.75,25.75,460.886
31.25,25.75,415.529
31.75,25.75,372.719
32.25,25.75,332.663
32.75,25.75,295.532
33.25,25.75,261.447
33.75,25.75,230.467
34.25,25.75,202.583
34.75,25.75,177.721
35.25,25.75,155.745
35.75,25.75,136.468
36.25,25.75,119.665
36.75,25.75,105.088
37.25,25.75,92.4806
37.75,25.75,81.5885
38.25,25.75,72.1697
38.75,25.75,64.0014
39.25,25.75,56.8848
39.75,25.75,50.6463
40.25,25.75,45.1388
40.75,25.75,40.24
41.25,25.75,35.8506
41.75,25.75,31.8919
42.25,25.75,28.3026
42.75,25.75,25.036
43.25,25.75,22.0566
43.75,25.75,19.3374
44.25,25.75,16.8534
44.75,25.75,14.583
-44.75,26.25,8.54572
-44.25,26.25,8.1741
-43.75,26.25,7.66712
-43.25,26.25,7.12822
-42.75,26.25,6.63136
-42.25,26.25,6.21387
-41.75,26.25,5.90003
-41.25,26.25,5.7036
-40.75,26.25,5.63136
-40.25,26.25,5.68659
-39.75,26.25,5.87211
-39.25,26.25,6.19235
-38.75,26.25,6.6549
-38.25,26.25,7.27198
-37.75,26.25,8.06195
-37.25,26.25,9.05112
-36.75,26.25,10.2755
-36.25,26.25,11.7819
-35.75,26.25,13.6288
-35.25,26.25,15.8865
-34.75,26.25,18.6361
-34.25,26.25,21.9677
-33.75,26.25,25.9784
-33.25,26.25,30.7695
-32.75,26.25,36.4428
-32.25,26.25,43.0972
-31.75,26.25,50.8237
-31.25,26.25,59.7011
-30.75,26.25,69.7909
-30.25,26.25,81.1333
-29.75,26.25,93.7433
-29.25,26.25,107.607
-28.75,26.25,122.683
-28.25,26.25,138.896
-27.75,26.25,156.144
-27.25,26.25,174.293
-26.75,26.25,193.181
-26.25,26.25,212.618
-25.75,26.25,232.391
-25.25,26.25,252.263
-24.75,26.25,271.987
-24.25,26.25,291.314
-23.75,26.25,310.002
-23.25,26.25,327.839
-22.75,26.25,344.653
-22.25,26.25,360.328
-21.75,26.25,374.812
-21.25,26.25,388.124
-20.75,26.25,400.349
-20.25,26.25,411.629
-19.75,26.25,422.148
-19.25,26.25,432.121
-18.75,26.25,441.767
-18.25,26.25,451.303
-17.75,26.25,460.923
-17.25,26.25,470.792
-16.75,26.25,481.041
-16.25,26.25,491.767
-15.75,26.25,503.03
-15.25,26.25,514.863
-14.75,26.25,527.276
-14.25,26.25,540.257
-13.75,26.25,553.788
-13.25,26.25,567.839
-12.75,26.25,582.376
-12.25,26.25,597.36
-11.75,26.25,612.751
-11.25,26.25,628.503
-10.75,26.25,644.563
-10.25,26.25,660.874
-9.75,26.25,677.374
-9.25,26.25,693.997
-8.75,26.25,710.675
-8.25,26.25,727.348
-7.75,26.25,743.963
-7.25,26.25,760.481
-6.75,26.25,776.882
-6.25,26.25,793.166
-5.75,26.25,809.355
-5.25,26.25,825.49
-4.75,26.25,841.628
-4.25,26.25,857.837
-3.75,26.25,874.19
-3.25,26.25,890.757
-2.75,26.25,907.605
-2.25,26.25,924.794
-1.75,26.25,942.374
-1.25,26.25,960.388
-0.75,26.25,978.871
-0.25,26.25,997.852
0.25,26.25,1017.35
0.75,26.25,1037.38
1.25,26.25,1057.93
1.75,26.25,1078.99
2.25,26.25,1100.53
2.75,26.25,1122.51
3.25,26.25,1144.9
3.75,26.25,1167.64
4.25,26.25,1190.74
4.75,26.25,1214.18
5.25,26.25,1238
5.75,26.25,1262.28
6.25,26.25,1287.1
6.75,26.25,1312.56
7.25,26.25,1338.75
7.75,26.25,1365.73
8.25,26.25,1393.5
8.75,26.25,1422
9.25,26.25,1451.05
9.75,26.25,1480.41
10.25,26.25,1509.71
10.75,26.25,1538.54
11.25,26.25,1566.41
11.75,26.25,1592.81
12.25,26.25,1617.22
12.75,26.25,1639.17
13.25,26.25,1658.23
13.75,26.25,1674.01
14.25,26.25,1686.22
14.75,26.25,1694.62
15.25,26.25,1699.03
15.75,26.25,1699.31
16.25,26.25,1695.37
16.75,26.25,1687.1
17.25,26.25,1674.42
17.75,26.25,1657.28
18.25,26.25,1635.64
18.75,26.25,1609.46
19.25,26.25,1578.79
19.75,26.25,1543.72
20.25,26.25,1504.44
20.75,26.25,1461.2
21.25,26.25,1414.34
21.75,26.25,1364.29
22.25,26.25,1311.56
22.75,26.25,1256.66
23.25,26.25,1200.17
23.75,26.25,1142.61
24.25,26.25,1084.52
24.75,26.25,1026.34
25.25,26.25,968.479
25.75,26.25,911.254
26.25,26.25,854.916
26.75,26.25,799.652
27.25,26.25,745.595
27.75,26.25,692.85
28.25,26.25,641.503
28.75,26.25,591.64
29.25,26.25,543.36
29.75,26.25,496.784
30.25,26.25,452.057
30.75,26.25,409.344
31.25,26.25,368.822
31.75,26.25,330.668
32.25,26.25,295.044
32.75,26.25,262.085
33.25,26.25,231.883
33.75,26.25,204.475
34.25,26.25,179.845
34.75,26.25,157.916
35.25,26.25,138.56
35.75,26.25,121.605
36.25,26.25,106.845
36.75,26.25,94.0554
37.25,26.25,83.0051
37.75,26.25,73.4647
38.25,26.25,65.2164
38.75,26.25,58.0604
39.25,26.25,51.8181
39.75,26.25,46.3341
40.25,26.25,41.4765
40.75,26.25,37.1362
41.25,26.25,33.2251
41.75,26.25,29.6737
42.25,26.25,26.4288
42.75,26.25,23.4509
43.25,26.25,20.7113
43.75,26.25,18.1895
44.25,26.25,15.8669
44.75,26.25,13.7281
-44.75,26.75,7.985
-44.25,26.75,7.62138
-43.75,26.75,7.13239
-43.25,26.75,6.61578
-42.75,26.75,6.14074
-42.25,26.75,5.74123
-41.75,26.75,5.43855
-41.25,26.75,5.24391
-40.75,26.75,5.16176
-40.25,26.75,5.19314
-39.75,26.75,5.33846
-39.25,26.75,5.59931
-38.75,26.75,5.98001
-38.25,26.75,6.48886
-37.75,26.75,7.13967
-37.25,26.75,7.9533
-36.75,26.75,8.95922
-36.25,26.75,10.1965
-35.75,26.75,11.7142
-35.25,26.75,13.5714
-34.75,26.75,15.8366
-34.25,26.75,18.5856
-33.75,26.75,21.9001
-33.25,26.75,25.8657
-32.75,26.75,30.5692
-32.25,26.75,36.0962
-31.75,26.75,42.528
-31.25,26.75,49.938
-30.75,26.75,58.3888
-30.25,26.75,67.9279
-29.75,26.75,78.5849
-29.25,26.75,90.3677
-28.75,26.75,103.26
-28.25,26.75,117.219
-27.75,26.75,132.175
-27.25,26.75,148.027
-26.75,26.75,164.644
-26.25,26.75,181.866
-25.75,26.75,199.506
-25.25,26.75,217.353
-24.75,26.75,235.179
-24.25,26.75,252.753
-23.75,26.75,269.85
-23.25,26.75,286.268
-22.75,26.75,301.844
-22.25,26.75,316.463
-21.75,26.75,330.072
-21.25,26.75,342.676
-20.75,26.75,354.344
-20.25,26.75,365.196
-19.75,26.75,375.388
-19.25,26.75,385.104
-18.75,26.75,394.533
-18.25,26.75,403.861
-17.75,26.75,413.256
-17.25,26.75,422.862
-16.75,26.75,432.793
-16.25,26.75,443.132
-15.75,26.75,453.933
-15.25,26.75,465.225
-14.75,26.75,477.014
-14.25,26.75,489.289
-13.75,26.75,502.026
-13.25,26.75,515.194
-12.75,26.75,528.755
-12.25,26.75,542.664
-11.75,26.75,556.878
-11.25,26.75,571.347
-10.75,26.75,586.018
-10.25,26.75,600.837
-9.75,26.75,615.747
-9.25,26.75,630.691
-8.75,26.75,645.618
-8.25,26.75,660.483
-7.75,26.75,675.253
-7.25,26.75,689.913
-6.75,26.75,704.47
-6.25,26.75,718.949
-5.75,26.75,733.4
-5.25,26.75,747.886
-4.75,26.75,762.486
-4.25,26.75,777.277
-3.75,26.75,792.335
-3.25,26.75,807.723
-2.75,26.75,823.487
-2.25,26.75,839.655
-1.75,26.75,856.238
-1.25,26.75,873.231
-0.75,26.75,890.621
-0.25,26.75,908.386
0.25,26.75,926.506
0.75,26.75,944.956
1.25,26.75,963.71
1.75,26.75,982.745
2.25,26.75,1002.03
2.75,26.75,1021.55
3.25,26.75,1041.29
3.75,26.75,1061.24
4.25,26.75,1081.43
4.75,26.75,1101.91
5.25,26.75,1122.76
5.75,26.75,1144.08
6.25,26.75,1165.99
6.75,26.75,1188.63
7.25,26.75,1212.09
7.75,26.75,1236.46
8.25,26.75,1261.73
8.75,26.75,1287.84
9.25,26.75,1314.62
9.75,26.75,1341.81
10.25,26.75,1369.06
10.75,26.75,1395.94
11.25,26.75,1421.98
11.75,26.75,1446.69
12.25,26.75,1469.56
12.75,26.75,1490.16
13.25,26.75,1508.07
13.75,26.75,1522.96
14.25,26.75,1534.57
14.75,26.75,1542.68
15.25,26.75,1547.13
15.75,26.75,1547.82
16.25,26.75,1544.63
16.75,26.75,1537.47
17.25,26.75,1526.25
17.75,26.75,1510.87
18.25,26.75,1491.26
18.75,26.75,1467.37
19.25,26.75,1439.21
19.75,26.75,1406.84
20.25,26.75,1370.4
20.75,26.75,1330.15
21.25,26.75,1286.41
21.75,26.75,1239.61
22.25,26.75,1190.24
22.75,26.75,1138.82
23.25,26.75,1085.92
23.75,26.75,1032.08
24.25,26.75,977.824
24.75,26.75,923.611
25.25,26.75,869.837
25.75,26.75,816.826
26.25,26.75,764.827
26.75,26.75,714.023
27.25,26.75,664.543
27.75,26.75,616.479
28.25,26.75,569.901
28.75,26.75,524.868
29.25,26.75,481.451
29.75,26.75,439.731
30.25,26.75,399.81
30.75,26.75,361.806
31.25,26.75,325.849
31.75,26.75,292.07
32.25,26.75,260.593
32.75,26.75,231.517
33.25,26.75,204.911
33.75,26.75,180.795
34.25,26.75,159.148
34.75,26.75,139.895
35.25,26.75,122.919
35.75,26.75,108.063
36.25,26.75,95.1441
36.75,26.75,83.9603
37.25,26.75,74.3043
37.75,26.75,65.9717
38.25,26.75,58.7682
38.75,26.75,52.5157
39.25,26.75,47.0551
39.75,26.75,42.248
40.25,26.75,37.9772
40.75,26.75,34.1456
41.25,26.75,30.6753
41.75,26.75,27.505
42.25,26.75,24.5885
42.75,26.75,21.892
43.25,26.75,19.3918
43.75,26.75,17.0721
44.25,26.75,14.9189
44.75,26.75,12.9216
-44.75,27.25,7.43643
-44.25,27.25,7.09051
-43.75,27.25,6.63189
-43.25,27.25,6.1516
-42.75,27.25,5.71304
-42.25,27.25,5.34602
-41.75,27.25,5.0684
-41.25,27.25,4.88871
-40.75,27.25,4.80934
-40.25,27.25,4.82953
-39.75,27.25,4.9479
-39.25,27.25,5.16399
-38.75,27.25,5.47973
-38.25,27.25,5.90054
-37.75,27.25,6.43675
-37.25,27.25,7.105
-36.75,27.25,7.92951
-36.25,27.25,8.94286
-35.75,27.25,10.1862
-35.25,27.25,11.7091
-34.75,27.25,13.5685
-34.25,27.25,15.8276
-33.75,27.25,18.5538
-33.25,27.25,21.8181
-32.75,27.25,25.6924
-32.25,27.25,30.2486
-31.75,27.25,35.5562
-31.25,27.25,41.6808
-30.75,27.25,48.6812
-30.25,27.25,56.6074
-29.75,27.25,65.4975
-29.25,27.25,75.3739
-28.75,27.25,86.2412
-28.25,27.25,98.0825
-27.75,27.25,110.856
-27.25,27.25,124.493
-26.75,27.25,138.895
-26.25,27.25,153.935
-25.75,27.25,169.455
-25.25,27.25,185.274
-24.75,27.25,201.193
-24.25,27.25,217.004
-23.75,27.25,232.504
-23.25,27.25,247.507
-22.75,27.25,261.86
-22.25,27.25,275.451
-21.75,27.25,288.224
-21.25,27.25,300.174
-20.75,27.25,311.35
-20.25,27.25,321.845
-19.75,27.25,331.789
-19.25,27.25,341.33
-18.75,27.25,350.628
-18.25,27.25,359.835
-17.75,27.25,369.092
-17.25,27.25,378.519
-16.75,27.25,388.211
-16.25,27.25,398.236
-15.75,27.25,408.638
-15.25,27.25,419.44
-14.75,27.25,430.642
-14.25,27.25,442.23
-13.75,27.25,454.177
-13.25,27.25,466.449
-12.75,27.25,479.005
-12.25,27.25,491.801
-11.75,27.25,504.789
-11.25,27.25,517.922
-10.75,27.25,531.151
-10.25,27.25,544.43
-9.75,27.25,557.712
-9.25,27.25,570.953
-8.75,27.25,584.119
-8.25,27.25,597.182
-7.75,27.25,610.131
-7.25,27.25,622.974
-6.75,27.25,635.739
-6.25,27.25,648.475
-5.75,27.25,661.253
-5.25,27.25,674.156
-4.75,27.25,687.275
-4.25,27.25,700.696
-3.75,27.25,714.493
-3.25,27.25,728.721
-2.75,27.25,743.407
-2.25,27.25,758.55
-1.75,27.25,774.128
-1.25,27.25,790.096
-0.75,27.25,806.398
-0.25,27.25,822.973
0.25,27.25,839.766
0.75,27.25,856.723
1.25,27.25,873.804
1.75,27.25,890.978
2.25,27.25,908.224
2.75,27.25,925.539
3.25,27.25,942.932
3.75,27.25,960.435
4.25,27.25,978.106
4.75,27.25,996.029
5.25,27.25,1014.32
5.75,27.25,1033.1
6.25,27.25,1052.52
6.75,27.25,1072.73
7.25,27.25,1093.83
7.75,27.25,1115.91
8.25,27.25,1138.96
8.75,27.25,1162.91
9.25,27.25,1187.59
9.75,27.25,1212.73
10.25,27.25,1238
10.75,27.25,1262.97
11.25,27.25,1287.18
11.75,27.25,1310.16
12.25,27.25,1331.44
12.75,27.25,1350.59
13.25,27.25,1367.25
13.75,27.25,1381.11
14.25,27.25,1391.93
14.75,27.25,1399.54
15.25,27.25,1403.79
15.75,27.25,1404.59
16.25,27.25,1401.84
16.75,27.25,1395.44
17.25,27.25,1385.29
17.75,27.25,1371.3
18.25,27.25,1353.36
18.75,27.25,1331.42
19.25,27.25,1305.45
19.75,27.25,1275.52
20.25,27.25,1241.74
20.75,27.25,1204.35
21.25,27.25,1163.67
21.75,27.25,1120.11
22.25,27.25,1074.14
22.75,27.25,1026.28
23.25,27.25,977.072
23.75,27.25,927.056
24.25,27.25,876.732
24.75,27.25,826.555
25.25,27.25,776.914
25.75,27.25,728.126
26.25,27.25,680.438
26.75,27.25,634.029
27.25,27.25,589.024
27.75,27.25,545.505
28.25,27.25,503.527
28.75,27.25,463.129
29.25,27.25,424.351
29.75,27.25,387.242
30.25,27.25,351.861
30.75,27.25,318.284
31.25,27.25,286.598
31.75,27.25,256.893
32.25,27.25,229.256
32.75,27.25,203.76
33.25,27.25,180.45
33.75,27.25,159.339
34.25,27.25,140.401
34.75,27.25,123.568
35.25,27.25,108.736
35.75,27.25,95.7658
36.25,27.25,84.4944
36.75,27.25,74.7437
37.25,27.25,66.3301
37.75,27.25,59.0723
38.25,27.25,52.7983
38.75,27.25,47.3501
39.25,27.25,42.5868
39.75,27.25,38.3859
40.25,27.25,34.6435
40.75,27.25,31.274
41.25,27.25,28.2083
41.75,27.25,25.3927
42.25,27.25,22.7866
42.75,27.25,20.3608
43.25,27.25,18.0954
43.75,27.25,15.9777
44.25,27.25,13.9972
44.75,27.25,12.1466
-44.75,27.75,6.87442
-44.25,27.75,6.55735
-43.75,27.75,6.14216
-43.25,27.75,5.712
-42.75,27.75,5.32362
-42.25,27.75,5.00209
-41.75,27.75,4.76157
-41.25,27.75,4.60797
-40.75,27.75,4.54184
-40.25,27.75,4.56108
-39.75,27.75,4.66306
-39.25,27.75,4.846
-38.75,27.75,5.1102
-38.25,27.75,5.45914
-37.75,27.75,5.90068
-37.25,27.75,6.4483
-36.75,27.75,7.12217
-36.25,27.75,7.94962
-35.75,27.75,8.96517
-35.25,27.75,10.2101
-34.75,27.75,11.7317
-34.25,27.75,13.5817
-33.75,27.75,15.8151
-33.25,27.75,18.4892
-32.75,27.75,21.6623
-32.25,27.75,25.3927
-31.75,27.75,29.7381
-31.25,27.75,34.7543
-30.75,27.75,40.494
-30.25,27.75,47.0053
-29.75,27.75,54.3296
-29.25,27.75,62.4987
-28.75,27.75,71.5314
-28.25,27.75,81.4308
-27.75,27.75,92.1795
-27.25,27.75,103.736
-26.75,27.75,116.034
-26.25,27.75,128.976
-25.75,27.75,142.44
-25.25,27.75,156.276
-24.75,27.75,170.316
-24.25,27.75,184.38
-23.75,27.75,198.291
-23.25,27.75,211.883
-22.75,27.75,225.016
-22.25,27.75,237.584
-21.75,27.75,249.527
-21.25,27.75,260.831
-20.75,27.75,271.525
-20.25,27.75,281.679
-19.75,27.75,291.391
-19.25,27.75,300.781
-18.75,27.75,309.972
-18.25,27.75,319.09
-17.75,27.75,328.245
-17.25,27.75,337.533
-16.75,27.75,347.03
-16.25,27.75,356.787
-15.75,27.75,366.839
-15.25,27.75,377.196
-14.75,27.75,387.852
-14.25,27.75,398.789
-13.75,27.75,409.976
-13.25,27.75,421.374
-12.75,27.75,432.94
-12.25,27.75,444.63
-11.75,27.75,456.398
-11.25,27.75,468.201
-10.75,27.75,479.998
-10.25,27.75,491.75
-9.75,27.75,503.425
-9.25,27.75,514.996
-8.75,27.75,526.443
-8.25,27.75,537.759
-7.75,27.75,548.953
-7.25,27.75,560.052
-6.75,27.75,571.104
-6.25,27.75,582.176
-5.75,27.75,593.354
-5.25,27.75,604.736
-4.75,27.75,616.419
-4.25,27.75,628.494
-3.75,27.75,641.035
-3.25,27.75,654.084
-2.75,27.75,667.656
-2.25,27.75,681.729
-1.75,27.75,696.254
-1.25,27.75,711.156
-0.75,27.75,726.35
-0.25,27.75,741.745
0.25,27.75,757.258
0.75,27.75,772.817
1.25,27.75,788.367
1.75,27.75,803.875
2.25,27.75,819.326
2.75,27.75,834.728
3.25,27.75,850.112
3.75,27.75,865.535
4.25,27.75,881.079
4.75,27.75,896.854
5.25,27.75,912.991
5.75,27.75,929.64
6.25,27.75,946.954
6.75,27.75,965.079
7.25,27.75,984.131
7.75,27.75,1004.18
8.25,27.75,1025.22
8.75,27.75,1047.18
9.25,27.75,1069.88
9.75,27.75,1093.06
10.25,27.75,1116.38
10.75,27.75,1139.45
11.25,27.75,1161.81
11.75,27.75,1183.01
12.25,27.75,1202.62
12.75,27.75,1220.25
13.25,27.75,1235.54
13.75,27.75,1248.23
14.25,27.75,1258.11
14.75,27.75,1265.02
15.25,27.75,1268.85
15.75,27.75,1269.51
16.25,27.75,1266.91
16.75,27.75,1260.96
17.25,27.75,1251.56
17.75,27.75,1238.62
18.25,27.75,1222.02
18.75,27.75,1201.72
19.25,27.75,1177.68
19.75,27.75,1149.95
20.25,27.75,1118.66
20.75,27.75,1084.02
21.25,27.75,1046.33
21.75,27.75,1005.99
22.25,27.75,963.445
22.75,27.75,919.199
23.25,27.75,873.763
23.75,27.75,827.647
24.25,27.75,781.332
24.75,27.75,735.25
25.25,27.75,689.775
25.75,27.75,645.214
26.25,27.75,601.807
26.75,27.75,559.727
27.25,27.75,519.093
27.75,27.75,479.978
28.25,27.75,442.425
28.75,27.75,406.453
29.25,27.75,372.077
29.75,27.75,339.314
30.25,27.75,308.188
30.75,27.75,278.737
31.25,27.75,251.009
31.75,27.75,225.059
32.25,27.75,200.944
32.75,27.75,178.713
33.25,27.75,158.396
33.75,27.75,140
34.25,27.75,123.5
34.75,27.75,108.838
35.25,27.75,95.9213
35.75,27.75,84.6313
36.25,27.75,74.825
36.75,27.75,66.3468
37.25,27.75,59.0352
37.75,27.75,52.7308
38.25,27.75,47.2817
38.75,27.75,42.5487
39.25,27.75,38.4074
39.75,27.75,34.7495
40.25,27.75,31.4834
40.75,27.75,28.5336
41.25,27.75,25.8391
41.75,27.75,23.3524
42.25,27.75,21.0378
42.75,27.75,18.8696
43.25,27.75,16.8306
43.75,27.75,14.9103
44.25,27.75,13.1004
44.75,27.75,11.3964
-44.75,28.25,6.27808
-44.25,28.25,6.00006
-43.75,28.25,5.63934
-43.25,28.25,5.27023
-42.75,28.25,4.94226
-42.25,28.25,4.67561
-41.75,28.25,4.48077
-41.25,28.25,4.3612
-40.75,28.25,4.3159
-40.25,28.25,4.34179
-39.75,28.25,4.43544
-39.25,28.25,4.59429
-38.75,28.25,4.81767
-38.25,28.25,5.10783
-37.75,28.25,5.47104
-37.25,28.25,5.91857
-36.75,28.25,6.46752
-36.25,28.25,7.14108
-35.75,28.25,7.96833
-35.25,28.25,8.98365
-34.75,28.25,10.2259
-34.25,28.25,11.737
-33.75,28.25,13.561
-33.25,28.25,15.7432
-32.75,28.25,18.3297
-32.25,28.25,21.3664
-31.75,28.25,24.8994
-31.25,28.25,28.9745
-30.75,28.25,33.6369
-30.25,28.25,38.9304
-29.75,28.25,44.8959
-29.25,28.25,51.5696
-28.75,28.25,58.9796
-28.25,28.25,67.143
-27.75,28.25,76.0613
-27.25,28.25,85.7167
-26.75,28.25,96.0685
-26.25,28.25,107.051
-25.75,28.25,118.571
-25.25,28.25,130.514
-24.75,28.25,142.742
-24.25,28.25,155.108
-23.75,28.25,167.46
-23.25,28.25,179.654
-22.75,28.25,191.566
-22.25,28.25,203.098
-21.75,28.25,214.19
-21.25,28.25,224.818
-20.75,28.25,234.995
-20.25,28.25,244.77
-19.75,28.25,254.214
-19.25,28.25,263.416
-18.75,28.25,272.472
-18.25,28.25,281.478
-17.75,28.25,290.518
-17.25,28.25,299.665
-16.75,28.25,308.975
-16.25,28.25,318.485
-15.75,28.25,328.213
-15.25,28.25,338.16
-14.75,28.25,348.313
-14.25,28.25,358.644
-13.75,28.25,369.118
-13.25,28.25,379.693
-12.75,28.25,390.321
-12.25,28.25,400.959
-11.75,28.25,411.563
-11.25,28.25,422.095
-10.75,28.25,432.523
-10.25,28.25,442.82
-9.75,28.25,452.967
-9.25,28.25,462.952
-8.75,28.25,472.775
-8.25,28.25,482.445
-7.75,28.25,491.99
-7.25,28.25,501.451
-6.75,28.25,510.894
-6.25,28.25,520.397
-5.75,28.25,530.058
-5.25,28.25,539.981
-4.75,28.25,550.267
-4.25,28.25,561.01
-3.75,28.25,572.277
-3.25,28.25,584.108
-2.75,28.25,596.506
-2.25,28.25,609.437
-1.75,28.25,622.837
-1.25,28.25,636.614
-0.75,28.25,650.663
-0.25,28.25,664.876
0.25,28.25,679.152
0.75,28.25,693.407
1.25,28.25,707.577
1.75,28.25,721.623
2.25,28.25,735.535
2.75,28.25,749.327
3.25,28.25,763.044
3.75,28.25,776.755
4.25,28.25,790.557
4.75,28.25,804.573
5.25,28.25,818.942
5.75,28.25,833.82
6.25,28.25,849.361
6.75,28.25,865.705
7.25,28.25,882.963
7.75,28.25,901.195
8.25,28.25,920.396
8.75,28.25,940.481
9.25,28.25,961.283
9.75,28.25,982.547
10.25,28.25,1003.94
10.75,28.25,1025.09
11.25,28.25,1045.57
11.75,28.25,1064.96
12.25,28.25,1082.84
12.75,28.25,1098.85
13.25,28.25,1112.69
13.75,28.25,1124.11
14.25,28.25,1132.92
14.75,28.25,1138.98
15.25,28.25,1142.21
15.75,28.25,1142.52
16.25,28.25,1139.84
16.75,28.25,1134.09
17.25,28.25,1125.18
17.75,28.25,1113.01
18.25,28.25,1097.5
18.75,28.25,1078.59
19.25,28.25,1056.25
19.75,28.25,1030.53
20.25,28.25,1001.57
20.75,28.25,969.549
21.25,28.25,934.779
21.75,28.25,897.622
22.25,28.25,858.502
22.75,28.25,817.885
23.25,28.25,776.25
23.75,28.25,734.07
24.25,28.25,691.795
24.75,28.25,649.828
25.25,28.25,608.522
25.75,28.25,568.166
26.25,28.25,528.988
26.75,28.25,491.152
27.25,28.25,454.769
27.75,28.25,419.903
28.25,28.25,386.583
28.75,28.25,354.812
29.25,28.25,324.583
29.75,28.25,295.884
30.25,28.25,268.711
30.75,28.25,243.068
31.25,28.25,218.971
31.75,28.25,196.447
32.25,28.25,175.529
32.75,28.25,156.246
33.25,28.25,138.62
33.75,28.25,122.654
34.25,28.25,108.329
34.75,28.25,95.5951
35.25,28.25,84.3773
35.75,28.25,74.5735
36.25,28.25,66.0617
36.75,28.25,58.707
37.25,28.25,52.3689
37.75,28.25,46.9075
38.25,28.25,42.1896
38.75,28.25,38.0926
39.25,28.25,34.5067
39.75,28.25,31.3365
40.25,28.25,28.5012
40.75,28.25,25.9338
41.25,28.25,23.5804
41.75,28.25,21.3989
42.25,28.25,19.3571
42.75,28.25,17.4321
43.25,28.25,15.6087
43.75,28.25,13.8778
44.25,28.25,12.233
44.75,28.25,10.6715
-44.75,28.75,5.63969
-44.25,28.75,5.40774
-43.75,28.75,5.10821
-43.25,28.75,4.80597
-42.75,28.75,4.54328
-42.25,28.75,4.33569
-41.75,28.75,4.19037
-41.25,28.75,4.10866
-40.75,28.75,4.08833
-40.25,28.75,4.12559
-39.75,28.75,4.21652
-39.25,28.75,4.35812
-38.75,28.75,4.54924
-38.25,28.75,4.79144
-37.75,28.75,5.09005
-37.25,28.75,5.45488
-36.75,28.75,5.90081
-36.25,28.75,6.44783
-35.75,28.75,7.12059
-35.25,28.75,7.94774
-34.75,28.75,8.96101
-34.25,28.75,10.194
-33.75,28.75,11.6814
-33.25,28.75,13.4583
-32.75,28.75,15.5598
-32.25,28.75,18.0211
-31.75,28.75,20.8778
-31.25,28.75,24.1662
-30.75,28.75,27.9236
-30.25,28.75,32.1882
-29.75,28.75,36.9983
-29.25,28.75,42.3909
-28.75,28.75,48.3989
-28.25,28.75,55.0485
-27.75,28.75,62.3549
-27.25,28.75,70.318
-26.75,28.75,78.919
-26.25,28.75,88.1176
-25.75,28.75,97.8503
-25.25,28.75,108.031
-24.75,28.75,118.554
-24.25,28.75,129.301
-23.75,28.75,140.147
-23.25,28.75,150.972
-22.75,28.75,161.667
-22.25,28.75,172.145
-21.75,28.75,182.347
-21.25,28.75,192.244
-20.75,28.75,201.838
-20.25,28.75,211.157
-19.75,28.75,220.253
-19.25,28.75,229.188
-18.75,28.75,238.034
-18.25,28.75,246.861
-17.75,28.75,255.732
-17.25,28.75,264.698
-16.75,28.75,273.797
-16.25,28.75,283.049
-15.75,28.75,292.46
-15.25,28.75,302.02
-14.75,28.75,311.705
-14.25,28.75,321.479
-13.75,28.75,331.3
-13.25,28.75,341.119
-12.75,28.75,350.887
-12.25,28.75,360.559
-11.75,28.75,370.094
-11.25,28.75,379.459
-10.75,28.75,388.63
-10.25,28.75,397.59
-9.75,28.75,406.335
-9.25,28.75,414.868
-8.75,28.75,423.203
-8.25,28.75,431.367
-7.75,28.75,439.401
-7.25,28.75,447.36
-6.75,28.75,455.318
-6.25,28.75,463.364
-5.75,28.75,471.6
-5.25,28.75,480.131
-4.75,28.75,489.061
-4.25,28.75,498.481
-3.75,28.75,508.456
-3.25,28.75,519.023
-2.75,28.75,530.181
-2.25,28.75,541.894
-1.75,28.75,554.091
-1.25,28.75,566.677
-0.75,28.75,579.54
-0.25,28.75,592.565
0.25,28.75,605.644
0.75,28.75,618.683
1.25,28.75,631.615
1.75,28.75,644.395
2.25,28.75,657.011
2.75,28.75,669.479
3.25,28.75,681.846
3.75,28.75,694.185
4.25,28.75,706.596
4.75,28.75,719.202
5.25,28.75,732.143
5.75,28.75,745.568
6.25,28.75,759.622
6.75,28.75,774.438
7.25,28.75,790.116
7.75,28.75,806.706
8.25,28.75,824.197
8.75,28.75,842.506
9.25,28.75,861.468
9.75,28.75,880.842
10.25,28.75,900.319
10.75,28.75,919.539
11.25,28.75,938.112
11.75,28.75,955.642
12.25,28.75,971.754
12.75,28.75,986.114
13.25,28.75,998.44
13.75,28.75,1008.51
14.25,28.75,1016.16
14.75,28.75,1021.28
15.25,28.75,1023.79
15.75,28.75,1023.61
16.25,28.75,1020.69
16.75,28.75,1014.97
17.25,28.75,1006.35
17.75,28.75,994.768
18.25,28.75,980.142
18.75,28.75,962.425
19.25,28.75,941.61
19.75,28.75,917.749
20.25,28.75,890.968
20.75,28.75,861.467
21.25,28.75,829.524
21.75,28.75,795.483
22.25,28.75,759.738
22.75,28.75,722.715
23.25,28.75,684.855
23.75,28.75,646.59
24.25,28.75,608.331
24.75,28.75,570.448
25.25,28.75,533.266
25.75,28.75,497.051
26.25,28.75,462.014
26.75,28.75,428.307
27.25,28.75,396.028
27.75,28.75,365.23
28.25,28.75,335.93
28.75,28.75,308.114
29.25,28.75,281.757
29.75,28.75,256.825
30.25,28.75,233.287
30.75,28.75,211.124
31.25,28.75,190.325
31.75,28.75,170.895
32.25,28.75,152.848
32.75,28.75,136.202
33.25,28.75,120.972
33.75,28.75,107.161
34.25,28.75,94.7578
34.75,28.75,83.7244
35.25,28.75,74.0005
35.75,28.75,65.5023
36.25,28.75,58.1271
36.75,28.75,51.7594
37.25,28.75,46.2775
37.75,28.75,41.5595
38.25,28.75,37.4887
38.75,28.75,33.9571
39.25,28.75,30.868
39.75,28.75,28.137
40.25,28.75,25.6925
40.75,28.75,23.4748
41.25,28.75,21.4359
41.75,28.75,19.5377
42.25,28.75,17.751
42.75,28.75,16.055
43.25,28.75,14.4355
43.75,28.75,12.8847
44.25,28.75,11.3974
44.75,28.75,9.97247
-44.75,29.25,4.97094
-44.25,29.25,4.78792
-43.75,29.25,4.55099
-43.25,29.25,4.31561
-42.75,29.25,4.11713
-42.25,29.25,3.96712
-41.75,29.25,3.87005
-41.25,29.25,3.82558
-40.75,29.25,3.83058
-40.25,29.25,3.88077
-39.75,29.25,3.97193
-39.25,29.25,4.10084
-38.75,29.25,4.26611
-38.25,29.25,4.46906
-37.75,29.25,4.71449
-37.25,29.25,5.01135
-36.75,29.25,5.37297
-36.25,29.25,5.81689
-35.75,29.25,6.36424
-35.25,29.25,7.03896
-34.75,29.25,7.86686
-34.25,29.25,8.87455
-33.75,29.25,10.0887
-33.25,29.25,11.5357
-32.75,29.25,13.2416
-32.25,29.25,15.2323
-31.75,29.25,17.5343
-31.25,29.25,20.1753
-30.75,29.25,23.1854
-30.25,29.25,26.5966
-29.75,29.25,30.4435
-29.25,29.25,34.7615
-28.75,29.25,39.5852
-28.25,29.25,44.9458
-27.75,29.25,50.867
-27.25,29.25,57.3615
-26.75,29.25,64.4274
-26.25,29.25,72.0445
-25.75,29.25,80.173
-25.25,29.25,88.753
-24.75,29.25,97.7063
-24.25,29.25,106.941
-23.75,29.25,116.359
-23.25,29.25,125.86
-22.75,29.25,135.353
-22.25,29.25,144.763
-21.75,29.25,154.035
-21.25,29.25,163.138
-20.75,29.25,172.066
-20.25,29.25,180.835
-19.75,29.25,189.478
-19.25,29.25,198.04
-18.75,29.25,206.572
-18.25,29.25,215.125
-17.75,29.25,223.741
-17.25,29.25,232.456
-16.75,29.25,241.291
-16.25,29.25,250.252
-15.75,29.25,259.333
-15.25,29.25,268.512
-14.75,29.25,277.754
-14.25,29.25,287.014
-13.75,29.25,296.242
-13.25,29.25,305.383
-12.75,29.25,314.385
-12.25,29.25,323.199
-11.75,29.25,331.786
-11.25,29.25,340.117
-10.75,29.25,348.174
-10.25,29.25,355.952
-9.75,29.25,363.455
-9.25,29.25,370.701
-8.75,29.25,377.717
-8.25,29.25,384.541
-7.75,29.25,391.224
-7.25,29.25,397.833
-6.75,29.25,404.447
-6.25,29.25,411.159
-5.75,29.25,418.07
-5.25,29.25,425.285
-4.75,29.25,432.906
-4.25,29.25,441.021
-3.75,29.25,449.695
-3.25,29.25,458.965
-2.75,29.25,468.831
-2.25,29.25,479.263
-1.75,29.25,490.195
-1.25,29.25,501.536
-0.75,29.25,513.18
-0.25,29.25,525.013
0.25,29.25,536.928
0.75,29.25,548.83
1.25,29.25,560.646
1.75,29.25,572.329
2.25,29.25,583.86
2.75,29.25,595.25
3.25,29.25,606.54
3.75,29.25,617.798
4.25,29.25,629.116
4.75,29.25,640.609
5.25,29.25,652.406
5.75,29.25,664.641
6.25,29.25,677.449
6.75,29.25,690.945
7.25,29.25,705.216
7.75,29.25,720.305
8.25,29.25,736.195
8.75,29.25,752.803
9.25,29.25,769.976
9.75,29.25,787.49
10.25,29.25,805.059
10.75,29.25,822.35
11.25,29.25,839.009
11.75,29.25,854.672
12.25,29.25,869.001
12.75,29.25,881.689
13.25,29.25,892.482
13.75,29.25,901.184
14.25,29.25,907.649
14.75,29.25,911.777
15.25,29.25,913.5
15.75,29.25,912.766
16.25,29.25,909.523
16.75,29.25,903.718
17.25,29.25,895.287
17.75,29.25,884.165
18.25,29.25,870.295
18.75,29.25,853.646
19.25,29.25,834.226
19.75,29.25,812.096
20.25,29.25,787.384
20.75,29.25,760.288
21.25,29.25,731.069
21.75,29.25,700.047
22.25,29.25,667.584
22.75,29.25,634.069
23.25,29.25,599.901
23.75,29.25,565.469
24.25,29.25,531.142
24.75,29.25,497.254
25.25,29.25,464.096
25.75,29.25,431.91
26.25,29.25,400.882
26.75,29.25,371.147
27.25,29.25,342.79
27.75,29.25,315.849
28.25,29.25,290.329
28.75,29.25,266.201
29.25,29.25,243.425
29.75,29.25,221.947
30.25,29.25,201.72
30.75,29.25,182.704
31.25,29.25,164.869
31.75,29.25,148.205
32.25,29.25,132.712
32.75,29.25,118.401
33.25,29.25,105.285
33.75,29.25,93.3699
34.25,29.25,82.6519
34.75,29.25,73.1063
35.25,29.25,64.6878
35.75,29.25,57.3297
36.25,29.25,50.9469
36.75,29.25,45.4418
37.25,29.25,40.7099
37.75,29.25,36.6452
38.25,29.25,33.1456
38.75,29.25,30.1161
39.25,29.25,27.471
39.75,29.25,25.1355
40.25,29.25,23.0456
40.75,29.25,21.148
41.25,29.25,19.3988
41.75,29.25,17.7634
42.25,29.25,16.2149
42.75,29.25,14.7336
43.25,29.25,13.3066
43.75,29.25,11.9265
44.25,29.25,10.5892
44.75,29.25,9.29507
-44.75,29.75,4.30282
-44.25,29.75,4.16786
-43.75,29.75,3.99039
-43.25,29.75,3.81696
-42.75,29.75,3.67676
-42.25,29.75,3.57823
-41.75,29.75,3.52384
-41.25,29.75,3.51212
-40.75,29.75,3.53932
-40.25,29.75,3.60085
-39.75,29.75,3.69229
-39.25,29.75,3.81036
-38.75,29.75,3.95364
-38.25,29.75,4.12344
-37.75,29.75,4.32445
-37.25,29.75,4.56517
-36.75,29.75,4.85792
-36.25,29.75,5.21844
-35.75,29.75,5.66506
-35.25,29.75,6.21789
-34.75,29.75,6.89781
-34.25,29.75,7.72558
-33.75,29.75,8.7212
-33.25,29.75,9.90386
-32.75,29.75,11.2919
-32.25,29.75,12.9034
-31.75,29.75,14.7574
-31.25,29.75,16.8743
-30.75,29.75,19.2775
-30.25,29.75,21.9934
-29.75,29.75,25.0522
-29.25,29.75,28.4865
-28.75,29.75,32.3304
-28.25,29.75,36.6165
-27.75,29.75,41.3737
-27.25,29.75,46.6225
-26.75,29.75,52.3724
-26.25,29.75,58.6187
-25.75,29.75,65.3398
-25.25,29.75,72.4967
-24.75,29.75,80.0343
-24.25,29.75,87.884
-23.75,29.75,95.9693
-23.25,29.75,104.211
-22.75,29.75,112.535
-22.25,29.75,120.877
-21.75,29.75,129.189
-21.25,29.75,137.442
-20.75,29.75,145.625
-20.25,29.75,153.746
-19.75,29.75,161.827
-19.25,29.75,169.902
-18.75,29.75,178.005
-18.25,29.75,186.172
-17.75,29.75,194.434
-17.25,29.75,202.81
-16.75,29.75,211.31
-16.25,29.75,219.929
-15.75,29.75,228.649
-15.25,29.75,237.435
-14.75,29.75,246.246
-14.25,29.75,255.026
-13.75,29.75,263.717
-13.25,29.75,272.257
-12.75,29.75,280.589
-12.25,29.75,288.661
-11.75,29.75,296.433
-11.25,29.75,303.878
-10.75,29.75,310.983
-10.25,29.75,317.748
-9.75,29.75,324.189
-9.25,29.75,330.33
-8.75,29.75,336.208
-8.25,29.75,341.87
-7.75,29.75,347.376
-7.25,29.75,352.796
-6.75,29.75,358.212
-6.25,29.75,363.717
-5.75,29.75,369.41
-5.25,29.75,375.393
-4.75,29.75,381.765
-4.25,29.75,388.61
-3.75,29.75,395.995
-3.25,29.75,403.959
-2.75,29.75,412.511
-2.25,29.75,421.629
-1.75,29.75,431.26
-1.25,29.75,441.328
-0.75,29.75,451.737
-0.25,29.75,462.385
0.25,29.75,473.169
0.75,29.75,483.999
1.25,29.75,494.8
1.75,29.75,505.519
2.25,29.75,516.131
2.75,29.75,526.637
3.25,29.75,537.065
3.75,29.75,547.471
4.25,29.75,557.931
4.75,29.75,568.544
5.25,29.75,579.421
5.75,29.75,590.677
6.25,29.75,602.427
6.75,29.75,614.77
7.25,29.75,627.777
7.75,29.75,641.481
8.25,29.75,655.862
8.75,29.75,670.841
9.25,29.75,686.278
9.75,29.75,701.969
10.25,29.75,717.655
10.75,29.75,733.041
11.25,29.75,747.803
11.75,29.75,761.62
12.25,29.75,774.184
12.75,29.75,785.221
13.25,29.75,794.505
13.75,29.75,801.859
14.25,29.75,807.154
14.75,29.75,810.304
15.25,29.75,811.25
15.75,29.75,809.949
16.25,29.75,806.363
16.75,29.75,800.447
17.25,29.75,792.155
17.75,29.75,781.438
18.25,29.75,768.259
18.75,29.75,752.601
19.25,29.75,734.489
19.75,29.75,713.996
20.25,29.75,691.251
20.75,29.75,666.449
21.25,29.75,639.836
21.75,29.75,611.711
22.25,29.75,582.403
22.75,29.75,552.265
23.25,29.75,521.653
23.75,29.75,490.917
24.25,29.75,460.381
24.75,29.75,430.342
25.25,29.75,401.056
25.75,29.75,372.732
26.25,29.75,345.534
26.75,29.75,319.574
27.25,29.75,294.919
27.75,29.75,271.594
28.25,29.75,249.587
28.75,29.75,228.86
29.25,29.75,209.358
29.75,29.75,191.016
30.25,29.75,173.771
30.75,29.75,157.571
31.25,29.75,142.374
31.75,29.75,128.158
32.25,29.75,114.916
32.75,29.75,102.655
33.25,29.75,91.3888
33.75,29.75,81.129
34.25,29.75,71.8797
34.75,29.75,63.6286
35.25,29.75,56.3448
35.75,29.75,49.9773
36.25,29.75,44.4572
36.75,29.75,39.703
37.25,29.75,35.6253
37.75,29.75,32.1325
38.25,29.75,29.135
38.75,29.75,26.5491
39.25,29.75,24.2989
39.75,29.75,22.3177
40.25,29.75,20.5477
40.75,29.75,18.9407
41.25,29.75,17.4567
41.75,29.75,16.0634
42.25,29.75,14.7357
42.75,29.75,13.455
43.25,29.75,12.2088
43.75,29.75,10.9906
44.25,29.75,9.79705
44.75,29.75,8.62962
-44.75,30.25,3.67782
-44.25,30.25,3.58797
-43.75,30.25,3.46427
-43.25,30.25,3.34523
-42.75,30.25,3.25483
-42.25,30.25,3.19923
-41.75,30.25,3.17956
-41.25,30.25,3.19363
-40.75,30.25,3.23735
-40.25,30.25,3.30594
-39.75,30.25,3.39493
-39.25,30.25,3.50107
-38.75,30.25,3.62316
-38.25,30.25,3.76278
-37.75,30.25,3.92488
-37.25,30.25,4.11792
-36.75,30.25,4.35366
-36.25,30.25,4.64654
-35.75,30.25,5.01272
-35.25,30.25,5.46915
-34.75,30.25,6.03261
-34.25,30.25,6.71895
-33.75,30.25,7.54261
-33.25,30.25,8.5167
-32.75,30.25,9.65323
-32.25,30.25,10.964
-31.75,30.25,12.4616
-31.25,30.25,14.1605
-30.75,30.25,16.0784
-30.25,30.25,18.2367
-29.75,30.25,20.6613
-29.25,30.25,23.3814
-28.75,30.25,26.4287
-28.25,30.25,29.8359
-27.75,30.25,33.633
-27.25,30.25,37.8452
-26.75,30.25,42.4889
-26.25,30.25,47.5696
-25.75,30.25,53.079
-25.25,30.25,58.9941
-24.75,30.25,65.2776
-24.25,30.25,71.8802
-23.75,30.25,78.7441
-23.25,30.25,85.808
-22.75,30.25,93.0126
-22.25,30.25,100.306
-21.75,30.25,107.647
-21.25,30.25,115.011
-20.75,30.25,122.387
-20.25,30.25,129.779
-19.75,30.25,137.205
-19.25,30.25,144.686
-18.75,30.25,152.251
-18.25,30.25,159.926
-17.75,30.25,167.73
-17.25,30.25,175.676
-16.75,30.25,183.762
-16.25,30.25,191.975
-15.75,30.25,200.288
-15.25,30.25,208.659
-14.75,30.25,217.036
-14.25,30.25,225.357
-13.75,30.25,233.555
-13.25,30.25,241.562
-12.75,30.25,249.313
-12.25,30.25,256.755
-11.75,30.25,263.842
-11.25,30.25,270.55
-10.75,30.25,276.864
-10.25,30.25,282.791
-9.75,30.25,288.348
-9.25,30.25,293.566
-8.75,30.25,298.489
-8.25,30.25,303.167
-7.75,30.25,307.665
-7.25,30.25,312.054
-6.75,30.25,316.416
-6.25,30.25,320.841
-5.75,30.25,325.427
-5.25,30.25,330.27
-4.75,30.25,335.465
-4.25,30.25,341.096
-3.75,30.25,347.231
-3.25,30.25,353.915
-2.75,30.25,361.167
-2.25,30.25,368.978
-1.75,30.25,377.314
-1.25,30.25,386.113
-0.75,30.25,395.299
-0.25,30.25,404.783
0.25,30.25,414.475
0.75,30.25,424.289
1.25,30.25,434.15
1.75,30.25,444.005
2.25,30.25,453.817
2.75,30.25,463.576
3.25,30.25,473.296
3.75,30.25,483.013
4.25,30.25,492.785
4.75,30.25,502.688
5.25,30.25,512.808
5.75,30.25,523.241
6.25,30.25,534.077
6.75,30.25,545.395
7.25,30.25,557.251
7.75,30.25,569.668
8.25,30.25,582.623
8.75,30.25,596.044
9.25,30.25,609.805
9.75,30.25,623.726
10.25,30.25,637.582
10.75,30.25,651.109
11.25,30.25,664.027
11.75,30.25,676.049
12.25,30.25,686.906
12.75,30.25,696.354
13.25,30.25,704.193
13.75,30.25,710.264
14.25,30.25,714.453
14.75,30.25,716.685
15.25,30.25,716.907
15.75,30.25,715.086
16.25,30.25,711.189
16.75,30.25,705.187
17.25,30.25,697.043
17.75,30.25,686.726
18.25,30.25,674.216
18.75,30.25,659.514
19.25,30.25,642.657
19.75,30.25,623.728
20.25,30.25,602.862
20.75,30.25,580.246
21.25,30.25,556.114
21.75,30.25,530.743
22.25,30.25,504.435
22.75,30.25,477.508
23.25,30.25,450.278
23.75,30.25,423.054
24.25,30.25,396.122
24.75,30.25,369.737
25.25,30.25,344.12
25.75,30.25,319.448
26.25,30.25,295.855
26.75,30.25,273.432
27.25,30.25,252.225
27.75,30.25,232.243
28.25,30.25,213.461
28.75,30.25,195.831
29.25,30.25,179.288
29.75,30.25,163.758
30.25,30.25,149.171
30.75,30.25,135.465
31.25,30.25,122.591
31.75,30.25,110.522
32.25,30.25,99.2484
32.75,30.25,88.7752
33.25,30.25,79.1188
33.75,30.25,70.2969
34.25,30.25,62.3223
34.75,30.25,55.194
35.25,30.25,48.8939
35.75,30.25,43.3851
36.25,30.25,38.6131
36.75,30.25,34.5105
37.25,30.25,31.0012
37.75,30.25,28.006
38.25,30.25,25.4467
38.75,30.25,23.2493
39.25,30.25,21.3464
39.75,30.25,19.678
40.25,30.25,18.1923
40.75,30.25,16.845
41.25,30.25,15.5994
41.75,30.25,14.4254
42.25,30.25,13.2995
42.75,30.25,12.2039
43.25,30.25,11.127
43.75,30.25,10.0626
44.25,30.25,9.00808
44.75,30.25,7.96563
-44.75,30.75,3.13706
-44.25,30.75,3.08939
-43.75,30.75,3.01371
-43.25,30.75,2.94162
-42.75,30.75,2.89277
-42.25,30.75,2.87168
-41.75,30.75,2.87858
-41.25,30.75,2.91085
-40.75,30.75,2.96419
-40.25,30.75,3.03377
-39.75,30.75,3.11524
-39.25,30.75,3.20564
-38.75,30.75,3.30432
-38.25,30.75,3.41355
-37.75,30.75,3.53894
-37.25,30.75,3.68934
-36.75,30.75,3.87638
-36.25,30.75,4.11362
-35.75,30.75,4.41547
-35.25,30.75,4.79622
-34.75,30.75,5.26917
-34.25,30.75,5.84595
-33.75,30.75,6.53625
-33.25,30.75,7.3481
-32.75,30.75,8.28826
-32.25,30.75,9.36328
-31.75,30.75,10.5806
-31.25,30.75,11.95
-30.75,30.75,13.4843
-30.25,30.75,15.2008
-29.75,30.75,17.1212
-29.25,30.75,19.2713
-28.75,30.75,21.6801
-28.25,30.75,24.3782
-27.75,30.75,27.3952
-27.25,30.75,30.7576
-26.75,30.75,34.4854
-26.25,30.75,38.5901
-25.75,30.75,43.0723
-25.25,30.75,47.9202
-24.75,30.75,53.1101
-24.25,30.75,58.6073
-23.75,30.75,64.3695
-23.25,30.75,70.3502
-22.75,30.75,76.5035
-22.25,30.75,82.7884
-21.75,30.75,89.1727
-21.25,30.75,95.6363
-20.75,30.75,102.171
-20.25,30.75,108.781
-19.75,30.75,115.479
-19.25,30.75,122.286
-18.75,30.75,129.224
-18.25,30.75,136.314
-17.75,30.75,143.57
-17.25,30.75,150.998
-16.75,30.75,158.593
-16.25,30.75,166.334
-15.75,30.75,174.189
-15.25,30.75,182.111
-14.75,30.75,190.04
-14.25,30.75,197.909
-13.75,30.75,205.643
-13.25,30.75,213.169
-12.75,30.75,220.416
-12.25,30.75,227.323
-11.75,30.75,233.844
-11.25,30.75,239.948
-10.75,30.75,245.621
-10.25,30.75,250.868
-9.75,30.75,255.708
-9.25,30.75,260.173
-8.75,30.75,264.307
-8.25,30.75,268.164
-7.75,30.75,271.809
-7.25,30.75,275.313
-6.75,30.75,278.756
-6.25,30.75,282.226
-5.75,30.75,285.814
-5.25,30.75,289.616
-4.75,30.75,293.723
-4.25,30.75,298.218
-3.75,30.75,303.173
-3.25,30.75,308.638
-2.75,30.75,314.645
-2.25,30.75,321.201
-1.75,30.75,328.286
-1.25,30.75,335.861
-0.75,30.75,343.865
-0.25,30.75,352.229
0.25,30.75,360.874
0.75,30.75,369.723
1.25,30.75,378.705
1.75,30.75,387.763
2.25,30.75,396.854
2.75,30.75,405.955
3.25,30.75,415.064
3.75,30.75,424.196
4.25,30.75,433.387
4.75,30.75,442.689
5.25,30.75,452.163
5.75,30.75,461.878
6.25,30.75,471.9
6.75,30.75,482.288
7.25,30.75,493.082
7.75,30.75,504.293
8.25,30.75,515.9
8.75,30.75,527.837
9.25,30.75,539.996
9.75,30.75,552.221
10.25,30.75,564.321
10.75,30.75,576.07
11.25,30.75,587.227
11.75,30.75,597.545
12.25,30.75,606.788
12.75,30.75,614.746
13.25,30.75,621.239
13.75,30.75,626.129
14.25,30.75,629.313
14.75,30.75,630.721
15.25,30.75,630.31
15.75,30.75,628.049
16.25,30.75,623.914
16.75,30.75,617.883
17.25,30.75,609.931
17.75,30.75,600.043
18.25,30.75,588.212
18.75,30.75,574.454
19.25,30.75,558.821
19.75,30.75,541.402
20.25,30.75,522.333
20.75,30.75,501.799
21.25,30.75,480.02
21.75,30.75,457.253
22.25,30.75,433.773
22.75,30.75,409.867
23.25,30.75,385.816
23.75,30.75,361.891
24.25,30.75,338.337
24.75,30.75,315.374
25.25,30.75,293.185
25.75,30.75,271.914
26.25,30.75,251.666
26.75,30.75,232.507
27.25,30.75,214.464
27.75,30.75,197.529
28.25,30.75,181.667
28.75,30.75,166.821
29.25,30.75,152.918
29.75,30.75,139.881
30.25,30.75,127.635
30.75,30.75,116.114
31.25,30.75,105.269
31.75,30.75,95.0699
32.25,30.75,85.5053
32.75,30.75,76.5832
33.25,30.75,68.323
33.75,30.75,60.7483
34.25,30.75,53.8794
34.75,30.75,47.7253
35.25,30.75,42.2788
35.75,30.75,37.515
36.25,30.75,33.3917
36.75,30.75,29.8535
37.25,30.75,26.8361
37.75,30.75,24.271
38.25,30.75,22.0899
38.75,30.75,20.2275
39.25,30.75,18.6239
39.75,30.75,17.2255
40.25,30.75,15.9854
40.75,30.75,14.8635
41.25,30.75,13.8261
41.75,30.75,12.8454
42.25,30.75,11.8996
42.75,30.75,10.9721
43.25,30.75,10.052
43.75,30.75,9.13377
44.25,30.75,8.2151
44.75,30.75,7.29826
-44.75,31.25,2.70792
-44.25,31.25,2.70126
-43.75,31.25,2.67002
-43.25,31.25,2.63988
-42.75,31.25,2.62687
-42.25,31.25,2.6341
-41.75,31.25,2.66106
-41.25,31.25,2.70478
-40.75,31.25,2.76084
-40.25,31.25,2.82453
-39.75,31.25,2.8919
-39.25,31.25,2.96076
-38.75,31.25,3.03153
-38.25,31.25,3.10773
-37.75,31.25,3.19615
-37.25,31.25,3.30646
-36.75,31.25,3.4505
-36.25,31.25,3.64121
-35.75,31.25,3.89151
-35.25,31.25,4.21329
-34.75,31.25,4.61672
-34.25,31.25,5.10966
-33.75,31.25,5.69767
-33.25,31.25,6.38438
-32.75,31.25,7.17219
-32.25,31.25,8.06334
-31.75,31.25,9.06124
-31.25,31.25,10.1717
-30.75,31.25,11.404
-30.25,31.25,12.7719
-29.75,31.25,14.2938
-29.25,31.25,15.9921
-28.75,31.25,17.8929
-28.25,31.25,20.0239
-27.75,31.25,22.4132
-27.25,31.25,25.0864
-26.75,31.25,28.0644
-26.25,31.25,31.3618
-25.75,31.25,34.9841
-25.25,31.25,38.9271
-24.75,31.25,43.1763
-24.25,31.25,47.7085
-23.75,31.25,52.4929
-23.25,31.25,57.4954
-22.75,31.25,62.6813
-22.25,31.25,68.0194
-21.75,31.25,73.486
-21.25,31.25,79.0664
-20.75,31.25,84.7563
-20.25,31.25,90.5614
-19.75,31.25,96.4956
-19.25,31.25,102.578
-18.75,31.25,108.828
-18.25,31.25,115.265
-17.75,31.25,121.902
-17.25,31.25,128.742
-16.75,31.25,135.776
-16.25,31.25,142.983
-15.75,31.25,150.327
-15.25,31.25,157.759
-14.75,31.25,165.216
-14.25,31.25,172.626
-13.75,31.25,179.91
-13.25,31.25,186.988
-12.75,31.25,193.784
-12.25,31.25,200.233
-11.75,31.25,206.282
-11.25,31.25,211.894
-10.75,31.25,217.051
-10.25,31.25,221.754
-9.75,31.25,226.018
-9.25,31.25,229.874
-8.75,31.25,233.365
-8.25,31.25,236.543
-7.75,31.25,239.472
-7.25,31.25,242.22
-6.75,31.25,244.867
-6.25,31.25,247.497
-5.75,31.25,250.2
-5.25,31.25,253.066
-4.75,31.25,256.187
-4.25,31.25,259.646
-3.75,31.25,263.518
-3.25,31.25,267.862
-2.75,31.25,272.718
-2.25,31.25,278.107
-1.75,31.25,284.028
-1.25,31.25,290.456
-0.75,31.25,297.353
-0.25,31.25,304.661
0.25,31.25,312.318
0.75,31.25,320.255
1.25,31.25,328.407
1.75,31.25,336.716
2.25,31.25,345.133
2.75,31.25,353.625
3.25,31.25,362.173
3.75,31.25,370.775
4.25,31.25,379.443
4.75,31.25,388.203
5.25,31.25,397.091
5.75,31.25,406.15
6.25,31.25,415.422
6.75,31.25,424.945
7.25,31.25,434.744
7.75,31.25,444.821
8.25,31.25,455.154
8.75,31.25,465.688
9.25,31.25,476.332
9.75,31.25,486.957
10.25,31.25,497.405
10.75,31.25,507.487
11.25,31.25,517.001
11.75,31.25,525.738
12.25,31.25,533.496
12.75,31.25,540.092
13.25,31.25,545.37
13.75,31.25,549.206
14.25,31.25,551.508
14.75,31.25,552.211
15.25,31.25,551.275
15.75,31.25,548.674
16.25,31.25,544.388
16.75,31.25,538.401
17.25,31.25,530.703
17.75,31.25,521.285
18.25,31.25,510.157
18.75,31.25,497.347
19.25,31.25,482.915
19.75,31.25,466.959
20.25,31.25,449.615
20.75,31.25,431.061
21.25,31.25,411.507
21.75,31.25,391.189
22.25,31.25,370.36
22.75,31.25,349.276
23.25,31.25,328.187
23.75,31.25,307.326
24.25,31.25,286.904
24.75,31.25,267.104
25.25,31.25,248.072
25.75,31.25,229.922
26.25,31.25,212.73
26.75,31.25,196.538
27.25,31.25,181.353
27.75,31.25,167.154
28.25,31.25,153.896
28.75,31.25,141.516
29.25,31.25,129.938
29.75,31.25,119.083
30.25,31.25,108.876
30.75,31.25,99.2535
31.25,31.25,90.165
31.75,31.25,81.5821
32.25,31.25,73.4961
32.75,31.25,65.917
33.25,31.25,58.8678
33.75,31.25,52.3768
34.25,31.25,46.4706
34.75,31.25,41.1656
35.25,31.25,36.4634
35.75,31.25,32.3486
36.25,31.25,28.7892
36.75,31.25,25.7398
37.25,31.25,23.1463
37.75,31.25,20.9495
38.25,31.25,19.0899
38.75,31.25,17.5101
39.25,31.25,16.1573
39.75,31.25,14.9836
40.25,31.25,13.9475
40.75,31.25,13.0129
41.25,31.25,12.1496
41.75,31.25,11.3327
42.25,31.25,10.5423
42.75,31.25,9.76366
43.25,31.25,8.98688
43.75,31.25,8.20687
44.25,31.25,7.42147
44.75,31.25,6.63233
-44.75,31.75,2.3971
-44.25,31.75,2.43295
-43.75,31.75,2.44593
-43.25,31.75,2.45647
-42.75,31.75,2.47728
-42.25,31.75,2.50997
-41.75,31.75,2.55311
-41.25,31.75,2.60325
-40.75,31.75,2.65596
-40.25,31.75,2.70693
-39.75,31.75,2.75315
-39.25,31.75,2.79388
-38.75,31.75,2.83134
-38.25,31.75,2.87098
-37.75,31.75,2.92132
-37.25,31.75,2.99322
-36.75,31.75,3.09888
-36.25,31.75,3.25072
-35.75,31.75,3.46012
-35.25,31.75,3.73666
-34.75,31.75,4.08745
-34.25,31.75,4.51685
-33.75,31.75,5.02665
-33.25,31.75,5.61666
-32.75,31.75,6.28555
-32.25,31.75,7.03211
-31.75,31.75,7.85656
-31.25,31.75,8.76179
-30.75,31.75,9.75448
-30.25,31.75,10.8457
-29.75,31.75,12.0512
-29.25,31.75,13.3907
-28.75,31.75,14.8874
-28.25,31.75,16.5662
-27.75,31.75,18.4526
-27.25,31.75,20.5702
-26.75,31.75,22.9394
-26.25,31.75,25.575
-25.75,31.75,28.4851
-25.25,31.75,31.6699
-24.75,31.75,35.1212
-24.25,31.75,38.8234
-23.75,31.75,42.7548
-23.25,31.75,46.8906
-22.75,31.75,51.2053
-22.25,31.75,55.6765
-21.75,31.75,60.2874
-21.25,31.75,65.0291
-20.75,31.75,69.9015
-20.25,31.75,74.9129
-19.75,31.75,80.0785
-19.25,31.75,85.4177
-18.75,31.75,90.9512
-18.25,31.75,96.6972
-17.75,31.75,102.668
-17.25,31.75,108.868
-16.75,31.75,115.288
-16.25,31.75,121.909
-15.75,31.75,128.694
-15.25,31.75,135.595
-14.75,31.75,142.547
-14.25,31.75,149.479
-13.75,31.75,156.308
-13.25,31.75,162.952
-12.75,31.75,169.33
-12.25,31.75,175.37
-11.75,31.75,181.012
-11.25,31.75,186.214
-10.75,31.75,190.95
-10.25,31.75,195.214
-9.75,31.75,199.015
-9.25,31.75,202.378
-8.75,31.75,205.343
-8.25,31.75,207.958
-7.75,31.75,210.285
-7.25,31.75,212.391
-6.75,31.75,214.353
-6.25,31.75,216.254
-5.75,31.75,218.181
-5.25,31.75,220.226
-4.75,31.75,222.476
-4.25,31.75,225.019
-3.75,31.75,227.932
-3.25,31.75,231.279
-2.75,31.75,235.11
-2.25,31.75,239.456
-1.75,31.75,244.329
-1.25,31.75,249.721
-0.75,31.75,255.606
-0.25,31.75,261.945
0.25,31.75,268.684
0.75,31.75,275.768
1.25,31.75,283.135
1.75,31.75,290.73
2.25,31.75,298.5
2.75,31.75,306.404
3.25,31.75,314.409
3.75,31.75,322.497
4.25,31.75,330.658
4.75,31.75,338.895
5.25,31.75,347.221
5.75,31.75,355.651
6.25,31.75,364.208
6.75,31.75,372.908
7.25,31.75,381.762
7.75,31.75,390.768
8.25,31.75,399.904
8.75,31.75,409.124
9.25,31.75,418.356
9.75,31.75,427.499
10.25,31.75,436.424
10.75,31.75,444.98
11.25,31.75,453
11.75,31.75,460.309
12.25,31.75,466.737
12.75,31.75,472.126
13.25,31.75,476.338
13.75,31.75,479.263
14.25,31.75,480.816
14.75,31.75,480.938
15.25,31.75,479.59
15.75,31.75,476.75
16.25,31.75,472.401
16.75,31.75,466.534
17.25,31.75,459.146
17.75,31.75,450.241
18.25,31.75,439.839
18.75,31.75,427.98
19.25,31.75,414.731
19.75,31.75,400.194
20.25,31.75,384.505
20.75,31.75,367.835
21.25,31.75,350.38
21.75,31.75,332.36
22.25,31.75,314.005
22.75,31.75,295.541
23.25,31.75,277.19
23.75,31.75,259.151
24.25,31.75,241.602
24.75,31.75,224.688
25.25,31.75,208.527
25.75,31.75,193.2
26.25,31.75,178.757
26.75,31.75,165.219
27.25,31.75,152.575
27.75,31.75,140.794
28.25,31.75,129.823
28.75,31.75,119.594
29.25,31.75,110.035
29.75,31.75,101.066
30.25,31.75,92.6162
30.75,31.75,84.6247
31.25,31.75,77.0461
31.75,31.75,69.8548
32.25,31.75,63.0453
32.75,31.75,56.63
33.25,31.75,50.6347
33.75,31.75,45.0909
34.25,31.75,40.029
34.75,31.75,35.4703
35.25,31.75,31.4224
35.75,31.75,27.8771
36.25,31.75,24.8101
36.75,31.75,22.1846
37.25,31.75,19.9548
37.75,31.75,18.0701
38.25,31.75,16.4788
38.75,31.75,15.131
39.25,31.75,13.9804
39.75,31.75,12.9854
40.25,31.75,12.1098
40.75,31.75,11.3222
41.25,31.75,10.5964
41.75,31.75,9.91089
42.25,31.75,9.24881
42.75,31.75,8.59751
43.25,31.75,7.94856
43.75,31.75,7.29749
44.25,31.75,6.64194
44.75,31.75,5.98235
-44.75,32.25,2.19186
-44.25,32.25,2.27423
-43.75,32.25,2.33456
-43.25,32.25,2.38827
-42.75,32.25,2.44463
-42.25,32.25,2.50323
-41.75,32.25,2.56134
-41.25,32.25,2.61487
-40.75,32.25,2.65947
-40.25,32.25,2.69174
-39.75,32.25,2.71036
-39.25,32.25,2.71692
-38.75,32.25,2.71632
-38.25,32.25,2.71667
-37.75,32.25,2.72865
-37.25,32.25,2.76448
-36.75,32.25,2.83673
-36.25,32.25,2.95704
-35.75,32.25,3.1351
-35.25,32.25,3.37794
-34.75,32.25,3.6896
-34.25,32.25,4.07102
-33.75,32.25,4.52051
-33.25,32.25,5.03447
-32.75,32.25,5.60847
-32.25,32.25,6.23856
-31.75,32.25,6.92258
-31.25,32.25,7.66146
-30.75,32.25,8.46009
-30.25,32.25,9.32787
-29.75,32.25,10.2786
-29.25,32.25,11.3301
-28.75,32.25,12.5031
-28.25,32.25,13.8198
-27.75,32.25,15.303
-27.25,32.25,16.974
-26.75,32.25,18.8511
-26.25,32.25,20.9485
-25.75,32.25,23.2747
-25.25,32.25,25.8318
-24.75,32.25,28.6156
-24.25,32.25,31.6154
-23.75,32.25,34.8161
-23.25,32.25,38.1997
-22.75,32.25,41.748
-22.25,32.25,45.4453
-21.75,32.25,49.2808
-21.25,32.25,53.2508
-20.75,32.25,57.3587
-20.25,32.25,61.6157
-19.75,32.25,66.0385
-19.25,32.25,70.6478
-18.75,32.25,75.465
-18.25,32.25,80.5093
-17.75,32.25,85.7943
-17.25,32.25,91.3253
-16.75,32.25,97.0971
-16.25,32.25,103.092
-15.75,32.25,109.277
-15.25,32.25,115.606
-14.75,32.25,122.019
-14.25,32.25,128.444
-13.75,32.25,134.801
-13.25,32.25,141.004
-12.75,32.25,146.971
-12.25,32.25,152.625
-11.75,32.25,157.898
-11.25,32.25,162.741
-10.75,32.25,167.119
-10.25,32.25,171.016
-9.75,32.25,174.434
-9.25,32.25,177.392
-8.75,32.25,179.921
-8.25,32.25,182.068
-7.75,32.25,183.89
-7.25,32.25,185.454
-6.75,32.25,186.834
-6.25,32.25,188.112
-5.75,32.25,189.378
-5.25,32.25,190.719
-4.75,32.25,192.228
-4.25,32.25,193.99
-3.75,32.25,196.085
-3.25,32.25,198.582
-2.75,32.25,201.536
-2.25,32.25,204.984
-1.75,32.25,208.95
-1.25,32.25,213.434
-0.75,32.25,218.424
-0.25,32.25,223.892
0.25,32.25,229.796
0.75,32.25,236.088
1.25,32.25,242.716
1.75,32.25,249.625
2.25,32.25,256.762
2.75,32.25,264.081
3.25,32.25,271.538
3.75,32.25,279.102
4.25,32.25,286.745
4.75,32.25,294.451
5.25,32.25,302.208
5.75,32.25,310.013
6.25,32.25,317.866
6.75,32.25,325.768
7.25,32.25,333.721
7.75,32.25,341.716
8.25,32.25,349.734
8.75,32.25,357.741
9.25,32.25,365.683
9.75,32.25,373.482
10.25,32.25,381.04
10.75,32.25,388.236
11.25,32.25,394.935
11.75,32.25,400.992
12.25,32.25,406.263
12.75,32.25,410.612
13.25,32.25,413.917
13.75,32.25,416.077
14.25,32.25,417.015
14.75,32.25,416.675
15.25,32.25,415.021
15.75,32.25,412.031
16.25,32.25,407.695
16.75,32.25,402.009
17.25,32.25,394.978
17.75,32.25,386.618
18.25,32.25,376.958
18.75,32.25,366.045
19.25,32.25,353.955
19.75,32.25,340.791
20.25,32.25,326.687
20.75,32.25,311.805
21.25,32.25,296.329
21.75,32.25,280.461
22.25,32.25,264.405
22.75,32.25,248.364
23.25,32.25,232.529
23.75,32.25,217.068
24.25,32.25,202.126
24.75,32.25,187.82
25.25,32.25,174.234
25.75,32.25,161.425
26.25,32.25,149.419
26.75,32.25,138.216
27.25,32.25,127.796
27.75,32.25,118.116
28.25,32.25,109.12
28.75,32.25,100.741
29.25,32.25,92.9068
29.75,32.25,85.5456
30.25,32.25,78.5913
30.75,32.25,71.989
31.25,32.25,65.6993
31.75,32.25,59.7014
32.25,32.25,53.9929
32.75,32.25,48.5888
33.25,32.25,43.5159
33.75,32.25,38.8065
34.25,32.25,34.492
34.75,32.25,30.5958
35.25,32.25,27.1289
35.75,32.25,24.0874
36.25,32.25,21.4532
36.75,32.25,19.1961
37.25,32.25,17.2776
37.75,32.25,15.6547
38.25,32.25,14.2831
38.75,32.25,13.1199
39.25,32.25,12.1258
39.75,32.25,11.2653
40.25,32.25,10.5078
40.75,32.25,9.82727
41.25,32.25,9.20221
41.75,32.25,8.61528
42.25,32.25,8.05306
42.75,32.25,7.50573
43.25,32.25,6.96677
43.75,32.25,6.43258
44.25,32.25,5.90049
44.75,32.25,5.36932
-44.75,32.75,2.06795
-44.25,32.75,2.20243
-43.75,32.75,2.31564
-43.25,32.75,2.41785
-42.75,32.75,2.51435
-42.25,32.75,2.60198
-41.75,32.75,2.67612
-41.25,32.75,2.73185
-40.75,32.75,2.76514
-40.25,32.75,2.77416
-39.75,32.75,2.76019
-39.25,32.75,2.72815
-38.75,32.75,2.6865
-38.25,32.75,2.6466
-37.75,32.75,2.62157
-37.25,32.75,2.62496
-36.75,32.75,2.6694
-36.25,32.75,2.76542
-35.75,32.75,2.92062
-35.25,32.75,3.13926
-34.75,32.75,3.42218
-34.25,32.75,3.76699
-33.75,32.75,4.16877
-33.25,32.75,4.62094
-32.75,32.75,5.11652
-32.25,32.75,5.64946
-31.75,32.75,6.216
-31.25,32.75,6.81587
-30.75,32.75,7.453
-30.25,32.75,8.13592
-29.75,32.75,8.87741
-29.25,32.75,9.69386
-28.75,32.75,10.6042
-28.25,32.75,11.6286
-27.75,32.75,12.7872
-27.25,32.75,14.0988
-26.75,32.75,15.5795
-26.25,32.75,17.2418
-25.75,32.75,19.0935
-25.25,32.75,21.1373
-24.75,32.75,23.3706
-24.25,32.75,25.7861
-23.75,32.75,28.3726
-23.25,32.75,31.1171
-22.75,32.75,34.0067
-22.25,32.75,37.0308
-21.75,32.75,40.1831
-21.25,32.75,43.4638
-20.75,32.75,46.8794
-20.25,32.75,50.4429
-19.75,32.75,54.1727
-19.25,32.75,58.0901
-18.75,32.75,62.2175
-18.25,32.75,66.575
-17.75,32.75,71.1779
-17.25,32.75,76.034
-16.75,32.75,81.1414
-16.25,32.75,86.4864
-15.75,32.75,92.0418
-15.25,32.75,97.7666
-14.75,32.75,103.606
-14.25,32.75,109.492
-13.75,32.75,115.347
-13.25,32.75,121.089
-12.75,32.75,126.633
-12.25,32.75,131.898
-11.75,32.75,136.813
-11.25,32.75,141.318
-10.75,32.75,145.371
-10.25,32.75,148.946
-9.75,32.75,152.035
-9.25,32.75,154.649
-8.75,32.75,156.813
-8.25,32.75,158.568
-7.75,32.75,159.968
-7.25,32.75,161.079
-6.75,32.75,161.975
-6.25,32.75,162.738
-5.75,32.75,163.458
-5.25,32.75,164.224
-4.75,32.75,165.127
-4.25,32.75,166.254
-3.75,32.75,167.685
-3.25,32.75,169.489
-2.75,32.75,171.724
-2.25,32.75,174.431
-1.75,32.75,177.638
-1.25,32.75,181.353
-0.75,32.75,185.571
-0.25,32.75,190.273
0.25,32.75,195.427
0.75,32.75,200.994
1.25,32.75,206.926
1.75,32.75,213.173
2.25,32.75,219.686
2.75,32.75,226.412
3.25,32.75,233.304
3.75,32.75,240.319
4.25,32.75,247.415
4.75,32.75,254.56
5.25,32.75,261.726
5.75,32.75,268.892
6.25,32.75,276.042
6.75,32.75,283.166
7.25,32.75,290.256
7.75,32.75,297.302
8.25,32.75,304.291
8.75,32.75,311.199
9.25,32.75,317.987
9.75,32.75,324.601
10.25,32.75,330.965
10.75,32.75,336.985
11.25,32.75,342.553
11.75,32.75,347.547
12.25,32.75,351.844
12.75,32.75,355.324
13.25,32.75,357.879
13.75,32.75,359.416
14.25,32.75,359.862
14.75,32.75,359.166
15.25,32.75,357.293
15.75,32.75,354.226
16.25,32.75,349.96
16.75,32.75,344.498
17.25,32.75,337.855
17.75,32.75,330.055
18.25,32.75,321.136
18.75,32.75,311.156
19.25,32.75,300.193
19.75,32.75,288.351
20.25,32.75,275.76
20.75,32.75,262.572
21.25,32.75,248.957
21.75,32.75,235.096
22.25,32.75,221.172
22.75,32.75,207.36
23.25,32.75,193.823
23.75,32.75,180.699
24.25,32.75,168.105
24.75,32.75,156.127
25.25,32.75,144.825
25.75,32.75,134.23
26.25,32.75,124.352
26.75,32.75,115.175
27.25,32.75,106.668
27.75,32.75,98.7839
28.25,32.75,91.4659
28.75,32.75,84.6495
29.25,32.75,78.2682
29.75,32.75,72.2573
30.25,32.75,66.5593
30.75,32.75,61.1276
31.25,32.75,55.93
31.75,32.75,50.9511
32.25,32.75,46.1919
32.75,32.75,41.6684
33.25,32.75,37.4065
33.75,32.75,33.4372
34.25,32.75,29.79
34.75,32.75,26.4874
35.25,32.75,23.5408
35.75,32.75,20.9489
36.25,32.75,18.6974
36.75,32.75,16.7618
37.25,32.75,15.1099
37.75,32.75,13.7055
38.25,32.75,12.5114
38.75,32.75,11.4919
39.25,32.75,10.6142
39.75,32.75,9.84926
40.25,32.75,9.17245
40.75,32.75,8.56333
41.25,32.75,8.0055
41.75,32.75,7.48625
42.25,32.75,6.99616
42.75,32.75,6.52867
43.25,32.75,6.07956
43.75,32.75,5.64639
44.25,32.75,5.2264
44.75,32.75,4.8168
-44.75,33.25,2.00019
-44.25,33.25,2.1926
-43.75,33.25,2.36522
-43.25,33.25,2.52263
-42.75,33.25,2.66544
-42.25,33.25,2.78684
-41.75,33.25,2.8797
-41.25,33.25,2.93805
-40.75,33.25,2.95852
-40.25,33.25,2.94149
-39.75,33.25,2.89179
-39.25,33.25,2.81862
-38.75,33.25,2.73474
-38.25,33.25,2.65519
-37.75,33.25,2.59559
-37.25,33.25,2.57061
-36.75,33.25,2.59254
-36.25,33.25,2.67038
-35.75,33.25,2.80931
-35.25,33.25,3.01061
-34.75,33.25,3.27193
-34.25,33.25,3.58773
-33.75,33.25,3.95018
-33.25,33.25,4.35019
-32.75,33.25,4.77871
-32.25,33.25,5.2282
-31.75,33.25,5.69388
-31.25,33.25,6.17485
-30.75,33.25,6.67473
-30.25,33.25,7.20172
-29.75,33.25,7.7682
-29.25,33.25,8.38981
-28.75,33.25,9.08428
-28.25,33.25,9.87019
-27.75,33.25,10.7657
-27.25,33.25,11.7872
-26.75,33.25,12.9486
-26.25,33.25,14.2605
-25.75,33.25,15.7295
-25.25,33.25,17.3578
-24.75,33.25,19.1433
-24.25,33.25,21.0802
-23.75,33.25,23.16
-23.25,33.25,25.3726
-22.75,33.25,27.7087
-22.25,33.25,30.1612
-21.75,33.25,32.7271
-21.25,33.25,35.409
-20.75,33.25,38.2154
-20.25,33.25,41.1606
-19.75,33.25,44.2633
-19.25,33.25,47.5453
-18.75,33.25,51.0292
-18.25,33.25,54.7355
-17.75,33.25,58.6811
-17.25,33.25,62.8762
-16.75,33.25,67.3226
-16.25,33.25,72.0114
-15.75,33.25,76.9217
-15.25,33.25,82.0191
-14.75,33.25,87.2558
-14.25,33.25,92.571
-13.75,33.25,97.8933
-13.25,33.25,103.143
-12.75,33.25,108.238
-12.25,33.25,113.096
-11.75,33.25,117.642
-11.25,33.25,121.809
-10.75,33.25,125.547
-10.25,33.25,128.822
-9.75,33.25,131.615
-9.25,33.25,133.929
-8.75,33.25,135.782
-8.25,33.25,137.21
-7.75,33.25,138.264
-7.25,33.25,139.008
-6.75,33.25,139.516
-6.25,33.25,139.873
-5.75,33.25,140.166
-5.25,33.25,140.486
-4.75,33.25,140.923
-4.25,33.25,141.563
-3.75,33.25,142.483
-3.25,33.25,143.752
-2.75,33.25,145.425
-2.25,33.25,147.545
-1.75,33.25,150.139
-1.25,33.25,153.22
-0.75,33.25,156.787
-0.25,33.25,160.827
0.25,33.25,165.315
0.75,33.25,170.218
1.25,33.25,175.497
1.75,33.25,181.106
2.25,33.25,186.996
2.75,33.25,193.118
3.25,33.25,199.42
3.75,33.25,205.852
4.25,33.25,212.364
4.75,33.25,218.913
5.25,33.25,225.458
5.75,33.25,231.966
6.25,33.25,238.411
6.75,33.25,244.775
7.25,33.25,251.045
7.75,33.25,257.214
8.25,33.25,263.272
8.75,33.25,269.205
9.25,33.25,274.99
9.75,33.25,280.589
10.25,33.25,285.944
10.75,33.25,290.983
11.25,33.25,295.615
11.75,33.25,299.737
12.25,33.25,303.24
12.75,33.25,306.018
13.25,33.25,307.969
13.75,33.25,309.01
14.25,33.25,309.071
14.75,33.25,308.105
15.25,33.25,306.083
15.75,33.25,302.992
16.25,33.25,298.833
16.75,33.25,293.62
17.25,33.25,287.375
17.75,33.25,280.135
18.25,33.25,271.945
18.75,33.25,262.871
19.25,33.25,252.994
19.75,33.25,242.417
20.25,33.25,231.263
20.75,33.25,219.673
21.25,33.25,207.801
21.75,33.25,195.807
22.25,33.25,183.849
22.75,33.25,172.078
23.25,33.25,160.626
23.75,33.25,149.606
24.25,33.25,139.105
24.75,33.25,129.186
25.25,33.25,119.884
25.75,33.25,111.214
26.25,33.25,103.168
26.75,33.25,95.7211
27.25,33.25,88.8356
27.75,33.25,82.4626
28.25,33.25,76.5467
28.75,33.25,71.0288
29.25,33.25,65.8503
29.75,33.25,60.9561
30.25,33.25,56.299
30.75,33.25,51.8422
31.25,33.25,47.5617
31.75,33.25,43.4477
32.25,33.25,39.5043
32.75,33.25,35.7469
33.25,33.25,32.1993
33.75,33.25,28.8881
34.25,33.25,25.8388
34.75,33.25,23.0703
35.25,33.25,20.5923
35.75,33.25,18.4038
36.25,33.25,16.4932
36.75,33.25,14.84
37.25,33.25,13.4178
37.75,33.25,12.1969
38.25,33.25,11.1469
38.75,33.25,10.2386
39.25,33.25,9.44603
39.75,33.25,8.7464
40.25,33.25,8.12103
40.75,33.25,7.55509
41.25,33.25,7.03734
41.75,33.25,6.55981
42.25,33.25,6.11721
42.75,33.25,5.7064
43.25,33.25,5.32569
43.75,33.25,4.97411
44.25,33.25,4.64918
44.75,33.25,4.34697
-44.75,33.75,1.97088
-44.25,33.75,2.22607
-43.75,33.75,2.46407
-43.25,33.75,2.68331
-42.75,33.75,2.87885
-42.25,33.75,3.03936
-41.75,33.75,3.15458
-41.25,33.75,3.21727
-40.75,33.75,3.22491
-40.25,33.75,3.18073
-39.75,33.75,3.09384
-39.25,33.75,2.97843
-38.75,33.75,2.85209
-38.25,33.75,2.73376
-37.75,33.75,2.64153
-37.25,33.75,2.59089
-36.75,33.75,2.59351
-36.25,33.75,2.65656
-35.75,33.75,2.78263
-35.25,33.75,2.97008
-34.75,33.75,3.21356
-34.25,33.75,3.50475
-33.75,33.75,3.83333
-33.25,33.75,4.18816
-32.75,33.75,4.55864
-32.25,33.75,4.93611
-31.75,33.75,5.31512
-31.25,33.75,5.69446
-30.75,33.75,6.07763
-30.25,33.75,6.47282
-29.75,33.75,6.8923
-29.25,33.75,7.35132
-28.75,33.75,7.86693
-28.25,33.75,8.45661
-27.75,33.75,9.13703
-27.25,33.75,9.92293
-26.75,33.75,10.8264
-26.25,33.75,11.8562
-25.75,33.75,13.0174
-25.25,33.75,14.3114
-24.75,33.75,15.7361
-24.25,33.75,17.286
-23.75,33.75,18.9538
-23.25,33.75,20.7314
-22.75,33.75,22.6115
-22.25,33.75,24.5892
-21.75,33.75,26.6633
-21.25,33.75,28.8378
-20.75,33.75,31.1221
-20.25,33.75,33.5304
-19.75,33.75,36.0813
-19.25,33.75,38.7957
-18.75,33.75,41.6957
-18.25,33.75,44.8019
-17.75,33.75,48.1316
-17.25,33.75,51.6971
-16.75,33.75,55.5035
-16.25,33.75,59.5468
-15.75,33.75,63.8124
-15.25,33.75,68.2735
-14.75,33.75,72.8904
-14.25,33.75,77.611
-13.75,33.75,82.3714
-13.25,33.75,87.0988
-12.75,33.75,91.7145
-12.25,33.75,96.1386
-11.75,33.75,100.294
-11.25,33.75,104.111
-10.75,33.75,107.531
-10.25,33.75,110.513
-9.75,33.75,113.031
-9.25,33.75,115.077
-8.75,33.75,116.665
-8.25,33.75,117.824
-7.75,33.75,118.603
-7.25,33.75,119.064
-6.75,33.75,119.282
-6.25,33.75,119.338
-5.75,33.75,119.323
-5.25,33.75,119.324
-4.75,33.75,119.431
-4.25,33.75,119.724
-3.75,33.75,120.279
-3.25,33.75,121.159
-2.75,33.75,122.416
-2.25,33.75,124.088
-1.75,33.75,126.202
-1.25,33.75,128.77
-0.75,33.75,131.794
-0.25,33.75,135.265
0.25,33.75,139.162
0.75,33.75,143.459
1.25,33.75,148.122
1.75,33.75,153.112
2.25,33.75,158.383
2.75,33.75,163.887
3.25,33.75,169.574
3.75,33.75,175.389
4.25,33.75,181.281
4.75,33.75,187.198
5.25,33.75,193.093
5.75,33.75,198.928
6.25,33.75,204.671
6.75,33.75,210.3
7.25,33.75,215.804
7.75,33.75,221.175
8.25,33.75,226.41
8.75,33.75,231.505
9.25,33.75,236.444
9.75,33.75,241.203
10.25,33.75,245.738
10.75,33.75,249.987
11.25,33.75,253.873
11.75,33.75,257.304
12.25,33.75,260.181
12.75,33.75,262.405
13.25,33.75,263.884
13.75,33.75,264.536
14.25,33.75,264.3
14.75,33.75,263.133
15.25,33.75,261.012
15.75,33.75,257.931
16.25,33.75,253.901
16.75,33.75,248.945
17.25,33.75,243.098
17.75,33.75,236.404
18.25,33.75,228.92
18.75,33.75,220.715
19.25,33.75,211.875
19.75,33.75,202.499
20.25,33.75,192.701
20.75,33.75,182.61
21.25,33.75,172.361
21.75,33.75,162.092
22.25,33.75,151.938
22.75,33.75,142.02
23.25,33.75,132.447
23.75,33.75,123.303
24.25,33.75,114.652
24.75,33.75,106.534
25.25,33.75,98.966
25.75,33.75,91.9476
26.25,33.75,85.4601
26.75,33.75,79.472
27.25,33.75,73.9415
27.75,33.75,68.8205
28.25,33.75,64.0578
28.75,33.75,59.6016
29.25,33.75,55.4026
29.75,33.75,51.4173
30.25,33.75,47.6097
30.75,33.75,43.954
31.25,33.75,40.4348
31.75,33.75,37.0481
32.25,33.75,33.8002
32.75,33.75,30.7053
33.25,33.75,27.783
33.75,33.75,25.0544
34.25,33.75,22.5388
34.75,33.75,20.2497
35.25,33.75,18.1934
35.75,33.75,16.3677
36.25,33.75,14.7621
36.75,33.75,13.3595
37.25,33.75,12.1385
37.75,33.75,11.0749
38.25,33.75,10.1447
38.75,33.75,9.3253
39.25,33.75,8.59677
39.75,33.75,7.94243
40.25,33.75,7.34921
40.75,33.75,6.80754
41.25,33.75,6.31106
41.75,33.75,5.8562
42.25,33.75,5.44159
42.75,33.75,5.06732
43.25,33.75,4.73422
43.75,33.75,4.44292
44.25,33.75,4.19165
44.75,33.75,3.97602
-44.75,34.25,1.97395
-44.25,34.25,2.29502
-43.75,34.25,2.60275
-43.25,34.25,2.88905
-42.75,34.25,3.1428
-42.25,34.25,3.34737
-41.75,34.25,3.48878
-41.25,34.25,3.55827
-40.75,34.25,3.5542
-40.25,34.25,3.48294
-39.75,34.25,3.35833
-39.25,34.25,3.19993
-38.75,34.25,3.03042
-38.25,34.25,2.87272
-37.75,34.25,2.74733
-37.25,34.25,2.67049
-36.75,34.25,2.65313
-36.25,34.25,2.70063
-35.75,34.25,2.81317
-35.25,34.25,2.98649
-34.75,34.25,3.21271
-34.25,34.25,3.48122
-33.75,34.25,3.77977
-33.25,34.25,4.09565
-32.75,34.25,4.41703
-32.25,34.25,4.73434
-31.75,34.25,5.04151
-31.25,34.25,5.33692
-30.75,34.25,5.6238
-30.25,34.25,5.91017
-29.75,34.25,6.20806
-29.25,34.25,6.53247
-28.75,34.25,6.90001
-28.25,34.25,7.32752
-27.75,34.25,7.8308
-27.25,34.25,8.4235
-26.75,34.25,9.11648
-26.25,34.25,9.91724
-25.75,34.25,10.8298
-25.25,34.25,11.8545
-24.75,34.25,12.9888
-24.25,34.25,14.2274
-23.75,34.25,15.5633
-23.25,34.25,16.9894
-22.75,34.25,18.4994
-22.25,34.25,20.0894
-21.75,34.25,21.7592
-21.25,34.25,23.5129
-20.75,34.25,25.3597
-20.25,34.25,27.313
-19.75,34.25,29.3899
-19.25,34.25,31.6099
-18.75,34.25,33.9935
-18.25,34.25,36.5603
-17.75,34.25,39.3276
-17.25,34.25,42.3088
-16.75,34.25,45.5116
-16.25,34.25,48.9362
-15.75,34.25,52.5742
-15.25,34.25,56.4061
-14.75,34.25,60.4012
-14.25,34.25,64.5164
-13.75,34.25,68.6974
-13.25,34.25,72.8797
-12.75,34.25,76.9913
-12.25,34.25,80.9567
-11.75,34.25,84.7
-11.25,34.25,88.1504
-10.75,34.25,91.2463
-10.25,34.25,93.939
-9.75,34.25,96.1959
-9.25,34.25,98.0035
-8.75,34.25,99.3677
-8.25,34.25,100.314
-7.75,34.25,100.887
-7.25,34.25,101.147
-6.75,34.25,101.165
-6.25,34.25,101.025
-5.75,34.25,100.812
-5.25,34.25,100.613
-4.75,34.25,100.511
-4.25,34.25,100.584
-3.75,34.25,100.9
-3.25,34.25,101.517
-2.75,34.25,102.479
-2.25,34.25,103.821
-1.75,34.25,105.565
-1.25,34.25,107.722
-0.75,34.25,110.293
-0.25,34.25,113.272
0.25,34.25,116.641
0.75,34.25,120.38
1.25,34.25,124.46
1.75,34.25,128.847
2.25,34.25,133.501
2.75,34.25,138.377
3.25,34.25,143.427
3.75,34.25,148.6
4.25,34.25,153.841
4.75,34.25,159.101
5.25,34.25,164.33
5.75,34.25,169.487
6.25,34.25,174.543
6.75,34.25,179.475
7.25,34.25,184.273
7.75,34.25,188.935
8.25,34.25,193.463
8.75,34.25,197.856
9.25,34.25,202.108
9.75,34.25,206.197
10.25,34.25,210.088
10.75,34.25,213.727
11.25,34.25,217.04
11.75,34.25,219.942
12.25,34.25,222.34
12.75,34.25,224.139
13.25,34.25,225.253
13.75,34.25,225.605
14.25,34.25,225.141
14.75,34.25,223.823
15.25,34.25,221.638
15.75,34.25,218.589
16.25,34.25,214.698
16.75,34.25,209.999
17.25,34.25,204.539
17.75,34.25,198.372
18.25,34.25,191.564
18.75,34.25,184.188
19.25,34.25,176.33
19.75,34.25,168.084
20.25,34.25,159.556
20.75,34.25,150.858
21.25,34.25,142.107
21.75,34.25,133.419
22.25,34.25,124.903
22.75,34.25,116.655
23.25,34.25,108.757
23.75,34.25,101.27
24.25,34.25,94.2357
24.75,34.25,87.6768
25.25,34.25,81.596
25.75,34.25,75.9807
26.25,34.25,70.8046
26.75,34.25,66.0321
27.25,34.25,61.6205
27.75,34.25,57.5243
28.25,34.25,53.6976
28.75,34.25,50.097
29.25,34.25,46.6842
29.75,34.25,43.4275
30.25,34.25,40.3034
30.75,34.25,37.2968
31.25,34.25,34.4013
31.75,34.25,31.6183
32.25,34.25,28.9558
32.75,34.25,26.4263
33.25,34.25,24.0446
33.75,34.25,21.8251
34.25,34.25,19.7801
34.75,34.25,17.9168
35.25,34.25,16.2371
35.75,34.25,14.7364
36.25,34.25,13.4044
36.75,34.25,12.2264
37.25,34.25,11.1847
37.75,34.25,10.2604
38.25,34.25,9.43494
38.75,34.25,8.69151
39.25,34.25,8.01581
39.75,34.25,7.39661
40.25,34.25,6.82591
40.75,34.25,6.29884
41.25,34.25,5.81337
41.75,34.25,5.36977
42.25,34.25,4.97001
42.75,34.25,4.61697
43.25,34.25,4.31369
43.75,34.25,4.06235
44.25,34.25,3.8622
44.75,34.25,3.70907
-44.75,34.75,2.01511
-44.25,34.75,2.4035
-43.75,34.75,2.78323
-43.25,34.75,3.13966
-42.75,34.75,3.45517
-42.25,34.75,3.70737
-41.75,34.75,3.87811
-41.25,34.75,3.95675
-40.75,34.75,3.94239
-40.25,34.75,3.84445
-39.75,34.75,3.6815
-39.25,34.75,3.47849
-38.75,34.75,3.26323
-38.25,34.75,3.06262
-37.75,34.75,2.89967
-37.25,34.75,2.79152
-36.75,34.75,2.74868
-36.25,34.75,2.77511
-35.75,34.75,2.86913
-35.25,34.75,3.02445
-34.75,34.75,3.2313
-34.25,34.75,3.47743
-33.75,34.75,3.74918
-33.25,34.75,4.03267
-32.75,34.75,4.31506
-32.25,34.75,4.58583
-31.75,34.75,4.83805
-31.25,34.75,5.06922
-30.75,34.75,5.28178
-30.25,34.75,5.48298
-29.75,34.75,5.68423
-29.25,34.75,5.90002
-28.75,34.75,6.14653
-28.25,34.75,6.44026
-27.75,34.75,6.79665
-27.25,34.75,7.22899
-26.75,34.75,7.74763
-26.25,34.75,8.35955
-25.75,34.75,9.06816
-25.25,34.75,9.87344
-24.75,34.75,10.7724
-24.25,34.75,11.7596
-23.75,34.75,12.8284
-23.25,34.75,13.972
-22.75,34.75,15.1845
-22.25,34.75,16.4623
-21.75,34.75,17.8051
-21.25,34.75,19.2164
-20.75,34.75,20.7042
-20.25,34.75,22.2801
-19.75,34.75,23.959
-19.25,34.75,25.758
-18.75,34.75,27.6953
-18.25,34.75,29.7888
-17.75,34.75,32.0548
-17.25,34.75,34.5069
-16.75,34.75,37.1545
-16.25,34.75,40.0016
-15.75,34.75,43.0446
-15.25,34.75,46.2714
-14.75,34.75,49.6596
-14.25,34.75,53.176
-13.75,34.75,56.7763
-13.25,34.75,60.4059
-12.75,34.75,64.0015
-12.25,34.75,67.4942
-11.75,34.75,70.8126
-11.25,34.75,73.8872
-10.75,34.75,76.655
-10.25,34.75,79.0639
-9.75,34.75,81.0766
-9.25,34.75,82.6735
-8.75,34.75,83.8551
-8.25,34.75,84.6422
-7.75,34.75,85.0744
-7.25,34.75,85.2083
-6.75,34.75,85.1135
-6.25,34.75,84.8684
-5.75,34.75,84.5553
-5.25,34.75,84.2564
-4.75,34.75,84.0493
-4.25,34.75,84.0046
-3.75,34.75,84.1829
-3.25,34.75,84.6341
-2.75,34.75,85.3968
-2.25,34.75,86.4986
-1.75,34.75,87.957
-1.25,34.75,89.7801
-0.75,34.75,91.9682
-0.25,34.75,94.5146
0.25,34.75,97.4067
0.75,34.75,100.626
1.25,34.75,104.15
1.75,34.75,107.95
2.25,34.75,111.992
2.75,34.75,116.236
3.25,34.75,120.64
3.75,34.75,125.155
4.25,34.75,129.732
4.75,34.75,134.323
5.25,34.75,138.884
5.75,34.75,143.377
6.25,34.75,147.774
6.75,34.75,152.058
7.25,34.75,156.223
7.75,34.75,160.271
8.25,34.75,164.205
8.75,34.75,168.03
9.25,34.75,171.738
9.75,34.75,175.313
10.25,34.75,178.719
10.75,34.75,181.902
11.25,34.75,184.789
11.75,34.75,187.299
12.25,34.75,189.338
12.75,34.75,190.817
13.25,34.75,191.651
13.75,34.75,191.773
14.25,34.75,191.132
14.75,34.75,189.702
15.25,34.75,187.479
15.75,34.75,184.477
16.25,34.75,180.731
16.75,34.75,176.287
17.25,34.75,171.203
17.75,34.75,165.542
18.25,34.75,159.377
18.75,34.75,152.785
19.25,34.75,145.849
19.75,34.75,138.659
20.25,34.75,131.307
20.75,34.75,123.892
21.25,34.75,116.509
21.75,34.75,109.252
22.25,34.75,102.204
22.75,34.75,95.4401
23.25,34.75,89.0165
23.75,34.75,82.9744
24.25,34.75,77.3379
24.75,34.75,72.1138
25.25,34.75,67.2941
25.75,34.75,62.858
26.25,34.75,58.7744
26.75,34.75,55.0054
27.25,34.75,51.5091
27.75,34.75,48.2434
28.25,34.75,45.1688
28.75,34.75,42.2508
29.25,34.75,39.462
29.75,34.75,36.7828
30.25,34.75,34.2015
30.75,34.75,31.7142
31.25,34.75,29.3226
31.75,34.75,27.0332
32.25,34.75,24.8555
32.75,34.75,22.7998
33.25,34.75,20.8762
33.75,34.75,19.0928
34.25,34.75,17.4547
34.75,34.75,15.9629
35.25,34.75,14.6144
35.75,34.75,13.4017
36.25,34.75,12.3141
36.75,34.75,11.338
37.25,34.75,10.4587
37.75,34.75,9.66132
38.25,34.75,8.93192
38.75,34.75,8.25856
39.25,34.75,7.63184
39.75,34.75,7.0452
40.25,34.75,6.49502
40.75,34.75,5.98046
41.25,34.75,5.50308
41.75,34.75,5.0663
42.25,34.75,4.67474
42.75,34.75,4.33345
43.25,34.75,4.04717
43.75,34.75,3.81939
44.25,34.75,3.65039
44.75,34.75,3.53666
-44.75,35.25,2.10841
-44.25,35.25,2.56468
-43.75,35.25,3.0168
-43.25,35.25,3.44395
-42.75,35.25,3.82216
-42.25,35.25,4.1232
-41.75,35.25,4.32459
-41.25,35.25,4.41358
-40.75,35.25,4.38963
-40.25,35.25,4.26484
-39.75,35.25,4.06207
-39.25,35.25,3.81133
-38.75,35.25,3.54531
-38.25,35.25,3.29496
-37.75,35.25,3.08599
-37.25,35.25,2.93694
-36.75,35.25,2.8585
-36.25,35.25,2.85402
-35.75,35.25,2.92075
-35.25,35.25,3.05119
-34.75,35.25,3.23444
-34.25,35.25,3.45722
-33.75,35.25,3.70498
-33.25,35.25,3.96297
-32.75,35.25,4.21736
-32.25,35.25,4.45652
-31.75,35.25,4.67214
-31.25,35.25,4.86023
-30.75,35.25,5.02161
-30.25,35.25,5.162
-29.75,35.25,5.29146
-29.25,35.25,5.42349
-28.75,35.25,5.57362
-28.25,35.25,5.7581
-27.75,35.25,5.99243
-27.25,35.25,6.29012
-26.75,35.25,6.66184
-26.25,35.25,7.11483
-25.75,35.25,7.65273
-25.25,35.25,8.27567
-24.75,35.25,8.98078
-24.25,35.25,9.76292
-23.75,35.25,10.6156
-23.25,35.25,11.5322
-22.75,35.25,12.507
-22.25,35.25,13.5359
-21.75,35.25,14.6181
-21.25,35.25,15.7557
-20.75,35.25,16.9547
-20.25,35.25,18.2242
-19.75,35.25,19.5761
-19.25,35.25,21.0245
-18.75,35.25,22.5845
-18.25,35.25,24.2717
-17.75,35.25,26.1007
-17.25,35.25,28.0847
-16.75,35.25,30.2341
-16.25,35.25,32.5553
-15.75,35.25,35.0493
-15.25,35.25,37.7101
-14.75,35.25,40.5236
-14.25,35.25,43.4657
-13.75,35.25,46.5028
-13.25,35.25,49.5907
-12.75,35.25,52.6761
-12.25,35.25,55.6987
-11.75,35.25,58.5933
-11.25,35.25,61.2945
-10.75,35.25,63.7405
-10.25,35.25,65.8781
-9.75,35.25,67.6668
-9.25,35.25,69.0827
-8.75,35.25,70.1214
-8.25,35.25,70.7984
-7.75,35.25,71.1483
-7.25,35.25,71.2228
-6.75,35.25,71.0867
-6.25,35.25,70.8128
-5.75,35.25,70.4781
-5.25,35.25,70.1581
-4.75,35.25,69.9232
-4.25,35.25,69.8362
-3.75,35.25,69.9496
-3.25,35.25,70.3055
-2.75,35.25,70.9349
-2.25,35.25,71.8591
-1.75,35.25,73.0906
-1.25,35.25,74.6341
-0.75,35.25,76.4885
-0.25,35.25,78.6475
0.25,35.25,81.1004
0.75,35.25,83.8328
1.25,35.25,86.8261
1.75,35.25,90.0574
2.25,35.25,93.4992
2.75,35.25,97.1187
3.25,35.25,100.879
3.75,35.25,104.739
4.25,35.25,108.656
4.75,35.25,112.589
5.25,35.25,116.499
5.75,35.25,120.357
6.25,35.25,124.139
6.75,35.25,127.836
7.25,35.25,131.445
7.75,35.25,134.97
8.25,35.25,138.418
8.75,35.25,141.792
9.25,35.25,145.084
9.75,35.25,148.274
10.25,35.25,151.324
10.75,35.25,154.175
11.25,35.25,156.755
11.75,35.25,158.977
12.25,35.25,160.751
12.75,35.25,161.988
13.25,35.25,162.609
13.75,35.25,162.553
14.25,35.25,161.777
14.75,35.25,160.267
15.25,35.25,158.028
15.75,35.25,155.089
16.25,35.25,151.496
16.75,35.25,147.307
17.25,35.25,142.589
17.75,35.25,137.416
18.25,35.25,131.863
18.75,35.25,126.01
19.25,35.25,119.934
19.75,35.25,113.719
20.25,35.25,107.445
20.75,35.25,101.193
21.25,35.25,95.0405
21.75,35.25,89.0579
22.25,35.25,83.3077
22.75,35.25,77.8411
23.25,35.25,72.6956
23.75,35.25,67.8949
24.25,35.25,63.4483
24.75,35.25,59.3516
25.25,35.25,55.5886
25.75,35.25,52.1329
26.25,35.25,48.9507
26.75,35.25,46.0031
27.25,35.25,43.2501
27.75,35.25,40.6533
28.25,35.25,38.1797
28.75,35.25,35.8034
29.25,35.25,33.5073
29.75,35.25,31.2831
30.25,35.25,29.1305
30.75,35.25,27.0549
31.25,35.25,25.066
31.75,35.25,23.1747
32.25,35.25,21.3915
32.75,35.25,19.7251
33.25,35.25,18.1814
33.75,35.25,16.7627
34.25,35.25,15.468
34.75,35.25,14.2927
35.25,35.25,13.2292
35.75,35.25,12.2671
36.25,35.25,11.3946
36.75,35.25,10.5987
37.25,35.25,9.86651
37.75,35.25,9.18607
38.25,35.25,8.54707
38.75,35.25,7.94148
39.25,35.25,7.3639
39.75,35.25,6.81163
40.25,35.25,6.28472
40.75,35.25,5.78558
41.25,35.25,5.31864
41.75,35.25,4.88972
42.25,35.25,4.50534
42.75,35.25,4.17202
43.25,35.25,3.8956
43.75,35.25,3.68043
44.25,35.25,3.52765
44.75,35.25,3.43451
-44.75,35.75,2.26993
-44.25,35.75,2.7947
-43.75,35.75,3.31822
-43.25,35.75,3.81421
-42.75,35.75,4.253
-42.25,35.75,4.60096
-41.75,35.75,4.83155
-41.25,35.75,4.9299
-40.75,35.75,4.89556
-40.25,35.75,4.7427
-39.75,35.75,4.49778
-39.25,35.75,4.19519
-38.75,35.75,3.87205
-38.25,35.75,3.56322
-37.75,35.75,3.29742
-37.25,35.75,3.09515
-36.75,35.75,2.96817
-36.25,35.75,2.92018
-35.75,35.75,2.94834
-35.25,35.75,3.04485
-34.75,35.75,3.19845
-34.25,35.75,3.39546
-33.75,35.75,3.62088
-33.25,35.75,3.85929
-32.75,35.75,4.09587
-32.25,35.75,4.31758
-31.75,35.75,4.51429
-31.25,35.75,4.67978
-30.75,35.75,4.81244
-30.25,35.75,4.91558
-29.75,35.75,4.99714
-29.25,35.75,5.06891
-28.75,35.75,5.14546
-28.25,35.75,5.24264
-27.75,35.75,5.3762
-27.25,35.75,5.56037
-26.75,35.75,5.80677
-26.25,35.75,6.12374
-25.75,35.75,6.51594
-25.25,35.75,6.9845
-24.75,35.75,7.52734
-24.25,35.75,8.14002
-23.75,35.75,8.8166
-23.25,35.75,9.55067
-22.75,35.75,10.3364
-22.25,35.75,11.1692
-21.75,35.75,12.047
-21.25,35.75,12.9701
-20.75,35.75,13.9417
-20.25,35.75,14.9678
-19.75,35.75,16.0569
-19.25,35.75,17.2193
-18.75,35.75,18.4669
-18.25,35.75,19.8123
-17.75,35.75,21.2682
-17.25,35.75,22.8467
-16.75,35.75,24.5587
-16.25,35.75,26.4125
-15.75,35.75,28.4128
-15.25,35.75,30.559
-14.75,35.75,32.844
-14.25,35.75,35.2531
-13.75,35.75,37.7622
-13.25,35.75,40.338
-12.75,35.75,42.9376
-12.25,35.75,45.5101
-11.75,35.75,47.9983
-11.25,35.75,50.3424
-10.75,35.75,52.484
-10.25,35.75,54.3704
-9.75,35.75,55.9598
-9.25,35.75,57.2252
-8.75,35.75,58.1576
-8.25,35.75,58.7672
-7.75,35.75,59.083
-7.25,35.75,59.1506
-6.75,35.75,59.0281
-6.25,35.75,58.7818
-5.75,35.75,58.4812
-5.25,35.75,58.1942
-4.75,35.75,57.9833
-4.25,35.75,57.9027
-3.75,35.75,57.9972
-3.25,35.75,58.3007
-2.75,35.75,58.8375
-2.25,35.75,59.6228
-1.75,35.75,60.6646
-1.25,35.75,61.9644
-0.75,35.75,63.5196
-0.25,35.75,65.324
0.25,35.75,67.369
0.75,35.75,69.6432
1.25,35.75,72.1327
1.75,35.75,74.8203
2.25,35.75,77.6846
2.75,35.75,80.7003
3.25,35.75,83.838
3.75,35.75,87.065
4.25,35.75,90.3473
4.75,35.75,93.6518
5.25,35.75,96.9494
5.75,35.75,100.217
6.25,35.75,103.442
6.75,35.75,106.617
7.25,35.75,109.745
7.75,35.75,112.833
8.25,35.75,115.887
8.75,35.75,118.907
9.25,35.75,121.882
9.75,35.75,124.787
10.25,35.75,127.577
10.75,35.75,130.189
11.25,35.75,132.545
11.75,35.75,134.557
12.25,35.75,136.133
12.75,35.75,137.186
13.25,35.75,137.644
13.75,35.75,137.45
14.25,35.75,136.575
14.75,35.75,135.012
15.25,35.75,132.782
15.75,35.75,129.924
16.25,35.75,126.497
16.75,35.75,122.569
17.25,35.75,118.216
17.75,35.75,113.515
18.25,35.75,108.545
18.75,35.75,103.384
19.25,35.75,98.1053
19.75,35.75,92.7813
20.25,35.75,87.4804
20.75,35.75,82.2672
21.25,35.75,77.2008
21.75,35.75,72.3327
22.25,35.75,67.7057
22.75,35.75,63.3525
23.25,35.75,59.2941
23.75,35.75,55.5405
24.25,35.75,52.0901
24.75,35.75,48.9305
25.25,35.75,46.0402
25.75,35.75,43.3894
26.25,35.75,40.9427
26.75,35.75,38.6617
27.25,35.75,36.5081
27.75,35.75,34.4479
28.25,35.75,32.4537
28.75,35.75,30.5074
29.25,35.75,28.6012
29.75,35.75,26.7366
30.25,35.75,24.9228
30.75,35.75,23.1739
31.25,35.75,21.5055
31.75,35.75,19.9324
32.25,35.75,18.4663
32.75,35.75,17.1143
33.25,35.75,15.879
33.75,35.75,14.7584
34.25,35.75,13.7464
34.75,35.75,12.8339
35.25,35.75,12.0094
35.75,35.75,11.2601
36.25,35.75,10.5726
36.75,35.75,9.93399
37.25,35.75,9.33258
37.75,35.75,8.7584
38.25,35.75,8.20382
38.75,35.75,7.66385
39.25,35.75,7.13624
39.75,35.75,6.62143
40.25,35.75,6.1223
40.75,35.75,5.64384
41.25,35.75,5.19255
41.75,35.75,4.77587
42.25,35.75,4.40149
42.75,35.75,4.07669
43.25,35.75,3.80775
43.75,35.75,3.59937
44.25,35.75,3.45317
44.75,35.75,3.367
-44.75,36.25,2.51055
-44.25,36.25,3.10468
-43.75,36.25,3.69744
-43.25,36.25,4.25802
-42.75,36.25,4.75213
-42.25,36.25,5.14167
-41.75,36.25,5.39681
-41.25,36.25,5.501
-40.75,36.25,5.45378
-40.25,36.25,5.27094
-39.75,36.25,4.98167
-39.25,36.25,4.62386
-38.75,36.25,4.23833
-38.25,36.25,3.86344
-37.75,36.25,3.53097
-37.25,36.25,3.26385
-36.75,36.25,3.07566
-36.25,36.25,2.9714
-35.75,36.25,2.94911
-35.25,36.25,3.0016
-34.75,36.25,3.11802
-34.25,36.25,3.28492
-33.75,36.25,3.48723
-33.25,36.25,3.70911
-32.75,36.25,3.93483
-32.25,36.25,4.14977
-31.75,36.25,4.34161
-31.25,36.25,4.50139
-30.75,36.25,4.62441
-30.25,36.25,4.71083
-29.75,36.25,4.76569
-29.25,36.25,4.79848
-28.75,36.25,4.82222
-28.25,36.25,4.85213
-27.75,36.25,4.90416
-27.25,36.25,4.99345
-26.75,36.25,5.13309
-26.25,36.25,5.3331
-25.75,36.25,5.59997
-25.25,36.25,5.93651
-24.75,36.25,6.34222
-24.25,36.25,6.81392
-23.75,36.25,7.34658
-23.25,36.25,7.93429
-22.75,36.25,8.57107
-22.25,36.25,9.25169
-21.75,36.25,9.97231
-21.25,36.25,10.731
-20.75,36.25,11.5278
-20.25,36.25,12.3652
-19.75,36.25,13.2476
-19.25,36.25,14.1815
-18.75,36.25,15.1751
-18.25,36.25,16.238
-17.75,36.25,17.3808
-17.25,36.25,18.6146
-16.75,36.25,19.9502
-16.25,36.25,21.3975
-15.75,36.25,22.9642
-15.25,36.25,24.6546
-14.75,36.25,26.468
-14.25,36.25,28.3975
-13.75,36.25,30.4283
-13.25,36.25,32.5371
-12.75,36.25,34.6912
-12.25,36.25,36.8493
-11.75,36.25,38.9629
-11.25,36.25,40.9786
-10.75,36.25,42.8426
-10.25,36.25,44.5043
-9.75,36.25,45.9217
-9.25,36.25,47.0655
-8.75,36.25,47.9229
-8.25,36.25,48.4987
-7.75,36.25,48.8157
-7.25,36.25,48.9126
-6.75,36.25,48.84
-6.25,36.25,48.6566
-5.75,36.25,48.4235
-5.25,36.25,48.2004
-4.75,36.25,48.0414
-4.25,36.25,47.9928
-3.75,36.25,48.0914
-3.25,36.25,48.3643
-2.75,36.25,48.8295
-2.25,36.25,49.4972
-1.75,36.25,50.3711
-1.25,36.25,51.4506
-0.75,36.25,52.7317
-0.25,36.25,54.2087
0.25,36.25,55.8746
0.75,36.25,57.7214
1.25,36.25,59.7393
1.75,36.25,61.9166
2.25,36.25,64.2386
2.75,36.25,66.6873
3.25,36.25,69.2413
3.75,36.25,71.8769
4.25,36.25,74.5693
4.75,36.25,77.2946
5.25,36.25,80.033
5.75,36.25,82.7702
6.25,36.25,85.4992
6.75,36.25,88.2202
7.25,36.25,90.9386
7.75,36.25,93.662
8.25,36.25,96.395
8.75,36.25,99.1347
9.25,36.25,101.865
9.75,36.25,104.553
10.25,36.25,107.147
10.75,36.25,109.579
11.25,36.25,111.766
11.75,36.25,113.617
12.25,36.25,115.04
12.75,36.25,115.951
13.25,36.25,116.281
13.75,36.25,115.984
14.25,36.25,115.041
14.75,36.25,113.456
15.25,36.25,111.262
15.75,36.25,108.51
16.25,36.25,105.268
16.75,36.25,101.613
17.25,36.25,97.6243
17.75,36.25,93.384
18.25,36.25,88.9695
18.75,36.25,84.4539
19.25,36.25,79.9049
19.75,36.25,75.3843
20.25,36.25,70.948
20.75,36.25,66.6458
21.25,36.25,62.5203
21.75,36.25,58.6069
22.25,36.25,54.9321
22.75,36.25,51.5137
23.25,36.25,48.3604
23.75,36.25,45.4719
24.25,36.25,42.8389
24.75,36.25,40.4439
25.25,36.25,38.2617
25.75,36.25,36.2611
26.25,36.25,34.4062
26.75,36.25,32.6597
27.25,36.25,30.9857
27.75,36.25,29.3538
28.25,36.25,27.7418
28.75,36.25,26.1384
29.25,36.25,24.5432
29.75,36.25,22.9658
30.25,36.25,21.4231
30.75,36.25,19.9356
31.25,36.25,18.5239
31.75,36.25,17.2055
32.25,36.25,15.9929
32.75,36.25,14.8924
33.25,36.25,13.904
33.75,36.25,13.0225
34.25,36.25,12.2382
34.75,36.25,11.5386
35.25,36.25,10.9093
35.75,36.25,10.3352
36.25,36.25,9.80193
36.75,36.25,9.29629
37.25,36.25,8.80724
37.75,36.25,8.3263
38.25,36.25,7.84785
38.75,36.25,7.36927
39.25,36.25,6.89083
39.75,36.25,6.41539
40.25,36.25,5.948
40.75,36.25,5.49543
41.25,36.25,5.06551
41.75,36.25,4.66656
42.25,36.25,4.30665
42.75,36.25,3.99311
43.25,36.25,3.73211
43.75,36.25,3.52813
44.25,36.25,3.38287
44.75,36.25,3.29451
-44.75,36.75,2.83005
-44.25,36.75,3.4938
-43.75,36.75,4.15217
-43.25,36.75,4.77084
-42.75,36.75,5.31224
-42.25,36.75,5.73507
-41.75,36.75,6.00745
-41.25,36.75,6.11198
-40.75,36.75,6.04856
-40.25,36.75,5.83425
-39.75,36.75,5.50026
-39.25,36.75,5.08695
-38.75,36.75,4.63783
-38.25,36.75,4.194
-37.75,36.75,3.78989
-37.25,36.75,3.45089
-36.75,36.75,3.19278
-36.25,36.75,3.02249
-35.75,36.75,2.93972
-35.25,36.75,2.93868
-34.75,36.75,3.00964
-34.25,36.75,3.13999
-33.75,36.75,3.31514
-33.25,36.75,3.51918
-32.75,36.75,3.73566
-32.25,36.75,3.94854
-31.75,36.75,4.14323
-31.25,36.75,4.30784
-30.75,36.75,4.43426
-30.25,36.75,4.51906
-29.75,36.75,4.56385
-29.25,36.75,4.57525
-28.75,36.75,4.56423
-28.25,36.75,4.54495
-27.75,36.75,4.53332
-27.25,36.75,4.54535
-26.75,36.75,4.5957
-26.25,36.75,4.6965
-25.75,36.75,4.85651
-25.25,36.75,5.08085
-24.75,36.75,5.37117
-24.25,36.75,5.72607
-23.75,36.75,6.14188
-23.25,36.75,6.61338
-22.75,36.75,7.13459
-22.25,36.75,7.69938
-21.75,36.75,8.30211
-21.25,36.75,8.93815
-20.75,36.75,9.60417
-20.25,36.75,10.2986
-19.75,36.75,11.0217
-19.25,36.75,11.7759
-18.75,36.75,12.5659
-18.25,36.75,13.3984
-17.75,36.75,14.2819
-17.25,36.75,15.2266
-16.75,36.75,16.2435
-16.25,36.75,17.3438
-15.75,36.75,18.5382
-15.25,36.75,19.8349
-14.75,36.75,21.2388
-14.25,36.75,22.7498
-13.75,36.75,24.3613
-13.25,36.75,26.0588
-12.75,36.75,27.819
-12.25,36.75,29.6095
-11.75,36.75,31.3902
-11.25,36.75,33.1148
-10.75,36.75,34.7343
-10.25,36.75,36.2011
-9.75,36.75,37.4738
-9.25,36.75,38.5216
-8.75,36.75,39.3282
-8.25,36.75,39.8934
-7.75,36.75,40.2335
-7.25,36.75,40.3801
-6.75,36.75,40.3761
-6.25,36.75,40.2717
-5.75,36.75,40.1199
-5.25,36.75,39.972
-4.75,36.75,39.8742
-4.25,36.75,39.8652
-3.75,36.75,39.9749
-3.25,36.75,40.2244
-2.75,36.75,40.6263
-2.25,36.75,41.1868
-1.75,36.75,41.9066
-1.25,36.75,42.7831
-0.75,36.75,43.8119
-0.25,36.75,44.9878
0.25,36.75,46.3057
0.75,36.75,47.7606
1.25,36.75,49.3469
1.75,36.75,51.058
2.25,36.75,52.8857
2.75,36.75,54.8188
3.25,36.75,56.8443
3.75,36.75,58.9467
4.25,36.75,61.1101
4.75,36.75,63.3198
5.25,36.75,65.5643
5.75,36.75,67.837
6.25,36.75,70.1369
6.75,36.75,72.4686
7.25,36.75,74.8395
7.75,36.75,77.2571
8.25,36.75,79.724
8.75,36.75,82.2328
9.25,36.75,84.7622
9.75,36.75,87.2733
10.25,36.75,89.7088
10.75,36.75,91.9943
11.25,36.75,94.0428
11.75,36.75,95.7611
12.25,36.75,97.0578
12.75,36.75,97.8527
13.25,36.75,98.0836
13.75,36.75,97.7131
14.25,36.75,96.7311
14.75,36.75,95.1552
15.25,36.75,93.0271
15.75,36.75,90.4086
16.25,36.75,87.3741
16.75,36.75,84.005
17.25,36.75,80.3845
17.75,36.75,76.5927
18.25,36.75,72.7041
18.75,36.75,68.7861
19.25,36.75,64.8981
19.75,36.75,61.0918
20.25,36.75,57.4114
20.75,36.75,53.8934
21.25,36.75,50.5671
21.75,36.75,47.4542
22.25,36.75,44.569
22.75,36.75,41.9184
23.25,36.75,39.5019
23.75,36.75,37.3123
24.25,36.75,35.3354
24.75,36.75,33.5505
25.25,36.75,31.931
25.75,36.75,30.445
26.25,36.75,29.0575
26.75,36.75,27.7327
27.25,36.75,26.4373
27.75,36.75,25.1444
28.25,36.75,23.8364
28.75,36.75,22.5073
29.25,36.75,21.1628
29.75,36.75,19.8182
30.25,36.75,18.496
30.75,36.75,17.2213
31.25,36.75,16.0179
31.75,36.75,14.9054
32.25,36.75,13.8966
32.75,36.75,12.9969
33.25,36.75,12.2048
33.75,36.75,11.5129
34.25,36.75,10.909
34.75,36.75,10.3782
35.25,36.75,9.90404
35.75,36.75,9.46996
36.25,36.75,9.06063
36.75,36.75,8.66278
37.25,36.75,8.26595
37.75,36.75,7.86285
38.25,36.75,7.44956
38.75,36.75,7.02545
39.25,36.75,6.59278
39.75,36.75,6.15627
40.25,36.75,5.72254
40.75,36.75,5.29943
41.25,36.75,4.89538
41.75,36.75,4.51881
42.25,36.75,4.17752
42.75,36.75,3.87829
43.25,36.75,3.62659
43.75,36.75,3.42628
44.25,36.75,3.27878
44.75,36.75,3.1824
-44.75,37.25,3.21408
-44.25,37.25,3.94581
-43.75,37.25,4.66424
-43.25,37.25,5.33257
-42.75,37.25,5.91135
-42.25,37.25,6.3576
-41.75,37.25,6.63879
-41.25,37.25,6.73782
-40.75,37.25,6.65552
-40.25,37.25,6.41025
-39.75,37.25,6.03465
-39.25,37.25,5.57054
-38.75,37.25,5.06294
-38.25,37.25,4.55457
-37.75,37.25,4.0816
-37.25,37.25,3.67134
-36.75,37.25,3.34161
-36.25,37.25,3.10143
-35.75,37.25,2.95252
-35.25,37.25,2.89104
-34.75,37.25,2.90899
-34.25,37.25,2.99521
-33.75,37.25,3.13615
-33.25,37.25,3.31639
-32.75,37.25,3.51925
-32.25,37.25,3.72765
-31.75,37.25,3.92511
-31.25,37.25,4.09703
-30.75,37.25,4.232
-30.25,37.25,4.32292
-29.75,37.25,4.36785
-29.25,37.25,4.3702
-28.75,37.25,4.33851
-28.25,37.25,4.28542
-27.75,37.25,4.22641
-27.25,37.25,4.17806
-26.75,37.25,4.15645
-26.25,37.25,4.17575
-25.75,37.25,4.24715
-25.25,37.25,4.37836
-24.75,37.25,4.57346
-24.25,37.25,4.8332
-23.75,37.25,5.15555
-23.25,37.25,5.53624
-22.75,37.25,5.96937
-22.25,37.25,6.44794
-21.75,37.25,6.96441
-21.25,37.25,7.51128
-20.75,37.25,8.08163
-20.25,37.25,8.66973
-19.75,37.25,9.27169
-19.25,37.25,9.886
-18.75,37.25,10.5139
-18.25,37.25,11.1595
-17.75,37.25,11.8298
-17.25,37.25,12.5343
-16.75,37.25,13.2848
-16.25,37.25,14.0939
-15.75,37.25,14.9748
-15.25,37.25,15.9392
-14.75,37.25,16.9969
-14.25,37.25,18.1533
-13.75,37.25,19.4084
-13.25,37.25,20.7553
-12.75,37.25,22.1785
-12.25,37.25,23.6538
-11.75,37.25,25.1485
-11.25,37.25,26.6231
-10.75,37.25,28.0335
-10.25,37.25,29.3355
-9.75,37.25,30.4888
-9.25,37.25,31.4616
-8.75,37.25,32.2344
-8.25,37.25,32.8023
-7.75,37.25,33.1758
-7.25,37.25,33.3791
-6.75,37.25,33.4476
-6.25,37.25,33.4235
-5.75,37.25,33.3521
-5.25,37.25,33.2767
-4.75,37.25,33.2365
-4.25,37.25,33.2634
-3.75,37.25,33.3814
-3.25,37.25,33.6065
-2.75,37.25,33.9474
-2.25,37.25,34.407
-1.75,37.25,34.9838
-1.25,37.25,35.6741
-0.75,37.25,36.4735
-0.25,37.25,37.3776
0.25,37.25,38.3833
0.75,37.25,39.4882
1.25,37.25,40.6909
1.75,37.25,41.9896
2.25,37.25,43.3815
2.75,37.25,44.8623
3.25,37.25,46.4258
3.75,37.25,48.0645
4.25,37.25,49.7704
4.75,37.25,51.5365
5.25,37.25,53.3583
5.75,37.25,55.2352
6.25,37.25,57.1709
6.75,37.25,59.1728
7.25,37.25,61.2493
7.75,37.25,63.4069
8.25,37.25,65.6457
8.75,37.25,67.9548
9.25,37.25,70.3081
9.75,37.25,72.6616
10.25,37.25,74.9534
10.75,37.25,77.1049
11.25,37.25,79.0266
11.75,37.25,80.6246
12.25,37.25,81.8097
12.75,37.25,82.5058
13.25,37.25,82.6582
13.75,37.25,82.2382
14.25,37.25,81.2456
14.75,37.25,79.7078
15.25,37.25,77.6755
15.75,37.25,75.2168
16.25,37.25,72.4107
16.75,37.25,69.3403
17.25,37.25,66.0876
17.75,37.25,62.7296
18.25,37.25,59.3351
18.75,37.25,55.9645
19.25,37.25,52.6685
19.75,37.25,49.489
20.25,37.25,46.4594
20.75,37.25,43.6056
21.25,37.25,40.9459
21.75,37.25,38.4919
22.25,37.25,36.2488
22.75,37.25,34.2158
23.25,37.25,32.3864
23.75,37.25,30.7491
24.25,37.25,29.2867
24.75,37.25,27.9773
25.25,37.25,26.7938
25.75,37.25,25.7053
26.25,37.25,24.678
26.75,37.25,23.6784
27.25,37.25,22.676
27.75,37.25,21.6475
28.25,37.25,20.5792
28.75,37.25,19.4693
29.25,37.25,18.3276
29.75,37.25,17.1737
30.25,37.25,16.0335
30.75,37.25,14.9348
31.25,37.25,13.9033
31.75,37.25,12.9593
32.25,37.25,12.1156
32.75,37.25,11.377
33.25,37.25,10.7409
33.75,37.25,10.1983
34.25,37.25,9.73544
34.75,37.25,9.33585
35.25,37.25,8.98177
35.75,37.25,8.65575
36.25,37.25,8.342
36.75,37.25,8.0274
37.25,37.25,7.7022
37.75,37.25,7.36033
38.25,37.25,6.99949
38.75,37.25,6.62078
39.25,37.25,6.22817
39.75,37.25,5.82782
40.25,37.25,5.42731
40.75,37.25,5.03498
41.25,37.25,4.65922
41.75,37.25,4.30791
42.25,37.25,3.98801
42.75,37.25,3.70525
43.25,37.25,3.46403
43.75,37.25,3.2673
44.25,37.25,3.11597
44.75,37.25,3.0084
-44.75,37.75,3.63442
-44.25,37.75,4.42969
-43.75,37.75,5.20072
-43.25,37.75,5.90917
-42.75,37.75,6.51514
-42.25,37.75,6.97528
-41.75,37.75,7.25785
-41.25,37.75,7.34717
-40.75,37.75,7.24571
-40.25,37.75,6.97326
-39.75,37.75,6.56348
-39.25,37.75,6.05876
-38.75,37.75,5.50447
-38.25,37.75,4.94364
-37.75,37.75,4.41302
-37.25,37.75,3.94081
-36.75,37.75,3.54619
-36.25,37.75,3.23985
-35.75,37.75,3.02551
-35.25,37.75,2.90141
-34.75,37.75,2.86166
-34.25,37.75,2.89702
-33.75,37.75,2.99556
-33.25,37.75,3.14297
-32.75,37.75,3.32304
-32.25,37.75,3.51833
-31.75,37.75,3.71113
-31.25,37.75,3.88479
-30.75,37.75,4.02512
-30.25,37.75,4.12182
-29.75,37.75,4.16956
-29.25,37.75,4.16867
-28.75,37.75,4.12505
-28.25,37.75,4.04959
-27.75,37.75,3.95689
-27.25,37.75,3.86361
-26.75,37.75,3.78681
-26.25,37.75,3.7423
-25.75,37.75,3.74342
-25.25,37.75,3.80026
-24.75,37.75,3.91932
-24.25,37.75,4.10357
-23.75,37.75,4.35269
-23.25,37.75,4.66353
-22.75,37.75,5.03044
-22.25,37.75,5.44566
-21.75,37.75,5.89985
-21.25,37.75,6.38269
-20.75,37.75,6.88366
-20.25,37.75,7.39301
-19.75,37.75,7.90275
-19.25,37.75,8.40766
-18.75,37.75,8.90595
-18.25,37.75,9.39974
-17.75,37.75,9.89504
-17.25,37.75,10.4015
-16.75,37.75,10.9316
-16.25,37.75,11.4998
-15.75,37.75,12.1217
-15.25,37.75,12.8121
-14.75,37.75,13.5844
-14.25,37.75,14.4484
-13.75,37.75,15.4094
-13.25,37.75,16.466
-12.75,37.75,17.6094
-12.25,37.75,18.822
-11.75,37.75,20.0777
-11.25,37.75,21.343
-10.75,37.75,22.5787
-10.25,37.75,23.7439
-9.75,37.75,24.7997
-9.25,37.75,25.7135
-8.75,37.75,26.4632
-8.25,37.75,27.0399
-7.75,37.75,27.4482
-7.25,37.75,27.7059
-6.75,37.75,27.8413
-6.25,37.75,27.8894
-5.75,37.75,27.8882
-5.25,37.75,27.8746
-4.75,37.75,27.8813
-4.25,37.75,27.9347
-3.75,37.75,28.0541
-3.25,37.75,28.2514
-2.75,37.75,28.5323
-2.25,37.75,28.8973
-1.75,37.75,29.3437
-1.25,37.75,29.8672
-0.75,37.75,30.4634
-0.25,37.75,31.1292
0.25,37.75,31.8632
0.75,37.75,32.6658
1.25,37.75,33.539
1.75,37.75,34.485
2.25,37.75,35.5063
2.75,37.75,36.6041
3.25,37.75,37.7784
3.75,37.75,39.0281
4.25,37.75,40.3517
4.75,37.75,41.7482
5.25,37.75,43.2186
5.75,37.75,44.7666
6.25,37.75,46.3989
6.75,37.75,48.1242
7.25,37.75,49.9509
7.75,37.75,51.8842
8.25,37.75,53.9218
8.75,37.75,56.0495
9.25,37.75,58.2379
9.75,37.75,60.4397
10.25,37.75,62.5896
10.75,37.75,64.6073
11.25,37.75,66.4025
11.75,37.75,67.8824
12.25,37.75,68.9613
12.75,37.75,69.5688
13.25,37.75,69.6575
13.75,37.75,69.2074
14.25,37.75,68.2273
14.75,37.75,66.7527
15.25,37.75,64.8406
15.75,37.75,62.5631
16.25,37.75,60.0006
16.75,37.75,57.2348
17.25,37.75,54.3442
17.75,37.75,51.4002
18.25,37.75,48.4649
18.75,37.75,45.5904
19.25,37.75,42.819
19.75,37.75,40.1834
20.25,37.75,37.7081
20.75,37.75,35.4099
21.25,37.75,33.2991
21.75,37.75,31.3798
22.25,37.75,29.6508
22.75,37.75,28.1064
23.25,37.75,26.7364
23.75,37.75,25.5268
24.25,37.75,24.4592
24.75,37.75,23.5113
25.25,37.75,22.657
25.75,37.75,21.8667
26.25,37.75,21.1089
26.75,37.75,20.3528
27.25,37.75,19.5713
27.75,37.75,18.7442
28.25,37.75,17.8615
28.75,37.75,16.9246
29.25,37.75,15.9463
29.75,37.75,14.9486
30.25,37.75,13.9591
30.75,37.75,13.0067
31.25,37.75,12.1177
31.75,37.75,11.3123
32.25,37.75,10.6029
32.75,37.75,9.99359
33.25,37.75,9.4808
33.75,37.75,9.05451
34.25,37.75,8.70006
34.75,37.75,8.39999
35.25,37.75,8.13584
35.75,37.75,7.88975
36.25,37.75,7.64595
36.75,37.75,7.39182
37.25,37.75,7.11859
37.75,37.75,6.82159
38.25,37.75,6.50012
38.75,37.75,6.15694
39.25,37.75,5.79748
39.75,37.75,5.42893
40.25,37.75,5.05944
40.75,37.75,4.69729
41.25,37.75,4.35029
41.75,37.75,4.02535
42.25,37.75,3.72814
42.75,37.75,3.46305
43.25,37.75,3.2332
43.75,37.75,3.04049
44.25,37.75,2.88528
44.75,37.75,2.76593
-44.75,38.25,4.05274
-44.25,38.25,4.90427
-43.75,38.25,5.71922
-43.25,38.25,6.45862
-42.75,38.25,7.08315
-42.25,38.25,7.55023
-41.75,38.25,7.82988
-41.25,38.25,7.90869
-40.75,38.25,7.79126
-40.25,38.25,7.49896
-39.75,38.25,7.06615
-39.25,38.25,6.53519
-38.75,38.25,5.95082
-38.25,38.25,5.35528
-37.75,38.25,4.78465
-37.25,38.25,4.26692
-36.75,38.25,3.8216
-36.25,38.25,3.46034
-35.75,38.25,3.1883
-35.25,38.25,3.00557
-34.75,38.25,2.90834
-34.25,38.25,2.88954
-33.75,38.25,2.93922
-33.25,38.25,3.04477
-32.75,38.25,3.19114
-32.25,38.25,3.36133
-31.75,38.25,3.53732
-31.25,38.25,3.70128
-30.75,38.25,3.83715
-30.25,38.25,3.93221
-29.75,38.25,3.97843
-29.25,38.25,3.97344
-28.75,38.25,3.92078
-28.25,38.25,3.82945
-27.75,38.25,3.71293
-27.25,38.25,3.58747
-26.75,38.25,3.47046
-26.25,38.25,3.37868
-25.75,38.25,3.32696
-25.25,38.25,3.32721
-24.75,38.25,3.38789
-24.25,38.25,3.51389
-23.75,38.25,3.70659
-23.25,38.25,3.96398
-22.75,38.25,4.28084
-22.25,38.25,4.6489
-21.75,38.25,5.05726
-21.25,38.25,5.49307
-20.75,38.25,5.94249
-20.25,38.25,6.39199
-19.75,38.25,6.82986
-19.25,38.25,7.24758
-18.75,38.25,7.6409
-18.25,38.25,8.01053
-17.75,38.25,8.36215
-17.25,38.25,8.70595
-16.75,38.25,9.05581
-16.25,38.25,9.42808
-15.75,38.25,9.84032
-15.25,38.25,10.31
-14.75,38.25,10.8529
-14.25,38.25,11.4821
-13.75,38.25,12.2063
-13.25,38.25,13.0287
-12.75,38.25,13.945
-12.25,38.25,14.9433
-11.75,38.25,16.0031
-11.25,38.25,17.0961
-10.75,38.25,18.1878
-10.25,38.25,19.2403
-9.75,38.25,20.2162
-9.25,38.25,21.0828
-8.75,38.25,21.8158
-8.25,38.25,22.4024
-7.75,38.25,22.8421
-7.25,38.25,23.147
-6.75,38.25,23.3389
-6.25,38.25,23.4467
-5.75,38.25,23.5021
-5.25,38.25,23.5364
-4.75,38.25,23.5772
-4.25,38.25,23.6468
-3.75,38.25,23.7605
-3.25,38.25,23.9276
-2.75,38.25,24.1513
-2.25,38.25,24.4306
-1.75,38.25,24.762
-1.25,38.25,25.1409
-0.75,38.25,25.5634
-0.25,38.25,26.0276
0.25,38.25,26.5335
0.75,38.25,27.0839
1.25,38.25,27.6837
1.75,38.25,28.3389
2.25,38.25,29.0559
2.75,38.25,29.8407
3.25,38.25,30.6982
3.75,38.25,31.6324
4.25,38.25,32.6467
4.75,38.25,33.7447
5.25,38.25,34.9309
5.75,38.25,36.2118
6.25,38.25,37.5954
6.75,38.25,39.0907
7.25,38.25,40.7055
7.75,38.25,42.4431
8.25,38.25,44.2992
8.75,38.25,46.2572
9.25,38.25,48.2853
9.75,38.25,50.3344
10.25,38.25,52.3383
10.75,38.25,54.2163
11.25,38.25,55.8795
11.75,38.25,57.2382
12.25,38.25,58.2114
12.75,38.25,58.7353
13.25,38.25,58.77
13.75,38.25,58.3037
14.25,38.25,57.353
14.75,38.25,55.9594
15.25,38.25,54.184
15.75,38.25,52.1006
16.25,38.25,49.788
16.75,38.25,47.3246
17.25,38.25,44.7833
17.75,38.25,42.2285
18.25,38.25,39.7145
18.75,38.25,37.2855
19.25,38.25,34.9752
19.75,38.25,32.8086
20.25,38.25,30.8023
20.75,38.25,28.9663
21.25,38.25,27.3045
21.75,38.25,25.8159
22.25,38.25,24.4952
22.75,38.25,23.3335
23.25,38.25,22.3185
23.75,38.25,21.4351
24.25,38.25,20.6647
24.75,38.25,19.9857
25.25,38.25,19.3733
25.75,38.25,18.8
26.25,38.25,18.2371
26.75,38.25,17.6571
27.25,38.25,17.0363
27.75,38.25,16.358
28.25,38.25,15.6151
28.75,38.25,14.8119
29.25,38.25,13.9628
29.75,38.25,13.091
30.25,38.25,12.2247
30.75,38.25,11.3925
31.25,38.25,10.6203
31.75,38.25,9.92753
32.25,38.25,9.32581
32.75,38.25,8.81846
33.25,38.25,8.40109
33.75,38.25,8.06302
34.25,38.25,7.78899
34.75,38.25,7.56107
35.25,38.25,7.36056
35.75,38.25,7.16967
36.25,38.25,6.97307
36.75,38.25,6.75902
37.25,38.25,6.52003
37.75,38.25,6.25297
38.25,38.25,5.9588
38.75,38.25,5.64181
39.25,38.25,5.30863
39.75,38.25,4.96717
40.25,38.25,4.62571
40.75,38.25,4.29209
41.25,38.25,3.97318
41.75,38.25,3.67458
42.25,38.25,3.4005
42.75,38.25,3.15385
43.25,38.25,2.93644
43.75,38.25,2.74916
44.25,38.25,2.59182
44.75,38.25,2.46286
-44.75,38.75,4.42802
-44.25,38.75,5.32649
-43.75,38.75,6.17681
-43.25,38.75,6.93998
-42.75,38.75,7.5779
-42.25,38.75,8.04928
-41.75,38.75,8.32632
-41.25,38.75,8.39813
-40.75,38.75,8.27151
-40.25,38.75,7.96933
-39.75,38.75,7.52648
-39.25,38.75,6.9849
-38.75,38.75,6.38822
-38.25,38.75,5.7772
-37.75,38.75,5.18648
-37.25,38.75,4.64292
-36.75,38.75,4.16542
-36.25,38.75,3.76566
-35.75,38.75,3.44946
-35.25,38.75,3.21815
-34.75,38.75,3.06959
-34.25,38.75,2.99867
-33.75,38.75,2.99752
-33.25,38.75,3.05555
-32.75,38.75,3.15937
-32.25,38.75,3.29321
-31.75,38.75,3.43957
-31.25,38.75,3.58052
-30.75,38.75,3.69914
-30.25,38.75,3.78132
-29.75,38.75,3.81723
-29.25,38.75,3.80254
-28.75,38.75,3.73889
-28.25,38.75,3.63364
-27.75,38.75,3.499
-27.25,38.75,3.35045
-26.75,38.75,3.20508
-26.25,38.75,3.07987
-25.75,38.75,2.99027
-25.25,38.75,2.9492
-24.75,38.75,2.96638
-24.25,38.75,3.04816
-23.75,38.75,3.19728
-23.25,38.75,3.41286
-22.75,38.75,3.69026
-22.25,38.75,4.02101
-21.75,38.75,4.39309
-21.25,38.75,4.79157
-20.75,38.75,5.19979
-20.25,38.75,5.601
-19.75,38.75,5.98027
-19.25,38.75,6.32638
-18.75,38.75,6.63322
-18.25,38.75,6.90067
-17.75,38.75,7.13459
-17.25,38.75,7.34621
-16.75,38.75,7.55091
-16.25,38.75,7.76679
-15.75,38.75,8.01317
-15.25,38.75,8.30908
-14.75,38.75,8.67208
-14.25,38.75,9.11699
-13.75,38.75,9.65476
-13.25,38.75,10.2913
-12.75,38.75,11.0261
-12.25,38.75,11.8515
-11.75,38.75,12.7517
-11.25,38.75,13.7032
-10.75,38.75,14.6757
-10.25,38.75,15.6345
-9.75,38.75,16.544
-9.25,38.75,17.3714
-8.75,38.75,18.0907
-8.25,38.75,18.6858
-7.75,38.75,19.1518
-7.25,38.75,19.4953
-6.75,38.75,19.7329
-6.25,38.75,19.8877
-5.75,38.75,19.9865
-5.25,38.75,20.056
-4.75,38.75,20.12
-4.25,38.75,20.1972
-3.75,38.75,20.3007
-3.25,38.75,20.4374
-2.75,38.75,20.6092
-2.25,38.75,20.8142
-1.75,38.75,21.0482
-1.25,38.75,21.3068
-0.75,38.75,21.5864
-0.25,38.75,21.8859
0.25,38.75,22.2069
0.75,38.75,22.5541
1.25,38.75,22.9349
1.75,38.75,23.3581
2.25,38.75,23.8335
2.75,38.75,24.3709
3.25,38.75,24.9788
3.75,38.75,25.6652
4.25,38.75,26.4369
4.75,38.75,27.3004
5.25,38.75,28.2625
5.75,38.75,29.3309
6.25,38.75,30.514
6.75,38.75,31.8199
7.25,38.75,33.255
7.75,38.75,34.821
8.25,38.75,36.5114
8.75,38.75,38.3082
9.25,38.75,40.1782
9.75,38.75,42.072
10.25,38.75,43.9239
10.75,38.75,45.655
11.25,38.75,47.1795
11.75,38.75,48.4124
12.25,38.75,49.2784
12.75,38.75,49.7209
13.25,38.75,49.7076
13.75,38.75,49.234
14.25,38.75,48.323
14.75,38.75,47.0205
15.25,38.75,45.3898
15.75,38.75,43.5039
16.25,38.75,41.4386
16.75,38.75,39.2671
17.25,38.75,37.0557
17.75,38.75,34.8612
18.25,38.75,32.73
18.75,38.75,30.698
19.25,38.75,28.7916
19.75,38.75,27.0286
20.25,38.75,25.4192
20.75,38.75,23.9679
21.25,38.75,22.674
21.75,38.75,21.5329
22.25,38.75,20.5363
22.75,38.75,19.6737
23.25,38.75,18.9318
23.75,38.75,18.2951
24.25,38.75,17.7456
24.75,38.75,17.2629
25.25,38.75,16.824
25.75,38.75,16.4039
26.25,38.75,15.9771
26.75,38.75,15.5196
27.25,38.75,15.0113
27.75,38.75,14.4388
28.25,38.75,13.798
28.75,38.75,13.0949
29.25,38.75,12.3452
29.75,38.75,11.5722
30.25,38.75,10.8035
30.75,38.75,10.0671
31.25,38.75,9.38737
31.75,38.75,8.78277
32.25,38.75,8.26388
32.75,38.75,7.83315
33.25,38.75,7.48559
33.75,38.75,7.21006
34.25,38.75,6.99104
34.75,38.75,6.81054
35.25,38.75,6.65005
35.75,38.75,6.49227
36.25,38.75,6.32274
36.75,38.75,6.13095
37.25,38.75,5.91089
37.75,38.75,5.66109
38.25,38.75,5.38409
38.75,38.75,5.08552
39.25,38.75,4.77288
39.75,38.75,4.45447
40.25,38.75,4.13832
40.75,38.75,3.83151
41.25,38.75,3.53974
41.75,38.75,3.26717
42.25,38.75,3.01654
42.75,38.75,2.78933
43.25,38.75,2.58616
43.75,38.75,2.40699
44.25,38.75,2.25121
44.75,38.75,2.11739
-44.75,39.25,4.72625
-44.25,39.25,5.66173
-43.75,39.25,6.54037
-43.25,39.25,7.32346
-42.75,39.25,7.97413
-42.25,39.25,8.45233
-41.75,39.25,8.7321
-41.25,39.25,8.80451
-40.75,39.25,8.67815
-40.25,39.25,8.37698
-39.75,39.25,7.93624
-39.25,39.25,7.39742
-38.75,39.25,6.80309
-38.25,39.25,6.19254
-37.75,39.25,5.59883
-37.25,39.25,5.04736
-36.75,39.25,4.55587
-36.25,39.25,4.13536
-35.75,39.25,3.79144
-35.25,39.25,3.52582
-34.75,39.25,3.33725
-34.25,39.25,3.22203
-33.75,39.25,3.17404
-33.25,39.25,3.1846
-32.75,39.25,3.24228
-32.25,39.25,3.333
-31.75,39.25,3.44059
-31.25,39.25,3.54786
-30.75,39.25,3.63808
-30.25,39.25,3.69676
-29.75,39.25,3.71323
-29.25,39.25,3.68198
-28.75,39.25,3.60333
-28.25,39.25,3.48335
-27.75,39.25,3.33301
-27.25,39.25,3.16681
-26.75,39.25,3.00107
-26.25,39.25,2.85232
-25.75,39.25,2.73587
-25.25,39.25,2.66482
-24.75,39.25,2.64947
-24.25,39.25,2.69696
-23.75,39.25,2.81105
-23.25,39.25,2.99183
-22.75,39.25,3.23534
-22.25,39.25,3.53324
-21.75,39.25,3.8729
-21.25,39.25,4.23798
-20.75,39.25,4.60971
-20.25,39.25,4.96883
-19.75,39.25,5.29791
-19.25,39.25,5.58364
-18.75,39.25,5.8186
-18.25,39.25,6.00226
-17.75,39.25,6.14098
-17.25,39.25,6.24711
-16.75,39.25,6.33745
-16.25,39.25,6.43156
-15.75,39.25,6.54991
-15.25,39.25,6.71245
-14.75,39.25,6.93737
-14.25,39.25,7.24019
-13.75,39.25,7.63294
-13.25,39.25,8.12321
-12.75,39.25,8.71315
-12.25,39.25,9.39839
-11.75,39.25,10.1673
-11.25,39.25,11.0006
-10.75,39.25,11.8721
-10.25,39.25,12.7505
-9.75,39.25,13.6021
-9.25,39.25,14.3947
-8.75,39.25,15.1009
-8.25,39.25,15.7018
-7.75,39.25,16.1886
-7.25,39.25,16.5632
-6.75,39.25,16.8372
-6.25,39.25,17.029
-5.75,39.25,17.161
-5.25,39.25,17.2564
-4.75,39.25,17.3357
-4.25,39.25,17.4156
-3.75,39.25,17.5072
-3.25,39.25,17.6162
-2.75,39.25,17.7436
-2.25,39.25,17.8868
-1.75,39.25,18.0416
-1.25,39.25,18.2034
-0.75,39.25,18.3693
-0.25,39.25,18.5387
0.25,39.25,18.7145
0.75,39.25,18.9031
1.25,39.25,19.1137
1.75,39.25,19.3576
2.25,39.25,19.6473
2.75,39.25,19.9952
3.25,39.25,20.4129
3.75,39.25,20.9108
4.25,39.25,21.4979
4.75,39.25,22.1824
5.25,39.25,22.9721
5.75,39.25,23.8748
6.25,39.25,24.8982
6.75,39.25,26.0491
7.25,39.25,27.3321
7.75,39.25,28.7468
8.25,39.25,30.2851
8.75,39.25,31.9277
9.25,39.25,33.6414
9.75,39.25,35.3775
10.25,39.25,37.0722
10.75,39.25,38.6503
11.25,39.25,40.0305
11.75,39.25,41.1337
12.25,39.25,41.8914
12.75,39.25,42.2542
13.25,39.25,42.1971
13.75,39.25,41.722
14.25,39.25,40.8564
14.75,39.25,39.6493
15.25,39.25,38.1641
15.75,39.25,36.4719
16.25,39.25,34.6442
16.75,39.25,32.7482
17.25,39.25,30.8431
17.75,39.25,28.978
18.25,39.25,27.1915
18.75,39.25,25.5121
19.25,39.25,23.9591
19.75,39.25,22.5442
20.25,39.25,21.2723
20.75,39.25,20.1434
21.25,39.25,19.1534
21.75,39.25,18.2947
22.25,39.25,17.5576
22.75,39.25,16.9303
23.25,39.25,16.3992
23.75,39.25,15.9492
24.25,39.25,15.563
24.75,39.25,15.2219
25.25,39.25,14.905
25.75,39.25,14.5902
26.25,39.25,14.2553
26.75,39.25,13.88
27.25,39.25,13.4475
27.75,39.25,12.9479
28.25,39.25,12.3793
28.75,39.25,11.7491
29.25,39.25,11.0735
29.75,39.25,10.3753
30.25,39.25,9.681
30.75,39.25,9.01701
31.25,39.25,8.40635
31.75,39.25,7.86602
32.25,39.25,7.40555
32.75,39.25,7.02669
33.25,39.25,6.72401
33.75,39.25,6.48622
34.25,39.25,6.29794
34.75,39.25,6.14153
35.25,39.25,5.99912
35.75,39.25,5.85439
36.25,39.25,5.69412
36.75,39.25,5.50929
37.25,39.25,5.29554
37.75,39.25,5.05297
38.25,39.25,4.78552
38.75,39.25,4.49979
39.25,39.25,4.2038
39.75,39.25,3.90576
40.25,39.25,3.61315
40.75,39.25,3.33204
41.25,39.25,3.06685
41.75,39.25,2.82034
42.25,39.25,2.59385
42.75,39.25,2.38764
43.25,39.25,2.20129
43.75,39.25,2.03407
44.25,39.25,1.88502
44.75,39.25,1.75283
-44.75,39.75,4.92907
-44.25,39.75,5.89252
-43.75,39.75,6.79489
-43.25,39.75,7.59779
-42.75,39.75,8.26513
-42.25,39.75,8.7574
-41.75,39.75,9.04939
-41.25,39.75,9.13303
-40.75,39.75,9.01756
-40.25,39.75,8.72739
-39.75,39.75,8.29781
-39.25,39.75,7.7701
-38.75,39.75,7.18629
-38.25,39.75,6.58494
-37.75,39.75,5.99818
-37.25,39.75,5.45035
-36.75,39.75,4.95815
-36.25,39.75,4.53155
-35.75,39.75,4.17535
-35.25,39.75,3.89076
-34.75,39.75,3.6765
-34.25,39.75,3.52933
-33.75,39.75,3.44415
-33.25,39.75,3.4138
-32.75,39.75,3.42861
-32.25,39.75,3.47641
-31.75,39.75,3.54282
-31.25,39.75,3.61207
-30.75,39.75,3.66842
-30.25,39.75,3.69778
-29.75,39.75,3.68941
-29.25,39.75,3.63725
-28.75,39.75,3.54078
-28.25,39.75,3.40501
-27.75,39.75,3.23982
-27.25,39.75,3.05861
-26.75,39.75,2.87676
-26.25,39.75,2.70997
-25.75,39.75,2.57295
-25.25,39.75,2.4785
-24.75,39.75,2.4369
-24.25,39.75,2.45563
-23.75,39.75,2.53905
-23.25,39.75,2.68798
-22.75,39.75,2.89918
-22.25,39.75,3.16475
-21.75,39.75,3.47198
-21.25,39.75,3.80387
-20.75,39.75,4.14041
-20.25,39.75,4.46067
-19.75,39.75,4.74548
-19.25,39.75,4.98001
-18.75,39.75,5.15588
-18.25,39.75,5.27232
-17.75,39.75,5.33612
-17.25,39.75,5.36053
-16.75,39.75,5.36347
-16.25,39.75,5.36545
-15.75,39.75,5.38756
-15.25,39.75,5.44991
-14.75,39.75,5.5706
-14.25,39.75,5.765
-13.75,39.75,6.04531
-13.25,39.75,6.41995
-12.75,39.75,6.8928
-12.25,39.75,7.46221
-11.75,39.75,8.12005
-11.25,39.75,8.85112
-10.75,39.75,9.63325
-10.25,39.75,10.4386
-9.75,39.75,11.2361
-9.25,39.75,11.9942
-8.75,39.75,12.6852
-8.25,39.75,13.2877
-7.75,39.75,13.7897
-7.25,39.75,14.1888
-6.75,39.75,14.4922
-6.25,39.75,14.7139
-5.75,39.75,14.8725
-5.25,39.75,14.9881
-4.75,39.75,15.0789
-4.25,39.75,15.1597
-3.75,39.75,15.2405
-3.25,39.75,15.3262
-2.75,39.75,15.4173
-2.25,39.75,15.5111
-1.75,39.75,15.6032
-1.25,39.75,15.6894
-0.75,39.75,15.7669
-0.25,39.75,15.8361
0.25,39.75,15.9009
0.75,39.75,15.9689
1.25,39.75,16.0511
1.75,39.75,16.1608
2.25,39.75,16.3123
2.75,39.75,16.5202
3.25,39.75,16.7979
3.75,39.75,17.1573
4.25,39.75,17.6087
4.75,39.75,18.1609
5.25,39.75,18.8216
5.75,39.75,19.5978
6.25,39.75,20.4957
6.75,39.75,21.5203
7.25,39.75,22.6738
7.75,39.75,23.954
8.25,39.75,25.3511
8.75,39.75,26.8453
9.25,39.75,28.4038
9.75,39.75,29.98
10.25,39.75,31.5135
10.75,39.75,32.9339
11.25,39.75,34.1661
11.75,39.75,35.1378
12.25,39.75,35.788
12.75,39.75,36.0744
13.25,39.75,35.9784
13.75,39.75,35.5069
14.25,39.75,34.6909
14.75,39.75,33.5805
15.25,39.75,32.2382
15.75,39.75,30.7318
16.25,39.75,29.1282
16.75,39.75,27.4881
17.25,39.75,25.8639
17.75,39.75,24.2973
18.25,39.75,22.8195
18.75,39.75,21.4523
19.25,39.75,20.2089
19.75,39.75,19.0955
20.25,39.75,18.1127
20.75,39.75,17.2566
21.25,39.75,16.5202
21.75,39.75,15.8943
22.25,39.75,15.3676
22.75,39.75,14.9278
23.25,39.75,14.5613
23.75,39.75,14.2535
24.25,39.75,13.9886
24.75,39.75,13.7494
25.25,39.75,13.5175
25.75,39.75,13.2739
26.25,39.75,12.9999
26.75,39.75,12.6784
27.25,39.75,12.2963
27.75,39.75,11.8463
28.25,39.75,11.3284
28.75,39.75,10.7509
29.25,39.75,10.1296
29.75,39.75,9.48645
30.25,39.75,8.84615
30.75,39.75,8.2334
31.25,39.75,7.66953
31.75,39.75,7.17022
32.25,39.75,6.74411
32.75,39.75,6.3925
33.25,39.75,6.10991
33.75,39.75,5.88538
34.25,39.75,5.70412
34.75,39.75,5.54941
35.25,39.75,5.40456
35.75,39.75,5.25467
36.25,39.75,5.08814
36.75,39.75,4.89762
37.25,39.75,4.68037
37.75,39.75,4.43788
38.25,39.75,4.17507
38.75,39.75,3.89907
39.25,39.75,3.61788
39.75,39.75,3.33922
40.25,39.75,3.06963
40.75,39.75,2.81404
41.25,39.75,2.57552
41.75,39.75,2.35556
42.25,39.75,2.15429
42.75,39.75,1.97099
43.25,39.75,1.80447
43.75,39.75,1.65344
44.25,39.75,1.51674
44.75,39.75,1.39316
-44.75,40.25,5.03718
-44.25,40.25,6.02146
-43.75,40.25,6.94551
-43.25,40.25,7.77116
-42.75,40.25,8.46232
-42.25,40.25,8.97896
-41.75,40.25,9.29516
-41.25,40.25,9.40199
-40.75,40.25,9.30791
-40.25,40.25,9.03669
-39.75,40.25,8.62334
-39.25,40.25,8.10916
-38.75,40.25,7.53649
-38.25,40.25,6.94435
-37.75,40.25,6.36524
-37.25,40.25,5.82362
-36.75,40.25,5.33586
-36.25,40.25,4.91124
-35.75,40.25,4.55356
-35.25,40.25,4.26291
-34.75,40.25,4.03704
-34.25,40.25,3.8722
-33.75,40.25,3.76335
-33.25,40.25,3.704
-32.75,40.25,3.68581
-32.25,40.25,3.69833
-31.75,40.25,3.72906
-31.25,40.25,3.76405
-30.75,40.25,3.78896
-30.25,40.25,3.79064
-29.75,40.25,3.75861
-29.25,40.25,3.68659
-28.75,40.25,3.57333
-28.25,40.25,3.42286
-27.75,40.25,3.24395
-27.25,40.25,3.04896
-26.75,40.25,2.8523
-26.25,40.25,2.66891
-25.75,40.25,2.51291
-25.25,40.25,2.39672
-24.75,40.25,2.33045
-24.25,40.25,2.32167
-23.75,40.25,2.37503
-23.25,40.25,2.49192
-22.75,40.25,2.66974
-22.25,40.25,2.90121
-21.75,40.25,3.17408
-21.25,40.25,3.47142
-20.75,40.25,3.77281
-20.25,40.25,4.05654
-19.75,40.25,4.30236
-19.25,40.25,4.49437
-18.75,40.25,4.62334
-18.25,40.25,4.68811
-17.75,40.25,4.69552
-17.25,40.25,4.65927
-16.75,40.25,4.59788
-16.25,40.25,4.53232
-15.75,40.25,4.48382
-15.25,40.25,4.47221
-14.75,40.25,4.51498
-14.25,40.25,4.62682
-13.75,40.25,4.81949
-13.25,40.25,5.10158
-12.75,40.25,5.47802
-12.25,40.25,5.9492
-11.75,40.25,6.51002
-11.25,40.25,7.14899
-10.75,40.25,7.84791
-10.25,40.25,8.58269
-9.75,40.25,9.32502
-9.25,40.25,10.0452
-8.75,40.25,10.7154
-8.25,40.25,11.313
-7.75,40.25,11.8232
-7.25,40.25,12.24
-6.75,40.25,12.5664
-6.25,40.25,12.8125
-5.75,40.25,12.9935
-5.25,40.25,13.1262
-4.75,40.25,13.227
-4.25,40.25,13.3092
-3.75,40.25,13.3817
-3.25,40.25,13.4492
-2.75,40.25,13.5119
-2.25,40.25,13.567
-1.75,40.25,13.6105
-1.25,40.25,13.6384
-0.75,40.25,13.6486
-0.25,40.25,13.6422
0.25,40.25,13.6241
0.75,40.25,13.603
1.25,40.25,13.5915
1.75,40.25,13.6042
2.25,40.25,13.6572
2.75,40.25,13.766
3.25,40.25,13.9454
3.75,40.25,14.2079
4.25,40.25,14.5642
4.75,40.25,15.0225
5.25,40.25,15.5899
5.75,40.25,16.2716
6.25,40.25,17.072
6.75,40.25,17.9934
7.25,40.25,19.0357
7.75,40.25,20.1945
8.25,40.25,21.4586
8.75,40.25,22.8078
9.25,40.25,24.2111
9.75,40.25,25.6245
10.25,40.25,26.9929
10.75,40.25,28.2521
11.25,40.25,29.3343
11.75,40.25,30.1752
12.25,40.25,30.7214
12.75,40.25,30.9373
13.25,40.25,30.8098
13.75,40.25,30.3493
14.25,40.25,29.5883
14.75,40.25,28.5766
15.25,40.25,27.3743
15.75,40.25,26.0453
16.25,40.25,24.6513
16.75,40.25,23.2471
17.25,40.25,21.8783
17.75,40.25,20.5801
18.25,40.25,19.3774
18.75,40.25,18.286
19.25,40.25,17.3136
19.75,40.25,16.4619
20.25,40.25,15.7278
20.75,40.25,15.1043
21.25,40.25,14.5821
21.75,40.25,14.1503
22.25,40.25,13.7967
22.75,40.25,13.5085
23.25,40.25,13.2725
23.75,40.25,13.0749
24.25,40.25,12.9012
24.75,40.25,12.7362
25.25,40.25,12.5644
25.75,40.25,12.3696
26.25,40.25,12.1365
26.75,40.25,11.8515
27.25,40.25,11.5043
27.75,40.25,11.09
28.25,40.25,10.6097
28.75,40.25,10.0719
29.25,40.25,9.49143
29.75,40.25,8.88845
30.25,40.25,8.28575
30.75,40.25,7.70595
31.25,40.25,7.1687
31.75,40.25,6.68857
32.25,40.25,6.27365
32.75,40.25,5.92527
33.25,40.25,5.63852
33.75,40.25,5.40336
34.25,40.25,5.2063
34.75,40.25,5.03219
35.25,40.25,4.8661
35.75,40.25,4.69503
36.25,40.25,4.50927
36.75,40.25,4.30323
37.25,40.25,4.0756
37.75,40.25,3.82886
38.25,40.25,3.56843
38.75,40.25,3.30135
39.25,40.25,3.03504
39.75,40.25,2.77625
40.25,40.25,2.53032
40.75,40.25,2.30083
41.25,40.25,2.08959
41.75,40.25,1.89691
42.25,40.25,1.72199
42.75,40.25,1.56336
43.25,40.25,1.41929
43.75,40.25,1.28816
44.25,40.25,1.16865
44.75,40.25,1.05962
-44.75,40.75,5.06631
-44.25,40.75,6.06621
-43.75,40.75,7.01152
-43.25,40.75,7.8642
-42.75,40.75,8.58741
-42.25,40.75,9.13949
-41.75,40.75,9.49221
-41.25,40.75,9.63404
-40.75,40.75,9.57096
-40.25,40.75,9.32485
-39.75,40.75,8.92975
-39.25,40.75,8.42711
-38.75,40.75,7.86041
-38.25,40.75,7.27039
-37.75,40.75,6.69151
-37.25,40.75,6.14992
-36.75,40.75,5.66303
-36.25,40.75,5.2403
-35.75,40.75,4.88488
-35.25,40.75,4.59561
-34.75,40.75,4.36873
-34.25,40.75,4.19907
-33.75,40.75,4.08065
-33.25,40.75,4.0068
-32.75,40.75,3.96975
-32.25,40.75,3.9603
-31.75,40.75,3.96765
-31.25,40.75,3.97964
-30.75,40.75,3.98348
-30.25,40.75,3.96699
-29.75,40.75,3.92
-29.25,40.75,3.83582
-28.75,40.75,3.71223
-28.25,40.75,3.55199
-27.75,40.75,3.36259
-27.25,40.75,3.15525
-26.75,40.75,2.94363
-26.25,40.75,2.74225
-25.75,40.75,2.5651
-25.25,40.75,2.42466
-24.75,40.75,2.33121
-24.25,40.75,2.2925
-23.75,40.75,2.3135
-23.25,40.75,2.396
-22.75,40.75,2.53797
-22.25,40.75,2.73287
-21.75,40.75,2.96922
-21.25,40.75,3.2307
-20.75,40.75,3.49722
-20.25,40.75,3.74698
-19.75,40.75,3.9592
-19.25,40.75,4.11717
-18.75,40.75,4.21076
-18.25,40.75,4.23805
-17.75,40.75,4.20541
-17.25,40.75,4.12642
-16.75,40.75,4.01964
-16.25,40.75,3.9061
-15.75,40.75,3.80689
-15.25,40.75,3.74137
-14.75,40.75,3.72624
-14.25,40.75,3.77526
-13.75,40.75,3.8994
-13.25,40.75,4.10691
-12.75,40.75,4.40314
-12.25,40.75,4.78989
-11.75,40.75,5.26441
-11.25,40.75,5.81838
-10.75,40.75,6.43732
-10.25,40.75,7.10085
-9.75,40.75,7.78394
-9.25,40.75,8.45914
-8.75,40.75,9.09968
-8.25,40.75,9.68248
-7.75,40.75,10.1908
-7.25,40.75,10.616
-6.75,40.75,10.9574
-6.25,40.75,11.2217
-5.75,40.75,11.4204
-5.25,40.75,11.5677
-4.75,40.75,11.6777
-4.25,40.75,11.7622
-3.75,40.75,11.8293
-3.25,40.75,11.8832
-2.75,40.75,11.9243
-2.25,40.75,11.9498
-1.75,40.75,11.9562
-1.25,40.75,11.94
-0.75,40.75,11.9
-0.25,40.75,11.8379
0.25,40.75,11.7597
0.75,40.75,11.6755
1.25,40.75,11.5987
1.75,40.75,11.5452
2.25,40.75,11.532
2.75,40.75,11.5754
3.25,40.75,11.6906
3.75,40.75,11.8902
4.25,40.75,12.1842
4.75,40.75,12.5801
5.25,40.75,13.0831
5.75,40.75,13.6964
6.25,40.75,14.4215
6.75,40.75,15.2581
7.25,40.75,16.2032
7.75,40.75,17.25
8.25,40.75,18.3862
8.75,40.75,19.5919
9.25,40.75,20.8382
9.75,40.75,22.0855
10.25,40.75,23.2849
10.75,40.75,24.38
11.25,40.75,25.3119
11.75,40.75,26.0249
12.25,40.75,26.4733
12.75,40.75,26.6278
13.25,40.75,26.4794
13.75,40.75,26.0403
14.25,40.75,25.3428
14.75,40.75,24.4342
15.25,40.75,23.371
15.75,40.75,22.2124
16.25,40.75,21.0148
16.75,40.75,19.8272
17.25,40.75,18.6894
17.75,40.75,17.6309
18.25,40.75,16.6713
18.75,40.75,15.8214
19.25,40.75,15.0848
19.75,40.75,14.4595
20.25,40.75,13.939
20.75,40.75,13.514
21.25,40.75,13.1734
21.75,40.75,12.9047
22.25,40.75,12.6949
22.75,40.75,12.5311
23.25,40.75,12.4004
23.75,40.75,12.2899
24.25,40.75,12.1867
24.75,40.75,12.078
25.25,40.75,11.9506
25.75,40.75,11.7918
26.25,40.75,11.5892
26.75,40.75,11.3323
27.25,40.75,11.0134
27.75,40.75,10.6289
28.25,40.75,10.1806
28.75,40.75,9.67612
29.25,40.75,9.12885
29.75,40.75,8.55657
30.25,40.75,7.9796
30.75,40.75,7.41831
31.25,40.75,6.89074
31.75,40.75,6.41057
32.25,40.75,5.98583
32.75,40.75,5.61856
33.25,40.75,5.30511
33.75,40.75,5.03723
34.25,40.75,4.80351
34.75,40.75,4.5911
35.25,40.75,4.38746
35.75,40.75,4.18191
36.25,40.75,3.9668
36.75,40.75,3.73823
37.25,40.75,3.496
37.75,40.75,3.24313
38.25,40.75,2.98486
38.75,40.75,2.72755
39.25,40.75,2.47747
39.75,40.75,2.23998
40.25,40.75,2.01891
40.75,40.75,1.81641
41.25,40.75,1.63308
41.75,40.75,1.46821
42.25,40.75,1.32028
42.75,40.75,1.18729
43.25,40.75,1.06723
43.75,40.75,0.958276
44.25,40.75,0.859021
44.75,40.75,0.768369
-44.75,41.25,5.03746
-44.25,41.25,6.04884
-43.75,41.25,7.01502
-43.25,41.25,7.89814
-42.75,41.25,8.66022
-42.25,41.25,9.25716
-41.75,41.25,9.65718
-41.25,41.25,9.84457
-40.75,41.25,9.82122
-40.25,41.25,9.60576
-39.75,41.25,9.23039
-39.25,41.25,8.73642
-38.75,41.25,8.1688
-38.25,41.25,7.57102
-37.75,41.25,6.98089
-37.25,41.25,6.42779
-36.75,41.25,5.93171
-36.25,41.25,5.50359
-35.75,41.25,5.14682
-35.25,41.25,4.85937
-34.75,41.25,4.6359
-34.25,41.25,4.4694
-33.75,41.25,4.35232
-33.25,41.25,4.27698
-32.75,41.25,4.2355
-32.25,41.25,4.21936
-31.75,41.25,4.21906
-31.25,41.25,4.22395
-30.75,41.25,4.22259
-30.25,41.25,4.20352
-29.75,41.25,4.15652
-29.25,41.25,4.07392
-28.75,41.25,3.95195
-28.25,41.25,3.79144
-27.75,41.25,3.5981
-27.25,41.25,3.38184
-26.75,41.25,3.15568
-26.25,41.25,2.9342
-25.75,41.25,2.73203
-25.25,41.25,2.5625
-24.75,41.25,2.43681
-24.25,41.25,2.36349
-23.75,41.25,2.34807
-23.25,41.25,2.39282
-22.75,41.25,2.49624
-22.25,41.25,2.65249
-21.75,41.25,2.8509
-21.25,41.25,3.07608
-20.75,41.25,3.30868
-20.25,41.25,3.52725
-19.75,41.25,3.71088
-19.25,41.25,3.84223
-18.75,41.25,3.91016
-18.25,41.25,3.91166
-17.75,41.25,3.85218
-17.25,41.25,3.74461
-16.75,41.25,3.60716
-16.25,41.25,3.46062
-15.75,41.25,3.32583
-15.25,41.25,3.22168
-14.75,41.25,3.16413
-14.25,41.25,3.16601
-13.75,41.25,3.23733
-13.25,41.25,3.38567
-12.75,41.25,3.61625
-12.25,41.25,3.93149
-11.75,41.25,4.33017
-11.25,41.25,4.80636
-10.75,41.25,5.34864
-10.25,41.25,5.94004
-9.75,41.25,6.55883
-9.25,41.25,7.18038
-8.75,41.25,7.77971
-8.25,41.25,8.3344
-7.75,41.25,8.82712
-7.25,41.25,9.24735
-6.75,41.25,9.59197
-6.25,41.25,9.86453
-5.75,41.25,10.0736
-5.25,41.25,10.2307
-4.75,41.25,10.3474
-4.25,41.25,10.4341
-3.75,41.25,10.4977
-3.25,41.25,10.5419
-2.75,41.25,10.567
-2.25,41.25,10.5707
-1.75,41.25,10.5498
-1.25,41.25,10.5015
-0.75,41.25,10.4256
-0.25,41.25,10.3247
0.25,41.25,10.2058
0.75,41.25,10.0798
1.25,41.25,9.96123
1.75,41.25,9.86665
2.25,41.25,9.81356
2.75,41.25,9.81873
3.25,41.25,9.89705
3.75,41.25,10.0607
4.25,41.25,10.3186
4.75,41.25,10.6767
5.25,41.25,11.1381
5.75,41.25,11.7032
6.25,41.25,12.3705
6.75,41.25,13.1362
7.25,41.25,13.9944
7.75,41.25,14.9358
8.25,41.25,15.9472
8.75,41.25,17.0095
9.25,41.25,18.0966
9.75,41.25,19.1747
10.25,41.25,20.2023
10.75,41.25,21.1322
11.25,41.25,21.9154
11.75,41.25,22.5055
12.25,41.25,22.865
12.75,41.25,22.9699
13.25,41.25,22.8139
13.75,41.25,22.4095
14.25,41.25,21.7863
14.75,41.25,20.9877
15.25,41.25,20.0649
15.75,41.25,19.0717
16.25,41.25,18.0586
16.75,41.25,17.0694
17.25,41.25,16.1389
17.75,41.25,15.292
18.25,41.25,14.5442
18.75,41.25,13.9029
19.25,41.25,13.3684
19.75,41.25,12.9358
20.25,41.25,12.5967
20.75,41.25,12.3396
21.25,41.25,12.1517
21.75,41.25,12.0196
22.25,41.25,11.9297
22.75,41.25,11.8687
23.25,41.25,11.8243
23.75,41.25,11.7847
24.25,41.25,11.7388
24.75,41.25,11.6757
25.25,41.25,11.5851
25.75,41.25,11.457
26.25,41.25,11.2818
26.75,41.25,11.0516
27.25,41.25,10.7604
27.75,41.25,10.4057
28.25,41.25,9.98894
28.75,41.25,9.51659
29.25,41.25,8.9997
29.75,41.25,8.45331
30.25,41.25,7.89485
30.75,41.25,7.34228
31.25,41.25,6.81199
31.75,41.25,6.31703
32.25,41.25,5.86582
32.75,41.25,5.46172
33.25,41.25,5.10315
33.75,41.25,4.78443
34.25,41.25,4.49707
34.75,41.25,4.23123
35.25,41.25,3.97732
35.75,41.25,3.72729
36.25,41.25,3.47568
36.75,41.25,3.22005
37.25,41.25,2.96099
37.75,41.25,2.70147
38.25,41.25,2.44606
38.75,41.25,2.19983
39.25,41.25,1.96745
39.75,41.25,1.7525
40.25,41.25,1.55715
40.75,41.25,1.38207
41.25,41.25,1.22665
41.75,41.25,1.08935
42.25,41.25,0.968064
42.75,41.25,0.8605
43.25,41.25,0.76447
43.75,41.25,0.678101
44.25,41.25,0.599965
44.75,41.25,0.528994
-44.75,41.75,4.96661
-44.25,41.75,5.98472
-43.75,41.75,6.9694
-43.25,41.75,7.88339
-42.75,41.75,8.68752
-42.25,41.75,9.33508
-41.75,41.75,9.79005
-41.25,41.75,10.0315
-40.75,41.75,10.0561
-40.25,41.75,9.87775
-39.75,41.75,9.52582
-39.25,41.75,9.0407
-38.75,41.75,8.46856
-38.25,41.75,7.85589
-37.75,41.75,7.24457
-37.25,41.75,6.66838
-36.75,41.75,6.15114
-36.25,41.75,5.70656
-35.75,41.75,5.33942
-35.25,41.75,5.04771
-34.75,41.75,4.825
-34.25,41.75,4.66264
-33.75,41.75,4.55134
-33.25,41.75,4.48214
-32.75,41.75,4.44659
-32.25,41.75,4.4364
-31.75,41.75,4.44297
-31.25,41.75,4.4568
-30.75,41.75,4.46738
-30.25,41.75,4.46355
-29.75,41.75,4.43439
-29.25,41.75,4.37058
-28.75,41.75,4.26588
-28.25,41.75,4.11838
-27.75,41.75,3.93129
-27.25,41.75,3.71276
-26.75,41.75,3.47514
-26.25,41.75,3.23343
-25.75,41.75,3.00355
-25.25,41.75,2.80067
-24.75,41.75,2.63783
-24.25,41.75,2.52513
-23.75,41.75,2.46924
-23.25,41.75,2.47318
-22.75,41.75,2.536
-22.25,41.75,2.65241
-21.75,41.75,2.81249
-21.25,41.75,3.00168
-20.75,41.75,3.20149
-20.25,41.75,3.39106
-19.75,41.75,3.54962
-19.25,41.75,3.65935
-18.75,41.75,3.70825
-18.25,41.75,3.6921
-17.75,41.75,3.61518
-17.25,41.75,3.48941
-16.75,41.75,3.33231
-16.25,41.75,3.16426
-15.75,41.75,3.00576
-15.25,41.75,2.87528
-14.75,41.75,2.78817
-14.25,41.75,2.75642
-13.75,41.75,2.78911
-13.25,41.75,2.89292
-12.75,41.75,3.07247
-12.25,41.75,3.33007
-11.75,41.75,3.66508
-11.25,41.75,4.07293
-10.75,41.75,4.54426
-10.25,41.75,5.06479
-9.75,41.75,5.61576
-9.25,41.75,6.17545
-8.75,41.75,6.72135
-8.25,41.75,7.23274
-7.75,41.75,7.69296
-7.25,41.75,8.09113
-6.75,41.75,8.42279
-6.25,41.75,8.68952
-5.75,41.75,8.89752
-5.25,41.75,9.05574
-4.75,41.75,9.17376
-4.25,41.75,9.25992
-3.75,41.75,9.32012
-3.25,41.75,9.35718
-2.75,41.75,9.37107
-2.25,41.75,9.35975
-1.75,41.75,9.32041
-1.25,41.75,9.25114
-0.75,41.75,9.15223
-0.25,41.75,9.02741
0.25,41.75,8.88441
0.75,41.75,8.73494
1.25,41.75,8.59401
1.75,41.75,8.47866
2.25,41.75,8.40655
2.75,41.75,8.39438
3.25,41.75,8.4566
3.75,41.75,8.6045
4.25,41.75,8.84577
4.75,41.75,9.18438
5.25,41.75,9.62085
5.75,41.75,10.1526
6.25,41.75,10.7747
6.75,41.75,11.4796
7.25,41.75,12.2582
7.75,41.75,13.0991
8.25,41.75,13.9881
8.75,41.75,14.9077
9.25,41.75,15.8355
9.75,41.75,16.7439
10.25,41.75,17.6002
10.75,41.75,18.3673
11.25,41.75,19.0068
11.75,41.75,19.4822
12.25,41.75,19.7636
12.75,41.75,19.8322
13.25,41.75,19.6831
13.75,41.75,19.3271
14.25,41.75,18.7898
14.75,41.75,18.1085
15.25,41.75,17.3281
15.75,41.75,16.4955
16.25,41.75,15.6554
16.75,41.75,14.8467
17.25,41.75,14.0999
17.75,41.75,13.4366
18.25,41.75,12.8696
18.75,41.75,12.4038
19.25,41.75,12.0378
19.75,41.75,11.7651
20.25,41.75,11.5757
20.75,41.75,11.4569
21.25,41.75,11.3949
21.75,41.75,11.3754
22.25,41.75,11.3843
22.75,41.75,11.4085
23.25,41.75,11.4361
23.75,41.75,11.4565
24.25,41.75,11.4601
24.75,41.75,11.438
25.25,41.75,11.3822
25.75,41.75,11.2847
26.25,41.75,11.1386
26.75,41.75,10.9376
27.25,41.75,10.677
27.75,41.75,10.3547
28.25,41.75,9.97166
28.75,41.75,9.5325
29.25,41.75,9.04587
29.75,41.75,8.52379
30.25,41.75,7.98068
30.75,41.75,7.43196
31.25,41.75,6.89234
31.75,41.75,6.3743
32.25,41.75,5.88692
32.75,41.75,5.43527
33.25,41.75,5.02034
33.75,41.75,4.63965
34.25,41.75,4.2882
34.75,41.75,3.95971
35.25,41.75,3.64789
35.75,41.75,3.34753
36.25,41.75,3.0553
36.75,41.75,2.77013
37.25,41.75,2.493
37.75,41.75,2.22653
38.25,41.75,1.97413
38.75,41.75,1.73927
39.25,41.75,1.52473
39.75,41.75,1.33218
40.25,41.75,1.16198
40.75,41.75,1.01336
41.25,41.75,0.884571
41.75,41.75,0.773317
42.25,41.75,0.677052
42.75,41.75,0.59327
43.25,41.75,0.519733
43.75,41.75,0.45458
44.25,41.75,0.396408
44.75,41.75,0.344178
-44.75,42.25,4.85894
-44.25,42.25,5.87658
-43.75,42.25,6.87363
-43.25,42.25,7.814
-42.75,42.25,8.65792
-42.25,42.25,9.35647
-41.75,42.25,9.86953
-41.25,42.25,10.1707
-40.75,42.25,10.2504
-40.25,42.25,10.1174
-39.75,42.25,9.79653
-39.25,42.25,9.32631
-38.75,42.25,8.75315
-38.25,42.25,8.1259
-37.75,42.25,7.49034
-37.25,42.25,6.88487
-36.75,42.25,6.33786
-36.25,42.25,5.86671
-35.75,42.25,5.47867
-35.25,42.25,5.1728
-34.75,42.25,4.9426
-34.25,42.25,4.77849
-33.75,42.25,4.66996
-33.25,42.25,4.60701
-32.75,42.25,4.58064
-32.25,42.25,4.58272
-31.75,42.25,4.60525
-31.25,42.25,4.63957
-30.75,42.25,4.67572
-30.25,42.25,4.7023
-29.75,42.25,4.70714
-29.25,42.25,4.67855
-28.75,42.25,4.60707
-28.25,42.25,4.48721
-27.75,42.25,4.31892
-27.25,42.25,4.10801
-26.75,42.25,3.86583
-26.25,42.25,3.60782
-25.75,42.25,3.35159
-25.25,42.25,3.11473
-24.75,42.25,2.91292
-24.25,42.25,2.75861
-23.75,42.25,2.66026
-23.25,42.25,2.62199
-22.75,42.25,2.64353
-22.25,42.25,2.72005
-21.75,42.25,2.84213
-21.25,42.25,2.99586
-20.75,42.25,3.16351
-20.25,42.25,3.32489
-19.75,42.25,3.45959
-19.25,42.25,3.54972
-18.75,42.25,3.58269
-18.25,42.25,3.55335
-17.75,42.25,3.46491
-17.25,42.25,3.32823
-16.75,42.25,3.15999
-16.25,42.25,2.97994
-15.75,42.25,2.80805
-15.25,42.25,2.66233
-14.75,42.25,2.55751
-14.25,42.25,2.50486
-13.75,42.25,2.51254
-13.25,42.25,2.58627
-12.75,42.25,2.72972
-12.25,42.25,2.9445
-11.75,42.25,3.22968
-11.25,42.25,3.58091
-10.75,42.25,3.98982
-10.25,42.25,4.44377
-9.75,42.25,4.92631
-9.25,42.25,5.41842
-8.75,42.25,5.9004
-8.25,42.25,6.354
-7.75,42.25,6.76447
-7.25,42.25,7.122
-6.75,42.25,7.42223
-6.25,42.25,7.66599
-5.75,42.25,7.85808
-5.25,42.25,8.00567
-4.75,42.25,8.11642
-4.25,42.25,8.19695
-3.75,42.25,8.25172
-3.25,42.25,8.28261
-2.75,42.25,8.28906
-2.25,42.25,8.26891
-1.75,42.25,8.21961
-1.25,42.25,8.13964
-0.75,42.25,8.02989
-0.25,42.25,7.89464
0.25,42.25,7.74211
0.75,42.25,7.5844
1.25,42.25,7.43674
1.75,42.25,7.31627
2.25,42.25,7.24053
2.75,42.25,7.22589
3.25,42.25,7.28622
3.75,42.25,7.43187
4.25,42.25,7.6691
4.75,42.25,7.99986
5.25,42.25,8.42203
5.75,42.25,8.92982
6.25,42.25,9.51455
6.75,42.25,10.1653
7.25,42.25,10.8696
7.75,42.25,11.6142
8.25,42.25,12.3845
8.75,42.25,13.1649
9.25,42.25,13.9373
9.75,42.25,14.6812
10.25,42.25,15.3727
10.75,42.25,15.9853
11.25,42.25,16.4912
11.75,42.25,16.8635
12.25,42.25,17.0799
12.75,42.25,17.1257
13.25,42.25,16.9967
13.75,42.25,16.701
14.25,42.25,16.2585
14.75,42.25,15.6994
15.25,42.25,15.0608
15.75,42.25,14.3824
16.25,42.25,13.7028
16.75,42.25,13.0558
17.25,42.25,12.4686
17.75,42.25,11.9605
18.25,42.25,11.5427
18.75,42.25,11.2192
19.25,42.25,10.988
19.75,42.25,10.8421
20.25,42.25,10.7709
20.75,42.25,10.7614
21.25,42.25,10.7991
21.75,42.25,10.8694
22.25,42.25,10.9583
22.75,42.25,11.0529
23.25,42.25,11.1418
23.75,42.25,11.2151
24.25,42.25,11.2646
24.75,42.25,11.2829
25.25,42.25,11.2633
25.75,42.25,11.1996
26.25,42.25,11.0862
26.75,42.25,10.9181
27.25,42.25,10.6913
27.75,42.25,10.4039
28.25,42.25,10.0559
28.75,42.25,9.65068
29.25,42.25,9.19441
29.75,42.25,8.69636
30.25,42.25,8.16813
30.75,42.25,7.62264
31.25,42.25,7.07294
31.75,42.25,6.53092
32.25,42.25,6.00625
32.75,42.25,5.50569
33.25,42.25,5.0329
33.75,42.25,4.58867
34.25,42.25,4.17167
34.75,42.25,3.77927
35.25,42.25,3.40853
35.75,42.25,3.05708
36.25,42.25,2.72367
36.75,42.25,2.40839
37.25,42.25,2.11254
37.75,42.25,1.83819
38.25,42.25,1.58756
38.75,42.25,1.36243
39.25,42.25,1.16371
39.75,42.25,0.991181
40.25,42.25,0.843523
40.75,42.25,0.718539
41.25,42.25,0.613455
41.75,42.25,0.525273
42.25,42.25,0.451052
42.75,42.25,0.38812
43.25,42.25,0.334211
43.75,42.25,0.287504
44.25,42.25,0.24664
44.75,42.25,0.210612
-44.75,42.75,4.71037
-44.25,42.75,5.71642
-43.75,42.75,6.71453
-43.25,42.75,7.67056
-42.75,42.75,8.54511
-42.25,42.75,9.28813
-41.75,42.75,9.85627
-41.25,42.75,10.2181
-40.75,42.75,10.3583
-40.25,42.75,10.2791
-39.75,42.75,10.0006
-39.25,42.75,9.55757
-38.75,42.75,8.99525
-38.25,42.75,8.36338
-37.75,42.75,7.71048
-37.25,42.75,7.07886
-36.75,42.75,6.50119
-36.25,42.75,5.9989
-35.75,42.75,5.5824
-35.25,42.75,5.25287
-34.75,42.75,5.00485
-34.25,42.75,4.82899
-33.75,42.75,4.71455
-33.25,42.75,4.65123
-32.75,42.75,4.63003
-32.25,42.75,4.64311
-31.75,42.75,4.68311
-31.25,42.75,4.74202
-30.75,42.75,4.81012
-30.25,42.75,4.8755
-29.75,42.75,4.92435
-29.25,42.75,4.94224
-28.75,42.75,4.91605
-28.25,42.75,4.83625
-27.75,42.75,4.69895
-27.25,42.75,4.50709
-26.75,42.75,4.27048
-26.25,42.75,4.00464
-25.75,42.75,3.72867
-25.25,42.75,3.46265
-24.75,42.75,3.22521
-24.25,42.75,3.03157
-23.75,42.75,2.8924
-23.25,42.75,2.81332
-22.75,42.75,2.79491
-22.25,42.75,2.83278
-21.75,42.75,2.91785
-21.25,42.75,3.03669
-20.75,42.75,3.17221
-20.25,42.75,3.30496
-19.75,42.75,3.4152
-19.25,42.75,3.48542
-18.75,42.75,3.50301
-18.25,42.75,3.4624
-17.75,42.75,3.36605
-17.25,42.75,3.22392
-16.75,42.75,3.05175
-16.25,42.75,2.86837
-15.75,42.75,2.69297
-15.25,42.75,2.5428
-14.75,42.75,2.43187
-14.25,42.75,2.37064
-13.75,42.75,2.3664
-13.25,42.75,2.42383
-12.75,42.75,2.54551
-12.25,42.75,2.73192
-11.75,42.75,2.9811
-11.25,42.75,3.2881
-10.75,42.75,3.64448
-10.25,42.75,4.03832
-9.75,42.75,4.45472
-9.25,42.75,4.87696
-8.75,42.75,5.28818
-8.25,42.75,5.67315
-7.75,42.75,6.0199
-7.25,42.75,6.32079
-6.75,42.75,6.57286
-6.25,42.75,6.77738
-5.75,42.75,6.93881
-5.25,42.75,7.06326
-4.75,42.75,7.15707
-4.25,42.75,7.22536
-3.75,42.75,7.27127
-3.25,42.75,7.29562
-2.75,42.75,7.29715
-2.25,42.75,7.27332
-1.75,42.75,7.22145
-1.25,42.75,7.14009
-0.75,42.75,7.0302
-0.25,42.75,6.89615
0.25,42.75,6.74617
0.75,42.75,6.59227
1.25,42.75,6.4495
1.75,42.75,6.33473
2.25,42.75,6.26517
2.75,42.75,6.2568
3.25,42.75,6.3229
3.75,42.75,6.47297
4.25,42.75,6.71197
4.75,42.75,7.04
5.25,42.75,7.45239
5.75,42.75,7.94027
6.25,42.75,8.49151
6.75,42.75,9.09182
7.25,42.75,9.72609
7.75,42.75,10.3794
8.25,42.75,11.0374
8.75,42.75,11.6868
9.25,42.75,12.3143
9.75,42.75,12.906
10.25,42.75,13.4469
10.75,42.75,13.9202
11.25,42.75,14.3081
11.75,42.75,14.5928
12.25,42.75,14.7584
12.75,42.75,14.794
13.25,42.75,14.6954
13.75,42.75,14.4671
14.25,42.75,14.1231
14.75,42.75,13.6857
15.25,42.75,13.1837
15.75,42.75,12.6491
16.25,42.75,12.1143
16.75,42.75,11.6084
17.25,42.75,11.1558
17.75,42.75,10.7741
18.25,42.75,10.4742
18.75,42.75,10.2603
19.25,42.75,10.1307
19.75,42.75,10.0791
20.25,42.75,10.0953
20.75,42.75,10.1667
21.25,42.75,10.2791
21.75,42.75,10.4183
22.25,42.75,10.5703
22.75,42.75,10.7227
23.25,42.75,10.8645
23.75,42.75,10.9865
24.25,42.75,11.0808
24.75,42.75,11.1407
25.25,42.75,11.1601
25.75,42.75,11.1337
26.25,42.75,11.0563
26.75,42.75,10.9236
27.25,42.75,10.732
27.75,42.75,10.4795
28.25,42.75,10.1657
28.75,42.75,9.79287
29.25,42.75,9.36545
29.75,42.75,8.89061
30.25,42.75,8.37765
30.75,42.75,7.83741
31.25,42.75,7.28141
31.75,42.75,6.72089
32.25,42.75,6.16581
32.75,42.75,5.62428
33.25,42.75,5.10215
33.75,42.75,4.60304
34.25,42.75,4.12882
34.75,42.75,3.68009
35.25,42.75,3.25693
35.75,42.75,2.8595
36.25,42.75,2.48842
36.75,42.75,2.14492
37.25,42.75,1.83062
37.75,42.75,1.5472
38.25,42.75,1.29593
38.75,42.75,1.07722
39.25,42.75,0.890366
39.75,42.75,0.733551
40.25,42.75,0.603975
40.75,42.75,0.498195
41.25,42.75,0.412489
41.75,42.75,0.343204
42.25,42.75,0.287009
42.75,42.75,0.241048
43.25,42.75,0.203008
43.75,42.75,0.171091
44.25,42.75,0.143973
44.75,42.75,0.120691
-44.75,43.25,4.51461
-44.25,43.25,5.49344
-43.75,43.25,6.47554
-43.25,43.25,7.42956
-42.75,43.25,8.31777
-42.25,43.25,9.09055
-41.75,43.25,9.70295
-41.25,43.25,10.1199
-40.75,43.25,10.3209
-40.25,43.25,10.3022
-39.75,43.25,10.078
-39.25,43.25,9.67845
-38.75,43.25,9.1455
-38.25,43.25,8.52775
-37.75,43.25,7.87449
-37.25,43.25,7.23028
-36.75,43.25,6.631
-36.25,43.25,6.10163
-35.75,43.25,5.65593
-35.25,43.25,5.29788
-34.75,43.25,5.02414
-34.25,43.25,4.82679
-33.75,43.25,4.69609
-33.25,43.25,4.62251
-32.75,43.25,4.59772
-32.25,43.25,4.61467
-31.75,43.25,4.66679
-31.25,43.25,4.74666
-30.75,43.25,4.84474
-30.25,43.25,4.94851
-29.75,43.25,5.04258
-29.25,43.25,5.10989
-28.75,43.25,5.13381
-28.25,43.25,5.10082
-27.75,43.25,5.00312
-27.25,43.25,4.84041
-26.75,43.25,4.62042
-26.25,43.25,4.35805
-25.75,43.25,4.07321
-25.25,43.25,3.78794
-24.75,43.25,3.52345
-24.25,43.25,3.29764
-23.75,43.25,3.12347
-23.25,43.25,3.00827
-22.75,43.25,2.95362
-22.25,43.25,2.95572
-21.75,43.25,3.00584
-21.25,43.25,3.09097
-20.75,43.25,3.19468
-20.25,43.25,3.29839
-19.75,43.25,3.38334
-19.25,43.25,3.43289
-18.75,43.25,3.43501
-18.25,43.25,3.38428
-17.75,43.25,3.28283
-17.25,43.25,3.13992
-16.75,43.25,2.97028
-16.25,43.25,2.79163
-15.75,43.25,2.62196
-15.25,43.25,2.47747
-14.75,43.25,2.37116
-14.25,43.25,2.31258
-13.75,43.25,2.30804
-13.25,43.25,2.36118
-12.75,43.25,2.47333
-12.25,43.25,2.6436
-11.75,43.25,2.86865
-11.25,43.25,3.14235
-10.75,43.25,3.45558
-10.25,43.25,3.79648
-9.75,43.25,4.15119
-9.25,43.25,4.50496
-8.75,43.25,4.84367
-8.25,43.25,5.15529
-7.75,43.25,5.43107
-7.25,43.25,5.6662
-6.75,43.25,5.85981
-6.25,43.25,6.01443
-5.75,43.25,6.13484
-5.25,43.25,6.22684
-4.75,43.25,6.2959
-4.25,43.25,6.34611
-3.75,43.25,6.37954
-3.25,43.25,6.39612
-2.75,43.25,6.39389
-2.25,43.25,6.36982
-1.75,43.25,6.32084
-1.25,43.25,6.24514
-0.75,43.25,6.14331
-0.25,43.25,6.01921
0.25,43.25,5.88049
0.75,43.25,5.73853
1.25,43.25,5.60774
1.75,43.25,5.50442
2.25,43.25,5.44531
2.75,43.25,5.44598
3.25,43.25,5.51931
3.75,43.25,5.67418
4.25,43.25,5.91459
4.75,43.25,6.23912
5.25,43.25,6.64099
5.75,43.25,7.10866
6.25,43.25,7.62706
6.75,43.25,8.17912
7.25,43.25,8.74759
7.75,43.25,9.31656
8.25,43.25,9.87252
8.75,43.25,10.4045
9.25,43.25,10.9038
9.75,43.25,11.363
10.25,43.25,11.7745
10.75,43.25,12.1301
11.25,43.25,12.4205
11.75,43.25,12.6354
12.25,43.25,12.7648
12.75,43.25,12.8004
13.25,43.25,12.7378
13.75,43.25,12.5783
14.25,43.25,12.3295
14.75,43.25,12.0063
15.25,43.25,11.6292
15.75,43.25,11.2229
16.25,43.25,10.8134
16.75,43.25,10.4258
17.25,43.25,10.0818
17.75,43.25,9.79841
18.25,43.25,9.58655
18.75,43.25,9.45146
19.25,43.25,9.39285
19.75,43.25,9.40569
20.25,43.25,9.48123
20.75,43.25,9.60799
21.25,43.25,9.77289
21.75,43.25,9.96231
22.25,43.25,10.163
22.75,43.25,10.3629
23.25,43.25,10.5511
23.75,43.25,10.7184
24.25,43.25,10.8567
24.75,43.25,10.9591
25.25,43.25,11.0194
25.75,43.25,11.0319
26.25,43.25,10.9915
26.75,43.25,10.8938
27.25,43.25,10.7356
27.75,43.25,10.5148
28.25,43.25,10.2311
28.75,43.25,9.88607
29.25,43.25,9.48352
29.75,43.25,9.02938
30.25,43.25,8.53154
30.75,43.25,7.99939
31.25,43.25,7.44332
31.75,43.25,6.87385
32.25,43.25,6.30095
32.75,43.25,5.73342
33.25,43.25,5.17845
33.75,43.25,4.64158
34.25,43.25,4.12686
34.75,43.25,3.63723
35.25,43.25,3.17503
35.75,43.25,2.74239
36.25,43.25,2.34147
36.75,43.25,1.97455
37.25,43.25,1.64379
37.75,43.25,1.35085
38.25,43.25,1.09651
38.75,43.25,0.880348
39.25,43.25,0.700603
39.75,43.25,0.554275
40.25,43.25,0.437426
40.75,43.25,0.345597
41.25,43.25,0.274243
41.75,43.25,0.219102
42.25,43.25,0.176446
42.75,43.25,0.143199
43.25,43.25,0.116954
43.75,43.25,0.0959039
44.25,43.25,0.0787468
44.75,43.25,0.0645581
-44.75,43.75,4.27111
-44.25,43.75,5.20316
-43.75,43.75,6.14691
-43.25,43.75,7.0747
-42.75,43.75,7.95181
-42.25,43.75,8.73104
-41.75,43.75,9.36792
-41.25,43.75,9.82585
-40.75,43.75,10.0805
-40.25,43.75,10.1234
-39.75,43.75,9.96256
-39.25,43.75,9.62236
-38.75,43.75,9.13988
-38.25,43.75,8.56024
-37.75,43.75,7.93093
-37.25,43.75,7.29647
-36.75,43.75,6.69411
-36.25,43.75,6.15119
-35.75,43.75,5.68438
-35.25,43.75,5.30067
-34.75,43.75,4.99955
-34.25,43.75,4.77563
-33.75,43.75,4.62129
-33.25,43.75,4.52874
-32.75,43.75,4.49115
-32.25,43.75,4.50267
-31.75,43.75,4.55772
-31.25,43.75,4.64953
-30.75,43.75,4.76877
-30.25,43.75,4.90251
-29.75,43.75,5.03424
-29.25,43.75,5.14488
-28.75,43.75,5.21507
-28.25,43.75,5.22797
-27.75,43.75,5.17232
-27.25,43.75,5.04463
-26.75,43.75,4.85018
-26.25,43.75,4.60248
-25.75,43.75,4.32125
-25.25,43.75,4.02942
-24.75,43.75,3.74992
-24.25,43.75,3.50271
-23.75,43.75,3.30276
-23.25,43.75,3.15903
-22.75,43.75,3.07428
-22.25,43.75,3.04545
-21.75,43.75,3.06434
-21.25,43.75,3.11852
-20.75,43.75,3.19233
-20.25,43.75,3.26824
-19.75,43.75,3.32873
-19.25,43.75,3.35841
-18.75,43.75,3.34625
-18.25,43.75,3.2874
-17.75,43.75,3.184
-17.25,43.75,3.04472
-16.75,43.75,2.88329
-16.25,43.75,2.71608
-15.75,43.75,2.55969
-15.25,43.75,2.42892
-14.75,43.75,2.33559
-14.25,43.75,2.28815
-13.75,43.75,2.29187
-13.25,43.75,2.34931
-12.75,43.75,2.46053
-12.25,43.75,2.62321
-11.75,43.75,2.83253
-11.25,43.75,3.08104
-10.75,43.75,3.35879
-10.25,43.75,3.65386
-9.75,43.75,3.95322
-9.25,43.75,4.24394
-8.75,43.75,4.51454
-8.25,43.75,4.75606
-7.75,43.75,4.9629
-7.25,43.75,5.13304
-6.75,43.75,5.2678
-6.25,43.75,5.37102
-5.75,43.75,5.44809
-5.25,43.75,5.50471
-4.75,43.75,5.54589
-4.25,43.75,5.57505
-3.75,43.75,5.59366
-3.25,43.75,5.60107
-2.75,43.75,5.59495
-2.25,43.75,5.57189
-1.75,43.75,5.52841
-1.25,43.75,5.46215
-0.75,43.75,5.37289
-0.25,43.75,5.26352
0.25,43.75,5.14055
0.75,43.75,5.01417
1.25,43.75,4.89772
1.75,43.75,4.80665
2.25,43.75,4.75714
2.75,43.75,4.76442
3.25,43.75,4.8412
3.75,43.75,4.99613
4.25,43.75,5.2327
4.75,43.75,5.54855
5.25,43.75,5.93537
5.75,43.75,6.37968
6.25,43.75,6.86417
6.75,43.75,7.36974
7.25,43.75,7.87769
7.75,43.75,8.37177
8.25,43.75,8.83939
8.75,43.75,9.27212
9.25,43.75,9.66514
9.75,43.75,10.0162
10.25,43.75,10.324
10.75,43.75,10.587
11.25,43.75,10.8026
11.75,43.75,10.9662
12.25,43.75,11.0724
12.75,43.75,11.115
13.25,43.75,11.0893
13.75,43.75,10.9933
14.25,43.75,10.8296
14.75,43.75,10.6061
15.25,43.75,10.3361
15.75,43.75,10.0374
16.25,43.75,9.73058
16.75,43.75,9.43707
17.25,43.75,9.17652
17.75,43.75,8.96532
18.25,43.75,8.81523
18.75,43.75,8.73285
19.25,43.75,8.71973
19.75,43.75,8.77279
20.25,43.75,8.88517
20.75,43.75,9.04711
21.25,43.75,9.24696
21.75,43.75,9.4722
22.25,43.75,9.71029
22.75,43.75,9.94927
23.25,43.75,10.1782
23.75,43.75,10.3871
24.25,43.75,10.5674
24.75,43.75,10.7109
25.25,43.75,10.8105
25.75,43.75,10.8597
26.25,43.75,10.8531
26.75,43.75,10.786
27.25,43.75,10.6552
27.75,43.75,10.4592
28.25,43.75,10.1978
28.75,43.75,9.87318
29.25,43.75,9.48909
29.75,43.75,9.05135
30.25,43.75,8.56738
30.75,43.75,8.04597
31.25,43.75,7.49677
31.75,43.75,6.92973
32.25,43.75,6.35444
32.75,43.75,5.77966
33.25,43.75,5.21293
33.75,43.75,4.66041
34.25,43.75,4.12712
34.75,43.75,3.6171
35.25,43.75,3.1339
35.75,43.75,2.68089
36.25,43.75,2.26137
36.75,43.75,1.87859
37.25,43.75,1.53543
37.75,43.75,1.23401
38.25,43.75,0.975221
38.75,43.75,0.758462
39.25,43.75,0.581517
39.75,43.75,0.440744
40.25,43.75,0.331466
40.75,43.75,0.248488
41.25,43.75,0.186602
41.75,43.75,0.141014
42.25,43.75,0.107607
42.75,43.75,0.083061
43.25,43.75,0.0648422
43.75,43.75,0.0510968
44.25,43.75,0.0405254
44.75,43.75,0.0322345
-44.75,44.25,3.98904
-44.25,44.25,4.85256
-43.75,44.25,5.73222
-43.25,44.25,6.60484
-42.75,44.25,7.44007
-42.25,44.25,8.19511
-41.75,44.25,8.82842
-41.25,44.25,9.30421
-40.75,44.25,9.59677
-40.25,44.25,9.69389
-39.75,44.25,9.59853
-39.25,44.25,9.32878
-38.75,44.25,8.9154
-38.25,44.25,8.39791
-37.75,44.25,7.81947
-37.25,44.25,7.22196
-36.75,44.25,6.64169
-36.25,44.25,6.10664
-35.75,44.25,5.63535
-35.25,44.25,5.23753
-34.75,44.25,4.91575
-34.25,44.25,4.66778
-33.75,44.25,4.48888
-33.25,44.25,4.37381
-32.75,44.25,4.31772
-32.25,44.25,4.31632
-31.75,44.25,4.36511
-31.25,44.25,4.45801
-30.75,44.25,4.58605
-30.25,44.25,4.73628
-29.75,44.25,4.89171
-29.25,44.25,5.03234
-28.75,44.25,5.13725
-28.25,44.25,5.18754
-27.75,44.25,5.16943
-27.25,44.25,5.07673
-26.75,44.25,4.9122
-26.25,44.25,4.68736
-25.75,44.25,4.4207
-25.25,44.25,4.13483
-24.75,44.25,3.85318
-24.25,44.25,3.59679
-23.75,44.25,3.38203
-23.25,44.25,3.21924
-22.75,44.25,3.11237
-22.25,44.25,3.05929
-21.75,44.25,3.05261
-21.25,44.25,3.08072
-20.75,44.25,3.12893
-20.25,44.25,3.18091
-19.75,44.25,3.22053
-19.25,44.25,3.23379
-18.75,44.25,3.21082
-18.25,44.25,3.14749
-17.75,44.25,3.04602
-17.25,44.25,2.9146
-16.75,44.25,2.76585
-16.25,44.25,2.61475
-15.75,44.25,2.47634
-15.25,44.25,2.36393
-14.75,44.25,2.28802
-14.25,44.25,2.25592
-13.75,44.25,2.2719
-13.25,44.25,2.33743
-12.75,44.25,2.45148
-12.25,44.25,2.61046
-11.75,44.25,2.80833
-11.25,44.25,3.03664
-10.75,44.25,3.28491
-10.25,44.25,3.5414
-9.75,44.25,3.79409
-9.25,44.25,4.03186
-8.75,44.25,4.24558
-8.25,44.25,4.42897
-7.75,44.25,4.57898
-7.25,44.25,4.69574
-6.75,44.25,4.78208
-6.25,44.25,4.84269
-5.75,44.25,4.88318
-5.25,44.25,4.9091
-4.75,44.25,4.92507
-4.25,44.25,4.9342
-3.75,44.25,4.93776
-3.25,44.25,4.93509
-2.75,44.25,4.92394
-2.25,44.25,4.90094
-1.75,44.25,4.86248
-1.25,44.25,4.80567
-0.75,44.25,4.72936
-0.25,44.25,4.63514
0.25,44.25,4.52795
0.75,44.25,4.41636
1.25,44.25,4.31227
1.75,44.25,4.23003
2.25,44.25,4.18517
2.75,44.25,4.19272
3.25,44.25,4.2655
3.75,44.25,4.41236
4.25,44.25,4.63686
4.75,44.25,4.93632
5.25,44.25,5.3017
5.75,44.25,5.71831
6.25,44.25,6.16751
6.75,44.25,6.62889
7.25,44.25,7.08296
7.75,44.25,7.51344
8.25,44.25,7.90876
8.75,44.25,8.26255
9.25,44.25,8.57307
9.75,44.25,8.84196
10.25,44.25,9.07249
10.75,44.25,9.26796
11.25,44.25,9.43031
11.75,44.25,9.55934
12.25,44.25,9.65251
12.75,44.25,9.70535
13.25,44.25,9.71268
13.75,44.25,9.67012
14.25,44.25,9.57591
14.75,44.25,9.43248
15.25,44.25,9.24727
15.75,44.25,9.03265
16.25,44.25,8.80482
16.75,44.25,8.58201
17.25,44.25,8.38243
17.75,44.25,8.22222
18.25,44.25,8.11392
18.75,44.25,8.06565
19.25,44.25,8.08078
19.75,44.25,8.15829
20.25,44.25,8.29328
20.75,44.25,8.47782
21.25,44.25,8.70181
21.75,44.25,8.95377
22.25,44.25,9.22169
22.75,44.25,9.49359
23.25,44.25,9.75788
23.75,44.25,10.0036
24.25,44.25,10.2207
24.75,44.25,10.3998
25.25,44.25,10.5323
25.75,44.25,10.6108
26.25,44.25,10.6292
26.75,44.25,10.5829
27.25,44.25,10.4691
27.75,44.25,10.2867
28.25,44.25,10.0369
28.75,44.25,9.72256
29.25,44.25,9.34868
29.75,44.25,8.92175
30.25,44.25,8.44964
30.75,44.25,7.94117
31.25,44.25,7.40574
31.75,44.25,6.8527
32.25,44.25,6.29093
32.75,44.25,5.72839
33.25,44.25,5.17188
33.75,44.25,4.62696
34.25,44.25,4.09824
34.75,44.25,3.58964
35.25,44.25,3.10488
35.75,44.25,2.64776
36.25,44.25,2.22231
36.75,44.25,1.83264
37.25,44.25,1.4826
37.75,44.25,1.17517
38.25,44.25,0.911952
38.75,44.25,0.692772
39.25,44.25,0.515555
39.75,44.25,0.376524
40.25,44.25,0.270666
40.75,44.25,0.192333
41.25,44.25,0.13584
41.75,44.25,0.0959582
42.25,44.25,0.0682249
42.75,44.25,0.0490782
43.25,44.25,0.0358367
43.75,44.25,0.0265781
44.25,44.25,0.0199863
44.75,44.25,0.0151855
-44.75,44.75,3.68497
-44.25,44.75,4.45881
-43.75,44.75,5.24841
-43.25,44.75,6.03575
-42.75,44.75,6.796
-42.25,44.75,7.4926
-41.75,44.75,8.08914
-41.25,44.75,8.55318
-40.75,44.75,8.85995
-40.25,44.75,8.99564
-39.75,44.75,8.95916
-39.25,44.75,8.76272
-38.75,44.75,8.43012
-38.25,44.75,7.9937
-37.75,44.75,7.49021
-37.25,44.75,6.95644
-36.75,44.75,6.42545
-36.25,44.75,5.92391
-35.75,44.75,5.47082
-35.25,44.75,5.07772
-34.75,44.75,4.75001
-34.25,44.75,4.48865
-33.75,44.75,4.29212
-33.25,44.75,4.15796
-32.75,44.75,4.08358
-32.25,44.75,4.0663
-31.75,44.75,4.10267
-31.25,44.75,4.18734
-30.75,44.75,4.31181
-30.25,44.75,4.46357
-29.75,44.75,4.62603
-29.25,44.75,4.7794
-28.75,44.75,4.9027
-28.25,44.75,4.9764
-27.75,44.75,4.98551
-27.25,44.75,4.92202
-26.75,44.75,4.78649
-26.25,44.75,4.58812
-25.75,44.75,4.34336
-25.25,44.75,4.07337
-24.75,44.75,3.80083
-24.25,44.75,3.54681
-23.75,44.75,3.32823
-23.25,44.75,3.15635
-22.75,44.75,3.0362
-22.25,44.75,2.96674
-21.75,44.75,2.94162
-21.25,44.75,2.9503
-20.75,44.75,2.97926
-20.25,44.75,3.0135
-19.75,44.75,3.03824
-19.25,44.75,3.04084
-18.75,44.75,3.01248
-18.25,44.75,2.94963
-17.75,44.75,2.85453
-17.25,44.75,2.73473
-16.75,44.75,2.60173
-16.25,44.75,2.46905
-15.75,44.75,2.35016
-15.25,44.75,2.2569
-14.75,44.75,2.1985
-14.25,44.75,2.18121
-13.75,44.75,2.20841
-13.25,44.75,2.28077
-12.75,44.75,2.39644
-12.25,44.75,2.5511
-11.75,44.75,2.73809
-11.25,44.75,2.94862
-10.75,44.75,3.17239
-10.25,44.75,3.39837
-9.75,44.75,3.61584
-9.25,44.75,3.81542
-8.75,44.75,3.98994
-8.25,44.75,4.13495
-7.75,44.75,4.24891
-7.25,44.75,4.33294
-6.75,44.75,4.39023
-6.25,44.75,4.42539
-5.75,44.75,4.44357
-5.25,44.75,4.4498
-4.75,44.75,4.44828
-4.25,44.75,4.442
-3.75,44.75,4.43246
-3.25,44.75,4.41954
-2.75,44.75,4.40167
-2.25,44.75,4.37612
-1.75,44.75,4.33956
-1.25,44.75,4.28892
-0.75,44.75,4.22226
-0.25,44.75,4.13975
0.25,44.75,4.04458
0.75,44.75,3.9434
1.25,44.75,3.84639
1.75,44.75,3.76661
2.25,44.75,3.71889
2.75,44.75,3.71821
3.25,44.75,3.77776
3.75,44.75,3.90705
4.25,44.75,4.11027
4.75,44.75,4.3851
5.25,44.75,4.72249
5.75,44.75,5.10739
6.25,44.75,5.52049
6.75,44.75,5.94078
7.25,44.75,6.34839
7.75,44.75,6.72716
8.25,44.75,7.06631
8.75,44.75,7.36094
9.25,44.75,7.61142
9.75,44.75,7.82202
10.25,44.75,7.99896
10.75,44.75,8.1486
11.25,44.75,8.27589
11.75,44.75,8.38325
12.25,44.75,8.47006
12.75,44.75,8.53281
13.25,44.75,8.56592
13.75,44.75,8.5633
14.25,44.75,8.52024
14.75,44.75,8.43537
15.25,44.75,8.31201
15.75,44.75,8.15865
16.25,44.75,7.98832
16.75,44.75,7.81711
17.25,44.75,7.66206
17.75,44.75,7.53915
18.25,44.75,7.4615
18.75,44.75,7.43834
19.25,44.75,7.47453
19.75,44.75,7.57066
20.25,44.75,7.72352
20.75,44.75,7.92671
21.25,44.75,8.17134
21.75,44.75,8.4467
22.25,44.75,8.74095
22.75,44.75,9.04164
23.25,44.75,9.33614
23.75,44.75,9.61211
24.25,44.75,9.85776
24.75,44.75,10.0622
25.25,44.75,10.2156
25.75,44.75,10.3099
26.25,44.75,10.3386
26.75,44.75,10.2976
27.25,44.75,10.185
27.75,44.75,10.0012
28.25,44.75,9.74896
28.75,44.75,9.43306
29.25,44.75,9.06008
29.75,44.75,8.63796
30.25,44.75,8.17556
30.75,44.75,7.68221
31.25,44.75,7.16713
31.75,44.75,6.63903
32.25,44.75,6.10558
32.75,44.75,5.57321
33.25,44.75,5.047
33.75,44.75,4.53075
34.25,44.75,4.02752
34.75,44.75,3.54001
35.25,44.75,3.07119
35.75,44.75,2.62468
36.25,44.75,2.20488
36.75,44.75,1.81674
37.25,44.75,1.46524
37.75,44.75,1.15464
38.25,44.75,0.887719
38.75,44.75,0.665255
39.25,44.75,0.485799
39.75,44.75,0.345859
40.25,44.75,0.240422
40.75,44.75,0.163632
41.25,44.75,0.109493
41.75,44.75,0.0724432
42.25,44.75,0.0477242
42.75,44.75,0.0315487
43.25,44.75,0.0210849
43.75,44.75,0.0143277
44.25,44.75,0.00992785
44.75,44.75,0.00701153
