x [mm],y [mm],intensity [arb]
-44.75,-44.75,3.36861729621887
-44.25,-44.75,3.71028542518615
-43.75,-44.75,3.96909642219543
-43.25,-44.75,4.13966941833496
-42.75,-44.75,4.22142124176025
-42.25,-44.75,4.21814727783203
-41.75,-44.75,4.13988065719604
-41.25,-44.75,4.00172042846679
-40.75,-44.75,3.8215262889862
-40.25,-44.75,3.61753416061401
-39.75,-44.75,3.40631198883056
-39.25,-44.75,3.2013816833496
-38.75,-44.75,3.01247978210449
-38.25,-44.75,2.84545421600341
-37.75,-44.75,2.70259499549865
-37.25,-44.75,2.5832724571228
-36.75,-44.75,2.48474812507629
-36.25,-44.75,2.40300393104553
-35.75,-44.75,2.33357453346252
-35.25,-44.75,2.27234053611755
-34.75,-44.75,2.21618103981018
-34.25,-44.75,2.1634349822998
-33.75,-44.75,2.11408877372741
-33.25,-44.75,2.06963562965393
-32.75,-44.75,2.03258609771728
-32.25,-44.75,2.0057508945465
-31.75,-44.75,1.99152433872222
-31.25,-44.75,1.99129915237426
-30.75,-44.75,2.00529885292053
-30.25,-44.75,2.03285360336303
-29.75,-44.75,2.07299017906188
-29.25,-44.75,2.12511324882507
-28.75,-44.75,2.18947219848632
-28.25,-44.75,2.2671582698822
-27.75,-44.75,2.35960984230041
-27.25,-44.75,2.46789288520813
-26.75,-44.75,2.59202098846435
-26.25,-44.75,2.73074793815612
-25.75,-44.75,2.88204932212829
-25.25,-44.75,3.0441575050354
-24.75,-44.75,3.2168390750885
-24.25,-44.75,3.40228033065795
-23.75,-44.75,3.60522866249084
-23.25,-44.75,3.83200907707214
-22.75,-44.75,4.08854866027832
-22.25,-44.75,4.37793397903442
-21.75,-44.75,4.69802141189575
-21.25,-44.75,5.03986549377441
-20.75,-44.75,5.38749074935913
-20.25,-44.75,5.71918725967407
-19.75,-44.75,6.01018047332763
-19.25,-44.75,6.23624277114868
-18.75,-44.75,6.37753725051879
-18.25,-44.75,6.42197370529174
-17.75,-44.75,6.36740827560424
-17.25,-44.75,6.22222089767456
-16.75,-44.75,6.00412034988403
-16.25,-44.75,5.73765897750854
-15.75,-44.75,5.45095062255859
-15.25,-44.75,5.17226123809814
-14.75,-44.75,4.92704677581787
-14.25,-44.75,4.7359766960144
-13.75,-44.75,4.61379480361938
-13.25,-44.75,4.56897830963134
-12.75,-44.75,4.60360288619995
-12.25,-44.75,4.71326637268066
-11.75,-44.75,4.88708305358886
-11.25,-44.75,5.10804939270019
-10.75,-44.75,5.35418081283569
-10.25,-44.75,5.60067749023437
-9.75,-44.75,5.82299900054931
-9.25,-44.75,6.00033044815063
-8.75,-44.75,6.11847829818725
-8.25,-44.75,6.17145633697509
-7.75,-44.75,6.16142463684082
-7.25,-44.75,6.09698867797851
-6.75,-44.75,5.99055194854736
-6.25,-44.75,5.85548782348632
-5.75,-44.75,5.7040147781372
-5.25,-44.75,5.54601335525512
-4.75,-44.75,5.38883972167968
-4.25,-44.75,5.23773002624511
-3.75,-44.75,5.09652233123779
-3.25,-44.75,4.96833181381225
-2.75,-44.75,4.85608768463134
-2.25,-44.75,4.76288032531738
-1.75,-44.75,4.69221878051757
-1.25,-44.75,4.64825248718261
-0.75,-44.75,4.63594532012939
-0.25,-44.75,4.66119289398193
0.25,-44.75,4.73086929321289
0.75,-44.75,4.85264348983764
1.25,-44.75,5.03457736968994
1.75,-44.75,5.28442430496215
2.25,-44.75,5.60852479934692
2.75,-44.75,6.01036405563354
3.25,-44.75,6.48894262313842
3.75,-44.75,7.03713321685791
4.25,-44.75,7.64048147201538
4.75,-44.75,8.27686309814453
5.25,-44.75,8.91741561889648
5.75,-44.75,9.52898406982421
6.25,-44.75,10.0776872634887
6.75,-44.75,10.5332555770874
7.25,-44.75,10.8729639053344
7.75,-44.75,11.0844469070434
8.25,-44.75,11.1667490005493
8.75,-44.75,11.1292505264282
9.25,-44.75,10.9890480041503
9.75,-44.75,10.76744556427
10.25,-44.75,10.4863729476928
10.75,-44.75,10.1656122207641
11.25,-44.75,9.82129096984863
11.75,-44.75,9.46553897857666
12.25,-44.75,9.10721111297607
12.75,-44.75,8.75315856933593
13.25,-44.75,8.40958404541015
13.75,-44.75,8.083176612854
14.25,-44.75,7.78166818618774
14.75,-44.75,7.51376342773437
15.25,-44.75,7.28859186172485
15.75,-44.75,7.11469602584838
16.25,-44.75,6.99874639511108
16.75,-44.75,6.94430303573608
17.25,-44.75,6.95078897476196
17.75,-44.75,7.01279211044311
18.25,-44.75,7.11991500854492
18.75,-44.75,7.25738143920898
19.25,-44.75,7.40729236602783
19.75,-44.75,7.55059719085693
20.25,-44.75,7.6694917678833
20.75,-44.75,7.74995136260986
21.25,-44.75,7.78382110595703
21.75,-44.75,7.77006340026855
22.25,-44.75,7.71486663818359
22.75,-44.75,7.630539894104
23.25,-44.75,7.53346109390258
23.75,-44.75,7.44145917892456
24.25,-44.75,7.37117290496826
24.75,-44.75,7.33572483062744
25.25,-44.75,7.34308862686157
25.75,-44.75,7.39526271820068
26.25,-44.75,7.48818492889404
26.75,-44.75,7.61250782012939
27.25,-44.75,7.75499534606933
27.75,-44.75,7.90031814575195
28.25,-44.75,8.03309059143066
28.75,-44.75,8.13962364196777
29.25,-44.75,8.2091999053955
29.75,-44.75,8.23470592498779
30.25,-44.75,8.21261405944824
30.75,-44.75,8.14252758026123
31.25,-44.75,8.02657604217529
31.75,-44.75,7.86903429031372
32.25,-44.75,7.67609930038452
32.75,-44.75,7.4557785987854
33.25,-44.75,7.21778631210327
33.75,-44.75,6.97303438186645
34.25,-44.75,6.73267936706543
34.75,-44.75,6.50661659240722
35.25,-44.75,6.30186605453491
35.75,-44.75,6.12100648880004
36.25,-44.75,5.96123123168945
36.75,-44.75,5.81437301635742
37.25,-44.75,5.66815853118896
37.75,-44.75,5.50852108001709
38.25,-44.75,5.32249212265014
38.75,-44.75,5.10109758377075
39.25,-44.75,4.84151172637939
39.75,-44.75,4.54782676696777
40.25,-44.75,4.23045110702514
40.75,-44.75,3.90409040451049
41.25,-44.75,3.58499073982238
41.75,-44.75,3.28807425498962
42.25,-44.75,3.02454018592834
42.75,-44.75,2.80041408538818
43.25,-44.75,2.61616826057434
43.75,-44.75,2.46732187271118
44.25,-44.75,2.34560179710388
44.75,-44.75,2.24031448364257
-44.75,-44.25,3.77689433097839
-44.25,-44.25,4.14653396606445
-43.75,-44.25,4.42607021331787
-43.25,-44.25,4.61144399642944
-42.75,-44.25,4.70335388183593
-42.25,-44.25,4.70671939849853
-41.75,-44.25,4.63265895843505
-41.25,-44.25,4.49717998504638
-40.75,-44.25,4.31879758834838
-40.25,-44.25,4.11610126495361
-39.75,-44.25,3.90574216842651
-39.25,-44.25,3.70111179351806
-38.75,-44.25,3.51164531707763
-38.25,-44.25,3.34276580810546
-37.75,-44.25,3.19625878334045
-37.25,-44.25,3.07095694541931
-36.75,-44.25,2.96360111236572
-36.25,-44.25,2.86974740028381
-35.75,-44.25,2.78467774391174
-35.25,-44.25,2.70424246788024
-34.75,-44.25,2.62557172775268
-34.25,-44.25,2.54751014709472
-33.75,-44.25,2.47077775001525
-33.25,-44.25,2.39774513244628
-32.75,-44.25,2.33185291290283
-32.25,-44.25,2.27681994438171
-31.75,-44.25,2.23585295677185
-31.25,-44.25,2.2110321521759
-30.75,-44.25,2.20312714576721
-30.25,-44.25,2.21187663078308
-29.75,-44.25,2.23658204078674
-29.25,-44.25,2.27679109573364
-28.75,-44.25,2.33277010917663
-28.25,-44.25,2.40548968315124
-27.75,-44.25,2.49614977836608
-27.25,-44.25,2.60548210144042
-26.75,-44.25,2.73311281204223
-26.25,-44.25,2.87740468978881
-25.75,-44.25,3.0359878540039
-25.25,-44.25,3.20681357383728
-24.75,-44.25,3.38944578170776
-24.25,-44.25,3.58592128753662
-23.75,-44.25,3.80086946487426
-23.25,-44.25,4.0404782295227
-22.75,-44.25,4.3105034828186
-22.25,-44.25,4.61377096176147
-21.75,-44.25,4.9477801322937
-21.25,-44.25,5.30309724807739
-20.75,-44.25,5.66311502456665
-20.25,-44.25,6.00537109375
-19.75,-44.25,6.30426502227783
-19.25,-44.25,6.53479385375976
-18.75,-44.25,6.67653942108154
-18.25,-44.25,6.71720075607299
-17.75,-44.25,6.65492725372314
-17.25,-44.25,6.4989366531372
-16.75,-44.25,6.26828002929687
-16.25,-44.25,5.98919296264648
-15.75,-44.25,5.69160223007202
-15.25,-44.25,5.40553855895996
-14.75,-44.25,5.15800809860229
-14.25,-44.25,4.97096157073974
-13.75,-44.25,4.86010217666626
-13.25,-44.25,4.8344759941101
-12.75,-44.25,4.89616870880126
-12.25,-44.25,5.03995943069458
-11.75,-44.25,5.25306034088134
-11.25,-44.25,5.51531076431274
-10.75,-44.25,5.80047130584716
-10.25,-44.25,6.07884883880615
-9.75,-44.25,6.32120990753173
-9.25,-44.25,6.50322008132934
-8.75,-44.25,6.60918092727661
-8.25,-44.25,6.63409090042114
-7.75,-44.25,6.5835223197937
-7.25,-44.25,6.4712905883789
-6.75,-44.25,6.3157935142517
-6.25,-44.25,6.13607692718505
-5.75,-44.25,5.94879674911499
-5.25,-44.25,5.76648759841918
-4.75,-44.25,5.59725856781005
-4.25,-44.25,5.44549942016601
-3.75,-44.25,5.31307983398437
-3.25,-44.25,5.20052480697631
-2.75,-44.25,5.10803318023681
-2.25,-44.25,5.03613328933715
-1.75,-44.25,4.98612689971923
-1.25,-44.25,4.96041965484619
-0.75,-44.25,4.96276807785034
-0.25,-44.25,4.99844741821289
0.25,-44.25,5.07431602478027
0.75,-44.25,5.19864559173584
1.25,-44.25,5.38067388534545
1.75,-44.25,5.62980461120605
2.25,-44.25,5.95441389083862
2.75,-44.25,6.36023807525634
3.25,-44.25,6.84855127334594
3.75,-44.25,7.41432428359985
4.25,-44.25,8.04474925994873
4.75,-44.25,8.71864891052246
5.25,-44.25,9.40720653533935
5.75,-44.25,10.0763177871704
6.25,-44.25,10.6902236938476
6.75,-44.25,11.2161464691162
7.25,-44.25,11.6285915374755
7.75,-44.25,11.9125499725341
8.25,-44.25,12.0649442672729
8.75,-44.25,12.0936775207519
9.25,-44.25,12.0149974822998
9.75,-44.25,11.8498029708862
10.25,-44.25,11.6197853088378
10.75,-44.25,11.3444442749023
11.25,-44.25,11.0394306182861
11.75,-44.25,10.7162208557128
12.25,-44.25,10.3829355239868
12.75,-44.25,10.0458326339721
13.25,-44.25,9.71084117889404
13.75,-44.25,9.38483428955078
14.25,-44.25,9.07624721527099
14.75,-44.25,8.79491519927978
15.25,-44.25,8.55137062072753
15.75,-44.25,8.3556432723999
16.25,-44.25,8.21568584442138
16.75,-44.25,8.13599300384521
17.25,-44.25,8.11645698547363
17.75,-44.25,8.15168476104736
18.25,-44.25,8.23100185394287
18.75,-44.25,8.33925914764404
19.25,-44.25,8.45832824707031
19.75,-44.25,8.56926822662353
20.25,-44.25,8.6548147201538
20.75,-44.25,8.70192050933837
21.25,-44.25,8.7036600112915
21.75,-44.25,8.66031169891357
22.25,-44.25,8.57919025421142
22.75,-44.25,8.47335624694824
23.25,-44.25,8.35940933227539
23.75,-44.25,8.25483131408691
24.25,-44.25,8.17530536651611
24.75,-44.25,8.13246345520019
25.25,-44.25,8.13233375549316
25.75,-44.25,8.17467021942138
26.25,-44.25,8.25306701660156
26.75,-44.25,8.35604667663574
27.25,-44.25,8.4687910079956
27.75,-44.25,8.57523727416992
28.25,-44.25,8.66033554077148
28.75,-44.25,8.71174049377441
29.25,-44.25,8.72086143493652
29.75,-44.25,8.68303298950195
30.25,-44.25,8.59700012207031
30.75,-44.25,8.4639892578125
31.25,-44.25,8.2868537902832
31.75,-44.25,8.06972694396972
32.25,-44.25,7.81805038452148
32.75,-44.25,7.5388913154602
33.25,-44.25,7.24131345748901
33.75,-44.25,6.93627309799194
34.25,-44.25,6.63588094711303
34.75,-44.25,6.35194683074951
35.25,-44.25,6.09419345855712
35.75,-44.25,5.86835956573486
36.25,-44.25,5.67481136322021
36.75,-44.25,5.50802898406982
37.25,-44.25,5.35741138458251
37.75,-44.25,5.20921182632446
38.25,-44.25,5.0492787361145
38.75,-44.25,4.86607027053833
39.25,-44.25,4.65318489074707
39.75,-44.25,4.4106740951538
40.25,-44.25,4.14507961273193
40.75,-44.25,3.86791849136352
41.25,-44.25,3.59324502944946
41.75,-44.25,3.33482027053833
42.25,-44.25,3.103524684906
42.75,-44.25,2.90557479858398
43.25,-44.25,2.74178910255432
43.75,-44.25,2.60795211791992
44.25,-44.25,2.49590182304382
44.75,-44.25,2.39493751525878
-44.75,-43.75,4.06424236297607
-44.25,-43.75,4.45470142364501
-43.75,-43.75,4.75361490249633
-43.25,-43.75,4.95831155776977
-42.75,-43.75,5.07037782669067
-42.25,-43.75,5.09509515762329
-41.75,-43.75,5.04353761672973
-41.25,-43.75,4.93127584457397
-40.75,-43.75,4.77607631683349
-40.25,-43.75,4.59558200836181
-39.75,-43.75,4.40540742874145
-39.25,-43.75,4.21792078018188
-38.75,-43.75,4.04161882400512
-38.25,-43.75,3.88110208511352
-37.75,-43.75,3.73748326301574
-37.25,-43.75,3.60911893844604
-36.75,-43.75,3.49250078201293
-36.25,-43.75,3.38319492340087
-35.75,-43.75,3.27677607536315
-35.25,-43.75,3.16965746879577
-34.75,-43.75,3.05974841117858
-34.25,-43.75,2.94681811332702
-33.75,-43.75,2.83255410194396
-33.25,-43.75,2.72028803825378
-32.75,-43.75,2.61436557769775
-32.25,-43.75,2.51938247680664
-31.75,-43.75,2.43942832946777
-31.25,-43.75,2.3775246143341
-30.75,-43.75,2.33545684814453
-30.25,-43.75,2.31401276588439
-29.75,-43.75,2.31347179412841
-29.25,-43.75,2.33416485786438
-28.75,-43.75,2.37683248519897
-28.25,-43.75,2.44255709648132
-27.75,-43.75,2.53232073783874
-27.25,-43.75,2.64642596244812
-26.75,-43.75,2.78400778770446
-26.25,-43.75,2.94301772117614
-25.75,-43.75,3.12083053588867
-25.25,-43.75,3.31526112556457
-24.75,-43.75,3.52574777603149
-24.25,-43.75,3.75405621528625
-23.75,-43.75,4.00423192977905
-23.25,-43.75,4.28148317337036
-22.75,-43.75,4.59017658233642
-22.25,-43.75,4.93144750595092
-21.75,-43.75,5.30094957351684
-21.25,-43.75,5.68746280670166
-20.75,-43.75,6.07285547256469
-20.25,-43.75,6.43355751037597
-19.75,-43.75,6.74338197708129
-19.25,-43.75,6.97731208801269
-18.75,-43.75,7.11546611785888
-18.25,-43.75,7.14657068252563
-17.75,-43.75,7.07017469406127
-17.25,-43.75,6.89712905883789
-16.75,-43.75,6.64818143844604
-16.25,-43.75,6.35119438171386
-15.75,-43.75,6.0375337600708
-15.25,-43.75,5.73840141296386
-14.75,-43.75,5.48174428939819
-14.25,-43.75,5.29022026062011
-13.75,-43.75,5.18002653121948
-13.25,-43.75,5.16045427322387
-12.75,-43.75,5.2334337234497
-12.25,-43.75,5.39298677444458
-11.75,-43.75,5.62477779388427
-11.25,-43.75,5.90624570846557
-10.75,-43.75,6.20803499221801
-10.25,-43.75,6.49707651138305
-9.75,-43.75,6.74111318588256
-9.25,-43.75,6.91387605667114
-8.75,-43.75,6.99939537048339
-8.25,-43.75,6.99433708190918
-7.75,-43.75,6.90770816802978
-7.25,-43.75,6.7579698562622
-6.75,-43.75,6.56853103637695
-6.25,-43.75,6.36291885375976
-5.75,-43.75,6.16101169586181
-5.25,-43.75,5.97691965103149
-4.75,-43.75,5.8186388015747
-4.25,-43.75,5.68901920318603
-3.75,-43.75,5.58741235733032
-3.25,-43.75,5.51134586334228
-2.75,-43.75,5.45793437957763
-2.25,-43.75,5.42485666275024
-1.75,-43.75,5.41100692749023
-1.25,-43.75,5.41692543029785
-0.75,-43.75,5.44514036178588
-0.25,-43.75,5.50038385391235
0.25,-43.75,5.58970403671264
0.75,-43.75,5.72224903106689
1.25,-43.75,5.90877485275268
1.75,-43.75,6.16072607040405
2.25,-43.75,6.48888206481933
2.75,-43.75,6.9015998840332
3.25,-43.75,7.40280628204345
3.75,-43.75,7.98994779586792
4.25,-43.75,8.65228748321533
4.75,-43.75,9.37001800537109
5.25,-43.75,10.1147365570068
5.75,-43.75,10.8516092300415
6.25,-43.75,11.5429630279541
6.75,-43.75,12.1531229019165
7.25,-43.75,12.6530332565307
7.75,-43.75,13.0240011215209
8.25,-43.75,13.2595891952514
8.75,-43.75,13.3650131225585
9.25,-43.75,13.3547010421752
9.75,-43.75,13.2485361099243
10.25,-43.75,13.0678462982177
10.75,-43.75,12.8321084976196
11.25,-43.75,12.5571403503417
11.75,-43.75,12.2546091079711
12.25,-43.75,11.9328813552856
12.75,-43.75,11.5985593795776
13.25,-43.75,11.2581148147583
13.75,-43.75,10.9192924499511
14.25,-43.75,10.5916833877563
14.75,-43.75,10.2865619659423
15.25,-43.75,10.0160236358642
15.75,-43.75,9.79160022735595
16.25,-43.75,9.62253379821777
16.75,-43.75,9.51419639587402
17.25,-43.75,9.46690845489502
17.75,-43.75,9.47525882720947
18.25,-43.75,9.52826023101806
18.75,-43.75,9.61029911041259
19.25,-43.75,9.70287990570068
19.75,-43.75,9.78691482543945
20.25,-43.75,9.84532833099365
20.75,-43.75,9.86553192138671
21.25,-43.75,9.84123516082763
21.75,-43.75,9.77331733703613
22.25,-43.75,9.66950988769531
22.75,-43.75,9.54294967651367
23.25,-43.75,9.40992164611816
23.75,-43.75,9.28718280792236
24.25,-43.75,9.18934059143066
24.75,-43.75,9.12666130065918
25.25,-43.75,9.10365962982177
25.75,-43.75,9.1185245513916
26.25,-43.75,9.16345691680908
26.75,-43.75,9.22594356536865
27.25,-43.75,9.29070377349853
27.75,-43.75,9.34195232391357
28.25,-43.75,9.3656358718872
28.75,-43.75,9.35104846954345
29.25,-43.75,9.29156970977783
29.75,-43.75,9.18449401855468
30.25,-43.75,9.03017139434814
30.75,-43.75,8.8308048248291
31.25,-43.75,8.58954048156738
31.75,-43.75,8.31015110015869
32.25,-43.75,7.99732065200805
32.75,-43.75,7.6572413444519
33.25,-43.75,7.2983112335205
33.75,-43.75,6.9313006401062
34.25,-43.75,6.56880712509155
34.75,-43.75,6.22389078140258
35.25,-43.75,5.90825605392456
35.75,-43.75,5.63021564483642
36.25,-43.75,5.39302253723144
36.75,-43.75,5.19396352767944
37.25,-43.75,5.02472066879272
37.75,-43.75,4.8728551864624
38.25,-43.75,4.72424840927124
38.75,-43.75,4.56597757339477
39.25,-43.75,4.38901138305664
39.75,-43.75,4.18992185592651
40.25,-43.75,3.97143912315368
40.75,-43.75,3.74151873588562
41.25,-43.75,3.51131772994995
41.75,-43.75,3.29256296157836
42.25,-43.75,3.09496521949768
42.75,-43.75,2.92423963546752
43.25,-43.75,2.7811255455017
43.75,-43.75,2.66154742240905
44.25,-43.75,2.55762243270874
44.75,-43.75,2.45906472206115
-44.75,-43.25,4.20074224472045
-44.25,-43.25,4.60190439224243
-43.75,-43.25,4.91646194458007
-43.25,-43.25,5.14323234558105
-42.75,-43.25,5.28435277938842
-42.25,-43.25,5.34480428695678
-41.75,-43.25,5.33457422256469
-41.25,-43.25,5.26753950119018
-40.75,-43.25,5.15934944152832
-40.25,-43.25,5.0253586769104
-39.75,-43.25,4.87890768051147
-39.25,-43.25,4.73028469085693
-38.75,-43.25,4.5861701965332
-38.25,-43.25,4.44969177246093
-37.75,-43.25,4.32090282440185
-37.25,-43.25,4.19754076004028
-36.75,-43.25,4.07595109939575
-36.25,-43.25,3.95203375816345
-35.75,-43.25,3.82212305068969
-35.25,-43.25,3.68373298645019
-34.75,-43.25,3.53608202934265
-34.25,-43.25,3.38032126426696
-33.75,-43.25,3.21947145462036
-33.25,-43.25,3.05808043479919
-32.75,-43.25,2.9015941619873
-32.25,-43.25,2.75567126274108
-31.75,-43.25,2.62550067901611
-31.25,-43.25,2.51533222198486
-30.75,-43.25,2.42831492424011
-30.25,-43.25,2.36665368080139
-29.75,-43.25,2.33194470405578
-29.25,-43.25,2.32555389404296
-28.75,-43.25,2.34883451461792
-28.25,-43.25,2.40302729606628
-27.75,-43.25,2.48890995979309
-27.25,-43.25,2.60642004013061
-26.75,-43.25,2.75437641143798
-26.25,-43.25,2.93063688278198
-25.75,-43.25,3.13272047042846
-25.25,-43.25,3.35869026184082
-24.75,-43.25,3.60807847976684
-24.25,-43.25,3.88230109214782
-23.75,-43.25,4.18437385559082
-23.25,-43.25,4.51770448684692
-22.75,-43.25,4.8841700553894
-22.25,-43.25,5.28199863433837
-21.75,-43.25,5.7038779258728
-21.25,-43.25,6.13596534729003
-20.75,-43.25,6.55819606781005
-20.25,-43.25,6.94596290588378
-19.75,-43.25,7.27301931381225
-19.25,-43.25,7.5151343345642
-18.75,-43.25,7.65387344360351
-18.25,-43.25,7.67974424362182
-17.75,-43.25,7.59414291381835
-17.25,-43.25,7.40957450866699
-16.75,-43.25,7.14809131622314
-16.25,-43.25,6.83847284317016
-15.75,-43.25,6.5126609802246
-15.25,-43.25,6.20218801498413
-14.75,-43.25,5.93521690368652
-14.25,-43.25,5.73459386825561
-13.75,-43.25,5.61667251586914
-13.25,-43.25,5.59082746505737
-12.75,-43.25,5.65886449813842
-12.25,-43.25,5.81433916091918
-11.75,-43.25,6.04203224182128
-11.25,-43.25,6.31812191009521
-10.75,-43.25,6.6117992401123
-10.25,-43.25,6.88864660263061
-9.75,-43.25,7.11554956436157
-9.25,-43.25,7.26622772216796
-8.75,-43.25,7.32576704025268
-8.25,-43.25,7.29296779632568
-7.75,-43.25,7.17984580993652
-7.25,-43.25,7.00830698013305
-6.75,-43.25,6.80511713027954
-6.25,-43.25,6.59650659561157
-5.75,-43.25,6.40402221679687
-5.25,-43.25,6.24218034744262
-4.75,-43.25,6.11813116073608
-4.25,-43.25,6.03283262252807
-3.75,-43.25,5.98302841186523
-3.25,-43.25,5.96324491500854
-2.75,-43.25,5.96751976013183
-2.25,-43.25,5.99062728881835
-1.75,-43.25,6.02889013290405
-1.25,-43.25,6.08080291748046
-0.75,-43.25,6.14747905731201
-0.25,-43.25,6.23300266265869
0.25,-43.25,6.34460306167602
0.75,-43.25,6.49246263504028
1.25,-43.25,6.68912267684936
1.75,-43.25,6.94843482971191
2.25,-43.25,7.28402090072631
2.75,-43.25,7.7073073387146
3.25,-43.25,8.22530746459961
3.75,-43.25,8.83837413787841
4.25,-43.25,9.53822326660156
4.75,-43.25,10.306770324707
5.25,-43.25,11.1162586212158
5.75,-43.25,11.9312114715576
6.25,-43.25,12.7118663787841
6.75,-43.25,13.4191427230834
7.25,-43.25,14.0196390151977
7.75,-43.25,14.4898843765258
8.25,-43.25,14.8188829421997
8.75,-43.25,15.0080423355102
9.25,-43.25,15.0690956115722
9.75,-43.25,15.0204544067382
10.25,-43.25,14.8830261230468
10.75,-43.25,14.6767311096191
11.25,-43.25,14.4183359146118
11.75,-43.25,14.1207160949707
12.25,-43.25,13.7935762405395
12.75,-43.25,13.4449005126953
13.25,-43.25,13.0826063156127
13.75,-43.25,12.7159585952758
14.25,-43.25,12.3561944961547
14.75,-43.25,12.0162315368652
15.25,-43.25,11.7097978591918
15.75,-43.25,11.4498643875122
16.25,-43.25,11.2468338012695
16.75,-43.25,11.1068239212036
17.25,-43.25,11.0304660797119
17.75,-43.25,11.0122594833374
18.25,-43.25,11.0407876968383
18.75,-43.25,11.0998945236206
19.25,-43.25,11.1705141067504
19.75,-43.25,11.2331390380859
20.25,-43.25,11.2704362869262
20.75,-43.25,11.2697248458862
21.25,-43.25,11.2246646881103
21.75,-43.25,11.136019706726
22.25,-43.25,11.0112123489379
22.75,-43.25,10.8628282546997
23.25,-43.25,10.7063484191894
23.75,-43.25,10.557557106018
24.25,-43.25,10.430004119873
24.75,-43.25,10.3329496383667
25.25,-43.25,10.2700443267822
25.75,-43.25,10.2388982772827
26.25,-43.25,10.2315168380737
26.75,-43.25,10.2356567382812
27.25,-43.25,10.2367839813232
27.75,-43.25,10.2202720642089
28.25,-43.25,10.1734943389892
28.75,-43.25,10.08722782135
29.25,-43.25,9.95617008209228
29.75,-43.25,9.77859306335449
30.25,-43.25,9.55538082122802
30.75,-43.25,9.28885078430175
31.25,-43.25,8.98190879821777
31.75,-43.25,8.63788604736328
32.25,-43.25,8.26093864440918
32.75,-43.25,7.85679674148559
33.25,-43.25,7.43354606628418
33.75,-43.25,7.00191307067871
34.25,-43.25,6.57479095458984
34.75,-43.25,6.16600561141967
35.25,-43.25,5.78854036331176
35.75,-43.25,5.45253086090087
36.25,-43.25,5.16352081298828
36.75,-43.25,4.92132091522216
37.25,-43.25,4.72003936767578
37.75,-43.25,4.54913759231567
38.25,-43.25,4.39547634124755
38.75,-43.25,4.24591779708862
39.25,-43.25,4.08993911743164
39.75,-43.25,3.92153573036193
40.25,-43.25,3.74013948440551
40.75,-43.25,3.55018234252929
41.25,-43.25,3.35953283309936
41.75,-43.25,3.17719888687133
42.25,-43.25,3.01091504096984
42.75,-43.25,2.86518168449401
43.25,-43.25,2.74017667770385
43.75,-43.25,2.6318085193634
44.25,-43.25,2.53264760971069
44.75,-43.25,2.43327951431274
-44.75,-42.75,4.182457447052
-44.25,-42.75,4.58116483688354
-43.75,-42.75,4.90383100509643
-43.25,-42.75,5.15095901489257
-42.75,-42.75,5.32518100738525
-42.25,-42.75,5.43082618713378
-41.75,-42.75,5.47617816925048
-41.25,-42.75,5.47255563735961
-40.75,-42.75,5.4324951171875
-40.25,-42.75,5.36799621582031
-39.75,-42.75,5.28906917572021
-39.25,-42.75,5.20288944244384
-38.75,-42.75,5.11340761184692
-38.25,-42.75,5.02152109146118
-37.75,-42.75,4.92564249038696
-37.25,-42.75,4.82252264022827
-36.75,-42.75,4.70818614959716
-36.25,-42.75,4.57883739471435
-35.75,-42.75,4.43164348602294
-35.25,-42.75,4.26534557342529
-34.75,-42.75,4.08062982559204
-34.25,-42.75,3.88021373748779
-33.75,-42.75,3.66868782043457
-33.25,-42.75,3.45213174819946
-32.75,-42.75,3.23749899864196
-32.25,-42.75,3.03199195861816
-31.75,-42.75,2.84241604804992
-31.25,-42.75,2.67472052574157
-30.75,-42.75,2.53379654884338
-30.25,-42.75,2.42348217964172
-29.75,-42.75,2.34673929214477
-29.25,-42.75,2.30588293075561
-28.75,-42.75,2.3027229309082
-28.25,-42.75,2.33853220939636
-27.75,-42.75,2.41388463973999
-27.25,-42.75,2.52852725982666
-26.75,-42.75,2.68134641647338
-26.25,-42.75,2.8706259727478
-25.75,-42.75,3.09459924697875
-25.25,-42.75,3.35205650329589
-24.75,-42.75,3.64287829399108
-24.25,-42.75,3.96808815002441
-23.75,-42.75,4.32930517196655
-23.25,-42.75,4.72750186920166
-22.75,-42.75,5.16131830215454
-22.25,-42.75,5.62535190582275
-21.75,-42.75,6.10880899429321
-21.25,-42.75,6.59503316879272
-20.75,-42.75,7.06222248077392
-20.25,-42.75,7.4852647781372
-19.75,-42.75,7.83857870101928
-19.25,-42.75,8.0994873046875
-18.75,-42.75,8.25155067443847
-18.25,-42.75,8.28726768493652
-17.75,-42.75,8.20958423614502
-17.25,-42.75,8.0319013595581
-16.75,-42.75,7.77643775939941
-16.25,-42.75,7.47155809402465
-15.75,-42.75,7.14846038818359
-15.25,-42.75,6.83789253234863
-14.75,-42.75,6.56740856170654
-14.25,-42.75,6.35953521728515
-13.75,-42.75,6.23057270050048
-13.25,-42.75,6.18998146057128
-12.75,-42.75,6.23965454101562
-12.25,-42.75,6.3731951713562
-11.75,-42.75,6.57538557052612
-11.25,-42.75,6.82252693176269
-10.75,-42.75,7.0842227935791
-10.25,-42.75,7.3269338607788
-9.75,-42.75,7.51898193359375
-9.25,-42.75,7.63604927062988
-8.75,-42.75,7.66555166244506
-8.25,-42.75,7.60877895355224
-7.75,-42.75,7.48013544082641
-7.25,-42.75,7.30359458923339
-6.75,-42.75,7.10744857788085
-6.25,-42.75,6.91879510879516
-5.75,-42.75,6.75930023193359
-5.25,-42.75,6.6428370475769
-4.75,-42.75,6.57518291473388
-4.25,-42.75,6.55531072616577
-3.75,-42.75,6.57748508453369
-3.25,-42.75,6.63341093063354
-2.75,-42.75,6.71412801742553
-2.25,-42.75,6.81139230728149
-1.75,-42.75,6.91869163513183
-1.25,-42.75,7.032066822052
-0.75,-42.75,7.15080642700195
-0.25,-42.75,7.27801656723022
0.25,-42.75,7.42097663879394
0.75,-42.75,7.59097814559936
1.25,-42.75,7.80268859863281
1.75,-42.75,8.0728759765625
2.25,-42.75,8.41863441467285
2.75,-42.75,8.8551378250122
3.25,-42.75,9.39313411712646
3.75,-42.75,10.0364227294921
4.25,-42.75,10.7796211242675
4.75,-42.75,11.6066265106201
5.25,-42.75,12.4904870986938
5.75,-42.75,13.3949470520019
6.25,-42.75,14.2777948379516
6.75,-42.75,15.0958986282348
7.25,-42.75,15.8105659484863
7.75,-42.75,16.3924255371093
8.25,-42.75,16.8247165679931
8.75,-42.75,17.1039352416992
9.25,-42.75,17.23828125
9.75,-42.75,17.244249343872
10.25,-42.75,17.142406463623
10.75,-42.75,16.9535789489746
11.25,-42.75,16.6963348388671
11.75,-42.75,16.3858413696289
12.25,-42.75,16.0342826843261
12.75,-42.75,15.6521005630493
13.25,-42.75,15.2495708465576
13.75,-42.75,14.8381757736206
14.25,-42.75,14.4312019348144
14.75,-42.75,14.0434303283691
15.25,-42.75,13.6902322769165
15.75,-42.75,13.3859405517578
16.25,-42.75,13.1419610977172
16.75,-42.75,12.9650506973266
17.25,-42.75,12.8560676574707
17.75,-42.75,12.8093795776367
18.25,-42.75,12.8131732940673
18.75,-42.75,12.8506889343261
19.25,-42.75,12.9021911621093
19.75,-42.75,12.9474725723266
20.25,-42.75,12.968502998352
20.75,-42.75,12.9518842697143
21.25,-42.75,12.890453338623
21.75,-42.75,12.784008026123
22.25,-42.75,12.6388435363769
22.75,-42.75,12.4662637710571
23.25,-42.75,12.2804660797119
23.75,-42.75,12.0960311889648
24.25,-42.75,11.9255695343017
24.75,-42.75,11.7778091430664
25.25,-42.75,11.6564168930053
25.75,-42.75,11.559588432312
26.25,-42.75,11.4805269241333
26.75,-42.75,11.4086828231811
27.25,-42.75,11.3315057754516
27.75,-42.75,11.2363786697387
28.25,-42.75,11.11239528656
28.75,-42.75,10.9515056610107
29.25,-42.75,10.7488889694213
29.75,-42.75,10.5026416778564
30.25,-42.75,10.2129697799682
30.75,-42.75,9.88125991821289
31.25,-42.75,9.5095157623291
31.75,-42.75,9.10038471221923
32.25,-42.75,8.65763473510742
32.75,-42.75,8.18687915802002
33.25,-42.75,7.69630575180053
33.75,-42.75,7.19687032699585
34.25,-42.75,6.70183086395263
34.75,-42.75,6.22554206848144
35.25,-42.75,5.78180599212646
35.75,-42.75,5.38196945190429
36.25,-42.75,5.03322601318359
36.75,-42.75,4.7374358177185
37.25,-42.75,4.49095439910888
37.75,-42.75,4.28537654876709
38.25,-42.75,4.1091923713684
38.75,-42.75,3.95003914833068
39.25,-42.75,3.79706740379333
39.75,-42.75,3.64280128479003
40.25,-42.75,3.48421144485473
40.75,-42.75,3.32261490821838
41.25,-42.75,3.16253471374511
41.75,-42.75,3.00981044769287
42.25,-42.75,2.86953449249267
42.75,-42.75,2.74430298805236
43.25,-42.75,2.63324165344238
43.75,-42.75,2.53203916549682
44.25,-42.75,2.43384313583374
44.75,-42.75,2.33050084114074
-44.75,-42.25,4.03573846817016
-44.25,-42.25,4.41702270507812
-43.75,-42.25,4.73642444610595
-43.25,-42.25,4.99646377563476
-42.75,-42.25,5.20045566558837
-42.25,-42.25,5.35219240188598
-41.75,-42.25,5.45817470550537
-41.25,-42.25,5.52693462371826
-40.75,-42.25,5.56752920150756
-40.25,-42.25,5.58810710906982
-39.75,-42.25,5.59476804733276
-39.25,-42.25,5.59093570709228
-38.75,-42.25,5.57720279693603
-38.25,-42.25,5.55164194107055
-37.75,-42.25,5.51050519943237
-37.25,-42.25,5.44909811019897
-36.75,-42.25,5.36268186569213
-36.25,-42.25,5.24729442596435
-35.75,-42.25,5.10041284561157
-35.25,-42.25,4.92142820358276
-34.75,-42.25,4.71192550659179
-34.25,-42.25,4.47573375701904
-33.75,-42.25,4.21877861022949
-33.25,-42.25,3.94874238967895
-32.75,-42.25,3.6744794845581
-32.25,-42.25,3.40538716316223
-31.75,-42.25,3.15067243576049
-31.25,-42.25,2.91874861717224
-30.75,-42.25,2.71682405471801
-30.25,-42.25,2.55069303512573
-29.75,-42.25,2.424738407135
-29.25,-42.25,2.34207797050476
-28.75,-42.25,2.30475997924804
-28.25,-42.25,2.31391811370849
-27.75,-42.25,2.36989831924438
-27.25,-42.25,2.47242736816406
-26.75,-42.25,2.62078833580017
-26.25,-42.25,2.81411218643188
-25.75,-42.25,3.0517520904541
-25.25,-42.25,3.33351755142211
-24.75,-42.25,3.65977263450622
-24.25,-42.25,4.03110647201538
-23.75,-42.25,4.44756555557251
-23.25,-42.25,4.90749359130859
-22.75,-42.25,5.40616846084594
-22.25,-42.25,5.93463134765625
-21.75,-42.25,6.47894382476806
-21.25,-42.25,7.02025651931762
-20.75,-42.25,7.53584384918212
-20.25,-42.25,8.00102233886718
-19.75,-42.25,8.39171886444091
-19.25,-42.25,8.68737697601318
-18.75,-42.25,8.87370014190673
-18.25,-42.25,8.94476795196533
-17.75,-42.25,8.90411567687988
-17.25,-42.25,8.76458358764648
-16.75,-42.25,8.54680824279785
-16.25,-42.25,8.27690410614013
-15.75,-42.25,7.9836254119873
-15.25,-42.25,7.69554805755615
-14.75,-42.25,7.43863534927368
-14.25,-42.25,7.23453426361084
-13.75,-42.25,7.09927320480346
-13.25,-42.25,7.04247522354126
-12.75,-42.25,7.06648874282836
-12.25,-42.25,7.16558790206909
-11.75,-42.25,7.32556867599487
-11.25,-42.25,7.52428150177001
-10.75,-42.25,7.73358678817749
-10.25,-42.25,7.92295455932617
-9.75,-42.25,8.06428623199462
-9.25,-42.25,8.13704490661621
-8.75,-42.25,8.13217735290527
-8.25,-42.25,8.05383968353271
-7.75,-42.25,7.91836214065551
-7.25,-42.25,7.75065469741821
-6.75,-42.25,7.57906436920166
-6.25,-42.25,7.43007469177246
-5.75,-42.25,7.32426500320434
-5.25,-42.25,7.27408123016357
-4.75,-42.25,7.28358459472656
-4.25,-42.25,7.34973716735839
-3.75,-42.25,7.46442747116088
-3.25,-42.25,7.61661148071289
-2.75,-42.25,7.79419374465942
-2.25,-42.25,7.98555374145507
-1.75,-42.25,8.18075084686279
-1.25,-42.25,8.37268161773681
-0.75,-42.25,8.55811691284179
-0.25,-42.25,8.73870468139648
0.25,-42.25,8.92155265808105
0.75,-42.25,9.11921119689941
1.25,-42.25,9.34894561767578
1.75,-42.25,9.6312141418457
2.25,-42.25,9.98750686645507
2.75,-42.25,10.4376945495605
3.25,-42.25,10.9971208572387
3.75,-42.25,11.6737337112426
4.25,-42.25,12.4655055999755
4.75,-42.25,13.3585844039917
5.25,-42.25,14.3267641067504
5.75,-42.25,15.3327856063842
6.25,-42.25,16.3314914703369
6.75,-42.25,17.2749443054199
7.25,-42.25,18.1181888580322
7.75,-42.25,18.8248443603515
8.25,-42.25,19.3711967468261
8.75,-42.25,19.7477569580078
9.25,-42.25,19.9583530426025
9.75,-42.25,20.0170955657959
10.25,-42.25,19.9441528320312
10.75,-42.25,19.7616577148437
11.25,-42.25,19.4907531738281
11.75,-42.25,19.1498794555664
12.25,-42.25,18.754768371582
12.75,-42.25,18.3193588256835
13.25,-42.25,17.8571681976318
13.75,-42.25,17.3825435638427
14.25,-42.25,16.9112396240234
14.75,-42.25,16.4601192474365
15.25,-42.25,16.0462112426757
15.75,-42.25,15.6851654052734
16.25,-42.25,15.3893251419067
16.75,-42.25,15.1660461425781
17.25,-42.25,15.016484260559
17.75,-42.25,14.9350080490112
18.25,-42.25,14.9095554351806
18.75,-42.25,14.9229192733764
19.25,-42.25,14.9546880722045
19.75,-42.25,14.9837884902954
20.25,-42.25,14.9910593032836
20.75,-42.25,14.9617013931274
21.25,-42.25,14.8868608474731
21.75,-42.25,14.7643795013427
22.25,-42.25,14.598424911499
22.75,-42.25,14.3982200622558
23.25,-42.25,14.1760454177856
23.75,-42.25,13.9450349807739
24.25,-42.25,13.7169876098632
24.75,-42.25,13.5006732940673
25.25,-42.25,13.3006677627563
25.75,-42.25,13.1170225143432
26.25,-42.25,12.9455471038818
26.75,-42.25,12.7788000106811
27.25,-42.25,12.6074419021606
27.75,-42.25,12.4217147827148
28.25,-42.25,12.2127857208251
28.75,-42.25,11.9736070632934
29.25,-42.25,11.6992025375366
29.75,-42.25,11.3865365982055
30.25,-42.25,11.0340385437011
30.75,-42.25,10.641131401062
31.25,-42.25,10.2080545425415
31.75,-42.25,9.73617553710937
32.25,-42.25,9.22854804992675
32.75,-42.25,8.69059944152832
33.25,-42.25,8.13067626953125
33.75,-42.25,7.56012821197509
34.25,-42.25,6.99271488189697
34.75,-42.25,6.44339656829834
35.25,-42.25,5.92673158645629
35.75,-42.25,5.45507144927978
36.25,-42.25,5.0369815826416
36.75,-42.25,4.6760606765747
37.25,-42.25,4.37072992324829
37.75,-42.25,4.11476516723632
38.25,-42.25,3.89866590499877
38.75,-42.25,3.71153283119201
39.25,-42.25,3.54312252998352
39.75,-42.25,3.38548564910888
40.25,-42.25,3.23398828506469
40.75,-42.25,3.08738899230957
41.25,-42.25,2.94702076911926
41.75,-42.25,2.81534814834594
42.25,-42.25,2.69436311721801
42.75,-42.25,2.58424305915832
43.25,-42.25,2.48264002799987
43.75,-42.25,2.38483667373657
44.25,-42.25,2.28461122512817
44.75,-42.25,2.17531657218933
-44.75,-41.75,3.81155753135681
-44.25,-41.75,4.16116619110107
-43.75,-41.75,4.46395254135131
-43.25,-41.75,4.72472476959228
-42.75,-41.75,4.94786167144775
-42.25,-41.75,5.13703250885009
-41.75,-41.75,5.29738855361938
-41.25,-41.75,5.43506908416748
-40.75,-41.75,5.55597829818725
-40.25,-41.75,5.66464519500732
-39.75,-41.75,5.76337623596191
-39.25,-41.75,5.85189580917358
-38.75,-41.75,5.92741155624389
-38.25,-41.75,5.98509883880615
-37.75,-41.75,6.0188980102539
-37.25,-41.75,6.02238082885742
-36.75,-41.75,5.98954105377197
-36.25,-41.75,5.91547632217407
-35.75,-41.75,5.79690504074096
-35.25,-41.75,5.63256645202636
-34.75,-41.75,5.42355489730835
-34.25,-41.75,5.17352628707885
-33.75,-41.75,4.88877964019775
-33.25,-41.75,4.57808637619018
-32.75,-41.75,4.25221347808837
-32.25,-41.75,3.92324185371398
-31.75,-41.75,3.60356140136718
-31.25,-41.75,3.30493974685668
-30.75,-41.75,3.03771686553955
-30.25,-41.75,2.81023526191711
-29.75,-41.75,2.62863683700561
-29.25,-41.75,2.49697685241699
-28.75,-41.75,2.41755676269531
-28.25,-41.75,2.39136123657226
-27.75,-41.75,2.41853857040405
-27.25,-41.75,2.498872756958
-26.75,-41.75,2.63213229179382
-26.25,-41.75,2.81834912300109
-25.75,-41.75,3.05798149108886
-25.25,-41.75,3.35177969932556
-24.75,-41.75,3.70047879219055
-24.25,-41.75,4.10418510437011
-23.75,-41.75,4.5614948272705
-23.25,-41.75,5.06847476959228
-22.75,-41.75,5.61771011352539
-22.25,-41.75,6.19764328002929
-21.75,-41.75,6.79241704940795
-21.25,-41.75,7.38234138488769
-20.75,-41.75,7.94513893127441
-20.25,-41.75,8.45771503448486
-19.75,-41.75,8.89832401275634
-19.25,-41.75,9.24886417388916
-18.75,-41.75,9.49692916870117
-18.25,-41.75,9.63729000091552
-17.75,-41.75,9.67265796661377
-17.25,-41.75,9.61346054077148
-16.75,-41.75,9.47667121887207
-16.25,-41.75,9.28403663635253
-15.75,-41.75,9.05992126464843
-15.25,-41.75,8.82908916473388
-14.75,-41.75,8.61470508575439
-14.25,-41.75,8.43672275543212
-13.75,-41.75,8.31051540374755
-13.25,-41.75,8.2458324432373
-12.75,-41.75,8.245774269104
-12.25,-41.75,8.30593299865722
-11.75,-41.75,8.4141263961792
-11.25,-41.75,8.55113792419433
-10.75,-41.75,8.69279479980468
-10.25,-41.75,8.81344127655029
-9.75,-41.75,8.89043998718261
-9.25,-41.75,8.90865039825439
-8.75,-41.75,8.86367988586425
-8.25,-41.75,8.76307106018066
-7.75,-41.75,8.62501144409179
-7.25,-41.75,8.47481632232666
-6.75,-41.75,8.3400764465332
-6.25,-41.75,8.24581146240234
-5.75,-41.75,8.21082496643066
-5.25,-41.75,8.24568748474121
-4.75,-41.75,8.3525218963623
-4.25,-41.75,8.52617740631103
-3.75,-41.75,8.75605678558349
-3.25,-41.75,9.02807140350341
-2.75,-41.75,9.32646751403808
-2.25,-41.75,9.63544559478759
-1.75,-41.75,9.94063758850097
-1.25,-41.75,10.2307395935058
-0.75,-41.75,10.4991092681884
-0.25,-41.75,10.7452840805053
0.25,-41.75,10.9760065078735
0.75,-41.75,11.2053642272949
1.25,-41.75,11.453929901123
1.75,-41.75,11.7468996047973
2.25,-41.75,12.1113634109497
2.75,-41.75,12.5730924606323
3.25,-41.75,13.15305519104
3.75,-41.75,13.8641033172607
4.25,-41.75,14.7080326080322
4.75,-41.75,15.6733779907226
5.25,-41.75,16.7345733642578
5.75,-41.75,17.8530120849609
6.25,-41.75,18.980052947998
6.75,-41.75,20.0622806549072
7.25,-41.75,21.0476665496826
7.75,-41.75,21.8918476104736
8.25,-41.75,22.5631732940673
8.75,-41.75,23.0452003479003
9.25,-41.75,23.3365364074707
9.75,-41.75,23.4483623504638
10.25,-41.75,23.4002361297607
10.75,-41.75,23.215763092041
11.25,-41.75,22.9191169738769
11.75,-41.75,22.5327816009521
12.25,-41.75,22.0768966674804
12.75,-41.75,21.5697784423828
13.25,-41.75,21.0289421081542
13.75,-41.75,20.4721927642822
14.25,-41.75,19.9181594848632
14.75,-41.75,19.3859767913818
15.25,-41.75,18.8944282531738
15.75,-41.75,18.4605026245117
16.25,-41.75,18.0975227355957
16.75,-41.75,17.813570022583
17.25,-41.75,17.61030960083
17.75,-41.75,17.4824256896972
18.25,-41.75,17.4179916381835
18.75,-41.75,17.3996391296386
19.25,-41.75,17.4064865112304
19.75,-41.75,17.416482925415
20.25,-41.75,17.4089946746826
20.75,-41.75,17.3671398162841
21.25,-41.75,17.2794189453125
21.75,-41.75,17.1406383514404
22.25,-41.75,16.9517459869384
22.75,-41.75,16.7188873291015
23.25,-41.75,16.4517574310302
23.75,-41.75,16.161693572998
24.25,-41.75,15.8597831726074
24.75,-41.75,15.5553226470947
25.25,-41.75,15.2547130584716
25.75,-41.75,14.9609823226928
26.25,-41.75,14.6738557815551
26.75,-41.75,14.3902873992919
27.25,-41.75,14.1052875518798
27.75,-41.75,13.8128452301025
28.25,-41.75,13.5067377090454
28.75,-41.75,13.1810874938964
29.25,-41.75,12.8306150436401
29.75,-41.75,12.4506721496582
30.25,-41.75,12.0371952056884
30.75,-41.75,11.5867519378662
31.25,-41.75,11.0968523025512
31.75,-41.75,10.5665779113769
32.25,-41.75,9.9973611831665
32.75,-41.75,9.39368629455566
33.25,-41.75,8.7636022567749
33.75,-41.75,8.11863040924072
34.25,-41.75,7.47309970855712
34.75,-41.75,6.84285497665405
35.25,-41.75,6.24358129501342
35.75,-41.75,5.68902015686035
36.25,-41.75,5.18938159942626
36.75,-41.75,4.75019121170043
37.25,-41.75,4.37202310562133
37.75,-41.75,4.05091953277587
38.25,-41.75,3.77954792976379
38.75,-41.75,3.54879260063171
39.25,-41.75,3.34946775436401
39.75,-41.75,3.17370700836181
40.25,-41.75,3.01580739021301
40.75,-41.75,2.8723771572113
41.25,-41.75,2.74176454544067
41.75,-41.75,2.62304830551147
42.25,-41.75,2.51494169235229
42.75,-41.75,2.41495323181152
43.25,-41.75,2.31905460357666
43.75,-41.75,2.22200584411621
44.25,-41.75,2.11821103096008
44.75,-41.75,2.00258803367614
-44.75,-41.25,3.57086515426635
-44.25,-41.25,3.87817955017089
-43.75,-41.25,4.15204429626464
-43.25,-41.25,4.39965391159057
-42.75,-41.25,4.62674570083618
-42.25,-41.25,4.83737134933471
-41.75,-41.25,5.03601598739624
-41.25,-41.25,5.22723245620727
-40.75,-41.25,5.41463994979858
-40.25,-41.25,5.60001373291015
-39.75,-41.25,5.78271341323852
-39.25,-41.25,5.95955514907836
-38.75,-41.25,6.12509632110595
-38.25,-41.25,6.27224969863891
-37.75,-41.25,6.39308738708496
-37.25,-41.25,6.4795823097229
-36.75,-41.25,6.52421808242797
-36.25,-41.25,6.5203833580017
-35.75,-41.25,6.46277427673339
-35.25,-41.25,6.34781885147094
-34.75,-41.25,6.17418670654296
-34.25,-41.25,5.94345188140869
-33.75,-41.25,5.66060400009155
-33.25,-41.25,5.3342866897583
-32.75,-41.25,4.97652053833007
-32.25,-41.25,4.60196018218994
-31.75,-41.25,4.22654247283935
-31.25,-41.25,3.86602735519409
-30.75,-41.25,3.53463888168334
-30.25,-41.25,3.2440128326416
-29.75,-41.25,3.00269508361816
-29.25,-41.25,2.81619930267334
-28.75,-41.25,2.68749833106994
-28.25,-41.25,2.61774945259094
-27.75,-41.25,2.60710906982421
-27.25,-41.25,2.6554856300354
-26.75,-41.25,2.76303005218505
-26.25,-41.25,2.93040513992309
-25.75,-41.25,3.15877604484558
-25.25,-41.25,3.44941210746765
-24.75,-41.25,3.80313920974731
-24.25,-41.25,4.219566822052
-23.75,-41.25,4.6962194442749
-23.25,-41.25,5.22774744033813
-22.75,-41.25,5.80531311035156
-22.25,-41.25,6.41640663146972
-21.75,-41.25,7.04505109786987
-21.25,-41.25,7.67252540588378
-20.75,-41.25,8.27858066558837
-20.25,-41.25,8.84291458129882
-19.75,-41.25,9.34679889678955
-19.25,-41.25,9.77468967437744
-18.75,-41.25,10.1155681610107
-18.25,-41.25,10.3638839721679
-17.75,-41.25,10.5200214385986
-17.25,-41.25,10.5901861190795
-16.75,-41.25,10.5856609344482
-16.25,-41.25,10.521761894226
-15.75,-41.25,10.4164571762084
-15.25,-41.25,10.2888927459716
-14.75,-41.25,10.1578798294067
-14.25,-41.25,10.0404720306396
-13.75,-41.25,9.95055294036865
-13.25,-41.25,9.89760017395019
-12.75,-41.25,9.88550281524658
-12.25,-41.25,9.91166400909423
-11.75,-41.25,9.96685981750488
-11.25,-41.25,10.0360975265502
-10.75,-41.25,10.1007213592529
-10.25,-41.25,10.1416635513305
-9.75,-41.25,10.1433706283569
-9.25,-41.25,10.0975427627563
-8.75,-41.25,10.0055742263793
-8.25,-41.25,9.87915325164795
-7.75,-41.25,9.73872470855712
-7.25,-41.25,9.61011409759521
-6.75,-41.25,9.52006816864013
-6.25,-41.25,9.49201011657714
-5.75,-41.25,9.54279518127441
-5.25,-41.25,9.68098926544189
-4.75,-41.25,9.90661430358886
-4.25,-41.25,10.212158203125
-3.75,-41.25,10.5840835571289
-3.25,-41.25,11.0045337677001
-2.75,-41.25,11.4530706405639
-2.25,-41.25,11.9084148406982
-1.75,-41.25,12.3503627777099
-1.25,-41.25,12.7620315551757
-0.75,-41.25,13.1322059631347
-0.25,-41.25,13.4576349258422
0.25,-41.25,13.744553565979
0.75,-41.25,14.0090112686157
1.25,-41.25,14.2758359909057
1.75,-41.25,14.5762214660644
2.25,-41.25,14.944296836853
2.75,-41.25,15.4130668640136
3.25,-41.25,16.0102386474609
3.75,-41.25,16.7543296813964
4.25,-41.25,17.6513271331787
4.75,-41.25,18.6921787261962
5.25,-41.25,19.8517761230468
5.75,-41.25,21.0897827148437
6.25,-41.25,22.3536930084228
6.75,-41.25,23.5841083526611
7.25,-41.25,24.7214336395263
7.75,-41.25,25.712739944458
8.25,-41.25,26.5178050994873
8.75,-41.25,27.1124935150146
9.25,-41.25,27.4895191192626
9.75,-41.25,27.6565246582031
10.25,-41.25,27.6320133209228
10.75,-41.25,27.4408836364746
11.25,-41.25,27.1104927062988
11.75,-41.25,26.6677055358886
12.25,-41.25,26.1376037597656
12.75,-41.25,25.5434665679931
13.25,-41.25,24.9073429107666
13.75,-41.25,24.2509899139404
14.25,-41.25,23.5961933135986
14.75,-41.25,22.964599609375
15.25,-41.25,22.3768692016601
15.75,-41.25,21.8514385223388
16.25,-41.25,21.4027881622314
16.75,-41.25,21.0399513244628
17.25,-41.25,20.7654972076416
17.75,-41.25,20.5748977661132
18.25,-41.25,20.4568462371826
18.75,-41.25,20.3942985534667
19.25,-41.25,20.3661422729492
19.75,-41.25,20.349437713623
20.25,-41.25,20.3217430114746
20.75,-41.25,20.2634735107421
21.25,-41.25,20.1595935821533
21.75,-41.25,20.0007400512695
22.25,-41.25,19.7835388183593
22.75,-41.25,19.510025024414
23.25,-41.25,19.1865406036376
23.75,-41.25,18.822208404541
24.25,-41.25,18.4274311065673
24.75,-41.25,18.0124263763427
25.25,-41.25,17.5861473083496
25.75,-41.25,17.1555709838867
26.25,-41.25,16.725435256958
26.75,-41.25,16.2981834411621
27.25,-41.25,15.8741950988769
27.75,-41.25,15.4521017074584
28.25,-41.25,15.0290479660034
28.75,-41.25,14.6009006500244
29.25,-41.25,14.1624412536621
29.75,-41.25,13.7074975967407
30.25,-41.25,13.2293119430542
30.75,-41.25,12.7209939956665
31.25,-41.25,12.1763658523559
31.75,-41.25,11.5910081863403
32.25,-41.25,10.9633865356445
32.75,-41.25,10.2957735061645
33.25,-41.25,9.59490013122558
33.75,-41.25,8.87188053131103
34.25,-41.25,8.14149951934814
34.75,-41.25,7.42082071304321
35.25,-41.25,6.72732400894165
35.75,-41.25,6.07695865631103
36.25,-41.25,5.48240423202514
36.75,-41.25,4.95176935195922
37.25,-41.25,4.48820638656616
37.75,-41.25,4.09021043777465
38.25,-41.25,3.7526261806488
38.75,-41.25,3.46802353858947
39.25,-41.25,3.22818374633789
39.75,-41.25,3.02528381347656
40.25,-41.25,2.85260152816772
40.75,-41.25,2.70470404624938
41.25,-41.25,2.57710218429565
41.75,-41.25,2.46561098098754
42.25,-41.25,2.36577081680297
42.75,-41.25,2.2724814414978
43.25,-41.25,2.18004608154296
43.75,-41.25,2.08266997337341
44.25,-41.25,1.975306391716
44.75,-41.25,1.85429298877716
-44.75,-40.75,3.36691975593566
-44.25,-40.75,3.62691187858581
-43.75,-40.75,3.86333632469177
-43.25,-40.75,4.08557844161987
-42.75,-40.75,4.3008222579956
-42.25,-40.75,4.5138669013977
-41.75,-40.75,4.72919368743896
-41.25,-40.75,4.950692653656
-40.75,-40.75,5.18078994750976
-40.25,-40.75,5.41972351074218
-39.75,-40.75,5.66519546508789
-39.25,-40.75,5.9124584197998
-38.75,-40.75,6.15474414825439
-38.25,-40.75,6.38393545150756
-37.75,-40.75,6.59125852584838
-37.25,-40.75,6.76779127120971
-36.75,-40.75,6.90469026565551
-36.25,-40.75,6.99330186843872
-35.75,-40.75,7.02536392211914
-35.25,-40.75,6.99350547790527
-34.75,-40.75,6.89216232299804
-34.25,-40.75,6.71878051757812
-33.75,-40.75,6.47505950927734
-33.25,-40.75,6.16776371002197
-32.75,-40.75,5.8087887763977
-32.25,-40.75,5.41444826126098
-31.75,-40.75,5.00376081466674
-31.25,-40.75,4.59642839431762
-30.75,-40.75,4.21082544326782
-30.25,-40.75,3.86236786842346
-29.75,-40.75,3.56265664100646
-29.25,-40.75,3.31939029693603
-28.75,-40.75,3.13693571090698
-28.25,-40.75,3.01726555824279
-27.75,-40.75,2.96102738380432
-27.25,-40.75,2.96847915649414
-26.75,-40.75,3.04011178016662
-26.25,-40.75,3.17691326141357
-25.75,-40.75,3.38029408454895
-25.25,-40.75,3.65158796310424
-24.75,-40.75,3.99144101142883
-24.25,-40.75,4.39907026290893
-23.75,-40.75,4.87151670455932
-23.25,-40.75,5.40310096740722
-22.75,-40.75,5.9851050376892
-22.25,-40.75,6.60587215423584
-21.75,-40.75,7.25120401382446
-21.25,-40.75,7.905113697052
-20.75,-40.75,8.55080604553222
-20.25,-40.75,9.17177581787109
-19.75,-40.75,9.75278854370117
-19.25,-40.75,10.2808351516723
-18.75,-40.75,10.7458200454711
-18.25,-40.75,11.1410255432128
-17.75,-40.75,11.4633846282958
-17.25,-40.75,11.7134923934936
-16.75,-40.75,11.8954067230224
-16.25,-40.75,12.0163011550903
-15.75,-40.75,12.085916519165
-15.25,-40.75,12.1158876419067
-14.75,-40.75,12.1187887191772
-14.25,-40.75,12.1070508956909
-13.75,-40.75,12.0916767120361
-13.25,-40.75,12.0809116363525
-12.75,-40.75,12.0790481567382
-12.25,-40.75,12.0855140686035
-11.75,-40.75,12.0948095321655
-11.25,-40.75,12.0973930358886
-10.75,-40.75,12.0816240310668
-10.25,-40.75,12.0366239547729
-9.75,-40.75,11.9554653167724
-9.25,-40.75,11.838074684143
-8.75,-40.75,11.6928205490112
-8.25,-40.75,11.5365047454833
-7.75,-40.75,11.3926172256469
-7.25,-40.75,11.2881059646606
-6.75,-40.75,11.2494001388549
-6.25,-40.75,11.2986803054809
-5.75,-40.75,11.4511156082153
-5.25,-40.75,11.7133331298828
-4.75,-40.75,12.0831279754638
-4.25,-40.75,12.5501813888549
-3.75,-40.75,13.0972528457641
-3.25,-40.75,13.701584815979
-2.75,-40.75,14.3365697860717
-2.25,-40.75,14.9737472534179
-1.75,-40.75,15.5852832794189
-1.25,-40.75,16.1470508575439
-0.75,-40.75,16.6420211791992
-0.25,-40.75,17.0634078979492
0.25,-40.75,17.4168338775634
0.75,-40.75,17.7208709716796
1.25,-40.75,18.0056648254394
1.75,-40.75,18.3098258972167
2.25,-40.75,18.67600440979
2.75,-40.75,19.1458549499511
3.25,-40.75,19.7548828125
3.75,-40.75,20.527961730957
4.25,-40.75,21.4755706787109
4.75,-40.75,22.5910358428955
5.25,-40.75,23.8494491577148
5.75,-40.75,25.2084941864013
6.25,-40.75,26.6114883422851
6.75,-40.75,27.9929580688476
7.25,-40.75,29.2856178283691
7.75,-40.75,30.4279594421386
8.25,-40.75,31.3709812164306
8.75,-40.75,32.0825805664062
9.25,-40.75,32.5491180419921
9.75,-40.75,32.7740821838378
10.25,-40.75,32.7743911743164
10.75,-40.75,32.5757598876953
11.25,-40.75,32.2084045410156
11.75,-40.75,31.703477859497
12.25,-40.75,31.0910701751709
12.75,-40.75,30.3996067047119
13.25,-40.75,29.6559619903564
13.75,-40.75,28.8860397338867
14.25,-40.75,28.1150207519531
14.75,-40.75,27.3671989440917
15.25,-40.75,26.6652793884277
15.75,-40.75,26.0293369293212
16.25,-40.75,25.4752349853515
16.75,-40.75,25.0133800506591
17.25,-40.75,24.6476612091064
17.75,-40.75,24.3749122619628
18.25,-40.75,24.1849842071533
18.75,-40.75,24.0616359710693
19.25,-40.75,23.9838581085205
19.75,-40.75,23.9278736114501
20.25,-40.75,23.8692207336425
20.75,-40.75,23.785078048706
21.25,-40.75,23.6560344696044
21.75,-40.75,23.4676322937011
22.25,-40.75,23.2110729217529
22.75,-40.75,22.8833713531494
23.25,-40.75,22.486738204956
23.75,-40.75,22.0277099609375
24.25,-40.75,21.5158824920654
24.75,-40.75,20.9627170562744
25.25,-40.75,20.3802814483642
25.75,-40.75,19.7802944183349
26.25,-40.75,19.1733665466308
26.75,-40.75,18.5683555603027
27.25,-40.75,17.9719295501709
27.75,-40.75,17.3882522583007
28.25,-40.75,16.8187160491943
28.75,-40.75,16.2617931365966
29.25,-40.75,15.7130517959594
29.75,-40.75,15.1653718948364
30.25,-40.75,14.6094627380371
30.75,-40.75,14.0347747802734
31.25,-40.75,13.4306993484497
31.75,-40.75,12.7882080078125
32.25,-40.75,12.1013736724853
32.75,-40.75,11.3688611984252
33.25,-40.75,10.5948505401611
33.75,-40.75,9.78924465179443
34.25,-40.75,8.96699237823486
34.75,-40.75,8.14661598205566
35.25,-40.75,7.34805822372436
35.75,-40.75,6.59040546417236
36.25,-40.75,5.88978195190429
36.75,-40.75,5.25770616531372
37.25,-40.75,4.70044660568237
37.75,-40.75,4.21912574768066
38.25,-40.75,3.81059551239013
38.75,-40.75,3.46870732307434
39.25,-40.75,3.1856882572174
39.75,-40.75,2.95328426361084
40.25,-40.75,2.76343369483947
40.75,-40.75,2.60855793952941
41.25,-40.75,2.48142290115356
41.75,-40.75,2.37484002113342
42.25,-40.75,2.2814655303955
42.75,-40.75,2.19384980201721
43.25,-40.75,2.10474753379821
43.75,-40.75,2.00776124000549
44.25,-40.75,1.89818096160888
44.75,-40.75,1.77342474460601
-44.75,-40.25,3.23281812667846
-44.25,-40.25,3.44614291191101
-43.75,-40.25,3.64146947860717
-43.25,-40.25,3.82996010780334
-42.75,-40.25,4.0201187133789
-42.25,-40.25,4.21766662597656
-41.75,-40.25,4.42759609222412
-41.25,-40.25,4.6539282798767
-40.75,-40.25,4.89891529083251
-40.25,-40.25,5.16245937347412
-39.75,-40.25,5.44195365905761
-39.25,-40.25,5.73251676559448
-38.75,-40.25,6.02755403518676
-38.25,-40.25,6.31937789916992
-37.75,-40.25,6.599702835083
-37.25,-40.25,6.85975742340087
-36.75,-40.25,7.09010887145996
-36.25,-40.25,7.28032350540161
-35.75,-40.25,7.41897773742675
-35.25,-40.25,7.4942455291748
-34.75,-40.25,7.49517631530761
-34.25,-40.25,7.4136357307434
-33.75,-40.25,7.24629592895507
-33.25,-40.25,6.99620532989501
-32.75,-40.25,6.67332410812377
-32.25,-40.25,6.2939748764038
-31.75,-40.25,5.87888813018798
-31.25,-40.25,5.4507155418396
-30.75,-40.25,5.03141069412231
-30.25,-40.25,4.64003992080688
-29.75,-40.25,4.2915072441101
-29.25,-40.25,3.99625635147094
-28.75,-40.25,3.76079225540161
-28.25,-40.25,3.58868789672851
-27.75,-40.25,3.48176646232605
-27.25,-40.25,3.44112515449523
-26.75,-40.25,3.46780967712402
-26.25,-40.25,3.56311058998107
-25.75,-40.25,3.7285132408142
-25.25,-40.25,3.96524691581726
-24.75,-40.25,4.27377700805664
-24.25,-40.25,4.65323543548584
-23.75,-40.25,5.10088539123535
-23.25,-40.25,5.61179590225219
-22.75,-40.25,6.17876100540161
-22.25,-40.25,6.79251050949096
-21.75,-40.25,7.44213771820068
-21.25,-40.25,8.11567497253418
-20.75,-40.25,8.80078983306884
-20.25,-40.25,9.48535823822021
-19.75,-40.25,10.1579055786132
-19.25,-40.25,10.807894706726
-18.75,-40.25,11.4259042739868
-18.25,-40.25,12.0036373138427
-17.75,-40.25,12.5340452194213
-17.25,-40.25,13.01145362854
-16.75,-40.25,13.4318351745605
-16.25,-40.25,13.7930488586425
-15.75,-40.25,14.0951347351074
-15.25,-40.25,14.3403625488281
-14.75,-40.25,14.5330181121826
-14.25,-40.25,14.6788091659545
-13.75,-40.25,14.7839221954345
-13.25,-40.25,14.853925704956
-12.75,-40.25,14.8926773071289
-12.25,-40.25,14.901551246643
-11.75,-40.25,14.8793420791625
-11.25,-40.25,14.8230981826782
-10.75,-40.25,14.7296485900878
-10.25,-40.25,14.5978622436523
-9.75,-40.25,14.4309816360473
-9.25,-40.25,14.238558769226
-8.75,-40.25,14.0371694564819
-8.25,-40.25,13.8498516082763
-7.75,-40.25,13.704119682312
-7.25,-40.25,13.6289987564086
-6.75,-40.25,13.651382446289
-6.25,-40.25,13.7928810119628
-5.75,-40.25,14.0674324035644
-5.25,-40.25,14.4799098968505
-4.75,-40.25,15.0257091522216
-4.25,-40.25,15.6911392211914
-3.75,-40.25,16.4542598724365
-3.25,-40.25,17.2859859466552
-2.75,-40.25,18.1517486572265
-2.25,-40.25,19.0139293670654
-1.75,-40.25,19.8350448608398
-1.25,-40.25,20.581974029541
-0.75,-40.25,21.2304744720459
-0.25,-40.25,21.7694931030273
0.25,-40.25,22.2039546966552
0.75,-40.25,22.5554847717285
1.25,-40.25,22.8606147766113
1.75,-40.25,23.1667232513427
2.25,-40.25,23.5264339447021
2.75,-40.25,23.9913597106933
3.25,-40.25,24.6058368682861
3.75,-40.25,25.4017219543457
4.25,-40.25,26.3942241668701
4.75,-40.25,27.5790481567382
5.25,-40.25,28.9312992095947
5.75,-40.25,30.4065208435058
6.25,-40.25,31.9438934326171
6.75,-40.25,33.4720649719238
7.25,-40.25,34.9164695739746
7.75,-40.25,36.2074012756347
8.25,-40.25,37.2874755859375
8.75,-40.25,38.1167411804199
9.25,-40.25,38.6750144958496
9.75,-40.25,38.9612350463867
10.25,-40.25,38.9900550842285
10.75,-40.25,38.7872734069824
11.25,-40.25,38.3852844238281
11.75,-40.25,37.8188972473144
12.25,-40.25,37.1228408813476
12.75,-40.25,36.3304557800293
13.25,-40.25,35.4732818603515
13.75,-40.25,34.5813446044921
14.25,-40.25,33.6832847595214
14.75,-40.25,32.8060798645019
15.25,-40.25,31.9746704101562
15.75,-40.25,31.2109584808349
16.25,-40.25,30.5325412750244
16.75,-40.25,29.9515552520751
17.25,-40.25,29.4737873077392
17.75,-40.25,29.0978736877441
18.25,-40.25,28.815372467041
18.75,-40.25,28.611228942871
19.25,-40.25,28.4647789001464
19.75,-40.25,28.3514194488525
20.25,-40.25,28.2445011138916
20.75,-40.25,28.1174926757812
21.25,-40.25,27.9460163116455
21.75,-40.25,27.7097015380859
22.25,-40.25,27.3935585021972
22.75,-40.25,26.9888038635253
23.25,-40.25,26.4929866790771
23.75,-40.25,25.90966796875
24.25,-40.25,25.2476348876953
24.75,-40.25,24.5197849273681
25.25,-40.25,23.7418041229248
25.75,-40.25,22.9307880401611
26.25,-40.25,22.1039810180664
26.75,-40.25,21.2774467468261
27.25,-40.25,20.464952468872
27.75,-40.25,19.6770648956298
28.25,-40.25,18.9202919006347
28.75,-40.25,18.1966381072998
29.25,-40.25,17.5033321380615
29.75,-40.25,16.8330287933349
30.25,-40.25,16.174409866333
30.75,-40.25,15.5133237838745
31.25,-40.25,14.8344593048095
31.75,-40.25,14.1234092712402
32.25,-40.25,13.3688879013061
32.75,-40.25,12.5647830963134
33.25,-40.25,11.7116947174072
33.75,-40.25,10.8175334930419
34.25,-40.25,9.89698219299316
34.75,-40.25,8.9700231552124
35.25,-40.25,8.059419631958
35.75,-40.25,7.18797874450683
36.25,-40.25,6.37591218948364
36.75,-40.25,5.63869380950927
37.25,-40.25,4.98599958419799
37.75,-40.25,4.421555519104
38.25,-40.25,3.94388175010681
38.75,-40.25,3.54754304885864
39.25,-40.25,3.22456073760986
39.75,-40.25,2.96567273139953
40.25,-40.25,2.76109981536865
40.75,-40.25,2.60101461410522
41.25,-40.25,2.47560095787048
41.75,-40.25,2.37498044967651
42.25,-40.25,2.28929495811462
42.75,-40.25,2.20900058746337
43.25,-40.25,2.12536215782165
43.75,-40.25,2.03119015693664
44.25,-40.25,1.92172992229461
44.75,-40.25,1.79499578475952
-44.75,-39.75,3.17885541915893
-44.25,-39.75,3.350355386734
-43.75,-39.75,3.50502109527587
-43.25,-39.75,3.65535187721252
-42.75,-39.75,3.81101298332214
-42.25,-39.75,3.97874593734741
-41.75,-39.75,4.16444158554077
-41.25,-39.75,4.37286472320556
-40.75,-39.75,4.60689067840576
-40.25,-39.75,4.8670163154602
-39.75,-39.75,5.15135288238525
-39.25,-39.75,5.45600891113281
-38.75,-39.75,5.77573299407959
-38.25,-39.75,6.10447072982788
-37.75,-39.75,6.43557548522949
-37.25,-39.75,6.76155138015747
-36.75,-39.75,7.07335472106933
-36.25,-39.75,7.359619140625
-35.75,-39.75,7.60639095306396
-35.25,-39.75,7.79772806167602
-34.75,-39.75,7.91731643676757
-34.25,-39.75,7.95096826553344
-33.75,-39.75,7.88940858840942
-33.25,-39.75,7.73056745529174
-32.75,-39.75,7.48068857192993
-32.25,-39.75,7.15410375595092
-31.75,-39.75,6.7712550163269
-31.25,-39.75,6.35594844818115
-30.75,-39.75,5.93230056762695
-30.25,-39.75,5.52213144302368
-29.75,-39.75,5.14326286315918
-29.25,-39.75,4.80898141860961
-28.75,-39.75,4.52837753295898
-28.25,-39.75,4.30728769302368
-27.75,-39.75,4.1494140625
-27.25,-39.75,4.05732488632202
-26.75,-39.75,4.03311824798584
-26.25,-39.75,4.07874870300293
-25.75,-39.75,4.196044921875
-25.25,-39.75,4.38641262054443
-24.75,-39.75,4.65051078796386
-24.25,-39.75,4.98793840408325
-23.75,-39.75,5.39693069458007
-23.25,-39.75,5.87423658370971
-22.75,-39.75,6.41517400741577
-22.25,-39.75,7.01386833190918
-21.75,-39.75,7.66356372833251
-21.25,-39.75,8.35698699951171
-20.75,-39.75,9.08666515350341
-20.25,-39.75,9.84506893157959
-19.75,-39.75,10.6244955062866
-19.25,-39.75,11.4168891906738
-18.75,-39.75,12.2134656906127
-18.25,-39.75,13.0044136047363
-17.75,-39.75,13.7787704467773
-17.25,-39.75,14.5246076583862
-16.75,-39.75,15.2295913696289
-16.25,-39.75,15.8816967010498
-15.75,-39.75,16.4701805114746
-15.25,-39.75,16.9863739013671
-14.75,-39.75,17.4242668151855
-14.25,-39.75,17.7806701660156
-13.75,-39.75,18.0548496246337
-13.25,-39.75,18.2480010986328
-12.75,-39.75,18.3624782562255
-12.25,-39.75,18.4012756347656
-11.75,-39.75,18.3679084777832
-11.25,-39.75,18.2669677734375
-10.75,-39.75,18.1050910949707
-10.25,-39.75,17.8923530578613
-9.75,-39.75,17.6436176300048
-9.25,-39.75,17.3793773651123
-8.75,-39.75,17.1256294250488
-8.25,-39.75,16.9127464294433
-7.75,-39.75,16.773338317871
-7.25,-39.75,16.7394752502441
-6.75,-39.75,16.8394050598144
-6.25,-39.75,17.0949172973632
-5.75,-39.75,17.5192337036132
-5.25,-39.75,18.1156749725341
-4.75,-39.75,18.8770294189453
-4.25,-39.75,19.7856369018554
-3.75,-39.75,20.8137283325195
-3.25,-39.75,21.9243469238281
-2.75,-39.75,23.0731163024902
-2.25,-39.75,24.2111682891845
-1.75,-39.75,25.2893619537353
-1.25,-39.75,26.263765335083
-0.75,-39.75,27.1015930175781
-0.25,-39.75,27.7867164611816
0.25,-39.75,28.3232154846191
0.75,-39.75,28.7361812591552
1.25,-39.75,29.0693664550781
1.75,-39.75,29.3800773620605
2.25,-39.75,29.7321529388427
2.75,-39.75,30.188268661499
3.25,-39.75,30.8025150299072
3.75,-39.75,31.6143856048584
4.25,-39.75,32.6441268920898
4.75,-39.75,33.8899574279785
5.25,-39.75,35.327049255371
5.75,-39.75,36.9089431762695
6.25,-39.75,38.5709915161132
6.75,-39.75,40.2365112304687
7.25,-39.75,41.8244590759277
7.75,-39.75,43.2577819824218
8.25,-39.75,44.4714164733886
8.75,-39.75,45.4180335998535
9.25,-39.75,46.0709762573242
9.75,-39.75,46.42427444458
10.25,-39.75,46.4896087646484
10.75,-39.75,46.2919082641601
11.25,-39.75,45.8646621704101
11.75,-39.75,45.2454261779785
12.25,-39.75,44.4726448059082
12.75,-39.75,43.58394241333
13.25,-39.75,42.615005493164
13.75,-39.75,41.5997581481933
14.25,-39.75,40.5700225830078
14.75,-39.75,39.5555534362793
15.25,-39.75,38.5835647583007
15.75,-39.75,37.6780319213867
16.25,-39.75,36.8586311340332
16.75,-39.75,36.1396789550781
17.25,-39.75,35.5292091369628
17.75,-39.75,35.0281639099121
18.25,-39.75,34.6301040649414
18.75,-39.75,34.3214035034179
19.25,-39.75,34.081859588623
19.75,-39.75,33.8859596252441
20.25,-39.75,33.7046318054199
20.75,-39.75,33.5073051452636
21.25,-39.75,33.2641944885253
21.75,-39.75,32.9485740661621
22.25,-39.75,32.538818359375
22.75,-39.75,32.0199851989746
23.25,-39.75,31.3846549987792
23.75,-39.75,30.6333770751953
24.25,-39.75,29.7742080688476
24.75,-39.75,28.8218002319335
25.25,-39.75,27.7959289550781
25.75,-39.75,26.7196636199951
26.25,-39.75,25.6175575256347
26.75,-39.75,24.5135917663574
27.25,-39.75,23.4293842315673
27.75,-39.75,22.3826370239257
28.25,-39.75,21.3857631683349
28.75,-39.75,20.4450531005859
29.25,-39.75,19.5601825714111
29.75,-39.75,18.7242908477783
30.25,-39.75,17.9246292114257
30.75,-39.75,17.1438522338867
31.25,-39.75,16.3620872497558
31.75,-39.75,15.559455871582
32.25,-39.75,14.7189302444458
32.75,-39.75,13.8291234970092
33.25,-39.75,12.8864202499389
33.75,-39.75,11.8961172103881
34.25,-39.75,10.8721408843994
34.75,-39.75,9.83553791046142
35.25,-39.75,8.81168556213378
35.75,-39.75,7.82699918746948
36.25,-39.75,6.90573978424072
36.75,-39.75,6.0672435760498
37.25,-39.75,5.32440567016601
37.75,-39.75,4.68322038650512
38.25,-39.75,4.14341497421264
38.75,-39.75,3.69972705841064
39.25,-39.75,3.34347701072692
39.75,-39.75,3.06402039527893
40.25,-39.75,2.84970092773437
40.75,-39.75,2.68851995468139
41.25,-39.75,2.56832885742187
41.75,-39.75,2.47690939903259
42.25,-39.75,2.40218520164489
42.75,-39.75,2.33266448974609
43.25,-39.75,2.25803065299987
43.75,-39.75,2.1699731349945
44.25,-39.75,2.06322574615478
44.75,-39.75,1.93589425086975
-44.75,-39.25,3.19776487350463
-44.25,-39.25,3.33441376686096
-43.75,-39.25,3.45136380195617
-43.25,-39.25,3.56215834617614
-42.75,-39.25,3.67757415771484
-42.25,-39.25,3.80553865432739
-41.75,-39.25,3.95320892333984
-41.25,-39.25,4.12659263610839
-40.75,-39.25,4.3297529220581
-40.25,-39.25,4.56436729431152
-39.75,-39.25,4.82984828948974
-39.25,-39.25,5.12387418746948
-38.75,-39.25,5.44310140609741
-38.25,-39.25,5.78367519378662
-37.75,-39.25,6.14124393463134
-37.25,-39.25,6.5103063583374
-36.75,-39.25,6.88310527801513
-36.25,-39.25,7.24842262268066
-35.75,-39.25,7.59098815917968
-35.25,-39.25,7.89197969436645
-34.75,-39.25,8.13077354431152
-34.25,-39.25,8.28783798217773
-33.75,-39.25,8.34806537628173
-33.25,-39.25,8.30369567871093
-32.75,-39.25,8.15600967407226
-32.25,-39.25,7.91552925109863
-31.75,-39.25,7.60030031204223
-31.25,-39.25,7.23311233520507
-30.75,-39.25,6.83832931518554
-30.25,-39.25,6.43901109695434
-29.75,-39.25,6.0549464225769
-29.25,-39.25,5.70180654525756
-28.75,-39.25,5.39126825332641
-28.25,-39.25,5.13172817230224
-27.75,-39.25,4.92926359176635
-27.25,-39.25,4.78849840164184
-26.75,-39.25,4.71319150924682
-26.25,-39.25,4.70655965805053
-25.75,-39.25,4.77139282226562
-25.25,-39.25,4.90990400314331
-24.75,-39.25,5.12363195419311
-24.25,-39.25,5.41336059570312
-23.75,-39.25,5.77902746200561
-23.25,-39.25,6.21976280212402
-22.75,-39.25,6.73401451110839
-22.25,-39.25,7.319748878479
-21.75,-39.25,7.97465181350708
-21.25,-39.25,8.69622421264648
-20.75,-39.25,9.48178672790527
-20.25,-39.25,10.3282499313354
-19.75,-39.25,11.2315826416015
-19.25,-39.25,12.1861610412597
-18.75,-39.25,13.1840324401855
-18.25,-39.25,14.2141857147216
-17.75,-39.25,15.2622108459472
-17.25,-39.25,16.310375213623
-16.75,-39.25,17.3382682800292
-16.25,-39.25,18.3238792419433
-15.75,-39.25,19.2450485229492
-15.25,-39.25,20.0810375213623
-14.75,-39.25,20.8139343261718
-14.25,-39.25,21.4297657012939
-13.75,-39.25,21.9191074371337
-13.25,-39.25,22.2771911621093
-12.75,-39.25,22.5039024353027
-12.25,-39.25,22.6034564971923
-11.75,-39.25,22.584321975708
-11.25,-39.25,22.4593391418457
-10.75,-39.25,22.2459774017334
-10.25,-39.25,21.9666423797607
-9.75,-39.25,21.6489391326904
-9.25,-39.25,21.3253688812255
-8.75,-39.25,21.032335281372
-8.25,-39.25,20.808479309082
-7.75,-39.25,20.6924400329589
-7.25,-39.25,20.7202396392822
-6.75,-39.25,20.9223346710205
-6.25,-39.25,21.3214302062988
-5.75,-39.25,21.9305419921875
-5.25,-39.25,22.7516460418701
-4.75,-39.25,23.7747783660888
-4.25,-39.25,24.9776535034179
-3.75,-39.25,26.3256530761718
-3.25,-39.25,27.7725048065185
-2.75,-39.25,29.2622756958007
-2.25,-39.25,30.7329730987548
-1.75,-39.25,32.1219520568847
-1.25,-39.25,33.3728599548339
-0.75,-39.25,34.4430923461914
-0.25,-39.25,35.3106842041015
0.25,-39.25,35.9785041809082
0.75,-39.25,36.4752349853515
1.25,-39.25,36.8523216247558
1.75,-39.25,37.1777305603027
2.25,-39.25,37.5273246765136
2.75,-39.25,37.9757652282714
3.25,-39.25,38.5877037048339
3.75,-39.25,39.4108963012695
4.25,-39.25,40.4712028503418
4.75,-39.25,41.7697486877441
5.25,-39.25,43.2822341918945
5.75,-39.25,44.9606704711914
6.25,-39.25,46.7373313903808
6.75,-39.25,48.5311050415039
7.25,-39.25,50.2554779052734
7.75,-39.25,51.8271179199218
8.25,-39.25,53.1741676330566
8.75,-39.25,54.2424774169921
9.25,-39.25,54.9990577697753
9.75,-39.25,55.4325561523437
10.25,-39.25,55.5508422851562
10.75,-39.25,55.3768196105957
11.25,-39.25,54.943748474121
11.75,-39.25,54.2905731201171
12.25,-39.25,53.4582939147949
12.75,-39.25,52.4877204895019
13.25,-39.25,51.4179916381835
13.75,-39.25,50.2863082885742
14.25,-39.25,49.1274986267089
14.75,-39.25,47.9738845825195
15.25,-39.25,46.8550872802734
15.75,-39.25,45.7973480224609
16.25,-39.25,44.8227233886718
16.75,-39.25,43.9480209350585
17.25,-39.25,43.1838836669921
17.75,-39.25,42.5337905883789
18.25,-39.25,41.9934844970703
18.75,-39.25,41.5507507324218
19.25,-39.25,41.1857070922851
19.75,-39.25,40.8718109130859
20.25,-39.25,40.5773048400878
20.75,-39.25,40.2673797607421
21.25,-39.25,39.9067115783691
21.75,-39.25,39.4621353149414
22.25,-39.25,38.9054489135742
22.75,-39.25,38.2156410217285
23.25,-39.25,37.3806533813476
23.75,-39.25,36.3983078002929
24.25,-39.25,35.2763671875
24.75,-39.25,34.03173828125
25.25,-39.25,32.6888084411621
25.75,-39.25,31.2772483825683
26.25,-39.25,29.8295230865478
26.75,-39.25,28.3781642913818
27.25,-39.25,26.9532127380371
27.75,-39.25,25.580078125
28.25,-39.25,24.2775974273681
28.75,-39.25,23.0569248199462
29.25,-39.25,21.9207324981689
29.75,-39.25,20.8632526397705
30.25,-39.25,19.8708972930908
30.75,-39.25,18.9238376617431
31.25,-39.25,17.9982299804687
31.75,-39.25,17.0692481994628
32.25,-39.25,16.1144924163818
32.75,-39.25,15.1173944473266
33.25,-39.25,14.0699872970581
33.75,-39.25,12.9745006561279
34.25,-39.25,11.843448638916
34.75,-39.25,10.698124885559
35.25,-39.25,9.56559181213378
35.75,-39.25,8.47497749328613
36.25,-39.25,7.45371389389038
36.75,-39.25,6.5242109298706
37.25,-39.25,5.70187997817993
37.75,-39.25,4.99437761306762
38.25,-39.25,4.40214490890502
38.75,-39.25,3.91973733901977
39.25,-39.25,3.53755784034729
39.75,-39.25,3.24354887008667
40.25,-39.25,3.02431058883667
40.75,-39.25,2.86593413352966
41.25,-39.25,2.75427889823913
41.75,-39.25,2.6751058101654
42.25,-39.25,2.6143455505371
42.75,-39.25,2.55861830711364
43.25,-39.25,2.49589610099792
43.75,-39.25,2.41644930839538
44.25,-39.25,2.31411528587341
44.75,-39.25,2.18673205375671
-44.75,-38.75,3.27246379852294
-44.25,-38.75,3.38175773620605
-43.75,-38.75,3.46521973609924
-43.25,-38.75,3.53734040260314
-42.75,-38.75,3.61012196540832
-42.25,-38.75,3.69293308258056
-41.75,-38.75,3.79455113410949
-41.25,-38.75,3.92262744903564
-40.75,-38.75,4.08279418945312
-40.25,-38.75,4.2782130241394
-39.75,-38.75,4.50979995727539
-39.25,-38.75,4.77686786651611
-38.75,-38.75,5.07795047760009
-38.25,-38.75,5.4113130569458
-37.75,-38.75,5.77485132217407
-37.25,-38.75,6.16521692276001
-36.75,-38.75,6.57642936706543
-36.25,-38.75,6.99831295013427
-35.75,-38.75,7.41562557220459
-35.25,-38.75,7.80832004547119
-34.75,-38.75,8.15324020385742
-34.25,-38.75,8.42707538604736
-33.75,-38.75,8.60997581481933
-33.25,-38.75,8.68887615203857
-32.75,-38.75,8.65968894958496
-32.25,-38.75,8.52797603607177
-31.75,-38.75,8.30768013000488
-31.25,-38.75,8.01862049102783
-30.75,-38.75,7.68346500396728
-30.25,-38.75,7.32482385635376
-29.75,-38.75,6.96313571929931
-29.25,-38.75,6.61560583114624
-28.75,-38.75,6.29603004455566
-28.25,-38.75,6.01525545120239
-27.75,-38.75,5.78187561035156
-27.25,-38.75,5.60290193557739
-26.75,-38.75,5.48423385620117
-26.25,-38.75,5.43097400665283
-25.75,-38.75,5.4475622177124
-25.25,-38.75,5.53778743743896
-24.75,-38.75,5.70483636856079
-24.25,-38.75,5.95140886306762
-23.75,-38.75,6.2797622680664
-23.25,-38.75,6.69187307357788
-22.75,-38.75,7.18958187103271
-22.25,-38.75,7.77476215362548
-21.75,-38.75,8.44938278198242
-21.25,-38.75,9.21543788909912
-20.75,-38.75,10.0746774673461
-20.25,-38.75,11.0280904769897
-19.75,-38.75,12.0750722885131
-19.25,-38.75,13.2123680114746
-18.75,-38.75,14.4330005645751
-18.25,-38.75,15.7251634597778
-17.75,-38.75,17.0715293884277
-17.25,-38.75,18.4491291046142
-16.75,-38.75,19.8299808502197
-16.25,-38.75,21.1822814941406
-15.75,-38.75,22.4723205566406
-15.25,-38.75,23.6667442321777
-14.75,-38.75,24.7348613739013
-14.25,-38.75,25.6508045196533
-13.75,-38.75,26.3952732086181
-13.25,-38.75,26.9566192626953
-12.75,-38.75,27.33150100708
-12.25,-38.75,27.5250816345214
-11.75,-38.75,27.5507717132568
-11.25,-38.75,27.4300117492675
-10.75,-38.75,27.1915073394775
-10.25,-38.75,26.8705425262451
-9.75,-38.75,26.5079593658447
-9.25,-38.75,26.1487827301025
-8.75,-38.75,25.8403759002685
-8.25,-38.75,25.6302871704101
-7.75,-38.75,25.5638790130615
-7.25,-38.75,25.6819286346435
-6.75,-38.75,26.0178966522216
-6.25,-38.75,26.5960903167724
-5.75,-38.75,27.4298381805419
-5.25,-38.75,28.5200691223144
-4.75,-38.75,29.85396194458
-4.25,-38.75,31.4041748046875
-3.75,-38.75,33.1284027099609
-3.25,-38.75,34.9699363708496
-2.75,-38.75,36.859935760498
-2.25,-38.75,38.7218780517578
-1.75,-38.75,40.478214263916
-1.25,-38.75,42.0589332580566
-0.75,-38.75,43.41060256958
-0.25,-38.75,44.5045890808105
0.25,-38.75,45.3420791625976
0.75,-38.75,45.9549713134765
1.25,-38.75,46.4023551940918
1.75,-38.75,46.7629432678222
2.25,-38.75,47.1249923706054
2.75,-38.75,47.575626373291
3.25,-38.75,48.190689086914
3.75,-38.75,49.0269203186035
4.25,-38.75,50.116584777832
4.75,-38.75,51.464557647705
5.25,-38.75,53.0479736328125
5.75,-38.75,54.8183631896972
6.25,-38.75,56.7060089111328
6.75,-38.75,58.6265525817871
7.25,-38.75,60.4892120361328
7.75,-38.75,62.2054367065429
8.25,-38.75,63.6974258422851
8.75,-38.75,64.9045181274414
9.25,-38.75,65.787239074707
9.75,-38.75,66.328254699707
10.25,-38.75,66.5304641723632
10.75,-38.75,66.4132843017578
11.25,-38.75,66.0081405639648
11.75,-38.75,65.3536682128906
12.25,-38.75,64.4919967651367
12.75,-38.75,63.4658775329589
13.25,-38.75,62.3169288635253
13.75,-38.75,61.0849838256835
14.25,-38.75,59.8074645996093
14.75,-38.75,58.5191802978515
15.25,-38.75,57.2521324157714
15.75,-38.75,56.0350303649902
16.25,-38.75,54.8924827575683
16.75,-38.75,53.8440208435058
17.25,-38.75,52.9030609130859
17.75,-38.75,52.0756111145019
18.25,-38.75,51.3594779968261
18.75,-38.75,50.7437210083007
19.25,-38.75,50.2085456848144
19.75,-38.75,49.7260398864746
20.25,-38.75,49.2616691589355
20.75,-38.75,48.7764205932617
21.25,-38.75,48.2296104431152
21.75,-38.75,47.5821304321289
22.25,-38.75,46.7998390197753
22.75,-38.75,45.8565483093261
23.25,-38.75,44.7364425659179
23.75,-38.75,43.4354858398437
24.25,-38.75,41.9620094299316
24.75,-38.75,40.3359413146972
25.25,-38.75,38.5869903564453
25.75,-38.75,36.751968383789
26.25,-38.75,34.8717498779296
26.75,-38.75,32.9878158569335
27.25,-38.75,31.1389808654785
27.75,-38.75,29.3586673736572
28.25,-38.75,27.6724376678466
28.75,-38.75,26.0965595245361
29.25,-38.75,24.6370754241943
29.75,-38.75,23.2898139953613
30.25,-38.75,22.0410327911376
30.75,-38.75,20.8692474365234
31.25,-38.75,19.7476596832275
31.75,-38.75,18.647512435913
32.25,-38.75,17.541913986206
32.75,-38.75,16.4097099304199
33.25,-38.75,15.2387037277221
33.75,-38.75,14.0277051925659
34.25,-38.75,12.7869205474853
34.75,-38.75,11.5365905761718
35.25,-38.75,10.3039283752441
35.75,-38.75,9.11911106109619
36.25,-38.75,8.01119136810302
36.75,-38.75,7.00428771972656
37.25,-38.75,6.11526441574096
37.75,-38.75,5.35270404815673
38.25,-38.75,4.71732711791992
38.75,-38.75,4.20335912704467
39.25,-38.75,3.80036544799804
39.75,-38.75,3.49510908126831
40.25,-38.75,3.27279615402221
40.75,-38.75,3.11798620223999
41.25,-38.75,3.01492547988891
41.75,-38.75,2.9476842880249
42.25,-38.75,2.90044498443603
42.75,-38.75,2.85809111595153
43.25,-38.75,2.8069372177124
43.75,-38.75,2.73578429222106
44.25,-38.75,2.63746380805969
44.75,-38.75,2.50941133499145
-44.75,-38.25,3.38398313522338
-44.25,-38.25,3.47300124168396
-43.75,-38.25,3.52793073654174
-43.25,-38.25,3.56428503990173
-42.75,-38.25,3.59546566009521
-42.25,-38.25,3.63251638412475
-41.75,-38.25,3.68609023094177
-41.25,-38.25,3.76571679115295
-40.75,-38.25,3.87878251075744
-40.25,-38.25,4.03002643585205
-39.75,-38.25,4.22181606292724
-39.25,-38.25,4.45486974716186
-38.75,-38.25,4.72917318344116
-38.25,-38.25,5.04456710815429
-37.75,-38.25,5.40064048767089
-37.25,-38.25,5.79581117630004
-36.75,-38.25,6.22582674026489
-36.25,-38.25,6.68204069137573
-35.75,-38.25,7.15028142929077
-35.25,-38.25,7.61086463928222
-34.75,-38.25,8.04001331329345
-34.25,-38.25,8.41262817382812
-33.75,-38.25,8.70583724975586
-33.25,-38.25,8.90246677398681
-32.75,-38.25,8.99355220794677
-32.25,-38.25,8.97945022583007
-31.75,-38.25,8.8691177368164
-31.25,-38.25,8.67811012268066
-30.75,-38.25,8.42587661743164
-30.25,-38.25,8.13310432434082
-29.75,-38.25,7.81958293914794
-29.25,-38.25,7.50299739837646
-28.75,-38.25,7.19850492477417
-28.25,-38.25,6.9189109802246
-27.75,-38.25,6.67508459091186
-27.25,-38.25,6.47641563415527
-26.75,-38.25,6.33115673065185
-26.25,-38.25,6.2466697692871
-25.75,-38.25,6.22959995269775
-25.25,-38.25,6.28594064712524
-24.75,-38.25,6.42117547988891
-24.25,-38.25,6.64049386978149
-23.75,-38.25,6.94891834259033
-23.25,-38.25,7.35151576995849
-22.75,-38.25,7.85355710983276
-22.25,-38.25,8.46064186096191
-21.75,-38.25,9.1786823272705
-21.25,-38.25,10.0136928558349
-20.75,-38.25,10.9713325500488
-20.25,-38.25,12.0562105178833
-19.75,-38.25,13.2707357406616
-19.25,-38.25,14.6138372421264
-18.75,-38.25,16.0795001983642
-18.25,-38.25,17.6552867889404
-17.75,-38.25,19.3213539123535
-17.25,-38.25,21.0499801635742
-16.75,-38.25,22.8061485290527
-16.25,-38.25,24.5487937927246
-15.75,-38.25,26.2330474853515
-15.25,-38.25,27.8131370544433
-14.75,-38.25,29.2456550598144
-14.25,-38.25,30.4927539825439
-13.75,-38.25,31.5250835418701
-13.25,-38.25,32.3238716125488
-12.75,-38.25,32.8823699951171
-12.25,-38.25,33.2063980102539
-11.75,-38.25,33.3141212463378
-11.25,-38.25,33.2352256774902
-10.75,-38.25,33.0093460083007
-10.25,-38.25,32.6842384338378
-9.75,-38.25,32.3136405944824
-9.25,-38.25,31.9548835754394
-8.75,-38.25,31.6662082672119
-8.25,-38.25,31.5043029785156
-7.75,-38.25,31.521686553955
-7.25,-38.25,31.7645225524902
-6.75,-38.25,32.2700424194335
-6.25,-38.25,33.0648536682128
-5.75,-38.25,34.1632690429687
-5.25,-38.25,35.5654830932617
-4.75,-38.25,37.2559204101562
-4.25,-38.25,39.202033996582
-3.75,-38.25,41.3534088134765
-3.25,-38.25,43.6423301696777
-2.75,-38.25,45.9863891601562
-2.25,-38.25,48.2938613891601
-1.75,-38.25,50.4716720581054
-1.25,-38.25,52.4355430603027
-0.75,-38.25,54.1205558776855
-0.25,-38.25,55.4907264709472
0.25,-38.25,56.5447731018066
0.75,-38.25,57.3170623779296
1.25,-38.25,57.8735046386718
1.75,-38.25,58.3029479980468
2.25,-38.25,58.7056922912597
2.75,-38.25,59.181282043457
3.25,-38.25,59.8171195983886
3.75,-38.25,60.6796340942382
4.25,-38.25,61.8085441589355
4.75,-38.25,63.2137718200683
5.25,-38.25,64.8752975463867
5.75,-38.25,66.7456817626953
6.25,-38.25,68.7547607421875
6.75,-38.25,70.8163452148437
7.25,-38.25,72.8366470336914
7.75,-38.25,74.7228622436523
8.25,-38.25,76.3916473388671
8.75,-38.25,77.7759017944336
9.25,-38.25,78.8290328979492
9.75,-38.25,79.5265884399414
10.25,-38.25,79.8649978637695
10.75,-38.25,79.8582611083984
11.25,-38.25,79.5340194702148
11.75,-38.25,78.9287490844726
12.25,-38.25,78.0838851928711
12.75,-38.25,77.0427703857421
13.25,-38.25,75.8484878540039
13.75,-38.25,74.5428085327148
14.25,-38.25,73.165283203125
14.75,-38.25,71.7531356811523
15.25,-38.25,70.3407211303711
15.75,-38.25,68.9593276977539
16.25,-38.25,67.6362380981445
16.75,-38.25,66.3936920166015
17.25,-38.25,65.2477340698242
17.75,-38.25,64.2067489624023
18.25,-38.25,63.2702941894531
18.75,-38.25,62.4282150268554
19.25,-38.25,61.660545349121
19.75,-38.25,60.9378433227539
20.25,-38.25,60.2228393554687
20.75,-38.25,59.472671508789
21.25,-38.25,58.6421279907226
21.75,-38.25,57.6873207092285
22.25,-38.25,56.5696067810058
22.75,-38.25,55.2593269348144
23.25,-38.25,53.7384071350097
23.75,-38.25,52.0026779174804
24.25,-38.25,50.0623474121093
24.75,-38.25,47.9414520263671
25.25,-38.25,45.6757125854492
25.75,-38.25,43.3096046447753
26.25,-38.25,40.8926200866699
26.75,-38.25,38.4753456115722
27.25,-38.25,36.1053352355957
27.75,-38.25,33.8240242004394
28.25,-38.25,31.6636924743652
28.75,-38.25,29.6458396911621
29.25,-38.25,27.7801284790039
29.75,-38.25,26.0644016265869
30.25,-38.25,24.4855499267578
30.75,-38.25,23.0213432312011
31.25,-38.25,21.643268585205
31.75,-38.25,20.3198432922363
32.25,-38.25,19.0208168029785
32.75,-38.25,17.7211837768554
33.25,-38.25,16.4047126770019
33.75,-38.25,15.0663394927978
34.25,-38.25,13.712851524353
34.75,-38.25,12.3617553710937
35.25,-38.25,11.0383777618408
35.75,-38.25,9.7718448638916
36.25,-38.25,8.59080982208252
36.75,-38.25,7.51944684982299
37.25,-38.25,6.57485055923461
37.75,-38.25,5.76577568054199
38.25,-38.25,5.09291696548461
38.75,-38.25,4.55019474029541
39.25,-38.25,4.12660074234008
39.75,-38.25,3.80809760093688
40.25,-38.25,3.57891964912414
40.75,-38.25,3.42253065109252
41.25,-38.25,3.32198238372802
41.75,-38.25,3.26006317138671
42.25,-38.25,3.21963834762573
42.75,-38.25,3.18427848815917
43.25,-38.25,3.13904404640197
43.75,-38.25,3.07161736488342
44.25,-38.25,2.97404813766479
44.75,-38.25,2.8434453010559
-44.75,-37.75,3.52007222175598
-44.25,-37.75,3.59503674507141
-43.75,-37.75,3.6268184185028
-43.25,-37.75,3.63214826583862
-42.75,-37.75,3.62599444389343
-42.25,-37.75,3.62116885185241
-41.75,-37.75,3.63023519515991
-41.25,-37.75,3.66460466384887
-40.75,-37.75,3.73338270187377
-40.25,-37.75,3.84280729293823
-39.75,-37.75,3.99649810791015
-39.25,-37.75,4.19623231887817
-38.75,-37.75,4.44290733337402
-38.25,-37.75,4.73722743988037
-37.75,-37.75,5.07967233657836
-37.25,-37.75,5.46970748901367
-36.75,-37.75,5.90435743331909
-36.25,-37.75,6.37648105621337
-35.75,-37.75,6.87354898452758
-35.25,-37.75,7.37736940383911
-34.75,-37.75,7.86519479751586
-34.25,-37.75,8.3120527267456
-33.75,-37.75,8.69401454925537
-33.25,-37.75,8.99149703979492
-32.75,-37.75,9.19190597534179
-32.25,-37.75,9.29104900360107
-31.75,-37.75,9.29297256469726
-31.25,-37.75,9.20850658416748
-30.75,-37.75,9.05309963226318
-30.25,-37.75,8.84450531005859
-29.75,-37.75,8.60080528259277
-29.25,-37.75,8.3391580581665
-28.75,-37.75,8.0751781463623
-28.25,-37.75,7.82288312911987
-27.75,-37.75,7.59486293792724
-27.25,-37.75,7.40252590179443
-26.75,-37.75,7.2563452720642
-26.25,-37.75,7.16601657867431
-25.75,-37.75,7.14063072204589
-25.25,-37.75,7.18873643875122
-24.75,-37.75,7.31850528717041
-24.25,-37.75,7.5379581451416
-23.75,-37.75,7.85512399673461
-23.25,-37.75,8.27824401855468
-22.75,-37.75,8.81591892242431
-22.25,-37.75,9.47720909118652
-21.75,-37.75,10.2715520858764
-21.25,-37.75,11.2084465026855
-20.75,-37.75,12.2968816757202
-20.25,-37.75,13.5444774627685
-19.75,-37.75,14.9561176300048
-19.25,-37.75,16.5324420928955
-18.75,-37.75,18.2680950164794
-18.25,-37.75,20.1499004364013
-17.75,-37.75,22.155569076538
-17.25,-37.75,24.2530059814453
-16.75,-37.75,26.4007129669189
-16.25,-37.75,28.5491523742675
-15.75,-37.75,30.6432495117187
-15.25,-37.75,32.6258964538574
-14.75,-37.75,34.4420623779296
-14.25,-37.75,36.0429573059082
-13.75,-37.75,37.3900413513183
-13.25,-37.75,38.4579620361328
-12.75,-37.75,39.2368049621582
-12.25,-37.75,39.7328872680664
-11.75,-37.75,39.968448638916
-11.25,-37.75,39.980411529541
-10.75,-37.75,39.8180541992187
-10.25,-37.75,39.5401573181152
-9.75,-37.75,39.2120285034179
-9.25,-37.75,38.9021835327148
-8.75,-37.75,38.6790466308593
-8.25,-37.75,38.6081352233886
-7.75,-37.75,38.7493171691894
-7.25,-37.75,39.1546020507812
-6.75,-37.75,39.8656730651855
-6.25,-37.75,40.9122734069824
-5.75,-37.75,42.3103218078613
-5.25,-37.75,44.0598373413085
-4.75,-37.75,46.1429252624511
-4.25,-37.75,48.5220146179199
-3.75,-37.75,51.1387748718261
-3.25,-37.75,53.9146614074707
-2.75,-37.75,56.7539939880371
-2.25,-37.75,59.5501708984375
-1.75,-37.75,62.1949958801269
-1.25,-37.75,64.5901184082031
-0.75,-37.75,66.6591110229492
-0.25,-37.75,68.3582077026367
0.25,-37.75,69.6826858520507
0.75,-37.75,70.6680679321289
1.25,-37.75,71.3856430053711
1.75,-37.75,71.932861328125
2.25,-37.75,72.420913696289
2.75,-37.75,72.9610595703125
3.25,-37.75,73.6521911621093
3.75,-37.75,74.5710983276367
4.25,-37.75,75.7660903930664
4.75,-37.75,77.2536849975586
5.25,-37.75,79.0186767578125
5.75,-37.75,81.0165863037109
6.25,-37.75,83.1786499023437
6.75,-37.75,85.4185714721679
7.25,-37.75,87.6407699584961
7.75,-37.75,89.7488403320312
8.25,-37.75,91.6541137695312
8.75,-37.75,93.282470703125
9.25,-37.75,94.5790481567382
9.75,-37.75,95.510627746582
10.25,-37.75,96.0648880004882
10.75,-37.75,96.2482070922851
11.25,-37.75,96.0819396972656
11.75,-37.75,95.5981979370117
12.25,-37.75,94.8357772827148
12.75,-37.75,93.837043762207
13.25,-37.75,92.6454544067382
13.75,-37.75,91.3039093017578
14.25,-37.75,89.8539733886718
14.75,-37.75,88.3349533081054
15.25,-37.75,86.7837295532226
15.75,-37.75,85.2340621948242
16.25,-37.75,83.7159118652343
16.75,-37.75,82.2540054321289
17.25,-37.75,80.8667068481445
17.75,-37.75,79.5642166137695
18.25,-37.75,78.347297668457
18.75,-37.75,77.2062454223632
19.25,-37.75,76.1204452514648
19.75,-37.75,75.0590057373046
20.25,-37.75,73.9823989868164
20.75,-37.75,72.8448410034179
21.25,-37.75,71.5981750488281
21.75,-37.75,70.1956710815429
22.25,-37.75,68.5966415405273
22.75,-37.75,66.7703094482421
23.25,-37.75,64.6990737915039
23.75,-37.75,62.3807373046875
24.25,-37.75,59.8292427062988
24.75,-37.75,57.074047088623
25.25,-37.75,54.1577033996582
25.75,-37.75,51.1326217651367
26.25,-37.75,48.0569419860839
26.75,-37.75,44.9899368286132
27.25,-37.75,41.9876480102539
27.75,-37.75,39.0990905761718
28.25,-37.75,36.3630828857421
28.75,-37.75,33.8062896728515
29.25,-37.75,31.4422016143798
29.75,-37.75,29.271162033081
30.25,-37.75,27.2813625335693
30.75,-37.75,25.4508686065673
31.25,-37.75,23.7505092620849
31.75,-37.75,22.1472568511962
32.25,-37.75,20.6084613800048
32.75,-37.75,19.1058769226074
33.25,-37.75,17.6192989349365
33.75,-37.75,16.1391658782959
34.25,-37.75,14.6675281524658
34.75,-37.75,13.2173137664794
35.25,-37.75,11.8097448348999
35.75,-37.75,10.4705867767333
36.25,-37.75,9.22600269317627
36.75,-37.75,8.09850120544433
37.25,-37.75,7.10420036315918
37.75,-37.75,6.2513632774353
38.25,-37.75,5.54045152664184
38.75,-37.75,4.9652042388916
39.25,-37.75,4.51437330245971
39.75,-37.75,4.17353582382202
40.25,-37.75,3.92639422416687
40.75,-37.75,3.7557623386383
41.25,-37.75,3.64398384094238
41.75,-37.75,3.57314658164978
42.25,-37.75,3.52546691894531
42.75,-37.75,3.48396563529968
43.25,-37.75,3.43322587013244
43.75,-37.75,3.36051988601684
44.25,-37.75,3.25759387016296
44.75,-37.75,3.121422290802
-44.75,-37.25,3.68266439437866
-44.25,-37.25,3.7488694190979
-43.75,-37.25,3.76297736167907
-43.25,-37.25,3.74320411682128
-42.75,-37.25,3.70620489120483
-42.25,-37.25,3.66649532318115
-41.75,-37.25,3.63836932182312
-41.25,-37.25,3.6349012851715
-40.75,-37.25,3.66669344902038
-40.25,-37.25,3.74126100540161
-39.75,-37.25,3.86324024200439
-39.25,-37.25,4.0351243019104
-38.75,-37.25,4.25823783874511
-38.25,-37.25,4.53348207473754
-37.75,-37.25,4.86145496368408
-37.25,-37.25,5.24184989929199
-36.75,-37.25,5.67228031158447
-36.25,-37.25,6.14673042297363
-35.75,-37.25,6.65435791015625
-35.25,-37.25,7.17908811569213
-34.75,-37.25,7.70032596588134
-34.25,-37.25,8.19483375549316
-33.75,-37.25,8.63948631286621
-33.25,-37.25,9.01421928405761
-32.75,-37.25,9.30452919006347
-32.25,-37.25,9.50303173065185
-31.75,-37.25,9.60974311828613
-31.25,-37.25,9.63116073608398
-30.75,-37.25,9.57863235473632
-30.25,-37.25,9.4665241241455
-29.75,-37.25,9.31049251556396
-29.25,-37.25,9.12628936767578
-28.75,-37.25,8.92908763885498
-28.25,-37.25,8.73323154449462
-27.75,-37.25,8.55224227905273
-27.25,-37.25,8.39895629882812
-26.75,-37.25,8.28562641143798
-26.25,-37.25,8.2240571975708
-25.75,-37.25,8.22570323944091
-25.25,-37.25,8.3017292022705
-24.75,-37.25,8.46310520172119
-24.25,-37.25,8.72080707550048
-23.75,-37.25,9.08593273162841
-23.25,-37.25,9.5698595046997
-22.75,-37.25,10.1843528747558
-22.25,-37.25,10.9416322708129
-21.75,-37.25,11.8542222976684
-21.25,-37.25,12.9345254898071
-20.75,-37.25,14.1941967010498
-20.25,-37.25,15.6431293487548
-19.75,-37.25,17.2879371643066
-19.25,-37.25,19.1302528381347
-18.75,-37.25,21.1647567749023
-18.25,-37.25,23.3771438598632
-17.75,-37.25,25.7425384521484
-17.25,-37.25,28.2246837615966
-16.75,-37.25,30.7762737274169
-16.25,-37.25,33.3403739929199
-15.75,-37.25,35.853271484375
-15.25,-37.25,38.2483825683593
-14.75,-37.25,40.4610710144043
-14.25,-37.25,42.4335975646972
-13.75,-37.25,44.1199760437011
-13.25,-37.25,45.4895668029785
-12.75,-37.25,46.529800415039
-12.25,-37.25,47.2471733093261
-11.75,-37.25,47.6669731140136
-11.25,-37.25,47.8316421508789
-10.75,-37.25,47.7977828979492
-10.25,-37.25,47.6328620910644
-9.75,-37.25,47.4114074707031
-9.25,-37.25,47.2111206054687
-8.75,-37.25,47.1092414855957
-8.25,-37.25,47.1793174743652
-7.75,-37.25,47.4883613586425
-7.25,-37.25,48.0945816040039
-6.75,-37.25,49.0447463989257
-6.25,-37.25,50.372459411621
-5.75,-37.25,52.0960540771484
-5.25,-37.25,54.2161407470703
-4.75,-37.25,56.7131690979003
-4.25,-37.25,59.5452613830566
-3.75,-37.25,62.6470642089843
-3.25,-37.25,65.9303588867187
-2.75,-37.25,69.2874908447265
-2.25,-37.25,72.5986633300781
-1.75,-37.25,75.7419738769531
-1.25,-37.25,78.606330871582
-0.75,-37.25,81.1044769287109
-0.25,-37.25,83.1847610473632
0.25,-37.25,84.8381195068359
0.75,-37.25,86.0994720458984
1.25,-37.25,87.0432968139648
1.75,-37.25,87.7733840942382
2.25,-37.25,88.4096221923828
2.75,-37.25,89.0737380981445
3.25,-37.25,89.8753967285156
3.75,-37.25,90.9021224975586
4.25,-37.25,92.2118148803711
4.75,-37.25,93.8295059204101
5.25,-37.25,95.7467956542968
5.75,-37.25,97.9245910644531
6.25,-37.25,100.297645568847
6.75,-37.25,102.781349182128
7.25,-37.25,105.279487609863
7.75,-37.25,107.692749023437
8.25,-37.25,109.926795959472
8.75,-37.25,111.899497985839
9.25,-37.25,113.546104431152
9.75,-37.25,114.822052001953
10.25,-37.25,115.703735351562
10.75,-37.25,116.186820983886
11.25,-37.25,116.283554077148
11.75,-37.25,116.018890380859
12.25,-37.25,115.426773071289
12.75,-37.25,114.546813964843
13.25,-37.25,113.421630859375
13.75,-37.25,112.094635009765
14.25,-37.25,110.608840942382
14.75,-37.25,109.005752563476
15.25,-37.25,107.32469177246
15.75,-37.25,105.60196685791
16.25,-37.25,103.869956970214
16.75,-37.25,102.155532836914
17.25,-37.25,100.478858947753
17.75,-37.25,98.8512802124023
18.25,-37.25,97.2739944458007
18.75,-37.25,95.7373123168945
19.25,-37.25,94.2197875976562
19.75,-37.25,92.6894607543945
20.25,-37.25,91.105354309082
20.75,-37.25,89.4207153320312
21.25,-37.25,87.5865859985351
21.75,-37.25,85.5563812255859
22.25,-37.25,83.290657043457
22.75,-37.25,80.7611083984375
23.25,-37.25,77.9537353515625
23.75,-37.25,74.8712844848632
24.25,-37.25,71.5337371826171
24.75,-37.25,67.9774856567382
25.25,-37.25,64.2527389526367
25.75,-37.25,60.4199447631835
26.25,-37.25,56.5455207824707
26.75,-37.25,52.6968421936035
27.25,-37.25,48.9376182556152
27.75,-37.25,45.3238868713378
28.25,-37.25,41.9005470275878
28.75,-37.25,38.6992759704589
29.25,-37.25,35.7375373840332
29.75,-37.25,33.0185508728027
30.25,-37.25,30.5324192047119
30.75,-37.25,28.2582302093505
31.25,-37.25,26.1669921875
31.75,-37.25,24.2249069213867
32.25,-37.25,22.3974609375
32.75,-37.25,20.6534519195556
33.25,-37.25,18.9684734344482
33.75,-37.25,17.327709197998
34.25,-37.25,15.7271499633789
34.75,-37.25,14.1733446121215
35.25,-37.25,12.6813306808471
35.75,-37.25,11.2713966369628
36.25,-37.25,9.96525287628173
36.75,-37.25,8.78217411041259
37.25,-37.25,7.73622846603393
37.75,-37.25,6.83461332321167
38.25,-37.25,6.07740545272827
38.75,-37.25,5.45833158493042
39.25,-37.25,4.96621894836425
39.75,-37.25,4.58666896820068
40.25,-37.25,4.30328845977783
40.75,-37.25,4.0987229347229
41.25,-37.25,3.9551818370819
41.75,-37.25,3.85476279258728
42.25,-37.25,3.77988910675048
42.75,-37.25,3.71398735046386
43.25,-37.25,3.64213228225708
43.75,-37.25,3.55202794075012
44.25,-37.25,3.43567728996276
44.75,-37.25,3.29006576538085
-44.75,-36.75,3.89023494720459
-44.25,-36.75,3.95250344276428
-43.75,-36.75,3.95432114601135
-43.25,-36.75,3.91571474075317
-42.75,-36.75,3.85509133338928
-42.25,-36.75,3.78850245475769
-41.75,-36.75,3.73168516159057
-41.25,-36.75,3.69903635978698
-40.75,-36.75,3.70235562324523
-40.25,-36.75,3.75018882751464
-39.75,-36.75,3.84795665740966
-39.25,-36.75,3.99861454963684
-38.75,-36.75,4.20356798171997
-38.25,-36.75,4.46342802047729
-37.75,-36.75,4.77827358245849
-37.25,-36.75,5.14730834960937
-36.75,-36.75,5.56801891326904
-36.25,-36.75,6.0349473953247
-35.75,-36.75,6.53867721557617
-35.25,-36.75,7.06540346145629
-34.75,-36.75,7.5973744392395
-34.25,-36.75,8.11427021026611
-33.75,-36.75,8.59537982940673
-33.25,-36.75,9.02202129364013
-32.75,-36.75,9.37970352172851
-32.25,-36.75,9.65960884094238
-31.75,-36.75,9.85912418365478
-31.25,-36.75,9.98134708404541
-30.75,-36.75,10.0339851379394
-30.25,-36.75,10.0279750823974
-29.75,-36.75,9.97613334655761
-29.25,-36.75,9.89210414886474
-28.75,-36.75,9.78973388671875
-28.25,-36.75,9.68278884887695
-27.75,-36.75,9.58486747741699
-27.25,-36.75,9.50943756103515
-26.75,-36.75,9.46994686126709
-26.25,-36.75,9.4798526763916
-25.75,-36.75,9.55267429351806
-25.25,-36.75,9.70200824737548
-24.75,-36.75,9.94153404235839
-24.25,-36.75,10.2851219177246
-23.75,-36.75,10.7468500137329
-23.25,-36.75,11.3411197662353
-22.75,-36.75,12.0826320648193
-22.25,-36.75,12.9864063262939
-21.75,-36.75,14.067548751831
-21.25,-36.75,15.3407592773437
-20.75,-36.75,16.8195838928222
-20.25,-36.75,18.5153446197509
-19.75,-36.75,20.4354743957519
-19.25,-36.75,22.5817337036132
-18.75,-36.75,24.9480400085449
-18.25,-36.75,27.5184135437011
-17.75,-36.75,30.2651844024658
-17.25,-36.75,33.148193359375
-16.75,-36.75,36.1151161193847
-16.25,-36.75,39.1030693054199
-15.75,-36.75,42.041648864746
-15.25,-36.75,44.8572425842285
-14.75,-36.75,47.4783096313476
-14.25,-36.75,49.8408775329589
-13.75,-36.75,51.8937530517578
-13.25,-36.75,53.6026153564453
-12.75,-36.75,54.9528579711914
-12.25,-36.75,55.9508590698242
-11.75,-36.75,56.623477935791
-11.25,-36.75,57.0162162780761
-10.75,-36.75,57.1901664733886
-10.25,-36.75,57.2181549072265
-9.75,-36.75,57.1808204650878
-9.25,-36.75,57.1624221801757
-8.75,-36.75,57.2469215393066
-8.25,-36.75,57.5146102905273
-7.75,-36.75,58.0391235351562
-7.25,-36.75,58.8848686218261
-6.75,-36.75,60.1041412353515
-6.25,-36.75,61.7351264953613
-5.75,-36.75,63.7994346618652
-5.25,-36.75,66.2991867065429
-4.75,-36.75,69.2141723632812
-4.25,-36.75,72.4995727539062
-3.75,-36.75,76.0846405029296
-3.25,-36.75,79.8734893798828
-2.75,-36.75,83.7491912841796
-2.25,-36.75,87.5813293457031
-1.75,-36.75,91.2372283935546
-1.25,-36.75,94.5952911376953
-0.75,-36.75,97.5590133666992
-0.25,-36.75,100.069198608398
0.25,-36.75,102.111686706542
0.75,-36.75,103.718940734863
1.25,-36.75,104.96580505371
1.75,-36.75,105.959487915039
2.25,-36.75,106.8257522583
2.75,-36.75,107.69440460205
3.25,-36.75,108.684844970703
3.75,-36.75,109.894950866699
4.25,-36.75,111.393188476562
4.75,-36.75,113.214691162109
5.25,-36.75,115.360168457031
5.75,-36.75,117.798233032226
6.25,-36.75,120.469627380371
6.75,-36.75,123.293144226074
7.25,-36.75,126.173423767089
7.75,-36.75,129.008422851562
8.25,-36.75,131.69790649414
8.75,-36.75,134.150314331054
9.25,-36.75,136.288650512695
9.75,-36.75,138.054397583007
10.25,-36.75,139.409103393554
10.75,-36.75,140.334259033203
11.25,-36.75,140.829208374023
11.75,-36.75,140.908721923828
12.25,-36.75,140.599029541015
12.75,-36.75,139.934921264648
13.25,-36.75,138.95654296875
13.75,-36.75,137.70701599121
14.25,-36.75,136.230606079101
14.75,-36.75,134.570877075195
15.25,-36.75,132.769653320312
15.75,-36.75,130.865814208984
16.25,-36.75,128.89402770996
16.75,-36.75,126.882942199707
17.25,-36.75,124.853759765625
17.75,-36.75,122.818222045898
18.25,-36.75,120.777526855468
18.75,-36.75,118.72119140625
19.25,-36.75,116.62727355957
19.75,-36.75,114.463310241699
20.25,-36.75,112.188667297363
20.75,-36.75,109.757682800292
21.25,-36.75,107.123985290527
21.75,-36.75,104.245056152343
22.25,-36.75,101.086822509765
22.75,-36.75,97.6276168823242
23.25,-36.75,93.8612365722656
23.75,-36.75,89.7987518310546
24.25,-36.75,85.4687881469726
24.75,-36.75,80.9164199829101
25.25,-36.75,76.2003860473632
25.75,-36.75,71.3892974853515
26.25,-36.75,66.5572509765625
26.75,-36.75,61.7788314819335
27.25,-36.75,57.1244926452636
27.75,-36.75,52.6563644409179
28.25,-36.75,48.4248123168945
28.75,-36.75,44.4662284851074
29.25,-36.75,40.8019752502441
29.75,-36.75,37.4383201599121
30.25,-36.75,34.3675575256347
30.75,-36.75,31.5701751708984
31.25,-36.75,29.0176410675048
31.75,-36.75,26.6755905151367
32.25,-36.75,24.5077247619628
32.75,-36.75,22.479694366455
33.25,-36.75,20.5624465942382
33.75,-36.75,18.7350788116455
34.25,-36.75,16.9863948822021
34.75,-36.75,15.3150854110717
35.25,-36.75,13.7283458709716
35.75,-36.75,12.2392482757568
36.25,-36.75,10.8634881973266
36.75,-36.75,9.61579990386962
37.25,-36.75,8.50730895996093
37.75,-36.75,7.5436315536499
38.25,-36.75,6.72431468963623
38.75,-36.75,6.04319620132446
39.25,-36.75,5.48949575424194
39.75,-36.75,5.04922580718994
40.25,-36.75,4.70635509490966
40.75,-36.75,4.44388723373413
41.25,-36.75,4.24451065063476
41.75,-36.75,4.09105634689331
42.25,-36.75,3.96698069572448
42.75,-36.75,3.8569757938385
43.25,-36.75,3.74743008613586
43.75,-36.75,3.62715053558349
44.25,-36.75,3.48877501487731
44.75,-36.75,3.32930779457092
-44.75,-36.25,4.17267799377441
-44.25,-36.25,4.23628234863281
-43.75,-36.25,4.23140954971313
-43.25,-36.25,4.18016719818115
-42.75,-36.25,4.10273361206054
-42.25,-36.25,4.01648569107055
-41.75,-36.25,3.93829703330993
-41.25,-36.25,3.88359975814819
-40.75,-36.25,3.86513757705688
-40.25,-36.25,3.89229130744934
-39.75,-36.25,3.97112941741943
-39.25,-36.25,4.10493326187133
-38.75,-36.25,4.29499435424804
-38.25,-36.25,4.54135942459106
-37.75,-36.25,4.84318828582763
-37.25,-36.25,5.19870138168335
-36.75,-36.25,5.6047043800354
-36.25,-36.25,6.0557951927185
-35.75,-36.25,6.54365110397338
-35.25,-36.25,7.05669832229614
-34.75,-36.25,7.58038616180419
-34.25,-36.25,8.09815311431884
-33.75,-36.25,8.59297084808349
-33.25,-36.25,9.04915618896484
-32.75,-36.25,9.45402908325195
-32.25,-36.25,9.79912281036377
-31.75,-36.25,10.0807485580444
-31.25,-36.25,10.2997913360595
-30.75,-36.25,10.4610223770141
-30.25,-36.25,10.5721940994262
-29.75,-36.25,10.6430501937866
-29.25,-36.25,10.6845817565917
-28.75,-36.25,10.7085552215576
-28.25,-36.25,10.7272729873657
-27.75,-36.25,10.7535352706909
-27.25,-36.25,10.8006801605224
-26.75,-36.25,10.8826379776
-26.25,-36.25,11.0139656066894
-25.75,-36.25,11.2098245620727
-25.25,-36.25,11.4859161376953
-24.75,-36.25,11.8583717346191
-24.25,-36.25,12.3437566757202
-23.75,-36.25,12.9589414596557
-23.25,-36.25,13.7210845947265
-22.75,-36.25,14.6475076675415
-22.25,-36.25,15.7555856704711
-21.75,-36.25,17.06245803833
-21.25,-36.25,18.5844192504882
-20.75,-36.25,20.3361129760742
-20.25,-36.25,22.3293895721435
-19.75,-36.25,24.5716133117675
-19.25,-36.25,27.0637683868408
-18.75,-36.25,29.7983570098876
-18.25,-36.25,32.7571792602539
-17.75,-36.25,35.9097251892089
-17.25,-36.25,39.2122993469238
-16.75,-36.25,42.6086235046386
-16.25,-36.25,46.0314826965332
-15.75,-36.25,49.4060020446777
-15.25,-36.25,52.6542816162109
-14.75,-36.25,55.700885772705
-14.25,-36.25,58.4783592224121
-13.75,-36.25,60.9328117370605
-13.25,-36.25,63.0278663635253
-12.75,-36.25,64.7475662231445
-12.25,-36.25,66.097541809082
-11.75,-36.25,67.1044921875
-11.25,-36.25,67.8143539428711
-10.75,-36.25,68.2892227172851
-10.25,-36.25,68.6035614013671
-9.75,-36.25,68.8405303955078
-9.25,-36.25,69.087646484375
-8.75,-36.25,69.4330444335937
-8.25,-36.25,69.9620513916015
-7.75,-36.25,70.753791809082
-7.25,-36.25,71.8785552978515
-6.75,-36.25,73.394416809082
-6.25,-36.25,75.3446502685546
-5.75,-36.25,77.7549743652343
-5.25,-36.25,80.6300735473632
-4.75,-36.25,83.9505538940429
-4.25,-36.25,87.6704940795898
-3.75,-36.25,91.7160949707031
-3.25,-36.25,95.9869689941406
-2.75,-36.25,100.360252380371
-2.25,-36.25,104.699020385742
-1.75,-36.25,108.863510131835
-1.25,-36.25,112.725067138671
-0.75,-36.25,116.180221557617
-0.25,-36.25,119.163337707519
0.25,-36.25,121.654609680175
0.75,-36.25,123.68211364746
1.25,-36.25,125.31827545166
1.75,-36.25,126.670066833496
2.25,-36.25,127.865837097167
2.75,-36.25,129.040603637695
3.25,-36.25,130.321350097656
3.75,-36.25,131.815658569335
4.25,-36.25,133.602828979492
4.75,-36.25,135.7294921875
5.25,-36.25,138.207412719726
5.75,-36.25,141.015350341796
6.25,-36.25,144.10220336914
6.75,-36.25,147.392364501953
7.25,-36.25,150.792297363281
7.75,-36.25,154.198120117187
8.25,-36.25,157.502868652343
8.75,-36.25,160.604232788085
9.25,-36.25,163.410461425781
9.75,-36.25,165.845825195312
10.25,-36.25,167.853134155273
10.75,-36.25,169.395217895507
11.25,-36.25,170.454605102539
11.75,-36.25,171.031539916992
12.25,-36.25,171.141372680664
12.75,-36.25,170.811096191406
13.25,-36.25,170.076675415039
13.75,-36.25,168.979843139648
14.25,-36.25,167.565505981445
14.75,-36.25,165.879364013671
15.25,-36.25,163.965927124023
15.75,-36.25,161.866744995117
16.25,-36.25,159.618881225585
16.75,-36.25,157.252563476562
17.25,-36.25,154.789489746093
17.75,-36.25,152.2412109375
18.25,-36.25,149.608154296875
18.75,-36.25,146.879180908203
19.25,-36.25,144.031906127929
19.75,-36.25,141.03466796875
20.25,-36.25,137.849090576171
20.75,-36.25,134.433837890625
21.25,-36.25,130.748931884765
21.75,-36.25,126.760375976562
22.25,-36.25,122.444534301757
22.75,-36.25,117.791297912597
23.25,-36.25,112.806701660156
23.75,-36.25,107.514083862304
24.25,-36.25,101.953826904296
24.75,-36.25,96.1815872192382
25.25,-36.25,90.2656173706054
25.75,-36.25,84.2828216552734
26.25,-36.25,78.3143463134765
26.75,-36.25,72.4411544799804
27.25,-36.25,66.7392578125
27.75,-36.25,61.2758827209472
28.25,-36.25,56.1059646606445
28.75,-36.25,51.2700653076171
29.25,-36.25,46.7929725646972
29.75,-36.25,42.6838722229003
30.25,-36.25,38.9370880126953
30.75,-36.25,35.5342559814453
31.25,-36.25,32.4470977783203
31.75,-36.25,29.6402893066406
32.25,-36.25,27.0753211975097
32.75,-36.25,24.7141952514648
33.25,-36.25,22.5225849151611
33.75,-36.25,20.472822189331
34.25,-36.25,18.545669555664
34.75,-36.25,16.7309856414794
35.25,-36.25,15.0270347595214
35.75,-36.25,13.4385337829589
36.25,-36.25,11.9740362167358
36.75,-36.25,10.6427774429321
37.25,-36.25,9.45216274261474
37.75,-36.25,8.40578269958496
38.25,-36.25,7.50246953964233
38.75,-36.25,6.73623514175415
39.25,-36.25,6.09694337844848
39.75,-36.25,5.57141637802124
40.25,-36.25,5.14445638656616
40.75,-36.25,4.7999472618103
41.25,-36.25,4.52160549163818
41.75,-36.25,4.29354810714721
42.25,-36.25,4.10079383850097
42.75,-36.25,3.92975711822509
43.25,-36.25,3.76850056648254
43.75,-36.25,3.60714983940124
44.25,-36.25,3.43899965286254
44.75,-36.25,3.2608745098114
-44.75,-35.75,4.56024026870727
-44.25,-35.75,4.63198471069335
-43.75,-35.75,4.62696409225463
-43.25,-35.75,4.56949377059936
-42.75,-35.75,4.48144054412841
-42.25,-35.75,4.38125944137573
-41.75,-35.75,4.28672981262207
-41.25,-35.75,4.21411037445068
-40.75,-35.75,4.1769585609436
-40.25,-35.75,4.1854190826416
-39.75,-35.75,4.24617576599121
-39.25,-35.75,4.36282587051391
-38.75,-35.75,4.53653383255004
-38.25,-35.75,4.76673650741577
-37.75,-35.75,5.05158185958862
-37.25,-35.75,5.38815259933471
-36.75,-35.75,5.772385597229
-36.25,-35.75,6.19872903823852
-35.75,-35.75,6.65980768203735
-35.25,-35.75,7.14627742767334
-34.75,-35.75,7.64702939987182
-34.25,-35.75,8.14978981018066
-33.75,-35.75,8.64208221435546
-33.25,-35.75,9.11241340637207
-32.75,-35.75,9.55130195617675
-32.25,-35.75,9.95209598541259
-31.75,-35.75,10.311406135559
-31.25,-35.75,10.6290216445922
-30.75,-35.75,10.9075536727905
-30.25,-35.75,11.1518993377685
-29.75,-35.75,11.3686971664428
-29.25,-35.75,11.5659141540527
-28.75,-35.75,11.7526168823242
-28.25,-35.75,11.9389152526855
-27.75,-35.75,12.136037826538
-27.25,-35.75,12.3564329147338
-26.75,-35.75,12.6138353347778
-26.25,-35.75,12.923300743103
-25.75,-35.75,13.3011255264282
-25.25,-35.75,13.764666557312
-24.75,-35.75,14.3321342468261
-24.25,-35.75,15.0224208831787
-23.75,-35.75,15.8548507690429
-23.25,-35.75,16.8489437103271
-22.75,-35.75,18.0242004394531
-22.25,-35.75,19.3998413085937
-21.75,-35.75,20.9944038391113
-21.25,-35.75,22.8251094818115
-20.75,-35.75,24.9069480895996
-20.25,-35.75,27.2515563964843
-19.75,-35.75,29.8654537200927
-19.25,-35.75,32.7482299804687
-18.75,-35.75,35.8904647827148
-18.25,-35.75,39.2715911865234
-17.75,-35.75,42.8583755493164
-17.25,-35.75,46.6043243408203
-16.75,-35.75,50.4502944946289
-16.25,-35.75,54.3265037536621
-15.75,-35.75,58.1559524536132
-15.25,-35.75,61.859073638916
-14.75,-35.75,65.3592681884765
-14.25,-35.75,68.5883483886718
-13.75,-35.75,71.4919128417968
-13.25,-35.75,74.0330123901367
-12.75,-35.75,76.1947326660156
-12.25,-35.75,77.9813003540039
-11.75,-35.75,79.4175186157226
-11.25,-35.75,80.5468444824218
-10.75,-35.75,81.4288253784179
-10.25,-35.75,82.1358337402343
-9.75,-35.75,82.7495193481445
-9.25,-35.75,83.3571624755859
-8.75,-35.75,84.0480651855468
-8.25,-35.75,84.9102630615234
-7.75,-35.75,86.0269012451171
-7.25,-35.75,87.4733810424804
-6.75,-35.75,89.3131866455078
-6.25,-35.75,91.5952072143554
-5.75,-35.75,94.3498916625976
-5.25,-35.75,97.585823059082
-4.75,-35.75,101.286178588867
-4.25,-35.75,105.406196594238
-3.75,-35.75,109.87222290039
-3.25,-35.75,114.583129882812
-2.75,-35.75,119.4146194458
-2.25,-35.75,124.227996826171
-1.75,-35.75,128.881118774414
-1.25,-35.75,133.242309570312
-0.75,-35.75,137.204330444335
-0.25,-35.75,140.696594238281
0.25,-35.75,143.693756103515
0.75,-35.75,146.218002319335
1.25,-35.75,148.336471557617
1.75,-35.75,150.152297973632
2.25,-35.75,151.792602539062
2.75,-35.75,153.394165039062
3.25,-35.75,155.088989257812
3.75,-35.75,156.992767333984
4.25,-35.75,159.195480346679
4.75,-35.75,161.755874633789
5.25,-35.75,164.69839477539
5.75,-35.75,168.013946533203
6.25,-35.75,171.661804199218
6.75,-35.75,175.573806762695
7.25,-35.75,179.659851074218
7.75,-35.75,183.814529418945
8.25,-35.75,187.924087524414
8.75,-35.75,191.873901367187
9.25,-35.75,195.555114746093
9.75,-35.75,198.871139526367
10.25,-35.75,201.741790771484
10.75,-35.75,204.106582641601
11.25,-35.75,205.925903320312
11.75,-35.75,207.180892944335
12.25,-35.75,207.871276855468
12.75,-35.75,208.013107299804
13.25,-35.75,207.635711669921
13.75,-35.75,206.777481079101
14.25,-35.75,205.48355102539
14.75,-35.75,203.801528930664
15.25,-35.75,201.779312133789
15.75,-35.75,199.461639404296
16.25,-35.75,196.888137817382
16.75,-35.75,194.090759277343
17.25,-35.75,191.091674804687
17.75,-35.75,187.902038574218
18.25,-35.75,184.521270751953
18.75,-35.75,180.937469482421
19.25,-35.75,177.128799438476
19.75,-35.75,173.065551757812
20.25,-35.75,168.71418762207
20.75,-35.75,164.041137695312
21.25,-35.75,159.017333984375
21.75,-35.75,153.622283935546
22.25,-35.75,147.848022460937
22.75,-35.75,141.701522827148
23.25,-35.75,135.205993652343
23.75,-35.75,128.401214599609
24.25,-35.75,121.342460632324
24.75,-35.75,114.09838104248
25.25,-35.75,106.747863769531
25.75,-35.75,99.376350402832
26.25,-35.75,92.0718460083007
26.75,-35.75,84.9205780029296
27.25,-35.75,78.0031356811523
27.75,-35.75,71.3906555175781
28.25,-35.75,65.1415557861328
28.75,-35.75,59.2995338439941
29.25,-35.75,53.8921546936035
29.75,-35.75,48.9306945800781
30.25,-35.75,44.4108161926269
30.75,-35.75,40.3146667480468
31.25,-35.75,36.6134338378906
31.75,-35.75,33.2700576782226
32.25,-35.75,30.2430763244628
32.75,-35.75,27.4900875091552
33.25,-35.75,24.9709167480468
33.75,-35.75,22.6506385803222
34.25,-35.75,20.5015354156494
34.75,-35.75,18.5041961669921
35.25,-35.75,16.6474514007568
35.75,-35.75,14.9270963668823
36.25,-35.75,13.3439083099365
36.75,-35.75,11.9009504318237
37.25,-35.75,10.6013355255126
37.75,-35.75,9.44614887237548
38.25,-35.75,8.43324470520019
38.75,-35.75,7.55676507949829
39.25,-35.75,6.80738401412963
39.75,-35.75,6.17304897308349
40.25,-35.75,5.63980150222778
40.75,-35.75,5.19281816482543
41.25,-35.75,4.81718492507934
41.75,-35.75,4.49852657318115
42.25,-35.75,4.22347784042358
42.75,-35.75,3.98007845878601
43.25,-35.75,3.75781154632568
43.75,-35.75,3.54778957366943
44.25,-35.75,3.34359645843505
44.75,-35.75,3.14152693748474
-44.75,-35.25,5.07042598724365
-44.25,-35.25,5.1593279838562
-43.75,-35.25,5.16242742538452
-43.25,-35.25,5.1061315536499
-42.75,-35.25,5.01373529434204
-42.25,-35.25,4.90446662902832
-41.75,-35.25,4.79676628112793
-41.25,-35.25,4.70759582519531
-40.75,-35.25,4.65126943588256
-40.25,-35.25,4.63871431350708
-39.75,-35.25,4.6773076057434
-39.25,-35.25,4.77108812332153
-38.75,-35.25,4.92127895355224
-38.25,-35.25,5.12692880630493
-37.75,-35.25,5.38545799255371
-37.25,-35.25,5.69311094284057
-36.75,-35.25,6.04524517059326
-36.25,-35.25,6.43641853332519
-35.75,-35.25,6.86040544509887
-35.25,-35.25,7.31028890609741
-34.75,-35.25,7.77859449386596
-34.25,-35.25,8.2576150894165
-33.75,-35.25,8.73987388610839
-33.25,-35.25,9.21865367889404
-32.75,-35.25,9.68847846984863
-32.25,-35.25,10.1454277038574
-31.75,-35.25,10.5873708724975
-31.25,-35.25,11.0138759613037
-30.75,-35.25,11.426076889038
-30.25,-35.25,11.826431274414
-29.75,-35.25,12.2186050415039
-29.25,-35.25,12.6073760986328
-28.75,-35.25,12.9987487792968
-28.25,-35.25,13.4001169204711
-27.75,-35.25,13.8205051422119
-27.25,-35.25,14.2708148956298
-26.75,-35.25,14.763931274414
-26.25,-35.25,15.3147592544555
-25.75,-35.25,15.9401035308837
-25.25,-35.25,16.6584358215332
-24.75,-35.25,17.4894847869873
-24.25,-35.25,18.453966140747
-23.75,-35.25,19.573127746582
-23.25,-35.25,20.8683395385742
-22.75,-35.25,22.360725402832
-22.25,-35.25,24.0707931518554
-21.75,-35.25,26.0179176330566
-21.25,-35.25,28.2196464538574
-20.75,-35.25,30.6907424926757
-20.25,-35.25,33.4421119689941
-19.75,-35.25,36.4790153503418
-19.25,-35.25,39.7993774414062
-18.75,-35.25,43.3917083740234
-18.25,-35.25,47.2332344055175
-17.75,-35.25,51.2885246276855
-17.25,-35.25,55.5090827941894
-16.75,-35.25,59.8343200683593
-16.25,-35.25,64.1935806274414
-15.75,-35.25,68.5097503662109
-15.25,-35.25,72.7039718627929
-14.75,-35.25,76.7008666992187
-14.25,-35.25,80.4337310791015
-13.75,-35.25,83.849365234375
-13.25,-35.25,86.9113845825195
-12.75,-35.25,89.6021652221679
-12.25,-35.25,91.9237594604492
-11.75,-35.25,93.8972091674804
-11.25,-35.25,95.5609893798828
-10.75,-35.25,96.9688034057617
-10.25,-35.25,98.1869812011718
-9.75,-35.25,99.2918472290039
-9.25,-35.25,100.366706848144
-8.75,-35.25,101.498725891113
-8.25,-35.25,102.775810241699
-7.75,-35.25,104.283172607421
-7.25,-35.25,106.099876403808
-6.75,-35.25,108.294395446777
-6.25,-35.25,110.920974731445
-5.75,-35.25,114.015701293945
-5.25,-35.25,117.592315673828
-4.75,-35.25,121.638603210449
-4.25,-35.25,126.113891601562
-3.75,-35.25,130.948410034179
-3.25,-35.25,136.044570922851
-2.75,-35.25,141.281860351562
-2.25,-35.25,146.524993896484
-1.75,-35.25,151.634872436523
-1.25,-35.25,156.481475830078
-0.75,-35.25,160.957214355468
-0.25,-35.25,164.988983154296
0.25,-35.25,168.546295166015
0.75,-35.25,171.64436340332
1.25,-35.25,174.34275817871
1.75,-35.25,176.737228393554
2.25,-35.25,178.949890136718
2.75,-35.25,181.115539550781
3.25,-35.25,183.368026733398
3.75,-35.25,185.82908630371
4.25,-35.25,188.598022460937
4.75,-35.25,191.745819091796
5.25,-35.25,195.310729980468
5.75,-35.25,199.297058105468
6.25,-35.25,203.676498413085
6.75,-35.25,208.389923095703
7.25,-35.25,213.352355957031
7.75,-35.25,218.457809448242
8.25,-35.25,223.585464477539
8.75,-35.25,228.607528686523
9.25,-35.25,233.395751953125
9.75,-35.25,237.829116821289
10.25,-35.25,241.800094604492
10.75,-35.25,245.219329833984
11.25,-35.25,248.019607543945
11.75,-35.25,250.156829833984
12.25,-35.25,251.610168457031
12.75,-35.25,252.380249023437
13.25,-35.25,252.486007690429
13.75,-35.25,251.961029052734
14.25,-35.25,250.849182128906
14.75,-35.25,249.200454711914
15.25,-35.25,247.066085815429
15.75,-35.25,244.495285034179
16.25,-35.25,241.531341552734
16.75,-35.25,238.20864868164
17.25,-35.25,234.550262451171
17.75,-35.25,230.567077636718
18.25,-35.25,226.257858276367
18.75,-35.25,221.610275268554
19.25,-35.25,216.603881835937
19.75,-35.25,211.212982177734
20.25,-35.25,205.411560058593
20.75,-35.25,199.177368164062
21.25,-35.25,192.496795654296
21.75,-35.25,185.368392944335
22.25,-35.25,177.805282592773
22.75,-35.25,169.836929321289
23.25,-35.25,161.508865356445
23.75,-35.25,152.881759643554
24.25,-35.25,144.029174804687
24.75,-35.25,135.035125732421
25.25,-35.25,125.990661621093
25.75,-35.25,116.990341186523
26.25,-35.25,108.128776550292
26.75,-35.25,99.4969177246093
27.25,-35.25,91.1787796020507
27.75,-35.25,83.2481155395507
28.25,-35.25,75.7656021118164
28.75,-35.25,68.7767944335937
29.25,-35.25,62.310749053955
29.75,-35.25,56.3796882629394
30.25,-35.25,50.9795913696289
30.75,-35.25,46.0919189453125
31.25,-35.25,41.6862869262695
31.75,-35.25,37.7229309082031
32.25,-35.25,34.1565208435058
32.75,-35.25,30.939598083496
33.25,-35.25,28.0256576538085
33.75,-35.25,25.372257232666
34.25,-35.25,22.9431629180908
34.75,-35.25,20.7097187042236
35.25,-35.25,18.6513423919677
35.75,-35.25,16.7548446655273
36.25,-35.25,15.0129823684692
36.75,-35.25,13.4222745895385
37.25,-35.25,11.9810609817504
37.75,-35.25,10.6874475479125
38.25,-35.25,9.53793239593505
38.75,-35.25,8.52656078338623
39.25,-35.25,7.64476680755615
39.75,-35.25,6.8817343711853
40.25,-35.25,6.22492122650146
40.75,-35.25,5.66093349456787
41.25,-35.25,5.17626190185546
41.75,-35.25,4.75783967971801
42.25,-35.25,4.39350509643554
42.75,-35.25,4.07231283187866
43.25,-35.25,3.78442955017089
43.75,-35.25,3.52120947837829
44.25,-35.25,3.27590942382812
44.75,-35.25,3.0438950061798
-44.75,-34.75,5.69740295410156
-44.25,-34.75,5.81463813781738
-43.75,-34.75,5.83629941940307
-43.25,-34.75,5.79044580459594
-42.75,-34.75,5.70130443572998
-42.25,-34.75,5.58839988708496
-41.75,-34.75,5.47049331665039
-41.25,-34.75,5.36505699157714
-40.75,-34.75,5.28710174560546
-40.25,-34.75,5.24839687347412
-39.75,-34.75,5.25716638565063
-39.25,-34.75,5.31816625595092
-38.75,-34.75,5.43308734893798
-38.25,-34.75,5.60114383697509
-37.75,-34.75,5.8196997642517
-37.25,-34.75,6.08492469787597
-36.75,-34.75,6.39237928390502
-36.25,-34.75,6.73743772506713
-35.75,-34.75,7.11559915542602
-35.25,-34.75,7.52272224426269
-34.75,-34.75,7.95517015457153
-34.25,-34.75,8.40982913970947
-33.75,-34.75,8.88420677185058
-33.25,-34.75,9.37639904022216
-32.75,-34.75,9.88509941101074
-32.25,-34.75,10.409475326538
-31.75,-34.75,10.9491281509399
-31.25,-34.75,11.5040025711059
-30.75,-34.75,12.0743141174316
-30.25,-34.75,12.6605987548828
-29.75,-34.75,13.2638425827026
-29.25,-34.75,13.8857564926147
-28.75,-34.75,14.5291843414306
-28.25,-34.75,15.1984939575195
-27.75,-34.75,15.9000720977783
-27.25,-34.75,16.642686843872
-26.75,-34.75,17.4377212524414
-26.25,-34.75,18.2992191314697
-25.75,-34.75,19.2438049316406
-25.25,-34.75,20.2902870178222
-24.75,-34.75,21.4592247009277
-24.25,-34.75,22.772476196289
-23.75,-34.75,24.2525310516357
-23.25,-34.75,25.9220256805419
-22.75,-34.75,27.8031158447265
-22.25,-34.75,29.917085647583
-21.75,-34.75,32.283634185791
-21.25,-34.75,34.9202537536621
-20.75,-34.75,37.8411827087402
-20.25,-34.75,41.0563583374023
-19.75,-34.75,44.5696830749511
-19.25,-34.75,48.3774681091308
-18.75,-34.75,52.4664611816406
-18.25,-34.75,56.8121719360351
-17.75,-34.75,61.3777236938476
-17.25,-34.75,66.1137161254882
-16.75,-34.75,70.959358215332
-16.25,-34.75,75.8447494506836
-15.75,-34.75,80.6945037841796
-15.25,-34.75,85.4322433471679
-14.75,-34.75,89.9856719970703
-14.25,-34.75,94.2912063598632
-13.75,-34.75,98.2981185913086
-13.25,-34.75,101.971160888671
-12.75,-34.75,105.292160034179
-12.25,-34.75,108.26025390625
-11.75,-34.75,110.891067504882
-11.25,-34.75,113.215827941894
-10.75,-34.75,115.279380798339
-10.25,-34.75,117.138610839843
-9.75,-34.75,118.860778808593
-9.25,-34.75,120.521308898925
-8.75,-34.75,122.201705932617
-8.25,-34.75,123.986701965332
-7.75,-34.75,125.960906982421
-7.25,-34.75,128.205169677734
-6.75,-34.75,130.791748046875
-6.25,-34.75,133.780303955078
-5.75,-34.75,137.212890625
-5.25,-34.75,141.10986328125
-4.75,-34.75,145.466033935546
-4.25,-34.75,150.248138427734
-3.75,-34.75,155.39419555664
-3.25,-34.75,160.815399169921
-2.75,-34.75,166.400207519531
-2.25,-34.75,172.022567749023
-1.75,-34.75,177.551696777343
-1.25,-34.75,182.86424255371
-0.75,-34.75,187.856170654296
-0.25,-34.75,192.454513549804
0.25,-34.75,196.624649047851
0.75,-34.75,200.374526977539
1.25,-34.75,203.75390625
1.75,-34.75,206.848587036132
2.25,-34.75,209.771789550781
2.75,-34.75,212.652374267578
3.25,-34.75,215.622970581054
3.75,-34.75,218.808074951171
4.25,-34.75,222.314880371093
4.75,-34.75,226.225509643554
5.25,-34.75,230.591995239257
5.75,-34.75,235.433273315429
6.25,-34.75,240.734573364257
6.75,-34.75,246.447830200195
7.25,-34.75,252.494384765625
7.75,-34.75,258.768798828125
8.25,-34.75,265.144073486328
8.75,-34.75,271.478149414062
9.25,-34.75,277.621673583984
9.75,-34.75,283.426361083984
10.25,-34.75,288.752471923828
10.75,-34.75,293.476501464843
11.25,-34.75,297.497131347656
11.75,-34.75,300.738708496093
12.25,-34.75,303.15347290039
12.75,-34.75,304.721069335937
13.25,-34.75,305.446105957031
13.75,-34.75,305.354125976562
14.25,-34.75,304.487030029296
14.75,-34.75,302.89663696289
15.25,-34.75,300.638946533203
15.75,-34.75,297.768646240234
16.25,-34.75,294.334320068359
16.75,-34.75,290.374389648437
17.25,-34.75,285.913818359375
17.75,-34.75,280.964050292968
18.25,-34.75,275.523773193359
18.75,-34.75,269.581451416015
19.25,-34.75,263.11880493164
19.75,-34.75,256.116333007812
20.25,-34.75,248.558197021484
20.75,-34.75,240.437347412109
21.25,-34.75,231.760314941406
21.75,-34.75,222.549514770507
22.25,-34.75,212.845153808593
22.75,-34.75,202.704498291015
23.25,-34.75,192.200332641601
23.75,-34.75,181.418487548828
24.25,-34.75,170.454467773437
24.75,-34.75,159.410232543945
25.25,-34.75,148.390441894531
25.75,-34.75,137.499740600585
26.25,-34.75,126.839317321777
26.75,-34.75,116.5044631958
27.25,-34.75,106.581558227539
27.75,-34.75,97.1458511352539
28.25,-34.75,88.2587738037109
28.75,-34.75,79.9662857055664
29.25,-34.75,72.2973861694336
29.75,-34.75,65.2638397216796
30.25,-34.75,58.8604545593261
30.75,-34.75,53.0669059753418
31.25,-34.75,47.8500480651855
31.75,-34.75,43.1664657592773
32.25,-34.75,38.9661521911621
32.75,-34.75,35.1960754394531
33.25,-34.75,31.8031711578369
33.75,-34.75,28.7374935150146
34.25,-34.75,25.9545230865478
34.75,-34.75,23.4167366027832
35.25,-34.75,21.0945453643798
35.75,-34.75,18.9659996032714
36.25,-34.75,17.0159225463867
36.75,-34.75,15.2341299057006
37.25,-34.75,13.6137914657592
37.75,-34.75,12.1495580673217
38.25,-34.75,10.83602809906
38.75,-34.75,9.66670131683349
39.25,-34.75,8.63339900970459
39.75,-34.75,7.72628498077392
40.25,-34.75,6.9340386390686
40.75,-34.75,6.24445724487304
41.25,-34.75,5.64504623413085
41.75,-34.75,5.12350606918335
42.25,-34.75,4.6681227684021
42.75,-34.75,4.26806354522705
43.25,-34.75,3.91321587562561
43.75,-34.75,3.59426999092102
44.25,-34.75,3.30348253250122
44.75,-34.75,3.0349531173706
-44.75,-34.25,6.4081654548645
-44.25,-34.25,6.56632423400878
-43.75,-34.25,6.61906433105468
-43.25,-34.25,6.59532165527343
-42.75,-34.25,6.51945447921752
-42.25,-34.25,6.41054916381835
-41.75,-34.25,6.28715515136718
-41.25,-34.25,6.16689205169677
-40.75,-34.25,6.06532859802246
-40.25,-34.25,5.99510765075683
-39.75,-34.25,5.96554279327392
-39.25,-34.25,5.98254680633544
-38.75,-34.25,6.04892206192016
-38.25,-34.25,6.16490316390991
-37.75,-34.25,6.32881307601928
-37.25,-34.25,6.53786754608154
-36.75,-34.25,6.78894138336181
-36.25,-34.25,7.07920742034912
-35.75,-34.25,7.4066367149353
-35.25,-34.25,7.77029943466186
-34.75,-34.25,8.17046356201171
-34.25,-34.25,8.60843563079834
-33.75,-34.25,9.08632373809814
-33.25,-34.25,9.60665416717529
-32.75,-34.25,10.1719894409179
-32.25,-34.25,10.7845039367675
-31.75,-34.25,11.4457082748413
-31.25,-34.25,12.1563024520874
-30.75,-34.25,12.9161357879638
-30.25,-34.25,13.7243595123291
-29.75,-34.25,14.5797929763793
-29.25,-34.25,15.4814329147338
-28.75,-34.25,16.4290752410888
-28.25,-34.25,17.4240131378173
-27.75,-34.25,18.4696464538574
-27.25,-34.25,19.5721035003662
-26.75,-34.25,20.7406158447265
-26.25,-34.25,21.9875736236572
-25.75,-34.25,23.3285541534423
-25.25,-34.25,24.7818717956542
-24.75,-34.25,26.3680591583251
-24.25,-34.25,28.1092987060546
-23.75,-34.25,30.0286273956298
-23.25,-34.25,32.1492576599121
-22.75,-34.25,34.4938659667968
-22.25,-34.25,37.0839920043945
-21.75,-34.25,39.9394340515136
-21.25,-34.25,43.077293395996
-20.75,-34.25,46.5112152099609
-20.25,-34.25,50.250202178955
-19.75,-34.25,54.2969970703125
-19.25,-34.25,58.646614074707
-18.75,-34.25,63.2846298217773
-18.25,-34.25,68.1855545043945
-17.75,-34.25,73.3120803833007
-17.25,-34.25,78.6149597167968
-16.75,-34.25,84.0345687866211
-16.25,-34.25,89.5031280517578
-15.75,-34.25,94.9483795166015
-15.25,-34.25,100.2978515625
-14.75,-34.25,105.483596801757
-14.25,-34.25,110.446136474609
-13.75,-34.25,115.137992858886
-13.25,-34.25,119.525505065917
-12.75,-34.25,123.589714050292
-12.25,-34.25,127.326126098632
-11.75,-34.25,130.744018554687
-11.25,-34.25,133.865203857421
-10.75,-34.25,136.72329711914
-10.25,-34.25,139.362686157226
-9.75,-34.25,141.838104248046
-9.25,-34.25,144.213592529296
-8.75,-34.25,146.561050415039
-8.25,-34.25,148.958663940429
-7.75,-34.25,151.487487792968
-7.25,-34.25,154.227706909179
-6.75,-34.25,157.254089355468
-6.25,-34.25,160.630737304687
-5.75,-34.25,164.406433105468
-5.25,-34.25,168.609710693359
-4.75,-34.25,173.244827270507
-4.25,-34.25,178.28955078125
-3.75,-34.25,183.6943359375
-3.25,-34.25,189.383987426757
-2.75,-34.25,195.261581420898
-2.25,-34.25,201.215789794921
-1.75,-34.25,207.129669189453
-1.25,-34.25,212.891204833984
-0.75,-34.25,218.404098510742
-0.25,-34.25,223.597930908203
0.25,-34.25,228.435729980468
0.75,-34.25,232.918090820312
1.25,-34.25,237.083877563476
1.75,-34.25,241.006362915039
2.25,-34.25,244.786727905273
2.75,-34.25,248.544357299804
3.25,-34.25,252.406616210937
3.75,-34.25,256.497772216796
4.25,-34.25,260.930084228515
4.75,-34.25,265.795532226562
5.25,-34.25,271.158935546875
5.75,-34.25,277.054168701171
6.25,-34.25,283.481018066406
6.75,-34.25,290.403594970703
7.25,-34.25,297.75146484375
7.75,-34.25,305.420989990234
8.25,-34.25,313.27944946289
8.75,-34.25,321.170959472656
9.25,-34.25,328.923950195312
9.75,-34.25,336.359832763671
10.25,-34.25,343.302825927734
10.75,-34.25,349.589752197265
11.25,-34.25,355.078308105468
11.75,-34.25,359.654693603515
12.25,-34.25,363.236785888671
12.75,-34.25,365.777465820312
13.25,-34.25,367.261657714843
13.75,-34.25,367.704132080078
14.25,-34.25,367.142456054687
14.75,-34.25,365.630706787109
15.25,-34.25,363.230163574218
15.75,-34.25,360.003356933593
16.25,-34.25,356.006103515625
16.75,-34.25,351.282440185546
17.25,-34.25,345.861541748046
17.75,-34.25,339.756622314453
18.25,-34.25,332.967407226562
18.75,-34.25,325.483978271484
19.25,-34.25,317.292175292968
19.75,-34.25,308.380249023437
20.25,-34.25,298.745635986328
20.75,-34.25,288.400207519531
21.25,-34.25,277.374633789062
21.75,-34.25,265.720733642578
22.25,-34.25,253.510498046875
22.75,-34.25,240.834289550781
23.25,-34.25,227.797164916992
23.75,-34.25,214.513900756835
24.25,-34.25,201.105514526367
24.75,-34.25,187.694122314453
25.25,-34.25,174.400131225585
25.75,-34.25,161.338958740234
26.25,-34.25,148.61880493164
26.75,-34.25,136.33869934082
27.25,-34.25,124.586891174316
27.75,-34.25,113.438911437988
28.25,-34.25,102.955520629882
28.75,-34.25,93.1814498901367
29.25,-34.25,84.1442489624023
29.75,-34.25,75.8536529541015
30.25,-34.25,68.3020782470703
30.75,-34.25,61.4660682678222
31.25,-34.25,55.3089332580566
31.75,-34.25,49.7827568054199
32.25,-34.25,44.8324356079101
32.75,-34.25,40.3991241455078
33.25,-34.25,36.4231719970703
33.75,-34.25,32.8474006652832
34.25,-34.25,29.6194305419921
34.75,-34.25,26.6934261322021
35.25,-34.25,24.0313091278076
35.75,-34.25,21.602819442749
36.25,-34.25,19.3850669860839
36.75,-34.25,17.3610744476318
37.25,-34.25,15.5185794830322
37.75,-34.25,13.8482265472412
38.25,-34.25,12.342074394226
38.75,-34.25,10.9923515319824
39.25,-34.25,9.79058456420898
39.75,-34.25,8.72728252410888
40.25,-34.25,7.79169034957885
40.75,-34.25,6.97215270996093
41.25,-34.25,6.25647115707397
41.75,-34.25,5.63227748870849
42.25,-34.25,5.08737850189209
42.75,-34.25,4.61005973815918
43.25,-34.25,4.18896293640136
43.75,-34.25,3.81322836875915
44.25,-34.25,3.47348523139953
44.75,-34.25,3.16229772567749
-44.75,-33.75,7.14766979217529
-44.25,-33.75,7.35957527160644
-43.75,-33.75,7.4572377204895
-43.25,-33.75,7.46939325332641
-42.75,-33.75,7.41946268081665
-42.25,-33.75,7.32515096664428
-41.75,-33.75,7.20402574539184
-41.25,-33.75,7.0733413696289
-40.75,-33.75,6.94895458221435
-40.25,-33.75,6.84441041946411
-39.75,-33.75,6.77041101455688
-39.25,-33.75,6.7346134185791
-38.75,-33.75,6.74177455902099
-38.25,-33.75,6.79419088363647
-37.75,-33.75,6.8923602104187
-37.25,-33.75,7.03578472137451
-36.75,-33.75,7.22384214401245
-36.25,-33.75,7.45649147033691
-35.75,-33.75,7.73484230041503
-35.25,-33.75,8.06148719787597
-34.75,-33.75,8.440523147583
-34.25,-33.75,8.87729358673095
-33.75,-33.75,9.37794876098632
-33.25,-33.75,9.94884490966796
-32.75,-33.75,10.595947265625
-32.25,-33.75,11.3242330551147
-31.75,-33.75,12.1371898651123
-31.25,-33.75,13.0366144180297
-30.75,-33.75,14.0225496292114
-30.25,-33.75,15.0934219360351
-29.75,-33.75,16.2465057373046
-29.25,-33.75,17.4785728454589
-28.75,-33.75,18.7866840362548
-28.25,-33.75,20.169038772583
-27.75,-33.75,21.6258392333984
-27.25,-33.75,23.1601238250732
-26.75,-33.75,24.7782325744628
-26.25,-33.75,26.4901237487792
-25.75,-33.75,28.3094272613525
-25.25,-33.75,30.2529983520507
-24.75,-33.75,32.3404731750488
-24.25,-33.75,34.5934982299804
-23.75,-33.75,37.0349235534668
-23.25,-33.75,39.6878814697265
-22.75,-33.75,42.5750541687011
-22.25,-33.75,45.7179222106933
-21.75,-33.75,49.136001586914
-21.25,-33.75,52.8459815979003
-20.75,-33.75,56.8608932495117
-20.25,-33.75,61.1889152526855
-19.75,-33.75,65.83203125
-19.25,-33.75,70.7844848632812
-18.75,-33.75,76.0313491821289
-18.25,-33.75,81.5470886230468
-17.75,-33.75,87.2949295043945
-17.25,-33.75,93.2270584106445
-16.75,-33.75,99.2861099243164
-16.25,-33.75,105.407623291015
-15.75,-33.75,111.52359008789
-15.25,-33.75,117.566314697265
-14.75,-33.75,123.472930908203
-14.25,-33.75,129.188644409179
-13.75,-33.75,134.66958618164
-13.25,-33.75,139.883666992187
-12.75,-33.75,144.811065673828
-12.25,-33.75,149.443359375
-11.75,-33.75,153.782287597656
-11.25,-33.75,157.83918762207
-10.75,-33.75,161.634582519531
-10.25,-33.75,165.197921752929
-9.75,-33.75,168.568405151367
-9.25,-33.75,171.795303344726
-8.75,-33.75,174.9375
-8.25,-33.75,178.062850952148
-7.75,-33.75,181.245513916015
-7.25,-33.75,184.562622070312
-6.75,-33.75,188.089385986328
-6.25,-33.75,191.893753051757
-5.75,-33.75,196.031463623046
-5.25,-33.75,200.540756225585
-4.75,-33.75,205.438186645507
-4.25,-33.75,210.716110229492
-3.75,-33.75,216.341812133789
-3.25,-33.75,222.258590698242
-2.75,-33.75,228.389541625976
-2.25,-33.75,234.643356323242
-1.75,-33.75,240.921646118164
-1.25,-33.75,247.12808227539
-0.75,-33.75,253.177795410156
-0.25,-33.75,259.005737304687
0.25,-33.75,264.574005126953
0.75,-33.75,269.876495361328
1.25,-33.75,274.940490722656
1.75,-33.75,279.825042724609
2.25,-33.75,284.616607666015
2.75,-33.75,289.421630859375
3.25,-33.75,294.358612060546
3.75,-33.75,299.548156738281
4.25,-33.75,305.104705810546
4.75,-33.75,311.127380371093
5.25,-33.75,317.692657470703
5.75,-33.75,324.848846435546
6.25,-33.75,332.610626220703
6.75,-33.75,340.955383300781
7.25,-33.75,349.821899414062
7.75,-33.75,359.1103515625
8.25,-33.75,368.683471679687
8.75,-33.75,378.371948242187
9.25,-33.75,387.981231689453
9.75,-33.75,397.300811767578
10.25,-33.75,406.115112304687
10.75,-33.75,414.216430664062
11.25,-33.75,421.41519165039
11.75,-33.75,427.552032470703
12.25,-33.75,432.504333496093
12.75,-33.75,436.190216064453
13.25,-33.75,438.570587158203
13.75,-33.75,439.644805908203
14.25,-33.75,439.444732666015
14.75,-33.75,438.025817871093
15.25,-33.75,435.456359863281
15.75,-33.75,431.808074951171
16.25,-33.75,427.146514892578
16.75,-33.75,421.524353027343
17.25,-33.75,414.976287841796
17.75,-33.75,407.519317626953
18.25,-33.75,399.15576171875
18.75,-33.75,389.878692626953
19.25,-33.75,379.679748535156
19.75,-33.75,368.556823730468
20.25,-33.75,356.523498535156
20.75,-33.75,343.613616943359
21.25,-33.75,329.886749267578
21.75,-33.75,315.428100585937
22.25,-33.75,300.346435546875
22.75,-33.75,284.769897460937
23.25,-33.75,268.839324951171
23.75,-33.75,252.703094482421
24.25,-33.75,236.510009765625
24.75,-33.75,220.4052734375
25.25,-33.75,204.526107788085
25.75,-33.75,188.999923706054
26.25,-33.75,173.942199707031
26.75,-33.75,159.45571899414
27.25,-33.75,145.629959106445
27.75,-33.75,132.53970336914
28.25,-33.75,120.244003295898
28.75,-33.75,108.785079956054
29.25,-33.75,98.1876449584961
29.75,-33.75,88.4582290649414
30.25,-33.75,79.5857620239257
30.75,-33.75,71.5430221557617
31.25,-33.75,64.2890167236328
31.75,-33.75,57.7711677551269
32.25,-33.75,51.9291648864746
32.75,-33.75,46.698371887207
33.25,-33.75,42.0128860473632
33.75,-33.75,37.8086700439453
34.25,-33.75,34.026008605957
34.75,-33.75,30.611307144165
35.25,-33.75,27.5185089111328
35.75,-33.75,24.7094230651855
36.25,-33.75,22.1536388397216
36.75,-33.75,19.8273639678955
37.25,-33.75,17.7125530242919
37.75,-33.75,15.7953119277954
38.25,-33.75,14.0644130706787
38.75,-33.75,12.5099611282348
39.25,-33.75,11.1222677230834
39.75,-33.75,9.89121150970459
40.25,-33.75,8.8056640625
40.75,-33.75,7.85355043411254
41.25,-33.75,7.02199411392211
41.75,-33.75,6.29756546020507
42.25,-33.75,5.66659259796142
42.75,-33.75,5.11551523208618
43.25,-33.75,4.63079071044921
43.75,-33.75,4.19918632507324
44.25,-33.75,3.80907821655273
44.75,-33.75,3.45116162300109
-44.75,-33.25,7.8516616821289
-44.25,-33.25,8.12883377075195
-43.75,-33.25,8.28503036499023
-43.25,-33.25,8.34757137298584
-42.75,-33.25,8.33777904510498
-42.25,-33.25,8.27095699310302
-41.75,-33.25,8.16284942626953
-41.25,-33.25,8.02975082397461
-40.75,-33.25,7.88750076293945
-40.25,-33.25,7.75056552886962
-39.75,-33.25,7.63136959075927
-39.25,-33.25,7.53995037078857
-38.75,-33.25,7.48390293121337
-38.25,-33.25,7.4686632156372
-37.75,-33.25,7.49803972244262
-37.25,-33.25,7.57494735717773
-36.75,-33.25,7.70223331451416
-36.25,-33.25,7.88336515426635
-35.75,-33.25,8.12300777435302
-35.25,-33.25,8.42734241485595
-34.75,-33.25,8.8040599822998
-34.25,-33.25,9.26207542419433
-33.75,-33.25,9.81101036071777
-33.25,-33.25,10.4605236053466
-32.75,-33.25,11.2196435928344
-32.25,-33.25,12.0960083007812
-31.75,-33.25,13.0952644348144
-31.25,-33.25,14.2207527160644
-30.75,-33.25,15.473310470581
-30.25,-33.25,16.8513393402099
-29.75,-33.25,18.3512420654296
-29.25,-33.25,19.9680957794189
-28.75,-33.25,21.6965274810791
-28.25,-33.25,23.5317440032959
-27.75,-33.25,25.4705390930175
-27.25,-33.25,27.5123996734619
-26.75,-33.25,29.6601657867431
-26.25,-33.25,31.920555114746
-25.75,-33.25,34.3043594360351
-25.25,-33.25,36.8261337280273
-24.75,-33.25,39.503662109375
-24.25,-33.25,42.3572998046875
-23.75,-33.25,45.4089546203613
-23.25,-33.25,48.6811141967773
-22.75,-33.25,52.1959342956543
-22.25,-33.25,55.9743881225585
-21.75,-33.25,60.0355033874511
-21.25,-33.25,64.3953781127929
-20.75,-33.25,69.0663909912109
-20.25,-33.25,74.0561828613281
-19.75,-33.25,79.3662719726562
-19.25,-33.25,84.9907608032226
-18.75,-33.25,90.9149551391601
-18.25,-33.25,97.1142272949218
-17.75,-33.25,103.553466796875
-17.25,-33.25,110.187294006347
-16.75,-33.25,116.96166229248
-16.25,-33.25,123.81640625
-15.75,-33.25,130.688262939453
-15.25,-33.25,137.515045166015
-14.75,-33.25,144.23908996582
-14.25,-33.25,150.810470581054
-13.75,-33.25,157.18879699707
-13.25,-33.25,163.343566894531
-12.75,-33.25,169.253967285156
-12.25,-33.25,174.907302856445
-11.75,-33.25,180.297668457031
-11.25,-33.25,185.42529296875
-10.75,-33.25,190.296432495117
-10.25,-33.25,194.924072265625
-9.75,-33.25,199.329727172851
-9.25,-33.25,203.544982910156
-8.75,-33.25,207.612640380859
-8.25,-33.25,211.586975097656
-7.75,-33.25,215.532073974609
-7.25,-33.25,219.519165039062
-6.75,-33.25,223.621856689453
-6.25,-33.25,227.91145324707
-5.75,-33.25,232.450546264648
-5.25,-33.25,237.288528442382
-4.75,-33.25,242.456741333007
-4.25,-33.25,247.965408325195
-3.75,-33.25,253.802734375
-3.25,-33.25,259.935150146484
-2.75,-33.25,266.31005859375
-2.25,-33.25,272.860229492187
-1.75,-33.25,279.51025390625
-1.25,-33.25,286.182983398437
-0.75,-33.25,292.807556152343
-0.25,-33.25,299.326904296875
0.25,-33.25,305.703826904296
0.75,-33.25,311.926452636718
1.25,-33.25,318.01025390625
1.75,-33.25,323.998962402343
2.25,-33.25,329.962036132812
2.75,-33.25,335.991027832031
3.25,-33.25,342.191619873046
3.75,-33.25,348.677581787109
4.25,-33.25,355.561889648437
4.75,-33.25,362.948516845703
5.25,-33.25,370.923614501953
5.75,-33.25,379.548614501953
6.25,-33.25,388.85302734375
6.75,-33.25,398.827819824218
7.25,-33.25,409.422790527343
7.75,-33.25,420.542449951171
8.25,-33.25,432.046722412109
8.75,-33.25,443.75357055664
9.25,-33.25,455.445495605468
9.75,-33.25,466.878875732421
10.25,-33.25,477.796081542968
10.75,-33.25,487.940368652343
11.25,-33.25,497.070037841796
11.75,-33.25,504.9736328125
12.25,-33.25,511.480590820312
12.75,-33.25,516.469360351562
13.25,-33.25,519.870300292968
13.75,-33.25,521.663940429687
14.25,-33.25,521.873840332031
14.75,-33.25,520.556396484375
15.25,-33.25,517.787231445312
15.75,-33.25,513.649169921875
16.25,-33.25,508.219665527343
16.75,-33.25,501.561828613281
17.25,-33.25,493.71875
17.75,-33.25,484.712951660156
18.25,-33.25,474.550872802734
18.75,-33.25,463.230712890625
19.25,-33.25,450.7509765625
19.75,-33.25,437.122375488281
20.25,-33.25,422.376373291015
20.75,-33.25,406.572540283203
21.25,-33.25,389.802703857421
21.75,-33.25,372.189208984375
22.25,-33.25,353.881866455078
22.75,-33.25,335.049743652343
23.25,-33.25,315.873840332031
23.75,-33.25,296.53823852539
24.25,-33.25,277.222442626953
24.75,-33.25,258.096099853515
25.25,-33.25,239.315078735351
25.75,-33.25,221.019439697265
26.25,-33.25,203.332427978515
26.75,-33.25,186.360778808593
27.25,-33.25,170.194702148437
27.75,-33.25,154.907821655273
28.25,-33.25,140.556686401367
28.75,-33.25,127.180320739746
29.25,-33.25,114.799728393554
29.75,-33.25,103.417709350585
30.25,-33.25,93.0192489624023
30.75,-33.25,83.5730590820312
31.25,-33.25,75.0341262817382
31.75,-33.25,67.3452835083007
32.25,-33.25,60.4413909912109
32.75,-33.25,54.2525558471679
33.25,-33.25,48.7070236206054
33.75,-33.25,43.7344398498535
34.25,-33.25,39.2682495117187
34.75,-33.25,35.2473983764648
35.25,-33.25,31.6182117462158
35.75,-33.25,28.3347358703613
36.25,-33.25,25.3590641021728
36.75,-33.25,22.6603965759277
37.25,-33.25,20.2145290374755
37.75,-33.25,18.0024166107177
38.25,-33.25,16.0087852478027
38.75,-33.25,14.2206830978393
39.25,-33.25,12.626181602478
39.75,-33.25,11.213448524475
40.25,-33.25,9.96984958648681
40.75,-33.25,8.88178157806396
41.25,-33.25,7.93460655212402
41.75,-33.25,7.11277246475219
42.25,-33.25,6.40012502670288
42.75,-33.25,5.78030395507812
43.25,-33.25,5.23668813705444
43.75,-33.25,4.7528223991394
44.25,-33.25,4.31410312652587
44.75,-33.25,3.90883517265319
-44.75,-32.75,8.46325778961181
-44.25,-32.75,8.81409263610839
-43.75,-32.75,9.03988265991211
-43.25,-32.75,9.16546058654785
-42.75,-32.75,9.20906352996826
-42.25,-32.75,9.18279552459716
-41.75,-32.75,9.09990692138671
-41.25,-32.75,8.97524452209472
-40.75,-32.75,8.82439804077148
-40.25,-32.75,8.66277503967285
-39.75,-32.75,8.50482273101806
-39.25,-32.75,8.36349773406982
-38.75,-32.75,8.24994945526123
-38.25,-32.75,8.17356204986572
-37.75,-32.75,8.14228630065918
-37.25,-32.75,8.16317749023437
-36.75,-32.75,8.24310398101806
-36.25,-32.75,8.38938808441162
-35.75,-32.75,8.61033344268798
-35.25,-32.75,8.91557121276855
-34.75,-32.75,9.31608200073242
-34.25,-32.75,9.82394981384277
-33.75,-32.75,10.4518995285034
-33.25,-32.75,11.2126092910766
-32.75,-32.75,12.1180686950683
-32.25,-32.75,13.1787109375
-31.75,-32.75,14.4026889801025
-31.25,-32.75,15.7953786849975
-30.75,-32.75,17.359088897705
-30.25,-32.75,19.0928421020507
-29.75,-32.75,20.992784500122
-29.25,-32.75,23.0527667999267
-28.75,-32.75,25.2652797698974
-28.25,-32.75,27.622594833374
-27.75,-32.75,30.1179332733154
-27.25,-32.75,32.7468605041503
-26.75,-32.75,35.5081596374511
-26.25,-32.75,38.4046440124511
-25.75,-32.75,41.4435195922851
-25.25,-32.75,44.6362113952636
-24.75,-32.75,47.9979400634765
-24.25,-32.75,51.5469665527343
-23.75,-32.75,55.303596496582
-23.25,-32.75,59.28902053833
-22.75,-32.75,63.5242881774902
-22.25,-32.75,68.0294189453125
-21.75,-32.75,72.8225173950195
-21.25,-32.75,77.9188385009765
-20.75,-32.75,83.3300857543945
-20.25,-32.75,89.0633850097656
-19.75,-32.75,95.1201019287109
-19.25,-32.75,101.494804382324
-18.75,-32.75,108.173881530761
-18.25,-32.75,115.134460449218
-17.75,-32.75,122.343971252441
-17.25,-32.75,129.760513305664
-16.75,-32.75,137.334259033203
-16.25,-32.75,145.009719848632
-15.75,-32.75,152.728881835937
-15.25,-32.75,160.434860229492
-14.75,-32.75,168.075271606445
-14.25,-32.75,175.604431152343
-13.75,-32.75,182.985229492187
-13.25,-32.75,190.188598632812
-12.75,-32.75,197.192520141601
-12.25,-32.75,203.980316162109
-11.75,-32.75,210.538604736328
-11.25,-32.75,216.856719970703
-10.75,-32.75,222.926574707031
-10.25,-32.75,228.744171142578
-9.75,-32.75,234.312362670898
-9.25,-32.75,239.643371582031
-8.75,-32.75,244.761779785156
-8.25,-32.75,249.705413818359
-7.75,-32.75,254.525909423828
-7.25,-32.75,259.286102294921
-6.75,-32.75,264.056518554687
-6.25,-32.75,268.910186767578
-5.75,-32.75,273.917022705078
-5.25,-32.75,279.138488769531
-4.75,-32.75,284.62255859375
-4.25,-32.75,290.400146484375
-3.75,-32.75,296.483184814453
-3.25,-32.75,302.864593505859
-2.75,-32.75,309.519012451171
-2.25,-32.75,316.406707763671
-1.75,-32.75,323.477416992187
-1.25,-32.75,330.675567626953
-0.75,-32.75,337.946746826171
-0.25,-32.75,345.2431640625
0.25,-32.75,352.530212402343
0.75,-32.75,359.790710449218
1.25,-32.75,367.029052734375
1.75,-32.75,374.273254394531
2.25,-32.75,381.574981689453
2.75,-32.75,389.007873535156
3.25,-32.75,396.663360595703
3.75,-32.75,404.64468383789
4.25,-32.75,413.060455322265
4.75,-32.75,422.016662597656
5.25,-32.75,431.606842041015
5.75,-32.75,441.904083251953
6.25,-32.75,452.951538085937
6.75,-32.75,464.754150390625
7.25,-32.75,477.272430419921
7.75,-32.75,490.416534423828
8.25,-32.75,504.044708251953
8.75,-32.75,517.962890625
9.25,-32.75,531.931457519531
9.75,-32.75,545.672607421875
10.25,-32.75,558.8857421875
10.75,-32.75,571.262329101562
11.25,-32.75,582.504943847656
11.75,-32.75,592.345520019531
12.25,-32.75,600.560119628906
12.75,-32.75,606.981811523437
13.25,-32.75,611.506958007812
13.75,-32.75,614.091918945312
14.25,-32.75,614.750183105468
14.75,-32.75,613.537414550781
15.25,-32.75,610.536010742187
15.75,-32.75,605.840942382812
16.25,-32.75,599.543090820312
16.75,-32.75,591.717956542968
17.25,-32.75,582.418518066406
17.75,-32.75,571.674560546875
18.25,-32.75,559.499328613281
18.75,-32.75,545.8974609375
19.25,-32.75,530.877014160156
19.75,-32.75,514.463562011718
20.25,-32.75,496.70947265625
20.75,-32.75,477.702850341796
21.25,-32.75,457.570678710937
21.75,-32.75,436.475677490234
22.25,-32.75,414.611267089843
22.75,-32.75,392.190765380859
23.25,-32.75,369.436737060546
23.75,-32.75,346.571166992187
24.25,-32.75,323.805786132812
24.75,-32.75,301.33609008789
25.25,-32.75,279.33706665039
25.75,-32.75,257.962432861328
26.25,-32.75,237.343719482421
26.75,-32.75,217.591674804687
27.25,-32.75,198.797576904296
27.75,-32.75,181.033950805664
28.25,-32.75,164.354827880859
28.75,-32.75,148.796005249023
29.25,-32.75,134.374908447265
29.75,-32.75,121.090835571289
30.25,-32.75,108.925224304199
30.75,-32.75,97.8435974121093
31.25,-32.75,87.7974243164062
31.75,-32.75,78.7259826660156
32.25,-32.75,70.5601272583007
32.75,-32.75,63.225486755371
33.25,-32.75,56.6451110839843
33.75,-32.75,50.7427864074707
34.25,-32.75,45.4453353881835
34.75,-32.75,40.6844673156738
35.25,-32.75,36.3987846374511
35.75,-32.75,32.5344467163085
36.25,-32.75,29.0457649230957
36.75,-32.75,25.8944873809814
37.25,-32.75,23.0497589111328
37.75,-32.75,20.4866886138916
38.25,-32.75,18.1851825714111
38.75,-32.75,16.1282901763916
39.25,-32.75,14.3008022308349
39.75,-32.75,12.6880855560302
40.25,-32.75,11.2748575210571
40.75,-32.75,10.0448379516601
41.25,-32.75,8.98051261901855
41.75,-32.75,8.0631685256958
42.25,-32.75,7.27317714691162
42.75,-32.75,6.59046363830566
43.25,-32.75,5.99443769454956
43.75,-32.75,5.46450614929199
44.25,-32.75,4.9822039604187
44.75,-32.75,4.53267669677734
-44.75,-32.25,8.94896507263183
-44.25,-32.25,9.37677955627441
-43.75,-32.25,9.67794418334961
-43.25,-32.25,9.87417411804199
-42.75,-32.25,9.9801607131958
-42.25,-32.25,10.0045232772827
-41.75,-32.25,9.95778369903564
-41.25,-32.25,9.85319995880127
-40.75,-32.25,9.70604610443115
-40.25,-32.25,9.53273773193359
-39.75,-32.25,9.34991931915283
-39.25,-32.25,9.17372131347656
-38.75,-32.25,9.01916599273681
-38.25,-32.25,8.89992046356201
-37.75,-32.25,8.82834339141845
-37.25,-32.25,8.81582450866699
-36.75,-32.25,8.8733434677124
-36.25,-32.25,9.01202201843261
-35.75,-32.25,9.24365234375
-35.25,-32.25,9.5811014175415
-34.75,-32.25,10.0384111404418
-34.25,-32.25,10.6306533813476
-33.75,-32.25,11.3735551834106
-33.25,-32.25,12.2828693389892
-32.75,-32.25,13.3737306594848
-32.25,-32.25,14.6597051620483
-31.75,-32.25,16.1519012451171
-31.25,-32.25,17.8582954406738
-30.75,-32.25,19.7832126617431
-30.25,-32.25,21.9268779754638
-29.75,-32.25,24.28564453125
-29.25,-32.25,26.852518081665
-28.75,-32.25,29.6180744171142
-28.25,-32.25,32.5716857910156
-27.75,-32.25,35.7029037475585
-27.25,-32.25,39.003059387207
-26.75,-32.25,42.4665184020996
-26.25,-32.25,46.0916404724121
-25.75,-32.25,49.8814582824707
-25.25,-32.25,53.8436241149902
-24.75,-32.25,57.9901580810546
-24.25,-32.25,62.3365287780761
-23.75,-32.25,66.9006729125976
-23.25,-32.25,71.7018356323242
-22.75,-32.25,76.7593383789062
-22.25,-32.25,82.0915298461914
-21.75,-32.25,87.7150650024414
-21.25,-32.25,93.6439666748046
-20.75,-32.25,99.8889389038086
-20.25,-32.25,106.456703186035
-19.75,-32.25,113.348808288574
-19.25,-32.25,120.560607910156
-18.75,-32.25,128.080368041992
-18.25,-32.25,135.887832641601
-17.75,-32.25,143.95393371582
-17.25,-32.25,152.24087524414
-16.75,-32.25,160.703369140625
-16.25,-32.25,169.291030883789
-15.75,-32.25,177.950851440429
-15.25,-32.25,186.630859375
-14.75,-32.25,195.28286743164
-14.25,-32.25,203.865127563476
-13.75,-32.25,212.342864990234
-13.25,-32.25,220.68814086914
-12.75,-32.25,228.877716064453
-12.25,-32.25,236.891357421875
-11.75,-32.25,244.709091186523
-11.25,-32.25,252.310409545898
-10.75,-32.25,259.674041748046
-10.25,-32.25,266.77993774414
-9.75,-32.25,273.612854003906
-9.25,-32.25,280.165466308593
-8.75,-32.25,286.443176269531
-8.25,-32.25,292.466613769531
-7.75,-32.25,298.27310180664
-7.25,-32.25,303.915710449218
-6.75,-32.25,309.459930419921
-6.25,-32.25,314.98013305664
-5.75,-32.25,320.553253173828
-5.25,-32.25,326.252685546875
-4.75,-32.25,332.144317626953
-4.25,-32.25,338.280792236328
-3.75,-32.25,344.699432373046
-3.25,-32.25,351.420959472656
-2.75,-32.25,358.448974609375
-2.25,-32.25,365.771789550781
-1.75,-32.25,373.365570068359
-1.25,-32.25,381.197326660156
-0.75,-32.25,389.229614257812
-0.25,-32.25,397.425262451171
0.25,-32.25,405.752807617187
0.75,-32.25,414.191192626953
1.25,-32.25,422.734619140625
1.75,-32.25,431.396209716796
2.25,-32.25,440.208801269531
2.75,-32.25,449.228271484375
3.25,-32.25,458.529022216796
3.75,-32.25,468.202331542968
4.25,-32.25,478.35009765625
4.75,-32.25,489.076965332031
5.25,-32.25,500.481964111328
5.75,-32.25,512.647216796875
6.25,-32.25,525.62841796875
6.75,-32.25,539.443176269531
7.25,-32.25,554.062377929687
7.75,-32.25,569.401672363281
8.25,-32.25,585.317504882812
8.75,-32.25,601.60498046875
9.25,-32.25,618.001770019531
9.75,-32.25,634.197998046875
10.25,-32.25,649.848999023437
10.75,-32.25,664.594482421875
11.25,-32.25,678.079162597656
11.75,-32.25,689.976623535156
12.25,-32.25,700.007263183593
12.75,-32.25,707.955505371093
13.25,-32.25,713.678527832031
13.75,-32.25,717.107177734375
14.25,-32.25,718.240356445312
14.75,-32.25,717.131103515625
15.25,-32.25,713.867553710937
15.75,-32.25,708.555114746093
16.25,-32.25,701.298217773437
16.75,-32.25,692.185485839843
17.25,-32.25,681.28076171875
17.75,-32.25,668.623718261718
18.25,-32.25,654.2353515625
18.75,-32.25,638.130004882812
19.25,-32.25,620.328674316406
19.75,-32.25,600.873596191406
20.25,-32.25,579.841979980468
20.75,-32.25,557.352966308593
21.25,-32.25,533.570739746093
21.75,-32.25,508.701049804687
22.25,-32.25,482.98208618164
22.75,-32.25,456.672210693359
23.25,-32.25,430.037078857421
23.75,-32.25,403.336273193359
24.25,-32.25,376.814331054687
24.75,-32.25,350.692687988281
25.25,-32.25,325.166015625
25.75,-32.25,300.402130126953
26.25,-32.25,276.541137695312
26.75,-32.25,253.698745727539
27.25,-32.25,231.967987060546
27.75,-32.25,211.421203613281
28.25,-32.25,192.110534667968
28.75,-32.25,174.069839477539
29.25,-32.25,157.314178466796
29.75,-32.25,141.8408203125
30.25,-32.25,127.629234313964
30.75,-32.25,114.643157958984
31.25,-32.25,102.832389831542
31.75,-32.25,92.1341323852539
32.25,-32.25,82.4764938354492
32.75,-32.25,73.7816543579101
33.25,-32.25,65.9681854248046
33.75,-32.25,58.9543228149414
34.25,-32.25,52.6602516174316
34.75,-32.25,47.0102272033691
35.25,-32.25,41.9346771240234
35.75,-32.25,37.3713417053222
36.25,-32.25,33.2661094665527
36.75,-32.25,29.5726661682128
37.25,-32.25,26.2527046203613
37.75,-32.25,23.274787902832
38.25,-32.25,20.6131038665771
38.75,-32.25,18.2458114624023
39.25,-32.25,16.1534061431884
39.75,-32.25,14.3173580169677
40.25,-32.25,12.7186193466186
40.75,-32.25,11.3370904922485
41.25,-32.25,10.1513042449951
41.75,-32.25,9.13835716247558
42.25,-32.25,8.27422618865966
42.75,-32.25,7.53423166275024
43.25,-32.25,6.89293956756591
43.75,-32.25,6.32467222213745
44.25,-32.25,5.80611085891723
44.75,-32.25,5.31824731826782
-44.75,-31.75,9.31025791168212
-44.25,-31.75,9.81167125701904
-43.75,-31.75,10.186279296875
-43.25,-31.75,10.4527626037597
-42.75,-31.75,10.6225910186767
-42.25,-31.75,10.7013235092163
-41.75,-31.75,10.6972036361694
-41.25,-31.75,10.6222324371337
-40.75,-31.75,10.4916152954101
-40.25,-31.75,10.3228740692138
-39.75,-31.75,10.1348419189453
-39.25,-31.75,9.94669818878173
-38.75,-31.75,9.7771348953247
-38.25,-31.75,9.64381599426269
-37.75,-31.75,9.56318855285644
-37.25,-31.75,9.55062198638916
-36.75,-31.75,9.62085723876953
-36.25,-31.75,9.78850936889648
-35.75,-31.75,10.0686130523681
-35.25,-31.75,10.4771099090576
-34.75,-31.75,11.0310745239257
-34.25,-31.75,11.7486410140991
-33.75,-31.75,12.6487426757812
-33.25,-31.75,13.7505083084106
-32.75,-31.75,15.0725946426391
-32.25,-31.75,16.6321659088134
-31.75,-31.75,18.4437236785888
-31.25,-31.75,20.5183486938476
-30.75,-31.75,22.8627853393554
-30.25,-31.75,25.4788818359375
-29.75,-31.75,28.3635234832763
-29.25,-31.75,31.509105682373
-28.75,-31.75,34.904441833496
-28.25,-31.75,38.536033630371
-27.75,-31.75,42.3896522521972
-27.25,-31.75,46.4522743225097
-26.75,-31.75,50.7134971618652
-26.25,-31.75,55.1668510437011
-25.75,-31.75,59.8107719421386
-25.25,-31.75,64.6486434936523
-24.75,-31.75,69.6884994506836
-24.25,-31.75,74.942512512207
-23.75,-31.75,80.4254608154296
-23.25,-31.75,86.1538543701171
-22.75,-31.75,92.1444244384765
-22.25,-31.75,98.4130935668945
-21.75,-31.75,104.974456787109
-21.25,-31.75,111.840698242187
-20.75,-31.75,119.021209716796
-20.25,-31.75,126.522186279296
-19.75,-31.75,134.345672607421
-19.25,-31.75,142.488403320312
-18.75,-31.75,150.941024780273
-18.25,-31.75,159.686737060546
-17.75,-31.75,168.700531005859
-17.25,-31.75,177.94921875
-16.75,-31.75,187.392395019531
-16.25,-31.75,196.984268188476
-15.75,-31.75,206.676239013671
-15.25,-31.75,216.420059204101
-14.75,-31.75,226.170837402343
-14.25,-31.75,235.88914489746
-13.75,-31.75,245.541625976562
-13.25,-31.75,255.100677490234
-12.75,-31.75,264.54214477539
-12.25,-31.75,273.842681884765
-11.75,-31.75,282.977233886718
-11.25,-31.75,291.91748046875
-10.75,-31.75,300.631591796875
-10.25,-31.75,309.08560180664
-9.75,-31.75,317.248413085937
-9.25,-31.75,325.095520019531
-8.75,-31.75,332.614318847656
-8.25,-31.75,339.808685302734
-7.75,-31.75,346.701690673828
-7.25,-31.75,353.335876464843
-6.75,-31.75,359.771759033203
-6.25,-31.75,366.083587646484
-5.75,-31.75,372.354339599609
-5.25,-31.75,378.669555664062
-4.75,-31.75,385.111694335937
-4.25,-31.75,391.755157470703
-3.75,-31.75,398.662078857421
-3.25,-31.75,405.880157470703
-2.75,-31.75,413.440948486328
-2.25,-31.75,421.360382080078
-1.75,-31.75,429.639495849609
-1.25,-31.75,438.267272949218
-0.75,-31.75,447.222717285156
-0.25,-31.75,456.479553222656
0.25,-31.75,466.010223388671
0.75,-31.75,475.791046142578
1.25,-31.75,485.807006835937
1.75,-31.75,496.057189941406
2.25,-31.75,506.557830810546
2.75,-31.75,517.346435546875
3.25,-31.75,528.480773925781
3.75,-31.75,540.038635253906
4.25,-31.75,552.113647460937
4.75,-31.75,564.807189941406
5.25,-31.75,578.220581054687
5.75,-31.75,592.443359375
6.25,-31.75,607.540405273437
6.75,-31.75,623.5400390625
7.25,-31.75,640.42138671875
7.75,-31.75,658.104553222656
8.25,-31.75,676.442687988281
8.75,-31.75,695.219665527343
9.25,-31.75,714.152038574218
9.75,-31.75,732.897705078125
10.25,-31.75,751.070251464843
10.75,-31.75,768.259094238281
11.25,-31.75,784.0537109375
11.75,-31.75,798.069641113281
12.25,-31.75,809.971740722656
12.75,-31.75,819.49560546875
13.25,-31.75,826.457641601562
13.75,-31.75,830.760131835937
14.25,-31.75,832.38427734375
14.75,-31.75,831.376342773437
15.25,-31.75,827.826477050781
15.75,-31.75,821.848083496093
16.25,-31.75,813.556396484375
16.75,-31.75,803.05224609375
17.25,-31.75,790.410827636718
17.75,-31.75,775.682800292968
18.25,-31.75,758.900573730468
18.75,-31.75,740.090515136718
19.25,-31.75,719.289978027343
19.75,-31.75,696.563232421875
20.25,-31.75,672.015075683593
20.75,-31.75,645.798095703125
21.25,-31.75,618.116333007812
21.75,-31.75,589.218811035156
22.25,-31.75,559.38916015625
22.75,-31.75,528.929626464843
23.25,-31.75,498.147247314453
23.75,-31.75,467.338775634765
24.25,-31.75,436.779754638671
24.75,-31.75,406.716796875
25.25,-31.75,377.364227294921
25.75,-31.75,348.90347290039
26.25,-31.75,321.484130859375
26.75,-31.75,295.228057861328
27.25,-31.75,270.231475830078
27.75,-31.75,246.568115234375
28.25,-31.75,224.291030883789
28.75,-31.75,203.434036254882
29.25,-31.75,184.012603759765
29.75,-31.75,166.024520874023
30.25,-31.75,149.450210571289
30.75,-31.75,134.254241943359
31.25,-31.75,120.387268066406
31.75,-31.75,107.786376953125
32.25,-31.75,96.3787612915039
32.75,-31.75,86.0842056274414
33.25,-31.75,76.8174209594726
33.75,-31.75,68.491096496582
34.25,-31.75,61.0186386108398
34.75,-31.75,54.3160781860351
35.25,-31.75,48.304946899414
35.75,-31.75,42.9136352539062
36.25,-31.75,38.0787391662597
36.75,-31.75,33.7449378967285
37.25,-31.75,29.8656387329101
37.75,-31.75,26.4019432067871
38.25,-31.75,23.3214244842529
38.75,-31.75,20.5963706970214
39.25,-31.75,18.2019329071044
39.75,-31.75,16.1145820617675
40.25,-31.75,14.3103322982788
40.75,-31.75,12.7641506195068
41.25,-31.75,11.4495134353637
41.75,-31.75,10.3383541107177
42.25,-31.75,9.40134525299072
42.75,-31.75,8.60840225219726
43.25,-31.75,7.92840957641601
43.75,-31.75,7.32967138290405
44.25,-31.75,6.78296852111816
44.75,-31.75,6.26402711868286
-44.75,-31.25,9.58740806579589
-44.25,-31.25,10.1515655517578
-43.75,-31.25,10.588562965393
-43.25,-31.25,10.9150485992431
-42.75,-31.25,11.1404418945312
-42.25,-31.25,11.2684917449951
-41.75,-31.25,11.3062839508056
-41.25,-31.25,11.2654504776
-40.75,-31.25,11.1616678237915
-40.25,-31.25,11.0137586593627
-39.75,-31.25,10.842562675476
-39.25,-31.25,10.6698446273803
-38.75,-31.25,10.5172653198242
-38.25,-31.25,10.4056806564331
-37.75,-31.25,10.3548192977905
-37.25,-31.25,10.3832712173461
-36.75,-31.25,10.5089416503906
-36.25,-31.25,10.7495021820068
-35.75,-31.25,11.1230182647705
-35.25,-31.25,11.6484985351562
-34.75,-31.25,12.3461809158325
-34.25,-31.25,13.2375736236572
-33.75,-31.25,14.3452043533325
-33.25,-31.25,15.6920146942138
-32.75,-31.25,17.3006515502929
-32.25,-31.25,19.192283630371
-31.75,-31.25,21.3852176666259
-31.25,-31.25,23.8939342498779
-30.75,-31.25,26.7279548645019
-30.25,-31.25,29.8909111022949
-29.75,-31.25,33.3804359436035
-29.25,-31.25,37.1884078979492
-28.75,-31.25,41.3019180297851
-28.25,-31.25,45.7045593261718
-27.75,-31.25,50.3782730102539
-27.25,-31.25,55.3054313659668
-26.75,-31.25,60.4706192016601
-26.25,-31.25,65.8622207641601
-25.75,-31.25,71.4735717773437
-25.25,-31.25,77.30322265625
-24.75,-31.25,83.354736328125
-24.25,-31.25,89.636001586914
-23.75,-31.25,96.1580276489257
-23.25,-31.25,102.933563232421
-22.75,-31.25,109.975852966308
-22.25,-31.25,117.297676086425
-21.75,-31.25,124.910583496093
-21.25,-31.25,132.824478149414
-20.75,-31.25,141.047286987304
-20.25,-31.25,149.584701538085
-19.75,-31.25,158.439270019531
-19.25,-31.25,167.609878540039
-18.75,-31.25,177.090179443359
-18.25,-31.25,186.867477416992
-17.75,-31.25,196.92138671875
-17.25,-31.25,207.223358154296
-16.75,-31.25,217.737823486328
-16.25,-31.25,228.422744750976
-15.75,-31.25,239.232772827148
-15.25,-31.25,250.121948242187
-14.75,-31.25,261.046569824218
-14.25,-31.25,271.967864990234
-13.75,-31.25,282.852630615234
-13.25,-31.25,293.672302246093
-12.75,-31.25,304.401763916015
-12.25,-31.25,315.015747070312
-11.75,-31.25,325.485748291015
-11.25,-31.25,335.7783203125
-10.75,-31.25,345.854614257812
-10.25,-31.25,355.671478271484
-9.75,-31.25,365.185852050781
-9.25,-31.25,374.36001586914
-8.75,-31.25,383.166778564453
-8.25,-31.25,391.59634399414
-7.75,-31.25,399.659057617187
-7.25,-31.25,407.388092041015
-6.75,-31.25,414.838653564453
-6.25,-31.25,422.08462524414
-5.75,-31.25,429.213775634765
-5.25,-31.25,436.321838378906
-4.75,-31.25,443.506286621093
-4.25,-31.25,450.860412597656
-3.75,-31.25,458.46890258789
-3.25,-31.25,466.403228759765
-2.75,-31.25,474.71987915039
-2.25,-31.25,483.458770751953
-1.75,-31.25,492.643676757812
-1.25,-31.25,502.28237915039
-0.75,-31.25,512.369384765625
-0.25,-31.25,522.887878417968
0.25,-31.25,533.814636230468
0.75,-31.25,545.124328613281
1.25,-31.25,556.794860839843
1.75,-31.25,568.813293457031
2.25,-31.25,581.181640625
2.75,-31.25,593.920837402343
3.25,-31.25,607.073303222656
3.75,-31.25,620.703674316406
4.25,-31.25,634.896484375
4.75,-31.25,649.74853515625
5.25,-31.25,665.361145019531
5.75,-31.25,681.827819824218
6.25,-31.25,699.219299316406
6.75,-31.25,717.570190429687
7.25,-31.25,736.864562988281
7.75,-31.25,757.023010253906
8.25,-31.25,777.893493652343
8.75,-31.25,799.247314453125
9.25,-31.25,820.779968261718
9.75,-31.25,842.118774414062
10.25,-31.25,862.838806152343
10.75,-31.25,882.483703613281
11.25,-31.25,900.5927734375
11.75,-31.25,916.728637695312
12.25,-31.25,930.504821777343
12.75,-31.25,941.609008789062
13.25,-31.25,949.818908691406
13.75,-31.25,955.004943847656
14.25,-31.25,957.127136230468
14.75,-31.25,956.220031738281
15.25,-31.25,952.370422363281
15.75,-31.25,945.693237304687
16.25,-31.25,936.310119628906
16.75,-31.25,924.331115722656
17.25,-31.25,909.842346191406
17.75,-31.25,892.905700683593
18.25,-31.25,873.568542480468
18.75,-31.25,851.874389648437
19.25,-31.25,827.881530761718
19.75,-31.25,801.680725097656
20.25,-31.25,773.408569335937
20.75,-31.25,743.254699707031
21.25,-31.25,711.464599609375
21.75,-31.25,678.329650878906
22.25,-31.25,644.177368164062
22.75,-31.25,609.35205078125
23.25,-31.25,574.198120117187
23.75,-31.25,539.046020507812
24.25,-31.25,504.199981689453
24.75,-31.25,469.929138183593
25.25,-31.25,436.466003417968
25.75,-31.25,404.005828857421
26.25,-31.25,372.70849609375
26.75,-31.25,342.703247070312
27.25,-31.25,314.092132568359
27.75,-31.25,286.953491210937
28.25,-31.25,261.344482421875
28.75,-31.25,237.302993774414
29.25,-31.25,214.84878540039
29.75,-31.25,193.984375
30.25,-31.25,174.694931030273
30.75,-31.25,156.949661254882
31.25,-31.25,140.703063964843
31.75,-31.25,125.894721984863
32.25,-31.25,112.452751159667
32.75,-31.25,100.295654296875
33.25,-31.25,89.3346710205078
33.75,-31.25,79.4768981933593
34.25,-31.25,70.6282424926757
34.75,-31.25,62.6957321166992
35.25,-31.25,55.5908966064453
35.75,-31.25,49.231761932373
36.25,-31.25,43.5444946289062
36.75,-31.25,38.4637451171875
37.25,-31.25,33.9336357116699
37.75,-31.25,29.9068260192871
38.25,-31.25,26.3432312011718
38.75,-31.25,23.2081584930419
39.25,-31.25,20.4702682495117
39.75,-31.25,18.0998001098632
40.25,-31.25,16.066572189331
40.75,-31.25,14.3393945693969
41.25,-31.25,12.8855686187744
41.75,-31.25,11.670874595642
42.25,-31.25,10.6598167419433
42.75,-31.25,9.81614589691162
43.25,-31.25,9.10230731964111
43.75,-31.25,8.47972583770752
44.25,-31.25,7.91227769851684
44.75,-31.25,7.36930847167968
-44.75,-30.75,9.85395812988281
-44.25,-30.75,10.4627637863159
-43.75,-30.75,10.9420652389526
-43.25,-30.75,11.3083324432373
-42.75,-30.75,11.5709180831909
-42.25,-30.75,11.7336645126342
-41.75,-30.75,11.804178237915
-41.25,-30.75,11.7950353622436
-40.75,-30.75,11.7231864929199
-40.25,-30.75,11.6090154647827
-39.75,-30.75,11.4751033782958
-39.25,-30.75,11.3451290130615
-38.75,-30.75,11.24276638031
-38.25,-30.75,11.1910123825073
-37.75,-30.75,11.2118024826049
-37.25,-30.75,11.3260974884033
-36.75,-30.75,11.5542850494384
-36.25,-30.75,11.916724205017
-35.75,-30.75,12.4343833923339
-35.25,-30.75,13.1294364929199
-34.75,-30.75,14.0255784988403
-34.25,-30.75,15.148078918457
-33.75,-30.75,16.5235176086425
-33.25,-30.75,18.1790752410888
-32.75,-30.75,20.1418190002441
-32.25,-30.75,22.4372482299804
-31.75,-30.75,25.0877628326416
-31.25,-30.75,28.111436843872
-30.75,-30.75,31.5206851959228
-30.25,-30.75,35.3210296630859
-29.75,-30.75,39.5108108520507
-29.25,-30.75,44.0813941955566
-28.75,-30.75,49.0180053710937
-28.25,-30.75,54.3012161254882
-27.75,-30.75,59.9088134765625
-27.25,-30.75,65.8183212280273
-26.75,-30.75,72.0088500976562
-26.25,-30.75,78.4631271362304
-25.75,-30.75,85.1688232421875
-25.25,-30.75,92.1188659667968
-24.75,-30.75,99.3115234375
-24.25,-30.75,106.749626159667
-23.75,-30.75,114.439300537109
-23.25,-30.75,122.388610839843
-22.75,-30.75,130.606460571289
-22.25,-30.75,139.101531982421
-21.75,-30.75,147.881790161132
-21.25,-30.75,156.954544067382
-20.75,-30.75,166.325958251953
-20.25,-30.75,176.00146484375
-19.75,-30.75,185.984924316406
-19.25,-30.75,196.277755737304
-18.75,-30.75,206.877578735351
-18.25,-30.75,217.776290893554
-17.75,-30.75,228.95864868164
-17.25,-30.75,240.400985717773
-16.75,-30.75,252.071533203125
-16.25,-30.75,263.93130493164
-15.75,-30.75,275.936553955078
-15.25,-30.75,288.041198730468
-14.75,-30.75,300.200988769531
-14.25,-30.75,312.375274658203
-13.75,-30.75,324.528686523437
-13.25,-30.75,336.631195068359
-12.75,-30.75,348.655822753906
-12.25,-30.75,360.576019287109
-11.75,-30.75,372.362396240234
-11.25,-30.75,383.979858398437
-10.75,-30.75,395.386962890625
-10.25,-30.75,406.536682128906
-9.75,-30.75,417.380462646484
-9.25,-30.75,427.872497558593
-8.75,-30.75,437.977569580078
-8.25,-30.75,447.675903320312
-7.75,-30.75,456.969482421875
-7.25,-30.75,465.884094238281
-6.75,-30.75,474.470520019531
-6.25,-30.75,482.802185058593
-5.75,-30.75,490.969940185546
-5.25,-30.75,499.077056884765
-4.75,-30.75,507.232879638671
-4.25,-30.75,515.545532226562
-3.75,-30.75,524.117126464843
-3.25,-30.75,533.038391113281
-2.75,-30.75,542.385131835937
-2.25,-30.75,552.217041015625
-1.75,-30.75,562.575012207031
-1.25,-30.75,573.482421875
-0.75,-30.75,584.94580078125
-0.25,-30.75,596.956665039062
0.25,-30.75,609.495849609375
0.75,-30.75,622.537353515625
1.25,-30.75,636.054016113281
1.75,-30.75,650.025085449218
2.25,-30.75,664.440124511718
2.75,-30.75,679.308044433593
3.25,-30.75,694.65869140625
3.75,-30.75,710.545593261718
4.25,-30.75,727.044250488281
4.75,-30.75,744.246337890625
5.25,-30.75,762.250854492187
5.75,-30.75,781.150634765625
6.25,-30.75,801.018127441406
6.75,-30.75,821.888305664062
7.25,-30.75,843.744323730468
7.75,-30.75,866.501953125
8.25,-30.75,889.999694824218
8.75,-30.75,913.99365234375
9.25,-30.75,938.157531738281
9.75,-30.75,962.091125488281
10.25,-30.75,985.336181640625
10.75,-30.75,1007.39715576171
11.25,-30.75,1027.77087402343
11.75,-30.75,1045.97570800781
12.25,-30.75,1061.58166503906
12.75,-30.75,1074.23364257812
13.25,-30.75,1083.67211914062
13.75,-30.75,1089.73571777343
14.25,-30.75,1092.359375
14.75,-30.75,1091.55847167968
15.25,-30.75,1087.408203125
15.75,-30.75,1080.017578125
16.25,-30.75,1069.50817871093
16.75,-30.75,1055.99401855468
17.25,-30.75,1039.56982421875
17.75,-30.75,1020.31024169921
18.25,-30.75,998.280090332031
18.75,-30.75,973.544921875
19.25,-30.75,946.191040039062
19.75,-30.75,916.341857910156
20.25,-30.75,884.170227050781
20.75,-30.75,849.906860351562
21.25,-30.75,813.838500976562
21.75,-30.75,776.300170898437
22.25,-30.75,737.65771484375
22.75,-30.75,698.293151855468
23.25,-30.75,658.584045410156
23.75,-30.75,618.888916015625
24.25,-30.75,579.535278320312
24.75,-30.75,540.812194824218
25.25,-30.75,502.96792602539
25.75,-30.75,466.21109008789
26.25,-30.75,430.712860107421
26.75,-30.75,396.611877441406
27.25,-30.75,364.019653320312
27.75,-30.75,333.023376464843
28.25,-30.75,303.689300537109
28.75,-30.75,276.064453125
29.25,-30.75,250.178588867187
29.75,-30.75,226.044174194335
30.25,-30.75,203.655899047851
30.75,-30.75,182.992065429687
31.25,-30.75,164.014572143554
31.75,-30.75,146.668319702148
32.25,-30.75,130.883972167968
32.75,-30.75,116.579956054687
33.25,-30.75,103.664199829101
33.75,-30.75,92.0379409790039
34.25,-30.75,81.598876953125
34.75,-30.75,72.2440872192382
35.25,-30.75,63.8739967346191
35.75,-30.75,56.3951606750488
36.25,-30.75,49.7222900390625
36.75,-30.75,43.778953552246
37.25,-30.75,38.4988975524902
37.75,-30.75,33.8252182006835
38.25,-30.75,29.7089691162109
38.75,-30.75,26.1072158813476
39.25,-30.75,22.9806804656982
39.75,-30.75,20.2919464111328
40.25,-30.75,18.0031986236572
40.75,-30.75,16.0757141113281
41.25,-30.75,14.4694118499755
41.75,-30.75,13.1428699493408
42.25,-30.75,12.053596496582
42.75,-30.75,11.1584501266479
43.25,-30.75,10.4127855300903
43.75,-30.75,9.77041149139404
44.25,-30.75,9.18743228912353
44.75,-30.75,8.62584114074707
-44.75,-30.25,10.2015380859375
-44.25,-30.25,10.8306827545166
-43.75,-30.25,11.3245229721069
-43.25,-30.25,11.7019987106323
-42.75,-30.25,11.9749155044555
-42.25,-30.25,12.1494798660278
-41.75,-30.25,12.2357864379882
-41.25,-30.25,12.2488231658935
-40.75,-30.25,12.2077083587646
-40.25,-30.25,12.1346387863159
-39.75,-30.25,12.0537223815917
-39.25,-30.25,11.9898452758789
-38.75,-30.25,11.9677982330322
-38.25,-30.25,12.0117092132568
-37.75,-30.25,12.1448230743408
-37.25,-30.25,12.3897056579589
-36.75,-30.25,12.7687702178955
-36.25,-30.25,13.3048229217529
-35.75,-30.25,14.0217523574829
-35.25,-30.25,14.9450931549072
-34.75,-30.25,16.1023273468017
-34.25,-30.25,17.5228805541992
-33.75,-30.25,19.2377643585205
-33.25,-30.25,21.2788181304931
-32.75,-30.25,23.6777687072753
-32.25,-30.25,26.4647388458251
-31.75,-30.25,29.6663494110107
-31.25,-30.25,33.3043708801269
-30.75,-30.25,37.3940391540527
-30.25,-30.25,41.9427223205566
-29.75,-30.25,46.9493293762207
-29.25,-30.25,52.4043922424316
-28.75,-30.25,58.291015625
-28.25,-30.25,64.5862274169921
-27.75,-30.25,71.2631759643554
-27.25,-30.25,78.2938232421875
-26.75,-30.25,85.6510772705078
-26.25,-30.25,93.3111343383789
-25.75,-30.25,101.254920959472
-25.25,-30.25,109.468833923339
-24.75,-30.25,117.94457244873
-24.25,-30.25,126.678810119628
-23.75,-30.25,135.671691894531
-23.25,-30.25,144.925628662109
-22.75,-30.25,154.44416809082
-22.25,-30.25,164.231262207031
-21.75,-30.25,174.291046142578
-21.25,-30.25,184.62791442871
-20.75,-30.25,195.246887207031
-20.25,-30.25,206.153549194335
-19.75,-30.25,217.354049682617
-19.25,-30.25,228.853317260742
-18.75,-30.25,240.654006958007
-18.25,-30.25,252.753463745117
-17.75,-30.25,265.141906738281
-17.25,-30.25,277.800598144531
-16.75,-30.25,290.700988769531
-16.25,-30.25,303.805847167968
-15.75,-30.25,317.071136474609
-15.25,-30.25,330.448822021484
-14.75,-30.25,343.890502929687
-14.25,-30.25,357.351440429687
-13.75,-30.25,370.79214477539
-13.25,-30.25,384.178771972656
-12.75,-30.25,397.482208251953
-12.25,-30.25,410.675323486328
-11.75,-30.25,423.7294921875
-11.25,-30.25,436.611907958984
-10.75,-30.25,449.283660888671
-10.25,-30.25,461.700103759765
-9.75,-30.25,473.813995361328
-9.25,-30.25,485.579528808593
-8.75,-30.25,496.959594726562
-8.25,-30.25,507.93179321289
-7.75,-30.25,518.493591308593
-7.25,-30.25,528.667602539062
-6.75,-30.25,538.501831054687
-6.25,-30.25,548.068603515625
-5.75,-30.25,557.460632324218
-5.25,-30.25,566.786254882812
-4.75,-30.25,576.161437988281
-4.25,-30.25,585.704223632812
-3.75,-30.25,595.528137207031
-3.25,-30.25,605.73681640625
-2.75,-30.25,616.418884277343
-2.25,-30.25,627.646789550781
-1.75,-30.25,639.473510742187
-1.25,-30.25,651.932739257812
-0.75,-30.25,665.0390625
-0.25,-30.25,678.790222167968
0.25,-30.25,693.17041015625
0.75,-30.25,708.153747558593
1.25,-30.25,723.711364746093
1.75,-30.25,739.817138671875
2.25,-30.25,756.454833984375
2.75,-30.25,773.625122070312
3.25,-30.25,791.349609375
3.75,-30.25,809.674499511718
4.25,-30.25,828.667785644531
4.75,-30.25,848.415344238281
5.25,-30.25,869.011291503906
5.75,-30.25,890.544006347656
6.25,-30.25,913.080078125
6.75,-30.25,936.648559570312
7.25,-30.25,961.222351074218
7.75,-30.25,986.706176757812
8.25,-30.25,1012.92248535156
8.75,-30.25,1039.60876464843
9.25,-30.25,1066.41687011718
9.75,-30.25,1092.92114257812
10.25,-30.25,1118.63598632812
10.75,-30.25,1143.03637695312
11.25,-30.25,1165.5869140625
11.75,-30.25,1185.77368164062
12.25,-30.25,1203.13195800781
12.75,-30.25,1217.27331542968
13.25,-30.25,1227.90380859375
13.75,-30.25,1234.83032226562
14.25,-30.25,1237.95812988281
14.75,-30.25,1237.27758789062
15.25,-30.25,1232.84106445312
15.75,-30.25,1224.74243164062
16.25,-30.25,1213.09423828125
16.75,-30.25,1198.00891113281
17.25,-30.25,1179.58581542968
17.75,-30.25,1157.91320800781
18.25,-30.25,1133.07641601562
18.75,-30.25,1105.16955566406
19.25,-30.25,1074.31335449218
19.75,-30.25,1040.67016601562
20.25,-30.25,1004.45599365234
20.75,-30.25,965.944763183593
21.25,-30.25,925.466552734375
21.75,-30.25,883.395080566406
22.25,-30.25,840.133178710937
22.75,-30.25,796.093505859375
23.25,-30.25,751.679443359375
23.75,-30.25,707.271545410156
24.25,-30.25,663.214111328125
24.75,-30.25,619.812133789062
25.25,-30.25,577.326416015625
25.75,-30.25,535.978454589843
26.25,-30.25,495.951568603515
26.75,-30.25,457.397705078125
27.25,-30.25,420.441162109375
27.75,-30.25,385.18408203125
28.25,-30.25,351.707580566406
28.75,-30.25,320.075073242187
29.25,-30.25,290.332336425781
29.75,-30.25,262.507843017578
30.25,-30.25,236.611679077148
30.75,-30.25,212.635650634765
31.25,-30.25,190.552856445312
31.75,-30.25,170.316146850585
32.25,-30.25,151.860580444335
32.75,-30.25,135.105148315429
33.25,-30.25,119.954811096191
33.75,-30.25,106.304573059082
34.25,-30.25,94.0433959960937
34.75,-30.25,83.057502746582
35.25,-30.25,73.235481262207
35.75,-30.25,64.4714660644531
36.25,-30.25,56.6678657531738
36.75,-30.25,49.7360725402832
37.25,-30.25,43.598461151123
37.75,-30.25,38.187198638916
38.25,-30.25,33.4430656433105
38.75,-30.25,29.3132610321044
39.25,-30.25,25.7489433288574
39.75,-30.25,22.703218460083
40.25,-30.25,20.1289730072021
40.75,-30.25,17.9783878326416
41.25,-30.25,16.2026443481445
41.75,-30.25,14.7520208358764
42.25,-30.25,13.576169013977
42.75,-30.25,12.6244192123413
43.25,-30.25,11.8444719314575
43.75,-30.25,11.1820163726806
44.25,-30.25,10.5848026275634
44.75,-30.25,10.0068187713623
-44.75,-29.75,10.718635559082
-44.25,-29.75,11.3389854431152
-43.75,-29.75,11.8142805099487
-43.25,-29.75,12.1690378189086
-42.75,-29.75,12.4202823638916
-42.25,-29.75,12.5788412094116
-41.75,-29.75,12.6591291427612
-41.25,-29.75,12.6798439025878
-40.75,-29.75,12.6630067825317
-40.25,-29.75,12.6328716278076
-39.75,-29.75,12.6148138046264
-39.25,-29.75,12.6344776153564
-38.75,-29.75,12.7171115875244
-38.25,-29.75,12.8873634338378
-37.75,-29.75,13.1692733764648
-37.25,-29.75,13.5866804122924
-36.75,-29.75,14.1638631820678
-36.25,-29.75,14.9261503219604
-35.75,-29.75,15.9005184173583
-35.25,-29.75,17.1161785125732
-34.75,-29.75,18.6047382354736
-34.25,-29.75,20.4001235961914
-33.75,-29.75,22.5381183624267
-33.25,-29.75,25.055471420288
-32.75,-29.75,27.9888401031494
-32.25,-29.75,31.3730583190917
-31.75,-29.75,35.2390327453613
-31.25,-29.75,39.6121711730957
-30.75,-29.75,44.5104598999023
-30.25,-29.75,49.9427604675293
-29.75,-29.75,55.9081420898437
-29.25,-29.75,62.3958625793457
-28.75,-29.75,69.386116027832
-28.25,-29.75,76.8515853881836
-27.75,-29.75,84.7597732543945
-27.25,-29.75,93.075813293457
-26.75,-29.75,101.765190124511
-26.25,-29.75,110.796005249023
-25.75,-29.75,120.141059875488
-25.25,-29.75,129.778488159179
-24.75,-29.75,139.692031860351
-24.25,-29.75,149.870559692382
-23.75,-29.75,160.307067871093
-23.25,-29.75,170.997146606445
-22.75,-29.75,181.938278198242
-22.25,-29.75,193.129302978515
-21.75,-29.75,204.570388793945
-21.25,-29.75,216.263809204101
-20.75,-29.75,228.2138671875
-20.25,-29.75,240.427917480468
-19.75,-29.75,252.915466308593
-19.25,-29.75,265.686828613281
-18.75,-29.75,278.750701904296
-18.25,-29.75,292.111358642578
-17.75,-29.75,305.765319824218
-17.25,-29.75,319.698455810546
-16.75,-29.75,333.885589599609
-16.25,-29.75,348.289794921875
-15.75,-29.75,362.864715576171
-15.25,-29.75,377.557861328125
-14.75,-29.75,392.314422607421
-14.25,-29.75,407.08267211914
-13.75,-29.75,421.815795898437
-13.25,-29.75,436.47427368164
-12.75,-29.75,451.02603149414
-12.25,-29.75,465.443206787109
-11.75,-29.75,479.699981689453
-11.25,-29.75,493.769165039062
-10.75,-29.75,507.619720458984
-10.25,-29.75,521.215393066406
-9.75,-29.75,534.517578125
-9.25,-29.75,547.488647460937
-8.75,-29.75,560.097412109375
-8.25,-29.75,572.325012207031
-7.75,-29.75,584.171142578125
-7.25,-29.75,595.659118652343
-6.75,-29.75,606.836303710937
-6.25,-29.75,617.774719238281
-5.75,-29.75,628.567749023437
-5.25,-29.75,639.324157714843
-4.75,-29.75,650.163330078125
-4.25,-29.75,661.207092285156
-3.75,-29.75,672.574401855468
-3.25,-29.75,684.37353515625
-2.75,-29.75,696.700317382812
-2.25,-29.75,709.631896972656
-1.75,-29.75,723.227355957031
-1.25,-29.75,737.524597167968
-0.75,-29.75,752.54248046875
-0.25,-29.75,768.282165527343
0.25,-29.75,784.730041503906
0.75,-29.75,801.861755371093
1.25,-29.75,819.649353027343
1.75,-29.75,838.06640625
2.25,-29.75,857.095825195312
2.75,-29.75,876.736755371093
3.25,-29.75,897.007690429687
3.75,-29.75,917.951538085937
4.25,-29.75,939.632202148437
4.75,-29.75,962.128723144531
5.25,-29.75,985.528564453125
5.75,-29.75,1009.90905761718
6.25,-29.75,1035.32446289062
6.75,-29.75,1061.78735351562
7.25,-29.75,1089.25231933593
7.75,-29.75,1117.60266113281
8.25,-29.75,1146.63842773437
8.75,-29.75,1176.07348632812
9.25,-29.75,1205.537109375
9.75,-29.75,1234.58166503906
10.25,-29.75,1262.70129394531
10.75,-29.75,1289.34973144531
11.25,-29.75,1313.974609375
11.75,-29.75,1336.03979492187
12.25,-29.75,1355.0595703125
12.75,-29.75,1370.62072753906
13.25,-29.75,1382.40087890625
13.75,-29.75,1390.17492675781
14.25,-29.75,1393.81481933593
14.75,-29.75,1393.27648925781
15.25,-29.75,1388.58325195312
15.75,-29.75,1379.80151367187
16.25,-29.75,1367.02502441406
16.75,-29.75,1350.35754394531
17.25,-29.75,1329.89965820312
17.75,-29.75,1305.75244140625
18.25,-29.75,1278.02551269531
18.75,-29.75,1246.84680175781
19.25,-29.75,1212.37768554687
19.75,-29.75,1174.8271484375
20.25,-29.75,1134.45849609375
20.75,-29.75,1091.59326171875
21.25,-29.75,1046.60327148437
21.75,-29.75,999.901000976562
22.25,-29.75,951.9189453125
22.75,-29.75,903.094604492187
23.25,-29.75,853.8486328125
23.75,-29.75,804.576354980468
24.25,-29.75,755.633056640625
24.75,-29.75,707.333129882812
25.25,-29.75,659.948669433593
25.75,-29.75,613.712280273437
26.25,-29.75,568.821960449218
26.75,-29.75,525.445495605468
27.25,-29.75,483.726470947265
27.75,-29.75,443.787658691406
28.25,-29.75,405.73306274414
28.75,-29.75,369.648773193359
29.25,-29.75,335.604431152343
29.75,-29.75,303.651123046875
30.25,-29.75,273.819763183593
30.75,-29.75,246.120285034179
31.25,-29.75,220.540283203125
31.75,-29.75,197.043228149414
32.25,-29.75,175.56982421875
32.75,-29.75,156.040573120117
33.25,-29.75,138.357666015625
33.75,-29.75,122.409835815429
34.25,-29.75,108.07689666748
34.75,-29.75,95.2339401245117
35.25,-29.75,83.7573623657226
35.75,-29.75,73.5282440185546
36.25,-29.75,64.4360046386718
36.75,-29.75,56.3790206909179
37.25,-29.75,49.2669830322265
37.75,-29.75,43.0197715759277
38.25,-29.75,37.566162109375
38.75,-29.75,32.8415298461914
39.25,-29.75,28.7853260040283
39.75,-29.75,25.3392143249511
40.25,-29.75,22.4447536468505
40.75,-29.75,20.0432872772216
41.25,-29.75,18.0757827758789
41.75,-29.75,16.4830474853515
42.25,-29.75,15.20601272583
42.75,-29.75,14.1858758926391
43.25,-29.75,13.3623542785644
43.75,-29.75,12.6728067398071
44.25,-29.75,12.056505203247
44.75,-29.75,11.4592819213867
-44.75,-29.25,11.4701480865478
-44.25,-29.25,12.0495109558105
-43.75,-29.25,12.4708604812622
-43.25,-29.25,12.7675771713256
-42.75,-29.25,12.9644718170166
-42.25,-29.25,13.0788192749023
-41.75,-29.25,13.1306781768798
-41.25,-29.25,13.1432781219482
-40.75,-29.25,13.1419649124145
-40.25,-29.25,13.1530818939208
-39.75,-29.25,13.2031593322753
-39.25,-29.25,13.3183422088623
-38.75,-29.25,13.5241661071777
-38.25,-29.25,13.845682144165
-37.75,-29.25,14.3077793121337
-37.25,-29.25,14.9357576370239
-36.75,-29.25,15.7560815811157
-36.25,-29.25,16.7969779968261
-35.75,-29.25,18.0889778137207
-35.25,-29.25,19.6653861999511
-34.75,-29.25,21.5623626708984
-34.25,-29.25,23.8186836242675
-33.75,-29.25,26.475242614746
-33.25,-29.25,29.5739250183105
-32.75,-29.25,33.156452178955
-32.25,-29.25,37.2624931335449
-31.75,-29.25,41.9272193908691
-31.25,-29.25,47.1794548034668
-30.75,-29.25,53.0396423339843
-30.25,-29.25,59.5176582336425
-29.75,-29.25,66.612060546875
-29.25,-29.25,74.3098526000976
-28.75,-29.25,82.587173461914
-28.25,-29.25,91.4110260009765
-27.75,-29.25,100.741523742675
-27.25,-29.25,110.535339355468
-26.75,-29.25,120.748275756835
-26.25,-29.25,131.338348388671
-25.75,-29.25,142.267959594726
-25.25,-29.25,153.504776000976
-24.75,-29.25,165.02261352539
-24.25,-29.25,176.800735473632
-23.75,-29.25,188.823303222656
-23.25,-29.25,201.078247070312
-22.75,-29.25,213.55615234375
-22.25,-29.25,226.250930786132
-21.75,-29.25,239.159240722656
-21.25,-29.25,252.281814575195
-20.75,-29.25,265.624420166015
-20.25,-29.25,279.197631835937
-19.75,-29.25,293.016723632812
-19.25,-29.25,307.099060058593
-18.75,-29.25,321.462005615234
-18.25,-29.25,336.118041992187
-17.75,-29.25,351.071105957031
-17.25,-29.25,366.312805175781
-16.75,-29.25,381.820556640625
-16.25,-29.25,397.557220458984
-15.75,-29.25,413.472778320312
-15.25,-29.25,429.507934570312
-14.75,-29.25,445.599243164062
-14.25,-29.25,461.684600830078
-13.75,-29.25,477.707366943359
-13.25,-29.25,493.620422363281
-12.75,-29.25,509.38638305664
-12.25,-29.25,524.976989746093
-11.75,-29.25,540.370361328125
-11.25,-29.25,555.54736328125
-10.75,-29.25,570.488830566406
-10.25,-29.25,585.173217773437
-9.75,-29.25,599.577575683593
-9.25,-29.25,613.678649902343
-8.75,-29.25,627.459167480468
-8.25,-29.25,640.910949707031
-7.75,-29.25,654.041931152343
-7.25,-29.25,666.880310058593
-6.75,-29.25,679.475036621093
-6.25,-29.25,691.899597167968
-5.75,-29.25,704.245361328125
-5.25,-29.25,716.620666503906
-4.75,-29.25,729.143432617187
-4.25,-29.25,741.934143066406
-3.75,-29.25,755.110046386718
-3.25,-29.25,768.779357910156
-2.75,-29.25,783.036376953125
-2.25,-29.25,797.957397460937
-1.75,-29.25,813.60009765625
-1.25,-29.25,830.00244140625
-0.75,-29.25,847.182678222656
-0.25,-29.25,865.142395019531
0.25,-29.25,883.869567871093
0.75,-29.25,903.3427734375
1.25,-29.25,923.53759765625
1.75,-29.25,944.4326171875
2.25,-29.25,966.015502929687
2.75,-29.25,988.289978027343
3.25,-29.25,1011.27905273437
3.75,-29.25,1035.02600097656
4.25,-29.25,1059.59338378906
4.75,-29.25,1085.05480957031
5.25,-29.25,1111.48571777343
5.75,-29.25,1138.94702148437
6.25,-29.25,1167.47253417968
6.75,-29.25,1197.04797363281
7.25,-29.25,1227.5986328125
7.75,-29.25,1258.97680664062
8.25,-29.25,1290.9521484375
8.75,-29.25,1323.20983886718
9.25,-29.25,1355.3544921875
9.75,-29.25,1386.921875
10.25,-29.25,1417.39050292968
10.75,-29.25,1446.20690917968
11.25,-29.25,1472.80969238281
11.75,-29.25,1496.65856933593
12.25,-29.25,1517.25598144531
12.75,-29.25,1534.17358398437
13.25,-29.25,1547.06591796875
13.75,-29.25,1555.67797851562
14.25,-29.25,1559.84558105468
14.75,-29.25,1559.48449707031
15.25,-29.25,1554.57739257812
15.75,-29.25,1545.15466308593
16.25,-29.25,1531.28295898437
16.75,-29.25,1513.04821777343
17.25,-29.25,1490.54919433593
17.75,-29.25,1463.90026855468
18.25,-29.25,1433.23559570312
18.75,-29.25,1398.72119140625
19.25,-29.25,1360.56616210937
19.75,-29.25,1319.03015136718
20.25,-29.25,1274.42907714843
20.75,-29.25,1227.13256835937
21.25,-29.25,1177.55639648437
21.75,-29.25,1126.1455078125
22.25,-29.25,1073.35961914062
22.75,-29.25,1019.6519165039
23.25,-29.25,965.454833984375
23.75,-29.25,911.169006347656
24.25,-29.25,857.155822753906
24.75,-29.25,803.734802246093
25.25,-29.25,751.185424804687
25.75,-29.25,699.7529296875
26.25,-29.25,649.651123046875
26.75,-29.25,601.068969726562
27.25,-29.25,554.174926757812
27.75,-29.25,509.11929321289
28.25,-29.25,466.036560058593
28.75,-29.25,425.043884277343
29.25,-29.25,386.241516113281
29.75,-29.25,349.709594726562
30.25,-29.25,315.505096435546
30.75,-29.25,283.660217285156
31.25,-29.25,254.180313110351
31.75,-29.25,227.040832519531
32.25,-29.25,202.189758300781
32.75,-29.25,179.549819946289
33.25,-29.25,159.020889282226
33.75,-29.25,140.485595703125
34.25,-29.25,123.815055847167
34.75,-29.25,108.873420715332
35.25,-29.25,95.524673461914
35.75,-29.25,83.6369476318359
36.25,-29.25,73.0860595703125
36.75,-29.25,63.7565574645996
37.25,-29.25,55.5441513061523
37.75,-29.25,48.354694366455
38.25,-29.25,42.1029090881347
38.75,-29.25,36.7100296020507
39.25,-29.25,32.1014747619628
39.75,-29.25,28.2050628662109
40.25,-29.25,24.9489040374755
40.75,-29.25,22.261568069458
41.25,-29.25,20.0722637176513
41.75,-29.25,18.3110961914062
42.25,-29.25,16.9094257354736
42.75,-29.25,15.7998266220092
43.25,-29.25,14.9138755798339
43.75,-29.25,14.1808404922485
44.25,-29.25,13.5319566726684
44.75,-29.25,12.9054317474365
-44.75,-28.75,12.4866638183593
-44.25,-28.75,12.9920091629028
-43.75,-28.75,13.3250827789306
-43.25,-28.75,13.5311441421508
-42.75,-28.75,13.6447696685791
-42.25,-28.75,13.6907958984375
-41.75,-28.75,13.6955118179321
-41.25,-28.75,13.686915397644
-40.75,-28.75,13.6936254501342
-40.25,-28.75,13.7439680099487
-39.75,-28.75,13.8655471801757
-39.25,-28.75,14.085069656372
-38.75,-28.75,14.4285860061645
-38.25,-28.75,14.9219989776611
-37.75,-28.75,15.5916328430175
-37.25,-28.75,16.4649658203125
-36.75,-28.75,17.5714302062988
-36.25,-28.75,18.9429302215576
-35.75,-28.75,20.6142673492431
-35.25,-28.75,22.6235198974609
-34.75,-28.75,25.0119724273681
-34.25,-28.75,27.8237628936767
-33.75,-28.75,31.1052455902099
-33.25,-28.75,34.9037246704101
-32.75,-28.75,39.2662200927734
-32.25,-28.75,44.2372512817382
-31.75,-28.75,49.8561210632324
-31.25,-28.75,56.1548919677734
-30.75,-28.75,63.1558036804199
-30.25,-28.75,70.8690567016601
-29.75,-28.75,79.2915802001953
-29.25,-28.75,88.406753540039
-28.75,-28.75,98.1849822998046
-28.25,-28.75,108.585525512695
-27.75,-28.75,119.558853149414
-27.25,-28.75,131.05044555664
-26.75,-28.75,143.003921508789
-26.25,-28.75,155.364227294921
-25.75,-28.75,168.080413818359
-25.25,-28.75,181.107040405273
-24.75,-28.75,194.405380249023
-24.25,-28.75,207.942962646484
-23.75,-28.75,221.693588256835
-23.25,-28.75,235.636032104492
-22.75,-28.75,249.754104614257
-22.25,-28.75,264.03662109375
-21.75,-28.75,278.477844238281
-21.25,-28.75,293.078979492187
-20.75,-28.75,307.848907470703
-20.25,-28.75,322.804290771484
-19.75,-28.75,337.96875
-19.25,-28.75,353.36978149414
-18.75,-28.75,369.03564453125
-18.25,-28.75,384.989440917968
-17.75,-28.75,401.24462890625
-17.25,-28.75,417.799377441406
-16.75,-28.75,434.634521484375
-16.25,-28.75,451.712493896484
-15.75,-28.75,468.978576660156
-15.25,-28.75,486.365203857421
-14.75,-28.75,503.797668457031
-14.25,-28.75,521.20166015625
-13.75,-28.75,538.508056640625
-13.25,-28.75,555.659301757812
-12.75,-28.75,572.61181640625
-12.25,-28.75,589.335510253906
-11.75,-28.75,605.812683105468
-11.25,-28.75,622.034118652343
-10.75,-28.75,637.995422363281
-10.25,-28.75,653.693908691406
-9.75,-28.75,669.127075195312
-9.25,-28.75,684.29296875
-8.75,-28.75,699.193603515625
-8.25,-28.75,713.838134765625
-7.75,-28.75,728.246948242187
-7.25,-28.75,742.457275390625
-6.75,-28.75,756.523742675781
-6.25,-28.75,770.520263671875
-5.75,-28.75,784.538269042968
-5.25,-28.75,798.681762695312
-4.75,-28.75,813.064880371093
-4.25,-28.75,827.802612304687
-3.75,-28.75,843.006042480468
-3.25,-28.75,858.776977539062
-2.75,-28.75,875.202941894531
-2.25,-28.75,892.354309082031
-1.75,-28.75,910.281799316406
-1.25,-28.75,929.017883300781
-0.75,-28.75,948.576965332031
-0.25,-28.75,968.959045410156
0.25,-28.75,990.152221679687
0.75,-28.75,1012.14001464843
1.25,-28.75,1034.90417480468
1.75,-28.75,1058.43273925781
2.25,-28.75,1082.72497558593
2.75,-28.75,1107.79516601562
3.25,-28.75,1133.67626953125
3.75,-28.75,1160.41735839843
4.25,-28.75,1188.08117675781
4.75,-28.75,1216.73486328125
5.25,-28.75,1246.43896484375
5.75,-28.75,1277.232421875
6.25,-28.75,1309.11682128906
6.75,-28.75,1342.04260253906
7.25,-28.75,1375.89440917968
7.75,-28.75,1410.48266601562
8.25,-28.75,1445.53955078125
8.75,-28.75,1480.71765136718
9.25,-28.75,1515.59692382812
9.75,-28.75,1549.69580078125
10.25,-28.75,1582.48779296875
10.75,-28.75,1613.41955566406
11.25,-28.75,1641.93530273437
11.75,-28.75,1667.498046875
12.25,-28.75,1689.61303710937
12.75,-28.75,1707.84448242187
13.25,-28.75,1721.82922363281
13.75,-28.75,1731.28430175781
14.25,-28.75,1736.00732421875
14.75,-28.75,1735.87048339843
15.25,-28.75,1730.80603027343
15.75,-28.75,1720.80261230468
16.25,-28.75,1705.89025878906
16.75,-28.75,1686.13220214843
17.25,-28.75,1661.62194824218
17.75,-28.75,1632.48168945312
18.25,-28.75,1598.87377929687
18.75,-28.75,1561.00378417968
19.25,-28.75,1519.13195800781
19.75,-28.75,1473.57141113281
20.25,-28.75,1424.69299316406
20.75,-28.75,1372.91625976562
21.25,-28.75,1318.69665527343
21.75,-28.75,1262.51123046875
22.25,-28.75,1204.83935546875
22.75,-28.75,1146.1455078125
23.25,-28.75,1086.86633300781
23.75,-28.75,1027.4033203125
24.25,-28.75,968.117553710937
24.75,-28.75,909.330871582031
25.25,-28.75,851.330017089843
25.75,-28.75,794.372680664062
26.25,-28.75,738.692443847656
26.75,-28.75,684.50390625
27.25,-28.75,632.006713867187
27.75,-28.75,581.387084960937
28.25,-28.75,532.816589355468
28.75,-28.75,486.451751708984
29.25,-28.75,442.429901123046
29.75,-28.75,400.86572265625
30.25,-28.75,361.846954345703
30.75,-28.75,325.43130493164
31.25,-28.75,291.643951416015
31.75,-28.75,260.474182128906
32.25,-28.75,231.878067016601
32.75,-28.75,205.78125
33.25,-28.75,182.08203125
33.75,-28.75,160.657836914062
34.25,-28.75,141.371810913085
34.75,-28.75,124.077774047851
35.25,-28.75,108.627853393554
35.75,-28.75,94.8773574829101
36.25,-28.75,82.688117980957
36.75,-28.75,71.9299087524414
37.25,-28.75,62.4830245971679
37.75,-28.75,54.2372741699218
38.25,-28.75,47.0910148620605
38.75,-28.75,40.9487991333007
39.25,-28.75,35.7193794250488
39.75,-28.75,31.3142910003662
40.25,-28.75,27.6459293365478
40.75,-28.75,24.6282329559326
41.25,-28.75,22.1770439147949
41.75,-28.75,20.2105674743652
42.25,-28.75,18.649766921997
42.75,-28.75,17.4181652069091
43.25,-28.75,16.4393253326416
43.75,-28.75,15.6350135803222
44.25,-28.75,14.9294900894165
44.75,-28.75,14.2545728683471
-44.75,-28.25,13.7682380676269
-44.25,-28.25,14.1683692932128
-43.75,-28.25,14.3830442428588
-43.25,-28.25,14.4717903137207
-42.75,-28.25,14.4801635742187
-42.25,-28.25,14.440894126892
-41.75,-28.25,14.3863306045532
-41.25,-28.25,14.3489084243774
-40.75,-28.25,14.3601188659667
-40.25,-28.25,14.4500427246093
-39.75,-28.25,14.6473627090454
-39.25,-28.25,14.9796590805053
-38.75,-28.25,15.4740772247314
-38.25,-28.25,16.158218383789
-37.75,-28.25,17.0608711242675
-37.25,-28.25,18.2128028869628
-36.75,-28.25,19.6475887298584
-36.25,-28.25,21.4019241333007
-35.75,-28.25,23.5159473419189
-35.25,-28.25,26.0334491729736
-34.75,-28.25,29.0016593933105
-34.25,-28.25,32.4707641601562
-33.75,-28.25,36.4931640625
-33.25,-28.25,41.1219863891601
-32.75,-28.25,46.409812927246
-32.25,-28.25,52.4060592651367
-31.75,-28.25,59.153995513916
-31.25,-28.25,66.6884002685546
-30.75,-28.25,75.0326385498046
-30.25,-28.25,84.1960220336914
-29.75,-28.25,94.1724090576171
-29.25,-28.25,104.939575195312
-28.75,-28.25,116.4599609375
-28.25,-28.25,128.682418823242
-27.75,-28.25,141.544845581054
-27.25,-28.25,154.978302001953
-26.75,-28.25,168.910766601562
-26.25,-28.25,183.270690917968
-25.75,-28.25,197.990341186523
-25.25,-28.25,213.007949829101
-24.75,-28.25,228.269256591796
-24.25,-28.25,243.727722167968
-23.75,-28.25,259.344787597656
-23.25,-28.25,275.089538574218
-22.75,-28.25,290.938262939453
-22.25,-28.25,306.875579833984
-21.75,-28.25,322.894866943359
-21.25,-28.25,338.999786376953
-20.75,-28.25,355.205108642578
-20.25,-28.25,371.536682128906
-19.75,-28.25,388.029663085937
-19.25,-28.25,404.725158691406
-18.75,-28.25,421.665405273437
-18.25,-28.25,438.887176513671
-17.75,-28.25,456.415374755859
-17.25,-28.25,474.25698852539
-16.75,-28.25,492.397094726562
-16.25,-28.25,510.798400878906
-15.75,-28.25,529.401428222656
-15.25,-28.25,548.129455566406
-14.75,-28.25,566.896057128906
-14.25,-28.25,585.61181640625
-13.75,-28.25,604.19384765625
-13.25,-28.25,622.572631835937
-12.75,-28.25,640.695861816406
-12.25,-28.25,658.531066894531
-11.75,-28.25,676.063903808593
-11.25,-28.25,693.295104980468
-10.75,-28.25,710.236328125
-10.25,-28.25,726.906066894531
-9.75,-28.25,743.325378417968
-9.25,-28.25,759.517333984375
-8.75,-28.25,775.507263183593
-8.25,-28.25,791.324768066406
-7.75,-28.25,807.007873535156
-7.25,-28.25,822.605712890625
-6.75,-28.25,838.1796875
-6.25,-28.25,853.807312011718
-5.75,-28.25,869.578735351562
-5.25,-28.25,885.594787597656
-4.75,-28.25,901.962097167968
-4.25,-28.25,918.788818359375
-3.75,-28.25,936.177001953125
-3.25,-28.25,954.218872070312
-2.75,-28.25,972.990539550781
-2.25,-28.25,992.552490234375
-1.75,-28.25,1012.94592285156
-1.25,-28.25,1034.19348144531
-0.75,-28.25,1056.3037109375
-0.25,-28.25,1079.27270507812
0.25,-28.25,1103.09033203125
0.75,-28.25,1127.74353027343
1.25,-28.25,1153.22509765625
1.75,-28.25,1179.53662109375
2.25,-28.25,1206.69323730468
2.75,-28.25,1234.72521972656
3.25,-28.25,1263.68005371093
3.75,-28.25,1293.61596679687
4.25,-28.25,1324.59692382812
4.75,-28.25,1356.68273925781
5.25,-28.25,1389.91357421875
5.75,-28.25,1424.30041503906
6.25,-28.25,1459.80432128906
6.75,-28.25,1496.3291015625
7.25,-28.25,1533.70886230468
7.75,-28.25,1571.70568847656
8.25,-28.25,1610.00598144531
8.75,-28.25,1648.22595214843
9.25,-28.25,1685.919921875
9.75,-28.25,1722.5947265625
10.25,-28.25,1757.72253417968
10.75,-28.25,1790.75964355468
11.25,-28.25,1821.1630859375
11.75,-28.25,1848.41284179687
12.25,-28.25,1872.02270507812
12.75,-28.25,1891.55700683593
13.25,-28.25,1906.64172363281
13.75,-28.25,1916.96716308593
14.25,-28.25,1922.29162597656
14.75,-28.25,1922.43859863281
15.25,-28.25,1917.29089355468
15.75,-28.25,1906.78588867187
16.25,-28.25,1890.91235351562
16.75,-28.25,1869.70690917968
17.25,-28.25,1843.25048828125
17.75,-28.25,1811.67443847656
18.25,-28.25,1775.16479492187
18.75,-28.25,1733.96875
19.25,-28.25,1688.39489746093
19.75,-28.25,1638.81237792968
20.25,-28.25,1585.64562988281
20.75,-28.25,1529.36047363281
21.25,-28.25,1470.45288085937
21.75,-28.25,1409.42553710937
22.25,-28.25,1346.77404785156
22.75,-28.25,1282.96984863281
23.25,-28.25,1218.44995117187
23.75,-28.25,1153.61157226562
24.25,-28.25,1088.814453125
24.75,-28.25,1024.38159179687
25.25,-28.25,960.607299804687
25.75,-28.25,897.765075683593
26.25,-28.25,836.11181640625
26.75,-28.25,775.89404296875
27.25,-28.25,717.349609375
27.75,-28.25,660.706970214843
28.25,-28.25,606.183349609375
28.75,-28.25,553.980346679687
29.25,-28.25,504.278015136718
29.75,-28.25,457.230926513671
30.25,-28.25,412.960418701171
30.75,-28.25,371.551879882812
31.25,-28.25,333.052215576171
31.75,-28.25,297.465179443359
32.25,-28.25,264.755950927734
32.75,-28.25,234.853790283203
33.25,-28.25,207.656265258789
33.75,-28.25,183.037002563476
34.25,-28.25,160.852081298828
34.75,-28.25,140.946136474609
35.25,-28.25,123.160324096679
35.75,-28.25,107.336997985839
36.25,-28.25,93.3239135742187
36.75,-28.25,80.9749145507812
37.25,-28.25,70.1531600952148
37.75,-28.25,60.7303466796875
38.25,-28.25,52.5858268737793
38.75,-28.25,45.6048583984375
39.25,-28.25,39.676959991455
39.75,-28.25,34.6949462890625
40.25,-28.25,30.5534191131591
40.75,-28.25,27.1498947143554
41.25,-28.25,24.3854236602783
41.75,-28.25,22.165225982666
42.25,-28.25,20.399055480957
42.75,-28.25,19.0010757446289
43.25,-28.25,17.8870201110839
43.75,-28.25,16.972089767456
44.25,-28.25,16.1749992370605
44.75,-28.25,15.4229049682617
-44.75,-27.75,15.2991104125976
-44.25,-27.75,15.5673532485961
-43.75,-27.75,15.6399087905883
-43.25,-27.75,15.5922708511352
-42.75,-27.75,15.4814643859863
-42.25,-27.75,15.3477582931518
-41.75,-27.75,15.2289628982543
-41.25,-27.75,15.1611967086792
-40.75,-27.75,15.1783266067504
-40.25,-27.75,15.3119354248046
-39.75,-27.75,15.5919036865234
-39.25,-27.75,16.0471591949462
-38.75,-27.75,16.7067794799804
-38.25,-27.75,17.6011581420898
-37.75,-27.75,18.7628078460693
-37.25,-27.75,20.2271842956542
-36.75,-27.75,22.0333805084228
-36.25,-27.75,24.2243118286132
-35.75,-27.75,26.8467407226562
-35.25,-27.75,29.9514007568359
-34.75,-27.75,33.5925674438476
-34.25,-27.75,37.8274459838867
-33.75,-27.75,42.7152023315429
-33.25,-27.75,48.3153991699218
-32.75,-27.75,54.6864624023437
-32.25,-27.75,61.8827857971191
-31.75,-27.75,69.9512710571289
-31.25,-27.75,78.928726196289
-30.75,-27.75,88.8386077880859
-30.25,-27.75,99.6877822875976
-29.75,-27.75,111.464988708496
-29.25,-27.75,124.140090942382
-28.75,-27.75,137.664733886718
-28.25,-27.75,151.974166870117
-27.75,-27.75,166.990173339843
-27.25,-27.75,182.625854492187
-26.75,-27.75,198.78955078125
-26.25,-27.75,215.389373779296
-25.75,-27.75,232.337249755859
-25.25,-27.75,249.55142211914
-24.75,-27.75,266.959075927734
-24.25,-27.75,284.497192382812
-23.75,-27.75,302.113342285156
-23.25,-27.75,319.765594482421
-22.75,-27.75,337.423034667968
-22.25,-27.75,355.066955566406
-21.75,-27.75,372.691467285156
-21.25,-27.75,390.305023193359
-20.75,-27.75,407.931518554687
-20.25,-27.75,425.609558105468
-19.75,-27.75,443.389251708984
-19.25,-27.75,461.328674316406
-18.75,-27.75,479.487976074218
-18.25,-27.75,497.919952392578
-17.75,-27.75,516.663940429687
-17.25,-27.75,535.73779296875
-16.75,-27.75,555.133239746093
-16.25,-27.75,574.813842773437
-15.75,-27.75,594.716125488281
-15.25,-27.75,614.755859375
-14.75,-27.75,634.832702636718
-14.25,-27.75,654.843627929687
-13.75,-27.75,674.690673828125
-13.25,-27.75,694.290649414062
-12.75,-27.75,713.582580566406
-12.25,-27.75,732.529052734375
-11.75,-27.75,751.118347167968
-11.25,-27.75,769.360717773437
-10.75,-27.75,787.283203125
-10.25,-27.75,804.924682617187
-9.75,-27.75,822.330627441406
-9.25,-27.75,839.549865722656
-8.75,-27.75,856.6318359375
-8.25,-27.75,873.629211425781
-7.75,-27.75,890.598388671875
-7.25,-27.75,907.602478027343
-6.75,-27.75,924.711303710937
-6.25,-27.75,942.006896972656
-5.75,-27.75,959.579345703125
-5.25,-27.75,977.526245117187
-4.75,-27.75,995.948059082031
-4.25,-27.75,1014.94470214843
-3.75,-27.75,1034.60827636718
-3.25,-27.75,1055.02062988281
-2.75,-27.75,1076.24645996093
-2.25,-27.75,1098.33325195312
-1.75,-27.75,1121.31103515625
-1.25,-27.75,1145.19323730468
-0.75,-27.75,1169.97961425781
-0.25,-27.75,1195.66271972656
0.25,-27.75,1222.23376464843
0.75,-27.75,1249.68627929687
1.25,-27.75,1278.025390625
1.75,-27.75,1307.26782226562
2.25,-27.75,1337.44909667968
2.75,-27.75,1368.61987304687
3.25,-27.75,1400.84350585937
3.75,-27.75,1434.18774414062
4.25,-27.75,1468.71862792968
4.75,-27.75,1504.48413085937
5.25,-27.75,1541.50109863281
5.75,-27.75,1579.7431640625
6.25,-27.75,1619.12341308593
6.75,-27.75,1659.49353027343
7.25,-27.75,1700.62780761718
7.75,-27.75,1742.23205566406
8.25,-27.75,1783.94421386718
8.75,-27.75,1825.34130859375
9.25,-27.75,1865.95483398437
9.75,-27.75,1905.28051757812
10.25,-27.75,1942.79541015625
10.75,-27.75,1977.97131347656
11.25,-27.75,2010.287109375
11.75,-27.75,2039.24304199218
12.25,-27.75,2064.37060546875
12.75,-27.75,2085.23852539062
13.25,-27.75,2101.46435546875
13.75,-27.75,2112.71411132812
14.25,-27.75,2118.70825195312
14.75,-27.75,2119.22216796875
15.25,-27.75,2114.08447265625
15.75,-27.75,2103.18041992187
16.25,-27.75,2086.45361328125
16.75,-27.75,2063.91015625
17.25,-27.75,2035.61572265625
17.75,-27.75,2001.70483398437
18.25,-27.75,1962.38671875
18.75,-27.75,1917.94360351562
19.25,-27.75,1868.73095703125
19.75,-27.75,1815.16796875
20.25,-27.75,1757.72961425781
20.75,-27.75,1696.92602539062
21.25,-27.75,1633.28662109375
21.75,-27.75,1567.33776855468
22.25,-27.75,1499.58813476562
22.75,-27.75,1430.51342773437
23.25,-27.75,1360.54870605468
23.75,-27.75,1290.08825683593
24.25,-27.75,1219.48913574218
24.75,-27.75,1149.07849121093
25.25,-27.75,1079.16247558593
25.75,-27.75,1010.03369140625
26.25,-27.75,941.979309082031
26.75,-27.75,875.283081054687
27.25,-27.75,810.228820800781
27.75,-27.75,747.094055175781
28.25,-27.75,686.147521972656
28.75,-27.75,627.641296386718
29.25,-27.75,571.803405761718
29.75,-27.75,518.830627441406
30.25,-27.75,468.88052368164
30.75,-27.75,422.067260742187
31.25,-27.75,378.459747314453
31.75,-27.75,338.077087402343
32.25,-27.75,300.893646240234
32.75,-27.75,266.84326171875
33.25,-27.75,235.82405090332
33.75,-27.75,207.706726074218
34.25,-27.75,182.341995239257
34.75,-27.75,159.566223144531
35.25,-27.75,139.21044921875
35.75,-27.75,121.104309082031
36.25,-27.75,105.080856323242
36.75,-27.75,90.9766998291015
37.25,-27.75,78.6362380981445
37.75,-27.75,67.9105072021484
38.25,-27.75,58.6574745178222
38.75,-27.75,50.7405014038085
39.25,-27.75,44.0274353027343
39.75,-27.75,38.3903007507324
40.25,-27.75,33.7041130065918
40.75,-27.75,29.8485069274902
41.25,-27.75,26.7085876464843
41.75,-27.75,24.1756191253662
42.25,-27.75,22.1475391387939
42.75,-27.75,20.5288219451904
43.25,-27.75,19.2275733947753
43.75,-27.75,18.1533336639404
44.25,-27.75,17.2207736968994
44.75,-27.75,16.3542671203613
-44.75,-27.25,17.0629138946533
-44.25,-27.25,17.1792392730712
-43.75,-27.25,17.0933628082275
-43.25,-27.25,16.8978424072265
-42.75,-27.25,16.6612033843994
-42.25,-27.25,16.4306240081787
-41.75,-27.25,16.2485218048095
-41.25,-27.25,16.1540164947509
-40.75,-27.25,16.1828556060791
-40.25,-27.25,16.3679904937744
-39.75,-27.25,16.7407722473144
-39.25,-27.25,17.3321113586425
-38.75,-27.25,18.1739711761474
-38.25,-27.25,19.3007125854492
-37.75,-27.25,20.7499618530273
-37.25,-27.25,22.5633182525634
-36.75,-27.25,24.786973953247
-36.25,-27.25,27.4715347290039
-35.75,-27.25,30.6719570159912
-35.25,-27.25,34.4473266601562
-34.75,-27.25,38.8602600097656
-34.25,-27.25,43.9761123657226
-33.75,-27.25,49.8617553710937
-33.25,-27.25,56.5838165283203
-32.75,-27.25,64.2068939208984
-32.25,-27.25,72.7902297973632
-31.75,-27.25,82.3839569091796
-31.25,-27.25,93.0258483886718
-30.75,-27.25,104.737968444824
-30.25,-27.25,117.522796630859
-29.75,-27.25,131.361511230468
-29.25,-27.25,146.213180541992
-28.75,-27.25,162.015411376953
-28.25,-27.25,178.686264038085
-27.75,-27.25,196.127792358398
-27.25,-27.25,214.23110961914
-26.75,-27.25,232.881072998046
-26.25,-27.25,251.961563110351
-25.75,-27.25,271.3603515625
-25.25,-27.25,290.972869873046
-24.75,-27.25,310.704406738281
-24.25,-27.25,330.473510742187
-23.75,-27.25,350.21206665039
-23.25,-27.25,369.866760253906
-22.75,-27.25,389.399749755859
-22.25,-27.25,408.789825439453
-21.75,-27.25,428.034027099609
-21.25,-27.25,447.1484375
-20.75,-27.25,466.168701171875
-20.25,-27.25,485.14956665039
-19.75,-27.25,504.159637451171
-19.25,-27.25,523.277648925781
-18.75,-27.25,542.583740234375
-18.25,-27.25,562.150573730468
-17.75,-27.25,582.0341796875
-17.25,-27.25,602.265258789062
-16.75,-27.25,622.844421386718
-16.25,-27.25,643.737976074218
-15.75,-27.25,664.880554199218
-15.25,-27.25,686.179992675781
-14.75,-27.25,707.526428222656
-14.25,-27.25,728.802673339843
-13.75,-27.25,749.897399902343
-13.25,-27.25,770.713684082031
-12.75,-27.25,791.181518554687
-12.25,-27.25,811.258850097656
-11.75,-27.25,830.934875488281
-11.25,-27.25,850.227355957031
-10.75,-27.25,869.176635742187
-10.25,-27.25,887.839782714843
-9.75,-27.25,906.28369140625
-9.25,-27.25,924.580383300781
-8.75,-27.25,942.802490234375
-8.25,-27.25,961.024353027343
-7.75,-27.25,979.319213867187
-7.25,-27.25,997.76318359375
-6.75,-27.25,1016.43695068359
-6.25,-27.25,1035.42651367187
-5.75,-27.25,1054.82312011718
-5.25,-27.25,1074.72290039062
-4.75,-27.25,1095.2216796875
-4.25,-27.25,1116.4130859375
-3.75,-27.25,1138.38171386718
-3.25,-27.25,1161.19958496093
-2.75,-27.25,1184.92163085937
-2.25,-27.25,1209.58471679687
-1.75,-27.25,1235.20727539062
-1.25,-27.25,1261.79406738281
-0.75,-27.25,1289.33862304687
-0.25,-27.25,1317.83032226562
0.25,-27.25,1347.26159667968
0.75,-27.25,1377.63513183593
1.25,-27.25,1408.96826171875
1.75,-27.25,1441.29711914062
2.25,-27.25,1474.67700195312
2.75,-27.25,1509.17834472656
3.25,-27.25,1544.88122558593
3.75,-27.25,1581.86291503906
4.25,-27.25,1620.18530273437
4.75,-27.25,1659.88171386718
5.25,-27.25,1700.93908691406
5.75,-27.25,1743.28820800781
6.25,-27.25,1786.78979492187
6.75,-27.25,1831.23132324218
7.25,-27.25,1876.32751464843
7.75,-27.25,1921.72314453125
8.25,-27.25,1967.00659179687
8.75,-27.25,2011.716796875
9.25,-27.25,2055.36328125
9.75,-27.25,2097.435546875
10.25,-27.25,2137.41943359375
10.75,-27.25,2174.80688476562
11.25,-27.25,2209.10180664062
11.75,-27.25,2239.83178710937
12.25,-27.25,2266.54467773437
12.75,-27.25,2288.82055664062
13.25,-27.25,2306.26806640625
13.75,-27.25,2318.53125
14.25,-27.25,2325.29443359375
14.75,-27.25,2326.28466796875
15.25,-27.25,2321.2783203125
15.75,-27.25,2310.10595703125
16.25,-27.25,2292.66772460937
16.75,-27.25,2268.93310546875
17.25,-27.25,2238.95092773437
17.75,-27.25,2202.85400390625
18.25,-27.25,2160.8671875
18.75,-27.25,2113.30346679687
19.25,-27.25,2060.55615234375
19.75,-27.25,2003.08923339843
20.25,-27.25,1941.41870117187
20.75,-27.25,1876.09362792968
21.25,-27.25,1807.67053222656
21.75,-27.25,1736.69860839843
22.25,-27.25,1663.69506835937
22.75,-27.25,1589.14050292968
23.25,-27.25,1513.46948242187
23.75,-27.25,1437.07629394531
24.25,-27.25,1360.32202148437
24.75,-27.25,1283.54150390625
25.25,-27.25,1207.05834960937
25.75,-27.25,1131.19311523437
26.25,-27.25,1056.26977539062
26.75,-27.25,982.617309570312
27.25,-27.25,910.571044921875
27.75,-27.25,840.464294433593
28.25,-27.25,772.622863769531
28.75,-27.25,707.35302734375
29.25,-27.25,644.933471679687
29.75,-27.25,585.60498046875
30.25,-27.25,529.561767578125
30.75,-27.25,476.947174072265
31.25,-27.25,427.851959228515
31.75,-27.25,382.309997558593
32.25,-27.25,340.305358886718
32.75,-27.25,301.776947021484
33.25,-27.25,266.624359130859
33.75,-27.25,234.716766357421
34.25,-27.25,205.900726318359
34.75,-27.25,180.005615234375
35.25,-27.25,156.852493286132
35.75,-27.25,136.258697509765
36.25,-27.25,118.041610717773
36.75,-27.25,102.019462585449
37.25,-27.25,88.0155944824218
37.75,-27.25,75.8584671020507
38.25,-27.25,65.382095336914
38.75,-27.25,56.4256744384765
39.25,-27.25,48.8332824707031
39.75,-27.25,42.454475402832
40.25,-27.25,37.1432991027832
40.75,-27.25,32.760513305664
41.25,-27.25,29.1744308471679
41.75,-27.25,26.2617664337158
42.25,-27.25,23.9081230163574
42.75,-27.25,22.0079956054687
43.25,-27.25,20.4619579315185
43.75,-27.25,19.1744918823242
44.25,-27.25,18.0574340820312
44.75,-27.25,17.0339126586914
-44.75,-26.75,19.047248840332
-44.25,-26.75,18.9995536804199
-43.75,-26.75,18.746410369873
-43.25,-26.75,18.3981990814209
-42.75,-26.75,18.0348358154296
-42.25,-26.75,17.7098293304443
-41.75,-26.75,17.4695377349853
-41.25,-26.75,17.355541229248
-40.75,-26.75,17.40523147583
-40.25,-26.75,17.6530323028564
-39.75,-26.75,18.1321754455566
-39.25,-26.75,18.8763217926025
-38.75,-26.75,19.9213180541992
-38.25,-26.75,21.3067321777343
-37.75,-26.75,23.076675415039
-37.25,-26.75,25.2804088592529
-36.75,-26.75,27.9727344512939
-36.25,-26.75,31.213623046875
-35.75,-26.75,35.0677375793457
-35.25,-26.75,39.6040687561035
-34.75,-26.75,44.89497756958
-34.25,-26.75,51.0151214599609
-33.75,-26.75,58.0400505065918
-33.25,-26.75,66.0439987182617
-32.75,-26.75,75.0978317260742
-32.25,-26.75,85.265380859375
-31.75,-26.75,96.5989379882812
-31.25,-26.75,109.136009216308
-30.75,-26.75,122.895210266113
-30.25,-26.75,137.872161865234
-29.75,-26.75,154.037643432617
-29.25,-26.75,171.336685180664
-28.75,-26.75,189.689346313476
-28.25,-26.75,208.992813110351
-27.75,-26.75,229.125625610351
-27.25,-26.75,249.953201293945
-26.75,-26.75,271.333374023437
-26.25,-26.75,293.122467041015
-25.75,-26.75,315.181121826171
-25.25,-26.75,337.378143310546
-24.75,-26.75,359.596221923828
-24.25,-26.75,381.732971191406
-23.75,-26.75,403.703735351562
-23.25,-26.75,425.443878173828
-22.75,-26.75,446.90869140625
-22.25,-26.75,468.076721191406
-21.75,-26.75,488.949157714843
-21.25,-26.75,509.552429199218
-20.75,-26.75,529.937072753906
-20.25,-26.75,550.176147460937
-19.75,-26.75,570.360168457031
-19.25,-26.75,590.590515136718
-18.75,-26.75,610.970458984375
-18.25,-26.75,631.593566894531
-17.75,-26.75,652.534973144531
-17.25,-26.75,673.83984375
-16.75,-26.75,695.518676757812
-16.25,-26.75,717.543701171875
-15.75,-26.75,739.849731445312
-15.25,-26.75,762.340270996093
-14.75,-26.75,784.8974609375
-14.25,-26.75,807.394165039062
-13.75,-26.75,829.707214355468
-13.25,-26.75,851.731140136718
-12.75,-26.75,873.386535644531
-12.25,-26.75,894.628173828125
-11.75,-26.75,915.445251464843
-11.25,-26.75,935.860717773437
-10.75,-26.75,955.9248046875
-10.25,-26.75,975.708312988281
-9.75,-26.75,995.294860839843
-9.25,-26.75,1014.77435302734
-8.75,-26.75,1034.2373046875
-8.25,-26.75,1053.7734375
-7.75,-26.75,1073.47131347656
-7.25,-26.75,1093.41796875
-6.75,-26.75,1113.701171875
-6.25,-26.75,1134.41284179687
-5.75,-26.75,1155.64611816406
-5.25,-26.75,1177.49792480468
-4.75,-26.75,1200.06213378906
-4.25,-26.75,1223.43115234375
-3.75,-26.75,1247.68481445312
-3.25,-26.75,1272.88989257812
-2.75,-26.75,1299.09545898437
-2.25,-26.75,1326.33142089843
-1.75,-26.75,1354.61071777343
-1.25,-26.75,1383.92980957031
-0.75,-26.75,1414.28002929687
-0.25,-26.75,1445.64831542968
0.25,-26.75,1478.03234863281
0.75,-26.75,1511.443359375
1.25,-26.75,1545.91271972656
1.75,-26.75,1581.494140625
2.25,-26.75,1618.26245117187
2.75,-26.75,1656.30627441406
3.25,-26.75,1695.71655273437
3.75,-26.75,1736.57556152343
4.25,-26.75,1778.9375
4.75,-26.75,1822.81213378906
5.25,-26.75,1868.15270996093
5.75,-26.75,1914.83984375
6.25,-26.75,1962.67529296875
6.75,-26.75,2011.38330078125
7.25,-26.75,2060.61401367187
7.75,-26.75,2109.955078125
8.25,-26.75,2158.94311523437
8.75,-26.75,2207.08520507812
9.25,-26.75,2253.87255859375
9.75,-26.75,2298.7939453125
10.25,-26.75,2341.3466796875
10.75,-26.75,2381.04565429687
11.25,-26.75,2417.42333984375
11.75,-26.75,2450.033203125
12.25,-26.75,2478.44482421875
12.75,-26.75,2502.2421875
13.25,-26.75,2521.033203125
13.75,-26.75,2534.4365234375
14.25,-26.75,2542.1044921875
14.75,-26.75,2543.71606445312
15.25,-26.75,2538.99487304687
15.75,-26.75,2527.720703125
16.25,-26.75,2509.7470703125
16.75,-26.75,2485.0087890625
17.25,-26.75,2453.52905273437
17.75,-26.75,2415.43725585937
18.25,-26.75,2370.96435546875
18.75,-26.75,2320.44409179687
19.25,-26.75,2264.29956054687
19.75,-26.75,2203.02661132812
20.25,-26.75,2137.17456054687
20.75,-26.75,2067.3203125
21.25,-26.75,1994.04626464843
21.75,-26.75,1917.91442871093
22.25,-26.75,1839.455078125
22.75,-26.75,1759.15405273437
23.25,-26.75,1677.45092773437
23.75,-26.75,1594.74645996093
24.25,-26.75,1511.41186523437
24.75,-26.75,1427.80151367187
25.25,-26.75,1344.26672363281
25.75,-26.75,1261.16345214843
26.25,-26.75,1178.86193847656
26.75,-26.75,1097.7451171875
27.25,-26.75,1018.20568847656
27.75,-26.75,940.639404296875
28.25,-26.75,865.431213378906
28.75,-26.75,792.945190429687
29.25,-26.75,723.511535644531
29.75,-26.75,657.414428710937
30.25,-26.75,594.884582519531
30.75,-26.75,536.092895507812
31.25,-26.75,481.150604248046
31.75,-26.75,430.106170654296
32.25,-26.75,382.95278930664
32.75,-26.75,339.635131835937
33.25,-26.75,300.05484008789
33.75,-26.75,264.080749511718
34.25,-26.75,231.556335449218
34.75,-26.75,202.304779052734
35.25,-26.75,176.137969970703
35.75,-26.75,152.860321044921
36.25,-26.75,132.27293395996
36.75,-26.75,114.174018859863
37.25,-26.75,98.3642578125
37.75,-26.75,84.6471710205078
38.25,-26.75,72.8307266235351
38.75,-26.75,62.727928161621
39.25,-26.75,54.1575050354003
39.75,-26.75,46.9451637268066
40.25,-26.75,40.9230766296386
40.75,-26.75,35.9324760437011
41.25,-26.75,31.8245048522949
41.75,-26.75,28.4609756469726
42.25,-26.75,25.7149238586425
42.75,-26.75,23.470645904541
43.25,-26.75,21.6211204528808
43.75,-26.75,20.0660018920898
44.25,-26.75,18.7148666381835
44.75,-26.75,17.4905395507812
-44.75,-26.25,21.2352542877197
-44.25,-26.25,21.0199260711669
-43.75,-26.25,20.5979957580566
-43.25,-26.25,20.098310470581
-42.75,-26.25,19.6121883392334
-42.25,-26.25,19.1991119384765
-41.75,-26.25,18.9090595245361
-41.25,-26.25,18.7858943939209
-40.75,-26.25,18.8687210083007
-40.25,-26.25,19.1937541961669
-39.75,-26.25,19.7967300415039
-39.25,-26.25,20.7149047851562
-38.75,-26.25,21.9890937805175
-38.25,-26.25,23.6653156280517
-37.75,-26.25,25.7955417633056
-37.25,-26.25,28.4382095336914
-36.75,-26.25,31.6583042144775
-36.25,-26.25,35.5267333984375
-35.75,-26.25,40.1194839477539
-35.25,-26.25,45.5169334411621
-34.75,-26.25,51.8025245666503
-34.25,-26.25,59.0612487792968
-33.75,-26.25,67.3780441284179
-33.25,-26.25,76.8349151611328
-32.75,-26.25,87.5088119506836
-32.25,-26.25,99.4671783447265
-31.75,-26.25,112.76309967041
-31.25,-26.25,127.431671142578
-30.75,-26.25,143.48550415039
-30.25,-26.25,160.910415649414
-29.75,-26.25,179.663467407226
-29.25,-26.25,199.672042846679
-28.75,-26.25,220.83511352539
-28.25,-26.25,243.025680541992
-27.75,-26.25,266.095031738281
-27.25,-26.25,289.879943847656
-26.75,-26.25,314.208190917968
-26.25,-26.25,338.906158447265
-25.75,-26.25,363.804809570312
-25.25,-26.25,388.74575805664
-24.75,-26.25,413.586669921875
-24.25,-26.25,438.203826904296
-23.75,-26.25,462.496795654296
-23.25,-26.25,486.38916015625
-22.75,-26.25,509.831512451171
-22.25,-26.25,532.802795410156
-21.75,-26.25,555.311218261718
-21.25,-26.25,577.3955078125
-20.75,-26.25,599.123352050781
-20.25,-26.25,620.588256835937
-19.75,-26.25,641.904479980468
-19.25,-26.25,663.196838378906
-18.75,-26.25,684.592529296875
-18.25,-26.25,706.20703125
-17.75,-26.25,728.134399414062
-17.25,-26.25,750.435729980468
-16.75,-26.25,773.132690429687
-16.25,-26.25,796.204162597656
-15.75,-26.25,819.588256835937
-15.25,-26.25,843.1884765625
-14.75,-26.25,866.882873535156
-14.25,-26.25,890.539978027343
-13.75,-26.25,914.031188964843
-13.25,-26.25,937.244934082031
-12.75,-26.25,960.098999023437
-12.25,-26.25,982.545593261718
-11.75,-26.25,1004.57513427734
-11.25,-26.25,1026.21362304687
-10.75,-26.25,1047.51708984375
-10.25,-26.25,1068.56469726562
-9.75,-26.25,1089.44909667968
-9.25,-26.25,1110.26953125
-8.75,-26.25,1131.12707519531
-8.25,-26.25,1152.119140625
-7.75,-26.25,1173.34228515625
-7.25,-26.25,1194.89013671875
-6.75,-26.25,1216.85473632812
-6.25,-26.25,1239.33190917968
-5.75,-26.25,1262.41870117187
-5.25,-26.25,1286.21459960937
-4.75,-26.25,1310.81726074218
-4.25,-26.25,1336.31994628906
-3.75,-26.25,1362.8056640625
-3.25,-26.25,1390.34338378906
-2.75,-26.25,1418.98193359375
-2.25,-26.25,1448.75061035156
-1.75,-26.25,1479.66088867187
-1.25,-26.25,1511.7099609375
-0.75,-26.25,1544.88745117187
-0.25,-26.25,1579.18518066406
0.25,-26.25,1614.60571289062
0.75,-26.25,1651.17053222656
1.25,-26.25,1688.92468261718
1.75,-26.25,1727.9384765625
2.25,-26.25,1768.30151367187
2.75,-26.25,1810.11401367187
3.25,-26.25,1853.47412109375
3.75,-26.25,1898.45922851562
4.25,-26.25,1945.10717773437
4.75,-26.25,1993.3994140625
5.25,-26.25,2043.24487304687
5.75,-26.25,2094.470703125
6.25,-26.25,2146.8173828125
6.75,-26.25,2199.94311523437
7.25,-26.25,2253.43872070312
7.75,-26.25,2306.83422851562
8.25,-26.25,2359.6240234375
8.75,-26.25,2411.28881835937
9.25,-26.25,2461.30834960937
9.75,-26.25,2509.17236328125
10.25,-26.25,2554.39794921875
10.75,-26.25,2596.52392578125
11.25,-26.25,2635.11157226562
11.75,-26.25,2669.73828125
12.25,-26.25,2699.99267578125
12.75,-26.25,2725.46850585937
13.25,-26.25,2745.76245117187
13.75,-26.25,2760.47485351562
14.25,-26.25,2769.2197265625
14.75,-26.25,2771.634765625
15.25,-26.25,2767.38989257812
15.75,-26.25,2756.2177734375
16.25,-26.25,2737.92065429687
16.75,-26.25,2712.39794921875
17.25,-26.25,2679.64819335937
17.75,-26.25,2639.78491210937
18.25,-26.25,2593.03833007812
18.75,-26.25,2539.75146484375
19.25,-26.25,2480.36279296875
19.75,-26.25,2415.390625
20.25,-26.25,2345.40405273437
20.75,-26.25,2270.99951171875
21.25,-26.25,2192.775390625
21.75,-26.25,2111.30810546875
22.25,-26.25,2027.13903808593
22.75,-26.25,1940.76342773437
23.25,-26.25,1852.63391113281
23.75,-26.25,1763.16772460937
24.25,-26.25,1672.75952148437
24.75,-26.25,1581.79565429687
25.25,-26.25,1490.66479492187
25.75,-26.25,1399.77380371093
26.25,-26.25,1309.54760742187
26.75,-26.25,1220.43176269531
27.25,-26.25,1132.88488769531
27.75,-26.25,1047.36682128906
28.25,-26.25,964.326599121093
28.75,-26.25,884.185302734375
29.25,-26.25,807.323364257812
29.75,-26.25,734.067626953125
30.25,-26.25,664.681701660156
30.75,-26.25,599.362182617187
31.25,-26.25,538.238891601562
31.75,-26.25,481.372924804687
32.25,-26.25,428.766387939453
32.75,-26.25,380.369232177734
33.25,-26.25,336.086242675781
33.75,-26.25,295.787139892578
34.25,-26.25,259.313049316406
34.75,-26.25,226.48191833496
35.25,-26.25,197.096572875976
35.75,-26.25,170.948379516601
36.25,-26.25,147.821350097656
36.75,-26.25,127.49242401123
37.25,-26.25,109.737678527832
37.75,-26.25,94.3339080810546
38.25,-26.25,81.0612564086914
38.75,-26.25,69.7048416137695
39.25,-26.25,60.0564956665039
39.75,-26.25,51.9171562194824
40.25,-26.25,45.0964050292968
40.75,-26.25,39.4156303405761
41.25,-26.25,34.708641052246
41.75,-26.25,30.8224010467529
42.25,-26.25,27.6173496246337
42.75,-26.25,24.9675502777099
43.25,-26.25,22.7582874298095
43.75,-26.25,20.8843040466308
44.25,-26.25,19.2529296875
44.75,-26.25,17.7868347167968
-44.75,-25.75,23.5901088714599
-44.25,-25.75,23.2123107910156
-43.75,-25.75,22.6277542114257
-43.25,-25.75,21.9842300415039
-42.75,-25.75,21.3846187591552
-42.25,-25.75,20.8943634033203
-41.75,-25.75,20.5670738220214
-41.25,-25.75,20.4490814208984
-40.75,-25.75,20.5815258026123
-40.25,-25.75,21.0030040740966
-39.75,-25.75,21.752550125122
-39.25,-25.75,22.8719825744628
-38.75,-25.75,24.4082603454589
-38.25,-25.75,26.4151706695556
-37.75,-25.75,28.9540214538574
-37.25,-25.75,32.0939064025878
-36.75,-25.75,35.9116783142089
-36.25,-25.75,40.4907531738281
-35.75,-25.75,45.9199714660644
-35.25,-25.75,52.29248046875
-34.75,-25.75,59.7038383483886
-34.25,-25.75,68.2502517700195
-33.75,-25.75,78.0260772705078
-33.25,-25.75,89.1208419799804
-32.75,-25.75,101.616485595703
-32.25,-25.75,115.58243560791
-31.75,-25.75,131.070251464843
-31.25,-25.75,148.109771728515
-30.75,-25.75,166.70425415039
-30.25,-25.75,186.826217651367
-29.75,-25.75,208.41519165039
-29.25,-25.75,231.377487182617
-28.75,-25.75,255.587249755859
-28.25,-25.75,280.889953613281
-27.75,-25.75,307.107269287109
-27.25,-25.75,334.044555664062
-26.75,-25.75,361.498107910156
-26.25,-25.75,389.262664794921
-25.75,-25.75,417.139129638671
-25.25,-25.75,444.941741943359
-24.75,-25.75,472.502960205078
-24.25,-25.75,499.679443359375
-23.75,-25.75,526.355102539062
-23.25,-25.75,552.444580078125
-22.75,-25.75,577.89501953125
-22.25,-25.75,602.688110351562
-21.75,-25.75,626.841674804687
-21.25,-25.75,650.408203125
-20.75,-25.75,673.474487304687
-20.25,-25.75,696.155395507812
-19.75,-25.75,718.588439941406
-19.25,-25.75,740.922302246093
-18.75,-25.75,763.306335449218
-18.25,-25.75,785.877258300781
-17.75,-25.75,808.746032714843
-17.25,-25.75,831.988586425781
-16.75,-25.75,855.638061523437
-16.25,-25.75,879.680908203125
-15.75,-25.75,904.061828613281
-15.25,-25.75,928.687622070312
-14.75,-25.75,953.439636230468
-14.25,-25.75,978.18798828125
-13.75,-25.75,1002.80645751953
-13.25,-25.75,1027.185546875
-12.75,-25.75,1051.24523925781
-12.25,-25.75,1074.94055175781
-11.75,-25.75,1098.2646484375
-11.25,-25.75,1121.2451171875
-10.75,-25.75,1143.94128417968
-10.25,-25.75,1166.43212890625
-9.75,-25.75,1188.81213378906
-9.25,-25.75,1211.17907714843
-8.75,-25.75,1233.63403320312
-8.25,-25.75,1256.27270507812
-7.75,-25.75,1279.18969726562
-7.25,-25.75,1302.47778320312
-6.75,-25.75,1326.22973632812
-6.25,-25.75,1350.54187011718
-5.75,-25.75,1375.51586914062
-5.25,-25.75,1401.25573730468
-4.75,-25.75,1427.86755371093
-4.25,-25.75,1455.45324707031
-3.75,-25.75,1484.10571289062
-3.25,-25.75,1513.90258789062
-2.75,-25.75,1544.90222167968
-2.25,-25.75,1577.14086914062
-1.75,-25.75,1610.63818359375
-1.25,-25.75,1645.39514160156
-0.75,-25.75,1681.40905761718
-0.25,-25.75,1718.67919921875
0.25,-25.75,1757.21630859375
0.75,-25.75,1797.05358886718
1.25,-25.75,1838.24829101562
1.75,-25.75,1880.88256835937
2.25,-25.75,1925.05603027343
2.75,-25.75,1970.87426757812
3.25,-25.75,2018.43176269531
3.75,-25.75,2067.791015625
4.25,-25.75,2118.96484375
4.75,-25.75,2171.89575195312
5.25,-25.75,2226.44311523437
5.75,-25.75,2282.37475585937
6.25,-25.75,2339.36938476562
6.75,-25.75,2397.02197265625
7.25,-25.75,2454.86376953125
7.75,-25.75,2512.37915039062
8.25,-25.75,2569.02954101562
8.75,-25.75,2624.27465820312
9.25,-25.75,2677.58935546875
9.75,-25.75,2728.47827148437
10.25,-25.75,2776.4765625
10.75,-25.75,2821.1494140625
11.25,-25.75,2862.08544921875
11.75,-25.75,2898.890625
12.25,-25.75,2931.16357421875
12.75,-25.75,2958.50463867187
13.25,-25.75,2980.49755859375
13.75,-25.75,2996.7216796875
14.25,-25.75,3006.7548828125
14.75,-25.75,3010.18920898437
15.25,-25.75,3006.64892578125
15.75,-25.75,2995.81079101562
16.25,-25.75,2977.43334960937
16.75,-25.75,2951.3740234375
17.25,-25.75,2917.60107421875
17.75,-25.75,2876.20581054687
18.25,-25.75,2827.40991210937
18.75,-25.75,2771.54956054687
19.25,-25.75,2709.07104492187
19.75,-25.75,2640.49462890625
20.25,-25.75,2566.40087890625
20.75,-25.75,2487.39672851562
21.25,-25.75,2404.08764648437
21.75,-25.75,2317.06274414062
22.25,-25.75,2226.87475585937
22.75,-25.75,2134.03735351562
23.25,-25.75,2039.02465820312
23.75,-25.75,1942.28430175781
24.25,-25.75,1844.24829101562
24.75,-25.75,1745.34887695312
25.25,-25.75,1646.03088378906
25.75,-25.75,1546.763671875
26.25,-25.75,1448.0400390625
26.75,-25.75,1350.37646484375
27.25,-25.75,1254.30212402343
27.75,-25.75,1160.34753417968
28.25,-25.75,1069.02404785156
28.75,-25.75,980.809875488281
29.25,-25.75,896.132568359375
29.75,-25.75,815.356811523437
30.25,-25.75,738.776062011718
30.75,-25.75,666.607788085937
31.25,-25.75,598.997741699218
31.75,-25.75,536.017578125
32.25,-25.75,477.677001953125
32.75,-25.75,423.931701660156
33.25,-25.75,374.690063476562
33.75,-25.75,329.823089599609
34.25,-25.75,289.171325683593
34.75,-25.75,252.548263549804
35.25,-25.75,219.748336791992
35.75,-25.75,190.549758911132
36.25,-25.75,164.718948364257
36.75,-25.75,142.010360717773
37.25,-25.75,122.174438476562
37.75,-25.75,104.959548950195
38.25,-25.75,90.1163177490234
38.75,-25.75,77.4004364013671
39.25,-25.75,66.5757675170898
39.75,-25.75,57.4173316955566
40.25,-25.75,49.7116470336914
40.75,-25.75,43.2598419189453
41.25,-25.75,37.8784942626953
41.75,-25.75,33.3998107910156
42.25,-25.75,29.6718940734863
42.75,-25.75,26.5587444305419
43.25,-25.75,23.9379501342773
43.75,-25.75,21.6991634368896
44.25,-25.75,19.7471122741699
44.75,-25.75,18.0039405822753
-44.75,-25.25,26.0438594818115
-44.25,-25.25,25.5179405212402
-43.75,-25.25,24.7856884002685
-43.25,-25.25,24.0139541625976
-42.75,-25.25,23.3173141479492
-42.25,-25.25,22.7673377990722
-41.75,-25.25,22.4215469360351
-41.25,-25.25,22.3291568756103
-40.75,-25.25,22.533971786499
-40.25,-25.25,23.0777225494384
-39.75,-25.25,24.0037250518798
-39.25,-25.25,25.3595180511474
-38.75,-25.25,27.1995124816894
-38.25,-25.25,29.5867767333984
-37.75,-25.25,32.5935134887695
-37.25,-25.25,36.3012084960937
-36.75,-25.25,40.800193786621
-36.25,-25.25,46.1881027221679
-35.75,-25.25,52.5680999755859
-35.25,-25.25,60.0472068786621
-34.75,-25.25,68.7339630126953
-34.25,-25.25,78.7358322143554
-33.75,-25.25,90.156265258789
-33.25,-25.25,103.091018676757
-32.75,-25.25,117.624969482421
-32.25,-25.25,133.826950073242
-31.75,-25.25,151.743453979492
-31.25,-25.25,171.395401000976
-30.75,-25.25,192.77261352539
-30.25,-25.25,215.829986572265
-29.75,-25.25,240.485443115234
-29.25,-25.25,266.620178222656
-28.75,-25.25,294.08056640625
-28.25,-25.25,322.681732177734
-27.75,-25.25,352.21353149414
-27.25,-25.25,382.44888305664
-26.75,-25.25,413.151824951171
-26.25,-25.25,444.085906982421
-25.75,-25.25,475.023010253906
-25.25,-25.25,505.750946044921
-24.75,-25.25,536.080078125
-24.25,-25.25,565.848999023437
-23.75,-25.25,594.929931640625
-23.25,-25.25,623.230651855468
-22.75,-25.25,650.698547363281
-22.25,-25.25,677.321411132812
-21.75,-25.25,703.128173828125
-21.25,-25.25,728.187927246093
-20.75,-25.25,752.606689453125
-20.25,-25.25,776.521301269531
-19.75,-25.25,800.090576171875
-19.25,-25.25,823.484436035156
-18.75,-25.25,846.871704101562
-18.25,-25.25,870.404968261718
-17.75,-25.25,894.210815429687
-17.25,-25.25,918.375610351562
-16.75,-25.25,942.942443847656
-16.25,-25.25,967.907043457031
-15.75,-25.25,993.220947265625
-15.25,-25.25,1018.80053710937
-14.75,-25.25,1044.53588867187
-14.25,-25.25,1070.30810546875
-13.75,-25.25,1096.00207519531
-13.25,-25.25,1121.51965332031
-12.75,-25.25,1146.79187011718
-12.25,-25.25,1171.78198242187
-11.75,-25.25,1196.4892578125
-11.25,-25.25,1220.94409179687
-10.75,-25.25,1245.20361328125
-10.25,-25.25,1269.34228515625
-9.75,-25.25,1293.44519042968
-9.25,-25.25,1317.60009765625
-8.75,-25.25,1341.89331054687
-8.25,-25.25,1366.40856933593
-7.75,-25.25,1391.22827148437
-7.25,-25.25,1416.43359375
-6.75,-25.25,1442.11242675781
-6.25,-25.25,1468.35876464843
-5.75,-25.25,1495.27697753906
-5.25,-25.25,1522.97985839843
-4.75,-25.25,1551.58483886718
-4.25,-25.25,1581.20947265625
-3.75,-25.25,1611.96520996093
-3.25,-25.25,1643.94763183593
-2.75,-25.25,1677.23254394531
-2.25,-25.25,1711.87426757812
-1.75,-25.25,1747.90673828125
-1.25,-25.25,1785.34533691406
-0.75,-25.25,1824.19958496093
-0.25,-25.25,1864.4814453125
0.25,-25.25,1906.21398925781
0.75,-25.25,1949.44177246093
1.25,-25.25,1994.23278808593
1.75,-25.25,2040.67761230468
2.25,-25.25,2088.8779296875
2.75,-25.25,2138.93603515625
3.25,-25.25,2190.9326171875
3.75,-25.25,2244.90454101562
4.25,-25.25,2300.82739257812
4.75,-25.25,2358.59692382812
5.25,-25.25,2418.01489257812
5.75,-25.25,2478.78686523437
6.25,-25.25,2540.52734375
6.75,-25.25,2602.775390625
7.25,-25.25,2665.00854492187
7.75,-25.25,2726.67431640625
8.25,-25.25,2787.20922851562
8.75,-25.25,2846.06469726562
9.25,-25.25,2902.7216796875
9.75,-25.25,2956.701171875
10.25,-25.25,3007.5654296875
10.75,-25.25,3054.90747070312
11.25,-25.25,3098.34545898437
11.75,-25.25,3137.50073242187
12.25,-25.25,3171.98828125
12.75,-25.25,3201.40405273437
13.25,-25.25,3225.322265625
13.75,-25.25,3243.291015625
14.25,-25.25,3254.85424804687
14.75,-25.25,3259.55639648437
15.25,-25.25,3256.97021484375
15.75,-25.25,3246.72192382812
16.25,-25.25,3228.51953125
16.75,-25.25,3202.181640625
17.25,-25.25,3167.63598632812
17.75,-25.25,3124.947265625
18.25,-25.25,3074.314453125
18.75,-25.25,3016.06005859375
19.25,-25.25,2950.61767578125
19.75,-25.25,2878.5048828125
20.25,-25.25,2800.29809570312
20.75,-25.25,2716.59985351562
21.25,-25.25,2628.025390625
21.75,-25.25,2535.17065429687
22.25,-25.25,2438.60473632812
22.75,-25.25,2338.86572265625
23.25,-25.25,2236.4619140625
23.75,-25.25,2131.88598632812
24.25,-25.25,2025.62414550781
24.75,-25.25,1918.17211914062
25.25,-25.25,1810.04772949218
25.75,-25.25,1701.7958984375
26.25,-25.25,1593.99304199218
26.75,-25.25,1487.23327636718
27.25,-25.25,1382.12487792968
27.75,-25.25,1279.26904296875
28.25,-25.25,1179.23999023437
28.75,-25.25,1082.56823730468
29.25,-25.25,989.724243164062
29.75,-25.25,901.104797363281
30.25,-25.25,817.026733398437
30.75,-25.25,737.723754882812
31.25,-25.25,663.352661132812
31.75,-25.25,593.993286132812
32.25,-25.25,529.661071777343
32.75,-25.25,470.317443847656
33.25,-25.25,415.875213623046
33.75,-25.25,366.208343505859
34.25,-25.25,321.158294677734
34.75,-25.25,280.53530883789
35.25,-25.25,244.126724243164
35.75,-25.25,211.69839477539
36.25,-25.25,182.9990234375
36.75,-25.25,157.760299682617
37.25,-25.25,135.705963134765
37.75,-25.25,116.55484008789
38.25,-25.25,100.026733398437
38.75,-25.25,85.8466415405273
39.25,-25.25,73.7490539550781
39.75,-25.25,63.4821052551269
40.25,-25.25,54.8083763122558
40.75,-25.25,47.508316040039
41.25,-25.25,41.3810806274414
41.75,-25.25,36.2442474365234
42.25,-25.25,31.9339256286621
42.75,-25.25,28.3043632507324
43.25,-25.25,25.2256050109863
43.75,-25.25,22.582046508789
44.25,-25.25,20.2754211425781
44.75,-25.25,18.2266445159912
-44.75,-24.75,28.4997329711914
-44.25,-24.75,27.849811553955
-43.75,-24.75,26.9950237274169
-43.25,-24.75,26.1207695007324
-42.75,-24.75,25.3531494140625
-42.25,-24.75,24.7699756622314
-41.75,-24.75,24.4330615997314
-41.25,-24.75,24.3950729370117
-40.75,-24.75,24.703290939331
-40.25,-24.75,25.4035892486572
-39.75,-24.75,26.5447578430175
-39.25,-24.75,28.1814346313476
-38.75,-24.75,30.3770713806152
-38.25,-24.75,33.2056732177734
-37.75,-24.75,36.7522277832031
-37.25,-24.75,41.1124114990234
-36.75,-24.75,46.391975402832
-36.25,-24.75,52.7043876647949
-35.75,-24.75,60.1685142517089
-35.25,-24.75,68.9062881469726
-34.75,-24.75,79.0394592285156
-34.25,-24.75,90.6862869262695
-33.75,-24.75,103.9580078125
-33.25,-24.75,118.954322814941
-32.75,-24.75,135.760131835937
-32.25,-24.75,154.439468383789
-31.75,-24.75,175.029571533203
-31.25,-24.75,197.537246704101
-30.75,-24.75,221.933929443359
-30.25,-24.75,248.152114868164
-29.75,-24.75,276.08364868164
-29.25,-24.75,305.580871582031
-28.75,-24.75,336.458862304687
-28.25,-24.75,368.50048828125
-27.75,-24.75,401.462677001953
-27.25,-24.75,435.085540771484
-26.75,-24.75,469.101745605468
-26.25,-24.75,503.245788574218
-25.75,-24.75,537.262634277343
-25.25,-24.75,570.91748046875
-24.75,-24.75,604.002807617187
-24.25,-24.75,636.343566894531
-23.75,-24.75,667.805236816406
-23.25,-24.75,698.29345703125
-22.75,-24.75,727.760559082031
-22.25,-24.75,756.204345703125
-21.75,-24.75,783.667724609375
-21.25,-24.75,810.237976074218
-20.75,-24.75,836.040649414062
-20.25,-24.75,861.23291015625
-19.75,-24.75,885.992248535156
-19.25,-24.75,910.505493164062
-18.75,-24.75,934.955078125
-18.25,-24.75,959.505310058593
-17.75,-24.75,984.290405273437
-17.25,-24.75,1009.40405273437
-16.75,-24.75,1034.89562988281
-16.25,-24.75,1060.76831054687
-15.75,-24.75,1086.98400878906
-15.25,-24.75,1113.47106933593
-14.75,-24.75,1140.13696289062
-14.25,-24.75,1166.88146972656
-13.75,-24.75,1193.61145019531
-13.25,-24.75,1220.25036621093
-12.75,-24.75,1246.74890136718
-12.25,-24.75,1273.08654785156
-11.75,-24.75,1299.2724609375
-11.25,-24.75,1325.34155273437
-10.75,-24.75,1351.34606933593
-10.25,-24.75,1377.35021972656
-9.75,-24.75,1403.42065429687
-9.25,-24.75,1429.62316894531
-8.75,-24.75,1456.01867675781
-8.25,-24.75,1482.66516113281
-7.75,-24.75,1509.62060546875
-7.25,-24.75,1536.94775390625
-6.75,-24.75,1564.71997070312
-6.25,-24.75,1593.02465820312
-5.75,-24.75,1621.96911621093
-5.25,-24.75,1651.67492675781
-4.75,-24.75,1682.2763671875
-4.25,-24.75,1713.91394042968
-3.75,-24.75,1746.72387695312
-3.25,-24.75,1780.82897949218
-2.75,-24.75,1816.33386230468
-2.25,-24.75,1853.31860351562
-1.75,-24.75,1891.83984375
-1.25,-24.75,1931.93664550781
-0.75,-24.75,1973.63720703125
-0.25,-24.75,2016.97021484375
0.25,-24.75,2061.974609375
0.75,-24.75,2108.70703125
1.25,-24.75,2157.24389648437
1.75,-24.75,2207.6796875
2.25,-24.75,2260.1123046875
2.75,-24.75,2314.62939453125
3.25,-24.75,2371.28784179687
3.75,-24.75,2430.08862304687
4.25,-24.75,2490.96142578125
4.75,-24.75,2553.74267578125
5.25,-24.75,2618.1708984375
5.75,-24.75,2683.88989257812
6.25,-24.75,2750.44946289062
6.75,-24.75,2817.3330078125
7.25,-24.75,2883.978515625
7.75,-24.75,2949.80322265625
8.25,-24.75,3014.22973632812
8.75,-24.75,3076.71484375
9.25,-24.75,3136.75219726562
9.75,-24.75,3193.88891601562
10.25,-24.75,3247.71508789062
10.75,-24.75,3297.85498046875
11.25,-24.75,3343.9521484375
11.75,-24.75,3385.64794921875
12.25,-24.75,3422.56103515625
12.75,-24.75,3454.28247070312
13.25,-24.75,3480.3681640625
13.75,-24.75,3500.33544921875
14.25,-24.75,3513.68725585937
14.75,-24.75,3519.91772460937
15.25,-24.75,3518.5478515625
15.75,-24.75,3509.14916992187
16.25,-24.75,3491.38110351562
16.75,-24.75,3465.00927734375
17.25,-24.75,3429.92431640625
17.75,-24.75,3386.15087890625
18.25,-24.75,3333.85913085937
18.75,-24.75,3273.34741210937
19.25,-24.75,3205.02368164062
19.75,-24.75,3129.3896484375
20.25,-24.75,3047.0068359375
20.75,-24.75,2958.4736328125
21.25,-24.75,2864.40185546875
21.75,-24.75,2765.396484375
22.25,-24.75,2662.04931640625
22.75,-24.75,2554.93041992187
23.25,-24.75,2444.59521484375
23.75,-24.75,2331.59716796875
24.25,-24.75,2216.49194335937
24.75,-24.75,2099.8603515625
25.25,-24.75,1982.30847167968
25.75,-24.75,1864.47399902343
26.25,-24.75,1747.02514648437
26.75,-24.75,1630.64819335937
27.25,-24.75,1516.03149414062
27.75,-24.75,1403.84851074218
28.25,-24.75,1294.73413085937
28.75,-24.75,1189.26708984375
29.25,-24.75,1087.95263671875
29.75,-24.75,991.212158203125
30.25,-24.75,899.377563476562
30.75,-24.75,812.692321777343
31.25,-24.75,731.3193359375
31.75,-24.75,655.342346191406
32.25,-24.75,584.78173828125
32.75,-24.75,519.604248046875
33.25,-24.75,459.727813720703
33.75,-24.75,405.03189086914
34.25,-24.75,355.361022949218
34.75,-24.75,310.525299072265
35.25,-24.75,270.306457519531
35.75,-24.75,234.459976196289
36.25,-24.75,202.717849731445
36.75,-24.75,174.789230346679
37.25,-24.75,150.371124267578
37.75,-24.75,129.152145385742
38.25,-24.75,110.820274353027
38.75,-24.75,95.0685501098632
39.25,-24.75,81.6008834838867
39.75,-24.75,70.1372756958007
40.25,-24.75,60.4152030944824
40.75,-24.75,52.1936492919921
41.25,-24.75,45.2537765502929
41.75,-24.75,39.3984451293945
42.25,-24.75,34.4517555236816
42.75,-24.75,30.2584705352783
43.25,-24.75,26.6812229156494
43.75,-24.75,23.5990982055664
44.25,-24.75,20.9103507995605
44.75,-24.75,18.5339565277099
-44.75,-24.25,30.8503437042236
-44.25,-24.25,30.1104125976562
-43.75,-24.25,29.1693534851074
-43.25,-24.25,28.2296600341796
-42.75,-24.25,27.4282073974609
-42.25,-24.25,26.8489570617675
-41.75,-24.25,26.558307647705
-41.25,-24.25,26.6131019592285
-40.75,-24.25,27.0650291442871
-40.25,-24.25,27.9654064178466
-39.75,-24.25,29.3699474334716
-39.25,-24.25,31.3421077728271
-38.75,-24.25,33.9561767578125
-38.25,-24.25,37.2991294860839
-37.75,-24.25,41.4707794189453
-37.25,-24.25,46.5831108093261
-36.75,-24.25,52.759220123291
-36.25,-24.25,60.1301689147949
-35.75,-24.25,68.8318252563476
-35.25,-24.25,79.001594543457
-34.75,-24.25,90.7743225097656
-34.25,-24.25,104.277893066406
-33.75,-24.25,119.629203796386
-33.25,-24.25,136.928527832031
-32.75,-24.25,156.256423950195
-32.25,-24.25,177.667266845703
-31.75,-24.25,201.183242797851
-31.25,-24.25,226.791244506835
-30.75,-24.25,254.43862915039
-30.25,-24.25,284.029663085937
-29.75,-24.25,315.425598144531
-29.25,-24.25,348.445709228515
-28.75,-24.25,382.871276855468
-28.25,-24.25,418.450775146484
-27.75,-24.25,454.90771484375
-27.25,-24.25,491.950653076171
-26.75,-24.25,529.282775878906
-26.25,-24.25,566.612487792968
-25.75,-24.25,603.662902832031
-25.25,-24.25,640.182006835937
-24.75,-24.25,675.949951171875
-24.25,-24.25,710.785827636718
-23.75,-24.25,744.553039550781
-23.25,-24.25,777.163940429687
-22.75,-24.25,808.580261230468
-22.25,-24.25,838.814025878906
-21.75,-24.25,867.926818847656
-21.25,-24.25,896.025329589843
-20.75,-24.25,923.25439453125
-20.25,-24.25,949.788696289062
-19.75,-24.25,975.820983886718
-19.25,-24.25,1001.54864501953
-18.75,-24.25,1027.1611328125
-18.25,-24.25,1052.826171875
-17.75,-24.25,1078.6787109375
-17.25,-24.25,1104.81384277343
-16.75,-24.25,1131.28332519531
-16.25,-24.25,1158.09497070312
-15.75,-24.25,1185.22229003906
-15.25,-24.25,1212.6103515625
-14.75,-24.25,1240.18908691406
-14.25,-24.25,1267.88696289062
-13.75,-24.25,1295.64135742187
-13.25,-24.25,1323.40832519531
-12.75,-24.25,1351.16625976562
-12.25,-24.25,1378.91882324218
-11.75,-24.25,1406.69079589843
-11.25,-24.25,1434.5205078125
-10.75,-24.25,1462.45642089843
-10.25,-24.25,1490.54443359375
-9.75,-24.25,1518.82788085937
-9.25,-24.25,1547.33813476562
-8.75,-24.25,1576.10131835937
-8.25,-24.25,1605.13793945312
-7.75,-24.25,1634.46997070312
-7.25,-24.25,1664.13122558593
-6.75,-24.25,1694.17456054687
-6.25,-24.25,1724.67736816406
-5.75,-24.25,1755.74523925781
-5.25,-24.25,1787.51342773437
-4.75,-24.25,1820.13391113281
-4.25,-24.25,1853.77783203125
-3.75,-24.25,1888.61303710937
-3.25,-24.25,1924.79956054687
-2.75,-24.25,1962.4765625
-2.25,-24.25,2001.759765625
-1.75,-24.25,2042.73876953125
-1.25,-24.25,2085.47998046875
-0.75,-24.25,2130.03735351562
-0.25,-24.25,2176.46142578125
0.25,-24.25,2224.8095703125
0.75,-24.25,2275.150390625
1.25,-24.25,2327.56689453125
1.75,-24.25,2382.15356445312
2.25,-24.25,2438.99584960937
2.75,-24.25,2498.1640625
3.25,-24.25,2559.67724609375
3.75,-24.25,2623.4931640625
4.25,-24.25,2689.482421875
4.75,-24.25,2757.4189453125
5.25,-24.25,2826.97436523437
5.75,-24.25,2897.72387695312
6.25,-24.25,2969.15893554687
6.75,-24.25,3040.71337890625
7.25,-24.25,3111.78857421875
7.75,-24.25,3181.78149414062
8.25,-24.25,3250.11840820312
8.75,-24.25,3316.26098632812
9.25,-24.25,3379.73046875
9.75,-24.25,3440.10302734375
10.25,-24.25,3497.00366210937
10.75,-24.25,3550.0859375
11.25,-24.25,3599.01782226562
11.75,-24.25,3643.4541015625
12.25,-24.25,3683.01611328125
12.75,-24.25,3717.28637695312
13.25,-24.25,3745.79223632812
13.75,-24.25,3768.02001953125
14.25,-24.25,3783.42041015625
14.75,-24.25,3791.44140625
15.25,-24.25,3791.54125976562
15.75,-24.25,3783.23876953125
16.25,-24.25,3766.13525390625
16.75,-24.25,3739.94458007812
17.25,-24.25,3704.51025390625
17.75,-24.25,3659.81323242187
18.25,-24.25,3605.98364257812
18.75,-24.25,3543.28588867187
19.25,-24.25,3472.09619140625
19.75,-24.25,3392.89038085937
20.25,-24.25,3306.20751953125
20.75,-24.25,3212.63452148437
21.25,-24.25,3112.78002929687
21.75,-24.25,3007.2607421875
22.25,-24.25,2896.6953125
22.75,-24.25,2781.69604492187
23.25,-24.25,2662.88012695312
23.75,-24.25,2540.87255859375
24.25,-24.25,2416.32153320312
24.75,-24.25,2289.9052734375
25.25,-24.25,2162.33618164062
25.75,-24.25,2034.36047363281
26.25,-24.25,1906.74938964843
26.75,-24.25,1780.28588867187
27.25,-24.25,1655.74462890625
27.75,-24.25,1533.87023925781
28.25,-24.25,1415.35302734375
28.75,-24.25,1300.81298828125
29.25,-24.25,1190.78137207031
29.75,-24.25,1085.69555664062
30.25,-24.25,985.893493652343
30.75,-24.25,891.620056152343
31.25,-24.25,803.037658691406
31.75,-24.25,720.230102539062
32.25,-24.25,643.221069335937
32.75,-24.25,571.98193359375
33.25,-24.25,506.438598632812
33.75,-24.25,446.478759765625
34.25,-24.25,391.953399658203
34.75,-24.25,342.676116943359
35.25,-24.25,298.427215576171
35.75,-24.25,258.9541015625
36.25,-24.25,223.97476196289
36.75,-24.25,193.177368164062
37.25,-24.25,166.232711791992
37.75,-24.25,142.79931640625
38.25,-24.25,122.532798767089
38.75,-24.25,105.093391418457
39.25,-24.25,90.152961730957
39.75,-24.25,77.402114868164
40.25,-24.25,66.5517654418945
40.75,-24.25,57.3381576538085
41.25,-24.25,49.5233726501464
41.75,-24.25,42.8948249816894
42.25,-24.25,37.2642135620117
42.75,-24.25,32.4665374755859
43.25,-24.25,28.3568897247314
43.75,-24.25,24.8086357116699
44.25,-24.25,21.7160663604736
44.75,-24.25,18.9954490661621
-44.75,-23.75,33.0060424804687
-44.25,-23.75,32.2187690734863
-43.75,-23.75,31.2378005981445
-43.25,-23.75,30.280288696289
-42.75,-23.75,29.4925518035888
-42.25,-23.75,28.9642505645751
-41.75,-23.75,28.7666244506835
-41.25,-23.75,28.9614143371582
-40.75,-23.75,29.6059608459472
-40.25,-23.75,30.7585391998291
-39.75,-23.75,32.4835968017578
-39.25,-23.75,34.8553733825683
-38.75,-23.75,37.9611549377441
-38.25,-23.75,41.9031066894531
-37.75,-23.75,46.7981185913085
-37.25,-23.75,52.7767448425293
-36.75,-23.75,59.9813766479492
-36.25,-23.75,68.5623397827148
-35.75,-23.75,78.6735229492187
-35.25,-23.75,90.4681854248046
-34.75,-23.75,104.093551635742
-34.25,-23.75,119.685363769531
-33.75,-23.75,137.363021850585
-33.25,-23.75,157.223449707031
-32.75,-23.75,179.337524414062
-32.25,-23.75,203.74397277832
-31.75,-23.75,230.443466186523
-31.25,-23.75,259.396362304687
-30.75,-23.75,290.519226074218
-30.25,-23.75,323.682312011718
-29.75,-23.75,358.711059570312
-29.25,-23.75,395.387603759765
-28.75,-23.75,433.45654296875
-28.25,-23.75,472.630950927734
-27.75,-23.75,512.601013183593
-27.25,-23.75,553.044677734375
-26.75,-23.75,593.639770507812
-26.25,-23.75,634.073181152343
-25.75,-23.75,674.052185058593
-25.25,-23.75,713.314270019531
-24.75,-23.75,751.6357421875
-24.25,-23.75,788.837219238281
-23.75,-23.75,824.789978027343
-23.25,-23.75,859.4189453125
-22.75,-23.75,892.702941894531
-22.25,-23.75,924.674621582031
-21.75,-23.75,955.416809082031
-21.25,-23.75,985.056762695312
-20.75,-23.75,1013.75842285156
-20.25,-23.75,1041.71081542968
-19.75,-23.75,1069.11596679687
-19.25,-23.75,1096.17614746093
-18.75,-23.75,1123.07946777343
-18.25,-23.75,1149.98901367187
-17.75,-23.75,1177.03332519531
-17.25,-23.75,1204.3017578125
-16.75,-23.75,1231.84252929687
-16.25,-23.75,1259.66821289062
-15.75,-23.75,1287.76330566406
-15.25,-23.75,1316.09106445312
-14.75,-23.75,1344.61242675781
-14.25,-23.75,1373.28979492187
-13.75,-23.75,1402.099609375
-13.25,-23.75,1431.03869628906
-12.75,-23.75,1460.12194824218
-12.25,-23.75,1489.38208007812
-11.75,-23.75,1518.86193847656
-11.25,-23.75,1548.60778808593
-10.75,-23.75,1578.65893554687
-10.25,-23.75,1609.04333496093
-9.75,-23.75,1639.7705078125
-9.25,-23.75,1670.83337402343
-8.75,-23.75,1702.21142578125
-8.25,-23.75,1733.87707519531
-7.75,-23.75,1765.81066894531
-7.25,-23.75,1798.00732421875
-6.75,-23.75,1830.4921875
-6.25,-23.75,1863.32922363281
-5.75,-23.75,1896.62353515625
-5.25,-23.75,1930.51892089843
-4.75,-23.75,1965.197265625
-4.25,-23.75,2000.8583984375
-3.75,-23.75,2037.71020507812
-3.25,-23.75,2075.95751953125
-2.75,-23.75,2115.78198242187
-2.25,-23.75,2157.34008789062
-1.75,-23.75,2200.75927734375
-1.25,-23.75,2246.14379882812
-0.75,-23.75,2293.57470703125
-0.25,-23.75,2343.12890625
0.25,-23.75,2394.88159179687
0.75,-23.75,2448.91650390625
1.25,-23.75,2505.32202148437
1.75,-23.75,2564.18627929687
2.25,-23.75,2625.58325195312
2.75,-23.75,2689.55078125
3.25,-23.75,2756.0693359375
3.75,-23.75,2825.04345703125
4.25,-23.75,2896.28125
4.75,-23.75,2969.48828125
5.25,-23.75,3044.26538085937
5.75,-23.75,3120.119140625
6.25,-23.75,3196.4853515625
6.75,-23.75,3272.75244140625
7.25,-23.75,3348.29516601562
7.75,-23.75,3422.49829101562
8.25,-23.75,3494.791015625
8.75,-23.75,3564.65869140625
9.25,-23.75,3631.6494140625
9.75,-23.75,3695.375
10.25,-23.75,3755.4931640625
10.75,-23.75,3811.69018554687
11.25,-23.75,3863.65258789062
11.75,-23.75,3911.0478515625
12.25,-23.75,3953.49487304687
12.75,-23.75,3990.55883789062
13.25,-23.75,4021.73876953125
13.75,-23.75,4046.47705078125
14.25,-23.75,4064.17504882812
14.75,-23.75,4074.22412109375
15.25,-23.75,4076.02197265625
15.75,-23.75,4069.02612304687
16.25,-23.75,4052.77563476562
16.75,-23.75,4026.9296875
17.25,-23.75,3991.27514648437
17.75,-23.75,3945.74682617187
18.25,-23.75,3890.42700195312
18.75,-23.75,3825.53662109375
19.25,-23.75,3751.41723632812
19.75,-23.75,3668.509765625
20.25,-23.75,3577.33081054687
20.75,-23.75,3478.44995117187
21.25,-23.75,3372.47802734375
21.75,-23.75,3260.04541015625
22.25,-23.75,3141.80615234375
22.75,-23.75,3018.42456054687
23.25,-23.75,2890.58959960937
23.75,-23.75,2759.01904296875
24.25,-23.75,2624.46362304687
24.75,-23.75,2487.716796875
25.25,-23.75,2349.611328125
25.75,-23.75,2211.0107421875
26.25,-23.75,2072.80004882812
26.75,-23.75,1935.86462402343
27.25,-23.75,1801.06494140625
27.75,-23.75,1669.21435546875
28.25,-23.75,1541.05395507812
28.75,-23.75,1417.23583984375
29.25,-23.75,1298.3076171875
29.75,-23.75,1184.71069335937
30.25,-23.75,1076.77966308593
30.75,-23.75,974.752258300781
31.25,-23.75,878.783630371093
31.75,-23.75,788.953979492187
32.25,-23.75,705.287292480468
32.75,-23.75,627.761291503906
33.25,-23.75,556.311706542968
33.75,-23.75,490.83837890625
34.25,-23.75,431.204345703125
34.75,-23.75,377.231628417968
35.25,-23.75,328.704193115234
35.75,-23.75,285.366394042968
36.25,-23.75,246.925415039062
36.75,-23.75,213.051483154296
37.25,-23.75,183.390869140625
37.75,-23.75,157.572937011718
38.25,-23.75,135.22117614746
38.75,-23.75,115.962020874023
39.25,-23.75,99.4346313476562
39.75,-23.75,85.2984771728515
40.25,-23.75,73.2362976074218
40.75,-23.75,62.9598579406738
41.25,-23.75,54.2105979919433
41.75,-23.75,46.7588920593261
42.25,-23.75,40.4029006958007
42.75,-23.75,34.9669227600097
43.25,-23.75,30.2975749969482
43.75,-23.75,26.2616786956787
44.25,-23.75,22.7486248016357
44.75,-23.75,19.6709880828857
-44.75,-23.25,34.9223251342773
-44.25,-23.25,34.1358528137207
-43.75,-23.25,33.1678276062011
-43.25,-23.25,32.2469940185546
-42.75,-23.25,31.5273342132568
-42.25,-23.25,31.1036624908447
-41.75,-23.25,31.0521984100341
-41.25,-23.25,31.4404697418212
-40.75,-23.25,32.332893371582
-40.25,-23.25,33.7964820861816
-39.75,-23.25,35.906509399414
-39.25,-23.25,38.7502174377441
-38.75,-23.25,42.4302406311035
-38.25,-23.25,47.0662956237793
-37.75,-23.25,52.7946281433105
-37.25,-23.25,59.7664756774902
-36.75,-23.25,68.1454162597656
-36.25,-23.25,78.1024475097656
-35.75,-23.25,89.8102569580078
-35.25,-23.25,103.437759399414
-34.75,-23.25,119.143379211425
-34.25,-23.25,137.06851196289
-33.75,-23.25,157.331466674804
-33.25,-23.25,180.021041870117
-32.75,-23.25,205.192886352539
-32.25,-23.25,232.863510131835
-31.75,-23.25,263.00503540039
-31.25,-23.25,295.544128417968
-30.75,-23.25,330.359497070312
-30.25,-23.25,367.281646728515
-29.75,-23.25,406.094329833984
-29.25,-23.25,446.53857421875
-28.75,-23.25,488.319366455078
-28.25,-23.25,531.113342285156
-27.75,-23.25,574.577453613281
-27.25,-23.25,618.362609863281
-26.75,-23.25,662.124450683593
-26.25,-23.25,705.534301757812
-25.75,-23.25,748.291198730468
-25.25,-23.25,790.130493164062
-24.75,-23.25,830.833923339843
-24.25,-23.25,870.233642578125
-23.75,-23.25,908.21826171875
-23.25,-23.25,944.733337402343
-22.75,-23.25,979.782470703125
-22.25,-23.25,1013.42388916015
-21.75,-23.25,1045.76416015625
-21.25,-23.25,1076.95349121093
-20.75,-23.25,1107.17224121093
-20.25,-23.25,1136.61987304687
-19.75,-23.25,1165.50305175781
-19.25,-23.25,1194.021484375
-18.75,-23.25,1222.35400390625
-18.25,-23.25,1250.65197753906
-17.75,-23.25,1279.02941894531
-17.25,-23.25,1307.56506347656
-16.75,-23.25,1336.30029296875
-16.25,-23.25,1365.24914550781
-15.75,-23.25,1394.40710449218
-15.25,-23.25,1423.76123046875
-14.75,-23.25,1453.30432128906
-14.25,-23.25,1483.03845214843
-13.75,-23.25,1512.98754882812
-13.25,-23.25,1543.19152832031
-12.75,-23.25,1573.70654296875
-12.25,-23.25,1604.59887695312
-11.75,-23.25,1635.93103027343
-11.25,-23.25,1667.75610351562
-10.75,-23.25,1700.10485839843
-10.25,-23.25,1732.98193359375
-9.75,-23.25,1766.36047363281
-9.25,-23.25,1800.18713378906
-8.75,-23.25,1834.38891601562
-8.25,-23.25,1868.8857421875
-7.75,-23.25,1903.60693359375
-7.25,-23.25,1938.50439453125
-6.75,-23.25,1973.57470703125
-6.25,-23.25,2008.8623046875
-5.75,-23.25,2044.47131347656
-5.25,-23.25,2080.56079101562
-4.75,-23.25,2117.33642578125
-4.25,-23.25,2155.037109375
-3.75,-23.25,2193.91528320312
-3.25,-23.25,2234.22241210937
-2.75,-23.25,2276.18872070312
-2.25,-23.25,2320.017578125
-1.75,-23.25,2365.88037109375
-1.25,-23.25,2413.91577148437
-0.75,-23.25,2464.240234375
-0.25,-23.25,2516.95654296875
0.25,-23.25,2572.1611328125
0.75,-23.25,2629.95068359375
1.25,-23.25,2690.41723632812
1.75,-23.25,2753.64404296875
2.25,-23.25,2819.68627929687
2.75,-23.25,2888.55151367187
3.25,-23.25,2960.173828125
3.75,-23.25,3034.40307617187
4.25,-23.25,3110.98266601562
4.75,-23.25,3189.54418945312
5.25,-23.25,3269.61987304687
5.75,-23.25,3350.65209960937
6.25,-23.25,3432.02001953125
6.75,-23.25,3513.07250976562
7.25,-23.25,3593.15942382812
7.75,-23.25,3671.662109375
8.25,-23.25,3748.0185546875
8.75,-23.25,3821.73608398437
9.25,-23.25,3892.39721679687
9.75,-23.25,3959.64526367187
10.25,-23.25,4023.17358398437
10.75,-23.25,4082.69262695312
11.25,-23.25,4137.912109375
11.75,-23.25,4188.501953125
12.25,-23.25,4234.07470703125
12.75,-23.25,4274.17431640625
13.25,-23.25,4308.2646484375
13.75,-23.25,4335.74267578125
14.25,-23.25,4355.9580078125
14.75,-23.25,4368.236328125
15.25,-23.25,4371.916015625
15.75,-23.25,4366.38330078125
16.25,-23.25,4351.11474609375
16.75,-23.25,4325.7099609375
17.25,-23.25,4289.89453125
17.75,-23.25,4243.54833984375
18.25,-23.25,4186.70166015625
18.75,-23.25,4119.529296875
19.25,-23.25,4042.3330078125
19.75,-23.25,3955.51611328125
20.25,-23.25,3859.57275390625
20.75,-23.25,3755.06127929687
21.25,-23.25,3642.5947265625
21.75,-23.25,3522.82739257812
22.25,-23.25,3396.45581054687
22.75,-23.25,3264.2099609375
23.25,-23.25,3126.86206054687
23.75,-23.25,2985.23364257812
24.25,-23.25,2840.1943359375
24.75,-23.25,2692.66284179687
25.25,-23.25,2543.60083007812
25.75,-23.25,2394.00146484375
26.25,-23.25,2244.86474609375
26.75,-23.25,2097.17944335937
27.25,-23.25,1951.89050292968
27.75,-23.25,1809.87683105468
28.25,-23.25,1671.92163085937
28.75,-23.25,1538.69763183593
29.25,-23.25,1410.76123046875
29.75,-23.25,1288.54602050781
30.25,-23.25,1172.37170410156
30.75,-23.25,1062.4609375
31.25,-23.25,958.954956054687
31.75,-23.25,861.926147460937
32.25,-23.25,771.397583007812
32.75,-23.25,687.354431152343
33.25,-23.25,609.745971679687
33.75,-23.25,538.489135742187
34.25,-23.25,473.464965820312
34.75,-23.25,414.511322021484
35.25,-23.25,361.422271728515
35.75,-23.25,313.945343017578
36.25,-23.25,271.78189086914
36.75,-23.25,234.588302612304
37.25,-23.25,201.989486694335
37.75,-23.25,173.587280273437
38.25,-23.25,148.973510742187
38.75,-23.25,127.741188049316
39.25,-23.25,109.495498657226
39.75,-23.25,93.8634490966796
40.25,-23.25,80.4978561401367
40.75,-23.25,69.0837631225586
41.25,-23.25,59.3397827148437
41.75,-23.25,51.017219543457
42.25,-23.25,43.8984985351562
42.75,-23.25,37.7953491210937
43.25,-23.25,32.5442543029785
43.75,-23.25,28.0038013458251
44.25,-23.25,24.0569629669189
44.75,-23.25,20.611421585083
-44.75,-22.75,36.6153526306152
-44.25,-22.75,35.8783493041992
-43.75,-22.75,34.976749420166
-43.25,-22.75,34.1478996276855
-42.75,-22.75,33.5518112182617
-42.25,-22.75,33.2878875732421
-41.75,-22.75,33.4376678466796
-41.25,-22.75,34.0754699707031
-40.75,-22.75,35.2743110656738
-40.25,-22.75,37.1119537353515
-39.75,-22.75,39.6766662597656
-39.25,-22.75,43.0710525512695
-38.75,-22.75,47.4154167175293
-38.25,-22.75,52.8493194580078
-37.75,-22.75,59.5304565429687
-37.25,-22.75,67.632583618164
-36.75,-22.75,77.342041015625
-36.25,-22.75,88.8513488769531
-35.75,-22.75,102.352256774902
-35.25,-22.75,118.028900146484
-34.75,-22.75,136.04931640625
-34.25,-22.75,156.557800292968
-33.75,-22.75,179.66795349121
-33.25,-22.75,205.45571899414
-32.75,-22.75,233.955657958984
-32.25,-22.75,265.155548095703
-31.75,-22.75,298.992065429687
-31.25,-22.75,335.350982666015
-30.75,-22.75,374.066864013671
-30.25,-22.75,414.922973632812
-29.75,-22.75,457.656311035156
-29.25,-22.75,501.962585449218
-28.75,-22.75,547.504089355468
-28.25,-22.75,593.91943359375
-27.75,-22.75,640.834533691406
-27.25,-22.75,687.874816894531
-26.75,-22.75,734.679565429687
-26.25,-22.75,780.911376953125
-25.75,-22.75,826.2685546875
-25.25,-22.75,870.495300292968
-24.75,-22.75,913.388427734375
-24.25,-22.75,954.802001953125
-23.75,-22.75,994.650817871093
-23.25,-22.75,1032.91088867187
-22.75,-22.75,1069.6162109375
-22.25,-22.75,1104.85546875
-21.75,-22.75,1138.76245117187
-21.25,-22.75,1171.50646972656
-20.75,-22.75,1203.28442382812
-20.25,-22.75,1234.30126953125
-19.75,-22.75,1264.76171875
-19.25,-22.75,1294.85668945312
-18.75,-22.75,1324.74938964843
-18.25,-22.75,1354.57275390625
-17.75,-22.75,1384.42297363281
-17.25,-22.75,1414.36120605468
-16.75,-22.75,1444.42297363281
-16.25,-22.75,1474.62182617187
-15.75,-22.75,1504.96704101562
-15.25,-22.75,1535.46984863281
-14.75,-22.75,1566.15795898437
-14.25,-22.75,1597.078125
-13.75,-22.75,1628.30041503906
-13.25,-22.75,1659.91162109375
-12.75,-22.75,1692.01062011718
-12.25,-22.75,1724.69458007812
-11.75,-22.75,1758.04626464843
-11.25,-22.75,1792.12280273437
-10.75,-22.75,1826.94396972656
-10.25,-22.75,1862.48852539062
-9.75,-22.75,1898.69055175781
-9.25,-22.75,1935.447265625
-8.75,-22.75,1972.63073730468
-8.25,-22.75,2010.10473632812
-7.75,-22.75,2047.74450683593
-7.25,-22.75,2085.45947265625
-6.75,-22.75,2123.21166992187
-6.25,-22.75,2161.03125
-5.75,-22.75,2199.01977539062
-5.25,-22.75,2237.35205078125
-4.75,-22.75,2276.26245117187
-4.25,-22.75,2316.0302734375
-3.75,-22.75,2356.95434570312
-3.25,-22.75,2399.33715820312
-2.75,-22.75,2443.458984375
-2.25,-22.75,2489.57202148437
-1.75,-22.75,2537.88940429687
-1.25,-22.75,2588.59155273437
-0.75,-22.75,2641.82739257812
-0.25,-22.75,2697.7255859375
0.25,-22.75,2756.40551757812
0.75,-22.75,2817.97607421875
1.25,-22.75,2882.5341796875
1.75,-22.75,2950.154296875
2.25,-22.75,3020.87719726562
2.75,-22.75,3094.67529296875
3.25,-22.75,3171.443359375
3.75,-22.75,3250.97045898437
4.25,-22.75,3332.93969726562
4.75,-22.75,3416.91333007812
5.25,-22.75,3502.35620117187
5.75,-22.75,3588.64477539062
6.25,-22.75,3675.109375
6.75,-22.75,3761.0615234375
7.25,-22.75,3845.82666015625
7.75,-22.75,3928.78686523437
8.25,-22.75,4009.38793945312
8.75,-22.75,4087.15844726562
9.25,-22.75,4161.70751953125
9.75,-22.75,4232.71484375
10.25,-22.75,4299.900390625
10.75,-22.75,4362.99658203125
11.25,-22.75,4421.72509765625
11.75,-22.75,4475.7587890625
12.25,-22.75,4524.69775390625
12.75,-22.75,4568.05908203125
13.25,-22.75,4605.2724609375
13.75,-22.75,4635.6865234375
14.25,-22.75,4658.59033203125
14.75,-22.75,4673.25
15.25,-22.75,4678.931640625
15.75,-22.75,4674.9560546875
16.25,-22.75,4660.73486328125
16.75,-22.75,4635.79345703125
17.25,-22.75,4599.80078125
17.75,-22.75,4552.57177734375
18.25,-22.75,4494.08349609375
18.75,-22.75,4424.46240234375
19.25,-22.75,4343.962890625
19.75,-22.75,4252.9619140625
20.25,-22.75,4151.92822265625
20.75,-22.75,4041.41479492187
21.25,-22.75,3922.05102539062
21.75,-22.75,3794.52172851562
22.25,-22.75,3659.578125
22.75,-22.75,3518.02905273437
23.25,-22.75,3370.74291992187
23.75,-22.75,3218.65258789062
24.25,-22.75,3062.7578125
24.75,-22.75,2904.10791015625
25.25,-22.75,2743.80126953125
25.75,-22.75,2582.9599609375
26.25,-22.75,2422.70190429687
26.75,-22.75,2264.11499023437
27.25,-22.75,2108.2255859375
27.75,-22.75,1955.96655273437
28.25,-22.75,1808.1552734375
28.75,-22.75,1665.47875976562
29.25,-22.75,1528.48510742187
29.75,-22.75,1397.59362792968
30.25,-22.75,1273.10009765625
30.75,-22.75,1155.20263671875
31.25,-22.75,1044.02416992187
31.75,-22.75,939.625366210937
32.25,-22.75,842.028564453125
32.75,-22.75,751.227355957031
33.25,-22.75,667.189453125
33.75,-22.75,589.85498046875
34.25,-22.75,519.130920410156
34.75,-22.75,454.878448486328
35.25,-22.75,396.909698486328
35.75,-22.75,344.98208618164
36.25,-22.75,298.798675537109
36.75,-22.75,258.006530761718
37.25,-22.75,222.213073730468
37.75,-22.75,190.995223999023
38.25,-22.75,163.91470336914
38.75,-22.75,140.531326293945
39.25,-22.75,120.415702819824
39.75,-22.75,103.161125183105
40.25,-22.75,88.3884353637695
40.75,-22.75,75.7537536621093
41.25,-22.75,64.9502029418945
41.75,-22.75,55.7070999145507
42.25,-22.75,47.788475036621
42.75,-22.75,40.9907646179199
43.25,-22.75,35.1377372741699
43.75,-22.75,30.0773849487304
44.25,-22.75,25.6841869354248
44.75,-22.75,21.8592433929443
-44.75,-22.25,38.159568786621
-44.25,-22.25,37.5157775878906
-43.75,-22.25,36.7283096313476
-43.25,-22.25,36.0410652160644
-42.75,-22.25,35.6189804077148
-42.25,-22.25,35.5659484863281
-41.75,-22.25,35.9693984985351
-41.25,-22.25,36.9115715026855
-40.75,-22.25,38.4757194519043
-40.25,-22.25,40.7522888183593
-39.75,-22.25,43.8446884155273
-39.25,-22.25,47.8731117248535
-38.75,-22.25,52.9776229858398
-38.25,-22.25,59.3195495605468
-37.75,-22.25,67.0799026489257
-37.25,-22.25,76.4562149047851
-36.75,-22.25,87.6584320068359
-36.25,-22.25,100.90103149414
-35.75,-22.25,116.39453125
-35.25,-22.25,134.337127685546
-34.75,-22.25,154.90476989746
-34.25,-22.25,178.242065429687
-33.75,-22.25,204.454238891601
-33.25,-22.25,233.599975585937
-32.75,-22.25,265.687469482421
-32.25,-22.25,300.669982910156
-31.75,-22.25,338.442321777343
-31.25,-22.25,378.842712402343
-30.75,-22.25,421.654205322265
-30.25,-22.25,466.607208251953
-29.75,-22.25,513.385986328125
-29.25,-22.25,561.63623046875
-28.75,-22.25,610.974975585937
-28.25,-22.25,661.001647949218
-27.75,-22.25,711.311706542968
-27.25,-22.25,761.509399414062
-26.75,-22.25,811.222412109375
-26.25,-22.25,860.112426757812
-25.75,-22.25,907.888305664062
-25.25,-22.25,954.310974121093
-24.75,-22.25,999.203979492187
-24.25,-22.25,1042.45385742187
-23.75,-22.25,1084.01062011718
-23.25,-22.25,1123.88842773437
-22.75,-22.25,1162.15710449218
-22.25,-22.25,1198.93737792968
-21.75,-22.25,1234.39001464843
-21.25,-22.25,1268.70361328125
-20.75,-22.25,1302.08520507812
-20.25,-22.25,1334.74047851562
-19.75,-22.25,1366.86730957031
-19.25,-22.25,1398.63928222656
-18.75,-22.25,1430.20129394531
-18.25,-22.25,1461.66381835937
-17.75,-22.25,1493.10168457031
-17.25,-22.25,1524.56127929687
-16.75,-22.25,1556.06970214843
-16.25,-22.25,1587.64489746093
-15.75,-22.25,1619.31066894531
-15.25,-22.25,1651.10546875
-14.75,-22.25,1683.09375
-14.25,-22.25,1715.36682128906
-13.75,-22.25,1748.03894042968
-13.25,-22.25,1781.24279785156
-12.75,-22.25,1815.1142578125
-12.25,-22.25,1849.77868652343
-11.75,-22.25,1885.33422851562
-11.25,-22.25,1921.83752441406
-10.75,-22.25,1959.29479980468
-10.25,-22.25,1997.65454101562
-9.75,-22.25,2036.81140136718
-9.25,-22.25,2076.61181640625
-8.75,-22.25,2116.8740234375
-8.25,-22.25,2157.40551757812
-7.75,-22.25,2198.03100585937
-7.25,-22.25,2238.6162109375
-6.75,-22.25,2279.09545898437
-6.25,-22.25,2319.48217773437
-5.75,-22.25,2359.88061523437
-5.25,-22.25,2400.48413085937
-4.75,-22.25,2441.55639648437
-4.25,-22.25,2483.41772460937
-3.75,-22.25,2526.4150390625
-3.25,-22.25,2570.90087890625
-2.75,-22.25,2617.20532226562
-2.25,-22.25,2665.62744140625
-1.75,-22.25,2716.42260742187
-1.25,-22.25,2769.8076171875
-0.75,-22.25,2825.962890625
-0.25,-22.25,2885.046875
0.25,-22.25,2947.19506835937
0.75,-22.25,3012.53002929687
1.25,-22.25,3081.15625
1.75,-22.25,3153.14331054687
2.25,-22.25,3228.5146484375
2.75,-22.25,3307.21850585937
3.25,-22.25,3389.10791015625
3.75,-22.25,3473.92504882812
4.25,-22.25,3561.2900390625
4.75,-22.25,3650.70458984375
5.25,-22.25,3741.5703125
5.75,-22.25,3833.20581054687
6.25,-22.25,3924.89233398437
6.75,-22.25,4015.90502929687
7.25,-22.25,4105.54931640625
7.75,-22.25,4193.19775390625
8.25,-22.25,4278.3017578125
8.75,-22.25,4360.40673828125
9.25,-22.25,4439.1435546875
9.75,-22.25,4514.212890625
10.25,-22.25,4585.3544921875
10.75,-22.25,4652.31982421875
11.25,-22.25,4714.833984375
11.75,-22.25,4772.56591796875
12.25,-22.25,4825.1005859375
12.75,-22.25,4871.92822265625
13.25,-22.25,4912.439453125
13.75,-22.25,4945.93310546875
14.25,-22.25,4971.64501953125
14.75,-22.25,4988.77197265625
15.25,-22.25,4996.51708984375
15.75,-22.25,4994.12841796875
16.25,-22.25,4980.94580078125
16.75,-22.25,4956.4248046875
17.25,-22.25,4920.1669921875
17.75,-22.25,4871.9228515625
18.25,-22.25,4811.61376953125
18.75,-22.25,4739.3076171875
19.25,-22.25,4655.224609375
19.75,-22.25,4559.708984375
20.25,-22.25,4453.22021484375
20.75,-22.25,4336.31640625
21.25,-22.25,4209.646484375
21.75,-22.25,4073.94750976562
22.25,-22.25,3930.03735351562
22.75,-22.25,3778.81274414062
23.25,-22.25,3621.25146484375
23.75,-22.25,3458.40966796875
24.25,-22.25,3291.4150390625
24.75,-22.25,3121.45703125
25.25,-22.25,2949.76708984375
25.75,-22.25,2777.58959960937
26.25,-22.25,2606.15747070312
26.75,-22.25,2436.65209960937
27.25,-22.25,2270.16650390625
27.75,-22.25,2107.68286132812
28.25,-22.25,1950.04162597656
28.75,-22.25,1797.9296875
29.25,-22.25,1651.88330078125
29.75,-22.25,1512.29406738281
30.25,-22.25,1379.42846679687
30.75,-22.25,1253.45446777343
31.25,-22.25,1134.47119140625
31.75,-22.25,1022.52795410156
32.25,-22.25,917.645446777343
32.75,-22.25,819.830383300781
33.25,-22.25,729.073608398437
33.75,-22.25,645.345520019531
34.25,-22.25,568.586669921875
34.75,-22.25,498.689849853515
35.25,-22.25,435.494323730468
35.75,-22.25,378.775512695312
36.25,-22.25,328.244354248046
36.75,-22.25,283.544921875
37.25,-22.25,244.271362304687
37.75,-22.25,209.979064941406
38.25,-22.25,180.201553344726
38.75,-22.25,154.465957641601
39.25,-22.25,132.308319091796
39.75,-22.25,113.287033081054
40.25,-22.25,96.9891586303711
40.75,-22.25,83.0393142700195
41.25,-22.25,71.102294921875
41.75,-22.25,60.8824081420898
42.25,-22.25,52.1219177246093
42.75,-22.25,44.5987243652343
43.25,-22.25,38.1208267211914
43.75,-22.25,32.522590637207
44.25,-22.25,27.6675434112548
44.75,-22.25,23.4482593536376
-44.75,-21.75,39.6680755615234
-44.25,-21.75,39.1523818969726
-43.75,-21.75,38.5163803100585
-43.25,-21.75,38.0098190307617
-42.75,-21.75,37.8026313781738
-42.25,-21.75,38.0036849975585
-41.75,-21.75,38.7071914672851
-41.25,-21.75,40.004653930664
-40.75,-21.75,41.9911575317382
-40.25,-21.75,44.7715721130371
-39.75,-21.75,48.4663887023925
-39.25,-21.75,53.2151641845703
-38.75,-21.75,59.179515838623
-38.25,-21.75,66.5440826416015
-37.75,-21.75,75.514175415039
-37.25,-21.75,86.3118438720703
-36.75,-21.75,99.1708374023437
-36.25,-21.75,114.327156066894
-35.75,-21.75,132.00927734375
-35.25,-21.75,152.428100585937
-34.75,-21.75,175.765579223632
-34.25,-21.75,202.163787841796
-33.75,-21.75,231.71711730957
-33.25,-21.75,264.462738037109
-32.75,-21.75,300.378479003906
-32.25,-21.75,339.378112792968
-31.75,-21.75,381.30859375
-31.25,-21.75,425.95474243164
-30.75,-21.75,473.042022705078
-30.25,-21.75,522.241394042968
-29.75,-21.75,573.178894042968
-29.25,-21.75,625.445556640625
-28.75,-21.75,678.610290527343
-28.25,-21.75,732.232604980468
-27.75,-21.75,785.878967285156
-27.25,-21.75,839.13623046875
-26.75,-21.75,891.626892089843
-26.25,-21.75,943.021606445312
-25.75,-21.75,993.046508789062
-25.25,-21.75,1041.49365234375
-24.75,-21.75,1088.22265625
-24.25,-21.75,1133.16235351562
-23.75,-21.75,1176.30676269531
-23.25,-21.75,1217.71228027343
-22.75,-21.75,1257.48840332031
-22.25,-21.75,1295.78833007812
-21.75,-21.75,1332.79626464843
-21.25,-21.75,1368.71655273437
-20.75,-21.75,1403.75805664062
-20.25,-21.75,1438.12280273437
-19.75,-21.75,1471.99365234375
-19.25,-21.75,1505.52429199218
-18.75,-21.75,1538.8369140625
-18.25,-21.75,1572.01794433593
-17.75,-21.75,1605.12390136718
-17.25,-21.75,1638.18835449218
-16.75,-21.75,1671.23596191406
-16.25,-21.75,1704.29260253906
-15.75,-21.75,1737.40124511718
-15.25,-21.75,1770.63134765625
-14.75,-21.75,1804.0849609375
-14.25,-21.75,1837.89428710937
-13.75,-21.75,1872.21740722656
-13.25,-21.75,1907.22265625
-12.75,-21.75,1943.07727050781
-12.25,-21.75,1979.92590332031
-11.75,-21.75,2017.87390136718
-11.25,-21.75,2056.97216796875
-10.75,-21.75,2097.20703125
-10.25,-21.75,2138.49633789062
-9.75,-21.75,2180.693359375
-9.25,-21.75,2223.5966796875
-8.75,-21.75,2266.97094726562
-8.25,-21.75,2310.57421875
-7.75,-21.75,2354.1845703125
-7.25,-21.75,2397.63354492187
-6.75,-21.75,2440.82739257812
-6.25,-21.75,2483.7724609375
-5.75,-21.75,2526.58032226562
-5.25,-21.75,2569.45922851562
-4.75,-21.75,2612.708984375
-4.25,-21.75,2656.6884765625
-3.75,-21.75,2701.7919921875
-3.25,-21.75,2748.41625976562
-2.75,-21.75,2796.94018554687
-2.25,-21.75,2847.70361328125
-1.75,-21.75,2901.00219726562
-1.25,-21.75,2957.08251953125
-0.75,-21.75,3016.15649414062
-0.25,-21.75,3078.40258789062
0.25,-21.75,3143.978515625
0.75,-21.75,3213.01977539062
1.25,-21.75,3285.63745117187
1.75,-21.75,3361.90112304687
2.25,-21.75,3441.82861328125
2.75,-21.75,3525.34350585937
3.25,-21.75,3612.27026367187
3.75,-21.75,3702.31005859375
4.25,-21.75,3795.03491210937
4.75,-21.75,3889.89379882812
5.25,-21.75,3986.22998046875
5.75,-21.75,4083.31298828125
6.25,-21.75,4180.37548828125
6.75,-21.75,4276.6552734375
7.25,-21.75,4371.43603515625
7.75,-21.75,4464.06982421875
8.25,-21.75,4554.0068359375
8.75,-21.75,4640.79833984375
9.25,-21.75,4724.08251953125
9.75,-21.75,4803.56982421875
10.25,-21.75,4879.01220703125
10.75,-21.75,4950.16357421875
11.25,-21.75,5016.7490234375
11.75,-21.75,5078.42724609375
12.25,-21.75,5134.7666015625
12.75,-21.75,5185.2265625
13.25,-21.75,5229.1640625
13.75,-21.75,5265.83203125
14.25,-21.75,5294.40576171875
14.75,-21.75,5314.02734375
15.25,-21.75,5323.8330078125
15.75,-21.75,5322.9951171875
16.25,-21.75,5310.78466796875
16.75,-21.75,5286.58642578125
17.25,-21.75,5249.91943359375
17.75,-21.75,5200.4775390625
18.25,-21.75,5138.11279296875
18.75,-21.75,5062.84912109375
19.25,-21.75,4974.86474609375
19.75,-21.75,4874.4853515625
20.25,-21.75,4762.16650390625
20.75,-21.75,4638.4814453125
21.25,-21.75,4504.12451171875
21.75,-21.75,4359.89111328125
22.25,-21.75,4206.68603515625
22.75,-21.75,4045.50756835937
23.25,-21.75,3877.44946289062
23.75,-21.75,3703.69360351562
24.25,-21.75,3525.50268554687
24.75,-21.75,3344.19775390625
25.25,-21.75,3161.13623046875
25.75,-21.75,2977.681640625
26.25,-21.75,2795.16455078125
26.75,-21.75,2614.84619140625
27.25,-21.75,2437.87890625
27.75,-21.75,2265.28051757812
28.25,-21.75,2097.89990234375
28.75,-21.75,1936.42004394531
29.25,-21.75,1781.35412597656
29.75,-21.75,1633.0615234375
30.25,-21.75,1491.77404785156
30.75,-21.75,1357.62768554687
31.25,-21.75,1230.69702148437
31.75,-21.75,1111.01965332031
32.25,-21.75,998.618896484375
32.75,-21.75,893.518005371093
33.25,-21.75,795.736755371093
33.75,-21.75,705.283325195312
34.25,-21.75,622.13916015625
34.75,-21.75,546.237915039062
35.25,-21.75,477.453216552734
35.75,-21.75,415.586456298828
36.25,-21.75,360.363342285156
36.75,-21.75,311.430480957031
37.25,-21.75,268.37353515625
37.75,-21.75,230.729522705078
38.25,-21.75,198.006134033203
38.75,-21.75,169.699066162109
39.25,-21.75,145.30972290039
39.75,-21.75,124.361053466796
40.25,-21.75,106.404510498046
40.75,-21.75,91.0311203002929
41.25,-21.75,77.8744201660156
41.75,-21.75,66.6105270385742
42.25,-21.75,56.9565620422363
42.75,-21.75,48.6685333251953
43.25,-21.75,41.5351600646972
43.75,-21.75,35.3742141723632
44.25,-21.75,30.0354652404785
44.75,-21.75,25.4008750915527
-44.75,-21.25,41.2626075744628
-44.25,-21.25,40.8998718261718
-43.75,-21.25,40.4408950805664
-43.25,-21.25,40.1422386169433
-42.75,-21.25,40.1799201965332
-42.25,-21.25,40.6689758300781
-41.75,-21.25,41.711814880371
-41.25,-21.25,43.4105644226074
-40.75,-21.25,45.8736534118652
-40.25,-21.25,49.2220077514648
-39.75,-21.25,53.5946350097656
-39.25,-21.25,59.1519889831543
-38.75,-21.25,66.0784072875976
-38.25,-21.25,74.5827255249023
-37.75,-21.25,84.8949508666992
-37.25,-21.25,97.2616882324218
-36.75,-21.25,111.939765930175
-36.25,-21.25,129.18586730957
-35.75,-21.25,149.24494934082
-35.25,-21.25,172.3388671875
-34.75,-21.25,198.653427124023
-34.25,-21.25,228.326797485351
-33.75,-21.25,261.438903808593
-33.25,-21.25,298.003479003906
-32.75,-21.25,337.964294433593
-32.25,-21.25,381.191284179687
-31.75,-21.25,427.479461669921
-31.25,-21.25,476.554443359375
-30.75,-21.25,528.078186035156
-30.25,-21.25,581.656860351562
-29.75,-21.25,636.852722167968
-29.25,-21.25,693.198059082031
-28.75,-21.25,750.210876464843
-28.25,-21.25,807.410583496093
-27.75,-21.25,864.336181640625
-27.25,-21.25,920.562561035156
-26.75,-21.25,975.714599609375
-26.25,-21.25,1029.47985839843
-25.75,-21.25,1081.61474609375
-25.25,-21.25,1131.95166015625
-24.75,-21.25,1180.39697265625
-24.25,-21.25,1226.93029785156
-23.75,-21.25,1271.5966796875
-23.25,-21.25,1314.49755859375
-22.75,-21.25,1355.78247070312
-22.25,-21.25,1395.6328125
-21.75,-21.25,1434.25183105468
-21.25,-21.25,1471.85107421875
-20.75,-21.25,1508.63391113281
-20.25,-21.25,1544.78955078125
-19.75,-21.25,1580.48059082031
-19.25,-21.25,1615.83654785156
-18.75,-21.25,1650.95385742187
-18.25,-21.25,1685.89782714843
-17.75,-21.25,1720.71154785156
-17.25,-21.25,1755.421875
-16.75,-21.25,1790.05908203125
-16.25,-21.25,1824.66638183593
-15.75,-21.25,1859.31298828125
-15.25,-21.25,1894.10168457031
-14.75,-21.25,1929.17260742187
-14.25,-21.25,1964.69604492187
-13.75,-21.25,2000.86560058593
-13.25,-21.25,2037.87939453125
-12.75,-21.25,2075.923828125
-12.25,-21.25,2115.15209960937
-11.75,-21.25,2155.66650390625
-11.25,-21.25,2197.5048828125
-10.75,-21.25,2240.62866210937
-10.25,-21.25,2284.92065429687
-9.75,-21.25,2330.19384765625
-9.25,-21.25,2376.20141601562
-8.75,-21.25,2422.66284179687
-8.25,-21.25,2469.29223632812
-7.75,-21.25,2515.83056640625
-7.25,-21.25,2562.08056640625
-6.75,-21.25,2607.93481445312
-6.25,-21.25,2653.39526367187
-5.75,-21.25,2698.58203125
-5.25,-21.25,2743.728515625
-4.75,-21.25,2789.16455078125
-4.25,-21.25,2835.28833007812
-3.75,-21.25,2882.53393554687
-3.25,-21.25,2931.34252929687
-2.75,-21.25,2982.1298828125
-2.25,-21.25,3035.2724609375
-1.75,-21.25,3091.0966796875
-1.25,-21.25,3149.87817382812
-0.75,-21.25,3211.85131835937
-0.25,-21.25,3277.21459960937
0.25,-21.25,3346.14428710937
0.75,-21.25,3418.79125976562
1.25,-21.25,3495.275390625
1.75,-21.25,3575.67529296875
2.25,-21.25,3660.00268554687
2.75,-21.25,3748.17700195312
3.25,-21.25,3840.00122070312
3.75,-21.25,3935.15283203125
4.25,-21.25,4033.16357421875
4.75,-21.25,4133.4423828125
5.25,-21.25,4235.28857421875
5.75,-21.25,4337.921875
6.25,-21.25,4440.53271484375
6.75,-21.25,4542.318359375
7.25,-21.25,4642.52978515625
7.75,-21.25,4740.49365234375
8.25,-21.25,4835.6455078125
8.75,-21.25,4927.52001953125
9.25,-21.25,5015.75048828125
9.75,-21.25,5100.0458984375
10.25,-21.25,5180.14794921875
10.75,-21.25,5255.8056640625
11.25,-21.25,5326.74072265625
11.75,-21.25,5392.59033203125
12.25,-21.25,5452.90625
12.75,-21.25,5507.12548828125
13.25,-21.25,5554.5654296875
13.75,-21.25,5594.4384765625
14.25,-21.25,5625.87890625
14.75,-21.25,5647.96630859375
15.25,-21.25,5659.7734375
15.75,-21.25,5660.40185546875
16.25,-21.25,5649.05029296875
16.75,-21.25,5625.0244140625
17.25,-21.25,5587.771484375
17.75,-21.25,5536.91455078125
18.25,-21.25,5472.24267578125
18.75,-21.25,5393.72998046875
19.25,-21.25,5301.52490234375
19.75,-21.25,5195.93505859375
20.25,-21.25,5077.42919921875
20.75,-21.25,4946.61279296875
21.25,-21.25,4804.23876953125
21.75,-21.25,4651.18603515625
22.25,-21.25,4488.45068359375
22.75,-21.25,4317.14892578125
23.25,-21.25,4138.49755859375
23.75,-21.25,3953.80786132812
24.25,-21.25,3764.46850585937
24.75,-21.25,3571.92749023437
25.25,-21.25,3377.65576171875
25.75,-21.25,3183.11669921875
26.25,-21.25,2989.72607421875
26.75,-21.25,2798.80639648437
27.25,-21.25,2611.5556640625
27.75,-21.25,2429.00952148437
28.25,-21.25,2252.02197265625
28.75,-21.25,2081.26171875
29.25,-21.25,1917.21301269531
29.75,-21.25,1760.20227050781
30.25,-21.25,1610.42517089843
30.75,-21.25,1467.9873046875
31.25,-21.25,1332.94177246093
31.75,-21.25,1205.3173828125
32.25,-21.25,1085.1455078125
32.75,-21.25,972.471984863281
33.25,-21.25,867.351440429687
33.75,-21.25,769.836120605468
34.25,-21.25,679.956298828125
34.75,-21.25,597.692565917968
35.25,-21.25,522.960021972656
35.75,-21.25,455.592102050781
36.25,-21.25,395.334716796875
36.75,-21.25,341.842193603515
37.25,-21.25,294.695556640625
37.75,-21.25,253.416885375976
38.25,-21.25,217.490356445312
38.75,-21.25,186.381927490234
39.25,-21.25,159.558975219726
39.75,-21.25,136.508499145507
40.25,-21.25,116.745552062988
40.75,-21.25,99.8255615234375
41.25,-21.25,85.3485794067382
41.75,-21.25,72.95947265625
42.25,-21.25,62.3472328186035
42.75,-21.25,53.2426872253418
43.25,-21.25,45.412181854248
43.75,-21.25,38.6537017822265
44.25,-21.25,32.800682067871
44.75,-21.25,27.7224521636962
-44.75,-20.75,43.0413856506347
-44.25,-20.75,42.848533630371
-43.75,-20.75,42.5827713012695
-43.25,-20.75,42.5096473693847
-42.75,-20.75,42.8133239746093
-42.25,-20.75,43.6168479919433
-41.75,-20.75,45.0324172973632
-41.25,-20.75,47.1744499206543
-40.75,-20.75,50.1661834716796
-40.25,-20.75,54.1458625793457
-39.75,-20.75,59.2724151611328
-39.25,-20.75,65.7280883789062
-38.75,-20.75,73.7206954956054
-38.25,-20.75,83.4834823608398
-37.75,-20.75,95.271011352539
-37.25,-20.75,109.353652954101
-36.75,-20.75,126.010246276855
-36.25,-20.75,145.516418457031
-35.75,-20.75,168.131805419921
-35.25,-20.75,194.08740234375
-34.75,-20.75,223.571060180664
-34.25,-20.75,256.714385986328
-33.75,-20.75,293.581848144531
-33.25,-20.75,334.160766601562
-32.75,-20.75,378.358093261718
-32.25,-20.75,425.997283935546
-31.75,-20.75,476.816528320312
-31.25,-20.75,530.478332519531
-30.75,-20.75,586.575744628906
-30.25,-20.75,644.64501953125
-29.75,-20.75,704.18017578125
-29.25,-20.75,764.651062011718
-28.75,-20.75,825.523071289062
-28.25,-20.75,886.275939941406
-27.75,-20.75,946.42529296875
-27.25,-20.75,1005.53924560546
-26.75,-20.75,1063.25402832031
-26.25,-20.75,1119.28381347656
-25.75,-20.75,1173.42578125
-25.25,-20.75,1225.56372070312
-24.75,-20.75,1275.66088867187
-24.25,-20.75,1323.75549316406
-23.75,-20.75,1369.94482421875
-23.25,-20.75,1414.37817382812
-22.75,-20.75,1457.2412109375
-22.25,-20.75,1498.73852539062
-21.75,-20.75,1539.08276367187
-21.25,-20.75,1578.48046875
-20.75,-20.75,1617.12255859375
-20.25,-20.75,1655.17321777343
-19.75,-20.75,1692.76782226562
-19.25,-20.75,1730.0078125
-18.75,-20.75,1766.96520996093
-18.25,-20.75,1803.68859863281
-17.75,-20.75,1840.21166992187
-17.25,-20.75,1876.568359375
-16.75,-20.75,1912.80395507812
-16.25,-20.75,1948.98791503906
-15.75,-20.75,1985.22387695312
-15.25,-20.75,2021.65441894531
-14.75,-20.75,2058.45776367187
-14.25,-20.75,2095.83837890625
-13.75,-20.75,2134.01879882812
-13.25,-20.75,2173.21508789062
-12.75,-20.75,2213.62182617187
-12.25,-20.75,2255.38842773437
-11.75,-20.75,2298.60571289062
-11.25,-20.75,2343.287109375
-10.75,-20.75,2389.36328125
-10.25,-20.75,2436.68188476562
-9.75,-20.75,2485.01733398437
-9.25,-20.75,2534.08032226562
-8.75,-20.75,2583.55346679687
-8.25,-20.75,2633.11743164062
-7.75,-20.75,2682.48486328125
-7.25,-20.75,2731.44091796875
-6.75,-20.75,2779.87255859375
-6.25,-20.75,2827.78491210937
-5.75,-20.75,2875.31323242187
-5.25,-20.75,2922.7138671875
-4.75,-20.75,2970.34838867187
-4.25,-20.75,3018.6484375
-3.75,-20.75,3068.08276367187
-3.25,-20.75,3119.12524414062
-2.75,-20.75,3172.22729492187
-2.25,-20.75,3227.78833007812
-1.75,-20.75,3286.16040039062
-1.25,-20.75,3347.640625
-0.75,-20.75,3412.47900390625
-0.25,-20.75,3480.8955078125
0.25,-20.75,3553.078125
0.75,-20.75,3629.19702148437
1.25,-20.75,3709.38745117187
1.75,-20.75,3793.73876953125
2.25,-20.75,3882.2734375
2.75,-20.75,3974.91552734375
3.25,-20.75,4071.45971679687
3.75,-20.75,4171.57373046875
4.25,-20.75,4274.76708984375
4.75,-20.75,4380.42529296875
5.25,-20.75,4487.80322265625
5.75,-20.75,4596.08642578125
6.25,-20.75,4704.42236328125
6.75,-20.75,4811.9599609375
7.25,-20.75,4917.912109375
7.75,-20.75,5021.568359375
8.25,-20.75,5122.32470703125
8.75,-20.75,5219.693359375
9.25,-20.75,5313.2763671875
9.75,-20.75,5402.7578125
10.25,-20.75,5487.8701171875
10.75,-20.75,5568.3369140625
11.25,-20.75,5643.861328125
11.75,-20.75,5714.0732421875
12.25,-20.75,5778.49609375
12.75,-20.75,5836.54931640625
13.25,-20.75,5887.5166015625
13.75,-20.75,5930.58642578125
14.25,-20.75,5964.841796875
14.75,-20.75,5989.3173828125
15.25,-20.75,6003.0234375
15.75,-20.75,6004.998046875
16.25,-20.75,5994.35986328125
16.75,-20.75,5970.33935546875
17.25,-20.75,5932.31005859375
17.75,-20.75,5879.8115234375
18.25,-20.75,5812.580078125
18.75,-20.75,5730.53955078125
19.25,-20.75,5633.81103515625
19.75,-20.75,5522.7041015625
20.25,-20.75,5397.70703125
20.75,-20.75,5259.47900390625
21.25,-20.75,5108.8466796875
21.75,-20.75,4946.779296875
22.25,-20.75,4774.39306640625
22.75,-20.75,4592.92529296875
23.25,-20.75,4403.716796875
23.75,-20.75,4208.20703125
24.25,-20.75,4007.90795898437
24.75,-20.75,3804.37426757812
25.25,-20.75,3599.17407226562
25.75,-20.75,3393.85278320312
26.25,-20.75,3189.888671875
26.75,-20.75,2988.64990234375
27.25,-20.75,2791.35888671875
27.75,-20.75,2599.06201171875
28.25,-20.75,2412.60595703125
28.75,-20.75,2232.63891601562
29.25,-20.75,2059.619140625
29.75,-20.75,1893.83959960937
30.25,-20.75,1735.4658203125
30.75,-20.75,1584.57653808593
31.25,-20.75,1441.21203613281
31.75,-20.75,1305.39990234375
32.25,-20.75,1177.18603515625
32.75,-20.75,1056.64392089843
33.25,-20.75,943.870849609375
33.75,-20.75,838.969055175781
34.25,-20.75,742.021423339843
34.75,-20.75,653.060241699218
35.25,-20.75,572.046569824218
35.75,-20.75,498.849182128906
36.25,-20.75,433.237854003906
36.75,-20.75,374.878143310546
37.25,-20.75,323.349456787109
37.75,-20.75,278.161651611328
38.25,-20.75,238.778030395507
38.75,-20.75,204.636413574218
39.25,-20.75,175.171768188476
39.75,-20.75,149.835632324218
40.25,-20.75,128.106369018554
40.75,-20.75,109.502868652343
41.25,-20.75,93.5899963378906
41.75,-20.75,79.9793930053711
42.25,-20.75,68.3292922973632
42.75,-20.75,58.3426208496093
43.25,-20.75,49.7605895996093
43.75,-20.75,42.3587417602539
44.25,-20.75,35.9517402648925
44.75,-20.75,30.3943328857421
-44.75,-20.25,45.0539855957031
-44.25,-20.25,45.0442695617675
-43.75,-20.25,44.9834442138671
-43.25,-20.25,45.1489677429199
-42.75,-20.25,45.7356834411621
-42.25,-20.25,46.8767051696777
-41.75,-20.25,48.6960258483886
-41.25,-20.25,51.3219871520996
-40.75,-20.25,54.8941574096679
-40.25,-20.25,59.5694503784179
-39.75,-20.25,65.5276107788086
-39.25,-20.25,72.9734878540039
-38.75,-20.25,82.1386566162109
-38.25,-20.25,93.2806549072265
-37.75,-20.25,106.677894592285
-37.25,-20.25,122.623275756835
-36.75,-20.25,141.416046142578
-36.25,-20.25,163.348800659179
-35.75,-20.25,188.693786621093
-35.25,-20.25,217.68896484375
-34.75,-20.25,250.522064208984
-34.25,-20.25,287.316375732421
-33.75,-20.25,328.118591308593
-33.25,-20.25,372.887298583984
-32.75,-20.25,421.490661621093
-32.25,-20.25,473.701751708984
-31.75,-20.25,529.198913574218
-31.25,-20.25,587.576904296875
-30.75,-20.25,648.356140136718
-30.25,-20.25,710.998474121093
-29.75,-20.25,774.92626953125
-29.25,-20.25,839.54541015625
-28.75,-20.25,904.268249511718
-28.25,-20.25,968.538024902343
-27.75,-20.25,1031.85107421875
-27.25,-20.25,1093.77648925781
-26.75,-20.25,1153.97033691406
-26.25,-20.25,1212.18542480468
-25.75,-20.25,1268.27087402343
-25.25,-20.25,1322.17053222656
-24.75,-20.25,1373.91467285156
-24.25,-20.25,1423.60192871093
-23.75,-20.25,1471.38720703125
-23.25,-20.25,1517.46423339843
-22.75,-20.25,1562.04748535156
-22.25,-20.25,1605.35534667968
-21.75,-20.25,1647.59936523437
-21.25,-20.25,1688.96899414062
-20.75,-20.25,1729.62805175781
-20.25,-20.25,1769.70776367187
-19.75,-20.25,1809.30651855468
-19.25,-20.25,1848.49597167968
-18.75,-20.25,1887.32202148437
-18.25,-20.25,1925.82214355468
-17.75,-20.25,1964.03149414062
-17.25,-20.25,2001.99975585937
-16.75,-20.25,2039.80041503906
-16.25,-20.25,2077.54174804687
-15.75,-20.25,2115.37060546875
-15.25,-20.25,2153.47290039062
-14.75,-20.25,2192.06640625
-14.25,-20.25,2231.3896484375
-13.75,-20.25,2271.68334960937
-13.25,-20.25,2313.17358398437
-12.75,-20.25,2356.05126953125
-12.25,-20.25,2400.45288085937
-11.75,-20.25,2446.44409179687
-11.25,-20.25,2494.00830078125
-10.75,-20.25,2543.04248046875
-10.25,-20.25,2593.357421875
-9.75,-20.25,2644.689453125
-9.25,-20.25,2696.71606445312
-8.75,-20.25,2749.08935546875
-8.25,-20.25,2801.46459960937
-7.75,-20.25,2853.54150390625
-7.25,-20.25,2905.09887695312
-6.75,-20.25,2956.02026367187
-6.25,-20.25,3006.32470703125
-5.75,-20.25,3056.16455078125
-5.25,-20.25,3105.8212890625
-4.75,-20.25,3155.68017578125
-4.25,-20.25,3206.19995117187
-3.75,-20.25,3257.88110351562
-3.25,-20.25,3311.22265625
-2.75,-20.25,3366.69262695312
-2.25,-20.25,3424.71459960937
-1.75,-20.25,3485.65478515625
-1.25,-20.25,3549.8232421875
-0.75,-20.25,3617.48681640625
-0.25,-20.25,3688.876953125
0.25,-20.25,3764.20141601562
0.75,-20.25,3843.64331054687
1.25,-20.25,3927.36328125
1.75,-20.25,4015.46826171875
2.25,-20.25,4107.99951171875
2.75,-20.25,4204.89501953125
3.25,-20.25,4305.966796875
3.75,-20.25,4410.87744140625
4.25,-20.25,4519.14013671875
4.75,-20.25,4630.11279296875
5.25,-20.25,4743.03466796875
5.75,-20.25,4857.0537109375
6.25,-20.25,4971.27001953125
6.75,-20.25,5084.794921875
7.25,-20.25,5196.7783203125
7.75,-20.25,5306.46533203125
8.25,-20.25,5413.19580078125
8.75,-20.25,5516.4326171875
9.25,-20.25,5615.73779296875
9.75,-20.25,5710.7509765625
10.25,-20.25,5801.171875
10.75,-20.25,5886.701171875
11.25,-20.25,5967.013671875
11.75,-20.25,6041.71923828125
12.25,-20.25,6110.32958984375
12.75,-20.25,6172.240234375
13.25,-20.25,6226.7236328125
13.75,-20.25,6272.93408203125
14.25,-20.25,6309.923828125
14.75,-20.25,6336.68212890625
15.25,-20.25,6352.16357421875
15.75,-20.25,6355.34375
16.25,-20.25,6345.26318359375
16.75,-20.25,6321.076171875
17.25,-20.25,6282.07373046875
17.75,-20.25,6227.7275390625
18.25,-20.25,6157.70751953125
18.75,-20.25,6071.8994140625
19.25,-20.25,5970.39794921875
19.75,-20.25,5853.529296875
20.25,-20.25,5721.81884765625
20.75,-20.25,5575.98876953125
21.25,-20.25,5416.95849609375
21.75,-20.25,5245.80712890625
22.25,-20.25,5063.771484375
22.75,-20.25,4872.2197265625
23.25,-20.25,4672.6201171875
23.75,-20.25,4466.529296875
24.25,-20.25,4255.56884765625
24.75,-20.25,4041.38745117187
25.25,-20.25,3825.62939453125
25.75,-20.25,3609.89453125
26.25,-20.25,3395.70458984375
26.75,-20.25,3184.4521484375
27.25,-20.25,2977.37158203125
27.75,-20.25,2775.50537109375
28.25,-20.25,2579.6875
28.75,-20.25,2390.54565429687
29.25,-20.25,2208.5126953125
29.75,-20.25,2033.85766601562
30.25,-20.25,1866.72265625
30.75,-20.25,1707.17358398437
31.25,-20.25,1555.24633789062
31.75,-20.25,1410.97814941406
32.25,-20.25,1274.43688964843
32.75,-20.25,1145.73425292968
33.25,-20.25,1025.01245117187
33.75,-20.25,912.427795410156
34.25,-20.25,808.118286132812
34.75,-20.25,712.169250488281
35.25,-20.25,624.587280273437
35.75,-20.25,545.277954101562
36.25,-20.25,474.035491943359
36.75,-20.25,410.536895751953
37.25,-20.25,354.362854003906
37.75,-20.25,305.012817382812
38.25,-20.25,261.931640625
38.75,-20.25,224.531845092773
39.25,-20.25,192.217803955078
39.75,-20.25,164.407318115234
40.25,-20.25,140.542877197265
40.75,-20.25,120.107238769531
41.25,-20.25,102.62939453125
41.75,-20.25,87.686653137207
42.25,-20.25,74.9047927856445
42.75,-20.25,63.9569625854492
43.25,-20.25,54.5570220947265
43.75,-20.25,46.4559288024902
44.25,-20.25,39.4475059509277
44.75,-20.25,33.3700790405273
-44.75,-19.75,47.2882537841796
-44.25,-19.75,47.4764137268066
-43.75,-19.75,47.6338653564453
-43.25,-19.75,48.052864074707
-42.75,-19.75,48.9414482116699
-42.25,-19.75,50.445011138916
-41.75,-19.75,52.7012062072753
-41.25,-19.75,55.8541679382324
-40.75,-19.75,60.0613098144531
-40.25,-19.75,65.4995422363281
-39.75,-19.75,72.3704528808593
-39.25,-19.75,80.9020843505859
-38.75,-19.75,91.3499145507812
-38.25,-19.75,103.995407104492
-37.75,-19.75,119.139953613281
-37.25,-19.75,137.097625732421
-36.75,-19.75,158.186141967773
-36.25,-19.75,182.713119506835
-35.75,-19.75,210.961029052734
-35.25,-19.75,243.172302246093
-34.75,-19.75,279.532165527343
-34.25,-19.75,320.152801513671
-33.75,-19.75,365.060394287109
-33.25,-19.75,414.182189941406
-32.75,-19.75,467.343841552734
-32.25,-19.75,524.264892578125
-31.75,-19.75,584.560546875
-31.25,-19.75,647.75341796875
-30.75,-19.75,713.288208007812
-30.25,-19.75,780.549377441406
-29.75,-19.75,848.886840820312
-29.25,-19.75,917.642456054687
-28.75,-19.75,986.178161621093
-28.25,-19.75,1053.90502929687
-27.75,-19.75,1120.3076171875
-27.25,-19.75,1184.96545410156
-26.75,-19.75,1247.56604003906
-26.25,-19.75,1307.90979003906
-25.75,-19.75,1365.90942382812
-25.25,-19.75,1421.57861328125
-24.75,-19.75,1475.01770019531
-24.25,-19.75,1526.39196777343
-23.75,-19.75,1575.91149902343
-23.25,-19.75,1623.80895996093
-22.75,-19.75,1670.31982421875
-22.25,-19.75,1715.66467285156
-21.75,-19.75,1760.03820800781
-21.25,-19.75,1803.6015625
-20.75,-19.75,1846.47692871093
-20.25,-19.75,1888.74987792968
-19.75,-19.75,1930.47705078125
-19.25,-19.75,1971.69250488281
-18.75,-19.75,2012.42114257812
-18.25,-19.75,2052.69213867187
-17.75,-19.75,2092.55126953125
-17.25,-19.75,2132.07373046875
-16.75,-19.75,2171.3759765625
-16.25,-19.75,2210.61352539062
-15.75,-19.75,2249.98657226562
-15.25,-19.75,2289.72973632812
-14.75,-19.75,2330.103515625
-14.25,-19.75,2371.3740234375
-13.75,-19.75,2413.80029296875
-13.25,-19.75,2457.60791015625
-12.75,-19.75,2502.97607421875
-12.25,-19.75,2550.01904296875
-11.75,-19.75,2598.77172851562
-11.25,-19.75,2649.18212890625
-10.75,-19.75,2701.1103515625
-10.25,-19.75,2754.33056640625
-9.75,-19.75,2808.54614257812
-9.25,-19.75,2863.40844726562
-8.75,-19.75,2918.54663085937
-8.25,-19.75,2973.603515625
-7.75,-19.75,3028.2724609375
-7.25,-19.75,3082.33178710937
-6.75,-19.75,3135.67822265625
-6.25,-19.75,3188.33984375
-5.75,-19.75,3240.48950195312
-5.25,-19.75,3292.4296875
-4.75,-19.75,3344.56274414062
-4.25,-19.75,3397.37329101562
-3.75,-19.75,3451.376953125
-3.25,-19.75,3507.087890625
-2.75,-19.75,3564.98999023437
-2.25,-19.75,3625.51635742187
-1.75,-19.75,3689.04467773437
-1.25,-19.75,3755.89282226562
-0.75,-19.75,3826.33959960937
-0.25,-19.75,3900.62963867187
0.25,-19.75,3978.98315429687
0.75,-19.75,4061.61059570312
1.25,-19.75,4148.69091796875
1.75,-19.75,4240.3603515625
2.25,-19.75,4336.6904296875
2.75,-19.75,4437.6435546875
3.25,-19.75,4543.0546875
3.75,-19.75,4652.60546875
4.25,-19.75,4765.8173828125
4.75,-19.75,4882.04296875
5.25,-19.75,5000.505859375
5.75,-19.75,5120.32177734375
6.25,-19.75,5240.55322265625
6.75,-19.75,5360.25
7.25,-19.75,5478.51123046875
7.75,-19.75,5594.50732421875
8.25,-19.75,5707.517578125
8.75,-19.75,5816.92919921875
9.25,-19.75,5922.2490234375
9.75,-19.75,6023.06396484375
10.25,-19.75,6119.0224609375
10.75,-19.75,6209.79150390625
11.25,-19.75,6295.02001953125
11.75,-19.75,6374.2978515625
12.25,-19.75,6447.1220703125
12.75,-19.75,6512.8779296875
13.25,-19.75,6570.8212890625
13.75,-19.75,6620.091796875
14.25,-19.75,6659.7109375
14.75,-19.75,6688.6357421875
15.25,-19.75,6705.76513671875
15.75,-19.75,6710.00927734375
16.25,-19.75,6700.33740234375
16.75,-19.75,6675.82373046875
17.25,-19.75,6635.6806640625
17.75,-19.75,6579.30419921875
18.25,-19.75,6506.310546875
18.75,-19.75,6416.546875
19.25,-19.75,6310.1015625
19.75,-19.75,6187.3154296875
20.25,-19.75,6048.765625
20.75,-19.75,5895.259765625
21.25,-19.75,5727.8115234375
21.75,-19.75,5547.6279296875
22.25,-19.75,5356.072265625
22.75,-19.75,5154.63916015625
23.25,-19.75,4944.92041015625
23.75,-19.75,4728.5849609375
24.25,-19.75,4507.3447265625
24.75,-19.75,4282.91943359375
25.25,-19.75,4057.00659179687
25.75,-19.75,3831.24609375
26.25,-19.75,3607.17578125
26.75,-19.75,3386.19580078125
27.25,-19.75,3169.53637695312
27.75,-19.75,2958.22973632812
28.25,-19.75,2753.09301757812
28.75,-19.75,2554.73754882812
29.25,-19.75,2363.57861328125
29.75,-19.75,2179.87158203125
30.25,-19.75,2003.75122070312
30.75,-19.75,1835.28234863281
31.25,-19.75,1674.51281738281
31.75,-19.75,1521.50073242187
32.25,-19.75,1376.34777832031
32.75,-19.75,1239.20910644531
33.25,-19.75,1110.27624511718
33.75,-19.75,989.759582519531
34.25,-19.75,877.851318359375
34.75,-19.75,774.686645507812
35.25,-19.75,680.31396484375
35.75,-19.75,594.671875
36.25,-19.75,517.577331542968
36.75,-19.75,448.718048095703
37.25,-19.75,387.675689697265
37.75,-19.75,333.941711425781
38.25,-19.75,286.94482421875
38.75,-19.75,246.074981689453
39.25,-19.75,210.709732055664
39.75,-19.75,180.23583984375
40.25,-19.75,154.062438964843
40.75,-19.75,131.637405395507
41.25,-19.75,112.454841613769
41.75,-19.75,96.0576171875
42.25,-19.75,82.0383987426757
42.75,-19.75,70.0394744873046
43.25,-19.75,59.7458763122558
43.75,-19.75,50.8823013305664
44.25,-19.75,43.2199783325195
44.75,-19.75,36.5792007446289
-44.75,-19.25,49.6716728210449
-44.25,-19.25,50.0788307189941
-43.75,-19.25,50.4752235412597
-43.25,-19.25,51.1701126098632
-42.75,-19.25,52.3868255615234
-42.25,-19.25,54.2849655151367
-41.75,-19.25,57.0178146362304
-41.25,-19.25,60.7470245361328
-40.75,-19.25,65.6495361328125
-40.25,-19.25,71.9236145019531
-39.75,-19.25,79.7938919067382
-39.25,-19.25,89.5122375488281
-38.75,-19.25,101.358345031738
-38.25,-19.25,115.637413024902
-37.75,-19.25,132.67300415039
-37.25,-19.25,152.799026489257
-36.75,-19.25,176.35025024414
-36.25,-19.25,203.646911621093
-35.75,-19.25,234.979125976562
-35.25,-19.25,270.590942382812
-34.75,-19.25,310.661651611328
-34.25,-19.25,355.288818359375
-33.75,-19.25,404.473846435546
-33.25,-19.25,458.1083984375
-32.75,-19.25,515.971130371093
-32.25,-19.25,577.723327636718
-31.75,-19.25,642.912658691406
-31.25,-19.25,710.986755371093
-30.75,-19.25,781.311828613281
-30.25,-19.25,853.194580078125
-29.75,-19.25,925.912841796875
-29.25,-19.25,998.748474121093
-28.75,-19.25,1071.01904296875
-28.25,-19.25,1142.11083984375
-27.75,-19.25,1211.5068359375
-27.25,-19.25,1278.80859375
-26.75,-19.25,1343.74462890625
-26.25,-19.25,1406.17724609375
-25.75,-19.25,1466.087890625
-25.25,-19.25,1523.57080078125
-24.75,-19.25,1578.79919433593
-24.25,-19.25,1632.00500488281
-23.75,-19.25,1683.44897460937
-23.25,-19.25,1733.39489746093
-22.75,-19.25,1782.08984375
-22.25,-19.25,1829.74267578125
-21.75,-19.25,1876.51831054687
-21.25,-19.25,1922.53247070312
-20.75,-19.25,1967.85363769531
-20.25,-19.25,2012.51184082031
-19.75,-19.25,2056.51196289062
-19.25,-19.25,2099.85009765625
-18.75,-19.25,2142.52661132812
-18.25,-19.25,2184.56787109375
-17.75,-19.25,2226.03881835937
-17.25,-19.25,2267.05029296875
-16.75,-19.25,2307.76928710937
-16.25,-19.25,2348.40893554687
-15.75,-19.25,2389.23022460937
-15.25,-19.25,2430.52294921875
-14.75,-19.25,2472.58984375
-14.25,-19.25,2515.7275390625
-13.75,-19.25,2560.20678710937
-13.25,-19.25,2606.25122070312
-12.75,-19.25,2654.02368164062
-12.25,-19.25,2703.61157226562
-11.75,-19.25,2755.01538085937
-11.25,-19.25,2808.14697265625
-10.75,-19.25,2862.82958984375
-10.25,-19.25,2918.80541992187
-9.75,-19.25,2975.74853515625
-9.25,-19.25,3033.29174804687
-8.75,-19.25,3091.05053710937
-8.25,-19.25,3148.66552734375
-7.75,-19.25,3205.82690429687
-7.25,-19.25,3262.32373046875
-6.75,-19.25,3318.06323242187
-6.25,-19.25,3373.0908203125
-5.75,-19.25,3427.59008789062
-5.25,-19.25,3481.87768554687
-4.75,-19.25,3536.37353515625
-4.25,-19.25,3591.5703125
-3.75,-19.25,3647.99072265625
-3.25,-19.25,3706.16015625
-2.75,-19.25,3766.56787109375
-2.25,-19.25,3829.6513671875
-1.75,-19.25,3895.79150390625
-1.25,-19.25,3965.318359375
-0.75,-19.25,4038.51831054687
-0.25,-19.25,4115.64501953125
0.25,-19.25,4196.9443359375
0.75,-19.25,4282.64404296875
1.25,-19.25,4372.95166015625
1.75,-19.25,4468.037109375
2.25,-19.25,4568.00439453125
2.75,-19.25,4672.857421875
3.25,-19.25,4782.4609375
3.75,-19.25,4896.52490234375
4.25,-19.25,5014.5849609375
4.75,-19.25,5136.00341796875
5.25,-19.25,5259.99462890625
5.75,-19.25,5385.6435546875
6.25,-19.25,5511.974609375
6.75,-19.25,5637.97900390625
7.25,-19.25,5762.68408203125
7.75,-19.25,5885.1865234375
8.25,-19.25,6004.68115234375
8.75,-19.25,6120.47998046875
9.25,-19.25,6232.00830078125
9.75,-19.25,6338.79296875
10.25,-19.25,6440.4267578125
10.75,-19.25,6536.5302734375
11.25,-19.25,6626.7314453125
11.75,-19.25,6710.59619140625
12.25,-19.25,6787.611328125
12.75,-19.25,6857.1591796875
13.25,-19.25,6918.48876953125
13.75,-19.25,6970.724609375
14.25,-19.25,7012.87109375
14.75,-19.25,7043.84521484375
15.25,-19.25,7062.49755859375
15.75,-19.25,7067.68408203125
16.25,-19.25,7058.29052734375
16.75,-19.25,7033.3154296875
17.25,-19.25,6991.89697265625
17.75,-19.25,6933.35546875
18.25,-19.25,6857.26171875
18.75,-19.25,6763.42822265625
19.25,-19.25,6651.9453125
19.75,-19.25,6523.18603515625
20.25,-19.25,6377.78759765625
20.75,-19.25,6216.64501953125
21.25,-19.25,6040.8857421875
21.75,-19.25,5851.83837890625
22.25,-19.25,5650.9990234375
22.75,-19.25,5439.98388671875
23.25,-19.25,5220.5
23.75,-19.25,4994.31103515625
24.25,-19.25,4763.20166015625
24.75,-19.25,4528.947265625
25.25,-19.25,4293.27734375
25.75,-19.25,4057.8447265625
26.25,-19.25,3824.18872070312
26.75,-19.25,3593.70288085937
27.25,-19.25,3367.60180664062
27.75,-19.25,3146.90087890625
28.25,-19.25,2932.4052734375
28.75,-19.25,2724.71484375
29.25,-19.25,2524.23974609375
29.75,-19.25,2331.23510742187
30.25,-19.25,2145.84790039062
30.75,-19.25,1968.16174316406
31.25,-19.25,1798.2490234375
31.75,-19.25,1636.20556640625
32.25,-19.25,1482.17565917968
32.75,-19.25,1336.36169433593
33.25,-19.25,1199.00720214843
33.75,-19.25,1070.37365722656
34.25,-19.25,950.701721191406
34.75,-19.25,840.168273925781
35.25,-19.25,738.857604980468
35.75,-19.25,646.733520507812
36.25,-19.25,563.630126953125
36.75,-19.25,489.244262695312
37.25,-19.25,423.157165527343
37.75,-19.25,364.853393554687
38.25,-19.25,313.749053955078
38.75,-19.25,269.215606689453
39.25,-19.25,230.607482910156
39.75,-19.25,197.28514099121
40.25,-19.25,168.627883911132
40.75,-19.25,144.051803588867
41.25,-19.25,123.018043518066
41.75,-19.25,105.036247253417
42.25,-19.25,89.6664733886718
42.75,-19.25,76.5195236206054
43.25,-19.25,65.2509536743164
43.75,-19.25,55.557819366455
44.25,-19.25,47.1873779296875
44.75,-19.25,39.9402427673339
-44.75,-18.75,52.0869140625
-44.25,-18.75,52.7439155578613
-43.75,-18.75,53.4111557006835
-43.25,-18.75,54.4159927368164
-42.75,-18.75,55.998435974121
-42.25,-18.75,58.3338890075683
-41.75,-18.75,61.5929374694824
-41.25,-18.75,65.9564437866211
-40.75,-18.75,71.6227264404296
-40.25,-18.75,78.81298828125
-39.75,-18.75,87.7761840820312
-39.25,-18.75,98.7891693115234
-38.75,-18.75,112.156372070312
-38.25,-18.75,128.206848144531
-37.75,-18.75,147.286148071289
-37.25,-18.75,169.74722290039
-36.75,-18.75,195.940185546875
-36.25,-18.75,226.196029663085
-35.75,-18.75,260.809753417968
-35.25,-18.75,300.023254394531
-34.75,-18.75,344.005310058593
-34.25,-18.75,392.833618164062
-33.75,-18.75,446.478912353515
-33.25,-18.75,504.790649414062
-32.75,-18.75,567.493896484375
-32.25,-18.75,634.186462402343
-31.75,-18.75,704.3427734375
-31.25,-18.75,777.332824707031
-30.75,-18.75,852.442260742187
-30.25,-18.75,928.902404785156
-29.75,-18.75,1005.92315673828
-29.25,-18.75,1082.73229980468
-28.75,-18.75,1158.61254882812
-28.25,-18.75,1232.93859863281
-27.75,-18.75,1305.20361328125
-27.25,-18.75,1375.04260253906
-26.75,-18.75,1442.24011230468
-26.25,-18.75,1506.72741699218
-25.75,-18.75,1568.56811523437
-25.25,-18.75,1627.93469238281
-24.75,-18.75,1685.07788085937
-24.25,-18.75,1740.29248046875
-23.75,-18.75,1793.8837890625
-23.25,-18.75,1846.13793945312
-22.75,-18.75,1897.29943847656
-22.25,-18.75,1947.55334472656
-21.75,-18.75,1997.02136230468
-21.25,-18.75,2045.75952148437
-20.75,-18.75,2093.77124023437
-20.25,-18.75,2141.01928710937
-19.75,-18.75,2187.45239257812
-19.25,-18.75,2233.0224609375
-18.75,-18.75,2277.70727539062
-18.25,-18.75,2321.53344726562
-17.75,-18.75,2364.587890625
-17.25,-18.75,2407.0234375
-16.75,-18.75,2449.06494140625
-16.25,-18.75,2490.99072265625
-15.75,-18.75,2533.12744140625
-15.25,-18.75,2575.82177734375
-14.75,-18.75,2619.42309570312
-14.25,-18.75,2664.25952148437
-13.75,-18.75,2710.6142578125
-13.25,-18.75,2758.70874023437
-12.75,-18.75,2808.6904296875
-12.25,-18.75,2860.61889648437
-11.75,-18.75,2914.46411132812
-11.25,-18.75,2970.10302734375
-10.75,-18.75,3027.328125
-10.25,-18.75,3085.85229492187
-9.75,-18.75,3145.33178710937
-9.25,-18.75,3205.384765625
-8.75,-18.75,3265.623046875
-8.25,-18.75,3325.6845703125
-7.75,-18.75,3385.271484375
-7.25,-18.75,3444.1806640625
-6.75,-18.75,3502.330078125
-6.25,-18.75,3559.77685546875
-5.75,-18.75,3616.71215820312
-5.25,-18.75,3673.458984375
-4.75,-18.75,3730.44067382812
-4.25,-18.75,3788.1484375
-3.75,-18.75,3847.10888671875
-3.25,-18.75,3907.8427734375
-2.75,-18.75,3970.84155273437
-2.25,-18.75,4036.54345703125
-1.75,-18.75,4105.3369140625
-1.25,-18.75,4177.5556640625
-0.75,-18.75,4253.49853515625
-0.25,-18.75,4333.43505859375
0.25,-18.75,4417.6298828125
0.75,-18.75,4506.3359375
1.25,-18.75,4599.79248046875
1.75,-18.75,4698.20556640625
2.25,-18.75,4801.71826171875
2.75,-18.75,4910.37109375
3.25,-18.75,5024.07470703125
3.75,-18.75,5142.56591796875
4.25,-18.75,5265.40869140625
4.75,-18.75,5391.97998046875
5.25,-18.75,5521.47607421875
5.75,-18.75,5652.970703125
6.25,-18.75,5785.4365234375
6.75,-18.75,5917.8125
7.25,-18.75,6049.0478515625
7.75,-18.75,6178.15087890625
8.25,-18.75,6304.23095703125
8.75,-18.75,6426.509765625
9.25,-18.75,6544.3310546875
9.75,-18.75,6657.14794921875
10.25,-18.75,6764.4931640625
10.75,-18.75,6865.94677734375
11.25,-18.75,6961.10205078125
11.75,-18.75,7049.51123046875
12.25,-18.75,7130.66162109375
12.75,-18.75,7203.9248046875
13.25,-18.75,7268.5517578125
13.75,-18.75,7323.66015625
14.25,-18.75,7368.234375
14.75,-18.75,7401.1552734375
15.25,-18.75,7421.2333984375
15.75,-18.75,7427.25244140625
16.25,-18.75,7418.03564453125
16.75,-18.75,7392.50146484375
17.25,-18.75,7349.708984375
17.75,-18.75,7288.92333984375
18.25,-18.75,7209.66162109375
18.75,-18.75,7111.7216796875
19.25,-18.75,6995.2001953125
19.75,-18.75,6860.5087890625
20.25,-18.75,6708.35595703125
20.75,-18.75,6539.7294921875
21.25,-18.75,6355.86865234375
21.75,-18.75,6158.22900390625
22.25,-18.75,5948.42333984375
22.75,-18.75,5728.185546875
23.25,-18.75,5499.3271484375
23.75,-18.75,5263.68603515625
24.25,-18.75,5023.1083984375
24.75,-18.75,4779.40087890625
25.25,-18.75,4534.30859375
25.75,-18.75,4289.4814453125
26.25,-18.75,4046.44873046875
26.75,-18.75,3806.58081054687
27.25,-18.75,3571.07397460937
27.75,-18.75,3340.93041992187
28.25,-18.75,3116.94482421875
28.75,-18.75,2899.71606445312
29.25,-18.75,2689.6669921875
29.75,-18.75,2487.07153320312
30.25,-18.75,2292.10473632812
30.75,-18.75,2104.88671875
31.25,-18.75,1925.53735351562
31.75,-18.75,1754.19836425781
32.25,-18.75,1591.0673828125
32.75,-18.75,1436.39660644531
33.25,-18.75,1290.47937011718
33.75,-18.75,1153.62097167968
34.25,-18.75,1026.10107421875
34.75,-18.75,908.127685546875
35.25,-18.75,799.808715820312
35.75,-18.75,701.125549316406
36.25,-18.75,611.921875
36.75,-18.75,531.898376464843
37.25,-18.75,460.635772705078
37.75,-18.75,397.61343383789
38.25,-18.75,342.237274169921
38.75,-18.75,293.865814208984
39.25,-18.75,251.836013793945
39.75,-18.75,215.487411499023
40.25,-18.75,184.174346923828
40.75,-18.75,157.285537719726
41.25,-18.75,134.252334594726
41.75,-18.75,114.553230285644
42.25,-18.75,97.7166595458984
42.75,-18.75,83.3224639892578
43.25,-18.75,70.9960174560546
43.75,-18.75,60.4059944152832
44.25,-18.75,51.2742271423339
44.75,-18.75,43.3802223205566
-44.75,-18.25,54.3977699279785
-44.25,-18.25,55.3459587097168
-43.75,-18.25,56.3282890319824
-43.25,-18.25,57.68994140625
-42.75,-18.25,59.6881408691406
-42.25,-18.25,62.5152206420898
-41.75,-18.25,66.3605499267578
-41.25,-18.25,71.4260559082031
-40.75,-18.25,77.9330291748046
-40.25,-18.25,86.127571105957
-39.75,-18.25,96.2845687866211
-39.25,-18.25,108.707290649414
-38.75,-18.25,123.726119995117
-38.25,-18.25,141.694839477539
-37.75,-18.25,162.981124877929
-37.25,-18.25,187.956832885742
-36.75,-18.25,216.986282348632
-36.25,-18.25,250.40933227539
-35.75,-18.25,288.522552490234
-35.25,-18.25,331.561065673828
-34.75,-18.25,379.677612304687
-34.25,-18.25,432.922698974609
-33.75,-18.25,491.227783203125
-33.25,-18.25,554.391967773437
-32.75,-18.25,622.078125
-32.25,-18.25,693.812744140625
-31.75,-18.25,768.991088867187
-31.25,-18.25,846.902465820312
-30.75,-18.25,926.753234863281
-30.25,-18.25,1007.70062255859
-29.75,-18.25,1088.89587402343
-29.25,-18.25,1169.52294921875
-28.75,-18.25,1248.84362792968
-28.25,-18.25,1326.23364257812
-27.75,-18.25,1401.21362304687
-27.25,-18.25,1473.46606445312
-26.75,-18.25,1542.84350585937
-26.25,-18.25,1609.35668945312
-25.75,-18.25,1673.15283203125
-25.25,-18.25,1734.4892578125
-24.75,-18.25,1793.68859863281
-24.25,-18.25,1851.10400390625
-23.75,-18.25,1907.07458496093
-23.25,-18.25,1961.89990234375
-22.75,-18.25,2015.81005859375
-22.25,-18.25,2068.95336914062
-21.75,-18.25,2121.39404296875
-21.25,-18.25,2173.11962890625
-20.75,-18.25,2224.05712890625
-20.25,-18.25,2274.09716796875
-19.75,-18.25,2323.12353515625
-19.25,-18.25,2371.04248046875
-18.75,-18.25,2417.80834960937
-18.25,-18.25,2463.44775390625
-17.75,-18.25,2508.0712890625
-17.25,-18.25,2551.87890625
-16.75,-18.25,2595.15283203125
-16.25,-18.25,2638.23828125
-15.75,-18.25,2681.52978515625
-15.25,-18.25,2725.435546875
-14.75,-18.25,2770.35375976562
-14.25,-18.25,2816.64428710937
-13.75,-18.25,2864.61010742187
-13.25,-18.25,2914.47387695312
-12.75,-18.25,2966.37060546875
-12.25,-18.25,3020.3408203125
-11.75,-18.25,3076.3291015625
-11.25,-18.25,3134.185546875
-10.75,-18.25,3193.67700195312
-10.25,-18.25,3254.5
-9.75,-18.25,3316.29467773437
-9.25,-18.25,3378.67553710937
-8.75,-18.25,3441.25439453125
-8.25,-18.25,3503.67651367187
-7.75,-18.25,3565.6513671875
-7.25,-18.25,3626.986328125
-6.75,-18.25,3687.60668945312
-6.25,-18.25,3747.57080078125
-5.75,-18.25,3807.07153320312
-5.25,-18.25,3866.4267578125
-4.75,-18.25,3926.05053710937
-4.25,-18.25,3986.42602539062
-3.75,-18.25,4048.06958007812
-3.25,-18.25,4111.49365234375
-2.75,-18.25,4177.18603515625
-2.25,-18.25,4245.59033203125
-1.75,-18.25,4317.09375
-1.25,-18.25,4392.04248046875
-0.75,-18.25,4470.74951171875
-0.25,-18.25,4553.50439453125
0.25,-18.25,4640.59423828125
0.75,-18.25,4732.29833984375
1.25,-18.25,4828.8876953125
1.75,-18.25,4930.607421875
2.25,-18.25,5037.6396484375
2.75,-18.25,5150.06884765625
3.25,-18.25,5267.83935546875
3.75,-18.25,5390.732421875
4.25,-18.25,5518.330078125
4.75,-18.25,5650.0244140625
5.25,-18.25,5785.0126953125
5.75,-18.25,5922.3359375
6.25,-18.25,6060.9326171875
6.75,-18.25,6199.67919921875
7.25,-18.25,6337.44140625
7.75,-18.25,6473.150390625
8.25,-18.25,6605.81396484375
8.75,-18.25,6734.5625
9.25,-18.25,6858.65673828125
9.75,-18.25,6977.470703125
10.25,-18.25,7090.4765625
10.75,-18.25,7197.21826171875
11.25,-18.25,7297.25830078125
11.75,-18.25,7390.13427734375
12.25,-18.25,7475.33154296875
12.75,-18.25,7552.22216796875
13.25,-18.25,7620.0615234375
13.75,-18.25,7677.9541015625
14.25,-18.25,7724.8701171875
14.75,-18.25,7759.66259765625
15.25,-18.25,7781.0830078125
15.75,-18.25,7787.8623046875
16.25,-18.25,7778.74755859375
16.75,-18.25,7752.58837890625
17.25,-18.25,7708.37158203125
17.75,-18.25,7645.30712890625
18.25,-18.25,7562.87255859375
18.75,-18.25,7460.8544921875
19.25,-18.25,7339.373046875
19.75,-18.25,7198.87841796875
20.25,-18.25,7040.1513671875
20.75,-18.25,6864.275390625
21.25,-18.25,6672.60498046875
21.75,-18.25,6466.697265625
22.25,-18.25,6248.287109375
22.75,-18.25,6019.21044921875
23.25,-18.25,5781.35400390625
23.75,-18.25,5536.6318359375
24.25,-18.25,5286.919921875
24.75,-18.25,5034.0546875
25.25,-18.25,4779.77734375
25.75,-18.25,4525.7255859375
26.25,-18.25,4273.40625
26.75,-18.25,4024.16870117187
27.25,-18.25,3779.19116210937
27.75,-18.25,3539.46166992187
28.25,-18.25,3305.77709960937
28.75,-18.25,3078.75073242187
29.25,-18.25,2858.82861328125
29.75,-18.25,2646.32690429687
30.25,-18.25,2441.46826171875
30.75,-18.25,2244.4287109375
31.25,-18.25,2055.3876953125
31.75,-18.25,1874.54724121093
32.25,-18.25,1702.15869140625
32.75,-18.25,1538.52709960937
33.25,-18.25,1383.98803710937
33.75,-18.25,1238.88159179687
34.25,-18.25,1103.5126953125
34.75,-18.25,978.106811523437
35.25,-18.25,862.783142089843
35.75,-18.25,757.5283203125
36.25,-18.25,662.188781738281
36.75,-18.25,576.465148925781
37.25,-18.25,499.936004638671
37.75,-18.25,432.077392578125
38.25,-18.25,372.29019165039
38.75,-18.25,319.92529296875
39.25,-18.25,274.308776855468
39.75,-18.25,234.765640258789
40.25,-18.25,200.631576538085
40.75,-18.25,171.272766113281
41.25,-18.25,146.094772338867
41.75,-18.25,124.547729492187
42.25,-18.25,106.130088806152
42.75,-18.25,90.391242980957
43.25,-18.25,76.9262390136718
43.75,-18.25,65.3744583129882
44.25,-18.25,55.4311027526855
44.75,-18.25,46.8528175354003
-44.75,-17.75,56.4794692993164
-44.25,-17.75,57.7681541442871
-43.75,-17.75,59.1195602416992
-43.25,-17.75,60.8951873779296
-42.75,-17.75,63.3693237304687
-42.25,-17.75,66.7518844604492
-41.75,-17.75,71.2522964477539
-41.25,-17.75,77.0951766967773
-40.75,-17.75,84.5267486572265
-40.25,-17.75,93.8199157714843
-39.75,-17.75,105.277565002441
-39.25,-17.75,119.231323242187
-38.75,-17.75,136.039245605468
-38.25,-17.75,156.081359863281
-37.75,-17.75,179.748382568359
-37.25,-17.75,207.431396484375
-36.75,-17.75,239.508575439453
-36.25,-17.75,276.326080322265
-35.75,-17.75,318.178771972656
-35.25,-17.75,365.289855957031
-34.75,-17.75,417.788146972656
-34.25,-17.75,475.687622070312
-33.75,-17.75,538.871276855468
-33.25,-17.75,607.075988769531
-32.75,-17.75,679.892639160156
-32.25,-17.75,756.766784667968
-31.75,-17.75,837.009033203125
-31.25,-17.75,919.824340820312
-30.75,-17.75,1004.34094238281
-30.25,-17.75,1089.64916992187
-29.75,-17.75,1174.85021972656
-29.25,-17.75,1259.09973144531
-28.75,-17.75,1341.65405273437
-28.25,-17.75,1421.90808105468
-27.75,-17.75,1499.4267578125
-27.25,-17.75,1573.95581054687
-26.75,-17.75,1645.42602539062
-26.25,-17.75,1713.93469238281
-25.75,-17.75,1779.71801757812
-25.25,-17.75,1843.11291503906
-24.75,-17.75,1904.51123046875
-24.25,-17.75,1964.31286621093
-23.75,-17.75,2022.88354492187
-23.25,-17.75,2080.52172851562
-22.75,-17.75,2137.4326171875
-22.25,-17.75,2193.71630859375
-21.75,-17.75,2249.37231445312
-21.25,-17.75,2304.310546875
-20.75,-17.75,2358.37622070312
-20.25,-17.75,2411.38159179687
-19.75,-17.75,2463.14624023437
-19.25,-17.75,2513.5263671875
-18.75,-17.75,2562.45092773437
-18.25,-17.75,2609.94482421875
-17.75,-17.75,2656.14086914062
-17.25,-17.75,2701.28271484375
-16.75,-17.75,2745.70849609375
-16.25,-17.75,2789.82934570312
-15.75,-17.75,2834.10668945312
-15.25,-17.75,2879.009765625
-14.75,-17.75,2924.9873046875
-14.25,-17.75,2972.4404296875
-13.75,-17.75,3021.68994140625
-13.25,-17.75,3072.97143554687
-12.75,-17.75,3126.41918945312
-12.25,-17.75,3182.06176757812
-11.75,-17.75,3239.8291015625
-11.25,-17.75,3299.55615234375
-10.75,-17.75,3360.99609375
-10.25,-17.75,3423.83374023437
-9.75,-17.75,3487.70776367187
-9.25,-17.75,3552.2294921875
-8.75,-17.75,3617.02001953125
-8.25,-17.75,3681.7314453125
-7.75,-17.75,3746.080078125
-7.25,-17.75,3809.88159179687
-6.75,-17.75,3873.060546875
-6.25,-17.75,3935.6728515625
-5.75,-17.75,3997.8984375
-5.25,-17.75,4060.03588867187
-4.75,-17.75,4122.482421875
-4.25,-17.75,4185.703125
-3.75,-17.75,4250.1904296875
-3.25,-17.75,4316.44873046875
-2.75,-17.75,4384.95947265625
-2.25,-17.75,4456.16162109375
-1.75,-17.75,4530.45703125
-1.25,-17.75,4608.20263671875
-0.75,-17.75,4689.7294921875
-0.25,-17.75,4775.35205078125
0.25,-17.75,4865.38037109375
0.75,-17.75,4960.1279296875
1.25,-17.75,5059.8974609375
1.75,-17.75,5164.9677734375
2.25,-17.75,5275.5595703125
2.75,-17.75,5391.79833984375
3.25,-17.75,5513.66748046875
3.75,-17.75,5640.9765625
4.25,-17.75,5773.33984375
4.75,-17.75,5910.15380859375
5.25,-17.75,6050.61279296875
5.75,-17.75,6193.74169921875
6.25,-17.75,6338.4296875
6.75,-17.75,6483.490234375
7.25,-17.75,6627.72412109375
7.75,-17.75,6769.96240234375
8.25,-17.75,6909.126953125
8.75,-17.75,7044.25732421875
9.25,-17.75,7174.5224609375
9.75,-17.75,7299.22802734375
10.25,-17.75,7417.79296875
10.75,-17.75,7529.712890625
11.25,-17.75,7634.52880859375
11.75,-17.75,7731.77294921875
12.25,-17.75,7820.92041015625
12.75,-17.75,7901.3544921875
13.25,-17.75,7972.32421875
13.75,-17.75,8032.9326171875
14.25,-17.75,8082.12939453125
14.75,-17.75,8118.728515625
15.25,-17.75,8141.44140625
15.75,-17.75,8148.92724609375
16.25,-17.75,8139.8720703125
16.75,-17.75,8113.05078125
17.25,-17.75,8067.392578125
17.75,-17.75,8002.05712890625
18.25,-17.75,7916.4931640625
18.75,-17.75,7810.482421875
19.25,-17.75,7684.171875
19.75,-17.75,7538.05712890625
20.25,-17.75,7372.99658203125
20.75,-17.75,7190.15771484375
21.25,-17.75,6990.9873046875
21.75,-17.75,6777.16015625
22.25,-17.75,6550.498046875
22.75,-17.75,6312.92333984375
23.25,-17.75,6066.39892578125
23.75,-17.75,5812.8798828125
24.25,-17.75,5554.27734375
24.75,-17.75,5292.4326171875
25.25,-17.75,5029.08447265625
25.75,-17.75,4765.85205078125
26.25,-17.75,4504.22021484375
26.75,-17.75,4245.5185546875
27.25,-17.75,3990.90893554687
27.75,-17.75,3741.38012695312
28.25,-17.75,3497.740234375
28.75,-17.75,3260.62963867187
29.25,-17.75,3030.5390625
29.75,-17.75,2807.84204101562
30.25,-17.75,2592.8251953125
30.75,-17.75,2385.73681640625
31.25,-17.75,2186.828125
31.75,-17.75,1996.36303710937
32.25,-17.75,1814.65502929687
32.75,-17.75,1642.052734375
33.25,-17.75,1478.92553710937
33.75,-17.75,1325.63415527343
34.25,-17.75,1182.49438476562
34.75,-17.75,1049.73388671875
35.25,-17.75,927.469116210937
35.75,-17.75,815.682495117187
36.25,-17.75,714.215148925781
36.75,-17.75,622.763977050781
37.25,-17.75,540.906555175781
37.75,-17.75,468.118347167968
38.25,-17.75,403.800476074218
38.75,-17.75,347.302642822265
39.25,-17.75,297.947387695312
39.75,-17.75,255.052444458007
40.25,-17.75,217.941375732421
40.75,-17.75,185.963348388671
41.25,-17.75,158.502319335937
41.75,-17.75,134.983200073242
42.25,-17.75,114.876075744628
42.75,-17.75,97.7004623413086
43.25,-17.75,83.0209274291992
43.75,-17.75,70.4466400146484
44.25,-17.75,59.6447944641113
44.75,-17.75,50.3476219177246
-44.75,-17.25,58.2457580566406
-44.25,-17.25,59.9262886047363
-43.75,-17.25,61.7043914794921
-43.25,-17.25,63.9556541442871
-42.75,-17.25,66.9704895019531
-42.25,-17.25,70.9768600463867
-41.75,-17.25,76.2053527832031
-41.25,-17.25,82.9047241210937
-40.75,-17.25,91.3481140136718
-40.25,-17.25,101.837364196777
-39.75,-17.25,114.705726623535
-39.25,-17.25,130.31541442871
-38.75,-17.25,149.054595947265
-38.25,-17.25,171.331314086914
-37.75,-17.25,197.561325073242
-37.25,-17.25,228.155410766601
-36.75,-17.25,263.504943847656
-36.25,-17.25,303.960968017578
-35.75,-17.25,349.81201171875
-35.25,-17.25,401.263061523437
-34.75,-17.25,458.410552978515
-34.25,-17.25,521.2216796875
-33.75,-17.25,589.518188476562
-33.25,-17.25,662.963012695312
-32.75,-17.25,741.062683105468
-32.25,-17.25,823.172485351562
-31.75,-17.25,908.511474609375
-31.25,-17.25,996.198425292968
-30.75,-17.25,1085.28466796875
-30.25,-17.25,1174.80334472656
-29.75,-17.25,1263.81799316406
-29.25,-17.25,1351.470703125
-28.75,-17.25,1437.03234863281
-28.25,-17.25,1519.93701171875
-27.75,-17.25,1599.81005859375
-27.25,-17.25,1676.47546386718
-26.75,-17.25,1749.95239257812
-26.25,-17.25,1820.42956542968
-25.75,-17.25,1888.23107910156
-25.25,-17.25,1953.76892089843
-24.75,-17.25,2017.49438476562
-24.25,-17.25,2079.84423828125
-23.75,-17.25,2141.19921875
-23.25,-17.25,2201.84399414062
-22.75,-17.25,2261.94995117187
-22.25,-17.25,2321.56420898437
-21.75,-17.25,2380.61254882812
-21.25,-17.25,2438.92407226562
-20.75,-17.25,2496.26293945312
-20.25,-17.25,2552.3623046875
-19.75,-17.25,2606.97436523437
-19.25,-17.25,2659.90698242187
-18.75,-17.25,2711.05981445312
-18.25,-17.25,2760.4541015625
-17.75,-17.25,2808.2392578125
-17.25,-17.25,2854.69506835937
-16.75,-17.25,2900.21044921875
-16.25,-17.25,2945.25854492187
-15.75,-17.25,2990.36059570312
-15.25,-17.25,3036.04565429687
-14.75,-17.25,3082.8173828125
-14.25,-17.25,3131.11572265625
-13.75,-17.25,3181.29833984375
-13.25,-17.25,3233.6162109375
-12.75,-17.25,3288.21533203125
-12.25,-17.25,3345.12841796875
-11.75,-17.25,3404.28344726562
-11.25,-17.25,3465.51196289062
-10.75,-17.25,3528.564453125
-10.25,-17.25,3593.12548828125
-9.75,-17.25,3658.83422851562
-9.25,-17.25,3725.31469726562
-8.75,-17.25,3792.19165039062
-8.25,-17.25,3859.1279296875
-7.75,-17.25,3925.84887695312
-7.25,-17.25,3992.16772460937
-6.75,-17.25,4058.00268554687
-6.25,-17.25,4123.39794921875
-5.75,-17.25,4188.5107421875
-5.25,-17.25,4253.6123046875
-4.75,-17.25,4319.0703125
-4.25,-17.25,4385.3125
-3.75,-17.25,4452.81640625
-3.25,-17.25,4522.06298828125
-2.75,-17.25,4593.52587890625
-2.25,-17.25,4667.64501953125
-1.75,-17.25,4744.83251953125
-1.25,-17.25,4825.46484375
-0.75,-17.25,4909.8935546875
-0.25,-17.25,4998.4619140625
0.25,-17.25,5091.51123046875
0.75,-17.25,5189.38427734375
1.25,-17.25,5292.41748046875
1.75,-17.25,5400.92431640625
2.25,-17.25,5515.16015625
2.75,-17.25,5635.2861328125
3.25,-17.25,5761.318359375
3.75,-17.25,5893.09716796875
4.25,-17.25,6030.25390625
4.75,-17.25,6172.19970703125
5.25,-17.25,6318.12060546875
5.75,-17.25,6467.01806640625
6.25,-17.25,6617.73828125
6.75,-17.25,6769.0400390625
7.25,-17.25,6919.6435546875
7.75,-17.25,7068.30078125
8.25,-17.25,7213.84619140625
8.75,-17.25,7355.2255859375
9.25,-17.25,7491.53076171875
9.75,-17.25,7621.99853515625
10.25,-17.25,7745.990234375
10.75,-17.25,7862.966796875
11.25,-17.25,7972.44921875
11.75,-17.25,8073.9580078125
12.25,-17.25,8166.97314453125
12.75,-17.25,8250.87890625
13.25,-17.25,8324.921875
13.75,-17.25,8388.1953125
14.25,-17.25,8439.6279296875
14.75,-17.25,8477.998046875
15.25,-17.25,8501.9638671875
15.75,-17.25,8510.1279296875
16.25,-17.25,8501.1064453125
16.75,-17.25,8473.6142578125
17.25,-17.25,8426.525390625
17.75,-17.25,8358.951171875
18.25,-17.25,8270.328125
18.75,-17.25,8160.44677734375
19.25,-17.25,8029.46337890625
19.75,-17.25,7877.9375
20.25,-17.25,7706.78759765625
20.75,-17.25,7517.26220703125
21.25,-17.25,7310.90087890625
21.75,-17.25,7089.455078125
22.25,-17.25,6854.83251953125
22.75,-17.25,6609.0302734375
23.25,-17.25,6354.05712890625
23.75,-17.25,6091.91357421875
24.25,-17.25,5824.53173828125
24.75,-17.25,5553.755859375
25.25,-17.25,5281.3203125
25.75,-17.25,5008.82666015625
26.25,-17.25,4737.74853515625
26.75,-17.25,4469.3974609375
27.25,-17.25,4204.93603515625
27.75,-17.25,3945.3583984375
28.25,-17.25,3691.49877929687
28.75,-17.25,3444.041015625
29.25,-17.25,3203.53466796875
29.75,-17.25,2970.42163085937
30.25,-17.25,2745.07153320312
30.75,-17.25,2527.81127929687
31.25,-17.25,2318.966796875
31.75,-17.25,2118.8740234375
32.25,-17.25,1927.89379882812
32.75,-17.25,1746.41540527343
33.25,-17.25,1574.82653808593
33.75,-17.25,1413.4951171875
34.25,-17.25,1262.73120117187
34.75,-17.25,1122.74975585937
35.25,-17.25,993.652709960937
35.75,-17.25,875.408325195312
36.25,-17.25,767.848266601562
36.75,-17.25,670.664245605468
37.25,-17.25,583.433898925781
37.75,-17.25,505.636993408203
38.25,-17.25,436.681243896484
38.75,-17.25,375.922943115234
39.25,-17.25,322.688537597656
39.75,-17.25,276.295959472656
40.25,-17.25,236.062927246093
40.75,-17.25,201.327163696289
41.25,-17.25,171.455215454101
41.75,-17.25,145.849182128906
42.25,-17.25,123.952522277832
42.75,-17.25,105.255401611328
43.25,-17.25,89.2914276123046
43.75,-17.25,75.6384658813476
44.25,-17.25,63.9343147277832
44.75,-17.25,53.8851776123046
-44.75,-16.75,59.6654586791992
-44.25,-16.75,61.7833938598632
-43.75,-16.75,64.0411834716796
-43.25,-16.75,66.8259582519531
-42.75,-16.75,70.4432601928711
-42.25,-16.75,75.1393127441406
-41.75,-16.75,81.1666946411132
-41.25,-16.75,88.7998886108398
-40.75,-16.75,98.340705871582
-40.25,-16.75,110.122261047363
-39.75,-16.75,124.510589599609
-39.25,-16.75,141.901153564453
-38.75,-16.75,162.714752197265
-38.25,-16.75,187.390197753906
-37.75,-16.75,216.36994934082
-37.25,-16.75,250.085647583007
-36.75,-16.75,288.941375732421
-36.25,-16.75,333.290344238281
-35.75,-16.75,383.410522460937
-35.25,-16.75,439.481475830078
-34.75,-16.75,501.557861328125
-34.25,-16.75,569.54833984375
-33.75,-16.75,643.200500488281
-33.25,-16.75,722.090637207031
-32.75,-16.75,805.6279296875
-32.25,-16.75,893.067993164062
-31.75,-16.75,983.532287597656
-31.25,-16.75,1076.05126953125
-30.75,-16.75,1169.60595703125
-30.25,-16.75,1263.17858886718
-29.75,-16.75,1355.81018066406
-29.25,-16.75,1446.64819335937
-28.75,-16.75,1534.99694824218
-28.25,-16.75,1620.34692382812
-27.75,-16.75,1702.40246582031
-27.25,-16.75,1781.07751464843
-26.75,-16.75,1856.48657226562
-26.25,-16.75,1928.91247558593
-25.75,-16.75,1998.76147460937
-25.25,-16.75,2066.51489257812
-24.75,-16.75,2132.67041015625
-24.25,-16.75,2197.69116210937
-23.75,-16.75,2261.95825195312
-23.25,-16.75,2325.736328125
-22.75,-16.75,2389.15454101562
-22.25,-16.75,2452.19873046875
-21.75,-16.75,2514.7265625
-21.25,-16.75,2576.48706054687
-20.75,-16.75,2637.1640625
-20.25,-16.75,2696.41674804687
-19.75,-16.75,2753.93359375
-19.25,-16.75,2809.47290039062
-18.75,-16.75,2862.90576171875
-18.25,-16.75,2914.24194335937
-17.75,-16.75,2963.63989257812
-17.25,-16.75,3011.40795898437
-16.75,-16.75,3057.97485351562
-16.25,-16.75,3103.86572265625
-15.75,-16.75,3149.65576171875
-15.25,-16.75,3195.93212890625
-14.75,-16.75,3243.2509765625
-14.25,-16.75,3292.1005859375
-13.75,-16.75,3342.87646484375
-13.25,-16.75,3395.8642578125
-12.75,-16.75,3451.23071289062
-12.25,-16.75,3509.02514648437
-11.75,-16.75,3569.18969726562
-11.25,-16.75,3631.5634765625
-10.75,-16.75,3695.90551757812
-10.25,-16.75,3761.90893554687
-9.75,-16.75,3829.22607421875
-9.25,-16.75,3897.48706054687
-8.75,-16.75,3966.33154296875
-8.25,-16.75,4035.43017578125
-7.75,-16.75,4104.51220703125
-7.25,-16.75,4173.3876953125
-6.75,-16.75,4241.9638671875
-6.25,-16.75,4310.25830078125
-5.75,-16.75,4378.40087890625
-5.25,-16.75,4446.626953125
-4.75,-16.75,4515.2607421875
-4.25,-16.75,4584.69677734375
-3.75,-16.75,4655.3779296875
-3.25,-16.75,4727.76171875
-2.75,-16.75,4802.3115234375
-2.25,-16.75,4879.47216796875
-1.75,-16.75,4959.66064453125
-1.25,-16.75,5043.2783203125
-0.75,-16.75,5130.70556640625
-0.25,-16.75,5222.31396484375
0.25,-16.75,5318.47705078125
0.75,-16.75,5419.5693359375
1.25,-16.75,5525.9619140625
1.75,-16.75,5638.00146484375
2.25,-16.75,5755.974609375
2.75,-16.75,5880.07421875
3.25,-16.75,6010.34228515625
3.75,-16.75,6146.64990234375
4.25,-16.75,6288.64111328125
4.75,-16.75,6435.7314453125
5.25,-16.75,6587.10400390625
5.75,-16.75,6741.73779296875
6.25,-16.75,6898.435546875
6.75,-16.75,7055.89990234375
7.25,-16.75,7212.7841796875
7.75,-16.75,7367.75634765625
8.25,-16.75,7519.564453125
8.75,-16.75,7667.07421875
9.25,-16.75,7809.298828125
9.75,-16.75,7945.41064453125
10.25,-16.75,8074.72021484375
10.75,-16.75,8196.65625
11.25,-16.75,8310.7177734375
11.75,-16.75,8416.41796875
12.25,-16.75,8513.240234375
12.75,-16.75,8600.564453125
13.25,-16.75,8677.6435546875
13.75,-16.75,8743.5537109375
14.25,-16.75,8797.197265625
14.75,-16.75,8837.31640625
15.25,-16.75,8862.517578125
15.75,-16.75,8871.3447265625
16.25,-16.75,8862.353515625
16.75,-16.75,8834.1962890625
17.25,-16.75,8785.6962890625
17.75,-16.75,8715.9423828125
18.25,-16.75,8624.3427734375
18.75,-16.75,8510.701171875
19.25,-16.75,8375.20703125
19.75,-16.75,8218.45703125
20.25,-16.75,8041.431640625
20.75,-16.75,7845.4501953125
21.25,-16.75,7632.12255859375
21.75,-16.75,7403.27490234375
22.25,-16.75,7160.8798828125
22.75,-16.75,6906.98828125
23.25,-16.75,6643.66015625
23.75,-16.75,6372.92333984375
24.25,-16.75,6096.7294921875
24.75,-16.75,5816.9345703125
25.25,-16.75,5535.26953125
25.75,-16.75,5253.33544921875
26.25,-16.75,4972.59228515625
26.75,-16.75,4694.35693359375
27.25,-16.75,4419.79638671875
27.75,-16.75,4149.9267578125
28.25,-16.75,3885.623046875
28.75,-16.75,3627.62353515625
29.25,-16.75,3376.54565429687
29.75,-16.75,3132.91455078125
30.25,-16.75,2897.181640625
30.75,-16.75,2669.76147460937
31.25,-16.75,2451.0537109375
31.75,-16.75,2241.45556640625
32.25,-16.75,2041.37280273437
32.75,-16.75,1851.21691894531
33.25,-16.75,1671.38232421875
33.75,-16.75,1502.22607421875
34.25,-16.75,1344.03747558593
34.75,-16.75,1197.00756835937
35.25,-16.75,1061.21301269531
35.75,-16.75,936.601684570312
36.25,-16.75,822.993835449218
36.75,-16.75,720.077270507812
37.25,-16.75,627.43408203125
37.75,-16.75,544.554504394531
38.25,-16.75,470.860137939453
38.75,-16.75,405.721618652343
39.25,-16.75,348.47705078125
39.75,-16.75,298.451629638671
40.25,-16.75,254.96353149414
40.75,-16.75,217.343566894531
41.25,-16.75,184.944442749023
41.75,-16.75,157.147811889648
42.25,-16.75,133.371490478515
42.75,-16.75,113.076393127441
43.25,-16.75,95.7643966674804
43.75,-16.75,80.9810028076171
44.25,-16.75,68.3332595825195
44.75,-16.75,57.4996833801269
-44.75,-16.25,60.7639846801757
-44.25,-16.25,63.3514137268066
-43.75,-16.25,66.1290740966796
-43.25,-16.25,69.4933471679687
-42.75,-16.25,73.7640991210937
-42.25,-16.25,79.205940246582
-41.75,-16.25,86.0943603515625
-41.25,-16.25,94.7308120727539
-40.75,-16.25,105.447837829589
-40.25,-16.25,118.6118850708
-39.75,-16.25,134.62434387207
-39.25,-16.25,153.916793823242
-38.75,-16.25,176.945556640625
-38.25,-16.25,204.182479858398
-37.75,-16.25,236.098800659179
-37.25,-16.25,273.147705078125
-36.75,-16.25,315.745391845703
-36.25,-16.25,364.244537353515
-35.75,-16.25,418.907196044921
-35.25,-16.25,479.879608154296
-34.75,-16.25,547.164794921875
-34.25,-16.25,620.601318359375
-33.75,-16.25,699.849853515625
-33.25,-16.25,784.385803222656
-32.75,-16.25,873.511962890625
-32.25,-16.25,966.373352050781
-31.75,-16.25,1061.99084472656
-31.25,-16.25,1159.30627441406
-30.75,-16.25,1257.23449707031
-30.25,-16.25,1354.71936035156
-29.75,-16.25,1450.79272460937
-29.25,-16.25,1544.62573242187
-28.75,-16.25,1635.57214355468
-28.25,-16.25,1723.19909667968
-27.75,-16.25,1807.30004882812
-27.25,-16.25,1887.89038085937
-26.75,-16.25,1965.18273925781
-26.25,-16.25,2039.55139160156
-25.75,-16.25,2111.47827148437
-25.25,-16.25,2181.50268554687
-24.75,-16.25,2250.1572265625
-24.25,-16.25,2317.91650390625
-23.75,-16.25,2385.15405273437
-23.25,-16.25,2452.10498046875
-22.75,-16.25,2518.853515625
-22.25,-16.25,2585.32666015625
-21.75,-16.25,2651.31420898437
-21.25,-16.25,2716.49487304687
-20.75,-16.25,2780.47998046875
-20.25,-16.25,2842.86401367187
-19.75,-16.25,2903.275390625
-19.25,-16.25,2961.42578125
-18.75,-16.25,3017.15625
-18.25,-16.25,3070.4599609375
-17.75,-16.25,3121.49609375
-17.25,-16.25,3170.5869140625
-16.75,-16.25,3218.19165039062
-16.25,-16.25,3264.8740234375
-15.75,-16.25,3311.2587890625
-15.25,-16.25,3357.98291015625
-14.75,-16.25,3405.654296875
-14.25,-16.25,3454.81518554687
-13.75,-16.25,3505.9072265625
-13.25,-16.25,3559.255859375
-12.75,-16.25,3615.06640625
-12.25,-16.25,3673.41479492187
-11.75,-16.25,3734.2685546875
-11.25,-16.25,3797.48413085937
-10.75,-16.25,3862.84057617187
-10.25,-16.25,3930.044921875
-9.75,-16.25,3998.76708984375
-9.25,-16.25,4068.65063476562
-8.75,-16.25,4139.34912109375
-8.25,-16.25,4210.53857421875
-7.75,-16.25,4281.9541015625
-7.25,-16.25,4353.39599609375
-6.75,-16.25,4424.755859375
-6.25,-16.25,4496.02490234375
-5.75,-16.25,4567.2958984375
-5.25,-16.25,4638.76123046875
-4.75,-16.25,4710.697265625
-4.25,-16.25,4783.455078125
-3.75,-16.25,4857.44287109375
-3.25,-16.25,4933.09033203125
-2.75,-16.25,5010.84521484375
-2.25,-16.25,5091.15380859375
-1.75,-16.25,5174.44482421875
-1.25,-16.25,5261.13916015625
-0.75,-16.25,5351.6474609375
-0.25,-16.25,5446.3759765625
0.25,-16.25,5545.7265625
0.75,-16.25,5650.11474609375
1.25,-16.25,5759.94140625
1.75,-16.25,5875.58203125
2.25,-16.25,5997.357421875
2.75,-16.25,6125.48681640625
3.25,-16.25,6260.04345703125
3.75,-16.25,6400.91455078125
4.25,-16.25,6547.76171875
4.75,-16.25,6700.00927734375
5.25,-16.25,6856.8271484375
5.75,-16.25,7017.17626953125
6.25,-16.25,7179.81640625
6.75,-16.25,7343.400390625
7.25,-16.25,7506.51025390625
7.75,-16.25,7667.7373046875
8.25,-16.25,7825.7451171875
8.75,-16.25,7979.322265625
9.25,-16.25,8127.40625
9.75,-16.25,8269.1025390625
10.25,-16.25,8403.677734375
10.75,-16.25,8530.521484375
11.25,-16.25,8649.12109375
11.75,-16.25,8758.982421875
12.25,-16.25,8859.5830078125
12.75,-16.25,8950.314453125
13.25,-16.25,9030.4091796875
13.75,-16.25,9098.947265625
14.25,-16.25,9154.79296875
14.75,-16.25,9196.6533203125
15.25,-16.25,9223.0888671875
15.75,-16.25,9232.580078125
16.25,-16.25,9223.623046875
16.75,-16.25,9194.82421875
17.25,-16.25,9144.9521484375
17.75,-16.25,9073.0654296875
18.25,-16.25,8978.5703125
18.75,-16.25,8861.26953125
19.25,-16.25,8721.3818359375
19.75,-16.25,8559.544921875
20.25,-16.25,8376.787109375
20.75,-16.25,8174.48974609375
21.25,-16.25,7954.31298828125
21.75,-16.25,7718.1513671875
22.25,-16.25,7468.02392578125
22.75,-16.25,7206.03466796875
23.25,-16.25,6934.28564453125
23.75,-16.25,6654.833984375
24.25,-16.25,6369.6611328125
24.75,-16.25,6080.6337890625
25.25,-16.25,5789.49755859375
25.75,-16.25,5497.85986328125
26.25,-16.25,5207.1923828125
26.75,-16.25,4918.81884765625
27.25,-16.25,4633.93115234375
27.75,-16.25,4353.58203125
28.25,-16.25,4078.69287109375
28.75,-16.25,3810.0634765625
29.25,-16.25,3548.38989257812
29.75,-16.25,3294.27905273437
30.25,-16.25,3048.26806640625
30.75,-16.25,2810.85107421875
31.25,-16.25,2582.49658203125
31.75,-16.25,2363.65087890625
32.25,-16.25,2154.74853515625
32.75,-16.25,1956.21057128906
33.25,-16.25,1768.419921875
33.75,-16.25,1591.70678710937
34.25,-16.25,1426.32922363281
34.75,-16.25,1272.44165039062
35.25,-16.25,1130.09118652343
35.75,-16.25,999.203491210937
36.25,-16.25,879.588012695312
36.75,-16.25,770.93310546875
37.25,-16.25,672.831787109375
37.75,-16.25,584.792846679687
38.25,-16.25,506.259460449218
38.75,-16.25,436.624847412109
39.25,-16.25,375.246765136718
39.75,-16.25,321.463500976562
40.25,-16.25,274.599090576171
40.75,-16.25,233.981140136718
41.25,-16.25,198.951293945312
41.75,-16.25,168.872253417968
42.25,-16.25,143.136459350585
42.75,-16.25,121.17527770996
43.25,-16.25,102.45816040039
43.75,-16.25,86.4970550537109
44.25,-16.25,72.8666381835937
44.75,-16.25,61.2167587280273
-44.75,-15.75,61.6100845336914
-44.25,-15.75,64.6810531616211
-43.75,-15.75,68.0003814697265
-43.25,-15.75,71.9724349975586
-42.75,-15.75,76.9309768676757
-42.25,-15.75,83.1594009399414
-41.75,-15.75,90.9569854736328
-41.25,-15.75,100.653549194335
-40.75,-15.75,112.614158630371
-40.25,-15.75,127.240821838378
-39.75,-15.75,144.972900390625
-39.25,-15.75,166.280776977539
-38.75,-15.75,191.658935546875
-38.25,-15.75,221.614837646484
-37.75,-15.75,256.649749755859
-37.25,-15.75,297.238800048828
-36.75,-15.75,343.80874633789
-36.25,-15.75,396.70849609375
-35.75,-15.75,456.178314208984
-35.25,-15.75,522.3232421875
-34.75,-15.75,595.084228515625
-34.25,-15.75,674.218505859375
-33.75,-15.75,759.287902832031
-33.25,-15.75,849.656860351562
-32.75,-15.75,944.510131835937
-32.25,-15.75,1042.87829589843
-31.75,-15.75,1143.67749023437
-31.25,-15.75,1245.76379394531
-30.75,-15.75,1347.99267578125
-30.25,-15.75,1449.28076171875
-29.75,-15.75,1548.66516113281
-29.25,-15.75,1645.35510253906
-28.75,-15.75,1738.76965332031
-28.25,-15.75,1828.564453125
-27.75,-15.75,1914.63452148437
-27.25,-15.75,1997.095703125
-26.75,-15.75,2076.259765625
-26.25,-15.75,2152.58618164062
-25.75,-15.75,2226.62353515625
-25.25,-15.75,2298.95385742187
-24.75,-15.75,2370.13403320312
-24.25,-15.75,2440.63916015625
-23.75,-15.75,2510.82421875
-23.25,-15.75,2580.89184570312
-22.75,-15.75,2650.880859375
-22.25,-15.75,2720.66430664062
-21.75,-15.75,2789.97729492187
-21.25,-15.75,2858.43579101562
-20.75,-15.75,2925.59497070312
-20.25,-15.75,2990.99243164062
-19.75,-15.75,3054.20751953125
-19.25,-15.75,3114.91357421875
-18.75,-15.75,3172.91552734375
-18.25,-15.75,3228.18579101562
-17.75,-15.75,3280.876953125
-17.25,-15.75,3331.31201171875
-16.75,-15.75,3379.96655273437
-16.25,-15.75,3427.43237304687
-15.75,-15.75,3474.37036132812
-15.25,-15.75,3521.46606445312
-14.75,-15.75,3569.376953125
-14.25,-15.75,3618.6982421875
-13.75,-15.75,3669.9228515625
-13.25,-15.75,3723.42797851562
-12.75,-15.75,3779.45849609375
-12.25,-15.75,3838.1337890625
-11.75,-15.75,3899.44848632812
-11.25,-15.75,3963.2919921875
-10.75,-15.75,4029.46264648437
-10.25,-15.75,4097.6884765625
-9.75,-15.75,4167.65869140625
-9.25,-15.75,4239.033203125
-8.75,-15.75,4311.47802734375
-8.25,-15.75,4384.6796875
-7.75,-15.75,4458.37158203125
-7.25,-15.75,4532.35107421875
-6.75,-15.75,4606.48828125
-6.25,-15.75,4680.74609375
-5.75,-15.75,4755.17724609375
-5.25,-15.75,4829.9267578125
-4.75,-15.75,4905.2265625
-4.25,-15.75,4981.37841796875
-3.75,-15.75,5058.74560546875
-3.25,-15.75,5137.73291015625
-2.75,-15.75,5218.77001953125
-2.25,-15.75,5302.2978515625
-1.75,-15.75,5388.75634765625
-1.25,-15.75,5478.587890625
-0.75,-15.75,5572.22802734375
-0.25,-15.75,5670.11181640625
0.25,-15.75,5772.68798828125
0.75,-15.75,5880.3935546875
1.25,-15.75,5993.66796875
1.75,-15.75,6112.9228515625
2.25,-15.75,6238.505859375
2.75,-15.75,6370.66650390625
3.25,-15.75,6509.50439453125
3.75,-15.75,6654.93310546875
4.25,-15.75,6806.6298828125
4.75,-15.75,6964.0224609375
5.25,-15.75,7126.2802734375
5.75,-15.75,7292.3388671875
6.25,-15.75,7460.92626953125
6.75,-15.75,7630.634765625
7.25,-15.75,7799.9794921875
7.75,-15.75,7967.48046875
8.25,-15.75,8131.71435546875
8.75,-15.75,8291.384765625
9.25,-15.75,8445.3486328125
9.75,-15.75,8592.6591796875
10.25,-15.75,8732.5205078125
10.75,-15.75,8864.302734375
11.25,-15.75,8987.458984375
11.75,-15.75,9101.498046875
12.25,-15.75,9205.8955078125
12.75,-15.75,9300.0400390625
13.25,-15.75,9383.166015625
13.75,-15.75,9454.330078125
14.25,-15.75,9512.3876953125
14.75,-15.75,9555.9990234375
15.25,-15.75,9583.67578125
15.75,-15.75,9593.845703125
16.25,-15.75,9584.9453125
16.75,-15.75,9555.5263671875
17.25,-15.75,9504.3251953125
17.75,-15.75,9430.3662109375
18.25,-15.75,9333.03515625
18.75,-15.75,9212.1533203125
19.25,-15.75,9067.943359375
19.75,-15.75,8901.0859375
20.25,-15.75,8712.640625
20.75,-15.75,8504.041015625
21.25,-15.75,8276.9990234375
21.75,-15.75,8033.45166015625
22.25,-15.75,7775.47900390625
22.75,-15.75,7505.22412109375
23.25,-15.75,7224.83203125
23.75,-15.75,6936.40625
24.25,-15.75,6641.95849609375
24.75,-15.75,6343.38623046875
25.25,-15.75,6042.46435546875
25.75,-15.75,5740.82421875
26.25,-15.75,5439.9560546875
26.75,-15.75,5141.2197265625
27.25,-15.75,4845.83544921875
27.75,-15.75,4554.90478515625
28.25,-15.75,4269.39892578125
28.75,-15.75,3990.189453125
29.25,-15.75,3718.04541015625
29.75,-15.75,3453.650390625
30.25,-15.75,3197.62475585937
30.75,-15.75,2950.52612304687
31.25,-15.75,2712.87841796875
31.75,-15.75,2485.16137695312
32.25,-15.75,2267.8232421875
32.75,-15.75,2061.27270507812
33.25,-15.75,1865.86633300781
33.75,-15.75,1681.89782714843
34.25,-15.75,1509.57946777343
34.75,-15.75,1349.02587890625
35.25,-15.75,1200.25146484375
35.75,-15.75,1063.16247558593
36.25,-15.75,937.5625
36.75,-15.75,823.147766113281
37.25,-15.75,719.530822753906
37.75,-15.75,626.247436523437
38.25,-15.75,542.772399902343
38.75,-15.75,468.528869628906
39.25,-15.75,402.900482177734
39.75,-15.75,345.24478149414
40.25,-15.75,294.894958496093
40.75,-15.75,251.178680419921
41.25,-15.75,213.427612304687
41.75,-15.75,180.986190795898
42.25,-15.75,153.221542358398
42.75,-15.75,129.534927368164
43.25,-15.75,109.362281799316
43.75,-15.75,92.1806716918945
44.25,-15.75,77.531623840332
44.75,-15.75,65.0350189208984
-44.75,-15.25,62.293529510498
-44.25,-15.25,65.8434524536132
-43.75,-15.25,69.7066192626953
-43.25,-15.25,74.2952194213867
-42.75,-15.25,79.9571685791015
-42.25,-15.25,86.9953384399414
-41.75,-15.25,95.7338714599609
-41.25,-15.25,106.53246307373
-40.75,-15.25,119.790428161621
-40.25,-15.25,135.947601318359
-39.75,-15.25,155.48387145996
-39.25,-15.25,178.910919189453
-38.75,-15.25,206.763687133789
-38.25,-15.25,239.586975097656
-37.75,-15.25,277.913177490234
-37.25,-15.25,322.238555908203
-36.75,-15.25,372.99853515625
-36.25,-15.25,430.533142089843
-35.75,-15.25,495.05484008789
-35.25,-15.25,566.619262695312
-34.75,-15.25,645.09619140625
-34.25,-15.25,730.150451660156
-33.75,-15.25,821.236267089843
-33.25,-15.25,917.59716796875
-32.75,-15.25,1018.29559326171
-32.25,-15.25,1122.24328613281
-31.75,-15.25,1228.2529296875
-31.25,-15.25,1335.10070800781
-30.75,-15.25,1441.58984375
-30.25,-15.25,1546.62048339843
-29.75,-15.25,1649.24682617187
-29.25,-15.25,1748.72937011718
-28.75,-15.25,1844.56323242187
-28.25,-15.25,1936.4990234375
-27.75,-15.25,2024.53295898437
-27.25,-15.25,2108.88598632812
-26.75,-15.25,2189.958984375
-26.25,-15.25,2268.2861328125
-25.75,-15.25,2344.46899414062
-25.25,-15.25,2419.12158203125
-24.75,-15.25,2492.81005859375
-24.25,-15.25,2565.99951171875
-23.75,-15.25,2639.0224609375
-23.25,-15.25,2712.04931640625
-22.75,-15.25,2785.07543945312
-22.25,-15.25,2857.93530273437
-21.75,-15.25,2930.3173828125
-21.25,-15.25,3001.79638671875
-20.75,-15.25,3071.88354492187
-20.25,-15.25,3140.08178710937
-19.75,-15.25,3205.92919921875
-19.25,-15.25,3269.06225585937
-18.75,-15.25,3329.25927734375
-18.25,-15.25,3386.46313476562
-17.75,-15.25,3440.80981445312
-17.25,-15.25,3492.61450195312
-16.75,-15.25,3542.35522460937
-16.25,-15.25,3590.6396484375
-15.75,-15.25,3638.15698242187
-15.25,-15.25,3685.62866210937
-14.75,-15.25,3733.76416015625
-14.25,-15.25,3783.20556640625
-13.75,-15.25,3834.50390625
-13.25,-15.25,3888.0869140625
-12.75,-15.25,3944.24951171875
-12.25,-15.25,4003.15112304687
-11.75,-15.25,4064.82568359375
-11.25,-15.25,4129.18896484375
-10.75,-15.25,4196.06640625
-10.25,-15.25,4265.2109375
-9.75,-15.25,4336.32861328125
-9.25,-15.25,4409.095703125
-8.75,-15.25,4483.1943359375
-8.25,-15.25,4558.32080078125
-7.75,-15.25,4634.20751953125
-7.25,-15.25,4710.64892578125
-6.75,-15.25,4787.49658203125
-6.25,-15.25,4864.6865234375
-5.75,-15.25,4942.2333984375
-5.25,-15.25,5020.23681640625
-4.75,-15.25,5098.87939453125
-4.25,-15.25,5178.41357421875
-3.75,-15.25,5259.16455078125
-3.25,-15.25,5341.50146484375
-2.75,-15.25,5425.83349609375
-2.25,-15.25,5512.5947265625
-1.75,-15.25,5602.23095703125
-1.25,-15.25,5695.20068359375
-0.75,-15.25,5791.9658203125
-0.25,-15.25,5892.98974609375
0.25,-15.25,5998.75390625
0.75,-15.25,6109.7353515625
1.25,-15.25,6226.4013671875
1.75,-15.25,6349.19970703125
2.25,-15.25,6478.51513671875
2.75,-15.25,6614.63037109375
3.25,-15.25,6757.67724609375
3.75,-15.25,6907.59521484375
4.25,-15.25,7064.08544921875
4.75,-15.25,7226.591796875
5.25,-15.25,7394.275390625
5.75,-15.25,7566.0576171875
6.25,-15.25,7740.6318359375
6.75,-15.25,7916.53076171875
7.25,-15.25,8092.20654296875
7.75,-15.25,8266.0888671875
8.25,-15.25,8436.6669921875
8.75,-15.25,8602.556640625
9.25,-15.25,8762.5361328125
9.75,-15.25,8915.578125
10.25,-15.25,9060.845703125
10.75,-15.25,9197.6552734375
11.25,-15.25,9325.4501953125
11.75,-15.25,9443.7314453125
12.25,-15.25,9551.97265625
12.75,-15.25,9649.5615234375
13.25,-15.25,9735.744140625
13.75,-15.25,9809.5595703125
14.25,-15.25,9869.841796875
14.75,-15.25,9915.21484375
15.25,-15.25,9944.154296875
15.75,-15.25,9955.0283203125
16.25,-15.25,9946.2216796875
16.75,-15.25,9916.2275390625
17.25,-15.25,9863.7490234375
17.75,-15.25,9787.7646484375
18.25,-15.25,9687.658203125
18.75,-15.25,9563.2236328125
19.25,-15.25,9414.716796875
19.75,-15.25,9242.8212890625
20.25,-15.25,9048.6435546875
20.75,-15.25,8833.6396484375
21.25,-15.25,8599.5771484375
21.75,-15.25,8348.431640625
22.25,-15.25,8082.34375
22.75,-15.25,7803.50390625
23.25,-15.25,7514.115234375
23.75,-15.25,7216.33251953125
24.25,-15.25,6912.22119140625
24.75,-15.25,6603.72607421875
25.25,-15.25,6292.66796875
25.75,-15.25,5980.7177734375
26.25,-15.25,5669.40869140625
26.75,-15.25,5360.1435546875
27.25,-15.25,5054.1826171875
27.75,-15.25,4752.67822265625
28.25,-15.25,4456.65869140625
28.75,-15.25,4167.06103515625
29.25,-15.25,3884.720703125
29.75,-15.25,3610.39379882812
30.25,-15.25,3344.7578125
30.75,-15.25,3088.4248046875
31.25,-15.25,2841.9541015625
31.75,-15.25,2605.8369140625
32.25,-15.25,2380.51391601562
32.75,-15.25,2166.36767578125
33.25,-15.25,1963.71350097656
33.75,-15.25,1772.79479980468
34.25,-15.25,1593.77600097656
34.75,-15.25,1426.72961425781
35.25,-15.25,1271.63903808593
35.75,-15.25,1128.39770507812
36.25,-15.25,996.811828613281
36.75,-15.25,876.595031738281
37.25,-15.25,767.389526367187
37.75,-15.25,668.768798828125
38.25,-15.25,580.246704101562
38.75,-15.25,501.284637451171
39.25,-15.25,431.297454833984
39.75,-15.25,369.665863037109
40.25,-15.25,315.735229492187
40.75,-15.25,268.834228515625
41.25,-15.25,228.285324096679
41.75,-15.25,193.414276123046
42.25,-15.25,163.562347412109
42.75,-15.25,138.099838256835
43.25,-15.25,116.428298950195
43.75,-15.25,97.989143371582
44.25,-15.25,82.2896194458007
44.75,-15.25,68.9191589355468
-44.75,-14.75,62.9018402099609
-44.25,-14.75,66.9115295410156
-43.75,-14.75,71.304443359375
-43.25,-14.75,76.5015716552734
-42.75,-14.75,82.8659896850586
-42.25,-14.75,90.7211837768554
-41.75,-14.75,100.417381286621
-41.25,-14.75,112.345893859863
-40.75,-14.75,126.942054748535
-40.25,-14.75,144.685775756835
-39.75,-14.75,166.09959411621
-39.25,-14.75,191.738861083984
-38.75,-14.75,222.180801391601
-38.25,-14.75,258.008666992187
-37.75,-14.75,299.785614013671
-37.25,-14.75,348.027374267578
-36.75,-14.75,403.174346923828
-36.25,-14.75,465.552917480468
-35.75,-14.75,535.340698242187
-35.25,-14.75,612.535461425781
-34.75,-14.75,696.927368164062
-34.25,-14.75,788.081726074218
-33.75,-14.75,885.335998535156
-33.25,-14.75,987.810302734375
-32.75,-14.75,1094.44079589843
-32.25,-14.75,1204.02331542968
-31.75,-14.75,1315.27087402343
-31.25,-14.75,1426.8857421875
-30.75,-14.75,1537.62976074218
-30.25,-14.75,1646.39758300781
-29.75,-14.75,1752.2705078125
-29.25,-14.75,1854.56567382812
-28.75,-14.75,1952.86120605468
-28.25,-14.75,2047.001953125
-27.75,-14.75,2137.08349609375
-27.25,-14.75,2223.41918945312
-26.75,-14.75,2306.49096679687
-26.25,-14.75,2386.89086914062
-25.75,-14.75,2465.26098632812
-25.25,-14.75,2542.23095703125
-24.75,-14.75,2618.3642578125
-24.25,-14.75,2694.11059570312
-23.75,-14.75,2769.77758789062
-23.25,-14.75,2845.50537109375
-22.75,-14.75,2921.259765625
-22.25,-14.75,2996.84814453125
-21.75,-14.75,3071.92993164062
-21.25,-14.75,3146.06127929687
-20.75,-14.75,3218.73095703125
-20.25,-14.75,3289.4169921875
-19.75,-14.75,3357.63720703125
-19.25,-14.75,3423.00219726562
-18.75,-14.75,3485.25854492187
-18.25,-14.75,3544.32495117187
-17.75,-14.75,3600.30908203125
-17.25,-14.75,3653.509765625
-16.75,-14.75,3704.39624023437
-16.25,-14.75,3753.57788085937
-15.75,-14.75,3801.7646484375
-15.25,-14.75,3849.70751953125
-14.75,-14.75,3898.1552734375
-14.25,-14.75,3947.80346679687
-13.75,-14.75,3999.2490234375
-13.25,-14.75,4052.97290039062
-12.75,-14.75,4109.31982421875
-12.25,-14.75,4168.48681640625
-11.75,-14.75,4230.5458984375
-11.25,-14.75,4295.4404296875
-10.75,-14.75,4363.02294921875
-10.25,-14.75,4433.0634765625
-9.75,-14.75,4505.287109375
-9.25,-14.75,4579.3916015625
-8.75,-14.75,4655.06884765625
-8.25,-14.75,4732.02685546875
-7.75,-14.75,4810.00439453125
-7.25,-14.75,4888.79150390625
-6.75,-14.75,4968.22802734375
-6.25,-14.75,5048.224609375
-5.75,-14.75,5128.76171875
-5.25,-14.75,5209.90185546875
-4.75,-14.75,5291.77734375
-4.25,-14.75,5374.6015625
-3.75,-14.75,5458.65234375
-3.25,-14.75,5544.2666015625
-2.75,-14.75,5631.83154296875
-2.25,-14.75,5721.76904296875
-1.75,-14.75,5814.529296875
-1.25,-14.75,5910.576171875
-0.75,-14.75,6010.39404296875
-0.25,-14.75,6114.4765625
0.25,-14.75,6223.3310546875
0.75,-14.75,6337.46630859375
1.25,-14.75,6457.3916015625
1.75,-14.75,6583.5869140625
2.25,-14.75,6716.4814453125
2.75,-14.75,6856.39501953125
3.25,-14.75,7003.5029296875
3.75,-14.75,7157.78271484375
4.25,-14.75,7318.96728515625
4.75,-14.75,7486.51806640625
5.25,-14.75,7659.6083984375
5.75,-14.75,7837.140625
6.25,-14.75,8017.7724609375
6.75,-14.75,8199.984375
7.25,-14.75,8382.146484375
7.75,-14.75,8562.599609375
8.25,-14.75,8739.7333984375
8.75,-14.75,8912.0595703125
9.25,-14.75,9078.2705078125
9.75,-14.75,9237.2509765625
10.25,-14.75,9388.0986328125
10.75,-14.75,9530.09765625
11.25,-14.75,9662.6611328125
11.75,-14.75,9785.2783203125
12.25,-14.75,9897.43359375
12.75,-14.75,9998.5244140625
13.25,-14.75,10087.787109375
13.75,-14.75,10164.2724609375
14.25,-14.75,10226.7919921875
14.75,-14.75,10273.9482421875
15.25,-14.75,10304.1689453125
15.75,-14.75,10315.783203125
16.25,-14.75,10307.115234375
16.75,-14.75,10276.609375
17.25,-14.75,10222.91015625
17.75,-14.75,10144.966796875
18.25,-14.75,10042.1201171875
18.75,-14.75,9914.16015625
19.25,-14.75,9761.33203125
19.75,-14.75,9584.3271484375
20.25,-14.75,9384.2783203125
20.75,-14.75,9162.673828125
21.25,-14.75,8921.318359375
21.75,-14.75,8662.25
22.25,-14.75,8387.658203125
22.75,-14.75,8099.80517578125
23.25,-14.75,7800.96728515625
23.75,-14.75,7493.3701171875
24.25,-14.75,7179.14990234375
24.75,-14.75,6860.3310546875
25.25,-14.75,6538.78857421875
25.75,-14.75,6216.2587890625
26.25,-14.75,5894.330078125
26.75,-14.75,5574.44970703125
27.25,-14.75,5257.93603515625
27.75,-14.75,4945.98779296875
28.25,-14.75,4639.69287109375
28.75,-14.75,4340.03662109375
29.25,-14.75,4047.9130859375
29.75,-14.75,3764.1298828125
30.25,-14.75,3489.40771484375
30.75,-14.75,3224.38720703125
31.25,-14.75,2969.638671875
31.75,-14.75,2725.64892578125
32.25,-14.75,2492.82592773437
32.75,-14.75,2271.51293945312
33.25,-14.75,2061.97216796875
33.75,-14.75,1864.39086914062
34.25,-14.75,1678.8837890625
34.75,-14.75,1505.48266601562
35.25,-14.75,1344.1494140625
35.75,-14.75,1194.77197265625
36.25,-14.75,1057.17077636718
36.75,-14.75,931.08837890625
37.25,-14.75,816.208435058593
37.75,-14.75,712.151245117187
38.25,-14.75,618.478393554687
38.75,-14.75,534.695068359375
39.25,-14.75,460.252319335937
39.75,-14.75,394.556060791015
40.25,-14.75,336.964965820312
40.75,-14.75,286.808990478515
41.25,-14.75,243.400497436523
41.75,-14.75,206.046096801757
42.25,-14.75,174.060104370117
42.75,-14.75,146.781005859375
43.25,-14.75,123.575187683105
43.75,-14.75,103.847824096679
44.25,-14.75,87.0715179443359
44.75,-14.75,72.8049621582031
-44.75,-14.25,63.5057716369628
-44.25,-14.25,67.9478378295898
-43.75,-14.25,72.8466110229492
-43.25,-14.25,78.6338424682617
-42.75,-14.25,85.6890716552734
-42.25,-14.25,94.3579864501953
-41.75,-14.25,105.018508911132
-41.25,-14.25,118.094978332519
-40.75,-14.25,134.06086730957
-40.25,-14.25,153.438095092773
-39.75,-14.25,176.793975830078
-39.25,-14.25,204.729049682617
-38.75,-14.25,237.86408996582
-38.25,-14.25,276.820648193359
-37.75,-14.25,322.191375732421
-37.25,-14.25,374.50894165039
-36.75,-14.25,434.213439941406
-36.25,-14.25,501.611724853515
-35.75,-14.25,576.839477539062
-35.25,-14.25,659.828796386718
-34.75,-14.25,750.283325195312
-34.25,-14.25,847.662170410156
-33.75,-14.25,951.183959960937
-33.25,-14.25,1059.84326171875
-32.75,-14.25,1172.45361328125
-32.25,-14.25,1287.70068359375
-31.75,-14.25,1404.20397949218
-31.25,-14.25,1520.60534667968
-30.75,-14.25,1635.634765625
-30.25,-14.25,1748.18823242187
-29.75,-14.25,1857.38244628906
-29.25,-14.25,1962.59631347656
-28.75,-14.25,2063.48657226562
-28.25,-14.25,2159.98681640625
-27.75,-14.25,2252.28173828125
-27.25,-14.25,2340.76171875
-26.75,-14.25,2425.97265625
-26.25,-14.25,2508.54760742187
-25.75,-14.25,2589.1494140625
-25.25,-14.25,2668.41162109375
-24.75,-14.25,2746.88598632812
-24.25,-14.25,2825.001953125
-23.75,-14.25,2903.04248046875
-23.25,-14.25,2981.12646484375
-22.75,-14.25,3059.20385742187
-22.25,-14.25,3137.06982421875
-21.75,-14.25,3214.38427734375
-21.25,-14.25,3290.70166015625
-20.75,-14.25,3365.5126953125
-20.25,-14.25,3438.29223632812
-19.75,-14.25,3508.55053710937
-19.25,-14.25,3575.88208007812
-18.75,-14.25,3640.01123046875
-18.25,-14.25,3700.82690429687
-17.75,-14.25,3758.40747070312
-17.25,-14.25,3813.02587890625
-16.75,-14.25,3865.1337890625
-16.25,-14.25,3915.33471679687
-15.75,-14.25,3964.3447265625
-15.25,-14.25,4012.93579101562
-14.75,-14.25,4061.8896484375
-14.25,-14.25,4111.9404296875
-13.75,-14.25,4163.73486328125
-13.25,-14.25,4217.7958984375
-12.75,-14.25,4274.50830078125
-12.25,-14.25,4334.111328125
-11.75,-14.25,4396.69921875
-11.25,-14.25,4462.24609375
-10.75,-14.25,4530.6181640625
-10.25,-14.25,4601.609375
-9.75,-14.25,4674.95849609375
-9.25,-14.25,4750.37890625
-8.75,-14.25,4827.5771484375
-8.25,-14.25,4906.2744140625
-7.75,-14.25,4986.22119140625
-7.25,-14.25,5067.20263671875
-6.75,-14.25,5149.05712890625
-6.25,-14.25,5231.6728515625
-5.75,-14.25,5315.0087890625
-5.25,-14.25,5399.08935546875
-4.75,-14.25,5484.0126953125
-4.25,-14.25,5569.947265625
-3.75,-14.25,5657.13330078125
-3.25,-14.25,5745.87548828125
-2.75,-14.25,5836.5390625
-2.25,-14.25,5929.5322265625
-1.75,-14.25,6025.294921875
-1.25,-14.25,6124.3037109375
-0.75,-14.25,6227.0546875
-0.25,-14.25,6334.06005859375
0.25,-14.25,6445.85009765625
0.75,-14.25,6562.9736328125
1.25,-14.25,6685.96484375
1.75,-14.25,6815.35498046875
2.25,-14.25,6951.61181640625
2.75,-14.25,7095.11083984375
3.25,-14.25,7246.07763671875
3.75,-14.25,7404.53759765625
4.25,-14.25,7570.27294921875
4.75,-14.25,7742.771484375
5.25,-14.25,7921.22705078125
5.75,-14.25,8104.5302734375
6.25,-14.25,8291.3046875
6.75,-14.25,8479.9736328125
7.25,-14.25,8668.81640625
7.75,-14.25,8856.076171875
8.25,-14.25,9040.0302734375
8.75,-14.25,9219.072265625
9.25,-14.25,9391.78125
9.75,-14.25,9556.9541015625
10.25,-14.25,9713.611328125
10.75,-14.25,9860.9853515625
11.25,-14.25,9998.466796875
11.75,-14.25,10125.5380859375
12.25,-14.25,10241.67578125
12.75,-14.25,10346.3037109375
13.25,-14.25,10438.6748046875
13.75,-14.25,10517.8349609375
14.25,-14.25,10582.5947265625
14.75,-14.25,10631.541015625
15.25,-14.25,10663.06640625
15.75,-14.25,10675.4521484375
16.25,-14.25,10666.9765625
16.75,-14.25,10636.0234375
17.25,-14.25,10581.1767578125
17.75,-14.25,10501.3349609375
18.25,-14.25,10395.80078125
18.75,-14.25,10264.3251953125
19.25,-14.25,10107.134765625
19.75,-14.25,9924.919921875
20.25,-14.25,9718.822265625
20.75,-14.25,9490.3603515625
21.25,-14.25,9241.384765625
21.75,-14.25,8973.9912109375
22.25,-14.25,8690.4453125
22.75,-14.25,8393.0986328125
23.25,-14.25,8084.3173828125
23.75,-14.25,7766.42724609375
24.25,-14.25,7441.65966796875
24.75,-14.25,7112.12939453125
25.25,-14.25,6779.80224609375
25.75,-14.25,6446.4873046875
26.25,-14.25,6113.83984375
26.75,-14.25,5783.36669921875
27.25,-14.25,5456.435546875
27.75,-14.25,5134.294921875
28.25,-14.25,4818.076171875
28.75,-14.25,4508.8076171875
29.25,-14.25,4207.42138671875
29.75,-14.25,3914.75317382812
30.25,-14.25,3631.5419921875
30.75,-14.25,3358.43725585937
31.25,-14.25,3095.9912109375
31.75,-14.25,2844.66455078125
32.25,-14.25,2604.82153320312
32.75,-14.25,2376.74926757812
33.25,-14.25,2160.6474609375
33.75,-14.25,1956.64868164062
34.25,-14.25,1764.81811523437
34.75,-14.25,1585.15698242187
35.25,-14.25,1417.61218261718
35.75,-14.25,1262.08081054687
36.25,-14.25,1118.40832519531
36.75,-14.25,986.380493164062
37.25,-14.25,865.732299804687
37.75,-14.25,756.140075683593
38.25,-14.25,657.220092773437
38.75,-14.25,568.5263671875
39.25,-14.25,489.547821044921
39.75,-14.25,419.716918945312
40.25,-14.25,358.404846191406
40.75,-14.25,304.94189453125
41.25,-14.25,258.628936767578
41.75,-14.25,218.752029418945
42.25,-14.25,184.597534179687
42.75,-14.25,155.471130371093
43.25,-14.25,130.7041015625
43.75,-14.25,109.665084838867
44.25,-14.25,91.7921905517578
44.75,-14.25,76.6133651733398
-44.75,-13.75,64.1572875976562
-44.25,-13.75,69.0035018920898
-43.75,-13.75,74.3824386596679
-43.25,-13.75,80.7386474609375
-42.75,-13.75,88.4701843261718
-42.25,-13.75,97.9463958740234
-41.75,-13.75,109.574508666992
-41.25,-13.75,123.813743591308
-40.75,-13.75,141.177291870117
-40.25,-13.75,162.23094177246
-39.75,-13.75,187.58821105957
-39.25,-13.75,217.896011352539
-38.75,-13.75,253.818695068359
-38.25,-13.75,296.015258789062
-37.75,-13.75,345.105102539062
-37.25,-13.75,401.63330078125
-36.75,-13.75,466.034729003906
-36.25,-13.75,538.589233398437
-35.75,-13.75,619.383117675781
-35.25,-13.75,708.277099609375
-34.75,-13.75,804.881469726562
-34.25,-13.75,908.547180175781
-33.75,-13.75,1018.37347412109
-33.25,-13.75,1133.23327636718
-32.75,-13.75,1251.82409667968
-32.25,-13.75,1372.73022460937
-31.75,-13.75,1494.494140625
-31.25,-13.75,1615.70458984375
-30.75,-13.75,1735.07165527343
-30.25,-13.75,1851.50317382812
-29.75,-13.75,1964.15393066406
-29.25,-13.75,2072.4619140625
-28.75,-13.75,2176.15771484375
-28.25,-13.75,2275.24951171875
-27.75,-13.75,2369.99194335937
-27.25,-13.75,2460.83740234375
-26.75,-13.75,2548.3681640625
-26.25,-13.75,2633.24194335937
-25.75,-13.75,2716.1240234375
-25.25,-13.75,2797.63720703125
-24.75,-13.75,2878.31298828125
-24.25,-13.75,2958.56005859375
-23.75,-13.75,3038.64184570312
-23.25,-13.75,3118.6669921875
-22.75,-13.75,3198.58642578125
-22.25,-13.75,3278.20727539062
-21.75,-13.75,3357.2080078125
-21.25,-13.75,3435.17041015625
-20.75,-13.75,3511.60888671875
-20.25,-13.75,3586.01806640625
-19.75,-13.75,3657.91674804687
-19.25,-13.75,3726.89379882812
-18.75,-13.75,3792.65966796875
-18.25,-13.75,3855.07568359375
-17.75,-13.75,3914.19116210937
-17.25,-13.75,3970.24487304687
-16.75,-13.75,4023.66381835937
-16.25,-13.75,4075.03466796875
-15.75,-13.75,4125.06982421875
-15.25,-13.75,4174.55322265625
-14.75,-13.75,4224.28662109375
-14.25,-13.75,4275.03564453125
-13.75,-13.75,4327.47802734375
-13.25,-13.75,4382.17431640625
-12.75,-13.75,4439.54248046875
-12.25,-13.75,4499.84375
-11.75,-13.75,4563.19775390625
-11.25,-13.75,4629.5927734375
-10.75,-13.75,4698.9150390625
-10.25,-13.75,4770.9658203125
-9.75,-13.75,4845.4990234375
-9.25,-13.75,4922.2431640625
-8.75,-13.75,5000.921875
-8.25,-13.75,5081.2705078125
-7.75,-13.75,5163.0498046875
-7.25,-13.75,5246.052734375
-6.75,-13.75,5330.11767578125
-6.25,-13.75,5415.12353515625
-5.75,-13.75,5501.013671875
-5.25,-13.75,5587.7822265625
-4.75,-13.75,5675.5
-4.25,-13.75,5764.2998046875
-3.75,-13.75,5854.3955078125
-3.25,-13.75,5946.0595703125
-2.75,-13.75,6039.63232421875
-2.25,-13.75,6135.5087890625
-1.75,-13.75,6234.12158203125
-1.25,-13.75,6335.94482421875
-0.75,-13.75,6441.4814453125
-0.25,-13.75,6551.25439453125
0.25,-13.75,6665.81787109375
0.75,-13.75,6785.7392578125
1.25,-13.75,6911.595703125
1.75,-13.75,7043.9580078125
2.25,-13.75,7183.3408203125
2.75,-13.75,7330.1845703125
3.25,-13.75,7484.77490234375
3.75,-13.75,7647.20703125
4.25,-13.75,7817.314453125
4.75,-13.75,7994.63623046875
5.25,-13.75,8178.3837890625
5.75,-13.75,8367.453125
6.25,-13.75,8560.4375
6.75,-13.75,8755.685546875
7.25,-13.75,8951.40234375
7.75,-13.75,9145.7001953125
8.25,-13.75,9336.7333984375
8.75,-13.75,9522.763671875
9.25,-13.75,9702.244140625
9.75,-13.75,9873.86328125
10.25,-13.75,10036.552734375
10.75,-13.75,10189.4912109375
11.25,-13.75,10332.0361328125
11.75,-13.75,10463.6484375
12.25,-13.75,10583.841796875
12.75,-13.75,10692.03125
13.25,-13.75,10787.501953125
13.75,-13.75,10869.31640625
14.25,-13.75,10936.294921875
14.75,-13.75,10987.0146484375
15.25,-13.75,11019.84375
15.75,-13.75,11033.0263671875
16.25,-13.75,11024.787109375
16.75,-13.75,10993.44921875
17.25,-13.75,10937.5361328125
17.75,-13.75,10855.8720703125
18.25,-13.75,10747.69921875
18.75,-13.75,10612.734375
19.25,-13.75,10451.1474609375
19.75,-13.75,10263.623046875
20.25,-13.75,10051.3017578125
20.75,-13.75,9815.7265625
21.25,-13.75,9558.80078125
21.75,-13.75,9282.69140625
22.25,-13.75,8989.75
22.75,-13.75,8682.4482421875
23.25,-13.75,8363.259765625
23.75,-13.75,8034.63720703125
24.25,-13.75,7698.9384765625
24.75,-13.75,7358.38818359375
25.25,-13.75,7015.05712890625
25.75,-13.75,6670.84423828125
26.25,-13.75,6327.47900390625
26.75,-13.75,5986.53369140625
27.25,-13.75,5649.42578125
27.75,-13.75,5317.443359375
28.25,-13.75,4991.7490234375
28.75,-13.75,4673.396484375
29.25,-13.75,4363.33251953125
29.75,-13.75,4062.39794921875
30.25,-13.75,3771.3271484375
30.75,-13.75,3490.74389648437
31.25,-13.75,3221.17163085937
31.75,-13.75,2963.01733398437
32.25,-13.75,2716.58862304687
32.75,-13.75,2482.10791015625
33.25,-13.75,2259.71264648437
33.75,-13.75,2049.4794921875
34.25,-13.75,1851.43310546875
34.75,-13.75,1665.55322265625
35.25,-13.75,1491.78698730468
35.75,-13.75,1330.0517578125
36.25,-13.75,1180.23315429687
36.75,-13.75,1042.17114257812
37.25,-13.75,915.662231445312
37.75,-13.75,800.446166992187
38.25,-13.75,696.199584960937
38.75,-13.75,602.526306152343
39.25,-13.75,518.955078125
39.75,-13.75,444.942810058593
40.25,-13.75,379.872100830078
40.75,-13.75,323.070495605468
41.25,-13.75,273.826507568359
41.75,-13.75,231.403060913085
42.25,-13.75,195.058135986328
42.75,-13.75,164.064453125
43.25,-13.75,137.717697143554
43.75,-13.75,115.350875854492
44.25,-13.75,96.3681259155273
44.75,-13.75,80.2673034667968
-44.75,-13.25,64.8987503051757
-44.25,-13.25,70.1264877319336
-43.75,-13.25,75.9650650024414
-43.25,-13.25,82.8742218017578
-42.75,-13.25,91.2723770141601
-42.25,-13.25,101.55403137207
-41.75,-13.25,114.15729522705
-41.25,-13.25,129.577713012695
-40.75,-13.25,148.369750976562
-40.25,-13.25,171.144271850585
-39.75,-13.25,198.562072753906
-39.25,-13.25,231.316513061523
-38.75,-13.25,270.114715576171
-38.25,-13.25,315.650756835937
-37.75,-13.25,368.567169189453
-37.25,-13.25,429.415832519531
-36.75,-13.25,498.619659423828
-36.25,-13.25,576.424743652343
-35.75,-13.25,662.860656738281
-35.25,-13.25,757.710693359375
-34.75,-13.25,860.489074707031
-34.25,-13.25,970.437438964843
-33.75,-13.25,1086.53967285156
-33.25,-13.25,1207.5537109375
-32.75,-13.25,1332.07360839843
-32.25,-13.25,1458.59423828125
-31.75,-13.25,1585.59582519531
-31.25,-13.25,1711.62817382812
-30.75,-13.25,1835.39453125
-30.25,-13.25,1955.81872558593
-29.75,-13.25,2072.09765625
-29.25,-13.25,2183.7216796875
-28.75,-13.25,2290.482421875
-28.25,-13.25,2392.44580078125
-27.75,-13.25,2489.91796875
-27.25,-13.25,2583.3818359375
-26.75,-13.25,2673.439453125
-26.25,-13.25,2760.74731445312
-25.75,-13.25,2845.9541015625
-25.25,-13.25,2929.66162109375
-24.75,-13.25,3012.37353515625
-24.25,-13.25,3094.4794921875
-23.75,-13.25,3176.22973632812
-23.25,-13.25,3257.73779296875
-22.75,-13.25,3338.97290039062
-22.25,-13.25,3419.77905273437
-21.75,-13.25,3499.876953125
-21.25,-13.25,3578.89916992187
-20.75,-13.25,3656.40966796875
-20.25,-13.25,3731.93920898437
-19.75,-13.25,3805.03637695312
-19.25,-13.25,3875.30029296875
-18.75,-13.25,3942.43041992187
-18.25,-13.25,4006.27197265625
-17.75,-13.25,4066.83935546875
-17.25,-13.25,4124.33544921875
-16.75,-13.25,4179.158203125
-16.25,-13.25,4231.8671875
-15.75,-13.25,4283.16259765625
-15.25,-13.25,4333.82177734375
-14.75,-13.25,4384.66064453125
-14.25,-13.25,4436.45458984375
-13.75,-13.25,4489.90966796875
-13.25,-13.25,4545.599609375
-12.75,-13.25,4603.9658203125
-12.25,-13.25,4665.28515625
-11.75,-13.25,4729.689453125
-11.25,-13.25,4797.17529296875
-10.75,-13.25,4867.63427734375
-10.25,-13.25,4940.8818359375
-9.75,-13.25,5016.677734375
-9.25,-13.25,5094.7685546875
-8.75,-13.25,5174.8916015625
-8.25,-13.25,5256.7998046875
-7.75,-13.25,5340.2705078125
-7.25,-13.25,5425.109375
-6.75,-13.25,5511.1591796875
-6.25,-13.25,5598.30029296875
-5.75,-13.25,5686.46533203125
-5.25,-13.25,5775.63623046875
-4.75,-13.25,5865.861328125
-4.25,-13.25,5957.2529296875
-3.75,-13.25,6049.998046875
-3.25,-13.25,6144.349609375
-2.75,-13.25,6240.62744140625
-2.25,-13.25,6339.20947265625
-1.75,-13.25,6440.51953125
-1.25,-13.25,6545.021484375
-0.75,-13.25,6653.2158203125
-0.25,-13.25,6765.634765625
0.25,-13.25,6882.83447265625
0.75,-13.25,7005.40966796875
1.25,-13.25,7133.96142578125
1.75,-13.25,7269.0986328125
2.25,-13.25,7411.400390625
2.75,-13.25,7561.36474609375
3.25,-13.25,7719.3525390625
3.75,-13.25,7885.53271484375
4.25,-13.25,8059.81787109375
4.75,-13.25,8241.80078125
5.25,-13.25,8430.73046875
5.75,-13.25,8625.509765625
6.25,-13.25,8824.701171875
6.75,-13.25,9026.599609375
7.25,-13.25,9229.3017578125
7.75,-13.25,9430.8017578125
8.25,-13.25,9629.109375
8.75,-13.25,9822.3466796875
9.25,-13.25,10008.818359375
9.75,-13.25,10187.0888671875
10.25,-13.25,10356.0009765625
10.75,-13.25,10514.6513671875
11.25,-13.25,10662.361328125
11.75,-13.25,10798.5947265625
12.25,-13.25,10922.857421875
12.75,-13.25,11034.599609375
13.25,-13.25,11133.1357421875
13.75,-13.25,11217.552734375
14.25,-13.25,11286.6865234375
14.75,-13.25,11339.1220703125
15.25,-13.25,11373.216796875
15.75,-13.25,11387.1787109375
16.25,-13.25,11379.1953125
16.75,-13.25,11347.51953125
17.25,-13.25,11290.5966796875
17.75,-13.25,11207.1884765625
18.25,-13.25,11096.455078125
18.75,-13.25,10958.033203125
19.25,-13.25,10792.052734375
19.75,-13.25,10599.1640625
20.25,-13.25,10380.494140625
20.75,-13.25,10137.6181640625
21.25,-13.25,9872.484375
21.75,-13.25,9587.3447265625
22.25,-13.25,9284.666015625
22.75,-13.25,8967.037109375
23.25,-13.25,8637.0859375
23.75,-13.25,8297.40625
24.25,-13.25,7950.5
24.75,-13.25,7598.72900390625
25.25,-13.25,7244.28662109375
25.75,-13.25,6889.17236328125
26.25,-13.25,6535.2001953125
26.75,-13.25,6184.001953125
27.25,-13.25,5837.044921875
27.75,-13.25,5495.64453125
28.25,-13.25,5160.98388671875
28.75,-13.25,4834.11328125
29.25,-13.25,4515.9775390625
29.75,-13.25,4207.39697265625
30.25,-13.25,3909.07177734375
30.75,-13.25,3621.58227539062
31.25,-13.25,3345.39575195312
31.75,-13.25,3080.85546875
32.25,-13.25,2828.20092773437
32.75,-13.25,2587.5830078125
33.25,-13.25,2359.08203125
33.75,-13.25,2142.7255859375
34.25,-13.25,1938.50744628906
34.75,-13.25,1746.40014648437
35.25,-13.25,1566.36401367187
35.75,-13.25,1398.35241699218
36.25,-13.25,1242.30407714843
36.75,-13.25,1098.12219238281
37.25,-13.25,965.673583984375
37.75,-13.25,844.766296386718
38.25,-13.25,735.138793945312
38.75,-13.25,636.446594238281
39.25,-13.25,548.25439453125
39.75,-13.25,470.042236328125
40.25,-13.25,401.200439453125
40.75,-13.25,341.051696777343
41.25,-13.25,288.86831665039
41.75,-13.25,243.890304565429
42.25,-13.25,205.345565795898
42.75,-13.25,172.474243164062
43.25,-13.25,144.53742980957
43.75,-13.25,120.833450317382
44.25,-13.25,100.733688354492
44.75,-13.25,83.706916809082
-44.75,-12.75,65.7756042480468
-44.25,-12.75,71.3727264404296
-43.75,-12.75,77.6611557006836
-43.25,-12.75,85.1181182861328
-42.75,-12.75,94.1839447021484
-42.25,-12.75,105.279922485351
-41.75,-12.75,118.87629699707
-41.25,-12.75,135.505950927734
-40.75,-12.75,155.765914916992
-40.25,-12.75,180.312805175781
-39.75,-12.75,209.854736328125
-39.25,-12.75,245.130966186523
-38.75,-12.75,286.88916015625
-38.25,-12.75,335.854858398437
-37.75,-12.75,392.688812255859
-37.25,-12.75,457.943664550781
-36.75,-12.75,532.022827148437
-36.25,-12.75,615.131042480468
-35.75,-12.75,707.235168457031
-35.25,-12.75,808.036315917968
-34.75,-12.75,916.950500488281
-34.25,-12.75,1033.11291503906
-33.75,-12.75,1155.39758300781
-33.25,-12.75,1282.45959472656
-32.75,-12.75,1412.80053710937
-32.25,-12.75,1544.845703125
-31.75,-12.75,1677.02551269531
-31.25,-12.75,1807.86926269531
-30.75,-12.75,1936.08166503906
-30.25,-12.75,2060.61206054687
-29.75,-12.75,2180.69384765625
-29.25,-12.75,2295.86572265625
-28.75,-12.75,2405.96411132812
-28.25,-12.75,2511.09350585937
-27.75,-12.75,2611.583984375
-27.25,-12.75,2707.92797851562
-26.75,-12.75,2800.71875
-26.25,-12.75,2890.58959960937
-25.75,-12.75,2978.15747070312
-25.25,-12.75,3063.9873046875
-24.75,-12.75,3148.55493164062
-24.25,-12.75,3232.2294921875
-23.75,-12.75,3315.26196289062
-23.25,-12.75,3397.78173828125
-22.75,-12.75,3479.79833984375
-22.25,-12.75,3561.21142578125
-21.75,-12.75,3641.81127929687
-21.25,-12.75,3721.30126953125
-20.75,-12.75,3799.31713867187
-20.25,-12.75,3875.45288085937
-19.75,-12.75,3949.294921875
-19.25,-12.75,4020.46826171875
-18.75,-12.75,4088.67626953125
-18.25,-12.75,4153.7470703125
-17.75,-12.75,4215.66650390625
-17.25,-12.75,4274.6044921875
-16.75,-12.75,4330.9169921875
-16.25,-12.75,4385.1337890625
-15.75,-12.75,4437.92333984375
-15.25,-12.75,4490.0546875
-14.75,-12.75,4542.330078125
-14.25,-12.75,4595.53173828125
-13.75,-12.75,4650.365234375
-13.25,-12.75,4707.4169921875
-12.75,-12.75,4767.12939453125
-12.25,-12.75,4829.78466796875
-11.75,-12.75,4895.51953125
-11.25,-12.75,4964.33056640625
-10.75,-12.75,5036.11279296875
-10.25,-12.75,5110.68359375
-9.75,-12.75,5187.81689453125
-9.25,-12.75,5267.26953125
-8.75,-12.75,5348.794921875
-8.25,-12.75,5432.17041015625
-7.75,-12.75,5517.18603515625
-7.25,-12.75,5603.67138671875
-6.75,-12.75,5691.4755859375
-6.25,-12.75,5780.49462890625
-5.75,-12.75,5870.654296875
-5.25,-12.75,5961.93994140625
-4.75,-12.75,6054.38525390625
-4.25,-12.75,6148.09765625
-3.75,-12.75,6243.24365234375
-3.25,-12.75,6340.06396484375
-2.75,-12.75,6438.8671875
-2.25,-12.75,6540.01513671875
-1.75,-12.75,6643.91259765625
-1.25,-12.75,6751.0166015625
-0.75,-12.75,6861.814453125
-0.25,-12.75,6976.82958984375
0.25,-12.75,7096.62109375
0.75,-12.75,7221.78564453125
1.25,-12.75,7352.94921875
1.75,-12.75,7490.7568359375
2.25,-12.75,7635.83642578125
2.75,-12.75,7788.75146484375
3.25,-12.75,7949.9482421875
3.75,-12.75,8119.67919921875
4.25,-12.75,8297.9365234375
4.75,-12.75,8484.3828125
5.25,-12.75,8678.3232421875
5.75,-12.75,8878.6708984375
6.25,-12.75,9083.9755859375
6.75,-12.75,9292.466796875
7.25,-12.75,9502.146484375
7.75,-12.75,9710.8857421875
8.25,-12.75,9916.54296875
8.75,-12.75,10117.080078125
9.25,-12.75,10310.6533203125
9.75,-12.75,10495.6982421875
10.25,-12.75,10670.935546875
10.75,-12.75,10835.3857421875
11.25,-12.75,10988.333984375
11.75,-12.75,11129.212890625
12.25,-12.75,11257.5390625
12.75,-12.75,11372.7919921875
13.25,-12.75,11474.31640625
13.75,-12.75,11561.2373046875
14.25,-12.75,11632.4208984375
14.75,-12.75,11686.4638671875
15.25,-12.75,11721.73046875
15.75,-12.75,11736.408203125
16.25,-12.75,11728.63671875
16.75,-12.75,11696.6181640625
17.25,-12.75,11638.7216796875
17.75,-12.75,11553.62109375
18.25,-12.75,11440.388671875
18.75,-12.75,11298.578125
19.25,-12.75,11128.255859375
19.75,-12.75,10930.0185546875
20.25,-12.75,10704.98046875
20.75,-12.75,10454.732421875
21.25,-12.75,10181.271484375
21.75,-12.75,9886.9462890625
22.25,-12.75,9574.345703125
22.75,-12.75,9246.1982421875
23.25,-12.75,8905.2978515625
23.75,-12.75,8554.4013671875
24.25,-12.75,8196.1806640625
24.75,-12.75,7833.14501953125
25.25,-12.75,7467.6220703125
25.75,-12.75,7101.72216796875
26.25,-12.75,6737.3486328125
26.75,-12.75,6376.2001953125
27.25,-12.75,6019.77783203125
27.75,-12.75,5669.42236328125
28.25,-12.75,5326.3115234375
28.75,-12.75,4991.486328125
29.25,-12.75,4665.85693359375
29.75,-12.75,4350.19970703125
30.25,-12.75,4045.15771484375
30.75,-12.75,3751.25268554687
31.25,-12.75,3468.87377929687
31.75,-12.75,3198.291015625
32.25,-12.75,2939.66845703125
32.75,-12.75,2693.091796875
33.25,-12.75,2458.58520507812
33.75,-12.75,2236.14013671875
34.25,-12.75,2025.7353515625
34.75,-12.75,1827.34826660156
35.25,-12.75,1640.96875
35.75,-12.75,1466.59899902343
36.25,-12.75,1304.24157714843
36.75,-12.75,1153.87182617187
37.25,-12.75,1015.43084716796
37.75,-12.75,888.797912597656
38.25,-12.75,773.772277832031
38.75,-12.75,670.057556152343
39.25,-12.75,577.251892089843
39.75,-12.75,494.853576660156
40.25,-12.75,422.256439208984
40.75,-12.75,358.77505493164
41.25,-12.75,303.664123535156
41.75,-12.75,256.138397216796
42.25,-12.75,215.396545410156
42.75,-12.75,180.646575927734
43.25,-12.75,151.116592407226
43.75,-12.75,126.071945190429
44.25,-12.75,104.853157043457
44.75,-12.75,86.9011840820312
-44.75,-12.25,66.8446502685546
-44.25,-12.25,72.8124008178711
-43.75,-12.25,79.5548248291015
-43.25,-12.25,87.5686264038086
-42.75,-12.25,97.3177642822265
-42.25,-12.25,109.251426696777
-41.75,-12.25,123.872886657714
-41.25,-12.25,141.753585815429
-40.75,-12.25,163.533462524414
-40.25,-12.25,189.915008544921
-39.75,-12.25,221.652969360351
-39.25,-12.25,259.530609130859
-38.75,-12.25,304.332977294921
-38.25,-12.25,356.812713623046
-37.75,-12.25,417.642364501953
-37.25,-12.25,487.368194580078
-36.75,-12.25,566.366577148437
-36.25,-12.25,654.793884277343
-35.75,-12.25,752.548217773437
-35.25,-12.25,859.244567871093
-34.75,-12.25,974.202270507812
-34.25,-12.25,1096.45227050781
-33.75,-12.25,1224.76806640625
-33.25,-12.25,1357.7138671875
-32.75,-12.25,1493.71557617187
-32.25,-12.25,1631.14343261718
-31.75,-12.25,1768.39758300781
-31.25,-12.25,1904.00085449218
-30.75,-12.25,2036.67126464843
-30.25,-12.25,2165.38647460937
-29.75,-12.25,2289.41674804687
-29.25,-12.25,2408.33837890625
-28.75,-12.25,2522.01586914062
-28.25,-12.25,2630.57495117187
-27.75,-12.25,2734.34399414062
-27.25,-12.25,2833.7978515625
-26.75,-12.25,2929.4970703125
-26.25,-12.25,3022.03247070312
-25.75,-12.25,3111.97485351562
-25.25,-12.25,3199.84204101562
-24.75,-12.25,3286.07885742187
-24.25,-12.25,3371.03833007812
-23.75,-12.25,3454.97998046875
-23.25,-12.25,3538.0654296875
-22.75,-12.25,3620.36108398437
-22.25,-12.25,3701.84204101562
-21.75,-12.25,3782.3857421875
-21.25,-12.25,3861.79370117187
-20.75,-12.25,3939.78637695312
-20.25,-12.25,4016.037109375
-19.75,-12.25,4090.19262695312
-19.25,-12.25,4161.9111328125
-18.75,-12.25,4230.91259765625
-18.25,-12.25,4297.01318359375
-17.75,-12.25,4360.177734375
-17.25,-12.25,4420.53662109375
-16.75,-12.25,4478.40625
-16.25,-12.25,4534.27392578125
-15.75,-12.25,4588.7724609375
-15.25,-12.25,4642.63720703125
-14.75,-12.25,4696.6513671875
-14.25,-12.25,4751.58154296875
-13.75,-12.25,4808.1220703125
-13.25,-12.25,4866.8525390625
-12.75,-12.25,4928.20703125
-12.25,-12.25,4992.466796875
-11.75,-12.25,5059.76025390625
-11.25,-12.25,5130.08203125
-10.75,-12.25,5203.3271484375
-10.25,-12.25,5279.3134765625
-9.75,-12.25,5357.82568359375
-9.25,-12.25,5438.63232421875
-8.75,-12.25,5521.50634765625
-8.25,-12.25,5606.24365234375
-7.75,-12.25,5692.662109375
-7.25,-12.25,5780.60693359375
-6.75,-12.25,5869.9521484375
-6.25,-12.25,5960.6015625
-5.75,-12.25,6052.50146484375
-5.25,-12.25,6145.64013671875
-4.75,-12.25,6240.0576171875
-4.25,-12.25,6335.85693359375
-3.75,-12.25,6433.20703125
-3.25,-12.25,6532.34130859375
-2.75,-12.25,6633.5576171875
-2.25,-12.25,6737.20361328125
-1.75,-12.25,6843.6748046875
-1.25,-12.25,6953.40234375
-0.75,-12.25,7066.85888671875
-0.25,-12.25,7184.5458984375
0.25,-12.25,7307.00537109375
0.75,-12.25,7434.8291015625
1.25,-12.25,7568.64892578125
1.75,-12.25,7709.13134765625
2.25,-12.25,7856.95556640625
2.75,-12.25,8012.74365234375
3.25,-12.25,8177.0224609375
3.75,-12.25,8350.1298828125
4.25,-12.25,8532.1533203125
4.75,-12.25,8722.83984375
5.25,-12.25,8921.54296875
5.75,-12.25,9127.2177734375
6.25,-12.25,9338.40234375
6.75,-12.25,9553.2744140625
7.25,-12.25,9769.7529296875
7.75,-12.25,9985.5869140625
8.25,-12.25,10198.4892578125
8.75,-12.25,10406.265625
9.25,-12.25,10606.9150390625
9.75,-12.25,10798.7265625
10.25,-12.25,10980.30859375
10.75,-12.25,11150.58984375
11.25,-12.25,11308.78515625
11.75,-12.25,11454.3056640625
12.25,-12.25,11586.6689453125
12.75,-12.25,11705.3720703125
13.25,-12.25,11809.791015625
13.75,-12.25,11899.0869140625
14.25,-12.25,11972.1640625
14.75,-12.25,12027.6533203125
15.25,-12.25,12063.927734375
15.75,-12.25,12079.171875
16.25,-12.25,12071.4970703125
16.75,-12.25,12039.0556640625
17.25,-12.25,11980.1513671875
17.75,-12.25,11893.369140625
18.25,-12.25,11777.689453125
18.75,-12.25,11632.5732421875
19.25,-12.25,11458.0048828125
19.75,-12.25,11254.52734375
20.25,-12.25,11023.220703125
20.75,-12.25,10765.6865234375
21.25,-12.25,10483.982421875
21.75,-12.25,10180.5302734375
22.25,-12.25,9858.0537109375
22.75,-12.25,9519.4296875
23.25,-12.25,9167.623046875
23.75,-12.25,8805.572265625
24.25,-12.25,8436.12109375
24.75,-12.25,8061.9453125
25.25,-12.25,7685.5166015625
25.75,-12.25,7309.06884765625
26.25,-12.25,6934.59033203125
26.75,-12.25,6563.84130859375
27.25,-12.25,6198.36669921875
27.75,-12.25,5839.5078125
28.25,-12.25,5488.43798828125
28.75,-12.25,5146.15966796875
29.25,-12.25,4813.53662109375
29.75,-12.25,4491.27734375
30.25,-12.25,4179.95556640625
30.75,-12.25,3880.00537109375
31.25,-12.25,3591.73681640625
31.75,-12.25,3315.3349609375
32.25,-12.25,3050.89306640625
32.75,-12.25,2798.43408203125
33.25,-12.25,2557.93798828125
33.75,-12.25,2329.37158203125
34.25,-12.25,2112.71435546875
34.75,-12.25,1907.96545410156
35.25,-12.25,1715.1591796875
35.75,-12.25,1534.35717773437
36.25,-12.25,1365.63354492187
36.75,-12.25,1209.04125976562
37.25,-12.25,1064.59765625
37.75,-12.25,932.249633789062
38.25,-12.25,811.854553222656
38.75,-12.25,703.158630371093
39.25,-12.25,605.787536621093
39.75,-12.25,519.252319335937
40.25,-12.25,442.94595336914
40.75,-12.25,376.171478271484
41.25,-12.25,318.163818359375
41.75,-12.25,268.112701416015
42.25,-12.25,225.188018798828
42.75,-12.25,188.567398071289
43.25,-12.25,157.44775390625
43.75,-12.25,131.064102172851
44.25,-12.25,108.728340148925
44.75,-12.25,89.8552780151367
-44.75,-11.75,68.1726531982421
-44.25,-11.75,74.5267486572265
-43.75,-11.75,81.7423477172851
-43.25,-11.75,90.3374099731445
-42.75,-11.75,100.800964355468
-42.25,-11.75,113.611061096191
-41.75,-11.75,129.305099487304
-41.25,-11.75,148.493469238281
-40.75,-11.75,171.859191894531
-40.25,-11.75,200.149993896484
-39.75,-11.75,234.165939331054
-39.25,-11.75,274.731262207031
-38.75,-11.75,322.664428710937
-38.25,-11.75,378.739288330078
-37.75,-11.75,443.633636474609
-37.25,-11.75,517.879577636718
-36.75,-11.75,601.818664550781
-36.25,-11.75,695.552124023437
-35.75,-11.75,798.903503417968
-35.25,-11.75,911.399841308593
-34.75,-11.75,1032.26391601562
-34.25,-11.75,1160.42883300781
-33.75,-11.75,1294.57702636718
-33.25,-11.75,1433.19323730468
-32.75,-11.75,1574.64465332031
-32.25,-11.75,1717.26330566406
-31.75,-11.75,1859.43737792968
-31.25,-11.75,1999.69445800781
-30.75,-11.75,2136.77661132812
-30.25,-11.75,2269.6943359375
-29.75,-11.75,2397.75317382812
-29.25,-11.75,2520.55615234375
-28.75,-11.75,2637.9853515625
-28.25,-11.75,2750.16186523437
-27.75,-11.75,2857.39428710937
-27.25,-11.75,2960.12158203125
-26.75,-11.75,3058.84619140625
-26.25,-11.75,3154.1015625
-25.75,-11.75,3246.3974609375
-25.25,-11.75,3336.2021484375
-24.75,-11.75,3423.92553710937
-24.25,-11.75,3509.90991210937
-23.75,-11.75,3594.4306640625
-23.25,-11.75,3677.69677734375
-22.75,-11.75,3759.8427734375
-22.25,-11.75,3840.93408203125
-21.75,-11.75,3920.95483398437
-21.25,-11.75,3999.81176757812
-20.75,-11.75,4077.3330078125
-20.25,-11.75,4153.27880859375
-19.75,-11.75,4227.3701171875
-19.25,-11.75,4299.3125
-18.75,-11.75,4368.84619140625
-18.25,-11.75,4435.791015625
-17.75,-11.75,4500.08642578125
-17.25,-11.75,4561.83154296875
-16.75,-11.75,4621.29296875
-16.25,-11.75,4678.9111328125
-15.75,-11.75,4735.2744140625
-15.25,-11.75,4791.07275390625
-14.75,-11.75,4847.05419921875
-14.25,-11.75,4903.95166015625
-13.75,-11.75,4962.4375
-13.25,-11.75,5023.06982421875
-12.75,-11.75,5086.2724609375
-12.25,-11.75,5152.31005859375
-11.75,-11.75,5221.30224609375
-11.25,-11.75,5293.23828125
-10.75,-11.75,5368.01220703125
-10.25,-11.75,5445.44580078125
-9.75,-11.75,5525.33251953125
-9.25,-11.75,5607.45166015625
-8.75,-11.75,5691.59814453125
-8.25,-11.75,5777.587890625
-7.75,-11.75,5865.2666015625
-7.25,-11.75,5954.5
-6.75,-11.75,6045.19189453125
-6.25,-11.75,6137.2705078125
-5.75,-11.75,6230.697265625
-5.25,-11.75,6325.486328125
-4.75,-11.75,6421.68603515625
-4.25,-11.75,6519.4150390625
-3.75,-11.75,6618.85009765625
-3.25,-11.75,6720.22607421875
-2.75,-11.75,6823.84130859375
-2.25,-11.75,6930.03125
-1.75,-11.75,7039.17529296875
-1.25,-11.75,7151.68017578125
-0.75,-11.75,7267.98046875
-0.25,-11.75,7388.55126953125
0.25,-11.75,7513.90185546875
0.75,-11.75,7644.595703125
1.25,-11.75,7781.2587890625
1.75,-11.75,7924.56640625
2.25,-11.75,8075.22021484375
2.75,-11.75,8233.8984375
3.25,-11.75,8401.205078125
3.75,-11.75,8577.560546875
4.25,-11.75,8763.146484375
4.75,-11.75,8957.794921875
5.25,-11.75,9160.9384765625
5.75,-11.75,9371.5703125
6.25,-11.75,9588.2392578125
6.75,-11.75,9809.1044921875
7.25,-11.75,10032.0078125
7.75,-11.75,10254.591796875
8.25,-11.75,10474.44921875
8.75,-11.75,10689.2275390625
9.25,-11.75,10896.779296875
9.75,-11.75,11095.24609375
10.25,-11.75,11283.10546875
10.75,-11.75,11459.1845703125
11.25,-11.75,11622.6142578125
11.75,-11.75,11772.7763671875
12.25,-11.75,11909.1533203125
12.75,-11.75,12031.248046875
13.25,-11.75,12138.4609375
13.75,-11.75,12229.98828125
14.25,-11.75,12304.78125
14.75,-11.75,12361.4990234375
15.25,-11.75,12398.5439453125
15.75,-11.75,12414.1181640625
16.25,-11.75,12406.3271484375
16.75,-11.75,12373.2822265625
17.25,-11.75,12313.2373046875
17.75,-11.75,12224.7119140625
18.25,-11.75,12106.587890625
18.75,-11.75,11958.2421875
19.25,-11.75,11779.568359375
19.75,-11.75,11571.0458984375
20.25,-11.75,11333.71484375
20.75,-11.75,11069.173828125
21.25,-11.75,10779.5107421875
21.75,-11.75,10467.240234375
22.25,-11.75,10135.1904296875
22.75,-11.75,9786.3994140625
23.25,-11.75,9423.98828125
23.75,-11.75,9051.0859375
24.25,-11.75,8670.7109375
24.75,-11.75,8285.7109375
25.25,-11.75,7898.69970703125
25.75,-11.75,7512.0361328125
26.25,-11.75,7127.8076171875
26.75,-11.75,6747.837890625
27.25,-11.75,6373.701171875
27.75,-11.75,6006.74853515625
28.25,-11.75,5648.126953125
28.75,-11.75,5298.79931640625
29.25,-11.75,4959.5576171875
29.75,-11.75,4631.04052734375
30.25,-11.75,4313.72900390625
30.75,-11.75,4007.96655273437
31.25,-11.75,3713.97216796875
31.75,-11.75,3431.85009765625
32.25,-11.75,3161.62255859375
32.75,-11.75,2903.26123046875
33.25,-11.75,2656.71411132812
33.75,-11.75,2421.94091796875
34.25,-11.75,2198.93505859375
34.75,-11.75,1987.73364257812
35.25,-11.75,1788.42639160156
35.75,-11.75,1601.14379882812
36.25,-11.75,1426.03723144531
36.75,-11.75,1263.23864746093
37.25,-11.75,1112.83605957031
37.75,-11.75,974.841247558593
38.25,-11.75,849.160766601562
38.75,-11.75,735.576171875
39.25,-11.75,633.7333984375
39.75,-11.75,543.149597167968
40.25,-11.75,463.212097167968
40.75,-11.75,393.210021972656
41.25,-11.75,332.357208251953
41.75,-11.75,279.818939208984
42.25,-11.75,234.73777770996
42.75,-11.75,196.263351440429
43.25,-11.75,163.56443786621
43.75,-11.75,135.848434448242
44.25,-11.75,112.401123046875
44.75,-11.75,92.6131286621093
-44.75,-11.25,69.826545715332
-44.25,-11.25,76.5966339111328
-43.75,-11.25,84.318489074707
-43.25,-11.25,93.5332794189453
-42.75,-11.25,104.756446838378
-42.25,-11.25,118.496017456054
-41.75,-11.25,135.324035644531
-41.25,-11.25,155.890304565429
-40.75,-11.25,180.920608520507
-40.25,-11.25,211.207061767578
-39.75,-11.25,247.592315673828
-39.25,-11.25,290.938446044921
-38.75,-11.25,342.09194946289
-38.25,-11.25,401.842193603515
-37.75,-11.25,470.864532470703
-37.25,-11.25,549.669128417968
-36.75,-11.25,638.555297851562
-36.25,-11.25,737.561401367187
-35.75,-11.25,846.432861328125
-35.25,-11.25,964.606689453125
-34.75,-11.25,1091.21044921875
-34.25,-11.25,1225.08520507812
-33.75,-11.25,1364.83081054687
-33.25,-11.25,1508.86657714843
-32.75,-11.25,1655.51391601562
-32.25,-11.25,1803.08520507812
-31.75,-11.25,1949.96789550781
-31.25,-11.25,2094.70971679687
-30.75,-11.25,2236.08471679687
-30.25,-11.25,2373.13891601562
-29.75,-11.25,2505.21118164062
-29.25,-11.25,2631.92504882812
-28.75,-11.25,2753.16723632812
-28.25,-11.25,2869.04028320312
-27.75,-11.25,2979.81591796875
-27.25,-11.25,3085.87451171875
-26.75,-11.25,3187.65649414062
-26.25,-11.25,3285.61791992187
-25.75,-11.25,3380.20581054687
-25.25,-11.25,3471.83056640625
-24.75,-11.25,3560.86962890625
-24.25,-11.25,3647.662109375
-23.75,-11.25,3732.50463867187
-23.25,-11.25,3815.65673828125
-22.75,-11.25,3897.337890625
-22.25,-11.25,3977.70849609375
-21.75,-11.25,4056.86938476562
-21.25,-11.25,4134.83984375
-20.75,-11.25,4211.5595703125
-20.25,-11.25,4286.8916015625
-19.75,-11.25,4360.63037109375
-19.25,-11.25,4432.5400390625
-18.75,-11.25,4502.39501953125
-18.25,-11.25,4570.0166015625
-17.75,-11.25,4635.3310546875
-17.25,-11.25,4698.400390625
-16.75,-11.25,4759.4482421875
-16.25,-11.25,4818.861328125
-15.75,-11.25,4877.16748046875
-15.25,-11.25,4935.0068359375
-14.75,-11.25,4993.07763671875
-14.25,-11.25,5052.068359375
-13.75,-11.25,5112.6181640625
-13.25,-11.25,5175.25927734375
-12.75,-11.25,5240.392578125
-12.25,-11.25,5308.265625
-11.75,-11.25,5378.99267578125
-11.25,-11.25,5452.552734375
-10.75,-11.25,5528.8408203125
-10.25,-11.25,5607.685546875
-9.75,-11.25,5688.884765625
-9.25,-11.25,5772.2412109375
-8.75,-11.25,5857.56103515625
-8.25,-11.25,5944.6904296875
-7.75,-11.25,6033.4931640625
-7.25,-11.25,6123.87353515625
-6.75,-11.25,6215.759765625
-6.25,-11.25,6309.1083984375
-5.75,-11.25,6403.91455078125
-5.25,-11.25,6500.21630859375
-4.75,-11.25,6598.091796875
-4.25,-11.25,6697.68310546875
-3.75,-11.25,6799.17822265625
-3.25,-11.25,6902.83056640625
-2.75,-11.25,7008.9365234375
-2.25,-11.25,7117.8251953125
-1.75,-11.25,7229.85595703125
-1.25,-11.25,7345.4013671875
-0.75,-11.25,7464.8623046875
-0.25,-11.25,7588.658203125
0.25,-11.25,7717.25341796875
0.75,-11.25,7851.16943359375
1.25,-11.25,7990.99951171875
1.75,-11.25,8137.4013671875
2.25,-11.25,8291.087890625
2.75,-11.25,8452.7783203125
3.25,-11.25,8623.12109375
3.75,-11.25,8802.6318359375
4.25,-11.25,8991.568359375
4.75,-11.25,9189.865234375
5.25,-11.25,9397.03515625
5.75,-11.25,9612.12890625
6.25,-11.25,9833.740234375
6.75,-11.25,10060.0205078125
7.25,-11.25,10288.7802734375
7.75,-11.25,10517.58203125
8.25,-11.25,10743.9140625
8.75,-11.25,10965.298828125
9.25,-11.25,11179.4453125
9.75,-11.25,11384.35546875
10.25,-11.25,11578.3701171875
10.75,-11.25,11760.1962890625
11.25,-11.25,11928.875
11.75,-11.25,12083.6953125
12.25,-11.25,12224.103515625
12.75,-11.25,12349.580078125
13.25,-11.25,12459.52734375
13.75,-11.25,12553.1708984375
14.25,-11.25,12629.48046875
14.75,-11.25,12687.171875
15.25,-11.25,12724.689453125
15.75,-11.25,12740.263671875
16.25,-11.25,12732.01953125
16.75,-11.25,12698.0751953125
17.25,-11.25,12636.654296875
17.75,-11.25,12546.212890625
18.25,-11.25,12425.583984375
18.75,-11.25,12274.048828125
19.25,-11.25,12091.4287109375
19.75,-11.25,11878.12109375
20.25,-11.25,11635.1259765625
20.75,-11.25,11364.017578125
21.25,-11.25,11066.908203125
21.75,-11.25,10746.365234375
22.25,-11.25,10405.3232421875
22.75,-11.25,10046.939453125
23.25,-11.25,9674.5029296875
23.75,-11.25,9291.30078125
24.25,-11.25,8900.521484375
24.75,-11.25,8505.1787109375
25.25,-11.25,8108.037109375
25.75,-11.25,7711.57958984375
26.25,-11.25,7317.99365234375
26.75,-11.25,6929.1669921875
27.25,-11.25,6546.708984375
27.75,-11.25,6171.9794921875
28.25,-11.25,5806.09765625
28.75,-11.25,5449.9794921875
29.25,-11.25,5104.345703125
29.75,-11.25,4769.748046875
30.25,-11.25,4446.57666015625
30.75,-11.25,4135.07763671875
31.25,-11.25,3835.38061523437
31.75,-11.25,3547.51025390625
32.25,-11.25,3271.42651367187
32.75,-11.25,3007.06201171875
33.25,-11.25,2754.34594726562
33.75,-11.25,2513.2470703125
34.25,-11.25,2283.78735351562
34.75,-11.25,2066.05346679687
35.25,-11.25,1860.2021484375
35.75,-11.25,1666.43762207031
36.25,-11.25,1484.98974609375
36.75,-11.25,1316.06164550781
37.25,-11.25,1159.81115722656
37.75,-11.25,1016.30212402343
38.25,-11.25,885.48193359375
38.75,-11.25,767.157287597656
39.25,-11.25,660.985290527343
39.75,-11.25,566.482421875
40.25,-11.25,483.026611328125
40.75,-11.25,409.889984130859
41.25,-11.25,346.265563964843
41.75,-11.25,291.295257568359
42.25,-11.25,244.097198486328
42.75,-11.25,203.795944213867
43.25,-11.25,169.535675048828
43.75,-11.25,140.49917602539
44.25,-11.25,115.948875427246
44.75,-11.25,95.2532501220703
-44.75,-10.75,71.8594970703125
-44.25,-10.75,79.0865859985351
-43.75,-10.75,87.3590240478515
-43.25,-10.75,97.2431106567382
-42.75,-10.75,109.282173156738
-42.25,-10.75,124.014938354492
-41.75,-10.75,142.048919677734
-41.25,-10.75,164.07356262207
-40.75,-10.75,190.856719970703
-40.25,-10.75,223.233245849609
-39.75,-10.75,262.0859375
-39.25,-10.75,308.310363769531
-38.75,-10.75,362.776336669921
-38.25,-10.75,426.281372070312
-37.75,-10.75,499.491241455078
-37.25,-10.75,582.886413574218
-36.75,-10.75,676.716674804687
-36.25,-10.75,780.951538085937
-35.75,-10.75,895.253112792968
-35.25,-10.75,1018.96710205078
-34.75,-10.75,1151.12731933593
-34.25,-10.75,1290.48718261718
-33.75,-10.75,1435.57373046875
-33.25,-10.75,1584.75085449218
-32.75,-10.75,1736.30810546875
-32.25,-10.75,1888.54992675781
-31.75,-10.75,2039.87780761718
-31.25,-10.75,2188.86865234375
-30.75,-10.75,2334.3359375
-30.25,-10.75,2475.36474609375
-29.75,-10.75,2611.3232421875
-29.25,-10.75,2741.85400390625
-28.75,-10.75,2866.8369140625
-28.25,-10.75,2986.34741210937
-27.75,-10.75,3100.6103515625
-27.25,-10.75,3209.94067382812
-26.75,-10.75,3314.70385742187
-26.25,-10.75,3415.27856445312
-25.75,-10.75,3512.04028320312
-25.25,-10.75,3605.35229492187
-24.75,-10.75,3695.55834960937
-24.25,-10.75,3782.99609375
-23.75,-10.75,3867.99072265625
-23.25,-10.75,3950.859375
-22.75,-10.75,4031.90161132812
-22.25,-10.75,4111.37890625
-21.75,-10.75,4189.5048828125
-21.25,-10.75,4266.416015625
-20.75,-10.75,4342.162109375
-20.25,-10.75,4416.705078125
-19.75,-10.75,4489.92138671875
-19.25,-10.75,4561.6396484375
-18.75,-10.75,4631.662109375
-18.25,-10.75,4699.82958984375
-17.75,-10.75,4766.0537109375
-17.25,-10.75,4830.3662109375
-16.75,-10.75,4892.9453125
-16.25,-10.75,4954.11962890625
-15.75,-10.75,5014.3603515625
-15.25,-10.75,5074.244140625
-14.75,-10.75,5134.40673828125
-14.25,-10.75,5195.49560546875
-13.75,-10.75,5258.10302734375
-13.25,-10.75,5322.7294921875
-12.75,-10.75,5389.75341796875
-12.25,-10.75,5459.408203125
-11.75,-10.75,5531.79931640625
-11.25,-10.75,5606.90478515625
-10.75,-10.75,5684.61865234375
-10.25,-10.75,5764.77783203125
-9.75,-10.75,5847.1953125
-9.25,-10.75,5931.67919921875
-8.75,-10.75,6018.07080078125
-8.25,-10.75,6106.22509765625
-7.75,-10.75,6196.044921875
-7.25,-10.75,6287.4560546875
-6.75,-10.75,6380.42578125
-6.25,-10.75,6474.9423828125
-5.75,-10.75,6571.04443359375
-5.25,-10.75,6668.7998046875
-4.75,-10.75,6768.32568359375
-4.25,-10.75,6869.7900390625
-3.75,-10.75,6973.412109375
-3.25,-10.75,7079.4638671875
-2.75,-10.75,7188.23779296875
-2.25,-10.75,7300.06640625
-1.75,-10.75,7415.283203125
-1.25,-10.75,7534.22412109375
-0.75,-10.75,7657.2421875
-0.25,-10.75,7784.69775390625
0.25,-10.75,7916.98486328125
0.75,-10.75,8054.568359375
1.25,-10.75,8197.9794921875
1.75,-10.75,8347.841796875
2.25,-10.75,8504.8525390625
2.75,-10.75,8669.736328125
3.25,-10.75,8843.189453125
3.75,-10.75,9025.7822265625
4.25,-10.75,9217.857421875
4.75,-10.75,9419.4423828125
5.25,-10.75,9630.1494140625
5.75,-10.75,9849.1083984375
6.25,-10.75,10074.9794921875
6.75,-10.75,10305.947265625
7.25,-10.75,10539.8212890625
7.75,-10.75,10774.146484375
8.25,-10.75,11006.3212890625
8.75,-10.75,11233.796875
9.25,-10.75,11454.1416015625
9.75,-10.75,11665.234375
10.25,-10.75,11865.2705078125
10.75,-10.75,12052.818359375
11.25,-10.75,12226.7919921875
11.75,-10.75,12386.373046875
12.25,-10.75,12530.921875
12.75,-10.75,12659.8603515625
13.25,-10.75,12772.5595703125
13.75,-10.75,12868.234375
14.25,-10.75,12945.8994140625
14.75,-10.75,13004.302734375
15.25,-10.75,13041.93359375
15.75,-10.75,13057.1044921875
16.25,-10.75,13047.97265625
16.75,-10.75,13012.705078125
17.25,-10.75,12949.5322265625
17.75,-10.75,12856.900390625
18.25,-10.75,12733.591796875
18.75,-10.75,12578.8486328125
19.25,-10.75,12392.412109375
19.75,-10.75,12174.6171875
20.25,-10.75,11926.40625
20.75,-10.75,11649.3115234375
21.25,-10.75,11345.44921875
21.75,-10.75,11017.404296875
22.25,-10.75,10668.1884765625
22.75,-10.75,10301.052734375
23.25,-10.75,9919.3984375
23.75,-10.75,9526.669921875
24.25,-10.75,9126.201171875
24.75,-10.75,8721.1591796875
25.25,-10.75,8314.447265625
25.75,-10.75,7908.6728515625
26.25,-10.75,7506.12255859375
26.75,-10.75,7108.76025390625
27.25,-10.75,6718.23974609375
27.75,-10.75,6335.9306640625
28.25,-10.75,5962.931640625
28.75,-10.75,5600.115234375
29.25,-10.75,5248.13525390625
29.75,-10.75,4907.4599609375
30.25,-10.75,4578.38818359375
30.75,-10.75,4261.0732421875
31.25,-10.75,3955.5595703125
31.75,-10.75,3661.80029296875
32.25,-10.75,3379.70581054687
32.75,-10.75,3109.17651367187
33.25,-10.75,2850.14135742187
33.75,-10.75,2602.58959960937
34.25,-10.75,2366.58422851562
34.75,-10.75,2142.27514648437
35.25,-10.75,1929.88732910156
35.75,-10.75,1729.70007324218
36.25,-10.75,1542.01745605468
36.75,-10.75,1367.11181640625
37.25,-10.75,1205.19482421875
37.75,-10.75,1056.37377929687
38.25,-10.75,920.622985839843
38.75,-10.75,797.763244628906
39.25,-10.75,687.453491210937
39.75,-10.75,589.203125
40.25,-10.75,502.37612915039
40.75,-10.75,426.226257324218
41.25,-10.75,359.9267578125
41.75,-10.75,302.598114013671
42.25,-10.75,253.337280273437
42.75,-10.75,211.247665405273
43.25,-10.75,175.452255249023
43.75,-10.75,145.112976074218
44.25,-10.75,119.471534729003
44.75,-10.75,97.8764266967773
-44.75,-10.25,74.2984619140625
-44.25,-10.25,82.030891418457
-43.75,-10.25,90.9054412841796
-43.25,-10.25,101.515228271484
-42.75,-10.25,114.43285369873
-42.25,-10.25,130.228897094726
-41.75,-10.25,149.546691894531
-41.25,-10.25,173.115249633789
-40.75,-10.25,201.74397277832
-40.25,-10.25,236.30842590332
-39.75,-10.25,277.728698730468
-39.25,-10.25,326.929748535156
-38.75,-10.25,384.798858642578
-38.25,-10.25,452.135681152343
-37.75,-10.25,529.588989257812
-37.25,-10.25,617.602478027343
-36.75,-10.25,716.368408203125
-36.25,-10.25,825.7822265625
-35.75,-10.25,945.418701171875
-35.25,-10.25,1074.52990722656
-34.75,-10.25,1212.0576171875
-34.25,-10.25,1356.67163085937
-33.75,-10.25,1506.83227539062
-33.25,-10.25,1660.85754394531
-32.75,-10.25,1817.01586914062
-32.25,-10.25,1973.6142578125
-31.75,-10.25,2129.07690429687
-31.25,-10.25,2282.01831054687
-30.75,-10.25,2431.29614257812
-30.25,-10.25,2576.03759765625
-29.75,-10.25,2715.6416015625
-29.25,-10.25,2849.76293945312
-28.75,-10.25,2978.2734375
-28.25,-10.25,3101.2177734375
-27.75,-10.25,3218.76953125
-27.25,-10.25,3331.1767578125
-26.75,-10.25,3438.73120117187
-26.25,-10.25,3541.73681640625
-25.75,-10.25,3640.50708007812
-25.25,-10.25,3735.35424804687
-24.75,-10.25,3826.6015625
-24.25,-10.25,3914.58715820312
-23.75,-10.25,3999.666015625
-23.25,-10.25,4082.2119140625
-22.75,-10.25,4162.6005859375
-22.25,-10.25,4241.1875
-21.75,-10.25,4318.2900390625
-21.25,-10.25,4394.15087890625
-20.75,-10.25,4468.92236328125
-20.25,-10.25,4542.6572265625
-19.75,-10.25,4615.31640625
-19.25,-10.25,4686.78125
-18.75,-10.25,4756.8974609375
-18.25,-10.25,4825.52001953125
-17.75,-10.25,4892.55712890625
-17.25,-10.25,4958.01220703125
-16.75,-10.25,5022.02099609375
-16.25,-10.25,5084.85595703125
-15.75,-10.25,5146.9287109375
-15.25,-10.25,5208.7509765625
-14.75,-10.25,5270.90234375
-14.25,-10.25,5333.97021484375
-13.75,-10.25,5398.51025390625
-13.25,-10.25,5464.9912109375
-12.75,-10.25,5533.76513671875
-12.25,-10.25,5605.05810546875
-11.75,-10.25,5678.96533203125
-11.25,-10.25,5755.47216796875
-10.75,-10.25,5834.47607421875
-10.25,-10.25,5915.82275390625
-9.75,-10.25,5999.33544921875
-9.25,-10.25,6084.84521484375
-8.75,-10.25,6172.19970703125
-8.25,-10.25,6261.28857421875
-7.75,-10.25,6352.03564453125
-7.25,-10.25,6444.40234375
-6.75,-10.25,6538.3896484375
-6.25,-10.25,6634.03369140625
-5.75,-10.25,6731.4072265625
-5.25,-10.25,6830.61865234375
-4.75,-10.25,6931.8330078125
-4.25,-10.25,7035.25439453125
-3.75,-10.25,7141.12841796875
-3.25,-10.25,7249.748046875
-2.75,-10.25,7361.4208984375
-2.25,-10.25,7476.46533203125
-1.75,-10.25,7595.1962890625
-1.25,-10.25,7717.91552734375
-0.75,-10.25,7844.91357421875
-0.25,-10.25,7976.478515625
0.25,-10.25,8112.9365234375
0.75,-10.25,8254.658203125
1.25,-10.25,8402.103515625
1.75,-10.25,8555.833984375
2.25,-10.25,8716.5
2.75,-10.25,8884.8046875
3.25,-10.25,9061.4609375
3.75,-10.25,9247.0771484375
4.25,-10.25,9442.0751953125
4.75,-10.25,9646.5673828125
5.25,-10.25,9860.267578125
5.75,-10.25,10082.416015625
6.25,-10.25,10311.7666015625
6.75,-10.25,10546.5869140625
7.25,-10.25,10784.736328125
7.75,-10.25,11023.7734375
8.25,-10.25,11261.0869140625
8.75,-10.25,11494.0537109375
9.25,-10.25,11720.1689453125
9.75,-10.25,11937.1748046875
10.25,-10.25,12143.1201171875
10.75,-10.25,12336.4287109375
11.25,-10.25,12515.8427734375
11.75,-10.25,12680.396484375
12.25,-10.25,12829.3134765625
12.75,-10.25,12961.9033203125
13.25,-10.25,13077.4736328125
13.75,-10.25,13175.1982421875
14.25,-10.25,13254.09765625
14.75,-10.25,13312.95703125
15.25,-10.25,13350.34375
15.75,-10.25,13364.6337890625
16.25,-10.25,13354.095703125
16.75,-10.25,13316.9619140625
17.25,-10.25,13251.5361328125
17.75,-10.25,13156.29296875
18.25,-10.25,13030.03515625
18.75,-10.25,12871.96875
19.25,-10.25,12681.8037109375
19.75,-10.25,12459.8076171875
20.25,-10.25,12206.859375
20.75,-10.25,11924.4453125
21.25,-10.25,11614.6474609375
21.75,-10.25,11280.0419921875
22.25,-10.25,10923.6513671875
22.75,-10.25,10548.7919921875
23.25,-10.25,10158.9482421875
23.75,-10.25,9757.6533203125
24.25,-10.25,9348.369140625
24.75,-10.25,8934.390625
25.25,-10.25,8518.7451171875
25.75,-10.25,8104.162109375
26.25,-10.25,7693.03173828125
26.75,-10.25,7287.3955078125
27.25,-10.25,6888.96728515625
27.75,-10.25,6499.1376953125
28.25,-10.25,6119.00634765625
28.75,-10.25,5749.41259765625
29.25,-10.25,5390.95556640625
29.75,-10.25,5044.0322265625
30.25,-10.25,4708.85595703125
30.75,-10.25,4385.50390625
31.25,-10.25,4073.94311523437
31.75,-10.25,3774.0634765625
32.25,-10.25,3485.73828125
32.75,-10.25,3208.85278320312
33.25,-10.25,2943.34204101562
33.75,-10.25,2689.22729492187
34.25,-10.25,2446.6259765625
34.75,-10.25,2215.74853515625
35.25,-10.25,1996.89343261718
35.75,-10.25,1790.4140625
36.25,-10.25,1596.68005371093
36.75,-10.25,1416.02001953125
37.25,-10.25,1248.68823242187
37.75,-10.25,1094.82116699218
38.25,-10.25,954.406555175781
38.75,-10.25,827.267456054687
39.25,-10.25,713.0556640625
39.75,-10.25,611.26708984375
40.25,-10.25,521.247924804687
40.75,-10.25,442.233184814453
41.25,-10.25,373.377319335937
41.75,-10.25,313.782806396484
42.25,-10.25,262.528717041015
42.75,-10.25,218.70166015625
43.25,-10.25,181.406997680664
43.75,-10.25,149.789077758789
44.25,-10.25,123.071891784667
44.75,-10.25,100.586105346679
-44.75,-9.75,77.1366424560546
-44.25,-9.75,85.4254074096679
-43.75,-9.75,94.9558334350586
-43.25,-9.75,106.34967803955
-42.75,-9.75,120.210205078125
-42.25,-9.75,137.14045715332
-41.75,-9.75,157.82029724121
-41.25,-9.75,183.018005371093
-40.75,-9.75,213.583572387695
-40.25,-9.75,250.431503295898
-39.75,-9.75,294.516052246093
-39.25,-9.75,346.787139892578
-38.75,-9.75,408.14453125
-38.25,-9.75,479.383728027343
-37.75,-9.75,561.130187988281
-37.25,-9.75,653.783203125
-36.75,-9.75,757.471862792968
-36.25,-9.75,872.011535644531
-35.75,-9.75,996.886169433593
-35.25,-9.75,1131.251953125
-34.75,-9.75,1273.95825195312
-34.25,-9.75,1423.59704589843
-33.75,-9.75,1578.564453125
-33.25,-9.75,1737.13940429687
-32.75,-9.75,1897.57861328125
-32.25,-9.75,2058.19775390625
-31.75,-9.75,2217.4501953125
-31.25,-9.75,2373.994140625
-30.75,-9.75,2526.73388671875
-30.25,-9.75,2674.83911132812
-29.75,-9.75,2817.74169921875
-29.25,-9.75,2955.1064453125
-28.75,-9.75,3086.79809570312
-28.25,-9.75,3212.83471679687
-27.75,-9.75,3333.33984375
-27.25,-9.75,3448.50146484375
-26.75,-9.75,3558.5458984375
-26.25,-9.75,3663.71826171875
-25.75,-9.75,3764.27514648437
-25.25,-9.75,3860.4921875
-24.75,-9.75,3952.67993164062
-24.25,-9.75,4041.17797851562
-23.75,-9.75,4126.37451171875
-23.25,-9.75,4208.689453125
-22.75,-9.75,4288.56640625
-22.25,-9.75,4366.43994140625
-21.75,-9.75,4442.71044921875
-21.25,-9.75,4517.70751953125
-20.75,-9.75,4591.67626953125
-20.25,-9.75,4664.74462890625
-19.75,-9.75,4736.94189453125
-19.25,-9.75,4808.20849609375
-18.75,-9.75,4878.4228515625
-18.25,-9.75,4947.4619140625
-17.75,-9.75,5015.2314453125
-17.25,-9.75,5081.71533203125
-16.75,-9.75,5147.01318359375
-16.25,-9.75,5211.3515625
-15.75,-9.75,5275.080078125
-15.25,-9.75,5338.6494140625
-14.75,-9.75,5402.5888671875
-14.25,-9.75,5467.43359375
-13.75,-9.75,5533.69677734375
-13.25,-9.75,5601.8203125
-12.75,-9.75,5672.1396484375
-12.25,-9.75,5744.87255859375
-11.75,-9.75,5820.11376953125
-11.25,-9.75,5897.8515625
-10.75,-9.75,5977.9951171875
-10.25,-9.75,6060.3994140625
-9.75,-9.75,6144.89697265625
-9.25,-9.75,6231.3330078125
-8.75,-9.75,6319.576171875
-8.25,-9.75,6409.53515625
-7.75,-9.75,6501.1591796875
-7.25,-9.75,6594.4453125
-6.75,-9.75,6689.43212890625
-6.25,-9.75,6786.201171875
-5.75,-9.75,6884.859375
-5.25,-9.75,6985.5810546875
-4.75,-9.75,7088.55859375
-4.25,-9.75,7194.04248046875
-3.75,-9.75,7302.31494140625
-3.25,-9.75,7413.68408203125
-2.75,-9.75,7528.46826171875
-2.25,-9.75,7646.9853515625
-1.75,-9.75,7769.52197265625
-1.25,-9.75,7896.34521484375
-0.75,-9.75,8027.6875
-0.25,-9.75,8163.7666015625
0.25,-9.75,8304.8115234375
0.75,-9.75,8451.1025390625
1.25,-9.75,8603.0048828125
1.75,-9.75,8760.984375
2.25,-9.75,8925.619140625
2.75,-9.75,9097.5693359375
3.25,-9.75,9277.52734375
3.75,-9.75,9466.12109375
4.25,-9.75,9663.8203125
4.75,-9.75,9870.8251953125
5.25,-9.75,10086.958984375
5.75,-9.75,10311.5986328125
6.25,-9.75,10543.6181640625
6.75,-9.75,10781.4140625
7.25,-9.75,11022.953125
7.75,-9.75,11265.86328125
8.25,-9.75,11507.5703125
8.75,-9.75,11745.4375
9.25,-9.75,11976.8994140625
9.75,-9.75,12199.5859375
10.25,-9.75,12411.408203125
10.75,-9.75,12610.6005859375
11.25,-9.75,12795.70703125
11.75,-9.75,12965.5693359375
12.25,-9.75,13119.208984375
12.75,-9.75,13255.783203125
13.25,-9.75,13374.45703125
13.75,-9.75,13474.3505859375
14.25,-9.75,13554.4423828125
14.75,-9.75,13613.5556640625
15.25,-9.75,13650.326171875
15.75,-9.75,13663.2451171875
16.25,-9.75,13650.708984375
16.75,-9.75,13611.0849609375
17.25,-9.75,13542.7939453125
17.75,-9.75,13444.4150390625
18.25,-9.75,13314.8076171875
18.75,-9.75,13153.201171875
19.25,-9.75,12959.302734375
19.75,-9.75,12733.3369140625
20.25,-9.75,12476.125
20.75,-9.75,12189.087890625
21.25,-9.75,11874.2275390625
21.75,-9.75,11534.0947265625
22.25,-9.75,11171.6630859375
22.75,-9.75,10790.248046875
23.25,-9.75,10393.361328125
23.75,-9.75,9984.59765625
24.25,-9.75,9567.486328125
24.75,-9.75,9145.4169921875
25.25,-9.75,8721.5341796875
25.75,-9.75,8298.6630859375
26.25,-9.75,7879.30224609375
26.75,-9.75,7465.591796875
27.25,-9.75,7059.310546875
27.75,-9.75,6661.89404296875
28.25,-9.75,6274.4677734375
28.75,-9.75,5897.8564453125
29.25,-9.75,5532.630859375
29.75,-9.75,5179.1337890625
30.25,-9.75,4837.51806640625
30.75,-9.75,4507.791015625
31.25,-9.75,4189.861328125
31.75,-9.75,3883.5732421875
32.25,-9.75,3588.767578125
32.75,-9.75,3305.32690429687
33.25,-9.75,3033.20532226562
33.75,-9.75,2772.458984375
34.25,-9.75,2523.263671875
34.75,-9.75,2285.89282226562
35.25,-9.75,2060.71337890625
35.75,-9.75,1848.14416503906
36.25,-9.75,1648.61010742187
36.75,-9.75,1462.484375
37.25,-9.75,1290.04833984375
37.75,-9.75,1131.45239257812
38.25,-9.75,986.685485839843
38.75,-9.75,855.561950683593
39.25,-9.75,737.716674804687
39.75,-9.75,632.62744140625
40.25,-9.75,539.619934082031
40.75,-9.75,457.910369873046
41.25,-9.75,386.636077880859
41.75,-9.75,324.884643554687
42.25,-9.75,271.721374511718
42.75,-9.75,226.219635009765
43.25,-9.75,187.47119140625
43.75,-9.75,154.60578918457
44.25,-9.75,126.832496643066
44.75,-9.75,103.466247558593
-44.75,-9.25,80.333267211914
-44.25,-9.25,89.2268524169921
-43.75,-9.25,99.4645385742187
-43.25,-9.25,111.697952270507
-42.75,-9.25,126.562232971191
-42.25,-9.25,144.693618774414
-41.75,-9.25,166.808609008789
-41.25,-9.25,193.714767456054
-40.75,-9.25,226.301315307617
-40.25,-9.25,265.519775390625
-39.75,-9.25,312.355377197265
-39.25,-9.25,367.779388427734
-38.75,-9.25,432.698822021484
-38.25,-9.25,507.899353027343
-37.75,-9.25,593.976745605468
-37.25,-9.25,691.280395507812
-36.75,-9.25,799.870544433593
-36.25,-9.25,919.47705078125
-35.75,-9.25,1049.48974609375
-35.25,-9.25,1188.96789550781
-34.75,-9.25,1336.66979980468
-34.25,-9.25,1491.107421875
-33.75,-9.25,1650.61999511718
-33.25,-9.25,1813.45263671875
-32.75,-9.25,1977.85192871093
-32.25,-9.25,2142.14794921875
-31.75,-9.25,2304.82788085937
-31.25,-9.25,2464.5947265625
-30.75,-9.25,2620.3994140625
-30.25,-9.25,2771.45532226562
-29.75,-9.25,2917.2255859375
-29.25,-9.25,3057.3896484375
-28.75,-9.25,3191.80810546875
-28.25,-9.25,3320.47729492187
-27.75,-9.25,3443.48388671875
-27.25,-9.25,3560.96948242187
-26.75,-9.25,3673.1123046875
-26.25,-9.25,3780.11059570312
-25.75,-9.25,3882.18823242187
-25.25,-9.25,3979.59619140625
-24.75,-9.25,4072.63989257812
-24.25,-9.25,4161.67041015625
-23.75,-9.25,4247.10009765625
-23.25,-9.25,4329.3896484375
-22.75,-9.25,4409.03076171875
-22.25,-9.25,4486.51513671875
-21.75,-9.25,4562.3037109375
-21.25,-9.25,4636.79296875
-20.75,-9.25,4710.28564453125
-20.25,-9.25,4782.9716796875
-19.75,-9.25,4854.935546875
-19.25,-9.25,4926.15625
-18.75,-9.25,4996.55908203125
-18.25,-9.25,5066.02880859375
-17.75,-9.25,5134.478515625
-17.25,-9.25,5201.884765625
-16.75,-9.25,5268.31396484375
-16.25,-9.25,5333.95703125
-15.75,-9.25,5399.11474609375
-15.25,-9.25,5464.19091796875
-14.75,-9.25,5529.66064453125
-14.25,-9.25,5596.021484375
-13.75,-9.25,5663.75341796875
-13.25,-9.25,5733.27294921875
-12.75,-9.25,5804.91015625
-12.25,-9.25,5878.8759765625
-11.75,-9.25,5955.26708984375
-11.25,-9.25,6034.08447265625
-10.75,-9.25,6115.23876953125
-10.25,-9.25,6198.59716796875
-9.75,-9.25,6284.00244140625
-9.25,-9.25,6371.3095703125
-8.75,-9.25,6460.39892578125
-8.25,-9.25,6551.20166015625
-7.75,-9.25,6643.689453125
-7.25,-9.25,6737.896484375
-6.75,-9.25,6833.8994140625
-6.25,-9.25,6931.8154296875
-5.75,-9.25,7031.81396484375
-5.25,-9.25,7134.1015625
-4.75,-9.25,7238.927734375
-4.25,-9.25,7346.572265625
-3.75,-9.25,7457.35205078125
-3.25,-9.25,7571.59814453125
-2.75,-9.25,7689.64208984375
-2.25,-9.25,7811.79296875
-1.75,-9.25,7938.326171875
-1.25,-9.25,8069.46630859375
-0.75,-9.25,8205.388671875
-0.25,-9.25,8346.2412109375
0.25,-9.25,8492.1630859375
0.75,-9.25,8643.333984375
1.25,-9.25,8800.00390625
1.75,-9.25,8962.52734375
2.25,-9.25,9131.38671875
2.75,-9.25,9307.1669921875
3.25,-9.25,9490.50390625
3.75,-9.25,9682.01953125
4.25,-9.25,9882.2138671875
4.75,-9.25,10091.3671875
5.25,-9.25,10309.41015625
5.75,-9.25,10535.869140625
6.25,-9.25,10769.779296875
6.75,-9.25,11009.71484375
7.25,-9.25,11253.7939453125
7.75,-9.25,11499.7763671875
8.25,-9.25,11745.1806640625
8.75,-9.25,11987.400390625
9.25,-9.25,12223.8447265625
9.75,-9.25,12452.0576171875
10.25,-9.25,12669.7890625
10.75,-9.25,12875.076171875
11.25,-9.25,13066.23828125
11.75,-9.25,13241.84375
12.25,-9.25,13400.68359375
12.75,-9.25,13541.6748046875
13.25,-9.25,13663.8125
13.75,-9.25,13766.0830078125
14.25,-9.25,13847.408203125
14.75,-9.25,13906.6298828125
15.25,-9.25,13942.45703125
15.75,-9.25,13953.5166015625
16.25,-9.25,13938.3740234375
16.75,-9.25,13895.580078125
17.25,-9.25,13823.740234375
17.75,-9.25,13721.5947265625
18.25,-9.25,13588.140625
18.75,-9.25,13422.6787109375
19.25,-9.25,13224.9482421875
19.75,-9.25,12995.1640625
20.25,-9.25,12734.09765625
20.75,-9.25,12443.0888671875
21.25,-9.25,12124.0498046875
21.75,-9.25,11779.4306640625
22.25,-9.25,11412.125
22.75,-9.25,11025.388671875
23.25,-9.25,10622.6923828125
23.75,-9.25,10207.6201171875
24.25,-9.25,9783.73828125
24.75,-9.25,9354.482421875
25.25,-9.25,8923.076171875
25.75,-9.25,8492.4453125
26.25,-9.25,8065.189453125
26.75,-9.25,7643.54541015625
27.25,-9.25,7229.3837890625
27.75,-9.25,6824.21923828125
28.25,-9.25,6429.21630859375
28.75,-9.25,6045.22802734375
29.25,-9.25,5672.81982421875
29.75,-9.25,5312.314453125
30.25,-9.25,4963.82568359375
30.75,-9.25,4627.31396484375
31.25,-9.25,4302.64306640625
31.75,-9.25,3989.62915039062
32.25,-9.25,3688.095703125
32.75,-9.25,3397.92626953125
33.25,-9.25,3119.09985351562
33.75,-9.25,2851.71240234375
34.25,-9.25,2595.99047851562
34.75,-9.25,2352.27026367187
35.25,-9.25,2120.97900390625
35.75,-9.25,1902.58715820312
36.25,-9.25,1697.56323242187
36.75,-9.25,1506.30895996093
37.25,-9.25,1329.11962890625
37.75,-9.25,1166.14489746093
38.25,-9.25,1017.36309814453
38.75,-9.25,882.568603515625
39.25,-9.25,761.374877929687
39.75,-9.25,653.236022949218
40.25,-9.25,557.456665039062
40.75,-9.25,473.234375
41.25,-9.25,399.691955566406
41.75,-9.25,335.904632568359
42.25,-9.25,280.927459716796
42.75,-9.25,233.824157714843
43.25,-9.25,193.676040649414
43.75,-9.25,159.601333618164
44.25,-9.25,130.796340942382
44.75,-9.25,106.562545776367
-44.75,-8.75,83.8195419311523
-44.25,-8.75,93.3599853515625
-43.75,-8.75,104.349472045898
-43.25,-8.75,117.470893859863
-42.75,-8.75,133.391967773437
-42.25,-8.75,152.782669067382
-41.75,-8.75,176.396194458007
-41.25,-8.75,205.078689575195
-40.75,-8.75,239.757659912109
-40.25,-8.75,281.419372558593
-39.75,-8.75,331.077209472656
-39.25,-8.75,389.719482421875
-38.75,-8.75,458.256072998046
-38.25,-8.75,537.457763671875
-37.75,-8.75,627.885620117187
-37.25,-8.75,729.833740234375
-36.75,-8.75,843.28759765625
-36.25,-8.75,967.890380859375
-35.75,-8.75,1102.93408203125
-35.25,-8.75,1247.37963867187
-34.75,-8.75,1399.89453125
-34.25,-8.75,1558.91491699218
-33.75,-8.75,1722.72241210937
-33.25,-8.75,1889.53186035156
-32.75,-8.75,2057.58276367187
-32.25,-8.75,2225.22045898437
-31.75,-8.75,2390.9658203125
-31.25,-8.75,2553.56518554687
-30.75,-8.75,2712.0166015625
-30.25,-8.75,2865.57348632812
-29.75,-8.75,3013.73266601562
-29.25,-8.75,3156.18920898437
-28.75,-8.75,3292.80615234375
-28.25,-8.75,3423.56787109375
-27.75,-8.75,3548.53930664062
-27.25,-8.75,3667.8388671875
-26.75,-8.75,3781.61401367187
-26.25,-8.75,3890.04467773437
-25.75,-8.75,3993.3359375
-25.25,-8.75,4091.7412109375
-24.75,-8.75,4185.56640625
-24.25,-8.75,4275.1826171875
-23.75,-8.75,4361.02099609375
-23.25,-8.75,4443.5693359375
-22.75,-8.75,4523.349609375
-22.25,-8.75,4600.88330078125
-21.75,-8.75,4676.66455078125
-21.25,-8.75,4751.12109375
-20.75,-8.75,4824.5888671875
-20.25,-8.75,4897.2958984375
-19.75,-8.75,4969.3603515625
-19.25,-8.75,5040.79345703125
-18.75,-8.75,5111.541015625
-18.25,-8.75,5181.51806640625
-17.75,-8.75,5250.64111328125
-17.25,-8.75,5318.88134765625
-16.75,-8.75,5386.29248046875
-16.25,-8.75,5453.0361328125
-15.75,-8.75,5519.3828125
-15.25,-8.75,5585.7001953125
-14.75,-8.75,5652.42578125
-14.25,-8.75,5720.03125
-13.75,-8.75,5788.970703125
-13.25,-8.75,5859.6513671875
-12.75,-8.75,5932.39306640625
-12.25,-8.75,6007.4130859375
-11.75,-8.75,6084.8134765625
-11.25,-8.75,6164.59716796875
-10.75,-8.75,6246.68408203125
-10.25,-8.75,6330.9453125
-9.75,-8.75,6417.2294921875
-9.25,-8.75,6505.3974609375
-8.75,-8.75,6595.34130859375
-8.25,-8.75,6687.00244140625
-7.75,-8.75,6780.3828125
-7.25,-8.75,6875.54052734375
-6.75,-8.75,6972.5927734375
-6.25,-8.75,7071.7041015625
-5.75,-8.75,7173.0849609375
-5.25,-8.75,7276.99169921875
-4.75,-8.75,7383.71142578125
-4.25,-8.75,7493.56640625
-3.75,-8.75,7606.89794921875
-3.25,-8.75,7724.0595703125
-2.75,-8.75,7845.38818359375
-2.25,-8.75,7971.19775390625
-1.75,-8.75,8101.74609375
-1.25,-8.75,8237.2275390625
-0.75,-8.75,8377.779296875
-0.25,-8.75,8523.4765625
0.25,-8.75,8674.3759765625
0.75,-8.75,8830.5537109375
1.25,-8.75,8992.1416015625
1.75,-8.75,9159.3740234375
2.25,-8.75,9332.611328125
2.75,-8.75,9512.3291015625
3.25,-8.75,9699.0869140625
3.75,-8.75,9893.46875
4.25,-8.75,10095.984375
4.75,-8.75,10306.9755859375
5.25,-8.75,10526.4794921875
5.75,-8.75,10754.18359375
6.25,-8.75,10989.318359375
6.75,-8.75,11230.662109375
7.25,-8.75,11476.5361328125
7.75,-8.75,11724.8974609375
8.25,-8.75,11973.3984375
8.75,-8.75,12219.5078125
9.25,-8.75,12460.650390625
9.75,-8.75,12694.2900390625
10.25,-8.75,12918.0322265625
10.75,-8.75,13129.697265625
11.25,-8.75,13327.3203125
11.75,-8.75,13509.1826171875
12.25,-8.75,13673.7548828125
12.75,-8.75,13819.677734375
13.25,-8.75,13945.7001953125
13.75,-8.75,14050.6318359375
14.25,-8.75,14133.30859375
14.75,-8.75,14192.5625
15.25,-8.75,14227.177734375
15.75,-8.75,14235.935546875
16.25,-8.75,14217.5908203125
16.75,-8.75,14170.9501953125
17.25,-8.75,14094.859375
17.75,-8.75,13988.2841796875
18.25,-8.75,13850.4140625
18.75,-8.75,13680.6962890625
19.25,-8.75,13478.9384765625
19.75,-8.75,13245.3974609375
20.25,-8.75,12980.79296875
20.75,-8.75,12686.3828125
21.25,-8.75,12363.974609375
21.75,-8.75,12015.865234375
22.25,-8.75,11644.83203125
22.75,-8.75,11253.9931640625
23.25,-8.75,10846.7138671875
23.75,-8.75,10426.521484375
24.25,-8.75,9996.94140625
24.75,-8.75,9561.41796875
25.25,-8.75,9123.2275390625
25.75,-8.75,8685.3642578125
26.25,-8.75,8250.53515625
26.75,-8.75,7821.07666015625
27.25,-8.75,7398.97705078125
27.75,-8.75,6985.84326171875
28.25,-8.75,6582.93212890625
28.75,-8.75,6191.14453125
29.25,-8.75,5811.08349609375
29.75,-8.75,5443.0810546875
30.25,-8.75,5087.23779296875
30.75,-8.75,4743.501953125
31.25,-8.75,4411.71240234375
31.75,-8.75,4091.66845703125
32.25,-8.75,3783.18676757812
32.75,-8.75,3486.16064453125
33.25,-8.75,3200.59130859375
33.75,-8.75,2926.61450195312
34.25,-8.75,2664.50317382812
34.75,-8.75,2414.64282226562
35.25,-8.75,2177.50805664062
35.75,-8.75,1953.6103515625
36.25,-8.75,1743.44702148437
36.75,-8.75,1547.42944335937
37.25,-8.75,1365.85498046875
37.75,-8.75,1198.86059570312
38.25,-8.75,1046.40258789062
38.75,-8.75,908.25048828125
39.25,-8.75,783.989929199218
39.75,-8.75,673.050170898437
40.25,-8.75,574.713317871093
40.75,-8.75,488.161163330078
41.25,-8.75,412.50308227539
41.75,-8.75,346.805267333984
42.25,-8.75,290.115509033203
42.75,-8.75,241.490493774414
43.25,-8.75,200.003936767578
43.75,-8.75,164.764419555664
44.25,-8.75,134.957595825195
44.75,-8.75,109.873512268066
-44.75,-8.25,87.5104293823242
-44.25,-8.25,97.7296905517578
-43.75,-8.25,109.505500793457
-43.25,-8.25,123.552642822265
-42.75,-8.25,140.572036743164
-42.25,-8.25,161.267547607421
-41.75,-8.25,186.428909301757
-41.25,-8.25,216.939987182617
-40.75,-8.25,253.765106201171
-40.25,-8.25,297.922973632812
-39.75,-8.25,350.452056884765
-39.25,-8.25,412.354064941406
-38.75,-8.25,484.537445068359
-38.25,-8.25,567.753479003906
-37.75,-8.25,662.523681640625
-37.25,-8.25,769.082885742187
-36.75,-8.25,887.340759277343
-36.25,-8.25,1016.84844970703
-35.75,-8.25,1156.80053710937
-35.25,-8.25,1306.06103515625
-34.75,-8.25,1463.20629882812
-34.25,-8.25,1626.59790039062
-33.75,-8.25,1794.46472167968
-33.25,-8.25,1964.98999023437
-32.75,-8.25,2136.40576171875
-32.25,-8.25,2307.07299804687
-31.75,-8.25,2475.5419921875
-31.25,-8.25,2640.59887695312
-30.75,-8.25,2801.28369140625
-30.25,-8.25,2956.89013671875
-29.75,-8.25,3106.94287109375
-29.25,-8.25,3251.15795898437
-28.75,-8.25,3389.40966796875
-28.25,-8.25,3521.68188476562
-27.75,-8.25,3648.03784179687
-27.25,-8.25,3768.59130859375
-26.75,-8.25,3883.49194335937
-26.25,-8.25,3992.91918945312
-25.75,-8.25,4097.09423828125
-25.25,-8.25,4196.28515625
-24.75,-8.25,4290.818359375
-24.25,-8.25,4381.08349609375
-23.75,-8.25,4467.53125
-23.25,-8.25,4550.6630859375
-22.75,-8.25,4631.00634765625
-22.25,-8.25,4709.09228515625
-21.75,-8.25,4785.4072265625
-21.25,-8.25,4860.38623046875
-20.75,-8.25,4934.3662109375
-20.25,-8.25,5007.5830078125
-19.75,-8.25,5080.16357421875
-19.25,-8.25,5152.140625
-18.75,-8.25,5223.4775390625
-18.25,-8.25,5294.09765625
-17.75,-8.25,5363.935546875
-17.25,-8.25,5432.96630859375
-16.75,-8.25,5501.23681640625
-16.25,-8.25,5568.9052734375
-15.75,-8.25,5636.21923828125
-15.25,-8.25,5703.53173828125
-14.75,-8.25,5771.2587890625
-14.25,-8.25,5839.857421875
-13.75,-8.25,5909.7783203125
-13.25,-8.25,5981.41650390625
-12.75,-8.25,6055.103515625
-12.25,-8.25,6131.05029296875
-11.75,-8.25,6209.3701171875
-11.25,-8.25,6290.0693359375
-10.75,-8.25,6373.06884765625
-10.25,-8.25,6458.23974609375
-9.75,-8.25,6545.4326171875
-9.25,-8.25,6634.50244140625
-8.75,-8.25,6725.34912109375
-8.25,-8.25,6817.92236328125
-7.75,-8.25,6912.24609375
-7.25,-8.25,7008.4052734375
-6.75,-8.25,7106.5537109375
-6.25,-8.25,7206.896484375
-5.75,-8.25,7309.689453125
-5.25,-8.25,7415.2255859375
-4.75,-8.25,7523.83251953125
-4.25,-8.25,7635.8642578125
-3.75,-8.25,7751.68994140625
-3.25,-8.25,7871.67578125
-2.75,-8.25,7996.171875
-2.25,-8.25,8125.490234375
-1.75,-8.25,8259.884765625
-1.25,-8.25,8399.5322265625
-0.75,-8.25,8544.537109375
-0.25,-8.25,8694.921875
0.25,-8.25,8850.6748046875
0.75,-8.25,9011.7763671875
1.25,-8.25,9178.2421875
1.75,-8.25,9350.1826171875
2.25,-8.25,9527.81640625
2.75,-8.25,9711.4970703125
3.25,-8.25,9901.6787109375
3.75,-8.25,10098.876953125
4.25,-8.25,10303.5849609375
4.75,-8.25,10516.19140625
5.25,-8.25,10736.833984375
5.75,-8.25,10965.3642578125
6.25,-8.25,11201.2158203125
6.75,-8.25,11443.4052734375
7.25,-8.25,11690.51171875
7.75,-8.25,11940.7001953125
8.25,-8.25,12191.8203125
8.75,-8.25,12441.4697265625
9.25,-8.25,12687.091796875
9.75,-8.25,12926.11328125
10.25,-8.25,13155.9921875
10.75,-8.25,13374.3037109375
11.25,-8.25,13578.80078125
11.75,-8.25,13767.4091796875
12.25,-8.25,13938.2451171875
12.75,-8.25,14089.6123046875
13.25,-8.25,14219.953125
13.75,-8.25,14327.8740234375
14.25,-8.25,14412.0673828125
14.75,-8.25,14471.330078125
15.25,-8.25,14504.5322265625
15.75,-8.25,14510.6083984375
16.25,-8.25,14488.55078125
16.75,-8.25,14437.44921875
17.25,-8.25,14356.44140625
17.75,-8.25,14244.7822265625
18.25,-8.25,14101.9208984375
18.75,-8.25,13927.5087890625
19.25,-8.25,13721.4794921875
19.75,-8.25,13484.1396484375
20.25,-8.25,13216.208984375
20.75,-8.25,12918.865234375
21.25,-8.25,12593.7763671875
21.75,-8.25,12243.0732421875
22.25,-8.25,11869.349609375
22.75,-8.25,11475.544921875
23.25,-8.25,11064.861328125
23.75,-8.25,10640.681640625
24.25,-8.25,10206.45703125
24.75,-8.25,9765.59375
25.25,-8.25,9321.3583984375
25.75,-8.25,8876.8173828125
26.25,-8.25,8434.75390625
26.75,-8.25,7997.6259765625
27.25,-8.25,7567.548828125
27.75,-8.25,7146.2529296875
28.25,-8.25,6735.10595703125
28.75,-8.25,6335.109375
29.25,-8.25,5946.93505859375
29.75,-8.25,5570.95556640625
30.25,-8.25,5207.30224609375
30.75,-8.25,4855.92578125
31.25,-8.25,4516.67138671875
31.75,-8.25,4189.33349609375
32.25,-8.25,3873.73266601562
32.75,-8.25,3569.77685546875
33.25,-8.25,3277.4873046875
33.75,-8.25,2997.03442382812
34.25,-8.25,2728.724609375
34.75,-8.25,2472.98413085937
35.25,-8.25,2230.31762695312
35.75,-8.25,2001.26013183593
36.25,-8.25,1786.32055664062
36.75,-8.25,1585.91125488281
37.25,-8.25,1400.31396484375
37.75,-8.25,1229.64526367187
38.25,-8.25,1073.83288574218
38.75,-8.25,932.614807128906
39.25,-8.25,805.548522949218
39.75,-8.25,692.037231445312
40.25,-8.25,591.343078613281
40.75,-8.25,502.632141113281
41.25,-8.25,425.004180908203
41.75,-8.25,357.518341064453
42.25,-8.25,299.21743774414
42.75,-8.25,249.153167724609
43.25,-8.25,206.393325805664
43.75,-8.25,170.03857421875
44.25,-8.25,139.265487670898
44.75,-8.25,113.354034423828
-44.75,-7.75,91.319465637207
-44.25,-7.75,102.236686706542
-43.75,-7.75,114.820259094238
-43.25,-7.75,129.817230224609
-42.75,-7.75,147.961853027343
-42.25,-7.75,169.991638183593
-41.75,-7.75,196.732177734375
-41.25,-7.75,229.104171752929
-40.75,-7.75,268.106781005859
-40.25,-7.75,314.788818359375
-39.75,-7.75,370.210662841796
-39.25,-7.75,435.383422851562
-38.75,-7.75,511.210235595703
-38.25,-7.75,598.418823242187
-37.75,-7.75,697.488342285156
-37.25,-7.75,808.590881347656
-36.75,-7.75,931.558288574218
-36.25,-7.75,1065.8505859375
-35.75,-7.75,1210.56713867187
-35.25,-7.75,1364.47424316406
-34.75,-7.75,1526.06176757812
-34.25,-7.75,1693.619140625
-33.75,-7.75,1865.32336425781
-33.25,-7.75,2039.32507324218
-32.75,-7.75,2213.85009765625
-32.25,-7.75,2387.267578125
-31.75,-7.75,2558.15454101562
-31.25,-7.75,2725.32934570312
-30.75,-7.75,2887.86694335937
-30.25,-7.75,3045.09497070312
-29.75,-7.75,3196.56420898437
-29.25,-7.75,3342.01635742187
-28.75,-7.75,3481.34106445312
-28.25,-7.75,3614.53735351562
-27.75,-7.75,3741.68774414062
-27.25,-7.75,3862.92431640625
-26.75,-7.75,3978.42309570312
-26.25,-7.75,4088.39965820312
-25.75,-7.75,4193.1083984375
-25.25,-7.75,4292.85791015625
-24.75,-7.75,4388.00732421875
-24.25,-7.75,4478.9736328125
-23.75,-7.75,4566.224609375
-23.25,-7.75,4650.25927734375
-22.75,-7.75,4731.59619140625
-22.25,-7.75,4810.74072265625
-21.75,-7.75,4888.154296875
-21.25,-7.75,4964.23974609375
-20.75,-7.75,5039.30419921875
-20.25,-7.75,5113.5654296875
-19.75,-7.75,5187.13818359375
-19.25,-7.75,5260.0517578125
-18.75,-7.75,5332.27490234375
-18.25,-7.75,5403.7431640625
-17.75,-7.75,5474.40576171875
-17.25,-7.75,5544.244140625
-16.75,-7.75,5613.3193359375
-16.25,-7.75,5681.78369140625
-15.75,-7.75,5749.89697265625
-15.25,-7.75,5818.005859375
-14.75,-7.75,5886.52880859375
-14.25,-7.75,5955.92529296875
-13.75,-7.75,6026.64453125
-13.25,-7.75,6099.099609375
-12.75,-7.75,6173.6171875
-12.25,-7.75,6250.42333984375
-11.75,-7.75,6329.63232421875
-11.25,-7.75,6411.25048828125
-10.75,-7.75,6495.19873046875
-10.25,-7.75,6581.3369140625
-9.75,-7.75,6669.5048828125
-9.25,-7.75,6759.556640625
-8.75,-7.75,6851.3828125
-8.25,-7.75,6944.94677734375
-7.75,-7.75,7040.2822265625
-7.25,-7.75,7137.49853515625
-6.75,-7.75,7236.779296875
-6.25,-7.75,7338.36962890625
-5.75,-7.75,7442.56298828125
-5.25,-7.75,7549.6875
-4.75,-7.75,7660.1064453125
-4.25,-7.75,7774.1923828125
-3.75,-7.75,7892.34130859375
-3.25,-7.75,8014.92529296875
-2.75,-7.75,8142.31396484375
-2.25,-7.75,8274.822265625
-1.75,-7.75,8412.705078125
-1.25,-7.75,8556.134765625
-0.75,-7.75,8705.19921875
-0.25,-7.75,8859.8994140625
0.25,-7.75,9020.1611328125
0.75,-7.75,9185.8896484375
1.25,-7.75,9357.001953125
1.75,-7.75,9533.4736328125
2.25,-7.75,9715.392578125
2.75,-7.75,9902.966796875
3.25,-7.75,10096.5302734375
3.75,-7.75,10296.5087890625
4.25,-7.75,10503.35546875
4.75,-7.75,10717.4658203125
5.25,-7.75,10939.0830078125
5.75,-7.75,11168.197265625
6.25,-7.75,11404.4697265625
6.75,-7.75,11647.16015625
7.25,-7.75,11895.11328125
7.75,-7.75,12146.765625
8.25,-7.75,12400.171875
8.75,-7.75,12653.08984375
9.25,-7.75,12903.033203125
9.75,-7.75,13147.388671875
10.25,-7.75,13383.48046875
10.75,-7.75,13608.646484375
11.25,-7.75,13820.3271484375
11.75,-7.75,14016.0673828125
12.25,-7.75,14193.6015625
12.75,-7.75,14350.8349609375
13.25,-7.75,14485.888671875
13.75,-7.75,14597.0859375
14.25,-7.75,14682.974609375
14.75,-7.75,14742.2919921875
15.25,-7.75,14773.96484375
15.75,-7.75,14777.095703125
16.25,-7.75,14750.9306640625
16.75,-7.75,14694.86328125
17.25,-7.75,14608.37890625
17.75,-7.75,14491.078125
18.25,-7.75,14342.708984375
18.75,-7.75,14163.173828125
19.25,-7.75,13952.59765625
19.75,-7.75,13711.3798828125
20.25,-7.75,13440.23828125
20.75,-7.75,13140.2919921875
21.25,-7.75,12813.0703125
21.75,-7.75,12460.515625
22.25,-7.75,12085
22.75,-7.75,11689.2255859375
23.25,-7.75,11276.1923828125
23.75,-7.75,10849.0830078125
24.25,-7.75,10411.2138671875
24.75,-7.75,9965.8955078125
25.25,-7.75,9516.373046875
25.75,-7.75,9065.7353515625
26.25,-7.75,8616.8388671875
26.75,-7.75,8172.26318359375
27.25,-7.75,7734.25341796875
27.75,-7.75,7304.6875
28.25,-7.75,6885.080078125
28.75,-7.75,6476.55615234375
29.25,-7.75,6079.892578125
29.75,-7.75,5695.5439453125
30.25,-7.75,5323.69580078125
30.75,-7.75,4964.33984375
31.25,-7.75,4617.33984375
31.75,-7.75,4282.5078125
32.25,-7.75,3959.67944335937
32.75,-7.75,3648.7763671875
33.25,-7.75,3349.84252929687
33.75,-7.75,3063.06982421875
34.25,-7.75,2788.79150390625
34.75,-7.75,2527.4560546875
35.25,-7.75,2279.58276367187
35.75,-7.75,2045.71557617187
36.25,-7.75,1826.35961914062
36.75,-7.75,1621.91198730468
37.25,-7.75,1432.63244628906
37.75,-7.75,1258.60461425781
38.25,-7.75,1099.72583007812
38.75,-7.75,955.700988769531
39.25,-7.75,826.058715820312
39.75,-7.75,710.177551269531
40.25,-7.75,607.302368164062
40.75,-7.75,516.585876464843
41.25,-7.75,437.120483398437
41.75,-7.75,367.960296630859
42.25,-7.75,308.144866943359
42.75,-7.75,256.722473144531
43.25,-7.75,212.755889892578
43.75,-7.75,175.339050292968
44.25,-7.75,143.640075683593
44.75,-7.75,116.930213928222
-44.75,-7.25,95.1716995239257
-44.25,-7.25,106.791328430175
-43.75,-7.25,120.188560485839
-43.25,-7.25,136.142913818359
-42.75,-7.25,155.422012329101
-42.25,-7.25,178.79638671875
-41.75,-7.25,207.126647949218
-41.25,-7.25,241.36863708496
-40.75,-7.25,282.554229736328
-40.25,-7.25,331.759490966796
-39.75,-7.25,390.06314086914
-39.25,-7.25,458.482391357421
-38.75,-7.25,537.910827636718
-38.25,-7.25,629.049621582031
-37.75,-7.25,732.332336425781
-37.25,-7.25,847.868530273437
-36.75,-7.25,975.411193847656
-36.25,-7.25,1114.33312988281
-35.75,-7.25,1263.63854980468
-35.25,-7.25,1422.00317382812
-34.75,-7.25,1587.83471679687
-34.25,-7.25,1759.35266113281
-33.75,-7.25,1934.6826171875
-33.25,-7.25,2111.947265625
-32.75,-7.25,2289.35717773437
-32.25,-7.25,2465.2880859375
-31.75,-7.25,2638.33154296875
-31.25,-7.25,2807.3310546875
-30.75,-7.25,2971.38696289062
-30.25,-7.25,3129.85400390625
-29.75,-7.25,3282.30810546875
-29.25,-7.25,3428.51391601562
-28.75,-7.25,3568.38549804687
-28.25,-7.25,3701.95092773437
-27.75,-7.25,3829.32885742187
-27.25,-7.25,3950.6962890625
-26.75,-7.25,4066.28076171875
-26.25,-7.25,4176.35791015625
-25.75,-7.25,4281.24658203125
-25.25,-7.25,4381.31201171875
-24.75,-7.25,4476.96484375
-24.25,-7.25,4568.65478515625
-23.75,-7.25,4656.85888671875
-23.25,-7.25,4742.076171875
-22.75,-7.25,4824.7919921875
-22.25,-7.25,4905.46728515625
-21.75,-7.25,4984.51220703125
-21.25,-7.25,5062.2646484375
-20.75,-7.25,5138.98291015625
-20.25,-7.25,5214.83154296875
-19.75,-7.25,5289.896484375
-19.25,-7.25,5364.18115234375
-18.75,-7.25,5437.64892578125
-18.25,-7.25,5510.23779296875
-17.75,-7.25,5581.90283203125
-17.25,-7.25,5652.640625
-16.75,-7.25,5722.53173828125
-16.25,-7.25,5791.7470703125
-15.75,-7.25,5860.560546875
-15.25,-7.25,5929.33984375
-14.75,-7.25,5998.51904296875
-14.25,-7.25,6068.57470703125
-13.75,-7.25,6139.9794921875
-13.25,-7.25,6213.1533203125
-12.75,-7.25,6288.44482421875
-12.25,-7.25,6366.08642578125
-11.75,-7.25,6446.1953125
-11.25,-7.25,6528.7724609375
-10.75,-7.25,6613.73046875
-10.25,-7.25,6700.91455078125
-9.75,-7.25,6790.150390625
-9.25,-7.25,6881.2734375
-8.75,-7.25,6974.1728515625
-8.25,-7.25,7068.8017578125
-7.75,-7.25,7165.21240234375
-7.25,-7.25,7263.5283203125
-6.75,-7.25,7363.9599609375
-6.25,-7.25,7466.78076171875
-5.75,-7.25,7572.31640625
-5.25,-7.25,7680.93017578125
-4.75,-7.25,7793.00146484375
-4.25,-7.25,7908.93115234375
-3.75,-7.25,8029.125
-3.25,-7.25,8153.9697265625
-2.75,-7.25,8283.8427734375
-2.25,-7.25,8419.072265625
-1.75,-7.25,8559.9248046875
-1.25,-7.25,8706.5927734375
-0.75,-7.25,8859.154296875
-0.25,-7.25,9017.6044921875
0.25,-7.25,9181.845703125
0.75,-7.25,9351.7236328125
1.25,-7.25,9527.0693359375
1.75,-7.25,9707.7548828125
2.25,-7.25,9893.724609375
2.75,-7.25,10085.046875
3.25,-7.25,10281.9228515625
3.75,-7.25,10484.6630859375
4.25,-7.25,10693.6533203125
4.75,-7.25,10909.2919921875
5.25,-7.25,11131.880859375
5.75,-7.25,11361.548828125
6.25,-7.25,11598.15625
6.75,-7.25,11841.2158203125
7.25,-7.25,12089.8447265625
7.75,-7.25,12342.75390625
8.25,-7.25,12598.244140625
8.75,-7.25,12854.2314453125
9.25,-7.25,13108.337890625
9.75,-7.25,13357.927734375
10.25,-7.25,13600.20703125
10.75,-7.25,13832.28125
11.25,-7.25,14051.2705078125
11.75,-7.25,14254.3486328125
12.25,-7.25,14438.8193359375
12.75,-7.25,14602.181640625
13.25,-7.25,14742.208984375
13.75,-7.25,14856.9130859375
14.25,-7.25,14944.6552734375
14.75,-7.25,15004.1044921875
15.25,-7.25,15034.224609375
15.75,-7.25,15034.27734375
16.25,-7.25,15003.7763671875
16.75,-7.25,14942.4375
17.25,-7.25,14850.1044921875
17.75,-7.25,14726.759765625
18.25,-7.25,14572.4931640625
18.75,-7.25,14387.5048828125
19.25,-7.25,14172.1357421875
19.75,-7.25,13926.9140625
20.25,-7.25,13652.611328125
20.75,-7.25,13350.2763671875
21.25,-7.25,13021.30078125
21.75,-7.25,12667.4560546875
22.25,-7.25,12290.84375
22.75,-7.25,11893.923828125
23.25,-7.25,11479.4296875
23.75,-7.25,11050.322265625
24.25,-7.25,10609.7119140625
24.75,-7.25,10160.794921875
25.25,-7.25,9706.74609375
25.75,-7.25,9250.6435546875
26.25,-7.25,8795.412109375
26.75,-7.25,8343.73046875
27.25,-7.25,7897.9833984375
27.75,-7.25,7460.2099609375
28.25,-7.25,7032.07958984375
28.75,-7.25,6614.88037109375
29.25,-7.25,6209.509765625
29.75,-7.25,5816.54345703125
30.25,-7.25,5436.2490234375
30.75,-7.25,5068.6787109375
31.25,-7.25,4713.74755859375
31.75,-7.25,4371.296875
32.25,-7.25,4041.18969726562
32.75,-7.25,3723.36962890625
33.25,-7.25,3417.89794921875
33.75,-7.25,3124.9853515625
34.25,-7.25,2844.978515625
34.75,-7.25,2578.33251953125
35.25,-7.25,2325.57080078125
35.75,-7.25,2087.22680664062
36.25,-7.25,1863.78759765625
36.75,-7.25,1655.62426757812
37.25,-7.25,1462.96484375
37.75,-7.25,1285.85778808593
38.25,-7.25,1124.16394042968
38.75,-7.25,977.556518554687
39.25,-7.25,845.535461425781
39.75,-7.25,727.458312988281
40.25,-7.25,622.55419921875
40.75,-7.25,529.966552734375
41.25,-7.25,448.78140258789
41.75,-7.25,378.050384521484
42.25,-7.25,316.810516357421
42.75,-7.25,264.10757446289
43.25,-7.25,219.000167846679
43.75,-7.25,180.575790405273
44.25,-7.25,147.99494934082
44.75,-7.25,120.520675659179
-44.75,-6.75,99.0105438232421
-44.25,-6.75,111.320037841796
-43.75,-6.75,125.51919555664
-43.25,-6.75,142.419998168945
-42.75,-6.75,162.822875976562
-42.25,-6.75,187.53074645996
-41.75,-6.75,217.437759399414
-41.25,-6.75,253.533081054687
-40.75,-6.75,296.878814697265
-40.25,-6.75,348.574890136718
-39.75,-6.75,409.71484375
-39.25,-6.75,481.31802368164
-38.75,-6.75,564.26513671875
-38.25,-6.75,659.227722167968
-37.75,-6.75,766.59228515625
-37.25,-6.75,886.406433105468
-36.75,-6.75,1018.34655761718
-36.25,-6.75,1161.70129394531
-35.75,-6.75,1315.38696289062
-35.25,-6.75,1477.9951171875
-34.75,-6.75,1647.85546875
-34.25,-6.75,1823.12390136718
-33.75,-6.75,2001.87756347656
-33.25,-6.75,2182.20629882812
-32.75,-6.75,2362.30639648437
-32.25,-6.75,2540.55029296875
-31.75,-6.75,2715.53637695312
-31.25,-6.75,2886.11865234375
-30.75,-6.75,3051.416015625
-30.25,-6.75,3210.7978515625
-29.75,-6.75,3363.86279296875
-29.25,-6.75,3510.39819335937
-28.75,-6.75,3650.34814453125
-28.25,-6.75,3783.78369140625
-27.75,-6.75,3910.8720703125
-27.25,-6.75,4031.86059570312
-26.75,-6.75,4147.052734375
-26.25,-6.75,4256.80859375
-25.75,-6.75,4361.52978515625
-25.25,-6.75,4461.65869140625
-24.75,-6.75,4557.67236328125
-24.25,-6.75,4650.05810546875
-23.75,-6.75,4739.31298828125
-23.25,-6.75,4825.91650390625
-22.75,-6.75,4910.3203125
-22.25,-6.75,4992.91943359375
-21.75,-6.75,5074.0537109375
-21.25,-6.75,5153.97900390625
-20.75,-6.75,5232.87451171875
-20.25,-6.75,5310.83544921875
-19.75,-6.75,5387.8896484375
-19.25,-6.75,5464.00244140625
-18.75,-6.75,5539.109375
-18.25,-6.75,5613.140625
-17.75,-6.75,5686.05712890625
-17.25,-6.75,5757.8671875
-16.75,-6.75,5828.6787109375
-16.25,-6.75,5898.68359375
-15.75,-6.75,5968.1845703125
-15.25,-6.75,6037.583984375
-14.75,-6.75,6107.35205078125
-14.25,-6.75,6177.99462890625
-13.75,-6.75,6250.015625
-13.25,-6.75,6323.86279296875
-12.75,-6.75,6399.8994140625
-12.25,-6.75,6478.37158203125
-11.75,-6.75,6559.40185546875
-11.25,-6.75,6642.982421875
-10.75,-6.75,6729.0107421875
-10.25,-6.75,6817.3115234375
-9.75,-6.75,6907.69189453125
-9.25,-6.75,6999.96240234375
-8.75,-6.75,7094.0009765625
-8.25,-6.75,7189.7578125
-7.75,-6.75,7287.2783203125
-7.25,-6.75,7386.703125
-6.75,-6.75,7488.2626953125
-6.25,-6.75,7592.25537109375
-5.75,-6.75,7699.02783203125
-5.25,-6.75,7808.96533203125
-4.75,-6.75,7922.4697265625
-4.25,-6.75,8039.9521484375
-3.75,-6.75,8161.830078125
-3.25,-6.75,8288.5068359375
-2.75,-6.75,8420.3671875
-2.25,-6.75,8557.7607421875
-1.75,-6.75,8700.9716796875
-1.25,-6.75,8850.21484375
-0.75,-6.75,9005.5986328125
-0.25,-6.75,9167.1240234375
0.25,-6.75,9334.6904296875
0.75,-6.75,9508.1171875
1.25,-6.75,9687.1748046875
1.75,-6.75,9871.6376953125
2.25,-6.75,10061.3388671875
2.75,-6.75,10256.2060546875
3.25,-6.75,10456.291015625
3.75,-6.75,10661.796875
4.25,-6.75,10873.01953125
4.75,-6.75,11090.3125
5.25,-6.75,11314.0322265625
5.75,-6.75,11544.4052734375
6.25,-6.75,11781.4697265625
6.75,-6.75,12024.96875
7.25,-6.75,12274.2861328125
7.75,-6.75,12528.392578125
8.25,-6.75,12785.8388671875
8.75,-6.75,13044.7353515625
9.25,-6.75,13302.8095703125
9.75,-6.75,13557.423828125
10.25,-6.75,13805.6923828125
10.75,-6.75,14044.5068359375
11.25,-6.75,14270.6865234375
11.75,-6.75,14481.021484375
12.25,-6.75,14672.41796875
12.75,-6.75,14841.9658203125
13.25,-6.75,14987.04296875
13.75,-6.75,15105.37109375
14.25,-6.75,15195.0888671875
14.75,-6.75,15254.7744140625
15.25,-6.75,15283.427734375
15.75,-6.75,15280.4453125
16.25,-6.75,15245.58984375
16.75,-6.75,15178.896484375
17.25,-6.75,15080.5927734375
17.75,-6.75,14951.033203125
18.25,-6.75,14790.681640625
18.75,-6.75,14600.0517578125
19.25,-6.75,14379.73046875
19.75,-6.75,14130.4130859375
20.25,-6.75,13852.9306640625
20.75,-6.75,13548.3037109375
21.25,-6.75,13217.8095703125
21.75,-6.75,12863.015625
22.25,-6.75,12485.7919921875
22.75,-6.75,12088.3203125
23.25,-6.75,11673.0595703125
23.75,-6.75,11242.69921875
24.25,-6.75,10800.1474609375
24.75,-6.75,10348.42578125
25.25,-6.75,9890.6025390625
25.75,-6.75,9429.740234375
26.25,-6.75,8968.7861328125
26.75,-6.75,8510.5087890625
27.25,-6.75,8057.42236328125
27.75,-6.75,7611.7216796875
28.25,-6.75,7175.2451171875
28.75,-6.75,6749.43896484375
29.25,-6.75,6335.36376953125
29.75,-6.75,5933.71923828125
30.25,-6.75,5544.888671875
30.75,-6.75,5169.00927734375
31.25,-6.75,4806.0654296875
31.75,-6.75,4455.9521484375
32.25,-6.75,4118.5693359375
32.75,-6.75,3793.89135742187
33.25,-6.75,3482.00268554687
33.75,-6.75,3183.12475585937
34.25,-6.75,2897.6123046875
34.75,-6.75,2625.91723632812
35.25,-6.75,2368.55102539062
35.75,-6.75,2126.02465820312
36.25,-6.75,1898.796875
36.75,-6.75,1687.2021484375
37.25,-6.75,1491.42980957031
37.75,-6.75,1311.48706054687
38.25,-6.75,1147.19812011718
38.75,-6.75,998.203918457031
39.25,-6.75,863.978210449218
39.75,-6.75,743.859436035156
40.25,-6.75,637.0634765625
40.75,-6.75,542.726196289062
41.25,-6.75,459.930206298828
41.75,-6.75,387.724822998046
42.25,-6.75,325.145904541015
42.75,-6.75,271.2373046875
43.25,-6.75,225.053665161132
43.75,-6.75,185.676651000976
44.25,-6.75,152.259613037109
44.75,-6.75,124.057983398437
-44.75,-6.25,102.794029235839
-44.25,-6.25,115.762886047363
-43.75,-6.25,130.733032226562
-43.25,-6.25,148.548995971679
-42.75,-6.25,170.043426513671
-42.25,-6.25,196.050918579101
-41.75,-6.25,227.497268676757
-41.25,-6.25,265.402801513671
-40.75,-6.25,310.856750488281
-40.25,-6.25,364.979736328125
-39.75,-6.25,428.876007080078
-39.25,-6.25,503.563293457031
-38.75,-6.25,589.905944824218
-38.25,-6.25,688.543395996093
-37.75,-6.25,799.81494140625
-37.25,-6.25,923.706848144531
-36.75,-6.25,1059.82360839843
-36.25,-6.25,1207.37512207031
-35.75,-6.25,1365.19787597656
-35.25,-6.25,1531.80639648437
-34.75,-6.25,1705.45971679687
-34.25,-6.25,1884.25769042968
-33.75,-6.25,2066.23022460937
-33.25,-6.25,2249.4365234375
-32.75,-6.25,2432.0517578125
-32.25,-6.25,2612.43603515625
-31.75,-6.25,2789.1865234375
-31.25,-6.25,2961.1552734375
-30.75,-6.25,3127.466796875
-30.25,-6.25,3287.50170898437
-29.75,-6.25,3440.8671875
-29.25,-6.25,3587.3779296875
-28.75,-6.25,3727.01123046875
-28.25,-6.25,3859.88818359375
-27.75,-6.25,3986.24755859375
-27.25,-6.25,4106.4130859375
-26.75,-6.25,4220.7890625
-26.25,-6.25,4329.8369140625
-25.75,-6.25,4434.0634765625
-25.25,-6.25,4534.00439453125
-24.75,-6.25,4630.21044921875
-24.25,-6.25,4723.2177734375
-23.75,-6.25,4813.541015625
-23.25,-6.25,4901.64794921875
-22.75,-6.25,4987.9443359375
-22.25,-6.25,5072.75634765625
-21.75,-6.25,5156.3349609375
-21.25,-6.25,5238.8447265625
-20.75,-6.25,5320.36669921875
-20.25,-6.25,5400.90869140625
-19.75,-6.25,5480.42236328125
-19.25,-6.25,5558.81201171875
-18.75,-6.25,5635.974609375
-18.25,-6.25,5711.8203125
-17.75,-6.25,5786.2978515625
-17.25,-6.25,5859.43212890625
-16.75,-6.25,5931.33935546875
-16.25,-6.25,6002.25341796875
-15.75,-6.25,6072.5146484375
-15.25,-6.25,6142.56298828125
-14.75,-6.25,6212.9189453125
-14.25,-6.25,6284.1328125
-13.75,-6.25,6356.7421875
-13.25,-6.25,6431.23681640625
-12.75,-6.25,6508
-12.25,-6.25,6587.29833984375
-11.75,-6.25,6669.24951171875
-11.25,-6.25,6753.8447265625
-10.75,-6.25,6840.962890625
-10.25,-6.25,6930.4091796875
-9.75,-6.25,7021.958984375
-9.25,-6.25,7115.40869140625
-8.75,-6.25,7210.60888671875
-8.25,-6.25,7307.49658203125
-7.75,-6.25,7406.1201171875
-7.25,-6.25,7506.619140625
-6.75,-6.25,7609.23974609375
-6.25,-6.25,7714.2880859375
-5.75,-6.25,7822.1357421875
-5.25,-6.25,7933.18408203125
-4.75,-6.25,8047.845703125
-4.25,-6.25,8166.54443359375
-3.75,-6.25,8289.705078125
-3.25,-6.25,8417.7451171875
-2.75,-6.25,8551.0595703125
-2.25,-6.25,8690.0234375
-1.75,-6.25,8834.9521484375
-1.25,-6.25,8986.0908203125
-0.75,-6.25,9143.5830078125
-0.25,-6.25,9307.4736328125
0.25,-6.25,9477.6708984375
0.75,-6.25,9653.99609375
1.25,-6.25,9836.1787109375
1.75,-6.25,10023.9345703125
2.25,-6.25,10216.99609375
2.75,-6.25,10415.162109375
3.25,-6.25,10618.3603515625
3.75,-6.25,10826.6494140625
4.25,-6.25,11040.236328125
4.75,-6.25,11259.4189453125
5.25,-6.25,11484.5498046875
5.75,-6.25,11715.9296875
6.25,-6.25,11953.728515625
6.75,-6.25,12197.8916015625
7.25,-6.25,12448.0341796875
7.75,-6.25,12703.384765625
8.25,-6.25,12962.7119140625
8.75,-6.25,13224.3349609375
9.25,-6.25,13486.0888671875
9.75,-6.25,13745.3759765625
10.25,-6.25,13999.220703125
10.75,-6.25,14244.353515625
11.25,-6.25,14477.3056640625
11.75,-6.25,14694.5380859375
12.25,-6.25,14892.5712890625
12.75,-6.25,15068.0908203125
13.25,-6.25,15218.0986328125
13.75,-6.25,15340.0361328125
14.25,-6.25,15431.8076171875
14.75,-6.25,15491.884765625
15.25,-6.25,15519.26171875
15.75,-6.25,15513.4736328125
16.25,-6.25,15474.4853515625
16.75,-6.25,15402.6416015625
17.25,-6.25,15298.529296875
17.75,-6.25,15162.865234375
18.25,-6.25,14996.478515625
18.75,-6.25,14800.2109375
19.25,-6.25,14574.9189453125
19.75,-6.25,14321.4599609375
20.25,-6.25,14040.7666015625
20.75,-6.25,13733.8408203125
21.25,-6.25,13401.88671875
21.75,-6.25,13046.2900390625
22.25,-6.25,12668.697265625
22.75,-6.25,12271.01953125
23.25,-6.25,11855.4443359375
23.75,-6.25,11424.3935546875
24.25,-6.25,10980.5419921875
24.75,-6.25,10526.7177734375
25.25,-6.25,10065.8818359375
25.75,-6.25,9601.0166015625
26.25,-6.25,9135.078125
26.75,-6.25,8670.900390625
27.25,-6.25,8211.0966796875
27.75,-6.25,7758.00732421875
28.25,-6.25,7313.61962890625
28.75,-6.25,6879.54736328125
29.25,-6.25,6457.01025390625
29.75,-6.25,6046.84912109375
30.25,-6.25,5649.57763671875
30.75,-6.25,5265.44189453125
31.25,-6.25,4894.5166015625
31.75,-6.25,4536.76904296875
32.25,-6.25,4192.15478515625
32.75,-6.25,3860.6923828125
33.25,-6.25,3542.49462890625
33.75,-6.25,3237.8017578125
34.25,-6.25,2946.96948242187
34.75,-6.25,2670.4404296875
35.25,-6.25,2408.70825195312
35.75,-6.25,2162.24951171875
36.25,-6.25,1931.48547363281
36.75,-6.25,1716.70581054687
37.25,-6.25,1518.05395507812
37.75,-6.25,1335.49475097656
38.25,-6.25,1168.81213378906
38.75,-6.25,1017.61431884765
39.25,-6.25,881.349975585937
39.75,-6.25,759.339904785156
40.25,-6.25,650.787780761718
40.75,-6.25,554.823303222656
41.25,-6.25,470.52587890625
41.75,-6.25,396.943725585937
42.25,-6.25,333.111846923828
42.75,-6.25,278.072601318359
43.25,-6.25,230.87742614746
43.75,-6.25,190.6025390625
44.25,-6.25,156.395095825195
44.75,-6.25,127.503837585449
-44.75,-5.75,106.481483459472
-44.25,-5.75,120.061073303222
-43.75,-5.75,135.751998901367
-43.25,-5.75,154.431427001953
-42.75,-5.75,176.963973999023
-42.25,-5.75,204.214172363281
-41.75,-5.75,237.138458251953
-41.25,-5.75,276.785247802734
-40.75,-5.75,324.268249511718
-40.25,-5.75,380.725036621093
-39.75,-5.75,447.266448974609
-39.25,-5.75,524.90478515625
-38.75,-5.75,614.484802246093
-38.25,-5.75,716.611694335937
-37.75,-5.75,831.578063964843
-37.25,-5.75,959.310729980468
-36.75,-5.75,1099.3466796875
-36.25,-5.75,1250.82458496093
-35.75,-5.75,1412.50854492187
-35.25,-5.75,1582.84582519531
-34.75,-5.75,1760.03540039062
-34.25,-5.75,1942.12426757812
-33.75,-5.75,2127.1025390625
-33.25,-5.75,2312.99609375
-32.75,-5.75,2497.95556640625
-32.25,-5.75,2680.32373046875
-31.75,-5.75,2858.68115234375
-31.25,-5.75,3031.87329101562
-30.75,-5.75,3199.01635742187
-30.25,-5.75,3359.48852539062
-29.75,-5.75,3512.91064453125
-29.25,-5.75,3659.11254882812
-28.75,-5.75,3798.11450195312
-28.25,-5.75,3930.09326171875
-27.75,-5.75,4055.36254882812
-27.25,-5.75,4174.34521484375
-26.75,-5.75,4287.552734375
-26.25,-5.75,4395.5673828125
-25.75,-5.75,4499.0087890625
-25.25,-5.75,4598.51806640625
-24.75,-5.75,4694.7275390625
-24.25,-5.75,4788.2333984375
-23.75,-5.75,4879.5732421875
-23.25,-5.75,4969.20068359375
-22.75,-5.75,5057.4794921875
-22.25,-5.75,5144.669921875
-21.75,-5.75,5230.9287109375
-21.25,-5.75,5316.31494140625
-20.75,-5.75,5400.81201171875
-20.25,-5.75,5484.31787109375
-19.75,-5.75,5566.69921875
-19.25,-5.75,5647.78564453125
-18.75,-5.75,5727.416015625
-18.25,-5.75,5805.4580078125
-17.75,-5.75,5881.84765625
-17.25,-5.75,5956.60400390625
-16.75,-5.75,6029.86376953125
-16.25,-5.75,6101.8857421875
-15.75,-5.75,6173.04638671875
-15.25,-5.75,6243.84423828125
-14.75,-5.75,6314.84228515625
-14.25,-5.75,6386.64599609375
-13.75,-5.75,6459.84619140625
-13.25,-5.75,6534.96630859375
-12.75,-5.75,6612.42724609375
-12.25,-5.75,6692.50732421875
-11.75,-5.75,6775.33740234375
-11.25,-5.75,6860.904296875
-10.75,-5.75,6949.06494140625
-10.25,-5.75,7039.60986328125
-9.75,-5.75,7132.28369140625
-9.25,-5.75,7226.86181640625
-8.75,-5.75,7323.1689453125
-8.25,-5.75,7421.12841796875
-7.75,-5.75,7520.77392578125
-7.25,-5.75,7622.248046875
-6.75,-5.75,7725.79931640625
-6.25,-5.75,7831.744140625
-5.75,-5.75,7940.46435546875
-5.25,-5.75,8052.3662109375
-4.75,-5.75,8167.88232421875
-4.25,-5.75,8287.4404296875
-3.75,-5.75,8411.474609375
-3.25,-5.75,8540.4130859375
-2.75,-5.75,8674.6767578125
-2.25,-5.75,8814.6513671875
-1.75,-5.75,8960.697265625
-1.25,-5.75,9113.099609375
-0.75,-5.75,9272.05078125
-0.25,-5.75,9437.6396484375
0.25,-5.75,9609.8125
0.75,-5.75,9788.4052734375
1.25,-5.75,9973.1455078125
1.75,-5.75,10163.70703125
2.25,-5.75,10359.7451171875
2.75,-5.75,10560.96484375
3.25,-5.75,10767.1630859375
3.75,-5.75,10978.28515625
4.25,-5.75,11194.408203125
4.75,-5.75,11415.759765625
5.25,-5.75,11642.65625
5.75,-5.75,11875.4365234375
6.25,-5.75,12114.353515625
6.75,-5.75,12359.498046875
7.25,-5.75,12610.6865234375
7.75,-5.75,12867.36328125
8.25,-5.75,13128.513671875
8.75,-5.75,13392.6279296875
9.25,-5.75,13657.6728515625
9.75,-5.75,13921.099609375
10.25,-5.75,14179.904296875
10.75,-5.75,14430.658203125
11.25,-5.75,14669.6865234375
11.75,-5.75,14893.1552734375
12.25,-5.75,15097.240234375
12.75,-5.75,15278.275390625
13.25,-5.75,15432.923828125
13.75,-5.75,15558.3251953125
14.25,-5.75,15652.1875
14.75,-5.75,15712.8466796875
15.25,-5.75,15739.28515625
15.75,-5.75,15731.109375
16.25,-5.75,15688.4775390625
16.75,-5.75,15611.9970703125
17.25,-5.75,15502.5419921875
17.75,-5.75,15361.1982421875
18.25,-5.75,15189.115234375
18.75,-5.75,14987.4384765625
19.25,-5.75,14757.2919921875
19.75,-5.75,14499.7255859375
20.25,-5.75,14215.7724609375
20.75,-5.75,13906.4697265625
21.25,-5.75,13572.9521484375
21.75,-5.75,13216.4755859375
22.25,-5.75,12838.49609375
22.75,-5.75,12440.6982421875
23.25,-5.75,12025.00390625
23.75,-5.75,11593.5986328125
24.25,-5.75,11148.91796875
24.75,-5.75,10693.5966796875
25.25,-5.75,10230.4580078125
25.75,-5.75,9762.3935546875
26.25,-5.75,9292.328125
26.75,-5.75,8823.1162109375
27.25,-5.75,8357.4423828125
27.75,-5.75,7897.75
28.25,-5.75,7446.16259765625
28.75,-5.75,7004.42822265625
29.25,-5.75,6573.92333984375
29.75,-5.75,6155.6318359375
30.25,-5.75,5750.20458984375
30.75,-5.75,5358.01513671875
31.25,-5.75,4979.24658203125
31.75,-5.75,4613.9619140625
32.25,-5.75,4262.19677734375
32.75,-5.75,3924.02807617187
33.25,-5.75,3599.61352539062
33.75,-5.75,3289.21704101562
34.25,-5.75,2993.20458984375
34.75,-5.75,2712.00854492187
35.25,-5.75,2446.0947265625
35.75,-5.75,2195.90600585937
36.25,-5.75,1961.81750488281
36.75,-5.75,1744.06921386718
37.25,-5.75,1542.75183105468
37.75,-5.75,1357.78344726562
38.25,-5.75,1188.90661621093
38.75,-5.75,1035.69396972656
39.25,-5.75,897.567932128906
39.75,-5.75,773.830200195312
40.25,-5.75,663.672729492187
40.75,-5.75,566.217895507812
41.25,-5.75,480.54150390625
41.75,-5.75,405.690673828125
42.25,-5.75,340.699737548828
42.75,-5.75,284.609710693359
43.25,-5.75,236.469802856445
43.75,-5.75,195.35237121582
44.25,-5.75,160.399383544921
44.75,-5.75,130.8544921875
-44.75,-5.25,110.01683807373
-44.25,-5.25,124.141906738281
-43.75,-5.25,140.485931396484
-43.25,-5.25,159.958511352539
-42.75,-5.25,183.455612182617
-42.25,-5.25,211.87092590332
-41.75,-5.25,246.189208984375
-41.25,-5.25,287.485382080078
-40.75,-5.25,336.893920898437
-40.25,-5.25,395.565856933593
-39.75,-5.25,464.615264892578
-39.25,-5.25,545.044921875
-38.75,-5.25,637.676940917968
-38.25,-5.25,743.081481933593
-37.75,-5.25,861.503295898437
-37.25,-5.25,992.812194824218
-36.75,-5.25,1136.48388671875
-36.25,-5.25,1291.59155273437
-35.75,-5.25,1456.83715820312
-35.25,-5.25,1630.60852050781
-34.75,-5.25,1811.05493164062
-34.25,-5.25,1996.17700195312
-33.75,-5.25,2183.92846679687
-33.25,-5.25,2372.30395507812
-32.75,-5.25,2559.42797851562
-32.25,-5.25,2743.6181640625
-31.75,-5.25,2923.43334960937
-31.25,-5.25,3097.70092773437
-30.75,-5.25,3265.5185546875
-30.25,-5.25,3426.25952148437
-29.75,-5.25,3579.544921875
-29.25,-5.25,3725.22875976562
-28.75,-5.25,3863.365234375
-28.25,-5.25,3994.1943359375
-27.75,-5.25,4118.1123046875
-27.25,-5.25,4235.64599609375
-26.75,-5.25,4347.42236328125
-26.25,-5.25,4454.14794921875
-25.75,-5.25,4556.564453125
-25.25,-5.25,4655.42236328125
-24.75,-5.25,4751.4453125
-24.25,-5.25,4845.29052734375
-23.75,-5.25,4937.52490234375
-23.25,-5.25,5028.599609375
-22.75,-5.25,5118.8369140625
-22.25,-5.25,5208.43896484375
-21.75,-5.25,5297.470703125
-21.25,-5.25,5385.89697265625
-20.75,-5.25,5473.5859375
-20.25,-5.25,5560.333984375
-19.75,-5.25,5645.90283203125
-19.25,-5.25,5730.03759765625
-18.75,-5.25,5812.50390625
-18.25,-5.25,5893.11669921875
-17.75,-5.25,5971.771484375
-17.25,-5.25,6048.47802734375
-16.75,-5.25,6123.37939453125
-16.25,-5.25,6196.7529296875
-15.75,-5.25,6269.013671875
-15.25,-5.25,6340.705078125
-14.75,-5.25,6412.44775390625
-14.25,-5.25,6484.896484375
-13.75,-5.25,6558.69775390625
-13.25,-5.25,6634.42138671875
-12.75,-5.25,6712.521484375
-12.25,-5.25,6793.30322265625
-11.75,-5.25,6876.90869140625
-11.25,-5.25,6963.32470703125
-10.75,-5.25,7052.3974609375
-10.25,-5.25,7143.9013671875
-9.75,-5.25,7237.56103515625
-9.25,-5.25,7333.1240234375
-8.75,-5.25,7430.39111328125
-8.25,-5.25,7529.27294921875
-7.75,-5.25,7629.78564453125
-7.25,-5.25,7732.06591796875
-6.75,-5.25,7836.35693359375
-6.25,-5.25,7942.98095703125
-5.75,-5.25,8052.326171875
-5.25,-5.25,8164.80810546875
-4.75,-5.25,8280.8642578125
-4.25,-5.25,8400.93359375
-3.75,-5.25,8525.4658203125
-3.25,-5.25,8654.896484375
-2.75,-5.25,8789.6630859375
-2.25,-5.25,8930.19140625
-1.75,-5.25,9076.86328125
-1.25,-5.25,9230.015625
-0.75,-5.25,9389.890625
-0.25,-5.25,9556.6259765625
0.25,-5.25,9730.22265625
0.75,-5.25,9910.55078125
1.25,-5.25,10097.3525390625
1.75,-5.25,10290.2861328125
2.25,-5.25,10488.9619140625
2.75,-5.25,10692.9990234375
3.25,-5.25,10902.1064453125
3.75,-5.25,11116.087890625
4.25,-5.25,11334.9267578125
4.75,-5.25,11558.7421875
5.25,-5.25,11787.7880859375
5.75,-5.25,12022.3828125
6.25,-5.25,12262.8330078125
6.75,-5.25,12509.3125
7.25,-5.25,12761.7900390625
7.75,-5.25,13019.8759765625
8.25,-5.25,13282.736328125
8.75,-5.25,13549.0400390625
9.25,-5.25,13816.87890625
9.75,-5.25,14083.7734375
10.25,-5.25,14346.6982421875
10.75,-5.25,14602.1728515625
11.25,-5.25,14846.3369140625
11.75,-5.25,15075.1279296875
12.25,-5.25,15284.447265625
12.75,-5.25,15470.3388671875
13.25,-5.25,15629.169921875
13.75,-5.25,15757.8203125
14.25,-5.25,15853.7841796875
14.75,-5.25,15915.2783203125
15.25,-5.25,15941.23828125
15.75,-5.25,15931.306640625
16.25,-5.25,15885.7744140625
16.75,-5.25,15805.4443359375
17.25,-5.25,15691.4453125
17.75,-5.25,15545.1318359375
18.25,-5.25,15367.9501953125
18.75,-5.25,15161.3291015625
19.25,-5.25,14926.6171875
19.75,-5.25,14665.056640625
20.25,-5.25,14377.806640625
20.75,-5.25,14065.953125
21.25,-5.25,13730.6220703125
21.75,-5.25,13372.986328125
22.25,-5.25,12994.361328125
22.75,-5.25,12596.2470703125
23.25,-5.25,12180.3701171875
23.75,-5.25,11748.705078125
24.25,-5.25,11303.466796875
24.75,-5.25,10847.1240234375
25.25,-5.25,10382.3291015625
25.75,-5.25,9911.865234375
26.25,-5.25,9438.6005859375
26.75,-5.25,8965.35546875
27.25,-5.25,8494.841796875
27.75,-5.25,8029.560546875
28.25,-5.25,7571.71484375
28.75,-5.25,7123.16845703125
29.25,-5.25,6685.421875
29.75,-5.25,6259.59521484375
30.25,-5.25,5846.4794921875
30.75,-5.25,5446.5830078125
31.25,-5.25,5060.21923828125
31.75,-5.25,4687.56591796875
32.25,-5.25,4328.76416015625
32.75,-5.25,3983.97680664062
33.25,-5.25,3653.4228515625
33.75,-5.25,3337.40454101562
34.25,-5.25,3036.3095703125
34.75,-5.25,2750.56616210937
35.25,-5.25,2480.61401367187
35.75,-5.25,2226.86157226562
36.25,-5.25,1989.63195800781
36.75,-5.25,1769.11108398437
37.25,-5.25,1565.33569335937
37.75,-5.25,1378.17016601562
38.25,-5.25,1207.31103515625
38.75,-5.25,1052.29321289062
39.25,-5.25,912.508117675781
39.75,-5.25,787.235290527343
40.25,-5.25,675.651245117187
40.75,-5.25,576.869018554687
41.25,-5.25,489.959503173828
41.75,-5.25,413.966857910156
42.25,-5.25,347.924530029296
42.75,-5.25,290.872955322265
43.25,-5.25,241.860427856445
43.75,-5.25,199.95701599121
44.25,-5.25,164.30207824707
44.75,-5.25,134.136322021484
-44.75,-4.75,113.317039489746
-44.25,-4.75,127.909439086914
-43.75,-4.75,144.824798583984
-43.25,-4.75,165.005020141601
-42.75,-4.75,189.376525878906
-42.25,-4.75,218.861145019531
-41.75,-4.75,254.47068786621
-41.25,-4.75,297.30386352539
-40.75,-4.75,348.513885498046
-40.25,-4.75,409.261596679687
-39.75,-4.75,480.660949707031
-39.25,-4.75,563.702270507812
-38.75,-4.75,659.182373046875
-38.25,-4.75,767.634887695312
-37.75,-4.75,889.256713867187
-37.25,-4.75,1023.86376953125
-36.75,-4.75,1170.87316894531
-36.25,-4.75,1329.30053710937
-35.75,-4.75,1497.79235839843
-35.25,-4.75,1674.68701171875
-34.75,-4.75,1858.08984375
-34.25,-4.75,2045.96472167968
-33.75,-4.75,2236.23413085937
-33.25,-4.75,2426.86352539062
-32.75,-4.75,2615.94946289062
-32.25,-4.75,2801.78173828125
-31.75,-4.75,2982.89477539062
-31.25,-4.75,3158.08740234375
-30.75,-4.75,3326.43872070312
-30.25,-4.75,3487.30810546875
-29.75,-4.75,3640.31689453125
-29.25,-4.75,3785.3349609375
-28.75,-4.75,3922.45678710937
-28.25,-4.75,4051.98388671875
-27.75,-4.75,4174.39453125
-27.25,-4.75,4290.3193359375
-26.75,-4.75,4400.501953125
-26.25,-4.75,4505.77197265625
-25.75,-4.75,4606.9921875
-25.25,-4.75,4705.02392578125
-24.75,-4.75,4800.6806640625
-24.25,-4.75,4894.6845703125
-23.75,-4.75,4987.638671875
-23.25,-4.75,5080.00048828125
-22.75,-4.75,5172.06884765625
-22.25,-4.75,5263.98486328125
-21.75,-4.75,5355.7490234375
-21.25,-4.75,5447.2265625
-20.75,-4.75,5538.18408203125
-20.25,-4.75,5628.31396484375
-19.75,-4.75,5717.2705078125
-19.25,-4.75,5804.705078125
-18.75,-4.75,5890.29248046875
-18.25,-4.75,5973.78564453125
-17.75,-4.75,6055.02880859375
-17.25,-4.75,6134.0029296875
-16.75,-4.75,6210.8388671875
-16.25,-4.75,6285.826171875
-15.75,-4.75,6359.4140625
-15.25,-4.75,6432.1767578125
-14.75,-4.75,6504.787109375
-14.25,-4.75,6577.95703125
-13.75,-4.75,6652.37890625
-13.25,-4.75,6728.67431640625
-12.75,-4.75,6807.33447265625
-12.25,-4.75,6888.69384765625
-11.75,-4.75,6972.9130859375
-11.25,-4.75,7059.9833984375
-10.75,-4.75,7149.75732421875
-10.25,-4.75,7241.98828125
-9.75,-4.75,7336.39599609375
-9.25,-4.75,7432.70068359375
-8.75,-4.75,7530.68896484375
-8.25,-4.75,7630.251953125
-7.75,-4.75,7731.3916015625
-7.25,-4.75,7834.23193359375
-6.75,-4.75,7939.0126953125
-6.25,-4.75,8046.05615234375
-5.75,-4.75,8155.74755859375
-5.25,-4.75,8268.51953125
-4.75,-4.75,8384.81640625
-4.25,-4.75,8505.0888671875
-3.75,-4.75,8629.7958984375
-3.25,-4.75,8759.3974609375
-2.75,-4.75,8894.3427734375
-2.25,-4.75,9035.087890625
-1.75,-4.75,9182.0478515625
-1.25,-4.75,9335.5947265625
-0.75,-4.75,9496.021484375
-0.25,-4.75,9663.5234375
0.25,-4.75,9838.15234375
0.75,-4.75,10019.8193359375
1.25,-4.75,10208.3056640625
1.75,-4.75,10403.267578125
2.25,-4.75,10604.2939453125
2.75,-4.75,10810.9619140625
3.25,-4.75,11022.8798828125
3.75,-4.75,11239.765625
4.25,-4.75,11461.4716796875
4.75,-4.75,11688.0146484375
5.25,-4.75,11919.5546875
5.75,-4.75,12156.3623046875
6.25,-4.75,12398.72265625
6.75,-4.75,12646.8662109375
7.25,-4.75,12900.8388671875
7.75,-4.75,13160.373046875
8.25,-4.75,13424.8017578125
8.75,-4.75,13692.9189453125
9.25,-4.75,13962.953125
9.75,-4.75,14232.509765625
10.25,-4.75,14498.6044921875
10.75,-4.75,14757.712890625
11.25,-4.75,15005.892578125
11.75,-4.75,15238.91796875
12.25,-4.75,15452.501953125
12.75,-4.75,15642.44921875
13.25,-4.75,15804.9111328125
13.75,-4.75,15936.5322265625
14.25,-4.75,16034.6220703125
14.75,-4.75,16097.271484375
15.25,-4.75,16123.3408203125
15.75,-4.75,16112.474609375
16.25,-4.75,16065.017578125
16.75,-4.75,15981.89453125
17.25,-4.75,15864.40234375
17.75,-4.75,15714.111328125
18.25,-4.75,15532.6865234375
18.75,-4.75,15321.771484375
19.25,-4.75,15082.919921875
19.75,-4.75,14817.5634765625
20.25,-4.75,14526.9794921875
20.75,-4.75,14212.349609375
21.25,-4.75,13874.8173828125
21.75,-4.75,13515.5458984375
22.25,-4.75,13135.78125
22.75,-4.75,12736.9130859375
23.25,-4.75,12320.5322265625
23.75,-4.75,11888.447265625
24.25,-4.75,11442.71875
24.75,-4.75,10985.6474609375
25.25,-4.75,10519.7236328125
25.75,-4.75,10047.626953125
26.25,-4.75,9572.0927734375
26.75,-4.75,9095.890625
27.25,-4.75,8621.6865234375
27.75,-4.75,8151.978515625
28.25,-4.75,7689.00146484375
28.75,-4.75,7234.68359375
29.25,-4.75,6790.615234375
29.75,-4.75,6358.03125
30.25,-4.75,5937.85302734375
30.75,-4.75,5530.73291015625
31.25,-4.75,5137.126953125
31.75,-4.75,4757.3564453125
32.25,-4.75,4391.689453125
32.75,-4.75,4040.39599609375
33.25,-4.75,3703.78491210937
33.75,-4.75,3382.22265625
34.25,-4.75,3076.12475585937
34.75,-4.75,2785.92846679687
35.25,-4.75,2512.05834960937
35.75,-4.75,2254.884765625
36.25,-4.75,2014.68408203125
36.75,-4.75,1791.58422851562
37.25,-4.75,1585.56201171875
37.75,-4.75,1396.42639160156
38.25,-4.75,1223.82067871093
38.75,-4.75,1067.23620605468
39.25,-4.75,926.027709960937
39.75,-4.75,799.447143554687
40.25,-4.75,686.650756835937
40.75,-4.75,586.736633300781
41.25,-4.75,498.767303466796
41.75,-4.75,421.782684326171
42.25,-4.75,354.81396484375
42.75,-4.75,296.902191162109
43.25,-4.75,247.095748901367
43.75,-4.75,204.465438842773
44.25,-4.75,168.151062011718
44.75,-4.75,137.39338684082
-44.75,-4.25,116.272941589355
-44.25,-4.25,131.246673583984
-43.75,-4.25,148.642837524414
-43.25,-4.25,169.4345703125
-42.75,-4.25,194.578033447265
-42.25,-4.25,225.02212524414
-41.75,-4.25,261.804016113281
-41.25,-4.25,306.044921875
-40.75,-4.25,358.914031982421
-40.25,-4.25,421.58023071289
-39.75,-4.25,495.154663085937
-39.25,-4.25,580.61279296875
-38.75,-4.25,678.724426269531
-38.25,-4.25,789.985107421875
-37.75,-4.25,914.544738769531
-37.25,-4.25,1052.16625976562
-36.75,-4.25,1202.21179199218
-36.25,-4.25,1363.64428710937
-35.75,-4.25,1535.06042480468
-35.25,-4.25,1714.75671386718
-34.75,-4.25,1900.80151367187
-34.25,-4.25,2091.12890625
-33.75,-4.25,2283.63427734375
-33.25,-4.25,2476.25732421875
-32.75,-4.25,2667.07153320312
-32.25,-4.25,2854.33959960937
-31.75,-4.25,3036.56689453125
-31.25,-4.25,3212.52685546875
-30.75,-4.25,3381.275390625
-30.25,-4.25,3542.15600585937
-29.75,-4.25,3694.78930664062
-29.25,-4.25,3839.0625
-28.75,-4.25,3975.10522460937
-28.25,-4.25,4103.275390625
-27.75,-4.25,4224.13427734375
-27.25,-4.25,4338.408203125
-26.75,-4.25,4446.9482421875
-26.25,-4.25,4550.7001953125
-25.75,-4.25,4650.63720703125
-25.25,-4.25,4747.72607421875
-24.75,-4.25,4842.86962890625
-24.25,-4.25,4936.853515625
-23.75,-4.25,5030.322265625
-23.25,-4.25,5123.74951171875
-22.75,-4.25,5217.42236328125
-22.25,-4.25,5311.447265625
-21.75,-4.25,5405.7587890625
-21.25,-4.25,5500.15087890625
-20.75,-4.25,5594.298828125
-20.25,-4.25,5687.79345703125
-19.75,-4.25,5780.18505859375
-19.25,-4.25,5871.025390625
-18.75,-4.25,5959.90234375
-18.25,-4.25,6046.482421875
-17.75,-4.25,6130.552734375
-17.25,-4.25,6212.048828125
-16.75,-4.25,6291.08203125
-16.25,-4.25,6367.9326171875
-15.75,-4.25,6443.06591796875
-15.25,-4.25,6517.08837890625
-14.75,-4.25,6590.708984375
-14.25,-4.25,6664.6845703125
-13.75,-4.25,6739.75732421875
-13.25,-4.25,6816.58935546875
-12.75,-4.25,6895.71484375
-12.25,-4.25,6977.498046875
-11.75,-4.25,7062.12841796875
-11.25,-4.25,7149.60595703125
-10.75,-4.25,7239.79443359375
-10.25,-4.25,7332.451171875
-9.75,-4.25,7427.2822265625
-9.25,-4.25,7524.00048828125
-8.75,-4.25,7622.3857421875
-8.25,-4.25,7722.3076171875
-7.75,-4.25,7823.751953125
-7.25,-4.25,7926.83984375
-6.75,-4.25,8031.80419921875
-6.25,-4.25,8138.96435546875
-5.75,-4.25,8248.7109375
-5.25,-4.25,8361.4853515625
-4.75,-4.25,8477.7470703125
-4.25,-4.25,8597.9599609375
-3.75,-4.25,8722.6044921875
-3.25,-4.25,8852.15234375
-2.75,-4.25,8987.078125
-2.25,-4.25,9127.8515625
-1.75,-4.25,9274.919921875
-1.25,-4.25,9428.685546875
-0.75,-4.25,9589.486328125
-0.25,-4.25,9757.556640625
0.25,-4.25,9933
0.75,-4.25,10115.77734375
1.25,-4.25,10305.703125
1.75,-4.25,10502.466796875
2.25,-4.25,10705.6484375
2.75,-4.25,10914.794921875
3.25,-4.25,11129.4541015625
3.75,-4.25,11349.255859375
4.25,-4.25,11573.94921875
4.75,-4.25,11803.419921875
5.25,-4.25,12037.73046875
5.75,-4.25,12277.052734375
6.25,-4.25,12521.634765625
6.75,-4.25,12771.6904296875
7.25,-4.25,13027.298828125
7.75,-4.25,13288.275390625
8.25,-4.25,13554.048828125
8.75,-4.25,13823.548828125
9.25,-4.25,14095.1220703125
9.75,-4.25,14366.4765625
10.25,-4.25,14634.697265625
10.75,-4.25,14896.2939453125
11.25,-4.25,15147.283203125
11.75,-4.25,15383.3837890625
12.25,-4.25,15600.181640625
12.75,-4.25,15793.3359375
13.25,-4.25,15958.8203125
13.75,-4.25,16093.12890625
14.25,-4.25,16193.4052734375
14.75,-4.25,16257.6044921875
15.25,-4.25,16284.4892578125
15.75,-4.25,16273.6416015625
16.25,-4.25,16225.4140625
16.75,-4.25,16140.7470703125
17.25,-4.25,16021.0458984375
17.75,-4.25,15867.9677734375
18.25,-4.25,15683.328125
18.75,-4.25,15468.935546875
19.25,-4.25,15226.5029296875
19.75,-4.25,14957.59765625
20.25,-4.25,14663.6494140625
20.75,-4.25,14345.9599609375
21.25,-4.25,14005.7353515625
21.75,-4.25,13644.2021484375
22.25,-4.25,13262.603515625
22.75,-4.25,12862.3271484375
23.25,-4.25,12444.87890625
23.75,-4.25,12011.9921875
24.25,-4.25,11565.6142578125
24.75,-4.25,11107.9189453125
25.25,-4.25,10641.2626953125
25.75,-4.25,10168.166015625
26.25,-4.25,9691.25
26.75,-4.25,9213.1455078125
27.25,-4.25,8736.4267578125
27.75,-4.25,8263.51953125
28.25,-4.25,7796.6357421875
28.75,-4.25,7337.70556640625
29.25,-4.25,6888.369140625
29.75,-4.25,6449.94482421875
30.25,-4.25,6023.47265625
30.75,-4.25,5609.744140625
31.25,-4.25,5209.36865234375
31.75,-4.25,4822.830078125
32.25,-4.25,4450.54638671875
32.75,-4.25,4092.92626953125
33.25,-4.25,3750.38720703125
33.75,-4.25,3423.38232421875
34.25,-4.25,3112.37890625
34.75,-4.25,2817.83447265625
35.25,-4.25,2540.16748046875
35.75,-4.25,2279.72045898437
36.25,-4.25,2036.72106933593
36.75,-4.25,1811.24255371093
37.25,-4.25,1603.19909667968
37.75,-4.25,1412.33801269531
38.25,-4.25,1238.24609375
38.75,-4.25,1080.36169433593
39.25,-4.25,937.997497558593
39.75,-4.25,810.369506835937
40.25,-4.25,696.605407714843
40.75,-4.25,595.784301757812
41.25,-4.25,506.954772949218
41.75,-4.25,429.148864746093
42.25,-4.25,361.395446777343
42.75,-4.25,302.735870361328
43.25,-4.25,252.221466064453
43.75,-4.25,208.926376342773
44.25,-4.25,171.99446105957
44.75,-4.25,140.671020507812
-44.75,-3.75,118.76333618164
-44.25,-3.75,134.030853271484
-43.75,-3.75,151.81428527832
-43.25,-3.75,173.116424560546
-42.75,-3.75,198.921524047851
-42.25,-3.75,230.204498291015
-41.75,-3.75,268.026824951171
-41.25,-3.75,313.530578613281
-40.75,-3.75,367.900115966796
-40.25,-3.75,432.310729980468
-39.75,-3.75,507.869323730468
-39.25,-3.75,595.535217285156
-38.75,-3.75,696.05078125
-38.25,-3.75,809.872375488281
-37.75,-3.75,937.10302734375
-37.25,-3.75,1077.4541015625
-36.75,-3.75,1230.23486328125
-36.25,-3.75,1394.357421875
-35.75,-3.75,1568.37451171875
-35.25,-3.75,1750.54333496093
-34.75,-3.75,1938.9033203125
-34.25,-3.75,2131.36254882812
-33.75,-3.75,2325.794921875
-33.25,-3.75,2520.123046875
-32.75,-3.75,2712.39672851562
-32.25,-3.75,2900.8603515625
-31.75,-3.75,3083.99340820312
-31.25,-3.75,3260.54736328125
-30.75,-3.75,3429.55737304687
-30.25,-3.75,3590.3544921875
-29.75,-3.75,3742.55981445312
-29.25,-3.75,3886.07495117187
-28.75,-3.75,4021.06176757812
-28.25,-3.75,4147.9296875
-27.75,-3.75,4267.3125
-27.25,-3.75,4380.01416015625
-26.75,-3.75,4486.984375
-26.25,-3.75,4589.26953125
-25.75,-3.75,4687.9375
-25.25,-3.75,4784.048828125
-24.75,-3.75,4878.5810546875
-24.25,-3.75,4972.38720703125
-23.75,-3.75,5066.1591796875
-23.25,-3.75,5160.390625
-22.75,-3.75,5255.3740234375
-22.25,-3.75,5351.19384765625
-21.75,-3.75,5447.7509765625
-21.25,-3.75,5544.77734375
-20.75,-3.75,5641.8701171875
-20.25,-3.75,5738.54150390625
-19.75,-3.75,5834.24267578125
-19.25,-3.75,5928.431640625
-18.75,-3.75,6020.60107421875
-18.25,-3.75,6110.3369140625
-17.75,-3.75,6197.34912109375
-17.25,-3.75,6281.5234375
-16.75,-3.75,6362.931640625
-16.25,-3.75,6441.84130859375
-15.75,-3.75,6518.7119140625
-15.25,-3.75,6594.16552734375
-14.75,-3.75,6668.9365234375
-14.25,-3.75,6743.8134765625
-13.75,-3.75,6819.5732421875
-13.25,-3.75,6896.91845703125
-12.75,-3.75,6976.41455078125
-12.25,-3.75,7058.4638671875
-11.75,-3.75,7143.27685546875
-11.25,-3.75,7230.88720703125
-10.75,-3.75,7321.16943359375
-10.25,-3.75,7413.89404296875
-9.75,-3.75,7508.77587890625
-9.25,-3.75,7605.525390625
-8.75,-3.75,7703.9150390625
-8.25,-3.75,7803.8056640625
-7.75,-3.75,7905.18701171875
-7.25,-3.75,8008.1611328125
-6.75,-3.75,8112.9599609375
-6.25,-3.75,8219.9111328125
-5.75,-3.75,8329.4130859375
-5.25,-3.75,8441.9208984375
-4.75,-3.75,8557.90625
-4.25,-3.75,8677.861328125
-3.75,-3.75,8802.279296875
-3.25,-3.75,8931.6552734375
-2.75,-3.75,9066.48046875
-2.25,-3.75,9207.23828125
-1.75,-3.75,9354.3896484375
-1.25,-3.75,9508.369140625
-0.75,-3.75,9669.533203125
-0.25,-3.75,9838.150390625
0.25,-3.75,10014.3623046875
0.75,-3.75,10198.1767578125
1.25,-3.75,10389.447265625
1.75,-3.75,10587.8916015625
2.25,-3.75,10793.1083984375
2.75,-3.75,11004.63671875
3.25,-3.75,11221.9716796875
3.75,-3.75,11444.6845703125
4.25,-3.75,11672.40625
4.75,-3.75,11904.93359375
5.25,-3.75,12142.1865234375
5.75,-3.75,12384.236328125
6.25,-3.75,12631.234375
6.75,-3.75,12883.3466796875
7.25,-3.75,13140.650390625
7.75,-3.75,13402.974609375
8.25,-3.75,13669.8359375
8.75,-3.75,13940.2607421875
9.25,-3.75,14212.6953125
9.75,-3.75,14484.986328125
10.25,-3.75,14754.3046875
10.75,-3.75,15017.236328125
11.25,-3.75,15269.8515625
11.75,-3.75,15507.873046875
12.25,-3.75,15726.8408203125
12.75,-3.75,15922.357421875
13.25,-3.75,16090.3017578125
13.75,-3.75,16227.0361328125
14.25,-3.75,16329.595703125
14.75,-3.75,16395.78125
15.25,-3.75,16424.255859375
15.75,-3.75,16414.48828125
16.25,-3.75,16366.7431640625
16.75,-3.75,16281.916015625
17.25,-3.75,16161.3955078125
17.75,-3.75,16006.853515625
18.25,-3.75,15820.1640625
18.75,-3.75,15603.201171875
19.25,-3.75,15357.8095703125
19.75,-3.75,15085.6689453125
20.25,-3.75,14788.3505859375
20.75,-3.75,14467.2802734375
21.25,-3.75,14123.8134765625
21.75,-3.75,13759.2783203125
22.25,-3.75,13375.0283203125
22.75,-3.75,12972.494140625
23.25,-3.75,12553.228515625
23.75,-3.75,12118.9560546875
24.25,-3.75,11671.5751953125
24.75,-3.75,11213.1591796875
25.25,-3.75,10745.962890625
25.75,-3.75,10272.3564453125
26.25,-3.75,9794.787109375
26.75,-3.75,9315.732421875
27.25,-3.75,8837.6064453125
27.75,-3.75,8362.70703125
28.25,-3.75,7893.14306640625
28.75,-3.75,7430.8046875
29.25,-3.75,6977.3251953125
29.75,-3.75,6534.076171875
30.25,-3.75,6102.1904296875
30.75,-3.75,5682.59423828125
31.25,-3.75,5276.05419921875
31.75,-3.75,4883.2236328125
32.25,-3.75,4504.69384765625
32.75,-3.75,4141.0283203125
33.25,-3.75,3792.78491210937
33.75,-3.75,3460.515625
34.25,-3.75,3144.76391601562
34.75,-3.75,2846.02197265625
35.25,-3.75,2564.71533203125
35.75,-3.75,2301.16625976562
36.25,-3.75,2055.5625
36.75,-3.75,1827.92236328125
37.25,-3.75,1618.09838867187
37.75,-3.75,1425.77331542968
38.25,-3.75,1250.470703125
38.75,-3.75,1091.572265625
39.25,-3.75,948.338806152343
39.75,-3.75,819.941345214843
40.25,-3.75,705.473449707031
40.75,-3.75,603.986938476562
41.25,-3.75,514.511535644531
41.75,-3.75,436.068359375
42.25,-3.75,367.682189941406
42.75,-3.75,308.395385742187
43.25,-3.75,257.264068603515
43.75,-3.75,213.369033813476
44.25,-3.75,175.862319946289
44.75,-3.75,143.997985839843
-44.75,-3.25,120.67667388916
-44.25,-3.25,136.154983520507
-43.75,-3.25,154.234817504882
-43.25,-3.25,175.946014404296
-42.75,-3.25,202.29881286621
-42.25,-3.25,234.292816162109
-41.75,-3.25,273.012786865234
-41.25,-3.25,319.620849609375
-40.75,-3.25,375.3154296875
-40.25,-3.25,441.278198242187
-39.75,-3.25,518.61181640625
-39.25,-3.25,608.259826660156
-38.75,-3.25,710.9365234375
-38.25,-3.25,827.060363769531
-37.75,-3.25,956.68798828125
-37.25,-3.25,1099.47961425781
-36.75,-3.25,1254.69213867187
-36.25,-3.25,1421.18920898437
-35.75,-3.25,1597.47998046875
-35.25,-3.25,1781.787109375
-34.75,-3.25,1972.12109375
-34.25,-3.25,2166.37231445312
-33.75,-3.25,2362.39819335937
-33.25,-3.25,2558.10888671875
-32.75,-3.25,2751.544921875
-32.25,-3.25,2940.93408203125
-31.75,-3.25,3124.74145507812
-31.25,-3.25,3301.7060546875
-30.75,-3.25,3470.85009765625
-30.25,-3.25,3631.49560546875
-29.75,-3.25,3783.26831054687
-29.25,-3.25,3926.07934570312
-28.75,-3.25,4060.12377929687
-28.25,-3.25,4185.8505859375
-27.75,-3.25,4303.947265625
-27.25,-3.25,4415.28466796875
-26.75,-3.25,4520.8876953125
-26.25,-3.25,4621.873046875
-25.75,-3.25,4719.39404296875
-25.25,-3.25,4814.5810546875
-24.75,-3.25,4908.4765625
-24.25,-3.25,5001.99609375
-23.75,-3.25,5095.86962890625
-23.25,-3.25,5190.63134765625
-22.75,-3.25,5286.58642578125
-22.25,-3.25,5383.81982421875
-21.75,-3.25,5482.2138671875
-21.25,-3.25,5581.46240234375
-20.75,-3.25,5681.111328125
-20.25,-3.25,5780.6005859375
-19.75,-3.25,5879.30615234375
-19.25,-3.25,5976.59765625
-18.75,-3.25,6071.88134765625
-18.25,-3.25,6164.65625
-17.75,-3.25,6254.5712890625
-17.25,-3.25,6341.44287109375
-16.75,-3.25,6425.294921875
-16.25,-3.25,6506.3701171875
-15.75,-3.25,6585.11083984375
-15.25,-3.25,6662.13037109375
-14.75,-3.25,6738.17626953125
-14.25,-3.25,6814.04833984375
-13.75,-3.25,6890.544921875
-13.25,-3.25,6968.39501953125
-12.75,-3.25,7048.1904296875
-12.25,-3.25,7130.36181640625
-11.75,-3.25,7215.15087890625
-11.25,-3.25,7302.6201171875
-10.75,-3.25,7392.673828125
-10.25,-3.25,7485.1015625
-9.75,-3.25,7579.63525390625
-9.25,-3.25,7676.00146484375
-8.75,-3.25,7773.978515625
-8.25,-3.25,7873.43017578125
-7.75,-3.25,7974.34033203125
-7.25,-3.25,8076.82080078125
-6.75,-3.25,8181.10009765625
-6.25,-3.25,8287.5205078125
-5.75,-3.25,8396.4931640625
-5.25,-3.25,8508.486328125
-4.75,-3.25,8624.0029296875
-4.25,-3.25,8743.5556640625
-3.75,-3.25,8867.6640625
-3.25,-3.25,8996.837890625
-2.75,-3.25,9131.5849609375
-2.25,-3.25,9272.3955078125
-1.75,-3.25,9419.7373046875
-1.25,-3.25,9574.0517578125
-0.75,-3.25,9735.7021484375
-0.25,-3.25,9904.978515625
0.25,-3.25,10082.048828125
0.75,-3.25,10266.9501953125
1.25,-3.25,10459.58203125
1.75,-3.25,10659.693359375
2.25,-3.25,10866.900390625
2.75,-3.25,11080.740234375
3.25,-3.25,11300.6982421875
3.75,-3.25,11526.2744140625
4.25,-3.25,11757.0224609375
4.75,-3.25,11992.6259765625
5.25,-3.25,12232.880859375
5.75,-3.25,12477.736328125
6.25,-3.25,12727.23046875
6.75,-3.25,12981.4384765625
7.25,-3.25,13240.392578125
7.75,-3.25,13503.9296875
8.25,-3.25,13771.5810546875
8.75,-3.25,14042.4599609375
9.25,-3.25,14315.1337890625
9.75,-3.25,14587.5419921875
10.25,-3.25,14857.005859375
10.75,-3.25,15120.2236328125
11.25,-3.25,15373.3720703125
11.75,-3.25,15612.2421875
12.25,-3.25,15832.42578125
12.75,-3.25,16029.541015625
13.25,-3.25,16199.421875
13.75,-3.25,16338.3779296875
14.25,-3.25,16443.33984375
14.75,-3.25,16511.99609375
15.25,-3.25,16542.849609375
15.75,-3.25,16535.228515625
16.25,-3.25,16489.25390625
16.75,-3.25,16405.67578125
17.25,-3.25,16285.7626953125
17.75,-3.25,16131.1259765625
18.25,-3.25,15943.5771484375
18.75,-3.25,15725.0224609375
19.25,-3.25,15477.328125
19.75,-3.25,15202.2939453125
20.25,-3.25,14901.5986328125
20.75,-3.25,14576.845703125
21.25,-3.25,14229.5625
21.75,-3.25,13861.255859375
22.25,-3.25,13473.453125
22.75,-3.25,13067.7421875
23.25,-3.25,12645.794921875
23.75,-3.25,12209.3916015625
24.25,-3.25,11760.4658203125
24.75,-3.25,11301.0517578125
25.25,-3.25,10833.302734375
25.75,-3.25,10359.4521484375
26.25,-3.25,9881.7685546875
26.75,-3.25,9402.5283203125
27.25,-3.25,8923.943359375
27.75,-3.25,8448.125
28.25,-3.25,7977.03466796875
28.75,-3.25,7512.4521484375
29.25,-3.25,7055.96435546875
29.75,-3.25,6608.9580078125
30.25,-3.25,6172.62841796875
30.75,-3.25,5748.0224609375
31.25,-3.25,5336.0634765625
31.75,-3.25,4937.5712890625
32.25,-3.25,4553.32275390625
32.75,-3.25,4184.05029296875
33.25,-3.25,3830.46264648437
33.75,-3.25,3493.23510742187
34.25,-3.25,3172.99731445312
34.75,-3.25,2870.29516601562
35.25,-3.25,2585.57348632812
35.75,-3.25,2319.14477539062
36.25,-3.25,2071.16552734375
36.75,-3.25,1841.60388183593
37.25,-3.25,1630.25354003906
37.75,-3.25,1436.73278808593
38.25,-3.25,1260.49877929687
38.75,-3.25,1100.87084960937
39.25,-3.25,957.051147460937
39.75,-3.25,828.160339355468
40.25,-3.25,713.249267578125
40.75,-3.25,611.336669921875
41.25,-3.25,521.428283691406
41.75,-3.25,442.531280517578
42.25,-3.25,373.664489746093
42.75,-3.25,313.871765136718
43.25,-3.25,262.216064453125
43.75,-3.25,217.78758239746
44.25,-3.25,179.75047302246
44.75,-3.25,147.371826171875
-44.75,-2.75,121.932403564453
-44.25,-2.75,137.547561645507
-43.75,-2.75,155.839874267578
-43.25,-2.75,177.862564086914
-42.75,-2.75,204.649261474609
-42.25,-2.75,237.222183227539
-41.75,-2.75,276.68814086914
-41.25,-2.75,324.228424072265
-40.75,-2.75,381.05615234375
-40.25,-2.75,448.359344482421
-39.75,-2.75,527.237426757812
-39.25,-2.75,618.619750976562
-38.75,-2.75,723.194396972656
-38.25,-2.75,841.343139648437
-37.75,-2.75,973.077392578125
-37.25,-2.75,1118.00646972656
-36.75,-2.75,1275.33605957031
-36.25,-2.75,1443.88024902343
-35.75,-2.75,1622.1064453125
-35.25,-2.75,1808.2021484375
-34.75,-2.75,2000.15502929687
-34.25,-2.75,2195.8369140625
-33.75,-2.75,2393.09838867187
-33.25,-2.75,2589.84716796875
-32.75,-2.75,2784.11962890625
-32.25,-2.75,2974.1435546875
-31.75,-2.75,3158.38427734375
-31.25,-2.75,3335.57495117187
-30.75,-2.75,3504.73779296875
-30.25,-2.75,3665.19897460937
-29.75,-2.75,3816.58276367187
-29.25,-2.75,3958.82153320312
-28.75,-2.75,4092.125
-28.25,-2.75,4216.9755859375
-27.75,-2.75,4334.09130859375
-27.25,-2.75,4444.3916015625
-26.75,-2.75,4548.9462890625
-26.25,-2.75,4648.92041015625
-25.75,-2.75,4745.52294921875
-25.25,-2.75,4839.93017578125
-24.75,-2.75,4933.244140625
-24.25,-2.75,5026.421875
-23.75,-2.75,5120.240234375
-23.25,-2.75,5215.27197265625
-22.75,-2.75,5311.84521484375
-22.25,-2.75,5410.06591796875
-21.75,-2.75,5509.81689453125
-21.25,-2.75,5610.77392578125
-20.75,-2.75,5712.4541015625
-20.25,-2.75,5814.25048828125
-19.75,-2.75,5915.4814453125
-19.25,-2.75,6015.43994140625
-18.75,-2.75,6113.4697265625
-18.25,-2.75,6208.9931640625
-17.75,-2.75,6301.587890625
-17.25,-2.75,6391.01318359375
-16.75,-2.75,6477.2451171875
-16.25,-2.75,6560.48291015625
-15.75,-2.75,6641.13818359375
-15.25,-2.75,6719.80859375
-14.75,-2.75,6797.2216796875
-14.25,-2.75,6874.1748046875
-13.75,-2.75,6951.46630859375
-13.25,-2.75,7029.83203125
-12.75,-2.75,7109.88232421875
-12.25,-2.75,7192.0693359375
-11.75,-2.75,7276.6630859375
-11.25,-2.75,7363.75537109375
-10.75,-2.75,7453.28759765625
-10.25,-2.75,7545.07958984375
-9.75,-2.75,7638.89599609375
-9.25,-2.75,7734.48388671875
-8.75,-2.75,7831.6455078125
-8.25,-2.75,7930.2587890625
-7.75,-2.75,8030.318359375
-7.25,-2.75,8131.94140625
-6.75,-2.75,8235.3720703125
-6.25,-2.75,8340.9638671875
-5.75,-2.75,8449.1552734375
-5.25,-2.75,8560.4404296875
-4.75,-2.75,8675.3505859375
-4.25,-2.75,8794.4208984375
-3.75,-2.75,8918.1982421875
-3.25,-2.75,9047.2099609375
-2.75,-2.75,9181.974609375
-2.25,-2.75,9322.9794921875
-1.75,-2.75,9470.6923828125
-1.25,-2.75,9625.5419921875
-0.75,-2.75,9787.8876953125
-0.25,-2.75,9958.0205078125
0.25,-2.75,10136.119140625
0.75,-2.75,10322.24609375
1.25,-2.75,10516.326171875
1.75,-2.75,10718.1357421875
2.25,-2.75,10927.32421875
2.75,-2.75,11143.4375
3.25,-2.75,11365.94140625
3.75,-2.75,11594.296875
4.25,-2.75,11827.9921875
4.75,-2.75,12066.59765625
5.25,-2.75,12309.8046875
5.75,-2.75,12557.421875
6.25,-2.75,12809.36328125
6.75,-2.75,13065.609375
7.25,-2.75,13326.099609375
7.75,-2.75,13590.6474609375
8.25,-2.75,13858.8017578125
8.75,-2.75,14129.7109375
9.25,-2.75,14402.044921875
9.75,-2.75,14673.8759765625
10.25,-2.75,14942.6640625
10.75,-2.75,15205.2646484375
11.25,-2.75,15458.0029296875
11.75,-2.75,15696.8125
12.25,-2.75,15917.400390625
12.75,-2.75,16115.443359375
13.25,-2.75,16286.833984375
13.75,-2.75,16427.8515625
14.25,-2.75,16535.359375
14.75,-2.75,16606.94140625
15.25,-2.75,16640.93359375
15.75,-2.75,16636.48046875
16.25,-2.75,16593.48828125
16.75,-2.75,16512.494140625
17.25,-2.75,16394.560546875
17.75,-2.75,16241.1279296875
18.25,-2.75,16053.892578125
18.75,-2.75,15834.6787109375
19.25,-2.75,15585.357421875
19.75,-2.75,15307.77734375
20.25,-2.75,15003.7548828125
20.75,-2.75,14675.05078125
21.25,-2.75,14323.4208984375
21.75,-2.75,13950.6025390625
22.25,-2.75,13558.3798828125
22.75,-2.75,13148.5517578125
23.25,-2.75,12723.005859375
23.75,-2.75,12283.6630859375
24.25,-2.75,11832.5322265625
24.75,-2.75,11371.662109375
25.25,-2.75,10903.1494140625
25.75,-2.75,10429.0927734375
26.25,-2.75,9951.5859375
26.75,-2.75,9472.6796875
27.25,-2.75,8994.3564453125
27.75,-2.75,8518.4990234375
28.25,-2.75,8046.87060546875
28.75,-2.75,7581.10546875
29.25,-2.75,7122.69677734375
29.75,-2.75,6673.0078125
30.25,-2.75,6233.27197265625
30.75,-2.75,5804.630859375
31.25,-2.75,5388.14111328125
31.75,-2.75,4984.79638671875
32.25,-2.75,4595.54248046875
32.75,-2.75,4221.29052734375
33.25,-2.75,3862.90502929687
33.75,-2.75,3521.19165039062
34.25,-2.75,3196.87719726562
34.75,-2.75,2890.57397460937
35.25,-2.75,2602.75732421875
35.75,-2.75,2333.74194335937
36.25,-2.75,2083.66259765625
36.75,-2.75,1852.44653320312
37.25,-2.75,1639.83288574218
37.75,-2.75,1445.37890625
38.25,-2.75,1268.47705078125
38.75,-2.75,1108.380859375
39.25,-2.75,964.231201171875
39.75,-2.75,835.09423828125
40.25,-2.75,719.972717285156
40.75,-2.75,617.847229003906
41.25,-2.75,527.697082519531
41.75,-2.75,448.51220703125
42.25,-2.75,379.304321289062
42.75,-2.75,319.119445800781
43.25,-2.75,267.028198242187
43.75,-2.75,222.13279724121
44.25,-2.75,183.6123046875
44.75,-2.75,150.750122070312
-44.75,-2.25,122.494323730468
-44.25,-2.25,138.18391418457
-43.75,-2.25,156.614349365234
-43.25,-2.25,178.857635498046
-42.75,-2.25,205.966918945312
-42.25,-2.25,238.985153198242
-41.75,-2.25,279.039337158203
-41.25,-2.25,327.329132080078
-40.75,-2.25,385.081878662109
-40.25,-2.25,453.493103027343
-39.75,-2.25,533.661437988281
-39.25,-2.25,626.503845214843
-38.75,-2.25,732.685241699218
-38.25,-2.25,852.553100585937
-37.75,-2.25,986.075866699218
-37.25,-2.25,1132.81298828125
-36.75,-2.25,1291.919921875
-36.25,-2.25,1462.16174316406
-35.75,-2.25,1641.96240234375
-35.25,-2.25,1829.47778320312
-34.75,-2.25,2022.66931152343
-34.25,-2.25,2219.40063476562
-33.75,-2.25,2417.5205078125
-33.25,-2.25,2614.94165039062
-32.75,-2.25,2809.7099609375
-32.25,-2.25,3000.0703125
-31.75,-2.25,3184.49877929687
-31.25,-2.25,3361.74462890625
-30.75,-2.25,3530.837890625
-30.25,-2.25,3691.11645507812
-29.75,-2.25,3842.21704101562
-29.25,-2.25,3984.07958984375
-28.75,-2.25,4116.92724609375
-28.25,-2.25,4241.2548828125
-27.75,-2.25,4357.79443359375
-27.25,-2.25,4467.4833984375
-26.75,-2.25,4571.40771484375
-26.25,-2.25,4670.755859375
-25.75,-2.25,4766.7607421875
-25.25,-2.25,4860.62744140625
-24.75,-2.25,4953.48876953125
-24.25,-2.25,5046.34033203125
-23.75,-2.25,5139.99951171875
-23.25,-2.25,5235.07177734375
-22.75,-2.25,5331.9267578125
-22.25,-2.25,5430.69677734375
-21.75,-2.25,5531.28369140625
-21.25,-2.25,5633.37255859375
-20.75,-2.25,5736.466796875
-20.25,-2.25,5839.93798828125
-19.75,-2.25,5943.06640625
-19.25,-2.25,6045.10546875
-18.75,-2.25,6145.337890625
-18.25,-2.25,6243.13427734375
-17.75,-2.25,6338.0205078125
-17.25,-2.25,6429.69677734375
-16.75,-2.25,6518.09716796875
-16.25,-2.25,6603.3701171875
-15.75,-2.25,6685.8876953125
-15.25,-2.25,6766.2138671875
-14.75,-2.25,6845.04052734375
-14.25,-2.25,6923.13525390625
-13.75,-2.25,7001.27734375
-13.25,-2.25,7080.19189453125
-12.75,-2.25,7160.486328125
-12.25,-2.25,7242.62451171875
-11.75,-2.25,7326.89990234375
-11.25,-2.25,7413.43896484375
-10.75,-2.25,7502.2138671875
-10.25,-2.25,7593.09423828125
-9.75,-2.25,7685.88427734375
-9.25,-2.25,7780.37060546875
-8.75,-2.25,7876.37744140625
-8.25,-2.25,7973.8115234375
-7.75,-2.25,8072.69140625
-7.25,-2.25,8173.16015625
-6.75,-2.25,8275.4775390625
-6.25,-2.25,8380.01953125
-5.75,-2.25,8487.25
-5.25,-2.25,8597.697265625
-4.75,-2.25,8711.9208984375
-4.25,-2.25,8830.4912109375
-3.75,-2.25,8953.97265625
-3.25,-2.25,9082.91015625
-2.75,-2.25,9217.822265625
-2.25,-2.25,9359.1962890625
-1.75,-2.25,9507.484375
-1.25,-2.25,9663.08984375
-0.75,-2.25,9826.3603515625
-0.25,-2.25,9997.5634765625
0.25,-2.25,10176.888671875
0.75,-2.25,10364.396484375
1.25,-2.25,10560.029296875
1.75,-2.25,10763.5908203125
2.25,-2.25,10974.75390625
2.75,-2.25,11193.0732421875
3.25,-2.25,11418.0205078125
3.75,-2.25,11649.0166015625
4.25,-2.25,11885.4970703125
4.75,-2.25,12126.9482421875
5.25,-2.25,12372.9384765625
5.75,-2.25,12623.1640625
6.25,-2.25,12877.404296875
6.75,-2.25,13135.5224609375
7.25,-2.25,13397.3779296875
7.75,-2.25,13662.7177734375
8.25,-2.25,13931.0810546875
8.75,-2.25,14201.662109375
9.25,-2.25,14473.2001953125
9.75,-2.25,14743.8916015625
10.25,-2.25,15011.35546875
10.75,-2.25,15272.625
11.25,-2.25,15524.21484375
11.75,-2.25,15762.2431640625
12.25,-2.25,15982.5771484375
12.75,-2.25,16181.03515625
13.25,-2.25,16353.5849609375
13.75,-2.25,16496.537109375
14.25,-2.25,16606.73046875
14.75,-2.25,16681.630859375
15.25,-2.25,16719.419921875
15.75,-2.25,16719.01953125
16.25,-2.25,16680.064453125
16.75,-2.25,16602.818359375
17.25,-2.25,16488.080078125
17.75,-2.25,16337.0244140625
18.25,-2.25,16151.14453125
18.75,-2.25,15932.14453125
19.25,-2.25,15681.8310546875
19.75,-2.25,15402.0771484375
20.25,-2.25,15094.8095703125
20.75,-2.25,14761.9755859375
21.25,-2.25,14405.5712890625
21.75,-2.25,14027.625
22.25,-2.25,13630.2060546875
22.75,-2.25,13215.4208984375
23.25,-2.25,12785.3994140625
23.75,-2.25,12342.2958984375
24.25,-2.25,11888.2421875
24.75,-2.25,11425.3505859375
25.25,-2.25,10955.6884765625
25.75,-2.25,10481.24609375
26.25,-2.25,10003.951171875
26.75,-2.25,9525.62890625
27.25,-2.25,9048.0166015625
27.75,-2.25,8572.7490234375
28.25,-2.25,8101.36669921875
28.75,-2.25,7635.3212890625
29.25,-2.25,7175.98681640625
29.75,-2.25,6724.65966796875
30.25,-2.25,6282.595703125
30.75,-2.25,5850.98388671875
31.25,-2.25,5431.0029296875
31.75,-2.25,5023.78955078125
32.25,-2.25,4630.4501953125
32.75,-2.25,4252.06103515625
33.25,-2.25,3889.63232421875
33.75,-2.25,3544.09936523437
34.25,-2.25,3216.29418945312
34.75,-2.25,2906.89599609375
35.25,-2.25,2616.42236328125
35.75,-2.25,2345.19995117187
36.25,-2.25,2093.35327148437
36.75,-2.25,1860.77758789062
37.25,-2.25,1647.16955566406
37.75,-2.25,1452.02954101562
38.25,-2.25,1274.69079589843
38.75,-2.25,1114.34484863281
39.25,-2.25,970.071960449218
39.75,-2.25,840.882507324218
40.25,-2.25,725.730895996093
40.75,-2.25,623.558532714843
41.25,-2.25,533.315795898437
41.75,-2.25,453.974731445312
42.25,-2.25,384.539947509765
42.75,-2.25,324.059265136718
43.25,-2.25,271.611938476562
43.75,-2.25,226.313385009765
44.25,-2.25,187.358993530273
44.75,-2.25,154.05076599121
-44.75,-1.75,122.375213623046
-44.25,-1.75,138.08869934082
-43.75,-1.75,156.593017578125
-43.25,-1.75,178.973724365234
-42.75,-1.75,206.299713134765
-42.25,-1.75,239.631088256835
-41.75,-1.75,280.11294555664
-41.25,-1.75,328.961730957031
-40.75,-1.75,387.418762207031
-40.25,-1.75,456.688079833984
-39.75,-1.75,537.868896484375
-39.25,-1.75,631.869018554687
-38.75,-1.75,739.333984375
-38.25,-1.75,860.580383300781
-37.75,-1.75,995.536804199218
-37.25,-1.75,1143.71618652343
-36.75,-1.75,1304.22448730468
-36.25,-1.75,1475.77819824218
-35.75,-1.75,1656.76086425781
-35.25,-1.75,1845.29443359375
-34.75,-1.75,2039.3212890625
-34.25,-1.75,2236.6982421875
-33.75,-1.75,2435.2802734375
-33.25,-1.75,2632.99609375
-32.75,-1.75,2827.91845703125
-32.25,-1.75,3018.31884765625
-31.75,-1.75,3202.705078125
-31.25,-1.75,3379.85375976562
-30.75,-1.75,3548.82055664062
-30.25,-1.75,3708.962890625
-29.75,-1.75,3859.9306640625
-29.25,-1.75,4001.6708984375
-28.75,-1.75,4134.408203125
-28.25,-1.75,4258.630859375
-27.75,-1.75,4375.06640625
-27.25,-1.75,4484.63623046875
-26.75,-1.75,4588.4189453125
-26.25,-1.75,4687.59716796875
-25.75,-1.75,4783.39501953125
-25.25,-1.75,4877.02490234375
-24.75,-1.75,4969.6328125
-24.25,-1.75,5062.2373046875
-23.75,-1.75,5155.68896484375
-23.25,-1.75,5250.62744140625
-22.75,-1.75,5347.4609375
-22.25,-1.75,5446.36669921875
-21.75,-1.75,5547.26953125
-21.25,-1.75,5649.884765625
-20.75,-1.75,5753.72802734375
-20.25,-1.75,5858.16552734375
-19.75,-1.75,5962.470703125
-19.25,-1.75,6065.87646484375
-18.75,-1.75,6167.63427734375
-18.25,-1.75,6267.087890625
-17.75,-1.75,6363.7216796875
-17.25,-1.75,6457.20361328125
-16.75,-1.75,6547.419921875
-16.25,-1.75,6634.482421875
-15.75,-1.75,6718.708984375
-15.25,-1.75,6800.6123046875
-14.75,-1.75,6880.8330078125
-14.25,-1.75,6960.087890625
-13.75,-1.75,7039.11669921875
-13.25,-1.75,7118.6103515625
-12.75,-1.75,7199.16162109375
-12.25,-1.75,7281.22802734375
-11.75,-1.75,7365.1201171875
-11.25,-1.75,7450.9921875
-10.75,-1.75,7538.85986328125
-10.25,-1.75,7628.64111328125
-9.75,-1.75,7720.18798828125
-9.25,-1.75,7813.33349609375
-8.75,-1.75,7907.94921875
-8.25,-1.75,8003.98095703125
-7.75,-1.75,8101.47265625
-7.25,-1.75,8200.5947265625
-6.75,-1.75,8301.6396484375
-6.25,-1.75,8405.0107421875
-5.75,-1.75,8511.2021484375
-5.25,-1.75,8620.7734375
-4.75,-1.75,8734.310546875
-4.25,-1.75,8852.4208984375
-3.75,-1.75,8975.681640625
-3.25,-1.75,9104.6611328125
-2.75,-1.75,9239.8662109375
-2.25,-1.75,9381.775390625
-1.75,-1.75,9530.818359375
-1.25,-1.75,9687.37109375
-0.75,-1.75,9851.75
-0.25,-1.75,10024.2080078125
0.25,-1.75,10204.900390625
0.75,-1.75,10393.9013671875
1.25,-1.75,10591.154296875
1.75,-1.75,10796.4775390625
2.25,-1.75,11009.5693359375
2.75,-1.75,11229.990234375
3.25,-1.75,11457.216796875
3.75,-1.75,11690.650390625
4.25,-1.75,11929.6748046875
4.75,-1.75,12173.7080078125
5.25,-1.75,12422.2216796875
5.75,-1.75,12674.7958984375
6.25,-1.75,12931.0947265625
6.75,-1.75,13190.861328125
7.25,-1.75,13453.8564453125
7.75,-1.75,13719.76171875
8.25,-1.75,13988.0927734375
8.75,-1.75,14258.0546875
9.25,-1.75,14528.45703125
9.75,-1.75,14797.6181640625
10.25,-1.75,15063.306640625
10.75,-1.75,15322.7421875
11.25,-1.75,15572.6552734375
11.75,-1.75,15809.3798828125
12.25,-1.75,16028.984375
12.75,-1.75,16227.46484375
13.25,-1.75,16400.908203125
13.75,-1.75,16545.708984375
14.25,-1.75,16658.671875
14.75,-1.75,16737.19140625
15.25,-1.75,16779.27734375
15.75,-1.75,16783.599609375
16.25,-1.75,16749.505859375
16.75,-1.75,16676.9453125
17.25,-1.75,16566.35546875
17.75,-1.75,16418.626953125
18.25,-1.75,16234.984375
18.75,-1.75,16016.94140625
19.25,-1.75,15766.2021484375
19.75,-1.75,15484.6396484375
20.25,-1.75,15174.28125
20.75,-1.75,14837.2548828125
21.25,-1.75,14475.8134765625
21.75,-1.75,14092.2861328125
22.25,-1.75,13689.0888671875
22.75,-1.75,13268.666015625
23.25,-1.75,12833.447265625
23.75,-1.75,12385.84375
24.25,-1.75,11928.1650390625
24.75,-1.75,11462.62890625
25.25,-1.75,10991.310546875
25.75,-1.75,10516.1259765625
26.25,-1.75,10038.8427734375
26.75,-1.75,9561.095703125
27.25,-1.75,9084.373046875
27.75,-1.75,8610.0654296875
28.25,-1.75,8139.48486328125
28.75,-1.75,7673.88232421875
29.25,-1.75,7214.48681640625
29.75,-1.75,6762.52001953125
30.25,-1.75,6319.19921875
30.75,-1.75,5885.75830078125
31.25,-1.75,5463.44775390625
31.75,-1.75,5053.51806640625
32.25,-1.75,4657.208984375
32.75,-1.75,4275.73193359375
33.25,-1.75,3910.22802734375
33.75,-1.75,3561.75244140625
34.25,-1.75,3231.22631835937
34.75,-1.75,2919.39990234375
35.25,-1.75,2626.83569335937
35.75,-1.75,2353.88232421875
36.25,-1.75,2100.662109375
36.75,-1.75,1867.05383300781
37.25,-1.75,1652.720703125
37.75,-1.75,1457.119140625
38.25,-1.75,1279.533203125
38.75,-1.75,1119.09875488281
39.25,-1.75,974.843322753906
39.75,-1.75,845.725280761718
40.25,-1.75,730.654724121093
40.75,-1.75,628.536376953125
41.25,-1.75,538.293151855468
41.75,-1.75,458.880676269531
42.25,-1.75,389.296661376953
42.75,-1.75,328.591186523437
43.25,-1.75,275.852447509765
43.75,-1.75,230.208770751953
44.25,-1.75,190.872039794921
44.75,-1.75,157.162628173828
-44.75,-1.25,121.635780334472
-44.25,-1.25,137.332611083984
-43.75,-1.25,155.856063842773
-43.25,-1.25,178.299499511718
-42.75,-1.25,205.742950439453
-42.25,-1.25,239.26023864746
-41.75,-1.25,280.010833740234
-41.25,-1.25,329.226165771484
-40.75,-1.25,388.159881591796
-40.25,-1.25,458.024597167968
-39.75,-1.25,539.921691894531
-39.25,-1.25,634.7529296875
-38.75,-1.25,743.147705078125
-38.25,-1.25,865.396728515625
-37.75,-1.25,1001.392578125
-37.25,-1.25,1150.60620117187
-36.75,-1.25,1312.0966796875
-36.25,-1.25,1484.53674316406
-35.75,-1.25,1666.26928710937
-35.25,-1.25,1855.38732910156
-34.75,-1.25,2049.81909179687
-34.25,-1.25,2247.419921875
-33.75,-1.25,2446.05712890625
-33.25,-1.25,2643.6904296875
-32.75,-1.25,2838.4287109375
-32.25,-1.25,3028.58715820312
-31.75,-1.25,3212.72045898437
-31.25,-1.25,3389.64697265625
-30.75,-1.25,3558.4619140625
-30.25,-1.25,3718.54565429687
-29.75,-1.25,3869.5654296875
-29.25,-1.25,4011.46826171875
-28.75,-1.25,4144.46875
-28.25,-1.25,4269.0341796875
-27.75,-1.25,4385.85986328125
-27.25,-1.25,4495.83154296875
-26.75,-1.25,4599.98828125
-26.25,-1.25,4699.474609375
-25.75,-1.25,4795.48828125
-25.25,-1.25,4889.2265625
-24.75,-1.25,4981.82763671875
-24.25,-1.25,5074.318359375
-23.75,-1.25,5167.56787109375
-23.25,-1.25,5262.25439453125
-22.75,-1.25,5358.826171875
-22.25,-1.25,5457.4951171875
-21.75,-1.25,5558.23583984375
-21.25,-1.25,5660.79296875
-20.75,-1.25,5764.71484375
-20.25,-1.25,5869.39111328125
-19.75,-1.25,5974.10791015625
-19.25,-1.25,6078.10302734375
-18.75,-1.25,6180.6298828125
-18.25,-1.25,6281.02783203125
-17.75,-1.25,6378.76611328125
-17.25,-1.25,6473.494140625
-16.75,-1.25,6565.06787109375
-16.25,-1.25,6653.55517578125
-15.75,-1.25,6739.2314453125
-15.25,-1.25,6822.5400390625
-14.75,-1.25,6904.06201171875
-14.25,-1.25,6984.44140625
-13.75,-1.25,7064.35791015625
-13.25,-1.25,7144.443359375
-12.75,-1.25,7225.2626953125
-12.25,-1.25,7307.25927734375
-11.75,-1.25,7390.74609375
-11.25,-1.25,7475.90673828125
-10.75,-1.25,7562.798828125
-10.25,-1.25,7651.392578125
-9.75,-1.25,7741.59228515625
-9.25,-1.25,7833.294921875
-8.75,-1.25,7926.41943359375
-8.25,-1.25,8020.95654296875
-7.75,-1.25,8116.9921875
-7.25,-1.25,8214.7265625
-6.75,-1.25,8314.48828125
-6.25,-1.25,8416.701171875
-5.75,-1.25,8521.8935546875
-5.25,-1.25,8630.650390625
-4.75,-1.25,8743.591796875
-4.25,-1.25,8861.345703125
-3.75,-1.25,8984.5048828125
-3.25,-1.25,9113.6376953125
-2.75,-1.25,9249.26171875
-2.25,-1.25,9391.8349609375
-1.75,-1.25,9541.7548828125
-1.25,-1.25,9699.3701171875
-0.75,-1.25,9864.9658203125
-0.25,-1.25,10038.7548828125
0.25,-1.25,10220.8837890625
0.75,-1.25,10411.3984375
1.25,-1.25,10610.2490234375
1.75,-1.25,10817.265625
2.25,-1.25,11032.15625
2.75,-1.25,11254.494140625
3.25,-1.25,11483.7529296875
3.75,-1.25,11719.3271484375
4.25,-1.25,11960.5673828125
4.75,-1.25,12206.8310546875
5.25,-1.25,12457.5146484375
5.75,-1.25,12712.095703125
6.25,-1.25,12970.13671875
6.75,-1.25,13231.26953125
7.25,-1.25,13495.1572265625
7.75,-1.25,13761.4130859375
8.25,-1.25,14029.5087890625
8.75,-1.25,14298.658203125
9.25,-1.25,14567.7255859375
9.75,-1.25,14835.1259765625
10.25,-1.25,15098.77734375
10.75,-1.25,15356.0947265625
11.25,-1.25,15604.0283203125
11.75,-1.25,15839.1279296875
12.25,-1.25,16057.703125
12.75,-1.25,16255.935546875
13.25,-1.25,16430.08984375
13.75,-1.25,16576.634765625
14.25,-1.25,16692.3984375
14.75,-1.25,16774.689453125
15.25,-1.25,16821.35546875
15.75,-1.25,16830.82421875
16.25,-1.25,16802.126953125
16.75,-1.25,16734.8515625
17.25,-1.25,16629.08203125
17.75,-1.25,16485.353515625
18.25,-1.25,16304.5859375
18.75,-1.25,16088.0771484375
19.25,-1.25,15837.3916015625
19.75,-1.25,15554.3876953125
20.25,-1.25,15241.1611328125
20.75,-1.25,14900.0107421875
21.25,-1.25,14533.4521484375
21.75,-1.25,14144.138671875
22.25,-1.25,13734.833984375
22.75,-1.25,13308.3291015625
23.25,-1.25,12867.39453125
23.75,-1.25,12414.7119140625
24.25,-1.25,11952.814453125
24.75,-1.25,11484.041015625
25.25,-1.25,11010.513671875
25.75,-1.25,10534.107421875
26.25,-1.25,10056.4814453125
26.75,-1.25,9579.0830078125
27.25,-1.25,9103.1962890625
27.75,-1.25,8629.982421875
28.25,-1.25,8160.53369140625
28.75,-1.25,7695.91162109375
29.25,-1.25,7237.193359375
29.75,-1.25,6785.48828125
30.25,-1.25,6341.96923828125
30.75,-1.25,5907.8671875
31.25,-1.25,5484.47314453125
31.75,-1.25,5073.111328125
32.25,-1.25,4675.107421875
32.75,-1.25,4291.77685546875
33.25,-1.25,3924.36157226562
33.75,-1.25,3574.00317382812
34.25,-1.25,3241.70092773437
34.75,-1.25,2928.26831054687
35.25,-1.25,2634.30883789062
35.75,-1.25,2360.1962890625
36.25,-1.25,2106.06323242187
36.75,-1.25,1871.7822265625
37.25,-1.25,1656.99658203125
37.75,-1.25,1461.13586425781
38.25,-1.25,1283.44763183593
38.75,-1.25,1123.02600097656
39.25,-1.25,978.857177734375
39.75,-1.25,849.858642578125
40.25,-1.25,734.904357910156
40.75,-1.25,632.868896484375
41.25,-1.25,542.653564453125
41.75,-1.25,463.200744628906
42.25,-1.25,393.503234863281
42.75,-1.25,332.614288330078
43.25,-1.25,279.630157470703
43.75,-1.25,233.69123840332
44.25,-1.25,194.023849487304
44.75,-1.25,159.964889526367
-44.75,-0.75,120.380760192871
-44.25,-0.75,136.027908325195
-43.75,-0.75,154.523345947265
-43.25,-0.75,176.96304321289
-42.75,-0.75,204.43310546875
-42.25,-0.75,238.016616821289
-41.75,-0.75,278.883850097656
-41.25,-0.75,328.277404785156
-40.75,-0.75,387.4609375
-40.25,-0.75,457.654602050781
-39.75,-0.75,539.962585449218
-39.25,-0.75,635.282470703125
-38.75,-0.75,744.231140136718
-38.25,-0.75,867.077697753906
-37.75,-0.75,1003.68432617187
-37.25,-0.75,1153.48608398437
-36.75,-0.75,1315.50085449218
-36.25,-0.75,1488.36169433593
-35.75,-0.75,1670.37780761718
-35.25,-0.75,1859.61877441406
-34.75,-0.75,2054.0029296875
-34.25,-0.75,2251.39111328125
-33.75,-0.75,2449.67626953125
-33.25,-0.75,2646.85229492187
-32.75,-0.75,2841.0830078125
-32.25,-0.75,3030.73852539062
-31.75,-0.75,3214.43212890625
-31.25,-0.75,3391.0361328125
-30.75,-0.75,3559.69140625
-30.25,-0.75,3719.810546875
-29.75,-0.75,3871.07299804687
-29.25,-0.75,4013.42236328125
-28.75,-0.75,4147.05126953125
-28.25,-0.75,4272.38818359375
-27.75,-0.75,4390.076171875
-27.25,-0.75,4500.9404296875
-26.75,-0.75,4605.95849609375
-26.25,-0.75,4706.21923828125
-25.75,-0.75,4802.8662109375
-25.25,-0.75,4897.056640625
-24.75,-0.75,4989.91357421875
-24.25,-0.75,5082.4541015625
-23.75,-0.75,5175.56298828125
-23.25,-0.75,5269.93603515625
-22.75,-0.75,5366.0625
-22.25,-0.75,5464.1962890625
-21.75,-0.75,5564.35498046875
-21.25,-0.75,5666.3310546875
-20.75,-0.75,5769.7138671875
-20.25,-0.75,5873.935546875
-19.75,-0.75,5978.31494140625
-19.25,-0.75,6082.12548828125
-18.75,-0.75,6184.650390625
-18.25,-0.75,6285.24267578125
-17.75,-0.75,6383.38916015625
-17.25,-0.75,6478.73583984375
-16.75,-0.75,6571.12841796875
-16.25,-0.75,6660.60205078125
-15.75,-0.75,6747.376953125
-15.25,-0.75,6831.8359375
-14.75,-0.75,6914.47412109375
-14.25,-0.75,6995.8662109375
-13.75,-0.75,7076.60498046875
-13.25,-0.75,7157.2607421875
-12.75,-0.75,7238.34423828125
-12.25,-0.75,7320.2724609375
-11.75,-0.75,7403.36474609375
-11.25,-0.75,7487.822265625
-10.75,-0.75,7573.748046875
-10.25,-0.75,7661.162109375
-9.75,-0.75,7750.03955078125
-9.25,-0.75,7840.32958984375
-8.75,-0.75,7932.01123046875
-8.25,-0.75,8025.12744140625
-7.75,-0.75,8119.80126953125
-7.25,-0.75,8216.2705078125
-6.75,-0.75,8314.8857421875
-6.25,-0.75,8416.103515625
-5.75,-0.75,8520.46875
-5.25,-0.75,8628.591796875
-4.75,-0.75,8741.111328125
-4.25,-0.75,8858.6640625
-3.75,-0.75,8981.8642578125
-3.25,-0.75,9111.279296875
-2.75,-0.75,9247.4140625
-2.25,-0.75,9390.71484375
-1.75,-0.75,9541.556640625
-1.25,-0.75,9700.2509765625
-0.75,-0.75,9867.0498046875
-0.25,-0.75,10042.1416015625
0.25,-0.75,10225.6376953125
0.75,-0.75,10417.5732421875
1.25,-0.75,10617.8828125
1.75,-0.75,10826.41015625
2.25,-0.75,11042.857421875
2.75,-0.75,11266.81640625
3.25,-0.75,11497.7685546875
3.75,-0.75,11735.0927734375
4.25,-0.75,11978.125
4.75,-0.75,12226.1748046875
5.25,-0.75,12478.5908203125
5.75,-0.75,12734.7626953125
6.25,-0.75,12994.1689453125
6.75,-0.75,13256.345703125
7.25,-0.75,13520.869140625
7.75,-0.75,13787.279296875
8.25,-0.75,14055.00390625
8.75,-0.75,14323.2470703125
9.25,-0.75,14590.8994140625
9.75,-0.75,14856.4775390625
10.25,-0.75,15118.0302734375
10.75,-0.75,15373.142578125
11.25,-0.75,15618.978515625
11.75,-0.75,15852.326171875
12.25,-0.75,16069.724609375
12.75,-0.75,16267.5732421875
13.25,-0.75,16442.298828125
13.75,-0.75,16590.4765625
14.25,-0.75,16708.97265625
14.75,-0.75,16795.021484375
15.25,-0.75,16846.318359375
15.75,-0.75,16861.052734375
16.25,-0.75,16837.939453125
16.75,-0.75,16776.2109375
17.25,-0.75,16675.5703125
17.75,-0.75,16536.189453125
18.25,-0.75,16358.685546875
18.75,-0.75,16144.095703125
19.25,-0.75,15893.8466796875
19.75,-0.75,15609.7353515625
20.25,-0.75,15293.9248046875
20.75,-0.75,14948.8779296875
21.25,-0.75,14577.353515625
21.75,-0.75,14182.3095703125
22.25,-0.75,13766.8515625
22.75,-0.75,13334.119140625
23.25,-0.75,12887.21484375
23.75,-0.75,12429.11328125
24.25,-0.75,11962.5712890625
24.75,-0.75,11490.0771484375
25.25,-0.75,11013.8349609375
25.75,-0.75,10535.7080078125
26.25,-0.75,10057.28125
26.75,-0.75,9579.8759765625
27.25,-0.75,9104.6015625
27.75,-0.75,8632.435546875
28.25,-0.75,8164.2734375
28.75,-0.75,7701.00244140625
29.25,-0.75,7243.5478515625
29.75,-0.75,6792.9140625
30.25,-0.75,6350.19580078125
30.75,-0.75,5916.59423828125
31.25,-0.75,5493.3974609375
31.75,-0.75,5081.95458984375
32.25,-0.75,4683.6396484375
32.75,-0.75,4299.8173828125
33.25,-0.75,3931.7890625
33.75,-0.75,3580.75634765625
34.25,-0.75,3247.76782226562
34.75,-0.75,2933.68090820312
35.25,-0.75,2639.13159179687
35.75,-0.75,2364.52099609375
36.25,-0.75,2109.99658203125
36.75,-0.75,1875.435546875
37.25,-0.75,1660.4794921875
37.75,-0.75,1464.54541015625
38.25,-0.75,1286.86157226562
38.75,-0.75,1126.50122070312
39.25,-0.75,982.424255371093
39.75,-0.75,853.523376464843
40.25,-0.75,738.648986816406
40.75,-0.75,636.657775878906
41.25,-0.75,546.437805175781
41.75,-0.75,466.923675537109
42.25,-0.75,397.107971191406
42.75,-0.75,336.046905517578
43.25,-0.75,282.844604492187
43.75,-0.75,236.650772094726
44.25,-0.75,196.703140258789
44.75,-0.75,162.350997924804
-44.75,-0.25,118.753845214843
-44.25,-0.25,134.322662353515
-43.75,-0.25,152.748611450195
-43.25,-0.25,175.125213623046
-42.75,-0.25,202.53987121582
-42.25,-0.25,236.080078125
-41.75,-0.25,276.922302246093
-41.25,-0.25,326.315765380859
-40.75,-0.25,385.531188964843
-40.25,-0.25,455.793365478515
-39.75,-0.25,538.208374023437
-39.25,-0.25,633.670776367187
-38.75,-0.25,742.787963867187
-38.25,-0.25,865.811889648437
-37.75,-0.25,1002.58038330078
-37.25,-0.25,1152.49877929687
-36.75,-0.25,1314.55212402343
-36.25,-0.25,1487.34228515625
-35.75,-0.25,1669.15173339843
-35.25,-0.25,1858.03454589843
-34.75,-0.25,2051.908203125
-34.25,-0.25,2248.64794921875
-33.75,-0.25,2446.17651367187
-33.25,-0.25,2642.53930664062
-32.75,-0.25,2835.95654296875
-32.25,-0.25,3024.8662109375
-31.75,-0.25,3207.94946289062
-31.25,-0.25,3384.14184570312
-30.75,-0.25,3552.63330078125
-30.25,-0.25,3712.8681640625
-29.75,-0.25,3864.53881835937
-29.25,-0.25,4007.57885742187
-28.75,-0.25,4142.146484375
-28.25,-0.25,4268.6171875
-27.75,-0.25,4387.56591796875
-27.25,-0.25,4499.7412109375
-26.75,-0.25,4606.0419921875
-26.25,-0.25,4707.47412109375
-25.75,-0.25,4805.119140625
-25.25,-0.25,4900.083984375
-24.75,-0.25,4993.4482421875
-24.25,-0.25,5086.21533203125
-23.75,-0.25,5179.267578125
-23.25,-0.25,5273.3203125
-22.75,-0.25,5368.888671875
-22.25,-0.25,5466.26416015625
-21.75,-0.25,5565.50927734375
-21.25,-0.25,5666.46728515625
-20.75,-0.25,5768.78125
-20.25,-0.25,5871.9345703125
-19.75,-0.25,5975.302734375
-19.25,-0.25,6078.21435546875
-18.75,-0.25,6180.0029296875
-18.25,-0.25,6280.06982421875
-17.75,-0.25,6377.9345703125
-17.25,-0.25,6473.265625
-16.75,-0.25,6565.9033203125
-16.25,-0.25,6655.8642578125
-15.75,-0.25,6743.32177734375
-15.25,-0.25,6828.59228515625
-14.75,-0.25,6912.091796875
-14.25,-0.25,6994.3017578125
-13.75,-0.25,7075.724609375
-13.25,-0.25,7156.86083984375
-12.75,-0.25,7238.16015625
-12.25,-0.25,7320.013671875
-11.75,-0.25,7402.7265625
-11.25,-0.25,7486.52685546875
-10.75,-0.25,7571.5556640625
-10.25,-0.25,7657.89404296875
-9.75,-0.25,7745.57470703125
-9.25,-0.25,7834.61181640625
-8.75,-0.25,7925.046875
-8.25,-0.25,8016.96533203125
-7.75,-0.25,8110.5322265625
-7.25,-0.25,8206.015625
-6.75,-0.25,8303.783203125
-6.25,-0.25,8404.3037109375
-5.75,-0.25,8508.134765625
-5.25,-0.25,8615.8994140625
-4.75,-0.25,8728.240234375
-4.25,-0.25,8845.80078125
-3.75,-0.25,8969.203125
-3.25,-0.25,9099.0068359375
-2.75,-0.25,9235.70703125
-2.25,-0.25,9379.7421875
-1.75,-0.25,9531.4580078125
-1.25,-0.25,9691.1435546875
-0.75,-0.25,9859.0234375
-0.25,-0.25,10035.251953125
0.25,-0.25,10219.921875
0.75,-0.25,10413.046875
1.25,-0.25,10614.5576171875
1.75,-0.25,10824.279296875
2.25,-0.25,11041.9326171875
2.75,-0.25,11267.109375
3.25,-0.25,11499.2939453125
3.75,-0.25,11737.876953125
4.25,-0.25,11982.1845703125
4.75,-0.25,12231.5
5.25,-0.25,12485.1328125
5.75,-0.25,12742.421875
6.25,-0.25,13002.77734375
6.75,-0.25,13265.6552734375
7.25,-0.25,13530.55859375
7.75,-0.25,13796.958984375
8.25,-0.25,14064.22265625
8.75,-0.25,14331.54296875
9.25,-0.25,14597.84375
9.75,-0.25,14861.6796875
10.25,-0.25,15121.2333984375
10.75,-0.25,15374.23828125
11.25,-0.25,15618.0556640625
11.75,-0.25,15849.6884765625
12.25,-0.25,16065.9013671875
12.75,-0.25,16263.306640625
13.25,-0.25,16438.494140625
13.75,-0.25,16588.162109375
14.25,-0.25,16709.20703125
14.75,-0.25,16798.81640625
15.25,-0.25,16854.54296875
15.75,-0.25,16874.357421875
16.25,-0.25,16856.671875
16.75,-0.25,16800.37890625
17.25,-0.25,16704.826171875
17.75,-0.25,16569.818359375
18.25,-0.25,16395.673828125
18.75,-0.25,16183.1806640625
19.25,-0.25,15933.61328125
19.75,-0.25,15648.712890625
20.25,-0.25,15330.6806640625
20.75,-0.25,14982.1142578125
21.25,-0.25,14605.9931640625
21.75,-0.25,14205.5458984375
22.25,-0.25,13784.1962890625
22.75,-0.25,13345.4111328125
23.25,-0.25,12892.60546875
23.75,-0.25,12429.0224609375
24.25,-0.25,11957.650390625
24.75,-0.25,11481.1484375
25.25,-0.25,11001.8046875
25.75,-0.25,10521.52734375
26.25,-0.25,10041.8642578125
26.75,-0.25,9564.056640625
27.25,-0.25,9089.099609375
27.75,-0.25,8617.82421875
28.25,-0.25,8150.97509765625
28.75,-0.25,7689.2958984375
29.25,-0.25,7233.57568359375
29.75,-0.25,6784.705078125
30.25,-0.25,6343.7001953125
30.75,-0.25,5911.69384765625
31.25,-0.25,5489.94140625
31.75,-0.25,5079.76806640625
32.25,-0.25,4682.546875
32.75,-0.25,4299.6474609375
33.25,-0.25,3932.3828125
33.75,-0.25,3581.96704101562
34.25,-0.25,3249.47094726562
34.75,-0.25,2935.7666015625
35.25,-0.25,2641.51611328125
35.75,-0.25,2367.13647460937
36.25,-0.25,2112.79272460937
36.75,-0.25,1878.37841796875
37.25,-0.25,1663.54443359375
37.75,-0.25,1467.71520996093
38.25,-0.25,1290.12036132812
38.75,-0.25,1129.83129882812
39.25,-0.25,985.803833007812
39.75,-0.25,856.925170898437
40.25,-0.25,742.040344238281
40.75,-0.25,640.002258300781
41.25,-0.25,549.697082519531
41.75,-0.25,470.060668945312
42.25,-0.25,400.088317871093
42.75,-0.25,338.84228515625
43.25,-0.25,285.43276977539
43.75,-0.25,239.015747070312
44.25,-0.25,198.835494995117
44.75,-0.25,164.248901367187
-44.75,0.25,116.92822265625
-44.25,0.25,132.392166137695
-43.75,0.25,150.710632324218
-43.25,0.25,172.970504760742
-42.75,0.25,200.255828857421
-42.25,0.25,233.653915405273
-41.75,0.25,274.342346191406
-41.25,0.25,323.572174072265
-40.75,0.25,382.615966796875
-40.25,0.25,452.700653076171
-39.75,0.25,534.931457519531
-39.25,0.25,630.199829101562
-38.75,0.25,739.105041503906
-38.25,0.25,861.886352539062
-37.75,0.25,998.364074707031
-37.25,0.25,1147.92065429687
-36.75,0.25,1309.51879882812
-36.25,0.25,1481.73681640625
-35.75,0.25,1662.84362792968
-35.25,0.25,1850.8857421875
-34.75,0.25,2043.78857421875
-34.25,0.25,2239.45068359375
-33.75,0.25,2435.8359375
-33.25,0.25,2631.04296875
-32.75,0.25,2823.35961914062
-32.25,0.25,3011.29638671875
-31.75,0.25,3193.60717773437
-31.25,0.25,3369.29077148437
-30.75,0.25,3537.59106445312
-30.25,0.25,3697.98217773437
-29.75,0.25,3850.16772460937
-29.25,0.25,3994.0625
-28.75,0.25,4129.7822265625
-28.25,0.25,4257.64453125
-27.75,0.25,4378.1396484375
-27.25,0.25,4491.931640625
-26.75,0.25,4599.82080078125
-26.25,0.25,4702.7314453125
-25.75,0.25,4801.66259765625
-25.25,0.25,4897.65625
-24.75,0.25,4991.74365234375
-24.25,0.25,5084.90185546875
-23.75,0.25,5178.0009765625
-23.25,0.25,5271.76220703125
-22.75,0.25,5366.71435546875
-22.25,0.25,5463.1865234375
-21.75,0.25,5561.28125
-21.25,0.25,5660.89111328125
-20.75,0.25,5761.7177734375
-20.25,0.25,5863.30908203125
-19.75,0.25,5965.10791015625
-19.25,0.25,6066.51318359375
-18.75,0.25,6166.93408203125
-18.25,0.25,6265.8310546875
-17.75,0.25,6362.78076171875
-17.25,0.25,6457.490234375
-16.75,0.25,6549.81103515625
-16.25,0.25,6639.744140625
-15.75,0.25,6727.4296875
-15.25,0.25,6813.1181640625
-14.75,0.25,6897.14111328125
-14.25,0.25,6979.89501953125
-13.75,0.25,7061.7939453125
-13.25,0.25,7143.25146484375
-12.75,0.25,7224.6669921875
-12.25,0.25,7306.3974609375
-11.75,0.25,7388.740234375
-11.25,0.25,7471.943359375
-10.75,0.25,7556.19140625
-10.25,0.25,7641.61865234375
-9.75,0.25,7728.3193359375
-9.25,0.25,7816.37109375
-8.75,0.25,7905.8681640625
-8.25,0.25,7996.94384765625
-7.75,0.25,8089.78857421875
-7.25,0.25,8184.68798828125
-6.75,0.25,8282.0185546875
-6.25,0.25,8382.251953125
-5.75,0.25,8485.939453125
-5.25,0.25,8593.6923828125
-4.75,0.25,8706.150390625
-4.25,0.25,8823.955078125
-3.75,0.25,8947.71484375
-3.25,0.25,9077.9931640625
-2.75,0.25,9215.27734375
-2.25,0.25,9359.984375
-1.75,0.25,9512.4501953125
-1.25,0.25,9672.9482421875
-0.75,0.25,9841.6787109375
-0.25,0.25,10018.7734375
0.25,0.25,10204.3046875
0.75,0.25,10398.2685546875
1.25,0.25,10600.5830078125
1.75,0.25,10811.072265625
2.25,0.25,11029.455078125
2.75,0.25,11255.330078125
3.25,0.25,11488.201171875
3.75,0.25,11727.4599609375
4.25,0.25,11972.431640625
4.75,0.25,12222.4169921875
5.25,0.25,12476.6962890625
5.75,0.25,12734.5830078125
6.25,0.25,12995.4375
6.75,0.25,13258.673828125
7.25,0.25,13523.7060546875
7.75,0.25,13789.9580078125
8.25,0.25,14056.748046875
8.75,0.25,14323.23046875
9.25,0.25,14588.3271484375
9.75,0.25,14850.64453125
10.25,0.25,15108.439453125
10.75,0.25,15359.59375
11.25,0.25,15601.607421875
11.75,0.25,15831.703125
12.25,0.25,16046.8271484375
12.75,0.25,16243.7919921875
13.25,0.25,16419.349609375
13.75,0.25,16570.30078125
14.25,0.25,16693.58984375
14.75,0.25,16786.37109375
15.25,0.25,16846.076171875
15.75,0.25,16870.470703125
16.25,0.25,16857.71484375
16.75,0.25,16806.390625
17.25,0.25,16715.517578125
17.75,0.25,16584.58984375
18.25,0.25,16413.63671875
18.75,0.25,16203.224609375
19.25,0.25,15954.48046875
19.75,0.25,15669.0751953125
20.25,0.25,15349.236328125
20.75,0.25,14997.673828125
21.25,0.25,14617.5390625
21.75,0.25,14212.2998046875
22.25,0.25,13785.6357421875
22.75,0.25,13341.3076171875
23.25,0.25,12882.990234375
23.75,0.25,12414.1826171875
24.25,0.25,11938.0908203125
24.75,0.25,11457.5361328125
25.25,0.25,10974.9248046875
25.75,0.25,10492.2255859375
26.25,0.25,10011
26.75,0.25,9532.462890625
27.25,0.25,9057.5439453125
27.75,0.25,8586.9814453125
28.25,0.25,8121.416015625
28.75,0.25,7661.482421875
29.25,0.25,7207.859375
29.75,0.25,6761.3408203125
30.25,0.25,6322.8408203125
30.75,0.25,5893.421875
31.25,0.25,5474.26611328125
31.75,0.25,5066.638671875
32.25,0.25,4671.86474609375
32.75,0.25,4291.26708984375
33.25,0.25,3926.12451171875
33.75,0.25,3577.6279296875
34.25,0.25,3246.82373046875
34.75,0.25,2934.57934570312
35.25,0.25,2641.5546875
35.75,0.25,2368.17407226562
36.25,0.25,2114.61938476562
36.75,0.25,1880.80334472656
37.25,0.25,1666.40051269531
37.75,0.25,1470.857421875
38.25,0.25,1293.427734375
38.75,0.25,1133.20397949218
39.25,0.25,989.15966796875
39.75,0.25,860.199584960937
40.25,0.25,745.183044433593
40.75,0.25,642.976745605468
41.25,0.25,552.478332519531
41.75,0.25,472.634033203125
42.25,0.25,402.448028564453
42.75,0.25,340.989715576171
43.25,0.25,287.3740234375
43.75,0.25,240.759704589843
44.25,0.25,200.392395019531
44.75,0.25,165.630065917968
-44.75,0.75,115.092727661132
-44.25,0.75,130.426010131835
-43.75,0.75,148.601089477539
-43.25,0.75,170.695251464843
-42.75,0.75,197.785369873046
-42.25,0.75,230.953948974609
-41.75,0.75,271.374572753906
-41.25,0.75,320.295440673828
-40.75,0.75,378.985931396484
-40.25,0.75,448.670532226562
-39.75,0.75,530.451171875
-39.25,0.75,625.214416503906
-38.75,0.75,733.552856445312
-38.25,0.75,855.696166992187
-37.75,0.75,991.4521484375
-37.25,0.75,1140.18957519531
-36.75,0.75,1300.85693359375
-36.25,0.75,1472.0224609375
-35.75,0.75,1651.94970703125
-35.25,0.75,1838.69006347656
-34.75,0.75,2030.185546875
-34.25,0.75,2224.3671875
-33.75,0.75,2419.24536132812
-33.25,0.75,2612.97680664062
-32.75,0.75,2803.92138671875
-32.25,0.75,2990.6611328125
-31.75,0.75,3172.02734375
-31.25,0.75,3347.08081054687
-30.75,0.75,3515.115234375
-30.25,0.75,3675.63549804687
-29.75,0.75,3828.34912109375
-29.25,0.75,3973.15234375
-28.75,0.75,4110.1142578125
-28.25,0.75,4239.484375
-27.75,0.75,4361.669921875
-27.25,0.75,4477.23779296875
-26.75,0.75,4586.8955078125
-26.25,0.75,4691.46826171875
-25.75,0.75,4791.8681640625
-25.25,0.75,4889.0693359375
-24.75,0.75,4984.04248046875
-24.25,0.75,5077.7275390625
-23.75,0.75,5170.97216796875
-23.25,0.75,5264.490234375
-22.75,0.75,5358.82373046875
-22.25,0.75,5454.322265625
-21.75,0.75,5551.1240234375
-21.25,0.75,5649.1708984375
-20.75,0.75,5748.2216796875
-20.25,0.75,5847.892578125
-19.75,0.75,5947.70703125
-19.25,0.75,6047.14990234375
-18.75,0.75,6145.703125
-18.25,0.75,6242.91552734375
-17.75,0.75,6338.4228515625
-17.25,0.75,6431.98388671875
-16.75,0.75,6523.474609375
-16.25,0.75,6612.892578125
-15.75,0.75,6700.3447265625
-15.25,0.75,6786.02197265625
-14.75,0.75,6870.1943359375
-14.25,0.75,6953.15673828125
-13.75,0.75,7035.25146484375
-13.25,0.75,7116.81787109375
-12.75,0.75,7198.19921875
-12.25,0.75,7279.71826171875
-11.75,0.75,7361.6826171875
-11.25,0.75,7444.349609375
-10.75,0.75,7527.9521484375
-10.25,0.75,7612.67333984375
-9.75,0.75,7698.6630859375
-9.25,0.75,7786.06640625
-8.75,0.75,7875.01513671875
-8.25,0.75,7965.67529296875
-7.75,0.75,8058.259765625
-7.25,0.75,8153.052734375
-6.75,0.75,8250.42578125
-6.25,0.75,8350.8310546875
-5.75,0.75,8454.7958984375
-5.25,0.75,8562.9091796875
-4.75,0.75,8675.79296875
-4.25,0.75,8794.0693359375
-3.75,0.75,8918.3330078125
-3.25,0.75,9049.1396484375
-2.75,0.75,9186.9658203125
-2.25,0.75,9332.23046875
-1.75,0.75,9485.2587890625
-1.25,0.75,9646.3134765625
-0.75,0.75,9815.5810546875
-0.25,0.75,9993.185546875
0.25,0.75,10179.1806640625
0.75,0.75,10373.546875
1.25,0.75,10576.1865234375
1.75,0.75,10786.9306640625
2.25,0.75,11005.48046875
2.75,0.75,11231.466796875
3.25,0.75,11464.392578125
3.75,0.75,11703.67578125
4.25,0.75,11948.669921875
4.75,0.75,12198.6767578125
5.25,0.75,12452.9990234375
5.75,0.75,12710.9453125
6.25,0.75,12971.8486328125
6.75,0.75,13235.0849609375
7.25,0.75,13500.03515625
7.75,0.75,13766.0458984375
8.25,0.75,14032.3896484375
8.75,0.75,14298.1806640625
9.25,0.75,14562.3212890625
9.75,0.75,14823.44140625
10.25,0.75,15079.8349609375
10.75,0.75,15329.4833984375
11.25,0.75,15570.03515625
11.75,0.75,15798.8427734375
12.25,0.75,16013.0380859375
12.75,0.75,16209.5966796875
13.25,0.75,16385.41015625
13.75,0.75,16537.376953125
14.25,0.75,16662.486328125
14.75,0.75,16757.869140625
15.25,0.75,16820.859375
15.75,0.75,16849.0625
16.25,0.75,16840.4296875
16.75,0.75,16793.291015625
17.25,0.75,16706.388671875
17.75,0.75,16578.96484375
18.25,0.75,16410.80859375
18.75,0.75,16202.28515625
19.25,0.75,15954.400390625
19.75,0.75,15668.7626953125
20.25,0.75,15347.5966796875
20.75,0.75,14993.6953125
21.25,0.75,14610.333984375
21.75,0.75,14201.154296875
22.25,0.75,13770.048828125
22.75,0.75,13320.994140625
23.25,0.75,12857.8916015625
23.75,0.75,12384.4521484375
24.25,0.75,11904.064453125
24.75,0.75,11419.7216796875
25.25,0.75,10933.9453125
25.75,0.75,10448.794921875
26.25,0.75,9965.8828125
26.75,0.75,9486.4404296875
27.25,0.75,9011.3818359375
27.75,0.75,8541.40625
28.25,0.75,8077.10791015625
28.75,0.75,7619.03466796875
29.25,0.75,7167.79443359375
29.75,0.75,6724.08984375
30.25,0.75,6288.75
30.75,0.75,5862.74658203125
31.25,0.75,5447.16796875
31.75,0.75,5043.1962890625
32.25,0.75,4652.06396484375
32.75,0.75,4275.0126953125
33.25,0.75,3913.24365234375
33.75,0.75,3567.87377929687
34.25,0.75,3239.900390625
34.75,0.75,2930.14672851562
35.25,0.75,2639.25073242187
35.75,0.75,2367.62939453125
36.25,0.75,2115.4716796875
36.75,0.75,1882.71337890625
37.25,0.75,1669.05895996093
37.75,0.75,1473.99377441406
38.25,0.75,1296.81286621093
38.75,0.75,1136.65148925781
39.25,0.75,992.525756835937
39.75,0.75,863.380249023437
40.25,0.75,748.109619140625
40.75,0.75,645.611145019531
41.25,0.75,554.809143066406
41.75,0.75,474.669494628906
42.25,0.75,404.211212158203
42.75,0.75,342.511962890625
43.25,0.75,288.690277099609
43.75,0.75,241.903427124023
44.25,0.75,201.393096923828
44.75,0.75,166.512176513671
-44.75,1.25,113.415390014648
-44.25,1.25,128.591995239257
-43.75,1.25,146.58836364746
-43.25,1.25,168.470245361328
-42.75,1.25,195.304443359375
-42.25,1.25,228.164810180664
-41.75,1.25,268.216827392578
-41.25,1.25,316.7001953125
-40.75,1.25,374.877502441406
-40.25,1.25,443.965515136718
-39.75,1.25,525.06005859375
-39.25,1.25,619.041015625
-38.75,1.25,726.494323730468
-38.25,1.25,847.642028808593
-37.75,1.25,982.285705566406
-37.25,1.25,1129.78649902343
-36.75,1.25,1289.08923339843
-36.25,1.25,1458.76147460937
-35.75,1.25,1637.07275390625
-35.25,1.25,1822.08972167968
-34.75,1.25,2011.77990722656
-34.25,1.25,2204.11328125
-33.75,1.25,2397.14990234375
-33.25,1.25,2589.11181640625
-32.75,1.25,2778.42407226562
-32.25,1.25,2963.74560546875
-31.75,1.25,3143.97338867187
-31.25,1.25,3318.23510742187
-30.75,1.25,3485.86767578125
-30.25,1.25,3646.4052734375
-29.75,1.25,3799.55859375
-29.25,1.25,3945.19970703125
-28.75,1.25,4083.35546875
-28.25,1.25,4214.20556640625
-27.75,1.25,4338.076171875
-27.25,1.25,4455.4375
-26.75,1.25,4566.89892578125
-26.25,1.25,4673.19140625
-25.75,1.25,4775.13720703125
-25.25,1.25,4873.63232421875
-24.75,1.25,4969.58642578125
-24.25,1.25,5063.8916015625
-23.75,1.25,5157.3603515625
-23.25,1.25,5250.6943359375
-22.75,1.25,5344.435546875
-22.25,1.25,5438.94384765625
-21.75,1.25,5534.39306640625
-21.25,1.25,5630.76318359375
-20.75,1.25,5727.87451171875
-20.25,1.25,5825.4130859375
-19.75,1.25,5922.98486328125
-19.25,1.25,6020.154296875
-18.75,1.25,6116.50244140625
-18.25,1.25,6211.65625
-17.75,1.25,6305.328125
-17.25,1.25,6397.328125
-16.75,1.25,6487.56201171875
-16.25,1.25,6576.033203125
-15.75,1.25,6662.82373046875
-15.25,1.25,6748.083984375
-14.75,1.25,6832.00341796875
-14.25,1.25,6914.82177734375
-13.75,1.25,6996.79833984375
-13.25,1.25,7078.2177734375
-12.75,1.25,7159.37451171875
-12.25,1.25,7240.5751953125
-11.75,1.25,7322.12451171875
-11.25,1.25,7404.30810546875
-10.75,1.25,7487.39453125
-10.25,1.25,7571.62060546875
-9.75,1.25,7657.19189453125
-9.25,1.25,7744.29296875
-8.75,1.25,7833.09423828125
-8.25,1.25,7923.7841796875
-7.75,1.25,8016.57373046875
-7.25,1.25,8111.74365234375
-6.75,1.25,8209.623046875
-6.25,1.25,8310.638671875
-5.75,1.25,8415.2802734375
-5.25,1.25,8524.09375
-4.75,1.25,8637.6669921875
-4.25,1.25,8756.5927734375
-3.75,1.25,8881.4541015625
-3.25,1.25,9012.7919921875
-2.75,1.25,9151.08203125
-2.25,1.25,9296.7353515625
-1.75,1.25,9450.0869140625
-1.25,1.25,9611.396484375
-0.75,1.25,9780.8466796875
-0.25,1.25,9958.556640625
0.25,1.25,10144.5615234375
0.75,1.25,10338.83984375
1.25,1.25,10541.2890625
1.75,1.25,10751.7197265625
2.25,1.25,10969.8486328125
2.75,1.25,11195.3095703125
3.25,1.25,11427.6357421875
3.75,1.25,11666.271484375
4.25,1.25,11910.6162109375
4.75,1.25,12160.0068359375
5.25,1.25,12413.7783203125
5.75,1.25,12671.2578125
6.25,1.25,12931.7841796875
6.75,1.25,13194.7099609375
7.25,1.25,13459.3857421875
7.75,1.25,13725.1103515625
8.25,1.25,13991.08984375
8.75,1.25,14256.3935546875
9.25,1.25,14519.8857421875
9.75,1.25,14780.171875
10.25,1.25,15035.5888671875
10.75,1.25,15284.1552734375
11.25,1.25,15523.615234375
11.75,1.25,15751.435546875
12.25,1.25,15964.876953125
12.75,1.25,16161.0478515625
13.25,1.25,16336.9580078125
13.75,1.25,16489.587890625
14.25,1.25,16615.9609375
14.75,1.25,16713.201171875
15.25,1.25,16778.580078125
15.75,1.25,16809.59765625
16.25,1.25,16804.0390625
16.75,1.25,16760.052734375
17.25,1.25,16676.181640625
17.75,1.25,16551.4765625
18.25,1.25,16385.541015625
18.75,1.25,16178.60546875
19.25,1.25,15931.556640625
19.75,1.25,15645.9482421875
20.25,1.25,15323.9970703125
20.75,1.25,14968.5263671875
21.25,1.25,14582.8935546875
21.75,1.25,14170.8515625
22.25,1.25,13736.4306640625
22.75,1.25,13283.755859375
23.25,1.25,12816.900390625
23.75,1.25,12339.7333984375
24.25,1.25,11855.8115234375
24.75,1.25,11368.255859375
25.25,1.25,10879.72265625
25.75,1.25,10392.3759765625
26.25,1.25,9907.9072265625
26.75,1.25,9427.599609375
27.25,1.25,8952.3984375
27.75,1.25,8483.015625
28.25,1.25,8020.0166015625
28.75,1.25,7563.9248046875
29.25,1.25,7115.29638671875
29.75,1.25,6674.76611328125
30.25,1.25,6243.08740234375
30.75,1.25,5821.13916015625
31.25,1.25,5409.91357421875
31.75,1.25,5010.48291015625
32.25,1.25,4623.9638671875
32.75,1.25,4251.4853515625
33.25,1.25,3894.13696289062
33.75,1.25,3552.93530273437
34.25,1.25,3228.78637695312
34.75,1.25,2922.4453125
35.25,1.25,2634.49926757812
35.75,1.25,2365.34106445312
36.25,1.25,2115.15893554687
36.75,1.25,1883.90307617187
37.25,1.25,1671.31616210937
37.75,1.25,1476.93200683593
38.25,1.25,1300.10217285156
38.75,1.25,1140.02551269531
39.25,1.25,995.780517578125
39.75,1.25,866.372314453125
40.25,1.25,750.751159667968
40.75,1.25,647.862548828125
41.25,1.25,556.669677734375
41.75,1.25,476.16748046875
42.25,1.25,405.394409179687
42.75,1.25,343.438323974609
43.25,1.25,289.419250488281
43.75,1.25,242.489471435546
44.25,1.25,201.881530761718
44.75,1.25,166.937530517578
-44.75,1.75,112.019897460937
-44.25,1.75,127.013031005859
-43.75,1.75,144.794860839843
-43.25,1.75,166.418792724609
-42.75,1.75,192.939422607421
-42.25,1.75,225.418914794921
-41.75,1.75,265.010925292968
-41.25,1.75,312.943298339843
-40.75,1.75,370.466796875
-40.25,1.75,438.787719726562
-39.75,1.75,518.991821289062
-39.25,1.75,611.950561523437
-38.75,1.75,718.242858886718
-38.25,1.75,838.085388183593
-37.75,1.75,971.276123046875
-37.25,1.75,1117.1767578125
-36.75,1.75,1274.73510742187
-36.25,1.75,1442.5283203125
-35.75,1.75,1618.84057617187
-35.25,1.75,1801.76281738281
-34.75,1.75,1989.29602050781
-34.25,1.75,2179.45434570312
-33.75,1.75,2370.349609375
-33.25,1.75,2560.26513671875
-32.75,1.75,2747.69360351562
-32.25,1.75,2931.36254882812
-31.75,1.75,3110.234375
-31.25,1.75,3283.49340820312
-30.75,1.75,3450.52099609375
-30.25,1.75,3610.8759765625
-29.75,1.75,3764.2734375
-29.25,1.75,3910.56372070312
-28.75,1.75,4049.73364257812
-28.25,1.75,4181.89892578125
-27.75,1.75,4307.3076171875
-27.25,1.75,4426.3427734375
-26.75,1.75,4539.51953125
-26.25,1.75,4647.470703125
-25.75,1.75,4750.93505859375
-25.25,1.75,4850.7255859375
-24.75,1.75,4947.68310546875
-24.25,1.75,5042.64697265625
-23.75,1.75,5136.392578125
-23.25,1.75,5229.5908203125
-22.75,1.75,5322.7763671875
-22.25,1.75,5416.32177734375
-21.75,1.75,5510.41748046875
-21.25,1.75,5605.087890625
-20.75,1.75,5700.20361328125
-20.25,1.75,5795.525390625
-19.75,1.75,5890.73291015625
-19.25,1.75,5985.48095703125
-18.75,1.75,6079.4375
-18.25,1.75,6172.314453125
-17.75,1.75,6263.8984375
-17.25,1.75,6354.05078125
-16.75,1.75,6442.71484375
-16.25,1.75,6529.89599609375
-15.75,1.75,6615.6630859375
-15.25,1.75,6700.1279296875
-14.75,1.75,6783.43603515625
-14.25,1.75,6865.75927734375
-13.75,1.75,6947.3076171875
-13.25,1.75,7028.3212890625
-12.75,1.75,7109.0546875
-12.25,1.75,7189.81298828125
-11.75,1.75,7270.90380859375
-11.25,1.75,7352.6416015625
-10.75,1.75,7435.33544921875
-10.25,1.75,7519.2626953125
-9.75,1.75,7604.67431640625
-9.25,1.75,7691.791015625
-8.75,1.75,7780.81103515625
-8.25,1.75,7871.921875
-7.75,1.75,7965.328125
-7.25,1.75,8061.27490234375
-6.75,1.75,8160.05908203125
-6.25,1.75,8262.044921875
-5.75,1.75,8367.673828125
-5.25,1.75,8477.4345703125
-4.75,1.75,8591.8740234375
-4.25,1.75,8711.55859375
-3.75,1.75,8837.0341796875
-3.25,1.75,8968.837890625
-2.75,1.75,9107.4501953125
-2.25,1.75,9253.2802734375
-1.75,1.75,9406.6826171875
-1.25,1.75,9567.908203125
-0.75,1.75,9737.1630859375
-0.25,1.75,9914.5517578125
0.25,1.75,10100.111328125
0.75,1.75,10293.8154296875
1.25,1.75,10495.5390625
1.75,1.75,10705.095703125
2.25,1.75,10922.2119140625
2.75,1.75,11146.5322265625
3.25,1.75,11377.6171875
3.75,1.75,11614.9716796875
4.25,1.75,11858.0302734375
4.75,1.75,12106.2060546875
5.25,1.75,12358.87890625
5.75,1.75,12615.41796875
6.25,1.75,12875.1865234375
6.75,1.75,13137.5439453125
7.25,1.75,13401.806640625
7.75,1.75,13667.234375
8.25,1.75,13932.970703125
8.75,1.75,14198.0224609375
9.25,1.75,14461.2001953125
9.75,1.75,14721.0615234375
10.25,1.75,14975.9296875
10.75,1.75,15223.8349609375
11.25,1.75,15462.5703125
11.75,1.75,15689.6787109375
12.25,1.75,15902.505859375
12.75,1.75,16098.255859375
13.25,1.75,16274.015625
13.75,1.75,16426.83984375
14.25,1.75,16553.798828125
14.75,1.75,16652.01953125
15.25,1.75,16718.740234375
15.75,1.75,16751.3984375
16.25,1.75,16747.6875
16.75,1.75,16705.65625
17.25,1.75,16623.73046875
17.75,1.75,16500.828125
18.25,1.75,16336.4482421875
18.75,1.75,16130.7314453125
19.25,1.75,15884.4736328125
19.75,1.75,15599.1904296875
20.25,1.75,15277.0654296875
20.75,1.75,14920.9130859375
21.25,1.75,14534.11328125
21.75,1.75,14120.4609375
22.25,1.75,13684.0615234375
22.75,1.75,13229.119140625
23.25,1.75,12759.810546875
23.75,1.75,12280.111328125
24.25,1.75,11793.697265625
24.75,1.75,11303.8203125
25.25,1.75,10813.25
25.75,1.75,10324.2646484375
26.25,1.75,9838.642578125
26.75,1.75,9357.763671875
27.25,1.75,8882.6240234375
27.75,1.75,8413.978515625
28.25,1.75,7952.42138671875
28.75,1.75,7498.46875
29.25,1.75,7052.6513671875
29.75,1.75,6615.5654296875
30.25,1.75,6187.90087890625
30.75,1.75,5770.45458984375
31.25,1.75,5364.12060546875
31.75,1.75,4969.85302734375
32.25,1.75,4588.65087890625
32.75,1.75,4221.50634765625
33.25,1.75,3869.37451171875
33.75,1.75,3533.14501953125
34.25,1.75,3213.61059570312
34.75,1.75,2911.43139648437
35.25,1.75,2627.12133789062
35.75,1.75,2361.0322265625
36.25,1.75,2113.33422851562
36.75,1.75,1883.9912109375
37.25,1.75,1672.77978515625
37.75,1.75,1479.2880859375
38.25,1.75,1302.93774414062
38.75,1.75,1143.00354003906
39.25,1.75,998.645385742187
39.75,1.75,868.945556640625
40.25,1.75,752.927734375
40.75,1.75,649.598205566406
41.25,1.75,557.970581054687
41.75,1.75,477.077270507812
42.25,1.75,405.979278564453
42.75,1.75,343.774963378906
43.25,1.75,289.584777832031
43.75,1.75,242.552642822265
44.25,1.75,201.897506713867
44.75,1.75,166.946243286132
-44.75,2.25,110.963439941406
-44.25,2.25,125.745300292968
-43.75,2.25,143.275527954101
-43.25,2.25,164.595184326171
-42.75,2.25,190.745300292968
-42.25,2.25,222.774383544921
-41.75,2.25,261.821380615234
-41.25,2.25,309.099548339843
-40.75,2.25,365.844909667968
-40.25,2.25,433.249816894531
-39.75,2.25,512.387573242187
-39.25,2.25,604.119567871093
-38.75,2.25,709.017272949218
-38.25,2.25,827.293334960937
-37.75,2.25,958.745239257812
-37.25,2.25,1102.74035644531
-36.75,2.25,1258.23486328125
-36.25,2.25,1423.82385253906
-35.75,2.25,1597.81359863281
-35.25,2.25,1778.32580566406
-34.75,2.25,1963.40075683593
-34.25,2.25,2151.09692382812
-33.75,2.25,2339.58129882812
-33.25,2.25,2527.19384765625
-32.75,2.25,2712.49194335937
-32.25,2.25,2894.26342773437
-31.75,2.25,3071.53393554687
-31.25,2.25,3243.53637695312
-30.75,2.25,3409.6943359375
-30.25,2.25,3569.58862304687
-29.75,2.25,3722.93920898437
-29.25,2.25,3869.58618164062
-28.75,2.25,4009.4775390625
-28.25,2.25,4142.6748046875
-27.75,2.25,4269.36083984375
-27.25,2.25,4389.833984375
-26.75,2.25,4504.52392578125
-26.25,2.25,4613.9736328125
-25.75,2.25,4718.8359375
-25.25,2.25,4819.83935546875
-24.75,2.25,4917.759765625
-24.25,2.25,5013.36865234375
-23.75,2.25,5107.39892578125
-23.25,2.25,5200.49072265625
-22.75,2.25,5293.16259765625
-22.25,2.25,5385.78759765625
-21.75,2.25,5478.57861328125
-21.25,2.25,5571.59033203125
-20.75,2.25,5664.74658203125
-20.25,2.25,5757.86962890625
-19.75,2.25,5850.720703125
-19.25,2.25,5943.03173828125
-18.75,2.25,6034.55810546875
-18.25,2.25,6125.087890625
-17.75,2.25,6214.47216796875
-17.25,2.25,6302.62353515625
-16.75,2.25,6389.517578125
-16.25,2.25,6475.17431640625
-15.75,2.25,6559.6484375
-15.25,2.25,6643.02734375
-14.75,2.25,6725.4189453125
-14.25,2.25,6806.9580078125
-13.75,2.25,6887.8095703125
-13.25,2.25,6968.181640625
-12.75,2.25,7048.32470703125
-12.25,2.25,7128.53173828125
-11.75,2.25,7209.1240234375
-11.25,2.25,7290.44677734375
-10.75,2.25,7372.84033203125
-10.25,2.25,7456.62646484375
-9.75,2.25,7542.08837890625
-9.25,2.25,7629.47412109375
-8.75,2.25,7718.984375
-8.25,2.25,7810.80810546875
-7.75,2.25,7905.12451171875
-7.25,2.25,8002.130859375
-6.75,2.25,8102.07275390625
-6.25,2.25,8205.2509765625
-5.75,2.25,8312.0361328125
-5.25,2.25,8422.8671875
-4.75,2.25,8538.23046875
-4.25,2.25,8658.6533203125
-3.75,2.25,8784.6669921875
-3.25,2.25,8916.796875
-2.75,2.25,9055.525390625
-2.25,2.25,9201.275390625
-1.75,2.25,9354.4140625
-1.25,2.25,9515.2158203125
-0.75,2.25,9683.888671875
-0.25,2.25,9860.541015625
0.25,2.25,10045.2158203125
0.75,2.25,10237.8671875
1.25,2.25,10438.373046875
1.75,2.25,10646.5419921875
2.25,2.25,10862.103515625
2.75,2.25,11084.7255859375
3.25,2.25,11314.013671875
3.75,2.25,11549.5166015625
4.25,2.25,11790.7548828125
4.75,2.25,12037.2021484375
5.25,2.25,12288.3154296875
5.75,2.25,12543.53125
6.25,2.25,12802.2529296875
6.75,2.25,13063.8447265625
7.25,2.25,13327.6171875
7.75,2.25,13592.78515625
8.25,2.25,13858.4287109375
8.75,2.25,14123.4775390625
9.25,2.25,14386.6591796875
9.75,2.25,14646.470703125
10.25,2.25,14901.17578125
10.75,2.25,15148.7958984375
11.25,2.25,15387.1162109375
11.75,2.25,15613.703125
12.25,2.25,15825.9658203125
12.75,2.25,16021.1474609375
13.25,2.25,16196.4130859375
13.75,2.25,16348.865234375
14.25,2.25,16475.611328125
14.75,2.25,16573.80859375
15.25,2.25,16640.7109375
15.75,2.25,16673.744140625
16.25,2.25,16670.578125
16.75,2.25,16629.234375
17.25,2.25,16548.1015625
17.75,2.25,16426.0546875
18.25,2.25,16262.55859375
18.75,2.25,16057.697265625
19.25,2.25,15812.2275390625
19.75,2.25,15527.6123046875
20.25,2.25,15205.990234375
20.75,2.25,14850.1318359375
21.25,2.25,14463.390625
21.75,2.25,14049.5322265625
22.25,2.25,13612.6533203125
22.75,2.25,13156.9794921875
23.25,2.25,12686.724609375
23.75,2.25,12205.921875
24.25,2.25,11718.3310546875
24.75,2.25,11227.2880859375
25.25,2.25,10735.6767578125
25.75,2.25,10245.8740234375
26.25,2.25,9759.7822265625
26.75,2.25,9278.857421875
27.25,2.25,8804.1953125
27.75,2.25,8336.6142578125
28.25,2.25,7876.74462890625
28.75,2.25,7425.13671875
29.25,2.25,6982.322265625
29.75,2.25,6548.87646484375
30.25,2.25,6125.4462890625
30.75,2.25,5712.7626953125
31.25,2.25,5311.6240234375
31.75,2.25,4922.88525390625
32.25,2.25,4547.412109375
32.75,2.25,4186.06396484375
33.25,2.25,3839.650390625
33.75,2.25,3508.92529296875
34.25,2.25,3194.54614257812
34.75,2.25,2897.06030273437
35.25,2.25,2616.8955078125
35.75,2.25,2354.3408203125
36.25,2.25,2109.53979492187
36.75,2.25,1882.45715332031
37.25,2.25,1672.90124511718
37.75,2.25,1480.51635742187
38.25,2.25,1304.79846191406
38.75,2.25,1145.10900878906
39.25,2.25,1000.69903564453
39.75,2.25,870.742492675781
40.25,2.25,754.346252441406
40.75,2.25,650.589660644531
41.25,2.25,558.543579101562
41.75,2.25,477.282440185546
42.25,2.25,405.892486572265
42.75,2.25,343.483367919921
43.25,2.25,289.173461914062
43.75,2.25,242.095718383789
44.25,2.25,201.452911376953
44.75,2.25,166.553848266601
-44.75,2.75,110.232398986816
-44.25,2.75,124.77350616455
-43.75,2.75,142.012954711914
-43.25,2.75,162.979690551757
-42.75,2.75,188.700851440429
-42.25,2.75,220.209640502929
-41.75,2.75,258.62890625
-41.25,2.75,305.15493774414
-40.75,2.75,361.007293701171
-40.25,2.75,427.362274169921
-39.75,2.75,505.279296875
-39.25,2.75,595.608581542968
-38.75,2.75,698.913452148437
-38.25,2.75,815.403747558593
-37.75,2.75,944.879333496093
-37.25,2.75,1086.71459960937
-36.75,2.75,1239.88269042968
-36.25,2.75,1402.99841308593
-35.75,2.75,1574.39807128906
-35.25,2.75,1752.23779296875
-34.75,2.75,1934.59851074218
-34.25,2.75,2119.58642578125
-33.75,2.75,2305.41967773437
-33.25,2.75,2490.49291992187
-32.75,2.75,2673.42041015625
-32.25,2.75,2853.04638671875
-31.75,2.75,3028.44799804687
-31.25,2.75,3198.90771484375
-30.75,2.75,3363.88159179687
-30.25,2.75,3522.98022460937
-29.75,2.75,3675.93017578125
-29.25,2.75,3822.56127929687
-28.75,2.75,3962.79956054687
-28.25,2.75,4096.66162109375
-27.75,2.75,4224.27197265625
-27.25,2.75,4345.861328125
-26.75,2.75,4461.775390625
-26.25,2.75,4572.47998046875
-25.75,2.75,4678.5390625
-25.25,2.75,4780.60302734375
-24.75,2.75,4879.373046875
-24.25,2.75,4975.56103515625
-23.75,2.75,5069.84326171875
-23.25,2.75,5162.82861328125
-22.75,2.75,5255.017578125
-22.25,2.75,5346.77392578125
-21.75,2.75,5438.32958984375
-21.25,2.75,5529.7705078125
-20.75,2.75,5621.0673828125
-20.25,2.75,5712.10498046875
-19.75,2.75,5802.708984375
-19.25,2.75,5892.68603515625
-18.75,2.75,5981.8642578125
-18.25,2.75,6070.10302734375
-17.75,2.75,6157.3056640625
-17.25,2.75,6243.43359375
-16.75,2.75,6328.48876953125
-16.25,2.75,6412.5009765625
-15.75,2.75,6495.5263671875
-15.25,2.75,6577.6298828125
-14.75,2.75,6658.90234375
-14.25,2.75,6739.4482421875
-13.75,2.75,6819.41357421875
-13.25,2.75,6898.98681640625
-12.75,2.75,6978.41650390625
-12.25,2.75,7057.99755859375
-11.75,2.75,7138.06884765625
-11.25,2.75,7219.001953125
-10.75,2.75,7301.1669921875
-10.25,2.75,7384.9169921875
-9.75,2.75,7470.56005859375
-9.25,2.75,7558.359375
-8.75,2.75,7648.5185546875
-8.25,2.75,7741.205078125
-7.75,2.75,7836.5625
-7.25,2.75,7934.74609375
-6.75,2.75,8035.92919921875
-6.25,2.75,8140.34423828125
-5.75,2.75,8248.294921875
-5.25,2.75,8360.1513671875
-4.75,2.75,8476.3486328125
-4.25,2.75,8597.375
-3.75,2.75,8723.7431640625
-3.25,2.75,8855.966796875
-2.75,2.75,8994.5380859375
-2.25,2.75,9139.90625
-1.75,2.75,9292.447265625
-1.25,2.75,9452.46484375
-0.75,2.75,9620.17578125
-0.25,2.75,9795.7021484375
0.25,2.75,9979.0849609375
0.75,2.75,10170.267578125
1.25,2.75,10369.126953125
1.75,2.75,10575.462890625
2.25,2.75,10789.0234375
2.75,2.75,11009.4951171875
3.25,2.75,11236.5322265625
3.75,2.75,11469.755859375
4.25,2.75,11708.7509765625
4.75,2.75,11953.09375
5.25,2.75,12202.322265625
5.75,2.75,12455.9462890625
6.25,2.75,12713.42578125
6.75,2.75,12974.1494140625
7.25,2.75,13237.4150390625
7.75,2.75,13502.388671875
8.25,2.75,13768.0947265625
8.75,2.75,14033.359375
9.25,2.75,14296.82421875
9.75,2.75,14556.8916015625
10.25,2.75,14811.7451171875
10.75,2.75,15059.3369140625
11.25,2.75,15297.4228515625
11.75,2.75,15523.5625
12.25,2.75,15735.16796875
12.75,2.75,15929.51953125
13.25,2.75,16103.814453125
13.75,2.75,16255.2109375
14.25,2.75,16380.8583984375
14.75,2.75,16477.970703125
15.25,2.75,16543.841796875
15.75,2.75,16575.955078125
16.25,2.75,16572.03515625
16.75,2.75,16530.13671875
17.25,2.75,16448.6953125
17.75,2.75,16326.625
18.25,2.75,16163.4033203125
18.75,2.75,15959.1103515625
19.25,2.75,15714.5009765625
19.75,2.75,15430.9736328125
20.25,2.75,15110.609375
20.75,2.75,14756.109375
21.25,2.75,14370.71875
21.75,2.75,13958.140625
22.25,2.75,13522.3896484375
22.75,2.75,13067.64453125
23.25,2.75,12598.0908203125
23.75,2.75,12117.7783203125
24.25,2.75,11630.5
24.75,2.75,11139.6552734375
25.25,2.75,10648.2158203125
25.75,2.75,10158.6611328125
26.25,2.75,9672.9892578125
26.75,2.75,9192.7734375
27.25,2.75,8719.1845703125
27.75,2.75,8253.134765625
28.25,2.75,7795.31689453125
28.75,2.75,7346.3232421875
29.25,2.75,6906.708984375
29.75,2.75,6477.046875
30.25,2.75,6057.958984375
30.75,2.75,5650.12744140625
31.25,2.75,5254.2841796875
31.75,2.75,4871.185546875
32.25,2.75,4501.580078125
32.75,2.75,4146.19970703125
33.25,2.75,3805.71606445312
33.75,2.75,3480.73583984375
34.25,2.75,3171.78491210937
34.75,2.75,2879.28784179687
35.25,2.75,2603.5732421875
35.75,2.75,2344.85791015625
36.25,2.75,2103.24365234375
36.75,2.75,1878.69055175781
37.25,2.75,1671.03051757812
37.75,2.75,1479.96032714843
38.25,2.75,1305.05029296875
38.75,2.75,1145.75207519531
39.25,2.75,1001.41320800781
39.75,2.75,871.3046875
40.25,2.75,754.623596191406
40.75,2.75,650.526489257812
41.25,2.75,558.14599609375
41.75,2.75,476.600189208984
42.25,2.75,405.001831054687
42.75,2.75,342.470123291015
43.25,2.75,288.120910644531
43.75,2.75,241.074890136718
44.25,2.75,200.516799926757
44.75,2.75,165.736206054687
-44.75,3.25,109.756088256835
-44.25,3.25,124.024139404296
-43.75,3.25,140.930221557617
-43.25,3.25,161.491622924804
-42.75,3.25,186.72119140625
-42.25,3.25,217.636093139648
-41.75,3.25,255.342102050781
-41.25,3.25,301.017547607421
-40.75,3.25,355.864288330078
-40.25,3.25,421.041625976562
-39.75,3.25,497.594329833984
-39.25,3.25,586.360778808593
-38.75,3.25,687.89697265625
-38.25,3.25,802.410827636718
-37.75,3.25,929.706115722656
-37.25,3.25,1069.16857910156
-36.75,3.25,1219.78955078125
-36.25,3.25,1380.20922851562
-35.75,3.25,1548.79553222656
-35.25,3.25,1723.74291992187
-34.75,3.25,1903.17468261718
-34.25,3.25,2085.24243164062
-33.75,3.25,2268.212890625
-33.25,3.25,2450.5302734375
-32.75,3.25,2630.86010742187
-32.25,3.25,2808.0947265625
-31.75,3.25,2981.35766601562
-31.25,3.25,3149.97265625
-30.75,3.25,3313.4326171875
-30.25,3.25,3471.36962890625
-29.75,3.25,3623.52612304687
-29.25,3.25,3769.73046875
-28.75,3.25,3909.89111328125
-28.25,3.25,4043.998046875
-27.75,3.25,4172.12255859375
-27.25,3.25,4294.4404296875
-26.75,3.25,4411.22900390625
-26.25,3.25,4522.875
-25.75,3.25,4629.86474609375
-25.25,3.25,4732.77001953125
-24.75,3.25,4832.22119140625
-24.25,3.25,4928.86181640625
-23.75,3.25,5023.3203125
-23.25,3.25,5116.1650390625
-22.75,3.25,5207.875
-22.25,3.25,5298.81494140625
-21.75,3.25,5389.22216796875
-21.25,3.25,5479.2158203125
-20.75,3.25,5568.810546875
-20.25,3.25,5657.9365234375
-19.75,3.25,5746.484375
-19.25,3.25,5834.32421875
-18.75,3.25,5921.3408203125
-18.25,3.25,6007.45166015625
-17.75,3.25,6092.609375
-17.25,3.25,6176.80615234375
-16.75,3.25,6260.0693359375
-16.25,3.25,6342.43994140625
-15.75,3.25,6423.97314453125
-15.25,3.25,6504.732421875
-14.75,3.25,6584.791015625
-14.25,3.25,6664.24658203125
-13.75,3.25,6743.23583984375
-13.25,3.25,6821.9375
-12.75,3.25,6900.603515625
-12.25,3.25,6979.53173828125
-11.75,3.25,7059.08837890625
-11.25,3.25,7139.65625
-10.75,3.25,7221.6328125
-10.25,3.25,7305.38818359375
-9.75,3.25,7391.2587890625
-9.25,3.25,7479.5
-8.75,3.25,7570.32177734375
-8.25,3.25,7663.86328125
-7.75,3.25,7760.2314453125
-7.25,3.25,7859.5205078125
-6.75,3.25,7961.845703125
-6.25,3.25,8067.36865234375
-5.75,3.25,8176.31787109375
-5.25,3.25,8289.001953125
-4.75,3.25,8405.8017578125
-4.25,3.25,8527.169921875
-3.75,3.25,8653.599609375
-3.25,3.25,8785.6044921875
-2.75,3.25,8923.689453125
-2.25,3.25,9068.3232421875
-1.75,3.25,9219.9140625
-1.25,3.25,9378.783203125
-0.75,3.25,9545.16796875
-0.25,3.25,9719.203125
0.25,3.25,9900.9267578125
0.75,3.25,10090.2783203125
1.25,3.25,10287.1396484375
1.75,3.25,10491.2998046875
2.25,3.25,10702.521484375
2.75,3.25,10920.51953125
3.25,3.25,11145.0048828125
3.75,3.25,11375.65625
4.25,3.25,11612.158203125
4.75,3.25,11854.1708984375
5.25,3.25,12101.3349609375
5.75,3.25,12353.236328125
6.25,3.25,12609.3916015625
6.75,3.25,12869.21875
7.25,3.25,13132.0029296875
7.75,3.25,13396.87890625
8.25,3.25,13662.7802734375
8.75,3.25,13928.4462890625
9.25,3.25,14192.392578125
9.75,3.25,14452.90625
10.25,3.25,14708.0771484375
10.75,3.25,14955.7529296875
11.25,3.25,15193.6298828125
11.75,3.25,15419.2275390625
12.25,3.25,15629.9365234375
12.75,3.25,15823.0419921875
13.25,3.25,15995.775390625
13.75,3.25,16145.3359375
14.25,3.25,16268.943359375
14.75,3.25,16363.880859375
15.25,3.25,16427.54296875
15.75,3.25,16457.513671875
16.25,3.25,16451.626953125
16.75,3.25,16408.056640625
17.25,3.25,16325.349609375
17.75,3.25,16202.515625
18.25,3.25,16039.099609375
18.75,3.25,15835.2353515625
19.25,3.25,15591.6494140625
19.75,3.25,15309.7177734375
20.25,3.25,14991.44140625
20.75,3.25,14639.3935546875
21.25,3.25,14256.697265625
21.75,3.25,13846.912109375
22.25,3.25,13413.9267578125
22.75,3.25,12961.8125
23.25,3.25,12494.6728515625
23.75,3.25,12016.5234375
24.25,3.25,11531.146484375
24.75,3.25,11041.990234375
25.25,3.25,10552.0791015625
25.75,3.25,10063.98046875
26.25,3.25,9579.7890625
26.75,3.25,9101.171875
27.25,3.25,8629.4052734375
27.75,3.25,8165.48046875
28.25,3.25,7710.16552734375
28.75,3.25,7264.10888671875
29.25,3.25,6827.8974609375
29.75,3.25,6402.12841796875
30.25,3.25,5987.41259765625
30.75,3.25,5584.40185546875
31.25,3.25,5193.7802734375
31.75,3.25,4816.2216796875
32.25,3.25,4452.38427734375
32.75,3.25,4102.8857421875
33.25,3.25,3768.27001953125
33.75,3.25,3449.01220703125
34.25,3.25,3145.5078125
34.75,3.25,2858.06103515625
35.25,3.25,2586.89697265625
35.75,3.25,2332.15795898437
36.25,3.25,2093.89379882812
36.75,3.25,1872.05114746093
37.25,3.25,1666.47790527343
37.75,3.25,1476.91772460937
38.25,3.25,1303.01013183593
38.75,3.25,1144.2919921875
39.25,3.25,1000.20764160156
39.75,3.25,870.123168945312
40.25,3.25,753.325500488281
40.75,3.25,649.048645019531
41.25,3.25,556.486511230468
41.75,3.25,474.799835205078
42.25,3.25,403.126739501953
42.75,3.25,340.595428466796
43.25,3.25,286.317962646484
43.75,3.25,239.402618408203
44.25,3.25,199.016723632812
44.75,3.25,164.430877685546
-44.75,3.75,109.434127807617
-44.25,3.75,123.392066955566
-43.75,3.75,139.916793823242
-43.25,3.75,160.014343261718
-42.75,3.75,184.682876586914
-42.25,3.75,214.923065185546
-41.75,3.75,251.82275390625
-41.25,3.75,296.542022705078
-40.75,3.75,350.264007568359
-40.25,3.75,414.131591796875
-39.75,3.75,489.174743652343
-39.25,3.75,576.220458984375
-38.75,3.75,675.818603515625
-38.25,3.75,788.176147460937
-37.75,3.75,913.103515625
-37.25,3.75,1050.00048828125
-36.75,3.75,1197.87890625
-36.25,3.75,1355.40795898437
-35.75,3.75,1520.98986816406
-35.25,3.75,1692.85754394531
-34.75,3.75,1869.1767578125
-34.25,3.75,2048.14208984375
-33.75,3.75,2228.0673828125
-33.25,3.75,2407.43823242187
-32.75,3.75,2584.9638671875
-32.25,3.75,2759.58032226562
-31.75,3.75,2930.44848632812
-31.25,3.75,3096.93041992187
-30.75,3.75,3258.54833984375
-30.25,3.75,3414.96240234375
-29.75,3.75,3565.9296875
-29.25,3.75,3711.28540039062
-28.75,3.75,3850.93115234375
-28.25,3.75,3984.833984375
-27.75,3.75,4113.03466796875
-27.25,3.75,4235.65966796875
-26.75,3.75,4352.92529296875
-26.25,3.75,4465.15185546875
-25.75,3.75,4572.75244140625
-25.25,3.75,4676.22802734375
-24.75,3.75,4776.1328125
-24.25,3.75,4873.0517578125
-23.75,3.75,4967.564453125
-23.25,3.75,5060.20068359375
-22.75,3.75,5151.42041015625
-22.25,3.75,5241.58251953125
-21.75,3.75,5330.939453125
-21.25,3.75,5419.630859375
-20.75,3.75,5507.70947265625
-20.25,3.75,5595.1533203125
-19.75,3.75,5681.90185546875
-19.25,3.75,5767.87255859375
-18.75,3.75,5853
-18.25,3.75,5937.236328125
-17.75,3.75,6020.57373046875
-17.25,3.75,6103.03369140625
-16.75,3.75,6184.65234375
-16.25,3.75,6265.49169921875
-15.75,3.75,6345.607421875
-15.25,3.75,6425.0615234375
-14.75,3.75,6503.9306640625
-14.25,3.75,6582.31005859375
-13.75,3.75,6660.33203125
-13.25,3.75,6738.1796875
-12.75,3.75,6816.09814453125
-12.25,3.75,6894.40576171875
-11.75,3.75,6973.4697265625
-11.25,3.75,7053.69140625
-10.75,3.75,7135.47998046875
-10.25,3.75,7219.22705078125
-9.75,3.75,7305.265625
-9.25,3.75,7393.8662109375
-8.75,3.75,7485.22509765625
-8.25,3.75,7579.45849609375
-7.75,3.75,7676.63623046875
-7.25,3.75,7776.79931640625
-6.75,3.75,7880.00732421875
-6.25,3.75,7986.34619140625
-5.75,3.75,8095.9833984375
-5.25,3.75,8209.16015625
-4.75,3.75,8326.2158203125
-4.25,3.75,8447.56640625
-3.75,3.75,8573.6875
-3.25,3.75,8705.1015625
-2.75,3.75,8842.3232421875
-2.25,3.75,8985.84765625
-1.75,3.75,9136.109375
-1.25,3.75,9293.46484375
-0.75,3.75,9458.169921875
-0.25,3.75,9630.375
0.25,3.75,9810.12109375
0.75,3.75,9997.349609375
1.25,3.75,10191.9326171875
1.75,3.75,10393.671875
2.25,3.75,10602.3359375
2.75,3.75,10817.6767578125
3.25,3.75,11039.447265625
3.75,3.75,11267.40625
4.25,3.75,11501.3173828125
4.75,3.75,11740.9404296875
5.25,3.75,11985.99609375
5.75,3.75,12236.1640625
6.25,3.75,12491.005859375
6.75,3.75,12749.9765625
7.25,3.75,13012.3486328125
7.75,3.75,13277.19921875
8.25,3.75,13543.3876953125
8.75,3.75,13809.5390625
9.25,3.75,14074.048828125
9.75,3.75,14335.076171875
10.25,3.75,14590.5615234375
10.75,3.75,14838.2734375
11.25,3.75,15075.7890625
11.75,3.75,15300.5712890625
12.25,3.75,15509.9814453125
12.75,3.75,15701.3037109375
13.25,3.75,15871.7900390625
13.75,3.75,16018.6884765625
14.25,3.75,16139.3046875
14.75,3.75,16231.03515625
15.25,3.75,16291.408203125
15.75,3.75,16318.1474609375
16.25,3.75,16309.2744140625
16.75,3.75,16263.1240234375
17.25,3.75,16178.40625
17.75,3.75,16054.2802734375
18.25,3.75,15890.4072265625
18.75,3.75,15686.9658203125
19.25,3.75,15444.71484375
19.75,3.75,15164.98046875
20.25,3.75,14849.650390625
20.75,3.75,14501.1748046875
21.25,3.75,14122.486328125
21.75,3.75,13716.9814453125
22.25,3.75,13288.353515625
22.75,3.75,12840.5205078125
23.25,3.75,12377.478515625
23.75,3.75,11903.1455078125
24.25,3.75,11421.27734375
24.75,3.75,10935.326171875
25.25,3.75,10448.349609375
25.75,3.75,9962.98046875
26.25,3.75,9481.40234375
26.75,3.75,9005.3681640625
27.25,3.75,8536.25
27.75,3.75,8075.1171875
28.25,3.75,7622.8193359375
28.75,3.75,7180.064453125
29.25,3.75,6747.4853515625
29.75,3.75,6325.70263671875
30.25,3.75,5915.3369140625
30.75,3.75,5517.03173828125
31.25,3.75,5131.43408203125
31.75,3.75,4759.1689453125
32.25,3.75,4400.81982421875
32.75,3.75,4056.91186523437
33.25,3.75,3727.88623046875
33.75,3.75,3414.10473632812
34.25,3.75,3115.84643554687
34.75,3.75,2833.30688476562
35.25,3.75,2566.615234375
35.75,3.75,2315.83203125
36.25,3.75,2080.96166992187
36.75,3.75,1861.92749023437
37.25,3.75,1658.58569335937
37.75,3.75,1470.71655273437
38.25,3.75,1298.01892089843
38.75,3.75,1140.109375
39.25,3.75,996.516845703125
39.75,3.75,866.697448730468
40.25,3.75,750.021057128906
40.75,3.75,645.794067382812
41.25,3.75,553.266235351562
41.75,3.75,471.638305664062
42.25,3.75,400.070251464843
42.75,3.75,337.699096679687
43.25,3.75,283.632690429687
43.75,3.75,236.968124389648
44.25,3.75,196.857055664062
44.75,3.75,162.553558349609
-44.75,4.25,109.16502380371
-44.25,4.25,122.768852233886
-43.75,4.25,138.856842041015
-43.25,4.25,158.423477172851
-42.75,4.25,182.452011108398
-42.25,4.25,211.925704956054
-41.75,4.25,247.91404724121
-41.25,4.25,291.557983398437
-40.75,4.25,344.022735595703
-40.25,4.25,406.434143066406
-39.75,4.25,479.808624267578
-39.25,4.25,564.963317871093
-38.75,4.25,662.443786621093
-38.25,4.25,772.458801269531
-37.75,4.25,894.828674316406
-37.25,4.25,1028.96899414062
-36.75,4.25,1173.91735839843
-36.25,4.25,1328.37377929687
-35.75,4.25,1490.77600097656
-35.25,4.25,1659.39672851562
-34.75,4.25,1832.44360351562
-34.25,4.25,2008.15270996093
-33.75,4.25,2184.8759765625
-33.25,4.25,2361.14013671875
-32.75,4.25,2535.689453125
-32.25,4.25,2707.49267578125
-31.75,4.25,2875.74560546875
-31.25,4.25,3039.83764648437
-30.75,4.25,3199.32250976562
-30.25,4.25,3353.88159179687
-29.75,4.25,3503.2919921875
-29.25,4.25,3647.39868164062
-28.75,4.25,3786.10424804687
-28.25,4.25,3919.3662109375
-27.75,4.25,4047.2001953125
-27.25,4.25,4169.6943359375
-26.75,4.25,4287.01513671875
-26.25,4.25,4399.427734375
-25.75,4.25,4507.27880859375
-25.25,4.25,4611.0029296875
-24.75,4.25,4711.09130859375
-24.25,4.25,4808.0732421875
-23.75,4.25,4902.48095703125
-23.25,4.25,4994.81201171875
-22.75,4.25,5085.50927734375
-22.25,4.25,5174.927734375
-21.75,4.25,5263.33251953125
-21.25,4.25,5350.88427734375
-20.75,4.25,5437.66748046875
-20.25,4.25,5523.69677734375
-19.75,4.25,5608.94287109375
-19.25,4.25,5693.36767578125
-18.75,4.25,5776.92822265625
-18.25,4.25,5859.61181640625
-17.75,4.25,5941.4287109375
-17.25,4.25,6022.41455078125
-16.75,4.25,6102.62646484375
-16.25,4.25,6182.12744140625
-15.75,4.25,6260.98828125
-15.25,4.25,6339.27880859375
-14.75,4.25,6417.078125
-14.25,4.25,6494.48583984375
-13.75,4.25,6571.63623046875
-13.25,4.25,6648.712890625
-12.75,4.25,6725.9677734375
-12.25,4.25,6803.71484375
-11.75,4.25,6882.32470703125
-11.25,4.25,6962.19921875
-10.75,4.25,7043.7646484375
-10.25,4.25,7127.41015625
-9.75,4.25,7213.48486328125
-9.25,4.25,7302.25244140625
-8.75,4.25,7393.90380859375
-8.25,4.25,7488.53466796875
-7.75,4.25,7586.18798828125
-7.25,4.25,7686.8662109375
-6.75,4.25,7790.56396484375
-6.25,4.25,7897.314453125
-5.75,4.25,8007.220703125
-5.25,4.25,8120.47607421875
-4.75,4.25,8237.3642578125
-4.25,4.25,8358.27734375
-3.75,4.25,8483.6806640625
-3.25,4.25,8614.0908203125
-2.75,4.25,8750.05078125
-2.25,4.25,8892.0771484375
-1.75,4.25,9040.638671875
-1.25,4.25,9196.1220703125
-0.75,4.25,9358.814453125
-0.25,4.25,9528.8759765625
0.25,4.25,9706.3642578125
0.75,4.25,9891.228515625
1.25,4.25,10083.33203125
1.75,4.25,10282.4912109375
2.25,4.25,10488.494140625
2.75,4.25,10701.1142578125
3.25,4.25,10920.1484375
3.75,4.25,11145.427734375
4.25,4.25,11376.7919921875
4.75,4.25,11614.083984375
5.25,4.25,11857.11328125
5.75,4.25,12105.6240234375
6.25,4.25,12359.2412109375
6.75,4.25,12617.419921875
7.25,4.25,12879.4248046875
7.75,4.25,13144.2861328125
8.25,4.25,13410.7685546875
8.75,4.25,13677.39453125
9.25,4.25,13942.4052734375
9.75,4.25,14203.830078125
10.25,4.25,14459.4765625
10.75,4.25,14706.974609375
11.25,4.25,14943.8095703125
11.75,4.25,15167.3671875
12.25,4.25,15374.958984375
12.75,4.25,15563.8642578125
13.25,4.25,15731.3681640625
13.75,4.25,15874.7919921875
14.25,4.25,15991.54296875
14.75,4.25,16079.1552734375
15.25,4.25,16135.326171875
15.75,4.25,16157.982421875
16.25,4.25,16145.3486328125
16.75,4.25,16095.974609375
17.25,4.25,16008.783203125
17.75,4.25,15883.0947265625
18.25,4.25,15718.7080078125
18.75,4.25,15515.8876953125
19.25,4.25,15275.3955078125
19.75,4.25,14998.5029296875
20.25,4.25,14687
20.75,4.25,14343.1552734375
21.25,4.25,13969.7197265625
21.75,4.25,13569.85546875
22.25,4.25,13147.056640625
22.75,4.25,12705.046875
23.25,4.25,12247.65234375
23.75,4.25,11778.6953125
24.25,4.25,11301.85546875
24.75,4.25,10820.5556640625
25.25,4.25,10337.8740234375
25.75,4.25,9856.4931640625
26.25,4.25,9378.662109375
26.75,4.25,8906.2060546875
27.25,4.25,8440.58203125
27.75,4.25,7982.94677734375
28.25,4.25,7534.2099609375
28.75,4.25,7095.14794921875
29.25,4.25,6666.44140625
29.75,4.25,6248.7412109375
30.25,4.25,5842.69091796875
30.75,4.25,5448.935546875
31.25,4.25,5068.1064453125
31.75,4.25,4700.79833984375
32.25,4.25,4347.54443359375
32.75,4.25,4008.8037109375
33.25,4.25,3684.94189453125
33.75,4.25,3376.23291015625
34.25,4.25,3082.86083984375
34.75,4.25,2804.93041992187
35.25,4.25,2542.48681640625
35.75,4.25,2295.52416992187
36.25,4.25,2063.99536132812
36.75,4.25,1847.79895019531
37.25,4.25,1646.7939453125
37.75,4.25,1460.78466796875
38.25,4.25,1289.51965332031
38.75,4.25,1132.67724609375
39.25,4.25,989.861572265625
39.75,4.25,860.603515625
40.25,4.25,744.345092773437
40.75,4.25,640.453796386718
41.25,4.25,548.228881835937
41.75,4.25,466.904266357421
42.25,4.25,395.659729003906
42.75,4.25,333.638305664062
43.25,4.25,279.945617675781
43.75,4.25,233.66943359375
44.25,4.25,193.949340820312
44.75,4.25,160.026184082031
-44.75,4.75,108.866294860839
-44.25,4.75,122.062957763671
-43.75,4.75,137.649383544921
-43.25,4.75,156.608016967773
-42.75,4.75,179.905990600585
-42.25,4.75,208.508422851562
-41.75,4.75,243.465103149414
-41.25,4.75,285.897766113281
-40.75,4.75,336.952911376953
-40.25,4.75,397.740539550781
-39.75,4.75,469.264526367187
-39.25,4.75,552.334594726562
-38.75,4.75,647.495239257812
-38.25,4.75,754.960876464843
-37.75,4.75,874.565307617187
-37.25,4.75,1005.74621582031
-36.75,4.75,1147.5693359375
-36.25,4.75,1298.76806640625
-35.75,4.75,1457.82043457031
-35.25,4.75,1623.03918457031
-34.75,4.75,1792.671875
-34.25,4.75,1964.99401855468
-33.75,4.75,2138.39135742187
-33.25,4.75,2311.423828125
-32.75,4.75,2482.86206054687
-32.25,4.75,2651.70434570312
-31.75,4.75,2817.16821289062
-31.25,4.75,2978.66796875
-30.75,4.75,3135.779296875
-30.25,4.75,3288.20556640625
-29.75,4.75,3435.74169921875
-29.25,4.75,3578.24560546875
-28.75,4.75,3715.62744140625
-28.25,4.75,3847.83764648437
-27.75,4.75,3974.88061523437
-27.25,4.75,4096.8115234375
-26.75,4.75,4213.76708984375
-26.25,4.75,4325.95751953125
-25.75,4.75,4433.67822265625
-25.25,4.75,4537.3046875
-24.75,4.75,4637.2783203125
-24.25,4.75,4734.07861328125
-23.75,4.75,4828.19580078125
-23.25,4.75,4920.10888671875
-22.75,4.75,5010.23876953125
-22.25,4.75,5098.94677734375
-21.75,4.75,5186.50244140625
-21.25,4.75,5273.08935546875
-20.75,4.75,5358.8134765625
-20.25,4.75,5443.712890625
-19.75,4.75,5527.78564453125
-19.25,4.75,5611.01220703125
-18.75,4.75,5693.36865234375
-18.25,4.75,5774.8544921875
-17.75,4.75,5855.486328125
-17.25,4.75,5935.31494140625
-16.75,4.75,6014.40234375
-16.25,4.75,6092.82177734375
-15.75,4.75,6170.654296875
-15.25,4.75,6247.9833984375
-14.75,4.75,6324.89404296875
-14.25,4.75,6401.49609375
-13.75,4.75,6477.92236328125
-13.25,4.75,6554.361328125
-12.75,4.75,6631.0546875
-12.25,4.75,6708.31103515625
-11.75,4.75,6786.49169921875
-11.25,4.75,6866.00244140625
-10.75,4.75,6947.25732421875
-10.25,4.75,7030.6572265625
-9.75,4.75,7116.5478515625
-9.25,4.75,7205.20263671875
-8.75,4.75,7296.8056640625
-8.25,4.75,7391.4560546875
-7.75,4.75,7489.16455078125
-7.25,4.75,7589.90380859375
-6.75,4.75,7693.634765625
-6.25,4.75,7800.33056640625
-5.75,4.75,7910.046875
-5.25,4.75,8022.92529296875
-4.75,4.75,8139.20751953125
-4.25,4.75,8259.255859375
-3.75,4.75,8383.5234375
-3.25,4.75,8512.53125
-2.75,4.75,8646.83984375
-2.25,4.75,8786.9931640625
-1.75,4.75,8933.498046875
-1.25,4.75,9086.7744140625
-0.75,4.75,9247.1376953125
-0.25,4.75,9414.78125
0.25,4.75,9589.76953125
0.75,4.75,9772.07421875
1.25,4.75,9961.5673828125
1.75,4.75,10158.064453125
2.25,4.75,10361.3681640625
2.75,4.75,10571.2939453125
3.25,4.75,10787.6787109375
3.75,4.75,11010.3935546875
4.25,4.75,11239.349609375
4.75,4.75,11474.4658203125
5.25,4.75,11715.61328125
5.75,4.75,11962.59375
6.25,4.75,12215.072265625
6.75,4.75,12472.513671875
7.25,4.75,12734.1533203125
7.75,4.75,12998.970703125
8.25,4.75,13265.6474609375
8.75,4.75,13532.5732421875
9.25,4.75,13797.8798828125
9.75,4.75,14059.435546875
10.25,4.75,14314.9111328125
10.75,4.75,14561.8017578125
11.25,4.75,14797.4912109375
11.75,4.75,15019.2939453125
12.25,4.75,15224.4697265625
12.75,4.75,15410.3076171875
13.25,4.75,15574.1279296875
13.75,4.75,15713.3486328125
14.25,4.75,15825.4990234375
14.75,4.75,15908.2822265625
15.25,4.75,15959.595703125
15.75,4.75,15977.5947265625
16.25,4.75,15960.7421875
16.75,4.75,15907.8251953125
17.25,4.75,15817.9814453125
17.75,4.75,15690.7265625
18.25,4.75,15525.9970703125
18.75,4.75,15324.1318359375
19.25,4.75,15085.912109375
19.75,4.75,14812.5478515625
20.25,4.75,14505.697265625
20.75,4.75,14167.45703125
21.25,4.75,13800.365234375
21.75,4.75,13407.337890625
22.25,4.75,12991.642578125
22.75,4.75,12556.7763671875
23.25,4.75,12106.400390625
23.75,4.75,11644.1806640625
24.25,4.75,11173.7060546875
24.75,4.75,10698.3642578125
25.25,4.75,10221.22265625
25.75,4.75,9744.9833984375
26.25,4.75,9271.951171875
26.75,4.75,8804.015625
27.25,4.75,8342.708984375
27.75,4.75,7889.25146484375
28.25,4.75,7444.62255859375
28.75,4.75,7009.65625
29.25,4.75,6585.07861328125
29.75,4.75,6171.5771484375
30.25,4.75,5769.822265625
30.75,4.75,5380.46337890625
31.25,4.75,5004.13720703125
31.75,4.75,4641.4228515625
32.25,4.75,4292.82958984375
32.75,4.75,3958.775390625
33.25,4.75,3639.5791015625
33.75,4.75,3335.45288085937
34.25,4.75,3046.51733398437
34.75,4.75,2772.80834960937
35.25,4.75,2514.30688476562
35.75,4.75,2270.951171875
36.25,4.75,2042.65075683593
36.75,4.75,1829.28112792968
37.25,4.75,1630.69458007812
37.75,4.75,1446.71166992187
38.25,4.75,1277.11291503906
38.75,4.75,1121.62512207031
39.25,4.75,979.907043457031
39.75,4.75,851.548583984375
40.25,4.75,736.047912597656
40.75,4.75,632.821411132812
41.25,4.75,541.205932617187
41.75,4.75,460.462677001953
42.25,4.75,389.786560058593
42.75,4.75,328.325958251953
43.25,4.75,275.185668945312
43.75,4.75,229.447799682617
44.25,4.75,190.243988037109
44.75,4.75,156.806716918945
-44.75,5.25,108.47972869873
-44.25,5.25,121.206420898437
-43.75,5.25,136.216735839843
-43.25,5.25,154.47996520996
-42.75,5.25,176.945602416992
-42.25,5.25,204.558898925781
-41.75,5.25,238.348800659179
-41.25,5.25,279.41616821289
-40.75,5.25,328.88882446289
-40.25,5.25,387.861602783203
-39.75,5.25,457.327026367187
-39.25,5.25,538.091369628906
-38.75,5.25,630.701232910156
-38.25,5.25,735.382873535156
-37.75,5.25,851.989074707031
-37.25,5.25,979.985534667968
-36.75,5.25,1118.47131347656
-36.25,5.25,1266.21960449218
-35.75,5.25,1421.74975585937
-35.25,5.25,1583.41711425781
-34.75,5.25,1749.50744628906
-34.25,5.25,1918.33190917968
-33.75,5.25,2088.30786132812
-33.25,5.25,2258.01953125
-32.75,5.25,2426.25903320312
-32.25,5.25,2592.04077148437
-31.75,5.25,2754.59936523437
-31.25,5.25,2913.36474609375
-30.75,5.25,3067.92797851562
-30.25,5.25,3218.0107421875
-29.75,5.25,3363.4208984375
-29.25,5.25,3504.03271484375
-28.75,5.25,3639.76293945312
-28.25,5.25,3770.564453125
-27.75,5.25,3896.431640625
-27.25,5.25,4017.40600585937
-26.75,5.25,4133.591796875
-26.25,5.25,4245.1630859375
-25.75,5.25,4352.37548828125
-25.25,5.25,4455.56103515625
-24.75,5.25,4555.11572265625
-24.25,5.25,4651.48046875
-23.75,5.25,4745.11962890625
-23.25,5.25,4836.4921875
-22.75,5.25,4926.013671875
-22.25,5.25,5014.0400390625
-21.75,5.25,5100.857421875
-21.25,5.25,5186.65869140625
-20.75,5.25,5271.56396484375
-20.25,5.25,5355.62841796875
-19.75,5.25,5438.859375
-19.25,5.25,5521.24072265625
-18.75,5.25,5602.7548828125
-18.25,5.25,5683.4013671875
-17.75,5.25,5763.1982421875
-17.25,5.25,5842.19140625
-16.75,5.25,5920.45263671875
-16.25,5.25,5998.06591796875
-15.75,5.25,6075.11962890625
-15.25,5.25,6151.7119140625
-14.75,5.25,6227.9423828125
-14.25,5.25,6303.9189453125
-13.75,5.25,6379.78564453125
-13.25,5.25,6455.71875
-12.75,5.25,6531.947265625
-12.25,5.25,6608.7685546875
-11.75,5.25,6686.5234375
-11.25,5.25,6765.603515625
-10.75,5.25,6846.41943359375
-10.25,5.25,6929.37109375
-9.75,5.25,7014.80810546875
-9.25,5.25,7103.015625
-8.75,5.25,7194.18603515625
-8.25,5.25,7288.4169921875
-7.75,5.25,7385.72119140625
-7.25,5.25,7486.048828125
-6.75,5.25,7589.32763671875
-6.25,5.25,7695.50146484375
-5.75,5.25,7804.57373046875
-5.25,5.25,7916.63916015625
-4.75,5.25,8031.9052734375
-4.25,5.25,8150.6962890625
-3.75,5.25,8273.4541015625
-3.25,5.25,8400.701171875
-2.75,5.25,8533.009765625
-2.25,5.25,8670.958984375
-1.75,5.25,8815.083984375
-1.25,5.25,8965.8505859375
-0.75,5.25,9123.611328125
-0.25,5.25,9288.58984375
0.25,5.25,9460.884765625
0.75,5.25,9640.474609375
1.25,5.25,9827.2548828125
1.75,5.25,10021.060546875
2.25,5.25,10221.705078125
2.75,5.25,10429.02734375
3.25,5.25,10642.8896484375
3.75,5.25,10863.2109375
4.25,5.25,11089.94921875
4.75,5.25,11323.05859375
5.25,5.25,11562.4794921875
5.75,5.25,11808.0390625
6.25,5.25,12059.4189453125
6.75,5.25,12316.10546875
7.25,5.25,12577.2880859375
7.75,5.25,12841.8876953125
8.25,5.25,13108.51171875
8.75,5.25,13375.435546875
9.25,5.25,13640.66015625
9.75,5.25,13901.9208984375
10.25,5.25,14156.75
10.75,5.25,14402.525390625
11.25,5.25,14636.5322265625
11.75,5.25,14855.998046875
12.25,5.25,15058.1669921875
12.75,5.25,15240.33984375
13.25,5.25,15399.892578125
13.75,5.25,15534.3447265625
14.25,5.25,15641.3818359375
14.75,5.25,15718.88671875
15.25,5.25,15764.9921875
15.75,5.25,15778.0888671875
16.25,5.25,15756.880859375
16.75,5.25,15700.4130859375
17.25,5.25,15608.03515625
17.75,5.25,15479.44921875
18.25,5.25,15314.7314453125
18.75,5.25,15114.2861328125
19.25,5.25,14878.8984375
19.75,5.25,14609.70703125
20.25,5.25,14308.24609375
20.75,5.25,13976.4248046875
21.25,5.25,13616.55859375
21.75,5.25,13231.3271484375
22.25,5.25,12823.740234375
22.75,5.25,12397.0869140625
23.25,5.25,11954.8173828125
23.75,5.25,11500.4501953125
24.25,5.25,11037.4599609375
24.75,5.25,10569.16796875
25.25,5.25,10098.6142578125
25.75,5.25,9628.517578125
26.25,5.25,9161.2109375
26.75,5.25,8698.63671875
27.25,5.25,8242.388671875
27.75,5.25,7793.74267578125
28.25,5.25,7353.744140625
28.75,5.25,6923.2685546875
29.25,5.25,6503.09033203125
29.75,5.25,6093.93115234375
30.25,5.25,5696.4794921875
30.75,5.25,5311.40576171875
31.25,5.25,4939.3544921875
31.75,5.25,4580.90380859375
32.25,5.25,4236.560546875
32.75,5.25,3906.72607421875
33.25,5.25,3591.6982421875
33.75,5.25,3291.65869140625
34.25,5.25,3006.69409179687
34.75,5.25,2736.79638671875
35.25,5.25,2481.90649414062
35.75,5.25,2241.92236328125
36.25,5.25,2016.72021484375
36.75,5.25,1806.15319824218
37.25,5.25,1610.06469726562
37.75,5.25,1428.27978515625
38.25,5.25,1260.59692382812
38.75,5.25,1106.77087402343
39.25,5.25,966.497497558593
39.75,5.25,839.405090332031
40.25,5.25,725.0302734375
40.75,5.25,622.822692871093
41.25,5.25,532.146728515625
41.75,5.25,452.281463623046
42.25,5.25,382.43359375
42.75,5.25,321.756713867187
43.25,5.25,269.356048583984
43.75,5.25,224.312515258789
44.25,5.25,185.754791259765
44.75,5.25,152.911849975585
-44.75,5.75,107.963623046875
-44.25,5.75,120.1494140625
-43.75,5.75,134.501266479492
-43.25,5.75,151.973815917968
-42.75,5.75,173.497146606445
-42.25,5.75,199.99412536621
-41.75,5.75,232.470718383789
-41.25,5.75,272.005279541015
-40.75,5.75,319.706115722656
-40.25,5.75,376.652709960937
-39.75,5.75,443.829376220703
-39.25,5.75,522.041381835937
-38.75,5.75,611.843994140625
-38.25,5.75,713.480163574218
-37.75,5.75,826.830261230468
-37.25,5.75,951.39501953125
-36.75,5.75,1086.31469726562
-36.25,5.75,1230.40783691406
-35.75,5.75,1382.23889160156
-35.25,5.75,1540.20727539062
-34.75,5.75,1702.6376953125
-34.25,5.75,1867.87365722656
-33.75,5.75,2034.35852050781
-33.25,5.75,2200.69409179687
-32.75,5.75,2365.68505859375
-32.25,5.75,2528.35571289062
-31.75,5.75,2687.94677734375
-31.25,5.75,2843.89526367187
-30.75,5.75,2995.802734375
-30.25,5.75,3143.39965820312
-29.75,5.75,3286.50756835937
-29.25,5.75,3425.01293945312
-28.75,5.75,3558.83618164062
-28.25,5.75,3687.939453125
-27.75,5.75,3812.314453125
-27.25,5.75,3931.99047851562
-26.75,5.75,4047.0546875
-26.25,5.75,4157.65625
-25.75,5.75,4264.021484375
-25.25,5.75,4366.44873046875
-24.75,5.75,4465.30419921875
-24.25,5.75,4561.00634765625
-23.75,5.75,4653.998046875
-23.25,5.75,4744.72509765625
-22.75,5.75,4833.60107421875
-22.25,5.75,4920.9873046875
-21.75,5.75,5007.17041015625
-21.25,5.75,5092.35791015625
-20.75,5.75,5176.6708984375
-20.25,5.75,5260.17236328125
-19.75,5.75,5342.86328125
-19.25,5.75,5424.724609375
-18.75,5.75,5505.728515625
-18.25,5.75,5585.86083984375
-17.75,5.75,5665.1337890625
-17.25,5.75,5743.58935546875
-16.75,5.75,5821.30029296875
-16.25,5.75,5898.35791015625
-15.75,5.75,5974.8662109375
-15.25,5.75,6050.93212890625
-14.75,5.75,6126.6650390625
-14.25,5.75,6202.185546875
-13.75,5.75,6277.62890625
-13.25,5.75,6353.15478515625
-12.75,5.75,6428.982421875
-12.25,5.75,6505.3779296875
-11.75,5.75,6582.6630859375
-11.25,5.75,6661.21044921875
-10.75,5.75,6741.41796875
-10.25,5.75,6823.68115234375
-9.75,5.75,6908.3662109375
-9.25,5.75,6995.7724609375
-8.75,5.75,7086.10791015625
-8.25,5.75,7179.48974609375
-7.75,5.75,7275.9365234375
-7.25,5.75,7375.39794921875
-6.75,5.75,7477.78271484375
-6.25,5.75,7583.00390625
-5.75,5.75,7691.02734375
-5.25,5.75,7801.904296875
-4.75,5.75,7915.79833984375
-4.25,5.75,8033.009765625
-3.75,5.75,8153.9501953125
-3.25,5.75,8279.1435546875
-2.75,5.75,8409.17578125
-2.25,5.75,8544.6455078125
-1.75,5.75,8686.1318359375
-1.25,5.75,8834.140625
-0.75,5.75,8989.0693359375
-0.25,5.75,9151.1826171875
0.25,5.75,9320.6201171875
0.75,5.75,9497.3837890625
1.25,5.75,9681.39453125
1.75,5.75,9872.505859375
2.25,5.75,10070.546875
2.75,5.75,10275.3701171875
3.25,5.75,10486.8583984375
3.75,5.75,10704.955078125
4.25,5.75,10929.6357421875
4.75,5.75,11160.8955078125
5.25,5.75,11398.6826171875
5.75,5.75,11642.85546875
6.25,5.75,11893.10546875
6.75,5.75,12148.8837890625
7.25,5.75,12409.3798828125
7.75,5.75,12673.4501953125
8.25,5.75,12939.6220703125
8.75,5.75,13206.076171875
9.25,5.75,13470.69921875
9.75,5.75,13731.1142578125
10.25,5.75,13984.732421875
10.75,5.75,14228.810546875
11.25,5.75,14460.5625
11.75,5.75,14677.1533203125
12.25,5.75,14875.80859375
12.75,5.75,15053.849609375
13.25,5.75,15208.7353515625
13.75,5.75,15338.0986328125
14.25,5.75,15439.78125
14.75,5.75,15511.8916015625
15.25,5.75,15552.759765625
15.75,5.75,15561.0341796875
16.25,5.75,15535.6650390625
16.75,5.75,15475.927734375
17.25,5.75,15381.3857421875
17.75,5.75,15251.912109375
18.25,5.75,15087.6845703125
18.75,5.75,14889.177734375
19.25,5.75,14657.1630859375
19.75,5.75,14392.7080078125
20.25,5.75,14097.21875
20.75,5.75,13772.42578125
21.25,5.75,13420.423828125
21.75,5.75,13043.6533203125
22.25,5.75,12644.896484375
22.75,5.75,12227.212890625
23.25,5.75,11793.8388671875
23.75,5.75,11348.1474609375
24.25,5.75,10893.4794921875
24.75,5.75,10433.080078125
25.25,5.75,9969.947265625
25.75,5.75,9506.791015625
26.25,5.75,9045.970703125
26.75,5.75,8589.4609375
27.25,5.75,8138.90771484375
27.75,5.75,7695.6357421875
28.25,5.75,7260.740234375
28.75,5.75,6835.13720703125
29.25,5.75,6419.6396484375
29.75,5.75,6014.99267578125
30.25,5.75,5621.9052734375
30.75,5.75,5241.06884765625
31.25,5.75,4873.13623046875
31.75,5.75,4518.69873046875
32.25,5.75,4178.27099609375
32.75,5.75,3852.26586914062
33.25,5.75,3540.97998046875
33.75,5.75,3244.59448242187
34.25,5.75,2963.1845703125
34.75,5.75,2696.73388671875
35.25,5.75,2445.16015625
35.75,5.75,2208.3408203125
36.25,5.75,1986.13049316406
36.75,5.75,1778.36364746093
37.25,5.75,1584.87121582031
37.75,5.75,1405.47351074218
38.25,5.75,1239.9716796875
38.75,5.75,1088.13134765625
39.25,5.75,949.664184570312
39.75,5.75,824.217895507812
40.25,5.75,711.348815917968
40.75,5.75,610.525146484375
41.25,5.75,521.125366210937
41.75,5.75,442.440734863281
42.25,5.75,373.684844970703
42.75,5.75,314.01626586914
43.25,5.75,262.543426513671
43.75,5.75,218.349960327148
44.25,5.75,180.566986083984
44.75,5.75,148.425033569335
-44.75,6.25,107.279640197753
-44.25,6.25,118.849563598632
-43.75,6.25,132.457717895507
-43.25,6.25,149.042190551757
-42.75,6.25,169.510940551757
-42.25,6.25,194.76187133789
-41.75,6.25,225.774978637695
-41.25,6.25,263.603942871093
-40.75,6.25,309.3359375
-40.25,6.25,364.035552978515
-39.75,6.25,428.680480957031
-39.25,6.25,504.079010009765
-38.75,6.25,590.800170898437
-38.25,6.25,689.113220214843
-37.75,6.25,798.932983398437
-37.25,6.25,919.804565429687
-36.75,6.25,1050.91796875
-36.25,6.25,1191.14343261718
-35.75,6.25,1339.09606933593
-35.25,6.25,1493.22045898437
-34.75,6.25,1651.88061523437
-34.25,6.25,1813.45031738281
-33.75,6.25,1976.39135742187
-33.25,6.25,2139.31884765625
-32.75,6.25,2301.04321289062
-32.25,6.25,2460.58740234375
-31.75,6.25,2617.19360351562
-31.25,6.25,2770.29614257812
-30.75,6.25,2919.49951171875
-30.25,6.25,3064.53759765625
-29.75,6.25,3205.23999023437
-29.25,6.25,3341.49682617187
-28.75,6.25,3473.24462890625
-28.25,6.25,3600.44555664062
-27.75,6.25,3723.0927734375
-27.25,6.25,3841.2138671875
-26.75,6.25,3954.88427734375
-26.25,6.25,4064.24072265625
-25.75,6.25,4169.4873046875
-25.25,6.25,4270.904296875
-24.75,6.25,4368.841796875
-24.25,6.25,4463.70068359375
-23.75,6.25,4555.9130859375
-23.25,6.25,4645.921875
-22.75,6.25,4734.1376953125
-22.25,6.25,4820.92529296875
-21.75,6.25,4906.57421875
-21.25,6.25,4991.29443359375
-20.75,6.25,5075.20751953125
-20.25,6.25,5158.36572265625
-19.75,6.25,5240.7607421875
-19.25,6.25,5322.35693359375
-18.75,6.25,5403.107421875
-18.25,6.25,5482.978515625
-17.75,6.25,5561.97021484375
-17.25,6.25,5640.11767578125
-16.75,6.25,5717.49267578125
-16.25,6.25,5794.19140625
-15.75,6.25,5870.328125
-15.25,6.25,5946.02294921875
-14.75,6.25,6021.3955078125
-14.25,6.25,6096.5654296875
-13.75,6.25,6171.658203125
-13.25,6.25,6246.8291015625
-12.75,6.25,6322.2578125
-12.25,6.25,6398.18896484375
-11.75,6.25,6474.9169921875
-11.25,6.25,6552.7861328125
-10.75,6.25,6632.18798828125
-10.25,6.25,6713.5185546875
-9.75,6.25,6797.15234375
-9.25,6.25,6883.41845703125
-8.75,6.25,6972.5498046875
-8.25,6.25,7064.69189453125
-7.75,6.25,7159.88232421875
-7.25,6.25,7258.08203125
-6.75,6.25,7359.189453125
-6.25,6.25,7463.1015625
-5.75,6.25,7569.74462890625
-5.25,6.25,7679.130859375
-4.75,6.25,7791.38671875
-4.25,6.25,7906.7646484375
-3.75,6.25,8025.6630859375
-3.25,6.25,8148.59033203125
-2.75,6.25,8276.1328125
-2.25,6.25,8408.927734375
-1.75,6.25,8547.5810546875
-1.25,6.25,8692.6474609375
-0.75,6.25,8844.57421875
-0.25,6.25,9003.6748046875
0.25,6.25,9170.12890625
0.75,6.25,9343.9921875
1.25,6.25,9525.1962890625
1.75,6.25,9713.6240234375
2.25,6.25,9909.1181640625
2.75,6.25,10111.53515625
3.25,6.25,10320.7685546875
3.75,6.25,10536.7548828125
4.25,6.25,10759.484375
4.75,6.25,10988.951171875
5.25,6.25,11225.1064453125
5.75,6.25,11467.8095703125
6.25,6.25,11716.7392578125
6.75,6.25,11971.34375
7.25,6.25,12230.7705078125
7.75,6.25,12493.837890625
8.25,6.25,12759.00390625
8.75,6.25,13024.3896484375
9.25,6.25,13287.779296875
9.75,6.25,13546.712890625
10.25,6.25,13798.4931640625
10.75,6.25,14040.3076171875
11.25,6.25,14269.27734375
11.75,6.25,14482.546875
12.25,6.25,14677.328125
12.75,6.25,14850.98828125
13.25,6.25,15001.056640625
13.75,6.25,15125.2919921875
14.25,6.25,15221.7158203125
14.75,6.25,15288.6103515625
15.25,6.25,15324.5478515625
15.75,6.25,15328.4013671875
16.25,6.25,15299.34375
16.75,6.25,15236.8681640625
17.25,6.25,15140.712890625
17.75,6.25,15010.8984375
18.25,6.25,14847.7041015625
18.75,6.25,14651.642578125
19.25,6.25,14423.4580078125
19.75,6.25,14164.1630859375
20.25,6.25,13875.037109375
20.75,6.25,13557.6318359375
21.25,6.25,13213.8564453125
21.75,6.25,12845.923828125
22.25,6.25,12456.404296875
22.75,6.25,12048.12109375
23.25,6.25,11624.1328125
23.75,6.25,11187.638671875
24.25,6.25,10741.8544921875
24.75,6.25,10289.9306640625
25.25,6.25,9834.814453125
25.75,6.25,9379.197265625
26.25,6.25,8925.4384765625
26.75,6.25,8475.5517578125
27.25,6.25,8031.20849609375
27.75,6.25,7593.7841796875
28.25,6.25,7164.41064453125
28.75,6.25,6744.03564453125
29.25,6.25,6333.498046875
29.75,6.25,5933.5654296875
30.25,6.25,5544.9599609375
30.75,6.25,5168.3876953125
31.25,6.25,4804.51318359375
31.75,6.25,4453.94775390625
32.25,6.25,4117.224609375
32.75,6.25,3794.7783203125
33.25,6.25,3486.9287109375
33.75,6.25,3193.88061523437
34.25,6.25,2915.72534179687
34.75,6.25,2652.45361328125
35.25,6.25,2403.9892578125
35.75,6.25,2170.2021484375
36.25,6.25,1950.93786621093
36.75,6.25,1746.01623535156
37.25,6.25,1555.25390625
37.75,6.25,1378.45849609375
38.25,6.25,1215.4208984375
38.75,6.25,1065.90051269531
39.25,6.25,929.605590820312
39.75,6.25,806.185974121093
40.25,6.25,695.199890136718
40.75,6.25,596.119445800781
41.25,6.25,508.32730102539
41.75,6.25,431.118988037109
42.25,6.25,363.712188720703
42.75,6.25,305.270355224609
43.25,6.25,254.907104492187
43.75,6.25,211.713638305664
44.25,6.25,174.827941894531
44.75,6.25,143.487228393554
-44.75,6.75,106.382003784179
-44.25,6.75,117.263786315917
-43.75,6.75,130.04702758789
-43.25,6.75,145.651229858398
-42.75,6.75,164.959365844726
-42.25,6.75,188.841186523437
-41.75,6.75,218.247314453125
-41.25,6.75,254.203994750976
-40.75,6.75,297.775451660156
-40.25,6.75,350.011138916015
-39.75,6.75,411.883514404296
-39.25,6.75,484.208068847656
-38.75,6.75,567.574279785156
-38.25,6.75,662.284057617187
-37.75,6.75,768.297241210937
-37.25,6.75,885.212646484375
-36.75,6.75,1012.27825927734
-36.25,6.75,1148.423828125
-35.75,6.75,1292.3193359375
-35.25,6.75,1442.45788574218
-34.75,6.75,1597.24157714843
-34.25,6.75,1755.07165527343
-33.75,6.75,1914.42663574218
-33.25,6.75,2073.92724609375
-32.75,6.75,2232.38061523437
-32.25,6.75,2388.80712890625
-31.75,6.75,2542.4384765625
-31.25,6.75,2692.70434570312
-30.75,6.75,2839.20068359375
-30.25,6.75,2981.6640625
-29.75,6.75,3119.92309570312
-29.25,6.75,3253.87548828125
-28.75,6.75,3383.4599609375
-28.25,6.75,3508.64770507812
-27.75,6.75,3629.43359375
-27.25,6.75,3745.84423828125
-26.75,6.75,3857.95239257812
-26.25,6.75,3965.88818359375
-25.75,6.75,4069.84594726562
-25.25,6.75,4170.095703125
-24.75,6.75,4266.97802734375
-24.25,6.75,4360.8857421875
-23.75,6.75,4452.2490234375
-23.25,6.75,4541.50244140625
-22.75,6.75,4629.06298828125
-22.25,6.75,4715.294921875
-21.75,6.75,4800.48681640625
-21.25,6.75,4884.84521484375
-20.75,6.75,4968.484375
-20.25,6.75,5051.439453125
-19.75,6.75,5133.68798828125
-19.25,6.75,5215.169921875
-18.75,6.75,5295.81787109375
-18.25,6.75,5375.57373046875
-17.75,6.75,5454.423828125
-17.25,6.75,5532.39453125
-16.75,6.75,5609.548828125
-16.25,6.75,5685.9970703125
-15.75,6.75,5761.8564453125
-15.25,6.75,5837.25732421875
-14.75,6.75,5912.32421875
-14.25,6.75,5987.17626953125
-13.75,6.75,6061.9296875
-13.25,6.75,6136.7158203125
-12.75,6.75,6211.6923828125
-12.25,6.75,6287.06787109375
-11.75,6.75,6363.1103515625
-11.25,6.75,6440.142578125
-10.75,6.75,6518.54150390625
-10.25,6.75,6598.7060546875
-9.75,6.75,6681.03125
-9.25,6.75,6765.86669921875
-8.75,6.75,6853.48779296875
-8.25,6.75,6944.07275390625
-7.75,6.75,7037.6865234375
-7.25,6.75,7134.30859375
-6.75,6.75,7233.84228515625
-6.25,6.75,7336.166015625
-5.75,6.75,7441.17626953125
-5.25,6.75,7548.84814453125
-4.75,6.75,7659.26171875
-4.25,6.75,7772.63671875
-3.75,6.75,7889.33447265625
-3.25,6.75,8009.8544921875
-2.75,6.75,8134.78271484375
-2.25,6.75,8264.7724609375
-1.75,6.75,8400.4716796875
-1.25,6.75,8542.4775390625
-0.75,6.75,8691.2900390625
-0.25,6.75,8847.2822265625
0.25,6.75,9010.6796875
0.75,6.75,9181.580078125
1.25,6.75,9359.9560546875
1.75,6.75,9545.703125
2.25,6.75,9738.677734375
2.75,6.75,9938.736328125
3.25,6.75,10145.759765625
3.75,6.75,10359.67578125
4.25,6.75,10580.453125
4.75,6.75,10808.0693359375
5.25,6.75,11042.4609375
5.75,6.75,11283.46875
6.25,6.75,11530.7578125
6.75,6.75,11783.75
7.25,6.75,12041.5791015625
7.75,6.75,12303.0341796875
8.25,6.75,12566.525390625
8.75,6.75,12830.1357421875
9.25,6.75,13091.5927734375
9.75,6.75,13348.36328125
10.25,6.75,13597.6943359375
10.75,6.75,13836.712890625
11.25,6.75,14062.4990234375
11.75,6.75,14272.158203125
12.25,6.75,14462.919921875
12.75,6.75,14632.1875
13.25,6.75,14777.57421875
13.75,6.75,14896.9560546875
14.25,6.75,14988.5166015625
14.75,6.75,15050.708984375
15.25,6.75,15082.3095703125
15.75,6.75,15082.3935546875
16.25,6.75,15050.3369140625
16.75,6.75,14985.8017578125
17.25,6.75,14888.6943359375
17.75,6.75,14759.142578125
18.25,6.75,14597.494140625
18.75,6.75,14404.2900390625
19.25,6.75,14180.2705078125
19.75,6.75,13926.369140625
20.25,6.75,13643.7568359375
20.75,6.75,13333.853515625
21.25,6.75,12998.37890625
21.75,6.75,12639.3701171875
22.25,6.75,12259.181640625
22.75,6.75,11860.44921875
23.25,6.75,11446.0439453125
23.75,6.75,11018.99609375
24.25,6.75,10582.3974609375
24.75,6.75,10139.291015625
25.25,6.75,9692.5712890625
25.75,6.75,9244.8935546875
26.25,6.75,8798.615234375
26.75,6.75,8355.759765625
27.25,6.75,7918.03076171875
27.75,6.75,7486.837890625
28.25,6.75,7063.34033203125
28.75,6.75,6648.5126953125
29.25,6.75,6243.21240234375
29.75,6.75,5848.21875
30.25,6.75,5464.2685546875
30.75,6.75,5092.06787109375
31.25,6.75,4732.2978515625
31.75,6.75,4385.58935546875
32.25,6.75,4052.49780273437
32.75,6.75,3733.49609375
33.25,6.75,3428.939453125
33.75,6.75,3139.06958007812
34.25,6.75,2864.01635742187
34.75,6.75,2603.79931640625
35.25,6.75,2358.361328125
35.75,6.75,2127.58129882812
36.25,6.75,1911.3046875
36.75,6.75,1709.34204101562
37.25,6.75,1521.49438476562
37.75,6.75,1347.54809570312
38.25,6.75,1187.27404785156
38.75,6.75,1040.41174316406
39.25,6.75,906.651733398437
39.75,6.75,785.627136230468
40.25,6.75,676.885070800781
40.75,6.75,579.8896484375
41.25,6.75,494.018127441406
41.75,6.75,418.564392089843
42.25,6.75,352.74819946289
42.75,6.75,295.737274169921
43.25,6.75,246.653457641601
43.75,6.75,204.598602294921
44.25,6.75,168.722442626953
44.75,6.75,138.273056030273
-44.75,7.25,105.216621398925
-44.25,7.25,115.347595214843
-43.75,7.25,127.236511230468
-43.25,7.25,141.781600952148
-42.75,7.25,159.838073730468
-42.25,7.25,182.243881225585
-41.75,7.25,209.917221069335
-41.25,7.25,243.853469848632
-40.75,7.25,285.091827392578
-40.25,7.25,334.665710449218
-39.75,7.25,393.54409790039
-39.25,7.25,462.55288696289
-38.75,7.25,542.307495117187
-38.25,7.25,633.15087890625
-37.75,7.25,735.096496582031
-37.25,7.25,847.805053710937
-36.75,7.25,970.592651367187
-36.25,7.25,1102.45373535156
-35.75,7.25,1242.119140625
-35.25,7.25,1388.13244628906
-34.75,7.25,1538.93530273437
-34.25,7.25,1692.95190429687
-33.75,7.25,1848.67517089843
-33.25,7.25,2004.72741699218
-32.75,7.25,2159.91088867187
-32.25,7.25,2313.23413085937
-31.75,7.25,2463.91625976562
-31.25,7.25,2611.37475585937
-30.75,7.25,2755.1982421875
-30.25,7.25,2895.11547851562
-29.75,7.25,3030.95361328125
-29.25,7.25,3162.61303710937
-28.75,7.25,3290.03637695312
-28.25,7.25,3413.19409179687
-27.75,7.25,3532.08862304687
-27.25,7.25,3646.74780273437
-26.75,7.25,3757.24145507812
-26.25,7.25,3863.69897460937
-25.75,7.25,3966.31127929687
-25.25,7.25,4065.3427734375
-24.75,7.25,4161.12890625
-24.25,7.25,4254.0595703125
-23.75,7.25,4344.56201171875
-23.25,7.25,4433.0693359375
-22.75,7.25,4519.99853515625
-22.25,7.25,4605.7060546875
-21.75,7.25,4690.47998046875
-21.25,7.25,4774.515625
-20.75,7.25,4857.92041015625
-20.25,7.25,4940.71044921875
-19.75,7.25,5022.841796875
-19.25,7.25,5104.232421875
-18.75,7.25,5184.79248046875
-18.25,7.25,5264.4482421875
-17.75,7.25,5343.1669921875
-17.25,7.25,5420.96826171875
-16.75,7.25,5497.9130859375
-16.25,7.25,5574.11083984375
-15.75,7.25,5649.68603515625
-15.25,7.25,5724.779296875
-14.75,7.25,5799.51171875
-14.25,7.25,5873.99755859375
-13.75,7.25,5948.34765625
-13.25,7.25,6022.66162109375
-12.75,7.25,6097.078125
-12.25,7.25,6171.77197265625
-11.75,7.25,6246.984375
-11.25,7.25,6323.01904296875
-10.75,7.25,6400.24072265625
-10.25,7.25,6479.05322265625
-9.75,7.25,6559.87158203125
-9.25,7.25,6643.06982421875
-8.75,7.25,6728.9638671875
-8.25,7.25,6817.76611328125
-7.75,7.25,6909.58154296875
-7.25,7.25,7004.40185546875
-6.75,7.25,7102.1435546875
-6.25,7.25,7202.67138671875
-5.75,7.25,7305.8642578125
-5.25,7.25,7411.6572265625
-4.75,7.25,7520.0849609375
-4.25,7.25,7631.33837890625
-3.75,7.25,7745.73583984375
-3.25,7.25,7863.7626953125
-2.75,7.25,7986.00927734375
-2.25,7.25,8113.1318359375
-1.75,7.25,8245.814453125
-1.25,7.25,8384.705078125
-0.75,7.25,8530.3505859375
-0.25,7.25,8683.18359375
0.25,7.25,8843.48046875
0.75,7.25,9011.384765625
1.25,7.25,9186.900390625
1.75,7.25,9369.9482421875
2.25,7.25,9560.3798828125
2.75,7.25,9758.0537109375
3.25,7.25,9962.828125
3.75,7.25,10174.5986328125
4.25,7.25,10393.2998046875
4.75,7.25,10618.8779296875
5.25,7.25,10851.228515625
5.75,7.25,11090.17578125
6.25,7.25,11335.3544921875
6.75,7.25,11586.1806640625
7.25,7.25,11841.7646484375
7.75,7.25,12100.8896484375
8.25,7.25,12361.966796875
8.75,7.25,12623.0458984375
9.25,7.25,12881.849609375
9.75,7.25,13135.8076171875
10.25,7.25,13382.1416015625
10.75,7.25,13617.9423828125
11.25,7.25,13840.2705078125
11.75,7.25,14046.2314453125
12.25,7.25,14233.048828125
12.75,7.25,14398.1796875
13.25,7.25,14539.298828125
13.75,7.25,14654.3916015625
14.25,7.25,14741.7578125
14.75,7.25,14800.017578125
15.25,7.25,14828.0966796875
15.75,7.25,14825.2470703125
16.25,7.25,14791.0068359375
16.75,7.25,14725.1767578125
17.25,7.25,14627.7841796875
17.75,7.25,14499.044921875
18.25,7.25,14339.365234375
18.75,7.25,14149.30859375
19.25,7.25,13929.5966796875
19.75,7.25,13681.115234375
20.25,7.25,13404.9404296875
20.75,7.25,13102.3935546875
21.25,7.25,12775.0498046875
21.75,7.25,12424.77734375
22.25,7.25,12053.76171875
22.75,7.25,11664.470703125
23.25,7.25,11259.591796875
23.75,7.25,10842.0087890625
24.25,7.25,10414.6787109375
24.75,7.25,9980.5439453125
25.25,7.25,9542.4228515625
25.75,7.25,9102.9267578125
26.25,7.25,8664.3994140625
26.75,7.25,8228.87109375
27.25,7.25,7798.056640625
27.75,7.25,7373.39697265625
28.25,7.25,6956.0732421875
28.75,7.25,6547.0791015625
29.25,7.25,6147.287109375
29.75,7.25,5757.48046875
30.25,7.25,5378.39794921875
30.75,7.25,5010.75244140625
31.25,7.25,4655.23828125
31.75,7.25,4312.49658203125
32.25,7.25,3983.11767578125
32.75,7.25,3667.6103515625
33.25,7.25,3366.375
33.75,7.25,3079.70385742187
34.25,7.25,2807.77587890625
34.75,7.25,2550.65063476562
35.25,7.25,2308.30126953125
35.75,7.25,2080.63012695312
36.25,7.25,1867.48596191406
36.75,7.25,1668.67370605468
37.25,7.25,1483.97778320312
37.75,7.25,1313.16040039062
38.25,7.25,1155.96423339843
38.75,7.25,1012.09600830078
39.25,7.25,881.217834472656
39.75,7.25,762.934814453125
40.25,7.25,656.771423339843
40.75,7.25,562.173461914062
41.25,7.25,478.506896972656
41.75,7.25,405.059783935546
42.25,7.25,341.05142211914
42.75,7.25,285.655090332031
43.25,7.25,238.002334594726
43.75,7.25,197.209289550781
44.25,7.25,162.44090270996
44.75,7.25,132.959869384765
-44.75,7.75,103.728965759277
-44.25,7.75,113.06233215332
-43.75,7.75,124.005516052246
-43.25,7.75,137.432922363281
-42.75,7.75,154.168792724609
-42.25,7.75,175.016387939453
-41.75,7.75,200.857986450195
-41.25,7.75,232.655090332031
-40.75,7.75,271.419555664062
-40.25,7.75,318.16763305664
-39.75,7.75,373.864990234375
-39.25,7.75,439.35122680664
-38.75,7.75,515.272644042968
-38.25,7.75,602.019165039062
-37.75,7.75,699.665466308593
-37.25,7.75,807.943542480468
-36.75,7.75,926.242736816406
-36.25,7.75,1053.63000488281
-35.75,7.75,1188.90161132812
-35.25,7.75,1330.65405273437
-34.75,7.75,1477.36608886718
-34.25,7.75,1627.48889160156
-33.75,7.75,1779.52563476562
-33.25,7.75,1932.09802246093
-32.75,7.75,2084.00048828125
-32.25,7.75,2234.22900390625
-31.75,7.75,2381.98828125
-31.25,7.75,2526.68188476562
-30.75,7.75,2667.88720703125
-30.25,7.75,2805.3232421875
-29.75,7.75,2938.81469726562
-29.25,7.75,3068.25732421875
-28.75,7.75,3193.59399414062
-28.25,7.75,3314.79858398437
-27.75,7.75,3431.87182617187
-27.25,7.75,3544.84350585937
-26.75,7.75,3653.78759765625
-26.25,7.75,3758.82446289062
-25.75,7.75,3860.14501953125
-25.25,7.75,3958.01196289062
-24.75,7.75,4052.75439453125
-24.25,7.75,4144.7578125
-23.75,7.75,4234.443359375
-23.25,7.75,4322.2421875
-22.75,7.75,4408.56005859375
-22.25,7.75,4493.751953125
-21.75,7.75,4578.09326171875
-21.25,7.75,4661.77294921875
-20.75,7.75,4744.88037109375
-20.25,7.75,4827.42041015625
-19.75,7.75,4909.33154296875
-19.25,7.75,4990.51416015625
-18.75,7.75,5070.86328125
-18.25,7.75,5150.291015625
-17.75,7.75,5228.7578125
-17.25,7.75,5306.26904296875
-16.75,7.75,5382.8935546875
-16.25,7.75,5458.7353515625
-15.75,7.75,5533.9296875
-15.25,7.75,5608.6083984375
-14.75,7.75,5682.89599609375
-14.25,7.75,5756.90380859375
-13.75,7.75,5830.71728515625
-13.25,7.75,5904.4306640625
-12.75,7.75,5978.1484375
-12.25,7.75,6052.02197265625
-11.75,7.75,6126.27001953125
-11.25,7.75,6201.17578125
-10.75,7.75,6277.09912109375
-10.25,7.75,6354.44384765625
-9.75,7.75,6433.640625
-9.25,7.75,6515.091796875
-8.75,7.75,6599.142578125
-8.25,7.75,6686.0419921875
-7.75,7.75,6775.9248046875
-7.25,7.75,6868.80517578125
-6.75,7.75,6964.611328125
-6.25,7.75,7063.20068359375
-5.75,7.75,7164.43359375
-5.25,7.75,7268.2158203125
-4.75,7.75,7374.55224609375
-4.25,7.75,7483.58935546875
-3.75,7.75,7595.6220703125
-3.25,7.75,7711.10888671875
-2.75,7.75,7830.638671875
-2.25,7.75,7954.8828125
-1.75,7.75,8084.546875
-1.25,7.75,8220.3125
-0.75,7.75,8362.78515625
-0.25,7.75,8512.4384765625
0.25,7.75,8669.611328125
0.75,7.75,8834.4755859375
1.25,7.75,9007.0791015625
1.75,7.75,9187.3544921875
2.25,7.75,9375.16015625
2.75,7.75,9570.333984375
3.25,7.75,9772.7041015625
3.75,7.75,9982.1318359375
4.25,7.75,10198.505859375
4.75,7.75,10421.7236328125
5.25,7.75,10651.638671875
5.75,7.75,10888.0390625
6.25,7.75,11130.5400390625
6.75,7.75,11378.55078125
7.25,7.75,11631.1826171875
7.75,7.75,11887.228515625
8.25,7.75,12145.12109375
8.75,7.75,12402.935546875
9.25,7.75,12658.40234375
9.75,7.75,12908.9697265625
10.25,7.75,13151.8623046875
10.75,7.75,13384.16796875
11.25,7.75,13602.94921875
11.75,7.75,13805.3095703125
12.25,7.75,13988.490234375
12.75,7.75,14149.970703125
13.25,7.75,14287.46875
13.75,7.75,14399.0556640625
14.25,7.75,14483.1181640625
14.75,7.75,14538.3828125
15.25,7.75,14563.9033203125
15.75,7.75,14559.0478515625
16.25,7.75,14523.47265625
16.75,7.75,14457.0966796875
17.25,7.75,14360.0283203125
17.75,7.75,14232.552734375
18.25,7.75,14075.1240234375
18.75,7.75,13888.32421875
19.25,7.75,13672.8642578125
19.75,7.75,13429.6162109375
20.25,7.75,13159.58984375
20.75,7.75,12864.0283203125
21.25,7.75,12544.4091796875
21.75,7.75,12202.4755859375
22.25,7.75,11840.267578125
22.75,7.75,11460.1005859375
23.25,7.75,11064.5205078125
23.75,7.75,10656.25390625
24.25,7.75,10238.1298828125
24.75,7.75,9812.974609375
25.25,7.75,9383.52734375
25.75,7.75,8952.3447265625
26.25,7.75,8521.7412109375
26.75,7.75,8093.740234375
27.25,7.75,7670.07275390625
27.75,7.75,7252.1865234375
28.25,7.75,6841.2822265625
28.75,7.75,6438.380859375
29.25,7.75,6044.3515625
29.75,7.75,5659.98876953125
30.25,7.75,5286.03173828125
30.75,7.75,4923.193359375
31.25,7.75,4572.17333984375
31.75,7.75,4233.63330078125
32.25,7.75,3908.18774414062
32.75,7.75,3596.38500976562
33.25,7.75,3298.673828125
33.75,7.75,3015.39965820312
34.25,7.75,2746.79248046875
34.75,7.75,2492.95971679687
35.25,7.75,2253.91333007812
35.75,7.75,2029.57775878906
36.25,7.75,1819.8134765625
36.75,7.75,1624.42016601562
37.25,7.75,1443.16564941406
37.75,7.75,1275.78527832031
38.25,7.75,1121.986328125
38.75,7.75,981.439208984375
39.25,7.75,853.766967773437
39.75,7.75,738.540405273437
40.25,7.75,635.252807617187
40.75,7.75,543.3271484375
41.25,7.75,462.11279296875
41.75,7.75,390.889038085937
42.25,7.75,328.875091552734
42.75,7.75,275.249603271484
43.25,7.75,229.156677246093
43.75,7.75,189.728713989257
44.25,7.75,156.149124145507
44.75,7.75,127.69807434082
-44.75,8.25,101.877502441406
-44.25,8.25,110.386070251464
-43.75,8.25,120.353996276855
-43.25,8.25,132.629272460937
-42.75,8.25,148.002548217773
-42.25,8.25,167.239852905273
-41.75,8.25,191.184295654296
-41.25,8.25,220.760848999023
-40.75,8.25,256.951263427734
-40.25,8.25,300.753448486328
-39.75,8.25,353.129608154296
-39.25,8.25,414.934387207031
-38.75,8.25,486.847930908203
-38.25,8.25,569.312255859375
-37.75,8.25,662.469055175781
-37.25,8.25,766.126708984375
-36.75,8.25,879.755126953125
-36.25,8.25,1002.49884033203
-35.75,8.25,1133.2216796875
-35.25,8.25,1270.57727050781
-34.75,8.25,1413.08447265625
-34.25,8.25,1559.22094726562
-33.75,8.25,1707.49975585937
-33.25,8.25,1856.54345703125
-32.75,8.25,2005.13977050781
-32.25,8.25,2152.27197265625
-31.75,8.25,2297.130859375
-31.25,8.25,2439.10595703125
-30.75,8.25,2577.76220703125
-30.25,8.25,2712.80883789062
-29.75,8.25,2844.06420898437
-29.25,8.25,2971.4169921875
-28.75,8.25,3094.8076171875
-28.25,8.25,3214.20703125
-27.75,8.25,3329.615234375
-27.25,8.25,3441.05786132812
-26.75,8.25,3548.6044921875
-26.25,8.25,3652.37329101562
-25.75,8.25,3752.55004882812
-25.25,8.25,3849.38793945312
-24.75,8.25,3943.20776367187
-24.25,8.25,4034.38549804687
-23.75,8.25,4123.33251953125
-23.25,8.25,4210.4677734375
-22.75,8.25,4296.18701171875
-22.25,8.25,4380.82861328125
-21.75,8.25,4464.6630859375
-21.25,8.25,4547.86328125
-20.75,8.25,4630.50927734375
-20.25,8.25,4712.59814453125
-19.75,8.25,4794.05859375
-19.25,8.25,4874.78662109375
-18.75,8.25,4954.66845703125
-18.25,8.25,5033.61181640625
-17.75,8.25,5111.5751953125
-17.25,8.25,5188.5673828125
-16.75,8.25,5264.65576171875
-16.25,8.25,5339.94677734375
-15.75,8.25,5414.56982421875
-15.25,8.25,5488.65673828125
-14.75,8.25,5562.3330078125
-14.25,8.25,5635.69189453125
-13.75,8.25,5708.81494140625
-13.25,8.25,5781.7705078125
-12.75,8.25,5854.646484375
-12.25,8.25,5927.57763671875
-11.75,8.25,6000.75537109375
-11.25,8.25,6074.45849609375
-10.75,8.25,6149.02490234375
-10.25,8.25,6224.87109375
-9.75,8.25,6302.4296875
-9.25,8.25,6382.12109375
-8.75,8.25,6464.3154296875
-8.25,8.25,6549.2841796875
-7.75,8.25,6637.18798828125
-7.25,8.25,6728.06298828125
-6.75,8.25,6821.84033203125
-6.25,8.25,6918.38720703125
-5.75,8.25,7017.55078125
-5.25,8.25,7119.21533203125
-4.75,8.25,7223.36181640625
-4.25,8.25,7330.10205078125
-3.75,8.25,7439.71484375
-3.25,8.25,7552.63818359375
-2.75,8.25,7669.44921875
-2.25,8.25,7790.8251953125
-1.75,8.25,7917.49267578125
-1.25,8.25,8050.16064453125
-0.75,8.25,8189.4736328125
-0.25,8.25,8335.9462890625
0.25,8.25,8489.95703125
0.75,8.25,8651.7255859375
1.25,8.25,8821.3203125
1.75,8.25,8998.685546875
2.25,8.25,9183.6845703125
2.75,8.25,9376.1318359375
3.25,8.25,9575.83203125
3.75,8.25,9782.6005859375
4.25,8.25,9996.2685546875
4.75,8.25,10216.681640625
5.25,8.25,10443.66796875
5.75,8.25,10676.9599609375
6.25,8.25,10916.1640625
6.75,8.25,11160.681640625
7.25,8.25,11409.6513671875
7.75,8.25,11661.9013671875
8.25,8.25,11915.9052734375
8.75,8.25,12169.7900390625
9.25,8.25,12421.34375
9.75,8.25,12668.064453125
10.25,8.25,12907.20703125
10.75,8.25,13135.900390625
11.25,8.25,13351.208984375
11.75,8.25,13550.240234375
12.25,8.25,13730.26171875
12.75,8.25,13888.744140625
13.25,8.25,14023.447265625
13.75,8.25,14132.4541015625
14.25,8.25,14214.212890625
14.75,8.25,14267.5048828125
15.25,8.25,14291.4677734375
15.75,8.25,14285.5283203125
16.25,8.25,14249.4365234375
16.75,8.25,14183.177734375
17.25,8.25,14086.923828125
17.75,8.25,13961.0185546875
18.25,8.25,13805.947265625
18.75,8.25,13622.3291015625
19.25,8.25,13410.892578125
19.75,8.25,13172.4970703125
20.25,8.25,12908.1494140625
20.75,8.25,12619.0400390625
21.25,8.25,12306.5771484375
21.75,8.25,11972.4296875
22.25,8.25,11618.525390625
22.75,8.25,11247.0546875
23.25,8.25,10860.421875
23.75,8.25,10461.2158203125
24.25,8.25,10052.1328125
24.75,8.25,9635.8876953125
25.25,8.25,9215.1201171875
25.75,8.25,8792.322265625
26.25,8.25,8369.763671875
26.75,8.25,7949.44580078125
27.25,8.25,7533.103515625
27.75,8.25,7122.19189453125
28.25,8.25,6717.93212890625
28.75,8.25,6321.3525390625
29.25,8.25,5933.337890625
29.75,8.25,5554.68505859375
30.25,8.25,5186.134765625
30.75,8.25,4828.40283203125
31.25,8.25,4482.19482421875
31.75,8.25,4148.18701171875
32.25,8.25,3827.017578125
32.75,8.25,3519.27099609375
33.25,8.25,3225.43969726562
33.75,8.25,2945.91772460937
34.25,8.25,2680.98559570312
34.75,8.25,2430.79614257812
35.25,8.25,2195.39697265625
35.75,8.25,1974.73913574218
36.25,8.25,1768.69287109375
36.75,8.25,1577.05334472656
37.25,8.25,1399.57141113281
37.75,8.25,1235.95324707031
38.25,8.25,1085.86962890625
38.75,8.25,948.95068359375
39.25,8.25,824.777893066406
39.75,8.25,712.882141113281
40.25,8.25,612.7236328125
40.75,8.25,523.698425292968
41.25,8.25,445.138397216796
41.75,8.25,376.313690185546
42.25,8.25,316.443145751953
42.75,8.25,264.712799072265
43.25,8.25,220.280319213867
43.75,8.25,182.29734802246
44.25,8.25,149.967742919921
44.75,8.25,122.591644287109
-44.75,8.75,99.6458206176757
-44.25,8.75,107.322639465332
-43.75,8.75,116.308555603027
-43.25,8.75,127.422653198242
-42.75,8.75,141.419830322265
-42.25,8.75,159.026748657226
-41.75,8.75,181.045364379882
-41.25,8.75,208.361251831054
-40.75,8.75,241.923736572265
-40.25,8.75,282.710021972656
-39.75,8.75,331.67788696289
-39.25,8.75,389.696746826171
-38.75,8.75,457.481872558593
-38.25,8.75,535.529602050781
-37.75,8.75,624.052307128906
-37.25,8.75,722.938232421875
-36.75,8.75,831.7421875
-36.25,8.75,949.690490722656
-35.75,8.75,1075.71936035156
-35.25,8.75,1208.54174804687
-34.75,8.75,1346.72192382812
-34.25,8.75,1488.76354980468
-33.75,8.75,1633.19641113281
-33.25,8.75,1778.64697265625
-32.75,8.75,1923.89624023437
-32.25,8.75,2067.91918945312
-31.75,8.75,2209.89404296875
-31.25,8.75,2349.19799804687
-30.75,8.75,2485.38549804687
-30.25,8.75,2618.15283203125
-29.75,8.75,2747.30908203125
-29.25,8.75,2872.73608398437
-28.75,8.75,2994.36596679687
-28.25,8.75,3112.16162109375
-27.75,8.75,3226.11572265625
-27.25,8.75,3336.24609375
-26.75,8.75,3442.6142578125
-26.25,8.75,3545.32788085937
-25.75,8.75,3644.56030273437
-25.25,8.75,3740.55004882812
-24.75,8.75,3833.60424804687
-24.25,8.75,3924.078125
-23.75,8.75,4012.3681640625
-23.25,8.75,4098.87158203125
-22.75,8.75,4183.96728515625
-22.25,8.75,4267.98046875
-21.75,8.75,4351.16455078125
-21.25,8.75,4433.68408203125
-20.75,8.75,4515.61572265625
-20.25,8.75,4596.95361328125
-19.75,8.75,4677.63232421875
-19.25,8.75,4757.55029296875
-18.75,8.75,4836.6005859375
-18.25,8.75,4914.70703125
-17.75,8.75,4991.82763671875
-17.25,8.75,5067.98388671875
-16.75,8.75,5143.24072265625
-16.25,8.75,5217.708984375
-15.75,8.75,5291.5146484375
-15.25,8.75,5364.78857421875
-14.75,8.75,5437.64404296875
-14.25,8.75,5510.1669921875
-13.75,8.75,5582.4267578125
-13.25,8.75,5654.4765625
-12.75,8.75,5726.39306640625
-12.25,8.75,5798.29296875
-11.75,8.75,5870.35302734375
-11.25,8.75,5942.83251953125
-10.75,8.75,6016.07373046875
-10.25,8.75,6090.47265625
-9.75,8.75,6166.46435546875
-9.25,8.75,6244.47607421875
-8.75,8.75,6324.8837890625
-8.25,8.75,6407.97607421875
-7.75,8.75,6493.92138671875
-7.25,8.75,6582.7744140625
-6.75,8.75,6674.47900390625
-6.25,8.75,6768.904296875
-5.75,8.75,6865.89599609375
-5.25,8.75,6965.34228515625
-4.75,8.75,7067.2001953125
-4.25,8.75,7171.57275390625
-3.75,8.75,7278.71484375
-3.25,8.75,7389.052734375
-2.75,8.75,7503.15380859375
-2.25,8.75,7621.69189453125
-1.75,8.75,7745.4013671875
-1.25,8.75,7875.0078125
-0.75,8.75,8011.17529296875
-0.25,8.75,8154.45263671875
0.25,8.75,8305.2470703125
0.75,8.75,8463.80859375
1.25,8.75,8630.224609375
1.75,8.75,8804.4599609375
2.25,8.75,8986.3720703125
2.75,8.75,9175.7607421875
3.25,8.75,9372.3984375
3.75,8.75,9576.068359375
4.25,8.75,9786.5546875
4.75,8.75,10003.6533203125
5.25,8.75,10227.1484375
5.75,8.75,10456.7392578125
6.25,8.75,10692.0263671875
6.75,8.75,10932.419921875
7.25,8.75,11177.0869140625
7.75,8.75,11424.9091796875
8.25,8.75,11674.4345703125
8.75,8.75,11923.869140625
9.25,8.75,12171.080078125
9.75,8.75,12413.646484375
10.25,8.75,12648.8955078125
10.75,8.75,12873.9912109375
11.25,8.75,13086.0302734375
11.75,8.75,13282.146484375
12.25,8.75,13459.5869140625
12.75,8.75,13615.8251953125
13.25,8.75,13748.6064453125
13.75,8.75,13856.005859375
14.25,8.75,13936.4619140625
14.75,8.75,13988.7958984375
15.25,8.75,14012.1318359375
15.75,8.75,14005.97265625
16.25,8.75,13970.068359375
16.75,8.75,13904.4541015625
17.25,8.75,13809.361328125
17.75,8.75,13685.1708984375
18.25,8.75,13532.4169921875
18.75,8.75,13351.7607421875
19.25,8.75,13143.9638671875
19.75,8.75,12909.91796875
20.25,8.75,12650.646484375
20.75,8.75,12367.3369140625
21.25,8.75,12061.37890625
21.75,8.75,11734.3857421875
22.25,8.75,11388.2109375
22.75,8.75,11024.9345703125
23.25,8.75,10646.849609375
23.75,8.75,10256.41015625
24.25,8.75,9856.177734375
24.75,8.75,9448.75
25.25,8.75,9036.6484375
25.75,8.75,8622.287109375
26.25,8.75,8207.8759765625
26.75,8.75,7795.3896484375
27.25,8.75,7386.5458984375
27.75,8.75,6982.8037109375
28.25,8.75,6585.39697265625
28.75,8.75,6195.365234375
29.25,8.75,5813.6123046875
29.75,8.75,5440.93896484375
30.25,8.75,5078.09423828125
30.75,8.75,4725.80419921875
31.25,8.75,4384.77783203125
31.75,8.75,4055.70434570312
32.25,8.75,3739.24438476562
32.75,8.75,3436.01049804687
33.25,8.75,3146.53051757812
33.75,8.75,2871.2392578125
34.25,8.75,2610.45629882812
34.75,8.75,2364.37548828125
35.25,8.75,2133.0751953125
35.75,8.75,1916.52355957031
36.25,8.75,1714.60095214843
36.75,8.75,1527.09582519531
37.25,8.75,1353.74108886718
37.75,8.75,1194.21484375
38.25,8.75,1048.1513671875
38.75,8.75,915.139465332031
39.25,8.75,794.719543457031
39.75,8.75,686.383178710937
40.25,8.75,589.556518554687
40.75,8.75,503.609497070312
41.25,8.75,427.856506347656
41.75,8.75,361.560394287109
42.25,8.75,303.940795898437
42.75,8.75,254.192749023437
43.25,8.75,211.490249633789
43.75,8.75,175.005676269531
44.25,8.75,143.965560913085
44.75,8.75,117.69164276123
-44.75,9.25,97.0477752685546
-44.25,9.25,103.904708862304
-43.75,9.25,111.923217773437
-43.25,9.25,121.891242980957
-42.75,9.25,134.526473999023
-42.25,9.25,150.514953613281
-41.75,9.25,170.615585327148
-41.25,9.25,195.672470092773
-40.75,9.25,226.59992980957
-40.25,9.25,264.351959228515
-39.75,9.25,309.87905883789
-39.25,9.25,364.063690185546
-38.75,9.25,427.655120849609
-38.25,9.25,501.203308105468
-37.75,9.25,584.991577148437
-37.25,9.25,678.991455078125
-36.75,9.25,782.844177246093
-36.25,9.25,895.86181640625
-35.75,9.25,1017.05700683593
-35.25,9.25,1145.2080078125
-34.75,9.25,1278.927734375
-34.25,9.25,1416.75537109375
-33.75,9.25,1557.23999023437
-33.25,9.25,1699.01647949218
-32.75,9.25,1840.86767578125
-32.25,9.25,1981.76110839843
-31.75,9.25,2120.86840820312
-31.25,9.25,2257.55297851562
-30.75,9.25,2391.35766601562
-30.25,9.25,2521.96923828125
-29.75,9.25,2649.18139648437
-29.25,9.25,2772.86450195312
-28.75,9.25,2892.93725585937
-28.25,9.25,3009.35131835937
-27.75,9.25,3122.08544921875
-27.25,9.25,3231.14282226562
-26.75,9.25,3336.56860351562
-26.25,9.25,3438.45458984375
-25.75,9.25,3536.95141601562
-25.25,9.25,3632.27783203125
-24.75,9.25,3724.71508789062
-24.25,9.25,3814.59375
-23.75,9.25,3902.27954101562
-23.25,9.25,3988.14868164062
-22.75,9.25,4072.55297851562
-22.25,9.25,4155.80126953125
-21.75,9.25,4238.1328125
-21.25,9.25,4319.7099609375
-20.75,9.25,4400.60791015625
-20.25,9.25,4480.83154296875
-19.75,9.25,4560.3310546875
-19.25,9.25,4639.0224609375
-18.75,9.25,4716.826171875
-18.25,9.25,4793.681640625
-17.75,9.25,4869.5693359375
-17.25,9.25,4944.5205078125
-16.75,9.25,5018.6083984375
-16.25,9.25,5091.9482421875
-15.75,9.25,5164.66455078125
-15.25,9.25,5236.87744140625
-14.75,9.25,5308.6962890625
-14.25,9.25,5380.19482421875
-13.75,9.25,5451.4326171875
-13.25,9.25,5522.45703125
-12.75,9.25,5593.33154296875
-12.25,9.25,5664.16015625
-11.75,9.25,5735.111328125
-11.25,9.25,5806.4296875
-10.75,9.25,5878.43701171875
-10.25,9.25,5951.51611328125
-9.75,9.25,6026.09228515625
-9.25,9.25,6102.5732421875
-8.75,9.25,6181.33056640625
-8.25,9.25,6262.64794921875
-7.75,9.25,6346.703125
-7.25,9.25,6433.55419921875
-6.75,9.25,6523.16015625
-6.25,9.25,6615.4033203125
-5.75,9.25,6710.1455078125
-5.25,9.25,6807.2685546875
-4.75,9.25,6906.74609375
-4.25,9.25,7008.67236328125
-3.75,9.25,7113.29736328125
-3.25,9.25,7221.03662109375
-2.75,9.25,7332.4375
-2.25,9.25,7448.171875
-1.75,9.25,7568.9619140625
-1.25,9.25,7695.533203125
-0.75,9.25,7828.5556640625
-0.25,9.25,7968.5927734375
0.25,9.25,8116.06982421875
0.75,9.25,8271.2509765625
1.25,9.25,8434.248046875
1.75,9.25,8605.029296875
2.25,9.25,8783.4677734375
2.75,9.25,8969.3505859375
3.25,9.25,9162.4404296875
3.75,9.25,9362.484375
4.25,9.25,9569.2333984375
4.75,9.25,9782.453125
5.25,9.25,10001.8798828125
5.75,9.25,10227.203125
6.25,9.25,10458.0107421875
6.75,9.25,10693.7333984375
7.25,9.25,10933.5810546875
7.75,9.25,11176.5
8.25,9.25,11421.1171875
8.75,9.25,11665.748046875
9.25,9.25,11908.3603515625
9.75,9.25,12146.62890625
10.25,9.25,12377.9638671875
10.75,9.25,12599.603515625
11.25,9.25,12808.6767578125
11.75,9.25,13002.3291015625
12.25,9.25,13177.8037109375
12.75,9.25,13332.53125
13.25,9.25,13464.21875
13.75,9.25,13570.9140625
14.25,9.25,13651.0029296875
14.75,9.25,13703.2568359375
15.25,9.25,13726.796875
15.75,9.25,13721.0986328125
16.25,9.25,13685.9404296875
16.75,9.25,13621.37109375
17.25,9.25,13527.63671875
17.75,9.25,13405.1767578125
18.25,9.25,13254.58203125
18.75,9.25,13076.5625
19.25,9.25,12871.943359375
19.75,9.25,12641.6845703125
20.25,9.25,12386.8486328125
20.75,9.25,12108.6669921875
21.25,9.25,11808.5380859375
21.75,9.25,11488.05859375
22.25,9.25,11149.0263671875
22.75,9.25,10793.45703125
23.25,9.25,10423.521484375
23.75,9.25,10041.560546875
24.25,9.25,9650
24.75,9.25,9251.298828125
25.25,9.25,8847.8740234375
25.75,9.25,8442.0263671875
26.25,9.25,8035.89599609375
26.75,9.25,7631.40771484375
27.25,9.25,7230.2509765625
27.75,9.25,6833.88427734375
28.25,9.25,6443.54931640625
28.75,9.25,6060.29736328125
29.25,9.25,5685.052734375
29.75,9.25,5318.63671875
30.25,9.25,4961.81005859375
30.75,9.25,4615.31005859375
31.25,9.25,4279.861328125
31.75,9.25,3956.16357421875
32.25,9.25,3644.89819335937
32.75,9.25,3346.69458007812
33.25,9.25,3062.1083984375
33.75,9.25,2791.60107421875
34.25,9.25,2535.52026367187
34.75,9.25,2294.08642578125
35.25,9.25,2067.396484375
35.75,9.25,1855.43212890625
36.25,9.25,1658.07495117187
36.75,9.25,1475.10583496093
37.25,9.25,1306.23791503906
37.75,9.25,1151.12158203125
38.25,9.25,1009.357421875
38.75,9.25,880.495727539062
39.25,9.25,764.037292480468
39.75,9.25,659.437622070312
40.25,9.25,566.09228515625
40.75,9.25,483.347198486328
41.25,9.25,410.503051757812
41.75,9.25,346.816955566406
42.25,9.25,291.512420654296
42.75,9.25,243.796310424804
43.25,9.25,202.860382080078
43.75,9.25,167.900100708007
44.25,9.25,138.166381835937
44.75,9.25,113.003929138183
-44.75,9.75,94.1252822875976
-44.25,9.75,100.190475463867
-43.75,9.75,107.274833679199
-43.25,9.75,116.133483886718
-42.75,9.75,127.446197509765
-42.25,9.75,141.857589721679
-41.75,9.75,160.082550048828
-41.25,9.75,182.921661376953
-40.75,9.75,211.251770019531
-40.25,9.75,246.000076293945
-39.75,9.75,288.106140136718
-39.25,9.75,338.461181640625
-38.75,9.75,397.844909667968
-38.25,9.75,466.858459472656
-37.75,9.75,545.85400390625
-37.25,9.75,634.885620117187
-36.75,9.75,733.683227539062
-36.25,9.75,841.647338867187
-35.75,9.75,957.874145507812
-35.25,9.75,1081.2119140625
-34.75,9.75,1210.33203125
-34.25,9.75,1343.81506347656
-33.75,9.75,1480.2392578125
-33.25,9.75,1618.25512695312
-32.75,9.75,1756.65197753906
-32.25,9.75,1894.39685058593
-31.75,9.75,2030.65112304687
-31.25,9.75,2164.77221679687
-30.75,9.75,2296.28662109375
-30.25,9.75,2424.86645507812
-29.75,9.75,2550.28857421875
-29.25,9.75,2672.40771484375
-28.75,9.75,2791.1220703125
-28.25,9.75,2906.3681640625
-27.75,9.75,3018.10034179687
-27.25,9.75,3126.30395507812
-26.75,9.75,3231
-26.25,9.75,3332.25439453125
-25.75,9.75,3430.19067382812
-25.25,9.75,3524.99829101562
-24.75,9.75,3616.92211914062
-24.25,9.75,3706.26098632812
-23.75,9.75,3793.34838867187
-23.25,9.75,3878.525390625
-22.75,9.75,3962.12084960937
-22.25,9.75,4044.42211914062
-21.75,9.75,4125.66064453125
-21.25,9.75,4205.994140625
-20.75,9.75,4285.51025390625
-20.25,9.75,4364.234375
-19.75,9.75,4442.14208984375
-19.25,9.75,4519.1845703125
-18.75,9.75,4595.31591796875
-18.25,9.75,4670.50341796875
-17.75,9.75,4744.76025390625
-17.25,9.75,4818.1357421875
-16.75,9.75,4890.71728515625
-16.25,9.75,4962.62060546875
-15.75,9.75,5033.9716796875
-15.25,9.75,5104.888671875
-14.75,9.75,5175.46630859375
-14.25,9.75,5245.77734375
-13.75,9.75,5315.8671875
-13.25,9.75,5385.78369140625
-12.75,9.75,5455.57958984375
-12.25,9.75,5525.35205078125
-11.75,9.75,5595.25732421875
-11.25,9.75,5665.52294921875
-10.75,9.75,5736.44921875
-10.25,9.75,5808.3916015625
-9.75,9.75,5881.740234375
-9.25,9.75,5956.880859375
-8.75,9.75,6034.1572265625
-8.25,9.75,6113.83740234375
-7.75,9.75,6196.091796875
-7.25,9.75,6280.98388671875
-6.75,9.75,6368.482421875
-6.25,9.75,6458.49609375
-5.75,9.75,6550.9033203125
-5.25,9.75,6645.6181640625
-4.75,9.75,6742.6328125
-4.25,9.75,6842.04541015625
-3.75,9.75,6944.11328125
-3.25,9.75,7049.2392578125
-2.75,9.75,7157.95947265625
-2.25,9.75,7270.91650390625
-1.75,9.75,7388.81787109375
-1.25,9.75,7512.36669921875
-0.75,9.75,7642.216796875
-0.25,9.75,7778.92919921875
0.25,9.75,7922.92578125
0.75,9.75,8074.4873046875
1.25,9.75,8233.7353515625
1.75,9.75,8400.6640625
2.25,9.75,8575.1552734375
2.75,9.75,8757.005859375
3.25,9.75,8945.9775390625
3.75,9.75,9141.8046875
4.25,9.75,9344.2333984375
4.75,9.75,9552.9931640625
5.25,9.75,9767.80859375
5.75,9.75,9988.35546875
6.25,9.75,10214.2275390625
6.75,9.75,10444.86328125
7.25,9.75,10679.53125
7.75,9.75,10917.2392578125
8.25,9.75,11156.7109375
8.75,9.75,11396.3642578125
9.25,9.75,11634.27734375
9.75,9.75,11868.23828125
10.25,9.75,12095.759765625
10.75,9.75,12314.1416015625
11.25,9.75,12520.5673828125
11.75,9.75,12712.1884765625
12.25,9.75,12886.2353515625
12.75,9.75,13040.09375
13.25,9.75,13171.404296875
13.75,9.75,13278.125
14.25,9.75,13358.578125
14.75,9.75,13411.45703125
15.25,9.75,13435.8291015625
15.75,9.75,13431.1279296875
16.25,9.75,13397.1005859375
16.75,9.75,13333.8203125
17.25,9.75,13241.5458984375
17.75,9.75,13120.755859375
18.25,9.75,12972.1025390625
18.75,9.75,12796.3720703125
19.25,9.75,12594.484375
19.75,9.75,12367.4619140625
20.25,9.75,12116.4658203125
20.75,9.75,11842.78515625
21.25,9.75,11547.8662109375
21.75,9.75,11233.3095703125
22.25,9.75,10900.9033203125
22.75,9.75,10552.587890625
23.25,9.75,10190.4609375
23.75,9.75,9816.734375
24.25,9.75,9433.7060546875
24.75,9.75,9043.69921875
25.25,9.75,8648.990234375
25.75,9.75,8251.7734375
26.25,9.75,7854.0927734375
26.75,9.75,7457.80859375
27.25,9.75,7064.5693359375
27.75,9.75,6675.8125
28.25,9.75,6292.7861328125
28.75,9.75,5916.56591796875
29.25,9.75,5548.08935546875
29.75,9.75,5188.20703125
30.25,9.75,4837.70703125
30.75,9.75,4497.34765625
31.25,9.75,4167.8720703125
31.75,9.75,3849.99951171875
32.25,9.75,3544.42016601562
32.75,9.75,3251.77954101562
33.25,9.75,2972.64819335937
33.75,9.75,2707.5009765625
34.25,9.75,2456.7001953125
34.75,9.75,2220.47387695312
35.25,9.75,1998.92663574218
35.75,9.75,1792.04248046875
36.25,9.75,1599.69616699218
36.75,9.75,1421.65795898437
37.25,9.75,1257.61962890625
37.75,9.75,1107.20495605468
38.25,9.75,969.983337402343
38.75,9.75,845.470520019531
39.25,9.75,733.133666992187
39.75,9.75,632.39697265625
40.25,9.75,542.629272460937
40.75,9.75,463.158782958984
41.25,9.75,393.275421142578
41.75,9.75,332.235137939453
42.25,9.75,279.268585205078
42.75,9.75,233.59683227539
43.25,9.75,194.432632446289
43.75,9.75,160.996002197265
44.25,9.75,132.564025878906
44.75,9.75,108.505485534667
-44.75,10.25,90.9392700195312
-44.25,10.25,96.2547302246093
-43.75,10.25,102.454231262207
-43.25,10.25,110.259094238281
-42.75,10.25,120.310791015625
-42.25,10.25,133.212600708007
-41.75,10.25,149.63475036621
-41.25,10.25,170.332885742187
-40.75,10.25,196.143188476562
-40.25,10.25,227.96223449707
-39.75,10.25,266.713745117187
-39.25,10.25,313.29165649414
-38.75,10.25,368.5
-38.25,10.25,432.985870361328
-37.75,10.25,507.166381835937
-37.25,10.25,591.176086425781
-36.75,10.25,684.835205078125
-36.25,10.25,787.635925292968
-35.75,10.25,898.763427734375
-35.25,10.25,1017.14593505859
-34.75,10.25,1141.52221679687
-34.25,10.25,1270.52624511718
-33.75,10.25,1402.77416992187
-33.25,10.25,1536.94116210937
-32.75,10.25,1671.82800292968
-32.25,10.25,1806.4052734375
-31.75,10.25,1939.82836914062
-31.25,10.25,2071.44091796875
-30.75,10.25,2200.75415039062
-30.25,10.25,2327.41772460937
-29.75,10.25,2451.19116210937
-29.25,10.25,2571.900390625
-28.75,10.25,2689.42309570312
-28.25,10.25,2803.66870117187
-27.75,10.25,2914.5673828125
-27.25,10.25,3022.07763671875
-26.75,10.25,3126.18969726562
-26.25,10.25,3226.94091796875
-25.75,10.25,3324.41870117187
-25.25,10.25,3418.77514648437
-24.75,10.25,3510.21630859375
-24.25,10.25,3599.00219726562
-23.75,10.25,3685.42724609375
-23.25,10.25,3769.80126953125
-22.75,10.25,3852.421875
-22.25,10.25,3933.5625
-21.75,10.25,4013.44458007812
-21.25,10.25,4092.23388671875
-20.75,10.25,4170.033203125
-20.25,10.25,4246.8974609375
-19.75,10.25,4322.83837890625
-19.25,10.25,4397.8486328125
-18.75,10.25,4471.9248046875
-18.25,10.25,4545.07958984375
-17.75,10.25,4617.35302734375
-17.25,10.25,4688.82421875
-16.75,10.25,4759.59423828125
-16.25,10.25,4829.79296875
-15.75,10.25,4899.5380859375
-15.25,10.25,4968.95166015625
-14.75,10.25,5038.11865234375
-14.25,10.25,5107.1064453125
-13.75,10.25,5175.96142578125
-13.25,10.25,5244.7236328125
-12.75,10.25,5313.44775390625
-12.25,10.25,5382.21826171875
-11.75,10.25,5451.17919921875
-11.25,10.25,5520.53564453125
-10.75,10.25,5590.556640625
-10.25,10.25,5661.55859375
-9.75,10.25,5733.88916015625
-9.25,10.25,5807.88427734375
-8.75,10.25,5883.8525390625
-8.25,10.25,5962.0341796875
-7.75,10.25,6042.578125
-7.25,10.25,6125.5546875
-6.75,10.25,6210.94677734375
-6.25,10.25,6298.68896484375
-5.75,10.25,6388.70361328125
-5.25,10.25,6480.939453125
-4.75,10.25,6575.4169921875
-4.25,10.25,6672.2666015625
-3.75,10.25,6771.751953125
-3.25,10.25,6874.26318359375
-2.75,10.25,6980.32080078125
-2.25,10.25,7090.5322265625
-1.75,10.25,7205.5625
-1.25,10.25,7326.07763671875
-0.75,10.25,7452.6953125
-0.25,10.25,7585.95654296875
0.25,10.25,7726.26953125
0.75,10.25,7873.91845703125
1.25,10.25,8029.04052734375
1.75,10.25,8191.65185546875
2.25,10.25,8361.6650390625
2.75,10.25,8538.9072265625
3.25,10.25,8723.1591796875
3.75,10.25,8914.171875
4.25,10.25,9111.6943359375
4.75,10.25,9315.45703125
5.25,10.25,9525.181640625
5.75,10.25,9740.5361328125
6.25,10.25,9961.1220703125
6.75,10.25,10186.4091796875
7.25,10.25,10415.6943359375
7.75,10.25,10648.0546875
8.25,10.25,10882.3095703125
8.75,10.25,11116.96484375
9.25,10.25,11350.21875
9.75,10.25,11579.9658203125
10.25,10.25,11803.814453125
10.75,10.25,12019.150390625
11.25,10.25,12223.1982421875
11.75,10.25,12413.1298828125
12.25,10.25,12586.138671875
12.75,10.25,12739.5732421875
13.25,10.25,12870.982421875
13.75,10.25,12978.234375
14.25,10.25,13059.55078125
14.75,10.25,13113.5244140625
15.25,10.25,13139.142578125
15.75,10.25,13135.7763671875
16.25,10.25,13103.1416015625
16.75,10.25,13041.28515625
17.25,10.25,12950.5
17.75,10.25,12831.302734375
18.25,10.25,12684.4052734375
18.75,10.25,12510.6884765625
19.25,10.25,12311.15625
19.75,10.25,12086.9521484375
20.25,10.25,11839.3203125
20.75,10.25,11569.6533203125
21.25,10.25,11279.4443359375
21.75,10.25,10970.3466796875
22.25,10.25,10644.134765625
22.75,10.25,10302.720703125
23.25,10.25,9948.1181640625
23.75,10.25,9582.443359375
24.25,10.25,9207.859375
24.75,10.25,8826.544921875
25.25,10.25,8440.6455078125
25.75,10.25,8052.22119140625
26.25,10.25,7663.20166015625
26.75,10.25,7275.3671875
27.25,10.25,6890.30615234375
27.75,10.25,6509.43798828125
28.25,10.25,6133.994140625
28.75,10.25,5765.0673828125
29.25,10.25,5403.630859375
29.75,10.25,5050.56298828125
30.25,10.25,4706.69189453125
30.75,10.25,4372.80517578125
31.25,10.25,4049.67651367187
31.75,10.25,3738.04443359375
32.25,10.25,3438.61596679687
32.75,10.25,3152.0439453125
33.25,10.25,2878.90185546875
33.75,10.25,2619.66552734375
34.25,10.25,2374.69458007812
34.75,10.25,2144.2109375
35.25,10.25,1928.31457519531
35.75,10.25,1726.97705078125
36.25,10.25,1540.06005859375
36.75,10.25,1367.31518554687
37.25,10.25,1208.41284179687
37.75,10.25,1062.95129394531
38.25,10.25,930.471374511718
38.75,10.25,810.460510253906
39.25,10.25,702.356506347656
39.75,10.25,605.559143066406
40.25,10.25,519.417602539062
40.75,10.25,443.247161865234
41.25,10.25,376.332824707031
41.75,10.25,317.93374633789
42.25,10.25,267.29165649414
42.75,10.25,223.645462036132
43.25,10.25,186.23046875
43.75,10.25,154.293960571289
44.25,10.25,127.140251159667
44.75,10.25,104.163291931152
-44.75,10.75,87.558349609375
-44.25,10.75,92.1781005859375
-43.75,10.75,97.5557327270507
-43.25,10.75,104.378181457519
-42.75,10.75,113.249031066894
-42.25,10.75,124.730796813964
-41.75,10.75,139.44871520996
-41.25,10.75,158.112319946289
-40.75,10.75,181.514389038085
-40.25,10.75,210.516296386718
-39.75,10.75,246.019592285156
-39.25,10.75,288.913970947265
-38.75,10.75,340.019958496093
-38.25,10.75,400.022674560546
-37.75,10.75,469.399505615234
-37.25,10.75,548.361572265625
-36.75,10.75,636.818969726562
-36.25,10.75,734.360290527343
-35.75,10.75,840.2666015625
-35.25,10.75,953.555725097656
-34.75,10.75,1073.04638671875
-34.25,10.75,1197.43798828125
-33.75,10.75,1325.39538574218
-33.25,10.75,1455.62707519531
-32.75,10.75,1586.95239257812
-32.25,10.75,1718.34497070312
-31.75,10.75,1848.95471191406
-31.25,10.75,1978.10778808593
-30.75,10.75,2105.29418945312
-30.25,10.75,2230.13647460937
-29.75,10.75,2352.36206054687
-29.25,10.75,2471.77172851562
-28.75,10.75,2588.20874023437
-28.25,10.75,2701.55346679687
-27.75,10.75,2811.70678710937
-27.25,10.75,2918.595703125
-26.75,10.75,3022.17797851562
-26.25,10.75,3122.4560546875
-25.75,10.75,3219.47875976562
-25.25,10.75,3313.35546875
-24.75,10.75,3404.25610351562
-24.25,10.75,3492.39575195312
-23.75,10.75,3578.02905273437
-23.25,10.75,3661.43237304687
-22.75,10.75,3742.8828125
-22.25,10.75,3822.63452148437
-21.75,10.75,3900.90844726562
-21.25,10.75,3977.8779296875
-20.75,10.75,4053.67700195312
-20.25,10.75,4128.38623046875
-19.75,10.75,4202.06396484375
-19.25,10.75,4274.7490234375
-18.75,10.75,4346.48486328125
-18.25,10.75,4417.32666015625
-17.75,10.75,4487.35595703125
-17.25,10.75,4556.6728515625
-16.75,10.75,4625.40625
-16.25,10.75,4693.685546875
-15.75,10.75,4761.64501953125
-15.25,10.75,4829.392578125
-14.75,10.75,4897.02197265625
-14.25,10.75,4964.59765625
-13.75,10.75,5032.1669921875
-13.25,10.75,5099.765625
-12.75,10.75,5167.44580078125
-12.25,10.75,5235.28857421875
-11.75,10.75,5303.41796875
-11.25,10.75,5372.00927734375
-10.75,10.75,5441.29150390625
-10.25,10.75,5511.533203125
-9.75,10.75,5583.0244140625
-9.25,10.75,5656.046875
-8.75,10.75,5730.85205078125
-8.25,10.75,5807.64501953125
-7.75,10.75,5886.5537109375
-7.25,10.75,5967.64697265625
-6.75,10.75,6050.9287109375
-6.25,10.75,6136.37255859375
-5.75,10.75,6223.94580078125
-5.25,10.75,6313.64990234375
-4.75,10.75,6405.548828125
-4.25,10.75,6499.80712890625
-3.75,10.75,6596.69775390625
-3.25,10.75,6696.60791015625
-2.75,10.75,6800.0234375
-2.25,10.75,6907.51220703125
-1.75,10.75,7019.681640625
-1.25,10.75,7137.13525390625
-0.75,10.75,7260.44677734375
-0.25,10.75,7390.10498046875
0.25,10.75,7526.509765625
0.75,10.75,7669.93115234375
1.25,10.75,7820.52880859375
1.75,10.75,7978.35595703125
2.25,10.75,8143.36083984375
2.75,10.75,8315.427734375
3.25,10.75,8494.37890625
3.75,10.75,8680.0126953125
4.25,10.75,8872.1015625
4.75,10.75,9070.4033203125
5.25,10.75,9274.6376953125
5.75,10.75,9484.4931640625
6.25,10.75,9699.5732421875
6.75,10.75,9919.3701171875
7.25,10.75,10143.2158203125
7.75,10.75,10370.23828125
8.25,10.75,10599.3232421875
8.75,10.75,10829.0703125
9.25,10.75,11057.7783203125
9.75,10.75,11283.4375
10.25,10.75,11503.759765625
10.75,10.75,11716.189453125
11.25,10.75,11918.01953125
11.75,10.75,12106.4248046875
12.25,10.75,12278.5888671875
12.75,10.75,12431.791015625
13.25,10.75,12563.515625
13.75,10.75,12671.5244140625
14.25,10.75,12753.9267578125
14.75,10.75,12809.2119140625
15.25,10.75,12836.2783203125
15.75,10.75,12834.421875
16.25,10.75,12803.3037109375
16.75,10.75,12742.9638671875
17.25,10.75,12653.6962890625
17.75,10.75,12536.064453125
18.25,10.75,12390.8486328125
18.75,10.75,12219.0078125
19.25,10.75,12021.6484375
19.75,10.75,11800.029296875
20.25,10.75,11555.4951171875
20.75,10.75,11289.52734375
21.25,10.75,11003.720703125
21.75,10.75,10699.763671875
22.25,10.75,10379.4560546875
22.75,10.75,10044.689453125
23.25,10.75,9697.4169921875
23.75,10.75,9339.6640625
24.25,10.75,8973.478515625
24.75,10.75,8600.8984375
25.25,10.75,8223.9248046875
25.75,10.75,7844.4775390625
26.25,10.75,7464.3623046875
26.75,10.75,7085.25537109375
27.25,10.75,6708.67138671875
27.75,10.75,6335.986328125
28.25,10.75,5968.421875
28.75,10.75,5607.07763671875
29.25,10.75,5252.95703125
29.75,10.75,4906.9814453125
30.25,10.75,4570.02197265625
30.75,10.75,4242.912109375
31.25,10.75,3926.462890625
31.75,10.75,3621.4384765625
32.25,10.75,3328.56494140625
32.75,10.75,3048.49877929687
33.25,10.75,2781.81298828125
33.75,10.75,2528.9697265625
34.25,10.75,2290.31225585937
34.75,10.75,2066.044921875
35.25,10.75,1856.24560546875
35.75,10.75,1660.86462402343
36.25,10.75,1479.7392578125
36.75,10.75,1312.59777832031
37.25,10.75,1159.08703613281
37.75,10.75,1018.78076171875
38.25,10.75,891.194030761718
38.75,10.75,775.789855957031
39.25,10.75,671.984802246093
39.75,10.75,579.159545898437
40.25,10.75,496.651000976562
40.75,10.75,423.767608642578
41.25,10.75,359.795318603515
41.75,10.75,304.001312255859
42.25,10.75,255.642364501953
42.75,10.75,213.977966308593
43.25,10.75,178.269210815429
43.75,10.75,147.791809082031
44.25,10.75,121.878814697265
44.75,10.75,99.9499740600586
-44.75,11.25,84.0486221313476
-44.25,11.25,88.0369491577148
-43.75,11.25,92.667007446289
-43.25,11.25,98.5911865234375
-42.75,11.25,106.376075744628
-42.25,11.25,116.544311523437
-41.75,11.25,129.676651000976
-41.25,11.25,146.435363769531
-40.75,11.25,167.567489624023
-40.25,11.25,193.894454956054
-39.75,11.25,226.289016723632
-39.25,11.25,265.628234863281
-38.75,11.25,312.740264892578
-38.25,11.25,368.339904785156
-37.75,11.25,432.956634521484
-37.25,11.25,506.874389648437
-36.75,11.25,590.092529296875
-36.25,11.25,682.298828125
-35.75,11.25,782.878112792968
-35.25,11.25,890.94970703125
-34.75,11.25,1005.42346191406
-34.25,11.25,1125.07653808593
-33.75,11.25,1248.63500976562
-33.25,11.25,1374.84899902343
-32.75,11.25,1502.56042480468
-32.25,11.25,1630.74780273437
-31.75,11.25,1758.55078125
-31.25,11.25,1885.27478027343
-30.75,11.25,2010.37731933593
-30.25,11.25,2133.44946289062
-29.75,11.25,2254.17700195312
-29.25,11.25,2372.32543945312
-28.75,11.25,2487.70458984375
-28.25,11.25,2600.158203125
-27.75,11.25,2709.55590820312
-27.25,11.25,2815.78930664062
-26.75,11.25,2918.78662109375
-26.25,11.25,3018.51123046875
-25.75,11.25,3114.9775390625
-25.25,11.25,3208.25146484375
-24.75,11.25,3298.4619140625
-24.25,11.25,3385.7861328125
-23.75,11.25,3470.44189453125
-23.25,11.25,3552.67602539062
-22.75,11.25,3632.74194335937
-22.25,11.25,3710.88696289062
-21.75,11.25,3787.33374023437
-21.25,11.25,3862.27368164062
-20.75,11.25,3935.86059570312
-20.25,11.25,4008.21899414062
-19.75,11.25,4079.44750976562
-19.25,11.25,4149.6328125
-18.75,11.25,4218.86474609375
-18.25,11.25,4287.24072265625
-17.75,11.25,4354.87451171875
-17.25,11.25,4421.90087890625
-16.75,11.25,4488.46044921875
-16.25,11.25,4554.701171875
-15.75,11.25,4620.75927734375
-15.25,11.25,4686.74951171875
-14.75,11.25,4752.76708984375
-14.25,11.25,4818.87939453125
-13.75,11.25,4885.13671875
-13.25,11.25,4951.5810546875
-12.75,11.25,5018.255859375
-12.25,11.25,5085.2353515625
-11.75,11.25,5152.623046875
-11.25,11.25,5220.560546875
-10.75,11.25,5289.22998046875
-10.25,11.25,5358.8388671875
-9.75,11.25,5429.611328125
-9.25,11.25,5501.7666015625
-8.75,11.25,5575.5
-8.25,11.25,5650.966796875
-7.75,11.25,5728.27978515625
-7.25,11.25,5807.5009765625
-6.75,11.25,5888.662109375
-6.25,11.25,5971.78173828125
-5.75,11.25,6056.880859375
-5.25,11.25,6144.01953125
-4.75,11.25,6233.31640625
-4.25,11.25,6324.9755859375
-3.75,11.25,6419.28271484375
-3.25,11.25,6516.609375
-2.75,11.25,6617.4140625
-2.25,11.25,6722.2021484375
-1.75,11.25,6831.51318359375
-1.25,11.25,6945.8779296875
-0.75,11.25,7065.80078125
-0.25,11.25,7191.7197265625
0.25,11.25,7323.99609375
0.75,11.25,7462.9033203125
1.25,11.25,7608.61669921875
1.75,11.25,7761.23193359375
2.25,11.25,7920.765625
2.75,11.25,8087.16064453125
3.25,11.25,8260.318359375
3.75,11.25,8440.0986328125
4.25,11.25,8626.3212890625
4.75,11.25,8818.7880859375
5.25,11.25,9017.25
5.75,11.25,9221.40234375
6.25,11.25,9430.86328125
6.75,11.25,9645.13671875
7.25,11.25,9863.57421875
7.75,11.25,10085.3447265625
8.25,11.25,10309.380859375
8.75,11.25,10534.3583984375
9.25,11.25,10758.6396484375
9.75,11.25,10980.31640625
10.25,11.25,11197.1689453125
10.75,11.25,11406.732421875
11.25,11.25,11606.328125
11.75,11.25,11793.169921875
12.25,11.25,11964.419921875
12.75,11.25,12117.3251953125
13.25,11.25,12249.296875
13.75,11.25,12357.9921875
14.25,11.25,12441.439453125
14.75,11.25,12498.0234375
15.25,11.25,12526.546875
15.75,11.25,12526.2275390625
16.25,11.25,12496.6923828125
16.75,11.25,12437.947265625
17.25,11.25,12350.291015625
17.75,11.25,12234.326171875
18.25,11.25,12090.8818359375
18.75,11.25,11920.9970703125
19.25,11.25,11725.8603515625
19.75,11.25,11506.83203125
20.25,11.25,11265.3671875
20.75,11.25,11003.0380859375
21.25,11.25,10721.5263671875
21.75,11.25,10422.572265625
22.25,11.25,10108.0244140625
22.75,11.25,9779.7578125
23.25,11.25,9439.6982421875
23.75,11.25,9089.794921875
24.25,11.25,8731.986328125
24.75,11.25,8368.1904296875
25.25,11.25,8000.25927734375
25.75,11.25,7629.97314453125
26.25,11.25,7258.99951171875
26.75,11.25,6888.89599609375
27.25,11.25,6521.09423828125
27.75,11.25,6156.90576171875
28.25,11.25,5797.5263671875
28.75,11.25,5444.0634765625
29.25,11.25,5097.53759765625
29.75,11.25,4758.921875
30.25,11.25,4429.13720703125
30.75,11.25,4109.0732421875
31.25,11.25,3799.5830078125
31.75,11.25,3501.470703125
32.25,11.25,3215.47827148437
32.75,11.25,2942.27416992187
33.25,11.25,2682.41772460937
33.75,11.25,2436.35473632812
34.25,11.25,2204.40209960937
34.75,11.25,1986.73327636718
35.25,11.25,1783.39147949218
35.75,11.25,1594.29431152343
36.25,11.25,1419.25024414062
36.75,11.25,1257.95690917968
37.25,11.25,1110.03405761718
37.75,11.25,975.029968261718
38.25,11.25,852.438354492187
38.75,11.25,741.702026367187
39.25,11.25,642.221313476562
39.75,11.25,553.365356445312
40.25,11.25,474.464263916015
40.75,11.25,404.826629638671
41.25,11.25,343.744445800781
41.75,11.25,290.497741699218
42.25,11.25,244.362014770507
42.75,11.25,204.620422363281
43.25,11.25,170.56167602539
43.75,11.25,141.491760253906
44.25,11.25,116.77318572998
44.75,11.25,95.8520812988281
-44.75,11.75,80.4663696289062
-44.25,11.75,83.8958358764648
-43.75,11.75,87.8609771728515
-43.25,11.75,92.9801025390625
-42.75,11.75,99.7838821411132
-42.25,11.75,108.756607055664
-41.75,11.75,120.435256958007
-41.25,11.75,135.434692382812
-40.75,11.75,154.45393371582
-40.25,11.75,178.270309448242
-39.75,11.75,207.721237182617
-39.25,11.75,243.662826538085
-38.75,11.75,286.920959472656
-38.25,11.75,338.230682373046
-37.75,11.75,398.165283203125
-37.25,11.75,467.076110839843
-36.75,11.75,545.049499511718
-36.25,11.75,631.87548828125
-35.75,11.75,727.049621582031
-35.25,11.75,829.801696777343
-34.75,11.75,939.145874023437
-34.25,11.75,1053.94921875
-33.75,11.75,1173.00903320312
-33.25,11.75,1295.1240234375
-32.75,11.75,1419.16369628906
-32.25,11.75,1544.11059570312
-31.75,11.75,1669.08984375
-31.25,11.75,1793.37780761718
-30.75,11.75,1916.39501953125
-30.25,11.75,2037.68566894531
-29.75,11.75,2156.89501953125
-29.25,11.75,2273.74194335937
-28.75,11.75,2387.9970703125
-28.25,11.75,2499.46899414062
-27.75,11.75,2607.99291992187
-27.25,11.75,2713.43310546875
-26.75,11.75,2815.681640625
-26.25,11.75,2914.67138671875
-25.75,11.75,3010.37915039062
-25.25,11.75,3102.83959960937
-24.75,11.75,3192.14111328125
-24.25,11.75,3278.42407226562
-23.75,11.75,3361.87890625
-23.25,11.75,3442.724609375
-22.75,11.75,3521.20336914062
-22.25,11.75,3597.55419921875
-21.75,11.75,3672.00854492187
-21.25,11.75,3744.7783203125
-20.75,11.75,3816.04272460937
-20.25,11.75,3885.96435546875
-19.75,11.75,3954.68188476562
-19.25,11.75,4022.32568359375
-18.75,11.75,4089.02197265625
-18.25,11.75,4154.9091796875
-17.75,11.75,4220.130859375
-17.25,11.75,4284.8427734375
-16.75,11.75,4349.20654296875
-16.25,11.75,4413.380859375
-15.75,11.75,4477.50732421875
-15.25,11.75,4541.712890625
-14.75,11.75,4606.09716796875
-14.25,11.75,4670.73388671875
-13.75,11.75,4735.68017578125
-13.25,11.75,4800.97900390625
-12.75,11.75,4866.6767578125
-12.25,11.75,4932.8310546875
-11.75,11.75,4999.52197265625
-11.25,11.75,5066.8525390625
-10.75,11.75,5134.95458984375
-10.25,11.75,5203.97314453125
-9.75,11.75,5274.06396484375
-9.25,11.75,5345.375
-8.75,11.75,5418.0439453125
-8.25,11.75,5492.18310546875
-7.75,11.75,5567.88232421875
-7.25,11.75,5645.2080078125
-6.75,11.75,5724.22216796875
-6.25,11.75,5804.9853515625
-5.75,11.75,5887.58203125
-5.25,11.75,5972.13818359375
-4.75,11.75,6058.82958984375
-4.25,11.75,6147.89306640625
-3.75,11.75,6239.630859375
-3.25,11.75,6334.40771484375
-2.75,11.75,6432.6298828125
-2.25,11.75,6534.74462890625
-1.75,11.75,6641.20458984375
-1.25,11.75,6752.462890625
-0.75,11.75,6868.9384765625
-0.25,11.75,6991.0107421875
0.25,11.75,7119.00341796875
0.75,11.75,7253.1796875
1.25,11.75,7393.7451171875
1.75,11.75,7540.83837890625
2.25,11.75,7694.55029296875
2.75,11.75,7854.91455078125
3.25,11.75,8021.91552734375
3.75,11.75,8195.4970703125
4.25,11.75,8375.556640625
4.75,11.75,8561.9404296875
5.25,11.75,8754.4453125
5.75,11.75,8952.7841796875
6.25,11.75,9156.58203125
6.75,11.75,9365.3564453125
7.25,11.75,9578.4638671875
7.75,11.75,9795.0869140625
8.25,11.75,10014.197265625
8.75,11.75,10234.498046875
9.25,11.75,10454.4287109375
9.75,11.75,10672.1357421875
10.25,11.75,10885.474609375
10.75,11.75,11092.037109375
11.25,11.75,11289.208984375
11.75,11.75,11474.21875
12.25,11.75,11644.244140625
12.75,11.75,11796.513671875
13.25,11.75,11928.37890625
13.75,11.75,12037.4521484375
14.25,11.75,12121.666015625
14.75,11.75,12179.333984375
15.25,11.75,12209.17578125
15.75,11.75,12210.3525390625
16.25,11.75,12182.4384765625
16.75,11.75,12125.4111328125
17.25,11.75,12039.5771484375
17.75,11.75,11925.53515625
18.25,11.75,11784.1611328125
18.75,11.75,11616.544921875
19.25,11.75,11423.9521484375
19.75,11.75,11207.798828125
20.25,11.75,10969.6396484375
20.75,11.75,10711.126953125
21.25,11.75,10434.01171875
21.75,11.75,10140.1171875
22.25,11.75,9831.3125
22.75,11.75,9509.505859375
23.25,11.75,9176.6025390625
23.75,11.75,8834.498046875
24.25,11.75,8485.0498046875
24.75,11.75,8130.06494140625
25.25,11.75,7771.263671875
25.75,11.75,7410.283203125
26.25,11.75,7048.654296875
26.75,11.75,6687.80810546875
27.25,11.75,6329.07275390625
27.75,11.75,5973.67822265625
28.25,11.75,5622.78662109375
28.75,11.75,5277.49169921875
29.25,11.75,4938.837890625
29.75,11.75,4607.83984375
30.25,11.75,4285.47509765625
30.75,11.75,3972.689453125
31.25,11.75,3670.39233398437
31.75,11.75,3379.43041992187
32.25,11.75,3100.5712890625
32.75,11.75,2834.490234375
33.25,11.75,2581.73901367187
33.75,11.75,2342.74096679687
34.25,11.75,2117.77905273437
34.75,11.75,1906.98571777343
35.25,11.75,1710.36413574218
35.75,11.75,1527.79052734375
36.25,11.75,1359.03442382812
36.75,11.75,1203.75891113281
37.25,11.75,1061.5546875
37.75,11.75,931.945861816406
38.25,11.75,814.404113769531
38.75,11.75,708.356750488281
39.25,11.75,613.193298339843
39.75,11.75,528.275756835937
40.25,11.75,452.934356689453
40.75,11.75,386.48291015625
41.25,11.75,328.224151611328
41.75,11.75,277.455383300781
42.25,11.75,233.474060058593
42.75,11.75,195.589233398437
43.25,11.75,163.119064331054
43.75,11.75,135.400817871093
44.25,11.75,111.827102661132
44.75,11.75,91.8706130981445
-44.75,12.25,76.8550567626953
-44.25,12.25,79.8029556274414
-43.75,12.25,83.1904754638671
-43.25,12.25,87.6022491455078
-42.75,12.25,93.5345458984375
-42.25,12.25,101.435012817382
-41.75,12.25,111.798347473144
-41.25,12.25,125.192184448242
-40.75,12.25,142.266296386718
-40.25,12.25,163.750442504882
-39.75,12.25,190.44090270996
-39.25,12.25,223.164886474609
-38.75,12.25,262.736755371093
-38.25,12.25,309.901611328125
-37.75,12.25,365.267883300781
-37.25,12.25,429.247680664062
-36.75,12.25,502.011138916015
-36.25,12.25,583.45166015625
-35.75,12.25,673.179626464843
-35.25,12.25,770.54443359375
-34.75,12.25,874.673400878906
-34.25,12.25,984.534545898437
-33.75,12.25,1099.00549316406
-33.25,12.25,1216.94067382812
-32.75,12.25,1337.23681640625
-32.25,12.25,1458.88317871093
-31.75,12.25,1580.98376464843
-31.25,12.25,1702.78051757812
-30.75,12.25,1823.64709472656
-30.25,12.25,1943.07800292968
-29.75,12.25,2060.6650390625
-29.25,12.25,2176.08129882812
-28.75,12.25,2289.05444335937
-28.25,12.25,2399.35668945312
-27.75,12.25,2506.79516601562
-27.25,12.25,2611.2041015625
-26.75,12.25,2712.44921875
-26.25,12.25,2810.4375
-25.75,12.25,2905.11596679687
-25.25,12.25,2996.48950195312
-24.75,12.25,3084.61352539062
-24.25,12.25,3169.6025390625
-23.75,12.25,3251.61938476562
-23.25,12.25,3330.86743164062
-22.75,12.25,3407.5771484375
-22.25,12.25,3481.99243164062
-21.75,12.25,3554.35375976562
-21.25,12.25,3624.892578125
-20.75,12.25,3693.81762695312
-20.25,12.25,3761.3232421875
-19.75,12.25,3827.58349609375
-19.25,12.25,3892.7626953125
-18.75,12.25,3957.02124023437
-18.25,12.25,4020.52099609375
-17.75,12.25,4083.4306640625
-17.25,12.25,4145.9248046875
-16.75,12.25,4208.17333984375
-16.25,12.25,4270.34716796875
-15.75,12.25,4332.59912109375
-15.25,12.25,4395.0595703125
-14.75,12.25,4457.83935546875
-14.25,12.25,4521.02294921875
-13.75,12.25,4584.6728515625
-13.25,12.25,4648.8359375
-12.75,12.25,4713.5556640625
-12.25,12.25,4778.87548828125
-11.75,12.25,4844.84814453125
-11.25,12.25,4911.54052734375
-10.75,12.25,4979.0263671875
-10.25,12.25,5047.39404296875
-9.75,12.25,5116.728515625
-9.25,12.25,5187.11328125
-8.75,12.25,5258.63525390625
-8.25,12.25,5331.3642578125
-7.75,12.25,5405.37109375
-7.25,12.25,5480.73193359375
-6.75,12.25,5557.53857421875
-6.25,12.25,5635.9013671875
-5.75,12.25,5715.9677734375
-5.25,12.25,5797.9306640625
-4.75,12.25,5882.0126953125
-4.25,12.25,5968.49462890625
-3.75,12.25,6057.6884765625
-3.25,12.25,6149.9404296875
-2.75,12.25,6245.6162109375
-2.25,12.25,6345.0830078125
-1.75,12.25,6448.71728515625
-1.25,12.25,6556.87158203125
-0.75,12.25,6669.8857421875
-0.25,12.25,6788.06787109375
0.25,12.25,6911.70703125
0.75,12.25,7041.05615234375
1.25,12.25,7176.33984375
1.75,12.25,7317.75830078125
2.25,12.25,7465.4755859375
2.75,12.25,7619.6201171875
3.25,12.25,7780.2763671875
3.75,12.25,7947.48388671875
4.25,12.25,8121.22021484375
4.75,12.25,8301.3984375
5.25,12.25,8487.857421875
5.75,12.25,8680.337890625
6.25,12.25,8878.4765625
6.75,12.25,9081.7841796875
7.25,12.25,9289.623046875
7.75,12.25,9501.1728515625
8.25,12.25,9715.4033203125
8.75,12.25,9931.0556640625
9.25,12.25,10146.5986328125
9.75,12.25,10360.2216796875
10.25,12.25,10569.83984375
10.75,12.25,10773.1064453125
11.25,12.25,10967.4580078125
11.75,12.25,11150.16796875
12.25,12.25,11318.4404296875
12.75,12.25,11469.505859375
13.25,12.25,11600.7158203125
13.75,12.25,11709.6435546875
14.25,12.25,11794.177734375
14.75,12.25,11852.5791015625
15.25,12.25,11883.5185546875
15.75,12.25,11886.109375
16.25,12.25,11859.8759765625
16.75,12.25,11804.7724609375
17.25,12.25,11721.087890625
17.75,12.25,11609.4140625
18.25,12.25,11470.6298828125
18.75,12.25,11305.8466796875
19.25,12.25,11116.35546875
19.75,12.25,10903.6220703125
20.25,12.25,10669.251953125
20.75,12.25,10414.9501953125
21.25,12.25,10142.541015625
21.75,12.25,9853.900390625
22.25,12.25,9550.9580078125
22.75,12.25,9235.6455078125
23.25,12.25,8909.8798828125
23.75,12.25,8575.529296875
24.25,12.25,8234.3994140625
24.75,12.25,7888.2060546875
25.25,12.25,7538.56396484375
25.75,12.25,7186.96923828125
26.25,12.25,6834.82373046875
26.75,12.25,6483.4267578125
27.25,12.25,6133.984375
27.75,12.25,5787.6484375
28.25,12.25,5445.5166015625
28.75,12.25,5108.66455078125
29.25,12.25,4778.1474609375
29.75,12.25,4455.0146484375
30.25,12.25,4140.296875
30.75,12.25,3835.00170898437
31.25,12.25,3540.0966796875
31.75,12.25,3256.4736328125
32.25,12.25,2984.93408203125
32.75,12.25,2726.16162109375
33.25,12.25,2480.70361328125
33.75,12.25,2248.95776367187
34.25,12.25,2031.17028808593
34.75,12.25,1827.4306640625
35.25,12.25,1637.69360351562
35.75,12.25,1461.78930664062
36.25,12.25,1299.443359375
36.75,12.25,1150.28308105468
37.25,12.25,1013.86645507812
37.75,12.25,889.691833496093
38.25,12.25,777.2119140625
38.75,12.25,675.840759277343
39.25,12.25,584.96044921875
39.75,12.25,503.931121826171
40.25,12.25,432.087432861328
40.75,12.25,368.752716064453
41.25,12.25,313.245147705078
41.75,12.25,264.881927490234
42.25,12.25,222.98501586914
42.75,12.25,186.891174316406
43.25,12.25,155.94920349121
43.75,12.25,129.527954101562
44.25,12.25,107.050590515136
44.75,12.25,88.0161514282226
-44.75,12.75,73.2455749511718
-44.25,12.75,75.789680480957
-43.75,12.75,78.6867599487304
-43.25,12.75,82.4883804321289
-42.75,12.75,87.6580123901367
-42.25,12.75,94.6086654663086
-41.75,12.75,103.794448852539
-41.25,12.75,115.737098693847
-40.75,12.75,131.036560058593
-40.25,12.75,150.372787475585
-39.75,12.75,174.496231079101
-39.25,12.75,204.198455810546
-38.75,12.75,240.273681640625
-38.25,12.75,283.4677734375
-37.75,12.75,334.415405273437
-37.25,12.75,393.581451416015
-36.75,12.75,461.215362548828
-36.25,12.75,537.311950683593
-35.75,12.75,621.598937988281
-35.25,12.75,713.549438476562
-34.75,12.75,812.411987304687
-34.25,12.75,917.26220703125
-33.75,12.75,1027.064453125
-33.25,12.75,1140.73376464843
-32.75,12.75,1257.19860839843
-32.25,12.75,1375.44909667968
-31.75,12.75,1494.56945800781
-31.25,12.75,1613.76147460937
-30.75,12.75,1732.34545898437
-30.25,12.75,1849.75964355468
-29.75,12.75,1965.54138183593
-29.25,12.75,2079.3134765625
-28.75,12.75,2190.76318359375
-28.25,12.75,2299.62915039062
-27.75,12.75,2405.69067382812
-27.25,12.75,2508.76220703125
-26.75,12.75,2608.68872070312
-26.25,12.75,2705.357421875
-25.75,12.75,2798.69360351562
-25.25,12.75,2888.6767578125
-24.75,12.75,2975.34228515625
-24.25,12.75,3058.779296875
-23.75,12.75,3139.13452148437
-23.25,12.75,3216.60034179687
-22.75,12.75,3291.40307617187
-22.25,12.75,3363.79248046875
-21.75,12.75,3434.02075195312
-21.25,12.75,3502.34130859375
-20.75,12.75,3568.98974609375
-20.25,12.75,3634.18579101562
-19.75,12.75,3698.1318359375
-19.25,12.75,3761.01953125
-18.75,12.75,3823.02807617187
-18.25,12.75,3884.34057617187
-17.75,12.75,3945.13549804687
-17.25,12.75,4005.59643554687
-16.75,12.75,4065.90258789062
-16.25,12.75,4126.2275390625
-15.75,12.75,4186.728515625
-15.25,12.75,4247.55029296875
-14.75,12.75,4308.8076171875
-14.25,12.75,4370.5908203125
-13.75,12.75,4432.9716796875
-13.25,12.75,4495.99853515625
-12.75,12.75,4559.70947265625
-12.25,12.75,4624.13232421875
-11.75,12.75,4689.29638671875
-11.25,12.75,4755.22607421875
-10.75,12.75,4821.94677734375
-10.25,12.75,4889.4912109375
-9.75,12.75,4957.88427734375
-9.25,12.75,5027.1572265625
-8.75,12.75,5097.34814453125
-8.25,12.75,5168.49658203125
-7.75,12.75,5240.6640625
-7.25,12.75,5313.94091796875
-6.75,12.75,5388.44775390625
-6.25,12.75,5464.34814453125
-5.75,12.75,5541.84814453125
-5.25,12.75,5621.19482421875
-4.75,12.75,5702.6689453125
-4.25,12.75,5786.58056640625
-3.75,12.75,5873.24951171875
-3.25,12.75,5963.005859375
-2.75,12.75,6056.15869140625
-2.25,12.75,6153.015625
-1.75,12.75,6253.85595703125
-1.25,12.75,6358.94482421875
-0.75,12.75,6468.5390625
-0.25,12.75,6582.876953125
0.25,12.75,6702.20166015625
0.75,12.75,6826.75830078125
1.25,12.75,6956.79541015625
1.75,12.75,7092.5634765625
2.25,12.75,7234.30224609375
2.75,12.75,7382.23486328125
3.25,12.75,7536.5478515625
3.75,12.75,7697.37353515625
4.25,12.75,7864.77490234375
4.75,12.75,8038.73876953125
5.25,12.75,8219.1455078125
5.75,12.75,8405.7685546875
6.25,12.75,8598.2529296875
6.75,12.75,8796.10546875
7.25,12.75,8998.6728515625
7.75,12.75,9205.1279296875
8.25,12.75,9414.43359375
8.75,12.75,9625.3330078125
9.25,12.75,9836.30859375
9.75,12.75,10045.58984375
10.25,12.75,10251.12890625
10.75,12.75,10450.642578125
11.25,12.75,10641.6142578125
11.75,12.75,10821.390625
12.25,12.75,10987.220703125
12.75,12.75,11136.3720703125
13.25,12.75,11266.2265625
13.75,12.75,11374.3681640625
14.25,12.75,11458.67578125
14.75,12.75,11517.4052734375
15.25,12.75,11549.1943359375
15.75,12.75,11553.12109375
16.25,12.75,11528.6943359375
16.75,12.75,11475.8193359375
17.25,12.75,11394.74609375
17.75,12.75,11286.0390625
18.25,12.75,11150.548828125
18.75,12.75,10989.353515625
19.25,12.75,10803.7392578125
19.75,12.75,10595.1650390625
20.25,12.75,10365.2548828125
20.75,12.75,10115.7392578125
21.25,12.75,9848.4873046875
21.75,12.75,9565.4287109375
22.25,12.75,9268.5439453125
22.75,12.75,8959.814453125
23.25,12.75,8641.1845703125
23.75,12.75,8314.533203125
24.25,12.75,7981.638671875
24.75,12.75,7644.15869140625
25.25,12.75,7303.61962890625
25.75,12.75,6961.40869140625
26.25,12.75,6618.796875
26.75,12.75,6276.94921875
27.25,12.75,5936.9638671875
27.75,12.75,5599.88525390625
28.25,12.75,5266.7470703125
28.75,12.75,4938.5830078125
29.25,12.75,4616.45166015625
29.75,12.75,4301.42333984375
30.25,12.75,3994.57641601562
30.75,12.75,3696.97534179687
31.25,12.75,3409.6455078125
31.75,12.75,3133.52587890625
32.25,12.75,2869.45336914062
32.75,12.75,2618.12475585937
33.25,12.75,2380.0810546875
33.75,12.75,2155.69702148437
34.25,12.75,1945.18505859375
34.75,12.75,1748.58850097656
35.25,12.75,1565.81311035156
35.75,12.75,1396.640625
36.25,12.75,1240.75231933593
36.75,12.75,1097.73498535156
37.25,12.75,967.114685058593
37.75,12.75,848.364685058593
38.25,12.75,740.919860839843
38.75,12.75,644.182800292968
39.25,12.75,557.531066894531
39.75,12.75,480.326416015625
40.25,12.75,411.911010742187
40.75,12.75,351.621032714843
41.25,12.75,298.792694091796
41.75,12.75,252.765396118164
42.25,12.75,212.887054443359
42.75,12.75,178.523559570312
43.25,12.75,149.054138183593
43.75,12.75,123.879814147949
44.25,12.75,102.453842163085
44.75,12.75,84.3016586303711
-44.75,13.25,69.6588287353515
-44.25,13.25,71.8726043701171
-43.75,13.25,74.3616180419921
-43.25,13.25,77.6449584960937
-42.75,13.25,82.15478515625
-42.25,13.25,88.2715911865234
-41.75,13.25,96.4112472534179
-41.25,13.25,107.051078796386
-40.75,13.25,120.741996765136
-40.25,13.25,138.113021850585
-39.75,13.25,159.86572265625
-39.25,13.25,186.750839233398
-38.75,13.25,219.535232543945
-38.25,13.25,258.95703125
-37.75,13.25,305.668029785156
-37.25,13.25,360.178131103515
-36.75,13.25,422.80908203125
-36.25,13.25,493.65298461914
-35.75,13.25,572.553466796875
-35.25,13.25,659.107666015625
-34.75,13.25,752.688903808593
-34.25,13.25,852.484191894531
-33.75,13.25,957.549194335937
-33.25,13.25,1066.86218261718
-32.75,13.25,1179.38464355468
-32.25,13.25,1294.10974121093
-31.75,13.25,1410.09887695312
-31.25,13.25,1526.51098632812
-30.75,13.25,1642.61389160156
-30.25,13.25,1757.78588867187
-29.75,13.25,1871.50842285156
-29.25,13.25,1983.35632324218
-28.75,13.25,2092.97875976562
-28.25,13.25,2200.08471679687
-27.75,13.25,2304.43408203125
-27.25,13.25,2405.82543945312
-26.75,13.25,2504.0927734375
-26.25,13.25,2599.1064453125
-25.75,13.25,2690.7822265625
-25.25,13.25,2779.07958984375
-24.75,13.25,2864.0185546875
-24.25,13.25,2945.67260742187
-23.75,13.25,3024.17626953125
-23.25,13.25,3099.71459960937
-22.75,13.25,3172.51586914062
-22.25,13.25,3242.83618164062
-21.75,13.25,3310.94555664062
-21.25,13.25,3377.11206054687
-20.75,13.25,3441.59692382812
-20.25,13.25,3504.64331054687
-19.75,13.25,3566.47192382812
-19.25,13.25,3627.291015625
-18.75,13.25,3687.29614257812
-18.25,13.25,3746.67333984375
-17.75,13.25,3805.60791015625
-17.25,13.25,3864.28344726562
-16.75,13.25,3922.8779296875
-16.25,13.25,3981.564453125
-15.75,13.25,4040.50439453125
-15.25,13.25,4099.8408203125
-14.75,13.25,4159.69384765625
-14.25,13.25,4220.16162109375
-13.75,13.25,4281.314453125
-13.25,13.25,4343.20166015625
-12.75,13.25,4405.84716796875
-12.25,13.25,4469.2685546875
-11.75,13.25,4533.4638671875
-11.25,13.25,4598.4248046875
-10.75,13.25,4664.13671875
-10.25,13.25,4730.5849609375
-9.75,13.25,4797.75048828125
-9.25,13.25,4865.6240234375
-8.75,13.25,4934.2080078125
-8.25,13.25,5003.529296875
-7.75,13.25,5073.64990234375
-7.25,13.25,5144.67236328125
-6.75,13.25,5216.75537109375
-6.25,13.25,5290.107421875
-5.75,13.25,5364.9853515625
-5.25,13.25,5441.6953125
-4.75,13.25,5520.55224609375
-4.25,13.25,5601.900390625
-3.75,13.25,5686.060546875
-3.25,13.25,5773.3369140625
-2.75,13.25,5863.99658203125
-2.25,13.25,5958.27734375
-1.75,13.25,6056.37744140625
-1.25,13.25,6158.47802734375
-0.75,13.25,6264.74755859375
-0.25,13.25,6375.36279296875
0.25,13.25,6490.5224609375
0.75,13.25,6610.462890625
1.25,13.25,6735.44189453125
1.75,13.25,6865.7587890625
2.25,13.25,7001.71875
2.75,13.25,7143.63134765625
3.25,13.25,7291.7734375
3.75,13.25,7446.36572265625
4.25,13.25,7607.5537109375
4.75,13.25,7775.388671875
5.25,13.25,7949.7978515625
5.75,13.25,8130.58203125
6.25,13.25,8317.3994140625
6.75,13.25,8509.7490234375
7.25,13.25,8706.9658203125
7.75,13.25,8908.2001953125
8.25,13.25,9112.4013671875
8.75,13.25,9318.3046875
9.25,13.25,9524.400390625
9.75,13.25,9728.93359375
10.25,13.25,9929.90625
10.75,13.25,10125.0751953125
11.25,13.25,10312.0048828125
11.75,13.25,10488.1103515625
12.25,13.25,10650.71875
12.75,13.25,10797.1728515625
13.25,13.25,10924.916015625
13.75,13.25,11031.591796875
14.25,13.25,11115.123046875
14.75,13.25,11173.771484375
15.25,13.25,11206.1923828125
15.75,13.25,11211.4482421875
16.25,13.25,11189.017578125
16.75,13.25,11138.7578125
17.25,13.25,11060.8671875
17.75,13.25,10955.841796875
18.25,13.25,10824.466796875
18.75,13.25,10667.7451171875
19.25,13.25,10486.900390625
19.75,13.25,10283.3505859375
20.25,13.25,10058.6796875
20.75,13.25,9814.6259765625
21.25,13.25,9553.072265625
21.75,13.25,9275.9873046875
22.25,13.25,8985.412109375
22.75,13.25,8683.3818359375
23.25,13.25,8371.896484375
23.75,13.25,8052.86572265625
24.25,13.25,7728.0791015625
24.75,13.25,7399.16796875
25.25,13.25,7067.595703125
25.75,13.25,6734.66796875
26.25,13.25,6401.541015625
26.75,13.25,6069.26171875
27.25,13.25,5738.8056640625
27.75,13.25,5411.119140625
28.25,13.25,5087.1533203125
28.75,13.25,4767.89306640625
29.25,13.25,4454.37841796875
29.75,13.25,4147.6943359375
30.25,13.25,3848.95043945312
30.75,13.25,3559.25854492187
31.25,13.25,3279.6962890625
31.75,13.25,3011.24658203125
32.25,13.25,2754.77709960937
32.75,13.25,2511.00170898437
33.25,13.25,2280.45654296875
33.75,13.25,2063.49877929687
34.25,13.25,1860.30310058593
34.75,13.25,1670.87268066406
35.25,13.25,1495.06604003906
35.75,13.25,1332.61853027343
36.25,13.25,1183.16687011718
36.75,13.25,1046.26062011718
37.25,13.25,921.394226074218
37.75,13.25,808.016418457031
38.25,13.25,705.546081542968
38.75,13.25,613.376647949218
39.25,13.25,530.882629394531
39.75,13.25,457.42984008789
40.25,13.25,392.369659423828
40.75,13.25,335.053344726562
41.25,13.25,284.836181640625
41.75,13.25,241.08103942871
42.25,13.25,203.162658691406
42.75,13.25,170.475463867187
43.25,13.25,142.429718017578
43.75,13.25,118.457885742187
44.25,13.25,98.0429763793945
44.75,13.25,80.7364273071289
-44.75,13.75,66.1101684570312
-44.25,13.75,68.0584640502929
-43.75,13.75,70.2127380371093
-43.25,13.75,73.0599975585937
-42.75,13.75,77.0027618408203
-42.25,13.75,82.3910522460937
-41.75,13.75,89.6048583984375
-41.25,13.75,99.079345703125
-40.75,13.75,111.317962646484
-40.25,13.75,126.898880004882
-39.75,13.75,146.473541259765
-39.25,13.75,170.748092651367
-38.75,13.75,200.456573486328
-38.25,13.75,236.322387695312
-37.75,13.75,279.005889892578
-37.25,13.75,329.053070068359
-36.75,13.75,386.850158691406
-36.25,13.75,452.57958984375
-35.75,13.75,526.194519042968
-35.25,13.75,607.414672851562
-34.75,13.75,695.7353515625
-34.25,13.75,790.456115722656
-33.75,13.75,890.724975585937
-33.25,13.75,995.585327148437
-32.75,13.75,1104.03466796875
-32.25,13.75,1215.07019042968
-31.75,13.75,1327.73291015625
-31.25,13.75,1441.13977050781
-30.75,13.75,1554.50561523437
-30.25,13.75,1667.15380859375
-29.75,13.75,1778.51403808593
-29.25,13.75,1888.11486816406
-28.75,13.75,1995.57177734375
-28.25,13.75,2100.57373046875
-27.75,13.75,2202.86376953125
-27.25,13.75,2302.23217773437
-26.75,13.75,2398.50805664062
-26.25,13.75,2491.55419921875
-25.75,13.75,2581.27783203125
-25.25,13.75,2667.6298828125
-24.75,13.75,2750.61572265625
-24.25,13.75,2830.29956054687
-23.75,13.75,2906.80639648437
-23.25,13.75,2980.3193359375
-22.75,13.75,3051.06787109375
-22.25,13.75,3119.31689453125
-21.75,13.75,3185.35205078125
-21.25,13.75,3249.45776367187
-20.75,13.75,3311.9150390625
-20.25,13.75,3372.98315429687
-19.75,13.75,3432.8984375
-19.25,13.75,3491.88256835937
-18.75,13.75,3550.13403320312
-18.25,13.75,3607.84033203125
-17.75,13.75,3665.18408203125
-17.25,13.75,3722.33837890625
-16.75,13.75,3779.4794921875
-16.25,13.75,3836.77124023437
-15.75,13.75,3894.369140625
-15.25,13.75,3952.41137695312
-14.75,13.75,4011.0166015625
-14.25,13.75,4070.27758789062
-13.75,13.75,4130.2568359375
-13.25,13.75,4190.9951171875
-12.75,13.75,4252.50634765625
-12.25,13.75,4314.78369140625
-11.75,13.75,4377.80322265625
-11.25,13.75,4441.5302734375
-10.75,13.75,4505.91796875
-10.25,13.75,4570.91748046875
-9.75,13.75,4636.48779296875
-9.25,13.75,4702.59521484375
-8.75,13.75,4769.23095703125
-8.25,13.75,4836.4189453125
-7.75,13.75,4904.23095703125
-7.25,13.75,4972.796875
-6.75,13.75,5042.306640625
-6.25,13.75,5113.0107421875
-5.75,13.75,5185.2119140625
-5.25,13.75,5259.25244140625
-4.75,13.75,5335.490234375
-4.25,13.75,5414.27587890625
-3.75,13.75,5495.93505859375
-3.25,13.75,5580.74853515625
-2.75,13.75,5668.94091796875
-2.25,13.75,5760.68701171875
-1.75,13.75,5856.1123046875
-1.25,13.75,5955.3193359375
-0.75,13.75,6058.40576171875
-0.25,13.75,6165.48486328125
0.25,13.75,6276.71875
0.75,13.75,6392.318359375
1.25,13.75,6512.556640625
1.75,13.75,6637.76025390625
2.25,13.75,6768.29150390625
2.75,13.75,6904.5263671875
3.25,13.75,7046.810546875
3.75,13.75,7195.44287109375
4.25,13.75,7350.6376953125
4.75,13.75,7512.50146484375
5.25,13.75,7681.00732421875
5.75,13.75,7855.9765625
6.25,13.75,8037.08056640625
6.75,13.75,8223.8212890625
7.25,13.75,8415.5087890625
7.75,13.75,8611.2880859375
8.25,13.75,8810.08203125
8.75,13.75,9010.6171875
9.25,13.75,9211.3935546875
9.75,13.75,9410.6650390625
10.25,13.75,9606.4736328125
10.75,13.75,9796.6416015625
11.25,13.75,9978.8037109375
11.75,13.75,10150.466796875
12.25,13.75,10309.0625
12.75,13.75,10452.04296875
13.25,13.75,10576.9638671875
13.75,13.75,10681.548828125
14.25,13.75,10763.7978515625
14.75,13.75,10822.03515625
15.25,13.75,10854.9443359375
15.75,13.75,10861.5849609375
16.25,13.75,10841.4013671875
16.75,13.75,10794.208984375
17.25,13.75,10720.123046875
17.75,13.75,10619.5439453125
18.25,13.75,10493.1396484375
18.75,13.75,10341.8037109375
19.25,13.75,10166.6552734375
19.75,13.75,9969.0107421875
20.25,13.75,9750.388671875
20.75,13.75,9512.4951171875
21.25,13.75,9257.1982421875
21.75,13.75,8986.509765625
22.25,13.75,8702.5087890625
22.75,13.75,8407.306640625
23.25,13.75,8102.9697265625
23.75,13.75,7791.4716796875
24.25,13.75,7474.6337890625
24.75,13.75,7154.0947265625
25.25,13.75,6831.29443359375
25.75,13.75,6507.4697265625
26.25,13.75,6183.69482421875
26.75,13.75,5860.91015625
27.25,13.75,5539.97998046875
27.75,13.75,5221.74853515625
28.25,13.75,4907.07958984375
28.75,13.75,4596.90478515625
29.25,13.75,4292.2265625
29.75,13.75,3994.126953125
30.25,13.75,3703.73559570312
30.75,13.75,3422.19482421875
31.25,13.75,3150.61987304687
31.75,13.75,2890.03051757812
32.25,13.75,2641.3193359375
32.75,13.75,2405.21240234375
33.25,13.75,2182.24267578125
33.75,13.75,1972.7490234375
34.25,13.75,1776.87719726562
34.75,13.75,1594.59265136718
35.25,13.75,1425.71264648437
35.75,13.75,1269.93103027343
36.25,13.75,1126.84448242187
36.75,13.75,995.968322753906
37.25,13.75,876.769470214843
37.75,13.75,768.675659179687
38.25,13.75,671.091491699218
38.75,13.75,583.401916503906
39.25,13.75,504.981811523437
39.75,13.75,435.200653076171
40.25,13.75,373.4208984375
40.75,13.75,319.008972167968
41.25,13.75,271.339660644531
41.75,13.75,229.799331665039
42.25,13.75,193.788864135742
42.75,13.75,162.731170654296
43.25,13.75,136.066436767578
43.75,13.75,113.257949829101
44.25,13.75,93.8177947998046
44.75,13.75,77.3232803344726
-44.75,14.25,62.6135101318359
-44.25,14.25,64.3495712280273
-43.75,14.25,66.2303695678711
-43.25,14.25,68.7114639282226
-42.75,14.25,72.1669464111328
-42.25,14.25,76.9184951782226
-41.75,14.25,83.3127288818359
-41.25,14.25,91.7452926635742
-40.75,14.25,102.674247741699
-40.25,14.25,116.628547668457
-39.75,14.25,134.20913696289
-39.25,14.25,156.075897216796
-38.75,14.25,182.926376342773
-38.25,14.25,215.463088989257
-37.75,14.25,254.34765625
-37.25,14.25,300.153045654296
-36.75,14.25,353.320129394531
-36.25,14.25,414.111785888671
-35.75,14.25,482.583404541015
-35.25,14.25,558.568908691406
-34.75,14.25,641.681091308593
-34.25,14.25,731.328918457031
-33.75,14.25,826.751770019531
-33.25,14.25,927.060180664062
-32.75,14.25,1031.28833007812
-32.25,14.25,1138.44323730468
-31.75,14.25,1247.54797363281
-31.25,14.25,1357.68444824218
-30.75,14.25,1468.02160644531
-30.25,14.25,1577.83190917968
-29.75,14.25,1686.49951171875
-29.25,14.25,1793.51611328125
-28.75,14.25,1898.47021484375
-28.25,14.25,2001.03137207031
-27.75,14.25,2100.93798828125
-27.25,14.25,2197.974609375
-26.75,14.25,2291.96923828125
-26.25,14.25,2382.78491210937
-25.75,14.25,2470.32104492187
-25.25,14.25,2554.52221679687
-24.75,14.25,2635.38598632812
-24.25,14.25,2712.96606445312
-23.75,14.25,2787.38208007812
-23.25,14.25,2858.814453125
-22.75,14.25,2927.4951171875
-22.25,14.25,2993.697265625
-21.75,14.25,3057.71704101562
-21.25,14.25,3119.85546875
-20.75,14.25,3180.40893554687
-20.25,14.25,3239.650390625
-19.75,14.25,3297.83154296875
-19.25,14.25,3355.17749023437
-18.75,14.25,3411.888671875
-18.25,14.25,3468.15258789062
-17.75,14.25,3524.14282226562
-17.25,14.25,3580.02465820312
-16.75,14.25,3635.95825195312
-16.25,14.25,3692.09594726562
-15.75,14.25,3748.57983398437
-15.25,14.25,3805.533203125
-14.75,14.25,3863.0595703125
-14.25,14.25,3921.23583984375
-13.75,14.25,3980.10888671875
-13.25,14.25,4039.69897460937
-12.75,14.25,4099.99755859375
-12.25,14.25,4160.978515625
-11.75,14.25,4222.591796875
-11.25,14.25,4284.7822265625
-10.75,14.25,4347.4873046875
-10.25,14.25,4410.6455078125
-9.75,14.25,4474.20849609375
-9.25,14.25,4538.14208984375
-8.75,14.25,4602.44873046875
-8.25,14.25,4667.1669921875
-7.75,14.25,4732.39404296875
-7.25,14.25,4798.287109375
-6.75,14.25,4865.06982421875
-6.25,14.25,4933.02734375
-5.75,14.25,5002.50048828125
-5.25,14.25,5073.857421875
-4.75,14.25,5147.474609375
-4.25,14.25,5223.7119140625
-3.75,14.25,5302.8876953125
-3.25,14.25,5385.2578125
-2.75,14.25,5471.00927734375
-2.25,14.25,5560.26123046875
-1.75,14.25,5653.080078125
-1.25,14.25,5749.501953125
-0.75,14.25,5849.5625
-0.25,14.25,5953.32666015625
0.25,14.25,6060.912109375
0.75,14.25,6172.513671875
1.25,14.25,6288.3994140625
1.75,14.25,6408.91650390625
2.25,14.25,6534.46044921875
2.75,14.25,6665.4453125
3.25,14.25,6802.275390625
3.75,14.25,6945.29833984375
4.25,14.25,7094.78759765625
4.75,14.25,7250.88232421875
5.25,14.25,7413.59228515625
5.75,14.25,7582.7705078125
6.25,14.25,7758.08837890625
6.75,14.25,7939.046875
7.25,14.25,8124.96142578125
7.75,14.25,8314.955078125
8.25,14.25,8507.9443359375
8.75,14.25,8702.646484375
9.25,14.25,8897.5654296875
9.75,14.25,9090.990234375
10.25,14.25,9280.9892578125
10.75,14.25,9465.4599609375
11.25,14.25,9642.12890625
11.75,14.25,9808.6142578125
12.25,14.25,9962.4755859375
12.75,14.25,10101.298828125
13.25,14.25,10222.771484375
13.75,14.25,10324.7470703125
14.25,14.25,10405.3310546875
14.75,14.25,10462.9287109375
15.25,14.25,10496.2626953125
15.75,14.25,10504.408203125
16.25,14.25,10486.7841796875
16.75,14.25,10443.126953125
17.25,14.25,10373.4599609375
17.75,14.25,10278.0517578125
18.25,14.25,10157.4296875
18.75,14.25,10012.3251953125
19.25,14.25,9843.7138671875
19.75,14.25,9652.7861328125
20.25,14.25,9440.955078125
20.75,14.25,9209.8623046875
21.25,14.25,8961.3544921875
21.75,14.25,8697.4541015625
22.25,14.25,8420.2890625
22.75,14.25,8132.0458984375
23.25,14.25,7834.87158203125
23.75,14.25,7530.82080078125
24.25,14.25,7221.771484375
24.75,14.25,6909.396484375
25.25,14.25,6595.13525390625
25.75,14.25,6280.19287109375
26.25,14.25,5965.5810546875
26.75,14.25,5652.15185546875
27.25,14.25,5340.67822265625
27.75,14.25,5031.90576171875
28.25,14.25,4726.61767578125
28.75,14.25,4425.67578125
29.25,14.25,4130.0419921875
29.75,14.25,3840.77612304687
30.25,14.25,3559.005859375
30.75,14.25,3285.88916015625
31.25,14.25,3022.56005859375
31.75,14.25,2770.05883789062
32.25,14.25,2529.29345703125
32.75,14.25,2300.99340820312
33.25,14.25,2085.68896484375
33.75,14.25,1883.69958496093
34.25,14.25,1695.14807128906
34.75,14.25,1519.96826171875
35.25,14.25,1357.94384765625
35.75,14.25,1208.73352050781
36.25,14.25,1071.90344238281
36.75,14.25,946.941467285156
37.25,14.25,833.291564941406
37.75,14.25,730.364868164062
38.25,14.25,637.554443359375
38.75,14.25,554.240966796875
39.25,14.25,479.798461914062
39.75,14.25,413.602661132812
40.25,14.25,355.026275634765
40.75,14.25,303.450592041015
41.25,14.25,258.26953125
41.75,14.25,218.891387939453
42.25,14.25,184.742385864257
42.75,14.25,155.272506713867
43.25,14.25,129.950973510742
43.75,14.25,108.270721435546
44.25,14.25,89.7722930908203
44.75,14.25,74.0584487915039
-44.75,14.75,59.184715270996
-44.25,14.75,60.748908996582
-43.75,14.75,62.4040489196777
-43.25,14.75,64.5750122070312
-42.75,14.75,67.6088256835937
-42.25,14.75,71.8007583618164
-41.75,14.75,77.4665374755859
-41.25,14.75,84.9651260375976
-40.75,14.75,94.7120742797851
-40.25,14.75,107.189125061035
-39.75,14.75,122.948089599609
-39.25,14.75,142.60220336914
-38.75,14.75,166.810073852539
-38.25,14.75,196.248672485351
-37.75,14.75,231.573944091796
-37.25,14.75,273.376892089843
-36.75,14.75,322.142211914062
-36.25,14.75,378.202423095703
-35.75,14.75,441.703002929687
-35.25,14.75,512.582397460937
-34.75,14.75,590.562377929687
-34.25,14.75,675.155883789062
-33.75,14.75,765.691223144531
-33.25,14.75,861.345520019531
-32.75,14.75,961.194396972656
-32.25,14.75,1064.25939941406
-31.75,14.75,1169.55407714843
-31.25,14.75,1276.13500976562
-30.75,14.75,1383.1328125
-30.25,14.75,1489.78198242187
-29.75,14.75,1595.42919921875
-29.25,14.75,1699.53674316406
-28.75,14.75,1801.67309570312
-28.25,14.75,1901.49829101562
-27.75,14.75,1998.74536132812
-27.25,14.75,2093.19897460937
-26.75,14.75,2184.68872070312
-26.25,14.75,2273.07592773437
-25.75,14.75,2358.2578125
-25.25,14.75,2440.17065429687
-24.75,14.75,2518.80517578125
-24.25,14.75,2594.205078125
-23.75,14.75,2666.48413085937
-23.25,14.75,2735.8173828125
-22.75,14.75,2802.439453125
-22.25,14.75,2866.62841796875
-21.75,14.75,2928.68774414062
-21.25,14.75,2988.9345703125
-20.75,14.75,3047.67431640625
-20.25,14.75,3105.1943359375
-19.75,14.75,3161.75903320312
-19.25,14.75,3217.59765625
-18.75,14.75,3272.91528320312
-18.25,14.75,3327.89819335937
-17.75,14.75,3382.71044921875
-17.25,14.75,3437.50732421875
-16.75,14.75,3492.43579101562
-16.25,14.75,3547.62622070312
-15.75,14.75,3603.20092773437
-15.25,14.75,3659.25756835937
-14.75,14.75,3715.8720703125
-14.25,14.75,3773.08984375
-13.75,14.75,3830.92846679687
-13.25,14.75,3889.3740234375
-12.75,14.75,3948.39038085937
-12.25,14.75,4007.92114257812
-11.75,14.75,4067.89697265625
-11.25,14.75,4128.25
-10.75,14.75,4188.91455078125
-10.25,14.75,4249.8349609375
-9.75,14.75,4310.9765625
-9.25,14.75,4372.3349609375
-8.75,14.75,4433.9375
-8.25,14.75,4495.8603515625
-7.75,14.75,4558.23876953125
-7.25,14.75,4621.26025390625
-6.75,14.75,4685.1884765625
-6.25,14.75,4750.33203125
-5.75,14.75,4817.05419921875
-5.25,14.75,4885.73828125
-4.75,14.75,4956.7646484375
-4.25,14.75,5030.49072265625
-3.75,14.75,5107.2158203125
-3.25,14.75,5187.173828125
-2.75,14.75,5270.51513671875
-2.25,14.75,5357.3134765625
-1.75,14.75,5447.58642578125
-1.25,14.75,5541.3251953125
-0.75,14.75,5638.513671875
-0.25,14.75,5739.17138671875
0.25,14.75,5843.38671875
0.75,14.75,5951.3291015625
1.25,14.75,6063.2626953125
1.75,14.75,6179.5341796875
2.25,14.75,6300.54931640625
2.75,14.75,6426.75
3.25,14.75,6558.5615234375
3.75,14.75,6696.3662109375
4.25,14.75,6840.45556640625
4.75,14.75,6991.0068359375
5.25,14.75,7148.04638671875
5.75,14.75,7311.44140625
6.25,14.75,7480.87744140625
6.75,14.75,7655.859375
7.25,14.75,7835.69921875
7.75,14.75,8019.5224609375
8.25,14.75,8206.2431640625
8.75,14.75,8394.5888671875
9.25,14.75,8583.07421875
9.75,14.75,8770.021484375
10.25,14.75,8953.56640625
10.75,14.75,9131.671875
11.25,14.75,9302.1826171875
11.75,14.75,9462.83203125
12.25,14.75,9611.3388671875
12.75,14.75,9745.4453125
13.25,14.75,9862.9931640625
13.75,14.75,9961.986328125
14.25,14.75,10040.654296875
14.75,14.75,10097.494140625
15.25,14.75,10131.2890625
15.75,14.75,10141.115234375
16.25,14.75,10126.3583984375
16.75,14.75,10086.6728515625
17.25,14.75,10021.9560546875
17.75,14.75,9932.333984375
18.25,14.75,9818.146484375
18.75,14.75,9679.9619140625
19.25,14.75,9518.57421875
19.75,14.75,9335.0146484375
20.25,14.75,9130.578125
20.75,14.75,8906.8193359375
21.25,14.75,8665.548828125
21.75,14.75,8408.783203125
22.25,14.75,8138.70458984375
22.75,14.75,7857.56298828125
23.25,14.75,7567.595703125
23.75,14.75,7270.939453125
24.25,14.75,6969.55224609375
24.75,14.75,6665.1591796875
25.25,14.75,6359.22021484375
25.75,14.75,6052.939453125
26.25,14.75,5747.28125
26.75,14.75,5443.04296875
27.25,14.75,5140.91796875
27.75,14.75,4841.5732421875
28.25,14.75,4545.7119140625
28.75,14.75,4254.12841796875
29.25,14.75,3967.73559570312
29.75,14.75,3687.55346679687
30.25,14.75,3414.69287109375
30.75,14.75,3150.30151367187
31.25,14.75,2895.51196289062
31.75,14.75,2651.36645507812
32.25,14.75,2418.76904296875
32.75,14.75,2198.44775390625
33.25,14.75,1990.92004394531
33.75,14.75,1796.49060058593
34.25,14.75,1615.25964355468
34.75,14.75,1447.13806152343
35.25,14.75,1291.88464355468
35.75,14.75,1149.13403320312
36.25,14.75,1018.43096923828
36.75,14.75,899.244079589843
37.25,14.75,791.001831054687
37.75,14.75,693.10498046875
38.25,14.75,604.939514160156
38.75,14.75,525.883544921875
39.25,14.75,455.313079833984
39.75,14.75,392.60986328125
40.25,14.75,337.15640258789
40.75,14.75,288.348388671875
41.25,14.75,245.596908569335
41.75,14.75,208.330902099609
42.25,14.75,175.99998474121
42.75,14.75,148.079757690429
43.25,14.75,124.066780090332
43.75,14.75,103.48249053955
44.25,14.75,85.8951187133789
44.75,14.75,70.9325714111328
-44.75,15.25,55.8431892395019
-44.25,15.25,57.2631301879882
-43.75,15.25,58.7271156311035
-43.25,15.25,60.6302452087402
-42.75,15.25,63.2938957214355
-42.25,15.25,66.9888229370117
-41.75,15.25,72.0023956298828
-41.25,15.25,78.6598587036132
-40.75,15.25,87.3372650146484
-40.25,15.25,98.4720382690429
-39.75,15.25,112.568969726562
-39.25,15.25,130.195281982421
-38.75,15.25,151.96923828125
-38.25,15.25,178.539093017578
-37.75,15.25,210.548233032226
-37.25,15.25,248.597213745117
-36.75,15.25,293.20327758789
-36.25,15.25,344.75552368164
-35.75,15.25,403.476837158203
-35.25,15.25,469.397552490234
-34.75,15.25,542.337951660156
-34.25,15.25,621.907653808593
-33.75,15.25,707.519714355468
-33.25,15.25,798.418640136718
-32.75,15.25,893.725646972656
-32.25,15.25,992.484558105468
-31.75,15.25,1093.71057128906
-31.25,15.25,1196.4462890625
-30.75,15.25,1299.79907226562
-30.25,15.25,1402.9755859375
-29.75,15.25,1505.296875
-29.25,15.25,1606.2060546875
-28.75,15.25,1705.25927734375
-28.25,15.25,1802.10888671875
-27.75,15.25,1896.48596191406
-27.25,15.25,1988.17736816406
-26.75,15.25,2077.01098632812
-26.25,15.25,2162.84765625
-25.75,15.25,2245.57788085937
-25.25,15.25,2325.130859375
-24.75,15.25,2401.48754882812
-24.25,15.25,2474.67993164062
-23.75,15.25,2544.81494140625
-23.25,15.25,2612.0595703125
-22.75,15.25,2676.64599609375
-22.25,15.25,2738.853515625
-21.75,15.25,2798.9931640625
-21.25,15.25,2857.38916015625
-20.75,15.25,2914.3603515625
-20.25,15.25,2970.20556640625
-19.75,15.25,3025.19897460937
-19.25,15.25,3079.58251953125
-18.75,15.25,3133.5673828125
-18.25,15.25,3187.33813476562
-17.75,15.25,3241.06176757812
-17.25,15.25,3294.88403320312
-16.75,15.25,3348.93310546875
-16.25,15.25,3403.3212890625
-15.75,15.25,3458.13940429687
-15.25,15.25,3513.45068359375
-14.75,15.25,3569.28930664062
-14.25,15.25,3625.65747070312
-13.75,15.25,3682.52587890625
-13.25,15.25,3739.8330078125
-12.75,15.25,3797.50463867187
-12.25,15.25,3855.45092773437
-11.75,15.25,3913.5849609375
-11.25,15.25,3971.83032226562
-10.75,15.25,4030.13305664062
-10.25,15.25,4088.46044921875
-9.75,15.25,4146.81640625
-9.25,15.25,4205.24365234375
-8.75,15.25,4263.82275390625
-8.25,15.25,4322.67919921875
-7.75,15.25,4381.9990234375
-7.25,15.25,4442.01416015625
-6.75,15.25,4503.0126953125
-6.25,15.25,4565.32861328125
-5.75,15.25,4629.33203125
-5.25,15.25,4695.4052734375
-4.75,15.25,4763.916015625
-4.25,15.25,4835.205078125
-3.75,15.25,4909.548828125
-3.25,15.25,4987.146484375
-2.75,15.25,5068.1181640625
-2.25,15.25,5152.501953125
-1.75,15.25,5240.28173828125
-1.25,15.25,5331.40771484375
-0.75,15.25,5425.83349609375
-0.25,15.25,5523.54931640625
0.25,15.25,5624.61962890625
0.75,15.25,5729.19677734375
1.25,15.25,5837.52490234375
1.75,15.25,5949.9462890625
2.25,15.25,6066.85986328125
2.75,15.25,6188.70556640625
3.25,15.25,6315.91259765625
3.75,15.25,6448.86767578125
4.25,15.25,6587.86767578125
4.75,15.25,6733.09375
5.25,15.25,6884.583984375
5.75,15.25,7042.20849609375
6.25,15.25,7205.66357421875
6.75,15.25,7374.45849609375
7.25,15.25,7547.91748046875
7.75,15.25,7725.1689453125
8.25,15.25,7905.1494140625
8.75,15.25,8086.5986328125
9.25,15.25,8268.0712890625
9.75,15.25,8447.94140625
10.25,15.25,8624.4140625
10.75,15.25,8795.5537109375
11.25,15.25,8959.318359375
11.75,15.25,9113.5966796875
12.25,15.25,9256.265625
12.75,15.25,9385.2421875
13.25,15.25,9498.5419921875
13.75,15.25,9594.322265625
14.25,15.25,9670.953125
14.75,15.25,9727.021484375
15.25,15.25,9761.36328125
15.75,15.25,9773.0537109375
16.25,15.25,9761.4306640625
16.75,15.25,9726.0537109375
17.25,15.25,9666.6826171875
17.75,15.25,9583.2685546875
18.25,15.25,9475.9736328125
18.75,15.25,9345.1669921875
19.25,15.25,9191.45703125
19.75,15.25,9015.7099609375
20.25,15.25,8819.0869140625
20.75,15.25,8603.046875
21.25,15.25,8369.3525390625
21.75,15.25,8120.0185546875
22.25,15.25,7857.2568359375
22.75,15.25,7583.38330078125
23.25,15.25,7300.71533203125
23.75,15.25,7011.47705078125
24.25,15.25,6717.70458984375
24.75,15.25,6421.189453125
25.25,15.25,6123.42578125
25.75,15.25,5825.626953125
26.25,15.25,5528.74560546875
26.75,15.25,5233.544921875
27.25,15.25,4940.6591796875
27.75,15.25,4650.69580078125
28.25,15.25,4364.2890625
28.75,15.25,4082.17504882812
29.25,15.25,3805.205078125
29.75,15.25,3534.35522460937
30.25,15.25,3270.69750976562
30.75,15.25,3015.34594726562
31.25,15.25,2769.40966796875
31.75,15.25,2533.91015625
32.25,15.25,2309.73413085937
32.75,15.25,2097.58740234375
33.25,15.25,1897.97119140625
33.75,15.25,1711.17297363281
34.25,15.25,1537.27404785156
34.75,15.25,1376.16955566406
35.25,15.25,1227.60327148437
35.75,15.25,1091.19580078125
36.25,15.25,966.4814453125
36.75,15.25,852.919311523437
37.25,15.25,749.931762695312
37.75,15.25,656.914916992187
38.25,15.25,573.253601074218
38.75,15.25,498.326782226562
39.25,15.25,431.514129638671
39.75,15.25,372.203979492187
40.25,15.25,319.788909912109
40.75,15.25,273.677062988281
41.25,15.25,233.295303344726
41.75,15.25,198.091384887695
42.25,15.25,167.53645324707
42.75,15.25,141.129302978515
43.25,15.25,118.392356872558
43.75,15.25,98.8741683959961
44.25,15.25,82.1696090698242
44.75,15.25,67.9314575195312
-44.75,15.75,52.6113014221191
-44.25,15.75,53.9033660888671
-43.75,15.75,55.1986007690429
-43.25,15.75,56.863670349121
-42.75,15.75,59.1958465576171
-42.25,15.75,62.4432334899902
-41.75,15.75,66.867431640625
-41.25,15.75,72.762825012207
-40.75,15.75,80.4693374633789
-40.25,15.75,90.3831024169921
-39.75,15.75,102.964500427246
-39.25,15.75,118.736068725585
-38.75,15.75,138.275482177734
-38.25,15.75,162.198959350585
-37.75,15.75,191.132141113281
-37.25,15.75,225.67578125
-36.75,15.75,266.368743896484
-36.25,15.75,313.643402099609
-35.75,15.75,367.78564453125
-35.25,15.75,428.904235839843
-34.75,15.75,496.906433105468
-34.25,15.75,571.489135742187
-33.75,15.75,652.147033691406
-33.25,15.75,738.192810058593
-32.75,15.75,828.798095703125
-32.25,15.75,923.038330078125
-31.75,15.75,1019.9439086914
-31.25,15.75,1118.55737304687
-30.75,15.75,1217.978515625
-30.25,15.75,1317.39978027343
-29.75,15.75,1416.13061523437
-29.25,15.75,1513.60180664062
-28.75,15.75,1609.36340332031
-28.25,15.75,1703.06359863281
-27.75,15.75,1794.43200683593
-27.25,15.75,1883.25354003906
-26.75,15.75,1969.35278320312
-26.25,15.75,2052.58471679687
-25.75,15.75,2132.83056640625
-25.25,15.75,2210.00952148437
-24.75,15.75,2284.087890625
-24.25,15.75,2355.08642578125
-23.75,15.75,2423.09643554687
-23.25,15.75,2488.27880859375
-22.75,15.75,2550.85766601562
-22.25,15.75,2611.1103515625
-21.75,15.75,2669.35034179687
-21.25,15.75,2725.90551757812
-20.75,15.75,2781.10522460937
-20.25,15.75,2835.26098632812
-19.75,15.75,2888.65966796875
-19.25,15.75,2941.55737304687
-18.75,15.75,2994.17846679687
-18.25,15.75,3046.7177734375
-17.75,15.75,3099.345703125
-17.25,15.75,3152.20385742187
-16.75,15.75,3205.40844726562
-16.25,15.75,3259.05126953125
-15.75,15.75,3313.18823242187
-15.25,15.75,3367.83984375
-14.75,15.75,3422.9873046875
-14.25,15.75,3478.57543945312
-13.75,15.75,3534.51147460937
-13.25,15.75,3590.68090820312
-12.75,15.75,3646.955078125
-12.25,15.75,3703.20971679687
-11.75,15.75,3759.33959960937
-11.25,15.75,3815.265625
-10.75,15.75,3870.9560546875
-10.25,15.75,3926.421875
-9.75,15.75,3981.720703125
-9.25,15.75,4036.9599609375
-8.75,15.75,4092.29248046875
-8.25,15.75,4147.91455078125
-7.75,15.75,4204.0654296875
-7.25,15.75,4261.0244140625
-6.75,15.75,4319.1083984375
-6.25,15.75,4378.66259765625
-5.75,15.75,4440.05078125
-5.25,15.75,4503.64013671875
-4.75,15.75,4569.7705078125
-4.25,15.75,4638.7509765625
-3.75,15.75,4710.8173828125
-3.25,15.75,4786.13916015625
-2.75,15.75,4864.796875
-2.25,15.75,4946.80322265625
-1.75,15.75,5032.11572265625
-1.25,15.75,5120.6630859375
-0.75,15.75,5212.38037109375
-0.25,15.75,5307.2470703125
0.25,15.75,5405.31640625
0.75,15.75,5506.71875
1.25,15.75,5611.69384765625
1.75,15.75,5720.5625
2.25,15.75,5833.70751953125
2.75,15.75,5951.55126953125
3.25,15.75,6074.5048828125
3.75,15.75,6202.9296875
4.25,15.75,6337.11279296875
4.75,15.75,6477.21923828125
5.25,15.75,6623.2763671875
5.75,15.75,6775.1513671875
6.25,15.75,6932.54248046875
6.75,15.75,7094.96630859375
7.25,15.75,7261.755859375
7.75,15.75,7432.06640625
8.25,15.75,7604.8564453125
8.75,15.75,7778.9130859375
9.25,15.75,7952.8408203125
9.75,15.75,8125.08154296875
10.25,15.75,8293.939453125
10.75,15.75,8457.58984375
11.25,15.75,8614.13671875
11.75,15.75,8761.62890625
12.25,15.75,8898.1162109375
12.75,15.75,9021.697265625
13.25,15.75,9130.5625
13.75,15.75,9223.0341796875
14.25,15.75,9297.5986328125
14.75,15.75,9352.9404296875
15.25,15.75,9387.923828125
15.75,15.75,9401.625
16.25,15.75,9393.3076171875
16.75,15.75,9362.427734375
17.25,15.75,9308.59375
17.75,15.75,9231.5908203125
18.25,15.75,9131.380859375
18.75,15.75,9008.1455078125
19.25,15.75,8862.30859375
19.75,15.75,8694.5751953125
20.25,15.75,8505.98046875
20.75,15.75,8297.890625
21.25,15.75,8072.0126953125
21.75,15.75,7830.35009765625
22.25,15.75,7575.13818359375
22.75,15.75,7308.74267578125
23.25,15.75,7033.54736328125
23.75,15.75,6751.85009765625
24.25,15.75,6465.76220703125
24.75,15.75,6177.13134765625
25.25,15.75,5887.49951171875
25.75,15.75,5598.099609375
26.25,15.75,5309.89306640625
26.75,15.75,5023.62158203125
27.25,15.75,4739.89599609375
27.75,15.75,4459.2763671875
28.25,15.75,4182.3544921875
28.75,15.75,3909.8056640625
29.25,15.75,3642.42846679687
29.75,15.75,3381.14428710937
30.25,15.75,3126.96826171875
30.75,15.75,2880.96533203125
31.25,15.75,2644.19702148437
31.75,15.75,2417.6396484375
32.25,15.75,2202.14038085937
32.75,15.75,1998.37634277343
33.25,15.75,1806.81909179687
33.75,15.75,1627.73388671875
34.25,15.75,1461.18981933593
34.75,15.75,1307.07019042968
35.25,15.75,1165.11193847656
35.75,15.75,1034.93505859375
36.25,15.75,916.071533203125
36.75,15.75,807.982543945312
37.25,15.75,710.092712402343
37.75,15.75,621.80126953125
38.25,15.75,542.497436523437
38.75,15.75,471.564880371093
39.25,15.75,408.389465332031
39.75,15.75,352.3671875
40.25,15.75,302.900329589843
40.75,15.75,259.409118652343
41.25,15.75,221.334747314453
41.75,15.75,188.141540527343
42.25,15.75,159.319839477539
42.75,15.75,134.390243530273
43.25,15.75,112.898826599121
43.75,15.75,94.4195404052734
44.25,15.75,78.5728225708007
44.75,15.75,65.0357513427734
-44.75,16.25,49.5122642517089
-44.25,16.25,50.6835632324218
-43.75,16.25,51.8223686218261
-43.25,16.25,53.2686958312988
-42.75,16.25,55.2973175048828
-42.25,16.25,58.135757446289
-41.75,16.25,62.022117614746
-41.25,16.25,67.222900390625
-40.75,16.25,74.0450134277343
-40.25,16.25,82.8466644287109
-39.75,16.25,94.0464401245117
-39.25,16.25,108.123970031738
-38.75,16.25,125.616226196289
-38.25,16.25,147.10513305664
-37.75,16.25,173.192977905273
-37.25,16.25,204.472839355468
-36.75,16.25,241.493820190429
-36.25,16.25,284.718017578125
-35.75,16.25,334.480377197265
-35.25,16.25,390.95361328125
-34.75,16.25,454.120361328125
-34.25,16.25,523.756530761718
-33.75,16.25,599.433776855468
-33.25,16.25,680.533935546875
-32.75,16.25,766.285583496093
-32.25,16.25,855.807067871093
-31.75,16.25,948.15771484375
-31.25,16.25,1042.39697265625
-30.75,16.25,1137.63159179687
-30.25,16.25,1233.05651855468
-29.75,16.25,1327.97875976562
-29.25,16.25,1421.82861328125
-28.75,16.25,1514.15161132812
-28.25,16.25,1604.59375
-27.75,16.25,1692.88000488281
-27.25,16.25,1778.78845214843
-26.75,16.25,1862.13586425781
-26.25,16.25,1942.76574707031
-25.75,16.25,2020.54577636718
-25.25,16.25,2095.37915039062
-24.75,16.25,2167.2138671875
-24.25,16.25,2236.05786132812
-23.75,16.25,2301.98413085937
-23.25,16.25,2365.140625
-22.75,16.25,2425.74194335937
-22.25,16.25,2484.05712890625
-21.75,16.25,2540.3984375
-21.25,16.25,2595.09497070312
-20.75,16.25,2648.484375
-20.25,16.25,2700.88745117187
-19.75,16.25,2752.60888671875
-19.25,16.25,2803.92309570312
-18.75,16.25,2855.07348632812
-18.25,16.25,2906.2734375
-17.75,16.25,2957.703125
-17.25,16.25,3009.51220703125
-16.75,16.25,3061.80859375
-16.25,16.25,3114.66479492187
-15.75,16.25,3168.10180664062
-15.25,16.25,3222.09130859375
-14.75,16.25,3276.55590820312
-14.25,16.25,3331.37133789062
-13.75,16.25,3386.37573242187
-13.25,16.25,3441.38500976562
-12.75,16.25,3496.21728515625
-12.25,16.25,3550.7041015625
-11.75,16.25,3604.72216796875
-11.25,16.25,3658.19921875
-10.75,16.25,3711.13037109375
-10.25,16.25,3763.58032226562
-9.75,16.25,3815.67797851562
-9.25,16.25,3867.61108398437
-8.75,16.25,3919.61596679687
-8.25,16.25,3971.96484375
-7.75,16.25,4024.96264648437
-7.25,16.25,4078.93505859375
-6.75,16.25,4134.22216796875
-6.25,16.25,4191.1748046875
-5.75,16.25,4250.138671875
-5.25,16.25,4311.4443359375
-4.75,16.25,4375.3974609375
-4.25,16.25,4442.24658203125
-3.75,16.25,4512.1884765625
-3.25,16.25,4585.341796875
-2.75,16.25,4661.7568359375
-2.25,16.25,4741.4189453125
-1.75,16.25,4824.265625
-1.25,16.25,4910.2236328125
-0.75,16.25,4999.2255859375
-0.25,16.25,5091.2509765625
0.25,16.25,5186.35302734375
0.75,16.25,5284.6650390625
1.25,16.25,5386.41162109375
1.75,16.25,5491.8984375
2.25,16.25,5601.4931640625
2.75,16.25,5715.57861328125
3.25,16.25,5834.53173828125
3.75,16.25,5958.677734375
4.25,16.25,6088.26416015625
4.75,16.25,6223.4267578125
5.25,16.25,6364.162109375
5.75,16.25,6510.322265625
6.25,16.25,6661.5966796875
6.75,16.25,6817.50634765625
7.25,16.25,6977.4033203125
7.75,16.25,7140.4619140625
8.25,16.25,7305.6923828125
8.75,16.25,7471.931640625
9.25,16.25,7637.859375
9.75,16.25,7802.01611328125
10.25,16.25,7962.8134765625
10.75,16.25,8118.57080078125
11.25,16.25,8267.541015625
11.75,16.25,8407.94921875
12.25,16.25,8538.0302734375
12.75,16.25,8656.0654296875
13.25,16.25,8760.416015625
13.75,16.25,8849.552734375
14.25,16.25,8922.076171875
14.75,16.25,8976.734375
15.25,16.25,9012.4248046875
15.75,16.25,9028.1865234375
16.25,16.25,9023.2080078125
16.75,16.25,8996.8251953125
17.25,16.25,8948.498046875
17.75,16.25,8877.8359375
18.25,16.25,8784.6318359375
18.75,16.25,8668.8876953125
19.25,16.25,8530.857421875
19.75,16.25,8371.1142578125
20.25,16.25,8190.56884765625
20.75,16.25,7990.51171875
21.25,16.25,7772.59765625
21.75,16.25,7538.81298828125
22.25,16.25,7291.3994140625
22.75,16.25,7032.75244140625
23.25,16.25,6765.3017578125
23.75,16.25,6491.3955078125
24.25,16.25,6213.1982421875
24.75,16.25,5932.60400390625
25.25,16.25,5651.19189453125
25.75,16.25,5370.2294921875
26.25,16.25,5090.689453125
26.75,16.25,4813.31982421875
27.25,16.25,4538.72607421875
27.75,16.25,4267.447265625
28.25,16.25,4000.04467773437
28.75,16.25,3737.15258789062
29.25,16.25,3479.51928710937
29.75,16.25,3228.00561523437
30.25,16.25,2983.56176757812
30.75,16.25,2747.1865234375
31.25,16.25,2519.869140625
31.75,16.25,2302.52612304687
32.25,16.25,2095.94677734375
32.75,16.25,1900.76037597656
33.25,16.25,1717.40319824218
33.75,16.25,1546.11608886718
34.25,16.25,1386.95288085937
34.75,16.25,1239.79150390625
35.25,16.25,1104.37231445312
35.75,16.25,980.3203125
36.25,16.25,867.177185058593
36.75,16.25,764.414916992187
37.25,16.25,671.469360351562
37.75,16.25,587.750549316406
38.25,16.25,512.656616210937
38.75,16.25,445.580749511718
39.25,16.25,385.918212890625
39.75,16.25,333.074035644531
40.25,16.25,286.46109008789
40.75,16.25,245.510864257812
41.25,16.25,209.677993774414
41.75,16.25,178.441909790039
42.25,16.25,151.310409545898
42.75,16.25,127.823654174804
43.25,16.25,107.549415588378
43.75,16.25,90.0853500366211
44.25,16.25,75.0759201049804
44.75,16.25,62.2216606140136
-44.75,16.75,46.5672492980957
-44.25,16.75,47.6177368164062
-43.75,16.75,48.6046867370605
-43.25,16.75,49.8435363769531
-42.75,16.75,51.5884132385253
-42.25,16.75,54.0480690002441
-41.75,16.75,57.4394340515136
-41.25,16.75,62.003807067871
-40.75,16.75,68.0180511474609
-40.25,16.75,75.8055038452148
-39.75,16.75,85.7456512451171
-39.25,16.75,98.2769317626953
-38.75,16.75,113.895782470703
-38.25,16.75,133.147659301757
-37.75,16.75,156.606948852539
-37.25,16.75,184.850982666015
-36.75,16.75,218.428466796875
-36.25,16.75,257.81884765625
-35.75,16.75,303.391784667968
-35.25,16.75,355.370971679687
-34.75,16.75,413.801849365234
-34.25,16.75,478.531860351562
-33.75,16.75,549.205932617187
-33.25,16.75,625.276733398437
-32.75,16.75,706.036987304687
-32.25,16.75,790.659057617187
-31.75,16.75,878.246398925781
-31.25,16.75,967.891174316406
-30.75,16.75,1058.72436523437
-30.25,16.75,1149.95703125
-29.75,16.75,1240.90515136718
-29.25,16.75,1331.00329589843
-28.75,16.75,1419.79650878906
-28.25,16.75,1506.92663574218
-27.75,16.75,1592.10925292968
-27.25,16.75,1675.1123046875
-26.75,16.75,1755.73559570312
-26.25,16.75,1833.80627441406
-25.75,16.75,1909.17211914062
-25.25,16.75,1981.71569824218
-24.75,16.75,2051.36645507812
-24.25,16.75,2118.11083984375
-23.75,16.75,2182.00537109375
-23.25,16.75,2243.17919921875
-22.75,16.75,2301.833984375
-22.25,16.75,2358.22827148437
-21.75,16.75,2412.66357421875
-21.25,16.75,2465.47119140625
-20.75,16.75,2516.9892578125
-20.25,16.75,2567.55151367187
-19.75,16.75,2617.4765625
-19.25,16.75,2667.06298828125
-18.75,16.75,2716.578125
-18.25,16.75,2766.26196289062
-17.75,16.75,2816.31591796875
-17.25,16.75,2866.900390625
-16.75,16.75,2918.12719726562
-16.25,16.75,2970.05029296875
-15.75,16.75,3022.66284179687
-15.25,16.75,3075.88916015625
-14.75,16.75,3129.58837890625
-14.25,16.75,3183.56396484375
-13.75,16.75,3237.58178710937
-13.25,16.75,3291.38330078125
-12.75,16.75,3344.72607421875
-12.25,16.75,3397.40112304687
-11.75,16.75,3449.26416015625
-11.25,16.75,3500.25366210937
-10.75,16.75,3550.3984375
-10.25,16.75,3599.8203125
-9.75,16.75,3648.72705078125
-9.25,16.75,3697.39599609375
-8.75,16.75,3746.14965820312
-8.25,16.75,3795.34252929687
-7.75,16.75,3845.345703125
-7.25,16.75,3896.52807617187
-6.75,16.75,3949.25122070312
-6.25,16.75,4003.85571289062
-5.75,16.75,4060.66333007812
-5.25,16.75,4119.9560546875
-4.75,16.75,4181.97998046875
-4.25,16.75,4246.92578125
-3.75,16.75,4314.92236328125
-3.25,16.75,4386.04443359375
-2.75,16.75,4460.2978515625
-2.25,16.75,4537.64111328125
-1.75,16.75,4618.009765625
-1.25,16.75,4701.326171875
-0.75,16.75,4787.54296875
-0.25,16.75,4876.65380859375
0.25,16.75,4968.7294921875
0.75,16.75,5063.91357421875
1.25,16.75,5162.4384765625
1.75,16.75,5264.59375
2.25,16.75,5370.720703125
2.75,16.75,5481.17236328125
3.25,16.75,5596.2744140625
3.75,16.75,5716.30859375
4.25,16.75,5841.45849609375
4.75,16.75,5971.814453125
5.25,16.75,6107.33349609375
5.75,16.75,6247.828125
6.25,16.75,6392.9736328125
6.75,16.75,6542.2880859375
7.25,16.75,6695.13720703125
7.75,16.75,6850.73046875
8.25,16.75,7008.12744140625
8.75,16.75,7166.2373046875
9.25,16.75,7323.830078125
9.75,16.75,7479.5595703125
10.25,16.75,7631.97412109375
10.75,16.75,7779.54541015625
11.25,16.75,7920.69921875
11.75,16.75,8053.8427734375
12.25,16.75,8177.39599609375
12.75,16.75,8289.8173828125
13.25,16.75,8389.6298828125
13.75,16.75,8475.435546875
14.25,16.75,8545.931640625
14.75,16.75,8599.9150390625
15.25,16.75,8636.275390625
15.75,16.75,8654.0087890625
16.25,16.75,8652.220703125
16.75,16.75,8630.123046875
17.25,16.75,8587.029296875
17.75,16.75,8522.3984375
18.25,16.75,8435.8583984375
18.75,16.75,8327.267578125
19.25,16.75,8196.7529296875
19.75,16.75,8044.76708984375
20.25,16.75,7872.13720703125
20.75,16.75,7680.08056640625
21.25,16.75,7470.21435546875
21.75,16.75,7244.49658203125
22.25,16.75,7005.1640625
22.75,16.75,6754.60986328125
23.25,16.75,6495.28076171875
23.75,16.75,6229.54052734375
24.25,16.75,5959.57666015625
24.75,16.75,5687.31103515625
25.25,16.75,5414.3544921875
25.75,16.75,5141.9892578125
26.25,16.75,4871.22119140625
26.75,16.75,4602.8154296875
27.25,16.75,4337.38818359375
27.75,16.75,4075.48510742187
28.25,16.75,3817.65209960937
28.75,16.75,3564.50048828125
29.25,16.75,3316.73461914062
29.75,16.75,3075.15771484375
30.25,16.75,2840.6474609375
30.75,16.75,2614.12329101562
31.25,16.75,2396.49096679687
31.75,16.75,2188.58642578125
32.25,16.75,1991.12768554687
32.75,16.75,1804.68359375
33.25,16.75,1629.646484375
33.75,16.75,1466.22790527343
34.25,16.75,1314.46740722656
34.75,16.75,1174.24169921875
35.25,16.75,1045.29772949218
35.75,16.75,927.275085449218
36.25,16.75,819.732849121093
36.75,16.75,722.161926269531
37.25,16.75,634.016418457031
37.75,16.75,554.723083496093
38.25,16.75,483.695861816406
38.75,16.75,420.34146118164
39.25,16.75,364.067321777343
39.75,16.75,314.289886474609
40.25,16.75,270.433624267578
40.75,16.75,231.94204711914
41.25,16.75,198.282287597656
41.75,16.75,168.948135375976
42.25,16.75,143.463439941406
42.75,16.75,121.385879516601
43.25,16.75,102.303245544433
43.75,16.75,85.8347778320312
44.25,16.75,71.6473693847656
44.75,16.75,59.463451385498
-44.75,17.25,43.7932167053222
-44.25,17.25,44.7174034118652
-43.75,17.25,45.5514106750488
-43.25,17.25,46.5883712768554
-42.75,17.25,48.063663482666
-42.25,17.25,50.1689529418945
-41.75,17.25,53.101993560791
-41.25,17.25,57.0812034606933
-40.75,17.25,62.3560256958007
-40.25,17.25,69.2176437377929
-39.75,17.25,78.0088653564453
-39.25,17.25,89.1286010742187
-38.75,17.25,103.032836914062
-38.25,17.25,120.228897094726
-37.75,17.25,141.258880615234
-37.25,17.25,166.677200317382
-36.75,17.25,197.022628784179
-36.25,17.25,232.779998779296
-35.75,17.25,274.340881347656
-35.25,17.25,321.967163085937
-34.75,17.25,375.756958007812
-34.25,17.25,435.621398925781
-33.75,17.25,501.275573730468
-33.25,17.25,572.245300292968
-32.75,17.25,647.894836425781
-32.25,17.25,727.462524414062
-31.75,17.25,810.109680175781
-31.25,17.25,894.977966308593
-30.75,17.25,981.237121582031
-30.25,17.25,1068.1259765625
-29.75,17.25,1154.98022460937
-29.25,17.25,1241.24291992187
-28.75,17.25,1326.45947265625
-28.25,17.25,1410.26550292968
-27.75,17.25,1492.36279296875
-27.25,17.25,1572.49926757812
-26.75,17.25,1650.455078125
-26.25,17.25,1726.03149414062
-25.75,17.25,1799.05358886718
-25.25,17.25,1869.37951660156
-24.75,17.25,1936.91516113281
-24.25,17.25,2001.62622070312
-23.75,17.25,2063.54760742187
-23.25,17.25,2122.7900390625
-22.75,17.25,2179.53540039062
-22.25,17.25,2234.02758789062
-21.75,17.25,2286.55639648437
-21.25,17.25,2337.44482421875
-20.75,17.25,2387.03198242187
-20.25,17.25,2435.65673828125
-19.75,17.25,2483.65698242187
-19.25,17.25,2531.35180664062
-18.75,17.25,2579.0380859375
-18.25,17.25,2626.986328125
-17.75,17.25,2675.4267578125
-17.25,17.25,2724.541015625
-16.75,17.25,2774.45068359375
-16.25,17.25,2825.20239257812
-15.75,17.25,2876.76733398437
-15.25,17.25,2929.02661132812
-14.75,17.25,2981.78271484375
-14.25,17.25,3034.77172851562
-13.75,17.25,3087.68408203125
-13.25,17.25,3140.19458007812
-12.75,17.25,3191.9970703125
-12.25,17.25,3242.84521484375
-11.75,17.25,3292.57641601562
-11.25,17.25,3341.13427734375
-10.75,17.25,3388.58911132812
-10.25,17.25,3435.1201171875
-9.75,17.25,3481.01000976562
-9.25,17.25,3526.62182617187
-8.75,17.25,3572.3662109375
-8.25,17.25,3618.67529296875
-7.75,17.25,3665.97924804687
-7.25,17.25,3714.68896484375
-6.75,17.25,3765.17456054687
-6.25,17.25,3817.76586914062
-5.75,17.25,3872.74365234375
-5.25,17.25,3930.33422851562
-4.75,17.25,3990.71435546875
-4.25,17.25,4053.99951171875
-3.75,17.25,4120.25
-3.25,17.25,4189.47998046875
-2.75,17.25,4261.6513671875
-2.25,17.25,4336.701171875
-1.75,17.25,4414.5556640625
-1.25,17.25,4495.1552734375
-0.75,17.25,4578.47021484375
-0.25,17.25,4664.53515625
0.25,17.25,4753.44970703125
0.75,17.25,4845.38525390625
1.25,17.25,4940.58740234375
1.75,17.25,5039.3486328125
2.25,17.25,5141.9873046875
2.75,17.25,5248.8212890625
3.25,17.25,5360.12548828125
3.75,17.25,5476.12158203125
4.25,17.25,5596.93359375
4.75,17.25,5722.58203125
5.25,17.25,5852.966796875
5.75,17.25,5987.8603515625
6.25,17.25,6126.90625
6.75,17.25,6269.60888671875
7.25,17.25,6415.34765625
7.75,17.25,6563.365234375
8.25,17.25,6712.77587890625
8.75,17.25,6862.57373046875
9.25,17.25,7011.630859375
9.75,17.25,7158.73046875
10.25,17.25,7302.57421875
10.75,17.25,7441.7978515625
11.25,17.25,7575.005859375
11.75,17.25,7700.7998046875
12.25,17.25,7817.7763671875
12.75,17.25,7924.56640625
13.25,17.25,8019.83935546875
13.75,17.25,8102.30517578125
14.25,17.25,8170.73388671875
14.75,17.25,8223.943359375
15.25,17.25,8260.814453125
15.75,17.25,8280.2763671875
16.25,17.25,8281.337890625
16.75,17.25,8263.0966796875
17.25,17.25,8224.7392578125
17.75,17.25,8165.58984375
18.25,17.25,8085.15576171875
18.75,17.25,7983.18212890625
19.25,17.25,7859.703125
19.75,17.25,7715.099609375
20.25,17.25,7550.134765625
20.75,17.25,7365.9814453125
21.25,17.25,7164.21484375
21.75,17.25,6946.76220703125
22.25,17.25,6715.82421875
22.75,17.25,6473.77734375
23.25,17.25,6223.03125
23.75,17.25,5965.943359375
24.25,17.25,5704.68017578125
24.75,17.25,5441.1650390625
25.25,17.25,5177.0087890625
25.75,17.25,4913.52197265625
26.25,17.25,4651.72802734375
26.75,17.25,4392.42626953125
27.25,17.25,4136.26171875
27.75,17.25,3883.80053710937
28.25,17.25,3635.60009765625
28.75,17.25,3392.25952148437
29.25,17.25,3154.451171875
29.75,17.25,2922.9248046875
30.25,17.25,2698.48608398437
30.75,17.25,2481.96728515625
31.25,17.25,2274.18237304687
31.75,17.25,2075.873046875
32.25,17.25,1887.67602539062
32.75,17.25,1710.09033203125
33.25,17.25,1543.45666503906
33.75,17.25,1387.95397949218
34.25,17.25,1243.60583496093
34.75,17.25,1110.28942871093
35.25,17.25,987.762756347656
35.75,17.25,875.684326171875
36.25,17.25,773.63671875
36.75,17.25,681.135681152343
37.25,17.25,597.659423828125
37.75,17.25,522.657470703125
38.25,17.25,455.563262939453
38.75,17.25,395.801635742187
39.25,17.25,342.795471191406
39.75,17.25,295.975463867187
40.25,17.25,254.779022216796
40.75,17.25,218.662826538085
41.25,17.25,187.106887817382
41.75,17.25,159.618988037109
42.25,17.25,135.737655639648
42.75,17.25,115.037055969238
43.25,17.25,97.122932434082
43.75,17.25,81.6343231201171
44.25,17.25,68.258544921875
44.75,17.25,56.7383003234863
-44.75,17.75,41.2022132873535
-44.25,17.75,41.9904174804687
-43.75,17.75,42.6663703918457
-43.25,17.75,43.5033493041992
-42.75,17.75,44.7196578979492
-42.25,17.75,46.4913635253906
-41.75,17.75,48.9986305236816
-41.25,17.75,52.4388847351074
-40.75,17.75,57.0363159179687
-40.25,17.75,63.0521278381347
-39.75,17.75,70.7946014404296
-39.25,17.75,80.624526977539
-38.75,17.75,92.9576950073242
-38.25,17.75,108.261695861816
-37.75,17.75,127.0425491333
-37.25,17.75,149.825775146484
-36.75,17.75,177.131408691406
-36.25,17.75,209.439163208007
-35.75,17.75,247.151260375976
-35.25,17.75,290.556488037109
-34.75,17.75,339.796081542968
-34.25,17.75,394.837982177734
-33.75,17.75,455.465759277343
-33.25,17.75,521.280822753906
-32.75,17.75,591.724853515625
-32.25,17.75,666.113830566406
-31.75,17.75,743.680480957031
-31.25,17.75,823.629577636718
-30.75,17.75,905.182983398437
-30.25,17.75,987.618896484375
-29.75,17.75,1070.29870605468
-29.25,17.75,1152.67810058593
-28.75,17.75,1234.30334472656
-28.25,17.75,1314.79821777343
-27.75,17.75,1393.84643554687
-27.25,17.75,1471.17175292968
-26.75,17.75,1546.52563476562
-26.25,17.75,1619.68151855468
-25.75,17.75,1690.43493652343
-25.25,17.75,1758.61840820312
-24.75,17.75,1824.11315917968
-24.25,17.75,1886.86022949218
-23.75,17.75,1946.87353515625
-23.25,17.75,2004.24267578125
-22.75,17.75,2059.12719726562
-22.25,17.75,2111.751953125
-21.75,17.75,2162.388671875
-21.25,17.75,2211.34765625
-20.75,17.75,2258.96142578125
-20.25,17.75,2305.57421875
-19.75,17.75,2351.533203125
-19.25,17.75,2397.17919921875
-18.75,17.75,2442.84008789062
-18.25,17.75,2488.81713867187
-17.75,17.75,2535.37646484375
-17.25,17.75,2582.72729492187
-16.75,17.75,2631.00927734375
-16.25,17.75,2680.27587890625
-15.75,17.75,2730.482421875
-15.25,17.75,2781.482421875
-14.75,17.75,2833.0322265625
-14.25,17.75,2884.8076171875
-13.75,17.75,2936.43798828125
-13.25,17.75,2987.53588867187
-12.75,17.75,3037.74462890625
-12.25,17.75,3086.77685546875
-11.75,17.75,3134.45556640625
-11.25,17.75,3180.736328125
-10.75,17.75,3225.71459960937
-10.25,17.75,3269.62646484375
-9.75,17.75,3312.82177734375
-9.25,17.75,3355.73754882812
-8.75,17.75,3398.86059570312
-8.25,17.75,3442.69067382812
-7.75,17.75,3487.7080078125
-7.25,17.75,3534.35180664062
-6.75,17.75,3582.9970703125
-6.25,17.75,3633.95043945312
-5.75,17.75,3687.44873046875
-5.25,17.75,3743.65649414062
-4.75,17.75,3802.67041015625
-4.25,17.75,3864.52954101562
-3.75,17.75,3929.21826171875
-3.25,17.75,3996.68383789062
-2.75,17.75,4066.84326171875
-2.25,17.75,4139.6103515625
-1.75,17.75,4214.90771484375
-1.25,17.75,4292.6953125
-0.75,17.75,4372.97900390625
-0.25,17.75,4455.8369140625
0.25,17.75,4541.41845703125
0.75,17.75,4629.93310546875
1.25,17.75,4721.65283203125
1.75,17.75,4816.880859375
2.25,17.75,4915.92578125
2.75,17.75,5019.07177734375
3.25,17.75,5126.54931640625
3.75,17.75,5238.513671875
4.25,17.75,5355.01904296875
4.75,17.75,5476.01611328125
5.25,17.75,5601.3359375
5.75,17.75,5730.69677734375
6.25,17.75,5863.69970703125
6.75,17.75,5999.8359375
7.25,17.75,6138.48486328125
7.75,17.75,6278.9228515625
8.25,17.75,6420.32275390625
8.75,17.75,6561.76171875
9.25,17.75,6702.23046875
9.75,17.75,6840.64404296875
10.25,17.75,6975.8681640625
10.75,17.75,7106.70947265625
11.25,17.75,7231.9619140625
11.75,17.75,7350.40478515625
12.25,17.75,7460.81787109375
12.75,17.75,7561.98388671875
13.25,17.75,7652.69677734375
13.75,17.75,7731.76220703125
14.25,17.75,7798
14.75,17.75,7850.232421875
15.25,17.75,7887.2998046875
15.75,17.75,7908.0712890625
16.25,17.75,7911.4619140625
16.75,17.75,7896.4658203125
17.25,17.75,7862.15966796875
17.75,17.75,7807.76904296875
18.25,17.75,7732.7197265625
18.75,17.75,7636.68994140625
19.25,17.75,7519.6640625
19.75,17.75,7381.97998046875
20.25,17.75,7224.37744140625
20.75,17.75,7047.99462890625
21.25,17.75,6854.3740234375
21.75,17.75,6645.39453125
22.25,17.75,6423.2099609375
22.75,17.75,6190.12548828125
23.25,17.75,5948.49951171875
23.75,17.75,5700.6162109375
24.25,17.75,5448.599609375
24.75,17.75,5194.33251953125
25.25,17.75,4939.4130859375
25.75,17.75,4685.1572265625
26.25,17.75,4432.609375
26.75,17.75,4182.6083984375
27.25,17.75,3935.8408203125
27.75,17.75,3692.91137695312
28.25,17.75,3454.40258789062
28.75,17.75,3220.92114257812
29.25,17.75,2993.11669921875
29.75,17.75,2771.69677734375
30.25,17.75,2557.39331054687
30.75,17.75,2350.95190429687
31.25,17.75,2153.09130859375
31.75,17.75,1964.45544433593
32.25,17.75,1785.58935546875
32.75,17.75,1616.91918945312
33.25,17.75,1458.72717285156
33.75,17.75,1311.15649414062
34.25,17.75,1174.2138671875
34.75,17.75,1047.77575683593
35.25,17.75,931.612915039062
35.75,17.75,825.4052734375
36.25,17.75,728.762023925781
36.75,17.75,641.226806640625
37.25,17.75,562.307067871093
37.75,17.75,491.47802734375
38.25,17.75,428.197570800781
38.75,17.75,371.911529541015
39.25,17.75,322.06167602539
39.75,17.75,278.095520019531
40.25,17.75,239.465942382812
40.75,17.75,205.643844604492
41.25,17.75,176.123382568359
41.75,17.75,150.426010131835
42.25,17.75,128.105010986328
42.75,17.75,108.749809265136
43.25,17.75,91.9827651977539
43.75,17.75,77.4608459472656
44.25,17.75,64.8898849487304
44.75,17.75,54.0308418273925
-44.75,18.25,38.80220413208
-44.25,18.25,39.4414100646972
-43.75,18.25,39.9514007568359
-43.25,18.25,40.5879516601562
-42.75,18.25,41.5537910461425
-42.25,18.25,43.0105056762695
-41.75,18.25,45.1218948364257
-41.25,18.25,48.0656929016113
-40.75,18.25,52.0424766540527
-40.25,18.25,57.2853126525878
-39.75,18.25,64.0696182250976
-39.25,18.25,72.719253540039
-38.75,18.25,83.6102142333984
-38.25,18.25,97.1691360473632
-37.75,18.25,113.862876892089
-37.25,18.25,134.182846069335
-36.75,18.25,158.623260498046
-36.25,18.25,187.649780273437
-35.75,18.25,221.665267944335
-35.25,18.25,260.975952148437
-34.75,18.25,305.757568359375
-34.25,18.25,356.029846191406
-33.75,18.25,411.642181396484
-33.25,18.25,472.273345947265
-32.75,18.25,537.449584960937
-32.25,18.25,606.572692871093
-31.75,18.25,678.958740234375
-31.25,18.25,753.886962890625
-30.75,18.25,830.642395019531
-30.25,18.25,908.551025390625
-29.75,18.25,987.00634765625
-29.25,18.25,1065.47827148437
-28.75,18.25,1143.51257324218
-28.25,18.25,1220.7197265625
-27.75,18.25,1296.759765625
-27.25,18.25,1371.32751464843
-26.75,18.25,1444.140625
-26.25,18.25,1514.94189453125
-25.75,18.25,1583.49475097656
-25.25,18.25,1649.60522460937
-24.75,18.25,1713.12817382812
-24.25,18.25,1773.98278808593
-23.75,18.25,1832.15808105468
-23.25,18.25,1887.7216796875
-22.75,18.25,1940.80932617187
-22.25,18.25,1991.62072753906
-21.75,18.25,2040.40661621093
-21.25,18.25,2087.45727539062
-20.75,18.25,2133.09228515625
-20.25,18.25,2177.65161132812
-19.75,18.25,2221.48803710937
-19.25,18.25,2264.95922851562
-18.75,18.25,2308.41870117187
-18.25,18.25,2352.20336914062
-17.75,18.25,2396.6123046875
-17.25,18.25,2441.88916015625
-16.75,18.25,2488.2021484375
-16.25,18.25,2535.61987304687
-15.75,18.25,2584.1005859375
-15.25,18.25,2633.48095703125
-14.75,18.25,2683.49047851562
-14.25,18.25,2733.76733398437
-13.75,18.25,2783.88989257812
-13.25,18.25,2833.42700195312
-12.75,18.25,2881.97827148437
-12.25,18.25,2929.22900390625
-11.75,18.25,2974.9873046875
-11.25,18.25,3019.21411132812
-10.75,18.25,3062.02880859375
-10.25,18.25,3103.70629882812
-9.75,18.25,3144.64770507812
-9.25,18.25,3185.34790039062
-8.75,18.25,3226.34912109375
-8.25,18.25,3268.19995117187
-7.75,18.25,3311.41381835937
-7.25,18.25,3356.44946289062
-6.75,18.25,3403.67333984375
-6.25,18.25,3453.3662109375
-5.75,18.25,3505.71606445312
-5.25,18.25,3560.82080078125
-4.75,18.25,3618.70434570312
-4.25,18.25,3679.322265625
-3.75,18.25,3742.58666992187
-3.25,18.25,3808.37646484375
-2.75,18.25,3876.56811523437
-2.25,18.25,3947.04516601562
-1.75,18.25,4019.73803710937
-1.25,18.25,4094.6240234375
-0.75,18.25,4171.75390625
-0.25,18.25,4251.25390625
0.25,18.25,4333.32763671875
0.75,18.25,4418.2421875
1.25,18.25,4506.30078125
1.75,18.25,4597.8291015625
2.25,18.25,4693.130859375
2.75,18.25,4792.4697265625
3.25,18.25,4896.03173828125
3.75,18.25,5003.90966796875
4.25,18.25,5116.08984375
4.75,18.25,5232.4482421875
5.25,18.25,5352.7451171875
5.75,18.25,5476.63623046875
6.25,18.25,5603.677734375
6.75,18.25,5733.33642578125
7.25,18.25,5864.99072265625
7.75,18.25,5997.94580078125
8.25,18.25,6131.42626953125
8.75,18.25,6264.60009765625
9.25,18.25,6396.5732421875
9.75,18.25,6526.39697265625
10.25,18.25,6653.08935546875
10.75,18.25,6775.64599609375
11.25,18.25,6893.03125
11.75,18.25,7004.20361328125
12.25,18.25,7108.107421875
12.75,18.25,7203.66455078125
13.25,18.25,7289.77734375
13.75,18.25,7365.32421875
14.25,18.25,7429.1494140625
14.75,18.25,7480.0751953125
15.25,18.25,7516.8974609375
15.75,18.25,7538.4150390625
16.25,18.25,7543.4716796875
16.75,18.25,7530.96142578125
17.25,18.25,7499.89794921875
17.75,18.25,7449.43994140625
18.25,18.25,7378.97607421875
18.75,18.25,7288.1533203125
19.25,18.25,7176.951171875
19.75,18.25,7045.70849609375
20.25,18.25,6895.1572265625
20.75,18.25,6726.42041015625
21.25,18.25,6541.001953125
21.75,18.25,6340.7265625
22.25,18.25,6127.66650390625
22.75,18.25,5904.0283203125
23.25,18.25,5672.0703125
23.75,18.25,5433.97216796875
24.25,18.25,5191.7705078125
24.75,18.25,4947.27880859375
25.25,18.25,4702.05810546875
25.75,18.25,4457.41455078125
26.25,18.25,4214.41357421875
26.75,18.25,3973.93090820312
27.25,18.25,3736.70556640625
27.75,18.25,3503.39672851562
28.25,18.25,3274.62451171875
28.75,18.25,3051.01391601562
29.25,18.25,2833.20971679687
29.75,18.25,2621.87890625
30.25,18.25,2417.69506835937
30.75,18.25,2221.3193359375
31.25,18.25,2033.37316894531
31.75,18.25,1854.40295410156
32.25,18.25,1684.8642578125
32.75,18.25,1525.10314941406
33.25,18.25,1375.3427734375
33.75,18.25,1235.68835449218
34.25,18.25,1106.12524414062
34.75,18.25,986.528747558593
35.25,18.25,876.680969238281
35.75,18.25,776.283264160156
36.25,18.25,684.970581054687
36.75,18.25,602.317993164062
37.25,18.25,527.862243652343
37.75,18.25,461.107940673828
38.25,18.25,401.539398193359
38.75,18.25,348.626831054687
39.25,18.25,301.833892822265
39.75,18.25,260.627227783203
40.25,18.25,224.477706909179
40.75,18.25,192.872482299804
41.25,18.25,165.321014404296
41.75,18.25,141.359558105468
42.25,18.25,120.555953979492
42.75,18.25,102.514465332031
43.25,18.25,86.8731460571289
43.75,18.25,73.3054809570312
44.25,18.25,61.5338478088378
44.75,18.25,51.3356971740722
-44.75,18.75,36.5979118347168
-44.25,18.75,37.0728569030761
-43.75,18.75,37.4072494506835
-43.25,18.75,37.8415374755859
-42.75,18.75,38.5642509460449
-42.25,18.75,39.7233238220214
-41.75,18.75,41.4667892456054
-41.25,18.75,43.9537315368652
-40.75,18.75,47.3622283935546
-40.25,18.75,51.8986015319824
-39.75,18.75,57.806842803955
-39.25,18.75,65.3750228881836
-38.75,18.75,74.9397048950195
-38.25,18.75,86.8858642578125
-37.75,18.75,101.63914489746
-37.25,18.75,119.652763366699
-36.75,18.75,141.389297485351
-36.25,18.75,167.293334960937
-35.75,18.75,197.760208129882
-35.25,18.75,233.105346679687
-34.75,18.75,273.532165527343
-34.25,18.75,319.10659790039
-33.75,18.75,369.7421875
-33.25,18.75,425.195861816406
-32.75,18.75,485.082275390625
-32.25,18.75,548.896484375
-31.75,18.75,616.045837402343
-31.25,18.75,685.893920898437
-30.75,18.75,757.796142578125
-30.25,18.75,831.1337890625
-29.75,18.75,905.335510253906
-29.25,18.75,979.887512207031
-28.75,18.75,1054.33471679687
-28.25,18.75,1128.27197265625
-27.75,18.75,1201.33251953125
-27.25,18.75,1273.17932128906
-26.75,18.75,1343.49597167968
-26.25,18.75,1411.98864746093
-25.75,18.75,1478.39318847656
-25.25,18.75,1542.48608398437
-24.75,18.75,1604.09729003906
-24.25,18.75,1663.12365722656
-23.75,18.75,1719.53247070312
-23.25,18.75,1773.36669921875
-22.75,18.75,1824.73559570312
-22.25,18.75,1873.8115234375
-21.75,18.75,1920.81762695312
-21.25,18.75,1966.01843261718
-20.75,18.75,2009.7109375
-20.25,18.75,2052.22436523437
-19.75,18.75,2093.9072265625
-19.25,18.75,2135.12744140625
-18.75,18.75,2176.2568359375
-18.25,18.75,2217.66162109375
-17.75,18.75,2259.67724609375
-17.25,18.75,2302.58544921875
-16.75,18.75,2346.58837890625
-16.25,18.75,2391.78247070312
-15.75,18.75,2438.14208984375
-15.25,18.75,2485.5126953125
-14.75,18.75,2533.61499023437
-14.25,18.75,2582.0693359375
-13.75,18.75,2630.431640625
-13.25,18.75,2678.24096679687
-12.75,18.75,2725.07202148437
-12.25,18.75,2770.5908203125
-11.75,18.75,2814.595703125
-11.25,18.75,2857.04418945312
-10.75,18.75,2898.07006835937
-10.25,18.75,2937.97119140625
-9.75,18.75,2977.17407226562
-9.25,18.75,3016.20654296875
-8.75,18.75,3055.64233398437
-8.25,18.75,3096.05444335937
-7.75,18.75,3137.97143554687
-7.25,18.75,3181.849609375
-6.75,18.75,3228.04516601562
-6.25,18.75,3276.80541992187
-5.75,18.75,3328.27099609375
-5.25,18.75,3382.4775390625
-4.75,18.75,3439.37890625
-4.25,18.75,3498.859375
-3.75,18.75,3560.7607421875
-3.25,18.75,3624.90673828125
-2.75,18.75,3691.1279296875
-2.25,18.75,3759.29321289062
-1.75,18.75,3829.3291015625
-1.25,18.75,3901.240234375
-0.75,18.75,3975.12084960937
-0.25,18.75,4051.14892578125
0.25,18.75,4129.58740234375
0.75,18.75,4210.75439453125
1.25,18.75,4295.00048828125
1.75,18.75,4382.6708984375
2.25,18.75,4474.08203125
2.75,18.75,4569.47412109375
3.25,18.75,4669.00146484375
3.75,18.75,4772.7001953125
4.25,18.75,4880.4951171875
4.75,18.75,4992.18701171875
5.25,18.75,5107.47314453125
5.75,18.75,5225.9453125
6.25,18.75,5347.115234375
6.75,18.75,5470.41796875
7.25,18.75,5595.23095703125
7.75,18.75,5720.87939453125
8.25,18.75,5846.64208984375
8.75,18.75,5971.76611328125
9.25,18.75,6095.46337890625
9.75,18.75,6216.92333984375
10.25,18.75,6335.3173828125
10.75,18.75,6449.798828125
11.25,18.75,6559.5068359375
11.75,18.75,6663.55908203125
12.25,18.75,6761.0478515625
12.75,18.75,6851.0146484375
13.25,18.75,6932.45849609375
13.75,18.75,7004.30615234375
14.25,18.75,7065.42333984375
14.75,18.75,7114.61962890625
15.25,18.75,7150.6484375
15.75,18.75,7172.25634765625
16.25,18.75,7178.21826171875
16.75,18.75,7167.37548828125
17.25,18.75,7138.69482421875
17.75,18.75,7091.3193359375
18.25,18.75,7024.62939453125
18.75,18.75,6938.29736328125
19.25,18.75,6832.32666015625
19.75,18.75,6707.083984375
20.25,18.75,6563.31103515625
20.75,18.75,6402.12646484375
21.25,18.75,6224.99072265625
21.75,18.75,6033.6533203125
22.25,18.75,5830.08056640625
22.75,18.75,5616.35498046875
23.25,18.75,5394.58251953125
23.75,18.75,5166.81298828125
24.25,18.75,4934.9580078125
24.75,18.75,4700.7333984375
25.25,18.75,4465.64404296875
25.75,18.75,4230.970703125
26.25,18.75,3997.794921875
26.75,18.75,3767.03466796875
27.25,18.75,3539.48168945312
27.75,18.75,3315.85571289062
28.25,18.75,3096.83081054687
28.75,18.75,2883.06103515625
29.25,18.75,2675.19360351562
29.75,18.75,2473.87133789062
30.25,18.75,2279.71362304687
30.75,18.75,2093.30493164062
31.25,18.75,1915.17883300781
31.75,18.75,1745.7880859375
32.25,18.75,1585.49914550781
32.75,18.75,1434.58081054687
33.25,18.75,1293.19714355468
33.75,18.75,1161.41003417968
34.25,18.75,1039.18298339843
34.75,18.75,926.38623046875
35.25,18.75,822.809265136718
35.75,18.75,728.171508789062
36.25,18.75,642.133972167968
36.75,18.75,564.300537109375
37.25,18.75,494.237579345703
37.75,18.75,431.480041503906
38.25,18.75,375.54052734375
38.75,18.75,325.915802001953
39.25,18.75,282.093658447265
39.75,18.75,243.562759399414
40.25,18.75,209.814239501953
40.75,18.75,180.353805541992
41.25,18.75,154.707702636718
41.75,18.75,132.428237915039
42.25,18.75,113.098609924316
42.75,18.75,96.3381042480468
43.25,18.75,81.7997741699218
43.75,18.75,69.1725540161132
44.25,18.75,58.1940155029296
44.75,18.75,48.6561965942382
-44.75,19.25,34.5901718139648
-44.25,19.25,34.8850440979003
-43.75,19.25,35.0338516235351
-43.25,19.25,35.263858795166
-42.75,19.25,35.75048828125
-42.25,19.25,36.6284790039062
-41.75,19.25,38.0306358337402
-41.25,19.25,40.0978813171386
-40.75,19.25,42.9867095947265
-40.25,19.25,46.8777961730957
-39.75,19.25,51.984992980957
-39.25,19.25,58.5617294311523
-38.75,19.25,66.9058151245117
-38.25,19.25,77.3605804443359
-37.75,19.25,90.3090209960937
-37.25,19.25,106.16357421875
-36.75,19.25,125.351264953613
-36.25,19.25,148.289764404296
-35.75,19.25,175.36082458496
-35.25,19.25,206.882431030273
-34.75,19.25,243.079269409179
-34.25,19.25,284.058715820312
-33.75,19.25,329.795349121093
-33.25,19.25,380.123779296875
-32.75,19.25,434.748901367187
-32.25,19.25,493.26235961914
-31.75,19.25,555.168395996093
-31.25,19.25,619.919982910156
-30.75,19.25,686.949829101562
-30.25,19.25,755.697509765625
-29.75,19.25,825.630004882812
-29.25,19.25,896.252685546875
-28.75,19.25,967.109130859375
-28.25,19.25,1037.77807617187
-27.75,19.25,1107.86633300781
-27.25,19.25,1177.00256347656
-26.75,19.25,1244.83654785156
-26.25,19.25,1311.04040527343
-25.75,19.25,1375.3203125
-25.25,19.25,1437.42700195312
-24.75,19.25,1497.16809082031
-24.25,19.25,1554.41955566406
-23.75,19.25,1609.12658691406
-23.25,19.25,1661.30737304687
-22.75,19.25,1711.04541015625
-22.25,19.25,1758.4814453125
-21.75,19.25,1803.80529785156
-21.25,19.25,1847.24890136718
-20.75,19.25,1889.08178710937
-20.25,19.25,1929.6083984375
-19.75,19.25,1969.16479492187
-19.25,19.25,2008.11730957031
-18.75,19.25,2046.84936523437
-18.25,19.25,2085.74877929687
-17.75,19.25,2125.18334960937
-17.25,19.25,2165.47509765625
-16.75,19.25,2206.86279296875
-16.25,19.25,2249.48461914062
-15.75,19.25,2293.34814453125
-15.25,19.25,2338.32470703125
-14.75,19.25,2384.15161132812
-14.25,19.25,2430.45776367187
-13.75,19.25,2476.80151367187
-13.25,19.25,2522.71484375
-12.75,19.25,2567.76708984375
-12.25,19.25,2611.61352539062
-11.75,19.25,2654.04321289062
-11.25,19.25,2695.0126953125
-10.75,19.25,2734.65161132812
-10.25,19.25,2773.25463867187
-9.75,19.25,2811.25390625
-9.25,19.25,2849.18017578125
-8.75,19.25,2887.60424804687
-8.25,19.25,2927.09887695312
-7.75,19.25,2968.18530273437
-7.25,19.25,3011.30615234375
-6.75,19.25,3056.79077148437
-6.25,19.25,3104.85424804687
-5.75,19.25,3155.59252929687
-5.25,19.25,3208.9912109375
-4.75,19.25,3264.94750976562
-4.25,19.25,3323.28466796875
-3.75,19.25,3383.79125976562
-3.25,19.25,3446.24267578125
-2.75,19.25,3510.44165039062
-2.25,19.25,3576.23876953125
-1.75,19.25,3643.5673828125
-1.25,19.25,3712.45678710937
-0.75,19.25,3783.03662109375
-0.25,19.25,3855.53857421875
0.25,19.25,3930.27514648437
0.75,19.25,4007.61694335937
1.25,19.25,4087.95458984375
1.75,19.25,4171.66357421875
2.25,19.25,4259.06201171875
2.75,19.25,4350.38720703125
3.25,19.25,4445.7568359375
3.75,19.25,4545.169921875
4.25,19.25,4648.49072265625
4.75,19.25,4755.46435546875
5.25,19.25,4865.72607421875
5.75,19.25,4978.81396484375
6.25,19.25,5094.1953125
6.75,19.25,5211.27978515625
7.25,19.25,5329.4384765625
7.75,19.25,5448.01806640625
8.25,19.25,5566.34228515625
8.75,19.25,5683.72802734375
9.25,19.25,5799.4853515625
9.75,19.25,5912.92431640625
10.25,19.25,6023.35595703125
10.75,19.25,6130.078125
11.25,19.25,6232.3798828125
11.75,19.25,6329.52392578125
12.25,19.25,6420.7265625
12.75,19.25,6505.134765625
13.25,19.25,6581.8203125
13.75,19.25,6649.75634765625
14.25,19.25,6707.82373046875
14.75,19.25,6754.8125
15.25,19.25,6789.45654296875
15.75,19.25,6810.4560546875
16.25,19.25,6816.55078125
16.75,19.25,6806.5595703125
17.25,19.25,6779.4384765625
17.75,19.25,6734.3466796875
18.25,19.25,6670.7041015625
18.75,19.25,6588.2314453125
19.25,19.25,6486.98583984375
19.75,19.25,6367.380859375
20.25,19.25,6230.1826171875
20.75,19.25,6076.50244140625
21.25,19.25,5907.74462890625
21.75,19.25,5725.5703125
22.25,19.25,5531.80712890625
22.75,19.25,5328.38720703125
23.25,19.25,5117.2412109375
23.75,19.25,4900.25146484375
24.25,19.25,4679.17724609375
24.75,19.25,4455.625
25.25,19.25,4231.0166015625
25.75,19.25,4006.60546875
26.25,19.25,3783.47802734375
26.75,19.25,3562.5908203125
27.25,19.25,3344.79760742187
27.75,19.25,3130.88159179687
28.25,19.25,2921.57177734375
28.75,19.25,2717.56225585937
29.25,19.25,2519.51440429687
29.75,19.25,2328.0546875
30.25,19.25,2143.75805664062
30.75,19.25,1967.1455078125
31.25,19.25,1798.67114257812
31.75,19.25,1638.70227050781
32.25,19.25,1487.5224609375
32.75,19.25,1345.32800292968
33.25,19.25,1212.22229003906
33.75,19.25,1088.22424316406
34.25,19.25,973.272583007812
34.75,19.25,867.225769042968
35.25,19.25,769.877258300781
35.75,19.25,680.959838867187
36.25,19.25,600.154968261718
36.75,19.25,527.093017578125
37.25,19.25,461.369415283203
37.75,19.25,402.548156738281
38.25,19.25,350.171142578125
38.75,19.25,303.763092041015
39.25,19.25,262.838073730468
39.75,19.25,226.908996582031
40.25,19.25,195.489807128906
40.75,19.25,168.106567382812
41.25,19.25,144.304702758789
41.75,19.25,123.654006958007
42.25,19.25,105.754104614257
42.75,19.25,90.2397918701171
43.25,19.25,76.7791900634765
43.75,19.25,65.0759582519531
44.25,19.25,54.8817596435546
44.75,19.25,46.0016326904296
-44.75,19.75,32.7723770141601
-44.25,19.75,32.8736038208007
-43.75,19.75,32.8288955688476
-43.25,19.75,32.8541297912597
-42.75,19.75,33.1125221252441
-42.25,19.75,33.7260589599609
-41.75,19.75,34.8126220703125
-41.25,19.75,36.4954261779785
-40.75,19.75,38.9101409912109
-40.25,19.75,42.2128448486328
-39.75,19.75,46.5885581970214
-39.25,19.75,52.2573318481445
-38.75,19.75,59.4794464111328
-38.25,19.75,68.5570983886718
-37.75,19.75,79.8304901123046
-37.25,19.75,93.6700897216796
-36.75,19.75,110.464645385742
-36.25,19.75,130.601440429687
-35.75,19.75,154.443801879882
-35.25,19.75,182.306747436523
-34.75,19.75,214.430892944335
-34.25,19.75,250.959899902343
-33.75,19.75,291.92495727539
-33.25,19.75,337.235717773437
-32.75,19.75,386.686004638671
-32.25,19.75,439.964660644531
-31.75,19.75,496.673889160156
-31.25,19.75,556.359008789062
-30.75,19.75,618.531433105468
-30.25,19.75,682.692993164062
-29.75,19.75,748.35205078125
-29.25,19.75,815.033142089843
-28.75,19.75,882.281555175781
-28.25,19.75,949.661682128906
-27.75,19.75,1016.75439453125
-27.25,19.75,1083.15698242187
-26.75,19.75,1148.48608398437
-26.25,19.75,1212.38439941406
-25.75,19.75,1274.52990722656
-25.25,19.75,1334.65087890625
-24.75,19.75,1392.53601074218
-24.25,19.75,1448.04089355468
-23.75,19.75,1501.09375
-23.25,19.75,1551.68774414062
-22.75,19.75,1599.88000488281
-22.25,19.75,1645.77722167968
-21.75,19.75,1689.53308105468
-21.25,19.75,1731.34106445312
-20.75,19.75,1771.43212890625
-20.25,19.75,1810.0791015625
-19.75,19.75,1847.59362792968
-19.25,19.75,1884.32885742187
-18.75,19.75,1920.66845703125
-18.25,19.75,1957.01342773437
-17.75,19.75,1993.75793457031
-17.25,19.75,2031.25744628906
-16.75,19.75,2069.79956054687
-16.25,19.75,2109.56640625
-15.75,19.75,2150.615234375
-15.25,19.75,2192.86206054687
-14.75,19.75,2236.08618164062
-14.25,19.75,2279.95190429687
-13.75,19.75,2324.0400390625
-13.25,19.75,2367.90600585937
-12.75,19.75,2411.126953125
-12.25,19.75,2453.36108398437
-11.75,19.75,2494.39477539062
-11.25,19.75,2534.16967773437
-10.75,19.75,2572.80053710937
-10.25,19.75,2610.55932617187
-9.75,19.75,2647.85302734375
-9.25,19.75,2685.18017578125
-8.75,19.75,2723.08618164062
-8.25,19.75,2762.1123046875
-7.75,19.75,2802.74853515625
-7.25,19.75,2845.40649414062
-6.75,19.75,2890.38525390625
-6.25,19.75,2937.86376953125
-5.75,19.75,2987.904296875
-5.25,19.75,3040.45288085937
-4.75,19.75,3095.36669921875
-4.25,19.75,3152.43359375
-3.75,19.75,3211.40405273437
-3.25,19.75,3272.02880859375
-2.75,19.75,3334.08984375
-2.25,19.75,3397.43505859375
-1.75,19.75,3462.00415039062
-1.25,19.75,3527.84643554687
-0.75,19.75,3595.12646484375
-0.25,19.75,3664.11328125
0.25,19.75,3735.1640625
0.75,19.75,3808.685546875
1.25,19.75,3885.10229492187
1.75,19.75,3964.81005859375
2.25,19.75,4048.13647460937
2.75,19.75,4135.30712890625
3.25,19.75,4226.4208984375
3.75,19.75,4321.4443359375
4.25,19.75,4420.2001953125
4.75,19.75,4522.3876953125
5.25,19.75,4627.591796875
5.75,19.75,4735.3134765625
6.25,19.75,4844.982421875
6.75,19.75,4955.98974609375
7.25,19.75,5067.705078125
7.75,19.75,5179.48828125
8.25,19.75,5290.703125
8.75,19.75,5400.72802734375
9.25,19.75,5508.9580078125
9.75,19.75,5614.8046875
10.25,19.75,5717.68896484375
10.75,19.75,5817.0439453125
11.25,19.75,5912.27880859375
11.75,19.75,6002.77197265625
12.25,19.75,6087.84912109375
12.75,19.75,6166.7451171875
13.25,19.75,6238.5888671875
13.75,19.75,6302.3955078125
14.25,19.75,6357.05908203125
14.75,19.75,6401.37109375
15.25,19.75,6434.044921875
15.75,19.75,6453.77587890625
16.25,19.75,6459.2890625
16.75,19.75,6449.41650390625
17.25,19.75,6423.1396484375
17.75,19.75,6379.66552734375
18.25,19.75,6318.47900390625
18.75,19.75,6239.37451171875
19.25,19.75,6142.48095703125
19.75,19.75,6028.26708984375
20.25,19.75,5897.521484375
20.75,19.75,5751.3359375
21.25,19.75,5591.05517578125
21.75,19.75,5418.22607421875
22.25,19.75,5234.525390625
22.75,19.75,5041.69873046875
23.25,19.75,4841.49267578125
23.75,19.75,4635.5947265625
24.25,19.75,4425.6015625
24.75,19.75,4212.98974609375
25.25,19.75,3999.09594726562
25.75,19.75,3785.13232421875
26.25,19.75,3572.1904296875
26.75,19.75,3361.26147460937
27.25,19.75,3153.2587890625
27.75,19.75,2949.02880859375
28.25,19.75,2749.359375
28.75,19.75,2554.9892578125
29.25,19.75,2366.59790039062
29.75,19.75,2184.80297851562
30.25,19.75,2010.14953613281
30.75,19.75,1843.10522460937
31.25,19.75,1684.0556640625
31.75,19.75,1533.294921875
32.25,19.75,1391.03295898437
32.75,19.75,1257.39624023437
33.25,19.75,1132.43334960937
33.75,19.75,1016.11834716796
34.25,19.75,908.360534667968
34.75,19.75,809.002807617187
35.25,19.75,717.835571289062
35.75,19.75,634.598815917968
36.25,19.75,558.989624023437
36.75,19.75,490.660247802734
37.25,19.75,429.231781005859
37.75,19.75,374.296661376953
38.25,19.75,325.425964355468
38.75,19.75,282.1728515625
39.25,19.75,244.079483032226
39.75,19.75,210.685409545898
40.25,19.75,181.528884887695
40.75,19.75,156.159027099609
41.25,19.75,134.142135620117
41.75,19.75,115.067321777343
42.25,19.75,98.5518035888671
42.75,19.75,84.2466506958007
43.25,19.75,71.8354187011718
43.75,19.75,61.0363426208496
44.25,19.75,51.6142616271972
44.75,19.75,43.3860092163085
-44.75,20.25,31.1255683898925
-44.25,20.25,31.0256614685058
-43.75,20.25,30.7847137451171
-43.25,20.25,30.6086444854736
-42.75,20.25,30.6492557525634
-42.25,20.25,31.0162200927734
-41.75,20.25,31.8128471374511
-41.25,20.25,33.1453018188476
-40.75,20.25,35.1292457580566
-40.25,20.25,37.8973731994628
-39.75,20.25,41.607307434082
-39.25,20.25,46.4474258422851
-38.75,20.25,52.6420669555664
-38.25,20.25,60.4537544250488
-37.75,20.25,70.1808013916015
-37.25,20.25,82.1516723632812
-36.75,20.25,96.7159423828125
-36.25,20.25,114.228477478027
-35.75,20.25,135.030776977539
-35.25,20.25,159.430541992187
-34.75,20.25,187.678970336914
-34.25,20.25,219.95051574707
-33.75,20.25,256.327453613281
-33.25,20.25,296.789123535156
-32.75,20.25,341.214111328125
-32.25,20.25,389.384674072265
-31.75,20.25,440.999542236328
-31.25,20.25,495.694458007812
-30.75,20.25,553.061401367187
-30.25,20.25,612.664245605468
-29.75,20.25,674.054382324218
-29.25,20.25,736.779479980468
-28.75,20.25,800.38916015625
-28.25,20.25,864.436279296875
-27.75,20.25,928.480041503906
-27.25,20.25,992.091369628906
-26.75,20.25,1054.85656738281
-26.25,20.25,1116.39245605468
-25.75,20.25,1176.35461425781
-25.25,20.25,1234.45190429687
-24.75,20.25,1290.45764160156
-24.25,20.25,1344.21362304687
-23.75,20.25,1395.62927246093
-23.25,20.25,1444.67858886718
-22.75,20.25,1491.39196777343
-22.25,20.25,1535.84228515625
-21.75,20.25,1578.14367675781
-21.25,20.25,1618.44616699218
-20.75,20.25,1656.93823242187
-20.25,20.25,1693.84912109375
-19.75,20.25,1729.45654296875
-19.25,20.25,1764.087890625
-18.75,20.25,1798.11547851562
-18.25,20.25,1831.94177246093
-17.75,20.25,1865.97924804687
-17.25,20.25,1900.61584472656
-16.75,20.25,1936.18017578125
-16.25,20.25,1972.91003417968
-15.75,20.25,2010.92028808593
-15.25,20.25,2050.19116210937
-14.75,20.25,2090.56225585937
-14.25,20.25,2131.75415039062
-13.75,20.25,2173.40112304687
-13.25,20.25,2215.09692382812
-12.75,20.25,2256.44604492187
-12.25,20.25,2297.12255859375
-11.75,20.25,2336.90869140625
-11.25,20.25,2375.7314453125
-10.75,20.25,2413.673828125
-10.25,20.25,2450.96264648437
-9.75,20.25,2487.95556640625
-9.25,20.25,2525.09423828125
-8.75,20.25,2562.86328125
-8.25,20.25,2601.74731445312
-7.75,20.25,2642.1875
-7.25,20.25,2684.546875
-6.75,20.25,2729.08837890625
-6.25,20.25,2775.95703125
-5.75,20.25,2825.18872070312
-5.25,20.25,2876.7099609375
-4.75,20.25,2930.35791015625
-4.25,20.25,2985.90747070312
-3.75,20.25,3043.10009765625
-3.25,20.25,3101.68090820312
-2.75,20.25,3161.43237304687
-2.25,20.25,3222.2080078125
-1.75,20.25,3283.95874023437
-1.25,20.25,3346.7548828125
-0.75,20.25,3410.779296875
-0.25,20.25,3476.32934570312
0.25,20.25,3543.78540039062
0.75,20.25,3613.57641601562
1.25,20.25,3686.1435546875
1.75,20.25,3761.89282226562
2.25,20.25,3841.15161132812
2.75,20.25,3924.140625
3.25,20.25,4010.943359375
3.75,20.25,4101.5
4.25,20.25,4195.6123046875
4.75,20.25,4292.9443359375
5.25,20.25,4393.0556640625
5.75,20.25,4495.4169921875
6.25,20.25,4599.4443359375
6.75,20.25,4704.51318359375
7.25,20.25,4809.998046875
7.75,20.25,4915.2705078125
8.25,20.25,5019.732421875
8.75,20.25,5122.81005859375
9.25,20.25,5223.96337890625
9.75,20.25,5322.6845703125
10.25,20.25,5418.49169921875
10.75,20.25,5510.9091796875
11.25,20.25,5599.4501953125
11.75,20.25,5683.5869140625
12.25,20.25,5762.728515625
12.75,20.25,5836.17724609375
13.25,20.25,5903.119140625
13.75,20.25,5962.6025390625
14.25,20.25,6013.54638671875
14.75,20.25,6054.75634765625
15.25,20.25,6084.95703125
15.75,20.25,6102.8544921875
16.25,20.25,6107.20068359375
16.75,20.25,6096.86376953125
17.25,20.25,6070.88330078125
17.75,20.25,6028.5400390625
18.25,20.25,5969.3994140625
18.75,20.25,5893.3486328125
19.25,20.25,5800.58642578125
19.75,20.25,5691.63134765625
20.25,20.25,5567.29248046875
20.75,20.25,5428.62890625
21.25,20.25,5276.90625
21.75,20.25,5113.5419921875
22.25,20.25,4940.046875
22.75,20.25,4757.97216796875
23.25,20.25,4568.8583984375
23.75,20.25,4374.19873046875
24.25,20.25,4175.41943359375
24.75,20.25,3973.86181640625
25.25,20.25,3770.77685546875
25.75,20.25,3567.330078125
26.25,20.25,3364.61474609375
26.75,20.25,3163.65600585937
27.25,20.25,2965.41796875
27.75,20.25,2770.80737304687
28.25,20.25,2580.671875
28.75,20.25,2395.7880859375
29.25,20.25,2216.86083984375
29.75,20.25,2044.50598144531
30.25,20.25,1879.24621582031
30.75,20.25,1721.50646972656
31.25,20.25,1571.61767578125
31.75,20.25,1429.81237792968
32.25,20.25,1296.23681640625
32.75,20.25,1170.95739746093
33.25,20.25,1053.96789550781
33.75,20.25,945.200256347656
34.25,20.25,844.530334472656
34.75,20.25,751.781127929687
35.25,20.25,666.732421875
35.75,20.25,589.126037597656
36.25,20.25,518.667907714843
36.75,20.25,455.02749633789
37.25,20.25,397.848449707031
37.75,20.25,346.74951171875
38.25,20.25,301.329895019531
38.75,20.25,261.172332763671
39.25,20.25,225.84812927246
39.75,20.25,194.924591064453
40.25,20.25,167.966705322265
40.75,20.25,144.548202514648
41.25,20.25,124.257980346679
41.75,20.25,106.70597076416
42.25,20.25,91.5282745361328
42.75,20.25,78.3931884765625
43.25,20.25,67.0000686645507
43.75,20.25,57.0816917419433
44.25,20.25,48.4155921936035
44.75,20.25,40.8293380737304
-44.75,20.75,29.6151618957519
-44.25,20.75,29.3167858123779
-43.75,20.75,28.8855667114257
-43.25,20.75,28.5183715820312
-42.75,20.75,28.3563041687011
-42.25,20.75,28.4972496032714
-41.75,20.75,29.0306720733642
-41.25,20.75,30.0465564727783
-40.75,20.75,31.641767501831
-40.25,20.75,33.9271087646484
-39.75,20.75,37.0346221923828
-39.25,20.75,41.1231231689453
-38.75,20.75,46.3831901550293
-38.25,20.75,53.0398406982421
-37.75,20.75,61.3513641357421
-37.25,20.75,71.6055755615234
-36.75,20.75,84.1133346557617
-36.25,20.75,99.1962661743164
-35.75,20.75,117.171882629394
-35.25,20.75,138.337127685546
-34.75,20.75,162.948791503906
-34.25,20.75,191.205810546875
-33.75,20.75,223.234558105468
-33.25,20.75,259.076538085937
-32.75,20.75,298.687713623046
-32.25,20.75,341.937591552734
-31.75,20.75,388.615539550781
-31.25,20.75,438.444427490234
-30.75,20.75,491.093780517578
-30.25,20.75,546.190490722656
-29.75,20.75,603.330017089843
-29.25,20.75,662.086486816406
-28.75,20.75,722.017639160156
-28.25,20.75,782.669921875
-27.75,20.75,843.587158203125
-27.25,20.75,904.317810058593
-26.75,20.75,964.425842285156
-26.25,20.75,1023.50573730468
-25.75,20.75,1081.19592285156
-25.25,20.75,1137.19177246093
-24.75,20.75,1191.25500488281
-24.25,20.75,1243.21655273437
-23.75,20.75,1292.97338867187
-23.25,20.75,1340.48217773437
-22.75,20.75,1385.74853515625
-22.25,20.75,1428.81506347656
-21.75,20.75,1469.75537109375
-21.25,20.75,1508.67541503906
-20.75,20.75,1545.7138671875
-20.25,20.75,1581.05187988281
-19.75,20.75,1614.92358398437
-19.25,20.75,1647.61877441406
-18.75,20.75,1679.48559570312
-18.25,20.75,1710.91748046875
-17.75,20.75,1742.33386230468
-17.25,20.75,1774.14514160156
-16.75,20.75,1806.72241210937
-16.25,20.75,1840.35681152343
-15.75,20.75,1875.22839355468
-15.25,20.75,1911.39184570312
-14.75,20.75,1948.76281738281
-14.25,20.75,1987.13891601562
-13.75,20.75,2026.22265625
-13.25,20.75,2065.66650390625
-12.75,20.75,2105.11791992187
-12.25,20.75,2144.27392578125
-11.75,20.75,2182.91967773437
-11.25,20.75,2220.9609375
-10.75,20.75,2258.43701171875
-10.25,20.75,2295.51708984375
-9.75,20.75,2332.4853515625
-9.25,20.75,2369.70068359375
-8.75,20.75,2407.56665039062
-8.25,20.75,2446.48901367187
-7.75,20.75,2486.83666992187
-7.25,20.75,2528.91845703125
-6.75,20.75,2572.94921875
-6.25,20.75,2619.04931640625
-5.75,20.75,2667.2373046875
-5.25,20.75,2717.43310546875
-4.75,20.75,2769.48291015625
-4.25,20.75,2823.17407226562
-3.75,20.75,2878.26391601562
-3.25,20.75,2934.5185546875
-2.75,20.75,2991.7392578125
-2.25,20.75,3049.80078125
-1.75,20.75,3108.67114257812
-1.25,20.75,3168.4326171875
-0.75,20.75,3229.28198242187
-0.25,20.75,3291.52416992187
0.25,20.75,3355.54125976562
0.75,20.75,3421.76220703125
1.25,20.75,3490.62744140625
1.75,20.75,3562.53515625
2.25,20.75,3637.8056640625
2.75,20.75,3716.646484375
3.25,20.75,3799.13330078125
3.75,20.75,3885.19018554687
4.25,20.75,3974.6064453125
4.75,20.75,4067.03491210937
5.25,20.75,4162.02587890625
5.75,20.75,4259.0400390625
6.25,20.75,4357.48828125
6.75,20.75,4456.7529296875
7.25,20.75,4556.21240234375
7.75,20.75,4655.2607421875
8.25,20.75,4753.3212890625
8.75,20.75,4849.86376953125
9.25,20.75,4944.39453125
9.75,20.75,5036.4716796875
10.25,20.75,5125.67236328125
10.75,20.75,5211.59765625
11.25,20.75,5293.83056640625
11.75,20.75,5371.91943359375
12.25,20.75,5445.3291015625
12.75,20.75,5513.4248046875
13.25,20.75,5575.4375
13.75,20.75,5630.458984375
14.25,20.75,5677.44140625
14.75,20.75,5715.22412109375
15.25,20.75,5742.56591796875
15.75,20.75,5758.216796875
16.25,20.75,5760.97998046875
16.75,20.75,5749.78857421875
17.25,20.75,5723.76220703125
17.75,20.75,5682.271484375
18.25,20.75,5624.974609375
18.75,20.75,5551.83935546875
19.25,20.75,5463.13525390625
19.75,20.75,5359.42236328125
20.25,20.75,5241.50732421875
20.75,20.75,5110.400390625
21.25,20.75,4967.27734375
21.75,20.75,4813.4130859375
22.25,20.75,4650.14208984375
22.75,20.75,4478.81884765625
23.25,20.75,4300.7802734375
23.75,20.75,4117.32861328125
24.25,20.75,3929.7236328125
24.75,20.75,3739.17651367187
25.25,20.75,3546.85302734375
25.75,20.75,3353.87890625
26.25,20.75,3161.3427734375
26.75,20.75,2970.29663085937
27.25,20.75,2781.75122070312
27.75,20.75,2596.66748046875
28.25,20.75,2415.9404296875
28.75,20.75,2240.38403320312
29.25,20.75,2070.72485351562
29.75,20.75,1907.57958984375
30.25,20.75,1751.455078125
30.75,20.75,1602.74584960937
31.25,20.75,1461.73913574218
31.75,20.75,1328.61767578125
32.25,20.75,1203.47351074218
32.75,20.75,1086.32141113281
33.25,20.75,977.106628417968
33.75,20.75,875.719116210937
34.25,20.75,782.000061035156
34.75,20.75,695.748229980468
35.25,20.75,616.728210449218
35.75,20.75,544.676025390625
36.25,20.75,479.302825927734
36.75,20.75,420.289611816406
37.25,20.75,367.299285888671
37.75,20.75,319.974853515625
38.25,20.75,277.94302368164
38.75,20.75,240.816085815429
39.25,20.75,208.194778442382
39.75,20.75,179.675704956054
40.25,20.75,154.8515625
40.75,20.75,133.32209777832
41.25,20.75,114.700103759765
41.75,20.75,98.6172714233398
42.25,20.75,84.7296752929687
42.75,20.75,72.7234268188476
43.25,20.75,62.3142051696777
43.75,20.75,53.2492980957031
44.25,20.75,45.3186531066894
44.75,20.75,38.35986328125
-44.75,21.25,28.1927261352539
-44.25,21.25,27.711835861206
-43.75,21.25,27.1075973510742
-43.25,21.25,26.5682754516601
-42.75,21.25,26.2248458862304
-42.25,21.25,26.1642742156982
-41.75,21.25,26.4632339477539
-41.25,21.25,27.1968936920166
-40.75,21.25,28.444932937622
-40.25,21.25,30.2981986999511
-39.75,21.25,32.8654060363769
-39.25,21.25,36.2783126831054
-38.75,21.25,40.6965065002441
-38.25,21.25,46.3103408813476
-37.75,21.25,53.3408164978027
-37.25,21.25,62.0373992919921
-36.75,21.25,72.6737594604492
-36.25,21.25,85.5386123657226
-35.75,21.25,100.92446899414
-35.25,21.25,119.114295959472
-34.75,21.25,140.365890502929
-34.25,21.25,164.896057128906
-33.75,21.25,192.866729736328
-33.25,21.25,224.372848510742
-32.75,21.25,259.437896728515
-32.25,21.25,298.009460449218
-31.75,21.25,339.959289550781
-31.25,21.25,385.091705322265
-30.75,21.25,433.149688720703
-30.25,21.25,483.820831298828
-29.75,21.25,536.7470703125
-29.25,21.25,591.53125
-28.75,21.25,647.744079589843
-28.25,21.25,704.932800292968
-27.75,21.25,762.631286621093
-27.25,21.25,820.37255859375
-26.75,21.25,877.704711914062
-26.25,21.25,934.206176757812
-25.75,21.25,989.503051757812
-25.25,21.25,1043.28149414062
-24.75,21.25,1095.29760742187
-24.25,21.25,1145.375
-23.75,21.25,1193.40405273437
-23.25,21.25,1239.32873535156
-22.75,21.25,1283.13415527343
-22.25,21.25,1324.83569335937
-21.75,21.25,1364.47155761718
-21.25,21.25,1402.1025390625
-20.75,21.25,1437.81750488281
-20.25,21.25,1471.74584960937
-19.75,21.25,1504.06921386718
-19.25,21.25,1535.03356933593
-18.75,21.25,1564.9501953125
-18.25,21.25,1594.19055175781
-17.75,21.25,1623.16845703125
-17.25,21.25,1652.30981445312
-16.75,21.25,1682.01708984375
-16.25,21.25,1712.630859375
-15.75,21.25,1744.40002441406
-15.25,21.25,1777.4560546875
-14.75,21.25,1811.80065917968
-14.25,21.25,1847.31811523437
-13.75,21.25,1883.7939453125
-13.25,21.25,1920.95166015625
-12.75,21.25,1958.49243164062
-12.25,21.25,1996.14489746093
-11.75,21.25,2033.69934082031
-11.25,21.25,2071.03930664062
-10.75,21.25,2108.15673828125
-10.25,21.25,2145.15014648437
-9.75,21.25,2182.21337890625
-9.25,21.25,2219.60913085937
-8.75,21.25,2257.64086914062
-8.25,21.25,2296.61791992187
-7.75,21.25,2336.82836914062
-7.25,21.25,2378.51025390625
-6.75,21.25,2421.833984375
-6.25,21.25,2466.89404296875
-5.75,21.25,2513.70239257812
-5.25,21.25,2562.1953125
-4.75,21.25,2612.2412109375
-4.25,21.25,2663.67065429687
-3.75,21.25,2716.2841796875
-3.25,21.25,2769.89135742187
-2.75,21.25,2824.33471679687
-2.25,21.25,2879.521484375
-1.75,21.25,2935.44384765625
-1.25,21.25,2992.19409179687
-0.75,21.25,3049.96826171875
-0.25,21.25,3109.0595703125
0.25,21.25,3169.83422851562
0.75,21.25,3232.697265625
1.25,21.25,3298.06420898437
1.75,21.25,3366.30786132812
2.25,21.25,3437.72827148437
2.75,21.25,3512.51733398437
3.25,21.25,3590.736328125
3.75,21.25,3672.30859375
4.25,21.25,3757.02001953125
4.75,21.25,3844.53173828125
5.25,21.25,3934.39599609375
5.75,21.25,4026.08984375
6.25,21.25,4119.0322265625
6.75,21.25,4212.62158203125
7.25,21.25,4306.251953125
7.75,21.25,4399.3388671875
8.25,21.25,4491.33203125
8.75,21.25,4581.72607421875
9.25,21.25,4670.0693359375
9.75,21.25,4755.9482421875
10.25,21.25,4838.9951171875
10.75,21.25,4918.85009765625
11.25,21.25,4995.15087890625
11.75,21.25,5067.4892578125
12.25,21.25,5135.3828125
12.75,21.25,5198.244140625
13.25,21.25,5255.3505859375
13.75,21.25,5305.84130859375
14.25,21.25,5348.7177734375
14.75,21.25,5382.87109375
15.25,21.25,5407.1240234375
15.75,21.25,5420.29150390625
16.25,21.25,5421.25390625
16.75,21.25,5409.03076171875
17.25,21.25,5382.8330078125
17.75,21.25,5342.125
18.25,21.25,5286.65478515625
18.75,21.25,5216.4619140625
19.25,21.25,5131.87451171875
19.75,21.25,5033.46728515625
20.25,21.25,4922.02490234375
20.75,21.25,4798.5009765625
21.25,21.25,4663.958984375
21.75,21.25,4519.52685546875
22.25,21.25,4366.36767578125
22.75,21.25,4205.64208984375
23.25,21.25,4038.49389648437
23.75,21.25,3866.04931640625
24.25,21.25,3689.416015625
24.75,21.25,3509.68920898437
25.25,21.25,3327.95849609375
25.75,21.25,3145.31176757812
26.25,21.25,2962.83325195312
26.75,21.25,2781.59594726562
27.25,21.25,2602.6455078125
27.75,21.25,2426.98461914062
28.25,21.25,2255.54467773437
28.75,21.25,2089.17065429687
29.25,21.25,1928.60009765625
29.75,21.25,1774.45471191406
30.25,21.25,1627.22717285156
30.75,21.25,1487.287109375
31.25,21.25,1354.88977050781
31.75,21.25,1230.17700195312
32.25,21.25,1113.19860839843
32.75,21.25,1003.92504882812
33.25,21.25,902.259521484375
33.75,21.25,808.0517578125
34.25,21.25,721.109375
34.75,21.25,641.204223632812
35.25,21.25,568.083190917968
35.75,21.25,501.472747802734
36.25,21.25,441.083129882812
36.75,21.25,386.604736328125
37.25,21.25,337.716796875
37.75,21.25,294.08413696289
38.25,21.25,255.360290527343
38.75,21.25,221.186279296875
39.25,21.25,191.193008422851
39.75,21.25,165.006240844726
40.25,21.25,142.247192382812
40.75,21.25,122.542022705078
41.25,21.25,105.528030395507
41.75,21.25,90.8592147827148
42.25,21.25,78.2120513916015
42.75,21.25,67.290901184082
43.25,21.25,57.8278923034668
43.75,21.25,49.5849990844726
44.25,21.25,42.3643188476562
44.75,21.25,36.012954711914
-44.75,21.75,26.8038730621337
-44.25,21.75,26.1704959869384
-43.75,21.75,25.4224777221679
-43.25,21.75,24.7393493652343
-42.75,21.75,24.2426280975341
-42.25,21.75,24.0094604492187
-41.75,21.75,24.1052284240722
-41.25,21.75,24.5920581817626
-40.75,21.75,25.5345783233642
-40.25,21.75,27.0059928894042
-39.75,21.75,29.0943183898925
-39.25,21.75,31.9071998596191
-38.75,21.75,35.576374053955
-38.25,21.75,40.2609596252441
-37.75,21.75,46.14794921875
-37.25,21.75,53.4514579772949
-36.75,21.75,62.4102516174316
-36.25,21.75,73.2813644409179
-35.75,21.75,86.3317642211914
-35.25,21.75,101.828308105468
-34.75,21.75,120.025039672851
-34.25,21.75,141.149749755859
-33.75,21.75,165.391494750976
-33.25,21.75,192.88818359375
-32.75,21.75,223.719818115234
-32.25,21.75,257.90103149414
-31.75,21.75,295.376373291015
-31.25,21.75,336.023132324218
-30.75,21.75,379.652313232421
-30.25,21.75,426.010375976562
-29.75,21.75,474.785125732421
-29.25,21.75,525.611328125
-28.75,21.75,578.078491210937
-28.25,21.75,631.740051269531
-27.75,21.75,686.127380371093
-27.25,21.75,740.765197753906
-26.75,21.75,795.191284179687
-26.25,21.75,848.974914550781
-25.75,21.75,901.734985351562
-25.25,21.75,953.152954101562
-24.75,21.75,1002.98254394531
-24.25,21.75,1051.04724121093
-23.75,21.75,1097.23413085937
-23.25,21.75,1141.48010253906
-22.75,21.75,1183.7578125
-22.25,21.75,1224.06103515625
-21.75,21.75,1262.39721679687
-21.25,21.75,1298.78820800781
-20.75,21.75,1333.27600097656
-20.25,21.75,1365.93627929687
-19.75,21.75,1396.89733886718
-19.25,21.75,1426.35205078125
-18.75,21.75,1454.56713867187
-18.25,21.75,1481.88000488281
-17.75,21.75,1508.68701171875
-17.25,21.75,1535.4150390625
-16.75,21.75,1562.48693847656
-16.25,21.75,1590.28601074218
-15.75,21.75,1619.1220703125
-15.25,21.75,1649.2001953125
-14.75,21.75,1680.61181640625
-14.25,21.75,1713.33081054687
-13.75,21.75,1747.23156738281
-13.25,21.75,1782.11486816406
-12.75,21.75,1817.74438476562
-12.25,21.75,1853.88452148437
-11.75,21.75,1890.33532714843
-11.25,21.75,1926.9599609375
-10.75,21.75,1963.70043945312
-10.25,21.75,2000.580078125
-9.75,21.75,2037.69848632812
-9.25,21.75,2075.212890625
-8.75,21.75,2113.31469726562
-8.25,21.75,2152.21118164062
-7.75,21.75,2192.09741210937
-7.25,21.75,2233.14038085937
-6.75,21.75,2275.46142578125
-6.25,21.75,2319.13330078125
-5.75,21.75,2364.17041015625
-5.25,21.75,2410.53833007812
-4.75,21.75,2458.15478515625
-4.25,21.75,2506.90551757812
-3.75,21.75,2556.66162109375
-3.25,21.75,2607.298828125
-2.75,21.75,2658.71850585937
-2.25,21.75,2710.87158203125
-1.75,21.75,2763.78051757812
-1.25,21.75,2817.54370117187
-0.75,21.75,2872.34838867187
-0.25,21.75,2928.45849609375
0.25,21.75,2986.20288085937
0.75,21.75,3045.94116210937
1.25,21.75,3108.04174804687
1.75,21.75,3172.83422851562
2.25,21.75,3240.5859375
2.75,21.75,3311.4638671875
3.25,21.75,3385.5185546875
3.75,21.75,3462.67333984375
4.25,21.75,3542.72241210937
4.75,21.75,3625.34301757812
5.25,21.75,3710.11596679687
5.75,21.75,3796.53784179687
6.25,21.75,3884.05932617187
6.75,21.75,3972.10375976562
7.25,21.75,4060.09033203125
7.75,21.75,4147.4599609375
8.25,21.75,4233.68212890625
8.75,21.75,4318.2783203125
9.25,21.75,4400.8115234375
9.75,21.75,4480.89794921875
10.25,21.75,4558.1904296875
10.75,21.75,4632.3583984375
11.25,21.75,4703.06591796875
11.75,21.75,4769.94140625
12.25,21.75,4832.53759765625
12.75,21.75,4890.3095703125
13.25,21.75,4942.5859375
13.75,21.75,4988.556640625
14.25,21.75,5027.2919921875
14.75,21.75,5057.75634765625
15.25,21.75,5078.85009765625
15.75,21.75,5089.4794921875
16.25,21.75,5088.6181640625
16.75,21.75,5075.3828125
17.25,21.75,5049.08251953125
17.75,21.75,5009.267578125
18.25,21.75,4955.76513671875
18.75,21.75,4888.673828125
19.25,21.75,4808.34375
19.75,21.75,4715.35009765625
20.25,21.75,4610.4404296875
20.75,21.75,4494.4833984375
21.25,21.75,4368.427734375
21.75,21.75,4233.255859375
22.25,21.75,4089.96264648437
22.75,21.75,3939.533203125
23.25,21.75,3782.94091796875
23.75,21.75,3621.15698242187
24.25,21.75,3455.15869140625
24.75,21.75,3285.9443359375
25.25,21.75,3114.53979492187
25.75,21.75,2942.00170898437
26.25,21.75,2769.40869140625
26.75,21.75,2597.84594726562
27.25,21.75,2428.38427734375
27.75,21.75,2262.05053710937
28.25,21.75,2099.80004882812
28.75,21.75,1942.4931640625
29.25,21.75,1790.87255859375
29.75,21.75,1645.55578613281
30.25,21.75,1507.02197265625
30.75,21.75,1375.62170410156
31.25,21.75,1251.58264160156
31.75,21.75,1135.01635742187
32.25,21.75,1025.93835449218
32.75,21.75,924.282958984375
33.25,21.75,829.917297363281
33.75,21.75,742.656494140625
34.25,21.75,662.27734375
34.75,21.75,588.525024414062
35.25,21.75,521.127624511718
35.75,21.75,459.800262451171
36.25,21.75,404.251251220703
36.75,21.75,354.177459716796
37.25,21.75,309.272277832031
37.75,21.75,269.221435546875
38.25,21.75,233.703659057617
38.75,21.75,202.388153076171
39.25,21.75,174.935180664062
39.75,21.75,150.999450683593
40.25,21.75,130.230148315429
40.75,21.75,112.279724121093
41.25,21.75,96.8096542358398
41.75,21.75,83.4962844848632
42.25,21.75,72.0363693237304
42.75,21.75,62.1526107788085
43.25,21.75,53.5936737060546
43.75,21.75,46.136173248291
44.25,21.75,39.5941886901855
44.75,21.75,33.8239860534668
-44.75,22.25,25.4002342224121
-44.25,22.25,24.6561889648437
-43.75,22.25,23.8036575317382
-43.25,22.25,23.0129776000976
-42.75,22.25,22.3968105316162
-42.25,22.25,22.0238647460937
-41.75,22.25,21.9500389099121
-41.25,22.25,22.2266025543212
-40.75,22.25,22.9055023193359
-40.25,22.25,24.0449848175048
-39.75,22.25,25.7152824401855
-39.25,22.25,28.0030536651611
-38.75,22.25,31.0157032012939
-38.25,22.25,34.8846855163574
-37.75,22.25,39.766674041748
-37.25,22.25,45.843822479248
-36.75,22.25,53.32275390625
-36.25,22.25,62.4305267333984
-35.75,22.25,73.4086837768554
-35.25,22.25,86.5061416625976
-34.75,22.25,101.96898651123
-34.25,22.25,120.029670715332
-33.75,22.25,140.895523071289
-33.25,22.25,164.736755371093
-32.75,22.25,191.678405761718
-32.25,22.25,221.790481567382
-31.75,22.25,255.079238891601
-31.25,22.25,291.485931396484
-30.75,22.25,330.88330078125
-30.25,22.25,373.072692871093
-29.75,22.25,417.787536621093
-29.25,22.25,464.697052001953
-28.75,22.25,513.413696289062
-28.25,22.25,563.503234863281
-27.75,22.25,614.501098632812
-27.25,22.25,665.931030273437
-26.75,22.25,717.326293945312
-26.25,22.25,768.252075195312
-25.75,22.25,818.323974609375
-25.25,22.25,867.224243164062
-24.75,22.25,914.7080078125
-24.25,22.25,960.602294921875
-23.75,22.25,1004.79602050781
-23.25,22.25,1047.22570800781
-22.75,22.25,1087.85852050781
-22.25,22.25,1126.67590332031
-21.75,22.25,1163.66296386718
-21.25,22.25,1198.81005859375
-20.75,22.25,1232.11877441406
-20.25,22.25,1263.61669921875
-19.75,22.25,1293.37744140625
-19.25,22.25,1321.5390625
-18.75,22.25,1348.31555175781
-18.25,22.25,1374.00158691406
-17.75,22.25,1398.96228027343
-17.25,22.25,1423.61096191406
-16.75,22.25,1448.3779296875
-16.25,22.25,1473.67492675781
-15.75,22.25,1499.85961914062
-15.25,22.25,1527.20520019531
-14.75,22.25,1555.88342285156
-14.25,22.25,1585.95556640625
-13.75,22.25,1617.38330078125
-13.25,22.25,1650.04614257812
-12.75,22.25,1683.77233886718
-12.25,22.25,1718.36633300781
-11.75,22.25,1753.64245605468
-11.25,22.25,1789.4462890625
-10.75,22.25,1825.67419433593
-10.25,22.25,1862.27807617187
-9.75,22.25,1899.263671875
-9.25,22.25,1936.68200683593
-8.75,22.25,1974.61462402343
-8.25,22.25,2013.16198730468
-7.75,22.25,2052.42626953125
-7.25,22.25,2092.50048828125
-6.75,22.25,2133.46142578125
-6.25,22.25,2175.3603515625
-5.75,22.25,2218.2255859375
-5.25,22.25,2262.05883789062
-4.75,22.25,2306.83935546875
-4.25,22.25,2352.53076171875
-3.75,22.25,2399.08837890625
-3.25,22.25,2446.46948242187
-2.75,22.25,2494.6494140625
-2.25,22.25,2543.63452148437
-1.75,22.25,2593.47607421875
-1.25,22.25,2644.2802734375
-0.75,22.25,2696.2138671875
-0.25,22.25,2749.501953125
0.25,22.25,2804.41796875
0.75,22.25,2861.2578125
1.25,22.25,2920.32348632812
1.75,22.25,2981.88842773437
2.25,22.25,3046.1728515625
2.75,22.25,3113.31274414062
3.25,22.25,3183.34326171875
3.75,22.25,3256.19140625
4.25,22.25,3331.66650390625
4.75,22.25,3409.47387695312
5.25,22.25,3489.22509765625
5.75,22.25,3570.46142578125
6.25,22.25,3652.66748046875
6.75,22.25,3735.30590820312
7.25,22.25,3817.8271484375
7.75,22.25,3899.69995117187
8.25,22.25,3980.4140625
8.75,22.25,4059.50854492187
9.25,22.25,4136.56103515625
9.75,22.25,4211.19677734375
10.25,22.25,4283.07958984375
10.75,22.25,4351.89013671875
11.25,22.25,4417.30908203125
11.75,22.25,4478.986328125
12.25,22.25,4536.50439453125
12.75,22.25,4589.35888671875
13.25,22.25,4636.93212890625
13.75,22.25,4678.48046875
14.25,22.25,4713.14990234375
14.75,22.25,4739.9931640625
15.25,22.25,4758.01123046875
15.75,22.25,4766.2119140625
16.25,22.25,4763.67138671875
16.75,22.25,4749.61083984375
17.25,22.25,4723.4267578125
17.75,22.25,4684.75
18.25,22.25,4633.46240234375
18.75,22.25,4569.6962890625
19.25,22.25,4493.81005859375
19.75,22.25,4406.34716796875
20.25,22.25,4307.99365234375
20.75,22.25,4199.52880859375
21.25,22.25,4081.77783203125
21.75,22.25,3955.5869140625
22.25,22.25,3821.79760742187
22.75,22.25,3681.24194335937
23.25,22.25,3534.75146484375
23.75,22.25,3383.16723632812
24.25,22.25,3227.36572265625
24.75,22.25,3068.27099609375
25.25,22.25,2906.85913085937
25.75,22.25,2744.16333007812
26.25,22.25,2581.25537109375
26.75,22.25,2419.22509765625
27.25,22.25,2259.15209960937
27.75,22.25,2102.07153320312
28.25,22.25,1948.94580078125
28.75,22.25,1800.63159179687
29.25,22.25,1657.86743164062
29.75,22.25,1521.25610351562
30.25,22.25,1391.2607421875
30.75,22.25,1268.21130371093
31.25,22.25,1152.31262207031
31.75,22.25,1043.65148925781
32.25,22.25,942.216552734375
32.75,22.25,847.914184570312
33.25,22.25,760.581787109375
33.75,22.25,680.007629394531
34.25,22.25,605.940734863281
34.75,22.25,538.104553222656
35.25,22.25,476.209991455078
35.75,22.25,419.962249755859
36.25,22.25,369.06753540039
36.75,22.25,323.228973388671
37.25,22.25,282.15298461914
37.75,22.25,245.545196533203
38.25,22.25,213.108245849609
38.75,22.25,184.538116455078
39.25,22.25,159.522994995117
39.75,22.25,137.745468139648
40.25,22.25,118.881484985351
40.75,22.25,102.60871887207
41.25,22.25,88.6121215820312
41.75,22.25,76.5896224975586
42.25,22.25,66.2580032348632
42.75,22.25,57.3580474853515
43.25,22.25,49.6549224853515
43.75,22.25,42.9397811889648
44.25,22.25,37.0386505126953
44.75,22.25,31.8168411254882
-44.75,22.75,23.9513778686523
-44.25,22.75,23.1451530456542
-43.75,22.75,22.2331314086914
-43.25,22.75,21.375732421875
-42.75,22.75,20.6774635314941
-42.25,22.75,20.2000045776367
-41.75,22.75,19.9917430877685
-41.25,22.75,20.0953521728515
-40.75,22.75,20.5526409149169
-40.25,22.75,21.4096508026123
-39.75,22.75,22.7218074798584
-39.25,22.75,24.558048248291
-38.75,22.75,27.0049495697021
-38.25,22.75,30.1699981689453
-37.75,22.75,34.1832771301269
-37.25,22.75,39.1984977722168
-36.75,22.75,45.3931694030761
-36.25,22.75,52.9662551879882
-35.75,22.75,62.134521484375
-35.25,22.75,73.1274948120117
-34.75,22.75,86.1799392700195
-34.25,22.75,101.522872924804
-33.75,22.75,119.373802185058
-33.25,22.75,139.925247192382
-32.75,22.75,163.335891723632
-32.25,22.75,189.71923828125
-31.75,22.75,219.132553100585
-31.25,22.75,251.571212768554
-30.75,22.75,286.962280273437
-30.25,22.75,325.158050537109
-29.75,22.75,365.935974121093
-29.25,22.75,409.001403808593
-28.75,22.75,453.993133544921
-28.25,22.75,500.494903564453
-27.75,22.75,548.052062988281
-27.25,22.75,596.193237304687
-26.75,22.75,644.452331542968
-26.25,22.75,692.395263671875
-25.75,22.75,739.638549804687
-25.25,22.75,785.867004394531
-24.75,22.75,830.841247558593
-24.25,22.75,874.394897460937
-23.75,22.75,916.423767089843
-23.25,22.75,956.870788574218
-22.75,22.75,995.705139160156
-22.25,22.75,1032.904296875
-21.75,22.75,1068.44311523437
-21.25,22.75,1102.29052734375
-20.75,22.75,1134.41711425781
-20.25,22.75,1164.81042480468
-19.75,22.75,1193.494140625
-19.25,22.75,1220.55212402343
-18.75,22.75,1246.14306640625
-18.25,22.75,1270.50891113281
-17.75,22.75,1293.97241210937
-17.25,22.75,1316.92028808593
-16.75,22.75,1339.77233886718
-16.25,22.75,1362.95178222656
-15.75,22.75,1386.84985351562
-15.25,22.75,1411.79248046875
-14.75,22.75,1438.01745605468
-14.25,22.75,1465.66479492187
-13.75,22.75,1494.77600097656
-13.25,22.75,1525.30615234375
-12.75,22.75,1557.14440917968
-12.25,22.75,1590.13842773437
-11.75,22.75,1624.11889648437
-11.25,22.75,1658.92224121093
-10.75,22.75,1694.40649414062
-10.25,22.75,1730.45849609375
-9.75,22.75,1767.00109863281
-9.25,22.75,1803.9873046875
-8.75,22.75,1841.39599609375
-8.25,22.75,1879.22607421875
-7.75,22.75,1917.49169921875
-7.25,22.75,1956.21813964843
-6.75,22.75,1995.43566894531
-6.25,22.75,2035.1845703125
-5.75,22.75,2075.50732421875
-5.25,22.75,2116.45092773437
-4.75,22.75,2158.06420898437
-4.25,22.75,2200.39526367187
-3.75,22.75,2243.4931640625
-3.25,22.75,2287.40795898437
-2.75,22.75,2332.19287109375
-2.25,22.75,2377.91577148437
-1.75,22.75,2424.65991210937
-1.25,22.75,2472.53564453125
-0.75,22.75,2521.68603515625
-0.25,22.75,2572.28833007812
0.25,22.75,2624.54638671875
0.75,22.75,2678.68139648437
1.25,22.75,2734.91796875
1.75,22.75,2793.46166992187
2.25,22.75,2854.47534179687
2.75,22.75,2918.05883789062
3.25,22.75,2984.2294921875
3.75,22.75,3052.91479492187
4.25,22.75,3123.94458007812
4.75,22.75,3197.05615234375
5.25,22.75,3271.90405273437
5.75,22.75,3348.07373046875
6.25,22.75,3425.09912109375
6.75,22.75,3502.482421875
7.25,22.75,3579.71533203125
7.75,22.75,3656.29296875
8.25,22.75,3731.7314453125
8.75,22.75,3805.57983398437
9.25,22.75,3877.42602539062
9.75,22.75,3946.8984375
10.25,22.75,4013.66259765625
10.75,22.75,4077.40014648437
11.25,22.75,4137.80126953125
11.75,22.75,4194.52685546875
12.25,22.75,4247.19287109375
12.75,22.75,4295.33251953125
13.25,22.75,4338.38525390625
13.75,22.75,4375.68212890625
14.25,22.75,4406.4599609375
14.75,22.75,4429.86669921875
15.25,22.75,4445.01416015625
15.75,22.75,4451.01904296875
16.25,22.75,4447.0693359375
16.75,22.75,4432.47509765625
17.25,22.75,4406.720703125
17.75,22.75,4369.4951171875
18.25,22.75,4320.71435546875
18.75,22.75,4260.51953125
19.25,22.75,4189.24609375
19.75,22.75,4107.390625
20.25,22.75,4015.560546875
20.75,22.75,3914.43310546875
21.25,22.75,3804.71997070312
21.75,22.75,3687.13647460937
22.25,22.75,3562.39379882812
22.75,22.75,3431.19848632812
23.25,22.75,3294.26708984375
23.75,22.75,3152.3486328125
24.25,22.75,3006.24560546875
24.75,22.75,2856.82836914062
25.25,22.75,2705.04223632812
25.75,22.75,2551.900390625
26.25,22.75,2398.466796875
26.75,22.75,2245.82690429687
27.25,22.75,2095.05541992187
27.75,22.75,1947.17846679687
28.25,22.75,1803.14294433593
28.75,22.75,1663.78942871093
29.25,22.75,1529.83044433593
29.75,22.75,1401.84790039062
30.25,22.75,1280.28039550781
30.75,22.75,1165.43359375
31.25,22.75,1057.49145507812
31.75,22.75,956.5185546875
32.25,22.75,862.482482910156
32.75,22.75,775.268798828125
33.25,22.75,694.693481445312
33.75,22.75,620.523559570312
34.25,22.75,552.488952636718
34.75,22.75,490.296813964843
35.25,22.75,433.646209716796
35.75,22.75,382.236175537109
36.25,22.75,335.772552490234
36.75,22.75,293.965759277343
37.25,22.75,256.535766601562
37.75,22.75,223.206680297851
38.25,22.75,193.703720092773
38.75,22.75,167.747802734375
39.25,22.75,145.053237915039
39.75,22.75,125.32836151123
40.25,22.75,108.274269104003
40.75,22.75,93.5923385620117
41.25,22.75,80.9897689819336
41.75,22.75,70.1852874755859
42.25,22.75,60.9149932861328
42.75,22.75,52.9375534057617
43.25,22.75,46.0344085693359
43.75,22.75,40.0113449096679
44.25,22.75,34.7063217163085
44.75,22.75,29.9936790466308
-44.75,23.25,22.4524974822998
-44.25,23.25,21.6324996948242
-43.75,23.25,20.7060852050781
-43.25,23.25,19.8231258392334
-42.75,23.25,19.0804805755615
-42.25,23.25,18.5341777801513
-41.75,23.25,18.2268714904785
-41.25,23.25,18.1947879791259
-40.75,23.25,18.4719886779785
-40.25,23.25,19.0949211120605
-39.75,23.25,20.1070747375488
-39.25,23.25,21.5628299713134
-38.75,23.25,23.5312767028808
-38.25,23.25,26.0995388031005
-37.75,23.25,29.3747215270996
-37.25,23.25,33.4855575561523
-36.75,23.25,38.5833778381347
-36.25,23.25,44.8412628173828
-35.75,23.25,52.4519958496093
-35.25,23.25,61.62495803833
-34.75,23.25,72.5806198120117
-34.25,23.25,85.5436325073242
-33.75,23.25,100.734375
-33.25,23.25,118.358528137207
-32.75,23.25,138.598068237304
-32.25,23.25,161.599075317382
-31.75,23.25,187.458770751953
-31.25,23.25,216.217666625976
-30.75,23.25,247.849411010742
-30.25,23.25,282.252258300781
-29.75,23.25,319.245910644531
-29.25,23.25,358.572113037109
-28.75,23.25,399.898681640625
-28.25,23.25,442.831512451171
-27.75,23.25,486.931213378906
-27.25,23.25,531.735534667968
-26.75,23.25,576.784851074218
-26.25,23.25,621.64794921875
-25.75,23.25,665.9462890625
-25.25,23.25,709.369506835937
-24.75,23.25,751.684936523437
-24.25,23.25,792.735412597656
-23.75,23.25,832.4287109375
-23.25,23.25,870.717834472656
-22.75,23.25,907.582153320312
-22.25,23.25,943.004943847656
-21.75,23.25,976.960754394531
-21.25,23.25,1009.41027832031
-20.75,23.25,1040.3056640625
-20.25,23.25,1069.60290527343
-19.75,23.25,1097.28588867187
-19.25,23.25,1123.38696289062
-18.75,23.25,1148.00927734375
-18.25,23.25,1171.33850097656
-17.75,23.25,1193.64575195312
-17.25,23.25,1215.27478027343
-16.75,23.25,1236.62084960937
-16.25,23.25,1258.10046386718
-15.75,23.25,1280.11706542968
-15.25,23.25,1303.03149414062
-14.75,23.25,1327.13244628906
-14.25,23.25,1352.62243652343
-13.75,23.25,1379.60998535156
-13.25,23.25,1408.11730957031
-12.75,23.25,1438.09069824218
-12.25,23.25,1469.41772460937
-11.75,23.25,1501.95129394531
-11.25,23.25,1535.5234375
-10.75,23.25,1569.96459960937
-10.25,23.25,1605.11267089843
-9.75,23.25,1640.81921386718
-9.25,23.25,1676.95422363281
-8.75,23.25,1713.40783691406
-8.25,23.25,1750.09155273437
-7.75,23.25,1786.94323730468
-7.25,23.25,1823.92468261718
-6.75,23.25,1861.03234863281
-6.25,23.25,1898.29382324218
-5.75,23.25,1935.77319335937
-5.25,23.25,1973.5615234375
-4.75,23.25,2011.77941894531
-4.25,23.25,2050.56127929687
-3.75,23.25,2090.0498046875
-3.25,23.25,2130.3857421875
-2.75,23.25,2171.705078125
-2.25,23.25,2214.13061523437
-1.75,23.25,2257.78051757812
-1.25,23.25,2302.76806640625
-0.75,23.25,2349.20849609375
-0.25,23.25,2397.22436523437
0.25,23.25,2446.95092773437
0.75,23.25,2498.52709960937
1.25,23.25,2552.09448242187
1.75,23.25,2607.78393554687
2.25,23.25,2665.69848632812
2.75,23.25,2725.89453125
3.25,23.25,2788.37182617187
3.75,23.25,2853.05737304687
4.25,23.25,2919.80078125
4.75,23.25,2988.37109375
5.25,23.25,3058.47021484375
5.75,23.25,3129.7294921875
6.25,23.25,3201.734375
6.75,23.25,3274.0341796875
7.25,23.25,3346.16015625
7.75,23.25,3417.63916015625
8.25,23.25,3488.01220703125
8.75,23.25,3556.84008789062
9.25,23.25,3623.71850585937
9.75,23.25,3688.27514648437
10.25,23.25,3750.16967773437
10.75,23.25,3809.0859375
11.25,23.25,3864.71655273437
11.75,23.25,3916.73754882812
12.25,23.25,3964.78686523437
12.75,23.25,4008.4462890625
13.25,23.25,4047.21362304687
13.75,23.25,4080.50170898437
14.25,23.25,4107.63525390625
14.75,23.25,4127.875
15.25,23.25,4140.4423828125
15.75,23.25,4144.5673828125
16.25,23.25,4139.5390625
16.75,23.25,4124.7568359375
17.25,23.25,4099.77099609375
17.75,23.25,4064.3115234375
18.25,23.25,4018.31030273437
18.75,23.25,3961.88989257812
19.25,23.25,3895.34350585937
19.75,23.25,3819.099609375
20.25,23.25,3733.67846679687
20.75,23.25,3639.65454101562
21.25,23.25,3537.62744140625
21.75,23.25,3428.20043945312
22.25,23.25,3311.978515625
22.75,23.25,3189.57202148437
23.25,23.25,3061.61645507812
23.75,23.25,2928.79541015625
24.25,23.25,2791.86694335937
24.75,23.25,2651.67041015625
25.25,23.25,2509.13403320312
25.75,23.25,2365.25634765625
26.25,23.25,2221.09008789062
26.75,23.25,2077.708984375
27.25,23.25,1936.16418457031
27.75,23.25,1797.45727539062
28.25,23.25,1662.50085449218
28.75,23.25,1532.0986328125
29.25,23.25,1406.92687988281
29.75,23.25,1287.52807617187
30.25,23.25,1174.30969238281
30.75,23.25,1067.5498046875
31.25,23.25,967.406921386718
31.75,23.25,873.926208496093
32.25,23.25,787.05810546875
32.75,23.25,706.672973632812
33.25,23.25,632.573425292968
33.75,23.25,564.513244628906
34.25,23.25,502.212310791015
34.75,23.25,445.369110107421
35.25,23.25,393.677947998046
35.75,23.25,346.836364746093
36.25,23.25,304.554534912109
36.75,23.25,266.552154541015
37.25,23.25,232.562850952148
37.75,23.25,202.328659057617
38.25,23.25,175.595672607421
38.75,23.25,152.107833862304
39.25,23.25,131.602951049804
39.75,23.25,113.812919616699
40.25,23.25,98.4618072509765
40.75,23.25,85.2731781005859
41.25,23.25,73.9750213623046
41.75,23.25,64.3060455322265
42.25,23.25,56.0211296081543
42.75,23.25,48.8964347839355
43.25,23.25,42.7296104431152
43.75,23.25,37.3409919738769
44.25,23.25,32.5806427001953
44.75,23.25,28.3321113586425
-44.75,23.75,20.9260158538818
-44.25,23.75,20.1338729858398
-43.75,23.75,19.2327060699462
-43.25,23.75,18.3612384796142
-42.75,23.75,17.6090469360351
-42.25,23.75,17.0275573730468
-41.75,23.75,16.6551132202148
-41.25,23.75,16.5232391357421
-40.75,23.75,16.6602611541748
-40.25,23.75,17.0953483581542
-39.75,23.75,17.8626384735107
-39.25,23.75,19.0047740936279
-38.75,23.75,20.576509475708
-38.25,23.75,22.6479187011718
-37.75,23.75,25.306526184082
-37.25,23.75,28.6593341827392
-36.75,23.75,32.8344497680664
-36.25,23.75,37.9812088012695
-35.75,23.75,44.2695121765136
-35.25,23.75,51.8882255554199
-34.75,23.75,61.0414390563964
-34.25,23.75,71.9433135986328
-33.75,23.75,84.8110275268554
-33.25,23.75,99.8555908203125
-32.75,23.75,117.272987365722
-32.25,23.75,137.23191833496
-31.75,23.75,159.85984802246
-31.25,23.75,185.233139038085
-30.75,23.75,213.36506652832
-30.25,23.75,244.194549560546
-29.75,23.75,277.58056640625
-29.25,23.75,313.300842285156
-28.75,23.75,351.054443359375
-28.25,23.75,390.472351074218
-27.75,23.75,431.134063720703
-27.25,23.75,472.591339111328
-26.75,23.75,514.393920898437
-26.25,23.75,556.117858886718
-25.75,23.75,597.390197753906
-25.25,23.75,637.9072265625
-24.75,23.75,677.445190429687
-24.25,23.75,715.857421875
-23.75,23.75,753.064514160156
-23.25,23.75,789.035217285156
-22.75,23.75,823.764282226562
-22.25,23.75,857.248840332031
-21.75,23.75,889.474243164062
-21.25,23.75,920.403869628906
-20.75,23.75,949.9833984375
-20.25,23.75,978.151123046875
-19.75,23.75,1004.85943603515
-19.25,23.75,1030.0986328125
-18.75,23.75,1053.91870117187
-18.25,23.75,1076.447265625
-17.75,23.75,1097.89599609375
-17.25,23.75,1118.55700683593
-16.75,23.75,1138.78430175781
-16.25,23.75,1158.96923828125
-15.75,23.75,1179.50988769531
-15.25,23.75,1200.78015136718
-14.75,23.75,1223.099609375
-14.25,23.75,1246.7158203125
-13.75,23.75,1271.78991699218
-13.25,23.75,1298.3974609375
-12.75,23.75,1326.5341796875
-12.25,23.75,1356.12670898437
-11.75,23.75,1387.0498046875
-11.25,23.75,1419.13928222656
-10.75,23.75,1452.20983886718
-10.25,23.75,1486.06298828125
-9.75,23.75,1520.49963378906
-9.25,23.75,1555.32580566406
-8.75,23.75,1590.36303710937
-8.25,23.75,1625.45263671875
-7.75,23.75,1660.47106933593
-7.25,23.75,1695.33264160156
-6.75,23.75,1730.00524902343
-6.25,23.75,1764.51318359375
-5.75,23.75,1798.93762207031
-5.25,23.75,1833.4169921875
-4.75,23.75,1868.13500976562
-4.25,23.75,1903.3056640625
-3.75,23.75,1939.15759277343
-3.25,23.75,1975.91638183593
-2.75,23.75,2013.78833007812
-2.25,23.75,2052.95092773437
-1.75,23.75,2093.55053710937
-1.25,23.75,2135.69995117187
-0.75,23.75,2179.4873046875
-0.25,23.75,2224.98461914062
0.25,23.75,2272.25561523437
0.75,23.75,2321.36083984375
1.25,23.75,2372.36059570312
1.75,23.75,2425.31201171875
2.25,23.75,2480.25561523437
2.75,23.75,2537.20849609375
3.25,23.75,2596.1474609375
3.75,23.75,2656.9970703125
4.25,23.75,2719.6259765625
4.75,23.75,2783.83666992187
5.25,23.75,2849.36865234375
5.75,23.75,2915.9052734375
6.25,23.75,2983.07958984375
6.75,23.75,3050.486328125
7.25,23.75,3117.69921875
7.75,23.75,3184.2783203125
8.25,23.75,3249.78857421875
8.75,23.75,3313.806640625
9.25,23.75,3375.93310546875
9.75,23.75,3435.796875
10.25,23.75,3493.05541992187
10.75,23.75,3547.390625
11.25,23.75,3598.49731445312
11.75,23.75,3646.06469726562
12.25,23.75,3689.76147460937
12.75,23.75,3729.2080078125
13.25,23.75,3763.96923828125
13.75,23.75,3793.537109375
14.25,23.75,3817.333984375
14.75,23.75,3834.7275390625
15.25,23.75,3845.04858398437
15.75,23.75,3847.63598632812
16.25,23.75,3841.87158203125
16.75,23.75,3827.23217773437
17.25,23.75,3803.3212890625
17.75,23.75,3769.89013671875
18.25,23.75,3726.8671875
18.75,23.75,3674.34008789062
19.25,23.75,3612.54125976562
19.75,23.75,3541.81860351562
20.25,23.75,3462.60180664062
20.75,23.75,3375.36450195312
21.25,23.75,3280.60546875
21.75,23.75,3178.83618164062
22.25,23.75,3070.57690429687
22.75,23.75,2956.36840820312
23.25,23.75,2836.79736328125
23.75,23.75,2712.51220703125
24.25,23.75,2584.24755859375
24.75,23.75,2452.83203125
25.25,23.75,2319.1826171875
25.75,23.75,2184.29272460937
26.25,23.75,2049.19897460937
26.75,23.75,1914.94958496093
27.25,23.75,1782.56237792968
27.75,23.75,1652.99548339843
28.25,23.75,1527.11010742187
28.75,23.75,1405.6572265625
29.25,23.75,1289.259765625
29.75,23.75,1178.41198730468
30.25,23.75,1073.47839355468
30.75,23.75,974.701721191406
31.25,23.75,882.21435546875
31.75,23.75,796.041015625
32.25,23.75,716.118103027343
32.75,23.75,642.305541992187
33.25,23.75,574.400146484375
33.75,23.75,512.151306152343
34.25,23.75,455.277465820312
34.75,23.75,403.477233886718
35.25,23.75,356.447479248046
35.75,23.75,313.892150878906
36.25,23.75,275.529296875
36.75,23.75,241.090499877929
37.25,23.75,210.324111938476
37.75,23.75,182.98941040039
38.25,23.75,158.851516723632
38.75,23.75,137.674850463867
39.25,23.75,119.218360900878
39.75,23.75,103.235000610351
40.25,23.75,89.4700317382812
40.75,23.75,77.6673126220703
41.25,23.75,67.5747680664062
41.75,23.75,58.9501800537109
42.25,23.75,51.5666694641113
42.75,23.75,45.2176208496093
43.25,23.75,39.7167243957519
43.75,23.75,34.8988876342773
44.25,23.75,30.6263637542724
44.75,23.75,26.7922592163085
-44.75,24.25,19.4172134399414
-44.25,24.25,18.6830768585205
-43.75,24.25,17.8370304107666
-43.25,24.25,17.0063323974609
-42.75,24.25,16.2735176086425
-42.25,24.25,15.6859884262084
-41.75,24.25,15.278730392456
-41.25,24.25,15.0797758102417
-40.75,24.25,15.1132736206054
-40.25,24.25,15.4029321670532
-39.75,24.25,15.9757032394409
-39.25,24.25,16.864990234375
-38.75,24.25,18.1139755249023
-38.25,24.25,19.7786464691162
-37.75,24.25,21.9300804138183
-37.25,24.25,24.6566047668457
-36.75,24.25,28.0658302307128
-36.25,24.25,32.2855682373046
-35.75,24.25,37.4641571044921
-35.25,24.25,43.7700271606445
-34.75,24.25,51.3894577026367
-34.25,24.25,60.5229034423828
-33.75,24.25,71.379524230957
-33.25,24.25,84.1689987182617
-32.75,24.25,99.093521118164
-32.25,24.25,116.335632324218
-31.75,24.25,136.044326782226
-31.25,24.25,158.323516845703
-30.75,24.25,183.218963623046
-30.25,24.25,210.704940795898
-29.75,24.25,240.676818847656
-29.25,24.25,272.947021484375
-28.75,24.25,307.246520996093
-28.25,24.25,343.233703613281
-27.75,24.25,380.510681152343
-27.25,24.25,418.646392822265
-26.75,24.25,457.203521728515
-26.25,24.25,495.768096923828
-25.75,24.25,533.974670410156
-25.25,24.25,571.52734375
-24.75,24.25,608.210998535156
-24.25,24.25,643.890441894531
-23.75,24.25,678.50048828125
-23.25,24.25,712.027221679687
-22.75,24.25,744.484313964843
-22.25,24.25,775.889282226562
-21.75,24.25,806.245788574218
-21.25,24.25,835.530334472656
-20.75,24.25,863.693481445312
-20.25,24.25,890.667663574218
-19.75,24.25,916.386047363281
-19.25,24.25,940.8046875
-18.75,24.25,963.927429199218
-18.25,24.25,985.825500488281
-17.75,24.25,1006.6489868164
-17.25,24.25,1026.6298828125
-16.75,24.25,1046.06896972656
-16.25,24.25,1065.31774902343
-15.75,24.25,1084.74963378906
-15.25,24.25,1104.73229980468
-14.75,24.25,1125.59619140625
-14.25,24.25,1147.61401367187
-13.75,24.25,1170.98303222656
-13.25,24.25,1195.81848144531
-12.75,24.25,1222.15637207031
-12.25,24.25,1249.95568847656
-11.75,24.25,1279.11450195312
-11.25,24.25,1309.47863769531
-10.75,24.25,1340.85632324218
-10.25,24.25,1373.03051757812
-9.75,24.25,1405.76867675781
-9.25,24.25,1438.83630371093
-8.75,24.25,1472.00732421875
-8.25,24.25,1505.07666015625
-7.75,24.25,1537.87719726562
-7.25,24.25,1570.29248046875
-6.75,24.25,1602.27307128906
-6.25,24.25,1633.84375
-5.75,24.25,1665.10583496093
-5.25,24.25,1696.23620605468
-4.75,24.25,1727.47290039062
-4.25,24.25,1759.09619140625
-3.75,24.25,1791.4052734375
-3.25,24.25,1824.69372558593
-2.75,24.25,1859.2275390625
-2.25,24.25,1895.22607421875
-1.75,24.25,1932.85803222656
-1.25,24.25,1972.23254394531
-0.75,24.25,2013.41345214843
-0.25,24.25,2056.42456054687
0.25,24.25,2101.26806640625
0.75,24.25,2147.93286132812
1.25,24.25,2196.40625
1.75,24.25,2246.67651367187
2.25,24.25,2298.73095703125
2.75,24.25,2352.5458984375
3.25,24.25,2408.0771484375
3.75,24.25,2465.24731445312
4.25,24.25,2523.93725585937
4.75,24.25,2583.97802734375
5.25,24.25,2645.14697265625
5.75,24.25,2707.1689453125
6.25,24.25,2769.72290039062
6.75,24.25,2832.44897460937
7.25,24.25,2894.95922851562
7.75,24.25,2956.84790039062
8.25,24.25,3017.70239257812
8.75,24.25,3077.11865234375
9.25,24.25,3134.70654296875
9.75,24.25,3190.09838867187
10.25,24.25,3242.95361328125
10.75,24.25,3292.95141601562
11.25,24.25,3339.7939453125
11.75,24.25,3383.1826171875
12.25,24.25,3422.8134765625
12.75,24.25,3458.35229492187
13.25,24.25,3489.42431640625
13.75,24.25,3515.59887695312
14.25,24.25,3536.39428710937
14.75,24.25,3551.27880859375
15.25,24.25,3559.68798828125
15.75,24.25,3561.0595703125
16.25,24.25,3554.8623046875
16.75,24.25,3540.63793945312
17.25,24.25,3518.025390625
17.75,24.25,3486.7890625
18.25,24.25,3446.83471679687
18.75,24.25,3398.20336914062
19.25,24.25,3341.060546875
19.75,24.25,3275.66967773437
20.25,24.25,3202.36645507812
20.75,24.25,3121.53271484375
21.25,24.25,3033.58227539062
21.75,24.25,2938.947265625
22.25,24.25,2838.09106445312
22.75,24.25,2731.5126953125
23.25,24.25,2619.76928710937
23.75,24.25,2503.49853515625
24.25,24.25,2383.43237304687
24.75,24.25,2260.3974609375
25.25,24.25,2135.31225585937
25.75,24.25,2009.15893554687
26.25,24.25,1882.95446777343
26.75,24.25,1757.71313476562
27.25,24.25,1634.40759277343
27.75,24.25,1513.93603515625
28.25,24.25,1397.09704589843
28.75,24.25,1284.57153320312
29.25,24.25,1176.91833496093
29.75,24.25,1074.57165527343
30.25,24.25,977.845397949218
30.75,24.25,886.940979003906
31.25,24.25,801.959533691406
31.75,24.25,722.906127929687
32.25,24.25,649.704223632812
32.75,24.25,582.208862304687
33.25,24.25,520.216491699218
33.75,24.25,463.480682373046
34.25,24.25,411.726745605468
34.75,24.25,364.662414550781
35.25,24.25,321.995697021484
35.75,24.25,283.441925048828
36.25,24.25,248.732696533203
36.75,24.25,217.613845825195
37.25,24.25,189.84910583496
37.75,24.25,165.214279174804
38.25,24.25,143.49169921875
38.75,24.25,124.463806152343
39.25,24.25,107.908264160156
39.75,24.25,93.5970230102539
40.25,24.25,81.2945480346679
40.75,24.25,70.7639694213867
41.25,24.25,61.7721672058105
41.75,24.25,54.095359802246
42.25,24.25,47.5245475769043
42.75,24.25,41.869873046875
43.25,24.25,36.9607925415039
43.75,24.25,32.6466369628906
44.25,24.25,28.8020477294921
44.75,24.25,25.3300457000732
-44.75,24.75,17.9861698150634
-44.25,24.75,17.3268909454345
-43.75,24.75,16.5539855957031
-43.25,24.75,15.7832918167114
-42.75,24.75,15.0904760360717
-42.25,24.75,14.5192031860351
-41.75,24.75,14.1015615463256
-41.25,24.75,13.8628511428833
-40.75,24.75,13.8240633010864
-40.25,24.75,14.004822731018
-39.75,24.75,14.4266004562377
-39.25,24.75,15.1156110763549
-38.75,24.75,16.1058311462402
-38.25,24.75,17.4418354034423
-37.75,24.75,19.1810054779052
-37.25,24.75,21.3958072662353
-36.75,24.75,24.1760158538818
-36.25,24.75,27.6300926208496
-35.75,24.75,31.8862953186035
-35.25,24.75,37.0931091308593
-34.75,24.75,43.4182167053222
-34.25,24.75,51.0461730957031
-33.75,24.75,60.1741638183593
-33.25,24.75,71.0053100585937
-32.75,24.75,83.741340637207
-32.25,24.75,98.571304321289
-31.75,24.75,115.65771484375
-31.25,24.75,135.124725341796
-30.75,24.75,157.043823242187
-30.25,24.75,181.419555664062
-29.75,24.75,208.179779052734
-29.25,24.75,237.170227050781
-28.75,24.75,268.153991699218
-28.25,24.75,300.81851196289
-27.75,24.75,334.791229248046
-27.25,24.75,369.661529541015
-26.75,24.75,405.008605957031
-26.25,24.75,440.430633544921
-25.75,24.75,475.572204589843
-25.25,24.75,510.146301269531
-24.75,24.75,543.946594238281
-24.25,24.75,576.848754882812
-23.75,24.75,608.801391601562
-23.25,24.75,639.807922363281
-22.75,24.75,669.902526855468
-22.25,24.75,699.126281738281
-21.75,24.75,727.505249023437
-21.25,24.75,755.036743164062
-20.75,24.75,781.685791015625
-20.25,24.75,807.388671875
-19.75,24.75,832.06982421875
-19.25,24.75,855.662719726562
-18.75,24.75,878.131408691406
-18.25,24.75,899.49658203125
-17.75,24.75,919.848937988281
-17.25,24.75,939.355895996093
-16.75,24.75,958.258544921875
-16.25,24.75,976.8544921875
-15.75,24.75,995.479614257812
-15.25,24.75,1014.47607421875
-14.75,24.75,1034.16760253906
-14.25,24.75,1054.833984375
-13.75,24.75,1076.69116210937
-13.25,24.75,1099.88098144531
-12.75,24.75,1124.46643066406
-12.25,24.75,1150.43518066406
-11.75,24.75,1177.70471191406
-11.25,24.75,1206.1357421875
-10.75,24.75,1235.54016113281
-10.25,24.75,1265.69506835937
-9.75,24.75,1296.35522460937
-9.25,24.75,1327.26477050781
-8.75,24.75,1358.17407226562
-8.25,24.75,1388.85510253906
-7.75,24.75,1419.11901855468
-7.25,24.75,1448.83581542968
-6.75,24.75,1477.94958496093
-6.25,24.75,1506.49084472656
-5.75,24.75,1534.58129882812
-5.25,24.75,1562.42785644531
-4.75,24.75,1590.30993652343
-4.25,24.75,1618.55493164062
-3.75,24.75,1647.51342773437
-3.25,24.75,1677.52758789062
-2.75,24.75,1708.90380859375
-2.25,24.75,1741.89038085937
-1.75,24.75,1776.66845703125
-1.25,24.75,1813.34313964843
-0.75,24.75,1851.95373535156
-0.25,24.75,1892.48608398437
0.25,24.75,1934.88928222656
0.75,24.75,1979.09399414062
1.25,24.75,2025.02722167968
1.75,24.75,2072.62255859375
2.25,24.75,2121.81982421875
2.75,24.75,2172.56274414062
3.25,24.75,2224.787109375
3.75,24.75,2278.41333007812
4.25,24.75,2333.33203125
4.75,24.75,2389.39624023437
5.25,24.75,2446.41186523437
5.75,24.75,2504.1416015625
6.25,24.75,2562.30322265625
6.75,24.75,2620.5771484375
7.25,24.75,2678.607421875
7.75,24.75,2736.02514648437
8.25,24.75,2792.443359375
8.75,24.75,2847.47729492187
9.25,24.75,2900.75073242187
9.75,24.75,2951.90307617187
10.25,24.75,3000.59912109375
10.75,24.75,3046.5224609375
11.25,24.75,3089.37963867187
11.75,24.75,3128.8896484375
12.25,24.75,3164.7724609375
12.75,24.75,3196.73461914062
13.25,24.75,3224.45776367187
13.75,24.75,3247.58374023437
14.25,24.75,3265.71606445312
14.75,24.75,3278.41748046875
15.25,24.75,3285.21850585937
15.75,24.75,3285.64624023437
16.25,24.75,3279.24560546875
16.75,24.75,3265.61083984375
17.25,24.75,3244.4111328125
17.75,24.75,3215.41259765625
18.25,24.75,3178.49169921875
18.75,24.75,3133.64086914062
19.25,24.75,3080.9521484375
19.75,24.75,3020.60888671875
20.25,24.75,2952.85961914062
20.75,24.75,2878.00317382812
21.25,24.75,2796.38330078125
21.75,24.75,2708.37573242187
22.25,24.75,2614.40063476562
22.75,24.75,2514.935546875
23.25,24.75,2410.53051757812
23.75,24.75,2301.826171875
24.25,24.75,2189.560546875
24.75,24.75,2074.57006835937
25.25,24.75,1957.77099609375
25.75,24.75,1840.13415527343
26.25,24.75,1722.650390625
26.75,24.75,1606.29089355468
27.25,24.75,1491.97143554687
27.75,24.75,1380.521484375
28.25,24.75,1272.66296386718
28.75,24.75,1169.00073242187
29.25,24.75,1070.01794433593
29.75,24.75,976.081237792968
30.25,24.75,887.44677734375
30.75,24.75,804.270751953125
31.25,24.75,726.620788574218
31.75,24.75,654.480407714843
32.25,24.75,587.763061523437
32.75,24.75,526.321472167968
33.25,24.75,469.958251953125
33.75,24.75,418.437927246093
34.25,24.75,371.500305175781
34.75,24.75,328.870513916015
35.25,24.75,290.273498535156
35.75,24.75,255.442886352539
36.25,24.75,224.127304077148
36.75,24.75,196.089080810546
37.25,24.75,171.108016967773
37.75,24.75,148.975280761718
38.25,24.75,129.488815307617
38.75,24.75,112.4468460083
39.25,24.75,97.6435089111328
39.75,24.75,84.8678359985351
40.25,24.75,73.9023132324218
40.75,24.75,64.5282821655273
41.25,24.75,56.5309753417968
41.75,24.75,49.7046127319335
42.25,24.75,43.8574867248535
42.75,24.75,38.8160896301269
43.25,24.75,34.4251327514648
43.75,24.75,30.5480899810791
44.25,24.75,27.0720291137695
44.75,24.75,23.9102268218994
-44.75,25.25,16.6974868774414
-44.25,25.25,16.1181087493896
-43.75,25.25,15.4248924255371
-43.25,25.25,14.7228622436523
-42.75,25.25,14.0811262130737
-42.25,25.25,13.5397653579711
-41.75,25.25,13.1282186508178
-41.25,25.25,12.8694639205932
-40.75,25.25,12.7820053100585
-40.25,25.25,12.8823547363281
-39.75,25.25,13.1878070831298
-39.25,25.25,13.7190361022949
-38.75,25.25,14.5028018951416
-38.25,25.25,15.5745115280151
-37.75,25.25,16.9803447723388
-37.25,25.25,18.7794685363769
-36.75,25.25,21.0462665557861
-36.25,25.25,23.8720912933349
-35.75,25.25,27.3667259216308
-35.25,25.25,31.6595878601074
-34.75,25.25,36.8995780944824
-34.25,25.25,43.2538337707519
-33.75,25.25,50.9048309326171
-33.25,25.25,60.0448608398437
-32.75,25.25,70.8697967529296
-32.25,25.25,83.5687561035156
-31.75,25.25,98.3111343383789
-31.25,25.25,115.234222412109
-30.75,25.25,134.429275512695
-30.25,25.25,155.925567626953
-29.75,25.25,179.679962158203
-29.25,25.25,205.569396972656
-28.75,25.25,233.388519287109
-28.25,25.25,262.85513305664
-27.75,25.25,293.624206542968
-27.25,25.25,325.309326171875
-26.75,25.25,357.509124755859
-26.25,25.25,389.837615966796
-25.75,25.25,421.951629638671
-25.25,25.25,453.574249267578
-24.75,25.25,484.508422851562
-24.25,25.25,514.639465332031
-23.75,25.25,543.929016113281
-23.25,25.25,572.395263671875
-22.75,25.25,600.092102050781
-22.25,25.25,627.083251953125
-21.75,25.25,653.419860839843
-21.25,25.25,679.123168945312
-20.75,25.25,704.178100585937
-20.25,25.25,728.532775878906
-19.75,25.25,752.112487792968
-19.25,25.25,774.836608886718
-18.75,25.25,796.64111328125
-18.25,25.25,817.502136230468
-17.75,25.25,837.455078125
-17.25,25.25,856.605712890625
-16.75,25.25,875.130676269531
-16.25,25.25,893.269104003906
-15.75,25.25,911.305358886718
-15.25,25.25,929.545593261718
-14.75,25.25,948.290283203125
-14.25,25.25,967.810241699218
-13.75,25.25,988.324401855468
-13.25,25.25,1009.98693847656
-12.75,25.25,1032.8779296875
-12.25,25.25,1057.00512695312
-11.75,25.25,1082.30480957031
-11.25,25.25,1108.65209960937
-10.75,25.25,1135.87023925781
-10.25,25.25,1163.74279785156
-9.75,25.25,1192.02709960937
-9.25,25.25,1220.46655273437
-8.75,25.25,1248.80883789062
-8.25,25.25,1276.82397460937
-7.75,25.25,1304.32312011718
-7.25,25.25,1331.17810058593
-6.75,25.25,1357.33996582031
-6.25,25.25,1382.85070800781
-5.75,25.25,1407.84887695312
-5.25,25.25,1432.56335449218
-4.75,25.25,1457.29833984375
-4.25,25.25,1482.41076660156
-3.75,25.25,1508.27917480468
-3.25,25.25,1535.27209472656
-2.75,25.25,1563.71801757812
-2.25,25.25,1593.87841796875
-1.75,25.25,1625.93615722656
-1.25,25.25,1659.99035644531
-0.75,25.25,1696.05920410156
-0.25,25.25,1734.09790039062
0.25,25.25,1774.017578125
0.75,25.25,1815.70581054687
1.25,25.25,1859.04650878906
1.75,25.25,1903.9296875
2.25,25.25,1950.263671875
2.75,25.25,1997.96423339843
3.25,25.25,2046.95495605468
3.75,25.25,2097.15112304687
4.25,25.25,2148.451171875
4.75,25.25,2200.72143554687
5.25,25.25,2253.79467773437
5.75,25.25,2307.45849609375
6.25,25.25,2361.46240234375
6.75,25.25,2415.51879882812
7.25,25.25,2469.30737304687
7.75,25.25,2522.48681640625
8.25,25.25,2574.697265625
8.75,25.25,2625.57958984375
9.25,25.25,2674.7734375
9.75,25.25,2721.9345703125
10.25,25.25,2766.73266601562
10.75,25.25,2808.86254882812
11.25,25.25,2848.03784179687
11.75,25.25,2883.990234375
12.25,25.25,2916.46264648437
12.75,25.25,2945.19677734375
13.25,25.25,2969.92211914062
13.75,25.25,2990.3427734375
14.25,25.25,3006.13623046875
14.75,25.25,3016.9462890625
15.25,25.25,3022.3896484375
15.75,25.25,3022.0712890625
16.25,25.25,3015.6025390625
16.75,25.25,3002.62866210937
17.25,25.25,2982.83862304687
17.75,25.25,2955.99829101562
18.25,25.25,2921.95776367187
18.75,25.25,2880.65893554687
19.25,25.25,2832.13061523437
19.75,25.25,2776.47924804687
20.25,25.25,2713.880859375
20.75,25.25,2644.56469726562
21.25,25.25,2568.81591796875
21.75,25.25,2486.9677734375
22.25,25.25,2399.41943359375
22.75,25.25,2306.6357421875
23.25,25.25,2209.171875
23.75,25.25,2107.67724609375
24.25,25.25,2002.90307617187
24.75,25.25,1895.69262695312
25.25,25.25,1786.95751953125
25.75,25.25,1677.65161132812
26.25,25.25,1568.7314453125
26.75,25.25,1461.11682128906
27.25,25.25,1355.65856933593
27.75,25.25,1253.10949707031
28.25,25.25,1154.11071777343
28.75,25.25,1059.1826171875
29.25,25.25,968.729919433593
29.75,25.25,883.046752929687
30.25,25.25,802.329040527343
30.75,25.25,726.685302734375
31.25,25.25,656.14794921875
31.75,25.25,590.679565429687
32.25,25.25,530.1845703125
32.75,25.25,474.517761230468
33.25,25.25,423.491790771484
33.75,25.25,376.888000488281
34.25,25.25,334.467041015625
34.75,25.25,295.977020263671
35.25,25.25,261.166198730468
35.75,25.25,229.790390014648
36.25,25.25,201.617965698242
36.75,25.25,176.429870605468
37.25,25.25,154.02163696289
37.75,25.25,134.199127197265
38.25,25.25,116.774009704589
38.75,25.25,101.558479309082
39.25,25.25,88.3613891601562
39.75,25.25,76.9873962402343
40.25,25.25,67.2358322143554
40.75,25.25,58.9057159423828
41.25,25.25,51.8000450134277
41.75,25.25,45.7306289672851
42.25,25.25,40.5225601196289
42.75,25.25,36.0179748535156
43.25,25.25,32.0762519836425
43.75,25.25,28.5745220184326
44.25,25.25,25.4121170043945
44.75,25.25,22.5128326416015
-44.75,25.75,15.6087913513183
-44.25,25.75,15.1066570281982
-43.75,25.75,14.4909448623657
-43.25,25.75,13.857081413269
-42.75,25.75,13.2682409286499
-42.25,25.75,12.7612257003784
-41.75,25.75,12.363109588623
-41.25,25.75,12.0948905944824
-40.75,25.75,11.9730882644653
-40.25,25.75,12.0118436813354
-39.75,25.75,12.225317955017
-39.25,25.75,12.6299533843994
-38.75,25.75,13.2469253540039
-38.25,25.75,14.1044082641601
-37.75,25.75,15.2395067214965
-37.25,25.75,16.7003650665283
-36.75,25.75,18.5482997894287
-36.25,25.75,20.859655380249
-35.75,25.75,23.7275886535644
-35.25,25.75,27.2635536193847
-34.75,25.75,31.5979995727539
-34.25,25.75,36.8799591064453
-33.75,25.75,43.2752113342285
-33.25,25.75,50.962059020996
-32.75,25.75,60.1261596679687
-32.25,25.75,70.9514770507812
-31.75,25.75,83.608039855957
-31.25,25.75,98.240478515625
-30.75,25.75,114.953475952148
-30.25,25.75,133.79621887207
-29.75,25.75,154.750427246093
-29.25,25.75,177.721572875976
-28.75,25.75,202.535049438476
-28.25,25.75,228.940017700195
-27.75,25.75,256.621002197265
-27.25,25.75,285.21890258789
-26.75,25.75,314.355804443359
-26.25,25.75,343.6650390625
-25.75,25.75,372.819091796875
-25.25,25.75,401.552551269531
-24.75,25.75,429.678314208984
-24.25,25.75,457.091125488281
-23.75,25.75,483.76171875
-23.25,25.75,509.721374511718
-22.75,25.75,535.040222167968
-22.25,25.75,559.801452636718
-21.75,25.75,584.0791015625
-21.25,25.75,607.918884277343
-20.75,25.75,631.3271484375
-20.25,25.75,654.269592285156
-19.75,25.75,676.678588867187
-19.25,25.75,698.468017578125
-18.75,25.75,719.554565429687
-18.25,25.75,739.879516601562
-17.75,25.75,759.430908203125
-17.25,25.75,778.257019042968
-16.75,25.75,796.472412109375
-16.25,25.75,814.255676269531
-15.75,25.75,831.83447265625
-15.25,25.75,849.469421386718
-14.75,25.75,867.426818847656
-14.25,25.75,885.95556640625
-13.75,25.75,905.264038085937
-13.25,25.75,925.507507324218
-12.75,25.75,946.773315429687
-12.25,25.75,969.080444335937
-11.75,25.75,992.380676269531
-11.25,25.75,1016.56341552734
-10.75,25.75,1041.46813964843
-10.25,25.75,1066.8935546875
-9.75,25.75,1092.61096191406
-9.25,25.75,1118.37976074218
-8.75,25.75,1143.96325683593
-8.25,25.75,1169.14782714843
-7.75,25.75,1193.76147460937
-7.25,25.75,1217.69262695312
-6.75,25.75,1240.90954589843
-6.25,25.75,1263.47009277343
-5.75,25.75,1285.52734375
-5.25,25.75,1307.32153320312
-4.75,25.75,1329.1689453125
-4.25,25.75,1351.43566894531
-3.75,25.75,1374.50732421875
-3.25,25.75,1398.75830078125
-2.75,25.75,1424.517578125
-2.25,25.75,1452.04699707031
-1.75,25.75,1481.52331542968
-1.25,25.75,1513.03356933593
-0.75,25.75,1546.58142089843
-0.25,25.75,1582.09997558593
0.25,25.75,1619.47631835937
0.75,25.75,1658.57080078125
1.25,25.75,1699.23986816406
1.75,25.75,1741.35046386718
2.25,25.75,1784.7861328125
2.75,25.75,1829.45068359375
3.25,25.75,1875.25524902343
3.75,25.75,1922.11535644531
4.25,25.75,1969.9306640625
4.75,25.75,2018.58093261718
5.25,25.75,2067.9091796875
5.75,25.75,2117.72827148437
6.25,25.75,2167.8076171875
6.75,25.75,2217.88525390625
7.25,25.75,2267.67138671875
7.75,25.75,2316.85009765625
8.25,25.75,2365.09228515625
8.75,25.75,2412.06201171875
9.25,25.75,2457.42456054687
9.75,25.75,2500.84985351562
10.25,25.75,2542.02661132812
10.75,25.75,2580.65502929687
11.25,25.75,2616.462890625
11.75,25.75,2649.1904296875
12.25,25.75,2678.599609375
12.75,25.75,2704.45703125
13.25,25.75,2726.52758789062
13.75,25.75,2744.56713867187
14.25,25.75,2758.31323242187
14.75,25.75,2767.478515625
15.25,25.75,2771.7529296875
15.75,25.75,2770.81005859375
16.25,25.75,2764.32177734375
16.75,25.75,2751.97534179687
17.25,25.75,2733.48828125
17.75,25.75,2708.62426757812
18.25,25.75,2677.21313476562
18.75,25.75,2639.15771484375
19.25,25.75,2594.43090820312
19.75,25.75,2543.08032226562
20.25,25.75,2485.21875
20.75,25.75,2421.02221679687
21.25,25.75,2350.7294921875
21.75,25.75,2274.64697265625
22.25,25.75,2193.15673828125
22.75,25.75,2106.72314453125
23.25,25.75,2015.90576171875
23.75,25.75,1921.36730957031
24.25,25.75,1823.86608886718
24.75,25.75,1724.24536132812
25.25,25.75,1623.40600585937
25.75,25.75,1522.27502441406
26.25,25.75,1421.76525878906
26.75,25.75,1322.7392578125
27.25,25.75,1225.97705078125
27.75,25.75,1132.15222167968
28.25,25.75,1041.82116699218
28.75,25.75,955.421203613281
29.25,25.75,873.276916503906
29.75,25.75,795.611999511718
30.25,25.75,722.56201171875
30.75,25.75,654.187072753906
31.25,25.75,590.486633300781
31.75,25.75,531.403625488281
32.25,25.75,476.835479736328
32.75,25.75,426.641540527343
33.25,25.75,380.648406982421
33.75,25.75,338.658081054687
34.25,25.75,300.456512451171
34.75,25.75,265.81884765625
35.25,25.75,234.520385742187
35.75,25.75,206.341720581054
36.25,25.75,181.073318481445
36.75,25.75,158.514785766601
37.25,25.75,138.47752380371
37.75,25.75,120.780906677246
38.25,25.75,105.248992919921
38.75,25.75,91.7064666748046
39.25,25.75,79.9752807617187
39.75,25.75,69.8747329711914
40.25,25.75,61.2202186584472
40.75,25.75,53.8277702331543
41.25,25.75,47.5177841186523
41.75,25.75,42.1191291809082
42.25,25.75,37.4731140136718
42.75,25.75,33.4368553161621
43.25,25.75,29.8836612701416
43.75,25.75,26.7036876678466
44.25,25.75,23.8082027435302
44.75,25.75,21.1314392089843
-44.75,26.25,14.7589530944824
-44.25,26.25,14.3290319442749
-43.75,26.25,13.784197807312
-43.25,26.25,13.2119169235229
-42.75,26.25,12.6705017089843
-42.25,26.25,12.1940965652465
-41.75,26.25,11.8079147338867
-41.25,26.25,11.5315036773681
-40.75,26.25,11.3799924850463
-40.25,26.25,11.3658790588378
-39.75,26.25,11.5010795593261
-39.25,26.25,11.7989606857299
-38.75,26.25,12.2764625549316
-38.25,26.25,12.9561052322387
-37.75,26.25,13.8677625656127
-37.25,26.25,15.0505218505859
-36.75,26.25,16.5547084808349
-36.25,26.25,18.4436950683593
-35.75,26.25,20.7957496643066
-35.25,26.25,23.705862045288
-34.75,26.25,27.286750793457
-34.25,26.25,31.6692466735839
-33.75,26.25,37.0013694763183
-33.25,26.25,43.4451637268066
-32.75,26.25,51.1727714538574
-32.25,26.25,60.358528137207
-31.75,26.25,71.1681823730468
-31.25,26.25,83.7478866577148
-30.75,26.25,98.2104415893554
-30.25,26.25,114.619583129882
-29.75,26.25,132.977661132812
-29.25,26.25,153.215835571289
-28.75,26.25,175.188888549804
-28.25,26.25,198.677261352539
-27.75,26.25,223.397338867187
-27.25,26.25,249.020156860351
-26.75,26.25,275.195434570312
-26.25,26.25,301.579711914062
-25.75,26.25,327.864624023437
-25.25,26.25,353.799072265625
-24.75,26.25,379.206573486328
-24.25,26.25,403.989959716796
-23.75,26.25,428.127685546875
-23.25,26.25,451.659637451171
-22.75,26.25,474.666778564453
-22.25,26.25,497.247619628906
-21.75,26.25,519.494873046875
-21.25,26.25,541.475036621093
-20.75,26.25,563.215759277343
-20.25,26.25,584.700927734375
-19.75,26.25,605.87451171875
-19.25,26.25,626.651672363281
-18.75,26.25,646.9375
-18.25,26.25,666.649108886718
-17.75,26.25,685.735778808593
-17.25,26.25,704.196472167968
-16.75,26.25,722.090087890625
-16.25,26.25,739.535766601562
-15.75,26.25,756.705627441406
-15.25,26.25,773.809326171875
-14.75,26.25,791.072692871093
-14.25,26.25,808.713134765625
-13.75,26.25,826.920959472656
-13.25,26.25,845.840942382812
-12.75,26.25,865.558410644531
-12.25,26.25,886.098876953125
-11.75,26.25,907.422302246093
-11.25,26.25,929.434020996093
-10.75,26.25,951.990234375
-10.25,26.25,974.909606933593
-9.75,26.25,997.987609863281
-9.25,26.25,1021.00982666015
-8.75,26.25,1043.76782226562
-8.25,26.25,1066.07873535156
-7.75,26.25,1087.79992675781
-7.25,26.25,1108.84790039062
-6.75,26.25,1129.21447753906
-6.25,26.25,1148.97583007812
-5.75,26.25,1168.29504394531
-5.25,26.25,1187.41882324218
-4.75,26.25,1206.66003417968
-4.25,26.25,1226.37780761718
-3.75,26.25,1246.94677734375
-3.25,26.25,1268.72790527343
-2.75,26.25,1292.03771972656
-2.25,26.25,1317.12219238281
-1.75,26.25,1344.14575195312
-1.25,26.25,1373.18237304687
-0.75,26.25,1404.22314453125
-0.25,26.25,1437.19006347656
0.25,26.25,1471.95861816406
0.75,26.25,1508.37670898437
1.25,26.25,1546.29040527343
1.75,26.25,1585.55627441406
2.25,26.25,1626.05041503906
2.75,26.25,1667.67028808593
3.25,26.25,1710.32336425781
3.75,26.25,1753.92407226562
4.25,26.25,1798.37426757812
4.75,26.25,1843.55883789062
5.25,26.25,1889.33081054687
5.75,26.25,1935.51159667968
6.25,26.25,1981.8896484375
6.75,26.25,2028.22131347656
7.25,26.25,2074.23828125
7.75,26.25,2119.65356445312
8.25,26.25,2164.1640625
8.75,26.25,2207.46362304687
9.25,26.25,2249.24169921875
9.75,26.25,2289.19311523437
10.25,26.25,2327.0224609375
10.75,26.25,2362.44458007812
11.25,26.25,2395.19580078125
11.75,26.25,2425.02758789062
12.25,26.25,2451.70874023437
12.75,26.25,2475.0234375
13.25,26.25,2494.7626953125
13.75,26.25,2510.7158203125
14.25,26.25,2522.66650390625
14.75,26.25,2530.38452148437
15.25,26.25,2533.61889648437
15.75,26.25,2532.10546875
16.25,26.25,2525.5712890625
16.75,26.25,2513.7470703125
17.25,26.25,2496.3779296875
17.75,26.25,2473.2373046875
18.25,26.25,2444.14697265625
18.75,26.25,2408.98046875
19.25,26.25,2367.67578125
19.75,26.25,2320.23095703125
20.25,26.25,2266.71557617187
20.75,26.25,2207.26245117187
21.25,26.25,2142.08032226562
21.75,26.25,2071.45263671875
22.25,26.25,1995.7509765625
22.75,26.25,1915.43811035156
23.25,26.25,1831.07946777343
23.75,26.25,1743.33740234375
24.25,26.25,1652.97229003906
24.75,26.25,1560.81384277343
25.25,26.25,1467.74243164062
25.75,26.25,1374.64636230468
26.25,26.25,1282.38696289062
26.75,26.25,1191.76416015625
27.25,26.25,1103.48327636718
27.75,26.25,1018.13958740234
28.25,26.25,936.207580566406
28.75,26.25,858.044799804687
29.25,26.25,783.900817871093
29.75,26.25,713.933166503906
30.25,26.25,648.220642089843
30.75,26.25,586.780029296875
31.25,26.25,529.580139160156
31.75,26.25,476.546783447265
32.25,26.25,427.572875976562
32.75,26.25,382.525024414062
33.25,26.25,341.245971679687
33.75,26.25,303.561157226562
34.25,26.25,269.283782958984
34.75,26.25,238.218276977539
35.25,26.25,210.168334960937
35.75,26.25,184.940597534179
36.25,26.25,162.347930908203
36.75,26.25,142.208786010742
37.25,26.25,124.349601745605
37.75,26.25,108.602462768554
38.25,26.25,94.8028182983398
38.75,26.25,82.7864074707031
39.25,26.25,72.3875885009765
39.75,26.25,63.4393844604492
40.25,26.25,55.7725219726562
40.75,26.25,49.2195472717285
41.25,26.25,43.6177330017089
41.75,26.25,38.81245803833
42.25,26.25,34.6606483459472
42.75,26.25,31.0336723327636
43.25,26.25,27.818016052246
43.75,26.25,24.9162292480468
44.25,26.25,22.2509174346923
44.75,26.25,19.7663745880126
-44.75,26.75,14.1583242416381
-44.25,26.75,13.7978811264038
-43.75,26.75,13.3172464370727
-43.25,26.75,12.7977886199951
-42.75,26.75,12.2942562103271
-42.25,26.75,11.8390998840332
-41.75,26.75,11.4565420150756
-41.25,26.75,11.1654977798461
-40.75,26.75,10.9805641174316
-40.25,26.75,10.9134550094604
-39.75,26.75,10.9748058319091
-39.25,26.75,11.175947189331
-38.75,26.75,11.5307559967041
-38.25,26.75,12.057445526123
-37.75,26.75,12.7801151275634
-37.25,26.75,13.7304601669311
-36.75,26.75,14.9495687484741
-36.25,26.75,16.4896697998046
-35.75,26.75,18.4159336090087
-35.25,26.75,20.8083400726318
-34.75,26.75,23.7630176544189
-34.25,26.75,27.3931007385253
-33.75,26.75,31.8284091949462
-33.25,26.75,37.2134933471679
-32.75,26.75,43.7045593261718
-32.25,26.75,51.463020324707
-31.75,26.75,60.6459808349609
-31.25,26.75,71.3963317871093
-30.75,26.75,83.8297271728515
-30.25,26.75,98.0194625854492
-29.75,26.75,113.984153747558
-29.25,26.75,131.67724609375
-28.75,26.75,150.98094177246
-28.25,26.75,171.706710815429
-27.75,26.75,193.604125976562
-27.25,26.75,216.377166748046
-26.75,26.75,239.706634521484
-26.25,26.75,263.276794433593
-25.75,26.75,286.801574707031
-25.25,26.75,310.04736328125
-24.75,26.75,332.849639892578
-24.25,26.75,355.11880493164
-23.75,26.75,376.838500976562
-23.25,26.75,398.053192138671
-22.75,26.75,418.849792480468
-22.25,26.75,439.335998535156
-21.75,26.75,459.616668701171
-21.25,26.75,479.774505615234
-20.75,26.75,499.854736328125
-20.25,26.75,519.858459472656
-19.75,26.75,539.742553710937
-19.25,26.75,559.428161621093
-18.75,26.75,578.816284179687
-18.25,26.75,597.807800292968
-17.75,26.75,616.323364257812
-17.25,26.75,634.323181152343
-16.75,26.75,651.817932128906
-16.25,26.75,668.875
-15.75,26.75,685.613098144531
-15.25,26.75,702.192199707031
-14.75,26.75,718.79443359375
-14.25,26.75,735.602355957031
-13.75,26.75,752.780944824218
-13.25,26.75,770.456665039062
-12.75,26.75,788.709045410156
-12.25,26.75,807.560607910156
-11.75,26.75,826.97900390625
-11.25,26.75,846.880676269531
-10.75,26.75,867.139587402343
-10.25,26.75,887.597351074218
-9.75,26.75,908.077331542968
-9.25,26.75,928.397827148437
-8.75,26.75,948.387390136718
-8.25,26.75,967.900207519531
-7.75,26.75,986.831481933593
-7.25,26.75,1005.1314086914
-6.75,26.75,1022.81854248046
-6.25,26.75,1039.98754882812
-5.75,26.75,1056.80920410156
-5.25,26.75,1073.52722167968
-4.75,26.75,1090.4423828125
-4.25,26.75,1107.89392089843
-3.75,26.75,1126.232421875
-3.25,26.75,1145.79125976562
-2.75,26.75,1166.85974121093
-2.25,26.75,1189.66320800781
-1.75,26.75,1214.34594726562
-1.25,26.75,1240.96899414062
-0.75,26.75,1269.51489257812
-0.25,26.75,1299.90209960937
0.25,26.75,1332.0048828125
0.75,26.75,1365.67358398437
1.25,26.75,1400.75769042968
1.75,26.75,1437.11645507812
2.25,26.75,1474.62976074218
2.75,26.75,1513.19604492187
3.25,26.75,1552.72668457031
3.75,26.75,1593.13513183593
4.25,26.75,1634.326171875
4.75,26.75,1676.18493652343
5.25,26.75,1718.56774902343
5.75,26.75,1761.302734375
6.25,26.75,1804.18566894531
6.75,26.75,1846.98791503906
7.25,26.75,1889.46020507812
7.75,26.75,1931.33752441406
8.25,26.75,1972.34606933593
8.75,26.75,2012.20776367187
9.25,26.75,2050.64184570312
9.75,26.75,2087.36889648437
10.25,26.75,2122.11401367187
10.75,26.75,2154.60913085937
11.25,26.75,2184.59814453125
11.75,26.75,2211.837890625
12.25,26.75,2236.10229492187
12.75,26.75,2257.1806640625
13.25,26.75,2274.87524414062
13.75,26.75,2288.9990234375
14.25,26.75,2299.36669921875
14.75,26.75,2305.7900390625
15.25,26.75,2308.06762695312
15.75,26.75,2305.98999023437
16.25,26.75,2299.33666992187
16.75,26.75,2287.884765625
17.25,26.75,2271.41235351562
17.75,26.75,2249.7158203125
18.25,26.75,2222.61962890625
18.75,26.75,2189.98779296875
19.25,26.75,2151.73657226562
19.75,26.75,2107.83715820312
20.25,26.75,2058.32568359375
20.75,26.75,2003.30786132812
21.25,26.75,1942.966796875
21.75,26.75,1877.57092285156
22.25,26.75,1807.48034667968
22.75,26.75,1733.15295410156
23.25,26.75,1655.14636230468
23.75,26.75,1574.11755371093
24.25,26.75,1490.80810546875
24.75,26.75,1406.02624511718
25.25,26.75,1320.61242675781
25.75,26.75,1235.40893554687
26.25,26.75,1151.21789550781
26.75,26.75,1068.77038574218
27.25,26.75,988.69921875
27.75,26.75,911.524230957031
28.25,26.75,837.643920898437
28.75,26.75,767.34375
29.25,26.75,700.807556152343
29.75,26.75,638.133666992187
30.25,26.75,579.352905273437
30.75,26.75,524.444885253906
31.25,26.75,473.352447509765
31.75,26.75,425.988037109375
32.25,26.75,382.243347167968
32.75,26.75,341.993835449218
33.25,26.75,305.099639892578
33.75,26.75,271.410034179687
34.25,26.75,240.765991210937
34.75,26.75,213.0009765625
35.25,26.75,187.946701049804
35.75,26.75,165.435226440429
36.25,26.75,145.301345825195
36.75,26.75,127.381301879882
37.25,26.75,111.51602935791
37.75,26.75,97.5495300292968
38.25,26.75,85.3276748657226
38.75,26.75,74.6970825195312
39.25,26.75,65.5036544799804
39.75,26.75,57.5935440063476
40.25,26.75,50.8123779296875
40.75,26.75,45.0085945129394
41.25,26.75,40.0357131958007
41.75,26.75,35.7550621032714
42.25,26.75,32.0384140014648
42.75,26.75,28.770751953125
43.25,26.75,25.8510456085205
43.75,26.75,23.1934947967529
44.25,26.75,20.7313652038574
44.75,26.75,18.418321609497
-44.75,27.25,13.783272743225
-44.25,27.25,13.4943733215332
-43.75,27.25,13.0744447708129
-43.25,27.25,12.6003532409667
-42.75,27.25,12.1246681213378
-42.25,27.25,11.6792736053466
-41.75,27.25,11.2885684967041
-41.25,27.25,10.9719858169555
-40.75,27.25,10.7447023391723
-40.25,27.25,10.6187477111816
-39.75,27.25,10.604528427124
-39.25,27.25,10.7123508453369
-38.75,27.25,10.9540605545043
-38.25,27.25,11.3446350097656
-37.75,27.25,11.9035816192626
-37.25,27.25,12.6564750671386
-36.75,27.25,13.6366291046142
-36.25,27.25,14.8866748809814
-35.75,27.25,16.4602851867675
-35.25,27.25,18.4239978790283
-34.75,27.25,20.8586883544921
-34.25,27.25,23.8606433868408
-33.75,27.25,27.5419235229492
-33.25,27.25,32.0290145874023
-32.75,27.25,37.4608459472656
-32.25,27.25,43.9834823608398
-31.75,27.25,51.742130279541
-31.25,27.25,60.8722686767578
-30.75,27.25,71.4877700805664
-30.25,27.25,83.6668243408203
-29.75,27.25,97.4397583007812
-29.25,27.25,112.778717041015
-28.75,27.25,129.590881347656
-28.25,27.25,147.717971801757
-27.75,27.25,166.942977905273
-27.25,27.25,187.004974365234
-26.75,27.25,207.619049072265
-26.25,27.25,228.50048828125
-25.75,27.25,249.38931274414
-25.25,27.25,270.071960449218
-24.75,27.25,290.397247314453
-24.25,27.25,310.283447265625
-23.75,27.25,329.717163085937
-23.25,27.25,348.743896484375
-22.75,27.25,367.451568603515
-22.25,27.25,385.950378417968
-21.75,27.25,404.351623535156
-21.25,27.25,422.747772216796
-20.75,27.25,441.197265625
-20.25,27.25,459.714538574218
-19.75,27.25,478.268890380859
-19.25,27.25,496.790252685546
-18.75,27.25,515.180419921875
-18.25,27.25,533.331848144531
-17.75,27.25,551.146545410156
-17.25,27.25,568.555358886718
-16.75,27.25,585.531677246093
-16.25,27.25,602.098449707031
-15.75,27.25,618.328674316406
-15.25,27.25,634.336303710937
-14.75,27.25,650.261108398437
-14.25,27.25,666.250183105468
-13.75,27.25,682.438842773437
-13.25,27.25,698.934265136718
-12.75,27.25,715.802185058593
-12.25,27.25,733.061584472656
-11.75,27.25,750.682373046875
-11.25,27.25,768.59033203125
-10.75,27.25,786.675598144531
-10.25,27.25,804.803161621093
-9.75,27.25,822.825012207031
-9.25,27.25,840.594360351562
-8.75,27.25,857.978515625
-8.25,27.25,874.872314453125
-7.75,27.25,891.209533691406
-7.25,27.25,906.975463867187
-6.75,27.25,922.215270996093
-6.25,27.25,937.039428710937
-5.75,27.25,951.623291015625
-5.25,27.25,966.201477050781
-4.75,27.25,981.056091308593
-4.25,27.25,996.4970703125
-3.75,27.25,1012.84185791015
-3.25,27.25,1030.38806152343
-2.75,27.25,1049.39270019531
-2.25,27.25,1070.05151367187
-1.75,27.25,1092.48791503906
-1.25,27.25,1116.75036621093
-0.75,27.25,1142.81726074218
-0.25,27.25,1170.60888671875
0.25,27.25,1200.00805664062
0.75,27.25,1230.87829589843
1.25,27.25,1263.08178710937
1.75,27.25,1296.49230957031
2.25,27.25,1331.00146484375
2.75,27.25,1366.51684570312
3.25,27.25,1402.95617675781
3.75,27.25,1440.23681640625
4.25,27.25,1478.26330566406
4.75,27.25,1516.92041015625
5.25,27.25,1556.06384277343
5.75,27.25,1595.52221679687
6.25,27.25,1635.09594726562
6.75,27.25,1674.5654296875
7.25,27.25,1713.69604492187
7.75,27.25,1752.24536132812
8.25,27.25,1789.96459960937
8.75,27.25,1826.60485839843
9.25,27.25,1861.91735839843
9.75,27.25,1895.65014648437
10.25,27.25,1927.55151367187
10.75,27.25,1957.37145996093
11.25,27.25,1984.85986328125
11.75,27.25,2009.77954101562
12.25,27.25,2031.8984375
12.75,27.25,2051.00561523437
13.25,27.25,2066.90502929687
13.75,27.25,2079.41674804687
14.25,27.25,2088.37646484375
14.75,27.25,2093.62451171875
15.25,27.25,2095.00170898437
15.75,27.25,2092.34545898437
16.25,27.25,2085.48681640625
16.75,27.25,2074.2509765625
17.25,27.25,2058.45971679687
17.75,27.25,2037.94091796875
18.25,27.25,2012.537109375
18.75,27.25,1982.12145996093
19.25,27.25,1946.60314941406
19.75,27.25,1905.94262695312
20.25,27.25,1860.1591796875
20.75,27.25,1809.33862304687
21.25,27.25,1753.6474609375
21.75,27.25,1693.33666992187
22.25,27.25,1628.75305175781
22.75,27.25,1560.33850097656
23.25,27.25,1488.63403320312
23.75,27.25,1414.27258300781
24.25,27.25,1337.96606445312
24.75,27.25,1260.48034667968
25.25,27.25,1182.60681152343
25.75,27.25,1105.12829589843
26.25,27.25,1028.78295898437
26.75,27.25,954.231201171875
27.25,27.25,882.036071777343
27.75,27.25,812.64697265625
28.25,27.25,746.396545410156
28.75,27.25,683.509033203125
29.25,27.25,624.112915039062
29.75,27.25,568.259948730468
30.25,27.25,515.942504882812
30.75,27.25,467.110443115234
31.25,27.25,421.688049316406
31.75,27.25,379.579132080078
32.25,27.25,340.676330566406
32.75,27.25,304.865112304687
33.25,27.25,272.022796630859
33.75,27.25,242.022018432617
34.25,27.25,214.729080200195
34.75,27.25,190.004669189453
35.25,27.25,167.706436157226
35.75,27.25,147.689788818359
36.25,27.25,129.80955505371
36.75,27.25,113.918724060058
37.25,27.25,99.8718109130859
37.75,27.25,87.5241317749023
38.25,27.25,76.732063293457
38.75,27.25,67.3526153564453
39.25,27.25,59.2432632446289
39.75,27.25,52.2630500793457
40.25,27.25,46.2719993591308
40.75,27.25,41.1338844299316
41.25,27.25,36.7178153991699
41.75,27.25,32.900218963623
42.25,27.25,29.5671005249023
42.75,27.25,26.6163272857666
43.25,27.25,23.9586372375488
43.75,27.25,21.5191593170166
44.25,27.25,19.2409629821777
44.75,27.25,17.0861644744873
-44.75,27.75,13.5767412185668
-44.25,27.75,13.3658657073974
-43.75,27.75,13.0074558258056
-43.25,27.75,12.5749082565307
-42.75,27.75,12.1196956634521
-42.25,27.75,11.6742420196533
-41.75,27.75,11.264344215393
-41.25,27.75,10.9112825393676
-40.75,27.75,10.6320781707763
-40.25,27.75,10.4402904510498
-39.75,27.75,10.3471612930297
-39.25,27.75,10.3629131317138
-38.75,27.75,10.4982185363769
-38.25,27.75,10.7656497955322
-37.75,27.75,11.1809873580932
-37.25,27.75,11.7646732330322
-36.75,27.75,12.5433597564697
-36.25,27.75,13.5513706207275
-35.75,27.75,14.8323287963867
-35.25,27.75,16.4408359527587
-34.75,27.75,18.4439754486084
-34.25,27.75,20.9225120544433
-33.75,27.75,23.9715423583984
-33.25,27.75,27.6998462677001
-32.75,27.75,32.2285461425781
-32.25,27.75,37.6870193481445
-31.75,27.75,44.2061958312988
-31.25,27.75,51.9109497070312
-30.75,27.75,60.9094543457031
-30.25,27.75,71.280517578125
-29.75,27.75,83.06201171875
-29.25,27.75,96.2409591674804
-28.75,27.75,110.746673583984
-28.25,27.75,126.449356079101
-27.75,27.75,143.165267944335
-27.25,27.75,160.669570922851
-26.75,27.75,178.713516235351
-26.25,27.75,197.046096801757
-25.75,27.75,215.436309814453
-25.25,27.75,233.692947387695
-24.75,27.75,251.6796875
-24.25,27.75,269.322540283203
-23.75,27.75,286.610168457031
-23.25,27.75,303.586029052734
-22.75,27.75,320.334747314453
-22.25,27.75,336.96401977539
-21.75,27.75,353.585052490234
-21.25,27.75,370.294281005859
-20.75,27.75,387.157287597656
-20.25,27.75,404.198760986328
-19.75,27.75,421.398529052734
-19.25,27.75,438.69497680664
-18.75,27.75,455.994964599609
-18.25,27.75,473.188110351562
-17.75,27.75,490.166015625
-17.25,27.75,506.840087890625
-16.75,27.75,523.15576171875
-16.25,27.75,539.102478027343
-15.75,27.75,554.714477539062
-15.25,27.75,570.066650390625
-14.75,27.75,585.260986328125
-14.25,27.75,600.410583496093
-13.75,27.75,615.622741699218
-13.25,27.75,630.982604980468
-12.75,27.75,646.54248046875
-12.25,27.75,662.313415527343
-11.75,27.75,678.26611328125
-11.25,27.75,694.333435058593
-10.75,27.75,710.420104980468
-10.25,27.75,726.412048339843
-9.75,27.75,742.189208984375
-9.25,27.75,757.637145996093
-8.75,27.75,772.660278320312
-8.25,27.75,787.190673828125
-7.75,27.75,801.199523925781
-7.25,27.75,814.703002929687
-6.75,27.75,827.768920898437
-6.25,27.75,840.520812988281
-5.75,27.75,853.133483886718
-5.25,27.75,865.829406738281
-4.75,27.75,878.865966796875
-4.25,27.75,892.521362304687
-3.75,27.75,907.073974609375
-3.25,27.75,922.783569335937
-2.75,27.75,939.869445800781
-2.25,27.75,958.498413085937
-1.75,27.75,978.772399902343
-1.25,27.75,1000.72814941406
-0.75,27.75,1024.34301757812
-0.25,27.75,1049.54577636718
0.25,27.75,1076.23327636718
0.75,27.75,1104.28857421875
1.25,27.75,1133.59521484375
1.75,27.75,1164.04772949218
2.25,27.75,1195.55517578125
2.75,27.75,1228.04064941406
3.25,27.75,1261.43078613281
3.75,27.75,1295.6474609375
4.25,27.75,1330.59692382812
4.75,27.75,1366.16174316406
5.25,27.75,1402.19555664062
5.75,27.75,1438.52392578125
6.25,27.75,1474.94921875
6.75,27.75,1511.25830078125
7.25,27.75,1547.22766113281
7.75,27.75,1582.6337890625
8.25,27.75,1617.25402832031
8.75,27.75,1650.86865234375
9.25,27.75,1683.25817871093
9.75,27.75,1714.20092773437
10.25,27.75,1743.47033691406
10.75,27.75,1770.8310546875
11.25,27.75,1796.04431152343
11.75,27.75,1818.86950683593
12.25,27.75,1839.07263183593
12.75,27.75,1856.431640625
13.25,27.75,1870.74291992187
13.75,27.75,1881.82666015625
14.25,27.75,1889.52612304687
14.75,27.75,1893.70190429687
15.25,27.75,1894.22778320312
15.75,27.75,1890.98400878906
16.25,27.75,1883.85083007812
16.75,27.75,1872.705078125
17.25,27.75,1857.41748046875
17.75,27.75,1837.85778808593
18.25,27.75,1813.90258789062
18.75,27.75,1785.44616699218
19.25,27.75,1752.40869140625
19.75,27.75,1714.75158691406
20.25,27.75,1672.48852539062
20.75,27.75,1625.69384765625
21.25,27.75,1574.51965332031
21.75,27.75,1519.19934082031
22.25,27.75,1460.05834960937
22.75,27.75,1397.51452636718
23.25,27.75,1332.07702636718
23.75,27.75,1264.34033203125
24.25,27.75,1194.96899414062
24.75,27.75,1124.67468261718
25.25,27.75,1054.18579101562
25.75,27.75,984.219177246093
26.25,27.75,915.441955566406
26.75,27.75,848.447265625
27.25,27.75,783.730651855468
27.75,27.75,721.680786132812
28.25,27.75,662.574768066406
28.75,27.75,606.588684082031
29.25,27.75,553.80908203125
29.75,27.75,504.2529296875
30.25,27.75,457.885467529296
30.75,27.75,414.63735961914
31.25,27.75,374.420806884765
31.75,27.75,337.135803222656
32.25,27.75,302.678558349609
32.75,27.75,270.944580078125
33.25,27.75,241.827484130859
33.75,27.75,215.219497680664
34.25,27.75,191.009567260742
34.75,27.75,169.081619262695
35.25,27.75,149.315536499023
35.75,27.75,131.587036132812
36.25,27.75,115.7685546875
36.75,27.75,101.728256225585
37.25,27.75,89.3333969116211
37.75,27.75,78.450439453125
38.25,27.75,68.9463729858398
38.75,27.75,60.6889991760253
39.25,27.75,53.5476684570312
39.75,27.75,47.3942794799804
40.25,27.75,42.1030693054199
40.75,27.75,37.5525741577148
41.25,27.75,33.6267509460449
41.75,27.75,30.2163753509521
42.25,27.75,27.2208156585693
42.75,27.75,24.5500831604003
43.25,27.75,22.1259384155273
43.75,27.75,19.8836116790771
44.25,27.75,17.775047302246
44.75,27.75,15.7697820663452
-44.75,28.25,13.4558095932006
-44.25,28.25,13.3308696746826
-43.75,28.25,13.0380449295043
-43.25,28.25,12.6475620269775
-42.75,28.25,12.2103357315063
-42.25,28.25,11.7600955963134
-41.75,28.25,11.3250360488891
-41.25,28.25,10.9293985366821
-40.75,28.25,10.5931959152221
-40.25,28.25,10.3325414657592
-39.75,28.25,10.1604127883911
-39.25,28.25,10.0877122879028
-38.75,28.25,10.1245822906494
-38.25,28.25,10.281771659851
-37.75,28.25,10.5719718933105
-37.25,28.25,11.0112133026123
-36.75,28.25,11.6203823089599
-36.25,28.25,12.426604270935
-35.75,28.25,13.4647397994995
-35.25,28.25,14.778935432434
-34.75,28.25,16.4240474700927
-34.25,28.25,18.4668464660644
-33.75,28.25,20.9867935180664
-33.25,28.25,24.0758647918701
-32.75,28.25,27.8377170562744
-32.25,28.25,32.384536743164
-31.75,28.25,37.8316421508789
-31.25,28.25,44.2910461425781
-30.75,28.25,51.8621826171875
-30.25,28.25,60.620807647705
-29.75,28.25,70.6085510253906
-29.25,28.25,81.8236465454101
-28.75,28.25,94.2144012451171
-28.25,28.25,107.677139282226
-27.75,28.25,122.06037902832
-27.25,28.25,137.175094604492
-26.75,28.25,152.809478759765
-26.25,28.25,168.747772216796
-25.75,28.25,184.789459228515
-25.25,28.25,200.767395019531
-24.75,28.25,216.561080932617
-24.25,28.25,232.104782104492
-23.75,28.25,247.388290405273
-23.25,28.25,262.451232910156
-22.75,28.25,277.371673583984
-22.25,28.25,292.25048828125
-21.75,28.25,307.194366455078
-21.25,28.25,322.297790527343
-20.75,28.25,337.628875732421
-20.25,28.25,353.218017578125
-19.75,28.25,369.053009033203
-19.25,28.25,385.080474853515
-18.75,28.25,401.213317871093
-18.25,28.25,417.343292236328
-17.75,28.25,433.357940673828
-17.25,28.25,449.157043457031
-16.75,28.25,464.667846679687
-16.25,28.25,479.855010986328
-15.75,28.25,494.723663330078
-15.25,28.25,509.31689453125
-14.75,28.25,523.704956054687
-14.25,28.25,537.971557617187
-13.75,28.25,552.198791503906
-13.25,28.25,566.451599121093
-12.75,28.25,580.768127441406
-12.25,28.25,595.152587890625
-11.75,28.25,609.574279785156
-11.25,28.25,623.971923828125
-10.75,28.25,638.262756347656
-10.25,28.25,652.3505859375
-9.75,28.25,666.139831542968
-9.25,28.25,679.544311523437
-8.75,28.25,692.499938964843
-8.25,28.25,704.970397949218
-7.75,28.25,716.957214355468
-7.25,28.25,728.501342773437
-6.75,28.25,739.688903808593
-6.25,28.25,750.649841308593
-5.75,28.25,761.555297851562
-5.25,28.25,772.611877441406
-4.75,28.25,784.051696777343
-4.25,28.25,796.118103027343
-3.75,28.25,809.052001953125
-3.25,28.25,823.073303222656
-2.75,28.25,838.366516113281
-2.25,28.25,855.068969726562
-1.75,28.25,873.263061523437
-1.25,28.25,892.976989746093
-0.75,28.25,914.189270019531
-0.25,28.25,936.840026855468
0.25,28.25,960.844665527343
0.75,28.25,986.109558105468
1.25,28.25,1012.54327392578
1.75,28.25,1040.06469726562
2.25,28.25,1068.60534667968
2.75,28.25,1098.10412597656
3.25,28.25,1128.49926757812
3.75,28.25,1159.72021484375
4.25,28.25,1191.67468261718
4.75,28.25,1224.24291992187
5.25,28.25,1257.27612304687
5.75,28.25,1290.59753417968
6.25,28.25,1324.00939941406
6.75,28.25,1357.30236816406
7.25,28.25,1390.26489257812
7.75,28.25,1422.68920898437
8.25,28.25,1454.37719726562
8.75,28.25,1485.13586425781
9.25,28.25,1514.77673339843
9.75,28.25,1543.10656738281
10.25,28.25,1569.921875
10.75,28.25,1595.005859375
11.25,28.25,1618.12768554687
11.75,28.25,1639.046875
12.25,28.25,1657.51953125
12.75,28.25,1673.31262207031
13.25,28.25,1686.20935058593
13.75,28.25,1696.0224609375
14.25,28.25,1702.59460449218
14.75,28.25,1705.79968261718
15.25,28.25,1705.53674316406
15.75,28.25,1701.72387695312
16.25,28.25,1694.28820800781
16.75,28.25,1683.16003417968
17.25,28.25,1668.26330566406
17.75,28.25,1649.517578125
18.25,28.25,1626.84240722656
18.75,28.25,1600.1650390625
19.25,28.25,1569.42895507812
19.75,28.25,1534.60754394531
20.25,28.25,1495.71557617187
20.75,28.25,1452.82275390625
21.25,28.25,1406.06750488281
21.75,28.25,1355.66271972656
22.25,28.25,1301.90588378906
22.75,28.25,1245.17907714843
23.25,28.25,1185.94848632812
23.75,28.25,1124.75598144531
24.25,28.25,1062.20666503906
24.75,28.25,998.943725585937
25.25,28.25,935.625671386718
25.75,28.25,872.894775390625
26.25,28.25,811.347839355468
26.75,28.25,751.510559082031
27.25,28.25,693.819091796875
27.75,28.25,638.609680175781
28.25,28.25,586.1162109375
28.75,28.25,536.478515625
29.25,28.25,489.755554199218
29.75,28.25,445.943145751953
30.25,28.25,404.990631103515
30.75,28.25,366.819396972656
31.25,28.25,331.33642578125
31.75,28.25,298.442443847656
32.25,28.25,268.038879394531
32.75,28.25,240.030975341796
33.25,28.25,214.325759887695
33.75,28.25,190.831268310546
34.25,28.25,169.454330444335
34.75,28.25,150.096939086914
35.25,28.25,132.65673828125
35.75,28.25,117.025924682617
36.25,28.25,103.091651916503
36.75,28.25,90.7354583740234
37.25,28.25,79.8366317749023
37.75,28.25,70.2728652954101
38.25,28.25,61.922248840332
38.75,28.25,54.6641311645507
39.25,28.25,48.3802490234375
39.75,28.25,42.9557647705078
40.25,28.25,38.2789726257324
40.75,28.25,34.2427291870117
41.25,28.25,30.7451820373535
41.75,28.25,27.6905994415283
42.25,28.25,24.9908351898193
42.75,28.25,22.5671997070312
43.25,28.25,20.351634979248
43.75,28.25,18.2885246276855
44.25,28.25,16.3377132415771
44.75,28.25,14.4750595092773
-44.75,28.75,13.3267679214477
-44.25,28.75,13.2925004959106
-43.75,28.75,13.0697727203369
-43.25,28.75,12.7252588272094
-42.75,28.75,12.3092432022094
-42.25,28.75,11.8568706512451
-41.75,28.75,11.3991117477417
-41.25,28.75,10.9636621475219
-40.75,28.75,10.5741119384765
-40.25,28.75,10.2496871948242
-39.75,28.75,10.0055742263793
-39.25,28.75,9.8537893295288
-38.75,28.75,9.80432319641113
-38.25,28.75,9.86653041839599
-37.75,28.75,10.0504817962646
-37.25,28.75,10.3684148788452
-36.75,28.75,10.8362493515014
-36.25,28.75,11.4749298095703
-35.75,28.75,12.3117952346801
-35.25,28.75,13.3820133209228
-34.75,28.75,14.729829788208
-34.25,28.75,16.409704208374
-33.75,28.75,18.487112045288
-33.25,28.75,21.0385913848876
-32.75,28.75,24.1512851715087
-32.25,28.75,27.9205322265625
-31.75,28.75,32.4455604553222
-31.25,28.75,37.8241539001464
-30.75,28.75,44.1449546813964
-30.25,28.75,51.4778213500976
-29.75,28.75,59.8648719787597
-29.25,28.75,69.3121795654296
-28.75,28.75,79.7838821411132
-28.25,28.75,91.1999206542968
-27.75,28.75,103.438827514648
-27.25,28.75,116.346092224121
-26.75,28.75,129.746429443359
-26.25,28.75,143.459152221679
-25.75,28.75,157.315002441406
-25.25,28.75,171.171066284179
-24.75,28.75,184.923736572265
-24.25,28.75,198.515411376953
-23.75,28.75,211.936859130859
-23.25,28.75,225.222671508789
-22.75,28.75,238.442443847656
-22.25,28.75,251.687713623046
-21.75,28.75,265.056457519531
-21.25,28.75,278.63784790039
-20.75,28.75,292.497894287109
-20.25,28.75,306.669067382812
-19.75,28.75,321.144287109375
-19.25,28.75,335.877258300781
-18.75,28.75,350.787353515625
-18.25,28.75,365.770874023437
-17.75,28.75,380.716064453125
-17.25,28.75,395.517822265625
-16.75,28.75,410.092712402343
-16.25,28.75,424.388946533203
-15.75,28.75,438.390838623046
-15.25,28.75,452.117553710937
-14.75,28.75,465.614593505859
-14.25,28.75,478.942321777343
-13.75,28.75,492.161743164062
-13.25,28.75,505.321258544921
-12.75,28.75,518.447143554687
-12.25,28.75,531.537048339843
-11.75,28.75,544.559814453125
-11.25,28.75,557.459716796875
-10.75,28.75,570.163024902343
-10.25,28.75,582.589599609375
-9.75,28.75,594.662414550781
-9.25,28.75,606.318664550781
-8.75,28.75,617.517761230468
-8.25,28.75,628.247924804687
-7.75,28.75,638.532043457031
-7.25,28.75,648.428955078125
-6.75,28.75,658.034606933593
-6.25,28.75,667.4814453125
-5.75,28.75,676.932373046875
-5.25,28.75,686.576782226562
-4.75,28.75,696.620727539062
-4.25,28.75,707.274780273437
-3.75,28.75,718.743591308593
-3.25,28.75,731.211059570312
-2.75,28.75,744.829406738281
-2.25,28.75,759.709350585937
-1.75,28.75,775.916748046875
-1.25,28.75,793.473388671875
-0.75,28.75,812.361389160156
-0.25,28.75,832.533264160156
0.25,28.75,853.92529296875
0.75,28.75,876.467468261718
1.25,28.75,900.095092773437
1.75,28.75,924.751831054687
2.25,28.75,950.391479492187
2.75,28.75,976.971069335937
3.25,28.75,1004.44201660156
3.75,28.75,1032.74047851562
4.25,28.75,1061.77722167968
4.75,28.75,1091.43322753906
5.25,28.75,1121.55712890625
5.75,28.75,1151.97131347656
6.25,28.75,1182.47863769531
6.75,28.75,1212.87487792968
7.25,28.75,1242.95861816406
7.75,28.75,1272.53869628906
8.25,28.75,1301.43725585937
8.75,28.75,1329.48876953125
9.25,28.75,1356.53051757812
9.75,28.75,1382.39807128906
10.25,28.75,1406.91125488281
10.75,28.75,1429.86987304687
11.25,28.75,1451.05151367187
11.75,28.75,1470.21472167968
12.25,28.75,1487.10961914062
12.75,28.75,1501.4873046875
13.25,28.75,1513.11791992187
13.75,28.75,1521.80114746093
14.25,28.75,1527.37585449218
14.75,28.75,1529.72326660156
15.25,28.75,1528.76123046875
15.75,28.75,1524.44067382812
16.25,28.75,1516.73095703125
16.75,28.75,1505.61499023437
17.25,28.75,1491.07092285156
17.75,28.75,1473.07238769531
18.25,28.75,1451.58813476562
18.75,28.75,1426.58544921875
19.25,28.75,1398.03698730468
19.75,28.75,1365.93664550781
20.25,28.75,1330.30615234375
20.75,28.75,1291.21362304687
21.25,28.75,1248.78332519531
21.75,28.75,1203.20483398437
22.25,28.75,1154.74182128906
22.75,28.75,1103.73327636718
23.25,28.75,1050.59204101562
23.75,28.75,995.797302246093
24.25,28.75,939.883972167968
24.75,28.75,883.419860839843
25.25,28.75,826.98583984375
25.75,28.75,771.1484375
26.25,28.75,716.432678222656
26.75,28.75,663.30224609375
27.25,28.75,612.139038085937
27.75,28.75,563.236755371093
28.25,28.75,516.796936035156
28.75,28.75,472.93667602539
29.25,28.75,431.69970703125
29.75,28.75,393.072448730468
30.25,28.75,357.00015258789
30.75,28.75,323.403015136718
31.25,28.75,292.190307617187
31.75,28.75,263.266723632812
32.25,28.75,236.540390014648
32.75,28.75,211.924713134765
33.25,28.75,189.336700439453
33.75,28.75,168.69578552246
34.25,28.75,149.920852661132
34.75,28.75,132.926651000976
35.25,28.75,117.623466491699
35.75,28.75,103.915779113769
36.25,28.75,91.7026443481445
36.75,28.75,80.8770904541015
37.25,28.75,71.3296890258789
37.75,28.75,62.9496116638183
38.25,28.75,55.6266746520996
38.75,28.75,49.2526206970214
39.25,28.75,43.722354888916
39.75,28.75,38.9346923828125
40.25,28.75,34.7920722961425
40.75,28.75,31.2014102935791
41.25,28.75,28.0743522644042
41.75,28.75,25.3278903961181
42.25,28.75,22.8854923248291
42.75,28.75,20.6788234710693
43.25,28.75,18.6490688323974
43.75,28.75,16.7487621307373
44.25,28.75,14.9445142745971
44.75,28.75,13.217451095581
-44.75,29.25,13.106460571289
-44.25,29.25,13.1597967147827
-43.75,29.25,13.0083761215209
-43.25,29.25,12.7146387100219
-42.75,29.25,12.3275365829467
-42.25,29.25,11.88303565979
-41.75,29.25,11.4143362045288
-41.25,29.25,10.9521760940551
-40.75,29.25,10.5233678817749
-40.25,29.25,10.1500329971313
-39.75,29.25,9.84948539733886
-39.25,29.25,9.63486003875732
-38.75,29.25,9.51613998413086
-38.25,29.25,9.50156784057617
-37.75,29.25,9.59904098510742
-37.25,29.25,9.81763267517089
-36.75,29.25,10.1691255569458
-36.25,29.25,10.6693038940429
-35.75,29.25,11.339256286621
-35.25,29.25,12.2066240310668
-34.75,29.25,13.3066959381103
-34.25,29.25,14.6834096908569
-33.75,29.25,16.3900356292724
-33.25,29.25,18.4893608093261
-32.75,29.25,21.053409576416
-32.25,29.25,24.1615867614746
-31.75,29.25,27.8973369598388
-31.25,29.25,32.3437728881835
-30.75,29.25,37.5775108337402
-30.25,29.25,43.6605911254882
-29.75,29.25,50.6331214904785
-29.25,29.25,58.5061836242675
-28.75,29.25,67.2567138671875
-28.25,29.25,76.8252334594726
-27.75,29.25,87.1176986694336
-27.25,29.25,98.0119247436523
-26.75,29.25,109.367179870605
-26.25,29.25,121.036636352539
-25.75,29.25,132.88117980957
-25.25,29.25,144.782180786132
-24.75,29.25,156.65232849121
-24.25,29.25,168.442504882812
-23.75,29.25,180.144165039062
-23.25,29.25,191.786712646484
-22.75,29.25,203.430297851562
-22.25,29.25,215.155532836914
-21.75,29.25,227.04963684082
-21.25,29.25,239.193664550781
-20.75,29.25,251.648544311523
-20.25,29.25,264.446014404296
-19.75,29.25,277.581573486328
-19.25,29.25,291.013946533203
-18.75,29.25,304.669219970703
-18.25,29.25,318.449768066406
-17.75,29.25,332.246917724609
-17.25,29.25,345.95556640625
-16.75,29.25,359.487396240234
-16.25,29.25,372.781219482421
-15.75,29.25,385.807922363281
-15.25,29.25,398.56982421875
-14.75,29.25,411.095092773437
-14.25,29.25,423.426361083984
-13.75,29.25,435.60888671875
-13.25,29.25,447.679412841796
-12.75,29.25,459.655090332031
-12.25,29.25,471.530029296875
-11.75,29.25,483.273315429687
-11.25,29.25,494.833801269531
-10.75,29.25,506.146942138671
-10.25,29.25,517.144226074218
-9.75,29.25,527.76318359375
-9.25,29.25,537.956848144531
-8.75,29.25,547.700927734375
-8.25,29.25,556.999816894531
-7.75,29.25,565.888977050781
-7.25,29.25,574.436584472656
-6.75,29.25,582.742614746093
-6.25,29.25,590.935180664062
-5.75,29.25,599.167114257812
-5.25,29.25,607.609008789062
-4.75,29.25,616.441528320312
-4.25,29.25,625.845947265625
-3.75,29.25,635.993835449218
-3.25,29.25,647.037841796875
-2.75,29.25,659.100952148437
-2.25,29.25,672.272888183593
-1.75,29.25,686.605285644531
-1.25,29.25,702.115112304687
-0.75,29.25,718.789306640625
-0.25,29.25,736.593994140625
0.25,29.25,755.484069824218
0.75,29.25,775.413513183593
1.25,29.25,796.341857910156
1.75,29.25,818.237365722656
2.25,29.25,841.074096679687
2.75,29.25,864.826171875
3.25,29.25,889.458068847656
3.75,29.25,914.913940429687
4.25,29.25,941.110046386718
4.75,29.25,967.928649902343
5.25,29.25,995.220458984375
5.75,29.25,1022.80859375
6.25,29.25,1050.50024414062
6.75,29.25,1078.09741210937
7.25,29.25,1105.40991210937
7.75,29.25,1132.26196289062
8.25,29.25,1158.49658203125
8.75,29.25,1183.96984863281
9.25,29.25,1208.54602050781
9.75,29.25,1232.08386230468
10.25,29.25,1254.42529296875
10.75,29.25,1275.38623046875
11.25,29.25,1294.75317382812
11.75,29.25,1312.28588867187
12.25,29.25,1327.728515625
12.75,29.25,1340.81982421875
13.25,29.25,1351.31665039062
13.75,29.25,1359.00561523437
14.25,29.25,1363.71875
14.75,29.25,1365.33935546875
15.25,29.25,1363.80065917968
15.75,29.25,1359.07861328125
16.25,29.25,1351.18371582031
16.75,29.25,1340.14233398437
17.25,29.25,1325.98706054687
17.75,29.25,1308.74304199218
18.25,29.25,1288.42944335937
18.75,29.25,1265.05615234375
19.25,29.25,1238.63098144531
19.75,29.25,1209.16955566406
20.25,29.25,1176.70617675781
20.75,29.25,1141.30688476562
21.25,29.25,1103.08288574218
21.75,29.25,1062.19921875
22.25,29.25,1018.88208007812
22.75,29.25,973.422058105468
23.25,29.25,926.172424316406
23.75,29.25,877.544616699218
24.25,29.25,827.996643066406
24.75,29.25,778.01806640625
25.25,29.25,728.109252929687
25.75,29.25,678.759948730468
26.25,29.25,630.427307128906
26.75,29.25,583.514526367187
27.25,29.25,538.357543945312
27.75,29.25,495.21597290039
28.25,29.25,454.268371582031
28.75,29.25,415.619903564453
29.25,29.25,379.309661865234
29.75,29.25,345.325866699218
30.25,29.25,313.618713378906
30.75,29.25,284.115234375
31.25,29.25,256.731842041015
31.75,29.25,231.380737304687
32.25,29.25,207.976943969726
32.75,29.25,186.440399169921
33.25,29.25,166.694427490234
33.75,29.25,148.665145874023
34.25,29.25,132.278198242187
34.75,29.25,117.455535888671
35.25,29.25,104.11530303955
35.75,29.25,92.1702804565429
36.25,29.25,81.5284805297851
36.75,29.25,72.0928192138671
37.25,29.25,63.7644004821777
37.75,29.25,56.44380569458
38.25,29.25,50.0331840515136
38.75,29.25,44.4374198913574
39.25,29.25,39.5652160644531
39.75,29.25,35.3295669555664
40.25,29.25,31.6471500396728
40.75,29.25,28.4386672973632
41.25,29.25,25.6288356781005
41.75,29.25,23.1466121673584
42.25,29.25,20.926212310791
42.75,29.25,18.9087581634521
43.25,29.25,17.043643951416
43.75,29.25,15.290488243103
44.25,29.25,13.6215801239013
44.75,29.25,12.0222177505493
-44.75,29.75,12.7433071136474
-44.25,29.75,12.8707427978515
-43.75,29.75,12.7852611541748
-43.25,29.75,12.5445775985717
-42.75,29.75,12.1953506469726
-42.25,29.75,11.7731819152832
-41.75,29.75,11.3121089935302
-41.25,29.75,10.8444690704345
-40.75,29.75,10.3990249633789
-40.25,29.75,9.9997329711914
-39.75,29.75,9.66528797149658
-39.25,29.75,9.40953159332275
-38.75,29.75,9.24236011505127
-38.25,29.75,9.17111206054687
-37.75,29.75,9.20197772979736
-37.25,29.75,9.34156990051269
-36.75,29.75,9.59842586517334
-36.25,29.75,9.98426914215087
-35.75,29.75,10.5152006149292
-35.25,29.75,11.2127990722656
-34.75,29.75,12.1050186157226
-34.25,29.75,13.2270231246948
-33.75,29.75,14.6217203140258
-33.25,29.75,16.3399467468261
-32.75,29.75,18.4402694702148
-32.25,29.75,20.9875221252441
-31.75,29.75,24.0502471923828
-31.25,29.75,27.6972618103027
-30.75,29.75,31.9927730560302
-30.25,29.75,36.9900207519531
-29.75,29.75,42.7254028320312
-29.25,29.75,49.2127342224121
-28.75,29.75,56.4390678405761
-28.25,29.75,64.3624725341796
-27.75,29.75,72.9131851196289
-27.25,29.75,81.9981307983398
-26.75,29.75,91.5083084106445
-26.25,29.75,101.328186035156
-25.75,29.75,111.34691619873
-25.25,29.75,121.468544006347
-24.75,29.75,131.621475219726
-24.25,29.75,141.7646484375
-23.75,29.75,151.890258789062
-23.25,29.75,162.02261352539
-22.75,29.75,172.212585449218
-22.25,29.75,182.529220581054
-21.75,29.75,193.048400878906
-21.25,29.75,203.841125488281
-20.75,29.75,214.961944580078
-20.25,29.75,226.439254760742
-19.75,29.75,238.269332885742
-19.25,29.75,250.414825439453
-18.75,29.75,262.807464599609
-18.25,29.75,275.355926513671
-17.75,29.75,287.956665039062
-17.25,29.75,300.507659912109
-16.75,29.75,312.919860839843
-16.25,29.75,325.127960205078
-15.75,29.75,337.095153808593
-15.25,29.75,348.813720703125
-14.75,29.75,360.299926757812
-14.25,29.75,371.585266113281
-13.75,29.75,382.704650878906
-13.25,29.75,393.686981201171
-12.75,29.75,404.545166015625
-12.25,29.75,415.271911621093
-11.75,29.75,425.838470458984
-11.25,29.75,436.199127197265
-10.75,29.75,446.296325683593
-10.25,29.75,456.071105957031
-9.75,29.75,465.470794677734
-9.25,29.75,474.45849609375
-8.75,29.75,483.019226074218
-8.25,29.75,491.165069580078
-7.75,29.75,498.936401367187
-7.25,29.75,506.4033203125
-6.75,29.75,513.662902832031
-6.25,29.75,520.835632324218
-5.75,29.75,528.06103515625
-5.25,29.75,535.490783691406
-4.75,29.75,543.282531738281
-4.25,29.75,551.59033203125
-3.75,29.75,560.557983398437
-3.25,29.75,570.310363769531
-2.75,29.75,580.947509765625
-2.25,29.75,592.539855957031
-1.75,29.75,605.12890625
-1.25,29.75,618.728271484375
-0.75,29.75,633.330444335937
-0.25,29.75,648.912963867187
0.25,29.75,665.448486328125
0.75,29.75,682.911437988281
1.25,29.75,701.282958984375
1.75,29.75,720.551818847656
2.25,29.75,740.711059570312
2.75,29.75,761.749694824218
3.25,29.75,783.644165039062
3.75,29.75,806.347412109375
4.25,29.75,829.782470703125
4.75,29.75,853.837097167968
5.25,29.75,878.366821289062
5.75,29.75,903.200439453125
6.25,29.75,928.152954101562
6.75,29.75,953.036010742187
7.25,29.75,977.671936035156
7.75,29.75,1001.90112304687
8.25,29.75,1025.58435058593
8.75,29.75,1048.59936523437
9.25,29.75,1070.83142089843
9.75,29.75,1092.16088867187
10.25,29.75,1112.4482421875
10.75,29.75,1131.52514648437
11.25,29.75,1149.18811035156
11.75,29.75,1165.19995117187
12.25,29.75,1179.30090332031
12.75,29.75,1191.22277832031
13.25,29.75,1200.71044921875
13.75,29.75,1207.53955078125
14.25,29.75,1211.53515625
14.75,29.75,1212.58032226562
15.25,29.75,1210.61669921875
15.75,29.75,1205.64282226562
16.25,29.75,1197.69775390625
16.75,29.75,1186.84973144531
17.25,29.75,1173.17553710937
17.75,29.75,1156.74951171875
18.25,29.75,1137.63696289062
18.75,29.75,1115.8896484375
19.25,29.75,1091.54907226562
19.75,29.75,1064.65502929687
20.25,29.75,1035.2548828125
20.75,29.75,1003.41534423828
21.25,29.75,969.23486328125
21.75,29.75,932.853454589843
22.25,29.75,894.459899902343
22.75,29.75,854.295288085937
23.25,29.75,812.652038574218
23.75,29.75,769.871459960937
24.25,29.75,726.33544921875
24.75,29.75,682.453796386718
25.25,29.75,638.6474609375
25.75,29.75,595.33203125
26.25,29.75,552.898071289062
26.75,29.75,511.695343017578
27.25,29.75,472.018463134765
27.75,29.75,434.098693847656
28.25,29.75,398.100341796875
28.75,29.75,364.124206542968
29.25,29.75,332.213989257812
29.75,29.75,302.366821289062
30.25,29.75,274.545288085937
30.75,29.75,248.689086914062
31.25,29.75,224.725860595703
31.75,29.75,202.57730102539
32.25,29.75,182.16552734375
32.75,29.75,163.415298461914
33.25,29.75,146.25325012207
33.75,29.75,130.607864379882
34.25,29.75,116.406913757324
34.75,29.75,103.57518005371
35.25,29.75,92.034309387207
35.75,29.75,81.7020645141601
36.25,29.75,72.4929122924804
36.75,29.75,64.3179321289062
37.25,29.75,57.0878715515136
37.75,29.75,50.7145309448242
38.25,29.75,45.1124954223632
38.75,29.75,40.200210571289
39.25,29.75,35.900520324707
39.75,29.75,32.1409301757812
40.25,29.75,28.8523635864257
40.75,29.75,25.9691734313964
41.25,29.75,23.42866897583
41.75,29.75,21.1711463928222
42.25,29.75,19.1408042907714
42.75,29.75,17.2873077392578
43.25,29.75,15.5673351287841
43.75,29.75,13.9464721679687
44.25,29.75,12.4016075134277
44.75,29.75,10.9212303161621
-44.75,30.25,12.2297868728637
-44.25,30.25,12.4079647064208
-43.75,30.25,12.3751211166381
-43.25,30.25,12.1842632293701
-42.75,30.25,11.8790168762207
-42.25,30.25,11.4932117462158
-41.75,30.25,11.0598602294921
-41.25,30.25,10.6108455657958
-40.75,30.25,10.1748867034912
-40.25,30.25,9.77607250213623
-39.75,30.25,9.43322563171386
-39.25,30.25,9.16012477874755
-38.75,30.25,8.96630573272705
-38.25,30.25,8.8583173751831
-37.75,30.25,8.84113121032714
-37.25,30.25,8.91962146759033
-36.75,30.25,9.10002613067627
-36.25,30.25,9.39111518859863
-35.75,30.25,9.80524063110351
-35.25,30.25,10.3592948913574
-34.75,30.25,11.0754308700561
-34.25,30.25,11.9816665649414
-33.75,30.25,13.1123113632202
-33.25,30.25,14.5080461502075
-32.75,30.25,16.2157459259033
-32.25,30.25,18.2873668670654
-31.75,30.25,20.7778873443603
-31.25,30.25,23.7428436279296
-30.75,30.25,27.2344913482666
-30.25,30.25,31.2971229553222
-29.75,30.25,35.962532043457
-29.25,30.25,41.2456588745117
-28.75,30.25,47.1412963867187
-28.25,30.25,53.6221008300781
-27.75,30.25,60.6390037536621
-27.25,30.25,68.1243743896484
-26.75,30.25,75.9970626831054
-26.25,30.25,84.1694259643554
-25.75,30.25,92.5558395385742
-25.25,30.25,101.080932617187
-24.75,30.25,109.687385559082
-24.25,30.25,118.341567993164
-23.75,30.25,127.036651611328
-23.25,30.25,135.792251586914
-22.75,30.25,144.650451660156
-22.25,30.25,153.66926574707
-21.75,30.25,162.913299560546
-21.25,30.25,172.443328857421
-20.75,30.25,182.306198120117
-20.25,30.25,192.526062011718
-19.75,30.25,203.098754882812
-19.25,30.25,213.98908996582
-18.75,30.25,225.134048461914
-18.25,30.25,236.448364257812
-17.75,30.25,247.834671020507
-17.25,30.25,259.195373535156
-16.75,30.25,270.444122314453
-16.25,30.25,281.515106201171
-15.75,30.25,292.368286132812
-15.25,30.25,302.990936279296
-14.75,30.25,313.392974853515
-14.25,30.25,323.59912109375
-13.75,30.25,333.639526367187
-13.25,30.25,343.539031982421
-12.75,30.25,353.309814453125
-12.25,30.25,362.946014404296
-11.75,30.25,372.423126220703
-11.25,30.25,381.700775146484
-10.75,30.25,390.728576660156
-10.25,30.25,399.453979492187
-9.75,30.25,407.831146240234
-9.25,30.25,415.828125
-8.75,30.25,423.433349609375
-8.25,30.25,430.659942626953
-7.75,30.25,437.547271728515
-7.25,30.25,444.160949707031
-6.75,30.25,450.590393066406
-6.25,30.25,456.944946289062
-5.75,30.25,463.349304199218
-5.25,30.25,469.93667602539
-4.75,30.25,476.842987060546
-4.25,30.25,484.19873046875
-3.75,30.25,492.123443603515
-3.25,30.25,500.719696044921
-2.75,30.25,510.067138671875
-2.25,30.25,520.222106933593
-1.75,30.25,531.216796875
-1.25,30.25,543.063720703125
-0.75,30.25,555.758850097656
-0.25,30.25,569.290893554687
0.25,30.25,583.646301269531
0.75,30.25,598.816650390625
1.25,30.25,614.800903320312
1.75,30.25,631.604125976562
2.25,30.25,649.234436035156
2.75,30.25,667.69384765625
3.25,30.25,686.96923828125
3.75,30.25,707.023559570312
4.25,30.25,727.787170410156
4.75,30.25,749.157653808593
5.25,30.25,770.999206542968
5.75,30.25,793.151733398437
6.25,30.25,815.44140625
6.75,30.25,837.694030761718
7.25,30.25,859.74658203125
7.75,30.25,881.455017089843
8.25,30.25,902.698303222656
8.75,30.25,923.371520996093
9.25,30.25,943.378173828125
9.75,30.25,962.616394042968
10.25,30.25,980.963562011718
10.75,30.25,998.264953613281
11.25,30.25,1014.32751464843
11.75,30.25,1028.919921875
12.25,30.25,1041.78344726562
12.75,30.25,1052.64611816406
13.25,30.25,1061.2451171875
13.75,30.25,1067.35009765625
14.25,30.25,1070.77770996093
14.75,30.25,1071.41088867187
15.25,30.25,1069.19580078125
15.75,30.25,1064.14416503906
16.25,30.25,1056.318359375
16.75,30.25,1045.81665039062
17.25,30.25,1032.75256347656
17.75,30.25,1017.24060058593
18.25,30.25,999.385559082031
18.75,30.25,979.277404785156
19.25,30.25,956.988159179687
19.75,30.25,932.580810546875
20.25,30.25,906.115966796875
20.75,30.25,877.662231445312
21.25,30.25,847.30810546875
21.75,30.25,815.170715332031
22.25,30.25,781.4033203125
22.75,30.25,746.200012207031
23.25,30.25,709.79541015625
23.75,30.25,672.463684082031
24.25,30.25,634.513732910156
24.75,30.25,596.278564453125
25.25,30.25,558.103576660156
25.75,30.25,520.333984375
26.25,30.25,483.298614501953
26.75,30.25,447.296844482421
27.25,30.25,412.586395263671
27.75,30.25,379.375793457031
28.25,30.25,347.81948852539
28.75,30.25,318.019439697265
29.25,30.25,290.028747558593
29.75,30.25,263.859008789062
30.25,30.25,239.489471435546
30.75,30.25,216.876007080078
31.25,30.25,195.960342407226
31.75,30.25,176.674819946289
32.25,30.25,158.948516845703
32.75,30.25,142.709640502929
33.25,30.25,127.886245727539
33.75,30.25,114.406013488769
34.25,30.25,102.195816040039
34.75,30.25,91.1798706054687
35.25,30.25,81.2805252075195
35.75,30.25,72.4179077148437
36.25,30.25,64.5107498168945
36.75,30.25,57.4767799377441
37.25,30.25,51.2353210449218
37.75,30.25,45.7087249755859
38.25,30.25,40.8236236572265
38.75,30.25,36.5118789672851
39.25,30.25,32.7105484008789
39.75,30.25,29.3614387512207
40.25,30.25,26.4096641540527
40.75,30.25,23.8028831481933
41.25,30.25,21.4905433654785
41.75,30.25,19.4237270355224
42.25,30.25,17.5558929443359
42.75,30.25,15.8444499969482
43.25,30.25,14.2524118423461
43.75,30.25,12.7503461837768
44.25,30.25,11.3187026977539
44.75,30.25,9.94822883605957
-44.75,30.75,11.6001949310302
-44.25,30.75,11.7998781204223
-43.75,30.75,11.7998275756835
-43.25,30.75,11.6491146087646
-42.75,30.75,11.3880043029785
-42.25,30.75,11.0474739074707
-41.75,30.75,10.6577472686767
-41.25,30.75,10.2481279373168
-40.75,30.75,9.84511184692382
-40.25,30.75,9.47099590301513
-39.75,30.75,9.14322566986084
-39.25,30.75,8.87454414367675
-38.75,30.75,8.67366218566894
-38.25,30.75,8.54638195037841
-37.75,30.75,8.49683666229248
-37.25,30.75,8.52886581420898
-36.75,30.75,8.6472806930542
-36.25,30.75,8.85892963409423
-35.75,30.75,9.17356586456298
-35.25,30.75,9.60463333129882
-34.75,30.75,10.1698141098022
-34.25,30.75,10.891450881958
-33.75,30.75,11.796835899353
-33.25,30.75,12.9181938171386
-32.75,30.75,14.292534828186
-32.25,30.75,15.9607162475585
-31.75,30.75,17.9659690856933
-31.25,30.75,20.3519916534423
-30.75,30.75,23.1602897644042
-30.25,30.75,26.4267292022705
-29.75,30.75,30.1783447265625
-29.25,30.75,34.4301261901855
-28.75,30.75,39.1826019287109
-28.25,30.75,44.4200897216796
-27.75,30.75,50.1104888916015
-27.25,30.75,56.2073822021484
-26.75,30.75,62.6530799865722
-26.25,30.75,69.3836593627929
-25.75,30.75,76.3350601196289
-25.25,30.75,83.4497756958007
-24.75,30.75,90.6829452514648
-24.25,30.75,98.0078125
-23.75,30.75,105.41845703125
-23.25,30.75,112.930587768554
-22.75,30.75,120.578559875488
-22.25,30.75,128.410339355468
-21.75,30.75,136.479949951171
-21.25,30.75,144.838409423828
-20.75,30.75,153.52488708496
-20.25,30.75,162.55874633789
-19.75,30.75,171.934326171875
-19.25,30.75,181.61814880371
-18.75,30.75,191.551300048828
-18.25,30.75,201.654327392578
-17.75,30.75,211.836303710937
-17.25,30.75,222.005325317382
-16.75,30.75,232.079223632812
-16.25,30.75,241.99446105957
-15.75,30.75,251.711395263671
-15.25,30.75,261.215789794921
-14.75,30.75,270.515014648437
-14.25,30.75,279.63134765625
-13.75,30.75,288.593292236328
-13.25,30.75,297.425720214843
-12.75,30.75,306.142456054687
-12.25,30.75,314.741577148437
-11.75,30.75,323.203704833984
-11.25,30.75,331.49478149414
-10.75,30.75,339.57080078125
-10.25,30.75,347.384613037109
-9.75,30.75,354.894012451171
-9.25,30.75,362.068817138671
-8.75,30.75,368.896942138671
-8.25,30.75,375.387725830078
-7.75,30.75,381.575012207031
-7.25,30.75,387.515808105468
-6.75,30.75,393.288757324218
-6.25,30.75,398.990173339843
-5.75,30.75,404.728240966796
-5.25,30.75,410.61865234375
-4.75,30.75,416.777191162109
-4.25,30.75,423.313812255859
-3.75,30.75,430.327667236328
-3.25,30.75,437.901672363281
-2.75,30.75,446.099700927734
-2.25,30.75,454.965911865234
-1.75,30.75,464.525573730468
-1.25,30.75,474.788879394531
-0.75,30.75,485.756286621093
-0.25,30.75,497.424407958984
0.25,30.75,509.790771484375
0.75,30.75,522.860107421875
1.25,30.75,536.644165039062
1.75,30.75,551.161071777343
2.25,30.75,566.429931640625
2.75,30.75,582.463073730468
3.25,30.75,599.256713867187
3.75,30.75,616.782958984375
4.25,30.75,634.983520507812
4.75,30.75,653.766479492187
5.25,30.75,673.009948730468
5.75,30.75,692.569213867187
6.25,30.75,712.286499023437
6.75,30.75,732.004211425781
7.25,30.75,751.576599121093
7.75,30.75,770.876098632812
8.25,30.75,789.796936035156
8.75,30.75,808.250427246093
9.25,30.75,826.154296875
9.75,30.75,843.421752929687
10.25,30.75,859.943481445312
10.75,30.75,875.577697753906
11.25,30.75,890.142395019531
11.75,30.75,903.414794921875
12.25,30.75,915.140808105468
12.75,30.75,925.050048828125
13.25,30.75,932.878540039062
13.75,30.75,938.390563964843
14.25,30.75,941.400207519531
14.75,30.75,941.786682128906
15.25,30.75,939.497680664062
15.75,30.75,934.551452636718
16.25,30.75,927.024291992187
16.75,30.75,917.03369140625
17.25,30.75,904.720031738281
17.75,30.75,890.226745605468
18.25,30.75,873.690734863281
18.75,30.75,855.231628417968
19.25,30.75,834.948913574218
19.75,30.75,812.926086425781
20.25,30.75,789.23681640625
20.75,30.75,763.952880859375
21.25,30.75,737.155883789062
21.75,30.75,708.944152832031
22.25,30.75,679.441040039062
22.75,30.75,648.798278808593
23.25,30.75,617.199035644531
23.75,30.75,584.856872558593
24.25,30.75,552.013122558593
24.75,30.75,518.930847167968
25.25,30.75,485.886352539062
25.75,30.75,453.159057617187
26.25,30.75,421.020629882812
26.75,30.75,389.723846435546
27.25,30.75,359.493133544921
27.75,30.75,330.516632080078
28.25,30.75,302.94155883789
28.75,30.75,276.873107910156
29.25,30.75,252.375778198242
29.75,30.75,229.477920532226
30.25,30.75,208.177093505859
30.75,30.75,188.446960449218
31.25,30.75,170.244079589843
31.75,30.75,153.512008666992
32.25,30.75,138.186691284179
32.75,30.75,124.199569702148
33.25,30.75,111.478553771972
33.75,30.75,99.9496383666992
34.25,30.75,89.5371780395507
34.75,30.75,80.1632080078125
35.25,30.75,71.7491455078125
35.75,30.75,64.2158584594726
36.25,30.75,57.484935760498
36.75,30.75,51.4792404174804
37.25,30.75,46.125503540039
37.75,30.75,41.3554992675781
38.25,30.75,37.107192993164
38.75,30.75,33.3251113891601
39.25,30.75,29.9598999023437
39.75,30.75,26.9672698974609
40.25,30.75,24.3059387207031
40.75,30.75,21.936372756958
41.25,30.75,19.8195629119873
41.75,30.75,17.9166927337646
42.25,30.75,16.189748764038
42.75,30.75,14.6031198501586
43.25,30.75,13.1253070831298
43.75,30.75,11.7309074401855
44.25,30.75,10.4030199050903
44.75,30.75,9.13378620147705
-44.75,31.25,10.9147043228149
-44.25,31.25,11.1068286895751
-43.75,31.25,11.1172513961792
-43.25,31.25,10.9923229217529
-42.75,31.25,10.7692375183105
-42.25,31.25,10.4755744934082
-41.75,31.25,10.1375913619995
-41.25,31.25,9.78036594390869
-40.75,31.25,9.42636775970459
-40.25,31.25,9.09439468383789
-39.75,31.25,8.79908466339111
-39.25,31.25,8.5511417388916
-38.75,31.25,8.35790634155273
-38.25,31.25,8.22430610656738
-37.75,31.25,8.1539192199707
-37.25,31.25,8.15008354187011
-36.75,31.25,8.21696472167968
-36.25,31.25,8.36036872863769
-35.75,31.25,8.58845138549804
-35.25,31.25,8.91226577758789
-34.75,31.25,9.34616565704345
-34.25,31.25,9.90807151794433
-33.75,31.25,10.6196460723876
-33.25,31.25,11.5062217712402
-32.75,31.25,12.5966815948486
-32.25,31.25,13.9226913452148
-31.75,31.25,15.5176448822021
-31.25,31.25,17.4153270721435
-30.75,31.25,19.6480636596679
-30.25,31.25,22.2443885803222
-29.75,31.25,25.2268753051757
-29.25,31.25,28.6099777221679
-28.75,31.25,32.3981819152832
-28.25,31.25,36.5845794677734
-27.75,31.25,41.1503601074218
-27.25,31.25,46.0657768249511
-26.75,31.25,51.29195022583
-26.25,31.25,56.7840156555175
-25.75,31.25,62.4957313537597
-25.25,31.25,68.3842849731445
-24.75,31.25,74.4155731201171
-24.25,31.25,80.568733215332
-23.75,31.25,86.8391418457031
-23.25,31.25,93.2392654418945
-22.75,31.25,99.7971420288086
-22.25,31.25,106.55216217041
-21.75,31.25,113.548957824707
-21.25,31.25,120.829704284667
-20.75,31.25,128.426376342773
-20.25,31.25,136.353607177734
-19.75,31.25,144.603729248046
-19.25,31.25,153.14451599121
-18.75,31.25,161.920455932617
-18.25,31.25,170.857604980468
-17.75,31.25,179.871139526367
-17.25,31.25,188.875610351562
-16.75,31.25,197.793991088867
-16.25,31.25,206.567001342773
-15.75,31.25,215.157424926757
-15.25,31.25,223.552047729492
-14.75,31.25,231.75877380371
-14.25,31.25,239.800003051757
-13.75,31.25,247.705047607421
-13.25,31.25,255.50096130371
-12.75,31.25,263.204986572265
-12.25,31.25,270.820373535156
-11.75,31.25,278.334045410156
-11.25,31.25,285.718078613281
-10.75,31.25,292.934356689453
-10.25,31.25,299.940307617187
-9.75,31.25,306.696044921875
-9.25,31.25,313.171264648437
-8.75,31.25,319.350463867187
-8.25,31.25,325.237731933593
-7.75,31.25,330.858215332031
-7.25,31.25,336.25845336914
-6.75,31.25,341.504486083984
-6.25,31.25,346.677917480468
-5.75,31.25,351.871337890625
-5.25,31.25,357.182891845703
-4.75,31.25,362.7099609375
-4.25,31.25,368.544769287109
-3.75,31.25,374.767822265625
-3.25,31.25,381.446624755859
-2.75,31.25,388.630798339843
-2.25,31.25,396.354614257812
-1.75,31.25,404.637664794921
-1.25,31.25,413.488525390625
-0.75,31.25,422.910095214843
-0.25,31.25,432.904754638671
0.25,31.25,443.478698730468
0.75,31.25,454.645538330078
1.25,31.25,466.426666259765
1.75,31.25,478.848602294921
2.25,31.25,491.938354492187
2.75,31.25,505.715515136718
3.25,31.25,520.184997558593
3.75,31.25,535.327880859375
4.25,31.25,551.097473144531
4.75,31.25,567.416381835937
5.25,31.25,584.179382324218
5.75,31.25,601.260314941406
6.25,31.25,618.520690917968
6.75,31.25,635.822692871093
7.25,31.25,653.038635253906
7.75,31.25,670.057861328125
8.25,31.25,686.789245605468
8.75,31.25,703.156188964843
9.25,31.25,719.089660644531
9.75,31.25,734.512878417968
10.25,31.25,749.329284667968
10.75,31.25,763.407897949218
11.25,31.25,776.579040527343
11.75,31.25,788.630126953125
12.25,31.25,799.316467285156
12.75,31.25,808.374145507812
13.25,31.25,815.542236328125
13.75,31.25,820.585998535156
14.25,31.25,823.316589355468
14.75,31.25,823.610229492187
15.25,31.25,821.41357421875
15.75,31.25,816.744262695312
16.25,31.25,809.683654785156
16.75,31.25,800.358825683593
17.25,31.25,788.924133300781
17.75,31.25,775.542175292968
18.25,31.25,760.37158203125
18.75,31.25,743.55419921875
19.25,31.25,725.211791992187
19.75,31.25,705.444946289062
20.25,31.25,684.340087890625
20.75,31.25,661.974243164062
21.25,31.25,638.425231933593
21.75,31.25,613.777709960937
22.25,31.25,588.131103515625
22.75,31.25,561.603332519531
23.25,31.25,534.333190917968
23.75,31.25,506.482360839843
24.25,31.25,478.234313964843
24.75,31.25,449.789611816406
25.25,31.25,421.362274169921
25.75,31.25,393.173156738281
26.25,31.25,365.44155883789
26.75,31.25,338.377075195312
27.25,31.25,312.173278808593
27.75,31.25,286.99868774414
28.25,31.25,262.993499755859
28.75,31.25,240.265808105468
29.25,31.25,218.891006469726
29.75,31.25,198.913040161132
30.25,31.25,180.347229003906
30.75,31.25,163.18455505371
31.25,31.25,147.396026611328
31.75,31.25,132.936233520507
32.25,31.25,119.74811553955
32.75,31.25,107.766204833984
33.25,31.25,96.9188156127929
33.75,31.25,87.1303100585937
34.25,31.25,78.3226623535156
34.75,31.25,70.4157943725586
35.25,31.25,63.3297462463378
35.75,31.25,56.9856376647949
36.25,31.25,51.3069610595703
36.75,31.25,46.2207336425781
37.25,31.25,41.659870147705
37.75,31.25,37.5643730163574
38.25,31.25,33.8823509216308
38.75,31.25,30.5699062347412
39.25,31.25,27.5902423858642
39.75,31.25,24.9119529724121
40.25,31.25,22.5064353942871
40.75,31.25,20.3459796905517
41.25,31.25,18.4022235870361
41.75,31.25,16.6455402374267
42.25,31.25,15.0455951690673
42.75,31.25,13.5729188919067
43.25,31.25,12.200623512268
43.75,31.25,10.9065036773681
44.25,31.25,9.67544174194336
44.75,31.25,8.50028228759765
-44.75,31.75,10.2367477416992
-44.25,31.75,10.3985891342163
-43.75,31.75,10.4000244140625
-43.25,31.75,10.2859907150268
-42.75,31.75,10.0912399291992
-42.25,31.75,9.840012550354
-41.75,31.75,9.55413341522216
-41.25,31.75,9.25362491607666
-40.75,31.75,8.95583057403564
-40.25,31.75,8.67487525939941
-39.75,31.75,8.42151165008545
-39.25,31.75,8.20353507995605
-38.75,31.75,8.02634525299072
-38.25,31.75,7.89379024505615
-37.75,31.75,7.80898857116699
-37.25,31.75,7.77518558502197
-36.75,31.75,7.79651594161987
-36.25,31.75,7.87854766845703
-35.75,31.75,8.02869510650634
-35.25,31.75,8.25656509399414
-34.75,31.75,8.57416248321533
-34.25,31.75,8.99604701995849
-33.75,31.75,9.53943920135498
-33.25,31.75,10.2241716384887
-32.75,31.75,11.072582244873
-32.25,31.75,12.1089744567871
-31.75,31.75,13.3588714599609
-31.25,31.75,14.848120689392
-30.75,31.75,16.6016750335693
-30.25,31.75,18.64204788208
-29.75,31.75,20.9879684448242
-29.25,31.75,23.6529159545898
-28.75,31.75,26.6438312530517
-28.25,31.75,29.9599323272705
-27.75,31.75,33.5919456481933
-27.25,31.75,37.5224418640136
-26.75,31.75,41.7266235351562
-26.25,31.75,46.1743659973144
-25.75,31.75,50.8331565856933
-25.25,31.75,55.6720581054687
-24.75,31.75,60.6658210754394
-24.25,31.75,65.7987976074218
-23.75,31.75,71.0678100585937
-23.25,31.75,76.4832916259765
-22.75,31.75,82.0682525634765
-22.25,31.75,87.8551483154296
-21.75,31.75,93.8807754516601
-21.25,31.75,100.179656982421
-20.75,31.75,106.777381896972
-20.25,31.75,113.684135437011
-19.75,31.75,120.890388488769
-19.25,31.75,128.364532470703
-18.75,31.75,136.054214477539
-18.25,31.75,143.890319824218
-17.75,31.75,151.794296264648
-17.25,31.75,159.686737060546
-16.75,31.75,167.497009277343
-16.25,31.75,175.170578002929
-15.75,31.75,182.674255371093
-15.25,31.75,189.997451782226
-14.75,31.75,197.150192260742
-14.25,31.75,204.15672302246
-13.75,31.75,211.048278808593
-13.25,31.75,217.855026245117
-12.75,31.75,224.598648071289
-12.25,31.75,231.287399291992
-11.75,31.75,237.914581298828
-11.25,31.75,244.458358764648
-10.75,31.75,250.886199951171
-10.25,31.75,257.159606933593
-9.75,31.75,263.240325927734
-9.25,31.75,269.097229003906
-8.75,31.75,274.711303710937
-8.25,31.75,280.079956054687
-7.75,31.75,285.219573974609
-7.25,31.75,290.165740966796
-6.75,31.75,294.97119140625
-6.25,31.75,299.703308105468
-5.75,31.75,304.438842773437
-5.25,31.75,309.259765625
-4.75,31.75,314.246917724609
-4.25,31.75,319.475433349609
-3.75,31.75,325.010986328125
-3.25,31.75,330.906280517578
-2.75,31.75,337.19985961914
-2.25,31.75,343.917175292968
-1.75,31.75,351.072692871093
-1.25,31.75,358.673309326171
-0.75,31.75,366.723876953125
-0.25,31.75,375.230651855468
0.25,31.75,384.205688476562
0.75,31.75,393.668548583984
1.25,31.75,403.646423339843
1.75,31.75,414.171173095703
2.25,31.75,425.275115966796
2.75,31.75,436.983215332031
3.25,31.75,449.306823730468
3.75,31.75,462.236541748046
4.25,31.75,475.737884521484
4.75,31.75,489.748901367187
5.25,31.75,504.18325805664
5.75,31.75,518.93505859375
6.25,31.75,533.887634277343
6.75,31.75,548.923400878906
7.25,31.75,563.933776855468
7.75,31.75,578.824096679687
8.25,31.75,593.51611328125
8.75,31.75,607.945129394531
9.25,31.75,622.050598144531
9.75,31.75,635.765747070312
10.25,31.75,649.002380371093
10.75,31.75,661.641662597656
11.25,31.75,673.525085449218
11.75,31.75,684.453430175781
12.25,31.75,694.194519042968
12.75,31.75,702.495178222656
13.25,31.75,709.102966308593
13.75,31.75,713.786560058593
14.25,31.75,716.358093261718
14.75,31.75,716.691040039062
15.25,31.75,714.726745605468
15.75,31.75,710.478088378906
16.25,31.75,704.023315429687
16.75,31.75,695.488708496093
17.25,31.75,685.032592773437
17.75,31.75,672.82666015625
18.25,31.75,659.041320800781
18.75,31.75,643.832946777343
19.25,31.75,627.339233398437
19.75,31.75,609.676025390625
20.25,31.75,590.940795898437
20.75,31.75,571.217590332031
21.25,31.75,550.583740234375
21.75,31.75,529.1162109375
22.25,31.75,506.897094726562
22.75,31.75,484.018402099609
23.25,31.75,460.584197998046
23.75,31.75,436.713928222656
24.25,31.75,412.541717529296
24.75,31.75,388.21630859375
25.25,31.75,363.897583007812
25.75,31.75,339.75454711914
26.25,31.75,315.95947265625
26.75,31.75,292.683135986328
27.25,31.75,270.088592529296
27.75,31.75,248.325851440429
28.25,31.75,227.525924682617
28.75,31.75,207.797714233398
29.25,31.75,189.224426269531
29.75,31.75,171.862884521484
30.25,31.75,155.743515014648
30.75,31.75,140.87205505371
31.25,31.75,127.232841491699
31.75,31.75,114.790672302246
32.25,31.75,103.495506286621
32.75,31.75,93.2857589721679
33.25,31.75,84.0911636352539
33.75,31.75,75.8360137939453
34.25,31.75,68.4411392211914
34.75,31.75,61.8255348205566
35.25,31.75,55.9086837768554
35.75,31.75,50.6122131347656
36.25,31.75,45.8614273071289
36.75,31.75,41.5868988037109
37.25,31.75,37.7269248962402
37.75,31.75,34.228717803955
38.25,31.75,31.0492839813232
38.75,31.75,28.155029296875
39.25,31.75,25.5203399658203
39.75,31.75,23.1252746582031
40.25,31.75,20.9524211883544
40.75,31.75,18.9844608306884
41.25,31.75,17.2023105621337
41.75,31.75,15.5842475891113
42.25,31.75,14.1064739227294
42.75,31.75,12.7446527481079
43.25,31.75,11.4756250381469
43.75,31.75,10.2795219421386
44.25,31.75,9.14230346679687
44.75,31.75,8.05690193176269
-44.75,32.25,9.61347198486328
-44.25,32.25,9.73295783996582
-43.75,32.25,9.71354675292968
-43.25,32.25,9.59972095489502
-42.75,32.25,9.42444992065429
-42.25,32.25,9.20905303955078
-41.75,32.25,8.97108364105224
-41.25,32.25,8.72541999816894
-40.75,32.25,8.48393440246582
-40.25,32.25,8.25554084777832
-39.75,32.25,8.04647541046142
-39.25,32.25,7.86099767684936
-38.75,32.25,7.70208311080932
-38.25,32.25,7.57222127914428
-37.75,32.25,7.47409868240356
-37.25,32.25,7.41118240356445
-36.75,32.25,7.38814353942871
-36.25,32.25,7.41105794906616
-35.75,32.25,7.48747587203979
-35.25,32.25,7.62644624710083
-34.75,32.25,7.83854675292968
-34.25,32.25,8.13591480255127
-33.75,32.25,8.53233814239502
-33.25,32.25,9.04328155517578
-32.75,32.25,9.68589878082275
-32.25,32.25,10.4787120819091
-31.75,32.25,11.4411268234252
-31.25,32.25,12.5928955078125
-30.75,32.25,13.9532756805419
-30.25,32.25,15.5400857925415
-29.75,32.25,17.3688373565673
-29.25,32.25,19.4517726898193
-28.75,32.25,21.7969703674316
-28.25,32.25,24.4073257446289
-27.75,32.25,27.2797927856445
-27.25,32.25,30.405252456665
-26.75,32.25,33.7687797546386
-26.25,32.25,37.3507232666015
-25.75,32.25,41.1289482116699
-25.25,32.25,45.0816497802734
-24.75,32.25,49.1907272338867
-24.25,32.25,53.4451904296875
-23.75,32.25,57.8435668945312
-23.25,32.25,62.3952751159668
-22.75,32.25,67.1197967529296
-22.25,32.25,72.0442886352539
-21.75,32.25,77.199234008789
-21.25,32.25,82.6129302978515
-20.75,32.25,88.3054504394531
-20.25,32.25,94.2831497192382
-19.75,32.25,100.534759521484
-19.25,32.25,107.029228210449
-18.75,32.25,113.716819763183
-18.25,32.25,120.533073425292
-17.75,32.25,127.405097961425
-17.25,32.25,134.259963989257
-16.75,32.25,141.03303527832
-16.25,32.25,147.675460815429
-15.75,32.25,154.158447265625
-15.25,32.25,160.475021362304
-14.75,32.25,166.6376953125
-14.25,32.25,172.673156738281
-13.75,32.25,178.615005493164
-13.25,32.25,184.496353149414
-12.75,32.25,190.342819213867
-12.25,32.25,196.167694091796
-11.75,32.25,201.969284057617
-11.25,32.25,207.731811523437
-10.75,32.25,213.427551269531
-10.25,32.25,219.021896362304
-9.75,32.25,224.478515625
-9.25,32.25,229.765808105468
-8.75,32.25,234.861587524414
-8.25,32.25,239.757751464843
-7.75,32.25,244.462509155273
-7.25,32.25,249.000885009765
-6.75,32.25,253.413772583007
-6.25,32.25,257.754791259765
-5.75,32.25,262.086303710937
-5.25,32.25,266.474670410156
-4.75,32.25,270.985778808593
-4.25,32.25,275.67984008789
-3.75,32.25,280.608642578125
-3.25,32.25,285.8125
-2.75,32.25,291.320434570312
-2.25,32.25,297.149932861328
-1.75,32.25,303.311096191406
-1.25,32.25,309.809692382812
-0.75,32.25,316.651153564453
-0.25,32.25,323.844299316406
0.25,32.25,331.404815673828
0.75,32.25,339.356018066406
1.25,32.25,347.728515625
1.75,32.25,356.557006835937
2.25,32.25,365.876434326171
2.75,32.25,375.715911865234
3.25,32.25,386.091827392578
3.75,32.25,397.003753662109
4.25,32.25,408.429046630859
4.75,32.25,420.321685791015
5.25,32.25,432.614135742187
5.75,32.25,445.221435546875
6.25,32.25,458.048431396484
6.75,32.25,470.998352050781
7.25,32.25,483.980651855468
7.75,32.25,496.915893554687
8.25,32.25,509.737640380859
8.75,32.25,522.390563964843
9.25,32.25,534.821655273437
9.75,32.25,546.970947265625
10.25,32.25,558.759765625
10.75,32.25,570.078247070312
11.25,32.25,580.781188964843
11.75,32.25,590.683959960937
12.25,32.25,599.56884765625
12.75,32.25,607.197875976562
13.25,32.25,613.329895019531
13.75,32.25,617.741821289062
14.25,32.25,620.248657226562
14.75,32.25,620.720458984375
15.25,32.25,619.092712402343
15.75,32.25,615.369567871093
16.25,32.25,609.618286132812
16.75,32.25,601.957763671875
17.25,32.25,592.540893554687
17.75,32.25,581.538452148437
18.25,32.25,569.125061035156
18.75,32.25,555.465087890625
19.25,32.25,540.706115722656
19.75,32.25,524.976013183593
20.25,32.25,508.382690429687
20.75,32.25,491.018035888671
21.25,32.25,472.962280273437
21.75,32.25,454.289093017578
22.25,32.25,435.070251464843
22.75,32.25,415.379333496093
23.25,32.25,395.294921875
23.75,32.25,374.903228759765
24.25,32.25,354.299682617187
24.75,32.25,333.589630126953
25.25,32.25,312.888610839843
25.75,32.25,292.320922851562
26.25,32.25,272.017608642578
26.75,32.25,252.113952636718
27.25,32.25,232.744796752929
27.75,32.25,214.040130615234
28.25,32.25,196.120529174804
28.75,32.25,179.091583251953
29.25,32.25,163.040283203125
29.75,32.25,148.031936645507
30.25,32.25,134.10789489746
30.75,32.25,121.285621643066
31.25,32.25,109.560287475585
31.75,32.25,98.9058685302734
32.25,32.25,89.2791442871093
32.75,32.25,80.6235198974609
33.25,32.25,72.8717041015625
33.75,32.25,65.9497604370117
34.25,32.25,59.7795753479003
34.75,32.25,54.2809448242187
35.25,32.25,49.3743591308593
35.75,32.25,44.9828872680664
36.25,32.25,41.034309387207
36.75,32.25,37.4628944396972
37.25,32.25,34.2120399475097
37.75,32.25,31.2356357574462
38.25,32.25,28.4986724853515
38.75,32.25,25.9766693115234
39.25,32.25,23.6536788940429
39.75,32.25,21.5194511413574
40.25,32.25,19.5658588409423
40.75,32.25,17.7840328216552
41.25,32.25,16.1622333526611
41.75,32.25,14.6849975585937
42.25,32.25,13.3336067199707
42.75,32.25,12.0876379013061
43.25,32.25,10.9266662597656
43.75,32.25,9.83234024047851
44.25,32.25,8.79103374481201
44.75,32.25,7.79523515701293
-44.75,32.75,9.06723022460937
-44.25,32.75,9.14430236816406
-43.75,32.75,9.1022253036499
-43.25,32.75,8.98539733886718
-42.75,32.75,8.82544326782226
-42.25,32.75,8.64123058319091
-41.75,32.75,8.44655418395996
-41.25,32.75,8.25153923034668
-40.75,32.75,8.06282901763916
-40.25,32.75,7.88410758972168
-39.75,32.75,7.7168698310852
-39.25,32.75,7.56149101257324
-38.75,32.75,7.41816186904907
-38.25,32.75,7.2878074645996
-37.75,32.75,7.17271757125854
-37.25,32.75,7.07690668106079
-36.75,32.75,7.00620508193969
-36.25,32.75,6.96800947189331
-35.75,32.75,6.97094869613647
-35.25,32.75,7.0244755744934
-34.75,32.75,7.13863706588745
-34.25,32.75,7.32399415969848
-33.75,32.75,7.59172630310058
-33.25,32.75,7.95380544662475
-32.75,32.75,8.42321395874023
-32.25,32.75,9.01386737823486
-31.75,32.75,9.74042606353759
-31.25,32.75,10.617971420288
-30.75,32.75,11.6614713668823
-30.25,32.75,12.8851261138916
-29.75,32.75,14.3017768859863
-29.25,32.75,15.9222469329833
-28.75,32.75,17.7546710968017
-28.25,32.75,19.8036727905273
-27.75,32.75,22.0696334838867
-27.25,32.75,24.5484256744384
-26.75,32.75,27.2313899993896
-26.25,32.75,30.1059761047363
-25.75,32.75,33.1573524475097
-25.25,32.75,36.3706016540527
-24.75,32.75,39.7333297729492
-24.25,32.75,43.238670349121
-23.75,32.75,46.8871688842773
-23.25,32.75,50.6880416870117
-22.75,32.75,54.658592224121
-22.25,32.75,58.822166442871
-21.75,32.75,63.204490661621
-21.25,32.75,67.8288345336914
-20.75,32.75,72.7108688354492
-20.25,32.75,77.8538208007812
-19.75,32.75,83.2448959350586
-19.25,32.75,88.8535919189453
-18.75,32.75,94.6327362060546
-18.25,32.75,100.522079467773
-17.75,32.75,106.454216003417
-17.25,32.75,112.362258911132
-16.75,32.75,118.187683105468
-16.25,32.75,123.887107849121
-15.75,32.75,129.43635559082
-15.25,32.75,134.83201599121
-14.75,32.75,140.089202880859
-14.25,32.75,145.236450195312
-13.75,32.75,150.309387207031
-13.25,32.75,155.343200683593
-12.75,32.75,160.366302490234
-12.25,32.75,165.395553588867
-11.75,32.75,170.43391418457
-11.25,32.75,175.470077514648
-10.75,32.75,180.481094360351
-10.25,32.75,185.435775756835
-9.75,32.75,190.300506591796
-9.25,32.75,195.04393005371
-8.75,32.75,199.642211914062
-8.25,32.75,204.083175659179
-7.75,32.75,208.368453979492
-7.25,32.75,212.514617919921
-6.75,32.75,216.55174255371
-6.25,32.75,220.521514892578
-5.75,32.75,224.473266601562
-5.25,32.75,228.459609985351
-4.75,32.75,232.532577514648
-4.25,32.75,236.739471435546
-3.75,32.75,241.11962890625
-3.25,32.75,245.702926635742
-2.75,32.75,250.509475708007
-2.25,32.75,255.550994873046
-1.75,32.75,260.833618164062
-1.25,32.75,266.361572265625
-0.75,32.75,272.140686035156
-0.25,32.75,278.181427001953
0.25,32.75,284.501312255859
0.75,32.75,291.125579833984
1.25,32.75,298.086242675781
1.75,32.75,305.419250488281
2.25,32.75,313.160491943359
2.75,32.75,321.341369628906
3.25,32.75,329.983276367187
3.75,32.75,339.092742919921
4.25,32.75,348.658386230468
4.75,32.75,358.648986816406
5.25,32.75,369.014678955078
5.75,32.75,379.690399169921
6.25,32.75,390.601287841796
6.75,32.75,401.669921875
7.25,32.75,412.82241821289
7.75,32.75,423.993408203125
8.25,32.75,435.127349853515
8.75,32.75,446.17593383789
9.25,32.75,457.093139648437
9.75,32.75,467.824798583984
10.25,32.75,478.299407958984
10.75,32.75,488.417572021484
11.25,32.75,498.046081542968
11.75,32.75,507.016204833984
12.25,32.75,515.127868652343
12.75,32.75,522.158996582031
13.25,32.75,527.884094238281
13.75,32.75,532.089965820312
14.25,32.75,534.595947265625
14.75,32.75,535.271362304687
15.25,32.75,534.044006347656
15.75,32.75,530.90576171875
16.25,32.75,525.909790039062
16.75,32.75,519.160766601562
17.25,32.75,510.800018310546
17.75,32.75,500.990295410156
18.25,32.75,489.90298461914
18.75,32.75,477.704681396484
19.25,32.75,464.549072265625
19.75,32.75,450.572143554687
20.25,32.75,435.8916015625
20.75,32.75,420.607177734375
21.25,32.75,404.804656982421
21.75,32.75,388.558044433593
22.25,32.75,371.934051513671
22.75,32.75,354.99462890625
23.25,32.75,337.800506591796
23.75,32.75,320.413299560546
24.25,32.75,302.898864746093
24.75,32.75,285.328857421875
25.25,32.75,267.782287597656
25.75,32.75,250.346694946289
26.25,32.75,233.118057250976
26.75,32.75,216.199783325195
27.25,32.75,199.700454711914
27.75,32.75,183.730087280273
28.25,32.75,168.395721435546
28.75,32.75,153.796585083007
29.25,32.75,140.018615722656
29.75,32.75,127.130538940429
30.25,32.75,115.180076599121
30.75,32.75,104.19253540039
31.25,32.75,94.1711349487304
31.75,32.75,85.0974731445312
32.25,32.75,76.9350051879882
32.75,32.75,69.6326446533203
33.25,32.75,63.1277999877929
33.75,32.75,57.3502120971679
34.25,32.75,52.2248840332031
34.75,32.75,47.6744880676269
35.25,32.75,43.6222686767578
35.75,32.75,39.9943351745605
36.25,32.75,36.7220573425293
36.75,32.75,33.7442893981933
37.25,32.75,31.0100631713867
37.75,32.75,28.4799671173095
38.25,32.75,26.1266059875488
38.75,32.75,23.9336051940917
39.25,32.75,21.8931980133056
39.75,32.75,20.0029144287109
40.25,32.75,18.2616653442382
40.75,32.75,16.6667041778564
41.25,32.75,15.2114114761352
41.75,32.75,13.8845596313476
42.25,32.75,12.6707944869995
42.75,32.75,11.5522747039794
43.25,32.75,10.5102605819702
43.75,32.75,9.52708721160888
44.25,32.75,8.58890438079834
44.75,32.75,7.68731069564819
-44.75,33.25,8.59932041168212
-44.25,33.25,8.64444541931152
-43.75,33.25,8.58740139007568
-43.25,33.25,8.47231292724609
-42.75,33.25,8.32958316802978
-42.25,33.25,8.1759967803955
-41.75,33.25,8.02216339111328
-41.25,33.25,7.87409400939941
-40.75,33.25,7.73372888565063
-40.25,33.25,7.59985637664794
-39.75,33.25,7.46934032440185
-39.25,33.25,7.33858823776245
-38.75,33.25,7.20488023757934
-38.25,33.25,7.06752872467041
-37.75,33.25,6.92856884002685
-37.25,33.25,6.79299402236938
-36.75,33.25,6.66846799850463
-36.25,33.25,6.56462335586547
-35.75,33.25,6.4921236038208
-35.25,33.25,6.46180248260498
-34.75,33.25,6.48404359817504
-34.25,33.25,6.56857061386108
-33.75,33.25,6.72457551956176
-33.25,33.25,6.96112155914306
-32.75,33.25,7.28762912750244
-32.25,33.25,7.7141466140747
-31.75,33.25,8.25144004821777
-31.25,33.25,8.91089439392089
-30.75,33.25,9.7041482925415
-30.25,33.25,10.6425600051879
-29.75,33.25,11.7367334365844
-29.25,33.25,12.9959907531738
-28.75,33.25,14.427785873413
-28.25,33.25,16.0370426177978
-27.75,33.25,17.8255519866943
-27.25,33.25,19.7916870117187
-26.75,33.25,21.930341720581
-26.25,33.25,24.2333831787109
-25.75,33.25,26.6909236907959
-25.25,33.25,29.2930259704589
-24.75,33.25,32.0318908691406
-24.25,33.25,34.904125213623
-23.75,33.25,37.9124526977539
-23.25,33.25,41.0665664672851
-22.75,33.25,44.382568359375
-22.25,33.25,47.881290435791
-21.75,33.25,51.5849151611328
-21.25,33.25,55.5129699707031
-20.75,33.25,59.677635192871
-20.25,33.25,64.0797576904296
-19.75,33.25,68.7054748535156
-19.25,33.25,73.5250854492187
-18.75,33.25,78.493911743164
-18.25,33.25,83.5557098388671
-17.75,33.25,88.6482925415039
-17.25,33.25,93.7105941772461
-16.75,33.25,98.6898422241211
-16.25,33.25,103.547798156738
-15.75,33.25,108.264549255371
-15.25,33.25,112.839729309082
-14.75,33.25,117.290199279785
-14.25,33.25,121.645767211914
-13.75,33.25,125.942642211914
-13.25,33.25,130.216857910156
-12.75,33.25,134.498168945312
-12.25,33.25,138.805618286132
-11.75,33.25,143.145187377929
-11.25,33.25,147.509246826171
-10.75,33.25,151.878753662109
-10.25,33.25,156.226425170898
-9.75,33.25,160.521438598632
-9.25,33.25,164.733993530273
-8.75,33.25,168.840270996093
-8.25,33.25,172.825714111328
-7.75,33.25,176.687637329101
-7.25,33.25,180.43603515625
-6.75,33.25,184.092636108398
-6.25,33.25,187.688980102539
-5.75,33.25,191.263107299804
-5.25,33.25,194.855972290039
-4.75,33.25,198.507598876953
-4.25,33.25,202.253860473632
-3.75,33.25,206.12368774414
-3.25,33.25,210.13801574707
-2.75,33.25,214.310028076171
-2.25,33.25,218.646362304687
-1.75,33.25,223.150177001953
-1.25,33.25,227.824340820312
-0.75,33.25,232.674591064453
-0.25,33.25,237.711853027343
0.25,33.25,242.954650878906
0.75,33.25,248.428573608398
1.25,33.25,254.165328979492
1.75,33.25,260.200592041015
2.25,33.25,266.570404052734
2.75,33.25,273.30728149414
3.25,33.25,280.435729980468
3.75,33.25,287.968780517578
4.25,33.25,295.904357910156
4.75,33.25,304.224212646484
5.25,33.25,312.894104003906
5.75,33.25,321.866729736328
6.25,33.25,331.085235595703
6.75,33.25,340.489349365234
7.25,33.25,350.020599365234
7.75,33.25,359.625823974609
8.25,33.25,369.258911132812
8.75,33.25,378.878540039062
9.25,33.25,388.443664550781
9.75,33.25,397.905822753906
10.25,33.25,407.199645996093
10.75,33.25,416.235809326171
11.25,33.25,424.893402099609
11.75,33.25,433.019622802734
12.25,33.25,440.431976318359
12.75,33.25,446.92739868164
13.25,33.25,452.296447753906
13.75,33.25,456.338287353515
14.25,33.25,458.879119873046
14.75,33.25,459.787506103515
15.25,33.25,458.983764648437
15.75,33.25,456.446716308593
16.25,33.25,452.212921142578
16.75,33.25,446.369079589843
17.25,33.25,439.040161132812
17.75,33.25,430.376312255859
18.25,33.25,420.541229248046
18.75,33.25,409.698669433593
19.25,33.25,398.004638671875
19.75,33.25,385.601165771484
20.25,33.25,372.613464355468
20.75,33.25,359.149505615234
21.25,33.25,345.301025390625
21.75,33.25,331.145355224609
22.25,33.25,316.747833251953
22.75,33.25,302.163696289062
23.25,33.25,287.441802978515
23.75,33.25,272.626922607421
24.25,33.25,257.7626953125
24.75,33.25,242.895294189453
25.25,33.25,228.075286865234
25.75,33.25,213.360794067382
26.25,33.25,198.818572998046
26.75,33.25,184.524719238281
27.25,33.25,170.563827514648
27.75,33.25,157.026123046875
28.25,33.25,144.00373840332
28.75,33.25,131.585968017578
29.25,33.25,119.853675842285
29.75,33.25,108.874137878417
30.25,33.25,98.6968536376953
30.75,33.25,89.3510131835937
31.25,33.25,80.844985961914
31.75,33.25,73.166145324707
32.25,33.25,66.284065246582
32.75,33.25,60.1534729003906
33.25,33.25,54.7173881530761
33.75,33.25,49.9107971191406
34.25,33.25,45.663589477539
34.75,33.25,41.9030723571777
35.25,33.25,38.55708694458
35.75,33.25,35.5564727783203
36.25,33.25,32.8378562927246
36.75,33.25,30.3461074829101
37.25,33.25,28.036958694458
37.75,33.25,25.8783283233642
38.25,33.25,23.8504486083984
38.75,33.25,21.9443359375
39.25,33.25,20.1590309143066
39.75,33.25,18.497875213623
40.25,33.25,16.9645328521728
40.75,33.25,15.5599184036254
41.25,33.25,14.2802200317382
41.75,33.25,13.1163501739501
42.25,33.25,12.0546112060546
42.75,33.25,11.0783920288085
43.25,33.25,10.1696100234985
43.75,33.25,9.3105182647705
44.25,33.25,8.48648643493652
44.75,33.25,7.6877384185791
-44.75,33.75,8.20119857788086
-44.25,33.75,8.23184204101562
-43.75,33.75,8.17410564422607
-43.25,33.75,8.0712308883667
-42.75,33.75,7.95223331451416
-42.25,33.75,7.83203315734863
-41.75,33.75,7.71857643127441
-41.25,33.75,7.61445999145507
-40.75,33.75,7.51760530471801
-40.25,33.75,7.42248821258544
-39.75,33.75,7.32174491882324
-39.25,33.75,7.20808219909668
-38.75,33.75,7.0760498046875
-38.25,33.75,6.92355012893676
-37.75,33.75,6.75269746780395
-37.25,33.75,6.5699439048767
-36.75,33.75,6.38545560836792
-36.25,33.75,6.21187448501586
-35.75,33.75,6.06275272369384
-35.25,33.75,5.95108938217163
-34.75,33.75,5.88830137252807
-34.25,33.75,5.88380479812622
-33.75,33.75,5.94523239135742
-33.25,33.75,6.07904720306396
-32.75,33.75,6.29142713546752
-32.25,33.75,6.58889293670654
-31.75,33.75,6.97876358032226
-31.25,33.75,7.46924257278442
-30.75,33.75,8.06920528411865
-30.25,33.75,8.78768062591552
-29.75,33.75,9.63338088989257
-29.25,33.75,10.6141481399536
-28.75,33.75,11.7363882064819
-28.25,33.75,13.0045185089111
-27.75,33.75,14.4204607009887
-27.25,33.75,15.9834766387939
-26.75,33.75,17.6901721954345
-26.25,33.75,19.5349426269531
-25.75,33.75,21.5110778808593
-25.25,33.75,23.6121597290039
-24.75,33.75,25.8338451385498
-24.25,33.75,28.1757068634033
-23.75,33.75,30.6424827575683
-23.25,33.75,33.2446365356445
-22.75,33.75,35.9978218078613
-22.25,33.75,38.9211730957031
-21.75,33.75,42.0344276428222
-21.25,33.75,45.3542976379394
-20.75,33.75,48.8904838562011
-20.25,33.75,52.6421318054199
-19.75,33.75,56.594970703125
-19.25,33.75,60.7203369140625
-18.75,33.75,64.976318359375
-18.25,33.75,69.310676574707
-17.75,33.75,73.6663131713867
-17.25,33.75,77.9876403808593
-16.75,33.75,82.2272796630859
-16.25,33.75,86.3516235351562
-15.75,33.75,90.3442230224609
-15.25,33.75,94.2067947387695
-14.75,33.75,97.9571228027343
-14.25,33.75,101.624725341796
-13.75,33.75,105.245048522949
-13.25,33.75,108.853294372558
-12.75,33.75,112.4790725708
-12.25,33.75,116.141899108886
-11.75,33.75,119.849449157714
-11.25,33.75,123.596763610839
-10.75,33.75,127.368041992187
-10.25,33.75,131.139816284179
-9.75,33.75,134.88459777832
-9.25,33.75,138.575271606445
-8.75,33.75,142.189300537109
-8.25,33.75,145.711959838867
-7.75,33.75,149.138137817382
-7.25,33.75,152.473541259765
-6.75,33.75,155.733764648437
-6.25,33.75,158.9423828125
-5.75,33.75,162.12840270996
-5.25,33.75,165.323135375976
-4.75,33.75,168.55662536621
-4.25,33.75,171.85545349121
-3.75,33.75,175.240127563476
-3.25,33.75,178.724655151367
-2.75,33.75,182.316619873046
-2.25,33.75,186.018997192382
-1.75,33.75,189.832489013671
-1.25,33.75,193.758956909179
-0.75,33.75,197.803466796875
-0.25,33.75,201.976943969726
0.25,33.75,206.297302246093
0.75,33.75,210.788970947265
1.25,33.75,215.482360839843
1.75,33.75,220.411682128906
2.25,33.75,225.61181640625
2.75,33.75,231.115524291992
3.25,33.75,236.949234008789
3.75,33.75,243.13052368164
4.25,33.75,249.665206909179
4.75,33.75,256.545532226562
5.25,33.75,263.750701904296
5.75,33.75,271.248260498046
6.25,33.75,278.996978759765
6.75,33.75,286.951934814453
7.25,33.75,295.067749023437
7.75,33.75,303.302368164062
8.25,33.75,311.617919921875
8.75,33.75,319.979125976562
9.25,33.75,328.349670410156
9.75,33.75,336.68569946289
10.25,33.75,344.928100585937
10.75,33.75,352.995971679687
11.25,33.75,360.78076171875
11.75,33.75,368.144775390625
12.25,33.75,374.923889160156
12.75,33.75,380.93359375
13.25,33.75,385.981750488281
13.75,33.75,389.881164550781
14.25,33.75,392.466094970703
14.75,33.75,393.605285644531
15.25,33.75,393.213195800781
15.75,33.75,391.25552368164
16.25,33.75,387.751708984375
16.75,33.75,382.769012451171
17.25,33.75,376.414184570312
17.75,33.75,368.821899414062
18.25,33.75,360.144500732421
18.75,33.75,350.540496826171
19.25,33.75,340.164855957031
19.75,33.75,329.163177490234
20.25,33.75,317.666595458984
20.75,33.75,305.79019165039
21.25,33.75,293.631866455078
21.75,33.75,281.272857666015
22.25,33.75,268.778991699218
22.75,33.75,256.202819824218
23.25,33.75,243.585403442382
23.75,33.75,230.959838867187
24.25,33.75,218.354263305664
24.75,33.75,205.795959472656
25.25,33.75,193.314331054687
25.75,33.75,180.944564819335
26.25,33.75,168.730239868164
26.75,33.75,156.724716186523
27.25,33.75,144.991424560546
27.75,33.75,133.601959228515
28.25,33.75,122.633018493652
28.75,33.75,112.161720275878
29.25,33.75,102.260307312011
29.75,33.75,92.9909210205078
30.25,33.75,84.4007186889648
30.75,33.75,76.5192565917968
31.25,33.75,69.3570861816406
31.75,33.75,62.9055938720703
32.25,33.75,57.1392784118652
32.75,33.75,52.0185012817382
33.25,33.75,47.4922866821289
33.75,33.75,43.5017280578613
34.25,33.75,39.9827041625976
34.75,33.75,36.8685760498046
35.25,33.75,34.0933265686035
35.75,33.75,31.5942726135253
36.25,33.75,29.3150730133056
36.75,33.75,27.2082118988037
37.25,33.75,25.2374839782714
37.75,33.75,23.3790054321289
38.25,33.75,21.6207237243652
38.75,33.75,19.9605503082275
39.25,33.75,18.4030265808105
39.75,33.75,16.9555015563964
40.25,33.75,15.6242494583129
40.75,33.75,14.4116439819335
41.25,33.75,13.3145866394042
41.75,33.75,12.3243150711059
42.25,33.75,11.4273328781127
42.75,33.75,10.6070928573608
43.25,33.75,9.84533214569091
43.75,33.75,9.12360763549804
44.25,33.75,8.42599010467529
44.75,33.75,7.74089288711547
-44.75,34.25,7.86466932296752
-44.25,34.25,7.90106010437011
-43.75,34.25,7.85943841934204
-43.25,34.25,7.78131484985351
-42.75,34.25,7.69394826889038
-42.25,34.25,7.61047267913818
-41.75,34.25,7.53661298751831
-41.25,34.25,7.47224855422973
-40.75,34.25,7.41212701797485
-40.25,34.25,7.3472671508789
-39.75,34.25,7.26687335968017
-39.25,34.25,7.16065835952758
-38.75,34.25,7.02105569839477
-38.25,34.25,6.84509372711181
-37.75,34.25,6.63542509078979
-37.25,34.25,6.40040397644043
-36.75,34.25,6.15311908721923
-36.25,34.25,5.9096245765686
-35.75,34.25,5.6867446899414
-35.25,34.25,5.50000810623168
-34.75,34.25,5.36218309402465
-34.25,34.25,5.28266143798828
-33.75,34.25,5.2677297592163
-33.25,34.25,5.32144403457641
-32.75,34.25,5.44689416885376
-32.25,34.25,5.6472520828247
-31.75,34.25,5.92657423019409
-31.25,34.25,6.29015111923217
-30.75,34.25,6.74437618255615
-30.25,34.25,7.2962589263916
-29.75,34.25,7.95287275314331
-29.25,34.25,8.72071361541748
-28.75,34.25,9.60509490966796
-28.25,34.25,10.6096048355102
-27.75,34.25,11.7357110977172
-27.25,34.25,12.9827117919921
-26.75,34.25,14.3478384017944
-26.25,34.25,15.8268117904663
-25.75,34.25,17.4148559570312
-25.25,34.25,19.1079273223876
-24.75,34.25,20.9042148590087
-24.25,34.25,22.8055477142334
-23.75,34.25,24.8183574676513
-23.25,34.25,26.9538974761962
-22.75,34.25,29.2276134490966
-22.25,34.25,31.657506942749
-21.75,34.25,34.2616004943847
-21.25,34.25,37.0545997619628
-20.75,34.25,40.0445442199707
-20.25,34.25,43.2296104431152
-19.75,34.25,46.5958137512207
-19.25,34.25,50.1161231994628
-18.75,34.25,53.7515830993652
-18.25,34.25,57.4543113708496
-17.75,34.25,61.1722106933593
-17.25,34.25,64.8550262451171
-16.75,34.25,68.4603271484375
-16.25,34.25,71.9583892822265
-15.75,34.25,75.3354415893554
-15.25,34.25,78.5941543579101
-14.75,34.25,81.751838684082
-14.25,34.25,84.8362197875976
-13.75,34.25,87.8805236816406
-13.25,34.25,90.9174575805664
-12.75,34.25,93.9747161865234
-12.25,34.25,97.0710830688476
-11.75,34.25,100.214454650878
-11.25,34.25,103.401733398437
-10.75,34.25,106.619834899902
-10.25,34.25,109.848854064941
-9.75,34.25,113.065147399902
-9.25,34.25,116.245193481445
-8.75,34.25,119.369010925292
-8.25,34.25,122.423080444335
-7.75,34.25,125.402076721191
-7.25,34.25,128.309371948242
-6.75,34.25,131.156372070312
-6.25,34.25,133.961227416992
-5.75,34.25,136.746002197265
-5.25,34.25,139.534530639648
-4.75,34.25,142.349319458007
-4.25,34.25,145.209609985351
-3.75,34.25,148.129638671875
-3.25,34.25,151.118347167968
-2.75,34.25,154.179412841796
-2.25,34.25,157.313232421875
-1.75,34.25,160.518981933593
-1.25,34.25,163.79719543457
-0.75,34.25,167.152282714843
-0.25,34.25,170.593673706054
0.25,34.25,174.137435913085
0.75,34.25,177.805969238281
1.25,34.25,181.626800537109
1.75,34.25,185.63133239746
2.25,34.25,189.852401733398
2.75,34.25,194.321640014648
3.25,34.25,199.066467285156
3.75,34.25,204.107620239257
4.25,34.25,209.456832885742
4.75,34.25,215.114715576171
5.25,34.25,221.071334838867
5.75,34.25,227.307022094726
6.25,34.25,233.793991088867
6.75,34.25,240.500228881835
7.25,34.25,247.392318725585
7.75,34.25,254.437835693359
8.25,34.25,261.606567382812
8.75,34.25,268.868530273437
9.25,34.25,276.191680908203
9.75,34.25,283.535766601562
10.25,34.25,290.847290039062
10.75,34.25,298.052917480468
11.25,34.25,305.055297851562
11.75,34.25,311.731170654296
12.25,34.25,317.933532714843
12.75,34.25,323.496276855468
13.25,34.25,328.244598388671
13.75,34.25,332.005462646484
14.25,34.25,334.622192382812
14.75,34.25,335.965850830078
15.25,34.25,335.945678710937
15.75,34.25,334.516571044921
16.25,34.25,331.681335449218
16.75,34.25,327.488708496093
17.25,34.25,322.026489257812
17.75,34.25,315.4130859375
18.25,34.25,307.788452148437
18.75,34.25,299.303100585937
19.25,34.25,290.109222412109
19.75,34.25,280.353332519531
20.25,34.25,270.170654296875
20.75,34.25,259.681427001953
21.25,34.25,248.988464355468
21.75,34.25,238.176895141601
22.25,34.25,227.313934326171
22.75,34.25,216.450271606445
23.25,34.25,205.62239074707
23.75,34.25,194.855514526367
24.25,34.25,184.167175292968
24.75,34.25,173.571151733398
25.25,34.25,163.081588745117
25.75,34.25,152.716888427734
26.25,34.25,142.502655029296
26.75,34.25,132.474304199218
27.25,34.25,122.67739868164
27.75,34.25,113.166931152343
28.25,34.25,104.004425048828
28.75,34.25,95.2539443969726
29.25,34.25,86.9769973754882
29.75,34.25,79.2276611328125
30.25,34.25,72.0478744506836
30.75,34.25,65.4644927978515
31.25,34.25,59.4879150390625
31.75,34.25,54.1114768981933
32.25,34.25,49.3134040832519
32.75,34.25,45.0590095520019
33.25,34.25,41.303108215332
33.75,34.25,37.9930343627929
34.25,34.25,35.0713272094726
34.75,34.25,32.4783020019531
35.25,34.25,30.1553325653076
35.75,34.25,28.0476531982421
36.25,34.25,26.1074771881103
36.75,34.25,24.2963352203369
37.25,34.25,22.5872344970703
37.75,34.25,20.9650478363037
38.25,34.25,19.4254703521728
38.75,34.25,17.9726085662841
39.25,34.25,16.6153373718261
39.75,34.25,15.3634634017944
40.25,34.25,14.2241554260253
40.75,34.25,13.1995477676391
41.25,34.25,12.2857818603515
41.75,34.25,11.4731874465942
42.25,34.25,10.7474813461303
42.75,34.25,10.091456413269
43.25,34.25,9.48612785339355
43.75,34.25,8.91193580627441
44.25,34.25,8.35130310058593
44.75,34.25,7.79041576385498
-44.75,34.75,7.58492755889892
-44.25,34.75,7.64616584777832
-43.75,34.75,7.63630485534668
-43.25,34.75,7.59410619735717
-42.75,34.75,7.54455518722534
-42.25,34.75,7.49889802932739
-41.75,34.75,7.46099472045898
-41.25,34.75,7.4287405014038
-40.75,34.75,7.39473009109497
-40.25,34.75,7.34774684906005
-39.75,34.75,7.27486753463745
-39.25,34.75,7.16407060623168
-38.75,34.75,7.00677776336669
-38.25,34.75,6.79999303817749
-37.75,34.75,6.54745483398437
-37.25,34.75,6.2596378326416
-36.75,34.75,5.95249557495117
-36.25,34.75,5.64525461196899
-35.75,34.75,5.35770320892334
-35.25,34.75,5.10761642456054
-34.75,34.75,4.90895557403564
-34.25,34.75,4.77107143402099
-33.75,34.75,4.69901418685913
-33.25,34.75,4.69463872909545
-32.75,34.75,4.7581763267517
-32.25,34.75,4.8896689414978
-31.75,34.75,5.09010982513427
-31.25,34.75,5.36203908920288
-30.75,34.75,5.70953178405761
-30.25,34.75,6.13774251937866
-29.75,34.75,6.6522741317749
-29.25,34.75,7.25843667984008
-28.75,34.75,7.96056365966796
-28.25,34.75,8.76143455505371
-27.75,34.75,9.66194248199462
-27.25,34.75,10.6610879898071
-26.75,34.75,11.7562599182128
-26.25,34.75,12.9438228607177
-25.75,34.75,14.2201499938964
-25.25,34.75,15.5827388763427
-24.75,34.75,17.0314769744873
-24.25,34.75,18.5698013305664
-23.75,34.75,20.2052955627441
-23.25,34.75,21.9497470855712
-22.75,34.75,23.8183994293212
-22.25,34.75,25.8283672332763
-21.75,34.75,27.9963455200195
-21.25,34.75,30.335693359375
-20.75,34.75,32.8534431457519
-20.25,34.75,35.5475807189941
-19.75,34.75,38.405029296875
-19.25,34.75,41.4010505676269
-18.75,34.75,44.5002632141113
-18.25,34.75,47.6593170166015
-17.75,34.75,50.8313522338867
-17.25,34.75,53.9713058471679
-16.75,34.75,57.0411911010742
-16.25,34.75,60.0146102905273
-15.75,34.75,62.8793869018554
-15.25,34.75,65.6380004882812
-14.75,34.75,68.3057632446289
-14.25,34.75,70.9073638916015
-13.75,34.75,73.4719696044921
-13.25,34.75,76.0285491943359
-12.75,34.75,78.6014251708984
-12.25,34.75,81.2072677612304
-11.75,34.75,83.853401184082
-11.25,34.75,86.5376205444336
-10.75,34.75,89.2493896484375
-10.25,34.75,91.9721755981445
-9.75,34.75,94.6865768432617
-9.25,34.75,97.3731613159179
-8.75,34.75,100.015632629394
-8.25,34.75,102.6030960083
-7.75,34.75,105.131256103515
-7.25,34.75,107.60302734375
-6.75,34.75,110.027717590332
-6.25,34.75,112.419769287109
-5.75,34.75,114.796600341796
-5.25,34.75,117.176574707031
-4.75,34.75,119.576866149902
-4.25,34.75,122.011474609375
-3.75,34.75,124.490447998046
-3.25,34.75,127.01919555664
-2.75,34.75,129.599151611328
-2.25,34.75,132.229125976562
-1.75,34.75,134.907104492187
-1.25,34.75,137.632522583007
-0.75,34.75,140.408020019531
-0.25,34.75,143.241012573242
0.25,34.75,146.144439697265
0.75,34.75,149.136978149414
1.25,34.75,152.242218017578
1.75,34.75,155.487670898437
2.25,34.75,158.902877807617
2.75,34.75,162.51741027832
3.25,34.75,166.358505249023
3.75,34.75,170.448684692382
4.25,34.75,174.803848266601
4.75,34.75,179.431701660156
5.25,34.75,184.331298828125
5.75,34.75,189.493469238281
6.25,34.75,194.90232849121
6.75,34.75,200.537277221679
7.25,34.75,206.375549316406
7.75,34.75,212.393508911132
8.25,34.75,218.56753540039
8.75,34.75,224.872512817382
9.25,34.75,231.279876708984
9.75,34.75,237.752899169921
10.25,34.75,244.24217224121
10.75,34.75,250.681015014648
11.25,34.75,256.981750488281
11.75,34.75,263.034027099609
12.25,34.75,268.706481933593
12.75,34.75,273.850463867187
13.25,34.75,278.307952880859
13.75,34.75,281.920684814453
14.25,34.75,284.541351318359
14.75,34.75,286.045379638671
15.25,34.75,286.339050292968
15.75,34.75,285.368377685546
16.25,34.75,283.122161865234
16.75,34.75,279.632354736328
17.25,34.75,274.969177246093
17.75,34.75,269.234954833984
18.25,34.75,262.556732177734
18.75,34.75,255.076080322265
19.25,34.75,246.9404296875
19.75,34.75,238.295104980468
20.25,34.75,229.276718139648
20.75,34.75,220.008407592773
21.25,34.75,210.59617614746
21.75,34.75,201.127410888671
22.25,34.75,191.670028686523
22.75,34.75,182.273559570312
23.25,34.75,172.971420288085
23.75,34.75,163.783370971679
24.25,34.75,154.719772338867
24.75,34.75,145.785430908203
25.25,34.75,136.98387145996
25.75,34.75,128.321731567382
26.25,34.75,119.811782836914
26.75,34.75,111.47565460205
27.25,34.75,103.344787597656
27.75,34.75,95.4599227905273
28.25,34.75,87.8687210083007
28.75,34.75,80.6221694946289
29.25,34.75,73.7703018188476
29.75,34.75,67.3575363159179
30.25,34.75,61.4184417724609
30.75,34.75,55.9752006530761
31.25,34.75,51.0360641479492
31.75,34.75,46.5946960449218
32.25,34.75,42.6316986083984
32.75,34.75,39.1163940429687
33.25,34.75,36.0088844299316
33.75,34.75,33.2625770568847
34.25,34.75,30.8267993927001
34.75,34.75,28.6494140625
35.25,34.75,26.6799507141113
35.75,34.75,24.8725891113281
36.25,34.75,23.1890525817871
36.75,34.75,21.6007709503173
37.25,34.75,20.0903644561767
37.75,34.75,18.6514663696289
38.25,34.75,17.2870483398437
38.75,34.75,16.0065155029296
39.25,34.75,14.8219480514526
39.75,34.75,13.7444019317626
40.25,34.75,12.780797958374
40.75,34.75,11.932147026062
41.25,34.75,11.1930923461914
41.75,34.75,10.5525960922241
42.25,34.75,9.9952688217163
42.75,34.75,9.50305843353271
43.25,34.75,9.05611038208007
43.75,34.75,8.63365077972412
44.25,34.75,8.21625614166259
44.75,34.75,7.78759717941284
-44.75,35.25,7.35595035552978
-44.25,35.25,7.45690155029296
-43.75,35.25,7.49056339263916
-43.25,35.25,7.49184370040893
-42.75,35.25,7.48272180557251
-42.25,35.25,7.47227382659912
-41.75,35.25,7.46272420883178
-41.25,35.25,7.45072793960571
-40.75,35.25,7.42794370651245
-40.25,35.25,7.38252258300781
-39.75,35.25,7.30121040344238
-39.25,35.25,7.17204284667968
-38.75,35.25,6.98697996139526
-38.25,35.25,6.74407339096069
-37.75,35.25,6.44864511489868
-37.25,35.25,6.11315822601318
-36.75,35.25,5.75578165054321
-36.25,35.25,5.39793395996093
-35.75,35.25,5.06128168106079
-35.25,35.25,4.76492071151733
-34.75,35.25,4.5233736038208
-34.25,35.25,4.34570598602294
-33.75,35.25,4.23583269119262
-33.25,35.25,4.19374895095825
-32.75,35.25,4.21730279922485
-32.25,35.25,4.30385971069335
-31.75,35.25,4.45172214508056
-31.25,35.25,4.66091203689575
-30.75,35.25,4.93333053588867
-30.25,35.25,5.27234458923339
-29.75,35.25,5.68215560913085
-29.25,35.25,6.16697978973388
-28.75,35.25,6.73028326034545
-28.25,35.25,7.37415647506713
-27.75,35.25,8.09900093078613
-27.25,35.25,8.90354442596435
-26.75,35.25,9.78517627716064
-26.25,35.25,10.7406358718872
-25.75,35.25,11.7670001983642
-25.25,35.25,12.8627414703369
-24.75,35.25,14.0288553237915
-24.25,35.25,15.2697229385375
-23.75,35.25,16.5935840606689
-23.25,35.25,18.0123615264892
-22.75,35.25,19.5408916473388
-22.25,35.25,21.1954441070556
-21.75,35.25,22.9916152954101
-21.25,35.25,24.9418144226074
-20.75,35.25,27.0526485443115
-20.25,35.25,29.3225116729736
-19.75,35.25,31.7399616241455
-19.25,35.25,34.2831497192382
-18.75,35.25,36.9208335876464
-18.25,35.25,39.6146621704101
-17.75,35.25,42.3231544494628
-17.25,35.25,45.0063095092773
-16.75,35.25,47.6303367614746
-16.25,35.25,50.1713905334472
-15.75,35.25,52.6179084777832
-15.25,35.25,54.9709777832031
-14.75,35.25,57.2427177429199
-14.25,35.25,59.4531822204589
-13.75,35.25,61.6263313293457
-13.25,35.25,63.7859764099121
-12.75,35.25,65.9520950317382
-12.25,35.25,68.1383590698242
-11.75,35.25,70.3507919311523
-11.25,35.25,72.587646484375
-10.75,35.25,74.8406600952148
-10.25,35.25,77.0968475341796
-9.75,35.25,79.3411636352539
-9.25,35.25,81.5589294433593
-8.75,35.25,83.7382125854492
-8.25,35.25,85.8716125488281
-7.75,35.25,87.9571990966796
-7.25,35.25,89.9986572265625
-6.75,35.25,92.0047225952148
-6.25,35.25,93.9878234863281
-5.75,35.25,95.9624557495117
-5.25,35.25,97.9435195922851
-4.75,35.25,99.9444580078125
-4.25,35.25,101.976020812988
-3.75,35.25,104.045539855957
-3.25,35.25,106.156517028808
-2.75,35.25,108.30908203125
-2.25,35.25,110.501136779785
-1.75,35.25,112.729804992675
-1.25,35.25,114.99314880371
-0.75,35.25,117.291625976562
-0.25,35.25,119.629478454589
0.25,35.25,122.015640258789
0.75,35.25,124.463829040527
1.25,35.25,126.992630004882
1.75,35.25,129.624572753906
2.25,35.25,132.384994506835
2.75,35.25,135.300521850585
3.25,35.25,138.397109985351
3.75,35.25,141.698211669921
4.25,35.25,145.222824096679
4.75,35.25,148.984268188476
5.25,35.25,152.98924255371
5.75,35.25,157.237915039062
6.25,35.25,161.724746704101
6.75,35.25,166.439590454101
7.25,35.25,171.369140625
7.75,35.25,176.497802734375
8.25,35.25,181.807968139648
8.75,35.25,187.278915405273
9.25,35.25,192.884811401367
9.75,35.25,198.591323852539
10.25,35.25,204.352493286132
10.75,35.25,210.106781005859
11.25,35.25,215.774459838867
11.75,35.25,221.256637573242
12.25,35.25,226.435775756835
12.75,35.25,231.179412841796
13.25,35.25,235.345336914062
13.75,35.25,238.789855957031
14.25,35.25,241.376708984375
14.75,35.25,242.986495971679
15.25,35.25,243.525817871093
15.75,35.25,242.934143066406
16.25,35.25,241.189804077148
16.75,35.25,238.310302734375
17.25,35.25,234.350524902343
17.75,35.25,229.398117065429
18.25,35.25,223.567291259765
18.75,35.25,216.98973083496
19.25,35.25,209.806564331054
19.75,35.25,202.159606933593
20.25,35.25,194.184249877929
20.75,35.25,186.003616333007
21.25,35.25,177.724365234375
21.75,35.25,169.434051513671
22.25,35.25,161.199981689453
22.75,35.25,153.070388793945
23.25,35.25,145.075851440429
23.75,35.25,137.232727050781
24.25,35.25,129.546554565429
24.75,35.25,122.016418457031
25.25,35.25,114.639450073242
25.75,35.25,107.414512634277
26.25,35.25,100.345794677734
26.75,35.25,93.4452133178711
27.25,35.25,86.7334899902343
27.75,35.25,80.239761352539
28.25,35.25,73.9994506835937
28.75,35.25,68.0515747070312
29.25,35.25,62.4345474243164
29.75,35.25,57.1825447082519
30.25,35.25,52.3218955993652
30.75,35.25,47.8687629699707
31.25,35.25,43.827896118164
31.75,35.25,40.1920471191406
32.25,35.25,36.9431381225585
32.75,35.25,34.0536270141601
33.25,35.25,31.4882068634033
33.75,35.25,29.2061138153076
34.25,35.25,27.163475036621
34.75,35.25,25.3158740997314
35.25,35.25,23.6214408874511
35.75,35.25,22.0436649322509
36.25,35.25,20.5540351867675
36.75,35.25,19.1337871551513
37.25,35.25,17.7747135162353
37.75,35.25,16.4784030914306
38.25,35.25,15.2540187835693
38.75,35.25,14.1151180267333
39.25,35.25,13.0759010314941
39.75,35.25,12.147891998291
40.25,35.25,11.3372678756713
40.75,35.25,10.6437549591064
41.25,35.25,10.0606327056884
41.75,35.25,9.57576560974121
42.25,35.25,9.17302799224853
42.75,35.25,8.83386611938476
43.25,35.25,8.53786087036132
43.75,35.25,8.26325607299804
44.25,35.25,7.98889875411987
44.75,35.25,7.69581842422485
-44.75,35.75,7.16390323638916
-44.25,35.75,7.3126482963562
-43.75,35.75,7.39571809768676
-43.25,35.75,7.44302177429199
-42.75,35.75,7.47266721725463
-42.25,35.75,7.49110555648803
-41.75,35.75,7.49900913238525
-41.25,35.75,7.49249744415283
-40.75,35.75,7.46362781524658
-40.25,35.75,7.40172958374023
-39.75,35.75,7.29532241821289
-39.25,35.75,7.13458061218261
-38.75,35.75,6.91372346878051
-38.25,35.75,6.63296890258789
-37.75,35.75,6.29950761795043
-37.25,35.75,5.9272723197937
-36.75,35.75,5.53544616699218
-36.25,35.75,5.14604043960571
-35.75,35.75,4.7809362411499
-35.25,35.75,4.45913171768188
-34.75,35.75,4.19477891921997
-34.25,35.75,3.9962887763977
-33.75,35.75,3.86661529541015
-33.25,35.75,3.80445456504821
-32.75,35.75,3.80601501464843
-32.25,35.75,3.86675095558166
-31.75,35.75,3.98287534713745
-31.25,35.75,4.15231132507324
-30.75,35.75,4.37497663497924
-30.25,35.75,4.65250635147094
-29.75,35.75,4.98766040802001
-29.25,35.75,5.38351917266845
-28.75,35.75,5.8426775932312
-28.25,35.75,6.36660528182983
-27.75,35.75,6.95529222488403
-27.25,35.75,7.60727167129516
-26.75,35.75,8.31997489929199
-26.25,35.75,9.09043598175048
-25.75,35.75,9.91624641418457
-25.25,35.75,10.7965517044067
-24.75,35.75,11.7330055236816
-24.25,35.75,12.7305269241333
-23.75,35.75,13.7975406646728
-23.25,35.75,14.9457731246948
-22.75,35.75,16.1894226074218
-22.25,35.75,17.5438232421875
-21.75,35.75,19.0236091613769
-21.25,35.75,20.640489578247
-20.75,35.75,22.4010047912597
-20.25,35.75,24.3045387268066
-19.75,35.75,26.3418064117431
-19.25,35.75,28.4944648742675
-18.75,35.75,30.7358455657959
-18.25,35.75,33.0330123901367
-17.75,35.75,35.3500442504882
-17.25,35.75,37.6519508361816
-16.75,35.75,39.9086990356445
-16.25,35.75,42.0983772277832
-15.75,35.75,44.2091560363769
-15.25,35.75,46.2396354675293
-14.75,35.75,48.1975555419921
-14.25,35.75,50.0972061157226
-13.75,35.75,51.9563102722168
-13.25,35.75,53.7925910949707
-12.75,35.75,55.620922088623
-12.25,35.75,57.4514694213867
-11.75,35.75,59.2886161804199
-11.25,35.75,61.1309967041015
-10.75,35.75,62.9725227355957
-10.25,35.75,64.8039779663086
-9.75,35.75,66.6149444580078
-9.25,35.75,68.3958282470703
-8.75,35.75,70.1395874023437
-8.25,35.75,71.8429870605468
-7.75,35.75,73.5072326660156
-7.25,35.75,75.1377029418945
-6.75,35.75,76.743667602539
-6.25,35.75,78.3367385864257
-5.75,35.75,79.9298553466796
-5.25,35.75,81.5357055664062
-4.75,35.75,83.1655883789062
-4.25,35.75,84.8282318115234
-3.75,35.75,86.5294036865234
-3.25,35.75,88.2715148925781
-2.75,35.75,90.0541381835937
-2.25,35.75,91.8746261596679
-1.75,35.75,93.7291870117187
-1.25,35.75,95.6142425537109
-0.75,35.75,97.5276412963867
-0.25,35.75,99.4698181152343
0.25,35.75,101.444885253906
0.75,35.75,103.461120605468
1.25,35.75,105.531158447265
1.75,35.75,107.671966552734
2.25,35.75,109.904037475585
2.75,35.75,112.250434875488
3.25,35.75,114.735069274902
3.75,35.75,117.381637573242
4.25,35.75,120.211509704589
4.75,35.75,123.242553710937
5.25,35.75,126.488159179687
5.75,35.75,129.956985473632
6.25,35.75,133.652572631835
6.75,35.75,137.574157714843
7.25,35.75,141.717147827148
7.75,35.75,146.073150634765
8.25,35.75,150.6298828125
8.75,35.75,155.370162963867
9.25,35.75,160.270309448242
9.75,35.75,165.297912597656
10.25,35.75,170.409057617187
10.75,35.75,175.546234130859
11.25,35.75,180.636291503906
11.75,35.75,185.589767456054
12.25,35.75,190.301666259765
12.75,35.75,194.653869628906
13.25,35.75,198.519638061523
13.75,35.75,201.769393920898
14.25,35.75,204.278717041015
14.75,35.75,205.935821533203
15.25,35.75,206.649429321289
15.75,35.75,206.356552124023
16.25,35.75,205.027709960937
16.75,35.75,202.669647216796
17.25,35.75,199.324096679687
17.75,35.75,195.065521240234
18.25,35.75,189.995773315429
18.75,35.75,184.23631286621
19.25,35.75,177.919982910156
19.75,35.75,171.18260192871
20.25,35.75,164.155502319335
20.75,35.75,156.958679199218
21.25,35.75,149.696578979492
21.75,35.75,142.454437255859
22.25,35.75,135.297698974609
22.75,35.75,128.272094726562
23.25,35.75,121.405982971191
23.75,35.75,114.713096618652
24.25,35.75,108.196296691894
24.75,35.75,101.851791381835
25.25,35.75,95.6732025146484
25.75,35.75,89.6553573608398
26.25,35.75,83.7974090576171
26.75,35.75,78.1050567626953
27.25,35.75,72.5912399291992
27.75,35.75,67.2760772705078
28.25,35.75,62.1848564147949
28.75,35.75,57.3456420898437
29.25,35.75,52.7860298156738
29.75,35.75,48.5301055908203
30.25,35.75,44.5956230163574
30.75,35.75,40.9921607971191
31.25,35.75,37.7202987670898
31.75,35.75,34.7710762023925
32.25,35.75,32.1269187927246
32.75,35.75,29.7627696990966
33.25,35.75,27.6474723815917
33.75,35.75,25.7458133697509
34.25,35.75,24.0206222534179
34.75,35.75,22.4352302551269
35.25,35.75,20.9563407897949
35.75,35.75,19.5565242767334
36.25,35.75,18.2164859771728
36.75,35.75,16.9262981414794
37.25,35.75,15.6856336593627
37.75,35.75,14.5024871826171
38.25,35.75,13.3906774520874
38.75,35.75,12.366600036621
39.25,35.75,11.4456462860107
39.75,35.75,10.6393604278564
40.25,35.75,9.95326519012451
40.75,35.75,9.38624477386474
41.25,35.75,8.93095397949218
41.75,35.75,8.57501983642578
42.25,35.75,8.30244445800781
42.75,35.75,8.09493446350097
43.25,35.75,7.93221569061279
43.75,35.75,7.79214811325073
44.25,35.75,7.65226793289184
44.75,35.75,7.49118137359619
-44.75,36.25,6.98462009429931
-44.25,36.25,7.18062734603881
-43.75,36.25,7.31150770187377
-43.25,36.25,7.40129709243774
-42.75,36.25,7.46347045898437
-42.25,36.25,7.50138473510742
-41.75,36.25,7.51420402526855
-41.25,36.25,7.49815845489501
-40.75,36.25,7.44694423675537
-40.25,36.25,7.35281372070312
-39.75,36.25,7.20804929733276
-39.25,36.25,7.00687408447265
-38.75,36.25,6.74727916717529
-38.25,36.25,6.43245315551757
-37.75,36.25,6.07141876220703
-37.25,36.25,5.6786994934082
-36.75,36.25,5.27295446395874
-36.25,36.25,4.87488460540771
-35.75,36.25,4.50468683242797
-35.25,36.25,4.17969226837158
-34.75,36.25,3.91266965866088
-34.25,36.25,3.71103239059448
-33.75,36.25,3.57703304290771
-33.25,36.25,3.50878834724426
-32.75,36.25,3.50183415412902
-32.25,36.25,3.55070114135742
-31.75,36.25,3.65036416053771
-31.25,36.25,3.79723596572875
-30.75,36.25,3.98958301544189
-30.25,36.25,4.22738885879516
-29.75,36.25,4.5119080543518
-29.25,36.25,4.84494686126709
-28.75,36.25,5.22810173034668
-28.25,36.25,5.66212558746337
-27.75,36.25,6.14656448364257
-27.25,36.25,6.67977380752563
-26.75,36.25,7.25924062728881
-26.25,36.25,7.88226985931396
-25.75,36.25,8.54689693450927
-25.25,36.25,9.25276851654052
-24.75,36.25,10.0020027160644
-24.25,36.25,10.7997722625732
-23.75,36.25,11.654444694519
-23.25,36.25,12.5773086547851
-22.75,36.25,13.5817756652832
-22.25,36.25,14.6822166442871
-21.75,36.25,15.8923397064208
-21.25,36.25,17.223346710205
-20.75,36.25,18.6820106506347
-20.25,36.25,20.2690372467041
-19.75,36.25,21.9777202606201
-19.25,36.25,23.7936096191406
-18.75,36.25,25.6950244903564
-18.25,36.25,27.6546821594238
-17.75,36.25,29.6422786712646
-17.25,36.25,31.6277389526367
-16.75,36.25,33.5844001770019
-16.25,36.25,35.4916954040527
-15.75,36.25,37.3367729187011
-15.25,36.25,39.1148643493652
-14.75,36.25,40.8284263610839
-14.25,36.25,42.4852027893066
-13.75,36.25,44.0958976745605
-13.25,36.25,45.6716346740722
-12.75,36.25,47.221881866455
-12.25,36.25,48.7530860900878
-11.75,36.25,50.2679824829101
-11.25,36.25,51.7657089233398
-10.75,36.25,53.2424888610839
-10.25,36.25,54.6930236816406
-9.75,36.25,56.1117935180664
-9.25,36.25,57.4945449829101
-8.75,36.25,58.83935546875
-8.25,36.25,60.1475028991699
-7.75,36.25,61.4236412048339
-7.25,36.25,62.6755599975585
-6.75,36.25,63.9135246276855
-6.25,36.25,65.1492691040039
-5.75,36.25,66.3949508666992
-5.25,36.25,67.6620788574218
-4.75,36.25,68.9604797363281
-4.25,36.25,70.2977981567382
-3.75,36.25,71.6787796020507
-3.25,36.25,73.1053009033203
-2.75,36.25,74.5764465332031
-2.25,36.25,76.0889511108398
-1.75,36.25,77.6380310058593
-1.25,36.25,79.2182312011718
-0.75,36.25,80.8245468139648
-0.25,36.25,82.4534378051757
0.25,36.25,84.104019165039
0.75,36.25,85.7788391113281
1.25,36.25,87.4846801757812
1.75,36.25,89.2326965332031
2.25,36.25,91.0382995605468
2.75,36.25,92.9206390380859
3.25,36.25,94.9015274047851
3.75,36.25,97.0041198730468
4.25,36.25,99.2516403198242
4.75,36.25,101.665863037109
5.25,36.25,104.265960693359
5.75,36.25,107.067848205566
6.25,36.25,110.083190917968
6.75,36.25,113.319580078125
7.25,36.25,116.779792785644
7.75,36.25,120.461730957031
8.25,36.25,124.357727050781
8.75,36.25,128.453430175781
9.25,36.25,132.726852416992
9.75,36.25,137.146514892578
10.25,36.25,141.670043945312
10.75,36.25,146.242782592773
11.25,36.25,150.796966552734
11.75,36.25,155.251281738281
12.25,36.25,159.511611938476
12.75,36.25,163.473327636718
13.25,36.25,167.024154663085
13.75,36.25,170.049026489257
14.25,36.25,172.435836791992
14.75,36.25,174.082214355468
15.25,36.25,174.902053833007
15.75,36.25,174.832794189453
16.25,36.25,173.840591430664
16.75,36.25,171.924362182617
17.25,36.25,169.115402221679
17.75,36.25,165.476531982421
18.25,36.25,161.097457885742
18.75,36.25,156.088729858398
19.25,36.25,150.573150634765
19.75,36.25,144.677932739257
20.25,36.25,138.527160644531
20.75,36.25,132.234741210937
21.25,36.25,125.899719238281
21.75,36.25,119.602973937988
22.25,36.25,113.406044006347
22.75,36.25,107.351676940917
23.25,36.25,101.465850830078
23.75,36.25,95.7606658935546
24.25,36.25,90.2380218505859
24.75,36.25,84.8933486938476
25.25,36.25,79.7196197509765
25.75,36.25,74.7105255126953
26.25,36.25,69.8632278442382
26.75,36.25,65.1799850463867
27.25,36.25,60.668846130371
27.75,36.25,56.3430824279785
28.25,36.25,52.2197074890136
28.75,36.25,48.3173789978027
29.25,36.25,44.6538047790527
29.75,36.25,41.24361038208
30.25,36.25,38.0961837768554
30.75,36.25,35.2145347595214
31.25,36.25,32.5947685241699
31.75,36.25,30.2257556915283
32.25,36.25,28.0899658203125
32.75,36.25,26.1643772125244
33.25,36.25,24.4216785430908
33.75,36.25,22.8319511413574
34.25,36.25,21.3645801544189
34.75,36.25,19.9904346466064
35.25,36.25,18.6843299865722
35.75,36.25,17.4271526336669
36.25,36.25,16.2075939178466
36.75,36.25,15.0229530334472
37.25,36.25,13.8788900375366
37.75,36.25,12.7878904342651
38.25,36.25,11.7667198181152
38.75,36.25,10.8333263397216
39.25,36.25,10.0036191940307
39.75,36.25,9.28906154632568
40.25,36.25,8.69494915008545
40.75,36.25,8.220139503479
41.25,36.25,7.85769081115722
41.75,36.25,7.5960636138916
42.25,36.25,7.42043161392211
42.75,36.25,7.31376504898071
43.25,36.25,7.25683689117431
43.75,36.25,7.22799110412597
44.25,36.25,7.20421934127807
44.75,36.25,7.16232442855835
-44.75,36.75,6.78642177581787
-44.25,36.75,7.02018356323242
-43.75,36.75,7.18921566009521
-43.25,36.75,7.31140947341918
-42.75,36.75,7.39532423019409
-42.25,36.75,7.44109201431274
-41.75,36.75,7.44656801223754
-41.25,36.75,7.40867233276367
-40.75,36.75,7.32374668121337
-40.25,36.75,7.18823957443237
-39.75,36.75,6.99957942962646
-39.25,36.75,6.75727796554565
-38.75,36.75,6.46390485763549
-38.25,36.75,6.12583589553833
-37.75,36.75,5.75345420837402
-37.25,36.75,5.36076879501342
-36.75,36.75,4.96434307098388
-36.25,36.75,4.58177614212036
-35.75,36.75,4.22987413406372
-35.25,36.75,3.92293882369995
-34.75,36.75,3.67151308059692
-34.25,36.75,3.48175597190856
-33.75,36.75,3.3555462360382
-33.25,36.75,3.29117202758789
-32.75,36.75,3.28450727462768
-32.25,36.75,3.33023452758789
-31.75,36.75,3.42306566238403
-31.25,36.75,3.55865097045898
-30.75,36.75,3.73408007621765
-30.25,36.75,3.94791007041931
-29.75,36.75,4.19989538192749
-29.25,36.75,4.49044513702392
-28.75,36.75,4.81997060775756
-28.25,36.75,5.18831920623779
-27.75,36.75,5.59444332122802
-27.25,36.75,6.03638315200805
-26.75,36.75,6.51158285140991
-26.25,36.75,7.0175404548645
-25.75,36.75,7.55261754989624
-25.25,36.75,8.11686038970947
-24.75,36.75,8.71270656585693
-24.25,36.75,9.34546089172363
-23.75,36.75,10.0233211517333
-23.25,36.75,10.75705909729
-22.75,36.75,11.5592975616455
-22.25,36.75,12.4434719085693
-21.75,36.75,13.4224739074707
-21.25,36.75,14.507152557373
-20.75,36.75,15.7047233581542
-20.25,36.75,17.0174217224121
-19.75,36.75,18.4414043426513
-19.25,36.75,19.96630859375
-18.75,36.75,21.5756282806396
-18.25,36.75,23.2477912902832
-17.75,36.75,24.9580745697021
-17.25,36.75,26.6811122894287
-16.75,36.75,28.3932952880859
-16.25,36.75,30.0749340057373
-15.75,36.75,31.7115859985351
-15.25,36.75,33.294563293457
-14.75,36.75,34.8205032348632
-14.25,36.75,36.2901496887207
-13.75,36.75,37.7068862915039
-13.25,36.75,39.0750999450683
-12.75,36.75,40.3988342285156
-12.25,36.75,41.6809272766113
-11.75,36.75,42.922622680664
-11.25,36.75,44.1236953735351
-10.75,36.75,45.2829666137695
-10.25,36.75,46.3990898132324
-9.75,36.75,47.4714736938476
-9.25,36.75,48.5011978149414
-8.75,36.75,49.4914207458496
-8.25,36.75,50.4479942321777
-7.75,36.75,51.3791389465332
-7.25,36.75,52.2951278686523
-6.75,36.75,53.2075958251953
-6.25,36.75,54.1287765502929
-5.75,36.75,55.070571899414
-5.25,36.75,56.0437126159668
-4.75,36.75,57.0572471618652
-4.25,36.75,58.117805480957
-3.75,36.75,59.22945022583
-3.25,36.75,60.3934249877929
-2.75,36.75,61.6081771850585
-2.25,36.75,62.8697128295898
-1.75,36.75,64.1719360351562
-1.25,36.75,65.5074844360351
-0.75,36.75,66.8685073852539
-0.25,36.75,68.2477493286132
0.25,36.75,69.6397323608398
0.75,36.75,71.0418548583984
1.25,36.75,72.4553527832031
1.75,36.75,73.8860702514648
2.25,36.75,75.3446960449218
2.75,36.75,76.8466339111328
3.25,36.75,78.4113235473632
3.75,36.75,80.0613555908203
4.25,36.75,81.8211288452148
4.75,36.75,83.7155532836914
5.25,36.75,85.7686309814453
5.75,36.75,88.0022201538086
6.25,36.75,90.4349288940429
6.75,36.75,93.0808944702148
7.25,36.75,95.9491806030273
7.75,36.75,99.0427017211914
8.25,36.75,102.357345581054
8.75,36.75,105.880920410156
9.25,36.75,109.592445373535
9.75,36.75,113.460983276367
10.25,36.75,117.445274353027
10.75,36.75,121.493057250976
11.25,36.75,125.540969848632
11.75,36.75,129.514923095703
12.25,36.75,133.331115722656
12.75,36.75,136.897155761718
13.25,36.75,140.11506652832
13.75,36.75,142.884140014648
14.25,36.75,145.105728149414
14.75,36.75,146.688415527343
15.25,36.75,147.553665161132
15.75,36.75,147.641998291015
16.25,36.75,146.918746948242
16.75,36.75,145.377517700195
17.25,36.75,143.041564941406
17.75,36.75,139.963073730468
18.25,36.75,136.220275878906
18.75,36.75,131.911361694335
19.25,36.75,127.147361755371
19.75,36.75,122.044448852539
20.25,36.75,116.716247558593
20.75,36.75,111.267524719238
21.25,36.75,105.78929901123
21.75,36.75,100.355712890625
22.25,36.75,95.0229263305664
22.75,36.75,89.8299713134765
23.25,36.75,84.800552368164
23.75,36.75,79.9459152221679
24.25,36.75,75.2683486938476
24.75,36.75,70.7646179199218
25.25,36.75,66.4292602539062
25.75,36.75,62.2574424743652
26.25,36.75,58.2468299865722
26.75,36.75,54.3988304138183
27.25,36.75,50.7188072204589
27.75,36.75,47.215347290039
28.25,36.75,43.8989562988281
28.75,36.75,40.7803497314453
29.25,36.75,37.8686904907226
29.75,36.75,35.1699981689453
30.25,36.75,32.6859397888183
30.75,36.75,30.4132461547851
31.25,36.75,28.3435096740722
31.75,36.75,26.4632778167724
32.25,36.75,24.7547092437744
32.75,36.75,23.1964645385742
33.25,36.75,21.7646903991699
33.75,36.75,20.4344291687011
34.25,36.75,19.1812229156494
34.75,36.75,17.9829025268554
35.25,36.75,16.82151222229
35.75,36.75,15.6849727630615
36.25,36.75,14.5683307647705
36.75,36.75,13.4741487503051
37.25,36.75,12.412034034729
37.75,36.75,11.3970823287963
38.25,36.75,10.4475002288818
38.75,36.75,9.58183670043945
39.25,36.75,8.81619358062744
39.75,36.75,8.16216945648193
40.25,36.75,7.62547874450683
40.75,36.75,7.20584869384765
41.25,36.75,6.89770936965942
41.75,36.75,6.69132852554321
42.25,36.75,6.57395076751709
42.75,36.75,6.53066349029541
43.25,36.75,6.5441608428955
43.75,36.75,6.59419155120849
44.25,36.75,6.65819025039672
44.75,36.75,6.71211290359497
-44.75,37.25,6.5364818572998
-44.25,37.25,6.79149866104126
-43.75,37.25,6.9824047088623
-43.25,37.25,7.12152671813964
-42.75,37.25,7.21300745010376
-42.25,37.25,7.25425958633422
-41.75,37.25,7.24233150482177
-41.25,37.25,7.17541694641113
-40.75,37.25,7.05307912826538
-40.25,37.25,6.87652969360351
-39.75,37.25,6.64875364303588
-39.25,37.25,6.37471342086792
-38.75,37.25,6.06139850616455
-38.25,37.25,5.71783971786499
-37.75,37.25,5.35492753982543
-37.25,37.25,4.98500537872314
-36.75,37.25,4.62126207351684
-36.25,37.25,4.27690744400024
-35.75,37.25,3.96419835090637
-35.25,37.25,3.69350957870483
-34.75,37.25,3.47262644767761
-34.25,37.25,3.30633354187011
-33.75,37.25,3.19640231132507
-33.25,37.25,3.14191532135009
-32.75,37.25,3.13994550704956
-32.25,37.25,3.18630719184875
-31.75,37.25,3.27639698982238
-31.25,37.25,3.40594768524169
-30.75,37.25,3.57150292396545
-30.25,37.25,3.77060079574584
-29.75,37.25,4.00169277191162
-29.25,37.25,4.26381826400756
-28.75,37.25,4.55611085891723
-28.25,37.25,4.87734603881835
-27.75,37.25,5.22567844390869
-27.25,37.25,5.59861946105957
-26.75,37.25,5.99334335327148
-26.25,37.25,6.40729904174804
-25.75,37.25,6.83895587921142
-25.25,37.25,7.28852891921997
-24.75,37.25,7.75860929489135
-24.25,37.25,8.254487991333
-23.75,37.25,8.78413200378418
-23.25,37.25,9.35781002044677
-22.75,37.25,9.98744487762451
-22.25,37.25,10.6856708526611
-21.75,37.25,11.4647502899169
-21.25,37.25,12.3353614807128
-20.75,37.25,13.3053350448608
-20.25,37.25,14.3786029815673
-19.75,37.25,15.5542469024658
-19.25,37.25,16.8260688781738
-18.75,37.25,18.1826801300048
-18.25,37.25,19.6081180572509
-17.75,37.25,21.0831050872802
-17.25,37.25,22.5867290496826
-16.75,37.25,24.0981750488281
-16.25,37.25,25.5983791351318
-15.75,37.25,27.0710849761962
-15.25,37.25,28.5035400390625
-14.75,37.25,29.886474609375
-14.25,37.25,31.2136573791503
-13.75,37.25,32.4813079833984
-13.25,37.25,33.687255859375
-12.75,37.25,34.8303108215332
-12.25,37.25,35.9099578857421
-11.75,37.25,36.9261093139648
-11.25,37.25,37.8792419433593
-10.75,37.25,38.770652770996
-10.25,37.25,39.6028099060058
-9.75,37.25,40.379825592041
-9.25,37.25,41.1076583862304
-8.75,37.25,41.7943611145019
-8.25,37.25,42.4499168395996
-7.75,37.25,43.0859565734863
-7.25,37.25,43.7152023315429
-6.75,37.25,44.3507766723632
-6.25,37.25,45.0055351257324
-5.75,37.25,45.6913452148437
-5.25,37.25,46.4185180664062
-4.75,37.25,47.1952972412109
-4.25,37.25,48.0275115966796
-3.75,37.25,48.9183197021484
-3.25,37.25,49.8681106567382
-2.75,37.25,50.8744506835937
-2.25,37.25,51.9322280883789
-1.75,37.25,53.0339698791503
-1.25,37.25,54.170425415039
-0.75,37.25,55.3313331604003
-0.25,37.25,56.5062828063964
0.25,37.25,57.6861038208007
0.75,37.25,58.8640327453613
1.25,37.25,60.0368423461914
1.75,37.25,61.2059707641601
2.25,37.25,62.3780479431152
2.75,37.25,63.5652542114257
3.25,37.25,64.7849044799804
3.75,37.25,66.0587844848632
4.25,37.25,67.4121170043945
4.75,37.25,68.8720092773437
5.25,37.25,70.4660568237304
5.75,37.25,72.2205734252929
6.25,37.25,74.1592025756836
6.75,37.25,76.3011016845703
7.25,37.25,78.6597442626953
7.75,37.25,81.2415924072265
8.25,37.25,84.0448608398437
8.75,37.25,87.0587539672851
9.25,37.25,90.2627792358398
9.75,37.25,93.6264190673828
10.25,37.25,97.1093063354492
10.75,37.25,100.661460876464
11.25,37.25,104.223777770996
11.75,37.25,107.729194641113
12.25,37.25,111.103355407714
12.75,37.25,114.26609802246
13.25,37.25,117.13328552246
13.75,37.25,119.618911743164
14.25,37.25,121.638488769531
14.75,37.25,123.112899780273
15.25,37.25,123.973045349121
15.75,37.25,124.165206909179
16.25,37.25,123.656105041503
16.75,37.25,122.43667602539
17.25,37.25,120.523666381835
17.75,37.25,117.959938049316
18.25,37.25,114.811943054199
18.75,37.25,111.164848327636
19.25,37.25,107.115913391113
19.75,37.25,102.767745971679
20.25,37.25,98.2208557128906
20.75,37.25,93.5681762695312
21.25,37.25,88.8900985717773
21.75,37.25,84.2520675659179
22.25,37.25,79.7036590576171
22.75,37.25,75.2794342041015
23.25,37.25,71.0007934570312
23.75,37.25,66.8790054321289
24.25,37.25,62.9179992675781
24.75,37.25,59.1174736022949
25.25,37.25,55.4756507873535
25.75,37.25,51.9912109375
26.25,37.25,48.6646537780761
26.75,37.25,45.4986381530761
27.25,37.25,42.4978790283203
27.75,37.25,39.6682472229003
28.25,37.25,37.0155067443847
28.75,37.25,34.5441398620605
29.25,37.25,32.2561378479003
29.75,37.25,30.1501922607421
30.25,37.25,28.221170425415
30.75,37.25,26.4600429534912
31.25,37.25,24.8541984558105
31.75,37.25,23.3876838684082
32.25,37.25,22.0420532226562
32.75,37.25,20.7971496582031
33.25,37.25,19.6319847106933
33.75,37.25,18.5258750915527
34.25,37.25,17.4596328735351
34.75,37.25,16.416934967041
35.25,37.25,15.3856744766235
35.75,37.25,14.3591175079345
36.25,37.25,13.3367300033569
36.75,37.25,12.3243684768676
37.25,37.25,11.3337354660034
37.75,37.25,10.3810472488403
38.25,37.25,9.48497009277343
38.75,37.25,8.66425895690918
39.25,37.25,7.93534898757934
39.75,37.25,7.31053924560546
40.25,37.25,6.7967505455017
40.75,37.25,6.3954267501831
41.25,37.25,6.10313558578491
41.75,37.25,5.91256427764892
42.25,37.25,5.81353235244751
42.75,37.25,5.79370069503784
43.25,37.25,5.83820056915283
43.75,37.25,5.92887163162231
44.25,37.25,6.04449605941772
44.75,37.25,6.16130447387695
-44.75,37.75,6.2101821899414
-44.25,37.75,6.46710205078125
-43.75,37.75,6.660653591156
-43.25,37.75,6.79897022247314
-42.75,37.75,6.88308238983154
-42.25,37.75,6.90880346298217
-41.75,37.75,6.87326335906982
-41.25,37.75,6.77644538879394
-40.75,37.75,6.62130069732666
-40.25,37.75,6.4135422706604
-39.75,37.75,6.16109228134155
-39.25,37.75,5.8734393119812
-38.75,37.75,5.56090307235717
-38.25,37.75,5.23403549194335
-37.75,37.75,4.90314245223999
-37.25,37.75,4.57799625396728
-36.75,37.75,4.26764678955078
-36.25,37.75,3.98032307624816
-35.75,37.75,3.72327399253845
-35.25,37.75,3.50261068344116
-34.75,37.75,3.32313275337219
-34.25,37.75,3.18817734718322
-33.75,37.75,3.09952807426452
-33.25,37.75,3.05740499496459
-32.75,37.75,3.06064224243164
-32.25,37.75,3.10692596435546
-31.75,37.75,3.19318628311157
-31.25,37.75,3.31607031822204
-30.75,37.75,3.47234940528869
-30.25,37.75,3.65915560722351
-29.75,37.75,3.87409687042236
-29.25,37.75,4.11511039733886
-28.75,37.75,4.3801736831665
-28.25,37.75,4.66698455810546
-27.75,37.75,4.97276735305786
-27.25,37.75,5.29428052902221
-26.75,37.75,5.62812280654907
-26.25,37.75,5.97132062911987
-25.75,37.75,6.32204151153564
-25.25,37.75,6.68026733398437
-24.75,37.75,7.04837751388549
-24.25,37.75,7.43138313293457
-23.75,37.75,7.83686208724975
-23.25,37.75,8.27458095550537
-22.75,37.75,8.75584602355957
-22.25,37.75,9.29270553588867
-21.75,37.75,9.8970308303833
-21.25,37.75,10.5795602798461
-20.75,37.75,11.3489351272583
-20.25,37.75,12.2108631134033
-19.75,37.75,13.1673421859741
-19.25,37.75,14.2162084579467
-18.75,37.75,15.3509864807128
-18.25,37.75,16.5610637664794
-17.75,37.75,17.8323459625244
-17.25,37.75,19.14817237854
-16.75,37.75,20.4904441833496
-16.25,37.75,21.8407649993896
-15.75,37.75,23.181297302246
-15.25,37.75,24.4955673217773
-14.75,37.75,25.7689208984375
-14.25,37.75,26.9886989593505
-13.75,37.75,28.1444759368896
-13.25,37.75,29.2279777526855
-12.75,37.75,30.2331562042236
-12.25,37.75,31.1562423706054
-11.75,37.75,31.9957523345947
-11.25,37.75,32.7525825500488
-10.75,37.75,33.4300155639648
-10.25,37.75,34.0337104797363
-9.75,37.75,34.5716896057128
-9.25,37.75,35.0541954040527
-8.75,37.75,35.4933738708496
-8.25,37.75,35.9029197692871
-7.75,37.75,36.2975044250488
-7.25,37.75,36.6921005249023
-6.75,37.75,37.1012725830078
-6.25,37.75,37.5386047363281
-5.75,37.75,38.0161437988281
-5.25,37.75,38.5437660217285
-4.75,37.75,39.1290626525878
-4.25,37.75,39.7769050598144
-3.75,37.75,40.4893913269043
-3.25,37.75,41.2657279968261
-2.75,37.75,42.1022453308105
-2.25,37.75,42.9925155639648
-1.75,37.75,43.9276466369628
-1.25,37.75,44.8967704772949
-0.75,37.75,45.8876914978027
-0.25,37.75,46.8878860473632
0.25,37.75,47.885643005371
0.75,37.75,48.8712463378906
1.25,37.75,49.838451385498
1.75,37.75,50.7854690551757
2.25,37.75,51.716007232666
2.75,37.75,52.639720916748
3.25,37.75,53.5721931457519
3.75,37.75,54.5344848632812
4.25,37.75,55.5519828796386
4.75,37.75,56.6532020568847
5.25,37.75,57.8678512573242
5.75,37.75,59.2251014709472
6.25,37.75,60.7515449523925
6.75,37.75,62.4692993164062
7.25,37.75,64.3943176269531
7.75,37.75,66.534912109375
8.25,37.75,68.8903732299804
8.75,37.75,71.4503860473632
9.25,37.75,74.1946411132812
9.75,37.75,77.0929336547851
10.25,37.75,80.1060256958007
10.75,37.75,83.186408996582
11.25,37.75,86.2796554565429
11.75,37.75,89.3256378173828
12.25,37.75,92.2596740722656
12.75,37.75,95.0136032104492
13.25,37.75,97.5170593261718
13.75,37.75,99.6988983154296
14.25,37.75,101.48917388916
14.75,37.75,102.822113037109
15.25,37.75,103.639472961425
15.75,37.75,103.894805908203
16.25,37.75,103.558181762695
16.75,37.75,102.619720458984
17.25,37.75,101.091041564941
17.75,37.75,99.0063400268554
18.25,37.75,96.42041015625
18.75,37.75,93.4044799804687
19.25,37.75,90.0406875610351
19.75,37.75,86.4159088134765
20.25,37.75,82.6155395507812
20.75,37.75,78.7180709838867
21.25,37.75,74.7914657592773
21.75,37.75,70.8907394409179
22.25,37.75,67.0576858520507
22.75,37.75,63.3217430114746
23.25,37.75,59.7021598815918
23.75,37.75,56.2105369567871
24.25,37.75,52.8535346984863
24.75,37.75,49.6352233886718
25.25,37.75,46.5591163635253
25.75,37.75,43.6293563842773
26.25,37.75,40.8510208129882
26.75,37.75,38.2300262451171
27.25,37.75,35.772232055664
27.75,37.75,33.4826316833496
28.25,37.75,31.3641090393066
28.75,37.75,29.4166851043701
29.25,37.75,27.6369152069091
29.75,37.75,26.0176811218261
30.25,37.75,24.5482807159423
30.75,37.75,23.2148456573486
31.25,37.75,22.0009479522705
31.75,37.75,20.888235092163
32.25,37.75,19.8573017120361
32.75,37.75,18.8885135650634
33.25,37.75,17.9627952575683
33.75,37.75,17.0625190734863
34.25,37.75,16.1722908020019
34.75,37.75,15.2798871994018
35.25,37.75,14.3770732879638
35.75,37.75,13.4603433609008
36.25,37.75,12.5315151214599
36.75,37.75,11.5978317260742
37.25,37.75,10.6716136932373
37.75,37.75,9.76921653747558
38.25,37.75,8.90941619873046
38.75,37.75,8.11141014099121
39.25,37.75,7.39260673522949
39.75,37.75,6.76694297790527
40.25,37.75,6.24351692199707
40.75,37.75,5.82632398605346
41.25,37.75,5.51463556289672
41.75,37.75,5.30385637283325
42.25,37.75,5.18642520904541
42.75,37.75,5.15250921249389
43.25,37.75,5.18964195251464
43.75,37.75,5.28191757202148
44.25,37.75,5.40996026992797
44.75,37.75,5.55117511749267
-44.75,38.25,5.8019905090332
-44.25,38.25,6.04358148574829
-43.75,38.25,6.22235441207885
-43.25,38.25,6.34404420852661
-42.75,38.25,6.40831470489501
-42.25,38.25,6.41092586517334
-41.75,38.25,6.35014104843139
-41.25,38.25,6.22818946838378
-40.75,38.25,6.05115938186645
-40.25,38.25,5.82840681076049
-39.75,38.25,5.57141160964965
-39.25,38.25,5.29254865646362
-38.75,38.25,5.00382280349731
-38.25,38.25,4.71590137481689
-37.75,38.25,4.43751335144043
-37.25,38.25,4.17530012130737
-36.75,38.25,3.93402099609375
-36.25,38.25,3.71699166297912
-35.75,38.25,3.52659392356872
-35.25,38.25,3.36474347114563
-34.75,38.25,3.23320841789245
-34.25,38.25,3.13375830650329
-33.75,38.25,3.06808352470397
-33.25,38.25,3.0375633239746
-32.75,38.25,3.04303455352783
-32.25,38.25,3.08453512191772
-31.75,38.25,3.16121411323547
-31.25,38.25,3.27146077156066
-30.75,38.25,3.4131166934967
-30.25,38.25,3.58371376991271
-29.75,38.25,3.78068447113037
-29.25,38.25,4.00140237808227
-28.75,38.25,4.24305486679077
-28.25,38.25,4.50244951248168
-27.75,38.25,4.7759084701538
-27.25,38.25,5.05929327011108
-26.75,38.25,5.34831094741821
-26.25,38.25,5.63911819458007
-25.75,38.25,5.92901945114135
-25.25,38.25,6.21716117858886
-24.75,38.25,6.50511360168457
-24.25,38.25,6.79713439941406
-23.75,38.25,7.10009431838989
-23.25,38.25,7.42310857772827
-22.75,38.25,7.77692604064941
-22.25,38.25,8.17318820953369
-21.75,38.25,8.62364482879638
-21.25,38.25,9.13935852050781
-20.75,38.25,9.72995281219482
-20.25,38.25,10.4029607772827
-19.75,38.25,11.1631841659545
-19.25,38.25,12.0122137069702
-18.75,38.25,12.9481201171875
-18.25,38.25,13.9652652740478
-17.75,38.25,15.0543899536132
-17.25,38.25,16.2029762268066
-16.75,38.25,17.3957805633544
-16.25,38.25,18.6154727935791
-15.75,38.25,19.843391418457
-15.25,38.25,21.0602951049804
-14.75,38.25,22.2472171783447
-14.25,38.25,23.3861598968505
-13.75,38.25,24.4610023498535
-13.25,38.25,25.4580402374267
-12.75,38.25,26.3666687011718
-12.25,38.25,27.179796218872
-11.75,38.25,27.8940734863281
-11.25,38.25,28.5099906921386
-10.75,38.25,29.0317649841308
-10.25,38.25,29.4670658111572
-9.75,38.25,29.8266944885253
-9.25,38.25,30.1239891052246
-8.75,38.25,30.3744010925292
-8.25,38.25,30.5946178436279
-7.75,38.25,30.8019523620605
-7.25,38.25,31.0134487152099
-6.75,38.25,31.2451610565185
-6.25,38.25,31.5115127563476
-5.75,38.25,31.8247699737548
-5.25,38.25,32.1946601867675
-4.75,38.25,32.6280479431152
-4.25,38.25,33.1288414001464
-3.75,38.25,33.6978607177734
-3.25,38.25,34.3329277038574
-2.75,38.25,35.0288887023925
-2.25,38.25,35.7778930664062
-1.75,38.25,36.5696945190429
-1.25,38.25,37.3921356201171
-0.75,38.25,38.2318229675293
-0.25,38.25,39.0750007629394
0.25,38.25,39.9086380004882
0.75,38.25,40.7215538024902
1.25,38.25,41.5058288574218
1.75,38.25,42.2579116821289
2.25,38.25,42.9797821044921
2.75,38.25,43.6795272827148
3.25,38.25,44.3715553283691
3.75,38.25,45.076187133789
4.25,38.25,45.8187599182128
4.75,38.25,46.6280670166015
5.25,38.25,47.53466796875
5.75,38.25,48.5687103271484
6.25,38.25,49.7577590942382
6.75,38.25,51.1247978210449
7.25,38.25,52.6862831115722
7.75,38.25,54.4506111145019
8.25,38.25,56.4169654846191
8.75,38.25,58.5746192932128
9.25,38.25,60.9031562805175
9.75,38.25,63.3728103637695
10.25,38.25,65.945816040039
10.75,38.25,68.5777740478515
11.25,38.25,71.2193908691406
11.75,38.25,73.8179092407226
12.25,38.25,76.3185501098632
12.75,38.25,78.6652450561523
13.25,38.25,80.8012924194336
13.75,38.25,82.6702880859375
14.25,38.25,84.216926574707
14.75,38.25,85.3889923095703
15.25,38.25,86.1395721435546
15.75,38.25,86.4307250976562
16.25,38.25,86.2368850708007
16.75,38.25,85.5483932495117
17.25,38.25,84.3729705810546
17.75,38.25,82.7366943359375
18.25,38.25,80.6828689575195
18.75,38.25,78.2685241699218
19.25,38.25,75.5597534179687
19.75,38.25,72.6266021728515
20.25,38.25,69.5376281738281
20.75,38.25,66.355598449707
21.25,38.25,63.1343116760253
21.75,38.25,59.9170989990234
22.25,38.25,56.7368774414062
22.75,38.25,53.6174049377441
23.25,38.25,50.5754508972168
23.75,38.25,47.6232414245605
24.25,38.25,44.7708091735839
24.75,38.25,42.0276260375976
25.25,38.25,39.4038658142089
25.75,38.25,36.9105262756347
26.25,38.25,34.5589370727539
26.75,38.25,32.3597145080566
27.25,38.25,30.3216724395751
27.75,38.25,28.4505443572998
28.25,38.25,26.7481288909912
28.75,38.25,25.2118625640869
29.25,38.25,23.8347301483154
29.75,38.25,22.6055946350097
30.25,38.25,21.509765625
30.75,38.25,20.529727935791
31.25,38.25,19.6460704803466
31.75,38.25,18.8383235931396
32.25,38.25,18.0859107971191
32.75,38.25,17.3690376281738
33.25,38.25,16.6693592071533
33.75,38.25,15.9706535339355
34.25,38.25,15.2593088150024
34.75,38.25,14.5248775482177
35.25,38.25,13.7604961395263
35.75,38.25,12.9634523391723
36.25,38.25,12.1356515884399
36.75,38.25,11.2839031219482
37.25,38.25,10.4199113845825
37.75,38.25,9.55960464477539
38.25,38.25,8.72197341918945
38.75,38.25,7.92728805541992
39.25,38.25,7.19501972198486
39.75,38.25,6.54195117950439
40.25,38.25,5.98054695129394
40.75,38.25,5.51827764511108
41.25,38.25,5.15768432617187
41.75,38.25,4.89703035354614
42.25,38.25,4.73115921020507
42.75,38.25,4.65226745605468
43.25,38.25,4.64972591400146
43.75,38.25,4.70941305160522
44.25,38.25,4.81364870071411
44.75,38.25,4.94136238098144
-44.75,38.75,5.33267498016357
-44.25,38.75,5.54813051223754
-43.75,38.75,5.70074558258056
-43.25,38.75,5.79556083679199
-42.75,38.75,5.83262348175048
-42.25,38.75,5.80913877487182
-41.75,38.75,5.72549772262573
-41.25,38.75,5.58647489547729
-40.75,38.75,5.40087080001831
-40.25,38.75,5.1805510520935
-39.75,38.75,4.93896913528442
-39.25,38.75,4.6896071434021
-38.75,38.75,4.44450330734252
-38.25,38.75,4.21319150924682
-37.75,38.75,4.00214099884033
-37.25,38.75,3.8147337436676
-36.75,38.75,3.65172052383422
-36.25,38.75,3.51198840141296
-35.75,38.75,3.3934941291809
-35.25,38.75,3.29418921470642
-34.75,38.75,3.21278476715087
-34.25,38.75,3.14924120903015
-33.75,38.75,3.10485219955444
-33.25,38.75,3.08195328712463
-32.75,38.75,3.08340048789978
-32.25,38.75,3.11188960075378
-31.75,38.75,3.16937398910522
-31.25,38.75,3.25675678253173
-30.75,38.75,3.3738317489624
-30.25,38.75,3.51940155029296
-29.75,38.75,3.69152522087097
-29.25,38.75,3.88768172264099
-28.75,38.75,4.10478639602661
-28.25,38.75,4.33911371231079
-27.75,38.75,4.58624029159545
-27.25,38.75,4.84109163284301
-26.75,38.75,5.09825229644775
-26.25,38.75,5.35254907608032
-25.75,38.75,5.59981632232666
-25.25,38.75,5.83764266967773
-24.75,38.75,6.06606292724609
-24.25,38.75,6.2879090309143
-23.75,38.75,6.50884675979614
-23.25,38.75,6.73706102371215
-22.75,38.75,6.98268032073974
-22.25,38.75,7.2570743560791
-21.75,38.75,7.5721116065979
-21.25,38.75,7.93942785263061
-20.75,38.75,8.3697862625122
-20.25,38.75,8.87252712249755
-19.75,38.75,9.45502185821533
-19.25,38.75,10.1222085952758
-18.75,38.75,10.8761749267578
-18.25,38.75,11.7157201766967
-17.75,38.75,12.6360626220703
-17.25,38.75,13.6287307739257
-16.75,38.75,14.6816387176513
-16.25,38.75,15.7793178558349
-15.75,38.75,16.9034366607666
-15.25,38.75,18.033498764038
-14.75,38.75,19.147850036621
-14.25,38.75,20.224739074707
-13.75,38.75,21.2436161041259
-13.25,38.75,22.1862258911132
-12.75,38.75,23.0376644134521
-12.25,38.75,23.7871799468994
-11.75,38.75,24.4286861419677
-11.25,38.75,24.9609832763671
-10.75,38.75,25.3876266479492
-10.25,38.75,25.7166442871093
-9.75,38.75,25.9600028991699
-9.25,38.75,26.1328773498535
-8.75,38.75,26.2528572082519
-8.25,38.75,26.3390140533447
-7.75,38.75,26.4108772277832
-7.25,38.75,26.4874744415283
-6.75,38.75,26.5864028930664
-6.25,38.75,26.7231578826904
-5.75,38.75,26.9105243682861
-5.25,38.75,27.1582050323486
-4.75,38.75,27.472557067871
-4.25,38.75,27.8565025329589
-3.75,38.75,28.3096275329589
-3.25,38.75,28.8282032012939
-2.75,38.75,29.4055576324462
-2.25,38.75,30.0323333740234
-1.75,38.75,30.6970767974853
-1.25,38.75,31.3866367340087
-0.75,38.75,32.0869750976562
-0.25,38.75,32.7839317321777
0.25,38.75,33.4641799926757
0.75,38.75,34.1163520812988
1.25,38.75,34.7322273254394
1.75,38.75,35.3079109191894
2.25,38.75,35.8448944091796
2.75,38.75,36.350715637207
3.25,38.75,36.8392791748046
3.75,38.75,37.3304405212402
4.25,38.75,37.8490486145019
4.75,38.75,38.4235115051269
5.25,38.75,39.0838470458984
5.75,38.75,39.8595504760742
6.25,38.75,40.7773818969726
6.75,38.75,41.8592109680175
7.25,38.75,43.1202278137207
7.75,38.75,44.5674476623535
8.25,38.75,46.1987075805664
8.75,38.75,48.0023918151855
9.25,38.75,49.9576072692871
9.75,38.75,52.0352478027343
10.25,38.75,54.199535369873
10.75,38.75,56.409797668457
11.25,38.75,58.6224861145019
11.75,38.75,60.792854309082
12.25,38.75,62.8761711120605
12.75,38.75,64.8283386230468
13.25,38.75,66.6061782836914
13.75,38.75,68.1673507690429
14.25,38.75,69.4707565307617
14.75,38.75,70.4771957397461
15.25,38.75,71.1510772705078
15.75,38.75,71.4627304077148
16.25,38.75,71.3915710449218
16.75,38.75,70.9286346435546
17.25,38.75,70.0784759521484
17.75,38.75,68.85986328125
18.25,38.75,67.3051147460937
18.75,38.75,65.4573593139648
19.25,38.75,63.3668632507324
19.75,38.75,61.0865211486816
20.25,38.75,58.6676635742187
20.75,38.75,56.156509399414
21.25,38.75,53.5919570922851
21.75,38.75,51.0046806335449
22.25,38.75,48.4178276062011
22.75,38.75,45.848705291748
23.25,38.75,43.3111305236816
23.75,38.75,40.8178176879882
24.25,38.75,38.3824005126953
24.75,38.75,36.0203781127929
25.25,38.75,33.7494049072265
25.75,38.75,31.5884857177734
26.25,38.75,29.5563411712646
26.75,38.75,27.6696395874023
27.25,38.75,25.9413738250732
27.75,38.75,24.3795433044433
28.25,38.75,22.9864101409912
28.75,38.75,21.7585563659667
29.25,38.75,20.6872234344482
29.75,38.75,19.7591094970703
30.25,38.75,18.9572563171386
30.75,38.75,18.2620449066162
31.25,38.75,17.6522579193115
31.75,38.75,17.105993270874
32.25,38.75,16.6016807556152
32.75,38.75,16.1188583374023
33.25,38.75,15.6388273239135
33.75,38.75,15.1450853347778
34.25,38.75,14.6236038208007
34.75,38.75,14.0631456375122
35.25,38.75,13.4555473327636
35.75,38.75,12.7962303161621
36.25,38.75,12.0848484039306
36.75,38.75,11.3259801864624
37.25,38.75,10.5294694900512
37.75,38.75,9.71033000946045
38.25,38.75,8.88791179656982
38.75,38.75,8.08429527282714
39.25,38.75,7.322105884552
39.75,38.75,6.62228107452392
40.25,38.75,6.00189304351806
40.75,38.75,5.47293376922607
41.25,38.75,5.04189014434814
41.75,38.75,4.71012830734252
42.25,38.75,4.47469758987426
42.75,38.75,4.32923984527587
43.25,38.75,4.26411056518554
43.75,38.75,4.26604557037353
44.25,38.75,4.31831216812133
44.75,38.75,4.40106964111328
-44.75,39.25,4.84670114517211
-44.25,39.25,5.0340929031372
-43.75,39.25,5.15775775909423
-43.25,39.25,5.2232232093811
-42.75,39.25,5.23213481903076
-42.25,39.25,5.18421459197998
-41.75,39.25,5.08265781402587
-41.25,39.25,4.93493795394897
-40.75,39.25,4.7521538734436
-40.25,39.25,4.54776525497436
-39.75,39.25,4.33593606948852
-39.25,39.25,4.12990999221801
-38.75,39.25,3.9405927658081
-38.25,39.25,3.77561473846435
-37.75,39.25,3.63889145851135
-37.25,39.25,3.53071594238281
-36.75,39.25,3.44830298423767
-36.25,39.25,3.38666319847106
-35.75,39.25,3.3397581577301
-35.25,39.25,3.30175518989563
-34.75,39.25,3.26820087432861
-34.25,39.25,3.23693943023681
-33.75,39.25,3.20851063728332
-33.25,39.25,3.18594717979431
-32.75,39.25,3.17410254478454
-32.25,39.25,3.17858862876892
-31.75,39.25,3.20468187332153
-31.25,39.25,3.25651931762695
-30.75,39.25,3.33664751052856
-30.25,39.25,3.44594311714172
-29.75,39.25,3.58382487297058
-29.25,39.25,3.74850606918334
-28.75,39.25,3.93713045120239
-28.25,39.25,4.14580297470092
-27.75,39.25,4.36957645416259
-27.25,39.25,4.60249662399292
-26.75,39.25,4.8378791809082
-26.25,39.25,5.06889963150024
-25.75,39.25,5.28938436508178
-25.25,39.25,5.49469995498657
-24.75,39.25,5.68261241912841
-24.25,39.25,5.85382556915283
-23.75,39.25,6.01222133636474
-23.25,39.25,6.16468095779418
-22.75,39.25,6.32056760787963
-22.25,39.25,6.49103307723999
-21.75,39.25,6.68824672698974
-21.25,39.25,6.92461204528808
-20.75,39.25,7.21213436126709
-20.25,39.25,7.56186437606811
-19.75,39.25,7.98341035842895
-19.25,39.25,8.48450279235839
-18.75,39.25,9.07055473327636
-18.25,39.25,9.74411487579345
-17.75,39.25,10.5044040679931
-17.25,39.25,11.3468627929687
-16.75,39.25,12.2629165649414
-16.25,39.25,13.2398815155029
-15.75,39.25,14.2611722946167
-15.25,39.25,15.3068561553955
-14.75,39.25,16.3545989990234
-14.25,39.25,17.3807907104492
-13.75,39.25,18.3620681762695
-13.25,39.25,19.2765998840332
-12.75,39.25,20.1055126190185
-12.25,39.25,20.8340034484863
-11.75,39.25,21.4521675109863
-11.25,39.25,21.9555072784423
-10.75,39.25,22.3450813293457
-10.25,39.25,22.6273136138916
-9.75,39.25,22.8135414123535
-9.25,39.25,22.9192733764648
-8.75,39.25,22.963150024414
-8.25,39.25,22.9658622741699
-7.75,39.25,22.9488430023193
-7.25,39.25,22.9330463409423
-6.75,39.25,22.9378108978271
-6.25,39.25,22.9800109863281
-5.75,39.25,23.073314666748
-5.25,39.25,23.22776222229
-4.75,39.25,23.4494819641113
-4.25,39.25,23.740701675415
-3.75,39.25,24.099811553955
-3.25,39.25,24.5216789245605
-2.75,39.25,24.9980907440185
-2.25,39.25,25.5182209014892
-1.75,39.25,26.0693798065185
-1.25,39.25,26.6375980377197
-0.75,39.25,27.2084465026855
-0.25,39.25,27.7678508758544
0.25,39.25,28.3029594421386
0.75,39.25,28.8031501770019
1.25,39.25,29.2610759735107
1.75,39.25,29.6737384796142
2.25,39.25,30.0433902740478
2.75,39.25,30.3781051635742
3.25,39.25,30.6920051574707
3.75,39.25,31.0047874450683
4.25,39.25,31.3406887054443
4.75,39.25,31.7270851135253
5.25,39.25,32.1924438476562
5.75,39.25,32.7642631530761
6.25,39.25,33.4669456481933
6.75,39.25,34.319725036621
7.25,39.25,35.3351287841796
7.75,39.25,36.5175971984863
8.25,39.25,37.8628768920898
8.75,39.25,39.3578414916992
9.25,39.25,40.9812088012695
9.75,39.25,42.7047386169433
10.25,39.25,44.4951362609863
10.75,39.25,46.3160972595214
11.25,39.25,48.1304016113281
11.75,39.25,49.9016075134277
12.25,39.25,51.5951690673828
12.75,39.25,53.1786079406738
13.25,39.25,54.6214981079101
13.75,39.25,55.8946189880371
14.25,39.25,56.9698257446289
14.75,39.25,57.8198623657226
15.25,39.25,58.419204711914
15.75,39.25,58.7459716796875
16.25,39.25,58.7840118408203
16.75,39.25,58.5253448486328
17.25,39.25,57.971694946289
17.75,39.25,57.1353492736816
18.25,39.25,56.0387268066406
18.75,39.25,54.7122726440429
19.25,39.25,53.1913871765136
19.75,39.25,51.5129013061523
20.25,39.25,49.7115592956543
20.75,39.25,47.8174400329589
21.25,39.25,45.8544235229492
21.75,39.25,43.8401527404785
22.25,39.25,41.7873306274414
22.75,39.25,39.705955505371
23.25,39.25,37.6062049865722
23.75,39.25,35.5007209777832
24.25,39.25,33.4065017700195
24.75,39.25,31.3451690673828
25.25,39.25,29.3422908782959
25.75,39.25,27.4254493713378
26.25,39.25,25.6215267181396
26.75,39.25,23.9541244506835
27.25,39.25,22.4413547515869
27.75,39.25,21.0944995880126
28.25,39.25,19.9174861907959
28.75,39.25,18.9073753356933
29.25,39.25,18.0551738739013
29.75,39.25,17.3470287322998
30.25,39.25,16.7653865814209
30.75,39.25,16.2901439666748
31.25,39.25,15.8996896743774
31.75,39.25,15.5717611312866
32.25,39.25,15.2843713760375
32.75,39.25,15.0164623260498
33.25,39.25,14.7483377456665
33.75,39.25,14.4619722366333
34.25,39.25,14.141110420227
34.75,39.25,13.7715187072753
35.25,39.25,13.3412904739379
35.75,39.25,12.8415594100952
36.25,39.25,12.2675342559814
36.75,39.25,11.6196928024292
37.25,39.25,10.9047384262084
37.75,39.25,10.1360034942626
38.25,39.25,9.33301353454589
38.75,39.25,8.51998043060302
39.25,39.25,7.72338819503784
39.75,39.25,6.96924638748168
40.25,39.25,6.28027725219726
40.75,39.25,5.67391920089721
41.25,39.25,5.16132974624633
41.75,39.25,4.74738407135009
42.25,39.25,4.4313416481018
42.75,39.25,4.20788145065307
43.25,39.25,4.06757545471191
43.75,39.25,3.997004032135
44.25,39.25,3.97939443588256
44.75,39.25,3.99543356895446
-44.75,39.75,4.39900875091552
-44.25,39.75,4.56561946868896
-43.75,39.75,4.66673183441162
-43.25,39.75,4.70865440368652
-42.75,39.75,4.69500112533569
-42.25,39.75,4.62833404541015
-41.75,39.75,4.51486730575561
-41.25,39.75,4.36481618881225
-40.75,39.75,4.19138669967651
-40.25,39.75,4.00924491882324
-39.75,39.75,3.83273863792419
-39.25,39.75,3.67433547973632
-38.75,39.75,3.54338121414184
-38.25,39.75,3.44538927078247
-37.75,39.75,3.38176894187927
-37.25,39.75,3.34998130798339
-36.75,39.75,3.34407544136047
-36.25,39.75,3.3555519580841
-35.75,39.75,3.3746120929718
-35.25,39.75,3.39168620109558
-34.75,39.75,3.39903759956359
-34.25,39.75,3.39217042922973
-33.75,39.75,3.37065505981445
-33.25,39.75,3.33812618255615
-32.75,39.75,3.30151152610778
-32.25,39.75,3.26963067054748
-31.75,39.75,3.25154590606689
-31.25,39.75,3.2551896572113
-30.75,39.75,3.28645944595336
-30.25,39.75,3.34886288642883
-29.75,39.75,3.44365406036376
-29.25,39.75,3.57016253471374
-28.75,39.75,3.72606110572814
-28.25,39.75,3.90751981735229
-27.75,39.75,4.10922765731811
-27.25,39.75,4.32444190979003
-26.75,39.75,4.54520225524902
-26.25,39.75,4.76288223266601
-25.75,39.75,4.96901607513427
-25.25,39.75,5.15631675720214
-24.75,39.75,5.31974840164184
-24.25,39.75,5.45734977722168
-23.75,39.75,5.57072782516479
-23.25,39.75,5.66510915756225
-22.75,39.75,5.74892044067382
-22.25,39.75,5.83309364318847
-21.75,39.75,5.93018674850463
-21.25,39.75,6.05350112915039
-20.75,39.75,6.21628761291503
-20.25,39.75,6.43112564086914
-19.75,39.75,6.70942687988281
-19.25,39.75,7.06104278564453
-18.75,39.75,7.49388360977172
-18.25,39.75,8.01343250274658
-17.75,39.75,8.62223052978515
-17.25,39.75,9.31934165954589
-16.75,39.75,10.0999116897583
-16.25,39.75,10.9548082351684
-15.75,39.75,11.8705530166625
-15.25,39.75,12.8295745849609
-14.75,39.75,13.8108787536621
-14.25,39.75,14.7910394668579
-13.75,39.75,15.7455787658691
-13.25,39.75,16.6503086090087
-12.75,39.75,17.4828910827636
-12.25,39.75,18.2242240905761
-11.75,39.75,18.8596687316894
-11.25,39.75,19.3799743652343
-10.75,39.75,19.7819004058837
-10.25,39.75,20.0683917999267
-9.75,39.75,20.2484073638916
-9.25,39.75,20.3362102508544
-8.75,39.75,20.3504276275634
-8.25,39.75,20.3125953674316
-7.75,39.75,20.2457046508789
-7.25,39.75,20.1726284027099
-6.75,39.75,20.1146507263183
-6.25,39.75,20.0903892517089
-5.75,39.75,20.1148815155029
-5.25,39.75,20.1989765167236
-4.75,39.75,20.3490524291992
-4.25,39.75,20.5670051574707
-3.75,39.75,20.8503761291503
-3.25,39.75,21.1928367614746
-2.75,39.75,21.5846691131591
-2.25,39.75,22.0135898590087
-1.75,39.75,22.4655380249023
-1.25,39.75,22.925573348999
-0.75,39.75,23.378791809082
-0.25,39.75,23.8112964630126
0.25,39.75,24.2110157012939
0.75,39.75,24.5686492919921
1.25,39.75,24.8786220550537
1.75,39.75,25.1398658752441
2.25,39.75,25.3564987182617
2.75,39.75,25.538179397583
3.25,39.75,25.7000255584716
3.75,39.75,25.8619956970214
4.25,39.75,26.0477809906005
4.75,39.75,26.2832698822021
5.25,39.75,26.594627380371
5.75,39.75,27.0064029693603
6.25,39.75,27.53950881958
6.75,39.75,28.2095222473144
7.25,39.75,29.0252704620361
7.75,39.75,29.9879779815673
8.25,39.75,31.0907363891601
8.75,39.75,32.3187942504882
9.25,39.75,33.6505737304687
9.75,39.75,35.0590438842773
10.25,39.75,36.513874053955
10.75,39.75,37.9836120605468
11.25,39.75,39.4377632141113
11.75,39.75,40.848331451416
12.25,39.75,42.1906089782714
12.75,39.75,43.443073272705
13.25,39.75,44.5868186950683
13.75,39.75,45.6043128967285
14.25,39.75,46.4784927368164
14.75,39.75,47.192211151123
15.25,39.75,47.7284393310546
15.75,39.75,48.0715370178222
16.25,39.75,48.2090034484863
16.75,39.75,48.1334838867187
17.25,39.75,47.8441085815429
17.75,39.75,47.3476371765136
18.25,39.75,46.6580047607421
18.75,39.75,45.794750213623
19.25,39.75,44.7805366516113
19.75,39.75,43.6381568908691
20.25,39.75,42.3876876831054
20.75,39.75,41.0444831848144
21.25,39.75,39.618293762207
21.75,39.75,38.1139793395996
22.25,39.75,36.5335235595703
22.75,39.75,34.8790054321289
23.25,39.75,33.1559753417968
23.75,39.75,31.3762283325195
24.25,39.75,29.5593833923339
24.75,39.75,27.7327690124511
25.25,39.75,25.9297084808349
25.75,39.75,24.1863975524902
26.25,39.75,22.5381546020507
26.75,39.75,21.0158367156982
27.25,39.75,19.6431369781494
27.75,39.75,18.4352092742919
28.25,39.75,17.3983192443847
28.75,39.75,16.5308074951171
29.25,39.75,15.8244371414184
29.75,39.75,15.2659549713134
30.25,39.75,14.8385143280029
30.75,39.75,14.5228881835937
31.25,39.75,14.2984294891357
31.75,39.75,14.1437940597534
32.25,39.75,14.0375394821167
32.75,39.75,13.9585790634155
33.25,39.75,13.8863306045532
33.75,39.75,13.8008127212524
34.25,39.75,13.6826343536376
34.75,39.75,13.5132484436035
35.25,39.75,13.275408744812
35.75,39.75,12.9542427062988
36.25,39.75,12.5387668609619
36.75,39.75,12.0237855911254
37.25,39.75,11.4114780426025
37.75,39.75,10.7124643325805
38.25,39.75,9.94570064544677
38.75,39.75,9.13712787628173
39.25,39.75,8.31700134277343
39.75,39.75,7.51657724380493
40.25,39.75,6.76457595825195
40.75,39.75,6.08434963226318
41.25,39.75,5.49220609664917
41.75,39.75,4.99688625335693
42.25,39.75,4.60000848770141
42.75,39.75,4.29716777801513
43.25,39.75,4.0787124633789
43.75,39.75,3.93037509918212
44.25,39.75,3.83458685874938
44.75,39.75,3.77198076248168
-44.75,40.25,4.03726959228515
-44.25,40.25,4.19801568984985
-43.75,40.25,4.2908878326416
-43.25,40.25,4.32231140136718
-42.75,40.25,4.29724931716918
-42.25,40.25,4.22062015533447
-41.75,40.25,4.10139274597168
-41.25,40.25,3.95247220993042
-40.75,40.25,3.7893259525299
-40.25,40.25,3.62808752059936
-39.75,40.25,3.48361563682556
-39.25,40.25,3.36791968345642
-38.75,40.25,3.28908681869506
-38.25,40.25,3.25076103210449
-37.75,40.25,3.25204348564147
-37.25,40.25,3.28771901130676
-36.75,40.25,3.34877777099609
-36.25,40.25,3.4232804775238
-35.75,40.25,3.49771237373352
-35.25,40.25,3.55879116058349
-34.75,40.25,3.59552955627441
-34.25,40.25,3.6011619567871
-33.75,40.25,3.57440161705017
-33.25,40.25,3.51967144012451
-32.75,40.25,3.44622635841369
-32.25,40.25,3.36638212203979
-31.75,40.25,3.293297290802
-31.25,40.25,3.23899555206298
-30.75,40.25,3.2129521369934
-30.25,40.25,3.22146415710449
-29.75,40.25,3.26769661903381
-29.25,40.25,3.35210585594177
-28.75,40.25,3.47288751602172
-28.25,40.25,3.62626385688781
-27.75,40.25,3.80659890174865
-27.25,40.25,4.00643253326416
-26.75,40.25,4.21662473678588
-26.25,40.25,4.4268364906311
-25.75,40.25,4.62634992599487
-25.25,40.25,4.80517435073852
-24.75,40.25,4.95535469055175
-24.25,40.25,5.07205724716186
-23.75,40.25,5.15442419052124
-23.25,40.25,5.20583534240722
-22.75,40.25,5.23368406295776
-22.25,40.25,5.24863481521606
-21.75,40.25,5.26366376876831
-21.25,40.25,5.29295015335083
-20.75,40.25,5.35087966918945
-20.25,40.25,5.45127916336059
-19.75,40.25,5.60684728622436
-19.25,40.25,5.8288140296936
-18.75,40.25,6.12669134140014
-18.25,40.25,6.50795412063598
-17.75,40.25,6.97764778137207
-17.25,40.25,7.53790807723999
-16.75,40.25,8.18747234344482
-16.25,40.25,8.92116355895996
-15.75,40.25,9.72953510284423
-15.25,40.25,10.5987548828125
-14.75,40.25,11.5108938217163
-14.25,40.25,12.4445056915283
-13.75,40.25,13.375657081604
-13.25,40.25,14.2791347503662
-12.75,40.25,15.1299285888671
-12.25,40.25,15.9048442840576
-11.75,40.25,16.5840702056884
-11.25,40.25,17.152696609497
-10.75,40.25,17.6018772125244
-10.25,40.25,17.929609298706
-9.75,40.25,18.1409740447998
-9.25,40.25,18.2477092742919
-8.75,40.25,18.2673015594482
-8.25,40.25,18.2214622497558
-7.75,40.25,18.1343231201171
-7.25,40.25,18.0305595397949
-6.75,40.25,17.9336013793945
-6.25,40.25,17.8641529083251
-5.75,40.25,17.8390522003173
-5.25,40.25,17.8705177307128
-4.75,40.25,17.9657249450683
-4.25,40.25,18.1267299652099
-3.75,40.25,18.3506908416748
-3.25,40.25,18.6303310394287
-2.75,40.25,18.9545822143554
-2.25,40.25,19.3095760345459
-1.75,40.25,19.6796398162841
-1.25,40.25,20.048469543457
-0.75,40.25,20.4002838134765
-0.25,40.25,20.7210063934326
0.25,40.25,20.9992694854736
0.75,40.25,21.2273044586181
1.25,40.25,21.4018077850341
1.75,40.25,21.5244083404541
2.25,40.25,21.6020488739013
2.75,40.25,21.6468486785888
3.25,40.25,21.6757087707519
3.75,40.25,21.7093105316162
4.25,40.25,21.7709369659423
4.75,40.25,21.8847885131835
5.25,40.25,22.0743331909179
5.75,40.25,22.3604946136474
6.25,40.25,22.760082244873
6.75,40.25,23.2843208312988
7.25,40.25,23.9379425048828
7.75,40.25,24.7185363769531
8.25,40.25,25.6164608001709
8.75,40.25,26.6154632568359
9.25,40.25,27.6938686370849
9.75,40.25,28.8262710571289
10.25,40.25,29.9857864379882
10.75,40.25,31.1461772918701
11.25,40.25,32.2837791442871
11.75,40.25,33.3788452148437
12.25,40.25,34.4158668518066
12.75,40.25,35.3832321166992
13.25,40.25,36.2719535827636
13.75,40.25,37.0742263793945
14.25,40.25,37.7819519042968
14.75,40.25,38.3858528137207
15.25,40.25,38.8753204345703
15.75,40.25,39.2392311096191
16.25,40.25,39.4674491882324
16.75,40.25,39.5525131225585
17.25,40.25,39.4911613464355
17.75,40.25,39.2853775024414
18.25,40.25,38.9421653747558
18.75,40.25,38.4724082946777
19.25,40.25,37.8886909484863
19.75,40.25,37.2026748657226
20.25,40.25,36.422550201416
20.75,40.25,35.5513725280761
21.25,40.25,34.5866432189941
21.75,40.25,33.5215492248535
22.25,40.25,32.3476982116699
22.75,40.25,31.0589942932128
23.25,40.25,29.6556873321533
23.75,40.25,28.1476612091064
24.25,40.25,26.5561561584472
24.75,40.25,24.9132328033447
25.25,40.25,23.2591533660888
25.75,40.25,21.63818359375
26.25,40.25,20.0936470031738
26.75,40.25,18.663438796997
27.25,40.25,17.3767719268798
27.75,40.25,16.2526893615722
28.25,40.25,15.2999830245971
28.75,40.25,14.5185804367065
29.25,40.25,13.9014148712158
29.75,40.25,13.4364233016967
30.25,40.25,13.1082010269165
30.75,40.25,12.8992891311645
31.25,40.25,12.7910566329956
31.75,40.25,12.7641286849975
32.25,40.25,12.7987012863159
32.75,40.25,12.874584197998
33.25,40.25,12.9710636138916
33.75,40.25,13.0666713714599
34.25,40.25,13.1390886306762
34.75,40.25,13.1653213500976
35.25,40.25,13.122407913208
35.75,40.25,12.9888315200805
36.25,40.25,12.74658203125
36.75,40.25,12.3838052749633
37.25,40.25,11.8970546722412
37.75,40.25,11.2930564880371
38.25,40.25,10.5890417098999
38.75,40.25,9.81156826019287
39.25,40.25,8.99365425109863
39.75,40.25,8.17100524902343
40.25,40.25,7.37775039672851
40.75,40.25,6.64283227920532
41.25,40.25,5.98756551742553
41.75,40.25,5.42457246780395
42.25,40.25,4.9579005241394
42.75,40.25,4.58408451080322
43.25,40.25,4.2931637763977
43.75,40.25,4.06984901428222
44.25,40.25,3.89560079574584
44.75,40.25,3.75092601776123
-44.75,40.75,3.78888010978698
-44.25,40.75,3.96324920654296
-43.75,40.75,4.06719207763671
-43.25,40.75,4.10581541061401
-42.75,40.75,4.08404064178466
-42.25,40.75,4.00802707672119
-41.75,40.75,3.88884878158569
-41.25,40.75,3.74203205108642
-40.75,40.75,3.58572244644165
-40.25,40.75,3.43832087516784
-39.75,40.75,3.31616497039794
-39.25,40.75,3.23177027702331
-38.75,40.75,3.19272899627685
-38.25,40.75,3.20131111145019
-37.75,40.75,3.25450348854064
-37.25,40.75,3.34437155723571
-36.75,40.75,3.45870089530944
-36.25,40.75,3.58197975158691
-35.75,40.75,3.69696807861328
-35.25,40.75,3.7868628501892
-34.75,40.75,3.8377935886383
-34.25,40.75,3.8412160873413
-33.75,40.75,3.79551792144775
-33.25,40.75,3.70638489723205
-32.75,40.75,3.58574533462524
-32.25,40.75,3.44960165023803
-31.75,40.75,3.31523966789245
-31.25,40.75,3.19864416122436
-30.75,40.75,3.11264634132385
-30.25,40.75,3.06601166725158
-29.75,40.75,3.06345963478088
-29.25,40.75,3.10621309280395
-28.75,40.75,3.19265985488891
-28.25,40.75,3.31883263587951
-27.75,40.75,3.47864246368408
-27.25,40.75,3.66393184661865
-26.75,40.75,3.86454606056213
-26.25,40.75,4.06872224807739
-25.75,40.75,4.26385116577148
-25.25,40.75,4.4376425743103
-24.75,40.75,4.57957744598388
-24.25,40.75,4.68227434158325
-23.75,40.75,4.7426118850708
-23.25,40.75,4.76227569580078
-22.75,40.75,4.74765491485595
-22.25,40.75,4.70915794372558
-21.75,40.75,4.66008281707763
-21.25,40.75,4.61532878875732
-20.75,40.75,4.5901460647583
-20.25,40.75,4.59918069839477
-19.75,40.75,4.65583181381225
-19.25,40.75,4.77195644378662
-18.75,40.75,4.95778083801269
-18.25,40.75,5.22181034088134
-17.75,40.75,5.57066535949707
-17.25,40.75,6.00880098342895
-16.75,40.75,6.53805208206176
-16.25,40.75,7.15707683563232
-15.75,40.75,7.86074876785278
-15.25,40.75,8.63971042633056
-14.75,40.75,9.4801435470581
-14.25,40.75,10.3638858795166
-13.75,40.75,11.2689323425292
-13.25,40.75,12.1703100204467
-12.75,40.75,13.0413951873779
-12.25,40.75,13.8555841445922
-11.75,40.75,14.5882005691528
-11.25,40.75,15.2185201644897
-10.75,40.75,15.7316169738769
-10.25,40.75,16.1197719573974
-9.75,40.75,16.3832817077636
-9.25,40.75,16.5304336547851
-8.75,40.75,16.5767593383789
-8.25,40.75,16.54345703125
-7.75,40.75,16.4553871154785
-7.25,40.75,16.3388328552246
-6.75,40.75,16.2193508148193
-6.25,40.75,16.1199436187744
-5.75,40.75,16.0595970153808
-5.25,40.75,16.0523090362548
-4.75,40.75,16.1065330505371
-4.25,40.75,16.2249908447265
-3.75,40.75,16.4048633575439
-3.25,40.75,16.6382541656494
-2.75,40.75,16.9129066467285
-2.25,40.75,17.2132740020751
-1.75,40.75,17.5217876434326
-1.25,40.75,17.8202667236328
-0.75,40.75,18.0914630889892
-0.25,40.75,18.3205738067626
0.25,40.75,18.4964847564697
0.75,40.75,18.6128349304199
1.25,40.75,18.6687107086181
1.75,40.75,18.6689262390136
2.25,40.75,18.6238269805908
2.75,40.75,18.5487174987792
3.25,40.75,18.4628677368164
3.75,40.75,18.3881778717041
4.25,40.75,18.3476657867431
4.75,40.75,18.3639087677001
5.25,40.75,18.4574222564697
5.75,40.75,18.6452941894531
6.25,40.75,18.9398956298828
6.75,40.75,19.3479175567626
7.25,40.75,19.8698024749755
7.75,40.75,20.4995517730712
8.25,40.75,21.2249431610107
8.75,40.75,22.028486251831
9.25,40.75,22.8888149261474
9.75,40.75,23.7826042175292
10.25,40.75,24.6867446899414
10.75,40.75,25.5803985595703
11.25,40.75,26.4467258453369
11.75,40.75,27.2736930847167
12.25,40.75,28.054141998291
12.75,40.75,28.7848987579345
13.25,40.75,29.4651775360107
13.75,40.75,30.0947399139404
14.25,40.75,30.6722011566162
14.75,40.75,31.1939125061035
15.25,40.75,31.6534881591796
15.75,40.75,32.0425224304199
16.25,40.75,32.3518333435058
16.75,40.75,32.5731353759765
17.25,40.75,32.7006149291992
17.75,40.75,32.7320747375488
18.25,40.75,32.6690673828125
18.75,40.75,32.5159301757812
19.25,40.75,32.2779235839843
19.75,40.75,31.9587211608886
20.25,40.75,31.5579395294189
20.75,40.75,31.0694713592529
21.25,40.75,30.481273651123
21.75,40.75,29.7768974304199
22.25,40.75,28.9388732910156
22.75,40.75,27.9533596038818
23.25,40.75,26.8150482177734
23.75,40.75,25.531135559082
24.25,40.75,24.1233158111572
24.75,40.75,22.6270008087158
25.25,40.75,21.0879936218261
25.75,40.75,19.557331085205
26.25,40.75,18.0852222442626
26.75,40.75,16.7156982421875
27.25,40.75,15.4828367233276
27.75,40.75,14.4091167449951
28.25,40.75,13.5055894851684
28.75,40.75,12.7736501693725
29.25,40.75,12.2074041366577
29.75,40.75,11.7960653305053
30.25,40.75,11.5258960723876
30.75,40.75,11.3815603256225
31.25,40.75,11.346960067749
31.75,40.75,11.4053621292114
32.25,40.75,11.5394315719604
32.75,40.75,11.7308731079101
33.25,40.75,11.9598808288574
33.75,40.75,12.204641342163
34.25,40.75,12.4409780502319
34.75,40.75,12.6424627304077
35.25,40.75,12.7812595367431
35.75,40.75,12.8298044204711
36.25,40.75,12.7633714675903
36.75,40.75,12.5633306503295
37.25,40.75,12.2201356887817
37.75,40.75,11.7356824874877
38.25,40.75,11.1242046356201
38.75,40.75,10.4112997055053
39.25,40.75,9.63106632232666
39.75,40.75,8.82196807861328
40.25,40.75,8.02206802368164
40.75,40.75,7.26467418670654
41.25,40.75,6.57526350021362
41.75,40.75,5.96981477737426
42.25,40.75,5.45458602905273
42.75,40.75,5.02705097198486
43.25,40.75,4.67712593078613
43.75,40.75,4.38875484466552
44.25,40.75,4.14282035827636
44.75,40.75,3.92019414901733
-44.75,41.25,3.65729236602783
-44.25,41.25,3.86539149284362
-43.75,41.25,4.0005989074707
-43.25,41.25,4.0649619102478
-42.75,41.25,4.06169843673706
-42.25,41.25,3.99683475494384
-41.75,41.25,3.88278770446777
-41.25,41.25,3.73759078979492
-40.75,41.25,3.58258843421936
-40.25,41.25,3.43943214416503
-39.75,41.25,3.32714080810546
-39.25,41.25,3.25989842414855
-38.75,41.25,3.24570870399475
-38.25,41.25,3.28597831726074
-37.75,41.25,3.3756980895996
-37.25,41.25,3.50405645370483
-36.75,41.25,3.65538072586059
-36.25,41.25,3.81045675277709
-35.75,41.25,3.94848012924194
-35.25,41.25,4.04960918426513
-34.75,41.25,4.09786415100097
-34.25,41.25,4.08382368087768
-33.75,41.25,4.00640439987182
-33.25,41.25,3.87318134307861
-32.75,41.25,3.69906401634216
-32.25,41.25,3.50368070602417
-31.75,41.25,3.30808234214782
-31.25,41.25,3.13164138793945
-30.75,41.25,2.98984313011169
-30.25,41.25,2.89319705963134
-29.75,41.25,2.84728193283081
-29.25,41.25,2.85346174240112
-28.75,41.25,2.90978360176086
-28.25,41.25,3.01168632507324
-27.75,41.25,3.15237975120544
-27.25,41.25,3.3229489326477
-26.75,41.25,3.5123872756958
-26.25,41.25,3.70790553092956
-25.75,41.25,3.89561319351196
-25.25,41.25,4.06168127059936
-24.75,41.25,4.1938796043396
-24.25,41.25,4.28308153152465
-23.75,41.25,4.32461881637573
-23.25,41.25,4.31898498535156
-22.75,41.25,4.27187347412109
-22.25,41.25,4.19346714019775
-21.75,41.25,4.09724283218383
-21.25,41.25,3.99848127365112
-20.75,41.25,3.91283535957336
-20.25,41.25,3.85520100593566
-19.75,41.25,3.83902239799499
-19.25,41.25,3.87604689598083
-18.75,41.25,3.97640347480773
-18.25,41.25,4.14875364303588
-17.75,41.25,4.40041208267211
-17.25,41.25,4.7372727394104
-16.75,41.25,5.16351890563964
-16.25,41.25,5.68104839324951
-15.75,41.25,6.28874158859252
-15.25,41.25,6.98167610168457
-14.75,41.25,7.7504539489746
-14.25,41.25,8.5808048248291
-13.75,41.25,9.45351982116699
-13.25,41.25,10.3449239730834
-12.75,41.25,11.2278690338134
-12.25,41.25,12.0734329223632
-11.75,41.25,12.8529615402221
-11.25,41.25,13.5406312942504
-10.75,41.25,14.11581325531
-10.25,41.25,14.5651922225952
-9.75,41.25,14.884141921997
-9.25,41.25,15.0771951675415
-8.75,41.25,15.1574850082397
-8.25,41.25,15.1452808380126
-7.75,41.25,15.0657396316528
-7.25,41.25,14.9464473724365
-6.75,41.25,14.8149080276489
-6.25,41.25,14.6963243484497
-5.75,41.25,14.6118612289428
-5.25,41.25,14.5774555206298
-4.75,41.25,14.6030559539794
-4.25,41.25,14.6923627853393
-3.75,41.25,14.8428983688354
-3.25,41.25,15.0464134216308
-2.75,41.25,15.2896280288696
-2.25,41.25,15.5553331375122
-1.75,41.25,15.8238725662231
-1.25,41.25,16.0748138427734
-0.75,41.25,16.288911819458
-0.25,41.25,16.4500408172607
0.25,41.25,16.5468292236328
0.75,41.25,16.5739192962646
1.25,41.25,16.5326519012451
1.75,41.25,16.4310474395751
2.25,41.25,16.2831363677978
2.75,41.25,16.1077537536621
3.25,41.25,15.9269037246704
3.75,41.25,15.7639732360839
4.25,41.25,15.6419677734375
4.75,41.25,15.5819072723388
5.25,41.25,15.6014223098754
5.75,41.25,15.7137241363525
6.25,41.25,15.9267740249633
6.75,41.25,16.242769241333
7.25,41.25,16.6580390930175
7.75,41.25,17.1631774902343
8.25,41.25,17.7437171936035
8.75,41.25,18.3812942504882
9.25,41.25,19.0553035736084
9.75,41.25,19.7448806762695
10.25,41.25,20.4310035705566
10.75,41.25,21.0983180999755
11.25,41.25,21.7364845275878
11.75,41.25,22.3405857086181
12.25,41.25,22.9106998443603
12.75,41.25,23.4505825042724
13.25,41.25,23.9657936096191
13.75,41.25,24.4616432189941
14.25,41.25,24.9413604736328
14.75,41.25,25.4047870635986
15.25,41.25,25.847951889038
15.75,41.25,26.2635803222656
16.25,41.25,26.6422214508056
16.75,41.25,26.9740142822265
17.25,41.25,27.2503566741943
17.75,41.25,27.4652938842773
18.25,41.25,27.6159114837646
18.75,41.25,27.7017002105712
19.25,41.25,27.7228965759277
19.75,41.25,27.6780662536621
20.25,41.25,27.5614643096923
20.75,41.25,27.3611755371093
21.25,41.25,27.0588302612304
21.75,41.25,26.6311817169189
22.25,41.25,26.0539035797119
22.75,41.25,25.3068084716796
23.25,41.25,24.3796157836914
23.75,41.25,23.2765216827392
24.25,41.25,22.0186557769775
24.75,41.25,20.6432628631591
25.25,41.25,19.199836730957
25.75,41.25,17.7442188262939
26.25,41.25,16.3316860198974
26.75,41.25,15.0108184814453
27.25,41.25,13.8193254470825
27.75,41.25,12.7822256088256
28.25,41.25,11.9122066497802
28.75,41.25,11.2117366790771
29.25,41.25,10.6758117675781
29.75,41.25,10.294750213623
30.25,41.25,10.056318283081
30.75,41.25,9.94724941253662
31.25,41.25,9.9539794921875
31.75,41.25,10.0626430511474
32.25,41.25,10.2587890625
32.75,41.25,10.5267000198364
33.25,41.25,10.8485021591186
33.75,41.25,11.2033081054687
34.25,41.25,11.5666246414184
34.75,41.25,11.9103097915649
35.25,41.25,12.2033758163452
35.75,41.25,12.4138584136962
36.25,41.25,12.5116519927978
36.75,41.25,12.4722442626953
37.25,41.25,12.2802629470825
37.75,41.25,11.9324235916137
38.25,41.25,11.4388952255249
38.75,41.25,10.8227252960205
39.25,41.25,10.117070198059
39.75,41.25,9.36097717285156
40.25,41.25,8.59431457519531
40.75,41.25,7.85293102264404
41.25,41.25,7.16501665115356
41.75,41.25,6.54896020889282
42.25,41.25,6.01274108886718
42.75,41.25,5.55474758148193
43.25,41.25,5.16506242752075
43.75,41.25,4.82744026184082
44.25,41.25,4.52291393280029
44.75,41.25,4.23346185684204
-44.75,41.75,3.62410426139831
-44.25,41.75,3.882737159729
-43.75,41.75,4.0660810470581
-43.25,41.75,4.17168760299682
-42.75,41.75,4.19966411590576
-42.25,41.75,4.15473747253418
-41.75,41.75,4.04995965957641
-41.25,41.75,3.90570974349975
-40.75,41.75,3.74689269065856
-40.25,41.75,3.59916830062866
-39.75,41.75,3.48519539833068
-39.25,41.75,3.42177319526672
-38.75,41.75,3.41805148124694
-38.25,41.75,3.47498703002929
-37.75,41.75,3.58566403388977
-37.25,41.75,3.73628544807434
-36.75,41.75,3.90760898590087
-36.25,41.75,4.0768175125122
-35.75,41.75,4.21997928619384
-35.25,41.75,4.31502199172973
-34.75,41.75,4.34492206573486
-34.25,41.75,4.30050706863403
-33.75,41.75,4.18216323852539
-33.25,41.75,3.99992513656616
-32.75,41.75,3.77177190780639
-32.25,41.75,3.52058053016662
-31.75,41.75,3.27041244506835
-31.25,41.75,3.04306721687316
-30.75,41.75,2.85565900802612
-30.25,41.75,2.71948504447937
-29.75,41.75,2.64014363288879
-29.25,41.75,2.61843943595886
-28.75,41.75,2.65151000022888
-28.25,41.75,2.73375225067138
-27.75,41.75,2.85735774040222
-27.25,41.75,3.01252579689025
-26.75,41.75,3.18750953674316
-26.25,41.75,3.36888241767883
-25.75,41.75,3.54218411445617
-25.25,41.75,3.69302868843078
-24.75,41.75,3.80863499641418
-24.25,41.75,3.8793601989746
-23.75,41.75,3.90008425712585
-23.25,41.75,3.87097263336181
-22.75,41.75,3.7975206375122
-22.25,41.75,3.68983721733093
-21.75,41.75,3.56135964393615
-21.25,41.75,3.42728734016418
-20.75,41.75,3.30304241180419
-20.25,41.75,3.20307421684265
-19.75,41.75,3.14016962051391
-19.25,41.75,3.12527751922607
-18.75,41.75,3.16774988174438
-18.25,41.75,3.27571058273315
-17.75,41.75,3.45641708374023
-17.25,41.75,3.71640300750732
-16.75,41.75,4.06134796142578
-16.25,41.75,4.49555015563964
-15.75,41.75,5.0211157798767
-15.25,41.75,5.63693618774414
-14.75,41.75,6.33766269683837
-14.25,41.75,7.11283206939697
-13.75,41.75,7.9463186264038
-13.25,41.75,8.81634998321533
-12.75,41.75,9.69622135162353
-12.25,41.75,10.5558242797851
-11.75,41.75,11.3638467788696
-11.25,41.75,12.0906047821044
-10.75,41.75,12.7109632492065
-10.25,41.75,13.2069520950317
-9.75,41.75,13.5697135925292
-9.25,41.75,13.8003969192504
-8.75,41.75,13.90989112854
-8.25,41.75,13.9173774719238
-7.75,41.75,13.8480672836303
-7.25,41.75,13.7304372787475
-6.75,41.75,13.5934896469116
-6.25,41.75,13.4642171859741
-5.75,41.75,13.3656139373779
-5.25,41.75,13.3152799606323
-4.75,41.75,13.3245277404785
-4.25,41.75,13.3980054855346
-3.75,41.75,13.5336322784423
-3.25,41.75,13.7229881286621
-2.75,41.75,13.9519090652465
-2.25,41.75,14.2016744613647
-1.75,41.75,14.4505434036254
-1.25,41.75,14.6757459640502
-0.75,41.75,14.8557815551757
-0.25,41.75,14.9728631973266
0.25,41.75,15.0149412155151
0.75,41.75,14.9772777557373
1.25,41.75,14.8631362915039
1.75,41.75,14.6834993362426
2.25,41.75,14.4559535980224
2.75,41.75,14.2028179168701
3.25,41.75,13.9488515853881
3.75,41.75,13.7189931869506
4.25,41.75,13.5363149642944
4.75,41.75,13.4203948974609
5.25,41.75,13.3861246109008
5.75,41.75,13.4430198669433
6.25,41.75,13.594856262207
6.75,41.75,13.8395853042602
7.25,41.75,14.1696672439575
7.75,41.75,14.5726556777954
8.25,41.75,15.0321712493896
8.75,41.75,15.5294275283813
9.25,41.75,16.0449676513671
9.75,41.75,16.5607376098632
10.25,41.75,17.0619926452636
10.75,41.75,17.5388355255126
11.25,41.75,17.9870643615722
11.75,41.75,18.4080963134765
12.25,41.75,18.8080863952636
12.75,41.75,19.19624710083
13.25,41.75,19.582763671875
13.75,41.75,19.9766807556152
14.25,41.75,20.3839950561523
14.75,41.75,20.806411743164
15.25,41.75,21.2409439086914
15.75,41.75,21.6802711486816
16.25,41.75,22.1138801574707
16.75,41.75,22.529836654663
17.25,41.75,22.916597366333
17.75,41.75,23.264627456665
18.25,41.75,23.5671329498291
18.75,41.75,23.8198070526123
19.25,41.75,24.0194625854492
19.75,41.75,24.1616058349609
20.25,41.75,24.2377281188964
20.75,41.75,24.2331657409667
21.25,41.75,24.1264743804931
21.75,41.75,23.8908462524414
22.25,41.75,23.4980163574218
22.75,41.75,22.9237804412841
23.25,41.75,22.1543254852294
23.75,41.75,21.1913127899169
24.25,41.75,20.0547885894775
24.75,41.75,18.7823772430419
25.25,41.75,17.4252433776855
25.75,41.75,16.0416965484619
26.25,41.75,14.6897163391113
26.75,41.75,13.4203433990478
27.25,41.75,12.2731847763061
27.75,41.75,11.2745294570922
28.25,41.75,10.4378309249877
28.75,41.75,9.76606941223144
29.25,41.75,9.25476264953613
29.75,41.75,8.89499187469482
30.25,41.75,8.67576026916503
30.75,41.75,8.58553600311279
31.25,41.75,8.6130142211914
31.75,41.75,8.74697017669677
32.25,41.75,8.975830078125
32.75,41.75,9.28671932220459
33.25,41.75,9.66431427001953
33.75,41.75,10.0897340774536
34.25,41.75,10.5396432876586
34.75,41.75,10.9860525131225
35.25,41.75,11.3969478607177
35.75,41.75,11.7381496429443
36.25,41.75,11.9762248992919
36.75,41.75,12.0824432373046
37.25,41.75,12.0366563796997
37.75,41.75,11.8306732177734
38.25,41.75,11.4700555801391
38.75,41.75,10.9739799499511
39.25,41.75,10.3727474212646
39.75,41.75,9.70374870300293
40.25,41.75,9.00635528564453
40.75,41.75,8.31686305999755
41.25,41.75,7.6645073890686
41.75,41.75,7.06896352767944
42.25,41.75,6.53940105438232
42.75,41.75,6.07512426376342
43.25,41.75,5.66685009002685
43.75,41.75,5.29890203475952
44.25,41.75,4.95333003997802
44.75,41.75,4.61394119262695
-44.75,42.25,3.65275931358337
-44.25,42.25,3.97225737571716
-43.75,42.25,4.21419763565063
-43.25,42.25,4.37088394165039
-42.75,42.25,4.43852806091308
-42.25,42.25,4.41981506347656
-41.75,42.25,4.32786512374877
-41.25,42.25,4.18509817123413
-40.75,42.25,4.0199327468872
-40.25,42.25,3.8622453212738
-39.75,42.25,3.73871994018554
-39.25,42.25,3.66923022270202
-38.75,42.25,3.6644811630249
-38.25,42.25,3.72528147697448
-37.75,42.25,3.84299206733703
-37.25,42.25,4.00097036361694
-36.75,42.25,4.17663526535034
-36.25,42.25,4.34400749206543
-35.75,42.25,4.47675609588623
-35.25,42.25,4.55157804489135
-34.75,42.25,4.55152559280395
-34.25,42.25,4.46873092651367
-33.75,42.25,4.3058066368103
-33.25,42.25,4.07555246353149
-32.75,42.25,3.79879736900329
-32.25,42.25,3.50098586082458
-31.75,42.25,3.20818185806274
-31.25,42.25,2.94345760345459
-30.75,42.25,2.72445082664489
-30.25,42.25,2.56227898597717
-29.75,42.25,2.46179056167602
-29.25,42.25,2.42263627052307
-28.75,42.25,2.44057440757751
-28.25,42.25,2.50857257843017
-27.75,42.25,2.61750841140747
-27.25,42.25,2.75651574134826
-26.75,42.25,2.91314029693603
-26.25,42.25,3.07365083694458
-25.75,42.25,3.22369289398193
-25.25,42.25,3.34935069084167
-24.75,42.25,3.43857598304748
-24.25,42.25,3.48258328437805
-23.75,42.25,3.47710275650024
-23.25,42.25,3.42299461364746
-22.75,42.25,3.32618737220764
-22.25,42.25,3.1968867778778
-21.75,42.25,3.04826307296752
-21.25,42.25,2.89489030838012
-20.75,42.25,2.75124502182006
-20.25,42.25,2.63058400154113
-19.75,42.25,2.54434323310852
-19.25,42.25,2.50208616256713
-18.75,42.25,2.511883020401
-18.25,42.25,2.58084273338317
-17.75,42.25,2.71565341949462
-17.25,42.25,2.92287611961364
-16.75,42.25,3.20894050598144
-16.25,42.25,3.5796730518341
-15.75,42.25,4.03944730758667
-15.25,42.25,4.59002351760864
-14.75,42.25,5.22925806045532
-14.25,42.25,5.94989109039306
-13.75,42.25,6.73859739303588
-13.25,42.25,7.57566452026367
-12.75,42.25,8.43539237976074
-12.25,42.25,9.28750419616699
-11.75,42.25,10.0993738174438
-11.25,42.25,10.8390531539917
-10.75,42.25,11.4785528182983
-10.25,42.25,11.996826171875
-9.75,42.25,12.3821611404418
-9.25,42.25,12.6333541870117
-8.75,42.25,12.7596750259399
-8.25,42.25,12.7794799804687
-7.75,42.25,12.7178392410278
-7.25,42.25,12.6037130355834
-6.75,42.25,12.4669475555419
-6.25,42.25,12.3355722427368
-5.75,42.25,12.233660697937
-5.25,42.25,12.1798133850097
-4.75,42.25,12.1861543655395
-4.25,42.25,12.2578935623168
-3.75,42.25,12.393175125122
-3.25,42.25,12.583324432373
-2.75,42.25,12.8134212493896
-2.25,42.25,13.063380241394
-1.75,42.25,13.3096122741699
-1.25,42.25,13.5271978378295
-0.75,42.25,13.6925258636474
-0.25,42.25,13.7861728668212
0.25,42.25,13.7953462600708
0.75,42.25,13.7157325744628
1.25,42.25,13.5522308349609
1.75,42.25,13.3184747695922
2.25,42.25,13.0352163314819
2.75,42.25,12.727876663208
3.25,42.25,12.4236698150634
3.75,42.25,12.1488590240478
4.25,42.25,11.926489830017
4.75,42.25,11.7747173309326
5.25,42.25,11.7058448791503
5.75,42.25,11.7259349822998
6.25,42.25,11.8348608016967
6.75,42.25,12.0266427993774
7.25,42.25,12.290225982666
7.75,42.25,12.6104545593261
8.25,42.25,12.9694471359252
8.75,42.25,13.3483238220214
9.25,42.25,13.7291898727417
9.75,42.25,14.0970945358276
10.25,42.25,14.4417324066162
10.75,42.25,14.7585220336914
11.25,42.25,15.0489692687988
11.75,42.25,15.3200492858886
12.25,42.25,15.5828504562377
12.75,42.25,15.8506536483764
13.25,42.25,16.1367416381835
13.75,42.25,16.4522857666015
14.25,42.25,16.8046321868896
14.75,42.25,17.1961460113525
15.25,42.25,17.6238250732421
15.75,42.25,18.0796699523925
16.25,42.25,18.5517692565917
16.75,42.25,19.0259799957275
17.25,42.25,19.4878883361816
17.75,42.25,19.9245910644531
18.25,42.25,20.3257808685302
18.75,42.25,20.6838626861572
19.25,42.25,20.9929447174072
19.75,42.25,21.2466678619384
20.25,42.25,21.4354209899902
20.75,42.25,21.5439987182617
21.25,42.25,21.5506286621093
21.75,42.25,21.4280776977539
22.25,42.25,21.1472873687744
22.75,42.25,20.6829319000244
23.25,42.25,20.0197887420654
23.75,42.25,19.1582431793212
24.25,42.25,18.117280960083
24.75,42.25,16.9339523315429
25.25,42.25,15.6592359542846
25.75,42.25,14.3515195846557
26.25,42.25,13.0689649581909
26.75,42.25,11.8626985549926
27.25,42.25,10.7722549438476
27.75,42.25,9.82372760772705
28.25,42.25,9.03033351898193
28.75,42.25,8.39491271972656
29.25,42.25,7.91309928894043
29.75,42.25,7.57644653320312
30.25,42.25,7.37485790252685
30.75,42.25,7.29816961288452
31.25,42.25,7.3368797302246
31.75,42.25,7.48196935653686
32.25,42.25,7.7243595123291
32.75,42.25,8.05385208129882
33.25,42.25,8.45783233642578
33.75,42.25,8.91997814178466
34.25,42.25,9.41920089721679
34.75,42.25,9.92918395996093
35.25,42.25,10.4188747406005
35.75,42.25,10.8541049957275
36.25,42.25,11.2004079818725
36.75,42.25,11.4269018173217
37.25,42.25,11.5102376937866
37.75,42.25,11.4381837844848
38.25,42.25,11.211763381958
38.75,42.25,10.8454608917236
39.25,42.25,10.3652896881103
39.75,42.25,9.80503463745117
40.25,42.25,9.20149230957031
40.75,42.25,8.58945846557617
41.25,42.25,7.99766254425048
41.75,42.25,7.44603872299194
42.25,42.25,6.94455242156982
42.75,42.25,6.49361419677734
43.25,42.25,6.08522415161132
43.75,42.25,5.70519256591796
44.25,42.25,5.33750963211059
44.75,42.25,4.9683837890625
-44.75,42.75,3.69499492645263
-44.25,42.75,4.07711315155029
-43.75,42.75,4.38003206253051
-43.25,42.75,4.5908555984497
-42.75,42.75,4.70179319381713
-42.25,42.75,4.71317672729492
-41.75,42.75,4.63773155212402
-41.25,42.75,4.49934339523315
-40.75,42.75,4.32935762405395
-40.25,42.75,4.16136932373046
-39.75,42.75,4.02575302124023
-39.25,42.75,3.94532394409179
-38.75,42.75,3.9324140548706
-38.25,42.75,3.9879126548767
-37.75,42.75,4.10183668136596
-37.25,42.75,4.25519943237304
-36.75,42.75,4.42272424697876
-36.25,42.75,4.57606077194213
-35.75,42.75,4.68740463256835
-35.25,42.75,4.73320579528808
-34.75,42.75,4.69753170013427
-34.25,42.75,4.57453489303588
-33.75,42.75,4.36943340301513
-33.25,42.75,4.09772253036499
-32.75,42.75,3.78257703781127
-32.25,42.75,3.45114183425903
-31.75,42.75,3.13041687011718
-31.25,42.75,2.84366369247436
-30.75,42.75,2.60806536674499
-30.25,42.75,2.4337944984436
-29.75,42.75,2.32439947128295
-29.25,42.75,2.27798533439636
-28.75,42.75,2.28863310813903
-28.25,42.75,2.34761977195739
-27.75,42.75,2.44427776336669
-27.25,42.75,2.56651973724365
-26.75,42.75,2.70118808746337
-26.25,42.75,2.83451557159423
-25.75,42.75,2.95285177230834
-25.25,42.75,3.0436692237854
-24.75,42.75,3.09682583808898
-24.25,42.75,3.10567474365234
-23.75,42.75,3.06798958778381
-23.25,42.75,2.98626780509948
-22.75,42.75,2.86742758750915
-22.25,42.75,2.72190475463867
-21.75,42.75,2.56234431266784
-21.25,42.75,2.40215373039245
-20.75,42.75,2.25418806076049
-20.25,42.75,2.12983894348144
-19.75,42.75,2.03862023353576
-19.25,42.75,1.98828387260437
-18.75,42.75,1.98532485961914
-18.25,42.75,2.03561210632324
-17.75,42.75,2.14500856399536
-17.25,42.75,2.31975078582763
-16.75,42.75,2.5664849281311
-16.25,42.75,2.89183282852172
-15.75,42.75,3.30152320861816
-15.25,42.75,3.79915285110473
-14.75,42.75,4.38474225997924
-14.25,42.75,5.05331087112426
-13.75,42.75,5.79368352890014
-13.25,42.75,6.5879201889038
-12.75,42.75,7.41155242919921
-12.25,42.75,8.23486518859863
-11.75,42.75,9.02514457702636
-11.25,42.75,9.74982643127441
-10.75,42.75,10.3799028396606
-10.25,42.75,10.8931989669799
-9.75,42.75,11.2768926620483
-9.25,42.75,11.5288591384887
-8.75,42.75,11.657711982727
-8.25,42.75,11.6813802719116
-7.75,42.75,11.6247758865356
-7.25,42.75,11.5167865753173
-6.75,42.75,11.3873014450073
-6.25,42.75,11.2644233703613
-5.75,42.75,11.1722831726074
-5.25,42.75,11.129539489746
-4.75,42.75,11.1483278274536
-4.25,42.75,11.233787536621
-3.75,42.75,11.3838510513305
-3.25,42.75,11.5893621444702
-2.75,42.75,11.8345670700073
-2.25,42.75,12.0981616973876
-1.75,42.75,12.354956626892
-1.25,42.75,12.578233718872
-0.75,42.75,12.7427015304565
-0.25,42.75,12.8276844024658
0.25,42.75,12.8199710845947
0.75,42.75,12.7158241271972
1.25,42.75,12.5217819213867
1.75,42.75,12.2538814544677
2.25,42.75,11.9356594085693
2.75,42.75,11.59517288208
3.25,42.75,11.2615776062011
3.75,42.75,10.9620447158813
4.25,42.75,10.7193050384521
4.75,42.75,10.5500001907348
5.25,42.75,10.463903427124
5.75,42.75,10.4638004302978
6.25,42.75,10.5459051132202
6.75,42.75,10.7006101608276
7.25,42.75,10.9136486053466
7.75,42.75,11.1674852371215
8.25,42.75,11.4430780410766
8.75,42.75,11.7218790054321
9.25,42.75,11.9878988265991
9.75,42.75,12.2295808792114
10.25,42.75,12.4411554336547
10.75,42.75,12.6232299804687
11.25,42.75,12.7825489044189
11.75,42.75,12.9308376312255
12.25,42.75,13.083044052124
12.75,42.75,13.255235671997
13.25,42.75,13.4624052047729
13.75,42.75,13.7165775299072
14.25,42.75,14.0252609252929
14.75,42.75,14.3905630111694
15.25,42.75,14.8089094161987
15.75,42.75,15.2713584899902
16.25,42.75,15.7646474838256
16.75,42.75,16.2727527618408
17.25,42.75,16.7788009643554
17.75,42.75,17.2669715881347
18.25,42.75,17.7237701416015
18.75,42.75,18.1386184692382
19.25,42.75,18.5031585693359
19.75,42.75,18.8094902038574
20.25,42.75,19.0476055145263
20.75,42.75,19.2029438018798
21.25,42.75,19.2552509307861
21.75,42.75,19.1792831420898
22.25,42.75,18.9480113983154
22.75,42.75,18.5378189086914
23.25,42.75,17.9346046447753
23.75,42.75,17.13911819458
24.25,42.75,16.1700210571289
24.75,42.75,15.0633325576782
25.25,42.75,13.8684873580932
25.75,42.75,12.641939163208
26.25,42.75,11.4397077560424
26.75,42.75,10.3107566833496
27.25,42.75,9.29262542724609
27.75,42.75,8.40972232818603
28.25,42.75,7.67401790618896
28.75,42.75,7.08760070800781
29.25,42.75,6.64585018157959
29.75,42.75,6.34053707122802
30.25,42.75,6.16221904754638
30.75,42.75,6.10175037384033
31.25,42.75,6.15097951889038
31.75,42.75,6.30253505706787
32.25,42.75,6.54924774169921
32.75,42.75,6.88309669494628
33.25,42.75,7.29385042190551
33.75,42.75,7.76777172088623
34.25,42.75,8.28645420074462
34.75,42.75,8.82621002197265
35.25,42.75,9.35838508605957
35.75,42.75,9.85069179534912
36.25,42.75,10.2697162628173
36.75,42.75,10.5845117568969
37.25,42.75,10.7703628540039
37.75,42.75,10.8122997283935
38.25,42.75,10.7073965072631
38.75,42.75,10.4653367996215
39.25,42.75,10.1069927215576
39.75,42.75,9.66124057769775
40.25,42.75,9.16073417663574
40.75,42.75,8.63725185394287
41.25,42.75,8.11778450012207
41.75,42.75,7.62179946899414
42.25,42.75,7.15987586975097
42.75,42.75,6.73389720916748
43.25,42.75,6.33792829513549
43.75,42.75,5.96026229858398
44.25,42.75,5.58769845962524
44.75,42.75,5.20925903320312
-44.75,43.25,3.70140171051025
-44.25,43.25,4.13846063613891
-43.75,43.25,4.49619245529174
-43.25,43.25,4.75725078582763
-42.75,43.25,4.9103307723999
-42.25,43.25,4.95346879959106
-41.75,43.25,4.89857149124145
-41.25,43.25,4.77013731002807
-40.75,43.25,4.60130357742309
-40.25,43.25,4.42818737030029
-39.75,43.25,4.28381967544555
-39.25,43.25,4.19324684143066
-38.75,43.25,4.17015790939331
-38.25,43.25,4.21569347381591
-37.75,43.25,4.3190746307373
-37.25,43.25,4.45981693267822
-36.75,43.25,4.61095476150512
-36.25,43.25,4.74282264709472
-35.75,43.25,4.82714796066284
-35.25,43.25,4.84097480773925
-34.75,43.25,4.76999425888061
-34.25,43.25,4.61066627502441
-33.75,43.25,4.37074851989746
-33.25,43.25,4.06802034378051
-32.75,43.25,3.72729921340942
-32.25,43.25,3.37654972076416
-31.75,43.25,3.04277563095092
-31.25,43.25,2.74856615066528
-30.75,43.25,2.50996804237365
-30.25,43.25,2.33573269844055
-29.75,43.25,2.22780466079711
-29.25,43.25,2.1825783252716
-28.75,43.25,2.19233632087707
-28.25,43.25,2.24655699729919
-27.75,43.25,2.33292007446289
-27.25,43.25,2.43806600570678
-26.75,43.25,2.54819512367248
-26.25,43.25,2.64976716041564
-25.75,43.25,2.73033380508422
-25.25,43.25,2.77948808670043
-24.75,43.25,2.78988170623779
-24.25,43.25,2.75793528556823
-23.75,43.25,2.68429708480834
-23.25,43.25,2.57370567321777
-22.75,43.25,2.43437719345092
-22.25,43.25,2.27695631980896
-21.75,43.25,2.11327672004699
-21.25,43.25,1.95511925220489
-20.75,43.25,1.81320142745971
-20.25,43.25,1.69657862186431
-19.75,43.25,1.61250412464141
-19.25,43.25,1.5667325258255
-18.75,43.25,1.56412243843078
-18.25,43.25,1.60931015014648
-17.75,43.25,1.70732271671295
-17.25,43.25,1.8639463186264
-16.75,43.25,2.08573746681213
-16.25,43.25,2.37957787513732
-15.75,43.25,2.75178480148315
-15.25,43.25,3.20684456825256
-14.75,43.25,3.74589729309082
-14.25,43.25,4.36523294448852
-13.75,43.25,5.05500745773315
-13.25,43.25,5.79858589172363
-12.75,43.25,6.5727105140686
-12.25,43.25,7.34876537322998
-11.75,43.25,8.0950231552124
-11.25,43.25,8.77981853485107
-10.75,43.25,9.37499904632568
-10.25,43.25,9.8591661453247
-9.75,43.25,10.2201919555664
-9.25,43.25,10.4564666748046
-8.75,43.25,10.576901435852
-8.25,43.25,10.5994119644165
-7.75,43.25,10.5485582351684
-7.25,43.25,10.4525995254516
-6.75,43.25,10.3405599594116
-6.25,43.25,10.2395467758178
-5.75,43.25,10.1727132797241
-5.25,43.25,10.1577711105346
-4.75,43.25,10.2060489654541
-4.25,43.25,10.3219213485717
-3.75,43.25,10.5025835037231
-3.25,43.25,10.7380275726318
-2.75,43.25,11.0114650726318
-2.25,43.25,11.3003025054931
-1.75,43.25,11.5779027938842
-1.25,43.25,11.8160667419433
-0.75,43.25,11.9882612228393
-0.25,43.25,12.0731477737426
0.25,43.25,12.0576391220092
0.75,43.25,11.939076423645
1.25,43.25,11.7258968353271
1.75,43.25,11.436616897583
2.25,43.25,11.0973720550537
2.75,43.25,10.7384767532348
3.25,43.25,10.3905906677246
3.75,43.25,10.081371307373
4.25,43.25,9.83290386199951
4.75,43.25,9.66014575958252
5.25,43.25,9.57028865814209
5.75,43.25,9.56292915344238
6.25,43.25,9.6307725906372
6.75,43.25,9.76076889038086
7.25,43.25,9.93568611145019
7.75,43.25,10.135926246643
8.25,43.25,10.3416376113891
8.75,43.25,10.5350322723388
9.25,43.25,10.7024040222167
9.75,43.25,10.8358869552612
10.25,43.25,10.9343194961547
10.75,43.25,11.0033102035522
11.25,43.25,11.0543270111083
11.75,43.25,11.1030368804931
12.25,43.25,11.1672077178955
12.75,43.25,11.264497756958
13.25,43.25,11.410415649414
13.75,43.25,11.616660118103
14.25,43.25,11.8899679183959
14.75,43.25,12.2314720153808
15.25,43.25,12.6366024017333
15.75,43.25,13.0954732894897
16.25,43.25,13.5937728881835
16.75,43.25,14.1142139434814
17.25,43.25,14.6382493972778
17.75,43.25,15.1479034423828
18.25,43.25,15.6271915435791
18.75,43.25,16.0628795623779
19.25,43.25,16.4442729949951
19.75,43.25,16.7618427276611
20.25,43.25,17.005126953125
20.75,43.25,17.1604576110839
21.25,43.25,17.2098579406738
21.75,43.25,17.1314678192138
22.25,43.25,16.902265548706
22.75,43.25,16.5026035308837
23.25,43.25,15.9217338562011
23.75,43.25,15.1626033782958
24.25,43.25,14.2445545196533
24.75,43.25,13.2027387619018
25.25,43.25,12.0843095779418
25.75,43.25,10.9423866271972
26.25,43.25,9.82907104492187
26.75,43.25,8.78936290740966
27.25,43.25,7.85718488693237
27.75,43.25,7.05400943756103
28.25,43.25,6.38970565795898
28.75,43.25,5.86508226394653
29.25,43.25,5.47499847412109
29.75,43.25,5.21128559112548
30.25,43.25,5.06497764587402
30.75,43.25,5.02770471572876
31.25,43.25,5.09226846694946
31.75,43.25,5.25238609313964
32.25,43.25,5.50213193893432
32.75,43.25,5.83491516113281
33.25,43.25,6.24223184585571
33.75,43.25,6.71243095397949
34.25,43.25,7.22961711883544
34.75,43.25,7.7730107307434
35.25,43.25,8.31711101531982
35.75,43.25,8.8327522277832
36.25,43.25,9.28921508789062
36.75,43.25,9.65732669830322
37.25,43.25,9.91281509399414
37.75,43.25,10.0395135879516
38.25,43.25,10.0316143035888
38.75,43.25,9.8945026397705
39.25,43.25,9.64378929138183
39.75,43.25,9.30285930633545
40.25,43.25,8.89933776855468
40.75,43.25,8.4610366821289
41.25,43.25,8.0124454498291
41.75,43.25,7.57210636138916
42.25,43.25,7.15121936798095
42.75,43.25,6.75353622436523
43.25,43.25,6.37592411041259
43.75,43.25,6.01002120971679
44.25,43.25,5.64609956741333
44.75,43.25,5.27616882324218
-44.75,43.75,3.63239908218383
-44.25,43.75,4.10799980163574
-43.75,43.75,4.50647926330566
-43.25,43.75,4.80738735198974
-42.75,43.75,4.99684429168701
-42.25,43.75,5.07097339630126
-41.75,43.75,5.04050588607788
-41.25,43.75,4.92951202392578
-40.75,43.75,4.77140474319458
-40.25,43.75,4.60308599472045
-39.75,43.75,4.45863199234008
-39.25,43.75,4.36411523818969
-38.75,43.75,4.33395910263061
-38.25,43.75,4.36958169937133
-37.75,43.75,4.4600281715393
-37.25,43.75,4.58433246612548
-36.75,43.75,4.71506547927856
-36.25,43.75,4.82245397567749
-35.75,43.75,4.87875843048095
-35.25,43.75,4.86229991912841
-34.75,43.75,4.7606873512268
-34.25,43.75,4.57262086868286
-33.75,43.75,4.30799770355224
-33.25,43.75,3.98624110221862
-32.75,43.75,3.63305187225341
-32.25,43.75,3.2764241695404
-31.75,43.75,2.94265103340148
-31.25,43.75,2.65308380126953
-30.75,43.75,2.42224693298339
-30.25,43.75,2.2572476863861
-29.75,43.75,2.15836143493652
-29.25,43.75,2.12026906013488
-28.75,43.75,2.13350510597229
-28.25,43.75,2.18580842018127
-27.75,43.75,2.26328444480896
-27.25,43.75,2.35141682624816
-26.75,43.75,2.4359655380249
-26.25,43.75,2.50391864776611
-25.75,43.75,2.54443335533142
-25.25,43.75,2.54970288276672
-24.75,43.75,2.51565432548522
-24.25,43.75,2.44220376014709
-23.75,43.75,2.33316755294799
-23.25,43.75,2.19565248489379
-22.75,43.75,2.03911256790161
-22.25,43.75,1.87420260906219
-21.75,43.75,1.71164619922637
-21.25,43.75,1.56127679347991
-20.75,43.75,1.4313987493515
-20.25,43.75,1.32856392860412
-19.75,43.75,1.25771784782409
-19.25,43.75,1.22269237041473
-18.75,43.75,1.22687482833862
-18.25,43.75,1.27385652065277
-17.75,43.75,1.36797833442687
-17.25,43.75,1.51459920406341
-16.75,43.75,1.72003483772277
-16.25,43.75,1.99105179309844
-15.75,43.75,2.33395743370056
-15.25,43.75,2.75333523750305
-14.75,43.75,3.25054430961608
-14.25,43.75,3.82225847244262
-13.75,43.75,4.45922756195068
-13.25,43.75,5.145676612854
-12.75,43.75,5.85955095291137
-12.25,43.75,6.5738034248352
-11.75,43.75,7.25866508483886
-11.25,43.75,7.88473510742187
-10.75,43.75,8.42631149291992
-10.25,43.75,8.86442756652832
-9.75,43.75,9.18910408020019
-9.25,43.75,9.40038394927978
-8.75,43.75,9.50809478759765
-8.25,43.75,9.53028011322021
-7.75,43.75,9.49083805084228
-7.25,43.75,9.41670799255371
-6.75,43.75,9.3351764678955
-6.25,43.75,9.27142143249511
-5.75,43.75,9.24670696258545
-5.25,43.75,9.27703189849853
-4.75,43.75,9.37223815917968
-4.25,43.75,9.53541946411132
-3.75,43.75,9.76255893707275
-3.25,43.75,10.0424299240112
-2.75,43.75,10.3568696975708
-2.25,43.75,10.6817893981933
-1.75,43.75,10.9889888763427
-1.25,43.75,11.2488927841186
-0.75,43.75,11.4340286254882
-0.25,43.75,11.5228404998779
0.25,43.75,11.5029497146606
0.75,43.75,11.3733482360839
1.25,43.75,11.1448554992675
1.75,43.75,10.8387727737426
2.25,43.75,10.4839191436767
2.75,43.75,10.1127796173095
3.25,43.75,9.75732040405273
3.75,43.75,9.44543647766113
4.25,43.75,9.19838428497314
4.75,43.75,9.02930831909179
5.25,43.75,8.94277381896972
5.75,43.75,8.93521308898925
6.25,43.75,8.99589824676513
6.75,43.75,9.10848808288574
7.25,43.75,9.25301074981689
7.75,43.75,9.4081220626831
8.25,43.75,9.55359268188476
8.75,43.75,9.67280292510986
9.25,43.75,9.75475788116455
9.75,43.75,9.7955207824707
10.25,43.75,9.79855060577392
10.75,43.75,9.77414035797119
11.25,43.75,9.73788166046142
11.75,43.75,9.70852088928222
12.25,43.75,9.70561218261718
12.75,43.75,9.74731922149658
13.25,43.75,9.84856986999511
13.75,43.75,10.0197734832763
14.25,43.75,10.2660245895385
14.75,43.75,10.5868520736694
15.25,43.75,10.9763612747192
15.75,43.75,11.4236707687377
16.25,43.75,11.9138212203979
16.75,43.75,12.4289779663085
17.25,43.75,12.9499502182006
17.75,43.75,13.4577569961547
18.25,43.75,13.9349327087402
18.75,43.75,14.3663578033447
19.25,43.75,14.7393083572387
19.75,43.75,15.0425567626953
20.25,43.75,15.2648029327392
20.75,43.75,15.3928823471069
21.25,43.75,15.4109392166137
21.75,43.75,15.3007926940917
22.25,43.75,15.0442600250244
22.75,43.75,14.6269817352294
23.25,43.75,14.0430870056152
23.75,43.75,13.2991476058959
24.25,43.75,12.4162740707397
24.75,43.75,11.4292106628417
25.25,43.75,10.3826560974121
25.75,43.75,9.32570075988769
26.25,43.75,8.30549049377441
26.75,43.75,7.36188602447509
27.25,43.75,6.52413463592529
27.75,43.75,5.80992031097412
28.25,43.75,5.2264380455017
28.75,43.75,4.77290916442871
29.25,43.75,4.44352149963378
29.75,43.75,4.23012590408325
30.25,43.75,4.12417793273925
30.75,43.75,4.11792373657226
31.25,43.75,4.20478820800781
31.75,43.75,4.37907457351684
32.25,43.75,4.63538217544555
32.75,43.75,4.96771335601806
33.25,43.75,5.36837816238403
33.75,43.75,5.82697248458862
34.25,43.75,6.32947254180908
34.75,43.75,6.85770606994628
35.25,43.75,7.38946390151977
35.75,43.75,7.89934396743774
36.25,43.75,8.36042213439941
36.75,43.75,8.746750831604
37.25,43.75,9.03611946105957
37.75,43.75,9.21276378631591
38.25,43.75,9.26936721801757
38.75,43.75,9.20796775817871
39.25,43.75,9.03948783874511
39.75,43.75,8.78191661834716
40.25,43.75,8.45764446258545
40.75,43.75,8.09015083312988
41.25,43.75,7.70105075836181
41.75,43.75,7.30777359008789
42.25,43.75,6.9221510887146
42.75,43.75,6.55006885528564
43.25,43.75,6.19161415100097
43.75,43.75,5.84225988388061
44.25,43.75,5.49602746963501
44.75,43.75,5.14780664443969
-44.75,44.25,3.46543502807617
-44.25,44.25,3.95687103271484
-43.75,44.25,4.3761396408081
-43.25,44.25,4.70138597488403
-42.75,44.25,4.91746139526367
-42.25,44.25,5.0191946029663
-41.75,44.25,5.01593542098999
-41.25,44.25,4.9302954673767
-40.75,44.25,4.79428672790527
-40.25,44.25,4.64359426498413
-39.75,44.25,4.51139545440673
-39.25,44.25,4.4232177734375
-38.75,44.25,4.39329385757446
-38.25,44.25,4.42313194274902
-37.75,44.25,4.50209188461303
-37.25,44.25,4.60973405838012
-36.75,44.25,4.71940088272094
-36.25,44.25,4.80243301391601
-35.75,44.25,4.8325777053833
-35.25,44.25,4.79001140594482
-34.75,44.25,4.66438293457031
-34.25,44.25,4.45637273788452
-33.75,44.25,4.17747068405151
-33.25,44.25,3.84805583953857
-32.75,44.25,3.49398040771484
-32.25,44.25,3.14262390136718
-31.75,44.25,2.81906056404113
-31.25,44.25,2.54307031631469
-30.75,44.25,2.32748103141784
-30.25,44.25,2.17772650718688
-29.75,44.25,2.09247517585754
-29.25,44.25,2.06484484672546
-28.75,44.25,2.08382034301757
-28.25,44.25,2.13564348220825
-27.75,44.25,2.20513796806335
-27.25,44.25,2.27695727348327
-26.75,44.25,2.33676981925964
-26.25,44.25,2.37243270874023
-25.75,44.25,2.3749930858612
-25.25,44.25,2.33941769599914
-24.75,44.25,2.26495480537414
-24.25,44.25,2.15489172935485
-23.75,44.25,2.01595735549926
-23.25,44.25,1.85727226734161
-22.75,44.25,1.68914401531219
-22.25,44.25,1.52188622951507
-21.75,44.25,1.36485075950622
-21.25,44.25,1.22578811645507
-20.75,44.25,1.11059379577636
-20.25,44.25,1.02344405651092
-19.75,44.25,0.967210054397583
-19.25,44.25,0.944096982479095
-18.75,44.25,0.956334471702575
-18.25,44.25,1.00675249099731
-17.75,44.25,1.09920454025268
-17.25,44.25,1.23870360851287
-16.75,44.25,1.43123519420623
-16.25,44.25,1.68318498134613
-15.75,44.25,2.00040674209594
-15.25,44.25,2.38699722290039
-14.75,44.25,2.8438856601715
-14.25,44.25,3.36750745773315
-13.75,44.25,3.94873356819152
-13.25,44.25,4.5724458694458
-12.75,44.25,5.21791696548461
-12.25,44.25,5.86018991470336
-11.75,44.25,6.47229194641113
-11.25,44.25,7.02819728851318
-10.75,44.25,7.5058536529541
-10.25,44.25,7.88985443115234
-9.75,44.25,8.17328739166259
-9.25,44.25,8.35840320587158
-8.75,44.25,8.45614433288574
-8.25,44.25,8.4844856262207
-7.75,44.25,8.46617221832275
-7.25,44.25,8.42618083953857
-6.75,44.25,8.38931369781494
-6.25,44.25,8.37814140319824
-5.75,44.25,8.41144847869873
-5.25,44.25,8.50307559967041
-4.75,44.25,8.66102695465087
-4.25,44.25,8.88682460784912
-3.75,44.25,9.17498397827148
-3.25,44.25,9.51273345947265
-2.75,44.25,9.88023090362548
-2.25,44.25,10.2515659332275
-1.75,44.25,10.5967102050781
-1.25,44.25,10.8845567703247
-0.75,44.25,11.0866947174072
-0.25,44.25,11.1815547943115
0.25,44.25,11.15780544281
0.75,44.25,11.0165033340454
1.25,44.25,10.7712955474853
1.75,44.25,10.4466133117675
2.25,44.25,10.0742435455322
2.75,44.25,9.68899917602539
3.25,44.25,9.32421684265136
3.75,44.25,9.00808906555175
4.25,44.25,8.76108360290527
4.75,44.25,8.59457302093505
5.25,44.25,8.51058769226074
5.75,44.25,8.50247573852539
6.25,44.25,8.55623340606689
6.75,44.25,8.65244388580322
7.25,44.25,8.76870346069336
7.75,44.25,8.88234996795654
8.25,44.25,8.97326469421386
8.75,44.25,9.02648067474365
9.25,44.25,9.03407573699951
9.75,44.25,8.99615287780761
10.25,44.25,8.92061996459961
10.75,44.25,8.82195663452148
11.25,44.25,8.71910095214843
11.75,44.25,8.63294029235839
12.25,44.25,8.58380031585693
12.75,44.25,8.58934497833252
13.25,44.25,8.66300773620605
13.75,44.25,8.81306171417236
14.25,44.25,9.04225063323974
14.75,44.25,9.34790134429931
15.25,44.25,9.72239112854003
15.75,44.25,10.1537618637084
16.25,44.25,10.6266660690307
16.75,44.25,11.1234321594238
17.25,44.25,11.6253099441528
17.75,44.25,12.113634109497
18.25,44.25,12.5708274841308
18.75,44.25,12.9810552597045
19.25,44.25,13.3303184509277
19.75,44.25,13.6059169769287
20.25,44.25,13.7954425811767
20.75,44.25,13.8856191635131
21.25,44.25,13.862003326416
21.75,44.25,13.7095117568969
22.25,44.25,13.4145784378051
22.75,44.25,12.9683170318603
23.25,44.25,12.3702478408813
23.75,44.25,11.6312866210937
24.25,44.25,10.7749605178833
24.75,44.25,9.83609676361084
25.25,44.25,8.85714626312255
25.75,44.25,7.88304138183593
26.25,44.25,6.95564985275268
26.75,44.25,6.10927200317382
27.25,44.25,5.36807823181152
27.75,44.25,4.74567079544067
28.25,44.25,4.24640178680419
28.75,44.25,3.86787867546081
29.25,44.25,3.60367774963378
29.75,44.25,3.44572067260742
30.25,44.25,3.38590288162231
30.75,44.25,3.41695141792297
31.25,44.25,3.53262042999267
31.75,44.25,3.72726106643676
32.25,44.25,3.99528169631958
32.75,44.25,4.33036088943481
33.25,44.25,4.72462272644043
33.75,44.25,5.16792058944702
34.25,44.25,5.64725589752197
34.75,44.25,6.14648151397705
35.25,44.25,6.64648151397705
35.75,44.25,7.1258487701416
36.25,44.25,7.56211757659912
36.75,44.25,7.93363714218139
37.25,44.25,8.2215929031372
37.75,44.25,8.41206932067871
38.25,44.25,8.497652053833
38.75,44.25,8.47827720642089
39.25,44.25,8.36110591888427
39.75,44.25,8.15936756134033
40.25,44.25,7.89051818847656
40.75,44.25,7.57379674911499
41.25,44.25,7.22789573669433
41.75,44.25,6.86902713775634
42.25,44.25,6.50958204269409
42.75,44.25,6.15752410888671
43.25,44.25,5.81613969802856
43.75,44.25,5.48469018936157
44.25,44.25,5.16073989868164
44.75,44.25,4.84165477752685
-44.75,44.75,3.1975622177124
-44.25,44.75,3.6796486377716
-43.75,44.75,4.09716129302978
-43.25,44.75,4.42865228652954
-42.75,44.75,4.65910482406616
-42.25,44.75,4.78285884857177
-41.75,44.75,4.80782604217529
-41.25,44.75,4.75428247451782
-40.75,44.75,4.6512804031372
-40.25,44.75,4.53135108947753
-39.75,44.75,4.42478847503662
-39.25,44.75,4.35491514205932
-38.75,44.75,4.33466672897338
-38.25,44.75,4.36524248123168
-37.75,44.75,4.43659925460815
-37.25,44.75,4.5296287536621
-36.75,44.75,4.61953210830688
-36.25,44.75,4.67984914779663
-35.75,44.75,4.68669700622558
-35.25,44.75,4.62259864807128
-34.75,44.75,4.47934293746948
-34.25,44.75,4.25931453704834
-33.75,44.75,3.97507834434509
-33.25,44.75,3.64732384681701
-32.75,44.75,3.30143523216247
-32.25,44.75,2.96365809440612
-31.75,44.75,2.65748333930969
-31.25,44.75,2.40091276168823
-30.75,44.75,2.20501375198364
-30.25,44.75,2.07360744476318
-29.75,44.75,2.00391507148742
-29.25,44.75,1.98774564266204
-28.75,44.75,2.01287508010864
-28.25,44.75,2.06447887420654
-27.75,44.75,2.12658810615539
-27.25,44.75,2.18353652954101
-26.75,44.75,2.22135758399963
-26.25,44.75,2.22910213470459
-25.75,44.75,2.19982647895813
-25.25,44.75,2.13114762306213
-24.75,44.75,2.02525043487548
-24.25,44.75,1.88821530342102
-23.75,44.75,1.72898960113525
-23.25,44.75,1.55801236629486
-22.75,44.75,1.38586032390594
-22.25,44.75,1.2221074104309
-21.75,44.75,1.07456839084625
-21.25,44.75,0.948966801166534
-20.75,44.75,0.849032461643219
-20.25,44.75,0.776928722858429
-19.75,44.75,0.733872592449188
-19.25,44.75,0.720854938030242
-18.75,44.75,0.739306628704071
-18.25,44.75,0.791572034358978
-17.75,44.75,0.881189167499542
-17.25,44.75,1.01287448406219
-16.75,44.75,1.19221866130828
-16.25,44.75,1.42504334449768
-15.75,44.75,1.71647322177886
-15.25,44.75,2.06978321075439
-14.75,44.75,2.48514080047607
-14.25,44.75,2.95847129821777
-13.75,44.75,3.48064184188842
-13.25,44.75,4.03725147247314
-12.75,44.75,4.60919094085693
-12.25,44.75,5.17408180236816
-11.75,44.75,5.70840454101562
-11.25,44.75,6.19021654129028
-10.75,44.75,6.60177373886108
-10.25,44.75,6.9317512512207
-9.75,44.75,7.17659091949462
-9.25,44.75,7.34078979492187
-8.75,44.75,7.4361834526062
-8.25,44.75,7.48028945922851
-7.75,44.75,7.49419641494751
-7.25,44.75,7.50037240982055
-6.75,44.75,7.52068138122558
-6.25,44.75,7.57472610473632
-5.75,44.75,7.67857694625854
-5.25,44.75,7.84378099441528
-4.75,44.75,8.07646179199218
-4.25,44.75,8.37653064727783
-3.75,44.75,8.73695659637451
-3.25,44.75,9.14331722259521
-2.75,44.75,9.57386589050293
-2.25,44.75,10.0006027221679
-1.75,44.75,10.3914051055908
-1.25,44.75,10.7133665084838
-0.75,44.75,10.936951637268
-0.25,44.75,11.0404634475708
0.25,44.75,11.0135946273803
0.75,44.75,10.8595342636108
1.25,44.75,10.5948762893676
1.75,44.75,10.2473640441894
2.25,44.75,9.85193443298339
2.75,44.75,9.44596481323242
3.25,44.75,9.06441879272461
3.75,44.75,8.73604679107666
4.25,44.75,8.48079299926757
4.75,44.75,8.30854034423828
5.25,44.75,8.21905708312988
5.75,44.75,8.20289993286132
6.25,44.75,8.24313354492187
6.75,44.75,8.31769275665283
7.25,44.75,8.40229511260986
7.75,44.75,8.47356128692627
8.25,44.75,8.51207828521728
8.75,44.75,8.5050344467163
9.25,44.75,8.44781112670898
9.75,44.75,8.34447765350341
10.25,44.75,8.20695209503173
10.75,44.75,8.05314064025878
11.25,44.75,7.90437459945678
11.75,44.75,7.78263044357299
12.25,44.75,7.70802688598632
12.75,44.75,7.69684553146362
13.25,44.75,7.76026248931884
13.75,44.75,7.90377283096313
14.25,44.75,8.12717342376709
14.75,44.75,8.42509365081787
15.25,44.75,8.78778457641601
15.75,44.75,9.20204067230224
16.25,44.75,9.65227794647216
16.75,44.75,10.1215629577636
17.25,44.75,10.5925559997558
17.75,44.75,11.0482501983642
18.25,44.75,11.472484588623
18.75,44.75,11.8501415252685
19.25,44.75,12.167119026184
19.75,44.75,12.4099159240722
20.25,44.75,12.5651187896728
20.75,44.75,12.6189002990722
21.25,44.75,12.5573682785034
21.75,44.75,12.3674974441528
22.25,44.75,12.0392951965332
22.75,44.75,11.5685005187988
23.25,44.75,10.9594717025756
23.75,44.75,10.2271919250488
24.25,44.75,9.3976240158081
24.75,44.75,8.50582981109619
25.25,44.75,7.59224653244018
25.75,44.75,6.69795560836792
26.25,44.75,5.85983419418335
26.75,44.75,5.106942653656
27.25,44.75,4.45868587493896
27.75,44.75,3.92492341995239
28.25,44.75,3.50750207901
28.75,44.75,3.20271110534667
29.25,44.75,3.00373888015747
29.75,44.75,2.90269637107849
30.25,44.75,2.89186453819274
30.75,44.75,2.96421718597412
31.25,44.75,3.11337876319885
31.75,44.75,3.33311343193054
32.25,44.75,3.61681413650512
32.75,44.75,3.9569239616394
33.25,44.75,4.34445428848266
33.75,44.75,4.76865863800048
34.25,44.75,5.21687507629394
34.75,44.75,5.67453908920288
35.25,44.75,6.12548494338989
35.75,44.75,6.55245018005371
36.25,44.75,6.93792104721069
36.75,44.75,7.26527595520019
37.25,44.75,7.52007055282592
37.75,44.75,7.69135904312133
38.25,44.75,7.77280759811401
38.75,44.75,7.76338577270507
39.25,44.75,7.66749620437622
39.75,44.75,7.4944109916687
40.25,44.75,7.25722980499267
40.75,44.75,6.97126102447509
41.25,44.75,6.65237617492675
41.75,44.75,6.31548690795898
42.25,44.75,5.9732871055603
42.75,44.75,5.63544368743896
43.25,44.75,5.30798006057739
43.75,44.75,4.99340343475341
44.25,44.75,4.69220685958862
44.75,44.75,4.40364170074462
