-44.750 -44.750  1.09001
-44.750 -44.250  1.13808
-44.750 -43.750  1.18928
-44.750 -43.250  1.24390
-44.750 -42.750  1.30222
-44.750 -42.250  1.36459
-44.750 -41.750  1.43139
-44.750 -41.250  1.50302
-44.750 -40.750  1.57995
-44.750 -40.250  1.66271
-44.750 -39.750  1.75186
-44.750 -39.250  1.84806
-44.750 -38.750  1.95204
-44.750 -38.250  2.06463
-44.750 -37.750  2.18675
-44.750 -37.250  2.31943
-44.750 -36.750  2.46387
-44.750 -36.250  2.62139
-44.750 -35.750  2.79349
-44.750 -35.250  2.98188
-44.750 -34.750  3.18849
-44.750 -34.250  3.41547
-44.750 -33.750  3.66529
-44.750 -33.250  3.94068
-44.750 -32.750  4.24474
-44.750 -32.250  4.58088
-44.750 -31.750  4.95286
-44.750 -31.250  5.36477
-44.750 -30.750  5.82095
-44.750 -30.250  6.32592
-44.750 -29.750  6.88411
-44.750 -29.250  7.49958
-44.750 -28.750  8.17557
-44.750 -28.250  8.91370
-44.750 -27.750  9.71313
-44.750 -27.250 10.56920
-44.750 -26.750 11.47200
-44.750 -26.250 12.40460
-44.750 -25.750 13.34151
-44.750 -25.250 14.24750
-44.750 -24.750 15.07745
-44.750 -24.250 15.77773
-44.750 -23.750 16.28949
-44.750 -23.250 16.55387
-44.750 -22.750 16.51836
-44.750 -22.250 16.14353
-44.750 -21.750 15.40857
-44.750 -21.250 14.31467
-44.750 -20.750 12.88576
-44.750 -20.250 11.16654
-44.750 -19.750  9.21842
-44.750 -19.250  7.11426
-44.750 -18.750  4.93254
-44.750 -18.250  2.75191
-44.750 -17.750  0.64623
-44.750 -17.250 -1.31927
-44.750 -16.750 -3.09090
-44.750 -16.250 -4.62833
-44.750 -15.750 -5.90556
-44.750 -15.250 -6.91097
-44.750 -14.750 -7.64670
-44.750 -14.250 -8.12752
-44.750 -13.750 -8.37920
-44.750 -13.250 -8.43659
-44.750 -12.750 -8.34151
-44.750 -12.250 -8.14046
-44.750 -11.750 -7.88235
-44.750 -11.250 -7.61612
-44.750 -10.750 -7.38870
-44.750 -10.250 -7.24432
-44.750 -9.750 -7.22923
-44.750 -9.250 -7.40715
-44.750 -8.750 -7.87383
-44.750 -8.250 -8.66286
-44.750 -7.750 -9.13059
-44.750 -7.250 -6.93235
-44.750 -6.750 -1.67953
-44.750 -6.250  3.40318
-44.750 -5.750  8.34490
-44.750 -5.250 13.55219
-44.750 -4.750 17.70674
-44.750 -4.250 20.06215
-44.750 -3.750 21.16319
-44.750 -3.250 21.69109
-44.750 -2.750 22.00976
-44.750 -2.250 22.25703
-44.750 -1.750 22.46856
-44.750 -1.250 22.64269
-44.750 -0.750 22.76786
-44.750 -0.250 22.83342
-44.750 0.250 22.83342
-44.750 0.750 22.76786
-44.750 1.250 22.64269
-44.750 1.750 22.46856
-44.750 2.250 22.25703
-44.750 2.750 22.00976
-44.750 3.250 21.69109
-44.750 3.750 21.16319
-44.750 4.250 20.06215
-44.750 4.750 17.70674
-44.750 5.250 13.55219
-44.750 5.750  8.34490
-44.750 6.250  3.40318
-44.750 6.750 -1.67953
-44.750 7.250 -6.93235
-44.750 7.750 -9.13059
-44.750 8.250 -8.66286
-44.750 8.750 -7.87383
-44.750 9.250 -7.40715
-44.750 9.750 -7.22923
-44.750 10.250 -7.24432
-44.750 10.750 -7.38870
-44.750 11.250 -7.61612
-44.750 11.750 -7.88235
-44.750 12.250 -8.14046
-44.750 12.750 -8.34151
-44.750 13.250 -8.43659
-44.750 13.750 -8.37920
-44.750 14.250 -8.12752
-44.750 14.750 -7.64670
-44.750 15.250 -6.91097
-44.750 15.750 -5.90556
-44.750 16.250 -4.62833
-44.750 16.750 -3.09090
-44.750 17.250 -1.31927
-44.750 17.750  0.64623
-44.750 18.250  2.75191
-44.750 18.750  4.93254
-44.750 19.250  7.11426
-44.750 19.750  9.21842
-44.750 20.250 11.16654
-44.750 20.750 12.88576
-44.750 21.250 14.31467
-44.750 21.750 15.40857
-44.750 22.250 16.14353
-44.750 22.750 16.51836
-44.750 23.250 16.55387
-44.750 23.750 16.28949
-44.750 24.250 15.77773
-44.750 24.750 15.07745
-44.750 25.250 14.24750
-44.750 25.750 13.34151
-44.750 26.250 12.40460
-44.750 26.750 11.47200
-44.750 27.250 10.56920
-44.750 27.750  9.71313
-44.750 28.250  8.91370
-44.750 28.750  8.17557
-44.750 29.250  7.49958
-44.750 29.750  6.88411
-44.750 30.250  6.32592
-44.750 30.750  5.82095
-44.750 31.250  5.36477
-44.750 31.750  4.95286
-44.750 32.250  4.58088
-44.750 32.750  4.24474
-44.750 33.250  3.94068
-44.750 33.750  3.66529
-44.750 34.250  3.41547
-44.750 34.750  3.18849
-44.750 35.250  2.98188
-44.750 35.750  2.79349
-44.750 36.250  2.62139
-44.750 36.750  2.46387
-44.750 37.250  2.31943
-44.750 37.750  2.18675
-44.750 38.250  2.06463
-44.750 38.750  1.95204
-44.750 39.250  1.84806
-44.750 39.750  1.75186
-44.750 40.250  1.66271
-44.750 40.750  1.57995
-44.750 41.250  1.50302
-44.750 41.750  1.43139
-44.750 42.250  1.36459
-44.750 42.750  1.30222
-44.750 43.250  1.24390
-44.750 43.750  1.18928
-44.750 44.250  1.13808
-44.750 44.750  1.09001
-44.250 -44.750  1.05208
-44.250 -44.250  1.09833
-44.250 -43.750  1.14762
-44.250 -43.250  1.20021
-44.250 -42.750  1.25640
-44.250 -42.250  1.31653
-44.250 -41.750  1.38096
-44.250 -41.250  1.45011
-44.250 -40.750  1.52444
-44.250 -40.250  1.60448
-44.250 -39.750  1.69080
-44.250 -39.250  1.78406
-44.250 -38.750  1.88501
-44.250 -38.250  1.99449
-44.250 -37.750  2.11343
-44.250 -37.250  2.24294
-44.250 -36.750  2.38423
-44.250 -36.250  2.53870
-44.250 -35.750  2.70794
-44.250 -35.250  2.89379
-44.250 -34.750  3.09831
-44.250 -34.250  3.32390
-44.250 -33.750  3.57329
-44.250 -33.250  3.84957
-44.250 -32.750  4.15630
-44.250 -32.250  4.49751
-44.250 -31.750  4.87776
-44.250 -31.250  5.30213
-44.250 -30.750  5.77627
-44.250 -30.250  6.30631
-44.250 -29.750  6.89872
-44.250 -29.250  7.56005
-44.250 -28.750  8.29646
-44.250 -28.250  9.11300
-44.250 -27.750 10.01249
-44.250 -27.250 10.99391
-44.250 -26.750 12.05041
-44.250 -26.250 13.16668
-44.250 -25.750 14.31626
-44.250 -25.250 15.45911
-44.250 -24.750 16.54037
-44.250 -24.250 17.49129
-44.250 -23.750 18.23323
-44.250 -23.250 18.68481
-44.250 -22.750 18.77159
-44.250 -22.250 18.43625
-44.250 -21.750 17.64722
-44.250 -21.250 16.40372
-44.250 -20.750 14.73655
-44.250 -20.250 12.70480
-44.250 -19.750 10.38962
-44.250 -19.250  7.88638
-44.250 -18.750  5.29668
-44.250 -18.250  2.72085
-44.250 -17.750  0.25184
-44.250 -17.250 -2.02964
-44.250 -16.750 -4.05836
-44.250 -16.250 -5.78656
-44.250 -15.750 -7.18473
-44.250 -15.250 -8.24141
-44.250 -14.750 -8.96211
-44.250 -14.250 -9.36776
-44.250 -13.750 -9.49252
-44.250 -13.250 -9.38128
-44.250 -12.750 -9.08627
-44.250 -12.250 -8.66166
-44.250 -11.750 -8.15776
-44.250 -11.250 -7.63717
-44.250 -10.750 -7.30062
-44.250 -10.250 -7.96339
-44.250 -9.750 -13.72866
-44.250 -9.250  7.42418
-44.250 -8.750 15.07056
-44.250 -8.250 12.52461
-44.250 -7.750 12.70344
-44.250 -7.250 13.52711
-44.250 -6.750 14.46003
-44.250 -6.250 15.36933
-44.250 -5.750 16.23737
-44.250 -5.250 17.06652
-44.250 -4.750 17.85585
-44.250 -4.250 18.59943
-44.250 -3.750 19.28869
-44.250 -3.250 19.91440
-44.250 -2.750 20.46777
-44.250 -2.250 20.94102
-44.250 -1.750 21.32755
-44.250 -1.250 21.62206
-44.250 -0.750 21.82061
-44.250 -0.250 21.92054
-44.250 0.250 21.92054
-44.250 0.750 21.82061
-44.250 1.250 21.62206
-44.250 1.750 21.32755
-44.250 2.250 20.94102
-44.250 2.750 20.46777
-44.250 3.250 19.91440
-44.250 3.750 19.28869
-44.250 4.250 18.59943
-44.250 4.750 17.85585
-44.250 5.250 17.06652
-44.250 5.750 16.23737
-44.250 6.250 15.36933
-44.250 6.750 14.46003
-44.250 7.250 13.52711
-44.250 7.750 12.70344
-44.250 8.250 12.52461
-44.250 8.750 15.07056
-44.250 9.250  7.42418
-44.250 9.750 -13.72866
-44.250 10.250 -7.96339
-44.250 10.750 -7.30062
-44.250 11.250 -7.63717
-44.250 11.750 -8.15776
-44.250 12.250 -8.66166
-44.250 12.750 -9.08627
-44.250 13.250 -9.38128
-44.250 13.750 -9.49252
-44.250 14.250 -9.36776
-44.250 14.750 -8.96211
-44.250 15.250 -8.24141
-44.250 15.750 -7.18473
-44.250 16.250 -5.78656
-44.250 16.750 -4.05836
-44.250 17.250 -2.02964
-44.250 17.750  0.25184
-44.250 18.250  2.72085
-44.250 18.750  5.29668
-44.250 19.250  7.88638
-44.250 19.750 10.38962
-44.250 20.250 12.70480
-44.250 20.750 14.73655
-44.250 21.250 16.40372
-44.250 21.750 17.64722
-44.250 22.250 18.43625
-44.250 22.750 18.77159
-44.250 23.250 18.68481
-44.250 23.750 18.23323
-44.250 24.250 17.49129
-44.250 24.750 16.54037
-44.250 25.250 15.45911
-44.250 25.750 14.31626
-44.250 26.250 13.16668
-44.250 26.750 12.05041
-44.250 27.250 10.99391
-44.250 27.750 10.01249
-44.250 28.250  9.11300
-44.250 28.750  8.29646
-44.250 29.250  7.56005
-44.250 29.750  6.89872
-44.250 30.250  6.30631
-44.250 30.750  5.77627
-44.250 31.250  5.30213
-44.250 31.750  4.87776
-44.250 32.250  4.49751
-44.250 32.750  4.15630
-44.250 33.250  3.84957
-44.250 33.750  3.57329
-44.250 34.250  3.32390
-44.250 34.750  3.09831
-44.250 35.250  2.89379
-44.250 35.750  2.70794
-44.250 36.250  2.53870
-44.250 36.750  2.38423
-44.250 37.250  2.24294
-44.250 37.750  2.11343
-44.250 38.250  1.99449
-44.250 38.750  1.88501
-44.250 39.250  1.78406
-44.250 39.750  1.69080
-44.250 40.250  1.60448
-44.250 40.750  1.52444
-44.250 41.250  1.45011
-44.250 41.750  1.38096
-44.250 42.250  1.31653
-44.250 42.750  1.25640
-44.250 43.250  1.20021
-44.250 43.750  1.14762
-44.250 44.250  1.09833
-44.250 44.750  1.05208
-43.750 -44.750  1.01136
-43.750 -44.250  1.05555
-43.750 -43.750  1.10265
-43.750 -43.250  1.15292
-43.750 -42.750  1.20665
-43.750 -42.250  1.26416
-43.750 -41.750  1.32582
-43.750 -41.250  1.39203
-43.750 -40.750  1.46325
-43.750 -40.250  1.53998
-43.750 -39.750  1.62281
-43.750 -39.250  1.71240
-43.750 -38.750  1.80947
-43.750 -38.250  1.91488
-43.750 -37.750  2.02959
-43.750 -37.250  2.15469
-43.750 -36.750  2.29143
-43.750 -36.250  2.44126
-43.750 -35.750  2.60583
-43.750 -35.250  2.78705
-43.750 -34.750  2.98713
-43.750 -34.250  3.20861
-43.750 -33.750  3.45446
-43.750 -33.250  3.72809
-43.750 -32.750  4.03347
-43.750 -32.250  4.37521
-43.750 -31.750  4.75861
-43.750 -31.250  5.18980
-43.750 -30.750  5.67575
-43.750 -30.250  6.22435
-43.750 -29.750  6.84435
-43.750 -29.250  7.54525
-43.750 -28.750  8.33687
-43.750 -28.250  9.22875
-43.750 -27.750 10.22893
-43.750 -27.250 11.34215
-43.750 -26.750 12.56718
-43.750 -26.250 13.89315
-43.750 -25.750 15.29520
-43.750 -25.250 16.72990
-43.750 -24.750 18.13187
-43.750 -24.250 19.41333
-43.750 -23.750 20.46844
-43.750 -23.250 21.18345
-43.750 -22.750 21.45132
-43.750 -22.250 21.18794
-43.750 -21.750 20.34572
-43.750 -21.250 18.92122
-43.750 -20.750 16.95562
-43.750 -20.250 14.52889
-43.750 -19.750 11.74988
-43.750 -19.250  8.74474
-43.750 -18.750  5.64565
-43.750 -18.250  2.58092
-43.750 -17.750 -0.33271
-43.750 -17.250 -2.99571
-43.750 -16.750 -5.32940
-43.750 -16.250 -7.27784
-43.750 -15.750 -8.80825
-43.750 -15.250 -9.91045
-43.750 -14.750 -10.59545
-43.750 -14.250 -10.89301
-43.750 -13.750 -10.84068
-43.750 -13.250 -10.43991
-43.750 -12.750 -9.57610
-43.750 -12.250 -8.21951
-43.750 -11.750 -7.01575
-43.750 -11.250  4.34432
-43.750 -10.750 14.71499
-43.750 -10.250 12.38621
-43.750 -9.750 11.76960
-43.750 -9.250 11.85101
-43.750 -8.750 12.19430
-43.750 -8.250 12.66943
-43.750 -7.750 13.23151
-43.750 -7.250 13.85632
-43.750 -6.750 14.52450
-43.750 -6.250 15.21840
-43.750 -5.750 15.92159
-43.750 -5.250 16.61891
-43.750 -4.750 17.29647
-43.750 -4.250 17.94170
-43.750 -3.750 18.54334
-43.750 -3.250 19.09142
-43.750 -2.750 19.57724
-43.750 -2.250 19.99338
-43.750 -1.750 20.33368
-43.750 -1.250 20.59320
-43.750 -0.750 20.76826
-43.750 -0.250 20.85640
-43.750 0.250 20.85640
-43.750 0.750 20.76826
-43.750 1.250 20.59320
-43.750 1.750 20.33368
-43.750 2.250 19.99338
-43.750 2.750 19.57724
-43.750 3.250 19.09142
-43.750 3.750 18.54334
-43.750 4.250 17.94170
-43.750 4.750 17.29647
-43.750 5.250 16.61891
-43.750 5.750 15.92159
-43.750 6.250 15.21840
-43.750 6.750 14.52450
-43.750 7.250 13.85632
-43.750 7.750 13.23151
-43.750 8.250 12.66943
-43.750 8.750 12.19430
-43.750 9.250 11.85101
-43.750 9.750 11.76960
-43.750 10.250 12.38621
-43.750 10.750 14.71499
-43.750 11.250  4.34432
-43.750 11.750 -7.01575
-43.750 12.250 -8.21951
-43.750 12.750 -9.57610
-43.750 13.250 -10.43991
-43.750 13.750 -10.84068
-43.750 14.250 -10.89301
-43.750 14.750 -10.59545
-43.750 15.250 -9.91045
-43.750 15.750 -8.80825
-43.750 16.250 -7.27784
-43.750 16.750 -5.32940
-43.750 17.250 -2.99571
-43.750 17.750 -0.33271
-43.750 18.250  2.58092
-43.750 18.750  5.64565
-43.750 19.250  8.74474
-43.750 19.750 11.74988
-43.750 20.250 14.52889
-43.750 20.750 16.95562
-43.750 21.250 18.92122
-43.750 21.750 20.34572
-43.750 22.250 21.18794
-43.750 22.750 21.45132
-43.750 23.250 21.18345
-43.750 23.750 20.46844
-43.750 24.250 19.41333
-43.750 24.750 18.13187
-43.750 25.250 16.72990
-43.750 25.750 15.29520
-43.750 26.250 13.89315
-43.750 26.750 12.56718
-43.750 27.250 11.34215
-43.750 27.750 10.22893
-43.750 28.250  9.22875
-43.750 28.750  8.33687
-43.750 29.250  7.54525
-43.750 29.750  6.84435
-43.750 30.250  6.22435
-43.750 30.750  5.67575
-43.750 31.250  5.18980
-43.750 31.750  4.75861
-43.750 32.250  4.37521
-43.750 32.750  4.03347
-43.750 33.250  3.72809
-43.750 33.750  3.45446
-43.750 34.250  3.20861
-43.750 34.750  2.98713
-43.750 35.250  2.78705
-43.750 35.750  2.60583
-43.750 36.250  2.44126
-43.750 36.750  2.29143
-43.750 37.250  2.15469
-43.750 37.750  2.02959
-43.750 38.250  1.91488
-43.750 38.750  1.80947
-43.750 39.250  1.71240
-43.750 39.750  1.62281
-43.750 40.250  1.53998
-43.750 40.750  1.46325
-43.750 41.250  1.39203
-43.750 41.750  1.32582
-43.750 42.250  1.26416
-43.750 42.750  1.20665
-43.750 43.250  1.15292
-43.750 43.750  1.10265
-43.750 44.250  1.05555
-43.750 44.750  1.01136
-43.250 -44.750  0.96797
-43.250 -44.250  1.00987
-43.250 -43.750  1.05452
-43.250 -43.250  1.10218
-43.250 -42.750  1.15312
-43.250 -42.250  1.20766
-43.250 -41.750  1.26614
-43.250 -41.250  1.32895
-43.250 -40.750  1.39654
-43.250 -40.250  1.46940
-43.250 -39.750  1.54809
-43.250 -39.250  1.63325
-43.250 -38.750  1.72562
-43.250 -38.250  1.82601
-43.250 -37.750  1.93538
-43.250 -37.250  2.05482
-43.250 -36.750  2.18559
-43.250 -36.250  2.32913
-43.250 -35.750  2.48712
-43.250 -35.250  2.66153
-43.250 -34.750  2.85461
-43.250 -34.250  3.06904
-43.250 -33.750  3.30793
-43.250 -33.250  3.57495
-43.250 -32.750  3.87440
-43.250 -32.250  4.21137
-43.250 -31.750  4.59184
-43.250 -31.250  5.02287
-43.250 -30.750  5.51273
-43.250 -30.250  6.07110
-43.250 -29.750  6.70917
-43.250 -29.250  7.43968
-43.250 -28.750  8.27680
-43.250 -28.250  9.23567
-43.250 -27.750 10.33136
-43.250 -27.250 11.57702
-43.250 -26.750 12.98068
-43.250 -26.250 14.54042
-43.250 -25.750 16.23774
-43.250 -25.250 18.02955
-43.250 -24.750 19.84072
-43.250 -24.250 21.56023
-43.250 -23.750 23.04485
-43.250 -23.250 24.13314
-43.250 -22.750 24.66855
-43.250 -22.250 24.52603
-43.250 -21.750 23.63412
-43.250 -21.250 21.98642
-43.250 -20.750 19.64069
-43.250 -20.250 16.70812
-43.250 -19.750 13.33721
-43.250 -19.250  9.69638
-43.250 -18.750  5.95826
-43.250 -18.250  2.28695
-43.250 -17.750 -1.17141
-43.250 -17.250 -4.29491
-43.250 -16.750 -6.98955
-43.250 -16.250 -9.19114
-43.250 -15.750 -10.86730
-43.250 -15.250 -12.01692
-43.250 -14.750 -12.60320
-43.250 -14.250 -12.11425
-43.250 -13.750 -8.82805
-43.250 -13.250 -1.76127
-43.250 -12.750 11.07813
-43.250 -12.250 14.61596
-43.250 -11.750 13.55801
-43.250 -11.250 12.76523
-43.250 -10.750 12.33570
-43.250 -10.250 12.14313
-43.250 -9.750 12.13061
-43.250 -9.250 12.26732
-43.250 -8.750 12.52910
-43.250 -8.250 12.89400
-43.250 -7.750 13.34148
-43.250 -7.250 13.85232
-43.250 -6.750 14.40860
-43.250 -6.250 14.99368
-43.250 -5.750 15.59215
-43.250 -5.250 16.18989
-43.250 -4.750 16.77399
-43.250 -4.250 17.33274
-43.250 -3.750 17.85566
-43.250 -3.250 18.33345
-43.250 -2.750 18.75799
-43.250 -2.250 19.12235
-43.250 -1.750 19.42074
-43.250 -1.250 19.64857
-43.250 -0.750 19.80237
-43.250 -0.250 19.87984
-43.250 0.250 19.87984
-43.250 0.750 19.80237
-43.250 1.250 19.64857
-43.250 1.750 19.42074
-43.250 2.250 19.12235
-43.250 2.750 18.75799
-43.250 3.250 18.33345
-43.250 3.750 17.85566
-43.250 4.250 17.33274
-43.250 4.750 16.77399
-43.250 5.250 16.18989
-43.250 5.750 15.59215
-43.250 6.250 14.99368
-43.250 6.750 14.40860
-43.250 7.250 13.85232
-43.250 7.750 13.34148
-43.250 8.250 12.89400
-43.250 8.750 12.52910
-43.250 9.250 12.26732
-43.250 9.750 12.13061
-43.250 10.250 12.14313
-43.250 10.750 12.33570
-43.250 11.250 12.76523
-43.250 11.750 13.55801
-43.250 12.250 14.61596
-43.250 12.750 11.07813
-43.250 13.250 -1.76127
-43.250 13.750 -8.82805
-43.250 14.250 -12.11425
-43.250 14.750 -12.60320
-43.250 15.250 -12.01692
-43.250 15.750 -10.86730
-43.250 16.250 -9.19114
-43.250 16.750 -6.98955
-43.250 17.250 -4.29491
-43.250 17.750 -1.17141
-43.250 18.250  2.28695
-43.250 18.750  5.95826
-43.250 19.250  9.69638
-43.250 19.750 13.33721
-43.250 20.250 16.70812
-43.250 20.750 19.64069
-43.250 21.250 21.98642
-43.250 21.750 23.63412
-43.250 22.250 24.52603
-43.250 22.750 24.66855
-43.250 23.250 24.13314
-43.250 23.750 23.04485
-43.250 24.250 21.56023
-43.250 24.750 19.84072
-43.250 25.250 18.02955
-43.250 25.750 16.23774
-43.250 26.250 14.54042
-43.250 26.750 12.98068
-43.250 27.250 11.57702
-43.250 27.750 10.33136
-43.250 28.250  9.23567
-43.250 28.750  8.27680
-43.250 29.250  7.43968
-43.250 29.750  6.70917
-43.250 30.250  6.07110
-43.250 30.750  5.51273
-43.250 31.250  5.02287
-43.250 31.750  4.59184
-43.250 32.250  4.21137
-43.250 32.750  3.87440
-43.250 33.250  3.57495
-43.250 33.750  3.30793
-43.250 34.250  3.06904
-43.250 34.750  2.85461
-43.250 35.250  2.66153
-43.250 35.750  2.48712
-43.250 36.250  2.32913
-43.250 36.750  2.18559
-43.250 37.250  2.05482
-43.250 37.750  1.93538
-43.250 38.250  1.82601
-43.250 38.750  1.72562
-43.250 39.250  1.63325
-43.250 39.750  1.54809
-43.250 40.250  1.46940
-43.250 40.750  1.39654
-43.250 41.250  1.32895
-43.250 41.750  1.26614
-43.250 42.250  1.20766
-43.250 42.750  1.15312
-43.250 43.250  1.10218
-43.250 43.750  1.05452
-43.250 44.250  1.00987
-43.250 44.750  0.96797
-42.750 -44.750  0.92205
-42.750 -44.250  0.96143
-42.750 -43.750  1.00339
-42.750 -43.250  1.04816
-42.750 -42.750  1.09601
-42.750 -42.250  1.14722
-42.750 -41.750  1.20213
-42.750 -41.250  1.26111
-42.750 -40.750  1.32457
-42.750 -40.250  1.39299
-42.750 -39.750  1.46691
-42.750 -39.250  1.54693
-42.750 -38.750  1.63375
-42.750 -38.250  1.72818
-42.750 -37.750  1.83113
-42.750 -37.250  1.94367
-42.750 -36.750  2.06701
-42.750 -36.250  2.20259
-42.750 -35.750  2.35206
-42.750 -35.250  2.51738
-42.750 -34.750  2.70082
-42.750 -34.250  2.90510
-42.750 -33.750  3.13339
-42.750 -33.250  3.38951
-42.750 -32.750  3.67797
-42.750 -32.250  4.00420
-42.750 -31.750  4.37472
-42.750 -31.250  4.79733
-42.750 -30.750  5.28146
-42.750 -30.250  5.83842
-42.750 -29.750  6.48178
-42.750 -29.250  7.22767
-42.750 -28.750  8.09500
-42.750 -28.250  9.10547
-42.750 -27.750 10.28302
-42.750 -27.250 11.65227
-42.750 -26.750 13.23536
-42.750 -26.250 15.04603
-42.750 -25.750 17.08035
-42.750 -25.250 19.30362
-42.750 -24.750 21.63557
-42.750 -24.250 23.93871
-42.750 -23.750 26.01829
-42.750 -23.250 27.64108
-42.750 -22.750 28.57297
-42.750 -22.250 28.62473
-42.750 -21.750 27.68929
-42.750 -21.250 25.75869
-42.750 -20.750 22.91882
-42.750 -20.250 19.32897
-42.750 -19.750 15.19507
-42.750 -19.250 10.74377
-42.750 -18.750  6.20098
-42.750 -18.250  1.77593
-42.750 -17.750 -2.34950
-42.750 -17.250 -6.02854
-42.750 -16.750 -9.16305
-42.750 -16.250 -11.71577
-42.750 -15.750 -13.31447
-42.750 -15.250 -10.22152
-42.750 -14.750  2.05019
-42.750 -14.250 14.98868
-42.750 -13.750 18.66071
-42.750 -13.250 17.33399
-42.750 -12.750 15.86817
-42.750 -12.250 14.73048
-42.750 -11.750 13.87040
-42.750 -11.250 13.24550
-42.750 -10.750 12.82734
-42.750 -10.250 12.59154
-42.750 -9.750 12.51520
-42.750 -9.250 12.57655
-42.750 -8.750 12.75494
-42.750 -8.250 13.03078
-42.750 -7.750 13.38560
-42.750 -7.250 13.80202
-42.750 -6.750 14.26377
-42.750 -6.250 14.75568
-42.750 -5.750 15.26367
-42.750 -5.250 15.77476
-42.750 -4.750 16.27708
-42.750 -4.250 16.75983
-42.750 -3.750 17.21332
-42.750 -3.250 17.62893
-42.750 -2.750 17.99912
-42.750 -2.250 18.31746
-42.750 -1.750 18.57857
-42.750 -1.250 18.77815
-42.750 -0.750 18.91300
-42.750 -0.250 18.98096
-42.750 0.250 18.98096
-42.750 0.750 18.91300
-42.750 1.250 18.77815
-42.750 1.750 18.57857
-42.750 2.250 18.31746
-42.750 2.750 17.99912
-42.750 3.250 17.62893
-42.750 3.750 17.21332
-42.750 4.250 16.75983
-42.750 4.750 16.27708
-42.750 5.250 15.77476
-42.750 5.750 15.26367
-42.750 6.250 14.75568
-42.750 6.750 14.26377
-42.750 7.250 13.80202
-42.750 7.750 13.38560
-42.750 8.250 13.03078
-42.750 8.750 12.75494
-42.750 9.250 12.57655
-42.750 9.750 12.51520
-42.750 10.250 12.59154
-42.750 10.750 12.82734
-42.750 11.250 13.24550
-42.750 11.750 13.87040
-42.750 12.250 14.73048
-42.750 12.750 15.86817
-42.750 13.250 17.33399
-42.750 13.750 18.66071
-42.750 14.250 14.98868
-42.750 14.750  2.05019
-42.750 15.250 -10.22152
-42.750 15.750 -13.31447
-42.750 16.250 -11.71577
-42.750 16.750 -9.16305
-42.750 17.250 -6.02854
-42.750 17.750 -2.34950
-42.750 18.250  1.77593
-42.750 18.750  6.20098
-42.750 19.250 10.74377
-42.750 19.750 15.19507
-42.750 20.250 19.32897
-42.750 20.750 22.91882
-42.750 21.250 25.75869
-42.750 21.750 27.68929
-42.750 22.250 28.62473
-42.750 22.750 28.57297
-42.750 23.250 27.64108
-42.750 23.750 26.01829
-42.750 24.250 23.93871
-42.750 24.750 21.63557
-42.750 25.250 19.30362
-42.750 25.750 17.08035
-42.750 26.250 15.04603
-42.750 26.750 13.23536
-42.750 27.250 11.65227
-42.750 27.750 10.28302
-42.750 28.250  9.10547
-42.750 28.750  8.09500
-42.750 29.250  7.22767
-42.750 29.750  6.48178
-42.750 30.250  5.83842
-42.750 30.750  5.28146
-42.750 31.250  4.79733
-42.750 31.750  4.37472
-42.750 32.250  4.00420
-42.750 32.750  3.67797
-42.750 33.250  3.38951
-42.750 33.750  3.13339
-42.750 34.250  2.90510
-42.750 34.750  2.70082
-42.750 35.250  2.51738
-42.750 35.750  2.35206
-42.750 36.250  2.20259
-42.750 36.750  2.06701
-42.750 37.250  1.94367
-42.750 37.750  1.83113
-42.750 38.250  1.72818
-42.750 38.750  1.63375
-42.750 39.250  1.54693
-42.750 39.750  1.46691
-42.750 40.250  1.39299
-42.750 40.750  1.32457
-42.750 41.250  1.26111
-42.750 41.750  1.20213
-42.750 42.250  1.14722
-42.750 42.750  1.09601
-42.750 43.250  1.04816
-42.750 43.750  1.00339
-42.750 44.250  0.96143
-42.750 44.750  0.92205
-42.250 -44.750  0.87376
-42.250 -44.250  0.91042
-42.250 -43.750  0.94945
-42.250 -43.250  0.99107
-42.250 -42.750  1.03553
-42.250 -42.250  1.08309
-42.250 -41.750  1.13406
-42.250 -41.250  1.18879
-42.250 -40.750  1.24766
-42.250 -40.250  1.31111
-42.250 -39.750  1.37964
-42.250 -39.250  1.45382
-42.250 -38.750  1.53431
-42.250 -38.250  1.62186
-42.250 -37.750  1.71733
-42.250 -37.250  1.82173
-42.250 -36.750  1.93623
-42.250 -36.250  2.06219
-42.250 -35.750  2.20121
-42.250 -35.250  2.35517
-42.250 -34.750  2.52629
-42.250 -34.250  2.71723
-42.250 -33.750  2.93116
-42.250 -33.250  3.17186
-42.250 -32.750  3.44395
-42.250 -32.250  3.75298
-42.250 -31.750  4.10575
-42.250 -31.250  4.51059
-42.250 -30.750  4.97772
-42.250 -30.250  5.51978
-42.250 -29.750  6.15235
-42.250 -29.250  6.89469
-42.250 -28.750  7.77045
-42.250 -28.250  8.80836
-42.250 -27.750 10.04262
-42.250 -27.250 11.51241
-42.250 -26.750 13.25961
-42.250 -26.250 15.32294
-42.250 -25.750 17.72632
-42.250 -25.250 20.45918
-42.250 -24.750 23.44913
-42.250 -24.250 26.53374
-42.250 -23.750 29.44811
-42.250 -23.250 31.84765
-42.250 -22.750 33.37187
-42.250 -22.250 33.72779
-42.250 -21.750 32.75571
-42.250 -21.250 30.45261
-42.250 -20.750 26.95468
-42.250 -20.250 22.49720
-42.250 -19.750 17.37005
-42.250 -19.250 11.87977
-42.250 -18.750  6.32165
-42.250 -18.250  0.95852
-42.250 -17.750 -4.02175
-42.250 -17.250 -8.55537
-42.250 -16.750 -10.85820
-42.250 -16.250  2.15789
-42.250 -15.750 18.22371
-42.250 -15.250 24.17434
-42.250 -14.750 22.92854
-42.250 -14.250 20.77727
-42.250 -13.750 18.90399
-42.250 -13.250 17.33826
-42.250 -12.750 16.04613
-42.250 -12.250 15.00241
-42.250 -11.750 14.18504
-42.250 -11.250 13.57274
-42.250 -10.750 13.14479
-42.250 -10.250 12.88103
-42.250 -9.750 12.76196
-42.250 -9.250 12.76878
-42.250 -8.750 12.88345
-42.250 -8.250 13.08875
-42.250 -7.750 13.36829
-42.250 -7.250 13.70657
-42.250 -6.750 14.08896
-42.250 -6.250 14.50177
-42.250 -5.750 14.93225
-42.250 -5.250 15.36859
-42.250 -4.750 15.79992
-42.250 -4.250 16.21637
-42.250 -3.750 16.60904
-42.250 -3.250 16.97000
-42.250 -2.750 17.29230
-42.250 -2.250 17.56998
-42.250 -1.750 17.79810
-42.250 -1.250 17.97266
-42.250 -0.750 18.09069
-42.250 -0.250 18.15020
-42.250 0.250 18.15020
-42.250 0.750 18.09069
-42.250 1.250 17.97266
-42.250 1.750 17.79810
-42.250 2.250 17.56998
-42.250 2.750 17.29230
-42.250 3.250 16.97000
-42.250 3.750 16.60904
-42.250 4.250 16.21637
-42.250 4.750 15.79992
-42.250 5.250 15.36859
-42.250 5.750 14.93225
-42.250 6.250 14.50177
-42.250 6.750 14.08896
-42.250 7.250 13.70657
-42.250 7.750 13.36829
-42.250 8.250 13.08875
-42.250 8.750 12.88345
-42.250 9.250 12.76878
-42.250 9.750 12.76196
-42.250 10.250 12.88103
-42.250 10.750 13.14479
-42.250 11.250 13.57274
-42.250 11.750 14.18504
-42.250 12.250 15.00241
-42.250 12.750 16.04613
-42.250 13.250 17.33826
-42.250 13.750 18.90399
-42.250 14.250 20.77727
-42.250 14.750 22.92854
-42.250 15.250 24.17434
-42.250 15.750 18.22371
-42.250 16.250  2.15789
-42.250 16.750 -10.85820
-42.250 17.250 -8.55537
-42.250 17.750 -4.02175
-42.250 18.250  0.95852
-42.250 18.750  6.32165
-42.250 19.250 11.87977
-42.250 19.750 17.37005
-42.250 20.250 22.49720
-42.250 20.750 26.95468
-42.250 21.250 30.45261
-42.250 21.750 32.75571
-42.250 22.250 33.72779
-42.250 22.750 33.37187
-42.250 23.250 31.84765
-42.250 23.750 29.44811
-42.250 24.250 26.53374
-42.250 24.750 23.44913
-42.250 25.250 20.45918
-42.250 25.750 17.72632
-42.250 26.250 15.32294
-42.250 26.750 13.25961
-42.250 27.250 11.51241
-42.250 27.750 10.04262
-42.250 28.250  8.80836
-42.250 28.750  7.77045
-42.250 29.250  6.89469
-42.250 29.750  6.15235
-42.250 30.250  5.51978
-42.250 30.750  4.97772
-42.250 31.250  4.51059
-42.250 31.750  4.10575
-42.250 32.250  3.75298
-42.250 32.750  3.44395
-42.250 33.250  3.17186
-42.250 33.750  2.93116
-42.250 34.250  2.71723
-42.250 34.750  2.52629
-42.250 35.250  2.35517
-42.250 35.750  2.20121
-42.250 36.250  2.06219
-42.250 36.750  1.93623
-42.250 37.250  1.82173
-42.250 37.750  1.71733
-42.250 38.250  1.62186
-42.250 38.750  1.53431
-42.250 39.250  1.45382
-42.250 39.750  1.37964
-42.250 40.250  1.31111
-42.250 40.750  1.24766
-42.250 41.250  1.18879
-42.250 41.750  1.13406
-42.250 42.250  1.08309
-42.250 42.750  1.03553
-42.250 43.250  0.99107
-42.250 43.750  0.94945
-42.250 44.250  0.91042
-42.250 44.750  0.87376
-41.750 -44.750  0.82330
-41.750 -44.250  0.85703
-41.750 -43.750  0.89292
-41.750 -43.250  0.93115
-41.750 -42.750  0.97195
-41.750 -42.250  1.01556
-41.750 -41.750  1.06225
-41.750 -41.250  1.11234
-41.750 -40.750  1.16617
-41.750 -40.250  1.22415
-41.750 -39.750  1.28672
-41.750 -39.250  1.35442
-41.750 -38.750  1.42782
-41.750 -38.250  1.50763
-41.750 -37.750  1.59462
-41.750 -37.250  1.68974
-41.750 -36.750  1.79404
-41.750 -36.250  1.90879
-41.750 -35.750  2.03548
-41.750 -35.250  2.17586
-41.750 -34.750  2.33203
-41.750 -34.250  2.50649
-41.750 -33.750  2.70226
-41.750 -33.250  2.92301
-41.750 -32.750  3.17318
-41.750 -32.250  3.45827
-41.750 -31.750  3.78504
-41.750 -31.250  4.16195
-41.750 -30.750  4.59955
-41.750 -30.250  5.11122
-41.750 -29.750  5.71388
-41.750 -29.250  6.42916
-41.750 -28.750  7.28469
-41.750 -28.250  8.31579
-41.750 -27.750  9.56722
-41.750 -27.250 11.09478
-41.750 -26.750 12.96551
-41.750 -26.250 15.25431
-41.750 -25.750 18.03257
-41.750 -25.250 21.34227
-41.750 -24.750 25.14987
-41.750 -24.250 29.28441
-41.750 -23.750 33.38949
-41.750 -23.250 36.94136
-41.750 -22.750 39.36261
-41.750 -22.250 40.18617
-41.750 -21.750 39.17699
-41.750 -21.250 36.35795
-41.750 -20.750 31.95896
-41.750 -20.250 26.33755
-41.750 -19.750 19.90656
-41.750 -19.250 13.07831
-41.750 -18.750  6.17199
-41.750 -18.250 -0.68155
-41.750 -17.750 -1.77611
-41.750 -17.250 18.61099
-41.750 -16.750 28.50817
-41.750 -16.250 29.11006
-41.750 -15.750 26.67361
-41.750 -15.250 24.23166
-41.750 -14.750 22.07390
-41.750 -14.250 20.18808
-41.750 -13.750 18.55761
-41.750 -13.250 17.16820
-41.750 -12.750 16.00509
-41.750 -12.250 15.05274
-41.750 -11.750 14.29507
-41.750 -11.250 13.71570
-41.750 -10.750 13.29813
-41.750 -10.250 13.02595
-41.750 -9.750 12.88296
-41.750 -9.250 12.85327
-41.750 -8.750 12.92147
-41.750 -8.250 13.07262
-41.750 -7.750 13.29241
-41.750 -7.250 13.56715
-41.750 -6.750 13.88388
-41.750 -6.250 14.23037
-41.750 -5.750 14.59515
-41.750 -5.250 14.96757
-41.750 -4.750 15.33780
-41.750 -4.250 15.69686
-41.750 -3.750 16.03664
-41.750 -3.250 16.34989
-41.750 -2.750 16.63024
-41.750 -2.250 16.87225
-41.750 -1.750 17.07134
-41.750 -1.250 17.22386
-41.750 -0.750 17.32707
-41.750 -0.250 17.37913
-41.750 0.250 17.37913
-41.750 0.750 17.32707
-41.750 1.250 17.22386
-41.750 1.750 17.07134
-41.750 2.250 16.87225
-41.750 2.750 16.63024
-41.750 3.250 16.34989
-41.750 3.750 16.03664
-41.750 4.250 15.69686
-41.750 4.750 15.33780
-41.750 5.250 14.96757
-41.750 5.750 14.59515
-41.750 6.250 14.23037
-41.750 6.750 13.88388
-41.750 7.250 13.56715
-41.750 7.750 13.29241
-41.750 8.250 13.07262
-41.750 8.750 12.92147
-41.750 9.250 12.85327
-41.750 9.750 12.88296
-41.750 10.250 13.02595
-41.750 10.750 13.29813
-41.750 11.250 13.71570
-41.750 11.750 14.29507
-41.750 12.250 15.05274
-41.750 12.750 16.00509
-41.750 13.250 17.16820
-41.750 13.750 18.55761
-41.750 14.250 20.18808
-41.750 14.750 22.07390
-41.750 15.250 24.23166
-41.750 15.750 26.67361
-41.750 16.250 29.11006
-41.750 16.750 28.50817
-41.750 17.250 18.61099
-41.750 17.750 -1.77611
-41.750 18.250 -0.68155
-41.750 18.750  6.17199
-41.750 19.250 13.07831
-41.750 19.750 19.90656
-41.750 20.250 26.33755
-41.750 20.750 31.95896
-41.750 21.250 36.35795
-41.750 21.750 39.17699
-41.750 22.250 40.18617
-41.750 22.750 39.36261
-41.750 23.250 36.94136
-41.750 23.750 33.38949
-41.750 24.250 29.28441
-41.750 24.750 25.14987
-41.750 25.250 21.34227
-41.750 25.750 18.03257
-41.750 26.250 15.25431
-41.750 26.750 12.96551
-41.750 27.250 11.09478
-41.750 27.750  9.56722
-41.750 28.250  8.31579
-41.750 28.750  7.28469
-41.750 29.250  6.42916
-41.750 29.750  5.71388
-41.750 30.250  5.11122
-41.750 30.750  4.59955
-41.750 31.250  4.16195
-41.750 31.750  3.78504
-41.750 32.250  3.45827
-41.750 32.750  3.17318
-41.750 33.250  2.92301
-41.750 33.750  2.70226
-41.750 34.250  2.50649
-41.750 34.750  2.33203
-41.750 35.250  2.17586
-41.750 35.750  2.03548
-41.750 36.250  1.90879
-41.750 36.750  1.79404
-41.750 37.250  1.68974
-41.750 37.750  1.59462
-41.750 38.250  1.50763
-41.750 38.750  1.42782
-41.750 39.250  1.35442
-41.750 39.750  1.28672
-41.750 40.250  1.22415
-41.750 40.750  1.16617
-41.750 41.250  1.11234
-41.750 41.750  1.06225
-41.750 42.250  1.01556
-41.750 42.750  0.97195
-41.750 43.250  0.93115
-41.750 43.750  0.89292
-41.750 44.250  0.85703
-41.750 44.750  0.82330
-41.250 -44.750  0.77086
-41.250 -44.250  0.80150
-41.250 -43.750  0.83404
-41.250 -43.250  0.86867
-41.250 -42.750  0.90557
-41.250 -42.250  0.94495
-41.250 -41.750  0.98705
-41.250 -41.250  1.03215
-41.250 -40.750  1.08055
-41.250 -40.250  1.13260
-41.250 -39.750  1.18871
-41.250 -39.250  1.24931
-41.250 -38.750  1.31495
-41.250 -38.250  1.38622
-41.250 -37.750  1.46383
-41.250 -37.250  1.54858
-41.250 -36.750  1.64143
-41.250 -36.250  1.74350
-41.250 -35.750  1.85611
-41.250 -35.250  1.98083
-41.250 -34.750  2.11956
-41.250 -34.250  2.27454
-41.250 -33.750  2.44853
-41.250 -33.250  2.64488
-41.250 -32.750  2.86771
-41.250 -32.250  3.12214
-41.250 -31.750  3.41456
-41.250 -31.250  3.75306
-41.250 -30.750  4.14793
-41.250 -30.250  4.61243
-41.250 -29.750  5.16379
-41.250 -29.250  5.82464
-41.250 -28.750  6.62496
-41.250 -28.250  7.60475
-41.250 -27.750  8.81765
-41.250 -27.250 10.33548
-41.250 -26.750 12.25315
-41.250 -26.250 14.69195
-41.250 -25.750 17.79534
-41.250 -25.250 21.70433
-41.250 -24.750 26.49087
-41.250 -24.250 32.03353
-41.250 -23.750 37.87339
-41.250 -23.250 43.18555
-41.250 -22.750 46.99279
-41.250 -22.250 48.52258
-41.250 -21.750 47.44331
-41.250 -21.250 43.86411
-41.250 -20.750 38.19470
-41.250 -20.250 30.99190
-41.250 -19.750 22.78670
-41.250 -19.250 13.89546
-41.250 -18.750 13.56501
-41.250 -18.250 28.07703
-41.250 -17.750 32.95936
-41.250 -17.250 31.73358
-41.250 -16.750 29.27531
-41.250 -16.250 26.91051
-41.250 -15.750 24.73234
-41.250 -15.250 22.74670
-41.250 -14.750 20.95820
-41.250 -14.250 19.36827
-41.250 -13.750 17.97468
-41.250 -13.250 16.77219
-41.250 -12.750 15.75321
-41.250 -12.250 14.90832
-41.250 -11.750 14.22679
-41.250 -11.250 13.69685
-41.250 -10.750 13.30611
-41.250 -10.250 13.04174
-41.250 -9.750 12.89072
-41.250 -9.250 12.83999
-41.250 -8.750 12.87663
-41.250 -8.250 12.98796
-41.250 -7.750 13.16168
-41.250 -7.250 13.38587
-41.250 -6.750 13.64919
-41.250 -6.250 13.94080
-41.250 -5.750 14.25054
-41.250 -5.250 14.56888
-41.250 -4.750 14.88700
-41.250 -4.250 15.19679
-41.250 -3.750 15.49092
-41.250 -3.250 15.76281
-41.250 -2.750 16.00669
-41.250 -2.250 16.21758
-41.250 -1.750 16.39130
-41.250 -1.250 16.52453
-41.250 -0.750 16.61474
-41.250 -0.250 16.66027
-41.250 0.250 16.66027
-41.250 0.750 16.61474
-41.250 1.250 16.52453
-41.250 1.750 16.39130
-41.250 2.250 16.21758
-41.250 2.750 16.00669
-41.250 3.250 15.76281
-41.250 3.750 15.49092
-41.250 4.250 15.19679
-41.250 4.750 14.88700
-41.250 5.250 14.56888
-41.250 5.750 14.25054
-41.250 6.250 13.94080
-41.250 6.750 13.64919
-41.250 7.250 13.38587
-41.250 7.750 13.16168
-41.250 8.250 12.98796
-41.250 8.750 12.87663
-41.250 9.250 12.83999
-41.250 9.750 12.89072
-41.250 10.250 13.04174
-41.250 10.750 13.30611
-41.250 11.250 13.69685
-41.250 11.750 14.22679
-41.250 12.250 14.90832
-41.250 12.750 15.75321
-41.250 13.250 16.77219
-41.250 13.750 17.97468
-41.250 14.250 19.36827
-41.250 14.750 20.95820
-41.250 15.250 22.74670
-41.250 15.750 24.73234
-41.250 16.250 26.91051
-41.250 16.750 29.27531
-41.250 17.250 31.73358
-41.250 17.750 32.95936
-41.250 18.250 28.07703
-41.250 18.750 13.56501
-41.250 19.250 13.89546
-41.250 19.750 22.78670
-41.250 20.250 30.99190
-41.250 20.750 38.19470
-41.250 21.250 43.86411
-41.250 21.750 47.44331
-41.250 22.250 48.52258
-41.250 22.750 46.99279
-41.250 23.250 43.18555
-41.250 23.750 37.87339
-41.250 24.250 32.03353
-41.250 24.750 26.49087
-41.250 25.250 21.70433
-41.250 25.750 17.79534
-41.250 26.250 14.69195
-41.250 26.750 12.25315
-41.250 27.250 10.33548
-41.250 27.750  8.81765
-41.250 28.250  7.60475
-41.250 28.750  6.62496
-41.250 29.250  5.82464
-41.250 29.750  5.16379
-41.250 30.250  4.61243
-41.250 30.750  4.14793
-41.250 31.250  3.75306
-41.250 31.750  3.41456
-41.250 32.250  3.12214
-41.250 32.750  2.86771
-41.250 33.250  2.64488
-41.250 33.750  2.44853
-41.250 34.250  2.27454
-41.250 34.750  2.11956
-41.250 35.250  1.98083
-41.250 35.750  1.85611
-41.250 36.250  1.74350
-41.250 36.750  1.64143
-41.250 37.250  1.54858
-41.250 37.750  1.46383
-41.250 38.250  1.38622
-41.250 38.750  1.31495
-41.250 39.250  1.24931
-41.250 39.750  1.18871
-41.250 40.250  1.13260
-41.250 40.750  1.08055
-41.250 41.250  1.03215
-41.250 41.750  0.98705
-41.250 42.250  0.94495
-41.250 42.750  0.90557
-41.250 43.250  0.86867
-41.250 43.750  0.83404
-41.250 44.250  0.80150
-41.250 44.750  0.77086
-40.750 -44.750  0.71666
-40.750 -44.250  0.74406
-40.750 -43.750  0.77310
-40.750 -43.250  0.80393
-40.750 -42.750  0.83671
-40.750 -42.250  0.87162
-40.750 -41.750  0.90886
-40.750 -41.250  0.94866
-40.750 -40.750  0.99129
-40.750 -40.250  1.03702
-40.750 -39.750  1.08619
-40.750 -39.250  1.13920
-40.750 -38.750  1.19647
-40.750 -38.250  1.25851
-40.750 -37.750  1.32591
-40.750 -37.250  1.39935
-40.750 -36.750  1.47963
-40.750 -36.250  1.56770
-40.750 -35.750  1.66467
-40.750 -35.250  1.77188
-40.750 -34.750  1.89090
-40.750 -34.250  2.02369
-40.750 -33.750  2.17257
-40.750 -33.250  2.34044
-40.750 -32.750  2.53086
-40.750 -32.250  2.74829
-40.750 -31.750  2.99837
-40.750 -31.250  3.28828
-40.750 -30.750  3.62732
-40.750 -30.250  4.02766
-40.750 -29.750  4.50542
-40.750 -29.250  5.08231
-40.750 -28.750  5.78799
-40.750 -28.250  6.66359
-40.750 -27.750  7.76704
-40.750 -27.250  9.18092
-40.750 -26.750 11.02387
-40.750 -26.250 13.46573
-40.750 -25.750 16.74286
-40.750 -25.250 21.15778
-40.750 -24.750 27.01651
-40.750 -24.250 34.41621
-40.750 -23.750 42.85439
-40.750 -23.250 50.97334
-40.750 -22.750 56.98178
-40.750 -22.250 59.54526
-40.750 -21.750 58.25969
-40.750 -21.250 53.49630
-40.750 -20.750 46.01196
-40.750 -20.250 36.16567
-40.750 -19.750 28.34349
-40.750 -19.250 30.34790
-40.750 -18.750 32.09279
-40.750 -18.250 31.15725
-40.750 -17.750 29.50827
-40.750 -17.250 27.75897
-40.750 -16.750 25.99702
-40.750 -16.250 24.27111
-40.750 -15.750 22.61973
-40.750 -15.250 21.07098
-40.750 -14.750 19.64418
-40.750 -14.250 18.35167
-40.750 -13.750 17.20026
-40.750 -13.250 16.19238
-40.750 -12.750 15.32700
-40.750 -12.250 14.60040
-40.750 -11.750 14.00679
-40.750 -11.250 13.53875
-40.750 -10.750 13.18770
-40.750 -10.250 12.94419
-40.750 -9.750 12.79820
-40.750 -9.250 12.73937
-40.750 -8.750 12.75715
-40.750 -8.250 12.84101
-40.750 -7.750 12.98054
-40.750 -7.250 13.16558
-40.750 -6.750 13.38628
-40.750 -6.250 13.63323
-40.750 -5.750 13.89745
-40.750 -5.250 14.17054
-40.750 -4.750 14.44463
-40.750 -4.250 14.71251
-40.750 -3.750 14.96756
-40.750 -3.250 15.20389
-40.750 -2.750 15.41627
-40.750 -2.250 15.60020
-40.750 -1.750 15.75190
-40.750 -1.250 15.86835
-40.750 -0.750 15.94725
-40.750 -0.250 15.98708
-40.750 0.250 15.98708
-40.750 0.750 15.94725
-40.750 1.250 15.86835
-40.750 1.750 15.75190
-40.750 2.250 15.60020
-40.750 2.750 15.41627
-40.750 3.250 15.20389
-40.750 3.750 14.96756
-40.750 4.250 14.71251
-40.750 4.750 14.44463
-40.750 5.250 14.17054
-40.750 5.750 13.89745
-40.750 6.250 13.63323
-40.750 6.750 13.38628
-40.750 7.250 13.16558
-40.750 7.750 12.98054
-40.750 8.250 12.84101
-40.750 8.750 12.75715
-40.750 9.250 12.73937
-40.750 9.750 12.79820
-40.750 10.250 12.94419
-40.750 10.750 13.18770
-40.750 11.250 13.53875
-40.750 11.750 14.00679
-40.750 12.250 14.60040
-40.750 12.750 15.32700
-40.750 13.250 16.19238
-40.750 13.750 17.20026
-40.750 14.250 18.35167
-40.750 14.750 19.64418
-40.750 15.250 21.07098
-40.750 15.750 22.61973
-40.750 16.250 24.27111
-40.750 16.750 25.99702
-40.750 17.250 27.75897
-40.750 17.750 29.50827
-40.750 18.250 31.15725
-40.750 18.750 32.09279
-40.750 19.250 30.34790
-40.750 19.750 28.34349
-40.750 20.250 36.16567
-40.750 20.750 46.01196
-40.750 21.250 53.49630
-40.750 21.750 58.25969
-40.750 22.250 59.54526
-40.750 22.750 56.98178
-40.750 23.250 50.97334
-40.750 23.750 42.85439
-40.750 24.250 34.41621
-40.750 24.750 27.01651
-40.750 25.250 21.15778
-40.750 25.750 16.74286
-40.750 26.250 13.46573
-40.750 26.750 11.02387
-40.750 27.250  9.18092
-40.750 27.750  7.76704
-40.750 28.250  6.66359
-40.750 28.750  5.78799
-40.750 29.250  5.08231
-40.750 29.750  4.50542
-40.750 30.250  4.02766
-40.750 30.750  3.62732
-40.750 31.250  3.28828
-40.750 31.750  2.99837
-40.750 32.250  2.74829
-40.750 32.750  2.53086
-40.750 33.250  2.34044
-40.750 33.750  2.17257
-40.750 34.250  2.02369
-40.750 34.750  1.89090
-40.750 35.250  1.77188
-40.750 35.750  1.66467
-40.750 36.250  1.56770
-40.750 36.750  1.47963
-40.750 37.250  1.39935
-40.750 37.750  1.32591
-40.750 38.250  1.25851
-40.750 38.750  1.19647
-40.750 39.250  1.13920
-40.750 39.750  1.08619
-40.750 40.250  1.03702
-40.750 40.750  0.99129
-40.750 41.250  0.94866
-40.750 41.750  0.90886
-40.750 42.250  0.87162
-40.750 42.750  0.83671
-40.750 43.250  0.80393
-40.750 43.750  0.77310
-40.750 44.250  0.74406
-40.750 44.750  0.71666
-40.250 -44.750  0.66095
-40.250 -44.250  0.68497
-40.250 -43.750  0.71036
-40.250 -43.250  0.73723
-40.250 -42.750  0.76572
-40.250 -42.250  0.79596
-40.250 -41.750  0.82812
-40.250 -41.250  0.86237
-40.250 -40.750  0.89892
-40.250 -40.250  0.93800
-40.250 -39.750  0.97987
-40.250 -39.250  1.02483
-40.250 -38.750  1.07322
-40.250 -38.250  1.12545
-40.250 -37.750  1.18196
-40.250 -37.250  1.24330
-40.250 -36.750  1.31008
-40.250 -36.250  1.38304
-40.250 -35.750  1.46305
-40.250 -35.250  1.55114
-40.250 -34.750  1.64857
-40.250 -34.250  1.75682
-40.250 -33.750  1.87774
-40.250 -33.250  2.01360
-40.250 -32.750  2.16719
-40.250 -32.250  2.34206
-40.250 -31.750  2.54268
-40.250 -31.250  2.77484
-40.250 -30.750  3.04607
-40.250 -30.250  3.36637
-40.250 -29.750  3.74920
-40.250 -29.250  4.21305
-40.250 -28.750  4.78382
-40.250 -28.250  5.49861
-40.250 -27.750  6.41191
-40.250 -27.250  7.60575
-40.250 -26.750  9.20705
-40.250 -26.250 11.41672
-40.250 -25.750 14.55733
-40.250 -25.250 19.13941
-40.250 -24.750 25.90032
-40.250 -24.250 35.59407
-40.250 -23.750 48.06329
-40.250 -23.250 60.96554
-40.250 -22.750 70.59205
-40.250 -22.250 74.56788
-40.250 -21.750 72.75429
-40.250 -21.250 64.82931
-40.250 -20.750 42.51135
-40.250 -20.250 25.43030
-40.250 -19.750 24.13155
-40.250 -19.250 25.35445
-40.250 -18.750 25.62306
-40.250 -18.250 25.33280
-40.250 -17.750 24.66765
-40.250 -17.250 23.75519
-40.250 -16.750 22.69365
-40.250 -16.250 21.55763
-40.250 -15.750 20.40322
-40.250 -15.250 19.27216
-40.250 -14.750 18.19495
-40.250 -14.250 17.19325
-40.250 -13.750 16.28174
-40.250 -13.250 15.46961
-40.250 -12.750 14.76165
-40.250 -12.250 14.15924
-40.250 -11.750 13.66102
-40.250 -11.250 13.26352
-40.250 -10.750 12.96164
-40.250 -10.250 12.74906
-40.250 -9.750 12.61851
-40.250 -9.250 12.56213
-40.250 -8.750 12.57161
-40.250 -8.250 12.63842
-40.250 -7.750 12.75396
-40.250 -7.250 12.90969
-40.250 -6.750 13.09722
-40.250 -6.250 13.30845
-40.250 -5.750 13.53560
-40.250 -5.250 13.77129
-40.250 -4.750 14.00861
-40.250 -4.250 14.24115
-40.250 -3.750 14.46305
-40.250 -3.250 14.66904
-40.250 -2.750 14.85443
-40.250 -2.250 15.01518
-40.250 -1.750 15.14789
-40.250 -1.250 15.24983
-40.250 -0.750 15.31895
-40.250 -0.250 15.35385
-40.250 0.250 15.35385
-40.250 0.750 15.31895
-40.250 1.250 15.24983
-40.250 1.750 15.14789
-40.250 2.250 15.01518
-40.250 2.750 14.85443
-40.250 3.250 14.66904
-40.250 3.750 14.46305
-40.250 4.250 14.24115
-40.250 4.750 14.00861
-40.250 5.250 13.77129
-40.250 5.750 13.53560
-40.250 6.250 13.30845
-40.250 6.750 13.09722
-40.250 7.250 12.90969
-40.250 7.750 12.75396
-40.250 8.250 12.63842
-40.250 8.750 12.57161
-40.250 9.250 12.56213
-40.250 9.750 12.61851
-40.250 10.250 12.74906
-40.250 10.750 12.96164
-40.250 11.250 13.26352
-40.250 11.750 13.66102
-40.250 12.250 14.15924
-40.250 12.750 14.76165
-40.250 13.250 15.46961
-40.250 13.750 16.28174
-40.250 14.250 17.19325
-40.250 14.750 18.19495
-40.250 15.250 19.27216
-40.250 15.750 20.40322
-40.250 16.250 21.55763
-40.250 16.750 22.69365
-40.250 17.250 23.75519
-40.250 17.750 24.66765
-40.250 18.250 25.33280
-40.250 18.750 25.62306
-40.250 19.250 25.35445
-40.250 19.750 24.13155
-40.250 20.250 25.43030
-40.250 20.750 42.51135
-40.250 21.250 64.82931
-40.250 21.750 72.75429
-40.250 22.250 74.56788
-40.250 22.750 70.59205
-40.250 23.250 60.96554
-40.250 23.750 48.06329
-40.250 24.250 35.59407
-40.250 24.750 25.90032
-40.250 25.250 19.13941
-40.250 25.750 14.55733
-40.250 26.250 11.41672
-40.250 26.750  9.20705
-40.250 27.250  7.60575
-40.250 27.750  6.41191
-40.250 28.250  5.49861
-40.250 28.750  4.78382
-40.250 29.250  4.21305
-40.250 29.750  3.74920
-40.250 30.250  3.36637
-40.250 30.750  3.04607
-40.250 31.250  2.77484
-40.250 31.750  2.54268
-40.250 32.250  2.34206
-40.250 32.750  2.16719
-40.250 33.250  2.01360
-40.250 33.750  1.87774
-40.250 34.250  1.75682
-40.250 34.750  1.64857
-40.250 35.250  1.55114
-40.250 35.750  1.46305
-40.250 36.250  1.38304
-40.250 36.750  1.31008
-40.250 37.250  1.24330
-40.250 37.750  1.18196
-40.250 38.250  1.12545
-40.250 38.750  1.07322
-40.250 39.250  1.02483
-40.250 39.750  0.97987
-40.250 40.250  0.93800
-40.250 40.750  0.89892
-40.250 41.250  0.86237
-40.250 41.750  0.82812
-40.250 42.250  0.79596
-40.250 42.750  0.76572
-40.250 43.250  0.73723
-40.250 43.750  0.71036
-40.250 44.250  0.68497
-40.250 44.750  0.66095
-39.750 -44.750  0.60398
-39.750 -44.250  0.62452
-39.750 -43.750  0.64614
-39.750 -43.250  0.66893
-39.750 -42.750  0.69298
-39.750 -42.250  0.71839
-39.750 -41.750  0.74528
-39.750 -41.250  0.77378
-39.750 -40.750  0.80402
-39.750 -40.250  0.83619
-39.750 -39.750  0.87045
-39.750 -39.250  0.90703
-39.750 -38.750  0.94616
-39.750 -38.250  0.98812
-39.750 -37.750  1.03322
-39.750 -37.250  1.08183
-39.750 -36.750  1.13437
-39.750 -36.250  1.19136
-39.750 -35.750  1.25338
-39.750 -35.250  1.32113
-39.750 -34.750  1.39545
-39.750 -34.250  1.47735
-39.750 -33.750  1.56807
-39.750 -33.250  1.66913
-39.750 -32.750  1.78241
-39.750 -32.250  1.91028
-39.750 -31.750  2.05575
-39.750 -31.250  2.22273
-39.750 -30.750  2.41632
-39.750 -30.250  2.64337
-39.750 -29.750  2.91317
-39.750 -29.250  3.23868
-39.750 -28.750  3.63841
-39.750 -28.250  4.13954
-39.750 -27.750  4.78337
-39.750 -27.250  5.63496
-39.750 -26.750  6.80146
-39.750 -26.250  8.46813
-39.750 -25.750 10.97302
-39.750 -25.250 14.96602
-39.750 -24.750 21.72895
-39.750 -24.250 33.56067
-39.750 -23.750 52.51969
-39.750 -23.250 74.56441
-39.750 -22.750 90.42552
-39.750 -22.250 93.76686
-39.750 -21.750 63.71909
-39.750 -21.250 13.61854
-39.750 -20.750  5.09277
-39.750 -20.250 11.21420
-39.750 -19.750 15.17311
-39.750 -19.250 17.67362
-39.750 -18.750 19.14814
-39.750 -18.250 19.87904
-39.750 -17.750 20.07619
-39.750 -17.250 19.89731
-39.750 -16.750 19.46174
-39.750 -16.250 18.86016
-39.750 -15.750 18.16150
-39.750 -15.250 17.41803
-39.750 -14.750 16.66906
-39.750 -14.250 15.94371
-39.750 -13.750 15.26313
-39.750 -13.250 14.64209
-39.750 -12.750 14.09032
-39.750 -12.250 13.61354
-39.750 -11.750 13.21426
-39.750 -11.250 12.89246
-39.750 -10.750 12.64615
-39.750 -10.250 12.47177
-39.750 -9.750 12.36460
-39.750 -9.250 12.31900
-39.750 -8.750 12.32873
-39.750 -8.250 12.38711
-39.750 -7.750 12.48722
-39.750 -7.250 12.62203
-39.750 -6.750 12.78453
-39.750 -6.250 12.96783
-39.750 -5.750 13.16528
-39.750 -5.250 13.37050
-39.750 -4.750 13.57745
-39.750 -4.250 13.78053
-39.750 -3.750 13.97456
-39.750 -3.250 14.15488
-39.750 -2.750 14.31733
-39.750 -2.250 14.45830
-39.750 -1.750 14.57476
-39.750 -1.250 14.66427
-39.750 -0.750 14.72497
-39.750 -0.250 14.75563
-39.750 0.250 14.75563
-39.750 0.750 14.72497
-39.750 1.250 14.66427
-39.750 1.750 14.57476
-39.750 2.250 14.45830
-39.750 2.750 14.31733
-39.750 3.250 14.15488
-39.750 3.750 13.97456
-39.750 4.250 13.78053
-39.750 4.750 13.57745
-39.750 5.250 13.37050
-39.750 5.750 13.16528
-39.750 6.250 12.96783
-39.750 6.750 12.78453
-39.750 7.250 12.62203
-39.750 7.750 12.48722
-39.750 8.250 12.38711
-39.750 8.750 12.32873
-39.750 9.250 12.31900
-39.750 9.750 12.36460
-39.750 10.250 12.47177
-39.750 10.750 12.64615
-39.750 11.250 12.89246
-39.750 11.750 13.21426
-39.750 12.250 13.61354
-39.750 12.750 14.09032
-39.750 13.250 14.64209
-39.750 13.750 15.26313
-39.750 14.250 15.94371
-39.750 14.750 16.66906
-39.750 15.250 17.41803
-39.750 15.750 18.16150
-39.750 16.250 18.86016
-39.750 16.750 19.46174
-39.750 17.250 19.89731
-39.750 17.750 20.07619
-39.750 18.250 19.87904
-39.750 18.750 19.14814
-39.750 19.250 17.67362
-39.750 19.750 15.17311
-39.750 20.250 11.21420
-39.750 20.750  5.09277
-39.750 21.250 13.61854
-39.750 21.750 63.71909
-39.750 22.250 93.76686
-39.750 22.750 90.42552
-39.750 23.250 74.56441
-39.750 23.750 52.51969
-39.750 24.250 33.56067
-39.750 24.750 21.72895
-39.750 25.250 14.96602
-39.750 25.750 10.97302
-39.750 26.250  8.46813
-39.750 26.750  6.80146
-39.750 27.250  5.63496
-39.750 27.750  4.78337
-39.750 28.250  4.13954
-39.750 28.750  3.63841
-39.750 29.250  3.23868
-39.750 29.750  2.91317
-39.750 30.250  2.64337
-39.750 30.750  2.41632
-39.750 31.250  2.22273
-39.750 31.750  2.05575
-39.750 32.250  1.91028
-39.750 32.750  1.78241
-39.750 33.250  1.66913
-39.750 33.750  1.56807
-39.750 34.250  1.47735
-39.750 34.750  1.39545
-39.750 35.250  1.32113
-39.750 35.750  1.25338
-39.750 36.250  1.19136
-39.750 36.750  1.13437
-39.750 37.250  1.08183
-39.750 37.750  1.03322
-39.750 38.250  0.98812
-39.750 38.750  0.94616
-39.750 39.250  0.90703
-39.750 39.750  0.87045
-39.750 40.250  0.83619
-39.750 40.750  0.80402
-39.750 41.250  0.77378
-39.750 41.750  0.74528
-39.750 42.250  0.71839
-39.750 42.750  0.69298
-39.750 43.250  0.66893
-39.750 43.750  0.64614
-39.750 44.250  0.62452
-39.750 44.750  0.60398
-39.250 -44.750  0.54600
-39.250 -44.250  0.56299
-39.250 -43.750  0.58076
-39.250 -43.250  0.59937
-39.250 -42.750  0.61888
-39.250 -42.250  0.63935
-39.250 -41.750  0.66084
-39.250 -41.250  0.68344
-39.250 -40.750  0.70722
-39.250 -40.250  0.73228
-39.250 -39.750  0.75874
-39.250 -39.250  0.78669
-39.250 -38.750  0.81628
-39.250 -38.250  0.84765
-39.250 -37.750  0.88097
-39.250 -37.250  0.91642
-39.250 -36.750  0.95424
-39.250 -36.250  0.99467
-39.250 -35.750  1.03800
-39.250 -35.250  1.08457
-39.250 -34.750  1.13478
-39.250 -34.250  1.18911
-39.250 -33.750  1.24813
-39.250 -33.250  1.31253
-39.250 -32.750  1.38314
-39.250 -32.250  1.46103
-39.250 -31.750  1.54751
-39.250 -31.250  1.64427
-39.250 -30.750  1.75352
-39.250 -30.250  1.87820
-39.250 -29.750  2.02232
-39.250 -29.250  2.19149
-39.250 -28.750  2.39384
-39.250 -28.250  2.64154
-39.250 -27.750  2.95362
-39.250 -27.250  3.36131
-39.250 -26.750  3.91905
-39.250 -26.250  4.72877
-39.250 -25.750  5.99940
-39.250 -25.250  8.21123
-39.250 -24.750 12.64323
-39.250 -24.250 23.32404
-39.250 -23.750 52.42209
-39.250 -23.250 94.01742
-39.250 -22.750 91.06653
-39.250 -22.250  4.31747
-39.250 -21.750 -32.69469
-39.250 -21.250 -15.95500
-39.250 -20.750 -5.21847
-39.250 -20.250  2.20965
-39.250 -19.750  7.40899
-39.250 -19.250 10.99810
-39.250 -18.750 13.40839
-39.250 -18.250 14.95077
-39.250 -17.750 15.85446
-39.250 -17.250 16.29143
-39.250 -16.750 16.39229
-39.250 -16.250 16.25701
-39.250 -15.750 15.96245
-39.250 -15.250 15.56774
-39.250 -14.750 15.11821
-39.250 -14.250 14.64836
-39.250 -13.750 14.18414
-39.250 -13.250 13.74464
-39.250 -12.750 13.34348
-39.250 -12.250 12.98992
-39.250 -11.750 12.68968
-39.250 -11.250 12.44566
-39.250 -10.750 12.25853
-39.250 -10.250 12.12715
-39.250 -9.750 12.04899
-39.250 -9.250 12.02047
-39.250 -8.750 12.03716
-39.250 -8.250 12.09406
-39.250 -7.750 12.18579
-39.250 -7.250 12.30670
-39.250 -6.750 12.45106
-39.250 -6.250 12.61312
-39.250 -5.750 12.78726
-39.250 -5.250 12.96803
-39.250 -4.750 13.15024
-39.250 -4.250 13.32903
-39.250 -3.750 13.49987
-39.250 -3.250 13.65868
-39.250 -2.750 13.80180
-39.250 -2.250 13.92603
-39.250 -1.750 14.02869
-39.250 -1.250 14.10761
-39.250 -0.750 14.16114
-39.250 -0.250 14.18818
-39.250 0.250 14.18818
-39.250 0.750 14.16114
-39.250 1.250 14.10761
-39.250 1.750 14.02869
-39.250 2.250 13.92603
-39.250 2.750 13.80180
-39.250 3.250 13.65868
-39.250 3.750 13.49987
-39.250 4.250 13.32903
-39.250 4.750 13.15024
-39.250 5.250 12.96803
-39.250 5.750 12.78726
-39.250 6.250 12.61312
-39.250 6.750 12.45106
-39.250 7.250 12.30670
-39.250 7.750 12.18579
-39.250 8.250 12.09406
-39.250 8.750 12.03716
-39.250 9.250 12.02047
-39.250 9.750 12.04899
-39.250 10.250 12.12715
-39.250 10.750 12.25853
-39.250 11.250 12.44566
-39.250 11.750 12.68968
-39.250 12.250 12.98992
-39.250 12.750 13.34348
-39.250 13.250 13.74464
-39.250 13.750 14.18414
-39.250 14.250 14.64836
-39.250 14.750 15.11821
-39.250 15.250 15.56774
-39.250 15.750 15.96245
-39.250 16.250 16.25701
-39.250 16.750 16.39229
-39.250 17.250 16.29143
-39.250 17.750 15.85446
-39.250 18.250 14.95077
-39.250 18.750 13.40839
-39.250 19.250 10.99810
-39.250 19.750  7.40899
-39.250 20.250  2.20965
-39.250 20.750 -5.21847
-39.250 21.250 -15.95500
-39.250 21.750 -32.69469
-39.250 22.250  4.31747
-39.250 22.750 91.06653
-39.250 23.250 94.01742
-39.250 23.750 52.42209
-39.250 24.250 23.32404
-39.250 24.750 12.64323
-39.250 25.250  8.21123
-39.250 25.750  5.99940
-39.250 26.250  4.72877
-39.250 26.750  3.91905
-39.250 27.250  3.36131
-39.250 27.750  2.95362
-39.250 28.250  2.64154
-39.250 28.750  2.39384
-39.250 29.250  2.19149
-39.250 29.750  2.02232
-39.250 30.250  1.87820
-39.250 30.750  1.75352
-39.250 31.250  1.64427
-39.250 31.750  1.54751
-39.250 32.250  1.46103
-39.250 32.750  1.38314
-39.250 33.250  1.31253
-39.250 33.750  1.24813
-39.250 34.250  1.18911
-39.250 34.750  1.13478
-39.250 35.250  1.08457
-39.250 35.750  1.03800
-39.250 36.250  0.99467
-39.250 36.750  0.95424
-39.250 37.250  0.91642
-39.250 37.750  0.88097
-39.250 38.250  0.84765
-39.250 38.750  0.81628
-39.250 39.250  0.78669
-39.250 39.750  0.75874
-39.250 40.250  0.73228
-39.250 40.750  0.70722
-39.250 41.250  0.68344
-39.250 41.750  0.66084
-39.250 42.250  0.63935
-39.250 42.750  0.61888
-39.250 43.250  0.59937
-39.250 43.750  0.58076
-39.250 44.250  0.56299
-39.250 44.750  0.54600
-38.750 -44.750  0.48728
-38.750 -44.250  0.50067
-38.750 -43.750  0.51454
-38.750 -43.250  0.52892
-38.750 -42.750  0.54382
-38.750 -42.250  0.55928
-38.750 -41.750  0.57530
-38.750 -41.250  0.59191
-38.750 -40.750  0.60913
-38.750 -40.250  0.62700
-38.750 -39.750  0.64552
-38.750 -39.250  0.66472
-38.750 -38.750  0.68462
-38.750 -38.250  0.70523
-38.750 -37.750  0.72658
-38.750 -37.250  0.74867
-38.750 -36.750  0.77151
-38.750 -36.250  0.79508
-38.750 -35.750  0.81938
-38.750 -35.250  0.84438
-38.750 -34.750  0.87001
-38.750 -34.250  0.89621
-38.750 -33.750  0.92284
-38.750 -33.250  0.94973
-38.750 -32.750  0.97665
-38.750 -32.250  1.00325
-38.750 -31.750  1.02907
-38.750 -31.250  1.05345
-38.750 -30.750  1.07547
-38.750 -30.250  1.09385
-38.750 -29.750  1.10681
-38.750 -29.250  1.11176
-38.750 -28.750  1.10499
-38.750 -28.250  1.08106
-38.750 -27.750  1.03181
-38.750 -27.250  0.94474
-38.750 -26.750  0.80021
-38.750 -26.250  0.56634
-38.750 -25.750  0.18978
-38.750 -25.250 -0.42022
-38.750 -24.750 -1.40530
-38.750 -24.250 -2.75694
-38.750 -23.750  2.48411
-38.750 -23.250 47.74869
-38.750 -22.750 -107.47365
-38.750 -22.250 -62.94273
-38.750 -21.750 -39.66148
-38.750 -21.250 -23.95552
-38.750 -20.750 -12.75741
-38.750 -20.250 -4.65653
-38.750 -19.750  1.22694
-38.750 -19.250  5.48217
-38.750 -18.750  8.52333
-38.750 -18.250 10.65186
-38.750 -17.750 12.09268
-38.750 -17.250 13.01665
-38.750 -16.750 13.55518
-38.750 -16.250 13.81023
-38.750 -15.750 13.86129
-38.750 -15.250 13.77048
-38.750 -14.750 13.58626
-38.750 -14.250 13.34627
-38.750 -13.750 13.07953
-38.750 -13.250 12.80811
-38.750 -12.750 12.54846
-38.750 -12.250 12.31251
-38.750 -11.750 12.10850
-38.750 -11.250 11.94169
-38.750 -10.750 11.81492
-38.750 -10.250 11.72911
-38.750 -9.750 11.68363
-38.750 -9.250 11.67662
-38.750 -8.750 11.70530
-38.750 -8.250 11.76615
-38.750 -7.750 11.85516
-38.750 -7.250 11.96794
-38.750 -6.750 12.09990
-38.750 -6.250 12.24636
-38.750 -5.750 12.40264
-38.750 -5.250 12.56417
-38.750 -4.750 12.72653
-38.750 -4.250 12.88553
-38.750 -3.750 13.03730
-38.750 -3.250 13.17826
-38.750 -2.750 13.30523
-38.750 -2.250 13.41542
-38.750 -1.750 13.50645
-38.750 -1.250 13.57642
-38.750 -0.750 13.62388
-38.750 -0.250 13.64786
-38.750 0.250 13.64786
-38.750 0.750 13.62388
-38.750 1.250 13.57642
-38.750 1.750 13.50645
-38.750 2.250 13.41542
-38.750 2.750 13.30523
-38.750 3.250 13.17826
-38.750 3.750 13.03730
-38.750 4.250 12.88553
-38.750 4.750 12.72653
-38.750 5.250 12.56417
-38.750 5.750 12.40264
-38.750 6.250 12.24636
-38.750 6.750 12.09990
-38.750 7.250 11.96794
-38.750 7.750 11.85516
-38.750 8.250 11.76615
-38.750 8.750 11.70530
-38.750 9.250 11.67662
-38.750 9.750 11.68363
-38.750 10.250 11.72911
-38.750 10.750 11.81492
-38.750 11.250 11.94169
-38.750 11.750 12.10850
-38.750 12.250 12.31251
-38.750 12.750 12.54846
-38.750 13.250 12.80811
-38.750 13.750 13.07953
-38.750 14.250 13.34627
-38.750 14.750 13.58626
-38.750 15.250 13.77048
-38.750 15.750 13.86129
-38.750 16.250 13.81023
-38.750 16.750 13.55518
-38.750 17.250 13.01665
-38.750 17.750 12.09268
-38.750 18.250 10.65186
-38.750 18.750  8.52333
-38.750 19.250  5.48217
-38.750 19.750  1.22694
-38.750 20.250 -4.65653
-38.750 20.750 -12.75741
-38.750 21.250 -23.95552
-38.750 21.750 -39.66148
-38.750 22.250 -62.94273
-38.750 22.750 -107.47365
-38.750 23.250 47.74869
-38.750 23.750  2.48411
-38.750 24.250 -2.75694
-38.750 24.750 -1.40530
-38.750 25.250 -0.42022
-38.750 25.750  0.18978
-38.750 26.250  0.56634
-38.750 26.750  0.80021
-38.750 27.250  0.94474
-38.750 27.750  1.03181
-38.750 28.250  1.08106
-38.750 28.750  1.10499
-38.750 29.250  1.11176
-38.750 29.750  1.10681
-38.750 30.250  1.09385
-38.750 30.750  1.07547
-38.750 31.250  1.05345
-38.750 31.750  1.02907
-38.750 32.250  1.00325
-38.750 32.750  0.97665
-38.750 33.250  0.94973
-38.750 33.750  0.92284
-38.750 34.250  0.89621
-38.750 34.750  0.87001
-38.750 35.250  0.84438
-38.750 35.750  0.81938
-38.750 36.250  0.79508
-38.750 36.750  0.77151
-38.750 37.250  0.74867
-38.750 37.750  0.72658
-38.750 38.250  0.70523
-38.750 38.750  0.68462
-38.750 39.250  0.66472
-38.750 39.750  0.64552
-38.750 40.250  0.62700
-38.750 40.750  0.60913
-38.750 41.250  0.59191
-38.750 41.750  0.57530
-38.750 42.250  0.55928
-38.750 42.750  0.54382
-38.750 43.250  0.52892
-38.750 43.750  0.51454
-38.750 44.250  0.50067
-38.750 44.750  0.48728
-38.250 -44.750  0.42810
-38.250 -44.250  0.43786
-38.250 -43.750  0.44782
-38.250 -43.250  0.45794
-38.250 -42.750  0.46822
-38.250 -42.250  0.47864
-38.250 -41.750  0.48916
-38.250 -41.250  0.49977
-38.250 -40.750  0.51041
-38.250 -40.250  0.52105
-38.250 -39.750  0.53162
-38.250 -39.250  0.54204
-38.250 -38.750  0.55224
-38.250 -38.250  0.56208
-38.250 -37.750  0.57145
-38.250 -37.250  0.58017
-38.250 -36.750  0.58803
-38.250 -36.250  0.59477
-38.250 -35.750  0.60007
-38.250 -35.250  0.60354
-38.250 -34.750  0.60468
-38.250 -34.250  0.60285
-38.250 -33.750  0.59726
-38.250 -33.250  0.58690
-38.250 -32.750  0.57045
-38.250 -32.250  0.54624
-38.250 -31.750  0.51203
-38.250 -31.250  0.46492
-38.250 -30.750  0.40096
-38.250 -30.250  0.31482
-38.250 -29.750  0.19912
-38.250 -29.250  0.04347
-38.250 -28.750 -0.16712
-38.250 -28.250 -0.45479
-38.250 -27.750 -0.85333
-38.250 -27.250 -1.41630
-38.250 -26.750 -2.23266
-38.250 -26.250 -3.45941
-38.250 -25.750 -5.39631
-38.250 -25.250 -8.68127
-38.250 -24.750 -14.90005
-38.250 -24.250 -29.00693
-38.250 -23.750 -70.03782
-38.250 -23.250 -116.47305
-38.250 -22.750 -84.97112
-38.250 -22.250 -60.21726
-38.250 -21.750 -41.65783
-38.250 -21.250 -27.75677
-38.250 -20.750 -17.27790
-38.250 -20.250 -9.35051
-38.250 -19.750 -3.35471
-38.250 -19.250  1.16219
-38.250 -18.750  4.53849
-38.250 -18.250  7.03185
-38.250 -17.750  8.84132
-38.250 -17.250 10.12247
-38.250 -16.750 10.99785
-38.250 -16.250 11.56456
-38.250 -15.750 11.89976
-38.250 -15.250 12.06486
-38.250 -14.750 12.10865
-38.250 -14.250 12.06978
-38.250 -13.750 11.97867
-38.250 -13.250 11.85905
-38.250 -12.750 11.72913
-38.250 -12.250 11.60267
-38.250 -11.750 11.48973
-38.250 -11.250 11.39735
-38.250 -10.750 11.33010
-38.250 -10.250 11.29055
-38.250 -9.750 11.27963
-38.250 -9.250 11.29698
-38.250 -8.750 11.34118
-38.250 -8.250 11.41003
-38.250 -7.750 11.50072
-38.250 -7.250 11.60997
-38.250 -6.750 11.73424
-38.250 -6.250 11.86980
-38.250 -5.750 12.01282
-38.250 -5.250 12.15952
-38.250 -4.750 12.30621
-38.250 -4.250 12.44934
-38.250 -3.750 12.58559
-38.250 -3.250 12.71191
-38.250 -2.750 12.82552
-38.250 -2.250 12.92403
-38.250 -1.750 13.00535
-38.250 -1.250 13.06783
-38.250 -0.750 13.11020
-38.250 -0.250 13.13159
-38.250 0.250 13.13159
-38.250 0.750 13.11020
-38.250 1.250 13.06783
-38.250 1.750 13.00535
-38.250 2.250 12.92403
-38.250 2.750 12.82552
-38.250 3.250 12.71191
-38.250 3.750 12.58559
-38.250 4.250 12.44934
-38.250 4.750 12.30621
-38.250 5.250 12.15952
-38.250 5.750 12.01282
-38.250 6.250 11.86980
-38.250 6.750 11.73424
-38.250 7.250 11.60997
-38.250 7.750 11.50072
-38.250 8.250 11.41003
-38.250 8.750 11.34118
-38.250 9.250 11.29698
-38.250 9.750 11.27963
-38.250 10.250 11.29055
-38.250 10.750 11.33010
-38.250 11.250 11.39735
-38.250 11.750 11.48973
-38.250 12.250 11.60267
-38.250 12.750 11.72913
-38.250 13.250 11.85905
-38.250 13.750 11.97867
-38.250 14.250 12.06978
-38.250 14.750 12.10865
-38.250 15.250 12.06486
-38.250 15.750 11.89976
-38.250 16.250 11.56456
-38.250 16.750 10.99785
-38.250 17.250 10.12247
-38.250 17.750  8.84132
-38.250 18.250  7.03185
-38.250 18.750  4.53849
-38.250 19.250  1.16219
-38.250 19.750 -3.35471
-38.250 20.250 -9.35051
-38.250 20.750 -17.27790
-38.250 21.250 -27.75677
-38.250 21.750 -41.65783
-38.250 22.250 -60.21726
-38.250 22.750 -84.97112
-38.250 23.250 -116.47305
-38.250 23.750 -70.03782
-38.250 24.250 -29.00693
-38.250 24.750 -14.90005
-38.250 25.250 -8.68127
-38.250 25.750 -5.39631
-38.250 26.250 -3.45941
-38.250 26.750 -2.23266
-38.250 27.250 -1.41630
-38.250 27.750 -0.85333
-38.250 28.250 -0.45479
-38.250 28.750 -0.16712
-38.250 29.250  0.04347
-38.250 29.750  0.19912
-38.250 30.250  0.31482
-38.250 30.750  0.40096
-38.250 31.250  0.46492
-38.250 31.750  0.51203
-38.250 32.250  0.54624
-38.250 32.750  0.57045
-38.250 33.250  0.58690
-38.250 33.750  0.59726
-38.250 34.250  0.60285
-38.250 34.750  0.60468
-38.250 35.250  0.60354
-38.250 35.750  0.60007
-38.250 36.250  0.59477
-38.250 36.750  0.58803
-38.250 37.250  0.58017
-38.250 37.750  0.57145
-38.250 38.250  0.56208
-38.250 38.750  0.55224
-38.250 39.250  0.54204
-38.250 39.750  0.53162
-38.250 40.250  0.52105
-38.250 40.750  0.51041
-38.250 41.250  0.49977
-38.250 41.750  0.48916
-38.250 42.250  0.47864
-38.250 42.750  0.46822
-38.250 43.250  0.45794
-38.250 43.750  0.44782
-38.250 44.250  0.43786
-38.250 44.750  0.42810
-37.750 -44.750  0.36872
-37.750 -44.250  0.37488
-37.750 -43.750  0.38092
-37.750 -43.250  0.38680
-37.750 -42.750  0.39248
-37.750 -42.250  0.39788
-37.750 -41.750  0.40295
-37.750 -41.250  0.40759
-37.750 -40.750  0.41170
-37.750 -40.250  0.41517
-37.750 -39.750  0.41786
-37.750 -39.250  0.41960
-37.750 -38.750  0.42020
-37.750 -38.250  0.41941
-37.750 -37.750  0.41697
-37.750 -37.250  0.41252
-37.750 -36.750  0.40565
-37.750 -36.250  0.39588
-37.750 -35.750  0.38258
-37.750 -35.250  0.36502
-37.750 -34.750  0.34228
-37.750 -34.250  0.31322
-37.750 -33.750  0.27642
-37.750 -33.250  0.23008
-37.750 -32.750  0.17194
-37.750 -32.250  0.09909
-37.750 -31.750  0.00775
-37.750 -31.250 -0.10700
-37.750 -30.750 -0.25170
-37.750 -30.250 -0.43514
-37.750 -29.750 -0.66935
-37.750 -29.250 -0.97104
-37.750 -28.750 -1.36401
-37.750 -28.250 -1.88288
-37.750 -27.750 -2.57955
-37.750 -27.250 -3.53429
-37.750 -26.750 -4.87630
-37.750 -26.250 -6.82302
-37.750 -25.750 -9.76009
-37.750 -25.250 -14.40977
-37.750 -24.750 -22.17227
-37.750 -24.250 -35.50912
-37.750 -23.750 -55.47416
-37.750 -23.250 -69.22012
-37.750 -22.750 -64.18090
-37.750 -22.250 -51.66943
-37.750 -21.750 -39.06254
-37.750 -21.250 -28.19621
-37.750 -20.750 -19.28749
-37.750 -20.250 -12.13992
-37.750 -19.750 -6.47601
-37.750 -19.250 -2.03036
-37.750 -18.750  1.42705
-37.750 -18.250  4.08858
-37.750 -17.750  6.11285
-37.750 -17.250  7.62987
-37.750 -16.750  8.74593
-37.750 -16.250  9.54780
-37.750 -15.750 10.10626
-37.750 -15.250 10.47886
-37.750 -14.750 10.71233
-37.750 -14.250 10.84442
-37.750 -13.750 10.90544
-37.750 -13.250 10.91953
-37.750 -12.750 10.90574
-37.750 -12.250 10.87882
-37.750 -11.750 10.84999
-37.750 -11.250 10.82754
-37.750 -10.750 10.81731
-37.750 -10.250 10.82313
-37.750 -9.750 10.84720
-37.750 -9.250 10.89034
-37.750 -8.750 10.95231
-37.750 -8.250 11.03201
-37.750 -7.750 11.12765
-37.750 -7.250 11.23697
-37.750 -6.750 11.35730
-37.750 -6.250 11.48576
-37.750 -5.750 11.61932
-37.750 -5.250 11.75491
-37.750 -4.750 11.88948
-37.750 -4.250 12.02006
-37.750 -3.750 12.14387
-37.750 -3.250 12.25830
-37.750 -2.750 12.36100
-37.750 -2.250 12.44988
-37.750 -1.750 12.52317
-37.750 -1.250 12.57943
-37.750 -0.750 12.61755
-37.750 -0.250 12.63680
-37.750 0.250 12.63680
-37.750 0.750 12.61755
-37.750 1.250 12.57943
-37.750 1.750 12.52317
-37.750 2.250 12.44988
-37.750 2.750 12.36100
-37.750 3.250 12.25830
-37.750 3.750 12.14387
-37.750 4.250 12.02006
-37.750 4.750 11.88948
-37.750 5.250 11.75491
-37.750 5.750 11.61932
-37.750 6.250 11.48576
-37.750 6.750 11.35730
-37.750 7.250 11.23697
-37.750 7.750 11.12765
-37.750 8.250 11.03201
-37.750 8.750 10.95231
-37.750 9.250 10.89034
-37.750 9.750 10.84720
-37.750 10.250 10.82313
-37.750 10.750 10.81731
-37.750 11.250 10.82754
-37.750 11.750 10.84999
-37.750 12.250 10.87882
-37.750 12.750 10.90574
-37.750 13.250 10.91953
-37.750 13.750 10.90544
-37.750 14.250 10.84442
-37.750 14.750 10.71233
-37.750 15.250 10.47886
-37.750 15.750 10.10626
-37.750 16.250  9.54780
-37.750 16.750  8.74593
-37.750 17.250  7.62987
-37.750 17.750  6.11285
-37.750 18.250  4.08858
-37.750 18.750  1.42705
-37.750 19.250 -2.03036
-37.750 19.750 -6.47601
-37.750 20.250 -12.13992
-37.750 20.750 -19.28749
-37.750 21.250 -28.19621
-37.750 21.750 -39.06254
-37.750 22.250 -51.66943
-37.750 22.750 -64.18090
-37.750 23.250 -69.22012
-37.750 23.750 -55.47416
-37.750 24.250 -35.50912
-37.750 24.750 -22.17227
-37.750 25.250 -14.40977
-37.750 25.750 -9.76009
-37.750 26.250 -6.82302
-37.750 26.750 -4.87630
-37.750 27.250 -3.53429
-37.750 27.750 -2.57955
-37.750 28.250 -1.88288
-37.750 28.750 -1.36401
-37.750 29.250 -0.97104
-37.750 29.750 -0.66935
-37.750 30.250 -0.43514
-37.750 30.750 -0.25170
-37.750 31.250 -0.10700
-37.750 31.750  0.00775
-37.750 32.250  0.09909
-37.750 32.750  0.17194
-37.750 33.250  0.23008
-37.750 33.750  0.27642
-37.750 34.250  0.31322
-37.750 34.750  0.34228
-37.750 35.250  0.36502
-37.750 35.750  0.38258
-37.750 36.250  0.39588
-37.750 36.750  0.40565
-37.750 37.250  0.41252
-37.750 37.750  0.41697
-37.750 38.250  0.41941
-37.750 38.750  0.42020
-37.750 39.250  0.41960
-37.750 39.750  0.41786
-37.750 40.250  0.41517
-37.750 40.750  0.41170
-37.750 41.250  0.40759
-37.750 41.750  0.40295
-37.750 42.250  0.39788
-37.750 42.750  0.39248
-37.750 43.250  0.38680
-37.750 43.750  0.38092
-37.750 44.250  0.37488
-37.750 44.750  0.36872
-37.250 -44.750  0.30942
-37.250 -44.250  0.31200
-37.250 -43.750  0.31418
-37.250 -43.250  0.31588
-37.250 -42.750  0.31701
-37.250 -42.250  0.31747
-37.250 -41.750  0.31716
-37.250 -41.250  0.31593
-37.250 -40.750  0.31362
-37.250 -40.250  0.31007
-37.250 -39.750  0.30504
-37.250 -39.250  0.29829
-37.250 -38.750  0.28953
-37.250 -38.250  0.27839
-37.250 -37.750  0.26447
-37.250 -37.250  0.24726
-37.250 -36.750  0.22617
-37.250 -36.250  0.20048
-37.250 -35.750  0.16933
-37.250 -35.250  0.13165
-37.250 -34.750  0.08616
-37.250 -34.250  0.03127
-37.250 -33.750 -0.03497
-37.250 -33.250 -0.11503
-37.250 -32.750 -0.21200
-37.250 -32.250 -0.32977
-37.250 -31.750 -0.47339
-37.250 -31.250 -0.64934
-37.250 -30.750 -0.86614
-37.250 -30.250 -1.13511
-37.250 -29.750 -1.47146
-37.250 -29.250 -1.89601
-37.250 -28.750 -2.43773
-37.250 -28.250 -3.13769
-37.250 -27.750 -4.05535
-37.250 -27.250 -5.27873
-37.250 -26.750 -6.94104
-37.250 -26.250 -9.24759
-37.250 -25.750 -12.51699
-37.250 -25.250 -17.22853
-37.250 -24.750 -23.99982
-37.250 -24.250 -33.15693
-37.250 -23.750 -43.19029
-37.250 -23.250 -49.43425
-37.250 -22.750 -48.51656
-37.250 -22.250 -42.44966
-37.250 -21.750 -34.52387
-37.250 -21.250 -26.62700
-37.250 -20.750 -19.52746
-37.250 -20.250 -13.44916
-37.250 -19.750 -8.38541
-37.250 -19.250 -4.24106
-37.250 -18.750 -0.89417
-37.250 -18.250  1.77782
-37.250 -17.750  3.88770
-37.250 -17.250  5.53500
-37.250 -16.750  6.80553
-37.250 -16.250  7.77229
-37.250 -15.750  8.49680
-37.250 -15.250  9.03050
-37.250 -14.750  9.41617
-37.250 -14.250  9.68910
-37.250 -13.750  9.87827
-37.250 -13.250 10.00721
-37.250 -12.750 10.09489
-37.250 -12.250 10.15638
-37.250 -11.750 10.20347
-37.250 -11.250 10.24517
-37.250 -10.750 10.28819
-37.250 -10.250 10.33726
-37.250 -9.750 10.39551
-37.250 -9.250 10.46473
-37.250 -8.750 10.54561
-37.250 -8.250 10.63795
-37.250 -7.750 10.74086
-37.250 -7.250 10.85290
-37.250 -6.750 10.97220
-37.250 -6.250 11.09662
-37.250 -5.750 11.22381
-37.250 -5.250 11.35135
-37.250 -4.750 11.47675
-37.250 -4.250 11.59760
-37.250 -3.750 11.71157
-37.250 -3.250 11.81647
-37.250 -2.750 11.91033
-37.250 -2.250 11.99137
-37.250 -1.750 12.05808
-37.250 -1.250 12.10922
-37.250 -0.750 12.14384
-37.250 -0.250 12.16131
-37.250 0.250 12.16131
-37.250 0.750 12.14384
-37.250 1.250 12.10922
-37.250 1.750 12.05808
-37.250 2.250 11.99137
-37.250 2.750 11.91033
-37.250 3.250 11.81647
-37.250 3.750 11.71157
-37.250 4.250 11.59760
-37.250 4.750 11.47675
-37.250 5.250 11.35135
-37.250 5.750 11.22381
-37.250 6.250 11.09662
-37.250 6.750 10.97220
-37.250 7.250 10.85290
-37.250 7.750 10.74086
-37.250 8.250 10.63795
-37.250 8.750 10.54561
-37.250 9.250 10.46473
-37.250 9.750 10.39551
-37.250 10.250 10.33726
-37.250 10.750 10.28819
-37.250 11.250 10.24517
-37.250 11.750 10.20347
-37.250 12.250 10.15638
-37.250 12.750 10.09489
-37.250 13.250 10.00721
-37.250 13.750  9.87827
-37.250 14.250  9.68910
-37.250 14.750  9.41617
-37.250 15.250  9.03050
-37.250 15.750  8.49680
-37.250 16.250  7.77229
-37.250 16.750  6.80553
-37.250 17.250  5.53500
-37.250 17.750  3.88770
-37.250 18.250  1.77782
-37.250 18.750 -0.89417
-37.250 19.250 -4.24106
-37.250 19.750 -8.38541
-37.250 20.250 -13.44916
-37.250 20.750 -19.52746
-37.250 21.250 -26.62700
-37.250 21.750 -34.52387
-37.250 22.250 -42.44966
-37.250 22.750 -48.51656
-37.250 23.250 -49.43425
-37.250 23.750 -43.19029
-37.250 24.250 -33.15693
-37.250 24.750 -23.99982
-37.250 25.250 -17.22853
-37.250 25.750 -12.51699
-37.250 26.250 -9.24759
-37.250 26.750 -6.94104
-37.250 27.250 -5.27873
-37.250 27.750 -4.05535
-37.250 28.250 -3.13769
-37.250 28.750 -2.43773
-37.250 29.250 -1.89601
-37.250 29.750 -1.47146
-37.250 30.250 -1.13511
-37.250 30.750 -0.86614
-37.250 31.250 -0.64934
-37.250 31.750 -0.47339
-37.250 32.250 -0.32977
-37.250 32.750 -0.21200
-37.250 33.250 -0.11503
-37.250 33.750 -0.03497
-37.250 34.250  0.03127
-37.250 34.750  0.08616
-37.250 35.250  0.13165
-37.250 35.750  0.16933
-37.250 36.250  0.20048
-37.250 36.750  0.22617
-37.250 37.250  0.24726
-37.250 37.750  0.26447
-37.250 38.250  0.27839
-37.250 38.750  0.28953
-37.250 39.250  0.29829
-37.250 39.750  0.30504
-37.250 40.250  0.31007
-37.250 40.750  0.31362
-37.250 41.250  0.31593
-37.250 41.750  0.31716
-37.250 42.250  0.31747
-37.250 42.750  0.31701
-37.250 43.250  0.31588
-37.250 43.750  0.31418
-37.250 44.250  0.31200
-37.250 44.750  0.30942
-36.750 -44.750  0.25046
-36.750 -44.250  0.24953
-36.750 -43.750  0.24792
-36.750 -43.250  0.24551
-36.750 -42.750  0.24220
-36.750 -42.250  0.23784
-36.750 -41.750  0.23228
-36.750 -41.250  0.22533
-36.750 -40.750  0.21680
-36.750 -40.250  0.20643
-36.750 -39.750  0.19394
-36.750 -39.250  0.17900
-36.750 -38.750  0.16122
-36.750 -38.250  0.14015
-36.750 -37.750  0.11525
-36.750 -37.250  0.08587
-36.750 -36.750  0.05127
-36.750 -36.250  0.01053
-36.750 -35.750 -0.03745
-36.750 -35.250 -0.09396
-36.750 -34.750 -0.16063
-36.750 -34.250 -0.23939
-36.750 -33.750 -0.33265
-36.750 -33.250 -0.44339
-36.750 -32.750 -0.57530
-36.750 -32.250 -0.73304
-36.750 -31.750 -0.92252
-36.750 -31.250 -1.15127
-36.750 -30.750 -1.42906
-36.750 -30.250 -1.76860
-36.750 -29.750 -2.18670
-36.750 -29.250 -2.70578
-36.750 -28.750 -3.35618
-36.750 -28.250 -4.17937
-36.750 -27.750 -5.23266
-36.750 -27.250 -6.59587
-36.750 -26.750 -8.38002
-36.750 -26.250 -10.73698
-36.750 -25.750 -13.86293
-36.750 -25.250 -17.97212
-36.750 -24.750 -23.17834
-36.750 -24.250 -29.18123
-36.750 -23.750 -34.81533
-36.750 -23.250 -38.18010
-36.750 -22.750 -38.02660
-36.750 -22.250 -34.78235
-36.750 -21.750 -29.77446
-36.750 -21.250 -24.17833
-36.750 -20.750 -18.71219
-36.750 -20.250 -13.73111
-36.750 -19.750 -9.37184
-36.750 -19.250 -5.65457
-36.750 -18.750 -2.54230
-36.750 -18.250  0.02688
-36.750 -17.750  2.12283
-36.750 -17.250  3.81474
-36.750 -16.750  5.16697
-36.750 -16.250  6.23736
-36.750 -15.750  7.07670
-36.750 -15.250  7.72895
-36.750 -14.750  8.23168
-36.750 -14.250  8.61666
-36.750 -13.750  8.91056
-36.750 -13.250  9.13550
-36.750 -12.750  9.30968
-36.750 -12.250  9.44788
-36.750 -11.750  9.56194
-36.750 -11.250  9.66118
-36.750 -10.750  9.75275
-36.750 -10.250  9.84198
-36.750 -9.750  9.93267
-36.750 -9.250 10.02731
-36.750 -8.750 10.12732
-36.750 -8.250 10.23324
-36.750 -7.750 10.34488
-36.750 -7.250 10.46152
-36.750 -6.750 10.58195
-36.750 -6.250 10.70468
-36.750 -5.750 10.82796
-36.750 -5.250 10.94992
-36.750 -4.750 11.06859
-36.750 -4.250 11.18204
-36.750 -3.750 11.28835
-36.750 -3.250 11.38574
-36.750 -2.750 11.47253
-36.750 -2.250 11.54724
-36.750 -1.750 11.60861
-36.750 -1.250 11.65557
-36.750 -0.750 11.68733
-36.750 -0.250 11.70335
-36.750 0.250 11.70335
-36.750 0.750 11.68733
-36.750 1.250 11.65557
-36.750 1.750 11.60861
-36.750 2.250 11.54724
-36.750 2.750 11.47253
-36.750 3.250 11.38574
-36.750 3.750 11.28835
-36.750 4.250 11.18204
-36.750 4.750 11.06859
-36.750 5.250 10.94992
-36.750 5.750 10.82796
-36.750 6.250 10.70468
-36.750 6.750 10.58195
-36.750 7.250 10.46152
-36.750 7.750 10.34488
-36.750 8.250 10.23324
-36.750 8.750 10.12732
-36.750 9.250 10.02731
-36.750 9.750  9.93267
-36.750 10.250  9.84198
-36.750 10.750  9.75275
-36.750 11.250  9.66118
-36.750 11.750  9.56194
-36.750 12.250  9.44788
-36.750 12.750  9.30968
-36.750 13.250  9.13550
-36.750 13.750  8.91056
-36.750 14.250  8.61666
-36.750 14.750  8.23168
-36.750 15.250  7.72895
-36.750 15.750  7.07670
-36.750 16.250  6.23736
-36.750 16.750  5.16697
-36.750 17.250  3.81474
-36.750 17.750  2.12283
-36.750 18.250  0.02688
-36.750 18.750 -2.54230
-36.750 19.250 -5.65457
-36.750 19.750 -9.37184
-36.750 20.250 -13.73111
-36.750 20.750 -18.71219
-36.750 21.250 -24.17833
-36.750 21.750 -29.77446
-36.750 22.250 -34.78235
-36.750 22.750 -38.02660
-36.750 23.250 -38.18010
-36.750 23.750 -34.81533
-36.750 24.250 -29.18123
-36.750 24.750 -23.17834
-36.750 25.250 -17.97212
-36.750 25.750 -13.86293
-36.750 26.250 -10.73698
-36.750 26.750 -8.38002
-36.750 27.250 -6.59587
-36.750 27.750 -5.23266
-36.750 28.250 -4.17937
-36.750 28.750 -3.35618
-36.750 29.250 -2.70578
-36.750 29.750 -2.18670
-36.750 30.250 -1.76860
-36.750 30.750 -1.42906
-36.750 31.250 -1.15127
-36.750 31.750 -0.92252
-36.750 32.250 -0.73304
-36.750 32.750 -0.57530
-36.750 33.250 -0.44339
-36.750 33.750 -0.33265
-36.750 34.250 -0.23939
-36.750 34.750 -0.16063
-36.750 35.250 -0.09396
-36.750 35.750 -0.03745
-36.750 36.250  0.01053
-36.750 36.750  0.05127
-36.750 37.250  0.08587
-36.750 37.750  0.11525
-36.750 38.250  0.14015
-36.750 38.750  0.16122
-36.750 39.250  0.17900
-36.750 39.750  0.19394
-36.750 40.250  0.20643
-36.750 40.750  0.21680
-36.750 41.250  0.22533
-36.750 41.750  0.23228
-36.750 42.250  0.23784
-36.750 42.750  0.24220
-36.750 43.250  0.24551
-36.750 43.750  0.24792
-36.750 44.250  0.24953
-36.750 44.750  0.25046
-36.250 -44.750  0.19210
-36.250 -44.250  0.18775
-36.250 -43.750  0.18245
-36.250 -43.250  0.17605
-36.250 -42.750  0.16843
-36.250 -42.250  0.15940
-36.250 -41.750  0.14878
-36.250 -41.250  0.13633
-36.250 -40.750  0.12180
-36.250 -40.250  0.10490
-36.250 -39.750  0.08527
-36.250 -39.250  0.06253
-36.250 -38.750  0.03619
-36.250 -38.250  0.00572
-36.250 -37.750 -0.02953
-36.250 -37.250 -0.07031
-36.250 -36.750 -0.11753
-36.250 -36.250 -0.17224
-36.250 -35.750 -0.23572
-36.250 -35.250 -0.30949
-36.250 -34.750 -0.39539
-36.250 -34.250 -0.49565
-36.250 -33.750 -0.61298
-36.250 -33.250 -0.75072
-36.250 -32.750 -0.91297
-36.250 -32.250 -1.10485
-36.250 -31.750 -1.33273
-36.250 -31.250 -1.60467
-36.250 -30.750 -1.93088
-36.250 -30.250 -2.32446
-36.250 -29.750 -2.80223
-36.250 -29.250 -3.38605
-36.250 -28.750 -4.10443
-36.250 -28.250 -4.99462
-36.250 -27.750 -6.10524
-36.250 -27.250 -7.49895
-36.250 -26.750 -9.25420
-36.250 -26.250 -11.46263
-36.250 -25.750 -14.21455
-36.250 -25.250 -17.55721
-36.250 -24.750 -21.40432
-36.250 -24.250 -25.39828
-36.250 -23.750 -28.82529
-36.250 -23.250 -30.80352
-36.250 -22.750 -30.77294
-36.250 -22.250 -28.82525
-36.250 -21.750 -25.52783
-36.250 -21.250 -21.53905
-36.250 -20.750 -17.37703
-36.250 -20.250 -13.37304
-36.250 -19.750 -9.70745
-36.250 -19.250 -6.45933
-36.250 -18.750 -3.64624
-36.250 -18.250 -1.25106
-36.250 -17.750  0.76115
-36.250 -17.250  2.43303
-36.250 -16.750  3.80908
-36.250 -16.250  4.93232
-36.250 -15.750  5.84263
-36.250 -15.250  6.57597
-36.250 -14.750  7.16407
-36.250 -14.250  7.63456
-36.250 -13.750  8.01115
-36.250 -13.250  8.31398
-36.250 -12.750  8.55996
-36.250 -12.250  8.76311
-36.250 -11.750  8.93489
-36.250 -11.250  9.08455
-36.250 -10.750  9.21939
-36.250 -10.250  9.34504
-36.250 -9.750  9.46571
-36.250 -9.250  9.58438
-36.250 -8.750  9.70301
-36.250 -8.250  9.82270
-36.250 -7.750  9.94384
-36.250 -7.250 10.06628
-36.250 -6.750 10.18937
-36.250 -6.250 10.31216
-36.250 -5.750 10.43343
-36.250 -5.250 10.55177
-36.250 -4.750 10.66568
-36.250 -4.250 10.77363
-36.250 -3.750 10.87410
-36.250 -3.250 10.96562
-36.250 -2.750 11.04683
-36.250 -2.250 11.11650
-36.250 -1.750 11.17358
-36.250 -1.250 11.21717
-36.250 -0.750 11.24662
-36.250 -0.250 11.26146
-36.250 0.250 11.26146
-36.250 0.750 11.24662
-36.250 1.250 11.21717
-36.250 1.750 11.17358
-36.250 2.250 11.11650
-36.250 2.750 11.04683
-36.250 3.250 10.96562
-36.250 3.750 10.87410
-36.250 4.250 10.77363
-36.250 4.750 10.66568
-36.250 5.250 10.55177
-36.250 5.750 10.43343
-36.250 6.250 10.31216
-36.250 6.750 10.18937
-36.250 7.250 10.06628
-36.250 7.750  9.94384
-36.250 8.250  9.82270
-36.250 8.750  9.70301
-36.250 9.250  9.58438
-36.250 9.750  9.46571
-36.250 10.250  9.34504
-36.250 10.750  9.21939
-36.250 11.250  9.08455
-36.250 11.750  8.93489
-36.250 12.250  8.76311
-36.250 12.750  8.55996
-36.250 13.250  8.31398
-36.250 13.750  8.01115
-36.250 14.250  7.63456
-36.250 14.750  7.16407
-36.250 15.250  6.57597
-36.250 15.750  5.84263
-36.250 16.250  4.93232
-36.250 16.750  3.80908
-36.250 17.250  2.43303
-36.250 17.750  0.76115
-36.250 18.250 -1.25106
-36.250 18.750 -3.64624
-36.250 19.250 -6.45933
-36.250 19.750 -9.70745
-36.250 20.250 -13.37304
-36.250 20.750 -17.37703
-36.250 21.250 -21.53905
-36.250 21.750 -25.52783
-36.250 22.250 -28.82525
-36.250 22.750 -30.77294
-36.250 23.250 -30.80352
-36.250 23.750 -28.82529
-36.250 24.250 -25.39828
-36.250 24.750 -21.40432
-36.250 25.250 -17.55721
-36.250 25.750 -14.21455
-36.250 26.250 -11.46263
-36.250 26.750 -9.25420
-36.250 27.250 -7.49895
-36.250 27.750 -6.10524
-36.250 28.250 -4.99462
-36.250 28.750 -4.10443
-36.250 29.250 -3.38605
-36.250 29.750 -2.80223
-36.250 30.250 -2.32446
-36.250 30.750 -1.93088
-36.250 31.250 -1.60467
-36.250 31.750 -1.33273
-36.250 32.250 -1.10485
-36.250 32.750 -0.91297
-36.250 33.250 -0.75072
-36.250 33.750 -0.61298
-36.250 34.250 -0.49565
-36.250 34.750 -0.39539
-36.250 35.250 -0.30949
-36.250 35.750 -0.23572
-36.250 36.250 -0.17224
-36.250 36.750 -0.11753
-36.250 37.250 -0.07031
-36.250 37.750 -0.02953
-36.250 38.250  0.00572
-36.250 38.750  0.03619
-36.250 39.250  0.06253
-36.250 39.750  0.08527
-36.250 40.250  0.10490
-36.250 40.750  0.12180
-36.250 41.250  0.13633
-36.250 41.750  0.14878
-36.250 42.250  0.15940
-36.250 42.750  0.16843
-36.250 43.250  0.17605
-36.250 43.750  0.18245
-36.250 44.250  0.18775
-36.250 44.750  0.19210
-35.750 -44.750  0.13457
-35.750 -44.250  0.12692
-35.750 -43.750  0.11806
-35.750 -43.250  0.10783
-35.750 -42.750  0.09606
-35.750 -42.250  0.08256
-35.750 -41.750  0.06709
-35.750 -41.250  0.04939
-35.750 -40.750  0.02917
-35.750 -40.250  0.00608
-35.750 -39.750 -0.02028
-35.750 -39.250 -0.05036
-35.750 -38.750 -0.08471
-35.750 -38.250 -0.12394
-35.750 -37.750 -0.16879
-35.750 -37.250 -0.22009
-35.750 -36.750 -0.27886
-35.750 -36.250 -0.34628
-35.750 -35.750 -0.42375
-35.750 -35.250 -0.51295
-35.750 -34.750 -0.61588
-35.750 -34.250 -0.73494
-35.750 -33.750 -0.87304
-35.750 -33.250 -1.03370
-35.750 -32.750 -1.22124
-35.750 -32.250 -1.44091
-35.750 -31.750 -1.69923
-35.750 -31.250 -2.00425
-35.750 -30.750 -2.36598
-35.750 -30.250 -2.79694
-35.750 -29.750 -3.31280
-35.750 -29.250 -3.93322
-35.750 -28.750 -4.68275
-35.750 -28.250 -5.59182
-35.750 -27.750 -6.69744
-35.750 -27.250 -8.04300
-35.750 -26.750 -9.67572
-35.750 -26.250 -11.63898
-35.750 -25.750 -13.95499
-35.750 -25.250 -16.59213
-35.750 -24.750 -19.41591
-35.750 -24.250 -22.14197
-35.750 -23.750 -24.34257
-35.750 -23.250 -25.56369
-35.750 -22.750 -25.52099
-35.750 -22.250 -24.22644
-35.750 -21.750 -21.94364
-35.750 -21.250 -19.03990
-35.750 -20.750 -15.85852
-35.750 -20.250 -12.66005
-35.750 -19.750 -9.61570
-35.750 -19.250 -6.82357
-35.750 -18.750 -4.32949
-35.750 -18.250 -2.14486
-35.750 -17.750 -0.25998
-35.750 -17.250  1.34689
-35.750 -16.750  2.70343
-35.750 -16.250  3.83952
-35.750 -15.750  4.78484
-35.750 -15.250  5.56753
-35.750 -14.750  6.21343
-35.750 -14.250  6.74575
-35.750 -13.750  7.18495
-35.750 -13.250  7.54884
-35.750 -12.750  7.85266
-35.750 -12.250  8.10933
-35.750 -11.750  8.32963
-35.750 -11.250  8.52245
-35.750 -10.750  8.69497
-35.750 -10.250  8.85288
-35.750 -9.750  9.00058
-35.750 -9.250  9.14135
-35.750 -8.750  9.27752
-35.750 -8.250  9.41060
-35.750 -7.750  9.54144
-35.750 -7.250  9.67031
-35.750 -6.750  9.79706
-35.750 -6.250  9.92115
-35.750 -5.750 10.04180
-35.750 -5.250 10.15803
-35.750 -4.750 10.26873
-35.750 -4.250 10.37272
-35.750 -3.750 10.46881
-35.750 -3.250 10.55583
-35.750 -2.750 10.63270
-35.750 -2.250 10.69839
-35.750 -1.750 10.75206
-35.750 -1.250 10.79296
-35.750 -0.750 10.82055
-35.750 -0.250 10.83443
-35.750 0.250 10.83443
-35.750 0.750 10.82055
-35.750 1.250 10.79296
-35.750 1.750 10.75206
-35.750 2.250 10.69839
-35.750 2.750 10.63270
-35.750 3.250 10.55583
-35.750 3.750 10.46881
-35.750 4.250 10.37272
-35.750 4.750 10.26873
-35.750 5.250 10.15803
-35.750 5.750 10.04180
-35.750 6.250  9.92115
-35.750 6.750  9.79706
-35.750 7.250  9.67031
-35.750 7.750  9.54144
-35.750 8.250  9.41060
-35.750 8.750  9.27752
-35.750 9.250  9.14135
-35.750 9.750  9.00058
-35.750 10.250  8.85288
-35.750 10.750  8.69497
-35.750 11.250  8.52245
-35.750 11.750  8.32963
-35.750 12.250  8.10933
-35.750 12.750  7.85266
-35.750 13.250  7.54884
-35.750 13.750  7.18495
-35.750 14.250  6.74575
-35.750 14.750  6.21343
-35.750 15.250  5.56753
-35.750 15.750  4.78484
-35.750 16.250  3.83952
-35.750 16.750  2.70343
-35.750 17.250  1.34689
-35.750 17.750 -0.25998
-35.750 18.250 -2.14486
-35.750 18.750 -4.32949
-35.750 19.250 -6.82357
-35.750 19.750 -9.61570
-35.750 20.250 -12.66005
-35.750 20.750 -15.85852
-35.750 21.250 -19.03990
-35.750 21.750 -21.94364
-35.750 22.250 -24.22644
-35.750 22.750 -25.52099
-35.750 23.250 -25.56369
-35.750 23.750 -24.34257
-35.750 24.250 -22.14197
-35.750 24.750 -19.41591
-35.750 25.250 -16.59213
-35.750 25.750 -13.95499
-35.750 26.250 -11.63898
-35.750 26.750 -9.67572
-35.750 27.250 -8.04300
-35.750 27.750 -6.69744
-35.750 28.250 -5.59182
-35.750 28.750 -4.68275
-35.750 29.250 -3.93322
-35.750 29.750 -3.31280
-35.750 30.250 -2.79694
-35.750 30.750 -2.36598
-35.750 31.250 -2.00425
-35.750 31.750 -1.69923
-35.750 32.250 -1.44091
-35.750 32.750 -1.22124
-35.750 33.250 -1.03370
-35.750 33.750 -0.87304
-35.750 34.250 -0.73494
-35.750 34.750 -0.61588
-35.750 35.250 -0.51295
-35.750 35.750 -0.42375
-35.750 36.250 -0.34628
-35.750 36.750 -0.27886
-35.750 37.250 -0.22009
-35.750 37.750 -0.16879
-35.750 38.250 -0.12394
-35.750 38.750 -0.08471
-35.750 39.250 -0.05036
-35.750 39.750 -0.02028
-35.750 40.250  0.00608
-35.750 40.750  0.02917
-35.750 41.250  0.04939
-35.750 41.750  0.06709
-35.750 42.250  0.08256
-35.750 42.750  0.09606
-35.750 43.250  0.10783
-35.750 43.750  0.11806
-35.750 44.250  0.12692
-35.750 44.750  0.13457
-35.250 -44.750  0.07812
-35.250 -44.250  0.06730
-35.250 -43.750  0.05503
-35.250 -43.250  0.04114
-35.250 -42.750  0.02543
-35.250 -42.250  0.00767
-35.250 -41.750 -0.01238
-35.250 -41.250 -0.03502
-35.250 -40.750 -0.06060
-35.250 -40.250 -0.08948
-35.250 -39.750 -0.12211
-35.250 -39.250 -0.15901
-35.250 -38.750 -0.20075
-35.250 -38.250 -0.24802
-35.250 -37.750 -0.30161
-35.250 -37.250 -0.36244
-35.250 -36.750 -0.43158
-35.250 -36.250 -0.51031
-35.250 -35.750 -0.60011
-35.250 -35.250 -0.70275
-35.250 -34.750 -0.82031
-35.250 -34.250 -0.95529
-35.250 -33.750 -1.11065
-35.250 -33.250 -1.28998
-35.250 -32.750 -1.49756
-35.250 -32.250 -1.73860
-35.250 -31.750 -2.01937
-35.250 -31.250 -2.34753
-35.250 -30.750 -2.73236
-35.250 -30.250 -3.18517
-35.250 -29.750 -3.71964
-35.250 -29.250 -4.35226
-35.250 -28.750 -5.10265
-35.250 -28.250 -5.99358
-35.250 -27.750 -7.05047
-35.250 -27.250 -8.29951
-35.250 -26.750 -9.76359
-35.250 -26.250 -11.45414
-35.250 -25.750 -13.35733
-35.250 -25.250 -15.41405
-35.250 -24.750 -17.49778
-35.250 -24.250 -19.40365
-35.250 -23.750 -20.86981
-35.250 -23.250 -21.64305
-35.250 -22.750 -21.56593
-35.250 -22.250 -20.63202
-35.250 -21.750 -18.97412
-35.250 -21.250 -16.80315
-35.250 -20.750 -14.34166
-35.250 -20.250 -11.78070
-35.250 -19.750 -9.26311
-35.250 -19.250 -6.88416
-35.250 -18.750 -4.69987
-35.250 -18.250 -2.73701
-35.250 -17.750 -1.00214
-35.250 -17.250  0.51139
-35.250 -16.750  1.81819
-35.250 -16.250  2.93722
-35.250 -15.750  3.88929
-35.250 -15.250  4.69543
-35.250 -14.750  5.37591
-35.250 -14.250  5.94960
-35.250 -13.750  6.43365
-35.250 -13.250  6.84337
-35.250 -12.750  7.19215
-35.250 -12.250  7.49159
-35.250 -11.750  7.75159
-35.250 -11.250  7.98042
-35.250 -10.750  8.18494
-35.250 -10.250  8.37073
-35.250 -9.750  8.54221
-35.250 -9.250  8.70278
-35.250 -8.750  8.85500
-35.250 -8.250  9.00066
-35.250 -7.750  9.14093
-35.250 -7.250  9.27643
-35.250 -6.750  9.40735
-35.250 -6.250  9.53354
-35.250 -5.750  9.65458
-35.250 -5.250  9.76982
-35.250 -4.750  9.87848
-35.250 -4.250  9.97971
-35.250 -3.750 10.07260
-35.250 -3.250 10.15623
-35.250 -2.750 10.22975
-35.250 -2.250 10.29235
-35.250 -1.750 10.34333
-35.250 -1.250 10.38210
-35.250 -0.750 10.40820
-35.250 -0.250 10.42133
-35.250 0.250 10.42133
-35.250 0.750 10.40820
-35.250 1.250 10.38210
-35.250 1.750 10.34333
-35.250 2.250 10.29235
-35.250 2.750 10.22975
-35.250 3.250 10.15623
-35.250 3.750 10.07260
-35.250 4.250  9.97971
-35.250 4.750  9.87848
-35.250 5.250  9.76982
-35.250 5.750  9.65458
-35.250 6.250  9.53354
-35.250 6.750  9.40735
-35.250 7.250  9.27643
-35.250 7.750  9.14093
-35.250 8.250  9.00066
-35.250 8.750  8.85500
-35.250 9.250  8.70278
-35.250 9.750  8.54221
-35.250 10.250  8.37073
-35.250 10.750  8.18494
-35.250 11.250  7.98042
-35.250 11.750  7.75159
-35.250 12.250  7.49159
-35.250 12.750  7.19215
-35.250 13.250  6.84337
-35.250 13.750  6.43365
-35.250 14.250  5.94960
-35.250 14.750  5.37591
-35.250 15.250  4.69543
-35.250 15.750  3.88929
-35.250 16.250  2.93722
-35.250 16.750  1.81819
-35.250 17.250  0.51139
-35.250 17.750 -1.00214
-35.250 18.250 -2.73701
-35.250 18.750 -4.69987
-35.250 19.250 -6.88416
-35.250 19.750 -9.26311
-35.250 20.250 -11.78070
-35.250 20.750 -14.34166
-35.250 21.250 -16.80315
-35.250 21.750 -18.97412
-35.250 22.250 -20.63202
-35.250 22.750 -21.56593
-35.250 23.250 -21.64305
-35.250 23.750 -20.86981
-35.250 24.250 -19.40365
-35.250 24.750 -17.49778
-35.250 25.250 -15.41405
-35.250 25.750 -13.35733
-35.250 26.250 -11.45414
-35.250 26.750 -9.76359
-35.250 27.250 -8.29951
-35.250 27.750 -7.05047
-35.250 28.250 -5.99358
-35.250 28.750 -5.10265
-35.250 29.250 -4.35226
-35.250 29.750 -3.71964
-35.250 30.250 -3.18517
-35.250 30.750 -2.73236
-35.250 31.250 -2.34753
-35.250 31.750 -2.01937
-35.250 32.250 -1.73860
-35.250 32.750 -1.49756
-35.250 33.250 -1.28998
-35.250 33.750 -1.11065
-35.250 34.250 -0.95529
-35.250 34.750 -0.82031
-35.250 35.250 -0.70275
-35.250 35.750 -0.60011
-35.250 36.250 -0.51031
-35.250 36.750 -0.43158
-35.250 37.250 -0.36244
-35.250 37.750 -0.30161
-35.250 38.250 -0.24802
-35.250 38.750 -0.20075
-35.250 39.250 -0.15901
-35.250 39.750 -0.12211
-35.250 40.250 -0.08948
-35.250 40.750 -0.06060
-35.250 41.250 -0.03502
-35.250 41.750 -0.01238
-35.250 42.250  0.00767
-35.250 42.750  0.02543
-35.250 43.250  0.04114
-35.250 43.750  0.05503
-35.250 44.250  0.06730
-35.250 44.750  0.07812
-34.750 -44.750  0.02296
-34.750 -44.250  0.00911
-34.750 -43.750 -0.00639
-34.750 -43.250 -0.02374
-34.750 -42.750 -0.04317
-34.750 -42.250 -0.06491
-34.750 -41.750 -0.08926
-34.750 -41.250 -0.11652
-34.750 -40.750 -0.14706
-34.750 -40.250 -0.18130
-34.750 -39.750 -0.21970
-34.750 -39.250 -0.26283
-34.750 -38.750 -0.31129
-34.750 -38.250 -0.36581
-34.750 -37.750 -0.42722
-34.750 -37.250 -0.49650
-34.750 -36.750 -0.57476
-34.750 -36.250 -0.66331
-34.750 -35.750 -0.76369
-34.750 -35.250 -0.87769
-34.750 -34.750 -1.00741
-34.750 -34.250 -1.15535
-34.750 -33.750 -1.32443
-34.750 -33.250 -1.51815
-34.750 -32.750 -1.74062
-34.750 -32.250 -1.99676
-34.750 -31.750 -2.29240
-34.750 -31.250 -2.63447
-34.750 -30.750 -3.03118
-34.750 -30.250 -3.49220
-34.750 -29.750 -4.02884
-34.750 -29.250 -4.65409
-34.750 -28.750 -5.38247
-34.750 -28.250 -6.22960
-34.750 -27.750 -7.21088
-34.750 -27.250 -8.33925
-34.750 -26.750 -9.62099
-34.750 -26.250 -11.04920
-34.750 -25.750 -12.59465
-34.750 -25.250 -14.19499
-34.750 -24.750 -15.74658
-34.750 -24.250 -17.10567
-34.750 -23.750 -18.10693
-34.750 -23.250 -18.60014
-34.750 -22.750 -18.49240
-34.750 -22.250 -17.77463
-34.750 -21.750 -16.51883
-34.750 -21.250 -14.85087
-34.750 -20.750 -12.91576
-34.750 -20.250 -10.84985
-34.750 -19.750 -8.76531
-34.750 -19.250 -6.74527
-34.750 -18.750 -4.84548
-34.750 -18.250 -3.09904
-34.750 -17.750 -1.52168
-34.750 -17.250 -0.11670
-34.750 -16.750  1.12101
-34.750 -16.250  2.20192
-34.750 -15.750  3.13951
-34.750 -15.250  3.94875
-34.750 -14.750  4.64489
-34.750 -14.250  5.24278
-34.750 -13.750  5.75639
-34.750 -13.250  6.19852
-34.750 -12.750  6.58069
-34.750 -12.250  6.91305
-34.750 -11.750  7.20446
-34.750 -11.250  7.46247
-34.750 -10.750  7.69347
-34.750 -10.250  7.90274
-34.750 -9.750  8.09460
-34.750 -9.250  8.27245
-34.750 -8.750  8.43894
-34.750 -8.250  8.59604
-34.750 -7.750  8.74511
-34.750 -7.250  8.88705
-34.750 -6.750  9.02232
-34.750 -6.250  9.15106
-34.750 -5.750  9.27312
-34.750 -5.250  9.38816
-34.750 -4.750  9.49567
-34.750 -4.250  9.59505
-34.750 -3.750  9.68564
-34.750 -3.250  9.76675
-34.750 -2.750  9.83773
-34.750 -2.250  9.89794
-34.750 -1.750  9.94682
-34.750 -1.250  9.98392
-34.750 -0.750 10.00886
-34.750 -0.250 10.02139
-34.750 0.250 10.02139
-34.750 0.750 10.00886
-34.750 1.250  9.98392
-34.750 1.750  9.94682
-34.750 2.250  9.89794
-34.750 2.750  9.83773
-34.750 3.250  9.76675
-34.750 3.750  9.68564
-34.750 4.250  9.59505
-34.750 4.750  9.49567
-34.750 5.250  9.38816
-34.750 5.750  9.27312
-34.750 6.250  9.15106
-34.750 6.750  9.02232
-34.750 7.250  8.88705
-34.750 7.750  8.74511
-34.750 8.250  8.59604
-34.750 8.750  8.43894
-34.750 9.250  8.27245
-34.750 9.750  8.09460
-34.750 10.250  7.90274
-34.750 10.750  7.69347
-34.750 11.250  7.46247
-34.750 11.750  7.20446
-34.750 12.250  6.91305
-34.750 12.750  6.58069
-34.750 13.250  6.19852
-34.750 13.750  5.75639
-34.750 14.250  5.24278
-34.750 14.750  4.64489
-34.750 15.250  3.94875
-34.750 15.750  3.13951
-34.750 16.250  2.20192
-34.750 16.750  1.12101
-34.750 17.250 -0.11670
-34.750 17.750 -1.52168
-34.750 18.250 -3.09904
-34.750 18.750 -4.84548
-34.750 19.250 -6.74527
-34.750 19.750 -8.76531
-34.750 20.250 -10.84985
-34.750 20.750 -12.91576
-34.750 21.250 -14.85087
-34.750 21.750 -16.51883
-34.750 22.250 -17.77463
-34.750 22.750 -18.49240
-34.750 23.250 -18.60014
-34.750 23.750 -18.10693
-34.750 24.250 -17.10567
-34.750 24.750 -15.74658
-34.750 25.250 -14.19499
-34.750 25.750 -12.59465
-34.750 26.250 -11.04920
-34.750 26.750 -9.62099
-34.750 27.250 -8.33925
-34.750 27.750 -7.21088
-34.750 28.250 -6.22960
-34.750 28.750 -5.38247
-34.750 29.250 -4.65409
-34.750 29.750 -4.02884
-34.750 30.250 -3.49220
-34.750 30.750 -3.03118
-34.750 31.250 -2.63447
-34.750 31.750 -2.29240
-34.750 32.250 -1.99676
-34.750 32.750 -1.74062
-34.750 33.250 -1.51815
-34.750 33.750 -1.32443
-34.750 34.250 -1.15535
-34.750 34.750 -1.00741
-34.750 35.250 -0.87769
-34.750 35.750 -0.76369
-34.750 36.250 -0.66331
-34.750 36.750 -0.57476
-34.750 37.250 -0.49650
-34.750 37.750 -0.42722
-34.750 38.250 -0.36581
-34.750 38.750 -0.31129
-34.750 39.250 -0.26283
-34.750 39.750 -0.21970
-34.750 40.250 -0.18130
-34.750 40.750 -0.14706
-34.750 41.250 -0.11652
-34.750 41.750 -0.08926
-34.750 42.250 -0.06491
-34.750 42.750 -0.04317
-34.750 43.250 -0.02374
-34.750 43.750 -0.00639
-34.750 44.250  0.00911
-34.750 44.750  0.02296
-34.250 -44.750 -0.03072
-34.250 -44.250 -0.04741
-34.250 -43.750 -0.06595
-34.250 -43.250 -0.08656
-34.250 -42.750 -0.10945
-34.250 -42.250 -0.13491
-34.250 -41.750 -0.16323
-34.250 -41.250 -0.19474
-34.250 -40.750 -0.22984
-34.250 -40.250 -0.26896
-34.250 -39.750 -0.31259
-34.250 -39.250 -0.36132
-34.250 -38.750 -0.41577
-34.250 -38.250 -0.47672
-34.250 -37.750 -0.54500
-34.250 -37.250 -0.62160
-34.250 -36.750 -0.70768
-34.250 -36.250 -0.80454
-34.250 -35.750 -0.91371
-34.250 -35.250 -1.03696
-34.250 -34.750 -1.17637
-34.250 -34.250 -1.33434
-34.250 -33.750 -1.51369
-34.250 -33.250 -1.71768
-34.250 -32.750 -1.95017
-34.250 -32.250 -2.21561
-34.250 -31.750 -2.51921
-34.250 -31.250 -2.86701
-34.250 -30.750 -3.26595
-34.250 -30.250 -3.72391
-34.250 -29.750 -4.24972
-34.250 -29.250 -4.85296
-34.250 -28.750 -5.54357
-34.250 -28.250 -6.33108
-34.250 -27.750 -7.22317
-34.250 -27.250 -8.22350
-34.250 -26.750 -9.32823
-34.250 -26.250 -10.52150
-34.250 -25.750 -11.76990
-34.250 -25.250 -13.01750
-34.250 -24.750 -14.18372
-34.250 -24.250 -15.16781
-34.250 -23.750 -15.86213
-34.250 -23.250 -16.17310
-34.250 -22.750 -16.04314
-34.250 -22.250 -15.46444
-34.250 -21.750 -14.47864
-34.250 -21.250 -13.16391
-34.250 -20.750 -11.61632
-34.250 -20.250 -9.93260
-34.250 -19.750 -8.19838
-34.250 -19.250 -6.48232
-34.250 -18.750 -4.83489
-34.250 -18.250 -3.28994
-34.250 -17.750 -1.86746
-34.250 -17.250 -0.57666
-34.250 -16.750  0.58113
-34.250 -16.250  1.61014
-34.250 -15.750  2.51815
-34.250 -15.250  3.31509
-34.250 -14.750  4.01196
-34.250 -14.250  4.62004
-34.250 -13.750  5.15037
-34.250 -13.250  5.61341
-34.250 -12.750  6.01880
-34.250 -12.250  6.37526
-34.250 -11.750  6.69052
-34.250 -11.250  6.97135
-34.250 -10.750  7.22355
-34.250 -10.250  7.45202
-34.250 -9.750  7.66086
-34.250 -9.250  7.85336
-34.250 -8.750  8.03218
-34.250 -8.250  8.19934
-34.250 -7.750  8.35636
-34.250 -7.250  8.50429
-34.250 -6.750  8.64379
-34.250 -6.250  8.77522
-34.250 -5.750  8.89867
-34.250 -5.250  9.01401
-34.250 -4.750  9.12098
-34.250 -4.250  9.21918
-34.250 -3.750  9.30816
-34.250 -3.250  9.38743
-34.250 -2.750  9.45649
-34.250 -2.250  9.51487
-34.250 -1.750  9.56213
-34.250 -1.250  9.59792
-34.250 -0.750  9.62194
-34.250 -0.250  9.63401
-34.250 0.250  9.63401
-34.250 0.750  9.62194
-34.250 1.250  9.59792
-34.250 1.750  9.56213
-34.250 2.250  9.51487
-34.250 2.750  9.45649
-34.250 3.250  9.38743
-34.250 3.750  9.30816
-34.250 4.250  9.21918
-34.250 4.750  9.12098
-34.250 5.250  9.01401
-34.250 5.750  8.89867
-34.250 6.250  8.77522
-34.250 6.750  8.64379
-34.250 7.250  8.50429
-34.250 7.750  8.35636
-34.250 8.250  8.19934
-34.250 8.750  8.03218
-34.250 9.250  7.85336
-34.250 9.750  7.66086
-34.250 10.250  7.45202
-34.250 10.750  7.22355
-34.250 11.250  6.97135
-34.250 11.750  6.69052
-34.250 12.250  6.37526
-34.250 12.750  6.01880
-34.250 13.250  5.61341
-34.250 13.750  5.15037
-34.250 14.250  4.62004
-34.250 14.750  4.01196
-34.250 15.250  3.31509
-34.250 15.750  2.51815
-34.250 16.250  1.61014
-34.250 16.750  0.58113
-34.250 17.250 -0.57666
-34.250 17.750 -1.86746
-34.250 18.250 -3.28994
-34.250 18.750 -4.83489
-34.250 19.250 -6.48232
-34.250 19.750 -8.19838
-34.250 20.250 -9.93260
-34.250 20.750 -11.61632
-34.250 21.250 -13.16391
-34.250 21.750 -14.47864
-34.250 22.250 -15.46444
-34.250 22.750 -16.04314
-34.250 23.250 -16.17310
-34.250 23.750 -15.86213
-34.250 24.250 -15.16781
-34.250 24.750 -14.18372
-34.250 25.250 -13.01750
-34.250 25.750 -11.76990
-34.250 26.250 -10.52150
-34.250 26.750 -9.32823
-34.250 27.250 -8.22350
-34.250 27.750 -7.22317
-34.250 28.250 -6.33108
-34.250 28.750 -5.54357
-34.250 29.250 -4.85296
-34.250 29.750 -4.24972
-34.250 30.250 -3.72391
-34.250 30.750 -3.26595
-34.250 31.250 -2.86701
-34.250 31.750 -2.51921
-34.250 32.250 -2.21561
-34.250 32.750 -1.95017
-34.250 33.250 -1.71768
-34.250 33.750 -1.51369
-34.250 34.250 -1.33434
-34.250 34.750 -1.17637
-34.250 35.250 -1.03696
-34.250 35.750 -0.91371
-34.250 36.250 -0.80454
-34.250 36.750 -0.70768
-34.250 37.250 -0.62160
-34.250 37.750 -0.54500
-34.250 38.250 -0.47672
-34.250 38.750 -0.41577
-34.250 39.250 -0.36132
-34.250 39.750 -0.31259
-34.250 40.250 -0.26896
-34.250 40.750 -0.22984
-34.250 41.250 -0.19474
-34.250 41.750 -0.16323
-34.250 42.250 -0.13491
-34.250 42.750 -0.10945
-34.250 43.250 -0.08656
-34.250 43.750 -0.06595
-34.250 44.250 -0.04741
-34.250 44.750 -0.03072
-33.750 -44.750 -0.08274
-33.750 -44.250 -0.10209
-33.750 -43.750 -0.12346
-33.750 -43.250 -0.14708
-33.750 -42.750 -0.17318
-33.750 -42.250 -0.20206
-33.750 -41.750 -0.23401
-33.750 -41.250 -0.26939
-33.750 -40.750 -0.30861
-33.750 -40.250 -0.35211
-33.750 -39.750 -0.40041
-33.750 -39.250 -0.45409
-33.750 -38.750 -0.51380
-33.750 -38.250 -0.58031
-33.750 -37.750 -0.65447
-33.750 -37.250 -0.73727
-33.750 -36.750 -0.82985
-33.750 -36.250 -0.93349
-33.750 -35.750 -1.04968
-33.750 -35.250 -1.18014
-33.750 -34.750 -1.32684
-33.750 -34.250 -1.49205
-33.750 -33.750 -1.67838
-33.750 -33.250 -1.88884
-33.750 -32.750 -2.12688
-33.750 -32.250 -2.39643
-33.750 -31.750 -2.70198
-33.750 -31.250 -3.04858
-33.750 -30.750 -3.44184
-33.750 -30.250 -3.88790
-33.750 -29.750 -4.39323
-33.750 -29.250 -4.96440
-33.750 -28.750 -5.60750
-33.750 -28.250 -6.32732
-33.750 -27.750 -7.12603
-33.750 -27.250 -8.00135
-33.750 -26.750 -8.94401
-33.750 -26.250 -9.93481
-33.750 -25.750 -10.94170
-33.750 -25.250 -11.91773
-33.750 -24.750 -12.80159
-33.750 -24.250 -13.52203
-33.750 -23.750 -14.00694
-33.750 -23.250 -14.19570
-33.750 -22.750 -14.05123
-33.750 -22.250 -13.56760
-33.750 -21.750 -12.77031
-33.750 -21.250 -11.70976
-33.750 -20.750 -10.45097
-33.750 -20.250 -9.06291
-33.750 -19.750 -7.61019
-33.750 -19.250 -6.14792
-33.750 -18.750 -4.71950
-33.750 -18.250 -3.35658
-33.750 -17.750 -2.08024
-33.750 -17.250 -0.90273
-33.750 -16.750  0.17064
-33.750 -16.250  1.13971
-33.750 -15.750  2.00801
-33.750 -15.250  2.78155
-33.750 -14.750  3.46778
-33.750 -14.250  4.07495
-33.750 -13.750  4.61152
-33.750 -13.250  5.08580
-33.750 -12.750  5.50568
-33.750 -12.250  5.87849
-33.750 -11.750  6.21086
-33.750 -11.250  6.50871
-33.750 -10.750  6.77721
-33.750 -10.250  7.02083
-33.750 -9.750  7.24333
-33.750 -9.250  7.44786
-33.750 -8.750  7.63698
-33.750 -8.250  7.81272
-33.750 -7.750  7.97664
-33.750 -7.250  8.12989
-33.750 -6.750  8.27329
-33.750 -6.250  8.40734
-33.750 -5.750  8.53229
-33.750 -5.250  8.64822
-33.750 -4.750  8.75503
-33.750 -4.250  8.85252
-33.750 -3.750  8.94039
-33.750 -3.250  9.01831
-33.750 -2.750  9.08594
-33.750 -2.250  9.14292
-33.750 -1.750  9.18893
-33.750 -1.250  9.22370
-33.750 -0.750  9.24701
-33.750 -0.250  9.25870
-33.750 0.250  9.25870
-33.750 0.750  9.24701
-33.750 1.250  9.22370
-33.750 1.750  9.18893
-33.750 2.250  9.14292
-33.750 2.750  9.08594
-33.750 3.250  9.01831
-33.750 3.750  8.94039
-33.750 4.250  8.85252
-33.750 4.750  8.75503
-33.750 5.250  8.64822
-33.750 5.750  8.53229
-33.750 6.250  8.40734
-33.750 6.750  8.27329
-33.750 7.250  8.12989
-33.750 7.750  7.97664
-33.750 8.250  7.81272
-33.750 8.750  7.63698
-33.750 9.250  7.44786
-33.750 9.750  7.24333
-33.750 10.250  7.02083
-33.750 10.750  6.77721
-33.750 11.250  6.50871
-33.750 11.750  6.21086
-33.750 12.250  5.87849
-33.750 12.750  5.50568
-33.750 13.250  5.08580
-33.750 13.750  4.61152
-33.750 14.250  4.07495
-33.750 14.750  3.46778
-33.750 15.250  2.78155
-33.750 15.750  2.00801
-33.750 16.250  1.13971
-33.750 16.750  0.17064
-33.750 17.250 -0.90273
-33.750 17.750 -2.08024
-33.750 18.250 -3.35658
-33.750 18.750 -4.71950
-33.750 19.250 -6.14792
-33.750 19.750 -7.61019
-33.750 20.250 -9.06291
-33.750 20.750 -10.45097
-33.750 21.250 -11.70976
-33.750 21.750 -12.77031
-33.750 22.250 -13.56760
-33.750 22.750 -14.05123
-33.750 23.250 -14.19570
-33.750 23.750 -14.00694
-33.750 24.250 -13.52203
-33.750 24.750 -12.80159
-33.750 25.250 -11.91773
-33.750 25.750 -10.94170
-33.750 26.250 -9.93481
-33.750 26.750 -8.94401
-33.750 27.250 -8.00135
-33.750 27.750 -7.12603
-33.750 28.250 -6.32732
-33.750 28.750 -5.60750
-33.750 29.250 -4.96440
-33.750 29.750 -4.39323
-33.750 30.250 -3.88790
-33.750 30.750 -3.44184
-33.750 31.250 -3.04858
-33.750 31.750 -2.70198
-33.750 32.250 -2.39643
-33.750 32.750 -2.12688
-33.750 33.250 -1.88884
-33.750 33.750 -1.67838
-33.750 34.250 -1.49205
-33.750 34.750 -1.32684
-33.750 35.250 -1.18014
-33.750 35.750 -1.04968
-33.750 36.250 -0.93349
-33.750 36.750 -0.82985
-33.750 37.250 -0.73727
-33.750 37.750 -0.65447
-33.750 38.250 -0.58031
-33.750 38.750 -0.51380
-33.750 39.250 -0.45409
-33.750 39.750 -0.40041
-33.750 40.250 -0.35211
-33.750 40.750 -0.30861
-33.750 41.250 -0.26939
-33.750 41.750 -0.23401
-33.750 42.250 -0.20206
-33.750 42.750 -0.17318
-33.750 43.250 -0.14708
-33.750 43.750 -0.12346
-33.750 44.250 -0.10209
-33.750 44.750 -0.08274
-33.250 -44.750 -0.13293
-33.250 -44.250 -0.15475
-33.250 -43.750 -0.17874
-33.250 -43.250 -0.20512
-33.250 -42.750 -0.23415
-33.250 -42.250 -0.26613
-33.250 -41.750 -0.30136
-33.250 -41.250 -0.34022
-33.250 -40.750 -0.38311
-33.250 -40.250 -0.43048
-33.250 -39.750 -0.48286
-33.250 -39.250 -0.54083
-33.250 -38.750 -0.60505
-33.250 -38.250 -0.67627
-33.250 -37.750 -0.75533
-33.250 -37.250 -0.84320
-33.250 -36.750 -0.94098
-33.250 -36.250 -1.04992
-33.250 -35.750 -1.17143
-33.250 -35.250 -1.30713
-33.250 -34.750 -1.45886
-33.250 -34.250 -1.62870
-33.250 -33.750 -1.81902
-33.250 -33.250 -2.03250
-33.250 -32.750 -2.27216
-33.250 -32.250 -2.54135
-33.250 -31.750 -2.84380
-33.250 -31.250 -3.18357
-33.250 -30.750 -3.56502
-33.250 -30.250 -3.99263
-33.250 -29.750 -4.47085
-33.250 -29.250 -5.00370
-33.250 -28.750 -5.59428
-33.250 -28.250 -6.24393
-33.250 -27.750 -6.95115
-33.250 -27.250 -7.71022
-33.250 -26.750 -8.50946
-33.250 -26.250 -9.32951
-33.250 -25.750 -10.14184
-33.250 -25.250 -10.90835
-33.250 -24.750 -11.58263
-33.250 -24.250 -12.11368
-33.250 -23.750 -12.45197
-33.250 -23.250 -12.55692
-33.250 -22.750 -12.40393
-33.250 -22.250 -11.98870
-33.250 -21.750 -11.32765
-33.250 -21.250 -10.45445
-33.250 -20.750 -9.41407
-33.250 -20.250 -8.25622
-33.250 -19.750 -7.02955
-33.250 -19.250 -5.77767
-33.250 -18.750 -4.53683
-33.250 -18.250 -3.33518
-33.250 -17.750 -2.19304
-33.250 -17.250 -1.12378
-33.250 -16.750 -0.13496
-33.250 -16.250  0.77043
-33.250 -15.750  1.59290
-33.250 -15.250  2.33543
-33.250 -14.750  3.00270
-33.250 -14.250  3.60043
-33.250 -13.750  4.13488
-33.250 -13.250  4.61248
-33.250 -12.750  5.03953
-33.250 -12.250  5.42204
-33.250 -11.750  5.76561
-33.250 -11.250  6.07530
-33.250 -10.750  6.35565
-33.250 -10.250  6.61063
-33.250 -9.750  6.84367
-33.250 -9.250  7.05769
-33.250 -8.750  7.25509
-33.250 -8.250  7.43785
-33.250 -7.750  7.60752
-33.250 -7.250  7.76531
-33.250 -6.750  7.91210
-33.250 -6.250  8.04850
-33.250 -5.750  8.17492
-33.250 -5.250  8.29153
-33.250 -4.750  8.39841
-33.250 -4.250  8.49546
-33.250 -3.750  8.58256
-33.250 -3.250  8.65950
-33.250 -2.750  8.72604
-33.250 -2.250  8.78194
-33.250 -1.750  8.82698
-33.250 -1.250  8.86095
-33.250 -0.750  8.88370
-33.250 -0.250  8.89510
-33.250 0.250  8.89510
-33.250 0.750  8.88370
-33.250 1.250  8.86095
-33.250 1.750  8.82698
-33.250 2.250  8.78194
-33.250 2.750  8.72604
-33.250 3.250  8.65950
-33.250 3.750  8.58256
-33.250 4.250  8.49546
-33.250 4.750  8.39841
-33.250 5.250  8.29153
-33.250 5.750  8.17492
-33.250 6.250  8.04850
-33.250 6.750  7.91210
-33.250 7.250  7.76531
-33.250 7.750  7.60752
-33.250 8.250  7.43785
-33.250 8.750  7.25509
-33.250 9.250  7.05769
-33.250 9.750  6.84367
-33.250 10.250  6.61063
-33.250 10.750  6.35565
-33.250 11.250  6.07530
-33.250 11.750  5.76561
-33.250 12.250  5.42204
-33.250 12.750  5.03953
-33.250 13.250  4.61248
-33.250 13.750  4.13488
-33.250 14.250  3.60043
-33.250 14.750  3.00270
-33.250 15.250  2.33543
-33.250 15.750  1.59290
-33.250 16.250  0.77043
-33.250 16.750 -0.13496
-33.250 17.250 -1.12378
-33.250 17.750 -2.19304
-33.250 18.250 -3.33518
-33.250 18.750 -4.53683
-33.250 19.250 -5.77767
-33.250 19.750 -7.02955
-33.250 20.250 -8.25622
-33.250 20.750 -9.41407
-33.250 21.250 -10.45445
-33.250 21.750 -11.32765
-33.250 22.250 -11.98870
-33.250 22.750 -12.40393
-33.250 23.250 -12.55692
-33.250 23.750 -12.45197
-33.250 24.250 -12.11368
-33.250 24.750 -11.58263
-33.250 25.250 -10.90835
-33.250 25.750 -10.14184
-33.250 26.250 -9.32951
-33.250 26.750 -8.50946
-33.250 27.250 -7.71022
-33.250 27.750 -6.95115
-33.250 28.250 -6.24393
-33.250 28.750 -5.59428
-33.250 29.250 -5.00370
-33.250 29.750 -4.47085
-33.250 30.250 -3.99263
-33.250 30.750 -3.56502
-33.250 31.250 -3.18357
-33.250 31.750 -2.84380
-33.250 32.250 -2.54135
-33.250 32.750 -2.27216
-33.250 33.250 -2.03250
-33.250 33.750 -1.81902
-33.250 34.250 -1.62870
-33.250 34.750 -1.45886
-33.250 35.250 -1.30713
-33.250 35.750 -1.17143
-33.250 36.250 -1.04992
-33.250 36.750 -0.94098
-33.250 37.250 -0.84320
-33.250 37.750 -0.75533
-33.250 38.250 -0.67627
-33.250 38.750 -0.60505
-33.250 39.250 -0.54083
-33.250 39.750 -0.48286
-33.250 40.250 -0.43048
-33.250 40.750 -0.38311
-33.250 41.250 -0.34022
-33.250 41.750 -0.30136
-33.250 42.250 -0.26613
-33.250 42.750 -0.23415
-33.250 43.250 -0.20512
-33.250 43.750 -0.17874
-33.250 44.250 -0.15475
-33.250 44.750 -0.13293
-32.750 -44.750 -0.18117
-32.750 -44.250 -0.20525
-32.750 -43.750 -0.23162
-32.750 -43.250 -0.26051
-32.750 -42.750 -0.29219
-32.750 -42.250 -0.32694
-32.750 -41.750 -0.36510
-32.750 -41.250 -0.40703
-32.750 -40.750 -0.45313
-32.750 -40.250 -0.50386
-32.750 -39.750 -0.55974
-32.750 -39.250 -0.62134
-32.750 -38.750 -0.68932
-32.750 -38.250 -0.76440
-32.750 -37.750 -0.84740
-32.750 -37.250 -0.93925
-32.750 -36.750 -1.04099
-32.750 -36.250 -1.15381
-32.750 -35.750 -1.27903
-32.750 -35.250 -1.41813
-32.750 -34.750 -1.57280
-32.750 -34.250 -1.74491
-32.750 -33.750 -1.93656
-32.750 -33.250 -2.15005
-32.750 -32.750 -2.38796
-32.750 -32.250 -2.65306
-32.750 -31.750 -2.94834
-32.750 -31.250 -3.27693
-32.750 -30.750 -3.64202
-32.750 -30.250 -4.04668
-32.750 -29.750 -4.49367
-32.750 -29.250 -4.98501
-32.750 -28.750 -5.52154
-32.750 -28.250 -6.10226
-32.750 -27.750 -6.72344
-32.750 -27.250 -7.37762
-32.750 -26.750 -8.05257
-32.750 -26.250 -8.73026
-32.750 -25.750 -9.38634
-32.750 -25.250 -9.99035
-32.750 -24.750 -10.50711
-32.750 -24.250 -10.89961
-32.750 -23.750 -11.13307
-32.750 -23.250 -11.17960
-32.750 -22.750 -11.02244
-32.750 -22.250 -10.65857
-32.750 -21.750 -10.09904
-32.750 -21.250 -9.36706
-32.750 -20.750 -8.49444
-32.750 -20.250 -7.51744
-32.750 -19.750 -6.47287
-32.750 -19.250 -5.39501
-32.750 -18.750 -4.31365
-32.750 -18.250 -3.25311
-32.750 -17.750 -2.23200
-32.750 -17.250 -1.26363
-32.750 -16.750 -0.35657
-32.750 -16.250  0.48450
-32.750 -15.750  1.25799
-32.750 -15.250  1.96473
-32.750 -14.750  2.60724
-32.750 -14.250  3.18922
-32.750 -13.750  3.71508
-32.750 -13.250  4.18965
-32.750 -12.750  4.61783
-32.750 -12.250  5.00446
-32.750 -11.750  5.35414
-32.750 -11.250  5.67114
-32.750 -10.750  5.95936
-32.750 -10.250  6.22228
-32.750 -9.750  6.46297
-32.750 -9.250  6.68405
-32.750 -8.750  6.88778
-32.750 -8.250  7.07600
-32.750 -7.750  7.25023
-32.750 -7.250  7.41167
-32.750 -6.750  7.56125
-32.750 -6.250  7.69964
-32.750 -5.750  7.82731
-32.750 -5.250  7.94457
-32.750 -4.750  8.05157
-32.750 -4.250  8.14836
-32.750 -3.750  8.23490
-32.750 -3.250  8.31108
-32.750 -2.750  8.37678
-32.750 -2.250  8.43184
-32.750 -1.750  8.47611
-32.750 -1.250  8.50944
-32.750 -0.750  8.53174
-32.750 -0.250  8.54290
-32.750 0.250  8.54290
-32.750 0.750  8.53174
-32.750 1.250  8.50944
-32.750 1.750  8.47611
-32.750 2.250  8.43184
-32.750 2.750  8.37678
-32.750 3.250  8.31108
-32.750 3.750  8.23490
-32.750 4.250  8.14836
-32.750 4.750  8.05157
-32.750 5.250  7.94457
-32.750 5.750  7.82731
-32.750 6.250  7.69964
-32.750 6.750  7.56125
-32.750 7.250  7.41167
-32.750 7.750  7.25023
-32.750 8.250  7.07600
-32.750 8.750  6.88778
-32.750 9.250  6.68405
-32.750 9.750  6.46297
-32.750 10.250  6.22228
-32.750 10.750  5.95936
-32.750 11.250  5.67114
-32.750 11.750  5.35414
-32.750 12.250  5.00446
-32.750 12.750  4.61783
-32.750 13.250  4.18965
-32.750 13.750  3.71508
-32.750 14.250  3.18922
-32.750 14.750  2.60724
-32.750 15.250  1.96473
-32.750 15.750  1.25799
-32.750 16.250  0.48450
-32.750 16.750 -0.35657
-32.750 17.250 -1.26363
-32.750 17.750 -2.23200
-32.750 18.250 -3.25311
-32.750 18.750 -4.31365
-32.750 19.250 -5.39501
-32.750 19.750 -6.47287
-32.750 20.250 -7.51744
-32.750 20.750 -8.49444
-32.750 21.250 -9.36706
-32.750 21.750 -10.09904
-32.750 22.250 -10.65857
-32.750 22.750 -11.02244
-32.750 23.250 -11.17960
-32.750 23.750 -11.13307
-32.750 24.250 -10.89961
-32.750 24.750 -10.50711
-32.750 25.250 -9.99035
-32.750 25.750 -9.38634
-32.750 26.250 -8.73026
-32.750 26.750 -8.05257
-32.750 27.250 -7.37762
-32.750 27.750 -6.72344
-32.750 28.250 -6.10226
-32.750 28.750 -5.52154
-32.750 29.250 -4.98501
-32.750 29.750 -4.49367
-32.750 30.250 -4.04668
-32.750 30.750 -3.64202
-32.750 31.250 -3.27693
-32.750 31.750 -2.94834
-32.750 32.250 -2.65306
-32.750 32.750 -2.38796
-32.750 33.250 -2.15005
-32.750 33.750 -1.93656
-32.750 34.250 -1.74491
-32.750 34.750 -1.57280
-32.750 35.250 -1.41813
-32.750 35.750 -1.27903
-32.750 36.250 -1.15381
-32.750 36.750 -1.04099
-32.750 37.250 -0.93925
-32.750 37.750 -0.84740
-32.750 38.250 -0.76440
-32.750 38.750 -0.68932
-32.750 39.250 -0.62134
-32.750 39.750 -0.55974
-32.750 40.250 -0.50386
-32.750 40.750 -0.45313
-32.750 41.250 -0.40703
-32.750 41.750 -0.36510
-32.750 42.250 -0.32694
-32.750 42.750 -0.29219
-32.750 43.250 -0.26051
-32.750 43.750 -0.23162
-32.750 44.250 -0.20525
-32.750 44.750 -0.18117
-32.250 -44.750 -0.22733
-32.250 -44.250 -0.25346
-32.250 -43.750 -0.28198
-32.250 -43.250 -0.31312
-32.250 -42.750 -0.34715
-32.250 -42.250 -0.38436
-32.250 -41.750 -0.42508
-32.250 -41.250 -0.46967
-32.250 -40.750 -0.51852
-32.250 -40.250 -0.57210
-32.250 -39.750 -0.63091
-32.250 -39.250 -0.69550
-32.250 -38.750 -0.76650
-32.250 -38.250 -0.84462
-32.250 -37.750 -0.93063
-32.250 -37.250 -1.02542
-32.250 -36.750 -1.12995
-32.250 -36.250 -1.24533
-32.250 -35.750 -1.37277
-32.250 -35.250 -1.51361
-32.250 -34.750 -1.66935
-32.250 -34.250 -1.84164
-32.250 -33.750 -2.03228
-32.250 -33.250 -2.24324
-32.250 -32.750 -2.47661
-32.250 -32.250 -2.73462
-32.250 -31.750 -3.01958
-32.250 -31.250 -3.33377
-32.250 -30.750 -3.67938
-32.250 -30.250 -4.05831
-32.250 -29.750 -4.47194
-32.250 -29.250 -4.92080
-32.250 -28.750 -5.40417
-32.250 -28.250 -5.91953
-32.250 -27.750 -6.46191
-32.250 -27.250 -7.02329
-32.250 -26.750 -7.59185
-32.250 -26.250 -8.15158
-32.250 -25.750 -8.68211
-32.250 -25.250 -9.15924
-32.250 -24.750 -9.55619
-32.250 -24.250 -9.84575
-32.250 -23.750 -10.00299
-32.250 -23.250 -10.00832
-32.250 -22.750 -9.85007
-32.250 -22.250 -9.52617
-32.250 -21.750 -9.04434
-32.250 -21.250 -8.42104
-32.250 -20.750 -7.67924
-32.250 -20.250 -6.84578
-32.250 -19.750 -5.94868
-32.250 -19.250 -5.01490
-32.250 -18.750 -4.06869
-32.250 -18.250 -3.13069
-32.250 -17.750 -2.21745
-32.250 -17.250 -1.34150
-32.250 -16.750 -0.51165
-32.250 -16.250  0.26652
-32.250 -15.750  0.99013
-32.250 -15.250  1.65846
-32.250 -14.750  2.27244
-32.250 -14.250  2.83417
-32.250 -13.750  3.34660
-32.250 -13.250  3.81319
-32.250 -12.750  4.23766
-32.250 -12.250  4.62378
-32.250 -11.750  4.97527
-32.250 -11.250  5.29568
-32.250 -10.750  5.58829
-32.250 -10.250  5.85611
-32.250 -9.750  6.10180
-32.250 -9.250  6.32772
-32.250 -8.750  6.53591
-32.250 -8.250  6.72809
-32.250 -7.750  6.90568
-32.250 -7.250  7.06986
-32.250 -6.750  7.22155
-32.250 -6.250  7.36146
-32.250 -5.750  7.49010
-32.250 -5.250  7.60785
-32.250 -4.750  7.71494
-32.250 -4.250  7.81150
-32.250 -3.750  7.89758
-32.250 -3.250  7.97315
-32.250 -2.750  8.03816
-32.250 -2.250  8.09253
-32.250 -1.750  8.13617
-32.250 -1.250  8.16898
-32.250 -0.750  8.19091
-32.250 -0.250  8.20188
-32.250 0.250  8.20188
-32.250 0.750  8.19091
-32.250 1.250  8.16898
-32.250 1.750  8.13617
-32.250 2.250  8.09253
-32.250 2.750  8.03816
-32.250 3.250  7.97315
-32.250 3.750  7.89758
-32.250 4.250  7.81150
-32.250 4.750  7.71494
-32.250 5.250  7.60785
-32.250 5.750  7.49010
-32.250 6.250  7.36146
-32.250 6.750  7.22155
-32.250 7.250  7.06986
-32.250 7.750  6.90568
-32.250 8.250  6.72809
-32.250 8.750  6.53591
-32.250 9.250  6.32772
-32.250 9.750  6.10180
-32.250 10.250  5.85611
-32.250 10.750  5.58829
-32.250 11.250  5.29568
-32.250 11.750  4.97527
-32.250 12.250  4.62378
-32.250 12.750  4.23766
-32.250 13.250  3.81319
-32.250 13.750  3.34660
-32.250 14.250  2.83417
-32.250 14.750  2.27244
-32.250 15.250  1.65846
-32.250 15.750  0.99013
-32.250 16.250  0.26652
-32.250 16.750 -0.51165
-32.250 17.250 -1.34150
-32.250 17.750 -2.21745
-32.250 18.250 -3.13069
-32.250 18.750 -4.06869
-32.250 19.250 -5.01490
-32.250 19.750 -5.94868
-32.250 20.250 -6.84578
-32.250 20.750 -7.67924
-32.250 21.250 -8.42104
-32.250 21.750 -9.04434
-32.250 22.250 -9.52617
-32.250 22.750 -9.85007
-32.250 23.250 -10.00832
-32.250 23.750 -10.00299
-32.250 24.250 -9.84575
-32.250 24.750 -9.55619
-32.250 25.250 -9.15924
-32.250 25.750 -8.68211
-32.250 26.250 -8.15158
-32.250 26.750 -7.59185
-32.250 27.250 -7.02329
-32.250 27.750 -6.46191
-32.250 28.250 -5.91953
-32.250 28.750 -5.40417
-32.250 29.250 -4.92080
-32.250 29.750 -4.47194
-32.250 30.250 -4.05831
-32.250 30.750 -3.67938
-32.250 31.250 -3.33377
-32.250 31.750 -3.01958
-32.250 32.250 -2.73462
-32.250 32.750 -2.47661
-32.250 33.250 -2.24324
-32.250 33.750 -2.03228
-32.250 34.250 -1.84164
-32.250 34.750 -1.66935
-32.250 35.250 -1.51361
-32.250 35.750 -1.37277
-32.250 36.250 -1.24533
-32.250 36.750 -1.12995
-32.250 37.250 -1.02542
-32.250 37.750 -0.93063
-32.250 38.250 -0.84462
-32.250 38.750 -0.76650
-32.250 39.250 -0.69550
-32.250 39.750 -0.63091
-32.250 40.250 -0.57210
-32.250 40.750 -0.51852
-32.250 41.250 -0.46967
-32.250 41.750 -0.42508
-32.250 42.250 -0.38436
-32.250 42.750 -0.34715
-32.250 43.250 -0.31312
-32.250 43.750 -0.28198
-32.250 44.250 -0.25346
-32.250 44.750 -0.22733
-31.750 -44.750 -0.27132
-31.750 -44.250 -0.29928
-31.750 -43.750 -0.32972
-31.750 -43.250 -0.36285
-31.750 -42.750 -0.39894
-31.750 -42.250 -0.43828
-31.750 -41.750 -0.48120
-31.750 -41.250 -0.52804
-31.750 -40.750 -0.57921
-31.750 -40.250 -0.63513
-31.750 -39.750 -0.69630
-31.750 -39.250 -0.76325
-31.750 -38.750 -0.83658
-31.750 -38.250 -0.91696
-31.750 -37.750 -1.00511
-31.750 -37.250 -1.10186
-31.750 -36.750 -1.20810
-31.750 -36.250 -1.32482
-31.750 -35.750 -1.45313
-31.750 -35.250 -1.59421
-31.750 -34.750 -1.74937
-31.750 -34.250 -1.92003
-31.750 -33.750 -2.10771
-31.750 -33.250 -2.31402
-31.750 -32.750 -2.54063
-31.750 -32.250 -2.78925
-31.750 -31.750 -3.06156
-31.750 -31.250 -3.35915
-31.750 -30.750 -3.68335
-31.750 -30.250 -4.03511
-31.750 -29.750 -4.41477
-31.750 -29.250 -4.82180
-31.750 -28.750 -5.25442
-31.750 -28.250 -5.70923
-31.750 -27.750 -6.18077
-31.750 -27.250 -6.66105
-31.750 -26.750 -7.13924
-31.750 -26.250 -7.60143
-31.750 -25.750 -8.03082
-31.750 -25.250 -8.40820
-31.750 -24.750 -8.71306
-31.750 -24.250 -8.92510
-31.750 -23.750 -9.02618
-31.750 -23.250 -9.00224
-31.750 -22.750 -8.84505
-31.750 -22.250 -8.55317
-31.750 -21.750 -8.13222
-31.750 -21.250 -7.59415
-31.750 -20.750 -6.95589
-31.750 -20.250 -6.23758
-31.750 -19.750 -5.46072
-31.750 -19.250 -4.64658
-31.750 -18.750 -3.81485
-31.750 -18.250 -2.98284
-31.750 -17.750 -2.16499
-31.750 -17.250 -1.37273
-31.750 -16.750 -0.61461
-31.750 -16.250  0.10345
-31.750 -15.750  0.77782
-31.750 -15.250  1.40675
-31.750 -14.750  1.99001
-31.750 -14.250  2.52850
-31.750 -13.750  3.02401
-31.750 -13.250  3.47887
-31.750 -12.750  3.89580
-31.750 -12.250  4.27769
-31.750 -11.750  4.62746
-31.750 -11.250  4.94798
-31.750 -10.750  5.24198
-31.750 -10.250  5.51199
-31.750 -9.750  5.76034
-31.750 -9.250  5.98907
-31.750 -8.750  6.20000
-31.750 -8.250  6.39471
-31.750 -7.750  6.57451
-31.750 -7.250  6.74051
-31.750 -6.750  6.89361
-31.750 -6.250  7.03451
-31.750 -5.750  7.16376
-31.750 -5.250  7.28177
-31.750 -4.750  7.38883
-31.750 -4.250  7.48512
-31.750 -3.750  7.57075
-31.750 -3.250  7.64577
-31.750 -2.750  7.71017
-31.750 -2.250  7.76395
-31.750 -1.750  7.80705
-31.750 -1.250  7.83942
-31.750 -0.750  7.86103
-31.750 -0.250  7.87185
-31.750 0.250  7.87185
-31.750 0.750  7.86103
-31.750 1.250  7.83942
-31.750 1.750  7.80705
-31.750 2.250  7.76395
-31.750 2.750  7.71017
-31.750 3.250  7.64577
-31.750 3.750  7.57075
-31.750 4.250  7.48512
-31.750 4.750  7.38883
-31.750 5.250  7.28177
-31.750 5.750  7.16376
-31.750 6.250  7.03451
-31.750 6.750  6.89361
-31.750 7.250  6.74051
-31.750 7.750  6.57451
-31.750 8.250  6.39471
-31.750 8.750  6.20000
-31.750 9.250  5.98907
-31.750 9.750  5.76034
-31.750 10.250  5.51199
-31.750 10.750  5.24198
-31.750 11.250  4.94798
-31.750 11.750  4.62746
-31.750 12.250  4.27769
-31.750 12.750  3.89580
-31.750 13.250  3.47887
-31.750 13.750  3.02401
-31.750 14.250  2.52850
-31.750 14.750  1.99001
-31.750 15.250  1.40675
-31.750 15.750  0.77782
-31.750 16.250  0.10345
-31.750 16.750 -0.61461
-31.750 17.250 -1.37273
-31.750 17.750 -2.16499
-31.750 18.250 -2.98284
-31.750 18.750 -3.81485
-31.750 19.250 -4.64658
-31.750 19.750 -5.46072
-31.750 20.250 -6.23758
-31.750 20.750 -6.95589
-31.750 21.250 -7.59415
-31.750 21.750 -8.13222
-31.750 22.250 -8.55317
-31.750 22.750 -8.84505
-31.750 23.250 -9.00224
-31.750 23.750 -9.02618
-31.750 24.250 -8.92510
-31.750 24.750 -8.71306
-31.750 25.250 -8.40820
-31.750 25.750 -8.03082
-31.750 26.250 -7.60143
-31.750 26.750 -7.13924
-31.750 27.250 -6.66105
-31.750 27.750 -6.18077
-31.750 28.250 -5.70923
-31.750 28.750 -5.25442
-31.750 29.250 -4.82180
-31.750 29.750 -4.41477
-31.750 30.250 -4.03511
-31.750 30.750 -3.68335
-31.750 31.250 -3.35915
-31.750 31.750 -3.06156
-31.750 32.250 -2.78925
-31.750 32.750 -2.54063
-31.750 33.250 -2.31402
-31.750 33.750 -2.10771
-31.750 34.250 -1.92003
-31.750 34.750 -1.74937
-31.750 35.250 -1.59421
-31.750 35.750 -1.45313
-31.750 36.250 -1.32482
-31.750 36.750 -1.20810
-31.750 37.250 -1.10186
-31.750 37.750 -1.00511
-31.750 38.250 -0.91696
-31.750 38.750 -0.83658
-31.750 39.250 -0.76325
-31.750 39.750 -0.69630
-31.750 40.250 -0.63513
-31.750 40.750 -0.57921
-31.750 41.250 -0.52804
-31.750 41.750 -0.48120
-31.750 42.250 -0.43828
-31.750 42.750 -0.39894
-31.750 43.250 -0.36285
-31.750 43.750 -0.32972
-31.750 44.250 -0.29928
-31.750 44.750 -0.27132
-31.250 -44.750 -0.31306
-31.250 -44.250 -0.34265
-31.250 -43.750 -0.37476
-31.250 -43.250 -0.40962
-31.250 -42.750 -0.44748
-31.250 -42.250 -0.48864
-31.250 -41.750 -0.53340
-31.250 -41.250 -0.58210
-31.250 -40.750 -0.63514
-31.250 -40.250 -0.69292
-31.250 -39.750 -0.75592
-31.250 -39.250 -0.82464
-31.250 -38.750 -0.89963
-31.250 -38.250 -0.98153
-31.250 -37.750 -1.07101
-31.250 -37.250 -1.16882
-31.250 -36.750 -1.27577
-31.250 -36.250 -1.39275
-31.250 -35.750 -1.52072
-31.250 -35.250 -1.66074
-31.250 -34.750 -1.81391
-31.250 -34.250 -1.98143
-31.250 -33.750 -2.16453
-31.250 -33.250 -2.36450
-31.250 -32.750 -2.58263
-31.250 -32.250 -2.82016
-31.250 -31.750 -3.07824
-31.250 -31.250 -3.35785
-31.250 -30.750 -3.65965
-31.250 -30.250 -3.98385
-31.250 -29.750 -4.33004
-31.250 -29.250 -4.69693
-31.250 -28.750 -5.08213
-31.250 -28.250 -5.48180
-31.250 -27.750 -5.89040
-31.250 -27.250 -6.30039
-31.250 -26.750 -6.70211
-31.250 -26.250 -7.08368
-31.250 -25.750 -7.43130
-31.250 -25.250 -7.72972
-31.250 -24.750 -7.96309
-31.250 -24.250 -8.11612
-31.250 -23.750 -8.17536
-31.250 -23.250 -8.13060
-31.250 -22.750 -7.97590
-31.250 -22.250 -7.71032
-31.250 -21.750 -7.33806
-31.250 -21.250 -6.86799
-31.250 -20.750 -6.31281
-31.250 -20.250 -5.68786
-31.250 -19.750 -5.00979
-31.250 -19.250 -4.29543
-31.250 -18.750 -3.56080
-31.250 -18.250 -2.82032
-31.250 -17.750 -2.08644
-31.250 -17.250 -1.36938
-31.250 -16.750 -0.67714
-31.250 -16.250 -0.01560
-31.250 -15.750  0.61121
-31.250 -15.250  1.20091
-31.250 -14.750  1.75247
-31.250 -14.250  2.26592
-31.250 -13.750  2.74211
-31.250 -13.250  3.18252
-31.250 -12.750  3.58901
-31.250 -12.250  3.96371
-31.250 -11.750  4.30886
-31.250 -11.250  4.62676
-31.250 -10.750  4.91961
-31.250 -10.250  5.18951
-31.250 -9.750  5.43844
-31.250 -9.250  5.66817
-31.250 -8.750  5.88029
-31.250 -8.250  6.07620
-31.250 -7.750  6.25711
-31.250 -7.250  6.42404
-31.250 -6.750  6.57783
-31.250 -6.250  6.71918
-31.250 -5.750  6.84864
-31.250 -5.250  6.96663
-31.250 -4.750  7.07347
-31.250 -4.250  7.16939
-31.250 -3.750  7.25453
-31.250 -3.250  7.32899
-31.250 -2.750  7.39282
-31.250 -2.250  7.44604
-31.250 -1.750  7.48865
-31.250 -1.250  7.52063
-31.250 -0.750  7.54196
-31.250 -0.250  7.55263
-31.250 0.250  7.55263
-31.250 0.750  7.54196
-31.250 1.250  7.52063
-31.250 1.750  7.48865
-31.250 2.250  7.44604
-31.250 2.750  7.39282
-31.250 3.250  7.32899
-31.250 3.750  7.25453
-31.250 4.250  7.16939
-31.250 4.750  7.07347
-31.250 5.250  6.96663
-31.250 5.750  6.84864
-31.250 6.250  6.71918
-31.250 6.750  6.57783
-31.250 7.250  6.42404
-31.250 7.750  6.25711
-31.250 8.250  6.07620
-31.250 8.750  5.88029
-31.250 9.250  5.66817
-31.250 9.750  5.43844
-31.250 10.250  5.18951
-31.250 10.750  4.91961
-31.250 11.250  4.62676
-31.250 11.750  4.30886
-31.250 12.250  3.96371
-31.250 12.750  3.58901
-31.250 13.250  3.18252
-31.250 13.750  2.74211
-31.250 14.250  2.26592
-31.250 14.750  1.75247
-31.250 15.250  1.20091
-31.250 15.750  0.61121
-31.250 16.250 -0.01560
-31.250 16.750 -0.67714
-31.250 17.250 -1.36938
-31.250 17.750 -2.08644
-31.250 18.250 -2.82032
-31.250 18.750 -3.56080
-31.250 19.250 -4.29543
-31.250 19.750 -5.00979
-31.250 20.250 -5.68786
-31.250 20.750 -6.31281
-31.250 21.250 -6.86799
-31.250 21.750 -7.33806
-31.250 22.250 -7.71032
-31.250 22.750 -7.97590
-31.250 23.250 -8.13060
-31.250 23.750 -8.17536
-31.250 24.250 -8.11612
-31.250 24.750 -7.96309
-31.250 25.250 -7.72972
-31.250 25.750 -7.43130
-31.250 26.250 -7.08368
-31.250 26.750 -6.70211
-31.250 27.250 -6.30039
-31.250 27.750 -5.89040
-31.250 28.250 -5.48180
-31.250 28.750 -5.08213
-31.250 29.250 -4.69693
-31.250 29.750 -4.33004
-31.250 30.250 -3.98385
-31.250 30.750 -3.65965
-31.250 31.250 -3.35785
-31.250 31.750 -3.07824
-31.250 32.250 -2.82016
-31.250 32.750 -2.58263
-31.250 33.250 -2.36450
-31.250 33.750 -2.16453
-31.250 34.250 -1.98143
-31.250 34.750 -1.81391
-31.250 35.250 -1.66074
-31.250 35.750 -1.52072
-31.250 36.250 -1.39275
-31.250 36.750 -1.27577
-31.250 37.250 -1.16882
-31.250 37.750 -1.07101
-31.250 38.250 -0.98153
-31.250 38.750 -0.89963
-31.250 39.250 -0.82464
-31.250 39.750 -0.75592
-31.250 40.250 -0.69292
-31.250 40.750 -0.63514
-31.250 41.250 -0.58210
-31.250 41.750 -0.53340
-31.250 42.250 -0.48864
-31.250 42.750 -0.44748
-31.250 43.250 -0.40962
-31.250 43.750 -0.37476
-31.250 44.250 -0.34265
-31.250 44.750 -0.31306
-30.750 -44.750 -0.35250
-30.750 -44.250 -0.38351
-30.750 -43.750 -0.41706
-30.750 -43.250 -0.45338
-30.750 -42.750 -0.49274
-30.750 -42.250 -0.53539
-30.750 -41.750 -0.58165
-30.750 -41.250 -0.63184
-30.750 -40.750 -0.68633
-30.750 -40.250 -0.74551
-30.750 -39.750 -0.80983
-30.750 -39.250 -0.87975
-30.750 -38.750 -0.95579
-30.750 -38.250 -1.03854
-30.750 -37.750 -1.12860
-30.750 -37.250 -1.22665
-30.750 -36.750 -1.33342
-30.750 -36.250 -1.44969
-30.750 -35.750 -1.57630
-30.750 -35.250 -1.71413
-30.750 -34.750 -1.86412
-30.750 -34.250 -2.02724
-30.750 -33.750 -2.20449
-30.750 -33.250 -2.39683
-30.750 -32.750 -2.60521
-30.750 -32.250 -2.83048
-30.750 -31.750 -3.07335
-30.750 -31.250 -3.33429
-30.750 -30.750 -3.61344
-30.750 -30.250 -3.91046
-30.750 -29.750 -4.22441
-30.750 -29.250 -4.55353
-30.750 -28.750 -4.89508
-30.750 -28.250 -5.24511
-30.750 -27.750 -5.59826
-30.750 -27.250 -5.94765
-30.750 -26.750 -6.28478
-30.750 -26.250 -6.59963
-30.750 -25.750 -6.88088
-30.750 -25.250 -7.11638
-30.750 -24.750 -7.29379
-30.750 -24.250 -7.40144
-30.750 -23.750 -7.42928
-30.750 -23.250 -7.36974
-30.750 -22.750 -7.21850
-30.750 -22.250 -6.97496
-30.750 -21.750 -6.64234
-30.750 -21.250 -6.22737
-30.750 -20.750 -5.73975
-30.750 -20.250 -5.19127
-30.750 -19.750 -4.59498
-30.750 -19.250 -3.96431
-30.750 -18.750 -3.31225
-30.750 -18.250 -2.65084
-30.750 -17.750 -1.99070
-30.750 -17.250 -1.34086
-30.750 -16.750 -0.70863
-30.750 -16.250 -0.09967
-30.750 -15.750  0.48192
-30.750 -15.250  1.03340
-30.750 -14.750  1.55318
-30.750 -14.250  2.04069
-30.750 -13.750  2.49607
-30.750 -13.250  2.92012
-30.750 -12.750  3.31402
-30.750 -12.250  3.67926
-30.750 -11.750  4.01753
-30.750 -11.250  4.33057
-30.750 -10.750  4.62015
-30.750 -10.250  4.88799
-30.750 -9.750  5.13572
-30.750 -9.250  5.36485
-30.750 -8.750  5.57676
-30.750 -8.250  5.77267
-30.750 -7.750  5.95366
-30.750 -7.250  6.12067
-30.750 -6.750  6.27447
-30.750 -6.250  6.41573
-30.750 -5.750  6.54497
-30.750 -5.250  6.66263
-30.750 -4.750  6.76902
-30.750 -4.250  6.86441
-30.750 -3.750  6.94898
-30.750 -3.250  7.02284
-30.750 -2.750  7.08608
-30.750 -2.250  7.13875
-30.750 -1.750  7.18088
-30.750 -1.250  7.21248
-30.750 -0.750  7.23354
-30.750 -0.250  7.24408
-30.750 0.250  7.24408
-30.750 0.750  7.23354
-30.750 1.250  7.21248
-30.750 1.750  7.18088
-30.750 2.250  7.13875
-30.750 2.750  7.08608
-30.750 3.250  7.02284
-30.750 3.750  6.94898
-30.750 4.250  6.86441
-30.750 4.750  6.76902
-30.750 5.250  6.66263
-30.750 5.750  6.54497
-30.750 6.250  6.41573
-30.750 6.750  6.27447
-30.750 7.250  6.12067
-30.750 7.750  5.95366
-30.750 8.250  5.77267
-30.750 8.750  5.57676
-30.750 9.250  5.36485
-30.750 9.750  5.13572
-30.750 10.250  4.88799
-30.750 10.750  4.62015
-30.750 11.250  4.33057
-30.750 11.750  4.01753
-30.750 12.250  3.67926
-30.750 12.750  3.31402
-30.750 13.250  2.92012
-30.750 13.750  2.49607
-30.750 14.250  2.04069
-30.750 14.750  1.55318
-30.750 15.250  1.03340
-30.750 15.750  0.48192
-30.750 16.250 -0.09967
-30.750 16.750 -0.70863
-30.750 17.250 -1.34086
-30.750 17.750 -1.99070
-30.750 18.250 -2.65084
-30.750 18.750 -3.31225
-30.750 19.250 -3.96431
-30.750 19.750 -4.59498
-30.750 20.250 -5.19127
-30.750 20.750 -5.73975
-30.750 21.250 -6.22737
-30.750 21.750 -6.64234
-30.750 22.250 -6.97496
-30.750 22.750 -7.21850
-30.750 23.250 -7.36974
-30.750 23.750 -7.42928
-30.750 24.250 -7.40144
-30.750 24.750 -7.29379
-30.750 25.250 -7.11638
-30.750 25.750 -6.88088
-30.750 26.250 -6.59963
-30.750 26.750 -6.28478
-30.750 27.250 -5.94765
-30.750 27.750 -5.59826
-30.750 28.250 -5.24511
-30.750 28.750 -4.89508
-30.750 29.250 -4.55353
-30.750 29.750 -4.22441
-30.750 30.250 -3.91046
-30.750 30.750 -3.61344
-30.750 31.250 -3.33429
-30.750 31.750 -3.07335
-30.750 32.250 -2.83048
-30.750 32.750 -2.60521
-30.750 33.250 -2.39683
-30.750 33.750 -2.20449
-30.750 34.250 -2.02724
-30.750 34.750 -1.86412
-30.750 35.250 -1.71413
-30.750 35.750 -1.57630
-30.750 36.250 -1.44969
-30.750 36.750 -1.33342
-30.750 37.250 -1.22665
-30.750 37.750 -1.12860
-30.750 38.250 -1.03854
-30.750 38.750 -0.95579
-30.750 39.250 -0.87975
-30.750 39.750 -0.80983
-30.750 40.250 -0.74551
-30.750 40.750 -0.68633
-30.750 41.250 -0.63184
-30.750 41.750 -0.58165
-30.750 42.250 -0.53539
-30.750 42.750 -0.49274
-30.750 43.250 -0.45338
-30.750 43.750 -0.41706
-30.750 44.250 -0.38351
-30.750 44.750 -0.35250
-30.250 -44.750 -0.38961
-30.250 -44.250 -0.42182
-30.250 -43.750 -0.45658
-30.250 -43.250 -0.49413
-30.250 -42.750 -0.53470
-30.250 -42.250 -0.57855
-30.250 -41.750 -0.62598
-30.250 -41.250 -0.67729
-30.250 -40.750 -0.73283
-30.250 -40.250 -0.79298
-30.250 -39.750 -0.85813
-30.250 -39.250 -0.92874
-30.250 -38.750 -1.00527
-30.250 -38.250 -1.08824
-30.250 -37.750 -1.17821
-30.250 -37.250 -1.27578
-30.250 -36.750 -1.38159
-30.250 -36.250 -1.49630
-30.250 -35.750 -1.62065
-30.250 -35.250 -1.75536
-30.250 -34.750 -1.90120
-30.250 -34.250 -2.05894
-30.250 -33.750 -2.22933
-30.250 -33.250 -2.41310
-30.250 -32.750 -2.61087
-30.250 -32.250 -2.82317
-30.250 -31.750 -3.05034
-30.250 -31.250 -3.29245
-30.250 -30.750 -3.54925
-30.250 -30.250 -3.82001
-30.250 -29.750 -4.10343
-30.250 -29.250 -4.39750
-30.250 -28.750 -4.69932
-30.250 -28.250 -5.00503
-30.250 -27.750 -5.30961
-30.250 -27.250 -5.60690
-30.250 -26.750 -5.88952
-30.250 -26.250 -6.14904
-30.250 -25.750 -6.37618
-30.250 -25.250 -6.56122
-30.250 -24.750 -6.69450
-30.250 -24.250 -6.76701
-30.250 -23.750 -6.77113
-30.250 -23.250 -6.70120
-30.250 -22.750 -6.55403
-30.250 -22.250 -6.32929
-30.250 -21.750 -6.02947
-30.250 -21.250 -5.65978
-30.250 -20.750 -5.22773
-30.250 -20.250 -4.74254
-30.250 -19.750 -4.21450
-30.250 -19.250 -3.65439
-30.250 -18.750 -3.07281
-30.250 -18.250 -2.47979
-30.250 -17.750 -1.88438
-30.250 -17.250 -1.29446
-30.250 -16.750 -0.71661
-30.250 -16.250 -0.15613
-30.250 -15.750  0.38295
-30.250 -15.250  0.89773
-30.250 -14.750  1.38631
-30.250 -14.250  1.84766
-30.250 -13.750  2.28145
-30.250 -13.250  2.68792
-30.250 -12.750  3.06771
-30.250 -12.250  3.42182
-30.250 -11.750  3.75142
-30.250 -11.250  4.05783
-30.250 -10.750  4.34241
-30.250 -10.250  4.60655
-30.250 -9.750  4.85157
-30.250 -9.250  5.07872
-30.250 -8.750  5.28919
-30.250 -8.250  5.48403
-30.250 -7.750  5.66418
-30.250 -7.250  5.83048
-30.250 -6.750  5.98364
-30.250 -6.250  6.12427
-30.250 -5.750  6.25287
-30.250 -5.250  6.36986
-30.250 -4.750  6.47558
-30.250 -4.250  6.57026
-30.250 -3.750  6.65412
-30.250 -3.250  6.72730
-30.250 -2.750  6.78991
-30.250 -2.250  6.84201
-30.250 -1.750  6.88365
-30.250 -1.250  6.91486
-30.250 -0.750  6.93566
-30.250 -0.250  6.94606
-30.250 0.250  6.94606
-30.250 0.750  6.93566
-30.250 1.250  6.91486
-30.250 1.750  6.88365
-30.250 2.250  6.84201
-30.250 2.750  6.78991
-30.250 3.250  6.72730
-30.250 3.750  6.65412
-30.250 4.250  6.57026
-30.250 4.750  6.47558
-30.250 5.250  6.36986
-30.250 5.750  6.25287
-30.250 6.250  6.12427
-30.250 6.750  5.98364
-30.250 7.250  5.83048
-30.250 7.750  5.66418
-30.250 8.250  5.48403
-30.250 8.750  5.28919
-30.250 9.250  5.07872
-30.250 9.750  4.85157
-30.250 10.250  4.60655
-30.250 10.750  4.34241
-30.250 11.250  4.05783
-30.250 11.750  3.75142
-30.250 12.250  3.42182
-30.250 12.750  3.06771
-30.250 13.250  2.68792
-30.250 13.750  2.28145
-30.250 14.250  1.84766
-30.250 14.750  1.38631
-30.250 15.250  0.89773
-30.250 15.750  0.38295
-30.250 16.250 -0.15613
-30.250 16.750 -0.71661
-30.250 17.250 -1.29446
-30.250 17.750 -1.88438
-30.250 18.250 -2.47979
-30.250 18.750 -3.07281
-30.250 19.250 -3.65439
-30.250 19.750 -4.21450
-30.250 20.250 -4.74254
-30.250 20.750 -5.22773
-30.250 21.250 -5.65978
-30.250 21.750 -6.02947
-30.250 22.250 -6.32929
-30.250 22.750 -6.55403
-30.250 23.250 -6.70120
-30.250 23.750 -6.77113
-30.250 24.250 -6.76701
-30.250 24.750 -6.69450
-30.250 25.250 -6.56122
-30.250 25.750 -6.37618
-30.250 26.250 -6.14904
-30.250 26.750 -5.88952
-30.250 27.250 -5.60690
-30.250 27.750 -5.30961
-30.250 28.250 -5.00503
-30.250 28.750 -4.69932
-30.250 29.250 -4.39750
-30.250 29.750 -4.10343
-30.250 30.250 -3.82001
-30.250 30.750 -3.54925
-30.250 31.250 -3.29245
-30.250 31.750 -3.05034
-30.250 32.250 -2.82317
-30.250 32.750 -2.61087
-30.250 33.250 -2.41310
-30.250 33.750 -2.22933
-30.250 34.250 -2.05894
-30.250 34.750 -1.90120
-30.250 35.250 -1.75536
-30.250 35.750 -1.62065
-30.250 36.250 -1.49630
-30.250 36.750 -1.38159
-30.250 37.250 -1.27578
-30.250 37.750 -1.17821
-30.250 38.250 -1.08824
-30.250 38.750 -1.00527
-30.250 39.250 -0.92874
-30.250 39.750 -0.85813
-30.250 40.250 -0.79298
-30.250 40.750 -0.73283
-30.250 41.250 -0.67729
-30.250 41.750 -0.62598
-30.250 42.250 -0.57855
-30.250 42.750 -0.53470
-30.250 43.250 -0.49413
-30.250 43.750 -0.45658
-30.250 44.250 -0.42182
-30.250 44.750 -0.38961
-29.750 -44.750 -0.42436
-29.750 -44.250 -0.45757
-29.750 -43.750 -0.49333
-29.750 -43.250 -0.53186
-29.750 -42.750 -0.57337
-29.750 -42.250 -0.61814
-29.750 -41.750 -0.66642
-29.750 -41.250 -0.71851
-29.750 -40.750 -0.77474
-29.750 -40.250 -0.83544
-29.750 -39.750 -0.90100
-29.750 -39.250 -0.97181
-29.750 -38.750 -1.04830
-29.750 -38.250 -1.13094
-29.750 -37.750 -1.22023
-29.750 -37.250 -1.31668
-29.750 -36.750 -1.42084
-29.750 -36.250 -1.53330
-29.750 -35.750 -1.65464
-29.750 -35.250 -1.78546
-29.750 -34.750 -1.92638
-29.750 -34.250 -2.07798
-29.750 -33.750 -2.24080
-29.750 -33.250 -2.41534
-29.750 -32.750 -2.60197
-29.750 -32.250 -2.80095
-29.750 -31.750 -3.01232
-29.750 -31.250 -3.23586
-29.750 -30.750 -3.47101
-29.750 -30.250 -3.71678
-29.750 -29.750 -3.97167
-29.750 -29.250 -4.23354
-29.750 -28.750 -4.49950
-29.750 -28.250 -4.76587
-29.750 -27.750 -5.02807
-29.750 -27.250 -5.28063
-29.750 -26.750 -5.51722
-29.750 -26.250 -5.73074
-29.750 -25.750 -5.91359
-29.750 -25.250 -6.05795
-29.750 -24.750 -6.15619
-29.750 -24.250 -6.20132
-29.750 -23.750 -6.18746
-29.750 -23.250 -6.11036
-29.750 -22.750 -5.96764
-29.750 -22.250 -5.75913
-29.750 -21.750 -5.48684
-29.750 -21.250 -5.15485
-29.750 -20.750 -4.76904
-29.750 -20.250 -4.33671
-29.750 -19.750 -3.86608
-29.750 -19.250 -3.36583
-29.750 -18.750 -2.84467
-29.750 -18.250 -2.31094
-29.750 -17.750 -1.77236
-29.750 -17.250 -1.23576
-29.750 -16.750 -0.70702
-29.750 -16.250 -0.19099
-29.750 -15.750  0.30845
-29.750 -15.250  0.78840
-29.750 -14.750  1.24679
-29.750 -14.250  1.68229
-29.750 -13.750  2.09423
-29.750 -13.250  2.48243
-29.750 -12.750  2.84713
-29.750 -12.250  3.18890
-29.750 -11.750  3.50851
-29.750 -11.250  3.80691
-29.750 -10.750  4.08512
-29.750 -10.250  4.34422
-29.750 -9.750  4.58526
-29.750 -9.250  4.80927
-29.750 -8.750  5.01723
-29.750 -8.250  5.21005
-29.750 -7.750  5.38853
-29.750 -7.250  5.55341
-29.750 -6.750  5.70532
-29.750 -6.250  5.84482
-29.750 -5.750  5.97237
-29.750 -5.250  6.08837
-29.750 -4.750  6.19314
-29.750 -4.250  6.28693
-29.750 -3.750  6.36994
-29.750 -3.250  6.44234
-29.750 -2.750  6.50423
-29.750 -2.250  6.55571
-29.750 -1.750  6.59684
-29.750 -1.250  6.62765
-29.750 -0.750  6.64818
-29.750 -0.250  6.65844
-29.750 0.250  6.65844
-29.750 0.750  6.64818
-29.750 1.250  6.62765
-29.750 1.750  6.59684
-29.750 2.250  6.55571
-29.750 2.750  6.50423
-29.750 3.250  6.44234
-29.750 3.750  6.36994
-29.750 4.250  6.28693
-29.750 4.750  6.19314
-29.750 5.250  6.08837
-29.750 5.750  5.97237
-29.750 6.250  5.84482
-29.750 6.750  5.70532
-29.750 7.250  5.55341
-29.750 7.750  5.38853
-29.750 8.250  5.21005
-29.750 8.750  5.01723
-29.750 9.250  4.80927
-29.750 9.750  4.58526
-29.750 10.250  4.34422
-29.750 10.750  4.08512
-29.750 11.250  3.80691
-29.750 11.750  3.50851
-29.750 12.250  3.18890
-29.750 12.750  2.84713
-29.750 13.250  2.48243
-29.750 13.750  2.09423
-29.750 14.250  1.68229
-29.750 14.750  1.24679
-29.750 15.250  0.78840
-29.750 15.750  0.30845
-29.750 16.250 -0.19099
-29.750 16.750 -0.70702
-29.750 17.250 -1.23576
-29.750 17.750 -1.77236
-29.750 18.250 -2.31094
-29.750 18.750 -2.84467
-29.750 19.250 -3.36583
-29.750 19.750 -3.86608
-29.750 20.250 -4.33671
-29.750 20.750 -4.76904
-29.750 21.250 -5.15485
-29.750 21.750 -5.48684
-29.750 22.250 -5.75913
-29.750 22.750 -5.96764
-29.750 23.250 -6.11036
-29.750 23.750 -6.18746
-29.750 24.250 -6.20132
-29.750 24.750 -6.15619
-29.750 25.250 -6.05795
-29.750 25.750 -5.91359
-29.750 26.250 -5.73074
-29.750 26.750 -5.51722
-29.750 27.250 -5.28063
-29.750 27.750 -5.02807
-29.750 28.250 -4.76587
-29.750 28.750 -4.49950
-29.750 29.250 -4.23354
-29.750 29.750 -3.97167
-29.750 30.250 -3.71678
-29.750 30.750 -3.47101
-29.750 31.250 -3.23586
-29.750 31.750 -3.01232
-29.750 32.250 -2.80095
-29.750 32.750 -2.60197
-29.750 33.250 -2.41534
-29.750 33.750 -2.24080
-29.750 34.250 -2.07798
-29.750 34.750 -1.92638
-29.750 35.250 -1.78546
-29.750 35.750 -1.65464
-29.750 36.250 -1.53330
-29.750 36.750 -1.42084
-29.750 37.250 -1.31668
-29.750 37.750 -1.22023
-29.750 38.250 -1.13094
-29.750 38.750 -1.04830
-29.750 39.250 -0.97181
-29.750 39.750 -0.90100
-29.750 40.250 -0.83544
-29.750 40.750 -0.77474
-29.750 41.250 -0.71851
-29.750 41.750 -0.66642
-29.750 42.250 -0.61814
-29.750 42.750 -0.57337
-29.750 43.250 -0.53186
-29.750 43.750 -0.49333
-29.750 44.250 -0.45757
-29.750 44.750 -0.42436
-29.250 -44.750 -0.45676
-29.250 -44.250 -0.49078
-29.250 -43.750 -0.52732
-29.250 -43.250 -0.56659
-29.250 -42.750 -0.60881
-29.250 -42.250 -0.65421
-29.250 -41.750 -0.70305
-29.250 -41.250 -0.75561
-29.250 -40.750 -0.81217
-29.250 -40.250 -0.87306
-29.250 -39.750 -0.93861
-29.250 -39.250 -1.00919
-29.250 -38.750 -1.08519
-29.250 -38.250 -1.16701
-29.250 -37.750 -1.25509
-29.250 -37.250 -1.34986
-29.250 -36.750 -1.45181
-29.250 -36.250 -1.56141
-29.250 -35.750 -1.67914
-29.250 -35.250 -1.80547
-29.250 -34.750 -1.94088
-29.250 -34.250 -2.08577
-29.250 -33.750 -2.24054
-29.250 -33.250 -2.40545
-29.250 -32.750 -2.58070
-29.250 -32.250 -2.76630
-29.250 -31.750 -2.96207
-29.250 -31.250 -3.16758
-29.250 -30.750 -3.38205
-29.250 -30.250 -3.60434
-29.250 -29.750 -3.83282
-29.250 -29.250 -4.06534
-29.250 -28.750 -4.29911
-29.250 -28.250 -4.53072
-29.250 -27.750 -4.75603
-29.250 -27.250 -4.97022
-29.250 -26.750 -5.16788
-29.250 -26.250 -5.34306
-29.250 -25.750 -5.48952
-29.250 -25.250 -5.60091
-29.250 -24.750 -5.67119
-29.250 -24.250 -5.69486
-29.250 -23.750 -5.66738
-29.250 -23.250 -5.58548
-29.250 -22.750 -5.44742
-29.250 -22.250 -5.25312
-29.250 -21.750 -5.00421
-29.250 -21.250 -4.70396
-29.250 -20.750 -4.35704
-29.250 -20.250 -3.96927
-29.250 -19.750 -3.54728
-29.250 -19.250 -3.09812
-29.250 -18.750 -2.62897
-29.250 -18.250 -2.14681
-29.250 -17.750 -1.65818
-29.250 -17.250 -1.16902
-29.250 -16.750 -0.68453
-29.250 -16.250 -0.20912
-29.250 -15.750  0.25359
-29.250 -15.250  0.70076
-29.250 -14.750  1.13025
-29.250 -14.250  1.54058
-29.250 -13.750  1.93082
-29.250 -13.250  2.30049
-29.250 -12.750  2.64953
-29.250 -12.250  2.97815
-29.250 -11.750  3.28683
-29.250 -11.250  3.57619
-29.250 -10.750  3.84695
-29.250 -10.250  4.09994
-29.250 -9.750  4.33596
-29.250 -9.250  4.55586
-29.250 -8.750  4.76042
-29.250 -8.250  4.95039
-29.250 -7.750  5.12647
-29.250 -7.250  5.28928
-29.250 -6.750  5.43940
-29.250 -6.250  5.57730
-29.250 -5.750  5.70342
-29.250 -5.250  5.81811
-29.250 -4.750  5.92167
-29.250 -4.250  6.01436
-29.250 -3.750  6.09637
-29.250 -3.250  6.16787
-29.250 -2.750  6.22897
-29.250 -2.250  6.27977
-29.250 -1.750  6.32034
-29.250 -1.250  6.35073
-29.250 -0.750  6.37097
-29.250 -0.250  6.38108
-29.250 0.250  6.38108
-29.250 0.750  6.37097
-29.250 1.250  6.35073
-29.250 1.750  6.32034
-29.250 2.250  6.27977
-29.250 2.750  6.22897
-29.250 3.250  6.16787
-29.250 3.750  6.09637
-29.250 4.250  6.01436
-29.250 4.750  5.92167
-29.250 5.250  5.81811
-29.250 5.750  5.70342
-29.250 6.250  5.57730
-29.250 6.750  5.43940
-29.250 7.250  5.28928
-29.250 7.750  5.12647
-29.250 8.250  4.95039
-29.250 8.750  4.76042
-29.250 9.250  4.55586
-29.250 9.750  4.33596
-29.250 10.250  4.09994
-29.250 10.750  3.84695
-29.250 11.250  3.57619
-29.250 11.750  3.28683
-29.250 12.250  2.97815
-29.250 12.750  2.64953
-29.250 13.250  2.30049
-29.250 13.750  1.93082
-29.250 14.250  1.54058
-29.250 14.750  1.13025
-29.250 15.250  0.70076
-29.250 15.750  0.25359
-29.250 16.250 -0.20912
-29.250 16.750 -0.68453
-29.250 17.250 -1.16902
-29.250 17.750 -1.65818
-29.250 18.250 -2.14681
-29.250 18.750 -2.62897
-29.250 19.250 -3.09812
-29.250 19.750 -3.54728
-29.250 20.250 -3.96927
-29.250 20.750 -4.35704
-29.250 21.250 -4.70396
-29.250 21.750 -5.00421
-29.250 22.250 -5.25312
-29.250 22.750 -5.44742
-29.250 23.250 -5.58548
-29.250 23.750 -5.66738
-29.250 24.250 -5.69486
-29.250 24.750 -5.67119
-29.250 25.250 -5.60091
-29.250 25.750 -5.48952
-29.250 26.250 -5.34306
-29.250 26.750 -5.16788
-29.250 27.250 -4.97022
-29.250 27.750 -4.75603
-29.250 28.250 -4.53072
-29.250 28.750 -4.29911
-29.250 29.250 -4.06534
-29.250 29.750 -3.83282
-29.250 30.250 -3.60434
-29.250 30.750 -3.38205
-29.250 31.250 -3.16758
-29.250 31.750 -2.96207
-29.250 32.250 -2.76630
-29.250 32.750 -2.58070
-29.250 33.250 -2.40545
-29.250 33.750 -2.24054
-29.250 34.250 -2.08577
-29.250 34.750 -1.94088
-29.250 35.250 -1.80547
-29.250 35.750 -1.67914
-29.250 36.250 -1.56141
-29.250 36.750 -1.45181
-29.250 37.250 -1.34986
-29.250 37.750 -1.25509
-29.250 38.250 -1.16701
-29.250 38.750 -1.08519
-29.250 39.250 -1.00919
-29.250 39.750 -0.93861
-29.250 40.250 -0.87306
-29.250 40.750 -0.81217
-29.250 41.250 -0.75561
-29.250 41.750 -0.70305
-29.250 42.250 -0.65421
-29.250 42.750 -0.60881
-29.250 43.250 -0.56659
-29.250 43.750 -0.52732
-29.250 44.250 -0.49078
-29.250 44.750 -0.45676
-28.750 -44.750 -0.48682
-28.750 -44.250 -0.52146
-28.750 -43.750 -0.55858
-28.750 -43.250 -0.59838
-28.750 -42.750 -0.64106
-28.750 -42.250 -0.68685
-28.750 -41.750 -0.73598
-28.750 -41.250 -0.78870
-28.750 -40.750 -0.84528
-28.750 -40.250 -0.90601
-28.750 -39.750 -0.97120
-28.750 -39.250 -1.04117
-28.750 -38.750 -1.11626
-28.750 -38.250 -1.19683
-28.750 -37.750 -1.28324
-28.750 -37.250 -1.37588
-28.750 -36.750 -1.47514
-28.750 -36.250 -1.58139
-28.750 -35.750 -1.69503
-28.750 -35.250 -1.81641
-28.750 -34.750 -1.94587
-28.750 -34.250 -2.08369
-28.750 -33.750 -2.23010
-28.750 -33.250 -2.38521
-28.750 -32.750 -2.54904
-28.750 -32.250 -2.72144
-28.750 -31.750 -2.90204
-28.750 -31.250 -3.09026
-28.750 -30.750 -3.28520
-28.750 -30.250 -3.48560
-28.750 -29.750 -3.68983
-28.750 -29.250 -3.89577
-28.750 -28.750 -4.10079
-28.750 -28.250 -4.30176
-28.750 -27.750 -4.49498
-28.750 -27.250 -4.67627
-28.750 -26.750 -4.84097
-28.750 -26.250 -4.98411
-28.750 -25.750 -5.10053
-28.750 -25.250 -5.18510
-28.750 -24.750 -5.23295
-28.750 -24.250 -5.23976
-28.750 -23.750 -5.20196
-28.750 -23.250 -5.11706
-28.750 -22.750 -4.98373
-28.750 -22.250 -4.80199
-28.750 -21.750 -4.57318
-28.750 -21.250 -4.29993
-28.750 -20.750 -3.98602
-28.750 -20.250 -3.63613
-28.750 -19.750 -3.25565
-28.750 -19.250 -2.85036
-28.750 -18.750 -2.42621
-28.750 -18.250 -1.98903
-28.750 -17.750 -1.54442
-28.750 -17.250 -1.09749
-28.750 -16.750 -0.65283
-28.750 -16.250 -0.21443
-28.750 -15.750  0.21439
-28.750 -15.250  0.63089
-28.750 -14.750  1.03297
-28.750 -14.250  1.41905
-28.750 -13.750  1.78802
-28.750 -13.250  2.13924
-28.750 -12.750  2.47237
-28.750 -12.250  2.78739
-28.750 -11.750  3.08449
-28.750 -11.250  3.36406
-28.750 -10.750  3.62657
-28.750 -10.250  3.87261
-28.750 -9.750  4.10280
-28.750 -9.250  4.31777
-28.750 -8.750  4.51817
-28.750 -8.250  4.70461
-28.750 -7.750  4.87766
-28.750 -7.250  5.03785
-28.750 -6.750  5.18568
-28.750 -6.250  5.32156
-28.750 -5.750  5.44587
-28.750 -5.250  5.55895
-28.750 -4.750  5.66107
-28.750 -4.250  5.75246
-28.750 -3.750  5.83332
-28.750 -3.250  5.90379
-28.750 -2.750  5.96400
-28.750 -2.250  6.01405
-28.750 -1.750  6.05402
-28.750 -1.250  6.08395
-28.750 -0.750  6.10388
-28.750 -0.250  6.11384
-28.750 0.250  6.11384
-28.750 0.750  6.10388
-28.750 1.250  6.08395
-28.750 1.750  6.05402
-28.750 2.250  6.01405
-28.750 2.750  5.96400
-28.750 3.250  5.90379
-28.750 3.750  5.83332
-28.750 4.250  5.75246
-28.750 4.750  5.66107
-28.750 5.250  5.55895
-28.750 5.750  5.44587
-28.750 6.250  5.32156
-28.750 6.750  5.18568
-28.750 7.250  5.03785
-28.750 7.750  4.87766
-28.750 8.250  4.70461
-28.750 8.750  4.51817
-28.750 9.250  4.31777
-28.750 9.750  4.10280
-28.750 10.250  3.87261
-28.750 10.750  3.62657
-28.750 11.250  3.36406
-28.750 11.750  3.08449
-28.750 12.250  2.78739
-28.750 12.750  2.47237
-28.750 13.250  2.13924
-28.750 13.750  1.78802
-28.750 14.250  1.41905
-28.750 14.750  1.03297
-28.750 15.250  0.63089
-28.750 15.750  0.21439
-28.750 16.250 -0.21443
-28.750 16.750 -0.65283
-28.750 17.250 -1.09749
-28.750 17.750 -1.54442
-28.750 18.250 -1.98903
-28.750 18.750 -2.42621
-28.750 19.250 -2.85036
-28.750 19.750 -3.25565
-28.750 20.250 -3.63613
-28.750 20.750 -3.98602
-28.750 21.250 -4.29993
-28.750 21.750 -4.57318
-28.750 22.250 -4.80199
-28.750 22.750 -4.98373
-28.750 23.250 -5.11706
-28.750 23.750 -5.20196
-28.750 24.250 -5.23976
-28.750 24.750 -5.23295
-28.750 25.250 -5.18510
-28.750 25.750 -5.10053
-28.750 26.250 -4.98411
-28.750 26.750 -4.84097
-28.750 27.250 -4.67627
-28.750 27.750 -4.49498
-28.750 28.250 -4.30176
-28.750 28.750 -4.10079
-28.750 29.250 -3.89577
-28.750 29.750 -3.68983
-28.750 30.250 -3.48560
-28.750 30.750 -3.28520
-28.750 31.250 -3.09026
-28.750 31.750 -2.90204
-28.750 32.250 -2.72144
-28.750 32.750 -2.54904
-28.750 33.250 -2.38521
-28.750 33.750 -2.23010
-28.750 34.250 -2.08369
-28.750 34.750 -1.94587
-28.750 35.250 -1.81641
-28.750 35.750 -1.69503
-28.750 36.250 -1.58139
-28.750 36.750 -1.47514
-28.750 37.250 -1.37588
-28.750 37.750 -1.28324
-28.750 38.250 -1.19683
-28.750 38.750 -1.11626
-28.750 39.250 -1.04117
-28.750 39.750 -0.97120
-28.750 40.250 -0.90601
-28.750 40.750 -0.84528
-28.750 41.250 -0.78870
-28.750 41.750 -0.73598
-28.750 42.250 -0.68685
-28.750 42.750 -0.64106
-28.750 43.250 -0.59838
-28.750 43.750 -0.55858
-28.750 44.250 -0.52146
-28.750 44.750 -0.48682
-28.250 -44.750 -0.51458
-28.250 -44.250 -0.54966
-28.250 -43.750 -0.58717
-28.250 -43.250 -0.62729
-28.250 -42.750 -0.67022
-28.250 -42.250 -0.71615
-28.250 -41.750 -0.76531
-28.250 -41.250 -0.81793
-28.250 -40.750 -0.87424
-28.250 -40.250 -0.93451
-28.250 -39.750 -0.99902
-28.250 -39.250 -1.06803
-28.250 -38.750 -1.14186
-28.250 -38.250 -1.22080
-28.250 -37.750 -1.30517
-28.250 -37.250 -1.39529
-28.250 -36.750 -1.49146
-28.250 -36.250 -1.59399
-28.250 -35.750 -1.70317
-28.250 -35.250 -1.81926
-28.250 -34.750 -1.94248
-28.250 -34.250 -2.07301
-28.250 -33.750 -2.21093
-28.250 -33.250 -2.35623
-28.250 -32.750 -2.50879
-28.250 -32.250 -2.66832
-28.250 -31.750 -2.83435
-28.250 -31.250 -3.00617
-28.250 -30.750 -3.18280
-28.250 -30.250 -3.36298
-28.250 -29.750 -3.54505
-28.250 -29.250 -3.72701
-28.250 -28.750 -3.90643
-28.250 -28.250 -4.08045
-28.250 -27.750 -4.24580
-28.250 -27.250 -4.39884
-28.250 -26.750 -4.53559
-28.250 -26.250 -4.65188
-28.250 -25.750 -4.74344
-28.250 -25.250 -4.80609
-28.250 -24.750 -4.83590
-28.250 -24.250 -4.82942
-28.250 -23.750 -4.78387
-28.250 -23.250 -4.69728
-28.250 -22.750 -4.56868
-28.250 -22.250 -4.39813
-28.250 -21.750 -4.18676
-28.250 -21.250 -3.93672
-28.250 -20.750 -3.65108
-28.250 -20.250 -3.33365
-28.250 -19.750 -2.98886
-28.250 -19.250 -2.62146
-28.250 -18.750 -2.23641
-28.250 -18.250 -1.83863
-28.250 -17.750 -1.43288
-28.250 -17.250 -1.02358
-28.250 -16.750 -0.61478
-28.250 -16.250 -0.21003
-28.250 -15.750  0.18759
-28.250 -15.250  0.57555
-28.250 -14.750  0.95178
-28.250 -14.250  1.31467
-28.250 -13.750  1.66306
-28.250 -13.250  1.99612
-28.250 -12.750  2.31336
-28.250 -12.250  2.61456
-28.250 -11.750  2.89972
-28.250 -11.250  3.16899
-28.250 -10.750  3.42267
-28.250 -10.250  3.66114
-28.250 -9.750  3.88484
-28.250 -9.250  4.09426
-28.250 -8.750  4.28989
-28.250 -8.250  4.47221
-28.250 -7.750  4.64170
-28.250 -7.250  4.79879
-28.250 -6.750  4.94389
-28.250 -6.250  5.07737
-28.250 -5.750  5.19956
-28.250 -5.250  5.31075
-28.250 -4.750  5.41119
-28.250 -4.250  5.50109
-28.250 -3.750  5.58063
-28.250 -3.250  5.64996
-28.250 -2.750  5.70919
-28.250 -2.250  5.75842
-28.250 -1.750  5.79773
-28.250 -1.250  5.82716
-28.250 -0.750  5.84676
-28.250 -0.250  5.85656
-28.250 0.250  5.85656
-28.250 0.750  5.84676
-28.250 1.250  5.82716
-28.250 1.750  5.79773
-28.250 2.250  5.75842
-28.250 2.750  5.70919
-28.250 3.250  5.64996
-28.250 3.750  5.58063
-28.250 4.250  5.50109
-28.250 4.750  5.41119
-28.250 5.250  5.31075
-28.250 5.750  5.19956
-28.250 6.250  5.07737
-28.250 6.750  4.94389
-28.250 7.250  4.79879
-28.250 7.750  4.64170
-28.250 8.250  4.47221
-28.250 8.750  4.28989
-28.250 9.250  4.09426
-28.250 9.750  3.88484
-28.250 10.250  3.66114
-28.250 10.750  3.42267
-28.250 11.250  3.16899
-28.250 11.750  2.89972
-28.250 12.250  2.61456
-28.250 12.750  2.31336
-28.250 13.250  1.99612
-28.250 13.750  1.66306
-28.250 14.250  1.31467
-28.250 14.750  0.95178
-28.250 15.250  0.57555
-28.250 15.750  0.18759
-28.250 16.250 -0.21003
-28.250 16.750 -0.61478
-28.250 17.250 -1.02358
-28.250 17.750 -1.43288
-28.250 18.250 -1.83863
-28.250 18.750 -2.23641
-28.250 19.250 -2.62146
-28.250 19.750 -2.98886
-28.250 20.250 -3.33365
-28.250 20.750 -3.65108
-28.250 21.250 -3.93672
-28.250 21.750 -4.18676
-28.250 22.250 -4.39813
-28.250 22.750 -4.56868
-28.250 23.250 -4.69728
-28.250 23.750 -4.78387
-28.250 24.250 -4.82942
-28.250 24.750 -4.83590
-28.250 25.250 -4.80609
-28.250 25.750 -4.74344
-28.250 26.250 -4.65188
-28.250 26.750 -4.53559
-28.250 27.250 -4.39884
-28.250 27.750 -4.24580
-28.250 28.250 -4.08045
-28.250 28.750 -3.90643
-28.250 29.250 -3.72701
-28.250 29.750 -3.54505
-28.250 30.250 -3.36298
-28.250 30.750 -3.18280
-28.250 31.250 -3.00617
-28.250 31.750 -2.83435
-28.250 32.250 -2.66832
-28.250 32.750 -2.50879
-28.250 33.250 -2.35623
-28.250 33.750 -2.21093
-28.250 34.250 -2.07301
-28.250 34.750 -1.94248
-28.250 35.250 -1.81926
-28.250 35.750 -1.70317
-28.250 36.250 -1.59399
-28.250 36.750 -1.49146
-28.250 37.250 -1.39529
-28.250 37.750 -1.30517
-28.250 38.250 -1.22080
-28.250 38.750 -1.14186
-28.250 39.250 -1.06803
-28.250 39.750 -0.99902
-28.250 40.250 -0.93451
-28.250 40.750 -0.87424
-28.250 41.250 -0.81793
-28.250 41.750 -0.76531
-28.250 42.250 -0.71615
-28.250 42.750 -0.67022
-28.250 43.250 -0.62729
-28.250 43.750 -0.58717
-28.250 44.250 -0.54966
-28.250 44.750 -0.51458
-27.750 -44.750 -0.54007
-27.750 -44.250 -0.57542
-27.750 -43.750 -0.61314
-27.750 -43.250 -0.65340
-27.750 -42.750 -0.69637
-27.750 -42.250 -0.74224
-27.750 -41.750 -0.79120
-27.750 -41.250 -0.84346
-27.750 -40.750 -0.89925
-27.750 -40.250 -0.95879
-27.750 -39.750 -1.02232
-27.750 -39.250 -1.09009
-27.750 -38.750 -1.16234
-27.750 -38.250 -1.23935
-27.750 -37.750 -1.32136
-27.750 -37.250 -1.40863
-27.750 -36.750 -1.50141
-27.750 -36.250 -1.59993
-27.750 -35.750 -1.70439
-27.750 -35.250 -1.81497
-27.750 -34.750 -1.93179
-27.750 -34.250 -2.05492
-27.750 -33.750 -2.18435
-27.750 -33.250 -2.31997
-27.750 -32.750 -2.46154
-27.750 -32.250 -2.60867
-27.750 -31.750 -2.76082
-27.750 -31.250 -2.91720
-27.750 -30.750 -3.07681
-27.750 -30.250 -3.23838
-27.750 -29.750 -3.40032
-27.750 -29.250 -3.56074
-27.750 -28.750 -3.71740
-27.750 -28.250 -3.86774
-27.750 -27.750 -4.00888
-27.750 -27.250 -4.13765
-27.750 -26.750 -4.25066
-27.750 -26.250 -4.34440
-27.750 -25.750 -4.41532
-27.750 -25.250 -4.45999
-27.750 -24.750 -4.47524
-27.750 -24.250 -4.45830
-27.750 -23.750 -4.40696
-27.750 -23.250 -4.31970
-27.750 -22.750 -4.19577
-27.750 -22.250 -4.03527
-27.750 -21.750 -3.83918
-27.750 -21.250 -3.60925
-27.750 -20.750 -3.34801
-27.750 -20.250 -3.05861
-27.750 -19.750 -2.74469
-27.750 -19.250 -2.41021
-27.750 -18.750 -2.05931
-27.750 -18.250 -1.69615
-27.750 -17.750 -1.32480
-27.750 -17.250 -0.94910
-27.750 -16.750 -0.57258
-27.750 -16.250 -0.19844
-27.750 -15.750  0.17055
-27.750 -15.250  0.53202
-27.750 -14.750  0.88399
-27.750 -14.250  1.22488
-27.750 -13.750  1.55346
-27.750 -13.250  1.86885
-27.750 -12.750  2.17043
-27.750 -12.250  2.45782
-27.750 -11.750  2.73085
-27.750 -11.250  2.98953
-27.750 -10.750  3.23399
-27.750 -10.250  3.46444
-27.750 -9.750  3.68118
-27.750 -9.250  3.88454
-27.750 -8.750  4.07491
-27.750 -8.250  4.25265
-27.750 -7.750  4.41812
-27.750 -7.250  4.57170
-27.750 -6.750  4.71371
-27.750 -6.250  4.84447
-27.750 -5.750  4.96425
-27.750 -5.250  5.07330
-27.750 -4.750  5.17185
-27.750 -4.250  5.26008
-27.750 -3.750  5.33816
-27.750 -3.250  5.40622
-27.750 -2.750  5.46438
-27.750 -2.250  5.51271
-27.750 -1.750  5.55130
-27.750 -1.250  5.58020
-27.750 -0.750  5.59945
-27.750 -0.250  5.60906
-27.750 0.250  5.60906
-27.750 0.750  5.59945
-27.750 1.250  5.58020
-27.750 1.750  5.55130
-27.750 2.250  5.51271
-27.750 2.750  5.46438
-27.750 3.250  5.40622
-27.750 3.750  5.33816
-27.750 4.250  5.26008
-27.750 4.750  5.17185
-27.750 5.250  5.07330
-27.750 5.750  4.96425
-27.750 6.250  4.84447
-27.750 6.750  4.71371
-27.750 7.250  4.57170
-27.750 7.750  4.41812
-27.750 8.250  4.25265
-27.750 8.750  4.07491
-27.750 9.250  3.88454
-27.750 9.750  3.68118
-27.750 10.250  3.46444
-27.750 10.750  3.23399
-27.750 11.250  2.98953
-27.750 11.750  2.73085
-27.750 12.250  2.45782
-27.750 12.750  2.17043
-27.750 13.250  1.86885
-27.750 13.750  1.55346
-27.750 14.250  1.22488
-27.750 14.750  0.88399
-27.750 15.250  0.53202
-27.750 15.750  0.17055
-27.750 16.250 -0.19844
-27.750 16.750 -0.57258
-27.750 17.250 -0.94910
-27.750 17.750 -1.32480
-27.750 18.250 -1.69615
-27.750 18.750 -2.05931
-27.750 19.250 -2.41021
-27.750 19.750 -2.74469
-27.750 20.250 -3.05861
-27.750 20.750 -3.34801
-27.750 21.250 -3.60925
-27.750 21.750 -3.83918
-27.750 22.250 -4.03527
-27.750 22.750 -4.19577
-27.750 23.250 -4.31970
-27.750 23.750 -4.40696
-27.750 24.250 -4.45830
-27.750 24.750 -4.47524
-27.750 25.250 -4.45999
-27.750 25.750 -4.41532
-27.750 26.250 -4.34440
-27.750 26.750 -4.25066
-27.750 27.250 -4.13765
-27.750 27.750 -4.00888
-27.750 28.250 -3.86774
-27.750 28.750 -3.71740
-27.750 29.250 -3.56074
-27.750 29.750 -3.40032
-27.750 30.250 -3.23838
-27.750 30.750 -3.07681
-27.750 31.250 -2.91720
-27.750 31.750 -2.76082
-27.750 32.250 -2.60867
-27.750 32.750 -2.46154
-27.750 33.250 -2.31997
-27.750 33.750 -2.18435
-27.750 34.250 -2.05492
-27.750 34.750 -1.93179
-27.750 35.250 -1.81497
-27.750 35.750 -1.70439
-27.750 36.250 -1.59993
-27.750 36.750 -1.50141
-27.750 37.250 -1.40863
-27.750 37.750 -1.32136
-27.750 38.250 -1.23935
-27.750 38.750 -1.16234
-27.750 39.250 -1.09009
-27.750 39.750 -1.02232
-27.750 40.250 -0.95879
-27.750 40.750 -0.89925
-27.750 41.250 -0.84346
-27.750 41.750 -0.79120
-27.750 42.250 -0.74224
-27.750 42.750 -0.69637
-27.750 43.250 -0.65340
-27.750 43.750 -0.61314
-27.750 44.250 -0.57542
-27.750 44.750 -0.54007
-27.250 -44.750 -0.56334
-27.250 -44.250 -0.59882
-27.250 -43.750 -0.63659
-27.250 -43.250 -0.67680
-27.250 -42.750 -0.71962
-27.250 -42.250 -0.76522
-27.250 -41.750 -0.81378
-27.250 -41.250 -0.86547
-27.250 -40.750 -0.92050
-27.250 -40.250 -0.97907
-27.250 -39.750 -1.04138
-27.250 -39.250 -1.10765
-27.250 -38.750 -1.17808
-27.250 -38.250 -1.25289
-27.250 -37.750 -1.33229
-27.250 -37.250 -1.41647
-27.250 -36.750 -1.50563
-27.250 -36.250 -1.59992
-27.250 -35.750 -1.69948
-27.250 -35.250 -1.80442
-27.250 -34.750 -1.91477
-27.250 -34.250 -2.03052
-27.250 -33.750 -2.15157
-27.250 -33.250 -2.27773
-27.250 -32.750 -2.40869
-27.250 -32.250 -2.54398
-27.250 -31.750 -2.68301
-27.250 -31.250 -2.82496
-27.250 -30.750 -2.96882
-27.250 -30.250 -3.11335
-27.250 -29.750 -3.25705
-27.250 -29.250 -3.39816
-27.250 -28.750 -3.53464
-27.250 -28.250 -3.66420
-27.250 -27.750 -3.78429
-27.250 -27.250 -3.89219
-27.250 -26.750 -3.98500
-27.250 -26.250 -4.05975
-27.250 -25.750 -4.11348
-27.250 -25.250 -4.14339
-27.250 -24.750 -4.14687
-27.250 -24.250 -4.12170
-27.250 -23.750 -4.06611
-27.250 -23.250 -3.97892
-27.250 -22.750 -3.85956
-27.250 -22.250 -3.70816
-27.250 -21.750 -3.52554
-27.250 -21.250 -3.31318
-27.250 -20.750 -3.07319
-27.250 -20.250 -2.80816
-27.250 -19.750 -2.52112
-27.250 -19.250 -2.21538
-27.250 -18.750 -1.89444
-27.250 -18.250 -1.56183
-27.250 -17.750 -1.22103
-27.250 -17.250 -0.87537
-27.250 -16.750 -0.52795
-27.250 -16.250 -0.18162
-27.250 -15.750  0.16111
-27.250 -15.250  0.49805
-27.250 -14.750  0.82733
-27.250 -14.250  1.14743
-27.250 -13.750  1.45712
-27.250 -13.250  1.75545
-27.250 -12.750  2.04171
-27.250 -12.250  2.31545
-27.250 -11.750  2.57636
-27.250 -11.250  2.82432
-27.250 -10.750  3.05932
-27.250 -10.250  3.28145
-27.250 -9.750  3.49088
-27.250 -9.250  3.68783
-27.250 -8.750  3.87256
-27.250 -8.250  4.04534
-27.250 -7.750  4.20645
-27.250 -7.250  4.35618
-27.250 -6.750  4.49479
-27.250 -6.250  4.62253
-27.250 -5.750  4.73965
-27.250 -5.250  4.84635
-27.250 -4.750  4.94282
-27.250 -4.250  5.02922
-27.250 -3.750  5.10571
-27.250 -3.250  5.17239
-27.250 -2.750  5.22938
-27.250 -2.250  5.27675
-27.250 -1.750  5.31457
-27.250 -1.250  5.34290
-27.250 -0.750  5.36176
-27.250 -0.250  5.37119
-27.250 0.250  5.37119
-27.250 0.750  5.36176
-27.250 1.250  5.34290
-27.250 1.750  5.31457
-27.250 2.250  5.27675
-27.250 2.750  5.22938
-27.250 3.250  5.17239
-27.250 3.750  5.10571
-27.250 4.250  5.02922
-27.250 4.750  4.94282
-27.250 5.250  4.84635
-27.250 5.750  4.73965
-27.250 6.250  4.62253
-27.250 6.750  4.49479
-27.250 7.250  4.35618
-27.250 7.750  4.20645
-27.250 8.250  4.04534
-27.250 8.750  3.87256
-27.250 9.250  3.68783
-27.250 9.750  3.49088
-27.250 10.250  3.28145
-27.250 10.750  3.05932
-27.250 11.250  2.82432
-27.250 11.750  2.57636
-27.250 12.250  2.31545
-27.250 12.750  2.04171
-27.250 13.250  1.75545
-27.250 13.750  1.45712
-27.250 14.250  1.14743
-27.250 14.750  0.82733
-27.250 15.250  0.49805
-27.250 15.750  0.16111
-27.250 16.250 -0.18162
-27.250 16.750 -0.52795
-27.250 17.250 -0.87537
-27.250 17.750 -1.22103
-27.250 18.250 -1.56183
-27.250 18.750 -1.89444
-27.250 19.250 -2.21538
-27.250 19.750 -2.52112
-27.250 20.250 -2.80816
-27.250 20.750 -3.07319
-27.250 21.250 -3.31318
-27.250 21.750 -3.52554
-27.250 22.250 -3.70816
-27.250 22.750 -3.85956
-27.250 23.250 -3.97892
-27.250 23.750 -4.06611
-27.250 24.250 -4.12170
-27.250 24.750 -4.14687
-27.250 25.250 -4.14339
-27.250 25.750 -4.11348
-27.250 26.250 -4.05975
-27.250 26.750 -3.98500
-27.250 27.250 -3.89219
-27.250 27.750 -3.78429
-27.250 28.250 -3.66420
-27.250 28.750 -3.53464
-27.250 29.250 -3.39816
-27.250 29.750 -3.25705
-27.250 30.250 -3.11335
-27.250 30.750 -2.96882
-27.250 31.250 -2.82496
-27.250 31.750 -2.68301
-27.250 32.250 -2.54398
-27.250 32.750 -2.40869
-27.250 33.250 -2.27773
-27.250 33.750 -2.15157
-27.250 34.250 -2.03052
-27.250 34.750 -1.91477
-27.250 35.250 -1.80442
-27.250 35.750 -1.69948
-27.250 36.250 -1.59992
-27.250 36.750 -1.50563
-27.250 37.250 -1.41647
-27.250 37.750 -1.33229
-27.250 38.250 -1.25289
-27.250 38.750 -1.17808
-27.250 39.250 -1.10765
-27.250 39.750 -1.04138
-27.250 40.250 -0.97907
-27.250 40.750 -0.92050
-27.250 41.250 -0.86547
-27.250 41.750 -0.81378
-27.250 42.250 -0.76522
-27.250 42.750 -0.71962
-27.250 43.250 -0.67680
-27.250 43.750 -0.63659
-27.250 44.250 -0.59882
-27.250 44.750 -0.56334
-26.750 -44.750 -0.58447
-26.750 -44.250 -0.61992
-26.750 -43.750 -0.65758
-26.750 -43.250 -0.69759
-26.750 -42.750 -0.74010
-26.750 -42.250 -0.78526
-26.750 -41.750 -0.83322
-26.750 -41.250 -0.88415
-26.750 -40.750 -0.93823
-26.750 -40.250 -0.99561
-26.750 -39.750 -1.05649
-26.750 -39.250 -1.12104
-26.750 -38.750 -1.18943
-26.750 -38.250 -1.26184
-26.750 -37.750 -1.33842
-26.750 -37.250 -1.41933
-26.750 -36.750 -1.50470
-26.750 -36.250 -1.59463
-26.750 -35.750 -1.68920
-26.750 -35.250 -1.78845
-26.750 -34.750 -1.89234
-26.750 -34.250 -2.00080
-26.750 -33.750 -2.11367
-26.750 -33.250 -2.23068
-26.750 -32.750 -2.35146
-26.750 -32.250 -2.47553
-26.750 -31.750 -2.60224
-26.750 -31.250 -2.73076
-26.750 -30.750 -2.86012
-26.750 -30.250 -2.98911
-26.750 -29.750 -3.11634
-26.750 -29.250 -3.24016
-26.750 -28.750 -3.35876
-26.750 -28.250 -3.47007
-26.750 -27.750 -3.57188
-26.750 -27.250 -3.66182
-26.750 -26.750 -3.73740
-26.750 -26.250 -3.79612
-26.750 -25.750 -3.83552
-26.750 -25.250 -3.85327
-26.750 -24.750 -3.84723
-26.750 -24.250 -3.81561
-26.750 -23.750 -3.75698
-26.750 -23.250 -3.67042
-26.750 -22.750 -3.55551
-26.750 -22.250 -3.41238
-26.750 -21.750 -3.24174
-26.750 -21.250 -3.04485
-26.750 -20.750 -2.82346
-26.750 -20.250 -2.57975
-26.750 -19.750 -2.31626
-26.750 -19.250 -2.03577
-26.750 -18.750 -1.74124
-26.750 -18.250 -1.43568
-26.750 -17.750 -1.12208
-26.750 -17.250 -0.80334
-26.750 -16.750 -0.48219
-26.750 -16.250 -0.16114
-26.750 -15.750  0.15752
-26.750 -15.250  0.47178
-26.750 -14.750  0.77992
-26.750 -14.250  1.08045
-26.750 -13.750  1.37218
-26.750 -13.250  1.65413
-26.750 -12.750  1.92556
-26.750 -12.250  2.18593
-26.750 -11.750  2.43485
-26.750 -11.250  2.67209
-26.750 -10.750  2.89753
-26.750 -10.250  3.11117
-26.750 -9.750  3.31307
-26.750 -9.250  3.50334
-26.750 -8.750  3.68216
-26.750 -8.250  3.84969
-26.750 -7.750  4.00616
-26.750 -7.250  4.15177
-26.750 -6.750  4.28672
-26.750 -6.250  4.41122
-26.750 -5.750  4.52547
-26.750 -5.250  4.62962
-26.750 -4.750  4.72384
-26.750 -4.250  4.80828
-26.750 -3.750  4.88305
-26.750 -3.250  4.94825
-26.750 -2.750  5.00399
-26.750 -2.250  5.05033
-26.750 -1.750  5.08734
-26.750 -1.250  5.11505
-26.750 -0.750  5.13351
-26.750 -0.250  5.14273
-26.750 0.250  5.14273
-26.750 0.750  5.13351
-26.750 1.250  5.11505
-26.750 1.750  5.08734
-26.750 2.250  5.05033
-26.750 2.750  5.00399
-26.750 3.250  4.94825
-26.750 3.750  4.88305
-26.750 4.250  4.80828
-26.750 4.750  4.72384
-26.750 5.250  4.62962
-26.750 5.750  4.52547
-26.750 6.250  4.41122
-26.750 6.750  4.28672
-26.750 7.250  4.15177
-26.750 7.750  4.00616
-26.750 8.250  3.84969
-26.750 8.750  3.68216
-26.750 9.250  3.50334
-26.750 9.750  3.31307
-26.750 10.250  3.11117
-26.750 10.750  2.89753
-26.750 11.250  2.67209
-26.750 11.750  2.43485
-26.750 12.250  2.18593
-26.750 12.750  1.92556
-26.750 13.250  1.65413
-26.750 13.750  1.37218
-26.750 14.250  1.08045
-26.750 14.750  0.77992
-26.750 15.250  0.47178
-26.750 15.750  0.15752
-26.750 16.250 -0.16114
-26.750 16.750 -0.48219
-26.750 17.250 -0.80334
-26.750 17.750 -1.12208
-26.750 18.250 -1.43568
-26.750 18.750 -1.74124
-26.750 19.250 -2.03577
-26.750 19.750 -2.31626
-26.750 20.250 -2.57975
-26.750 20.750 -2.82346
-26.750 21.250 -3.04485
-26.750 21.750 -3.24174
-26.750 22.250 -3.41238
-26.750 22.750 -3.55551
-26.750 23.250 -3.67042
-26.750 23.750 -3.75698
-26.750 24.250 -3.81561
-26.750 24.750 -3.84723
-26.750 25.250 -3.85327
-26.750 25.750 -3.83552
-26.750 26.250 -3.79612
-26.750 26.750 -3.73740
-26.750 27.250 -3.66182
-26.750 27.750 -3.57188
-26.750 28.250 -3.47007
-26.750 28.750 -3.35876
-26.750 29.250 -3.24016
-26.750 29.750 -3.11634
-26.750 30.250 -2.98911
-26.750 30.750 -2.86012
-26.750 31.250 -2.73076
-26.750 31.750 -2.60224
-26.750 32.250 -2.47553
-26.750 32.750 -2.35146
-26.750 33.250 -2.23068
-26.750 33.750 -2.11367
-26.750 34.250 -2.00080
-26.750 34.750 -1.89234
-26.750 35.250 -1.78845
-26.750 35.750 -1.68920
-26.750 36.250 -1.59463
-26.750 36.750 -1.50470
-26.750 37.250 -1.41933
-26.750 37.750 -1.33842
-26.750 38.250 -1.26184
-26.750 38.750 -1.18943
-26.750 39.250 -1.12104
-26.750 39.750 -1.05649
-26.750 40.250 -0.99561
-26.750 40.750 -0.93823
-26.750 41.250 -0.88415
-26.750 41.750 -0.83322
-26.750 42.250 -0.78526
-26.750 42.750 -0.74010
-26.750 43.250 -0.69759
-26.750 43.750 -0.65758
-26.750 44.250 -0.61992
-26.750 44.750 -0.58447
-26.250 -44.750 -0.60352
-26.250 -44.250 -0.63882
-26.250 -43.750 -0.67623
-26.250 -43.250 -0.71589
-26.250 -42.750 -0.75793
-26.250 -42.250 -0.80248
-26.250 -41.750 -0.84969
-26.250 -41.250 -0.89969
-26.250 -40.750 -0.95263
-26.250 -40.250 -1.00867
-26.250 -39.750 -1.06794
-26.250 -39.250 -1.13059
-26.250 -38.750 -1.19677
-26.250 -38.250 -1.26661
-26.250 -37.750 -1.34023
-26.250 -37.250 -1.41773
-26.250 -36.750 -1.49920
-26.250 -36.250 -1.58470
-26.250 -35.750 -1.67424
-26.250 -35.250 -1.76781
-26.250 -34.750 -1.86533
-26.250 -34.250 -1.96666
-26.250 -33.750 -2.07159
-26.250 -33.250 -2.17982
-26.250 -32.750 -2.29094
-26.250 -32.250 -2.40442
-26.250 -31.750 -2.51961
-26.250 -31.250 -2.63571
-26.250 -30.750 -2.75175
-26.250 -30.250 -2.86661
-26.250 -29.750 -2.97898
-26.250 -29.250 -3.08737
-26.250 -28.750 -3.19012
-26.250 -28.250 -3.28543
-26.250 -27.750 -3.37133
-26.250 -27.250 -3.44578
-26.250 -26.750 -3.50666
-26.250 -26.250 -3.55184
-26.250 -25.750 -3.57926
-26.250 -25.250 -3.58697
-26.250 -24.750 -3.57324
-26.250 -24.250 -3.53659
-26.250 -23.750 -3.47588
-26.250 -23.250 -3.39037
-26.250 -22.750 -3.27976
-26.250 -22.250 -3.14419
-26.250 -21.750 -2.98428
-26.250 -21.250 -2.80110
-26.250 -20.750 -2.59612
-26.250 -20.250 -2.37118
-26.250 -19.750 -2.12843
-26.250 -19.250 -1.87022
-26.250 -18.750 -1.59906
-26.250 -18.250 -1.31755
-26.250 -17.750 -1.02825
-26.250 -17.250 -0.73369
-26.250 -16.750 -0.43628
-26.250 -16.250 -0.13824
-26.250 -15.750  0.15836
-26.250 -15.250  0.45169
-26.250 -14.750  0.74014
-26.250 -14.250  1.02232
-26.250 -13.750  1.29705
-26.250 -13.250  1.56337
-26.250 -12.750  1.82051
-26.250 -12.250  2.06788
-26.250 -11.750  2.30503
-26.250 -11.250  2.53166
-26.250 -10.750  2.74757
-26.250 -10.250  2.95265
-26.250 -9.750  3.14689
-26.250 -9.250  3.33033
-26.250 -8.750  3.50303
-26.250 -8.250  3.66512
-26.250 -7.750  3.81673
-26.250 -7.250  3.95801
-26.250 -6.750  4.08911
-26.250 -6.250  4.21018
-26.250 -5.750  4.32137
-26.250 -5.250  4.42282
-26.250 -4.750  4.51466
-26.250 -4.250  4.59700
-26.250 -3.750  4.66994
-26.250 -3.250  4.73358
-26.250 -2.750  4.78800
-26.250 -2.250  4.83325
-26.250 -1.750  4.86939
-26.250 -1.250  4.89646
-26.250 -0.750  4.91449
-26.250 -0.250  4.92350
-26.250 0.250  4.92350
-26.250 0.750  4.91449
-26.250 1.250  4.89646
-26.250 1.750  4.86939
-26.250 2.250  4.83325
-26.250 2.750  4.78800
-26.250 3.250  4.73358
-26.250 3.750  4.66994
-26.250 4.250  4.59700
-26.250 4.750  4.51466
-26.250 5.250  4.42282
-26.250 5.750  4.32137
-26.250 6.250  4.21018
-26.250 6.750  4.08911
-26.250 7.250  3.95801
-26.250 7.750  3.81673
-26.250 8.250  3.66512
-26.250 8.750  3.50303
-26.250 9.250  3.33033
-26.250 9.750  3.14689
-26.250 10.250  2.95265
-26.250 10.750  2.74757
-26.250 11.250  2.53166
-26.250 11.750  2.30503
-26.250 12.250  2.06788
-26.250 12.750  1.82051
-26.250 13.250  1.56337
-26.250 13.750  1.29705
-26.250 14.250  1.02232
-26.250 14.750  0.74014
-26.250 15.250  0.45169
-26.250 15.750  0.15836
-26.250 16.250 -0.13824
-26.250 16.750 -0.43628
-26.250 17.250 -0.73369
-26.250 17.750 -1.02825
-26.250 18.250 -1.31755
-26.250 18.750 -1.59906
-26.250 19.250 -1.87022
-26.250 19.750 -2.12843
-26.250 20.250 -2.37118
-26.250 20.750 -2.59612
-26.250 21.250 -2.80110
-26.250 21.750 -2.98428
-26.250 22.250 -3.14419
-26.250 22.750 -3.27976
-26.250 23.250 -3.39037
-26.250 23.750 -3.47588
-26.250 24.250 -3.53659
-26.250 24.750 -3.57324
-26.250 25.250 -3.58697
-26.250 25.750 -3.57926
-26.250 26.250 -3.55184
-26.250 26.750 -3.50666
-26.250 27.250 -3.44578
-26.250 27.750 -3.37133
-26.250 28.250 -3.28543
-26.250 28.750 -3.19012
-26.250 29.250 -3.08737
-26.250 29.750 -2.97898
-26.250 30.250 -2.86661
-26.250 30.750 -2.75175
-26.250 31.250 -2.63571
-26.250 31.750 -2.51961
-26.250 32.250 -2.40442
-26.250 32.750 -2.29094
-26.250 33.250 -2.17982
-26.250 33.750 -2.07159
-26.250 34.250 -1.96666
-26.250 34.750 -1.86533
-26.250 35.250 -1.76781
-26.250 35.750 -1.67424
-26.250 36.250 -1.58470
-26.250 36.750 -1.49920
-26.250 37.250 -1.41773
-26.250 37.750 -1.34023
-26.250 38.250 -1.26661
-26.250 38.750 -1.19677
-26.250 39.250 -1.13059
-26.250 39.750 -1.06794
-26.250 40.250 -1.00867
-26.250 40.750 -0.95263
-26.250 41.250 -0.89969
-26.250 41.750 -0.84969
-26.250 42.250 -0.80248
-26.250 42.750 -0.75793
-26.250 43.250 -0.71589
-26.250 43.750 -0.67623
-26.250 44.250 -0.63882
-26.250 44.750 -0.60352
-25.750 -44.750 -0.62057
-25.750 -44.250 -0.65559
-25.750 -43.750 -0.69264
-25.750 -43.250 -0.73182
-25.750 -42.750 -0.77325
-25.750 -42.250 -0.81706
-25.750 -41.750 -0.86336
-25.750 -41.250 -0.91228
-25.750 -40.750 -0.96395
-25.750 -40.250 -1.01848
-25.750 -39.750 -1.07600
-25.750 -39.250 -1.13662
-25.750 -38.750 -1.20046
-25.750 -38.250 -1.26760
-25.750 -37.750 -1.33815
-25.750 -37.250 -1.41216
-25.750 -36.750 -1.48967
-25.750 -36.250 -1.57071
-25.750 -35.750 -1.65525
-25.750 -35.250 -1.74321
-25.750 -34.750 -1.83449
-25.750 -34.250 -1.92891
-25.750 -33.750 -2.02621
-25.750 -33.250 -2.12606
-25.750 -32.750 -2.22802
-25.750 -32.250 -2.33157
-25.750 -31.750 -2.43605
-25.750 -31.250 -2.54068
-25.750 -30.750 -2.64454
-25.750 -30.250 -2.74657
-25.750 -29.750 -2.84556
-25.750 -29.250 -2.94017
-25.750 -28.750 -3.02891
-25.750 -28.250 -3.11017
-25.750 -27.750 -3.18223
-25.750 -27.250 -3.24332
-25.750 -26.750 -3.29163
-25.750 -26.250 -3.32534
-25.750 -25.750 -3.34273
-25.750 -25.250 -3.34217
-25.750 -24.750 -3.32223
-25.750 -24.250 -3.28169
-25.750 -23.750 -3.21965
-25.750 -23.250 -3.13551
-25.750 -22.750 -3.02905
-25.750 -22.250 -2.90042
-25.750 -21.750 -2.75016
-25.750 -21.250 -2.57920
-25.750 -20.750 -2.38878
-25.750 -20.250 -2.18046
-25.750 -19.750 -1.95607
-25.750 -19.250 -1.71762
-25.750 -18.750 -1.46725
-25.750 -18.250 -1.20718
-25.750 -17.750 -0.93966
-25.750 -17.250 -0.66687
-25.750 -16.750 -0.39095
-25.750 -16.250 -0.11387
-25.750 -15.750  0.16251
-25.750 -15.250  0.43653
-25.750 -14.750  0.70668
-25.750 -14.250  0.97166
-25.750 -13.750  1.23036
-25.750 -13.250  1.48181
-25.750 -12.750  1.72526
-25.750 -12.250  1.96007
-25.750 -11.750  2.18576
-25.750 -11.250  2.40197
-25.750 -10.750  2.60843
-25.750 -10.250  2.80498
-25.750 -9.750  2.99153
-25.750 -9.250  3.16804
-25.750 -8.750  3.33452
-25.750 -8.250  3.49103
-25.750 -7.750  3.63763
-25.750 -7.250  3.77443
-25.750 -6.750  3.90152
-25.750 -6.250  4.01901
-25.750 -5.750  4.12701
-25.750 -5.250  4.22563
-25.750 -4.750  4.31497
-25.750 -4.250  4.39511
-25.750 -3.750  4.46614
-25.750 -3.250  4.52814
-25.750 -2.750  4.58117
-25.750 -2.250  4.62527
-25.750 -1.750  4.66051
-25.750 -1.250  4.68690
-25.750 -0.750  4.70449
-25.750 -0.250  4.71327
-25.750 0.250  4.71327
-25.750 0.750  4.70449
-25.750 1.250  4.68690
-25.750 1.750  4.66051
-25.750 2.250  4.62527
-25.750 2.750  4.58117
-25.750 3.250  4.52814
-25.750 3.750  4.46614
-25.750 4.250  4.39511
-25.750 4.750  4.31497
-25.750 5.250  4.22563
-25.750 5.750  4.12701
-25.750 6.250  4.01901
-25.750 6.750  3.90152
-25.750 7.250  3.77443
-25.750 7.750  3.63763
-25.750 8.250  3.49103
-25.750 8.750  3.33452
-25.750 9.250  3.16804
-25.750 9.750  2.99153
-25.750 10.250  2.80498
-25.750 10.750  2.60843
-25.750 11.250  2.40197
-25.750 11.750  2.18576
-25.750 12.250  1.96007
-25.750 12.750  1.72526
-25.750 13.250  1.48181
-25.750 13.750  1.23036
-25.750 14.250  0.97166
-25.750 14.750  0.70668
-25.750 15.250  0.43653
-25.750 15.750  0.16251
-25.750 16.250 -0.11387
-25.750 16.750 -0.39095
-25.750 17.250 -0.66687
-25.750 17.750 -0.93966
-25.750 18.250 -1.20718
-25.750 18.750 -1.46725
-25.750 19.250 -1.71762
-25.750 19.750 -1.95607
-25.750 20.250 -2.18046
-25.750 20.750 -2.38878
-25.750 21.250 -2.57920
-25.750 21.750 -2.75016
-25.750 22.250 -2.90042
-25.750 22.750 -3.02905
-25.750 23.250 -3.13551
-25.750 23.750 -3.21965
-25.750 24.250 -3.28169
-25.750 24.750 -3.32223
-25.750 25.250 -3.34217
-25.750 25.750 -3.34273
-25.750 26.250 -3.32534
-25.750 26.750 -3.29163
-25.750 27.250 -3.24332
-25.750 27.750 -3.18223
-25.750 28.250 -3.11017
-25.750 28.750 -3.02891
-25.750 29.250 -2.94017
-25.750 29.750 -2.84556
-25.750 30.250 -2.74657
-25.750 30.750 -2.64454
-25.750 31.250 -2.54068
-25.750 31.750 -2.43605
-25.750 32.250 -2.33157
-25.750 32.750 -2.22802
-25.750 33.250 -2.12606
-25.750 33.750 -2.02621
-25.750 34.250 -1.92891
-25.750 34.750 -1.83449
-25.750 35.250 -1.74321
-25.750 35.750 -1.65525
-25.750 36.250 -1.57071
-25.750 36.750 -1.48967
-25.750 37.250 -1.41216
-25.750 37.750 -1.33815
-25.750 38.250 -1.26760
-25.750 38.750 -1.20046
-25.750 39.250 -1.13662
-25.750 39.750 -1.07600
-25.750 40.250 -1.01848
-25.750 40.750 -0.96395
-25.750 41.250 -0.91228
-25.750 41.750 -0.86336
-25.750 42.250 -0.81706
-25.750 42.750 -0.77325
-25.750 43.250 -0.73182
-25.750 43.750 -0.69264
-25.750 44.250 -0.65559
-25.750 44.750 -0.62057
-25.250 -44.750 -0.63571
-25.250 -44.250 -0.67034
-25.250 -43.750 -0.70690
-25.250 -43.250 -0.74549
-25.250 -42.750 -0.78620
-25.250 -42.250 -0.82914
-25.250 -41.750 -0.87442
-25.250 -41.250 -0.92214
-25.250 -40.750 -0.97240
-25.250 -40.250 -1.02530
-25.250 -39.750 -1.08095
-25.250 -39.250 -1.13943
-25.250 -38.750 -1.20082
-25.250 -38.250 -1.26519
-25.250 -37.750 -1.33260
-25.250 -37.250 -1.40307
-25.250 -36.750 -1.47662
-25.250 -36.250 -1.55322
-25.250 -35.750 -1.63281
-25.250 -35.250 -1.71529
-25.250 -34.750 -1.80051
-25.250 -34.250 -1.88826
-25.250 -33.750 -1.97826
-25.250 -33.250 -2.07016
-25.250 -32.750 -2.16351
-25.250 -32.250 -2.25777
-25.250 -31.750 -2.35232
-25.250 -31.250 -2.44639
-25.250 -30.750 -2.53913
-25.250 -30.250 -2.62954
-25.250 -29.750 -2.71652
-25.250 -29.250 -2.79884
-25.250 -28.750 -2.87517
-25.250 -28.250 -2.94409
-25.250 -27.750 -3.00410
-25.250 -27.250 -3.05365
-25.250 -26.750 -3.09120
-25.250 -26.250 -3.11519
-25.250 -25.750 -3.12418
-25.250 -25.250 -3.11680
-25.250 -24.750 -3.09185
-25.250 -24.250 -3.04836
-25.250 -23.750 -2.98558
-25.250 -23.250 -2.90303
-25.250 -22.750 -2.80056
-25.250 -22.250 -2.67833
-25.250 -21.750 -2.53682
-25.250 -21.250 -2.37680
-25.250 -20.750 -2.19937
-25.250 -20.250 -2.00585
-25.250 -19.750 -1.79781
-25.250 -19.250 -1.57695
-25.250 -18.750 -1.34513
-25.250 -18.250 -1.10427
-25.250 -17.750 -0.85631
-25.250 -17.250 -0.60318
-25.250 -16.750 -0.34674
-25.250 -16.250 -0.08877
-25.250 -15.750  0.16907
-25.250 -15.250  0.42525
-25.250 -14.750  0.67841
-25.250 -14.250  0.92733
-25.250 -13.750  1.17093
-25.250 -13.250  1.40830
-25.250 -12.750  1.63867
-25.250 -12.250  1.86140
-25.250 -11.750  2.07599
-25.250 -11.250  2.28203
-25.250 -10.750  2.47922
-25.250 -10.250  2.66733
-25.250 -9.750  2.84622
-25.250 -9.250  3.01578
-25.250 -8.750  3.17599
-25.250 -8.250  3.32684
-25.250 -7.750  3.46834
-25.250 -7.250  3.60055
-25.250 -6.750  3.72352
-25.250 -6.250  3.83733
-25.250 -5.750  3.94204
-25.250 -5.250  4.03772
-25.250 -4.750  4.12446
-25.250 -4.250  4.20233
-25.250 -3.750  4.27138
-25.250 -3.250  4.33167
-25.250 -2.750  4.38325
-25.250 -2.250  4.42617
-25.250 -1.750  4.46047
-25.250 -1.250  4.48616
-25.250 -0.750  4.50328
-25.250 -0.250  4.51184
-25.250 0.250  4.51184
-25.250 0.750  4.50328
-25.250 1.250  4.48616
-25.250 1.750  4.46047
-25.250 2.250  4.42617
-25.250 2.750  4.38325
-25.250 3.250  4.33167
-25.250 3.750  4.27138
-25.250 4.250  4.20233
-25.250 4.750  4.12446
-25.250 5.250  4.03772
-25.250 5.750  3.94204
-25.250 6.250  3.83733
-25.250 6.750  3.72352
-25.250 7.250  3.60055
-25.250 7.750  3.46834
-25.250 8.250  3.32684
-25.250 8.750  3.17599
-25.250 9.250  3.01578
-25.250 9.750  2.84622
-25.250 10.250  2.66733
-25.250 10.750  2.47922
-25.250 11.250  2.28203
-25.250 11.750  2.07599
-25.250 12.250  1.86140
-25.250 12.750  1.63867
-25.250 13.250  1.40830
-25.250 13.750  1.17093
-25.250 14.250  0.92733
-25.250 14.750  0.67841
-25.250 15.250  0.42525
-25.250 15.750  0.16907
-25.250 16.250 -0.08877
-25.250 16.750 -0.34674
-25.250 17.250 -0.60318
-25.250 17.750 -0.85631
-25.250 18.250 -1.10427
-25.250 18.750 -1.34513
-25.250 19.250 -1.57695
-25.250 19.750 -1.79781
-25.250 20.250 -2.00585
-25.250 20.750 -2.19937
-25.250 21.250 -2.37680
-25.250 21.750 -2.53682
-25.250 22.250 -2.67833
-25.250 22.750 -2.80056
-25.250 23.250 -2.90303
-25.250 23.750 -2.98558
-25.250 24.250 -3.04836
-25.250 24.750 -3.09185
-25.250 25.250 -3.11680
-25.250 25.750 -3.12418
-25.250 26.250 -3.11519
-25.250 26.750 -3.09120
-25.250 27.250 -3.05365
-25.250 27.750 -3.00410
-25.250 28.250 -2.94409
-25.250 28.750 -2.87517
-25.250 29.250 -2.79884
-25.250 29.750 -2.71652
-25.250 30.250 -2.62954
-25.250 30.750 -2.53913
-25.250 31.250 -2.44639
-25.250 31.750 -2.35232
-25.250 32.250 -2.25777
-25.250 32.750 -2.16351
-25.250 33.250 -2.07016
-25.250 33.750 -1.97826
-25.250 34.250 -1.88826
-25.250 34.750 -1.80051
-25.250 35.250 -1.71529
-25.250 35.750 -1.63281
-25.250 36.250 -1.55322
-25.250 36.750 -1.47662
-25.250 37.250 -1.40307
-25.250 37.750 -1.33260
-25.250 38.250 -1.26519
-25.250 38.750 -1.20082
-25.250 39.250 -1.13943
-25.250 39.750 -1.08095
-25.250 40.250 -1.02530
-25.250 40.750 -0.97240
-25.250 41.250 -0.92214
-25.250 41.750 -0.87442
-25.250 42.250 -0.82914
-25.250 42.750 -0.78620
-25.250 43.250 -0.74549
-25.250 43.750 -0.70690
-25.250 44.250 -0.67034
-25.250 44.750 -0.63571
-24.750 -44.750 -0.64902
-24.750 -44.250 -0.68317
-24.750 -43.750 -0.71915
-24.750 -43.250 -0.75704
-24.750 -42.750 -0.79692
-24.750 -42.250 -0.83889
-24.750 -41.750 -0.88303
-24.750 -41.250 -0.92944
-24.750 -40.750 -0.97820
-24.750 -40.250 -1.02938
-24.750 -39.750 -1.08307
-24.750 -39.250 -1.13933
-24.750 -38.750 -1.19820
-24.750 -38.250 -1.25975
-24.750 -37.750 -1.32398
-24.750 -37.250 -1.39091
-24.750 -36.750 -1.46051
-24.750 -36.250 -1.53272
-24.750 -35.750 -1.60747
-24.750 -35.250 -1.68462
-24.750 -34.750 -1.76399
-24.750 -34.250 -1.84535
-24.750 -33.750 -1.92841
-24.750 -33.250 -2.01279
-24.750 -32.750 -2.09805
-24.750 -32.250 -2.18368
-24.750 -31.750 -2.26904
-24.750 -31.250 -2.35343
-24.750 -30.750 -2.43603
-24.750 -30.250 -2.51592
-24.750 -29.750 -2.59210
-24.750 -29.250 -2.66347
-24.750 -28.750 -2.72882
-24.750 -28.250 -2.78691
-24.750 -27.750 -2.83641
-24.750 -27.250 -2.87600
-24.750 -26.750 -2.90432
-24.750 -26.250 -2.92008
-24.750 -25.750 -2.92202
-24.750 -25.250 -2.90902
-24.750 -24.750 -2.88007
-24.750 -24.250 -2.83437
-24.750 -23.750 -2.77131
-24.750 -23.250 -2.69053
-24.750 -22.750 -2.59190
-24.750 -22.250 -2.47559
-24.750 -21.750 -2.34202
-24.750 -21.250 -2.19187
-24.750 -20.750 -2.02609
-24.750 -20.250 -1.84581
-24.750 -19.750 -1.65237
-24.750 -19.250 -1.44725
-24.750 -18.750 -1.23206
-24.750 -18.250 -1.00845
-24.750 -17.750 -0.77813
-24.750 -17.250 -0.54278
-24.750 -16.750 -0.30405
-24.750 -16.250 -0.06353
-24.750 -15.750  0.17729
-24.750 -15.250  0.41703
-24.750 -14.750  0.65442
-24.750 -14.250  0.88833
-24.750 -13.750  1.11775
-24.750 -13.250  1.34180
-24.750 -12.750  1.55973
-24.750 -12.250  1.77090
-24.750 -11.750  1.97479
-24.750 -11.250  2.17097
-24.750 -10.750  2.35909
-24.750 -10.250  2.53891
-24.750 -9.750  2.71022
-24.750 -9.250  2.87290
-24.750 -8.750  3.02684
-24.750 -8.250  3.17200
-24.750 -7.750  3.30835
-24.750 -7.250  3.43592
-24.750 -6.750  3.55470
-24.750 -6.250  3.66474
-24.750 -5.750  3.76608
-24.750 -5.250  3.85876
-24.750 -4.750  3.94284
-24.750 -4.250  4.01836
-24.750 -3.750  4.08536
-24.750 -3.250  4.14390
-24.750 -2.750  4.19400
-24.750 -2.250  4.23569
-24.750 -1.750  4.26902
-24.750 -1.250  4.29399
-24.750 -0.750  4.31063
-24.750 -0.250  4.31895
-24.750 0.250  4.31895
-24.750 0.750  4.31063
-24.750 1.250  4.29399
-24.750 1.750  4.26902
-24.750 2.250  4.23569
-24.750 2.750  4.19400
-24.750 3.250  4.14390
-24.750 3.750  4.08536
-24.750 4.250  4.01836
-24.750 4.750  3.94284
-24.750 5.250  3.85876
-24.750 5.750  3.76608
-24.750 6.250  3.66474
-24.750 6.750  3.55470
-24.750 7.250  3.43592
-24.750 7.750  3.30835
-24.750 8.250  3.17200
-24.750 8.750  3.02684
-24.750 9.250  2.87290
-24.750 9.750  2.71022
-24.750 10.250  2.53891
-24.750 10.750  2.35909
-24.750 11.250  2.17097
-24.750 11.750  1.97479
-24.750 12.250  1.77090
-24.750 12.750  1.55973
-24.750 13.250  1.34180
-24.750 13.750  1.11775
-24.750 14.250  0.88833
-24.750 14.750  0.65442
-24.750 15.250  0.41703
-24.750 15.750  0.17729
-24.750 16.250 -0.06353
-24.750 16.750 -0.30405
-24.750 17.250 -0.54278
-24.750 17.750 -0.77813
-24.750 18.250 -1.00845
-24.750 18.750 -1.23206
-24.750 19.250 -1.44725
-24.750 19.750 -1.65237
-24.750 20.250 -1.84581
-24.750 20.750 -2.02609
-24.750 21.250 -2.19187
-24.750 21.750 -2.34202
-24.750 22.250 -2.47559
-24.750 22.750 -2.59190
-24.750 23.250 -2.69053
-24.750 23.750 -2.77131
-24.750 24.250 -2.83437
-24.750 24.750 -2.88007
-24.750 25.250 -2.90902
-24.750 25.750 -2.92202
-24.750 26.250 -2.92008
-24.750 26.750 -2.90432
-24.750 27.250 -2.87600
-24.750 27.750 -2.83641
-24.750 28.250 -2.78691
-24.750 28.750 -2.72882
-24.750 29.250 -2.66347
-24.750 29.750 -2.59210
-24.750 30.250 -2.51592
-24.750 30.750 -2.43603
-24.750 31.250 -2.35343
-24.750 31.750 -2.26904
-24.750 32.250 -2.18368
-24.750 32.750 -2.09805
-24.750 33.250 -2.01279
-24.750 33.750 -1.92841
-24.750 34.250 -1.84535
-24.750 34.750 -1.76399
-24.750 35.250 -1.68462
-24.750 35.750 -1.60747
-24.750 36.250 -1.53272
-24.750 36.750 -1.46051
-24.750 37.250 -1.39091
-24.750 37.750 -1.32398
-24.750 38.250 -1.25975
-24.750 38.750 -1.19820
-24.750 39.250 -1.13933
-24.750 39.750 -1.08307
-24.750 40.250 -1.02938
-24.750 40.750 -0.97820
-24.750 41.250 -0.92944
-24.750 41.750 -0.88303
-24.750 42.250 -0.83889
-24.750 42.750 -0.79692
-24.750 43.250 -0.75704
-24.750 43.750 -0.71915
-24.750 44.250 -0.68317
-24.750 44.750 -0.64902
-24.250 -44.750 -0.66059
-24.250 -44.250 -0.69418
-24.250 -43.750 -0.72949
-24.250 -43.250 -0.76658
-24.250 -42.750 -0.80555
-24.250 -42.250 -0.84646
-24.250 -41.750 -0.88939
-24.250 -41.250 -0.93440
-24.250 -40.750 -0.98157
-24.250 -40.250 -1.03096
-24.250 -39.750 -1.08262
-24.250 -39.250 -1.13660
-24.250 -38.750 -1.19292
-24.250 -38.250 -1.25161
-24.250 -37.750 -1.31267
-24.250 -37.250 -1.37607
-24.250 -36.750 -1.44177
-24.250 -36.250 -1.50969
-24.250 -35.750 -1.57972
-24.250 -35.250 -1.65171
-24.250 -34.750 -1.72547
-24.250 -34.250 -1.80073
-24.250 -33.750 -1.87721
-24.250 -33.250 -1.95452
-24.250 -32.750 -2.03223
-24.250 -32.250 -2.10983
-24.250 -31.750 -2.18672
-24.250 -31.250 -2.26223
-24.250 -30.750 -2.33561
-24.250 -30.250 -2.40600
-24.250 -29.750 -2.47250
-24.250 -29.250 -2.53410
-24.250 -28.750 -2.58974
-24.250 -28.250 -2.63831
-24.250 -27.750 -2.67865
-24.250 -27.250 -2.70961
-24.250 -26.750 -2.73003
-24.250 -26.250 -2.73879
-24.250 -25.750 -2.73483
-24.250 -25.250 -2.71720
-24.250 -24.750 -2.68508
-24.250 -24.250 -2.63778
-24.250 -23.750 -2.57482
-24.250 -23.250 -2.49591
-24.250 -22.750 -2.40096
-24.250 -22.250 -2.29014
-24.250 -21.750 -2.16383
-24.250 -21.250 -2.02262
-24.250 -20.750 -1.86733
-24.250 -20.250 -1.69894
-24.250 -19.750 -1.51862
-24.250 -19.250 -1.32764
-24.250 -18.750 -1.12740
-24.250 -18.250 -0.91935
-24.250 -17.750 -0.70496
-24.250 -17.250 -0.48574
-24.250 -16.750 -0.26314
-24.250 -16.250 -0.03857
-24.250 -15.750  0.18662
-24.250 -15.250  0.41118
-24.250 -14.750  0.63394
-24.250 -14.250  0.85385
-24.250 -13.750  1.06997
-24.250 -13.250  1.28145
-24.250 -12.750  1.48757
-24.250 -12.250  1.68770
-24.250 -11.750  1.88131
-24.250 -11.250  2.06796
-24.250 -10.750  2.24729
-24.250 -10.250  2.41901
-24.250 -9.750  2.58288
-24.250 -9.250  2.73874
-24.250 -8.750  2.88647
-24.250 -8.250  3.02596
-24.250 -7.750  3.15717
-24.250 -7.250  3.28006
-24.250 -6.750  3.39462
-24.250 -6.250  3.50086
-24.250 -5.750  3.59878
-24.250 -5.250  3.68841
-24.250 -4.750  3.76978
-24.250 -4.250  3.84291
-24.250 -3.750  3.90782
-24.250 -3.250  3.96456
-24.250 -2.750  4.01314
-24.250 -2.250  4.05359
-24.250 -1.750  4.08592
-24.250 -1.250  4.11016
-24.250 -0.750  4.12631
-24.250 -0.250  4.13438
-24.250 0.250  4.13438
-24.250 0.750  4.12631
-24.250 1.250  4.11016
-24.250 1.750  4.08592
-24.250 2.250  4.05359
-24.250 2.750  4.01314
-24.250 3.250  3.96456
-24.250 3.750  3.90782
-24.250 4.250  3.84291
-24.250 4.750  3.76978
-24.250 5.250  3.68841
-24.250 5.750  3.59878
-24.250 6.250  3.50086
-24.250 6.750  3.39462
-24.250 7.250  3.28006
-24.250 7.750  3.15717
-24.250 8.250  3.02596
-24.250 8.750  2.88647
-24.250 9.250  2.73874
-24.250 9.750  2.58288
-24.250 10.250  2.41901
-24.250 10.750  2.24729
-24.250 11.250  2.06796
-24.250 11.750  1.88131
-24.250 12.250  1.68770
-24.250 12.750  1.48757
-24.250 13.250  1.28145
-24.250 13.750  1.06997
-24.250 14.250  0.85385
-24.250 14.750  0.63394
-24.250 15.250  0.41118
-24.250 15.750  0.18662
-24.250 16.250 -0.03857
-24.250 16.750 -0.26314
-24.250 17.250 -0.48574
-24.250 17.750 -0.70496
-24.250 18.250 -0.91935
-24.250 18.750 -1.12740
-24.250 19.250 -1.32764
-24.250 19.750 -1.51862
-24.250 20.250 -1.69894
-24.250 20.750 -1.86733
-24.250 21.250 -2.02262
-24.250 21.750 -2.16383
-24.250 22.250 -2.29014
-24.250 22.750 -2.40096
-24.250 23.250 -2.49591
-24.250 23.750 -2.57482
-24.250 24.250 -2.63778
-24.250 24.750 -2.68508
-24.250 25.250 -2.71720
-24.250 25.750 -2.73483
-24.250 26.250 -2.73879
-24.250 26.750 -2.73003
-24.250 27.250 -2.70961
-24.250 27.750 -2.67865
-24.250 28.250 -2.63831
-24.250 28.750 -2.58974
-24.250 29.250 -2.53410
-24.250 29.750 -2.47250
-24.250 30.250 -2.40600
-24.250 30.750 -2.33561
-24.250 31.250 -2.26223
-24.250 31.750 -2.18672
-24.250 32.250 -2.10983
-24.250 32.750 -2.03223
-24.250 33.250 -1.95452
-24.250 33.750 -1.87721
-24.250 34.250 -1.80073
-24.250 34.750 -1.72547
-24.250 35.250 -1.65171
-24.250 35.750 -1.57972
-24.250 36.250 -1.50969
-24.250 36.750 -1.44177
-24.250 37.250 -1.37607
-24.250 37.750 -1.31267
-24.250 38.250 -1.25161
-24.250 38.750 -1.19292
-24.250 39.250 -1.13660
-24.250 39.750 -1.08262
-24.250 40.250 -1.03096
-24.250 40.750 -0.98157
-24.250 41.250 -0.93440
-24.250 41.750 -0.88939
-24.250 42.250 -0.84646
-24.250 42.750 -0.80555
-24.250 43.250 -0.76658
-24.250 43.750 -0.72949
-24.250 44.250 -0.69418
-24.250 44.750 -0.66059
-23.750 -44.750 -0.67053
-23.750 -44.250 -0.70347
-23.750 -43.750 -0.73803
-23.750 -43.250 -0.77426
-23.750 -42.750 -0.81224
-23.750 -42.250 -0.85201
-23.750 -41.750 -0.89365
-23.750 -41.250 -0.93720
-23.750 -40.750 -0.98273
-23.750 -40.250 -1.03027
-23.750 -39.750 -1.07985
-23.750 -39.250 -1.13151
-23.750 -38.750 -1.18526
-23.750 -38.250 -1.24110
-23.750 -37.750 -1.29900
-23.750 -37.250 -1.35893
-23.750 -36.750 -1.42080
-23.750 -36.250 -1.48454
-23.750 -35.750 -1.55001
-23.750 -35.250 -1.61704
-23.750 -34.750 -1.68542
-23.750 -34.250 -1.75490
-23.750 -33.750 -1.82516
-23.750 -33.250 -1.89584
-23.750 -32.750 -1.96651
-23.750 -32.250 -2.03667
-23.750 -31.750 -2.10576
-23.750 -31.250 -2.17316
-23.750 -30.750 -2.23815
-23.750 -30.250 -2.29997
-23.750 -29.750 -2.35778
-23.750 -29.250 -2.41068
-23.750 -28.750 -2.45772
-23.750 -28.250 -2.49792
-23.750 -27.750 -2.53028
-23.750 -27.250 -2.55377
-23.750 -26.750 -2.56741
-23.750 -26.250 -2.57022
-23.750 -25.750 -2.56133
-23.750 -25.250 -2.53992
-23.750 -24.750 -2.50529
-23.750 -24.250 -2.45689
-23.750 -23.750 -2.39432
-23.750 -23.250 -2.31735
-23.750 -22.750 -2.22594
-23.750 -22.250 -2.12023
-23.750 -21.750 -2.00057
-23.750 -21.250 -1.86749
-23.750 -20.750 -1.72169
-23.750 -20.250 -1.56404
-23.750 -19.750 -1.39554
-23.750 -19.250 -1.21731
-23.750 -18.750 -1.03057
-23.750 -18.250 -0.83658
-23.750 -17.750 -0.63664
-23.750 -17.250 -0.43207
-23.750 -16.750 -0.22417
-23.750 -16.250 -0.01421
-23.750 -15.750  0.19661
-23.750 -15.250  0.40714
-23.750 -14.750  0.61632
-23.750 -14.250  0.82318
-23.750 -13.750  1.02683
-23.750 -13.250  1.22647
-23.750 -12.750  1.42141
-23.750 -12.250  1.61103
-23.750 -11.750  1.79481
-23.750 -11.250  1.97230
-23.750 -10.750  2.14311
-23.750 -10.250  2.30695
-23.750 -9.750  2.46356
-23.750 -9.250  2.61274
-23.750 -8.750  2.75433
-23.750 -8.250  2.88821
-23.750 -7.750  3.01430
-23.750 -7.250  3.13253
-23.750 -6.750  3.24287
-23.750 -6.250  3.34529
-23.750 -5.750  3.43977
-23.750 -5.250  3.52632
-23.750 -4.750  3.60495
-23.750 -4.250  3.67566
-23.750 -3.750  3.73847
-23.750 -3.250  3.79338
-23.750 -2.750  3.84042
-23.750 -2.250  3.87960
-23.750 -1.750  3.91093
-23.750 -1.250  3.93441
-23.750 -0.750  3.95006
-23.750 -0.250  3.95789
-23.750 0.250  3.95789
-23.750 0.750  3.95006
-23.750 1.250  3.93441
-23.750 1.750  3.91093
-23.750 2.250  3.87960
-23.750 2.750  3.84042
-23.750 3.250  3.79338
-23.750 3.750  3.73847
-23.750 4.250  3.67566
-23.750 4.750  3.60495
-23.750 5.250  3.52632
-23.750 5.750  3.43977
-23.750 6.250  3.34529
-23.750 6.750  3.24287
-23.750 7.250  3.13253
-23.750 7.750  3.01430
-23.750 8.250  2.88821
-23.750 8.750  2.75433
-23.750 9.250  2.61274
-23.750 9.750  2.46356
-23.750 10.250  2.30695
-23.750 10.750  2.14311
-23.750 11.250  1.97230
-23.750 11.750  1.79481
-23.750 12.250  1.61103
-23.750 12.750  1.42141
-23.750 13.250  1.22647
-23.750 13.750  1.02683
-23.750 14.250  0.82318
-23.750 14.750  0.61632
-23.750 15.250  0.40714
-23.750 15.750  0.19661
-23.750 16.250 -0.01421
-23.750 16.750 -0.22417
-23.750 17.250 -0.43207
-23.750 17.750 -0.63664
-23.750 18.250 -0.83658
-23.750 18.750 -1.03057
-23.750 19.250 -1.21731
-23.750 19.750 -1.39554
-23.750 20.250 -1.56404
-23.750 20.750 -1.72169
-23.750 21.250 -1.86749
-23.750 21.750 -2.00057
-23.750 22.250 -2.12023
-23.750 22.750 -2.22594
-23.750 23.250 -2.31735
-23.750 23.750 -2.39432
-23.750 24.250 -2.45689
-23.750 24.750 -2.50529
-23.750 25.250 -2.53992
-23.750 25.750 -2.56133
-23.750 26.250 -2.57022
-23.750 26.750 -2.56741
-23.750 27.250 -2.55377
-23.750 27.750 -2.53028
-23.750 28.250 -2.49792
-23.750 28.750 -2.45772
-23.750 29.250 -2.41068
-23.750 29.750 -2.35778
-23.750 30.250 -2.29997
-23.750 30.750 -2.23815
-23.750 31.250 -2.17316
-23.750 31.750 -2.10576
-23.750 32.250 -2.03667
-23.750 32.750 -1.96651
-23.750 33.250 -1.89584
-23.750 33.750 -1.82516
-23.750 34.250 -1.75490
-23.750 34.750 -1.68542
-23.750 35.250 -1.61704
-23.750 35.750 -1.55001
-23.750 36.250 -1.48454
-23.750 36.750 -1.42080
-23.750 37.250 -1.35893
-23.750 37.750 -1.29900
-23.750 38.250 -1.24110
-23.750 38.750 -1.18526
-23.750 39.250 -1.13151
-23.750 39.750 -1.07985
-23.750 40.250 -1.03027
-23.750 40.750 -0.98273
-23.750 41.250 -0.93720
-23.750 41.750 -0.89365
-23.750 42.250 -0.85201
-23.750 42.750 -0.81224
-23.750 43.250 -0.77426
-23.750 43.750 -0.73803
-23.750 44.250 -0.70347
-23.750 44.750 -0.67053
-23.250 -44.750 -0.67892
-23.250 -44.250 -0.71115
-23.250 -43.750 -0.74490
-23.250 -43.250 -0.78020
-23.250 -42.750 -0.81712
-23.250 -42.250 -0.85570
-23.250 -41.750 -0.89599
-23.250 -41.250 -0.93803
-23.250 -40.750 -0.98187
-23.250 -40.250 -1.02752
-23.250 -39.750 -1.07501
-23.250 -39.250 -1.12434
-23.250 -38.750 -1.17552
-23.250 -38.250 -1.22852
-23.250 -37.750 -1.28331
-23.250 -37.250 -1.33982
-23.250 -36.750 -1.39797
-23.250 -36.250 -1.45766
-23.250 -35.750 -1.51873
-23.250 -35.250 -1.58101
-23.250 -34.750 -1.64427
-23.250 -34.250 -1.70827
-23.250 -33.750 -1.77269
-23.250 -33.250 -1.83716
-23.250 -32.750 -1.90128
-23.250 -32.250 -1.96457
-23.250 -31.750 -2.02650
-23.250 -31.250 -2.08648
-23.250 -30.750 -2.14386
-23.250 -30.250 -2.19794
-23.250 -29.750 -2.24796
-23.250 -29.250 -2.29311
-23.250 -28.750 -2.33254
-23.250 -28.250 -2.36539
-23.250 -27.750 -2.39077
-23.250 -27.250 -2.40779
-23.250 -26.750 -2.41561
-23.250 -26.250 -2.41339
-23.250 -25.750 -2.40037
-23.250 -25.250 -2.37587
-23.250 -24.750 -2.33930
-23.250 -24.250 -2.29021
-23.250 -23.750 -2.22826
-23.250 -23.250 -2.15327
-23.250 -22.750 -2.06524
-23.250 -22.250 -1.96430
-23.250 -21.750 -1.85076
-23.250 -21.250 -1.72510
-23.250 -20.750 -1.58793
-23.250 -20.250 -1.44000
-23.250 -19.750 -1.28220
-23.250 -19.250 -1.11551
-23.250 -18.750 -0.94099
-23.250 -18.250 -0.75975
-23.250 -17.750 -0.57294
-23.250 -17.250 -0.38173
-23.250 -16.750 -0.18727
-23.250 -16.250  0.00930
-23.250 -15.750  0.20689
-23.250 -15.250  0.40446
-23.250 -14.750  0.60105
-23.250 -14.250  0.79574
-23.250 -13.750  0.98771
-23.250 -13.250  1.17622
-23.250 -12.750  1.36058
-23.250 -12.250  1.54022
-23.250 -11.750  1.71461
-23.250 -11.250  1.88331
-23.250 -10.750  2.04592
-23.250 -10.250  2.20214
-23.250 -9.750  2.35168
-23.250 -9.250  2.49433
-23.250 -8.750  2.62990
-23.250 -8.250  2.75826
-23.250 -7.750  2.87929
-23.250 -7.250  2.99290
-23.250 -6.750  3.09904
-23.250 -6.250  3.19765
-23.250 -5.750  3.28870
-23.250 -5.250  3.37217
-23.250 -4.750  3.44804
-23.250 -4.250  3.51632
-23.250 -3.750  3.57700
-23.250 -3.250  3.63008
-23.250 -2.750  3.67556
-23.250 -2.250  3.71346
-23.250 -1.750  3.74377
-23.250 -1.250  3.76649
-23.250 -0.750  3.78164
-23.250 -0.250  3.78922
-23.250 0.250  3.78922
-23.250 0.750  3.78164
-23.250 1.250  3.76649
-23.250 1.750  3.74377
-23.250 2.250  3.71346
-23.250 2.750  3.67556
-23.250 3.250  3.63008
-23.250 3.750  3.57700
-23.250 4.250  3.51632
-23.250 4.750  3.44804
-23.250 5.250  3.37217
-23.250 5.750  3.28870
-23.250 6.250  3.19765
-23.250 6.750  3.09904
-23.250 7.250  2.99290
-23.250 7.750  2.87929
-23.250 8.250  2.75826
-23.250 8.750  2.62990
-23.250 9.250  2.49433
-23.250 9.750  2.35168
-23.250 10.250  2.20214
-23.250 10.750  2.04592
-23.250 11.250  1.88331
-23.250 11.750  1.71461
-23.250 12.250  1.54022
-23.250 12.750  1.36058
-23.250 13.250  1.17622
-23.250 13.750  0.98771
-23.250 14.250  0.79574
-23.250 14.750  0.60105
-23.250 15.250  0.40446
-23.250 15.750  0.20689
-23.250 16.250  0.00930
-23.250 16.750 -0.18727
-23.250 17.250 -0.38173
-23.250 17.750 -0.57294
-23.250 18.250 -0.75975
-23.250 18.750 -0.94099
-23.250 19.250 -1.11551
-23.250 19.750 -1.28220
-23.250 20.250 -1.44000
-23.250 20.750 -1.58793
-23.250 21.250 -1.72510
-23.250 21.750 -1.85076
-23.250 22.250 -1.96430
-23.250 22.750 -2.06524
-23.250 23.250 -2.15327
-23.250 23.750 -2.22826
-23.250 24.250 -2.29021
-23.250 24.750 -2.33930
-23.250 25.250 -2.37587
-23.250 25.750 -2.40037
-23.250 26.250 -2.41339
-23.250 26.750 -2.41561
-23.250 27.250 -2.40779
-23.250 27.750 -2.39077
-23.250 28.250 -2.36539
-23.250 28.750 -2.33254
-23.250 29.250 -2.29311
-23.250 29.750 -2.24796
-23.250 30.250 -2.19794
-23.250 30.750 -2.14386
-23.250 31.250 -2.08648
-23.250 31.750 -2.02650
-23.250 32.250 -1.96457
-23.250 32.750 -1.90128
-23.250 33.250 -1.83716
-23.250 33.750 -1.77269
-23.250 34.250 -1.70827
-23.250 34.750 -1.64427
-23.250 35.250 -1.58101
-23.250 35.750 -1.51873
-23.250 36.250 -1.45766
-23.250 36.750 -1.39797
-23.250 37.250 -1.33982
-23.250 37.750 -1.28331
-23.250 38.250 -1.22852
-23.250 38.750 -1.17552
-23.250 39.250 -1.12434
-23.250 39.750 -1.07501
-23.250 40.250 -1.02752
-23.250 40.750 -0.98187
-23.250 41.250 -0.93803
-23.250 41.750 -0.89599
-23.250 42.250 -0.85570
-23.250 42.750 -0.81712
-23.250 43.250 -0.78020
-23.250 43.750 -0.74490
-23.250 44.250 -0.71115
-23.250 44.750 -0.67892
-22.750 -44.750 -0.68586
-22.750 -44.250 -0.71733
-22.750 -43.750 -0.75021
-22.750 -43.250 -0.78453
-22.750 -42.750 -0.82034
-22.750 -42.250 -0.85768
-22.750 -41.750 -0.89658
-22.750 -41.250 -0.93708
-22.750 -40.750 -0.97919
-22.750 -40.250 -1.02293
-22.750 -39.750 -1.06831
-22.750 -39.250 -1.11533
-22.750 -38.750 -1.16395
-22.750 -38.250 -1.21416
-22.750 -37.750 -1.26589
-22.750 -37.250 -1.31907
-22.750 -36.750 -1.37361
-22.750 -36.250 -1.42938
-22.750 -35.750 -1.48623
-22.750 -35.250 -1.54398
-22.750 -34.750 -1.60239
-22.750 -34.250 -1.66121
-22.750 -33.750 -1.72014
-22.750 -33.250 -1.77882
-22.750 -32.750 -1.83686
-22.750 -32.250 -1.89381
-22.750 -31.750 -1.94917
-22.750 -31.250 -2.00239
-22.750 -30.750 -2.05287
-22.750 -30.250 -2.09997
-22.750 -29.750 -2.14300
-22.750 -29.250 -2.18124
-22.750 -28.750 -2.21394
-22.750 -28.250 -2.24032
-22.750 -27.750 -2.25961
-22.750 -27.250 -2.27104
-22.750 -26.750 -2.27386
-22.750 -26.250 -2.26737
-22.750 -25.750 -2.25091
-22.750 -25.250 -2.22390
-22.750 -24.750 -2.18586
-22.750 -24.250 -2.13640
-22.750 -23.750 -2.07525
-22.750 -23.250 -2.00227
-22.750 -22.750 -1.91748
-22.750 -22.250 -1.82100
-22.750 -21.750 -1.71311
-22.750 -21.250 -1.59424
-22.750 -20.750 -1.46493
-22.750 -20.250 -1.32585
-22.750 -19.750 -1.17778
-22.750 -19.250 -1.02156
-22.750 -18.750 -0.85813
-22.750 -18.250 -0.68849
-22.750 -17.750 -0.51364
-22.750 -17.250 -0.33462
-22.750 -16.750 -0.15247
-22.750 -16.250  0.03180
-22.750 -15.750  0.21720
-22.750 -15.250  0.40279
-22.750 -14.750  0.58768
-22.750 -14.250  0.77103
-22.750 -13.750  0.95208
-22.750 -13.250  1.13011
-22.750 -12.750  1.30450
-22.750 -12.250  1.47467
-22.750 -11.750  1.64012
-22.750 -11.250  1.80040
-22.750 -10.750  1.95514
-22.750 -10.250  2.10400
-22.750 -9.750  2.24670
-22.750 -9.250  2.38300
-22.750 -8.750  2.51270
-22.750 -8.250  2.63565
-22.750 -7.750  2.75170
-22.750 -7.250  2.86076
-22.750 -6.750  2.96274
-22.750 -6.250  3.05757
-22.750 -5.750  3.14520
-22.750 -5.250  3.22560
-22.750 -4.750  3.29873
-22.750 -4.250  3.36458
-22.750 -3.750  3.42313
-22.750 -3.250  3.47437
-22.750 -2.750  3.51830
-22.750 -2.250  3.55490
-22.750 -1.750  3.58419
-22.750 -1.250  3.60616
-22.750 -0.750  3.62080
-22.750 -0.250  3.62812
-22.750 0.250  3.62812
-22.750 0.750  3.62080
-22.750 1.250  3.60616
-22.750 1.750  3.58419
-22.750 2.250  3.55490
-22.750 2.750  3.51830
-22.750 3.250  3.47437
-22.750 3.750  3.42313
-22.750 4.250  3.36458
-22.750 4.750  3.29873
-22.750 5.250  3.22560
-22.750 5.750  3.14520
-22.750 6.250  3.05757
-22.750 6.750  2.96274
-22.750 7.250  2.86076
-22.750 7.750  2.75170
-22.750 8.250  2.63565
-22.750 8.750  2.51270
-22.750 9.250  2.38300
-22.750 9.750  2.24670
-22.750 10.250  2.10400
-22.750 10.750  1.95514
-22.750 11.250  1.80040
-22.750 11.750  1.64012
-22.750 12.250  1.47467
-22.750 12.750  1.30450
-22.750 13.250  1.13011
-22.750 13.750  0.95208
-22.750 14.250  0.77103
-22.750 14.750  0.58768
-22.750 15.250  0.40279
-22.750 15.750  0.21720
-22.750 16.250  0.03180
-22.750 16.750 -0.15247
-22.750 17.250 -0.33462
-22.750 17.750 -0.51364
-22.750 18.250 -0.68849
-22.750 18.750 -0.85813
-22.750 19.250 -1.02156
-22.750 19.750 -1.17778
-22.750 20.250 -1.32585
-22.750 20.750 -1.46493
-22.750 21.250 -1.59424
-22.750 21.750 -1.71311
-22.750 22.250 -1.82100
-22.750 22.750 -1.91748
-22.750 23.250 -2.00227
-22.750 23.750 -2.07525
-22.750 24.250 -2.13640
-22.750 24.750 -2.18586
-22.750 25.250 -2.22390
-22.750 25.750 -2.25091
-22.750 26.250 -2.26737
-22.750 26.750 -2.27386
-22.750 27.250 -2.27104
-22.750 27.750 -2.25961
-22.750 28.250 -2.24032
-22.750 28.750 -2.21394
-22.750 29.250 -2.18124
-22.750 29.750 -2.14300
-22.750 30.250 -2.09997
-22.750 30.750 -2.05287
-22.750 31.250 -2.00239
-22.750 31.750 -1.94917
-22.750 32.250 -1.89381
-22.750 32.750 -1.83686
-22.750 33.250 -1.77882
-22.750 33.750 -1.72014
-22.750 34.250 -1.66121
-22.750 34.750 -1.60239
-22.750 35.250 -1.54398
-22.750 35.750 -1.48623
-22.750 36.250 -1.42938
-22.750 36.750 -1.37361
-22.750 37.250 -1.31907
-22.750 37.750 -1.26589
-22.750 38.250 -1.21416
-22.750 38.750 -1.16395
-22.750 39.250 -1.11533
-22.750 39.750 -1.06831
-22.750 40.250 -1.02293
-22.750 40.750 -0.97919
-22.750 41.250 -0.93708
-22.750 41.750 -0.89658
-22.750 42.250 -0.85768
-22.750 42.750 -0.82034
-22.750 43.250 -0.78453
-22.750 43.750 -0.75021
-22.750 44.250 -0.71733
-22.750 44.750 -0.68586
-22.250 -44.750 -0.69144
-22.250 -44.250 -0.72210
-22.250 -43.750 -0.75407
-22.250 -43.250 -0.78736
-22.250 -42.750 -0.82203
-22.250 -42.250 -0.85809
-22.250 -41.750 -0.89558
-22.250 -41.250 -0.93450
-22.250 -40.750 -0.97488
-22.250 -40.250 -1.01671
-22.250 -39.750 -1.05999
-22.250 -39.250 -1.10469
-22.250 -38.750 -1.15080
-22.250 -38.250 -1.19826
-22.250 -37.750 -1.24701
-22.250 -37.250 -1.29696
-22.250 -36.750 -1.34801
-22.250 -36.250 -1.40002
-22.250 -35.750 -1.45284
-22.250 -35.250 -1.50627
-22.250 -34.750 -1.56009
-22.250 -34.250 -1.61405
-22.250 -33.750 -1.66784
-22.250 -33.250 -1.72113
-22.250 -32.750 -1.77353
-22.250 -32.250 -1.82464
-22.250 -31.750 -1.87397
-22.250 -31.250 -1.92102
-22.250 -30.750 -1.96525
-22.250 -30.250 -2.00606
-22.250 -29.750 -2.04283
-22.250 -29.250 -2.07492
-22.250 -28.750 -2.10165
-22.250 -28.250 -2.12234
-22.250 -27.750 -2.13632
-22.250 -27.250 -2.14290
-22.250 -26.750 -2.14144
-22.250 -26.250 -2.13133
-22.250 -25.750 -2.11201
-22.250 -25.250 -2.08299
-22.250 -24.750 -2.04386
-22.250 -24.250 -1.99430
-22.250 -23.750 -1.93409
-22.250 -23.250 -1.86312
-22.250 -22.750 -1.78142
-22.250 -22.250 -1.68912
-22.250 -21.750 -1.58647
-22.250 -21.250 -1.47384
-22.250 -20.750 -1.35173
-22.250 -20.250 -1.22072
-22.250 -19.750 -1.08150
-22.250 -19.250 -0.93482
-22.250 -18.750 -0.78151
-22.250 -18.250 -0.62244
-22.250 -17.750 -0.45851
-22.250 -17.250 -0.29065
-22.250 -16.750 -0.11979
-22.250 -16.250  0.05317
-22.250 -15.750  0.22733
-22.250 -15.250  0.40183
-22.250 -14.750  0.57586
-22.250 -14.250  0.74864
-22.250 -13.750  0.91946
-22.250 -13.250  1.08766
-22.250 -12.750  1.25264
-22.250 -12.250  1.41385
-22.250 -11.750  1.57080
-22.250 -11.250  1.72306
-22.250 -10.750  1.87025
-22.250 -10.250  2.01203
-22.250 -9.750  2.14812
-22.250 -9.250  2.27826
-22.250 -8.750  2.40226
-22.250 -8.250  2.51992
-22.250 -7.750  2.63111
-22.250 -7.250  2.73570
-22.250 -6.750  2.83359
-22.250 -6.250  2.92469
-22.250 -5.750  3.00895
-22.250 -5.250  3.08630
-22.250 -4.750  3.15671
-22.250 -4.250  3.22014
-22.250 -3.750  3.27657
-22.250 -3.250  3.32598
-22.250 -2.750  3.36835
-22.250 -2.250  3.40367
-22.250 -1.750  3.43193
-22.250 -1.250  3.45314
-22.250 -0.750  3.46728
-22.250 -0.250  3.47435
-22.250 0.250  3.47435
-22.250 0.750  3.46728
-22.250 1.250  3.45314
-22.250 1.750  3.43193
-22.250 2.250  3.40367
-22.250 2.750  3.36835
-22.250 3.250  3.32598
-22.250 3.750  3.27657
-22.250 4.250  3.22014
-22.250 4.750  3.15671
-22.250 5.250  3.08630
-22.250 5.750  3.00895
-22.250 6.250  2.92469
-22.250 6.750  2.83359
-22.250 7.250  2.73570
-22.250 7.750  2.63111
-22.250 8.250  2.51992
-22.250 8.750  2.40226
-22.250 9.250  2.27826
-22.250 9.750  2.14812
-22.250 10.250  2.01203
-22.250 10.750  1.87025
-22.250 11.250  1.72306
-22.250 11.750  1.57080
-22.250 12.250  1.41385
-22.250 12.750  1.25264
-22.250 13.250  1.08766
-22.250 13.750  0.91946
-22.250 14.250  0.74864
-22.250 14.750  0.57586
-22.250 15.250  0.40183
-22.250 15.750  0.22733
-22.250 16.250  0.05317
-22.250 16.750 -0.11979
-22.250 17.250 -0.29065
-22.250 17.750 -0.45851
-22.250 18.250 -0.62244
-22.250 18.750 -0.78151
-22.250 19.250 -0.93482
-22.250 19.750 -1.08150
-22.250 20.250 -1.22072
-22.250 20.750 -1.35173
-22.250 21.250 -1.47384
-22.250 21.750 -1.58647
-22.250 22.250 -1.68912
-22.250 22.750 -1.78142
-22.250 23.250 -1.86312
-22.250 23.750 -1.93409
-22.250 24.250 -1.99430
-22.250 24.750 -2.04386
-22.250 25.250 -2.08299
-22.250 25.750 -2.11201
-22.250 26.250 -2.13133
-22.250 26.750 -2.14144
-22.250 27.250 -2.14290
-22.250 27.750 -2.13632
-22.250 28.250 -2.12234
-22.250 28.750 -2.10165
-22.250 29.250 -2.07492
-22.250 29.750 -2.04283
-22.250 30.250 -2.00606
-22.250 30.750 -1.96525
-22.250 31.250 -1.92102
-22.250 31.750 -1.87397
-22.250 32.250 -1.82464
-22.250 32.750 -1.77353
-22.250 33.250 -1.72113
-22.250 33.750 -1.66784
-22.250 34.250 -1.61405
-22.250 34.750 -1.56009
-22.250 35.250 -1.50627
-22.250 35.750 -1.45284
-22.250 36.250 -1.40002
-22.250 36.750 -1.34801
-22.250 37.250 -1.29696
-22.250 37.750 -1.24701
-22.250 38.250 -1.19826
-22.250 38.750 -1.15080
-22.250 39.250 -1.10469
-22.250 39.750 -1.05999
-22.250 40.250 -1.01671
-22.250 40.750 -0.97488
-22.250 41.250 -0.93450
-22.250 41.750 -0.89558
-22.250 42.250 -0.85809
-22.250 42.750 -0.82203
-22.250 43.250 -0.78736
-22.250 43.750 -0.75407
-22.250 44.250 -0.72210
-22.250 44.750 -0.69144
-21.750 -44.750 -0.69576
-21.750 -44.250 -0.72558
-21.750 -43.750 -0.75659
-21.750 -43.250 -0.78883
-21.750 -42.750 -0.82232
-21.750 -42.250 -0.85708
-21.750 -41.750 -0.89313
-21.750 -41.250 -0.93047
-21.750 -40.750 -0.96911
-21.750 -40.250 -1.00903
-21.750 -39.750 -1.05022
-21.750 -39.250 -1.09266
-21.750 -38.750 -1.13630
-21.750 -38.250 -1.18108
-21.750 -37.750 -1.22692
-21.750 -37.250 -1.27375
-21.750 -36.750 -1.32144
-21.750 -36.250 -1.36985
-21.750 -35.750 -1.41882
-21.750 -35.250 -1.46816
-21.750 -34.750 -1.51765
-21.750 -34.250 -1.56704
-21.750 -33.750 -1.61603
-21.750 -33.250 -1.66430
-21.750 -32.750 -1.71150
-21.750 -32.250 -1.75723
-21.750 -31.750 -1.80104
-21.750 -31.250 -1.84248
-21.750 -30.750 -1.88104
-21.750 -30.250 -1.91618
-21.750 -29.750 -1.94735
-21.750 -29.250 -1.97395
-21.750 -28.750 -1.99540
-21.750 -28.250 -2.01109
-21.750 -27.750 -2.02042
-21.750 -27.250 -2.02280
-21.750 -26.750 -2.01767
-21.750 -26.250 -2.00450
-21.750 -25.750 -1.98282
-21.750 -25.250 -1.95220
-21.750 -24.750 -1.91231
-21.750 -24.250 -1.86286
-21.750 -23.750 -1.80370
-21.750 -23.250 -1.73473
-21.750 -22.750 -1.65599
-21.750 -22.250 -1.56761
-21.750 -21.750 -1.46981
-21.750 -21.250 -1.36294
-21.750 -20.750 -1.24744
-21.750 -20.250 -1.12382
-21.750 -19.750 -0.99268
-21.750 -19.250 -0.85472
-21.750 -18.750 -0.71064
-21.750 -18.250 -0.56124
-21.750 -17.750 -0.40731
-21.750 -17.250 -0.24969
-21.750 -16.750 -0.08919
-21.750 -16.250  0.07335
-21.750 -15.750  0.23712
-21.750 -15.250  0.40135
-21.750 -14.750  0.56529
-21.750 -14.250  0.72822
-21.750 -13.750  0.88948
-21.750 -13.250  1.04845
-21.750 -12.750  1.20456
-21.750 -12.250  1.35729
-21.750 -11.750  1.50618
-21.750 -11.250  1.65080
-21.750 -10.750  1.79077
-21.750 -10.250  1.92576
-21.750 -9.750  2.05549
-21.750 -9.250  2.17969
-21.750 -8.750  2.29815
-21.750 -8.250  2.41068
-21.750 -7.750  2.51713
-21.750 -7.250  2.61734
-21.750 -6.750  2.71122
-21.750 -6.250  2.79867
-21.750 -5.750  2.87960
-21.750 -5.250  2.95395
-21.750 -4.750  3.02166
-21.750 -4.250  3.08270
-21.750 -3.750  3.13703
-21.750 -3.250  3.18462
-21.750 -2.750  3.22545
-21.750 -2.250  3.25949
-21.750 -1.750  3.28674
-21.750 -1.250  3.30719
-21.750 -0.750  3.32082
-21.750 -0.250  3.32764
-21.750 0.250  3.32764
-21.750 0.750  3.32082
-21.750 1.250  3.30719
-21.750 1.750  3.28674
-21.750 2.250  3.25949
-21.750 2.750  3.22545
-21.750 3.250  3.18462
-21.750 3.750  3.13703
-21.750 4.250  3.08270
-21.750 4.750  3.02166
-21.750 5.250  2.95395
-21.750 5.750  2.87960
-21.750 6.250  2.79867
-21.750 6.750  2.71122
-21.750 7.250  2.61734
-21.750 7.750  2.51713
-21.750 8.250  2.41068
-21.750 8.750  2.29815
-21.750 9.250  2.17969
-21.750 9.750  2.05549
-21.750 10.250  1.92576
-21.750 10.750  1.79077
-21.750 11.250  1.65080
-21.750 11.750  1.50618
-21.750 12.250  1.35729
-21.750 12.750  1.20456
-21.750 13.250  1.04845
-21.750 13.750  0.88948
-21.750 14.250  0.72822
-21.750 14.750  0.56529
-21.750 15.250  0.40135
-21.750 15.750  0.23712
-21.750 16.250  0.07335
-21.750 16.750 -0.08919
-21.750 17.250 -0.24969
-21.750 17.750 -0.40731
-21.750 18.250 -0.56124
-21.750 18.750 -0.71064
-21.750 19.250 -0.85472
-21.750 19.750 -0.99268
-21.750 20.250 -1.12382
-21.750 20.750 -1.24744
-21.750 21.250 -1.36294
-21.750 21.750 -1.46981
-21.750 22.250 -1.56761
-21.750 22.750 -1.65599
-21.750 23.250 -1.73473
-21.750 23.750 -1.80370
-21.750 24.250 -1.86286
-21.750 24.750 -1.91231
-21.750 25.250 -1.95220
-21.750 25.750 -1.98282
-21.750 26.250 -2.00450
-21.750 26.750 -2.01767
-21.750 27.250 -2.02280
-21.750 27.750 -2.02042
-21.750 28.250 -2.01109
-21.750 28.750 -1.99540
-21.750 29.250 -1.97395
-21.750 29.750 -1.94735
-21.750 30.250 -1.91618
-21.750 30.750 -1.88104
-21.750 31.250 -1.84248
-21.750 31.750 -1.80104
-21.750 32.250 -1.75723
-21.750 32.750 -1.71150
-21.750 33.250 -1.66430
-21.750 33.750 -1.61603
-21.750 34.250 -1.56704
-21.750 34.750 -1.51765
-21.750 35.250 -1.46816
-21.750 35.750 -1.41882
-21.750 36.250 -1.36985
-21.750 36.750 -1.32144
-21.750 37.250 -1.27375
-21.750 37.750 -1.22692
-21.750 38.250 -1.18108
-21.750 38.750 -1.13630
-21.750 39.250 -1.09266
-21.750 39.750 -1.05022
-21.750 40.250 -1.00903
-21.750 40.750 -0.96911
-21.750 41.250 -0.93047
-21.750 41.750 -0.89313
-21.750 42.250 -0.85708
-21.750 42.750 -0.82232
-21.750 43.250 -0.78883
-21.750 43.750 -0.75659
-21.750 44.250 -0.72558
-21.750 44.750 -0.69576
-21.250 -44.750 -0.69891
-21.250 -44.250 -0.72785
-21.250 -43.750 -0.75789
-21.250 -43.250 -0.78905
-21.250 -42.750 -0.82134
-21.250 -42.250 -0.85479
-21.250 -41.750 -0.88939
-21.250 -41.250 -0.92515
-21.250 -40.750 -0.96205
-21.250 -40.250 -1.00008
-21.250 -39.750 -1.03922
-21.250 -39.250 -1.07942
-21.250 -38.750 -1.12065
-21.250 -38.250 -1.16282
-21.250 -37.750 -1.20586
-21.250 -37.250 -1.24967
-21.250 -36.750 -1.29413
-21.250 -36.250 -1.33911
-21.250 -35.750 -1.38443
-21.250 -35.250 -1.42990
-21.250 -34.750 -1.47531
-21.250 -34.250 -1.52041
-21.250 -33.750 -1.56493
-21.250 -33.250 -1.60855
-21.250 -32.750 -1.65094
-21.250 -32.250 -1.69172
-21.250 -31.750 -1.73049
-21.250 -31.250 -1.76682
-21.250 -30.750 -1.80024
-21.250 -30.250 -1.83028
-21.250 -29.750 -1.85642
-21.250 -29.250 -1.87814
-21.250 -28.750 -1.89491
-21.250 -28.250 -1.90620
-21.250 -27.750 -1.91147
-21.250 -27.250 -1.91022
-21.250 -26.750 -1.90195
-21.250 -26.250 -1.88621
-21.250 -25.750 -1.86258
-21.250 -25.250 -1.83071
-21.250 -24.750 -1.79032
-21.250 -24.250 -1.74117
-21.250 -23.750 -1.68312
-21.250 -23.250 -1.61613
-21.250 -22.750 -1.54022
-21.250 -22.250 -1.45552
-21.250 -21.750 -1.36225
-21.250 -21.250 -1.26070
-21.250 -20.750 -1.15127
-21.250 -20.250 -1.03443
-21.250 -19.750 -0.91072
-21.250 -19.250 -0.78073
-21.250 -18.750 -0.64511
-21.250 -18.250 -0.50457
-21.250 -17.750 -0.35981
-21.250 -17.250 -0.21159
-21.250 -16.750 -0.06064
-21.250 -16.250  0.09229
-21.250 -15.750  0.24647
-21.250 -15.250  0.40118
-21.250 -14.750  0.55573
-21.250 -14.250  0.70947
-21.250 -13.750  0.86179
-21.250 -13.250  1.01210
-21.250 -12.750  1.15987
-21.250 -12.250  1.30460
-21.250 -11.750  1.44584
-21.250 -11.250  1.58319
-21.250 -10.750  1.71627
-21.250 -10.250  1.84477
-21.250 -9.750  1.96839
-21.250 -9.250  2.08686
-21.250 -8.750  2.19998
-21.250 -8.250  2.30754
-21.250 -7.750  2.40937
-21.250 -7.250  2.50533
-21.250 -6.750  2.59529
-21.250 -6.250  2.67916
-21.250 -5.750  2.75682
-21.250 -5.250  2.82823
-21.250 -4.750  2.89329
-21.250 -4.250  2.95198
-21.250 -3.750  3.00424
-21.250 -3.250  3.05003
-21.250 -2.750  3.08933
-21.250 -2.250  3.12211
-21.250 -1.750  3.14835
-21.250 -1.250  3.16805
-21.250 -0.750  3.18118
-21.250 -0.250  3.18775
-21.250 0.250  3.18775
-21.250 0.750  3.18118
-21.250 1.250  3.16805
-21.250 1.750  3.14835
-21.250 2.250  3.12211
-21.250 2.750  3.08933
-21.250 3.250  3.05003
-21.250 3.750  3.00424
-21.250 4.250  2.95198
-21.250 4.750  2.89329
-21.250 5.250  2.82823
-21.250 5.750  2.75682
-21.250 6.250  2.67916
-21.250 6.750  2.59529
-21.250 7.250  2.50533
-21.250 7.750  2.40937
-21.250 8.250  2.30754
-21.250 8.750  2.19998
-21.250 9.250  2.08686
-21.250 9.750  1.96839
-21.250 10.250  1.84477
-21.250 10.750  1.71627
-21.250 11.250  1.58319
-21.250 11.750  1.44584
-21.250 12.250  1.30460
-21.250 12.750  1.15987
-21.250 13.250  1.01210
-21.250 13.750  0.86179
-21.250 14.250  0.70947
-21.250 14.750  0.55573
-21.250 15.250  0.40118
-21.250 15.750  0.24647
-21.250 16.250  0.09229
-21.250 16.750 -0.06064
-21.250 17.250 -0.21159
-21.250 17.750 -0.35981
-21.250 18.250 -0.50457
-21.250 18.750 -0.64511
-21.250 19.250 -0.78073
-21.250 19.750 -0.91072
-21.250 20.250 -1.03443
-21.250 20.750 -1.15127
-21.250 21.250 -1.26070
-21.250 21.750 -1.36225
-21.250 22.250 -1.45552
-21.250 22.750 -1.54022
-21.250 23.250 -1.61613
-21.250 23.750 -1.68312
-21.250 24.250 -1.74117
-21.250 24.750 -1.79032
-21.250 25.250 -1.83071
-21.250 25.750 -1.86258
-21.250 26.250 -1.88621
-21.250 26.750 -1.90195
-21.250 27.250 -1.91022
-21.250 27.750 -1.91147
-21.250 28.250 -1.90620
-21.250 28.750 -1.89491
-21.250 29.250 -1.87814
-21.250 29.750 -1.85642
-21.250 30.250 -1.83028
-21.250 30.750 -1.80024
-21.250 31.250 -1.76682
-21.250 31.750 -1.73049
-21.250 32.250 -1.69172
-21.250 32.750 -1.65094
-21.250 33.250 -1.60855
-21.250 33.750 -1.56493
-21.250 34.250 -1.52041
-21.250 34.750 -1.47531
-21.250 35.250 -1.42990
-21.250 35.750 -1.38443
-21.250 36.250 -1.33911
-21.250 36.750 -1.29413
-21.250 37.250 -1.24967
-21.250 37.750 -1.20586
-21.250 38.250 -1.16282
-21.250 38.750 -1.12065
-21.250 39.250 -1.07942
-21.250 39.750 -1.03922
-21.250 40.250 -1.00008
-21.250 40.750 -0.96205
-21.250 41.250 -0.92515
-21.250 41.750 -0.88939
-21.250 42.250 -0.85479
-21.250 42.750 -0.82134
-21.250 43.250 -0.78905
-21.250 43.750 -0.75789
-21.250 44.250 -0.72785
-21.250 44.750 -0.69891
-20.750 -44.750 -0.70099
-20.750 -44.250 -0.72902
-20.750 -43.750 -0.75806
-20.750 -43.250 -0.78812
-20.750 -42.750 -0.81921
-20.750 -42.250 -0.85134
-20.750 -41.750 -0.88449
-20.750 -41.250 -0.91867
-20.750 -40.750 -0.95386
-20.750 -40.250 -0.99003
-20.750 -39.750 -1.02715
-20.750 -39.250 -1.06517
-20.750 -38.750 -1.10404
-20.750 -38.250 -1.14369
-20.750 -37.750 -1.18402
-20.750 -37.250 -1.22494
-20.750 -36.750 -1.26632
-20.750 -36.250 -1.30802
-20.750 -35.750 -1.34988
-20.750 -35.250 -1.39170
-20.750 -34.750 -1.43328
-20.750 -34.250 -1.47437
-20.750 -33.750 -1.51472
-20.750 -33.250 -1.55402
-20.750 -32.750 -1.59197
-20.750 -32.250 -1.62821
-20.750 -31.750 -1.66237
-20.750 -31.250 -1.69405
-20.750 -30.750 -1.72283
-20.750 -30.250 -1.74827
-20.750 -29.750 -1.76991
-20.750 -29.250 -1.78728
-20.750 -28.750 -1.79991
-20.750 -28.250 -1.80733
-20.750 -27.750 -1.80906
-20.750 -27.250 -1.80466
-20.750 -26.750 -1.79371
-20.750 -26.250 -1.77580
-20.750 -25.750 -1.75059
-20.750 -25.250 -1.71777
-20.750 -24.750 -1.67709
-20.750 -24.250 -1.62838
-20.750 -23.750 -1.57151
-20.750 -23.250 -1.50646
-20.750 -22.750 -1.43326
-20.750 -22.250 -1.35203
-20.750 -21.750 -1.26297
-20.750 -21.250 -1.16635
-20.750 -20.750 -1.06253
-20.750 -20.250 -0.95194
-20.750 -19.750 -0.83503
-20.750 -19.250 -0.71237
-20.750 -18.750 -0.58452
-20.750 -18.250 -0.45211
-20.750 -17.750 -0.31579
-20.750 -17.250 -0.17621
-20.750 -16.750 -0.03406
-20.750 -16.250  0.11000
-20.750 -15.750  0.25529
-20.750 -15.250  0.40116
-20.750 -14.750  0.54699
-20.750 -14.250  0.69216
-20.750 -13.750  0.83612
-20.750 -13.250  0.97830
-20.750 -12.750  1.11822
-20.750 -12.250  1.25539
-20.750 -11.750  1.38940
-20.750 -11.250  1.51985
-20.750 -10.750  1.64638
-20.750 -10.250  1.76867
-20.750 -9.750  1.88643
-20.750 -9.250  1.99940
-20.750 -8.750  2.10737
-20.750 -8.250  2.21012
-20.750 -7.750  2.30749
-20.750 -7.250  2.39932
-20.750 -6.750  2.48547
-20.750 -6.250  2.56584
-20.750 -5.750  2.64032
-20.750 -5.250  2.70884
-20.750 -4.750  2.77131
-20.750 -4.250  2.82769
-20.750 -3.750  2.87790
-20.750 -3.250  2.92193
-20.750 -2.750  2.95972
-20.750 -2.250  2.99126
-20.750 -1.750  3.01651
-20.750 -1.250  3.03547
-20.750 -0.750  3.04811
-20.750 -0.250  3.05444
-20.750 0.250  3.05444
-20.750 0.750  3.04811
-20.750 1.250  3.03547
-20.750 1.750  3.01651
-20.750 2.250  2.99126
-20.750 2.750  2.95972
-20.750 3.250  2.92193
-20.750 3.750  2.87790
-20.750 4.250  2.82769
-20.750 4.750  2.77131
-20.750 5.250  2.70884
-20.750 5.750  2.64032
-20.750 6.250  2.56584
-20.750 6.750  2.48547
-20.750 7.250  2.39932
-20.750 7.750  2.30749
-20.750 8.250  2.21012
-20.750 8.750  2.10737
-20.750 9.250  1.99940
-20.750 9.750  1.88643
-20.750 10.250  1.76867
-20.750 10.750  1.64638
-20.750 11.250  1.51985
-20.750 11.750  1.38940
-20.750 12.250  1.25539
-20.750 12.750  1.11822
-20.750 13.250  0.97830
-20.750 13.750  0.83612
-20.750 14.250  0.69216
-20.750 14.750  0.54699
-20.750 15.250  0.40116
-20.750 15.750  0.25529
-20.750 16.250  0.11000
-20.750 16.750 -0.03406
-20.750 17.250 -0.17621
-20.750 17.750 -0.31579
-20.750 18.250 -0.45211
-20.750 18.750 -0.58452
-20.750 19.250 -0.71237
-20.750 19.750 -0.83503
-20.750 20.250 -0.95194
-20.750 20.750 -1.06253
-20.750 21.250 -1.16635
-20.750 21.750 -1.26297
-20.750 22.250 -1.35203
-20.750 22.750 -1.43326
-20.750 23.250 -1.50646
-20.750 23.750 -1.57151
-20.750 24.250 -1.62838
-20.750 24.750 -1.67709
-20.750 25.250 -1.71777
-20.750 25.750 -1.75059
-20.750 26.250 -1.77580
-20.750 26.750 -1.79371
-20.750 27.250 -1.80466
-20.750 27.750 -1.80906
-20.750 28.250 -1.80733
-20.750 28.750 -1.79991
-20.750 29.250 -1.78728
-20.750 29.750 -1.76991
-20.750 30.250 -1.74827
-20.750 30.750 -1.72283
-20.750 31.250 -1.69405
-20.750 31.750 -1.66237
-20.750 32.250 -1.62821
-20.750 32.750 -1.59197
-20.750 33.250 -1.55402
-20.750 33.750 -1.51472
-20.750 34.250 -1.47437
-20.750 34.750 -1.43328
-20.750 35.250 -1.39170
-20.750 35.750 -1.34988
-20.750 36.250 -1.30802
-20.750 36.750 -1.26632
-20.750 37.250 -1.22494
-20.750 37.750 -1.18402
-20.750 38.250 -1.14369
-20.750 38.750 -1.10404
-20.750 39.250 -1.06517
-20.750 39.750 -1.02715
-20.750 40.250 -0.99003
-20.750 40.750 -0.95386
-20.750 41.250 -0.91867
-20.750 41.750 -0.88449
-20.750 42.250 -0.85134
-20.750 42.750 -0.81921
-20.750 43.250 -0.78812
-20.750 43.750 -0.75806
-20.750 44.250 -0.72902
-20.750 44.750 -0.70099
-20.250 -44.750 -0.70207
-20.250 -44.250 -0.72919
-20.250 -43.750 -0.75722
-20.250 -43.250 -0.78617
-20.250 -42.750 -0.81605
-20.250 -42.250 -0.84685
-20.250 -41.750 -0.87857
-20.250 -41.250 -0.91119
-20.250 -40.750 -0.94468
-20.250 -40.250 -0.97902
-20.250 -39.750 -1.01417
-20.250 -39.250 -1.05007
-20.250 -38.750 -1.08666
-20.250 -38.250 -1.12386
-20.250 -37.750 -1.16159
-20.250 -37.250 -1.19974
-20.250 -36.750 -1.23818
-20.250 -36.250 -1.27677
-20.250 -35.750 -1.31535
-20.250 -35.250 -1.35374
-20.250 -34.750 -1.39172
-20.250 -34.250 -1.42907
-20.250 -33.750 -1.46554
-20.250 -33.250 -1.50085
-20.250 -32.750 -1.53471
-20.250 -32.250 -1.56678
-20.250 -31.750 -1.59673
-20.250 -31.250 -1.62418
-20.250 -30.750 -1.64876
-20.250 -30.250 -1.67006
-20.250 -29.750 -1.68767
-20.250 -29.250 -1.70116
-20.250 -28.750 -1.71013
-20.250 -28.250 -1.71414
-20.250 -27.750 -1.71278
-20.250 -27.250 -1.70567
-20.250 -26.750 -1.69242
-20.250 -26.250 -1.67271
-20.250 -25.750 -1.64622
-20.250 -25.250 -1.61269
-20.250 -24.750 -1.57192
-20.250 -24.250 -1.52375
-20.250 -23.750 -1.46811
-20.250 -23.250 -1.40495
-20.250 -22.750 -1.33434
-20.250 -22.250 -1.25637
-20.250 -21.750 -1.17125
-20.250 -21.250 -1.07922
-20.250 -20.750 -0.98059
-20.250 -20.250 -0.87575
-20.250 -19.750 -0.76512
-20.250 -19.250 -0.64920
-20.250 -18.750 -0.52850
-20.250 -18.250 -0.40358
-20.250 -17.750 -0.27501
-20.250 -17.250 -0.14341
-20.250 -16.750 -0.00938
-20.250 -16.250  0.12646
-20.250 -15.750  0.26352
-20.250 -15.250  0.40119
-20.250 -14.750  0.53890
-20.250 -14.250  0.67609
-20.250 -13.750  0.81221
-20.250 -13.250  0.94678
-20.250 -12.750  1.07931
-20.250 -12.250  1.20936
-20.250 -11.750  1.33653
-20.250 -11.250  1.46043
-20.250 -10.750  1.58072
-20.250 -10.250  1.69709
-20.250 -9.750  1.80926
-20.250 -9.250  1.91696
-20.250 -8.750  2.01997
-20.250 -8.250  2.11810
-20.250 -7.750  2.21115
-20.250 -7.250  2.29898
-20.250 -6.750  2.38144
-20.250 -6.250  2.45841
-20.250 -5.750  2.52980
-20.250 -5.250  2.59550
-20.250 -4.750  2.65543
-20.250 -4.250  2.70954
-20.250 -3.750  2.75777
-20.250 -3.250  2.80006
-20.250 -2.750  2.83638
-20.250 -2.250  2.86670
-20.250 -1.750  2.89098
-20.250 -1.250  2.90920
-20.250 -0.750  2.92136
-20.250 -0.250  2.92745
-20.250 0.250  2.92745
-20.250 0.750  2.92136
-20.250 1.250  2.90920
-20.250 1.750  2.89098
-20.250 2.250  2.86670
-20.250 2.750  2.83638
-20.250 3.250  2.80006
-20.250 3.750  2.75777
-20.250 4.250  2.70954
-20.250 4.750  2.65543
-20.250 5.250  2.59550
-20.250 5.750  2.52980
-20.250 6.250  2.45841
-20.250 6.750  2.38144
-20.250 7.250  2.29898
-20.250 7.750  2.21115
-20.250 8.250  2.11810
-20.250 8.750  2.01997
-20.250 9.250  1.91696
-20.250 9.750  1.80926
-20.250 10.250  1.69709
-20.250 10.750  1.58072
-20.250 11.250  1.46043
-20.250 11.750  1.33653
-20.250 12.250  1.20936
-20.250 12.750  1.07931
-20.250 13.250  0.94678
-20.250 13.750  0.81221
-20.250 14.250  0.67609
-20.250 14.750  0.53890
-20.250 15.250  0.40119
-20.250 15.750  0.26352
-20.250 16.250  0.12646
-20.250 16.750 -0.00938
-20.250 17.250 -0.14341
-20.250 17.750 -0.27501
-20.250 18.250 -0.40358
-20.250 18.750 -0.52850
-20.250 19.250 -0.64920
-20.250 19.750 -0.76512
-20.250 20.250 -0.87575
-20.250 20.750 -0.98059
-20.250 21.250 -1.07922
-20.250 21.750 -1.17125
-20.250 22.250 -1.25637
-20.250 22.750 -1.33434
-20.250 23.250 -1.40495
-20.250 23.750 -1.46811
-20.250 24.250 -1.52375
-20.250 24.750 -1.57192
-20.250 25.250 -1.61269
-20.250 25.750 -1.64622
-20.250 26.250 -1.67271
-20.250 26.750 -1.69242
-20.250 27.250 -1.70567
-20.250 27.750 -1.71278
-20.250 28.250 -1.71414
-20.250 28.750 -1.71013
-20.250 29.250 -1.70116
-20.250 29.750 -1.68767
-20.250 30.250 -1.67006
-20.250 30.750 -1.64876
-20.250 31.250 -1.62418
-20.250 31.750 -1.59673
-20.250 32.250 -1.56678
-20.250 32.750 -1.53471
-20.250 33.250 -1.50085
-20.250 33.750 -1.46554
-20.250 34.250 -1.42907
-20.250 34.750 -1.39172
-20.250 35.250 -1.35374
-20.250 35.750 -1.31535
-20.250 36.250 -1.27677
-20.250 36.750 -1.23818
-20.250 37.250 -1.19974
-20.250 37.750 -1.16159
-20.250 38.250 -1.12386
-20.250 38.750 -1.08666
-20.250 39.250 -1.05007
-20.250 39.750 -1.01417
-20.250 40.250 -0.97902
-20.250 40.750 -0.94468
-20.250 41.250 -0.91119
-20.250 41.750 -0.87857
-20.250 42.250 -0.84685
-20.250 42.750 -0.81605
-20.250 43.250 -0.78617
-20.250 43.750 -0.75722
-20.250 44.250 -0.72919
-20.250 44.750 -0.70207
-19.750 -44.750 -0.70225
-19.750 -44.250 -0.72843
-19.750 -43.750 -0.75545
-19.750 -43.250 -0.78329
-19.750 -42.750 -0.81197
-19.750 -42.250 -0.84146
-19.750 -41.750 -0.87175
-19.750 -41.250 -0.90283
-19.750 -40.750 -0.93466
-19.750 -40.250 -0.96721
-19.750 -39.750 -1.00043
-19.750 -39.250 -1.03427
-19.750 -38.750 -1.06866
-19.750 -38.250 -1.10352
-19.750 -37.750 -1.13875
-19.750 -37.250 -1.17425
-19.750 -36.750 -1.20989
-19.750 -36.250 -1.24554
-19.750 -35.750 -1.28102
-19.750 -35.250 -1.31617
-19.750 -34.750 -1.35079
-19.750 -34.250 -1.38465
-19.750 -33.750 -1.41752
-19.750 -33.250 -1.44914
-19.750 -32.750 -1.47922
-19.750 -32.250 -1.50748
-19.750 -31.750 -1.53358
-19.750 -31.250 -1.55719
-19.750 -30.750 -1.57796
-19.750 -30.250 -1.59553
-19.750 -29.750 -1.60953
-19.750 -29.250 -1.61958
-19.750 -28.750 -1.62530
-19.750 -28.250 -1.62631
-19.750 -27.750 -1.62227
-19.750 -27.250 -1.61281
-19.750 -26.750 -1.59762
-19.750 -26.250 -1.57640
-19.750 -25.750 -1.54889
-19.750 -25.250 -1.51486
-19.750 -24.750 -1.47415
-19.750 -24.250 -1.42662
-19.750 -23.750 -1.37222
-19.750 -23.250 -1.31092
-19.750 -22.750 -1.24277
-19.750 -22.250 -1.16790
-19.750 -21.750 -1.08646
-19.750 -21.250 -0.99868
-19.750 -20.750 -0.90487
-19.750 -20.250 -0.80535
-19.750 -19.750 -0.70052
-19.750 -19.250 -0.59081
-19.750 -18.750 -0.47670
-19.750 -18.250 -0.35868
-19.750 -17.750 -0.23728
-19.750 -17.250 -0.11304
-19.750 -16.750  0.01348
-19.750 -16.250  0.14173
-19.750 -15.750  0.27115
-19.750 -15.250  0.40120
-19.750 -14.750  0.53134
-19.750 -14.250  0.66107
-19.750 -13.750  0.78988
-19.750 -13.250  0.91730
-19.750 -12.750  1.04289
-19.750 -12.250  1.16623
-19.750 -11.750  1.28693
-19.750 -11.250  1.40463
-19.750 -10.750  1.51900
-19.750 -10.250  1.62973
-19.750 -9.750  1.73655
-19.750 -9.250  1.83921
-19.750 -8.750  1.93747
-19.750 -8.250  2.03114
-19.750 -7.750  2.12004
-19.750 -7.250  2.20401
-19.750 -6.750  2.28289
-19.750 -6.250  2.35658
-19.750 -5.750  2.42495
-19.750 -5.250  2.48791
-19.750 -4.750  2.54539
-19.750 -4.250  2.59729
-19.750 -3.750  2.64357
-19.750 -3.250  2.68417
-19.750 -2.750  2.71905
-19.750 -2.250  2.74816
-19.750 -1.750  2.77149
-19.750 -1.250  2.78901
-19.750 -0.750  2.80069
-19.750 -0.250  2.80654
-19.750 0.250  2.80654
-19.750 0.750  2.80069
-19.750 1.250  2.78901
-19.750 1.750  2.77149
-19.750 2.250  2.74816
-19.750 2.750  2.71905
-19.750 3.250  2.68417
-19.750 3.750  2.64357
-19.750 4.250  2.59729
-19.750 4.750  2.54539
-19.750 5.250  2.48791
-19.750 5.750  2.42495
-19.750 6.250  2.35658
-19.750 6.750  2.28289
-19.750 7.250  2.20401
-19.750 7.750  2.12004
-19.750 8.250  2.03114
-19.750 8.750  1.93747
-19.750 9.250  1.83921
-19.750 9.750  1.73655
-19.750 10.250  1.62973
-19.750 10.750  1.51900
-19.750 11.250  1.40463
-19.750 11.750  1.28693
-19.750 12.250  1.16623
-19.750 12.750  1.04289
-19.750 13.250  0.91730
-19.750 13.750  0.78988
-19.750 14.250  0.66107
-19.750 14.750  0.53134
-19.750 15.250  0.40120
-19.750 15.750  0.27115
-19.750 16.250  0.14173
-19.750 16.750  0.01348
-19.750 17.250 -0.11304
-19.750 17.750 -0.23728
-19.750 18.250 -0.35868
-19.750 18.750 -0.47670
-19.750 19.250 -0.59081
-19.750 19.750 -0.70052
-19.750 20.250 -0.80535
-19.750 20.750 -0.90487
-19.750 21.250 -0.99868
-19.750 21.750 -1.08646
-19.750 22.250 -1.16790
-19.750 22.750 -1.24277
-19.750 23.250 -1.31092
-19.750 23.750 -1.37222
-19.750 24.250 -1.42662
-19.750 24.750 -1.47415
-19.750 25.250 -1.51486
-19.750 25.750 -1.54889
-19.750 26.250 -1.57640
-19.750 26.750 -1.59762
-19.750 27.250 -1.61281
-19.750 27.750 -1.62227
-19.750 28.250 -1.62631
-19.750 28.750 -1.62530
-19.750 29.250 -1.61958
-19.750 29.750 -1.60953
-19.750 30.250 -1.59553
-19.750 30.750 -1.57796
-19.750 31.250 -1.55719
-19.750 31.750 -1.53358
-19.750 32.250 -1.50748
-19.750 32.750 -1.47922
-19.750 33.250 -1.44914
-19.750 33.750 -1.41752
-19.750 34.250 -1.38465
-19.750 34.750 -1.35079
-19.750 35.250 -1.31617
-19.750 35.750 -1.28102
-19.750 36.250 -1.24554
-19.750 36.750 -1.20989
-19.750 37.250 -1.17425
-19.750 37.750 -1.13875
-19.750 38.250 -1.10352
-19.750 38.750 -1.06866
-19.750 39.250 -1.03427
-19.750 39.750 -1.00043
-19.750 40.250 -0.96721
-19.750 40.750 -0.93466
-19.750 41.250 -0.90283
-19.750 41.750 -0.87175
-19.750 42.250 -0.84146
-19.750 42.750 -0.81197
-19.750 43.250 -0.78329
-19.750 43.750 -0.75545
-19.750 44.250 -0.72843
-19.750 44.750 -0.70225
-19.250 -44.750 -0.70160
-19.250 -44.250 -0.72685
-19.250 -43.750 -0.75285
-19.250 -43.250 -0.77959
-19.250 -42.750 -0.80706
-19.250 -42.250 -0.83525
-19.250 -41.750 -0.86414
-19.250 -41.250 -0.89371
-19.250 -40.750 -0.92391
-19.250 -40.250 -0.95472
-19.250 -39.750 -0.98607
-19.250 -39.250 -1.01792
-19.250 -38.750 -1.05019
-19.250 -38.250 -1.08279
-19.250 -37.750 -1.11563
-19.250 -37.250 -1.14861
-19.250 -36.750 -1.18160
-19.250 -36.250 -1.21445
-19.250 -35.750 -1.24703
-19.250 -35.250 -1.27914
-19.250 -34.750 -1.31061
-19.250 -34.250 -1.34122
-19.250 -33.750 -1.37075
-19.250 -33.250 -1.39895
-19.250 -32.750 -1.42557
-19.250 -32.250 -1.45032
-19.250 -31.750 -1.47291
-19.250 -31.250 -1.49303
-19.250 -30.750 -1.51037
-19.250 -30.250 -1.52458
-19.250 -29.750 -1.53535
-19.250 -29.250 -1.54232
-19.250 -28.750 -1.54517
-19.250 -28.250 -1.54355
-19.250 -27.750 -1.53716
-19.250 -27.250 -1.52569
-19.250 -26.750 -1.50885
-19.250 -26.250 -1.48639
-19.250 -25.750 -1.45808
-19.250 -25.250 -1.42373
-19.250 -24.750 -1.38320
-19.250 -24.250 -1.33639
-19.250 -23.750 -1.28323
-19.250 -23.250 -1.22374
-19.250 -22.750 -1.15796
-19.250 -22.250 -1.08599
-19.250 -21.750 -1.00800
-19.250 -21.250 -0.92420
-19.250 -20.750 -0.83486
-19.250 -20.250 -0.74027
-19.250 -19.750 -0.64080
-19.250 -19.250 -0.53684
-19.250 -18.750 -0.42881
-19.250 -18.250 -0.31717
-19.250 -17.750 -0.20239
-19.250 -17.250 -0.08496
-19.250 -16.750  0.03461
-19.250 -16.250  0.15581
-19.250 -15.750  0.27815
-19.250 -15.250  0.40111
-19.250 -14.750  0.52421
-19.250 -14.250  0.64697
-19.250 -13.750  0.76893
-19.250 -13.250  0.88965
-19.250 -12.750  1.00872
-19.250 -12.250  1.12574
-19.250 -11.750  1.24033
-19.250 -11.250  1.35217
-19.250 -10.750  1.46091
-19.250 -10.250  1.56629
-19.250 -9.750  1.66801
-19.250 -9.250  1.76585
-19.250 -8.750  1.85957
-19.250 -8.250  1.94897
-19.250 -7.750  2.03387
-19.250 -7.250  2.11412
-19.250 -6.750  2.18956
-19.250 -6.250  2.26006
-19.250 -5.750  2.32552
-19.250 -5.250  2.38583
-19.250 -4.750  2.44090
-19.250 -4.250  2.49067
-19.250 -3.750  2.53505
-19.250 -3.250  2.57400
-19.250 -2.750  2.60747
-19.250 -2.250  2.63542
-19.250 -1.750  2.65782
-19.250 -1.250  2.67464
-19.250 -0.750  2.68586
-19.250 -0.250  2.69148
-19.250 0.250  2.69148
-19.250 0.750  2.68586
-19.250 1.250  2.67464
-19.250 1.750  2.65782
-19.250 2.250  2.63542
-19.250 2.750  2.60747
-19.250 3.250  2.57400
-19.250 3.750  2.53505
-19.250 4.250  2.49067
-19.250 4.750  2.44090
-19.250 5.250  2.38583
-19.250 5.750  2.32552
-19.250 6.250  2.26006
-19.250 6.750  2.18956
-19.250 7.250  2.11412
-19.250 7.750  2.03387
-19.250 8.250  1.94897
-19.250 8.750  1.85957
-19.250 9.250  1.76585
-19.250 9.750  1.66801
-19.250 10.250  1.56629
-19.250 10.750  1.46091
-19.250 11.250  1.35217
-19.250 11.750  1.24033
-19.250 12.250  1.12574
-19.250 12.750  1.00872
-19.250 13.250  0.88965
-19.250 13.750  0.76893
-19.250 14.250  0.64697
-19.250 14.750  0.52421
-19.250 15.250  0.40111
-19.250 15.750  0.27815
-19.250 16.250  0.15581
-19.250 16.750  0.03461
-19.250 17.250 -0.08496
-19.250 17.750 -0.20239
-19.250 18.250 -0.31717
-19.250 18.750 -0.42881
-19.250 19.250 -0.53684
-19.250 19.750 -0.64080
-19.250 20.250 -0.74027
-19.250 20.750 -0.83486
-19.250 21.250 -0.92420
-19.250 21.750 -1.00800
-19.250 22.250 -1.08599
-19.250 22.750 -1.15796
-19.250 23.250 -1.22374
-19.250 23.750 -1.28323
-19.250 24.250 -1.33639
-19.250 24.750 -1.38320
-19.250 25.250 -1.42373
-19.250 25.750 -1.45808
-19.250 26.250 -1.48639
-19.250 26.750 -1.50885
-19.250 27.250 -1.52569
-19.250 27.750 -1.53716
-19.250 28.250 -1.54355
-19.250 28.750 -1.54517
-19.250 29.250 -1.54232
-19.250 29.750 -1.53535
-19.250 30.250 -1.52458
-19.250 30.750 -1.51037
-19.250 31.250 -1.49303
-19.250 31.750 -1.47291
-19.250 32.250 -1.45032
-19.250 32.750 -1.42557
-19.250 33.250 -1.39895
-19.250 33.750 -1.37075
-19.250 34.250 -1.34122
-19.250 34.750 -1.31061
-19.250 35.250 -1.27914
-19.250 35.750 -1.24703
-19.250 36.250 -1.21445
-19.250 36.750 -1.18160
-19.250 37.250 -1.14861
-19.250 37.750 -1.11563
-19.250 38.250 -1.08279
-19.250 38.750 -1.05019
-19.250 39.250 -1.01792
-19.250 39.750 -0.98607
-19.250 40.250 -0.95472
-19.250 40.750 -0.92391
-19.250 41.250 -0.89371
-19.250 41.750 -0.86414
-19.250 42.250 -0.83525
-19.250 42.750 -0.80706
-19.250 43.250 -0.77959
-19.250 43.750 -0.75285
-19.250 44.250 -0.72685
-19.250 44.750 -0.70160
-18.750 -44.750 -0.70020
-18.750 -44.250 -0.72452
-18.750 -43.750 -0.74951
-18.750 -43.250 -0.77515
-18.750 -42.750 -0.80144
-18.750 -42.250 -0.82835
-18.750 -41.750 -0.85586
-18.750 -41.250 -0.88395
-18.750 -40.750 -0.91257
-18.750 -40.250 -0.94168
-18.750 -39.750 -0.97123
-18.750 -39.250 -1.00115
-18.750 -38.750 -1.03138
-18.750 -38.250 -1.06182
-18.750 -37.750 -1.09238
-18.750 -37.250 -1.12296
-18.750 -36.750 -1.15343
-18.750 -36.250 -1.18365
-18.750 -35.750 -1.21348
-18.750 -35.250 -1.24275
-18.750 -34.750 -1.27128
-18.750 -34.250 -1.29887
-18.750 -33.750 -1.32530
-18.750 -33.250 -1.35035
-18.750 -32.750 -1.37378
-18.750 -32.250 -1.39532
-18.750 -31.750 -1.41471
-18.750 -31.250 -1.43166
-18.750 -30.750 -1.44589
-18.750 -30.250 -1.45709
-18.750 -29.750 -1.46496
-18.750 -29.250 -1.46919
-18.750 -28.750 -1.46950
-18.750 -28.250 -1.46558
-18.750 -27.750 -1.45715
-18.750 -27.250 -1.44394
-18.750 -26.750 -1.42571
-18.750 -26.250 -1.40223
-18.750 -25.750 -1.37331
-18.750 -25.250 -1.33879
-18.750 -24.750 -1.29855
-18.750 -24.250 -1.25249
-18.750 -23.750 -1.20059
-18.750 -23.250 -1.14285
-18.750 -22.750 -1.07933
-18.750 -22.250 -1.01012
-18.750 -21.750 -0.93537
-18.750 -21.250 -0.85528
-18.750 -20.750 -0.77009
-18.750 -20.250 -0.68008
-18.750 -19.750 -0.58558
-18.750 -19.250 -0.48694
-18.750 -18.750 -0.38454
-18.750 -18.250 -0.27879
-18.750 -17.750 -0.17014
-18.750 -17.250 -0.05902
-18.750 -16.750  0.05411
-18.750 -16.250  0.16877
-18.750 -15.750  0.28452
-18.750 -15.250  0.40089
-18.750 -14.750  0.51742
-18.750 -14.250  0.63367
-18.750 -13.750  0.74923
-18.750 -13.250  0.86367
-18.750 -12.750  0.97661
-18.750 -12.250  1.08767
-18.750 -11.750  1.19651
-18.750 -11.250  1.30279
-18.750 -10.750  1.40621
-18.750 -10.250  1.50649
-18.750 -9.750  1.60337
-18.750 -9.250  1.69661
-18.750 -8.750  1.78598
-18.750 -8.250  1.87129
-18.750 -7.750  1.95237
-18.750 -7.250  2.02903
-18.750 -6.750  2.10115
-18.750 -6.250  2.16859
-18.750 -5.750  2.23124
-18.750 -5.250  2.28898
-18.750 -4.750  2.34173
-18.750 -4.250  2.38942
-18.750 -3.750  2.43197
-18.750 -3.250  2.46932
-18.750 -2.750  2.50142
-18.750 -2.250  2.52824
-18.750 -1.750  2.54973
-18.750 -1.250  2.56587
-18.750 -0.750  2.57664
-18.750 -0.250  2.58203
-18.750 0.250  2.58203
-18.750 0.750  2.57664
-18.750 1.250  2.56587
-18.750 1.750  2.54973
-18.750 2.250  2.52824
-18.750 2.750  2.50142
-18.750 3.250  2.46932
-18.750 3.750  2.43197
-18.750 4.250  2.38942
-18.750 4.750  2.34173
-18.750 5.250  2.28898
-18.750 5.750  2.23124
-18.750 6.250  2.16859
-18.750 6.750  2.10115
-18.750 7.250  2.02903
-18.750 7.750  1.95237
-18.750 8.250  1.87129
-18.750 8.750  1.78598
-18.750 9.250  1.69661
-18.750 9.750  1.60337
-18.750 10.250  1.50649
-18.750 10.750  1.40621
-18.750 11.250  1.30279
-18.750 11.750  1.19651
-18.750 12.250  1.08767
-18.750 12.750  0.97661
-18.750 13.250  0.86367
-18.750 13.750  0.74923
-18.750 14.250  0.63367
-18.750 14.750  0.51742
-18.750 15.250  0.40089
-18.750 15.750  0.28452
-18.750 16.250  0.16877
-18.750 16.750  0.05411
-18.750 17.250 -0.05902
-18.750 17.750 -0.17014
-18.750 18.250 -0.27879
-18.750 18.750 -0.38454
-18.750 19.250 -0.48694
-18.750 19.750 -0.58558
-18.750 20.250 -0.68008
-18.750 20.750 -0.77009
-18.750 21.250 -0.85528
-18.750 21.750 -0.93537
-18.750 22.250 -1.01012
-18.750 22.750 -1.07933
-18.750 23.250 -1.14285
-18.750 23.750 -1.20059
-18.750 24.250 -1.25249
-18.750 24.750 -1.29855
-18.750 25.250 -1.33879
-18.750 25.750 -1.37331
-18.750 26.250 -1.40223
-18.750 26.750 -1.42571
-18.750 27.250 -1.44394
-18.750 27.750 -1.45715
-18.750 28.250 -1.46558
-18.750 28.750 -1.46950
-18.750 29.250 -1.46919
-18.750 29.750 -1.46496
-18.750 30.250 -1.45709
-18.750 30.750 -1.44589
-18.750 31.250 -1.43166
-18.750 31.750 -1.41471
-18.750 32.250 -1.39532
-18.750 32.750 -1.37378
-18.750 33.250 -1.35035
-18.750 33.750 -1.32530
-18.750 34.250 -1.29887
-18.750 34.750 -1.27128
-18.750 35.250 -1.24275
-18.750 35.750 -1.21348
-18.750 36.250 -1.18365
-18.750 36.750 -1.15343
-18.750 37.250 -1.12296
-18.750 37.750 -1.09238
-18.750 38.250 -1.06182
-18.750 38.750 -1.03138
-18.750 39.250 -1.00115
-18.750 39.750 -0.97123
-18.750 40.250 -0.94168
-18.750 40.750 -0.91257
-18.750 41.250 -0.88395
-18.750 41.750 -0.85586
-18.750 42.250 -0.82835
-18.750 42.750 -0.80144
-18.750 43.250 -0.77515
-18.750 43.750 -0.74951
-18.750 44.250 -0.72452
-18.750 44.750 -0.70020
-18.250 -44.750 -0.69814
-18.250 -44.250 -0.72153
-18.250 -43.750 -0.74551
-18.250 -43.250 -0.77007
-18.250 -42.750 -0.79518
-18.250 -42.250 -0.82084
-18.250 -41.750 -0.84700
-18.250 -41.250 -0.87365
-18.250 -40.750 -0.90073
-18.250 -40.250 -0.92820
-18.250 -39.750 -0.95600
-18.250 -39.250 -0.98408
-18.250 -38.750 -1.01234
-18.250 -38.250 -1.04072
-18.250 -37.750 -1.06911
-18.250 -37.250 -1.09741
-18.250 -36.750 -1.12550
-18.250 -36.250 -1.15324
-18.250 -35.750 -1.18050
-18.250 -35.250 -1.20710
-18.250 -34.750 -1.23289
-18.250 -34.250 -1.25766
-18.250 -33.750 -1.28123
-18.250 -33.250 -1.30337
-18.250 -32.750 -1.32387
-18.250 -32.250 -1.34248
-18.250 -31.750 -1.35895
-18.250 -31.250 -1.37302
-18.250 -30.750 -1.38443
-18.250 -30.250 -1.39292
-18.250 -29.750 -1.39820
-18.250 -29.250 -1.40000
-18.250 -28.750 -1.39806
-18.250 -28.250 -1.39211
-18.250 -27.750 -1.38191
-18.250 -27.250 -1.36722
-18.250 -26.750 -1.34782
-18.250 -26.250 -1.32352
-18.250 -25.750 -1.29415
-18.250 -25.250 -1.25958
-18.250 -24.750 -1.21971
-18.250 -24.250 -1.17446
-18.250 -23.750 -1.12381
-18.250 -23.250 -1.06777
-18.250 -22.750 -1.00639
-18.250 -22.250 -0.93979
-18.250 -21.750 -0.86808
-18.250 -21.250 -0.79146
-18.250 -20.750 -0.71015
-18.250 -20.250 -0.62440
-18.250 -19.750 -0.53451
-18.250 -19.250 -0.44079
-18.250 -18.750 -0.34361
-18.250 -18.250 -0.24333
-18.250 -17.750 -0.14036
-18.250 -17.250 -0.03509
-18.250 -16.750  0.07206
-18.250 -16.250  0.18065
-18.250 -15.750  0.29027
-18.250 -15.250  0.40050
-18.250 -14.750  0.51090
-18.250 -14.250  0.62108
-18.250 -13.750  0.73064
-18.250 -13.250  0.83919
-18.250 -12.750  0.94637
-18.250 -12.250  1.05183
-18.250 -11.750  1.15523
-18.250 -11.250  1.25627
-18.250 -10.750  1.35465
-18.250 -10.250  1.45010
-18.250 -9.750  1.54237
-18.250 -9.250  1.63123
-18.250 -8.750  1.71646
-18.250 -8.250  1.79786
-18.250 -7.750  1.87526
-18.250 -7.250  1.94850
-18.250 -6.750  2.01743
-18.250 -6.250  2.08192
-18.250 -5.750  2.14185
-18.250 -5.250  2.19712
-18.250 -4.750  2.24764
-18.250 -4.250  2.29331
-18.250 -3.750  2.33408
-18.250 -3.250  2.36988
-18.250 -2.750  2.40066
-18.250 -2.250  2.42637
-18.250 -1.750  2.44699
-18.250 -1.250  2.46247
-18.250 -0.750  2.47280
-18.250 -0.250  2.47797
-18.250 0.250  2.47797
-18.250 0.750  2.47280
-18.250 1.250  2.46247
-18.250 1.750  2.44699
-18.250 2.250  2.42637
-18.250 2.750  2.40066
-18.250 3.250  2.36988
-18.250 3.750  2.33408
-18.250 4.250  2.29331
-18.250 4.750  2.24764
-18.250 5.250  2.19712
-18.250 5.750  2.14185
-18.250 6.250  2.08192
-18.250 6.750  2.01743
-18.250 7.250  1.94850
-18.250 7.750  1.87526
-18.250 8.250  1.79786
-18.250 8.750  1.71646
-18.250 9.250  1.63123
-18.250 9.750  1.54237
-18.250 10.250  1.45010
-18.250 10.750  1.35465
-18.250 11.250  1.25627
-18.250 11.750  1.15523
-18.250 12.250  1.05183
-18.250 12.750  0.94637
-18.250 13.250  0.83919
-18.250 13.750  0.73064
-18.250 14.250  0.62108
-18.250 14.750  0.51090
-18.250 15.250  0.40050
-18.250 15.750  0.29027
-18.250 16.250  0.18065
-18.250 16.750  0.07206
-18.250 17.250 -0.03509
-18.250 17.750 -0.14036
-18.250 18.250 -0.24333
-18.250 18.750 -0.34361
-18.250 19.250 -0.44079
-18.250 19.750 -0.53451
-18.250 20.250 -0.62440
-18.250 20.750 -0.71015
-18.250 21.250 -0.79146
-18.250 21.750 -0.86808
-18.250 22.250 -0.93979
-18.250 22.750 -1.00639
-18.250 23.250 -1.06777
-18.250 23.750 -1.12381
-18.250 24.250 -1.17446
-18.250 24.750 -1.21971
-18.250 25.250 -1.25958
-18.250 25.750 -1.29415
-18.250 26.250 -1.32352
-18.250 26.750 -1.34782
-18.250 27.250 -1.36722
-18.250 27.750 -1.38191
-18.250 28.250 -1.39211
-18.250 28.750 -1.39806
-18.250 29.250 -1.40000
-18.250 29.750 -1.39820
-18.250 30.250 -1.39292
-18.250 30.750 -1.38443
-18.250 31.250 -1.37302
-18.250 31.750 -1.35895
-18.250 32.250 -1.34248
-18.250 32.750 -1.32387
-18.250 33.250 -1.30337
-18.250 33.750 -1.28123
-18.250 34.250 -1.25766
-18.250 34.750 -1.23289
-18.250 35.250 -1.20710
-18.250 35.750 -1.18050
-18.250 36.250 -1.15324
-18.250 36.750 -1.12550
-18.250 37.250 -1.09741
-18.250 37.750 -1.06911
-18.250 38.250 -1.04072
-18.250 38.750 -1.01234
-18.250 39.250 -0.98408
-18.250 39.750 -0.95600
-18.250 40.250 -0.92820
-18.250 40.750 -0.90073
-18.250 41.250 -0.87365
-18.250 41.750 -0.84700
-18.250 42.250 -0.82084
-18.250 42.750 -0.79518
-18.250 43.250 -0.77007
-18.250 43.750 -0.74551
-18.250 44.250 -0.72153
-18.250 44.750 -0.69814
-17.750 -44.750 -0.69548
-17.750 -44.250 -0.71795
-17.750 -43.750 -0.74093
-17.750 -43.250 -0.76442
-17.750 -42.750 -0.78839
-17.750 -42.250 -0.81282
-17.750 -41.750 -0.83767
-17.750 -41.250 -0.86291
-17.750 -40.750 -0.88850
-17.750 -40.250 -0.91439
-17.750 -39.750 -0.94051
-17.750 -39.250 -0.96681
-17.750 -38.750 -0.99320
-17.750 -38.250 -1.01961
-17.750 -37.750 -1.04594
-17.750 -37.250 -1.07208
-17.750 -36.750 -1.09792
-17.750 -36.250 -1.12332
-17.750 -35.750 -1.14816
-17.750 -35.250 -1.17227
-17.750 -34.750 -1.19550
-17.750 -34.250 -1.21767
-17.750 -33.750 -1.23858
-17.750 -33.250 -1.25804
-17.750 -32.750 -1.27584
-17.750 -32.250 -1.29176
-17.750 -31.750 -1.30557
-17.750 -31.250 -1.31704
-17.750 -30.750 -1.32591
-17.750 -30.250 -1.33195
-17.750 -29.750 -1.33491
-17.750 -29.250 -1.33455
-17.750 -28.750 -1.33063
-17.750 -28.250 -1.32290
-17.750 -27.750 -1.31117
-17.750 -27.250 -1.29521
-17.750 -26.750 -1.27483
-17.750 -26.250 -1.24988
-17.750 -25.750 -1.22021
-17.750 -25.250 -1.18569
-17.750 -24.750 -1.14625
-17.750 -24.250 -1.10183
-17.750 -23.750 -1.05241
-17.750 -23.250 -0.99802
-17.750 -22.750 -0.93870
-17.750 -22.250 -0.87456
-17.750 -21.750 -0.80572
-17.750 -21.250 -0.73235
-17.750 -20.750 -0.65465
-17.750 -20.250 -0.57287
-17.750 -19.750 -0.48726
-17.750 -19.250 -0.39812
-17.750 -18.750 -0.30578
-17.750 -18.250 -0.21058
-17.750 -17.750 -0.11287
-17.750 -17.250 -0.01303
-17.750 -16.750  0.08856
-17.750 -16.250  0.19151
-17.750 -15.750  0.29543
-17.750 -15.250  0.39993
-17.750 -14.750  0.50462
-17.750 -14.250  0.60912
-17.750 -13.750  0.71306
-17.750 -13.250  0.81609
-17.750 -12.750  0.91787
-17.750 -12.250  1.01805
-17.750 -11.750  1.11633
-17.750 -11.250  1.21242
-17.750 -10.750  1.30603
-17.750 -10.250  1.39690
-17.750 -9.750  1.48480
-17.750 -9.250  1.56949
-17.750 -8.750  1.65076
-17.750 -8.250  1.72844
-17.750 -7.750  1.80233
-17.750 -7.250  1.87228
-17.750 -6.750  1.93816
-17.750 -6.250  1.99981
-17.750 -5.750  2.05714
-17.750 -5.250  2.11002
-17.750 -4.750  2.15838
-17.750 -4.250  2.20211
-17.750 -3.750  2.24117
-17.750 -3.250  2.27547
-17.750 -2.750  2.30497
-17.750 -2.250  2.32961
-17.750 -1.750  2.34938
-17.750 -1.250  2.36422
-17.750 -0.750  2.37413
-17.750 -0.250  2.37909
-17.750 0.250  2.37909
-17.750 0.750  2.37413
-17.750 1.250  2.36422
-17.750 1.750  2.34938
-17.750 2.250  2.32961
-17.750 2.750  2.30497
-17.750 3.250  2.27547
-17.750 3.750  2.24117
-17.750 4.250  2.20211
-17.750 4.750  2.15838
-17.750 5.250  2.11002
-17.750 5.750  2.05714
-17.750 6.250  1.99981
-17.750 6.750  1.93816
-17.750 7.250  1.87228
-17.750 7.750  1.80233
-17.750 8.250  1.72844
-17.750 8.750  1.65076
-17.750 9.250  1.56949
-17.750 9.750  1.48480
-17.750 10.250  1.39690
-17.750 10.750  1.30603
-17.750 11.250  1.21242
-17.750 11.750  1.11633
-17.750 12.250  1.01805
-17.750 12.750  0.91787
-17.750 13.250  0.81609
-17.750 13.750  0.71306
-17.750 14.250  0.60912
-17.750 14.750  0.50462
-17.750 15.250  0.39993
-17.750 15.750  0.29543
-17.750 16.250  0.19151
-17.750 16.750  0.08856
-17.750 17.250 -0.01303
-17.750 17.750 -0.11287
-17.750 18.250 -0.21058
-17.750 18.750 -0.30578
-17.750 19.250 -0.39812
-17.750 19.750 -0.48726
-17.750 20.250 -0.57287
-17.750 20.750 -0.65465
-17.750 21.250 -0.73235
-17.750 21.750 -0.80572
-17.750 22.250 -0.87456
-17.750 22.750 -0.93870
-17.750 23.250 -0.99802
-17.750 23.750 -1.05241
-17.750 24.250 -1.10183
-17.750 24.750 -1.14625
-17.750 25.250 -1.18569
-17.750 25.750 -1.22021
-17.750 26.250 -1.24988
-17.750 26.750 -1.27483
-17.750 27.250 -1.29521
-17.750 27.750 -1.31117
-17.750 28.250 -1.32290
-17.750 28.750 -1.33063
-17.750 29.250 -1.33455
-17.750 29.750 -1.33491
-17.750 30.250 -1.33195
-17.750 30.750 -1.32591
-17.750 31.250 -1.31704
-17.750 31.750 -1.30557
-17.750 32.250 -1.29176
-17.750 32.750 -1.27584
-17.750 33.250 -1.25804
-17.750 33.750 -1.23858
-17.750 34.250 -1.21767
-17.750 34.750 -1.19550
-17.750 35.250 -1.17227
-17.750 35.750 -1.14816
-17.750 36.250 -1.12332
-17.750 36.750 -1.09792
-17.750 37.250 -1.07208
-17.750 37.750 -1.04594
-17.750 38.250 -1.01961
-17.750 38.750 -0.99320
-17.750 39.250 -0.96681
-17.750 39.750 -0.94051
-17.750 40.250 -0.91439
-17.750 40.750 -0.88850
-17.750 41.250 -0.86291
-17.750 41.750 -0.83767
-17.750 42.250 -0.81282
-17.750 42.750 -0.78839
-17.750 43.250 -0.76442
-17.750 43.750 -0.74093
-17.750 44.250 -0.71795
-17.750 44.750 -0.69548
-17.250 -44.750 -0.69228
-17.250 -44.250 -0.71384
-17.250 -43.750 -0.73585
-17.250 -43.250 -0.75829
-17.250 -42.750 -0.78114
-17.250 -42.250 -0.80437
-17.250 -41.750 -0.82795
-17.250 -41.250 -0.85183
-17.250 -40.750 -0.87598
-17.250 -40.250 -0.90033
-17.250 -39.750 -0.92484
-17.250 -39.250 -0.94944
-17.250 -38.750 -0.97405
-17.250 -38.250 -0.99858
-17.250 -37.750 -1.02295
-17.250 -37.250 -1.04704
-17.250 -36.750 -1.07076
-17.250 -36.250 -1.09397
-17.250 -35.750 -1.11654
-17.250 -35.250 -1.13833
-17.250 -34.750 -1.15918
-17.250 -34.250 -1.17892
-17.250 -33.750 -1.19738
-17.250 -33.250 -1.21437
-17.250 -32.750 -1.22970
-17.250 -32.250 -1.24316
-17.250 -31.750 -1.25455
-17.250 -31.250 -1.26364
-17.250 -30.750 -1.27022
-17.250 -30.250 -1.27407
-17.250 -29.750 -1.27495
-17.250 -29.250 -1.27267
-17.250 -28.750 -1.26699
-17.250 -28.250 -1.25772
-17.250 -27.750 -1.24465
-17.250 -27.250 -1.22761
-17.250 -26.750 -1.20643
-17.250 -26.250 -1.18097
-17.250 -25.750 -1.15110
-17.250 -25.250 -1.11672
-17.250 -24.750 -1.07777
-17.250 -24.250 -1.03420
-17.250 -23.750 -0.98600
-17.250 -23.250 -0.93320
-17.250 -22.750 -0.87585
-17.250 -22.250 -0.81404
-17.250 -21.750 -0.74789
-17.250 -21.250 -0.67756
-17.250 -20.750 -0.60325
-17.250 -20.250 -0.52516
-17.250 -19.750 -0.44354
-17.250 -19.250 -0.35866
-17.250 -18.750 -0.27082
-17.250 -18.250 -0.18033
-17.250 -17.750 -0.08752
-17.250 -17.250  0.00728
-17.250 -16.750  0.10370
-17.250 -16.250  0.20140
-17.250 -15.750  0.30001
-17.250 -15.250  0.39917
-17.250 -14.750  0.49852
-17.250 -14.250  0.59771
-17.250 -13.750  0.69640
-17.250 -13.250  0.79425
-17.250 -12.750  0.89095
-17.250 -12.250  0.98617
-17.250 -11.750  1.07963
-17.250 -11.250  1.17104
-17.250 -10.750  1.26014
-17.250 -10.250  1.34668
-17.250 -9.750  1.43043
-17.250 -9.250  1.51116
-17.250 -8.750  1.58867
-17.250 -8.250  1.66279
-17.250 -7.750  1.73334
-17.250 -7.250  1.80015
-17.250 -6.750  1.86310
-17.250 -6.250  1.92204
-17.250 -5.750  1.97686
-17.250 -5.250  2.02745
-17.250 -4.750  2.07373
-17.250 -4.250  2.11561
-17.250 -3.750  2.15300
-17.250 -3.250  2.18586
-17.250 -2.750  2.21412
-17.250 -2.250  2.23774
-17.250 -1.750  2.25668
-17.250 -1.250  2.27091
-17.250 -0.750  2.28041
-17.250 -0.250  2.28517
-17.250 0.250  2.28517
-17.250 0.750  2.28041
-17.250 1.250  2.27091
-17.250 1.750  2.25668
-17.250 2.250  2.23774
-17.250 2.750  2.21412
-17.250 3.250  2.18586
-17.250 3.750  2.15300
-17.250 4.250  2.11561
-17.250 4.750  2.07373
-17.250 5.250  2.02745
-17.250 5.750  1.97686
-17.250 6.250  1.92204
-17.250 6.750  1.86310
-17.250 7.250  1.80015
-17.250 7.750  1.73334
-17.250 8.250  1.66279
-17.250 8.750  1.58867
-17.250 9.250  1.51116
-17.250 9.750  1.43043
-17.250 10.250  1.34668
-17.250 10.750  1.26014
-17.250 11.250  1.17104
-17.250 11.750  1.07963
-17.250 12.250  0.98617
-17.250 12.750  0.89095
-17.250 13.250  0.79425
-17.250 13.750  0.69640
-17.250 14.250  0.59771
-17.250 14.750  0.49852
-17.250 15.250  0.39917
-17.250 15.750  0.30001
-17.250 16.250  0.20140
-17.250 16.750  0.10370
-17.250 17.250  0.00728
-17.250 17.750 -0.08752
-17.250 18.250 -0.18033
-17.250 18.750 -0.27082
-17.250 19.250 -0.35866
-17.250 19.750 -0.44354
-17.250 20.250 -0.52516
-17.250 20.750 -0.60325
-17.250 21.250 -0.67756
-17.250 21.750 -0.74789
-17.250 22.250 -0.81404
-17.250 22.750 -0.87585
-17.250 23.250 -0.93320
-17.250 23.750 -0.98600
-17.250 24.250 -1.03420
-17.250 24.750 -1.07777
-17.250 25.250 -1.11672
-17.250 25.750 -1.15110
-17.250 26.250 -1.18097
-17.250 26.750 -1.20643
-17.250 27.250 -1.22761
-17.250 27.750 -1.24465
-17.250 28.250 -1.25772
-17.250 28.750 -1.26699
-17.250 29.250 -1.27267
-17.250 29.750 -1.27495
-17.250 30.250 -1.27407
-17.250 30.750 -1.27022
-17.250 31.250 -1.26364
-17.250 31.750 -1.25455
-17.250 32.250 -1.24316
-17.250 32.750 -1.22970
-17.250 33.250 -1.21437
-17.250 33.750 -1.19738
-17.250 34.250 -1.17892
-17.250 34.750 -1.15918
-17.250 35.250 -1.13833
-17.250 35.750 -1.11654
-17.250 36.250 -1.09397
-17.250 36.750 -1.07076
-17.250 37.250 -1.04704
-17.250 37.750 -1.02295
-17.250 38.250 -0.99858
-17.250 38.750 -0.97405
-17.250 39.250 -0.94944
-17.250 39.750 -0.92484
-17.250 40.250 -0.90033
-17.250 40.750 -0.87598
-17.250 41.250 -0.85183
-17.250 41.750 -0.82795
-17.250 42.250 -0.80437
-17.250 42.750 -0.78114
-17.250 43.250 -0.75829
-17.250 43.750 -0.73585
-17.250 44.250 -0.71384
-17.250 44.750 -0.69228
-16.750 -44.750 -0.68863
-16.750 -44.250 -0.70929
-16.750 -43.750 -0.73034
-16.750 -43.250 -0.75176
-16.750 -42.750 -0.77351
-16.750 -42.250 -0.79558
-16.750 -41.750 -0.81791
-16.750 -41.250 -0.84048
-16.750 -40.750 -0.86324
-16.750 -40.250 -0.88613
-16.750 -39.750 -0.90909
-16.750 -39.250 -0.93206
-16.750 -38.750 -0.95496
-16.750 -38.250 -0.97771
-16.750 -37.750 -1.00022
-16.750 -37.250 -1.02239
-16.750 -36.750 -1.04411
-16.750 -36.250 -1.06525
-16.750 -35.750 -1.08571
-16.750 -35.250 -1.10532
-16.750 -34.750 -1.12396
-16.750 -34.250 -1.14145
-16.750 -33.750 -1.15764
-16.750 -33.250 -1.17236
-16.750 -32.750 -1.18542
-16.750 -32.250 -1.19664
-16.750 -31.750 -1.20582
-16.750 -31.250 -1.21276
-16.750 -30.750 -1.21727
-16.750 -30.250 -1.21914
-16.750 -29.750 -1.21817
-16.750 -29.250 -1.21417
-16.750 -28.750 -1.20695
-16.750 -28.250 -1.19632
-16.750 -27.750 -1.18211
-16.750 -27.250 -1.16416
-16.750 -26.750 -1.14232
-16.750 -26.250 -1.11647
-16.750 -25.750 -1.08651
-16.750 -25.250 -1.05234
-16.750 -24.750 -1.01392
-16.750 -24.250 -0.97121
-16.750 -23.750 -0.92420
-16.750 -23.250 -0.87293
-16.750 -22.750 -0.81745
-16.750 -22.250 -0.75785
-16.750 -21.750 -0.69425
-16.750 -21.250 -0.62678
-16.750 -20.750 -0.55562
-16.750 -20.250 -0.48098
-16.750 -19.750 -0.40308
-16.750 -19.250 -0.32217
-16.750 -18.750 -0.23851
-16.750 -18.250 -0.15241
-16.750 -17.750 -0.06414
-16.750 -17.250  0.02596
-16.750 -16.750  0.11757
-16.750 -16.250  0.21038
-16.750 -15.750  0.30403
-16.750 -15.250  0.39821
-16.750 -14.750  0.49258
-16.750 -14.250  0.58681
-16.750 -13.750  0.68058
-16.750 -13.250  0.77358
-16.750 -12.750  0.86550
-16.750 -12.250  0.95606
-16.750 -11.750  1.04498
-16.750 -11.250  1.13198
-16.750 -10.750  1.21682
-16.750 -10.250  1.29926
-16.750 -9.750  1.37907
-16.750 -9.250  1.45605
-16.750 -8.750  1.52999
-16.750 -8.250  1.60072
-16.750 -7.750  1.66807
-16.750 -7.250  1.73189
-16.750 -6.750  1.79204
-16.750 -6.250  1.84838
-16.750 -5.750  1.90081
-16.750 -5.250  1.94921
-16.750 -4.750  1.99349
-16.750 -4.250  2.03357
-16.750 -3.750  2.06938
-16.750 -3.250  2.10085
-16.750 -2.750  2.12792
-16.750 -2.250  2.15055
-16.750 -1.750  2.16870
-16.750 -1.250  2.18234
-16.750 -0.750  2.19144
-16.750 -0.250  2.19600
-16.750 0.250  2.19600
-16.750 0.750  2.19144
-16.750 1.250  2.18234
-16.750 1.750  2.16870
-16.750 2.250  2.15055
-16.750 2.750  2.12792
-16.750 3.250  2.10085
-16.750 3.750  2.06938
-16.750 4.250  2.03357
-16.750 4.750  1.99349
-16.750 5.250  1.94921
-16.750 5.750  1.90081
-16.750 6.250  1.84838
-16.750 6.750  1.79204
-16.750 7.250  1.73189
-16.750 7.750  1.66807
-16.750 8.250  1.60072
-16.750 8.750  1.52999
-16.750 9.250  1.45605
-16.750 9.750  1.37907
-16.750 10.250  1.29926
-16.750 10.750  1.21682
-16.750 11.250  1.13198
-16.750 11.750  1.04498
-16.750 12.250  0.95606
-16.750 12.750  0.86550
-16.750 13.250  0.77358
-16.750 13.750  0.68058
-16.750 14.250  0.58681
-16.750 14.750  0.49258
-16.750 15.250  0.39821
-16.750 15.750  0.30403
-16.750 16.250  0.21038
-16.750 16.750  0.11757
-16.750 17.250  0.02596
-16.750 17.750 -0.06414
-16.750 18.250 -0.15241
-16.750 18.750 -0.23851
-16.750 19.250 -0.32217
-16.750 19.750 -0.40308
-16.750 20.250 -0.48098
-16.750 20.750 -0.55562
-16.750 21.250 -0.62678
-16.750 21.750 -0.69425
-16.750 22.250 -0.75785
-16.750 22.750 -0.81745
-16.750 23.250 -0.87293
-16.750 23.750 -0.92420
-16.750 24.250 -0.97121
-16.750 24.750 -1.01392
-16.750 25.250 -1.05234
-16.750 25.750 -1.08651
-16.750 26.250 -1.11647
-16.750 26.750 -1.14232
-16.750 27.250 -1.16416
-16.750 27.750 -1.18211
-16.750 28.250 -1.19632
-16.750 28.750 -1.20695
-16.750 29.250 -1.21417
-16.750 29.750 -1.21817
-16.750 30.250 -1.21914
-16.750 30.750 -1.21727
-16.750 31.250 -1.21276
-16.750 31.750 -1.20582
-16.750 32.250 -1.19664
-16.750 32.750 -1.18542
-16.750 33.250 -1.17236
-16.750 33.750 -1.15764
-16.750 34.250 -1.14145
-16.750 34.750 -1.12396
-16.750 35.250 -1.10532
-16.750 35.750 -1.08571
-16.750 36.250 -1.06525
-16.750 36.750 -1.04411
-16.750 37.250 -1.02239
-16.750 37.750 -1.00022
-16.750 38.250 -0.97771
-16.750 38.750 -0.95496
-16.750 39.250 -0.93206
-16.750 39.750 -0.90909
-16.750 40.250 -0.88613
-16.750 40.750 -0.86324
-16.750 41.250 -0.84048
-16.750 41.750 -0.81791
-16.750 42.250 -0.79558
-16.750 42.750 -0.77351
-16.750 43.250 -0.75176
-16.750 43.750 -0.73034
-16.750 44.250 -0.70929
-16.750 44.750 -0.68863
-16.250 -44.750 -0.68456
-16.250 -44.250 -0.70435
-16.250 -43.750 -0.72447
-16.250 -43.250 -0.74488
-16.250 -42.750 -0.76557
-16.250 -42.250 -0.78651
-16.250 -41.750 -0.80764
-16.250 -41.250 -0.82895
-16.250 -40.750 -0.85036
-16.250 -40.250 -0.87184
-16.250 -39.750 -0.89333
-16.250 -39.250 -0.91474
-16.250 -38.750 -0.93602
-16.250 -38.250 -0.95708
-16.250 -37.750 -0.97784
-16.250 -37.250 -0.99818
-16.250 -36.750 -1.01802
-16.250 -36.250 -1.03724
-16.250 -35.750 -1.05570
-16.250 -35.250 -1.07329
-16.250 -34.750 -1.08987
-16.250 -34.250 -1.10529
-16.250 -33.750 -1.11939
-16.250 -33.250 -1.13201
-16.250 -32.750 -1.14299
-16.250 -32.250 -1.15215
-16.250 -31.750 -1.15932
-16.250 -31.250 -1.16431
-16.250 -30.750 -1.16695
-16.250 -30.250 -1.16704
-16.250 -29.750 -1.16442
-16.250 -29.250 -1.15891
-16.250 -28.750 -1.15032
-16.250 -28.250 -1.13851
-16.250 -27.750 -1.12331
-16.250 -27.250 -1.10459
-16.250 -26.750 -1.08222
-16.250 -26.250 -1.05610
-16.250 -25.750 -1.02612
-16.250 -25.250 -0.99222
-16.250 -24.750 -0.95436
-16.250 -24.250 -0.91251
-16.250 -23.750 -0.86667
-16.250 -23.250 -0.81688
-16.250 -22.750 -0.76319
-16.250 -22.250 -0.70568
-16.250 -21.750 -0.64447
-16.250 -21.250 -0.57968
-16.250 -20.750 -0.51149
-16.250 -20.250 -0.44007
-16.250 -19.750 -0.36564
-16.250 -19.250 -0.28842
-16.250 -18.750 -0.20866
-16.250 -18.250 -0.12664
-16.250 -17.750 -0.04261
-16.250 -17.250  0.04312
-16.250 -16.750  0.13026
-16.250 -16.250  0.21850
-16.250 -15.750  0.30754
-16.250 -15.250  0.39707
-16.250 -14.750  0.48678
-16.250 -14.250  0.57636
-16.250 -13.750  0.66553
-16.250 -13.250  0.75398
-16.250 -12.750  0.84143
-16.250 -12.250  0.92760
-16.250 -11.750  1.01224
-16.250 -11.250  1.09509
-16.250 -10.750  1.17590
-16.250 -10.250  1.25446
-16.250 -9.750  1.33055
-16.250 -9.250  1.40397
-16.250 -8.750  1.47452
-16.250 -8.250  1.54203
-16.250 -7.750  1.60635
-16.250 -7.250  1.66731
-16.250 -6.750  1.72479
-16.250 -6.250  1.77865
-16.250 -5.750  1.82878
-16.250 -5.250  1.87508
-16.250 -4.750  1.91746
-16.250 -4.250  1.95582
-16.250 -3.750  1.99010
-16.250 -3.250  2.02023
-16.250 -2.750  2.04616
-16.250 -2.250  2.06784
-16.250 -1.750  2.08523
-16.250 -1.250  2.09829
-16.250 -0.750  2.10702
-16.250 -0.250  2.11138
-16.250 0.250  2.11138
-16.250 0.750  2.10702
-16.250 1.250  2.09829
-16.250 1.750  2.08523
-16.250 2.250  2.06784
-16.250 2.750  2.04616
-16.250 3.250  2.02023
-16.250 3.750  1.99010
-16.250 4.250  1.95582
-16.250 4.750  1.91746
-16.250 5.250  1.87508
-16.250 5.750  1.82878
-16.250 6.250  1.77865
-16.250 6.750  1.72479
-16.250 7.250  1.66731
-16.250 7.750  1.60635
-16.250 8.250  1.54203
-16.250 8.750  1.47452
-16.250 9.250  1.40397
-16.250 9.750  1.33055
-16.250 10.250  1.25446
-16.250 10.750  1.17590
-16.250 11.250  1.09509
-16.250 11.750  1.01224
-16.250 12.250  0.92760
-16.250 12.750  0.84143
-16.250 13.250  0.75398
-16.250 13.750  0.66553
-16.250 14.250  0.57636
-16.250 14.750  0.48678
-16.250 15.250  0.39707
-16.250 15.750  0.30754
-16.250 16.250  0.21850
-16.250 16.750  0.13026
-16.250 17.250  0.04312
-16.250 17.750 -0.04261
-16.250 18.250 -0.12664
-16.250 18.750 -0.20866
-16.250 19.250 -0.28842
-16.250 19.750 -0.36564
-16.250 20.250 -0.44007
-16.250 20.750 -0.51149
-16.250 21.250 -0.57968
-16.250 21.750 -0.64447
-16.250 22.250 -0.70568
-16.250 22.750 -0.76319
-16.250 23.250 -0.81688
-16.250 23.750 -0.86667
-16.250 24.250 -0.91251
-16.250 24.750 -0.95436
-16.250 25.250 -0.99222
-16.250 25.750 -1.02612
-16.250 26.250 -1.05610
-16.250 26.750 -1.08222
-16.250 27.250 -1.10459
-16.250 27.750 -1.12331
-16.250 28.250 -1.13851
-16.250 28.750 -1.15032
-16.250 29.250 -1.15891
-16.250 29.750 -1.16442
-16.250 30.250 -1.16704
-16.250 30.750 -1.16695
-16.250 31.250 -1.16431
-16.250 31.750 -1.15932
-16.250 32.250 -1.15215
-16.250 32.750 -1.14299
-16.250 33.250 -1.13201
-16.250 33.750 -1.11939
-16.250 34.250 -1.10529
-16.250 34.750 -1.08987
-16.250 35.250 -1.07329
-16.250 35.750 -1.05570
-16.250 36.250 -1.03724
-16.250 36.750 -1.01802
-16.250 37.250 -0.99818
-16.250 37.750 -0.97784
-16.250 38.250 -0.95708
-16.250 38.750 -0.93602
-16.250 39.250 -0.91474
-16.250 39.750 -0.89333
-16.250 40.250 -0.87184
-16.250 40.750 -0.85036
-16.250 41.250 -0.82895
-16.250 41.750 -0.80764
-16.250 42.250 -0.78651
-16.250 42.750 -0.76557
-16.250 43.250 -0.74488
-16.250 43.750 -0.72447
-16.250 44.250 -0.70435
-16.250 44.750 -0.68456
-15.750 -44.750 -0.68016
-15.750 -44.250 -0.69909
-15.750 -43.750 -0.71829
-15.750 -43.250 -0.73773
-15.750 -42.750 -0.75739
-15.750 -42.250 -0.77723
-15.750 -41.750 -0.79721
-15.750 -41.250 -0.81729
-15.750 -40.750 -0.83743
-15.750 -40.250 -0.85756
-15.750 -39.750 -0.87763
-15.750 -39.250 -0.89757
-15.750 -38.750 -0.91730
-15.750 -38.250 -0.93676
-15.750 -37.750 -0.95586
-15.750 -37.250 -0.97449
-15.750 -36.750 -0.99256
-15.750 -36.250 -1.00996
-15.750 -35.750 -1.02657
-15.750 -35.250 -1.04228
-15.750 -34.750 -1.05695
-15.750 -34.250 -1.07043
-15.750 -33.750 -1.08260
-15.750 -33.250 -1.09330
-15.750 -32.750 -1.10237
-15.750 -32.250 -1.10965
-15.750 -31.750 -1.11499
-15.750 -31.250 -1.11822
-15.750 -30.750 -1.11917
-15.750 -30.250 -1.11767
-15.750 -29.750 -1.11357
-15.750 -29.250 -1.10671
-15.750 -28.750 -1.09693
-15.750 -28.250 -1.08408
-15.750 -27.750 -1.06804
-15.750 -27.250 -1.04868
-15.750 -26.750 -1.02589
-15.750 -26.250 -0.99957
-15.750 -25.750 -0.96965
-15.750 -25.250 -0.93607
-15.750 -24.750 -0.89879
-15.750 -24.250 -0.85780
-15.750 -23.750 -0.81311
-15.750 -23.250 -0.76474
-15.750 -22.750 -0.71275
-15.750 -22.250 -0.65722
-15.750 -21.750 -0.59826
-15.750 -21.250 -0.53600
-15.750 -20.750 -0.47058
-15.750 -20.250 -0.40217
-15.750 -19.750 -0.33098
-15.750 -19.250 -0.25721
-15.750 -18.750 -0.18109
-15.750 -18.250 -0.10286
-15.750 -17.750 -0.02279
-15.750 -17.250  0.05887
-15.750 -16.750  0.14183
-15.750 -16.250  0.22582
-15.750 -15.750  0.31056
-15.750 -15.250  0.39574
-15.750 -14.750  0.48110
-15.750 -14.250  0.56635
-15.750 -13.750  0.65120
-15.750 -13.250  0.73538
-15.750 -12.750  0.81862
-15.750 -12.250  0.90068
-15.750 -11.750  0.98129
-15.750 -11.250  1.06022
-15.750 -10.750  1.13725
-15.750 -10.250  1.21214
-15.750 -9.750  1.28471
-15.750 -9.250  1.35475
-15.750 -8.750  1.42209
-15.750 -8.250  1.48655
-15.750 -7.750  1.54797
-15.750 -7.250  1.60622
-15.750 -6.750  1.66115
-15.750 -6.250  1.71265
-15.750 -5.750  1.76059
-15.750 -5.250  1.80489
-15.750 -4.750  1.84543
-15.750 -4.250  1.88215
-15.750 -3.750  1.91497
-15.750 -3.250  1.94382
-15.750 -2.750  1.96865
-15.750 -2.250  1.98942
-15.750 -1.750  2.00608
-15.750 -1.250  2.01860
-15.750 -0.750  2.02695
-15.750 -0.250  2.03114
-15.750 0.250  2.03114
-15.750 0.750  2.02695
-15.750 1.250  2.01860
-15.750 1.750  2.00608
-15.750 2.250  1.98942
-15.750 2.750  1.96865
-15.750 3.250  1.94382
-15.750 3.750  1.91497
-15.750 4.250  1.88215
-15.750 4.750  1.84543
-15.750 5.250  1.80489
-15.750 5.750  1.76059
-15.750 6.250  1.71265
-15.750 6.750  1.66115
-15.750 7.250  1.60622
-15.750 7.750  1.54797
-15.750 8.250  1.48655
-15.750 8.750  1.42209
-15.750 9.250  1.35475
-15.750 9.750  1.28471
-15.750 10.250  1.21214
-15.750 10.750  1.13725
-15.750 11.250  1.06022
-15.750 11.750  0.98129
-15.750 12.250  0.90068
-15.750 12.750  0.81862
-15.750 13.250  0.73538
-15.750 13.750  0.65120
-15.750 14.250  0.56635
-15.750 14.750  0.48110
-15.750 15.250  0.39574
-15.750 15.750  0.31056
-15.750 16.250  0.22582
-15.750 16.750  0.14183
-15.750 17.250  0.05887
-15.750 17.750 -0.02279
-15.750 18.250 -0.10286
-15.750 18.750 -0.18109
-15.750 19.250 -0.25721
-15.750 19.750 -0.33098
-15.750 20.250 -0.40217
-15.750 20.750 -0.47058
-15.750 21.250 -0.53600
-15.750 21.750 -0.59826
-15.750 22.250 -0.65722
-15.750 22.750 -0.71275
-15.750 23.250 -0.76474
-15.750 23.750 -0.81311
-15.750 24.250 -0.85780
-15.750 24.750 -0.89879
-15.750 25.250 -0.93607
-15.750 25.750 -0.96965
-15.750 26.250 -0.99957
-15.750 26.750 -1.02589
-15.750 27.250 -1.04868
-15.750 27.750 -1.06804
-15.750 28.250 -1.08408
-15.750 28.750 -1.09693
-15.750 29.250 -1.10671
-15.750 29.750 -1.11357
-15.750 30.250 -1.11767
-15.750 30.750 -1.11917
-15.750 31.250 -1.11822
-15.750 31.750 -1.11499
-15.750 32.250 -1.10965
-15.750 32.750 -1.10237
-15.750 33.250 -1.09330
-15.750 33.750 -1.08260
-15.750 34.250 -1.07043
-15.750 34.750 -1.05695
-15.750 35.250 -1.04228
-15.750 35.750 -1.02657
-15.750 36.250 -1.00996
-15.750 36.750 -0.99256
-15.750 37.250 -0.97449
-15.750 37.750 -0.95586
-15.750 38.250 -0.93676
-15.750 38.750 -0.91730
-15.750 39.250 -0.89757
-15.750 39.750 -0.87763
-15.750 40.250 -0.85756
-15.750 40.750 -0.83743
-15.750 41.250 -0.81729
-15.750 41.750 -0.79721
-15.750 42.250 -0.77723
-15.750 42.750 -0.75739
-15.750 43.250 -0.73773
-15.750 43.750 -0.71829
-15.750 44.250 -0.69909
-15.750 44.750 -0.68016
-15.250 -44.750 -0.67546
-15.250 -44.250 -0.69355
-15.250 -43.750 -0.71187
-15.250 -43.250 -0.73037
-15.250 -42.750 -0.74903
-15.250 -42.250 -0.76781
-15.250 -41.750 -0.78668
-15.250 -41.250 -0.80559
-15.250 -40.750 -0.82449
-15.250 -40.250 -0.84333
-15.250 -39.750 -0.86205
-15.250 -39.250 -0.88059
-15.250 -38.750 -0.89887
-15.250 -38.250 -0.91681
-15.250 -37.750 -0.93433
-15.250 -37.250 -0.95135
-15.250 -36.750 -0.96777
-15.250 -36.250 -0.98347
-15.250 -35.750 -0.99835
-15.250 -35.250 -1.01231
-15.250 -34.750 -1.02520
-15.250 -34.250 -1.03690
-15.250 -33.750 -1.04729
-15.250 -33.250 -1.05621
-15.250 -32.750 -1.06353
-15.250 -32.250 -1.06911
-15.250 -31.750 -1.07278
-15.250 -31.250 -1.07440
-15.250 -30.750 -1.07383
-15.250 -30.250 -1.07090
-15.250 -29.750 -1.06548
-15.250 -29.250 -1.05743
-15.250 -28.750 -1.04659
-15.250 -28.250 -1.03286
-15.250 -27.750 -1.01610
-15.250 -27.250 -0.99620
-15.250 -26.750 -0.97308
-15.250 -26.250 -0.94665
-15.250 -25.750 -0.91685
-15.250 -25.250 -0.88362
-15.250 -24.750 -0.84694
-15.250 -24.250 -0.80680
-15.250 -23.750 -0.76322
-15.250 -23.250 -0.71621
-15.250 -22.750 -0.66585
-15.250 -22.250 -0.61220
-15.250 -21.750 -0.55537
-15.250 -21.250 -0.49547
-15.250 -20.750 -0.43265
-15.250 -20.250 -0.36707
-15.250 -19.750 -0.29890
-15.250 -19.250 -0.22835
-15.250 -18.750 -0.15562
-15.250 -18.250 -0.08094
-15.250 -17.750 -0.00455
-15.250 -17.250  0.07331
-15.250 -16.750  0.15238
-15.250 -16.250  0.23241
-15.250 -15.750  0.31312
-15.250 -15.250  0.39425
-15.250 -14.750  0.47554
-15.250 -14.250  0.55672
-15.250 -13.750  0.63753
-15.250 -13.250  0.71771
-15.250 -12.750  0.79702
-15.250 -12.250  0.87520
-15.250 -11.750  0.95203
-15.250 -11.250  1.02727
-15.250 -10.750  1.10072
-15.250 -10.250  1.17216
-15.250 -9.750  1.24140
-15.250 -9.250  1.30825
-15.250 -8.750  1.37253
-15.250 -8.250  1.43409
-15.250 -7.750  1.49278
-15.250 -7.250  1.54844
-15.250 -6.750  1.60096
-15.250 -6.250  1.65020
-15.250 -5.750  1.69606
-15.250 -5.250  1.73844
-15.250 -4.750  1.77724
-15.250 -4.250  1.81239
-15.250 -3.750  1.84381
-15.250 -3.250  1.87144
-15.250 -2.750  1.89522
-15.250 -2.250  1.91511
-15.250 -1.750  1.93106
-15.250 -1.250  1.94306
-15.250 -0.750  1.95107
-15.250 -0.250  1.95508
-15.250 0.250  1.95508
-15.250 0.750  1.95107
-15.250 1.250  1.94306
-15.250 1.750  1.93106
-15.250 2.250  1.91511
-15.250 2.750  1.89522
-15.250 3.250  1.87144
-15.250 3.750  1.84381
-15.250 4.250  1.81239
-15.250 4.750  1.77724
-15.250 5.250  1.73844
-15.250 5.750  1.69606
-15.250 6.250  1.65020
-15.250 6.750  1.60096
-15.250 7.250  1.54844
-15.250 7.750  1.49278
-15.250 8.250  1.43409
-15.250 8.750  1.37253
-15.250 9.250  1.30825
-15.250 9.750  1.24140
-15.250 10.250  1.17216
-15.250 10.750  1.10072
-15.250 11.250  1.02727
-15.250 11.750  0.95203
-15.250 12.250  0.87520
-15.250 12.750  0.79702
-15.250 13.250  0.71771
-15.250 13.750  0.63753
-15.250 14.250  0.55672
-15.250 14.750  0.47554
-15.250 15.250  0.39425
-15.250 15.750  0.31312
-15.250 16.250  0.23241
-15.250 16.750  0.15238
-15.250 17.250  0.07331
-15.250 17.750 -0.00455
-15.250 18.250 -0.08094
-15.250 18.750 -0.15562
-15.250 19.250 -0.22835
-15.250 19.750 -0.29890
-15.250 20.250 -0.36707
-15.250 20.750 -0.43265
-15.250 21.250 -0.49547
-15.250 21.750 -0.55537
-15.250 22.250 -0.61220
-15.250 22.750 -0.66585
-15.250 23.250 -0.71621
-15.250 23.750 -0.76322
-15.250 24.250 -0.80680
-15.250 24.750 -0.84694
-15.250 25.250 -0.88362
-15.250 25.750 -0.91685
-15.250 26.250 -0.94665
-15.250 26.750 -0.97308
-15.250 27.250 -0.99620
-15.250 27.750 -1.01610
-15.250 28.250 -1.03286
-15.250 28.750 -1.04659
-15.250 29.250 -1.05743
-15.250 29.750 -1.06548
-15.250 30.250 -1.07090
-15.250 30.750 -1.07383
-15.250 31.250 -1.07440
-15.250 31.750 -1.07278
-15.250 32.250 -1.06911
-15.250 32.750 -1.06353
-15.250 33.250 -1.05621
-15.250 33.750 -1.04729
-15.250 34.250 -1.03690
-15.250 34.750 -1.02520
-15.250 35.250 -1.01231
-15.250 35.750 -0.99835
-15.250 36.250 -0.98347
-15.250 36.750 -0.96777
-15.250 37.250 -0.95135
-15.250 37.750 -0.93433
-15.250 38.250 -0.91681
-15.250 38.750 -0.89887
-15.250 39.250 -0.88059
-15.250 39.750 -0.86205
-15.250 40.250 -0.84333
-15.250 40.750 -0.82449
-15.250 41.250 -0.80559
-15.250 41.750 -0.78668
-15.250 42.250 -0.76781
-15.250 42.750 -0.74903
-15.250 43.250 -0.73037
-15.250 43.750 -0.71187
-15.250 44.250 -0.69355
-15.250 44.750 -0.67546
-14.750 -44.750 -0.67052
-14.750 -44.250 -0.68780
-14.750 -43.750 -0.70525
-14.750 -43.250 -0.72284
-14.750 -42.750 -0.74054
-14.750 -42.250 -0.75831
-14.750 -41.750 -0.77610
-14.750 -41.250 -0.79389
-14.750 -40.750 -0.81162
-14.750 -40.250 -0.82923
-14.750 -39.750 -0.84666
-14.750 -39.250 -0.86387
-14.750 -38.750 -0.88076
-14.750 -38.250 -0.89727
-14.750 -37.750 -0.91332
-14.750 -37.250 -0.92882
-14.750 -36.750 -0.94368
-14.750 -36.250 -0.95780
-14.750 -35.750 -0.97107
-14.750 -35.250 -0.98339
-14.750 -34.750 -0.99463
-14.750 -34.250 -1.00469
-14.750 -33.750 -1.01343
-14.750 -33.250 -1.02073
-14.750 -32.750 -1.02645
-14.750 -32.250 -1.03046
-14.750 -31.750 -1.03262
-14.750 -31.250 -1.03279
-14.750 -30.750 -1.03084
-14.750 -30.250 -1.02663
-14.750 -29.750 -1.02004
-14.750 -29.250 -1.01092
-14.750 -28.750 -0.99917
-14.750 -28.250 -0.98465
-14.750 -27.750 -0.96728
-14.750 -27.250 -0.94696
-14.750 -26.750 -0.92359
-14.750 -26.250 -0.89711
-14.750 -25.750 -0.86747
-14.750 -25.250 -0.83463
-14.750 -24.750 -0.79856
-14.750 -24.250 -0.75926
-14.750 -23.750 -0.71674
-14.750 -23.250 -0.67105
-14.750 -22.750 -0.62223
-14.750 -22.250 -0.57037
-14.750 -21.750 -0.51554
-14.750 -21.250 -0.45787
-14.750 -20.750 -0.39749
-14.750 -20.250 -0.33455
-14.750 -19.750 -0.26922
-14.750 -19.250 -0.20167
-14.750 -18.750 -0.13211
-14.750 -18.250 -0.06074
-14.750 -17.750  0.01222
-14.750 -17.250  0.08654
-14.750 -16.750  0.16198
-14.750 -16.250  0.23830
-14.750 -15.750  0.31526
-14.750 -15.250  0.39261
-14.750 -14.750  0.47009
-14.750 -14.250  0.54747
-14.750 -13.750  0.62449
-14.750 -13.250  0.70093
-14.750 -12.750  0.77653
-14.750 -12.250  0.85108
-14.750 -11.750  0.92435
-14.750 -11.250  0.99612
-14.750 -10.750  1.06620
-14.750 -10.250  1.13438
-14.750 -9.750  1.20047
-14.750 -9.250  1.26430
-14.750 -8.750  1.32571
-14.750 -8.250  1.38452
-14.750 -7.750  1.44061
-14.750 -7.250  1.49382
-14.750 -6.750  1.54403
-14.750 -6.250  1.59113
-14.750 -5.750  1.63501
-14.750 -5.250  1.67556
-14.750 -4.750  1.71270
-14.750 -4.250  1.74635
-14.750 -3.750  1.77644
-14.750 -3.250  1.80290
-14.750 -2.750  1.82568
-14.750 -2.250  1.84473
-14.750 -1.750  1.86002
-14.750 -1.250  1.87151
-14.750 -0.750  1.87918
-14.750 -0.250  1.88303
-14.750 0.250  1.88303
-14.750 0.750  1.87918
-14.750 1.250  1.87151
-14.750 1.750  1.86002
-14.750 2.250  1.84473
-14.750 2.750  1.82568
-14.750 3.250  1.80290
-14.750 3.750  1.77644
-14.750 4.250  1.74635
-14.750 4.750  1.71270
-14.750 5.250  1.67556
-14.750 5.750  1.63501
-14.750 6.250  1.59113
-14.750 6.750  1.54403
-14.750 7.250  1.49382
-14.750 7.750  1.44061
-14.750 8.250  1.38452
-14.750 8.750  1.32571
-14.750 9.250  1.26430
-14.750 9.750  1.20047
-14.750 10.250  1.13438
-14.750 10.750  1.06620
-14.750 11.250  0.99612
-14.750 11.750  0.92435
-14.750 12.250  0.85108
-14.750 12.750  0.77653
-14.750 13.250  0.70093
-14.750 13.750  0.62449
-14.750 14.250  0.54747
-14.750 14.750  0.47009
-14.750 15.250  0.39261
-14.750 15.750  0.31526
-14.750 16.250  0.23830
-14.750 16.750  0.16198
-14.750 17.250  0.08654
-14.750 17.750  0.01222
-14.750 18.250 -0.06074
-14.750 18.750 -0.13211
-14.750 19.250 -0.20167
-14.750 19.750 -0.26922
-14.750 20.250 -0.33455
-14.750 20.750 -0.39749
-14.750 21.250 -0.45787
-14.750 21.750 -0.51554
-14.750 22.250 -0.57037
-14.750 22.750 -0.62223
-14.750 23.250 -0.67105
-14.750 23.750 -0.71674
-14.750 24.250 -0.75926
-14.750 24.750 -0.79856
-14.750 25.250 -0.83463
-14.750 25.750 -0.86747
-14.750 26.250 -0.89711
-14.750 26.750 -0.92359
-14.750 27.250 -0.94696
-14.750 27.750 -0.96728
-14.750 28.250 -0.98465
-14.750 28.750 -0.99917
-14.750 29.250 -1.01092
-14.750 29.750 -1.02004
-14.750 30.250 -1.02663
-14.750 30.750 -1.03084
-14.750 31.250 -1.03279
-14.750 31.750 -1.03262
-14.750 32.250 -1.03046
-14.750 32.750 -1.02645
-14.750 33.250 -1.02073
-14.750 33.750 -1.01343
-14.750 34.250 -1.00469
-14.750 34.750 -0.99463
-14.750 35.250 -0.98339
-14.750 35.750 -0.97107
-14.750 36.250 -0.95780
-14.750 36.750 -0.94368
-14.750 37.250 -0.92882
-14.750 37.750 -0.91332
-14.750 38.250 -0.89727
-14.750 38.750 -0.88076
-14.750 39.250 -0.86387
-14.750 39.750 -0.84666
-14.750 40.250 -0.82923
-14.750 40.750 -0.81162
-14.750 41.250 -0.79389
-14.750 41.750 -0.77610
-14.750 42.250 -0.75831
-14.750 42.750 -0.74054
-14.750 43.250 -0.72284
-14.750 43.750 -0.70525
-14.750 44.250 -0.68780
-14.750 44.750 -0.67052
-14.250 -44.750 -0.66539
-14.250 -44.250 -0.68188
-14.250 -43.750 -0.69850
-14.250 -43.250 -0.71521
-14.250 -42.750 -0.73198
-14.250 -42.250 -0.74877
-14.250 -41.750 -0.76554
-14.250 -41.250 -0.78225
-14.250 -40.750 -0.79886
-14.250 -40.250 -0.81529
-14.250 -39.750 -0.83151
-14.250 -39.250 -0.84745
-14.250 -38.750 -0.86303
-14.250 -38.250 -0.87819
-14.250 -37.750 -0.89285
-14.250 -37.250 -0.90693
-14.250 -36.750 -0.92033
-14.250 -36.250 -0.93297
-14.250 -35.750 -0.94474
-14.250 -35.250 -0.95554
-14.250 -34.750 -0.96526
-14.250 -34.250 -0.97380
-14.250 -33.750 -0.98102
-14.250 -33.250 -0.98682
-14.250 -32.750 -0.99108
-14.250 -32.250 -0.99366
-14.250 -31.750 -0.99444
-14.250 -31.250 -0.99330
-14.250 -30.750 -0.99011
-14.250 -30.250 -0.98476
-14.250 -29.750 -0.97711
-14.250 -29.250 -0.96706
-14.250 -28.750 -0.95449
-14.250 -28.250 -0.93932
-14.250 -27.750 -0.92143
-14.250 -27.250 -0.90075
-14.250 -26.750 -0.87721
-14.250 -26.250 -0.85074
-14.250 -25.750 -0.82130
-14.250 -25.250 -0.78886
-14.250 -24.750 -0.75340
-14.250 -24.250 -0.71493
-14.250 -23.750 -0.67346
-14.250 -23.250 -0.62902
-14.250 -22.750 -0.58167
-14.250 -22.250 -0.53149
-14.250 -21.750 -0.47856
-14.250 -21.250 -0.42299
-14.250 -20.750 -0.36490
-14.250 -20.250 -0.30444
-14.250 -19.750 -0.24175
-14.250 -19.250 -0.17701
-14.250 -18.750 -0.11040
-14.250 -18.250 -0.04212
-14.250 -17.750  0.02763
-14.250 -17.250  0.09865
-14.250 -16.750  0.17070
-14.250 -16.250  0.24356
-14.250 -15.750  0.31701
-14.250 -15.250  0.39082
-14.250 -14.750  0.46475
-14.250 -14.250  0.53857
-14.250 -13.750  0.61205
-14.250 -13.250  0.68497
-14.250 -12.750  0.75711
-14.250 -12.250  0.82824
-14.250 -11.750  0.89816
-14.250 -11.250  0.96667
-14.250 -10.750  1.03357
-14.250 -10.250  1.09868
-14.250 -9.750  1.16181
-14.250 -9.250  1.22279
-14.250 -8.750  1.28147
-14.250 -8.250  1.33769
-14.250 -7.750  1.39131
-14.250 -7.250  1.44220
-14.250 -6.750  1.49023
-14.250 -6.250  1.53529
-14.250 -5.750  1.57728
-14.250 -5.250  1.61610
-14.250 -4.750  1.65166
-14.250 -4.250  1.68388
-14.250 -3.750  1.71269
-14.250 -3.250  1.73804
-14.250 -2.750  1.75986
-14.250 -2.250  1.77812
-14.250 -1.750  1.79277
-14.250 -1.250  1.80378
-14.250 -0.750  1.81114
-14.250 -0.250  1.81482
-14.250 0.250  1.81482
-14.250 0.750  1.81114
-14.250 1.250  1.80378
-14.250 1.750  1.79277
-14.250 2.250  1.77812
-14.250 2.750  1.75986
-14.250 3.250  1.73804
-14.250 3.750  1.71269
-14.250 4.250  1.68388
-14.250 4.750  1.65166
-14.250 5.250  1.61610
-14.250 5.750  1.57728
-14.250 6.250  1.53529
-14.250 6.750  1.49023
-14.250 7.250  1.44220
-14.250 7.750  1.39131
-14.250 8.250  1.33769
-14.250 8.750  1.28147
-14.250 9.250  1.22279
-14.250 9.750  1.16181
-14.250 10.250  1.09868
-14.250 10.750  1.03357
-14.250 11.250  0.96667
-14.250 11.750  0.89816
-14.250 12.250  0.82824
-14.250 12.750  0.75711
-14.250 13.250  0.68497
-14.250 13.750  0.61205
-14.250 14.250  0.53857
-14.250 14.750  0.46475
-14.250 15.250  0.39082
-14.250 15.750  0.31701
-14.250 16.250  0.24356
-14.250 16.750  0.17070
-14.250 17.250  0.09865
-14.250 17.750  0.02763
-14.250 18.250 -0.04212
-14.250 18.750 -0.11040
-14.250 19.250 -0.17701
-14.250 19.750 -0.24175
-14.250 20.250 -0.30444
-14.250 20.750 -0.36490
-14.250 21.250 -0.42299
-14.250 21.750 -0.47856
-14.250 22.250 -0.53149
-14.250 22.750 -0.58167
-14.250 23.250 -0.62902
-14.250 23.750 -0.67346
-14.250 24.250 -0.71493
-14.250 24.750 -0.75340
-14.250 25.250 -0.78886
-14.250 25.750 -0.82130
-14.250 26.250 -0.85074
-14.250 26.750 -0.87721
-14.250 27.250 -0.90075
-14.250 27.750 -0.92143
-14.250 28.250 -0.93932
-14.250 28.750 -0.95449
-14.250 29.250 -0.96706
-14.250 29.750 -0.97711
-14.250 30.250 -0.98476
-14.250 30.750 -0.99011
-14.250 31.250 -0.99330
-14.250 31.750 -0.99444
-14.250 32.250 -0.99366
-14.250 32.750 -0.99108
-14.250 33.250 -0.98682
-14.250 33.750 -0.98102
-14.250 34.250 -0.97380
-14.250 34.750 -0.96526
-14.250 35.250 -0.95554
-14.250 35.750 -0.94474
-14.250 36.250 -0.93297
-14.250 36.750 -0.92033
-14.250 37.250 -0.90693
-14.250 37.750 -0.89285
-14.250 38.250 -0.87819
-14.250 38.750 -0.86303
-14.250 39.250 -0.84745
-14.250 39.750 -0.83151
-14.250 40.250 -0.81529
-14.250 40.750 -0.79886
-14.250 41.250 -0.78225
-14.250 41.750 -0.76554
-14.250 42.250 -0.74877
-14.250 42.750 -0.73198
-14.250 43.250 -0.71521
-14.250 43.750 -0.69850
-14.250 44.250 -0.68188
-14.250 44.750 -0.66539
-13.750 -44.750 -0.66011
-13.750 -44.250 -0.67584
-13.750 -43.750 -0.69166
-13.750 -43.250 -0.70752
-13.750 -42.750 -0.72339
-13.750 -42.250 -0.73925
-13.750 -41.750 -0.75504
-13.750 -41.250 -0.77073
-13.750 -40.750 -0.78626
-13.750 -40.250 -0.80158
-13.750 -39.750 -0.81664
-13.750 -39.250 -0.83138
-13.750 -38.750 -0.84573
-13.750 -38.250 -0.85962
-13.750 -37.750 -0.87297
-13.750 -37.250 -0.88571
-13.750 -36.750 -0.89775
-13.750 -36.250 -0.90900
-13.750 -35.750 -0.91937
-13.750 -35.250 -0.92877
-13.750 -34.750 -0.93708
-13.750 -34.250 -0.94420
-13.750 -33.750 -0.95004
-13.750 -33.250 -0.95447
-13.750 -32.750 -0.95738
-13.750 -32.250 -0.95865
-13.750 -31.750 -0.95819
-13.750 -31.250 -0.95586
-13.750 -30.750 -0.95155
-13.750 -30.250 -0.94517
-13.750 -29.750 -0.93659
-13.750 -29.250 -0.92571
-13.750 -28.750 -0.91244
-13.750 -28.250 -0.89669
-13.750 -27.750 -0.87837
-13.750 -27.250 -0.85741
-13.750 -26.750 -0.83375
-13.750 -26.250 -0.80734
-13.750 -25.750 -0.77813
-13.750 -25.250 -0.74611
-13.750 -24.750 -0.71127
-13.750 -24.250 -0.67360
-13.750 -23.750 -0.63313
-13.750 -23.250 -0.58990
-13.750 -22.750 -0.54396
-13.750 -22.250 -0.49537
-13.750 -21.750 -0.44422
-13.750 -21.250 -0.39063
-13.750 -20.750 -0.33469
-13.750 -20.250 -0.27654
-13.750 -19.750 -0.21633
-13.750 -19.250 -0.15422
-13.750 -18.750 -0.09038
-13.750 -18.250 -0.02498
-13.750 -17.750  0.04178
-13.750 -17.250  0.10971
-13.750 -16.750  0.17860
-13.750 -16.250  0.24824
-13.750 -15.750  0.31841
-13.750 -15.250  0.38891
-13.750 -14.750  0.45951
-13.750 -14.250  0.53000
-13.750 -13.750  0.60017
-13.750 -13.250  0.66980
-13.750 -12.750  0.73868
-13.750 -12.250  0.80661
-13.750 -11.750  0.87339
-13.750 -11.250  0.93884
-13.750 -10.750  1.00275
-13.750 -10.250  1.06496
-13.750 -9.750  1.12529
-13.750 -9.250  1.18359
-13.750 -8.750  1.23969
-13.750 -8.250  1.29345
-13.750 -7.750  1.34474
-13.750 -7.250  1.39343
-13.750 -6.750  1.43940
-13.750 -6.250  1.48253
-13.750 -5.750  1.52272
-13.750 -5.250  1.55989
-13.750 -4.750  1.59395
-13.750 -4.250  1.62481
-13.750 -3.750  1.65242
-13.750 -3.250  1.67670
-13.750 -2.750  1.69762
-13.750 -2.250  1.71511
-13.750 -1.750  1.72915
-13.750 -1.250  1.73971
-13.750 -0.750  1.74676
-13.750 -0.250  1.75029
-13.750 0.250  1.75029
-13.750 0.750  1.74676
-13.750 1.250  1.73971
-13.750 1.750  1.72915
-13.750 2.250  1.71511
-13.750 2.750  1.69762
-13.750 3.250  1.67670
-13.750 3.750  1.65242
-13.750 4.250  1.62481
-13.750 4.750  1.59395
-13.750 5.250  1.55989
-13.750 5.750  1.52272
-13.750 6.250  1.48253
-13.750 6.750  1.43940
-13.750 7.250  1.39343
-13.750 7.750  1.34474
-13.750 8.250  1.29345
-13.750 8.750  1.23969
-13.750 9.250  1.18359
-13.750 9.750  1.12529
-13.750 10.250  1.06496
-13.750 10.750  1.00275
-13.750 11.250  0.93884
-13.750 11.750  0.87339
-13.750 12.250  0.80661
-13.750 12.750  0.73868
-13.750 13.250  0.66980
-13.750 13.750  0.60017
-13.750 14.250  0.53000
-13.750 14.750  0.45951
-13.750 15.250  0.38891
-13.750 15.750  0.31841
-13.750 16.250  0.24824
-13.750 16.750  0.17860
-13.750 17.250  0.10971
-13.750 17.750  0.04178
-13.750 18.250 -0.02498
-13.750 18.750 -0.09038
-13.750 19.250 -0.15422
-13.750 19.750 -0.21633
-13.750 20.250 -0.27654
-13.750 20.750 -0.33469
-13.750 21.250 -0.39063
-13.750 21.750 -0.44422
-13.750 22.250 -0.49537
-13.750 22.750 -0.54396
-13.750 23.250 -0.58990
-13.750 23.750 -0.63313
-13.750 24.250 -0.67360
-13.750 24.750 -0.71127
-13.750 25.250 -0.74611
-13.750 25.750 -0.77813
-13.750 26.250 -0.80734
-13.750 26.750 -0.83375
-13.750 27.250 -0.85741
-13.750 27.750 -0.87837
-13.750 28.250 -0.89669
-13.750 28.750 -0.91244
-13.750 29.250 -0.92571
-13.750 29.750 -0.93659
-13.750 30.250 -0.94517
-13.750 30.750 -0.95155
-13.750 31.250 -0.95586
-13.750 31.750 -0.95819
-13.750 32.250 -0.95865
-13.750 32.750 -0.95738
-13.750 33.250 -0.95447
-13.750 33.750 -0.95004
-13.750 34.250 -0.94420
-13.750 34.750 -0.93708
-13.750 35.250 -0.92877
-13.750 35.750 -0.91937
-13.750 36.250 -0.90900
-13.750 36.750 -0.89775
-13.750 37.250 -0.88571
-13.750 37.750 -0.87297
-13.750 38.250 -0.85962
-13.750 38.750 -0.84573
-13.750 39.250 -0.83138
-13.750 39.750 -0.81664
-13.750 40.250 -0.80158
-13.750 40.750 -0.78626
-13.750 41.250 -0.77073
-13.750 41.750 -0.75504
-13.750 42.250 -0.73925
-13.750 42.750 -0.72339
-13.750 43.250 -0.70752
-13.750 43.750 -0.69166
-13.750 44.250 -0.67584
-13.750 44.750 -0.66011
-13.250 -44.750 -0.65473
-13.250 -44.250 -0.66973
-13.250 -43.750 -0.68476
-13.250 -43.250 -0.69981
-13.250 -42.750 -0.71483
-13.250 -42.250 -0.72979
-13.250 -41.750 -0.74464
-13.250 -41.250 -0.75935
-13.250 -40.750 -0.77386
-13.250 -40.250 -0.78813
-13.250 -39.750 -0.80210
-13.250 -39.250 -0.81570
-13.250 -38.750 -0.82889
-13.250 -38.250 -0.84158
-13.250 -37.750 -0.85370
-13.250 -37.250 -0.86519
-13.250 -36.750 -0.87596
-13.250 -36.250 -0.88592
-13.250 -35.750 -0.89499
-13.250 -35.250 -0.90307
-13.250 -34.750 -0.91008
-13.250 -34.250 -0.91591
-13.250 -33.750 -0.92046
-13.250 -33.250 -0.92362
-13.250 -32.750 -0.92531
-13.250 -32.250 -0.92540
-13.250 -31.750 -0.92379
-13.250 -31.250 -0.92039
-13.250 -30.750 -0.91508
-13.250 -30.250 -0.90777
-13.250 -29.750 -0.89836
-13.250 -29.250 -0.88675
-13.250 -28.750 -0.87287
-13.250 -28.250 -0.85662
-13.250 -27.750 -0.83795
-13.250 -27.250 -0.81677
-13.250 -26.750 -0.79305
-13.250 -26.250 -0.76673
-13.250 -25.750 -0.73779
-13.250 -25.250 -0.70620
-13.250 -24.750 -0.67196
-13.250 -24.250 -0.63508
-13.250 -23.750 -0.59558
-13.250 -23.250 -0.55349
-13.250 -22.750 -0.50888
-13.250 -22.250 -0.46181
-13.250 -21.750 -0.41235
-13.250 -21.250 -0.36060
-13.250 -20.750 -0.30668
-13.250 -20.250 -0.25071
-13.250 -19.750 -0.19282
-13.250 -19.250 -0.13317
-13.250 -18.750 -0.07190
-13.250 -18.250 -0.00920
-13.250 -17.750  0.05477
-13.250 -17.250  0.11981
-13.250 -16.750  0.18575
-13.250 -16.250  0.25237
-13.250 -15.750  0.31949
-13.250 -15.250  0.38689
-13.250 -14.750  0.45439
-13.250 -14.250  0.52177
-13.250 -13.750  0.58883
-13.250 -13.250  0.65538
-13.250 -12.750  0.72121
-13.250 -12.250  0.78613
-13.250 -11.750  0.84997
-13.250 -11.250  0.91253
-13.250 -10.750  0.97363
-13.250 -10.250  1.03311
-13.250 -9.750  1.09081
-13.250 -9.250  1.14657
-13.250 -8.750  1.20025
-13.250 -8.250  1.25169
-13.250 -7.750  1.30078
-13.250 -7.250  1.34739
-13.250 -6.750  1.39140
-13.250 -6.250  1.43270
-13.250 -5.750  1.47120
-13.250 -5.250  1.50681
-13.250 -4.750  1.53943
-13.250 -4.250  1.56901
-13.250 -3.750  1.59547
-13.250 -3.250  1.61874
-13.250 -2.750  1.63879
-13.250 -2.250  1.65556
-13.250 -1.750  1.66903
-13.250 -1.250  1.67915
-13.250 -0.750  1.68591
-13.250 -0.250  1.68929
-13.250 0.250  1.68929
-13.250 0.750  1.68591
-13.250 1.250  1.67915
-13.250 1.750  1.66903
-13.250 2.250  1.65556
-13.250 2.750  1.63879
-13.250 3.250  1.61874
-13.250 3.750  1.59547
-13.250 4.250  1.56901
-13.250 4.750  1.53943
-13.250 5.250  1.50681
-13.250 5.750  1.47120
-13.250 6.250  1.43270
-13.250 6.750  1.39140
-13.250 7.250  1.34739
-13.250 7.750  1.30078
-13.250 8.250  1.25169
-13.250 8.750  1.20025
-13.250 9.250  1.14657
-13.250 9.750  1.09081
-13.250 10.250  1.03311
-13.250 10.750  0.97363
-13.250 11.250  0.91253
-13.250 11.750  0.84997
-13.250 12.250  0.78613
-13.250 12.750  0.72121
-13.250 13.250  0.65538
-13.250 13.750  0.58883
-13.250 14.250  0.52177
-13.250 14.750  0.45439
-13.250 15.250  0.38689
-13.250 15.750  0.31949
-13.250 16.250  0.25237
-13.250 16.750  0.18575
-13.250 17.250  0.11981
-13.250 17.750  0.05477
-13.250 18.250 -0.00920
-13.250 18.750 -0.07190
-13.250 19.250 -0.13317
-13.250 19.750 -0.19282
-13.250 20.250 -0.25071
-13.250 20.750 -0.30668
-13.250 21.250 -0.36060
-13.250 21.750 -0.41235
-13.250 22.250 -0.46181
-13.250 22.750 -0.50888
-13.250 23.250 -0.55349
-13.250 23.750 -0.59558
-13.250 24.250 -0.63508
-13.250 24.750 -0.67196
-13.250 25.250 -0.70620
-13.250 25.750 -0.73779
-13.250 26.250 -0.76673
-13.250 26.750 -0.79305
-13.250 27.250 -0.81677
-13.250 27.750 -0.83795
-13.250 28.250 -0.85662
-13.250 28.750 -0.87287
-13.250 29.250 -0.88675
-13.250 29.750 -0.89836
-13.250 30.250 -0.90777
-13.250 30.750 -0.91508
-13.250 31.250 -0.92039
-13.250 31.750 -0.92379
-13.250 32.250 -0.92540
-13.250 32.750 -0.92531
-13.250 33.250 -0.92362
-13.250 33.750 -0.92046
-13.250 34.250 -0.91591
-13.250 34.750 -0.91008
-13.250 35.250 -0.90307
-13.250 35.750 -0.89499
-13.250 36.250 -0.88592
-13.250 36.750 -0.87596
-13.250 37.250 -0.86519
-13.250 37.750 -0.85370
-13.250 38.250 -0.84158
-13.250 38.750 -0.82889
-13.250 39.250 -0.81570
-13.250 39.750 -0.80210
-13.250 40.250 -0.78813
-13.250 40.750 -0.77386
-13.250 41.250 -0.75935
-13.250 41.750 -0.74464
-13.250 42.250 -0.72979
-13.250 42.750 -0.71483
-13.250 43.250 -0.69981
-13.250 43.750 -0.68476
-13.250 44.250 -0.66973
-13.250 44.750 -0.65473
-12.750 -44.750 -0.64928
-12.750 -44.250 -0.66357
-12.750 -43.750 -0.67786
-12.750 -43.250 -0.69213
-12.750 -42.750 -0.70633
-12.750 -42.250 -0.72043
-12.750 -41.750 -0.73439
-12.750 -41.250 -0.74817
-12.750 -40.750 -0.76172
-12.750 -40.250 -0.77498
-12.750 -39.750 -0.78791
-12.750 -39.250 -0.80045
-12.750 -38.750 -0.81253
-12.750 -38.250 -0.82410
-12.750 -37.750 -0.83507
-12.750 -37.250 -0.84539
-12.750 -36.750 -0.85497
-12.750 -36.250 -0.86373
-12.750 -35.750 -0.87159
-12.750 -35.250 -0.87846
-12.750 -34.750 -0.88426
-12.750 -34.250 -0.88889
-12.750 -33.750 -0.89226
-12.750 -33.250 -0.89427
-12.750 -32.750 -0.89483
-12.750 -32.250 -0.89384
-12.750 -31.750 -0.89120
-12.750 -31.250 -0.88682
-12.750 -30.750 -0.88061
-12.750 -30.250 -0.87248
-12.750 -29.750 -0.86233
-12.750 -29.250 -0.85008
-12.750 -28.750 -0.83566
-12.750 -28.250 -0.81900
-12.750 -27.750 -0.80002
-12.750 -27.250 -0.77869
-12.750 -26.750 -0.75494
-12.750 -26.250 -0.72875
-12.750 -25.750 -0.70008
-12.750 -25.250 -0.66893
-12.750 -24.750 -0.63529
-12.750 -24.250 -0.59918
-12.750 -23.750 -0.56061
-12.750 -23.250 -0.51962
-12.750 -22.750 -0.47627
-12.750 -22.250 -0.43063
-12.750 -21.750 -0.38276
-12.750 -21.250 -0.33276
-12.750 -20.750 -0.28073
-12.750 -20.250 -0.22680
-12.750 -19.750 -0.17108
-12.750 -19.250 -0.11372
-12.750 -18.750 -0.05487
-12.750 -18.250  0.00532
-12.750 -17.750  0.06668
-12.750 -17.250  0.12903
-12.750 -16.750  0.19220
-12.750 -16.250  0.25601
-12.750 -15.750  0.32027
-12.750 -15.250  0.38479
-12.750 -14.750  0.44938
-12.750 -14.250  0.51385
-12.750 -13.750  0.57801
-12.750 -13.250  0.64167
-12.750 -12.750  0.70464
-12.750 -12.250  0.76675
-12.750 -11.750  0.82782
-12.750 -11.250  0.88767
-12.750 -10.750  0.94613
-12.750 -10.250  1.00306
-12.750 -9.750  1.05828
-12.750 -9.250  1.11165
-12.750 -8.750  1.16303
-12.750 -8.250  1.21229
-12.750 -7.750  1.25930
-12.750 -7.250  1.30394
-12.750 -6.750  1.34610
-12.750 -6.250  1.38568
-12.750 -5.750  1.42257
-12.750 -5.250  1.45670
-12.750 -4.750  1.48797
-12.750 -4.250  1.51633
-12.750 -3.750  1.54169
-12.750 -3.250  1.56402
-12.750 -2.750  1.58324
-12.750 -2.250  1.59933
-12.750 -1.750  1.61224
-12.750 -1.250  1.62195
-12.750 -0.750  1.62843
-12.750 -0.250  1.63168
-12.750 0.250  1.63168
-12.750 0.750  1.62843
-12.750 1.250  1.62195
-12.750 1.750  1.61224
-12.750 2.250  1.59933
-12.750 2.750  1.58324
-12.750 3.250  1.56402
-12.750 3.750  1.54169
-12.750 4.250  1.51633
-12.750 4.750  1.48797
-12.750 5.250  1.45670
-12.750 5.750  1.42257
-12.750 6.250  1.38568
-12.750 6.750  1.34610
-12.750 7.250  1.30394
-12.750 7.750  1.25930
-12.750 8.250  1.21229
-12.750 8.750  1.16303
-12.750 9.250  1.11165
-12.750 9.750  1.05828
-12.750 10.250  1.00306
-12.750 10.750  0.94613
-12.750 11.250  0.88767
-12.750 11.750  0.82782
-12.750 12.250  0.76675
-12.750 12.750  0.70464
-12.750 13.250  0.64167
-12.750 13.750  0.57801
-12.750 14.250  0.51385
-12.750 14.750  0.44938
-12.750 15.250  0.38479
-12.750 15.750  0.32027
-12.750 16.250  0.25601
-12.750 16.750  0.19220
-12.750 17.250  0.12903
-12.750 17.750  0.06668
-12.750 18.250  0.00532
-12.750 18.750 -0.05487
-12.750 19.250 -0.11372
-12.750 19.750 -0.17108
-12.750 20.250 -0.22680
-12.750 20.750 -0.28073
-12.750 21.250 -0.33276
-12.750 21.750 -0.38276
-12.750 22.250 -0.43063
-12.750 22.750 -0.47627
-12.750 23.250 -0.51962
-12.750 23.750 -0.56061
-12.750 24.250 -0.59918
-12.750 24.750 -0.63529
-12.750 25.250 -0.66893
-12.750 25.750 -0.70008
-12.750 26.250 -0.72875
-12.750 26.750 -0.75494
-12.750 27.250 -0.77869
-12.750 27.750 -0.80002
-12.750 28.250 -0.81900
-12.750 28.750 -0.83566
-12.750 29.250 -0.85008
-12.750 29.750 -0.86233
-12.750 30.250 -0.87248
-12.750 30.750 -0.88061
-12.750 31.250 -0.88682
-12.750 31.750 -0.89120
-12.750 32.250 -0.89384
-12.750 32.750 -0.89483
-12.750 33.250 -0.89427
-12.750 33.750 -0.89226
-12.750 34.250 -0.88889
-12.750 34.750 -0.88426
-12.750 35.250 -0.87846
-12.750 35.750 -0.87159
-12.750 36.250 -0.86373
-12.750 36.750 -0.85497
-12.750 37.250 -0.84539
-12.750 37.750 -0.83507
-12.750 38.250 -0.82410
-12.750 38.750 -0.81253
-12.750 39.250 -0.80045
-12.750 39.750 -0.78791
-12.750 40.250 -0.77498
-12.750 40.750 -0.76172
-12.750 41.250 -0.74817
-12.750 41.750 -0.73439
-12.750 42.250 -0.72043
-12.750 42.750 -0.70633
-12.750 43.250 -0.69213
-12.750 43.750 -0.67786
-12.750 44.250 -0.66357
-12.750 44.750 -0.64928
-12.250 -44.750 -0.64380
-12.250 -44.250 -0.65741
-12.250 -43.750 -0.67099
-12.250 -43.250 -0.68451
-12.250 -42.750 -0.69793
-12.250 -42.250 -0.71122
-12.250 -41.750 -0.72433
-12.250 -41.250 -0.73722
-12.250 -40.750 -0.74985
-12.250 -40.250 -0.76216
-12.250 -39.750 -0.77412
-12.250 -39.250 -0.78565
-12.250 -38.750 -0.79670
-12.250 -38.250 -0.80721
-12.250 -37.750 -0.81710
-12.250 -37.250 -0.82632
-12.250 -36.750 -0.83479
-12.250 -36.250 -0.84244
-12.250 -35.750 -0.84917
-12.250 -35.250 -0.85492
-12.250 -34.750 -0.85961
-12.250 -34.250 -0.86313
-12.250 -33.750 -0.86541
-12.250 -33.250 -0.86637
-12.250 -32.750 -0.86590
-12.250 -32.250 -0.86392
-12.250 -31.750 -0.86035
-12.250 -31.250 -0.85510
-12.250 -30.750 -0.84807
-12.250 -30.250 -0.83920
-12.250 -29.750 -0.82839
-12.250 -29.250 -0.81558
-12.250 -28.750 -0.80070
-12.250 -28.250 -0.78368
-12.250 -27.750 -0.76447
-12.250 -27.250 -0.74302
-12.250 -26.750 -0.71928
-12.250 -26.250 -0.69324
-12.250 -25.750 -0.66487
-12.250 -25.250 -0.63416
-12.250 -24.750 -0.60111
-12.250 -24.250 -0.56573
-12.250 -23.750 -0.52805
-12.250 -23.250 -0.48812
-12.250 -22.750 -0.44597
-12.250 -22.250 -0.40167
-12.250 -21.750 -0.35530
-12.250 -21.250 -0.30694
-12.250 -20.750 -0.25669
-12.250 -20.250 -0.20467
-12.250 -19.750 -0.15098
-12.250 -19.250 -0.09577
-12.250 -18.750 -0.03918
-12.250 -18.250  0.01866
-12.250 -17.750  0.07758
-12.250 -17.250  0.13743
-12.250 -16.750  0.19803
-12.250 -16.250  0.25921
-12.250 -15.750  0.32080
-12.250 -15.250  0.38262
-12.250 -14.750  0.44449
-12.250 -14.250  0.50624
-12.250 -13.750  0.56768
-12.250 -13.250  0.62864
-12.250 -12.750  0.68894
-12.250 -12.250  0.74841
-12.250 -11.750  0.80688
-12.250 -11.250  0.86420
-12.250 -10.750  0.92019
-12.250 -10.250  0.97470
-12.250 -9.750  1.02759
-12.250 -9.250  1.07872
-12.250 -8.750  1.12795
-12.250 -8.250  1.17515
-12.250 -7.750  1.22020
-12.250 -7.250  1.26298
-12.250 -6.750  1.30339
-12.250 -6.250  1.34134
-12.250 -5.750  1.37671
-12.250 -5.250  1.40944
-12.250 -4.750  1.43943
-12.250 -4.250  1.46663
-12.250 -3.750  1.49097
-12.250 -3.250  1.51238
-12.250 -2.750  1.53083
-12.250 -2.250  1.54627
-12.250 -1.750  1.55866
-12.250 -1.250  1.56798
-12.250 -0.750  1.57420
-12.250 -0.250  1.57732
-12.250 0.250  1.57732
-12.250 0.750  1.57420
-12.250 1.250  1.56798
-12.250 1.750  1.55866
-12.250 2.250  1.54627
-12.250 2.750  1.53083
-12.250 3.250  1.51238
-12.250 3.750  1.49097
-12.250 4.250  1.46663
-12.250 4.750  1.43943
-12.250 5.250  1.40944
-12.250 5.750  1.37671
-12.250 6.250  1.34134
-12.250 6.750  1.30339
-12.250 7.250  1.26298
-12.250 7.750  1.22020
-12.250 8.250  1.17515
-12.250 8.750  1.12795
-12.250 9.250  1.07872
-12.250 9.750  1.02759
-12.250 10.250  0.97470
-12.250 10.750  0.92019
-12.250 11.250  0.86420
-12.250 11.750  0.80688
-12.250 12.250  0.74841
-12.250 12.750  0.68894
-12.250 13.250  0.62864
-12.250 13.750  0.56768
-12.250 14.250  0.50624
-12.250 14.750  0.44449
-12.250 15.250  0.38262
-12.250 15.750  0.32080
-12.250 16.250  0.25921
-12.250 16.750  0.19803
-12.250 17.250  0.13743
-12.250 17.750  0.07758
-12.250 18.250  0.01866
-12.250 18.750 -0.03918
-12.250 19.250 -0.09577
-12.250 19.750 -0.15098
-12.250 20.250 -0.20467
-12.250 20.750 -0.25669
-12.250 21.250 -0.30694
-12.250 21.750 -0.35530
-12.250 22.250 -0.40167
-12.250 22.750 -0.44597
-12.250 23.250 -0.48812
-12.250 23.750 -0.52805
-12.250 24.250 -0.56573
-12.250 24.750 -0.60111
-12.250 25.250 -0.63416
-12.250 25.750 -0.66487
-12.250 26.250 -0.69324
-12.250 26.750 -0.71928
-12.250 27.250 -0.74302
-12.250 27.750 -0.76447
-12.250 28.250 -0.78368
-12.250 28.750 -0.80070
-12.250 29.250 -0.81558
-12.250 29.750 -0.82839
-12.250 30.250 -0.83920
-12.250 30.750 -0.84807
-12.250 31.250 -0.85510
-12.250 31.750 -0.86035
-12.250 32.250 -0.86392
-12.250 32.750 -0.86590
-12.250 33.250 -0.86637
-12.250 33.750 -0.86541
-12.250 34.250 -0.86313
-12.250 34.750 -0.85961
-12.250 35.250 -0.85492
-12.250 35.750 -0.84917
-12.250 36.250 -0.84244
-12.250 36.750 -0.83479
-12.250 37.250 -0.82632
-12.250 37.750 -0.81710
-12.250 38.250 -0.80721
-12.250 38.750 -0.79670
-12.250 39.250 -0.78565
-12.250 39.750 -0.77412
-12.250 40.250 -0.76216
-12.250 40.750 -0.74985
-12.250 41.250 -0.73722
-12.250 41.750 -0.72433
-12.250 42.250 -0.71122
-12.250 42.750 -0.69793
-12.250 43.250 -0.68451
-12.250 43.750 -0.67099
-12.250 44.250 -0.65741
-12.250 44.750 -0.64380
-11.750 -44.750 -0.63832
-11.750 -44.250 -0.65129
-11.750 -43.750 -0.66419
-11.750 -43.250 -0.67699
-11.750 -42.750 -0.68966
-11.750 -42.250 -0.70217
-11.750 -41.750 -0.71447
-11.750 -41.250 -0.72653
-11.750 -40.750 -0.73829
-11.750 -40.250 -0.74971
-11.750 -39.750 -0.76074
-11.750 -39.250 -0.77132
-11.750 -38.750 -0.78141
-11.750 -38.250 -0.79092
-11.750 -37.750 -0.79981
-11.750 -37.250 -0.80801
-11.750 -36.750 -0.81545
-11.750 -36.250 -0.82205
-11.750 -35.750 -0.82774
-11.750 -35.250 -0.83246
-11.750 -34.750 -0.83611
-11.750 -34.250 -0.83862
-11.750 -33.750 -0.83990
-11.750 -33.250 -0.83988
-11.750 -32.750 -0.83848
-11.750 -32.250 -0.83561
-11.750 -31.750 -0.83118
-11.750 -31.250 -0.82514
-11.750 -30.750 -0.81738
-11.750 -30.250 -0.80784
-11.750 -29.750 -0.79646
-11.750 -29.250 -0.78315
-11.750 -28.750 -0.76787
-11.750 -28.250 -0.75055
-11.750 -27.750 -0.73115
-11.750 -27.250 -0.70963
-11.750 -26.750 -0.68594
-11.750 -26.250 -0.66007
-11.750 -25.750 -0.63200
-11.750 -25.250 -0.60172
-11.750 -24.750 -0.56925
-11.750 -24.250 -0.53459
-11.750 -23.750 -0.49777
-11.750 -23.250 -0.45882
-11.750 -22.750 -0.41781
-11.750 -22.250 -0.37479
-11.750 -21.750 -0.32983
-11.750 -21.250 -0.28301
-11.750 -20.750 -0.23443
-11.750 -20.250 -0.18420
-11.750 -19.750 -0.13242
-11.750 -19.250 -0.07921
-11.750 -18.750 -0.02472
-11.750 -18.250  0.03092
-11.750 -17.750  0.08757
-11.750 -17.250  0.14507
-11.750 -16.750  0.20326
-11.750 -16.250  0.26199
-11.750 -15.750  0.32109
-11.750 -15.250  0.38039
-11.750 -14.750  0.43973
-11.750 -14.250  0.49894
-11.750 -13.750  0.55784
-11.750 -13.250  0.61627
-11.750 -12.750  0.67407
-11.750 -12.250  0.73107
-11.750 -11.750  0.78711
-11.750 -11.250  0.84205
-11.750 -10.750  0.89571
-11.750 -10.250  0.94797
-11.750 -9.750  0.99867
-11.750 -9.250  1.04769
-11.750 -8.750  1.09489
-11.750 -8.250  1.14015
-11.750 -7.750  1.18335
-11.750 -7.250  1.22439
-11.750 -6.750  1.26316
-11.750 -6.250  1.29956
-11.750 -5.750  1.33350
-11.750 -5.250  1.36491
-11.750 -4.750  1.39370
-11.750 -4.250  1.41980
-11.750 -3.750  1.44316
-11.750 -3.250  1.46372
-11.750 -2.750  1.48143
-11.750 -2.250  1.49625
-11.750 -1.750  1.50815
-11.750 -1.250  1.51710
-11.750 -0.750  1.52308
-11.750 -0.250  1.52607
-11.750 0.250  1.52607
-11.750 0.750  1.52308
-11.750 1.250  1.51710
-11.750 1.750  1.50815
-11.750 2.250  1.49625
-11.750 2.750  1.48143
-11.750 3.250  1.46372
-11.750 3.750  1.44316
-11.750 4.250  1.41980
-11.750 4.750  1.39370
-11.750 5.250  1.36491
-11.750 5.750  1.33350
-11.750 6.250  1.29956
-11.750 6.750  1.26316
-11.750 7.250  1.22439
-11.750 7.750  1.18335
-11.750 8.250  1.14015
-11.750 8.750  1.09489
-11.750 9.250  1.04769
-11.750 9.750  0.99867
-11.750 10.250  0.94797
-11.750 10.750  0.89571
-11.750 11.250  0.84205
-11.750 11.750  0.78711
-11.750 12.250  0.73107
-11.750 12.750  0.67407
-11.750 13.250  0.61627
-11.750 13.750  0.55784
-11.750 14.250  0.49894
-11.750 14.750  0.43973
-11.750 15.250  0.38039
-11.750 15.750  0.32109
-11.750 16.250  0.26199
-11.750 16.750  0.20326
-11.750 17.250  0.14507
-11.750 17.750  0.08757
-11.750 18.250  0.03092
-11.750 18.750 -0.02472
-11.750 19.250 -0.07921
-11.750 19.750 -0.13242
-11.750 20.250 -0.18420
-11.750 20.750 -0.23443
-11.750 21.250 -0.28301
-11.750 21.750 -0.32983
-11.750 22.250 -0.37479
-11.750 22.750 -0.41781
-11.750 23.250 -0.45882
-11.750 23.750 -0.49777
-11.750 24.250 -0.53459
-11.750 24.750 -0.56925
-11.750 25.250 -0.60172
-11.750 25.750 -0.63200
-11.750 26.250 -0.66007
-11.750 26.750 -0.68594
-11.750 27.250 -0.70963
-11.750 27.750 -0.73115
-11.750 28.250 -0.75055
-11.750 28.750 -0.76787
-11.750 29.250 -0.78315
-11.750 29.750 -0.79646
-11.750 30.250 -0.80784
-11.750 30.750 -0.81738
-11.750 31.250 -0.82514
-11.750 31.750 -0.83118
-11.750 32.250 -0.83561
-11.750 32.750 -0.83848
-11.750 33.250 -0.83988
-11.750 33.750 -0.83990
-11.750 34.250 -0.83862
-11.750 34.750 -0.83611
-11.750 35.250 -0.83246
-11.750 35.750 -0.82774
-11.750 36.250 -0.82205
-11.750 36.750 -0.81545
-11.750 37.250 -0.80801
-11.750 37.750 -0.79981
-11.750 38.250 -0.79092
-11.750 38.750 -0.78141
-11.750 39.250 -0.77132
-11.750 39.750 -0.76074
-11.750 40.250 -0.74971
-11.750 40.750 -0.73829
-11.750 41.250 -0.72653
-11.750 41.750 -0.71447
-11.750 42.250 -0.70217
-11.750 42.750 -0.68966
-11.750 43.250 -0.67699
-11.750 43.750 -0.66419
-11.750 44.250 -0.65129
-11.750 44.750 -0.63832
-11.250 -44.750 -0.63288
-11.250 -44.250 -0.64523
-11.250 -43.750 -0.65748
-11.250 -43.250 -0.66960
-11.250 -42.750 -0.68156
-11.250 -42.250 -0.69333
-11.250 -41.750 -0.70487
-11.250 -41.250 -0.71613
-11.250 -40.750 -0.72708
-11.250 -40.250 -0.73765
-11.250 -39.750 -0.74781
-11.250 -39.250 -0.75751
-11.250 -38.750 -0.76668
-11.250 -38.250 -0.77527
-11.250 -37.750 -0.78321
-11.250 -37.250 -0.79046
-11.250 -36.750 -0.79693
-11.250 -36.250 -0.80257
-11.250 -35.750 -0.80730
-11.250 -35.250 -0.81105
-11.250 -34.750 -0.81375
-11.250 -34.250 -0.81532
-11.250 -33.750 -0.81569
-11.250 -33.250 -0.81479
-11.250 -32.750 -0.81253
-11.250 -32.250 -0.80884
-11.250 -31.750 -0.80365
-11.250 -31.250 -0.79688
-11.250 -30.750 -0.78847
-11.250 -30.250 -0.77835
-11.250 -29.750 -0.76645
-11.250 -29.250 -0.75271
-11.250 -28.750 -0.73708
-11.250 -28.250 -0.71951
-11.250 -27.750 -0.69996
-11.250 -27.250 -0.67840
-11.250 -26.750 -0.65478
-11.250 -26.250 -0.62910
-11.250 -25.750 -0.60133
-11.250 -25.250 -0.57149
-11.250 -24.750 -0.53957
-11.250 -24.250 -0.50560
-11.250 -23.750 -0.46960
-11.250 -23.250 -0.43161
-11.250 -22.750 -0.39167
-11.250 -22.250 -0.34985
-11.250 -21.750 -0.30622
-11.250 -21.250 -0.26085
-11.250 -20.750 -0.21383
-11.250 -20.250 -0.16527
-11.250 -19.750 -0.11527
-11.250 -19.250 -0.06394
-11.250 -18.750 -0.01142
-11.250 -18.250  0.04217
-11.250 -17.750  0.09670
-11.250 -17.250  0.15201
-11.250 -16.750  0.20796
-11.250 -16.250  0.26441
-11.250 -15.750  0.32118
-11.250 -15.250  0.37814
-11.250 -14.750  0.43511
-11.250 -14.250  0.49194
-11.250 -13.750  0.54847
-11.250 -13.250  0.60454
-11.250 -12.750  0.66000
-11.250 -12.250  0.71469
-11.250 -11.750  0.76846
-11.250 -11.250  0.82116
-11.250 -10.750  0.87265
-11.250 -10.250  0.92279
-11.250 -9.750  0.97144
-11.250 -9.250  1.01848
-11.250 -8.750  1.06377
-11.250 -8.250  1.10721
-11.250 -7.750  1.14868
-11.250 -7.250  1.18808
-11.250 -6.750  1.22529
-11.250 -6.250  1.26024
-11.250 -5.750  1.29284
-11.250 -5.250  1.32299
-11.250 -4.750  1.35064
-11.250 -4.250  1.37572
-11.250 -3.750  1.39816
-11.250 -3.250  1.41791
-11.250 -2.750  1.43492
-11.250 -2.250  1.44916
-11.250 -1.750  1.46060
-11.250 -1.250  1.46919
-11.250 -0.750  1.47494
-11.250 -0.250  1.47781
-11.250 0.250  1.47781
-11.250 0.750  1.47494
-11.250 1.250  1.46919
-11.250 1.750  1.46060
-11.250 2.250  1.44916
-11.250 2.750  1.43492
-11.250 3.250  1.41791
-11.250 3.750  1.39816
-11.250 4.250  1.37572
-11.250 4.750  1.35064
-11.250 5.250  1.32299
-11.250 5.750  1.29284
-11.250 6.250  1.26024
-11.250 6.750  1.22529
-11.250 7.250  1.18808
-11.250 7.750  1.14868
-11.250 8.250  1.10721
-11.250 8.750  1.06377
-11.250 9.250  1.01848
-11.250 9.750  0.97144
-11.250 10.250  0.92279
-11.250 10.750  0.87265
-11.250 11.250  0.82116
-11.250 11.750  0.76846
-11.250 12.250  0.71469
-11.250 12.750  0.66000
-11.250 13.250  0.60454
-11.250 13.750  0.54847
-11.250 14.250  0.49194
-11.250 14.750  0.43511
-11.250 15.250  0.37814
-11.250 15.750  0.32118
-11.250 16.250  0.26441
-11.250 16.750  0.20796
-11.250 17.250  0.15201
-11.250 17.750  0.09670
-11.250 18.250  0.04217
-11.250 18.750 -0.01142
-11.250 19.250 -0.06394
-11.250 19.750 -0.11527
-11.250 20.250 -0.16527
-11.250 20.750 -0.21383
-11.250 21.250 -0.26085
-11.250 21.750 -0.30622
-11.250 22.250 -0.34985
-11.250 22.750 -0.39167
-11.250 23.250 -0.43161
-11.250 23.750 -0.46960
-11.250 24.250 -0.50560
-11.250 24.750 -0.53957
-11.250 25.250 -0.57149
-11.250 25.750 -0.60133
-11.250 26.250 -0.62910
-11.250 26.750 -0.65478
-11.250 27.250 -0.67840
-11.250 27.750 -0.69996
-11.250 28.250 -0.71951
-11.250 28.750 -0.73708
-11.250 29.250 -0.75271
-11.250 29.750 -0.76645
-11.250 30.250 -0.77835
-11.250 30.750 -0.78847
-11.250 31.250 -0.79688
-11.250 31.750 -0.80365
-11.250 32.250 -0.80884
-11.250 32.750 -0.81253
-11.250 33.250 -0.81479
-11.250 33.750 -0.81569
-11.250 34.250 -0.81532
-11.250 34.750 -0.81375
-11.250 35.250 -0.81105
-11.250 35.750 -0.80730
-11.250 36.250 -0.80257
-11.250 36.750 -0.79693
-11.250 37.250 -0.79046
-11.250 37.750 -0.78321
-11.250 38.250 -0.77527
-11.250 38.750 -0.76668
-11.250 39.250 -0.75751
-11.250 39.750 -0.74781
-11.250 40.250 -0.73765
-11.250 40.750 -0.72708
-11.250 41.250 -0.71613
-11.250 41.750 -0.70487
-11.250 42.250 -0.69333
-11.250 42.750 -0.68156
-11.250 43.250 -0.66960
-11.250 43.750 -0.65748
-11.250 44.250 -0.64523
-11.250 44.750 -0.63288
-10.750 -44.750 -0.62751
-10.750 -44.250 -0.63926
-10.750 -43.750 -0.65089
-10.750 -43.250 -0.66237
-10.750 -42.750 -0.67366
-10.750 -42.250 -0.68473
-10.750 -41.750 -0.69554
-10.750 -41.250 -0.70606
-10.750 -40.750 -0.71622
-10.750 -40.250 -0.72601
-10.750 -39.750 -0.73535
-10.750 -39.250 -0.74421
-10.750 -38.750 -0.75253
-10.750 -38.250 -0.76025
-10.750 -37.750 -0.76732
-10.750 -37.250 -0.77367
-10.750 -36.750 -0.77926
-10.750 -36.250 -0.78400
-10.750 -35.750 -0.78783
-10.750 -35.250 -0.79070
-10.750 -34.750 -0.79252
-10.750 -34.250 -0.79323
-10.750 -33.750 -0.79276
-10.750 -33.250 -0.79104
-10.750 -32.750 -0.78800
-10.750 -32.250 -0.78357
-10.750 -31.750 -0.77768
-10.750 -31.250 -0.77027
-10.750 -30.750 -0.76127
-10.750 -30.250 -0.75062
-10.750 -29.750 -0.73827
-10.750 -29.250 -0.72416
-10.750 -28.750 -0.70823
-10.750 -28.250 -0.69046
-10.750 -27.750 -0.67080
-10.750 -27.250 -0.64921
-10.750 -26.750 -0.62569
-10.750 -26.250 -0.60020
-10.750 -25.750 -0.57275
-10.750 -25.250 -0.54333
-10.750 -24.750 -0.51196
-10.750 -24.250 -0.47865
-10.750 -23.750 -0.44343
-10.750 -23.250 -0.40633
-10.750 -22.750 -0.36741
-10.750 -22.250 -0.32673
-10.750 -21.750 -0.28434
-10.750 -21.250 -0.24033
-10.750 -20.750 -0.19478
-10.750 -20.250 -0.14779
-10.750 -19.750 -0.09945
-10.750 -19.250 -0.04988
-10.750 -18.750  0.00081
-10.750 -18.250  0.05249
-10.750 -17.750  0.10504
-10.750 -17.250  0.15831
-10.750 -16.750  0.21218
-10.750 -16.250  0.26649
-10.750 -15.750  0.32110
-10.750 -15.250  0.37586
-10.750 -14.750  0.43062
-10.750 -14.250  0.48524
-10.750 -13.750  0.53955
-10.750 -13.250  0.59342
-10.750 -12.750  0.64670
-10.750 -12.250  0.69923
-10.750 -11.750  0.75087
-10.750 -11.250  0.80149
-10.750 -10.750  0.85094
-10.750 -10.250  0.89909
-10.750 -9.750  0.94582
-10.750 -9.250  0.99100
-10.750 -8.750  1.03451
-10.750 -8.250  1.07624
-10.750 -7.750  1.11608
-10.750 -7.250  1.15393
-10.750 -6.750  1.18970
-10.750 -6.250  1.22328
-10.750 -5.750  1.25461
-10.750 -5.250  1.28359
-10.750 -4.750  1.31017
-10.750 -4.250  1.33427
-10.750 -3.750  1.35584
-10.750 -3.250  1.37483
-10.750 -2.750  1.39119
-10.750 -2.250  1.40489
-10.750 -1.750  1.41588
-10.750 -1.250  1.42414
-10.750 -0.750  1.42967
-10.750 -0.250  1.43243
-10.750 0.250  1.43243
-10.750 0.750  1.42967
-10.750 1.250  1.42414
-10.750 1.750  1.41588
-10.750 2.250  1.40489
-10.750 2.750  1.39119
-10.750 3.250  1.37483
-10.750 3.750  1.35584
-10.750 4.250  1.33427
-10.750 4.750  1.31017
-10.750 5.250  1.28359
-10.750 5.750  1.25461
-10.750 6.250  1.22328
-10.750 6.750  1.18970
-10.750 7.250  1.15393
-10.750 7.750  1.11608
-10.750 8.250  1.07624
-10.750 8.750  1.03451
-10.750 9.250  0.99100
-10.750 9.750  0.94582
-10.750 10.250  0.89909
-10.750 10.750  0.85094
-10.750 11.250  0.80149
-10.750 11.750  0.75087
-10.750 12.250  0.69923
-10.750 12.750  0.64670
-10.750 13.250  0.59342
-10.750 13.750  0.53955
-10.750 14.250  0.48524
-10.750 14.750  0.43062
-10.750 15.250  0.37586
-10.750 15.750  0.32110
-10.750 16.250  0.26649
-10.750 16.750  0.21218
-10.750 17.250  0.15831
-10.750 17.750  0.10504
-10.750 18.250  0.05249
-10.750 18.750  0.00081
-10.750 19.250 -0.04988
-10.750 19.750 -0.09945
-10.750 20.250 -0.14779
-10.750 20.750 -0.19478
-10.750 21.250 -0.24033
-10.750 21.750 -0.28434
-10.750 22.250 -0.32673
-10.750 22.750 -0.36741
-10.750 23.250 -0.40633
-10.750 23.750 -0.44343
-10.750 24.250 -0.47865
-10.750 24.750 -0.51196
-10.750 25.250 -0.54333
-10.750 25.750 -0.57275
-10.750 26.250 -0.60020
-10.750 26.750 -0.62569
-10.750 27.250 -0.64921
-10.750 27.750 -0.67080
-10.750 28.250 -0.69046
-10.750 28.750 -0.70823
-10.750 29.250 -0.72416
-10.750 29.750 -0.73827
-10.750 30.250 -0.75062
-10.750 30.750 -0.76127
-10.750 31.250 -0.77027
-10.750 31.750 -0.77768
-10.750 32.250 -0.78357
-10.750 32.750 -0.78800
-10.750 33.250 -0.79104
-10.750 33.750 -0.79276
-10.750 34.250 -0.79323
-10.750 34.750 -0.79252
-10.750 35.250 -0.79070
-10.750 35.750 -0.78783
-10.750 36.250 -0.78400
-10.750 36.750 -0.77926
-10.750 37.250 -0.77367
-10.750 37.750 -0.76732
-10.750 38.250 -0.76025
-10.750 38.750 -0.75253
-10.750 39.250 -0.74421
-10.750 39.750 -0.73535
-10.750 40.250 -0.72601
-10.750 40.750 -0.71622
-10.750 41.250 -0.70606
-10.750 41.750 -0.69554
-10.750 42.250 -0.68473
-10.750 42.750 -0.67366
-10.750 43.250 -0.66237
-10.750 43.750 -0.65089
-10.750 44.250 -0.63926
-10.750 44.750 -0.62751
-10.250 -44.750 -0.62223
-10.250 -44.250 -0.63341
-10.250 -43.750 -0.64445
-10.250 -43.250 -0.65532
-10.250 -42.750 -0.66597
-10.250 -42.250 -0.67638
-10.250 -41.750 -0.68651
-10.250 -41.250 -0.69632
-10.250 -40.750 -0.70576
-10.250 -40.250 -0.71480
-10.250 -39.750 -0.72338
-10.250 -39.250 -0.73145
-10.250 -38.750 -0.73897
-10.250 -38.250 -0.74589
-10.250 -37.750 -0.75214
-10.250 -37.250 -0.75767
-10.250 -36.750 -0.76242
-10.250 -36.250 -0.76633
-10.250 -35.750 -0.76934
-10.250 -35.250 -0.77138
-10.250 -34.750 -0.77240
-10.250 -34.250 -0.77232
-10.250 -33.750 -0.77108
-10.250 -33.250 -0.76862
-10.250 -32.750 -0.76487
-10.250 -32.250 -0.75976
-10.250 -31.750 -0.75325
-10.250 -31.250 -0.74525
-10.250 -30.750 -0.73573
-10.250 -30.250 -0.72461
-10.250 -29.750 -0.71185
-10.250 -29.250 -0.69741
-10.250 -28.750 -0.68124
-10.250 -28.250 -0.66329
-10.250 -27.750 -0.64355
-10.250 -27.250 -0.62198
-10.250 -26.750 -0.59856
-10.250 -26.250 -0.57328
-10.250 -25.750 -0.54614
-10.250 -25.250 -0.51714
-10.250 -24.750 -0.48629
-10.250 -24.250 -0.45361
-10.250 -23.750 -0.41913
-10.250 -23.250 -0.38288
-10.250 -22.750 -0.34493
-10.250 -22.250 -0.30531
-10.250 -21.750 -0.26409
-10.250 -21.250 -0.22136
-10.250 -20.750 -0.17718
-10.250 -20.250 -0.13165
-10.250 -19.750 -0.08486
-10.250 -19.250 -0.03693
-10.250 -18.750  0.01205
-10.250 -18.250  0.06195
-10.250 -17.750  0.11265
-10.250 -17.250  0.16403
-10.250 -16.750  0.21594
-10.250 -16.250  0.26827
-10.250 -15.750  0.32086
-10.250 -15.250  0.37358
-10.250 -14.750  0.42628
-10.250 -14.250  0.47883
-10.250 -13.750  0.53109
-10.250 -13.250  0.58290
-10.250 -12.750  0.63414
-10.250 -12.250  0.68465
-10.250 -11.750  0.73431
-10.250 -11.250  0.78298
-10.250 -10.750  0.83053
-10.250 -10.250  0.87683
-10.250 -9.750  0.92176
-10.250 -9.250  0.96520
-10.250 -8.750  1.00704
-10.250 -8.250  1.04717
-10.250 -7.750  1.08548
-10.250 -7.250  1.12188
-10.250 -6.750  1.15628
-10.250 -6.250  1.18858
-10.250 -5.750  1.21871
-10.250 -5.250  1.24660
-10.250 -4.750  1.27217
-10.250 -4.250  1.29536
-10.250 -3.750  1.31611
-10.250 -3.250  1.33439
-10.250 -2.750  1.35013
-10.250 -2.250  1.36331
-10.250 -1.750  1.37389
-10.250 -1.250  1.38184
-10.250 -0.750  1.38716
-10.250 -0.250  1.38982
-10.250 0.250  1.38982
-10.250 0.750  1.38716
-10.250 1.250  1.38184
-10.250 1.750  1.37389
-10.250 2.250  1.36331
-10.250 2.750  1.35013
-10.250 3.250  1.33439
-10.250 3.750  1.31611
-10.250 4.250  1.29536
-10.250 4.750  1.27217
-10.250 5.250  1.24660
-10.250 5.750  1.21871
-10.250 6.250  1.18858
-10.250 6.750  1.15628
-10.250 7.250  1.12188
-10.250 7.750  1.08548
-10.250 8.250  1.04717
-10.250 8.750  1.00704
-10.250 9.250  0.96520
-10.250 9.750  0.92176
-10.250 10.250  0.87683
-10.250 10.750  0.83053
-10.250 11.250  0.78298
-10.250 11.750  0.73431
-10.250 12.250  0.68465
-10.250 12.750  0.63414
-10.250 13.250  0.58290
-10.250 13.750  0.53109
-10.250 14.250  0.47883
-10.250 14.750  0.42628
-10.250 15.250  0.37358
-10.250 15.750  0.32086
-10.250 16.250  0.26827
-10.250 16.750  0.21594
-10.250 17.250  0.16403
-10.250 17.750  0.11265
-10.250 18.250  0.06195
-10.250 18.750  0.01205
-10.250 19.250 -0.03693
-10.250 19.750 -0.08486
-10.250 20.250 -0.13165
-10.250 20.750 -0.17718
-10.250 21.250 -0.22136
-10.250 21.750 -0.26409
-10.250 22.250 -0.30531
-10.250 22.750 -0.34493
-10.250 23.250 -0.38288
-10.250 23.750 -0.41913
-10.250 24.250 -0.45361
-10.250 24.750 -0.48629
-10.250 25.250 -0.51714
-10.250 25.750 -0.54614
-10.250 26.250 -0.57328
-10.250 26.750 -0.59856
-10.250 27.250 -0.62198
-10.250 27.750 -0.64355
-10.250 28.250 -0.66329
-10.250 28.750 -0.68124
-10.250 29.250 -0.69741
-10.250 29.750 -0.71185
-10.250 30.250 -0.72461
-10.250 30.750 -0.73573
-10.250 31.250 -0.74525
-10.250 31.750 -0.75325
-10.250 32.250 -0.75976
-10.250 32.750 -0.76487
-10.250 33.250 -0.76862
-10.250 33.750 -0.77108
-10.250 34.250 -0.77232
-10.250 34.750 -0.77240
-10.250 35.250 -0.77138
-10.250 35.750 -0.76934
-10.250 36.250 -0.76633
-10.250 36.750 -0.76242
-10.250 37.250 -0.75767
-10.250 37.750 -0.75214
-10.250 38.250 -0.74589
-10.250 38.750 -0.73897
-10.250 39.250 -0.73145
-10.250 39.750 -0.72338
-10.250 40.250 -0.71480
-10.250 40.750 -0.70576
-10.250 41.250 -0.69632
-10.250 41.750 -0.68651
-10.250 42.250 -0.67638
-10.250 42.750 -0.66597
-10.250 43.250 -0.65532
-10.250 43.750 -0.64445
-10.250 44.250 -0.63341
-10.250 44.750 -0.62223
-9.750 -44.750 -0.61706
-9.750 -44.250 -0.62771
-9.750 -43.750 -0.63819
-9.750 -43.250 -0.64848
-9.750 -42.750 -0.65853
-9.750 -42.250 -0.66832
-9.750 -41.750 -0.67781
-9.750 -41.250 -0.68695
-9.750 -40.750 -0.69571
-9.750 -40.250 -0.70404
-9.750 -39.750 -0.71190
-9.750 -39.250 -0.71925
-9.750 -38.750 -0.72603
-9.750 -38.250 -0.73219
-9.750 -37.750 -0.73767
-9.750 -37.250 -0.74244
-9.750 -36.750 -0.74642
-9.750 -36.250 -0.74956
-9.750 -35.750 -0.75181
-9.750 -35.250 -0.75310
-9.750 -34.750 -0.75337
-9.750 -34.250 -0.75257
-9.750 -33.750 -0.75063
-9.750 -33.250 -0.74748
-9.750 -32.750 -0.74309
-9.750 -32.250 -0.73737
-9.750 -31.750 -0.73028
-9.750 -31.250 -0.72177
-9.750 -30.750 -0.71177
-9.750 -30.250 -0.70024
-9.750 -29.750 -0.68713
-9.750 -29.250 -0.67240
-9.750 -28.750 -0.65601
-9.750 -28.250 -0.63793
-9.750 -27.750 -0.61813
-9.750 -27.250 -0.59659
-9.750 -26.750 -0.57329
-9.750 -26.250 -0.54822
-9.750 -25.750 -0.52139
-9.750 -25.250 -0.49279
-9.750 -24.750 -0.46244
-9.750 -24.250 -0.43036
-9.750 -23.750 -0.39659
-9.750 -23.250 -0.36115
-9.750 -22.750 -0.32410
-9.750 -22.250 -0.28548
-9.750 -21.750 -0.24537
-9.750 -21.250 -0.20382
-9.750 -20.750 -0.16093
-9.750 -20.250 -0.11677
-9.750 -19.750 -0.07143
-9.750 -19.250 -0.02502
-9.750 -18.750  0.02237
-9.750 -18.250  0.07061
-9.750 -17.750  0.11959
-9.750 -17.250  0.16920
-9.750 -16.750  0.21930
-9.750 -16.250  0.26978
-9.750 -15.750  0.32049
-9.750 -15.250  0.37131
-9.750 -14.750  0.42210
-9.750 -14.250  0.47273
-9.750 -13.750  0.52306
-9.750 -13.250  0.57296
-9.750 -12.750  0.62230
-9.750 -12.250  0.67093
-9.750 -11.750  0.71874
-9.750 -11.250  0.76559
-9.750 -10.750  0.81136
-9.750 -10.250  0.85593
-9.750 -9.750  0.89918
-9.750 -9.250  0.94100
-9.750 -8.750  0.98128
-9.750 -8.250  1.01991
-9.750 -7.750  1.05679
-9.750 -7.250  1.09183
-9.750 -6.750  1.12495
-9.750 -6.250  1.15606
-9.750 -5.750  1.18507
-9.750 -5.250  1.21192
-9.750 -4.750  1.23655
-9.750 -4.250  1.25888
-9.750 -3.750  1.27887
-9.750 -3.250  1.29647
-9.750 -2.750  1.31163
-9.750 -2.250  1.32433
-9.750 -1.750  1.33452
-9.750 -1.250  1.34218
-9.750 -0.750  1.34730
-9.750 -0.250  1.34986
-9.750 0.250  1.34986
-9.750 0.750  1.34730
-9.750 1.250  1.34218
-9.750 1.750  1.33452
-9.750 2.250  1.32433
-9.750 2.750  1.31163
-9.750 3.250  1.29647
-9.750 3.750  1.27887
-9.750 4.250  1.25888
-9.750 4.750  1.23655
-9.750 5.250  1.21192
-9.750 5.750  1.18507
-9.750 6.250  1.15606
-9.750 6.750  1.12495
-9.750 7.250  1.09183
-9.750 7.750  1.05679
-9.750 8.250  1.01991
-9.750 8.750  0.98128
-9.750 9.250  0.94100
-9.750 9.750  0.89918
-9.750 10.250  0.85593
-9.750 10.750  0.81136
-9.750 11.250  0.76559
-9.750 11.750  0.71874
-9.750 12.250  0.67093
-9.750 12.750  0.62230
-9.750 13.250  0.57296
-9.750 13.750  0.52306
-9.750 14.250  0.47273
-9.750 14.750  0.42210
-9.750 15.250  0.37131
-9.750 15.750  0.32049
-9.750 16.250  0.26978
-9.750 16.750  0.21930
-9.750 17.250  0.16920
-9.750 17.750  0.11959
-9.750 18.250  0.07061
-9.750 18.750  0.02237
-9.750 19.250 -0.02502
-9.750 19.750 -0.07143
-9.750 20.250 -0.11677
-9.750 20.750 -0.16093
-9.750 21.250 -0.20382
-9.750 21.750 -0.24537
-9.750 22.250 -0.28548
-9.750 22.750 -0.32410
-9.750 23.250 -0.36115
-9.750 23.750 -0.39659
-9.750 24.250 -0.43036
-9.750 24.750 -0.46244
-9.750 25.250 -0.49279
-9.750 25.750 -0.52139
-9.750 26.250 -0.54822
-9.750 26.750 -0.57329
-9.750 27.250 -0.59659
-9.750 27.750 -0.61813
-9.750 28.250 -0.63793
-9.750 28.750 -0.65601
-9.750 29.250 -0.67240
-9.750 29.750 -0.68713
-9.750 30.250 -0.70024
-9.750 30.750 -0.71177
-9.750 31.250 -0.72177
-9.750 31.750 -0.73028
-9.750 32.250 -0.73737
-9.750 32.750 -0.74309
-9.750 33.250 -0.74748
-9.750 33.750 -0.75063
-9.750 34.250 -0.75257
-9.750 34.750 -0.75337
-9.750 35.250 -0.75310
-9.750 35.750 -0.75181
-9.750 36.250 -0.74956
-9.750 36.750 -0.74642
-9.750 37.250 -0.74244
-9.750 37.750 -0.73767
-9.750 38.250 -0.73219
-9.750 38.750 -0.72603
-9.750 39.250 -0.71925
-9.750 39.750 -0.71190
-9.750 40.250 -0.70404
-9.750 40.750 -0.69571
-9.750 41.250 -0.68695
-9.750 41.750 -0.67781
-9.750 42.250 -0.66832
-9.750 42.750 -0.65853
-9.750 43.250 -0.64848
-9.750 43.750 -0.63819
-9.750 44.250 -0.62771
-9.750 44.750 -0.61706
-9.250 -44.750 -0.61203
-9.250 -44.250 -0.62218
-9.250 -43.750 -0.63213
-9.250 -43.250 -0.64187
-9.250 -42.750 -0.65136
-9.250 -42.250 -0.66056
-9.250 -41.750 -0.66944
-9.250 -41.250 -0.67796
-9.250 -40.750 -0.68608
-9.250 -40.250 -0.69376
-9.250 -39.750 -0.70095
-9.250 -39.250 -0.70761
-9.250 -38.750 -0.71370
-9.250 -38.250 -0.71916
-9.250 -37.750 -0.72394
-9.250 -37.250 -0.72799
-9.250 -36.750 -0.73126
-9.250 -36.250 -0.73369
-9.250 -35.750 -0.73524
-9.250 -35.250 -0.73583
-9.250 -34.750 -0.73542
-9.250 -34.250 -0.73395
-9.250 -33.750 -0.73137
-9.250 -33.250 -0.72761
-9.250 -32.750 -0.72262
-9.250 -32.250 -0.71635
-9.250 -31.750 -0.70875
-9.250 -31.250 -0.69976
-9.250 -30.750 -0.68934
-9.250 -30.250 -0.67744
-9.250 -29.750 -0.66402
-9.250 -29.250 -0.64905
-9.250 -28.750 -0.63248
-9.250 -28.250 -0.61429
-9.250 -27.750 -0.59445
-9.250 -27.250 -0.57296
-9.250 -26.750 -0.54979
-9.250 -26.250 -0.52493
-9.250 -25.750 -0.49840
-9.250 -25.250 -0.47019
-9.250 -24.750 -0.44033
-9.250 -24.250 -0.40882
-9.250 -23.750 -0.37572
-9.250 -23.250 -0.34104
-9.250 -22.750 -0.30484
-9.250 -22.250 -0.26716
-9.250 -21.750 -0.22808
-9.250 -21.250 -0.18765
-9.250 -20.750 -0.14595
-9.250 -20.250 -0.10306
-9.250 -19.750 -0.05907
-9.250 -19.250 -0.01408
-9.250 -18.750  0.03182
-9.250 -18.250  0.07852
-9.250 -17.750  0.12591
-9.250 -17.250  0.17387
-9.250 -16.750  0.22229
-9.250 -16.250  0.27105
-9.250 -15.750  0.32001
-9.250 -15.250  0.36907
-9.250 -14.750  0.41808
-9.250 -14.250  0.46692
-9.250 -13.750  0.51547
-9.250 -13.250  0.56359
-9.250 -12.750  0.61116
-9.250 -12.250  0.65804
-9.250 -11.750  0.70413
-9.250 -11.250  0.74929
-9.250 -10.750  0.79340
-9.250 -10.250  0.83636
-9.250 -9.750  0.87804
-9.250 -9.250  0.91834
-9.250 -8.750  0.95716
-9.250 -8.250  0.99439
-9.250 -7.750  1.02994
-9.250 -7.250  1.06372
-9.250 -6.750  1.09564
-9.250 -6.250  1.12562
-9.250 -5.750  1.15359
-9.250 -5.250  1.17948
-9.250 -4.750  1.20321
-9.250 -4.250  1.22475
-9.250 -3.750  1.24402
-9.250 -3.250  1.26099
-9.250 -2.750  1.27561
-9.250 -2.250  1.28785
-9.250 -1.750  1.29768
-9.250 -1.250  1.30507
-9.250 -0.750  1.31000
-9.250 -0.250  1.31247
-9.250 0.250  1.31247
-9.250 0.750  1.31000
-9.250 1.250  1.30507
-9.250 1.750  1.29768
-9.250 2.250  1.28785
-9.250 2.750  1.27561
-9.250 3.250  1.26099
-9.250 3.750  1.24402
-9.250 4.250  1.22475
-9.250 4.750  1.20321
-9.250 5.250  1.17948
-9.250 5.750  1.15359
-9.250 6.250  1.12562
-9.250 6.750  1.09564
-9.250 7.250  1.06372
-9.250 7.750  1.02994
-9.250 8.250  0.99439
-9.250 8.750  0.95716
-9.250 9.250  0.91834
-9.250 9.750  0.87804
-9.250 10.250  0.83636
-9.250 10.750  0.79340
-9.250 11.250  0.74929
-9.250 11.750  0.70413
-9.250 12.250  0.65804
-9.250 12.750  0.61116
-9.250 13.250  0.56359
-9.250 13.750  0.51547
-9.250 14.250  0.46692
-9.250 14.750  0.41808
-9.250 15.250  0.36907
-9.250 15.750  0.32001
-9.250 16.250  0.27105
-9.250 16.750  0.22229
-9.250 17.250  0.17387
-9.250 17.750  0.12591
-9.250 18.250  0.07852
-9.250 18.750  0.03182
-9.250 19.250 -0.01408
-9.250 19.750 -0.05907
-9.250 20.250 -0.10306
-9.250 20.750 -0.14595
-9.250 21.250 -0.18765
-9.250 21.750 -0.22808
-9.250 22.250 -0.26716
-9.250 22.750 -0.30484
-9.250 23.250 -0.34104
-9.250 23.750 -0.37572
-9.250 24.250 -0.40882
-9.250 24.750 -0.44033
-9.250 25.250 -0.47019
-9.250 25.750 -0.49840
-9.250 26.250 -0.52493
-9.250 26.750 -0.54979
-9.250 27.250 -0.57296
-9.250 27.750 -0.59445
-9.250 28.250 -0.61429
-9.250 28.750 -0.63248
-9.250 29.250 -0.64905
-9.250 29.750 -0.66402
-9.250 30.250 -0.67744
-9.250 30.750 -0.68934
-9.250 31.250 -0.69976
-9.250 31.750 -0.70875
-9.250 32.250 -0.71635
-9.250 32.750 -0.72262
-9.250 33.250 -0.72761
-9.250 33.750 -0.73137
-9.250 34.250 -0.73395
-9.250 34.750 -0.73542
-9.250 35.250 -0.73583
-9.250 35.750 -0.73524
-9.250 36.250 -0.73369
-9.250 36.750 -0.73126
-9.250 37.250 -0.72799
-9.250 37.750 -0.72394
-9.250 38.250 -0.71916
-9.250 38.750 -0.71370
-9.250 39.250 -0.70761
-9.250 39.750 -0.70095
-9.250 40.250 -0.69376
-9.250 40.750 -0.68608
-9.250 41.250 -0.67796
-9.250 41.750 -0.66944
-9.250 42.250 -0.66056
-9.250 42.750 -0.65136
-9.250 43.250 -0.64187
-9.250 43.750 -0.63213
-9.250 44.250 -0.62218
-9.250 44.750 -0.61203
-8.750 -44.750 -0.60716
-8.750 -44.250 -0.61683
-8.750 -43.750 -0.62629
-8.750 -43.250 -0.63552
-8.750 -42.750 -0.64447
-8.750 -42.250 -0.65312
-8.750 -41.750 -0.66143
-8.750 -41.250 -0.66937
-8.750 -40.750 -0.67689
-8.750 -40.250 -0.68396
-8.750 -39.750 -0.69053
-8.750 -39.250 -0.69655
-8.750 -38.750 -0.70199
-8.750 -38.250 -0.70680
-8.750 -37.750 -0.71093
-8.750 -37.250 -0.71432
-8.750 -36.750 -0.71694
-8.750 -36.250 -0.71872
-8.750 -35.750 -0.71961
-8.750 -35.250 -0.71957
-8.750 -34.750 -0.71853
-8.750 -34.250 -0.71646
-8.750 -33.750 -0.71328
-8.750 -33.250 -0.70896
-8.750 -32.750 -0.70344
-8.750 -32.250 -0.69667
-8.750 -31.750 -0.68860
-8.750 -31.250 -0.67919
-8.750 -30.750 -0.66839
-8.750 -30.250 -0.65617
-8.750 -29.750 -0.64248
-8.750 -29.250 -0.62728
-8.750 -28.750 -0.61057
-8.750 -28.250 -0.59229
-8.750 -27.750 -0.57244
-8.750 -27.250 -0.55100
-8.750 -26.750 -0.52797
-8.750 -26.250 -0.50333
-8.750 -25.750 -0.47709
-8.750 -25.250 -0.44925
-8.750 -24.750 -0.41985
-8.750 -24.250 -0.38889
-8.750 -23.750 -0.35641
-8.750 -23.250 -0.32245
-8.750 -22.750 -0.28704
-8.750 -22.250 -0.25025
-8.750 -21.750 -0.21213
-8.750 -21.250 -0.17274
-8.750 -20.750 -0.13215
-8.750 -20.250 -0.09045
-8.750 -19.750 -0.04772
-8.750 -19.250 -0.00405
-8.750 -18.750  0.04047
-8.750 -18.250  0.08574
-8.750 -17.750  0.13165
-8.750 -17.250  0.17808
-8.750 -16.750  0.22494
-8.750 -16.250  0.27211
-8.750 -15.750  0.31945
-8.750 -15.250  0.36687
-8.750 -14.750  0.41423
-8.750 -14.250  0.46142
-8.750 -13.750  0.50830
-8.750 -13.250  0.55477
-8.750 -12.750  0.60069
-8.750 -12.250  0.64596
-8.750 -11.750  0.69044
-8.750 -11.250  0.73402
-8.750 -10.750  0.77660
-8.750 -10.250  0.81805
-8.750 -9.750  0.85828
-8.750 -9.250  0.89717
-8.750 -8.750  0.93463
-8.750 -8.250  0.97056
-8.750 -7.750  1.00486
-8.750 -7.250  1.03746
-8.750 -6.750  1.06826
-8.750 -6.250  1.09720
-8.750 -5.750  1.12419
-8.750 -5.250  1.14918
-8.750 -4.750  1.17209
-8.750 -4.250  1.19287
-8.750 -3.750  1.21148
-8.750 -3.250  1.22786
-8.750 -2.750  1.24197
-8.750 -2.250  1.25378
-8.750 -1.750  1.26327
-8.750 -1.250  1.27041
-8.750 -0.750  1.27517
-8.750 -0.250  1.27756
-8.750 0.250  1.27756
-8.750 0.750  1.27517
-8.750 1.250  1.27041
-8.750 1.750  1.26327
-8.750 2.250  1.25378
-8.750 2.750  1.24197
-8.750 3.250  1.22786
-8.750 3.750  1.21148
-8.750 4.250  1.19287
-8.750 4.750  1.17209
-8.750 5.250  1.14918
-8.750 5.750  1.12419
-8.750 6.250  1.09720
-8.750 6.750  1.06826
-8.750 7.250  1.03746
-8.750 7.750  1.00486
-8.750 8.250  0.97056
-8.750 8.750  0.93463
-8.750 9.250  0.89717
-8.750 9.750  0.85828
-8.750 10.250  0.81805
-8.750 10.750  0.77660
-8.750 11.250  0.73402
-8.750 11.750  0.69044
-8.750 12.250  0.64596
-8.750 12.750  0.60069
-8.750 13.250  0.55477
-8.750 13.750  0.50830
-8.750 14.250  0.46142
-8.750 14.750  0.41423
-8.750 15.250  0.36687
-8.750 15.750  0.31945
-8.750 16.250  0.27211
-8.750 16.750  0.22494
-8.750 17.250  0.17808
-8.750 17.750  0.13165
-8.750 18.250  0.08574
-8.750 18.750  0.04047
-8.750 19.250 -0.00405
-8.750 19.750 -0.04772
-8.750 20.250 -0.09045
-8.750 20.750 -0.13215
-8.750 21.250 -0.17274
-8.750 21.750 -0.21213
-8.750 22.250 -0.25025
-8.750 22.750 -0.28704
-8.750 23.250 -0.32245
-8.750 23.750 -0.35641
-8.750 24.250 -0.38889
-8.750 24.750 -0.41985
-8.750 25.250 -0.44925
-8.750 25.750 -0.47709
-8.750 26.250 -0.50333
-8.750 26.750 -0.52797
-8.750 27.250 -0.55100
-8.750 27.750 -0.57244
-8.750 28.250 -0.59229
-8.750 28.750 -0.61057
-8.750 29.250 -0.62728
-8.750 29.750 -0.64248
-8.750 30.250 -0.65617
-8.750 30.750 -0.66839
-8.750 31.250 -0.67919
-8.750 31.750 -0.68860
-8.750 32.250 -0.69667
-8.750 32.750 -0.70344
-8.750 33.250 -0.70896
-8.750 33.750 -0.71328
-8.750 34.250 -0.71646
-8.750 34.750 -0.71853
-8.750 35.250 -0.71957
-8.750 35.750 -0.71961
-8.750 36.250 -0.71872
-8.750 36.750 -0.71694
-8.750 37.250 -0.71432
-8.750 37.750 -0.71093
-8.750 38.250 -0.70680
-8.750 38.750 -0.70199
-8.750 39.250 -0.69655
-8.750 39.750 -0.69053
-8.750 40.250 -0.68396
-8.750 40.750 -0.67689
-8.750 41.250 -0.66937
-8.750 41.750 -0.66143
-8.750 42.250 -0.65312
-8.750 42.750 -0.64447
-8.750 43.250 -0.63552
-8.750 43.750 -0.62629
-8.750 44.250 -0.61683
-8.750 44.750 -0.60716
-8.250 -44.750 -0.60247
-8.250 -44.250 -0.61169
-8.250 -43.750 -0.62069
-8.250 -43.250 -0.62943
-8.250 -42.750 -0.63788
-8.250 -42.250 -0.64602
-8.250 -41.750 -0.65380
-8.250 -41.250 -0.66119
-8.250 -40.750 -0.66816
-8.250 -40.250 -0.67465
-8.250 -39.750 -0.68064
-8.250 -39.250 -0.68608
-8.250 -38.750 -0.69092
-8.250 -38.250 -0.69513
-8.250 -37.750 -0.69865
-8.250 -37.250 -0.70144
-8.250 -36.750 -0.70344
-8.250 -36.250 -0.70462
-8.250 -35.750 -0.70492
-8.250 -35.250 -0.70429
-8.250 -34.750 -0.70269
-8.250 -34.250 -0.70006
-8.250 -33.750 -0.69635
-8.250 -33.250 -0.69151
-8.250 -32.750 -0.68551
-8.250 -32.250 -0.67828
-8.250 -31.750 -0.66980
-8.250 -31.250 -0.66001
-8.250 -30.750 -0.64887
-8.250 -30.250 -0.63636
-8.250 -29.750 -0.62243
-8.250 -29.250 -0.60705
-8.250 -28.750 -0.59021
-8.250 -28.250 -0.57187
-8.250 -27.750 -0.55202
-8.250 -27.250 -0.53065
-8.250 -26.750 -0.50775
-8.250 -26.250 -0.48332
-8.250 -25.750 -0.45736
-8.250 -25.250 -0.42989
-8.250 -24.750 -0.40092
-8.250 -24.250 -0.37048
-8.250 -23.750 -0.33860
-8.250 -23.250 -0.30530
-8.250 -22.750 -0.27064
-8.250 -22.250 -0.23467
-8.250 -21.750 -0.19745
-8.250 -21.250 -0.15902
-8.250 -20.750 -0.11948
-8.250 -20.250 -0.07888
-8.250 -19.750 -0.03731
-8.250 -19.250  0.00514
-8.250 -18.750  0.04838
-8.250 -18.250  0.09232
-8.250 -17.750  0.13685
-8.250 -17.250  0.18188
-8.250 -16.750  0.22729
-8.250 -16.250  0.27298
-8.250 -15.750  0.31883
-8.250 -15.250  0.36472
-8.250 -14.750  0.41056
-8.250 -14.250  0.45621
-8.250 -13.750  0.50156
-8.250 -13.250  0.54649
-8.250 -12.750  0.59089
-8.250 -12.250  0.63465
-8.250 -11.750  0.67765
-8.250 -11.250  0.71977
-8.250 -10.750  0.76092
-8.250 -10.250  0.80098
-8.250 -9.750  0.83985
-8.250 -9.250  0.87743
-8.250 -8.750  0.91363
-8.250 -8.250  0.94835
-8.250 -7.750  0.98149
-8.250 -7.250  1.01299
-8.250 -6.750  1.04276
-8.250 -6.250  1.07072
-8.250 -5.750  1.09681
-8.250 -5.250  1.12095
-8.250 -4.750  1.14309
-8.250 -4.250  1.16318
-8.250 -3.750  1.18116
-8.250 -3.250  1.19699
-8.250 -2.750  1.21063
-8.250 -2.250  1.22205
-8.250 -1.750  1.23122
-8.250 -1.250  1.23811
-8.250 -0.750  1.24272
-8.250 -0.250  1.24503
-8.250 0.250  1.24503
-8.250 0.750  1.24272
-8.250 1.250  1.23811
-8.250 1.750  1.23122
-8.250 2.250  1.22205
-8.250 2.750  1.21063
-8.250 3.250  1.19699
-8.250 3.750  1.18116
-8.250 4.250  1.16318
-8.250 4.750  1.14309
-8.250 5.250  1.12095
-8.250 5.750  1.09681
-8.250 6.250  1.07072
-8.250 6.750  1.04276
-8.250 7.250  1.01299
-8.250 7.750  0.98149
-8.250 8.250  0.94835
-8.250 8.750  0.91363
-8.250 9.250  0.87743
-8.250 9.750  0.83985
-8.250 10.250  0.80098
-8.250 10.750  0.76092
-8.250 11.250  0.71977
-8.250 11.750  0.67765
-8.250 12.250  0.63465
-8.250 12.750  0.59089
-8.250 13.250  0.54649
-8.250 13.750  0.50156
-8.250 14.250  0.45621
-8.250 14.750  0.41056
-8.250 15.250  0.36472
-8.250 15.750  0.31883
-8.250 16.250  0.27298
-8.250 16.750  0.22729
-8.250 17.250  0.18188
-8.250 17.750  0.13685
-8.250 18.250  0.09232
-8.250 18.750  0.04838
-8.250 19.250  0.00514
-8.250 19.750 -0.03731
-8.250 20.250 -0.07888
-8.250 20.750 -0.11948
-8.250 21.250 -0.15902
-8.250 21.750 -0.19745
-8.250 22.250 -0.23467
-8.250 22.750 -0.27064
-8.250 23.250 -0.30530
-8.250 23.750 -0.33860
-8.250 24.250 -0.37048
-8.250 24.750 -0.40092
-8.250 25.250 -0.42989
-8.250 25.750 -0.45736
-8.250 26.250 -0.48332
-8.250 26.750 -0.50775
-8.250 27.250 -0.53065
-8.250 27.750 -0.55202
-8.250 28.250 -0.57187
-8.250 28.750 -0.59021
-8.250 29.250 -0.60705
-8.250 29.750 -0.62243
-8.250 30.250 -0.63636
-8.250 30.750 -0.64887
-8.250 31.250 -0.66001
-8.250 31.750 -0.66980
-8.250 32.250 -0.67828
-8.250 32.750 -0.68551
-8.250 33.250 -0.69151
-8.250 33.750 -0.69635
-8.250 34.250 -0.70006
-8.250 34.750 -0.70269
-8.250 35.250 -0.70429
-8.250 35.750 -0.70492
-8.250 36.250 -0.70462
-8.250 36.750 -0.70344
-8.250 37.250 -0.70144
-8.250 37.750 -0.69865
-8.250 38.250 -0.69513
-8.250 38.750 -0.69092
-8.250 39.250 -0.68608
-8.250 39.750 -0.68064
-8.250 40.250 -0.67465
-8.250 40.750 -0.66816
-8.250 41.250 -0.66119
-8.250 41.750 -0.65380
-8.250 42.250 -0.64602
-8.250 42.750 -0.63788
-8.250 43.250 -0.62943
-8.250 43.750 -0.62069
-8.250 44.250 -0.61169
-8.250 44.750 -0.60247
-7.750 -44.750 -0.59798
-7.750 -44.250 -0.60678
-7.750 -43.750 -0.61534
-7.750 -43.250 -0.62363
-7.750 -42.750 -0.63162
-7.750 -42.250 -0.63927
-7.750 -41.750 -0.64656
-7.750 -41.250 -0.65345
-7.750 -40.750 -0.65989
-7.750 -40.250 -0.66586
-7.750 -39.750 -0.67131
-7.750 -39.250 -0.67620
-7.750 -38.750 -0.68049
-7.750 -38.250 -0.68414
-7.750 -37.750 -0.68710
-7.750 -37.250 -0.68933
-7.750 -36.750 -0.69078
-7.750 -36.250 -0.69141
-7.750 -35.750 -0.69116
-7.750 -35.250 -0.69000
-7.750 -34.750 -0.68787
-7.750 -34.250 -0.68473
-7.750 -33.750 -0.68053
-7.750 -33.250 -0.67524
-7.750 -32.750 -0.66879
-7.750 -32.250 -0.66116
-7.750 -31.750 -0.65230
-7.750 -31.250 -0.64217
-7.750 -30.750 -0.63074
-7.750 -30.250 -0.61797
-7.750 -29.750 -0.60383
-7.750 -29.250 -0.58829
-7.750 -28.750 -0.57135
-7.750 -28.250 -0.55296
-7.750 -27.750 -0.53312
-7.750 -27.250 -0.51183
-7.750 -26.750 -0.48907
-7.750 -26.250 -0.46484
-7.750 -25.750 -0.43916
-7.750 -25.250 -0.41203
-7.750 -24.750 -0.38348
-7.750 -24.250 -0.35352
-7.750 -23.750 -0.32219
-7.750 -23.250 -0.28952
-7.750 -22.750 -0.25556
-7.750 -22.250 -0.22035
-7.750 -21.750 -0.18396
-7.750 -21.250 -0.14644
-7.750 -20.750 -0.10785
-7.750 -20.250 -0.06827
-7.750 -19.750 -0.02779
-7.750 -19.250  0.01353
-7.750 -18.750  0.05559
-7.750 -18.250  0.09830
-7.750 -17.750  0.14157
-7.750 -17.250  0.18529
-7.750 -16.750  0.22936
-7.750 -16.250  0.27369
-7.750 -15.750  0.31815
-7.750 -15.250  0.36265
-7.750 -14.750  0.40707
-7.750 -14.250  0.45130
-7.750 -13.750  0.49523
-7.750 -13.250  0.53874
-7.750 -12.750  0.58174
-7.750 -12.250  0.62410
-7.750 -11.750  0.66573
-7.750 -11.250  0.70650
-7.750 -10.750  0.74633
-7.750 -10.250  0.78510
-7.750 -9.750  0.82272
-7.750 -9.250  0.85908
-7.750 -8.750  0.89411
-7.750 -8.250  0.92770
-7.750 -7.750  0.95978
-7.750 -7.250  0.99026
-7.750 -6.750  1.01906
-7.750 -6.250  1.04612
-7.750 -5.750  1.07136
-7.750 -5.250  1.09473
-7.750 -4.750  1.11615
-7.750 -4.250  1.13559
-7.750 -3.750  1.15299
-7.750 -3.250  1.16831
-7.750 -2.750  1.18151
-7.750 -2.250  1.19257
-7.750 -1.750  1.20144
-7.750 -1.250  1.20811
-7.750 -0.750  1.21257
-7.750 -0.250  1.21480
-7.750 0.250  1.21480
-7.750 0.750  1.21257
-7.750 1.250  1.20811
-7.750 1.750  1.20144
-7.750 2.250  1.19257
-7.750 2.750  1.18151
-7.750 3.250  1.16831
-7.750 3.750  1.15299
-7.750 4.250  1.13559
-7.750 4.750  1.11615
-7.750 5.250  1.09473
-7.750 5.750  1.07136
-7.750 6.250  1.04612
-7.750 6.750  1.01906
-7.750 7.250  0.99026
-7.750 7.750  0.95978
-7.750 8.250  0.92770
-7.750 8.750  0.89411
-7.750 9.250  0.85908
-7.750 9.750  0.82272
-7.750 10.250  0.78510
-7.750 10.750  0.74633
-7.750 11.250  0.70650
-7.750 11.750  0.66573
-7.750 12.250  0.62410
-7.750 12.750  0.58174
-7.750 13.250  0.53874
-7.750 13.750  0.49523
-7.750 14.250  0.45130
-7.750 14.750  0.40707
-7.750 15.250  0.36265
-7.750 15.750  0.31815
-7.750 16.250  0.27369
-7.750 16.750  0.22936
-7.750 17.250  0.18529
-7.750 17.750  0.14157
-7.750 18.250  0.09830
-7.750 18.750  0.05559
-7.750 19.250  0.01353
-7.750 19.750 -0.02779
-7.750 20.250 -0.06827
-7.750 20.750 -0.10785
-7.750 21.250 -0.14644
-7.750 21.750 -0.18396
-7.750 22.250 -0.22035
-7.750 22.750 -0.25556
-7.750 23.250 -0.28952
-7.750 23.750 -0.32219
-7.750 24.250 -0.35352
-7.750 24.750 -0.38348
-7.750 25.250 -0.41203
-7.750 25.750 -0.43916
-7.750 26.250 -0.46484
-7.750 26.750 -0.48907
-7.750 27.250 -0.51183
-7.750 27.750 -0.53312
-7.750 28.250 -0.55296
-7.750 28.750 -0.57135
-7.750 29.250 -0.58829
-7.750 29.750 -0.60383
-7.750 30.250 -0.61797
-7.750 30.750 -0.63074
-7.750 31.250 -0.64217
-7.750 31.750 -0.65230
-7.750 32.250 -0.66116
-7.750 32.750 -0.66879
-7.750 33.250 -0.67524
-7.750 33.750 -0.68053
-7.750 34.250 -0.68473
-7.750 34.750 -0.68787
-7.750 35.250 -0.69000
-7.750 35.750 -0.69116
-7.750 36.250 -0.69141
-7.750 36.750 -0.69078
-7.750 37.250 -0.68933
-7.750 37.750 -0.68710
-7.750 38.250 -0.68414
-7.750 38.750 -0.68049
-7.750 39.250 -0.67620
-7.750 39.750 -0.67131
-7.750 40.250 -0.66586
-7.750 40.750 -0.65989
-7.750 41.250 -0.65345
-7.750 41.750 -0.64656
-7.750 42.250 -0.63927
-7.750 42.750 -0.63162
-7.750 43.250 -0.62363
-7.750 43.750 -0.61534
-7.750 44.250 -0.60678
-7.750 44.750 -0.59798
-7.250 -44.750 -0.59370
-7.250 -44.250 -0.60210
-7.250 -43.750 -0.61026
-7.250 -43.250 -0.61813
-7.250 -42.750 -0.62568
-7.250 -42.250 -0.63289
-7.250 -41.750 -0.63972
-7.250 -41.250 -0.64614
-7.250 -40.750 -0.65210
-7.250 -40.250 -0.65758
-7.250 -39.750 -0.66254
-7.250 -39.250 -0.66692
-7.250 -38.750 -0.67071
-7.250 -38.250 -0.67384
-7.250 -37.750 -0.67629
-7.250 -37.250 -0.67801
-7.250 -36.750 -0.67894
-7.250 -36.250 -0.67906
-7.250 -35.750 -0.67832
-7.250 -35.250 -0.67667
-7.250 -34.750 -0.67406
-7.250 -34.250 -0.67046
-7.250 -33.750 -0.66583
-7.250 -33.250 -0.66011
-7.250 -32.750 -0.65327
-7.250 -32.250 -0.64527
-7.250 -31.750 -0.63607
-7.250 -31.250 -0.62563
-7.250 -30.750 -0.61394
-7.250 -30.250 -0.60094
-7.250 -29.750 -0.58662
-7.250 -29.250 -0.57095
-7.250 -28.750 -0.55392
-7.250 -28.250 -0.53550
-7.250 -27.750 -0.51569
-7.250 -27.250 -0.49447
-7.250 -26.750 -0.47185
-7.250 -26.250 -0.44782
-7.250 -25.750 -0.42240
-7.250 -25.250 -0.39560
-7.250 -24.750 -0.36743
-7.250 -24.250 -0.33793
-7.250 -23.750 -0.30712
-7.250 -23.250 -0.27503
-7.250 -22.750 -0.24172
-7.250 -22.250 -0.20723
-7.250 -21.750 -0.17160
-7.250 -21.250 -0.13491
-7.250 -20.750 -0.09721
-7.250 -20.250 -0.05858
-7.250 -19.750 -0.01909
-7.250 -19.250  0.02118
-7.250 -18.750  0.06215
-7.250 -18.250  0.10373
-7.250 -17.750  0.14582
-7.250 -17.250  0.18834
-7.250 -16.750  0.23119
-7.250 -16.250  0.27425
-7.250 -15.750  0.31744
-7.250 -15.250  0.36065
-7.250 -14.750  0.40376
-7.250 -14.250  0.44668
-7.250 -13.750  0.48931
-7.250 -13.250  0.53152
-7.250 -12.750  0.57322
-7.250 -12.250  0.61430
-7.250 -11.750  0.65465
-7.250 -11.250  0.69419
-7.250 -10.750  0.73279
-7.250 -10.250  0.77037
-7.250 -9.750  0.80683
-7.250 -9.250  0.84208
-7.250 -8.750  0.87602
-7.250 -8.250  0.90858
-7.250 -7.750  0.93966
-7.250 -7.250  0.96920
-7.250 -6.750  0.99711
-7.250 -6.250  1.02334
-7.250 -5.750  1.04780
-7.250 -5.250  1.07044
-7.250 -4.750  1.09121
-7.250 -4.250  1.11004
-7.250 -3.750  1.12691
-7.250 -3.250  1.14176
-7.250 -2.750  1.15455
-7.250 -2.250  1.16526
-7.250 -1.750  1.17386
-7.250 -1.250  1.18033
-7.250 -0.750  1.18465
-7.250 -0.250  1.18681
-7.250 0.250  1.18681
-7.250 0.750  1.18465
-7.250 1.250  1.18033
-7.250 1.750  1.17386
-7.250 2.250  1.16526
-7.250 2.750  1.15455
-7.250 3.250  1.14176
-7.250 3.750  1.12691
-7.250 4.250  1.11004
-7.250 4.750  1.09121
-7.250 5.250  1.07044
-7.250 5.750  1.04780
-7.250 6.250  1.02334
-7.250 6.750  0.99711
-7.250 7.250  0.96920
-7.250 7.750  0.93966
-7.250 8.250  0.90858
-7.250 8.750  0.87602
-7.250 9.250  0.84208
-7.250 9.750  0.80683
-7.250 10.250  0.77037
-7.250 10.750  0.73279
-7.250 11.250  0.69419
-7.250 11.750  0.65465
-7.250 12.250  0.61430
-7.250 12.750  0.57322
-7.250 13.250  0.53152
-7.250 13.750  0.48931
-7.250 14.250  0.44668
-7.250 14.750  0.40376
-7.250 15.250  0.36065
-7.250 15.750  0.31744
-7.250 16.250  0.27425
-7.250 16.750  0.23119
-7.250 17.250  0.18834
-7.250 17.750  0.14582
-7.250 18.250  0.10373
-7.250 18.750  0.06215
-7.250 19.250  0.02118
-7.250 19.750 -0.01909
-7.250 20.250 -0.05858
-7.250 20.750 -0.09721
-7.250 21.250 -0.13491
-7.250 21.750 -0.17160
-7.250 22.250 -0.20723
-7.250 22.750 -0.24172
-7.250 23.250 -0.27503
-7.250 23.750 -0.30712
-7.250 24.250 -0.33793
-7.250 24.750 -0.36743
-7.250 25.250 -0.39560
-7.250 25.750 -0.42240
-7.250 26.250 -0.44782
-7.250 26.750 -0.47185
-7.250 27.250 -0.49447
-7.250 27.750 -0.51569
-7.250 28.250 -0.53550
-7.250 28.750 -0.55392
-7.250 29.250 -0.57095
-7.250 29.750 -0.58662
-7.250 30.250 -0.60094
-7.250 30.750 -0.61394
-7.250 31.250 -0.62563
-7.250 31.750 -0.63607
-7.250 32.250 -0.64527
-7.250 32.750 -0.65327
-7.250 33.250 -0.66011
-7.250 33.750 -0.66583
-7.250 34.250 -0.67046
-7.250 34.750 -0.67406
-7.250 35.250 -0.67667
-7.250 35.750 -0.67832
-7.250 36.250 -0.67906
-7.250 36.750 -0.67894
-7.250 37.250 -0.67801
-7.250 37.750 -0.67629
-7.250 38.250 -0.67384
-7.250 38.750 -0.67071
-7.250 39.250 -0.66692
-7.250 39.750 -0.66254
-7.250 40.250 -0.65758
-7.250 40.750 -0.65210
-7.250 41.250 -0.64614
-7.250 41.750 -0.63972
-7.250 42.250 -0.63289
-7.250 42.750 -0.62568
-7.250 43.250 -0.61813
-7.250 43.750 -0.61026
-7.250 44.250 -0.60210
-7.250 44.750 -0.59370
-6.750 -44.750 -0.58964
-6.750 -44.250 -0.59768
-6.750 -43.750 -0.60546
-6.750 -43.250 -0.61294
-6.750 -42.750 -0.62009
-6.750 -42.250 -0.62689
-6.750 -41.750 -0.63330
-6.750 -41.250 -0.63928
-6.750 -40.750 -0.64480
-6.750 -40.250 -0.64983
-6.750 -39.750 -0.65433
-6.750 -39.250 -0.65825
-6.750 -38.750 -0.66157
-6.750 -38.250 -0.66423
-6.750 -37.750 -0.66621
-6.750 -37.250 -0.66745
-6.750 -36.750 -0.66793
-6.750 -36.250 -0.66758
-6.750 -35.750 -0.66639
-6.750 -35.250 -0.66429
-6.750 -34.750 -0.66125
-6.750 -34.250 -0.65724
-6.750 -33.750 -0.65220
-6.750 -33.250 -0.64610
-6.750 -32.750 -0.63890
-6.750 -32.250 -0.63057
-6.750 -31.750 -0.62107
-6.750 -31.250 -0.61037
-6.750 -30.750 -0.59843
-6.750 -30.250 -0.58524
-6.750 -29.750 -0.57076
-6.750 -29.250 -0.55498
-6.750 -28.750 -0.53788
-6.750 -28.250 -0.51944
-6.750 -27.750 -0.49965
-6.750 -27.250 -0.47852
-6.750 -26.750 -0.45603
-6.750 -26.250 -0.43219
-6.750 -25.750 -0.40702
-6.750 -25.250 -0.38053
-6.750 -24.750 -0.35273
-6.750 -24.250 -0.32365
-6.750 -23.750 -0.29332
-6.750 -23.250 -0.26178
-6.750 -22.750 -0.22906
-6.750 -22.250 -0.19523
-6.750 -21.750 -0.16032
-6.750 -21.250 -0.12439
-6.750 -20.750 -0.08751
-6.750 -20.250 -0.04975
-6.750 -19.750 -0.01118
-6.750 -19.250  0.02813
-6.750 -18.750  0.06810
-6.750 -18.250  0.10864
-6.750 -17.750  0.14966
-6.750 -17.250  0.19107
-6.750 -16.750  0.23278
-6.750 -16.250  0.27470
-6.750 -15.750  0.31671
-6.750 -15.250  0.35873
-6.750 -14.750  0.40065
-6.750 -14.250  0.44238
-6.750 -13.750  0.48379
-6.750 -13.250  0.52481
-6.750 -12.750  0.56532
-6.750 -12.250  0.60522
-6.750 -11.750  0.64441
-6.750 -11.250  0.68279
-6.750 -10.750  0.72028
-6.750 -10.250  0.75676
-6.750 -9.750  0.79216
-6.750 -9.250  0.82637
-6.750 -8.750  0.85932
-6.750 -8.250  0.89092
-6.750 -7.750  0.92110
-6.750 -7.250  0.94977
-6.750 -6.750  0.97686
-6.750 -6.250  1.00231
-6.750 -5.750  1.02605
-6.750 -5.250  1.04803
-6.750 -4.750  1.06819
-6.750 -4.250  1.08647
-6.750 -3.750  1.10284
-6.750 -3.250  1.11725
-6.750 -2.750  1.12967
-6.750 -2.250  1.14007
-6.750 -1.750  1.14841
-6.750 -1.250  1.15469
-6.750 -0.750  1.15889
-6.750 -0.250  1.16099
-6.750 0.250  1.16099
-6.750 0.750  1.15889
-6.750 1.250  1.15469
-6.750 1.750  1.14841
-6.750 2.250  1.14007
-6.750 2.750  1.12967
-6.750 3.250  1.11725
-6.750 3.750  1.10284
-6.750 4.250  1.08647
-6.750 4.750  1.06819
-6.750 5.250  1.04803
-6.750 5.750  1.02605
-6.750 6.250  1.00231
-6.750 6.750  0.97686
-6.750 7.250  0.94977
-6.750 7.750  0.92110
-6.750 8.250  0.89092
-6.750 8.750  0.85932
-6.750 9.250  0.82637
-6.750 9.750  0.79216
-6.750 10.250  0.75676
-6.750 10.750  0.72028
-6.750 11.250  0.68279
-6.750 11.750  0.64441
-6.750 12.250  0.60522
-6.750 12.750  0.56532
-6.750 13.250  0.52481
-6.750 13.750  0.48379
-6.750 14.250  0.44238
-6.750 14.750  0.40065
-6.750 15.250  0.35873
-6.750 15.750  0.31671
-6.750 16.250  0.27470
-6.750 16.750  0.23278
-6.750 17.250  0.19107
-6.750 17.750  0.14966
-6.750 18.250  0.10864
-6.750 18.750  0.06810
-6.750 19.250  0.02813
-6.750 19.750 -0.01118
-6.750 20.250 -0.04975
-6.750 20.750 -0.08751
-6.750 21.250 -0.12439
-6.750 21.750 -0.16032
-6.750 22.250 -0.19523
-6.750 22.750 -0.22906
-6.750 23.250 -0.26178
-6.750 23.750 -0.29332
-6.750 24.250 -0.32365
-6.750 24.750 -0.35273
-6.750 25.250 -0.38053
-6.750 25.750 -0.40702
-6.750 26.250 -0.43219
-6.750 26.750 -0.45603
-6.750 27.250 -0.47852
-6.750 27.750 -0.49965
-6.750 28.250 -0.51944
-6.750 28.750 -0.53788
-6.750 29.250 -0.55498
-6.750 29.750 -0.57076
-6.750 30.250 -0.58524
-6.750 30.750 -0.59843
-6.750 31.250 -0.61037
-6.750 31.750 -0.62107
-6.750 32.250 -0.63057
-6.750 32.750 -0.63890
-6.750 33.250 -0.64610
-6.750 33.750 -0.65220
-6.750 34.250 -0.65724
-6.750 34.750 -0.66125
-6.750 35.250 -0.66429
-6.750 35.750 -0.66639
-6.750 36.250 -0.66758
-6.750 36.750 -0.66793
-6.750 37.250 -0.66745
-6.750 37.750 -0.66621
-6.750 38.250 -0.66423
-6.750 38.750 -0.66157
-6.750 39.250 -0.65825
-6.750 39.750 -0.65433
-6.750 40.250 -0.64983
-6.750 40.750 -0.64480
-6.750 41.250 -0.63928
-6.750 41.750 -0.63330
-6.750 42.250 -0.62689
-6.750 42.750 -0.62009
-6.750 43.250 -0.61294
-6.750 43.750 -0.60546
-6.750 44.250 -0.59768
-6.750 44.750 -0.58964
-6.250 -44.750 -0.58582
-6.250 -44.250 -0.59353
-6.250 -43.750 -0.60096
-6.250 -43.250 -0.60808
-6.250 -42.750 -0.61486
-6.250 -42.250 -0.62128
-6.250 -41.750 -0.62730
-6.250 -41.250 -0.63288
-6.250 -40.750 -0.63800
-6.250 -40.250 -0.64261
-6.250 -39.750 -0.64669
-6.250 -39.250 -0.65019
-6.250 -38.750 -0.65308
-6.250 -38.250 -0.65531
-6.250 -37.750 -0.65686
-6.250 -37.250 -0.65768
-6.250 -36.750 -0.65772
-6.250 -36.250 -0.65696
-6.250 -35.750 -0.65535
-6.250 -35.250 -0.65285
-6.250 -34.750 -0.64942
-6.250 -34.250 -0.64503
-6.250 -33.750 -0.63963
-6.250 -33.250 -0.63319
-6.250 -32.750 -0.62567
-6.250 -32.250 -0.61704
-6.250 -31.750 -0.60727
-6.250 -31.250 -0.59633
-6.250 -30.750 -0.58419
-6.250 -30.250 -0.57082
-6.250 -29.750 -0.55621
-6.250 -29.250 -0.54033
-6.250 -28.750 -0.52317
-6.250 -28.250 -0.50472
-6.250 -27.750 -0.48497
-6.250 -27.250 -0.46392
-6.250 -26.750 -0.44156
-6.250 -26.250 -0.41791
-6.250 -25.750 -0.39297
-6.250 -25.250 -0.36676
-6.250 -24.750 -0.33930
-6.250 -24.250 -0.31061
-6.250 -23.750 -0.28073
-6.250 -23.250 -0.24969
-6.250 -22.750 -0.21753
-6.250 -22.250 -0.18430
-6.250 -21.750 -0.15005
-6.250 -21.250 -0.11483
-6.250 -20.750 -0.07870
-6.250 -20.250 -0.04174
-6.250 -19.750 -0.00400
-6.250 -19.250  0.03443
-6.250 -18.750  0.07348
-6.250 -18.250  0.11306
-6.250 -17.750  0.15310
-6.250 -17.250  0.19350
-6.250 -16.750  0.23418
-6.250 -16.250  0.27504
-6.250 -15.750  0.31598
-6.250 -15.250  0.35692
-6.250 -14.750  0.39775
-6.250 -14.250  0.43837
-6.250 -13.750  0.47869
-6.250 -13.250  0.51861
-6.250 -12.750  0.55802
-6.250 -12.250  0.59684
-6.250 -11.750  0.63497
-6.250 -11.250  0.67231
-6.250 -10.750  0.70876
-6.250 -10.250  0.74424
-6.250 -9.750  0.77866
-6.250 -9.250  0.81193
-6.250 -8.750  0.84397
-6.250 -8.250  0.87470
-6.250 -7.750  0.90403
-6.250 -7.250  0.93191
-6.250 -6.750  0.95825
-6.250 -6.250  0.98299
-6.250 -5.750  1.00608
-6.250 -5.250  1.02744
-6.250 -4.750  1.04704
-6.250 -4.250  1.06481
-6.250 -3.750  1.08073
-6.250 -3.250  1.09474
-6.250 -2.750  1.10681
-6.250 -2.250  1.11692
-6.250 -1.750  1.12504
-6.250 -1.250  1.13114
-6.250 -0.750  1.13522
-6.250 -0.250  1.13726
-6.250 0.250  1.13726
-6.250 0.750  1.13522
-6.250 1.250  1.13114
-6.250 1.750  1.12504
-6.250 2.250  1.11692
-6.250 2.750  1.10681
-6.250 3.250  1.09474
-6.250 3.750  1.08073
-6.250 4.250  1.06481
-6.250 4.750  1.04704
-6.250 5.250  1.02744
-6.250 5.750  1.00608
-6.250 6.250  0.98299
-6.250 6.750  0.95825
-6.250 7.250  0.93191
-6.250 7.750  0.90403
-6.250 8.250  0.87470
-6.250 8.750  0.84397
-6.250 9.250  0.81193
-6.250 9.750  0.77866
-6.250 10.250  0.74424
-6.250 10.750  0.70876
-6.250 11.250  0.67231
-6.250 11.750  0.63497
-6.250 12.250  0.59684
-6.250 12.750  0.55802
-6.250 13.250  0.51861
-6.250 13.750  0.47869
-6.250 14.250  0.43837
-6.250 14.750  0.39775
-6.250 15.250  0.35692
-6.250 15.750  0.31598
-6.250 16.250  0.27504
-6.250 16.750  0.23418
-6.250 17.250  0.19350
-6.250 17.750  0.15310
-6.250 18.250  0.11306
-6.250 18.750  0.07348
-6.250 19.250  0.03443
-6.250 19.750 -0.00400
-6.250 20.250 -0.04174
-6.250 20.750 -0.07870
-6.250 21.250 -0.11483
-6.250 21.750 -0.15005
-6.250 22.250 -0.18430
-6.250 22.750 -0.21753
-6.250 23.250 -0.24969
-6.250 23.750 -0.28073
-6.250 24.250 -0.31061
-6.250 24.750 -0.33930
-6.250 25.250 -0.36676
-6.250 25.750 -0.39297
-6.250 26.250 -0.41791
-6.250 26.750 -0.44156
-6.250 27.250 -0.46392
-6.250 27.750 -0.48497
-6.250 28.250 -0.50472
-6.250 28.750 -0.52317
-6.250 29.250 -0.54033
-6.250 29.750 -0.55621
-6.250 30.250 -0.57082
-6.250 30.750 -0.58419
-6.250 31.250 -0.59633
-6.250 31.750 -0.60727
-6.250 32.250 -0.61704
-6.250 32.750 -0.62567
-6.250 33.250 -0.63319
-6.250 33.750 -0.63963
-6.250 34.250 -0.64503
-6.250 34.750 -0.64942
-6.250 35.250 -0.65285
-6.250 35.750 -0.65535
-6.250 36.250 -0.65696
-6.250 36.750 -0.65772
-6.250 37.250 -0.65768
-6.250 37.750 -0.65686
-6.250 38.250 -0.65531
-6.250 38.750 -0.65308
-6.250 39.250 -0.65019
-6.250 39.750 -0.64669
-6.250 40.250 -0.64261
-6.250 40.750 -0.63800
-6.250 41.250 -0.63288
-6.250 41.750 -0.62730
-6.250 42.250 -0.62128
-6.250 42.750 -0.61486
-6.250 43.250 -0.60808
-6.250 43.750 -0.60096
-6.250 44.250 -0.59353
-6.250 44.750 -0.58582
-5.750 -44.750 -0.58226
-5.750 -44.250 -0.58966
-5.750 -43.750 -0.59677
-5.750 -43.250 -0.60356
-5.750 -42.750 -0.61000
-5.750 -42.250 -0.61607
-5.750 -41.750 -0.62173
-5.750 -41.250 -0.62695
-5.750 -40.750 -0.63169
-5.750 -40.250 -0.63593
-5.750 -39.750 -0.63962
-5.750 -39.250 -0.64274
-5.750 -38.750 -0.64524
-5.750 -38.250 -0.64708
-5.750 -37.750 -0.64824
-5.750 -37.250 -0.64867
-5.750 -36.750 -0.64833
-5.750 -36.250 -0.64719
-5.750 -35.750 -0.64520
-5.750 -35.250 -0.64234
-5.750 -34.750 -0.63856
-5.750 -34.250 -0.63383
-5.750 -33.750 -0.62810
-5.750 -33.250 -0.62136
-5.750 -32.750 -0.61355
-5.750 -32.250 -0.60466
-5.750 -31.750 -0.59465
-5.750 -31.250 -0.58350
-5.750 -30.750 -0.57117
-5.750 -30.250 -0.55765
-5.750 -29.750 -0.54292
-5.750 -29.250 -0.52696
-5.750 -28.750 -0.50976
-5.750 -28.250 -0.49131
-5.750 -27.750 -0.47159
-5.750 -27.250 -0.45062
-5.750 -26.750 -0.42839
-5.750 -26.250 -0.40491
-5.750 -25.750 -0.38019
-5.750 -25.250 -0.35425
-5.750 -24.750 -0.32710
-5.750 -24.250 -0.29878
-5.750 -23.750 -0.26931
-5.750 -23.250 -0.23873
-5.750 -22.750 -0.20707
-5.750 -22.250 -0.17440
-5.750 -21.750 -0.14074
-5.750 -21.250 -0.10617
-5.750 -20.750 -0.07073
-5.750 -20.250 -0.03449
-5.750 -19.750  0.00248
-5.750 -19.250  0.04011
-5.750 -18.750  0.07832
-5.750 -18.250  0.11704
-5.750 -17.750  0.15618
-5.750 -17.250  0.19566
-5.750 -16.750  0.23540
-5.750 -16.250  0.27529
-5.750 -15.750  0.31526
-5.750 -15.250  0.35521
-5.750 -14.750  0.39504
-5.750 -14.250  0.43466
-5.750 -13.750  0.47398
-5.750 -13.250  0.51290
-5.750 -12.750  0.55133
-5.750 -12.250  0.58916
-5.750 -11.750  0.62632
-5.750 -11.250  0.66270
-5.750 -10.750  0.69822
-5.750 -10.250  0.73279
-5.750 -9.750  0.76632
-5.750 -9.250  0.79873
-5.750 -8.750  0.82993
-5.750 -8.250  0.85986
-5.750 -7.750  0.88843
-5.750 -7.250  0.91558
-5.750 -6.750  0.94124
-5.750 -6.250  0.96534
-5.750 -5.750  0.98782
-5.750 -5.250  1.00863
-5.750 -4.750  1.02771
-5.750 -4.250  1.04502
-5.750 -3.750  1.06052
-5.750 -3.250  1.07417
-5.750 -2.750  1.08593
-5.750 -2.250  1.09577
-5.750 -1.750  1.10367
-5.750 -1.250  1.10962
-5.750 -0.750  1.11359
-5.750 -0.250  1.11558
-5.750 0.250  1.11558
-5.750 0.750  1.11359
-5.750 1.250  1.10962
-5.750 1.750  1.10367
-5.750 2.250  1.09577
-5.750 2.750  1.08593
-5.750 3.250  1.07417
-5.750 3.750  1.06052
-5.750 4.250  1.04502
-5.750 4.750  1.02771
-5.750 5.250  1.00863
-5.750 5.750  0.98782
-5.750 6.250  0.96534
-5.750 6.750  0.94124
-5.750 7.250  0.91558
-5.750 7.750  0.88843
-5.750 8.250  0.85986
-5.750 8.750  0.82993
-5.750 9.250  0.79873
-5.750 9.750  0.76632
-5.750 10.250  0.73279
-5.750 10.750  0.69822
-5.750 11.250  0.66270
-5.750 11.750  0.62632
-5.750 12.250  0.58916
-5.750 12.750  0.55133
-5.750 13.250  0.51290
-5.750 13.750  0.47398
-5.750 14.250  0.43466
-5.750 14.750  0.39504
-5.750 15.250  0.35521
-5.750 15.750  0.31526
-5.750 16.250  0.27529
-5.750 16.750  0.23540
-5.750 17.250  0.19566
-5.750 17.750  0.15618
-5.750 18.250  0.11704
-5.750 18.750  0.07832
-5.750 19.250  0.04011
-5.750 19.750  0.00248
-5.750 20.250 -0.03449
-5.750 20.750 -0.07073
-5.750 21.250 -0.10617
-5.750 21.750 -0.14074
-5.750 22.250 -0.17440
-5.750 22.750 -0.20707
-5.750 23.250 -0.23873
-5.750 23.750 -0.26931
-5.750 24.250 -0.29878
-5.750 24.750 -0.32710
-5.750 25.250 -0.35425
-5.750 25.750 -0.38019
-5.750 26.250 -0.40491
-5.750 26.750 -0.42839
-5.750 27.250 -0.45062
-5.750 27.750 -0.47159
-5.750 28.250 -0.49131
-5.750 28.750 -0.50976
-5.750 29.250 -0.52696
-5.750 29.750 -0.54292
-5.750 30.250 -0.55765
-5.750 30.750 -0.57117
-5.750 31.250 -0.58350
-5.750 31.750 -0.59465
-5.750 32.250 -0.60466
-5.750 32.750 -0.61355
-5.750 33.250 -0.62136
-5.750 33.750 -0.62810
-5.750 34.250 -0.63383
-5.750 34.750 -0.63856
-5.750 35.250 -0.64234
-5.750 35.750 -0.64520
-5.750 36.250 -0.64719
-5.750 36.750 -0.64833
-5.750 37.250 -0.64867
-5.750 37.750 -0.64824
-5.750 38.250 -0.64708
-5.750 38.750 -0.64524
-5.750 39.250 -0.64274
-5.750 39.750 -0.63962
-5.750 40.250 -0.63593
-5.750 40.750 -0.63169
-5.750 41.250 -0.62695
-5.750 41.750 -0.62173
-5.750 42.250 -0.61607
-5.750 42.750 -0.61000
-5.750 43.250 -0.60356
-5.750 43.750 -0.59677
-5.750 44.250 -0.58966
-5.750 44.750 -0.58226
-5.250 -44.750 -0.57896
-5.250 -44.250 -0.58607
-5.250 -43.750 -0.59289
-5.250 -43.250 -0.59938
-5.250 -42.750 -0.60551
-5.250 -42.250 -0.61127
-5.250 -41.750 -0.61660
-5.250 -41.250 -0.62149
-5.250 -40.750 -0.62589
-5.250 -40.250 -0.62979
-5.250 -39.750 -0.63314
-5.250 -39.250 -0.63590
-5.250 -38.750 -0.63805
-5.250 -38.250 -0.63954
-5.250 -37.750 -0.64035
-5.250 -37.250 -0.64042
-5.250 -36.750 -0.63974
-5.250 -36.250 -0.63826
-5.250 -35.750 -0.63594
-5.250 -35.250 -0.63275
-5.250 -34.750 -0.62865
-5.250 -34.250 -0.62361
-5.250 -33.750 -0.61760
-5.250 -33.250 -0.61058
-5.250 -32.750 -0.60252
-5.250 -32.250 -0.59339
-5.250 -31.750 -0.58317
-5.250 -31.250 -0.57183
-5.250 -30.750 -0.55935
-5.250 -30.250 -0.54570
-5.250 -29.750 -0.53087
-5.250 -29.250 -0.51484
-5.250 -28.750 -0.49760
-5.250 -28.250 -0.47915
-5.250 -27.750 -0.45948
-5.250 -27.250 -0.43858
-5.250 -26.750 -0.41647
-5.250 -26.250 -0.39315
-5.250 -25.750 -0.36863
-5.250 -25.250 -0.34294
-5.250 -24.750 -0.31608
-5.250 -24.250 -0.28809
-5.250 -23.750 -0.25900
-5.250 -23.250 -0.22883
-5.250 -22.750 -0.19764
-5.250 -22.250 -0.16547
-5.250 -21.750 -0.13236
-5.250 -21.250 -0.09837
-5.250 -20.750 -0.06355
-5.250 -20.250 -0.02798
-5.250 -19.750  0.00830
-5.250 -19.250  0.04520
-5.250 -18.750  0.08265
-5.250 -18.250  0.12059
-5.250 -17.750  0.15892
-5.250 -17.250  0.19757
-5.250 -16.750  0.23645
-5.250 -16.250  0.27548
-5.250 -15.750  0.31456
-5.250 -15.250  0.35362
-5.250 -14.750  0.39255
-5.250 -14.250  0.43127
-5.250 -13.750  0.46968
-5.250 -13.250  0.50769
-5.250 -12.750  0.54522
-5.250 -12.250  0.58217
-5.250 -11.750  0.61844
-5.250 -11.250  0.65396
-5.250 -10.750  0.68863
-5.250 -10.250  0.72237
-5.250 -9.750  0.75509
-5.250 -9.250  0.78672
-5.250 -8.750  0.81718
-5.250 -8.250  0.84638
-5.250 -7.750  0.87426
-5.250 -7.250  0.90075
-5.250 -6.750  0.92578
-5.250 -6.250  0.94930
-5.250 -5.750  0.97123
-5.250 -5.250  0.99153
-5.250 -4.750  1.01015
-5.250 -4.250  1.02705
-5.250 -3.750  1.04217
-5.250 -3.250  1.05548
-5.250 -2.750  1.06695
-5.250 -2.250  1.07656
-5.250 -1.750  1.08427
-5.250 -1.250  1.09007
-5.250 -0.750  1.09395
-5.250 -0.250  1.09589
-5.250 0.250  1.09589
-5.250 0.750  1.09395
-5.250 1.250  1.09007
-5.250 1.750  1.08427
-5.250 2.250  1.07656
-5.250 2.750  1.06695
-5.250 3.250  1.05548
-5.250 3.750  1.04217
-5.250 4.250  1.02705
-5.250 4.750  1.01015
-5.250 5.250  0.99153
-5.250 5.750  0.97123
-5.250 6.250  0.94930
-5.250 6.750  0.92578
-5.250 7.250  0.90075
-5.250 7.750  0.87426
-5.250 8.250  0.84638
-5.250 8.750  0.81718
-5.250 9.250  0.78672
-5.250 9.750  0.75509
-5.250 10.250  0.72237
-5.250 10.750  0.68863
-5.250 11.250  0.65396
-5.250 11.750  0.61844
-5.250 12.250  0.58217
-5.250 12.750  0.54522
-5.250 13.250  0.50769
-5.250 13.750  0.46968
-5.250 14.250  0.43127
-5.250 14.750  0.39255
-5.250 15.250  0.35362
-5.250 15.750  0.31456
-5.250 16.250  0.27548
-5.250 16.750  0.23645
-5.250 17.250  0.19757
-5.250 17.750  0.15892
-5.250 18.250  0.12059
-5.250 18.750  0.08265
-5.250 19.250  0.04520
-5.250 19.750  0.00830
-5.250 20.250 -0.02798
-5.250 20.750 -0.06355
-5.250 21.250 -0.09837
-5.250 21.750 -0.13236
-5.250 22.250 -0.16547
-5.250 22.750 -0.19764
-5.250 23.250 -0.22883
-5.250 23.750 -0.25900
-5.250 24.250 -0.28809
-5.250 24.750 -0.31608
-5.250 25.250 -0.34294
-5.250 25.750 -0.36863
-5.250 26.250 -0.39315
-5.250 26.750 -0.41647
-5.250 27.250 -0.43858
-5.250 27.750 -0.45948
-5.250 28.250 -0.47915
-5.250 28.750 -0.49760
-5.250 29.250 -0.51484
-5.250 29.750 -0.53087
-5.250 30.250 -0.54570
-5.250 30.750 -0.55935
-5.250 31.250 -0.57183
-5.250 31.750 -0.58317
-5.250 32.250 -0.59339
-5.250 32.750 -0.60252
-5.250 33.250 -0.61058
-5.250 33.750 -0.61760
-5.250 34.250 -0.62361
-5.250 34.750 -0.62865
-5.250 35.250 -0.63275
-5.250 35.750 -0.63594
-5.250 36.250 -0.63826
-5.250 36.750 -0.63974
-5.250 37.250 -0.64042
-5.250 37.750 -0.64035
-5.250 38.250 -0.63954
-5.250 38.750 -0.63805
-5.250 39.250 -0.63590
-5.250 39.750 -0.63314
-5.250 40.250 -0.62979
-5.250 40.750 -0.62589
-5.250 41.250 -0.62149
-5.250 41.750 -0.61660
-5.250 42.250 -0.61127
-5.250 42.750 -0.60551
-5.250 43.250 -0.59938
-5.250 43.750 -0.59289
-5.250 44.250 -0.58607
-5.250 44.750 -0.57896
-4.750 -44.750 -0.57593
-4.750 -44.250 -0.58279
-4.750 -43.750 -0.58934
-4.750 -43.250 -0.59556
-4.750 -42.750 -0.60141
-4.750 -42.250 -0.60688
-4.750 -41.750 -0.61192
-4.750 -41.250 -0.61651
-4.750 -40.750 -0.62061
-4.750 -40.250 -0.62420
-4.750 -39.750 -0.62723
-4.750 -39.250 -0.62968
-4.750 -38.750 -0.63151
-4.750 -38.250 -0.63269
-4.750 -37.750 -0.63318
-4.750 -37.250 -0.63294
-4.750 -36.750 -0.63195
-4.750 -36.250 -0.63016
-4.750 -35.750 -0.62754
-4.750 -35.250 -0.62406
-4.750 -34.750 -0.61968
-4.750 -34.250 -0.61437
-4.750 -33.750 -0.60810
-4.750 -33.250 -0.60084
-4.750 -32.750 -0.59256
-4.750 -32.250 -0.58323
-4.750 -31.750 -0.57282
-4.750 -31.250 -0.56131
-4.750 -30.750 -0.54869
-4.750 -30.250 -0.53492
-4.750 -29.750 -0.52001
-4.750 -29.250 -0.50392
-4.750 -28.750 -0.48666
-4.750 -28.250 -0.46821
-4.750 -27.750 -0.44858
-4.750 -27.250 -0.42776
-4.750 -26.750 -0.40576
-4.750 -26.250 -0.38259
-4.750 -25.750 -0.35826
-4.750 -25.250 -0.33279
-4.750 -24.750 -0.30619
-4.750 -24.250 -0.27850
-4.750 -23.750 -0.24975
-4.750 -23.250 -0.21997
-4.750 -22.750 -0.18920
-4.750 -22.250 -0.15748
-4.750 -21.750 -0.12486
-4.750 -21.250 -0.09140
-4.750 -20.750 -0.05714
-4.750 -20.250 -0.02216
-4.750 -19.750  0.01349
-4.750 -19.250  0.04973
-4.750 -18.750  0.08651
-4.750 -18.250  0.12374
-4.750 -17.750  0.16134
-4.750 -17.250  0.19924
-4.750 -16.750  0.23735
-4.750 -16.250  0.27560
-4.750 -15.750  0.31389
-4.750 -15.250  0.35214
-4.750 -14.750  0.39027
-4.750 -14.250  0.42817
-4.750 -13.750  0.46577
-4.750 -13.250  0.50297
-4.750 -12.750  0.53969
-4.750 -12.250  0.57584
-4.750 -11.750  0.61132
-4.750 -11.250  0.64606
-4.750 -10.750  0.67997
-4.750 -10.250  0.71297
-4.750 -9.750  0.74497
-4.750 -9.250  0.77589
-4.750 -8.750  0.80567
-4.750 -8.250  0.83422
-4.750 -7.750  0.86148
-4.750 -7.250  0.88738
-4.750 -6.750  0.91185
-4.750 -6.250  0.93483
-4.750 -5.750  0.95628
-4.750 -5.250  0.97612
-4.750 -4.750  0.99433
-4.750 -4.250  1.01084
-4.750 -3.750  1.02562
-4.750 -3.250  1.03864
-4.750 -2.750  1.04985
-4.750 -2.250  1.05924
-4.750 -1.750  1.06678
-4.750 -1.250  1.07245
-4.750 -0.750  1.07624
-4.750 -0.250  1.07813
-4.750 0.250  1.07813
-4.750 0.750  1.07624
-4.750 1.250  1.07245
-4.750 1.750  1.06678
-4.750 2.250  1.05924
-4.750 2.750  1.04985
-4.750 3.250  1.03864
-4.750 3.750  1.02562
-4.750 4.250  1.01084
-4.750 4.750  0.99433
-4.750 5.250  0.97612
-4.750 5.750  0.95628
-4.750 6.250  0.93483
-4.750 6.750  0.91185
-4.750 7.250  0.88738
-4.750 7.750  0.86148
-4.750 8.250  0.83422
-4.750 8.750  0.80567
-4.750 9.250  0.77589
-4.750 9.750  0.74497
-4.750 10.250  0.71297
-4.750 10.750  0.67997
-4.750 11.250  0.64606
-4.750 11.750  0.61132
-4.750 12.250  0.57584
-4.750 12.750  0.53969
-4.750 13.250  0.50297
-4.750 13.750  0.46577
-4.750 14.250  0.42817
-4.750 14.750  0.39027
-4.750 15.250  0.35214
-4.750 15.750  0.31389
-4.750 16.250  0.27560
-4.750 16.750  0.23735
-4.750 17.250  0.19924
-4.750 17.750  0.16134
-4.750 18.250  0.12374
-4.750 18.750  0.08651
-4.750 19.250  0.04973
-4.750 19.750  0.01349
-4.750 20.250 -0.02216
-4.750 20.750 -0.05714
-4.750 21.250 -0.09140
-4.750 21.750 -0.12486
-4.750 22.250 -0.15748
-4.750 22.750 -0.18920
-4.750 23.250 -0.21997
-4.750 23.750 -0.24975
-4.750 24.250 -0.27850
-4.750 24.750 -0.30619
-4.750 25.250 -0.33279
-4.750 25.750 -0.35826
-4.750 26.250 -0.38259
-4.750 26.750 -0.40576
-4.750 27.250 -0.42776
-4.750 27.750 -0.44858
-4.750 28.250 -0.46821
-4.750 28.750 -0.48666
-4.750 29.250 -0.50392
-4.750 29.750 -0.52001
-4.750 30.250 -0.53492
-4.750 30.750 -0.54869
-4.750 31.250 -0.56131
-4.750 31.750 -0.57282
-4.750 32.250 -0.58323
-4.750 32.750 -0.59256
-4.750 33.250 -0.60084
-4.750 33.750 -0.60810
-4.750 34.250 -0.61437
-4.750 34.750 -0.61968
-4.750 35.250 -0.62406
-4.750 35.750 -0.62754
-4.750 36.250 -0.63016
-4.750 36.750 -0.63195
-4.750 37.250 -0.63294
-4.750 37.750 -0.63318
-4.750 38.250 -0.63269
-4.750 38.750 -0.63151
-4.750 39.250 -0.62968
-4.750 39.750 -0.62723
-4.750 40.250 -0.62420
-4.750 40.750 -0.62061
-4.750 41.250 -0.61651
-4.750 41.750 -0.61192
-4.750 42.250 -0.60688
-4.750 42.750 -0.60141
-4.750 43.250 -0.59556
-4.750 43.750 -0.58934
-4.750 44.250 -0.58279
-4.750 44.750 -0.57593
-4.250 -44.750 -0.57318
-4.250 -44.250 -0.57981
-4.250 -43.750 -0.58612
-4.250 -43.250 -0.59210
-4.250 -42.750 -0.59770
-4.250 -42.250 -0.60291
-4.250 -41.750 -0.60769
-4.250 -41.250 -0.61201
-4.250 -40.750 -0.61584
-4.250 -40.250 -0.61916
-4.250 -39.750 -0.62191
-4.250 -39.250 -0.62408
-4.250 -38.750 -0.62563
-4.250 -38.250 -0.62653
-4.250 -37.750 -0.62674
-4.250 -37.250 -0.62622
-4.250 -36.750 -0.62495
-4.250 -36.250 -0.62289
-4.250 -35.750 -0.62001
-4.250 -35.250 -0.61627
-4.250 -34.750 -0.61164
-4.250 -34.250 -0.60610
-4.250 -33.750 -0.59960
-4.250 -33.250 -0.59213
-4.250 -32.750 -0.58364
-4.250 -32.250 -0.57413
-4.250 -31.750 -0.56356
-4.250 -31.250 -0.55191
-4.250 -30.750 -0.53917
-4.250 -30.250 -0.52530
-4.250 -29.750 -0.51031
-4.250 -29.250 -0.49418
-4.250 -28.750 -0.47690
-4.250 -28.250 -0.45846
-4.250 -27.750 -0.43887
-4.250 -27.250 -0.41812
-4.250 -26.750 -0.39623
-4.250 -26.250 -0.37319
-4.250 -25.750 -0.34903
-4.250 -25.250 -0.32376
-4.250 -24.750 -0.29740
-4.250 -24.250 -0.26998
-4.250 -23.750 -0.24154
-4.250 -23.250 -0.21210
-4.250 -22.750 -0.18170
-4.250 -22.250 -0.15039
-4.250 -21.750 -0.11821
-4.250 -21.250 -0.08522
-4.250 -20.750 -0.05146
-4.250 -20.250 -0.01701
-4.250 -19.750  0.01808
-4.250 -19.250  0.05374
-4.250 -18.750  0.08991
-4.250 -18.250  0.12651
-4.250 -17.750  0.16346
-4.250 -17.250  0.20070
-4.250 -16.750  0.23813
-4.250 -16.250  0.27568
-4.250 -15.750  0.31327
-4.250 -15.250  0.35080
-4.250 -14.750  0.38820
-4.250 -14.250  0.42539
-4.250 -13.750  0.46226
-4.250 -13.250  0.49874
-4.250 -12.750  0.53474
-4.250 -12.250  0.57017
-4.250 -11.750  0.60495
-4.250 -11.250  0.63900
-4.250 -10.750  0.67223
-4.250 -10.250  0.70456
-4.250 -9.750  0.73591
-4.250 -9.250  0.76621
-4.250 -8.750  0.79539
-4.250 -8.250  0.82336
-4.250 -7.750  0.85006
-4.250 -7.250  0.87543
-4.250 -6.750  0.89940
-4.250 -6.250  0.92192
-4.250 -5.750  0.94292
-4.250 -5.250  0.96236
-4.250 -4.750  0.98019
-4.250 -4.250  0.99636
-4.250 -3.750  1.01084
-4.250 -3.250  1.02359
-4.250 -2.750  1.03458
-4.250 -2.250  1.04377
-4.250 -1.750  1.05116
-4.250 -1.250  1.05671
-4.250 -0.750  1.06042
-4.250 -0.250  1.06228
-4.250 0.250  1.06228
-4.250 0.750  1.06042
-4.250 1.250  1.05671
-4.250 1.750  1.05116
-4.250 2.250  1.04377
-4.250 2.750  1.03458
-4.250 3.250  1.02359
-4.250 3.750  1.01084
-4.250 4.250  0.99636
-4.250 4.750  0.98019
-4.250 5.250  0.96236
-4.250 5.750  0.94292
-4.250 6.250  0.92192
-4.250 6.750  0.89940
-4.250 7.250  0.87543
-4.250 7.750  0.85006
-4.250 8.250  0.82336
-4.250 8.750  0.79539
-4.250 9.250  0.76621
-4.250 9.750  0.73591
-4.250 10.250  0.70456
-4.250 10.750  0.67223
-4.250 11.250  0.63900
-4.250 11.750  0.60495
-4.250 12.250  0.57017
-4.250 12.750  0.53474
-4.250 13.250  0.49874
-4.250 13.750  0.46226
-4.250 14.250  0.42539
-4.250 14.750  0.38820
-4.250 15.250  0.35080
-4.250 15.750  0.31327
-4.250 16.250  0.27568
-4.250 16.750  0.23813
-4.250 17.250  0.20070
-4.250 17.750  0.16346
-4.250 18.250  0.12651
-4.250 18.750  0.08991
-4.250 19.250  0.05374
-4.250 19.750  0.01808
-4.250 20.250 -0.01701
-4.250 20.750 -0.05146
-4.250 21.250 -0.08522
-4.250 21.750 -0.11821
-4.250 22.250 -0.15039
-4.250 22.750 -0.18170
-4.250 23.250 -0.21210
-4.250 23.750 -0.24154
-4.250 24.250 -0.26998
-4.250 24.750 -0.29740
-4.250 25.250 -0.32376
-4.250 25.750 -0.34903
-4.250 26.250 -0.37319
-4.250 26.750 -0.39623
-4.250 27.250 -0.41812
-4.250 27.750 -0.43887
-4.250 28.250 -0.45846
-4.250 28.750 -0.47690
-4.250 29.250 -0.49418
-4.250 29.750 -0.51031
-4.250 30.250 -0.52530
-4.250 30.750 -0.53917
-4.250 31.250 -0.55191
-4.250 31.750 -0.56356
-4.250 32.250 -0.57413
-4.250 32.750 -0.58364
-4.250 33.250 -0.59213
-4.250 33.750 -0.59960
-4.250 34.250 -0.60610
-4.250 34.750 -0.61164
-4.250 35.250 -0.61627
-4.250 35.750 -0.62001
-4.250 36.250 -0.62289
-4.250 36.750 -0.62495
-4.250 37.250 -0.62622
-4.250 37.750 -0.62674
-4.250 38.250 -0.62653
-4.250 38.750 -0.62563
-4.250 39.250 -0.62408
-4.250 39.750 -0.62191
-4.250 40.250 -0.61916
-4.250 40.750 -0.61584
-4.250 41.250 -0.61201
-4.250 41.750 -0.60769
-4.250 42.250 -0.60291
-4.250 42.750 -0.59770
-4.250 43.250 -0.59210
-4.250 43.750 -0.58612
-4.250 44.250 -0.57981
-4.250 44.750 -0.57318
-3.750 -44.750 -0.57072
-3.750 -44.250 -0.57714
-3.750 -43.750 -0.58325
-3.750 -43.250 -0.58901
-3.750 -42.750 -0.59439
-3.750 -42.250 -0.59937
-3.750 -41.750 -0.60392
-3.750 -41.250 -0.60801
-3.750 -40.750 -0.61160
-3.750 -40.250 -0.61467
-3.750 -39.750 -0.61718
-3.750 -39.250 -0.61910
-3.750 -38.750 -0.62041
-3.750 -38.250 -0.62105
-3.750 -37.750 -0.62102
-3.750 -37.250 -0.62026
-3.750 -36.750 -0.61875
-3.750 -36.250 -0.61645
-3.750 -35.750 -0.61333
-3.750 -35.250 -0.60937
-3.750 -34.750 -0.60453
-3.750 -34.250 -0.59877
-3.750 -33.750 -0.59208
-3.750 -33.250 -0.58442
-3.750 -32.750 -0.57576
-3.750 -32.250 -0.56609
-3.750 -31.750 -0.55538
-3.750 -31.250 -0.54361
-3.750 -30.750 -0.53076
-3.750 -30.250 -0.51682
-3.750 -29.750 -0.50176
-3.750 -29.250 -0.48559
-3.750 -28.750 -0.46830
-3.750 -28.250 -0.44987
-3.750 -27.750 -0.43032
-3.750 -27.250 -0.40963
-3.750 -26.750 -0.38783
-3.750 -26.250 -0.36492
-3.750 -25.750 -0.34090
-3.750 -25.250 -0.31582
-3.750 -24.750 -0.28967
-3.750 -24.250 -0.26250
-3.750 -23.750 -0.23432
-3.750 -23.250 -0.20518
-3.750 -22.750 -0.17511
-3.750 -22.250 -0.14416
-3.750 -21.750 -0.11237
-3.750 -21.250 -0.07980
-3.750 -20.750 -0.04649
-3.750 -20.250 -0.01250
-3.750 -19.750  0.02210
-3.750 -19.250  0.05725
-3.750 -18.750  0.09288
-3.750 -18.250  0.12892
-3.750 -17.750  0.16531
-3.750 -17.250  0.20195
-3.750 -16.750  0.23879
-3.750 -16.250  0.27572
-3.750 -15.750  0.31269
-3.750 -15.250  0.34959
-3.750 -14.750  0.38636
-3.750 -14.250  0.42291
-3.750 -13.750  0.45914
-3.750 -13.250  0.49498
-3.750 -12.750  0.53035
-3.750 -12.250  0.56515
-3.750 -11.750  0.59932
-3.750 -11.250  0.63275
-3.750 -10.750  0.66538
-3.750 -10.250  0.69713
-3.750 -9.750  0.72792
-3.750 -9.250  0.75766
-3.750 -8.750  0.78630
-3.750 -8.250  0.81376
-3.750 -7.750  0.83998
-3.750 -7.250  0.86488
-3.750 -6.750  0.88841
-3.750 -6.250  0.91051
-3.750 -5.750  0.93113
-3.750 -5.250  0.95021
-3.750 -4.750  0.96771
-3.750 -4.250  0.98359
-3.750 -3.750  0.99780
-3.750 -3.250  1.01031
-3.750 -2.750  1.02109
-3.750 -2.250  1.03012
-3.750 -1.750  1.03736
-3.750 -1.250  1.04282
-3.750 -0.750  1.04646
-3.750 -0.250  1.04828
-3.750 0.250  1.04828
-3.750 0.750  1.04646
-3.750 1.250  1.04282
-3.750 1.750  1.03736
-3.750 2.250  1.03012
-3.750 2.750  1.02109
-3.750 3.250  1.01031
-3.750 3.750  0.99780
-3.750 4.250  0.98359
-3.750 4.750  0.96771
-3.750 5.250  0.95021
-3.750 5.750  0.93113
-3.750 6.250  0.91051
-3.750 6.750  0.88841
-3.750 7.250  0.86488
-3.750 7.750  0.83998
-3.750 8.250  0.81376
-3.750 8.750  0.78630
-3.750 9.250  0.75766
-3.750 9.750  0.72792
-3.750 10.250  0.69713
-3.750 10.750  0.66538
-3.750 11.250  0.63275
-3.750 11.750  0.59932
-3.750 12.250  0.56515
-3.750 12.750  0.53035
-3.750 13.250  0.49498
-3.750 13.750  0.45914
-3.750 14.250  0.42291
-3.750 14.750  0.38636
-3.750 15.250  0.34959
-3.750 15.750  0.31269
-3.750 16.250  0.27572
-3.750 16.750  0.23879
-3.750 17.250  0.20195
-3.750 17.750  0.16531
-3.750 18.250  0.12892
-3.750 18.750  0.09288
-3.750 19.250  0.05725
-3.750 19.750  0.02210
-3.750 20.250 -0.01250
-3.750 20.750 -0.04649
-3.750 21.250 -0.07980
-3.750 21.750 -0.11237
-3.750 22.250 -0.14416
-3.750 22.750 -0.17511
-3.750 23.250 -0.20518
-3.750 23.750 -0.23432
-3.750 24.250 -0.26250
-3.750 24.750 -0.28967
-3.750 25.250 -0.31582
-3.750 25.750 -0.34090
-3.750 26.250 -0.36492
-3.750 26.750 -0.38783
-3.750 27.250 -0.40963
-3.750 27.750 -0.43032
-3.750 28.250 -0.44987
-3.750 28.750 -0.46830
-3.750 29.250 -0.48559
-3.750 29.750 -0.50176
-3.750 30.250 -0.51682
-3.750 30.750 -0.53076
-3.750 31.250 -0.54361
-3.750 31.750 -0.55538
-3.750 32.250 -0.56609
-3.750 32.750 -0.57576
-3.750 33.250 -0.58442
-3.750 33.750 -0.59208
-3.750 34.250 -0.59877
-3.750 34.750 -0.60453
-3.750 35.250 -0.60937
-3.750 35.750 -0.61333
-3.750 36.250 -0.61645
-3.750 36.750 -0.61875
-3.750 37.250 -0.62026
-3.750 37.750 -0.62102
-3.750 38.250 -0.62105
-3.750 38.750 -0.62041
-3.750 39.250 -0.61910
-3.750 39.750 -0.61718
-3.750 40.250 -0.61467
-3.750 40.750 -0.61160
-3.750 41.250 -0.60801
-3.750 41.750 -0.60392
-3.750 42.250 -0.59937
-3.750 42.750 -0.59439
-3.750 43.250 -0.58901
-3.750 43.750 -0.58325
-3.750 44.250 -0.57714
-3.750 44.750 -0.57072
-3.250 -44.750 -0.56855
-3.250 -44.250 -0.57480
-3.250 -43.750 -0.58072
-3.250 -43.250 -0.58629
-3.250 -42.750 -0.59148
-3.250 -42.250 -0.59627
-3.250 -41.750 -0.60061
-3.250 -41.250 -0.60449
-3.250 -40.750 -0.60788
-3.250 -40.250 -0.61074
-3.250 -39.750 -0.61304
-3.250 -39.250 -0.61475
-3.250 -38.750 -0.61583
-3.250 -38.250 -0.61627
-3.250 -37.750 -0.61602
-3.250 -37.250 -0.61505
-3.250 -36.750 -0.61332
-3.250 -36.250 -0.61082
-3.250 -35.750 -0.60751
-3.250 -35.250 -0.60335
-3.250 -34.750 -0.59832
-3.250 -34.250 -0.59238
-3.250 -33.750 -0.58552
-3.250 -33.250 -0.57770
-3.250 -32.750 -0.56890
-3.250 -32.250 -0.55909
-3.250 -31.750 -0.54826
-3.250 -31.250 -0.53639
-3.250 -30.750 -0.52345
-3.250 -30.250 -0.50943
-3.250 -29.750 -0.49433
-3.250 -29.250 -0.47813
-3.250 -28.750 -0.46082
-3.250 -28.250 -0.44241
-3.250 -27.750 -0.42289
-3.250 -27.250 -0.40227
-3.250 -26.750 -0.38054
-3.250 -26.250 -0.35774
-3.250 -25.750 -0.33386
-3.250 -25.250 -0.30893
-3.250 -24.750 -0.28297
-3.250 -24.250 -0.25601
-3.250 -23.750 -0.22807
-3.250 -23.250 -0.19919
-3.250 -22.750 -0.16941
-3.250 -22.250 -0.13878
-3.250 -21.750 -0.10732
-3.250 -21.250 -0.07511
-3.250 -20.750 -0.04218
-3.250 -20.250 -0.00860
-3.250 -19.750  0.02557
-3.250 -19.250  0.06027
-3.250 -18.750  0.09544
-3.250 -18.250  0.13100
-3.250 -17.750  0.16689
-3.250 -17.250  0.20302
-3.250 -16.750  0.23933
-3.250 -16.250  0.27574
-3.250 -15.750  0.31217
-3.250 -15.250  0.34853
-3.250 -14.750  0.38474
-3.250 -14.250  0.42073
-3.250 -13.750  0.45642
-3.250 -13.250  0.49171
-3.250 -12.750  0.52652
-3.250 -12.250  0.56078
-3.250 -11.750  0.59441
-3.250 -11.250  0.62731
-3.250 -10.750  0.65943
-3.250 -10.250  0.69066
-3.250 -9.750  0.72096
-3.250 -9.250  0.75022
-3.250 -8.750  0.77840
-3.250 -8.250  0.80542
-3.250 -7.750  0.83120
-3.250 -7.250  0.85570
-3.250 -6.750  0.87885
-3.250 -6.250  0.90059
-3.250 -5.750  0.92087
-3.250 -5.250  0.93964
-3.250 -4.750  0.95686
-3.250 -4.250  0.97247
-3.250 -3.750  0.98645
-3.250 -3.250  0.99876
-3.250 -2.750  1.00936
-3.250 -2.250  1.01824
-3.250 -1.750  1.02537
-3.250 -1.250  1.03073
-3.250 -0.750  1.03431
-3.250 -0.250  1.03611
-3.250 0.250  1.03611
-3.250 0.750  1.03431
-3.250 1.250  1.03073
-3.250 1.750  1.02537
-3.250 2.250  1.01824
-3.250 2.750  1.00936
-3.250 3.250  0.99876
-3.250 3.750  0.98645
-3.250 4.250  0.97247
-3.250 4.750  0.95686
-3.250 5.250  0.93964
-3.250 5.750  0.92087
-3.250 6.250  0.90059
-3.250 6.750  0.87885
-3.250 7.250  0.85570
-3.250 7.750  0.83120
-3.250 8.250  0.80542
-3.250 8.750  0.77840
-3.250 9.250  0.75022
-3.250 9.750  0.72096
-3.250 10.250  0.69066
-3.250 10.750  0.65943
-3.250 11.250  0.62731
-3.250 11.750  0.59441
-3.250 12.250  0.56078
-3.250 12.750  0.52652
-3.250 13.250  0.49171
-3.250 13.750  0.45642
-3.250 14.250  0.42073
-3.250 14.750  0.38474
-3.250 15.250  0.34853
-3.250 15.750  0.31217
-3.250 16.250  0.27574
-3.250 16.750  0.23933
-3.250 17.250  0.20302
-3.250 17.750  0.16689
-3.250 18.250  0.13100
-3.250 18.750  0.09544
-3.250 19.250  0.06027
-3.250 19.750  0.02557
-3.250 20.250 -0.00860
-3.250 20.750 -0.04218
-3.250 21.250 -0.07511
-3.250 21.750 -0.10732
-3.250 22.250 -0.13878
-3.250 22.750 -0.16941
-3.250 23.250 -0.19919
-3.250 23.750 -0.22807
-3.250 24.250 -0.25601
-3.250 24.750 -0.28297
-3.250 25.250 -0.30893
-3.250 25.750 -0.33386
-3.250 26.250 -0.35774
-3.250 26.750 -0.38054
-3.250 27.250 -0.40227
-3.250 27.750 -0.42289
-3.250 28.250 -0.44241
-3.250 28.750 -0.46082
-3.250 29.250 -0.47813
-3.250 29.750 -0.49433
-3.250 30.250 -0.50943
-3.250 30.750 -0.52345
-3.250 31.250 -0.53639
-3.250 31.750 -0.54826
-3.250 32.250 -0.55909
-3.250 32.750 -0.56890
-3.250 33.250 -0.57770
-3.250 33.750 -0.58552
-3.250 34.250 -0.59238
-3.250 34.750 -0.59832
-3.250 35.250 -0.60335
-3.250 35.750 -0.60751
-3.250 36.250 -0.61082
-3.250 36.750 -0.61332
-3.250 37.250 -0.61505
-3.250 37.750 -0.61602
-3.250 38.250 -0.61627
-3.250 38.750 -0.61583
-3.250 39.250 -0.61475
-3.250 39.750 -0.61304
-3.250 40.250 -0.61074
-3.250 40.750 -0.60788
-3.250 41.250 -0.60449
-3.250 41.750 -0.60061
-3.250 42.250 -0.59627
-3.250 42.750 -0.59148
-3.250 43.250 -0.58629
-3.250 43.750 -0.58072
-3.250 44.250 -0.57480
-3.250 44.750 -0.56855
-2.750 -44.750 -0.56668
-2.750 -44.250 -0.57278
-2.750 -43.750 -0.57854
-2.750 -43.250 -0.58395
-2.750 -42.750 -0.58898
-2.750 -42.250 -0.59360
-2.750 -41.750 -0.59777
-2.750 -41.250 -0.60148
-2.750 -40.750 -0.60469
-2.750 -40.250 -0.60736
-2.750 -39.750 -0.60948
-2.750 -39.250 -0.61101
-2.750 -38.750 -0.61192
-2.750 -38.250 -0.61217
-2.750 -37.750 -0.61173
-2.750 -37.250 -0.61058
-2.750 -36.750 -0.60869
-2.750 -36.250 -0.60601
-2.750 -35.750 -0.60252
-2.750 -35.250 -0.59820
-2.750 -34.750 -0.59301
-2.750 -34.250 -0.58693
-2.750 -33.750 -0.57992
-2.750 -33.250 -0.57197
-2.750 -32.750 -0.56304
-2.750 -32.250 -0.55312
-2.750 -31.750 -0.54219
-2.750 -31.250 -0.53023
-2.750 -30.750 -0.51722
-2.750 -30.250 -0.50314
-2.750 -29.750 -0.48800
-2.750 -29.250 -0.47177
-2.750 -28.750 -0.45446
-2.750 -28.250 -0.43606
-2.750 -27.750 -0.41657
-2.750 -27.250 -0.39599
-2.750 -26.750 -0.37435
-2.750 -26.250 -0.35163
-2.750 -25.750 -0.32787
-2.750 -25.250 -0.30308
-2.750 -24.750 -0.27728
-2.750 -24.250 -0.25049
-2.750 -23.750 -0.22276
-2.750 -23.250 -0.19411
-2.750 -22.750 -0.16457
-2.750 -22.250 -0.13420
-2.750 -21.750 -0.10304
-2.750 -21.250 -0.07113
-2.750 -20.750 -0.03854
-2.750 -20.250 -0.00530
-2.750 -19.750  0.02851
-2.750 -19.250  0.06283
-2.750 -18.750  0.09760
-2.750 -18.250  0.13275
-2.750 -17.750  0.16822
-2.750 -17.250  0.20392
-2.750 -16.750  0.23979
-2.750 -16.250  0.27574
-2.750 -15.750  0.31171
-2.750 -15.250  0.34760
-2.750 -14.750  0.38335
-2.750 -14.250  0.41887
-2.750 -13.750  0.45408
-2.750 -13.250  0.48890
-2.750 -12.750  0.52325
-2.750 -12.250  0.55705
-2.750 -11.750  0.59021
-2.750 -11.250  0.62267
-2.750 -10.750  0.65434
-2.750 -10.250  0.68515
-2.750 -9.750  0.71502
-2.750 -9.250  0.74388
-2.750 -8.750  0.77166
-2.750 -8.250  0.79830
-2.750 -7.750  0.82372
-2.750 -7.250  0.84788
-2.750 -6.750  0.87070
-2.750 -6.250  0.89213
-2.750 -5.750  0.91212
-2.750 -5.250  0.93063
-2.750 -4.750  0.94760
-2.750 -4.250  0.96299
-2.750 -3.750  0.97677
-2.750 -3.250  0.98891
-2.750 -2.750  0.99936
-2.750 -2.250  1.00812
-2.750 -1.750  1.01514
-2.750 -1.250  1.02043
-2.750 -0.750  1.02396
-2.750 -0.250  1.02573
-2.750 0.250  1.02573
-2.750 0.750  1.02396
-2.750 1.250  1.02043
-2.750 1.750  1.01514
-2.750 2.250  1.00812
-2.750 2.750  0.99936
-2.750 3.250  0.98891
-2.750 3.750  0.97677
-2.750 4.250  0.96299
-2.750 4.750  0.94760
-2.750 5.250  0.93063
-2.750 5.750  0.91212
-2.750 6.250  0.89213
-2.750 6.750  0.87070
-2.750 7.250  0.84788
-2.750 7.750  0.82372
-2.750 8.250  0.79830
-2.750 8.750  0.77166
-2.750 9.250  0.74388
-2.750 9.750  0.71502
-2.750 10.250  0.68515
-2.750 10.750  0.65434
-2.750 11.250  0.62267
-2.750 11.750  0.59021
-2.750 12.250  0.55705
-2.750 12.750  0.52325
-2.750 13.250  0.48890
-2.750 13.750  0.45408
-2.750 14.250  0.41887
-2.750 14.750  0.38335
-2.750 15.250  0.34760
-2.750 15.750  0.31171
-2.750 16.250  0.27574
-2.750 16.750  0.23979
-2.750 17.250  0.20392
-2.750 17.750  0.16822
-2.750 18.250  0.13275
-2.750 18.750  0.09760
-2.750 19.250  0.06283
-2.750 19.750  0.02851
-2.750 20.250 -0.00530
-2.750 20.750 -0.03854
-2.750 21.250 -0.07113
-2.750 21.750 -0.10304
-2.750 22.250 -0.13420
-2.750 22.750 -0.16457
-2.750 23.250 -0.19411
-2.750 23.750 -0.22276
-2.750 24.250 -0.25049
-2.750 24.750 -0.27728
-2.750 25.250 -0.30308
-2.750 25.750 -0.32787
-2.750 26.250 -0.35163
-2.750 26.750 -0.37435
-2.750 27.250 -0.39599
-2.750 27.750 -0.41657
-2.750 28.250 -0.43606
-2.750 28.750 -0.45446
-2.750 29.250 -0.47177
-2.750 29.750 -0.48800
-2.750 30.250 -0.50314
-2.750 30.750 -0.51722
-2.750 31.250 -0.53023
-2.750 31.750 -0.54219
-2.750 32.250 -0.55312
-2.750 32.750 -0.56304
-2.750 33.250 -0.57197
-2.750 33.750 -0.57992
-2.750 34.250 -0.58693
-2.750 34.750 -0.59301
-2.750 35.250 -0.59820
-2.750 35.750 -0.60252
-2.750 36.250 -0.60601
-2.750 36.750 -0.60869
-2.750 37.250 -0.61058
-2.750 37.750 -0.61173
-2.750 38.250 -0.61217
-2.750 38.750 -0.61192
-2.750 39.250 -0.61101
-2.750 39.750 -0.60948
-2.750 40.250 -0.60736
-2.750 40.750 -0.60469
-2.750 41.250 -0.60148
-2.750 41.750 -0.59777
-2.750 42.250 -0.59360
-2.750 42.750 -0.58898
-2.750 43.250 -0.58395
-2.750 43.750 -0.57854
-2.750 44.250 -0.57278
-2.750 44.750 -0.56668
-2.250 -44.750 -0.56511
-2.250 -44.250 -0.57109
-2.250 -43.750 -0.57672
-2.250 -43.250 -0.58200
-2.250 -42.750 -0.58689
-2.250 -42.250 -0.59137
-2.250 -41.750 -0.59540
-2.250 -41.250 -0.59896
-2.250 -40.750 -0.60202
-2.250 -40.250 -0.60455
-2.250 -39.750 -0.60652
-2.250 -39.250 -0.60790
-2.250 -38.750 -0.60865
-2.250 -38.250 -0.60875
-2.250 -37.750 -0.60817
-2.250 -37.250 -0.60687
-2.250 -36.750 -0.60482
-2.250 -36.250 -0.60201
-2.250 -35.750 -0.59838
-2.250 -35.250 -0.59392
-2.250 -34.750 -0.58860
-2.250 -34.250 -0.58239
-2.250 -33.750 -0.57527
-2.250 -33.250 -0.56720
-2.250 -32.750 -0.55818
-2.250 -32.250 -0.54816
-2.250 -31.750 -0.53715
-2.250 -31.250 -0.52512
-2.250 -30.750 -0.51204
-2.250 -30.250 -0.49792
-2.250 -29.750 -0.48275
-2.250 -29.250 -0.46650
-2.250 -28.750 -0.44918
-2.250 -28.250 -0.43079
-2.250 -27.750 -0.41133
-2.250 -27.250 -0.39080
-2.250 -26.750 -0.36921
-2.250 -26.250 -0.34658
-2.250 -25.750 -0.32291
-2.250 -25.250 -0.29823
-2.250 -24.750 -0.27256
-2.250 -24.250 -0.24593
-2.250 -23.750 -0.21836
-2.250 -23.250 -0.18990
-2.250 -22.750 -0.16057
-2.250 -22.250 -0.13042
-2.250 -21.750 -0.09950
-2.250 -21.250 -0.06785
-2.250 -20.750 -0.03552
-2.250 -20.250 -0.00258
-2.250 -19.750  0.03093
-2.250 -19.250  0.06494
-2.250 -18.750  0.09938
-2.250 -18.250  0.13420
-2.250 -17.750  0.16931
-2.250 -17.250  0.20465
-2.250 -16.750  0.24015
-2.250 -16.250  0.27573
-2.250 -15.750  0.31132
-2.250 -15.250  0.34683
-2.250 -14.750  0.38219
-2.250 -14.250  0.41732
-2.250 -13.750  0.45214
-2.250 -13.250  0.48657
-2.250 -12.750  0.52053
-2.250 -12.250  0.55394
-2.250 -11.750  0.58673
-2.250 -11.250  0.61881
-2.250 -10.750  0.65011
-2.250 -10.250  0.68056
-2.250 -9.750  0.71009
-2.250 -9.250  0.73861
-2.250 -8.750  0.76607
-2.250 -8.250  0.79239
-2.250 -7.750  0.81751
-2.250 -7.250  0.84138
-2.250 -6.750  0.86393
-2.250 -6.250  0.88511
-2.250 -5.750  0.90487
-2.250 -5.250  0.92315
-2.250 -4.750  0.93992
-2.250 -4.250  0.95513
-2.250 -3.750  0.96875
-2.250 -3.250  0.98074
-2.250 -2.750  0.99107
-2.250 -2.250  0.99971
-2.250 -1.750  1.00666
-2.250 -1.250  1.01188
-2.250 -0.750  1.01537
-2.250 -0.250  1.01712
-2.250 0.250  1.01712
-2.250 0.750  1.01537
-2.250 1.250  1.01188
-2.250 1.750  1.00666
-2.250 2.250  0.99971
-2.250 2.750  0.99107
-2.250 3.250  0.98074
-2.250 3.750  0.96875
-2.250 4.250  0.95513
-2.250 4.750  0.93992
-2.250 5.250  0.92315
-2.250 5.750  0.90487
-2.250 6.250  0.88511
-2.250 6.750  0.86393
-2.250 7.250  0.84138
-2.250 7.750  0.81751
-2.250 8.250  0.79239
-2.250 8.750  0.76607
-2.250 9.250  0.73861
-2.250 9.750  0.71009
-2.250 10.250  0.68056
-2.250 10.750  0.65011
-2.250 11.250  0.61881
-2.250 11.750  0.58673
-2.250 12.250  0.55394
-2.250 12.750  0.52053
-2.250 13.250  0.48657
-2.250 13.750  0.45214
-2.250 14.250  0.41732
-2.250 14.750  0.38219
-2.250 15.250  0.34683
-2.250 15.750  0.31132
-2.250 16.250  0.27573
-2.250 16.750  0.24015
-2.250 17.250  0.20465
-2.250 17.750  0.16931
-2.250 18.250  0.13420
-2.250 18.750  0.09938
-2.250 19.250  0.06494
-2.250 19.750  0.03093
-2.250 20.250 -0.00258
-2.250 20.750 -0.03552
-2.250 21.250 -0.06785
-2.250 21.750 -0.09950
-2.250 22.250 -0.13042
-2.250 22.750 -0.16057
-2.250 23.250 -0.18990
-2.250 23.750 -0.21836
-2.250 24.250 -0.24593
-2.250 24.750 -0.27256
-2.250 25.250 -0.29823
-2.250 25.750 -0.32291
-2.250 26.250 -0.34658
-2.250 26.750 -0.36921
-2.250 27.250 -0.39080
-2.250 27.750 -0.41133
-2.250 28.250 -0.43079
-2.250 28.750 -0.44918
-2.250 29.250 -0.46650
-2.250 29.750 -0.48275
-2.250 30.250 -0.49792
-2.250 30.750 -0.51204
-2.250 31.250 -0.52512
-2.250 31.750 -0.53715
-2.250 32.250 -0.54816
-2.250 32.750 -0.55818
-2.250 33.250 -0.56720
-2.250 33.750 -0.57527
-2.250 34.250 -0.58239
-2.250 34.750 -0.58860
-2.250 35.250 -0.59392
-2.250 35.750 -0.59838
-2.250 36.250 -0.60201
-2.250 36.750 -0.60482
-2.250 37.250 -0.60687
-2.250 37.750 -0.60817
-2.250 38.250 -0.60875
-2.250 38.750 -0.60865
-2.250 39.250 -0.60790
-2.250 39.750 -0.60652
-2.250 40.250 -0.60455
-2.250 40.750 -0.60202
-2.250 41.250 -0.59896
-2.250 41.750 -0.59540
-2.250 42.250 -0.59137
-2.250 42.750 -0.58689
-2.250 43.250 -0.58200
-2.250 43.750 -0.57672
-2.250 44.250 -0.57109
-2.250 44.750 -0.56511
-1.750 -44.750 -0.56386
-1.750 -44.250 -0.56973
-1.750 -43.750 -0.57526
-1.750 -43.250 -0.58043
-1.750 -42.750 -0.58522
-1.750 -42.250 -0.58958
-1.750 -41.750 -0.59350
-1.750 -41.250 -0.59695
-1.750 -40.750 -0.59989
-1.750 -40.250 -0.60230
-1.750 -39.750 -0.60415
-1.750 -39.250 -0.60541
-1.750 -38.750 -0.60604
-1.750 -38.250 -0.60602
-1.750 -37.750 -0.60532
-1.750 -37.250 -0.60390
-1.750 -36.750 -0.60174
-1.750 -36.250 -0.59881
-1.750 -35.750 -0.59507
-1.750 -35.250 -0.59050
-1.750 -34.750 -0.58508
-1.750 -34.250 -0.57877
-1.750 -33.750 -0.57155
-1.750 -33.250 -0.56340
-1.750 -32.750 -0.55429
-1.750 -32.250 -0.54421
-1.750 -31.750 -0.53313
-1.750 -31.250 -0.52104
-1.750 -30.750 -0.50792
-1.750 -30.250 -0.49377
-1.750 -29.750 -0.47856
-1.750 -29.250 -0.46230
-1.750 -28.750 -0.44498
-1.750 -28.250 -0.42660
-1.750 -27.750 -0.40716
-1.750 -27.250 -0.38666
-1.750 -26.750 -0.36513
-1.750 -26.250 -0.34255
-1.750 -25.750 -0.31897
-1.750 -25.250 -0.29438
-1.750 -24.750 -0.26881
-1.750 -24.250 -0.24230
-1.750 -23.750 -0.21487
-1.750 -23.250 -0.18655
-1.750 -22.750 -0.15739
-1.750 -22.250 -0.12742
-1.750 -21.750 -0.09669
-1.750 -21.250 -0.06524
-1.750 -20.750 -0.03313
-1.750 -20.250 -0.00041
-1.750 -19.750  0.03285
-1.750 -19.250  0.06661
-1.750 -18.750  0.10079
-1.750 -18.250  0.13534
-1.750 -17.750  0.17017
-1.750 -17.250  0.20523
-1.750 -16.750  0.24043
-1.750 -16.250  0.27572
-1.750 -15.750  0.31100
-1.750 -15.250  0.34620
-1.750 -14.750  0.38126
-1.750 -14.250  0.41607
-1.750 -13.750  0.45058
-1.750 -13.250  0.48470
-1.750 -12.750  0.51836
-1.750 -12.250  0.55146
-1.750 -11.750  0.58395
-1.750 -11.250  0.61573
-1.750 -10.750  0.64675
-1.750 -10.250  0.67691
-1.750 -9.750  0.70615
-1.750 -9.250  0.73441
-1.750 -8.750  0.76161
-1.750 -8.250  0.78768
-1.750 -7.750  0.81256
-1.750 -7.250  0.83620
-1.750 -6.750  0.85854
-1.750 -6.250  0.87952
-1.750 -5.750  0.89908
-1.750 -5.250  0.91719
-1.750 -4.750  0.93380
-1.750 -4.250  0.94886
-1.750 -3.750  0.96235
-1.750 -3.250  0.97422
-1.750 -2.750  0.98445
-1.750 -2.250  0.99302
-1.750 -1.750  0.99990
-1.750 -1.250  1.00507
-1.750 -0.750  1.00852
-1.750 -0.250  1.01025
-1.750 0.250  1.01025
-1.750 0.750  1.00852
-1.750 1.250  1.00507
-1.750 1.750  0.99990
-1.750 2.250  0.99302
-1.750 2.750  0.98445
-1.750 3.250  0.97422
-1.750 3.750  0.96235
-1.750 4.250  0.94886
-1.750 4.750  0.93380
-1.750 5.250  0.91719
-1.750 5.750  0.89908
-1.750 6.250  0.87952
-1.750 6.750  0.85854
-1.750 7.250  0.83620
-1.750 7.750  0.81256
-1.750 8.250  0.78768
-1.750 8.750  0.76161
-1.750 9.250  0.73441
-1.750 9.750  0.70615
-1.750 10.250  0.67691
-1.750 10.750  0.64675
-1.750 11.250  0.61573
-1.750 11.750  0.58395
-1.750 12.250  0.55146
-1.750 12.750  0.51836
-1.750 13.250  0.48470
-1.750 13.750  0.45058
-1.750 14.250  0.41607
-1.750 14.750  0.38126
-1.750 15.250  0.34620
-1.750 15.750  0.31100
-1.750 16.250  0.27572
-1.750 16.750  0.24043
-1.750 17.250  0.20523
-1.750 17.750  0.17017
-1.750 18.250  0.13534
-1.750 18.750  0.10079
-1.750 19.250  0.06661
-1.750 19.750  0.03285
-1.750 20.250 -0.00041
-1.750 20.750 -0.03313
-1.750 21.250 -0.06524
-1.750 21.750 -0.09669
-1.750 22.250 -0.12742
-1.750 22.750 -0.15739
-1.750 23.250 -0.18655
-1.750 23.750 -0.21487
-1.750 24.250 -0.24230
-1.750 24.750 -0.26881
-1.750 25.250 -0.29438
-1.750 25.750 -0.31897
-1.750 26.250 -0.34255
-1.750 26.750 -0.36513
-1.750 27.250 -0.38666
-1.750 27.750 -0.40716
-1.750 28.250 -0.42660
-1.750 28.750 -0.44498
-1.750 29.250 -0.46230
-1.750 29.750 -0.47856
-1.750 30.250 -0.49377
-1.750 30.750 -0.50792
-1.750 31.250 -0.52104
-1.750 31.750 -0.53313
-1.750 32.250 -0.54421
-1.750 32.750 -0.55429
-1.750 33.250 -0.56340
-1.750 33.750 -0.57155
-1.750 34.250 -0.57877
-1.750 34.750 -0.58508
-1.750 35.250 -0.59050
-1.750 35.750 -0.59507
-1.750 36.250 -0.59881
-1.750 36.750 -0.60174
-1.750 37.250 -0.60390
-1.750 37.750 -0.60532
-1.750 38.250 -0.60602
-1.750 38.750 -0.60604
-1.750 39.250 -0.60541
-1.750 39.750 -0.60415
-1.750 40.250 -0.60230
-1.750 40.750 -0.59989
-1.750 41.250 -0.59695
-1.750 41.750 -0.59350
-1.750 42.250 -0.58958
-1.750 42.750 -0.58522
-1.750 43.250 -0.58043
-1.750 43.750 -0.57526
-1.750 44.250 -0.56973
-1.750 44.750 -0.56386
-1.250 -44.750 -0.56291
-1.250 -44.250 -0.56871
-1.250 -43.750 -0.57417
-1.250 -43.250 -0.57926
-1.250 -42.750 -0.58396
-1.250 -42.250 -0.58824
-1.250 -41.750 -0.59207
-1.250 -41.250 -0.59543
-1.250 -40.750 -0.59829
-1.250 -40.250 -0.60061
-1.250 -39.750 -0.60237
-1.250 -39.250 -0.60354
-1.250 -38.750 -0.60408
-1.250 -38.250 -0.60397
-1.250 -37.750 -0.60318
-1.250 -37.250 -0.60167
-1.250 -36.750 -0.59943
-1.250 -36.250 -0.59641
-1.250 -35.750 -0.59259
-1.250 -35.250 -0.58794
-1.250 -34.750 -0.58244
-1.250 -34.250 -0.57606
-1.250 -33.750 -0.56877
-1.250 -33.250 -0.56056
-1.250 -32.750 -0.55139
-1.250 -32.250 -0.54125
-1.250 -31.750 -0.53012
-1.250 -31.250 -0.51799
-1.250 -30.750 -0.50484
-1.250 -30.250 -0.49066
-1.250 -29.750 -0.47543
-1.250 -29.250 -0.45916
-1.250 -28.750 -0.44184
-1.250 -28.250 -0.42346
-1.250 -27.750 -0.40404
-1.250 -27.250 -0.38358
-1.250 -26.750 -0.36207
-1.250 -26.250 -0.33955
-1.250 -25.750 -0.31602
-1.250 -25.250 -0.29150
-1.250 -24.750 -0.26602
-1.250 -24.250 -0.23959
-1.250 -23.750 -0.21226
-1.250 -23.250 -0.18406
-1.250 -22.750 -0.15502
-1.250 -22.250 -0.12518
-1.250 -21.750 -0.09459
-1.250 -21.250 -0.06330
-1.250 -20.750 -0.03135
-1.250 -20.250  0.00120
-1.250 -19.750  0.03429
-1.250 -19.250  0.06785
-1.250 -18.750  0.10184
-1.250 -18.250  0.13618
-1.250 -17.750  0.17081
-1.250 -17.250  0.20565
-1.250 -16.750  0.24064
-1.250 -16.250  0.27570
-1.250 -15.750  0.31076
-1.250 -15.250  0.34573
-1.250 -14.750  0.38055
-1.250 -14.250  0.41514
-1.250 -13.750  0.44942
-1.250 -13.250  0.48331
-1.250 -12.750  0.51673
-1.250 -12.250  0.54961
-1.250 -11.750  0.58187
-1.250 -11.250  0.61343
-1.250 -10.750  0.64422
-1.250 -10.250  0.67418
-1.250 -9.750  0.70321
-1.250 -9.250  0.73127
-1.250 -8.750  0.75827
-1.250 -8.250  0.78415
-1.250 -7.750  0.80886
-1.250 -7.250  0.83233
-1.250 -6.750  0.85451
-1.250 -6.250  0.87533
-1.250 -5.750  0.89476
-1.250 -5.250  0.91274
-1.250 -4.750  0.92922
-1.250 -4.250  0.94418
-1.250 -3.750  0.95756
-1.250 -3.250  0.96935
-1.250 -2.750  0.97951
-1.250 -2.250  0.98801
-1.250 -1.750  0.99484
-1.250 -1.250  0.99997
-1.250 -0.750  1.00340
-1.250 -0.250  1.00512
-1.250 0.250  1.00512
-1.250 0.750  1.00340
-1.250 1.250  0.99997
-1.250 1.750  0.99484
-1.250 2.250  0.98801
-1.250 2.750  0.97951
-1.250 3.250  0.96935
-1.250 3.750  0.95756
-1.250 4.250  0.94418
-1.250 4.750  0.92922
-1.250 5.250  0.91274
-1.250 5.750  0.89476
-1.250 6.250  0.87533
-1.250 6.750  0.85451
-1.250 7.250  0.83233
-1.250 7.750  0.80886
-1.250 8.250  0.78415
-1.250 8.750  0.75827
-1.250 9.250  0.73127
-1.250 9.750  0.70321
-1.250 10.250  0.67418
-1.250 10.750  0.64422
-1.250 11.250  0.61343
-1.250 11.750  0.58187
-1.250 12.250  0.54961
-1.250 12.750  0.51673
-1.250 13.250  0.48331
-1.250 13.750  0.44942
-1.250 14.250  0.41514
-1.250 14.750  0.38055
-1.250 15.250  0.34573
-1.250 15.750  0.31076
-1.250 16.250  0.27570
-1.250 16.750  0.24064
-1.250 17.250  0.20565
-1.250 17.750  0.17081
-1.250 18.250  0.13618
-1.250 18.750  0.10184
-1.250 19.250  0.06785
-1.250 19.750  0.03429
-1.250 20.250  0.00120
-1.250 20.750 -0.03135
-1.250 21.250 -0.06330
-1.250 21.750 -0.09459
-1.250 22.250 -0.12518
-1.250 22.750 -0.15502
-1.250 23.250 -0.18406
-1.250 23.750 -0.21226
-1.250 24.250 -0.23959
-1.250 24.750 -0.26602
-1.250 25.250 -0.29150
-1.250 25.750 -0.31602
-1.250 26.250 -0.33955
-1.250 26.750 -0.36207
-1.250 27.250 -0.38358
-1.250 27.750 -0.40404
-1.250 28.250 -0.42346
-1.250 28.750 -0.44184
-1.250 29.250 -0.45916
-1.250 29.750 -0.47543
-1.250 30.250 -0.49066
-1.250 30.750 -0.50484
-1.250 31.250 -0.51799
-1.250 31.750 -0.53012
-1.250 32.250 -0.54125
-1.250 32.750 -0.55139
-1.250 33.250 -0.56056
-1.250 33.750 -0.56877
-1.250 34.250 -0.57606
-1.250 34.750 -0.58244
-1.250 35.250 -0.58794
-1.250 35.750 -0.59259
-1.250 36.250 -0.59641
-1.250 36.750 -0.59943
-1.250 37.250 -0.60167
-1.250 37.750 -0.60318
-1.250 38.250 -0.60397
-1.250 38.750 -0.60408
-1.250 39.250 -0.60354
-1.250 39.750 -0.60237
-1.250 40.250 -0.60061
-1.250 40.750 -0.59829
-1.250 41.250 -0.59543
-1.250 41.750 -0.59207
-1.250 42.250 -0.58824
-1.250 42.750 -0.58396
-1.250 43.250 -0.57926
-1.250 43.750 -0.57417
-1.250 44.250 -0.56871
-1.250 44.750 -0.56291
-0.750 -44.750 -0.56228
-0.750 -44.250 -0.56803
-0.750 -43.750 -0.57343
-0.750 -43.250 -0.57847
-0.750 -42.750 -0.58312
-0.750 -42.250 -0.58734
-0.750 -41.750 -0.59112
-0.750 -41.250 -0.59442
-0.750 -40.750 -0.59722
-0.750 -40.250 -0.59948
-0.750 -39.750 -0.60118
-0.750 -39.250 -0.60229
-0.750 -38.750 -0.60278
-0.750 -38.250 -0.60261
-0.750 -37.750 -0.60176
-0.750 -37.250 -0.60019
-0.750 -36.750 -0.59789
-0.750 -36.250 -0.59481
-0.750 -35.750 -0.59094
-0.750 -35.250 -0.58624
-0.750 -34.750 -0.58069
-0.750 -34.250 -0.57426
-0.750 -33.750 -0.56692
-0.750 -33.250 -0.55866
-0.750 -32.750 -0.54946
-0.750 -32.250 -0.53928
-0.750 -31.750 -0.52812
-0.750 -31.250 -0.51596
-0.750 -30.750 -0.50279
-0.750 -30.250 -0.48859
-0.750 -29.750 -0.47335
-0.750 -29.250 -0.45707
-0.750 -28.750 -0.43975
-0.750 -28.250 -0.42138
-0.750 -27.750 -0.40197
-0.750 -27.250 -0.38152
-0.750 -26.750 -0.36004
-0.750 -26.250 -0.33755
-0.750 -25.750 -0.31406
-0.750 -25.250 -0.28959
-0.750 -24.750 -0.26416
-0.750 -24.250 -0.23779
-0.750 -23.750 -0.21053
-0.750 -23.250 -0.18240
-0.750 -22.750 -0.15344
-0.750 -22.250 -0.12369
-0.750 -21.750 -0.09320
-0.750 -21.250 -0.06200
-0.750 -20.750 -0.03016
-0.750 -20.250  0.00227
-0.750 -19.750  0.03524
-0.750 -19.250  0.06868
-0.750 -18.750  0.10254
-0.750 -18.250  0.13675
-0.750 -17.750  0.17123
-0.750 -17.250  0.20594
-0.750 -16.750  0.24078
-0.750 -16.250  0.27569
-0.750 -15.750  0.31059
-0.750 -15.250  0.34542
-0.750 -14.750  0.38009
-0.750 -14.250  0.41452
-0.750 -13.750  0.44864
-0.750 -13.250  0.48238
-0.750 -12.750  0.51565
-0.750 -12.250  0.54837
-0.750 -11.750  0.58048
-0.750 -11.250  0.61190
-0.750 -10.750  0.64255
-0.750 -10.250  0.67236
-0.750 -9.750  0.70126
-0.750 -9.250  0.72917
-0.750 -8.750  0.75605
-0.750 -8.250  0.78181
-0.750 -7.750  0.80640
-0.750 -7.250  0.82976
-0.750 -6.750  0.85182
-0.750 -6.250  0.87255
-0.750 -5.750  0.89188
-0.750 -5.250  0.90977
-0.750 -4.750  0.92618
-0.750 -4.250  0.94106
-0.750 -3.750  0.95438
-0.750 -3.250  0.96611
-0.750 -2.750  0.97622
-0.750 -2.250  0.98468
-0.750 -1.750  0.99147
-0.750 -1.250  0.99658
-0.750 -0.750  1.00000
-0.750 -0.250  1.00171
-0.750 0.250  1.00171
-0.750 0.750  1.00000
-0.750 1.250  0.99658
-0.750 1.750  0.99147
-0.750 2.250  0.98468
-0.750 2.750  0.97622
-0.750 3.250  0.96611
-0.750 3.750  0.95438
-0.750 4.250  0.94106
-0.750 4.750  0.92618
-0.750 5.250  0.90977
-0.750 5.750  0.89188
-0.750 6.250  0.87255
-0.750 6.750  0.85182
-0.750 7.250  0.82976
-0.750 7.750  0.80640
-0.750 8.250  0.78181
-0.750 8.750  0.75605
-0.750 9.250  0.72917
-0.750 9.750  0.70126
-0.750 10.250  0.67236
-0.750 10.750  0.64255
-0.750 11.250  0.61190
-0.750 11.750  0.58048
-0.750 12.250  0.54837
-0.750 12.750  0.51565
-0.750 13.250  0.48238
-0.750 13.750  0.44864
-0.750 14.250  0.41452
-0.750 14.750  0.38009
-0.750 15.250  0.34542
-0.750 15.750  0.31059
-0.750 16.250  0.27569
-0.750 16.750  0.24078
-0.750 17.250  0.20594
-0.750 17.750  0.17123
-0.750 18.250  0.13675
-0.750 18.750  0.10254
-0.750 19.250  0.06868
-0.750 19.750  0.03524
-0.750 20.250  0.00227
-0.750 20.750 -0.03016
-0.750 21.250 -0.06200
-0.750 21.750 -0.09320
-0.750 22.250 -0.12369
-0.750 22.750 -0.15344
-0.750 23.250 -0.18240
-0.750 23.750 -0.21053
-0.750 24.250 -0.23779
-0.750 24.750 -0.26416
-0.750 25.250 -0.28959
-0.750 25.750 -0.31406
-0.750 26.250 -0.33755
-0.750 26.750 -0.36004
-0.750 27.250 -0.38152
-0.750 27.750 -0.40197
-0.750 28.250 -0.42138
-0.750 28.750 -0.43975
-0.750 29.250 -0.45707
-0.750 29.750 -0.47335
-0.750 30.250 -0.48859
-0.750 30.750 -0.50279
-0.750 31.250 -0.51596
-0.750 31.750 -0.52812
-0.750 32.250 -0.53928
-0.750 32.750 -0.54946
-0.750 33.250 -0.55866
-0.750 33.750 -0.56692
-0.750 34.250 -0.57426
-0.750 34.750 -0.58069
-0.750 35.250 -0.58624
-0.750 35.750 -0.59094
-0.750 36.250 -0.59481
-0.750 36.750 -0.59789
-0.750 37.250 -0.60019
-0.750 37.750 -0.60176
-0.750 38.250 -0.60261
-0.750 38.750 -0.60278
-0.750 39.250 -0.60229
-0.750 39.750 -0.60118
-0.750 40.250 -0.59948
-0.750 40.750 -0.59722
-0.750 41.250 -0.59442
-0.750 41.750 -0.59112
-0.750 42.250 -0.58734
-0.750 42.750 -0.58312
-0.750 43.250 -0.57847
-0.750 43.750 -0.57343
-0.750 44.250 -0.56803
-0.750 44.750 -0.56228
-0.250 -44.750 -0.56197
-0.250 -44.250 -0.56769
-0.250 -43.750 -0.57307
-0.250 -43.250 -0.57808
-0.250 -42.750 -0.58270
-0.250 -42.250 -0.58689
-0.250 -41.750 -0.59064
-0.250 -41.250 -0.59392
-0.250 -40.750 -0.59669
-0.250 -40.250 -0.59892
-0.250 -39.750 -0.60059
-0.250 -39.250 -0.60167
-0.250 -38.750 -0.60212
-0.250 -38.250 -0.60192
-0.250 -37.750 -0.60104
-0.250 -37.250 -0.59945
-0.250 -36.750 -0.59712
-0.250 -36.250 -0.59401
-0.250 -35.750 -0.59011
-0.250 -35.250 -0.58539
-0.250 -34.750 -0.57981
-0.250 -34.250 -0.57335
-0.250 -33.750 -0.56600
-0.250 -33.250 -0.55772
-0.250 -32.750 -0.54849
-0.250 -32.250 -0.53830
-0.250 -31.750 -0.52712
-0.250 -31.250 -0.51495
-0.250 -30.750 -0.50176
-0.250 -30.250 -0.48755
-0.250 -29.750 -0.47231
-0.250 -29.250 -0.45603
-0.250 -28.750 -0.43871
-0.250 -28.250 -0.42034
-0.250 -27.750 -0.40094
-0.250 -27.250 -0.38050
-0.250 -26.750 -0.35903
-0.250 -26.250 -0.33655
-0.250 -25.750 -0.31308
-0.250 -25.250 -0.28863
-0.250 -24.750 -0.26323
-0.250 -24.250 -0.23690
-0.250 -23.750 -0.20967
-0.250 -23.250 -0.18157
-0.250 -22.750 -0.15265
-0.250 -22.250 -0.12295
-0.250 -21.750 -0.09250
-0.250 -21.250 -0.06136
-0.250 -20.750 -0.02957
-0.250 -20.250  0.00280
-0.250 -19.750  0.03571
-0.250 -19.250  0.06909
-0.250 -18.750  0.10289
-0.250 -18.250  0.13703
-0.250 -17.750  0.17145
-0.250 -17.250  0.20608
-0.250 -16.750  0.24085
-0.250 -16.250  0.27568
-0.250 -15.750  0.31051
-0.250 -15.250  0.34526
-0.250 -14.750  0.37985
-0.250 -14.250  0.41421
-0.250 -13.750  0.44825
-0.250 -13.250  0.48191
-0.250 -12.750  0.51510
-0.250 -12.250  0.54776
-0.250 -11.750  0.57979
-0.250 -11.250  0.61113
-0.250 -10.750  0.64171
-0.250 -10.250  0.67145
-0.250 -9.750  0.70028
-0.250 -9.250  0.72813
-0.250 -8.750  0.75494
-0.250 -8.250  0.78064
-0.250 -7.750  0.80517
-0.250 -7.250  0.82847
-0.250 -6.750  0.85048
-0.250 -6.250  0.87116
-0.250 -5.750  0.89044
-0.250 -5.250  0.90829
-0.250 -4.750  0.92466
-0.250 -4.250  0.93950
-0.250 -3.750  0.95279
-0.250 -3.250  0.96449
-0.250 -2.750  0.97457
-0.250 -2.250  0.98302
-0.250 -1.750  0.98979
-0.250 -1.250  0.99489
-0.250 -0.750  0.99830
-0.250 -0.250  1.00000
-0.250 0.250  1.00000
-0.250 0.750  0.99830
-0.250 1.250  0.99489
-0.250 1.750  0.98979
-0.250 2.250  0.98302
-0.250 2.750  0.97457
-0.250 3.250  0.96449
-0.250 3.750  0.95279
-0.250 4.250  0.93950
-0.250 4.750  0.92466
-0.250 5.250  0.90829
-0.250 5.750  0.89044
-0.250 6.250  0.87116
-0.250 6.750  0.85048
-0.250 7.250  0.82847
-0.250 7.750  0.80517
-0.250 8.250  0.78064
-0.250 8.750  0.75494
-0.250 9.250  0.72813
-0.250 9.750  0.70028
-0.250 10.250  0.67145
-0.250 10.750  0.64171
-0.250 11.250  0.61113
-0.250 11.750  0.57979
-0.250 12.250  0.54776
-0.250 12.750  0.51510
-0.250 13.250  0.48191
-0.250 13.750  0.44825
-0.250 14.250  0.41421
-0.250 14.750  0.37985
-0.250 15.250  0.34526
-0.250 15.750  0.31051
-0.250 16.250  0.27568
-0.250 16.750  0.24085
-0.250 17.250  0.20608
-0.250 17.750  0.17145
-0.250 18.250  0.13703
-0.250 18.750  0.10289
-0.250 19.250  0.06909
-0.250 19.750  0.03571
-0.250 20.250  0.00280
-0.250 20.750 -0.02957
-0.250 21.250 -0.06136
-0.250 21.750 -0.09250
-0.250 22.250 -0.12295
-0.250 22.750 -0.15265
-0.250 23.250 -0.18157
-0.250 23.750 -0.20967
-0.250 24.250 -0.23690
-0.250 24.750 -0.26323
-0.250 25.250 -0.28863
-0.250 25.750 -0.31308
-0.250 26.250 -0.33655
-0.250 26.750 -0.35903
-0.250 27.250 -0.38050
-0.250 27.750 -0.40094
-0.250 28.250 -0.42034
-0.250 28.750 -0.43871
-0.250 29.250 -0.45603
-0.250 29.750 -0.47231
-0.250 30.250 -0.48755
-0.250 30.750 -0.50176
-0.250 31.250 -0.51495
-0.250 31.750 -0.52712
-0.250 32.250 -0.53830
-0.250 32.750 -0.54849
-0.250 33.250 -0.55772
-0.250 33.750 -0.56600
-0.250 34.250 -0.57335
-0.250 34.750 -0.57981
-0.250 35.250 -0.58539
-0.250 35.750 -0.59011
-0.250 36.250 -0.59401
-0.250 36.750 -0.59712
-0.250 37.250 -0.59945
-0.250 37.750 -0.60104
-0.250 38.250 -0.60192
-0.250 38.750 -0.60212
-0.250 39.250 -0.60167
-0.250 39.750 -0.60059
-0.250 40.250 -0.59892
-0.250 40.750 -0.59669
-0.250 41.250 -0.59392
-0.250 41.750 -0.59064
-0.250 42.250 -0.58689
-0.250 42.750 -0.58270
-0.250 43.250 -0.57808
-0.250 43.750 -0.57307
-0.250 44.250 -0.56769
-0.250 44.750 -0.56197
0.250 -44.750 -0.56197
0.250 -44.250 -0.56769
0.250 -43.750 -0.57307
0.250 -43.250 -0.57808
0.250 -42.750 -0.58270
0.250 -42.250 -0.58689
0.250 -41.750 -0.59064
0.250 -41.250 -0.59392
0.250 -40.750 -0.59669
0.250 -40.250 -0.59892
0.250 -39.750 -0.60059
0.250 -39.250 -0.60167
0.250 -38.750 -0.60212
0.250 -38.250 -0.60192
0.250 -37.750 -0.60104
0.250 -37.250 -0.59945
0.250 -36.750 -0.59712
0.250 -36.250 -0.59401
0.250 -35.750 -0.59011
0.250 -35.250 -0.58539
0.250 -34.750 -0.57981
0.250 -34.250 -0.57335
0.250 -33.750 -0.56600
0.250 -33.250 -0.55772
0.250 -32.750 -0.54849
0.250 -32.250 -0.53830
0.250 -31.750 -0.52712
0.250 -31.250 -0.51495
0.250 -30.750 -0.50176
0.250 -30.250 -0.48755
0.250 -29.750 -0.47231
0.250 -29.250 -0.45603
0.250 -28.750 -0.43871
0.250 -28.250 -0.42034
0.250 -27.750 -0.40094
0.250 -27.250 -0.38050
0.250 -26.750 -0.35903
0.250 -26.250 -0.33655
0.250 -25.750 -0.31308
0.250 -25.250 -0.28863
0.250 -24.750 -0.26323
0.250 -24.250 -0.23690
0.250 -23.750 -0.20967
0.250 -23.250 -0.18157
0.250 -22.750 -0.15265
0.250 -22.250 -0.12295
0.250 -21.750 -0.09250
0.250 -21.250 -0.06136
0.250 -20.750 -0.02957
0.250 -20.250  0.00280
0.250 -19.750  0.03571
0.250 -19.250  0.06909
0.250 -18.750  0.10289
0.250 -18.250  0.13703
0.250 -17.750  0.17145
0.250 -17.250  0.20608
0.250 -16.750  0.24085
0.250 -16.250  0.27568
0.250 -15.750  0.31051
0.250 -15.250  0.34526
0.250 -14.750  0.37985
0.250 -14.250  0.41421
0.250 -13.750  0.44825
0.250 -13.250  0.48191
0.250 -12.750  0.51510
0.250 -12.250  0.54776
0.250 -11.750  0.57979
0.250 -11.250  0.61113
0.250 -10.750  0.64171
0.250 -10.250  0.67145
0.250 -9.750  0.70028
0.250 -9.250  0.72813
0.250 -8.750  0.75494
0.250 -8.250  0.78064
0.250 -7.750  0.80517
0.250 -7.250  0.82847
0.250 -6.750  0.85048
0.250 -6.250  0.87116
0.250 -5.750  0.89044
0.250 -5.250  0.90829
0.250 -4.750  0.92466
0.250 -4.250  0.93950
0.250 -3.750  0.95279
0.250 -3.250  0.96449
0.250 -2.750  0.97457
0.250 -2.250  0.98302
0.250 -1.750  0.98979
0.250 -1.250  0.99489
0.250 -0.750  0.99830
0.250 -0.250  1.00000
0.250 0.250  1.00000
0.250 0.750  0.99830
0.250 1.250  0.99489
0.250 1.750  0.98979
0.250 2.250  0.98302
0.250 2.750  0.97457
0.250 3.250  0.96449
0.250 3.750  0.95279
0.250 4.250  0.93950
0.250 4.750  0.92466
0.250 5.250  0.90829
0.250 5.750  0.89044
0.250 6.250  0.87116
0.250 6.750  0.85048
0.250 7.250  0.82847
0.250 7.750  0.80517
0.250 8.250  0.78064
0.250 8.750  0.75494
0.250 9.250  0.72813
0.250 9.750  0.70028
0.250 10.250  0.67145
0.250 10.750  0.64171
0.250 11.250  0.61113
0.250 11.750  0.57979
0.250 12.250  0.54776
0.250 12.750  0.51510
0.250 13.250  0.48191
0.250 13.750  0.44825
0.250 14.250  0.41421
0.250 14.750  0.37985
0.250 15.250  0.34526
0.250 15.750  0.31051
0.250 16.250  0.27568
0.250 16.750  0.24085
0.250 17.250  0.20608
0.250 17.750  0.17145
0.250 18.250  0.13703
0.250 18.750  0.10289
0.250 19.250  0.06909
0.250 19.750  0.03571
0.250 20.250  0.00280
0.250 20.750 -0.02957
0.250 21.250 -0.06136
0.250 21.750 -0.09250
0.250 22.250 -0.12295
0.250 22.750 -0.15265
0.250 23.250 -0.18157
0.250 23.750 -0.20967
0.250 24.250 -0.23690
0.250 24.750 -0.26323
0.250 25.250 -0.28863
0.250 25.750 -0.31308
0.250 26.250 -0.33655
0.250 26.750 -0.35903
0.250 27.250 -0.38050
0.250 27.750 -0.40094
0.250 28.250 -0.42034
0.250 28.750 -0.43871
0.250 29.250 -0.45603
0.250 29.750 -0.47231
0.250 30.250 -0.48755
0.250 30.750 -0.50176
0.250 31.250 -0.51495
0.250 31.750 -0.52712
0.250 32.250 -0.53830
0.250 32.750 -0.54849
0.250 33.250 -0.55772
0.250 33.750 -0.56600
0.250 34.250 -0.57335
0.250 34.750 -0.57981
0.250 35.250 -0.58539
0.250 35.750 -0.59011
0.250 36.250 -0.59401
0.250 36.750 -0.59712
0.250 37.250 -0.59945
0.250 37.750 -0.60104
0.250 38.250 -0.60192
0.250 38.750 -0.60212
0.250 39.250 -0.60167
0.250 39.750 -0.60059
0.250 40.250 -0.59892
0.250 40.750 -0.59669
0.250 41.250 -0.59392
0.250 41.750 -0.59064
0.250 42.250 -0.58689
0.250 42.750 -0.58270
0.250 43.250 -0.57808
0.250 43.750 -0.57307
0.250 44.250 -0.56769
0.250 44.750 -0.56197
0.750 -44.750 -0.56228
0.750 -44.250 -0.56803
0.750 -43.750 -0.57343
0.750 -43.250 -0.57847
0.750 -42.750 -0.58312
0.750 -42.250 -0.58734
0.750 -41.750 -0.59112
0.750 -41.250 -0.59442
0.750 -40.750 -0.59722
0.750 -40.250 -0.59948
0.750 -39.750 -0.60118
0.750 -39.250 -0.60229
0.750 -38.750 -0.60278
0.750 -38.250 -0.60261
0.750 -37.750 -0.60176
0.750 -37.250 -0.60019
0.750 -36.750 -0.59789
0.750 -36.250 -0.59481
0.750 -35.750 -0.59094
0.750 -35.250 -0.58624
0.750 -34.750 -0.58069
0.750 -34.250 -0.57426
0.750 -33.750 -0.56692
0.750 -33.250 -0.55866
0.750 -32.750 -0.54946
0.750 -32.250 -0.53928
0.750 -31.750 -0.52812
0.750 -31.250 -0.51596
0.750 -30.750 -0.50279
0.750 -30.250 -0.48859
0.750 -29.750 -0.47335
0.750 -29.250 -0.45707
0.750 -28.750 -0.43975
0.750 -28.250 -0.42138
0.750 -27.750 -0.40197
0.750 -27.250 -0.38152
0.750 -26.750 -0.36004
0.750 -26.250 -0.33755
0.750 -25.750 -0.31406
0.750 -25.250 -0.28959
0.750 -24.750 -0.26416
0.750 -24.250 -0.23779
0.750 -23.750 -0.21053
0.750 -23.250 -0.18240
0.750 -22.750 -0.15344
0.750 -22.250 -0.12369
0.750 -21.750 -0.09320
0.750 -21.250 -0.06200
0.750 -20.750 -0.03016
0.750 -20.250  0.00227
0.750 -19.750  0.03524
0.750 -19.250  0.06868
0.750 -18.750  0.10254
0.750 -18.250  0.13675
0.750 -17.750  0.17123
0.750 -17.250  0.20594
0.750 -16.750  0.24078
0.750 -16.250  0.27569
0.750 -15.750  0.31059
0.750 -15.250  0.34542
0.750 -14.750  0.38009
0.750 -14.250  0.41452
0.750 -13.750  0.44864
0.750 -13.250  0.48238
0.750 -12.750  0.51565
0.750 -12.250  0.54837
0.750 -11.750  0.58048
0.750 -11.250  0.61190
0.750 -10.750  0.64255
0.750 -10.250  0.67236
0.750 -9.750  0.70126
0.750 -9.250  0.72917
0.750 -8.750  0.75605
0.750 -8.250  0.78181
0.750 -7.750  0.80640
0.750 -7.250  0.82976
0.750 -6.750  0.85182
0.750 -6.250  0.87255
0.750 -5.750  0.89188
0.750 -5.250  0.90977
0.750 -4.750  0.92618
0.750 -4.250  0.94106
0.750 -3.750  0.95438
0.750 -3.250  0.96611
0.750 -2.750  0.97622
0.750 -2.250  0.98468
0.750 -1.750  0.99147
0.750 -1.250  0.99658
0.750 -0.750  1.00000
0.750 -0.250  1.00171
0.750 0.250  1.00171
0.750 0.750  1.00000
0.750 1.250  0.99658
0.750 1.750  0.99147
0.750 2.250  0.98468
0.750 2.750  0.97622
0.750 3.250  0.96611
0.750 3.750  0.95438
0.750 4.250  0.94106
0.750 4.750  0.92618
0.750 5.250  0.90977
0.750 5.750  0.89188
0.750 6.250  0.87255
0.750 6.750  0.85182
0.750 7.250  0.82976
0.750 7.750  0.80640
0.750 8.250  0.78181
0.750 8.750  0.75605
0.750 9.250  0.72917
0.750 9.750  0.70126
0.750 10.250  0.67236
0.750 10.750  0.64255
0.750 11.250  0.61190
0.750 11.750  0.58048
0.750 12.250  0.54837
0.750 12.750  0.51565
0.750 13.250  0.48238
0.750 13.750  0.44864
0.750 14.250  0.41452
0.750 14.750  0.38009
0.750 15.250  0.34542
0.750 15.750  0.31059
0.750 16.250  0.27569
0.750 16.750  0.24078
0.750 17.250  0.20594
0.750 17.750  0.17123
0.750 18.250  0.13675
0.750 18.750  0.10254
0.750 19.250  0.06868
0.750 19.750  0.03524
0.750 20.250  0.00227
0.750 20.750 -0.03016
0.750 21.250 -0.06200
0.750 21.750 -0.09320
0.750 22.250 -0.12369
0.750 22.750 -0.15344
0.750 23.250 -0.18240
0.750 23.750 -0.21053
0.750 24.250 -0.23779
0.750 24.750 -0.26416
0.750 25.250 -0.28959
0.750 25.750 -0.31406
0.750 26.250 -0.33755
0.750 26.750 -0.36004
0.750 27.250 -0.38152
0.750 27.750 -0.40197
0.750 28.250 -0.42138
0.750 28.750 -0.43975
0.750 29.250 -0.45707
0.750 29.750 -0.47335
0.750 30.250 -0.48859
0.750 30.750 -0.50279
0.750 31.250 -0.51596
0.750 31.750 -0.52812
0.750 32.250 -0.53928
0.750 32.750 -0.54946
0.750 33.250 -0.55866
0.750 33.750 -0.56692
0.750 34.250 -0.57426
0.750 34.750 -0.58069
0.750 35.250 -0.58624
0.750 35.750 -0.59094
0.750 36.250 -0.59481
0.750 36.750 -0.59789
0.750 37.250 -0.60019
0.750 37.750 -0.60176
0.750 38.250 -0.60261
0.750 38.750 -0.60278
0.750 39.250 -0.60229
0.750 39.750 -0.60118
0.750 40.250 -0.59948
0.750 40.750 -0.59722
0.750 41.250 -0.59442
0.750 41.750 -0.59112
0.750 42.250 -0.58734
0.750 42.750 -0.58312
0.750 43.250 -0.57847
0.750 43.750 -0.57343
0.750 44.250 -0.56803
0.750 44.750 -0.56228
1.250 -44.750 -0.56291
1.250 -44.250 -0.56871
1.250 -43.750 -0.57417
1.250 -43.250 -0.57926
1.250 -42.750 -0.58396
1.250 -42.250 -0.58824
1.250 -41.750 -0.59207
1.250 -41.250 -0.59543
1.250 -40.750 -0.59829
1.250 -40.250 -0.60061
1.250 -39.750 -0.60237
1.250 -39.250 -0.60354
1.250 -38.750 -0.60408
1.250 -38.250 -0.60397
1.250 -37.750 -0.60318
1.250 -37.250 -0.60167
1.250 -36.750 -0.59943
1.250 -36.250 -0.59641
1.250 -35.750 -0.59259
1.250 -35.250 -0.58794
1.250 -34.750 -0.58244
1.250 -34.250 -0.57606
1.250 -33.750 -0.56877
1.250 -33.250 -0.56056
1.250 -32.750 -0.55139
1.250 -32.250 -0.54125
1.250 -31.750 -0.53012
1.250 -31.250 -0.51799
1.250 -30.750 -0.50484
1.250 -30.250 -0.49066
1.250 -29.750 -0.47543
1.250 -29.250 -0.45916
1.250 -28.750 -0.44184
1.250 -28.250 -0.42346
1.250 -27.750 -0.40404
1.250 -27.250 -0.38358
1.250 -26.750 -0.36207
1.250 -26.250 -0.33955
1.250 -25.750 -0.31602
1.250 -25.250 -0.29150
1.250 -24.750 -0.26602
1.250 -24.250 -0.23959
1.250 -23.750 -0.21226
1.250 -23.250 -0.18406
1.250 -22.750 -0.15502
1.250 -22.250 -0.12518
1.250 -21.750 -0.09459
1.250 -21.250 -0.06330
1.250 -20.750 -0.03135
1.250 -20.250  0.00120
1.250 -19.750  0.03429
1.250 -19.250  0.06785
1.250 -18.750  0.10184
1.250 -18.250  0.13618
1.250 -17.750  0.17081
1.250 -17.250  0.20565
1.250 -16.750  0.24064
1.250 -16.250  0.27570
1.250 -15.750  0.31076
1.250 -15.250  0.34573
1.250 -14.750  0.38055
1.250 -14.250  0.41514
1.250 -13.750  0.44942
1.250 -13.250  0.48331
1.250 -12.750  0.51673
1.250 -12.250  0.54961
1.250 -11.750  0.58187
1.250 -11.250  0.61343
1.250 -10.750  0.64422
1.250 -10.250  0.67418
1.250 -9.750  0.70321
1.250 -9.250  0.73127
1.250 -8.750  0.75827
1.250 -8.250  0.78415
1.250 -7.750  0.80886
1.250 -7.250  0.83233
1.250 -6.750  0.85451
1.250 -6.250  0.87533
1.250 -5.750  0.89476
1.250 -5.250  0.91274
1.250 -4.750  0.92922
1.250 -4.250  0.94418
1.250 -3.750  0.95756
1.250 -3.250  0.96935
1.250 -2.750  0.97951
1.250 -2.250  0.98801
1.250 -1.750  0.99484
1.250 -1.250  0.99997
1.250 -0.750  1.00340
1.250 -0.250  1.00512
1.250 0.250  1.00512
1.250 0.750  1.00340
1.250 1.250  0.99997
1.250 1.750  0.99484
1.250 2.250  0.98801
1.250 2.750  0.97951
1.250 3.250  0.96935
1.250 3.750  0.95756
1.250 4.250  0.94418
1.250 4.750  0.92922
1.250 5.250  0.91274
1.250 5.750  0.89476
1.250 6.250  0.87533
1.250 6.750  0.85451
1.250 7.250  0.83233
1.250 7.750  0.80886
1.250 8.250  0.78415
1.250 8.750  0.75827
1.250 9.250  0.73127
1.250 9.750  0.70321
1.250 10.250  0.67418
1.250 10.750  0.64422
1.250 11.250  0.61343
1.250 11.750  0.58187
1.250 12.250  0.54961
1.250 12.750  0.51673
1.250 13.250  0.48331
1.250 13.750  0.44942
1.250 14.250  0.41514
1.250 14.750  0.38055
1.250 15.250  0.34573
1.250 15.750  0.31076
1.250 16.250  0.27570
1.250 16.750  0.24064
1.250 17.250  0.20565
1.250 17.750  0.17081
1.250 18.250  0.13618
1.250 18.750  0.10184
1.250 19.250  0.06785
1.250 19.750  0.03429
1.250 20.250  0.00120
1.250 20.750 -0.03135
1.250 21.250 -0.06330
1.250 21.750 -0.09459
1.250 22.250 -0.12518
1.250 22.750 -0.15502
1.250 23.250 -0.18406
1.250 23.750 -0.21226
1.250 24.250 -0.23959
1.250 24.750 -0.26602
1.250 25.250 -0.29150
1.250 25.750 -0.31602
1.250 26.250 -0.33955
1.250 26.750 -0.36207
1.250 27.250 -0.38358
1.250 27.750 -0.40404
1.250 28.250 -0.42346
1.250 28.750 -0.44184
1.250 29.250 -0.45916
1.250 29.750 -0.47543
1.250 30.250 -0.49066
1.250 30.750 -0.50484
1.250 31.250 -0.51799
1.250 31.750 -0.53012
1.250 32.250 -0.54125
1.250 32.750 -0.55139
1.250 33.250 -0.56056
1.250 33.750 -0.56877
1.250 34.250 -0.57606
1.250 34.750 -0.58244
1.250 35.250 -0.58794
1.250 35.750 -0.59259
1.250 36.250 -0.59641
1.250 36.750 -0.59943
1.250 37.250 -0.60167
1.250 37.750 -0.60318
1.250 38.250 -0.60397
1.250 38.750 -0.60408
1.250 39.250 -0.60354
1.250 39.750 -0.60237
1.250 40.250 -0.60061
1.250 40.750 -0.59829
1.250 41.250 -0.59543
1.250 41.750 -0.59207
1.250 42.250 -0.58824
1.250 42.750 -0.58396
1.250 43.250 -0.57926
1.250 43.750 -0.57417
1.250 44.250 -0.56871
1.250 44.750 -0.56291
1.750 -44.750 -0.56386
1.750 -44.250 -0.56973
1.750 -43.750 -0.57526
1.750 -43.250 -0.58043
1.750 -42.750 -0.58522
1.750 -42.250 -0.58958
1.750 -41.750 -0.59350
1.750 -41.250 -0.59695
1.750 -40.750 -0.59989
1.750 -40.250 -0.60230
1.750 -39.750 -0.60415
1.750 -39.250 -0.60541
1.750 -38.750 -0.60604
1.750 -38.250 -0.60602
1.750 -37.750 -0.60532
1.750 -37.250 -0.60390
1.750 -36.750 -0.60174
1.750 -36.250 -0.59881
1.750 -35.750 -0.59507
1.750 -35.250 -0.59050
1.750 -34.750 -0.58508
1.750 -34.250 -0.57877
1.750 -33.750 -0.57155
1.750 -33.250 -0.56340
1.750 -32.750 -0.55429
1.750 -32.250 -0.54421
1.750 -31.750 -0.53313
1.750 -31.250 -0.52104
1.750 -30.750 -0.50792
1.750 -30.250 -0.49377
1.750 -29.750 -0.47856
1.750 -29.250 -0.46230
1.750 -28.750 -0.44498
1.750 -28.250 -0.42660
1.750 -27.750 -0.40716
1.750 -27.250 -0.38666
1.750 -26.750 -0.36513
1.750 -26.250 -0.34255
1.750 -25.750 -0.31897
1.750 -25.250 -0.29438
1.750 -24.750 -0.26881
1.750 -24.250 -0.24230
1.750 -23.750 -0.21487
1.750 -23.250 -0.18655
1.750 -22.750 -0.15739
1.750 -22.250 -0.12742
1.750 -21.750 -0.09669
1.750 -21.250 -0.06524
1.750 -20.750 -0.03313
1.750 -20.250 -0.00041
1.750 -19.750  0.03285
1.750 -19.250  0.06661
1.750 -18.750  0.10079
1.750 -18.250  0.13534
1.750 -17.750  0.17017
1.750 -17.250  0.20523
1.750 -16.750  0.24043
1.750 -16.250  0.27572
1.750 -15.750  0.31100
1.750 -15.250  0.34620
1.750 -14.750  0.38126
1.750 -14.250  0.41607
1.750 -13.750  0.45058
1.750 -13.250  0.48470
1.750 -12.750  0.51836
1.750 -12.250  0.55146
1.750 -11.750  0.58395
1.750 -11.250  0.61573
1.750 -10.750  0.64675
1.750 -10.250  0.67691
1.750 -9.750  0.70615
1.750 -9.250  0.73441
1.750 -8.750  0.76161
1.750 -8.250  0.78768
1.750 -7.750  0.81256
1.750 -7.250  0.83620
1.750 -6.750  0.85854
1.750 -6.250  0.87952
1.750 -5.750  0.89908
1.750 -5.250  0.91719
1.750 -4.750  0.93380
1.750 -4.250  0.94886
1.750 -3.750  0.96235
1.750 -3.250  0.97422
1.750 -2.750  0.98445
1.750 -2.250  0.99302
1.750 -1.750  0.99990
1.750 -1.250  1.00507
1.750 -0.750  1.00852
1.750 -0.250  1.01025
1.750 0.250  1.01025
1.750 0.750  1.00852
1.750 1.250  1.00507
1.750 1.750  0.99990
1.750 2.250  0.99302
1.750 2.750  0.98445
1.750 3.250  0.97422
1.750 3.750  0.96235
1.750 4.250  0.94886
1.750 4.750  0.93380
1.750 5.250  0.91719
1.750 5.750  0.89908
1.750 6.250  0.87952
1.750 6.750  0.85854
1.750 7.250  0.83620
1.750 7.750  0.81256
1.750 8.250  0.78768
1.750 8.750  0.76161
1.750 9.250  0.73441
1.750 9.750  0.70615
1.750 10.250  0.67691
1.750 10.750  0.64675
1.750 11.250  0.61573
1.750 11.750  0.58395
1.750 12.250  0.55146
1.750 12.750  0.51836
1.750 13.250  0.48470
1.750 13.750  0.45058
1.750 14.250  0.41607
1.750 14.750  0.38126
1.750 15.250  0.34620
1.750 15.750  0.31100
1.750 16.250  0.27572
1.750 16.750  0.24043
1.750 17.250  0.20523
1.750 17.750  0.17017
1.750 18.250  0.13534
1.750 18.750  0.10079
1.750 19.250  0.06661
1.750 19.750  0.03285
1.750 20.250 -0.00041
1.750 20.750 -0.03313
1.750 21.250 -0.06524
1.750 21.750 -0.09669
1.750 22.250 -0.12742
1.750 22.750 -0.15739
1.750 23.250 -0.18655
1.750 23.750 -0.21487
1.750 24.250 -0.24230
1.750 24.750 -0.26881
1.750 25.250 -0.29438
1.750 25.750 -0.31897
1.750 26.250 -0.34255
1.750 26.750 -0.36513
1.750 27.250 -0.38666
1.750 27.750 -0.40716
1.750 28.250 -0.42660
1.750 28.750 -0.44498
1.750 29.250 -0.46230
1.750 29.750 -0.47856
1.750 30.250 -0.49377
1.750 30.750 -0.50792
1.750 31.250 -0.52104
1.750 31.750 -0.53313
1.750 32.250 -0.54421
1.750 32.750 -0.55429
1.750 33.250 -0.56340
1.750 33.750 -0.57155
1.750 34.250 -0.57877
1.750 34.750 -0.58508
1.750 35.250 -0.59050
1.750 35.750 -0.59507
1.750 36.250 -0.59881
1.750 36.750 -0.60174
1.750 37.250 -0.60390
1.750 37.750 -0.60532
1.750 38.250 -0.60602
1.750 38.750 -0.60604
1.750 39.250 -0.60541
1.750 39.750 -0.60415
1.750 40.250 -0.60230
1.750 40.750 -0.59989
1.750 41.250 -0.59695
1.750 41.750 -0.59350
1.750 42.250 -0.58958
1.750 42.750 -0.58522
1.750 43.250 -0.58043
1.750 43.750 -0.57526
1.750 44.250 -0.56973
1.750 44.750 -0.56386
2.250 -44.750 -0.56511
2.250 -44.250 -0.57109
2.250 -43.750 -0.57672
2.250 -43.250 -0.58200
2.250 -42.750 -0.58689
2.250 -42.250 -0.59137
2.250 -41.750 -0.59540
2.250 -41.250 -0.59896
2.250 -40.750 -0.60202
2.250 -40.250 -0.60455
2.250 -39.750 -0.60652
2.250 -39.250 -0.60790
2.250 -38.750 -0.60865
2.250 -38.250 -0.60875
2.250 -37.750 -0.60817
2.250 -37.250 -0.60687
2.250 -36.750 -0.60482
2.250 -36.250 -0.60201
2.250 -35.750 -0.59838
2.250 -35.250 -0.59392
2.250 -34.750 -0.58860
2.250 -34.250 -0.58239
2.250 -33.750 -0.57527
2.250 -33.250 -0.56720
2.250 -32.750 -0.55818
2.250 -32.250 -0.54816
2.250 -31.750 -0.53715
2.250 -31.250 -0.52512
2.250 -30.750 -0.51204
2.250 -30.250 -0.49792
2.250 -29.750 -0.48275
2.250 -29.250 -0.46650
2.250 -28.750 -0.44918
2.250 -28.250 -0.43079
2.250 -27.750 -0.41133
2.250 -27.250 -0.39080
2.250 -26.750 -0.36921
2.250 -26.250 -0.34658
2.250 -25.750 -0.32291
2.250 -25.250 -0.29823
2.250 -24.750 -0.27256
2.250 -24.250 -0.24593
2.250 -23.750 -0.21836
2.250 -23.250 -0.18990
2.250 -22.750 -0.16057
2.250 -22.250 -0.13042
2.250 -21.750 -0.09950
2.250 -21.250 -0.06785
2.250 -20.750 -0.03552
2.250 -20.250 -0.00258
2.250 -19.750  0.03093
2.250 -19.250  0.06494
2.250 -18.750  0.09938
2.250 -18.250  0.13420
2.250 -17.750  0.16931
2.250 -17.250  0.20465
2.250 -16.750  0.24015
2.250 -16.250  0.27573
2.250 -15.750  0.31132
2.250 -15.250  0.34683
2.250 -14.750  0.38219
2.250 -14.250  0.41732
2.250 -13.750  0.45214
2.250 -13.250  0.48657
2.250 -12.750  0.52053
2.250 -12.250  0.55394
2.250 -11.750  0.58673
2.250 -11.250  0.61881
2.250 -10.750  0.65011
2.250 -10.250  0.68056
2.250 -9.750  0.71009
2.250 -9.250  0.73861
2.250 -8.750  0.76607
2.250 -8.250  0.79239
2.250 -7.750  0.81751
2.250 -7.250  0.84138
2.250 -6.750  0.86393
2.250 -6.250  0.88511
2.250 -5.750  0.90487
2.250 -5.250  0.92315
2.250 -4.750  0.93992
2.250 -4.250  0.95513
2.250 -3.750  0.96875
2.250 -3.250  0.98074
2.250 -2.750  0.99107
2.250 -2.250  0.99971
2.250 -1.750  1.00666
2.250 -1.250  1.01188
2.250 -0.750  1.01537
2.250 -0.250  1.01712
2.250 0.250  1.01712
2.250 0.750  1.01537
2.250 1.250  1.01188
2.250 1.750  1.00666
2.250 2.250  0.99971
2.250 2.750  0.99107
2.250 3.250  0.98074
2.250 3.750  0.96875
2.250 4.250  0.95513
2.250 4.750  0.93992
2.250 5.250  0.92315
2.250 5.750  0.90487
2.250 6.250  0.88511
2.250 6.750  0.86393
2.250 7.250  0.84138
2.250 7.750  0.81751
2.250 8.250  0.79239
2.250 8.750  0.76607
2.250 9.250  0.73861
2.250 9.750  0.71009
2.250 10.250  0.68056
2.250 10.750  0.65011
2.250 11.250  0.61881
2.250 11.750  0.58673
2.250 12.250  0.55394
2.250 12.750  0.52053
2.250 13.250  0.48657
2.250 13.750  0.45214
2.250 14.250  0.41732
2.250 14.750  0.38219
2.250 15.250  0.34683
2.250 15.750  0.31132
2.250 16.250  0.27573
2.250 16.750  0.24015
2.250 17.250  0.20465
2.250 17.750  0.16931
2.250 18.250  0.13420
2.250 18.750  0.09938
2.250 19.250  0.06494
2.250 19.750  0.03093
2.250 20.250 -0.00258
2.250 20.750 -0.03552
2.250 21.250 -0.06785
2.250 21.750 -0.09950
2.250 22.250 -0.13042
2.250 22.750 -0.16057
2.250 23.250 -0.18990
2.250 23.750 -0.21836
2.250 24.250 -0.24593
2.250 24.750 -0.27256
2.250 25.250 -0.29823
2.250 25.750 -0.32291
2.250 26.250 -0.34658
2.250 26.750 -0.36921
2.250 27.250 -0.39080
2.250 27.750 -0.41133
2.250 28.250 -0.43079
2.250 28.750 -0.44918
2.250 29.250 -0.46650
2.250 29.750 -0.48275
2.250 30.250 -0.49792
2.250 30.750 -0.51204
2.250 31.250 -0.52512
2.250 31.750 -0.53715
2.250 32.250 -0.54816
2.250 32.750 -0.55818
2.250 33.250 -0.56720
2.250 33.750 -0.57527
2.250 34.250 -0.58239
2.250 34.750 -0.58860
2.250 35.250 -0.59392
2.250 35.750 -0.59838
2.250 36.250 -0.60201
2.250 36.750 -0.60482
2.250 37.250 -0.60687
2.250 37.750 -0.60817
2.250 38.250 -0.60875
2.250 38.750 -0.60865
2.250 39.250 -0.60790
2.250 39.750 -0.60652
2.250 40.250 -0.60455
2.250 40.750 -0.60202
2.250 41.250 -0.59896
2.250 41.750 -0.59540
2.250 42.250 -0.59137
2.250 42.750 -0.58689
2.250 43.250 -0.58200
2.250 43.750 -0.57672
2.250 44.250 -0.57109
2.250 44.750 -0.56511
2.750 -44.750 -0.56668
2.750 -44.250 -0.57278
2.750 -43.750 -0.57854
2.750 -43.250 -0.58395
2.750 -42.750 -0.58898
2.750 -42.250 -0.59360
2.750 -41.750 -0.59777
2.750 -41.250 -0.60148
2.750 -40.750 -0.60469
2.750 -40.250 -0.60736
2.750 -39.750 -0.60948
2.750 -39.250 -0.61101
2.750 -38.750 -0.61192
2.750 -38.250 -0.61217
2.750 -37.750 -0.61173
2.750 -37.250 -0.61058
2.750 -36.750 -0.60869
2.750 -36.250 -0.60601
2.750 -35.750 -0.60252
2.750 -35.250 -0.59820
2.750 -34.750 -0.59301
2.750 -34.250 -0.58693
2.750 -33.750 -0.57992
2.750 -33.250 -0.57197
2.750 -32.750 -0.56304
2.750 -32.250 -0.55312
2.750 -31.750 -0.54219
2.750 -31.250 -0.53023
2.750 -30.750 -0.51722
2.750 -30.250 -0.50314
2.750 -29.750 -0.48800
2.750 -29.250 -0.47177
2.750 -28.750 -0.45446
2.750 -28.250 -0.43606
2.750 -27.750 -0.41657
2.750 -27.250 -0.39599
2.750 -26.750 -0.37435
2.750 -26.250 -0.35163
2.750 -25.750 -0.32787
2.750 -25.250 -0.30308
2.750 -24.750 -0.27728
2.750 -24.250 -0.25049
2.750 -23.750 -0.22276
2.750 -23.250 -0.19411
2.750 -22.750 -0.16457
2.750 -22.250 -0.13420
2.750 -21.750 -0.10304
2.750 -21.250 -0.07113
2.750 -20.750 -0.03854
2.750 -20.250 -0.00530
2.750 -19.750  0.02851
2.750 -19.250  0.06283
2.750 -18.750  0.09760
2.750 -18.250  0.13275
2.750 -17.750  0.16822
2.750 -17.250  0.20392
2.750 -16.750  0.23979
2.750 -16.250  0.27574
2.750 -15.750  0.31171
2.750 -15.250  0.34760
2.750 -14.750  0.38335
2.750 -14.250  0.41887
2.750 -13.750  0.45408
2.750 -13.250  0.48890
2.750 -12.750  0.52325
2.750 -12.250  0.55705
2.750 -11.750  0.59021
2.750 -11.250  0.62267
2.750 -10.750  0.65434
2.750 -10.250  0.68515
2.750 -9.750  0.71502
2.750 -9.250  0.74388
2.750 -8.750  0.77166
2.750 -8.250  0.79830
2.750 -7.750  0.82372
2.750 -7.250  0.84788
2.750 -6.750  0.87070
2.750 -6.250  0.89213
2.750 -5.750  0.91212
2.750 -5.250  0.93063
2.750 -4.750  0.94760
2.750 -4.250  0.96299
2.750 -3.750  0.97677
2.750 -3.250  0.98891
2.750 -2.750  0.99936
2.750 -2.250  1.00812
2.750 -1.750  1.01514
2.750 -1.250  1.02043
2.750 -0.750  1.02396
2.750 -0.250  1.02573
2.750 0.250  1.02573
2.750 0.750  1.02396
2.750 1.250  1.02043
2.750 1.750  1.01514
2.750 2.250  1.00812
2.750 2.750  0.99936
2.750 3.250  0.98891
2.750 3.750  0.97677
2.750 4.250  0.96299
2.750 4.750  0.94760
2.750 5.250  0.93063
2.750 5.750  0.91212
2.750 6.250  0.89213
2.750 6.750  0.87070
2.750 7.250  0.84788
2.750 7.750  0.82372
2.750 8.250  0.79830
2.750 8.750  0.77166
2.750 9.250  0.74388
2.750 9.750  0.71502
2.750 10.250  0.68515
2.750 10.750  0.65434
2.750 11.250  0.62267
2.750 11.750  0.59021
2.750 12.250  0.55705
2.750 12.750  0.52325
2.750 13.250  0.48890
2.750 13.750  0.45408
2.750 14.250  0.41887
2.750 14.750  0.38335
2.750 15.250  0.34760
2.750 15.750  0.31171
2.750 16.250  0.27574
2.750 16.750  0.23979
2.750 17.250  0.20392
2.750 17.750  0.16822
2.750 18.250  0.13275
2.750 18.750  0.09760
2.750 19.250  0.06283
2.750 19.750  0.02851
2.750 20.250 -0.00530
2.750 20.750 -0.03854
2.750 21.250 -0.07113
2.750 21.750 -0.10304
2.750 22.250 -0.13420
2.750 22.750 -0.16457
2.750 23.250 -0.19411
2.750 23.750 -0.22276
2.750 24.250 -0.25049
2.750 24.750 -0.27728
2.750 25.250 -0.30308
2.750 25.750 -0.32787
2.750 26.250 -0.35163
2.750 26.750 -0.37435
2.750 27.250 -0.39599
2.750 27.750 -0.41657
2.750 28.250 -0.43606
2.750 28.750 -0.45446
2.750 29.250 -0.47177
2.750 29.750 -0.48800
2.750 30.250 -0.50314
2.750 30.750 -0.51722
2.750 31.250 -0.53023
2.750 31.750 -0.54219
2.750 32.250 -0.55312
2.750 32.750 -0.56304
2.750 33.250 -0.57197
2.750 33.750 -0.57992
2.750 34.250 -0.58693
2.750 34.750 -0.59301
2.750 35.250 -0.59820
2.750 35.750 -0.60252
2.750 36.250 -0.60601
2.750 36.750 -0.60869
2.750 37.250 -0.61058
2.750 37.750 -0.61173
2.750 38.250 -0.61217
2.750 38.750 -0.61192
2.750 39.250 -0.61101
2.750 39.750 -0.60948
2.750 40.250 -0.60736
2.750 40.750 -0.60469
2.750 41.250 -0.60148
2.750 41.750 -0.59777
2.750 42.250 -0.59360
2.750 42.750 -0.58898
2.750 43.250 -0.58395
2.750 43.750 -0.57854
2.750 44.250 -0.57278
2.750 44.750 -0.56668
3.250 -44.750 -0.56855
3.250 -44.250 -0.57480
3.250 -43.750 -0.58072
3.250 -43.250 -0.58629
3.250 -42.750 -0.59148
3.250 -42.250 -0.59627
3.250 -41.750 -0.60061
3.250 -41.250 -0.60449
3.250 -40.750 -0.60788
3.250 -40.250 -0.61074
3.250 -39.750 -0.61304
3.250 -39.250 -0.61475
3.250 -38.750 -0.61583
3.250 -38.250 -0.61627
3.250 -37.750 -0.61602
3.250 -37.250 -0.61505
3.250 -36.750 -0.61332
3.250 -36.250 -0.61082
3.250 -35.750 -0.60751
3.250 -35.250 -0.60335
3.250 -34.750 -0.59832
3.250 -34.250 -0.59238
3.250 -33.750 -0.58552
3.250 -33.250 -0.57770
3.250 -32.750 -0.56890
3.250 -32.250 -0.55909
3.250 -31.750 -0.54826
3.250 -31.250 -0.53639
3.250 -30.750 -0.52345
3.250 -30.250 -0.50943
3.250 -29.750 -0.49433
3.250 -29.250 -0.47813
3.250 -28.750 -0.46082
3.250 -28.250 -0.44241
3.250 -27.750 -0.42289
3.250 -27.250 -0.40227
3.250 -26.750 -0.38054
3.250 -26.250 -0.35774
3.250 -25.750 -0.33386
3.250 -25.250 -0.30893
3.250 -24.750 -0.28297
3.250 -24.250 -0.25601
3.250 -23.750 -0.22807
3.250 -23.250 -0.19919
3.250 -22.750 -0.16941
3.250 -22.250 -0.13878
3.250 -21.750 -0.10732
3.250 -21.250 -0.07511
3.250 -20.750 -0.04218
3.250 -20.250 -0.00860
3.250 -19.750  0.02557
3.250 -19.250  0.06027
3.250 -18.750  0.09544
3.250 -18.250  0.13100
3.250 -17.750  0.16689
3.250 -17.250  0.20302
3.250 -16.750  0.23933
3.250 -16.250  0.27574
3.250 -15.750  0.31217
3.250 -15.250  0.34853
3.250 -14.750  0.38474
3.250 -14.250  0.42073
3.250 -13.750  0.45642
3.250 -13.250  0.49171
3.250 -12.750  0.52652
3.250 -12.250  0.56078
3.250 -11.750  0.59441
3.250 -11.250  0.62731
3.250 -10.750  0.65943
3.250 -10.250  0.69066
3.250 -9.750  0.72096
3.250 -9.250  0.75022
3.250 -8.750  0.77840
3.250 -8.250  0.80542
3.250 -7.750  0.83120
3.250 -7.250  0.85570
3.250 -6.750  0.87885
3.250 -6.250  0.90059
3.250 -5.750  0.92087
3.250 -5.250  0.93964
3.250 -4.750  0.95686
3.250 -4.250  0.97247
3.250 -3.750  0.98645
3.250 -3.250  0.99876
3.250 -2.750  1.00936
3.250 -2.250  1.01824
3.250 -1.750  1.02537
3.250 -1.250  1.03073
3.250 -0.750  1.03431
3.250 -0.250  1.03611
3.250 0.250  1.03611
3.250 0.750  1.03431
3.250 1.250  1.03073
3.250 1.750  1.02537
3.250 2.250  1.01824
3.250 2.750  1.00936
3.250 3.250  0.99876
3.250 3.750  0.98645
3.250 4.250  0.97247
3.250 4.750  0.95686
3.250 5.250  0.93964
3.250 5.750  0.92087
3.250 6.250  0.90059
3.250 6.750  0.87885
3.250 7.250  0.85570
3.250 7.750  0.83120
3.250 8.250  0.80542
3.250 8.750  0.77840
3.250 9.250  0.75022
3.250 9.750  0.72096
3.250 10.250  0.69066
3.250 10.750  0.65943
3.250 11.250  0.62731
3.250 11.750  0.59441
3.250 12.250  0.56078
3.250 12.750  0.52652
3.250 13.250  0.49171
3.250 13.750  0.45642
3.250 14.250  0.42073
3.250 14.750  0.38474
3.250 15.250  0.34853
3.250 15.750  0.31217
3.250 16.250  0.27574
3.250 16.750  0.23933
3.250 17.250  0.20302
3.250 17.750  0.16689
3.250 18.250  0.13100
3.250 18.750  0.09544
3.250 19.250  0.06027
3.250 19.750  0.02557
3.250 20.250 -0.00860
3.250 20.750 -0.04218
3.250 21.250 -0.07511
3.250 21.750 -0.10732
3.250 22.250 -0.13878
3.250 22.750 -0.16941
3.250 23.250 -0.19919
3.250 23.750 -0.22807
3.250 24.250 -0.25601
3.250 24.750 -0.28297
3.250 25.250 -0.30893
3.250 25.750 -0.33386
3.250 26.250 -0.35774
3.250 26.750 -0.38054
3.250 27.250 -0.40227
3.250 27.750 -0.42289
3.250 28.250 -0.44241
3.250 28.750 -0.46082
3.250 29.250 -0.47813
3.250 29.750 -0.49433
3.250 30.250 -0.50943
3.250 30.750 -0.52345
3.250 31.250 -0.53639
3.250 31.750 -0.54826
3.250 32.250 -0.55909
3.250 32.750 -0.56890
3.250 33.250 -0.57770
3.250 33.750 -0.58552
3.250 34.250 -0.59238
3.250 34.750 -0.59832
3.250 35.250 -0.60335
3.250 35.750 -0.60751
3.250 36.250 -0.61082
3.250 36.750 -0.61332
3.250 37.250 -0.61505
3.250 37.750 -0.61602
3.250 38.250 -0.61627
3.250 38.750 -0.61583
3.250 39.250 -0.61475
3.250 39.750 -0.61304
3.250 40.250 -0.61074
3.250 40.750 -0.60788
3.250 41.250 -0.60449
3.250 41.750 -0.60061
3.250 42.250 -0.59627
3.250 42.750 -0.59148
3.250 43.250 -0.58629
3.250 43.750 -0.58072
3.250 44.250 -0.57480
3.250 44.750 -0.56855
3.750 -44.750 -0.57072
3.750 -44.250 -0.57714
3.750 -43.750 -0.58325
3.750 -43.250 -0.58901
3.750 -42.750 -0.59439
3.750 -42.250 -0.59937
3.750 -41.750 -0.60392
3.750 -41.250 -0.60801
3.750 -40.750 -0.61160
3.750 -40.250 -0.61467
3.750 -39.750 -0.61718
3.750 -39.250 -0.61910
3.750 -38.750 -0.62041
3.750 -38.250 -0.62105
3.750 -37.750 -0.62102
3.750 -37.250 -0.62026
3.750 -36.750 -0.61875
3.750 -36.250 -0.61645
3.750 -35.750 -0.61333
3.750 -35.250 -0.60937
3.750 -34.750 -0.60453
3.750 -34.250 -0.59877
3.750 -33.750 -0.59208
3.750 -33.250 -0.58442
3.750 -32.750 -0.57576
3.750 -32.250 -0.56609
3.750 -31.750 -0.55538
3.750 -31.250 -0.54361
3.750 -30.750 -0.53076
3.750 -30.250 -0.51682
3.750 -29.750 -0.50176
3.750 -29.250 -0.48559
3.750 -28.750 -0.46830
3.750 -28.250 -0.44987
3.750 -27.750 -0.43032
3.750 -27.250 -0.40963
3.750 -26.750 -0.38783
3.750 -26.250 -0.36492
3.750 -25.750 -0.34090
3.750 -25.250 -0.31582
3.750 -24.750 -0.28967
3.750 -24.250 -0.26250
3.750 -23.750 -0.23432
3.750 -23.250 -0.20518
3.750 -22.750 -0.17511
3.750 -22.250 -0.14416
3.750 -21.750 -0.11237
3.750 -21.250 -0.07980
3.750 -20.750 -0.04649
3.750 -20.250 -0.01250
3.750 -19.750  0.02210
3.750 -19.250  0.05725
3.750 -18.750  0.09288
3.750 -18.250  0.12892
3.750 -17.750  0.16531
3.750 -17.250  0.20195
3.750 -16.750  0.23879
3.750 -16.250  0.27572
3.750 -15.750  0.31269
3.750 -15.250  0.34959
3.750 -14.750  0.38636
3.750 -14.250  0.42291
3.750 -13.750  0.45914
3.750 -13.250  0.49498
3.750 -12.750  0.53035
3.750 -12.250  0.56515
3.750 -11.750  0.59932
3.750 -11.250  0.63275
3.750 -10.750  0.66538
3.750 -10.250  0.69713
3.750 -9.750  0.72792
3.750 -9.250  0.75766
3.750 -8.750  0.78630
3.750 -8.250  0.81376
3.750 -7.750  0.83998
3.750 -7.250  0.86488
3.750 -6.750  0.88841
3.750 -6.250  0.91051
3.750 -5.750  0.93113
3.750 -5.250  0.95021
3.750 -4.750  0.96771
3.750 -4.250  0.98359
3.750 -3.750  0.99780
3.750 -3.250  1.01031
3.750 -2.750  1.02109
3.750 -2.250  1.03012
3.750 -1.750  1.03736
3.750 -1.250  1.04282
3.750 -0.750  1.04646
3.750 -0.250  1.04828
3.750 0.250  1.04828
3.750 0.750  1.04646
3.750 1.250  1.04282
3.750 1.750  1.03736
3.750 2.250  1.03012
3.750 2.750  1.02109
3.750 3.250  1.01031
3.750 3.750  0.99780
3.750 4.250  0.98359
3.750 4.750  0.96771
3.750 5.250  0.95021
3.750 5.750  0.93113
3.750 6.250  0.91051
3.750 6.750  0.88841
3.750 7.250  0.86488
3.750 7.750  0.83998
3.750 8.250  0.81376
3.750 8.750  0.78630
3.750 9.250  0.75766
3.750 9.750  0.72792
3.750 10.250  0.69713
3.750 10.750  0.66538
3.750 11.250  0.63275
3.750 11.750  0.59932
3.750 12.250  0.56515
3.750 12.750  0.53035
3.750 13.250  0.49498
3.750 13.750  0.45914
3.750 14.250  0.42291
3.750 14.750  0.38636
3.750 15.250  0.34959
3.750 15.750  0.31269
3.750 16.250  0.27572
3.750 16.750  0.23879
3.750 17.250  0.20195
3.750 17.750  0.16531
3.750 18.250  0.12892
3.750 18.750  0.09288
3.750 19.250  0.05725
3.750 19.750  0.02210
3.750 20.250 -0.01250
3.750 20.750 -0.04649
3.750 21.250 -0.07980
3.750 21.750 -0.11237
3.750 22.250 -0.14416
3.750 22.750 -0.17511
3.750 23.250 -0.20518
3.750 23.750 -0.23432
3.750 24.250 -0.26250
3.750 24.750 -0.28967
3.750 25.250 -0.31582
3.750 25.750 -0.34090
3.750 26.250 -0.36492
3.750 26.750 -0.38783
3.750 27.250 -0.40963
3.750 27.750 -0.43032
3.750 28.250 -0.44987
3.750 28.750 -0.46830
3.750 29.250 -0.48559
3.750 29.750 -0.50176
3.750 30.250 -0.51682
3.750 30.750 -0.53076
3.750 31.250 -0.54361
3.750 31.750 -0.55538
3.750 32.250 -0.56609
3.750 32.750 -0.57576
3.750 33.250 -0.58442
3.750 33.750 -0.59208
3.750 34.250 -0.59877
3.750 34.750 -0.60453
3.750 35.250 -0.60937
3.750 35.750 -0.61333
3.750 36.250 -0.61645
3.750 36.750 -0.61875
3.750 37.250 -0.62026
3.750 37.750 -0.62102
3.750 38.250 -0.62105
3.750 38.750 -0.62041
3.750 39.250 -0.61910
3.750 39.750 -0.61718
3.750 40.250 -0.61467
3.750 40.750 -0.61160
3.750 41.250 -0.60801
3.750 41.750 -0.60392
3.750 42.250 -0.59937
3.750 42.750 -0.59439
3.750 43.250 -0.58901
3.750 43.750 -0.58325
3.750 44.250 -0.57714
3.750 44.750 -0.57072
4.250 -44.750 -0.57318
4.250 -44.250 -0.57981
4.250 -43.750 -0.58612
4.250 -43.250 -0.59210
4.250 -42.750 -0.59770
4.250 -42.250 -0.60291
4.250 -41.750 -0.60769
4.250 -41.250 -0.61201
4.250 -40.750 -0.61584
4.250 -40.250 -0.61916
4.250 -39.750 -0.62191
4.250 -39.250 -0.62408
4.250 -38.750 -0.62563
4.250 -38.250 -0.62653
4.250 -37.750 -0.62674
4.250 -37.250 -0.62622
4.250 -36.750 -0.62495
4.250 -36.250 -0.62289
4.250 -35.750 -0.62001
4.250 -35.250 -0.61627
4.250 -34.750 -0.61164
4.250 -34.250 -0.60610
4.250 -33.750 -0.59960
4.250 -33.250 -0.59213
4.250 -32.750 -0.58364
4.250 -32.250 -0.57413
4.250 -31.750 -0.56356
4.250 -31.250 -0.55191
4.250 -30.750 -0.53917
4.250 -30.250 -0.52530
4.250 -29.750 -0.51031
4.250 -29.250 -0.49418
4.250 -28.750 -0.47690
4.250 -28.250 -0.45846
4.250 -27.750 -0.43887
4.250 -27.250 -0.41812
4.250 -26.750 -0.39623
4.250 -26.250 -0.37319
4.250 -25.750 -0.34903
4.250 -25.250 -0.32376
4.250 -24.750 -0.29740
4.250 -24.250 -0.26998
4.250 -23.750 -0.24154
4.250 -23.250 -0.21210
4.250 -22.750 -0.18170
4.250 -22.250 -0.15039
4.250 -21.750 -0.11821
4.250 -21.250 -0.08522
4.250 -20.750 -0.05146
4.250 -20.250 -0.01701
4.250 -19.750  0.01808
4.250 -19.250  0.05374
4.250 -18.750  0.08991
4.250 -18.250  0.12651
4.250 -17.750  0.16346
4.250 -17.250  0.20070
4.250 -16.750  0.23813
4.250 -16.250  0.27568
4.250 -15.750  0.31327
4.250 -15.250  0.35080
4.250 -14.750  0.38820
4.250 -14.250  0.42539
4.250 -13.750  0.46226
4.250 -13.250  0.49874
4.250 -12.750  0.53474
4.250 -12.250  0.57017
4.250 -11.750  0.60495
4.250 -11.250  0.63900
4.250 -10.750  0.67223
4.250 -10.250  0.70456
4.250 -9.750  0.73591
4.250 -9.250  0.76621
4.250 -8.750  0.79539
4.250 -8.250  0.82336
4.250 -7.750  0.85006
4.250 -7.250  0.87543
4.250 -6.750  0.89940
4.250 -6.250  0.92192
4.250 -5.750  0.94292
4.250 -5.250  0.96236
4.250 -4.750  0.98019
4.250 -4.250  0.99636
4.250 -3.750  1.01084
4.250 -3.250  1.02359
4.250 -2.750  1.03458
4.250 -2.250  1.04377
4.250 -1.750  1.05116
4.250 -1.250  1.05671
4.250 -0.750  1.06042
4.250 -0.250  1.06228
4.250 0.250  1.06228
4.250 0.750  1.06042
4.250 1.250  1.05671
4.250 1.750  1.05116
4.250 2.250  1.04377
4.250 2.750  1.03458
4.250 3.250  1.02359
4.250 3.750  1.01084
4.250 4.250  0.99636
4.250 4.750  0.98019
4.250 5.250  0.96236
4.250 5.750  0.94292
4.250 6.250  0.92192
4.250 6.750  0.89940
4.250 7.250  0.87543
4.250 7.750  0.85006
4.250 8.250  0.82336
4.250 8.750  0.79539
4.250 9.250  0.76621
4.250 9.750  0.73591
4.250 10.250  0.70456
4.250 10.750  0.67223
4.250 11.250  0.63900
4.250 11.750  0.60495
4.250 12.250  0.57017
4.250 12.750  0.53474
4.250 13.250  0.49874
4.250 13.750  0.46226
4.250 14.250  0.42539
4.250 14.750  0.38820
4.250 15.250  0.35080
4.250 15.750  0.31327
4.250 16.250  0.27568
4.250 16.750  0.23813
4.250 17.250  0.20070
4.250 17.750  0.16346
4.250 18.250  0.12651
4.250 18.750  0.08991
4.250 19.250  0.05374
4.250 19.750  0.01808
4.250 20.250 -0.01701
4.250 20.750 -0.05146
4.250 21.250 -0.08522
4.250 21.750 -0.11821
4.250 22.250 -0.15039
4.250 22.750 -0.18170
4.250 23.250 -0.21210
4.250 23.750 -0.24154
4.250 24.250 -0.26998
4.250 24.750 -0.29740
4.250 25.250 -0.32376
4.250 25.750 -0.34903
4.250 26.250 -0.37319
4.250 26.750 -0.39623
4.250 27.250 -0.41812
4.250 27.750 -0.43887
4.250 28.250 -0.45846
4.250 28.750 -0.47690
4.250 29.250 -0.49418
4.250 29.750 -0.51031
4.250 30.250 -0.52530
4.250 30.750 -0.53917
4.250 31.250 -0.55191
4.250 31.750 -0.56356
4.250 32.250 -0.57413
4.250 32.750 -0.58364
4.250 33.250 -0.59213
4.250 33.750 -0.59960
4.250 34.250 -0.60610
4.250 34.750 -0.61164
4.250 35.250 -0.61627
4.250 35.750 -0.62001
4.250 36.250 -0.62289
4.250 36.750 -0.62495
4.250 37.250 -0.62622
4.250 37.750 -0.62674
4.250 38.250 -0.62653
4.250 38.750 -0.62563
4.250 39.250 -0.62408
4.250 39.750 -0.62191
4.250 40.250 -0.61916
4.250 40.750 -0.61584
4.250 41.250 -0.61201
4.250 41.750 -0.60769
4.250 42.250 -0.60291
4.250 42.750 -0.59770
4.250 43.250 -0.59210
4.250 43.750 -0.58612
4.250 44.250 -0.57981
4.250 44.750 -0.57318
4.750 -44.750 -0.57593
4.750 -44.250 -0.58279
4.750 -43.750 -0.58934
4.750 -43.250 -0.59556
4.750 -42.750 -0.60141
4.750 -42.250 -0.60688
4.750 -41.750 -0.61192
4.750 -41.250 -0.61651
4.750 -40.750 -0.62061
4.750 -40.250 -0.62420
4.750 -39.750 -0.62723
4.750 -39.250 -0.62968
4.750 -38.750 -0.63151
4.750 -38.250 -0.63269
4.750 -37.750 -0.63318
4.750 -37.250 -0.63294
4.750 -36.750 -0.63195
4.750 -36.250 -0.63016
4.750 -35.750 -0.62754
4.750 -35.250 -0.62406
4.750 -34.750 -0.61968
4.750 -34.250 -0.61437
4.750 -33.750 -0.60810
4.750 -33.250 -0.60084
4.750 -32.750 -0.59256
4.750 -32.250 -0.58323
4.750 -31.750 -0.57282
4.750 -31.250 -0.56131
4.750 -30.750 -0.54869
4.750 -30.250 -0.53492
4.750 -29.750 -0.52001
4.750 -29.250 -0.50392
4.750 -28.750 -0.48666
4.750 -28.250 -0.46821
4.750 -27.750 -0.44858
4.750 -27.250 -0.42776
4.750 -26.750 -0.40576
4.750 -26.250 -0.38259
4.750 -25.750 -0.35826
4.750 -25.250 -0.33279
4.750 -24.750 -0.30619
4.750 -24.250 -0.27850
4.750 -23.750 -0.24975
4.750 -23.250 -0.21997
4.750 -22.750 -0.18920
4.750 -22.250 -0.15748
4.750 -21.750 -0.12486
4.750 -21.250 -0.09140
4.750 -20.750 -0.05714
4.750 -20.250 -0.02216
4.750 -19.750  0.01349
4.750 -19.250  0.04973
4.750 -18.750  0.08651
4.750 -18.250  0.12374
4.750 -17.750  0.16134
4.750 -17.250  0.19924
4.750 -16.750  0.23735
4.750 -16.250  0.27560
4.750 -15.750  0.31389
4.750 -15.250  0.35214
4.750 -14.750  0.39027
4.750 -14.250  0.42817
4.750 -13.750  0.46577
4.750 -13.250  0.50297
4.750 -12.750  0.53969
4.750 -12.250  0.57584
4.750 -11.750  0.61132
4.750 -11.250  0.64606
4.750 -10.750  0.67997
4.750 -10.250  0.71297
4.750 -9.750  0.74497
4.750 -9.250  0.77589
4.750 -8.750  0.80567
4.750 -8.250  0.83422
4.750 -7.750  0.86148
4.750 -7.250  0.88738
4.750 -6.750  0.91185
4.750 -6.250  0.93483
4.750 -5.750  0.95628
4.750 -5.250  0.97612
4.750 -4.750  0.99433
4.750 -4.250  1.01084
4.750 -3.750  1.02562
4.750 -3.250  1.03864
4.750 -2.750  1.04985
4.750 -2.250  1.05924
4.750 -1.750  1.06678
4.750 -1.250  1.07245
4.750 -0.750  1.07624
4.750 -0.250  1.07813
4.750 0.250  1.07813
4.750 0.750  1.07624
4.750 1.250  1.07245
4.750 1.750  1.06678
4.750 2.250  1.05924
4.750 2.750  1.04985
4.750 3.250  1.03864
4.750 3.750  1.02562
4.750 4.250  1.01084
4.750 4.750  0.99433
4.750 5.250  0.97612
4.750 5.750  0.95628
4.750 6.250  0.93483
4.750 6.750  0.91185
4.750 7.250  0.88738
4.750 7.750  0.86148
4.750 8.250  0.83422
4.750 8.750  0.80567
4.750 9.250  0.77589
4.750 9.750  0.74497
4.750 10.250  0.71297
4.750 10.750  0.67997
4.750 11.250  0.64606
4.750 11.750  0.61132
4.750 12.250  0.57584
4.750 12.750  0.53969
4.750 13.250  0.50297
4.750 13.750  0.46577
4.750 14.250  0.42817
4.750 14.750  0.39027
4.750 15.250  0.35214
4.750 15.750  0.31389
4.750 16.250  0.27560
4.750 16.750  0.23735
4.750 17.250  0.19924
4.750 17.750  0.16134
4.750 18.250  0.12374
4.750 18.750  0.08651
4.750 19.250  0.04973
4.750 19.750  0.01349
4.750 20.250 -0.02216
4.750 20.750 -0.05714
4.750 21.250 -0.09140
4.750 21.750 -0.12486
4.750 22.250 -0.15748
4.750 22.750 -0.18920
4.750 23.250 -0.21997
4.750 23.750 -0.24975
4.750 24.250 -0.27850
4.750 24.750 -0.30619
4.750 25.250 -0.33279
4.750 25.750 -0.35826
4.750 26.250 -0.38259
4.750 26.750 -0.40576
4.750 27.250 -0.42776
4.750 27.750 -0.44858
4.750 28.250 -0.46821
4.750 28.750 -0.48666
4.750 29.250 -0.50392
4.750 29.750 -0.52001
4.750 30.250 -0.53492
4.750 30.750 -0.54869
4.750 31.250 -0.56131
4.750 31.750 -0.57282
4.750 32.250 -0.58323
4.750 32.750 -0.59256
4.750 33.250 -0.60084
4.750 33.750 -0.60810
4.750 34.250 -0.61437
4.750 34.750 -0.61968
4.750 35.250 -0.62406
4.750 35.750 -0.62754
4.750 36.250 -0.63016
4.750 36.750 -0.63195
4.750 37.250 -0.63294
4.750 37.750 -0.63318
4.750 38.250 -0.63269
4.750 38.750 -0.63151
4.750 39.250 -0.62968
4.750 39.750 -0.62723
4.750 40.250 -0.62420
4.750 40.750 -0.62061
4.750 41.250 -0.61651
4.750 41.750 -0.61192
4.750 42.250 -0.60688
4.750 42.750 -0.60141
4.750 43.250 -0.59556
4.750 43.750 -0.58934
4.750 44.250 -0.58279
4.750 44.750 -0.57593
5.250 -44.750 -0.57896
5.250 -44.250 -0.58607
5.250 -43.750 -0.59289
5.250 -43.250 -0.59938
5.250 -42.750 -0.60551
5.250 -42.250 -0.61127
5.250 -41.750 -0.61660
5.250 -41.250 -0.62149
5.250 -40.750 -0.62589
5.250 -40.250 -0.62979
5.250 -39.750 -0.63314
5.250 -39.250 -0.63590
5.250 -38.750 -0.63805
5.250 -38.250 -0.63954
5.250 -37.750 -0.64035
5.250 -37.250 -0.64042
5.250 -36.750 -0.63974
5.250 -36.250 -0.63826
5.250 -35.750 -0.63594
5.250 -35.250 -0.63275
5.250 -34.750 -0.62865
5.250 -34.250 -0.62361
5.250 -33.750 -0.61760
5.250 -33.250 -0.61058
5.250 -32.750 -0.60252
5.250 -32.250 -0.59339
5.250 -31.750 -0.58317
5.250 -31.250 -0.57183
5.250 -30.750 -0.55935
5.250 -30.250 -0.54570
5.250 -29.750 -0.53087
5.250 -29.250 -0.51484
5.250 -28.750 -0.49760
5.250 -28.250 -0.47915
5.250 -27.750 -0.45948
5.250 -27.250 -0.43858
5.250 -26.750 -0.41647
5.250 -26.250 -0.39315
5.250 -25.750 -0.36863
5.250 -25.250 -0.34294
5.250 -24.750 -0.31608
5.250 -24.250 -0.28809
5.250 -23.750 -0.25900
5.250 -23.250 -0.22883
5.250 -22.750 -0.19764
5.250 -22.250 -0.16547
5.250 -21.750 -0.13236
5.250 -21.250 -0.09837
5.250 -20.750 -0.06355
5.250 -20.250 -0.02798
5.250 -19.750  0.00830
5.250 -19.250  0.04520
5.250 -18.750  0.08265
5.250 -18.250  0.12059
5.250 -17.750  0.15892
5.250 -17.250  0.19757
5.250 -16.750  0.23645
5.250 -16.250  0.27548
5.250 -15.750  0.31456
5.250 -15.250  0.35362
5.250 -14.750  0.39255
5.250 -14.250  0.43127
5.250 -13.750  0.46968
5.250 -13.250  0.50769
5.250 -12.750  0.54522
5.250 -12.250  0.58217
5.250 -11.750  0.61844
5.250 -11.250  0.65396
5.250 -10.750  0.68863
5.250 -10.250  0.72237
5.250 -9.750  0.75509
5.250 -9.250  0.78672
5.250 -8.750  0.81718
5.250 -8.250  0.84638
5.250 -7.750  0.87426
5.250 -7.250  0.90075
5.250 -6.750  0.92578
5.250 -6.250  0.94930
5.250 -5.750  0.97123
5.250 -5.250  0.99153
5.250 -4.750  1.01015
5.250 -4.250  1.02705
5.250 -3.750  1.04217
5.250 -3.250  1.05548
5.250 -2.750  1.06695
5.250 -2.250  1.07656
5.250 -1.750  1.08427
5.250 -1.250  1.09007
5.250 -0.750  1.09395
5.250 -0.250  1.09589
5.250 0.250  1.09589
5.250 0.750  1.09395
5.250 1.250  1.09007
5.250 1.750  1.08427
5.250 2.250  1.07656
5.250 2.750  1.06695
5.250 3.250  1.05548
5.250 3.750  1.04217
5.250 4.250  1.02705
5.250 4.750  1.01015
5.250 5.250  0.99153
5.250 5.750  0.97123
5.250 6.250  0.94930
5.250 6.750  0.92578
5.250 7.250  0.90075
5.250 7.750  0.87426
5.250 8.250  0.84638
5.250 8.750  0.81718
5.250 9.250  0.78672
5.250 9.750  0.75509
5.250 10.250  0.72237
5.250 10.750  0.68863
5.250 11.250  0.65396
5.250 11.750  0.61844
5.250 12.250  0.58217
5.250 12.750  0.54522
5.250 13.250  0.50769
5.250 13.750  0.46968
5.250 14.250  0.43127
5.250 14.750  0.39255
5.250 15.250  0.35362
5.250 15.750  0.31456
5.250 16.250  0.27548
5.250 16.750  0.23645
5.250 17.250  0.19757
5.250 17.750  0.15892
5.250 18.250  0.12059
5.250 18.750  0.08265
5.250 19.250  0.04520
5.250 19.750  0.00830
5.250 20.250 -0.02798
5.250 20.750 -0.06355
5.250 21.250 -0.09837
5.250 21.750 -0.13236
5.250 22.250 -0.16547
5.250 22.750 -0.19764
5.250 23.250 -0.22883
5.250 23.750 -0.25900
5.250 24.250 -0.28809
5.250 24.750 -0.31608
5.250 25.250 -0.34294
5.250 25.750 -0.36863
5.250 26.250 -0.39315
5.250 26.750 -0.41647
5.250 27.250 -0.43858
5.250 27.750 -0.45948
5.250 28.250 -0.47915
5.250 28.750 -0.49760
5.250 29.250 -0.51484
5.250 29.750 -0.53087
5.250 30.250 -0.54570
5.250 30.750 -0.55935
5.250 31.250 -0.57183
5.250 31.750 -0.58317
5.250 32.250 -0.59339
5.250 32.750 -0.60252
5.250 33.250 -0.61058
5.250 33.750 -0.61760
5.250 34.250 -0.62361
5.250 34.750 -0.62865
5.250 35.250 -0.63275
5.250 35.750 -0.63594
5.250 36.250 -0.63826
5.250 36.750 -0.63974
5.250 37.250 -0.64042
5.250 37.750 -0.64035
5.250 38.250 -0.63954
5.250 38.750 -0.63805
5.250 39.250 -0.63590
5.250 39.750 -0.63314
5.250 40.250 -0.62979
5.250 40.750 -0.62589
5.250 41.250 -0.62149
5.250 41.750 -0.61660
5.250 42.250 -0.61127
5.250 42.750 -0.60551
5.250 43.250 -0.59938
5.250 43.750 -0.59289
5.250 44.250 -0.58607
5.250 44.750 -0.57896
5.750 -44.750 -0.58226
5.750 -44.250 -0.58966
5.750 -43.750 -0.59677
5.750 -43.250 -0.60356
5.750 -42.750 -0.61000
5.750 -42.250 -0.61607
5.750 -41.750 -0.62173
5.750 -41.250 -0.62695
5.750 -40.750 -0.63169
5.750 -40.250 -0.63593
5.750 -39.750 -0.63962
5.750 -39.250 -0.64274
5.750 -38.750 -0.64524
5.750 -38.250 -0.64708
5.750 -37.750 -0.64824
5.750 -37.250 -0.64867
5.750 -36.750 -0.64833
5.750 -36.250 -0.64719
5.750 -35.750 -0.64520
5.750 -35.250 -0.64234
5.750 -34.750 -0.63856
5.750 -34.250 -0.63383
5.750 -33.750 -0.62810
5.750 -33.250 -0.62136
5.750 -32.750 -0.61355
5.750 -32.250 -0.60466
5.750 -31.750 -0.59465
5.750 -31.250 -0.58350
5.750 -30.750 -0.57117
5.750 -30.250 -0.55765
5.750 -29.750 -0.54292
5.750 -29.250 -0.52696
5.750 -28.750 -0.50976
5.750 -28.250 -0.49131
5.750 -27.750 -0.47159
5.750 -27.250 -0.45062
5.750 -26.750 -0.42839
5.750 -26.250 -0.40491
5.750 -25.750 -0.38019
5.750 -25.250 -0.35425
5.750 -24.750 -0.32710
5.750 -24.250 -0.29878
5.750 -23.750 -0.26931
5.750 -23.250 -0.23873
5.750 -22.750 -0.20707
5.750 -22.250 -0.17440
5.750 -21.750 -0.14074
5.750 -21.250 -0.10617
5.750 -20.750 -0.07073
5.750 -20.250 -0.03449
5.750 -19.750  0.00248
5.750 -19.250  0.04011
5.750 -18.750  0.07832
5.750 -18.250  0.11704
5.750 -17.750  0.15618
5.750 -17.250  0.19566
5.750 -16.750  0.23540
5.750 -16.250  0.27529
5.750 -15.750  0.31526
5.750 -15.250  0.35521
5.750 -14.750  0.39504
5.750 -14.250  0.43466
5.750 -13.750  0.47398
5.750 -13.250  0.51290
5.750 -12.750  0.55133
5.750 -12.250  0.58916
5.750 -11.750  0.62632
5.750 -11.250  0.66270
5.750 -10.750  0.69822
5.750 -10.250  0.73279
5.750 -9.750  0.76632
5.750 -9.250  0.79873
5.750 -8.750  0.82993
5.750 -8.250  0.85986
5.750 -7.750  0.88843
5.750 -7.250  0.91558
5.750 -6.750  0.94124
5.750 -6.250  0.96534
5.750 -5.750  0.98782
5.750 -5.250  1.00863
5.750 -4.750  1.02771
5.750 -4.250  1.04502
5.750 -3.750  1.06052
5.750 -3.250  1.07417
5.750 -2.750  1.08593
5.750 -2.250  1.09577
5.750 -1.750  1.10367
5.750 -1.250  1.10962
5.750 -0.750  1.11359
5.750 -0.250  1.11558
5.750 0.250  1.11558
5.750 0.750  1.11359
5.750 1.250  1.10962
5.750 1.750  1.10367
5.750 2.250  1.09577
5.750 2.750  1.08593
5.750 3.250  1.07417
5.750 3.750  1.06052
5.750 4.250  1.04502
5.750 4.750  1.02771
5.750 5.250  1.00863
5.750 5.750  0.98782
5.750 6.250  0.96534
5.750 6.750  0.94124
5.750 7.250  0.91558
5.750 7.750  0.88843
5.750 8.250  0.85986
5.750 8.750  0.82993
5.750 9.250  0.79873
5.750 9.750  0.76632
5.750 10.250  0.73279
5.750 10.750  0.69822
5.750 11.250  0.66270
5.750 11.750  0.62632
5.750 12.250  0.58916
5.750 12.750  0.55133
5.750 13.250  0.51290
5.750 13.750  0.47398
5.750 14.250  0.43466
5.750 14.750  0.39504
5.750 15.250  0.35521
5.750 15.750  0.31526
5.750 16.250  0.27529
5.750 16.750  0.23540
5.750 17.250  0.19566
5.750 17.750  0.15618
5.750 18.250  0.11704
5.750 18.750  0.07832
5.750 19.250  0.04011
5.750 19.750  0.00248
5.750 20.250 -0.03449
5.750 20.750 -0.07073
5.750 21.250 -0.10617
5.750 21.750 -0.14074
5.750 22.250 -0.17440
5.750 22.750 -0.20707
5.750 23.250 -0.23873
5.750 23.750 -0.26931
5.750 24.250 -0.29878
5.750 24.750 -0.32710
5.750 25.250 -0.35425
5.750 25.750 -0.38019
5.750 26.250 -0.40491
5.750 26.750 -0.42839
5.750 27.250 -0.45062
5.750 27.750 -0.47159
5.750 28.250 -0.49131
5.750 28.750 -0.50976
5.750 29.250 -0.52696
5.750 29.750 -0.54292
5.750 30.250 -0.55765
5.750 30.750 -0.57117
5.750 31.250 -0.58350
5.750 31.750 -0.59465
5.750 32.250 -0.60466
5.750 32.750 -0.61355
5.750 33.250 -0.62136
5.750 33.750 -0.62810
5.750 34.250 -0.63383
5.750 34.750 -0.63856
5.750 35.250 -0.64234
5.750 35.750 -0.64520
5.750 36.250 -0.64719
5.750 36.750 -0.64833
5.750 37.250 -0.64867
5.750 37.750 -0.64824
5.750 38.250 -0.64708
5.750 38.750 -0.64524
5.750 39.250 -0.64274
5.750 39.750 -0.63962
5.750 40.250 -0.63593
5.750 40.750 -0.63169
5.750 41.250 -0.62695
5.750 41.750 -0.62173
5.750 42.250 -0.61607
5.750 42.750 -0.61000
5.750 43.250 -0.60356
5.750 43.750 -0.59677
5.750 44.250 -0.58966
5.750 44.750 -0.58226
6.250 -44.750 -0.58582
6.250 -44.250 -0.59353
6.250 -43.750 -0.60096
6.250 -43.250 -0.60808
6.250 -42.750 -0.61486
6.250 -42.250 -0.62128
6.250 -41.750 -0.62730
6.250 -41.250 -0.63288
6.250 -40.750 -0.63800
6.250 -40.250 -0.64261
6.250 -39.750 -0.64669
6.250 -39.250 -0.65019
6.250 -38.750 -0.65308
6.250 -38.250 -0.65531
6.250 -37.750 -0.65686
6.250 -37.250 -0.65768
6.250 -36.750 -0.65772
6.250 -36.250 -0.65696
6.250 -35.750 -0.65535
6.250 -35.250 -0.65285
6.250 -34.750 -0.64942
6.250 -34.250 -0.64503
6.250 -33.750 -0.63963
6.250 -33.250 -0.63319
6.250 -32.750 -0.62567
6.250 -32.250 -0.61704
6.250 -31.750 -0.60727
6.250 -31.250 -0.59633
6.250 -30.750 -0.58419
6.250 -30.250 -0.57082
6.250 -29.750 -0.55621
6.250 -29.250 -0.54033
6.250 -28.750 -0.52317
6.250 -28.250 -0.50472
6.250 -27.750 -0.48497
6.250 -27.250 -0.46392
6.250 -26.750 -0.44156
6.250 -26.250 -0.41791
6.250 -25.750 -0.39297
6.250 -25.250 -0.36676
6.250 -24.750 -0.33930
6.250 -24.250 -0.31061
6.250 -23.750 -0.28073
6.250 -23.250 -0.24969
6.250 -22.750 -0.21753
6.250 -22.250 -0.18430
6.250 -21.750 -0.15005
6.250 -21.250 -0.11483
6.250 -20.750 -0.07870
6.250 -20.250 -0.04174
6.250 -19.750 -0.00400
6.250 -19.250  0.03443
6.250 -18.750  0.07348
6.250 -18.250  0.11306
6.250 -17.750  0.15310
6.250 -17.250  0.19350
6.250 -16.750  0.23418
6.250 -16.250  0.27504
6.250 -15.750  0.31598
6.250 -15.250  0.35692
6.250 -14.750  0.39775
6.250 -14.250  0.43837
6.250 -13.750  0.47869
6.250 -13.250  0.51861
6.250 -12.750  0.55802
6.250 -12.250  0.59684
6.250 -11.750  0.63497
6.250 -11.250  0.67231
6.250 -10.750  0.70876
6.250 -10.250  0.74424
6.250 -9.750  0.77866
6.250 -9.250  0.81193
6.250 -8.750  0.84397
6.250 -8.250  0.87470
6.250 -7.750  0.90403
6.250 -7.250  0.93191
6.250 -6.750  0.95825
6.250 -6.250  0.98299
6.250 -5.750  1.00608
6.250 -5.250  1.02744
6.250 -4.750  1.04704
6.250 -4.250  1.06481
6.250 -3.750  1.08073
6.250 -3.250  1.09474
6.250 -2.750  1.10681
6.250 -2.250  1.11692
6.250 -1.750  1.12504
6.250 -1.250  1.13114
6.250 -0.750  1.13522
6.250 -0.250  1.13726
6.250 0.250  1.13726
6.250 0.750  1.13522
6.250 1.250  1.13114
6.250 1.750  1.12504
6.250 2.250  1.11692
6.250 2.750  1.10681
6.250 3.250  1.09474
6.250 3.750  1.08073
6.250 4.250  1.06481
6.250 4.750  1.04704
6.250 5.250  1.02744
6.250 5.750  1.00608
6.250 6.250  0.98299
6.250 6.750  0.95825
6.250 7.250  0.93191
6.250 7.750  0.90403
6.250 8.250  0.87470
6.250 8.750  0.84397
6.250 9.250  0.81193
6.250 9.750  0.77866
6.250 10.250  0.74424
6.250 10.750  0.70876
6.250 11.250  0.67231
6.250 11.750  0.63497
6.250 12.250  0.59684
6.250 12.750  0.55802
6.250 13.250  0.51861
6.250 13.750  0.47869
6.250 14.250  0.43837
6.250 14.750  0.39775
6.250 15.250  0.35692
6.250 15.750  0.31598
6.250 16.250  0.27504
6.250 16.750  0.23418
6.250 17.250  0.19350
6.250 17.750  0.15310
6.250 18.250  0.11306
6.250 18.750  0.07348
6.250 19.250  0.03443
6.250 19.750 -0.00400
6.250 20.250 -0.04174
6.250 20.750 -0.07870
6.250 21.250 -0.11483
6.250 21.750 -0.15005
6.250 22.250 -0.18430
6.250 22.750 -0.21753
6.250 23.250 -0.24969
6.250 23.750 -0.28073
6.250 24.250 -0.31061
6.250 24.750 -0.33930
6.250 25.250 -0.36676
6.250 25.750 -0.39297
6.250 26.250 -0.41791
6.250 26.750 -0.44156
6.250 27.250 -0.46392
6.250 27.750 -0.48497
6.250 28.250 -0.50472
6.250 28.750 -0.52317
6.250 29.250 -0.54033
6.250 29.750 -0.55621
6.250 30.250 -0.57082
6.250 30.750 -0.58419
6.250 31.250 -0.59633
6.250 31.750 -0.60727
6.250 32.250 -0.61704
6.250 32.750 -0.62567
6.250 33.250 -0.63319
6.250 33.750 -0.63963
6.250 34.250 -0.64503
6.250 34.750 -0.64942
6.250 35.250 -0.65285
6.250 35.750 -0.65535
6.250 36.250 -0.65696
6.250 36.750 -0.65772
6.250 37.250 -0.65768
6.250 37.750 -0.65686
6.250 38.250 -0.65531
6.250 38.750 -0.65308
6.250 39.250 -0.65019
6.250 39.750 -0.64669
6.250 40.250 -0.64261
6.250 40.750 -0.63800
6.250 41.250 -0.63288
6.250 41.750 -0.62730
6.250 42.250 -0.62128
6.250 42.750 -0.61486
6.250 43.250 -0.60808
6.250 43.750 -0.60096
6.250 44.250 -0.59353
6.250 44.750 -0.58582
6.750 -44.750 -0.58964
6.750 -44.250 -0.59768
6.750 -43.750 -0.60546
6.750 -43.250 -0.61294
6.750 -42.750 -0.62009
6.750 -42.250 -0.62689
6.750 -41.750 -0.63330
6.750 -41.250 -0.63928
6.750 -40.750 -0.64480
6.750 -40.250 -0.64983
6.750 -39.750 -0.65433
6.750 -39.250 -0.65825
6.750 -38.750 -0.66157
6.750 -38.250 -0.66423
6.750 -37.750 -0.66621
6.750 -37.250 -0.66745
6.750 -36.750 -0.66793
6.750 -36.250 -0.66758
6.750 -35.750 -0.66639
6.750 -35.250 -0.66429
6.750 -34.750 -0.66125
6.750 -34.250 -0.65724
6.750 -33.750 -0.65220
6.750 -33.250 -0.64610
6.750 -32.750 -0.63890
6.750 -32.250 -0.63057
6.750 -31.750 -0.62107
6.750 -31.250 -0.61037
6.750 -30.750 -0.59843
6.750 -30.250 -0.58524
6.750 -29.750 -0.57076
6.750 -29.250 -0.55498
6.750 -28.750 -0.53788
6.750 -28.250 -0.51944
6.750 -27.750 -0.49965
6.750 -27.250 -0.47852
6.750 -26.750 -0.45603
6.750 -26.250 -0.43219
6.750 -25.750 -0.40702
6.750 -25.250 -0.38053
6.750 -24.750 -0.35273
6.750 -24.250 -0.32365
6.750 -23.750 -0.29332
6.750 -23.250 -0.26178
6.750 -22.750 -0.22906
6.750 -22.250 -0.19523
6.750 -21.750 -0.16032
6.750 -21.250 -0.12439
6.750 -20.750 -0.08751
6.750 -20.250 -0.04975
6.750 -19.750 -0.01118
6.750 -19.250  0.02813
6.750 -18.750  0.06810
6.750 -18.250  0.10864
6.750 -17.750  0.14966
6.750 -17.250  0.19107
6.750 -16.750  0.23278
6.750 -16.250  0.27470
6.750 -15.750  0.31671
6.750 -15.250  0.35873
6.750 -14.750  0.40065
6.750 -14.250  0.44238
6.750 -13.750  0.48379
6.750 -13.250  0.52481
6.750 -12.750  0.56532
6.750 -12.250  0.60522
6.750 -11.750  0.64441
6.750 -11.250  0.68279
6.750 -10.750  0.72028
6.750 -10.250  0.75676
6.750 -9.750  0.79216
6.750 -9.250  0.82637
6.750 -8.750  0.85932
6.750 -8.250  0.89092
6.750 -7.750  0.92110
6.750 -7.250  0.94977
6.750 -6.750  0.97686
6.750 -6.250  1.00231
6.750 -5.750  1.02605
6.750 -5.250  1.04803
6.750 -4.750  1.06819
6.750 -4.250  1.08647
6.750 -3.750  1.10284
6.750 -3.250  1.11725
6.750 -2.750  1.12967
6.750 -2.250  1.14007
6.750 -1.750  1.14841
6.750 -1.250  1.15469
6.750 -0.750  1.15889
6.750 -0.250  1.16099
6.750 0.250  1.16099
6.750 0.750  1.15889
6.750 1.250  1.15469
6.750 1.750  1.14841
6.750 2.250  1.14007
6.750 2.750  1.12967
6.750 3.250  1.11725
6.750 3.750  1.10284
6.750 4.250  1.08647
6.750 4.750  1.06819
6.750 5.250  1.04803
6.750 5.750  1.02605
6.750 6.250  1.00231
6.750 6.750  0.97686
6.750 7.250  0.94977
6.750 7.750  0.92110
6.750 8.250  0.89092
6.750 8.750  0.85932
6.750 9.250  0.82637
6.750 9.750  0.79216
6.750 10.250  0.75676
6.750 10.750  0.72028
6.750 11.250  0.68279
6.750 11.750  0.64441
6.750 12.250  0.60522
6.750 12.750  0.56532
6.750 13.250  0.52481
6.750 13.750  0.48379
6.750 14.250  0.44238
6.750 14.750  0.40065
6.750 15.250  0.35873
6.750 15.750  0.31671
6.750 16.250  0.27470
6.750 16.750  0.23278
6.750 17.250  0.19107
6.750 17.750  0.14966
6.750 18.250  0.10864
6.750 18.750  0.06810
6.750 19.250  0.02813
6.750 19.750 -0.01118
6.750 20.250 -0.04975
6.750 20.750 -0.08751
6.750 21.250 -0.12439
6.750 21.750 -0.16032
6.750 22.250 -0.19523
6.750 22.750 -0.22906
6.750 23.250 -0.26178
6.750 23.750 -0.29332
6.750 24.250 -0.32365
6.750 24.750 -0.35273
6.750 25.250 -0.38053
6.750 25.750 -0.40702
6.750 26.250 -0.43219
6.750 26.750 -0.45603
6.750 27.250 -0.47852
6.750 27.750 -0.49965
6.750 28.250 -0.51944
6.750 28.750 -0.53788
6.750 29.250 -0.55498
6.750 29.750 -0.57076
6.750 30.250 -0.58524
6.750 30.750 -0.59843
6.750 31.250 -0.61037
6.750 31.750 -0.62107
6.750 32.250 -0.63057
6.750 32.750 -0.63890
6.750 33.250 -0.64610
6.750 33.750 -0.65220
6.750 34.250 -0.65724
6.750 34.750 -0.66125
6.750 35.250 -0.66429
6.750 35.750 -0.66639
6.750 36.250 -0.66758
6.750 36.750 -0.66793
6.750 37.250 -0.66745
6.750 37.750 -0.66621
6.750 38.250 -0.66423
6.750 38.750 -0.66157
6.750 39.250 -0.65825
6.750 39.750 -0.65433
6.750 40.250 -0.64983
6.750 40.750 -0.64480
6.750 41.250 -0.63928
6.750 41.750 -0.63330
6.750 42.250 -0.62689
6.750 42.750 -0.62009
6.750 43.250 -0.61294
6.750 43.750 -0.60546
6.750 44.250 -0.59768
6.750 44.750 -0.58964
7.250 -44.750 -0.59370
7.250 -44.250 -0.60210
7.250 -43.750 -0.61026
7.250 -43.250 -0.61813
7.250 -42.750 -0.62568
7.250 -42.250 -0.63289
7.250 -41.750 -0.63972
7.250 -41.250 -0.64614
7.250 -40.750 -0.65210
7.250 -40.250 -0.65758
7.250 -39.750 -0.66254
7.250 -39.250 -0.66692
7.250 -38.750 -0.67071
7.250 -38.250 -0.67384
7.250 -37.750 -0.67629
7.250 -37.250 -0.67801
7.250 -36.750 -0.67894
7.250 -36.250 -0.67906
7.250 -35.750 -0.67832
7.250 -35.250 -0.67667
7.250 -34.750 -0.67406
7.250 -34.250 -0.67046
7.250 -33.750 -0.66583
7.250 -33.250 -0.66011
7.250 -32.750 -0.65327
7.250 -32.250 -0.64527
7.250 -31.750 -0.63607
7.250 -31.250 -0.62563
7.250 -30.750 -0.61394
7.250 -30.250 -0.60094
7.250 -29.750 -0.58662
7.250 -29.250 -0.57095
7.250 -28.750 -0.55392
7.250 -28.250 -0.53550
7.250 -27.750 -0.51569
7.250 -27.250 -0.49447
7.250 -26.750 -0.47185
7.250 -26.250 -0.44782
7.250 -25.750 -0.42240
7.250 -25.250 -0.39560
7.250 -24.750 -0.36743
7.250 -24.250 -0.33793
7.250 -23.750 -0.30712
7.250 -23.250 -0.27503
7.250 -22.750 -0.24172
7.250 -22.250 -0.20723
7.250 -21.750 -0.17160
7.250 -21.250 -0.13491
7.250 -20.750 -0.09721
7.250 -20.250 -0.05858
7.250 -19.750 -0.01909
7.250 -19.250  0.02118
7.250 -18.750  0.06215
7.250 -18.250  0.10373
7.250 -17.750  0.14582
7.250 -17.250  0.18834
7.250 -16.750  0.23119
7.250 -16.250  0.27425
7.250 -15.750  0.31744
7.250 -15.250  0.36065
7.250 -14.750  0.40376
7.250 -14.250  0.44668
7.250 -13.750  0.48931
7.250 -13.250  0.53152
7.250 -12.750  0.57322
7.250 -12.250  0.61430
7.250 -11.750  0.65465
7.250 -11.250  0.69419
7.250 -10.750  0.73279
7.250 -10.250  0.77037
7.250 -9.750  0.80683
7.250 -9.250  0.84208
7.250 -8.750  0.87602
7.250 -8.250  0.90858
7.250 -7.750  0.93966
7.250 -7.250  0.96920
7.250 -6.750  0.99711
7.250 -6.250  1.02334
7.250 -5.750  1.04780
7.250 -5.250  1.07044
7.250 -4.750  1.09121
7.250 -4.250  1.11004
7.250 -3.750  1.12691
7.250 -3.250  1.14176
7.250 -2.750  1.15455
7.250 -2.250  1.16526
7.250 -1.750  1.17386
7.250 -1.250  1.18033
7.250 -0.750  1.18465
7.250 -0.250  1.18681
7.250 0.250  1.18681
7.250 0.750  1.18465
7.250 1.250  1.18033
7.250 1.750  1.17386
7.250 2.250  1.16526
7.250 2.750  1.15455
7.250 3.250  1.14176
7.250 3.750  1.12691
7.250 4.250  1.11004
7.250 4.750  1.09121
7.250 5.250  1.07044
7.250 5.750  1.04780
7.250 6.250  1.02334
7.250 6.750  0.99711
7.250 7.250  0.96920
7.250 7.750  0.93966
7.250 8.250  0.90858
7.250 8.750  0.87602
7.250 9.250  0.84208
7.250 9.750  0.80683
7.250 10.250  0.77037
7.250 10.750  0.73279
7.250 11.250  0.69419
7.250 11.750  0.65465
7.250 12.250  0.61430
7.250 12.750  0.57322
7.250 13.250  0.53152
7.250 13.750  0.48931
7.250 14.250  0.44668
7.250 14.750  0.40376
7.250 15.250  0.36065
7.250 15.750  0.31744
7.250 16.250  0.27425
7.250 16.750  0.23119
7.250 17.250  0.18834
7.250 17.750  0.14582
7.250 18.250  0.10373
7.250 18.750  0.06215
7.250 19.250  0.02118
7.250 19.750 -0.01909
7.250 20.250 -0.05858
7.250 20.750 -0.09721
7.250 21.250 -0.13491
7.250 21.750 -0.17160
7.250 22.250 -0.20723
7.250 22.750 -0.24172
7.250 23.250 -0.27503
7.250 23.750 -0.30712
7.250 24.250 -0.33793
7.250 24.750 -0.36743
7.250 25.250 -0.39560
7.250 25.750 -0.42240
7.250 26.250 -0.44782
7.250 26.750 -0.47185
7.250 27.250 -0.49447
7.250 27.750 -0.51569
7.250 28.250 -0.53550
7.250 28.750 -0.55392
7.250 29.250 -0.57095
7.250 29.750 -0.58662
7.250 30.250 -0.60094
7.250 30.750 -0.61394
7.250 31.250 -0.62563
7.250 31.750 -0.63607
7.250 32.250 -0.64527
7.250 32.750 -0.65327
7.250 33.250 -0.66011
7.250 33.750 -0.66583
7.250 34.250 -0.67046
7.250 34.750 -0.67406
7.250 35.250 -0.67667
7.250 35.750 -0.67832
7.250 36.250 -0.67906
7.250 36.750 -0.67894
7.250 37.250 -0.67801
7.250 37.750 -0.67629
7.250 38.250 -0.67384
7.250 38.750 -0.67071
7.250 39.250 -0.66692
7.250 39.750 -0.66254
7.250 40.250 -0.65758
7.250 40.750 -0.65210
7.250 41.250 -0.64614
7.250 41.750 -0.63972
7.250 42.250 -0.63289
7.250 42.750 -0.62568
7.250 43.250 -0.61813
7.250 43.750 -0.61026
7.250 44.250 -0.60210
7.250 44.750 -0.59370
7.750 -44.750 -0.59798
7.750 -44.250 -0.60678
7.750 -43.750 -0.61534
7.750 -43.250 -0.62363
7.750 -42.750 -0.63162
7.750 -42.250 -0.63927
7.750 -41.750 -0.64656
7.750 -41.250 -0.65345
7.750 -40.750 -0.65989
7.750 -40.250 -0.66586
7.750 -39.750 -0.67131
7.750 -39.250 -0.67620
7.750 -38.750 -0.68049
7.750 -38.250 -0.68414
7.750 -37.750 -0.68710
7.750 -37.250 -0.68933
7.750 -36.750 -0.69078
7.750 -36.250 -0.69141
7.750 -35.750 -0.69116
7.750 -35.250 -0.69000
7.750 -34.750 -0.68787
7.750 -34.250 -0.68473
7.750 -33.750 -0.68053
7.750 -33.250 -0.67524
7.750 -32.750 -0.66879
7.750 -32.250 -0.66116
7.750 -31.750 -0.65230
7.750 -31.250 -0.64217
7.750 -30.750 -0.63074
7.750 -30.250 -0.61797
7.750 -29.750 -0.60383
7.750 -29.250 -0.58829
7.750 -28.750 -0.57135
7.750 -28.250 -0.55296
7.750 -27.750 -0.53312
7.750 -27.250 -0.51183
7.750 -26.750 -0.48907
7.750 -26.250 -0.46484
7.750 -25.750 -0.43916
7.750 -25.250 -0.41203
7.750 -24.750 -0.38348
7.750 -24.250 -0.35352
7.750 -23.750 -0.32219
7.750 -23.250 -0.28952
7.750 -22.750 -0.25556
7.750 -22.250 -0.22035
7.750 -21.750 -0.18396
7.750 -21.250 -0.14644
7.750 -20.750 -0.10785
7.750 -20.250 -0.06827
7.750 -19.750 -0.02779
7.750 -19.250  0.01353
7.750 -18.750  0.05559
7.750 -18.250  0.09830
7.750 -17.750  0.14157
7.750 -17.250  0.18529
7.750 -16.750  0.22936
7.750 -16.250  0.27369
7.750 -15.750  0.31815
7.750 -15.250  0.36265
7.750 -14.750  0.40707
7.750 -14.250  0.45130
7.750 -13.750  0.49523
7.750 -13.250  0.53874
7.750 -12.750  0.58174
7.750 -12.250  0.62410
7.750 -11.750  0.66573
7.750 -11.250  0.70650
7.750 -10.750  0.74633
7.750 -10.250  0.78510
7.750 -9.750  0.82272
7.750 -9.250  0.85908
7.750 -8.750  0.89411
7.750 -8.250  0.92770
7.750 -7.750  0.95978
7.750 -7.250  0.99026
7.750 -6.750  1.01906
7.750 -6.250  1.04612
7.750 -5.750  1.07136
7.750 -5.250  1.09473
7.750 -4.750  1.11615
7.750 -4.250  1.13559
7.750 -3.750  1.15299
7.750 -3.250  1.16831
7.750 -2.750  1.18151
7.750 -2.250  1.19257
7.750 -1.750  1.20144
7.750 -1.250  1.20811
7.750 -0.750  1.21257
7.750 -0.250  1.21480
7.750 0.250  1.21480
7.750 0.750  1.21257
7.750 1.250  1.20811
7.750 1.750  1.20144
7.750 2.250  1.19257
7.750 2.750  1.18151
7.750 3.250  1.16831
7.750 3.750  1.15299
7.750 4.250  1.13559
7.750 4.750  1.11615
7.750 5.250  1.09473
7.750 5.750  1.07136
7.750 6.250  1.04612
7.750 6.750  1.01906
7.750 7.250  0.99026
7.750 7.750  0.95978
7.750 8.250  0.92770
7.750 8.750  0.89411
7.750 9.250  0.85908
7.750 9.750  0.82272
7.750 10.250  0.78510
7.750 10.750  0.74633
7.750 11.250  0.70650
7.750 11.750  0.66573
7.750 12.250  0.62410
7.750 12.750  0.58174
7.750 13.250  0.53874
7.750 13.750  0.49523
7.750 14.250  0.45130
7.750 14.750  0.40707
7.750 15.250  0.36265
7.750 15.750  0.31815
7.750 16.250  0.27369
7.750 16.750  0.22936
7.750 17.250  0.18529
7.750 17.750  0.14157
7.750 18.250  0.09830
7.750 18.750  0.05559
7.750 19.250  0.01353
7.750 19.750 -0.02779
7.750 20.250 -0.06827
7.750 20.750 -0.10785
7.750 21.250 -0.14644
7.750 21.750 -0.18396
7.750 22.250 -0.22035
7.750 22.750 -0.25556
7.750 23.250 -0.28952
7.750 23.750 -0.32219
7.750 24.250 -0.35352
7.750 24.750 -0.38348
7.750 25.250 -0.41203
7.750 25.750 -0.43916
7.750 26.250 -0.46484
7.750 26.750 -0.48907
7.750 27.250 -0.51183
7.750 27.750 -0.53312
7.750 28.250 -0.55296
7.750 28.750 -0.57135
7.750 29.250 -0.58829
7.750 29.750 -0.60383
7.750 30.250 -0.61797
7.750 30.750 -0.63074
7.750 31.250 -0.64217
7.750 31.750 -0.65230
7.750 32.250 -0.66116
7.750 32.750 -0.66879
7.750 33.250 -0.67524
7.750 33.750 -0.68053
7.750 34.250 -0.68473
7.750 34.750 -0.68787
7.750 35.250 -0.69000
7.750 35.750 -0.69116
7.750 36.250 -0.69141
7.750 36.750 -0.69078
7.750 37.250 -0.68933
7.750 37.750 -0.68710
7.750 38.250 -0.68414
7.750 38.750 -0.68049
7.750 39.250 -0.67620
7.750 39.750 -0.67131
7.750 40.250 -0.66586
7.750 40.750 -0.65989
7.750 41.250 -0.65345
7.750 41.750 -0.64656
7.750 42.250 -0.63927
7.750 42.750 -0.63162
7.750 43.250 -0.62363
7.750 43.750 -0.61534
7.750 44.250 -0.60678
7.750 44.750 -0.59798
8.250 -44.750 -0.60247
8.250 -44.250 -0.61169
8.250 -43.750 -0.62069
8.250 -43.250 -0.62943
8.250 -42.750 -0.63788
8.250 -42.250 -0.64602
8.250 -41.750 -0.65380
8.250 -41.250 -0.66119
8.250 -40.750 -0.66816
8.250 -40.250 -0.67465
8.250 -39.750 -0.68064
8.250 -39.250 -0.68608
8.250 -38.750 -0.69092
8.250 -38.250 -0.69513
8.250 -37.750 -0.69865
8.250 -37.250 -0.70144
8.250 -36.750 -0.70344
8.250 -36.250 -0.70462
8.250 -35.750 -0.70492
8.250 -35.250 -0.70429
8.250 -34.750 -0.70269
8.250 -34.250 -0.70006
8.250 -33.750 -0.69635
8.250 -33.250 -0.69151
8.250 -32.750 -0.68551
8.250 -32.250 -0.67828
8.250 -31.750 -0.66980
8.250 -31.250 -0.66001
8.250 -30.750 -0.64887
8.250 -30.250 -0.63636
8.250 -29.750 -0.62243
8.250 -29.250 -0.60705
8.250 -28.750 -0.59021
8.250 -28.250 -0.57187
8.250 -27.750 -0.55202
8.250 -27.250 -0.53065
8.250 -26.750 -0.50775
8.250 -26.250 -0.48332
8.250 -25.750 -0.45736
8.250 -25.250 -0.42989
8.250 -24.750 -0.40092
8.250 -24.250 -0.37048
8.250 -23.750 -0.33860
8.250 -23.250 -0.30530
8.250 -22.750 -0.27064
8.250 -22.250 -0.23467
8.250 -21.750 -0.19745
8.250 -21.250 -0.15902
8.250 -20.750 -0.11948
8.250 -20.250 -0.07888
8.250 -19.750 -0.03731
8.250 -19.250  0.00514
8.250 -18.750  0.04838
8.250 -18.250  0.09232
8.250 -17.750  0.13685
8.250 -17.250  0.18188
8.250 -16.750  0.22729
8.250 -16.250  0.27298
8.250 -15.750  0.31883
8.250 -15.250  0.36472
8.250 -14.750  0.41056
8.250 -14.250  0.45621
8.250 -13.750  0.50156
8.250 -13.250  0.54649
8.250 -12.750  0.59089
8.250 -12.250  0.63465
8.250 -11.750  0.67765
8.250 -11.250  0.71977
8.250 -10.750  0.76092
8.250 -10.250  0.80098
8.250 -9.750  0.83985
8.250 -9.250  0.87743
8.250 -8.750  0.91363
8.250 -8.250  0.94835
8.250 -7.750  0.98149
8.250 -7.250  1.01299
8.250 -6.750  1.04276
8.250 -6.250  1.07072
8.250 -5.750  1.09681
8.250 -5.250  1.12095
8.250 -4.750  1.14309
8.250 -4.250  1.16318
8.250 -3.750  1.18116
8.250 -3.250  1.19699
8.250 -2.750  1.21063
8.250 -2.250  1.22205
8.250 -1.750  1.23122
8.250 -1.250  1.23811
8.250 -0.750  1.24272
8.250 -0.250  1.24503
8.250 0.250  1.24503
8.250 0.750  1.24272
8.250 1.250  1.23811
8.250 1.750  1.23122
8.250 2.250  1.22205
8.250 2.750  1.21063
8.250 3.250  1.19699
8.250 3.750  1.18116
8.250 4.250  1.16318
8.250 4.750  1.14309
8.250 5.250  1.12095
8.250 5.750  1.09681
8.250 6.250  1.07072
8.250 6.750  1.04276
8.250 7.250  1.01299
8.250 7.750  0.98149
8.250 8.250  0.94835
8.250 8.750  0.91363
8.250 9.250  0.87743
8.250 9.750  0.83985
8.250 10.250  0.80098
8.250 10.750  0.76092
8.250 11.250  0.71977
8.250 11.750  0.67765
8.250 12.250  0.63465
8.250 12.750  0.59089
8.250 13.250  0.54649
8.250 13.750  0.50156
8.250 14.250  0.45621
8.250 14.750  0.41056
8.250 15.250  0.36472
8.250 15.750  0.31883
8.250 16.250  0.27298
8.250 16.750  0.22729
8.250 17.250  0.18188
8.250 17.750  0.13685
8.250 18.250  0.09232
8.250 18.750  0.04838
8.250 19.250  0.00514
8.250 19.750 -0.03731
8.250 20.250 -0.07888
8.250 20.750 -0.11948
8.250 21.250 -0.15902
8.250 21.750 -0.19745
8.250 22.250 -0.23467
8.250 22.750 -0.27064
8.250 23.250 -0.30530
8.250 23.750 -0.33860
8.250 24.250 -0.37048
8.250 24.750 -0.40092
8.250 25.250 -0.42989
8.250 25.750 -0.45736
8.250 26.250 -0.48332
8.250 26.750 -0.50775
8.250 27.250 -0.53065
8.250 27.750 -0.55202
8.250 28.250 -0.57187
8.250 28.750 -0.59021
8.250 29.250 -0.60705
8.250 29.750 -0.62243
8.250 30.250 -0.63636
8.250 30.750 -0.64887
8.250 31.250 -0.66001
8.250 31.750 -0.66980
8.250 32.250 -0.67828
8.250 32.750 -0.68551
8.250 33.250 -0.69151
8.250 33.750 -0.69635
8.250 34.250 -0.70006
8.250 34.750 -0.70269
8.250 35.250 -0.70429
8.250 35.750 -0.70492
8.250 36.250 -0.70462
8.250 36.750 -0.70344
8.250 37.250 -0.70144
8.250 37.750 -0.69865
8.250 38.250 -0.69513
8.250 38.750 -0.69092
8.250 39.250 -0.68608
8.250 39.750 -0.68064
8.250 40.250 -0.67465
8.250 40.750 -0.66816
8.250 41.250 -0.66119
8.250 41.750 -0.65380
8.250 42.250 -0.64602
8.250 42.750 -0.63788
8.250 43.250 -0.62943
8.250 43.750 -0.62069
8.250 44.250 -0.61169
8.250 44.750 -0.60247
8.750 -44.750 -0.60716
8.750 -44.250 -0.61683
8.750 -43.750 -0.62629
8.750 -43.250 -0.63552
8.750 -42.750 -0.64447
8.750 -42.250 -0.65312
8.750 -41.750 -0.66143
8.750 -41.250 -0.66937
8.750 -40.750 -0.67689
8.750 -40.250 -0.68396
8.750 -39.750 -0.69053
8.750 -39.250 -0.69655
8.750 -38.750 -0.70199
8.750 -38.250 -0.70680
8.750 -37.750 -0.71093
8.750 -37.250 -0.71432
8.750 -36.750 -0.71694
8.750 -36.250 -0.71872
8.750 -35.750 -0.71961
8.750 -35.250 -0.71957
8.750 -34.750 -0.71853
8.750 -34.250 -0.71646
8.750 -33.750 -0.71328
8.750 -33.250 -0.70896
8.750 -32.750 -0.70344
8.750 -32.250 -0.69667
8.750 -31.750 -0.68860
8.750 -31.250 -0.67919
8.750 -30.750 -0.66839
8.750 -30.250 -0.65617
8.750 -29.750 -0.64248
8.750 -29.250 -0.62728
8.750 -28.750 -0.61057
8.750 -28.250 -0.59229
8.750 -27.750 -0.57244
8.750 -27.250 -0.55100
8.750 -26.750 -0.52797
8.750 -26.250 -0.50333
8.750 -25.750 -0.47709
8.750 -25.250 -0.44925
8.750 -24.750 -0.41985
8.750 -24.250 -0.38889
8.750 -23.750 -0.35641
8.750 -23.250 -0.32245
8.750 -22.750 -0.28704
8.750 -22.250 -0.25025
8.750 -21.750 -0.21213
8.750 -21.250 -0.17274
8.750 -20.750 -0.13215
8.750 -20.250 -0.09045
8.750 -19.750 -0.04772
8.750 -19.250 -0.00405
8.750 -18.750  0.04047
8.750 -18.250  0.08574
8.750 -17.750  0.13165
8.750 -17.250  0.17808
8.750 -16.750  0.22494
8.750 -16.250  0.27211
8.750 -15.750  0.31945
8.750 -15.250  0.36687
8.750 -14.750  0.41423
8.750 -14.250  0.46142
8.750 -13.750  0.50830
8.750 -13.250  0.55477
8.750 -12.750  0.60069
8.750 -12.250  0.64596
8.750 -11.750  0.69044
8.750 -11.250  0.73402
8.750 -10.750  0.77660
8.750 -10.250  0.81805
8.750 -9.750  0.85828
8.750 -9.250  0.89717
8.750 -8.750  0.93463
8.750 -8.250  0.97056
8.750 -7.750  1.00486
8.750 -7.250  1.03746
8.750 -6.750  1.06826
8.750 -6.250  1.09720
8.750 -5.750  1.12419
8.750 -5.250  1.14918
8.750 -4.750  1.17209
8.750 -4.250  1.19287
8.750 -3.750  1.21148
8.750 -3.250  1.22786
8.750 -2.750  1.24197
8.750 -2.250  1.25378
8.750 -1.750  1.26327
8.750 -1.250  1.27041
8.750 -0.750  1.27517
8.750 -0.250  1.27756
8.750 0.250  1.27756
8.750 0.750  1.27517
8.750 1.250  1.27041
8.750 1.750  1.26327
8.750 2.250  1.25378
8.750 2.750  1.24197
8.750 3.250  1.22786
8.750 3.750  1.21148
8.750 4.250  1.19287
8.750 4.750  1.17209
8.750 5.250  1.14918
8.750 5.750  1.12419
8.750 6.250  1.09720
8.750 6.750  1.06826
8.750 7.250  1.03746
8.750 7.750  1.00486
8.750 8.250  0.97056
8.750 8.750  0.93463
8.750 9.250  0.89717
8.750 9.750  0.85828
8.750 10.250  0.81805
8.750 10.750  0.77660
8.750 11.250  0.73402
8.750 11.750  0.69044
8.750 12.250  0.64596
8.750 12.750  0.60069
8.750 13.250  0.55477
8.750 13.750  0.50830
8.750 14.250  0.46142
8.750 14.750  0.41423
8.750 15.250  0.36687
8.750 15.750  0.31945
8.750 16.250  0.27211
8.750 16.750  0.22494
8.750 17.250  0.17808
8.750 17.750  0.13165
8.750 18.250  0.08574
8.750 18.750  0.04047
8.750 19.250 -0.00405
8.750 19.750 -0.04772
8.750 20.250 -0.09045
8.750 20.750 -0.13215
8.750 21.250 -0.17274
8.750 21.750 -0.21213
8.750 22.250 -0.25025
8.750 22.750 -0.28704
8.750 23.250 -0.32245
8.750 23.750 -0.35641
8.750 24.250 -0.38889
8.750 24.750 -0.41985
8.750 25.250 -0.44925
8.750 25.750 -0.47709
8.750 26.250 -0.50333
8.750 26.750 -0.52797
8.750 27.250 -0.55100
8.750 27.750 -0.57244
8.750 28.250 -0.59229
8.750 28.750 -0.61057
8.750 29.250 -0.62728
8.750 29.750 -0.64248
8.750 30.250 -0.65617
8.750 30.750 -0.66839
8.750 31.250 -0.67919
8.750 31.750 -0.68860
8.750 32.250 -0.69667
8.750 32.750 -0.70344
8.750 33.250 -0.70896
8.750 33.750 -0.71328
8.750 34.250 -0.71646
8.750 34.750 -0.71853
8.750 35.250 -0.71957
8.750 35.750 -0.71961
8.750 36.250 -0.71872
8.750 36.750 -0.71694
8.750 37.250 -0.71432
8.750 37.750 -0.71093
8.750 38.250 -0.70680
8.750 38.750 -0.70199
8.750 39.250 -0.69655
8.750 39.750 -0.69053
8.750 40.250 -0.68396
8.750 40.750 -0.67689
8.750 41.250 -0.66937
8.750 41.750 -0.66143
8.750 42.250 -0.65312
8.750 42.750 -0.64447
8.750 43.250 -0.63552
8.750 43.750 -0.62629
8.750 44.250 -0.61683
8.750 44.750 -0.60716
9.250 -44.750 -0.61203
9.250 -44.250 -0.62218
9.250 -43.750 -0.63213
9.250 -43.250 -0.64187
9.250 -42.750 -0.65136
9.250 -42.250 -0.66056
9.250 -41.750 -0.66944
9.250 -41.250 -0.67796
9.250 -40.750 -0.68608
9.250 -40.250 -0.69376
9.250 -39.750 -0.70095
9.250 -39.250 -0.70761
9.250 -38.750 -0.71370
9.250 -38.250 -0.71916
9.250 -37.750 -0.72394
9.250 -37.250 -0.72799
9.250 -36.750 -0.73126
9.250 -36.250 -0.73369
9.250 -35.750 -0.73524
9.250 -35.250 -0.73583
9.250 -34.750 -0.73542
9.250 -34.250 -0.73395
9.250 -33.750 -0.73137
9.250 -33.250 -0.72761
9.250 -32.750 -0.72262
9.250 -32.250 -0.71635
9.250 -31.750 -0.70875
9.250 -31.250 -0.69976
9.250 -30.750 -0.68934
9.250 -30.250 -0.67744
9.250 -29.750 -0.66402
9.250 -29.250 -0.64905
9.250 -28.750 -0.63248
9.250 -28.250 -0.61429
9.250 -27.750 -0.59445
9.250 -27.250 -0.57296
9.250 -26.750 -0.54979
9.250 -26.250 -0.52493
9.250 -25.750 -0.49840
9.250 -25.250 -0.47019
9.250 -24.750 -0.44033
9.250 -24.250 -0.40882
9.250 -23.750 -0.37572
9.250 -23.250 -0.34104
9.250 -22.750 -0.30484
9.250 -22.250 -0.26716
9.250 -21.750 -0.22808
9.250 -21.250 -0.18765
9.250 -20.750 -0.14595
9.250 -20.250 -0.10306
9.250 -19.750 -0.05907
9.250 -19.250 -0.01408
9.250 -18.750  0.03182
9.250 -18.250  0.07852
9.250 -17.750  0.12591
9.250 -17.250  0.17387
9.250 -16.750  0.22229
9.250 -16.250  0.27105
9.250 -15.750  0.32001
9.250 -15.250  0.36907
9.250 -14.750  0.41808
9.250 -14.250  0.46692
9.250 -13.750  0.51547
9.250 -13.250  0.56359
9.250 -12.750  0.61116
9.250 -12.250  0.65804
9.250 -11.750  0.70413
9.250 -11.250  0.74929
9.250 -10.750  0.79340
9.250 -10.250  0.83636
9.250 -9.750  0.87804
9.250 -9.250  0.91834
9.250 -8.750  0.95716
9.250 -8.250  0.99439
9.250 -7.750  1.02994
9.250 -7.250  1.06372
9.250 -6.750  1.09564
9.250 -6.250  1.12562
9.250 -5.750  1.15359
9.250 -5.250  1.17948
9.250 -4.750  1.20321
9.250 -4.250  1.22475
9.250 -3.750  1.24402
9.250 -3.250  1.26099
9.250 -2.750  1.27561
9.250 -2.250  1.28785
9.250 -1.750  1.29768
9.250 -1.250  1.30507
9.250 -0.750  1.31000
9.250 -0.250  1.31247
9.250 0.250  1.31247
9.250 0.750  1.31000
9.250 1.250  1.30507
9.250 1.750  1.29768
9.250 2.250  1.28785
9.250 2.750  1.27561
9.250 3.250  1.26099
9.250 3.750  1.24402
9.250 4.250  1.22475
9.250 4.750  1.20321
9.250 5.250  1.17948
9.250 5.750  1.15359
9.250 6.250  1.12562
9.250 6.750  1.09564
9.250 7.250  1.06372
9.250 7.750  1.02994
9.250 8.250  0.99439
9.250 8.750  0.95716
9.250 9.250  0.91834
9.250 9.750  0.87804
9.250 10.250  0.83636
9.250 10.750  0.79340
9.250 11.250  0.74929
9.250 11.750  0.70413
9.250 12.250  0.65804
9.250 12.750  0.61116
9.250 13.250  0.56359
9.250 13.750  0.51547
9.250 14.250  0.46692
9.250 14.750  0.41808
9.250 15.250  0.36907
9.250 15.750  0.32001
9.250 16.250  0.27105
9.250 16.750  0.22229
9.250 17.250  0.17387
9.250 17.750  0.12591
9.250 18.250  0.07852
9.250 18.750  0.03182
9.250 19.250 -0.01408
9.250 19.750 -0.05907
9.250 20.250 -0.10306
9.250 20.750 -0.14595
9.250 21.250 -0.18765
9.250 21.750 -0.22808
9.250 22.250 -0.26716
9.250 22.750 -0.30484
9.250 23.250 -0.34104
9.250 23.750 -0.37572
9.250 24.250 -0.40882
9.250 24.750 -0.44033
9.250 25.250 -0.47019
9.250 25.750 -0.49840
9.250 26.250 -0.52493
9.250 26.750 -0.54979
9.250 27.250 -0.57296
9.250 27.750 -0.59445
9.250 28.250 -0.61429
9.250 28.750 -0.63248
9.250 29.250 -0.64905
9.250 29.750 -0.66402
9.250 30.250 -0.67744
9.250 30.750 -0.68934
9.250 31.250 -0.69976
9.250 31.750 -0.70875
9.250 32.250 -0.71635
9.250 32.750 -0.72262
9.250 33.250 -0.72761
9.250 33.750 -0.73137
9.250 34.250 -0.73395
9.250 34.750 -0.73542
9.250 35.250 -0.73583
9.250 35.750 -0.73524
9.250 36.250 -0.73369
9.250 36.750 -0.73126
9.250 37.250 -0.72799
9.250 37.750 -0.72394
9.250 38.250 -0.71916
9.250 38.750 -0.71370
9.250 39.250 -0.70761
9.250 39.750 -0.70095
9.250 40.250 -0.69376
9.250 40.750 -0.68608
9.250 41.250 -0.67796
9.250 41.750 -0.66944
9.250 42.250 -0.66056
9.250 42.750 -0.65136
9.250 43.250 -0.64187
9.250 43.750 -0.63213
9.250 44.250 -0.62218
9.250 44.750 -0.61203
9.750 -44.750 -0.61706
9.750 -44.250 -0.62771
9.750 -43.750 -0.63819
9.750 -43.250 -0.64848
9.750 -42.750 -0.65853
9.750 -42.250 -0.66832
9.750 -41.750 -0.67781
9.750 -41.250 -0.68695
9.750 -40.750 -0.69571
9.750 -40.250 -0.70404
9.750 -39.750 -0.71190
9.750 -39.250 -0.71925
9.750 -38.750 -0.72603
9.750 -38.250 -0.73219
9.750 -37.750 -0.73767
9.750 -37.250 -0.74244
9.750 -36.750 -0.74642
9.750 -36.250 -0.74956
9.750 -35.750 -0.75181
9.750 -35.250 -0.75310
9.750 -34.750 -0.75337
9.750 -34.250 -0.75257
9.750 -33.750 -0.75063
9.750 -33.250 -0.74748
9.750 -32.750 -0.74309
9.750 -32.250 -0.73737
9.750 -31.750 -0.73028
9.750 -31.250 -0.72177
9.750 -30.750 -0.71177
9.750 -30.250 -0.70024
9.750 -29.750 -0.68713
9.750 -29.250 -0.67240
9.750 -28.750 -0.65601
9.750 -28.250 -0.63793
9.750 -27.750 -0.61813
9.750 -27.250 -0.59659
9.750 -26.750 -0.57329
9.750 -26.250 -0.54822
9.750 -25.750 -0.52139
9.750 -25.250 -0.49279
9.750 -24.750 -0.46244
9.750 -24.250 -0.43036
9.750 -23.750 -0.39659
9.750 -23.250 -0.36115
9.750 -22.750 -0.32410
9.750 -22.250 -0.28548
9.750 -21.750 -0.24537
9.750 -21.250 -0.20382
9.750 -20.750 -0.16093
9.750 -20.250 -0.11677
9.750 -19.750 -0.07143
9.750 -19.250 -0.02502
9.750 -18.750  0.02237
9.750 -18.250  0.07061
9.750 -17.750  0.11959
9.750 -17.250  0.16920
9.750 -16.750  0.21930
9.750 -16.250  0.26978
9.750 -15.750  0.32049
9.750 -15.250  0.37131
9.750 -14.750  0.42210
9.750 -14.250  0.47273
9.750 -13.750  0.52306
9.750 -13.250  0.57296
9.750 -12.750  0.62230
9.750 -12.250  0.67093
9.750 -11.750  0.71874
9.750 -11.250  0.76559
9.750 -10.750  0.81136
9.750 -10.250  0.85593
9.750 -9.750  0.89918
9.750 -9.250  0.94100
9.750 -8.750  0.98128
9.750 -8.250  1.01991
9.750 -7.750  1.05679
9.750 -7.250  1.09183
9.750 -6.750  1.12495
9.750 -6.250  1.15606
9.750 -5.750  1.18507
9.750 -5.250  1.21192
9.750 -4.750  1.23655
9.750 -4.250  1.25888
9.750 -3.750  1.27887
9.750 -3.250  1.29647
9.750 -2.750  1.31163
9.750 -2.250  1.32433
9.750 -1.750  1.33452
9.750 -1.250  1.34218
9.750 -0.750  1.34730
9.750 -0.250  1.34986
9.750 0.250  1.34986
9.750 0.750  1.34730
9.750 1.250  1.34218
9.750 1.750  1.33452
9.750 2.250  1.32433
9.750 2.750  1.31163
9.750 3.250  1.29647
9.750 3.750  1.27887
9.750 4.250  1.25888
9.750 4.750  1.23655
9.750 5.250  1.21192
9.750 5.750  1.18507
9.750 6.250  1.15606
9.750 6.750  1.12495
9.750 7.250  1.09183
9.750 7.750  1.05679
9.750 8.250  1.01991
9.750 8.750  0.98128
9.750 9.250  0.94100
9.750 9.750  0.89918
9.750 10.250  0.85593
9.750 10.750  0.81136
9.750 11.250  0.76559
9.750 11.750  0.71874
9.750 12.250  0.67093
9.750 12.750  0.62230
9.750 13.250  0.57296
9.750 13.750  0.52306
9.750 14.250  0.47273
9.750 14.750  0.42210
9.750 15.250  0.37131
9.750 15.750  0.32049
9.750 16.250  0.26978
9.750 16.750  0.21930
9.750 17.250  0.16920
9.750 17.750  0.11959
9.750 18.250  0.07061
9.750 18.750  0.02237
9.750 19.250 -0.02502
9.750 19.750 -0.07143
9.750 20.250 -0.11677
9.750 20.750 -0.16093
9.750 21.250 -0.20382
9.750 21.750 -0.24537
9.750 22.250 -0.28548
9.750 22.750 -0.32410
9.750 23.250 -0.36115
9.750 23.750 -0.39659
9.750 24.250 -0.43036
9.750 24.750 -0.46244
9.750 25.250 -0.49279
9.750 25.750 -0.52139
9.750 26.250 -0.54822
9.750 26.750 -0.57329
9.750 27.250 -0.59659
9.750 27.750 -0.61813
9.750 28.250 -0.63793
9.750 28.750 -0.65601
9.750 29.250 -0.67240
9.750 29.750 -0.68713
9.750 30.250 -0.70024
9.750 30.750 -0.71177
9.750 31.250 -0.72177
9.750 31.750 -0.73028
9.750 32.250 -0.73737
9.750 32.750 -0.74309
9.750 33.250 -0.74748
9.750 33.750 -0.75063
9.750 34.250 -0.75257
9.750 34.750 -0.75337
9.750 35.250 -0.75310
9.750 35.750 -0.75181
9.750 36.250 -0.74956
9.750 36.750 -0.74642
9.750 37.250 -0.74244
9.750 37.750 -0.73767
9.750 38.250 -0.73219
9.750 38.750 -0.72603
9.750 39.250 -0.71925
9.750 39.750 -0.71190
9.750 40.250 -0.70404
9.750 40.750 -0.69571
9.750 41.250 -0.68695
9.750 41.750 -0.67781
9.750 42.250 -0.66832
9.750 42.750 -0.65853
9.750 43.250 -0.64848
9.750 43.750 -0.63819
9.750 44.250 -0.62771
9.750 44.750 -0.61706
10.250 -44.750 -0.62223
10.250 -44.250 -0.63341
10.250 -43.750 -0.64445
10.250 -43.250 -0.65532
10.250 -42.750 -0.66597
10.250 -42.250 -0.67638
10.250 -41.750 -0.68651
10.250 -41.250 -0.69632
10.250 -40.750 -0.70576
10.250 -40.250 -0.71480
10.250 -39.750 -0.72338
10.250 -39.250 -0.73145
10.250 -38.750 -0.73897
10.250 -38.250 -0.74589
10.250 -37.750 -0.75214
10.250 -37.250 -0.75767
10.250 -36.750 -0.76242
10.250 -36.250 -0.76633
10.250 -35.750 -0.76934
10.250 -35.250 -0.77138
10.250 -34.750 -0.77240
10.250 -34.250 -0.77232
10.250 -33.750 -0.77108
10.250 -33.250 -0.76862
10.250 -32.750 -0.76487
10.250 -32.250 -0.75976
10.250 -31.750 -0.75325
10.250 -31.250 -0.74525
10.250 -30.750 -0.73573
10.250 -30.250 -0.72461
10.250 -29.750 -0.71185
10.250 -29.250 -0.69741
10.250 -28.750 -0.68124
10.250 -28.250 -0.66329
10.250 -27.750 -0.64355
10.250 -27.250 -0.62198
10.250 -26.750 -0.59856
10.250 -26.250 -0.57328
10.250 -25.750 -0.54614
10.250 -25.250 -0.51714
10.250 -24.750 -0.48629
10.250 -24.250 -0.45361
10.250 -23.750 -0.41913
10.250 -23.250 -0.38288
10.250 -22.750 -0.34493
10.250 -22.250 -0.30531
10.250 -21.750 -0.26409
10.250 -21.250 -0.22136
10.250 -20.750 -0.17718
10.250 -20.250 -0.13165
10.250 -19.750 -0.08486
10.250 -19.250 -0.03693
10.250 -18.750  0.01205
10.250 -18.250  0.06195
10.250 -17.750  0.11265
10.250 -17.250  0.16403
10.250 -16.750  0.21594
10.250 -16.250  0.26827
10.250 -15.750  0.32086
10.250 -15.250  0.37358
10.250 -14.750  0.42628
10.250 -14.250  0.47883
10.250 -13.750  0.53109
10.250 -13.250  0.58290
10.250 -12.750  0.63414
10.250 -12.250  0.68465
10.250 -11.750  0.73431
10.250 -11.250  0.78298
10.250 -10.750  0.83053
10.250 -10.250  0.87683
10.250 -9.750  0.92176
10.250 -9.250  0.96520
10.250 -8.750  1.00704
10.250 -8.250  1.04717
10.250 -7.750  1.08548
10.250 -7.250  1.12188
10.250 -6.750  1.15628
10.250 -6.250  1.18858
10.250 -5.750  1.21871
10.250 -5.250  1.24660
10.250 -4.750  1.27217
10.250 -4.250  1.29536
10.250 -3.750  1.31611
10.250 -3.250  1.33439
10.250 -2.750  1.35013
10.250 -2.250  1.36331
10.250 -1.750  1.37389
10.250 -1.250  1.38184
10.250 -0.750  1.38716
10.250 -0.250  1.38982
10.250 0.250  1.38982
10.250 0.750  1.38716
10.250 1.250  1.38184
10.250 1.750  1.37389
10.250 2.250  1.36331
10.250 2.750  1.35013
10.250 3.250  1.33439
10.250 3.750  1.31611
10.250 4.250  1.29536
10.250 4.750  1.27217
10.250 5.250  1.24660
10.250 5.750  1.21871
10.250 6.250  1.18858
10.250 6.750  1.15628
10.250 7.250  1.12188
10.250 7.750  1.08548
10.250 8.250  1.04717
10.250 8.750  1.00704
10.250 9.250  0.96520
10.250 9.750  0.92176
10.250 10.250  0.87683
10.250 10.750  0.83053
10.250 11.250  0.78298
10.250 11.750  0.73431
10.250 12.250  0.68465
10.250 12.750  0.63414
10.250 13.250  0.58290
10.250 13.750  0.53109
10.250 14.250  0.47883
10.250 14.750  0.42628
10.250 15.250  0.37358
10.250 15.750  0.32086
10.250 16.250  0.26827
10.250 16.750  0.21594
10.250 17.250  0.16403
10.250 17.750  0.11265
10.250 18.250  0.06195
10.250 18.750  0.01205
10.250 19.250 -0.03693
10.250 19.750 -0.08486
10.250 20.250 -0.13165
10.250 20.750 -0.17718
10.250 21.250 -0.22136
10.250 21.750 -0.26409
10.250 22.250 -0.30531
10.250 22.750 -0.34493
10.250 23.250 -0.38288
10.250 23.750 -0.41913
10.250 24.250 -0.45361
10.250 24.750 -0.48629
10.250 25.250 -0.51714
10.250 25.750 -0.54614
10.250 26.250 -0.57328
10.250 26.750 -0.59856
10.250 27.250 -0.62198
10.250 27.750 -0.64355
10.250 28.250 -0.66329
10.250 28.750 -0.68124
10.250 29.250 -0.69741
10.250 29.750 -0.71185
10.250 30.250 -0.72461
10.250 30.750 -0.73573
10.250 31.250 -0.74525
10.250 31.750 -0.75325
10.250 32.250 -0.75976
10.250 32.750 -0.76487
10.250 33.250 -0.76862
10.250 33.750 -0.77108
10.250 34.250 -0.77232
10.250 34.750 -0.77240
10.250 35.250 -0.77138
10.250 35.750 -0.76934
10.250 36.250 -0.76633
10.250 36.750 -0.76242
10.250 37.250 -0.75767
10.250 37.750 -0.75214
10.250 38.250 -0.74589
10.250 38.750 -0.73897
10.250 39.250 -0.73145
10.250 39.750 -0.72338
10.250 40.250 -0.71480
10.250 40.750 -0.70576
10.250 41.250 -0.69632
10.250 41.750 -0.68651
10.250 42.250 -0.67638
10.250 42.750 -0.66597
10.250 43.250 -0.65532
10.250 43.750 -0.64445
10.250 44.250 -0.63341
10.250 44.750 -0.62223
10.750 -44.750 -0.62751
10.750 -44.250 -0.63926
10.750 -43.750 -0.65089
10.750 -43.250 -0.66237
10.750 -42.750 -0.67366
10.750 -42.250 -0.68473
10.750 -41.750 -0.69554
10.750 -41.250 -0.70606
10.750 -40.750 -0.71622
10.750 -40.250 -0.72601
10.750 -39.750 -0.73535
10.750 -39.250 -0.74421
10.750 -38.750 -0.75253
10.750 -38.250 -0.76025
10.750 -37.750 -0.76732
10.750 -37.250 -0.77367
10.750 -36.750 -0.77926
10.750 -36.250 -0.78400
10.750 -35.750 -0.78783
10.750 -35.250 -0.79070
10.750 -34.750 -0.79252
10.750 -34.250 -0.79323
10.750 -33.750 -0.79276
10.750 -33.250 -0.79104
10.750 -32.750 -0.78800
10.750 -32.250 -0.78357
10.750 -31.750 -0.77768
10.750 -31.250 -0.77027
10.750 -30.750 -0.76127
10.750 -30.250 -0.75062
10.750 -29.750 -0.73827
10.750 -29.250 -0.72416
10.750 -28.750 -0.70823
10.750 -28.250 -0.69046
10.750 -27.750 -0.67080
10.750 -27.250 -0.64921
10.750 -26.750 -0.62569
10.750 -26.250 -0.60020
10.750 -25.750 -0.57275
10.750 -25.250 -0.54333
10.750 -24.750 -0.51196
10.750 -24.250 -0.47865
10.750 -23.750 -0.44343
10.750 -23.250 -0.40633
10.750 -22.750 -0.36741
10.750 -22.250 -0.32673
10.750 -21.750 -0.28434
10.750 -21.250 -0.24033
10.750 -20.750 -0.19478
10.750 -20.250 -0.14779
10.750 -19.750 -0.09945
10.750 -19.250 -0.04988
10.750 -18.750  0.00081
10.750 -18.250  0.05249
10.750 -17.750  0.10504
10.750 -17.250  0.15831
10.750 -16.750  0.21218
10.750 -16.250  0.26649
10.750 -15.750  0.32110
10.750 -15.250  0.37586
10.750 -14.750  0.43062
10.750 -14.250  0.48524
10.750 -13.750  0.53955
10.750 -13.250  0.59342
10.750 -12.750  0.64670
10.750 -12.250  0.69923
10.750 -11.750  0.75087
10.750 -11.250  0.80149
10.750 -10.750  0.85094
10.750 -10.250  0.89909
10.750 -9.750  0.94582
10.750 -9.250  0.99100
10.750 -8.750  1.03451
10.750 -8.250  1.07624
10.750 -7.750  1.11608
10.750 -7.250  1.15393
10.750 -6.750  1.18970
10.750 -6.250  1.22328
10.750 -5.750  1.25461
10.750 -5.250  1.28359
10.750 -4.750  1.31017
10.750 -4.250  1.33427
10.750 -3.750  1.35584
10.750 -3.250  1.37483
10.750 -2.750  1.39119
10.750 -2.250  1.40489
10.750 -1.750  1.41588
10.750 -1.250  1.42414
10.750 -0.750  1.42967
10.750 -0.250  1.43243
10.750 0.250  1.43243
10.750 0.750  1.42967
10.750 1.250  1.42414
10.750 1.750  1.41588
10.750 2.250  1.40489
10.750 2.750  1.39119
10.750 3.250  1.37483
10.750 3.750  1.35584
10.750 4.250  1.33427
10.750 4.750  1.31017
10.750 5.250  1.28359
10.750 5.750  1.25461
10.750 6.250  1.22328
10.750 6.750  1.18970
10.750 7.250  1.15393
10.750 7.750  1.11608
10.750 8.250  1.07624
10.750 8.750  1.03451
10.750 9.250  0.99100
10.750 9.750  0.94582
10.750 10.250  0.89909
10.750 10.750  0.85094
10.750 11.250  0.80149
10.750 11.750  0.75087
10.750 12.250  0.69923
10.750 12.750  0.64670
10.750 13.250  0.59342
10.750 13.750  0.53955
10.750 14.250  0.48524
10.750 14.750  0.43062
10.750 15.250  0.37586
10.750 15.750  0.32110
10.750 16.250  0.26649
10.750 16.750  0.21218
10.750 17.250  0.15831
10.750 17.750  0.10504
10.750 18.250  0.05249
10.750 18.750  0.00081
10.750 19.250 -0.04988
10.750 19.750 -0.09945
10.750 20.250 -0.14779
10.750 20.750 -0.19478
10.750 21.250 -0.24033
10.750 21.750 -0.28434
10.750 22.250 -0.32673
10.750 22.750 -0.36741
10.750 23.250 -0.40633
10.750 23.750 -0.44343
10.750 24.250 -0.47865
10.750 24.750 -0.51196
10.750 25.250 -0.54333
10.750 25.750 -0.57275
10.750 26.250 -0.60020
10.750 26.750 -0.62569
10.750 27.250 -0.64921
10.750 27.750 -0.67080
10.750 28.250 -0.69046
10.750 28.750 -0.70823
10.750 29.250 -0.72416
10.750 29.750 -0.73827
10.750 30.250 -0.75062
10.750 30.750 -0.76127
10.750 31.250 -0.77027
10.750 31.750 -0.77768
10.750 32.250 -0.78357
10.750 32.750 -0.78800
10.750 33.250 -0.79104
10.750 33.750 -0.79276
10.750 34.250 -0.79323
10.750 34.750 -0.79252
10.750 35.250 -0.79070
10.750 35.750 -0.78783
10.750 36.250 -0.78400
10.750 36.750 -0.77926
10.750 37.250 -0.77367
10.750 37.750 -0.76732
10.750 38.250 -0.76025
10.750 38.750 -0.75253
10.750 39.250 -0.74421
10.750 39.750 -0.73535
10.750 40.250 -0.72601
10.750 40.750 -0.71622
10.750 41.250 -0.70606
10.750 41.750 -0.69554
10.750 42.250 -0.68473
10.750 42.750 -0.67366
10.750 43.250 -0.66237
10.750 43.750 -0.65089
10.750 44.250 -0.63926
10.750 44.750 -0.62751
11.250 -44.750 -0.63288
11.250 -44.250 -0.64523
11.250 -43.750 -0.65748
11.250 -43.250 -0.66960
11.250 -42.750 -0.68156
11.250 -42.250 -0.69333
11.250 -41.750 -0.70487
11.250 -41.250 -0.71613
11.250 -40.750 -0.72708
11.250 -40.250 -0.73765
11.250 -39.750 -0.74781
11.250 -39.250 -0.75751
11.250 -38.750 -0.76668
11.250 -38.250 -0.77527
11.250 -37.750 -0.78321
11.250 -37.250 -0.79046
11.250 -36.750 -0.79693
11.250 -36.250 -0.80257
11.250 -35.750 -0.80730
11.250 -35.250 -0.81105
11.250 -34.750 -0.81375
11.250 -34.250 -0.81532
11.250 -33.750 -0.81569
11.250 -33.250 -0.81479
11.250 -32.750 -0.81253
11.250 -32.250 -0.80884
11.250 -31.750 -0.80365
11.250 -31.250 -0.79688
11.250 -30.750 -0.78847
11.250 -30.250 -0.77835
11.250 -29.750 -0.76645
11.250 -29.250 -0.75271
11.250 -28.750 -0.73708
11.250 -28.250 -0.71951
11.250 -27.750 -0.69996
11.250 -27.250 -0.67840
11.250 -26.750 -0.65478
11.250 -26.250 -0.62910
11.250 -25.750 -0.60133
11.250 -25.250 -0.57149
11.250 -24.750 -0.53957
11.250 -24.250 -0.50560
11.250 -23.750 -0.46960
11.250 -23.250 -0.43161
11.250 -22.750 -0.39167
11.250 -22.250 -0.34985
11.250 -21.750 -0.30622
11.250 -21.250 -0.26085
11.250 -20.750 -0.21383
11.250 -20.250 -0.16527
11.250 -19.750 -0.11527
11.250 -19.250 -0.06394
11.250 -18.750 -0.01142
11.250 -18.250  0.04217
11.250 -17.750  0.09670
11.250 -17.250  0.15201
11.250 -16.750  0.20796
11.250 -16.250  0.26441
11.250 -15.750  0.32118
11.250 -15.250  0.37814
11.250 -14.750  0.43511
11.250 -14.250  0.49194
11.250 -13.750  0.54847
11.250 -13.250  0.60454
11.250 -12.750  0.66000
11.250 -12.250  0.71469
11.250 -11.750  0.76846
11.250 -11.250  0.82116
11.250 -10.750  0.87265
11.250 -10.250  0.92279
11.250 -9.750  0.97144
11.250 -9.250  1.01848
11.250 -8.750  1.06377
11.250 -8.250  1.10721
11.250 -7.750  1.14868
11.250 -7.250  1.18808
11.250 -6.750  1.22529
11.250 -6.250  1.26024
11.250 -5.750  1.29284
11.250 -5.250  1.32299
11.250 -4.750  1.35064
11.250 -4.250  1.37572
11.250 -3.750  1.39816
11.250 -3.250  1.41791
11.250 -2.750  1.43492
11.250 -2.250  1.44916
11.250 -1.750  1.46060
11.250 -1.250  1.46919
11.250 -0.750  1.47494
11.250 -0.250  1.47781
11.250 0.250  1.47781
11.250 0.750  1.47494
11.250 1.250  1.46919
11.250 1.750  1.46060
11.250 2.250  1.44916
11.250 2.750  1.43492
11.250 3.250  1.41791
11.250 3.750  1.39816
11.250 4.250  1.37572
11.250 4.750  1.35064
11.250 5.250  1.32299
11.250 5.750  1.29284
11.250 6.250  1.26024
11.250 6.750  1.22529
11.250 7.250  1.18808
11.250 7.750  1.14868
11.250 8.250  1.10721
11.250 8.750  1.06377
11.250 9.250  1.01848
11.250 9.750  0.97144
11.250 10.250  0.92279
11.250 10.750  0.87265
11.250 11.250  0.82116
11.250 11.750  0.76846
11.250 12.250  0.71469
11.250 12.750  0.66000
11.250 13.250  0.60454
11.250 13.750  0.54847
11.250 14.250  0.49194
11.250 14.750  0.43511
11.250 15.250  0.37814
11.250 15.750  0.32118
11.250 16.250  0.26441
11.250 16.750  0.20796
11.250 17.250  0.15201
11.250 17.750  0.09670
11.250 18.250  0.04217
11.250 18.750 -0.01142
11.250 19.250 -0.06394
11.250 19.750 -0.11527
11.250 20.250 -0.16527
11.250 20.750 -0.21383
11.250 21.250 -0.26085
11.250 21.750 -0.30622
11.250 22.250 -0.34985
11.250 22.750 -0.39167
11.250 23.250 -0.43161
11.250 23.750 -0.46960
11.250 24.250 -0.50560
11.250 24.750 -0.53957
11.250 25.250 -0.57149
11.250 25.750 -0.60133
11.250 26.250 -0.62910
11.250 26.750 -0.65478
11.250 27.250 -0.67840
11.250 27.750 -0.69996
11.250 28.250 -0.71951
11.250 28.750 -0.73708
11.250 29.250 -0.75271
11.250 29.750 -0.76645
11.250 30.250 -0.77835
11.250 30.750 -0.78847
11.250 31.250 -0.79688
11.250 31.750 -0.80365
11.250 32.250 -0.80884
11.250 32.750 -0.81253
11.250 33.250 -0.81479
11.250 33.750 -0.81569
11.250 34.250 -0.81532
11.250 34.750 -0.81375
11.250 35.250 -0.81105
11.250 35.750 -0.80730
11.250 36.250 -0.80257
11.250 36.750 -0.79693
11.250 37.250 -0.79046
11.250 37.750 -0.78321
11.250 38.250 -0.77527
11.250 38.750 -0.76668
11.250 39.250 -0.75751
11.250 39.750 -0.74781
11.250 40.250 -0.73765
11.250 40.750 -0.72708
11.250 41.250 -0.71613
11.250 41.750 -0.70487
11.250 42.250 -0.69333
11.250 42.750 -0.68156
11.250 43.250 -0.66960
11.250 43.750 -0.65748
11.250 44.250 -0.64523
11.250 44.750 -0.63288
11.750 -44.750 -0.63832
11.750 -44.250 -0.65129
11.750 -43.750 -0.66419
11.750 -43.250 -0.67699
11.750 -42.750 -0.68966
11.750 -42.250 -0.70217
11.750 -41.750 -0.71447
11.750 -41.250 -0.72653
11.750 -40.750 -0.73829
11.750 -40.250 -0.74971
11.750 -39.750 -0.76074
11.750 -39.250 -0.77132
11.750 -38.750 -0.78141
11.750 -38.250 -0.79092
11.750 -37.750 -0.79981
11.750 -37.250 -0.80801
11.750 -36.750 -0.81545
11.750 -36.250 -0.82205
11.750 -35.750 -0.82774
11.750 -35.250 -0.83246
11.750 -34.750 -0.83611
11.750 -34.250 -0.83862
11.750 -33.750 -0.83990
11.750 -33.250 -0.83988
11.750 -32.750 -0.83848
11.750 -32.250 -0.83561
11.750 -31.750 -0.83118
11.750 -31.250 -0.82514
11.750 -30.750 -0.81738
11.750 -30.250 -0.80784
11.750 -29.750 -0.79646
11.750 -29.250 -0.78315
11.750 -28.750 -0.76787
11.750 -28.250 -0.75055
11.750 -27.750 -0.73115
11.750 -27.250 -0.70963
11.750 -26.750 -0.68594
11.750 -26.250 -0.66007
11.750 -25.750 -0.63200
11.750 -25.250 -0.60172
11.750 -24.750 -0.56925
11.750 -24.250 -0.53459
11.750 -23.750 -0.49777
11.750 -23.250 -0.45882
11.750 -22.750 -0.41781
11.750 -22.250 -0.37479
11.750 -21.750 -0.32983
11.750 -21.250 -0.28301
11.750 -20.750 -0.23443
11.750 -20.250 -0.18420
11.750 -19.750 -0.13242
11.750 -19.250 -0.07921
11.750 -18.750 -0.02472
11.750 -18.250  0.03092
11.750 -17.750  0.08757
11.750 -17.250  0.14507
11.750 -16.750  0.20326
11.750 -16.250  0.26199
11.750 -15.750  0.32109
11.750 -15.250  0.38039
11.750 -14.750  0.43973
11.750 -14.250  0.49894
11.750 -13.750  0.55784
11.750 -13.250  0.61627
11.750 -12.750  0.67407
11.750 -12.250  0.73107
11.750 -11.750  0.78711
11.750 -11.250  0.84205
11.750 -10.750  0.89571
11.750 -10.250  0.94797
11.750 -9.750  0.99867
11.750 -9.250  1.04769
11.750 -8.750  1.09489
11.750 -8.250  1.14015
11.750 -7.750  1.18335
11.750 -7.250  1.22439
11.750 -6.750  1.26316
11.750 -6.250  1.29956
11.750 -5.750  1.33350
11.750 -5.250  1.36491
11.750 -4.750  1.39370
11.750 -4.250  1.41980
11.750 -3.750  1.44316
11.750 -3.250  1.46372
11.750 -2.750  1.48143
11.750 -2.250  1.49625
11.750 -1.750  1.50815
11.750 -1.250  1.51710
11.750 -0.750  1.52308
11.750 -0.250  1.52607
11.750 0.250  1.52607
11.750 0.750  1.52308
11.750 1.250  1.51710
11.750 1.750  1.50815
11.750 2.250  1.49625
11.750 2.750  1.48143
11.750 3.250  1.46372
11.750 3.750  1.44316
11.750 4.250  1.41980
11.750 4.750  1.39370
11.750 5.250  1.36491
11.750 5.750  1.33350
11.750 6.250  1.29956
11.750 6.750  1.26316
11.750 7.250  1.22439
11.750 7.750  1.18335
11.750 8.250  1.14015
11.750 8.750  1.09489
11.750 9.250  1.04769
11.750 9.750  0.99867
11.750 10.250  0.94797
11.750 10.750  0.89571
11.750 11.250  0.84205
11.750 11.750  0.78711
11.750 12.250  0.73107
11.750 12.750  0.67407
11.750 13.250  0.61627
11.750 13.750  0.55784
11.750 14.250  0.49894
11.750 14.750  0.43973
11.750 15.250  0.38039
11.750 15.750  0.32109
11.750 16.250  0.26199
11.750 16.750  0.20326
11.750 17.250  0.14507
11.750 17.750  0.08757
11.750 18.250  0.03092
11.750 18.750 -0.02472
11.750 19.250 -0.07921
11.750 19.750 -0.13242
11.750 20.250 -0.18420
11.750 20.750 -0.23443
11.750 21.250 -0.28301
11.750 21.750 -0.32983
11.750 22.250 -0.37479
11.750 22.750 -0.41781
11.750 23.250 -0.45882
11.750 23.750 -0.49777
11.750 24.250 -0.53459
11.750 24.750 -0.56925
11.750 25.250 -0.60172
11.750 25.750 -0.63200
11.750 26.250 -0.66007
11.750 26.750 -0.68594
11.750 27.250 -0.70963
11.750 27.750 -0.73115
11.750 28.250 -0.75055
11.750 28.750 -0.76787
11.750 29.250 -0.78315
11.750 29.750 -0.79646
11.750 30.250 -0.80784
11.750 30.750 -0.81738
11.750 31.250 -0.82514
11.750 31.750 -0.83118
11.750 32.250 -0.83561
11.750 32.750 -0.83848
11.750 33.250 -0.83988
11.750 33.750 -0.83990
11.750 34.250 -0.83862
11.750 34.750 -0.83611
11.750 35.250 -0.83246
11.750 35.750 -0.82774
11.750 36.250 -0.82205
11.750 36.750 -0.81545
11.750 37.250 -0.80801
11.750 37.750 -0.79981
11.750 38.250 -0.79092
11.750 38.750 -0.78141
11.750 39.250 -0.77132
11.750 39.750 -0.76074
11.750 40.250 -0.74971
11.750 40.750 -0.73829
11.750 41.250 -0.72653
11.750 41.750 -0.71447
11.750 42.250 -0.70217
11.750 42.750 -0.68966
11.750 43.250 -0.67699
11.750 43.750 -0.66419
11.750 44.250 -0.65129
11.750 44.750 -0.63832
12.250 -44.750 -0.64380
12.250 -44.250 -0.65741
12.250 -43.750 -0.67099
12.250 -43.250 -0.68451
12.250 -42.750 -0.69793
12.250 -42.250 -0.71122
12.250 -41.750 -0.72433
12.250 -41.250 -0.73722
12.250 -40.750 -0.74985
12.250 -40.250 -0.76216
12.250 -39.750 -0.77412
12.250 -39.250 -0.78565
12.250 -38.750 -0.79670
12.250 -38.250 -0.80721
12.250 -37.750 -0.81710
12.250 -37.250 -0.82632
12.250 -36.750 -0.83479
12.250 -36.250 -0.84244
12.250 -35.750 -0.84917
12.250 -35.250 -0.85492
12.250 -34.750 -0.85961
12.250 -34.250 -0.86313
12.250 -33.750 -0.86541
12.250 -33.250 -0.86637
12.250 -32.750 -0.86590
12.250 -32.250 -0.86392
12.250 -31.750 -0.86035
12.250 -31.250 -0.85510
12.250 -30.750 -0.84807
12.250 -30.250 -0.83920
12.250 -29.750 -0.82839
12.250 -29.250 -0.81558
12.250 -28.750 -0.80070
12.250 -28.250 -0.78368
12.250 -27.750 -0.76447
12.250 -27.250 -0.74302
12.250 -26.750 -0.71928
12.250 -26.250 -0.69324
12.250 -25.750 -0.66487
12.250 -25.250 -0.63416
12.250 -24.750 -0.60111
12.250 -24.250 -0.56573
12.250 -23.750 -0.52805
12.250 -23.250 -0.48812
12.250 -22.750 -0.44597
12.250 -22.250 -0.40167
12.250 -21.750 -0.35530
12.250 -21.250 -0.30694
12.250 -20.750 -0.25669
12.250 -20.250 -0.20467
12.250 -19.750 -0.15098
12.250 -19.250 -0.09577
12.250 -18.750 -0.03918
12.250 -18.250  0.01866
12.250 -17.750  0.07758
12.250 -17.250  0.13743
12.250 -16.750  0.19803
12.250 -16.250  0.25921
12.250 -15.750  0.32080
12.250 -15.250  0.38262
12.250 -14.750  0.44449
12.250 -14.250  0.50624
12.250 -13.750  0.56768
12.250 -13.250  0.62864
12.250 -12.750  0.68894
12.250 -12.250  0.74841
12.250 -11.750  0.80688
12.250 -11.250  0.86420
12.250 -10.750  0.92019
12.250 -10.250  0.97470
12.250 -9.750  1.02759
12.250 -9.250  1.07872
12.250 -8.750  1.12795
12.250 -8.250  1.17515
12.250 -7.750  1.22020
12.250 -7.250  1.26298
12.250 -6.750  1.30339
12.250 -6.250  1.34134
12.250 -5.750  1.37671
12.250 -5.250  1.40944
12.250 -4.750  1.43943
12.250 -4.250  1.46663
12.250 -3.750  1.49097
12.250 -3.250  1.51238
12.250 -2.750  1.53083
12.250 -2.250  1.54627
12.250 -1.750  1.55866
12.250 -1.250  1.56798
12.250 -0.750  1.57420
12.250 -0.250  1.57732
12.250 0.250  1.57732
12.250 0.750  1.57420
12.250 1.250  1.56798
12.250 1.750  1.55866
12.250 2.250  1.54627
12.250 2.750  1.53083
12.250 3.250  1.51238
12.250 3.750  1.49097
12.250 4.250  1.46663
12.250 4.750  1.43943
12.250 5.250  1.40944
12.250 5.750  1.37671
12.250 6.250  1.34134
12.250 6.750  1.30339
12.250 7.250  1.26298
12.250 7.750  1.22020
12.250 8.250  1.17515
12.250 8.750  1.12795
12.250 9.250  1.07872
12.250 9.750  1.02759
12.250 10.250  0.97470
12.250 10.750  0.92019
12.250 11.250  0.86420
12.250 11.750  0.80688
12.250 12.250  0.74841
12.250 12.750  0.68894
12.250 13.250  0.62864
12.250 13.750  0.56768
12.250 14.250  0.50624
12.250 14.750  0.44449
12.250 15.250  0.38262
12.250 15.750  0.32080
12.250 16.250  0.25921
12.250 16.750  0.19803
12.250 17.250  0.13743
12.250 17.750  0.07758
12.250 18.250  0.01866
12.250 18.750 -0.03918
12.250 19.250 -0.09577
12.250 19.750 -0.15098
12.250 20.250 -0.20467
12.250 20.750 -0.25669
12.250 21.250 -0.30694
12.250 21.750 -0.35530
12.250 22.250 -0.40167
12.250 22.750 -0.44597
12.250 23.250 -0.48812
12.250 23.750 -0.52805
12.250 24.250 -0.56573
12.250 24.750 -0.60111
12.250 25.250 -0.63416
12.250 25.750 -0.66487
12.250 26.250 -0.69324
12.250 26.750 -0.71928
12.250 27.250 -0.74302
12.250 27.750 -0.76447
12.250 28.250 -0.78368
12.250 28.750 -0.80070
12.250 29.250 -0.81558
12.250 29.750 -0.82839
12.250 30.250 -0.83920
12.250 30.750 -0.84807
12.250 31.250 -0.85510
12.250 31.750 -0.86035
12.250 32.250 -0.86392
12.250 32.750 -0.86590
12.250 33.250 -0.86637
12.250 33.750 -0.86541
12.250 34.250 -0.86313
12.250 34.750 -0.85961
12.250 35.250 -0.85492
12.250 35.750 -0.84917
12.250 36.250 -0.84244
12.250 36.750 -0.83479
12.250 37.250 -0.82632
12.250 37.750 -0.81710
12.250 38.250 -0.80721
12.250 38.750 -0.79670
12.250 39.250 -0.78565
12.250 39.750 -0.77412
12.250 40.250 -0.76216
12.250 40.750 -0.74985
12.250 41.250 -0.73722
12.250 41.750 -0.72433
12.250 42.250 -0.71122
12.250 42.750 -0.69793
12.250 43.250 -0.68451
12.250 43.750 -0.67099
12.250 44.250 -0.65741
12.250 44.750 -0.64380
12.750 -44.750 -0.64928
12.750 -44.250 -0.66357
12.750 -43.750 -0.67786
12.750 -43.250 -0.69213
12.750 -42.750 -0.70633
12.750 -42.250 -0.72043
12.750 -41.750 -0.73439
12.750 -41.250 -0.74817
12.750 -40.750 -0.76172
12.750 -40.250 -0.77498
12.750 -39.750 -0.78791
12.750 -39.250 -0.80045
12.750 -38.750 -0.81253
12.750 -38.250 -0.82410
12.750 -37.750 -0.83507
12.750 -37.250 -0.84539
12.750 -36.750 -0.85497
12.750 -36.250 -0.86373
12.750 -35.750 -0.87159
12.750 -35.250 -0.87846
12.750 -34.750 -0.88426
12.750 -34.250 -0.88889
12.750 -33.750 -0.89226
12.750 -33.250 -0.89427
12.750 -32.750 -0.89483
12.750 -32.250 -0.89384
12.750 -31.750 -0.89120
12.750 -31.250 -0.88682
12.750 -30.750 -0.88061
12.750 -30.250 -0.87248
12.750 -29.750 -0.86233
12.750 -29.250 -0.85008
12.750 -28.750 -0.83566
12.750 -28.250 -0.81900
12.750 -27.750 -0.80002
12.750 -27.250 -0.77869
12.750 -26.750 -0.75494
12.750 -26.250 -0.72875
12.750 -25.750 -0.70008
12.750 -25.250 -0.66893
12.750 -24.750 -0.63529
12.750 -24.250 -0.59918
12.750 -23.750 -0.56061
12.750 -23.250 -0.51962
12.750 -22.750 -0.47627
12.750 -22.250 -0.43063
12.750 -21.750 -0.38276
12.750 -21.250 -0.33276
12.750 -20.750 -0.28073
12.750 -20.250 -0.22680
12.750 -19.750 -0.17108
12.750 -19.250 -0.11372
12.750 -18.750 -0.05487
12.750 -18.250  0.00532
12.750 -17.750  0.06668
12.750 -17.250  0.12903
12.750 -16.750  0.19220
12.750 -16.250  0.25601
12.750 -15.750  0.32027
12.750 -15.250  0.38479
12.750 -14.750  0.44938
12.750 -14.250  0.51385
12.750 -13.750  0.57801
12.750 -13.250  0.64167
12.750 -12.750  0.70464
12.750 -12.250  0.76675
12.750 -11.750  0.82782
12.750 -11.250  0.88767
12.750 -10.750  0.94613
12.750 -10.250  1.00306
12.750 -9.750  1.05828
12.750 -9.250  1.11165
12.750 -8.750  1.16303
12.750 -8.250  1.21229
12.750 -7.750  1.25930
12.750 -7.250  1.30394
12.750 -6.750  1.34610
12.750 -6.250  1.38568
12.750 -5.750  1.42257
12.750 -5.250  1.45670
12.750 -4.750  1.48797
12.750 -4.250  1.51633
12.750 -3.750  1.54169
12.750 -3.250  1.56402
12.750 -2.750  1.58324
12.750 -2.250  1.59933
12.750 -1.750  1.61224
12.750 -1.250  1.62195
12.750 -0.750  1.62843
12.750 -0.250  1.63168
12.750 0.250  1.63168
12.750 0.750  1.62843
12.750 1.250  1.62195
12.750 1.750  1.61224
12.750 2.250  1.59933
12.750 2.750  1.58324
12.750 3.250  1.56402
12.750 3.750  1.54169
12.750 4.250  1.51633
12.750 4.750  1.48797
12.750 5.250  1.45670
12.750 5.750  1.42257
12.750 6.250  1.38568
12.750 6.750  1.34610
12.750 7.250  1.30394
12.750 7.750  1.25930
12.750 8.250  1.21229
12.750 8.750  1.16303
12.750 9.250  1.11165
12.750 9.750  1.05828
12.750 10.250  1.00306
12.750 10.750  0.94613
12.750 11.250  0.88767
12.750 11.750  0.82782
12.750 12.250  0.76675
12.750 12.750  0.70464
12.750 13.250  0.64167
12.750 13.750  0.57801
12.750 14.250  0.51385
12.750 14.750  0.44938
12.750 15.250  0.38479
12.750 15.750  0.32027
12.750 16.250  0.25601
12.750 16.750  0.19220
12.750 17.250  0.12903
12.750 17.750  0.06668
12.750 18.250  0.00532
12.750 18.750 -0.05487
12.750 19.250 -0.11372
12.750 19.750 -0.17108
12.750 20.250 -0.22680
12.750 20.750 -0.28073
12.750 21.250 -0.33276
12.750 21.750 -0.38276
12.750 22.250 -0.43063
12.750 22.750 -0.47627
12.750 23.250 -0.51962
12.750 23.750 -0.56061
12.750 24.250 -0.59918
12.750 24.750 -0.63529
12.750 25.250 -0.66893
12.750 25.750 -0.70008
12.750 26.250 -0.72875
12.750 26.750 -0.75494
12.750 27.250 -0.77869
12.750 27.750 -0.80002
12.750 28.250 -0.81900
12.750 28.750 -0.83566
12.750 29.250 -0.85008
12.750 29.750 -0.86233
12.750 30.250 -0.87248
12.750 30.750 -0.88061
12.750 31.250 -0.88682
12.750 31.750 -0.89120
12.750 32.250 -0.89384
12.750 32.750 -0.89483
12.750 33.250 -0.89427
12.750 33.750 -0.89226
12.750 34.250 -0.88889
12.750 34.750 -0.88426
12.750 35.250 -0.87846
12.750 35.750 -0.87159
12.750 36.250 -0.86373
12.750 36.750 -0.85497
12.750 37.250 -0.84539
12.750 37.750 -0.83507
12.750 38.250 -0.82410
12.750 38.750 -0.81253
12.750 39.250 -0.80045
12.750 39.750 -0.78791
12.750 40.250 -0.77498
12.750 40.750 -0.76172
12.750 41.250 -0.74817
12.750 41.750 -0.73439
12.750 42.250 -0.72043
12.750 42.750 -0.70633
12.750 43.250 -0.69213
12.750 43.750 -0.67786
12.750 44.250 -0.66357
12.750 44.750 -0.64928
13.250 -44.750 -0.65473
13.250 -44.250 -0.66973
13.250 -43.750 -0.68476
13.250 -43.250 -0.69981
13.250 -42.750 -0.71483
13.250 -42.250 -0.72979
13.250 -41.750 -0.74464
13.250 -41.250 -0.75935
13.250 -40.750 -0.77386
13.250 -40.250 -0.78813
13.250 -39.750 -0.80210
13.250 -39.250 -0.81570
13.250 -38.750 -0.82889
13.250 -38.250 -0.84158
13.250 -37.750 -0.85370
13.250 -37.250 -0.86519
13.250 -36.750 -0.87596
13.250 -36.250 -0.88592
13.250 -35.750 -0.89499
13.250 -35.250 -0.90307
13.250 -34.750 -0.91008
13.250 -34.250 -0.91591
13.250 -33.750 -0.92046
13.250 -33.250 -0.92362
13.250 -32.750 -0.92531
13.250 -32.250 -0.92540
13.250 -31.750 -0.92379
13.250 -31.250 -0.92039
13.250 -30.750 -0.91508
13.250 -30.250 -0.90777
13.250 -29.750 -0.89836
13.250 -29.250 -0.88675
13.250 -28.750 -0.87287
13.250 -28.250 -0.85662
13.250 -27.750 -0.83795
13.250 -27.250 -0.81677
13.250 -26.750 -0.79305
13.250 -26.250 -0.76673
13.250 -25.750 -0.73779
13.250 -25.250 -0.70620
13.250 -24.750 -0.67196
13.250 -24.250 -0.63508
13.250 -23.750 -0.59558
13.250 -23.250 -0.55349
13.250 -22.750 -0.50888
13.250 -22.250 -0.46181
13.250 -21.750 -0.41235
13.250 -21.250 -0.36060
13.250 -20.750 -0.30668
13.250 -20.250 -0.25071
13.250 -19.750 -0.19282
13.250 -19.250 -0.13317
13.250 -18.750 -0.07190
13.250 -18.250 -0.00920
13.250 -17.750  0.05477
13.250 -17.250  0.11981
13.250 -16.750  0.18575
13.250 -16.250  0.25237
13.250 -15.750  0.31949
13.250 -15.250  0.38689
13.250 -14.750  0.45439
13.250 -14.250  0.52177
13.250 -13.750  0.58883
13.250 -13.250  0.65538
13.250 -12.750  0.72121
13.250 -12.250  0.78613
13.250 -11.750  0.84997
13.250 -11.250  0.91253
13.250 -10.750  0.97363
13.250 -10.250  1.03311
13.250 -9.750  1.09081
13.250 -9.250  1.14657
13.250 -8.750  1.20025
13.250 -8.250  1.25169
13.250 -7.750  1.30078
13.250 -7.250  1.34739
13.250 -6.750  1.39140
13.250 -6.250  1.43270
13.250 -5.750  1.47120
13.250 -5.250  1.50681
13.250 -4.750  1.53943
13.250 -4.250  1.56901
13.250 -3.750  1.59547
13.250 -3.250  1.61874
13.250 -2.750  1.63879
13.250 -2.250  1.65556
13.250 -1.750  1.66903
13.250 -1.250  1.67915
13.250 -0.750  1.68591
13.250 -0.250  1.68929
13.250 0.250  1.68929
13.250 0.750  1.68591
13.250 1.250  1.67915
13.250 1.750  1.66903
13.250 2.250  1.65556
13.250 2.750  1.63879
13.250 3.250  1.61874
13.250 3.750  1.59547
13.250 4.250  1.56901
13.250 4.750  1.53943
13.250 5.250  1.50681
13.250 5.750  1.47120
13.250 6.250  1.43270
13.250 6.750  1.39140
13.250 7.250  1.34739
13.250 7.750  1.30078
13.250 8.250  1.25169
13.250 8.750  1.20025
13.250 9.250  1.14657
13.250 9.750  1.09081
13.250 10.250  1.03311
13.250 10.750  0.97363
13.250 11.250  0.91253
13.250 11.750  0.84997
13.250 12.250  0.78613
13.250 12.750  0.72121
13.250 13.250  0.65538
13.250 13.750  0.58883
13.250 14.250  0.52177
13.250 14.750  0.45439
13.250 15.250  0.38689
13.250 15.750  0.31949
13.250 16.250  0.25237
13.250 16.750  0.18575
13.250 17.250  0.11981
13.250 17.750  0.05477
13.250 18.250 -0.00920
13.250 18.750 -0.07190
13.250 19.250 -0.13317
13.250 19.750 -0.19282
13.250 20.250 -0.25071
13.250 20.750 -0.30668
13.250 21.250 -0.36060
13.250 21.750 -0.41235
13.250 22.250 -0.46181
13.250 22.750 -0.50888
13.250 23.250 -0.55349
13.250 23.750 -0.59558
13.250 24.250 -0.63508
13.250 24.750 -0.67196
13.250 25.250 -0.70620
13.250 25.750 -0.73779
13.250 26.250 -0.76673
13.250 26.750 -0.79305
13.250 27.250 -0.81677
13.250 27.750 -0.83795
13.250 28.250 -0.85662
13.250 28.750 -0.87287
13.250 29.250 -0.88675
13.250 29.750 -0.89836
13.250 30.250 -0.90777
13.250 30.750 -0.91508
13.250 31.250 -0.92039
13.250 31.750 -0.92379
13.250 32.250 -0.92540
13.250 32.750 -0.92531
13.250 33.250 -0.92362
13.250 33.750 -0.92046
13.250 34.250 -0.91591
13.250 34.750 -0.91008
13.250 35.250 -0.90307
13.250 35.750 -0.89499
13.250 36.250 -0.88592
13.250 36.750 -0.87596
13.250 37.250 -0.86519
13.250 37.750 -0.85370
13.250 38.250 -0.84158
13.250 38.750 -0.82889
13.250 39.250 -0.81570
13.250 39.750 -0.80210
13.250 40.250 -0.78813
13.250 40.750 -0.77386
13.250 41.250 -0.75935
13.250 41.750 -0.74464
13.250 42.250 -0.72979
13.250 42.750 -0.71483
13.250 43.250 -0.69981
13.250 43.750 -0.68476
13.250 44.250 -0.66973
13.250 44.750 -0.65473
13.750 -44.750 -0.66011
13.750 -44.250 -0.67584
13.750 -43.750 -0.69166
13.750 -43.250 -0.70752
13.750 -42.750 -0.72339
13.750 -42.250 -0.73925
13.750 -41.750 -0.75504
13.750 -41.250 -0.77073
13.750 -40.750 -0.78626
13.750 -40.250 -0.80158
13.750 -39.750 -0.81664
13.750 -39.250 -0.83138
13.750 -38.750 -0.84573
13.750 -38.250 -0.85962
13.750 -37.750 -0.87297
13.750 -37.250 -0.88571
13.750 -36.750 -0.89775
13.750 -36.250 -0.90900
13.750 -35.750 -0.91937
13.750 -35.250 -0.92877
13.750 -34.750 -0.93708
13.750 -34.250 -0.94420
13.750 -33.750 -0.95004
13.750 -33.250 -0.95447
13.750 -32.750 -0.95738
13.750 -32.250 -0.95865
13.750 -31.750 -0.95819
13.750 -31.250 -0.95586
13.750 -30.750 -0.95155
13.750 -30.250 -0.94517
13.750 -29.750 -0.93659
13.750 -29.250 -0.92571
13.750 -28.750 -0.91244
13.750 -28.250 -0.89669
13.750 -27.750 -0.87837
13.750 -27.250 -0.85741
13.750 -26.750 -0.83375
13.750 -26.250 -0.80734
13.750 -25.750 -0.77813
13.750 -25.250 -0.74611
13.750 -24.750 -0.71127
13.750 -24.250 -0.67360
13.750 -23.750 -0.63313
13.750 -23.250 -0.58990
13.750 -22.750 -0.54396
13.750 -22.250 -0.49537
13.750 -21.750 -0.44422
13.750 -21.250 -0.39063
13.750 -20.750 -0.33469
13.750 -20.250 -0.27654
13.750 -19.750 -0.21633
13.750 -19.250 -0.15422
13.750 -18.750 -0.09038
13.750 -18.250 -0.02498
13.750 -17.750  0.04178
13.750 -17.250  0.10971
13.750 -16.750  0.17860
13.750 -16.250  0.24824
13.750 -15.750  0.31841
13.750 -15.250  0.38891
13.750 -14.750  0.45951
13.750 -14.250  0.53000
13.750 -13.750  0.60017
13.750 -13.250  0.66980
13.750 -12.750  0.73868
13.750 -12.250  0.80661
13.750 -11.750  0.87339
13.750 -11.250  0.93884
13.750 -10.750  1.00275
13.750 -10.250  1.06496
13.750 -9.750  1.12529
13.750 -9.250  1.18359
13.750 -8.750  1.23969
13.750 -8.250  1.29345
13.750 -7.750  1.34474
13.750 -7.250  1.39343
13.750 -6.750  1.43940
13.750 -6.250  1.48253
13.750 -5.750  1.52272
13.750 -5.250  1.55989
13.750 -4.750  1.59395
13.750 -4.250  1.62481
13.750 -3.750  1.65242
13.750 -3.250  1.67670
13.750 -2.750  1.69762
13.750 -2.250  1.71511
13.750 -1.750  1.72915
13.750 -1.250  1.73971
13.750 -0.750  1.74676
13.750 -0.250  1.75029
13.750 0.250  1.75029
13.750 0.750  1.74676
13.750 1.250  1.73971
13.750 1.750  1.72915
13.750 2.250  1.71511
13.750 2.750  1.69762
13.750 3.250  1.67670
13.750 3.750  1.65242
13.750 4.250  1.62481
13.750 4.750  1.59395
13.750 5.250  1.55989
13.750 5.750  1.52272
13.750 6.250  1.48253
13.750 6.750  1.43940
13.750 7.250  1.39343
13.750 7.750  1.34474
13.750 8.250  1.29345
13.750 8.750  1.23969
13.750 9.250  1.18359
13.750 9.750  1.12529
13.750 10.250  1.06496
13.750 10.750  1.00275
13.750 11.250  0.93884
13.750 11.750  0.87339
13.750 12.250  0.80661
13.750 12.750  0.73868
13.750 13.250  0.66980
13.750 13.750  0.60017
13.750 14.250  0.53000
13.750 14.750  0.45951
13.750 15.250  0.38891
13.750 15.750  0.31841
13.750 16.250  0.24824
13.750 16.750  0.17860
13.750 17.250  0.10971
13.750 17.750  0.04178
13.750 18.250 -0.02498
13.750 18.750 -0.09038
13.750 19.250 -0.15422
13.750 19.750 -0.21633
13.750 20.250 -0.27654
13.750 20.750 -0.33469
13.750 21.250 -0.39063
13.750 21.750 -0.44422
13.750 22.250 -0.49537
13.750 22.750 -0.54396
13.750 23.250 -0.58990
13.750 23.750 -0.63313
13.750 24.250 -0.67360
13.750 24.750 -0.71127
13.750 25.250 -0.74611
13.750 25.750 -0.77813
13.750 26.250 -0.80734
13.750 26.750 -0.83375
13.750 27.250 -0.85741
13.750 27.750 -0.87837
13.750 28.250 -0.89669
13.750 28.750 -0.91244
13.750 29.250 -0.92571
13.750 29.750 -0.93659
13.750 30.250 -0.94517
13.750 30.750 -0.95155
13.750 31.250 -0.95586
13.750 31.750 -0.95819
13.750 32.250 -0.95865
13.750 32.750 -0.95738
13.750 33.250 -0.95447
13.750 33.750 -0.95004
13.750 34.250 -0.94420
13.750 34.750 -0.93708
13.750 35.250 -0.92877
13.750 35.750 -0.91937
13.750 36.250 -0.90900
13.750 36.750 -0.89775
13.750 37.250 -0.88571
13.750 37.750 -0.87297
13.750 38.250 -0.85962
13.750 38.750 -0.84573
13.750 39.250 -0.83138
13.750 39.750 -0.81664
13.750 40.250 -0.80158
13.750 40.750 -0.78626
13.750 41.250 -0.77073
13.750 41.750 -0.75504
13.750 42.250 -0.73925
13.750 42.750 -0.72339
13.750 43.250 -0.70752
13.750 43.750 -0.69166
13.750 44.250 -0.67584
13.750 44.750 -0.66011
14.250 -44.750 -0.66539
14.250 -44.250 -0.68188
14.250 -43.750 -0.69850
14.250 -43.250 -0.71521
14.250 -42.750 -0.73198
14.250 -42.250 -0.74877
14.250 -41.750 -0.76554
14.250 -41.250 -0.78225
14.250 -40.750 -0.79886
14.250 -40.250 -0.81529
14.250 -39.750 -0.83151
14.250 -39.250 -0.84745
14.250 -38.750 -0.86303
14.250 -38.250 -0.87819
14.250 -37.750 -0.89285
14.250 -37.250 -0.90693
14.250 -36.750 -0.92033
14.250 -36.250 -0.93297
14.250 -35.750 -0.94474
14.250 -35.250 -0.95554
14.250 -34.750 -0.96526
14.250 -34.250 -0.97380
14.250 -33.750 -0.98102
14.250 -33.250 -0.98682
14.250 -32.750 -0.99108
14.250 -32.250 -0.99366
14.250 -31.750 -0.99444
14.250 -31.250 -0.99330
14.250 -30.750 -0.99011
14.250 -30.250 -0.98476
14.250 -29.750 -0.97711
14.250 -29.250 -0.96706
14.250 -28.750 -0.95449
14.250 -28.250 -0.93932
14.250 -27.750 -0.92143
14.250 -27.250 -0.90075
14.250 -26.750 -0.87721
14.250 -26.250 -0.85074
14.250 -25.750 -0.82130
14.250 -25.250 -0.78886
14.250 -24.750 -0.75340
14.250 -24.250 -0.71493
14.250 -23.750 -0.67346
14.250 -23.250 -0.62902
14.250 -22.750 -0.58167
14.250 -22.250 -0.53149
14.250 -21.750 -0.47856
14.250 -21.250 -0.42299
14.250 -20.750 -0.36490
14.250 -20.250 -0.30444
14.250 -19.750 -0.24175
14.250 -19.250 -0.17701
14.250 -18.750 -0.11040
14.250 -18.250 -0.04212
14.250 -17.750  0.02763
14.250 -17.250  0.09865
14.250 -16.750  0.17070
14.250 -16.250  0.24356
14.250 -15.750  0.31701
14.250 -15.250  0.39082
14.250 -14.750  0.46475
14.250 -14.250  0.53857
14.250 -13.750  0.61205
14.250 -13.250  0.68497
14.250 -12.750  0.75711
14.250 -12.250  0.82824
14.250 -11.750  0.89816
14.250 -11.250  0.96667
14.250 -10.750  1.03357
14.250 -10.250  1.09868
14.250 -9.750  1.16181
14.250 -9.250  1.22279
14.250 -8.750  1.28147
14.250 -8.250  1.33769
14.250 -7.750  1.39131
14.250 -7.250  1.44220
14.250 -6.750  1.49023
14.250 -6.250  1.53529
14.250 -5.750  1.57728
14.250 -5.250  1.61610
14.250 -4.750  1.65166
14.250 -4.250  1.68388
14.250 -3.750  1.71269
14.250 -3.250  1.73804
14.250 -2.750  1.75986
14.250 -2.250  1.77812
14.250 -1.750  1.79277
14.250 -1.250  1.80378
14.250 -0.750  1.81114
14.250 -0.250  1.81482
14.250 0.250  1.81482
14.250 0.750  1.81114
14.250 1.250  1.80378
14.250 1.750  1.79277
14.250 2.250  1.77812
14.250 2.750  1.75986
14.250 3.250  1.73804
14.250 3.750  1.71269
14.250 4.250  1.68388
14.250 4.750  1.65166
14.250 5.250  1.61610
14.250 5.750  1.57728
14.250 6.250  1.53529
14.250 6.750  1.49023
14.250 7.250  1.44220
14.250 7.750  1.39131
14.250 8.250  1.33769
14.250 8.750  1.28147
14.250 9.250  1.22279
14.250 9.750  1.16181
14.250 10.250  1.09868
14.250 10.750  1.03357
14.250 11.250  0.96667
14.250 11.750  0.89816
14.250 12.250  0.82824
14.250 12.750  0.75711
14.250 13.250  0.68497
14.250 13.750  0.61205
14.250 14.250  0.53857
14.250 14.750  0.46475
14.250 15.250  0.39082
14.250 15.750  0.31701
14.250 16.250  0.24356
14.250 16.750  0.17070
14.250 17.250  0.09865
14.250 17.750  0.02763
14.250 18.250 -0.04212
14.250 18.750 -0.11040
14.250 19.250 -0.17701
14.250 19.750 -0.24175
14.250 20.250 -0.30444
14.250 20.750 -0.36490
14.250 21.250 -0.42299
14.250 21.750 -0.47856
14.250 22.250 -0.53149
14.250 22.750 -0.58167
14.250 23.250 -0.62902
14.250 23.750 -0.67346
14.250 24.250 -0.71493
14.250 24.750 -0.75340
14.250 25.250 -0.78886
14.250 25.750 -0.82130
14.250 26.250 -0.85074
14.250 26.750 -0.87721
14.250 27.250 -0.90075
14.250 27.750 -0.92143
14.250 28.250 -0.93932
14.250 28.750 -0.95449
14.250 29.250 -0.96706
14.250 29.750 -0.97711
14.250 30.250 -0.98476
14.250 30.750 -0.99011
14.250 31.250 -0.99330
14.250 31.750 -0.99444
14.250 32.250 -0.99366
14.250 32.750 -0.99108
14.250 33.250 -0.98682
14.250 33.750 -0.98102
14.250 34.250 -0.97380
14.250 34.750 -0.96526
14.250 35.250 -0.95554
14.250 35.750 -0.94474
14.250 36.250 -0.93297
14.250 36.750 -0.92033
14.250 37.250 -0.90693
14.250 37.750 -0.89285
14.250 38.250 -0.87819
14.250 38.750 -0.86303
14.250 39.250 -0.84745
14.250 39.750 -0.83151
14.250 40.250 -0.81529
14.250 40.750 -0.79886
14.250 41.250 -0.78225
14.250 41.750 -0.76554
14.250 42.250 -0.74877
14.250 42.750 -0.73198
14.250 43.250 -0.71521
14.250 43.750 -0.69850
14.250 44.250 -0.68188
14.250 44.750 -0.66539
14.750 -44.750 -0.67052
14.750 -44.250 -0.68780
14.750 -43.750 -0.70525
14.750 -43.250 -0.72284
14.750 -42.750 -0.74054
14.750 -42.250 -0.75831
14.750 -41.750 -0.77610
14.750 -41.250 -0.79389
14.750 -40.750 -0.81162
14.750 -40.250 -0.82923
14.750 -39.750 -0.84666
14.750 -39.250 -0.86387
14.750 -38.750 -0.88076
14.750 -38.250 -0.89727
14.750 -37.750 -0.91332
14.750 -37.250 -0.92882
14.750 -36.750 -0.94368
14.750 -36.250 -0.95780
14.750 -35.750 -0.97107
14.750 -35.250 -0.98339
14.750 -34.750 -0.99463
14.750 -34.250 -1.00469
14.750 -33.750 -1.01343
14.750 -33.250 -1.02073
14.750 -32.750 -1.02645
14.750 -32.250 -1.03046
14.750 -31.750 -1.03262
14.750 -31.250 -1.03279
14.750 -30.750 -1.03084
14.750 -30.250 -1.02663
14.750 -29.750 -1.02004
14.750 -29.250 -1.01092
14.750 -28.750 -0.99917
14.750 -28.250 -0.98465
14.750 -27.750 -0.96728
14.750 -27.250 -0.94696
14.750 -26.750 -0.92359
14.750 -26.250 -0.89711
14.750 -25.750 -0.86747
14.750 -25.250 -0.83463
14.750 -24.750 -0.79856
14.750 -24.250 -0.75926
14.750 -23.750 -0.71674
14.750 -23.250 -0.67105
14.750 -22.750 -0.62223
14.750 -22.250 -0.57037
14.750 -21.750 -0.51554
14.750 -21.250 -0.45787
14.750 -20.750 -0.39749
14.750 -20.250 -0.33455
14.750 -19.750 -0.26922
14.750 -19.250 -0.20167
14.750 -18.750 -0.13211
14.750 -18.250 -0.06074
14.750 -17.750  0.01222
14.750 -17.250  0.08654
14.750 -16.750  0.16198
14.750 -16.250  0.23830
14.750 -15.750  0.31526
14.750 -15.250  0.39261
14.750 -14.750  0.47009
14.750 -14.250  0.54747
14.750 -13.750  0.62449
14.750 -13.250  0.70093
14.750 -12.750  0.77653
14.750 -12.250  0.85108
14.750 -11.750  0.92435
14.750 -11.250  0.99612
14.750 -10.750  1.06620
14.750 -10.250  1.13438
14.750 -9.750  1.20047
14.750 -9.250  1.26430
14.750 -8.750  1.32571
14.750 -8.250  1.38452
14.750 -7.750  1.44061
14.750 -7.250  1.49382
14.750 -6.750  1.54403
14.750 -6.250  1.59113
14.750 -5.750  1.63501
14.750 -5.250  1.67556
14.750 -4.750  1.71270
14.750 -4.250  1.74635
14.750 -3.750  1.77644
14.750 -3.250  1.80290
14.750 -2.750  1.82568
14.750 -2.250  1.84473
14.750 -1.750  1.86002
14.750 -1.250  1.87151
14.750 -0.750  1.87918
14.750 -0.250  1.88303
14.750 0.250  1.88303
14.750 0.750  1.87918
14.750 1.250  1.87151
14.750 1.750  1.86002
14.750 2.250  1.84473
14.750 2.750  1.82568
14.750 3.250  1.80290
14.750 3.750  1.77644
14.750 4.250  1.74635
14.750 4.750  1.71270
14.750 5.250  1.67556
14.750 5.750  1.63501
14.750 6.250  1.59113
14.750 6.750  1.54403
14.750 7.250  1.49382
14.750 7.750  1.44061
14.750 8.250  1.38452
14.750 8.750  1.32571
14.750 9.250  1.26430
14.750 9.750  1.20047
14.750 10.250  1.13438
14.750 10.750  1.06620
14.750 11.250  0.99612
14.750 11.750  0.92435
14.750 12.250  0.85108
14.750 12.750  0.77653
14.750 13.250  0.70093
14.750 13.750  0.62449
14.750 14.250  0.54747
14.750 14.750  0.47009
14.750 15.250  0.39261
14.750 15.750  0.31526
14.750 16.250  0.23830
14.750 16.750  0.16198
14.750 17.250  0.08654
14.750 17.750  0.01222
14.750 18.250 -0.06074
14.750 18.750 -0.13211
14.750 19.250 -0.20167
14.750 19.750 -0.26922
14.750 20.250 -0.33455
14.750 20.750 -0.39749
14.750 21.250 -0.45787
14.750 21.750 -0.51554
14.750 22.250 -0.57037
14.750 22.750 -0.62223
14.750 23.250 -0.67105
14.750 23.750 -0.71674
14.750 24.250 -0.75926
14.750 24.750 -0.79856
14.750 25.250 -0.83463
14.750 25.750 -0.86747
14.750 26.250 -0.89711
14.750 26.750 -0.92359
14.750 27.250 -0.94696
14.750 27.750 -0.96728
14.750 28.250 -0.98465
14.750 28.750 -0.99917
14.750 29.250 -1.01092
14.750 29.750 -1.02004
14.750 30.250 -1.02663
14.750 30.750 -1.03084
14.750 31.250 -1.03279
14.750 31.750 -1.03262
14.750 32.250 -1.03046
14.750 32.750 -1.02645
14.750 33.250 -1.02073
14.750 33.750 -1.01343
14.750 34.250 -1.00469
14.750 34.750 -0.99463
14.750 35.250 -0.98339
14.750 35.750 -0.97107
14.750 36.250 -0.95780
14.750 36.750 -0.94368
14.750 37.250 -0.92882
14.750 37.750 -0.91332
14.750 38.250 -0.89727
14.750 38.750 -0.88076
14.750 39.250 -0.86387
14.750 39.750 -0.84666
14.750 40.250 -0.82923
14.750 40.750 -0.81162
14.750 41.250 -0.79389
14.750 41.750 -0.77610
14.750 42.250 -0.75831
14.750 42.750 -0.74054
14.750 43.250 -0.72284
14.750 43.750 -0.70525
14.750 44.250 -0.68780
14.750 44.750 -0.67052
15.250 -44.750 -0.67546
15.250 -44.250 -0.69355
15.250 -43.750 -0.71187
15.250 -43.250 -0.73037
15.250 -42.750 -0.74903
15.250 -42.250 -0.76781
15.250 -41.750 -0.78668
15.250 -41.250 -0.80559
15.250 -40.750 -0.82449
15.250 -40.250 -0.84333
15.250 -39.750 -0.86205
15.250 -39.250 -0.88059
15.250 -38.750 -0.89887
15.250 -38.250 -0.91681
15.250 -37.750 -0.93433
15.250 -37.250 -0.95135
15.250 -36.750 -0.96777
15.250 -36.250 -0.98347
15.250 -35.750 -0.99835
15.250 -35.250 -1.01231
15.250 -34.750 -1.02520
15.250 -34.250 -1.03690
15.250 -33.750 -1.04729
15.250 -33.250 -1.05621
15.250 -32.750 -1.06353
15.250 -32.250 -1.06911
15.250 -31.750 -1.07278
15.250 -31.250 -1.07440
15.250 -30.750 -1.07383
15.250 -30.250 -1.07090
15.250 -29.750 -1.06548
15.250 -29.250 -1.05743
15.250 -28.750 -1.04659
15.250 -28.250 -1.03286
15.250 -27.750 -1.01610
15.250 -27.250 -0.99620
15.250 -26.750 -0.97308
15.250 -26.250 -0.94665
15.250 -25.750 -0.91685
15.250 -25.250 -0.88362
15.250 -24.750 -0.84694
15.250 -24.250 -0.80680
15.250 -23.750 -0.76322
15.250 -23.250 -0.71621
15.250 -22.750 -0.66585
15.250 -22.250 -0.61220
15.250 -21.750 -0.55537
15.250 -21.250 -0.49547
15.250 -20.750 -0.43265
15.250 -20.250 -0.36707
15.250 -19.750 -0.29890
15.250 -19.250 -0.22835
15.250 -18.750 -0.15562
15.250 -18.250 -0.08094
15.250 -17.750 -0.00455
15.250 -17.250  0.07331
15.250 -16.750  0.15238
15.250 -16.250  0.23241
15.250 -15.750  0.31312
15.250 -15.250  0.39425
15.250 -14.750  0.47554
15.250 -14.250  0.55672
15.250 -13.750  0.63753
15.250 -13.250  0.71771
15.250 -12.750  0.79702
15.250 -12.250  0.87520
15.250 -11.750  0.95203
15.250 -11.250  1.02727
15.250 -10.750  1.10072
15.250 -10.250  1.17216
15.250 -9.750  1.24140
15.250 -9.250  1.30825
15.250 -8.750  1.37253
15.250 -8.250  1.43409
15.250 -7.750  1.49278
15.250 -7.250  1.54844
15.250 -6.750  1.60096
15.250 -6.250  1.65020
15.250 -5.750  1.69606
15.250 -5.250  1.73844
15.250 -4.750  1.77724
15.250 -4.250  1.81239
15.250 -3.750  1.84381
15.250 -3.250  1.87144
15.250 -2.750  1.89522
15.250 -2.250  1.91511
15.250 -1.750  1.93106
15.250 -1.250  1.94306
15.250 -0.750  1.95107
15.250 -0.250  1.95508
15.250 0.250  1.95508
15.250 0.750  1.95107
15.250 1.250  1.94306
15.250 1.750  1.93106
15.250 2.250  1.91511
15.250 2.750  1.89522
15.250 3.250  1.87144
15.250 3.750  1.84381
15.250 4.250  1.81239
15.250 4.750  1.77724
15.250 5.250  1.73844
15.250 5.750  1.69606
15.250 6.250  1.65020
15.250 6.750  1.60096
15.250 7.250  1.54844
15.250 7.750  1.49278
15.250 8.250  1.43409
15.250 8.750  1.37253
15.250 9.250  1.30825
15.250 9.750  1.24140
15.250 10.250  1.17216
15.250 10.750  1.10072
15.250 11.250  1.02727
15.250 11.750  0.95203
15.250 12.250  0.87520
15.250 12.750  0.79702
15.250 13.250  0.71771
15.250 13.750  0.63753
15.250 14.250  0.55672
15.250 14.750  0.47554
15.250 15.250  0.39425
15.250 15.750  0.31312
15.250 16.250  0.23241
15.250 16.750  0.15238
15.250 17.250  0.07331
15.250 17.750 -0.00455
15.250 18.250 -0.08094
15.250 18.750 -0.15562
15.250 19.250 -0.22835
15.250 19.750 -0.29890
15.250 20.250 -0.36707
15.250 20.750 -0.43265
15.250 21.250 -0.49547
15.250 21.750 -0.55537
15.250 22.250 -0.61220
15.250 22.750 -0.66585
15.250 23.250 -0.71621
15.250 23.750 -0.76322
15.250 24.250 -0.80680
15.250 24.750 -0.84694
15.250 25.250 -0.88362
15.250 25.750 -0.91685
15.250 26.250 -0.94665
15.250 26.750 -0.97308
15.250 27.250 -0.99620
15.250 27.750 -1.01610
15.250 28.250 -1.03286
15.250 28.750 -1.04659
15.250 29.250 -1.05743
15.250 29.750 -1.06548
15.250 30.250 -1.07090
15.250 30.750 -1.07383
15.250 31.250 -1.07440
15.250 31.750 -1.07278
15.250 32.250 -1.06911
15.250 32.750 -1.06353
15.250 33.250 -1.05621
15.250 33.750 -1.04729
15.250 34.250 -1.03690
15.250 34.750 -1.02520
15.250 35.250 -1.01231
15.250 35.750 -0.99835
15.250 36.250 -0.98347
15.250 36.750 -0.96777
15.250 37.250 -0.95135
15.250 37.750 -0.93433
15.250 38.250 -0.91681
15.250 38.750 -0.89887
15.250 39.250 -0.88059
15.250 39.750 -0.86205
15.250 40.250 -0.84333
15.250 40.750 -0.82449
15.250 41.250 -0.80559
15.250 41.750 -0.78668
15.250 42.250 -0.76781
15.250 42.750 -0.74903
15.250 43.250 -0.73037
15.250 43.750 -0.71187
15.250 44.250 -0.69355
15.250 44.750 -0.67546
15.750 -44.750 -0.68016
15.750 -44.250 -0.69909
15.750 -43.750 -0.71829
15.750 -43.250 -0.73773
15.750 -42.750 -0.75739
15.750 -42.250 -0.77723
15.750 -41.750 -0.79721
15.750 -41.250 -0.81729
15.750 -40.750 -0.83743
15.750 -40.250 -0.85756
15.750 -39.750 -0.87763
15.750 -39.250 -0.89757
15.750 -38.750 -0.91730
15.750 -38.250 -0.93676
15.750 -37.750 -0.95586
15.750 -37.250 -0.97449
15.750 -36.750 -0.99256
15.750 -36.250 -1.00996
15.750 -35.750 -1.02657
15.750 -35.250 -1.04228
15.750 -34.750 -1.05695
15.750 -34.250 -1.07043
15.750 -33.750 -1.08260
15.750 -33.250 -1.09330
15.750 -32.750 -1.10237
15.750 -32.250 -1.10965
15.750 -31.750 -1.11499
15.750 -31.250 -1.11822
15.750 -30.750 -1.11917
15.750 -30.250 -1.11767
15.750 -29.750 -1.11357
15.750 -29.250 -1.10671
15.750 -28.750 -1.09693
15.750 -28.250 -1.08408
15.750 -27.750 -1.06804
15.750 -27.250 -1.04868
15.750 -26.750 -1.02589
15.750 -26.250 -0.99957
15.750 -25.750 -0.96965
15.750 -25.250 -0.93607
15.750 -24.750 -0.89879
15.750 -24.250 -0.85780
15.750 -23.750 -0.81311
15.750 -23.250 -0.76474
15.750 -22.750 -0.71275
15.750 -22.250 -0.65722
15.750 -21.750 -0.59826
15.750 -21.250 -0.53600
15.750 -20.750 -0.47058
15.750 -20.250 -0.40217
15.750 -19.750 -0.33098
15.750 -19.250 -0.25721
15.750 -18.750 -0.18109
15.750 -18.250 -0.10286
15.750 -17.750 -0.02279
15.750 -17.250  0.05887
15.750 -16.750  0.14183
15.750 -16.250  0.22582
15.750 -15.750  0.31056
15.750 -15.250  0.39574
15.750 -14.750  0.48110
15.750 -14.250  0.56635
15.750 -13.750  0.65120
15.750 -13.250  0.73538
15.750 -12.750  0.81862
15.750 -12.250  0.90068
15.750 -11.750  0.98129
15.750 -11.250  1.06022
15.750 -10.750  1.13725
15.750 -10.250  1.21214
15.750 -9.750  1.28471
15.750 -9.250  1.35475
15.750 -8.750  1.42209
15.750 -8.250  1.48655
15.750 -7.750  1.54797
15.750 -7.250  1.60622
15.750 -6.750  1.66115
15.750 -6.250  1.71265
15.750 -5.750  1.76059
15.750 -5.250  1.80489
15.750 -4.750  1.84543
15.750 -4.250  1.88215
15.750 -3.750  1.91497
15.750 -3.250  1.94382
15.750 -2.750  1.96865
15.750 -2.250  1.98942
15.750 -1.750  2.00608
15.750 -1.250  2.01860
15.750 -0.750  2.02695
15.750 -0.250  2.03114
15.750 0.250  2.03114
15.750 0.750  2.02695
15.750 1.250  2.01860
15.750 1.750  2.00608
15.750 2.250  1.98942
15.750 2.750  1.96865
15.750 3.250  1.94382
15.750 3.750  1.91497
15.750 4.250  1.88215
15.750 4.750  1.84543
15.750 5.250  1.80489
15.750 5.750  1.76059
15.750 6.250  1.71265
15.750 6.750  1.66115
15.750 7.250  1.60622
15.750 7.750  1.54797
15.750 8.250  1.48655
15.750 8.750  1.42209
15.750 9.250  1.35475
15.750 9.750  1.28471
15.750 10.250  1.21214
15.750 10.750  1.13725
15.750 11.250  1.06022
15.750 11.750  0.98129
15.750 12.250  0.90068
15.750 12.750  0.81862
15.750 13.250  0.73538
15.750 13.750  0.65120
15.750 14.250  0.56635
15.750 14.750  0.48110
15.750 15.250  0.39574
15.750 15.750  0.31056
15.750 16.250  0.22582
15.750 16.750  0.14183
15.750 17.250  0.05887
15.750 17.750 -0.02279
15.750 18.250 -0.10286
15.750 18.750 -0.18109
15.750 19.250 -0.25721
15.750 19.750 -0.33098
15.750 20.250 -0.40217
15.750 20.750 -0.47058
15.750 21.250 -0.53600
15.750 21.750 -0.59826
15.750 22.250 -0.65722
15.750 22.750 -0.71275
15.750 23.250 -0.76474
15.750 23.750 -0.81311
15.750 24.250 -0.85780
15.750 24.750 -0.89879
15.750 25.250 -0.93607
15.750 25.750 -0.96965
15.750 26.250 -0.99957
15.750 26.750 -1.02589
15.750 27.250 -1.04868
15.750 27.750 -1.06804
15.750 28.250 -1.08408
15.750 28.750 -1.09693
15.750 29.250 -1.10671
15.750 29.750 -1.11357
15.750 30.250 -1.11767
15.750 30.750 -1.11917
15.750 31.250 -1.11822
15.750 31.750 -1.11499
15.750 32.250 -1.10965
15.750 32.750 -1.10237
15.750 33.250 -1.09330
15.750 33.750 -1.08260
15.750 34.250 -1.07043
15.750 34.750 -1.05695
15.750 35.250 -1.04228
15.750 35.750 -1.02657
15.750 36.250 -1.00996
15.750 36.750 -0.99256
15.750 37.250 -0.97449
15.750 37.750 -0.95586
15.750 38.250 -0.93676
15.750 38.750 -0.91730
15.750 39.250 -0.89757
15.750 39.750 -0.87763
15.750 40.250 -0.85756
15.750 40.750 -0.83743
15.750 41.250 -0.81729
15.750 41.750 -0.79721
15.750 42.250 -0.77723
15.750 42.750 -0.75739
15.750 43.250 -0.73773
15.750 43.750 -0.71829
15.750 44.250 -0.69909
15.750 44.750 -0.68016
16.250 -44.750 -0.68456
16.250 -44.250 -0.70435
16.250 -43.750 -0.72447
16.250 -43.250 -0.74488
16.250 -42.750 -0.76557
16.250 -42.250 -0.78651
16.250 -41.750 -0.80764
16.250 -41.250 -0.82895
16.250 -40.750 -0.85036
16.250 -40.250 -0.87184
16.250 -39.750 -0.89333
16.250 -39.250 -0.91474
16.250 -38.750 -0.93602
16.250 -38.250 -0.95708
16.250 -37.750 -0.97784
16.250 -37.250 -0.99818
16.250 -36.750 -1.01802
16.250 -36.250 -1.03724
16.250 -35.750 -1.05570
16.250 -35.250 -1.07329
16.250 -34.750 -1.08987
16.250 -34.250 -1.10529
16.250 -33.750 -1.11939
16.250 -33.250 -1.13201
16.250 -32.750 -1.14299
16.250 -32.250 -1.15215
16.250 -31.750 -1.15932
16.250 -31.250 -1.16431
16.250 -30.750 -1.16695
16.250 -30.250 -1.16704
16.250 -29.750 -1.16442
16.250 -29.250 -1.15891
16.250 -28.750 -1.15032
16.250 -28.250 -1.13851
16.250 -27.750 -1.12331
16.250 -27.250 -1.10459
16.250 -26.750 -1.08222
16.250 -26.250 -1.05610
16.250 -25.750 -1.02612
16.250 -25.250 -0.99222
16.250 -24.750 -0.95436
16.250 -24.250 -0.91251
16.250 -23.750 -0.86667
16.250 -23.250 -0.81688
16.250 -22.750 -0.76319
16.250 -22.250 -0.70568
16.250 -21.750 -0.64447
16.250 -21.250 -0.57968
16.250 -20.750 -0.51149
16.250 -20.250 -0.44007
16.250 -19.750 -0.36564
16.250 -19.250 -0.28842
16.250 -18.750 -0.20866
16.250 -18.250 -0.12664
16.250 -17.750 -0.04261
16.250 -17.250  0.04312
16.250 -16.750  0.13026
16.250 -16.250  0.21850
16.250 -15.750  0.30754
16.250 -15.250  0.39707
16.250 -14.750  0.48678
16.250 -14.250  0.57636
16.250 -13.750  0.66553
16.250 -13.250  0.75398
16.250 -12.750  0.84143
16.250 -12.250  0.92760
16.250 -11.750  1.01224
16.250 -11.250  1.09509
16.250 -10.750  1.17590
16.250 -10.250  1.25446
16.250 -9.750  1.33055
16.250 -9.250  1.40397
16.250 -8.750  1.47452
16.250 -8.250  1.54203
16.250 -7.750  1.60635
16.250 -7.250  1.66731
16.250 -6.750  1.72479
16.250 -6.250  1.77865
16.250 -5.750  1.82878
16.250 -5.250  1.87508
16.250 -4.750  1.91746
16.250 -4.250  1.95582
16.250 -3.750  1.99010
16.250 -3.250  2.02023
16.250 -2.750  2.04616
16.250 -2.250  2.06784
16.250 -1.750  2.08523
16.250 -1.250  2.09829
16.250 -0.750  2.10702
16.250 -0.250  2.11138
16.250 0.250  2.11138
16.250 0.750  2.10702
16.250 1.250  2.09829
16.250 1.750  2.08523
16.250 2.250  2.06784
16.250 2.750  2.04616
16.250 3.250  2.02023
16.250 3.750  1.99010
16.250 4.250  1.95582
16.250 4.750  1.91746
16.250 5.250  1.87508
16.250 5.750  1.82878
16.250 6.250  1.77865
16.250 6.750  1.72479
16.250 7.250  1.66731
16.250 7.750  1.60635
16.250 8.250  1.54203
16.250 8.750  1.47452
16.250 9.250  1.40397
16.250 9.750  1.33055
16.250 10.250  1.25446
16.250 10.750  1.17590
16.250 11.250  1.09509
16.250 11.750  1.01224
16.250 12.250  0.92760
16.250 12.750  0.84143
16.250 13.250  0.75398
16.250 13.750  0.66553
16.250 14.250  0.57636
16.250 14.750  0.48678
16.250 15.250  0.39707
16.250 15.750  0.30754
16.250 16.250  0.21850
16.250 16.750  0.13026
16.250 17.250  0.04312
16.250 17.750 -0.04261
16.250 18.250 -0.12664
16.250 18.750 -0.20866
16.250 19.250 -0.28842
16.250 19.750 -0.36564
16.250 20.250 -0.44007
16.250 20.750 -0.51149
16.250 21.250 -0.57968
16.250 21.750 -0.64447
16.250 22.250 -0.70568
16.250 22.750 -0.76319
16.250 23.250 -0.81688
16.250 23.750 -0.86667
16.250 24.250 -0.91251
16.250 24.750 -0.95436
16.250 25.250 -0.99222
16.250 25.750 -1.02612
16.250 26.250 -1.05610
16.250 26.750 -1.08222
16.250 27.250 -1.10459
16.250 27.750 -1.12331
16.250 28.250 -1.13851
16.250 28.750 -1.15032
16.250 29.250 -1.15891
16.250 29.750 -1.16442
16.250 30.250 -1.16704
16.250 30.750 -1.16695
16.250 31.250 -1.16431
16.250 31.750 -1.15932
16.250 32.250 -1.15215
16.250 32.750 -1.14299
16.250 33.250 -1.13201
16.250 33.750 -1.11939
16.250 34.250 -1.10529
16.250 34.750 -1.08987
16.250 35.250 -1.07329
16.250 35.750 -1.05570
16.250 36.250 -1.03724
16.250 36.750 -1.01802
16.250 37.250 -0.99818
16.250 37.750 -0.97784
16.250 38.250 -0.95708
16.250 38.750 -0.93602
16.250 39.250 -0.91474
16.250 39.750 -0.89333
16.250 40.250 -0.87184
16.250 40.750 -0.85036
16.250 41.250 -0.82895
16.250 41.750 -0.80764
16.250 42.250 -0.78651
16.250 42.750 -0.76557
16.250 43.250 -0.74488
16.250 43.750 -0.72447
16.250 44.250 -0.70435
16.250 44.750 -0.68456
16.750 -44.750 -0.68863
16.750 -44.250 -0.70929
16.750 -43.750 -0.73034
16.750 -43.250 -0.75176
16.750 -42.750 -0.77351
16.750 -42.250 -0.79558
16.750 -41.750 -0.81791
16.750 -41.250 -0.84048
16.750 -40.750 -0.86324
16.750 -40.250 -0.88613
16.750 -39.750 -0.90909
16.750 -39.250 -0.93206
16.750 -38.750 -0.95496
16.750 -38.250 -0.97771
16.750 -37.750 -1.00022
16.750 -37.250 -1.02239
16.750 -36.750 -1.04411
16.750 -36.250 -1.06525
16.750 -35.750 -1.08571
16.750 -35.250 -1.10532
16.750 -34.750 -1.12396
16.750 -34.250 -1.14145
16.750 -33.750 -1.15764
16.750 -33.250 -1.17236
16.750 -32.750 -1.18542
16.750 -32.250 -1.19664
16.750 -31.750 -1.20582
16.750 -31.250 -1.21276
16.750 -30.750 -1.21727
16.750 -30.250 -1.21914
16.750 -29.750 -1.21817
16.750 -29.250 -1.21417
16.750 -28.750 -1.20695
16.750 -28.250 -1.19632
16.750 -27.750 -1.18211
16.750 -27.250 -1.16416
16.750 -26.750 -1.14232
16.750 -26.250 -1.11647
16.750 -25.750 -1.08651
16.750 -25.250 -1.05234
16.750 -24.750 -1.01392
16.750 -24.250 -0.97121
16.750 -23.750 -0.92420
16.750 -23.250 -0.87293
16.750 -22.750 -0.81745
16.750 -22.250 -0.75785
16.750 -21.750 -0.69425
16.750 -21.250 -0.62678
16.750 -20.750 -0.55562
16.750 -20.250 -0.48098
16.750 -19.750 -0.40308
16.750 -19.250 -0.32217
16.750 -18.750 -0.23851
16.750 -18.250 -0.15241
16.750 -17.750 -0.06414
16.750 -17.250  0.02596
16.750 -16.750  0.11757
16.750 -16.250  0.21038
16.750 -15.750  0.30403
16.750 -15.250  0.39821
16.750 -14.750  0.49258
16.750 -14.250  0.58681
16.750 -13.750  0.68058
16.750 -13.250  0.77358
16.750 -12.750  0.86550
16.750 -12.250  0.95606
16.750 -11.750  1.04498
16.750 -11.250  1.13198
16.750 -10.750  1.21682
16.750 -10.250  1.29926
16.750 -9.750  1.37907
16.750 -9.250  1.45605
16.750 -8.750  1.52999
16.750 -8.250  1.60072
16.750 -7.750  1.66807
16.750 -7.250  1.73189
16.750 -6.750  1.79204
16.750 -6.250  1.84838
16.750 -5.750  1.90081
16.750 -5.250  1.94921
16.750 -4.750  1.99349
16.750 -4.250  2.03357
16.750 -3.750  2.06938
16.750 -3.250  2.10085
16.750 -2.750  2.12792
16.750 -2.250  2.15055
16.750 -1.750  2.16870
16.750 -1.250  2.18234
16.750 -0.750  2.19144
16.750 -0.250  2.19600
16.750 0.250  2.19600
16.750 0.750  2.19144
16.750 1.250  2.18234
16.750 1.750  2.16870
16.750 2.250  2.15055
16.750 2.750  2.12792
16.750 3.250  2.10085
16.750 3.750  2.06938
16.750 4.250  2.03357
16.750 4.750  1.99349
16.750 5.250  1.94921
16.750 5.750  1.90081
16.750 6.250  1.84838
16.750 6.750  1.79204
16.750 7.250  1.73189
16.750 7.750  1.66807
16.750 8.250  1.60072
16.750 8.750  1.52999
16.750 9.250  1.45605
16.750 9.750  1.37907
16.750 10.250  1.29926
16.750 10.750  1.21682
16.750 11.250  1.13198
16.750 11.750  1.04498
16.750 12.250  0.95606
16.750 12.750  0.86550
16.750 13.250  0.77358
16.750 13.750  0.68058
16.750 14.250  0.58681
16.750 14.750  0.49258
16.750 15.250  0.39821
16.750 15.750  0.30403
16.750 16.250  0.21038
16.750 16.750  0.11757
16.750 17.250  0.02596
16.750 17.750 -0.06414
16.750 18.250 -0.15241
16.750 18.750 -0.23851
16.750 19.250 -0.32217
16.750 19.750 -0.40308
16.750 20.250 -0.48098
16.750 20.750 -0.55562
16.750 21.250 -0.62678
16.750 21.750 -0.69425
16.750 22.250 -0.75785
16.750 22.750 -0.81745
16.750 23.250 -0.87293
16.750 23.750 -0.92420
16.750 24.250 -0.97121
16.750 24.750 -1.01392
16.750 25.250 -1.05234
16.750 25.750 -1.08651
16.750 26.250 -1.11647
16.750 26.750 -1.14232
16.750 27.250 -1.16416
16.750 27.750 -1.18211
16.750 28.250 -1.19632
16.750 28.750 -1.20695
16.750 29.250 -1.21417
16.750 29.750 -1.21817
16.750 30.250 -1.21914
16.750 30.750 -1.21727
16.750 31.250 -1.21276
16.750 31.750 -1.20582
16.750 32.250 -1.19664
16.750 32.750 -1.18542
16.750 33.250 -1.17236
16.750 33.750 -1.15764
16.750 34.250 -1.14145
16.750 34.750 -1.12396
16.750 35.250 -1.10532
16.750 35.750 -1.08571
16.750 36.250 -1.06525
16.750 36.750 -1.04411
16.750 37.250 -1.02239
16.750 37.750 -1.00022
16.750 38.250 -0.97771
16.750 38.750 -0.95496
16.750 39.250 -0.93206
16.750 39.750 -0.90909
16.750 40.250 -0.88613
16.750 40.750 -0.86324
16.750 41.250 -0.84048
16.750 41.750 -0.81791
16.750 42.250 -0.79558
16.750 42.750 -0.77351
16.750 43.250 -0.75176
16.750 43.750 -0.73034
16.750 44.250 -0.70929
16.750 44.750 -0.68863
17.250 -44.750 -0.69228
17.250 -44.250 -0.71384
17.250 -43.750 -0.73585
17.250 -43.250 -0.75829
17.250 -42.750 -0.78114
17.250 -42.250 -0.80437
17.250 -41.750 -0.82795
17.250 -41.250 -0.85183
17.250 -40.750 -0.87598
17.250 -40.250 -0.90033
17.250 -39.750 -0.92484
17.250 -39.250 -0.94944
17.250 -38.750 -0.97405
17.250 -38.250 -0.99858
17.250 -37.750 -1.02295
17.250 -37.250 -1.04704
17.250 -36.750 -1.07076
17.250 -36.250 -1.09397
17.250 -35.750 -1.11654
17.250 -35.250 -1.13833
17.250 -34.750 -1.15918
17.250 -34.250 -1.17892
17.250 -33.750 -1.19738
17.250 -33.250 -1.21437
17.250 -32.750 -1.22970
17.250 -32.250 -1.24316
17.250 -31.750 -1.25455
17.250 -31.250 -1.26364
17.250 -30.750 -1.27022
17.250 -30.250 -1.27407
17.250 -29.750 -1.27495
17.250 -29.250 -1.27267
17.250 -28.750 -1.26699
17.250 -28.250 -1.25772
17.250 -27.750 -1.24465
17.250 -27.250 -1.22761
17.250 -26.750 -1.20643
17.250 -26.250 -1.18097
17.250 -25.750 -1.15110
17.250 -25.250 -1.11672
17.250 -24.750 -1.07777
17.250 -24.250 -1.03420
17.250 -23.750 -0.98600
17.250 -23.250 -0.93320
17.250 -22.750 -0.87585
17.250 -22.250 -0.81404
17.250 -21.750 -0.74789
17.250 -21.250 -0.67756
17.250 -20.750 -0.60325
17.250 -20.250 -0.52516
17.250 -19.750 -0.44354
17.250 -19.250 -0.35866
17.250 -18.750 -0.27082
17.250 -18.250 -0.18033
17.250 -17.750 -0.08752
17.250 -17.250  0.00728
17.250 -16.750  0.10370
17.250 -16.250  0.20140
17.250 -15.750  0.30001
17.250 -15.250  0.39917
17.250 -14.750  0.49852
17.250 -14.250  0.59771
17.250 -13.750  0.69640
17.250 -13.250  0.79425
17.250 -12.750  0.89095
17.250 -12.250  0.98617
17.250 -11.750  1.07963
17.250 -11.250  1.17104
17.250 -10.750  1.26014
17.250 -10.250  1.34668
17.250 -9.750  1.43043
17.250 -9.250  1.51116
17.250 -8.750  1.58867
17.250 -8.250  1.66279
17.250 -7.750  1.73334
17.250 -7.250  1.80015
17.250 -6.750  1.86310
17.250 -6.250  1.92204
17.250 -5.750  1.97686
17.250 -5.250  2.02745
17.250 -4.750  2.07373
17.250 -4.250  2.11561
17.250 -3.750  2.15300
17.250 -3.250  2.18586
17.250 -2.750  2.21412
17.250 -2.250  2.23774
17.250 -1.750  2.25668
17.250 -1.250  2.27091
17.250 -0.750  2.28041
17.250 -0.250  2.28517
17.250 0.250  2.28517
17.250 0.750  2.28041
17.250 1.250  2.27091
17.250 1.750  2.25668
17.250 2.250  2.23774
17.250 2.750  2.21412
17.250 3.250  2.18586
17.250 3.750  2.15300
17.250 4.250  2.11561
17.250 4.750  2.07373
17.250 5.250  2.02745
17.250 5.750  1.97686
17.250 6.250  1.92204
17.250 6.750  1.86310
17.250 7.250  1.80015
17.250 7.750  1.73334
17.250 8.250  1.66279
17.250 8.750  1.58867
17.250 9.250  1.51116
17.250 9.750  1.43043
17.250 10.250  1.34668
17.250 10.750  1.26014
17.250 11.250  1.17104
17.250 11.750  1.07963
17.250 12.250  0.98617
17.250 12.750  0.89095
17.250 13.250  0.79425
17.250 13.750  0.69640
17.250 14.250  0.59771
17.250 14.750  0.49852
17.250 15.250  0.39917
17.250 15.750  0.30001
17.250 16.250  0.20140
17.250 16.750  0.10370
17.250 17.250  0.00728
17.250 17.750 -0.08752
17.250 18.250 -0.18033
17.250 18.750 -0.27082
17.250 19.250 -0.35866
17.250 19.750 -0.44354
17.250 20.250 -0.52516
17.250 20.750 -0.60325
17.250 21.250 -0.67756
17.250 21.750 -0.74789
17.250 22.250 -0.81404
17.250 22.750 -0.87585
17.250 23.250 -0.93320
17.250 23.750 -0.98600
17.250 24.250 -1.03420
17.250 24.750 -1.07777
17.250 25.250 -1.11672
17.250 25.750 -1.15110
17.250 26.250 -1.18097
17.250 26.750 -1.20643
17.250 27.250 -1.22761
17.250 27.750 -1.24465
17.250 28.250 -1.25772
17.250 28.750 -1.26699
17.250 29.250 -1.27267
17.250 29.750 -1.27495
17.250 30.250 -1.27407
17.250 30.750 -1.27022
17.250 31.250 -1.26364
17.250 31.750 -1.25455
17.250 32.250 -1.24316
17.250 32.750 -1.22970
17.250 33.250 -1.21437
17.250 33.750 -1.19738
17.250 34.250 -1.17892
17.250 34.750 -1.15918
17.250 35.250 -1.13833
17.250 35.750 -1.11654
17.250 36.250 -1.09397
17.250 36.750 -1.07076
17.250 37.250 -1.04704
17.250 37.750 -1.02295
17.250 38.250 -0.99858
17.250 38.750 -0.97405
17.250 39.250 -0.94944
17.250 39.750 -0.92484
17.250 40.250 -0.90033
17.250 40.750 -0.87598
17.250 41.250 -0.85183
17.250 41.750 -0.82795
17.250 42.250 -0.80437
17.250 42.750 -0.78114
17.250 43.250 -0.75829
17.250 43.750 -0.73585
17.250 44.250 -0.71384
17.250 44.750 -0.69228
17.750 -44.750 -0.69548
17.750 -44.250 -0.71795
17.750 -43.750 -0.74093
17.750 -43.250 -0.76442
17.750 -42.750 -0.78839
17.750 -42.250 -0.81282
17.750 -41.750 -0.83767
17.750 -41.250 -0.86291
17.750 -40.750 -0.88850
17.750 -40.250 -0.91439
17.750 -39.750 -0.94051
17.750 -39.250 -0.96681
17.750 -38.750 -0.99320
17.750 -38.250 -1.01961
17.750 -37.750 -1.04594
17.750 -37.250 -1.07208
17.750 -36.750 -1.09792
17.750 -36.250 -1.12332
17.750 -35.750 -1.14816
17.750 -35.250 -1.17227
17.750 -34.750 -1.19550
17.750 -34.250 -1.21767
17.750 -33.750 -1.23858
17.750 -33.250 -1.25804
17.750 -32.750 -1.27584
17.750 -32.250 -1.29176
17.750 -31.750 -1.30557
17.750 -31.250 -1.31704
17.750 -30.750 -1.32591
17.750 -30.250 -1.33195
17.750 -29.750 -1.33491
17.750 -29.250 -1.33455
17.750 -28.750 -1.33063
17.750 -28.250 -1.32290
17.750 -27.750 -1.31117
17.750 -27.250 -1.29521
17.750 -26.750 -1.27483
17.750 -26.250 -1.24988
17.750 -25.750 -1.22021
17.750 -25.250 -1.18569
17.750 -24.750 -1.14625
17.750 -24.250 -1.10183
17.750 -23.750 -1.05241
17.750 -23.250 -0.99802
17.750 -22.750 -0.93870
17.750 -22.250 -0.87456
17.750 -21.750 -0.80572
17.750 -21.250 -0.73235
17.750 -20.750 -0.65465
17.750 -20.250 -0.57287
17.750 -19.750 -0.48726
17.750 -19.250 -0.39812
17.750 -18.750 -0.30578
17.750 -18.250 -0.21058
17.750 -17.750 -0.11287
17.750 -17.250 -0.01303
17.750 -16.750  0.08856
17.750 -16.250  0.19151
17.750 -15.750  0.29543
17.750 -15.250  0.39993
17.750 -14.750  0.50462
17.750 -14.250  0.60912
17.750 -13.750  0.71306
17.750 -13.250  0.81609
17.750 -12.750  0.91787
17.750 -12.250  1.01805
17.750 -11.750  1.11633
17.750 -11.250  1.21242
17.750 -10.750  1.30603
17.750 -10.250  1.39690
17.750 -9.750  1.48480
17.750 -9.250  1.56949
17.750 -8.750  1.65076
17.750 -8.250  1.72844
17.750 -7.750  1.80233
17.750 -7.250  1.87228
17.750 -6.750  1.93816
17.750 -6.250  1.99981
17.750 -5.750  2.05714
17.750 -5.250  2.11002
17.750 -4.750  2.15838
17.750 -4.250  2.20211
17.750 -3.750  2.24117
17.750 -3.250  2.27547
17.750 -2.750  2.30497
17.750 -2.250  2.32961
17.750 -1.750  2.34938
17.750 -1.250  2.36422
17.750 -0.750  2.37413
17.750 -0.250  2.37909
17.750 0.250  2.37909
17.750 0.750  2.37413
17.750 1.250  2.36422
17.750 1.750  2.34938
17.750 2.250  2.32961
17.750 2.750  2.30497
17.750 3.250  2.27547
17.750 3.750  2.24117
17.750 4.250  2.20211
17.750 4.750  2.15838
17.750 5.250  2.11002
17.750 5.750  2.05714
17.750 6.250  1.99981
17.750 6.750  1.93816
17.750 7.250  1.87228
17.750 7.750  1.80233
17.750 8.250  1.72844
17.750 8.750  1.65076
17.750 9.250  1.56949
17.750 9.750  1.48480
17.750 10.250  1.39690
17.750 10.750  1.30603
17.750 11.250  1.21242
17.750 11.750  1.11633
17.750 12.250  1.01805
17.750 12.750  0.91787
17.750 13.250  0.81609
17.750 13.750  0.71306
17.750 14.250  0.60912
17.750 14.750  0.50462
17.750 15.250  0.39993
17.750 15.750  0.29543
17.750 16.250  0.19151
17.750 16.750  0.08856
17.750 17.250 -0.01303
17.750 17.750 -0.11287
17.750 18.250 -0.21058
17.750 18.750 -0.30578
17.750 19.250 -0.39812
17.750 19.750 -0.48726
17.750 20.250 -0.57287
17.750 20.750 -0.65465
17.750 21.250 -0.73235
17.750 21.750 -0.80572
17.750 22.250 -0.87456
17.750 22.750 -0.93870
17.750 23.250 -0.99802
17.750 23.750 -1.05241
17.750 24.250 -1.10183
17.750 24.750 -1.14625
17.750 25.250 -1.18569
17.750 25.750 -1.22021
17.750 26.250 -1.24988
17.750 26.750 -1.27483
17.750 27.250 -1.29521
17.750 27.750 -1.31117
17.750 28.250 -1.32290
17.750 28.750 -1.33063
17.750 29.250 -1.33455
17.750 29.750 -1.33491
17.750 30.250 -1.33195
17.750 30.750 -1.32591
17.750 31.250 -1.31704
17.750 31.750 -1.30557
17.750 32.250 -1.29176
17.750 32.750 -1.27584
17.750 33.250 -1.25804
17.750 33.750 -1.23858
17.750 34.250 -1.21767
17.750 34.750 -1.19550
17.750 35.250 -1.17227
17.750 35.750 -1.14816
17.750 36.250 -1.12332
17.750 36.750 -1.09792
17.750 37.250 -1.07208
17.750 37.750 -1.04594
17.750 38.250 -1.01961
17.750 38.750 -0.99320
17.750 39.250 -0.96681
17.750 39.750 -0.94051
17.750 40.250 -0.91439
17.750 40.750 -0.88850
17.750 41.250 -0.86291
17.750 41.750 -0.83767
17.750 42.250 -0.81282
17.750 42.750 -0.78839
17.750 43.250 -0.76442
17.750 43.750 -0.74093
17.750 44.250 -0.71795
17.750 44.750 -0.69548
18.250 -44.750 -0.69814
18.250 -44.250 -0.72153
18.250 -43.750 -0.74551
18.250 -43.250 -0.77007
18.250 -42.750 -0.79518
18.250 -42.250 -0.82084
18.250 -41.750 -0.84700
18.250 -41.250 -0.87365
18.250 -40.750 -0.90073
18.250 -40.250 -0.92820
18.250 -39.750 -0.95600
18.250 -39.250 -0.98408
18.250 -38.750 -1.01234
18.250 -38.250 -1.04072
18.250 -37.750 -1.06911
18.250 -37.250 -1.09741
18.250 -36.750 -1.12550
18.250 -36.250 -1.15324
18.250 -35.750 -1.18050
18.250 -35.250 -1.20710
18.250 -34.750 -1.23289
18.250 -34.250 -1.25766
18.250 -33.750 -1.28123
18.250 -33.250 -1.30337
18.250 -32.750 -1.32387
18.250 -32.250 -1.34248
18.250 -31.750 -1.35895
18.250 -31.250 -1.37302
18.250 -30.750 -1.38443
18.250 -30.250 -1.39292
18.250 -29.750 -1.39820
18.250 -29.250 -1.40000
18.250 -28.750 -1.39806
18.250 -28.250 -1.39211
18.250 -27.750 -1.38191
18.250 -27.250 -1.36722
18.250 -26.750 -1.34782
18.250 -26.250 -1.32352
18.250 -25.750 -1.29415
18.250 -25.250 -1.25958
18.250 -24.750 -1.21971
18.250 -24.250 -1.17446
18.250 -23.750 -1.12381
18.250 -23.250 -1.06777
18.250 -22.750 -1.00639
18.250 -22.250 -0.93979
18.250 -21.750 -0.86808
18.250 -21.250 -0.79146
18.250 -20.750 -0.71015
18.250 -20.250 -0.62440
18.250 -19.750 -0.53451
18.250 -19.250 -0.44079
18.250 -18.750 -0.34361
18.250 -18.250 -0.24333
18.250 -17.750 -0.14036
18.250 -17.250 -0.03509
18.250 -16.750  0.07206
18.250 -16.250  0.18065
18.250 -15.750  0.29027
18.250 -15.250  0.40050
18.250 -14.750  0.51090
18.250 -14.250  0.62108
18.250 -13.750  0.73064
18.250 -13.250  0.83919
18.250 -12.750  0.94637
18.250 -12.250  1.05183
18.250 -11.750  1.15523
18.250 -11.250  1.25627
18.250 -10.750  1.35465
18.250 -10.250  1.45010
18.250 -9.750  1.54237
18.250 -9.250  1.63123
18.250 -8.750  1.71646
18.250 -8.250  1.79786
18.250 -7.750  1.87526
18.250 -7.250  1.94850
18.250 -6.750  2.01743
18.250 -6.250  2.08192
18.250 -5.750  2.14185
18.250 -5.250  2.19712
18.250 -4.750  2.24764
18.250 -4.250  2.29331
18.250 -3.750  2.33408
18.250 -3.250  2.36988
18.250 -2.750  2.40066
18.250 -2.250  2.42637
18.250 -1.750  2.44699
18.250 -1.250  2.46247
18.250 -0.750  2.47280
18.250 -0.250  2.47797
18.250 0.250  2.47797
18.250 0.750  2.47280
18.250 1.250  2.46247
18.250 1.750  2.44699
18.250 2.250  2.42637
18.250 2.750  2.40066
18.250 3.250  2.36988
18.250 3.750  2.33408
18.250 4.250  2.29331
18.250 4.750  2.24764
18.250 5.250  2.19712
18.250 5.750  2.14185
18.250 6.250  2.08192
18.250 6.750  2.01743
18.250 7.250  1.94850
18.250 7.750  1.87526
18.250 8.250  1.79786
18.250 8.750  1.71646
18.250 9.250  1.63123
18.250 9.750  1.54237
18.250 10.250  1.45010
18.250 10.750  1.35465
18.250 11.250  1.25627
18.250 11.750  1.15523
18.250 12.250  1.05183
18.250 12.750  0.94637
18.250 13.250  0.83919
18.250 13.750  0.73064
18.250 14.250  0.62108
18.250 14.750  0.51090
18.250 15.250  0.40050
18.250 15.750  0.29027
18.250 16.250  0.18065
18.250 16.750  0.07206
18.250 17.250 -0.03509
18.250 17.750 -0.14036
18.250 18.250 -0.24333
18.250 18.750 -0.34361
18.250 19.250 -0.44079
18.250 19.750 -0.53451
18.250 20.250 -0.62440
18.250 20.750 -0.71015
18.250 21.250 -0.79146
18.250 21.750 -0.86808
18.250 22.250 -0.93979
18.250 22.750 -1.00639
18.250 23.250 -1.06777
18.250 23.750 -1.12381
18.250 24.250 -1.17446
18.250 24.750 -1.21971
18.250 25.250 -1.25958
18.250 25.750 -1.29415
18.250 26.250 -1.32352
18.250 26.750 -1.34782
18.250 27.250 -1.36722
18.250 27.750 -1.38191
18.250 28.250 -1.39211
18.250 28.750 -1.39806
18.250 29.250 -1.40000
18.250 29.750 -1.39820
18.250 30.250 -1.39292
18.250 30.750 -1.38443
18.250 31.250 -1.37302
18.250 31.750 -1.35895
18.250 32.250 -1.34248
18.250 32.750 -1.32387
18.250 33.250 -1.30337
18.250 33.750 -1.28123
18.250 34.250 -1.25766
18.250 34.750 -1.23289
18.250 35.250 -1.20710
18.250 35.750 -1.18050
18.250 36.250 -1.15324
18.250 36.750 -1.12550
18.250 37.250 -1.09741
18.250 37.750 -1.06911
18.250 38.250 -1.04072
18.250 38.750 -1.01234
18.250 39.250 -0.98408
18.250 39.750 -0.95600
18.250 40.250 -0.92820
18.250 40.750 -0.90073
18.250 41.250 -0.87365
18.250 41.750 -0.84700
18.250 42.250 -0.82084
18.250 42.750 -0.79518
18.250 43.250 -0.77007
18.250 43.750 -0.74551
18.250 44.250 -0.72153
18.250 44.750 -0.69814
18.750 -44.750 -0.70020
18.750 -44.250 -0.72452
18.750 -43.750 -0.74951
18.750 -43.250 -0.77515
18.750 -42.750 -0.80144
18.750 -42.250 -0.82835
18.750 -41.750 -0.85586
18.750 -41.250 -0.88395
18.750 -40.750 -0.91257
18.750 -40.250 -0.94168
18.750 -39.750 -0.97123
18.750 -39.250 -1.00115
18.750 -38.750 -1.03138
18.750 -38.250 -1.06182
18.750 -37.750 -1.09238
18.750 -37.250 -1.12296
18.750 -36.750 -1.15343
18.750 -36.250 -1.18365
18.750 -35.750 -1.21348
18.750 -35.250 -1.24275
18.750 -34.750 -1.27128
18.750 -34.250 -1.29887
18.750 -33.750 -1.32530
18.750 -33.250 -1.35035
18.750 -32.750 -1.37378
18.750 -32.250 -1.39532
18.750 -31.750 -1.41471
18.750 -31.250 -1.43166
18.750 -30.750 -1.44589
18.750 -30.250 -1.45709
18.750 -29.750 -1.46496
18.750 -29.250 -1.46919
18.750 -28.750 -1.46950
18.750 -28.250 -1.46558
18.750 -27.750 -1.45715
18.750 -27.250 -1.44394
18.750 -26.750 -1.42571
18.750 -26.250 -1.40223
18.750 -25.750 -1.37331
18.750 -25.250 -1.33879
18.750 -24.750 -1.29855
18.750 -24.250 -1.25249
18.750 -23.750 -1.20059
18.750 -23.250 -1.14285
18.750 -22.750 -1.07933
18.750 -22.250 -1.01012
18.750 -21.750 -0.93537
18.750 -21.250 -0.85528
18.750 -20.750 -0.77009
18.750 -20.250 -0.68008
18.750 -19.750 -0.58558
18.750 -19.250 -0.48694
18.750 -18.750 -0.38454
18.750 -18.250 -0.27879
18.750 -17.750 -0.17014
18.750 -17.250 -0.05902
18.750 -16.750  0.05411
18.750 -16.250  0.16877
18.750 -15.750  0.28452
18.750 -15.250  0.40089
18.750 -14.750  0.51742
18.750 -14.250  0.63367
18.750 -13.750  0.74923
18.750 -13.250  0.86367
18.750 -12.750  0.97661
18.750 -12.250  1.08767
18.750 -11.750  1.19651
18.750 -11.250  1.30279
18.750 -10.750  1.40621
18.750 -10.250  1.50649
18.750 -9.750  1.60337
18.750 -9.250  1.69661
18.750 -8.750  1.78598
18.750 -8.250  1.87129
18.750 -7.750  1.95237
18.750 -7.250  2.02903
18.750 -6.750  2.10115
18.750 -6.250  2.16859
18.750 -5.750  2.23124
18.750 -5.250  2.28898
18.750 -4.750  2.34173
18.750 -4.250  2.38942
18.750 -3.750  2.43197
18.750 -3.250  2.46932
18.750 -2.750  2.50142
18.750 -2.250  2.52824
18.750 -1.750  2.54973
18.750 -1.250  2.56587
18.750 -0.750  2.57664
18.750 -0.250  2.58203
18.750 0.250  2.58203
18.750 0.750  2.57664
18.750 1.250  2.56587
18.750 1.750  2.54973
18.750 2.250  2.52824
18.750 2.750  2.50142
18.750 3.250  2.46932
18.750 3.750  2.43197
18.750 4.250  2.38942
18.750 4.750  2.34173
18.750 5.250  2.28898
18.750 5.750  2.23124
18.750 6.250  2.16859
18.750 6.750  2.10115
18.750 7.250  2.02903
18.750 7.750  1.95237
18.750 8.250  1.87129
18.750 8.750  1.78598
18.750 9.250  1.69661
18.750 9.750  1.60337
18.750 10.250  1.50649
18.750 10.750  1.40621
18.750 11.250  1.30279
18.750 11.750  1.19651
18.750 12.250  1.08767
18.750 12.750  0.97661
18.750 13.250  0.86367
18.750 13.750  0.74923
18.750 14.250  0.63367
18.750 14.750  0.51742
18.750 15.250  0.40089
18.750 15.750  0.28452
18.750 16.250  0.16877
18.750 16.750  0.05411
18.750 17.250 -0.05902
18.750 17.750 -0.17014
18.750 18.250 -0.27879
18.750 18.750 -0.38454
18.750 19.250 -0.48694
18.750 19.750 -0.58558
18.750 20.250 -0.68008
18.750 20.750 -0.77009
18.750 21.250 -0.85528
18.750 21.750 -0.93537
18.750 22.250 -1.01012
18.750 22.750 -1.07933
18.750 23.250 -1.14285
18.750 23.750 -1.20059
18.750 24.250 -1.25249
18.750 24.750 -1.29855
18.750 25.250 -1.33879
18.750 25.750 -1.37331
18.750 26.250 -1.40223
18.750 26.750 -1.42571
18.750 27.250 -1.44394
18.750 27.750 -1.45715
18.750 28.250 -1.46558
18.750 28.750 -1.46950
18.750 29.250 -1.46919
18.750 29.750 -1.46496
18.750 30.250 -1.45709
18.750 30.750 -1.44589
18.750 31.250 -1.43166
18.750 31.750 -1.41471
18.750 32.250 -1.39532
18.750 32.750 -1.37378
18.750 33.250 -1.35035
18.750 33.750 -1.32530
18.750 34.250 -1.29887
18.750 34.750 -1.27128
18.750 35.250 -1.24275
18.750 35.750 -1.21348
18.750 36.250 -1.18365
18.750 36.750 -1.15343
18.750 37.250 -1.12296
18.750 37.750 -1.09238
18.750 38.250 -1.06182
18.750 38.750 -1.03138
18.750 39.250 -1.00115
18.750 39.750 -0.97123
18.750 40.250 -0.94168
18.750 40.750 -0.91257
18.750 41.250 -0.88395
18.750 41.750 -0.85586
18.750 42.250 -0.82835
18.750 42.750 -0.80144
18.750 43.250 -0.77515
18.750 43.750 -0.74951
18.750 44.250 -0.72452
18.750 44.750 -0.70020
19.250 -44.750 -0.70160
19.250 -44.250 -0.72685
19.250 -43.750 -0.75285
19.250 -43.250 -0.77959
19.250 -42.750 -0.80706
19.250 -42.250 -0.83525
19.250 -41.750 -0.86414
19.250 -41.250 -0.89371
19.250 -40.750 -0.92391
19.250 -40.250 -0.95472
19.250 -39.750 -0.98607
19.250 -39.250 -1.01792
19.250 -38.750 -1.05019
19.250 -38.250 -1.08279
19.250 -37.750 -1.11563
19.250 -37.250 -1.14861
19.250 -36.750 -1.18160
19.250 -36.250 -1.21445
19.250 -35.750 -1.24703
19.250 -35.250 -1.27914
19.250 -34.750 -1.31061
19.250 -34.250 -1.34122
19.250 -33.750 -1.37075
19.250 -33.250 -1.39895
19.250 -32.750 -1.42557
19.250 -32.250 -1.45032
19.250 -31.750 -1.47291
19.250 -31.250 -1.49303
19.250 -30.750 -1.51037
19.250 -30.250 -1.52458
19.250 -29.750 -1.53535
19.250 -29.250 -1.54232
19.250 -28.750 -1.54517
19.250 -28.250 -1.54355
19.250 -27.750 -1.53716
19.250 -27.250 -1.52569
19.250 -26.750 -1.50885
19.250 -26.250 -1.48639
19.250 -25.750 -1.45808
19.250 -25.250 -1.42373
19.250 -24.750 -1.38320
19.250 -24.250 -1.33639
19.250 -23.750 -1.28323
19.250 -23.250 -1.22374
19.250 -22.750 -1.15796
19.250 -22.250 -1.08599
19.250 -21.750 -1.00800
19.250 -21.250 -0.92420
19.250 -20.750 -0.83486
19.250 -20.250 -0.74027
19.250 -19.750 -0.64080
19.250 -19.250 -0.53684
19.250 -18.750 -0.42881
19.250 -18.250 -0.31717
19.250 -17.750 -0.20239
19.250 -17.250 -0.08496
19.250 -16.750  0.03461
19.250 -16.250  0.15581
19.250 -15.750  0.27815
19.250 -15.250  0.40111
19.250 -14.750  0.52421
19.250 -14.250  0.64697
19.250 -13.750  0.76893
19.250 -13.250  0.88965
19.250 -12.750  1.00872
19.250 -12.250  1.12574
19.250 -11.750  1.24033
19.250 -11.250  1.35217
19.250 -10.750  1.46091
19.250 -10.250  1.56629
19.250 -9.750  1.66801
19.250 -9.250  1.76585
19.250 -8.750  1.85957
19.250 -8.250  1.94897
19.250 -7.750  2.03387
19.250 -7.250  2.11412
19.250 -6.750  2.18956
19.250 -6.250  2.26006
19.250 -5.750  2.32552
19.250 -5.250  2.38583
19.250 -4.750  2.44090
19.250 -4.250  2.49067
19.250 -3.750  2.53505
19.250 -3.250  2.57400
19.250 -2.750  2.60747
19.250 -2.250  2.63542
19.250 -1.750  2.65782
19.250 -1.250  2.67464
19.250 -0.750  2.68586
19.250 -0.250  2.69148
19.250 0.250  2.69148
19.250 0.750  2.68586
19.250 1.250  2.67464
19.250 1.750  2.65782
19.250 2.250  2.63542
19.250 2.750  2.60747
19.250 3.250  2.57400
19.250 3.750  2.53505
19.250 4.250  2.49067
19.250 4.750  2.44090
19.250 5.250  2.38583
19.250 5.750  2.32552
19.250 6.250  2.26006
19.250 6.750  2.18956
19.250 7.250  2.11412
19.250 7.750  2.03387
19.250 8.250  1.94897
19.250 8.750  1.85957
19.250 9.250  1.76585
19.250 9.750  1.66801
19.250 10.250  1.56629
19.250 10.750  1.46091
19.250 11.250  1.35217
19.250 11.750  1.24033
19.250 12.250  1.12574
19.250 12.750  1.00872
19.250 13.250  0.88965
19.250 13.750  0.76893
19.250 14.250  0.64697
19.250 14.750  0.52421
19.250 15.250  0.40111
19.250 15.750  0.27815
19.250 16.250  0.15581
19.250 16.750  0.03461
19.250 17.250 -0.08496
19.250 17.750 -0.20239
19.250 18.250 -0.31717
19.250 18.750 -0.42881
19.250 19.250 -0.53684
19.250 19.750 -0.64080
19.250 20.250 -0.74027
19.250 20.750 -0.83486
19.250 21.250 -0.92420
19.250 21.750 -1.00800
19.250 22.250 -1.08599
19.250 22.750 -1.15796
19.250 23.250 -1.22374
19.250 23.750 -1.28323
19.250 24.250 -1.33639
19.250 24.750 -1.38320
19.250 25.250 -1.42373
19.250 25.750 -1.45808
19.250 26.250 -1.48639
19.250 26.750 -1.50885
19.250 27.250 -1.52569
19.250 27.750 -1.53716
19.250 28.250 -1.54355
19.250 28.750 -1.54517
19.250 29.250 -1.54232
19.250 29.750 -1.53535
19.250 30.250 -1.52458
19.250 30.750 -1.51037
19.250 31.250 -1.49303
19.250 31.750 -1.47291
19.250 32.250 -1.45032
19.250 32.750 -1.42557
19.250 33.250 -1.39895
19.250 33.750 -1.37075
19.250 34.250 -1.34122
19.250 34.750 -1.31061
19.250 35.250 -1.27914
19.250 35.750 -1.24703
19.250 36.250 -1.21445
19.250 36.750 -1.18160
19.250 37.250 -1.14861
19.250 37.750 -1.11563
19.250 38.250 -1.08279
19.250 38.750 -1.05019
19.250 39.250 -1.01792
19.250 39.750 -0.98607
19.250 40.250 -0.95472
19.250 40.750 -0.92391
19.250 41.250 -0.89371
19.250 41.750 -0.86414
19.250 42.250 -0.83525
19.250 42.750 -0.80706
19.250 43.250 -0.77959
19.250 43.750 -0.75285
19.250 44.250 -0.72685
19.250 44.750 -0.70160
19.750 -44.750 -0.70225
19.750 -44.250 -0.72843
19.750 -43.750 -0.75545
19.750 -43.250 -0.78329
19.750 -42.750 -0.81197
19.750 -42.250 -0.84146
19.750 -41.750 -0.87175
19.750 -41.250 -0.90283
19.750 -40.750 -0.93466
19.750 -40.250 -0.96721
19.750 -39.750 -1.00043
19.750 -39.250 -1.03427
19.750 -38.750 -1.06866
19.750 -38.250 -1.10352
19.750 -37.750 -1.13875
19.750 -37.250 -1.17425
19.750 -36.750 -1.20989
19.750 -36.250 -1.24554
19.750 -35.750 -1.28102
19.750 -35.250 -1.31617
19.750 -34.750 -1.35079
19.750 -34.250 -1.38465
19.750 -33.750 -1.41752
19.750 -33.250 -1.44914
19.750 -32.750 -1.47922
19.750 -32.250 -1.50748
19.750 -31.750 -1.53358
19.750 -31.250 -1.55719
19.750 -30.750 -1.57796
19.750 -30.250 -1.59553
19.750 -29.750 -1.60953
19.750 -29.250 -1.61958
19.750 -28.750 -1.62530
19.750 -28.250 -1.62631
19.750 -27.750 -1.62227
19.750 -27.250 -1.61281
19.750 -26.750 -1.59762
19.750 -26.250 -1.57640
19.750 -25.750 -1.54889
19.750 -25.250 -1.51486
19.750 -24.750 -1.47415
19.750 -24.250 -1.42662
19.750 -23.750 -1.37222
19.750 -23.250 -1.31092
19.750 -22.750 -1.24277
19.750 -22.250 -1.16790
19.750 -21.750 -1.08646
19.750 -21.250 -0.99868
19.750 -20.750 -0.90487
19.750 -20.250 -0.80535
19.750 -19.750 -0.70052
19.750 -19.250 -0.59081
19.750 -18.750 -0.47670
19.750 -18.250 -0.35868
19.750 -17.750 -0.23728
19.750 -17.250 -0.11304
19.750 -16.750  0.01348
19.750 -16.250  0.14173
19.750 -15.750  0.27115
19.750 -15.250  0.40120
19.750 -14.750  0.53134
19.750 -14.250  0.66107
19.750 -13.750  0.78988
19.750 -13.250  0.91730
19.750 -12.750  1.04289
19.750 -12.250  1.16623
19.750 -11.750  1.28693
19.750 -11.250  1.40463
19.750 -10.750  1.51900
19.750 -10.250  1.62973
19.750 -9.750  1.73655
19.750 -9.250  1.83921
19.750 -8.750  1.93747
19.750 -8.250  2.03114
19.750 -7.750  2.12004
19.750 -7.250  2.20401
19.750 -6.750  2.28289
19.750 -6.250  2.35658
19.750 -5.750  2.42495
19.750 -5.250  2.48791
19.750 -4.750  2.54539
19.750 -4.250  2.59729
19.750 -3.750  2.64357
19.750 -3.250  2.68417
19.750 -2.750  2.71905
19.750 -2.250  2.74816
19.750 -1.750  2.77149
19.750 -1.250  2.78901
19.750 -0.750  2.80069
19.750 -0.250  2.80654
19.750 0.250  2.80654
19.750 0.750  2.80069
19.750 1.250  2.78901
19.750 1.750  2.77149
19.750 2.250  2.74816
19.750 2.750  2.71905
19.750 3.250  2.68417
19.750 3.750  2.64357
19.750 4.250  2.59729
19.750 4.750  2.54539
19.750 5.250  2.48791
19.750 5.750  2.42495
19.750 6.250  2.35658
19.750 6.750  2.28289
19.750 7.250  2.20401
19.750 7.750  2.12004
19.750 8.250  2.03114
19.750 8.750  1.93747
19.750 9.250  1.83921
19.750 9.750  1.73655
19.750 10.250  1.62973
19.750 10.750  1.51900
19.750 11.250  1.40463
19.750 11.750  1.28693
19.750 12.250  1.16623
19.750 12.750  1.04289
19.750 13.250  0.91730
19.750 13.750  0.78988
19.750 14.250  0.66107
19.750 14.750  0.53134
19.750 15.250  0.40120
19.750 15.750  0.27115
19.750 16.250  0.14173
19.750 16.750  0.01348
19.750 17.250 -0.11304
19.750 17.750 -0.23728
19.750 18.250 -0.35868
19.750 18.750 -0.47670
19.750 19.250 -0.59081
19.750 19.750 -0.70052
19.750 20.250 -0.80535
19.750 20.750 -0.90487
19.750 21.250 -0.99868
19.750 21.750 -1.08646
19.750 22.250 -1.16790
19.750 22.750 -1.24277
19.750 23.250 -1.31092
19.750 23.750 -1.37222
19.750 24.250 -1.42662
19.750 24.750 -1.47415
19.750 25.250 -1.51486
19.750 25.750 -1.54889
19.750 26.250 -1.57640
19.750 26.750 -1.59762
19.750 27.250 -1.61281
19.750 27.750 -1.62227
19.750 28.250 -1.62631
19.750 28.750 -1.62530
19.750 29.250 -1.61958
19.750 29.750 -1.60953
19.750 30.250 -1.59553
19.750 30.750 -1.57796
19.750 31.250 -1.55719
19.750 31.750 -1.53358
19.750 32.250 -1.50748
19.750 32.750 -1.47922
19.750 33.250 -1.44914
19.750 33.750 -1.41752
19.750 34.250 -1.38465
19.750 34.750 -1.35079
19.750 35.250 -1.31617
19.750 35.750 -1.28102
19.750 36.250 -1.24554
19.750 36.750 -1.20989
19.750 37.250 -1.17425
19.750 37.750 -1.13875
19.750 38.250 -1.10352
19.750 38.750 -1.06866
19.750 39.250 -1.03427
19.750 39.750 -1.00043
19.750 40.250 -0.96721
19.750 40.750 -0.93466
19.750 41.250 -0.90283
19.750 41.750 -0.87175
19.750 42.250 -0.84146
19.750 42.750 -0.81197
19.750 43.250 -0.78329
19.750 43.750 -0.75545
19.750 44.250 -0.72843
19.750 44.750 -0.70225
20.250 -44.750 -0.70207
20.250 -44.250 -0.72919
20.250 -43.750 -0.75722
20.250 -43.250 -0.78617
20.250 -42.750 -0.81605
20.250 -42.250 -0.84685
20.250 -41.750 -0.87857
20.250 -41.250 -0.91119
20.250 -40.750 -0.94468
20.250 -40.250 -0.97902
20.250 -39.750 -1.01417
20.250 -39.250 -1.05007
20.250 -38.750 -1.08666
20.250 -38.250 -1.12386
20.250 -37.750 -1.16159
20.250 -37.250 -1.19974
20.250 -36.750 -1.23818
20.250 -36.250 -1.27677
20.250 -35.750 -1.31535
20.250 -35.250 -1.35374
20.250 -34.750 -1.39172
20.250 -34.250 -1.42907
20.250 -33.750 -1.46554
20.250 -33.250 -1.50085
20.250 -32.750 -1.53471
20.250 -32.250 -1.56678
20.250 -31.750 -1.59673
20.250 -31.250 -1.62418
20.250 -30.750 -1.64876
20.250 -30.250 -1.67006
20.250 -29.750 -1.68767
20.250 -29.250 -1.70116
20.250 -28.750 -1.71013
20.250 -28.250 -1.71414
20.250 -27.750 -1.71278
20.250 -27.250 -1.70567
20.250 -26.750 -1.69242
20.250 -26.250 -1.67271
20.250 -25.750 -1.64622
20.250 -25.250 -1.61269
20.250 -24.750 -1.57192
20.250 -24.250 -1.52375
20.250 -23.750 -1.46811
20.250 -23.250 -1.40495
20.250 -22.750 -1.33434
20.250 -22.250 -1.25637
20.250 -21.750 -1.17125
20.250 -21.250 -1.07922
20.250 -20.750 -0.98059
20.250 -20.250 -0.87575
20.250 -19.750 -0.76512
20.250 -19.250 -0.64920
20.250 -18.750 -0.52850
20.250 -18.250 -0.40358
20.250 -17.750 -0.27501
20.250 -17.250 -0.14341
20.250 -16.750 -0.00938
20.250 -16.250  0.12646
20.250 -15.750  0.26352
20.250 -15.250  0.40119
20.250 -14.750  0.53890
20.250 -14.250  0.67609
20.250 -13.750  0.81221
20.250 -13.250  0.94678
20.250 -12.750  1.07931
20.250 -12.250  1.20936
20.250 -11.750  1.33653
20.250 -11.250  1.46043
20.250 -10.750  1.58072
20.250 -10.250  1.69709
20.250 -9.750  1.80926
20.250 -9.250  1.91696
20.250 -8.750  2.01997
20.250 -8.250  2.11810
20.250 -7.750  2.21115
20.250 -7.250  2.29898
20.250 -6.750  2.38144
20.250 -6.250  2.45841
20.250 -5.750  2.52980
20.250 -5.250  2.59550
20.250 -4.750  2.65543
20.250 -4.250  2.70954
20.250 -3.750  2.75777
20.250 -3.250  2.80006
20.250 -2.750  2.83638
20.250 -2.250  2.86670
20.250 -1.750  2.89098
20.250 -1.250  2.90920
20.250 -0.750  2.92136
20.250 -0.250  2.92745
20.250 0.250  2.92745
20.250 0.750  2.92136
20.250 1.250  2.90920
20.250 1.750  2.89098
20.250 2.250  2.86670
20.250 2.750  2.83638
20.250 3.250  2.80006
20.250 3.750  2.75777
20.250 4.250  2.70954
20.250 4.750  2.65543
20.250 5.250  2.59550
20.250 5.750  2.52980
20.250 6.250  2.45841
20.250 6.750  2.38144
20.250 7.250  2.29898
20.250 7.750  2.21115
20.250 8.250  2.11810
20.250 8.750  2.01997
20.250 9.250  1.91696
20.250 9.750  1.80926
20.250 10.250  1.69709
20.250 10.750  1.58072
20.250 11.250  1.46043
20.250 11.750  1.33653
20.250 12.250  1.20936
20.250 12.750  1.07931
20.250 13.250  0.94678
20.250 13.750  0.81221
20.250 14.250  0.67609
20.250 14.750  0.53890
20.250 15.250  0.40119
20.250 15.750  0.26352
20.250 16.250  0.12646
20.250 16.750 -0.00938
20.250 17.250 -0.14341
20.250 17.750 -0.27501
20.250 18.250 -0.40358
20.250 18.750 -0.52850
20.250 19.250 -0.64920
20.250 19.750 -0.76512
20.250 20.250 -0.87575
20.250 20.750 -0.98059
20.250 21.250 -1.07922
20.250 21.750 -1.17125
20.250 22.250 -1.25637
20.250 22.750 -1.33434
20.250 23.250 -1.40495
20.250 23.750 -1.46811
20.250 24.250 -1.52375
20.250 24.750 -1.57192
20.250 25.250 -1.61269
20.250 25.750 -1.64622
20.250 26.250 -1.67271
20.250 26.750 -1.69242
20.250 27.250 -1.70567
20.250 27.750 -1.71278
20.250 28.250 -1.71414
20.250 28.750 -1.71013
20.250 29.250 -1.70116
20.250 29.750 -1.68767
20.250 30.250 -1.67006
20.250 30.750 -1.64876
20.250 31.250 -1.62418
20.250 31.750 -1.59673
20.250 32.250 -1.56678
20.250 32.750 -1.53471
20.250 33.250 -1.50085
20.250 33.750 -1.46554
20.250 34.250 -1.42907
20.250 34.750 -1.39172
20.250 35.250 -1.35374
20.250 35.750 -1.31535
20.250 36.250 -1.27677
20.250 36.750 -1.23818
20.250 37.250 -1.19974
20.250 37.750 -1.16159
20.250 38.250 -1.12386
20.250 38.750 -1.08666
20.250 39.250 -1.05007
20.250 39.750 -1.01417
20.250 40.250 -0.97902
20.250 40.750 -0.94468
20.250 41.250 -0.91119
20.250 41.750 -0.87857
20.250 42.250 -0.84685
20.250 42.750 -0.81605
20.250 43.250 -0.78617
20.250 43.750 -0.75722
20.250 44.250 -0.72919
20.250 44.750 -0.70207
20.750 -44.750 -0.70099
20.750 -44.250 -0.72902
20.750 -43.750 -0.75806
20.750 -43.250 -0.78812
20.750 -42.750 -0.81921
20.750 -42.250 -0.85134
20.750 -41.750 -0.88449
20.750 -41.250 -0.91867
20.750 -40.750 -0.95386
20.750 -40.250 -0.99003
20.750 -39.750 -1.02715
20.750 -39.250 -1.06517
20.750 -38.750 -1.10404
20.750 -38.250 -1.14369
20.750 -37.750 -1.18402
20.750 -37.250 -1.22494
20.750 -36.750 -1.26632
20.750 -36.250 -1.30802
20.750 -35.750 -1.34988
20.750 -35.250 -1.39170
20.750 -34.750 -1.43328
20.750 -34.250 -1.47437
20.750 -33.750 -1.51472
20.750 -33.250 -1.55402
20.750 -32.750 -1.59197
20.750 -32.250 -1.62821
20.750 -31.750 -1.66237
20.750 -31.250 -1.69405
20.750 -30.750 -1.72283
20.750 -30.250 -1.74827
20.750 -29.750 -1.76991
20.750 -29.250 -1.78728
20.750 -28.750 -1.79991
20.750 -28.250 -1.80733
20.750 -27.750 -1.80906
20.750 -27.250 -1.80466
20.750 -26.750 -1.79371
20.750 -26.250 -1.77580
20.750 -25.750 -1.75059
20.750 -25.250 -1.71777
20.750 -24.750 -1.67709
20.750 -24.250 -1.62838
20.750 -23.750 -1.57151
20.750 -23.250 -1.50646
20.750 -22.750 -1.43326
20.750 -22.250 -1.35203
20.750 -21.750 -1.26297
20.750 -21.250 -1.16635
20.750 -20.750 -1.06253
20.750 -20.250 -0.95194
20.750 -19.750 -0.83503
20.750 -19.250 -0.71237
20.750 -18.750 -0.58452
20.750 -18.250 -0.45211
20.750 -17.750 -0.31579
20.750 -17.250 -0.17621
20.750 -16.750 -0.03406
20.750 -16.250  0.11000
20.750 -15.750  0.25529
20.750 -15.250  0.40116
20.750 -14.750  0.54699
20.750 -14.250  0.69216
20.750 -13.750  0.83612
20.750 -13.250  0.97830
20.750 -12.750  1.11822
20.750 -12.250  1.25539
20.750 -11.750  1.38940
20.750 -11.250  1.51985
20.750 -10.750  1.64638
20.750 -10.250  1.76867
20.750 -9.750  1.88643
20.750 -9.250  1.99940
20.750 -8.750  2.10737
20.750 -8.250  2.21012
20.750 -7.750  2.30749
20.750 -7.250  2.39932
20.750 -6.750  2.48547
20.750 -6.250  2.56584
20.750 -5.750  2.64032
20.750 -5.250  2.70884
20.750 -4.750  2.77131
20.750 -4.250  2.82769
20.750 -3.750  2.87790
20.750 -3.250  2.92193
20.750 -2.750  2.95972
20.750 -2.250  2.99126
20.750 -1.750  3.01651
20.750 -1.250  3.03547
20.750 -0.750  3.04811
20.750 -0.250  3.05444
20.750 0.250  3.05444
20.750 0.750  3.04811
20.750 1.250  3.03547
20.750 1.750  3.01651
20.750 2.250  2.99126
20.750 2.750  2.95972
20.750 3.250  2.92193
20.750 3.750  2.87790
20.750 4.250  2.82769
20.750 4.750  2.77131
20.750 5.250  2.70884
20.750 5.750  2.64032
20.750 6.250  2.56584
20.750 6.750  2.48547
20.750 7.250  2.39932
20.750 7.750  2.30749
20.750 8.250  2.21012
20.750 8.750  2.10737
20.750 9.250  1.99940
20.750 9.750  1.88643
20.750 10.250  1.76867
20.750 10.750  1.64638
20.750 11.250  1.51985
20.750 11.750  1.38940
20.750 12.250  1.25539
20.750 12.750  1.11822
20.750 13.250  0.97830
20.750 13.750  0.83612
20.750 14.250  0.69216
20.750 14.750  0.54699
20.750 15.250  0.40116
20.750 15.750  0.25529
20.750 16.250  0.11000
20.750 16.750 -0.03406
20.750 17.250 -0.17621
20.750 17.750 -0.31579
20.750 18.250 -0.45211
20.750 18.750 -0.58452
20.750 19.250 -0.71237
20.750 19.750 -0.83503
20.750 20.250 -0.95194
20.750 20.750 -1.06253
20.750 21.250 -1.16635
20.750 21.750 -1.26297
20.750 22.250 -1.35203
20.750 22.750 -1.43326
20.750 23.250 -1.50646
20.750 23.750 -1.57151
20.750 24.250 -1.62838
20.750 24.750 -1.67709
20.750 25.250 -1.71777
20.750 25.750 -1.75059
20.750 26.250 -1.77580
20.750 26.750 -1.79371
20.750 27.250 -1.80466
20.750 27.750 -1.80906
20.750 28.250 -1.80733
20.750 28.750 -1.79991
20.750 29.250 -1.78728
20.750 29.750 -1.76991
20.750 30.250 -1.74827
20.750 30.750 -1.72283
20.750 31.250 -1.69405
20.750 31.750 -1.66237
20.750 32.250 -1.62821
20.750 32.750 -1.59197
20.750 33.250 -1.55402
20.750 33.750 -1.51472
20.750 34.250 -1.47437
20.750 34.750 -1.43328
20.750 35.250 -1.39170
20.750 35.750 -1.34988
20.750 36.250 -1.30802
20.750 36.750 -1.26632
20.750 37.250 -1.22494
20.750 37.750 -1.18402
20.750 38.250 -1.14369
20.750 38.750 -1.10404
20.750 39.250 -1.06517
20.750 39.750 -1.02715
20.750 40.250 -0.99003
20.750 40.750 -0.95386
20.750 41.250 -0.91867
20.750 41.750 -0.88449
20.750 42.250 -0.85134
20.750 42.750 -0.81921
20.750 43.250 -0.78812
20.750 43.750 -0.75806
20.750 44.250 -0.72902
20.750 44.750 -0.70099
21.250 -44.750 -0.69891
21.250 -44.250 -0.72785
21.250 -43.750 -0.75789
21.250 -43.250 -0.78905
21.250 -42.750 -0.82134
21.250 -42.250 -0.85479
21.250 -41.750 -0.88939
21.250 -41.250 -0.92515
21.250 -40.750 -0.96205
21.250 -40.250 -1.00008
21.250 -39.750 -1.03922
21.250 -39.250 -1.07942
21.250 -38.750 -1.12065
21.250 -38.250 -1.16282
21.250 -37.750 -1.20586
21.250 -37.250 -1.24967
21.250 -36.750 -1.29413
21.250 -36.250 -1.33911
21.250 -35.750 -1.38443
21.250 -35.250 -1.42990
21.250 -34.750 -1.47531
21.250 -34.250 -1.52041
21.250 -33.750 -1.56493
21.250 -33.250 -1.60855
21.250 -32.750 -1.65094
21.250 -32.250 -1.69172
21.250 -31.750 -1.73049
21.250 -31.250 -1.76682
21.250 -30.750 -1.80024
21.250 -30.250 -1.83028
21.250 -29.750 -1.85642
21.250 -29.250 -1.87814
21.250 -28.750 -1.89491
21.250 -28.250 -1.90620
21.250 -27.750 -1.91147
21.250 -27.250 -1.91022
21.250 -26.750 -1.90195
21.250 -26.250 -1.88621
21.250 -25.750 -1.86258
21.250 -25.250 -1.83071
21.250 -24.750 -1.79032
21.250 -24.250 -1.74117
21.250 -23.750 -1.68312
21.250 -23.250 -1.61613
21.250 -22.750 -1.54022
21.250 -22.250 -1.45552
21.250 -21.750 -1.36225
21.250 -21.250 -1.26070
21.250 -20.750 -1.15127
21.250 -20.250 -1.03443
21.250 -19.750 -0.91072
21.250 -19.250 -0.78073
21.250 -18.750 -0.64511
21.250 -18.250 -0.50457
21.250 -17.750 -0.35981
21.250 -17.250 -0.21159
21.250 -16.750 -0.06064
21.250 -16.250  0.09229
21.250 -15.750  0.24647
21.250 -15.250  0.40118
21.250 -14.750  0.55573
21.250 -14.250  0.70947
21.250 -13.750  0.86179
21.250 -13.250  1.01210
21.250 -12.750  1.15987
21.250 -12.250  1.30460
21.250 -11.750  1.44584
21.250 -11.250  1.58319
21.250 -10.750  1.71627
21.250 -10.250  1.84477
21.250 -9.750  1.96839
21.250 -9.250  2.08686
21.250 -8.750  2.19998
21.250 -8.250  2.30754
21.250 -7.750  2.40937
21.250 -7.250  2.50533
21.250 -6.750  2.59529
21.250 -6.250  2.67916
21.250 -5.750  2.75682
21.250 -5.250  2.82823
21.250 -4.750  2.89329
21.250 -4.250  2.95198
21.250 -3.750  3.00424
21.250 -3.250  3.05003
21.250 -2.750  3.08933
21.250 -2.250  3.12211
21.250 -1.750  3.14835
21.250 -1.250  3.16805
21.250 -0.750  3.18118
21.250 -0.250  3.18775
21.250 0.250  3.18775
21.250 0.750  3.18118
21.250 1.250  3.16805
21.250 1.750  3.14835
21.250 2.250  3.12211
21.250 2.750  3.08933
21.250 3.250  3.05003
21.250 3.750  3.00424
21.250 4.250  2.95198
21.250 4.750  2.89329
21.250 5.250  2.82823
21.250 5.750  2.75682
21.250 6.250  2.67916
21.250 6.750  2.59529
21.250 7.250  2.50533
21.250 7.750  2.40937
21.250 8.250  2.30754
21.250 8.750  2.19998
21.250 9.250  2.08686
21.250 9.750  1.96839
21.250 10.250  1.84477
21.250 10.750  1.71627
21.250 11.250  1.58319
21.250 11.750  1.44584
21.250 12.250  1.30460
21.250 12.750  1.15987
21.250 13.250  1.01210
21.250 13.750  0.86179
21.250 14.250  0.70947
21.250 14.750  0.55573
21.250 15.250  0.40118
21.250 15.750  0.24647
21.250 16.250  0.09229
21.250 16.750 -0.06064
21.250 17.250 -0.21159
21.250 17.750 -0.35981
21.250 18.250 -0.50457
21.250 18.750 -0.64511
21.250 19.250 -0.78073
21.250 19.750 -0.91072
21.250 20.250 -1.03443
21.250 20.750 -1.15127
21.250 21.250 -1.26070
21.250 21.750 -1.36225
21.250 22.250 -1.45552
21.250 22.750 -1.54022
21.250 23.250 -1.61613
21.250 23.750 -1.68312
21.250 24.250 -1.74117
21.250 24.750 -1.79032
21.250 25.250 -1.83071
21.250 25.750 -1.86258
21.250 26.250 -1.88621
21.250 26.750 -1.90195
21.250 27.250 -1.91022
21.250 27.750 -1.91147
21.250 28.250 -1.90620
21.250 28.750 -1.89491
21.250 29.250 -1.87814
21.250 29.750 -1.85642
21.250 30.250 -1.83028
21.250 30.750 -1.80024
21.250 31.250 -1.76682
21.250 31.750 -1.73049
21.250 32.250 -1.69172
21.250 32.750 -1.65094
21.250 33.250 -1.60855
21.250 33.750 -1.56493
21.250 34.250 -1.52041
21.250 34.750 -1.47531
21.250 35.250 -1.42990
21.250 35.750 -1.38443
21.250 36.250 -1.33911
21.250 36.750 -1.29413
21.250 37.250 -1.24967
21.250 37.750 -1.20586
21.250 38.250 -1.16282
21.250 38.750 -1.12065
21.250 39.250 -1.07942
21.250 39.750 -1.03922
21.250 40.250 -1.00008
21.250 40.750 -0.96205
21.250 41.250 -0.92515
21.250 41.750 -0.88939
21.250 42.250 -0.85479
21.250 42.750 -0.82134
21.250 43.250 -0.78905
21.250 43.750 -0.75789
21.250 44.250 -0.72785
21.250 44.750 -0.69891
21.750 -44.750 -0.69576
21.750 -44.250 -0.72558
21.750 -43.750 -0.75659
21.750 -43.250 -0.78883
21.750 -42.750 -0.82232
21.750 -42.250 -0.85708
21.750 -41.750 -0.89313
21.750 -41.250 -0.93047
21.750 -40.750 -0.96911
21.750 -40.250 -1.00903
21.750 -39.750 -1.05022
21.750 -39.250 -1.09266
21.750 -38.750 -1.13630
21.750 -38.250 -1.18108
21.750 -37.750 -1.22692
21.750 -37.250 -1.27375
21.750 -36.750 -1.32144
21.750 -36.250 -1.36985
21.750 -35.750 -1.41882
21.750 -35.250 -1.46816
21.750 -34.750 -1.51765
21.750 -34.250 -1.56704
21.750 -33.750 -1.61603
21.750 -33.250 -1.66430
21.750 -32.750 -1.71150
21.750 -32.250 -1.75723
21.750 -31.750 -1.80104
21.750 -31.250 -1.84248
21.750 -30.750 -1.88104
21.750 -30.250 -1.91618
21.750 -29.750 -1.94735
21.750 -29.250 -1.97395
21.750 -28.750 -1.99540
21.750 -28.250 -2.01109
21.750 -27.750 -2.02042
21.750 -27.250 -2.02280
21.750 -26.750 -2.01767
21.750 -26.250 -2.00450
21.750 -25.750 -1.98282
21.750 -25.250 -1.95220
21.750 -24.750 -1.91231
21.750 -24.250 -1.86286
21.750 -23.750 -1.80370
21.750 -23.250 -1.73473
21.750 -22.750 -1.65599
21.750 -22.250 -1.56761
21.750 -21.750 -1.46981
21.750 -21.250 -1.36294
21.750 -20.750 -1.24744
21.750 -20.250 -1.12382
21.750 -19.750 -0.99268
21.750 -19.250 -0.85472
21.750 -18.750 -0.71064
21.750 -18.250 -0.56124
21.750 -17.750 -0.40731
21.750 -17.250 -0.24969
21.750 -16.750 -0.08919
21.750 -16.250  0.07335
21.750 -15.750  0.23712
21.750 -15.250  0.40135
21.750 -14.750  0.56529
21.750 -14.250  0.72822
21.750 -13.750  0.88948
21.750 -13.250  1.04845
21.750 -12.750  1.20456
21.750 -12.250  1.35729
21.750 -11.750  1.50618
21.750 -11.250  1.65080
21.750 -10.750  1.79077
21.750 -10.250  1.92576
21.750 -9.750  2.05549
21.750 -9.250  2.17969
21.750 -8.750  2.29815
21.750 -8.250  2.41068
21.750 -7.750  2.51713
21.750 -7.250  2.61734
21.750 -6.750  2.71122
21.750 -6.250  2.79867
21.750 -5.750  2.87960
21.750 -5.250  2.95395
21.750 -4.750  3.02166
21.750 -4.250  3.08270
21.750 -3.750  3.13703
21.750 -3.250  3.18462
21.750 -2.750  3.22545
21.750 -2.250  3.25949
21.750 -1.750  3.28674
21.750 -1.250  3.30719
21.750 -0.750  3.32082
21.750 -0.250  3.32764
21.750 0.250  3.32764
21.750 0.750  3.32082
21.750 1.250  3.30719
21.750 1.750  3.28674
21.750 2.250  3.25949
21.750 2.750  3.22545
21.750 3.250  3.18462
21.750 3.750  3.13703
21.750 4.250  3.08270
21.750 4.750  3.02166
21.750 5.250  2.95395
21.750 5.750  2.87960
21.750 6.250  2.79867
21.750 6.750  2.71122
21.750 7.250  2.61734
21.750 7.750  2.51713
21.750 8.250  2.41068
21.750 8.750  2.29815
21.750 9.250  2.17969
21.750 9.750  2.05549
21.750 10.250  1.92576
21.750 10.750  1.79077
21.750 11.250  1.65080
21.750 11.750  1.50618
21.750 12.250  1.35729
21.750 12.750  1.20456
21.750 13.250  1.04845
21.750 13.750  0.88948
21.750 14.250  0.72822
21.750 14.750  0.56529
21.750 15.250  0.40135
21.750 15.750  0.23712
21.750 16.250  0.07335
21.750 16.750 -0.08919
21.750 17.250 -0.24969
21.750 17.750 -0.40731
21.750 18.250 -0.56124
21.750 18.750 -0.71064
21.750 19.250 -0.85472
21.750 19.750 -0.99268
21.750 20.250 -1.12382
21.750 20.750 -1.24744
21.750 21.250 -1.36294
21.750 21.750 -1.46981
21.750 22.250 -1.56761
21.750 22.750 -1.65599
21.750 23.250 -1.73473
21.750 23.750 -1.80370
21.750 24.250 -1.86286
21.750 24.750 -1.91231
21.750 25.250 -1.95220
21.750 25.750 -1.98282
21.750 26.250 -2.00450
21.750 26.750 -2.01767
21.750 27.250 -2.02280
21.750 27.750 -2.02042
21.750 28.250 -2.01109
21.750 28.750 -1.99540
21.750 29.250 -1.97395
21.750 29.750 -1.94735
21.750 30.250 -1.91618
21.750 30.750 -1.88104
21.750 31.250 -1.84248
21.750 31.750 -1.80104
21.750 32.250 -1.75723
21.750 32.750 -1.71150
21.750 33.250 -1.66430
21.750 33.750 -1.61603
21.750 34.250 -1.56704
21.750 34.750 -1.51765
21.750 35.250 -1.46816
21.750 35.750 -1.41882
21.750 36.250 -1.36985
21.750 36.750 -1.32144
21.750 37.250 -1.27375
21.750 37.750 -1.22692
21.750 38.250 -1.18108
21.750 38.750 -1.13630
21.750 39.250 -1.09266
21.750 39.750 -1.05022
21.750 40.250 -1.00903
21.750 40.750 -0.96911
21.750 41.250 -0.93047
21.750 41.750 -0.89313
21.750 42.250 -0.85708
21.750 42.750 -0.82232
21.750 43.250 -0.78883
21.750 43.750 -0.75659
21.750 44.250 -0.72558
21.750 44.750 -0.69576
22.250 -44.750 -0.69144
22.250 -44.250 -0.72210
22.250 -43.750 -0.75407
22.250 -43.250 -0.78736
22.250 -42.750 -0.82203
22.250 -42.250 -0.85809
22.250 -41.750 -0.89558
22.250 -41.250 -0.93450
22.250 -40.750 -0.97488
22.250 -40.250 -1.01671
22.250 -39.750 -1.05999
22.250 -39.250 -1.10469
22.250 -38.750 -1.15080
22.250 -38.250 -1.19826
22.250 -37.750 -1.24701
22.250 -37.250 -1.29696
22.250 -36.750 -1.34801
22.250 -36.250 -1.40002
22.250 -35.750 -1.45284
22.250 -35.250 -1.50627
22.250 -34.750 -1.56009
22.250 -34.250 -1.61405
22.250 -33.750 -1.66784
22.250 -33.250 -1.72113
22.250 -32.750 -1.77353
22.250 -32.250 -1.82464
22.250 -31.750 -1.87397
22.250 -31.250 -1.92102
22.250 -30.750 -1.96525
22.250 -30.250 -2.00606
22.250 -29.750 -2.04283
22.250 -29.250 -2.07492
22.250 -28.750 -2.10165
22.250 -28.250 -2.12234
22.250 -27.750 -2.13632
22.250 -27.250 -2.14290
22.250 -26.750 -2.14144
22.250 -26.250 -2.13133
22.250 -25.750 -2.11201
22.250 -25.250 -2.08299
22.250 -24.750 -2.04386
22.250 -24.250 -1.99430
22.250 -23.750 -1.93409
22.250 -23.250 -1.86312
22.250 -22.750 -1.78142
22.250 -22.250 -1.68912
22.250 -21.750 -1.58647
22.250 -21.250 -1.47384
22.250 -20.750 -1.35173
22.250 -20.250 -1.22072
22.250 -19.750 -1.08150
22.250 -19.250 -0.93482
22.250 -18.750 -0.78151
22.250 -18.250 -0.62244
22.250 -17.750 -0.45851
22.250 -17.250 -0.29065
22.250 -16.750 -0.11979
22.250 -16.250  0.05317
22.250 -15.750  0.22733
22.250 -15.250  0.40183
22.250 -14.750  0.57586
22.250 -14.250  0.74864
22.250 -13.750  0.91946
22.250 -13.250  1.08766
22.250 -12.750  1.25264
22.250 -12.250  1.41385
22.250 -11.750  1.57080
22.250 -11.250  1.72306
22.250 -10.750  1.87025
22.250 -10.250  2.01203
22.250 -9.750  2.14812
22.250 -9.250  2.27826
22.250 -8.750  2.40226
22.250 -8.250  2.51992
22.250 -7.750  2.63111
22.250 -7.250  2.73570
22.250 -6.750  2.83359
22.250 -6.250  2.92469
22.250 -5.750  3.00895
22.250 -5.250  3.08630
22.250 -4.750  3.15671
22.250 -4.250  3.22014
22.250 -3.750  3.27657
22.250 -3.250  3.32598
22.250 -2.750  3.36835
22.250 -2.250  3.40367
22.250 -1.750  3.43193
22.250 -1.250  3.45314
22.250 -0.750  3.46728
22.250 -0.250  3.47435
22.250 0.250  3.47435
22.250 0.750  3.46728
22.250 1.250  3.45314
22.250 1.750  3.43193
22.250 2.250  3.40367
22.250 2.750  3.36835
22.250 3.250  3.32598
22.250 3.750  3.27657
22.250 4.250  3.22014
22.250 4.750  3.15671
22.250 5.250  3.08630
22.250 5.750  3.00895
22.250 6.250  2.92469
22.250 6.750  2.83359
22.250 7.250  2.73570
22.250 7.750  2.63111
22.250 8.250  2.51992
22.250 8.750  2.40226
22.250 9.250  2.27826
22.250 9.750  2.14812
22.250 10.250  2.01203
22.250 10.750  1.87025
22.250 11.250  1.72306
22.250 11.750  1.57080
22.250 12.250  1.41385
22.250 12.750  1.25264
22.250 13.250  1.08766
22.250 13.750  0.91946
22.250 14.250  0.74864
22.250 14.750  0.57586
22.250 15.250  0.40183
22.250 15.750  0.22733
22.250 16.250  0.05317
22.250 16.750 -0.11979
22.250 17.250 -0.29065
22.250 17.750 -0.45851
22.250 18.250 -0.62244
22.250 18.750 -0.78151
22.250 19.250 -0.93482
22.250 19.750 -1.08150
22.250 20.250 -1.22072
22.250 20.750 -1.35173
22.250 21.250 -1.47384
22.250 21.750 -1.58647
22.250 22.250 -1.68912
22.250 22.750 -1.78142
22.250 23.250 -1.86312
22.250 23.750 -1.93409
22.250 24.250 -1.99430
22.250 24.750 -2.04386
22.250 25.250 -2.08299
22.250 25.750 -2.11201
22.250 26.250 -2.13133
22.250 26.750 -2.14144
22.250 27.250 -2.14290
22.250 27.750 -2.13632
22.250 28.250 -2.12234
22.250 28.750 -2.10165
22.250 29.250 -2.07492
22.250 29.750 -2.04283
22.250 30.250 -2.00606
22.250 30.750 -1.96525
22.250 31.250 -1.92102
22.250 31.750 -1.87397
22.250 32.250 -1.82464
22.250 32.750 -1.77353
22.250 33.250 -1.72113
22.250 33.750 -1.66784
22.250 34.250 -1.61405
22.250 34.750 -1.56009
22.250 35.250 -1.50627
22.250 35.750 -1.45284
22.250 36.250 -1.40002
22.250 36.750 -1.34801
22.250 37.250 -1.29696
22.250 37.750 -1.24701
22.250 38.250 -1.19826
22.250 38.750 -1.15080
22.250 39.250 -1.10469
22.250 39.750 -1.05999
22.250 40.250 -1.01671
22.250 40.750 -0.97488
22.250 41.250 -0.93450
22.250 41.750 -0.89558
22.250 42.250 -0.85809
22.250 42.750 -0.82203
22.250 43.250 -0.78736
22.250 43.750 -0.75407
22.250 44.250 -0.72210
22.250 44.750 -0.69144
22.750 -44.750 -0.68586
22.750 -44.250 -0.71733
22.750 -43.750 -0.75021
22.750 -43.250 -0.78453
22.750 -42.750 -0.82034
22.750 -42.250 -0.85768
22.750 -41.750 -0.89658
22.750 -41.250 -0.93708
22.750 -40.750 -0.97919
22.750 -40.250 -1.02293
22.750 -39.750 -1.06831
22.750 -39.250 -1.11533
22.750 -38.750 -1.16395
22.750 -38.250 -1.21416
22.750 -37.750 -1.26589
22.750 -37.250 -1.31907
22.750 -36.750 -1.37361
22.750 -36.250 -1.42938
22.750 -35.750 -1.48623
22.750 -35.250 -1.54398
22.750 -34.750 -1.60239
22.750 -34.250 -1.66121
22.750 -33.750 -1.72014
22.750 -33.250 -1.77882
22.750 -32.750 -1.83686
22.750 -32.250 -1.89381
22.750 -31.750 -1.94917
22.750 -31.250 -2.00239
22.750 -30.750 -2.05287
22.750 -30.250 -2.09997
22.750 -29.750 -2.14300
22.750 -29.250 -2.18124
22.750 -28.750 -2.21394
22.750 -28.250 -2.24032
22.750 -27.750 -2.25961
22.750 -27.250 -2.27104
22.750 -26.750 -2.27386
22.750 -26.250 -2.26737
22.750 -25.750 -2.25091
22.750 -25.250 -2.22390
22.750 -24.750 -2.18586
22.750 -24.250 -2.13640
22.750 -23.750 -2.07525
22.750 -23.250 -2.00227
22.750 -22.750 -1.91748
22.750 -22.250 -1.82100
22.750 -21.750 -1.71311
22.750 -21.250 -1.59424
22.750 -20.750 -1.46493
22.750 -20.250 -1.32585
22.750 -19.750 -1.17778
22.750 -19.250 -1.02156
22.750 -18.750 -0.85813
22.750 -18.250 -0.68849
22.750 -17.750 -0.51364
22.750 -17.250 -0.33462
22.750 -16.750 -0.15247
22.750 -16.250  0.03180
22.750 -15.750  0.21720
22.750 -15.250  0.40279
22.750 -14.750  0.58768
22.750 -14.250  0.77103
22.750 -13.750  0.95208
22.750 -13.250  1.13011
22.750 -12.750  1.30450
22.750 -12.250  1.47467
22.750 -11.750  1.64012
22.750 -11.250  1.80040
22.750 -10.750  1.95514
22.750 -10.250  2.10400
22.750 -9.750  2.24670
22.750 -9.250  2.38300
22.750 -8.750  2.51270
22.750 -8.250  2.63565
22.750 -7.750  2.75170
22.750 -7.250  2.86076
22.750 -6.750  2.96274
22.750 -6.250  3.05757
22.750 -5.750  3.14520
22.750 -5.250  3.22560
22.750 -4.750  3.29873
22.750 -4.250  3.36458
22.750 -3.750  3.42313
22.750 -3.250  3.47437
22.750 -2.750  3.51830
22.750 -2.250  3.55490
22.750 -1.750  3.58419
22.750 -1.250  3.60616
22.750 -0.750  3.62080
22.750 -0.250  3.62812
22.750 0.250  3.62812
22.750 0.750  3.62080
22.750 1.250  3.60616
22.750 1.750  3.58419
22.750 2.250  3.55490
22.750 2.750  3.51830
22.750 3.250  3.47437
22.750 3.750  3.42313
22.750 4.250  3.36458
22.750 4.750  3.29873
22.750 5.250  3.22560
22.750 5.750  3.14520
22.750 6.250  3.05757
22.750 6.750  2.96274
22.750 7.250  2.86076
22.750 7.750  2.75170
22.750 8.250  2.63565
22.750 8.750  2.51270
22.750 9.250  2.38300
22.750 9.750  2.24670
22.750 10.250  2.10400
22.750 10.750  1.95514
22.750 11.250  1.80040
22.750 11.750  1.64012
22.750 12.250  1.47467
22.750 12.750  1.30450
22.750 13.250  1.13011
22.750 13.750  0.95208
22.750 14.250  0.77103
22.750 14.750  0.58768
22.750 15.250  0.40279
22.750 15.750  0.21720
22.750 16.250  0.03180
22.750 16.750 -0.15247
22.750 17.250 -0.33462
22.750 17.750 -0.51364
22.750 18.250 -0.68849
22.750 18.750 -0.85813
22.750 19.250 -1.02156
22.750 19.750 -1.17778
22.750 20.250 -1.32585
22.750 20.750 -1.46493
22.750 21.250 -1.59424
22.750 21.750 -1.71311
22.750 22.250 -1.82100
22.750 22.750 -1.91748
22.750 23.250 -2.00227
22.750 23.750 -2.07525
22.750 24.250 -2.13640
22.750 24.750 -2.18586
22.750 25.250 -2.22390
22.750 25.750 -2.25091
22.750 26.250 -2.26737
22.750 26.750 -2.27386
22.750 27.250 -2.27104
22.750 27.750 -2.25961
22.750 28.250 -2.24032
22.750 28.750 -2.21394
22.750 29.250 -2.18124
22.750 29.750 -2.14300
22.750 30.250 -2.09997
22.750 30.750 -2.05287
22.750 31.250 -2.00239
22.750 31.750 -1.94917
22.750 32.250 -1.89381
22.750 32.750 -1.83686
22.750 33.250 -1.77882
22.750 33.750 -1.72014
22.750 34.250 -1.66121
22.750 34.750 -1.60239
22.750 35.250 -1.54398
22.750 35.750 -1.48623
22.750 36.250 -1.42938
22.750 36.750 -1.37361
22.750 37.250 -1.31907
22.750 37.750 -1.26589
22.750 38.250 -1.21416
22.750 38.750 -1.16395
22.750 39.250 -1.11533
22.750 39.750 -1.06831
22.750 40.250 -1.02293
22.750 40.750 -0.97919
22.750 41.250 -0.93708
22.750 41.750 -0.89658
22.750 42.250 -0.85768
22.750 42.750 -0.82034
22.750 43.250 -0.78453
22.750 43.750 -0.75021
22.750 44.250 -0.71733
22.750 44.750 -0.68586
23.250 -44.750 -0.67892
23.250 -44.250 -0.71115
23.250 -43.750 -0.74490
23.250 -43.250 -0.78020
23.250 -42.750 -0.81712
23.250 -42.250 -0.85570
23.250 -41.750 -0.89599
23.250 -41.250 -0.93803
23.250 -40.750 -0.98187
23.250 -40.250 -1.02752
23.250 -39.750 -1.07501
23.250 -39.250 -1.12434
23.250 -38.750 -1.17552
23.250 -38.250 -1.22852
23.250 -37.750 -1.28331
23.250 -37.250 -1.33982
23.250 -36.750 -1.39797
23.250 -36.250 -1.45766
23.250 -35.750 -1.51873
23.250 -35.250 -1.58101
23.250 -34.750 -1.64427
23.250 -34.250 -1.70827
23.250 -33.750 -1.77269
23.250 -33.250 -1.83716
23.250 -32.750 -1.90128
23.250 -32.250 -1.96457
23.250 -31.750 -2.02650
23.250 -31.250 -2.08648
23.250 -30.750 -2.14386
23.250 -30.250 -2.19794
23.250 -29.750 -2.24796
23.250 -29.250 -2.29311
23.250 -28.750 -2.33254
23.250 -28.250 -2.36539
23.250 -27.750 -2.39077
23.250 -27.250 -2.40779
23.250 -26.750 -2.41561
23.250 -26.250 -2.41339
23.250 -25.750 -2.40037
23.250 -25.250 -2.37587
23.250 -24.750 -2.33930
23.250 -24.250 -2.29021
23.250 -23.750 -2.22826
23.250 -23.250 -2.15327
23.250 -22.750 -2.06524
23.250 -22.250 -1.96430
23.250 -21.750 -1.85076
23.250 -21.250 -1.72510
23.250 -20.750 -1.58793
23.250 -20.250 -1.44000
23.250 -19.750 -1.28220
23.250 -19.250 -1.11551
23.250 -18.750 -0.94099
23.250 -18.250 -0.75975
23.250 -17.750 -0.57294
23.250 -17.250 -0.38173
23.250 -16.750 -0.18727
23.250 -16.250  0.00930
23.250 -15.750  0.20689
23.250 -15.250  0.40446
23.250 -14.750  0.60105
23.250 -14.250  0.79574
23.250 -13.750  0.98771
23.250 -13.250  1.17622
23.250 -12.750  1.36058
23.250 -12.250  1.54022
23.250 -11.750  1.71461
23.250 -11.250  1.88331
23.250 -10.750  2.04592
23.250 -10.250  2.20214
23.250 -9.750  2.35168
23.250 -9.250  2.49433
23.250 -8.750  2.62990
23.250 -8.250  2.75826
23.250 -7.750  2.87929
23.250 -7.250  2.99290
23.250 -6.750  3.09904
23.250 -6.250  3.19765
23.250 -5.750  3.28870
23.250 -5.250  3.37217
23.250 -4.750  3.44804
23.250 -4.250  3.51632
23.250 -3.750  3.57700
23.250 -3.250  3.63008
23.250 -2.750  3.67556
23.250 -2.250  3.71346
23.250 -1.750  3.74377
23.250 -1.250  3.76649
23.250 -0.750  3.78164
23.250 -0.250  3.78922
23.250 0.250  3.78922
23.250 0.750  3.78164
23.250 1.250  3.76649
23.250 1.750  3.74377
23.250 2.250  3.71346
23.250 2.750  3.67556
23.250 3.250  3.63008
23.250 3.750  3.57700
23.250 4.250  3.51632
23.250 4.750  3.44804
23.250 5.250  3.37217
23.250 5.750  3.28870
23.250 6.250  3.19765
23.250 6.750  3.09904
23.250 7.250  2.99290
23.250 7.750  2.87929
23.250 8.250  2.75826
23.250 8.750  2.62990
23.250 9.250  2.49433
23.250 9.750  2.35168
23.250 10.250  2.20214
23.250 10.750  2.04592
23.250 11.250  1.88331
23.250 11.750  1.71461
23.250 12.250  1.54022
23.250 12.750  1.36058
23.250 13.250  1.17622
23.250 13.750  0.98771
23.250 14.250  0.79574
23.250 14.750  0.60105
23.250 15.250  0.40446
23.250 15.750  0.20689
23.250 16.250  0.00930
23.250 16.750 -0.18727
23.250 17.250 -0.38173
23.250 17.750 -0.57294
23.250 18.250 -0.75975
23.250 18.750 -0.94099
23.250 19.250 -1.11551
23.250 19.750 -1.28220
23.250 20.250 -1.44000
23.250 20.750 -1.58793
23.250 21.250 -1.72510
23.250 21.750 -1.85076
23.250 22.250 -1.96430
23.250 22.750 -2.06524
23.250 23.250 -2.15327
23.250 23.750 -2.22826
23.250 24.250 -2.29021
23.250 24.750 -2.33930
23.250 25.250 -2.37587
23.250 25.750 -2.40037
23.250 26.250 -2.41339
23.250 26.750 -2.41561
23.250 27.250 -2.40779
23.250 27.750 -2.39077
23.250 28.250 -2.36539
23.250 28.750 -2.33254
23.250 29.250 -2.29311
23.250 29.750 -2.24796
23.250 30.250 -2.19794
23.250 30.750 -2.14386
23.250 31.250 -2.08648
23.250 31.750 -2.02650
23.250 32.250 -1.96457
23.250 32.750 -1.90128
23.250 33.250 -1.83716
23.250 33.750 -1.77269
23.250 34.250 -1.70827
23.250 34.750 -1.64427
23.250 35.250 -1.58101
23.250 35.750 -1.51873
23.250 36.250 -1.45766
23.250 36.750 -1.39797
23.250 37.250 -1.33982
23.250 37.750 -1.28331
23.250 38.250 -1.22852
23.250 38.750 -1.17552
23.250 39.250 -1.12434
23.250 39.750 -1.07501
23.250 40.250 -1.02752
23.250 40.750 -0.98187
23.250 41.250 -0.93803
23.250 41.750 -0.89599
23.250 42.250 -0.85570
23.250 42.750 -0.81712
23.250 43.250 -0.78020
23.250 43.750 -0.74490
23.250 44.250 -0.71115
23.250 44.750 -0.67892
23.750 -44.750 -0.67053
23.750 -44.250 -0.70347
23.750 -43.750 -0.73803
23.750 -43.250 -0.77426
23.750 -42.750 -0.81224
23.750 -42.250 -0.85201
23.750 -41.750 -0.89365
23.750 -41.250 -0.93720
23.750 -40.750 -0.98273
23.750 -40.250 -1.03027
23.750 -39.750 -1.07985
23.750 -39.250 -1.13151
23.750 -38.750 -1.18526
23.750 -38.250 -1.24110
23.750 -37.750 -1.29900
23.750 -37.250 -1.35893
23.750 -36.750 -1.42080
23.750 -36.250 -1.48454
23.750 -35.750 -1.55001
23.750 -35.250 -1.61704
23.750 -34.750 -1.68542
23.750 -34.250 -1.75490
23.750 -33.750 -1.82516
23.750 -33.250 -1.89584
23.750 -32.750 -1.96651
23.750 -32.250 -2.03667
23.750 -31.750 -2.10576
23.750 -31.250 -2.17316
23.750 -30.750 -2.23815
23.750 -30.250 -2.29997
23.750 -29.750 -2.35778
23.750 -29.250 -2.41068
23.750 -28.750 -2.45772
23.750 -28.250 -2.49792
23.750 -27.750 -2.53028
23.750 -27.250 -2.55377
23.750 -26.750 -2.56741
23.750 -26.250 -2.57022
23.750 -25.750 -2.56133
23.750 -25.250 -2.53992
23.750 -24.750 -2.50529
23.750 -24.250 -2.45689
23.750 -23.750 -2.39432
23.750 -23.250 -2.31735
23.750 -22.750 -2.22594
23.750 -22.250 -2.12023
23.750 -21.750 -2.00057
23.750 -21.250 -1.86749
23.750 -20.750 -1.72169
23.750 -20.250 -1.56404
23.750 -19.750 -1.39554
23.750 -19.250 -1.21731
23.750 -18.750 -1.03057
23.750 -18.250 -0.83658
23.750 -17.750 -0.63664
23.750 -17.250 -0.43207
23.750 -16.750 -0.22417
23.750 -16.250 -0.01421
23.750 -15.750  0.19661
23.750 -15.250  0.40714
23.750 -14.750  0.61632
23.750 -14.250  0.82318
23.750 -13.750  1.02683
23.750 -13.250  1.22647
23.750 -12.750  1.42141
23.750 -12.250  1.61103
23.750 -11.750  1.79481
23.750 -11.250  1.97230
23.750 -10.750  2.14311
23.750 -10.250  2.30695
23.750 -9.750  2.46356
23.750 -9.250  2.61274
23.750 -8.750  2.75433
23.750 -8.250  2.88821
23.750 -7.750  3.01430
23.750 -7.250  3.13253
23.750 -6.750  3.24287
23.750 -6.250  3.34529
23.750 -5.750  3.43977
23.750 -5.250  3.52632
23.750 -4.750  3.60495
23.750 -4.250  3.67566
23.750 -3.750  3.73847
23.750 -3.250  3.79338
23.750 -2.750  3.84042
23.750 -2.250  3.87960
23.750 -1.750  3.91093
23.750 -1.250  3.93441
23.750 -0.750  3.95006
23.750 -0.250  3.95789
23.750 0.250  3.95789
23.750 0.750  3.95006
23.750 1.250  3.93441
23.750 1.750  3.91093
23.750 2.250  3.87960
23.750 2.750  3.84042
23.750 3.250  3.79338
23.750 3.750  3.73847
23.750 4.250  3.67566
23.750 4.750  3.60495
23.750 5.250  3.52632
23.750 5.750  3.43977
23.750 6.250  3.34529
23.750 6.750  3.24287
23.750 7.250  3.13253
23.750 7.750  3.01430
23.750 8.250  2.88821
23.750 8.750  2.75433
23.750 9.250  2.61274
23.750 9.750  2.46356
23.750 10.250  2.30695
23.750 10.750  2.14311
23.750 11.250  1.97230
23.750 11.750  1.79481
23.750 12.250  1.61103
23.750 12.750  1.42141
23.750 13.250  1.22647
23.750 13.750  1.02683
23.750 14.250  0.82318
23.750 14.750  0.61632
23.750 15.250  0.40714
23.750 15.750  0.19661
23.750 16.250 -0.01421
23.750 16.750 -0.22417
23.750 17.250 -0.43207
23.750 17.750 -0.63664
23.750 18.250 -0.83658
23.750 18.750 -1.03057
23.750 19.250 -1.21731
23.750 19.750 -1.39554
23.750 20.250 -1.56404
23.750 20.750 -1.72169
23.750 21.250 -1.86749
23.750 21.750 -2.00057
23.750 22.250 -2.12023
23.750 22.750 -2.22594
23.750 23.250 -2.31735
23.750 23.750 -2.39432
23.750 24.250 -2.45689
23.750 24.750 -2.50529
23.750 25.250 -2.53992
23.750 25.750 -2.56133
23.750 26.250 -2.57022
23.750 26.750 -2.56741
23.750 27.250 -2.55377
23.750 27.750 -2.53028
23.750 28.250 -2.49792
23.750 28.750 -2.45772
23.750 29.250 -2.41068
23.750 29.750 -2.35778
23.750 30.250 -2.29997
23.750 30.750 -2.23815
23.750 31.250 -2.17316
23.750 31.750 -2.10576
23.750 32.250 -2.03667
23.750 32.750 -1.96651
23.750 33.250 -1.89584
23.750 33.750 -1.82516
23.750 34.250 -1.75490
23.750 34.750 -1.68542
23.750 35.250 -1.61704
23.750 35.750 -1.55001
23.750 36.250 -1.48454
23.750 36.750 -1.42080
23.750 37.250 -1.35893
23.750 37.750 -1.29900
23.750 38.250 -1.24110
23.750 38.750 -1.18526
23.750 39.250 -1.13151
23.750 39.750 -1.07985
23.750 40.250 -1.03027
23.750 40.750 -0.98273
23.750 41.250 -0.93720
23.750 41.750 -0.89365
23.750 42.250 -0.85201
23.750 42.750 -0.81224
23.750 43.250 -0.77426
23.750 43.750 -0.73803
23.750 44.250 -0.70347
23.750 44.750 -0.67053
24.250 -44.750 -0.66059
24.250 -44.250 -0.69418
24.250 -43.750 -0.72949
24.250 -43.250 -0.76658
24.250 -42.750 -0.80555
24.250 -42.250 -0.84646
24.250 -41.750 -0.88939
24.250 -41.250 -0.93440
24.250 -40.750 -0.98157
24.250 -40.250 -1.03096
24.250 -39.750 -1.08262
24.250 -39.250 -1.13660
24.250 -38.750 -1.19292
24.250 -38.250 -1.25161
24.250 -37.750 -1.31267
24.250 -37.250 -1.37607
24.250 -36.750 -1.44177
24.250 -36.250 -1.50969
24.250 -35.750 -1.57972
24.250 -35.250 -1.65171
24.250 -34.750 -1.72547
24.250 -34.250 -1.80073
24.250 -33.750 -1.87721
24.250 -33.250 -1.95452
24.250 -32.750 -2.03223
24.250 -32.250 -2.10983
24.250 -31.750 -2.18672
24.250 -31.250 -2.26223
24.250 -30.750 -2.33561
24.250 -30.250 -2.40600
24.250 -29.750 -2.47250
24.250 -29.250 -2.53410
24.250 -28.750 -2.58974
24.250 -28.250 -2.63831
24.250 -27.750 -2.67865
24.250 -27.250 -2.70961
24.250 -26.750 -2.73003
24.250 -26.250 -2.73879
24.250 -25.750 -2.73483
24.250 -25.250 -2.71720
24.250 -24.750 -2.68508
24.250 -24.250 -2.63778
24.250 -23.750 -2.57482
24.250 -23.250 -2.49591
24.250 -22.750 -2.40096
24.250 -22.250 -2.29014
24.250 -21.750 -2.16383
24.250 -21.250 -2.02262
24.250 -20.750 -1.86733
24.250 -20.250 -1.69894
24.250 -19.750 -1.51862
24.250 -19.250 -1.32764
24.250 -18.750 -1.12740
24.250 -18.250 -0.91935
24.250 -17.750 -0.70496
24.250 -17.250 -0.48574
24.250 -16.750 -0.26314
24.250 -16.250 -0.03857
24.250 -15.750  0.18662
24.250 -15.250  0.41118
24.250 -14.750  0.63394
24.250 -14.250  0.85385
24.250 -13.750  1.06997
24.250 -13.250  1.28145
24.250 -12.750  1.48757
24.250 -12.250  1.68770
24.250 -11.750  1.88131
24.250 -11.250  2.06796
24.250 -10.750  2.24729
24.250 -10.250  2.41901
24.250 -9.750  2.58288
24.250 -9.250  2.73874
24.250 -8.750  2.88647
24.250 -8.250  3.02596
24.250 -7.750  3.15717
24.250 -7.250  3.28006
24.250 -6.750  3.39462
24.250 -6.250  3.50086
24.250 -5.750  3.59878
24.250 -5.250  3.68841
24.250 -4.750  3.76978
24.250 -4.250  3.84291
24.250 -3.750  3.90782
24.250 -3.250  3.96456
24.250 -2.750  4.01314
24.250 -2.250  4.05359
24.250 -1.750  4.08592
24.250 -1.250  4.11016
24.250 -0.750  4.12631
24.250 -0.250  4.13438
24.250 0.250  4.13438
24.250 0.750  4.12631
24.250 1.250  4.11016
24.250 1.750  4.08592
24.250 2.250  4.05359
24.250 2.750  4.01314
24.250 3.250  3.96456
24.250 3.750  3.90782
24.250 4.250  3.84291
24.250 4.750  3.76978
24.250 5.250  3.68841
24.250 5.750  3.59878
24.250 6.250  3.50086
24.250 6.750  3.39462
24.250 7.250  3.28006
24.250 7.750  3.15717
24.250 8.250  3.02596
24.250 8.750  2.88647
24.250 9.250  2.73874
24.250 9.750  2.58288
24.250 10.250  2.41901
24.250 10.750  2.24729
24.250 11.250  2.06796
24.250 11.750  1.88131
24.250 12.250  1.68770
24.250 12.750  1.48757
24.250 13.250  1.28145
24.250 13.750  1.06997
24.250 14.250  0.85385
24.250 14.750  0.63394
24.250 15.250  0.41118
24.250 15.750  0.18662
24.250 16.250 -0.03857
24.250 16.750 -0.26314
24.250 17.250 -0.48574
24.250 17.750 -0.70496
24.250 18.250 -0.91935
24.250 18.750 -1.12740
24.250 19.250 -1.32764
24.250 19.750 -1.51862
24.250 20.250 -1.69894
24.250 20.750 -1.86733
24.250 21.250 -2.02262
24.250 21.750 -2.16383
24.250 22.250 -2.29014
24.250 22.750 -2.40096
24.250 23.250 -2.49591
24.250 23.750 -2.57482
24.250 24.250 -2.63778
24.250 24.750 -2.68508
24.250 25.250 -2.71720
24.250 25.750 -2.73483
24.250 26.250 -2.73879
24.250 26.750 -2.73003
24.250 27.250 -2.70961
24.250 27.750 -2.67865
24.250 28.250 -2.63831
24.250 28.750 -2.58974
24.250 29.250 -2.53410
24.250 29.750 -2.47250
24.250 30.250 -2.40600
24.250 30.750 -2.33561
24.250 31.250 -2.26223
24.250 31.750 -2.18672
24.250 32.250 -2.10983
24.250 32.750 -2.03223
24.250 33.250 -1.95452
24.250 33.750 -1.87721
24.250 34.250 -1.80073
24.250 34.750 -1.72547
24.250 35.250 -1.65171
24.250 35.750 -1.57972
24.250 36.250 -1.50969
24.250 36.750 -1.44177
24.250 37.250 -1.37607
24.250 37.750 -1.31267
24.250 38.250 -1.25161
24.250 38.750 -1.19292
24.250 39.250 -1.13660
24.250 39.750 -1.08262
24.250 40.250 -1.03096
24.250 40.750 -0.98157
24.250 41.250 -0.93440
24.250 41.750 -0.88939
24.250 42.250 -0.84646
24.250 42.750 -0.80555
24.250 43.250 -0.76658
24.250 43.750 -0.72949
24.250 44.250 -0.69418
24.250 44.750 -0.66059
24.750 -44.750 -0.64902
24.750 -44.250 -0.68317
24.750 -43.750 -0.71915
24.750 -43.250 -0.75704
24.750 -42.750 -0.79692
24.750 -42.250 -0.83889
24.750 -41.750 -0.88303
24.750 -41.250 -0.92944
24.750 -40.750 -0.97820
24.750 -40.250 -1.02938
24.750 -39.750 -1.08307
24.750 -39.250 -1.13933
24.750 -38.750 -1.19820
24.750 -38.250 -1.25975
24.750 -37.750 -1.32398
24.750 -37.250 -1.39091
24.750 -36.750 -1.46051
24.750 -36.250 -1.53272
24.750 -35.750 -1.60747
24.750 -35.250 -1.68462
24.750 -34.750 -1.76399
24.750 -34.250 -1.84535
24.750 -33.750 -1.92841
24.750 -33.250 -2.01279
24.750 -32.750 -2.09805
24.750 -32.250 -2.18368
24.750 -31.750 -2.26904
24.750 -31.250 -2.35343
24.750 -30.750 -2.43603
24.750 -30.250 -2.51592
24.750 -29.750 -2.59210
24.750 -29.250 -2.66347
24.750 -28.750 -2.72882
24.750 -28.250 -2.78691
24.750 -27.750 -2.83641
24.750 -27.250 -2.87600
24.750 -26.750 -2.90432
24.750 -26.250 -2.92008
24.750 -25.750 -2.92202
24.750 -25.250 -2.90902
24.750 -24.750 -2.88007
24.750 -24.250 -2.83437
24.750 -23.750 -2.77131
24.750 -23.250 -2.69053
24.750 -22.750 -2.59190
24.750 -22.250 -2.47559
24.750 -21.750 -2.34202
24.750 -21.250 -2.19187
24.750 -20.750 -2.02609
24.750 -20.250 -1.84581
24.750 -19.750 -1.65237
24.750 -19.250 -1.44725
24.750 -18.750 -1.23206
24.750 -18.250 -1.00845
24.750 -17.750 -0.77813
24.750 -17.250 -0.54278
24.750 -16.750 -0.30405
24.750 -16.250 -0.06353
24.750 -15.750  0.17729
24.750 -15.250  0.41703
24.750 -14.750  0.65442
24.750 -14.250  0.88833
24.750 -13.750  1.11775
24.750 -13.250  1.34180
24.750 -12.750  1.55973
24.750 -12.250  1.77090
24.750 -11.750  1.97479
24.750 -11.250  2.17097
24.750 -10.750  2.35909
24.750 -10.250  2.53891
24.750 -9.750  2.71022
24.750 -9.250  2.87290
24.750 -8.750  3.02684
24.750 -8.250  3.17200
24.750 -7.750  3.30835
24.750 -7.250  3.43592
24.750 -6.750  3.55470
24.750 -6.250  3.66474
24.750 -5.750  3.76608
24.750 -5.250  3.85876
24.750 -4.750  3.94284
24.750 -4.250  4.01836
24.750 -3.750  4.08536
24.750 -3.250  4.14390
24.750 -2.750  4.19400
24.750 -2.250  4.23569
24.750 -1.750  4.26902
24.750 -1.250  4.29399
24.750 -0.750  4.31063
24.750 -0.250  4.31895
24.750 0.250  4.31895
24.750 0.750  4.31063
24.750 1.250  4.29399
24.750 1.750  4.26902
24.750 2.250  4.23569
24.750 2.750  4.19400
24.750 3.250  4.14390
24.750 3.750  4.08536
24.750 4.250  4.01836
24.750 4.750  3.94284
24.750 5.250  3.85876
24.750 5.750  3.76608
24.750 6.250  3.66474
24.750 6.750  3.55470
24.750 7.250  3.43592
24.750 7.750  3.30835
24.750 8.250  3.17200
24.750 8.750  3.02684
24.750 9.250  2.87290
24.750 9.750  2.71022
24.750 10.250  2.53891
24.750 10.750  2.35909
24.750 11.250  2.17097
24.750 11.750  1.97479
24.750 12.250  1.77090
24.750 12.750  1.55973
24.750 13.250  1.34180
24.750 13.750  1.11775
24.750 14.250  0.88833
24.750 14.750  0.65442
24.750 15.250  0.41703
24.750 15.750  0.17729
24.750 16.250 -0.06353
24.750 16.750 -0.30405
24.750 17.250 -0.54278
24.750 17.750 -0.77813
24.750 18.250 -1.00845
24.750 18.750 -1.23206
24.750 19.250 -1.44725
24.750 19.750 -1.65237
24.750 20.250 -1.84581
24.750 20.750 -2.02609
24.750 21.250 -2.19187
24.750 21.750 -2.34202
24.750 22.250 -2.47559
24.750 22.750 -2.59190
24.750 23.250 -2.69053
24.750 23.750 -2.77131
24.750 24.250 -2.83437
24.750 24.750 -2.88007
24.750 25.250 -2.90902
24.750 25.750 -2.92202
24.750 26.250 -2.92008
24.750 26.750 -2.90432
24.750 27.250 -2.87600
24.750 27.750 -2.83641
24.750 28.250 -2.78691
24.750 28.750 -2.72882
24.750 29.250 -2.66347
24.750 29.750 -2.59210
24.750 30.250 -2.51592
24.750 30.750 -2.43603
24.750 31.250 -2.35343
24.750 31.750 -2.26904
24.750 32.250 -2.18368
24.750 32.750 -2.09805
24.750 33.250 -2.01279
24.750 33.750 -1.92841
24.750 34.250 -1.84535
24.750 34.750 -1.76399
24.750 35.250 -1.68462
24.750 35.750 -1.60747
24.750 36.250 -1.53272
24.750 36.750 -1.46051
24.750 37.250 -1.39091
24.750 37.750 -1.32398
24.750 38.250 -1.25975
24.750 38.750 -1.19820
24.750 39.250 -1.13933
24.750 39.750 -1.08307
24.750 40.250 -1.02938
24.750 40.750 -0.97820
24.750 41.250 -0.92944
24.750 41.750 -0.88303
24.750 42.250 -0.83889
24.750 42.750 -0.79692
24.750 43.250 -0.75704
24.750 43.750 -0.71915
24.750 44.250 -0.68317
24.750 44.750 -0.64902
25.250 -44.750 -0.63571
25.250 -44.250 -0.67034
25.250 -43.750 -0.70690
25.250 -43.250 -0.74549
25.250 -42.750 -0.78620
25.250 -42.250 -0.82914
25.250 -41.750 -0.87442
25.250 -41.250 -0.92214
25.250 -40.750 -0.97240
25.250 -40.250 -1.02530
25.250 -39.750 -1.08095
25.250 -39.250 -1.13943
25.250 -38.750 -1.20082
25.250 -38.250 -1.26519
25.250 -37.750 -1.33260
25.250 -37.250 -1.40307
25.250 -36.750 -1.47662
25.250 -36.250 -1.55322
25.250 -35.750 -1.63281
25.250 -35.250 -1.71529
25.250 -34.750 -1.80051
25.250 -34.250 -1.88826
25.250 -33.750 -1.97826
25.250 -33.250 -2.07016
25.250 -32.750 -2.16351
25.250 -32.250 -2.25777
25.250 -31.750 -2.35232
25.250 -31.250 -2.44639
25.250 -30.750 -2.53913
25.250 -30.250 -2.62954
25.250 -29.750 -2.71652
25.250 -29.250 -2.79884
25.250 -28.750 -2.87517
25.250 -28.250 -2.94409
25.250 -27.750 -3.00410
25.250 -27.250 -3.05365
25.250 -26.750 -3.09120
25.250 -26.250 -3.11519
25.250 -25.750 -3.12418
25.250 -25.250 -3.11680
25.250 -24.750 -3.09185
25.250 -24.250 -3.04836
25.250 -23.750 -2.98558
25.250 -23.250 -2.90303
25.250 -22.750 -2.80056
25.250 -22.250 -2.67833
25.250 -21.750 -2.53682
25.250 -21.250 -2.37680
25.250 -20.750 -2.19937
25.250 -20.250 -2.00585
25.250 -19.750 -1.79781
25.250 -19.250 -1.57695
25.250 -18.750 -1.34513
25.250 -18.250 -1.10427
25.250 -17.750 -0.85631
25.250 -17.250 -0.60318
25.250 -16.750 -0.34674
25.250 -16.250 -0.08877
25.250 -15.750  0.16907
25.250 -15.250  0.42525
25.250 -14.750  0.67841
25.250 -14.250  0.92733
25.250 -13.750  1.17093
25.250 -13.250  1.40830
25.250 -12.750  1.63867
25.250 -12.250  1.86140
25.250 -11.750  2.07599
25.250 -11.250  2.28203
25.250 -10.750  2.47922
25.250 -10.250  2.66733
25.250 -9.750  2.84622
25.250 -9.250  3.01578
25.250 -8.750  3.17599
25.250 -8.250  3.32684
25.250 -7.750  3.46834
25.250 -7.250  3.60055
25.250 -6.750  3.72352
25.250 -6.250  3.83733
25.250 -5.750  3.94204
25.250 -5.250  4.03772
25.250 -4.750  4.12446
25.250 -4.250  4.20233
25.250 -3.750  4.27138
25.250 -3.250  4.33167
25.250 -2.750  4.38325
25.250 -2.250  4.42617
25.250 -1.750  4.46047
25.250 -1.250  4.48616
25.250 -0.750  4.50328
25.250 -0.250  4.51184
25.250 0.250  4.51184
25.250 0.750  4.50328
25.250 1.250  4.48616
25.250 1.750  4.46047
25.250 2.250  4.42617
25.250 2.750  4.38325
25.250 3.250  4.33167
25.250 3.750  4.27138
25.250 4.250  4.20233
25.250 4.750  4.12446
25.250 5.250  4.03772
25.250 5.750  3.94204
25.250 6.250  3.83733
25.250 6.750  3.72352
25.250 7.250  3.60055
25.250 7.750  3.46834
25.250 8.250  3.32684
25.250 8.750  3.17599
25.250 9.250  3.01578
25.250 9.750  2.84622
25.250 10.250  2.66733
25.250 10.750  2.47922
25.250 11.250  2.28203
25.250 11.750  2.07599
25.250 12.250  1.86140
25.250 12.750  1.63867
25.250 13.250  1.40830
25.250 13.750  1.17093
25.250 14.250  0.92733
25.250 14.750  0.67841
25.250 15.250  0.42525
25.250 15.750  0.16907
25.250 16.250 -0.08877
25.250 16.750 -0.34674
25.250 17.250 -0.60318
25.250 17.750 -0.85631
25.250 18.250 -1.10427
25.250 18.750 -1.34513
25.250 19.250 -1.57695
25.250 19.750 -1.79781
25.250 20.250 -2.00585
25.250 20.750 -2.19937
25.250 21.250 -2.37680
25.250 21.750 -2.53682
25.250 22.250 -2.67833
25.250 22.750 -2.80056
25.250 23.250 -2.90303
25.250 23.750 -2.98558
25.250 24.250 -3.04836
25.250 24.750 -3.09185
25.250 25.250 -3.11680
25.250 25.750 -3.12418
25.250 26.250 -3.11519
25.250 26.750 -3.09120
25.250 27.250 -3.05365
25.250 27.750 -3.00410
25.250 28.250 -2.94409
25.250 28.750 -2.87517
25.250 29.250 -2.79884
25.250 29.750 -2.71652
25.250 30.250 -2.62954
25.250 30.750 -2.53913
25.250 31.250 -2.44639
25.250 31.750 -2.35232
25.250 32.250 -2.25777
25.250 32.750 -2.16351
25.250 33.250 -2.07016
25.250 33.750 -1.97826
25.250 34.250 -1.88826
25.250 34.750 -1.80051
25.250 35.250 -1.71529
25.250 35.750 -1.63281
25.250 36.250 -1.55322
25.250 36.750 -1.47662
25.250 37.250 -1.40307
25.250 37.750 -1.33260
25.250 38.250 -1.26519
25.250 38.750 -1.20082
25.250 39.250 -1.13943
25.250 39.750 -1.08095
25.250 40.250 -1.02530
25.250 40.750 -0.97240
25.250 41.250 -0.92214
25.250 41.750 -0.87442
25.250 42.250 -0.82914
25.250 42.750 -0.78620
25.250 43.250 -0.74549
25.250 43.750 -0.70690
25.250 44.250 -0.67034
25.250 44.750 -0.63571
25.750 -44.750 -0.62057
25.750 -44.250 -0.65559
25.750 -43.750 -0.69264
25.750 -43.250 -0.73182
25.750 -42.750 -0.77325
25.750 -42.250 -0.81706
25.750 -41.750 -0.86336
25.750 -41.250 -0.91228
25.750 -40.750 -0.96395
25.750 -40.250 -1.01848
25.750 -39.750 -1.07600
25.750 -39.250 -1.13662
25.750 -38.750 -1.20046
25.750 -38.250 -1.26760
25.750 -37.750 -1.33815
25.750 -37.250 -1.41216
25.750 -36.750 -1.48967
25.750 -36.250 -1.57071
25.750 -35.750 -1.65525
25.750 -35.250 -1.74321
25.750 -34.750 -1.83449
25.750 -34.250 -1.92891
25.750 -33.750 -2.02621
25.750 -33.250 -2.12606
25.750 -32.750 -2.22802
25.750 -32.250 -2.33157
25.750 -31.750 -2.43605
25.750 -31.250 -2.54068
25.750 -30.750 -2.64454
25.750 -30.250 -2.74657
25.750 -29.750 -2.84556
25.750 -29.250 -2.94017
25.750 -28.750 -3.02891
25.750 -28.250 -3.11017
25.750 -27.750 -3.18223
25.750 -27.250 -3.24332
25.750 -26.750 -3.29163
25.750 -26.250 -3.32534
25.750 -25.750 -3.34273
25.750 -25.250 -3.34217
25.750 -24.750 -3.32223
25.750 -24.250 -3.28169
25.750 -23.750 -3.21965
25.750 -23.250 -3.13551
25.750 -22.750 -3.02905
25.750 -22.250 -2.90042
25.750 -21.750 -2.75016
25.750 -21.250 -2.57920
25.750 -20.750 -2.38878
25.750 -20.250 -2.18046
25.750 -19.750 -1.95607
25.750 -19.250 -1.71762
25.750 -18.750 -1.46725
25.750 -18.250 -1.20718
25.750 -17.750 -0.93966
25.750 -17.250 -0.66687
25.750 -16.750 -0.39095
25.750 -16.250 -0.11387
25.750 -15.750  0.16251
25.750 -15.250  0.43653
25.750 -14.750  0.70668
25.750 -14.250  0.97166
25.750 -13.750  1.23036
25.750 -13.250  1.48181
25.750 -12.750  1.72526
25.750 -12.250  1.96007
25.750 -11.750  2.18576
25.750 -11.250  2.40197
25.750 -10.750  2.60843
25.750 -10.250  2.80498
25.750 -9.750  2.99153
25.750 -9.250  3.16804
25.750 -8.750  3.33452
25.750 -8.250  3.49103
25.750 -7.750  3.63763
25.750 -7.250  3.77443
25.750 -6.750  3.90152
25.750 -6.250  4.01901
25.750 -5.750  4.12701
25.750 -5.250  4.22563
25.750 -4.750  4.31497
25.750 -4.250  4.39511
25.750 -3.750  4.46614
25.750 -3.250  4.52814
25.750 -2.750  4.58117
25.750 -2.250  4.62527
25.750 -1.750  4.66051
25.750 -1.250  4.68690
25.750 -0.750  4.70449
25.750 -0.250  4.71327
25.750 0.250  4.71327
25.750 0.750  4.70449
25.750 1.250  4.68690
25.750 1.750  4.66051
25.750 2.250  4.62527
25.750 2.750  4.58117
25.750 3.250  4.52814
25.750 3.750  4.46614
25.750 4.250  4.39511
25.750 4.750  4.31497
25.750 5.250  4.22563
25.750 5.750  4.12701
25.750 6.250  4.01901
25.750 6.750  3.90152
25.750 7.250  3.77443
25.750 7.750  3.63763
25.750 8.250  3.49103
25.750 8.750  3.33452
25.750 9.250  3.16804
25.750 9.750  2.99153
25.750 10.250  2.80498
25.750 10.750  2.60843
25.750 11.250  2.40197
25.750 11.750  2.18576
25.750 12.250  1.96007
25.750 12.750  1.72526
25.750 13.250  1.48181
25.750 13.750  1.23036
25.750 14.250  0.97166
25.750 14.750  0.70668
25.750 15.250  0.43653
25.750 15.750  0.16251
25.750 16.250 -0.11387
25.750 16.750 -0.39095
25.750 17.250 -0.66687
25.750 17.750 -0.93966
25.750 18.250 -1.20718
25.750 18.750 -1.46725
25.750 19.250 -1.71762
25.750 19.750 -1.95607
25.750 20.250 -2.18046
25.750 20.750 -2.38878
25.750 21.250 -2.57920
25.750 21.750 -2.75016
25.750 22.250 -2.90042
25.750 22.750 -3.02905
25.750 23.250 -3.13551
25.750 23.750 -3.21965
25.750 24.250 -3.28169
25.750 24.750 -3.32223
25.750 25.250 -3.34217
25.750 25.750 -3.34273
25.750 26.250 -3.32534
25.750 26.750 -3.29163
25.750 27.250 -3.24332
25.750 27.750 -3.18223
25.750 28.250 -3.11017
25.750 28.750 -3.02891
25.750 29.250 -2.94017
25.750 29.750 -2.84556
25.750 30.250 -2.74657
25.750 30.750 -2.64454
25.750 31.250 -2.54068
25.750 31.750 -2.43605
25.750 32.250 -2.33157
25.750 32.750 -2.22802
25.750 33.250 -2.12606
25.750 33.750 -2.02621
25.750 34.250 -1.92891
25.750 34.750 -1.83449
25.750 35.250 -1.74321
25.750 35.750 -1.65525
25.750 36.250 -1.57071
25.750 36.750 -1.48967
25.750 37.250 -1.41216
25.750 37.750 -1.33815
25.750 38.250 -1.26760
25.750 38.750 -1.20046
25.750 39.250 -1.13662
25.750 39.750 -1.07600
25.750 40.250 -1.01848
25.750 40.750 -0.96395
25.750 41.250 -0.91228
25.750 41.750 -0.86336
25.750 42.250 -0.81706
25.750 42.750 -0.77325
25.750 43.250 -0.73182
25.750 43.750 -0.69264
25.750 44.250 -0.65559
25.750 44.750 -0.62057
26.250 -44.750 -0.60352
26.250 -44.250 -0.63882
26.250 -43.750 -0.67623
26.250 -43.250 -0.71589
26.250 -42.750 -0.75793
26.250 -42.250 -0.80248
26.250 -41.750 -0.84969
26.250 -41.250 -0.89969
26.250 -40.750 -0.95263
26.250 -40.250 -1.00867
26.250 -39.750 -1.06794
26.250 -39.250 -1.13059
26.250 -38.750 -1.19677
26.250 -38.250 -1.26661
26.250 -37.750 -1.34023
26.250 -37.250 -1.41773
26.250 -36.750 -1.49920
26.250 -36.250 -1.58470
26.250 -35.750 -1.67424
26.250 -35.250 -1.76781
26.250 -34.750 -1.86533
26.250 -34.250 -1.96666
26.250 -33.750 -2.07159
26.250 -33.250 -2.17982
26.250 -32.750 -2.29094
26.250 -32.250 -2.40442
26.250 -31.750 -2.51961
26.250 -31.250 -2.63571
26.250 -30.750 -2.75175
26.250 -30.250 -2.86661
26.250 -29.750 -2.97898
26.250 -29.250 -3.08737
26.250 -28.750 -3.19012
26.250 -28.250 -3.28543
26.250 -27.750 -3.37133
26.250 -27.250 -3.44578
26.250 -26.750 -3.50666
26.250 -26.250 -3.55184
26.250 -25.750 -3.57926
26.250 -25.250 -3.58697
26.250 -24.750 -3.57324
26.250 -24.250 -3.53659
26.250 -23.750 -3.47588
26.250 -23.250 -3.39037
26.250 -22.750 -3.27976
26.250 -22.250 -3.14419
26.250 -21.750 -2.98428
26.250 -21.250 -2.80110
26.250 -20.750 -2.59612
26.250 -20.250 -2.37118
26.250 -19.750 -2.12843
26.250 -19.250 -1.87022
26.250 -18.750 -1.59906
26.250 -18.250 -1.31755
26.250 -17.750 -1.02825
26.250 -17.250 -0.73369
26.250 -16.750 -0.43628
26.250 -16.250 -0.13824
26.250 -15.750  0.15836
26.250 -15.250  0.45169
26.250 -14.750  0.74014
26.250 -14.250  1.02232
26.250 -13.750  1.29705
26.250 -13.250  1.56337
26.250 -12.750  1.82051
26.250 -12.250  2.06788
26.250 -11.750  2.30503
26.250 -11.250  2.53166
26.250 -10.750  2.74757
26.250 -10.250  2.95265
26.250 -9.750  3.14689
26.250 -9.250  3.33033
26.250 -8.750  3.50303
26.250 -8.250  3.66512
26.250 -7.750  3.81673
26.250 -7.250  3.95801
26.250 -6.750  4.08911
26.250 -6.250  4.21018
26.250 -5.750  4.32137
26.250 -5.250  4.42282
26.250 -4.750  4.51466
26.250 -4.250  4.59700
26.250 -3.750  4.66994
26.250 -3.250  4.73358
26.250 -2.750  4.78800
26.250 -2.250  4.83325
26.250 -1.750  4.86939
26.250 -1.250  4.89646
26.250 -0.750  4.91449
26.250 -0.250  4.92350
26.250 0.250  4.92350
26.250 0.750  4.91449
26.250 1.250  4.89646
26.250 1.750  4.86939
26.250 2.250  4.83325
26.250 2.750  4.78800
26.250 3.250  4.73358
26.250 3.750  4.66994
26.250 4.250  4.59700
26.250 4.750  4.51466
26.250 5.250  4.42282
26.250 5.750  4.32137
26.250 6.250  4.21018
26.250 6.750  4.08911
26.250 7.250  3.95801
26.250 7.750  3.81673
26.250 8.250  3.66512
26.250 8.750  3.50303
26.250 9.250  3.33033
26.250 9.750  3.14689
26.250 10.250  2.95265
26.250 10.750  2.74757
26.250 11.250  2.53166
26.250 11.750  2.30503
26.250 12.250  2.06788
26.250 12.750  1.82051
26.250 13.250  1.56337
26.250 13.750  1.29705
26.250 14.250  1.02232
26.250 14.750  0.74014
26.250 15.250  0.45169
26.250 15.750  0.15836
26.250 16.250 -0.13824
26.250 16.750 -0.43628
26.250 17.250 -0.73369
26.250 17.750 -1.02825
26.250 18.250 -1.31755
26.250 18.750 -1.59906
26.250 19.250 -1.87022
26.250 19.750 -2.12843
26.250 20.250 -2.37118
26.250 20.750 -2.59612
26.250 21.250 -2.80110
26.250 21.750 -2.98428
26.250 22.250 -3.14419
26.250 22.750 -3.27976
26.250 23.250 -3.39037
26.250 23.750 -3.47588
26.250 24.250 -3.53659
26.250 24.750 -3.57324
26.250 25.250 -3.58697
26.250 25.750 -3.57926
26.250 26.250 -3.55184
26.250 26.750 -3.50666
26.250 27.250 -3.44578
26.250 27.750 -3.37133
26.250 28.250 -3.28543
26.250 28.750 -3.19012
26.250 29.250 -3.08737
26.250 29.750 -2.97898
26.250 30.250 -2.86661
26.250 30.750 -2.75175
26.250 31.250 -2.63571
26.250 31.750 -2.51961
26.250 32.250 -2.40442
26.250 32.750 -2.29094
26.250 33.250 -2.17982
26.250 33.750 -2.07159
26.250 34.250 -1.96666
26.250 34.750 -1.86533
26.250 35.250 -1.76781
26.250 35.750 -1.67424
26.250 36.250 -1.58470
26.250 36.750 -1.49920
26.250 37.250 -1.41773
26.250 37.750 -1.34023
26.250 38.250 -1.26661
26.250 38.750 -1.19677
26.250 39.250 -1.13059
26.250 39.750 -1.06794
26.250 40.250 -1.00867
26.250 40.750 -0.95263
26.250 41.250 -0.89969
26.250 41.750 -0.84969
26.250 42.250 -0.80248
26.250 42.750 -0.75793
26.250 43.250 -0.71589
26.250 43.750 -0.67623
26.250 44.250 -0.63882
26.250 44.750 -0.60352
26.750 -44.750 -0.58447
26.750 -44.250 -0.61992
26.750 -43.750 -0.65758
26.750 -43.250 -0.69759
26.750 -42.750 -0.74010
26.750 -42.250 -0.78526
26.750 -41.750 -0.83322
26.750 -41.250 -0.88415
26.750 -40.750 -0.93823
26.750 -40.250 -0.99561
26.750 -39.750 -1.05649
26.750 -39.250 -1.12104
26.750 -38.750 -1.18943
26.750 -38.250 -1.26184
26.750 -37.750 -1.33842
26.750 -37.250 -1.41933
26.750 -36.750 -1.50470
26.750 -36.250 -1.59463
26.750 -35.750 -1.68920
26.750 -35.250 -1.78845
26.750 -34.750 -1.89234
26.750 -34.250 -2.00080
26.750 -33.750 -2.11367
26.750 -33.250 -2.23068
26.750 -32.750 -2.35146
26.750 -32.250 -2.47553
26.750 -31.750 -2.60224
26.750 -31.250 -2.73076
26.750 -30.750 -2.86012
26.750 -30.250 -2.98911
26.750 -29.750 -3.11634
26.750 -29.250 -3.24016
26.750 -28.750 -3.35876
26.750 -28.250 -3.47007
26.750 -27.750 -3.57188
26.750 -27.250 -3.66182
26.750 -26.750 -3.73740
26.750 -26.250 -3.79612
26.750 -25.750 -3.83552
26.750 -25.250 -3.85327
26.750 -24.750 -3.84723
26.750 -24.250 -3.81561
26.750 -23.750 -3.75698
26.750 -23.250 -3.67042
26.750 -22.750 -3.55551
26.750 -22.250 -3.41238
26.750 -21.750 -3.24174
26.750 -21.250 -3.04485
26.750 -20.750 -2.82346
26.750 -20.250 -2.57975
26.750 -19.750 -2.31626
26.750 -19.250 -2.03577
26.750 -18.750 -1.74124
26.750 -18.250 -1.43568
26.750 -17.750 -1.12208
26.750 -17.250 -0.80334
26.750 -16.750 -0.48219
26.750 -16.250 -0.16114
26.750 -15.750  0.15752
26.750 -15.250  0.47178
26.750 -14.750  0.77992
26.750 -14.250  1.08045
26.750 -13.750  1.37218
26.750 -13.250  1.65413
26.750 -12.750  1.92556
26.750 -12.250  2.18593
26.750 -11.750  2.43485
26.750 -11.250  2.67209
26.750 -10.750  2.89753
26.750 -10.250  3.11117
26.750 -9.750  3.31307
26.750 -9.250  3.50334
26.750 -8.750  3.68216
26.750 -8.250  3.84969
26.750 -7.750  4.00616
26.750 -7.250  4.15177
26.750 -6.750  4.28672
26.750 -6.250  4.41122
26.750 -5.750  4.52547
26.750 -5.250  4.62962
26.750 -4.750  4.72384
26.750 -4.250  4.80828
26.750 -3.750  4.88305
26.750 -3.250  4.94825
26.750 -2.750  5.00399
26.750 -2.250  5.05033
26.750 -1.750  5.08734
26.750 -1.250  5.11505
26.750 -0.750  5.13351
26.750 -0.250  5.14273
26.750 0.250  5.14273
26.750 0.750  5.13351
26.750 1.250  5.11505
26.750 1.750  5.08734
26.750 2.250  5.05033
26.750 2.750  5.00399
26.750 3.250  4.94825
26.750 3.750  4.88305
26.750 4.250  4.80828
26.750 4.750  4.72384
26.750 5.250  4.62962
26.750 5.750  4.52547
26.750 6.250  4.41122
26.750 6.750  4.28672
26.750 7.250  4.15177
26.750 7.750  4.00616
26.750 8.250  3.84969
26.750 8.750  3.68216
26.750 9.250  3.50334
26.750 9.750  3.31307
26.750 10.250  3.11117
26.750 10.750  2.89753
26.750 11.250  2.67209
26.750 11.750  2.43485
26.750 12.250  2.18593
26.750 12.750  1.92556
26.750 13.250  1.65413
26.750 13.750  1.37218
26.750 14.250  1.08045
26.750 14.750  0.77992
26.750 15.250  0.47178
26.750 15.750  0.15752
26.750 16.250 -0.16114
26.750 16.750 -0.48219
26.750 17.250 -0.80334
26.750 17.750 -1.12208
26.750 18.250 -1.43568
26.750 18.750 -1.74124
26.750 19.250 -2.03577
26.750 19.750 -2.31626
26.750 20.250 -2.57975
26.750 20.750 -2.82346
26.750 21.250 -3.04485
26.750 21.750 -3.24174
26.750 22.250 -3.41238
26.750 22.750 -3.55551
26.750 23.250 -3.67042
26.750 23.750 -3.75698
26.750 24.250 -3.81561
26.750 24.750 -3.84723
26.750 25.250 -3.85327
26.750 25.750 -3.83552
26.750 26.250 -3.79612
26.750 26.750 -3.73740
26.750 27.250 -3.66182
26.750 27.750 -3.57188
26.750 28.250 -3.47007
26.750 28.750 -3.35876
26.750 29.250 -3.24016
26.750 29.750 -3.11634
26.750 30.250 -2.98911
26.750 30.750 -2.86012
26.750 31.250 -2.73076
26.750 31.750 -2.60224
26.750 32.250 -2.47553
26.750 32.750 -2.35146
26.750 33.250 -2.23068
26.750 33.750 -2.11367
26.750 34.250 -2.00080
26.750 34.750 -1.89234
26.750 35.250 -1.78845
26.750 35.750 -1.68920
26.750 36.250 -1.59463
26.750 36.750 -1.50470
26.750 37.250 -1.41933
26.750 37.750 -1.33842
26.750 38.250 -1.26184
26.750 38.750 -1.18943
26.750 39.250 -1.12104
26.750 39.750 -1.05649
26.750 40.250 -0.99561
26.750 40.750 -0.93823
26.750 41.250 -0.88415
26.750 41.750 -0.83322
26.750 42.250 -0.78526
26.750 42.750 -0.74010
26.750 43.250 -0.69759
26.750 43.750 -0.65758
26.750 44.250 -0.61992
26.750 44.750 -0.58447
27.250 -44.750 -0.56334
27.250 -44.250 -0.59882
27.250 -43.750 -0.63659
27.250 -43.250 -0.67680
27.250 -42.750 -0.71962
27.250 -42.250 -0.76522
27.250 -41.750 -0.81378
27.250 -41.250 -0.86547
27.250 -40.750 -0.92050
27.250 -40.250 -0.97907
27.250 -39.750 -1.04138
27.250 -39.250 -1.10765
27.250 -38.750 -1.17808
27.250 -38.250 -1.25289
27.250 -37.750 -1.33229
27.250 -37.250 -1.41647
27.250 -36.750 -1.50563
27.250 -36.250 -1.59992
27.250 -35.750 -1.69948
27.250 -35.250 -1.80442
27.250 -34.750 -1.91477
27.250 -34.250 -2.03052
27.250 -33.750 -2.15157
27.250 -33.250 -2.27773
27.250 -32.750 -2.40869
27.250 -32.250 -2.54398
27.250 -31.750 -2.68301
27.250 -31.250 -2.82496
27.250 -30.750 -2.96882
27.250 -30.250 -3.11335
27.250 -29.750 -3.25705
27.250 -29.250 -3.39816
27.250 -28.750 -3.53464
27.250 -28.250 -3.66420
27.250 -27.750 -3.78429
27.250 -27.250 -3.89219
27.250 -26.750 -3.98500
27.250 -26.250 -4.05975
27.250 -25.750 -4.11348
27.250 -25.250 -4.14339
27.250 -24.750 -4.14687
27.250 -24.250 -4.12170
27.250 -23.750 -4.06611
27.250 -23.250 -3.97892
27.250 -22.750 -3.85956
27.250 -22.250 -3.70816
27.250 -21.750 -3.52554
27.250 -21.250 -3.31318
27.250 -20.750 -3.07319
27.250 -20.250 -2.80816
27.250 -19.750 -2.52112
27.250 -19.250 -2.21538
27.250 -18.750 -1.89444
27.250 -18.250 -1.56183
27.250 -17.750 -1.22103
27.250 -17.250 -0.87537
27.250 -16.750 -0.52795
27.250 -16.250 -0.18162
27.250 -15.750  0.16111
27.250 -15.250  0.49805
27.250 -14.750  0.82733
27.250 -14.250  1.14743
27.250 -13.750  1.45712
27.250 -13.250  1.75545
27.250 -12.750  2.04171
27.250 -12.250  2.31545
27.250 -11.750  2.57636
27.250 -11.250  2.82432
27.250 -10.750  3.05932
27.250 -10.250  3.28145
27.250 -9.750  3.49088
27.250 -9.250  3.68783
27.250 -8.750  3.87256
27.250 -8.250  4.04534
27.250 -7.750  4.20645
27.250 -7.250  4.35618
27.250 -6.750  4.49479
27.250 -6.250  4.62253
27.250 -5.750  4.73965
27.250 -5.250  4.84635
27.250 -4.750  4.94282
27.250 -4.250  5.02922
27.250 -3.750  5.10571
27.250 -3.250  5.17239
27.250 -2.750  5.22938
27.250 -2.250  5.27675
27.250 -1.750  5.31457
27.250 -1.250  5.34290
27.250 -0.750  5.36176
27.250 -0.250  5.37119
27.250 0.250  5.37119
27.250 0.750  5.36176
27.250 1.250  5.34290
27.250 1.750  5.31457
27.250 2.250  5.27675
27.250 2.750  5.22938
27.250 3.250  5.17239
27.250 3.750  5.10571
27.250 4.250  5.02922
27.250 4.750  4.94282
27.250 5.250  4.84635
27.250 5.750  4.73965
27.250 6.250  4.62253
27.250 6.750  4.49479
27.250 7.250  4.35618
27.250 7.750  4.20645
27.250 8.250  4.04534
27.250 8.750  3.87256
27.250 9.250  3.68783
27.250 9.750  3.49088
27.250 10.250  3.28145
27.250 10.750  3.05932
27.250 11.250  2.82432
27.250 11.750  2.57636
27.250 12.250  2.31545
27.250 12.750  2.04171
27.250 13.250  1.75545
27.250 13.750  1.45712
27.250 14.250  1.14743
27.250 14.750  0.82733
27.250 15.250  0.49805
27.250 15.750  0.16111
27.250 16.250 -0.18162
27.250 16.750 -0.52795
27.250 17.250 -0.87537
27.250 17.750 -1.22103
27.250 18.250 -1.56183
27.250 18.750 -1.89444
27.250 19.250 -2.21538
27.250 19.750 -2.52112
27.250 20.250 -2.80816
27.250 20.750 -3.07319
27.250 21.250 -3.31318
27.250 21.750 -3.52554
27.250 22.250 -3.70816
27.250 22.750 -3.85956
27.250 23.250 -3.97892
27.250 23.750 -4.06611
27.250 24.250 -4.12170
27.250 24.750 -4.14687
27.250 25.250 -4.14339
27.250 25.750 -4.11348
27.250 26.250 -4.05975
27.250 26.750 -3.98500
27.250 27.250 -3.89219
27.250 27.750 -3.78429
27.250 28.250 -3.66420
27.250 28.750 -3.53464
27.250 29.250 -3.39816
27.250 29.750 -3.25705
27.250 30.250 -3.11335
27.250 30.750 -2.96882
27.250 31.250 -2.82496
27.250 31.750 -2.68301
27.250 32.250 -2.54398
27.250 32.750 -2.40869
27.250 33.250 -2.27773
27.250 33.750 -2.15157
27.250 34.250 -2.03052
27.250 34.750 -1.91477
27.250 35.250 -1.80442
27.250 35.750 -1.69948
27.250 36.250 -1.59992
27.250 36.750 -1.50563
27.250 37.250 -1.41647
27.250 37.750 -1.33229
27.250 38.250 -1.25289
27.250 38.750 -1.17808
27.250 39.250 -1.10765
27.250 39.750 -1.04138
27.250 40.250 -0.97907
27.250 40.750 -0.92050
27.250 41.250 -0.86547
27.250 41.750 -0.81378
27.250 42.250 -0.76522
27.250 42.750 -0.71962
27.250 43.250 -0.67680
27.250 43.750 -0.63659
27.250 44.250 -0.59882
27.250 44.750 -0.56334
27.750 -44.750 -0.54007
27.750 -44.250 -0.57542
27.750 -43.750 -0.61314
27.750 -43.250 -0.65340
27.750 -42.750 -0.69637
27.750 -42.250 -0.74224
27.750 -41.750 -0.79120
27.750 -41.250 -0.84346
27.750 -40.750 -0.89925
27.750 -40.250 -0.95879
27.750 -39.750 -1.02232
27.750 -39.250 -1.09009
27.750 -38.750 -1.16234
27.750 -38.250 -1.23935
27.750 -37.750 -1.32136
27.750 -37.250 -1.40863
27.750 -36.750 -1.50141
27.750 -36.250 -1.59993
27.750 -35.750 -1.70439
27.750 -35.250 -1.81497
27.750 -34.750 -1.93179
27.750 -34.250 -2.05492
27.750 -33.750 -2.18435
27.750 -33.250 -2.31997
27.750 -32.750 -2.46154
27.750 -32.250 -2.60867
27.750 -31.750 -2.76082
27.750 -31.250 -2.91720
27.750 -30.750 -3.07681
27.750 -30.250 -3.23838
27.750 -29.750 -3.40032
27.750 -29.250 -3.56074
27.750 -28.750 -3.71740
27.750 -28.250 -3.86774
27.750 -27.750 -4.00888
27.750 -27.250 -4.13765
27.750 -26.750 -4.25066
27.750 -26.250 -4.34440
27.750 -25.750 -4.41532
27.750 -25.250 -4.45999
27.750 -24.750 -4.47524
27.750 -24.250 -4.45830
27.750 -23.750 -4.40696
27.750 -23.250 -4.31970
27.750 -22.750 -4.19577
27.750 -22.250 -4.03527
27.750 -21.750 -3.83918
27.750 -21.250 -3.60925
27.750 -20.750 -3.34801
27.750 -20.250 -3.05861
27.750 -19.750 -2.74469
27.750 -19.250 -2.41021
27.750 -18.750 -2.05931
27.750 -18.250 -1.69615
27.750 -17.750 -1.32480
27.750 -17.250 -0.94910
27.750 -16.750 -0.57258
27.750 -16.250 -0.19844
27.750 -15.750  0.17055
27.750 -15.250  0.53202
27.750 -14.750  0.88399
27.750 -14.250  1.22488
27.750 -13.750  1.55346
27.750 -13.250  1.86885
27.750 -12.750  2.17043
27.750 -12.250  2.45782
27.750 -11.750  2.73085
27.750 -11.250  2.98953
27.750 -10.750  3.23399
27.750 -10.250  3.46444
27.750 -9.750  3.68118
27.750 -9.250  3.88454
27.750 -8.750  4.07491
27.750 -8.250  4.25265
27.750 -7.750  4.41812
27.750 -7.250  4.57170
27.750 -6.750  4.71371
27.750 -6.250  4.84447
27.750 -5.750  4.96425
27.750 -5.250  5.07330
27.750 -4.750  5.17185
27.750 -4.250  5.26008
27.750 -3.750  5.33816
27.750 -3.250  5.40622
27.750 -2.750  5.46438
27.750 -2.250  5.51271
27.750 -1.750  5.55130
27.750 -1.250  5.58020
27.750 -0.750  5.59945
27.750 -0.250  5.60906
27.750 0.250  5.60906
27.750 0.750  5.59945
27.750 1.250  5.58020
27.750 1.750  5.55130
27.750 2.250  5.51271
27.750 2.750  5.46438
27.750 3.250  5.40622
27.750 3.750  5.33816
27.750 4.250  5.26008
27.750 4.750  5.17185
27.750 5.250  5.07330
27.750 5.750  4.96425
27.750 6.250  4.84447
27.750 6.750  4.71371
27.750 7.250  4.57170
27.750 7.750  4.41812
27.750 8.250  4.25265
27.750 8.750  4.07491
27.750 9.250  3.88454
27.750 9.750  3.68118
27.750 10.250  3.46444
27.750 10.750  3.23399
27.750 11.250  2.98953
27.750 11.750  2.73085
27.750 12.250  2.45782
27.750 12.750  2.17043
27.750 13.250  1.86885
27.750 13.750  1.55346
27.750 14.250  1.22488
27.750 14.750  0.88399
27.750 15.250  0.53202
27.750 15.750  0.17055
27.750 16.250 -0.19844
27.750 16.750 -0.57258
27.750 17.250 -0.94910
27.750 17.750 -1.32480
27.750 18.250 -1.69615
27.750 18.750 -2.05931
27.750 19.250 -2.41021
27.750 19.750 -2.74469
27.750 20.250 -3.05861
27.750 20.750 -3.34801
27.750 21.250 -3.60925
27.750 21.750 -3.83918
27.750 22.250 -4.03527
27.750 22.750 -4.19577
27.750 23.250 -4.31970
27.750 23.750 -4.40696
27.750 24.250 -4.45830
27.750 24.750 -4.47524
27.750 25.250 -4.45999
27.750 25.750 -4.41532
27.750 26.250 -4.34440
27.750 26.750 -4.25066
27.750 27.250 -4.13765
27.750 27.750 -4.00888
27.750 28.250 -3.86774
27.750 28.750 -3.71740
27.750 29.250 -3.56074
27.750 29.750 -3.40032
27.750 30.250 -3.23838
27.750 30.750 -3.07681
27.750 31.250 -2.91720
27.750 31.750 -2.76082
27.750 32.250 -2.60867
27.750 32.750 -2.46154
27.750 33.250 -2.31997
27.750 33.750 -2.18435
27.750 34.250 -2.05492
27.750 34.750 -1.93179
27.750 35.250 -1.81497
27.750 35.750 -1.70439
27.750 36.250 -1.59993
27.750 36.750 -1.50141
27.750 37.250 -1.40863
27.750 37.750 -1.32136
27.750 38.250 -1.23935
27.750 38.750 -1.16234
27.750 39.250 -1.09009
27.750 39.750 -1.02232
27.750 40.250 -0.95879
27.750 40.750 -0.89925
27.750 41.250 -0.84346
27.750 41.750 -0.79120
27.750 42.250 -0.74224
27.750 42.750 -0.69637
27.750 43.250 -0.65340
27.750 43.750 -0.61314
27.750 44.250 -0.57542
27.750 44.750 -0.54007
28.250 -44.750 -0.51458
28.250 -44.250 -0.54966
28.250 -43.750 -0.58717
28.250 -43.250 -0.62729
28.250 -42.750 -0.67022
28.250 -42.250 -0.71615
28.250 -41.750 -0.76531
28.250 -41.250 -0.81793
28.250 -40.750 -0.87424
28.250 -40.250 -0.93451
28.250 -39.750 -0.99902
28.250 -39.250 -1.06803
28.250 -38.750 -1.14186
28.250 -38.250 -1.22080
28.250 -37.750 -1.30517
28.250 -37.250 -1.39529
28.250 -36.750 -1.49146
28.250 -36.250 -1.59399
28.250 -35.750 -1.70317
28.250 -35.250 -1.81926
28.250 -34.750 -1.94248
28.250 -34.250 -2.07301
28.250 -33.750 -2.21093
28.250 -33.250 -2.35623
28.250 -32.750 -2.50879
28.250 -32.250 -2.66832
28.250 -31.750 -2.83435
28.250 -31.250 -3.00617
28.250 -30.750 -3.18280
28.250 -30.250 -3.36298
28.250 -29.750 -3.54505
28.250 -29.250 -3.72701
28.250 -28.750 -3.90643
28.250 -28.250 -4.08045
28.250 -27.750 -4.24580
28.250 -27.250 -4.39884
28.250 -26.750 -4.53559
28.250 -26.250 -4.65188
28.250 -25.750 -4.74344
28.250 -25.250 -4.80609
28.250 -24.750 -4.83590
28.250 -24.250 -4.82942
28.250 -23.750 -4.78387
28.250 -23.250 -4.69728
28.250 -22.750 -4.56868
28.250 -22.250 -4.39813
28.250 -21.750 -4.18676
28.250 -21.250 -3.93672
28.250 -20.750 -3.65108
28.250 -20.250 -3.33365
28.250 -19.750 -2.98886
28.250 -19.250 -2.62146
28.250 -18.750 -2.23641
28.250 -18.250 -1.83863
28.250 -17.750 -1.43288
28.250 -17.250 -1.02358
28.250 -16.750 -0.61478
28.250 -16.250 -0.21003
28.250 -15.750  0.18759
28.250 -15.250  0.57555
28.250 -14.750  0.95178
28.250 -14.250  1.31467
28.250 -13.750  1.66306
28.250 -13.250  1.99612
28.250 -12.750  2.31336
28.250 -12.250  2.61456
28.250 -11.750  2.89972
28.250 -11.250  3.16899
28.250 -10.750  3.42267
28.250 -10.250  3.66114
28.250 -9.750  3.88484
28.250 -9.250  4.09426
28.250 -8.750  4.28989
28.250 -8.250  4.47221
28.250 -7.750  4.64170
28.250 -7.250  4.79879
28.250 -6.750  4.94389
28.250 -6.250  5.07737
28.250 -5.750  5.19956
28.250 -5.250  5.31075
28.250 -4.750  5.41119
28.250 -4.250  5.50109
28.250 -3.750  5.58063
28.250 -3.250  5.64996
28.250 -2.750  5.70919
28.250 -2.250  5.75842
28.250 -1.750  5.79773
28.250 -1.250  5.82716
28.250 -0.750  5.84676
28.250 -0.250  5.85656
28.250 0.250  5.85656
28.250 0.750  5.84676
28.250 1.250  5.82716
28.250 1.750  5.79773
28.250 2.250  5.75842
28.250 2.750  5.70919
28.250 3.250  5.64996
28.250 3.750  5.58063
28.250 4.250  5.50109
28.250 4.750  5.41119
28.250 5.250  5.31075
28.250 5.750  5.19956
28.250 6.250  5.07737
28.250 6.750  4.94389
28.250 7.250  4.79879
28.250 7.750  4.64170
28.250 8.250  4.47221
28.250 8.750  4.28989
28.250 9.250  4.09426
28.250 9.750  3.88484
28.250 10.250  3.66114
28.250 10.750  3.42267
28.250 11.250  3.16899
28.250 11.750  2.89972
28.250 12.250  2.61456
28.250 12.750  2.31336
28.250 13.250  1.99612
28.250 13.750  1.66306
28.250 14.250  1.31467
28.250 14.750  0.95178
28.250 15.250  0.57555
28.250 15.750  0.18759
28.250 16.250 -0.21003
28.250 16.750 -0.61478
28.250 17.250 -1.02358
28.250 17.750 -1.43288
28.250 18.250 -1.83863
28.250 18.750 -2.23641
28.250 19.250 -2.62146
28.250 19.750 -2.98886
28.250 20.250 -3.33365
28.250 20.750 -3.65108
28.250 21.250 -3.93672
28.250 21.750 -4.18676
28.250 22.250 -4.39813
28.250 22.750 -4.56868
28.250 23.250 -4.69728
28.250 23.750 -4.78387
28.250 24.250 -4.82942
28.250 24.750 -4.83590
28.250 25.250 -4.80609
28.250 25.750 -4.74344
28.250 26.250 -4.65188
28.250 26.750 -4.53559
28.250 27.250 -4.39884
28.250 27.750 -4.24580
28.250 28.250 -4.08045
28.250 28.750 -3.90643
28.250 29.250 -3.72701
28.250 29.750 -3.54505
28.250 30.250 -3.36298
28.250 30.750 -3.18280
28.250 31.250 -3.00617
28.250 31.750 -2.83435
28.250 32.250 -2.66832
28.250 32.750 -2.50879
28.250 33.250 -2.35623
28.250 33.750 -2.21093
28.250 34.250 -2.07301
28.250 34.750 -1.94248
28.250 35.250 -1.81926
28.250 35.750 -1.70317
28.250 36.250 -1.59399
28.250 36.750 -1.49146
28.250 37.250 -1.39529
28.250 37.750 -1.30517
28.250 38.250 -1.22080
28.250 38.750 -1.14186
28.250 39.250 -1.06803
28.250 39.750 -0.99902
28.250 40.250 -0.93451
28.250 40.750 -0.87424
28.250 41.250 -0.81793
28.250 41.750 -0.76531
28.250 42.250 -0.71615
28.250 42.750 -0.67022
28.250 43.250 -0.62729
28.250 43.750 -0.58717
28.250 44.250 -0.54966
28.250 44.750 -0.51458
28.750 -44.750 -0.48682
28.750 -44.250 -0.52146
28.750 -43.750 -0.55858
28.750 -43.250 -0.59838
28.750 -42.750 -0.64106
28.750 -42.250 -0.68685
28.750 -41.750 -0.73598
28.750 -41.250 -0.78870
28.750 -40.750 -0.84528
28.750 -40.250 -0.90601
28.750 -39.750 -0.97120
28.750 -39.250 -1.04117
28.750 -38.750 -1.11626
28.750 -38.250 -1.19683
28.750 -37.750 -1.28324
28.750 -37.250 -1.37588
28.750 -36.750 -1.47514
28.750 -36.250 -1.58139
28.750 -35.750 -1.69503
28.750 -35.250 -1.81641
28.750 -34.750 -1.94587
28.750 -34.250 -2.08369
28.750 -33.750 -2.23010
28.750 -33.250 -2.38521
28.750 -32.750 -2.54904
28.750 -32.250 -2.72144
28.750 -31.750 -2.90204
28.750 -31.250 -3.09026
28.750 -30.750 -3.28520
28.750 -30.250 -3.48560
28.750 -29.750 -3.68983
28.750 -29.250 -3.89577
28.750 -28.750 -4.10079
28.750 -28.250 -4.30176
28.750 -27.750 -4.49498
28.750 -27.250 -4.67627
28.750 -26.750 -4.84097
28.750 -26.250 -4.98411
28.750 -25.750 -5.10053
28.750 -25.250 -5.18510
28.750 -24.750 -5.23295
28.750 -24.250 -5.23976
28.750 -23.750 -5.20196
28.750 -23.250 -5.11706
28.750 -22.750 -4.98373
28.750 -22.250 -4.80199
28.750 -21.750 -4.57318
28.750 -21.250 -4.29993
28.750 -20.750 -3.98602
28.750 -20.250 -3.63613
28.750 -19.750 -3.25565
28.750 -19.250 -2.85036
28.750 -18.750 -2.42621
28.750 -18.250 -1.98903
28.750 -17.750 -1.54442
28.750 -17.250 -1.09749
28.750 -16.750 -0.65283
28.750 -16.250 -0.21443
28.750 -15.750  0.21439
28.750 -15.250  0.63089
28.750 -14.750  1.03297
28.750 -14.250  1.41905
28.750 -13.750  1.78802
28.750 -13.250  2.13924
28.750 -12.750  2.47237
28.750 -12.250  2.78739
28.750 -11.750  3.08449
28.750 -11.250  3.36406
28.750 -10.750  3.62657
28.750 -10.250  3.87261
28.750 -9.750  4.10280
28.750 -9.250  4.31777
28.750 -8.750  4.51817
28.750 -8.250  4.70461
28.750 -7.750  4.87766
28.750 -7.250  5.03785
28.750 -6.750  5.18568
28.750 -6.250  5.32156
28.750 -5.750  5.44587
28.750 -5.250  5.55895
28.750 -4.750  5.66107
28.750 -4.250  5.75246
28.750 -3.750  5.83332
28.750 -3.250  5.90379
28.750 -2.750  5.96400
28.750 -2.250  6.01405
28.750 -1.750  6.05402
28.750 -1.250  6.08395
28.750 -0.750  6.10388
28.750 -0.250  6.11384
28.750 0.250  6.11384
28.750 0.750  6.10388
28.750 1.250  6.08395
28.750 1.750  6.05402
28.750 2.250  6.01405
28.750 2.750  5.96400
28.750 3.250  5.90379
28.750 3.750  5.83332
28.750 4.250  5.75246
28.750 4.750  5.66107
28.750 5.250  5.55895
28.750 5.750  5.44587
28.750 6.250  5.32156
28.750 6.750  5.18568
28.750 7.250  5.03785
28.750 7.750  4.87766
28.750 8.250  4.70461
28.750 8.750  4.51817
28.750 9.250  4.31777
28.750 9.750  4.10280
28.750 10.250  3.87261
28.750 10.750  3.62657
28.750 11.250  3.36406
28.750 11.750  3.08449
28.750 12.250  2.78739
28.750 12.750  2.47237
28.750 13.250  2.13924
28.750 13.750  1.78802
28.750 14.250  1.41905
28.750 14.750  1.03297
28.750 15.250  0.63089
28.750 15.750  0.21439
28.750 16.250 -0.21443
28.750 16.750 -0.65283
28.750 17.250 -1.09749
28.750 17.750 -1.54442
28.750 18.250 -1.98903
28.750 18.750 -2.42621
28.750 19.250 -2.85036
28.750 19.750 -3.25565
28.750 20.250 -3.63613
28.750 20.750 -3.98602
28.750 21.250 -4.29993
28.750 21.750 -4.57318
28.750 22.250 -4.80199
28.750 22.750 -4.98373
28.750 23.250 -5.11706
28.750 23.750 -5.20196
28.750 24.250 -5.23976
28.750 24.750 -5.23295
28.750 25.250 -5.18510
28.750 25.750 -5.10053
28.750 26.250 -4.98411
28.750 26.750 -4.84097
28.750 27.250 -4.67627
28.750 27.750 -4.49498
28.750 28.250 -4.30176
28.750 28.750 -4.10079
28.750 29.250 -3.89577
28.750 29.750 -3.68983
28.750 30.250 -3.48560
28.750 30.750 -3.28520
28.750 31.250 -3.09026
28.750 31.750 -2.90204
28.750 32.250 -2.72144
28.750 32.750 -2.54904
28.750 33.250 -2.38521
28.750 33.750 -2.23010
28.750 34.250 -2.08369
28.750 34.750 -1.94587
28.750 35.250 -1.81641
28.750 35.750 -1.69503
28.750 36.250 -1.58139
28.750 36.750 -1.47514
28.750 37.250 -1.37588
28.750 37.750 -1.28324
28.750 38.250 -1.19683
28.750 38.750 -1.11626
28.750 39.250 -1.04117
28.750 39.750 -0.97120
28.750 40.250 -0.90601
28.750 40.750 -0.84528
28.750 41.250 -0.78870
28.750 41.750 -0.73598
28.750 42.250 -0.68685
28.750 42.750 -0.64106
28.750 43.250 -0.59838
28.750 43.750 -0.55858
28.750 44.250 -0.52146
28.750 44.750 -0.48682
29.250 -44.750 -0.45676
29.250 -44.250 -0.49078
29.250 -43.750 -0.52732
29.250 -43.250 -0.56659
29.250 -42.750 -0.60881
29.250 -42.250 -0.65421
29.250 -41.750 -0.70305
29.250 -41.250 -0.75561
29.250 -40.750 -0.81217
29.250 -40.250 -0.87306
29.250 -39.750 -0.93861
29.250 -39.250 -1.00919
29.250 -38.750 -1.08519
29.250 -38.250 -1.16701
29.250 -37.750 -1.25509
29.250 -37.250 -1.34986
29.250 -36.750 -1.45181
29.250 -36.250 -1.56141
29.250 -35.750 -1.67914
29.250 -35.250 -1.80547
29.250 -34.750 -1.94088
29.250 -34.250 -2.08577
29.250 -33.750 -2.24054
29.250 -33.250 -2.40545
29.250 -32.750 -2.58070
29.250 -32.250 -2.76630
29.250 -31.750 -2.96207
29.250 -31.250 -3.16758
29.250 -30.750 -3.38205
29.250 -30.250 -3.60434
29.250 -29.750 -3.83282
29.250 -29.250 -4.06534
29.250 -28.750 -4.29911
29.250 -28.250 -4.53072
29.250 -27.750 -4.75603
29.250 -27.250 -4.97022
29.250 -26.750 -5.16788
29.250 -26.250 -5.34306
29.250 -25.750 -5.48952
29.250 -25.250 -5.60091
29.250 -24.750 -5.67119
29.250 -24.250 -5.69486
29.250 -23.750 -5.66738
29.250 -23.250 -5.58548
29.250 -22.750 -5.44742
29.250 -22.250 -5.25312
29.250 -21.750 -5.00421
29.250 -21.250 -4.70396
29.250 -20.750 -4.35704
29.250 -20.250 -3.96927
29.250 -19.750 -3.54728
29.250 -19.250 -3.09812
29.250 -18.750 -2.62897
29.250 -18.250 -2.14681
29.250 -17.750 -1.65818
29.250 -17.250 -1.16902
29.250 -16.750 -0.68453
29.250 -16.250 -0.20912
29.250 -15.750  0.25359
29.250 -15.250  0.70076
29.250 -14.750  1.13025
29.250 -14.250  1.54058
29.250 -13.750  1.93082
29.250 -13.250  2.30049
29.250 -12.750  2.64953
29.250 -12.250  2.97815
29.250 -11.750  3.28683
29.250 -11.250  3.57619
29.250 -10.750  3.84695
29.250 -10.250  4.09994
29.250 -9.750  4.33596
29.250 -9.250  4.55586
29.250 -8.750  4.76042
29.250 -8.250  4.95039
29.250 -7.750  5.12647
29.250 -7.250  5.28928
29.250 -6.750  5.43940
29.250 -6.250  5.57730
29.250 -5.750  5.70342
29.250 -5.250  5.81811
29.250 -4.750  5.92167
29.250 -4.250  6.01436
29.250 -3.750  6.09637
29.250 -3.250  6.16787
29.250 -2.750  6.22897
29.250 -2.250  6.27977
29.250 -1.750  6.32034
29.250 -1.250  6.35073
29.250 -0.750  6.37097
29.250 -0.250  6.38108
29.250 0.250  6.38108
29.250 0.750  6.37097
29.250 1.250  6.35073
29.250 1.750  6.32034
29.250 2.250  6.27977
29.250 2.750  6.22897
29.250 3.250  6.16787
29.250 3.750  6.09637
29.250 4.250  6.01436
29.250 4.750  5.92167
29.250 5.250  5.81811
29.250 5.750  5.70342
29.250 6.250  5.57730
29.250 6.750  5.43940
29.250 7.250  5.28928
29.250 7.750  5.12647
29.250 8.250  4.95039
29.250 8.750  4.76042
29.250 9.250  4.55586
29.250 9.750  4.33596
29.250 10.250  4.09994
29.250 10.750  3.84695
29.250 11.250  3.57619
29.250 11.750  3.28683
29.250 12.250  2.97815
29.250 12.750  2.64953
29.250 13.250  2.30049
29.250 13.750  1.93082
29.250 14.250  1.54058
29.250 14.750  1.13025
29.250 15.250  0.70076
29.250 15.750  0.25359
29.250 16.250 -0.20912
29.250 16.750 -0.68453
29.250 17.250 -1.16902
29.250 17.750 -1.65818
29.250 18.250 -2.14681
29.250 18.750 -2.62897
29.250 19.250 -3.09812
29.250 19.750 -3.54728
29.250 20.250 -3.96927
29.250 20.750 -4.35704
29.250 21.250 -4.70396
29.250 21.750 -5.00421
29.250 22.250 -5.25312
29.250 22.750 -5.44742
29.250 23.250 -5.58548
29.250 23.750 -5.66738
29.250 24.250 -5.69486
29.250 24.750 -5.67119
29.250 25.250 -5.60091
29.250 25.750 -5.48952
29.250 26.250 -5.34306
29.250 26.750 -5.16788
29.250 27.250 -4.97022
29.250 27.750 -4.75603
29.250 28.250 -4.53072
29.250 28.750 -4.29911
29.250 29.250 -4.06534
29.250 29.750 -3.83282
29.250 30.250 -3.60434
29.250 30.750 -3.38205
29.250 31.250 -3.16758
29.250 31.750 -2.96207
29.250 32.250 -2.76630
29.250 32.750 -2.58070
29.250 33.250 -2.40545
29.250 33.750 -2.24054
29.250 34.250 -2.08577
29.250 34.750 -1.94088
29.250 35.250 -1.80547
29.250 35.750 -1.67914
29.250 36.250 -1.56141
29.250 36.750 -1.45181
29.250 37.250 -1.34986
29.250 37.750 -1.25509
29.250 38.250 -1.16701
29.250 38.750 -1.08519
29.250 39.250 -1.00919
29.250 39.750 -0.93861
29.250 40.250 -0.87306
29.250 40.750 -0.81217
29.250 41.250 -0.75561
29.250 41.750 -0.70305
29.250 42.250 -0.65421
29.250 42.750 -0.60881
29.250 43.250 -0.56659
29.250 43.750 -0.52732
29.250 44.250 -0.49078
29.250 44.750 -0.45676
29.750 -44.750 -0.42436
29.750 -44.250 -0.45757
29.750 -43.750 -0.49333
29.750 -43.250 -0.53186
29.750 -42.750 -0.57337
29.750 -42.250 -0.61814
29.750 -41.750 -0.66642
29.750 -41.250 -0.71851
29.750 -40.750 -0.77474
29.750 -40.250 -0.83544
29.750 -39.750 -0.90100
29.750 -39.250 -0.97181
29.750 -38.750 -1.04830
29.750 -38.250 -1.13094
29.750 -37.750 -1.22023
29.750 -37.250 -1.31668
29.750 -36.750 -1.42084
29.750 -36.250 -1.53330
29.750 -35.750 -1.65464
29.750 -35.250 -1.78546
29.750 -34.750 -1.92638
29.750 -34.250 -2.07798
29.750 -33.750 -2.24080
29.750 -33.250 -2.41534
29.750 -32.750 -2.60197
29.750 -32.250 -2.80095
29.750 -31.750 -3.01232
29.750 -31.250 -3.23586
29.750 -30.750 -3.47101
29.750 -30.250 -3.71678
29.750 -29.750 -3.97167
29.750 -29.250 -4.23354
29.750 -28.750 -4.49950
29.750 -28.250 -4.76587
29.750 -27.750 -5.02807
29.750 -27.250 -5.28063
29.750 -26.750 -5.51722
29.750 -26.250 -5.73074
29.750 -25.750 -5.91359
29.750 -25.250 -6.05795
29.750 -24.750 -6.15619
29.750 -24.250 -6.20132
29.750 -23.750 -6.18746
29.750 -23.250 -6.11036
29.750 -22.750 -5.96764
29.750 -22.250 -5.75913
29.750 -21.750 -5.48684
29.750 -21.250 -5.15485
29.750 -20.750 -4.76904
29.750 -20.250 -4.33671
29.750 -19.750 -3.86608
29.750 -19.250 -3.36583
29.750 -18.750 -2.84467
29.750 -18.250 -2.31094
29.750 -17.750 -1.77236
29.750 -17.250 -1.23576
29.750 -16.750 -0.70702
29.750 -16.250 -0.19099
29.750 -15.750  0.30845
29.750 -15.250  0.78840
29.750 -14.750  1.24679
29.750 -14.250  1.68229
29.750 -13.750  2.09423
29.750 -13.250  2.48243
29.750 -12.750  2.84713
29.750 -12.250  3.18890
29.750 -11.750  3.50851
29.750 -11.250  3.80691
29.750 -10.750  4.08512
29.750 -10.250  4.34422
29.750 -9.750  4.58526
29.750 -9.250  4.80927
29.750 -8.750  5.01723
29.750 -8.250  5.21005
29.750 -7.750  5.38853
29.750 -7.250  5.55341
29.750 -6.750  5.70532
29.750 -6.250  5.84482
29.750 -5.750  5.97237
29.750 -5.250  6.08837
29.750 -4.750  6.19314
29.750 -4.250  6.28693
29.750 -3.750  6.36994
29.750 -3.250  6.44234
29.750 -2.750  6.50423
29.750 -2.250  6.55571
29.750 -1.750  6.59684
29.750 -1.250  6.62765
29.750 -0.750  6.64818
29.750 -0.250  6.65844
29.750 0.250  6.65844
29.750 0.750  6.64818
29.750 1.250  6.62765
29.750 1.750  6.59684
29.750 2.250  6.55571
29.750 2.750  6.50423
29.750 3.250  6.44234
29.750 3.750  6.36994
29.750 4.250  6.28693
29.750 4.750  6.19314
29.750 5.250  6.08837
29.750 5.750  5.97237
29.750 6.250  5.84482
29.750 6.750  5.70532
29.750 7.250  5.55341
29.750 7.750  5.38853
29.750 8.250  5.21005
29.750 8.750  5.01723
29.750 9.250  4.80927
29.750 9.750  4.58526
29.750 10.250  4.34422
29.750 10.750  4.08512
29.750 11.250  3.80691
29.750 11.750  3.50851
29.750 12.250  3.18890
29.750 12.750  2.84713
29.750 13.250  2.48243
29.750 13.750  2.09423
29.750 14.250  1.68229
29.750 14.750  1.24679
29.750 15.250  0.78840
29.750 15.750  0.30845
29.750 16.250 -0.19099
29.750 16.750 -0.70702
29.750 17.250 -1.23576
29.750 17.750 -1.77236
29.750 18.250 -2.31094
29.750 18.750 -2.84467
29.750 19.250 -3.36583
29.750 19.750 -3.86608
29.750 20.250 -4.33671
29.750 20.750 -4.76904
29.750 21.250 -5.15485
29.750 21.750 -5.48684
29.750 22.250 -5.75913
29.750 22.750 -5.96764
29.750 23.250 -6.11036
29.750 23.750 -6.18746
29.750 24.250 -6.20132
29.750 24.750 -6.15619
29.750 25.250 -6.05795
29.750 25.750 -5.91359
29.750 26.250 -5.73074
29.750 26.750 -5.51722
29.750 27.250 -5.28063
29.750 27.750 -5.02807
29.750 28.250 -4.76587
29.750 28.750 -4.49950
29.750 29.250 -4.23354
29.750 29.750 -3.97167
29.750 30.250 -3.71678
29.750 30.750 -3.47101
29.750 31.250 -3.23586
29.750 31.750 -3.01232
29.750 32.250 -2.80095
29.750 32.750 -2.60197
29.750 33.250 -2.41534
29.750 33.750 -2.24080
29.750 34.250 -2.07798
29.750 34.750 -1.92638
29.750 35.250 -1.78546
29.750 35.750 -1.65464
29.750 36.250 -1.53330
29.750 36.750 -1.42084
29.750 37.250 -1.31668
29.750 37.750 -1.22023
29.750 38.250 -1.13094
29.750 38.750 -1.04830
29.750 39.250 -0.97181
29.750 39.750 -0.90100
29.750 40.250 -0.83544
29.750 40.750 -0.77474
29.750 41.250 -0.71851
29.750 41.750 -0.66642
29.750 42.250 -0.61814
29.750 42.750 -0.57337
29.750 43.250 -0.53186
29.750 43.750 -0.49333
29.750 44.250 -0.45757
29.750 44.750 -0.42436
30.250 -44.750 -0.38961
30.250 -44.250 -0.42182
30.250 -43.750 -0.45658
30.250 -43.250 -0.49413
30.250 -42.750 -0.53470
30.250 -42.250 -0.57855
30.250 -41.750 -0.62598
30.250 -41.250 -0.67729
30.250 -40.750 -0.73283
30.250 -40.250 -0.79298
30.250 -39.750 -0.85813
30.250 -39.250 -0.92874
30.250 -38.750 -1.00527
30.250 -38.250 -1.08824
30.250 -37.750 -1.17821
30.250 -37.250 -1.27578
30.250 -36.750 -1.38159
30.250 -36.250 -1.49630
30.250 -35.750 -1.62065
30.250 -35.250 -1.75536
30.250 -34.750 -1.90120
30.250 -34.250 -2.05894
30.250 -33.750 -2.22933
30.250 -33.250 -2.41310
30.250 -32.750 -2.61087
30.250 -32.250 -2.82317
30.250 -31.750 -3.05034
30.250 -31.250 -3.29245
30.250 -30.750 -3.54925
30.250 -30.250 -3.82001
30.250 -29.750 -4.10343
30.250 -29.250 -4.39750
30.250 -28.750 -4.69932
30.250 -28.250 -5.00503
30.250 -27.750 -5.30961
30.250 -27.250 -5.60690
30.250 -26.750 -5.88952
30.250 -26.250 -6.14904
30.250 -25.750 -6.37618
30.250 -25.250 -6.56122
30.250 -24.750 -6.69450
30.250 -24.250 -6.76701
30.250 -23.750 -6.77113
30.250 -23.250 -6.70120
30.250 -22.750 -6.55403
30.250 -22.250 -6.32929
30.250 -21.750 -6.02947
30.250 -21.250 -5.65978
30.250 -20.750 -5.22773
30.250 -20.250 -4.74254
30.250 -19.750 -4.21450
30.250 -19.250 -3.65439
30.250 -18.750 -3.07281
30.250 -18.250 -2.47979
30.250 -17.750 -1.88438
30.250 -17.250 -1.29446
30.250 -16.750 -0.71661
30.250 -16.250 -0.15613
30.250 -15.750  0.38295
30.250 -15.250  0.89773
30.250 -14.750  1.38631
30.250 -14.250  1.84766
30.250 -13.750  2.28145
30.250 -13.250  2.68792
30.250 -12.750  3.06771
30.250 -12.250  3.42182
30.250 -11.750  3.75142
30.250 -11.250  4.05783
30.250 -10.750  4.34241
30.250 -10.250  4.60655
30.250 -9.750  4.85157
30.250 -9.250  5.07872
30.250 -8.750  5.28919
30.250 -8.250  5.48403
30.250 -7.750  5.66418
30.250 -7.250  5.83048
30.250 -6.750  5.98364
30.250 -6.250  6.12427
30.250 -5.750  6.25287
30.250 -5.250  6.36986
30.250 -4.750  6.47558
30.250 -4.250  6.57026
30.250 -3.750  6.65412
30.250 -3.250  6.72730
30.250 -2.750  6.78991
30.250 -2.250  6.84201
30.250 -1.750  6.88365
30.250 -1.250  6.91486
30.250 -0.750  6.93566
30.250 -0.250  6.94606
30.250 0.250  6.94606
30.250 0.750  6.93566
30.250 1.250  6.91486
30.250 1.750  6.88365
30.250 2.250  6.84201
30.250 2.750  6.78991
30.250 3.250  6.72730
30.250 3.750  6.65412
30.250 4.250  6.57026
30.250 4.750  6.47558
30.250 5.250  6.36986
30.250 5.750  6.25287
30.250 6.250  6.12427
30.250 6.750  5.98364
30.250 7.250  5.83048
30.250 7.750  5.66418
30.250 8.250  5.48403
30.250 8.750  5.28919
30.250 9.250  5.07872
30.250 9.750  4.85157
30.250 10.250  4.60655
30.250 10.750  4.34241
30.250 11.250  4.05783
30.250 11.750  3.75142
30.250 12.250  3.42182
30.250 12.750  3.06771
30.250 13.250  2.68792
30.250 13.750  2.28145
30.250 14.250  1.84766
30.250 14.750  1.38631
30.250 15.250  0.89773
30.250 15.750  0.38295
30.250 16.250 -0.15613
30.250 16.750 -0.71661
30.250 17.250 -1.29446
30.250 17.750 -1.88438
30.250 18.250 -2.47979
30.250 18.750 -3.07281
30.250 19.250 -3.65439
30.250 19.750 -4.21450
30.250 20.250 -4.74254
30.250 20.750 -5.22773
30.250 21.250 -5.65978
30.250 21.750 -6.02947
30.250 22.250 -6.32929
30.250 22.750 -6.55403
30.250 23.250 -6.70120
30.250 23.750 -6.77113
30.250 24.250 -6.76701
30.250 24.750 -6.69450
30.250 25.250 -6.56122
30.250 25.750 -6.37618
30.250 26.250 -6.14904
30.250 26.750 -5.88952
30.250 27.250 -5.60690
30.250 27.750 -5.30961
30.250 28.250 -5.00503
30.250 28.750 -4.69932
30.250 29.250 -4.39750
30.250 29.750 -4.10343
30.250 30.250 -3.82001
30.250 30.750 -3.54925
30.250 31.250 -3.29245
30.250 31.750 -3.05034
30.250 32.250 -2.82317
30.250 32.750 -2.61087
30.250 33.250 -2.41310
30.250 33.750 -2.22933
30.250 34.250 -2.05894
30.250 34.750 -1.90120
30.250 35.250 -1.75536
30.250 35.750 -1.62065
30.250 36.250 -1.49630
30.250 36.750 -1.38159
30.250 37.250 -1.27578
30.250 37.750 -1.17821
30.250 38.250 -1.08824
30.250 38.750 -1.00527
30.250 39.250 -0.92874
30.250 39.750 -0.85813
30.250 40.250 -0.79298
30.250 40.750 -0.73283
30.250 41.250 -0.67729
30.250 41.750 -0.62598
30.250 42.250 -0.57855
30.250 42.750 -0.53470
30.250 43.250 -0.49413
30.250 43.750 -0.45658
30.250 44.250 -0.42182
30.250 44.750 -0.38961
30.750 -44.750 -0.35250
30.750 -44.250 -0.38351
30.750 -43.750 -0.41706
30.750 -43.250 -0.45338
30.750 -42.750 -0.49274
30.750 -42.250 -0.53539
30.750 -41.750 -0.58165
30.750 -41.250 -0.63184
30.750 -40.750 -0.68633
30.750 -40.250 -0.74551
30.750 -39.750 -0.80983
30.750 -39.250 -0.87975
30.750 -38.750 -0.95579
30.750 -38.250 -1.03854
30.750 -37.750 -1.12860
30.750 -37.250 -1.22665
30.750 -36.750 -1.33342
30.750 -36.250 -1.44969
30.750 -35.750 -1.57630
30.750 -35.250 -1.71413
30.750 -34.750 -1.86412
30.750 -34.250 -2.02724
30.750 -33.750 -2.20449
30.750 -33.250 -2.39683
30.750 -32.750 -2.60521
30.750 -32.250 -2.83048
30.750 -31.750 -3.07335
30.750 -31.250 -3.33429
30.750 -30.750 -3.61344
30.750 -30.250 -3.91046
30.750 -29.750 -4.22441
30.750 -29.250 -4.55353
30.750 -28.750 -4.89508
30.750 -28.250 -5.24511
30.750 -27.750 -5.59826
30.750 -27.250 -5.94765
30.750 -26.750 -6.28478
30.750 -26.250 -6.59963
30.750 -25.750 -6.88088
30.750 -25.250 -7.11638
30.750 -24.750 -7.29379
30.750 -24.250 -7.40144
30.750 -23.750 -7.42928
30.750 -23.250 -7.36974
30.750 -22.750 -7.21850
30.750 -22.250 -6.97496
30.750 -21.750 -6.64234
30.750 -21.250 -6.22737
30.750 -20.750 -5.73975
30.750 -20.250 -5.19127
30.750 -19.750 -4.59498
30.750 -19.250 -3.96431
30.750 -18.750 -3.31225
30.750 -18.250 -2.65084
30.750 -17.750 -1.99070
30.750 -17.250 -1.34086
30.750 -16.750 -0.70863
30.750 -16.250 -0.09967
30.750 -15.750  0.48192
30.750 -15.250  1.03340
30.750 -14.750  1.55318
30.750 -14.250  2.04069
30.750 -13.750  2.49607
30.750 -13.250  2.92012
30.750 -12.750  3.31402
30.750 -12.250  3.67926
30.750 -11.750  4.01753
30.750 -11.250  4.33057
30.750 -10.750  4.62015
30.750 -10.250  4.88799
30.750 -9.750  5.13572
30.750 -9.250  5.36485
30.750 -8.750  5.57676
30.750 -8.250  5.77267
30.750 -7.750  5.95366
30.750 -7.250  6.12067
30.750 -6.750  6.27447
30.750 -6.250  6.41573
30.750 -5.750  6.54497
30.750 -5.250  6.66263
30.750 -4.750  6.76902
30.750 -4.250  6.86441
30.750 -3.750  6.94898
30.750 -3.250  7.02284
30.750 -2.750  7.08608
30.750 -2.250  7.13875
30.750 -1.750  7.18088
30.750 -1.250  7.21248
30.750 -0.750  7.23354
30.750 -0.250  7.24408
30.750 0.250  7.24408
30.750 0.750  7.23354
30.750 1.250  7.21248
30.750 1.750  7.18088
30.750 2.250  7.13875
30.750 2.750  7.08608
30.750 3.250  7.02284
30.750 3.750  6.94898
30.750 4.250  6.86441
30.750 4.750  6.76902
30.750 5.250  6.66263
30.750 5.750  6.54497
30.750 6.250  6.41573
30.750 6.750  6.27447
30.750 7.250  6.12067
30.750 7.750  5.95366
30.750 8.250  5.77267
30.750 8.750  5.57676
30.750 9.250  5.36485
30.750 9.750  5.13572
30.750 10.250  4.88799
30.750 10.750  4.62015
30.750 11.250  4.33057
30.750 11.750  4.01753
30.750 12.250  3.67926
30.750 12.750  3.31402
30.750 13.250  2.92012
30.750 13.750  2.49607
30.750 14.250  2.04069
30.750 14.750  1.55318
30.750 15.250  1.03340
30.750 15.750  0.48192
30.750 16.250 -0.09967
30.750 16.750 -0.70863
30.750 17.250 -1.34086
30.750 17.750 -1.99070
30.750 18.250 -2.65084
30.750 18.750 -3.31225
30.750 19.250 -3.96431
30.750 19.750 -4.59498
30.750 20.250 -5.19127
30.750 20.750 -5.73975
30.750 21.250 -6.22737
30.750 21.750 -6.64234
30.750 22.250 -6.97496
30.750 22.750 -7.21850
30.750 23.250 -7.36974
30.750 23.750 -7.42928
30.750 24.250 -7.40144
30.750 24.750 -7.29379
30.750 25.250 -7.11638
30.750 25.750 -6.88088
30.750 26.250 -6.59963
30.750 26.750 -6.28478
30.750 27.250 -5.94765
30.750 27.750 -5.59826
30.750 28.250 -5.24511
30.750 28.750 -4.89508
30.750 29.250 -4.55353
30.750 29.750 -4.22441
30.750 30.250 -3.91046
30.750 30.750 -3.61344
30.750 31.250 -3.33429
30.750 31.750 -3.07335
30.750 32.250 -2.83048
30.750 32.750 -2.60521
30.750 33.250 -2.39683
30.750 33.750 -2.20449
30.750 34.250 -2.02724
30.750 34.750 -1.86412
30.750 35.250 -1.71413
30.750 35.750 -1.57630
30.750 36.250 -1.44969
30.750 36.750 -1.33342
30.750 37.250 -1.22665
30.750 37.750 -1.12860
30.750 38.250 -1.03854
30.750 38.750 -0.95579
30.750 39.250 -0.87975
30.750 39.750 -0.80983
30.750 40.250 -0.74551
30.750 40.750 -0.68633
30.750 41.250 -0.63184
30.750 41.750 -0.58165
30.750 42.250 -0.53539
30.750 42.750 -0.49274
30.750 43.250 -0.45338
30.750 43.750 -0.41706
30.750 44.250 -0.38351
30.750 44.750 -0.35250
31.250 -44.750 -0.31306
31.250 -44.250 -0.34265
31.250 -43.750 -0.37476
31.250 -43.250 -0.40962
31.250 -42.750 -0.44748
31.250 -42.250 -0.48864
31.250 -41.750 -0.53340
31.250 -41.250 -0.58210
31.250 -40.750 -0.63514
31.250 -40.250 -0.69292
31.250 -39.750 -0.75592
31.250 -39.250 -0.82464
31.250 -38.750 -0.89963
31.250 -38.250 -0.98153
31.250 -37.750 -1.07101
31.250 -37.250 -1.16882
31.250 -36.750 -1.27577
31.250 -36.250 -1.39275
31.250 -35.750 -1.52072
31.250 -35.250 -1.66074
31.250 -34.750 -1.81391
31.250 -34.250 -1.98143
31.250 -33.750 -2.16453
31.250 -33.250 -2.36450
31.250 -32.750 -2.58263
31.250 -32.250 -2.82016
31.250 -31.750 -3.07824
31.250 -31.250 -3.35785
31.250 -30.750 -3.65965
31.250 -30.250 -3.98385
31.250 -29.750 -4.33004
31.250 -29.250 -4.69693
31.250 -28.750 -5.08213
31.250 -28.250 -5.48180
31.250 -27.750 -5.89040
31.250 -27.250 -6.30039
31.250 -26.750 -6.70211
31.250 -26.250 -7.08368
31.250 -25.750 -7.43130
31.250 -25.250 -7.72972
31.250 -24.750 -7.96309
31.250 -24.250 -8.11612
31.250 -23.750 -8.17536
31.250 -23.250 -8.13060
31.250 -22.750 -7.97590
31.250 -22.250 -7.71032
31.250 -21.750 -7.33806
31.250 -21.250 -6.86799
31.250 -20.750 -6.31281
31.250 -20.250 -5.68786
31.250 -19.750 -5.00979
31.250 -19.250 -4.29543
31.250 -18.750 -3.56080
31.250 -18.250 -2.82032
31.250 -17.750 -2.08644
31.250 -17.250 -1.36938
31.250 -16.750 -0.67714
31.250 -16.250 -0.01560
31.250 -15.750  0.61121
31.250 -15.250  1.20091
31.250 -14.750  1.75247
31.250 -14.250  2.26592
31.250 -13.750  2.74211
31.250 -13.250  3.18252
31.250 -12.750  3.58901
31.250 -12.250  3.96371
31.250 -11.750  4.30886
31.250 -11.250  4.62676
31.250 -10.750  4.91961
31.250 -10.250  5.18951
31.250 -9.750  5.43844
31.250 -9.250  5.66817
31.250 -8.750  5.88029
31.250 -8.250  6.07620
31.250 -7.750  6.25711
31.250 -7.250  6.42404
31.250 -6.750  6.57783
31.250 -6.250  6.71918
31.250 -5.750  6.84864
31.250 -5.250  6.96663
31.250 -4.750  7.07347
31.250 -4.250  7.16939
31.250 -3.750  7.25453
31.250 -3.250  7.32899
31.250 -2.750  7.39282
31.250 -2.250  7.44604
31.250 -1.750  7.48865
31.250 -1.250  7.52063
31.250 -0.750  7.54196
31.250 -0.250  7.55263
31.250 0.250  7.55263
31.250 0.750  7.54196
31.250 1.250  7.52063
31.250 1.750  7.48865
31.250 2.250  7.44604
31.250 2.750  7.39282
31.250 3.250  7.32899
31.250 3.750  7.25453
31.250 4.250  7.16939
31.250 4.750  7.07347
31.250 5.250  6.96663
31.250 5.750  6.84864
31.250 6.250  6.71918
31.250 6.750  6.57783
31.250 7.250  6.42404
31.250 7.750  6.25711
31.250 8.250  6.07620
31.250 8.750  5.88029
31.250 9.250  5.66817
31.250 9.750  5.43844
31.250 10.250  5.18951
31.250 10.750  4.91961
31.250 11.250  4.62676
31.250 11.750  4.30886
31.250 12.250  3.96371
31.250 12.750  3.58901
31.250 13.250  3.18252
31.250 13.750  2.74211
31.250 14.250  2.26592
31.250 14.750  1.75247
31.250 15.250  1.20091
31.250 15.750  0.61121
31.250 16.250 -0.01560
31.250 16.750 -0.67714
31.250 17.250 -1.36938
31.250 17.750 -2.08644
31.250 18.250 -2.82032
31.250 18.750 -3.56080
31.250 19.250 -4.29543
31.250 19.750 -5.00979
31.250 20.250 -5.68786
31.250 20.750 -6.31281
31.250 21.250 -6.86799
31.250 21.750 -7.33806
31.250 22.250 -7.71032
31.250 22.750 -7.97590
31.250 23.250 -8.13060
31.250 23.750 -8.17536
31.250 24.250 -8.11612
31.250 24.750 -7.96309
31.250 25.250 -7.72972
31.250 25.750 -7.43130
31.250 26.250 -7.08368
31.250 26.750 -6.70211
31.250 27.250 -6.30039
31.250 27.750 -5.89040
31.250 28.250 -5.48180
31.250 28.750 -5.08213
31.250 29.250 -4.69693
31.250 29.750 -4.33004
31.250 30.250 -3.98385
31.250 30.750 -3.65965
31.250 31.250 -3.35785
31.250 31.750 -3.07824
31.250 32.250 -2.82016
31.250 32.750 -2.58263
31.250 33.250 -2.36450
31.250 33.750 -2.16453
31.250 34.250 -1.98143
31.250 34.750 -1.81391
31.250 35.250 -1.66074
31.250 35.750 -1.52072
31.250 36.250 -1.39275
31.250 36.750 -1.27577
31.250 37.250 -1.16882
31.250 37.750 -1.07101
31.250 38.250 -0.98153
31.250 38.750 -0.89963
31.250 39.250 -0.82464
31.250 39.750 -0.75592
31.250 40.250 -0.69292
31.250 40.750 -0.63514
31.250 41.250 -0.58210
31.250 41.750 -0.53340
31.250 42.250 -0.48864
31.250 42.750 -0.44748
31.250 43.250 -0.40962
31.250 43.750 -0.37476
31.250 44.250 -0.34265
31.250 44.750 -0.31306
31.750 -44.750 -0.27132
31.750 -44.250 -0.29928
31.750 -43.750 -0.32972
31.750 -43.250 -0.36285
31.750 -42.750 -0.39894
31.750 -42.250 -0.43828
31.750 -41.750 -0.48120
31.750 -41.250 -0.52804
31.750 -40.750 -0.57921
31.750 -40.250 -0.63513
31.750 -39.750 -0.69630
31.750 -39.250 -0.76325
31.750 -38.750 -0.83658
31.750 -38.250 -0.91696
31.750 -37.750 -1.00511
31.750 -37.250 -1.10186
31.750 -36.750 -1.20810
31.750 -36.250 -1.32482
31.750 -35.750 -1.45313
31.750 -35.250 -1.59421
31.750 -34.750 -1.74937
31.750 -34.250 -1.92003
31.750 -33.750 -2.10771
31.750 -33.250 -2.31402
31.750 -32.750 -2.54063
31.750 -32.250 -2.78925
31.750 -31.750 -3.06156
31.750 -31.250 -3.35915
31.750 -30.750 -3.68335
31.750 -30.250 -4.03511
31.750 -29.750 -4.41477
31.750 -29.250 -4.82180
31.750 -28.750 -5.25442
31.750 -28.250 -5.70923
31.750 -27.750 -6.18077
31.750 -27.250 -6.66105
31.750 -26.750 -7.13924
31.750 -26.250 -7.60143
31.750 -25.750 -8.03082
31.750 -25.250 -8.40820
31.750 -24.750 -8.71306
31.750 -24.250 -8.92510
31.750 -23.750 -9.02618
31.750 -23.250 -9.00224
31.750 -22.750 -8.84505
31.750 -22.250 -8.55317
31.750 -21.750 -8.13222
31.750 -21.250 -7.59415
31.750 -20.750 -6.95589
31.750 -20.250 -6.23758
31.750 -19.750 -5.46072
31.750 -19.250 -4.64658
31.750 -18.750 -3.81485
31.750 -18.250 -2.98284
31.750 -17.750 -2.16499
31.750 -17.250 -1.37273
31.750 -16.750 -0.61461
31.750 -16.250  0.10345
31.750 -15.750  0.77782
31.750 -15.250  1.40675
31.750 -14.750  1.99001
31.750 -14.250  2.52850
31.750 -13.750  3.02401
31.750 -13.250  3.47887
31.750 -12.750  3.89580
31.750 -12.250  4.27769
31.750 -11.750  4.62746
31.750 -11.250  4.94798
31.750 -10.750  5.24198
31.750 -10.250  5.51199
31.750 -9.750  5.76034
31.750 -9.250  5.98907
31.750 -8.750  6.20000
31.750 -8.250  6.39471
31.750 -7.750  6.57451
31.750 -7.250  6.74051
31.750 -6.750  6.89361
31.750 -6.250  7.03451
31.750 -5.750  7.16376
31.750 -5.250  7.28177
31.750 -4.750  7.38883
31.750 -4.250  7.48512
31.750 -3.750  7.57075
31.750 -3.250  7.64577
31.750 -2.750  7.71017
31.750 -2.250  7.76395
31.750 -1.750  7.80705
31.750 -1.250  7.83942
31.750 -0.750  7.86103
31.750 -0.250  7.87185
31.750 0.250  7.87185
31.750 0.750  7.86103
31.750 1.250  7.83942
31.750 1.750  7.80705
31.750 2.250  7.76395
31.750 2.750  7.71017
31.750 3.250  7.64577
31.750 3.750  7.57075
31.750 4.250  7.48512
31.750 4.750  7.38883
31.750 5.250  7.28177
31.750 5.750  7.16376
31.750 6.250  7.03451
31.750 6.750  6.89361
31.750 7.250  6.74051
31.750 7.750  6.57451
31.750 8.250  6.39471
31.750 8.750  6.20000
31.750 9.250  5.98907
31.750 9.750  5.76034
31.750 10.250  5.51199
31.750 10.750  5.24198
31.750 11.250  4.94798
31.750 11.750  4.62746
31.750 12.250  4.27769
31.750 12.750  3.89580
31.750 13.250  3.47887
31.750 13.750  3.02401
31.750 14.250  2.52850
31.750 14.750  1.99001
31.750 15.250  1.40675
31.750 15.750  0.77782
31.750 16.250  0.10345
31.750 16.750 -0.61461
31.750 17.250 -1.37273
31.750 17.750 -2.16499
31.750 18.250 -2.98284
31.750 18.750 -3.81485
31.750 19.250 -4.64658
31.750 19.750 -5.46072
31.750 20.250 -6.23758
31.750 20.750 -6.95589
31.750 21.250 -7.59415
31.750 21.750 -8.13222
31.750 22.250 -8.55317
31.750 22.750 -8.84505
31.750 23.250 -9.00224
31.750 23.750 -9.02618
31.750 24.250 -8.92510
31.750 24.750 -8.71306
31.750 25.250 -8.40820
31.750 25.750 -8.03082
31.750 26.250 -7.60143
31.750 26.750 -7.13924
31.750 27.250 -6.66105
31.750 27.750 -6.18077
31.750 28.250 -5.70923
31.750 28.750 -5.25442
31.750 29.250 -4.82180
31.750 29.750 -4.41477
31.750 30.250 -4.03511
31.750 30.750 -3.68335
31.750 31.250 -3.35915
31.750 31.750 -3.06156
31.750 32.250 -2.78925
31.750 32.750 -2.54063
31.750 33.250 -2.31402
31.750 33.750 -2.10771
31.750 34.250 -1.92003
31.750 34.750 -1.74937
31.750 35.250 -1.59421
31.750 35.750 -1.45313
31.750 36.250 -1.32482
31.750 36.750 -1.20810
31.750 37.250 -1.10186
31.750 37.750 -1.00511
31.750 38.250 -0.91696
31.750 38.750 -0.83658
31.750 39.250 -0.76325
31.750 39.750 -0.69630
31.750 40.250 -0.63513
31.750 40.750 -0.57921
31.750 41.250 -0.52804
31.750 41.750 -0.48120
31.750 42.250 -0.43828
31.750 42.750 -0.39894
31.750 43.250 -0.36285
31.750 43.750 -0.32972
31.750 44.250 -0.29928
31.750 44.750 -0.27132
32.250 -44.750 -0.22733
32.250 -44.250 -0.25346
32.250 -43.750 -0.28198
32.250 -43.250 -0.31312
32.250 -42.750 -0.34715
32.250 -42.250 -0.38436
32.250 -41.750 -0.42508
32.250 -41.250 -0.46967
32.250 -40.750 -0.51852
32.250 -40.250 -0.57210
32.250 -39.750 -0.63091
32.250 -39.250 -0.69550
32.250 -38.750 -0.76650
32.250 -38.250 -0.84462
32.250 -37.750 -0.93063
32.250 -37.250 -1.02542
32.250 -36.750 -1.12995
32.250 -36.250 -1.24533
32.250 -35.750 -1.37277
32.250 -35.250 -1.51361
32.250 -34.750 -1.66935
32.250 -34.250 -1.84164
32.250 -33.750 -2.03228
32.250 -33.250 -2.24324
32.250 -32.750 -2.47661
32.250 -32.250 -2.73462
32.250 -31.750 -3.01958
32.250 -31.250 -3.33377
32.250 -30.750 -3.67938
32.250 -30.250 -4.05831
32.250 -29.750 -4.47194
32.250 -29.250 -4.92080
32.250 -28.750 -5.40417
32.250 -28.250 -5.91953
32.250 -27.750 -6.46191
32.250 -27.250 -7.02329
32.250 -26.750 -7.59185
32.250 -26.250 -8.15158
32.250 -25.750 -8.68211
32.250 -25.250 -9.15924
32.250 -24.750 -9.55619
32.250 -24.250 -9.84575
32.250 -23.750 -10.00299
32.250 -23.250 -10.00832
32.250 -22.750 -9.85007
32.250 -22.250 -9.52617
32.250 -21.750 -9.04434
32.250 -21.250 -8.42104
32.250 -20.750 -7.67924
32.250 -20.250 -6.84578
32.250 -19.750 -5.94868
32.250 -19.250 -5.01490
32.250 -18.750 -4.06869
32.250 -18.250 -3.13069
32.250 -17.750 -2.21745
32.250 -17.250 -1.34150
32.250 -16.750 -0.51165
32.250 -16.250  0.26652
32.250 -15.750  0.99013
32.250 -15.250  1.65846
32.250 -14.750  2.27244
32.250 -14.250  2.83417
32.250 -13.750  3.34660
32.250 -13.250  3.81319
32.250 -12.750  4.23766
32.250 -12.250  4.62378
32.250 -11.750  4.97527
32.250 -11.250  5.29568
32.250 -10.750  5.58829
32.250 -10.250  5.85611
32.250 -9.750  6.10180
32.250 -9.250  6.32772
32.250 -8.750  6.53591
32.250 -8.250  6.72809
32.250 -7.750  6.90568
32.250 -7.250  7.06986
32.250 -6.750  7.22155
32.250 -6.250  7.36146
32.250 -5.750  7.49010
32.250 -5.250  7.60785
32.250 -4.750  7.71494
32.250 -4.250  7.81150
32.250 -3.750  7.89758
32.250 -3.250  7.97315
32.250 -2.750  8.03816
32.250 -2.250  8.09253
32.250 -1.750  8.13617
32.250 -1.250  8.16898
32.250 -0.750  8.19091
32.250 -0.250  8.20188
32.250 0.250  8.20188
32.250 0.750  8.19091
32.250 1.250  8.16898
32.250 1.750  8.13617
32.250 2.250  8.09253
32.250 2.750  8.03816
32.250 3.250  7.97315
32.250 3.750  7.89758
32.250 4.250  7.81150
32.250 4.750  7.71494
32.250 5.250  7.60785
32.250 5.750  7.49010
32.250 6.250  7.36146
32.250 6.750  7.22155
32.250 7.250  7.06986
32.250 7.750  6.90568
32.250 8.250  6.72809
32.250 8.750  6.53591
32.250 9.250  6.32772
32.250 9.750  6.10180
32.250 10.250  5.85611
32.250 10.750  5.58829
32.250 11.250  5.29568
32.250 11.750  4.97527
32.250 12.250  4.62378
32.250 12.750  4.23766
32.250 13.250  3.81319
32.250 13.750  3.34660
32.250 14.250  2.83417
32.250 14.750  2.27244
32.250 15.250  1.65846
32.250 15.750  0.99013
32.250 16.250  0.26652
32.250 16.750 -0.51165
32.250 17.250 -1.34150
32.250 17.750 -2.21745
32.250 18.250 -3.13069
32.250 18.750 -4.06869
32.250 19.250 -5.01490
32.250 19.750 -5.94868
32.250 20.250 -6.84578
32.250 20.750 -7.67924
32.250 21.250 -8.42104
32.250 21.750 -9.04434
32.250 22.250 -9.52617
32.250 22.750 -9.85007
32.250 23.250 -10.00832
32.250 23.750 -10.00299
32.250 24.250 -9.84575
32.250 24.750 -9.55619
32.250 25.250 -9.15924
32.250 25.750 -8.68211
32.250 26.250 -8.15158
32.250 26.750 -7.59185
32.250 27.250 -7.02329
32.250 27.750 -6.46191
32.250 28.250 -5.91953
32.250 28.750 -5.40417
32.250 29.250 -4.92080
32.250 29.750 -4.47194
32.250 30.250 -4.05831
32.250 30.750 -3.67938
32.250 31.250 -3.33377
32.250 31.750 -3.01958
32.250 32.250 -2.73462
32.250 32.750 -2.47661
32.250 33.250 -2.24324
32.250 33.750 -2.03228
32.250 34.250 -1.84164
32.250 34.750 -1.66935
32.250 35.250 -1.51361
32.250 35.750 -1.37277
32.250 36.250 -1.24533
32.250 36.750 -1.12995
32.250 37.250 -1.02542
32.250 37.750 -0.93063
32.250 38.250 -0.84462
32.250 38.750 -0.76650
32.250 39.250 -0.69550
32.250 39.750 -0.63091
32.250 40.250 -0.57210
32.250 40.750 -0.51852
32.250 41.250 -0.46967
32.250 41.750 -0.42508
32.250 42.250 -0.38436
32.250 42.750 -0.34715
32.250 43.250 -0.31312
32.250 43.750 -0.28198
32.250 44.250 -0.25346
32.250 44.750 -0.22733
32.750 -44.750 -0.18117
32.750 -44.250 -0.20525
32.750 -43.750 -0.23162
32.750 -43.250 -0.26051
32.750 -42.750 -0.29219
32.750 -42.250 -0.32694
32.750 -41.750 -0.36510
32.750 -41.250 -0.40703
32.750 -40.750 -0.45313
32.750 -40.250 -0.50386
32.750 -39.750 -0.55974
32.750 -39.250 -0.62134
32.750 -38.750 -0.68932
32.750 -38.250 -0.76440
32.750 -37.750 -0.84740
32.750 -37.250 -0.93925
32.750 -36.750 -1.04099
32.750 -36.250 -1.15381
32.750 -35.750 -1.27903
32.750 -35.250 -1.41813
32.750 -34.750 -1.57280
32.750 -34.250 -1.74491
32.750 -33.750 -1.93656
32.750 -33.250 -2.15005
32.750 -32.750 -2.38796
32.750 -32.250 -2.65306
32.750 -31.750 -2.94834
32.750 -31.250 -3.27693
32.750 -30.750 -3.64202
32.750 -30.250 -4.04668
32.750 -29.750 -4.49367
32.750 -29.250 -4.98501
32.750 -28.750 -5.52154
32.750 -28.250 -6.10226
32.750 -27.750 -6.72344
32.750 -27.250 -7.37762
32.750 -26.750 -8.05257
32.750 -26.250 -8.73026
32.750 -25.750 -9.38634
32.750 -25.250 -9.99035
32.750 -24.750 -10.50711
32.750 -24.250 -10.89961
32.750 -23.750 -11.13307
32.750 -23.250 -11.17960
32.750 -22.750 -11.02244
32.750 -22.250 -10.65857
32.750 -21.750 -10.09904
32.750 -21.250 -9.36706
32.750 -20.750 -8.49444
32.750 -20.250 -7.51744
32.750 -19.750 -6.47287
32.750 -19.250 -5.39501
32.750 -18.750 -4.31365
32.750 -18.250 -3.25311
32.750 -17.750 -2.23200
32.750 -17.250 -1.26363
32.750 -16.750 -0.35657
32.750 -16.250  0.48450
32.750 -15.750  1.25799
32.750 -15.250  1.96473
32.750 -14.750  2.60724
32.750 -14.250  3.18922
32.750 -13.750  3.71508
32.750 -13.250  4.18965
32.750 -12.750  4.61783
32.750 -12.250  5.00446
32.750 -11.750  5.35414
32.750 -11.250  5.67114
32.750 -10.750  5.95936
32.750 -10.250  6.22228
32.750 -9.750  6.46297
32.750 -9.250  6.68405
32.750 -8.750  6.88778
32.750 -8.250  7.07600
32.750 -7.750  7.25023
32.750 -7.250  7.41167
32.750 -6.750  7.56125
32.750 -6.250  7.69964
32.750 -5.750  7.82731
32.750 -5.250  7.94457
32.750 -4.750  8.05157
32.750 -4.250  8.14836
32.750 -3.750  8.23490
32.750 -3.250  8.31108
32.750 -2.750  8.37678
32.750 -2.250  8.43184
32.750 -1.750  8.47611
32.750 -1.250  8.50944
32.750 -0.750  8.53174
32.750 -0.250  8.54290
32.750 0.250  8.54290
32.750 0.750  8.53174
32.750 1.250  8.50944
32.750 1.750  8.47611
32.750 2.250  8.43184
32.750 2.750  8.37678
32.750 3.250  8.31108
32.750 3.750  8.23490
32.750 4.250  8.14836
32.750 4.750  8.05157
32.750 5.250  7.94457
32.750 5.750  7.82731
32.750 6.250  7.69964
32.750 6.750  7.56125
32.750 7.250  7.41167
32.750 7.750  7.25023
32.750 8.250  7.07600
32.750 8.750  6.88778
32.750 9.250  6.68405
32.750 9.750  6.46297
32.750 10.250  6.22228
32.750 10.750  5.95936
32.750 11.250  5.67114
32.750 11.750  5.35414
32.750 12.250  5.00446
32.750 12.750  4.61783
32.750 13.250  4.18965
32.750 13.750  3.71508
32.750 14.250  3.18922
32.750 14.750  2.60724
32.750 15.250  1.96473
32.750 15.750  1.25799
32.750 16.250  0.48450
32.750 16.750 -0.35657
32.750 17.250 -1.26363
32.750 17.750 -2.23200
32.750 18.250 -3.25311
32.750 18.750 -4.31365
32.750 19.250 -5.39501
32.750 19.750 -6.47287
32.750 20.250 -7.51744
32.750 20.750 -8.49444
32.750 21.250 -9.36706
32.750 21.750 -10.09904
32.750 22.250 -10.65857
32.750 22.750 -11.02244
32.750 23.250 -11.17960
32.750 23.750 -11.13307
32.750 24.250 -10.89961
32.750 24.750 -10.50711
32.750 25.250 -9.99035
32.750 25.750 -9.38634
32.750 26.250 -8.73026
32.750 26.750 -8.05257
32.750 27.250 -7.37762
32.750 27.750 -6.72344
32.750 28.250 -6.10226
32.750 28.750 -5.52154
32.750 29.250 -4.98501
32.750 29.750 -4.49367
32.750 30.250 -4.04668
32.750 30.750 -3.64202
32.750 31.250 -3.27693
32.750 31.750 -2.94834
32.750 32.250 -2.65306
32.750 32.750 -2.38796
32.750 33.250 -2.15005
32.750 33.750 -1.93656
32.750 34.250 -1.74491
32.750 34.750 -1.57280
32.750 35.250 -1.41813
32.750 35.750 -1.27903
32.750 36.250 -1.15381
32.750 36.750 -1.04099
32.750 37.250 -0.93925
32.750 37.750 -0.84740
32.750 38.250 -0.76440
32.750 38.750 -0.68932
32.750 39.250 -0.62134
32.750 39.750 -0.55974
32.750 40.250 -0.50386
32.750 40.750 -0.45313
32.750 41.250 -0.40703
32.750 41.750 -0.36510
32.750 42.250 -0.32694
32.750 42.750 -0.29219
32.750 43.250 -0.26051
32.750 43.750 -0.23162
32.750 44.250 -0.20525
32.750 44.750 -0.18117
33.250 -44.750 -0.13293
33.250 -44.250 -0.15475
33.250 -43.750 -0.17874
33.250 -43.250 -0.20512
33.250 -42.750 -0.23415
33.250 -42.250 -0.26613
33.250 -41.750 -0.30136
33.250 -41.250 -0.34022
33.250 -40.750 -0.38311
33.250 -40.250 -0.43048
33.250 -39.750 -0.48286
33.250 -39.250 -0.54083
33.250 -38.750 -0.60505
33.250 -38.250 -0.67627
33.250 -37.750 -0.75533
33.250 -37.250 -0.84320
33.250 -36.750 -0.94098
33.250 -36.250 -1.04992
33.250 -35.750 -1.17143
33.250 -35.250 -1.30713
33.250 -34.750 -1.45886
33.250 -34.250 -1.62870
33.250 -33.750 -1.81902
33.250 -33.250 -2.03250
33.250 -32.750 -2.27216
33.250 -32.250 -2.54135
33.250 -31.750 -2.84380
33.250 -31.250 -3.18357
33.250 -30.750 -3.56502
33.250 -30.250 -3.99263
33.250 -29.750 -4.47085
33.250 -29.250 -5.00370
33.250 -28.750 -5.59428
33.250 -28.250 -6.24393
33.250 -27.750 -6.95115
33.250 -27.250 -7.71022
33.250 -26.750 -8.50946
33.250 -26.250 -9.32951
33.250 -25.750 -10.14184
33.250 -25.250 -10.90835
33.250 -24.750 -11.58263
33.250 -24.250 -12.11368
33.250 -23.750 -12.45197
33.250 -23.250 -12.55692
33.250 -22.750 -12.40393
33.250 -22.250 -11.98870
33.250 -21.750 -11.32765
33.250 -21.250 -10.45445
33.250 -20.750 -9.41407
33.250 -20.250 -8.25622
33.250 -19.750 -7.02955
33.250 -19.250 -5.77767
33.250 -18.750 -4.53683
33.250 -18.250 -3.33518
33.250 -17.750 -2.19304
33.250 -17.250 -1.12378
33.250 -16.750 -0.13496
33.250 -16.250  0.77043
33.250 -15.750  1.59290
33.250 -15.250  2.33543
33.250 -14.750  3.00270
33.250 -14.250  3.60043
33.250 -13.750  4.13488
33.250 -13.250  4.61248
33.250 -12.750  5.03953
33.250 -12.250  5.42204
33.250 -11.750  5.76561
33.250 -11.250  6.07530
33.250 -10.750  6.35565
33.250 -10.250  6.61063
33.250 -9.750  6.84367
33.250 -9.250  7.05769
33.250 -8.750  7.25509
33.250 -8.250  7.43785
33.250 -7.750  7.60752
33.250 -7.250  7.76531
33.250 -6.750  7.91210
33.250 -6.250  8.04850
33.250 -5.750  8.17492
33.250 -5.250  8.29153
33.250 -4.750  8.39841
33.250 -4.250  8.49546
33.250 -3.750  8.58256
33.250 -3.250  8.65950
33.250 -2.750  8.72604
33.250 -2.250  8.78194
33.250 -1.750  8.82698
33.250 -1.250  8.86095
33.250 -0.750  8.88370
33.250 -0.250  8.89510
33.250 0.250  8.89510
33.250 0.750  8.88370
33.250 1.250  8.86095
33.250 1.750  8.82698
33.250 2.250  8.78194
33.250 2.750  8.72604
33.250 3.250  8.65950
33.250 3.750  8.58256
33.250 4.250  8.49546
33.250 4.750  8.39841
33.250 5.250  8.29153
33.250 5.750  8.17492
33.250 6.250  8.04850
33.250 6.750  7.91210
33.250 7.250  7.76531
33.250 7.750  7.60752
33.250 8.250  7.43785
33.250 8.750  7.25509
33.250 9.250  7.05769
33.250 9.750  6.84367
33.250 10.250  6.61063
33.250 10.750  6.35565
33.250 11.250  6.07530
33.250 11.750  5.76561
33.250 12.250  5.42204
33.250 12.750  5.03953
33.250 13.250  4.61248
33.250 13.750  4.13488
33.250 14.250  3.60043
33.250 14.750  3.00270
33.250 15.250  2.33543
33.250 15.750  1.59290
33.250 16.250  0.77043
33.250 16.750 -0.13496
33.250 17.250 -1.12378
33.250 17.750 -2.19304
33.250 18.250 -3.33518
33.250 18.750 -4.53683
33.250 19.250 -5.77767
33.250 19.750 -7.02955
33.250 20.250 -8.25622
33.250 20.750 -9.41407
33.250 21.250 -10.45445
33.250 21.750 -11.32765
33.250 22.250 -11.98870
33.250 22.750 -12.40393
33.250 23.250 -12.55692
33.250 23.750 -12.45197
33.250 24.250 -12.11368
33.250 24.750 -11.58263
33.250 25.250 -10.90835
33.250 25.750 -10.14184
33.250 26.250 -9.32951
33.250 26.750 -8.50946
33.250 27.250 -7.71022
33.250 27.750 -6.95115
33.250 28.250 -6.24393
33.250 28.750 -5.59428
33.250 29.250 -5.00370
33.250 29.750 -4.47085
33.250 30.250 -3.99263
33.250 30.750 -3.56502
33.250 31.250 -3.18357
33.250 31.750 -2.84380
33.250 32.250 -2.54135
33.250 32.750 -2.27216
33.250 33.250 -2.03250
33.250 33.750 -1.81902
33.250 34.250 -1.62870
33.250 34.750 -1.45886
33.250 35.250 -1.30713
33.250 35.750 -1.17143
33.250 36.250 -1.04992
33.250 36.750 -0.94098
33.250 37.250 -0.84320
33.250 37.750 -0.75533
33.250 38.250 -0.67627
33.250 38.750 -0.60505
33.250 39.250 -0.54083
33.250 39.750 -0.48286
33.250 40.250 -0.43048
33.250 40.750 -0.38311
33.250 41.250 -0.34022
33.250 41.750 -0.30136
33.250 42.250 -0.26613
33.250 42.750 -0.23415
33.250 43.250 -0.20512
33.250 43.750 -0.17874
33.250 44.250 -0.15475
33.250 44.750 -0.13293
33.750 -44.750 -0.08274
33.750 -44.250 -0.10209
33.750 -43.750 -0.12346
33.750 -43.250 -0.14708
33.750 -42.750 -0.17318
33.750 -42.250 -0.20206
33.750 -41.750 -0.23401
33.750 -41.250 -0.26939
33.750 -40.750 -0.30861
33.750 -40.250 -0.35211
33.750 -39.750 -0.40041
33.750 -39.250 -0.45409
33.750 -38.750 -0.51380
33.750 -38.250 -0.58031
33.750 -37.750 -0.65447
33.750 -37.250 -0.73727
33.750 -36.750 -0.82985
33.750 -36.250 -0.93349
33.750 -35.750 -1.04968
33.750 -35.250 -1.18014
33.750 -34.750 -1.32684
33.750 -34.250 -1.49205
33.750 -33.750 -1.67838
33.750 -33.250 -1.88884
33.750 -32.750 -2.12688
33.750 -32.250 -2.39643
33.750 -31.750 -2.70198
33.750 -31.250 -3.04858
33.750 -30.750 -3.44184
33.750 -30.250 -3.88790
33.750 -29.750 -4.39323
33.750 -29.250 -4.96440
33.750 -28.750 -5.60750
33.750 -28.250 -6.32732
33.750 -27.750 -7.12603
33.750 -27.250 -8.00135
33.750 -26.750 -8.94401
33.750 -26.250 -9.93481
33.750 -25.750 -10.94170
33.750 -25.250 -11.91773
33.750 -24.750 -12.80159
33.750 -24.250 -13.52203
33.750 -23.750 -14.00694
33.750 -23.250 -14.19570
33.750 -22.750 -14.05123
33.750 -22.250 -13.56760
33.750 -21.750 -12.77031
33.750 -21.250 -11.70976
33.750 -20.750 -10.45097
33.750 -20.250 -9.06291
33.750 -19.750 -7.61019
33.750 -19.250 -6.14792
33.750 -18.750 -4.71950
33.750 -18.250 -3.35658
33.750 -17.750 -2.08024
33.750 -17.250 -0.90273
33.750 -16.750  0.17064
33.750 -16.250  1.13971
33.750 -15.750  2.00801
33.750 -15.250  2.78155
33.750 -14.750  3.46778
33.750 -14.250  4.07495
33.750 -13.750  4.61152
33.750 -13.250  5.08580
33.750 -12.750  5.50568
33.750 -12.250  5.87849
33.750 -11.750  6.21086
33.750 -11.250  6.50871
33.750 -10.750  6.77721
33.750 -10.250  7.02083
33.750 -9.750  7.24333
33.750 -9.250  7.44786
33.750 -8.750  7.63698
33.750 -8.250  7.81272
33.750 -7.750  7.97664
33.750 -7.250  8.12989
33.750 -6.750  8.27329
33.750 -6.250  8.40734
33.750 -5.750  8.53229
33.750 -5.250  8.64822
33.750 -4.750  8.75503
33.750 -4.250  8.85252
33.750 -3.750  8.94039
33.750 -3.250  9.01831
33.750 -2.750  9.08594
33.750 -2.250  9.14292
33.750 -1.750  9.18893
33.750 -1.250  9.22370
33.750 -0.750  9.24701
33.750 -0.250  9.25870
33.750 0.250  9.25870
33.750 0.750  9.24701
33.750 1.250  9.22370
33.750 1.750  9.18893
33.750 2.250  9.14292
33.750 2.750  9.08594
33.750 3.250  9.01831
33.750 3.750  8.94039
33.750 4.250  8.85252
33.750 4.750  8.75503
33.750 5.250  8.64822
33.750 5.750  8.53229
33.750 6.250  8.40734
33.750 6.750  8.27329
33.750 7.250  8.12989
33.750 7.750  7.97664
33.750 8.250  7.81272
33.750 8.750  7.63698
33.750 9.250  7.44786
33.750 9.750  7.24333
33.750 10.250  7.02083
33.750 10.750  6.77721
33.750 11.250  6.50871
33.750 11.750  6.21086
33.750 12.250  5.87849
33.750 12.750  5.50568
33.750 13.250  5.08580
33.750 13.750  4.61152
33.750 14.250  4.07495
33.750 14.750  3.46778
33.750 15.250  2.78155
33.750 15.750  2.00801
33.750 16.250  1.13971
33.750 16.750  0.17064
33.750 17.250 -0.90273
33.750 17.750 -2.08024
33.750 18.250 -3.35658
33.750 18.750 -4.71950
33.750 19.250 -6.14792
33.750 19.750 -7.61019
33.750 20.250 -9.06291
33.750 20.750 -10.45097
33.750 21.250 -11.70976
33.750 21.750 -12.77031
33.750 22.250 -13.56760
33.750 22.750 -14.05123
33.750 23.250 -14.19570
33.750 23.750 -14.00694
33.750 24.250 -13.52203
33.750 24.750 -12.80159
33.750 25.250 -11.91773
33.750 25.750 -10.94170
33.750 26.250 -9.93481
33.750 26.750 -8.94401
33.750 27.250 -8.00135
33.750 27.750 -7.12603
33.750 28.250 -6.32732
33.750 28.750 -5.60750
33.750 29.250 -4.96440
33.750 29.750 -4.39323
33.750 30.250 -3.88790
33.750 30.750 -3.44184
33.750 31.250 -3.04858
33.750 31.750 -2.70198
33.750 32.250 -2.39643
33.750 32.750 -2.12688
33.750 33.250 -1.88884
33.750 33.750 -1.67838
33.750 34.250 -1.49205
33.750 34.750 -1.32684
33.750 35.250 -1.18014
33.750 35.750 -1.04968
33.750 36.250 -0.93349
33.750 36.750 -0.82985
33.750 37.250 -0.73727
33.750 37.750 -0.65447
33.750 38.250 -0.58031
33.750 38.750 -0.51380
33.750 39.250 -0.45409
33.750 39.750 -0.40041
33.750 40.250 -0.35211
33.750 40.750 -0.30861
33.750 41.250 -0.26939
33.750 41.750 -0.23401
33.750 42.250 -0.20206
33.750 42.750 -0.17318
33.750 43.250 -0.14708
33.750 43.750 -0.12346
33.750 44.250 -0.10209
33.750 44.750 -0.08274
34.250 -44.750 -0.03072
34.250 -44.250 -0.04741
34.250 -43.750 -0.06595
34.250 -43.250 -0.08656
34.250 -42.750 -0.10945
34.250 -42.250 -0.13491
34.250 -41.750 -0.16323
34.250 -41.250 -0.19474
34.250 -40.750 -0.22984
34.250 -40.250 -0.26896
34.250 -39.750 -0.31259
34.250 -39.250 -0.36132
34.250 -38.750 -0.41577
34.250 -38.250 -0.47672
34.250 -37.750 -0.54500
34.250 -37.250 -0.62160
34.250 -36.750 -0.70768
34.250 -36.250 -0.80454
34.250 -35.750 -0.91371
34.250 -35.250 -1.03696
34.250 -34.750 -1.17637
34.250 -34.250 -1.33434
34.250 -33.750 -1.51369
34.250 -33.250 -1.71768
34.250 -32.750 -1.95017
34.250 -32.250 -2.21561
34.250 -31.750 -2.51921
34.250 -31.250 -2.86701
34.250 -30.750 -3.26595
34.250 -30.250 -3.72391
34.250 -29.750 -4.24972
34.250 -29.250 -4.85296
34.250 -28.750 -5.54357
34.250 -28.250 -6.33108
34.250 -27.750 -7.22317
34.250 -27.250 -8.22350
34.250 -26.750 -9.32823
34.250 -26.250 -10.52150
34.250 -25.750 -11.76990
34.250 -25.250 -13.01750
34.250 -24.750 -14.18372
34.250 -24.250 -15.16781
34.250 -23.750 -15.86213
34.250 -23.250 -16.17310
34.250 -22.750 -16.04314
34.250 -22.250 -15.46444
34.250 -21.750 -14.47864
34.250 -21.250 -13.16391
34.250 -20.750 -11.61632
34.250 -20.250 -9.93260
34.250 -19.750 -8.19838
34.250 -19.250 -6.48232
34.250 -18.750 -4.83489
34.250 -18.250 -3.28994
34.250 -17.750 -1.86746
34.250 -17.250 -0.57666
34.250 -16.750  0.58113
34.250 -16.250  1.61014
34.250 -15.750  2.51815
34.250 -15.250  3.31509
34.250 -14.750  4.01196
34.250 -14.250  4.62004
34.250 -13.750  5.15037
34.250 -13.250  5.61341
34.250 -12.750  6.01880
34.250 -12.250  6.37526
34.250 -11.750  6.69052
34.250 -11.250  6.97135
34.250 -10.750  7.22355
34.250 -10.250  7.45202
34.250 -9.750  7.66086
34.250 -9.250  7.85336
34.250 -8.750  8.03218
34.250 -8.250  8.19934
34.250 -7.750  8.35636
34.250 -7.250  8.50429
34.250 -6.750  8.64379
34.250 -6.250  8.77522
34.250 -5.750  8.89867
34.250 -5.250  9.01401
34.250 -4.750  9.12098
34.250 -4.250  9.21918
34.250 -3.750  9.30816
34.250 -3.250  9.38743
34.250 -2.750  9.45649
34.250 -2.250  9.51487
34.250 -1.750  9.56213
34.250 -1.250  9.59792
34.250 -0.750  9.62194
34.250 -0.250  9.63401
34.250 0.250  9.63401
34.250 0.750  9.62194
34.250 1.250  9.59792
34.250 1.750  9.56213
34.250 2.250  9.51487
34.250 2.750  9.45649
34.250 3.250  9.38743
34.250 3.750  9.30816
34.250 4.250  9.21918
34.250 4.750  9.12098
34.250 5.250  9.01401
34.250 5.750  8.89867
34.250 6.250  8.77522
34.250 6.750  8.64379
34.250 7.250  8.50429
34.250 7.750  8.35636
34.250 8.250  8.19934
34.250 8.750  8.03218
34.250 9.250  7.85336
34.250 9.750  7.66086
34.250 10.250  7.45202
34.250 10.750  7.22355
34.250 11.250  6.97135
34.250 11.750  6.69052
34.250 12.250  6.37526
34.250 12.750  6.01880
34.250 13.250  5.61341
34.250 13.750  5.15037
34.250 14.250  4.62004
34.250 14.750  4.01196
34.250 15.250  3.31509
34.250 15.750  2.51815
34.250 16.250  1.61014
34.250 16.750  0.58113
34.250 17.250 -0.57666
34.250 17.750 -1.86746
34.250 18.250 -3.28994
34.250 18.750 -4.83489
34.250 19.250 -6.48232
34.250 19.750 -8.19838
34.250 20.250 -9.93260
34.250 20.750 -11.61632
34.250 21.250 -13.16391
34.250 21.750 -14.47864
34.250 22.250 -15.46444
34.250 22.750 -16.04314
34.250 23.250 -16.17310
34.250 23.750 -15.86213
34.250 24.250 -15.16781
34.250 24.750 -14.18372
34.250 25.250 -13.01750
34.250 25.750 -11.76990
34.250 26.250 -10.52150
34.250 26.750 -9.32823
34.250 27.250 -8.22350
34.250 27.750 -7.22317
34.250 28.250 -6.33108
34.250 28.750 -5.54357
34.250 29.250 -4.85296
34.250 29.750 -4.24972
34.250 30.250 -3.72391
34.250 30.750 -3.26595
34.250 31.250 -2.86701
34.250 31.750 -2.51921
34.250 32.250 -2.21561
34.250 32.750 -1.95017
34.250 33.250 -1.71768
34.250 33.750 -1.51369
34.250 34.250 -1.33434
34.250 34.750 -1.17637
34.250 35.250 -1.03696
34.250 35.750 -0.91371
34.250 36.250 -0.80454
34.250 36.750 -0.70768
34.250 37.250 -0.62160
34.250 37.750 -0.54500
34.250 38.250 -0.47672
34.250 38.750 -0.41577
34.250 39.250 -0.36132
34.250 39.750 -0.31259
34.250 40.250 -0.26896
34.250 40.750 -0.22984
34.250 41.250 -0.19474
34.250 41.750 -0.16323
34.250 42.250 -0.13491
34.250 42.750 -0.10945
34.250 43.250 -0.08656
34.250 43.750 -0.06595
34.250 44.250 -0.04741
34.250 44.750 -0.03072
34.750 -44.750  0.02296
34.750 -44.250  0.00911
34.750 -43.750 -0.00639
34.750 -43.250 -0.02374
34.750 -42.750 -0.04317
34.750 -42.250 -0.06491
34.750 -41.750 -0.08926
34.750 -41.250 -0.11652
34.750 -40.750 -0.14706
34.750 -40.250 -0.18130
34.750 -39.750 -0.21970
34.750 -39.250 -0.26283
34.750 -38.750 -0.31129
34.750 -38.250 -0.36581
34.750 -37.750 -0.42722
34.750 -37.250 -0.49650
34.750 -36.750 -0.57476
34.750 -36.250 -0.66331
34.750 -35.750 -0.76369
34.750 -35.250 -0.87769
34.750 -34.750 -1.00741
34.750 -34.250 -1.15535
34.750 -33.750 -1.32443
34.750 -33.250 -1.51815
34.750 -32.750 -1.74062
34.750 -32.250 -1.99676
34.750 -31.750 -2.29240
34.750 -31.250 -2.63447
34.750 -30.750 -3.03118
34.750 -30.250 -3.49220
34.750 -29.750 -4.02884
34.750 -29.250 -4.65409
34.750 -28.750 -5.38247
34.750 -28.250 -6.22960
34.750 -27.750 -7.21088
34.750 -27.250 -8.33925
34.750 -26.750 -9.62099
34.750 -26.250 -11.04920
34.750 -25.750 -12.59465
34.750 -25.250 -14.19499
34.750 -24.750 -15.74658
34.750 -24.250 -17.10567
34.750 -23.750 -18.10693
34.750 -23.250 -18.60014
34.750 -22.750 -18.49240
34.750 -22.250 -17.77463
34.750 -21.750 -16.51883
34.750 -21.250 -14.85087
34.750 -20.750 -12.91576
34.750 -20.250 -10.84985
34.750 -19.750 -8.76531
34.750 -19.250 -6.74527
34.750 -18.750 -4.84548
34.750 -18.250 -3.09904
34.750 -17.750 -1.52168
34.750 -17.250 -0.11670
34.750 -16.750  1.12101
34.750 -16.250  2.20192
34.750 -15.750  3.13951
34.750 -15.250  3.94875
34.750 -14.750  4.64489
34.750 -14.250  5.24278
34.750 -13.750  5.75639
34.750 -13.250  6.19852
34.750 -12.750  6.58069
34.750 -12.250  6.91305
34.750 -11.750  7.20446
34.750 -11.250  7.46247
34.750 -10.750  7.69347
34.750 -10.250  7.90274
34.750 -9.750  8.09460
34.750 -9.250  8.27245
34.750 -8.750  8.43894
34.750 -8.250  8.59604
34.750 -7.750  8.74511
34.750 -7.250  8.88705
34.750 -6.750  9.02232
34.750 -6.250  9.15106
34.750 -5.750  9.27312
34.750 -5.250  9.38816
34.750 -4.750  9.49567
34.750 -4.250  9.59505
34.750 -3.750  9.68564
34.750 -3.250  9.76675
34.750 -2.750  9.83773
34.750 -2.250  9.89794
34.750 -1.750  9.94682
34.750 -1.250  9.98392
34.750 -0.750 10.00886
34.750 -0.250 10.02139
34.750 0.250 10.02139
34.750 0.750 10.00886
34.750 1.250  9.98392
34.750 1.750  9.94682
34.750 2.250  9.89794
34.750 2.750  9.83773
34.750 3.250  9.76675
34.750 3.750  9.68564
34.750 4.250  9.59505
34.750 4.750  9.49567
34.750 5.250  9.38816
34.750 5.750  9.27312
34.750 6.250  9.15106
34.750 6.750  9.02232
34.750 7.250  8.88705
34.750 7.750  8.74511
34.750 8.250  8.59604
34.750 8.750  8.43894
34.750 9.250  8.27245
34.750 9.750  8.09460
34.750 10.250  7.90274
34.750 10.750  7.69347
34.750 11.250  7.46247
34.750 11.750  7.20446
34.750 12.250  6.91305
34.750 12.750  6.58069
34.750 13.250  6.19852
34.750 13.750  5.75639
34.750 14.250  5.24278
34.750 14.750  4.64489
34.750 15.250  3.94875
34.750 15.750  3.13951
34.750 16.250  2.20192
34.750 16.750  1.12101
34.750 17.250 -0.11670
34.750 17.750 -1.52168
34.750 18.250 -3.09904
34.750 18.750 -4.84548
34.750 19.250 -6.74527
34.750 19.750 -8.76531
34.750 20.250 -10.84985
34.750 20.750 -12.91576
34.750 21.250 -14.85087
34.750 21.750 -16.51883
34.750 22.250 -17.77463
34.750 22.750 -18.49240
34.750 23.250 -18.60014
34.750 23.750 -18.10693
34.750 24.250 -17.10567
34.750 24.750 -15.74658
34.750 25.250 -14.19499
34.750 25.750 -12.59465
34.750 26.250 -11.04920
34.750 26.750 -9.62099
34.750 27.250 -8.33925
34.750 27.750 -7.21088
34.750 28.250 -6.22960
34.750 28.750 -5.38247
34.750 29.250 -4.65409
34.750 29.750 -4.02884
34.750 30.250 -3.49220
34.750 30.750 -3.03118
34.750 31.250 -2.63447
34.750 31.750 -2.29240
34.750 32.250 -1.99676
34.750 32.750 -1.74062
34.750 33.250 -1.51815
34.750 33.750 -1.32443
34.750 34.250 -1.15535
34.750 34.750 -1.00741
34.750 35.250 -0.87769
34.750 35.750 -0.76369
34.750 36.250 -0.66331
34.750 36.750 -0.57476
34.750 37.250 -0.49650
34.750 37.750 -0.42722
34.750 38.250 -0.36581
34.750 38.750 -0.31129
34.750 39.250 -0.26283
34.750 39.750 -0.21970
34.750 40.250 -0.18130
34.750 40.750 -0.14706
34.750 41.250 -0.11652
34.750 41.750 -0.08926
34.750 42.250 -0.06491
34.750 42.750 -0.04317
34.750 43.250 -0.02374
34.750 43.750 -0.00639
34.750 44.250  0.00911
34.750 44.750  0.02296
35.250 -44.750  0.07812
35.250 -44.250  0.06730
35.250 -43.750  0.05503
35.250 -43.250  0.04114
35.250 -42.750  0.02543
35.250 -42.250  0.00767
35.250 -41.750 -0.01238
35.250 -41.250 -0.03502
35.250 -40.750 -0.06060
35.250 -40.250 -0.08948
35.250 -39.750 -0.12211
35.250 -39.250 -0.15901
35.250 -38.750 -0.20075
35.250 -38.250 -0.24802
35.250 -37.750 -0.30161
35.250 -37.250 -0.36244
35.250 -36.750 -0.43158
35.250 -36.250 -0.51031
35.250 -35.750 -0.60011
35.250 -35.250 -0.70275
35.250 -34.750 -0.82031
35.250 -34.250 -0.95529
35.250 -33.750 -1.11065
35.250 -33.250 -1.28998
35.250 -32.750 -1.49756
35.250 -32.250 -1.73860
35.250 -31.750 -2.01937
35.250 -31.250 -2.34753
35.250 -30.750 -2.73236
35.250 -30.250 -3.18517
35.250 -29.750 -3.71964
35.250 -29.250 -4.35226
35.250 -28.750 -5.10265
35.250 -28.250 -5.99358
35.250 -27.750 -7.05047
35.250 -27.250 -8.29951
35.250 -26.750 -9.76359
35.250 -26.250 -11.45414
35.250 -25.750 -13.35733
35.250 -25.250 -15.41405
35.250 -24.750 -17.49778
35.250 -24.250 -19.40365
35.250 -23.750 -20.86981
35.250 -23.250 -21.64305
35.250 -22.750 -21.56593
35.250 -22.250 -20.63202
35.250 -21.750 -18.97412
35.250 -21.250 -16.80315
35.250 -20.750 -14.34166
35.250 -20.250 -11.78070
35.250 -19.750 -9.26311
35.250 -19.250 -6.88416
35.250 -18.750 -4.69987
35.250 -18.250 -2.73701
35.250 -17.750 -1.00214
35.250 -17.250  0.51139
35.250 -16.750  1.81819
35.250 -16.250  2.93722
35.250 -15.750  3.88929
35.250 -15.250  4.69543
35.250 -14.750  5.37591
35.250 -14.250  5.94960
35.250 -13.750  6.43365
35.250 -13.250  6.84337
35.250 -12.750  7.19215
35.250 -12.250  7.49159
35.250 -11.750  7.75159
35.250 -11.250  7.98042
35.250 -10.750  8.18494
35.250 -10.250  8.37073
35.250 -9.750  8.54221
35.250 -9.250  8.70278
35.250 -8.750  8.85500
35.250 -8.250  9.00066
35.250 -7.750  9.14093
35.250 -7.250  9.27643
35.250 -6.750  9.40735
35.250 -6.250  9.53354
35.250 -5.750  9.65458
35.250 -5.250  9.76982
35.250 -4.750  9.87848
35.250 -4.250  9.97971
35.250 -3.750 10.07260
35.250 -3.250 10.15623
35.250 -2.750 10.22975
35.250 -2.250 10.29235
35.250 -1.750 10.34333
35.250 -1.250 10.38210
35.250 -0.750 10.40820
35.250 -0.250 10.42133
35.250 0.250 10.42133
35.250 0.750 10.40820
35.250 1.250 10.38210
35.250 1.750 10.34333
35.250 2.250 10.29235
35.250 2.750 10.22975
35.250 3.250 10.15623
35.250 3.750 10.07260
35.250 4.250  9.97971
35.250 4.750  9.87848
35.250 5.250  9.76982
35.250 5.750  9.65458
35.250 6.250  9.53354
35.250 6.750  9.40735
35.250 7.250  9.27643
35.250 7.750  9.14093
35.250 8.250  9.00066
35.250 8.750  8.85500
35.250 9.250  8.70278
35.250 9.750  8.54221
35.250 10.250  8.37073
35.250 10.750  8.18494
35.250 11.250  7.98042
35.250 11.750  7.75159
35.250 12.250  7.49159
35.250 12.750  7.19215
35.250 13.250  6.84337
35.250 13.750  6.43365
35.250 14.250  5.94960
35.250 14.750  5.37591
35.250 15.250  4.69543
35.250 15.750  3.88929
35.250 16.250  2.93722
35.250 16.750  1.81819
35.250 17.250  0.51139
35.250 17.750 -1.00214
35.250 18.250 -2.73701
35.250 18.750 -4.69987
35.250 19.250 -6.88416
35.250 19.750 -9.26311
35.250 20.250 -11.78070
35.250 20.750 -14.34166
35.250 21.250 -16.80315
35.250 21.750 -18.97412
35.250 22.250 -20.63202
35.250 22.750 -21.56593
35.250 23.250 -21.64305
35.250 23.750 -20.86981
35.250 24.250 -19.40365
35.250 24.750 -17.49778
35.250 25.250 -15.41405
35.250 25.750 -13.35733
35.250 26.250 -11.45414
35.250 26.750 -9.76359
35.250 27.250 -8.29951
35.250 27.750 -7.05047
35.250 28.250 -5.99358
35.250 28.750 -5.10265
35.250 29.250 -4.35226
35.250 29.750 -3.71964
35.250 30.250 -3.18517
35.250 30.750 -2.73236
35.250 31.250 -2.34753
35.250 31.750 -2.01937
35.250 32.250 -1.73860
35.250 32.750 -1.49756
35.250 33.250 -1.28998
35.250 33.750 -1.11065
35.250 34.250 -0.95529
35.250 34.750 -0.82031
35.250 35.250 -0.70275
35.250 35.750 -0.60011
35.250 36.250 -0.51031
35.250 36.750 -0.43158
35.250 37.250 -0.36244
35.250 37.750 -0.30161
35.250 38.250 -0.24802
35.250 38.750 -0.20075
35.250 39.250 -0.15901
35.250 39.750 -0.12211
35.250 40.250 -0.08948
35.250 40.750 -0.06060
35.250 41.250 -0.03502
35.250 41.750 -0.01238
35.250 42.250  0.00767
35.250 42.750  0.02543
35.250 43.250  0.04114
35.250 43.750  0.05503
35.250 44.250  0.06730
35.250 44.750  0.07812
35.750 -44.750  0.13457
35.750 -44.250  0.12692
35.750 -43.750  0.11806
35.750 -43.250  0.10783
35.750 -42.750  0.09606
35.750 -42.250  0.08256
35.750 -41.750  0.06709
35.750 -41.250  0.04939
35.750 -40.750  0.02917
35.750 -40.250  0.00608
35.750 -39.750 -0.02028
35.750 -39.250 -0.05036
35.750 -38.750 -0.08471
35.750 -38.250 -0.12394
35.750 -37.750 -0.16879
35.750 -37.250 -0.22009
35.750 -36.750 -0.27886
35.750 -36.250 -0.34628
35.750 -35.750 -0.42375
35.750 -35.250 -0.51295
35.750 -34.750 -0.61588
35.750 -34.250 -0.73494
35.750 -33.750 -0.87304
35.750 -33.250 -1.03370
35.750 -32.750 -1.22124
35.750 -32.250 -1.44091
35.750 -31.750 -1.69923
35.750 -31.250 -2.00425
35.750 -30.750 -2.36598
35.750 -30.250 -2.79694
35.750 -29.750 -3.31280
35.750 -29.250 -3.93322
35.750 -28.750 -4.68275
35.750 -28.250 -5.59182
35.750 -27.750 -6.69744
35.750 -27.250 -8.04300
35.750 -26.750 -9.67572
35.750 -26.250 -11.63898
35.750 -25.750 -13.95499
35.750 -25.250 -16.59213
35.750 -24.750 -19.41591
35.750 -24.250 -22.14197
35.750 -23.750 -24.34257
35.750 -23.250 -25.56369
35.750 -22.750 -25.52099
35.750 -22.250 -24.22644
35.750 -21.750 -21.94364
35.750 -21.250 -19.03990
35.750 -20.750 -15.85852
35.750 -20.250 -12.66005
35.750 -19.750 -9.61570
35.750 -19.250 -6.82357
35.750 -18.750 -4.32949
35.750 -18.250 -2.14486
35.750 -17.750 -0.25998
35.750 -17.250  1.34689
35.750 -16.750  2.70343
35.750 -16.250  3.83952
35.750 -15.750  4.78484
35.750 -15.250  5.56753
35.750 -14.750  6.21343
35.750 -14.250  6.74575
35.750 -13.750  7.18495
35.750 -13.250  7.54884
35.750 -12.750  7.85266
35.750 -12.250  8.10933
35.750 -11.750  8.32963
35.750 -11.250  8.52245
35.750 -10.750  8.69497
35.750 -10.250  8.85288
35.750 -9.750  9.00058
35.750 -9.250  9.14135
35.750 -8.750  9.27752
35.750 -8.250  9.41060
35.750 -7.750  9.54144
35.750 -7.250  9.67031
35.750 -6.750  9.79706
35.750 -6.250  9.92115
35.750 -5.750 10.04180
35.750 -5.250 10.15803
35.750 -4.750 10.26873
35.750 -4.250 10.37272
35.750 -3.750 10.46881
35.750 -3.250 10.55583
35.750 -2.750 10.63270
35.750 -2.250 10.69839
35.750 -1.750 10.75206
35.750 -1.250 10.79296
35.750 -0.750 10.82055
35.750 -0.250 10.83443
35.750 0.250 10.83443
35.750 0.750 10.82055
35.750 1.250 10.79296
35.750 1.750 10.75206
35.750 2.250 10.69839
35.750 2.750 10.63270
35.750 3.250 10.55583
35.750 3.750 10.46881
35.750 4.250 10.37272
35.750 4.750 10.26873
35.750 5.250 10.15803
35.750 5.750 10.04180
35.750 6.250  9.92115
35.750 6.750  9.79706
35.750 7.250  9.67031
35.750 7.750  9.54144
35.750 8.250  9.41060
35.750 8.750  9.27752
35.750 9.250  9.14135
35.750 9.750  9.00058
35.750 10.250  8.85288
35.750 10.750  8.69497
35.750 11.250  8.52245
35.750 11.750  8.32963
35.750 12.250  8.10933
35.750 12.750  7.85266
35.750 13.250  7.54884
35.750 13.750  7.18495
35.750 14.250  6.74575
35.750 14.750  6.21343
35.750 15.250  5.56753
35.750 15.750  4.78484
35.750 16.250  3.83952
35.750 16.750  2.70343
35.750 17.250  1.34689
35.750 17.750 -0.25998
35.750 18.250 -2.14486
35.750 18.750 -4.32949
35.750 19.250 -6.82357
35.750 19.750 -9.61570
35.750 20.250 -12.66005
35.750 20.750 -15.85852
35.750 21.250 -19.03990
35.750 21.750 -21.94364
35.750 22.250 -24.22644
35.750 22.750 -25.52099
35.750 23.250 -25.56369
35.750 23.750 -24.34257
35.750 24.250 -22.14197
35.750 24.750 -19.41591
35.750 25.250 -16.59213
35.750 25.750 -13.95499
35.750 26.250 -11.63898
35.750 26.750 -9.67572
35.750 27.250 -8.04300
35.750 27.750 -6.69744
35.750 28.250 -5.59182
35.750 28.750 -4.68275
35.750 29.250 -3.93322
35.750 29.750 -3.31280
35.750 30.250 -2.79694
35.750 30.750 -2.36598
35.750 31.250 -2.00425
35.750 31.750 -1.69923
35.750 32.250 -1.44091
35.750 32.750 -1.22124
35.750 33.250 -1.03370
35.750 33.750 -0.87304
35.750 34.250 -0.73494
35.750 34.750 -0.61588
35.750 35.250 -0.51295
35.750 35.750 -0.42375
35.750 36.250 -0.34628
35.750 36.750 -0.27886
35.750 37.250 -0.22009
35.750 37.750 -0.16879
35.750 38.250 -0.12394
35.750 38.750 -0.08471
35.750 39.250 -0.05036
35.750 39.750 -0.02028
35.750 40.250  0.00608
35.750 40.750  0.02917
35.750 41.250  0.04939
35.750 41.750  0.06709
35.750 42.250  0.08256
35.750 42.750  0.09606
35.750 43.250  0.10783
35.750 43.750  0.11806
35.750 44.250  0.12692
35.750 44.750  0.13457
36.250 -44.750  0.19210
36.250 -44.250  0.18775
36.250 -43.750  0.18245
36.250 -43.250  0.17605
36.250 -42.750  0.16843
36.250 -42.250  0.15940
36.250 -41.750  0.14878
36.250 -41.250  0.13633
36.250 -40.750  0.12180
36.250 -40.250  0.10490
36.250 -39.750  0.08527
36.250 -39.250  0.06253
36.250 -38.750  0.03619
36.250 -38.250  0.00572
36.250 -37.750 -0.02953
36.250 -37.250 -0.07031
36.250 -36.750 -0.11753
36.250 -36.250 -0.17224
36.250 -35.750 -0.23572
36.250 -35.250 -0.30949
36.250 -34.750 -0.39539
36.250 -34.250 -0.49565
36.250 -33.750 -0.61298
36.250 -33.250 -0.75072
36.250 -32.750 -0.91297
36.250 -32.250 -1.10485
36.250 -31.750 -1.33273
36.250 -31.250 -1.60467
36.250 -30.750 -1.93088
36.250 -30.250 -2.32446
36.250 -29.750 -2.80223
36.250 -29.250 -3.38605
36.250 -28.750 -4.10443
36.250 -28.250 -4.99462
36.250 -27.750 -6.10524
36.250 -27.250 -7.49895
36.250 -26.750 -9.25420
36.250 -26.250 -11.46263
36.250 -25.750 -14.21455
36.250 -25.250 -17.55721
36.250 -24.750 -21.40432
36.250 -24.250 -25.39828
36.250 -23.750 -28.82529
36.250 -23.250 -30.80352
36.250 -22.750 -30.77294
36.250 -22.250 -28.82525
36.250 -21.750 -25.52783
36.250 -21.250 -21.53905
36.250 -20.750 -17.37703
36.250 -20.250 -13.37304
36.250 -19.750 -9.70745
36.250 -19.250 -6.45933
36.250 -18.750 -3.64624
36.250 -18.250 -1.25106
36.250 -17.750  0.76115
36.250 -17.250  2.43303
36.250 -16.750  3.80908
36.250 -16.250  4.93232
36.250 -15.750  5.84263
36.250 -15.250  6.57597
36.250 -14.750  7.16407
36.250 -14.250  7.63456
36.250 -13.750  8.01115
36.250 -13.250  8.31398
36.250 -12.750  8.55996
36.250 -12.250  8.76311
36.250 -11.750  8.93489
36.250 -11.250  9.08455
36.250 -10.750  9.21939
36.250 -10.250  9.34504
36.250 -9.750  9.46571
36.250 -9.250  9.58438
36.250 -8.750  9.70301
36.250 -8.250  9.82270
36.250 -7.750  9.94384
36.250 -7.250 10.06628
36.250 -6.750 10.18937
36.250 -6.250 10.31216
36.250 -5.750 10.43343
36.250 -5.250 10.55177
36.250 -4.750 10.66568
36.250 -4.250 10.77363
36.250 -3.750 10.87410
36.250 -3.250 10.96562
36.250 -2.750 11.04683
36.250 -2.250 11.11650
36.250 -1.750 11.17358
36.250 -1.250 11.21717
36.250 -0.750 11.24662
36.250 -0.250 11.26146
36.250 0.250 11.26146
36.250 0.750 11.24662
36.250 1.250 11.21717
36.250 1.750 11.17358
36.250 2.250 11.11650
36.250 2.750 11.04683
36.250 3.250 10.96562
36.250 3.750 10.87410
36.250 4.250 10.77363
36.250 4.750 10.66568
36.250 5.250 10.55177
36.250 5.750 10.43343
36.250 6.250 10.31216
36.250 6.750 10.18937
36.250 7.250 10.06628
36.250 7.750  9.94384
36.250 8.250  9.82270
36.250 8.750  9.70301
36.250 9.250  9.58438
36.250 9.750  9.46571
36.250 10.250  9.34504
36.250 10.750  9.21939
36.250 11.250  9.08455
36.250 11.750  8.93489
36.250 12.250  8.76311
36.250 12.750  8.55996
36.250 13.250  8.31398
36.250 13.750  8.01115
36.250 14.250  7.63456
36.250 14.750  7.16407
36.250 15.250  6.57597
36.250 15.750  5.84263
36.250 16.250  4.93232
36.250 16.750  3.80908
36.250 17.250  2.43303
36.250 17.750  0.76115
36.250 18.250 -1.25106
36.250 18.750 -3.64624
36.250 19.250 -6.45933
36.250 19.750 -9.70745
36.250 20.250 -13.37304
36.250 20.750 -17.37703
36.250 21.250 -21.53905
36.250 21.750 -25.52783
36.250 22.250 -28.82525
36.250 22.750 -30.77294
36.250 23.250 -30.80352
36.250 23.750 -28.82529
36.250 24.250 -25.39828
36.250 24.750 -21.40432
36.250 25.250 -17.55721
36.250 25.750 -14.21455
36.250 26.250 -11.46263
36.250 26.750 -9.25420
36.250 27.250 -7.49895
36.250 27.750 -6.10524
36.250 28.250 -4.99462
36.250 28.750 -4.10443
36.250 29.250 -3.38605
36.250 29.750 -2.80223
36.250 30.250 -2.32446
36.250 30.750 -1.93088
36.250 31.250 -1.60467
36.250 31.750 -1.33273
36.250 32.250 -1.10485
36.250 32.750 -0.91297
36.250 33.250 -0.75072
36.250 33.750 -0.61298
36.250 34.250 -0.49565
36.250 34.750 -0.39539
36.250 35.250 -0.30949
36.250 35.750 -0.23572
36.250 36.250 -0.17224
36.250 36.750 -0.11753
36.250 37.250 -0.07031
36.250 37.750 -0.02953
36.250 38.250  0.00572
36.250 38.750  0.03619
36.250 39.250  0.06253
36.250 39.750  0.08527
36.250 40.250  0.10490
36.250 40.750  0.12180
36.250 41.250  0.13633
36.250 41.750  0.14878
36.250 42.250  0.15940
36.250 42.750  0.16843
36.250 43.250  0.17605
36.250 43.750  0.18245
36.250 44.250  0.18775
36.250 44.750  0.19210
36.750 -44.750  0.25046
36.750 -44.250  0.24953
36.750 -43.750  0.24792
36.750 -43.250  0.24551
36.750 -42.750  0.24220
36.750 -42.250  0.23784
36.750 -41.750  0.23228
36.750 -41.250  0.22533
36.750 -40.750  0.21680
36.750 -40.250  0.20643
36.750 -39.750  0.19394
36.750 -39.250  0.17900
36.750 -38.750  0.16122
36.750 -38.250  0.14015
36.750 -37.750  0.11525
36.750 -37.250  0.08587
36.750 -36.750  0.05127
36.750 -36.250  0.01053
36.750 -35.750 -0.03745
36.750 -35.250 -0.09396
36.750 -34.750 -0.16063
36.750 -34.250 -0.23939
36.750 -33.750 -0.33265
36.750 -33.250 -0.44339
36.750 -32.750 -0.57530
36.750 -32.250 -0.73304
36.750 -31.750 -0.92252
36.750 -31.250 -1.15127
36.750 -30.750 -1.42906
36.750 -30.250 -1.76860
36.750 -29.750 -2.18670
36.750 -29.250 -2.70578
36.750 -28.750 -3.35618
36.750 -28.250 -4.17937
36.750 -27.750 -5.23266
36.750 -27.250 -6.59587
36.750 -26.750 -8.38002
36.750 -26.250 -10.73698
36.750 -25.750 -13.86293
36.750 -25.250 -17.97212
36.750 -24.750 -23.17834
36.750 -24.250 -29.18123
36.750 -23.750 -34.81533
36.750 -23.250 -38.18010
36.750 -22.750 -38.02660
36.750 -22.250 -34.78235
36.750 -21.750 -29.77446
36.750 -21.250 -24.17833
36.750 -20.750 -18.71219
36.750 -20.250 -13.73111
36.750 -19.750 -9.37184
36.750 -19.250 -5.65457
36.750 -18.750 -2.54230
36.750 -18.250  0.02688
36.750 -17.750  2.12283
36.750 -17.250  3.81474
36.750 -16.750  5.16697
36.750 -16.250  6.23736
36.750 -15.750  7.07670
36.750 -15.250  7.72895
36.750 -14.750  8.23168
36.750 -14.250  8.61666
36.750 -13.750  8.91056
36.750 -13.250  9.13550
36.750 -12.750  9.30968
36.750 -12.250  9.44788
36.750 -11.750  9.56194
36.750 -11.250  9.66118
36.750 -10.750  9.75275
36.750 -10.250  9.84198
36.750 -9.750  9.93267
36.750 -9.250 10.02731
36.750 -8.750 10.12732
36.750 -8.250 10.23324
36.750 -7.750 10.34488
36.750 -7.250 10.46152
36.750 -6.750 10.58195
36.750 -6.250 10.70468
36.750 -5.750 10.82796
36.750 -5.250 10.94992
36.750 -4.750 11.06859
36.750 -4.250 11.18204
36.750 -3.750 11.28835
36.750 -3.250 11.38574
36.750 -2.750 11.47253
36.750 -2.250 11.54724
36.750 -1.750 11.60861
36.750 -1.250 11.65557
36.750 -0.750 11.68733
36.750 -0.250 11.70335
36.750 0.250 11.70335
36.750 0.750 11.68733
36.750 1.250 11.65557
36.750 1.750 11.60861
36.750 2.250 11.54724
36.750 2.750 11.47253
36.750 3.250 11.38574
36.750 3.750 11.28835
36.750 4.250 11.18204
36.750 4.750 11.06859
36.750 5.250 10.94992
36.750 5.750 10.82796
36.750 6.250 10.70468
36.750 6.750 10.58195
36.750 7.250 10.46152
36.750 7.750 10.34488
36.750 8.250 10.23324
36.750 8.750 10.12732
36.750 9.250 10.02731
36.750 9.750  9.93267
36.750 10.250  9.84198
36.750 10.750  9.75275
36.750 11.250  9.66118
36.750 11.750  9.56194
36.750 12.250  9.44788
36.750 12.750  9.30968
36.750 13.250  9.13550
36.750 13.750  8.91056
36.750 14.250  8.61666
36.750 14.750  8.23168
36.750 15.250  7.72895
36.750 15.750  7.07670
36.750 16.250  6.23736
36.750 16.750  5.16697
36.750 17.250  3.81474
36.750 17.750  2.12283
36.750 18.250  0.02688
36.750 18.750 -2.54230
36.750 19.250 -5.65457
36.750 19.750 -9.37184
36.750 20.250 -13.73111
36.750 20.750 -18.71219
36.750 21.250 -24.17833
36.750 21.750 -29.77446
36.750 22.250 -34.78235
36.750 22.750 -38.02660
36.750 23.250 -38.18010
36.750 23.750 -34.81533
36.750 24.250 -29.18123
36.750 24.750 -23.17834
36.750 25.250 -17.97212
36.750 25.750 -13.86293
36.750 26.250 -10.73698
36.750 26.750 -8.38002
36.750 27.250 -6.59587
36.750 27.750 -5.23266
36.750 28.250 -4.17937
36.750 28.750 -3.35618
36.750 29.250 -2.70578
36.750 29.750 -2.18670
36.750 30.250 -1.76860
36.750 30.750 -1.42906
36.750 31.250 -1.15127
36.750 31.750 -0.92252
36.750 32.250 -0.73304
36.750 32.750 -0.57530
36.750 33.250 -0.44339
36.750 33.750 -0.33265
36.750 34.250 -0.23939
36.750 34.750 -0.16063
36.750 35.250 -0.09396
36.750 35.750 -0.03745
36.750 36.250  0.01053
36.750 36.750  0.05127
36.750 37.250  0.08587
36.750 37.750  0.11525
36.750 38.250  0.14015
36.750 38.750  0.16122
36.750 39.250  0.17900
36.750 39.750  0.19394
36.750 40.250  0.20643
36.750 40.750  0.21680
36.750 41.250  0.22533
36.750 41.750  0.23228
36.750 42.250  0.23784
36.750 42.750  0.24220
36.750 43.250  0.24551
36.750 43.750  0.24792
36.750 44.250  0.24953
36.750 44.750  0.25046
37.250 -44.750  0.30942
37.250 -44.250  0.31200
37.250 -43.750  0.31418
37.250 -43.250  0.31588
37.250 -42.750  0.31701
37.250 -42.250  0.31747
37.250 -41.750  0.31716
37.250 -41.250  0.31593
37.250 -40.750  0.31362
37.250 -40.250  0.31007
37.250 -39.750  0.30504
37.250 -39.250  0.29829
37.250 -38.750  0.28953
37.250 -38.250  0.27839
37.250 -37.750  0.26447
37.250 -37.250  0.24726
37.250 -36.750  0.22617
37.250 -36.250  0.20048
37.250 -35.750  0.16933
37.250 -35.250  0.13165
37.250 -34.750  0.08616
37.250 -34.250  0.03127
37.250 -33.750 -0.03497
37.250 -33.250 -0.11503
37.250 -32.750 -0.21200
37.250 -32.250 -0.32977
37.250 -31.750 -0.47339
37.250 -31.250 -0.64934
37.250 -30.750 -0.86614
37.250 -30.250 -1.13511
37.250 -29.750 -1.47146
37.250 -29.250 -1.89601
37.250 -28.750 -2.43773
37.250 -28.250 -3.13769
37.250 -27.750 -4.05535
37.250 -27.250 -5.27873
37.250 -26.750 -6.94104
37.250 -26.250 -9.24759
37.250 -25.750 -12.51699
37.250 -25.250 -17.22853
37.250 -24.750 -23.99982
37.250 -24.250 -33.15693
37.250 -23.750 -43.19029
37.250 -23.250 -49.43425
37.250 -22.750 -48.51656
37.250 -22.250 -42.44966
37.250 -21.750 -34.52387
37.250 -21.250 -26.62700
37.250 -20.750 -19.52746
37.250 -20.250 -13.44916
37.250 -19.750 -8.38541
37.250 -19.250 -4.24106
37.250 -18.750 -0.89417
37.250 -18.250  1.77782
37.250 -17.750  3.88770
37.250 -17.250  5.53500
37.250 -16.750  6.80553
37.250 -16.250  7.77229
37.250 -15.750  8.49680
37.250 -15.250  9.03050
37.250 -14.750  9.41617
37.250 -14.250  9.68910
37.250 -13.750  9.87827
37.250 -13.250 10.00721
37.250 -12.750 10.09489
37.250 -12.250 10.15638
37.250 -11.750 10.20347
37.250 -11.250 10.24517
37.250 -10.750 10.28819
37.250 -10.250 10.33726
37.250 -9.750 10.39551
37.250 -9.250 10.46473
37.250 -8.750 10.54561
37.250 -8.250 10.63795
37.250 -7.750 10.74086
37.250 -7.250 10.85290
37.250 -6.750 10.97220
37.250 -6.250 11.09662
37.250 -5.750 11.22381
37.250 -5.250 11.35135
37.250 -4.750 11.47675
37.250 -4.250 11.59760
37.250 -3.750 11.71157
37.250 -3.250 11.81647
37.250 -2.750 11.91033
37.250 -2.250 11.99137
37.250 -1.750 12.05808
37.250 -1.250 12.10922
37.250 -0.750 12.14384
37.250 -0.250 12.16131
37.250 0.250 12.16131
37.250 0.750 12.14384
37.250 1.250 12.10922
37.250 1.750 12.05808
37.250 2.250 11.99137
37.250 2.750 11.91033
37.250 3.250 11.81647
37.250 3.750 11.71157
37.250 4.250 11.59760
37.250 4.750 11.47675
37.250 5.250 11.35135
37.250 5.750 11.22381
37.250 6.250 11.09662
37.250 6.750 10.97220
37.250 7.250 10.85290
37.250 7.750 10.74086
37.250 8.250 10.63795
37.250 8.750 10.54561
37.250 9.250 10.46473
37.250 9.750 10.39551
37.250 10.250 10.33726
37.250 10.750 10.28819
37.250 11.250 10.24517
37.250 11.750 10.20347
37.250 12.250 10.15638
37.250 12.750 10.09489
37.250 13.250 10.00721
37.250 13.750  9.87827
37.250 14.250  9.68910
37.250 14.750  9.41617
37.250 15.250  9.03050
37.250 15.750  8.49680
37.250 16.250  7.77229
37.250 16.750  6.80553
37.250 17.250  5.53500
37.250 17.750  3.88770
37.250 18.250  1.77782
37.250 18.750 -0.89417
37.250 19.250 -4.24106
37.250 19.750 -8.38541
37.250 20.250 -13.44916
37.250 20.750 -19.52746
37.250 21.250 -26.62700
37.250 21.750 -34.52387
37.250 22.250 -42.44966
37.250 22.750 -48.51656
37.250 23.250 -49.43425
37.250 23.750 -43.19029
37.250 24.250 -33.15693
37.250 24.750 -23.99982
37.250 25.250 -17.22853
37.250 25.750 -12.51699
37.250 26.250 -9.24759
37.250 26.750 -6.94104
37.250 27.250 -5.27873
37.250 27.750 -4.05535
37.250 28.250 -3.13769
37.250 28.750 -2.43773
37.250 29.250 -1.89601
37.250 29.750 -1.47146
37.250 30.250 -1.13511
37.250 30.750 -0.86614
37.250 31.250 -0.64934
37.250 31.750 -0.47339
37.250 32.250 -0.32977
37.250 32.750 -0.21200
37.250 33.250 -0.11503
37.250 33.750 -0.03497
37.250 34.250  0.03127
37.250 34.750  0.08616
37.250 35.250  0.13165
37.250 35.750  0.16933
37.250 36.250  0.20048
37.250 36.750  0.22617
37.250 37.250  0.24726
37.250 37.750  0.26447
37.250 38.250  0.27839
37.250 38.750  0.28953
37.250 39.250  0.29829
37.250 39.750  0.30504
37.250 40.250  0.31007
37.250 40.750  0.31362
37.250 41.250  0.31593
37.250 41.750  0.31716
37.250 42.250  0.31747
37.250 42.750  0.31701
37.250 43.250  0.31588
37.250 43.750  0.31418
37.250 44.250  0.31200
37.250 44.750  0.30942
37.750 -44.750  0.36872
37.750 -44.250  0.37488
37.750 -43.750  0.38092
37.750 -43.250  0.38680
37.750 -42.750  0.39248
37.750 -42.250  0.39788
37.750 -41.750  0.40295
37.750 -41.250  0.40759
37.750 -40.750  0.41170
37.750 -40.250  0.41517
37.750 -39.750  0.41786
37.750 -39.250  0.41960
37.750 -38.750  0.42020
37.750 -38.250  0.41941
37.750 -37.750  0.41697
37.750 -37.250  0.41252
37.750 -36.750  0.40565
37.750 -36.250  0.39588
37.750 -35.750  0.38258
37.750 -35.250  0.36502
37.750 -34.750  0.34228
37.750 -34.250  0.31322
37.750 -33.750  0.27642
37.750 -33.250  0.23008
37.750 -32.750  0.17194
37.750 -32.250  0.09909
37.750 -31.750  0.00775
37.750 -31.250 -0.10700
37.750 -30.750 -0.25170
37.750 -30.250 -0.43514
37.750 -29.750 -0.66935
37.750 -29.250 -0.97104
37.750 -28.750 -1.36401
37.750 -28.250 -1.88288
37.750 -27.750 -2.57955
37.750 -27.250 -3.53429
37.750 -26.750 -4.87630
37.750 -26.250 -6.82302
37.750 -25.750 -9.76009
37.750 -25.250 -14.40977
37.750 -24.750 -22.17227
37.750 -24.250 -35.50912
37.750 -23.750 -55.47416
37.750 -23.250 -69.22012
37.750 -22.750 -64.18090
37.750 -22.250 -51.66943
37.750 -21.750 -39.06254
37.750 -21.250 -28.19621
37.750 -20.750 -19.28749
37.750 -20.250 -12.13992
37.750 -19.750 -6.47601
37.750 -19.250 -2.03036
37.750 -18.750  1.42705
37.750 -18.250  4.08858
37.750 -17.750  6.11285
37.750 -17.250  7.62987
37.750 -16.750  8.74593
37.750 -16.250  9.54780
37.750 -15.750 10.10626
37.750 -15.250 10.47886
37.750 -14.750 10.71233
37.750 -14.250 10.84442
37.750 -13.750 10.90544
37.750 -13.250 10.91953
37.750 -12.750 10.90574
37.750 -12.250 10.87882
37.750 -11.750 10.84999
37.750 -11.250 10.82754
37.750 -10.750 10.81731
37.750 -10.250 10.82313
37.750 -9.750 10.84720
37.750 -9.250 10.89034
37.750 -8.750 10.95231
37.750 -8.250 11.03201
37.750 -7.750 11.12765
37.750 -7.250 11.23697
37.750 -6.750 11.35730
37.750 -6.250 11.48576
37.750 -5.750 11.61932
37.750 -5.250 11.75491
37.750 -4.750 11.88948
37.750 -4.250 12.02006
37.750 -3.750 12.14387
37.750 -3.250 12.25830
37.750 -2.750 12.36100
37.750 -2.250 12.44988
37.750 -1.750 12.52317
37.750 -1.250 12.57943
37.750 -0.750 12.61755
37.750 -0.250 12.63680
37.750 0.250 12.63680
37.750 0.750 12.61755
37.750 1.250 12.57943
37.750 1.750 12.52317
37.750 2.250 12.44988
37.750 2.750 12.36100
37.750 3.250 12.25830
37.750 3.750 12.14387
37.750 4.250 12.02006
37.750 4.750 11.88948
37.750 5.250 11.75491
37.750 5.750 11.61932
37.750 6.250 11.48576
37.750 6.750 11.35730
37.750 7.250 11.23697
37.750 7.750 11.12765
37.750 8.250 11.03201
37.750 8.750 10.95231
37.750 9.250 10.89034
37.750 9.750 10.84720
37.750 10.250 10.82313
37.750 10.750 10.81731
37.750 11.250 10.82754
37.750 11.750 10.84999
37.750 12.250 10.87882
37.750 12.750 10.90574
37.750 13.250 10.91953
37.750 13.750 10.90544
37.750 14.250 10.84442
37.750 14.750 10.71233
37.750 15.250 10.47886
37.750 15.750 10.10626
37.750 16.250  9.54780
37.750 16.750  8.74593
37.750 17.250  7.62987
37.750 17.750  6.11285
37.750 18.250  4.08858
37.750 18.750  1.42705
37.750 19.250 -2.03036
37.750 19.750 -6.47601
37.750 20.250 -12.13992
37.750 20.750 -19.28749
37.750 21.250 -28.19621
37.750 21.750 -39.06254
37.750 22.250 -51.66943
37.750 22.750 -64.18090
37.750 23.250 -69.22012
37.750 23.750 -55.47416
37.750 24.250 -35.50912
37.750 24.750 -22.17227
37.750 25.250 -14.40977
37.750 25.750 -9.76009
37.750 26.250 -6.82302
37.750 26.750 -4.87630
37.750 27.250 -3.53429
37.750 27.750 -2.57955
37.750 28.250 -1.88288
37.750 28.750 -1.36401
37.750 29.250 -0.97104
37.750 29.750 -0.66935
37.750 30.250 -0.43514
37.750 30.750 -0.25170
37.750 31.250 -0.10700
37.750 31.750  0.00775
37.750 32.250  0.09909
37.750 32.750  0.17194
37.750 33.250  0.23008
37.750 33.750  0.27642
37.750 34.250  0.31322
37.750 34.750  0.34228
37.750 35.250  0.36502
37.750 35.750  0.38258
37.750 36.250  0.39588
37.750 36.750  0.40565
37.750 37.250  0.41252
37.750 37.750  0.41697
37.750 38.250  0.41941
37.750 38.750  0.42020
37.750 39.250  0.41960
37.750 39.750  0.41786
37.750 40.250  0.41517
37.750 40.750  0.41170
37.750 41.250  0.40759
37.750 41.750  0.40295
37.750 42.250  0.39788
37.750 42.750  0.39248
37.750 43.250  0.38680
37.750 43.750  0.38092
37.750 44.250  0.37488
37.750 44.750  0.36872
38.250 -44.750  0.42810
38.250 -44.250  0.43786
38.250 -43.750  0.44782
38.250 -43.250  0.45794
38.250 -42.750  0.46822
38.250 -42.250  0.47864
38.250 -41.750  0.48916
38.250 -41.250  0.49977
38.250 -40.750  0.51041
38.250 -40.250  0.52105
38.250 -39.750  0.53162
38.250 -39.250  0.54204
38.250 -38.750  0.55224
38.250 -38.250  0.56208
38.250 -37.750  0.57145
38.250 -37.250  0.58017
38.250 -36.750  0.58803
38.250 -36.250  0.59477
38.250 -35.750  0.60007
38.250 -35.250  0.60354
38.250 -34.750  0.60468
38.250 -34.250  0.60285
38.250 -33.750  0.59726
38.250 -33.250  0.58690
38.250 -32.750  0.57045
38.250 -32.250  0.54624
38.250 -31.750  0.51203
38.250 -31.250  0.46492
38.250 -30.750  0.40096
38.250 -30.250  0.31482
38.250 -29.750  0.19912
38.250 -29.250  0.04347
38.250 -28.750 -0.16712
38.250 -28.250 -0.45479
38.250 -27.750 -0.85333
38.250 -27.250 -1.41630
38.250 -26.750 -2.23266
38.250 -26.250 -3.45941
38.250 -25.750 -5.39631
38.250 -25.250 -8.68127
38.250 -24.750 -14.90005
38.250 -24.250 -29.00693
38.250 -23.750 -70.03782
38.250 -23.250 -116.47305
38.250 -22.750 -84.97112
38.250 -22.250 -60.21726
38.250 -21.750 -41.65783
38.250 -21.250 -27.75677
38.250 -20.750 -17.27790
38.250 -20.250 -9.35051
38.250 -19.750 -3.35471
38.250 -19.250  1.16219
38.250 -18.750  4.53849
38.250 -18.250  7.03185
38.250 -17.750  8.84132
38.250 -17.250 10.12247
38.250 -16.750 10.99785
38.250 -16.250 11.56456
38.250 -15.750 11.89976
38.250 -15.250 12.06486
38.250 -14.750 12.10865
38.250 -14.250 12.06978
38.250 -13.750 11.97867
38.250 -13.250 11.85905
38.250 -12.750 11.72913
38.250 -12.250 11.60267
38.250 -11.750 11.48973
38.250 -11.250 11.39735
38.250 -10.750 11.33010
38.250 -10.250 11.29055
38.250 -9.750 11.27963
38.250 -9.250 11.29698
38.250 -8.750 11.34118
38.250 -8.250 11.41003
38.250 -7.750 11.50072
38.250 -7.250 11.60997
38.250 -6.750 11.73424
38.250 -6.250 11.86980
38.250 -5.750 12.01282
38.250 -5.250 12.15952
38.250 -4.750 12.30621
38.250 -4.250 12.44934
38.250 -3.750 12.58559
38.250 -3.250 12.71191
38.250 -2.750 12.82552
38.250 -2.250 12.92403
38.250 -1.750 13.00535
38.250 -1.250 13.06783
38.250 -0.750 13.11020
38.250 -0.250 13.13159
38.250 0.250 13.13159
38.250 0.750 13.11020
38.250 1.250 13.06783
38.250 1.750 13.00535
38.250 2.250 12.92403
38.250 2.750 12.82552
38.250 3.250 12.71191
38.250 3.750 12.58559
38.250 4.250 12.44934
38.250 4.750 12.30621
38.250 5.250 12.15952
38.250 5.750 12.01282
38.250 6.250 11.86980
38.250 6.750 11.73424
38.250 7.250 11.60997
38.250 7.750 11.50072
38.250 8.250 11.41003
38.250 8.750 11.34118
38.250 9.250 11.29698
38.250 9.750 11.27963
38.250 10.250 11.29055
38.250 10.750 11.33010
38.250 11.250 11.39735
38.250 11.750 11.48973
38.250 12.250 11.60267
38.250 12.750 11.72913
38.250 13.250 11.85905
38.250 13.750 11.97867
38.250 14.250 12.06978
38.250 14.750 12.10865
38.250 15.250 12.06486
38.250 15.750 11.89976
38.250 16.250 11.56456
38.250 16.750 10.99785
38.250 17.250 10.12247
38.250 17.750  8.84132
38.250 18.250  7.03185
38.250 18.750  4.53849
38.250 19.250  1.16219
38.250 19.750 -3.35471
38.250 20.250 -9.35051
38.250 20.750 -17.27790
38.250 21.250 -27.75677
38.250 21.750 -41.65783
38.250 22.250 -60.21726
38.250 22.750 -84.97112
38.250 23.250 -116.47305
38.250 23.750 -70.03782
38.250 24.250 -29.00693
38.250 24.750 -14.90005
38.250 25.250 -8.68127
38.250 25.750 -5.39631
38.250 26.250 -3.45941
38.250 26.750 -2.23266
38.250 27.250 -1.41630
38.250 27.750 -0.85333
38.250 28.250 -0.45479
38.250 28.750 -0.16712
38.250 29.250  0.04347
38.250 29.750  0.19912
38.250 30.250  0.31482
38.250 30.750  0.40096
38.250 31.250  0.46492
38.250 31.750  0.51203
38.250 32.250  0.54624
38.250 32.750  0.57045
38.250 33.250  0.58690
38.250 33.750  0.59726
38.250 34.250  0.60285
38.250 34.750  0.60468
38.250 35.250  0.60354
38.250 35.750  0.60007
38.250 36.250  0.59477
38.250 36.750  0.58803
38.250 37.250  0.58017
38.250 37.750  0.57145
38.250 38.250  0.56208
38.250 38.750  0.55224
38.250 39.250  0.54204
38.250 39.750  0.53162
38.250 40.250  0.52105
38.250 40.750  0.51041
38.250 41.250  0.49977
38.250 41.750  0.48916
38.250 42.250  0.47864
38.250 42.750  0.46822
38.250 43.250  0.45794
38.250 43.750  0.44782
38.250 44.250  0.43786
38.250 44.750  0.42810
38.750 -44.750  0.48728
38.750 -44.250  0.50067
38.750 -43.750  0.51454
38.750 -43.250  0.52892
38.750 -42.750  0.54382
38.750 -42.250  0.55928
38.750 -41.750  0.57530
38.750 -41.250  0.59191
38.750 -40.750  0.60913
38.750 -40.250  0.62700
38.750 -39.750  0.64552
38.750 -39.250  0.66472
38.750 -38.750  0.68462
38.750 -38.250  0.70523
38.750 -37.750  0.72658
38.750 -37.250  0.74867
38.750 -36.750  0.77151
38.750 -36.250  0.79508
38.750 -35.750  0.81938
38.750 -35.250  0.84438
38.750 -34.750  0.87001
38.750 -34.250  0.89621
38.750 -33.750  0.92284
38.750 -33.250  0.94973
38.750 -32.750  0.97665
38.750 -32.250  1.00325
38.750 -31.750  1.02907
38.750 -31.250  1.05345
38.750 -30.750  1.07547
38.750 -30.250  1.09385
38.750 -29.750  1.10681
38.750 -29.250  1.11176
38.750 -28.750  1.10499
38.750 -28.250  1.08106
38.750 -27.750  1.03181
38.750 -27.250  0.94474
38.750 -26.750  0.80021
38.750 -26.250  0.56634
38.750 -25.750  0.18978
38.750 -25.250 -0.42022
38.750 -24.750 -1.40530
38.750 -24.250 -2.75694
38.750 -23.750  2.48411
38.750 -23.250 47.74869
38.750 -22.750 -107.47365
38.750 -22.250 -62.94273
38.750 -21.750 -39.66148
38.750 -21.250 -23.95552
38.750 -20.750 -12.75741
38.750 -20.250 -4.65653
38.750 -19.750  1.22694
38.750 -19.250  5.48217
38.750 -18.750  8.52333
38.750 -18.250 10.65186
38.750 -17.750 12.09268
38.750 -17.250 13.01665
38.750 -16.750 13.55518
38.750 -16.250 13.81023
38.750 -15.750 13.86129
38.750 -15.250 13.77048
38.750 -14.750 13.58626
38.750 -14.250 13.34627
38.750 -13.750 13.07953
38.750 -13.250 12.80811
38.750 -12.750 12.54846
38.750 -12.250 12.31251
38.750 -11.750 12.10850
38.750 -11.250 11.94169
38.750 -10.750 11.81492
38.750 -10.250 11.72911
38.750 -9.750 11.68363
38.750 -9.250 11.67662
38.750 -8.750 11.70530
38.750 -8.250 11.76615
38.750 -7.750 11.85516
38.750 -7.250 11.96794
38.750 -6.750 12.09990
38.750 -6.250 12.24636
38.750 -5.750 12.40264
38.750 -5.250 12.56417
38.750 -4.750 12.72653
38.750 -4.250 12.88553
38.750 -3.750 13.03730
38.750 -3.250 13.17826
38.750 -2.750 13.30523
38.750 -2.250 13.41542
38.750 -1.750 13.50645
38.750 -1.250 13.57642
38.750 -0.750 13.62388
38.750 -0.250 13.64786
38.750 0.250 13.64786
38.750 0.750 13.62388
38.750 1.250 13.57642
38.750 1.750 13.50645
38.750 2.250 13.41542
38.750 2.750 13.30523
38.750 3.250 13.17826
38.750 3.750 13.03730
38.750 4.250 12.88553
38.750 4.750 12.72653
38.750 5.250 12.56417
38.750 5.750 12.40264
38.750 6.250 12.24636
38.750 6.750 12.09990
38.750 7.250 11.96794
38.750 7.750 11.85516
38.750 8.250 11.76615
38.750 8.750 11.70530
38.750 9.250 11.67662
38.750 9.750 11.68363
38.750 10.250 11.72911
38.750 10.750 11.81492
38.750 11.250 11.94169
38.750 11.750 12.10850
38.750 12.250 12.31251
38.750 12.750 12.54846
38.750 13.250 12.80811
38.750 13.750 13.07953
38.750 14.250 13.34627
38.750 14.750 13.58626
38.750 15.250 13.77048
38.750 15.750 13.86129
38.750 16.250 13.81023
38.750 16.750 13.55518
38.750 17.250 13.01665
38.750 17.750 12.09268
38.750 18.250 10.65186
38.750 18.750  8.52333
38.750 19.250  5.48217
38.750 19.750  1.22694
38.750 20.250 -4.65653
38.750 20.750 -12.75741
38.750 21.250 -23.95552
38.750 21.750 -39.66148
38.750 22.250 -62.94273
38.750 22.750 -107.47365
38.750 23.250 47.74869
38.750 23.750  2.48411
38.750 24.250 -2.75694
38.750 24.750 -1.40530
38.750 25.250 -0.42022
38.750 25.750  0.18978
38.750 26.250  0.56634
38.750 26.750  0.80021
38.750 27.250  0.94474
38.750 27.750  1.03181
38.750 28.250  1.08106
38.750 28.750  1.10499
38.750 29.250  1.11176
38.750 29.750  1.10681
38.750 30.250  1.09385
38.750 30.750  1.07547
38.750 31.250  1.05345
38.750 31.750  1.02907
38.750 32.250  1.00325
38.750 32.750  0.97665
38.750 33.250  0.94973
38.750 33.750  0.92284
38.750 34.250  0.89621
38.750 34.750  0.87001
38.750 35.250  0.84438
38.750 35.750  0.81938
38.750 36.250  0.79508
38.750 36.750  0.77151
38.750 37.250  0.74867
38.750 37.750  0.72658
38.750 38.250  0.70523
38.750 38.750  0.68462
38.750 39.250  0.66472
38.750 39.750  0.64552
38.750 40.250  0.62700
38.750 40.750  0.60913
38.750 41.250  0.59191
38.750 41.750  0.57530
38.750 42.250  0.55928
38.750 42.750  0.54382
38.750 43.250  0.52892
38.750 43.750  0.51454
38.750 44.250  0.50067
38.750 44.750  0.48728
39.250 -44.750  0.54600
39.250 -44.250  0.56299
39.250 -43.750  0.58076
39.250 -43.250  0.59937
39.250 -42.750  0.61888
39.250 -42.250  0.63935
39.250 -41.750  0.66084
39.250 -41.250  0.68344
39.250 -40.750  0.70722
39.250 -40.250  0.73228
39.250 -39.750  0.75874
39.250 -39.250  0.78669
39.250 -38.750  0.81628
39.250 -38.250  0.84765
39.250 -37.750  0.88097
39.250 -37.250  0.91642
39.250 -36.750  0.95424
39.250 -36.250  0.99467
39.250 -35.750  1.03800
39.250 -35.250  1.08457
39.250 -34.750  1.13478
39.250 -34.250  1.18911
39.250 -33.750  1.24813
39.250 -33.250  1.31253
39.250 -32.750  1.38314
39.250 -32.250  1.46103
39.250 -31.750  1.54751
39.250 -31.250  1.64427
39.250 -30.750  1.75352
39.250 -30.250  1.87820
39.250 -29.750  2.02232
39.250 -29.250  2.19149
39.250 -28.750  2.39384
39.250 -28.250  2.64154
39.250 -27.750  2.95362
39.250 -27.250  3.36131
39.250 -26.750  3.91905
39.250 -26.250  4.72877
39.250 -25.750  5.99940
39.250 -25.250  8.21123
39.250 -24.750 12.64323
39.250 -24.250 23.32404
39.250 -23.750 52.42209
39.250 -23.250 94.01742
39.250 -22.750 91.06653
39.250 -22.250  4.31747
39.250 -21.750 -32.69469
39.250 -21.250 -15.95500
39.250 -20.750 -5.21847
39.250 -20.250  2.20965
39.250 -19.750  7.40899
39.250 -19.250 10.99810
39.250 -18.750 13.40839
39.250 -18.250 14.95077
39.250 -17.750 15.85446
39.250 -17.250 16.29143
39.250 -16.750 16.39229
39.250 -16.250 16.25701
39.250 -15.750 15.96245
39.250 -15.250 15.56774
39.250 -14.750 15.11821
39.250 -14.250 14.64836
39.250 -13.750 14.18414
39.250 -13.250 13.74464
39.250 -12.750 13.34348
39.250 -12.250 12.98992
39.250 -11.750 12.68968
39.250 -11.250 12.44566
39.250 -10.750 12.25853
39.250 -10.250 12.12715
39.250 -9.750 12.04899
39.250 -9.250 12.02047
39.250 -8.750 12.03716
39.250 -8.250 12.09406
39.250 -7.750 12.18579
39.250 -7.250 12.30670
39.250 -6.750 12.45106
39.250 -6.250 12.61312
39.250 -5.750 12.78726
39.250 -5.250 12.96803
39.250 -4.750 13.15024
39.250 -4.250 13.32903
39.250 -3.750 13.49987
39.250 -3.250 13.65868
39.250 -2.750 13.80180
39.250 -2.250 13.92603
39.250 -1.750 14.02869
39.250 -1.250 14.10761
39.250 -0.750 14.16114
39.250 -0.250 14.18818
39.250 0.250 14.18818
39.250 0.750 14.16114
39.250 1.250 14.10761
39.250 1.750 14.02869
39.250 2.250 13.92603
39.250 2.750 13.80180
39.250 3.250 13.65868
39.250 3.750 13.49987
39.250 4.250 13.32903
39.250 4.750 13.15024
39.250 5.250 12.96803
39.250 5.750 12.78726
39.250 6.250 12.61312
39.250 6.750 12.45106
39.250 7.250 12.30670
39.250 7.750 12.18579
39.250 8.250 12.09406
39.250 8.750 12.03716
39.250 9.250 12.02047
39.250 9.750 12.04899
39.250 10.250 12.12715
39.250 10.750 12.25853
39.250 11.250 12.44566
39.250 11.750 12.68968
39.250 12.250 12.98992
39.250 12.750 13.34348
39.250 13.250 13.74464
39.250 13.750 14.18414
39.250 14.250 14.64836
39.250 14.750 15.11821
39.250 15.250 15.56774
39.250 15.750 15.96245
39.250 16.250 16.25701
39.250 16.750 16.39229
39.250 17.250 16.29143
39.250 17.750 15.85446
39.250 18.250 14.95077
39.250 18.750 13.40839
39.250 19.250 10.99810
39.250 19.750  7.40899
39.250 20.250  2.20965
39.250 20.750 -5.21847
39.250 21.250 -15.95500
39.250 21.750 -32.69469
39.250 22.250  4.31747
39.250 22.750 91.06653
39.250 23.250 94.01742
39.250 23.750 52.42209
39.250 24.250 23.32404
39.250 24.750 12.64323
39.250 25.250  8.21123
39.250 25.750  5.99940
39.250 26.250  4.72877
39.250 26.750  3.91905
39.250 27.250  3.36131
39.250 27.750  2.95362
39.250 28.250  2.64154
39.250 28.750  2.39384
39.250 29.250  2.19149
39.250 29.750  2.02232
39.250 30.250  1.87820
39.250 30.750  1.75352
39.250 31.250  1.64427
39.250 31.750  1.54751
39.250 32.250  1.46103
39.250 32.750  1.38314
39.250 33.250  1.31253
39.250 33.750  1.24813
39.250 34.250  1.18911
39.250 34.750  1.13478
39.250 35.250  1.08457
39.250 35.750  1.03800
39.250 36.250  0.99467
39.250 36.750  0.95424
39.250 37.250  0.91642
39.250 37.750  0.88097
39.250 38.250  0.84765
39.250 38.750  0.81628
39.250 39.250  0.78669
39.250 39.750  0.75874
39.250 40.250  0.73228
39.250 40.750  0.70722
39.250 41.250  0.68344
39.250 41.750  0.66084
39.250 42.250  0.63935
39.250 42.750  0.61888
39.250 43.250  0.59937
39.250 43.750  0.58076
39.250 44.250  0.56299
39.250 44.750  0.54600
39.750 -44.750  0.60398
39.750 -44.250  0.62452
39.750 -43.750  0.64614
39.750 -43.250  0.66893
39.750 -42.750  0.69298
39.750 -42.250  0.71839
39.750 -41.750  0.74528
39.750 -41.250  0.77378
39.750 -40.750  0.80402
39.750 -40.250  0.83619
39.750 -39.750  0.87045
39.750 -39.250  0.90703
39.750 -38.750  0.94616
39.750 -38.250  0.98812
39.750 -37.750  1.03322
39.750 -37.250  1.08183
39.750 -36.750  1.13437
39.750 -36.250  1.19136
39.750 -35.750  1.25338
39.750 -35.250  1.32113
39.750 -34.750  1.39545
39.750 -34.250  1.47735
39.750 -33.750  1.56807
39.750 -33.250  1.66913
39.750 -32.750  1.78241
39.750 -32.250  1.91028
39.750 -31.750  2.05575
39.750 -31.250  2.22273
39.750 -30.750  2.41632
39.750 -30.250  2.64337
39.750 -29.750  2.91317
39.750 -29.250  3.23868
39.750 -28.750  3.63841
39.750 -28.250  4.13954
39.750 -27.750  4.78337
39.750 -27.250  5.63496
39.750 -26.750  6.80146
39.750 -26.250  8.46813
39.750 -25.750 10.97302
39.750 -25.250 14.96602
39.750 -24.750 21.72895
39.750 -24.250 33.56067
39.750 -23.750 52.51969
39.750 -23.250 74.56441
39.750 -22.750 90.42552
39.750 -22.250 93.76686
39.750 -21.750 63.71909
39.750 -21.250 13.61854
39.750 -20.750  5.09277
39.750 -20.250 11.21420
39.750 -19.750 15.17311
39.750 -19.250 17.67362
39.750 -18.750 19.14814
39.750 -18.250 19.87904
39.750 -17.750 20.07619
39.750 -17.250 19.89731
39.750 -16.750 19.46174
39.750 -16.250 18.86016
39.750 -15.750 18.16150
39.750 -15.250 17.41803
39.750 -14.750 16.66906
39.750 -14.250 15.94371
39.750 -13.750 15.26313
39.750 -13.250 14.64209
39.750 -12.750 14.09032
39.750 -12.250 13.61354
39.750 -11.750 13.21426
39.750 -11.250 12.89246
39.750 -10.750 12.64615
39.750 -10.250 12.47177
39.750 -9.750 12.36460
39.750 -9.250 12.31900
39.750 -8.750 12.32873
39.750 -8.250 12.38711
39.750 -7.750 12.48722
39.750 -7.250 12.62203
39.750 -6.750 12.78453
39.750 -6.250 12.96783
39.750 -5.750 13.16528
39.750 -5.250 13.37050
39.750 -4.750 13.57745
39.750 -4.250 13.78053
39.750 -3.750 13.97456
39.750 -3.250 14.15488
39.750 -2.750 14.31733
39.750 -2.250 14.45830
39.750 -1.750 14.57476
39.750 -1.250 14.66427
39.750 -0.750 14.72497
39.750 -0.250 14.75563
39.750 0.250 14.75563
39.750 0.750 14.72497
39.750 1.250 14.66427
39.750 1.750 14.57476
39.750 2.250 14.45830
39.750 2.750 14.31733
39.750 3.250 14.15488
39.750 3.750 13.97456
39.750 4.250 13.78053
39.750 4.750 13.57745
39.750 5.250 13.37050
39.750 5.750 13.16528
39.750 6.250 12.96783
39.750 6.750 12.78453
39.750 7.250 12.62203
39.750 7.750 12.48722
39.750 8.250 12.38711
39.750 8.750 12.32873
39.750 9.250 12.31900
39.750 9.750 12.36460
39.750 10.250 12.47177
39.750 10.750 12.64615
39.750 11.250 12.89246
39.750 11.750 13.21426
39.750 12.250 13.61354
39.750 12.750 14.09032
39.750 13.250 14.64209
39.750 13.750 15.26313
39.750 14.250 15.94371
39.750 14.750 16.66906
39.750 15.250 17.41803
39.750 15.750 18.16150
39.750 16.250 18.86016
39.750 16.750 19.46174
39.750 17.250 19.89731
39.750 17.750 20.07619
39.750 18.250 19.87904
39.750 18.750 19.14814
39.750 19.250 17.67362
39.750 19.750 15.17311
39.750 20.250 11.21420
39.750 20.750  5.09277
39.750 21.250 13.61854
39.750 21.750 63.71909
39.750 22.250 93.76686
39.750 22.750 90.42552
39.750 23.250 74.56441
39.750 23.750 52.51969
39.750 24.250 33.56067
39.750 24.750 21.72895
39.750 25.250 14.96602
39.750 25.750 10.97302
39.750 26.250  8.46813
39.750 26.750  6.80146
39.750 27.250  5.63496
39.750 27.750  4.78337
39.750 28.250  4.13954
39.750 28.750  3.63841
39.750 29.250  3.23868
39.750 29.750  2.91317
39.750 30.250  2.64337
39.750 30.750  2.41632
39.750 31.250  2.22273
39.750 31.750  2.05575
39.750 32.250  1.91028
39.750 32.750  1.78241
39.750 33.250  1.66913
39.750 33.750  1.56807
39.750 34.250  1.47735
39.750 34.750  1.39545
39.750 35.250  1.32113
39.750 35.750  1.25338
39.750 36.250  1.19136
39.750 36.750  1.13437
39.750 37.250  1.08183
39.750 37.750  1.03322
39.750 38.250  0.98812
39.750 38.750  0.94616
39.750 39.250  0.90703
39.750 39.750  0.87045
39.750 40.250  0.83619
39.750 40.750  0.80402
39.750 41.250  0.77378
39.750 41.750  0.74528
39.750 42.250  0.71839
39.750 42.750  0.69298
39.750 43.250  0.66893
39.750 43.750  0.64614
39.750 44.250  0.62452
39.750 44.750  0.60398
40.250 -44.750  0.66095
40.250 -44.250  0.68497
40.250 -43.750  0.71036
40.250 -43.250  0.73723
40.250 -42.750  0.76572
40.250 -42.250  0.79596
40.250 -41.750  0.82812
40.250 -41.250  0.86237
40.250 -40.750  0.89892
40.250 -40.250  0.93800
40.250 -39.750  0.97987
40.250 -39.250  1.02483
40.250 -38.750  1.07322
40.250 -38.250  1.12545
40.250 -37.750  1.18196
40.250 -37.250  1.24330
40.250 -36.750  1.31008
40.250 -36.250  1.38304
40.250 -35.750  1.46305
40.250 -35.250  1.55114
40.250 -34.750  1.64857
40.250 -34.250  1.75682
40.250 -33.750  1.87774
40.250 -33.250  2.01360
40.250 -32.750  2.16719
40.250 -32.250  2.34206
40.250 -31.750  2.54268
40.250 -31.250  2.77484
40.250 -30.750  3.04607
40.250 -30.250  3.36637
40.250 -29.750  3.74920
40.250 -29.250  4.21305
40.250 -28.750  4.78382
40.250 -28.250  5.49861
40.250 -27.750  6.41191
40.250 -27.250  7.60575
40.250 -26.750  9.20705
40.250 -26.250 11.41672
40.250 -25.750 14.55733
40.250 -25.250 19.13941
40.250 -24.750 25.90032
40.250 -24.250 35.59407
40.250 -23.750 48.06329
40.250 -23.250 60.96554
40.250 -22.750 70.59205
40.250 -22.250 74.56788
40.250 -21.750 72.75429
40.250 -21.250 64.82931
40.250 -20.750 42.51135
40.250 -20.250 25.43030
40.250 -19.750 24.13155
40.250 -19.250 25.35445
40.250 -18.750 25.62306
40.250 -18.250 25.33280
40.250 -17.750 24.66765
40.250 -17.250 23.75519
40.250 -16.750 22.69365
40.250 -16.250 21.55763
40.250 -15.750 20.40322
40.250 -15.250 19.27216
40.250 -14.750 18.19495
40.250 -14.250 17.19325
40.250 -13.750 16.28174
40.250 -13.250 15.46961
40.250 -12.750 14.76165
40.250 -12.250 14.15924
40.250 -11.750 13.66102
40.250 -11.250 13.26352
40.250 -10.750 12.96164
40.250 -10.250 12.74906
40.250 -9.750 12.61851
40.250 -9.250 12.56213
40.250 -8.750 12.57161
40.250 -8.250 12.63842
40.250 -7.750 12.75396
40.250 -7.250 12.90969
40.250 -6.750 13.09722
40.250 -6.250 13.30845
40.250 -5.750 13.53560
40.250 -5.250 13.77129
40.250 -4.750 14.00861
40.250 -4.250 14.24115
40.250 -3.750 14.46305
40.250 -3.250 14.66904
40.250 -2.750 14.85443
40.250 -2.250 15.01518
40.250 -1.750 15.14789
40.250 -1.250 15.24983
40.250 -0.750 15.31895
40.250 -0.250 15.35385
40.250 0.250 15.35385
40.250 0.750 15.31895
40.250 1.250 15.24983
40.250 1.750 15.14789
40.250 2.250 15.01518
40.250 2.750 14.85443
40.250 3.250 14.66904
40.250 3.750 14.46305
40.250 4.250 14.24115
40.250 4.750 14.00861
40.250 5.250 13.77129
40.250 5.750 13.53560
40.250 6.250 13.30845
40.250 6.750 13.09722
40.250 7.250 12.90969
40.250 7.750 12.75396
40.250 8.250 12.63842
40.250 8.750 12.57161
40.250 9.250 12.56213
40.250 9.750 12.61851
40.250 10.250 12.74906
40.250 10.750 12.96164
40.250 11.250 13.26352
40.250 11.750 13.66102
40.250 12.250 14.15924
40.250 12.750 14.76165
40.250 13.250 15.46961
40.250 13.750 16.28174
40.250 14.250 17.19325
40.250 14.750 18.19495
40.250 15.250 19.27216
40.250 15.750 20.40322
40.250 16.250 21.55763
40.250 16.750 22.69365
40.250 17.250 23.75519
40.250 17.750 24.66765
40.250 18.250 25.33280
40.250 18.750 25.62306
40.250 19.250 25.35445
40.250 19.750 24.13155
40.250 20.250 25.43030
40.250 20.750 42.51135
40.250 21.250 64.82931
40.250 21.750 72.75429
40.250 22.250 74.56788
40.250 22.750 70.59205
40.250 23.250 60.96554
40.250 23.750 48.06329
40.250 24.250 35.59407
40.250 24.750 25.90032
40.250 25.250 19.13941
40.250 25.750 14.55733
40.250 26.250 11.41672
40.250 26.750  9.20705
40.250 27.250  7.60575
40.250 27.750  6.41191
40.250 28.250  5.49861
40.250 28.750  4.78382
40.250 29.250  4.21305
40.250 29.750  3.74920
40.250 30.250  3.36637
40.250 30.750  3.04607
40.250 31.250  2.77484
40.250 31.750  2.54268
40.250 32.250  2.34206
40.250 32.750  2.16719
40.250 33.250  2.01360
40.250 33.750  1.87774
40.250 34.250  1.75682
40.250 34.750  1.64857
40.250 35.250  1.55114
40.250 35.750  1.46305
40.250 36.250  1.38304
40.250 36.750  1.31008
40.250 37.250  1.24330
40.250 37.750  1.18196
40.250 38.250  1.12545
40.250 38.750  1.07322
40.250 39.250  1.02483
40.250 39.750  0.97987
40.250 40.250  0.93800
40.250 40.750  0.89892
40.250 41.250  0.86237
40.250 41.750  0.82812
40.250 42.250  0.79596
40.250 42.750  0.76572
40.250 43.250  0.73723
40.250 43.750  0.71036
40.250 44.250  0.68497
40.250 44.750  0.66095
40.750 -44.750  0.71666
40.750 -44.250  0.74406
40.750 -43.750  0.77310
40.750 -43.250  0.80393
40.750 -42.750  0.83671
40.750 -42.250  0.87162
40.750 -41.750  0.90886
40.750 -41.250  0.94866
40.750 -40.750  0.99129
40.750 -40.250  1.03702
40.750 -39.750  1.08619
40.750 -39.250  1.13920
40.750 -38.750  1.19647
40.750 -38.250  1.25851
40.750 -37.750  1.32591
40.750 -37.250  1.39935
40.750 -36.750  1.47963
40.750 -36.250  1.56770
40.750 -35.750  1.66467
40.750 -35.250  1.77188
40.750 -34.750  1.89090
40.750 -34.250  2.02369
40.750 -33.750  2.17257
40.750 -33.250  2.34044
40.750 -32.750  2.53086
40.750 -32.250  2.74829
40.750 -31.750  2.99837
40.750 -31.250  3.28828
40.750 -30.750  3.62732
40.750 -30.250  4.02766
40.750 -29.750  4.50542
40.750 -29.250  5.08231
40.750 -28.750  5.78799
40.750 -28.250  6.66359
40.750 -27.750  7.76704
40.750 -27.250  9.18092
40.750 -26.750 11.02387
40.750 -26.250 13.46573
40.750 -25.750 16.74286
40.750 -25.250 21.15778
40.750 -24.750 27.01651
40.750 -24.250 34.41621
40.750 -23.750 42.85439
40.750 -23.250 50.97334
40.750 -22.750 56.98178
40.750 -22.250 59.54526
40.750 -21.750 58.25969
40.750 -21.250 53.49630
40.750 -20.750 46.01196
40.750 -20.250 36.16567
40.750 -19.750 28.34349
40.750 -19.250 30.34790
40.750 -18.750 32.09279
40.750 -18.250 31.15725
40.750 -17.750 29.50827
40.750 -17.250 27.75897
40.750 -16.750 25.99702
40.750 -16.250 24.27111
40.750 -15.750 22.61973
40.750 -15.250 21.07098
40.750 -14.750 19.64418
40.750 -14.250 18.35167
40.750 -13.750 17.20026
40.750 -13.250 16.19238
40.750 -12.750 15.32700
40.750 -12.250 14.60040
40.750 -11.750 14.00679
40.750 -11.250 13.53875
40.750 -10.750 13.18770
40.750 -10.250 12.94419
40.750 -9.750 12.79820
40.750 -9.250 12.73937
40.750 -8.750 12.75715
40.750 -8.250 12.84101
40.750 -7.750 12.98054
40.750 -7.250 13.16558
40.750 -6.750 13.38628
40.750 -6.250 13.63323
40.750 -5.750 13.89745
40.750 -5.250 14.17054
40.750 -4.750 14.44463
40.750 -4.250 14.71251
40.750 -3.750 14.96756
40.750 -3.250 15.20389
40.750 -2.750 15.41627
40.750 -2.250 15.60020
40.750 -1.750 15.75190
40.750 -1.250 15.86835
40.750 -0.750 15.94725
40.750 -0.250 15.98708
40.750 0.250 15.98708
40.750 0.750 15.94725
40.750 1.250 15.86835
40.750 1.750 15.75190
40.750 2.250 15.60020
40.750 2.750 15.41627
40.750 3.250 15.20389
40.750 3.750 14.96756
40.750 4.250 14.71251
40.750 4.750 14.44463
40.750 5.250 14.17054
40.750 5.750 13.89745
40.750 6.250 13.63323
40.750 6.750 13.38628
40.750 7.250 13.16558
40.750 7.750 12.98054
40.750 8.250 12.84101
40.750 8.750 12.75715
40.750 9.250 12.73937
40.750 9.750 12.79820
40.750 10.250 12.94419
40.750 10.750 13.18770
40.750 11.250 13.53875
40.750 11.750 14.00679
40.750 12.250 14.60040
40.750 12.750 15.32700
40.750 13.250 16.19238
40.750 13.750 17.20026
40.750 14.250 18.35167
40.750 14.750 19.64418
40.750 15.250 21.07098
40.750 15.750 22.61973
40.750 16.250 24.27111
40.750 16.750 25.99702
40.750 17.250 27.75897
40.750 17.750 29.50827
40.750 18.250 31.15725
40.750 18.750 32.09279
40.750 19.250 30.34790
40.750 19.750 28.34349
40.750 20.250 36.16567
40.750 20.750 46.01196
40.750 21.250 53.49630
40.750 21.750 58.25969
40.750 22.250 59.54526
40.750 22.750 56.98178
40.750 23.250 50.97334
40.750 23.750 42.85439
40.750 24.250 34.41621
40.750 24.750 27.01651
40.750 25.250 21.15778
40.750 25.750 16.74286
40.750 26.250 13.46573
40.750 26.750 11.02387
40.750 27.250  9.18092
40.750 27.750  7.76704
40.750 28.250  6.66359
40.750 28.750  5.78799
40.750 29.250  5.08231
40.750 29.750  4.50542
40.750 30.250  4.02766
40.750 30.750  3.62732
40.750 31.250  3.28828
40.750 31.750  2.99837
40.750 32.250  2.74829
40.750 32.750  2.53086
40.750 33.250  2.34044
40.750 33.750  2.17257
40.750 34.250  2.02369
40.750 34.750  1.89090
40.750 35.250  1.77188
40.750 35.750  1.66467
40.750 36.250  1.56770
40.750 36.750  1.47963
40.750 37.250  1.39935
40.750 37.750  1.32591
40.750 38.250  1.25851
40.750 38.750  1.19647
40.750 39.250  1.13920
40.750 39.750  1.08619
40.750 40.250  1.03702
40.750 40.750  0.99129
40.750 41.250  0.94866
40.750 41.750  0.90886
40.750 42.250  0.87162
40.750 42.750  0.83671
40.750 43.250  0.80393
40.750 43.750  0.77310
40.750 44.250  0.74406
40.750 44.750  0.71666
41.250 -44.750  0.77086
41.250 -44.250  0.80150
41.250 -43.750  0.83404
41.250 -43.250  0.86867
41.250 -42.750  0.90557
41.250 -42.250  0.94495
41.250 -41.750  0.98705
41.250 -41.250  1.03215
41.250 -40.750  1.08055
41.250 -40.250  1.13260
41.250 -39.750  1.18871
41.250 -39.250  1.24931
41.250 -38.750  1.31495
41.250 -38.250  1.38622
41.250 -37.750  1.46383
41.250 -37.250  1.54858
41.250 -36.750  1.64143
41.250 -36.250  1.74350
41.250 -35.750  1.85611
41.250 -35.250  1.98083
41.250 -34.750  2.11956
41.250 -34.250  2.27454
41.250 -33.750  2.44853
41.250 -33.250  2.64488
41.250 -32.750  2.86771
41.250 -32.250  3.12214
41.250 -31.750  3.41456
41.250 -31.250  3.75306
41.250 -30.750  4.14793
41.250 -30.250  4.61243
41.250 -29.750  5.16379
41.250 -29.250  5.82464
41.250 -28.750  6.62496
41.250 -28.250  7.60475
41.250 -27.750  8.81765
41.250 -27.250 10.33548
41.250 -26.750 12.25315
41.250 -26.250 14.69195
41.250 -25.750 17.79534
41.250 -25.250 21.70433
41.250 -24.750 26.49087
41.250 -24.250 32.03353
41.250 -23.750 37.87339
41.250 -23.250 43.18555
41.250 -22.750 46.99279
41.250 -22.250 48.52258
41.250 -21.750 47.44331
41.250 -21.250 43.86411
41.250 -20.750 38.19470
41.250 -20.250 30.99190
41.250 -19.750 22.78670
41.250 -19.250 13.89546
41.250 -18.750 13.56501
41.250 -18.250 28.07703
41.250 -17.750 32.95936
41.250 -17.250 31.73358
41.250 -16.750 29.27531
41.250 -16.250 26.91051
41.250 -15.750 24.73234
41.250 -15.250 22.74670
41.250 -14.750 20.95820
41.250 -14.250 19.36827
41.250 -13.750 17.97468
41.250 -13.250 16.77219
41.250 -12.750 15.75321
41.250 -12.250 14.90832
41.250 -11.750 14.22679
41.250 -11.250 13.69685
41.250 -10.750 13.30611
41.250 -10.250 13.04174
41.250 -9.750 12.89072
41.250 -9.250 12.83999
41.250 -8.750 12.87663
41.250 -8.250 12.98796
41.250 -7.750 13.16168
41.250 -7.250 13.38587
41.250 -6.750 13.64919
41.250 -6.250 13.94080
41.250 -5.750 14.25054
41.250 -5.250 14.56888
41.250 -4.750 14.88700
41.250 -4.250 15.19679
41.250 -3.750 15.49092
41.250 -3.250 15.76281
41.250 -2.750 16.00669
41.250 -2.250 16.21758
41.250 -1.750 16.39130
41.250 -1.250 16.52453
41.250 -0.750 16.61474
41.250 -0.250 16.66027
41.250 0.250 16.66027
41.250 0.750 16.61474
41.250 1.250 16.52453
41.250 1.750 16.39130
41.250 2.250 16.21758
41.250 2.750 16.00669
41.250 3.250 15.76281
41.250 3.750 15.49092
41.250 4.250 15.19679
41.250 4.750 14.88700
41.250 5.250 14.56888
41.250 5.750 14.25054
41.250 6.250 13.94080
41.250 6.750 13.64919
41.250 7.250 13.38587
41.250 7.750 13.16168
41.250 8.250 12.98796
41.250 8.750 12.87663
41.250 9.250 12.83999
41.250 9.750 12.89072
41.250 10.250 13.04174
41.250 10.750 13.30611
41.250 11.250 13.69685
41.250 11.750 14.22679
41.250 12.250 14.90832
41.250 12.750 15.75321
41.250 13.250 16.77219
41.250 13.750 17.97468
41.250 14.250 19.36827
41.250 14.750 20.95820
41.250 15.250 22.74670
41.250 15.750 24.73234
41.250 16.250 26.91051
41.250 16.750 29.27531
41.250 17.250 31.73358
41.250 17.750 32.95936
41.250 18.250 28.07703
41.250 18.750 13.56501
41.250 19.250 13.89546
41.250 19.750 22.78670
41.250 20.250 30.99190
41.250 20.750 38.19470
41.250 21.250 43.86411
41.250 21.750 47.44331
41.250 22.250 48.52258
41.250 22.750 46.99279
41.250 23.250 43.18555
41.250 23.750 37.87339
41.250 24.250 32.03353
41.250 24.750 26.49087
41.250 25.250 21.70433
41.250 25.750 17.79534
41.250 26.250 14.69195
41.250 26.750 12.25315
41.250 27.250 10.33548
41.250 27.750  8.81765
41.250 28.250  7.60475
41.250 28.750  6.62496
41.250 29.250  5.82464
41.250 29.750  5.16379
41.250 30.250  4.61243
41.250 30.750  4.14793
41.250 31.250  3.75306
41.250 31.750  3.41456
41.250 32.250  3.12214
41.250 32.750  2.86771
41.250 33.250  2.64488
41.250 33.750  2.44853
41.250 34.250  2.27454
41.250 34.750  2.11956
41.250 35.250  1.98083
41.250 35.750  1.85611
41.250 36.250  1.74350
41.250 36.750  1.64143
41.250 37.250  1.54858
41.250 37.750  1.46383
41.250 38.250  1.38622
41.250 38.750  1.31495
41.250 39.250  1.24931
41.250 39.750  1.18871
41.250 40.250  1.13260
41.250 40.750  1.08055
41.250 41.250  1.03215
41.250 41.750  0.98705
41.250 42.250  0.94495
41.250 42.750  0.90557
41.250 43.250  0.86867
41.250 43.750  0.83404
41.250 44.250  0.80150
41.250 44.750  0.77086
41.750 -44.750  0.82330
41.750 -44.250  0.85703
41.750 -43.750  0.89292
41.750 -43.250  0.93115
41.750 -42.750  0.97195
41.750 -42.250  1.01556
41.750 -41.750  1.06225
41.750 -41.250  1.11234
41.750 -40.750  1.16617
41.750 -40.250  1.22415
41.750 -39.750  1.28672
41.750 -39.250  1.35442
41.750 -38.750  1.42782
41.750 -38.250  1.50763
41.750 -37.750  1.59462
41.750 -37.250  1.68974
41.750 -36.750  1.79404
41.750 -36.250  1.90879
41.750 -35.750  2.03548
41.750 -35.250  2.17586
41.750 -34.750  2.33203
41.750 -34.250  2.50649
41.750 -33.750  2.70226
41.750 -33.250  2.92301
41.750 -32.750  3.17318
41.750 -32.250  3.45827
41.750 -31.750  3.78504
41.750 -31.250  4.16195
41.750 -30.750  4.59955
41.750 -30.250  5.11122
41.750 -29.750  5.71388
41.750 -29.250  6.42916
41.750 -28.750  7.28469
41.750 -28.250  8.31579
41.750 -27.750  9.56722
41.750 -27.250 11.09478
41.750 -26.750 12.96551
41.750 -26.250 15.25431
41.750 -25.750 18.03257
41.750 -25.250 21.34227
41.750 -24.750 25.14987
41.750 -24.250 29.28441
41.750 -23.750 33.38949
41.750 -23.250 36.94136
41.750 -22.750 39.36261
41.750 -22.250 40.18617
41.750 -21.750 39.17699
41.750 -21.250 36.35795
41.750 -20.750 31.95896
41.750 -20.250 26.33755
41.750 -19.750 19.90656
41.750 -19.250 13.07831
41.750 -18.750  6.17199
41.750 -18.250 -0.68155
41.750 -17.750 -1.77611
41.750 -17.250 18.61099
41.750 -16.750 28.50817
41.750 -16.250 29.11006
41.750 -15.750 26.67361
41.750 -15.250 24.23166
41.750 -14.750 22.07390
41.750 -14.250 20.18808
41.750 -13.750 18.55761
41.750 -13.250 17.16820
41.750 -12.750 16.00509
41.750 -12.250 15.05274
41.750 -11.750 14.29507
41.750 -11.250 13.71570
41.750 -10.750 13.29813
41.750 -10.250 13.02595
41.750 -9.750 12.88296
41.750 -9.250 12.85327
41.750 -8.750 12.92147
41.750 -8.250 13.07262
41.750 -7.750 13.29241
41.750 -7.250 13.56715
41.750 -6.750 13.88388
41.750 -6.250 14.23037
41.750 -5.750 14.59515
41.750 -5.250 14.96757
41.750 -4.750 15.33780
41.750 -4.250 15.69686
41.750 -3.750 16.03664
41.750 -3.250 16.34989
41.750 -2.750 16.63024
41.750 -2.250 16.87225
41.750 -1.750 17.07134
41.750 -1.250 17.22386
41.750 -0.750 17.32707
41.750 -0.250 17.37913
41.750 0.250 17.37913
41.750 0.750 17.32707
41.750 1.250 17.22386
41.750 1.750 17.07134
41.750 2.250 16.87225
41.750 2.750 16.63024
41.750 3.250 16.34989
41.750 3.750 16.03664
41.750 4.250 15.69686
41.750 4.750 15.33780
41.750 5.250 14.96757
41.750 5.750 14.59515
41.750 6.250 14.23037
41.750 6.750 13.88388
41.750 7.250 13.56715
41.750 7.750 13.29241
41.750 8.250 13.07262
41.750 8.750 12.92147
41.750 9.250 12.85327
41.750 9.750 12.88296
41.750 10.250 13.02595
41.750 10.750 13.29813
41.750 11.250 13.71570
41.750 11.750 14.29507
41.750 12.250 15.05274
41.750 12.750 16.00509
41.750 13.250 17.16820
41.750 13.750 18.55761
41.750 14.250 20.18808
41.750 14.750 22.07390
41.750 15.250 24.23166
41.750 15.750 26.67361
41.750 16.250 29.11006
41.750 16.750 28.50817
41.750 17.250 18.61099
41.750 17.750 -1.77611
41.750 18.250 -0.68155
41.750 18.750  6.17199
41.750 19.250 13.07831
41.750 19.750 19.90656
41.750 20.250 26.33755
41.750 20.750 31.95896
41.750 21.250 36.35795
41.750 21.750 39.17699
41.750 22.250 40.18617
41.750 22.750 39.36261
41.750 23.250 36.94136
41.750 23.750 33.38949
41.750 24.250 29.28441
41.750 24.750 25.14987
41.750 25.250 21.34227
41.750 25.750 18.03257
41.750 26.250 15.25431
41.750 26.750 12.96551
41.750 27.250 11.09478
41.750 27.750  9.56722
41.750 28.250  8.31579
41.750 28.750  7.28469
41.750 29.250  6.42916
41.750 29.750  5.71388
41.750 30.250  5.11122
41.750 30.750  4.59955
41.750 31.250  4.16195
41.750 31.750  3.78504
41.750 32.250  3.45827
41.750 32.750  3.17318
41.750 33.250  2.92301
41.750 33.750  2.70226
41.750 34.250  2.50649
41.750 34.750  2.33203
41.750 35.250  2.17586
41.750 35.750  2.03548
41.750 36.250  1.90879
41.750 36.750  1.79404
41.750 37.250  1.68974
41.750 37.750  1.59462
41.750 38.250  1.50763
41.750 38.750  1.42782
41.750 39.250  1.35442
41.750 39.750  1.28672
41.750 40.250  1.22415
41.750 40.750  1.16617
41.750 41.250  1.11234
41.750 41.750  1.06225
41.750 42.250  1.01556
41.750 42.750  0.97195
41.750 43.250  0.93115
41.750 43.750  0.89292
41.750 44.250  0.85703
41.750 44.750  0.82330
42.250 -44.750  0.87376
42.250 -44.250  0.91042
42.250 -43.750  0.94945
42.250 -43.250  0.99107
42.250 -42.750  1.03553
42.250 -42.250  1.08309
42.250 -41.750  1.13406
42.250 -41.250  1.18879
42.250 -40.750  1.24766
42.250 -40.250  1.31111
42.250 -39.750  1.37964
42.250 -39.250  1.45382
42.250 -38.750  1.53431
42.250 -38.250  1.62186
42.250 -37.750  1.71733
42.250 -37.250  1.82173
42.250 -36.750  1.93623
42.250 -36.250  2.06219
42.250 -35.750  2.20121
42.250 -35.250  2.35517
42.250 -34.750  2.52629
42.250 -34.250  2.71723
42.250 -33.750  2.93116
42.250 -33.250  3.17186
42.250 -32.750  3.44395
42.250 -32.250  3.75298
42.250 -31.750  4.10575
42.250 -31.250  4.51059
42.250 -30.750  4.97772
42.250 -30.250  5.51978
42.250 -29.750  6.15235
42.250 -29.250  6.89469
42.250 -28.750  7.77045
42.250 -28.250  8.80836
42.250 -27.750 10.04262
42.250 -27.250 11.51241
42.250 -26.750 13.25961
42.250 -26.250 15.32294
42.250 -25.750 17.72632
42.250 -25.250 20.45918
42.250 -24.750 23.44913
42.250 -24.250 26.53374
42.250 -23.750 29.44811
42.250 -23.250 31.84765
42.250 -22.750 33.37187
42.250 -22.250 33.72779
42.250 -21.750 32.75571
42.250 -21.250 30.45261
42.250 -20.750 26.95468
42.250 -20.250 22.49720
42.250 -19.750 17.37005
42.250 -19.250 11.87977
42.250 -18.750  6.32165
42.250 -18.250  0.95852
42.250 -17.750 -4.02175
42.250 -17.250 -8.55537
42.250 -16.750 -10.85820
42.250 -16.250  2.15789
42.250 -15.750 18.22371
42.250 -15.250 24.17434
42.250 -14.750 22.92854
42.250 -14.250 20.77727
42.250 -13.750 18.90399
42.250 -13.250 17.33826
42.250 -12.750 16.04613
42.250 -12.250 15.00241
42.250 -11.750 14.18504
42.250 -11.250 13.57274
42.250 -10.750 13.14479
42.250 -10.250 12.88103
42.250 -9.750 12.76196
42.250 -9.250 12.76878
42.250 -8.750 12.88345
42.250 -8.250 13.08875
42.250 -7.750 13.36829
42.250 -7.250 13.70657
42.250 -6.750 14.08896
42.250 -6.250 14.50177
42.250 -5.750 14.93225
42.250 -5.250 15.36859
42.250 -4.750 15.79992
42.250 -4.250 16.21637
42.250 -3.750 16.60904
42.250 -3.250 16.97000
42.250 -2.750 17.29230
42.250 -2.250 17.56998
42.250 -1.750 17.79810
42.250 -1.250 17.97266
42.250 -0.750 18.09069
42.250 -0.250 18.15020
42.250 0.250 18.15020
42.250 0.750 18.09069
42.250 1.250 17.97266
42.250 1.750 17.79810
42.250 2.250 17.56998
42.250 2.750 17.29230
42.250 3.250 16.97000
42.250 3.750 16.60904
42.250 4.250 16.21637
42.250 4.750 15.79992
42.250 5.250 15.36859
42.250 5.750 14.93225
42.250 6.250 14.50177
42.250 6.750 14.08896
42.250 7.250 13.70657
42.250 7.750 13.36829
42.250 8.250 13.08875
42.250 8.750 12.88345
42.250 9.250 12.76878
42.250 9.750 12.76196
42.250 10.250 12.88103
42.250 10.750 13.14479
42.250 11.250 13.57274
42.250 11.750 14.18504
42.250 12.250 15.00241
42.250 12.750 16.04613
42.250 13.250 17.33826
42.250 13.750 18.90399
42.250 14.250 20.77727
42.250 14.750 22.92854
42.250 15.250 24.17434
42.250 15.750 18.22371
42.250 16.250  2.15789
42.250 16.750 -10.85820
42.250 17.250 -8.55537
42.250 17.750 -4.02175
42.250 18.250  0.95852
42.250 18.750  6.32165
42.250 19.250 11.87977
42.250 19.750 17.37005
42.250 20.250 22.49720
42.250 20.750 26.95468
42.250 21.250 30.45261
42.250 21.750 32.75571
42.250 22.250 33.72779
42.250 22.750 33.37187
42.250 23.250 31.84765
42.250 23.750 29.44811
42.250 24.250 26.53374
42.250 24.750 23.44913
42.250 25.250 20.45918
42.250 25.750 17.72632
42.250 26.250 15.32294
42.250 26.750 13.25961
42.250 27.250 11.51241
42.250 27.750 10.04262
42.250 28.250  8.80836
42.250 28.750  7.77045
42.250 29.250  6.89469
42.250 29.750  6.15235
42.250 30.250  5.51978
42.250 30.750  4.97772
42.250 31.250  4.51059
42.250 31.750  4.10575
42.250 32.250  3.75298
42.250 32.750  3.44395
42.250 33.250  3.17186
42.250 33.750  2.93116
42.250 34.250  2.71723
42.250 34.750  2.52629
42.250 35.250  2.35517
42.250 35.750  2.20121
42.250 36.250  2.06219
42.250 36.750  1.93623
42.250 37.250  1.82173
42.250 37.750  1.71733
42.250 38.250  1.62186
42.250 38.750  1.53431
42.250 39.250  1.45382
42.250 39.750  1.37964
42.250 40.250  1.31111
42.250 40.750  1.24766
42.250 41.250  1.18879
42.250 41.750  1.13406
42.250 42.250  1.08309
42.250 42.750  1.03553
42.250 43.250  0.99107
42.250 43.750  0.94945
42.250 44.250  0.91042
42.250 44.750  0.87376
42.750 -44.750  0.92205
42.750 -44.250  0.96143
42.750 -43.750  1.00339
42.750 -43.250  1.04816
42.750 -42.750  1.09601
42.750 -42.250  1.14722
42.750 -41.750  1.20213
42.750 -41.250  1.26111
42.750 -40.750  1.32457
42.750 -40.250  1.39299
42.750 -39.750  1.46691
42.750 -39.250  1.54693
42.750 -38.750  1.63375
42.750 -38.250  1.72818
42.750 -37.750  1.83113
42.750 -37.250  1.94367
42.750 -36.750  2.06701
42.750 -36.250  2.20259
42.750 -35.750  2.35206
42.750 -35.250  2.51738
42.750 -34.750  2.70082
42.750 -34.250  2.90510
42.750 -33.750  3.13339
42.750 -33.250  3.38951
42.750 -32.750  3.67797
42.750 -32.250  4.00420
42.750 -31.750  4.37472
42.750 -31.250  4.79733
42.750 -30.750  5.28146
42.750 -30.250  5.83842
42.750 -29.750  6.48178
42.750 -29.250  7.22767
42.750 -28.750  8.09500
42.750 -28.250  9.10547
42.750 -27.750 10.28302
42.750 -27.250 11.65227
42.750 -26.750 13.23536
42.750 -26.250 15.04603
42.750 -25.750 17.08035
42.750 -25.250 19.30362
42.750 -24.750 21.63557
42.750 -24.250 23.93871
42.750 -23.750 26.01829
42.750 -23.250 27.64108
42.750 -22.750 28.57297
42.750 -22.250 28.62473
42.750 -21.750 27.68929
42.750 -21.250 25.75869
42.750 -20.750 22.91882
42.750 -20.250 19.32897
42.750 -19.750 15.19507
42.750 -19.250 10.74377
42.750 -18.750  6.20098
42.750 -18.250  1.77593
42.750 -17.750 -2.34950
42.750 -17.250 -6.02854
42.750 -16.750 -9.16305
42.750 -16.250 -11.71577
42.750 -15.750 -13.31447
42.750 -15.250 -10.22152
42.750 -14.750  2.05019
42.750 -14.250 14.98868
42.750 -13.750 18.66071
42.750 -13.250 17.33399
42.750 -12.750 15.86817
42.750 -12.250 14.73048
42.750 -11.750 13.87040
42.750 -11.250 13.24550
42.750 -10.750 12.82734
42.750 -10.250 12.59154
42.750 -9.750 12.51520
42.750 -9.250 12.57655
42.750 -8.750 12.75494
42.750 -8.250 13.03078
42.750 -7.750 13.38560
42.750 -7.250 13.80202
42.750 -6.750 14.26377
42.750 -6.250 14.75568
42.750 -5.750 15.26367
42.750 -5.250 15.77476
42.750 -4.750 16.27708
42.750 -4.250 16.75983
42.750 -3.750 17.21332
42.750 -3.250 17.62893
42.750 -2.750 17.99912
42.750 -2.250 18.31746
42.750 -1.750 18.57857
42.750 -1.250 18.77815
42.750 -0.750 18.91300
42.750 -0.250 18.98096
42.750 0.250 18.98096
42.750 0.750 18.91300
42.750 1.250 18.77815
42.750 1.750 18.57857
42.750 2.250 18.31746
42.750 2.750 17.99912
42.750 3.250 17.62893
42.750 3.750 17.21332
42.750 4.250 16.75983
42.750 4.750 16.27708
42.750 5.250 15.77476
42.750 5.750 15.26367
42.750 6.250 14.75568
42.750 6.750 14.26377
42.750 7.250 13.80202
42.750 7.750 13.38560
42.750 8.250 13.03078
42.750 8.750 12.75494
42.750 9.250 12.57655
42.750 9.750 12.51520
42.750 10.250 12.59154
42.750 10.750 12.82734
42.750 11.250 13.24550
42.750 11.750 13.87040
42.750 12.250 14.73048
42.750 12.750 15.86817
42.750 13.250 17.33399
42.750 13.750 18.66071
42.750 14.250 14.98868
42.750 14.750  2.05019
42.750 15.250 -10.22152
42.750 15.750 -13.31447
42.750 16.250 -11.71577
42.750 16.750 -9.16305
42.750 17.250 -6.02854
42.750 17.750 -2.34950
42.750 18.250  1.77593
42.750 18.750  6.20098
42.750 19.250 10.74377
42.750 19.750 15.19507
42.750 20.250 19.32897
42.750 20.750 22.91882
42.750 21.250 25.75869
42.750 21.750 27.68929
42.750 22.250 28.62473
42.750 22.750 28.57297
42.750 23.250 27.64108
42.750 23.750 26.01829
42.750 24.250 23.93871
42.750 24.750 21.63557
42.750 25.250 19.30362
42.750 25.750 17.08035
42.750 26.250 15.04603
42.750 26.750 13.23536
42.750 27.250 11.65227
42.750 27.750 10.28302
42.750 28.250  9.10547
42.750 28.750  8.09500
42.750 29.250  7.22767
42.750 29.750  6.48178
42.750 30.250  5.83842
42.750 30.750  5.28146
42.750 31.250  4.79733
42.750 31.750  4.37472
42.750 32.250  4.00420
42.750 32.750  3.67797
42.750 33.250  3.38951
42.750 33.750  3.13339
42.750 34.250  2.90510
42.750 34.750  2.70082
42.750 35.250  2.51738
42.750 35.750  2.35206
42.750 36.250  2.20259
42.750 36.750  2.06701
42.750 37.250  1.94367
42.750 37.750  1.83113
42.750 38.250  1.72818
42.750 38.750  1.63375
42.750 39.250  1.54693
42.750 39.750  1.46691
42.750 40.250  1.39299
42.750 40.750  1.32457
42.750 41.250  1.26111
42.750 41.750  1.20213
42.750 42.250  1.14722
42.750 42.750  1.09601
42.750 43.250  1.04816
42.750 43.750  1.00339
42.750 44.250  0.96143
42.750 44.750  0.92205
43.250 -44.750  0.96797
43.250 -44.250  1.00987
43.250 -43.750  1.05452
43.250 -43.250  1.10218
43.250 -42.750  1.15312
43.250 -42.250  1.20766
43.250 -41.750  1.26614
43.250 -41.250  1.32895
43.250 -40.750  1.39654
43.250 -40.250  1.46940
43.250 -39.750  1.54809
43.250 -39.250  1.63325
43.250 -38.750  1.72562
43.250 -38.250  1.82601
43.250 -37.750  1.93538
43.250 -37.250  2.05482
43.250 -36.750  2.18559
43.250 -36.250  2.32913
43.250 -35.750  2.48712
43.250 -35.250  2.66153
43.250 -34.750  2.85461
43.250 -34.250  3.06904
43.250 -33.750  3.30793
43.250 -33.250  3.57495
43.250 -32.750  3.87440
43.250 -32.250  4.21137
43.250 -31.750  4.59184
43.250 -31.250  5.02287
43.250 -30.750  5.51273
43.250 -30.250  6.07110
43.250 -29.750  6.70917
43.250 -29.250  7.43968
43.250 -28.750  8.27680
43.250 -28.250  9.23567
43.250 -27.750 10.33136
43.250 -27.250 11.57702
43.250 -26.750 12.98068
43.250 -26.250 14.54042
43.250 -25.750 16.23774
43.250 -25.250 18.02955
43.250 -24.750 19.84072
43.250 -24.250 21.56023
43.250 -23.750 23.04485
43.250 -23.250 24.13314
43.250 -22.750 24.66855
43.250 -22.250 24.52603
43.250 -21.750 23.63412
43.250 -21.250 21.98642
43.250 -20.750 19.64069
43.250 -20.250 16.70812
43.250 -19.750 13.33721
43.250 -19.250  9.69638
43.250 -18.750  5.95826
43.250 -18.250  2.28695
43.250 -17.750 -1.17141
43.250 -17.250 -4.29491
43.250 -16.750 -6.98955
43.250 -16.250 -9.19114
43.250 -15.750 -10.86730
43.250 -15.250 -12.01692
43.250 -14.750 -12.60320
43.250 -14.250 -12.11425
43.250 -13.750 -8.82805
43.250 -13.250 -1.76127
43.250 -12.750 11.07813
43.250 -12.250 14.61596
43.250 -11.750 13.55801
43.250 -11.250 12.76523
43.250 -10.750 12.33570
43.250 -10.250 12.14313
43.250 -9.750 12.13061
43.250 -9.250 12.26732
43.250 -8.750 12.52910
43.250 -8.250 12.89400
43.250 -7.750 13.34148
43.250 -7.250 13.85232
43.250 -6.750 14.40860
43.250 -6.250 14.99368
43.250 -5.750 15.59215
43.250 -5.250 16.18989
43.250 -4.750 16.77399
43.250 -4.250 17.33274
43.250 -3.750 17.85566
43.250 -3.250 18.33345
43.250 -2.750 18.75799
43.250 -2.250 19.12235
43.250 -1.750 19.42074
43.250 -1.250 19.64857
43.250 -0.750 19.80237
43.250 -0.250 19.87984
43.250 0.250 19.87984
43.250 0.750 19.80237
43.250 1.250 19.64857
43.250 1.750 19.42074
43.250 2.250 19.12235
43.250 2.750 18.75799
43.250 3.250 18.33345
43.250 3.750 17.85566
43.250 4.250 17.33274
43.250 4.750 16.77399
43.250 5.250 16.18989
43.250 5.750 15.59215
43.250 6.250 14.99368
43.250 6.750 14.40860
43.250 7.250 13.85232
43.250 7.750 13.34148
43.250 8.250 12.89400
43.250 8.750 12.52910
43.250 9.250 12.26732
43.250 9.750 12.13061
43.250 10.250 12.14313
43.250 10.750 12.33570
43.250 11.250 12.76523
43.250 11.750 13.55801
43.250 12.250 14.61596
43.250 12.750 11.07813
43.250 13.250 -1.76127
43.250 13.750 -8.82805
43.250 14.250 -12.11425
43.250 14.750 -12.60320
43.250 15.250 -12.01692
43.250 15.750 -10.86730
43.250 16.250 -9.19114
43.250 16.750 -6.98955
43.250 17.250 -4.29491
43.250 17.750 -1.17141
43.250 18.250  2.28695
43.250 18.750  5.95826
43.250 19.250  9.69638
43.250 19.750 13.33721
43.250 20.250 16.70812
43.250 20.750 19.64069
43.250 21.250 21.98642
43.250 21.750 23.63412
43.250 22.250 24.52603
43.250 22.750 24.66855
43.250 23.250 24.13314
43.250 23.750 23.04485
43.250 24.250 21.56023
43.250 24.750 19.84072
43.250 25.250 18.02955
43.250 25.750 16.23774
43.250 26.250 14.54042
43.250 26.750 12.98068
43.250 27.250 11.57702
43.250 27.750 10.33136
43.250 28.250  9.23567
43.250 28.750  8.27680
43.250 29.250  7.43968
43.250 29.750  6.70917
43.250 30.250  6.07110
43.250 30.750  5.51273
43.250 31.250  5.02287
43.250 31.750  4.59184
43.250 32.250  4.21137
43.250 32.750  3.87440
43.250 33.250  3.57495
43.250 33.750  3.30793
43.250 34.250  3.06904
43.250 34.750  2.85461
43.250 35.250  2.66153
43.250 35.750  2.48712
43.250 36.250  2.32913
43.250 36.750  2.18559
43.250 37.250  2.05482
43.250 37.750  1.93538
43.250 38.250  1.82601
43.250 38.750  1.72562
43.250 39.250  1.63325
43.250 39.750  1.54809
43.250 40.250  1.46940
43.250 40.750  1.39654
43.250 41.250  1.32895
43.250 41.750  1.26614
43.250 42.250  1.20766
43.250 42.750  1.15312
43.250 43.250  1.10218
43.250 43.750  1.05452
43.250 44.250  1.00987
43.250 44.750  0.96797
43.750 -44.750  1.01136
43.750 -44.250  1.05555
43.750 -43.750  1.10265
43.750 -43.250  1.15292
43.750 -42.750  1.20665
43.750 -42.250  1.26416
43.750 -41.750  1.32582
43.750 -41.250  1.39203
43.750 -40.750  1.46325
43.750 -40.250  1.53998
43.750 -39.750  1.62281
43.750 -39.250  1.71240
43.750 -38.750  1.80947
43.750 -38.250  1.91488
43.750 -37.750  2.02959
43.750 -37.250  2.15469
43.750 -36.750  2.29143
43.750 -36.250  2.44126
43.750 -35.750  2.60583
43.750 -35.250  2.78705
43.750 -34.750  2.98713
43.750 -34.250  3.20861
43.750 -33.750  3.45446
43.750 -33.250  3.72809
43.750 -32.750  4.03347
43.750 -32.250  4.37521
43.750 -31.750  4.75861
43.750 -31.250  5.18980
43.750 -30.750  5.67575
43.750 -30.250  6.22435
43.750 -29.750  6.84435
43.750 -29.250  7.54525
43.750 -28.750  8.33687
43.750 -28.250  9.22875
43.750 -27.750 10.22893
43.750 -27.250 11.34215
43.750 -26.750 12.56718
43.750 -26.250 13.89315
43.750 -25.750 15.29520
43.750 -25.250 16.72990
43.750 -24.750 18.13187
43.750 -24.250 19.41333
43.750 -23.750 20.46844
43.750 -23.250 21.18345
43.750 -22.750 21.45132
43.750 -22.250 21.18794
43.750 -21.750 20.34572
43.750 -21.250 18.92122
43.750 -20.750 16.95562
43.750 -20.250 14.52889
43.750 -19.750 11.74988
43.750 -19.250  8.74474
43.750 -18.750  5.64565
43.750 -18.250  2.58092
43.750 -17.750 -0.33271
43.750 -17.250 -2.99571
43.750 -16.750 -5.32940
43.750 -16.250 -7.27784
43.750 -15.750 -8.80825
43.750 -15.250 -9.91045
43.750 -14.750 -10.59545
43.750 -14.250 -10.89301
43.750 -13.750 -10.84068
43.750 -13.250 -10.43991
43.750 -12.750 -9.57610
43.750 -12.250 -8.21951
43.750 -11.750 -7.01575
43.750 -11.250  4.34432
43.750 -10.750 14.71499
43.750 -10.250 12.38621
43.750 -9.750 11.76960
43.750 -9.250 11.85101
43.750 -8.750 12.19430
43.750 -8.250 12.66943
43.750 -7.750 13.23151
43.750 -7.250 13.85632
43.750 -6.750 14.52450
43.750 -6.250 15.21840
43.750 -5.750 15.92159
43.750 -5.250 16.61891
43.750 -4.750 17.29647
43.750 -4.250 17.94170
43.750 -3.750 18.54334
43.750 -3.250 19.09142
43.750 -2.750 19.57724
43.750 -2.250 19.99338
43.750 -1.750 20.33368
43.750 -1.250 20.59320
43.750 -0.750 20.76826
43.750 -0.250 20.85640
43.750 0.250 20.85640
43.750 0.750 20.76826
43.750 1.250 20.59320
43.750 1.750 20.33368
43.750 2.250 19.99338
43.750 2.750 19.57724
43.750 3.250 19.09142
43.750 3.750 18.54334
43.750 4.250 17.94170
43.750 4.750 17.29647
43.750 5.250 16.61891
43.750 5.750 15.92159
43.750 6.250 15.21840
43.750 6.750 14.52450
43.750 7.250 13.85632
43.750 7.750 13.23151
43.750 8.250 12.66943
43.750 8.750 12.19430
43.750 9.250 11.85101
43.750 9.750 11.76960
43.750 10.250 12.38621
43.750 10.750 14.71499
43.750 11.250  4.34432
43.750 11.750 -7.01575
43.750 12.250 -8.21951
43.750 12.750 -9.57610
43.750 13.250 -10.43991
43.750 13.750 -10.84068
43.750 14.250 -10.89301
43.750 14.750 -10.59545
43.750 15.250 -9.91045
43.750 15.750 -8.80825
43.750 16.250 -7.27784
43.750 16.750 -5.32940
43.750 17.250 -2.99571
43.750 17.750 -0.33271
43.750 18.250  2.58092
43.750 18.750  5.64565
43.750 19.250  8.74474
43.750 19.750 11.74988
43.750 20.250 14.52889
43.750 20.750 16.95562
43.750 21.250 18.92122
43.750 21.750 20.34572
43.750 22.250 21.18794
43.750 22.750 21.45132
43.750 23.250 21.18345
43.750 23.750 20.46844
43.750 24.250 19.41333
43.750 24.750 18.13187
43.750 25.250 16.72990
43.750 25.750 15.29520
43.750 26.250 13.89315
43.750 26.750 12.56718
43.750 27.250 11.34215
43.750 27.750 10.22893
43.750 28.250  9.22875
43.750 28.750  8.33687
43.750 29.250  7.54525
43.750 29.750  6.84435
43.750 30.250  6.22435
43.750 30.750  5.67575
43.750 31.250  5.18980
43.750 31.750  4.75861
43.750 32.250  4.37521
43.750 32.750  4.03347
43.750 33.250  3.72809
43.750 33.750  3.45446
43.750 34.250  3.20861
43.750 34.750  2.98713
43.750 35.250  2.78705
43.750 35.750  2.60583
43.750 36.250  2.44126
43.750 36.750  2.29143
43.750 37.250  2.15469
43.750 37.750  2.02959
43.750 38.250  1.91488
43.750 38.750  1.80947
43.750 39.250  1.71240
43.750 39.750  1.62281
43.750 40.250  1.53998
43.750 40.750  1.46325
43.750 41.250  1.39203
43.750 41.750  1.32582
43.750 42.250  1.26416
43.750 42.750  1.20665
43.750 43.250  1.15292
43.750 43.750  1.10265
43.750 44.250  1.05555
43.750 44.750  1.01136
44.250 -44.750  1.05208
44.250 -44.250  1.09833
44.250 -43.750  1.14762
44.250 -43.250  1.20021
44.250 -42.750  1.25640
44.250 -42.250  1.31653
44.250 -41.750  1.38096
44.250 -41.250  1.45011
44.250 -40.750  1.52444
44.250 -40.250  1.60448
44.250 -39.750  1.69080
44.250 -39.250  1.78406
44.250 -38.750  1.88501
44.250 -38.250  1.99449
44.250 -37.750  2.11343
44.250 -37.250  2.24294
44.250 -36.750  2.38423
44.250 -36.250  2.53870
44.250 -35.750  2.70794
44.250 -35.250  2.89379
44.250 -34.750  3.09831
44.250 -34.250  3.32390
44.250 -33.750  3.57329
44.250 -33.250  3.84957
44.250 -32.750  4.15630
44.250 -32.250  4.49751
44.250 -31.750  4.87776
44.250 -31.250  5.30213
44.250 -30.750  5.77627
44.250 -30.250  6.30631
44.250 -29.750  6.89872
44.250 -29.250  7.56005
44.250 -28.750  8.29646
44.250 -28.250  9.11300
44.250 -27.750 10.01249
44.250 -27.250 10.99391
44.250 -26.750 12.05041
44.250 -26.250 13.16668
44.250 -25.750 14.31626
44.250 -25.250 15.45911
44.250 -24.750 16.54037
44.250 -24.250 17.49129
44.250 -23.750 18.23323
44.250 -23.250 18.68481
44.250 -22.750 18.77159
44.250 -22.250 18.43625
44.250 -21.750 17.64722
44.250 -21.250 16.40372
44.250 -20.750 14.73655
44.250 -20.250 12.70480
44.250 -19.750 10.38962
44.250 -19.250  7.88638
44.250 -18.750  5.29668
44.250 -18.250  2.72085
44.250 -17.750  0.25184
44.250 -17.250 -2.02964
44.250 -16.750 -4.05836
44.250 -16.250 -5.78656
44.250 -15.750 -7.18473
44.250 -15.250 -8.24141
44.250 -14.750 -8.96211
44.250 -14.250 -9.36776
44.250 -13.750 -9.49252
44.250 -13.250 -9.38128
44.250 -12.750 -9.08627
44.250 -12.250 -8.66166
44.250 -11.750 -8.15776
44.250 -11.250 -7.63717
44.250 -10.750 -7.30062
44.250 -10.250 -7.96339
44.250 -9.750 -13.72866
44.250 -9.250  7.42418
44.250 -8.750 15.07056
44.250 -8.250 12.52461
44.250 -7.750 12.70344
44.250 -7.250 13.52711
44.250 -6.750 14.46003
44.250 -6.250 15.36933
44.250 -5.750 16.23737
44.250 -5.250 17.06652
44.250 -4.750 17.85585
44.250 -4.250 18.59943
44.250 -3.750 19.28869
44.250 -3.250 19.91440
44.250 -2.750 20.46777
44.250 -2.250 20.94102
44.250 -1.750 21.32755
44.250 -1.250 21.62206
44.250 -0.750 21.82061
44.250 -0.250 21.92054
44.250 0.250 21.92054
44.250 0.750 21.82061
44.250 1.250 21.62206
44.250 1.750 21.32755
44.250 2.250 20.94102
44.250 2.750 20.46777
44.250 3.250 19.91440
44.250 3.750 19.28869
44.250 4.250 18.59943
44.250 4.750 17.85585
44.250 5.250 17.06652
44.250 5.750 16.23737
44.250 6.250 15.36933
44.250 6.750 14.46003
44.250 7.250 13.52711
44.250 7.750 12.70344
44.250 8.250 12.52461
44.250 8.750 15.07056
44.250 9.250  7.42418
44.250 9.750 -13.72866
44.250 10.250 -7.96339
44.250 10.750 -7.30062
44.250 11.250 -7.63717
44.250 11.750 -8.15776
44.250 12.250 -8.66166
44.250 12.750 -9.08627
44.250 13.250 -9.38128
44.250 13.750 -9.49252
44.250 14.250 -9.36776
44.250 14.750 -8.96211
44.250 15.250 -8.24141
44.250 15.750 -7.18473
44.250 16.250 -5.78656
44.250 16.750 -4.05836
44.250 17.250 -2.02964
44.250 17.750  0.25184
44.250 18.250  2.72085
44.250 18.750  5.29668
44.250 19.250  7.88638
44.250 19.750 10.38962
44.250 20.250 12.70480
44.250 20.750 14.73655
44.250 21.250 16.40372
44.250 21.750 17.64722
44.250 22.250 18.43625
44.250 22.750 18.77159
44.250 23.250 18.68481
44.250 23.750 18.23323
44.250 24.250 17.49129
44.250 24.750 16.54037
44.250 25.250 15.45911
44.250 25.750 14.31626
44.250 26.250 13.16668
44.250 26.750 12.05041
44.250 27.250 10.99391
44.250 27.750 10.01249
44.250 28.250  9.11300
44.250 28.750  8.29646
44.250 29.250  7.56005
44.250 29.750  6.89872
44.250 30.250  6.30631
44.250 30.750  5.77627
44.250 31.250  5.30213
44.250 31.750  4.87776
44.250 32.250  4.49751
44.250 32.750  4.15630
44.250 33.250  3.84957
44.250 33.750  3.57329
44.250 34.250  3.32390
44.250 34.750  3.09831
44.250 35.250  2.89379
44.250 35.750  2.70794
44.250 36.250  2.53870
44.250 36.750  2.38423
44.250 37.250  2.24294
44.250 37.750  2.11343
44.250 38.250  1.99449
44.250 38.750  1.88501
44.250 39.250  1.78406
44.250 39.750  1.69080
44.250 40.250  1.60448
44.250 40.750  1.52444
44.250 41.250  1.45011
44.250 41.750  1.38096
44.250 42.250  1.31653
44.250 42.750  1.25640
44.250 43.250  1.20021
44.250 43.750  1.14762
44.250 44.250  1.09833
44.250 44.750  1.05208
44.750 -44.750  1.09001
44.750 -44.250  1.13808
44.750 -43.750  1.18928
44.750 -43.250  1.24390
44.750 -42.750  1.30222
44.750 -42.250  1.36459
44.750 -41.750  1.43139
44.750 -41.250  1.50302
44.750 -40.750  1.57995
44.750 -40.250  1.66271
44.750 -39.750  1.75186
44.750 -39.250  1.84806
44.750 -38.750  1.95204
44.750 -38.250  2.06463
44.750 -37.750  2.18675
44.750 -37.250  2.31943
44.750 -36.750  2.46387
44.750 -36.250  2.62139
44.750 -35.750  2.79349
44.750 -35.250  2.98188
44.750 -34.750  3.18849
44.750 -34.250  3.41547
44.750 -33.750  3.66529
44.750 -33.250  3.94068
44.750 -32.750  4.24474
44.750 -32.250  4.58088
44.750 -31.750  4.95286
44.750 -31.250  5.36477
44.750 -30.750  5.82095
44.750 -30.250  6.32592
44.750 -29.750  6.88411
44.750 -29.250  7.49958
44.750 -28.750  8.17557
44.750 -28.250  8.91370
44.750 -27.750  9.71313
44.750 -27.250 10.56920
44.750 -26.750 11.47200
44.750 -26.250 12.40460
44.750 -25.750 13.34151
44.750 -25.250 14.24750
44.750 -24.750 15.07745
44.750 -24.250 15.77773
44.750 -23.750 16.28949
44.750 -23.250 16.55387
44.750 -22.750 16.51836
44.750 -22.250 16.14353
44.750 -21.750 15.40857
44.750 -21.250 14.31467
44.750 -20.750 12.88576
44.750 -20.250 11.16654
44.750 -19.750  9.21842
44.750 -19.250  7.11426
44.750 -18.750  4.93254
44.750 -18.250  2.75191
44.750 -17.750  0.64623
44.750 -17.250 -1.31927
44.750 -16.750 -3.09090
44.750 -16.250 -4.62833
44.750 -15.750 -5.90556
44.750 -15.250 -6.91097
44.750 -14.750 -7.64670
44.750 -14.250 -8.12752
44.750 -13.750 -8.37920
44.750 -13.250 -8.43659
44.750 -12.750 -8.34151
44.750 -12.250 -8.14046
44.750 -11.750 -7.88235
44.750 -11.250 -7.61612
44.750 -10.750 -7.38870
44.750 -10.250 -7.24432
44.750 -9.750 -7.22923
44.750 -9.250 -7.40715
44.750 -8.750 -7.87383
44.750 -8.250 -8.66286
44.750 -7.750 -9.13059
44.750 -7.250 -6.93235
44.750 -6.750 -1.67953
44.750 -6.250  3.40318
44.750 -5.750  8.34490
44.750 -5.250 13.55219
44.750 -4.750 17.70674
44.750 -4.250 20.06215
44.750 -3.750 21.16319
44.750 -3.250 21.69109
44.750 -2.750 22.00976
44.750 -2.250 22.25703
44.750 -1.750 22.46856
44.750 -1.250 22.64269
44.750 -0.750 22.76786
44.750 -0.250 22.83342
44.750 0.250 22.83342
44.750 0.750 22.76786
44.750 1.250 22.64269
44.750 1.750 22.46856
44.750 2.250 22.25703
44.750 2.750 22.00976
44.750 3.250 21.69109
44.750 3.750 21.16319
44.750 4.250 20.06215
44.750 4.750 17.70674
44.750 5.250 13.55219
44.750 5.750  8.34490
44.750 6.250  3.40318
44.750 6.750 -1.67953
44.750 7.250 -6.93235
44.750 7.750 -9.13059
44.750 8.250 -8.66286
44.750 8.750 -7.87383
44.750 9.250 -7.40715
44.750 9.750 -7.22923
44.750 10.250 -7.24432
44.750 10.750 -7.38870
44.750 11.250 -7.61612
44.750 11.750 -7.88235
44.750 12.250 -8.14046
44.750 12.750 -8.34151
44.750 13.250 -8.43659
44.750 13.750 -8.37920
44.750 14.250 -8.12752
44.750 14.750 -7.64670
44.750 15.250 -6.91097
44.750 15.750 -5.90556
44.750 16.250 -4.62833
44.750 16.750 -3.09090
44.750 17.250 -1.31927
44.750 17.750  0.64623
44.750 18.250  2.75191
44.750 18.750  4.93254
44.750 19.250  7.11426
44.750 19.750  9.21842
44.750 20.250 11.16654
44.750 20.750 12.88576
44.750 21.250 14.31467
44.750 21.750 15.40857
44.750 22.250 16.14353
44.750 22.750 16.51836
44.750 23.250 16.55387
44.750 23.750 16.28949
44.750 24.250 15.77773
44.750 24.750 15.07745
44.750 25.250 14.24750
44.750 25.750 13.34151
44.750 26.250 12.40460
44.750 26.750 11.47200
44.750 27.250 10.56920
44.750 27.750  9.71313
44.750 28.250  8.91370
44.750 28.750  8.17557
44.750 29.250  7.49958
44.750 29.750  6.88411
44.750 30.250  6.32592
44.750 30.750  5.82095
44.750 31.250  5.36477
44.750 31.750  4.95286
44.750 32.250  4.58088
44.750 32.750  4.24474
44.750 33.250  3.94068
44.750 33.750  3.66529
44.750 34.250  3.41547
44.750 34.750  3.18849
44.750 35.250  2.98188
44.750 35.750  2.79349
44.750 36.250  2.62139
44.750 36.750  2.46387
44.750 37.250  2.31943
44.750 37.750  2.18675
44.750 38.250  2.06463
44.750 38.750  1.95204
44.750 39.250  1.84806
44.750 39.750  1.75186
44.750 40.250  1.66271
44.750 40.750  1.57995
44.750 41.250  1.50302
44.750 41.750  1.43139
44.750 42.250  1.36459
44.750 42.750  1.30222
44.750 43.250  1.24390
44.750 43.750  1.18928
44.750 44.250  1.13808
44.750 44.750  1.09001
