-44.750 -44.750  0.65629
-44.750 -44.250  0.66369
-44.750 -43.750  0.67149
-44.750 -43.250  0.67971
-44.750 -42.750  0.68842
-44.750 -42.250  0.69765
-44.750 -41.750  0.70747
-44.750 -41.250  0.71793
-44.750 -40.750  0.72911
-44.750 -40.250  0.74108
-44.750 -39.750  0.75392
-44.750 -39.250  0.76774
-44.750 -38.750  0.78262
-44.750 -38.250  0.79870
-44.750 -37.750  0.81611
-44.750 -37.250  0.83500
-44.750 -36.750  0.85553
-44.750 -36.250  0.87790
-44.750 -35.750  0.90232
-44.750 -35.250  0.92904
-44.750 -34.750  0.95834
-44.750 -34.250  0.99051
-44.750 -33.750  1.02593
-44.750 -33.250  1.06497
-44.750 -32.750  1.10807
-44.750 -32.250  1.15573
-44.750 -31.750  1.20849
-44.750 -31.250  1.26692
-44.750 -30.750  1.33164
-44.750 -30.250  1.40331
-44.750 -29.750  1.48256
-44.750 -29.250  1.56996
-44.750 -28.750  1.66598
-44.750 -28.250  1.77086
-44.750 -27.750  1.88447
-44.750 -27.250  2.00617
-44.750 -26.750  2.13455
-44.750 -26.250  2.26720
-44.750 -25.750  2.40050
-44.750 -25.250  2.52945
-44.750 -24.750  2.64763
-44.750 -24.250  2.74742
-44.750 -23.750  2.82043
-44.750 -23.250  2.85829
-44.750 -22.750  2.85351
-44.750 -22.250  2.80046
-44.750 -21.750  2.69615
-44.750 -21.250  2.54072
-44.750 -20.750  2.33753
-44.750 -20.250  2.09290
-44.750 -19.750  1.81554
-44.750 -19.250  1.51576
-44.750 -18.750  1.20471
-44.750 -18.250  0.89355
-44.750 -17.750  0.59278
-44.750 -17.250  0.31169
-44.750 -16.750  0.05791
-44.750 -16.250 -0.16279
-44.750 -15.750 -0.34668
-44.750 -15.250 -0.49206
-44.750 -14.750 -0.59919
-44.750 -14.250 -0.67012
-44.750 -13.750 -0.70845
-44.750 -13.250 -0.71907
-44.750 -12.750 -0.70787
-44.750 -12.250 -0.68142
-44.750 -11.750 -0.64660
-44.750 -11.250 -0.61033
-44.750 -10.750 -0.57924
-44.750 -10.250 -0.55959
-44.750 -9.750 -0.55796
-44.750 -9.250 -0.58347
-44.750 -8.750 -0.64982
-44.750 -8.250 -0.76167
-44.750 -7.750 -0.82648
-44.750 -7.250 -0.50888
-44.750 -6.750  0.24431
-44.750 -6.250  0.97089
-44.750 -5.750  1.67562
-44.750 -5.250  2.41665
-44.750 -4.750  3.00644
-44.750 -4.250  3.33959
-44.750 -3.750  3.49436
-44.750 -3.250  3.56789
-44.750 -2.750  3.61195
-44.750 -2.250  3.64610
-44.750 -1.750  3.67540
-44.750 -1.250  3.69957
-44.750 -0.750  3.71699
-44.750 -0.250  3.72612
-44.750 0.250  3.72612
-44.750 0.750  3.71699
-44.750 1.250  3.69957
-44.750 1.750  3.67540
-44.750 2.250  3.64610
-44.750 2.750  3.61195
-44.750 3.250  3.56789
-44.750 3.750  3.49436
-44.750 4.250  3.33959
-44.750 4.750  3.00644
-44.750 5.250  2.41665
-44.750 5.750  1.67562
-44.750 6.250  0.97089
-44.750 6.750  0.24431
-44.750 7.250 -0.50888
-44.750 7.750 -0.82648
-44.750 8.250 -0.76167
-44.750 8.750 -0.64982
-44.750 9.250 -0.58347
-44.750 9.750 -0.55796
-44.750 10.250 -0.55959
-44.750 10.750 -0.57924
-44.750 11.250 -0.61033
-44.750 11.750 -0.64660
-44.750 12.250 -0.68142
-44.750 12.750 -0.70787
-44.750 13.250 -0.71907
-44.750 13.750 -0.70845
-44.750 14.250 -0.67012
-44.750 14.750 -0.59919
-44.750 15.250 -0.49206
-44.750 15.750 -0.34668
-44.750 16.250 -0.16279
-44.750 16.750  0.05791
-44.750 17.250  0.31169
-44.750 17.750  0.59278
-44.750 18.250  0.89355
-44.750 18.750  1.20471
-44.750 19.250  1.51576
-44.750 19.750  1.81554
-44.750 20.250  2.09290
-44.750 20.750  2.33753
-44.750 21.250  2.54072
-44.750 21.750  2.69615
-44.750 22.250  2.80046
-44.750 22.750  2.85351
-44.750 23.250  2.85829
-44.750 23.750  2.82043
-44.750 24.250  2.74742
-44.750 24.750  2.64763
-44.750 25.250  2.52945
-44.750 25.750  2.40050
-44.750 26.250  2.26720
-44.750 26.750  2.13455
-44.750 27.250  2.00617
-44.750 27.750  1.88447
-44.750 28.250  1.77086
-44.750 28.750  1.66598
-44.750 29.250  1.56996
-44.750 29.750  1.48256
-44.750 30.250  1.40331
-44.750 30.750  1.33164
-44.750 31.250  1.26692
-44.750 31.750  1.20849
-44.750 32.250  1.15573
-44.750 32.750  1.10807
-44.750 33.250  1.06497
-44.750 33.750  1.02593
-44.750 34.250  0.99051
-44.750 34.750  0.95834
-44.750 35.250  0.92904
-44.750 35.750  0.90232
-44.750 36.250  0.87790
-44.750 36.750  0.85553
-44.750 37.250  0.83500
-44.750 37.750  0.81611
-44.750 38.250  0.79870
-44.750 38.750  0.78262
-44.750 39.250  0.76774
-44.750 39.750  0.75392
-44.750 40.250  0.74108
-44.750 40.750  0.72911
-44.750 41.250  0.71793
-44.750 41.750  0.70747
-44.750 42.250  0.69765
-44.750 42.750  0.68842
-44.750 43.250  0.67971
-44.750 43.750  0.67149
-44.750 44.250  0.66369
-44.750 44.750  0.65629
-44.250 -44.750  0.66645
-44.250 -44.250  0.67332
-44.250 -43.750  0.68058
-44.250 -43.250  0.68827
-44.250 -42.750  0.69642
-44.250 -42.250  0.70510
-44.250 -41.750  0.71435
-44.250 -41.250  0.72423
-44.250 -40.750  0.73482
-44.250 -40.250  0.74618
-44.250 -39.750  0.75841
-44.250 -39.250  0.77160
-44.250 -38.750  0.78585
-44.250 -38.250  0.80130
-44.250 -37.750  0.81806
-44.250 -37.250  0.83631
-44.250 -36.750  0.85621
-44.250 -36.250  0.87797
-44.250 -35.750  0.90181
-44.250 -35.250  0.92800
-44.250 -34.750  0.95683
-44.250 -34.250  0.98865
-44.250 -33.750  1.02385
-44.250 -33.250  1.06286
-44.250 -32.750  1.10619
-44.250 -32.250  1.15443
-44.250 -31.750  1.20821
-44.250 -31.250  1.26828
-44.250 -30.750  1.33542
-44.250 -30.250  1.41053
-44.250 -29.750  1.49451
-44.250 -29.250  1.58831
-44.250 -28.750  1.69280
-44.250 -28.250  1.80872
-44.250 -27.750  1.93646
-44.250 -27.250  2.07588
-44.250 -26.750  2.22602
-44.250 -26.250  2.38472
-44.250 -25.750  2.54820
-44.250 -25.250  2.71078
-44.250 -24.750  2.86468
-44.250 -24.250  3.00010
-44.250 -23.750  3.10586
-44.250 -23.250  3.17037
-44.250 -22.750  3.18305
-44.250 -22.250  3.13569
-44.250 -21.750  3.02379
-44.250 -21.250  2.84718
-44.250 -20.750  2.61020
-44.250 -20.250  2.32120
-44.250 -19.750  1.99168
-44.250 -19.250  1.63516
-44.250 -18.750  1.26605
-44.250 -18.250  0.89861
-44.250 -17.750  0.54603
-44.250 -17.250  0.21979
-44.250 -16.750 -0.07080
-44.250 -16.250 -0.31893
-44.250 -15.750 -0.52037
-44.250 -15.250 -0.67343
-44.250 -14.750 -0.77884
-44.250 -14.250 -0.83950
-44.250 -13.750 -0.86022
-44.250 -13.250 -0.84729
-44.250 -12.750 -0.80807
-44.250 -12.250 -0.75018
-44.250 -11.750 -0.68070
-44.250 -11.250 -0.60844
-44.250 -10.750 -0.56230
-44.250 -10.250 -0.66016
-44.250 -9.750 -1.49514
-44.250 -9.250  1.56249
-44.250 -8.750  2.66255
-44.250 -8.250  2.29176
-44.250 -7.750  2.31418
-44.250 -7.250  2.42929
-44.250 -6.750  2.55995
-44.250 -6.250  2.68722
-44.250 -5.750  2.80864
-44.250 -5.250  2.92462
-44.250 -4.750  3.03506
-44.250 -4.250  3.13915
-44.250 -3.750  3.23566
-44.250 -3.250  3.32330
-44.250 -2.750  3.40084
-44.250 -2.250  3.46715
-44.250 -1.750  3.52133
-44.250 -1.250  3.56262
-44.250 -0.750  3.59045
-44.250 -0.250  3.60446
-44.250 0.250  3.60446
-44.250 0.750  3.59045
-44.250 1.250  3.56262
-44.250 1.750  3.52133
-44.250 2.250  3.46715
-44.250 2.750  3.40084
-44.250 3.250  3.32330
-44.250 3.750  3.23566
-44.250 4.250  3.13915
-44.250 4.750  3.03506
-44.250 5.250  2.92462
-44.250 5.750  2.80864
-44.250 6.250  2.68722
-44.250 6.750  2.55995
-44.250 7.250  2.42929
-44.250 7.750  2.31418
-44.250 8.250  2.29176
-44.250 8.750  2.66255
-44.250 9.250  1.56249
-44.250 9.750 -1.49514
-44.250 10.250 -0.66016
-44.250 10.750 -0.56230
-44.250 11.250 -0.60844
-44.250 11.750 -0.68070
-44.250 12.250 -0.75018
-44.250 12.750 -0.80807
-44.250 13.250 -0.84729
-44.250 13.750 -0.86022
-44.250 14.250 -0.83950
-44.250 14.750 -0.77884
-44.250 15.250 -0.67343
-44.250 15.750 -0.52037
-44.250 16.250 -0.31893
-44.250 16.750 -0.07080
-44.250 17.250  0.21979
-44.250 17.750  0.54603
-44.250 18.250  0.89861
-44.250 18.750  1.26605
-44.250 19.250  1.63516
-44.250 19.750  1.99168
-44.250 20.250  2.32120
-44.250 20.750  2.61020
-44.250 21.250  2.84718
-44.250 21.750  3.02379
-44.250 22.250  3.13569
-44.250 22.750  3.18305
-44.250 23.250  3.17037
-44.250 23.750  3.10586
-44.250 24.250  3.00010
-44.250 24.750  2.86468
-44.250 25.250  2.71078
-44.250 25.750  2.54820
-44.250 26.250  2.38472
-44.250 26.750  2.22602
-44.250 27.250  2.07588
-44.250 27.750  1.93646
-44.250 28.250  1.80872
-44.250 28.750  1.69280
-44.250 29.250  1.58831
-44.250 29.750  1.49451
-44.250 30.250  1.41053
-44.250 30.750  1.33542
-44.250 31.250  1.26828
-44.250 31.750  1.20821
-44.250 32.250  1.15443
-44.250 32.750  1.10619
-44.250 33.250  1.06286
-44.250 33.750  1.02385
-44.250 34.250  0.98865
-44.250 34.750  0.95683
-44.250 35.250  0.92800
-44.250 35.750  0.90181
-44.250 36.250  0.87797
-44.250 36.750  0.85621
-44.250 37.250  0.83631
-44.250 37.750  0.81806
-44.250 38.250  0.80130
-44.250 38.750  0.78585
-44.250 39.250  0.77160
-44.250 39.750  0.75841
-44.250 40.250  0.74618
-44.250 40.750  0.73482
-44.250 41.250  0.72423
-44.250 41.750  0.71435
-44.250 42.250  0.70510
-44.250 42.750  0.69642
-44.250 43.250  0.68827
-44.250 43.750  0.68058
-44.250 44.250  0.67332
-44.250 44.750  0.66645
-43.750 -44.750  0.67625
-43.750 -44.250  0.68257
-43.750 -43.750  0.68925
-43.750 -43.250  0.69635
-43.750 -42.750  0.70391
-43.750 -42.250  0.71197
-43.750 -41.750  0.72059
-43.750 -41.250  0.72983
-43.750 -40.750  0.73975
-43.750 -40.250  0.75042
-43.750 -39.750  0.76194
-43.750 -39.250  0.77440
-43.750 -38.750  0.78790
-43.750 -38.250  0.80257
-43.750 -37.750  0.81854
-43.750 -37.250  0.83597
-43.750 -36.750  0.85504
-43.750 -36.250  0.87596
-43.750 -35.750  0.89896
-43.750 -35.250  0.92432
-43.750 -34.750  0.95236
-43.750 -34.250  0.98343
-43.750 -33.750  1.01796
-43.750 -33.250  1.05643
-43.750 -32.750  1.09943
-43.750 -32.250  1.14759
-43.750 -31.750  1.20168
-43.750 -31.250  1.26257
-43.750 -30.750  1.33126
-43.750 -30.250  1.40886
-43.750 -29.750  1.49664
-43.750 -29.250  1.59594
-43.750 -28.750  1.70816
-43.750 -28.250  1.83467
-43.750 -27.750  1.97661
-43.750 -27.250  2.13468
-43.750 -26.750  2.30869
-43.750 -26.250  2.49712
-43.750 -25.750  2.69643
-43.750 -25.250  2.90047
-43.750 -24.750  3.09994
-43.750 -24.250  3.28236
-43.750 -23.750  3.43268
-43.750 -23.250  3.53472
-43.750 -22.750  3.57323
-43.750 -22.250  3.53623
-43.750 -21.750  3.41690
-43.750 -21.250  3.21469
-43.750 -20.750  2.93541
-43.750 -20.250  2.59036
-43.750 -19.750  2.19497
-43.750 -19.250  1.76712
-43.750 -18.750  1.32556
-43.750 -18.250  0.88850
-43.750 -17.750  0.47255
-43.750 -17.250  0.09184
-43.750 -16.750 -0.24240
-43.750 -16.250 -0.52220
-43.750 -15.750 -0.74285
-43.750 -15.250 -0.90282
-43.750 -14.750 -1.00364
-43.750 -14.250 -1.04943
-43.750 -13.750 -1.04547
-43.750 -13.250 -0.99177
-43.750 -12.750 -0.87157
-43.750 -12.250 -0.68007
-43.750 -11.750 -0.51018
-43.750 -11.250  1.12831
-43.750 -10.750  2.62737
-43.750 -10.250  2.28875
-43.750 -9.750  2.19722
-43.750 -9.250  2.20631
-43.750 -8.750  2.25295
-43.750 -8.250  2.31839
-43.750 -7.750  2.39620
-43.750 -7.250  2.48297
-43.750 -6.750  2.57595
-43.750 -6.250  2.67267
-43.750 -5.750  2.77079
-43.750 -5.250  2.86818
-43.750 -4.750  2.96288
-43.750 -4.250  3.05312
-43.750 -3.750  3.13730
-43.750 -3.250  3.21401
-43.750 -2.750  3.28203
-43.750 -2.250  3.34030
-43.750 -1.750  3.38797
-43.750 -1.250  3.42432
-43.750 -0.750  3.44885
-43.750 -0.250  3.46120
-43.750 0.250  3.46120
-43.750 0.750  3.44885
-43.750 1.250  3.42432
-43.750 1.750  3.38797
-43.750 2.250  3.34030
-43.750 2.750  3.28203
-43.750 3.250  3.21401
-43.750 3.750  3.13730
-43.750 4.250  3.05312
-43.750 4.750  2.96288
-43.750 5.250  2.86818
-43.750 5.750  2.77079
-43.750 6.250  2.67267
-43.750 6.750  2.57595
-43.750 7.250  2.48297
-43.750 7.750  2.39620
-43.750 8.250  2.31839
-43.750 8.750  2.25295
-43.750 9.250  2.20631
-43.750 9.750  2.19722
-43.750 10.250  2.28875
-43.750 10.750  2.62737
-43.750 11.250  1.12831
-43.750 11.750 -0.51018
-43.750 12.250 -0.68007
-43.750 12.750 -0.87157
-43.750 13.250 -0.99177
-43.750 13.750 -1.04547
-43.750 14.250 -1.04943
-43.750 14.750 -1.00364
-43.750 15.250 -0.90282
-43.750 15.750 -0.74285
-43.750 16.250 -0.52220
-43.750 16.750 -0.24240
-43.750 17.250  0.09184
-43.750 17.750  0.47255
-43.750 18.250  0.88850
-43.750 18.750  1.32556
-43.750 19.250  1.76712
-43.750 19.750  2.19497
-43.750 20.250  2.59036
-43.750 20.750  2.93541
-43.750 21.250  3.21469
-43.750 21.750  3.41690
-43.750 22.250  3.53623
-43.750 22.750  3.57323
-43.750 23.250  3.53472
-43.750 23.750  3.43268
-43.750 24.250  3.28236
-43.750 24.750  3.09994
-43.750 25.250  2.90047
-43.750 25.750  2.69643
-43.750 26.250  2.49712
-43.750 26.750  2.30869
-43.750 27.250  2.13468
-43.750 27.750  1.97661
-43.750 28.250  1.83467
-43.750 28.750  1.70816
-43.750 29.250  1.59594
-43.750 29.750  1.49664
-43.750 30.250  1.40886
-43.750 30.750  1.33126
-43.750 31.250  1.26257
-43.750 31.750  1.20168
-43.750 32.250  1.14759
-43.750 32.750  1.09943
-43.750 33.250  1.05643
-43.750 33.750  1.01796
-43.750 34.250  0.98343
-43.750 34.750  0.95236
-43.750 35.250  0.92432
-43.750 35.750  0.89896
-43.750 36.250  0.87596
-43.750 36.750  0.85504
-43.750 37.250  0.83597
-43.750 37.750  0.81854
-43.750 38.250  0.80257
-43.750 38.750  0.78790
-43.750 39.250  0.77440
-43.750 39.750  0.76194
-43.750 40.250  0.75042
-43.750 40.750  0.73975
-43.750 41.250  0.72983
-43.750 41.750  0.72059
-43.750 42.250  0.71197
-43.750 42.750  0.70391
-43.750 43.250  0.69635
-43.750 43.750  0.68925
-43.750 44.250  0.68257
-43.750 44.750  0.67625
-43.250 -44.750  0.68572
-43.250 -44.250  0.69144
-43.250 -43.750  0.69751
-43.250 -43.250  0.70398
-43.250 -42.750  0.71090
-43.250 -42.250  0.71829
-43.250 -41.750  0.72622
-43.250 -41.250  0.73474
-43.250 -40.750  0.74392
-43.250 -40.250  0.75382
-43.250 -39.750  0.76454
-43.250 -39.250  0.77616
-43.250 -38.750  0.78878
-43.250 -38.250  0.80254
-43.250 -37.750  0.81755
-43.250 -37.250  0.83399
-43.250 -36.750  0.85203
-43.250 -36.250  0.87187
-43.250 -35.750  0.89376
-43.250 -35.250  0.91798
-43.250 -34.750  0.94485
-43.250 -34.250  0.97475
-43.250 -33.750  1.00813
-43.250 -33.250  1.04551
-43.250 -32.750  1.08751
-43.250 -32.250  1.13484
-43.250 -31.750  1.18836
-43.250 -31.250  1.24909
-43.250 -30.750  1.31819
-43.250 -30.250  1.39705
-43.250 -29.750  1.48726
-43.250 -29.250  1.59063
-43.250 -28.750  1.70920
-43.250 -28.250  1.84511
-43.250 -27.750  2.00052
-43.250 -27.250  2.17730
-43.250 -26.750  2.37661
-43.250 -26.250  2.59819
-43.250 -25.750  2.83941
-43.250 -25.250  3.09417
-43.250 -24.750  3.35179
-43.250 -24.250  3.59650
-43.250 -23.750  3.80794
-43.250 -23.250  3.96314
-43.250 -22.750  4.03982
-43.250 -22.250  4.02017
-43.250 -21.750  3.89396
-43.250 -21.250  3.66022
-43.250 -20.750  3.32708
-43.250 -20.250  2.91028
-43.250 -19.750  2.43086
-43.250 -19.250  1.91269
-43.250 -18.750  1.38027
-43.250 -18.250  0.85689
-43.250 -17.750  0.36332
-43.250 -17.250 -0.08310
-43.250 -16.750 -0.46900
-43.250 -16.250 -0.78519
-43.250 -15.750 -1.02702
-43.250 -15.250 -1.19428
-43.250 -14.750 -1.28161
-43.250 -14.250 -1.21562
-43.250 -13.750 -0.74869
-43.250 -13.250  0.26212
-43.250 -12.750  2.10544
-43.250 -12.250  2.61544
-43.250 -11.750  2.46359
-43.250 -11.250  2.34905
-43.250 -10.750  2.28626
-43.250 -10.250  2.25713
-43.250 -9.750  2.25354
-43.250 -9.250  2.27111
-43.250 -8.750  2.30642
-43.250 -8.250  2.35638
-43.250 -7.750  2.41809
-43.250 -7.250  2.48884
-43.250 -6.750  2.56609
-43.250 -6.250  2.64750
-43.250 -5.750  2.73089
-43.250 -5.250  2.81428
-43.250 -4.750  2.89582
-43.250 -4.250  2.97389
-43.250 -3.750  3.04698
-43.250 -3.250  3.11380
-43.250 -2.750  3.17318
-43.250 -2.250  3.22417
-43.250 -1.750  3.26593
-43.250 -1.250  3.29782
-43.250 -0.750  3.31935
-43.250 -0.250  3.33020
-43.250 0.250  3.33020
-43.250 0.750  3.31935
-43.250 1.250  3.29782
-43.250 1.750  3.26593
-43.250 2.250  3.22417
-43.250 2.750  3.17318
-43.250 3.250  3.11380
-43.250 3.750  3.04698
-43.250 4.250  2.97389
-43.250 4.750  2.89582
-43.250 5.250  2.81428
-43.250 5.750  2.73089
-43.250 6.250  2.64750
-43.250 6.750  2.56609
-43.250 7.250  2.48884
-43.250 7.750  2.41809
-43.250 8.250  2.35638
-43.250 8.750  2.30642
-43.250 9.250  2.27111
-43.250 9.750  2.25354
-43.250 10.250  2.25713
-43.250 10.750  2.28626
-43.250 11.250  2.34905
-43.250 11.750  2.46359
-43.250 12.250  2.61544
-43.250 12.750  2.10544
-43.250 13.250  0.26212
-43.250 13.750 -0.74869
-43.250 14.250 -1.21562
-43.250 14.750 -1.28161
-43.250 15.250 -1.19428
-43.250 15.750 -1.02702
-43.250 16.250 -0.78519
-43.250 16.750 -0.46900
-43.250 17.250 -0.08310
-43.250 17.750  0.36332
-43.250 18.250  0.85689
-43.250 18.750  1.38027
-43.250 19.250  1.91269
-43.250 19.750  2.43086
-43.250 20.250  2.91028
-43.250 20.750  3.32708
-43.250 21.250  3.66022
-43.250 21.750  3.89396
-43.250 22.250  4.02017
-43.250 22.750  4.03982
-43.250 23.250  3.96314
-43.250 23.750  3.80794
-43.250 24.250  3.59650
-43.250 24.750  3.35179
-43.250 25.250  3.09417
-43.250 25.750  2.83941
-43.250 26.250  2.59819
-43.250 26.750  2.37661
-43.250 27.250  2.17730
-43.250 27.750  2.00052
-43.250 28.250  1.84511
-43.250 28.750  1.70920
-43.250 29.250  1.59063
-43.250 29.750  1.48726
-43.250 30.250  1.39705
-43.250 30.750  1.31819
-43.250 31.250  1.24909
-43.250 31.750  1.18836
-43.250 32.250  1.13484
-43.250 32.750  1.08751
-43.250 33.250  1.04551
-43.250 33.750  1.00813
-43.250 34.250  0.97475
-43.250 34.750  0.94485
-43.250 35.250  0.91798
-43.250 35.750  0.89376
-43.250 36.250  0.87187
-43.250 36.750  0.85203
-43.250 37.250  0.83399
-43.250 37.750  0.81755
-43.250 38.250  0.80254
-43.250 38.750  0.78878
-43.250 39.250  0.77616
-43.250 39.750  0.76454
-43.250 40.250  0.75382
-43.250 40.750  0.74392
-43.250 41.250  0.73474
-43.250 41.750  0.72622
-43.250 42.250  0.71829
-43.250 42.750  0.71090
-43.250 43.250  0.70398
-43.250 43.750  0.69751
-43.250 44.250  0.69144
-43.250 44.750  0.68572
-42.750 -44.750  0.69486
-42.750 -44.250  0.69995
-42.750 -43.750  0.70538
-42.750 -43.250  0.71118
-42.750 -42.750  0.71740
-42.750 -42.250  0.72407
-42.750 -41.750  0.73126
-42.750 -41.250  0.73900
-42.750 -40.750  0.74736
-42.750 -40.250  0.75641
-42.750 -39.750  0.76623
-42.750 -39.250  0.77691
-42.750 -38.750  0.78854
-42.750 -38.250  0.80125
-42.750 -37.750  0.81515
-42.750 -37.250  0.83042
-42.750 -36.750  0.84721
-42.750 -36.250  0.86574
-42.750 -35.750  0.88624
-42.750 -35.250  0.90899
-42.750 -34.750  0.93432
-42.750 -34.250  0.96261
-42.750 -33.750  0.99432
-42.750 -33.250  1.02999
-42.750 -32.750  1.07027
-42.750 -32.250  1.11592
-42.750 -31.750  1.16788
-42.750 -31.250  1.22726
-42.750 -30.750  1.29540
-42.750 -30.250  1.37392
-42.750 -29.750  1.46474
-42.750 -29.250  1.57017
-42.750 -28.750  1.69289
-42.750 -28.250  1.83601
-42.750 -27.750  2.00293
-42.750 -27.250  2.19717
-42.750 -26.750  2.42188
-42.750 -26.250  2.67903
-42.750 -25.750  2.96808
-42.750 -25.250  3.28412
-42.750 -24.750  3.61576
-42.750 -24.250  3.94345
-42.750 -23.750  4.23954
-42.750 -23.250  4.47084
-42.750 -22.750  4.60406
-42.750 -22.250  4.61225
-42.750 -21.750  4.48011
-42.750 -21.250  4.20642
-42.750 -20.750  3.80330
-42.750 -20.250  3.29330
-42.750 -19.750  2.70558
-42.750 -19.250  2.07230
-42.750 -18.750  1.42550
-42.750 -18.250  0.79489
-42.750 -17.750  0.20631
-42.750 -17.250 -0.31937
-42.750 -16.750 -0.76817
-42.750 -16.250 -1.13478
-42.750 -15.750 -1.36617
-42.750 -15.250 -0.92891
-42.750 -14.750  0.82054
-42.750 -14.250  2.66900
-42.750 -13.750  3.19584
-42.750 -13.250  3.00739
-42.750 -12.750  2.79828
-42.750 -12.250  2.63560
-42.750 -11.750  2.51221
-42.750 -11.250  2.42209
-42.750 -10.750  2.36122
-42.750 -10.250  2.32616
-42.750 -9.750  2.31370
-42.750 -9.250  2.32074
-42.750 -8.750  2.34438
-42.750 -8.250  2.38187
-42.750 -7.750  2.43058
-42.750 -7.250  2.48807
-42.750 -6.750  2.55205
-42.750 -6.250  2.62036
-42.750 -5.750  2.69104
-42.750 -5.250  2.76224
-42.750 -4.750  2.83228
-42.750 -4.250  2.89965
-42.750 -3.750  2.96297
-42.750 -3.250  3.02104
-42.750 -2.750  3.07278
-42.750 -2.250  3.11728
-42.750 -1.750  3.15380
-42.750 -1.250  3.18171
-42.750 -0.750  3.20057
-42.750 -0.250  3.21008
-42.750 0.250  3.21008
-42.750 0.750  3.20057
-42.750 1.250  3.18171
-42.750 1.750  3.15380
-42.750 2.250  3.11728
-42.750 2.750  3.07278
-42.750 3.250  3.02104
-42.750 3.750  2.96297
-42.750 4.250  2.89965
-42.750 4.750  2.83228
-42.750 5.250  2.76224
-42.750 5.750  2.69104
-42.750 6.250  2.62036
-42.750 6.750  2.55205
-42.750 7.250  2.48807
-42.750 7.750  2.43058
-42.750 8.250  2.38187
-42.750 8.750  2.34438
-42.750 9.250  2.32074
-42.750 9.750  2.31370
-42.750 10.250  2.32616
-42.750 10.750  2.36122
-42.750 11.250  2.42209
-42.750 11.750  2.51221
-42.750 12.250  2.63560
-42.750 12.750  2.79828
-42.750 13.250  3.00739
-42.750 13.750  3.19584
-42.750 14.250  2.66900
-42.750 14.750  0.82054
-42.750 15.250 -0.92891
-42.750 15.750 -1.36617
-42.750 16.250 -1.13478
-42.750 16.750 -0.76817
-42.750 17.250 -0.31937
-42.750 17.750  0.20631
-42.750 18.250  0.79489
-42.750 18.750  1.42550
-42.750 19.250  2.07230
-42.750 19.750  2.70558
-42.750 20.250  3.29330
-42.750 20.750  3.80330
-42.750 21.250  4.20642
-42.750 21.750  4.48011
-42.750 22.250  4.61225
-42.750 22.750  4.60406
-42.750 23.250  4.47084
-42.750 23.750  4.23954
-42.750 24.250  3.94345
-42.750 24.750  3.61576
-42.750 25.250  3.28412
-42.750 25.750  2.96808
-42.750 26.250  2.67903
-42.750 26.750  2.42188
-42.750 27.250  2.19717
-42.750 27.750  2.00293
-42.750 28.250  1.83601
-42.750 28.750  1.69289
-42.750 29.250  1.57017
-42.750 29.750  1.46474
-42.750 30.250  1.37392
-42.750 30.750  1.29540
-42.750 31.250  1.22726
-42.750 31.750  1.16788
-42.750 32.250  1.11592
-42.750 32.750  1.07027
-42.750 33.250  1.02999
-42.750 33.750  0.99432
-42.750 34.250  0.96261
-42.750 34.750  0.93432
-42.750 35.250  0.90899
-42.750 35.750  0.88624
-42.750 36.250  0.86574
-42.750 36.750  0.84721
-42.750 37.250  0.83042
-42.750 37.750  0.81515
-42.750 38.250  0.80125
-42.750 38.750  0.78854
-42.750 39.250  0.77691
-42.750 39.750  0.76623
-42.750 40.250  0.75641
-42.750 40.750  0.74736
-42.750 41.250  0.73900
-42.750 41.750  0.73126
-42.750 42.250  0.72407
-42.750 42.750  0.71740
-42.750 43.250  0.71118
-42.750 43.750  0.70538
-42.750 44.250  0.69995
-42.750 44.750  0.69486
-42.250 -44.750  0.70369
-42.250 -44.250  0.70812
-42.250 -43.750  0.71286
-42.250 -43.250  0.71796
-42.250 -42.750  0.72344
-42.250 -42.250  0.72935
-42.250 -41.750  0.73573
-42.250 -41.250  0.74264
-42.250 -40.750  0.75012
-42.250 -40.250  0.75824
-42.250 -39.750  0.76708
-42.250 -39.250  0.77671
-42.250 -38.750  0.78724
-42.250 -38.250  0.79876
-42.250 -37.750  0.81140
-42.250 -37.250  0.82532
-42.250 -36.750  0.84067
-42.250 -36.250  0.85764
-42.250 -35.750  0.87648
-42.250 -35.250  0.89744
-42.250 -34.750  0.92084
-42.250 -34.250  0.94707
-42.250 -33.750  0.97657
-42.250 -33.250  1.00989
-42.250 -32.750  1.04768
-42.250 -32.250  1.09073
-42.250 -31.750  1.14001
-42.250 -31.250  1.19672
-42.250 -30.750  1.26229
-42.250 -30.250  1.33854
-42.250 -29.750  1.42769
-42.250 -29.250  1.53247
-42.250 -28.750  1.65625
-42.250 -28.250  1.80313
-42.250 -27.750  1.97798
-42.250 -27.250  2.18638
-42.250 -26.750  2.43429
-42.250 -26.250  2.72725
-42.250 -25.750  3.06867
-42.250 -25.250  3.45708
-42.250 -24.750  3.88222
-42.250 -24.250  4.32102
-42.250 -23.750  4.73585
-42.250 -23.250  5.07773
-42.250 -22.750  5.29538
-42.250 -22.250  5.34710
-42.250 -21.750  5.21009
-42.250 -21.250  4.88382
-42.250 -20.750  4.38751
-42.250 -20.250  3.75449
-42.250 -19.750  3.02583
-42.250 -19.250  2.24501
-42.250 -18.750  1.45393
-42.250 -18.250  0.68991
-42.250 -17.750 -0.02037
-42.250 -17.250 -0.66785
-42.250 -16.750 -0.99921
-42.250 -16.250  0.84840
-42.250 -15.750  3.13406
-42.250 -15.250  3.98276
-42.250 -14.750  3.80695
-42.250 -14.250  3.50151
-42.250 -13.750  3.23520
-42.250 -13.250  3.01233
-42.250 -12.750  2.82809
-42.250 -12.250  2.67896
-42.250 -11.750  2.56180
-42.250 -11.250  2.47364
-42.250 -10.750  2.41155
-42.250 -10.250  2.37269
-42.250 -9.750  2.35432
-42.250 -9.250  2.35378
-42.250 -8.750  2.36853
-42.250 -8.250  2.39615
-42.250 -7.750  2.43432
-42.250 -7.250  2.48085
-42.250 -6.750  2.53369
-42.250 -6.250  2.59090
-42.250 -5.750  2.65069
-42.250 -5.250  2.71137
-42.250 -4.750  2.77144
-42.250 -4.250  2.82949
-42.250 -3.750  2.88426
-42.250 -3.250  2.93463
-42.250 -2.750  2.97963
-42.250 -2.250  3.01842
-42.250 -1.750  3.05029
-42.250 -1.250  3.07468
-42.250 -0.750  3.09117
-42.250 -0.250  3.09949
-42.250 0.250  3.09949
-42.250 0.750  3.09117
-42.250 1.250  3.07468
-42.250 1.750  3.05029
-42.250 2.250  3.01842
-42.250 2.750  2.97963
-42.250 3.250  2.93463
-42.250 3.750  2.88426
-42.250 4.250  2.82949
-42.250 4.750  2.77144
-42.250 5.250  2.71137
-42.250 5.750  2.65069
-42.250 6.250  2.59090
-42.250 6.750  2.53369
-42.250 7.250  2.48085
-42.250 7.750  2.43432
-42.250 8.250  2.39615
-42.250 8.750  2.36853
-42.250 9.250  2.35378
-42.250 9.750  2.35432
-42.250 10.250  2.37269
-42.250 10.750  2.41155
-42.250 11.250  2.47364
-42.250 11.750  2.56180
-42.250 12.250  2.67896
-42.250 12.750  2.82809
-42.250 13.250  3.01233
-42.250 13.750  3.23520
-42.250 14.250  3.50151
-42.250 14.750  3.80695
-42.250 15.250  3.98276
-42.250 15.750  3.13406
-42.250 16.250  0.84840
-42.250 16.750 -0.99921
-42.250 17.250 -0.66785
-42.250 17.750 -0.02037
-42.250 18.250  0.68991
-42.250 18.750  1.45393
-42.250 19.250  2.24501
-42.250 19.750  3.02583
-42.250 20.250  3.75449
-42.250 20.750  4.38751
-42.250 21.250  4.88382
-42.250 21.750  5.21009
-42.250 22.250  5.34710
-42.250 22.750  5.29538
-42.250 23.250  5.07773
-42.250 23.750  4.73585
-42.250 24.250  4.32102
-42.250 24.750  3.88222
-42.250 25.250  3.45708
-42.250 25.750  3.06867
-42.250 26.250  2.72725
-42.250 26.750  2.43429
-42.250 27.250  2.18638
-42.250 27.750  1.97798
-42.250 28.250  1.80313
-42.250 28.750  1.65625
-42.250 29.250  1.53247
-42.250 29.750  1.42769
-42.250 30.250  1.33854
-42.250 30.750  1.26229
-42.250 31.250  1.19672
-42.250 31.750  1.14001
-42.250 32.250  1.09073
-42.250 32.750  1.04768
-42.250 33.250  1.00989
-42.250 33.750  0.97657
-42.250 34.250  0.94707
-42.250 34.750  0.92084
-42.250 35.250  0.89744
-42.250 35.750  0.87648
-42.250 36.250  0.85764
-42.250 36.750  0.84067
-42.250 37.250  0.82532
-42.250 37.750  0.81140
-42.250 38.250  0.79876
-42.250 38.750  0.78724
-42.250 39.250  0.77671
-42.250 39.750  0.76708
-42.250 40.250  0.75824
-42.250 40.750  0.75012
-42.250 41.250  0.74264
-42.250 41.750  0.73573
-42.250 42.250  0.72935
-42.250 42.750  0.72344
-42.250 43.250  0.71796
-42.250 43.750  0.71286
-42.250 44.250  0.70812
-42.250 44.750  0.70369
-41.750 -44.750  0.71224
-41.750 -44.250  0.71597
-41.750 -43.750  0.72000
-41.750 -43.250  0.72435
-41.750 -42.750  0.72906
-41.750 -42.250  0.73416
-41.750 -41.750  0.73969
-41.750 -41.250  0.74570
-41.750 -40.750  0.75223
-41.750 -40.250  0.75935
-41.750 -39.750  0.76712
-41.750 -39.250  0.77562
-41.750 -38.750  0.78493
-41.750 -38.250  0.79515
-41.750 -37.750  0.80639
-41.750 -37.250  0.81879
-41.750 -36.750  0.83250
-41.750 -36.250  0.84770
-41.750 -35.750  0.86460
-41.750 -35.250  0.88345
-41.750 -34.750  0.90456
-41.750 -34.250  0.92827
-41.750 -33.750  0.95503
-41.750 -33.250  0.98534
-41.750 -32.750  1.01985
-41.750 -32.250  1.05934
-41.750 -31.750  1.10478
-41.750 -31.250  1.15735
-41.750 -30.750  1.21858
-41.750 -30.250  1.29036
-41.750 -29.750  1.37510
-41.750 -29.250  1.47589
-41.750 -28.750  1.59665
-41.750 -28.250  1.74242
-41.750 -27.750  1.91956
-41.750 -27.250  2.13602
-41.750 -26.750  2.40136
-41.750 -26.250  2.72623
-41.750 -25.750  3.12082
-41.750 -25.250  3.59113
-41.750 -24.750  4.13243
-41.750 -24.250  4.72048
-41.750 -23.750  5.30465
-41.750 -23.250  5.81051
-41.750 -22.750  6.15596
-41.750 -22.250  6.27455
-41.750 -21.750  6.13273
-41.750 -21.250  5.73361
-41.750 -20.750  5.10971
-41.750 -20.250  4.31167
-41.750 -19.750  3.39802
-41.750 -19.250  2.42725
-41.750 -18.750  1.44468
-41.750 -18.250  0.46883
-41.750 -17.750  0.30789
-41.750 -17.250  3.19562
-41.750 -16.750  4.59994
-41.750 -16.250  4.68683
-41.750 -15.750  4.34203
-41.750 -15.250  3.99599
-41.750 -14.750  3.68996
-41.750 -14.250  3.42225
-41.750 -13.750  3.19054
-41.750 -13.250  2.99283
-41.750 -12.750  2.82704
-41.750 -12.250  2.69101
-41.750 -11.750  2.58248
-41.750 -11.250  2.49913
-41.750 -10.750  2.43866
-41.750 -10.250  2.39875
-41.750 -9.750  2.37712
-41.750 -9.250  2.37154
-41.750 -8.750  2.37983
-41.750 -8.250  2.39989
-41.750 -7.750  2.42971
-41.750 -7.250  2.46735
-41.750 -6.750  2.51098
-41.750 -6.250  2.55889
-41.750 -5.750  2.60945
-41.750 -5.250  2.66116
-41.750 -4.750  2.71264
-41.750 -4.250  2.76262
-41.750 -3.750  2.80995
-41.750 -3.250  2.85362
-41.750 -2.750  2.89272
-41.750 -2.250  2.92649
-41.750 -1.750  2.95427
-41.750 -1.250  2.97557
-41.750 -0.750  2.98998
-41.750 -0.250  2.99725
-41.750 0.250  2.99725
-41.750 0.750  2.98998
-41.750 1.250  2.97557
-41.750 1.750  2.95427
-41.750 2.250  2.92649
-41.750 2.750  2.89272
-41.750 3.250  2.85362
-41.750 3.750  2.80995
-41.750 4.250  2.76262
-41.750 4.750  2.71264
-41.750 5.250  2.66116
-41.750 5.750  2.60945
-41.750 6.250  2.55889
-41.750 6.750  2.51098
-41.750 7.250  2.46735
-41.750 7.750  2.42971
-41.750 8.250  2.39989
-41.750 8.750  2.37983
-41.750 9.250  2.37154
-41.750 9.750  2.37712
-41.750 10.250  2.39875
-41.750 10.750  2.43866
-41.750 11.250  2.49913
-41.750 11.750  2.58248
-41.750 12.250  2.69101
-41.750 12.750  2.82704
-41.750 13.250  2.99283
-41.750 13.750  3.19054
-41.750 14.250  3.42225
-41.750 14.750  3.68996
-41.750 15.250  3.99599
-41.750 15.750  4.34203
-41.750 16.250  4.68683
-41.750 16.750  4.59994
-41.750 17.250  3.19562
-41.750 17.750  0.30789
-41.750 18.250  0.46883
-41.750 18.750  1.44468
-41.750 19.250  2.42725
-41.750 19.750  3.39802
-41.750 20.250  4.31167
-41.750 20.750  5.10971
-41.750 21.250  5.73361
-41.750 21.750  6.13273
-41.750 22.250  6.27455
-41.750 22.750  6.15596
-41.750 23.250  5.81051
-41.750 23.750  5.30465
-41.750 24.250  4.72048
-41.750 24.750  4.13243
-41.750 25.250  3.59113
-41.750 25.750  3.12082
-41.750 26.250  2.72623
-41.750 26.750  2.40136
-41.750 27.250  2.13602
-41.750 27.750  1.91956
-41.750 28.250  1.74242
-41.750 28.750  1.59665
-41.750 29.250  1.47589
-41.750 29.750  1.37510
-41.750 30.250  1.29036
-41.750 30.750  1.21858
-41.750 31.250  1.15735
-41.750 31.750  1.10478
-41.750 32.250  1.05934
-41.750 32.750  1.01985
-41.750 33.250  0.98534
-41.750 33.750  0.95503
-41.750 34.250  0.92827
-41.750 34.750  0.90456
-41.750 35.250  0.88345
-41.750 35.750  0.86460
-41.750 36.250  0.84770
-41.750 36.750  0.83250
-41.750 37.250  0.81879
-41.750 37.750  0.80639
-41.750 38.250  0.79515
-41.750 38.750  0.78493
-41.750 39.250  0.77562
-41.750 39.750  0.76712
-41.750 40.250  0.75935
-41.750 40.750  0.75223
-41.750 41.250  0.74570
-41.750 41.750  0.73969
-41.750 42.250  0.73416
-41.750 42.750  0.72906
-41.750 43.250  0.72435
-41.750 43.750  0.72000
-41.750 44.250  0.71597
-41.750 44.750  0.71224
-41.250 -44.750  0.72051
-41.250 -44.250  0.72353
-41.250 -43.750  0.72682
-41.250 -43.250  0.73039
-41.250 -42.750  0.73429
-41.250 -42.250  0.73854
-41.250 -41.750  0.74317
-41.250 -41.250  0.74823
-41.250 -40.750  0.75376
-41.250 -40.250  0.75982
-41.250 -39.750  0.76645
-41.250 -39.250  0.77372
-41.250 -38.750  0.78172
-41.250 -38.250  0.79052
-41.250 -37.750  0.80023
-41.250 -37.250  0.81096
-41.250 -36.750  0.82285
-41.250 -36.250  0.83605
-41.250 -35.750  0.85077
-41.250 -35.250  0.86722
-41.250 -34.750  0.88567
-41.250 -34.250  0.90645
-41.250 -33.750  0.92994
-41.250 -33.250  0.95662
-41.250 -32.750  0.98708
-41.250 -32.250  1.02205
-41.250 -31.750  1.06244
-41.250 -31.250  1.10940
-41.250 -30.750  1.16440
-41.250 -30.250  1.22932
-41.250 -29.750  1.30662
-41.250 -29.250  1.39951
-41.250 -28.750  1.51227
-41.250 -28.250  1.65058
-41.250 -27.750  1.82209
-41.250 -27.250  2.03701
-41.250 -26.750  2.30885
-41.250 -26.250  2.65489
-41.250 -25.750  3.09553
-41.250 -25.250  3.65089
-41.250 -24.750  4.33124
-41.250 -24.250  5.11941
-41.250 -23.750  5.95023
-41.250 -23.250  6.70651
-41.250 -22.750  7.24934
-41.250 -22.250  7.46882
-41.250 -21.750  7.31766
-41.250 -21.250  6.81116
-41.250 -20.750  6.00733
-41.250 -20.250  4.98509
-41.250 -19.750  3.81984
-41.250 -19.250  2.55625
-41.250 -18.750  2.49829
-41.250 -18.250  4.54303
-41.250 -17.750  5.23301
-41.250 -17.250  5.06070
-41.250 -16.750  4.71351
-41.250 -16.250  4.37917
-41.250 -15.750  4.07094
-41.250 -15.250  3.78971
-41.250 -14.750  3.53616
-41.250 -14.250  3.31053
-41.250 -13.750  3.11253
-41.250 -13.250  2.94145
-41.250 -12.750  2.79623
-41.250 -12.250  2.67557
-41.250 -11.750  2.57796
-41.250 -11.250  2.50175
-41.250 -10.750  2.44521
-41.250 -10.250  2.40653
-41.250 -9.750  2.38389
-41.250 -9.250  2.37544
-41.250 -8.750  2.37938
-41.250 -8.250  2.39390
-41.250 -7.750  2.41729
-41.250 -7.250  2.44787
-41.250 -6.750  2.48402
-41.250 -6.250  2.52424
-41.250 -5.750  2.56708
-41.250 -5.250  2.61120
-41.250 -4.750  2.65536
-41.250 -4.250  2.69842
-41.250 -3.750  2.73934
-41.250 -3.250  2.77719
-41.250 -2.750  2.81117
-41.250 -2.250  2.84056
-41.250 -1.750  2.86478
-41.250 -1.250  2.88336
-41.250 -0.750  2.89594
-41.250 -0.250  2.90229
-41.250 0.250  2.90229
-41.250 0.750  2.89594
-41.250 1.250  2.88336
-41.250 1.750  2.86478
-41.250 2.250  2.84056
-41.250 2.750  2.81117
-41.250 3.250  2.77719
-41.250 3.750  2.73934
-41.250 4.250  2.69842
-41.250 4.750  2.65536
-41.250 5.250  2.61120
-41.250 5.750  2.56708
-41.250 6.250  2.52424
-41.250 6.750  2.48402
-41.250 7.250  2.44787
-41.250 7.750  2.41729
-41.250 8.250  2.39390
-41.250 8.750  2.37938
-41.250 9.250  2.37544
-41.250 9.750  2.38389
-41.250 10.250  2.40653
-41.250 10.750  2.44521
-41.250 11.250  2.50175
-41.250 11.750  2.57796
-41.250 12.250  2.67557
-41.250 12.750  2.79623
-41.250 13.250  2.94145
-41.250 13.750  3.11253
-41.250 14.250  3.31053
-41.250 14.750  3.53616
-41.250 15.250  3.78971
-41.250 15.750  4.07094
-41.250 16.250  4.37917
-41.250 16.750  4.71351
-41.250 17.250  5.06070
-41.250 17.750  5.23301
-41.250 18.250  4.54303
-41.250 18.750  2.49829
-41.250 19.250  2.55625
-41.250 19.750  3.81984
-41.250 20.250  4.98509
-41.250 20.750  6.00733
-41.250 21.250  6.81116
-41.250 21.750  7.31766
-41.250 22.250  7.46882
-41.250 22.750  7.24934
-41.250 23.250  6.70651
-41.250 23.750  5.95023
-41.250 24.250  5.11941
-41.250 24.750  4.33124
-41.250 25.250  3.65089
-41.250 25.750  3.09553
-41.250 26.250  2.65489
-41.250 26.750  2.30885
-41.250 27.250  2.03701
-41.250 27.750  1.82209
-41.250 28.250  1.65058
-41.250 28.750  1.51227
-41.250 29.250  1.39951
-41.250 29.750  1.30662
-41.250 30.250  1.22932
-41.250 30.750  1.16440
-41.250 31.250  1.10940
-41.250 31.750  1.06244
-41.250 32.250  1.02205
-41.250 32.750  0.98708
-41.250 33.250  0.95662
-41.250 33.750  0.92994
-41.250 34.250  0.90645
-41.250 34.750  0.88567
-41.250 35.250  0.86722
-41.250 35.750  0.85077
-41.250 36.250  0.83605
-41.250 36.750  0.82285
-41.250 37.250  0.81096
-41.250 37.750  0.80023
-41.250 38.250  0.79052
-41.250 38.750  0.78172
-41.250 39.250  0.77372
-41.250 39.750  0.76645
-41.250 40.250  0.75982
-41.250 40.750  0.75376
-41.250 41.250  0.74823
-41.250 41.750  0.74317
-41.250 42.250  0.73854
-41.250 42.750  0.73429
-41.250 43.250  0.73039
-41.250 43.750  0.72682
-41.250 44.250  0.72353
-41.250 44.750  0.72051
-40.750 -44.750  0.72855
-40.750 -44.250  0.73082
-40.750 -43.750  0.73334
-40.750 -43.250  0.73611
-40.750 -42.750  0.73917
-40.750 -42.250  0.74253
-40.750 -41.750  0.74623
-40.750 -41.250  0.75030
-40.750 -40.750  0.75478
-40.750 -40.250  0.75970
-40.750 -39.750  0.76513
-40.750 -39.250  0.77111
-40.750 -38.750  0.77770
-40.750 -38.250  0.78498
-40.750 -37.750  0.79304
-40.750 -37.250  0.80197
-40.750 -36.750  0.81188
-40.750 -36.250  0.82291
-40.750 -35.750  0.83522
-40.750 -35.250  0.84900
-40.750 -34.750  0.86447
-40.750 -34.250  0.88192
-40.750 -33.750  0.90167
-40.750 -33.250  0.92414
-40.750 -32.750  0.94983
-40.750 -32.250  0.97938
-40.750 -31.750  1.01359
-40.750 -31.250  1.05349
-40.750 -30.750  1.10039
-40.750 -30.250  1.15603
-40.750 -29.750  1.22271
-40.750 -29.250  1.30351
-40.750 -28.750  1.40265
-40.750 -28.250  1.52599
-40.750 -27.750  1.68177
-40.750 -27.250  1.88173
-40.750 -26.750  2.14276
-40.750 -26.250  2.48903
-40.750 -25.750  2.95417
-40.750 -25.250  3.58124
-40.750 -24.750  4.41381
-40.750 -24.250  5.46583
-40.750 -23.750  6.66600
-40.750 -23.250  7.82146
-40.750 -22.750  8.67762
-40.750 -22.250  9.04471
-40.750 -21.750  8.86506
-40.750 -21.250  8.19115
-40.750 -20.750  7.13036
-40.750 -20.250  5.73295
-40.750 -19.750  4.60403
-40.750 -19.250  4.86637
-40.750 -18.750  5.10948
-40.750 -18.250  4.97922
-40.750 -17.750  4.74771
-40.750 -17.250  4.50148
-40.750 -16.750  4.25303
-40.750 -16.250  4.00933
-40.750 -15.750  3.77586
-40.750 -15.250  3.55665
-40.750 -14.750  3.35447
-40.750 -14.250  3.17111
-40.750 -13.750  3.00754
-40.750 -13.250  2.86416
-40.750 -12.750  2.74083
-40.750 -12.250  2.63705
-40.750 -11.750  2.55201
-40.750 -11.250  2.48469
-40.750 -10.750  2.43389
-40.750 -10.250  2.39828
-40.750 -9.750  2.37646
-40.750 -9.250  2.36697
-40.750 -8.750  2.36833
-40.750 -8.250  2.37906
-40.750 -7.750  2.39770
-40.750 -7.250  2.42281
-40.750 -6.750  2.45302
-40.750 -6.250  2.48698
-40.750 -5.750  2.52344
-40.750 -5.250  2.56122
-40.750 -4.750  2.59921
-40.750 -4.250  2.63638
-40.750 -3.750  2.67181
-40.750 -3.250  2.70467
-40.750 -2.750  2.73422
-40.750 -2.250  2.75982
-40.750 -1.750  2.78094
-40.750 -1.250  2.79716
-40.750 -0.750  2.80816
-40.750 -0.250  2.81370
-40.750 0.250  2.81370
-40.750 0.750  2.80816
-40.750 1.250  2.79716
-40.750 1.750  2.78094
-40.750 2.250  2.75982
-40.750 2.750  2.73422
-40.750 3.250  2.70467
-40.750 3.750  2.67181
-40.750 4.250  2.63638
-40.750 4.750  2.59921
-40.750 5.250  2.56122
-40.750 5.750  2.52344
-40.750 6.250  2.48698
-40.750 6.750  2.45302
-40.750 7.250  2.42281
-40.750 7.750  2.39770
-40.750 8.250  2.37906
-40.750 8.750  2.36833
-40.750 9.250  2.36697
-40.750 9.750  2.37646
-40.750 10.250  2.39828
-40.750 10.750  2.43389
-40.750 11.250  2.48469
-40.750 11.750  2.55201
-40.750 12.250  2.63705
-40.750 12.750  2.74083
-40.750 13.250  2.86416
-40.750 13.750  3.00754
-40.750 14.250  3.17111
-40.750 14.750  3.35447
-40.750 15.250  3.55665
-40.750 15.750  3.77586
-40.750 16.250  4.00933
-40.750 16.750  4.25303
-40.750 17.250  4.50148
-40.750 17.750  4.74771
-40.750 18.250  4.97922
-40.750 18.750  5.10948
-40.750 19.250  4.86637
-40.750 19.750  4.60403
-40.750 20.250  5.73295
-40.750 20.750  7.13036
-40.750 21.250  8.19115
-40.750 21.750  8.86506
-40.750 22.250  9.04471
-40.750 22.750  8.67762
-40.750 23.250  7.82146
-40.750 23.750  6.66600
-40.750 24.250  5.46583
-40.750 24.750  4.41381
-40.750 25.250  3.58124
-40.750 25.750  2.95417
-40.750 26.250  2.48903
-40.750 26.750  2.14276
-40.750 27.250  1.88173
-40.750 27.750  1.68177
-40.750 28.250  1.52599
-40.750 28.750  1.40265
-40.750 29.250  1.30351
-40.750 29.750  1.22271
-40.750 30.250  1.15603
-40.750 30.750  1.10039
-40.750 31.250  1.05349
-40.750 31.750  1.01359
-40.750 32.250  0.97938
-40.750 32.750  0.94983
-40.750 33.250  0.92414
-40.750 33.750  0.90167
-40.750 34.250  0.88192
-40.750 34.750  0.86447
-40.750 35.250  0.84900
-40.750 35.750  0.83522
-40.750 36.250  0.82291
-40.750 36.750  0.81188
-40.750 37.250  0.80197
-40.750 37.750  0.79304
-40.750 38.250  0.78498
-40.750 38.750  0.77770
-40.750 39.250  0.77111
-40.750 39.750  0.76513
-40.750 40.250  0.75970
-40.750 40.750  0.75478
-40.750 41.250  0.75030
-40.750 41.750  0.74623
-40.750 42.250  0.74253
-40.750 42.750  0.73917
-40.750 43.250  0.73611
-40.750 43.750  0.73334
-40.750 44.250  0.73082
-40.750 44.750  0.72855
-40.250 -44.750  0.73636
-40.250 -44.250  0.73788
-40.250 -43.750  0.73960
-40.250 -43.250  0.74155
-40.250 -42.750  0.74374
-40.250 -42.250  0.74618
-40.250 -41.750  0.74891
-40.250 -41.250  0.75196
-40.250 -40.750  0.75534
-40.250 -40.250  0.75909
-40.250 -39.750  0.76326
-40.250 -39.250  0.76788
-40.250 -38.750  0.77300
-40.250 -38.250  0.77868
-40.250 -37.750  0.78499
-40.250 -37.250  0.79200
-40.250 -36.750  0.79980
-40.250 -36.250  0.80849
-40.250 -35.750  0.81821
-40.250 -35.250  0.82909
-40.250 -34.750  0.84131
-40.250 -34.250  0.85510
-40.250 -33.750  0.87071
-40.250 -33.250  0.88846
-40.250 -32.750  0.90875
-40.250 -32.250  0.93208
-40.250 -31.750  0.95910
-40.250 -31.250  0.99063
-40.250 -30.750  1.02773
-40.250 -30.250  1.07184
-40.250 -29.750  1.12486
-40.250 -29.250  1.18943
-40.250 -28.750  1.26922
-40.250 -28.250  1.36953
-40.250 -27.750  1.49809
-40.250 -27.250  1.66658
-40.250 -26.750  1.89306
-40.250 -26.250  2.20609
-40.250 -25.750  2.65156
-40.250 -25.250  3.30210
-40.250 -24.750  4.26262
-40.250 -24.250  5.64045
-40.250 -23.750  7.41348
-40.250 -23.250  9.24901
-40.250 -22.750 10.62001
-40.250 -22.250 11.18878
-40.250 -21.750 10.93534
-40.250 -21.250  9.81272
-40.250 -20.750  6.62382
-40.250 -20.250  4.16932
-40.250 -19.750  3.97815
-40.250 -19.250  4.15518
-40.250 -18.750  4.19661
-40.250 -18.250  4.15819
-40.250 -17.750  4.06610
-40.250 -17.250  3.93850
-40.250 -16.750  3.78937
-40.250 -16.250  3.62931
-40.250 -15.750  3.46634
-40.250 -15.250  3.30640
-40.250 -14.750  3.15384
-40.250 -14.250  3.01178
-40.250 -13.750  2.88230
-40.250 -13.250  2.76675
-40.250 -12.750  2.66583
-40.250 -12.250  2.57974
-40.250 -11.750  2.50833
-40.250 -11.250  2.45110
-40.250 -10.750  2.40737
-40.250 -10.250  2.37624
-40.250 -9.750  2.35670
-40.250 -9.250  2.34765
-40.250 -8.750  2.34792
-40.250 -8.250  2.35633
-40.250 -7.750  2.37165
-40.250 -7.250  2.39268
-40.250 -6.750  2.41826
-40.250 -6.250  2.44723
-40.250 -5.750  2.47851
-40.250 -5.250  2.51105
-40.250 -4.750  2.54388
-40.250 -4.250  2.57609
-40.250 -3.750  2.60687
-40.250 -3.250  2.63547
-40.250 -2.750  2.66123
-40.250 -2.250  2.68357
-40.250 -1.750  2.70203
-40.250 -1.250  2.71621
-40.250 -0.750  2.72583
-40.250 -0.250  2.73069
-40.250 0.250  2.73069
-40.250 0.750  2.72583
-40.250 1.250  2.71621
-40.250 1.750  2.70203
-40.250 2.250  2.68357
-40.250 2.750  2.66123
-40.250 3.250  2.63547
-40.250 3.750  2.60687
-40.250 4.250  2.57609
-40.250 4.750  2.54388
-40.250 5.250  2.51105
-40.250 5.750  2.47851
-40.250 6.250  2.44723
-40.250 6.750  2.41826
-40.250 7.250  2.39268
-40.250 7.750  2.37165
-40.250 8.250  2.35633
-40.250 8.750  2.34792
-40.250 9.250  2.34765
-40.250 9.750  2.35670
-40.250 10.250  2.37624
-40.250 10.750  2.40737
-40.250 11.250  2.45110
-40.250 11.750  2.50833
-40.250 12.250  2.57974
-40.250 12.750  2.66583
-40.250 13.250  2.76675
-40.250 13.750  2.88230
-40.250 14.250  3.01178
-40.250 14.750  3.15384
-40.250 15.250  3.30640
-40.250 15.750  3.46634
-40.250 16.250  3.62931
-40.250 16.750  3.78937
-40.250 17.250  3.93850
-40.250 17.750  4.06610
-40.250 18.250  4.15819
-40.250 18.750  4.19661
-40.250 19.250  4.15518
-40.250 19.750  3.97815
-40.250 20.250  4.16932
-40.250 20.750  6.62382
-40.250 21.250  9.81272
-40.250 21.750 10.93534
-40.250 22.250 11.18878
-40.250 22.750 10.62001
-40.250 23.250  9.24901
-40.250 23.750  7.41348
-40.250 24.250  5.64045
-40.250 24.750  4.26262
-40.250 25.250  3.30210
-40.250 25.750  2.65156
-40.250 26.250  2.20609
-40.250 26.750  1.89306
-40.250 27.250  1.66658
-40.250 27.750  1.49809
-40.250 28.250  1.36953
-40.250 28.750  1.26922
-40.250 29.250  1.18943
-40.250 29.750  1.12486
-40.250 30.250  1.07184
-40.250 30.750  1.02773
-40.250 31.250  0.99063
-40.250 31.750  0.95910
-40.250 32.250  0.93208
-40.250 32.750  0.90875
-40.250 33.250  0.88846
-40.250 33.750  0.87071
-40.250 34.250  0.85510
-40.250 34.750  0.84131
-40.250 35.250  0.82909
-40.250 35.750  0.81821
-40.250 36.250  0.80849
-40.250 36.750  0.79980
-40.250 37.250  0.79200
-40.250 37.750  0.78499
-40.250 38.250  0.77868
-40.250 38.750  0.77300
-40.250 39.250  0.76788
-40.250 39.750  0.76326
-40.250 40.250  0.75909
-40.250 40.750  0.75534
-40.250 41.250  0.75196
-40.250 41.750  0.74891
-40.250 42.250  0.74618
-40.250 42.750  0.74374
-40.250 43.250  0.74155
-40.250 43.750  0.73960
-40.250 44.250  0.73788
-40.250 44.750  0.73636
-39.750 -44.750  0.74399
-39.750 -44.250  0.74473
-39.750 -43.750  0.74565
-39.750 -43.250  0.74675
-39.750 -42.750  0.74805
-39.750 -42.250  0.74955
-39.750 -41.750  0.75129
-39.750 -41.250  0.75328
-39.750 -40.750  0.75553
-39.750 -40.250  0.75807
-39.750 -39.750  0.76093
-39.750 -39.250  0.76414
-39.750 -38.750  0.76774
-39.750 -38.250  0.77175
-39.750 -37.750  0.77624
-39.750 -37.250  0.78124
-39.750 -36.750  0.78682
-39.750 -36.250  0.79306
-39.750 -35.750  0.80003
-39.750 -35.250  0.80784
-39.750 -34.750  0.81660
-39.750 -34.250  0.82647
-39.750 -33.750  0.83761
-39.750 -33.250  0.85025
-39.750 -32.750  0.86464
-39.750 -32.250  0.88113
-39.750 -31.750  0.90015
-39.750 -31.250  0.92225
-39.750 -30.750  0.94816
-39.750 -30.250  0.97885
-39.750 -29.750  1.01564
-39.750 -29.250  1.06037
-39.750 -28.750  1.11568
-39.750 -28.250  1.18544
-39.750 -27.750  1.27551
-39.750 -27.250  1.39514
-39.750 -26.750  1.55958
-39.750 -26.250  1.79516
-39.750 -25.750  2.14995
-39.750 -25.250  2.71638
-39.750 -24.750  3.67673
-39.750 -24.250  5.35795
-39.750 -23.750  8.05302
-39.750 -23.250 11.18809
-39.750 -22.750 13.44605
-39.750 -22.250 13.92551
-39.750 -21.750  9.64552
-39.750 -21.250  2.49630
-39.750 -20.750  1.27438
-39.750 -20.250  2.14760
-39.750 -19.750  2.71348
-39.750 -19.250  3.07178
-39.750 -18.750  3.28398
-39.750 -18.250  3.39020
-39.750 -17.750  3.42027
-39.750 -17.250  3.39661
-39.750 -16.750  3.33618
-39.750 -16.250  3.25188
-39.750 -15.750  3.15353
-39.750 -15.250  3.04855
-39.750 -14.750  2.94256
-39.750 -14.250  2.83972
-39.750 -13.750  2.74304
-39.750 -13.250  2.65464
-39.750 -12.750  2.57593
-39.750 -12.250  2.50772
-39.750 -11.750  2.45041
-39.750 -11.250  2.40399
-39.750 -10.750  2.36821
-39.750 -10.250  2.34258
-39.750 -9.750  2.32644
-39.750 -9.250  2.31900
-39.750 -8.750  2.31938
-39.750 -8.250  2.32667
-39.750 -7.750  2.33988
-39.750 -7.250  2.35802
-39.750 -6.750  2.38011
-39.750 -6.250  2.40519
-39.750 -5.750  2.43232
-39.750 -5.250  2.46059
-39.750 -4.750  2.48917
-39.750 -4.250  2.51726
-39.750 -3.750  2.54413
-39.750 -3.250  2.56913
-39.750 -2.750  2.59167
-39.750 -2.250  2.61124
-39.750 -1.750  2.62741
-39.750 -1.250  2.63985
-39.750 -0.750  2.64828
-39.750 -0.250  2.65254
-39.750 0.250  2.65254
-39.750 0.750  2.64828
-39.750 1.250  2.63985
-39.750 1.750  2.62741
-39.750 2.250  2.61124
-39.750 2.750  2.59167
-39.750 3.250  2.56913
-39.750 3.750  2.54413
-39.750 4.250  2.51726
-39.750 4.750  2.48917
-39.750 5.250  2.46059
-39.750 5.750  2.43232
-39.750 6.250  2.40519
-39.750 6.750  2.38011
-39.750 7.250  2.35802
-39.750 7.750  2.33988
-39.750 8.250  2.32667
-39.750 8.750  2.31938
-39.750 9.250  2.31900
-39.750 9.750  2.32644
-39.750 10.250  2.34258
-39.750 10.750  2.36821
-39.750 11.250  2.40399
-39.750 11.750  2.45041
-39.750 12.250  2.50772
-39.750 12.750  2.57593
-39.750 13.250  2.65464
-39.750 13.750  2.74304
-39.750 14.250  2.83972
-39.750 14.750  2.94256
-39.750 15.250  3.04855
-39.750 15.750  3.15353
-39.750 16.250  3.25188
-39.750 16.750  3.33618
-39.750 17.250  3.39661
-39.750 17.750  3.42027
-39.750 18.250  3.39020
-39.750 18.750  3.28398
-39.750 19.250  3.07178
-39.750 19.750  2.71348
-39.750 20.250  2.14760
-39.750 20.750  1.27438
-39.750 21.250  2.49630
-39.750 21.750  9.64552
-39.750 22.250 13.92551
-39.750 22.750 13.44605
-39.750 23.250 11.18809
-39.750 23.750  8.05302
-39.750 24.250  5.35795
-39.750 24.750  3.67673
-39.750 25.250  2.71638
-39.750 25.750  2.14995
-39.750 26.250  1.79516
-39.750 26.750  1.55958
-39.750 27.250  1.39514
-39.750 27.750  1.27551
-39.750 28.250  1.18544
-39.750 28.750  1.11568
-39.750 29.250  1.06037
-39.750 29.750  1.01564
-39.750 30.250  0.97885
-39.750 30.750  0.94816
-39.750 31.250  0.92225
-39.750 31.750  0.90015
-39.750 32.250  0.88113
-39.750 32.750  0.86464
-39.750 33.250  0.85025
-39.750 33.750  0.83761
-39.750 34.250  0.82647
-39.750 34.750  0.81660
-39.750 35.250  0.80784
-39.750 35.750  0.80003
-39.750 36.250  0.79306
-39.750 36.750  0.78682
-39.750 37.250  0.78124
-39.750 37.750  0.77624
-39.750 38.250  0.77175
-39.750 38.750  0.76774
-39.750 39.250  0.76414
-39.750 39.750  0.76093
-39.750 40.250  0.75807
-39.750 40.750  0.75553
-39.750 41.250  0.75328
-39.750 41.750  0.75129
-39.750 42.250  0.74955
-39.750 42.750  0.74805
-39.750 43.250  0.74675
-39.750 43.750  0.74565
-39.750 44.250  0.74473
-39.750 44.750  0.74399
-39.250 -44.750  0.75145
-39.250 -44.250  0.75141
-39.250 -43.750  0.75151
-39.250 -43.250  0.75175
-39.250 -42.750  0.75214
-39.250 -42.250  0.75270
-39.250 -41.750  0.75342
-39.250 -41.250  0.75433
-39.250 -40.750  0.75543
-39.250 -40.250  0.75673
-39.250 -39.750  0.75826
-39.250 -39.250  0.76003
-39.250 -38.750  0.76205
-39.250 -38.250  0.76436
-39.250 -37.750  0.76696
-39.250 -37.250  0.76990
-39.250 -36.750  0.77320
-39.250 -36.250  0.77689
-39.250 -35.750  0.78102
-39.250 -35.250  0.78564
-39.250 -34.750  0.79080
-39.250 -34.250  0.79657
-39.250 -33.750  0.80304
-39.250 -33.250  0.81029
-39.250 -32.750  0.81845
-39.250 -32.250  0.82768
-39.250 -31.750  0.83815
-39.250 -31.250  0.85010
-39.250 -30.750  0.86386
-39.250 -30.250  0.87983
-39.250 -29.750  0.89859
-39.250 -29.250  0.92094
-39.250 -28.750  0.94802
-39.250 -28.250  0.98157
-39.250 -27.750  1.02429
-39.250 -27.250  1.08061
-39.250 -26.750  1.15827
-39.250 -26.250  1.27176
-39.250 -25.750  1.45077
-39.250 -25.250  1.76356
-39.250 -24.750  2.39196
-39.250 -24.250  3.90869
-39.250 -23.750  8.04386
-39.250 -23.250 13.95731
-39.250 -22.750 13.53647
-39.250 -22.250  1.18697
-39.250 -21.750 -4.08996
-39.250 -21.250 -1.70854
-39.250 -20.750 -0.18023
-39.250 -20.250  0.87787
-39.250 -19.750  1.61916
-39.250 -19.250  2.13149
-39.250 -18.750  2.47611
-39.250 -18.250  2.69719
-39.250 -17.750  2.82728
-39.250 -17.250  2.89082
-39.250 -16.750  2.90637
-39.250 -16.250  2.88812
-39.250 -15.750  2.84703
-39.250 -15.250  2.79148
-39.250 -14.750  2.72795
-39.250 -14.250  2.66135
-39.250 -13.750  2.59537
-39.250 -13.250  2.53275
-39.250 -12.750  2.47544
-39.250 -12.250  2.42476
-39.250 -11.750  2.38154
-39.250 -11.250  2.34621
-39.250 -10.750  2.31889
-39.250 -10.250  2.29942
-39.250 -9.750  2.28746
-39.250 -9.250  2.28250
-39.250 -8.750  2.28395
-39.250 -8.250  2.29109
-39.250 -7.750  2.30317
-39.250 -7.250  2.31941
-39.250 -6.750  2.33899
-39.250 -6.250  2.36111
-39.250 -5.750  2.38499
-39.250 -5.250  2.40985
-39.250 -4.750  2.43497
-39.250 -4.250  2.45965
-39.250 -3.750  2.48328
-39.250 -3.250  2.50526
-39.250 -2.750  2.52508
-39.250 -2.250  2.54231
-39.250 -1.750  2.55654
-39.250 -1.250  2.56749
-39.250 -0.750  2.57492
-39.250 -0.250  2.57868
-39.250 0.250  2.57868
-39.250 0.750  2.57492
-39.250 1.250  2.56749
-39.250 1.750  2.55654
-39.250 2.250  2.54231
-39.250 2.750  2.52508
-39.250 3.250  2.50526
-39.250 3.750  2.48328
-39.250 4.250  2.45965
-39.250 4.750  2.43497
-39.250 5.250  2.40985
-39.250 5.750  2.38499
-39.250 6.250  2.36111
-39.250 6.750  2.33899
-39.250 7.250  2.31941
-39.250 7.750  2.30317
-39.250 8.250  2.29109
-39.250 8.750  2.28395
-39.250 9.250  2.28250
-39.250 9.750  2.28746
-39.250 10.250  2.29942
-39.250 10.750  2.31889
-39.250 11.250  2.34621
-39.250 11.750  2.38154
-39.250 12.250  2.42476
-39.250 12.750  2.47544
-39.250 13.250  2.53275
-39.250 13.750  2.59537
-39.250 14.250  2.66135
-39.250 14.750  2.72795
-39.250 15.250  2.79148
-39.250 15.750  2.84703
-39.250 16.250  2.88812
-39.250 16.750  2.90637
-39.250 17.250  2.89082
-39.250 17.750  2.82728
-39.250 18.250  2.69719
-39.250 18.750  2.47611
-39.250 19.250  2.13149
-39.250 19.750  1.61916
-39.250 20.250  0.87787
-39.250 20.750 -0.18023
-39.250 21.250 -1.70854
-39.250 21.750 -4.08996
-39.250 22.250  1.18697
-39.250 22.750 13.53647
-39.250 23.250 13.95731
-39.250 23.750  8.04386
-39.250 24.250  3.90869
-39.250 24.750  2.39196
-39.250 25.250  1.76356
-39.250 25.750  1.45077
-39.250 26.250  1.27176
-39.250 26.750  1.15827
-39.250 27.250  1.08061
-39.250 27.750  1.02429
-39.250 28.250  0.98157
-39.250 28.750  0.94802
-39.250 29.250  0.92094
-39.250 29.750  0.89859
-39.250 30.250  0.87983
-39.250 30.750  0.86386
-39.250 31.250  0.85010
-39.250 31.750  0.83815
-39.250 32.250  0.82768
-39.250 32.750  0.81845
-39.250 33.250  0.81029
-39.250 33.750  0.80304
-39.250 34.250  0.79657
-39.250 34.750  0.79080
-39.250 35.250  0.78564
-39.250 35.750  0.78102
-39.250 36.250  0.77689
-39.250 36.750  0.77320
-39.250 37.250  0.76990
-39.250 37.750  0.76696
-39.250 38.250  0.76436
-39.250 38.750  0.76205
-39.250 39.250  0.76003
-39.250 39.750  0.75826
-39.250 40.250  0.75673
-39.250 40.750  0.75543
-39.250 41.250  0.75433
-39.250 41.750  0.75342
-39.250 42.250  0.75270
-39.250 42.750  0.75214
-39.250 43.250  0.75175
-39.250 43.750  0.75151
-39.250 44.250  0.75141
-39.250 44.750  0.75145
-38.750 -44.750  0.75879
-38.750 -44.250  0.75796
-38.750 -43.750  0.75723
-38.750 -43.250  0.75660
-38.750 -42.750  0.75608
-38.750 -42.250  0.75567
-38.750 -41.750  0.75537
-38.750 -41.250  0.75519
-38.750 -40.750  0.75512
-38.750 -40.250  0.75517
-38.750 -39.750  0.75535
-38.750 -39.250  0.75566
-38.750 -38.750  0.75609
-38.750 -38.250  0.75666
-38.750 -37.750  0.75736
-38.750 -37.250  0.75820
-38.750 -36.750  0.75918
-38.750 -36.250  0.76028
-38.750 -35.750  0.76153
-38.750 -35.250  0.76289
-38.750 -34.750  0.76438
-38.750 -34.250  0.76598
-38.750 -33.750  0.76767
-38.750 -33.250  0.76943
-38.750 -32.750  0.77121
-38.750 -32.250  0.77298
-38.750 -31.750  0.77467
-38.750 -31.250  0.77617
-38.750 -30.750  0.77737
-38.750 -30.250  0.77807
-38.750 -29.750  0.77802
-38.750 -29.250  0.77686
-38.750 -28.750  0.77404
-38.750 -28.250  0.76880
-38.750 -27.750  0.75997
-38.750 -27.250  0.74575
-38.750 -26.750  0.72336
-38.750 -26.250  0.68823
-38.750 -25.750  0.63275
-38.750 -25.250  0.54398
-38.750 -24.750  0.40168
-38.750 -24.250  0.20688
-38.750 -23.750  0.94844
-38.750 -23.250  7.37647
-38.750 -22.750 -14.70371
-38.750 -22.250 -8.37554
-38.750 -21.750 -5.06657
-38.750 -21.250 -2.83358
-38.750 -20.750 -1.24080
-38.750 -20.250 -0.08798
-38.750 -19.750  0.74980
-38.750 -19.250  1.35616
-38.750 -18.750  1.78991
-38.750 -18.250  2.09384
-38.750 -17.750  2.29989
-38.750 -17.250  2.43232
-38.750 -16.750  2.50979
-38.750 -16.250  2.54680
-38.750 -15.750  2.55465
-38.750 -15.250  2.54215
-38.750 -14.750  2.51622
-38.750 -14.250  2.48220
-38.750 -13.750  2.44422
-38.750 -13.250  2.40545
-38.750 -12.750  2.36823
-38.750 -12.250  2.33426
-38.750 -11.750  2.30473
-38.750 -11.250  2.28039
-38.750 -10.750  2.26168
-38.750 -10.250  2.24872
-38.750 -9.750  2.24145
-38.750 -9.250  2.23960
-38.750 -8.750  2.24280
-38.750 -8.250  2.25056
-38.750 -7.750  2.26231
-38.750 -7.250  2.27745
-38.750 -6.750  2.29532
-38.750 -6.250  2.31529
-38.750 -5.750  2.33668
-38.750 -5.250  2.35886
-38.750 -4.750  2.38120
-38.750 -4.250  2.40312
-38.750 -3.750  2.42407
-38.750 -3.250  2.44356
-38.750 -2.750  2.46112
-38.750 -2.250  2.47637
-38.750 -1.750  2.48898
-38.750 -1.250  2.49867
-38.750 -0.750  2.50525
-38.750 -0.250  2.50857
-38.750 0.250  2.50857
-38.750 0.750  2.50525
-38.750 1.250  2.49867
-38.750 1.750  2.48898
-38.750 2.250  2.47637
-38.750 2.750  2.46112
-38.750 3.250  2.44356
-38.750 3.750  2.42407
-38.750 4.250  2.40312
-38.750 4.750  2.38120
-38.750 5.250  2.35886
-38.750 5.750  2.33668
-38.750 6.250  2.31529
-38.750 6.750  2.29532
-38.750 7.250  2.27745
-38.750 7.750  2.26231
-38.750 8.250  2.25056
-38.750 8.750  2.24280
-38.750 9.250  2.23960
-38.750 9.750  2.24145
-38.750 10.250  2.24872
-38.750 10.750  2.26168
-38.750 11.250  2.28039
-38.750 11.750  2.30473
-38.750 12.250  2.33426
-38.750 12.750  2.36823
-38.750 13.250  2.40545
-38.750 13.750  2.44422
-38.750 14.250  2.48220
-38.750 14.750  2.51622
-38.750 15.250  2.54215
-38.750 15.750  2.55465
-38.750 16.250  2.54680
-38.750 16.750  2.50979
-38.750 17.250  2.43232
-38.750 17.750  2.29989
-38.750 18.250  2.09384
-38.750 18.750  1.78991
-38.750 19.250  1.35616
-38.750 19.750  0.74980
-38.750 20.250 -0.08798
-38.750 20.750 -1.24080
-38.750 21.250 -2.83358
-38.750 21.750 -5.06657
-38.750 22.250 -8.37554
-38.750 22.750 -14.70371
-38.750 23.250  7.37647
-38.750 23.750  0.94844
-38.750 24.250  0.20688
-38.750 24.750  0.40168
-38.750 25.250  0.54398
-38.750 25.750  0.63275
-38.750 26.250  0.68823
-38.750 26.750  0.72336
-38.750 27.250  0.74575
-38.750 27.750  0.75997
-38.750 28.250  0.76880
-38.750 28.750  0.77404
-38.750 29.250  0.77686
-38.750 29.750  0.77802
-38.750 30.250  0.77807
-38.750 30.750  0.77737
-38.750 31.250  0.77617
-38.750 31.750  0.77467
-38.750 32.250  0.77298
-38.750 32.750  0.77121
-38.750 33.250  0.76943
-38.750 33.750  0.76767
-38.750 34.250  0.76598
-38.750 34.750  0.76438
-38.750 35.250  0.76289
-38.750 35.750  0.76153
-38.750 36.250  0.76028
-38.750 36.750  0.75918
-38.750 37.250  0.75820
-38.750 37.750  0.75736
-38.750 38.250  0.75666
-38.750 38.750  0.75609
-38.750 39.250  0.75566
-38.750 39.750  0.75535
-38.750 40.250  0.75517
-38.750 40.750  0.75512
-38.750 41.250  0.75519
-38.750 41.750  0.75537
-38.750 42.250  0.75567
-38.750 42.750  0.75608
-38.750 43.250  0.75660
-38.750 43.750  0.75723
-38.750 44.250  0.75796
-38.750 44.750  0.75879
-38.250 -44.750  0.76603
-38.250 -44.250  0.76440
-38.250 -43.750  0.76284
-38.250 -43.250  0.76135
-38.250 -42.750  0.75991
-38.250 -42.250  0.75853
-38.250 -41.750  0.75720
-38.250 -41.250  0.75593
-38.250 -40.750  0.75469
-38.250 -40.250  0.75349
-38.250 -39.750  0.75232
-38.250 -39.250  0.75116
-38.250 -38.750  0.75000
-38.250 -38.250  0.74883
-38.250 -37.750  0.74763
-38.250 -37.250  0.74637
-38.250 -36.750  0.74502
-38.250 -36.250  0.74355
-38.250 -35.750  0.74190
-38.250 -35.250  0.74003
-38.250 -34.750  0.73786
-38.250 -34.250  0.73530
-38.250 -33.750  0.73224
-38.250 -33.250  0.72853
-38.250 -32.750  0.72399
-38.250 -32.250  0.71837
-38.250 -31.750  0.71136
-38.250 -31.250  0.70254
-38.250 -30.750  0.69136
-38.250 -30.250  0.67704
-38.250 -29.750  0.65855
-38.250 -29.250  0.63439
-38.250 -28.750  0.60243
-38.250 -28.250  0.55953
-38.250 -27.750  0.50086
-38.250 -27.250  0.41880
-38.250 -26.750  0.30069
-38.250 -26.250  0.12418
-38.250 -25.750 -0.15338
-38.250 -25.250 -0.62276
-38.250 -24.750 -1.50951
-38.250 -24.250 -3.51821
-38.250 -23.750 -9.35564
-38.250 -23.250 -15.96302
-38.250 -22.750 -11.49031
-38.250 -22.250 -7.97459
-38.250 -21.750 -5.33787
-38.250 -21.250 -3.36233
-38.250 -20.750 -1.87261
-38.250 -20.250 -0.74519
-38.250 -19.750  0.10790
-38.250 -19.250  0.75088
-38.250 -18.750  1.23177
-38.250 -18.250  1.58712
-38.250 -17.750  1.84520
-38.250 -17.250  2.02808
-38.250 -16.750  2.15316
-38.250 -16.250  2.23424
-38.250 -15.750  2.28228
-38.250 -15.250  2.30601
-38.250 -14.750  2.31236
-38.250 -14.250  2.30683
-38.250 -13.750  2.29375
-38.250 -13.250  2.27650
-38.250 -12.750  2.25768
-38.250 -12.250  2.23925
-38.250 -11.750  2.22266
-38.250 -11.250  2.20891
-38.250 -10.750  2.19867
-38.250 -10.250  2.19231
-38.250 -9.750  2.18998
-38.250 -9.250  2.19164
-38.250 -8.750  2.19708
-38.250 -8.250  2.20602
-38.250 -7.750  2.21806
-38.250 -7.250  2.23274
-38.250 -6.750  2.24958
-38.250 -6.250  2.26804
-38.250 -5.750  2.28759
-38.250 -5.250  2.30770
-38.250 -4.750  2.32786
-38.250 -4.250  2.34756
-38.250 -3.750  2.36635
-38.250 -3.250  2.38378
-38.250 -2.750  2.39947
-38.250 -2.250  2.41309
-38.250 -1.750  2.42434
-38.250 -1.250  2.43298
-38.250 -0.750  2.43885
-38.250 -0.250  2.44181
-38.250 0.250  2.44181
-38.250 0.750  2.43885
-38.250 1.250  2.43298
-38.250 1.750  2.42434
-38.250 2.250  2.41309
-38.250 2.750  2.39947
-38.250 3.250  2.38378
-38.250 3.750  2.36635
-38.250 4.250  2.34756
-38.250 4.750  2.32786
-38.250 5.250  2.30770
-38.250 5.750  2.28759
-38.250 6.250  2.26804
-38.250 6.750  2.24958
-38.250 7.250  2.23274
-38.250 7.750  2.21806
-38.250 8.250  2.20602
-38.250 8.750  2.19708
-38.250 9.250  2.19164
-38.250 9.750  2.18998
-38.250 10.250  2.19231
-38.250 10.750  2.19867
-38.250 11.250  2.20891
-38.250 11.750  2.22266
-38.250 12.250  2.23925
-38.250 12.750  2.25768
-38.250 13.250  2.27650
-38.250 13.750  2.29375
-38.250 14.250  2.30683
-38.250 14.750  2.31236
-38.250 15.250  2.30601
-38.250 15.750  2.28228
-38.250 16.250  2.23424
-38.250 16.750  2.15316
-38.250 17.250  2.02808
-38.250 17.750  1.84520
-38.250 18.250  1.58712
-38.250 18.750  1.23177
-38.250 19.250  0.75088
-38.250 19.750  0.10790
-38.250 20.250 -0.74519
-38.250 20.750 -1.87261
-38.250 21.250 -3.36233
-38.250 21.750 -5.33787
-38.250 22.250 -7.97459
-38.250 22.750 -11.49031
-38.250 23.250 -15.96302
-38.250 23.750 -9.35564
-38.250 24.250 -3.51821
-38.250 24.750 -1.50951
-38.250 25.250 -0.62276
-38.250 25.750 -0.15338
-38.250 26.250  0.12418
-38.250 26.750  0.30069
-38.250 27.250  0.41880
-38.250 27.750  0.50086
-38.250 28.250  0.55953
-38.250 28.750  0.60243
-38.250 29.250  0.63439
-38.250 29.750  0.65855
-38.250 30.250  0.67704
-38.250 30.750  0.69136
-38.250 31.250  0.70254
-38.250 31.750  0.71136
-38.250 32.250  0.71837
-38.250 32.750  0.72399
-38.250 33.250  0.72853
-38.250 33.750  0.73224
-38.250 34.250  0.73530
-38.250 34.750  0.73786
-38.250 35.250  0.74003
-38.250 35.750  0.74190
-38.250 36.250  0.74355
-38.250 36.750  0.74502
-38.250 37.250  0.74637
-38.250 37.750  0.74763
-38.250 38.250  0.74883
-38.250 38.750  0.75000
-38.250 39.250  0.75116
-38.250 39.750  0.75232
-38.250 40.250  0.75349
-38.250 40.750  0.75469
-38.250 41.250  0.75593
-38.250 41.750  0.75720
-38.250 42.250  0.75853
-38.250 42.750  0.75991
-38.250 43.250  0.76135
-38.250 43.750  0.76284
-38.250 44.250  0.76440
-38.250 44.750  0.76603
-37.750 -44.750  0.77320
-37.750 -44.250  0.77078
-37.750 -43.750  0.76839
-37.750 -43.250  0.76603
-37.750 -42.750  0.76368
-37.750 -42.250  0.76134
-37.750 -41.750  0.75899
-37.750 -41.250  0.75662
-37.750 -40.750  0.75423
-37.750 -40.250  0.75178
-37.750 -39.750  0.74926
-37.750 -39.250  0.74665
-37.750 -38.750  0.74392
-37.750 -38.250  0.74103
-37.750 -37.750  0.73795
-37.750 -37.250  0.73462
-37.750 -36.750  0.73099
-37.750 -36.250  0.72698
-37.750 -35.750  0.72250
-37.750 -35.250  0.71746
-37.750 -34.750  0.71172
-37.750 -34.250  0.70512
-37.750 -33.750  0.69745
-37.750 -33.250  0.68846
-37.750 -32.750  0.67782
-37.750 -32.250  0.66513
-37.750 -31.750  0.64984
-37.750 -31.250  0.63125
-37.750 -30.750  0.60843
-37.750 -30.250  0.58012
-37.750 -29.750  0.54463
-37.750 -29.250  0.49955
-37.750 -28.750  0.44151
-37.750 -28.250  0.36557
-37.750 -27.750  0.26436
-37.750 -27.250  0.12643
-37.750 -26.750 -0.06659
-37.750 -26.250 -0.34564
-37.750 -25.750 -0.76559
-37.750 -25.250 -1.42919
-37.750 -24.750 -2.53559
-37.750 -24.250 -4.43489
-37.750 -23.750 -7.27705
-37.750 -23.250 -9.23555
-37.750 -22.750 -8.52322
-37.750 -22.250 -6.74764
-37.750 -21.750 -4.95743
-37.750 -21.250 -3.41382
-37.750 -20.750 -2.14789
-37.750 -20.250 -1.13189
-37.750 -19.750 -0.32652
-37.750 -19.250  0.30584
-37.750 -18.750  0.79781
-37.750 -18.250  1.17667
-37.750 -17.750  1.46493
-37.750 -17.250  1.68104
-37.750 -16.750  1.84007
-37.750 -16.250  1.95436
-37.750 -15.750  2.03394
-37.750 -15.250  2.08701
-37.750 -14.750  2.12019
-37.750 -14.250  2.13885
-37.750 -13.750  2.14731
-37.750 -13.250  2.14901
-37.750 -12.750  2.14665
-37.750 -12.250  2.14234
-37.750 -11.750  2.13769
-37.750 -11.250  2.13387
-37.750 -10.750  2.13174
-37.750 -10.250  2.13185
-37.750 -9.750  2.13451
-37.750 -9.250  2.13986
-37.750 -8.750  2.14786
-37.750 -8.250  2.15838
-37.750 -7.750  2.17116
-37.750 -7.250  2.18589
-37.750 -6.750  2.20220
-37.750 -6.250  2.21969
-37.750 -5.750  2.23794
-37.750 -5.250  2.25651
-37.750 -4.750  2.27498
-37.750 -4.250  2.29294
-37.750 -3.750  2.30998
-37.750 -3.250  2.32575
-37.750 -2.750  2.33992
-37.750 -2.250  2.35219
-37.750 -1.750  2.36231
-37.750 -1.250  2.37008
-37.750 -0.750  2.37535
-37.750 -0.250  2.37801
-37.750 0.250  2.37801
-37.750 0.750  2.37535
-37.750 1.250  2.37008
-37.750 1.750  2.36231
-37.750 2.250  2.35219
-37.750 2.750  2.33992
-37.750 3.250  2.32575
-37.750 3.750  2.30998
-37.750 4.250  2.29294
-37.750 4.750  2.27498
-37.750 5.250  2.25651
-37.750 5.750  2.23794
-37.750 6.250  2.21969
-37.750 6.750  2.20220
-37.750 7.250  2.18589
-37.750 7.750  2.17116
-37.750 8.250  2.15838
-37.750 8.750  2.14786
-37.750 9.250  2.13986
-37.750 9.750  2.13451
-37.750 10.250  2.13185
-37.750 10.750  2.13174
-37.750 11.250  2.13387
-37.750 11.750  2.13769
-37.750 12.250  2.14234
-37.750 12.750  2.14665
-37.750 13.250  2.14901
-37.750 13.750  2.14731
-37.750 14.250  2.13885
-37.750 14.750  2.12019
-37.750 15.250  2.08701
-37.750 15.750  2.03394
-37.750 16.250  1.95436
-37.750 16.750  1.84007
-37.750 17.250  1.68104
-37.750 17.750  1.46493
-37.750 18.250  1.17667
-37.750 18.750  0.79781
-37.750 19.250  0.30584
-37.750 19.750 -0.32652
-37.750 20.250 -1.13189
-37.750 20.750 -2.14789
-37.750 21.250 -3.41382
-37.750 21.750 -4.95743
-37.750 22.250 -6.74764
-37.750 22.750 -8.52322
-37.750 23.250 -9.23555
-37.750 23.750 -7.27705
-37.750 24.250 -4.43489
-37.750 24.750 -2.53559
-37.750 25.250 -1.42919
-37.750 25.750 -0.76559
-37.750 26.250 -0.34564
-37.750 26.750 -0.06659
-37.750 27.250  0.12643
-37.750 27.750  0.26436
-37.750 28.250  0.36557
-37.750 28.750  0.44151
-37.750 29.250  0.49955
-37.750 29.750  0.54463
-37.750 30.250  0.58012
-37.750 30.750  0.60843
-37.750 31.250  0.63125
-37.750 31.750  0.64984
-37.750 32.250  0.66513
-37.750 32.750  0.67782
-37.750 33.250  0.68846
-37.750 33.750  0.69745
-37.750 34.250  0.70512
-37.750 34.750  0.71172
-37.750 35.250  0.71746
-37.750 35.750  0.72250
-37.750 36.250  0.72698
-37.750 36.750  0.73099
-37.750 37.250  0.73462
-37.750 37.750  0.73795
-37.750 38.250  0.74103
-37.750 38.750  0.74392
-37.750 39.250  0.74665
-37.750 39.750  0.74926
-37.750 40.250  0.75178
-37.750 40.750  0.75423
-37.750 41.250  0.75662
-37.750 41.750  0.75899
-37.750 42.250  0.76134
-37.750 42.750  0.76368
-37.750 43.250  0.76603
-37.750 43.750  0.76839
-37.750 44.250  0.77078
-37.750 44.750  0.77320
-37.250 -44.750  0.78033
-37.250 -44.250  0.77713
-37.250 -43.750  0.77392
-37.250 -43.250  0.77070
-37.250 -42.750  0.76744
-37.250 -42.250  0.76415
-37.250 -41.750  0.76079
-37.250 -41.250  0.75735
-37.250 -40.750  0.75381
-37.250 -40.250  0.75014
-37.250 -39.750  0.74630
-37.250 -39.250  0.74227
-37.250 -38.750  0.73800
-37.250 -38.250  0.73343
-37.250 -37.750  0.72851
-37.250 -37.250  0.72317
-37.250 -36.750  0.71733
-37.250 -36.250  0.71087
-37.250 -35.750  0.70367
-37.250 -35.250  0.69559
-37.250 -34.750  0.68644
-37.250 -34.250  0.67599
-37.250 -33.750  0.66397
-37.250 -33.250  0.65002
-37.250 -32.750  0.63370
-37.250 -32.250  0.61446
-37.250 -31.750  0.59158
-37.250 -31.250  0.56413
-37.250 -30.750  0.53091
-37.250 -30.250  0.49029
-37.250 -29.750  0.44012
-37.250 -29.250  0.37743
-37.250 -28.750  0.29809
-37.250 -28.250  0.19626
-37.250 -27.750  0.06347
-37.250 -27.250 -0.11279
-37.250 -26.750 -0.35150
-37.250 -26.250 -0.68186
-37.250 -25.750 -1.14919
-37.250 -25.250 -1.82169
-37.250 -24.750 -2.78722
-37.250 -24.250 -4.09218
-37.250 -23.750 -5.52196
-37.250 -23.250 -6.41314
-37.250 -22.750 -6.28598
-37.250 -22.250 -5.42624
-37.250 -21.750 -4.30156
-37.250 -21.250 -3.18038
-37.250 -20.750 -2.17203
-37.250 -20.250 -1.30846
-37.250 -19.750 -0.58884
-37.250 -19.250  0.00028
-37.250 -18.750  0.47615
-37.250 -18.250  0.85615
-37.250 -17.750  1.15626
-37.250 -17.250  1.39061
-37.250 -16.750  1.57135
-37.250 -16.250  1.70886
-37.250 -15.750  1.81187
-37.250 -15.250  1.88767
-37.250 -14.750  1.94236
-37.250 -14.250  1.98093
-37.250 -13.750  2.00752
-37.250 -13.250  2.02547
-37.250 -12.750  2.03748
-37.250 -12.250  2.04570
-37.250 -11.750  2.05181
-37.250 -11.250  2.05711
-37.250 -10.750  2.06254
-37.250 -10.250  2.06880
-37.250 -9.750  2.07633
-37.250 -9.250  2.08540
-37.250 -8.750  2.09612
-37.250 -8.250  2.10845
-37.250 -7.750  2.12229
-37.250 -7.250  2.13744
-37.250 -6.750  2.15364
-37.250 -6.250  2.17059
-37.250 -5.750  2.18796
-37.250 -5.250  2.20542
-37.250 -4.750  2.22262
-37.250 -4.250  2.23922
-37.250 -3.750  2.25489
-37.250 -3.250  2.26933
-37.250 -2.750  2.28226
-37.250 -2.250  2.29344
-37.250 -1.750  2.30264
-37.250 -1.250  2.30969
-37.250 -0.750  2.31447
-37.250 -0.250  2.31689
-37.250 0.250  2.31689
-37.250 0.750  2.31447
-37.250 1.250  2.30969
-37.250 1.750  2.30264
-37.250 2.250  2.29344
-37.250 2.750  2.28226
-37.250 3.250  2.26933
-37.250 3.750  2.25489
-37.250 4.250  2.23922
-37.250 4.750  2.22262
-37.250 5.250  2.20542
-37.250 5.750  2.18796
-37.250 6.250  2.17059
-37.250 6.750  2.15364
-37.250 7.250  2.13744
-37.250 7.750  2.12229
-37.250 8.250  2.10845
-37.250 8.750  2.09612
-37.250 9.250  2.08540
-37.250 9.750  2.07633
-37.250 10.250  2.06880
-37.250 10.750  2.06254
-37.250 11.250  2.05711
-37.250 11.750  2.05181
-37.250 12.250  2.04570
-37.250 12.750  2.03748
-37.250 13.250  2.02547
-37.250 13.750  2.00752
-37.250 14.250  1.98093
-37.250 14.750  1.94236
-37.250 15.250  1.88767
-37.250 15.750  1.81187
-37.250 16.250  1.70886
-37.250 16.750  1.57135
-37.250 17.250  1.39061
-37.250 17.750  1.15626
-37.250 18.250  0.85615
-37.250 18.750  0.47615
-37.250 19.250  0.00028
-37.250 19.750 -0.58884
-37.250 20.250 -1.30846
-37.250 20.750 -2.17203
-37.250 21.250 -3.18038
-37.250 21.750 -4.30156
-37.250 22.250 -5.42624
-37.250 22.750 -6.28598
-37.250 23.250 -6.41314
-37.250 23.750 -5.52196
-37.250 24.250 -4.09218
-37.250 24.750 -2.78722
-37.250 25.250 -1.82169
-37.250 25.750 -1.14919
-37.250 26.250 -0.68186
-37.250 26.750 -0.35150
-37.250 27.250 -0.11279
-37.250 27.750  0.06347
-37.250 28.250  0.19626
-37.250 28.750  0.29809
-37.250 29.250  0.37743
-37.250 29.750  0.44012
-37.250 30.250  0.49029
-37.250 30.750  0.53091
-37.250 31.250  0.56413
-37.250 31.750  0.59158
-37.250 32.250  0.61446
-37.250 32.750  0.63370
-37.250 33.250  0.65002
-37.250 33.750  0.66397
-37.250 34.250  0.67599
-37.250 34.750  0.68644
-37.250 35.250  0.69559
-37.250 35.750  0.70367
-37.250 36.250  0.71087
-37.250 36.750  0.71733
-37.250 37.250  0.72317
-37.250 37.750  0.72851
-37.250 38.250  0.73343
-37.250 38.750  0.73800
-37.250 39.250  0.74227
-37.250 39.750  0.74630
-37.250 40.250  0.75014
-37.250 40.750  0.75381
-37.250 41.250  0.75735
-37.250 41.750  0.76079
-37.250 42.250  0.76415
-37.250 42.750  0.76744
-37.250 43.250  0.77070
-37.250 43.750  0.77392
-37.250 44.250  0.77713
-37.250 44.750  0.78033
-36.750 -44.750  0.78746
-36.750 -44.250  0.78348
-36.750 -43.750  0.77947
-36.750 -43.250  0.77539
-36.750 -42.750  0.77125
-36.750 -42.250  0.76702
-36.750 -41.750  0.76267
-36.750 -41.250  0.75818
-36.750 -40.750  0.75352
-36.750 -40.250  0.74866
-36.750 -39.750  0.74354
-36.750 -39.250  0.73813
-36.750 -38.750  0.73236
-36.750 -38.250  0.72618
-36.750 -37.750  0.71950
-36.750 -37.250  0.71223
-36.750 -36.750  0.70427
-36.750 -36.250  0.69549
-36.750 -35.750  0.68572
-36.750 -35.250  0.67478
-36.750 -34.750  0.66244
-36.750 -34.250  0.64843
-36.750 -33.750  0.63240
-36.750 -33.250  0.61392
-36.750 -32.750  0.59248
-36.750 -32.250  0.56739
-36.750 -31.750  0.53784
-36.750 -31.250  0.50273
-36.750 -30.750  0.46069
-36.750 -30.250  0.40989
-36.750 -29.750  0.34795
-36.750 -29.250  0.27167
-36.750 -28.750  0.17674
-36.750 -28.250  0.05725
-36.750 -27.750 -0.09496
-36.750 -27.250 -0.29124
-36.750 -26.750 -0.54739
-36.750 -26.250 -0.88503
-36.750 -25.750 -1.33206
-36.750 -25.250 -1.91898
-36.750 -24.750 -2.66198
-36.750 -24.250 -3.51837
-36.750 -23.750 -4.32243
-36.750 -23.250 -4.80386
-36.750 -22.750 -4.78492
-36.750 -22.250 -4.32624
-36.750 -21.750 -3.61637
-36.750 -21.250 -2.82242
-36.750 -20.750 -2.04654
-36.750 -20.250 -1.33928
-36.750 -19.750 -0.72014
-36.750 -19.250 -0.19208
-36.750 -18.750  0.25011
-36.750 -18.250  0.61519
-36.750 -17.750  0.91304
-36.750 -17.250  1.15347
-36.750 -16.750  1.34560
-36.750 -16.250  1.49764
-36.750 -15.750  1.61679
-36.750 -15.250  1.70929
-36.750 -14.750  1.78048
-36.750 -14.250  1.83487
-36.750 -13.750  1.87626
-36.750 -13.250  1.90778
-36.750 -12.750  1.93203
-36.750 -12.250  1.95111
-36.750 -11.750  1.96671
-36.750 -11.250  1.98016
-36.750 -10.750  1.99248
-36.750 -10.250  2.00444
-36.750 -9.750  2.01659
-36.750 -9.250  2.02928
-36.750 -8.750  2.04273
-36.750 -8.250  2.05701
-36.750 -7.750  2.07212
-36.750 -7.250  2.08794
-36.750 -6.750  2.10433
-36.750 -6.250  2.12106
-36.750 -5.750  2.13790
-36.750 -5.250  2.15460
-36.750 -4.750  2.17086
-36.750 -4.250  2.18643
-36.750 -3.750  2.20104
-36.750 -3.250  2.21443
-36.750 -2.750  2.22638
-36.750 -2.250  2.23666
-36.750 -1.750  2.24512
-36.750 -1.250  2.25159
-36.750 -0.750  2.25597
-36.750 -0.250  2.25818
-36.750 0.250  2.25818
-36.750 0.750  2.25597
-36.750 1.250  2.25159
-36.750 1.750  2.24512
-36.750 2.250  2.23666
-36.750 2.750  2.22638
-36.750 3.250  2.21443
-36.750 3.750  2.20104
-36.750 4.250  2.18643
-36.750 4.750  2.17086
-36.750 5.250  2.15460
-36.750 5.750  2.13790
-36.750 6.250  2.12106
-36.750 6.750  2.10433
-36.750 7.250  2.08794
-36.750 7.750  2.07212
-36.750 8.250  2.05701
-36.750 8.750  2.04273
-36.750 9.250  2.02928
-36.750 9.750  2.01659
-36.750 10.250  2.00444
-36.750 10.750  1.99248
-36.750 11.250  1.98016
-36.750 11.750  1.96671
-36.750 12.250  1.95111
-36.750 12.750  1.93203
-36.750 13.250  1.90778
-36.750 13.750  1.87626
-36.750 14.250  1.83487
-36.750 14.750  1.78048
-36.750 15.250  1.70929
-36.750 15.750  1.61679
-36.750 16.250  1.49764
-36.750 16.750  1.34560
-36.750 17.250  1.15347
-36.750 17.750  0.91304
-36.750 18.250  0.61519
-36.750 18.750  0.25011
-36.750 19.250 -0.19208
-36.750 19.750 -0.72014
-36.750 20.250 -1.33928
-36.750 20.750 -2.04654
-36.750 21.250 -2.82242
-36.750 21.750 -3.61637
-36.750 22.250 -4.32624
-36.750 22.750 -4.78492
-36.750 23.250 -4.80386
-36.750 23.750 -4.32243
-36.750 24.250 -3.51837
-36.750 24.750 -2.66198
-36.750 25.250 -1.91898
-36.750 25.750 -1.33206
-36.750 26.250 -0.88503
-36.750 26.750 -0.54739
-36.750 27.250 -0.29124
-36.750 27.750 -0.09496
-36.750 28.250  0.05725
-36.750 28.750  0.17674
-36.750 29.250  0.27167
-36.750 29.750  0.34795
-36.750 30.250  0.40989
-36.750 30.750  0.46069
-36.750 31.250  0.50273
-36.750 31.750  0.53784
-36.750 32.250  0.56739
-36.750 32.750  0.59248
-36.750 33.250  0.61392
-36.750 33.750  0.63240
-36.750 34.250  0.64843
-36.750 34.750  0.66244
-36.750 35.250  0.67478
-36.750 35.750  0.68572
-36.750 36.250  0.69549
-36.750 36.750  0.70427
-36.750 37.250  0.71223
-36.750 37.750  0.71950
-36.750 38.250  0.72618
-36.750 38.750  0.73236
-36.750 39.250  0.73813
-36.750 39.750  0.74354
-36.750 40.250  0.74866
-36.750 40.750  0.75352
-36.750 41.250  0.75818
-36.750 41.750  0.76267
-36.750 42.250  0.76702
-36.750 42.750  0.77125
-36.750 43.250  0.77539
-36.750 43.750  0.77947
-36.750 44.250  0.78348
-36.750 44.750  0.78746
-36.250 -44.750  0.79462
-36.250 -44.250  0.78987
-36.250 -43.750  0.78506
-36.250 -43.250  0.78016
-36.250 -42.750  0.77515
-36.250 -42.250  0.77001
-36.250 -41.750  0.76470
-36.250 -41.250  0.75919
-36.250 -40.750  0.75344
-36.250 -40.250  0.74742
-36.250 -39.750  0.74107
-36.250 -39.250  0.73433
-36.250 -38.750  0.72714
-36.250 -38.250  0.71942
-36.250 -37.750  0.71107
-36.250 -37.250  0.70199
-36.250 -36.750  0.69204
-36.250 -36.250  0.68108
-36.250 -35.750  0.66893
-36.250 -35.250  0.65536
-36.250 -34.750  0.64011
-36.250 -34.250  0.62287
-36.250 -33.750  0.60325
-36.250 -33.250  0.58078
-36.250 -32.750  0.55486
-36.250 -32.250  0.52477
-36.250 -31.750  0.48960
-36.250 -31.250  0.44820
-36.250 -30.750  0.39912
-36.250 -30.250  0.34050
-36.250 -29.750  0.26993
-36.250 -29.250  0.18431
-36.250 -28.750  0.07958
-36.250 -28.250 -0.04957
-36.250 -27.750 -0.21005
-36.250 -27.250 -0.41079
-36.250 -26.750 -0.66294
-36.250 -26.250 -0.97955
-36.250 -25.750 -1.37348
-36.250 -25.250 -1.85144
-36.250 -24.750 -2.40119
-36.250 -24.250 -2.97187
-36.250 -23.750 -3.46196
-36.250 -23.250 -3.74602
-36.250 -22.750 -3.74433
-36.250 -22.250 -3.46983
-36.250 -21.750 -3.00313
-36.250 -21.250 -2.43778
-36.250 -20.750 -1.84749
-36.250 -20.250 -1.27937
-36.250 -19.750 -0.75912
-36.250 -19.250 -0.29803
-36.250 -18.750  0.10135
-36.250 -18.250  0.44142
-36.250 -17.750  0.72712
-36.250 -17.250  0.96447
-36.250 -16.750  1.15977
-36.250 -16.250  1.31913
-36.250 -15.750  1.44821
-36.250 -15.250  1.55209
-36.250 -14.750  1.63528
-36.250 -14.250  1.70172
-36.250 -13.750  1.75477
-36.250 -13.250  1.79728
-36.250 -12.750  1.83167
-36.250 -12.250  1.85993
-36.250 -11.750  1.88370
-36.250 -11.250  1.90429
-36.250 -10.750  1.92274
-36.250 -10.250  1.93987
-36.250 -9.750  1.95628
-36.250 -9.250  1.97238
-36.250 -8.750  1.98848
-36.250 -8.250  2.00474
-36.250 -7.750  2.02121
-36.250 -7.250  2.03787
-36.250 -6.750  2.05465
-36.250 -6.250  2.07142
-36.250 -5.750  2.08800
-36.250 -5.250  2.10419
-36.250 -4.750  2.11980
-36.250 -4.250  2.13461
-36.250 -3.750  2.14841
-36.250 -3.250  2.16098
-36.250 -2.750  2.17215
-36.250 -2.250  2.18173
-36.250 -1.750  2.18959
-36.250 -1.250  2.19559
-36.250 -0.750  2.19964
-36.250 -0.250  2.20169
-36.250 0.250  2.20169
-36.250 0.750  2.19964
-36.250 1.250  2.19559
-36.250 1.750  2.18959
-36.250 2.250  2.18173
-36.250 2.750  2.17215
-36.250 3.250  2.16098
-36.250 3.750  2.14841
-36.250 4.250  2.13461
-36.250 4.750  2.11980
-36.250 5.250  2.10419
-36.250 5.750  2.08800
-36.250 6.250  2.07142
-36.250 6.750  2.05465
-36.250 7.250  2.03787
-36.250 7.750  2.02121
-36.250 8.250  2.00474
-36.250 8.750  1.98848
-36.250 9.250  1.97238
-36.250 9.750  1.95628
-36.250 10.250  1.93987
-36.250 10.750  1.92274
-36.250 11.250  1.90429
-36.250 11.750  1.88370
-36.250 12.250  1.85993
-36.250 12.750  1.83167
-36.250 13.250  1.79728
-36.250 13.750  1.75477
-36.250 14.250  1.70172
-36.250 14.750  1.63528
-36.250 15.250  1.55209
-36.250 15.750  1.44821
-36.250 16.250  1.31913
-36.250 16.750  1.15977
-36.250 17.250  0.96447
-36.250 17.750  0.72712
-36.250 18.250  0.44142
-36.250 18.750  0.10135
-36.250 19.250 -0.29803
-36.250 19.750 -0.75912
-36.250 20.250 -1.27937
-36.250 20.750 -1.84749
-36.250 21.250 -2.43778
-36.250 21.750 -3.00313
-36.250 22.250 -3.46983
-36.250 22.750 -3.74433
-36.250 23.250 -3.74602
-36.250 23.750 -3.46196
-36.250 24.250 -2.97187
-36.250 24.750 -2.40119
-36.250 25.250 -1.85144
-36.250 25.750 -1.37348
-36.250 26.250 -0.97955
-36.250 26.750 -0.66294
-36.250 27.250 -0.41079
-36.250 27.750 -0.21005
-36.250 28.250 -0.04957
-36.250 28.750  0.07958
-36.250 29.250  0.18431
-36.250 29.750  0.26993
-36.250 30.250  0.34050
-36.250 30.750  0.39912
-36.250 31.250  0.44820
-36.250 31.750  0.48960
-36.250 32.250  0.52477
-36.250 32.750  0.55486
-36.250 33.250  0.58078
-36.250 33.750  0.60325
-36.250 34.250  0.62287
-36.250 34.750  0.64011
-36.250 35.250  0.65536
-36.250 35.750  0.66893
-36.250 36.250  0.68108
-36.250 36.750  0.69204
-36.250 37.250  0.70199
-36.250 37.750  0.71107
-36.250 38.250  0.71942
-36.250 38.750  0.72714
-36.250 39.250  0.73433
-36.250 39.750  0.74107
-36.250 40.250  0.74742
-36.250 40.750  0.75344
-36.250 41.250  0.75919
-36.250 41.750  0.76470
-36.250 42.250  0.77001
-36.250 42.750  0.77515
-36.250 43.250  0.78016
-36.250 43.750  0.78506
-36.250 44.250  0.78987
-36.250 44.750  0.79462
-35.750 -44.750  0.80182
-35.750 -44.250  0.79633
-35.750 -43.750  0.79075
-35.750 -43.250  0.78504
-35.750 -42.750  0.77919
-35.750 -42.250  0.77316
-35.750 -41.750  0.76692
-35.750 -41.250  0.76043
-35.750 -40.750  0.75364
-35.750 -40.250  0.74652
-35.750 -39.750  0.73899
-35.750 -39.250  0.73099
-35.750 -38.750  0.72245
-35.750 -38.250  0.71328
-35.750 -37.750  0.70337
-35.750 -37.250  0.69260
-35.750 -36.750  0.68082
-35.750 -36.250  0.66787
-35.750 -35.750  0.65354
-35.750 -35.250  0.63761
-35.750 -34.750  0.61977
-35.750 -34.250  0.59969
-35.750 -33.750  0.57695
-35.750 -33.250  0.55105
-35.750 -32.750  0.52138
-35.750 -32.250  0.48718
-35.750 -31.750  0.44753
-35.750 -31.250  0.40128
-35.750 -30.750  0.34701
-35.750 -30.250  0.28293
-35.750 -29.750  0.20681
-35.750 -29.250  0.11586
-35.750 -28.750  0.00657
-35.750 -28.250 -0.12539
-35.750 -27.750 -0.28528
-35.750 -27.250 -0.47927
-35.750 -26.750 -0.71410
-35.750 -26.250 -0.99594
-35.750 -25.750 -1.32794
-35.750 -25.250 -1.70562
-35.750 -24.750 -2.10986
-35.750 -24.250 -2.50021
-35.750 -23.750 -2.81583
-35.750 -23.250 -2.99211
-35.750 -22.750 -2.98858
-35.750 -22.250 -2.80687
-35.750 -21.750 -2.48441
-35.750 -21.250 -2.07340
-35.750 -20.750 -1.62266
-35.750 -20.250 -1.16924
-35.750 -19.750 -0.73753
-35.750 -19.250 -0.34150
-35.750 -18.750  0.01230
-35.750 -18.250  0.32221
-35.750 -17.750  0.58958
-35.750 -17.250  0.81747
-35.750 -16.750  1.00981
-35.750 -16.250  1.17082
-35.750 -15.750  1.30471
-35.750 -15.250  1.41547
-35.750 -14.750  1.50676
-35.750 -14.250  1.58187
-35.750 -13.750  1.64373
-35.750 -13.250  1.69484
-35.750 -12.750  1.73739
-35.750 -12.250  1.77320
-35.750 -11.750  1.80382
-35.750 -11.250  1.83051
-35.750 -10.750  1.85430
-35.750 -10.250  1.87600
-35.750 -9.750  1.89623
-35.750 -9.250  1.91548
-35.750 -8.750  1.93407
-35.750 -8.250  1.95223
-35.750 -7.750  1.97009
-35.750 -7.250  1.98768
-35.750 -6.750  2.00499
-35.750 -6.250  2.02196
-35.750 -5.750  2.03846
-35.750 -5.250  2.05438
-35.750 -4.750  2.06955
-35.750 -4.250  2.08381
-35.750 -3.750  2.09700
-35.750 -3.250  2.10894
-35.750 -2.750  2.11950
-35.750 -2.250  2.12853
-35.750 -1.750  2.13591
-35.750 -1.250  2.14154
-35.750 -0.750  2.14533
-35.750 -0.250  2.14724
-35.750 0.250  2.14724
-35.750 0.750  2.14533
-35.750 1.250  2.14154
-35.750 1.750  2.13591
-35.750 2.250  2.12853
-35.750 2.750  2.11950
-35.750 3.250  2.10894
-35.750 3.750  2.09700
-35.750 4.250  2.08381
-35.750 4.750  2.06955
-35.750 5.250  2.05438
-35.750 5.750  2.03846
-35.750 6.250  2.02196
-35.750 6.750  2.00499
-35.750 7.250  1.98768
-35.750 7.750  1.97009
-35.750 8.250  1.95223
-35.750 8.750  1.93407
-35.750 9.250  1.91548
-35.750 9.750  1.89623
-35.750 10.250  1.87600
-35.750 10.750  1.85430
-35.750 11.250  1.83051
-35.750 11.750  1.80382
-35.750 12.250  1.77320
-35.750 12.750  1.73739
-35.750 13.250  1.69484
-35.750 13.750  1.64373
-35.750 14.250  1.58187
-35.750 14.750  1.50676
-35.750 15.250  1.41547
-35.750 15.750  1.30471
-35.750 16.250  1.17082
-35.750 16.750  1.00981
-35.750 17.250  0.81747
-35.750 17.750  0.58958
-35.750 18.250  0.32221
-35.750 18.750  0.01230
-35.750 19.250 -0.34150
-35.750 19.750 -0.73753
-35.750 20.250 -1.16924
-35.750 20.750 -1.62266
-35.750 21.250 -2.07340
-35.750 21.750 -2.48441
-35.750 22.250 -2.80687
-35.750 22.750 -2.98858
-35.750 23.250 -2.99211
-35.750 23.750 -2.81583
-35.750 24.250 -2.50021
-35.750 24.750 -2.10986
-35.750 25.250 -1.70562
-35.750 25.750 -1.32794
-35.750 26.250 -0.99594
-35.750 26.750 -0.71410
-35.750 27.250 -0.47927
-35.750 27.750 -0.28528
-35.750 28.250 -0.12539
-35.750 28.750  0.00657
-35.750 29.250  0.11586
-35.750 29.750  0.20681
-35.750 30.250  0.28293
-35.750 30.750  0.34701
-35.750 31.250  0.40128
-35.750 31.750  0.44753
-35.750 32.250  0.48718
-35.750 32.750  0.52138
-35.750 33.250  0.55105
-35.750 33.750  0.57695
-35.750 34.250  0.59969
-35.750 34.750  0.61977
-35.750 35.250  0.63761
-35.750 35.750  0.65354
-35.750 36.250  0.66787
-35.750 36.750  0.68082
-35.750 37.250  0.69260
-35.750 37.750  0.70337
-35.750 38.250  0.71328
-35.750 38.750  0.72245
-35.750 39.250  0.73099
-35.750 39.750  0.73899
-35.750 40.250  0.74652
-35.750 40.750  0.75364
-35.750 41.250  0.76043
-35.750 41.750  0.76692
-35.750 42.250  0.77316
-35.750 42.750  0.77919
-35.750 43.250  0.78504
-35.750 43.750  0.79075
-35.750 44.250  0.79633
-35.750 44.750  0.80182
-35.250 -44.750  0.80910
-35.250 -44.250  0.80289
-35.250 -43.750  0.79655
-35.250 -43.250  0.79006
-35.250 -42.750  0.78340
-35.250 -42.250  0.77652
-35.250 -41.750  0.76938
-35.250 -41.250  0.76195
-35.250 -40.750  0.75418
-35.250 -40.250  0.74601
-35.250 -39.750  0.73737
-35.250 -39.250  0.72820
-35.250 -38.750  0.71840
-35.250 -38.250  0.70788
-35.250 -37.750  0.69653
-35.250 -37.250  0.68421
-35.250 -36.750  0.67077
-35.250 -36.250  0.65603
-35.250 -35.750  0.63977
-35.250 -35.250  0.62174
-35.250 -34.750  0.60165
-35.250 -34.250  0.57914
-35.250 -33.750  0.55378
-35.250 -33.250  0.52507
-35.250 -32.750  0.49239
-35.250 -32.250  0.45501
-35.250 -31.750  0.41202
-35.250 -31.250  0.36233
-35.250 -30.750  0.30464
-35.250 -30.250  0.23731
-35.250 -29.750  0.15842
-35.250 -29.250  0.06559
-35.250 -28.750 -0.04394
-35.250 -28.250 -0.17343
-35.250 -27.750 -0.32650
-35.250 -27.250 -0.50688
-35.250 -26.750 -0.71782
-35.250 -26.250 -0.96095
-35.250 -25.750 -1.23431
-35.250 -25.250 -1.52950
-35.250 -24.750 -1.82852
-35.250 -24.250 -2.10223
-35.250 -23.750 -2.31337
-35.250 -23.250 -2.42590
-35.250 -22.750 -2.41741
-35.250 -22.250 -2.28694
-35.250 -21.750 -2.05334
-35.250 -21.250 -1.74658
-35.250 -20.750 -1.39830
-35.250 -20.250 -1.03568
-35.250 -19.750 -0.67903
-35.250 -19.250 -0.34194
-35.250 -18.750 -0.03238
-35.250 -18.250  0.24580
-35.250 -17.750  0.49164
-35.250 -17.250  0.70608
-35.250 -16.750  0.89118
-35.250 -16.250  1.04960
-35.250 -15.750  1.18430
-35.250 -15.250  1.29825
-35.250 -14.750  1.39434
-35.250 -14.250  1.47523
-35.250 -13.750  1.54336
-35.250 -13.250  1.60091
-35.250 -12.750  1.64978
-35.250 -12.250  1.69162
-35.250 -11.750  1.72784
-35.250 -11.250  1.75961
-35.250 -10.750  1.78792
-35.250 -10.250  1.81355
-35.250 -9.750  1.83715
-35.250 -9.250  1.85920
-35.250 -8.750  1.88008
-35.250 -8.250  1.90002
-35.250 -7.750  1.91922
-35.250 -7.250  1.93776
-35.250 -6.750  1.95568
-35.250 -6.250  1.97295
-35.250 -5.750  1.98952
-35.250 -5.250  2.00531
-35.250 -4.750  2.02020
-35.250 -4.250  2.03408
-35.250 -3.750  2.04682
-35.250 -3.250  2.05830
-35.250 -2.750  2.06839
-35.250 -2.250  2.07699
-35.250 -1.750  2.08400
-35.250 -1.250  2.08932
-35.250 -0.750  2.09291
-35.250 -0.250  2.09472
-35.250 0.250  2.09472
-35.250 0.750  2.09291
-35.250 1.250  2.08932
-35.250 1.750  2.08400
-35.250 2.250  2.07699
-35.250 2.750  2.06839
-35.250 3.250  2.05830
-35.250 3.750  2.04682
-35.250 4.250  2.03408
-35.250 4.750  2.02020
-35.250 5.250  2.00531
-35.250 5.750  1.98952
-35.250 6.250  1.97295
-35.250 6.750  1.95568
-35.250 7.250  1.93776
-35.250 7.750  1.91922
-35.250 8.250  1.90002
-35.250 8.750  1.88008
-35.250 9.250  1.85920
-35.250 9.750  1.83715
-35.250 10.250  1.81355
-35.250 10.750  1.78792
-35.250 11.250  1.75961
-35.250 11.750  1.72784
-35.250 12.250  1.69162
-35.250 12.750  1.64978
-35.250 13.250  1.60091
-35.250 13.750  1.54336
-35.250 14.250  1.47523
-35.250 14.750  1.39434
-35.250 15.250  1.29825
-35.250 15.750  1.18430
-35.250 16.250  1.04960
-35.250 16.750  0.89118
-35.250 17.250  0.70608
-35.250 17.750  0.49164
-35.250 18.250  0.24580
-35.250 18.750 -0.03238
-35.250 19.250 -0.34194
-35.250 19.750 -0.67903
-35.250 20.250 -1.03568
-35.250 20.750 -1.39830
-35.250 21.250 -1.74658
-35.250 21.750 -2.05334
-35.250 22.250 -2.28694
-35.250 22.750 -2.41741
-35.250 23.250 -2.42590
-35.250 23.750 -2.31337
-35.250 24.250 -2.10223
-35.250 24.750 -1.82852
-35.250 25.250 -1.52950
-35.250 25.750 -1.23431
-35.250 26.250 -0.96095
-35.250 26.750 -0.71782
-35.250 27.250 -0.50688
-35.250 27.750 -0.32650
-35.250 28.250 -0.17343
-35.250 28.750 -0.04394
-35.250 29.250  0.06559
-35.250 29.750  0.15842
-35.250 30.250  0.23731
-35.250 30.750  0.30464
-35.250 31.250  0.36233
-35.250 31.750  0.41202
-35.250 32.250  0.45501
-35.250 32.750  0.49239
-35.250 33.250  0.52507
-35.250 33.750  0.55378
-35.250 34.250  0.57914
-35.250 34.750  0.60165
-35.250 35.250  0.62174
-35.250 35.750  0.63977
-35.250 36.250  0.65603
-35.250 36.750  0.67077
-35.250 37.250  0.68421
-35.250 37.750  0.69653
-35.250 38.250  0.70788
-35.250 38.750  0.71840
-35.250 39.250  0.72820
-35.250 39.750  0.73737
-35.250 40.250  0.74601
-35.250 40.750  0.75418
-35.250 41.250  0.76195
-35.250 41.750  0.76938
-35.250 42.250  0.77652
-35.250 42.750  0.78340
-35.250 43.250  0.79006
-35.250 43.750  0.79655
-35.250 44.250  0.80289
-35.250 44.750  0.80910
-34.750 -44.750  0.81648
-34.750 -44.250  0.80957
-34.750 -43.750  0.80251
-34.750 -43.250  0.79527
-34.750 -42.750  0.78782
-34.750 -42.250  0.78013
-34.750 -41.750  0.77215
-34.750 -41.250  0.76383
-34.750 -40.750  0.75512
-34.750 -40.250  0.74596
-34.750 -39.750  0.73629
-34.750 -39.250  0.72602
-34.750 -38.750  0.71506
-34.750 -38.250  0.70331
-34.750 -37.750  0.69065
-34.750 -37.250  0.67693
-34.750 -36.750  0.66201
-34.750 -36.250  0.64569
-34.750 -35.750  0.62775
-34.750 -35.250  0.60794
-34.750 -34.750  0.58595
-34.750 -34.250  0.56143
-34.750 -33.750  0.53396
-34.750 -33.250  0.50304
-34.750 -32.750  0.46809
-34.750 -32.250  0.42841
-34.750 -31.750  0.38316
-34.750 -31.250  0.33135
-34.750 -30.750  0.27183
-34.750 -30.250  0.20320
-34.750 -29.750  0.12387
-34.750 -29.250  0.03197
-34.750 -28.750 -0.07456
-34.750 -28.250 -0.19793
-34.750 -27.750 -0.34036
-34.750 -27.250 -0.50367
-34.750 -26.750 -0.68877
-34.750 -26.250 -0.89467
-34.750 -25.750 -1.11722
-34.750 -25.250 -1.34756
-34.750 -24.750 -1.57093
-34.750 -24.250 -1.76689
-34.750 -23.750 -1.91191
-34.750 -23.250 -1.98461
-34.750 -22.750 -1.97175
-34.750 -22.250 -1.87201
-34.750 -21.750 -1.69561
-34.750 -21.250 -1.46043
-34.750 -20.750 -1.18709
-34.750 -20.250 -0.89497
-34.750 -19.750 -0.60005
-34.750 -19.250 -0.31414
-34.750 -18.750 -0.04521
-34.750 -18.250  0.20202
-34.750 -17.750  0.42530
-34.750 -17.250  0.62414
-34.750 -16.750  0.79925
-34.750 -16.250  0.95210
-34.750 -15.750  1.08460
-34.750 -15.250  1.19887
-34.750 -14.750  1.29707
-34.750 -14.250  1.38130
-34.750 -13.750  1.45354
-34.750 -13.250  1.51562
-34.750 -12.750  1.56917
-34.750 -12.250  1.61563
-34.750 -11.750  1.65626
-34.750 -11.250  1.69214
-34.750 -10.750  1.72418
-34.750 -10.250  1.75312
-34.750 -9.750  1.77960
-34.750 -9.250  1.80410
-34.750 -8.750  1.82699
-34.750 -8.250  1.84855
-34.750 -7.750  1.86900
-34.750 -7.250  1.88846
-34.750 -6.750  1.90700
-34.750 -6.250  1.92464
-34.750 -5.750  1.94136
-34.750 -5.250  1.95713
-34.750 -4.750  1.97186
-34.750 -4.250  1.98549
-34.750 -3.750  1.99791
-34.750 -3.250  2.00904
-34.750 -2.750  2.01878
-34.750 -2.250  2.02705
-34.750 -1.750  2.03376
-34.750 -1.250  2.03885
-34.750 -0.750  2.04228
-34.750 -0.250  2.04400
-34.750 0.250  2.04400
-34.750 0.750  2.04228
-34.750 1.250  2.03885
-34.750 1.750  2.03376
-34.750 2.250  2.02705
-34.750 2.750  2.01878
-34.750 3.250  2.00904
-34.750 3.750  1.99791
-34.750 4.250  1.98549
-34.750 4.750  1.97186
-34.750 5.250  1.95713
-34.750 5.750  1.94136
-34.750 6.250  1.92464
-34.750 6.750  1.90700
-34.750 7.250  1.88846
-34.750 7.750  1.86900
-34.750 8.250  1.84855
-34.750 8.750  1.82699
-34.750 9.250  1.80410
-34.750 9.750  1.77960
-34.750 10.250  1.75312
-34.750 10.750  1.72418
-34.750 11.250  1.69214
-34.750 11.750  1.65626
-34.750 12.250  1.61563
-34.750 12.750  1.56917
-34.750 13.250  1.51562
-34.750 13.750  1.45354
-34.750 14.250  1.38130
-34.750 14.750  1.29707
-34.750 15.250  1.19887
-34.750 15.750  1.08460
-34.750 16.250  0.95210
-34.750 16.750  0.79925
-34.750 17.250  0.62414
-34.750 17.750  0.42530
-34.750 18.250  0.20202
-34.750 18.750 -0.04521
-34.750 19.250 -0.31414
-34.750 19.750 -0.60005
-34.750 20.250 -0.89497
-34.750 20.750 -1.18709
-34.750 21.250 -1.46043
-34.750 21.750 -1.69561
-34.750 22.250 -1.87201
-34.750 22.750 -1.97175
-34.750 23.250 -1.98461
-34.750 23.750 -1.91191
-34.750 24.250 -1.76689
-34.750 24.750 -1.57093
-34.750 25.250 -1.34756
-34.750 25.750 -1.11722
-34.750 26.250 -0.89467
-34.750 26.750 -0.68877
-34.750 27.250 -0.50367
-34.750 27.750 -0.34036
-34.750 28.250 -0.19793
-34.750 28.750 -0.07456
-34.750 29.250  0.03197
-34.750 29.750  0.12387
-34.750 30.250  0.20320
-34.750 30.750  0.27183
-34.750 31.250  0.33135
-34.750 31.750  0.38316
-34.750 32.250  0.42841
-34.750 32.750  0.46809
-34.750 33.250  0.50304
-34.750 33.750  0.53396
-34.750 34.250  0.56143
-34.750 34.750  0.58595
-34.750 35.250  0.60794
-34.750 35.750  0.62775
-34.750 36.250  0.64569
-34.750 36.750  0.66201
-34.750 37.250  0.67693
-34.750 37.750  0.69065
-34.750 38.250  0.70331
-34.750 38.750  0.71506
-34.750 39.250  0.72602
-34.750 39.750  0.73629
-34.750 40.250  0.74596
-34.750 40.750  0.75512
-34.750 41.250  0.76383
-34.750 41.750  0.77215
-34.750 42.250  0.78013
-34.750 42.750  0.78782
-34.750 43.250  0.79527
-34.750 43.750  0.80251
-34.750 44.250  0.80957
-34.750 44.750  0.81648
-34.250 -44.750  0.82398
-34.250 -44.250  0.81639
-34.250 -43.750  0.80864
-34.250 -43.250  0.80068
-34.250 -42.750  0.79249
-34.250 -42.250  0.78403
-34.250 -41.750  0.77524
-34.250 -41.250  0.76609
-34.250 -40.750  0.75651
-34.250 -40.250  0.74644
-34.250 -39.750  0.73580
-34.250 -39.250  0.72453
-34.250 -38.750  0.71251
-34.250 -38.250  0.69965
-34.250 -37.750  0.68581
-34.250 -37.250  0.67087
-34.250 -36.750  0.65465
-34.250 -36.250  0.63697
-34.250 -35.750  0.61760
-34.250 -35.250  0.59629
-34.250 -34.750  0.57276
-34.250 -34.250  0.54665
-34.250 -33.750  0.51756
-34.250 -33.250  0.48503
-34.250 -32.750  0.44850
-34.250 -32.250  0.40735
-34.250 -31.750  0.36082
-34.250 -31.250  0.30806
-34.250 -30.750  0.24808
-34.250 -30.250  0.17976
-34.250 -29.750  0.10184
-34.250 -29.250  0.01295
-34.250 -28.750 -0.08832
-34.250 -28.250 -0.20333
-34.250 -27.750 -0.33318
-34.250 -27.250 -0.47838
-34.250 -26.750 -0.63839
-34.250 -26.250 -0.81096
-34.250 -25.750 -0.99133
-34.250 -25.250 -1.17156
-34.250 -24.750 -1.34016
-34.250 -24.250 -1.48282
-34.250 -23.750 -1.58421
-34.250 -23.250 -1.63100
-34.250 -22.750 -1.61498
-34.250 -22.250 -1.53504
-34.250 -21.750 -1.39707
-34.250 -21.250 -1.21219
-34.250 -20.750 -0.99403
-34.250 -20.250 -0.75637
-34.250 -19.750 -0.51138
-34.250 -19.250 -0.26884
-34.250 -18.750 -0.03594
-34.250 -18.250  0.18249
-34.250 -17.750  0.38359
-34.250 -17.250  0.56605
-34.250 -16.750  0.72965
-34.250 -16.250  0.87498
-34.250 -15.750  1.00315
-34.250 -15.250  1.11555
-34.250 -14.750  1.21374
-34.250 -14.250  1.29932
-34.250 -13.750  1.37386
-34.250 -13.250  1.43883
-34.250 -12.750  1.49561
-34.250 -12.250  1.54543
-34.250 -11.750  1.58940
-34.250 -11.250  1.62848
-34.250 -10.750  1.66350
-34.250 -10.250  1.69515
-34.250 -9.750  1.72401
-34.250 -9.250  1.75057
-34.250 -8.750  1.77520
-34.250 -8.250  1.79819
-34.250 -7.750  1.81977
-34.250 -7.250  1.84007
-34.250 -6.750  1.85921
-34.250 -6.250  1.87723
-34.250 -5.750  1.89416
-34.250 -5.250  1.90997
-34.250 -4.750  1.92463
-34.250 -4.250  1.93810
-34.250 -3.750  1.95030
-34.250 -3.250  1.96117
-34.250 -2.750  1.97064
-34.250 -2.250  1.97865
-34.250 -1.750  1.98514
-34.250 -1.250  1.99005
-34.250 -0.750  1.99335
-34.250 -0.250  1.99500
-34.250 0.250  1.99500
-34.250 0.750  1.99335
-34.250 1.250  1.99005
-34.250 1.750  1.98514
-34.250 2.250  1.97865
-34.250 2.750  1.97064
-34.250 3.250  1.96117
-34.250 3.750  1.95030
-34.250 4.250  1.93810
-34.250 4.750  1.92463
-34.250 5.250  1.90997
-34.250 5.750  1.89416
-34.250 6.250  1.87723
-34.250 6.750  1.85921
-34.250 7.250  1.84007
-34.250 7.750  1.81977
-34.250 8.250  1.79819
-34.250 8.750  1.77520
-34.250 9.250  1.75057
-34.250 9.750  1.72401
-34.250 10.250  1.69515
-34.250 10.750  1.66350
-34.250 11.250  1.62848
-34.250 11.750  1.58940
-34.250 12.250  1.54543
-34.250 12.750  1.49561
-34.250 13.250  1.43883
-34.250 13.750  1.37386
-34.250 14.250  1.29932
-34.250 14.750  1.21374
-34.250 15.250  1.11555
-34.250 15.750  1.00315
-34.250 16.250  0.87498
-34.250 16.750  0.72965
-34.250 17.250  0.56605
-34.250 17.750  0.38359
-34.250 18.250  0.18249
-34.250 18.750 -0.03594
-34.250 19.250 -0.26884
-34.250 19.750 -0.51138
-34.250 20.250 -0.75637
-34.250 20.750 -0.99403
-34.250 21.250 -1.21219
-34.250 21.750 -1.39707
-34.250 22.250 -1.53504
-34.250 22.750 -1.61498
-34.250 23.250 -1.63100
-34.250 23.750 -1.58421
-34.250 24.250 -1.48282
-34.250 24.750 -1.34016
-34.250 25.250 -1.17156
-34.250 25.750 -0.99133
-34.250 26.250 -0.81096
-34.250 26.750 -0.63839
-34.250 27.250 -0.47838
-34.250 27.750 -0.33318
-34.250 28.250 -0.20333
-34.250 28.750 -0.08832
-34.250 29.250  0.01295
-34.250 29.750  0.10184
-34.250 30.250  0.17976
-34.250 30.750  0.24808
-34.250 31.250  0.30806
-34.250 31.750  0.36082
-34.250 32.250  0.40735
-34.250 32.750  0.44850
-34.250 33.250  0.48503
-34.250 33.750  0.51756
-34.250 34.250  0.54665
-34.250 34.750  0.57276
-34.250 35.250  0.59629
-34.250 35.750  0.61760
-34.250 36.250  0.63697
-34.250 36.750  0.65465
-34.250 37.250  0.67087
-34.250 37.750  0.68581
-34.250 38.250  0.69965
-34.250 38.750  0.71251
-34.250 39.250  0.72453
-34.250 39.750  0.73580
-34.250 40.250  0.74644
-34.250 40.750  0.75651
-34.250 41.250  0.76609
-34.250 41.750  0.77524
-34.250 42.250  0.78403
-34.250 42.750  0.79249
-34.250 43.250  0.80068
-34.250 43.750  0.80864
-34.250 44.250  0.81639
-34.250 44.750  0.82398
-33.750 -44.750  0.83162
-33.750 -44.250  0.82338
-33.750 -43.750  0.81497
-33.750 -43.250  0.80633
-33.750 -42.750  0.79744
-33.750 -42.250  0.78824
-33.750 -41.750  0.77871
-33.750 -41.250  0.76877
-33.750 -40.750  0.75838
-33.750 -40.250  0.74747
-33.750 -39.750  0.73596
-33.750 -39.250  0.72377
-33.750 -38.750  0.71080
-33.750 -38.250  0.69695
-33.750 -37.750  0.68209
-33.750 -37.250  0.66607
-33.750 -36.750  0.64875
-33.750 -36.250  0.62992
-33.750 -35.750  0.60938
-33.750 -35.250  0.58688
-33.750 -34.750  0.56214
-33.750 -34.250  0.53484
-33.750 -33.750  0.50460
-33.750 -33.250  0.47099
-33.750 -32.750  0.43352
-33.750 -32.250  0.39164
-33.750 -31.750  0.34469
-33.750 -31.250  0.29197
-33.750 -30.750  0.23266
-33.750 -30.250  0.16590
-33.750 -29.750  0.09077
-33.750 -29.250  0.00632
-33.750 -28.750 -0.08831
-33.750 -28.250 -0.19380
-33.750 -27.750 -0.31047
-33.750 -27.250 -0.43799
-33.750 -26.750 -0.57504
-33.750 -26.250 -0.71889
-33.750 -25.750 -0.86499
-33.750 -25.250 -1.00665
-33.750 -24.750 -1.13515
-33.750 -24.250 -1.24035
-33.750 -23.750 -1.31199
-33.750 -23.250 -1.34142
-33.750 -22.750 -1.32338
-33.750 -22.250 -1.25699
-33.750 -21.750 -1.14588
-33.750 -21.250 -0.99720
-33.750 -20.750 -0.82019
-33.750 -20.250 -0.62467
-33.750 -19.750 -0.41982
-33.750 -19.250 -0.21350
-33.750 -18.750 -0.01187
-33.750 -18.250  0.18054
-33.750 -17.750  0.36073
-33.750 -17.250  0.52694
-33.750 -16.750  0.67840
-33.750 -16.250  0.81509
-33.750 -15.750  0.93749
-33.750 -15.250  1.04645
-33.750 -14.750  1.14302
-33.750 -14.250  1.22838
-33.750 -13.750  1.30371
-33.750 -13.250  1.37021
-33.750 -12.750  1.42898
-33.750 -12.250  1.48107
-33.750 -11.750  1.52742
-33.750 -11.250  1.56887
-33.750 -10.750  1.60617
-33.750 -10.250  1.63994
-33.750 -9.750  1.67072
-33.750 -9.250  1.69897
-33.750 -8.750  1.72504
-33.750 -8.250  1.74924
-33.750 -7.750  1.77178
-33.750 -7.250  1.79284
-33.750 -6.750  1.81253
-33.750 -6.250  1.83092
-33.750 -5.750  1.84806
-33.750 -5.250  1.86396
-33.750 -4.750  1.87861
-33.750 -4.250  1.89197
-33.750 -3.750  1.90402
-33.750 -3.250  1.91470
-33.750 -2.750  1.92397
-33.750 -2.250  1.93179
-33.750 -1.750  1.93810
-33.750 -1.250  1.94287
-33.750 -0.750  1.94606
-33.750 -0.250  1.94767
-33.750 0.250  1.94767
-33.750 0.750  1.94606
-33.750 1.250  1.94287
-33.750 1.750  1.93810
-33.750 2.250  1.93179
-33.750 2.750  1.92397
-33.750 3.250  1.91470
-33.750 3.750  1.90402
-33.750 4.250  1.89197
-33.750 4.750  1.87861
-33.750 5.250  1.86396
-33.750 5.750  1.84806
-33.750 6.250  1.83092
-33.750 6.750  1.81253
-33.750 7.250  1.79284
-33.750 7.750  1.77178
-33.750 8.250  1.74924
-33.750 8.750  1.72504
-33.750 9.250  1.69897
-33.750 9.750  1.67072
-33.750 10.250  1.63994
-33.750 10.750  1.60617
-33.750 11.250  1.56887
-33.750 11.750  1.52742
-33.750 12.250  1.48107
-33.750 12.750  1.42898
-33.750 13.250  1.37021
-33.750 13.750  1.30371
-33.750 14.250  1.22838
-33.750 14.750  1.14302
-33.750 15.250  1.04645
-33.750 15.750  0.93749
-33.750 16.250  0.81509
-33.750 16.750  0.67840
-33.750 17.250  0.52694
-33.750 17.750  0.36073
-33.750 18.250  0.18054
-33.750 18.750 -0.01187
-33.750 19.250 -0.21350
-33.750 19.750 -0.41982
-33.750 20.250 -0.62467
-33.750 20.750 -0.82019
-33.750 21.250 -0.99720
-33.750 21.750 -1.14588
-33.750 22.250 -1.25699
-33.750 22.750 -1.32338
-33.750 23.250 -1.34142
-33.750 23.750 -1.31199
-33.750 24.250 -1.24035
-33.750 24.750 -1.13515
-33.750 25.250 -1.00665
-33.750 25.750 -0.86499
-33.750 26.250 -0.71889
-33.750 26.750 -0.57504
-33.750 27.250 -0.43799
-33.750 27.750 -0.31047
-33.750 28.250 -0.19380
-33.750 28.750 -0.08831
-33.750 29.250  0.00632
-33.750 29.750  0.09077
-33.750 30.250  0.16590
-33.750 30.750  0.23266
-33.750 31.250  0.29197
-33.750 31.750  0.34469
-33.750 32.250  0.39164
-33.750 32.750  0.43352
-33.750 33.250  0.47099
-33.750 33.750  0.50460
-33.750 34.250  0.53484
-33.750 34.750  0.56214
-33.750 35.250  0.58688
-33.750 35.750  0.60938
-33.750 36.250  0.62992
-33.750 36.750  0.64875
-33.750 37.250  0.66607
-33.750 37.750  0.68209
-33.750 38.250  0.69695
-33.750 38.750  0.71080
-33.750 39.250  0.72377
-33.750 39.750  0.73596
-33.750 40.250  0.74747
-33.750 40.750  0.75838
-33.750 41.250  0.76877
-33.750 41.750  0.77871
-33.750 42.250  0.78824
-33.750 42.750  0.79744
-33.750 43.250  0.80633
-33.750 43.750  0.81497
-33.750 44.250  0.82338
-33.750 44.750  0.83162
-33.250 -44.750  0.83941
-33.250 -44.250  0.83056
-33.250 -43.750  0.82152
-33.250 -43.250  0.81223
-33.250 -42.750  0.80268
-33.250 -42.250  0.79281
-33.250 -41.750  0.78257
-33.250 -41.250  0.77191
-33.250 -40.750  0.76078
-33.250 -40.250  0.74910
-33.250 -39.750  0.73680
-33.250 -39.250  0.72379
-33.250 -38.750  0.70998
-33.250 -38.250  0.69526
-33.250 -37.750  0.67951
-33.250 -37.250  0.66259
-33.250 -36.750  0.64434
-33.250 -36.250  0.62458
-33.250 -35.750  0.60311
-33.250 -35.250  0.57969
-33.250 -34.750  0.55408
-33.250 -34.250  0.52595
-33.250 -33.750  0.49499
-33.250 -33.250  0.46080
-33.250 -32.750  0.42295
-33.250 -32.250  0.38097
-33.250 -31.750  0.33433
-33.250 -31.250  0.28244
-33.250 -30.750  0.22468
-33.250 -30.250  0.16042
-33.250 -29.750  0.08901
-33.250 -29.250  0.00990
-33.250 -28.750 -0.07738
-33.250 -28.250 -0.17300
-33.250 -27.750 -0.27675
-33.250 -27.250 -0.38783
-33.250 -26.750 -0.50457
-33.250 -26.250 -0.62422
-33.250 -25.750 -0.74272
-33.250 -25.250 -0.85465
-33.250 -24.750 -0.95340
-33.250 -24.250 -1.03171
-33.250 -23.750 -1.08254
-33.250 -23.250 -1.10010
-33.250 -22.750 -1.08089
-33.250 -22.250 -1.02427
-33.250 -21.750 -0.93259
-33.250 -21.250 -0.81062
-33.250 -20.750 -0.66476
-33.250 -20.250 -0.50206
-33.250 -19.750 -0.32946
-33.250 -19.250 -0.15317
-33.250 -18.750  0.02167
-33.250 -18.250  0.19102
-33.250 -17.750  0.35200
-33.250 -17.250  0.50269
-33.250 -16.750  0.64201
-33.250 -16.250  0.76953
-33.250 -15.750  0.88530
-33.250 -15.250  0.98975
-33.250 -14.750  1.08353
-33.250 -14.250  1.16745
-33.250 -13.750  1.24240
-33.250 -13.250  1.30929
-33.250 -12.750  1.36902
-33.250 -12.250  1.42243
-33.250 -11.750  1.47031
-33.250 -11.250  1.51341
-33.250 -10.750  1.55234
-33.250 -10.250  1.58770
-33.250 -9.750  1.61995
-33.250 -9.250  1.64952
-33.250 -8.750  1.67675
-33.250 -8.250  1.70193
-33.250 -7.750  1.72528
-33.250 -7.250  1.74697
-33.250 -6.750  1.76714
-33.250 -6.250  1.78586
-33.250 -5.750  1.80321
-33.250 -5.250  1.81920
-33.250 -4.750  1.83385
-33.250 -4.250  1.84716
-33.250 -3.750  1.85910
-33.250 -3.250  1.86964
-33.250 -2.750  1.87876
-33.250 -2.250  1.88642
-33.250 -1.750  1.89260
-33.250 -1.250  1.89725
-33.250 -0.750  1.90037
-33.250 -0.250  1.90193
-33.250 0.250  1.90193
-33.250 0.750  1.90037
-33.250 1.250  1.89725
-33.250 1.750  1.89260
-33.250 2.250  1.88642
-33.250 2.750  1.87876
-33.250 3.250  1.86964
-33.250 3.750  1.85910
-33.250 4.250  1.84716
-33.250 4.750  1.83385
-33.250 5.250  1.81920
-33.250 5.750  1.80321
-33.250 6.250  1.78586
-33.250 6.750  1.76714
-33.250 7.250  1.74697
-33.250 7.750  1.72528
-33.250 8.250  1.70193
-33.250 8.750  1.67675
-33.250 9.250  1.64952
-33.250 9.750  1.61995
-33.250 10.250  1.58770
-33.250 10.750  1.55234
-33.250 11.250  1.51341
-33.250 11.750  1.47031
-33.250 12.250  1.42243
-33.250 12.750  1.36902
-33.250 13.250  1.30929
-33.250 13.750  1.24240
-33.250 14.250  1.16745
-33.250 14.750  1.08353
-33.250 15.250  0.98975
-33.250 15.750  0.88530
-33.250 16.250  0.76953
-33.250 16.750  0.64201
-33.250 17.250  0.50269
-33.250 17.750  0.35200
-33.250 18.250  0.19102
-33.250 18.750  0.02167
-33.250 19.250 -0.15317
-33.250 19.750 -0.32946
-33.250 20.250 -0.50206
-33.250 20.750 -0.66476
-33.250 21.250 -0.81062
-33.250 21.750 -0.93259
-33.250 22.250 -1.02427
-33.250 22.750 -1.08089
-33.250 23.250 -1.10010
-33.250 23.750 -1.08254
-33.250 24.250 -1.03171
-33.250 24.750 -0.95340
-33.250 25.250 -0.85465
-33.250 25.750 -0.74272
-33.250 26.250 -0.62422
-33.250 26.750 -0.50457
-33.250 27.250 -0.38783
-33.250 27.750 -0.27675
-33.250 28.250 -0.17300
-33.250 28.750 -0.07738
-33.250 29.250  0.00990
-33.250 29.750  0.08901
-33.250 30.250  0.16042
-33.250 30.750  0.22468
-33.250 31.250  0.28244
-33.250 31.750  0.33433
-33.250 32.250  0.38097
-33.250 32.750  0.42295
-33.250 33.250  0.46080
-33.250 33.750  0.49499
-33.250 34.250  0.52595
-33.250 34.750  0.55408
-33.250 35.250  0.57969
-33.250 35.750  0.60311
-33.250 36.250  0.62458
-33.250 36.750  0.64434
-33.250 37.250  0.66259
-33.250 37.750  0.67951
-33.250 38.250  0.69526
-33.250 38.750  0.70998
-33.250 39.250  0.72379
-33.250 39.750  0.73680
-33.250 40.250  0.74910
-33.250 40.750  0.76078
-33.250 41.250  0.77191
-33.250 41.750  0.78257
-33.250 42.250  0.79281
-33.250 42.750  0.80268
-33.250 43.250  0.81223
-33.250 43.750  0.82152
-33.250 44.250  0.83056
-33.250 44.750  0.83941
-32.750 -44.750  0.84737
-32.750 -44.250  0.83794
-32.750 -43.750  0.82830
-32.750 -43.250  0.81841
-32.750 -42.750  0.80824
-32.750 -42.250  0.79773
-32.750 -41.750  0.78685
-32.750 -41.250  0.77553
-32.750 -40.750  0.76372
-32.750 -40.250  0.75135
-32.750 -39.750  0.73834
-32.750 -39.250  0.72461
-32.750 -38.750  0.71007
-32.750 -38.250  0.69460
-32.750 -37.750  0.67810
-32.750 -37.250  0.66043
-32.750 -36.750  0.64143
-32.750 -36.250  0.62095
-32.750 -35.750  0.59878
-32.750 -35.250  0.57471
-32.750 -34.750  0.54851
-32.750 -34.250  0.51990
-32.750 -33.750  0.48860
-32.750 -33.250  0.45425
-32.750 -32.750  0.41651
-32.750 -32.250  0.37497
-32.750 -31.750  0.32920
-32.750 -31.250  0.27877
-32.750 -30.750  0.22321
-32.750 -30.250  0.16208
-32.750 -29.750  0.09500
-32.750 -29.250  0.02167
-32.750 -28.750 -0.05803
-32.750 -28.250 -0.14395
-32.750 -27.750 -0.23557
-32.750 -27.250 -0.33183
-32.750 -26.750 -0.43098
-32.750 -26.250 -0.53047
-32.750 -25.750 -0.62682
-32.750 -25.250 -0.71570
-32.750 -24.750 -0.79211
-32.750 -24.250 -0.85078
-32.750 -23.750 -0.88675
-32.750 -23.250 -0.89606
-32.750 -22.750 -0.87630
-32.750 -22.250 -0.82705
-32.750 -21.750 -0.74986
-32.750 -21.250 -0.64805
-32.750 -20.750 -0.52612
-32.750 -20.250 -0.38923
-32.750 -19.750 -0.24262
-32.750 -19.250 -0.09118
-32.750 -18.750  0.06087
-32.750 -18.250  0.21005
-32.750 -17.750  0.35370
-32.750 -17.250  0.48993
-32.750 -16.750  0.61752
-32.750 -16.250  0.73577
-32.750 -15.750  0.84448
-32.750 -15.250  0.94374
-32.750 -14.750  1.03390
-32.750 -14.250  1.11550
-32.750 -13.750  1.18915
-32.750 -13.250  1.25554
-32.750 -12.750  1.31536
-32.750 -12.250  1.36929
-32.750 -11.750  1.41800
-32.750 -11.250  1.46208
-32.750 -10.750  1.50209
-32.750 -10.250  1.53854
-32.750 -9.750  1.57185
-32.750 -9.250  1.60240
-32.750 -8.750  1.63051
-32.750 -8.250  1.65645
-32.750 -7.750  1.68043
-32.750 -7.250  1.70263
-32.750 -6.750  1.72318
-32.750 -6.250  1.74218
-32.750 -5.750  1.75970
-32.750 -5.250  1.77578
-32.750 -4.750  1.79045
-32.750 -4.250  1.80371
-32.750 -3.750  1.81557
-32.750 -3.250  1.82601
-32.750 -2.750  1.83501
-32.750 -2.250  1.84255
-32.750 -1.750  1.84862
-32.750 -1.250  1.85318
-32.750 -0.750  1.85624
-32.750 -0.250  1.85777
-32.750 0.250  1.85777
-32.750 0.750  1.85624
-32.750 1.250  1.85318
-32.750 1.750  1.84862
-32.750 2.250  1.84255
-32.750 2.750  1.83501
-32.750 3.250  1.82601
-32.750 3.750  1.81557
-32.750 4.250  1.80371
-32.750 4.750  1.79045
-32.750 5.250  1.77578
-32.750 5.750  1.75970
-32.750 6.250  1.74218
-32.750 6.750  1.72318
-32.750 7.250  1.70263
-32.750 7.750  1.68043
-32.750 8.250  1.65645
-32.750 8.750  1.63051
-32.750 9.250  1.60240
-32.750 9.750  1.57185
-32.750 10.250  1.53854
-32.750 10.750  1.50209
-32.750 11.250  1.46208
-32.750 11.750  1.41800
-32.750 12.250  1.36929
-32.750 12.750  1.31536
-32.750 13.250  1.25554
-32.750 13.750  1.18915
-32.750 14.250  1.11550
-32.750 14.750  1.03390
-32.750 15.250  0.94374
-32.750 15.750  0.84448
-32.750 16.250  0.73577
-32.750 16.750  0.61752
-32.750 17.250  0.48993
-32.750 17.750  0.35370
-32.750 18.250  0.21005
-32.750 18.750  0.06087
-32.750 19.250 -0.09118
-32.750 19.750 -0.24262
-32.750 20.250 -0.38923
-32.750 20.750 -0.52612
-32.750 21.250 -0.64805
-32.750 21.750 -0.74986
-32.750 22.250 -0.82705
-32.750 22.750 -0.87630
-32.750 23.250 -0.89606
-32.750 23.750 -0.88675
-32.750 24.250 -0.85078
-32.750 24.750 -0.79211
-32.750 25.250 -0.71570
-32.750 25.750 -0.62682
-32.750 26.250 -0.53047
-32.750 26.750 -0.43098
-32.750 27.250 -0.33183
-32.750 27.750 -0.23557
-32.750 28.250 -0.14395
-32.750 28.750 -0.05803
-32.750 29.250  0.02167
-32.750 29.750  0.09500
-32.750 30.250  0.16208
-32.750 30.750  0.22321
-32.750 31.250  0.27877
-32.750 31.750  0.32920
-32.750 32.250  0.37497
-32.750 32.750  0.41651
-32.750 33.250  0.45425
-32.750 33.750  0.48860
-32.750 34.250  0.51990
-32.750 34.750  0.54851
-32.750 35.250  0.57471
-32.750 35.750  0.59878
-32.750 36.250  0.62095
-32.750 36.750  0.64143
-32.750 37.250  0.66043
-32.750 37.750  0.67810
-32.750 38.250  0.69460
-32.750 38.750  0.71007
-32.750 39.250  0.72461
-32.750 39.750  0.73834
-32.750 40.250  0.75135
-32.750 40.750  0.76372
-32.750 41.250  0.77553
-32.750 41.750  0.78685
-32.750 42.250  0.79773
-32.750 42.750  0.80824
-32.750 43.250  0.81841
-32.750 43.750  0.82830
-32.750 44.250  0.83794
-32.750 44.750  0.84737
-32.250 -44.750  0.85551
-32.250 -44.250  0.84553
-32.250 -43.750  0.83533
-32.250 -43.250  0.82488
-32.250 -42.750  0.81413
-32.250 -42.250  0.80304
-32.250 -41.750  0.79156
-32.250 -41.250  0.77964
-32.250 -40.750  0.76722
-32.250 -40.250  0.75423
-32.250 -39.750  0.74060
-32.250 -39.250  0.72624
-32.250 -38.750  0.71107
-32.250 -38.250  0.69498
-32.250 -37.750  0.67786
-32.250 -37.250  0.65959
-32.250 -36.750  0.64002
-32.250 -36.250  0.61899
-32.250 -35.750  0.59633
-32.250 -35.250  0.57186
-32.250 -34.750  0.54534
-32.250 -34.250  0.51655
-32.250 -33.750  0.48523
-32.250 -33.250  0.45110
-32.250 -32.750  0.41386
-32.250 -32.250  0.37318
-32.250 -31.750  0.32875
-32.250 -31.250  0.28023
-32.250 -30.750  0.22731
-32.250 -30.250  0.16972
-32.250 -29.750  0.10726
-32.250 -29.250  0.03986
-32.250 -28.750 -0.03239
-32.250 -28.250 -0.10912
-32.250 -27.750 -0.18964
-32.250 -27.250 -0.27279
-32.250 -26.750 -0.35690
-32.250 -26.250 -0.43969
-32.250 -25.750 -0.51827
-32.250 -25.250 -0.58918
-32.250 -24.750 -0.64862
-32.250 -24.250 -0.69271
-32.250 -23.750 -0.71790
-32.250 -23.250 -0.72140
-32.250 -22.750 -0.70155
-32.250 -22.250 -0.65805
-32.250 -21.750 -0.59198
-32.250 -21.250 -0.50569
-32.250 -20.750 -0.40244
-32.250 -20.250 -0.28605
-32.250 -19.750 -0.16051
-32.250 -19.250 -0.02965
-32.250 -18.750  0.10307
-32.250 -18.250  0.23472
-32.250 -17.750  0.36293
-32.250 -17.250  0.48592
-32.250 -16.750  0.60241
-32.250 -16.250  0.71163
-32.250 -15.750  0.81314
-32.250 -15.250  0.90685
-32.250 -14.750  0.99287
-32.250 -14.250  1.07150
-32.250 -13.750  1.14317
-32.250 -13.250  1.20835
-32.250 -12.750  1.26757
-32.250 -12.250  1.32138
-32.250 -11.750  1.37029
-32.250 -11.250  1.41481
-32.250 -10.750  1.45541
-32.250 -10.250  1.49251
-32.250 -9.750  1.52650
-32.250 -9.250  1.55771
-32.250 -8.750  1.58643
-32.250 -8.250  1.61291
-32.250 -7.750  1.63735
-32.250 -7.250  1.65993
-32.250 -6.750  1.68077
-32.250 -6.250  1.69997
-32.250 -5.750  1.71762
-32.250 -5.250  1.73377
-32.250 -4.750  1.74844
-32.250 -4.250  1.76167
-32.250 -3.750  1.77346
-32.250 -3.250  1.78381
-32.250 -2.750  1.79271
-32.250 -2.250  1.80016
-32.250 -1.750  1.80613
-32.250 -1.250  1.81063
-32.250 -0.750  1.81363
-32.250 -0.250  1.81513
-32.250 0.250  1.81513
-32.250 0.750  1.81363
-32.250 1.250  1.81063
-32.250 1.750  1.80613
-32.250 2.250  1.80016
-32.250 2.750  1.79271
-32.250 3.250  1.78381
-32.250 3.750  1.77346
-32.250 4.250  1.76167
-32.250 4.750  1.74844
-32.250 5.250  1.73377
-32.250 5.750  1.71762
-32.250 6.250  1.69997
-32.250 6.750  1.68077
-32.250 7.250  1.65993
-32.250 7.750  1.63735
-32.250 8.250  1.61291
-32.250 8.750  1.58643
-32.250 9.250  1.55771
-32.250 9.750  1.52650
-32.250 10.250  1.49251
-32.250 10.750  1.45541
-32.250 11.250  1.41481
-32.250 11.750  1.37029
-32.250 12.250  1.32138
-32.250 12.750  1.26757
-32.250 13.250  1.20835
-32.250 13.750  1.14317
-32.250 14.250  1.07150
-32.250 14.750  0.99287
-32.250 15.250  0.90685
-32.250 15.750  0.81314
-32.250 16.250  0.71163
-32.250 16.750  0.60241
-32.250 17.250  0.48592
-32.250 17.750  0.36293
-32.250 18.250  0.23472
-32.250 18.750  0.10307
-32.250 19.250 -0.02965
-32.250 19.750 -0.16051
-32.250 20.250 -0.28605
-32.250 20.750 -0.40244
-32.250 21.250 -0.50569
-32.250 21.750 -0.59198
-32.250 22.250 -0.65805
-32.250 22.750 -0.70155
-32.250 23.250 -0.72140
-32.250 23.750 -0.71790
-32.250 24.250 -0.69271
-32.250 24.750 -0.64862
-32.250 25.250 -0.58918
-32.250 25.750 -0.51827
-32.250 26.250 -0.43969
-32.250 26.750 -0.35690
-32.250 27.250 -0.27279
-32.250 27.750 -0.18964
-32.250 28.250 -0.10912
-32.250 28.750 -0.03239
-32.250 29.250  0.03986
-32.250 29.750  0.10726
-32.250 30.250  0.16972
-32.250 30.750  0.22731
-32.250 31.250  0.28023
-32.250 31.750  0.32875
-32.250 32.250  0.37318
-32.250 32.750  0.41386
-32.250 33.250  0.45110
-32.250 33.750  0.48523
-32.250 34.250  0.51655
-32.250 34.750  0.54534
-32.250 35.250  0.57186
-32.250 35.750  0.59633
-32.250 36.250  0.61899
-32.250 36.750  0.64002
-32.250 37.250  0.65959
-32.250 37.750  0.67786
-32.250 38.250  0.69498
-32.250 38.750  0.71107
-32.250 39.250  0.72624
-32.250 39.750  0.74060
-32.250 40.250  0.75423
-32.250 40.750  0.76722
-32.250 41.250  0.77964
-32.250 41.750  0.79156
-32.250 42.250  0.80304
-32.250 42.750  0.81413
-32.250 43.250  0.82488
-32.250 43.750  0.83533
-32.250 44.250  0.84553
-32.250 44.750  0.85551
-31.750 -44.750  0.86383
-31.750 -44.250  0.85333
-31.750 -43.750  0.84261
-31.750 -43.250  0.83163
-31.750 -42.750  0.82035
-31.750 -42.250  0.80873
-31.750 -41.750  0.79671
-31.750 -41.250  0.78425
-31.750 -40.750  0.77128
-31.750 -40.250  0.75775
-31.750 -39.750  0.74358
-31.750 -39.250  0.72869
-31.750 -38.750  0.71299
-31.750 -38.250  0.69639
-31.750 -37.750  0.67878
-31.750 -37.250  0.66004
-31.750 -36.750  0.64005
-31.750 -36.250  0.61866
-31.750 -35.750  0.59571
-31.750 -35.250  0.57104
-31.750 -34.750  0.54444
-31.750 -34.250  0.51573
-31.750 -33.750  0.48468
-31.750 -33.250  0.45106
-31.750 -32.750  0.41464
-31.750 -32.250  0.37516
-31.750 -31.750  0.33239
-31.750 -31.250  0.28609
-31.750 -30.750  0.23609
-31.750 -30.250  0.18224
-31.750 -29.750  0.12450
-31.750 -29.250  0.06293
-31.750 -28.750 -0.00221
-31.750 -28.250 -0.07044
-31.750 -27.750 -0.14098
-31.750 -27.250 -0.21269
-31.750 -26.750 -0.28404
-31.750 -26.250 -0.35305
-31.750 -25.750 -0.41731
-31.750 -25.250 -0.47412
-31.750 -24.750 -0.52053
-31.750 -24.250 -0.55366
-31.750 -23.750 -0.57093
-31.750 -23.250 -0.57034
-31.750 -22.750 -0.55070
-31.750 -22.250 -0.51181
-31.750 -21.750 -0.45448
-31.750 -21.250 -0.38038
-31.750 -20.750 -0.29194
-31.750 -20.250 -0.19201
-31.750 -19.750 -0.08365
-31.750 -19.250  0.03010
-31.750 -18.750  0.14645
-31.750 -18.250  0.26293
-31.750 -17.750  0.37748
-31.750 -17.250  0.48846
-31.750 -16.750  0.59466
-31.750 -16.250  0.69523
-31.750 -15.750  0.78965
-31.750 -15.250  0.87767
-31.750 -14.750  0.95924
-31.750 -14.250  1.03449
-31.750 -13.750  1.10367
-31.750 -13.250  1.16712
-31.750 -12.750  1.22521
-31.750 -12.250  1.27835
-31.750 -11.750  1.32697
-31.750 -11.250  1.37145
-31.750 -10.750  1.41221
-31.750 -10.250  1.44959
-31.750 -9.750  1.48392
-31.750 -9.250  1.51550
-31.750 -8.750  1.54458
-31.750 -8.250  1.57140
-31.750 -7.750  1.59614
-31.750 -7.250  1.61896
-31.750 -6.750  1.63998
-31.750 -6.250  1.65932
-31.750 -5.750  1.67704
-31.750 -5.250  1.69322
-31.750 -4.750  1.70788
-31.750 -4.250  1.72107
-31.750 -3.750  1.73280
-31.750 -3.250  1.74306
-31.750 -2.750  1.75188
-31.750 -2.250  1.75923
-31.750 -1.750  1.76513
-31.750 -1.250  1.76956
-31.750 -0.750  1.77252
-31.750 -0.250  1.77400
-31.750 0.250  1.77400
-31.750 0.750  1.77252
-31.750 1.250  1.76956
-31.750 1.750  1.76513
-31.750 2.250  1.75923
-31.750 2.750  1.75188
-31.750 3.250  1.74306
-31.750 3.750  1.73280
-31.750 4.250  1.72107
-31.750 4.750  1.70788
-31.750 5.250  1.69322
-31.750 5.750  1.67704
-31.750 6.250  1.65932
-31.750 6.750  1.63998
-31.750 7.250  1.61896
-31.750 7.750  1.59614
-31.750 8.250  1.57140
-31.750 8.750  1.54458
-31.750 9.250  1.51550
-31.750 9.750  1.48392
-31.750 10.250  1.44959
-31.750 10.750  1.41221
-31.750 11.250  1.37145
-31.750 11.750  1.32697
-31.750 12.250  1.27835
-31.750 12.750  1.22521
-31.750 13.250  1.16712
-31.750 13.750  1.10367
-31.750 14.250  1.03449
-31.750 14.750  0.95924
-31.750 15.250  0.87767
-31.750 15.750  0.78965
-31.750 16.250  0.69523
-31.750 16.750  0.59466
-31.750 17.250  0.48846
-31.750 17.750  0.37748
-31.750 18.250  0.26293
-31.750 18.750  0.14645
-31.750 19.250  0.03010
-31.750 19.750 -0.08365
-31.750 20.250 -0.19201
-31.750 20.750 -0.29194
-31.750 21.250 -0.38038
-31.750 21.750 -0.45448
-31.750 22.250 -0.51181
-31.750 22.750 -0.55070
-31.750 23.250 -0.57034
-31.750 23.750 -0.57093
-31.750 24.250 -0.55366
-31.750 24.750 -0.52053
-31.750 25.250 -0.47412
-31.750 25.750 -0.41731
-31.750 26.250 -0.35305
-31.750 26.750 -0.28404
-31.750 27.250 -0.21269
-31.750 27.750 -0.14098
-31.750 28.250 -0.07044
-31.750 28.750 -0.00221
-31.750 29.250  0.06293
-31.750 29.750  0.12450
-31.750 30.250  0.18224
-31.750 30.750  0.23609
-31.750 31.250  0.28609
-31.750 31.750  0.33239
-31.750 32.250  0.37516
-31.750 32.750  0.41464
-31.750 33.250  0.45106
-31.750 33.750  0.48468
-31.750 34.250  0.51573
-31.750 34.750  0.54444
-31.750 35.250  0.57104
-31.750 35.750  0.59571
-31.750 36.250  0.61866
-31.750 36.750  0.64005
-31.750 37.250  0.66004
-31.750 37.750  0.67878
-31.750 38.250  0.69639
-31.750 38.750  0.71299
-31.750 39.250  0.72869
-31.750 39.750  0.74358
-31.750 40.250  0.75775
-31.750 40.750  0.77128
-31.750 41.250  0.78425
-31.750 41.750  0.79671
-31.750 42.250  0.80873
-31.750 42.750  0.82035
-31.750 43.250  0.83163
-31.750 43.750  0.84261
-31.750 44.250  0.85333
-31.750 44.750  0.86383
-31.250 -44.750  0.87235
-31.250 -44.250  0.86136
-31.250 -43.750  0.85016
-31.250 -43.250  0.83869
-31.250 -42.750  0.82692
-31.250 -42.250  0.81481
-31.250 -41.750  0.80231
-31.250 -41.250  0.78936
-31.250 -40.750  0.77592
-31.250 -40.250  0.76191
-31.250 -39.750  0.74728
-31.250 -39.250  0.73193
-31.250 -38.750  0.71581
-31.250 -38.250  0.69880
-31.250 -37.750  0.68082
-31.250 -37.250  0.66175
-31.250 -36.750  0.64149
-31.250 -36.250  0.61989
-31.250 -35.750  0.59682
-31.250 -35.250  0.57213
-31.250 -34.750  0.54566
-31.250 -34.250  0.51724
-31.250 -33.750  0.48669
-31.250 -33.250  0.45383
-31.250 -32.750  0.41847
-31.250 -32.250  0.38043
-31.250 -31.750  0.33954
-31.250 -31.250  0.29568
-31.250 -30.750  0.24874
-31.250 -30.250  0.19869
-31.250 -29.750  0.14558
-31.250 -29.250  0.08961
-31.250 -28.750  0.03110
-31.250 -28.250 -0.02938
-31.250 -27.750 -0.09107
-31.250 -27.250 -0.15289
-31.250 -26.750 -0.21345
-31.250 -26.250 -0.27107
-31.250 -25.750 -0.32380
-31.250 -25.250 -0.36945
-31.250 -24.750 -0.40576
-31.250 -24.250 -0.43058
-31.250 -23.750 -0.44197
-31.250 -23.250 -0.43848
-31.250 -22.750 -0.41927
-31.250 -22.250 -0.38419
-31.250 -21.750 -0.33385
-31.250 -21.250 -0.26950
-31.250 -20.750 -0.19295
-31.250 -20.250 -0.10638
-31.250 -19.750 -0.01215
-31.250 -19.250  0.08732
-31.250 -18.750  0.18977
-31.250 -18.250  0.29314
-31.250 -17.750  0.39565
-31.250 -17.250  0.49585
-31.250 -16.750  0.59259
-31.250 -16.250  0.68504
-31.250 -15.750  0.77261
-31.250 -15.250  0.85496
-31.250 -14.750  0.93194
-31.250 -14.250  1.00356
-31.250 -13.750  1.06993
-31.250 -13.250  1.13125
-31.250 -12.750  1.18779
-31.250 -12.250  1.23986
-31.250 -11.750  1.28776
-31.250 -11.250  1.33183
-31.250 -10.750  1.37238
-31.250 -10.250  1.40970
-31.250 -9.750  1.44408
-31.250 -9.250  1.47577
-31.250 -8.750  1.50500
-31.250 -8.250  1.53197
-31.250 -7.750  1.55684
-31.250 -7.250  1.57977
-31.250 -6.750  1.60088
-31.250 -6.250  1.62027
-31.250 -5.750  1.63801
-31.250 -5.250  1.65418
-31.250 -4.750  1.66880
-31.250 -4.250  1.68193
-31.250 -3.750  1.69358
-31.250 -3.250  1.70377
-31.250 -2.750  1.71250
-31.250 -2.250  1.71977
-31.250 -1.750  1.72560
-31.250 -1.250  1.72997
-31.250 -0.750  1.73288
-31.250 -0.250  1.73434
-31.250 0.250  1.73434
-31.250 0.750  1.73288
-31.250 1.250  1.72997
-31.250 1.750  1.72560
-31.250 2.250  1.71977
-31.250 2.750  1.71250
-31.250 3.250  1.70377
-31.250 3.750  1.69358
-31.250 4.250  1.68193
-31.250 4.750  1.66880
-31.250 5.250  1.65418
-31.250 5.750  1.63801
-31.250 6.250  1.62027
-31.250 6.750  1.60088
-31.250 7.250  1.57977
-31.250 7.750  1.55684
-31.250 8.250  1.53197
-31.250 8.750  1.50500
-31.250 9.250  1.47577
-31.250 9.750  1.44408
-31.250 10.250  1.40970
-31.250 10.750  1.37238
-31.250 11.250  1.33183
-31.250 11.750  1.28776
-31.250 12.250  1.23986
-31.250 12.750  1.18779
-31.250 13.250  1.13125
-31.250 13.750  1.06993
-31.250 14.250  1.00356
-31.250 14.750  0.93194
-31.250 15.250  0.85496
-31.250 15.750  0.77261
-31.250 16.250  0.68504
-31.250 16.750  0.59259
-31.250 17.250  0.49585
-31.250 17.750  0.39565
-31.250 18.250  0.29314
-31.250 18.750  0.18977
-31.250 19.250  0.08732
-31.250 19.750 -0.01215
-31.250 20.250 -0.10638
-31.250 20.750 -0.19295
-31.250 21.250 -0.26950
-31.250 21.750 -0.33385
-31.250 22.250 -0.38419
-31.250 22.750 -0.41927
-31.250 23.250 -0.43848
-31.250 23.750 -0.44197
-31.250 24.250 -0.43058
-31.250 24.750 -0.40576
-31.250 25.250 -0.36945
-31.250 25.750 -0.32380
-31.250 26.250 -0.27107
-31.250 26.750 -0.21345
-31.250 27.250 -0.15289
-31.250 27.750 -0.09107
-31.250 28.250 -0.02938
-31.250 28.750  0.03110
-31.250 29.250  0.08961
-31.250 29.750  0.14558
-31.250 30.250  0.19869
-31.250 30.750  0.24874
-31.250 31.250  0.29568
-31.250 31.750  0.33954
-31.250 32.250  0.38043
-31.250 32.750  0.41847
-31.250 33.250  0.45383
-31.250 33.750  0.48669
-31.250 34.250  0.51724
-31.250 34.750  0.54566
-31.250 35.250  0.57213
-31.250 35.750  0.59682
-31.250 36.250  0.61989
-31.250 36.750  0.64149
-31.250 37.250  0.66175
-31.250 37.750  0.68082
-31.250 38.250  0.69880
-31.250 38.750  0.71581
-31.250 39.250  0.73193
-31.250 39.750  0.74728
-31.250 40.250  0.76191
-31.250 40.750  0.77592
-31.250 41.250  0.78936
-31.250 41.750  0.80231
-31.250 42.250  0.81481
-31.250 42.750  0.82692
-31.250 43.250  0.83869
-31.250 43.750  0.85016
-31.250 44.250  0.86136
-31.250 44.750  0.87235
-30.750 -44.750  0.88105
-30.750 -44.250  0.86962
-30.750 -43.750  0.85796
-30.750 -43.250  0.84605
-30.750 -42.750  0.83383
-30.750 -42.250  0.82128
-30.750 -41.750  0.80835
-30.750 -41.250  0.79498
-30.750 -40.750  0.78111
-30.750 -40.250  0.76670
-30.750 -39.750  0.75168
-30.750 -39.250  0.73597
-30.750 -38.750  0.71950
-30.750 -38.250  0.70219
-30.750 -37.750  0.68394
-30.750 -37.250  0.66466
-30.750 -36.750  0.64425
-30.750 -36.250  0.62258
-30.750 -35.750  0.59954
-30.750 -35.250  0.57500
-30.750 -34.750  0.54883
-30.750 -34.250  0.52088
-30.750 -33.750  0.49102
-30.750 -33.250  0.45909
-30.750 -32.750  0.42498
-30.750 -32.250  0.38854
-30.750 -31.750  0.34969
-30.750 -31.250  0.30835
-30.750 -30.750  0.26451
-30.750 -30.250  0.21820
-30.750 -29.750  0.16957
-30.750 -29.250  0.11885
-30.750 -28.750  0.06645
-30.750 -28.250  0.01291
-30.750 -27.750 -0.04099
-30.750 -27.250 -0.09428
-30.750 -26.750 -0.14575
-30.750 -26.250 -0.19397
-30.750 -25.750 -0.23734
-30.750 -25.250 -0.27412
-30.750 -24.750 -0.30255
-30.750 -24.250 -0.32099
-30.750 -23.750 -0.32798
-30.750 -23.250 -0.32247
-30.750 -22.750 -0.30382
-30.750 -22.250 -0.27195
-30.750 -21.750 -0.22732
-30.750 -21.250 -0.17088
-30.750 -20.750 -0.10401
-30.750 -20.250 -0.02840
-30.750 -19.750  0.05411
-30.750 -19.250  0.14160
-30.750 -18.750  0.23222
-30.750 -18.250  0.32426
-30.750 -17.750  0.41620
-30.750 -17.250  0.50675
-30.750 -16.750  0.59487
-30.750 -16.250  0.67975
-30.750 -15.750  0.76081
-30.750 -15.250  0.83765
-30.750 -14.750  0.91004
-30.750 -14.250  0.97789
-30.750 -13.750  1.04123
-30.750 -13.250  1.10016
-30.750 -12.750  1.15486
-30.750 -12.250  1.20552
-30.750 -11.750  1.25240
-30.750 -11.250  1.29573
-30.750 -10.750  1.33577
-30.750 -10.250  1.37276
-30.750 -9.750  1.40693
-30.750 -9.250  1.43851
-30.750 -8.750  1.46768
-30.750 -8.250  1.49462
-30.750 -7.750  1.51948
-30.750 -7.250  1.54241
-30.750 -6.750  1.56350
-30.750 -6.250  1.58286
-30.750 -5.750  1.60056
-30.750 -5.250  1.61667
-30.750 -4.750  1.63122
-30.750 -4.250  1.64427
-30.750 -3.750  1.65583
-30.750 -3.250  1.66592
-30.750 -2.750  1.67457
-30.750 -2.250  1.68176
-30.750 -1.750  1.68752
-30.750 -1.250  1.69183
-30.750 -0.750  1.69471
-30.750 -0.250  1.69615
-30.750 0.250  1.69615
-30.750 0.750  1.69471
-30.750 1.250  1.69183
-30.750 1.750  1.68752
-30.750 2.250  1.68176
-30.750 2.750  1.67457
-30.750 3.250  1.66592
-30.750 3.750  1.65583
-30.750 4.250  1.64427
-30.750 4.750  1.63122
-30.750 5.250  1.61667
-30.750 5.750  1.60056
-30.750 6.250  1.58286
-30.750 6.750  1.56350
-30.750 7.250  1.54241
-30.750 7.750  1.51948
-30.750 8.250  1.49462
-30.750 8.750  1.46768
-30.750 9.250  1.43851
-30.750 9.750  1.40693
-30.750 10.250  1.37276
-30.750 10.750  1.33577
-30.750 11.250  1.29573
-30.750 11.750  1.25240
-30.750 12.250  1.20552
-30.750 12.750  1.15486
-30.750 13.250  1.10016
-30.750 13.750  1.04123
-30.750 14.250  0.97789
-30.750 14.750  0.91004
-30.750 15.250  0.83765
-30.750 15.750  0.76081
-30.750 16.250  0.67975
-30.750 16.750  0.59487
-30.750 17.250  0.50675
-30.750 17.750  0.41620
-30.750 18.250  0.32426
-30.750 18.750  0.23222
-30.750 19.250  0.14160
-30.750 19.750  0.05411
-30.750 20.250 -0.02840
-30.750 20.750 -0.10401
-30.750 21.250 -0.17088
-30.750 21.750 -0.22732
-30.750 22.250 -0.27195
-30.750 22.750 -0.30382
-30.750 23.250 -0.32247
-30.750 23.750 -0.32798
-30.750 24.250 -0.32099
-30.750 24.750 -0.30255
-30.750 25.250 -0.27412
-30.750 25.750 -0.23734
-30.750 26.250 -0.19397
-30.750 26.750 -0.14575
-30.750 27.250 -0.09428
-30.750 27.750 -0.04099
-30.750 28.250  0.01291
-30.750 28.750  0.06645
-30.750 29.250  0.11885
-30.750 29.750  0.16957
-30.750 30.250  0.21820
-30.750 30.750  0.26451
-30.750 31.250  0.30835
-30.750 31.750  0.34969
-30.750 32.250  0.38854
-30.750 32.750  0.42498
-30.750 33.250  0.45909
-30.750 33.750  0.49102
-30.750 34.250  0.52088
-30.750 34.750  0.54883
-30.750 35.250  0.57500
-30.750 35.750  0.59954
-30.750 36.250  0.62258
-30.750 36.750  0.64425
-30.750 37.250  0.66466
-30.750 37.750  0.68394
-30.750 38.250  0.70219
-30.750 38.750  0.71950
-30.750 39.250  0.73597
-30.750 39.750  0.75168
-30.750 40.250  0.76670
-30.750 40.750  0.78111
-30.750 41.250  0.79498
-30.750 41.750  0.80835
-30.750 42.250  0.82128
-30.750 42.750  0.83383
-30.750 43.250  0.84605
-30.750 43.750  0.85796
-30.750 44.250  0.86962
-30.750 44.750  0.88105
-30.250 -44.750  0.88994
-30.250 -44.250  0.87809
-30.250 -43.750  0.86602
-30.250 -43.250  0.85370
-30.250 -42.750  0.84109
-30.250 -42.250  0.82814
-30.250 -41.750  0.81482
-30.250 -41.250  0.80108
-30.250 -40.750  0.78686
-30.250 -40.250  0.77210
-30.250 -39.750  0.75676
-30.250 -39.250  0.74076
-30.250 -38.750  0.72404
-30.250 -38.250  0.70651
-30.250 -37.750  0.68809
-30.250 -37.250  0.66871
-30.250 -36.750  0.64826
-30.250 -36.250  0.62664
-30.250 -35.750  0.60376
-30.250 -35.250  0.57951
-30.250 -34.750  0.55377
-30.250 -34.250  0.52644
-30.250 -33.750  0.49740
-30.250 -33.250  0.46655
-30.250 -32.750  0.43381
-30.250 -32.250  0.39908
-30.250 -31.750  0.36233
-30.250 -31.250  0.32355
-30.250 -30.750  0.28276
-30.250 -30.250  0.24006
-30.250 -29.750  0.19565
-30.250 -29.250  0.14981
-30.250 -28.750  0.10295
-30.250 -28.250  0.05562
-30.250 -27.750  0.00852
-30.250 -27.250 -0.03745
-30.250 -26.750 -0.08126
-30.250 -26.250 -0.12170
-30.250 -25.750 -0.15746
-30.250 -25.250 -0.18714
-30.250 -24.750 -0.20938
-30.250 -24.250 -0.22290
-30.250 -23.750 -0.22660
-30.250 -23.250 -0.21967
-30.250 -22.750 -0.20168
-30.250 -22.250 -0.17256
-30.250 -21.750 -0.13266
-30.250 -21.250 -0.08274
-30.250 -20.750 -0.02386
-30.250 -20.250  0.04268
-30.250 -19.750  0.11540
-30.250 -19.250  0.19277
-30.250 -18.750  0.27329
-30.250 -18.250  0.35552
-30.250 -17.750  0.43817
-30.250 -17.250  0.52011
-30.250 -16.750  0.60042
-30.250 -16.250  0.67833
-30.250 -15.750  0.75326
-30.250 -15.250  0.82481
-30.250 -14.750  0.89268
-30.250 -14.250  0.95675
-30.250 -13.750  1.01695
-30.250 -13.250  1.07332
-30.250 -12.750  1.12595
-30.250 -12.250  1.17498
-30.250 -11.750  1.22057
-30.250 -11.250  1.26292
-30.250 -10.750  1.30220
-30.250 -10.250  1.33863
-30.250 -9.750  1.37238
-30.250 -9.250  1.40364
-30.250 -8.750  1.43258
-30.250 -8.250  1.45934
-30.250 -7.750  1.48407
-30.250 -7.250  1.50687
-30.250 -6.750  1.52785
-30.250 -6.250  1.54711
-30.250 -5.750  1.56471
-30.250 -5.250  1.58070
-30.250 -4.750  1.59515
-30.250 -4.250  1.60809
-30.250 -3.750  1.61954
-30.250 -3.250  1.62954
-30.250 -2.750  1.63808
-30.250 -2.250  1.64519
-30.250 -1.750  1.65087
-30.250 -1.250  1.65513
-30.250 -0.750  1.65797
-30.250 -0.250  1.65939
-30.250 0.250  1.65939
-30.250 0.750  1.65797
-30.250 1.250  1.65513
-30.250 1.750  1.65087
-30.250 2.250  1.64519
-30.250 2.750  1.63808
-30.250 3.250  1.62954
-30.250 3.750  1.61954
-30.250 4.250  1.60809
-30.250 4.750  1.59515
-30.250 5.250  1.58070
-30.250 5.750  1.56471
-30.250 6.250  1.54711
-30.250 6.750  1.52785
-30.250 7.250  1.50687
-30.250 7.750  1.48407
-30.250 8.250  1.45934
-30.250 8.750  1.43258
-30.250 9.250  1.40364
-30.250 9.750  1.37238
-30.250 10.250  1.33863
-30.250 10.750  1.30220
-30.250 11.250  1.26292
-30.250 11.750  1.22057
-30.250 12.250  1.17498
-30.250 12.750  1.12595
-30.250 13.250  1.07332
-30.250 13.750  1.01695
-30.250 14.250  0.95675
-30.250 14.750  0.89268
-30.250 15.250  0.82481
-30.250 15.750  0.75326
-30.250 16.250  0.67833
-30.250 16.750  0.60042
-30.250 17.250  0.52011
-30.250 17.750  0.43817
-30.250 18.250  0.35552
-30.250 18.750  0.27329
-30.250 19.250  0.19277
-30.250 19.750  0.11540
-30.250 20.250  0.04268
-30.250 20.750 -0.02386
-30.250 21.250 -0.08274
-30.250 21.750 -0.13266
-30.250 22.250 -0.17256
-30.250 22.750 -0.20168
-30.250 23.250 -0.21967
-30.250 23.750 -0.22660
-30.250 24.250 -0.22290
-30.250 24.750 -0.20938
-30.250 25.250 -0.18714
-30.250 25.750 -0.15746
-30.250 26.250 -0.12170
-30.250 26.750 -0.08126
-30.250 27.250 -0.03745
-30.250 27.750  0.00852
-30.250 28.250  0.05562
-30.250 28.750  0.10295
-30.250 29.250  0.14981
-30.250 29.750  0.19565
-30.250 30.250  0.24006
-30.250 30.750  0.28276
-30.250 31.250  0.32355
-30.250 31.750  0.36233
-30.250 32.250  0.39908
-30.250 32.750  0.43381
-30.250 33.250  0.46655
-30.250 33.750  0.49740
-30.250 34.250  0.52644
-30.250 34.750  0.55377
-30.250 35.250  0.57951
-30.250 35.750  0.60376
-30.250 36.250  0.62664
-30.250 36.750  0.64826
-30.250 37.250  0.66871
-30.250 37.750  0.68809
-30.250 38.250  0.70651
-30.250 38.750  0.72404
-30.250 39.250  0.74076
-30.250 39.750  0.75676
-30.250 40.250  0.77210
-30.250 40.750  0.78686
-30.250 41.250  0.80108
-30.250 41.750  0.81482
-30.250 42.250  0.82814
-30.250 42.750  0.84109
-30.250 43.250  0.85370
-30.250 43.750  0.86602
-30.250 44.250  0.87809
-30.250 44.750  0.88994
-29.750 -44.750  0.89902
-29.750 -44.250  0.88678
-29.750 -43.750  0.87434
-29.750 -43.250  0.86164
-29.750 -42.750  0.84867
-29.750 -42.250  0.83538
-29.750 -41.750  0.82172
-29.750 -41.250  0.80765
-29.750 -40.750  0.79313
-29.750 -40.250  0.77810
-29.750 -39.750  0.76250
-29.750 -39.250  0.74628
-29.750 -38.750  0.72937
-29.750 -38.250  0.71171
-29.750 -37.750  0.69322
-29.750 -37.250  0.67382
-29.750 -36.750  0.65343
-29.750 -36.250  0.63197
-29.750 -35.750  0.60936
-29.750 -35.250  0.58550
-29.750 -34.750  0.56031
-29.750 -34.250  0.53370
-29.750 -33.750  0.50560
-29.750 -33.250  0.47592
-29.750 -32.750  0.44462
-29.750 -32.250  0.41166
-29.750 -31.750  0.37702
-29.750 -31.250  0.34075
-29.750 -30.750  0.30292
-29.750 -30.250  0.26366
-29.750 -29.750  0.22319
-29.750 -29.250  0.18182
-29.750 -28.750  0.13995
-29.750 -28.250  0.09811
-29.750 -27.750  0.05694
-29.750 -27.250  0.01723
-29.750 -26.750 -0.02012
-29.750 -26.250 -0.05411
-29.750 -25.750 -0.08365
-29.750 -25.250 -0.10764
-29.750 -24.750 -0.12497
-29.750 -24.250 -0.13467
-29.750 -23.750 -0.13589
-29.750 -23.250 -0.12802
-29.750 -22.750 -0.11073
-29.750 -22.250 -0.08400
-29.750 -21.750 -0.04809
-29.750 -21.250 -0.00361
-29.750 -20.750  0.04862
-29.750 -20.250  0.10756
-29.750 -19.750  0.17204
-29.750 -19.250  0.24082
-29.750 -18.750  0.31267
-29.750 -18.250  0.38638
-29.750 -17.750  0.46087
-29.750 -17.250  0.53515
-29.750 -16.750  0.60840
-29.750 -16.250  0.67991
-29.750 -15.750  0.74913
-29.750 -15.250  0.81565
-29.750 -14.750  0.87916
-29.750 -14.250  0.93949
-29.750 -13.750  0.99652
-29.750 -13.250  1.05023
-29.750 -12.750  1.10066
-29.750 -12.250  1.14788
-29.750 -11.750  1.19200
-29.750 -11.250  1.23316
-29.750 -10.750  1.27150
-29.750 -10.250  1.30717
-29.750 -9.750  1.34032
-29.750 -9.250  1.37110
-29.750 -8.750  1.39966
-29.750 -8.250  1.42610
-29.750 -7.750  1.45057
-29.750 -7.250  1.47314
-29.750 -6.750  1.49393
-29.750 -6.250  1.51301
-29.750 -5.750  1.53044
-29.750 -5.250  1.54629
-29.750 -4.750  1.56059
-29.750 -4.250  1.57339
-29.750 -3.750  1.58472
-29.750 -3.250  1.59459
-29.750 -2.750  1.60303
-29.750 -2.250  1.61005
-29.750 -1.750  1.61565
-29.750 -1.250  1.61985
-29.750 -0.750  1.62265
-29.750 -0.250  1.62405
-29.750 0.250  1.62405
-29.750 0.750  1.62265
-29.750 1.250  1.61985
-29.750 1.750  1.61565
-29.750 2.250  1.61005
-29.750 2.750  1.60303
-29.750 3.250  1.59459
-29.750 3.750  1.58472
-29.750 4.250  1.57339
-29.750 4.750  1.56059
-29.750 5.250  1.54629
-29.750 5.750  1.53044
-29.750 6.250  1.51301
-29.750 6.750  1.49393
-29.750 7.250  1.47314
-29.750 7.750  1.45057
-29.750 8.250  1.42610
-29.750 8.750  1.39966
-29.750 9.250  1.37110
-29.750 9.750  1.34032
-29.750 10.250  1.30717
-29.750 10.750  1.27150
-29.750 11.250  1.23316
-29.750 11.750  1.19200
-29.750 12.250  1.14788
-29.750 12.750  1.10066
-29.750 13.250  1.05023
-29.750 13.750  0.99652
-29.750 14.250  0.93949
-29.750 14.750  0.87916
-29.750 15.250  0.81565
-29.750 15.750  0.74913
-29.750 16.250  0.67991
-29.750 16.750  0.60840
-29.750 17.250  0.53515
-29.750 17.750  0.46087
-29.750 18.250  0.38638
-29.750 18.750  0.31267
-29.750 19.250  0.24082
-29.750 19.750  0.17204
-29.750 20.250  0.10756
-29.750 20.750  0.04862
-29.750 21.250 -0.00361
-29.750 21.750 -0.04809
-29.750 22.250 -0.08400
-29.750 22.750 -0.11073
-29.750 23.250 -0.12802
-29.750 23.750 -0.13589
-29.750 24.250 -0.13467
-29.750 24.750 -0.12497
-29.750 25.250 -0.10764
-29.750 25.750 -0.08365
-29.750 26.250 -0.05411
-29.750 26.750 -0.02012
-29.750 27.250  0.01723
-29.750 27.750  0.05694
-29.750 28.250  0.09811
-29.750 28.750  0.13995
-29.750 29.250  0.18182
-29.750 29.750  0.22319
-29.750 30.250  0.26366
-29.750 30.750  0.30292
-29.750 31.250  0.34075
-29.750 31.750  0.37702
-29.750 32.250  0.41166
-29.750 32.750  0.44462
-29.750 33.250  0.47592
-29.750 33.750  0.50560
-29.750 34.250  0.53370
-29.750 34.750  0.56031
-29.750 35.250  0.58550
-29.750 35.750  0.60936
-29.750 36.250  0.63197
-29.750 36.750  0.65343
-29.750 37.250  0.67382
-29.750 37.750  0.69322
-29.750 38.250  0.71171
-29.750 38.750  0.72937
-29.750 39.250  0.74628
-29.750 39.750  0.76250
-29.750 40.250  0.77810
-29.750 40.750  0.79313
-29.750 41.250  0.80765
-29.750 41.750  0.82172
-29.750 42.250  0.83538
-29.750 42.750  0.84867
-29.750 43.250  0.86164
-29.750 43.750  0.87434
-29.750 44.250  0.88678
-29.750 44.750  0.89902
-29.250 -44.750  0.90827
-29.250 -44.250  0.89569
-29.250 -43.750  0.88290
-29.250 -43.250  0.86987
-29.250 -42.750  0.85657
-29.250 -42.250  0.84297
-29.250 -41.750  0.82902
-29.250 -41.250  0.81468
-29.250 -40.750  0.79991
-29.250 -40.250  0.78466
-29.250 -39.750  0.76887
-29.250 -39.250  0.75249
-29.250 -38.750  0.73547
-29.250 -38.250  0.71774
-29.250 -37.750  0.69924
-29.250 -37.250  0.67991
-29.250 -36.750  0.65967
-29.250 -36.250  0.63846
-29.250 -35.750  0.61620
-29.250 -35.250  0.59283
-29.250 -34.750  0.56827
-29.250 -34.250  0.54247
-29.250 -33.750  0.51536
-29.250 -33.250  0.48691
-29.250 -32.750  0.45710
-29.250 -32.250  0.42590
-29.250 -31.750  0.39336
-29.250 -31.250  0.35953
-29.250 -30.750  0.32452
-29.250 -30.250  0.28848
-29.250 -29.750  0.25166
-29.250 -29.250  0.21435
-29.250 -28.750  0.17695
-29.250 -28.250  0.13995
-29.250 -27.750  0.10393
-29.250 -27.250  0.06958
-29.250 -26.750  0.03767
-29.250 -26.250  0.00904
-29.250 -25.750 -0.01541
-29.250 -25.250 -0.03479
-29.250 -24.750 -0.04823
-29.250 -24.250 -0.05495
-29.250 -23.750 -0.05431
-29.250 -23.250 -0.04584
-29.250 -22.750 -0.02929
-29.250 -22.250 -0.00465
-29.250 -21.750  0.02785
-29.250 -21.250  0.06774
-29.250 -20.750  0.11437
-29.250 -20.250  0.16690
-29.250 -19.750  0.22438
-29.250 -19.250  0.28582
-29.250 -18.750  0.35019
-29.250 -18.250  0.41649
-29.250 -17.750  0.48380
-29.250 -17.250  0.55126
-29.250 -16.750  0.61814
-29.250 -16.250  0.68380
-29.250 -15.750  0.74772
-29.250 -15.250  0.80951
-29.250 -14.750  0.86885
-29.250 -14.250  0.92553
-29.250 -13.750  0.97941
-29.250 -13.250  1.03043
-29.250 -12.750  1.07858
-29.250 -12.250  1.12388
-29.250 -11.750  1.16639
-29.250 -11.250  1.20622
-29.250 -10.750  1.24346
-29.250 -10.250  1.27822
-29.250 -9.750  1.31063
-29.250 -9.250  1.34079
-29.250 -8.750  1.36883
-29.250 -8.250  1.39485
-29.250 -7.750  1.41894
-29.250 -7.250  1.44121
-29.250 -6.750  1.46172
-29.250 -6.250  1.48056
-29.250 -5.750  1.49777
-29.250 -5.250  1.51342
-29.250 -4.750  1.52754
-29.250 -4.250  1.54017
-29.250 -3.750  1.55135
-29.250 -3.250  1.56108
-29.250 -2.750  1.56940
-29.250 -2.250  1.57632
-29.250 -1.750  1.58184
-29.250 -1.250  1.58598
-29.250 -0.750  1.58873
-29.250 -0.250  1.59011
-29.250 0.250  1.59011
-29.250 0.750  1.58873
-29.250 1.250  1.58598
-29.250 1.750  1.58184
-29.250 2.250  1.57632
-29.250 2.750  1.56940
-29.250 3.250  1.56108
-29.250 3.750  1.55135
-29.250 4.250  1.54017
-29.250 4.750  1.52754
-29.250 5.250  1.51342
-29.250 5.750  1.49777
-29.250 6.250  1.48056
-29.250 6.750  1.46172
-29.250 7.250  1.44121
-29.250 7.750  1.41894
-29.250 8.250  1.39485
-29.250 8.750  1.36883
-29.250 9.250  1.34079
-29.250 9.750  1.31063
-29.250 10.250  1.27822
-29.250 10.750  1.24346
-29.250 11.250  1.20622
-29.250 11.750  1.16639
-29.250 12.250  1.12388
-29.250 12.750  1.07858
-29.250 13.250  1.03043
-29.250 13.750  0.97941
-29.250 14.250  0.92553
-29.250 14.750  0.86885
-29.250 15.250  0.80951
-29.250 15.750  0.74772
-29.250 16.250  0.68380
-29.250 16.750  0.61814
-29.250 17.250  0.55126
-29.250 17.750  0.48380
-29.250 18.250  0.41649
-29.250 18.750  0.35019
-29.250 19.250  0.28582
-29.250 19.750  0.22438
-29.250 20.250  0.16690
-29.250 20.750  0.11437
-29.250 21.250  0.06774
-29.250 21.750  0.02785
-29.250 22.250 -0.00465
-29.250 22.750 -0.02929
-29.250 23.250 -0.04584
-29.250 23.750 -0.05431
-29.250 24.250 -0.05495
-29.250 24.750 -0.04823
-29.250 25.250 -0.03479
-29.250 25.750 -0.01541
-29.250 26.250  0.00904
-29.250 26.750  0.03767
-29.250 27.250  0.06958
-29.250 27.750  0.10393
-29.250 28.250  0.13995
-29.250 28.750  0.17695
-29.250 29.250  0.21435
-29.250 29.750  0.25166
-29.250 30.250  0.28848
-29.250 30.750  0.32452
-29.250 31.250  0.35953
-29.250 31.750  0.39336
-29.250 32.250  0.42590
-29.250 32.750  0.45710
-29.250 33.250  0.48691
-29.250 33.750  0.51536
-29.250 34.250  0.54247
-29.250 34.750  0.56827
-29.250 35.250  0.59283
-29.250 35.750  0.61620
-29.250 36.250  0.63846
-29.250 36.750  0.65967
-29.250 37.250  0.67991
-29.250 37.750  0.69924
-29.250 38.250  0.71774
-29.250 38.750  0.73547
-29.250 39.250  0.75249
-29.250 39.750  0.76887
-29.250 40.250  0.78466
-29.250 40.750  0.79991
-29.250 41.250  0.81468
-29.250 41.750  0.82902
-29.250 42.250  0.84297
-29.250 42.750  0.85657
-29.250 43.250  0.86987
-29.250 43.750  0.88290
-29.250 44.250  0.89569
-29.250 44.750  0.90827
-28.750 -44.750  0.91770
-28.750 -44.250  0.90479
-28.750 -43.750  0.89169
-28.750 -43.250  0.87837
-28.750 -42.750  0.86479
-28.750 -42.250  0.85091
-28.750 -41.750  0.83671
-28.750 -41.250  0.82215
-28.750 -40.750  0.80717
-28.750 -40.250  0.79174
-28.750 -39.750  0.77582
-28.750 -39.250  0.75934
-28.750 -38.750  0.74227
-28.750 -38.250  0.72454
-28.750 -37.750  0.70611
-28.750 -37.250  0.68691
-28.750 -36.750  0.66689
-28.750 -36.250  0.64599
-28.750 -35.750  0.62416
-28.750 -35.250  0.60133
-28.750 -34.750  0.57747
-28.750 -34.250  0.55253
-28.750 -33.750  0.52647
-28.750 -33.250  0.49928
-28.750 -32.750  0.47095
-28.750 -32.250  0.44151
-28.750 -31.750  0.41100
-28.750 -31.250  0.37950
-28.750 -30.750  0.34714
-28.750 -30.250  0.31410
-28.750 -29.750  0.28062
-28.750 -29.250  0.24698
-28.750 -28.750  0.21357
-28.750 -28.250  0.18082
-28.750 -27.750  0.14926
-28.750 -27.250  0.11950
-28.750 -26.750  0.09218
-28.750 -26.250  0.06802
-28.750 -25.750  0.04775
-28.750 -25.250  0.03211
-28.750 -24.750  0.02177
-28.750 -24.250  0.01737
-28.750 -23.750  0.01939
-28.750 -23.250  0.02822
-28.750 -22.750  0.04402
-28.750 -22.250  0.06680
-28.750 -21.750  0.09636
-28.750 -21.250  0.13234
-28.750 -20.750  0.17420
-28.750 -20.250  0.22126
-28.750 -19.750  0.27277
-28.750 -19.250  0.32789
-28.750 -18.750  0.38578
-28.750 -18.250  0.44561
-28.750 -17.750  0.50659
-28.750 -17.250  0.56797
-28.750 -16.750  0.62911
-28.750 -16.250  0.68944
-28.750 -15.750  0.74847
-28.750 -15.250  0.80583
-28.750 -14.750  0.86121
-28.750 -14.250  0.91437
-28.750 -13.750  0.96518
-28.750 -13.250  1.01351
-28.750 -12.750  1.05934
-28.750 -12.250  1.10266
-28.750 -11.750  1.14348
-28.750 -11.250  1.18187
-28.750 -10.750  1.21790
-28.750 -10.250  1.25163
-28.750 -9.750  1.28317
-28.750 -9.250  1.31261
-28.750 -8.750  1.34002
-28.750 -8.250  1.36551
-28.750 -7.750  1.38915
-28.750 -7.250  1.41102
-28.750 -6.750  1.43119
-28.750 -6.250  1.44972
-28.750 -5.750  1.46666
-28.750 -5.250  1.48206
-28.750 -4.750  1.49597
-28.750 -4.250  1.50841
-28.750 -3.750  1.51941
-28.750 -3.250  1.52899
-28.750 -2.750  1.53718
-28.750 -2.250  1.54398
-28.750 -1.750  1.54941
-28.750 -1.250  1.55348
-28.750 -0.750  1.55619
-28.750 -0.250  1.55754
-28.750 0.250  1.55754
-28.750 0.750  1.55619
-28.750 1.250  1.55348
-28.750 1.750  1.54941
-28.750 2.250  1.54398
-28.750 2.750  1.53718
-28.750 3.250  1.52899
-28.750 3.750  1.51941
-28.750 4.250  1.50841
-28.750 4.750  1.49597
-28.750 5.250  1.48206
-28.750 5.750  1.46666
-28.750 6.250  1.44972
-28.750 6.750  1.43119
-28.750 7.250  1.41102
-28.750 7.750  1.38915
-28.750 8.250  1.36551
-28.750 8.750  1.34002
-28.750 9.250  1.31261
-28.750 9.750  1.28317
-28.750 10.250  1.25163
-28.750 10.750  1.21790
-28.750 11.250  1.18187
-28.750 11.750  1.14348
-28.750 12.250  1.10266
-28.750 12.750  1.05934
-28.750 13.250  1.01351
-28.750 13.750  0.96518
-28.750 14.250  0.91437
-28.750 14.750  0.86121
-28.750 15.250  0.80583
-28.750 15.750  0.74847
-28.750 16.250  0.68944
-28.750 16.750  0.62911
-28.750 17.250  0.56797
-28.750 17.750  0.50659
-28.750 18.250  0.44561
-28.750 18.750  0.38578
-28.750 19.250  0.32789
-28.750 19.750  0.27277
-28.750 20.250  0.22126
-28.750 20.750  0.17420
-28.750 21.250  0.13234
-28.750 21.750  0.09636
-28.750 22.250  0.06680
-28.750 22.750  0.04402
-28.750 23.250  0.02822
-28.750 23.750  0.01939
-28.750 24.250  0.01737
-28.750 24.750  0.02177
-28.750 25.250  0.03211
-28.750 25.750  0.04775
-28.750 26.250  0.06802
-28.750 26.750  0.09218
-28.750 27.250  0.11950
-28.750 27.750  0.14926
-28.750 28.250  0.18082
-28.750 28.750  0.21357
-28.750 29.250  0.24698
-28.750 29.750  0.28062
-28.750 30.250  0.31410
-28.750 30.750  0.34714
-28.750 31.250  0.37950
-28.750 31.750  0.41100
-28.750 32.250  0.44151
-28.750 32.750  0.47095
-28.750 33.250  0.49928
-28.750 33.750  0.52647
-28.750 34.250  0.55253
-28.750 34.750  0.57747
-28.750 35.250  0.60133
-28.750 35.750  0.62416
-28.750 36.250  0.64599
-28.750 36.750  0.66689
-28.750 37.250  0.68691
-28.750 37.750  0.70611
-28.750 38.250  0.72454
-28.750 38.750  0.74227
-28.750 39.250  0.75934
-28.750 39.750  0.77582
-28.750 40.250  0.79174
-28.750 40.750  0.80717
-28.750 41.250  0.82215
-28.750 41.750  0.83671
-28.750 42.250  0.85091
-28.750 42.750  0.86479
-28.750 43.250  0.87837
-28.750 43.750  0.89169
-28.750 44.250  0.90479
-28.750 44.750  0.91770
-28.250 -44.750  0.92730
-28.250 -44.250  0.91409
-28.250 -43.750  0.90071
-28.250 -43.250  0.88712
-28.250 -42.750  0.87329
-28.250 -42.250  0.85918
-28.250 -41.750  0.84477
-28.250 -41.250  0.83002
-28.250 -40.750  0.81489
-28.250 -40.250  0.79933
-28.250 -39.750  0.78332
-28.250 -39.250  0.76679
-28.250 -38.750  0.74972
-28.250 -38.250  0.73205
-28.250 -37.750  0.71374
-28.250 -37.250  0.69473
-28.250 -36.750  0.67499
-28.250 -36.250  0.65446
-28.250 -35.750  0.63310
-28.250 -35.250  0.61088
-28.250 -34.750  0.58776
-28.250 -34.250  0.56371
-28.250 -33.750  0.53872
-28.250 -33.250  0.51279
-28.250 -32.750  0.48593
-28.250 -32.250  0.45819
-28.250 -31.750  0.42962
-28.250 -31.250  0.40034
-28.250 -30.750  0.37046
-28.250 -30.250  0.34019
-28.250 -29.750  0.30974
-28.250 -29.250  0.27940
-28.250 -28.750  0.24952
-28.250 -28.250  0.22051
-28.250 -27.750  0.19282
-28.250 -27.250  0.16698
-28.250 -26.750  0.14354
-28.250 -26.250  0.12311
-28.250 -25.750  0.10629
-28.250 -25.250  0.09368
-28.250 -24.750  0.08582
-28.250 -24.250  0.08323
-28.250 -23.750  0.08628
-28.250 -23.250  0.09526
-28.250 -22.750  0.11031
-28.250 -22.250  0.13143
-28.250 -21.750  0.15844
-28.250 -21.250  0.19104
-28.250 -20.750  0.22880
-28.250 -20.250  0.27117
-28.250 -19.750  0.31753
-28.250 -19.250  0.36719
-28.250 -18.750  0.41945
-28.250 -18.250  0.47360
-28.250 -17.750  0.52898
-28.250 -17.250  0.58494
-28.250 -16.750  0.64091
-28.250 -16.250  0.69638
-28.250 -15.750  0.75091
-28.250 -15.250  0.80415
-28.250 -14.750  0.85579
-28.250 -14.250  0.90560
-28.250 -13.750  0.95341
-28.250 -13.250  0.99911
-28.250 -12.750  1.04263
-28.250 -12.250  1.08393
-28.250 -11.750  1.12301
-28.250 -11.250  1.15990
-28.250 -10.750  1.19462
-28.250 -10.250  1.22725
-28.250 -9.750  1.25783
-28.250 -9.250  1.28644
-28.250 -8.750  1.31315
-28.250 -8.250  1.33802
-28.250 -7.750  1.36113
-28.250 -7.250  1.38254
-28.250 -6.750  1.40230
-28.250 -6.250  1.42047
-28.250 -5.750  1.43709
-28.250 -5.250  1.45221
-28.250 -4.750  1.46586
-28.250 -4.250  1.47808
-28.250 -3.750  1.48888
-28.250 -3.250  1.49829
-28.250 -2.750  1.50634
-28.250 -2.250  1.51302
-28.250 -1.750  1.51835
-28.250 -1.250  1.52234
-28.250 -0.750  1.52500
-28.250 -0.250  1.52633
-28.250 0.250  1.52633
-28.250 0.750  1.52500
-28.250 1.250  1.52234
-28.250 1.750  1.51835
-28.250 2.250  1.51302
-28.250 2.750  1.50634
-28.250 3.250  1.49829
-28.250 3.750  1.48888
-28.250 4.250  1.47808
-28.250 4.750  1.46586
-28.250 5.250  1.45221
-28.250 5.750  1.43709
-28.250 6.250  1.42047
-28.250 6.750  1.40230
-28.250 7.250  1.38254
-28.250 7.750  1.36113
-28.250 8.250  1.33802
-28.250 8.750  1.31315
-28.250 9.250  1.28644
-28.250 9.750  1.25783
-28.250 10.250  1.22725
-28.250 10.750  1.19462
-28.250 11.250  1.15990
-28.250 11.750  1.12301
-28.250 12.250  1.08393
-28.250 12.750  1.04263
-28.250 13.250  0.99911
-28.250 13.750  0.95341
-28.250 14.250  0.90560
-28.250 14.750  0.85579
-28.250 15.250  0.80415
-28.250 15.750  0.75091
-28.250 16.250  0.69638
-28.250 16.750  0.64091
-28.250 17.250  0.58494
-28.250 17.750  0.52898
-28.250 18.250  0.47360
-28.250 18.750  0.41945
-28.250 19.250  0.36719
-28.250 19.750  0.31753
-28.250 20.250  0.27117
-28.250 20.750  0.22880
-28.250 21.250  0.19104
-28.250 21.750  0.15844
-28.250 22.250  0.13143
-28.250 22.750  0.11031
-28.250 23.250  0.09526
-28.250 23.750  0.08628
-28.250 24.250  0.08323
-28.250 24.750  0.08582
-28.250 25.250  0.09368
-28.250 25.750  0.10629
-28.250 26.250  0.12311
-28.250 26.750  0.14354
-28.250 27.250  0.16698
-28.250 27.750  0.19282
-28.250 28.250  0.22051
-28.250 28.750  0.24952
-28.250 29.250  0.27940
-28.250 29.750  0.30974
-28.250 30.250  0.34019
-28.250 30.750  0.37046
-28.250 31.250  0.40034
-28.250 31.750  0.42962
-28.250 32.250  0.45819
-28.250 32.750  0.48593
-28.250 33.250  0.51279
-28.250 33.750  0.53872
-28.250 34.250  0.56371
-28.250 34.750  0.58776
-28.250 35.250  0.61088
-28.250 35.750  0.63310
-28.250 36.250  0.65446
-28.250 36.750  0.67499
-28.250 37.250  0.69473
-28.250 37.750  0.71374
-28.250 38.250  0.73205
-28.250 38.750  0.74972
-28.250 39.250  0.76679
-28.250 39.750  0.78332
-28.250 40.250  0.79933
-28.250 40.750  0.81489
-28.250 41.250  0.83002
-28.250 41.750  0.84477
-28.250 42.250  0.85918
-28.250 42.750  0.87329
-28.250 43.250  0.88712
-28.250 43.750  0.90071
-28.250 44.250  0.91409
-28.250 44.750  0.92730
-27.750 -44.750  0.93704
-27.750 -44.250  0.92357
-27.750 -43.750  0.90993
-27.750 -43.250  0.89611
-27.750 -42.750  0.88206
-27.750 -42.250  0.86776
-27.750 -41.750  0.85318
-27.750 -41.250  0.83827
-27.750 -40.750  0.82302
-27.750 -40.250  0.80738
-27.750 -39.750  0.79132
-27.750 -39.250  0.77480
-27.750 -38.750  0.75777
-27.750 -38.250  0.74020
-27.750 -37.750  0.72206
-27.750 -37.250  0.70329
-27.750 -36.750  0.68387
-27.750 -36.250  0.66376
-27.750 -35.750  0.64292
-27.750 -35.250  0.62133
-27.750 -34.750  0.59898
-27.750 -34.250  0.57584
-27.750 -33.750  0.55192
-27.750 -33.250  0.52723
-27.750 -32.750  0.50180
-27.750 -32.250  0.47569
-27.750 -31.750  0.44898
-27.750 -31.250  0.42177
-27.750 -30.750  0.39420
-27.750 -30.250  0.36645
-27.750 -29.750  0.33876
-27.750 -29.250  0.31138
-27.750 -28.750  0.28463
-27.750 -28.250  0.25888
-27.750 -27.750  0.23454
-27.750 -27.250  0.21205
-27.750 -26.750  0.19190
-27.750 -26.250  0.17459
-27.750 -25.750  0.16062
-27.750 -25.250  0.15047
-27.750 -24.750  0.14461
-27.750 -24.250  0.14342
-27.750 -23.750  0.14721
-27.750 -23.250  0.15622
-27.750 -22.750  0.17053
-27.750 -22.250  0.19013
-27.750 -21.750  0.21490
-27.750 -21.250  0.24456
-27.750 -20.750  0.27878
-27.750 -20.250  0.31709
-27.750 -19.750  0.35898
-27.750 -19.250  0.40389
-27.750 -18.750  0.45122
-27.750 -18.250  0.50038
-27.750 -17.750  0.55079
-27.750 -17.250  0.60191
-27.750 -16.750  0.65322
-27.750 -16.250  0.70427
-27.750 -15.750  0.75467
-27.750 -15.250  0.80407
-27.750 -14.750  0.85220
-27.750 -14.250  0.89882
-27.750 -13.750  0.94377
-27.750 -13.250  0.98691
-27.750 -12.750  1.02814
-27.750 -12.250  1.06743
-27.750 -11.750  1.10474
-27.750 -11.250  1.14008
-27.750 -10.750  1.17345
-27.750 -10.250  1.20490
-27.750 -9.750  1.23445
-27.750 -9.250  1.26217
-27.750 -8.750  1.28810
-27.750 -8.250  1.31230
-27.750 -7.750  1.33481
-27.750 -7.250  1.35570
-27.750 -6.750  1.37500
-27.750 -6.250  1.39276
-27.750 -5.750  1.40902
-27.750 -5.250  1.42382
-27.750 -4.750  1.43719
-27.750 -4.250  1.44916
-27.750 -3.750  1.45975
-27.750 -3.250  1.46897
-27.750 -2.750  1.47685
-27.750 -2.250  1.48340
-27.750 -1.750  1.48863
-27.750 -1.250  1.49254
-27.750 -0.750  1.49515
-27.750 -0.250  1.49645
-27.750 0.250  1.49645
-27.750 0.750  1.49515
-27.750 1.250  1.49254
-27.750 1.750  1.48863
-27.750 2.250  1.48340
-27.750 2.750  1.47685
-27.750 3.250  1.46897
-27.750 3.750  1.45975
-27.750 4.250  1.44916
-27.750 4.750  1.43719
-27.750 5.250  1.42382
-27.750 5.750  1.40902
-27.750 6.250  1.39276
-27.750 6.750  1.37500
-27.750 7.250  1.35570
-27.750 7.750  1.33481
-27.750 8.250  1.31230
-27.750 8.750  1.28810
-27.750 9.250  1.26217
-27.750 9.750  1.23445
-27.750 10.250  1.20490
-27.750 10.750  1.17345
-27.750 11.250  1.14008
-27.750 11.750  1.10474
-27.750 12.250  1.06743
-27.750 12.750  1.02814
-27.750 13.250  0.98691
-27.750 13.750  0.94377
-27.750 14.250  0.89882
-27.750 14.750  0.85220
-27.750 15.250  0.80407
-27.750 15.750  0.75467
-27.750 16.250  0.70427
-27.750 16.750  0.65322
-27.750 17.250  0.60191
-27.750 17.750  0.55079
-27.750 18.250  0.50038
-27.750 18.750  0.45122
-27.750 19.250  0.40389
-27.750 19.750  0.35898
-27.750 20.250  0.31709
-27.750 20.750  0.27878
-27.750 21.250  0.24456
-27.750 21.750  0.21490
-27.750 22.250  0.19013
-27.750 22.750  0.17053
-27.750 23.250  0.15622
-27.750 23.750  0.14721
-27.750 24.250  0.14342
-27.750 24.750  0.14461
-27.750 25.250  0.15047
-27.750 25.750  0.16062
-27.750 26.250  0.17459
-27.750 26.750  0.19190
-27.750 27.250  0.21205
-27.750 27.750  0.23454
-27.750 28.250  0.25888
-27.750 28.750  0.28463
-27.750 29.250  0.31138
-27.750 29.750  0.33876
-27.750 30.250  0.36645
-27.750 30.750  0.39420
-27.750 31.250  0.42177
-27.750 31.750  0.44898
-27.750 32.250  0.47569
-27.750 32.750  0.50180
-27.750 33.250  0.52723
-27.750 33.750  0.55192
-27.750 34.250  0.57584
-27.750 34.750  0.59898
-27.750 35.250  0.62133
-27.750 35.750  0.64292
-27.750 36.250  0.66376
-27.750 36.750  0.68387
-27.750 37.250  0.70329
-27.750 37.750  0.72206
-27.750 38.250  0.74020
-27.750 38.750  0.75777
-27.750 39.250  0.77480
-27.750 39.750  0.79132
-27.750 40.250  0.80738
-27.750 40.750  0.82302
-27.750 41.250  0.83827
-27.750 41.750  0.85318
-27.750 42.250  0.86776
-27.750 42.750  0.88206
-27.750 43.250  0.89611
-27.750 43.750  0.90993
-27.750 44.250  0.92357
-27.750 44.750  0.93704
-27.250 -44.750  0.94692
-27.250 -44.250  0.93321
-27.250 -43.750  0.91935
-27.250 -43.250  0.90532
-27.250 -42.750  0.89108
-27.250 -42.250  0.87662
-27.250 -41.750  0.86189
-27.250 -41.250  0.84688
-27.250 -40.750  0.83155
-27.250 -40.250  0.81586
-27.250 -39.750  0.79979
-27.250 -39.250  0.78330
-27.250 -38.750  0.76636
-27.250 -38.250  0.74894
-27.250 -37.750  0.73099
-27.250 -37.250  0.71251
-27.250 -36.750  0.69344
-27.250 -36.250  0.67378
-27.250 -35.750  0.65348
-27.250 -35.250  0.63255
-27.250 -34.750  0.61097
-27.250 -34.250  0.58875
-27.250 -33.750  0.56588
-27.250 -33.250  0.54240
-27.250 -32.750  0.51836
-27.250 -32.250  0.49381
-27.250 -31.750  0.46884
-27.250 -31.250  0.44356
-27.250 -30.750  0.41811
-27.250 -30.250  0.39268
-27.250 -29.750  0.36747
-27.250 -29.250  0.34273
-27.250 -28.750  0.31875
-27.250 -28.250  0.29586
-27.250 -27.750  0.27441
-27.250 -27.250  0.25479
-27.250 -26.750  0.23742
-27.250 -26.250  0.22272
-27.250 -25.750  0.21111
-27.250 -25.250  0.20298
-27.250 -24.750  0.19871
-27.250 -24.250  0.19860
-27.250 -23.750  0.20292
-27.250 -23.250  0.21184
-27.250 -22.750  0.22542
-27.250 -22.250  0.24366
-27.250 -21.750  0.26643
-27.250 -21.250  0.29353
-27.250 -20.750  0.32465
-27.250 -20.250  0.35942
-27.250 -19.750  0.39742
-27.250 -19.250  0.43817
-27.250 -18.750  0.48117
-27.250 -18.250  0.52592
-27.250 -17.750  0.57191
-27.250 -17.250  0.61869
-27.250 -16.750  0.66580
-27.250 -16.250  0.71283
-27.250 -15.750  0.75943
-27.250 -15.250  0.80529
-27.250 -14.750  0.85013
-27.250 -14.250  0.89374
-27.250 -13.750  0.93594
-27.250 -13.250  0.97660
-27.250 -12.750  1.01561
-27.250 -12.250  1.05291
-27.250 -11.750  1.08845
-27.250 -11.250  1.12222
-27.250 -10.750  1.15421
-27.250 -10.250  1.18444
-27.250 -9.750  1.21292
-27.250 -9.250  1.23969
-27.250 -8.750  1.26479
-27.250 -8.250  1.28826
-27.250 -7.750  1.31013
-27.250 -7.250  1.33044
-27.250 -6.750  1.34923
-27.250 -6.250  1.36655
-27.250 -5.750  1.38242
-27.250 -5.250  1.39687
-27.250 -4.750  1.40993
-27.250 -4.250  1.42162
-27.250 -3.750  1.43197
-27.250 -3.250  1.44099
-27.250 -2.750  1.44870
-27.250 -2.250  1.45510
-27.250 -1.750  1.46022
-27.250 -1.250  1.46405
-27.250 -0.750  1.46660
-27.250 -0.250  1.46787
-27.250 0.250  1.46787
-27.250 0.750  1.46660
-27.250 1.250  1.46405
-27.250 1.750  1.46022
-27.250 2.250  1.45510
-27.250 2.750  1.44870
-27.250 3.250  1.44099
-27.250 3.750  1.43197
-27.250 4.250  1.42162
-27.250 4.750  1.40993
-27.250 5.250  1.39687
-27.250 5.750  1.38242
-27.250 6.250  1.36655
-27.250 6.750  1.34923
-27.250 7.250  1.33044
-27.250 7.750  1.31013
-27.250 8.250  1.28826
-27.250 8.750  1.26479
-27.250 9.250  1.23969
-27.250 9.750  1.21292
-27.250 10.250  1.18444
-27.250 10.750  1.15421
-27.250 11.250  1.12222
-27.250 11.750  1.08845
-27.250 12.250  1.05291
-27.250 12.750  1.01561
-27.250 13.250  0.97660
-27.250 13.750  0.93594
-27.250 14.250  0.89374
-27.250 14.750  0.85013
-27.250 15.250  0.80529
-27.250 15.750  0.75943
-27.250 16.250  0.71283
-27.250 16.750  0.66580
-27.250 17.250  0.61869
-27.250 17.750  0.57191
-27.250 18.250  0.52592
-27.250 18.750  0.48117
-27.250 19.250  0.43817
-27.250 19.750  0.39742
-27.250 20.250  0.35942
-27.250 20.750  0.32465
-27.250 21.250  0.29353
-27.250 21.750  0.26643
-27.250 22.250  0.24366
-27.250 22.750  0.22542
-27.250 23.250  0.21184
-27.250 23.750  0.20292
-27.250 24.250  0.19860
-27.250 24.750  0.19871
-27.250 25.250  0.20298
-27.250 25.750  0.21111
-27.250 26.250  0.22272
-27.250 26.750  0.23742
-27.250 27.250  0.25479
-27.250 27.750  0.27441
-27.250 28.250  0.29586
-27.250 28.750  0.31875
-27.250 29.250  0.34273
-27.250 29.750  0.36747
-27.250 30.250  0.39268
-27.250 30.750  0.41811
-27.250 31.250  0.44356
-27.250 31.750  0.46884
-27.250 32.250  0.49381
-27.250 32.750  0.51836
-27.250 33.250  0.54240
-27.250 33.750  0.56588
-27.250 34.250  0.58875
-27.250 34.750  0.61097
-27.250 35.250  0.63255
-27.250 35.750  0.65348
-27.250 36.250  0.67378
-27.250 36.750  0.69344
-27.250 37.250  0.71251
-27.250 37.750  0.73099
-27.250 38.250  0.74894
-27.250 38.750  0.76636
-27.250 39.250  0.78330
-27.250 39.750  0.79979
-27.250 40.250  0.81586
-27.250 40.750  0.83155
-27.250 41.250  0.84688
-27.250 41.750  0.86189
-27.250 42.250  0.87662
-27.250 42.750  0.89108
-27.250 43.250  0.90532
-27.250 43.750  0.91935
-27.250 44.250  0.93321
-27.250 44.750  0.94692
-26.750 -44.750  0.95693
-26.750 -44.250  0.94300
-26.750 -43.750  0.92895
-26.750 -43.250  0.91473
-26.750 -42.750  0.90034
-26.750 -42.250  0.88574
-26.750 -41.750  0.87090
-26.750 -41.250  0.85580
-26.750 -40.750  0.84042
-26.750 -40.250  0.82472
-26.750 -39.750  0.80867
-26.750 -39.250  0.79225
-26.750 -38.750  0.77543
-26.750 -38.250  0.75818
-26.750 -37.750  0.74048
-26.750 -37.250  0.72230
-26.750 -36.750  0.70362
-26.750 -36.250  0.68442
-26.750 -35.750  0.66469
-26.750 -35.250  0.64443
-26.750 -34.750  0.62362
-26.750 -34.250  0.60229
-26.750 -33.750  0.58046
-26.750 -33.250  0.55815
-26.750 -32.750  0.53543
-26.750 -32.250  0.51235
-26.750 -31.750  0.48901
-26.750 -31.250  0.46552
-26.750 -30.750  0.44202
-26.750 -30.250  0.41869
-26.750 -29.750  0.39571
-26.750 -29.250  0.37332
-26.750 -28.750  0.35179
-26.750 -28.250  0.33139
-26.750 -27.750  0.31244
-26.750 -27.250  0.29529
-26.750 -26.750  0.28028
-26.750 -26.250  0.26777
-26.750 -25.750  0.25810
-26.750 -25.250  0.25162
-26.750 -24.750  0.24862
-26.750 -24.250  0.24935
-26.750 -23.750  0.25403
-26.750 -23.250  0.26277
-26.750 -22.750  0.27565
-26.750 -22.250  0.29263
-26.750 -21.750  0.31363
-26.750 -21.250  0.33845
-26.750 -20.750  0.36686
-26.750 -20.250  0.39853
-26.750 -19.750  0.43311
-26.750 -19.250  0.47019
-26.750 -18.750  0.50937
-26.750 -18.250  0.55020
-26.750 -17.750  0.59226
-26.750 -17.250  0.63514
-26.750 -16.750  0.67845
-26.750 -16.250  0.72183
-26.750 -15.750  0.76495
-26.750 -15.250  0.80752
-26.750 -14.750  0.84930
-26.750 -14.250  0.89007
-26.750 -13.750  0.92966
-26.750 -13.250  0.96794
-26.750 -12.750  1.00480
-26.750 -12.250  1.04015
-26.750 -11.750  1.07394
-26.750 -11.250  1.10614
-26.750 -10.750  1.13674
-26.750 -10.250  1.16572
-26.750 -9.750  1.19310
-26.750 -9.250  1.21889
-26.750 -8.750  1.24312
-26.750 -8.250  1.26581
-26.750 -7.750  1.28699
-26.750 -7.250  1.30670
-26.750 -6.750  1.32495
-26.750 -6.250  1.34179
-26.750 -5.750  1.35723
-26.750 -5.250  1.37130
-26.750 -4.750  1.38403
-26.750 -4.250  1.39543
-26.750 -3.750  1.40552
-26.750 -3.250  1.41433
-26.750 -2.750  1.42185
-26.750 -2.250  1.42810
-26.750 -1.750  1.43309
-26.750 -1.250  1.43683
-26.750 -0.750  1.43932
-26.750 -0.250  1.44056
-26.750 0.250  1.44056
-26.750 0.750  1.43932
-26.750 1.250  1.43683
-26.750 1.750  1.43309
-26.750 2.250  1.42810
-26.750 2.750  1.42185
-26.750 3.250  1.41433
-26.750 3.750  1.40552
-26.750 4.250  1.39543
-26.750 4.750  1.38403
-26.750 5.250  1.37130
-26.750 5.750  1.35723
-26.750 6.250  1.34179
-26.750 6.750  1.32495
-26.750 7.250  1.30670
-26.750 7.750  1.28699
-26.750 8.250  1.26581
-26.750 8.750  1.24312
-26.750 9.250  1.21889
-26.750 9.750  1.19310
-26.750 10.250  1.16572
-26.750 10.750  1.13674
-26.750 11.250  1.10614
-26.750 11.750  1.07394
-26.750 12.250  1.04015
-26.750 12.750  1.00480
-26.750 13.250  0.96794
-26.750 13.750  0.92966
-26.750 14.250  0.89007
-26.750 14.750  0.84930
-26.750 15.250  0.80752
-26.750 15.750  0.76495
-26.750 16.250  0.72183
-26.750 16.750  0.67845
-26.750 17.250  0.63514
-26.750 17.750  0.59226
-26.750 18.250  0.55020
-26.750 18.750  0.50937
-26.750 19.250  0.47019
-26.750 19.750  0.43311
-26.750 20.250  0.39853
-26.750 20.750  0.36686
-26.750 21.250  0.33845
-26.750 21.750  0.31363
-26.750 22.250  0.29263
-26.750 22.750  0.27565
-26.750 23.250  0.26277
-26.750 23.750  0.25403
-26.750 24.250  0.24935
-26.750 24.750  0.24862
-26.750 25.250  0.25162
-26.750 25.750  0.25810
-26.750 26.250  0.26777
-26.750 26.750  0.28028
-26.750 27.250  0.29529
-26.750 27.750  0.31244
-26.750 28.250  0.33139
-26.750 28.750  0.35179
-26.750 29.250  0.37332
-26.750 29.750  0.39571
-26.750 30.250  0.41869
-26.750 30.750  0.44202
-26.750 31.250  0.46552
-26.750 31.750  0.48901
-26.750 32.250  0.51235
-26.750 32.750  0.53543
-26.750 33.250  0.55815
-26.750 33.750  0.58046
-26.750 34.250  0.60229
-26.750 34.750  0.62362
-26.750 35.250  0.64443
-26.750 35.750  0.66469
-26.750 36.250  0.68442
-26.750 36.750  0.70362
-26.750 37.250  0.72230
-26.750 37.750  0.74048
-26.750 38.250  0.75818
-26.750 38.750  0.77543
-26.750 39.250  0.79225
-26.750 39.750  0.80867
-26.750 40.250  0.82472
-26.750 40.750  0.84042
-26.750 41.250  0.85580
-26.750 41.750  0.87090
-26.750 42.250  0.88574
-26.750 42.750  0.90034
-26.750 43.250  0.91473
-26.750 43.750  0.92895
-26.750 44.250  0.94300
-26.750 44.750  0.95693
-26.250 -44.750  0.96704
-26.250 -44.250  0.95293
-26.250 -43.750  0.93870
-26.250 -43.250  0.92433
-26.250 -42.750  0.90980
-26.250 -42.250  0.89509
-26.250 -41.750  0.88017
-26.250 -41.250  0.86502
-26.250 -40.750  0.84961
-26.250 -40.250  0.83392
-26.250 -39.750  0.81793
-26.250 -39.250  0.80161
-26.250 -38.750  0.78494
-26.250 -38.250  0.76789
-26.250 -37.750  0.75045
-26.250 -37.250  0.73259
-26.250 -36.750  0.71431
-26.250 -36.250  0.69560
-26.250 -35.750  0.67644
-26.250 -35.250  0.65684
-26.250 -34.750  0.63680
-26.250 -34.250  0.61635
-26.250 -33.750  0.59551
-26.250 -33.250  0.57432
-26.250 -32.750  0.55285
-26.250 -32.250  0.53115
-26.250 -31.750  0.50933
-26.250 -31.250  0.48749
-26.250 -30.750  0.46578
-26.250 -30.250  0.44434
-26.250 -29.750  0.42337
-26.250 -29.250  0.40308
-26.250 -28.750  0.38369
-26.250 -28.250  0.36547
-26.250 -27.750  0.34869
-26.250 -27.250  0.33365
-26.250 -26.750  0.32064
-26.250 -26.250  0.30996
-26.250 -25.750  0.30192
-26.250 -25.250  0.29678
-26.250 -24.750  0.29479
-26.250 -24.250  0.29616
-26.250 -23.750  0.30105
-26.250 -23.250  0.30957
-26.250 -22.750  0.32175
-26.250 -22.250  0.33759
-26.250 -21.750  0.35698
-26.250 -21.250  0.37979
-26.250 -20.750  0.40579
-26.250 -20.250  0.43472
-26.250 -19.750  0.46628
-26.250 -19.250  0.50013
-26.250 -18.750  0.53591
-26.250 -18.250  0.57326
-26.250 -17.750  0.61180
-26.250 -17.250  0.65118
-26.250 -16.750  0.69105
-26.250 -16.250  0.73109
-26.250 -15.750  0.77101
-26.250 -15.250  0.81055
-26.250 -14.750  0.84947
-26.250 -14.250  0.88758
-26.250 -13.750  0.92471
-26.250 -13.250  0.96071
-26.250 -12.750  0.99549
-26.250 -12.250  1.02895
-26.250 -11.750  1.06103
-26.250 -11.250  1.09168
-26.250 -10.750  1.12088
-26.250 -10.250  1.14861
-26.250 -9.750  1.17486
-26.250 -9.250  1.19965
-26.250 -8.750  1.22298
-26.250 -8.250  1.24487
-26.250 -7.750  1.26534
-26.250 -7.250  1.28440
-26.250 -6.750  1.30209
-26.250 -6.250  1.31842
-26.250 -5.750  1.33341
-26.250 -5.250  1.34708
-26.250 -4.750  1.35945
-26.250 -4.250  1.37055
-26.250 -3.750  1.38037
-26.250 -3.250  1.38894
-26.250 -2.750  1.39626
-26.250 -2.250  1.40235
-26.250 -1.750  1.40722
-26.250 -1.250  1.41086
-26.250 -0.750  1.41329
-26.250 -0.250  1.41450
-26.250 0.250  1.41450
-26.250 0.750  1.41329
-26.250 1.250  1.41086
-26.250 1.750  1.40722
-26.250 2.250  1.40235
-26.250 2.750  1.39626
-26.250 3.250  1.38894
-26.250 3.750  1.38037
-26.250 4.250  1.37055
-26.250 4.750  1.35945
-26.250 5.250  1.34708
-26.250 5.750  1.33341
-26.250 6.250  1.31842
-26.250 6.750  1.30209
-26.250 7.250  1.28440
-26.250 7.750  1.26534
-26.250 8.250  1.24487
-26.250 8.750  1.22298
-26.250 9.250  1.19965
-26.250 9.750  1.17486
-26.250 10.250  1.14861
-26.250 10.750  1.12088
-26.250 11.250  1.09168
-26.250 11.750  1.06103
-26.250 12.250  1.02895
-26.250 12.750  0.99549
-26.250 13.250  0.96071
-26.250 13.750  0.92471
-26.250 14.250  0.88758
-26.250 14.750  0.84947
-26.250 15.250  0.81055
-26.250 15.750  0.77101
-26.250 16.250  0.73109
-26.250 16.750  0.69105
-26.250 17.250  0.65118
-26.250 17.750  0.61180
-26.250 18.250  0.57326
-26.250 18.750  0.53591
-26.250 19.250  0.50013
-26.250 19.750  0.46628
-26.250 20.250  0.43472
-26.250 20.750  0.40579
-26.250 21.250  0.37979
-26.250 21.750  0.35698
-26.250 22.250  0.33759
-26.250 22.750  0.32175
-26.250 23.250  0.30957
-26.250 23.750  0.30105
-26.250 24.250  0.29616
-26.250 24.750  0.29479
-26.250 25.250  0.29678
-26.250 25.750  0.30192
-26.250 26.250  0.30996
-26.250 26.750  0.32064
-26.250 27.250  0.33365
-26.250 27.750  0.34869
-26.250 28.250  0.36547
-26.250 28.750  0.38369
-26.250 29.250  0.40308
-26.250 29.750  0.42337
-26.250 30.250  0.44434
-26.250 30.750  0.46578
-26.250 31.250  0.48749
-26.250 31.750  0.50933
-26.250 32.250  0.53115
-26.250 32.750  0.55285
-26.250 33.250  0.57432
-26.250 33.750  0.59551
-26.250 34.250  0.61635
-26.250 34.750  0.63680
-26.250 35.250  0.65684
-26.250 35.750  0.67644
-26.250 36.250  0.69560
-26.250 36.750  0.71431
-26.250 37.250  0.73259
-26.250 37.750  0.75045
-26.250 38.250  0.76789
-26.250 38.750  0.78494
-26.250 39.250  0.80161
-26.250 39.750  0.81793
-26.250 40.250  0.83392
-26.250 40.750  0.84961
-26.250 41.250  0.86502
-26.250 41.750  0.88017
-26.250 42.250  0.89509
-26.250 42.750  0.90980
-26.250 43.250  0.92433
-26.250 43.750  0.93870
-26.250 44.250  0.95293
-26.250 44.750  0.96704
-25.750 -44.750  0.97725
-25.750 -44.250  0.96296
-25.750 -43.750  0.94858
-25.750 -43.250  0.93408
-25.750 -42.750  0.91945
-25.750 -42.250  0.90465
-25.750 -41.750  0.88967
-25.750 -41.250  0.87449
-25.750 -40.750  0.85908
-25.750 -40.250  0.84343
-25.750 -39.750  0.82752
-25.750 -39.250  0.81132
-25.750 -38.750  0.79481
-25.750 -38.250  0.77799
-25.750 -37.750  0.76082
-25.750 -37.250  0.74331
-25.750 -36.750  0.72545
-25.750 -36.250  0.70722
-25.750 -35.750  0.68863
-25.750 -35.250  0.66968
-25.750 -34.750  0.65040
-25.750 -34.250  0.63080
-25.750 -33.750  0.61091
-25.750 -33.250  0.59079
-25.750 -32.750  0.57049
-25.750 -32.250  0.55009
-25.750 -31.750  0.52967
-25.750 -31.250  0.50935
-25.750 -30.750  0.48926
-25.750 -30.250  0.46954
-25.750 -29.750  0.45036
-25.750 -29.250  0.43192
-25.750 -28.750  0.41443
-25.750 -28.250  0.39811
-25.750 -27.750  0.38321
-25.750 -27.250  0.36997
-25.750 -26.750  0.35866
-25.750 -26.250  0.34952
-25.750 -25.750  0.34282
-25.750 -25.250  0.33877
-25.750 -24.750  0.33758
-25.750 -24.250  0.33943
-25.750 -23.750  0.34443
-25.750 -23.250  0.35268
-25.750 -22.750  0.36420
-25.750 -22.250  0.37897
-25.750 -21.750  0.39692
-25.750 -21.250  0.41792
-25.750 -20.750  0.44177
-25.750 -20.250  0.46827
-25.750 -19.750  0.49715
-25.750 -19.250  0.52813
-25.750 -18.750  0.56089
-25.750 -18.250  0.59512
-25.750 -17.750  0.63050
-25.750 -17.250  0.66672
-25.750 -16.750  0.70348
-25.750 -16.250  0.74048
-25.750 -15.750  0.77747
-25.750 -15.250  0.81420
-25.750 -14.750  0.85047
-25.750 -14.250  0.88608
-25.750 -13.750  0.92088
-25.750 -13.250  0.95472
-25.750 -12.750  0.98750
-25.750 -12.250  1.01913
-25.750 -11.750  1.04954
-25.750 -11.250  1.07867
-25.750 -10.750  1.10649
-25.750 -10.250  1.13297
-25.750 -9.750  1.15810
-25.750 -9.250  1.18187
-25.750 -8.750  1.20429
-25.750 -8.250  1.22535
-25.750 -7.750  1.24508
-25.750 -7.250  1.26349
-25.750 -6.750  1.28058
-25.750 -6.250  1.29638
-25.750 -5.750  1.31090
-25.750 -5.250  1.32416
-25.750 -4.750  1.33616
-25.750 -4.250  1.34693
-25.750 -3.750  1.35647
-25.750 -3.250  1.36479
-25.750 -2.750  1.37191
-25.750 -2.250  1.37784
-25.750 -1.750  1.38257
-25.750 -1.250  1.38611
-25.750 -0.750  1.38847
-25.750 -0.250  1.38965
-25.750 0.250  1.38965
-25.750 0.750  1.38847
-25.750 1.250  1.38611
-25.750 1.750  1.38257
-25.750 2.250  1.37784
-25.750 2.750  1.37191
-25.750 3.250  1.36479
-25.750 3.750  1.35647
-25.750 4.250  1.34693
-25.750 4.750  1.33616
-25.750 5.250  1.32416
-25.750 5.750  1.31090
-25.750 6.250  1.29638
-25.750 6.750  1.28058
-25.750 7.250  1.26349
-25.750 7.750  1.24508
-25.750 8.250  1.22535
-25.750 8.750  1.20429
-25.750 9.250  1.18187
-25.750 9.750  1.15810
-25.750 10.250  1.13297
-25.750 10.750  1.10649
-25.750 11.250  1.07867
-25.750 11.750  1.04954
-25.750 12.250  1.01913
-25.750 12.750  0.98750
-25.750 13.250  0.95472
-25.750 13.750  0.92088
-25.750 14.250  0.88608
-25.750 14.750  0.85047
-25.750 15.250  0.81420
-25.750 15.750  0.77747
-25.750 16.250  0.74048
-25.750 16.750  0.70348
-25.750 17.250  0.66672
-25.750 17.750  0.63050
-25.750 18.250  0.59512
-25.750 18.750  0.56089
-25.750 19.250  0.52813
-25.750 19.750  0.49715
-25.750 20.250  0.46827
-25.750 20.750  0.44177
-25.750 21.250  0.41792
-25.750 21.750  0.39692
-25.750 22.250  0.37897
-25.750 22.750  0.36420
-25.750 23.250  0.35268
-25.750 23.750  0.34443
-25.750 24.250  0.33943
-25.750 24.750  0.33758
-25.750 25.250  0.33877
-25.750 25.750  0.34282
-25.750 26.250  0.34952
-25.750 26.750  0.35866
-25.750 27.250  0.36997
-25.750 27.750  0.38321
-25.750 28.250  0.39811
-25.750 28.750  0.41443
-25.750 29.250  0.43192
-25.750 29.750  0.45036
-25.750 30.250  0.46954
-25.750 30.750  0.48926
-25.750 31.250  0.50935
-25.750 31.750  0.52967
-25.750 32.250  0.55009
-25.750 32.750  0.57049
-25.750 33.250  0.59079
-25.750 33.750  0.61091
-25.750 34.250  0.63080
-25.750 34.750  0.65040
-25.750 35.250  0.66968
-25.750 35.750  0.68863
-25.750 36.250  0.70722
-25.750 36.750  0.72545
-25.750 37.250  0.74331
-25.750 37.750  0.76082
-25.750 38.250  0.77799
-25.750 38.750  0.79481
-25.750 39.250  0.81132
-25.750 39.750  0.82752
-25.750 40.250  0.84343
-25.750 40.750  0.85908
-25.750 41.250  0.87449
-25.750 41.750  0.88967
-25.750 42.250  0.90465
-25.750 42.750  0.91945
-25.750 43.250  0.93408
-25.750 43.750  0.94858
-25.750 44.250  0.96296
-25.750 44.750  0.97725
-25.250 -44.750  0.98754
-25.250 -44.250  0.97310
-25.250 -43.750  0.95859
-25.250 -43.250  0.94398
-25.250 -42.750  0.92925
-25.250 -42.250  0.91439
-25.250 -41.750  0.89937
-25.250 -41.250  0.88418
-25.250 -40.750  0.86880
-25.250 -40.250  0.85321
-25.250 -39.750  0.83739
-25.250 -39.250  0.82133
-25.250 -38.750  0.80501
-25.250 -38.250  0.78842
-25.250 -37.750  0.77155
-25.250 -37.250  0.75439
-25.250 -36.750  0.73694
-25.250 -36.250  0.71920
-25.250 -35.750  0.70117
-25.250 -35.250  0.68287
-25.250 -34.750  0.66431
-25.250 -34.250  0.64553
-25.250 -33.750  0.62655
-25.250 -33.250  0.60744
-25.250 -32.750  0.58824
-25.250 -32.250  0.56904
-25.250 -31.750  0.54992
-25.250 -31.250  0.53099
-25.250 -30.750  0.51237
-25.250 -30.250  0.49419
-25.250 -29.750  0.47662
-25.250 -29.250  0.45983
-25.250 -28.750  0.44400
-25.250 -28.250  0.42934
-25.250 -27.750  0.41605
-25.250 -27.250  0.40437
-25.250 -26.750  0.39449
-25.250 -26.250  0.38666
-25.250 -25.750  0.38106
-25.250 -25.250  0.37790
-25.250 -24.750  0.37734
-25.250 -24.250  0.37953
-25.250 -23.750  0.38456
-25.250 -23.250  0.39250
-25.250 -22.750  0.40338
-25.250 -22.250  0.41718
-25.250 -21.750  0.43381
-25.250 -21.250  0.45318
-25.250 -20.750  0.47512
-25.250 -20.250  0.49944
-25.250 -19.750  0.52593
-25.250 -19.250  0.55434
-25.250 -18.750  0.58440
-25.250 -18.250  0.61583
-25.250 -17.750  0.64837
-25.250 -17.250  0.68174
-25.250 -16.750  0.71566
-25.250 -16.250  0.74989
-25.250 -15.750  0.78418
-25.250 -15.250  0.81833
-25.250 -14.750  0.85213
-25.250 -14.250  0.88540
-25.250 -13.750  0.91800
-25.250 -13.250  0.94980
-25.250 -12.750  0.98067
-25.250 -12.250  1.01054
-25.250 -11.750  1.03933
-25.250 -11.250  1.06697
-25.250 -10.750  1.09344
-25.250 -10.250  1.11868
-25.250 -9.750  1.14269
-25.250 -9.250  1.16544
-25.250 -8.750  1.18694
-25.250 -8.250  1.20718
-25.250 -7.750  1.22616
-25.250 -7.250  1.24389
-25.250 -6.750  1.26037
-25.250 -6.250  1.27563
-25.250 -5.750  1.28966
-25.250 -5.250  1.30249
-25.250 -4.750  1.31411
-25.250 -4.250  1.32454
-25.250 -3.750  1.33378
-25.250 -3.250  1.34186
-25.250 -2.750  1.34876
-25.250 -2.250  1.35451
-25.250 -1.750  1.35910
-25.250 -1.250  1.36254
-25.250 -0.750  1.36483
-25.250 -0.250  1.36598
-25.250 0.250  1.36598
-25.250 0.750  1.36483
-25.250 1.250  1.36254
-25.250 1.750  1.35910
-25.250 2.250  1.35451
-25.250 2.750  1.34876
-25.250 3.250  1.34186
-25.250 3.750  1.33378
-25.250 4.250  1.32454
-25.250 4.750  1.31411
-25.250 5.250  1.30249
-25.250 5.750  1.28966
-25.250 6.250  1.27563
-25.250 6.750  1.26037
-25.250 7.250  1.24389
-25.250 7.750  1.22616
-25.250 8.250  1.20718
-25.250 8.750  1.18694
-25.250 9.250  1.16544
-25.250 9.750  1.14269
-25.250 10.250  1.11868
-25.250 10.750  1.09344
-25.250 11.250  1.06697
-25.250 11.750  1.03933
-25.250 12.250  1.01054
-25.250 12.750  0.98067
-25.250 13.250  0.94980
-25.250 13.750  0.91800
-25.250 14.250  0.88540
-25.250 14.750  0.85213
-25.250 15.250  0.81833
-25.250 15.750  0.78418
-25.250 16.250  0.74989
-25.250 16.750  0.71566
-25.250 17.250  0.68174
-25.250 17.750  0.64837
-25.250 18.250  0.61583
-25.250 18.750  0.58440
-25.250 19.250  0.55434
-25.250 19.750  0.52593
-25.250 20.250  0.49944
-25.250 20.750  0.47512
-25.250 21.250  0.45318
-25.250 21.750  0.43381
-25.250 22.250  0.41718
-25.250 22.750  0.40338
-25.250 23.250  0.39250
-25.250 23.750  0.38456
-25.250 24.250  0.37953
-25.250 24.750  0.37734
-25.250 25.250  0.37790
-25.250 25.750  0.38106
-25.250 26.250  0.38666
-25.250 26.750  0.39449
-25.250 27.250  0.40437
-25.250 27.750  0.41605
-25.250 28.250  0.42934
-25.250 28.750  0.44400
-25.250 29.250  0.45983
-25.250 29.750  0.47662
-25.250 30.250  0.49419
-25.250 30.750  0.51237
-25.250 31.250  0.53099
-25.250 31.750  0.54992
-25.250 32.250  0.56904
-25.250 32.750  0.58824
-25.250 33.250  0.60744
-25.250 33.750  0.62655
-25.250 34.250  0.64553
-25.250 34.750  0.66431
-25.250 35.250  0.68287
-25.250 35.750  0.70117
-25.250 36.250  0.71920
-25.250 36.750  0.73694
-25.250 37.250  0.75439
-25.250 37.750  0.77155
-25.250 38.250  0.78842
-25.250 38.750  0.80501
-25.250 39.250  0.82133
-25.250 39.750  0.83739
-25.250 40.250  0.85321
-25.250 40.750  0.86880
-25.250 41.250  0.88418
-25.250 41.750  0.89937
-25.250 42.250  0.91439
-25.250 42.750  0.92925
-25.250 43.250  0.94398
-25.250 43.750  0.95859
-25.250 44.250  0.97310
-25.250 44.750  0.98754
-24.750 -44.750  0.99788
-24.750 -44.250  0.98332
-24.750 -43.750  0.96869
-24.750 -43.250  0.95399
-24.750 -42.750  0.93919
-24.750 -42.250  0.92428
-24.750 -41.750  0.90925
-24.750 -41.250  0.89407
-24.750 -40.750  0.87873
-24.750 -40.250  0.86321
-24.750 -39.750  0.84750
-24.750 -39.250  0.83160
-24.750 -38.750  0.81548
-24.750 -38.250  0.79914
-24.750 -37.750  0.78257
-24.750 -37.250  0.76576
-24.750 -36.750  0.74873
-24.750 -36.250  0.73147
-24.750 -35.750  0.71399
-24.750 -35.250  0.69631
-24.750 -34.750  0.67845
-24.750 -34.250  0.66045
-24.750 -33.750  0.64234
-24.750 -33.250  0.62417
-24.750 -32.750  0.60600
-24.750 -32.250  0.58791
-24.750 -31.750  0.56998
-24.750 -31.250  0.55232
-24.750 -30.750  0.53503
-24.750 -30.250  0.51824
-24.750 -29.750  0.50211
-24.750 -29.250  0.48677
-24.750 -28.750  0.47241
-24.750 -28.250  0.45919
-24.750 -27.750  0.44731
-24.750 -27.250  0.43694
-24.750 -26.750  0.42830
-24.750 -26.250  0.42155
-24.750 -25.750  0.41687
-24.750 -25.250  0.41442
-24.750 -24.750  0.41436
-24.750 -24.250  0.41677
-24.750 -23.750  0.42177
-24.750 -23.250  0.42939
-24.750 -22.750  0.43965
-24.750 -22.250  0.45253
-24.750 -21.750  0.46796
-24.750 -21.250  0.48585
-24.750 -20.750  0.50607
-24.750 -20.250  0.52845
-24.750 -19.750  0.55279
-24.750 -19.250  0.57889
-24.750 -18.750  0.60653
-24.750 -18.250  0.63545
-24.750 -17.750  0.66542
-24.750 -17.250  0.69619
-24.750 -16.750  0.72754
-24.750 -16.250  0.75923
-24.750 -15.750  0.79105
-24.750 -15.250  0.82280
-24.750 -14.750  0.85431
-24.750 -14.250  0.88540
-24.750 -13.750  0.91594
-24.750 -13.250  0.94579
-24.750 -12.750  0.97485
-24.750 -12.250  1.00304
-24.750 -11.750  1.03026
-24.750 -11.250  1.05647
-24.750 -10.750  1.08160
-24.750 -10.250  1.10564
-24.750 -9.750  1.12853
-24.750 -9.250  1.15028
-24.750 -8.750  1.17085
-24.750 -8.250  1.19026
-24.750 -7.750  1.20848
-24.750 -7.250  1.22553
-24.750 -6.750  1.24140
-24.750 -6.250  1.25610
-24.750 -5.750  1.26964
-24.750 -5.250  1.28201
-24.750 -4.750  1.29324
-24.750 -4.250  1.30333
-24.750 -3.750  1.31227
-24.750 -3.250  1.32009
-24.750 -2.750  1.32677
-24.750 -2.250  1.33234
-24.750 -1.750  1.33679
-24.750 -1.250  1.34012
-24.750 -0.750  1.34234
-24.750 -0.250  1.34345
-24.750 0.250  1.34345
-24.750 0.750  1.34234
-24.750 1.250  1.34012
-24.750 1.750  1.33679
-24.750 2.250  1.33234
-24.750 2.750  1.32677
-24.750 3.250  1.32009
-24.750 3.750  1.31227
-24.750 4.250  1.30333
-24.750 4.750  1.29324
-24.750 5.250  1.28201
-24.750 5.750  1.26964
-24.750 6.250  1.25610
-24.750 6.750  1.24140
-24.750 7.250  1.22553
-24.750 7.750  1.20848
-24.750 8.250  1.19026
-24.750 8.750  1.17085
-24.750 9.250  1.15028
-24.750 9.750  1.12853
-24.750 10.250  1.10564
-24.750 10.750  1.08160
-24.750 11.250  1.05647
-24.750 11.750  1.03026
-24.750 12.250  1.00304
-24.750 12.750  0.97485
-24.750 13.250  0.94579
-24.750 13.750  0.91594
-24.750 14.250  0.88540
-24.750 14.750  0.85431
-24.750 15.250  0.82280
-24.750 15.750  0.79105
-24.750 16.250  0.75923
-24.750 16.750  0.72754
-24.750 17.250  0.69619
-24.750 17.750  0.66542
-24.750 18.250  0.63545
-24.750 18.750  0.60653
-24.750 19.250  0.57889
-24.750 19.750  0.55279
-24.750 20.250  0.52845
-24.750 20.750  0.50607
-24.750 21.250  0.48585
-24.750 21.750  0.46796
-24.750 22.250  0.45253
-24.750 22.750  0.43965
-24.750 23.250  0.42939
-24.750 23.750  0.42177
-24.750 24.250  0.41677
-24.750 24.750  0.41436
-24.750 25.250  0.41442
-24.750 25.750  0.41687
-24.750 26.250  0.42155
-24.750 26.750  0.42830
-24.750 27.250  0.43694
-24.750 27.750  0.44731
-24.750 28.250  0.45919
-24.750 28.750  0.47241
-24.750 29.250  0.48677
-24.750 29.750  0.50211
-24.750 30.250  0.51824
-24.750 30.750  0.53503
-24.750 31.250  0.55232
-24.750 31.750  0.56998
-24.750 32.250  0.58791
-24.750 32.750  0.60600
-24.750 33.250  0.62417
-24.750 33.750  0.64234
-24.750 34.250  0.66045
-24.750 34.750  0.67845
-24.750 35.250  0.69631
-24.750 35.750  0.71399
-24.750 36.250  0.73147
-24.750 36.750  0.74873
-24.750 37.250  0.76576
-24.750 37.750  0.78257
-24.750 38.250  0.79914
-24.750 38.750  0.81548
-24.750 39.250  0.83160
-24.750 39.750  0.84750
-24.750 40.250  0.86321
-24.750 40.750  0.87873
-24.750 41.250  0.89407
-24.750 41.750  0.90925
-24.750 42.250  0.92428
-24.750 42.750  0.93919
-24.750 43.250  0.95399
-24.750 43.750  0.96869
-24.750 44.250  0.98332
-24.750 44.750  0.99788
-24.250 -44.750  1.00827
-24.250 -44.250  0.99359
-24.250 -43.750  0.97887
-24.250 -43.250  0.96409
-24.250 -42.750  0.94924
-24.250 -42.250  0.93431
-24.250 -41.750  0.91927
-24.250 -41.250  0.90411
-24.250 -40.750  0.88883
-24.250 -40.250  0.87340
-24.250 -39.750  0.85782
-24.250 -39.250  0.84208
-24.250 -38.750  0.82617
-24.250 -38.250  0.81008
-24.250 -37.750  0.79381
-24.250 -37.250  0.77737
-24.250 -36.750  0.76074
-24.250 -36.250  0.74396
-24.250 -35.750  0.72701
-24.250 -35.250  0.70993
-24.250 -34.750  0.69275
-24.250 -34.250  0.67548
-24.250 -33.750  0.65818
-24.250 -33.250  0.64090
-24.250 -32.750  0.62369
-24.250 -32.250  0.60662
-24.250 -31.750  0.58979
-24.250 -31.250  0.57327
-24.250 -30.750  0.55719
-24.250 -30.250  0.54165
-24.250 -29.750  0.52679
-24.250 -29.250  0.51274
-24.250 -28.750  0.49966
-24.250 -28.250  0.48771
-24.250 -27.750  0.47703
-24.250 -27.250  0.46781
-24.250 -26.750  0.46020
-24.250 -26.250  0.45436
-24.250 -25.750  0.45044
-24.250 -25.250  0.44857
-24.250 -24.750  0.44887
-24.250 -24.250  0.45144
-24.250 -23.750  0.45635
-24.250 -23.250  0.46362
-24.250 -22.750  0.47329
-24.250 -22.250  0.48531
-24.250 -21.750  0.49965
-24.250 -21.250  0.51620
-24.250 -20.750  0.53486
-24.250 -20.250  0.55548
-24.250 -19.750  0.57789
-24.250 -19.250  0.60192
-24.250 -18.750  0.62736
-24.250 -18.250  0.65401
-24.250 -17.750  0.68166
-24.250 -17.250  0.71008
-24.250 -16.750  0.73908
-24.250 -16.250  0.76845
-24.250 -15.750  0.79799
-24.250 -15.250  0.82753
-24.250 -14.750  0.85691
-24.250 -14.250  0.88596
-24.250 -13.750  0.91456
-24.250 -13.250  0.94258
-24.250 -12.750  0.96992
-24.250 -12.250  0.99649
-24.250 -11.750  1.02221
-24.250 -11.250  1.04703
-24.250 -10.750  1.07088
-24.250 -10.250  1.09372
-24.250 -9.750  1.11553
-24.250 -9.250  1.13628
-24.250 -8.750  1.15594
-24.250 -8.250  1.17451
-24.250 -7.750  1.19198
-24.250 -7.250  1.20834
-24.250 -6.750  1.22359
-24.250 -6.250  1.23773
-24.250 -5.750  1.25077
-24.250 -5.250  1.26269
-24.250 -4.750  1.27352
-24.250 -4.250  1.28325
-24.250 -3.750  1.29189
-24.250 -3.250  1.29944
-24.250 -2.750  1.30590
-24.250 -2.250  1.31128
-24.250 -1.750  1.31559
-24.250 -1.250  1.31881
-24.250 -0.750  1.32096
-24.250 -0.250  1.32203
-24.250 0.250  1.32203
-24.250 0.750  1.32096
-24.250 1.250  1.31881
-24.250 1.750  1.31559
-24.250 2.250  1.31128
-24.250 2.750  1.30590
-24.250 3.250  1.29944
-24.250 3.750  1.29189
-24.250 4.250  1.28325
-24.250 4.750  1.27352
-24.250 5.250  1.26269
-24.250 5.750  1.25077
-24.250 6.250  1.23773
-24.250 6.750  1.22359
-24.250 7.250  1.20834
-24.250 7.750  1.19198
-24.250 8.250  1.17451
-24.250 8.750  1.15594
-24.250 9.250  1.13628
-24.250 9.750  1.11553
-24.250 10.250  1.09372
-24.250 10.750  1.07088
-24.250 11.250  1.04703
-24.250 11.750  1.02221
-24.250 12.250  0.99649
-24.250 12.750  0.96992
-24.250 13.250  0.94258
-24.250 13.750  0.91456
-24.250 14.250  0.88596
-24.250 14.750  0.85691
-24.250 15.250  0.82753
-24.250 15.750  0.79799
-24.250 16.250  0.76845
-24.250 16.750  0.73908
-24.250 17.250  0.71008
-24.250 17.750  0.68166
-24.250 18.250  0.65401
-24.250 18.750  0.62736
-24.250 19.250  0.60192
-24.250 19.750  0.57789
-24.250 20.250  0.55548
-24.250 20.750  0.53486
-24.250 21.250  0.51620
-24.250 21.750  0.49965
-24.250 22.250  0.48531
-24.250 22.750  0.47329
-24.250 23.250  0.46362
-24.250 23.750  0.45635
-24.250 24.250  0.45144
-24.250 24.750  0.44887
-24.250 25.250  0.44857
-24.250 25.750  0.45044
-24.250 26.250  0.45436
-24.250 26.750  0.46020
-24.250 27.250  0.46781
-24.250 27.750  0.47703
-24.250 28.250  0.48771
-24.250 28.750  0.49966
-24.250 29.250  0.51274
-24.250 29.750  0.52679
-24.250 30.250  0.54165
-24.250 30.750  0.55719
-24.250 31.250  0.57327
-24.250 31.750  0.58979
-24.250 32.250  0.60662
-24.250 32.750  0.62369
-24.250 33.250  0.64090
-24.250 33.750  0.65818
-24.250 34.250  0.67548
-24.250 34.750  0.69275
-24.250 35.250  0.70993
-24.250 35.750  0.72701
-24.250 36.250  0.74396
-24.250 36.750  0.76074
-24.250 37.250  0.77737
-24.250 37.750  0.79381
-24.250 38.250  0.81008
-24.250 38.750  0.82617
-24.250 39.250  0.84208
-24.250 39.750  0.85782
-24.250 40.250  0.87340
-24.250 40.750  0.88883
-24.250 41.250  0.90411
-24.250 41.750  0.91927
-24.250 42.250  0.93431
-24.250 42.750  0.94924
-24.250 43.250  0.96409
-24.250 43.750  0.97887
-24.250 44.250  0.99359
-24.250 44.750  1.00827
-23.750 -44.750  1.01869
-23.750 -44.250  1.00391
-23.750 -43.750  0.98911
-23.750 -43.250  0.97427
-23.750 -42.750  0.95938
-23.750 -42.250  0.94443
-23.750 -41.750  0.92940
-23.750 -41.250  0.91429
-23.750 -40.750  0.89907
-23.750 -40.250  0.88374
-23.750 -39.750  0.86830
-23.750 -39.250  0.85273
-23.750 -38.750  0.83704
-23.750 -38.250  0.82121
-23.750 -37.750  0.80524
-23.750 -37.250  0.78915
-23.750 -36.750  0.77293
-23.750 -36.250  0.75660
-23.750 -35.750  0.74017
-23.750 -35.250  0.72367
-23.750 -34.750  0.70712
-23.750 -34.250  0.69055
-23.750 -33.750  0.67401
-23.750 -33.250  0.65755
-23.750 -32.750  0.64123
-23.750 -32.250  0.62511
-23.750 -31.750  0.60927
-23.750 -31.250  0.59380
-23.750 -30.750  0.57881
-23.750 -30.250  0.56439
-23.750 -29.750  0.55066
-23.750 -29.250  0.53775
-23.750 -28.750  0.52580
-23.750 -28.250  0.51494
-23.750 -27.750  0.50531
-23.750 -27.250  0.49706
-23.750 -26.750  0.49033
-23.750 -26.250  0.48525
-23.750 -25.750  0.48195
-23.750 -25.250  0.48054
-23.750 -24.750  0.48112
-23.750 -24.250  0.48377
-23.750 -23.750  0.48854
-23.750 -23.250  0.49547
-23.750 -22.750  0.50456
-23.750 -22.250  0.51579
-23.750 -21.750  0.52911
-23.750 -21.250  0.54444
-23.750 -20.750  0.56168
-23.750 -20.250  0.58071
-23.750 -19.750  0.60138
-23.750 -19.250  0.62353
-23.750 -18.750  0.64699
-23.750 -18.250  0.67158
-23.750 -17.750  0.69712
-23.750 -17.250  0.72340
-23.750 -16.750  0.75025
-23.750 -16.250  0.77749
-23.750 -15.750  0.80493
-23.750 -15.250  0.83243
-23.750 -14.750  0.85982
-23.750 -14.250  0.88697
-23.750 -13.750  0.91375
-23.750 -13.250  0.94005
-23.750 -12.750  0.96576
-23.750 -12.250  0.99079
-23.750 -11.750  1.01508
-23.750 -11.250  1.03855
-23.750 -10.750  1.06116
-23.750 -10.250  1.08285
-23.750 -9.750  1.10360
-23.750 -9.250  1.12336
-23.750 -8.750  1.14213
-23.750 -8.250  1.15987
-23.750 -7.750  1.17659
-23.750 -7.250  1.19226
-23.750 -6.750  1.20689
-23.750 -6.250  1.22047
-23.750 -5.750  1.23300
-23.750 -5.250  1.24448
-23.750 -4.750  1.25490
-23.750 -4.250  1.26428
-23.750 -3.750  1.27260
-23.750 -3.250  1.27988
-23.750 -2.750  1.28612
-23.750 -2.250  1.29131
-23.750 -1.750  1.29546
-23.750 -1.250  1.29858
-23.750 -0.750  1.30065
-23.750 -0.250  1.30169
-23.750 0.250  1.30169
-23.750 0.750  1.30065
-23.750 1.250  1.29858
-23.750 1.750  1.29546
-23.750 2.250  1.29131
-23.750 2.750  1.28612
-23.750 3.250  1.27988
-23.750 3.750  1.27260
-23.750 4.250  1.26428
-23.750 4.750  1.25490
-23.750 5.250  1.24448
-23.750 5.750  1.23300
-23.750 6.250  1.22047
-23.750 6.750  1.20689
-23.750 7.250  1.19226
-23.750 7.750  1.17659
-23.750 8.250  1.15987
-23.750 8.750  1.14213
-23.750 9.250  1.12336
-23.750 9.750  1.10360
-23.750 10.250  1.08285
-23.750 10.750  1.06116
-23.750 11.250  1.03855
-23.750 11.750  1.01508
-23.750 12.250  0.99079
-23.750 12.750  0.96576
-23.750 13.250  0.94005
-23.750 13.750  0.91375
-23.750 14.250  0.88697
-23.750 14.750  0.85982
-23.750 15.250  0.83243
-23.750 15.750  0.80493
-23.750 16.250  0.77749
-23.750 16.750  0.75025
-23.750 17.250  0.72340
-23.750 17.750  0.69712
-23.750 18.250  0.67158
-23.750 18.750  0.64699
-23.750 19.250  0.62353
-23.750 19.750  0.60138
-23.750 20.250  0.58071
-23.750 20.750  0.56168
-23.750 21.250  0.54444
-23.750 21.750  0.52911
-23.750 22.250  0.51579
-23.750 22.750  0.50456
-23.750 23.250  0.49547
-23.750 23.750  0.48854
-23.750 24.250  0.48377
-23.750 24.750  0.48112
-23.750 25.250  0.48054
-23.750 25.750  0.48195
-23.750 26.250  0.48525
-23.750 26.750  0.49033
-23.750 27.250  0.49706
-23.750 27.750  0.50531
-23.750 28.250  0.51494
-23.750 28.750  0.52580
-23.750 29.250  0.53775
-23.750 29.750  0.55066
-23.750 30.250  0.56439
-23.750 30.750  0.57881
-23.750 31.250  0.59380
-23.750 31.750  0.60927
-23.750 32.250  0.62511
-23.750 32.750  0.64123
-23.750 33.250  0.65755
-23.750 33.750  0.67401
-23.750 34.250  0.69055
-23.750 34.750  0.70712
-23.750 35.250  0.72367
-23.750 35.750  0.74017
-23.750 36.250  0.75660
-23.750 36.750  0.77293
-23.750 37.250  0.78915
-23.750 37.750  0.80524
-23.750 38.250  0.82121
-23.750 38.750  0.83704
-23.750 39.250  0.85273
-23.750 39.750  0.86830
-23.750 40.250  0.88374
-23.750 40.750  0.89907
-23.750 41.250  0.91429
-23.750 41.750  0.92940
-23.750 42.250  0.94443
-23.750 42.750  0.95938
-23.750 43.250  0.97427
-23.750 43.750  0.98911
-23.750 44.250  1.00391
-23.750 44.750  1.01869
-23.250 -44.750  1.02911
-23.250 -44.250  1.01425
-23.250 -43.750  0.99938
-23.250 -43.250  0.98450
-23.250 -42.750  0.96959
-23.250 -42.250  0.95463
-23.250 -41.750  0.93963
-23.250 -41.250  0.92456
-23.250 -40.750  0.90942
-23.250 -40.250  0.89421
-23.250 -39.750  0.87891
-23.250 -39.250  0.86352
-23.250 -38.750  0.84804
-23.250 -38.250  0.83246
-23.250 -37.750  0.81680
-23.250 -37.250  0.80105
-23.250 -36.750  0.78523
-23.250 -36.250  0.76934
-23.250 -35.750  0.75341
-23.250 -35.250  0.73745
-23.250 -34.750  0.72150
-23.250 -34.250  0.70559
-23.250 -33.750  0.68977
-23.250 -33.250  0.67407
-23.250 -32.750  0.65856
-23.250 -32.250  0.64331
-23.250 -31.750  0.62838
-23.250 -31.250  0.61387
-23.250 -30.750  0.59985
-23.250 -30.250  0.58643
-23.250 -29.750  0.57371
-23.250 -29.250  0.56181
-23.250 -28.750  0.55085
-23.250 -28.250  0.54094
-23.250 -27.750  0.53222
-23.250 -27.250  0.52480
-23.250 -26.750  0.51881
-23.250 -26.250  0.51436
-23.250 -25.750  0.51156
-23.250 -25.250  0.51052
-23.250 -24.750  0.51130
-23.250 -24.250  0.51397
-23.250 -23.750  0.51858
-23.250 -23.250  0.52515
-23.250 -22.750  0.53369
-23.250 -22.250  0.54417
-23.250 -21.750  0.55655
-23.250 -21.250  0.57076
-23.250 -20.750  0.58671
-23.250 -20.250  0.60429
-23.250 -19.750  0.62338
-23.250 -19.250  0.64383
-23.250 -18.750  0.66549
-23.250 -18.250  0.68821
-23.250 -17.750  0.71182
-23.250 -17.250  0.73615
-23.250 -16.750  0.76104
-23.250 -16.250  0.78631
-23.250 -15.750  0.81183
-23.250 -15.250  0.83744
-23.250 -14.750  0.86299
-23.250 -14.250  0.88836
-23.250 -13.750  0.91344
-23.250 -13.250  0.93811
-23.250 -12.750  0.96227
-23.250 -12.250  0.98585
-23.250 -11.750  1.00876
-23.250 -11.250  1.03095
-23.250 -10.750  1.05235
-23.250 -10.250  1.07293
-23.250 -9.750  1.09264
-23.250 -9.250  1.11145
-23.250 -8.750  1.12933
-23.250 -8.250  1.14627
-23.250 -7.750  1.16224
-23.250 -7.250  1.17724
-23.250 -6.750  1.19125
-23.250 -6.250  1.20427
-23.250 -5.750  1.21629
-23.250 -5.250  1.22731
-23.250 -4.750  1.23733
-23.250 -4.250  1.24634
-23.250 -3.750  1.25436
-23.250 -3.250  1.26137
-23.250 -2.750  1.26737
-23.250 -2.250  1.27238
-23.250 -1.750  1.27638
-23.250 -1.250  1.27938
-23.250 -0.750  1.28138
-23.250 -0.250  1.28238
-23.250 0.250  1.28238
-23.250 0.750  1.28138
-23.250 1.250  1.27938
-23.250 1.750  1.27638
-23.250 2.250  1.27238
-23.250 2.750  1.26737
-23.250 3.250  1.26137
-23.250 3.750  1.25436
-23.250 4.250  1.24634
-23.250 4.750  1.23733
-23.250 5.250  1.22731
-23.250 5.750  1.21629
-23.250 6.250  1.20427
-23.250 6.750  1.19125
-23.250 7.250  1.17724
-23.250 7.750  1.16224
-23.250 8.250  1.14627
-23.250 8.750  1.12933
-23.250 9.250  1.11145
-23.250 9.750  1.09264
-23.250 10.250  1.07293
-23.250 10.750  1.05235
-23.250 11.250  1.03095
-23.250 11.750  1.00876
-23.250 12.250  0.98585
-23.250 12.750  0.96227
-23.250 13.250  0.93811
-23.250 13.750  0.91344
-23.250 14.250  0.88836
-23.250 14.750  0.86299
-23.250 15.250  0.83744
-23.250 15.750  0.81183
-23.250 16.250  0.78631
-23.250 16.750  0.76104
-23.250 17.250  0.73615
-23.250 17.750  0.71182
-23.250 18.250  0.68821
-23.250 18.750  0.66549
-23.250 19.250  0.64383
-23.250 19.750  0.62338
-23.250 20.250  0.60429
-23.250 20.750  0.58671
-23.250 21.250  0.57076
-23.250 21.750  0.55655
-23.250 22.250  0.54417
-23.250 22.750  0.53369
-23.250 23.250  0.52515
-23.250 23.750  0.51858
-23.250 24.250  0.51397
-23.250 24.750  0.51130
-23.250 25.250  0.51052
-23.250 25.750  0.51156
-23.250 26.250  0.51436
-23.250 26.750  0.51881
-23.250 27.250  0.52480
-23.250 27.750  0.53222
-23.250 28.250  0.54094
-23.250 28.750  0.55085
-23.250 29.250  0.56181
-23.250 29.750  0.57371
-23.250 30.250  0.58643
-23.250 30.750  0.59985
-23.250 31.250  0.61387
-23.250 31.750  0.62838
-23.250 32.250  0.64331
-23.250 32.750  0.65856
-23.250 33.250  0.67407
-23.250 33.750  0.68977
-23.250 34.250  0.70559
-23.250 34.750  0.72150
-23.250 35.250  0.73745
-23.250 35.750  0.75341
-23.250 36.250  0.76934
-23.250 36.750  0.78523
-23.250 37.250  0.80105
-23.250 37.750  0.81680
-23.250 38.250  0.83246
-23.250 38.750  0.84804
-23.250 39.250  0.86352
-23.250 39.750  0.87891
-23.250 40.250  0.89421
-23.250 40.750  0.90942
-23.250 41.250  0.92456
-23.250 41.750  0.93963
-23.250 42.250  0.95463
-23.250 42.750  0.96959
-23.250 43.250  0.98450
-23.250 43.750  0.99938
-23.250 44.250  1.01425
-23.250 44.750  1.02911
-22.750 -44.750  1.03953
-22.750 -44.250  1.02460
-22.750 -43.750  1.00967
-22.750 -43.250  0.99476
-22.750 -42.750  0.97983
-22.750 -42.250  0.96488
-22.750 -41.750  0.94991
-22.750 -41.250  0.93490
-22.750 -40.750  0.91985
-22.750 -40.250  0.90475
-22.750 -39.750  0.88960
-22.750 -39.250  0.87440
-22.750 -38.750  0.85913
-22.750 -38.250  0.84381
-22.750 -37.750  0.82844
-22.750 -37.250  0.81303
-22.750 -36.750  0.79759
-22.750 -36.250  0.78212
-22.750 -35.750  0.76666
-22.750 -35.250  0.75123
-22.750 -34.750  0.73585
-22.750 -34.250  0.72055
-22.750 -33.750  0.70539
-22.750 -33.250  0.69040
-22.750 -32.750  0.67565
-22.750 -32.250  0.66119
-22.750 -31.750  0.64709
-22.750 -31.250  0.63343
-22.750 -30.750  0.62029
-22.750 -30.250  0.60776
-22.750 -29.750  0.59594
-22.750 -29.250  0.58493
-22.750 -28.750  0.57483
-22.750 -28.250  0.56576
-22.750 -27.750  0.55781
-22.750 -27.250  0.55110
-22.750 -26.750  0.54574
-22.750 -26.250  0.54182
-22.750 -25.750  0.53943
-22.750 -25.250  0.53866
-22.750 -24.750  0.53957
-22.750 -24.250  0.54222
-22.750 -23.750  0.54665
-22.750 -23.250  0.55287
-22.750 -22.750  0.56088
-22.750 -22.250  0.57065
-22.750 -21.750  0.58216
-22.750 -21.250  0.59534
-22.750 -20.750  0.61011
-22.750 -20.250  0.62637
-22.750 -19.750  0.64401
-22.750 -19.250  0.66291
-22.750 -18.750  0.68294
-22.750 -18.250  0.70395
-22.750 -17.750  0.72581
-22.750 -17.250  0.74835
-22.750 -16.750  0.77143
-22.750 -16.250  0.79491
-22.750 -15.750  0.81864
-22.750 -15.250  0.84249
-22.750 -14.750  0.86634
-22.750 -14.250  0.89005
-22.750 -13.750  0.91353
-22.750 -13.250  0.93667
-22.750 -12.750  0.95937
-22.750 -12.250  0.98157
-22.750 -11.750  1.00317
-22.750 -11.250  1.02413
-22.750 -10.750  1.04438
-22.750 -10.250  1.06388
-22.750 -9.750  1.08258
-22.750 -9.250  1.10046
-22.750 -8.750  1.11748
-22.750 -8.250  1.13362
-22.750 -7.750  1.14887
-22.750 -7.250  1.16319
-22.750 -6.750  1.17659
-22.750 -6.250  1.18906
-22.750 -5.750  1.20057
-22.750 -5.250  1.21114
-22.750 -4.750  1.22076
-22.750 -4.250  1.22942
-22.750 -3.750  1.23712
-22.750 -3.250  1.24385
-22.750 -2.750  1.24963
-22.750 -2.250  1.25444
-22.750 -1.750  1.25830
-22.750 -1.250  1.26118
-22.750 -0.750  1.26311
-22.750 -0.250  1.26407
-22.750 0.250  1.26407
-22.750 0.750  1.26311
-22.750 1.250  1.26118
-22.750 1.750  1.25830
-22.750 2.250  1.25444
-22.750 2.750  1.24963
-22.750 3.250  1.24385
-22.750 3.750  1.23712
-22.750 4.250  1.22942
-22.750 4.750  1.22076
-22.750 5.250  1.21114
-22.750 5.750  1.20057
-22.750 6.250  1.18906
-22.750 6.750  1.17659
-22.750 7.250  1.16319
-22.750 7.750  1.14887
-22.750 8.250  1.13362
-22.750 8.750  1.11748
-22.750 9.250  1.10046
-22.750 9.750  1.08258
-22.750 10.250  1.06388
-22.750 10.750  1.04438
-22.750 11.250  1.02413
-22.750 11.750  1.00317
-22.750 12.250  0.98157
-22.750 12.750  0.95937
-22.750 13.250  0.93667
-22.750 13.750  0.91353
-22.750 14.250  0.89005
-22.750 14.750  0.86634
-22.750 15.250  0.84249
-22.750 15.750  0.81864
-22.750 16.250  0.79491
-22.750 16.750  0.77143
-22.750 17.250  0.74835
-22.750 17.750  0.72581
-22.750 18.250  0.70395
-22.750 18.750  0.68294
-22.750 19.250  0.66291
-22.750 19.750  0.64401
-22.750 20.250  0.62637
-22.750 20.750  0.61011
-22.750 21.250  0.59534
-22.750 21.750  0.58216
-22.750 22.250  0.57065
-22.750 22.750  0.56088
-22.750 23.250  0.55287
-22.750 23.750  0.54665
-22.750 24.250  0.54222
-22.750 24.750  0.53957
-22.750 25.250  0.53866
-22.750 25.750  0.53943
-22.750 26.250  0.54182
-22.750 26.750  0.54574
-22.750 27.250  0.55110
-22.750 27.750  0.55781
-22.750 28.250  0.56576
-22.750 28.750  0.57483
-22.750 29.250  0.58493
-22.750 29.750  0.59594
-22.750 30.250  0.60776
-22.750 30.750  0.62029
-22.750 31.250  0.63343
-22.750 31.750  0.64709
-22.750 32.250  0.66119
-22.750 32.750  0.67565
-22.750 33.250  0.69040
-22.750 33.750  0.70539
-22.750 34.250  0.72055
-22.750 34.750  0.73585
-22.750 35.250  0.75123
-22.750 35.750  0.76666
-22.750 36.250  0.78212
-22.750 36.750  0.79759
-22.750 37.250  0.81303
-22.750 37.750  0.82844
-22.750 38.250  0.84381
-22.750 38.750  0.85913
-22.750 39.250  0.87440
-22.750 39.750  0.88960
-22.750 40.250  0.90475
-22.750 40.750  0.91985
-22.750 41.250  0.93490
-22.750 41.750  0.94991
-22.750 42.250  0.96488
-22.750 42.750  0.97983
-22.750 43.250  0.99476
-22.750 43.750  1.00967
-22.750 44.250  1.02460
-22.750 44.750  1.03953
-22.250 -44.750  1.04992
-22.250 -44.250  1.03493
-22.250 -43.750  1.01996
-22.250 -43.250  1.00502
-22.250 -42.750  0.99009
-22.250 -42.250  0.97516
-22.250 -41.750  0.96023
-22.250 -41.250  0.94529
-22.250 -40.750  0.93033
-22.250 -40.250  0.91536
-22.250 -39.750  0.90035
-22.250 -39.250  0.88533
-22.250 -38.750  0.87028
-22.250 -38.250  0.85521
-22.250 -37.750  0.84013
-22.250 -37.250  0.82505
-22.250 -36.750  0.80997
-22.250 -36.250  0.79491
-22.250 -35.750  0.77990
-22.250 -35.250  0.76495
-22.250 -34.750  0.75010
-22.250 -34.250  0.73538
-22.250 -33.750  0.72084
-22.250 -33.250  0.70651
-22.250 -32.750  0.69244
-22.250 -32.250  0.67871
-22.250 -31.750  0.66536
-22.250 -31.250  0.65248
-22.250 -30.750  0.64013
-22.250 -30.250  0.62840
-22.250 -29.750  0.61737
-22.250 -29.250  0.60714
-22.250 -28.750  0.59780
-22.250 -28.250  0.58944
-22.250 -27.750  0.58217
-22.250 -27.250  0.57606
-22.250 -26.750  0.57123
-22.250 -26.250  0.56774
-22.250 -25.750  0.56568
-22.250 -25.250  0.56512
-22.250 -24.750  0.56611
-22.250 -24.250  0.56870
-22.250 -23.750  0.57292
-22.250 -23.250  0.57879
-22.250 -22.750  0.58628
-22.250 -22.250  0.59540
-22.250 -21.750  0.60610
-22.250 -21.250  0.61833
-22.250 -20.750  0.63201
-22.250 -20.250  0.64706
-22.250 -19.750  0.66338
-22.250 -19.250  0.68087
-22.250 -18.750  0.69940
-22.250 -18.250  0.71886
-22.250 -17.750  0.73910
-22.250 -17.250  0.76000
-22.250 -16.750  0.78143
-22.250 -16.250  0.80325
-22.250 -15.750  0.82533
-22.250 -15.250  0.84756
-22.250 -14.750  0.86982
-22.250 -14.250  0.89198
-22.250 -13.750  0.91396
-22.250 -13.250  0.93566
-22.250 -12.750  0.95699
-22.250 -12.250  0.97787
-22.250 -11.750  0.99823
-22.250 -11.250  1.01801
-22.250 -10.750  1.03716
-22.250 -10.250  1.05562
-22.250 -9.750  1.07336
-22.250 -9.250  1.09033
-22.250 -8.750  1.10651
-22.250 -8.250  1.12188
-22.250 -7.750  1.13641
-22.250 -7.250  1.15008
-22.250 -6.750  1.16288
-22.250 -6.250  1.17479
-22.250 -5.750  1.18581
-22.250 -5.250  1.19593
-22.250 -4.750  1.20515
-22.250 -4.250  1.21345
-22.250 -3.750  1.22084
-22.250 -3.250  1.22730
-22.250 -2.750  1.23285
-22.250 -2.250  1.23748
-22.250 -1.750  1.24118
-22.250 -1.250  1.24395
-22.250 -0.750  1.24580
-22.250 -0.250  1.24673
-22.250 0.250  1.24673
-22.250 0.750  1.24580
-22.250 1.250  1.24395
-22.250 1.750  1.24118
-22.250 2.250  1.23748
-22.250 2.750  1.23285
-22.250 3.250  1.22730
-22.250 3.750  1.22084
-22.250 4.250  1.21345
-22.250 4.750  1.20515
-22.250 5.250  1.19593
-22.250 5.750  1.18581
-22.250 6.250  1.17479
-22.250 6.750  1.16288
-22.250 7.250  1.15008
-22.250 7.750  1.13641
-22.250 8.250  1.12188
-22.250 8.750  1.10651
-22.250 9.250  1.09033
-22.250 9.750  1.07336
-22.250 10.250  1.05562
-22.250 10.750  1.03716
-22.250 11.250  1.01801
-22.250 11.750  0.99823
-22.250 12.250  0.97787
-22.250 12.750  0.95699
-22.250 13.250  0.93566
-22.250 13.750  0.91396
-22.250 14.250  0.89198
-22.250 14.750  0.86982
-22.250 15.250  0.84756
-22.250 15.750  0.82533
-22.250 16.250  0.80325
-22.250 16.750  0.78143
-22.250 17.250  0.76000
-22.250 17.750  0.73910
-22.250 18.250  0.71886
-22.250 18.750  0.69940
-22.250 19.250  0.68087
-22.250 19.750  0.66338
-22.250 20.250  0.64706
-22.250 20.750  0.63201
-22.250 21.250  0.61833
-22.250 21.750  0.60610
-22.250 22.250  0.59540
-22.250 22.750  0.58628
-22.250 23.250  0.57879
-22.250 23.750  0.57292
-22.250 24.250  0.56870
-22.250 24.750  0.56611
-22.250 25.250  0.56512
-22.250 25.750  0.56568
-22.250 26.250  0.56774
-22.250 26.750  0.57123
-22.250 27.250  0.57606
-22.250 27.750  0.58217
-22.250 28.250  0.58944
-22.250 28.750  0.59780
-22.250 29.250  0.60714
-22.250 29.750  0.61737
-22.250 30.250  0.62840
-22.250 30.750  0.64013
-22.250 31.250  0.65248
-22.250 31.750  0.66536
-22.250 32.250  0.67871
-22.250 32.750  0.69244
-22.250 33.250  0.70651
-22.250 33.750  0.72084
-22.250 34.250  0.73538
-22.250 34.750  0.75010
-22.250 35.250  0.76495
-22.250 35.750  0.77990
-22.250 36.250  0.79491
-22.250 36.750  0.80997
-22.250 37.250  0.82505
-22.250 37.750  0.84013
-22.250 38.250  0.85521
-22.250 38.750  0.87028
-22.250 39.250  0.88533
-22.250 39.750  0.90035
-22.250 40.250  0.91536
-22.250 40.750  0.93033
-22.250 41.250  0.94529
-22.250 41.750  0.96023
-22.250 42.250  0.97516
-22.250 42.750  0.99009
-22.250 43.250  1.00502
-22.250 43.750  1.01996
-22.250 44.250  1.03493
-22.250 44.750  1.04992
-21.750 -44.750  1.06027
-21.750 -44.250  1.04523
-21.750 -43.750  1.03023
-21.750 -43.250  1.01527
-21.750 -42.750  1.00035
-21.750 -42.250  0.98545
-21.750 -41.750  0.97056
-21.750 -41.250  0.95569
-21.750 -40.750  0.94083
-21.750 -40.250  0.92598
-21.750 -39.750  0.91113
-21.750 -39.250  0.89629
-21.750 -38.750  0.88145
-21.750 -38.250  0.86663
-21.750 -37.750  0.85182
-21.750 -37.250  0.83705
-21.750 -36.750  0.82232
-21.750 -36.250  0.80765
-21.750 -35.750  0.79306
-21.750 -35.250  0.77858
-21.750 -34.750  0.76423
-21.750 -34.250  0.75005
-21.750 -33.750  0.73607
-21.750 -33.250  0.72234
-21.750 -32.750  0.70891
-21.750 -32.250  0.69584
-21.750 -31.750  0.68317
-21.750 -31.250  0.67098
-21.750 -30.750  0.65934
-21.750 -30.250  0.64832
-21.750 -29.750  0.63800
-21.750 -29.250  0.62846
-21.750 -28.750  0.61978
-21.750 -28.250  0.61205
-21.750 -27.750  0.60535
-21.750 -27.250  0.59976
-21.750 -26.750  0.59536
-21.750 -26.250  0.59223
-21.750 -25.750  0.59043
-21.750 -25.250  0.59002
-21.750 -24.750  0.59105
-21.750 -24.250  0.59355
-21.750 -23.750  0.59755
-21.750 -23.250  0.60306
-21.750 -22.750  0.61007
-21.750 -22.250  0.61857
-21.750 -21.750  0.62851
-21.750 -21.250  0.63985
-21.750 -20.750  0.65253
-21.750 -20.250  0.66648
-21.750 -19.750  0.68159
-21.750 -19.250  0.69778
-21.750 -18.750  0.71495
-21.750 -18.250  0.73297
-21.750 -17.750  0.75174
-21.750 -17.250  0.77113
-21.750 -16.750  0.79103
-21.750 -16.250  0.81132
-21.750 -15.750  0.83188
-21.750 -15.250  0.85261
-21.750 -14.750  0.87338
-21.750 -14.250  0.89410
-21.750 -13.750  0.91468
-21.750 -13.250  0.93503
-21.750 -12.750  0.95506
-21.750 -12.250  0.97470
-21.750 -11.750  0.99388
-21.750 -11.250  1.01254
-21.750 -10.750  1.03062
-21.750 -10.250  1.04809
-21.750 -9.750  1.06489
-21.750 -9.250  1.08099
-21.750 -8.750  1.09636
-21.750 -8.250  1.11098
-21.750 -7.750  1.12481
-21.750 -7.250  1.13783
-21.750 -6.750  1.15004
-21.750 -6.250  1.16142
-21.750 -5.750  1.17195
-21.750 -5.250  1.18163
-21.750 -4.750  1.19045
-21.750 -4.250  1.19840
-21.750 -3.750  1.20547
-21.750 -3.250  1.21167
-21.750 -2.750  1.21699
-21.750 -2.250  1.22143
-21.750 -1.750  1.22498
-21.750 -1.250  1.22765
-21.750 -0.750  1.22942
-21.750 -0.250  1.23031
-21.750 0.250  1.23031
-21.750 0.750  1.22942
-21.750 1.250  1.22765
-21.750 1.750  1.22498
-21.750 2.250  1.22143
-21.750 2.750  1.21699
-21.750 3.250  1.21167
-21.750 3.750  1.20547
-21.750 4.250  1.19840
-21.750 4.750  1.19045
-21.750 5.250  1.18163
-21.750 5.750  1.17195
-21.750 6.250  1.16142
-21.750 6.750  1.15004
-21.750 7.250  1.13783
-21.750 7.750  1.12481
-21.750 8.250  1.11098
-21.750 8.750  1.09636
-21.750 9.250  1.08099
-21.750 9.750  1.06489
-21.750 10.250  1.04809
-21.750 10.750  1.03062
-21.750 11.250  1.01254
-21.750 11.750  0.99388
-21.750 12.250  0.97470
-21.750 12.750  0.95506
-21.750 13.250  0.93503
-21.750 13.750  0.91468
-21.750 14.250  0.89410
-21.750 14.750  0.87338
-21.750 15.250  0.85261
-21.750 15.750  0.83188
-21.750 16.250  0.81132
-21.750 16.750  0.79103
-21.750 17.250  0.77113
-21.750 17.750  0.75174
-21.750 18.250  0.73297
-21.750 18.750  0.71495
-21.750 19.250  0.69778
-21.750 19.750  0.68159
-21.750 20.250  0.66648
-21.750 20.750  0.65253
-21.750 21.250  0.63985
-21.750 21.750  0.62851
-21.750 22.250  0.61857
-21.750 22.750  0.61007
-21.750 23.250  0.60306
-21.750 23.750  0.59755
-21.750 24.250  0.59355
-21.750 24.750  0.59105
-21.750 25.250  0.59002
-21.750 25.750  0.59043
-21.750 26.250  0.59223
-21.750 26.750  0.59536
-21.750 27.250  0.59976
-21.750 27.750  0.60535
-21.750 28.250  0.61205
-21.750 28.750  0.61978
-21.750 29.250  0.62846
-21.750 29.750  0.63800
-21.750 30.250  0.64832
-21.750 30.750  0.65934
-21.750 31.250  0.67098
-21.750 31.750  0.68317
-21.750 32.250  0.69584
-21.750 32.750  0.70891
-21.750 33.250  0.72234
-21.750 33.750  0.73607
-21.750 34.250  0.75005
-21.750 34.750  0.76423
-21.750 35.250  0.77858
-21.750 35.750  0.79306
-21.750 36.250  0.80765
-21.750 36.750  0.82232
-21.750 37.250  0.83705
-21.750 37.750  0.85182
-21.750 38.250  0.86663
-21.750 38.750  0.88145
-21.750 39.250  0.89629
-21.750 39.750  0.91113
-21.750 40.250  0.92598
-21.750 40.750  0.94083
-21.750 41.250  0.95569
-21.750 41.750  0.97056
-21.750 42.250  0.98545
-21.750 42.750  1.00035
-21.750 43.250  1.01527
-21.750 43.750  1.03023
-21.750 44.250  1.04523
-21.750 44.750  1.06027
-21.250 -44.750  1.07057
-21.250 -44.250  1.05548
-21.250 -43.750  1.04046
-21.250 -43.250  1.02549
-21.250 -42.750  1.01058
-21.250 -42.250  0.99571
-21.250 -41.750  0.98088
-21.250 -41.250  0.96609
-21.250 -40.750  0.95133
-21.250 -40.250  0.93660
-21.250 -39.750  0.92190
-21.250 -39.250  0.90724
-21.250 -38.750  0.89261
-21.250 -38.250  0.87802
-21.250 -37.750  0.86349
-21.250 -37.250  0.84902
-21.250 -36.750  0.83462
-21.250 -36.250  0.82032
-21.250 -35.750  0.80613
-21.250 -35.250  0.79208
-21.250 -34.750  0.77819
-21.250 -34.250  0.76450
-21.250 -33.750  0.75105
-21.250 -33.250  0.73788
-21.250 -32.750  0.72503
-21.250 -32.250  0.71255
-21.250 -31.750  0.70051
-21.250 -31.250  0.68895
-21.250 -30.750  0.67794
-21.250 -30.250  0.66755
-21.250 -29.750  0.65785
-21.250 -29.250  0.64892
-21.250 -28.750  0.64081
-21.250 -28.250  0.63362
-21.250 -27.750  0.62742
-21.250 -27.250  0.62226
-21.250 -26.750  0.61823
-21.250 -26.250  0.61539
-21.250 -25.750  0.61379
-21.250 -25.250  0.61349
-21.250 -24.750  0.61451
-21.250 -24.250  0.61690
-21.250 -23.750  0.62067
-21.250 -23.250  0.62583
-21.250 -22.750  0.63238
-21.250 -22.250  0.64028
-21.250 -21.750  0.64952
-21.250 -21.250  0.66004
-21.250 -20.750  0.67180
-21.250 -20.250  0.68472
-21.250 -19.750  0.69872
-21.250 -19.250  0.71372
-21.250 -18.750  0.72963
-21.250 -18.250  0.74634
-21.250 -17.750  0.76375
-21.250 -17.250  0.78176
-21.250 -16.750  0.80025
-21.250 -16.250  0.81912
-21.250 -15.750  0.83827
-21.250 -15.250  0.85760
-21.250 -14.750  0.87699
-21.250 -14.250  0.89637
-21.250 -13.750  0.91564
-21.250 -13.250  0.93471
-21.250 -12.750  0.95352
-21.250 -12.250  0.97198
-21.250 -11.750  0.99004
-21.250 -11.250  1.00763
-21.250 -10.750  1.02471
-21.250 -10.250  1.04122
-21.250 -9.750  1.05713
-21.250 -9.250  1.07239
-21.250 -8.750  1.08697
-21.250 -8.250  1.10085
-21.250 -7.750  1.11401
-21.250 -7.250  1.12641
-21.250 -6.750  1.13804
-21.250 -6.250  1.14889
-21.250 -5.750  1.15894
-21.250 -5.250  1.16819
-21.250 -4.750  1.17662
-21.250 -4.250  1.18422
-21.250 -3.750  1.19099
-21.250 -3.250  1.19693
-21.250 -2.750  1.20202
-21.250 -2.250  1.20627
-21.250 -1.750  1.20967
-21.250 -1.250  1.21223
-21.250 -0.750  1.21393
-21.250 -0.250  1.21478
-21.250 0.250  1.21478
-21.250 0.750  1.21393
-21.250 1.250  1.21223
-21.250 1.750  1.20967
-21.250 2.250  1.20627
-21.250 2.750  1.20202
-21.250 3.250  1.19693
-21.250 3.750  1.19099
-21.250 4.250  1.18422
-21.250 4.750  1.17662
-21.250 5.250  1.16819
-21.250 5.750  1.15894
-21.250 6.250  1.14889
-21.250 6.750  1.13804
-21.250 7.250  1.12641
-21.250 7.750  1.11401
-21.250 8.250  1.10085
-21.250 8.750  1.08697
-21.250 9.250  1.07239
-21.250 9.750  1.05713
-21.250 10.250  1.04122
-21.250 10.750  1.02471
-21.250 11.250  1.00763
-21.250 11.750  0.99004
-21.250 12.250  0.97198
-21.250 12.750  0.95352
-21.250 13.250  0.93471
-21.250 13.750  0.91564
-21.250 14.250  0.89637
-21.250 14.750  0.87699
-21.250 15.250  0.85760
-21.250 15.750  0.83827
-21.250 16.250  0.81912
-21.250 16.750  0.80025
-21.250 17.250  0.78176
-21.250 17.750  0.76375
-21.250 18.250  0.74634
-21.250 18.750  0.72963
-21.250 19.250  0.71372
-21.250 19.750  0.69872
-21.250 20.250  0.68472
-21.250 20.750  0.67180
-21.250 21.250  0.66004
-21.250 21.750  0.64952
-21.250 22.250  0.64028
-21.250 22.750  0.63238
-21.250 23.250  0.62583
-21.250 23.750  0.62067
-21.250 24.250  0.61690
-21.250 24.750  0.61451
-21.250 25.250  0.61349
-21.250 25.750  0.61379
-21.250 26.250  0.61539
-21.250 26.750  0.61823
-21.250 27.250  0.62226
-21.250 27.750  0.62742
-21.250 28.250  0.63362
-21.250 28.750  0.64081
-21.250 29.250  0.64892
-21.250 29.750  0.65785
-21.250 30.250  0.66755
-21.250 30.750  0.67794
-21.250 31.250  0.68895
-21.250 31.750  0.70051
-21.250 32.250  0.71255
-21.250 32.750  0.72503
-21.250 33.250  0.73788
-21.250 33.750  0.75105
-21.250 34.250  0.76450
-21.250 34.750  0.77819
-21.250 35.250  0.79208
-21.250 35.750  0.80613
-21.250 36.250  0.82032
-21.250 36.750  0.83462
-21.250 37.250  0.84902
-21.250 37.750  0.86349
-21.250 38.250  0.87802
-21.250 38.750  0.89261
-21.250 39.250  0.90724
-21.250 39.750  0.92190
-21.250 40.250  0.93660
-21.250 40.750  0.95133
-21.250 41.250  0.96609
-21.250 41.750  0.98088
-21.250 42.250  0.99571
-21.250 42.750  1.01058
-21.250 43.250  1.02549
-21.250 43.750  1.04046
-21.250 44.250  1.05548
-21.250 44.750  1.07057
-20.750 -44.750  1.08079
-20.750 -44.250  1.06567
-20.750 -43.750  1.05063
-20.750 -43.250  1.03567
-20.750 -42.750  1.02077
-20.750 -42.250  1.00594
-20.750 -41.750  0.99117
-20.750 -41.250  0.97645
-20.750 -40.750  0.96179
-20.750 -40.250  0.94719
-20.750 -39.750  0.93264
-20.750 -39.250  0.91815
-20.750 -38.750  0.90372
-20.750 -38.250  0.88937
-20.750 -37.750  0.87509
-20.750 -37.250  0.86090
-20.750 -36.750  0.84682
-20.750 -36.250  0.83287
-20.750 -35.750  0.81905
-20.750 -35.250  0.80541
-20.750 -34.750  0.79195
-20.750 -34.250  0.77873
-20.750 -33.750  0.76576
-20.750 -33.250  0.75310
-20.750 -32.750  0.74077
-20.750 -32.250  0.72884
-20.750 -31.750  0.71735
-20.750 -31.250  0.70636
-20.750 -30.750  0.69592
-20.750 -30.250  0.68609
-20.750 -29.750  0.67694
-20.750 -29.250  0.66854
-20.750 -28.750  0.66094
-20.750 -28.250  0.65421
-20.750 -27.750  0.64843
-20.750 -27.250  0.64364
-20.750 -26.750  0.63992
-20.750 -26.250  0.63731
-20.750 -25.750  0.63586
-20.750 -25.250  0.63561
-20.750 -24.750  0.63661
-20.750 -24.250  0.63887
-20.750 -23.750  0.64240
-20.750 -23.250  0.64722
-20.750 -22.750  0.65331
-20.750 -22.250  0.66066
-20.750 -21.750  0.66924
-20.750 -21.250  0.67900
-20.750 -20.750  0.68990
-20.750 -20.250  0.70187
-20.750 -19.750  0.71485
-20.750 -19.250  0.72875
-20.750 -18.750  0.74350
-20.750 -18.250  0.75900
-20.750 -17.750  0.77516
-20.750 -17.250  0.79189
-20.750 -16.750  0.80909
-20.750 -16.250  0.82665
-20.750 -15.750  0.84449
-20.750 -15.250  0.86252
-20.750 -14.750  0.88063
-20.750 -14.250  0.89875
-20.750 -13.750  0.91678
-20.750 -13.250  0.93467
-20.750 -12.750  0.95232
-20.750 -12.250  0.96967
-20.750 -11.750  0.98667
-20.750 -11.250  1.00325
-20.750 -10.750  1.01936
-20.750 -10.250  1.03496
-20.750 -9.750  1.05001
-20.750 -9.250  1.06446
-20.750 -8.750  1.07829
-20.750 -8.250  1.09146
-20.750 -7.750  1.10396
-20.750 -7.250  1.11575
-20.750 -6.750  1.12682
-20.750 -6.250  1.13716
-20.750 -5.750  1.14674
-20.750 -5.250  1.15556
-20.750 -4.750  1.16361
-20.750 -4.250  1.17087
-20.750 -3.750  1.17734
-20.750 -3.250  1.18302
-20.750 -2.750  1.18789
-20.750 -2.250  1.19196
-20.750 -1.750  1.19521
-20.750 -1.250  1.19766
-20.750 -0.750  1.19929
-20.750 -0.250  1.20011
-20.750 0.250  1.20011
-20.750 0.750  1.19929
-20.750 1.250  1.19766
-20.750 1.750  1.19521
-20.750 2.250  1.19196
-20.750 2.750  1.18789
-20.750 3.250  1.18302
-20.750 3.750  1.17734
-20.750 4.250  1.17087
-20.750 4.750  1.16361
-20.750 5.250  1.15556
-20.750 5.750  1.14674
-20.750 6.250  1.13716
-20.750 6.750  1.12682
-20.750 7.250  1.11575
-20.750 7.750  1.10396
-20.750 8.250  1.09146
-20.750 8.750  1.07829
-20.750 9.250  1.06446
-20.750 9.750  1.05001
-20.750 10.250  1.03496
-20.750 10.750  1.01936
-20.750 11.250  1.00325
-20.750 11.750  0.98667
-20.750 12.250  0.96967
-20.750 12.750  0.95232
-20.750 13.250  0.93467
-20.750 13.750  0.91678
-20.750 14.250  0.89875
-20.750 14.750  0.88063
-20.750 15.250  0.86252
-20.750 15.750  0.84449
-20.750 16.250  0.82665
-20.750 16.750  0.80909
-20.750 17.250  0.79189
-20.750 17.750  0.77516
-20.750 18.250  0.75900
-20.750 18.750  0.74350
-20.750 19.250  0.72875
-20.750 19.750  0.71485
-20.750 20.250  0.70187
-20.750 20.750  0.68990
-20.750 21.250  0.67900
-20.750 21.750  0.66924
-20.750 22.250  0.66066
-20.750 22.750  0.65331
-20.750 23.250  0.64722
-20.750 23.750  0.64240
-20.750 24.250  0.63887
-20.750 24.750  0.63661
-20.750 25.250  0.63561
-20.750 25.750  0.63586
-20.750 26.250  0.63731
-20.750 26.750  0.63992
-20.750 27.250  0.64364
-20.750 27.750  0.64843
-20.750 28.250  0.65421
-20.750 28.750  0.66094
-20.750 29.250  0.66854
-20.750 29.750  0.67694
-20.750 30.250  0.68609
-20.750 30.750  0.69592
-20.750 31.250  0.70636
-20.750 31.750  0.71735
-20.750 32.250  0.72884
-20.750 32.750  0.74077
-20.750 33.250  0.75310
-20.750 33.750  0.76576
-20.750 34.250  0.77873
-20.750 34.750  0.79195
-20.750 35.250  0.80541
-20.750 35.750  0.81905
-20.750 36.250  0.83287
-20.750 36.750  0.84682
-20.750 37.250  0.86090
-20.750 37.750  0.87509
-20.750 38.250  0.88937
-20.750 38.750  0.90372
-20.750 39.250  0.91815
-20.750 39.750  0.93264
-20.750 40.250  0.94719
-20.750 40.750  0.96179
-20.750 41.250  0.97645
-20.750 41.750  0.99117
-20.750 42.250  1.00594
-20.750 42.750  1.02077
-20.750 43.250  1.03567
-20.750 43.750  1.05063
-20.750 44.250  1.06567
-20.750 44.750  1.08079
-20.250 -44.750  1.09092
-20.250 -44.250  1.07578
-20.250 -43.750  1.06073
-20.250 -43.250  1.04577
-20.250 -42.750  1.03089
-20.250 -42.250  1.01610
-20.250 -41.750  1.00139
-20.250 -41.250  0.98676
-20.250 -40.750  0.97220
-20.250 -40.250  0.95772
-20.250 -39.750  0.94332
-20.250 -39.250  0.92900
-20.250 -38.750  0.91477
-20.250 -38.250  0.90063
-20.250 -37.750  0.88660
-20.250 -37.250  0.87269
-20.250 -36.750  0.85891
-20.250 -36.250  0.84528
-20.250 -35.750  0.83181
-20.250 -35.250  0.81854
-20.250 -34.750  0.80549
-20.250 -34.250  0.79269
-20.250 -33.750  0.78017
-20.250 -33.250  0.76797
-20.250 -32.750  0.75613
-20.250 -32.250  0.74469
-20.250 -31.750  0.73370
-20.250 -31.250  0.72322
-20.250 -30.750  0.71328
-20.250 -30.250  0.70395
-20.250 -29.750  0.69529
-20.250 -29.250  0.68735
-20.250 -28.750  0.68019
-20.250 -28.250  0.67387
-20.250 -27.750  0.66844
-20.250 -27.250  0.66396
-20.250 -26.750  0.66048
-20.250 -26.250  0.65806
-20.250 -25.750  0.65672
-20.250 -25.250  0.65650
-20.250 -24.750  0.65744
-20.250 -24.250  0.65955
-20.250 -23.750  0.66285
-20.250 -23.250  0.66733
-20.250 -22.750  0.67299
-20.250 -22.250  0.67981
-20.250 -21.750  0.68777
-20.250 -21.250  0.69682
-20.250 -20.750  0.70692
-20.250 -20.250  0.71802
-20.250 -19.750  0.73005
-20.250 -19.250  0.74294
-20.250 -18.750  0.75662
-20.250 -18.250  0.77101
-20.250 -17.750  0.78601
-20.250 -17.250  0.80156
-20.250 -16.750  0.81755
-20.250 -16.250  0.83391
-20.250 -15.750  0.85053
-20.250 -15.250  0.86735
-20.250 -14.750  0.88426
-20.250 -14.250  0.90120
-20.250 -13.750  0.91809
-20.250 -13.250  0.93485
-20.250 -12.750  0.95142
-20.250 -12.250  0.96772
-20.250 -11.750  0.98371
-20.250 -11.250  0.99933
-20.250 -10.750  1.01453
-20.250 -10.250  1.02926
-20.250 -9.750  1.04348
-20.250 -9.250  1.05716
-20.250 -8.750  1.07026
-20.250 -8.250  1.08275
-20.250 -7.750  1.09461
-20.250 -7.250  1.10582
-20.250 -6.750  1.11635
-20.250 -6.250  1.12618
-20.250 -5.750  1.13531
-20.250 -5.250  1.14371
-20.250 -4.750  1.15139
-20.250 -4.250  1.15831
-20.250 -3.750  1.16449
-20.250 -3.250  1.16991
-20.250 -2.750  1.17457
-20.250 -2.250  1.17845
-20.250 -1.750  1.18157
-20.250 -1.250  1.18390
-20.250 -0.750  1.18546
-20.250 -0.250  1.18624
-20.250 0.250  1.18624
-20.250 0.750  1.18546
-20.250 1.250  1.18390
-20.250 1.750  1.18157
-20.250 2.250  1.17845
-20.250 2.750  1.17457
-20.250 3.250  1.16991
-20.250 3.750  1.16449
-20.250 4.250  1.15831
-20.250 4.750  1.15139
-20.250 5.250  1.14371
-20.250 5.750  1.13531
-20.250 6.250  1.12618
-20.250 6.750  1.11635
-20.250 7.250  1.10582
-20.250 7.750  1.09461
-20.250 8.250  1.08275
-20.250 8.750  1.07026
-20.250 9.250  1.05716
-20.250 9.750  1.04348
-20.250 10.250  1.02926
-20.250 10.750  1.01453
-20.250 11.250  0.99933
-20.250 11.750  0.98371
-20.250 12.250  0.96772
-20.250 12.750  0.95142
-20.250 13.250  0.93485
-20.250 13.750  0.91809
-20.250 14.250  0.90120
-20.250 14.750  0.88426
-20.250 15.250  0.86735
-20.250 15.750  0.85053
-20.250 16.250  0.83391
-20.250 16.750  0.81755
-20.250 17.250  0.80156
-20.250 17.750  0.78601
-20.250 18.250  0.77101
-20.250 18.750  0.75662
-20.250 19.250  0.74294
-20.250 19.750  0.73005
-20.250 20.250  0.71802
-20.250 20.750  0.70692
-20.250 21.250  0.69682
-20.250 21.750  0.68777
-20.250 22.250  0.67981
-20.250 22.750  0.67299
-20.250 23.250  0.66733
-20.250 23.750  0.66285
-20.250 24.250  0.65955
-20.250 24.750  0.65744
-20.250 25.250  0.65650
-20.250 25.750  0.65672
-20.250 26.250  0.65806
-20.250 26.750  0.66048
-20.250 27.250  0.66396
-20.250 27.750  0.66844
-20.250 28.250  0.67387
-20.250 28.750  0.68019
-20.250 29.250  0.68735
-20.250 29.750  0.69529
-20.250 30.250  0.70395
-20.250 30.750  0.71328
-20.250 31.250  0.72322
-20.250 31.750  0.73370
-20.250 32.250  0.74469
-20.250 32.750  0.75613
-20.250 33.250  0.76797
-20.250 33.750  0.78017
-20.250 34.250  0.79269
-20.250 34.750  0.80549
-20.250 35.250  0.81854
-20.250 35.750  0.83181
-20.250 36.250  0.84528
-20.250 36.750  0.85891
-20.250 37.250  0.87269
-20.250 37.750  0.88660
-20.250 38.250  0.90063
-20.250 38.750  0.91477
-20.250 39.250  0.92900
-20.250 39.750  0.94332
-20.250 40.250  0.95772
-20.250 40.750  0.97220
-20.250 41.250  0.98676
-20.250 41.750  1.00139
-20.250 42.250  1.01610
-20.250 42.750  1.03089
-20.250 43.250  1.04577
-20.250 43.750  1.06073
-20.250 44.250  1.07578
-20.250 44.750  1.09092
-19.750 -44.750  1.10095
-19.750 -44.250  1.08579
-19.750 -43.750  1.07073
-19.750 -43.250  1.05578
-19.750 -42.750  1.04094
-19.750 -42.250  1.02619
-19.750 -41.750  1.01154
-19.750 -41.250  0.99699
-19.750 -40.750  0.98253
-19.750 -40.250  0.96817
-19.750 -39.750  0.95392
-19.750 -39.250  0.93976
-19.750 -38.750  0.92572
-19.750 -38.250  0.91179
-19.750 -37.750  0.89800
-19.750 -37.250  0.88434
-19.750 -36.750  0.87084
-19.750 -36.250  0.85751
-19.750 -35.750  0.84438
-19.750 -35.250  0.83146
-19.750 -34.750  0.81878
-19.750 -34.250  0.80637
-19.750 -33.750  0.79426
-19.750 -33.250  0.78248
-19.750 -32.750  0.77108
-19.750 -32.250  0.76009
-19.750 -31.750  0.74956
-19.750 -31.250  0.73952
-19.750 -30.750  0.73004
-19.750 -30.250  0.72115
-19.750 -29.750  0.71292
-19.750 -29.250  0.70538
-19.750 -28.750  0.69860
-19.750 -28.250  0.69262
-19.750 -27.750  0.68750
-19.750 -27.250  0.68328
-19.750 -26.750  0.68000
-19.750 -26.250  0.67771
-19.750 -25.750  0.67645
-19.750 -25.250  0.67624
-19.750 -24.750  0.67710
-19.750 -24.250  0.67905
-19.750 -23.750  0.68211
-19.750 -23.250  0.68626
-19.750 -22.750  0.69151
-19.750 -22.250  0.69783
-19.750 -21.750  0.70520
-19.750 -21.250  0.71359
-19.750 -20.750  0.72295
-19.750 -20.250  0.73324
-19.750 -19.750  0.74439
-19.750 -19.250  0.75634
-19.750 -18.750  0.76903
-19.750 -18.250  0.78239
-19.750 -17.750  0.79633
-19.750 -17.250  0.81078
-19.750 -16.750  0.82566
-19.750 -16.250  0.84089
-19.750 -15.750  0.85638
-19.750 -15.250  0.87207
-19.750 -14.750  0.88787
-19.750 -14.250  0.90371
-19.750 -13.750  0.91952
-19.750 -13.250  0.93523
-19.750 -12.750  0.95077
-19.750 -12.250  0.96609
-19.750 -11.750  0.98113
-19.750 -11.250  0.99584
-19.750 -10.750  1.01016
-19.750 -10.250  1.02406
-19.750 -9.750  1.03750
-19.750 -9.250  1.05043
-19.750 -8.750  1.06284
-19.750 -8.250  1.07467
-19.750 -7.750  1.08592
-19.750 -7.250  1.09656
-19.750 -6.750  1.10656
-19.750 -6.250  1.11591
-19.750 -5.750  1.12460
-19.750 -5.250  1.13260
-19.750 -4.750  1.13991
-19.750 -4.250  1.14651
-19.750 -3.750  1.15240
-19.750 -3.250  1.15757
-19.750 -2.750  1.16201
-19.750 -2.250  1.16572
-19.750 -1.750  1.16870
-19.750 -1.250  1.17093
-19.750 -0.750  1.17242
-19.750 -0.250  1.17316
-19.750 0.250  1.17316
-19.750 0.750  1.17242
-19.750 1.250  1.17093
-19.750 1.750  1.16870
-19.750 2.250  1.16572
-19.750 2.750  1.16201
-19.750 3.250  1.15757
-19.750 3.750  1.15240
-19.750 4.250  1.14651
-19.750 4.750  1.13991
-19.750 5.250  1.13260
-19.750 5.750  1.12460
-19.750 6.250  1.11591
-19.750 6.750  1.10656
-19.750 7.250  1.09656
-19.750 7.750  1.08592
-19.750 8.250  1.07467
-19.750 8.750  1.06284
-19.750 9.250  1.05043
-19.750 9.750  1.03750
-19.750 10.250  1.02406
-19.750 10.750  1.01016
-19.750 11.250  0.99584
-19.750 11.750  0.98113
-19.750 12.250  0.96609
-19.750 12.750  0.95077
-19.750 13.250  0.93523
-19.750 13.750  0.91952
-19.750 14.250  0.90371
-19.750 14.750  0.88787
-19.750 15.250  0.87207
-19.750 15.750  0.85638
-19.750 16.250  0.84089
-19.750 16.750  0.82566
-19.750 17.250  0.81078
-19.750 17.750  0.79633
-19.750 18.250  0.78239
-19.750 18.750  0.76903
-19.750 19.250  0.75634
-19.750 19.750  0.74439
-19.750 20.250  0.73324
-19.750 20.750  0.72295
-19.750 21.250  0.71359
-19.750 21.750  0.70520
-19.750 22.250  0.69783
-19.750 22.750  0.69151
-19.750 23.250  0.68626
-19.750 23.750  0.68211
-19.750 24.250  0.67905
-19.750 24.750  0.67710
-19.750 25.250  0.67624
-19.750 25.750  0.67645
-19.750 26.250  0.67771
-19.750 26.750  0.68000
-19.750 27.250  0.68328
-19.750 27.750  0.68750
-19.750 28.250  0.69262
-19.750 28.750  0.69860
-19.750 29.250  0.70538
-19.750 29.750  0.71292
-19.750 30.250  0.72115
-19.750 30.750  0.73004
-19.750 31.250  0.73952
-19.750 31.750  0.74956
-19.750 32.250  0.76009
-19.750 32.750  0.77108
-19.750 33.250  0.78248
-19.750 33.750  0.79426
-19.750 34.250  0.80637
-19.750 34.750  0.81878
-19.750 35.250  0.83146
-19.750 35.750  0.84438
-19.750 36.250  0.85751
-19.750 36.750  0.87084
-19.750 37.250  0.88434
-19.750 37.750  0.89800
-19.750 38.250  0.91179
-19.750 38.750  0.92572
-19.750 39.250  0.93976
-19.750 39.750  0.95392
-19.750 40.250  0.96817
-19.750 40.750  0.98253
-19.750 41.250  0.99699
-19.750 41.750  1.01154
-19.750 42.250  1.02619
-19.750 42.750  1.04094
-19.750 43.250  1.05578
-19.750 43.750  1.07073
-19.750 44.250  1.08579
-19.750 44.750  1.10095
-19.250 -44.750  1.11086
-19.250 -44.250  1.09568
-19.250 -43.750  1.08063
-19.250 -43.250  1.06570
-19.250 -42.750  1.05088
-19.250 -42.250  1.03618
-19.250 -41.750  1.02160
-19.250 -41.250  1.00712
-19.250 -40.750  0.99277
-19.250 -40.250  0.97853
-19.250 -39.750  0.96441
-19.250 -39.250  0.95041
-19.250 -38.750  0.93655
-19.250 -38.250  0.92282
-19.250 -37.750  0.90925
-19.250 -37.250  0.89584
-19.250 -36.750  0.88260
-19.250 -36.250  0.86956
-19.250 -35.750  0.85673
-19.250 -35.250  0.84414
-19.250 -34.750  0.83180
-19.250 -34.250  0.81975
-19.250 -33.750  0.80802
-19.250 -33.250  0.79663
-19.250 -32.750  0.78562
-19.250 -32.250  0.77503
-19.250 -31.750  0.76491
-19.250 -31.250  0.75528
-19.250 -30.750  0.74620
-19.250 -30.250  0.73770
-19.250 -29.750  0.72984
-19.250 -29.250  0.72266
-19.250 -28.750  0.71621
-19.250 -28.250  0.71053
-19.250 -27.750  0.70566
-19.250 -27.250  0.70165
-19.250 -26.750  0.69853
-19.250 -26.250  0.69635
-19.250 -25.750  0.69513
-19.250 -25.250  0.69489
-19.250 -24.750  0.69566
-19.250 -24.250  0.69745
-19.250 -23.750  0.70026
-19.250 -23.250  0.70410
-19.250 -22.750  0.70895
-19.250 -22.250  0.71480
-19.250 -21.750  0.72162
-19.250 -21.250  0.72938
-19.250 -20.750  0.73805
-19.250 -20.250  0.74758
-19.250 -19.750  0.75792
-19.250 -19.250  0.76901
-19.250 -18.750  0.78078
-19.250 -18.250  0.79318
-19.250 -17.750  0.80613
-19.250 -17.250  0.81957
-19.250 -16.750  0.83342
-19.250 -16.250  0.84760
-19.250 -15.750  0.86205
-19.250 -15.250  0.87668
-19.250 -14.750  0.89144
-19.250 -14.250  0.90626
-19.250 -13.750  0.92105
-19.250 -13.250  0.93577
-19.250 -12.750  0.95036
-19.250 -12.250  0.96474
-19.250 -11.750  0.97888
-19.250 -11.250  0.99273
-19.250 -10.750  1.00622
-19.250 -10.250  1.01933
-19.250 -9.750  1.03202
-19.250 -9.250  1.04424
-19.250 -8.750  1.05598
-19.250 -8.250  1.06718
-19.250 -7.750  1.07784
-19.250 -7.250  1.08793
-19.250 -6.750  1.09743
-19.250 -6.250  1.10631
-19.250 -5.750  1.11456
-19.250 -5.250  1.12218
-19.250 -4.750  1.12913
-19.250 -4.250  1.13542
-19.250 -3.750  1.14103
-19.250 -3.250  1.14596
-19.250 -2.750  1.15019
-19.250 -2.250  1.15373
-19.250 -1.750  1.15657
-19.250 -1.250  1.15870
-19.250 -0.750  1.16012
-19.250 -0.250  1.16083
-19.250 0.250  1.16083
-19.250 0.750  1.16012
-19.250 1.250  1.15870
-19.250 1.750  1.15657
-19.250 2.250  1.15373
-19.250 2.750  1.15019
-19.250 3.250  1.14596
-19.250 3.750  1.14103
-19.250 4.250  1.13542
-19.250 4.750  1.12913
-19.250 5.250  1.12218
-19.250 5.750  1.11456
-19.250 6.250  1.10631
-19.250 6.750  1.09743
-19.250 7.250  1.08793
-19.250 7.750  1.07784
-19.250 8.250  1.06718
-19.250 8.750  1.05598
-19.250 9.250  1.04424
-19.250 9.750  1.03202
-19.250 10.250  1.01933
-19.250 10.750  1.00622
-19.250 11.250  0.99273
-19.250 11.750  0.97888
-19.250 12.250  0.96474
-19.250 12.750  0.95036
-19.250 13.250  0.93577
-19.250 13.750  0.92105
-19.250 14.250  0.90626
-19.250 14.750  0.89144
-19.250 15.250  0.87668
-19.250 15.750  0.86205
-19.250 16.250  0.84760
-19.250 16.750  0.83342
-19.250 17.250  0.81957
-19.250 17.750  0.80613
-19.250 18.250  0.79318
-19.250 18.750  0.78078
-19.250 19.250  0.76901
-19.250 19.750  0.75792
-19.250 20.250  0.74758
-19.250 20.750  0.73805
-19.250 21.250  0.72938
-19.250 21.750  0.72162
-19.250 22.250  0.71480
-19.250 22.750  0.70895
-19.250 23.250  0.70410
-19.250 23.750  0.70026
-19.250 24.250  0.69745
-19.250 24.750  0.69566
-19.250 25.250  0.69489
-19.250 25.750  0.69513
-19.250 26.250  0.69635
-19.250 26.750  0.69853
-19.250 27.250  0.70165
-19.250 27.750  0.70566
-19.250 28.250  0.71053
-19.250 28.750  0.71621
-19.250 29.250  0.72266
-19.250 29.750  0.72984
-19.250 30.250  0.73770
-19.250 30.750  0.74620
-19.250 31.250  0.75528
-19.250 31.750  0.76491
-19.250 32.250  0.77503
-19.250 32.750  0.78562
-19.250 33.250  0.79663
-19.250 33.750  0.80802
-19.250 34.250  0.81975
-19.250 34.750  0.83180
-19.250 35.250  0.84414
-19.250 35.750  0.85673
-19.250 36.250  0.86956
-19.250 36.750  0.88260
-19.250 37.250  0.89584
-19.250 37.750  0.90925
-19.250 38.250  0.92282
-19.250 38.750  0.93655
-19.250 39.250  0.95041
-19.250 39.750  0.96441
-19.250 40.250  0.97853
-19.250 40.750  0.99277
-19.250 41.250  1.00712
-19.250 41.750  1.02160
-19.250 42.250  1.03618
-19.250 42.750  1.05088
-19.250 43.250  1.06570
-19.250 43.750  1.08063
-19.250 44.250  1.09568
-19.250 44.750  1.11086
-18.750 -44.750  1.12065
-18.750 -44.250  1.10546
-18.750 -43.750  1.09041
-18.750 -43.250  1.07549
-18.750 -42.750  1.06071
-18.750 -42.250  1.04606
-18.750 -41.750  1.03154
-18.750 -41.250  1.01715
-18.750 -40.750  1.00289
-18.750 -40.250  0.98876
-18.750 -39.750  0.97478
-18.750 -39.250  0.96093
-18.750 -38.750  0.94724
-18.750 -38.250  0.93371
-18.750 -37.750  0.92034
-18.750 -37.250  0.90716
-18.750 -36.750  0.89417
-18.750 -36.250  0.88140
-18.750 -35.750  0.86885
-18.750 -35.250  0.85656
-18.750 -34.750  0.84454
-18.750 -34.250  0.83282
-18.750 -33.750  0.82142
-18.750 -33.250  0.81039
-18.750 -32.750  0.79974
-18.750 -32.250  0.78952
-18.750 -31.750  0.77976
-18.750 -31.250  0.77049
-18.750 -30.750  0.76177
-18.750 -30.250  0.75362
-18.750 -29.750  0.74608
-18.750 -29.250  0.73921
-18.750 -28.750  0.73304
-18.750 -28.250  0.72761
-18.750 -27.750  0.72296
-18.750 -27.250  0.71912
-18.750 -26.750  0.71613
-18.750 -26.250  0.71403
-18.750 -25.750  0.71282
-18.750 -25.250  0.71254
-18.750 -24.750  0.71320
-18.750 -24.250  0.71482
-18.750 -23.750  0.71739
-18.750 -23.250  0.72092
-18.750 -22.750  0.72539
-18.750 -22.250  0.73078
-18.750 -21.750  0.73709
-18.750 -21.250  0.74427
-18.750 -20.750  0.75230
-18.750 -20.250  0.76112
-18.750 -19.750  0.77070
-18.750 -19.250  0.78098
-18.750 -18.750  0.79191
-18.750 -18.250  0.80342
-18.750 -17.750  0.81546
-18.750 -17.250  0.82795
-18.750 -16.750  0.84084
-18.750 -16.250  0.85405
-18.750 -15.750  0.86752
-18.750 -15.250  0.88118
-18.750 -14.750  0.89496
-18.750 -14.250  0.90881
-18.750 -13.750  0.92266
-18.750 -13.250  0.93646
-18.750 -12.750  0.95014
-18.750 -12.250  0.96364
-18.750 -11.750  0.97693
-18.750 -11.250  0.98996
-18.750 -10.750  1.00267
-18.750 -10.250  1.01503
-18.750 -9.750  1.02700
-18.750 -9.250  1.03855
-18.750 -8.750  1.04964
-18.750 -8.250  1.06025
-18.750 -7.750  1.07034
-18.750 -7.250  1.07990
-18.750 -6.750  1.08891
-18.750 -6.250  1.09734
-18.750 -5.750  1.10518
-18.750 -5.250  1.11241
-18.750 -4.750  1.11902
-18.750 -4.250  1.12500
-18.750 -3.750  1.13034
-18.750 -3.250  1.13503
-18.750 -2.750  1.13907
-18.750 -2.250  1.14244
-18.750 -1.750  1.14514
-18.750 -1.250  1.14717
-18.750 -0.750  1.14853
-18.750 -0.250  1.14920
-18.750 0.250  1.14920
-18.750 0.750  1.14853
-18.750 1.250  1.14717
-18.750 1.750  1.14514
-18.750 2.250  1.14244
-18.750 2.750  1.13907
-18.750 3.250  1.13503
-18.750 3.750  1.13034
-18.750 4.250  1.12500
-18.750 4.750  1.11902
-18.750 5.250  1.11241
-18.750 5.750  1.10518
-18.750 6.250  1.09734
-18.750 6.750  1.08891
-18.750 7.250  1.07990
-18.750 7.750  1.07034
-18.750 8.250  1.06025
-18.750 8.750  1.04964
-18.750 9.250  1.03855
-18.750 9.750  1.02700
-18.750 10.250  1.01503
-18.750 10.750  1.00267
-18.750 11.250  0.98996
-18.750 11.750  0.97693
-18.750 12.250  0.96364
-18.750 12.750  0.95014
-18.750 13.250  0.93646
-18.750 13.750  0.92266
-18.750 14.250  0.90881
-18.750 14.750  0.89496
-18.750 15.250  0.88118
-18.750 15.750  0.86752
-18.750 16.250  0.85405
-18.750 16.750  0.84084
-18.750 17.250  0.82795
-18.750 17.750  0.81546
-18.750 18.250  0.80342
-18.750 18.750  0.79191
-18.750 19.250  0.78098
-18.750 19.750  0.77070
-18.750 20.250  0.76112
-18.750 20.750  0.75230
-18.750 21.250  0.74427
-18.750 21.750  0.73709
-18.750 22.250  0.73078
-18.750 22.750  0.72539
-18.750 23.250  0.72092
-18.750 23.750  0.71739
-18.750 24.250  0.71482
-18.750 24.750  0.71320
-18.750 25.250  0.71254
-18.750 25.750  0.71282
-18.750 26.250  0.71403
-18.750 26.750  0.71613
-18.750 27.250  0.71912
-18.750 27.750  0.72296
-18.750 28.250  0.72761
-18.750 28.750  0.73304
-18.750 29.250  0.73921
-18.750 29.750  0.74608
-18.750 30.250  0.75362
-18.750 30.750  0.76177
-18.750 31.250  0.77049
-18.750 31.750  0.77976
-18.750 32.250  0.78952
-18.750 32.750  0.79974
-18.750 33.250  0.81039
-18.750 33.750  0.82142
-18.750 34.250  0.83282
-18.750 34.750  0.84454
-18.750 35.250  0.85656
-18.750 35.750  0.86885
-18.750 36.250  0.88140
-18.750 36.750  0.89417
-18.750 37.250  0.90716
-18.750 37.750  0.92034
-18.750 38.250  0.93371
-18.750 38.750  0.94724
-18.750 39.250  0.96093
-18.750 39.750  0.97478
-18.750 40.250  0.98876
-18.750 40.750  1.00289
-18.750 41.250  1.01715
-18.750 41.750  1.03154
-18.750 42.250  1.04606
-18.750 42.750  1.06071
-18.750 43.250  1.07549
-18.750 43.750  1.09041
-18.750 44.250  1.10546
-18.750 44.750  1.12065
-18.250 -44.750  1.13029
-18.250 -44.250  1.11509
-18.250 -43.750  1.10005
-18.250 -43.250  1.08515
-18.250 -42.750  1.07041
-18.250 -42.250  1.05580
-18.250 -41.750  1.04135
-18.250 -41.250  1.02703
-18.250 -40.750  1.01287
-18.250 -40.250  0.99886
-18.250 -39.750  0.98500
-18.250 -39.250  0.97130
-18.250 -38.750  0.95777
-18.250 -38.250  0.94442
-18.250 -37.750  0.93125
-18.250 -37.250  0.91829
-18.250 -36.750  0.90553
-18.250 -36.250  0.89300
-18.250 -35.750  0.88072
-18.250 -35.250  0.86870
-18.250 -34.750  0.85697
-18.250 -34.250  0.84556
-18.250 -33.750  0.83448
-18.250 -33.250  0.82376
-18.250 -32.750  0.81344
-18.250 -32.250  0.80354
-18.250 -31.750  0.79411
-18.250 -31.250  0.78517
-18.250 -30.750  0.77676
-18.250 -30.250  0.76891
-18.250 -29.750  0.76167
-18.250 -29.250  0.75506
-18.250 -28.750  0.74914
-18.250 -28.250  0.74392
-18.250 -27.750  0.73945
-18.250 -27.250  0.73575
-18.250 -26.750  0.73286
-18.250 -26.250  0.73079
-18.250 -25.750  0.72959
-18.250 -25.250  0.72925
-18.250 -24.750  0.72980
-18.250 -24.250  0.73123
-18.250 -23.750  0.73357
-18.250 -23.250  0.73679
-18.250 -22.750  0.74089
-18.250 -22.250  0.74587
-18.250 -21.750  0.75168
-18.250 -21.250  0.75832
-18.250 -20.750  0.76574
-18.250 -20.250  0.77391
-18.250 -19.750  0.78278
-18.250 -19.250  0.79231
-18.250 -18.750  0.80245
-18.250 -18.250  0.81314
-18.250 -17.750  0.82432
-18.250 -17.250  0.83594
-18.250 -16.750  0.84793
-18.250 -16.250  0.86024
-18.250 -15.750  0.87279
-18.250 -15.250  0.88554
-18.250 -14.750  0.89842
-18.250 -14.250  0.91137
-18.250 -13.750  0.92433
-18.250 -13.250  0.93726
-18.250 -12.750  0.95008
-18.250 -12.250  0.96276
-18.250 -11.750  0.97525
-18.250 -11.250  0.98750
-18.250 -10.750  0.99947
-18.250 -10.250  1.01112
-18.250 -9.750  1.02241
-18.250 -9.250  1.03331
-18.250 -8.750  1.04379
-18.250 -8.250  1.05382
-18.250 -7.750  1.06337
-18.250 -7.250  1.07243
-18.250 -6.750  1.08096
-18.250 -6.250  1.08896
-18.250 -5.750  1.09640
-18.250 -5.250  1.10326
-18.250 -4.750  1.10954
-18.250 -4.250  1.11523
-18.250 -3.750  1.12031
-18.250 -3.250  1.12477
-18.250 -2.750  1.12861
-18.250 -2.250  1.13182
-18.250 -1.750  1.13439
-18.250 -1.250  1.13632
-18.250 -0.750  1.13761
-18.250 -0.250  1.13826
-18.250 0.250  1.13826
-18.250 0.750  1.13761
-18.250 1.250  1.13632
-18.250 1.750  1.13439
-18.250 2.250  1.13182
-18.250 2.750  1.12861
-18.250 3.250  1.12477
-18.250 3.750  1.12031
-18.250 4.250  1.11523
-18.250 4.750  1.10954
-18.250 5.250  1.10326
-18.250 5.750  1.09640
-18.250 6.250  1.08896
-18.250 6.750  1.08096
-18.250 7.250  1.07243
-18.250 7.750  1.06337
-18.250 8.250  1.05382
-18.250 8.750  1.04379
-18.250 9.250  1.03331
-18.250 9.750  1.02241
-18.250 10.250  1.01112
-18.250 10.750  0.99947
-18.250 11.250  0.98750
-18.250 11.750  0.97525
-18.250 12.250  0.96276
-18.250 12.750  0.95008
-18.250 13.250  0.93726
-18.250 13.750  0.92433
-18.250 14.250  0.91137
-18.250 14.750  0.89842
-18.250 15.250  0.88554
-18.250 15.750  0.87279
-18.250 16.250  0.86024
-18.250 16.750  0.84793
-18.250 17.250  0.83594
-18.250 17.750  0.82432
-18.250 18.250  0.81314
-18.250 18.750  0.80245
-18.250 19.250  0.79231
-18.250 19.750  0.78278
-18.250 20.250  0.77391
-18.250 20.750  0.76574
-18.250 21.250  0.75832
-18.250 21.750  0.75168
-18.250 22.250  0.74587
-18.250 22.750  0.74089
-18.250 23.250  0.73679
-18.250 23.750  0.73357
-18.250 24.250  0.73123
-18.250 24.750  0.72980
-18.250 25.250  0.72925
-18.250 25.750  0.72959
-18.250 26.250  0.73079
-18.250 26.750  0.73286
-18.250 27.250  0.73575
-18.250 27.750  0.73945
-18.250 28.250  0.74392
-18.250 28.750  0.74914
-18.250 29.250  0.75506
-18.250 29.750  0.76167
-18.250 30.250  0.76891
-18.250 30.750  0.77676
-18.250 31.250  0.78517
-18.250 31.750  0.79411
-18.250 32.250  0.80354
-18.250 32.750  0.81344
-18.250 33.250  0.82376
-18.250 33.750  0.83448
-18.250 34.250  0.84556
-18.250 34.750  0.85697
-18.250 35.250  0.86870
-18.250 35.750  0.88072
-18.250 36.250  0.89300
-18.250 36.750  0.90553
-18.250 37.250  0.91829
-18.250 37.750  0.93125
-18.250 38.250  0.94442
-18.250 38.750  0.95777
-18.250 39.250  0.97130
-18.250 39.750  0.98500
-18.250 40.250  0.99886
-18.250 40.750  1.01287
-18.250 41.250  1.02703
-18.250 41.750  1.04135
-18.250 42.250  1.05580
-18.250 42.750  1.07041
-18.250 43.250  1.08515
-18.250 43.750  1.10005
-18.250 44.250  1.11509
-18.250 44.750  1.13029
-17.750 -44.750  1.13977
-17.750 -44.250  1.12457
-17.750 -43.750  1.10954
-17.750 -43.250  1.09467
-17.750 -42.750  1.07996
-17.750 -42.250  1.06540
-17.750 -41.750  1.05101
-17.750 -41.250  1.03678
-17.750 -40.750  1.02271
-17.750 -40.250  1.00880
-17.750 -39.750  0.99507
-17.750 -39.250  0.98151
-17.750 -38.750  0.96813
-17.750 -38.250  0.95495
-17.750 -37.750  0.94197
-17.750 -37.250  0.92920
-17.750 -36.750  0.91666
-17.750 -36.250  0.90436
-17.750 -35.750  0.89232
-17.750 -35.250  0.88056
-17.750 -34.750  0.86910
-17.750 -34.250  0.85796
-17.750 -33.750  0.84716
-17.750 -33.250  0.83674
-17.750 -32.750  0.82671
-17.750 -32.250  0.81711
-17.750 -31.750  0.80797
-17.750 -31.250  0.79932
-17.750 -30.750  0.79118
-17.750 -30.250  0.78361
-17.750 -29.750  0.77661
-17.750 -29.250  0.77024
-17.750 -28.750  0.76452
-17.750 -28.250  0.75948
-17.750 -27.750  0.75515
-17.750 -27.250  0.75157
-17.750 -26.750  0.74875
-17.750 -26.250  0.74671
-17.750 -25.750  0.74548
-17.750 -25.250  0.74507
-17.750 -24.750  0.74549
-17.750 -24.250  0.74675
-17.750 -23.750  0.74885
-17.750 -23.250  0.75178
-17.750 -22.750  0.75554
-17.750 -22.250  0.76010
-17.750 -21.750  0.76546
-17.750 -21.250  0.77158
-17.750 -20.750  0.77843
-17.750 -20.250  0.78599
-17.750 -19.750  0.79420
-17.750 -19.250  0.80303
-17.750 -18.750  0.81244
-17.750 -18.250  0.82236
-17.750 -17.750  0.83275
-17.750 -17.250  0.84355
-17.750 -16.750  0.85471
-17.750 -16.250  0.86617
-17.750 -15.750  0.87788
-17.750 -15.250  0.88978
-17.750 -14.750  0.90181
-17.750 -14.250  0.91392
-17.750 -13.750  0.92605
-17.750 -13.250  0.93815
-17.750 -12.750  0.95018
-17.750 -12.250  0.96208
-17.750 -11.750  0.97381
-17.750 -11.250  0.98532
-17.750 -10.750  0.99659
-17.750 -10.250  1.00756
-17.750 -9.750  1.01820
-17.750 -9.250  1.02849
-17.750 -8.750  1.03839
-17.750 -8.250  1.04786
-17.750 -7.750  1.05690
-17.750 -7.250  1.06547
-17.750 -6.750  1.07355
-17.750 -6.250  1.08113
-17.750 -5.750  1.08819
-17.750 -5.250  1.09470
-17.750 -4.750  1.10067
-17.750 -4.250  1.10606
-17.750 -3.750  1.11089
-17.750 -3.250  1.11513
-17.750 -2.750  1.11878
-17.750 -2.250  1.12183
-17.750 -1.750  1.12428
-17.750 -1.250  1.12611
-17.750 -0.750  1.12734
-17.750 -0.250  1.12796
-17.750 0.250  1.12796
-17.750 0.750  1.12734
-17.750 1.250  1.12611
-17.750 1.750  1.12428
-17.750 2.250  1.12183
-17.750 2.750  1.11878
-17.750 3.250  1.11513
-17.750 3.750  1.11089
-17.750 4.250  1.10606
-17.750 4.750  1.10067
-17.750 5.250  1.09470
-17.750 5.750  1.08819
-17.750 6.250  1.08113
-17.750 6.750  1.07355
-17.750 7.250  1.06547
-17.750 7.750  1.05690
-17.750 8.250  1.04786
-17.750 8.750  1.03839
-17.750 9.250  1.02849
-17.750 9.750  1.01820
-17.750 10.250  1.00756
-17.750 10.750  0.99659
-17.750 11.250  0.98532
-17.750 11.750  0.97381
-17.750 12.250  0.96208
-17.750 12.750  0.95018
-17.750 13.250  0.93815
-17.750 13.750  0.92605
-17.750 14.250  0.91392
-17.750 14.750  0.90181
-17.750 15.250  0.88978
-17.750 15.750  0.87788
-17.750 16.250  0.86617
-17.750 16.750  0.85471
-17.750 17.250  0.84355
-17.750 17.750  0.83275
-17.750 18.250  0.82236
-17.750 18.750  0.81244
-17.750 19.250  0.80303
-17.750 19.750  0.79420
-17.750 20.250  0.78599
-17.750 20.750  0.77843
-17.750 21.250  0.77158
-17.750 21.750  0.76546
-17.750 22.250  0.76010
-17.750 22.750  0.75554
-17.750 23.250  0.75178
-17.750 23.750  0.74885
-17.750 24.250  0.74675
-17.750 24.750  0.74549
-17.750 25.250  0.74507
-17.750 25.750  0.74548
-17.750 26.250  0.74671
-17.750 26.750  0.74875
-17.750 27.250  0.75157
-17.750 27.750  0.75515
-17.750 28.250  0.75948
-17.750 28.750  0.76452
-17.750 29.250  0.77024
-17.750 29.750  0.77661
-17.750 30.250  0.78361
-17.750 30.750  0.79118
-17.750 31.250  0.79932
-17.750 31.750  0.80797
-17.750 32.250  0.81711
-17.750 32.750  0.82671
-17.750 33.250  0.83674
-17.750 33.750  0.84716
-17.750 34.250  0.85796
-17.750 34.750  0.86910
-17.750 35.250  0.88056
-17.750 35.750  0.89232
-17.750 36.250  0.90436
-17.750 36.750  0.91666
-17.750 37.250  0.92920
-17.750 37.750  0.94197
-17.750 38.250  0.95495
-17.750 38.750  0.96813
-17.750 39.250  0.98151
-17.750 39.750  0.99507
-17.750 40.250  1.00880
-17.750 40.750  1.02271
-17.750 41.250  1.03678
-17.750 41.750  1.05101
-17.750 42.250  1.06540
-17.750 42.750  1.07996
-17.750 43.250  1.09467
-17.750 43.750  1.10954
-17.750 44.250  1.12457
-17.750 44.750  1.13977
-17.250 -44.750  1.14909
-17.250 -44.250  1.13389
-17.250 -43.750  1.11887
-17.250 -43.250  1.10403
-17.250 -42.750  1.08935
-17.250 -42.250  1.07485
-17.250 -41.750  1.06051
-17.250 -41.250  1.04636
-17.250 -40.750  1.03237
-17.250 -40.250  1.01857
-17.250 -39.750  1.00495
-17.250 -39.250  0.99153
-17.250 -38.750  0.97830
-17.250 -38.250  0.96527
-17.250 -37.750  0.95247
-17.250 -37.250  0.93989
-17.250 -36.750  0.92755
-17.250 -36.250  0.91546
-17.250 -35.750  0.90365
-17.250 -35.250  0.89212
-17.250 -34.750  0.88090
-17.250 -34.250  0.87002
-17.250 -33.750  0.85948
-17.250 -33.250  0.84932
-17.250 -32.750  0.83955
-17.250 -32.250  0.83022
-17.250 -31.750  0.82134
-17.250 -31.250  0.81294
-17.250 -30.750  0.80506
-17.250 -30.250  0.79771
-17.250 -29.750  0.79094
-17.250 -29.250  0.78477
-17.250 -28.750  0.77922
-17.250 -28.250  0.77433
-17.250 -27.750  0.77012
-17.250 -27.250  0.76662
-17.250 -26.750  0.76385
-17.250 -26.250  0.76182
-17.250 -25.750  0.76055
-17.250 -25.250  0.76006
-17.250 -24.750  0.76035
-17.250 -24.250  0.76143
-17.250 -23.750  0.76330
-17.250 -23.250  0.76595
-17.250 -22.750  0.76937
-17.250 -22.250  0.77355
-17.250 -21.750  0.77847
-17.250 -21.250  0.78410
-17.250 -20.750  0.79043
-17.250 -20.250  0.79741
-17.250 -19.750  0.80501
-17.250 -19.250  0.81319
-17.250 -18.750  0.82190
-17.250 -18.250  0.83111
-17.250 -17.750  0.84076
-17.250 -17.250  0.85080
-17.250 -16.750  0.86119
-17.250 -16.250  0.87187
-17.250 -15.750  0.88278
-17.250 -15.250  0.89388
-17.250 -14.750  0.90512
-17.250 -14.250  0.91644
-17.250 -13.750  0.92779
-17.250 -13.250  0.93912
-17.250 -12.750  0.95039
-17.250 -12.250  0.96156
-17.250 -11.750  0.97258
-17.250 -11.250  0.98340
-17.250 -10.750  0.99400
-17.250 -10.250  1.00433
-17.250 -9.750  1.01436
-17.250 -9.250  1.02406
-17.250 -8.750  1.03340
-17.250 -8.250  1.04236
-17.250 -7.750  1.05090
-17.250 -7.250  1.05900
-17.250 -6.750  1.06665
-17.250 -6.250  1.07383
-17.250 -5.750  1.08052
-17.250 -5.250  1.08669
-17.250 -4.750  1.09235
-17.250 -4.250  1.09747
-17.250 -3.750  1.10205
-17.250 -3.250  1.10608
-17.250 -2.750  1.10955
-17.250 -2.250  1.11245
-17.250 -1.750  1.11477
-17.250 -1.250  1.11652
-17.250 -0.750  1.11769
-17.250 -0.250  1.11827
-17.250 0.250  1.11827
-17.250 0.750  1.11769
-17.250 1.250  1.11652
-17.250 1.750  1.11477
-17.250 2.250  1.11245
-17.250 2.750  1.10955
-17.250 3.250  1.10608
-17.250 3.750  1.10205
-17.250 4.250  1.09747
-17.250 4.750  1.09235
-17.250 5.250  1.08669
-17.250 5.750  1.08052
-17.250 6.250  1.07383
-17.250 6.750  1.06665
-17.250 7.250  1.05900
-17.250 7.750  1.05090
-17.250 8.250  1.04236
-17.250 8.750  1.03340
-17.250 9.250  1.02406
-17.250 9.750  1.01436
-17.250 10.250  1.00433
-17.250 10.750  0.99400
-17.250 11.250  0.98340
-17.250 11.750  0.97258
-17.250 12.250  0.96156
-17.250 12.750  0.95039
-17.250 13.250  0.93912
-17.250 13.750  0.92779
-17.250 14.250  0.91644
-17.250 14.750  0.90512
-17.250 15.250  0.89388
-17.250 15.750  0.88278
-17.250 16.250  0.87187
-17.250 16.750  0.86119
-17.250 17.250  0.85080
-17.250 17.750  0.84076
-17.250 18.250  0.83111
-17.250 18.750  0.82190
-17.250 19.250  0.81319
-17.250 19.750  0.80501
-17.250 20.250  0.79741
-17.250 20.750  0.79043
-17.250 21.250  0.78410
-17.250 21.750  0.77847
-17.250 22.250  0.77355
-17.250 22.750  0.76937
-17.250 23.250  0.76595
-17.250 23.750  0.76330
-17.250 24.250  0.76143
-17.250 24.750  0.76035
-17.250 25.250  0.76006
-17.250 25.750  0.76055
-17.250 26.250  0.76182
-17.250 26.750  0.76385
-17.250 27.250  0.76662
-17.250 27.750  0.77012
-17.250 28.250  0.77433
-17.250 28.750  0.77922
-17.250 29.250  0.78477
-17.250 29.750  0.79094
-17.250 30.250  0.79771
-17.250 30.750  0.80506
-17.250 31.250  0.81294
-17.250 31.750  0.82134
-17.250 32.250  0.83022
-17.250 32.750  0.83955
-17.250 33.250  0.84932
-17.250 33.750  0.85948
-17.250 34.250  0.87002
-17.250 34.750  0.88090
-17.250 35.250  0.89212
-17.250 35.750  0.90365
-17.250 36.250  0.91546
-17.250 36.750  0.92755
-17.250 37.250  0.93989
-17.250 37.750  0.95247
-17.250 38.250  0.96527
-17.250 38.750  0.97830
-17.250 39.250  0.99153
-17.250 39.750  1.00495
-17.250 40.250  1.01857
-17.250 40.750  1.03237
-17.250 41.250  1.04636
-17.250 41.750  1.06051
-17.250 42.250  1.07485
-17.250 42.750  1.08935
-17.250 43.250  1.10403
-17.250 43.750  1.11887
-17.250 44.250  1.13389
-17.250 44.750  1.14909
-16.750 -44.750  1.15823
-16.750 -44.250  1.14304
-16.750 -43.750  1.12803
-16.750 -43.250  1.11321
-16.750 -42.750  1.09857
-16.750 -42.250  1.08412
-16.750 -41.750  1.06984
-16.750 -41.250  1.05576
-16.750 -40.750  1.04186
-16.750 -40.250  1.02816
-16.750 -39.750  1.01465
-16.750 -39.250  1.00135
-16.750 -38.750  0.98826
-16.750 -38.250  0.97538
-16.750 -37.750  0.96274
-16.750 -37.250  0.95033
-16.750 -36.750  0.93818
-16.750 -36.250  0.92629
-16.750 -35.750  0.91468
-16.750 -35.250  0.90337
-16.750 -34.750  0.89238
-16.750 -34.250  0.88172
-16.750 -33.750  0.87142
-16.750 -33.250  0.86150
-16.750 -32.750  0.85197
-16.750 -32.250  0.84287
-16.750 -31.750  0.83423
-16.750 -31.250  0.82606
-16.750 -30.750  0.81839
-16.750 -30.250  0.81125
-16.750 -29.750  0.80466
-16.750 -29.250  0.79866
-16.750 -28.750  0.79327
-16.750 -28.250  0.78850
-16.750 -27.750  0.78439
-16.750 -27.250  0.78095
-16.750 -26.750  0.77820
-16.750 -26.250  0.77616
-16.750 -25.750  0.77485
-16.750 -25.250  0.77427
-16.750 -24.750  0.77443
-16.750 -24.250  0.77532
-16.750 -23.750  0.77696
-16.750 -23.250  0.77934
-16.750 -22.750  0.78244
-16.750 -22.250  0.78625
-16.750 -21.750  0.79076
-16.750 -21.250  0.79594
-16.750 -20.750  0.80176
-16.750 -20.250  0.80821
-16.750 -19.750  0.81523
-16.750 -19.250  0.82280
-16.750 -18.750  0.83088
-16.750 -18.250  0.83942
-16.750 -17.750  0.84838
-16.750 -17.250  0.85772
-16.750 -16.750  0.86738
-16.750 -16.250  0.87732
-16.750 -15.750  0.88750
-16.750 -15.250  0.89785
-16.750 -14.750  0.90834
-16.750 -14.250  0.91892
-16.750 -13.750  0.92954
-16.750 -13.250  0.94016
-16.750 -12.750  0.95072
-16.750 -12.250  0.96120
-16.750 -11.750  0.97154
-16.750 -11.250  0.98171
-16.750 -10.750  0.99168
-16.750 -10.250  1.00140
-16.750 -9.750  1.01085
-16.750 -9.250  1.01999
-16.750 -8.750  1.02881
-16.750 -8.250  1.03726
-16.750 -7.750  1.04533
-16.750 -7.250  1.05299
-16.750 -6.750  1.06023
-16.750 -6.250  1.06702
-16.750 -5.750  1.07335
-16.750 -5.250  1.07921
-16.750 -4.750  1.08457
-16.750 -4.250  1.08943
-16.750 -3.750  1.09377
-16.750 -3.250  1.09759
-16.750 -2.750  1.10088
-16.750 -2.250  1.10364
-16.750 -1.750  1.10584
-16.750 -1.250  1.10751
-16.750 -0.750  1.10861
-16.750 -0.250  1.10917
-16.750 0.250  1.10917
-16.750 0.750  1.10861
-16.750 1.250  1.10751
-16.750 1.750  1.10584
-16.750 2.250  1.10364
-16.750 2.750  1.10088
-16.750 3.250  1.09759
-16.750 3.750  1.09377
-16.750 4.250  1.08943
-16.750 4.750  1.08457
-16.750 5.250  1.07921
-16.750 5.750  1.07335
-16.750 6.250  1.06702
-16.750 6.750  1.06023
-16.750 7.250  1.05299
-16.750 7.750  1.04533
-16.750 8.250  1.03726
-16.750 8.750  1.02881
-16.750 9.250  1.01999
-16.750 9.750  1.01085
-16.750 10.250  1.00140
-16.750 10.750  0.99168
-16.750 11.250  0.98171
-16.750 11.750  0.97154
-16.750 12.250  0.96120
-16.750 12.750  0.95072
-16.750 13.250  0.94016
-16.750 13.750  0.92954
-16.750 14.250  0.91892
-16.750 14.750  0.90834
-16.750 15.250  0.89785
-16.750 15.750  0.88750
-16.750 16.250  0.87732
-16.750 16.750  0.86738
-16.750 17.250  0.85772
-16.750 17.750  0.84838
-16.750 18.250  0.83942
-16.750 18.750  0.83088
-16.750 19.250  0.82280
-16.750 19.750  0.81523
-16.750 20.250  0.80821
-16.750 20.750  0.80176
-16.750 21.250  0.79594
-16.750 21.750  0.79076
-16.750 22.250  0.78625
-16.750 22.750  0.78244
-16.750 23.250  0.77934
-16.750 23.750  0.77696
-16.750 24.250  0.77532
-16.750 24.750  0.77443
-16.750 25.250  0.77427
-16.750 25.750  0.77485
-16.750 26.250  0.77616
-16.750 26.750  0.77820
-16.750 27.250  0.78095
-16.750 27.750  0.78439
-16.750 28.250  0.78850
-16.750 28.750  0.79327
-16.750 29.250  0.79866
-16.750 29.750  0.80466
-16.750 30.250  0.81125
-16.750 30.750  0.81839
-16.750 31.250  0.82606
-16.750 31.750  0.83423
-16.750 32.250  0.84287
-16.750 32.750  0.85197
-16.750 33.250  0.86150
-16.750 33.750  0.87142
-16.750 34.250  0.88172
-16.750 34.750  0.89238
-16.750 35.250  0.90337
-16.750 35.750  0.91468
-16.750 36.250  0.92629
-16.750 36.750  0.93818
-16.750 37.250  0.95033
-16.750 37.750  0.96274
-16.750 38.250  0.97538
-16.750 38.750  0.98826
-16.750 39.250  1.00135
-16.750 39.750  1.01465
-16.750 40.250  1.02816
-16.750 40.750  1.04186
-16.750 41.250  1.05576
-16.750 41.750  1.06984
-16.750 42.250  1.08412
-16.750 42.750  1.09857
-16.750 43.250  1.11321
-16.750 43.750  1.12803
-16.750 44.250  1.14304
-16.750 44.750  1.15823
-16.250 -44.750  1.16718
-16.250 -44.250  1.15200
-16.250 -43.750  1.13701
-16.250 -43.250  1.12221
-16.250 -42.750  1.10761
-16.250 -42.250  1.09320
-16.250 -41.750  1.07899
-16.250 -41.250  1.06497
-16.250 -40.750  1.05116
-16.250 -40.250  1.03755
-16.250 -39.750  1.02415
-16.250 -39.250  1.01096
-16.250 -38.750  0.99800
-16.250 -38.250  0.98527
-16.250 -37.750  0.97277
-16.250 -37.250  0.96053
-16.250 -36.750  0.94855
-16.250 -36.250  0.93684
-16.250 -35.750  0.92542
-16.250 -35.250  0.91431
-16.250 -34.750  0.90352
-16.250 -34.250  0.89307
-16.250 -33.750  0.88298
-16.250 -33.250  0.87327
-16.250 -32.750  0.86396
-16.250 -32.250  0.85508
-16.250 -31.750  0.84664
-16.250 -31.250  0.83867
-16.250 -30.750  0.83119
-16.250 -30.250  0.82423
-16.250 -29.750  0.81781
-16.250 -29.250  0.81195
-16.250 -28.750  0.80668
-16.250 -28.250  0.80201
-16.250 -27.750  0.79797
-16.250 -27.250  0.79458
-16.250 -26.750  0.79185
-16.250 -26.250  0.78979
-16.250 -25.750  0.78841
-16.250 -25.250  0.78774
-16.250 -24.750  0.78775
-16.250 -24.250  0.78847
-16.250 -23.750  0.78989
-16.250 -23.250  0.79200
-16.250 -22.750  0.79480
-16.250 -22.250  0.79826
-16.250 -21.750  0.80238
-16.250 -21.250  0.80713
-16.250 -20.750  0.81248
-16.250 -20.250  0.81842
-16.250 -19.750  0.82491
-16.250 -19.250  0.83191
-16.250 -18.750  0.83939
-16.250 -18.250  0.84731
-16.250 -17.750  0.85562
-16.250 -17.250  0.86430
-16.250 -16.750  0.87329
-16.250 -16.250  0.88255
-16.250 -15.750  0.89203
-16.250 -15.250  0.90169
-16.250 -14.750  0.91148
-16.250 -14.250  0.92137
-16.250 -13.750  0.93130
-16.250 -13.250  0.94124
-16.250 -12.750  0.95114
-16.250 -12.250  0.96096
-16.250 -11.750  0.97067
-16.250 -11.250  0.98023
-16.250 -10.750  0.98959
-16.250 -10.250  0.99874
-16.250 -9.750  1.00764
-16.250 -9.250  1.01626
-16.250 -8.750  1.02457
-16.250 -8.250  1.03255
-16.250 -7.750  1.04017
-16.250 -7.250  1.04741
-16.250 -6.750  1.05425
-16.250 -6.250  1.06068
-16.250 -5.750  1.06667
-16.250 -5.250  1.07221
-16.250 -4.750  1.07729
-16.250 -4.250  1.08189
-16.250 -3.750  1.08601
-16.250 -3.250  1.08964
-16.250 -2.750  1.09276
-16.250 -2.250  1.09537
-16.250 -1.750  1.09747
-16.250 -1.250  1.09904
-16.250 -0.750  1.10009
-16.250 -0.250  1.10062
-16.250 0.250  1.10062
-16.250 0.750  1.10009
-16.250 1.250  1.09904
-16.250 1.750  1.09747
-16.250 2.250  1.09537
-16.250 2.750  1.09276
-16.250 3.250  1.08964
-16.250 3.750  1.08601
-16.250 4.250  1.08189
-16.250 4.750  1.07729
-16.250 5.250  1.07221
-16.250 5.750  1.06667
-16.250 6.250  1.06068
-16.250 6.750  1.05425
-16.250 7.250  1.04741
-16.250 7.750  1.04017
-16.250 8.250  1.03255
-16.250 8.750  1.02457
-16.250 9.250  1.01626
-16.250 9.750  1.00764
-16.250 10.250  0.99874
-16.250 10.750  0.98959
-16.250 11.250  0.98023
-16.250 11.750  0.97067
-16.250 12.250  0.96096
-16.250 12.750  0.95114
-16.250 13.250  0.94124
-16.250 13.750  0.93130
-16.250 14.250  0.92137
-16.250 14.750  0.91148
-16.250 15.250  0.90169
-16.250 15.750  0.89203
-16.250 16.250  0.88255
-16.250 16.750  0.87329
-16.250 17.250  0.86430
-16.250 17.750  0.85562
-16.250 18.250  0.84731
-16.250 18.750  0.83939
-16.250 19.250  0.83191
-16.250 19.750  0.82491
-16.250 20.250  0.81842
-16.250 20.750  0.81248
-16.250 21.250  0.80713
-16.250 21.750  0.80238
-16.250 22.250  0.79826
-16.250 22.750  0.79480
-16.250 23.250  0.79200
-16.250 23.750  0.78989
-16.250 24.250  0.78847
-16.250 24.750  0.78775
-16.250 25.250  0.78774
-16.250 25.750  0.78841
-16.250 26.250  0.78979
-16.250 26.750  0.79185
-16.250 27.250  0.79458
-16.250 27.750  0.79797
-16.250 28.250  0.80201
-16.250 28.750  0.80668
-16.250 29.250  0.81195
-16.250 29.750  0.81781
-16.250 30.250  0.82423
-16.250 30.750  0.83119
-16.250 31.250  0.83867
-16.250 31.750  0.84664
-16.250 32.250  0.85508
-16.250 32.750  0.86396
-16.250 33.250  0.87327
-16.250 33.750  0.88298
-16.250 34.250  0.89307
-16.250 34.750  0.90352
-16.250 35.250  0.91431
-16.250 35.750  0.92542
-16.250 36.250  0.93684
-16.250 36.750  0.94855
-16.250 37.250  0.96053
-16.250 37.750  0.97277
-16.250 38.250  0.98527
-16.250 38.750  0.99800
-16.250 39.250  1.01096
-16.250 39.750  1.02415
-16.250 40.250  1.03755
-16.250 40.750  1.05116
-16.250 41.250  1.06497
-16.250 41.750  1.07899
-16.250 42.250  1.09320
-16.250 42.750  1.10761
-16.250 43.250  1.12221
-16.250 43.750  1.13701
-16.250 44.250  1.15200
-16.250 44.750  1.16718
-15.750 -44.750  1.17594
-15.750 -44.250  1.16076
-15.750 -43.750  1.14579
-15.750 -43.250  1.13102
-15.750 -42.750  1.11645
-15.750 -42.250  1.10209
-15.750 -41.750  1.08793
-15.750 -41.250  1.07399
-15.750 -40.750  1.06025
-15.750 -40.250  1.04673
-15.750 -39.750  1.03343
-15.750 -39.250  1.02035
-15.750 -38.750  1.00751
-15.750 -38.250  0.99491
-15.750 -37.750  0.98255
-15.750 -37.250  0.97046
-15.750 -36.750  0.95864
-15.750 -36.250  0.94710
-15.750 -35.750  0.93586
-15.750 -35.250  0.92493
-15.750 -34.750  0.91432
-15.750 -34.250  0.90406
-15.750 -33.750  0.89417
-15.750 -33.250  0.88465
-15.750 -32.750  0.87553
-15.750 -32.250  0.86684
-15.750 -31.750  0.85858
-15.750 -31.250  0.85079
-15.750 -30.750  0.84348
-15.750 -30.250  0.83667
-15.750 -29.750  0.83039
-15.750 -29.250  0.82466
-15.750 -28.750  0.81949
-15.750 -28.250  0.81490
-15.750 -27.750  0.81092
-15.750 -27.250  0.80755
-15.750 -26.750  0.80482
-15.750 -26.250  0.80273
-15.750 -25.750  0.80129
-15.750 -25.250  0.80050
-15.750 -24.750  0.80038
-15.750 -24.250  0.80093
-15.750 -23.750  0.80213
-15.750 -23.250  0.80398
-15.750 -22.750  0.80649
-15.750 -22.250  0.80962
-15.750 -21.750  0.81336
-15.750 -21.250  0.81771
-15.750 -20.750  0.82262
-15.750 -20.250  0.82809
-15.750 -19.750  0.83407
-15.750 -19.250  0.84054
-15.750 -18.750  0.84746
-15.750 -18.250  0.85479
-15.750 -17.750  0.86251
-15.750 -17.250  0.87057
-15.750 -16.750  0.87893
-15.750 -16.250  0.88754
-15.750 -15.750  0.89638
-15.750 -15.250  0.90539
-15.750 -14.750  0.91453
-15.750 -14.250  0.92377
-15.750 -13.750  0.93306
-15.750 -13.250  0.94236
-15.750 -12.750  0.95163
-15.750 -12.250  0.96084
-15.750 -11.750  0.96995
-15.750 -11.250  0.97893
-15.750 -10.750  0.98773
-15.750 -10.250  0.99634
-15.750 -9.750  1.00472
-15.750 -9.250  1.01283
-15.750 -8.750  1.02067
-15.750 -8.250  1.02819
-15.750 -7.750  1.03538
-15.750 -7.250  1.04222
-15.750 -6.750  1.04869
-15.750 -6.250  1.05476
-15.750 -5.750  1.06043
-15.750 -5.250  1.06568
-15.750 -4.750  1.07049
-15.750 -4.250  1.07485
-15.750 -3.750  1.07875
-15.750 -3.250  1.08219
-15.750 -2.750  1.08514
-15.750 -2.250  1.08762
-15.750 -1.750  1.08961
-15.750 -1.250  1.09110
-15.750 -0.750  1.09210
-15.750 -0.250  1.09260
-15.750 0.250  1.09260
-15.750 0.750  1.09210
-15.750 1.250  1.09110
-15.750 1.750  1.08961
-15.750 2.250  1.08762
-15.750 2.750  1.08514
-15.750 3.250  1.08219
-15.750 3.750  1.07875
-15.750 4.250  1.07485
-15.750 4.750  1.07049
-15.750 5.250  1.06568
-15.750 5.750  1.06043
-15.750 6.250  1.05476
-15.750 6.750  1.04869
-15.750 7.250  1.04222
-15.750 7.750  1.03538
-15.750 8.250  1.02819
-15.750 8.750  1.02067
-15.750 9.250  1.01283
-15.750 9.750  1.00472
-15.750 10.250  0.99634
-15.750 10.750  0.98773
-15.750 11.250  0.97893
-15.750 11.750  0.96995
-15.750 12.250  0.96084
-15.750 12.750  0.95163
-15.750 13.250  0.94236
-15.750 13.750  0.93306
-15.750 14.250  0.92377
-15.750 14.750  0.91453
-15.750 15.250  0.90539
-15.750 15.750  0.89638
-15.750 16.250  0.88754
-15.750 16.750  0.87893
-15.750 17.250  0.87057
-15.750 17.750  0.86251
-15.750 18.250  0.85479
-15.750 18.750  0.84746
-15.750 19.250  0.84054
-15.750 19.750  0.83407
-15.750 20.250  0.82809
-15.750 20.750  0.82262
-15.750 21.250  0.81771
-15.750 21.750  0.81336
-15.750 22.250  0.80962
-15.750 22.750  0.80649
-15.750 23.250  0.80398
-15.750 23.750  0.80213
-15.750 24.250  0.80093
-15.750 24.750  0.80038
-15.750 25.250  0.80050
-15.750 25.750  0.80129
-15.750 26.250  0.80273
-15.750 26.750  0.80482
-15.750 27.250  0.80755
-15.750 27.750  0.81092
-15.750 28.250  0.81490
-15.750 28.750  0.81949
-15.750 29.250  0.82466
-15.750 29.750  0.83039
-15.750 30.250  0.83667
-15.750 30.750  0.84348
-15.750 31.250  0.85079
-15.750 31.750  0.85858
-15.750 32.250  0.86684
-15.750 32.750  0.87553
-15.750 33.250  0.88465
-15.750 33.750  0.89417
-15.750 34.250  0.90406
-15.750 34.750  0.91432
-15.750 35.250  0.92493
-15.750 35.750  0.93586
-15.750 36.250  0.94710
-15.750 36.750  0.95864
-15.750 37.250  0.97046
-15.750 37.750  0.98255
-15.750 38.250  0.99491
-15.750 38.750  1.00751
-15.750 39.250  1.02035
-15.750 39.750  1.03343
-15.750 40.250  1.04673
-15.750 40.750  1.06025
-15.750 41.250  1.07399
-15.750 41.750  1.08793
-15.750 42.250  1.10209
-15.750 42.750  1.11645
-15.750 43.250  1.13102
-15.750 43.750  1.14579
-15.750 44.250  1.16076
-15.750 44.750  1.17594
-15.250 -44.750  1.18449
-15.250 -44.250  1.16932
-15.250 -43.750  1.15437
-15.250 -43.250  1.13962
-15.250 -42.750  1.12509
-15.250 -42.250  1.11077
-15.250 -41.750  1.09667
-15.250 -41.250  1.08279
-15.250 -40.750  1.06913
-15.250 -40.250  1.05569
-15.250 -39.750  1.04248
-15.250 -39.250  1.02951
-15.250 -38.750  1.01678
-15.250 -38.250  1.00430
-15.250 -37.750  0.99208
-15.250 -37.250  0.98012
-15.250 -36.750  0.96845
-15.250 -36.250  0.95706
-15.250 -35.750  0.94598
-15.250 -35.250  0.93522
-15.250 -34.750  0.92478
-15.250 -34.250  0.91469
-15.250 -33.750  0.90497
-15.250 -33.250  0.89563
-15.250 -32.750  0.88668
-15.250 -32.250  0.87815
-15.250 -31.750  0.87006
-15.250 -31.250  0.86242
-15.250 -30.750  0.85526
-15.250 -30.250  0.84859
-15.250 -29.750  0.84242
-15.250 -29.250  0.83679
-15.250 -28.750  0.83171
-15.250 -28.250  0.82719
-15.250 -27.750  0.82324
-15.250 -27.250  0.81989
-15.250 -26.750  0.81714
-15.250 -26.250  0.81501
-15.250 -25.750  0.81350
-15.250 -25.250  0.81261
-15.250 -24.750  0.81235
-15.250 -24.250  0.81272
-15.250 -23.750  0.81371
-15.250 -23.250  0.81532
-15.250 -22.750  0.81754
-15.250 -22.250  0.82036
-15.250 -21.750  0.82376
-15.250 -21.250  0.82772
-15.250 -20.750  0.83222
-15.250 -20.250  0.83723
-15.250 -19.750  0.84274
-15.250 -19.250  0.84871
-15.250 -18.750  0.85511
-15.250 -18.250  0.86190
-15.250 -17.750  0.86906
-15.250 -17.250  0.87654
-15.250 -16.750  0.88431
-15.250 -16.250  0.89233
-15.250 -15.750  0.90056
-15.250 -15.250  0.90896
-15.250 -14.750  0.91749
-15.250 -14.250  0.92612
-15.250 -13.750  0.93480
-15.250 -13.250  0.94351
-15.250 -12.750  0.95219
-15.250 -12.250  0.96083
-15.250 -11.750  0.96937
-15.250 -11.250  0.97780
-15.250 -10.750  0.98607
-15.250 -10.250  0.99417
-15.250 -9.750  1.00205
-15.250 -9.250  1.00969
-15.250 -8.750  1.01707
-15.250 -8.250  1.02417
-15.250 -7.750  1.03095
-15.250 -7.250  1.03741
-15.250 -6.750  1.04352
-15.250 -6.250  1.04926
-15.250 -5.750  1.05462
-15.250 -5.250  1.05958
-15.250 -4.750  1.06413
-15.250 -4.250  1.06826
-15.250 -3.750  1.07196
-15.250 -3.250  1.07521
-15.250 -2.750  1.07801
-15.250 -2.250  1.08036
-15.250 -1.750  1.08224
-15.250 -1.250  1.08366
-15.250 -0.750  1.08461
-15.250 -0.250  1.08508
-15.250 0.250  1.08508
-15.250 0.750  1.08461
-15.250 1.250  1.08366
-15.250 1.750  1.08224
-15.250 2.250  1.08036
-15.250 2.750  1.07801
-15.250 3.250  1.07521
-15.250 3.750  1.07196
-15.250 4.250  1.06826
-15.250 4.750  1.06413
-15.250 5.250  1.05958
-15.250 5.750  1.05462
-15.250 6.250  1.04926
-15.250 6.750  1.04352
-15.250 7.250  1.03741
-15.250 7.750  1.03095
-15.250 8.250  1.02417
-15.250 8.750  1.01707
-15.250 9.250  1.00969
-15.250 9.750  1.00205
-15.250 10.250  0.99417
-15.250 10.750  0.98607
-15.250 11.250  0.97780
-15.250 11.750  0.96937
-15.250 12.250  0.96083
-15.250 12.750  0.95219
-15.250 13.250  0.94351
-15.250 13.750  0.93480
-15.250 14.250  0.92612
-15.250 14.750  0.91749
-15.250 15.250  0.90896
-15.250 15.750  0.90056
-15.250 16.250  0.89233
-15.250 16.750  0.88431
-15.250 17.250  0.87654
-15.250 17.750  0.86906
-15.250 18.250  0.86190
-15.250 18.750  0.85511
-15.250 19.250  0.84871
-15.250 19.750  0.84274
-15.250 20.250  0.83723
-15.250 20.750  0.83222
-15.250 21.250  0.82772
-15.250 21.750  0.82376
-15.250 22.250  0.82036
-15.250 22.750  0.81754
-15.250 23.250  0.81532
-15.250 23.750  0.81371
-15.250 24.250  0.81272
-15.250 24.750  0.81235
-15.250 25.250  0.81261
-15.250 25.750  0.81350
-15.250 26.250  0.81501
-15.250 26.750  0.81714
-15.250 27.250  0.81989
-15.250 27.750  0.82324
-15.250 28.250  0.82719
-15.250 28.750  0.83171
-15.250 29.250  0.83679
-15.250 29.750  0.84242
-15.250 30.250  0.84859
-15.250 30.750  0.85526
-15.250 31.250  0.86242
-15.250 31.750  0.87006
-15.250 32.250  0.87815
-15.250 32.750  0.88668
-15.250 33.250  0.89563
-15.250 33.750  0.90497
-15.250 34.250  0.91469
-15.250 34.750  0.92478
-15.250 35.250  0.93522
-15.250 35.750  0.94598
-15.250 36.250  0.95706
-15.250 36.750  0.96845
-15.250 37.250  0.98012
-15.250 37.750  0.99208
-15.250 38.250  1.00430
-15.250 38.750  1.01678
-15.250 39.250  1.02951
-15.250 39.750  1.04248
-15.250 40.250  1.05569
-15.250 40.750  1.06913
-15.250 41.250  1.08279
-15.250 41.750  1.09667
-15.250 42.250  1.11077
-15.250 42.750  1.12509
-15.250 43.250  1.13962
-15.250 43.750  1.15437
-15.250 44.250  1.16932
-15.250 44.750  1.18449
-14.750 -44.750  1.19283
-14.750 -44.250  1.17767
-14.750 -43.750  1.16273
-14.750 -43.250  1.14801
-14.750 -42.750  1.13352
-14.750 -42.250  1.11924
-14.750 -41.750  1.10519
-14.750 -41.250  1.09137
-14.750 -40.750  1.07778
-14.750 -40.250  1.06442
-14.750 -39.750  1.05130
-14.750 -39.250  1.03843
-14.750 -38.750  1.02580
-14.750 -38.250  1.01343
-14.750 -37.750  1.00133
-14.750 -37.250  0.98951
-14.750 -36.750  0.97797
-14.750 -36.250  0.96672
-14.750 -35.750  0.95579
-14.750 -35.250  0.94517
-14.750 -34.750  0.93489
-14.750 -34.250  0.92496
-14.750 -33.750  0.91539
-14.750 -33.250  0.90621
-14.750 -32.750  0.89741
-14.750 -32.250  0.88904
-14.750 -31.750  0.88109
-14.750 -31.250  0.87358
-14.750 -30.750  0.86655
-14.750 -30.250  0.85999
-14.750 -29.750  0.85393
-14.750 -29.250  0.84838
-14.750 -28.750  0.84337
-14.750 -28.250  0.83889
-14.750 -27.750  0.83498
-14.750 -27.250  0.83163
-14.750 -26.750  0.82886
-14.750 -26.250  0.82667
-14.750 -25.750  0.82508
-14.750 -25.250  0.82408
-14.750 -24.750  0.82369
-14.750 -24.250  0.82388
-14.750 -23.750  0.82467
-14.750 -23.250  0.82605
-14.750 -22.750  0.82800
-14.750 -22.250  0.83052
-14.750 -21.750  0.83358
-14.750 -21.250  0.83718
-14.750 -20.750  0.84129
-14.750 -20.250  0.84589
-14.750 -19.750  0.85096
-14.750 -19.250  0.85646
-14.750 -18.750  0.86237
-14.750 -18.250  0.86865
-14.750 -17.750  0.87528
-14.750 -17.250  0.88222
-14.750 -16.750  0.88944
-14.750 -16.250  0.89690
-14.750 -15.750  0.90456
-14.750 -15.250  0.91239
-14.750 -14.750  0.92035
-14.750 -14.250  0.92841
-14.750 -13.750  0.93653
-14.750 -13.250  0.94467
-14.750 -12.750  0.95281
-14.750 -12.250  0.96090
-14.750 -11.750  0.96891
-14.750 -11.250  0.97682
-14.750 -10.750  0.98459
-14.750 -10.250  0.99220
-14.750 -9.750  0.99962
-14.750 -9.250  1.00681
-14.750 -8.750  1.01377
-14.750 -8.250  1.02045
-14.750 -7.750  1.02685
-14.750 -7.250  1.03295
-14.750 -6.750  1.03871
-14.750 -6.250  1.04414
-14.750 -5.750  1.04920
-14.750 -5.250  1.05389
-14.750 -4.750  1.05820
-14.750 -4.250  1.06210
-14.750 -3.750  1.06560
-14.750 -3.250  1.06868
-14.750 -2.750  1.07134
-14.750 -2.250  1.07356
-14.750 -1.750  1.07535
-14.750 -1.250  1.07669
-14.750 -0.750  1.07759
-14.750 -0.250  1.07804
-14.750 0.250  1.07804
-14.750 0.750  1.07759
-14.750 1.250  1.07669
-14.750 1.750  1.07535
-14.750 2.250  1.07356
-14.750 2.750  1.07134
-14.750 3.250  1.06868
-14.750 3.750  1.06560
-14.750 4.250  1.06210
-14.750 4.750  1.05820
-14.750 5.250  1.05389
-14.750 5.750  1.04920
-14.750 6.250  1.04414
-14.750 6.750  1.03871
-14.750 7.250  1.03295
-14.750 7.750  1.02685
-14.750 8.250  1.02045
-14.750 8.750  1.01377
-14.750 9.250  1.00681
-14.750 9.750  0.99962
-14.750 10.250  0.99220
-14.750 10.750  0.98459
-14.750 11.250  0.97682
-14.750 11.750  0.96891
-14.750 12.250  0.96090
-14.750 12.750  0.95281
-14.750 13.250  0.94467
-14.750 13.750  0.93653
-14.750 14.250  0.92841
-14.750 14.750  0.92035
-14.750 15.250  0.91239
-14.750 15.750  0.90456
-14.750 16.250  0.89690
-14.750 16.750  0.88944
-14.750 17.250  0.88222
-14.750 17.750  0.87528
-14.750 18.250  0.86865
-14.750 18.750  0.86237
-14.750 19.250  0.85646
-14.750 19.750  0.85096
-14.750 20.250  0.84589
-14.750 20.750  0.84129
-14.750 21.250  0.83718
-14.750 21.750  0.83358
-14.750 22.250  0.83052
-14.750 22.750  0.82800
-14.750 23.250  0.82605
-14.750 23.750  0.82467
-14.750 24.250  0.82388
-14.750 24.750  0.82369
-14.750 25.250  0.82408
-14.750 25.750  0.82508
-14.750 26.250  0.82667
-14.750 26.750  0.82886
-14.750 27.250  0.83163
-14.750 27.750  0.83498
-14.750 28.250  0.83889
-14.750 28.750  0.84337
-14.750 29.250  0.84838
-14.750 29.750  0.85393
-14.750 30.250  0.85999
-14.750 30.750  0.86655
-14.750 31.250  0.87358
-14.750 31.750  0.88109
-14.750 32.250  0.88904
-14.750 32.750  0.89741
-14.750 33.250  0.90621
-14.750 33.750  0.91539
-14.750 34.250  0.92496
-14.750 34.750  0.93489
-14.750 35.250  0.94517
-14.750 35.750  0.95579
-14.750 36.250  0.96672
-14.750 36.750  0.97797
-14.750 37.250  0.98951
-14.750 37.750  1.00133
-14.750 38.250  1.01343
-14.750 38.750  1.02580
-14.750 39.250  1.03843
-14.750 39.750  1.05130
-14.750 40.250  1.06442
-14.750 40.750  1.07778
-14.750 41.250  1.09137
-14.750 41.750  1.10519
-14.750 42.250  1.11924
-14.750 42.750  1.13352
-14.750 43.250  1.14801
-14.750 43.750  1.16273
-14.750 44.250  1.17767
-14.750 44.750  1.19283
-14.250 -44.750  1.20094
-14.250 -44.250  1.18579
-14.250 -43.750  1.17087
-14.250 -43.250  1.15618
-14.250 -42.750  1.14172
-14.250 -42.250  1.12749
-14.250 -41.750  1.11349
-14.250 -41.250  1.09973
-14.250 -40.750  1.08620
-14.250 -40.250  1.07292
-14.250 -39.750  1.05988
-14.250 -39.250  1.04709
-14.250 -38.750  1.03457
-14.250 -38.250  1.02230
-14.250 -37.750  1.01031
-14.250 -37.250  0.99861
-14.250 -36.750  0.98719
-14.250 -36.250  0.97608
-14.250 -35.750  0.96527
-14.250 -35.250  0.95479
-14.250 -34.750  0.94465
-14.250 -34.250  0.93486
-14.250 -33.750  0.92544
-14.250 -33.250  0.91639
-14.250 -32.750  0.90773
-14.250 -32.250  0.89949
-14.250 -31.750  0.89167
-14.250 -31.250  0.88428
-14.250 -30.750  0.87735
-14.250 -30.250  0.87090
-14.250 -29.750  0.86492
-14.250 -29.250  0.85945
-14.250 -28.750  0.85448
-14.250 -28.250  0.85005
-14.250 -27.750  0.84614
-14.250 -27.250  0.84279
-14.250 -26.750  0.83999
-14.250 -26.250  0.83775
-14.250 -25.750  0.83607
-14.250 -25.250  0.83496
-14.250 -24.750  0.83443
-14.250 -24.250  0.83446
-14.250 -23.750  0.83505
-14.250 -23.250  0.83620
-14.250 -22.750  0.83789
-14.250 -22.250  0.84012
-14.250 -21.750  0.84288
-14.250 -21.250  0.84613
-14.250 -20.750  0.84988
-14.250 -20.250  0.85408
-14.250 -19.750  0.85873
-14.250 -19.250  0.86379
-14.250 -18.750  0.86924
-14.250 -18.250  0.87505
-14.250 -17.750  0.88119
-14.250 -17.250  0.88763
-14.250 -16.750  0.89433
-14.250 -16.250  0.90126
-14.250 -15.750  0.90840
-14.250 -15.250  0.91569
-14.250 -14.750  0.92312
-14.250 -14.250  0.93064
-14.250 -13.750  0.93823
-14.250 -13.250  0.94585
-14.250 -12.750  0.95346
-14.250 -12.250  0.96104
-14.250 -11.750  0.96856
-14.250 -11.250  0.97598
-14.250 -10.750  0.98328
-14.250 -10.250  0.99043
-14.250 -9.750  0.99740
-14.250 -9.250  1.00418
-14.250 -8.750  1.01073
-14.250 -8.250  1.01703
-14.250 -7.750  1.02306
-14.250 -7.250  1.02881
-14.250 -6.750  1.03425
-14.250 -6.250  1.03937
-14.250 -5.750  1.04416
-14.250 -5.250  1.04859
-14.250 -4.750  1.05266
-14.250 -4.250  1.05636
-14.250 -3.750  1.05967
-14.250 -3.250  1.06258
-14.250 -2.750  1.06510
-14.250 -2.250  1.06720
-14.250 -1.750  1.06889
-14.250 -1.250  1.07016
-14.250 -0.750  1.07101
-14.250 -0.250  1.07144
-14.250 0.250  1.07144
-14.250 0.750  1.07101
-14.250 1.250  1.07016
-14.250 1.750  1.06889
-14.250 2.250  1.06720
-14.250 2.750  1.06510
-14.250 3.250  1.06258
-14.250 3.750  1.05967
-14.250 4.250  1.05636
-14.250 4.750  1.05266
-14.250 5.250  1.04859
-14.250 5.750  1.04416
-14.250 6.250  1.03937
-14.250 6.750  1.03425
-14.250 7.250  1.02881
-14.250 7.750  1.02306
-14.250 8.250  1.01703
-14.250 8.750  1.01073
-14.250 9.250  1.00418
-14.250 9.750  0.99740
-14.250 10.250  0.99043
-14.250 10.750  0.98328
-14.250 11.250  0.97598
-14.250 11.750  0.96856
-14.250 12.250  0.96104
-14.250 12.750  0.95346
-14.250 13.250  0.94585
-14.250 13.750  0.93823
-14.250 14.250  0.93064
-14.250 14.750  0.92312
-14.250 15.250  0.91569
-14.250 15.750  0.90840
-14.250 16.250  0.90126
-14.250 16.750  0.89433
-14.250 17.250  0.88763
-14.250 17.750  0.88119
-14.250 18.250  0.87505
-14.250 18.750  0.86924
-14.250 19.250  0.86379
-14.250 19.750  0.85873
-14.250 20.250  0.85408
-14.250 20.750  0.84988
-14.250 21.250  0.84613
-14.250 21.750  0.84288
-14.250 22.250  0.84012
-14.250 22.750  0.83789
-14.250 23.250  0.83620
-14.250 23.750  0.83505
-14.250 24.250  0.83446
-14.250 24.750  0.83443
-14.250 25.250  0.83496
-14.250 25.750  0.83607
-14.250 26.250  0.83775
-14.250 26.750  0.83999
-14.250 27.250  0.84279
-14.250 27.750  0.84614
-14.250 28.250  0.85005
-14.250 28.750  0.85448
-14.250 29.250  0.85945
-14.250 29.750  0.86492
-14.250 30.250  0.87090
-14.250 30.750  0.87735
-14.250 31.250  0.88428
-14.250 31.750  0.89167
-14.250 32.250  0.89949
-14.250 32.750  0.90773
-14.250 33.250  0.91639
-14.250 33.750  0.92544
-14.250 34.250  0.93486
-14.250 34.750  0.94465
-14.250 35.250  0.95479
-14.250 35.750  0.96527
-14.250 36.250  0.97608
-14.250 36.750  0.98719
-14.250 37.250  0.99861
-14.250 37.750  1.01031
-14.250 38.250  1.02230
-14.250 38.750  1.03457
-14.250 39.250  1.04709
-14.250 39.750  1.05988
-14.250 40.250  1.07292
-14.250 40.750  1.08620
-14.250 41.250  1.09973
-14.250 41.750  1.11349
-14.250 42.250  1.12749
-14.250 42.750  1.14172
-14.250 43.250  1.15618
-14.250 43.750  1.17087
-14.250 44.250  1.18579
-14.250 44.750  1.20094
-13.750 -44.750  1.20883
-13.750 -44.250  1.19369
-13.750 -43.750  1.17879
-13.750 -43.250  1.16412
-13.750 -42.750  1.14969
-13.750 -42.250  1.13550
-13.750 -41.750  1.12155
-13.750 -41.250  1.10784
-13.750 -40.750  1.09438
-13.750 -40.250  1.08116
-13.750 -39.750  1.06820
-13.750 -39.250  1.05550
-13.750 -38.750  1.04306
-13.750 -38.250  1.03090
-13.750 -37.750  1.01901
-13.750 -37.250  1.00741
-13.750 -36.750  0.99611
-13.750 -36.250  0.98511
-13.750 -35.750  0.97443
-13.750 -35.250  0.96408
-13.750 -34.750  0.95407
-13.750 -34.250  0.94440
-13.750 -33.750  0.93510
-13.750 -33.250  0.92618
-13.750 -32.750  0.91764
-13.750 -32.250  0.90952
-13.750 -31.750  0.90180
-13.750 -31.250  0.89453
-13.750 -30.750  0.88769
-13.750 -30.250  0.88132
-13.750 -29.750  0.87541
-13.750 -29.250  0.87000
-13.750 -28.750  0.86507
-13.750 -28.250  0.86066
-13.750 -27.750  0.85676
-13.750 -27.250  0.85339
-13.750 -26.750  0.85055
-13.750 -26.250  0.84825
-13.750 -25.750  0.84649
-13.750 -25.250  0.84527
-13.750 -24.750  0.84460
-13.750 -24.250  0.84447
-13.750 -23.750  0.84487
-13.750 -23.250  0.84580
-13.750 -22.750  0.84725
-13.750 -22.250  0.84921
-13.750 -21.750  0.85167
-13.750 -21.250  0.85460
-13.750 -20.750  0.85800
-13.750 -20.250  0.86184
-13.750 -19.750  0.86609
-13.750 -19.250  0.87074
-13.750 -18.750  0.87576
-13.750 -18.250  0.88113
-13.750 -17.750  0.88681
-13.750 -17.250  0.89277
-13.750 -16.750  0.89899
-13.750 -16.250  0.90543
-13.750 -15.750  0.91207
-13.750 -15.250  0.91886
-13.750 -14.750  0.92579
-13.750 -14.250  0.93281
-13.750 -13.750  0.93990
-13.750 -13.250  0.94702
-13.750 -12.750  0.95415
-13.750 -12.250  0.96125
-13.750 -11.750  0.96830
-13.750 -11.250  0.97526
-13.750 -10.750  0.98212
-13.750 -10.250  0.98884
-13.750 -9.750  0.99539
-13.750 -9.250  1.00177
-13.750 -8.750  1.00793
-13.750 -8.250  1.01387
-13.750 -7.750  1.01956
-13.750 -7.250  1.02498
-13.750 -6.750  1.03011
-13.750 -6.250  1.03495
-13.750 -5.750  1.03947
-13.750 -5.250  1.04365
-13.750 -4.750  1.04750
-13.750 -4.250  1.05100
-13.750 -3.750  1.05413
-13.750 -3.250  1.05689
-13.750 -2.750  1.05926
-13.750 -2.250  1.06126
-13.750 -1.750  1.06286
-13.750 -1.250  1.06406
-13.750 -0.750  1.06487
-13.750 -0.250  1.06527
-13.750 0.250  1.06527
-13.750 0.750  1.06487
-13.750 1.250  1.06406
-13.750 1.750  1.06286
-13.750 2.250  1.06126
-13.750 2.750  1.05926
-13.750 3.250  1.05689
-13.750 3.750  1.05413
-13.750 4.250  1.05100
-13.750 4.750  1.04750
-13.750 5.250  1.04365
-13.750 5.750  1.03947
-13.750 6.250  1.03495
-13.750 6.750  1.03011
-13.750 7.250  1.02498
-13.750 7.750  1.01956
-13.750 8.250  1.01387
-13.750 8.750  1.00793
-13.750 9.250  1.00177
-13.750 9.750  0.99539
-13.750 10.250  0.98884
-13.750 10.750  0.98212
-13.750 11.250  0.97526
-13.750 11.750  0.96830
-13.750 12.250  0.96125
-13.750 12.750  0.95415
-13.750 13.250  0.94702
-13.750 13.750  0.93990
-13.750 14.250  0.93281
-13.750 14.750  0.92579
-13.750 15.250  0.91886
-13.750 15.750  0.91207
-13.750 16.250  0.90543
-13.750 16.750  0.89899
-13.750 17.250  0.89277
-13.750 17.750  0.88681
-13.750 18.250  0.88113
-13.750 18.750  0.87576
-13.750 19.250  0.87074
-13.750 19.750  0.86609
-13.750 20.250  0.86184
-13.750 20.750  0.85800
-13.750 21.250  0.85460
-13.750 21.750  0.85167
-13.750 22.250  0.84921
-13.750 22.750  0.84725
-13.750 23.250  0.84580
-13.750 23.750  0.84487
-13.750 24.250  0.84447
-13.750 24.750  0.84460
-13.750 25.250  0.84527
-13.750 25.750  0.84649
-13.750 26.250  0.84825
-13.750 26.750  0.85055
-13.750 27.250  0.85339
-13.750 27.750  0.85676
-13.750 28.250  0.86066
-13.750 28.750  0.86507
-13.750 29.250  0.87000
-13.750 29.750  0.87541
-13.750 30.250  0.88132
-13.750 30.750  0.88769
-13.750 31.250  0.89453
-13.750 31.750  0.90180
-13.750 32.250  0.90952
-13.750 32.750  0.91764
-13.750 33.250  0.92618
-13.750 33.750  0.93510
-13.750 34.250  0.94440
-13.750 34.750  0.95407
-13.750 35.250  0.96408
-13.750 35.750  0.97443
-13.750 36.250  0.98511
-13.750 36.750  0.99611
-13.750 37.250  1.00741
-13.750 37.750  1.01901
-13.750 38.250  1.03090
-13.750 38.750  1.04306
-13.750 39.250  1.05550
-13.750 39.750  1.06820
-13.750 40.250  1.08116
-13.750 40.750  1.09438
-13.750 41.250  1.10784
-13.750 41.750  1.12155
-13.750 42.250  1.13550
-13.750 42.750  1.14969
-13.750 43.250  1.16412
-13.750 43.750  1.17879
-13.750 44.250  1.19369
-13.750 44.750  1.20883
-13.250 -44.750  1.21648
-13.250 -44.250  1.20135
-13.250 -43.750  1.18647
-13.250 -43.250  1.17182
-13.250 -42.750  1.15743
-13.250 -42.250  1.14327
-13.250 -41.750  1.12937
-13.250 -41.250  1.11571
-13.250 -40.750  1.10230
-13.250 -40.250  1.08916
-13.250 -39.750  1.07627
-13.250 -39.250  1.06364
-13.250 -38.750  1.05129
-13.250 -38.250  1.03922
-13.250 -37.750  1.02742
-13.250 -37.250  1.01593
-13.250 -36.750  1.00473
-13.250 -36.250  0.99384
-13.250 -35.750  0.98327
-13.250 -35.250  0.97303
-13.250 -34.750  0.96313
-13.250 -34.250  0.95358
-13.250 -33.750  0.94439
-13.250 -33.250  0.93558
-13.250 -32.750  0.92715
-13.250 -32.250  0.91913
-13.250 -31.750  0.91151
-13.250 -31.250  0.90432
-13.250 -30.750  0.89757
-13.250 -30.250  0.89127
-13.250 -29.750  0.88542
-13.250 -29.250  0.88005
-13.250 -28.750  0.87516
-13.250 -28.250  0.87076
-13.250 -27.750  0.86686
-13.250 -27.250  0.86346
-13.250 -26.750  0.86058
-13.250 -26.250  0.85821
-13.250 -25.750  0.85637
-13.250 -25.250  0.85504
-13.250 -24.750  0.85423
-13.250 -24.250  0.85394
-13.250 -23.750  0.85416
-13.250 -23.250  0.85488
-13.250 -22.750  0.85610
-13.250 -22.250  0.85780
-13.250 -21.750  0.85998
-13.250 -21.250  0.86261
-13.250 -20.750  0.86568
-13.250 -20.250  0.86917
-13.250 -19.750  0.87306
-13.250 -19.250  0.87732
-13.250 -18.750  0.88194
-13.250 -18.250  0.88689
-13.250 -17.750  0.89213
-13.250 -17.250  0.89766
-13.250 -16.750  0.90342
-13.250 -16.250  0.90941
-13.250 -15.750  0.91558
-13.250 -15.250  0.92191
-13.250 -14.750  0.92836
-13.250 -14.250  0.93492
-13.250 -13.750  0.94154
-13.250 -13.250  0.94820
-13.250 -12.750  0.95487
-13.250 -12.250  0.96152
-13.250 -11.750  0.96812
-13.250 -11.250  0.97466
-13.250 -10.750  0.98109
-13.250 -10.250  0.98740
-13.250 -9.750  0.99357
-13.250 -9.250  0.99956
-13.250 -8.750  1.00537
-13.250 -8.250  1.01096
-13.250 -7.750  1.01632
-13.250 -7.250  1.02143
-13.250 -6.750  1.02627
-13.250 -6.250  1.03084
-13.250 -5.750  1.03510
-13.250 -5.250  1.03906
-13.250 -4.750  1.04270
-13.250 -4.250  1.04600
-13.250 -3.750  1.04896
-13.250 -3.250  1.05157
-13.250 -2.750  1.05382
-13.250 -2.250  1.05570
-13.250 -1.750  1.05722
-13.250 -1.250  1.05836
-13.250 -0.750  1.05912
-13.250 -0.250  1.05950
-13.250 0.250  1.05950
-13.250 0.750  1.05912
-13.250 1.250  1.05836
-13.250 1.750  1.05722
-13.250 2.250  1.05570
-13.250 2.750  1.05382
-13.250 3.250  1.05157
-13.250 3.750  1.04896
-13.250 4.250  1.04600
-13.250 4.750  1.04270
-13.250 5.250  1.03906
-13.250 5.750  1.03510
-13.250 6.250  1.03084
-13.250 6.750  1.02627
-13.250 7.250  1.02143
-13.250 7.750  1.01632
-13.250 8.250  1.01096
-13.250 8.750  1.00537
-13.250 9.250  0.99956
-13.250 9.750  0.99357
-13.250 10.250  0.98740
-13.250 10.750  0.98109
-13.250 11.250  0.97466
-13.250 11.750  0.96812
-13.250 12.250  0.96152
-13.250 12.750  0.95487
-13.250 13.250  0.94820
-13.250 13.750  0.94154
-13.250 14.250  0.93492
-13.250 14.750  0.92836
-13.250 15.250  0.92191
-13.250 15.750  0.91558
-13.250 16.250  0.90941
-13.250 16.750  0.90342
-13.250 17.250  0.89766
-13.250 17.750  0.89213
-13.250 18.250  0.88689
-13.250 18.750  0.88194
-13.250 19.250  0.87732
-13.250 19.750  0.87306
-13.250 20.250  0.86917
-13.250 20.750  0.86568
-13.250 21.250  0.86261
-13.250 21.750  0.85998
-13.250 22.250  0.85780
-13.250 22.750  0.85610
-13.250 23.250  0.85488
-13.250 23.750  0.85416
-13.250 24.250  0.85394
-13.250 24.750  0.85423
-13.250 25.250  0.85504
-13.250 25.750  0.85637
-13.250 26.250  0.85821
-13.250 26.750  0.86058
-13.250 27.250  0.86346
-13.250 27.750  0.86686
-13.250 28.250  0.87076
-13.250 28.750  0.87516
-13.250 29.250  0.88005
-13.250 29.750  0.88542
-13.250 30.250  0.89127
-13.250 30.750  0.89757
-13.250 31.250  0.90432
-13.250 31.750  0.91151
-13.250 32.250  0.91913
-13.250 32.750  0.92715
-13.250 33.250  0.93558
-13.250 33.750  0.94439
-13.250 34.250  0.95358
-13.250 34.750  0.96313
-13.250 35.250  0.97303
-13.250 35.750  0.98327
-13.250 36.250  0.99384
-13.250 36.750  1.00473
-13.250 37.250  1.01593
-13.250 37.750  1.02742
-13.250 38.250  1.03922
-13.250 38.750  1.05129
-13.250 39.250  1.06364
-13.250 39.750  1.07627
-13.250 40.250  1.08916
-13.250 40.750  1.10230
-13.250 41.250  1.11571
-13.250 41.750  1.12937
-13.250 42.250  1.14327
-13.250 42.750  1.15743
-13.250 43.250  1.17182
-13.250 43.750  1.18647
-13.250 44.250  1.20135
-13.250 44.750  1.21648
-12.750 -44.750  1.22388
-12.750 -44.250  1.20877
-12.750 -43.750  1.19390
-12.750 -43.250  1.17928
-12.750 -42.750  1.16492
-12.750 -42.250  1.15080
-12.750 -41.750  1.13693
-12.750 -41.250  1.12333
-12.750 -40.750  1.10998
-12.750 -40.250  1.09689
-12.750 -39.750  1.08407
-12.750 -39.250  1.07151
-12.750 -38.750  1.05924
-12.750 -38.250  1.04725
-12.750 -37.750  1.03554
-12.750 -37.250  1.02414
-12.750 -36.750  1.01303
-12.750 -36.250  1.00224
-12.750 -35.750  0.99177
-12.750 -35.250  0.98164
-12.750 -34.750  0.97184
-12.750 -34.250  0.96239
-12.750 -33.750  0.95330
-12.750 -33.250  0.94459
-12.750 -32.750  0.93626
-12.750 -32.250  0.92832
-12.750 -31.750  0.92080
-12.750 -31.250  0.91368
-12.750 -30.750  0.90700
-12.750 -30.250  0.90075
-12.750 -29.750  0.89496
-12.750 -29.250  0.88962
-12.750 -28.750  0.88475
-12.750 -28.250  0.88036
-12.750 -27.750  0.87644
-12.750 -27.250  0.87302
-12.750 -26.750  0.87009
-12.750 -26.250  0.86766
-12.750 -25.750  0.86572
-12.750 -25.250  0.86429
-12.750 -24.750  0.86335
-12.750 -24.250  0.86290
-12.750 -23.750  0.86294
-12.750 -23.250  0.86347
-12.750 -22.750  0.86446
-12.750 -22.250  0.86592
-12.750 -21.750  0.86783
-12.750 -21.250  0.87017
-12.750 -20.750  0.87294
-12.750 -20.250  0.87610
-12.750 -19.750  0.87964
-12.750 -19.250  0.88355
-12.750 -18.750  0.88779
-12.750 -18.250  0.89234
-12.750 -17.750  0.89719
-12.750 -17.250  0.90230
-12.750 -16.750  0.90764
-12.750 -16.250  0.91320
-12.750 -15.750  0.91893
-12.750 -15.250  0.92482
-12.750 -14.750  0.93084
-12.750 -14.250  0.93695
-12.750 -13.750  0.94313
-12.750 -13.250  0.94936
-12.750 -12.750  0.95560
-12.750 -12.250  0.96183
-12.750 -11.750  0.96802
-12.750 -11.250  0.97415
-12.750 -10.750  0.98019
-12.750 -10.250  0.98612
-12.750 -9.750  0.99191
-12.750 -9.250  0.99755
-12.750 -8.750  1.00301
-12.750 -8.250  1.00828
-12.750 -7.750  1.01333
-12.750 -7.250  1.01815
-12.750 -6.750  1.02272
-12.750 -6.250  1.02702
-12.750 -5.750  1.03105
-12.750 -5.250  1.03479
-12.750 -4.750  1.03822
-12.750 -4.250  1.04134
-12.750 -3.750  1.04414
-12.750 -3.250  1.04661
-12.750 -2.750  1.04874
-12.750 -2.250  1.05052
-12.750 -1.750  1.05195
-12.750 -1.250  1.05303
-12.750 -0.750  1.05375
-12.750 -0.250  1.05411
-12.750 0.250  1.05411
-12.750 0.750  1.05375
-12.750 1.250  1.05303
-12.750 1.750  1.05195
-12.750 2.250  1.05052
-12.750 2.750  1.04874
-12.750 3.250  1.04661
-12.750 3.750  1.04414
-12.750 4.250  1.04134
-12.750 4.750  1.03822
-12.750 5.250  1.03479
-12.750 5.750  1.03105
-12.750 6.250  1.02702
-12.750 6.750  1.02272
-12.750 7.250  1.01815
-12.750 7.750  1.01333
-12.750 8.250  1.00828
-12.750 8.750  1.00301
-12.750 9.250  0.99755
-12.750 9.750  0.99191
-12.750 10.250  0.98612
-12.750 10.750  0.98019
-12.750 11.250  0.97415
-12.750 11.750  0.96802
-12.750 12.250  0.96183
-12.750 12.750  0.95560
-12.750 13.250  0.94936
-12.750 13.750  0.94313
-12.750 14.250  0.93695
-12.750 14.750  0.93084
-12.750 15.250  0.92482
-12.750 15.750  0.91893
-12.750 16.250  0.91320
-12.750 16.750  0.90764
-12.750 17.250  0.90230
-12.750 17.750  0.89719
-12.750 18.250  0.89234
-12.750 18.750  0.88779
-12.750 19.250  0.88355
-12.750 19.750  0.87964
-12.750 20.250  0.87610
-12.750 20.750  0.87294
-12.750 21.250  0.87017
-12.750 21.750  0.86783
-12.750 22.250  0.86592
-12.750 22.750  0.86446
-12.750 23.250  0.86347
-12.750 23.750  0.86294
-12.750 24.250  0.86290
-12.750 24.750  0.86335
-12.750 25.250  0.86429
-12.750 25.750  0.86572
-12.750 26.250  0.86766
-12.750 26.750  0.87009
-12.750 27.250  0.87302
-12.750 27.750  0.87644
-12.750 28.250  0.88036
-12.750 28.750  0.88475
-12.750 29.250  0.88962
-12.750 29.750  0.89496
-12.750 30.250  0.90075
-12.750 30.750  0.90700
-12.750 31.250  0.91368
-12.750 31.750  0.92080
-12.750 32.250  0.92832
-12.750 32.750  0.93626
-12.750 33.250  0.94459
-12.750 33.750  0.95330
-12.750 34.250  0.96239
-12.750 34.750  0.97184
-12.750 35.250  0.98164
-12.750 35.750  0.99177
-12.750 36.250  1.00224
-12.750 36.750  1.01303
-12.750 37.250  1.02414
-12.750 37.750  1.03554
-12.750 38.250  1.04725
-12.750 38.750  1.05924
-12.750 39.250  1.07151
-12.750 39.750  1.08407
-12.750 40.250  1.09689
-12.750 40.750  1.10998
-12.750 41.250  1.12333
-12.750 41.750  1.13693
-12.750 42.250  1.15080
-12.750 42.750  1.16492
-12.750 43.250  1.17928
-12.750 43.750  1.19390
-12.750 44.250  1.20877
-12.750 44.750  1.22388
-12.250 -44.750  1.23104
-12.250 -44.250  1.21594
-12.250 -43.750  1.20109
-12.250 -43.250  1.18649
-12.250 -42.750  1.17215
-12.250 -42.250  1.15807
-12.250 -41.750  1.14425
-12.250 -41.250  1.13069
-12.250 -40.750  1.11739
-12.250 -40.250  1.10435
-12.250 -39.750  1.09159
-12.250 -39.250  1.07911
-12.250 -38.750  1.06691
-12.250 -38.250  1.05499
-12.250 -37.750  1.04337
-12.250 -37.250  1.03205
-12.250 -36.750  1.02103
-12.250 -36.250  1.01033
-12.250 -35.750  0.99995
-12.250 -35.250  0.98990
-12.250 -34.750  0.98020
-12.250 -34.250  0.97084
-12.250 -33.750  0.96184
-12.250 -33.250  0.95322
-12.250 -32.750  0.94497
-12.250 -32.250  0.93712
-12.250 -31.750  0.92966
-12.250 -31.250  0.92262
-12.250 -30.750  0.91599
-12.250 -30.250  0.90979
-12.250 -29.750  0.90404
-12.250 -29.250  0.89872
-12.250 -28.750  0.89387
-12.250 -28.250  0.88947
-12.250 -27.750  0.88554
-12.250 -27.250  0.88209
-12.250 -26.750  0.87911
-12.250 -26.250  0.87660
-12.250 -25.750  0.87458
-12.250 -25.250  0.87304
-12.250 -24.750  0.87197
-12.250 -24.250  0.87137
-12.250 -23.750  0.87125
-12.250 -23.250  0.87158
-12.250 -22.750  0.87237
-12.250 -22.250  0.87359
-12.250 -21.750  0.87525
-12.250 -21.250  0.87732
-12.250 -20.750  0.87980
-12.250 -20.250  0.88265
-12.250 -19.750  0.88587
-12.250 -19.250  0.88944
-12.250 -18.750  0.89332
-12.250 -18.250  0.89751
-12.250 -17.750  0.90198
-12.250 -17.250  0.90670
-12.250 -16.750  0.91165
-12.250 -16.250  0.91680
-12.250 -15.750  0.92213
-12.250 -15.250  0.92761
-12.250 -14.750  0.93321
-12.250 -14.250  0.93892
-12.250 -13.750  0.94469
-12.250 -13.250  0.95051
-12.250 -12.750  0.95635
-12.250 -12.250  0.96218
-12.250 -11.750  0.96798
-12.250 -11.250  0.97373
-12.250 -10.750  0.97940
-12.250 -10.250  0.98497
-12.250 -9.750  0.99041
-12.250 -9.250  0.99572
-12.250 -8.750  1.00086
-12.250 -8.250  1.00581
-12.250 -7.750  1.01057
-12.250 -7.250  1.01512
-12.250 -6.750  1.01942
-12.250 -6.250  1.02349
-12.250 -5.750  1.02729
-12.250 -5.250  1.03082
-12.250 -4.750  1.03406
-12.250 -4.250  1.03701
-12.250 -3.750  1.03966
-12.250 -3.250  1.04199
-12.250 -2.750  1.04400
-12.250 -2.250  1.04569
-12.250 -1.750  1.04704
-12.250 -1.250  1.04806
-12.250 -0.750  1.04875
-12.250 -0.250  1.04909
-12.250 0.250  1.04909
-12.250 0.750  1.04875
-12.250 1.250  1.04806
-12.250 1.750  1.04704
-12.250 2.250  1.04569
-12.250 2.750  1.04400
-12.250 3.250  1.04199
-12.250 3.750  1.03966
-12.250 4.250  1.03701
-12.250 4.750  1.03406
-12.250 5.250  1.03082
-12.250 5.750  1.02729
-12.250 6.250  1.02349
-12.250 6.750  1.01942
-12.250 7.250  1.01512
-12.250 7.750  1.01057
-12.250 8.250  1.00581
-12.250 8.750  1.00086
-12.250 9.250  0.99572
-12.250 9.750  0.99041
-12.250 10.250  0.98497
-12.250 10.750  0.97940
-12.250 11.250  0.97373
-12.250 11.750  0.96798
-12.250 12.250  0.96218
-12.250 12.750  0.95635
-12.250 13.250  0.95051
-12.250 13.750  0.94469
-12.250 14.250  0.93892
-12.250 14.750  0.93321
-12.250 15.250  0.92761
-12.250 15.750  0.92213
-12.250 16.250  0.91680
-12.250 16.750  0.91165
-12.250 17.250  0.90670
-12.250 17.750  0.90198
-12.250 18.250  0.89751
-12.250 18.750  0.89332
-12.250 19.250  0.88944
-12.250 19.750  0.88587
-12.250 20.250  0.88265
-12.250 20.750  0.87980
-12.250 21.250  0.87732
-12.250 21.750  0.87525
-12.250 22.250  0.87359
-12.250 22.750  0.87237
-12.250 23.250  0.87158
-12.250 23.750  0.87125
-12.250 24.250  0.87137
-12.250 24.750  0.87197
-12.250 25.250  0.87304
-12.250 25.750  0.87458
-12.250 26.250  0.87660
-12.250 26.750  0.87911
-12.250 27.250  0.88209
-12.250 27.750  0.88554
-12.250 28.250  0.88947
-12.250 28.750  0.89387
-12.250 29.250  0.89872
-12.250 29.750  0.90404
-12.250 30.250  0.90979
-12.250 30.750  0.91599
-12.250 31.250  0.92262
-12.250 31.750  0.92966
-12.250 32.250  0.93712
-12.250 32.750  0.94497
-12.250 33.250  0.95322
-12.250 33.750  0.96184
-12.250 34.250  0.97084
-12.250 34.750  0.98020
-12.250 35.250  0.98990
-12.250 35.750  0.99995
-12.250 36.250  1.01033
-12.250 36.750  1.02103
-12.250 37.250  1.03205
-12.250 37.750  1.04337
-12.250 38.250  1.05499
-12.250 38.750  1.06691
-12.250 39.250  1.07911
-12.250 39.750  1.09159
-12.250 40.250  1.10435
-12.250 40.750  1.11739
-12.250 41.250  1.13069
-12.250 41.750  1.14425
-12.250 42.250  1.15807
-12.250 42.750  1.17215
-12.250 43.250  1.18649
-12.250 43.750  1.20109
-12.250 44.250  1.21594
-12.250 44.750  1.23104
-11.750 -44.750  1.23794
-11.750 -44.250  1.22285
-11.750 -43.750  1.20802
-11.750 -43.250  1.19345
-11.750 -42.750  1.17914
-11.750 -42.250  1.16509
-11.750 -41.750  1.15130
-11.750 -41.250  1.13778
-11.750 -40.750  1.12453
-11.750 -40.250  1.11155
-11.750 -39.750  1.09885
-11.750 -39.250  1.08643
-11.750 -38.750  1.07429
-11.750 -38.250  1.06244
-11.750 -37.750  1.05089
-11.750 -37.250  1.03965
-11.750 -36.750  1.02871
-11.750 -36.250  1.01809
-11.750 -35.750  1.00779
-11.750 -35.250  0.99783
-11.750 -34.750  0.98821
-11.750 -34.250  0.97893
-11.750 -33.750  0.97002
-11.750 -33.250  0.96147
-11.750 -32.750  0.95330
-11.750 -32.250  0.94551
-11.750 -31.750  0.93812
-11.750 -31.250  0.93113
-11.750 -30.750  0.92455
-11.750 -30.250  0.91839
-11.750 -29.750  0.91267
-11.750 -29.250  0.90737
-11.750 -28.750  0.90252
-11.750 -28.250  0.89812
-11.750 -27.750  0.89417
-11.750 -27.250  0.89068
-11.750 -26.750  0.88764
-11.750 -26.250  0.88507
-11.750 -25.750  0.88296
-11.750 -25.250  0.88131
-11.750 -24.750  0.88012
-11.750 -24.250  0.87938
-11.750 -23.750  0.87909
-11.750 -23.250  0.87924
-11.750 -22.750  0.87983
-11.750 -22.250  0.88083
-11.750 -21.750  0.88225
-11.750 -21.250  0.88407
-11.750 -20.750  0.88627
-11.750 -20.250  0.88884
-11.750 -19.750  0.89175
-11.750 -19.250  0.89500
-11.750 -18.750  0.89856
-11.750 -18.250  0.90240
-11.750 -17.750  0.90652
-11.750 -17.250  0.91088
-11.750 -16.750  0.91545
-11.750 -16.250  0.92023
-11.750 -15.750  0.92518
-11.750 -15.250  0.93028
-11.750 -14.750  0.93549
-11.750 -14.250  0.94081
-11.750 -13.750  0.94620
-11.750 -13.250  0.95164
-11.750 -12.750  0.95710
-11.750 -12.250  0.96256
-11.750 -11.750  0.96800
-11.750 -11.250  0.97339
-11.750 -10.750  0.97871
-11.750 -10.250  0.98394
-11.750 -9.750  0.98906
-11.750 -9.250  0.99404
-11.750 -8.750  0.99888
-11.750 -8.250  1.00355
-11.750 -7.750  1.00803
-11.750 -7.250  1.01232
-11.750 -6.750  1.01638
-11.750 -6.250  1.02021
-11.750 -5.750  1.02380
-11.750 -5.250  1.02713
-11.750 -4.750  1.03020
-11.750 -4.250  1.03298
-11.750 -3.750  1.03548
-11.750 -3.250  1.03769
-11.750 -2.750  1.03959
-11.750 -2.250  1.04119
-11.750 -1.750  1.04247
-11.750 -1.250  1.04343
-11.750 -0.750  1.04408
-11.750 -0.250  1.04440
-11.750 0.250  1.04440
-11.750 0.750  1.04408
-11.750 1.250  1.04343
-11.750 1.750  1.04247
-11.750 2.250  1.04119
-11.750 2.750  1.03959
-11.750 3.250  1.03769
-11.750 3.750  1.03548
-11.750 4.250  1.03298
-11.750 4.750  1.03020
-11.750 5.250  1.02713
-11.750 5.750  1.02380
-11.750 6.250  1.02021
-11.750 6.750  1.01638
-11.750 7.250  1.01232
-11.750 7.750  1.00803
-11.750 8.250  1.00355
-11.750 8.750  0.99888
-11.750 9.250  0.99404
-11.750 9.750  0.98906
-11.750 10.250  0.98394
-11.750 10.750  0.97871
-11.750 11.250  0.97339
-11.750 11.750  0.96800
-11.750 12.250  0.96256
-11.750 12.750  0.95710
-11.750 13.250  0.95164
-11.750 13.750  0.94620
-11.750 14.250  0.94081
-11.750 14.750  0.93549
-11.750 15.250  0.93028
-11.750 15.750  0.92518
-11.750 16.250  0.92023
-11.750 16.750  0.91545
-11.750 17.250  0.91088
-11.750 17.750  0.90652
-11.750 18.250  0.90240
-11.750 18.750  0.89856
-11.750 19.250  0.89500
-11.750 19.750  0.89175
-11.750 20.250  0.88884
-11.750 20.750  0.88627
-11.750 21.250  0.88407
-11.750 21.750  0.88225
-11.750 22.250  0.88083
-11.750 22.750  0.87983
-11.750 23.250  0.87924
-11.750 23.750  0.87909
-11.750 24.250  0.87938
-11.750 24.750  0.88012
-11.750 25.250  0.88131
-11.750 25.750  0.88296
-11.750 26.250  0.88507
-11.750 26.750  0.88764
-11.750 27.250  0.89068
-11.750 27.750  0.89417
-11.750 28.250  0.89812
-11.750 28.750  0.90252
-11.750 29.250  0.90737
-11.750 29.750  0.91267
-11.750 30.250  0.91839
-11.750 30.750  0.92455
-11.750 31.250  0.93113
-11.750 31.750  0.93812
-11.750 32.250  0.94551
-11.750 32.750  0.95330
-11.750 33.250  0.96147
-11.750 33.750  0.97002
-11.750 34.250  0.97893
-11.750 34.750  0.98821
-11.750 35.250  0.99783
-11.750 35.750  1.00779
-11.750 36.250  1.01809
-11.750 36.750  1.02871
-11.750 37.250  1.03965
-11.750 37.750  1.05089
-11.750 38.250  1.06244
-11.750 38.750  1.07429
-11.750 39.250  1.08643
-11.750 39.750  1.09885
-11.750 40.250  1.11155
-11.750 40.750  1.12453
-11.750 41.250  1.13778
-11.750 41.750  1.15130
-11.750 42.250  1.16509
-11.750 42.750  1.17914
-11.750 43.250  1.19345
-11.750 43.750  1.20802
-11.750 44.250  1.22285
-11.750 44.750  1.23794
-11.250 -44.750  1.24459
-11.250 -44.250  1.22951
-11.250 -43.750  1.21469
-11.250 -43.250  1.20014
-11.250 -42.750  1.18586
-11.250 -42.250  1.17184
-11.250 -41.750  1.15809
-11.250 -41.250  1.14461
-11.250 -40.750  1.13140
-11.250 -40.250  1.11847
-11.250 -39.750  1.10582
-11.250 -39.250  1.09345
-11.250 -38.750  1.08138
-11.250 -38.250  1.06960
-11.250 -37.750  1.05811
-11.250 -37.250  1.04694
-11.250 -36.750  1.03607
-11.250 -36.250  1.02552
-11.250 -35.750  1.01530
-11.250 -35.250  1.00541
-11.250 -34.750  0.99586
-11.250 -34.250  0.98666
-11.250 -33.750  0.97782
-11.250 -33.250  0.96934
-11.250 -32.750  0.96123
-11.250 -32.250  0.95351
-11.250 -31.750  0.94617
-11.250 -31.250  0.93923
-11.250 -30.750  0.93269
-11.250 -30.250  0.92657
-11.250 -29.750  0.92086
-11.250 -29.250  0.91558
-11.250 -28.750  0.91073
-11.250 -28.250  0.90631
-11.250 -27.750  0.90234
-11.250 -27.250  0.89880
-11.250 -26.750  0.89572
-11.250 -26.250  0.89307
-11.250 -25.750  0.89088
-11.250 -25.250  0.88912
-11.250 -24.750  0.88781
-11.250 -24.250  0.88693
-11.250 -23.750  0.88649
-11.250 -23.250  0.88647
-11.250 -22.750  0.88686
-11.250 -22.250  0.88766
-11.250 -21.750  0.88886
-11.250 -21.250  0.89043
-11.250 -20.750  0.89238
-11.250 -20.250  0.89467
-11.250 -19.750  0.89731
-11.250 -19.250  0.90025
-11.250 -18.750  0.90350
-11.250 -18.250  0.90703
-11.250 -17.750  0.91081
-11.250 -17.250  0.91483
-11.250 -16.750  0.91906
-11.250 -16.250  0.92349
-11.250 -15.750  0.92808
-11.250 -15.250  0.93282
-11.250 -14.750  0.93768
-11.250 -14.250  0.94263
-11.250 -13.750  0.94766
-11.250 -13.250  0.95274
-11.250 -12.750  0.95785
-11.250 -12.250  0.96296
-11.250 -11.750  0.96806
-11.250 -11.250  0.97311
-11.250 -10.750  0.97811
-11.250 -10.250  0.98302
-11.250 -9.750  0.98783
-11.250 -9.250  0.99252
-11.250 -8.750  0.99708
-11.250 -8.250  1.00147
-11.250 -7.750  1.00570
-11.250 -7.250  1.00973
-11.250 -6.750  1.01357
-11.250 -6.250  1.01718
-11.250 -5.750  1.02057
-11.250 -5.250  1.02372
-11.250 -4.750  1.02661
-11.250 -4.250  1.02924
-11.250 -3.750  1.03161
-11.250 -3.250  1.03369
-11.250 -2.750  1.03549
-11.250 -2.250  1.03700
-11.250 -1.750  1.03821
-11.250 -1.250  1.03913
-11.250 -0.750  1.03974
-11.250 -0.250  1.04004
-11.250 0.250  1.04004
-11.250 0.750  1.03974
-11.250 1.250  1.03913
-11.250 1.750  1.03821
-11.250 2.250  1.03700
-11.250 2.750  1.03549
-11.250 3.250  1.03369
-11.250 3.750  1.03161
-11.250 4.250  1.02924
-11.250 4.750  1.02661
-11.250 5.250  1.02372
-11.250 5.750  1.02057
-11.250 6.250  1.01718
-11.250 6.750  1.01357
-11.250 7.250  1.00973
-11.250 7.750  1.00570
-11.250 8.250  1.00147
-11.250 8.750  0.99708
-11.250 9.250  0.99252
-11.250 9.750  0.98783
-11.250 10.250  0.98302
-11.250 10.750  0.97811
-11.250 11.250  0.97311
-11.250 11.750  0.96806
-11.250 12.250  0.96296
-11.250 12.750  0.95785
-11.250 13.250  0.95274
-11.250 13.750  0.94766
-11.250 14.250  0.94263
-11.250 14.750  0.93768
-11.250 15.250  0.93282
-11.250 15.750  0.92808
-11.250 16.250  0.92349
-11.250 16.750  0.91906
-11.250 17.250  0.91483
-11.250 17.750  0.91081
-11.250 18.250  0.90703
-11.250 18.750  0.90350
-11.250 19.250  0.90025
-11.250 19.750  0.89731
-11.250 20.250  0.89467
-11.250 20.750  0.89238
-11.250 21.250  0.89043
-11.250 21.750  0.88886
-11.250 22.250  0.88766
-11.250 22.750  0.88686
-11.250 23.250  0.88647
-11.250 23.750  0.88649
-11.250 24.250  0.88693
-11.250 24.750  0.88781
-11.250 25.250  0.88912
-11.250 25.750  0.89088
-11.250 26.250  0.89307
-11.250 26.750  0.89572
-11.250 27.250  0.89880
-11.250 27.750  0.90234
-11.250 28.250  0.90631
-11.250 28.750  0.91073
-11.250 29.250  0.91558
-11.250 29.750  0.92086
-11.250 30.250  0.92657
-11.250 30.750  0.93269
-11.250 31.250  0.93923
-11.250 31.750  0.94617
-11.250 32.250  0.95351
-11.250 32.750  0.96123
-11.250 33.250  0.96934
-11.250 33.750  0.97782
-11.250 34.250  0.98666
-11.250 34.750  0.99586
-11.250 35.250  1.00541
-11.250 35.750  1.01530
-11.250 36.250  1.02552
-11.250 36.750  1.03607
-11.250 37.250  1.04694
-11.250 37.750  1.05811
-11.250 38.250  1.06960
-11.250 38.750  1.08138
-11.250 39.250  1.09345
-11.250 39.750  1.10582
-11.250 40.250  1.11847
-11.250 40.750  1.13140
-11.250 41.250  1.14461
-11.250 41.750  1.15809
-11.250 42.250  1.17184
-11.250 42.750  1.18586
-11.250 43.250  1.20014
-11.250 43.750  1.21469
-11.250 44.250  1.22951
-11.250 44.750  1.24459
-10.750 -44.750  1.25097
-10.750 -44.250  1.23590
-10.750 -43.750  1.22110
-10.750 -43.250  1.20657
-10.750 -42.750  1.19231
-10.750 -42.250  1.17832
-10.750 -41.750  1.16460
-10.750 -41.250  1.15116
-10.750 -40.750  1.13799
-10.750 -40.250  1.12511
-10.750 -39.750  1.11251
-10.750 -39.250  1.10020
-10.750 -38.750  1.08817
-10.750 -38.250  1.07645
-10.750 -37.750  1.06503
-10.750 -37.250  1.05392
-10.750 -36.750  1.04312
-10.750 -36.250  1.03264
-10.750 -35.750  1.02248
-10.750 -35.250  1.01266
-10.750 -34.750  1.00318
-10.750 -34.250  0.99404
-10.750 -33.750  0.98526
-10.750 -33.250  0.97684
-10.750 -32.750  0.96879
-10.750 -32.250  0.96112
-10.750 -31.750  0.95382
-10.750 -31.250  0.94692
-10.750 -30.750  0.94042
-10.750 -30.250  0.93432
-10.750 -29.750  0.92863
-10.750 -29.250  0.92336
-10.750 -28.750  0.91850
-10.750 -28.250  0.91407
-10.750 -27.750  0.91006
-10.750 -27.250  0.90649
-10.750 -26.750  0.90335
-10.750 -26.250  0.90063
-10.750 -25.750  0.89835
-10.750 -25.250  0.89649
-10.750 -24.750  0.89507
-10.750 -24.250  0.89406
-10.750 -23.750  0.89346
-10.750 -23.250  0.89328
-10.750 -22.750  0.89349
-10.750 -22.250  0.89410
-10.750 -21.750  0.89508
-10.750 -21.250  0.89643
-10.750 -20.750  0.89813
-10.750 -20.250  0.90018
-10.750 -19.750  0.90254
-10.750 -19.250  0.90521
-10.750 -18.750  0.90817
-10.750 -18.250  0.91139
-10.750 -17.750  0.91487
-10.750 -17.250  0.91857
-10.750 -16.750  0.92248
-10.750 -16.250  0.92658
-10.750 -15.750  0.93084
-10.750 -15.250  0.93524
-10.750 -14.750  0.93976
-10.750 -14.250  0.94438
-10.750 -13.750  0.94907
-10.750 -13.250  0.95382
-10.750 -12.750  0.95860
-10.750 -12.250  0.96339
-10.750 -11.750  0.96816
-10.750 -11.250  0.97290
-10.750 -10.750  0.97759
-10.750 -10.250  0.98220
-10.750 -9.750  0.98673
-10.750 -9.250  0.99114
-10.750 -8.750  0.99543
-10.750 -8.250  0.99957
-10.750 -7.750  1.00355
-10.750 -7.250  1.00735
-10.750 -6.750  1.01097
-10.750 -6.250  1.01438
-10.750 -5.750  1.01758
-10.750 -5.250  1.02055
-10.750 -4.750  1.02329
-10.750 -4.250  1.02578
-10.750 -3.750  1.02801
-10.750 -3.250  1.02998
-10.750 -2.750  1.03168
-10.750 -2.250  1.03311
-10.750 -1.750  1.03426
-10.750 -1.250  1.03512
-10.750 -0.750  1.03570
-10.750 -0.250  1.03599
-10.750 0.250  1.03599
-10.750 0.750  1.03570
-10.750 1.250  1.03512
-10.750 1.750  1.03426
-10.750 2.250  1.03311
-10.750 2.750  1.03168
-10.750 3.250  1.02998
-10.750 3.750  1.02801
-10.750 4.250  1.02578
-10.750 4.750  1.02329
-10.750 5.250  1.02055
-10.750 5.750  1.01758
-10.750 6.250  1.01438
-10.750 6.750  1.01097
-10.750 7.250  1.00735
-10.750 7.750  1.00355
-10.750 8.250  0.99957
-10.750 8.750  0.99543
-10.750 9.250  0.99114
-10.750 9.750  0.98673
-10.750 10.250  0.98220
-10.750 10.750  0.97759
-10.750 11.250  0.97290
-10.750 11.750  0.96816
-10.750 12.250  0.96339
-10.750 12.750  0.95860
-10.750 13.250  0.95382
-10.750 13.750  0.94907
-10.750 14.250  0.94438
-10.750 14.750  0.93976
-10.750 15.250  0.93524
-10.750 15.750  0.93084
-10.750 16.250  0.92658
-10.750 16.750  0.92248
-10.750 17.250  0.91857
-10.750 17.750  0.91487
-10.750 18.250  0.91139
-10.750 18.750  0.90817
-10.750 19.250  0.90521
-10.750 19.750  0.90254
-10.750 20.250  0.90018
-10.750 20.750  0.89813
-10.750 21.250  0.89643
-10.750 21.750  0.89508
-10.750 22.250  0.89410
-10.750 22.750  0.89349
-10.750 23.250  0.89328
-10.750 23.750  0.89346
-10.750 24.250  0.89406
-10.750 24.750  0.89507
-10.750 25.250  0.89649
-10.750 25.750  0.89835
-10.750 26.250  0.90063
-10.750 26.750  0.90335
-10.750 27.250  0.90649
-10.750 27.750  0.91006
-10.750 28.250  0.91407
-10.750 28.750  0.91850
-10.750 29.250  0.92336
-10.750 29.750  0.92863
-10.750 30.250  0.93432
-10.750 30.750  0.94042
-10.750 31.250  0.94692
-10.750 31.750  0.95382
-10.750 32.250  0.96112
-10.750 32.750  0.96879
-10.750 33.250  0.97684
-10.750 33.750  0.98526
-10.750 34.250  0.99404
-10.750 34.750  1.00318
-10.750 35.250  1.01266
-10.750 35.750  1.02248
-10.750 36.250  1.03264
-10.750 36.750  1.04312
-10.750 37.250  1.05392
-10.750 37.750  1.06503
-10.750 38.250  1.07645
-10.750 38.750  1.08817
-10.750 39.250  1.10020
-10.750 39.750  1.11251
-10.750 40.250  1.12511
-10.750 40.750  1.13799
-10.750 41.250  1.15116
-10.750 41.750  1.16460
-10.750 42.250  1.17832
-10.750 42.750  1.19231
-10.750 43.250  1.20657
-10.750 43.750  1.22110
-10.750 44.250  1.23590
-10.750 44.750  1.25097
-10.250 -44.750  1.25708
-10.250 -44.250  1.24203
-10.250 -43.750  1.22724
-10.250 -43.250  1.21273
-10.250 -42.750  1.19849
-10.250 -42.250  1.18453
-10.250 -41.750  1.17084
-10.250 -41.250  1.15743
-10.250 -40.750  1.14431
-10.250 -40.250  1.13146
-10.250 -39.750  1.11891
-10.250 -39.250  1.10664
-10.250 -38.750  1.09467
-10.250 -38.250  1.08300
-10.250 -37.750  1.07164
-10.250 -37.250  1.06058
-10.250 -36.750  1.04984
-10.250 -36.250  1.03942
-10.250 -35.750  1.02933
-10.250 -35.250  1.01956
-10.250 -34.750  1.01014
-10.250 -34.250  1.00106
-10.250 -33.750  0.99234
-10.250 -33.250  0.98397
-10.250 -32.750  0.97597
-10.250 -32.250  0.96834
-10.250 -31.750  0.96109
-10.250 -31.250  0.95422
-10.250 -30.750  0.94775
-10.250 -30.250  0.94167
-10.250 -29.750  0.93599
-10.250 -29.250  0.93071
-10.250 -28.750  0.92585
-10.250 -28.250  0.92140
-10.250 -27.750  0.91736
-10.250 -27.250  0.91374
-10.250 -26.750  0.91054
-10.250 -26.250  0.90776
-10.250 -25.750  0.90539
-10.250 -25.250  0.90344
-10.250 -24.750  0.90190
-10.250 -24.250  0.90077
-10.250 -23.750  0.90003
-10.250 -23.250  0.89969
-10.250 -22.750  0.89973
-10.250 -22.250  0.90015
-10.250 -21.750  0.90094
-10.250 -21.250  0.90207
-10.250 -20.750  0.90355
-10.250 -20.250  0.90535
-10.250 -19.750  0.90747
-10.250 -19.250  0.90988
-10.250 -18.750  0.91256
-10.250 -18.250  0.91551
-10.250 -17.750  0.91869
-10.250 -17.250  0.92210
-10.250 -16.750  0.92571
-10.250 -16.250  0.92950
-10.250 -15.750  0.93345
-10.250 -15.250  0.93754
-10.250 -14.750  0.94175
-10.250 -14.250  0.94605
-10.250 -13.750  0.95043
-10.250 -13.250  0.95487
-10.250 -12.750  0.95934
-10.250 -12.250  0.96382
-10.250 -11.750  0.96829
-10.250 -11.250  0.97274
-10.250 -10.750  0.97714
-10.250 -10.250  0.98148
-10.250 -9.750  0.98573
-10.250 -9.250  0.98989
-10.250 -8.750  0.99392
-10.250 -8.250  0.99782
-10.250 -7.750  1.00157
-10.250 -7.250  1.00516
-10.250 -6.750  1.00857
-10.250 -6.250  1.01180
-10.250 -5.750  1.01482
-10.250 -5.250  1.01762
-10.250 -4.750  1.02021
-10.250 -4.250  1.02256
-10.250 -3.750  1.02467
-10.250 -3.250  1.02654
-10.250 -2.750  1.02815
-10.250 -2.250  1.02950
-10.250 -1.750  1.03058
-10.250 -1.250  1.03140
-10.250 -0.750  1.03195
-10.250 -0.250  1.03222
-10.250 0.250  1.03222
-10.250 0.750  1.03195
-10.250 1.250  1.03140
-10.250 1.750  1.03058
-10.250 2.250  1.02950
-10.250 2.750  1.02815
-10.250 3.250  1.02654
-10.250 3.750  1.02467
-10.250 4.250  1.02256
-10.250 4.750  1.02021
-10.250 5.250  1.01762
-10.250 5.750  1.01482
-10.250 6.250  1.01180
-10.250 6.750  1.00857
-10.250 7.250  1.00516
-10.250 7.750  1.00157
-10.250 8.250  0.99782
-10.250 8.750  0.99392
-10.250 9.250  0.98989
-10.250 9.750  0.98573
-10.250 10.250  0.98148
-10.250 10.750  0.97714
-10.250 11.250  0.97274
-10.250 11.750  0.96829
-10.250 12.250  0.96382
-10.250 12.750  0.95934
-10.250 13.250  0.95487
-10.250 13.750  0.95043
-10.250 14.250  0.94605
-10.250 14.750  0.94175
-10.250 15.250  0.93754
-10.250 15.750  0.93345
-10.250 16.250  0.92950
-10.250 16.750  0.92571
-10.250 17.250  0.92210
-10.250 17.750  0.91869
-10.250 18.250  0.91551
-10.250 18.750  0.91256
-10.250 19.250  0.90988
-10.250 19.750  0.90747
-10.250 20.250  0.90535
-10.250 20.750  0.90355
-10.250 21.250  0.90207
-10.250 21.750  0.90094
-10.250 22.250  0.90015
-10.250 22.750  0.89973
-10.250 23.250  0.89969
-10.250 23.750  0.90003
-10.250 24.250  0.90077
-10.250 24.750  0.90190
-10.250 25.250  0.90344
-10.250 25.750  0.90539
-10.250 26.250  0.90776
-10.250 26.750  0.91054
-10.250 27.250  0.91374
-10.250 27.750  0.91736
-10.250 28.250  0.92140
-10.250 28.750  0.92585
-10.250 29.250  0.93071
-10.250 29.750  0.93599
-10.250 30.250  0.94167
-10.250 30.750  0.94775
-10.250 31.250  0.95422
-10.250 31.750  0.96109
-10.250 32.250  0.96834
-10.250 32.750  0.97597
-10.250 33.250  0.98397
-10.250 33.750  0.99234
-10.250 34.250  1.00106
-10.250 34.750  1.01014
-10.250 35.250  1.01956
-10.250 35.750  1.02933
-10.250 36.250  1.03942
-10.250 36.750  1.04984
-10.250 37.250  1.06058
-10.250 37.750  1.07164
-10.250 38.250  1.08300
-10.250 38.750  1.09467
-10.250 39.250  1.10664
-10.250 39.750  1.11891
-10.250 40.250  1.13146
-10.250 40.750  1.14431
-10.250 41.250  1.15743
-10.250 41.750  1.17084
-10.250 42.250  1.18453
-10.250 42.750  1.19849
-10.250 43.250  1.21273
-10.250 43.750  1.22724
-10.250 44.250  1.24203
-10.250 44.750  1.25708
-9.750 -44.750  1.26293
-9.750 -44.250  1.24788
-9.750 -43.750  1.23311
-9.750 -43.250  1.21862
-9.750 -42.750  1.20440
-9.750 -42.250  1.19046
-9.750 -41.750  1.17680
-9.750 -41.250  1.16343
-9.750 -40.750  1.15034
-9.750 -40.250  1.13753
-9.750 -39.750  1.12502
-9.750 -39.250  1.11280
-9.750 -38.750  1.10087
-9.750 -38.250  1.08925
-9.750 -37.750  1.07794
-9.750 -37.250  1.06693
-9.750 -36.750  1.05625
-9.750 -36.250  1.04588
-9.750 -35.750  1.03584
-9.750 -35.250  1.02613
-9.750 -34.750  1.01676
-9.750 -34.250  1.00773
-9.750 -33.750  0.99906
-9.750 -33.250  0.99074
-9.750 -32.750  0.98278
-9.750 -32.250  0.97519
-9.750 -31.750  0.96797
-9.750 -31.250  0.96113
-9.750 -30.750  0.95468
-9.750 -30.250  0.94861
-9.750 -29.750  0.94294
-9.750 -29.250  0.93766
-9.750 -28.750  0.93278
-9.750 -28.250  0.92831
-9.750 -27.750  0.92424
-9.750 -27.250  0.92058
-9.750 -26.750  0.91732
-9.750 -26.250  0.91447
-9.750 -25.750  0.91202
-9.750 -25.250  0.90998
-9.750 -24.750  0.90833
-9.750 -24.250  0.90707
-9.750 -23.750  0.90620
-9.750 -23.250  0.90572
-9.750 -22.750  0.90560
-9.750 -22.250  0.90584
-9.750 -21.750  0.90644
-9.750 -21.250  0.90738
-9.750 -20.750  0.90864
-9.750 -20.250  0.91022
-9.750 -19.750  0.91210
-9.750 -19.250  0.91427
-9.750 -18.750  0.91670
-9.750 -18.250  0.91938
-9.750 -17.750  0.92230
-9.750 -17.250  0.92543
-9.750 -16.750  0.92876
-9.750 -16.250  0.93226
-9.750 -15.750  0.93592
-9.750 -15.250  0.93972
-9.750 -14.750  0.94364
-9.750 -14.250  0.94765
-9.750 -13.750  0.95174
-9.750 -13.250  0.95588
-9.750 -12.750  0.96006
-9.750 -12.250  0.96426
-9.750 -11.750  0.96846
-9.750 -11.250  0.97263
-9.750 -10.750  0.97676
-9.750 -10.250  0.98084
-9.750 -9.750  0.98484
-9.750 -9.250  0.98875
-9.750 -8.750  0.99255
-9.750 -8.250  0.99623
-9.750 -7.750  0.99976
-9.750 -7.250  1.00315
-9.750 -6.750  1.00637
-9.750 -6.250  1.00941
-9.750 -5.750  1.01227
-9.750 -5.250  1.01492
-9.750 -4.750  1.01736
-9.750 -4.250  1.01959
-9.750 -3.750  1.02158
-9.750 -3.250  1.02335
-9.750 -2.750  1.02487
-9.750 -2.250  1.02615
-9.750 -1.750  1.02718
-9.750 -1.250  1.02795
-9.750 -0.750  1.02847
-9.750 -0.250  1.02873
-9.750 0.250  1.02873
-9.750 0.750  1.02847
-9.750 1.250  1.02795
-9.750 1.750  1.02718
-9.750 2.250  1.02615
-9.750 2.750  1.02487
-9.750 3.250  1.02335
-9.750 3.750  1.02158
-9.750 4.250  1.01959
-9.750 4.750  1.01736
-9.750 5.250  1.01492
-9.750 5.750  1.01227
-9.750 6.250  1.00941
-9.750 6.750  1.00637
-9.750 7.250  1.00315
-9.750 7.750  0.99976
-9.750 8.250  0.99623
-9.750 8.750  0.99255
-9.750 9.250  0.98875
-9.750 9.750  0.98484
-9.750 10.250  0.98084
-9.750 10.750  0.97676
-9.750 11.250  0.97263
-9.750 11.750  0.96846
-9.750 12.250  0.96426
-9.750 12.750  0.96006
-9.750 13.250  0.95588
-9.750 13.750  0.95174
-9.750 14.250  0.94765
-9.750 14.750  0.94364
-9.750 15.250  0.93972
-9.750 15.750  0.93592
-9.750 16.250  0.93226
-9.750 16.750  0.92876
-9.750 17.250  0.92543
-9.750 17.750  0.92230
-9.750 18.250  0.91938
-9.750 18.750  0.91670
-9.750 19.250  0.91427
-9.750 19.750  0.91210
-9.750 20.250  0.91022
-9.750 20.750  0.90864
-9.750 21.250  0.90738
-9.750 21.750  0.90644
-9.750 22.250  0.90584
-9.750 22.750  0.90560
-9.750 23.250  0.90572
-9.750 23.750  0.90620
-9.750 24.250  0.90707
-9.750 24.750  0.90833
-9.750 25.250  0.90998
-9.750 25.750  0.91202
-9.750 26.250  0.91447
-9.750 26.750  0.91732
-9.750 27.250  0.92058
-9.750 27.750  0.92424
-9.750 28.250  0.92831
-9.750 28.750  0.93278
-9.750 29.250  0.93766
-9.750 29.750  0.94294
-9.750 30.250  0.94861
-9.750 30.750  0.95468
-9.750 31.250  0.96113
-9.750 31.750  0.96797
-9.750 32.250  0.97519
-9.750 32.750  0.98278
-9.750 33.250  0.99074
-9.750 33.750  0.99906
-9.750 34.250  1.00773
-9.750 34.750  1.01676
-9.750 35.250  1.02613
-9.750 35.750  1.03584
-9.750 36.250  1.04588
-9.750 36.750  1.05625
-9.750 37.250  1.06693
-9.750 37.750  1.07794
-9.750 38.250  1.08925
-9.750 38.750  1.10087
-9.750 39.250  1.11280
-9.750 39.750  1.12502
-9.750 40.250  1.13753
-9.750 40.750  1.15034
-9.750 41.250  1.16343
-9.750 41.750  1.17680
-9.750 42.250  1.19046
-9.750 42.750  1.20440
-9.750 43.250  1.21862
-9.750 43.750  1.23311
-9.750 44.250  1.24788
-9.750 44.750  1.26293
-9.250 -44.750  1.26850
-9.250 -44.250  1.25346
-9.250 -43.750  1.23871
-9.250 -43.250  1.22423
-9.250 -42.750  1.21003
-9.250 -42.250  1.19612
-9.250 -41.750  1.18248
-9.250 -41.250  1.16914
-9.250 -40.750  1.15608
-9.250 -40.250  1.14331
-9.250 -39.750  1.13083
-9.250 -39.250  1.11865
-9.250 -38.750  1.10677
-9.250 -38.250  1.09520
-9.250 -37.750  1.08393
-9.250 -37.250  1.07297
-9.250 -36.750  1.06233
-9.250 -36.250  1.05201
-9.250 -35.750  1.04202
-9.250 -35.250  1.03236
-9.250 -34.750  1.02304
-9.250 -34.250  1.01405
-9.250 -33.750  1.00542
-9.250 -33.250  0.99714
-9.250 -32.750  0.98922
-9.250 -32.250  0.98166
-9.250 -31.750  0.97447
-9.250 -31.250  0.96765
-9.250 -30.750  0.96122
-9.250 -30.250  0.95516
-9.250 -29.750  0.94949
-9.250 -29.250  0.94421
-9.250 -28.750  0.93932
-9.250 -28.250  0.93482
-9.250 -27.750  0.93072
-9.250 -27.250  0.92701
-9.250 -26.750  0.92370
-9.250 -26.250  0.92078
-9.250 -25.750  0.91825
-9.250 -25.250  0.91612
-9.250 -24.750  0.91437
-9.250 -24.250  0.91299
-9.250 -23.750  0.91200
-9.250 -23.250  0.91137
-9.250 -22.750  0.91110
-9.250 -22.250  0.91118
-9.250 -21.750  0.91160
-9.250 -21.250  0.91235
-9.250 -20.750  0.91342
-9.250 -20.250  0.91479
-9.250 -19.750  0.91645
-9.250 -19.250  0.91839
-9.250 -18.750  0.92059
-9.250 -18.250  0.92302
-9.250 -17.750  0.92569
-9.250 -17.250  0.92857
-9.250 -16.750  0.93163
-9.250 -16.250  0.93487
-9.250 -15.750  0.93826
-9.250 -15.250  0.94179
-9.250 -14.750  0.94543
-9.250 -14.250  0.94917
-9.250 -13.750  0.95299
-9.250 -13.250  0.95686
-9.250 -12.750  0.96077
-9.250 -12.250  0.96471
-9.250 -11.750  0.96864
-9.250 -11.250  0.97256
-9.250 -10.750  0.97644
-9.250 -10.250  0.98028
-9.250 -9.750  0.98404
-9.250 -9.250  0.98772
-9.250 -8.750  0.99130
-9.250 -8.250  0.99477
-9.250 -7.750  0.99811
-9.250 -7.250  1.00130
-9.250 -6.750  1.00434
-9.250 -6.250  1.00722
-9.250 -5.750  1.00992
-9.250 -5.250  1.01242
-9.250 -4.750  1.01473
-9.250 -4.250  1.01684
-9.250 -3.750  1.01873
-9.250 -3.250  1.02040
-9.250 -2.750  1.02184
-9.250 -2.250  1.02305
-9.250 -1.750  1.02403
-9.250 -1.250  1.02476
-9.250 -0.750  1.02525
-9.250 -0.250  1.02549
-9.250 0.250  1.02549
-9.250 0.750  1.02525
-9.250 1.250  1.02476
-9.250 1.750  1.02403
-9.250 2.250  1.02305
-9.250 2.750  1.02184
-9.250 3.250  1.02040
-9.250 3.750  1.01873
-9.250 4.250  1.01684
-9.250 4.750  1.01473
-9.250 5.250  1.01242
-9.250 5.750  1.00992
-9.250 6.250  1.00722
-9.250 6.750  1.00434
-9.250 7.250  1.00130
-9.250 7.750  0.99811
-9.250 8.250  0.99477
-9.250 8.750  0.99130
-9.250 9.250  0.98772
-9.250 9.750  0.98404
-9.250 10.250  0.98028
-9.250 10.750  0.97644
-9.250 11.250  0.97256
-9.250 11.750  0.96864
-9.250 12.250  0.96471
-9.250 12.750  0.96077
-9.250 13.250  0.95686
-9.250 13.750  0.95299
-9.250 14.250  0.94917
-9.250 14.750  0.94543
-9.250 15.250  0.94179
-9.250 15.750  0.93826
-9.250 16.250  0.93487
-9.250 16.750  0.93163
-9.250 17.250  0.92857
-9.250 17.750  0.92569
-9.250 18.250  0.92302
-9.250 18.750  0.92059
-9.250 19.250  0.91839
-9.250 19.750  0.91645
-9.250 20.250  0.91479
-9.250 20.750  0.91342
-9.250 21.250  0.91235
-9.250 21.750  0.91160
-9.250 22.250  0.91118
-9.250 22.750  0.91110
-9.250 23.250  0.91137
-9.250 23.750  0.91200
-9.250 24.250  0.91299
-9.250 24.750  0.91437
-9.250 25.250  0.91612
-9.250 25.750  0.91825
-9.250 26.250  0.92078
-9.250 26.750  0.92370
-9.250 27.250  0.92701
-9.250 27.750  0.93072
-9.250 28.250  0.93482
-9.250 28.750  0.93932
-9.250 29.250  0.94421
-9.250 29.750  0.94949
-9.250 30.250  0.95516
-9.250 30.750  0.96122
-9.250 31.250  0.96765
-9.250 31.750  0.97447
-9.250 32.250  0.98166
-9.250 32.750  0.98922
-9.250 33.250  0.99714
-9.250 33.750  1.00542
-9.250 34.250  1.01405
-9.250 34.750  1.02304
-9.250 35.250  1.03236
-9.250 35.750  1.04202
-9.250 36.250  1.05201
-9.250 36.750  1.06233
-9.250 37.250  1.07297
-9.250 37.750  1.08393
-9.250 38.250  1.09520
-9.250 38.750  1.10677
-9.250 39.250  1.11865
-9.250 39.750  1.13083
-9.250 40.250  1.14331
-9.250 40.750  1.15608
-9.250 41.250  1.16914
-9.250 41.750  1.18248
-9.250 42.250  1.19612
-9.250 42.750  1.21003
-9.250 43.250  1.22423
-9.250 43.750  1.23871
-9.250 44.250  1.25346
-9.250 44.750  1.26850
-8.750 -44.750  1.27379
-8.750 -44.250  1.25876
-8.750 -43.750  1.24402
-8.750 -43.250  1.22956
-8.750 -42.750  1.21538
-8.750 -42.250  1.20149
-8.750 -41.750  1.18788
-8.750 -41.250  1.17456
-8.750 -40.750  1.16153
-8.750 -40.250  1.14879
-8.750 -39.750  1.13635
-8.750 -39.250  1.12421
-8.750 -38.750  1.11237
-8.750 -38.250  1.10083
-8.750 -37.750  1.08960
-8.750 -37.250  1.07869
-8.750 -36.750  1.06809
-8.750 -36.250  1.05782
-8.750 -35.750  1.04787
-8.750 -35.250  1.03825
-8.750 -34.750  1.02897
-8.750 -34.250  1.02003
-8.750 -33.750  1.01143
-8.750 -33.250  1.00319
-8.750 -32.750  0.99530
-8.750 -32.250  0.98777
-8.750 -31.750  0.98060
-8.750 -31.250  0.97380
-8.750 -30.750  0.96737
-8.750 -30.250  0.96132
-8.750 -29.750  0.95565
-8.750 -29.250  0.95036
-8.750 -28.750  0.94545
-8.750 -28.250  0.94093
-8.750 -27.750  0.93679
-8.750 -27.250  0.93304
-8.750 -26.750  0.92968
-8.750 -26.250  0.92669
-8.750 -25.750  0.92409
-8.750 -25.250  0.92187
-8.750 -24.750  0.92002
-8.750 -24.250  0.91854
-8.750 -23.750  0.91742
-8.750 -23.250  0.91666
-8.750 -22.750  0.91625
-8.750 -22.250  0.91618
-8.750 -21.750  0.91644
-8.750 -21.250  0.91701
-8.750 -20.750  0.91789
-8.750 -20.250  0.91907
-8.750 -19.750  0.92053
-8.750 -19.250  0.92225
-8.750 -18.750  0.92423
-8.750 -18.250  0.92644
-8.750 -17.750  0.92887
-8.750 -17.250  0.93151
-8.750 -16.750  0.93433
-8.750 -16.250  0.93732
-8.750 -15.750  0.94046
-8.750 -15.250  0.94374
-8.750 -14.750  0.94713
-8.750 -14.250  0.95061
-8.750 -13.750  0.95418
-8.750 -13.250  0.95780
-8.750 -12.750  0.96146
-8.750 -12.250  0.96515
-8.750 -11.750  0.96884
-8.750 -11.250  0.97252
-8.750 -10.750  0.97617
-8.750 -10.250  0.97978
-8.750 -9.750  0.98332
-8.750 -9.250  0.98679
-8.750 -8.750  0.99017
-8.750 -8.250  0.99344
-8.750 -7.750  0.99659
-8.750 -7.250  0.99961
-8.750 -6.750  1.00248
-8.750 -6.250  1.00520
-8.750 -5.750  1.00775
-8.750 -5.250  1.01013
-8.750 -4.750  1.01231
-8.750 -4.250  1.01431
-8.750 -3.750  1.01610
-8.750 -3.250  1.01768
-8.750 -2.750  1.01905
-8.750 -2.250  1.02019
-8.750 -1.750  1.02111
-8.750 -1.250  1.02181
-8.750 -0.750  1.02227
-8.750 -0.250  1.02251
-8.750 0.250  1.02251
-8.750 0.750  1.02227
-8.750 1.250  1.02181
-8.750 1.750  1.02111
-8.750 2.250  1.02019
-8.750 2.750  1.01905
-8.750 3.250  1.01768
-8.750 3.750  1.01610
-8.750 4.250  1.01431
-8.750 4.750  1.01231
-8.750 5.250  1.01013
-8.750 5.750  1.00775
-8.750 6.250  1.00520
-8.750 6.750  1.00248
-8.750 7.250  0.99961
-8.750 7.750  0.99659
-8.750 8.250  0.99344
-8.750 8.750  0.99017
-8.750 9.250  0.98679
-8.750 9.750  0.98332
-8.750 10.250  0.97978
-8.750 10.750  0.97617
-8.750 11.250  0.97252
-8.750 11.750  0.96884
-8.750 12.250  0.96515
-8.750 12.750  0.96146
-8.750 13.250  0.95780
-8.750 13.750  0.95418
-8.750 14.250  0.95061
-8.750 14.750  0.94713
-8.750 15.250  0.94374
-8.750 15.750  0.94046
-8.750 16.250  0.93732
-8.750 16.750  0.93433
-8.750 17.250  0.93151
-8.750 17.750  0.92887
-8.750 18.250  0.92644
-8.750 18.750  0.92423
-8.750 19.250  0.92225
-8.750 19.750  0.92053
-8.750 20.250  0.91907
-8.750 20.750  0.91789
-8.750 21.250  0.91701
-8.750 21.750  0.91644
-8.750 22.250  0.91618
-8.750 22.750  0.91625
-8.750 23.250  0.91666
-8.750 23.750  0.91742
-8.750 24.250  0.91854
-8.750 24.750  0.92002
-8.750 25.250  0.92187
-8.750 25.750  0.92409
-8.750 26.250  0.92669
-8.750 26.750  0.92968
-8.750 27.250  0.93304
-8.750 27.750  0.93679
-8.750 28.250  0.94093
-8.750 28.750  0.94545
-8.750 29.250  0.95036
-8.750 29.750  0.95565
-8.750 30.250  0.96132
-8.750 30.750  0.96737
-8.750 31.250  0.97380
-8.750 31.750  0.98060
-8.750 32.250  0.98777
-8.750 32.750  0.99530
-8.750 33.250  1.00319
-8.750 33.750  1.01143
-8.750 34.250  1.02003
-8.750 34.750  1.02897
-8.750 35.250  1.03825
-8.750 35.750  1.04787
-8.750 36.250  1.05782
-8.750 36.750  1.06809
-8.750 37.250  1.07869
-8.750 37.750  1.08960
-8.750 38.250  1.10083
-8.750 38.750  1.11237
-8.750 39.250  1.12421
-8.750 39.750  1.13635
-8.750 40.250  1.14879
-8.750 40.750  1.16153
-8.750 41.250  1.17456
-8.750 41.750  1.18788
-8.750 42.250  1.20149
-8.750 42.750  1.21538
-8.750 43.250  1.22956
-8.750 43.750  1.24402
-8.750 44.250  1.25876
-8.750 44.750  1.27379
-8.250 -44.750  1.27880
-8.250 -44.250  1.26378
-8.250 -43.750  1.24905
-8.250 -43.250  1.23461
-8.250 -42.750  1.22045
-8.250 -42.250  1.20657
-8.250 -41.750  1.19299
-8.250 -41.250  1.17969
-8.250 -40.750  1.16669
-8.250 -40.250  1.15398
-8.250 -39.750  1.14157
-8.250 -39.250  1.12946
-8.250 -38.750  1.11766
-8.250 -38.250  1.10616
-8.250 -37.750  1.09497
-8.250 -37.250  1.08409
-8.250 -36.750  1.07353
-8.250 -36.250  1.06330
-8.250 -35.750  1.05339
-8.250 -35.250  1.04381
-8.250 -34.750  1.03456
-8.250 -34.250  1.02565
-8.250 -33.750  1.01709
-8.250 -33.250  1.00888
-8.250 -32.750  1.00101
-8.250 -32.250  0.99351
-8.250 -31.750  0.98636
-8.250 -31.250  0.97957
-8.250 -30.750  0.97316
-8.250 -30.250  0.96711
-8.250 -29.750  0.96143
-8.250 -29.250  0.95613
-8.250 -28.750  0.95121
-8.250 -28.250  0.94666
-8.250 -27.750  0.94249
-8.250 -27.250  0.93869
-8.250 -26.750  0.93527
-8.250 -26.250  0.93223
-8.250 -25.750  0.92955
-8.250 -25.250  0.92725
-8.250 -24.750  0.92531
-8.250 -24.250  0.92372
-8.250 -23.750  0.92249
-8.250 -23.250  0.92161
-8.250 -22.750  0.92106
-8.250 -22.250  0.92085
-8.250 -21.750  0.92095
-8.250 -21.250  0.92136
-8.250 -20.750  0.92207
-8.250 -20.250  0.92307
-8.250 -19.750  0.92433
-8.250 -19.250  0.92586
-8.250 -18.750  0.92763
-8.250 -18.250  0.92964
-8.250 -17.750  0.93185
-8.250 -17.250  0.93427
-8.250 -16.750  0.93686
-8.250 -16.250  0.93962
-8.250 -15.750  0.94253
-8.250 -15.250  0.94557
-8.250 -14.750  0.94873
-8.250 -14.250  0.95198
-8.250 -13.750  0.95531
-8.250 -13.250  0.95869
-8.250 -12.750  0.96213
-8.250 -12.250  0.96558
-8.250 -11.750  0.96905
-8.250 -11.250  0.97251
-8.250 -10.750  0.97595
-8.250 -10.250  0.97934
-8.250 -9.750  0.98268
-8.250 -9.250  0.98596
-8.250 -8.750  0.98914
-8.250 -8.250  0.99223
-8.250 -7.750  0.99521
-8.250 -7.250  0.99806
-8.250 -6.750  1.00078
-8.250 -6.250  1.00335
-8.250 -5.750  1.00577
-8.250 -5.250  1.00802
-8.250 -4.750  1.01009
-8.250 -4.250  1.01198
-8.250 -3.750  1.01367
-8.250 -3.250  1.01517
-8.250 -2.750  1.01647
-8.250 -2.250  1.01756
-8.250 -1.750  1.01843
-8.250 -1.250  1.01909
-8.250 -0.750  1.01953
-8.250 -0.250  1.01975
-8.250 0.250  1.01975
-8.250 0.750  1.01953
-8.250 1.250  1.01909
-8.250 1.750  1.01843
-8.250 2.250  1.01756
-8.250 2.750  1.01647
-8.250 3.250  1.01517
-8.250 3.750  1.01367
-8.250 4.250  1.01198
-8.250 4.750  1.01009
-8.250 5.250  1.00802
-8.250 5.750  1.00577
-8.250 6.250  1.00335
-8.250 6.750  1.00078
-8.250 7.250  0.99806
-8.250 7.750  0.99521
-8.250 8.250  0.99223
-8.250 8.750  0.98914
-8.250 9.250  0.98596
-8.250 9.750  0.98268
-8.250 10.250  0.97934
-8.250 10.750  0.97595
-8.250 11.250  0.97251
-8.250 11.750  0.96905
-8.250 12.250  0.96558
-8.250 12.750  0.96213
-8.250 13.250  0.95869
-8.250 13.750  0.95531
-8.250 14.250  0.95198
-8.250 14.750  0.94873
-8.250 15.250  0.94557
-8.250 15.750  0.94253
-8.250 16.250  0.93962
-8.250 16.750  0.93686
-8.250 17.250  0.93427
-8.250 17.750  0.93185
-8.250 18.250  0.92964
-8.250 18.750  0.92763
-8.250 19.250  0.92586
-8.250 19.750  0.92433
-8.250 20.250  0.92307
-8.250 20.750  0.92207
-8.250 21.250  0.92136
-8.250 21.750  0.92095
-8.250 22.250  0.92085
-8.250 22.750  0.92106
-8.250 23.250  0.92161
-8.250 23.750  0.92249
-8.250 24.250  0.92372
-8.250 24.750  0.92531
-8.250 25.250  0.92725
-8.250 25.750  0.92955
-8.250 26.250  0.93223
-8.250 26.750  0.93527
-8.250 27.250  0.93869
-8.250 27.750  0.94249
-8.250 28.250  0.94666
-8.250 28.750  0.95121
-8.250 29.250  0.95613
-8.250 29.750  0.96143
-8.250 30.250  0.96711
-8.250 30.750  0.97316
-8.250 31.250  0.97957
-8.250 31.750  0.98636
-8.250 32.250  0.99351
-8.250 32.750  1.00101
-8.250 33.250  1.00888
-8.250 33.750  1.01709
-8.250 34.250  1.02565
-8.250 34.750  1.03456
-8.250 35.250  1.04381
-8.250 35.750  1.05339
-8.250 36.250  1.06330
-8.250 36.750  1.07353
-8.250 37.250  1.08409
-8.250 37.750  1.09497
-8.250 38.250  1.10616
-8.250 38.750  1.11766
-8.250 39.250  1.12946
-8.250 39.750  1.14157
-8.250 40.250  1.15398
-8.250 40.750  1.16669
-8.250 41.250  1.17969
-8.250 41.750  1.19299
-8.250 42.250  1.20657
-8.250 42.750  1.22045
-8.250 43.250  1.23461
-8.250 43.750  1.24905
-8.250 44.250  1.26378
-8.250 44.750  1.27880
-7.750 -44.750  1.28352
-7.750 -44.250  1.26852
-7.750 -43.750  1.25380
-7.750 -43.250  1.23937
-7.750 -42.750  1.22522
-7.750 -42.250  1.21137
-7.750 -41.750  1.19780
-7.750 -41.250  1.18453
-7.750 -40.750  1.17155
-7.750 -40.250  1.15887
-7.750 -39.750  1.14649
-7.750 -39.250  1.13441
-7.750 -38.750  1.12264
-7.750 -38.250  1.11117
-7.750 -37.750  1.10002
-7.750 -37.250  1.08917
-7.750 -36.750  1.07865
-7.750 -36.250  1.06845
-7.750 -35.750  1.05857
-7.750 -35.250  1.04903
-7.750 -34.750  1.03981
-7.750 -34.250  1.03094
-7.750 -33.750  1.02240
-7.750 -33.250  1.01422
-7.750 -32.750  1.00638
-7.750 -32.250  0.99889
-7.750 -31.750  0.99176
-7.750 -31.250  0.98498
-7.750 -30.750  0.97857
-7.750 -30.250  0.97252
-7.750 -29.750  0.96684
-7.750 -29.250  0.96153
-7.750 -28.750  0.95658
-7.750 -28.250  0.95201
-7.750 -27.750  0.94780
-7.750 -27.250  0.94396
-7.750 -26.750  0.94049
-7.750 -26.250  0.93739
-7.750 -25.750  0.93465
-7.750 -25.250  0.93226
-7.750 -24.750  0.93023
-7.750 -24.250  0.92855
-7.750 -23.750  0.92722
-7.750 -23.250  0.92622
-7.750 -22.750  0.92555
-7.750 -22.250  0.92519
-7.750 -21.750  0.92515
-7.750 -21.250  0.92541
-7.750 -20.750  0.92596
-7.750 -20.250  0.92679
-7.750 -19.750  0.92788
-7.750 -19.250  0.92923
-7.750 -18.750  0.93081
-7.750 -18.250  0.93262
-7.750 -17.750  0.93463
-7.750 -17.250  0.93684
-7.750 -16.750  0.93923
-7.750 -16.250  0.94178
-7.750 -15.750  0.94447
-7.750 -15.250  0.94730
-7.750 -14.750  0.95023
-7.750 -14.250  0.95327
-7.750 -13.750  0.95638
-7.750 -13.250  0.95955
-7.750 -12.750  0.96277
-7.750 -12.250  0.96601
-7.750 -11.750  0.96927
-7.750 -11.250  0.97253
-7.750 -10.750  0.97576
-7.750 -10.250  0.97896
-7.750 -9.750  0.98212
-7.750 -9.250  0.98520
-7.750 -8.750  0.98821
-7.750 -8.250  0.99113
-7.750 -7.750  0.99395
-7.750 -7.250  0.99665
-7.750 -6.750  0.99923
-7.750 -6.250  1.00166
-7.750 -5.750  1.00395
-7.750 -5.250  1.00608
-7.750 -4.750  1.00805
-7.750 -4.250  1.00984
-7.750 -3.750  1.01145
-7.750 -3.250  1.01287
-7.750 -2.750  1.01410
-7.750 -2.250  1.01513
-7.750 -1.750  1.01596
-7.750 -1.250  1.01659
-7.750 -0.750  1.01701
-7.750 -0.250  1.01722
-7.750 0.250  1.01722
-7.750 0.750  1.01701
-7.750 1.250  1.01659
-7.750 1.750  1.01596
-7.750 2.250  1.01513
-7.750 2.750  1.01410
-7.750 3.250  1.01287
-7.750 3.750  1.01145
-7.750 4.250  1.00984
-7.750 4.750  1.00805
-7.750 5.250  1.00608
-7.750 5.750  1.00395
-7.750 6.250  1.00166
-7.750 6.750  0.99923
-7.750 7.250  0.99665
-7.750 7.750  0.99395
-7.750 8.250  0.99113
-7.750 8.750  0.98821
-7.750 9.250  0.98520
-7.750 9.750  0.98212
-7.750 10.250  0.97896
-7.750 10.750  0.97576
-7.750 11.250  0.97253
-7.750 11.750  0.96927
-7.750 12.250  0.96601
-7.750 12.750  0.96277
-7.750 13.250  0.95955
-7.750 13.750  0.95638
-7.750 14.250  0.95327
-7.750 14.750  0.95023
-7.750 15.250  0.94730
-7.750 15.750  0.94447
-7.750 16.250  0.94178
-7.750 16.750  0.93923
-7.750 17.250  0.93684
-7.750 17.750  0.93463
-7.750 18.250  0.93262
-7.750 18.750  0.93081
-7.750 19.250  0.92923
-7.750 19.750  0.92788
-7.750 20.250  0.92679
-7.750 20.750  0.92596
-7.750 21.250  0.92541
-7.750 21.750  0.92515
-7.750 22.250  0.92519
-7.750 22.750  0.92555
-7.750 23.250  0.92622
-7.750 23.750  0.92722
-7.750 24.250  0.92855
-7.750 24.750  0.93023
-7.750 25.250  0.93226
-7.750 25.750  0.93465
-7.750 26.250  0.93739
-7.750 26.750  0.94049
-7.750 27.250  0.94396
-7.750 27.750  0.94780
-7.750 28.250  0.95201
-7.750 28.750  0.95658
-7.750 29.250  0.96153
-7.750 29.750  0.96684
-7.750 30.250  0.97252
-7.750 30.750  0.97857
-7.750 31.250  0.98498
-7.750 31.750  0.99176
-7.750 32.250  0.99889
-7.750 32.750  1.00638
-7.750 33.250  1.01422
-7.750 33.750  1.02240
-7.750 34.250  1.03094
-7.750 34.750  1.03981
-7.750 35.250  1.04903
-7.750 35.750  1.05857
-7.750 36.250  1.06845
-7.750 36.750  1.07865
-7.750 37.250  1.08917
-7.750 37.750  1.10002
-7.750 38.250  1.11117
-7.750 38.750  1.12264
-7.750 39.250  1.13441
-7.750 39.750  1.14649
-7.750 40.250  1.15887
-7.750 40.750  1.17155
-7.750 41.250  1.18453
-7.750 41.750  1.19780
-7.750 42.250  1.21137
-7.750 42.750  1.22522
-7.750 43.250  1.23937
-7.750 43.750  1.25380
-7.750 44.250  1.26852
-7.750 44.750  1.28352
-7.250 -44.750  1.28796
-7.250 -44.250  1.27297
-7.250 -43.750  1.25826
-7.250 -43.250  1.24384
-7.250 -42.750  1.22971
-7.250 -42.250  1.21587
-7.250 -41.750  1.20233
-7.250 -41.250  1.18908
-7.250 -40.750  1.17612
-7.250 -40.250  1.16347
-7.250 -39.750  1.15111
-7.250 -39.250  1.13906
-7.250 -38.750  1.12731
-7.250 -38.250  1.11588
-7.250 -37.750  1.10475
-7.250 -37.250  1.09394
-7.250 -36.750  1.08345
-7.250 -36.250  1.07328
-7.250 -35.750  1.06343
-7.250 -35.250  1.05391
-7.250 -34.750  1.04473
-7.250 -34.250  1.03588
-7.250 -33.750  1.02737
-7.250 -33.250  1.01921
-7.250 -32.750  1.01138
-7.250 -32.250  1.00391
-7.250 -31.750  0.99679
-7.250 -31.250  0.99003
-7.250 -30.750  0.98362
-7.250 -30.250  0.97757
-7.250 -29.750  0.97188
-7.250 -29.250  0.96655
-7.250 -28.750  0.96159
-7.250 -28.250  0.95699
-7.250 -27.750  0.95275
-7.250 -27.250  0.94887
-7.250 -26.750  0.94535
-7.250 -26.250  0.94219
-7.250 -25.750  0.93938
-7.250 -25.250  0.93692
-7.250 -24.750  0.93481
-7.250 -24.250  0.93304
-7.250 -23.750  0.93161
-7.250 -23.250  0.93050
-7.250 -22.750  0.92971
-7.250 -22.250  0.92923
-7.250 -21.750  0.92906
-7.250 -21.250  0.92918
-7.250 -20.750  0.92958
-7.250 -20.250  0.93025
-7.250 -19.750  0.93118
-7.250 -19.250  0.93235
-7.250 -18.750  0.93376
-7.250 -18.250  0.93539
-7.250 -17.750  0.93722
-7.250 -17.250  0.93924
-7.250 -16.750  0.94143
-7.250 -16.250  0.94379
-7.250 -15.750  0.94628
-7.250 -15.250  0.94891
-7.250 -14.750  0.95164
-7.250 -14.250  0.95447
-7.250 -13.750  0.95738
-7.250 -13.250  0.96036
-7.250 -12.750  0.96338
-7.250 -12.250  0.96643
-7.250 -11.750  0.96949
-7.250 -11.250  0.97256
-7.250 -10.750  0.97561
-7.250 -10.250  0.97863
-7.250 -9.750  0.98161
-7.250 -9.250  0.98453
-7.250 -8.750  0.98738
-7.250 -8.250  0.99014
-7.250 -7.750  0.99281
-7.250 -7.250  0.99537
-7.250 -6.750  0.99781
-7.250 -6.250  1.00012
-7.250 -5.750  1.00229
-7.250 -5.250  1.00431
-7.250 -4.750  1.00618
-7.250 -4.250  1.00788
-7.250 -3.750  1.00941
-7.250 -3.250  1.01076
-7.250 -2.750  1.01193
-7.250 -2.250  1.01291
-7.250 -1.750  1.01370
-7.250 -1.250  1.01430
-7.250 -0.750  1.01470
-7.250 -0.250  1.01490
-7.250 0.250  1.01490
-7.250 0.750  1.01470
-7.250 1.250  1.01430
-7.250 1.750  1.01370
-7.250 2.250  1.01291
-7.250 2.750  1.01193
-7.250 3.250  1.01076
-7.250 3.750  1.00941
-7.250 4.250  1.00788
-7.250 4.750  1.00618
-7.250 5.250  1.00431
-7.250 5.750  1.00229
-7.250 6.250  1.00012
-7.250 6.750  0.99781
-7.250 7.250  0.99537
-7.250 7.750  0.99281
-7.250 8.250  0.99014
-7.250 8.750  0.98738
-7.250 9.250  0.98453
-7.250 9.750  0.98161
-7.250 10.250  0.97863
-7.250 10.750  0.97561
-7.250 11.250  0.97256
-7.250 11.750  0.96949
-7.250 12.250  0.96643
-7.250 12.750  0.96338
-7.250 13.250  0.96036
-7.250 13.750  0.95738
-7.250 14.250  0.95447
-7.250 14.750  0.95164
-7.250 15.250  0.94891
-7.250 15.750  0.94628
-7.250 16.250  0.94379
-7.250 16.750  0.94143
-7.250 17.250  0.93924
-7.250 17.750  0.93722
-7.250 18.250  0.93539
-7.250 18.750  0.93376
-7.250 19.250  0.93235
-7.250 19.750  0.93118
-7.250 20.250  0.93025
-7.250 20.750  0.92958
-7.250 21.250  0.92918
-7.250 21.750  0.92906
-7.250 22.250  0.92923
-7.250 22.750  0.92971
-7.250 23.250  0.93050
-7.250 23.750  0.93161
-7.250 24.250  0.93304
-7.250 24.750  0.93481
-7.250 25.250  0.93692
-7.250 25.750  0.93938
-7.250 26.250  0.94219
-7.250 26.750  0.94535
-7.250 27.250  0.94887
-7.250 27.750  0.95275
-7.250 28.250  0.95699
-7.250 28.750  0.96159
-7.250 29.250  0.96655
-7.250 29.750  0.97188
-7.250 30.250  0.97757
-7.250 30.750  0.98362
-7.250 31.250  0.99003
-7.250 31.750  0.99679
-7.250 32.250  1.00391
-7.250 32.750  1.01138
-7.250 33.250  1.01921
-7.250 33.750  1.02737
-7.250 34.250  1.03588
-7.250 34.750  1.04473
-7.250 35.250  1.05391
-7.250 35.750  1.06343
-7.250 36.250  1.07328
-7.250 36.750  1.08345
-7.250 37.250  1.09394
-7.250 37.750  1.10475
-7.250 38.250  1.11588
-7.250 38.750  1.12731
-7.250 39.250  1.13906
-7.250 39.750  1.15111
-7.250 40.250  1.16347
-7.250 40.750  1.17612
-7.250 41.250  1.18908
-7.250 41.750  1.20233
-7.250 42.250  1.21587
-7.250 42.750  1.22971
-7.250 43.250  1.24384
-7.250 43.750  1.25826
-7.250 44.250  1.27297
-7.250 44.750  1.28796
-6.750 -44.750  1.29212
-6.750 -44.250  1.27713
-6.750 -43.750  1.26243
-6.750 -43.250  1.24802
-6.750 -42.750  1.23391
-6.750 -42.250  1.22009
-6.750 -41.750  1.20656
-6.750 -41.250  1.19333
-6.750 -40.750  1.18039
-6.750 -40.250  1.16776
-6.750 -39.750  1.15543
-6.750 -39.250  1.14340
-6.750 -38.750  1.13168
-6.750 -38.250  1.12027
-6.750 -37.750  1.10917
-6.750 -37.250  1.09839
-6.750 -36.750  1.08792
-6.750 -36.250  1.07778
-6.750 -35.750  1.06796
-6.750 -35.250  1.05847
-6.750 -34.750  1.04931
-6.750 -34.250  1.04048
-6.750 -33.750  1.03200
-6.750 -33.250  1.02385
-6.750 -32.750  1.01604
-6.750 -32.250  1.00859
-6.750 -31.750  1.00148
-6.750 -31.250  0.99472
-6.750 -30.750  0.98831
-6.750 -30.250  0.98226
-6.750 -29.750  0.97656
-6.750 -29.250  0.97122
-6.750 -28.750  0.96623
-6.750 -28.250  0.96161
-6.750 -27.750  0.95733
-6.750 -27.250  0.95341
-6.750 -26.750  0.94985
-6.750 -26.250  0.94663
-6.750 -25.750  0.94376
-6.750 -25.250  0.94124
-6.750 -24.750  0.93905
-6.750 -24.250  0.93719
-6.750 -23.750  0.93566
-6.750 -23.250  0.93446
-6.750 -22.750  0.93356
-6.750 -22.250  0.93297
-6.750 -21.750  0.93267
-6.750 -21.250  0.93266
-6.750 -20.750  0.93292
-6.750 -20.250  0.93345
-6.750 -19.750  0.93423
-6.750 -19.250  0.93525
-6.750 -18.750  0.93649
-6.750 -18.250  0.93795
-6.750 -17.750  0.93961
-6.750 -17.250  0.94146
-6.750 -16.750  0.94348
-6.750 -16.250  0.94565
-6.750 -15.750  0.94797
-6.750 -15.250  0.95041
-6.750 -14.750  0.95296
-6.750 -14.250  0.95560
-6.750 -13.750  0.95833
-6.750 -13.250  0.96112
-6.750 -12.750  0.96396
-6.750 -12.250  0.96683
-6.750 -11.750  0.96972
-6.750 -11.250  0.97261
-6.750 -10.750  0.97549
-6.750 -10.250  0.97835
-6.750 -9.750  0.98116
-6.750 -9.250  0.98393
-6.750 -8.750  0.98662
-6.750 -8.250  0.98924
-6.750 -7.750  0.99177
-6.750 -7.250  0.99420
-6.750 -6.750  0.99652
-6.750 -6.250  0.99871
-6.750 -5.750  1.00078
-6.750 -5.250  1.00270
-6.750 -4.750  1.00447
-6.750 -4.250  1.00609
-6.750 -3.750  1.00755
-6.750 -3.250  1.00884
-6.750 -2.750  1.00995
-6.750 -2.250  1.01088
-6.750 -1.750  1.01164
-6.750 -1.250  1.01220
-6.750 -0.750  1.01258
-6.750 -0.250  1.01277
-6.750 0.250  1.01277
-6.750 0.750  1.01258
-6.750 1.250  1.01220
-6.750 1.750  1.01164
-6.750 2.250  1.01088
-6.750 2.750  1.00995
-6.750 3.250  1.00884
-6.750 3.750  1.00755
-6.750 4.250  1.00609
-6.750 4.750  1.00447
-6.750 5.250  1.00270
-6.750 5.750  1.00078
-6.750 6.250  0.99871
-6.750 6.750  0.99652
-6.750 7.250  0.99420
-6.750 7.750  0.99177
-6.750 8.250  0.98924
-6.750 8.750  0.98662
-6.750 9.250  0.98393
-6.750 9.750  0.98116
-6.750 10.250  0.97835
-6.750 10.750  0.97549
-6.750 11.250  0.97261
-6.750 11.750  0.96972
-6.750 12.250  0.96683
-6.750 12.750  0.96396
-6.750 13.250  0.96112
-6.750 13.750  0.95833
-6.750 14.250  0.95560
-6.750 14.750  0.95296
-6.750 15.250  0.95041
-6.750 15.750  0.94797
-6.750 16.250  0.94565
-6.750 16.750  0.94348
-6.750 17.250  0.94146
-6.750 17.750  0.93961
-6.750 18.250  0.93795
-6.750 18.750  0.93649
-6.750 19.250  0.93525
-6.750 19.750  0.93423
-6.750 20.250  0.93345
-6.750 20.750  0.93292
-6.750 21.250  0.93266
-6.750 21.750  0.93267
-6.750 22.250  0.93297
-6.750 22.750  0.93356
-6.750 23.250  0.93446
-6.750 23.750  0.93566
-6.750 24.250  0.93719
-6.750 24.750  0.93905
-6.750 25.250  0.94124
-6.750 25.750  0.94376
-6.750 26.250  0.94663
-6.750 26.750  0.94985
-6.750 27.250  0.95341
-6.750 27.750  0.95733
-6.750 28.250  0.96161
-6.750 28.750  0.96623
-6.750 29.250  0.97122
-6.750 29.750  0.97656
-6.750 30.250  0.98226
-6.750 30.750  0.98831
-6.750 31.250  0.99472
-6.750 31.750  1.00148
-6.750 32.250  1.00859
-6.750 32.750  1.01604
-6.750 33.250  1.02385
-6.750 33.750  1.03200
-6.750 34.250  1.04048
-6.750 34.750  1.04931
-6.750 35.250  1.05847
-6.750 35.750  1.06796
-6.750 36.250  1.07778
-6.750 36.750  1.08792
-6.750 37.250  1.09839
-6.750 37.750  1.10917
-6.750 38.250  1.12027
-6.750 38.750  1.13168
-6.750 39.250  1.14340
-6.750 39.750  1.15543
-6.750 40.250  1.16776
-6.750 40.750  1.18039
-6.750 41.250  1.19333
-6.750 41.750  1.20656
-6.750 42.250  1.22009
-6.750 42.750  1.23391
-6.750 43.250  1.24802
-6.750 43.750  1.26243
-6.750 44.250  1.27713
-6.750 44.750  1.29212
-6.250 -44.750  1.29598
-6.250 -44.250  1.28100
-6.250 -43.750  1.26631
-6.250 -43.250  1.25191
-6.250 -42.750  1.23781
-6.250 -42.250  1.22400
-6.250 -41.750  1.21049
-6.250 -41.250  1.19728
-6.250 -40.750  1.18436
-6.250 -40.250  1.17175
-6.250 -39.750  1.15944
-6.250 -39.250  1.14743
-6.250 -38.750  1.13574
-6.250 -38.250  1.12435
-6.250 -37.750  1.11327
-6.250 -37.250  1.10252
-6.250 -36.750  1.09208
-6.250 -36.250  1.08196
-6.250 -35.750  1.07216
-6.250 -35.250  1.06269
-6.250 -34.750  1.05356
-6.250 -34.250  1.04475
-6.250 -33.750  1.03628
-6.250 -33.250  1.02815
-6.250 -32.750  1.02036
-6.250 -32.250  1.01291
-6.250 -31.750  1.00581
-6.250 -31.250  0.99905
-6.250 -30.750  0.99265
-6.250 -30.250  0.98659
-6.250 -29.750  0.98088
-6.250 -29.250  0.97553
-6.250 -28.750  0.97052
-6.250 -28.250  0.96587
-6.250 -27.750  0.96156
-6.250 -27.250  0.95761
-6.250 -26.750  0.95400
-6.250 -26.250  0.95073
-6.250 -25.750  0.94780
-6.250 -25.250  0.94521
-6.250 -24.750  0.94295
-6.250 -24.250  0.94102
-6.250 -23.750  0.93940
-6.250 -23.250  0.93810
-6.250 -22.750  0.93711
-6.250 -22.250  0.93641
-6.250 -21.750  0.93600
-6.250 -21.250  0.93586
-6.250 -20.750  0.93600
-6.250 -20.250  0.93640
-6.250 -19.750  0.93704
-6.250 -19.250  0.93791
-6.250 -18.750  0.93901
-6.250 -18.250  0.94032
-6.250 -17.750  0.94183
-6.250 -17.250  0.94351
-6.250 -16.750  0.94537
-6.250 -16.250  0.94737
-6.250 -15.750  0.94952
-6.250 -15.250  0.95180
-6.250 -14.750  0.95418
-6.250 -14.250  0.95665
-6.250 -13.750  0.95921
-6.250 -13.250  0.96183
-6.250 -12.750  0.96450
-6.250 -12.250  0.96721
-6.250 -11.750  0.96994
-6.250 -11.250  0.97267
-6.250 -10.750  0.97539
-6.250 -10.250  0.97810
-6.250 -9.750  0.98077
-6.250 -9.250  0.98339
-6.250 -8.750  0.98595
-6.250 -8.250  0.98844
-6.250 -7.750  0.99084
-6.250 -7.250  0.99315
-6.250 -6.750  0.99535
-6.250 -6.250  0.99744
-6.250 -5.750  0.99940
-6.250 -5.250  1.00124
-6.250 -4.750  1.00293
-6.250 -4.250  1.00447
-6.250 -3.750  1.00586
-6.250 -3.250  1.00708
-6.250 -2.750  1.00815
-6.250 -2.250  1.00904
-6.250 -1.750  1.00975
-6.250 -1.250  1.01029
-6.250 -0.750  1.01066
-6.250 -0.250  1.01084
-6.250 0.250  1.01084
-6.250 0.750  1.01066
-6.250 1.250  1.01029
-6.250 1.750  1.00975
-6.250 2.250  1.00904
-6.250 2.750  1.00815
-6.250 3.250  1.00708
-6.250 3.750  1.00586
-6.250 4.250  1.00447
-6.250 4.750  1.00293
-6.250 5.250  1.00124
-6.250 5.750  0.99940
-6.250 6.250  0.99744
-6.250 6.750  0.99535
-6.250 7.250  0.99315
-6.250 7.750  0.99084
-6.250 8.250  0.98844
-6.250 8.750  0.98595
-6.250 9.250  0.98339
-6.250 9.750  0.98077
-6.250 10.250  0.97810
-6.250 10.750  0.97539
-6.250 11.250  0.97267
-6.250 11.750  0.96994
-6.250 12.250  0.96721
-6.250 12.750  0.96450
-6.250 13.250  0.96183
-6.250 13.750  0.95921
-6.250 14.250  0.95665
-6.250 14.750  0.95418
-6.250 15.250  0.95180
-6.250 15.750  0.94952
-6.250 16.250  0.94737
-6.250 16.750  0.94537
-6.250 17.250  0.94351
-6.250 17.750  0.94183
-6.250 18.250  0.94032
-6.250 18.750  0.93901
-6.250 19.250  0.93791
-6.250 19.750  0.93704
-6.250 20.250  0.93640
-6.250 20.750  0.93600
-6.250 21.250  0.93586
-6.250 21.750  0.93600
-6.250 22.250  0.93641
-6.250 22.750  0.93711
-6.250 23.250  0.93810
-6.250 23.750  0.93940
-6.250 24.250  0.94102
-6.250 24.750  0.94295
-6.250 25.250  0.94521
-6.250 25.750  0.94780
-6.250 26.250  0.95073
-6.250 26.750  0.95400
-6.250 27.250  0.95761
-6.250 27.750  0.96156
-6.250 28.250  0.96587
-6.250 28.750  0.97052
-6.250 29.250  0.97553
-6.250 29.750  0.98088
-6.250 30.250  0.98659
-6.250 30.750  0.99265
-6.250 31.250  0.99905
-6.250 31.750  1.00581
-6.250 32.250  1.01291
-6.250 32.750  1.02036
-6.250 33.250  1.02815
-6.250 33.750  1.03628
-6.250 34.250  1.04475
-6.250 34.750  1.05356
-6.250 35.250  1.06269
-6.250 35.750  1.07216
-6.250 36.250  1.08196
-6.250 36.750  1.09208
-6.250 37.250  1.10252
-6.250 37.750  1.11327
-6.250 38.250  1.12435
-6.250 38.750  1.13574
-6.250 39.250  1.14743
-6.250 39.750  1.15944
-6.250 40.250  1.17175
-6.250 40.750  1.18436
-6.250 41.250  1.19728
-6.250 41.750  1.21049
-6.250 42.250  1.22400
-6.250 42.750  1.23781
-6.250 43.250  1.25191
-6.250 43.750  1.26631
-6.250 44.250  1.28100
-6.250 44.750  1.29598
-5.750 -44.750  1.29955
-5.750 -44.250  1.28458
-5.750 -43.750  1.26990
-5.750 -43.250  1.25551
-5.750 -42.750  1.24142
-5.750 -42.250  1.22763
-5.750 -41.750  1.21413
-5.750 -41.250  1.20093
-5.750 -40.750  1.18803
-5.750 -40.250  1.17544
-5.750 -39.750  1.16314
-5.750 -39.250  1.15116
-5.750 -38.750  1.13948
-5.750 -38.250  1.12812
-5.750 -37.750  1.11706
-5.750 -37.250  1.10633
-5.750 -36.750  1.09591
-5.750 -36.250  1.08581
-5.750 -35.750  1.07604
-5.750 -35.250  1.06659
-5.750 -34.750  1.05747
-5.750 -34.250  1.04868
-5.750 -33.750  1.04023
-5.750 -33.250  1.03211
-5.750 -32.750  1.02433
-5.750 -32.250  1.01689
-5.750 -31.750  1.00979
-5.750 -31.250  1.00304
-5.750 -30.750  0.99663
-5.750 -30.250  0.99057
-5.750 -29.750  0.98485
-5.750 -29.250  0.97948
-5.750 -28.750  0.97446
-5.750 -28.250  0.96978
-5.750 -27.750  0.96545
-5.750 -27.250  0.96146
-5.750 -26.750  0.95780
-5.750 -26.250  0.95449
-5.750 -25.750  0.95151
-5.750 -25.250  0.94886
-5.750 -24.750  0.94653
-5.750 -24.250  0.94452
-5.750 -23.750  0.94283
-5.750 -23.250  0.94144
-5.750 -22.750  0.94036
-5.750 -22.250  0.93956
-5.750 -21.750  0.93904
-5.750 -21.250  0.93880
-5.750 -20.750  0.93882
-5.750 -20.250  0.93910
-5.750 -19.750  0.93961
-5.750 -19.250  0.94036
-5.750 -18.750  0.94132
-5.750 -18.250  0.94249
-5.750 -17.750  0.94385
-5.750 -17.250  0.94539
-5.750 -16.750  0.94710
-5.750 -16.250  0.94896
-5.750 -15.750  0.95096
-5.750 -15.250  0.95307
-5.750 -14.750  0.95530
-5.750 -14.250  0.95763
-5.750 -13.750  0.96003
-5.750 -13.250  0.96250
-5.750 -12.750  0.96502
-5.750 -12.250  0.96757
-5.750 -11.750  0.97015
-5.750 -11.250  0.97274
-5.750 -10.750  0.97532
-5.750 -10.250  0.97789
-5.750 -9.750  0.98042
-5.750 -9.250  0.98291
-5.750 -8.750  0.98534
-5.750 -8.250  0.98771
-5.750 -7.750  0.99000
-5.750 -7.250  0.99220
-5.750 -6.750  0.99430
-5.750 -6.250  0.99629
-5.750 -5.750  0.99817
-5.750 -5.250  0.99991
-5.750 -4.750  1.00153
-5.750 -4.250  1.00300
-5.750 -3.750  1.00433
-5.750 -3.250  1.00550
-5.750 -2.750  1.00651
-5.750 -2.250  1.00736
-5.750 -1.750  1.00805
-5.750 -1.250  1.00857
-5.750 -0.750  1.00891
-5.750 -0.250  1.00909
-5.750 0.250  1.00909
-5.750 0.750  1.00891
-5.750 1.250  1.00857
-5.750 1.750  1.00805
-5.750 2.250  1.00736
-5.750 2.750  1.00651
-5.750 3.250  1.00550
-5.750 3.750  1.00433
-5.750 4.250  1.00300
-5.750 4.750  1.00153
-5.750 5.250  0.99991
-5.750 5.750  0.99817
-5.750 6.250  0.99629
-5.750 6.750  0.99430
-5.750 7.250  0.99220
-5.750 7.750  0.99000
-5.750 8.250  0.98771
-5.750 8.750  0.98534
-5.750 9.250  0.98291
-5.750 9.750  0.98042
-5.750 10.250  0.97789
-5.750 10.750  0.97532
-5.750 11.250  0.97274
-5.750 11.750  0.97015
-5.750 12.250  0.96757
-5.750 12.750  0.96502
-5.750 13.250  0.96250
-5.750 13.750  0.96003
-5.750 14.250  0.95763
-5.750 14.750  0.95530
-5.750 15.250  0.95307
-5.750 15.750  0.95096
-5.750 16.250  0.94896
-5.750 16.750  0.94710
-5.750 17.250  0.94539
-5.750 17.750  0.94385
-5.750 18.250  0.94249
-5.750 18.750  0.94132
-5.750 19.250  0.94036
-5.750 19.750  0.93961
-5.750 20.250  0.93910
-5.750 20.750  0.93882
-5.750 21.250  0.93880
-5.750 21.750  0.93904
-5.750 22.250  0.93956
-5.750 22.750  0.94036
-5.750 23.250  0.94144
-5.750 23.750  0.94283
-5.750 24.250  0.94452
-5.750 24.750  0.94653
-5.750 25.250  0.94886
-5.750 25.750  0.95151
-5.750 26.250  0.95449
-5.750 26.750  0.95780
-5.750 27.250  0.96146
-5.750 27.750  0.96545
-5.750 28.250  0.96978
-5.750 28.750  0.97446
-5.750 29.250  0.97948
-5.750 29.750  0.98485
-5.750 30.250  0.99057
-5.750 30.750  0.99663
-5.750 31.250  1.00304
-5.750 31.750  1.00979
-5.750 32.250  1.01689
-5.750 32.750  1.02433
-5.750 33.250  1.03211
-5.750 33.750  1.04023
-5.750 34.250  1.04868
-5.750 34.750  1.05747
-5.750 35.250  1.06659
-5.750 35.750  1.07604
-5.750 36.250  1.08581
-5.750 36.750  1.09591
-5.750 37.250  1.10633
-5.750 37.750  1.11706
-5.750 38.250  1.12812
-5.750 38.750  1.13948
-5.750 39.250  1.15116
-5.750 39.750  1.16314
-5.750 40.250  1.17544
-5.750 40.750  1.18803
-5.750 41.250  1.20093
-5.750 41.750  1.21413
-5.750 42.250  1.22763
-5.750 42.750  1.24142
-5.750 43.250  1.25551
-5.750 43.750  1.26990
-5.750 44.250  1.28458
-5.750 44.750  1.29955
-5.250 -44.750  1.30283
-5.250 -44.250  1.28787
-5.250 -43.750  1.27319
-5.250 -43.250  1.25882
-5.250 -42.750  1.24473
-5.250 -42.250  1.23095
-5.250 -41.750  1.21747
-5.250 -41.250  1.20428
-5.250 -40.750  1.19140
-5.250 -40.250  1.17882
-5.250 -39.750  1.16654
-5.250 -39.250  1.15458
-5.250 -38.750  1.14292
-5.250 -38.250  1.13157
-5.250 -37.750  1.12054
-5.250 -37.250  1.10982
-5.250 -36.750  1.09942
-5.250 -36.250  1.08934
-5.250 -35.750  1.07958
-5.250 -35.250  1.07015
-5.250 -34.750  1.06105
-5.250 -34.250  1.05228
-5.250 -33.750  1.04384
-5.250 -33.250  1.03573
-5.250 -32.750  1.02796
-5.250 -32.250  1.02053
-5.250 -31.750  1.01343
-5.250 -31.250  1.00668
-5.250 -30.750  1.00027
-5.250 -30.250  0.99420
-5.250 -29.750  0.98848
-5.250 -29.250  0.98309
-5.250 -28.750  0.97805
-5.250 -28.250  0.97335
-5.250 -27.750  0.96899
-5.250 -27.250  0.96496
-5.250 -26.750  0.96127
-5.250 -26.250  0.95791
-5.250 -25.750  0.95488
-5.250 -25.250  0.95218
-5.250 -24.750  0.94979
-5.250 -24.250  0.94772
-5.250 -23.750  0.94595
-5.250 -23.250  0.94448
-5.250 -22.750  0.94331
-5.250 -22.250  0.94243
-5.250 -21.750  0.94182
-5.250 -21.250  0.94148
-5.250 -20.750  0.94139
-5.250 -20.250  0.94156
-5.250 -19.750  0.94196
-5.250 -19.250  0.94259
-5.250 -18.750  0.94343
-5.250 -18.250  0.94447
-5.250 -17.750  0.94570
-5.250 -17.250  0.94711
-5.250 -16.750  0.94868
-5.250 -16.250  0.95041
-5.250 -15.750  0.95226
-5.250 -15.250  0.95424
-5.250 -14.750  0.95633
-5.250 -14.250  0.95852
-5.250 -13.750  0.96078
-5.250 -13.250  0.96311
-5.250 -12.750  0.96549
-5.250 -12.250  0.96791
-5.250 -11.750  0.97035
-5.250 -11.250  0.97281
-5.250 -10.750  0.97526
-5.250 -10.250  0.97770
-5.250 -9.750  0.98012
-5.250 -9.250  0.98249
-5.250 -8.750  0.98481
-5.250 -8.250  0.98707
-5.250 -7.750  0.98925
-5.250 -7.250  0.99135
-5.250 -6.750  0.99336
-5.250 -6.250  0.99526
-5.250 -5.750  0.99705
-5.250 -5.250  0.99872
-5.250 -4.750  1.00027
-5.250 -4.250  1.00168
-5.250 -3.750  1.00295
-5.250 -3.250  1.00407
-5.250 -2.750  1.00504
-5.250 -2.250  1.00586
-5.250 -1.750  1.00651
-5.250 -1.250  1.00701
-5.250 -0.750  1.00734
-5.250 -0.250  1.00751
-5.250 0.250  1.00751
-5.250 0.750  1.00734
-5.250 1.250  1.00701
-5.250 1.750  1.00651
-5.250 2.250  1.00586
-5.250 2.750  1.00504
-5.250 3.250  1.00407
-5.250 3.750  1.00295
-5.250 4.250  1.00168
-5.250 4.750  1.00027
-5.250 5.250  0.99872
-5.250 5.750  0.99705
-5.250 6.250  0.99526
-5.250 6.750  0.99336
-5.250 7.250  0.99135
-5.250 7.750  0.98925
-5.250 8.250  0.98707
-5.250 8.750  0.98481
-5.250 9.250  0.98249
-5.250 9.750  0.98012
-5.250 10.250  0.97770
-5.250 10.750  0.97526
-5.250 11.250  0.97281
-5.250 11.750  0.97035
-5.250 12.250  0.96791
-5.250 12.750  0.96549
-5.250 13.250  0.96311
-5.250 13.750  0.96078
-5.250 14.250  0.95852
-5.250 14.750  0.95633
-5.250 15.250  0.95424
-5.250 15.750  0.95226
-5.250 16.250  0.95041
-5.250 16.750  0.94868
-5.250 17.250  0.94711
-5.250 17.750  0.94570
-5.250 18.250  0.94447
-5.250 18.750  0.94343
-5.250 19.250  0.94259
-5.250 19.750  0.94196
-5.250 20.250  0.94156
-5.250 20.750  0.94139
-5.250 21.250  0.94148
-5.250 21.750  0.94182
-5.250 22.250  0.94243
-5.250 22.750  0.94331
-5.250 23.250  0.94448
-5.250 23.750  0.94595
-5.250 24.250  0.94772
-5.250 24.750  0.94979
-5.250 25.250  0.95218
-5.250 25.750  0.95488
-5.250 26.250  0.95791
-5.250 26.750  0.96127
-5.250 27.250  0.96496
-5.250 27.750  0.96899
-5.250 28.250  0.97335
-5.250 28.750  0.97805
-5.250 29.250  0.98309
-5.250 29.750  0.98848
-5.250 30.250  0.99420
-5.250 30.750  1.00027
-5.250 31.250  1.00668
-5.250 31.750  1.01343
-5.250 32.250  1.02053
-5.250 32.750  1.02796
-5.250 33.250  1.03573
-5.250 33.750  1.04384
-5.250 34.250  1.05228
-5.250 34.750  1.06105
-5.250 35.250  1.07015
-5.250 35.750  1.07958
-5.250 36.250  1.08934
-5.250 36.750  1.09942
-5.250 37.250  1.10982
-5.250 37.750  1.12054
-5.250 38.250  1.13157
-5.250 38.750  1.14292
-5.250 39.250  1.15458
-5.250 39.750  1.16654
-5.250 40.250  1.17882
-5.250 40.750  1.19140
-5.250 41.250  1.20428
-5.250 41.750  1.21747
-5.250 42.250  1.23095
-5.250 42.750  1.24473
-5.250 43.250  1.25882
-5.250 43.750  1.27319
-5.250 44.250  1.28787
-5.250 44.750  1.30283
-4.750 -44.750  1.30582
-4.750 -44.250  1.29086
-4.750 -43.750  1.27619
-4.750 -43.250  1.26182
-4.750 -42.750  1.24775
-4.750 -42.250  1.23398
-4.750 -41.750  1.22050
-4.750 -41.250  1.20733
-4.750 -40.750  1.19446
-4.750 -40.250  1.18190
-4.750 -39.750  1.16964
-4.750 -39.250  1.15768
-4.750 -38.750  1.14604
-4.750 -38.250  1.13471
-4.750 -37.750  1.12369
-4.750 -37.250  1.11299
-4.750 -36.750  1.10261
-4.750 -36.250  1.09255
-4.750 -35.750  1.08281
-4.750 -35.250  1.07339
-4.750 -34.750  1.06430
-4.750 -34.250  1.05554
-4.750 -33.750  1.04711
-4.750 -33.250  1.03902
-4.750 -32.750  1.03125
-4.750 -32.250  1.02383
-4.750 -31.750  1.01674
-4.750 -31.250  1.00998
-4.750 -30.750  1.00357
-4.750 -30.250  0.99749
-4.750 -29.750  0.99176
-4.750 -29.250  0.98636
-4.750 -28.750  0.98130
-4.750 -28.250  0.97658
-4.750 -27.750  0.97219
-4.750 -27.250  0.96813
-4.750 -26.750  0.96441
-4.750 -26.250  0.96101
-4.750 -25.750  0.95793
-4.750 -25.250  0.95518
-4.750 -24.750  0.95274
-4.750 -24.250  0.95060
-4.750 -23.750  0.94877
-4.750 -23.250  0.94723
-4.750 -22.750  0.94599
-4.750 -22.250  0.94502
-4.750 -21.750  0.94432
-4.750 -21.250  0.94389
-4.750 -20.750  0.94371
-4.750 -20.250  0.94378
-4.750 -19.750  0.94408
-4.750 -19.250  0.94460
-4.750 -18.750  0.94533
-4.750 -18.250  0.94626
-4.750 -17.750  0.94738
-4.750 -17.250  0.94867
-4.750 -16.750  0.95012
-4.750 -16.250  0.95172
-4.750 -15.750  0.95345
-4.750 -15.250  0.95531
-4.750 -14.750  0.95727
-4.750 -14.250  0.95933
-4.750 -13.750  0.96146
-4.750 -13.250  0.96367
-4.750 -12.750  0.96593
-4.750 -12.250  0.96822
-4.750 -11.750  0.97055
-4.750 -11.250  0.97289
-4.750 -10.750  0.97522
-4.750 -10.250  0.97755
-4.750 -9.750  0.97985
-4.750 -9.250  0.98212
-4.750 -8.750  0.98434
-4.750 -8.250  0.98650
-4.750 -7.750  0.98859
-4.750 -7.250  0.99060
-4.750 -6.750  0.99252
-4.750 -6.250  0.99434
-4.750 -5.750  0.99606
-4.750 -5.250  0.99766
-4.750 -4.750  0.99915
-4.750 -4.250  1.00050
-4.750 -3.750  1.00172
-4.750 -3.250  1.00279
-4.750 -2.750  1.00373
-4.750 -2.250  1.00451
-4.750 -1.750  1.00514
-4.750 -1.250  1.00562
-4.750 -0.750  1.00593
-4.750 -0.250  1.00609
-4.750 0.250  1.00609
-4.750 0.750  1.00593
-4.750 1.250  1.00562
-4.750 1.750  1.00514
-4.750 2.250  1.00451
-4.750 2.750  1.00373
-4.750 3.250  1.00279
-4.750 3.750  1.00172
-4.750 4.250  1.00050
-4.750 4.750  0.99915
-4.750 5.250  0.99766
-4.750 5.750  0.99606
-4.750 6.250  0.99434
-4.750 6.750  0.99252
-4.750 7.250  0.99060
-4.750 7.750  0.98859
-4.750 8.250  0.98650
-4.750 8.750  0.98434
-4.750 9.250  0.98212
-4.750 9.750  0.97985
-4.750 10.250  0.97755
-4.750 10.750  0.97522
-4.750 11.250  0.97289
-4.750 11.750  0.97055
-4.750 12.250  0.96822
-4.750 12.750  0.96593
-4.750 13.250  0.96367
-4.750 13.750  0.96146
-4.750 14.250  0.95933
-4.750 14.750  0.95727
-4.750 15.250  0.95531
-4.750 15.750  0.95345
-4.750 16.250  0.95172
-4.750 16.750  0.95012
-4.750 17.250  0.94867
-4.750 17.750  0.94738
-4.750 18.250  0.94626
-4.750 18.750  0.94533
-4.750 19.250  0.94460
-4.750 19.750  0.94408
-4.750 20.250  0.94378
-4.750 20.750  0.94371
-4.750 21.250  0.94389
-4.750 21.750  0.94432
-4.750 22.250  0.94502
-4.750 22.750  0.94599
-4.750 23.250  0.94723
-4.750 23.750  0.94877
-4.750 24.250  0.95060
-4.750 24.750  0.95274
-4.750 25.250  0.95518
-4.750 25.750  0.95793
-4.750 26.250  0.96101
-4.750 26.750  0.96441
-4.750 27.250  0.96813
-4.750 27.750  0.97219
-4.750 28.250  0.97658
-4.750 28.750  0.98130
-4.750 29.250  0.98636
-4.750 29.750  0.99176
-4.750 30.250  0.99749
-4.750 30.750  1.00357
-4.750 31.250  1.00998
-4.750 31.750  1.01674
-4.750 32.250  1.02383
-4.750 32.750  1.03125
-4.750 33.250  1.03902
-4.750 33.750  1.04711
-4.750 34.250  1.05554
-4.750 34.750  1.06430
-4.750 35.250  1.07339
-4.750 35.750  1.08281
-4.750 36.250  1.09255
-4.750 36.750  1.10261
-4.750 37.250  1.11299
-4.750 37.750  1.12369
-4.750 38.250  1.13471
-4.750 38.750  1.14604
-4.750 39.250  1.15768
-4.750 39.750  1.16964
-4.750 40.250  1.18190
-4.750 40.750  1.19446
-4.750 41.250  1.20733
-4.750 41.750  1.22050
-4.750 42.250  1.23398
-4.750 42.750  1.24775
-4.750 43.250  1.26182
-4.750 43.750  1.27619
-4.750 44.250  1.29086
-4.750 44.750  1.30582
-4.250 -44.750  1.30851
-4.250 -44.250  1.29355
-4.250 -43.750  1.27889
-4.250 -43.250  1.26453
-4.250 -42.750  1.25047
-4.250 -42.250  1.23670
-4.250 -41.750  1.22324
-4.250 -41.250  1.21008
-4.250 -40.750  1.19722
-4.250 -40.250  1.18467
-4.250 -39.750  1.17242
-4.250 -39.250  1.16048
-4.250 -38.750  1.14885
-4.250 -38.250  1.13754
-4.250 -37.750  1.12654
-4.250 -37.250  1.11585
-4.250 -36.750  1.10548
-4.250 -36.250  1.09543
-4.250 -35.750  1.08571
-4.250 -35.250  1.07630
-4.250 -34.750  1.06723
-4.250 -34.250  1.05848
-4.250 -33.750  1.05006
-4.250 -33.250  1.04197
-4.250 -32.750  1.03421
-4.250 -32.250  1.02679
-4.250 -31.750  1.01970
-4.250 -31.250  1.01295
-4.250 -30.750  1.00653
-4.250 -30.250  1.00045
-4.250 -29.750  0.99470
-4.250 -29.250  0.98929
-4.250 -28.750  0.98421
-4.250 -28.250  0.97947
-4.250 -27.750  0.97506
-4.250 -27.250  0.97098
-4.250 -26.750  0.96722
-4.250 -26.250  0.96378
-4.250 -25.750  0.96067
-4.250 -25.250  0.95786
-4.250 -24.750  0.95537
-4.250 -24.250  0.95318
-4.250 -23.750  0.95129
-4.250 -23.250  0.94969
-4.250 -22.750  0.94838
-4.250 -22.250  0.94734
-4.250 -21.750  0.94657
-4.250 -21.250  0.94605
-4.250 -20.750  0.94579
-4.250 -20.250  0.94577
-4.250 -19.750  0.94597
-4.250 -19.250  0.94640
-4.250 -18.750  0.94703
-4.250 -18.250  0.94786
-4.250 -17.750  0.94887
-4.250 -17.250  0.95006
-4.250 -16.750  0.95140
-4.250 -16.250  0.95289
-4.250 -15.750  0.95452
-4.250 -15.250  0.95626
-4.250 -14.750  0.95811
-4.250 -14.250  0.96006
-4.250 -13.750  0.96208
-4.250 -13.250  0.96418
-4.250 -12.750  0.96632
-4.250 -12.250  0.96851
-4.250 -11.750  0.97073
-4.250 -11.250  0.97296
-4.250 -10.750  0.97520
-4.250 -10.250  0.97742
-4.250 -9.750  0.97962
-4.250 -9.250  0.98180
-4.250 -8.750  0.98392
-4.250 -8.250  0.98599
-4.250 -7.750  0.98800
-4.250 -7.250  0.98993
-4.250 -6.750  0.99178
-4.250 -6.250  0.99353
-4.250 -5.750  0.99518
-4.250 -5.250  0.99673
-4.250 -4.750  0.99815
-4.250 -4.250  0.99945
-4.250 -3.750  1.00062
-4.250 -3.250  1.00166
-4.250 -2.750  1.00256
-4.250 -2.250  1.00331
-4.250 -1.750  1.00392
-4.250 -1.250  1.00438
-4.250 -0.750  1.00469
-4.250 -0.250  1.00484
-4.250 0.250  1.00484
-4.250 0.750  1.00469
-4.250 1.250  1.00438
-4.250 1.750  1.00392
-4.250 2.250  1.00331
-4.250 2.750  1.00256
-4.250 3.250  1.00166
-4.250 3.750  1.00062
-4.250 4.250  0.99945
-4.250 4.750  0.99815
-4.250 5.250  0.99673
-4.250 5.750  0.99518
-4.250 6.250  0.99353
-4.250 6.750  0.99178
-4.250 7.250  0.98993
-4.250 7.750  0.98800
-4.250 8.250  0.98599
-4.250 8.750  0.98392
-4.250 9.250  0.98180
-4.250 9.750  0.97962
-4.250 10.250  0.97742
-4.250 10.750  0.97520
-4.250 11.250  0.97296
-4.250 11.750  0.97073
-4.250 12.250  0.96851
-4.250 12.750  0.96632
-4.250 13.250  0.96418
-4.250 13.750  0.96208
-4.250 14.250  0.96006
-4.250 14.750  0.95811
-4.250 15.250  0.95626
-4.250 15.750  0.95452
-4.250 16.250  0.95289
-4.250 16.750  0.95140
-4.250 17.250  0.95006
-4.250 17.750  0.94887
-4.250 18.250  0.94786
-4.250 18.750  0.94703
-4.250 19.250  0.94640
-4.250 19.750  0.94597
-4.250 20.250  0.94577
-4.250 20.750  0.94579
-4.250 21.250  0.94605
-4.250 21.750  0.94657
-4.250 22.250  0.94734
-4.250 22.750  0.94838
-4.250 23.250  0.94969
-4.250 23.750  0.95129
-4.250 24.250  0.95318
-4.250 24.750  0.95537
-4.250 25.250  0.95786
-4.250 25.750  0.96067
-4.250 26.250  0.96378
-4.250 26.750  0.96722
-4.250 27.250  0.97098
-4.250 27.750  0.97506
-4.250 28.250  0.97947
-4.250 28.750  0.98421
-4.250 29.250  0.98929
-4.250 29.750  0.99470
-4.250 30.250  1.00045
-4.250 30.750  1.00653
-4.250 31.250  1.01295
-4.250 31.750  1.01970
-4.250 32.250  1.02679
-4.250 32.750  1.03421
-4.250 33.250  1.04197
-4.250 33.750  1.05006
-4.250 34.250  1.05848
-4.250 34.750  1.06723
-4.250 35.250  1.07630
-4.250 35.750  1.08571
-4.250 36.250  1.09543
-4.250 36.750  1.10548
-4.250 37.250  1.11585
-4.250 37.750  1.12654
-4.250 38.250  1.13754
-4.250 38.750  1.14885
-4.250 39.250  1.16048
-4.250 39.750  1.17242
-4.250 40.250  1.18467
-4.250 40.750  1.19722
-4.250 41.250  1.21008
-4.250 41.750  1.22324
-4.250 42.250  1.23670
-4.250 42.750  1.25047
-4.250 43.250  1.26453
-4.250 43.750  1.27889
-4.250 44.250  1.29355
-4.250 44.750  1.30851
-3.750 -44.750  1.31090
-3.750 -44.250  1.29595
-3.750 -43.750  1.28130
-3.750 -43.250  1.26694
-3.750 -42.750  1.25288
-3.750 -42.250  1.23913
-3.750 -41.750  1.22567
-3.750 -41.250  1.21252
-3.750 -40.750  1.19967
-3.750 -40.250  1.18713
-3.750 -39.750  1.17490
-3.750 -39.250  1.16297
-3.750 -38.750  1.15135
-3.750 -38.250  1.14005
-3.750 -37.750  1.12906
-3.750 -37.250  1.11839
-3.750 -36.750  1.10803
-3.750 -36.250  1.09799
-3.750 -35.750  1.08828
-3.750 -35.250  1.07889
-3.750 -34.750  1.06982
-3.750 -34.250  1.06108
-3.750 -33.750  1.05267
-3.750 -33.250  1.04459
-3.750 -32.750  1.03683
-3.750 -32.250  1.02941
-3.750 -31.750  1.02233
-3.750 -31.250  1.01557
-3.750 -30.750  1.00915
-3.750 -30.250  1.00306
-3.750 -29.750  0.99731
-3.750 -29.250  0.99189
-3.750 -28.750  0.98680
-3.750 -28.250  0.98203
-3.750 -27.750  0.97760
-3.750 -27.250  0.97349
-3.750 -26.750  0.96970
-3.750 -26.250  0.96624
-3.750 -25.750  0.96308
-3.750 -25.250  0.96024
-3.750 -24.750  0.95770
-3.750 -24.250  0.95547
-3.750 -23.750  0.95352
-3.750 -23.250  0.95187
-3.750 -22.750  0.95049
-3.750 -22.250  0.94939
-3.750 -21.750  0.94855
-3.750 -21.250  0.94797
-3.750 -20.750  0.94763
-3.750 -20.250  0.94753
-3.750 -19.750  0.94765
-3.750 -19.250  0.94799
-3.750 -18.750  0.94854
-3.750 -18.250  0.94928
-3.750 -17.750  0.95020
-3.750 -17.250  0.95129
-3.750 -16.750  0.95254
-3.750 -16.250  0.95393
-3.750 -15.750  0.95546
-3.750 -15.250  0.95711
-3.750 -14.750  0.95886
-3.750 -14.250  0.96071
-3.750 -13.750  0.96263
-3.750 -13.250  0.96463
-3.750 -12.750  0.96668
-3.750 -12.250  0.96877
-3.750 -11.750  0.97089
-3.750 -11.250  0.97303
-3.750 -10.750  0.97518
-3.750 -10.250  0.97731
-3.750 -9.750  0.97943
-3.750 -9.250  0.98152
-3.750 -8.750  0.98356
-3.750 -8.250  0.98556
-3.750 -7.750  0.98749
-3.750 -7.250  0.98935
-3.750 -6.750  0.99113
-3.750 -6.250  0.99282
-3.750 -5.750  0.99442
-3.750 -5.250  0.99590
-3.750 -4.750  0.99728
-3.750 -4.250  0.99854
-3.750 -3.750  0.99967
-3.750 -3.250  1.00067
-3.750 -2.750  1.00154
-3.750 -2.250  1.00227
-3.750 -1.750  1.00285
-3.750 -1.250  1.00330
-3.750 -0.750  1.00359
-3.750 -0.250  1.00374
-3.750 0.250  1.00374
-3.750 0.750  1.00359
-3.750 1.250  1.00330
-3.750 1.750  1.00285
-3.750 2.250  1.00227
-3.750 2.750  1.00154
-3.750 3.250  1.00067
-3.750 3.750  0.99967
-3.750 4.250  0.99854
-3.750 4.750  0.99728
-3.750 5.250  0.99590
-3.750 5.750  0.99442
-3.750 6.250  0.99282
-3.750 6.750  0.99113
-3.750 7.250  0.98935
-3.750 7.750  0.98749
-3.750 8.250  0.98556
-3.750 8.750  0.98356
-3.750 9.250  0.98152
-3.750 9.750  0.97943
-3.750 10.250  0.97731
-3.750 10.750  0.97518
-3.750 11.250  0.97303
-3.750 11.750  0.97089
-3.750 12.250  0.96877
-3.750 12.750  0.96668
-3.750 13.250  0.96463
-3.750 13.750  0.96263
-3.750 14.250  0.96071
-3.750 14.750  0.95886
-3.750 15.250  0.95711
-3.750 15.750  0.95546
-3.750 16.250  0.95393
-3.750 16.750  0.95254
-3.750 17.250  0.95129
-3.750 17.750  0.95020
-3.750 18.250  0.94928
-3.750 18.750  0.94854
-3.750 19.250  0.94799
-3.750 19.750  0.94765
-3.750 20.250  0.94753
-3.750 20.750  0.94763
-3.750 21.250  0.94797
-3.750 21.750  0.94855
-3.750 22.250  0.94939
-3.750 22.750  0.95049
-3.750 23.250  0.95187
-3.750 23.750  0.95352
-3.750 24.250  0.95547
-3.750 24.750  0.95770
-3.750 25.250  0.96024
-3.750 25.750  0.96308
-3.750 26.250  0.96624
-3.750 26.750  0.96970
-3.750 27.250  0.97349
-3.750 27.750  0.97760
-3.750 28.250  0.98203
-3.750 28.750  0.98680
-3.750 29.250  0.99189
-3.750 29.750  0.99731
-3.750 30.250  1.00306
-3.750 30.750  1.00915
-3.750 31.250  1.01557
-3.750 31.750  1.02233
-3.750 32.250  1.02941
-3.750 32.750  1.03683
-3.750 33.250  1.04459
-3.750 33.750  1.05267
-3.750 34.250  1.06108
-3.750 34.750  1.06982
-3.750 35.250  1.07889
-3.750 35.750  1.08828
-3.750 36.250  1.09799
-3.750 36.750  1.10803
-3.750 37.250  1.11839
-3.750 37.750  1.12906
-3.750 38.250  1.14005
-3.750 38.750  1.15135
-3.750 39.250  1.16297
-3.750 39.750  1.17490
-3.750 40.250  1.18713
-3.750 40.750  1.19967
-3.750 41.250  1.21252
-3.750 41.750  1.22567
-3.750 42.250  1.23913
-3.750 42.750  1.25288
-3.750 43.250  1.26694
-3.750 43.750  1.28130
-3.750 44.250  1.29595
-3.750 44.750  1.31090
-3.250 -44.750  1.31300
-3.250 -44.250  1.29805
-3.250 -43.750  1.28340
-3.250 -43.250  1.26905
-3.250 -42.750  1.25500
-3.250 -42.250  1.24125
-3.250 -41.750  1.22780
-3.250 -41.250  1.21466
-3.250 -40.750  1.20182
-3.250 -40.250  1.18929
-3.250 -39.750  1.17707
-3.250 -39.250  1.16515
-3.250 -38.750  1.15354
-3.250 -38.250  1.14225
-3.250 -37.750  1.13127
-3.250 -37.250  1.12061
-3.250 -36.750  1.11026
-3.250 -36.250  1.10024
-3.250 -35.750  1.09053
-3.250 -35.250  1.08115
-3.250 -34.750  1.07209
-3.250 -34.250  1.06336
-3.250 -33.750  1.05495
-3.250 -33.250  1.04687
-3.250 -32.750  1.03913
-3.250 -32.250  1.03171
-3.250 -31.750  1.02462
-3.250 -31.250  1.01786
-3.250 -30.750  1.01144
-3.250 -30.250  1.00535
-3.250 -29.750  0.99958
-3.250 -29.250  0.99415
-3.250 -28.750  0.98905
-3.250 -28.250  0.98427
-3.250 -27.750  0.97982
-3.250 -27.250  0.97568
-3.250 -26.750  0.97187
-3.250 -26.250  0.96838
-3.250 -25.750  0.96519
-3.250 -25.250  0.96231
-3.250 -24.750  0.95974
-3.250 -24.250  0.95746
-3.250 -23.750  0.95547
-3.250 -23.250  0.95376
-3.250 -22.750  0.95234
-3.250 -22.250  0.95118
-3.250 -21.750  0.95028
-3.250 -21.250  0.94963
-3.250 -20.750  0.94923
-3.250 -20.250  0.94906
-3.250 -19.750  0.94911
-3.250 -19.250  0.94938
-3.250 -18.750  0.94985
-3.250 -18.250  0.95052
-3.250 -17.750  0.95136
-3.250 -17.250  0.95237
-3.250 -16.750  0.95353
-3.250 -16.250  0.95484
-3.250 -15.750  0.95629
-3.250 -15.250  0.95785
-3.250 -14.750  0.95951
-3.250 -14.250  0.96128
-3.250 -13.750  0.96312
-3.250 -13.250  0.96503
-3.250 -12.750  0.96699
-3.250 -12.250  0.96900
-3.250 -11.750  0.97104
-3.250 -11.250  0.97310
-3.250 -10.750  0.97516
-3.250 -10.250  0.97722
-3.250 -9.750  0.97927
-3.250 -9.250  0.98128
-3.250 -8.750  0.98326
-3.250 -8.250  0.98518
-3.250 -7.750  0.98705
-3.250 -7.250  0.98885
-3.250 -6.750  0.99057
-3.250 -6.250  0.99221
-3.250 -5.750  0.99375
-3.250 -5.250  0.99519
-3.250 -4.750  0.99653
-3.250 -4.250  0.99774
-3.250 -3.750  0.99884
-3.250 -3.250  0.99981
-3.250 -2.750  1.00065
-3.250 -2.250  1.00136
-3.250 -1.750  1.00193
-3.250 -1.250  1.00236
-3.250 -0.750  1.00265
-3.250 -0.250  1.00279
-3.250 0.250  1.00279
-3.250 0.750  1.00265
-3.250 1.250  1.00236
-3.250 1.750  1.00193
-3.250 2.250  1.00136
-3.250 2.750  1.00065
-3.250 3.250  0.99981
-3.250 3.750  0.99884
-3.250 4.250  0.99774
-3.250 4.750  0.99653
-3.250 5.250  0.99519
-3.250 5.750  0.99375
-3.250 6.250  0.99221
-3.250 6.750  0.99057
-3.250 7.250  0.98885
-3.250 7.750  0.98705
-3.250 8.250  0.98518
-3.250 8.750  0.98326
-3.250 9.250  0.98128
-3.250 9.750  0.97927
-3.250 10.250  0.97722
-3.250 10.750  0.97516
-3.250 11.250  0.97310
-3.250 11.750  0.97104
-3.250 12.250  0.96900
-3.250 12.750  0.96699
-3.250 13.250  0.96503
-3.250 13.750  0.96312
-3.250 14.250  0.96128
-3.250 14.750  0.95951
-3.250 15.250  0.95785
-3.250 15.750  0.95629
-3.250 16.250  0.95484
-3.250 16.750  0.95353
-3.250 17.250  0.95237
-3.250 17.750  0.95136
-3.250 18.250  0.95052
-3.250 18.750  0.94985
-3.250 19.250  0.94938
-3.250 19.750  0.94911
-3.250 20.250  0.94906
-3.250 20.750  0.94923
-3.250 21.250  0.94963
-3.250 21.750  0.95028
-3.250 22.250  0.95118
-3.250 22.750  0.95234
-3.250 23.250  0.95376
-3.250 23.750  0.95547
-3.250 24.250  0.95746
-3.250 24.750  0.95974
-3.250 25.250  0.96231
-3.250 25.750  0.96519
-3.250 26.250  0.96838
-3.250 26.750  0.97187
-3.250 27.250  0.97568
-3.250 27.750  0.97982
-3.250 28.250  0.98427
-3.250 28.750  0.98905
-3.250 29.250  0.99415
-3.250 29.750  0.99958
-3.250 30.250  1.00535
-3.250 30.750  1.01144
-3.250 31.250  1.01786
-3.250 31.750  1.02462
-3.250 32.250  1.03171
-3.250 32.750  1.03913
-3.250 33.250  1.04687
-3.250 33.750  1.05495
-3.250 34.250  1.06336
-3.250 34.750  1.07209
-3.250 35.250  1.08115
-3.250 35.750  1.09053
-3.250 36.250  1.10024
-3.250 36.750  1.11026
-3.250 37.250  1.12061
-3.250 37.750  1.13127
-3.250 38.250  1.14225
-3.250 38.750  1.15354
-3.250 39.250  1.16515
-3.250 39.750  1.17707
-3.250 40.250  1.18929
-3.250 40.750  1.20182
-3.250 41.250  1.21466
-3.250 41.750  1.22780
-3.250 42.250  1.24125
-3.250 42.750  1.25500
-3.250 43.250  1.26905
-3.250 43.750  1.28340
-3.250 44.250  1.29805
-3.250 44.750  1.31300
-2.750 -44.750  1.31480
-2.750 -44.250  1.29985
-2.750 -43.750  1.28521
-2.750 -43.250  1.27086
-2.750 -42.750  1.25682
-2.750 -42.250  1.24307
-2.750 -41.750  1.22963
-2.750 -41.250  1.21650
-2.750 -40.750  1.20367
-2.750 -40.250  1.19114
-2.750 -39.750  1.17892
-2.750 -39.250  1.16702
-2.750 -38.750  1.15542
-2.750 -38.250  1.14414
-2.750 -37.750  1.13317
-2.750 -37.250  1.12251
-2.750 -36.750  1.11217
-2.750 -36.250  1.10216
-2.750 -35.750  1.09246
-2.750 -35.250  1.08308
-2.750 -34.750  1.07403
-2.750 -34.250  1.06531
-2.750 -33.750  1.05690
-2.750 -33.250  1.04883
-2.750 -32.750  1.04109
-2.750 -32.250  1.03367
-2.750 -31.750  1.02658
-2.750 -31.250  1.01983
-2.750 -30.750  1.01340
-2.750 -30.250  1.00730
-2.750 -29.750  1.00153
-2.750 -29.250  0.99609
-2.750 -28.750  0.99097
-2.750 -28.250  0.98618
-2.750 -27.750  0.98171
-2.750 -27.250  0.97756
-2.750 -26.750  0.97373
-2.750 -26.250  0.97020
-2.750 -25.750  0.96699
-2.750 -25.250  0.96408
-2.750 -24.750  0.96147
-2.750 -24.250  0.95916
-2.750 -23.750  0.95713
-2.750 -23.250  0.95538
-2.750 -22.750  0.95391
-2.750 -22.250  0.95270
-2.750 -21.750  0.95175
-2.750 -21.250  0.95105
-2.750 -20.750  0.95060
-2.750 -20.250  0.95037
-2.750 -19.750  0.95036
-2.750 -19.250  0.95057
-2.750 -18.750  0.95098
-2.750 -18.250  0.95157
-2.750 -17.750  0.95235
-2.750 -17.250  0.95329
-2.750 -16.750  0.95438
-2.750 -16.250  0.95562
-2.750 -15.750  0.95699
-2.750 -15.250  0.95848
-2.750 -14.750  0.96008
-2.750 -14.250  0.96176
-2.750 -13.750  0.96353
-2.750 -13.250  0.96537
-2.750 -12.750  0.96726
-2.750 -12.250  0.96920
-2.750 -11.750  0.97117
-2.750 -11.250  0.97316
-2.750 -10.750  0.97516
-2.750 -10.250  0.97715
-2.750 -9.750  0.97913
-2.750 -9.250  0.98108
-2.750 -8.750  0.98300
-2.750 -8.250  0.98487
-2.750 -7.750  0.98668
-2.750 -7.250  0.98843
-2.750 -6.750  0.99010
-2.750 -6.250  0.99169
-2.750 -5.750  0.99319
-2.750 -5.250  0.99459
-2.750 -4.750  0.99589
-2.750 -4.250  0.99707
-2.750 -3.750  0.99814
-2.750 -3.250  0.99908
-2.750 -2.750  0.99990
-2.750 -2.250  1.00059
-2.750 -1.750  1.00115
-2.750 -1.250  1.00156
-2.750 -0.750  1.00184
-2.750 -0.250  1.00198
-2.750 0.250  1.00198
-2.750 0.750  1.00184
-2.750 1.250  1.00156
-2.750 1.750  1.00115
-2.750 2.250  1.00059
-2.750 2.750  0.99990
-2.750 3.250  0.99908
-2.750 3.750  0.99814
-2.750 4.250  0.99707
-2.750 4.750  0.99589
-2.750 5.250  0.99459
-2.750 5.750  0.99319
-2.750 6.250  0.99169
-2.750 6.750  0.99010
-2.750 7.250  0.98843
-2.750 7.750  0.98668
-2.750 8.250  0.98487
-2.750 8.750  0.98300
-2.750 9.250  0.98108
-2.750 9.750  0.97913
-2.750 10.250  0.97715
-2.750 10.750  0.97516
-2.750 11.250  0.97316
-2.750 11.750  0.97117
-2.750 12.250  0.96920
-2.750 12.750  0.96726
-2.750 13.250  0.96537
-2.750 13.750  0.96353
-2.750 14.250  0.96176
-2.750 14.750  0.96008
-2.750 15.250  0.95848
-2.750 15.750  0.95699
-2.750 16.250  0.95562
-2.750 16.750  0.95438
-2.750 17.250  0.95329
-2.750 17.750  0.95235
-2.750 18.250  0.95157
-2.750 18.750  0.95098
-2.750 19.250  0.95057
-2.750 19.750  0.95036
-2.750 20.250  0.95037
-2.750 20.750  0.95060
-2.750 21.250  0.95105
-2.750 21.750  0.95175
-2.750 22.250  0.95270
-2.750 22.750  0.95391
-2.750 23.250  0.95538
-2.750 23.750  0.95713
-2.750 24.250  0.95916
-2.750 24.750  0.96147
-2.750 25.250  0.96408
-2.750 25.750  0.96699
-2.750 26.250  0.97020
-2.750 26.750  0.97373
-2.750 27.250  0.97756
-2.750 27.750  0.98171
-2.750 28.250  0.98618
-2.750 28.750  0.99097
-2.750 29.250  0.99609
-2.750 29.750  1.00153
-2.750 30.250  1.00730
-2.750 30.750  1.01340
-2.750 31.250  1.01983
-2.750 31.750  1.02658
-2.750 32.250  1.03367
-2.750 32.750  1.04109
-2.750 33.250  1.04883
-2.750 33.750  1.05690
-2.750 34.250  1.06531
-2.750 34.750  1.07403
-2.750 35.250  1.08308
-2.750 35.750  1.09246
-2.750 36.250  1.10216
-2.750 36.750  1.11217
-2.750 37.250  1.12251
-2.750 37.750  1.13317
-2.750 38.250  1.14414
-2.750 38.750  1.15542
-2.750 39.250  1.16702
-2.750 39.750  1.17892
-2.750 40.250  1.19114
-2.750 40.750  1.20367
-2.750 41.250  1.21650
-2.750 41.750  1.22963
-2.750 42.250  1.24307
-2.750 42.750  1.25682
-2.750 43.250  1.27086
-2.750 43.750  1.28521
-2.750 44.250  1.29985
-2.750 44.750  1.31480
-2.250 -44.750  1.31630
-2.250 -44.250  1.30135
-2.250 -43.750  1.28671
-2.250 -43.250  1.27237
-2.250 -42.750  1.25833
-2.250 -42.250  1.24459
-2.250 -41.750  1.23116
-2.250 -41.250  1.21803
-2.250 -40.750  1.20520
-2.250 -40.250  1.19268
-2.250 -39.750  1.18047
-2.250 -39.250  1.16857
-2.250 -38.750  1.15698
-2.250 -38.250  1.14571
-2.250 -37.750  1.13474
-2.250 -37.250  1.12410
-2.250 -36.750  1.11377
-2.250 -36.250  1.10376
-2.250 -35.750  1.09406
-2.250 -35.250  1.08470
-2.250 -34.750  1.07565
-2.250 -34.250  1.06693
-2.250 -33.750  1.05853
-2.250 -33.250  1.05046
-2.250 -32.750  1.04272
-2.250 -32.250  1.03530
-2.250 -31.750  1.02822
-2.250 -31.250  1.02146
-2.250 -30.750  1.01503
-2.250 -30.250  1.00892
-2.250 -29.750  1.00315
-2.250 -29.250  0.99770
-2.250 -28.750  0.99257
-2.250 -28.250  0.98777
-2.250 -27.750  0.98328
-2.250 -27.250  0.97912
-2.250 -26.750  0.97526
-2.250 -26.250  0.97172
-2.250 -25.750  0.96849
-2.250 -25.250  0.96555
-2.250 -24.750  0.96292
-2.250 -24.250  0.96057
-2.250 -23.750  0.95851
-2.250 -23.250  0.95673
-2.250 -22.750  0.95522
-2.250 -22.250  0.95397
-2.250 -21.750  0.95298
-2.250 -21.250  0.95224
-2.250 -20.750  0.95173
-2.250 -20.250  0.95146
-2.250 -19.750  0.95140
-2.250 -19.250  0.95156
-2.250 -18.750  0.95191
-2.250 -18.250  0.95245
-2.250 -17.750  0.95317
-2.250 -17.250  0.95405
-2.250 -16.750  0.95509
-2.250 -16.250  0.95627
-2.250 -15.750  0.95758
-2.250 -15.250  0.95901
-2.250 -14.750  0.96054
-2.250 -14.250  0.96217
-2.250 -13.750  0.96388
-2.250 -13.250  0.96566
-2.250 -12.750  0.96749
-2.250 -12.250  0.96937
-2.250 -11.750  0.97128
-2.250 -11.250  0.97321
-2.250 -10.750  0.97515
-2.250 -10.250  0.97709
-2.250 -9.750  0.97902
-2.250 -9.250  0.98092
-2.250 -8.750  0.98279
-2.250 -8.250  0.98461
-2.250 -7.750  0.98638
-2.250 -7.250  0.98808
-2.250 -6.750  0.98971
-2.250 -6.250  0.99127
-2.250 -5.750  0.99273
-2.250 -5.250  0.99410
-2.250 -4.750  0.99536
-2.250 -4.250  0.99652
-2.250 -3.750  0.99756
-2.250 -3.250  0.99848
-2.250 -2.750  0.99928
-2.250 -2.250  0.99996
-2.250 -1.750  1.00050
-2.250 -1.250  1.00091
-2.250 -0.750  1.00118
-2.250 -0.250  1.00132
-2.250 0.250  1.00132
-2.250 0.750  1.00118
-2.250 1.250  1.00091
-2.250 1.750  1.00050
-2.250 2.250  0.99996
-2.250 2.750  0.99928
-2.250 3.250  0.99848
-2.250 3.750  0.99756
-2.250 4.250  0.99652
-2.250 4.750  0.99536
-2.250 5.250  0.99410
-2.250 5.750  0.99273
-2.250 6.250  0.99127
-2.250 6.750  0.98971
-2.250 7.250  0.98808
-2.250 7.750  0.98638
-2.250 8.250  0.98461
-2.250 8.750  0.98279
-2.250 9.250  0.98092
-2.250 9.750  0.97902
-2.250 10.250  0.97709
-2.250 10.750  0.97515
-2.250 11.250  0.97321
-2.250 11.750  0.97128
-2.250 12.250  0.96937
-2.250 12.750  0.96749
-2.250 13.250  0.96566
-2.250 13.750  0.96388
-2.250 14.250  0.96217
-2.250 14.750  0.96054
-2.250 15.250  0.95901
-2.250 15.750  0.95758
-2.250 16.250  0.95627
-2.250 16.750  0.95509
-2.250 17.250  0.95405
-2.250 17.750  0.95317
-2.250 18.250  0.95245
-2.250 18.750  0.95191
-2.250 19.250  0.95156
-2.250 19.750  0.95140
-2.250 20.250  0.95146
-2.250 20.750  0.95173
-2.250 21.250  0.95224
-2.250 21.750  0.95298
-2.250 22.250  0.95397
-2.250 22.750  0.95522
-2.250 23.250  0.95673
-2.250 23.750  0.95851
-2.250 24.250  0.96057
-2.250 24.750  0.96292
-2.250 25.250  0.96555
-2.250 25.750  0.96849
-2.250 26.250  0.97172
-2.250 26.750  0.97526
-2.250 27.250  0.97912
-2.250 27.750  0.98328
-2.250 28.250  0.98777
-2.250 28.750  0.99257
-2.250 29.250  0.99770
-2.250 29.750  1.00315
-2.250 30.250  1.00892
-2.250 30.750  1.01503
-2.250 31.250  1.02146
-2.250 31.750  1.02822
-2.250 32.250  1.03530
-2.250 32.750  1.04272
-2.250 33.250  1.05046
-2.250 33.750  1.05853
-2.250 34.250  1.06693
-2.250 34.750  1.07565
-2.250 35.250  1.08470
-2.250 35.750  1.09406
-2.250 36.250  1.10376
-2.250 36.750  1.11377
-2.250 37.250  1.12410
-2.250 37.750  1.13474
-2.250 38.250  1.14571
-2.250 38.750  1.15698
-2.250 39.250  1.16857
-2.250 39.750  1.18047
-2.250 40.250  1.19268
-2.250 40.750  1.20520
-2.250 41.250  1.21803
-2.250 41.750  1.23116
-2.250 42.250  1.24459
-2.250 42.750  1.25833
-2.250 43.250  1.27237
-2.250 43.750  1.28671
-2.250 44.250  1.30135
-2.250 44.750  1.31630
-1.750 -44.750  1.31750
-1.750 -44.250  1.30256
-1.750 -43.750  1.28792
-1.750 -43.250  1.27358
-1.750 -42.750  1.25954
-1.750 -42.250  1.24581
-1.750 -41.750  1.23238
-1.750 -41.250  1.21925
-1.750 -40.750  1.20643
-1.750 -40.250  1.19392
-1.750 -39.750  1.18171
-1.750 -39.250  1.16982
-1.750 -38.750  1.15823
-1.750 -38.250  1.14696
-1.750 -37.750  1.13601
-1.750 -37.250  1.12536
-1.750 -36.750  1.11504
-1.750 -36.250  1.10504
-1.750 -35.750  1.09535
-1.750 -35.250  1.08599
-1.750 -34.750  1.07694
-1.750 -34.250  1.06823
-1.750 -33.750  1.05983
-1.750 -33.250  1.05176
-1.750 -32.750  1.04402
-1.750 -32.250  1.03661
-1.750 -31.750  1.02952
-1.750 -31.250  1.02276
-1.750 -30.750  1.01633
-1.750 -30.250  1.01022
-1.750 -29.750  1.00444
-1.750 -29.250  0.99898
-1.750 -28.750  0.99385
-1.750 -28.250  0.98904
-1.750 -27.750  0.98454
-1.750 -27.250  0.98036
-1.750 -26.750  0.97649
-1.750 -26.250  0.97293
-1.750 -25.750  0.96968
-1.750 -25.250  0.96673
-1.750 -24.750  0.96407
-1.750 -24.250  0.96170
-1.750 -23.750  0.95961
-1.750 -23.250  0.95780
-1.750 -22.750  0.95626
-1.750 -22.250  0.95498
-1.750 -21.750  0.95396
-1.750 -21.250  0.95318
-1.750 -20.750  0.95264
-1.750 -20.250  0.95232
-1.750 -19.750  0.95223
-1.750 -19.250  0.95234
-1.750 -18.750  0.95265
-1.750 -18.250  0.95315
-1.750 -17.750  0.95382
-1.750 -17.250  0.95466
-1.750 -16.750  0.95565
-1.750 -16.250  0.95679
-1.750 -15.750  0.95805
-1.750 -15.250  0.95943
-1.750 -14.750  0.96092
-1.750 -14.250  0.96250
-1.750 -13.750  0.96416
-1.750 -13.250  0.96589
-1.750 -12.750  0.96767
-1.750 -12.250  0.96950
-1.750 -11.750  0.97137
-1.750 -11.250  0.97326
-1.750 -10.750  0.97515
-1.750 -10.250  0.97705
-1.750 -9.750  0.97893
-1.750 -9.250  0.98079
-1.750 -8.750  0.98262
-1.750 -8.250  0.98440
-1.750 -7.750  0.98614
-1.750 -7.250  0.98781
-1.750 -6.750  0.98941
-1.750 -6.250  0.99093
-1.750 -5.750  0.99236
-1.750 -5.250  0.99370
-1.750 -4.750  0.99494
-1.750 -4.250  0.99608
-1.750 -3.750  0.99710
-1.750 -3.250  0.99801
-1.750 -2.750  0.99879
-1.750 -2.250  0.99945
-1.750 -1.750  0.99998
-1.750 -1.250  1.00038
-1.750 -0.750  1.00065
-1.750 -0.250  1.00079
-1.750 0.250  1.00079
-1.750 0.750  1.00065
-1.750 1.250  1.00038
-1.750 1.750  0.99998
-1.750 2.250  0.99945
-1.750 2.750  0.99879
-1.750 3.250  0.99801
-1.750 3.750  0.99710
-1.750 4.250  0.99608
-1.750 4.750  0.99494
-1.750 5.250  0.99370
-1.750 5.750  0.99236
-1.750 6.250  0.99093
-1.750 6.750  0.98941
-1.750 7.250  0.98781
-1.750 7.750  0.98614
-1.750 8.250  0.98440
-1.750 8.750  0.98262
-1.750 9.250  0.98079
-1.750 9.750  0.97893
-1.750 10.250  0.97705
-1.750 10.750  0.97515
-1.750 11.250  0.97326
-1.750 11.750  0.97137
-1.750 12.250  0.96950
-1.750 12.750  0.96767
-1.750 13.250  0.96589
-1.750 13.750  0.96416
-1.750 14.250  0.96250
-1.750 14.750  0.96092
-1.750 15.250  0.95943
-1.750 15.750  0.95805
-1.750 16.250  0.95679
-1.750 16.750  0.95565
-1.750 17.250  0.95466
-1.750 17.750  0.95382
-1.750 18.250  0.95315
-1.750 18.750  0.95265
-1.750 19.250  0.95234
-1.750 19.750  0.95223
-1.750 20.250  0.95232
-1.750 20.750  0.95264
-1.750 21.250  0.95318
-1.750 21.750  0.95396
-1.750 22.250  0.95498
-1.750 22.750  0.95626
-1.750 23.250  0.95780
-1.750 23.750  0.95961
-1.750 24.250  0.96170
-1.750 24.750  0.96407
-1.750 25.250  0.96673
-1.750 25.750  0.96968
-1.750 26.250  0.97293
-1.750 26.750  0.97649
-1.750 27.250  0.98036
-1.750 27.750  0.98454
-1.750 28.250  0.98904
-1.750 28.750  0.99385
-1.750 29.250  0.99898
-1.750 29.750  1.00444
-1.750 30.250  1.01022
-1.750 30.750  1.01633
-1.750 31.250  1.02276
-1.750 31.750  1.02952
-1.750 32.250  1.03661
-1.750 32.750  1.04402
-1.750 33.250  1.05176
-1.750 33.750  1.05983
-1.750 34.250  1.06823
-1.750 34.750  1.07694
-1.750 35.250  1.08599
-1.750 35.750  1.09535
-1.750 36.250  1.10504
-1.750 36.750  1.11504
-1.750 37.250  1.12536
-1.750 37.750  1.13601
-1.750 38.250  1.14696
-1.750 38.750  1.15823
-1.750 39.250  1.16982
-1.750 39.750  1.18171
-1.750 40.250  1.19392
-1.750 40.750  1.20643
-1.750 41.250  1.21925
-1.750 41.750  1.23238
-1.750 42.250  1.24581
-1.750 42.750  1.25954
-1.750 43.250  1.27358
-1.750 43.750  1.28792
-1.750 44.250  1.30256
-1.750 44.750  1.31750
-1.250 -44.750  1.31840
-1.250 -44.250  1.30346
-1.250 -43.750  1.28882
-1.250 -43.250  1.27449
-1.250 -42.750  1.26045
-1.250 -42.250  1.24672
-1.250 -41.750  1.23329
-1.250 -41.250  1.22017
-1.250 -40.750  1.20735
-1.250 -40.250  1.19484
-1.250 -39.750  1.18264
-1.250 -39.250  1.17075
-1.250 -38.750  1.15917
-1.250 -38.250  1.14791
-1.250 -37.750  1.13695
-1.250 -37.250  1.12632
-1.250 -36.750  1.11600
-1.250 -36.250  1.10599
-1.250 -35.750  1.09631
-1.250 -35.250  1.08695
-1.250 -34.750  1.07791
-1.250 -34.250  1.06920
-1.250 -33.750  1.06081
-1.250 -33.250  1.05274
-1.250 -32.750  1.04500
-1.250 -32.250  1.03759
-1.250 -31.750  1.03050
-1.250 -31.250  1.02374
-1.250 -30.750  1.01730
-1.250 -30.250  1.01119
-1.250 -29.750  1.00541
-1.250 -29.250  0.99995
-1.250 -28.750  0.99481
-1.250 -28.250  0.98999
-1.250 -27.750  0.98548
-1.250 -27.250  0.98129
-1.250 -26.750  0.97741
-1.250 -26.250  0.97384
-1.250 -25.750  0.97057
-1.250 -25.250  0.96760
-1.250 -24.750  0.96493
-1.250 -24.250  0.96254
-1.250 -23.750  0.96043
-1.250 -23.250  0.95860
-1.250 -22.750  0.95704
-1.250 -22.250  0.95574
-1.250 -21.750  0.95469
-1.250 -21.250  0.95388
-1.250 -20.750  0.95332
-1.250 -20.250  0.95297
-1.250 -19.750  0.95285
-1.250 -19.250  0.95293
-1.250 -18.750  0.95321
-1.250 -18.250  0.95367
-1.250 -17.750  0.95432
-1.250 -17.250  0.95512
-1.250 -16.750  0.95608
-1.250 -16.250  0.95717
-1.250 -15.750  0.95840
-1.250 -15.250  0.95975
-1.250 -14.750  0.96120
-1.250 -14.250  0.96274
-1.250 -13.750  0.96436
-1.250 -13.250  0.96606
-1.250 -12.750  0.96781
-1.250 -12.250  0.96961
-1.250 -11.750  0.97144
-1.250 -11.250  0.97329
-1.250 -10.750  0.97515
-1.250 -10.250  0.97702
-1.250 -9.750  0.97887
-1.250 -9.250  0.98070
-1.250 -8.750  0.98250
-1.250 -8.250  0.98425
-1.250 -7.750  0.98596
-1.250 -7.250  0.98760
-1.250 -6.750  0.98918
-1.250 -6.250  0.99068
-1.250 -5.750  0.99209
-1.250 -5.250  0.99341
-1.250 -4.750  0.99463
-1.250 -4.250  0.99575
-1.250 -3.750  0.99676
-1.250 -3.250  0.99765
-1.250 -2.750  0.99843
-1.250 -2.250  0.99908
-1.250 -1.750  0.99960
-1.250 -1.250  1.00000
-1.250 -0.750  1.00026
-1.250 -0.250  1.00039
-1.250 0.250  1.00039
-1.250 0.750  1.00026
-1.250 1.250  1.00000
-1.250 1.750  0.99960
-1.250 2.250  0.99908
-1.250 2.750  0.99843
-1.250 3.250  0.99765
-1.250 3.750  0.99676
-1.250 4.250  0.99575
-1.250 4.750  0.99463
-1.250 5.250  0.99341
-1.250 5.750  0.99209
-1.250 6.250  0.99068
-1.250 6.750  0.98918
-1.250 7.250  0.98760
-1.250 7.750  0.98596
-1.250 8.250  0.98425
-1.250 8.750  0.98250
-1.250 9.250  0.98070
-1.250 9.750  0.97887
-1.250 10.250  0.97702
-1.250 10.750  0.97515
-1.250 11.250  0.97329
-1.250 11.750  0.97144
-1.250 12.250  0.96961
-1.250 12.750  0.96781
-1.250 13.250  0.96606
-1.250 13.750  0.96436
-1.250 14.250  0.96274
-1.250 14.750  0.96120
-1.250 15.250  0.95975
-1.250 15.750  0.95840
-1.250 16.250  0.95717
-1.250 16.750  0.95608
-1.250 17.250  0.95512
-1.250 17.750  0.95432
-1.250 18.250  0.95367
-1.250 18.750  0.95321
-1.250 19.250  0.95293
-1.250 19.750  0.95285
-1.250 20.250  0.95297
-1.250 20.750  0.95332
-1.250 21.250  0.95388
-1.250 21.750  0.95469
-1.250 22.250  0.95574
-1.250 22.750  0.95704
-1.250 23.250  0.95860
-1.250 23.750  0.96043
-1.250 24.250  0.96254
-1.250 24.750  0.96493
-1.250 25.250  0.96760
-1.250 25.750  0.97057
-1.250 26.250  0.97384
-1.250 26.750  0.97741
-1.250 27.250  0.98129
-1.250 27.750  0.98548
-1.250 28.250  0.98999
-1.250 28.750  0.99481
-1.250 29.250  0.99995
-1.250 29.750  1.00541
-1.250 30.250  1.01119
-1.250 30.750  1.01730
-1.250 31.250  1.02374
-1.250 31.750  1.03050
-1.250 32.250  1.03759
-1.250 32.750  1.04500
-1.250 33.250  1.05274
-1.250 33.750  1.06081
-1.250 34.250  1.06920
-1.250 34.750  1.07791
-1.250 35.250  1.08695
-1.250 35.750  1.09631
-1.250 36.250  1.10599
-1.250 36.750  1.11600
-1.250 37.250  1.12632
-1.250 37.750  1.13695
-1.250 38.250  1.14791
-1.250 38.750  1.15917
-1.250 39.250  1.17075
-1.250 39.750  1.18264
-1.250 40.250  1.19484
-1.250 40.750  1.20735
-1.250 41.250  1.22017
-1.250 41.750  1.23329
-1.250 42.250  1.24672
-1.250 42.750  1.26045
-1.250 43.250  1.27449
-1.250 43.750  1.28882
-1.250 44.250  1.30346
-1.250 44.750  1.31840
-0.750 -44.750  1.31900
-0.750 -44.250  1.30406
-0.750 -43.750  1.28943
-0.750 -43.250  1.27509
-0.750 -42.750  1.26106
-0.750 -42.250  1.24733
-0.750 -41.750  1.23390
-0.750 -41.250  1.22078
-0.750 -40.750  1.20797
-0.750 -40.250  1.19546
-0.750 -39.750  1.18326
-0.750 -39.250  1.17138
-0.750 -38.750  1.15980
-0.750 -38.250  1.14853
-0.750 -37.750  1.13758
-0.750 -37.250  1.12695
-0.750 -36.750  1.11663
-0.750 -36.250  1.10663
-0.750 -35.750  1.09695
-0.750 -35.250  1.08760
-0.750 -34.750  1.07856
-0.750 -34.250  1.06985
-0.750 -33.750  1.06146
-0.750 -33.250  1.05339
-0.750 -32.750  1.04565
-0.750 -32.250  1.03824
-0.750 -31.750  1.03115
-0.750 -31.250  1.02439
-0.750 -30.750  1.01795
-0.750 -30.250  1.01184
-0.750 -29.750  1.00605
-0.750 -29.250  1.00059
-0.750 -28.750  0.99544
-0.750 -28.250  0.99062
-0.750 -27.750  0.98611
-0.750 -27.250  0.98191
-0.750 -26.750  0.97803
-0.750 -26.250  0.97445
-0.750 -25.750  0.97117
-0.750 -25.250  0.96819
-0.750 -24.750  0.96550
-0.750 -24.250  0.96310
-0.750 -23.750  0.96098
-0.750 -23.250  0.95914
-0.750 -22.750  0.95756
-0.750 -22.250  0.95624
-0.750 -21.750  0.95518
-0.750 -21.250  0.95435
-0.750 -20.750  0.95377
-0.750 -20.250  0.95341
-0.750 -19.750  0.95326
-0.750 -19.250  0.95332
-0.750 -18.750  0.95358
-0.750 -18.250  0.95402
-0.750 -17.750  0.95464
-0.750 -17.250  0.95542
-0.750 -16.750  0.95636
-0.750 -16.250  0.95743
-0.750 -15.750  0.95864
-0.750 -15.250  0.95996
-0.750 -14.750  0.96138
-0.750 -14.250  0.96290
-0.750 -13.750  0.96450
-0.750 -13.250  0.96617
-0.750 -12.750  0.96790
-0.750 -12.250  0.96967
-0.750 -11.750  0.97148
-0.750 -11.250  0.97331
-0.750 -10.750  0.97515
-0.750 -10.250  0.97700
-0.750 -9.750  0.97883
-0.750 -9.250  0.98064
-0.750 -8.750  0.98241
-0.750 -8.250  0.98415
-0.750 -7.750  0.98584
-0.750 -7.250  0.98747
-0.750 -6.750  0.98903
-0.750 -6.250  0.99051
-0.750 -5.750  0.99191
-0.750 -5.250  0.99322
-0.750 -4.750  0.99443
-0.750 -4.250  0.99553
-0.750 -3.750  0.99653
-0.750 -3.250  0.99742
-0.750 -2.750  0.99818
-0.750 -2.250  0.99883
-0.750 -1.750  0.99935
-0.750 -1.250  0.99974
-0.750 -0.750  1.00000
-0.750 -0.250  1.00013
-0.750 0.250  1.00013
-0.750 0.750  1.00000
-0.750 1.250  0.99974
-0.750 1.750  0.99935
-0.750 2.250  0.99883
-0.750 2.750  0.99818
-0.750 3.250  0.99742
-0.750 3.750  0.99653
-0.750 4.250  0.99553
-0.750 4.750  0.99443
-0.750 5.250  0.99322
-0.750 5.750  0.99191
-0.750 6.250  0.99051
-0.750 6.750  0.98903
-0.750 7.250  0.98747
-0.750 7.750  0.98584
-0.750 8.250  0.98415
-0.750 8.750  0.98241
-0.750 9.250  0.98064
-0.750 9.750  0.97883
-0.750 10.250  0.97700
-0.750 10.750  0.97515
-0.750 11.250  0.97331
-0.750 11.750  0.97148
-0.750 12.250  0.96967
-0.750 12.750  0.96790
-0.750 13.250  0.96617
-0.750 13.750  0.96450
-0.750 14.250  0.96290
-0.750 14.750  0.96138
-0.750 15.250  0.95996
-0.750 15.750  0.95864
-0.750 16.250  0.95743
-0.750 16.750  0.95636
-0.750 17.250  0.95542
-0.750 17.750  0.95464
-0.750 18.250  0.95402
-0.750 18.750  0.95358
-0.750 19.250  0.95332
-0.750 19.750  0.95326
-0.750 20.250  0.95341
-0.750 20.750  0.95377
-0.750 21.250  0.95435
-0.750 21.750  0.95518
-0.750 22.250  0.95624
-0.750 22.750  0.95756
-0.750 23.250  0.95914
-0.750 23.750  0.96098
-0.750 24.250  0.96310
-0.750 24.750  0.96550
-0.750 25.250  0.96819
-0.750 25.750  0.97117
-0.750 26.250  0.97445
-0.750 26.750  0.97803
-0.750 27.250  0.98191
-0.750 27.750  0.98611
-0.750 28.250  0.99062
-0.750 28.750  0.99544
-0.750 29.250  1.00059
-0.750 29.750  1.00605
-0.750 30.250  1.01184
-0.750 30.750  1.01795
-0.750 31.250  1.02439
-0.750 31.750  1.03115
-0.750 32.250  1.03824
-0.750 32.750  1.04565
-0.750 33.250  1.05339
-0.750 33.750  1.06146
-0.750 34.250  1.06985
-0.750 34.750  1.07856
-0.750 35.250  1.08760
-0.750 35.750  1.09695
-0.750 36.250  1.10663
-0.750 36.750  1.11663
-0.750 37.250  1.12695
-0.750 37.750  1.13758
-0.750 38.250  1.14853
-0.750 38.750  1.15980
-0.750 39.250  1.17138
-0.750 39.750  1.18326
-0.750 40.250  1.19546
-0.750 40.750  1.20797
-0.750 41.250  1.22078
-0.750 41.750  1.23390
-0.750 42.250  1.24733
-0.750 42.750  1.26106
-0.750 43.250  1.27509
-0.750 43.750  1.28943
-0.750 44.250  1.30406
-0.750 44.750  1.31900
-0.250 -44.750  1.31930
-0.250 -44.250  1.30436
-0.250 -43.750  1.28973
-0.250 -43.250  1.27539
-0.250 -42.750  1.26136
-0.250 -42.250  1.24763
-0.250 -41.750  1.23421
-0.250 -41.250  1.22109
-0.250 -40.750  1.20828
-0.250 -40.250  1.19577
-0.250 -39.750  1.18357
-0.250 -39.250  1.17169
-0.250 -38.750  1.16011
-0.250 -38.250  1.14885
-0.250 -37.750  1.13790
-0.250 -37.250  1.12727
-0.250 -36.750  1.11695
-0.250 -36.250  1.10695
-0.250 -35.750  1.09728
-0.250 -35.250  1.08792
-0.250 -34.750  1.07888
-0.250 -34.250  1.07017
-0.250 -33.750  1.06178
-0.250 -33.250  1.05372
-0.250 -32.750  1.04598
-0.250 -32.250  1.03857
-0.250 -31.750  1.03148
-0.250 -31.250  1.02472
-0.250 -30.750  1.01828
-0.250 -30.250  1.01217
-0.250 -29.750  1.00638
-0.250 -29.250  1.00091
-0.250 -28.750  0.99576
-0.250 -28.250  0.99093
-0.250 -27.750  0.98642
-0.250 -27.250  0.98222
-0.250 -26.750  0.97833
-0.250 -26.250  0.97475
-0.250 -25.750  0.97147
-0.250 -25.250  0.96848
-0.250 -24.750  0.96579
-0.250 -24.250  0.96338
-0.250 -23.750  0.96126
-0.250 -23.250  0.95940
-0.250 -22.750  0.95782
-0.250 -22.250  0.95649
-0.250 -21.750  0.95542
-0.250 -21.250  0.95459
-0.250 -20.750  0.95399
-0.250 -20.250  0.95362
-0.250 -19.750  0.95347
-0.250 -19.250  0.95352
-0.250 -18.750  0.95377
-0.250 -18.250  0.95420
-0.250 -17.750  0.95481
-0.250 -17.250  0.95558
-0.250 -16.750  0.95650
-0.250 -16.250  0.95756
-0.250 -15.750  0.95875
-0.250 -15.250  0.96006
-0.250 -14.750  0.96148
-0.250 -14.250  0.96298
-0.250 -13.750  0.96457
-0.250 -13.250  0.96623
-0.250 -12.750  0.96795
-0.250 -12.250  0.96971
-0.250 -11.750  0.97151
-0.250 -11.250  0.97332
-0.250 -10.750  0.97515
-0.250 -10.250  0.97699
-0.250 -9.750  0.97881
-0.250 -9.250  0.98061
-0.250 -8.750  0.98237
-0.250 -8.250  0.98410
-0.250 -7.750  0.98578
-0.250 -7.250  0.98740
-0.250 -6.750  0.98895
-0.250 -6.250  0.99042
-0.250 -5.750  0.99182
-0.250 -5.250  0.99312
-0.250 -4.750  0.99432
-0.250 -4.250  0.99543
-0.250 -3.750  0.99642
-0.250 -3.250  0.99730
-0.250 -2.750  0.99806
-0.250 -2.250  0.99870
-0.250 -1.750  0.99922
-0.250 -1.250  0.99961
-0.250 -0.750  0.99987
-0.250 -0.250  1.00000
-0.250 0.250  1.00000
-0.250 0.750  0.99987
-0.250 1.250  0.99961
-0.250 1.750  0.99922
-0.250 2.250  0.99870
-0.250 2.750  0.99806
-0.250 3.250  0.99730
-0.250 3.750  0.99642
-0.250 4.250  0.99543
-0.250 4.750  0.99432
-0.250 5.250  0.99312
-0.250 5.750  0.99182
-0.250 6.250  0.99042
-0.250 6.750  0.98895
-0.250 7.250  0.98740
-0.250 7.750  0.98578
-0.250 8.250  0.98410
-0.250 8.750  0.98237
-0.250 9.250  0.98061
-0.250 9.750  0.97881
-0.250 10.250  0.97699
-0.250 10.750  0.97515
-0.250 11.250  0.97332
-0.250 11.750  0.97151
-0.250 12.250  0.96971
-0.250 12.750  0.96795
-0.250 13.250  0.96623
-0.250 13.750  0.96457
-0.250 14.250  0.96298
-0.250 14.750  0.96148
-0.250 15.250  0.96006
-0.250 15.750  0.95875
-0.250 16.250  0.95756
-0.250 16.750  0.95650
-0.250 17.250  0.95558
-0.250 17.750  0.95481
-0.250 18.250  0.95420
-0.250 18.750  0.95377
-0.250 19.250  0.95352
-0.250 19.750  0.95347
-0.250 20.250  0.95362
-0.250 20.750  0.95399
-0.250 21.250  0.95459
-0.250 21.750  0.95542
-0.250 22.250  0.95649
-0.250 22.750  0.95782
-0.250 23.250  0.95940
-0.250 23.750  0.96126
-0.250 24.250  0.96338
-0.250 24.750  0.96579
-0.250 25.250  0.96848
-0.250 25.750  0.97147
-0.250 26.250  0.97475
-0.250 26.750  0.97833
-0.250 27.250  0.98222
-0.250 27.750  0.98642
-0.250 28.250  0.99093
-0.250 28.750  0.99576
-0.250 29.250  1.00091
-0.250 29.750  1.00638
-0.250 30.250  1.01217
-0.250 30.750  1.01828
-0.250 31.250  1.02472
-0.250 31.750  1.03148
-0.250 32.250  1.03857
-0.250 32.750  1.04598
-0.250 33.250  1.05372
-0.250 33.750  1.06178
-0.250 34.250  1.07017
-0.250 34.750  1.07888
-0.250 35.250  1.08792
-0.250 35.750  1.09728
-0.250 36.250  1.10695
-0.250 36.750  1.11695
-0.250 37.250  1.12727
-0.250 37.750  1.13790
-0.250 38.250  1.14885
-0.250 38.750  1.16011
-0.250 39.250  1.17169
-0.250 39.750  1.18357
-0.250 40.250  1.19577
-0.250 40.750  1.20828
-0.250 41.250  1.22109
-0.250 41.750  1.23421
-0.250 42.250  1.24763
-0.250 42.750  1.26136
-0.250 43.250  1.27539
-0.250 43.750  1.28973
-0.250 44.250  1.30436
-0.250 44.750  1.31930
0.250 -44.750  1.31930
0.250 -44.250  1.30436
0.250 -43.750  1.28973
0.250 -43.250  1.27539
0.250 -42.750  1.26136
0.250 -42.250  1.24763
0.250 -41.750  1.23421
0.250 -41.250  1.22109
0.250 -40.750  1.20828
0.250 -40.250  1.19577
0.250 -39.750  1.18357
0.250 -39.250  1.17169
0.250 -38.750  1.16011
0.250 -38.250  1.14885
0.250 -37.750  1.13790
0.250 -37.250  1.12727
0.250 -36.750  1.11695
0.250 -36.250  1.10695
0.250 -35.750  1.09728
0.250 -35.250  1.08792
0.250 -34.750  1.07888
0.250 -34.250  1.07017
0.250 -33.750  1.06178
0.250 -33.250  1.05372
0.250 -32.750  1.04598
0.250 -32.250  1.03857
0.250 -31.750  1.03148
0.250 -31.250  1.02472
0.250 -30.750  1.01828
0.250 -30.250  1.01217
0.250 -29.750  1.00638
0.250 -29.250  1.00091
0.250 -28.750  0.99576
0.250 -28.250  0.99093
0.250 -27.750  0.98642
0.250 -27.250  0.98222
0.250 -26.750  0.97833
0.250 -26.250  0.97475
0.250 -25.750  0.97147
0.250 -25.250  0.96848
0.250 -24.750  0.96579
0.250 -24.250  0.96338
0.250 -23.750  0.96126
0.250 -23.250  0.95940
0.250 -22.750  0.95782
0.250 -22.250  0.95649
0.250 -21.750  0.95542
0.250 -21.250  0.95459
0.250 -20.750  0.95399
0.250 -20.250  0.95362
0.250 -19.750  0.95347
0.250 -19.250  0.95352
0.250 -18.750  0.95377
0.250 -18.250  0.95420
0.250 -17.750  0.95481
0.250 -17.250  0.95558
0.250 -16.750  0.95650
0.250 -16.250  0.95756
0.250 -15.750  0.95875
0.250 -15.250  0.96006
0.250 -14.750  0.96148
0.250 -14.250  0.96298
0.250 -13.750  0.96457
0.250 -13.250  0.96623
0.250 -12.750  0.96795
0.250 -12.250  0.96971
0.250 -11.750  0.97151
0.250 -11.250  0.97332
0.250 -10.750  0.97515
0.250 -10.250  0.97699
0.250 -9.750  0.97881
0.250 -9.250  0.98061
0.250 -8.750  0.98237
0.250 -8.250  0.98410
0.250 -7.750  0.98578
0.250 -7.250  0.98740
0.250 -6.750  0.98895
0.250 -6.250  0.99043
0.250 -5.750  0.99182
0.250 -5.250  0.99312
0.250 -4.750  0.99432
0.250 -4.250  0.99543
0.250 -3.750  0.99642
0.250 -3.250  0.99730
0.250 -2.750  0.99806
0.250 -2.250  0.99870
0.250 -1.750  0.99922
0.250 -1.250  0.99961
0.250 -0.750  0.99987
0.250 -0.250  1.00000
0.250 0.250  1.00000
0.250 0.750  0.99987
0.250 1.250  0.99961
0.250 1.750  0.99922
0.250 2.250  0.99870
0.250 2.750  0.99806
0.250 3.250  0.99730
0.250 3.750  0.99642
0.250 4.250  0.99543
0.250 4.750  0.99432
0.250 5.250  0.99312
0.250 5.750  0.99182
0.250 6.250  0.99043
0.250 6.750  0.98895
0.250 7.250  0.98740
0.250 7.750  0.98578
0.250 8.250  0.98410
0.250 8.750  0.98237
0.250 9.250  0.98061
0.250 9.750  0.97881
0.250 10.250  0.97699
0.250 10.750  0.97515
0.250 11.250  0.97332
0.250 11.750  0.97151
0.250 12.250  0.96971
0.250 12.750  0.96795
0.250 13.250  0.96623
0.250 13.750  0.96457
0.250 14.250  0.96298
0.250 14.750  0.96148
0.250 15.250  0.96006
0.250 15.750  0.95875
0.250 16.250  0.95756
0.250 16.750  0.95650
0.250 17.250  0.95558
0.250 17.750  0.95481
0.250 18.250  0.95420
0.250 18.750  0.95377
0.250 19.250  0.95352
0.250 19.750  0.95347
0.250 20.250  0.95362
0.250 20.750  0.95399
0.250 21.250  0.95459
0.250 21.750  0.95542
0.250 22.250  0.95649
0.250 22.750  0.95782
0.250 23.250  0.95940
0.250 23.750  0.96126
0.250 24.250  0.96338
0.250 24.750  0.96579
0.250 25.250  0.96848
0.250 25.750  0.97147
0.250 26.250  0.97475
0.250 26.750  0.97833
0.250 27.250  0.98222
0.250 27.750  0.98642
0.250 28.250  0.99093
0.250 28.750  0.99576
0.250 29.250  1.00091
0.250 29.750  1.00638
0.250 30.250  1.01217
0.250 30.750  1.01828
0.250 31.250  1.02472
0.250 31.750  1.03148
0.250 32.250  1.03857
0.250 32.750  1.04598
0.250 33.250  1.05372
0.250 33.750  1.06178
0.250 34.250  1.07017
0.250 34.750  1.07888
0.250 35.250  1.08792
0.250 35.750  1.09728
0.250 36.250  1.10695
0.250 36.750  1.11695
0.250 37.250  1.12727
0.250 37.750  1.13790
0.250 38.250  1.14885
0.250 38.750  1.16011
0.250 39.250  1.17169
0.250 39.750  1.18357
0.250 40.250  1.19577
0.250 40.750  1.20828
0.250 41.250  1.22109
0.250 41.750  1.23421
0.250 42.250  1.24763
0.250 42.750  1.26136
0.250 43.250  1.27539
0.250 43.750  1.28973
0.250 44.250  1.30436
0.250 44.750  1.31930
0.750 -44.750  1.31900
0.750 -44.250  1.30406
0.750 -43.750  1.28943
0.750 -43.250  1.27509
0.750 -42.750  1.26106
0.750 -42.250  1.24733
0.750 -41.750  1.23390
0.750 -41.250  1.22078
0.750 -40.750  1.20797
0.750 -40.250  1.19546
0.750 -39.750  1.18326
0.750 -39.250  1.17138
0.750 -38.750  1.15980
0.750 -38.250  1.14854
0.750 -37.750  1.13759
0.750 -37.250  1.12695
0.750 -36.750  1.11663
0.750 -36.250  1.10663
0.750 -35.750  1.09696
0.750 -35.250  1.08760
0.750 -34.750  1.07856
0.750 -34.250  1.06985
0.750 -33.750  1.06146
0.750 -33.250  1.05339
0.750 -32.750  1.04565
0.750 -32.250  1.03824
0.750 -31.750  1.03115
0.750 -31.250  1.02439
0.750 -30.750  1.01795
0.750 -30.250  1.01184
0.750 -29.750  1.00606
0.750 -29.250  1.00059
0.750 -28.750  0.99545
0.750 -28.250  0.99062
0.750 -27.750  0.98611
0.750 -27.250  0.98191
0.750 -26.750  0.97803
0.750 -26.250  0.97445
0.750 -25.750  0.97117
0.750 -25.250  0.96819
0.750 -24.750  0.96550
0.750 -24.250  0.96310
0.750 -23.750  0.96098
0.750 -23.250  0.95914
0.750 -22.750  0.95756
0.750 -22.250  0.95624
0.750 -21.750  0.95518
0.750 -21.250  0.95436
0.750 -20.750  0.95377
0.750 -20.250  0.95341
0.750 -19.750  0.95326
0.750 -19.250  0.95332
0.750 -18.750  0.95358
0.750 -18.250  0.95403
0.750 -17.750  0.95464
0.750 -17.250  0.95542
0.750 -16.750  0.95636
0.750 -16.250  0.95743
0.750 -15.750  0.95864
0.750 -15.250  0.95996
0.750 -14.750  0.96138
0.750 -14.250  0.96290
0.750 -13.750  0.96450
0.750 -13.250  0.96617
0.750 -12.750  0.96790
0.750 -12.250  0.96968
0.750 -11.750  0.97148
0.750 -11.250  0.97331
0.750 -10.750  0.97515
0.750 -10.250  0.97700
0.750 -9.750  0.97883
0.750 -9.250  0.98064
0.750 -8.750  0.98242
0.750 -8.250  0.98415
0.750 -7.750  0.98584
0.750 -7.250  0.98747
0.750 -6.750  0.98903
0.750 -6.250  0.99051
0.750 -5.750  0.99191
0.750 -5.250  0.99322
0.750 -4.750  0.99443
0.750 -4.250  0.99553
0.750 -3.750  0.99653
0.750 -3.250  0.99742
0.750 -2.750  0.99818
0.750 -2.250  0.99883
0.750 -1.750  0.99935
0.750 -1.250  0.99974
0.750 -0.750  1.00000
0.750 -0.250  1.00013
0.750 0.250  1.00013
0.750 0.750  1.00000
0.750 1.250  0.99974
0.750 1.750  0.99935
0.750 2.250  0.99883
0.750 2.750  0.99818
0.750 3.250  0.99742
0.750 3.750  0.99653
0.750 4.250  0.99553
0.750 4.750  0.99443
0.750 5.250  0.99322
0.750 5.750  0.99191
0.750 6.250  0.99051
0.750 6.750  0.98903
0.750 7.250  0.98747
0.750 7.750  0.98584
0.750 8.250  0.98415
0.750 8.750  0.98242
0.750 9.250  0.98064
0.750 9.750  0.97883
0.750 10.250  0.97700
0.750 10.750  0.97515
0.750 11.250  0.97331
0.750 11.750  0.97148
0.750 12.250  0.96968
0.750 12.750  0.96790
0.750 13.250  0.96617
0.750 13.750  0.96450
0.750 14.250  0.96290
0.750 14.750  0.96138
0.750 15.250  0.95996
0.750 15.750  0.95864
0.750 16.250  0.95743
0.750 16.750  0.95636
0.750 17.250  0.95542
0.750 17.750  0.95464
0.750 18.250  0.95403
0.750 18.750  0.95358
0.750 19.250  0.95332
0.750 19.750  0.95326
0.750 20.250  0.95341
0.750 20.750  0.95377
0.750 21.250  0.95436
0.750 21.750  0.95518
0.750 22.250  0.95624
0.750 22.750  0.95756
0.750 23.250  0.95914
0.750 23.750  0.96098
0.750 24.250  0.96310
0.750 24.750  0.96550
0.750 25.250  0.96819
0.750 25.750  0.97117
0.750 26.250  0.97445
0.750 26.750  0.97803
0.750 27.250  0.98191
0.750 27.750  0.98611
0.750 28.250  0.99062
0.750 28.750  0.99545
0.750 29.250  1.00059
0.750 29.750  1.00606
0.750 30.250  1.01184
0.750 30.750  1.01795
0.750 31.250  1.02439
0.750 31.750  1.03115
0.750 32.250  1.03824
0.750 32.750  1.04565
0.750 33.250  1.05339
0.750 33.750  1.06146
0.750 34.250  1.06985
0.750 34.750  1.07856
0.750 35.250  1.08760
0.750 35.750  1.09696
0.750 36.250  1.10663
0.750 36.750  1.11663
0.750 37.250  1.12695
0.750 37.750  1.13759
0.750 38.250  1.14854
0.750 38.750  1.15980
0.750 39.250  1.17138
0.750 39.750  1.18326
0.750 40.250  1.19546
0.750 40.750  1.20797
0.750 41.250  1.22078
0.750 41.750  1.23390
0.750 42.250  1.24733
0.750 42.750  1.26106
0.750 43.250  1.27509
0.750 43.750  1.28943
0.750 44.250  1.30406
0.750 44.750  1.31900
1.250 -44.750  1.31840
1.250 -44.250  1.30346
1.250 -43.750  1.28882
1.250 -43.250  1.27449
1.250 -42.750  1.26045
1.250 -42.250  1.24672
1.250 -41.750  1.23329
1.250 -41.250  1.22017
1.250 -40.750  1.20735
1.250 -40.250  1.19485
1.250 -39.750  1.18264
1.250 -39.250  1.17075
1.250 -38.750  1.15917
1.250 -38.250  1.14791
1.250 -37.750  1.13695
1.250 -37.250  1.12632
1.250 -36.750  1.11600
1.250 -36.250  1.10600
1.250 -35.750  1.09631
1.250 -35.250  1.08695
1.250 -34.750  1.07791
1.250 -34.250  1.06920
1.250 -33.750  1.06081
1.250 -33.250  1.05274
1.250 -32.750  1.04500
1.250 -32.250  1.03759
1.250 -31.750  1.03050
1.250 -31.250  1.02374
1.250 -30.750  1.01731
1.250 -30.250  1.01120
1.250 -29.750  1.00541
1.250 -29.250  0.99995
1.250 -28.750  0.99481
1.250 -28.250  0.98999
1.250 -27.750  0.98548
1.250 -27.250  0.98129
1.250 -26.750  0.97741
1.250 -26.250  0.97384
1.250 -25.750  0.97058
1.250 -25.250  0.96761
1.250 -24.750  0.96493
1.250 -24.250  0.96254
1.250 -23.750  0.96044
1.250 -23.250  0.95860
1.250 -22.750  0.95704
1.250 -22.250  0.95574
1.250 -21.750  0.95469
1.250 -21.250  0.95389
1.250 -20.750  0.95332
1.250 -20.250  0.95298
1.250 -19.750  0.95285
1.250 -19.250  0.95293
1.250 -18.750  0.95321
1.250 -18.250  0.95368
1.250 -17.750  0.95432
1.250 -17.250  0.95512
1.250 -16.750  0.95608
1.250 -16.250  0.95718
1.250 -15.750  0.95840
1.250 -15.250  0.95975
1.250 -14.750  0.96120
1.250 -14.250  0.96274
1.250 -13.750  0.96437
1.250 -13.250  0.96606
1.250 -12.750  0.96781
1.250 -12.250  0.96961
1.250 -11.750  0.97144
1.250 -11.250  0.97329
1.250 -10.750  0.97515
1.250 -10.250  0.97702
1.250 -9.750  0.97887
1.250 -9.250  0.98070
1.250 -8.750  0.98250
1.250 -8.250  0.98425
1.250 -7.750  0.98596
1.250 -7.250  0.98760
1.250 -6.750  0.98918
1.250 -6.250  0.99068
1.250 -5.750  0.99209
1.250 -5.250  0.99341
1.250 -4.750  0.99463
1.250 -4.250  0.99575
1.250 -3.750  0.99676
1.250 -3.250  0.99765
1.250 -2.750  0.99843
1.250 -2.250  0.99908
1.250 -1.750  0.99960
1.250 -1.250  1.00000
1.250 -0.750  1.00026
1.250 -0.250  1.00039
1.250 0.250  1.00039
1.250 0.750  1.00026
1.250 1.250  1.00000
1.250 1.750  0.99960
1.250 2.250  0.99908
1.250 2.750  0.99843
1.250 3.250  0.99765
1.250 3.750  0.99676
1.250 4.250  0.99575
1.250 4.750  0.99463
1.250 5.250  0.99341
1.250 5.750  0.99209
1.250 6.250  0.99068
1.250 6.750  0.98918
1.250 7.250  0.98760
1.250 7.750  0.98596
1.250 8.250  0.98425
1.250 8.750  0.98250
1.250 9.250  0.98070
1.250 9.750  0.97887
1.250 10.250  0.97702
1.250 10.750  0.97515
1.250 11.250  0.97329
1.250 11.750  0.97144
1.250 12.250  0.96961
1.250 12.750  0.96781
1.250 13.250  0.96606
1.250 13.750  0.96437
1.250 14.250  0.96274
1.250 14.750  0.96120
1.250 15.250  0.95975
1.250 15.750  0.95840
1.250 16.250  0.95718
1.250 16.750  0.95608
1.250 17.250  0.95512
1.250 17.750  0.95432
1.250 18.250  0.95368
1.250 18.750  0.95321
1.250 19.250  0.95293
1.250 19.750  0.95285
1.250 20.250  0.95298
1.250 20.750  0.95332
1.250 21.250  0.95389
1.250 21.750  0.95469
1.250 22.250  0.95574
1.250 22.750  0.95704
1.250 23.250  0.95860
1.250 23.750  0.96044
1.250 24.250  0.96254
1.250 24.750  0.96493
1.250 25.250  0.96761
1.250 25.750  0.97058
1.250 26.250  0.97384
1.250 26.750  0.97741
1.250 27.250  0.98129
1.250 27.750  0.98548
1.250 28.250  0.98999
1.250 28.750  0.99481
1.250 29.250  0.99995
1.250 29.750  1.00541
1.250 30.250  1.01120
1.250 30.750  1.01731
1.250 31.250  1.02374
1.250 31.750  1.03050
1.250 32.250  1.03759
1.250 32.750  1.04500
1.250 33.250  1.05274
1.250 33.750  1.06081
1.250 34.250  1.06920
1.250 34.750  1.07791
1.250 35.250  1.08695
1.250 35.750  1.09631
1.250 36.250  1.10600
1.250 36.750  1.11600
1.250 37.250  1.12632
1.250 37.750  1.13695
1.250 38.250  1.14791
1.250 38.750  1.15917
1.250 39.250  1.17075
1.250 39.750  1.18264
1.250 40.250  1.19485
1.250 40.750  1.20735
1.250 41.250  1.22017
1.250 41.750  1.23329
1.250 42.250  1.24672
1.250 42.750  1.26045
1.250 43.250  1.27449
1.250 43.750  1.28882
1.250 44.250  1.30346
1.250 44.750  1.31840
1.750 -44.750  1.31750
1.750 -44.250  1.30256
1.750 -43.750  1.28792
1.750 -43.250  1.27358
1.750 -42.750  1.25954
1.750 -42.250  1.24581
1.750 -41.750  1.23238
1.750 -41.250  1.21925
1.750 -40.750  1.20643
1.750 -40.250  1.19392
1.750 -39.750  1.18172
1.750 -39.250  1.16982
1.750 -38.750  1.15824
1.750 -38.250  1.14697
1.750 -37.750  1.13601
1.750 -37.250  1.12537
1.750 -36.750  1.11504
1.750 -36.250  1.10504
1.750 -35.750  1.09535
1.750 -35.250  1.08599
1.750 -34.750  1.07695
1.750 -34.250  1.06823
1.750 -33.750  1.05983
1.750 -33.250  1.05177
1.750 -32.750  1.04403
1.750 -32.250  1.03661
1.750 -31.750  1.02952
1.750 -31.250  1.02276
1.750 -30.750  1.01633
1.750 -30.250  1.01022
1.750 -29.750  1.00444
1.750 -29.250  0.99899
1.750 -28.750  0.99385
1.750 -28.250  0.98904
1.750 -27.750  0.98454
1.750 -27.250  0.98036
1.750 -26.750  0.97650
1.750 -26.250  0.97294
1.750 -25.750  0.96968
1.750 -25.250  0.96673
1.750 -24.750  0.96407
1.750 -24.250  0.96170
1.750 -23.750  0.95961
1.750 -23.250  0.95780
1.750 -22.750  0.95626
1.750 -22.250  0.95498
1.750 -21.750  0.95396
1.750 -21.250  0.95318
1.750 -20.750  0.95264
1.750 -20.250  0.95233
1.750 -19.750  0.95223
1.750 -19.250  0.95234
1.750 -18.750  0.95265
1.750 -18.250  0.95315
1.750 -17.750  0.95383
1.750 -17.250  0.95466
1.750 -16.750  0.95566
1.750 -16.250  0.95679
1.750 -15.750  0.95805
1.750 -15.250  0.95943
1.750 -14.750  0.96092
1.750 -14.250  0.96250
1.750 -13.750  0.96416
1.750 -13.250  0.96589
1.750 -12.750  0.96767
1.750 -12.250  0.96951
1.750 -11.750  0.97137
1.750 -11.250  0.97326
1.750 -10.750  0.97515
1.750 -10.250  0.97705
1.750 -9.750  0.97893
1.750 -9.250  0.98079
1.750 -8.750  0.98262
1.750 -8.250  0.98441
1.750 -7.750  0.98614
1.750 -7.250  0.98781
1.750 -6.750  0.98941
1.750 -6.250  0.99093
1.750 -5.750  0.99236
1.750 -5.250  0.99370
1.750 -4.750  0.99495
1.750 -4.250  0.99608
1.750 -3.750  0.99710
1.750 -3.250  0.99801
1.750 -2.750  0.99879
1.750 -2.250  0.99945
1.750 -1.750  0.99999
1.750 -1.250  1.00039
1.750 -0.750  1.00065
1.750 -0.250  1.00079
1.750 0.250  1.00079
1.750 0.750  1.00065
1.750 1.250  1.00039
1.750 1.750  0.99999
1.750 2.250  0.99945
1.750 2.750  0.99879
1.750 3.250  0.99801
1.750 3.750  0.99710
1.750 4.250  0.99608
1.750 4.750  0.99495
1.750 5.250  0.99370
1.750 5.750  0.99236
1.750 6.250  0.99093
1.750 6.750  0.98941
1.750 7.250  0.98781
1.750 7.750  0.98614
1.750 8.250  0.98441
1.750 8.750  0.98262
1.750 9.250  0.98079
1.750 9.750  0.97893
1.750 10.250  0.97705
1.750 10.750  0.97515
1.750 11.250  0.97326
1.750 11.750  0.97137
1.750 12.250  0.96951
1.750 12.750  0.96767
1.750 13.250  0.96589
1.750 13.750  0.96416
1.750 14.250  0.96250
1.750 14.750  0.96092
1.750 15.250  0.95943
1.750 15.750  0.95805
1.750 16.250  0.95679
1.750 16.750  0.95566
1.750 17.250  0.95466
1.750 17.750  0.95383
1.750 18.250  0.95315
1.750 18.750  0.95265
1.750 19.250  0.95234
1.750 19.750  0.95223
1.750 20.250  0.95233
1.750 20.750  0.95264
1.750 21.250  0.95318
1.750 21.750  0.95396
1.750 22.250  0.95498
1.750 22.750  0.95626
1.750 23.250  0.95780
1.750 23.750  0.95961
1.750 24.250  0.96170
1.750 24.750  0.96407
1.750 25.250  0.96673
1.750 25.750  0.96968
1.750 26.250  0.97294
1.750 26.750  0.97650
1.750 27.250  0.98036
1.750 27.750  0.98454
1.750 28.250  0.98904
1.750 28.750  0.99385
1.750 29.250  0.99899
1.750 29.750  1.00444
1.750 30.250  1.01022
1.750 30.750  1.01633
1.750 31.250  1.02276
1.750 31.750  1.02952
1.750 32.250  1.03661
1.750 32.750  1.04403
1.750 33.250  1.05177
1.750 33.750  1.05983
1.750 34.250  1.06823
1.750 34.750  1.07695
1.750 35.250  1.08599
1.750 35.750  1.09535
1.750 36.250  1.10504
1.750 36.750  1.11504
1.750 37.250  1.12537
1.750 37.750  1.13601
1.750 38.250  1.14697
1.750 38.750  1.15824
1.750 39.250  1.16982
1.750 39.750  1.18172
1.750 40.250  1.19392
1.750 40.750  1.20643
1.750 41.250  1.21925
1.750 41.750  1.23238
1.750 42.250  1.24581
1.750 42.750  1.25954
1.750 43.250  1.27358
1.750 43.750  1.28792
1.750 44.250  1.30256
1.750 44.750  1.31750
2.250 -44.750  1.31630
2.250 -44.250  1.30136
2.250 -43.750  1.28671
2.250 -43.250  1.27237
2.250 -42.750  1.25833
2.250 -42.250  1.24459
2.250 -41.750  1.23116
2.250 -41.250  1.21803
2.250 -40.750  1.20520
2.250 -40.250  1.19269
2.250 -39.750  1.18048
2.250 -39.250  1.16858
2.250 -38.750  1.15699
2.250 -38.250  1.14571
2.250 -37.750  1.13475
2.250 -37.250  1.12410
2.250 -36.750  1.11377
2.250 -36.250  1.10376
2.250 -35.750  1.09407
2.250 -35.250  1.08470
2.250 -34.750  1.07565
2.250 -34.250  1.06693
2.250 -33.750  1.05853
2.250 -33.250  1.05046
2.250 -32.750  1.04272
2.250 -32.250  1.03531
2.250 -31.750  1.02822
2.250 -31.250  1.02146
2.250 -30.750  1.01503
2.250 -30.250  1.00893
2.250 -29.750  1.00315
2.250 -29.250  0.99770
2.250 -28.750  0.99257
2.250 -28.250  0.98777
2.250 -27.750  0.98329
2.250 -27.250  0.97912
2.250 -26.750  0.97527
2.250 -26.250  0.97172
2.250 -25.750  0.96849
2.250 -25.250  0.96556
2.250 -24.750  0.96292
2.250 -24.250  0.96057
2.250 -23.750  0.95851
2.250 -23.250  0.95673
2.250 -22.750  0.95522
2.250 -22.250  0.95397
2.250 -21.750  0.95298
2.250 -21.250  0.95224
2.250 -20.750  0.95173
2.250 -20.250  0.95146
2.250 -19.750  0.95140
2.250 -19.250  0.95156
2.250 -18.750  0.95191
2.250 -18.250  0.95245
2.250 -17.750  0.95317
2.250 -17.250  0.95405
2.250 -16.750  0.95509
2.250 -16.250  0.95627
2.250 -15.750  0.95758
2.250 -15.250  0.95901
2.250 -14.750  0.96054
2.250 -14.250  0.96217
2.250 -13.750  0.96388
2.250 -13.250  0.96566
2.250 -12.750  0.96749
2.250 -12.250  0.96937
2.250 -11.750  0.97128
2.250 -11.250  0.97321
2.250 -10.750  0.97516
2.250 -10.250  0.97709
2.250 -9.750  0.97902
2.250 -9.250  0.98092
2.250 -8.750  0.98279
2.250 -8.250  0.98461
2.250 -7.750  0.98638
2.250 -7.250  0.98808
2.250 -6.750  0.98972
2.250 -6.250  0.99127
2.250 -5.750  0.99273
2.250 -5.250  0.99410
2.250 -4.750  0.99536
2.250 -4.250  0.99652
2.250 -3.750  0.99756
2.250 -3.250  0.99849
2.250 -2.750  0.99929
2.250 -2.250  0.99996
2.250 -1.750  1.00050
2.250 -1.250  1.00091
2.250 -0.750  1.00118
2.250 -0.250  1.00132
2.250 0.250  1.00132
2.250 0.750  1.00118
2.250 1.250  1.00091
2.250 1.750  1.00050
2.250 2.250  0.99996
2.250 2.750  0.99929
2.250 3.250  0.99849
2.250 3.750  0.99756
2.250 4.250  0.99652
2.250 4.750  0.99536
2.250 5.250  0.99410
2.250 5.750  0.99273
2.250 6.250  0.99127
2.250 6.750  0.98972
2.250 7.250  0.98808
2.250 7.750  0.98638
2.250 8.250  0.98461
2.250 8.750  0.98279
2.250 9.250  0.98092
2.250 9.750  0.97902
2.250 10.250  0.97709
2.250 10.750  0.97516
2.250 11.250  0.97321
2.250 11.750  0.97128
2.250 12.250  0.96937
2.250 12.750  0.96749
2.250 13.250  0.96566
2.250 13.750  0.96388
2.250 14.250  0.96217
2.250 14.750  0.96054
2.250 15.250  0.95901
2.250 15.750  0.95758
2.250 16.250  0.95627
2.250 16.750  0.95509
2.250 17.250  0.95405
2.250 17.750  0.95317
2.250 18.250  0.95245
2.250 18.750  0.95191
2.250 19.250  0.95156
2.250 19.750  0.95140
2.250 20.250  0.95146
2.250 20.750  0.95173
2.250 21.250  0.95224
2.250 21.750  0.95298
2.250 22.250  0.95397
2.250 22.750  0.95522
2.250 23.250  0.95673
2.250 23.750  0.95851
2.250 24.250  0.96057
2.250 24.750  0.96292
2.250 25.250  0.96556
2.250 25.750  0.96849
2.250 26.250  0.97172
2.250 26.750  0.97527
2.250 27.250  0.97912
2.250 27.750  0.98329
2.250 28.250  0.98777
2.250 28.750  0.99257
2.250 29.250  0.99770
2.250 29.750  1.00315
2.250 30.250  1.00893
2.250 30.750  1.01503
2.250 31.250  1.02146
2.250 31.750  1.02822
2.250 32.250  1.03531
2.250 32.750  1.04272
2.250 33.250  1.05046
2.250 33.750  1.05853
2.250 34.250  1.06693
2.250 34.750  1.07565
2.250 35.250  1.08470
2.250 35.750  1.09407
2.250 36.250  1.10376
2.250 36.750  1.11377
2.250 37.250  1.12410
2.250 37.750  1.13475
2.250 38.250  1.14571
2.250 38.750  1.15699
2.250 39.250  1.16858
2.250 39.750  1.18048
2.250 40.250  1.19269
2.250 40.750  1.20520
2.250 41.250  1.21803
2.250 41.750  1.23116
2.250 42.250  1.24459
2.250 42.750  1.25833
2.250 43.250  1.27237
2.250 43.750  1.28671
2.250 44.250  1.30136
2.250 44.750  1.31630
2.750 -44.750  1.31480
2.750 -44.250  1.29986
2.750 -43.750  1.28521
2.750 -43.250  1.27086
2.750 -42.750  1.25682
2.750 -42.250  1.24308
2.750 -41.750  1.22964
2.750 -41.250  1.21650
2.750 -40.750  1.20367
2.750 -40.250  1.19114
2.750 -39.750  1.17893
2.750 -39.250  1.16702
2.750 -38.750  1.15542
2.750 -38.250  1.14414
2.750 -37.750  1.13317
2.750 -37.250  1.12251
2.750 -36.750  1.11218
2.750 -36.250  1.10216
2.750 -35.750  1.09246
2.750 -35.250  1.08309
2.750 -34.750  1.07403
2.750 -34.250  1.06531
2.750 -33.750  1.05691
2.750 -33.250  1.04883
2.750 -32.750  1.04109
2.750 -32.250  1.03367
2.750 -31.750  1.02659
2.750 -31.250  1.01983
2.750 -30.750  1.01340
2.750 -30.250  1.00730
2.750 -29.750  1.00153
2.750 -29.250  0.99609
2.750 -28.750  0.99097
2.750 -28.250  0.98618
2.750 -27.750  0.98171
2.750 -27.250  0.97756
2.750 -26.750  0.97373
2.750 -26.250  0.97021
2.750 -25.750  0.96699
2.750 -25.250  0.96409
2.750 -24.750  0.96148
2.750 -24.250  0.95916
2.750 -23.750  0.95713
2.750 -23.250  0.95538
2.750 -22.750  0.95391
2.750 -22.250  0.95270
2.750 -21.750  0.95176
2.750 -21.250  0.95106
2.750 -20.750  0.95060
2.750 -20.250  0.95037
2.750 -19.750  0.95037
2.750 -19.250  0.95057
2.750 -18.750  0.95098
2.750 -18.250  0.95157
2.750 -17.750  0.95235
2.750 -17.250  0.95329
2.750 -16.750  0.95439
2.750 -16.250  0.95562
2.750 -15.750  0.95699
2.750 -15.250  0.95848
2.750 -14.750  0.96008
2.750 -14.250  0.96177
2.750 -13.750  0.96353
2.750 -13.250  0.96537
2.750 -12.750  0.96727
2.750 -12.250  0.96920
2.750 -11.750  0.97117
2.750 -11.250  0.97316
2.750 -10.750  0.97516
2.750 -10.250  0.97715
2.750 -9.750  0.97913
2.750 -9.250  0.98108
2.750 -8.750  0.98300
2.750 -8.250  0.98487
2.750 -7.750  0.98668
2.750 -7.250  0.98843
2.750 -6.750  0.99010
2.750 -6.250  0.99169
2.750 -5.750  0.99319
2.750 -5.250  0.99459
2.750 -4.750  0.99589
2.750 -4.250  0.99707
2.750 -3.750  0.99814
2.750 -3.250  0.99909
2.750 -2.750  0.99991
2.750 -2.250  1.00059
2.750 -1.750  1.00115
2.750 -1.250  1.00157
2.750 -0.750  1.00185
2.750 -0.250  1.00199
2.750 0.250  1.00199
2.750 0.750  1.00185
2.750 1.250  1.00157
2.750 1.750  1.00115
2.750 2.250  1.00059
2.750 2.750  0.99991
2.750 3.250  0.99909
2.750 3.750  0.99814
2.750 4.250  0.99707
2.750 4.750  0.99589
2.750 5.250  0.99459
2.750 5.750  0.99319
2.750 6.250  0.99169
2.750 6.750  0.99010
2.750 7.250  0.98843
2.750 7.750  0.98668
2.750 8.250  0.98487
2.750 8.750  0.98300
2.750 9.250  0.98108
2.750 9.750  0.97913
2.750 10.250  0.97715
2.750 10.750  0.97516
2.750 11.250  0.97316
2.750 11.750  0.97117
2.750 12.250  0.96920
2.750 12.750  0.96727
2.750 13.250  0.96537
2.750 13.750  0.96353
2.750 14.250  0.96177
2.750 14.750  0.96008
2.750 15.250  0.95848
2.750 15.750  0.95699
2.750 16.250  0.95562
2.750 16.750  0.95439
2.750 17.250  0.95329
2.750 17.750  0.95235
2.750 18.250  0.95157
2.750 18.750  0.95098
2.750 19.250  0.95057
2.750 19.750  0.95037
2.750 20.250  0.95037
2.750 20.750  0.95060
2.750 21.250  0.95106
2.750 21.750  0.95176
2.750 22.250  0.95270
2.750 22.750  0.95391
2.750 23.250  0.95538
2.750 23.750  0.95713
2.750 24.250  0.95916
2.750 24.750  0.96148
2.750 25.250  0.96409
2.750 25.750  0.96699
2.750 26.250  0.97021
2.750 26.750  0.97373
2.750 27.250  0.97756
2.750 27.750  0.98171
2.750 28.250  0.98618
2.750 28.750  0.99097
2.750 29.250  0.99609
2.750 29.750  1.00153
2.750 30.250  1.00730
2.750 30.750  1.01340
2.750 31.250  1.01983
2.750 31.750  1.02659
2.750 32.250  1.03367
2.750 32.750  1.04109
2.750 33.250  1.04883
2.750 33.750  1.05691
2.750 34.250  1.06531
2.750 34.750  1.07403
2.750 35.250  1.08309
2.750 35.750  1.09246
2.750 36.250  1.10216
2.750 36.750  1.11218
2.750 37.250  1.12251
2.750 37.750  1.13317
2.750 38.250  1.14414
2.750 38.750  1.15542
2.750 39.250  1.16702
2.750 39.750  1.17893
2.750 40.250  1.19114
2.750 40.750  1.20367
2.750 41.250  1.21650
2.750 41.750  1.22964
2.750 42.250  1.24308
2.750 42.750  1.25682
2.750 43.250  1.27086
2.750 43.750  1.28521
2.750 44.250  1.29986
2.750 44.750  1.31480
3.250 -44.750  1.31300
3.250 -44.250  1.29805
3.250 -43.750  1.28340
3.250 -43.250  1.26905
3.250 -42.750  1.25500
3.250 -42.250  1.24126
3.250 -41.750  1.22781
3.250 -41.250  1.21467
3.250 -40.750  1.20183
3.250 -40.250  1.18929
3.250 -39.750  1.17707
3.250 -39.250  1.16515
3.250 -38.750  1.15355
3.250 -38.250  1.14225
3.250 -37.750  1.13127
3.250 -37.250  1.12061
3.250 -36.750  1.11027
3.250 -36.250  1.10024
3.250 -35.750  1.09053
3.250 -35.250  1.08115
3.250 -34.750  1.07209
3.250 -34.250  1.06336
3.250 -33.750  1.05495
3.250 -33.250  1.04688
3.250 -32.750  1.03913
3.250 -32.250  1.03171
3.250 -31.750  1.02462
3.250 -31.250  1.01787
3.250 -30.750  1.01144
3.250 -30.250  1.00535
3.250 -29.750  0.99959
3.250 -29.250  0.99416
3.250 -28.750  0.98905
3.250 -28.250  0.98427
3.250 -27.750  0.97982
3.250 -27.250  0.97569
3.250 -26.750  0.97188
3.250 -26.250  0.96838
3.250 -25.750  0.96519
3.250 -25.250  0.96232
3.250 -24.750  0.95974
3.250 -24.250  0.95746
3.250 -23.750  0.95547
3.250 -23.250  0.95377
3.250 -22.750  0.95234
3.250 -22.250  0.95118
3.250 -21.750  0.95028
3.250 -21.250  0.94963
3.250 -20.750  0.94923
3.250 -20.250  0.94906
3.250 -19.750  0.94912
3.250 -19.250  0.94939
3.250 -18.750  0.94986
3.250 -18.250  0.95052
3.250 -17.750  0.95136
3.250 -17.250  0.95237
3.250 -16.750  0.95354
3.250 -16.250  0.95485
3.250 -15.750  0.95629
3.250 -15.250  0.95785
3.250 -14.750  0.95952
3.250 -14.250  0.96128
3.250 -13.750  0.96312
3.250 -13.250  0.96503
3.250 -12.750  0.96700
3.250 -12.250  0.96900
3.250 -11.750  0.97104
3.250 -11.250  0.97310
3.250 -10.750  0.97517
3.250 -10.250  0.97723
3.250 -9.750  0.97927
3.250 -9.250  0.98128
3.250 -8.750  0.98326
3.250 -8.250  0.98519
3.250 -7.750  0.98705
3.250 -7.250  0.98885
3.250 -6.750  0.99058
3.250 -6.250  0.99221
3.250 -5.750  0.99376
3.250 -5.250  0.99520
3.250 -4.750  0.99653
3.250 -4.250  0.99775
3.250 -3.750  0.99884
3.250 -3.250  0.99981
3.250 -2.750  1.00066
3.250 -2.250  1.00136
3.250 -1.750  1.00193
3.250 -1.250  1.00236
3.250 -0.750  1.00265
3.250 -0.250  1.00279
3.250 0.250  1.00279
3.250 0.750  1.00265
3.250 1.250  1.00236
3.250 1.750  1.00193
3.250 2.250  1.00136
3.250 2.750  1.00066
3.250 3.250  0.99981
3.250 3.750  0.99884
3.250 4.250  0.99775
3.250 4.750  0.99653
3.250 5.250  0.99520
3.250 5.750  0.99376
3.250 6.250  0.99221
3.250 6.750  0.99058
3.250 7.250  0.98885
3.250 7.750  0.98705
3.250 8.250  0.98519
3.250 8.750  0.98326
3.250 9.250  0.98128
3.250 9.750  0.97927
3.250 10.250  0.97723
3.250 10.750  0.97517
3.250 11.250  0.97310
3.250 11.750  0.97104
3.250 12.250  0.96900
3.250 12.750  0.96700
3.250 13.250  0.96503
3.250 13.750  0.96312
3.250 14.250  0.96128
3.250 14.750  0.95952
3.250 15.250  0.95785
3.250 15.750  0.95629
3.250 16.250  0.95485
3.250 16.750  0.95354
3.250 17.250  0.95237
3.250 17.750  0.95136
3.250 18.250  0.95052
3.250 18.750  0.94986
3.250 19.250  0.94939
3.250 19.750  0.94912
3.250 20.250  0.94906
3.250 20.750  0.94923
3.250 21.250  0.94963
3.250 21.750  0.95028
3.250 22.250  0.95118
3.250 22.750  0.95234
3.250 23.250  0.95377
3.250 23.750  0.95547
3.250 24.250  0.95746
3.250 24.750  0.95974
3.250 25.250  0.96232
3.250 25.750  0.96519
3.250 26.250  0.96838
3.250 26.750  0.97188
3.250 27.250  0.97569
3.250 27.750  0.97982
3.250 28.250  0.98427
3.250 28.750  0.98905
3.250 29.250  0.99416
3.250 29.750  0.99959
3.250 30.250  1.00535
3.250 30.750  1.01144
3.250 31.250  1.01787
3.250 31.750  1.02462
3.250 32.250  1.03171
3.250 32.750  1.03913
3.250 33.250  1.04688
3.250 33.750  1.05495
3.250 34.250  1.06336
3.250 34.750  1.07209
3.250 35.250  1.08115
3.250 35.750  1.09053
3.250 36.250  1.10024
3.250 36.750  1.11027
3.250 37.250  1.12061
3.250 37.750  1.13127
3.250 38.250  1.14225
3.250 38.750  1.15355
3.250 39.250  1.16515
3.250 39.750  1.17707
3.250 40.250  1.18929
3.250 40.750  1.20183
3.250 41.250  1.21467
3.250 41.750  1.22781
3.250 42.250  1.24126
3.250 42.750  1.25500
3.250 43.250  1.26905
3.250 43.750  1.28340
3.250 44.250  1.29805
3.250 44.750  1.31300
3.750 -44.750  1.31091
3.750 -44.250  1.29595
3.750 -43.750  1.28130
3.750 -43.250  1.26694
3.750 -42.750  1.25289
3.750 -42.250  1.23913
3.750 -41.750  1.22568
3.750 -41.250  1.21253
3.750 -40.750  1.19968
3.750 -40.250  1.18714
3.750 -39.750  1.17490
3.750 -39.250  1.16297
3.750 -38.750  1.15136
3.750 -38.250  1.14006
3.750 -37.750  1.12907
3.750 -37.250  1.11839
3.750 -36.750  1.10804
3.750 -36.250  1.09800
3.750 -35.750  1.08828
3.750 -35.250  1.07889
3.750 -34.750  1.06982
3.750 -34.250  1.06108
3.750 -33.750  1.05267
3.750 -33.250  1.04459
3.750 -32.750  1.03684
3.750 -32.250  1.02942
3.750 -31.750  1.02233
3.750 -31.250  1.01558
3.750 -30.750  1.00915
3.750 -30.250  1.00307
3.750 -29.750  0.99731
3.750 -29.250  0.99189
3.750 -28.750  0.98680
3.750 -28.250  0.98204
3.750 -27.750  0.97760
3.750 -27.250  0.97350
3.750 -26.750  0.96971
3.750 -26.250  0.96624
3.750 -25.750  0.96309
3.750 -25.250  0.96025
3.750 -24.750  0.95771
3.750 -24.250  0.95547
3.750 -23.750  0.95353
3.750 -23.250  0.95187
3.750 -22.750  0.95050
3.750 -22.250  0.94939
3.750 -21.750  0.94855
3.750 -21.250  0.94797
3.750 -20.750  0.94763
3.750 -20.250  0.94753
3.750 -19.750  0.94766
3.750 -19.250  0.94800
3.750 -18.750  0.94854
3.750 -18.250  0.94928
3.750 -17.750  0.95020
3.750 -17.250  0.95130
3.750 -16.750  0.95254
3.750 -16.250  0.95394
3.750 -15.750  0.95546
3.750 -15.250  0.95711
3.750 -14.750  0.95886
3.750 -14.250  0.96071
3.750 -13.750  0.96264
3.750 -13.250  0.96463
3.750 -12.750  0.96668
3.750 -12.250  0.96878
3.750 -11.750  0.97090
3.750 -11.250  0.97304
3.750 -10.750  0.97518
3.750 -10.250  0.97732
3.750 -9.750  0.97943
3.750 -9.250  0.98152
3.750 -8.750  0.98357
3.750 -8.250  0.98556
3.750 -7.750  0.98749
3.750 -7.250  0.98935
3.750 -6.750  0.99113
3.750 -6.250  0.99283
3.750 -5.750  0.99442
3.750 -5.250  0.99591
3.750 -4.750  0.99728
3.750 -4.250  0.99854
3.750 -3.750  0.99967
3.750 -3.250  1.00067
3.750 -2.750  1.00154
3.750 -2.250  1.00227
3.750 -1.750  1.00286
3.750 -1.250  1.00330
3.750 -0.750  1.00360
3.750 -0.250  1.00374
3.750 0.250  1.00374
3.750 0.750  1.00360
3.750 1.250  1.00330
3.750 1.750  1.00286
3.750 2.250  1.00227
3.750 2.750  1.00154
3.750 3.250  1.00067
3.750 3.750  0.99967
3.750 4.250  0.99854
3.750 4.750  0.99728
3.750 5.250  0.99591
3.750 5.750  0.99442
3.750 6.250  0.99283
3.750 6.750  0.99113
3.750 7.250  0.98935
3.750 7.750  0.98749
3.750 8.250  0.98556
3.750 8.750  0.98357
3.750 9.250  0.98152
3.750 9.750  0.97943
3.750 10.250  0.97732
3.750 10.750  0.97518
3.750 11.250  0.97304
3.750 11.750  0.97090
3.750 12.250  0.96878
3.750 12.750  0.96668
3.750 13.250  0.96463
3.750 13.750  0.96264
3.750 14.250  0.96071
3.750 14.750  0.95886
3.750 15.250  0.95711
3.750 15.750  0.95546
3.750 16.250  0.95394
3.750 16.750  0.95254
3.750 17.250  0.95130
3.750 17.750  0.95020
3.750 18.250  0.94928
3.750 18.750  0.94854
3.750 19.250  0.94800
3.750 19.750  0.94766
3.750 20.250  0.94753
3.750 20.750  0.94763
3.750 21.250  0.94797
3.750 21.750  0.94855
3.750 22.250  0.94939
3.750 22.750  0.95050
3.750 23.250  0.95187
3.750 23.750  0.95353
3.750 24.250  0.95547
3.750 24.750  0.95771
3.750 25.250  0.96025
3.750 25.750  0.96309
3.750 26.250  0.96624
3.750 26.750  0.96971
3.750 27.250  0.97350
3.750 27.750  0.97760
3.750 28.250  0.98204
3.750 28.750  0.98680
3.750 29.250  0.99189
3.750 29.750  0.99731
3.750 30.250  1.00307
3.750 30.750  1.00915
3.750 31.250  1.01558
3.750 31.750  1.02233
3.750 32.250  1.02942
3.750 32.750  1.03684
3.750 33.250  1.04459
3.750 33.750  1.05267
3.750 34.250  1.06108
3.750 34.750  1.06982
3.750 35.250  1.07889
3.750 35.750  1.08828
3.750 36.250  1.09800
3.750 36.750  1.10804
3.750 37.250  1.11839
3.750 37.750  1.12907
3.750 38.250  1.14006
3.750 38.750  1.15136
3.750 39.250  1.16297
3.750 39.750  1.17490
3.750 40.250  1.18714
3.750 40.750  1.19968
3.750 41.250  1.21253
3.750 41.750  1.22568
3.750 42.250  1.23913
3.750 42.750  1.25289
3.750 43.250  1.26694
3.750 43.750  1.28130
3.750 44.250  1.29595
3.750 44.750  1.31091
4.250 -44.750  1.30851
4.250 -44.250  1.29356
4.250 -43.750  1.27890
4.250 -43.250  1.26453
4.250 -42.750  1.25047
4.250 -42.250  1.23671
4.250 -41.750  1.22324
4.250 -41.250  1.21008
4.250 -40.750  1.19722
4.250 -40.250  1.18467
4.250 -39.750  1.17243
4.250 -39.250  1.16049
4.250 -38.750  1.14886
4.250 -38.250  1.13754
4.250 -37.750  1.12654
4.250 -37.250  1.11585
4.250 -36.750  1.10549
4.250 -36.250  1.09544
4.250 -35.750  1.08571
4.250 -35.250  1.07631
4.250 -34.750  1.06723
4.250 -34.250  1.05848
4.250 -33.750  1.05006
4.250 -33.250  1.04197
4.250 -32.750  1.03421
4.250 -32.250  1.02679
4.250 -31.750  1.01970
4.250 -31.250  1.01295
4.250 -30.750  1.00653
4.250 -30.250  1.00045
4.250 -29.750  0.99471
4.250 -29.250  0.98930
4.250 -28.750  0.98422
4.250 -28.250  0.97948
4.250 -27.750  0.97506
4.250 -27.250  0.97098
4.250 -26.750  0.96722
4.250 -26.250  0.96379
4.250 -25.750  0.96067
4.250 -25.250  0.95787
4.250 -24.750  0.95538
4.250 -24.250  0.95319
4.250 -23.750  0.95130
4.250 -23.250  0.94970
4.250 -22.750  0.94838
4.250 -22.250  0.94734
4.250 -21.750  0.94657
4.250 -21.250  0.94606
4.250 -20.750  0.94579
4.250 -20.250  0.94577
4.250 -19.750  0.94598
4.250 -19.250  0.94640
4.250 -18.750  0.94704
4.250 -18.250  0.94786
4.250 -17.750  0.94888
4.250 -17.250  0.95006
4.250 -16.750  0.95141
4.250 -16.250  0.95290
4.250 -15.750  0.95452
4.250 -15.250  0.95626
4.250 -14.750  0.95812
4.250 -14.250  0.96006
4.250 -13.750  0.96209
4.250 -13.250  0.96418
4.250 -12.750  0.96633
4.250 -12.250  0.96852
4.250 -11.750  0.97073
4.250 -11.250  0.97296
4.250 -10.750  0.97520
4.250 -10.250  0.97742
4.250 -9.750  0.97963
4.250 -9.250  0.98180
4.250 -8.750  0.98393
4.250 -8.250  0.98600
4.250 -7.750  0.98800
4.250 -7.250  0.98994
4.250 -6.750  0.99178
4.250 -6.250  0.99354
4.250 -5.750  0.99519
4.250 -5.250  0.99673
4.250 -4.750  0.99815
4.250 -4.250  0.99946
4.250 -3.750  1.00063
4.250 -3.250  1.00167
4.250 -2.750  1.00256
4.250 -2.250  1.00332
4.250 -1.750  1.00393
4.250 -1.250  1.00438
4.250 -0.750  1.00469
4.250 -0.250  1.00484
4.250 0.250  1.00484
4.250 0.750  1.00469
4.250 1.250  1.00438
4.250 1.750  1.00393
4.250 2.250  1.00332
4.250 2.750  1.00256
4.250 3.250  1.00167
4.250 3.750  1.00063
4.250 4.250  0.99946
4.250 4.750  0.99815
4.250 5.250  0.99673
4.250 5.750  0.99519
4.250 6.250  0.99354
4.250 6.750  0.99178
4.250 7.250  0.98994
4.250 7.750  0.98800
4.250 8.250  0.98600
4.250 8.750  0.98393
4.250 9.250  0.98180
4.250 9.750  0.97963
4.250 10.250  0.97742
4.250 10.750  0.97520
4.250 11.250  0.97296
4.250 11.750  0.97073
4.250 12.250  0.96852
4.250 12.750  0.96633
4.250 13.250  0.96418
4.250 13.750  0.96209
4.250 14.250  0.96006
4.250 14.750  0.95812
4.250 15.250  0.95626
4.250 15.750  0.95452
4.250 16.250  0.95290
4.250 16.750  0.95141
4.250 17.250  0.95006
4.250 17.750  0.94888
4.250 18.250  0.94786
4.250 18.750  0.94704
4.250 19.250  0.94640
4.250 19.750  0.94598
4.250 20.250  0.94577
4.250 20.750  0.94579
4.250 21.250  0.94606
4.250 21.750  0.94657
4.250 22.250  0.94734
4.250 22.750  0.94838
4.250 23.250  0.94970
4.250 23.750  0.95130
4.250 24.250  0.95319
4.250 24.750  0.95538
4.250 25.250  0.95787
4.250 25.750  0.96067
4.250 26.250  0.96379
4.250 26.750  0.96722
4.250 27.250  0.97098
4.250 27.750  0.97506
4.250 28.250  0.97948
4.250 28.750  0.98422
4.250 29.250  0.98930
4.250 29.750  0.99471
4.250 30.250  1.00045
4.250 30.750  1.00653
4.250 31.250  1.01295
4.250 31.750  1.01970
4.250 32.250  1.02679
4.250 32.750  1.03421
4.250 33.250  1.04197
4.250 33.750  1.05006
4.250 34.250  1.05848
4.250 34.750  1.06723
4.250 35.250  1.07631
4.250 35.750  1.08571
4.250 36.250  1.09544
4.250 36.750  1.10549
4.250 37.250  1.11585
4.250 37.750  1.12654
4.250 38.250  1.13754
4.250 38.750  1.14886
4.250 39.250  1.16049
4.250 39.750  1.17243
4.250 40.250  1.18467
4.250 40.750  1.19722
4.250 41.250  1.21008
4.250 41.750  1.22324
4.250 42.250  1.23671
4.250 42.750  1.25047
4.250 43.250  1.26453
4.250 43.750  1.27890
4.250 44.250  1.29356
4.250 44.750  1.30851
4.750 -44.750  1.30582
4.750 -44.250  1.29086
4.750 -43.750  1.27620
4.750 -43.250  1.26183
4.750 -42.750  1.24775
4.750 -42.250  1.23398
4.750 -41.750  1.22051
4.750 -41.250  1.20734
4.750 -40.750  1.19447
4.750 -40.250  1.18190
4.750 -39.750  1.16964
4.750 -39.250  1.15769
4.750 -38.750  1.14605
4.750 -38.250  1.13472
4.750 -37.750  1.12370
4.750 -37.250  1.11300
4.750 -36.750  1.10262
4.750 -36.250  1.09255
4.750 -35.750  1.08281
4.750 -35.250  1.07340
4.750 -34.750  1.06431
4.750 -34.250  1.05555
4.750 -33.750  1.04712
4.750 -33.250  1.03902
4.750 -32.750  1.03126
4.750 -32.250  1.02383
4.750 -31.750  1.01674
4.750 -31.250  1.00999
4.750 -30.750  1.00357
4.750 -30.250  0.99750
4.750 -29.750  0.99176
4.750 -29.250  0.98637
4.750 -28.750  0.98131
4.750 -28.250  0.97658
4.750 -27.750  0.97219
4.750 -27.250  0.96814
4.750 -26.750  0.96441
4.750 -26.250  0.96101
4.750 -25.750  0.95794
4.750 -25.250  0.95518
4.750 -24.750  0.95274
4.750 -24.250  0.95061
4.750 -23.750  0.94877
4.750 -23.250  0.94724
4.750 -22.750  0.94599
4.750 -22.250  0.94502
4.750 -21.750  0.94433
4.750 -21.250  0.94390
4.750 -20.750  0.94372
4.750 -20.250  0.94378
4.750 -19.750  0.94408
4.750 -19.250  0.94460
4.750 -18.750  0.94533
4.750 -18.250  0.94626
4.750 -17.750  0.94738
4.750 -17.250  0.94867
4.750 -16.750  0.95012
4.750 -16.250  0.95172
4.750 -15.750  0.95346
4.750 -15.250  0.95531
4.750 -14.750  0.95727
4.750 -14.250  0.95933
4.750 -13.750  0.96147
4.750 -13.250  0.96367
4.750 -12.750  0.96593
4.750 -12.250  0.96823
4.750 -11.750  0.97055
4.750 -11.250  0.97289
4.750 -10.750  0.97523
4.750 -10.250  0.97755
4.750 -9.750  0.97986
4.750 -9.250  0.98212
4.750 -8.750  0.98434
4.750 -8.250  0.98650
4.750 -7.750  0.98859
4.750 -7.250  0.99060
4.750 -6.750  0.99252
4.750 -6.250  0.99435
4.750 -5.750  0.99607
4.750 -5.250  0.99767
4.750 -4.750  0.99915
4.750 -4.250  1.00050
4.750 -3.750  1.00172
4.750 -3.250  1.00280
4.750 -2.750  1.00373
4.750 -2.250  1.00451
4.750 -1.750  1.00514
4.750 -1.250  1.00562
4.750 -0.750  1.00594
4.750 -0.250  1.00610
4.750 0.250  1.00610
4.750 0.750  1.00594
4.750 1.250  1.00562
4.750 1.750  1.00514
4.750 2.250  1.00451
4.750 2.750  1.00373
4.750 3.250  1.00280
4.750 3.750  1.00172
4.750 4.250  1.00050
4.750 4.750  0.99915
4.750 5.250  0.99767
4.750 5.750  0.99607
4.750 6.250  0.99435
4.750 6.750  0.99252
4.750 7.250  0.99060
4.750 7.750  0.98859
4.750 8.250  0.98650
4.750 8.750  0.98434
4.750 9.250  0.98212
4.750 9.750  0.97986
4.750 10.250  0.97755
4.750 10.750  0.97523
4.750 11.250  0.97289
4.750 11.750  0.97055
4.750 12.250  0.96823
4.750 12.750  0.96593
4.750 13.250  0.96367
4.750 13.750  0.96147
4.750 14.250  0.95933
4.750 14.750  0.95727
4.750 15.250  0.95531
4.750 15.750  0.95346
4.750 16.250  0.95172
4.750 16.750  0.95012
4.750 17.250  0.94867
4.750 17.750  0.94738
4.750 18.250  0.94626
4.750 18.750  0.94533
4.750 19.250  0.94460
4.750 19.750  0.94408
4.750 20.250  0.94378
4.750 20.750  0.94372
4.750 21.250  0.94390
4.750 21.750  0.94433
4.750 22.250  0.94502
4.750 22.750  0.94599
4.750 23.250  0.94724
4.750 23.750  0.94877
4.750 24.250  0.95061
4.750 24.750  0.95274
4.750 25.250  0.95518
4.750 25.750  0.95794
4.750 26.250  0.96101
4.750 26.750  0.96441
4.750 27.250  0.96814
4.750 27.750  0.97219
4.750 28.250  0.97658
4.750 28.750  0.98131
4.750 29.250  0.98637
4.750 29.750  0.99176
4.750 30.250  0.99750
4.750 30.750  1.00357
4.750 31.250  1.00999
4.750 31.750  1.01674
4.750 32.250  1.02383
4.750 32.750  1.03126
4.750 33.250  1.03902
4.750 33.750  1.04712
4.750 34.250  1.05555
4.750 34.750  1.06431
4.750 35.250  1.07340
4.750 35.750  1.08281
4.750 36.250  1.09255
4.750 36.750  1.10262
4.750 37.250  1.11300
4.750 37.750  1.12370
4.750 38.250  1.13472
4.750 38.750  1.14605
4.750 39.250  1.15769
4.750 39.750  1.16964
4.750 40.250  1.18190
4.750 40.750  1.19447
4.750 41.250  1.20734
4.750 41.750  1.22051
4.750 42.250  1.23398
4.750 42.750  1.24775
4.750 43.250  1.26183
4.750 43.750  1.27620
4.750 44.250  1.29086
4.750 44.750  1.30582
5.250 -44.750  1.30284
5.250 -44.250  1.28787
5.250 -43.750  1.27320
5.250 -43.250  1.25882
5.250 -42.750  1.24474
5.250 -42.250  1.23096
5.250 -41.750  1.21747
5.250 -41.250  1.20429
5.250 -40.750  1.19140
5.250 -40.250  1.17882
5.250 -39.750  1.16655
5.250 -39.250  1.15458
5.250 -38.750  1.14292
5.250 -38.250  1.13158
5.250 -37.750  1.12054
5.250 -37.250  1.10982
5.250 -36.750  1.09942
5.250 -36.250  1.08935
5.250 -35.750  1.07959
5.250 -35.250  1.07016
5.250 -34.750  1.06106
5.250 -34.250  1.05228
5.250 -33.750  1.04384
5.250 -33.250  1.03574
5.250 -32.750  1.02797
5.250 -32.250  1.02053
5.250 -31.750  1.01344
5.250 -31.250  1.00669
5.250 -30.750  1.00028
5.250 -30.250  0.99421
5.250 -29.750  0.98848
5.250 -29.250  0.98310
5.250 -28.750  0.97806
5.250 -28.250  0.97335
5.250 -27.750  0.96899
5.250 -27.250  0.96497
5.250 -26.750  0.96128
5.250 -26.250  0.95792
5.250 -25.750  0.95489
5.250 -25.250  0.95218
5.250 -24.750  0.94980
5.250 -24.250  0.94772
5.250 -23.750  0.94596
5.250 -23.250  0.94449
5.250 -22.750  0.94332
5.250 -22.250  0.94243
5.250 -21.750  0.94182
5.250 -21.250  0.94148
5.250 -20.750  0.94140
5.250 -20.250  0.94156
5.250 -19.750  0.94196
5.250 -19.250  0.94259
5.250 -18.750  0.94343
5.250 -18.250  0.94447
5.250 -17.750  0.94571
5.250 -17.250  0.94712
5.250 -16.750  0.94869
5.250 -16.250  0.95041
5.250 -15.750  0.95227
5.250 -15.250  0.95425
5.250 -14.750  0.95634
5.250 -14.250  0.95852
5.250 -13.750  0.96078
5.250 -13.250  0.96311
5.250 -12.750  0.96550
5.250 -12.250  0.96791
5.250 -11.750  0.97036
5.250 -11.250  0.97282
5.250 -10.750  0.97527
5.250 -10.250  0.97771
5.250 -9.750  0.98012
5.250 -9.250  0.98249
5.250 -8.750  0.98481
5.250 -8.250  0.98707
5.250 -7.750  0.98926
5.250 -7.250  0.99136
5.250 -6.750  0.99336
5.250 -6.250  0.99527
5.250 -5.750  0.99706
5.250 -5.250  0.99873
5.250 -4.750  1.00027
5.250 -4.250  1.00168
5.250 -3.750  1.00295
5.250 -3.250  1.00407
5.250 -2.750  1.00505
5.250 -2.250  1.00586
5.250 -1.750  1.00652
5.250 -1.250  1.00701
5.250 -0.750  1.00735
5.250 -0.250  1.00751
5.250 0.250  1.00751
5.250 0.750  1.00735
5.250 1.250  1.00701
5.250 1.750  1.00652
5.250 2.250  1.00586
5.250 2.750  1.00505
5.250 3.250  1.00407
5.250 3.750  1.00295
5.250 4.250  1.00168
5.250 4.750  1.00027
5.250 5.250  0.99873
5.250 5.750  0.99706
5.250 6.250  0.99527
5.250 6.750  0.99336
5.250 7.250  0.99136
5.250 7.750  0.98926
5.250 8.250  0.98707
5.250 8.750  0.98481
5.250 9.250  0.98249
5.250 9.750  0.98012
5.250 10.250  0.97771
5.250 10.750  0.97527
5.250 11.250  0.97282
5.250 11.750  0.97036
5.250 12.250  0.96791
5.250 12.750  0.96550
5.250 13.250  0.96311
5.250 13.750  0.96078
5.250 14.250  0.95852
5.250 14.750  0.95634
5.250 15.250  0.95425
5.250 15.750  0.95227
5.250 16.250  0.95041
5.250 16.750  0.94869
5.250 17.250  0.94712
5.250 17.750  0.94571
5.250 18.250  0.94447
5.250 18.750  0.94343
5.250 19.250  0.94259
5.250 19.750  0.94196
5.250 20.250  0.94156
5.250 20.750  0.94140
5.250 21.250  0.94148
5.250 21.750  0.94182
5.250 22.250  0.94243
5.250 22.750  0.94332
5.250 23.250  0.94449
5.250 23.750  0.94596
5.250 24.250  0.94772
5.250 24.750  0.94980
5.250 25.250  0.95218
5.250 25.750  0.95489
5.250 26.250  0.95792
5.250 26.750  0.96128
5.250 27.250  0.96497
5.250 27.750  0.96899
5.250 28.250  0.97335
5.250 28.750  0.97806
5.250 29.250  0.98310
5.250 29.750  0.98848
5.250 30.250  0.99421
5.250 30.750  1.00028
5.250 31.250  1.00669
5.250 31.750  1.01344
5.250 32.250  1.02053
5.250 32.750  1.02797
5.250 33.250  1.03574
5.250 33.750  1.04384
5.250 34.250  1.05228
5.250 34.750  1.06106
5.250 35.250  1.07016
5.250 35.750  1.07959
5.250 36.250  1.08935
5.250 36.750  1.09942
5.250 37.250  1.10982
5.250 37.750  1.12054
5.250 38.250  1.13158
5.250 38.750  1.14292
5.250 39.250  1.15458
5.250 39.750  1.16655
5.250 40.250  1.17882
5.250 40.750  1.19140
5.250 41.250  1.20429
5.250 41.750  1.21747
5.250 42.250  1.23096
5.250 42.750  1.24474
5.250 43.250  1.25882
5.250 43.750  1.27320
5.250 44.250  1.28787
5.250 44.750  1.30284
5.750 -44.750  1.29956
5.750 -44.250  1.28459
5.750 -43.750  1.26991
5.750 -43.250  1.25552
5.750 -42.750  1.24143
5.750 -42.250  1.22763
5.750 -41.750  1.21413
5.750 -41.250  1.20094
5.750 -40.750  1.18804
5.750 -40.250  1.17544
5.750 -39.750  1.16315
5.750 -39.250  1.15116
5.750 -38.750  1.13949
5.750 -38.250  1.12812
5.750 -37.750  1.11707
5.750 -37.250  1.10633
5.750 -36.750  1.09591
5.750 -36.250  1.08582
5.750 -35.750  1.07604
5.750 -35.250  1.06659
5.750 -34.750  1.05748
5.750 -34.250  1.04869
5.750 -33.750  1.04023
5.750 -33.250  1.03212
5.750 -32.750  1.02434
5.750 -32.250  1.01690
5.750 -31.750  1.00980
5.750 -31.250  1.00305
5.750 -30.750  0.99664
5.750 -30.250  0.99057
5.750 -29.750  0.98486
5.750 -29.250  0.97949
5.750 -28.750  0.97446
5.750 -28.250  0.96979
5.750 -27.750  0.96545
5.750 -27.250  0.96146
5.750 -26.750  0.95781
5.750 -26.250  0.95450
5.750 -25.750  0.95151
5.750 -25.250  0.94886
5.750 -24.750  0.94654
5.750 -24.250  0.94453
5.750 -23.750  0.94284
5.750 -23.250  0.94145
5.750 -22.750  0.94036
5.750 -22.250  0.93956
5.750 -21.750  0.93905
5.750 -21.250  0.93881
5.750 -20.750  0.93883
5.750 -20.250  0.93910
5.750 -19.750  0.93962
5.750 -19.250  0.94036
5.750 -18.750  0.94133
5.750 -18.250  0.94250
5.750 -17.750  0.94386
5.750 -17.250  0.94540
5.750 -16.750  0.94711
5.750 -16.250  0.94896
5.750 -15.750  0.95096
5.750 -15.250  0.95308
5.750 -14.750  0.95531
5.750 -14.250  0.95763
5.750 -13.750  0.96003
5.750 -13.250  0.96250
5.750 -12.750  0.96502
5.750 -12.250  0.96758
5.750 -11.750  0.97016
5.750 -11.250  0.97274
5.750 -10.750  0.97533
5.750 -10.250  0.97789
5.750 -9.750  0.98042
5.750 -9.250  0.98291
5.750 -8.750  0.98535
5.750 -8.250  0.98772
5.750 -7.750  0.99001
5.750 -7.250  0.99221
5.750 -6.750  0.99431
5.750 -6.250  0.99630
5.750 -5.750  0.99817
5.750 -5.250  0.99992
5.750 -4.750  1.00153
5.750 -4.250  1.00300
5.750 -3.750  1.00433
5.750 -3.250  1.00550
5.750 -2.750  1.00652
5.750 -2.250  1.00737
5.750 -1.750  1.00805
5.750 -1.250  1.00857
5.750 -0.750  1.00892
5.750 -0.250  1.00909
5.750 0.250  1.00909
5.750 0.750  1.00892
5.750 1.250  1.00857
5.750 1.750  1.00805
5.750 2.250  1.00737
5.750 2.750  1.00652
5.750 3.250  1.00550
5.750 3.750  1.00433
5.750 4.250  1.00300
5.750 4.750  1.00153
5.750 5.250  0.99992
5.750 5.750  0.99817
5.750 6.250  0.99630
5.750 6.750  0.99431
5.750 7.250  0.99221
5.750 7.750  0.99001
5.750 8.250  0.98772
5.750 8.750  0.98535
5.750 9.250  0.98291
5.750 9.750  0.98042
5.750 10.250  0.97789
5.750 10.750  0.97533
5.750 11.250  0.97274
5.750 11.750  0.97016
5.750 12.250  0.96758
5.750 12.750  0.96502
5.750 13.250  0.96250
5.750 13.750  0.96003
5.750 14.250  0.95763
5.750 14.750  0.95531
5.750 15.250  0.95308
5.750 15.750  0.95096
5.750 16.250  0.94896
5.750 16.750  0.94711
5.750 17.250  0.94540
5.750 17.750  0.94386
5.750 18.250  0.94250
5.750 18.750  0.94133
5.750 19.250  0.94036
5.750 19.750  0.93962
5.750 20.250  0.93910
5.750 20.750  0.93883
5.750 21.250  0.93881
5.750 21.750  0.93905
5.750 22.250  0.93956
5.750 22.750  0.94036
5.750 23.250  0.94145
5.750 23.750  0.94284
5.750 24.250  0.94453
5.750 24.750  0.94654
5.750 25.250  0.94886
5.750 25.750  0.95151
5.750 26.250  0.95450
5.750 26.750  0.95781
5.750 27.250  0.96146
5.750 27.750  0.96545
5.750 28.250  0.96979
5.750 28.750  0.97446
5.750 29.250  0.97949
5.750 29.750  0.98486
5.750 30.250  0.99057
5.750 30.750  0.99664
5.750 31.250  1.00305
5.750 31.750  1.00980
5.750 32.250  1.01690
5.750 32.750  1.02434
5.750 33.250  1.03212
5.750 33.750  1.04023
5.750 34.250  1.04869
5.750 34.750  1.05748
5.750 35.250  1.06659
5.750 35.750  1.07604
5.750 36.250  1.08582
5.750 36.750  1.09591
5.750 37.250  1.10633
5.750 37.750  1.11707
5.750 38.250  1.12812
5.750 38.750  1.13949
5.750 39.250  1.15116
5.750 39.750  1.16315
5.750 40.250  1.17544
5.750 40.750  1.18804
5.750 41.250  1.20094
5.750 41.750  1.21413
5.750 42.250  1.22763
5.750 42.750  1.24143
5.750 43.250  1.25552
5.750 43.750  1.26991
5.750 44.250  1.28459
5.750 44.750  1.29956
6.250 -44.750  1.29599
6.250 -44.250  1.28101
6.250 -43.750  1.26632
6.250 -43.250  1.25192
6.250 -42.750  1.23782
6.250 -42.250  1.22401
6.250 -41.750  1.21050
6.250 -41.250  1.19728
6.250 -40.750  1.18437
6.250 -40.250  1.17176
6.250 -39.750  1.15944
6.250 -39.250  1.14744
6.250 -38.750  1.13574
6.250 -38.250  1.12436
6.250 -37.750  1.11328
6.250 -37.250  1.10252
6.250 -36.750  1.09208
6.250 -36.250  1.08196
6.250 -35.750  1.07217
6.250 -35.250  1.06270
6.250 -34.750  1.05356
6.250 -34.250  1.04476
6.250 -33.750  1.03629
6.250 -33.250  1.02816
6.250 -32.750  1.02037
6.250 -32.250  1.01292
6.250 -31.750  1.00581
6.250 -31.250  0.99906
6.250 -30.750  0.99265
6.250 -30.250  0.98659
6.250 -29.750  0.98089
6.250 -29.250  0.97553
6.250 -28.750  0.97053
6.250 -28.250  0.96587
6.250 -27.750  0.96157
6.250 -27.250  0.95761
6.250 -26.750  0.95400
6.250 -26.250  0.95074
6.250 -25.750  0.94781
6.250 -25.250  0.94522
6.250 -24.750  0.94296
6.250 -24.250  0.94102
6.250 -23.750  0.93941
6.250 -23.250  0.93811
6.250 -22.750  0.93711
6.250 -22.250  0.93641
6.250 -21.750  0.93600
6.250 -21.250  0.93587
6.250 -20.750  0.93601
6.250 -20.250  0.93640
6.250 -19.750  0.93704
6.250 -19.250  0.93792
6.250 -18.750  0.93902
6.250 -18.250  0.94033
6.250 -17.750  0.94183
6.250 -17.250  0.94352
6.250 -16.750  0.94537
6.250 -16.250  0.94738
6.250 -15.750  0.94953
6.250 -15.250  0.95180
6.250 -14.750  0.95418
6.250 -14.250  0.95666
6.250 -13.750  0.95922
6.250 -13.250  0.96184
6.250 -12.750  0.96451
6.250 -12.250  0.96722
6.250 -11.750  0.96994
6.250 -11.250  0.97268
6.250 -10.750  0.97540
6.250 -10.250  0.97810
6.250 -9.750  0.98077
6.250 -9.250  0.98339
6.250 -8.750  0.98595
6.250 -8.250  0.98844
6.250 -7.750  0.99084
6.250 -7.250  0.99315
6.250 -6.750  0.99536
6.250 -6.250  0.99745
6.250 -5.750  0.99941
6.250 -5.250  1.00124
6.250 -4.750  1.00293
6.250 -4.250  1.00447
6.250 -3.750  1.00586
6.250 -3.250  1.00709
6.250 -2.750  1.00815
6.250 -2.250  1.00904
6.250 -1.750  1.00976
6.250 -1.250  1.01030
6.250 -0.750  1.01066
6.250 -0.250  1.01084
6.250 0.250  1.01084
6.250 0.750  1.01066
6.250 1.250  1.01030
6.250 1.750  1.00976
6.250 2.250  1.00904
6.250 2.750  1.00815
6.250 3.250  1.00709
6.250 3.750  1.00586
6.250 4.250  1.00447
6.250 4.750  1.00293
6.250 5.250  1.00124
6.250 5.750  0.99941
6.250 6.250  0.99745
6.250 6.750  0.99536
6.250 7.250  0.99315
6.250 7.750  0.99084
6.250 8.250  0.98844
6.250 8.750  0.98595
6.250 9.250  0.98339
6.250 9.750  0.98077
6.250 10.250  0.97810
6.250 10.750  0.97540
6.250 11.250  0.97268
6.250 11.750  0.96994
6.250 12.250  0.96722
6.250 12.750  0.96451
6.250 13.250  0.96184
6.250 13.750  0.95922
6.250 14.250  0.95666
6.250 14.750  0.95418
6.250 15.250  0.95180
6.250 15.750  0.94953
6.250 16.250  0.94738
6.250 16.750  0.94537
6.250 17.250  0.94352
6.250 17.750  0.94183
6.250 18.250  0.94033
6.250 18.750  0.93902
6.250 19.250  0.93792
6.250 19.750  0.93704
6.250 20.250  0.93640
6.250 20.750  0.93601
6.250 21.250  0.93587
6.250 21.750  0.93600
6.250 22.250  0.93641
6.250 22.750  0.93711
6.250 23.250  0.93811
6.250 23.750  0.93941
6.250 24.250  0.94102
6.250 24.750  0.94296
6.250 25.250  0.94522
6.250 25.750  0.94781
6.250 26.250  0.95074
6.250 26.750  0.95400
6.250 27.250  0.95761
6.250 27.750  0.96157
6.250 28.250  0.96587
6.250 28.750  0.97053
6.250 29.250  0.97553
6.250 29.750  0.98089
6.250 30.250  0.98659
6.250 30.750  0.99265
6.250 31.250  0.99906
6.250 31.750  1.00581
6.250 32.250  1.01292
6.250 32.750  1.02037
6.250 33.250  1.02816
6.250 33.750  1.03629
6.250 34.250  1.04476
6.250 34.750  1.05356
6.250 35.250  1.06270
6.250 35.750  1.07217
6.250 36.250  1.08196
6.250 36.750  1.09208
6.250 37.250  1.10252
6.250 37.750  1.11328
6.250 38.250  1.12436
6.250 38.750  1.13574
6.250 39.250  1.14744
6.250 39.750  1.15944
6.250 40.250  1.17176
6.250 40.750  1.18437
6.250 41.250  1.19728
6.250 41.750  1.21050
6.250 42.250  1.22401
6.250 42.750  1.23782
6.250 43.250  1.25192
6.250 43.750  1.26632
6.250 44.250  1.28101
6.250 44.750  1.29599
6.750 -44.750  1.29213
6.750 -44.250  1.27714
6.750 -43.750  1.26244
6.750 -43.250  1.24803
6.750 -42.750  1.23392
6.750 -42.250  1.22009
6.750 -41.750  1.20657
6.750 -41.250  1.19333
6.750 -40.750  1.18040
6.750 -40.250  1.16777
6.750 -39.750  1.15543
6.750 -39.250  1.14341
6.750 -38.750  1.13169
6.750 -38.250  1.12028
6.750 -37.750  1.10918
6.750 -37.250  1.09839
6.750 -36.750  1.08793
6.750 -36.250  1.07779
6.750 -35.750  1.06797
6.750 -35.250  1.05848
6.750 -34.750  1.04932
6.750 -34.250  1.04049
6.750 -33.750  1.03200
6.750 -33.250  1.02386
6.750 -32.750  1.01605
6.750 -32.250  1.00859
6.750 -31.750  1.00148
6.750 -31.250  0.99472
6.750 -30.750  0.98832
6.750 -30.250  0.98226
6.750 -29.750  0.97657
6.750 -29.250  0.97123
6.750 -28.750  0.96624
6.750 -28.250  0.96161
6.750 -27.750  0.95734
6.750 -27.250  0.95342
6.750 -26.750  0.94986
6.750 -26.250  0.94664
6.750 -25.750  0.94377
6.750 -25.250  0.94124
6.750 -24.750  0.93906
6.750 -24.250  0.93720
6.750 -23.750  0.93567
6.750 -23.250  0.93446
6.750 -22.750  0.93357
6.750 -22.250  0.93297
6.750 -21.750  0.93268
6.750 -21.250  0.93266
6.750 -20.750  0.93293
6.750 -20.250  0.93345
6.750 -19.750  0.93423
6.750 -19.250  0.93525
6.750 -18.750  0.93650
6.750 -18.250  0.93796
6.750 -17.750  0.93962
6.750 -17.250  0.94147
6.750 -16.750  0.94348
6.750 -16.250  0.94566
6.750 -15.750  0.94797
6.750 -15.250  0.95041
6.750 -14.750  0.95296
6.750 -14.250  0.95561
6.750 -13.750  0.95834
6.750 -13.250  0.96113
6.750 -12.750  0.96396
6.750 -12.250  0.96683
6.750 -11.750  0.96972
6.750 -11.250  0.97262
6.750 -10.750  0.97550
6.750 -10.250  0.97835
6.750 -9.750  0.98117
6.750 -9.250  0.98393
6.750 -8.750  0.98663
6.750 -8.250  0.98925
6.750 -7.750  0.99178
6.750 -7.250  0.99421
6.750 -6.750  0.99652
6.750 -6.250  0.99872
6.750 -5.750  1.00078
6.750 -5.250  1.00271
6.750 -4.750  1.00448
6.750 -4.250  1.00610
6.750 -3.750  1.00755
6.750 -3.250  1.00884
6.750 -2.750  1.00995
6.750 -2.250  1.01089
6.750 -1.750  1.01164
6.750 -1.250  1.01221
6.750 -0.750  1.01259
6.750 -0.250  1.01278
6.750 0.250  1.01278
6.750 0.750  1.01259
6.750 1.250  1.01221
6.750 1.750  1.01164
6.750 2.250  1.01089
6.750 2.750  1.00995
6.750 3.250  1.00884
6.750 3.750  1.00755
6.750 4.250  1.00610
6.750 4.750  1.00448
6.750 5.250  1.00271
6.750 5.750  1.00078
6.750 6.250  0.99872
6.750 6.750  0.99652
6.750 7.250  0.99421
6.750 7.750  0.99178
6.750 8.250  0.98925
6.750 8.750  0.98663
6.750 9.250  0.98393
6.750 9.750  0.98117
6.750 10.250  0.97835
6.750 10.750  0.97550
6.750 11.250  0.97262
6.750 11.750  0.96972
6.750 12.250  0.96683
6.750 12.750  0.96396
6.750 13.250  0.96113
6.750 13.750  0.95834
6.750 14.250  0.95561
6.750 14.750  0.95296
6.750 15.250  0.95041
6.750 15.750  0.94797
6.750 16.250  0.94566
6.750 16.750  0.94348
6.750 17.250  0.94147
6.750 17.750  0.93962
6.750 18.250  0.93796
6.750 18.750  0.93650
6.750 19.250  0.93525
6.750 19.750  0.93423
6.750 20.250  0.93345
6.750 20.750  0.93293
6.750 21.250  0.93266
6.750 21.750  0.93268
6.750 22.250  0.93297
6.750 22.750  0.93357
6.750 23.250  0.93446
6.750 23.750  0.93567
6.750 24.250  0.93720
6.750 24.750  0.93906
6.750 25.250  0.94124
6.750 25.750  0.94377
6.750 26.250  0.94664
6.750 26.750  0.94986
6.750 27.250  0.95342
6.750 27.750  0.95734
6.750 28.250  0.96161
6.750 28.750  0.96624
6.750 29.250  0.97123
6.750 29.750  0.97657
6.750 30.250  0.98226
6.750 30.750  0.98832
6.750 31.250  0.99472
6.750 31.750  1.00148
6.750 32.250  1.00859
6.750 32.750  1.01605
6.750 33.250  1.02386
6.750 33.750  1.03200
6.750 34.250  1.04049
6.750 34.750  1.04932
6.750 35.250  1.05848
6.750 35.750  1.06797
6.750 36.250  1.07779
6.750 36.750  1.08793
6.750 37.250  1.09839
6.750 37.750  1.10918
6.750 38.250  1.12028
6.750 38.750  1.13169
6.750 39.250  1.14341
6.750 39.750  1.15543
6.750 40.250  1.16777
6.750 40.750  1.18040
6.750 41.250  1.19333
6.750 41.750  1.20657
6.750 42.250  1.22009
6.750 42.750  1.23392
6.750 43.250  1.24803
6.750 43.750  1.26244
6.750 44.250  1.27714
6.750 44.750  1.29213
7.250 -44.750  1.28797
7.250 -44.250  1.27298
7.250 -43.750  1.25827
7.250 -43.250  1.24385
7.250 -42.750  1.22972
7.250 -42.250  1.21588
7.250 -41.750  1.20234
7.250 -41.250  1.18909
7.250 -40.750  1.17613
7.250 -40.250  1.16347
7.250 -39.750  1.15112
7.250 -39.250  1.13907
7.250 -38.750  1.12732
7.250 -38.250  1.11588
7.250 -37.750  1.10476
7.250 -37.250  1.09395
7.250 -36.750  1.08345
7.250 -36.250  1.07328
7.250 -35.750  1.06344
7.250 -35.250  1.05392
7.250 -34.750  1.04474
7.250 -34.250  1.03589
7.250 -33.750  1.02738
7.250 -33.250  1.01921
7.250 -32.750  1.01139
7.250 -32.250  1.00392
7.250 -31.750  0.99680
7.250 -31.250  0.99004
7.250 -30.750  0.98363
7.250 -30.250  0.97758
7.250 -29.750  0.97189
7.250 -29.250  0.96656
7.250 -28.750  0.96160
7.250 -28.250  0.95699
7.250 -27.750  0.95276
7.250 -27.250  0.94888
7.250 -26.750  0.94536
7.250 -26.250  0.94220
7.250 -25.750  0.93939
7.250 -25.250  0.93693
7.250 -24.750  0.93482
7.250 -24.250  0.93305
7.250 -23.750  0.93161
7.250 -23.250  0.93050
7.250 -22.750  0.92972
7.250 -22.250  0.92924
7.250 -21.750  0.92907
7.250 -21.250  0.92918
7.250 -20.750  0.92958
7.250 -20.250  0.93026
7.250 -19.750  0.93118
7.250 -19.250  0.93236
7.250 -18.750  0.93377
7.250 -18.250  0.93539
7.250 -17.750  0.93722
7.250 -17.250  0.93924
7.250 -16.750  0.94144
7.250 -16.250  0.94379
7.250 -15.750  0.94629
7.250 -15.250  0.94891
7.250 -14.750  0.95165
7.250 -14.250  0.95448
7.250 -13.750  0.95739
7.250 -13.250  0.96036
7.250 -12.750  0.96338
7.250 -12.250  0.96643
7.250 -11.750  0.96950
7.250 -11.250  0.97257
7.250 -10.750  0.97562
7.250 -10.250  0.97864
7.250 -9.750  0.98162
7.250 -9.250  0.98454
7.250 -8.750  0.98738
7.250 -8.250  0.99015
7.250 -7.750  0.99281
7.250 -7.250  0.99537
7.250 -6.750  0.99781
7.250 -6.250  1.00012
7.250 -5.750  1.00230
7.250 -5.250  1.00432
7.250 -4.750  1.00618
7.250 -4.250  1.00789
7.250 -3.750  1.00942
7.250 -3.250  1.01077
7.250 -2.750  1.01194
7.250 -2.250  1.01292
7.250 -1.750  1.01371
7.250 -1.250  1.01430
7.250 -0.750  1.01470
7.250 -0.250  1.01490
7.250 0.250  1.01490
7.250 0.750  1.01470
7.250 1.250  1.01430
7.250 1.750  1.01371
7.250 2.250  1.01292
7.250 2.750  1.01194
7.250 3.250  1.01077
7.250 3.750  1.00942
7.250 4.250  1.00789
7.250 4.750  1.00618
7.250 5.250  1.00432
7.250 5.750  1.00230
7.250 6.250  1.00012
7.250 6.750  0.99781
7.250 7.250  0.99537
7.250 7.750  0.99281
7.250 8.250  0.99015
7.250 8.750  0.98738
7.250 9.250  0.98454
7.250 9.750  0.98162
7.250 10.250  0.97864
7.250 10.750  0.97562
7.250 11.250  0.97257
7.250 11.750  0.96950
7.250 12.250  0.96643
7.250 12.750  0.96338
7.250 13.250  0.96036
7.250 13.750  0.95739
7.250 14.250  0.95448
7.250 14.750  0.95165
7.250 15.250  0.94891
7.250 15.750  0.94629
7.250 16.250  0.94379
7.250 16.750  0.94144
7.250 17.250  0.93924
7.250 17.750  0.93722
7.250 18.250  0.93539
7.250 18.750  0.93377
7.250 19.250  0.93236
7.250 19.750  0.93118
7.250 20.250  0.93026
7.250 20.750  0.92958
7.250 21.250  0.92918
7.250 21.750  0.92907
7.250 22.250  0.92924
7.250 22.750  0.92972
7.250 23.250  0.93050
7.250 23.750  0.93161
7.250 24.250  0.93305
7.250 24.750  0.93482
7.250 25.250  0.93693
7.250 25.750  0.93939
7.250 26.250  0.94220
7.250 26.750  0.94536
7.250 27.250  0.94888
7.250 27.750  0.95276
7.250 28.250  0.95699
7.250 28.750  0.96160
7.250 29.250  0.96656
7.250 29.750  0.97189
7.250 30.250  0.97758
7.250 30.750  0.98363
7.250 31.250  0.99004
7.250 31.750  0.99680
7.250 32.250  1.00392
7.250 32.750  1.01139
7.250 33.250  1.01921
7.250 33.750  1.02738
7.250 34.250  1.03589
7.250 34.750  1.04474
7.250 35.250  1.05392
7.250 35.750  1.06344
7.250 36.250  1.07328
7.250 36.750  1.08345
7.250 37.250  1.09395
7.250 37.750  1.10476
7.250 38.250  1.11588
7.250 38.750  1.12732
7.250 39.250  1.13907
7.250 39.750  1.15112
7.250 40.250  1.16347
7.250 40.750  1.17613
7.250 41.250  1.18909
7.250 41.750  1.20234
7.250 42.250  1.21588
7.250 42.750  1.22972
7.250 43.250  1.24385
7.250 43.750  1.25827
7.250 44.250  1.27298
7.250 44.750  1.28797
7.750 -44.750  1.28353
7.750 -44.250  1.26853
7.750 -43.750  1.25381
7.750 -43.250  1.23938
7.750 -42.750  1.22523
7.750 -42.250  1.21138
7.750 -41.750  1.19781
7.750 -41.250  1.18454
7.750 -40.750  1.17156
7.750 -40.250  1.15888
7.750 -39.750  1.14650
7.750 -39.250  1.13442
7.750 -38.750  1.12265
7.750 -38.250  1.11118
7.750 -37.750  1.10002
7.750 -37.250  1.08918
7.750 -36.750  1.07866
7.750 -36.250  1.06846
7.750 -35.750  1.05858
7.750 -35.250  1.04904
7.750 -34.750  1.03982
7.750 -34.250  1.03095
7.750 -33.750  1.02241
7.750 -33.250  1.01422
7.750 -32.750  1.00638
7.750 -32.250  0.99890
7.750 -31.750  0.99176
7.750 -31.250  0.98499
7.750 -30.750  0.97858
7.750 -30.250  0.97253
7.750 -29.750  0.96685
7.750 -29.250  0.96154
7.750 -28.750  0.95659
7.750 -28.250  0.95202
7.750 -27.750  0.94781
7.750 -27.250  0.94397
7.750 -26.750  0.94050
7.750 -26.250  0.93740
7.750 -25.750  0.93465
7.750 -25.250  0.93227
7.750 -24.750  0.93024
7.750 -24.250  0.92856
7.750 -23.750  0.92723
7.750 -23.250  0.92623
7.750 -22.750  0.92555
7.750 -22.250  0.92520
7.750 -21.750  0.92516
7.750 -21.250  0.92542
7.750 -20.750  0.92597
7.750 -20.250  0.92680
7.750 -19.750  0.92789
7.750 -19.250  0.92923
7.750 -18.750  0.93082
7.750 -18.250  0.93262
7.750 -17.750  0.93464
7.750 -17.250  0.93685
7.750 -16.750  0.93924
7.750 -16.250  0.94179
7.750 -15.750  0.94448
7.750 -15.250  0.94730
7.750 -14.750  0.95024
7.750 -14.250  0.95327
7.750 -13.750  0.95638
7.750 -13.250  0.95956
7.750 -12.750  0.96277
7.750 -12.250  0.96602
7.750 -11.750  0.96928
7.750 -11.250  0.97253
7.750 -10.750  0.97577
7.750 -10.250  0.97897
7.750 -9.750  0.98212
7.750 -9.250  0.98521
7.750 -8.750  0.98822
7.750 -8.250  0.99114
7.750 -7.750  0.99396
7.750 -7.250  0.99666
7.750 -6.750  0.99923
7.750 -6.250  1.00167
7.750 -5.750  1.00396
7.750 -5.250  1.00609
7.750 -4.750  1.00805
7.750 -4.250  1.00984
7.750 -3.750  1.01145
7.750 -3.250  1.01288
7.750 -2.750  1.01411
7.750 -2.250  1.01514
7.750 -1.750  1.01597
7.750 -1.250  1.01660
7.750 -0.750  1.01702
7.750 -0.250  1.01723
7.750 0.250  1.01723
7.750 0.750  1.01702
7.750 1.250  1.01660
7.750 1.750  1.01597
7.750 2.250  1.01514
7.750 2.750  1.01411
7.750 3.250  1.01288
7.750 3.750  1.01145
7.750 4.250  1.00984
7.750 4.750  1.00805
7.750 5.250  1.00609
7.750 5.750  1.00396
7.750 6.250  1.00167
7.750 6.750  0.99923
7.750 7.250  0.99666
7.750 7.750  0.99396
7.750 8.250  0.99114
7.750 8.750  0.98822
7.750 9.250  0.98521
7.750 9.750  0.98212
7.750 10.250  0.97897
7.750 10.750  0.97577
7.750 11.250  0.97253
7.750 11.750  0.96928
7.750 12.250  0.96602
7.750 12.750  0.96277
7.750 13.250  0.95956
7.750 13.750  0.95638
7.750 14.250  0.95327
7.750 14.750  0.95024
7.750 15.250  0.94730
7.750 15.750  0.94448
7.750 16.250  0.94179
7.750 16.750  0.93924
7.750 17.250  0.93685
7.750 17.750  0.93464
7.750 18.250  0.93262
7.750 18.750  0.93082
7.750 19.250  0.92923
7.750 19.750  0.92789
7.750 20.250  0.92680
7.750 20.750  0.92597
7.750 21.250  0.92542
7.750 21.750  0.92516
7.750 22.250  0.92520
7.750 22.750  0.92555
7.750 23.250  0.92623
7.750 23.750  0.92723
7.750 24.250  0.92856
7.750 24.750  0.93024
7.750 25.250  0.93227
7.750 25.750  0.93465
7.750 26.250  0.93740
7.750 26.750  0.94050
7.750 27.250  0.94397
7.750 27.750  0.94781
7.750 28.250  0.95202
7.750 28.750  0.95659
7.750 29.250  0.96154
7.750 29.750  0.96685
7.750 30.250  0.97253
7.750 30.750  0.97858
7.750 31.250  0.98499
7.750 31.750  0.99176
7.750 32.250  0.99890
7.750 32.750  1.00638
7.750 33.250  1.01422
7.750 33.750  1.02241
7.750 34.250  1.03095
7.750 34.750  1.03982
7.750 35.250  1.04904
7.750 35.750  1.05858
7.750 36.250  1.06846
7.750 36.750  1.07866
7.750 37.250  1.08918
7.750 37.750  1.10002
7.750 38.250  1.11118
7.750 38.750  1.12265
7.750 39.250  1.13442
7.750 39.750  1.14650
7.750 40.250  1.15888
7.750 40.750  1.17156
7.750 41.250  1.18454
7.750 41.750  1.19781
7.750 42.250  1.21138
7.750 42.750  1.22523
7.750 43.250  1.23938
7.750 43.750  1.25381
7.750 44.250  1.26853
7.750 44.750  1.28353
8.250 -44.750  1.27881
8.250 -44.250  1.26379
8.250 -43.750  1.24906
8.250 -43.250  1.23461
8.250 -42.750  1.22045
8.250 -42.250  1.20658
8.250 -41.750  1.19300
8.250 -41.250  1.17970
8.250 -40.750  1.16670
8.250 -40.250  1.15399
8.250 -39.750  1.14158
8.250 -39.250  1.12947
8.250 -38.750  1.11766
8.250 -38.250  1.10616
8.250 -37.750  1.09497
8.250 -37.250  1.08410
8.250 -36.750  1.07354
8.250 -36.250  1.06330
8.250 -35.750  1.05339
8.250 -35.250  1.04381
8.250 -34.750  1.03457
8.250 -34.250  1.02566
8.250 -33.750  1.01710
8.250 -33.250  1.00889
8.250 -32.750  1.00102
8.250 -32.250  0.99351
8.250 -31.750  0.98637
8.250 -31.250  0.97958
8.250 -30.750  0.97317
8.250 -30.250  0.96712
8.250 -29.750  0.96144
8.250 -29.250  0.95614
8.250 -28.750  0.95121
8.250 -28.250  0.94667
8.250 -27.750  0.94249
8.250 -27.250  0.93870
8.250 -26.750  0.93528
8.250 -26.250  0.93224
8.250 -25.750  0.92956
8.250 -25.250  0.92726
8.250 -24.750  0.92531
8.250 -24.250  0.92373
8.250 -23.750  0.92250
8.250 -23.250  0.92162
8.250 -22.750  0.92107
8.250 -22.250  0.92085
8.250 -21.750  0.92096
8.250 -21.250  0.92137
8.250 -20.750  0.92208
8.250 -20.250  0.92307
8.250 -19.750  0.92434
8.250 -19.250  0.92587
8.250 -18.750  0.92764
8.250 -18.250  0.92964
8.250 -17.750  0.93186
8.250 -17.250  0.93427
8.250 -16.750  0.93687
8.250 -16.250  0.93963
8.250 -15.750  0.94254
8.250 -15.250  0.94558
8.250 -14.750  0.94874
8.250 -14.250  0.95199
8.250 -13.750  0.95531
8.250 -13.250  0.95870
8.250 -12.750  0.96213
8.250 -12.250  0.96559
8.250 -11.750  0.96906
8.250 -11.250  0.97252
8.250 -10.750  0.97595
8.250 -10.250  0.97935
8.250 -9.750  0.98269
8.250 -9.250  0.98596
8.250 -8.750  0.98915
8.250 -8.250  0.99224
8.250 -7.750  0.99522
8.250 -7.250  0.99807
8.250 -6.750  1.00079
8.250 -6.250  1.00336
8.250 -5.750  1.00578
8.250 -5.250  1.00802
8.250 -4.750  1.01010
8.250 -4.250  1.01198
8.250 -3.750  1.01368
8.250 -3.250  1.01518
8.250 -2.750  1.01648
8.250 -2.250  1.01756
8.250 -1.750  1.01844
8.250 -1.250  1.01910
8.250 -0.750  1.01954
8.250 -0.250  1.01976
8.250 0.250  1.01976
8.250 0.750  1.01954
8.250 1.250  1.01910
8.250 1.750  1.01844
8.250 2.250  1.01756
8.250 2.750  1.01648
8.250 3.250  1.01518
8.250 3.750  1.01368
8.250 4.250  1.01198
8.250 4.750  1.01010
8.250 5.250  1.00802
8.250 5.750  1.00578
8.250 6.250  1.00336
8.250 6.750  1.00079
8.250 7.250  0.99807
8.250 7.750  0.99522
8.250 8.250  0.99224
8.250 8.750  0.98915
8.250 9.250  0.98596
8.250 9.750  0.98269
8.250 10.250  0.97935
8.250 10.750  0.97595
8.250 11.250  0.97252
8.250 11.750  0.96906
8.250 12.250  0.96559
8.250 12.750  0.96213
8.250 13.250  0.95870
8.250 13.750  0.95531
8.250 14.250  0.95199
8.250 14.750  0.94874
8.250 15.250  0.94558
8.250 15.750  0.94254
8.250 16.250  0.93963
8.250 16.750  0.93687
8.250 17.250  0.93427
8.250 17.750  0.93186
8.250 18.250  0.92964
8.250 18.750  0.92764
8.250 19.250  0.92587
8.250 19.750  0.92434
8.250 20.250  0.92307
8.250 20.750  0.92208
8.250 21.250  0.92137
8.250 21.750  0.92096
8.250 22.250  0.92085
8.250 22.750  0.92107
8.250 23.250  0.92162
8.250 23.750  0.92250
8.250 24.250  0.92373
8.250 24.750  0.92531
8.250 25.250  0.92726
8.250 25.750  0.92956
8.250 26.250  0.93224
8.250 26.750  0.93528
8.250 27.250  0.93870
8.250 27.750  0.94249
8.250 28.250  0.94667
8.250 28.750  0.95121
8.250 29.250  0.95614
8.250 29.750  0.96144
8.250 30.250  0.96712
8.250 30.750  0.97317
8.250 31.250  0.97958
8.250 31.750  0.98637
8.250 32.250  0.99351
8.250 32.750  1.00102
8.250 33.250  1.00889
8.250 33.750  1.01710
8.250 34.250  1.02566
8.250 34.750  1.03457
8.250 35.250  1.04381
8.250 35.750  1.05339
8.250 36.250  1.06330
8.250 36.750  1.07354
8.250 37.250  1.08410
8.250 37.750  1.09497
8.250 38.250  1.10616
8.250 38.750  1.11766
8.250 39.250  1.12947
8.250 39.750  1.14158
8.250 40.250  1.15399
8.250 40.750  1.16670
8.250 41.250  1.17970
8.250 41.750  1.19300
8.250 42.250  1.20658
8.250 42.750  1.22045
8.250 43.250  1.23461
8.250 43.750  1.24906
8.250 44.250  1.26379
8.250 44.750  1.27881
8.750 -44.750  1.27380
8.750 -44.250  1.25877
8.750 -43.750  1.24403
8.750 -43.250  1.22957
8.750 -42.750  1.21539
8.750 -42.250  1.20150
8.750 -41.750  1.18789
8.750 -41.250  1.17457
8.750 -40.750  1.16154
8.750 -40.250  1.14880
8.750 -39.750  1.13636
8.750 -39.250  1.12422
8.750 -38.750  1.11238
8.750 -38.250  1.10084
8.750 -37.750  1.08961
8.750 -37.250  1.07870
8.750 -36.750  1.06810
8.750 -36.250  1.05783
8.750 -35.750  1.04788
8.750 -35.250  1.03826
8.750 -34.750  1.02898
8.750 -34.250  1.02004
8.750 -33.750  1.01144
8.750 -33.250  1.00320
8.750 -32.750  0.99531
8.750 -32.250  0.98777
8.750 -31.750  0.98061
8.750 -31.250  0.97381
8.750 -30.750  0.96738
8.750 -30.250  0.96133
8.750 -29.750  0.95566
8.750 -29.250  0.95037
8.750 -28.750  0.94546
8.750 -28.250  0.94094
8.750 -27.750  0.93680
8.750 -27.250  0.93305
8.750 -26.750  0.92968
8.750 -26.250  0.92670
8.750 -25.750  0.92410
8.750 -25.250  0.92188
8.750 -24.750  0.92003
8.750 -24.250  0.91855
8.750 -23.750  0.91743
8.750 -23.250  0.91667
8.750 -22.750  0.91626
8.750 -22.250  0.91619
8.750 -21.750  0.91644
8.750 -21.250  0.91702
8.750 -20.750  0.91790
8.750 -20.250  0.91908
8.750 -19.750  0.92053
8.750 -19.250  0.92226
8.750 -18.750  0.92424
8.750 -18.250  0.92645
8.750 -17.750  0.92888
8.750 -17.250  0.93152
8.750 -16.750  0.93434
8.750 -16.250  0.93733
8.750 -15.750  0.94047
8.750 -15.250  0.94375
8.750 -14.750  0.94714
8.750 -14.250  0.95062
8.750 -13.750  0.95418
8.750 -13.250  0.95781
8.750 -12.750  0.96147
8.750 -12.250  0.96516
8.750 -11.750  0.96885
8.750 -11.250  0.97253
8.750 -10.750  0.97618
8.750 -10.250  0.97979
8.750 -9.750  0.98333
8.750 -9.250  0.98680
8.750 -8.750  0.99018
8.750 -8.250  0.99345
8.750 -7.750  0.99660
8.750 -7.250  0.99962
8.750 -6.750  1.00249
8.750 -6.250  1.00521
8.750 -5.750  1.00776
8.750 -5.250  1.01013
8.750 -4.750  1.01232
8.750 -4.250  1.01431
8.750 -3.750  1.01611
8.750 -3.250  1.01769
8.750 -2.750  1.01905
8.750 -2.250  1.02020
8.750 -1.750  1.02112
8.750 -1.250  1.02182
8.750 -0.750  1.02228
8.750 -0.250  1.02251
8.750 0.250  1.02251
8.750 0.750  1.02228
8.750 1.250  1.02182
8.750 1.750  1.02112
8.750 2.250  1.02020
8.750 2.750  1.01905
8.750 3.250  1.01769
8.750 3.750  1.01611
8.750 4.250  1.01431
8.750 4.750  1.01232
8.750 5.250  1.01013
8.750 5.750  1.00776
8.750 6.250  1.00521
8.750 6.750  1.00249
8.750 7.250  0.99962
8.750 7.750  0.99660
8.750 8.250  0.99345
8.750 8.750  0.99018
8.750 9.250  0.98680
8.750 9.750  0.98333
8.750 10.250  0.97979
8.750 10.750  0.97618
8.750 11.250  0.97253
8.750 11.750  0.96885
8.750 12.250  0.96516
8.750 12.750  0.96147
8.750 13.250  0.95781
8.750 13.750  0.95418
8.750 14.250  0.95062
8.750 14.750  0.94714
8.750 15.250  0.94375
8.750 15.750  0.94047
8.750 16.250  0.93733
8.750 16.750  0.93434
8.750 17.250  0.93152
8.750 17.750  0.92888
8.750 18.250  0.92645
8.750 18.750  0.92424
8.750 19.250  0.92226
8.750 19.750  0.92053
8.750 20.250  0.91908
8.750 20.750  0.91790
8.750 21.250  0.91702
8.750 21.750  0.91644
8.750 22.250  0.91619
8.750 22.750  0.91626
8.750 23.250  0.91667
8.750 23.750  0.91743
8.750 24.250  0.91855
8.750 24.750  0.92003
8.750 25.250  0.92188
8.750 25.750  0.92410
8.750 26.250  0.92670
8.750 26.750  0.92968
8.750 27.250  0.93305
8.750 27.750  0.93680
8.750 28.250  0.94094
8.750 28.750  0.94546
8.750 29.250  0.95037
8.750 29.750  0.95566
8.750 30.250  0.96133
8.750 30.750  0.96738
8.750 31.250  0.97381
8.750 31.750  0.98061
8.750 32.250  0.98777
8.750 32.750  0.99531
8.750 33.250  1.00320
8.750 33.750  1.01144
8.750 34.250  1.02004
8.750 34.750  1.02898
8.750 35.250  1.03826
8.750 35.750  1.04788
8.750 36.250  1.05783
8.750 36.750  1.06810
8.750 37.250  1.07870
8.750 37.750  1.08961
8.750 38.250  1.10084
8.750 38.750  1.11238
8.750 39.250  1.12422
8.750 39.750  1.13636
8.750 40.250  1.14880
8.750 40.750  1.16154
8.750 41.250  1.17457
8.750 41.750  1.18789
8.750 42.250  1.20150
8.750 42.750  1.21539
8.750 43.250  1.22957
8.750 43.750  1.24403
8.750 44.250  1.25877
8.750 44.750  1.27380
9.250 -44.750  1.26851
9.250 -44.250  1.25347
9.250 -43.750  1.23872
9.250 -43.250  1.22424
9.250 -42.750  1.21004
9.250 -42.250  1.19613
9.250 -41.750  1.18249
9.250 -41.250  1.16915
9.250 -40.750  1.15609
9.250 -40.250  1.14332
9.250 -39.750  1.13084
9.250 -39.250  1.11866
9.250 -38.750  1.10678
9.250 -38.250  1.09521
9.250 -37.750  1.08394
9.250 -37.250  1.07298
9.250 -36.750  1.06234
9.250 -36.250  1.05202
9.250 -35.750  1.04203
9.250 -35.250  1.03237
9.250 -34.750  1.02305
9.250 -34.250  1.01406
9.250 -33.750  1.00543
9.250 -33.250  0.99715
9.250 -32.750  0.98923
9.250 -32.250  0.98167
9.250 -31.750  0.97448
9.250 -31.250  0.96766
9.250 -30.750  0.96123
9.250 -30.250  0.95517
9.250 -29.750  0.94950
9.250 -29.250  0.94422
9.250 -28.750  0.93932
9.250 -28.250  0.93483
9.250 -27.750  0.93072
9.250 -27.250  0.92702
9.250 -26.750  0.92371
9.250 -26.250  0.92079
9.250 -25.750  0.91826
9.250 -25.250  0.91613
9.250 -24.750  0.91437
9.250 -24.250  0.91300
9.250 -23.750  0.91201
9.250 -23.250  0.91138
9.250 -22.750  0.91111
9.250 -22.250  0.91119
9.250 -21.750  0.91161
9.250 -21.250  0.91236
9.250 -20.750  0.91343
9.250 -20.250  0.91480
9.250 -19.750  0.91646
9.250 -19.250  0.91840
9.250 -18.750  0.92059
9.250 -18.250  0.92303
9.250 -17.750  0.92570
9.250 -17.250  0.92857
9.250 -16.750  0.93164
9.250 -16.250  0.93488
9.250 -15.750  0.93827
9.250 -15.250  0.94180
9.250 -14.750  0.94544
9.250 -14.250  0.94918
9.250 -13.750  0.95299
9.250 -13.250  0.95687
9.250 -12.750  0.96078
9.250 -12.250  0.96471
9.250 -11.750  0.96865
9.250 -11.250  0.97257
9.250 -10.750  0.97645
9.250 -10.250  0.98028
9.250 -9.750  0.98405
9.250 -9.250  0.98773
9.250 -8.750  0.99131
9.250 -8.250  0.99478
9.250 -7.750  0.99812
9.250 -7.250  1.00131
9.250 -6.750  1.00435
9.250 -6.250  1.00723
9.250 -5.750  1.00992
9.250 -5.250  1.01243
9.250 -4.750  1.01474
9.250 -4.250  1.01685
9.250 -3.750  1.01874
9.250 -3.250  1.02041
9.250 -2.750  1.02185
9.250 -2.250  1.02306
9.250 -1.750  1.02403
9.250 -1.250  1.02477
9.250 -0.750  1.02526
9.250 -0.250  1.02550
9.250 0.250  1.02550
9.250 0.750  1.02526
9.250 1.250  1.02477
9.250 1.750  1.02403
9.250 2.250  1.02306
9.250 2.750  1.02185
9.250 3.250  1.02041
9.250 3.750  1.01874
9.250 4.250  1.01685
9.250 4.750  1.01474
9.250 5.250  1.01243
9.250 5.750  1.00992
9.250 6.250  1.00723
9.250 6.750  1.00435
9.250 7.250  1.00131
9.250 7.750  0.99812
9.250 8.250  0.99478
9.250 8.750  0.99131
9.250 9.250  0.98773
9.250 9.750  0.98405
9.250 10.250  0.98028
9.250 10.750  0.97645
9.250 11.250  0.97257
9.250 11.750  0.96865
9.250 12.250  0.96471
9.250 12.750  0.96078
9.250 13.250  0.95687
9.250 13.750  0.95299
9.250 14.250  0.94918
9.250 14.750  0.94544
9.250 15.250  0.94180
9.250 15.750  0.93827
9.250 16.250  0.93488
9.250 16.750  0.93164
9.250 17.250  0.92857
9.250 17.750  0.92570
9.250 18.250  0.92303
9.250 18.750  0.92059
9.250 19.250  0.91840
9.250 19.750  0.91646
9.250 20.250  0.91480
9.250 20.750  0.91343
9.250 21.250  0.91236
9.250 21.750  0.91161
9.250 22.250  0.91119
9.250 22.750  0.91111
9.250 23.250  0.91138
9.250 23.750  0.91201
9.250 24.250  0.91300
9.250 24.750  0.91437
9.250 25.250  0.91613
9.250 25.750  0.91826
9.250 26.250  0.92079
9.250 26.750  0.92371
9.250 27.250  0.92702
9.250 27.750  0.93072
9.250 28.250  0.93483
9.250 28.750  0.93932
9.250 29.250  0.94422
9.250 29.750  0.94950
9.250 30.250  0.95517
9.250 30.750  0.96123
9.250 31.250  0.96766
9.250 31.750  0.97448
9.250 32.250  0.98167
9.250 32.750  0.98923
9.250 33.250  0.99715
9.250 33.750  1.00543
9.250 34.250  1.01406
9.250 34.750  1.02305
9.250 35.250  1.03237
9.250 35.750  1.04203
9.250 36.250  1.05202
9.250 36.750  1.06234
9.250 37.250  1.07298
9.250 37.750  1.08394
9.250 38.250  1.09521
9.250 38.750  1.10678
9.250 39.250  1.11866
9.250 39.750  1.13084
9.250 40.250  1.14332
9.250 40.750  1.15609
9.250 41.250  1.16915
9.250 41.750  1.18249
9.250 42.250  1.19613
9.250 42.750  1.21004
9.250 43.250  1.22424
9.250 43.750  1.23872
9.250 44.250  1.25347
9.250 44.750  1.26851
9.750 -44.750  1.26294
9.750 -44.250  1.24789
9.750 -43.750  1.23312
9.750 -43.250  1.21863
9.750 -42.750  1.20441
9.750 -42.250  1.19047
9.750 -41.750  1.17682
9.750 -41.250  1.16344
9.750 -40.750  1.15035
9.750 -40.250  1.13754
9.750 -39.750  1.12503
9.750 -39.250  1.11281
9.750 -38.750  1.10088
9.750 -38.250  1.08926
9.750 -37.750  1.07795
9.750 -37.250  1.06694
9.750 -36.750  1.05626
9.750 -36.250  1.04589
9.750 -35.750  1.03585
9.750 -35.250  1.02614
9.750 -34.750  1.01677
9.750 -34.250  1.00774
9.750 -33.750  0.99907
9.750 -33.250  0.99075
9.750 -32.750  0.98279
9.750 -32.250  0.97520
9.750 -31.750  0.96798
9.750 -31.250  0.96114
9.750 -30.750  0.95469
9.750 -30.250  0.94862
9.750 -29.750  0.94295
9.750 -29.250  0.93767
9.750 -28.750  0.93279
9.750 -28.250  0.92832
9.750 -27.750  0.92425
9.750 -27.250  0.92059
9.750 -26.750  0.91733
9.750 -26.250  0.91448
9.750 -25.750  0.91203
9.750 -25.250  0.90999
9.750 -24.750  0.90834
9.750 -24.250  0.90708
9.750 -23.750  0.90621
9.750 -23.250  0.90572
9.750 -22.750  0.90561
9.750 -22.250  0.90585
9.750 -21.750  0.90645
9.750 -21.250  0.90739
9.750 -20.750  0.90865
9.750 -20.250  0.91023
9.750 -19.750  0.91211
9.750 -19.250  0.91428
9.750 -18.750  0.91671
9.750 -18.250  0.91939
9.750 -17.750  0.92231
9.750 -17.250  0.92544
9.750 -16.750  0.92877
9.750 -16.250  0.93227
9.750 -15.750  0.93593
9.750 -15.250  0.93973
9.750 -14.750  0.94365
9.750 -14.250  0.94766
9.750 -13.750  0.95175
9.750 -13.250  0.95589
9.750 -12.750  0.96007
9.750 -12.250  0.96427
9.750 -11.750  0.96847
9.750 -11.250  0.97264
9.750 -10.750  0.97677
9.750 -10.250  0.98085
9.750 -9.750  0.98485
9.750 -9.250  0.98876
9.750 -8.750  0.99256
9.750 -8.250  0.99624
9.750 -7.750  0.99977
9.750 -7.250  1.00316
9.750 -6.750  1.00638
9.750 -6.250  1.00942
9.750 -5.750  1.01227
9.750 -5.250  1.01493
9.750 -4.750  1.01737
9.750 -4.250  1.01960
9.750 -3.750  1.02159
9.750 -3.250  1.02336
9.750 -2.750  1.02488
9.750 -2.250  1.02616
9.750 -1.750  1.02719
9.750 -1.250  1.02796
9.750 -0.750  1.02848
9.750 -0.250  1.02874
9.750 0.250  1.02874
9.750 0.750  1.02848
9.750 1.250  1.02796
9.750 1.750  1.02719
9.750 2.250  1.02616
9.750 2.750  1.02488
9.750 3.250  1.02336
9.750 3.750  1.02159
9.750 4.250  1.01960
9.750 4.750  1.01737
9.750 5.250  1.01493
9.750 5.750  1.01227
9.750 6.250  1.00942
9.750 6.750  1.00638
9.750 7.250  1.00316
9.750 7.750  0.99977
9.750 8.250  0.99624
9.750 8.750  0.99256
9.750 9.250  0.98876
9.750 9.750  0.98485
9.750 10.250  0.98085
9.750 10.750  0.97677
9.750 11.250  0.97264
9.750 11.750  0.96847
9.750 12.250  0.96427
9.750 12.750  0.96007
9.750 13.250  0.95589
9.750 13.750  0.95175
9.750 14.250  0.94766
9.750 14.750  0.94365
9.750 15.250  0.93973
9.750 15.750  0.93593
9.750 16.250  0.93227
9.750 16.750  0.92877
9.750 17.250  0.92544
9.750 17.750  0.92231
9.750 18.250  0.91939
9.750 18.750  0.91671
9.750 19.250  0.91428
9.750 19.750  0.91211
9.750 20.250  0.91023
9.750 20.750  0.90865
9.750 21.250  0.90739
9.750 21.750  0.90645
9.750 22.250  0.90585
9.750 22.750  0.90561
9.750 23.250  0.90572
9.750 23.750  0.90621
9.750 24.250  0.90708
9.750 24.750  0.90834
9.750 25.250  0.90999
9.750 25.750  0.91203
9.750 26.250  0.91448
9.750 26.750  0.91733
9.750 27.250  0.92059
9.750 27.750  0.92425
9.750 28.250  0.92832
9.750 28.750  0.93279
9.750 29.250  0.93767
9.750 29.750  0.94295
9.750 30.250  0.94862
9.750 30.750  0.95469
9.750 31.250  0.96114
9.750 31.750  0.96798
9.750 32.250  0.97520
9.750 32.750  0.98279
9.750 33.250  0.99075
9.750 33.750  0.99907
9.750 34.250  1.00774
9.750 34.750  1.01677
9.750 35.250  1.02614
9.750 35.750  1.03585
9.750 36.250  1.04589
9.750 36.750  1.05626
9.750 37.250  1.06694
9.750 37.750  1.07795
9.750 38.250  1.08926
9.750 38.750  1.10088
9.750 39.250  1.11281
9.750 39.750  1.12503
9.750 40.250  1.13754
9.750 40.750  1.15035
9.750 41.250  1.16344
9.750 41.750  1.17682
9.750 42.250  1.19047
9.750 42.750  1.20441
9.750 43.250  1.21863
9.750 43.750  1.23312
9.750 44.250  1.24789
9.750 44.750  1.26294
10.250 -44.750  1.25710
10.250 -44.250  1.24204
10.250 -43.750  1.22726
10.250 -43.250  1.21274
10.250 -42.750  1.19850
10.250 -42.250  1.18454
10.250 -41.750  1.17085
10.250 -41.250  1.15745
10.250 -40.750  1.14432
10.250 -40.250  1.13147
10.250 -39.750  1.11892
10.250 -39.250  1.10665
10.250 -38.750  1.09469
10.250 -38.250  1.08302
10.250 -37.750  1.07165
10.250 -37.250  1.06059
10.250 -36.750  1.04985
10.250 -36.250  1.03943
10.250 -35.750  1.02934
10.250 -35.250  1.01957
10.250 -34.750  1.01015
10.250 -34.250  1.00107
10.250 -33.750  0.99235
10.250 -33.250  0.98398
10.250 -32.750  0.97598
10.250 -32.250  0.96835
10.250 -31.750  0.96110
10.250 -31.250  0.95423
10.250 -30.750  0.94776
10.250 -30.250  0.94168
10.250 -29.750  0.93600
10.250 -29.250  0.93072
10.250 -28.750  0.92586
10.250 -28.250  0.92141
10.250 -27.750  0.91737
10.250 -27.250  0.91375
10.250 -26.750  0.91055
10.250 -26.250  0.90777
10.250 -25.750  0.90540
10.250 -25.250  0.90345
10.250 -24.750  0.90191
10.250 -24.250  0.90078
10.250 -23.750  0.90004
10.250 -23.250  0.89970
10.250 -22.750  0.89974
10.250 -22.250  0.90016
10.250 -21.750  0.90095
10.250 -21.250  0.90208
10.250 -20.750  0.90356
10.250 -20.250  0.90536
10.250 -19.750  0.90748
10.250 -19.250  0.90989
10.250 -18.750  0.91257
10.250 -18.250  0.91552
10.250 -17.750  0.91870
10.250 -17.250  0.92211
10.250 -16.750  0.92572
10.250 -16.250  0.92951
10.250 -15.750  0.93346
10.250 -15.250  0.93755
10.250 -14.750  0.94176
10.250 -14.250  0.94606
10.250 -13.750  0.95044
10.250 -13.250  0.95488
10.250 -12.750  0.95935
10.250 -12.250  0.96383
10.250 -11.750  0.96830
10.250 -11.250  0.97275
10.250 -10.750  0.97715
10.250 -10.250  0.98149
10.250 -9.750  0.98574
10.250 -9.250  0.98990
10.250 -8.750  0.99393
10.250 -8.250  0.99783
10.250 -7.750  1.00158
10.250 -7.250  1.00517
10.250 -6.750  1.00858
10.250 -6.250  1.01181
10.250 -5.750  1.01483
10.250 -5.250  1.01763
10.250 -4.750  1.02022
10.250 -4.250  1.02257
10.250 -3.750  1.02468
10.250 -3.250  1.02655
10.250 -2.750  1.02816
10.250 -2.250  1.02951
10.250 -1.750  1.03059
10.250 -1.250  1.03141
10.250 -0.750  1.03195
10.250 -0.250  1.03223
10.250 0.250  1.03223
10.250 0.750  1.03195
10.250 1.250  1.03141
10.250 1.750  1.03059
10.250 2.250  1.02951
10.250 2.750  1.02816
10.250 3.250  1.02655
10.250 3.750  1.02468
10.250 4.250  1.02257
10.250 4.750  1.02022
10.250 5.250  1.01763
10.250 5.750  1.01483
10.250 6.250  1.01181
10.250 6.750  1.00858
10.250 7.250  1.00517
10.250 7.750  1.00158
10.250 8.250  0.99783
10.250 8.750  0.99393
10.250 9.250  0.98990
10.250 9.750  0.98574
10.250 10.250  0.98149
10.250 10.750  0.97715
10.250 11.250  0.97275
10.250 11.750  0.96830
10.250 12.250  0.96383
10.250 12.750  0.95935
10.250 13.250  0.95488
10.250 13.750  0.95044
10.250 14.250  0.94606
10.250 14.750  0.94176
10.250 15.250  0.93755
10.250 15.750  0.93346
10.250 16.250  0.92951
10.250 16.750  0.92572
10.250 17.250  0.92211
10.250 17.750  0.91870
10.250 18.250  0.91552
10.250 18.750  0.91257
10.250 19.250  0.90989
10.250 19.750  0.90748
10.250 20.250  0.90536
10.250 20.750  0.90356
10.250 21.250  0.90208
10.250 21.750  0.90095
10.250 22.250  0.90016
10.250 22.750  0.89974
10.250 23.250  0.89970
10.250 23.750  0.90004
10.250 24.250  0.90078
10.250 24.750  0.90191
10.250 25.250  0.90345
10.250 25.750  0.90540
10.250 26.250  0.90777
10.250 26.750  0.91055
10.250 27.250  0.91375
10.250 27.750  0.91737
10.250 28.250  0.92141
10.250 28.750  0.92586
10.250 29.250  0.93072
10.250 29.750  0.93600
10.250 30.250  0.94168
10.250 30.750  0.94776
10.250 31.250  0.95423
10.250 31.750  0.96110
10.250 32.250  0.96835
10.250 32.750  0.97598
10.250 33.250  0.98398
10.250 33.750  0.99235
10.250 34.250  1.00107
10.250 34.750  1.01015
10.250 35.250  1.01957
10.250 35.750  1.02934
10.250 36.250  1.03943
10.250 36.750  1.04985
10.250 37.250  1.06059
10.250 37.750  1.07165
10.250 38.250  1.08302
10.250 38.750  1.09469
10.250 39.250  1.10665
10.250 39.750  1.11892
10.250 40.250  1.13147
10.250 40.750  1.14432
10.250 41.250  1.15745
10.250 41.750  1.17085
10.250 42.250  1.18454
10.250 42.750  1.19850
10.250 43.250  1.21274
10.250 43.750  1.22726
10.250 44.250  1.24204
10.250 44.750  1.25710
10.750 -44.750  1.25098
10.750 -44.250  1.23591
10.750 -43.750  1.22111
10.750 -43.250  1.20658
10.750 -42.750  1.19232
10.750 -42.250  1.17833
10.750 -41.750  1.16461
10.750 -41.250  1.15117
10.750 -40.750  1.13801
10.750 -40.250  1.12512
10.750 -39.750  1.11252
10.750 -39.250  1.10021
10.750 -38.750  1.08819
10.750 -38.250  1.07646
10.750 -37.750  1.06504
10.750 -37.250  1.05393
10.750 -36.750  1.04313
10.750 -36.250  1.03265
10.750 -35.750  1.02249
10.750 -35.250  1.01267
10.750 -34.750  1.00319
10.750 -34.250  0.99405
10.750 -33.750  0.98527
10.750 -33.250  0.97685
10.750 -32.750  0.96880
10.750 -32.250  0.96113
10.750 -31.750  0.95384
10.750 -31.250  0.94693
10.750 -30.750  0.94043
10.750 -30.250  0.93433
10.750 -29.750  0.92864
10.750 -29.250  0.92337
10.750 -28.750  0.91851
10.750 -28.250  0.91408
10.750 -27.750  0.91008
10.750 -27.250  0.90650
10.750 -26.750  0.90336
10.750 -26.250  0.90064
10.750 -25.750  0.89836
10.750 -25.250  0.89650
10.750 -24.750  0.89508
10.750 -24.250  0.89407
10.750 -23.750  0.89347
10.750 -23.250  0.89329
10.750 -22.750  0.89350
10.750 -22.250  0.89411
10.750 -21.750  0.89509
10.750 -21.250  0.89644
10.750 -20.750  0.89814
10.750 -20.250  0.90019
10.750 -19.750  0.90255
10.750 -19.250  0.90522
10.750 -18.750  0.90818
10.750 -18.250  0.91140
10.750 -17.750  0.91488
10.750 -17.250  0.91858
10.750 -16.750  0.92249
10.750 -16.250  0.92659
10.750 -15.750  0.93085
10.750 -15.250  0.93525
10.750 -14.750  0.93977
10.750 -14.250  0.94439
10.750 -13.750  0.94908
10.750 -13.250  0.95383
10.750 -12.750  0.95861
10.750 -12.250  0.96340
10.750 -11.750  0.96817
10.750 -11.250  0.97291
10.750 -10.750  0.97760
10.750 -10.250  0.98221
10.750 -9.750  0.98674
10.750 -9.250  0.99115
10.750 -8.750  0.99544
10.750 -8.250  0.99958
10.750 -7.750  1.00356
10.750 -7.250  1.00736
10.750 -6.750  1.01098
10.750 -6.250  1.01439
10.750 -5.750  1.01759
10.750 -5.250  1.02056
10.750 -4.750  1.02330
10.750 -4.250  1.02578
10.750 -3.750  1.02802
10.750 -3.250  1.02999
10.750 -2.750  1.03169
10.750 -2.250  1.03312
10.750 -1.750  1.03426
10.750 -1.250  1.03513
10.750 -0.750  1.03571
10.750 -0.250  1.03600
10.750 0.250  1.03600
10.750 0.750  1.03571
10.750 1.250  1.03513
10.750 1.750  1.03426
10.750 2.250  1.03312
10.750 2.750  1.03169
10.750 3.250  1.02999
10.750 3.750  1.02802
10.750 4.250  1.02578
10.750 4.750  1.02330
10.750 5.250  1.02056
10.750 5.750  1.01759
10.750 6.250  1.01439
10.750 6.750  1.01098
10.750 7.250  1.00736
10.750 7.750  1.00356
10.750 8.250  0.99958
10.750 8.750  0.99544
10.750 9.250  0.99115
10.750 9.750  0.98674
10.750 10.250  0.98221
10.750 10.750  0.97760
10.750 11.250  0.97291
10.750 11.750  0.96817
10.750 12.250  0.96340
10.750 12.750  0.95861
10.750 13.250  0.95383
10.750 13.750  0.94908
10.750 14.250  0.94439
10.750 14.750  0.93977
10.750 15.250  0.93525
10.750 15.750  0.93085
10.750 16.250  0.92659
10.750 16.750  0.92249
10.750 17.250  0.91858
10.750 17.750  0.91488
10.750 18.250  0.91140
10.750 18.750  0.90818
10.750 19.250  0.90522
10.750 19.750  0.90255
10.750 20.250  0.90019
10.750 20.750  0.89814
10.750 21.250  0.89644
10.750 21.750  0.89509
10.750 22.250  0.89411
10.750 22.750  0.89350
10.750 23.250  0.89329
10.750 23.750  0.89347
10.750 24.250  0.89407
10.750 24.750  0.89508
10.750 25.250  0.89650
10.750 25.750  0.89836
10.750 26.250  0.90064
10.750 26.750  0.90336
10.750 27.250  0.90650
10.750 27.750  0.91008
10.750 28.250  0.91408
10.750 28.750  0.91851
10.750 29.250  0.92337
10.750 29.750  0.92864
10.750 30.250  0.93433
10.750 30.750  0.94043
10.750 31.250  0.94693
10.750 31.750  0.95384
10.750 32.250  0.96113
10.750 32.750  0.96880
10.750 33.250  0.97685
10.750 33.750  0.98527
10.750 34.250  0.99405
10.750 34.750  1.00319
10.750 35.250  1.01267
10.750 35.750  1.02249
10.750 36.250  1.03265
10.750 36.750  1.04313
10.750 37.250  1.05393
10.750 37.750  1.06504
10.750 38.250  1.07646
10.750 38.750  1.08819
10.750 39.250  1.10021
10.750 39.750  1.11252
10.750 40.250  1.12512
10.750 40.750  1.13801
10.750 41.250  1.15117
10.750 41.750  1.16461
10.750 42.250  1.17833
10.750 42.750  1.19232
10.750 43.250  1.20658
10.750 43.750  1.22111
10.750 44.250  1.23591
10.750 44.750  1.25098
11.250 -44.750  1.24460
11.250 -44.250  1.22952
11.250 -43.750  1.21471
11.250 -43.250  1.20016
11.250 -42.750  1.18587
11.250 -42.250  1.17185
11.250 -41.750  1.15810
11.250 -41.250  1.14462
11.250 -40.750  1.13141
11.250 -40.250  1.11848
11.250 -39.750  1.10583
11.250 -39.250  1.09347
11.250 -38.750  1.08139
11.250 -38.250  1.06961
11.250 -37.750  1.05813
11.250 -37.250  1.04695
11.250 -36.750  1.03608
11.250 -36.250  1.02554
11.250 -35.750  1.01531
11.250 -35.250  1.00543
11.250 -34.750  0.99588
11.250 -34.250  0.98668
11.250 -33.750  0.97783
11.250 -33.250  0.96935
11.250 -32.750  0.96124
11.250 -32.250  0.95352
11.250 -31.750  0.94618
11.250 -31.250  0.93924
11.250 -30.750  0.93270
11.250 -30.250  0.92658
11.250 -29.750  0.92087
11.250 -29.250  0.91559
11.250 -28.750  0.91074
11.250 -28.250  0.90633
11.250 -27.750  0.90235
11.250 -27.250  0.89882
11.250 -26.750  0.89573
11.250 -26.250  0.89308
11.250 -25.750  0.89089
11.250 -25.250  0.88913
11.250 -24.750  0.88782
11.250 -24.250  0.88694
11.250 -23.750  0.88650
11.250 -23.250  0.88648
11.250 -22.750  0.88687
11.250 -22.250  0.88767
11.250 -21.750  0.88887
11.250 -21.250  0.89045
11.250 -20.750  0.89239
11.250 -20.250  0.89468
11.250 -19.750  0.89732
11.250 -19.250  0.90026
11.250 -18.750  0.90351
11.250 -18.250  0.90704
11.250 -17.750  0.91082
11.250 -17.250  0.91484
11.250 -16.750  0.91907
11.250 -16.250  0.92350
11.250 -15.750  0.92809
11.250 -15.250  0.93283
11.250 -14.750  0.93769
11.250 -14.250  0.94264
11.250 -13.750  0.94767
11.250 -13.250  0.95275
11.250 -12.750  0.95786
11.250 -12.250  0.96297
11.250 -11.750  0.96807
11.250 -11.250  0.97312
11.250 -10.750  0.97812
11.250 -10.250  0.98303
11.250 -9.750  0.98784
11.250 -9.250  0.99253
11.250 -8.750  0.99709
11.250 -8.250  1.00148
11.250 -7.750  1.00571
11.250 -7.250  1.00974
11.250 -6.750  1.01358
11.250 -6.250  1.01719
11.250 -5.750  1.02058
11.250 -5.250  1.02373
11.250 -4.750  1.02662
11.250 -4.250  1.02925
11.250 -3.750  1.03162
11.250 -3.250  1.03370
11.250 -2.750  1.03550
11.250 -2.250  1.03701
11.250 -1.750  1.03822
11.250 -1.250  1.03914
11.250 -0.750  1.03975
11.250 -0.250  1.04005
11.250 0.250  1.04005
11.250 0.750  1.03975
11.250 1.250  1.03914
11.250 1.750  1.03822
11.250 2.250  1.03701
11.250 2.750  1.03550
11.250 3.250  1.03370
11.250 3.750  1.03162
11.250 4.250  1.02925
11.250 4.750  1.02662
11.250 5.250  1.02373
11.250 5.750  1.02058
11.250 6.250  1.01719
11.250 6.750  1.01358
11.250 7.250  1.00974
11.250 7.750  1.00571
11.250 8.250  1.00148
11.250 8.750  0.99709
11.250 9.250  0.99253
11.250 9.750  0.98784
11.250 10.250  0.98303
11.250 10.750  0.97812
11.250 11.250  0.97312
11.250 11.750  0.96807
11.250 12.250  0.96297
11.250 12.750  0.95786
11.250 13.250  0.95275
11.250 13.750  0.94767
11.250 14.250  0.94264
11.250 14.750  0.93769
11.250 15.250  0.93283
11.250 15.750  0.92809
11.250 16.250  0.92350
11.250 16.750  0.91907
11.250 17.250  0.91484
11.250 17.750  0.91082
11.250 18.250  0.90704
11.250 18.750  0.90351
11.250 19.250  0.90026
11.250 19.750  0.89732
11.250 20.250  0.89468
11.250 20.750  0.89239
11.250 21.250  0.89045
11.250 21.750  0.88887
11.250 22.250  0.88767
11.250 22.750  0.88687
11.250 23.250  0.88648
11.250 23.750  0.88650
11.250 24.250  0.88694
11.250 24.750  0.88782
11.250 25.250  0.88913
11.250 25.750  0.89089
11.250 26.250  0.89308
11.250 26.750  0.89573
11.250 27.250  0.89882
11.250 27.750  0.90235
11.250 28.250  0.90633
11.250 28.750  0.91074
11.250 29.250  0.91559
11.250 29.750  0.92087
11.250 30.250  0.92658
11.250 30.750  0.93270
11.250 31.250  0.93924
11.250 31.750  0.94618
11.250 32.250  0.95352
11.250 32.750  0.96124
11.250 33.250  0.96935
11.250 33.750  0.97783
11.250 34.250  0.98668
11.250 34.750  0.99588
11.250 35.250  1.00543
11.250 35.750  1.01531
11.250 36.250  1.02554
11.250 36.750  1.03608
11.250 37.250  1.04695
11.250 37.750  1.05813
11.250 38.250  1.06961
11.250 38.750  1.08139
11.250 39.250  1.09347
11.250 39.750  1.10583
11.250 40.250  1.11848
11.250 40.750  1.13141
11.250 41.250  1.14462
11.250 41.750  1.15810
11.250 42.250  1.17185
11.250 42.750  1.18587
11.250 43.250  1.20016
11.250 43.750  1.21471
11.250 44.250  1.22952
11.250 44.750  1.24460
11.750 -44.750  1.23796
11.750 -44.250  1.22287
11.750 -43.750  1.20803
11.750 -43.250  1.19346
11.750 -42.750  1.17915
11.750 -42.250  1.16510
11.750 -41.750  1.15131
11.750 -41.250  1.13779
11.750 -40.750  1.12454
11.750 -40.250  1.11156
11.750 -39.750  1.09886
11.750 -39.250  1.08644
11.750 -38.750  1.07430
11.750 -38.250  1.06245
11.750 -37.750  1.05091
11.750 -37.250  1.03966
11.750 -36.750  1.02872
11.750 -36.250  1.01810
11.750 -35.750  1.00780
11.750 -35.250  0.99784
11.750 -34.750  0.98822
11.750 -34.250  0.97894
11.750 -33.750  0.97003
11.750 -33.250  0.96148
11.750 -32.750  0.95331
11.750 -32.250  0.94552
11.750 -31.750  0.93813
11.750 -31.250  0.93114
11.750 -30.750  0.92456
11.750 -30.250  0.91841
11.750 -29.750  0.91268
11.750 -29.250  0.90738
11.750 -28.750  0.90253
11.750 -28.250  0.89813
11.750 -27.750  0.89418
11.750 -27.250  0.89069
11.750 -26.750  0.88765
11.750 -26.250  0.88508
11.750 -25.750  0.88297
11.750 -25.250  0.88132
11.750 -24.750  0.88013
11.750 -24.250  0.87939
11.750 -23.750  0.87910
11.750 -23.250  0.87925
11.750 -22.750  0.87984
11.750 -22.250  0.88084
11.750 -21.750  0.88226
11.750 -21.250  0.88408
11.750 -20.750  0.88628
11.750 -20.250  0.88885
11.750 -19.750  0.89176
11.750 -19.250  0.89501
11.750 -18.750  0.89857
11.750 -18.250  0.90241
11.750 -17.750  0.90653
11.750 -17.250  0.91089
11.750 -16.750  0.91547
11.750 -16.250  0.92024
11.750 -15.750  0.92519
11.750 -15.250  0.93029
11.750 -14.750  0.93550
11.750 -14.250  0.94082
11.750 -13.750  0.94621
11.750 -13.250  0.95165
11.750 -12.750  0.95711
11.750 -12.250  0.96257
11.750 -11.750  0.96801
11.750 -11.250  0.97340
11.750 -10.750  0.97872
11.750 -10.250  0.98395
11.750 -9.750  0.98907
11.750 -9.250  0.99406
11.750 -8.750  0.99889
11.750 -8.250  1.00356
11.750 -7.750  1.00804
11.750 -7.250  1.01233
11.750 -6.750  1.01639
11.750 -6.250  1.02022
11.750 -5.750  1.02381
11.750 -5.250  1.02714
11.750 -4.750  1.03021
11.750 -4.250  1.03300
11.750 -3.750  1.03550
11.750 -3.250  1.03770
11.750 -2.750  1.03960
11.750 -2.250  1.04120
11.750 -1.750  1.04248
11.750 -1.250  1.04344
11.750 -0.750  1.04409
11.750 -0.250  1.04441
11.750 0.250  1.04441
11.750 0.750  1.04409
11.750 1.250  1.04344
11.750 1.750  1.04248
11.750 2.250  1.04120
11.750 2.750  1.03960
11.750 3.250  1.03770
11.750 3.750  1.03550
11.750 4.250  1.03300
11.750 4.750  1.03021
11.750 5.250  1.02714
11.750 5.750  1.02381
11.750 6.250  1.02022
11.750 6.750  1.01639
11.750 7.250  1.01233
11.750 7.750  1.00804
11.750 8.250  1.00356
11.750 8.750  0.99889
11.750 9.250  0.99406
11.750 9.750  0.98907
11.750 10.250  0.98395
11.750 10.750  0.97872
11.750 11.250  0.97340
11.750 11.750  0.96801
11.750 12.250  0.96257
11.750 12.750  0.95711
11.750 13.250  0.95165
11.750 13.750  0.94621
11.750 14.250  0.94082
11.750 14.750  0.93550
11.750 15.250  0.93029
11.750 15.750  0.92519
11.750 16.250  0.92024
11.750 16.750  0.91547
11.750 17.250  0.91089
11.750 17.750  0.90653
11.750 18.250  0.90241
11.750 18.750  0.89857
11.750 19.250  0.89501
11.750 19.750  0.89176
11.750 20.250  0.88885
11.750 20.750  0.88628
11.750 21.250  0.88408
11.750 21.750  0.88226
11.750 22.250  0.88084
11.750 22.750  0.87984
11.750 23.250  0.87925
11.750 23.750  0.87910
11.750 24.250  0.87939
11.750 24.750  0.88013
11.750 25.250  0.88132
11.750 25.750  0.88297
11.750 26.250  0.88508
11.750 26.750  0.88765
11.750 27.250  0.89069
11.750 27.750  0.89418
11.750 28.250  0.89813
11.750 28.750  0.90253
11.750 29.250  0.90738
11.750 29.750  0.91268
11.750 30.250  0.91841
11.750 30.750  0.92456
11.750 31.250  0.93114
11.750 31.750  0.93813
11.750 32.250  0.94552
11.750 32.750  0.95331
11.750 33.250  0.96148
11.750 33.750  0.97003
11.750 34.250  0.97894
11.750 34.750  0.98822
11.750 35.250  0.99784
11.750 35.750  1.00780
11.750 36.250  1.01810
11.750 36.750  1.02872
11.750 37.250  1.03966
11.750 37.750  1.05091
11.750 38.250  1.06245
11.750 38.750  1.07430
11.750 39.250  1.08644
11.750 39.750  1.09886
11.750 40.250  1.11156
11.750 40.750  1.12454
11.750 41.250  1.13779
11.750 41.750  1.15131
11.750 42.250  1.16510
11.750 42.750  1.17915
11.750 43.250  1.19346
11.750 43.750  1.20803
11.750 44.250  1.22287
11.750 44.750  1.23796
12.250 -44.750  1.23105
12.250 -44.250  1.21595
12.250 -43.750  1.20110
12.250 -43.250  1.18651
12.250 -42.750  1.17217
12.250 -42.250  1.15809
12.250 -41.750  1.14426
12.250 -41.250  1.13070
12.250 -40.750  1.11740
12.250 -40.250  1.10437
12.250 -39.750  1.09161
12.250 -39.250  1.07912
12.250 -38.750  1.06692
12.250 -38.250  1.05500
12.250 -37.750  1.04338
12.250 -37.250  1.03206
12.250 -36.750  1.02104
12.250 -36.250  1.01034
12.250 -35.750  0.99996
12.250 -35.250  0.98991
12.250 -34.750  0.98021
12.250 -34.250  0.97085
12.250 -33.750  0.96186
12.250 -33.250  0.95323
12.250 -32.750  0.94499
12.250 -32.250  0.93713
12.250 -31.750  0.92967
12.250 -31.250  0.92263
12.250 -30.750  0.91600
12.250 -30.250  0.90981
12.250 -29.750  0.90405
12.250 -29.250  0.89874
12.250 -28.750  0.89388
12.250 -28.250  0.88948
12.250 -27.750  0.88555
12.250 -27.250  0.88210
12.250 -26.750  0.87912
12.250 -26.250  0.87662
12.250 -25.750  0.87459
12.250 -25.250  0.87305
12.250 -24.750  0.87198
12.250 -24.250  0.87138
12.250 -23.750  0.87126
12.250 -23.250  0.87159
12.250 -22.750  0.87238
12.250 -22.250  0.87360
12.250 -21.750  0.87526
12.250 -21.250  0.87733
12.250 -20.750  0.87981
12.250 -20.250  0.88266
12.250 -19.750  0.88588
12.250 -19.250  0.88945
12.250 -18.750  0.89334
12.250 -18.250  0.89752
12.250 -17.750  0.90199
12.250 -17.250  0.90671
12.250 -16.750  0.91166
12.250 -16.250  0.91681
12.250 -15.750  0.92214
12.250 -15.250  0.92762
12.250 -14.750  0.93323
12.250 -14.250  0.93893
12.250 -13.750  0.94470
12.250 -13.250  0.95052
12.250 -12.750  0.95636
12.250 -12.250  0.96219
12.250 -11.750  0.96799
12.250 -11.250  0.97374
12.250 -10.750  0.97941
12.250 -10.250  0.98498
12.250 -9.750  0.99042
12.250 -9.250  0.99573
12.250 -8.750  1.00087
12.250 -8.250  1.00583
12.250 -7.750  1.01058
12.250 -7.250  1.01513
12.250 -6.750  1.01944
12.250 -6.250  1.02350
12.250 -5.750  1.02730
12.250 -5.250  1.03083
12.250 -4.750  1.03407
12.250 -4.250  1.03702
12.250 -3.750  1.03967
12.250 -3.250  1.04200
12.250 -2.750  1.04401
12.250 -2.250  1.04570
12.250 -1.750  1.04705
12.250 -1.250  1.04807
12.250 -0.750  1.04876
12.250 -0.250  1.04910
12.250 0.250  1.04910
12.250 0.750  1.04876
12.250 1.250  1.04807
12.250 1.750  1.04705
12.250 2.250  1.04570
12.250 2.750  1.04401
12.250 3.250  1.04200
12.250 3.750  1.03967
12.250 4.250  1.03702
12.250 4.750  1.03407
12.250 5.250  1.03083
12.250 5.750  1.02730
12.250 6.250  1.02350
12.250 6.750  1.01944
12.250 7.250  1.01513
12.250 7.750  1.01058
12.250 8.250  1.00583
12.250 8.750  1.00087
12.250 9.250  0.99573
12.250 9.750  0.99042
12.250 10.250  0.98498
12.250 10.750  0.97941
12.250 11.250  0.97374
12.250 11.750  0.96799
12.250 12.250  0.96219
12.250 12.750  0.95636
12.250 13.250  0.95052
12.250 13.750  0.94470
12.250 14.250  0.93893
12.250 14.750  0.93323
12.250 15.250  0.92762
12.250 15.750  0.92214
12.250 16.250  0.91681
12.250 16.750  0.91166
12.250 17.250  0.90671
12.250 17.750  0.90199
12.250 18.250  0.89752
12.250 18.750  0.89334
12.250 19.250  0.88945
12.250 19.750  0.88588
12.250 20.250  0.88266
12.250 20.750  0.87981
12.250 21.250  0.87733
12.250 21.750  0.87526
12.250 22.250  0.87360
12.250 22.750  0.87238
12.250 23.250  0.87159
12.250 23.750  0.87126
12.250 24.250  0.87138
12.250 24.750  0.87198
12.250 25.250  0.87305
12.250 25.750  0.87459
12.250 26.250  0.87662
12.250 26.750  0.87912
12.250 27.250  0.88210
12.250 27.750  0.88555
12.250 28.250  0.88948
12.250 28.750  0.89388
12.250 29.250  0.89874
12.250 29.750  0.90405
12.250 30.250  0.90981
12.250 30.750  0.91600
12.250 31.250  0.92263
12.250 31.750  0.92967
12.250 32.250  0.93713
12.250 32.750  0.94499
12.250 33.250  0.95323
12.250 33.750  0.96186
12.250 34.250  0.97085
12.250 34.750  0.98021
12.250 35.250  0.98991
12.250 35.750  0.99996
12.250 36.250  1.01034
12.250 36.750  1.02104
12.250 37.250  1.03206
12.250 37.750  1.04338
12.250 38.250  1.05500
12.250 38.750  1.06692
12.250 39.250  1.07912
12.250 39.750  1.09161
12.250 40.250  1.10437
12.250 40.750  1.11740
12.250 41.250  1.13070
12.250 41.750  1.14426
12.250 42.250  1.15809
12.250 42.750  1.17217
12.250 43.250  1.18651
12.250 43.750  1.20110
12.250 44.250  1.21595
12.250 44.750  1.23105
12.750 -44.750  1.22390
12.750 -44.250  1.20878
12.750 -43.750  1.19392
12.750 -43.250  1.17930
12.750 -42.750  1.16493
12.750 -42.250  1.15081
12.750 -41.750  1.13695
12.750 -41.250  1.12334
12.750 -40.750  1.10999
12.750 -40.250  1.09690
12.750 -39.750  1.08408
12.750 -39.250  1.07153
12.750 -38.750  1.05925
12.750 -38.250  1.04726
12.750 -37.750  1.03556
12.750 -37.250  1.02415
12.750 -36.750  1.01305
12.750 -36.250  1.00226
12.750 -35.750  0.99179
12.750 -35.250  0.98165
12.750 -34.750  0.97185
12.750 -34.250  0.96240
12.750 -33.750  0.95332
12.750 -33.250  0.94460
12.750 -32.750  0.93627
12.750 -32.250  0.92834
12.750 -31.750  0.92081
12.750 -31.250  0.91370
12.750 -30.750  0.90701
12.750 -30.250  0.90077
12.750 -29.750  0.89497
12.750 -29.250  0.88963
12.750 -28.750  0.88476
12.750 -28.250  0.88037
12.750 -27.750  0.87646
12.750 -27.250  0.87303
12.750 -26.750  0.87010
12.750 -26.250  0.86767
12.750 -25.750  0.86573
12.750 -25.250  0.86430
12.750 -24.750  0.86336
12.750 -24.250  0.86291
12.750 -23.750  0.86295
12.750 -23.250  0.86348
12.750 -22.750  0.86448
12.750 -22.250  0.86594
12.750 -21.750  0.86784
12.750 -21.250  0.87019
12.750 -20.750  0.87295
12.750 -20.250  0.87611
12.750 -19.750  0.87966
12.750 -19.250  0.88356
12.750 -18.750  0.88780
12.750 -18.250  0.89236
12.750 -17.750  0.89720
12.750 -17.250  0.90231
12.750 -16.750  0.90765
12.750 -16.250  0.91321
12.750 -15.750  0.91894
12.750 -15.250  0.92483
12.750 -14.750  0.93085
12.750 -14.250  0.93696
12.750 -13.750  0.94315
12.750 -13.250  0.94937
12.750 -12.750  0.95561
12.750 -12.250  0.96184
12.750 -11.750  0.96803
12.750 -11.250  0.97416
12.750 -10.750  0.98020
12.750 -10.250  0.98613
12.750 -9.750  0.99192
12.750 -9.250  0.99756
12.750 -8.750  1.00302
12.750 -8.250  1.00829
12.750 -7.750  1.01334
12.750 -7.250  1.01816
12.750 -6.750  1.02273
12.750 -6.250  1.02703
12.750 -5.750  1.03106
12.750 -5.250  1.03480
12.750 -4.750  1.03823
12.750 -4.250  1.04136
12.750 -3.750  1.04415
12.750 -3.250  1.04662
12.750 -2.750  1.04875
12.750 -2.250  1.05053
12.750 -1.750  1.05196
12.750 -1.250  1.05304
12.750 -0.750  1.05376
12.750 -0.250  1.05412
12.750 0.250  1.05412
12.750 0.750  1.05376
12.750 1.250  1.05304
12.750 1.750  1.05196
12.750 2.250  1.05053
12.750 2.750  1.04875
12.750 3.250  1.04662
12.750 3.750  1.04415
12.750 4.250  1.04136
12.750 4.750  1.03823
12.750 5.250  1.03480
12.750 5.750  1.03106
12.750 6.250  1.02703
12.750 6.750  1.02273
12.750 7.250  1.01816
12.750 7.750  1.01334
12.750 8.250  1.00829
12.750 8.750  1.00302
12.750 9.250  0.99756
12.750 9.750  0.99192
12.750 10.250  0.98613
12.750 10.750  0.98020
12.750 11.250  0.97416
12.750 11.750  0.96803
12.750 12.250  0.96184
12.750 12.750  0.95561
12.750 13.250  0.94937
12.750 13.750  0.94315
12.750 14.250  0.93696
12.750 14.750  0.93085
12.750 15.250  0.92483
12.750 15.750  0.91894
12.750 16.250  0.91321
12.750 16.750  0.90765
12.750 17.250  0.90231
12.750 17.750  0.89720
12.750 18.250  0.89236
12.750 18.750  0.88780
12.750 19.250  0.88356
12.750 19.750  0.87966
12.750 20.250  0.87611
12.750 20.750  0.87295
12.750 21.250  0.87019
12.750 21.750  0.86784
12.750 22.250  0.86594
12.750 22.750  0.86448
12.750 23.250  0.86348
12.750 23.750  0.86295
12.750 24.250  0.86291
12.750 24.750  0.86336
12.750 25.250  0.86430
12.750 25.750  0.86573
12.750 26.250  0.86767
12.750 26.750  0.87010
12.750 27.250  0.87303
12.750 27.750  0.87646
12.750 28.250  0.88037
12.750 28.750  0.88476
12.750 29.250  0.88963
12.750 29.750  0.89497
12.750 30.250  0.90077
12.750 30.750  0.90701
12.750 31.250  0.91370
12.750 31.750  0.92081
12.750 32.250  0.92834
12.750 32.750  0.93627
12.750 33.250  0.94460
12.750 33.750  0.95332
12.750 34.250  0.96240
12.750 34.750  0.97185
12.750 35.250  0.98165
12.750 35.750  0.99179
12.750 36.250  1.00226
12.750 36.750  1.01305
12.750 37.250  1.02415
12.750 37.750  1.03556
12.750 38.250  1.04726
12.750 38.750  1.05925
12.750 39.250  1.07153
12.750 39.750  1.08408
12.750 40.250  1.09690
12.750 40.750  1.10999
12.750 41.250  1.12334
12.750 41.750  1.13695
12.750 42.250  1.15081
12.750 42.750  1.16493
12.750 43.250  1.17930
12.750 43.750  1.19392
12.750 44.250  1.20878
12.750 44.750  1.22390
13.250 -44.750  1.21649
13.250 -44.250  1.20136
13.250 -43.750  1.18648
13.250 -43.250  1.17184
13.250 -42.750  1.15744
13.250 -42.250  1.14329
13.250 -41.750  1.12938
13.250 -41.250  1.11572
13.250 -40.750  1.10232
13.250 -40.250  1.08917
13.250 -39.750  1.07628
13.250 -39.250  1.06366
13.250 -38.750  1.05130
13.250 -38.250  1.03923
13.250 -37.750  1.02744
13.250 -37.250  1.01594
13.250 -36.750  1.00474
13.250 -36.250  0.99385
13.250 -35.750  0.98328
13.250 -35.250  0.97304
13.250 -34.750  0.96314
13.250 -34.250  0.95359
13.250 -33.750  0.94440
13.250 -33.250  0.93559
13.250 -32.750  0.92717
13.250 -32.250  0.91914
13.250 -31.750  0.91153
13.250 -31.250  0.90434
13.250 -30.750  0.89758
13.250 -30.250  0.89128
13.250 -29.750  0.88543
13.250 -29.250  0.88006
13.250 -28.750  0.87517
13.250 -28.250  0.87077
13.250 -27.750  0.86687
13.250 -27.250  0.86348
13.250 -26.750  0.86059
13.250 -26.250  0.85823
13.250 -25.750  0.85638
13.250 -25.250  0.85505
13.250 -24.750  0.85424
13.250 -24.250  0.85395
13.250 -23.750  0.85417
13.250 -23.250  0.85489
13.250 -22.750  0.85611
13.250 -22.250  0.85782
13.250 -21.750  0.85999
13.250 -21.250  0.86262
13.250 -20.750  0.86569
13.250 -20.250  0.86918
13.250 -19.750  0.87307
13.250 -19.250  0.87733
13.250 -18.750  0.88195
13.250 -18.250  0.88690
13.250 -17.750  0.89215
13.250 -17.250  0.89767
13.250 -16.750  0.90344
13.250 -16.250  0.90942
13.250 -15.750  0.91559
13.250 -15.250  0.92192
13.250 -14.750  0.92837
13.250 -14.250  0.93493
13.250 -13.750  0.94155
13.250 -13.250  0.94821
13.250 -12.750  0.95488
13.250 -12.250  0.96153
13.250 -11.750  0.96814
13.250 -11.250  0.97467
13.250 -10.750  0.98110
13.250 -10.250  0.98742
13.250 -9.750  0.99358
13.250 -9.250  0.99957
13.250 -8.750  1.00538
13.250 -8.250  1.01097
13.250 -7.750  1.01633
13.250 -7.250  1.02144
13.250 -6.750  1.02629
13.250 -6.250  1.03085
13.250 -5.750  1.03512
13.250 -5.250  1.03907
13.250 -4.750  1.04271
13.250 -4.250  1.04601
13.250 -3.750  1.04897
13.250 -3.250  1.05158
13.250 -2.750  1.05383
13.250 -2.250  1.05571
13.250 -1.750  1.05723
13.250 -1.250  1.05837
13.250 -0.750  1.05913
13.250 -0.250  1.05951
13.250 0.250  1.05951
13.250 0.750  1.05913
13.250 1.250  1.05837
13.250 1.750  1.05723
13.250 2.250  1.05571
13.250 2.750  1.05383
13.250 3.250  1.05158
13.250 3.750  1.04897
13.250 4.250  1.04601
13.250 4.750  1.04271
13.250 5.250  1.03907
13.250 5.750  1.03512
13.250 6.250  1.03085
13.250 6.750  1.02629
13.250 7.250  1.02144
13.250 7.750  1.01633
13.250 8.250  1.01097
13.250 8.750  1.00538
13.250 9.250  0.99957
13.250 9.750  0.99358
13.250 10.250  0.98742
13.250 10.750  0.98110
13.250 11.250  0.97467
13.250 11.750  0.96814
13.250 12.250  0.96153
13.250 12.750  0.95488
13.250 13.250  0.94821
13.250 13.750  0.94155
13.250 14.250  0.93493
13.250 14.750  0.92837
13.250 15.250  0.92192
13.250 15.750  0.91559
13.250 16.250  0.90942
13.250 16.750  0.90344
13.250 17.250  0.89767
13.250 17.750  0.89215
13.250 18.250  0.88690
13.250 18.750  0.88195
13.250 19.250  0.87733
13.250 19.750  0.87307
13.250 20.250  0.86918
13.250 20.750  0.86569
13.250 21.250  0.86262
13.250 21.750  0.85999
13.250 22.250  0.85782
13.250 22.750  0.85611
13.250 23.250  0.85489
13.250 23.750  0.85417
13.250 24.250  0.85395
13.250 24.750  0.85424
13.250 25.250  0.85505
13.250 25.750  0.85638
13.250 26.250  0.85823
13.250 26.750  0.86059
13.250 27.250  0.86348
13.250 27.750  0.86687
13.250 28.250  0.87077
13.250 28.750  0.87517
13.250 29.250  0.88006
13.250 29.750  0.88543
13.250 30.250  0.89128
13.250 30.750  0.89758
13.250 31.250  0.90434
13.250 31.750  0.91153
13.250 32.250  0.91914
13.250 32.750  0.92717
13.250 33.250  0.93559
13.250 33.750  0.94440
13.250 34.250  0.95359
13.250 34.750  0.96314
13.250 35.250  0.97304
13.250 35.750  0.98328
13.250 36.250  0.99385
13.250 36.750  1.00474
13.250 37.250  1.01594
13.250 37.750  1.02744
13.250 38.250  1.03923
13.250 38.750  1.05130
13.250 39.250  1.06366
13.250 39.750  1.07628
13.250 40.250  1.08917
13.250 40.750  1.10232
13.250 41.250  1.11572
13.250 41.750  1.12938
13.250 42.250  1.14329
13.250 42.750  1.15744
13.250 43.250  1.17184
13.250 43.750  1.18648
13.250 44.250  1.20136
13.250 44.750  1.21649
13.750 -44.750  1.20884
13.750 -44.250  1.19370
13.750 -43.750  1.17880
13.750 -43.250  1.16414
13.750 -42.750  1.14971
13.750 -42.250  1.13552
13.750 -41.750  1.12156
13.750 -41.250  1.10786
13.750 -40.750  1.09439
13.750 -40.250  1.08118
13.750 -39.750  1.06822
13.750 -39.250  1.05552
13.750 -38.750  1.04308
13.750 -38.250  1.03091
13.750 -37.750  1.01903
13.750 -37.250  1.00743
13.750 -36.750  0.99613
13.750 -36.250  0.98513
13.750 -35.750  0.97445
13.750 -35.250  0.96410
13.750 -34.750  0.95408
13.750 -34.250  0.94442
13.750 -33.750  0.93512
13.750 -33.250  0.92619
13.750 -32.750  0.91766
13.750 -32.250  0.90953
13.750 -31.750  0.90182
13.750 -31.250  0.89454
13.750 -30.750  0.88771
13.750 -30.250  0.88133
13.750 -29.750  0.87543
13.750 -29.250  0.87001
13.750 -28.750  0.86509
13.750 -28.250  0.86067
13.750 -27.750  0.85678
13.750 -27.250  0.85340
13.750 -26.750  0.85057
13.750 -26.250  0.84826
13.750 -25.750  0.84650
13.750 -25.250  0.84529
13.750 -24.750  0.84461
13.750 -24.250  0.84448
13.750 -23.750  0.84488
13.750 -23.250  0.84581
13.750 -22.750  0.84726
13.750 -22.250  0.84922
13.750 -21.750  0.85168
13.750 -21.250  0.85462
13.750 -20.750  0.85801
13.750 -20.250  0.86185
13.750 -19.750  0.86610
13.750 -19.250  0.87076
13.750 -18.750  0.87578
13.750 -18.250  0.88114
13.750 -17.750  0.88682
13.750 -17.250  0.89278
13.750 -16.750  0.89900
13.750 -16.250  0.90544
13.750 -15.750  0.91208
13.750 -15.250  0.91888
13.750 -14.750  0.92580
13.750 -14.250  0.93282
13.750 -13.750  0.93991
13.750 -13.250  0.94704
13.750 -12.750  0.95416
13.750 -12.250  0.96127
13.750 -11.750  0.96831
13.750 -11.250  0.97528
13.750 -10.750  0.98213
13.750 -10.250  0.98885
13.750 -9.750  0.99541
13.750 -9.250  1.00178
13.750 -8.750  1.00794
13.750 -8.250  1.01388
13.750 -7.750  1.01957
13.750 -7.250  1.02499
13.750 -6.750  1.03012
13.750 -6.250  1.03496
13.750 -5.750  1.03948
13.750 -5.250  1.04367
13.750 -4.750  1.04751
13.750 -4.250  1.05101
13.750 -3.750  1.05414
13.750 -3.250  1.05690
13.750 -2.750  1.05928
13.750 -2.250  1.06127
13.750 -1.750  1.06287
13.750 -1.250  1.06407
13.750 -0.750  1.06488
13.750 -0.250  1.06528
13.750 0.250  1.06528
13.750 0.750  1.06488
13.750 1.250  1.06407
13.750 1.750  1.06287
13.750 2.250  1.06127
13.750 2.750  1.05928
13.750 3.250  1.05690
13.750 3.750  1.05414
13.750 4.250  1.05101
13.750 4.750  1.04751
13.750 5.250  1.04367
13.750 5.750  1.03948
13.750 6.250  1.03496
13.750 6.750  1.03012
13.750 7.250  1.02499
13.750 7.750  1.01957
13.750 8.250  1.01388
13.750 8.750  1.00794
13.750 9.250  1.00178
13.750 9.750  0.99541
13.750 10.250  0.98885
13.750 10.750  0.98213
13.750 11.250  0.97528
13.750 11.750  0.96831
13.750 12.250  0.96127
13.750 12.750  0.95416
13.750 13.250  0.94704
13.750 13.750  0.93991
13.750 14.250  0.93282
13.750 14.750  0.92580
13.750 15.250  0.91888
13.750 15.750  0.91208
13.750 16.250  0.90544
13.750 16.750  0.89900
13.750 17.250  0.89278
13.750 17.750  0.88682
13.750 18.250  0.88114
13.750 18.750  0.87578
13.750 19.250  0.87076
13.750 19.750  0.86610
13.750 20.250  0.86185
13.750 20.750  0.85801
13.750 21.250  0.85462
13.750 21.750  0.85168
13.750 22.250  0.84922
13.750 22.750  0.84726
13.750 23.250  0.84581
13.750 23.750  0.84488
13.750 24.250  0.84448
13.750 24.750  0.84461
13.750 25.250  0.84529
13.750 25.750  0.84650
13.750 26.250  0.84826
13.750 26.750  0.85057
13.750 27.250  0.85340
13.750 27.750  0.85678
13.750 28.250  0.86067
13.750 28.750  0.86509
13.750 29.250  0.87001
13.750 29.750  0.87543
13.750 30.250  0.88133
13.750 30.750  0.88771
13.750 31.250  0.89454
13.750 31.750  0.90182
13.750 32.250  0.90953
13.750 32.750  0.91766
13.750 33.250  0.92619
13.750 33.750  0.93512
13.750 34.250  0.94442
13.750 34.750  0.95408
13.750 35.250  0.96410
13.750 35.750  0.97445
13.750 36.250  0.98513
13.750 36.750  0.99613
13.750 37.250  1.00743
13.750 37.750  1.01903
13.750 38.250  1.03091
13.750 38.750  1.04308
13.750 39.250  1.05552
13.750 39.750  1.06822
13.750 40.250  1.08118
13.750 40.750  1.09439
13.750 41.250  1.10786
13.750 41.750  1.12156
13.750 42.250  1.13552
13.750 42.750  1.14971
13.750 43.250  1.16414
13.750 43.750  1.17880
13.750 44.250  1.19370
13.750 44.750  1.20884
14.250 -44.750  1.20096
14.250 -44.250  1.18581
14.250 -43.750  1.17089
14.250 -43.250  1.15620
14.250 -42.750  1.14174
14.250 -42.250  1.12750
14.250 -41.750  1.11350
14.250 -41.250  1.09974
14.250 -40.750  1.08621
14.250 -40.250  1.07293
14.250 -39.750  1.05989
14.250 -39.250  1.04711
14.250 -38.750  1.03458
14.250 -38.250  1.02232
14.250 -37.750  1.01033
14.250 -37.250  0.99862
14.250 -36.750  0.98721
14.250 -36.250  0.97609
14.250 -35.750  0.96529
14.250 -35.250  0.95481
14.250 -34.750  0.94467
14.250 -34.250  0.93488
14.250 -33.750  0.92545
14.250 -33.250  0.91640
14.250 -32.750  0.90775
14.250 -32.250  0.89950
14.250 -31.750  0.89168
14.250 -31.250  0.88430
14.250 -30.750  0.87737
14.250 -30.250  0.87091
14.250 -29.750  0.86494
14.250 -29.250  0.85946
14.250 -28.750  0.85450
14.250 -28.250  0.85006
14.250 -27.750  0.84616
14.250 -27.250  0.84280
14.250 -26.750  0.84000
14.250 -26.250  0.83776
14.250 -25.750  0.83608
14.250 -25.250  0.83498
14.250 -24.750  0.83444
14.250 -24.250  0.83447
14.250 -23.750  0.83506
14.250 -23.250  0.83621
14.250 -22.750  0.83791
14.250 -22.250  0.84014
14.250 -21.750  0.84289
14.250 -21.250  0.84615
14.250 -20.750  0.84989
14.250 -20.250  0.85410
14.250 -19.750  0.85874
14.250 -19.250  0.86381
14.250 -18.750  0.86926
14.250 -18.250  0.87507
14.250 -17.750  0.88121
14.250 -17.250  0.88764
14.250 -16.750  0.89434
14.250 -16.250  0.90128
14.250 -15.750  0.90841
14.250 -15.250  0.91571
14.250 -14.750  0.92313
14.250 -14.250  0.93066
14.250 -13.750  0.93824
14.250 -13.250  0.94586
14.250 -12.750  0.95347
14.250 -12.250  0.96106
14.250 -11.750  0.96857
14.250 -11.250  0.97599
14.250 -10.750  0.98329
14.250 -10.250  0.99044
14.250 -9.750  0.99742
14.250 -9.250  1.00419
14.250 -8.750  1.01074
14.250 -8.250  1.01704
14.250 -7.750  1.02307
14.250 -7.250  1.02882
14.250 -6.750  1.03426
14.250 -6.250  1.03939
14.250 -5.750  1.04417
14.250 -5.250  1.04860
14.250 -4.750  1.05267
14.250 -4.250  1.05637
14.250 -3.750  1.05968
14.250 -3.250  1.06260
14.250 -2.750  1.06511
14.250 -2.250  1.06721
14.250 -1.750  1.06890
14.250 -1.250  1.07018
14.250 -0.750  1.07103
14.250 -0.250  1.07145
14.250 0.250  1.07145
14.250 0.750  1.07103
14.250 1.250  1.07018
14.250 1.750  1.06890
14.250 2.250  1.06721
14.250 2.750  1.06511
14.250 3.250  1.06260
14.250 3.750  1.05968
14.250 4.250  1.05637
14.250 4.750  1.05267
14.250 5.250  1.04860
14.250 5.750  1.04417
14.250 6.250  1.03939
14.250 6.750  1.03426
14.250 7.250  1.02882
14.250 7.750  1.02307
14.250 8.250  1.01704
14.250 8.750  1.01074
14.250 9.250  1.00419
14.250 9.750  0.99742
14.250 10.250  0.99044
14.250 10.750  0.98329
14.250 11.250  0.97599
14.250 11.750  0.96857
14.250 12.250  0.96106
14.250 12.750  0.95347
14.250 13.250  0.94586
14.250 13.750  0.93824
14.250 14.250  0.93066
14.250 14.750  0.92313
14.250 15.250  0.91571
14.250 15.750  0.90841
14.250 16.250  0.90128
14.250 16.750  0.89434
14.250 17.250  0.88764
14.250 17.750  0.88121
14.250 18.250  0.87507
14.250 18.750  0.86926
14.250 19.250  0.86381
14.250 19.750  0.85874
14.250 20.250  0.85410
14.250 20.750  0.84989
14.250 21.250  0.84615
14.250 21.750  0.84289
14.250 22.250  0.84014
14.250 22.750  0.83791
14.250 23.250  0.83621
14.250 23.750  0.83506
14.250 24.250  0.83447
14.250 24.750  0.83444
14.250 25.250  0.83498
14.250 25.750  0.83608
14.250 26.250  0.83776
14.250 26.750  0.84000
14.250 27.250  0.84280
14.250 27.750  0.84616
14.250 28.250  0.85006
14.250 28.750  0.85450
14.250 29.250  0.85946
14.250 29.750  0.86494
14.250 30.250  0.87091
14.250 30.750  0.87737
14.250 31.250  0.88430
14.250 31.750  0.89168
14.250 32.250  0.89950
14.250 32.750  0.90775
14.250 33.250  0.91640
14.250 33.750  0.92545
14.250 34.250  0.93488
14.250 34.750  0.94467
14.250 35.250  0.95481
14.250 35.750  0.96529
14.250 36.250  0.97609
14.250 36.750  0.98721
14.250 37.250  0.99862
14.250 37.750  1.01033
14.250 38.250  1.02232
14.250 38.750  1.03458
14.250 39.250  1.04711
14.250 39.750  1.05989
14.250 40.250  1.07293
14.250 40.750  1.08621
14.250 41.250  1.09974
14.250 41.750  1.11350
14.250 42.250  1.12750
14.250 42.750  1.14174
14.250 43.250  1.15620
14.250 43.750  1.17089
14.250 44.250  1.18581
14.250 44.750  1.20096
14.750 -44.750  1.19285
14.750 -44.250  1.17769
14.750 -43.750  1.16275
14.750 -43.250  1.14803
14.750 -42.750  1.13353
14.750 -42.250  1.11926
14.750 -41.750  1.10521
14.750 -41.250  1.09139
14.750 -40.750  1.07780
14.750 -40.250  1.06444
14.750 -39.750  1.05132
14.750 -39.250  1.03844
14.750 -38.750  1.02582
14.750 -38.250  1.01345
14.750 -37.750  1.00135
14.750 -37.250  0.98952
14.750 -36.750  0.97798
14.750 -36.250  0.96674
14.750 -35.750  0.95580
14.750 -35.250  0.94519
14.750 -34.750  0.93491
14.750 -34.250  0.92498
14.750 -33.750  0.91541
14.750 -33.250  0.90622
14.750 -32.750  0.89743
14.750 -32.250  0.88905
14.750 -31.750  0.88110
14.750 -31.250  0.87360
14.750 -30.750  0.86656
14.750 -30.250  0.86000
14.750 -29.750  0.85394
14.750 -29.250  0.84840
14.750 -28.750  0.84338
14.750 -28.250  0.83891
14.750 -27.750  0.83499
14.750 -27.250  0.83164
14.750 -26.750  0.82887
14.750 -26.250  0.82669
14.750 -25.750  0.82510
14.750 -25.250  0.82410
14.750 -24.750  0.82370
14.750 -24.250  0.82390
14.750 -23.750  0.82469
14.750 -23.250  0.82606
14.750 -22.750  0.82801
14.750 -22.250  0.83053
14.750 -21.750  0.83360
14.750 -21.250  0.83720
14.750 -20.750  0.84131
14.750 -20.250  0.84591
14.750 -19.750  0.85097
14.750 -19.250  0.85647
14.750 -18.750  0.86238
14.750 -18.250  0.86867
14.750 -17.750  0.87530
14.750 -17.250  0.88224
14.750 -16.750  0.88945
14.750 -16.250  0.89691
14.750 -15.750  0.90457
14.750 -15.250  0.91240
14.750 -14.750  0.92037
14.750 -14.250  0.92842
14.750 -13.750  0.93654
14.750 -13.250  0.94469
14.750 -12.750  0.95282
14.750 -12.250  0.96091
14.750 -11.750  0.96893
14.750 -11.250  0.97684
14.750 -10.750  0.98461
14.750 -10.250  0.99221
14.750 -9.750  0.99963
14.750 -9.250  1.00683
14.750 -8.750  1.01378
14.750 -8.250  1.02047
14.750 -7.750  1.02687
14.750 -7.250  1.03296
14.750 -6.750  1.03873
14.750 -6.250  1.04415
14.750 -5.750  1.04921
14.750 -5.250  1.05390
14.750 -4.750  1.05821
14.750 -4.250  1.06212
14.750 -3.750  1.06562
14.750 -3.250  1.06870
14.750 -2.750  1.07135
14.750 -2.250  1.07357
14.750 -1.750  1.07536
14.750 -1.250  1.07670
14.750 -0.750  1.07760
14.750 -0.250  1.07805
14.750 0.250  1.07805
14.750 0.750  1.07760
14.750 1.250  1.07670
14.750 1.750  1.07536
14.750 2.250  1.07357
14.750 2.750  1.07135
14.750 3.250  1.06870
14.750 3.750  1.06562
14.750 4.250  1.06212
14.750 4.750  1.05821
14.750 5.250  1.05390
14.750 5.750  1.04921
14.750 6.250  1.04415
14.750 6.750  1.03873
14.750 7.250  1.03296
14.750 7.750  1.02687
14.750 8.250  1.02047
14.750 8.750  1.01378
14.750 9.250  1.00683
14.750 9.750  0.99963
14.750 10.250  0.99221
14.750 10.750  0.98461
14.750 11.250  0.97684
14.750 11.750  0.96893
14.750 12.250  0.96091
14.750 12.750  0.95282
14.750 13.250  0.94469
14.750 13.750  0.93654
14.750 14.250  0.92842
14.750 14.750  0.92037
14.750 15.250  0.91240
14.750 15.750  0.90457
14.750 16.250  0.89691
14.750 16.750  0.88945
14.750 17.250  0.88224
14.750 17.750  0.87530
14.750 18.250  0.86867
14.750 18.750  0.86238
14.750 19.250  0.85647
14.750 19.750  0.85097
14.750 20.250  0.84591
14.750 20.750  0.84131
14.750 21.250  0.83720
14.750 21.750  0.83360
14.750 22.250  0.83053
14.750 22.750  0.82801
14.750 23.250  0.82606
14.750 23.750  0.82469
14.750 24.250  0.82390
14.750 24.750  0.82370
14.750 25.250  0.82410
14.750 25.750  0.82510
14.750 26.250  0.82669
14.750 26.750  0.82887
14.750 27.250  0.83164
14.750 27.750  0.83499
14.750 28.250  0.83891
14.750 28.750  0.84338
14.750 29.250  0.84840
14.750 29.750  0.85394
14.750 30.250  0.86000
14.750 30.750  0.86656
14.750 31.250  0.87360
14.750 31.750  0.88110
14.750 32.250  0.88905
14.750 32.750  0.89743
14.750 33.250  0.90622
14.750 33.750  0.91541
14.750 34.250  0.92498
14.750 34.750  0.93491
14.750 35.250  0.94519
14.750 35.750  0.95580
14.750 36.250  0.96674
14.750 36.750  0.97798
14.750 37.250  0.98952
14.750 37.750  1.00135
14.750 38.250  1.01345
14.750 38.750  1.02582
14.750 39.250  1.03844
14.750 39.750  1.05132
14.750 40.250  1.06444
14.750 40.750  1.07780
14.750 41.250  1.09139
14.750 41.750  1.10521
14.750 42.250  1.11926
14.750 42.750  1.13353
14.750 43.250  1.14803
14.750 43.750  1.16275
14.750 44.250  1.17769
14.750 44.750  1.19285
15.250 -44.750  1.18451
15.250 -44.250  1.16934
15.250 -43.750  1.15438
15.250 -43.250  1.13964
15.250 -42.750  1.12511
15.250 -42.250  1.11079
15.250 -41.750  1.09669
15.250 -41.250  1.08281
15.250 -40.750  1.06914
15.250 -40.250  1.05571
15.250 -39.750  1.04250
15.250 -39.250  1.02953
15.250 -38.750  1.01680
15.250 -38.250  1.00432
15.250 -37.750  0.99209
15.250 -37.250  0.98014
15.250 -36.750  0.96846
15.250 -36.250  0.95708
15.250 -35.750  0.94600
15.250 -35.250  0.93523
15.250 -34.750  0.92480
15.250 -34.250  0.91471
15.250 -33.750  0.90499
15.250 -33.250  0.89564
15.250 -32.750  0.88670
15.250 -32.250  0.87817
15.250 -31.750  0.87008
15.250 -31.250  0.86244
15.250 -30.750  0.85527
15.250 -30.250  0.84860
15.250 -29.750  0.84244
15.250 -29.250  0.83681
15.250 -28.750  0.83172
15.250 -28.250  0.82720
15.250 -27.750  0.82326
15.250 -27.250  0.81991
15.250 -26.750  0.81716
15.250 -26.250  0.81503
15.250 -25.750  0.81351
15.250 -25.250  0.81262
15.250 -24.750  0.81236
15.250 -24.250  0.81273
15.250 -23.750  0.81372
15.250 -23.250  0.81534
15.250 -22.750  0.81756
15.250 -22.250  0.82037
15.250 -21.750  0.82377
15.250 -21.250  0.82773
15.250 -20.750  0.83223
15.250 -20.250  0.83725
15.250 -19.750  0.84276
15.250 -19.250  0.84873
15.250 -18.750  0.85512
15.250 -18.250  0.86192
15.250 -17.750  0.86907
15.250 -17.250  0.87655
15.250 -16.750  0.88432
15.250 -16.250  0.89234
15.250 -15.750  0.90057
15.250 -15.250  0.90897
15.250 -14.750  0.91750
15.250 -14.250  0.92613
15.250 -13.750  0.93482
15.250 -13.250  0.94352
15.250 -12.750  0.95221
15.250 -12.250  0.96084
15.250 -11.750  0.96939
15.250 -11.250  0.97781
15.250 -10.750  0.98609
15.250 -10.250  0.99418
15.250 -9.750  1.00206
15.250 -9.250  1.00970
15.250 -8.750  1.01709
15.250 -8.250  1.02418
15.250 -7.750  1.03097
15.250 -7.250  1.03742
15.250 -6.750  1.04353
15.250 -6.250  1.04927
15.250 -5.750  1.05463
15.250 -5.250  1.05959
15.250 -4.750  1.06414
15.250 -4.250  1.06827
15.250 -3.750  1.07197
15.250 -3.250  1.07522
15.250 -2.750  1.07803
15.250 -2.250  1.08037
15.250 -1.750  1.08226
15.250 -1.250  1.08367
15.250 -0.750  1.08462
15.250 -0.250  1.08510
15.250 0.250  1.08510
15.250 0.750  1.08462
15.250 1.250  1.08367
15.250 1.750  1.08226
15.250 2.250  1.08037
15.250 2.750  1.07803
15.250 3.250  1.07522
15.250 3.750  1.07197
15.250 4.250  1.06827
15.250 4.750  1.06414
15.250 5.250  1.05959
15.250 5.750  1.05463
15.250 6.250  1.04927
15.250 6.750  1.04353
15.250 7.250  1.03742
15.250 7.750  1.03097
15.250 8.250  1.02418
15.250 8.750  1.01709
15.250 9.250  1.00970
15.250 9.750  1.00206
15.250 10.250  0.99418
15.250 10.750  0.98609
15.250 11.250  0.97781
15.250 11.750  0.96939
15.250 12.250  0.96084
15.250 12.750  0.95221
15.250 13.250  0.94352
15.250 13.750  0.93482
15.250 14.250  0.92613
15.250 14.750  0.91750
15.250 15.250  0.90897
15.250 15.750  0.90057
15.250 16.250  0.89234
15.250 16.750  0.88432
15.250 17.250  0.87655
15.250 17.750  0.86907
15.250 18.250  0.86192
15.250 18.750  0.85512
15.250 19.250  0.84873
15.250 19.750  0.84276
15.250 20.250  0.83725
15.250 20.750  0.83223
15.250 21.250  0.82773
15.250 21.750  0.82377
15.250 22.250  0.82037
15.250 22.750  0.81756
15.250 23.250  0.81534
15.250 23.750  0.81372
15.250 24.250  0.81273
15.250 24.750  0.81236
15.250 25.250  0.81262
15.250 25.750  0.81351
15.250 26.250  0.81503
15.250 26.750  0.81716
15.250 27.250  0.81991
15.250 27.750  0.82326
15.250 28.250  0.82720
15.250 28.750  0.83172
15.250 29.250  0.83681
15.250 29.750  0.84244
15.250 30.250  0.84860
15.250 30.750  0.85527
15.250 31.250  0.86244
15.250 31.750  0.87008
15.250 32.250  0.87817
15.250 32.750  0.88670
15.250 33.250  0.89564
15.250 33.750  0.90499
15.250 34.250  0.91471
15.250 34.750  0.92480
15.250 35.250  0.93523
15.250 35.750  0.94600
15.250 36.250  0.95708
15.250 36.750  0.96846
15.250 37.250  0.98014
15.250 37.750  0.99209
15.250 38.250  1.00432
15.250 38.750  1.01680
15.250 39.250  1.02953
15.250 39.750  1.04250
15.250 40.250  1.05571
15.250 40.750  1.06914
15.250 41.250  1.08281
15.250 41.750  1.09669
15.250 42.250  1.11079
15.250 42.750  1.12511
15.250 43.250  1.13964
15.250 43.750  1.15438
15.250 44.250  1.16934
15.250 44.750  1.18451
15.750 -44.750  1.17596
15.750 -44.250  1.16078
15.750 -43.750  1.14581
15.750 -43.250  1.13104
15.750 -42.750  1.11647
15.750 -42.250  1.10211
15.750 -41.750  1.08795
15.750 -41.250  1.07400
15.750 -40.750  1.06027
15.750 -40.250  1.04675
15.750 -39.750  1.03345
15.750 -39.250  1.02037
15.750 -38.750  1.00753
15.750 -38.250  0.99492
15.750 -37.750  0.98257
15.750 -37.250  0.97048
15.750 -36.750  0.95866
15.750 -36.250  0.94712
15.750 -35.750  0.93587
15.750 -35.250  0.92494
15.750 -34.750  0.91434
15.750 -34.250  0.90408
15.750 -33.750  0.89418
15.750 -33.250  0.88467
15.750 -32.750  0.87555
15.750 -32.250  0.86685
15.750 -31.750  0.85860
15.750 -31.250  0.85080
15.750 -30.750  0.84349
15.750 -30.250  0.83669
15.750 -29.750  0.83041
15.750 -29.250  0.82467
15.750 -28.750  0.81950
15.750 -28.250  0.81492
15.750 -27.750  0.81093
15.750 -27.250  0.80757
15.750 -26.750  0.80483
15.750 -26.250  0.80274
15.750 -25.750  0.80130
15.750 -25.250  0.80052
15.750 -24.750  0.80040
15.750 -24.250  0.80094
15.750 -23.750  0.80214
15.750 -23.250  0.80400
15.750 -22.750  0.80650
15.750 -22.250  0.80963
15.750 -21.750  0.81338
15.750 -21.250  0.81772
15.750 -20.750  0.82264
15.750 -20.250  0.82810
15.750 -19.750  0.83408
15.750 -19.250  0.84055
15.750 -18.750  0.84747
15.750 -18.250  0.85481
15.750 -17.750  0.86253
15.750 -17.250  0.87058
15.750 -16.750  0.87894
15.750 -16.250  0.88756
15.750 -15.750  0.89639
15.750 -15.250  0.90540
15.750 -14.750  0.91455
15.750 -14.250  0.92378
15.750 -13.750  0.93307
15.750 -13.250  0.94237
15.750 -12.750  0.95165
15.750 -12.250  0.96086
15.750 -11.750  0.96997
15.750 -11.250  0.97894
15.750 -10.750  0.98775
15.750 -10.250  0.99635
15.750 -9.750  1.00473
15.750 -9.250  1.01285
15.750 -8.750  1.02068
15.750 -8.250  1.02820
15.750 -7.750  1.03540
15.750 -7.250  1.04224
15.750 -6.750  1.04870
15.750 -6.250  1.05478
15.750 -5.750  1.06044
15.750 -5.250  1.06569
15.750 -4.750  1.07050
15.750 -4.250  1.07486
15.750 -3.750  1.07876
15.750 -3.250  1.08220
15.750 -2.750  1.08516
15.750 -2.250  1.08763
15.750 -1.750  1.08962
15.750 -1.250  1.09112
15.750 -0.750  1.09212
15.750 -0.250  1.09262
15.750 0.250  1.09262
15.750 0.750  1.09212
15.750 1.250  1.09112
15.750 1.750  1.08962
15.750 2.250  1.08763
15.750 2.750  1.08516
15.750 3.250  1.08220
15.750 3.750  1.07876
15.750 4.250  1.07486
15.750 4.750  1.07050
15.750 5.250  1.06569
15.750 5.750  1.06044
15.750 6.250  1.05478
15.750 6.750  1.04870
15.750 7.250  1.04224
15.750 7.750  1.03540
15.750 8.250  1.02820
15.750 8.750  1.02068
15.750 9.250  1.01285
15.750 9.750  1.00473
15.750 10.250  0.99635
15.750 10.750  0.98775
15.750 11.250  0.97894
15.750 11.750  0.96997
15.750 12.250  0.96086
15.750 12.750  0.95165
15.750 13.250  0.94237
15.750 13.750  0.93307
15.750 14.250  0.92378
15.750 14.750  0.91455
15.750 15.250  0.90540
15.750 15.750  0.89639
15.750 16.250  0.88756
15.750 16.750  0.87894
15.750 17.250  0.87058
15.750 17.750  0.86253
15.750 18.250  0.85481
15.750 18.750  0.84747
15.750 19.250  0.84055
15.750 19.750  0.83408
15.750 20.250  0.82810
15.750 20.750  0.82264
15.750 21.250  0.81772
15.750 21.750  0.81338
15.750 22.250  0.80963
15.750 22.750  0.80650
15.750 23.250  0.80400
15.750 23.750  0.80214
15.750 24.250  0.80094
15.750 24.750  0.80040
15.750 25.250  0.80052
15.750 25.750  0.80130
15.750 26.250  0.80274
15.750 26.750  0.80483
15.750 27.250  0.80757
15.750 27.750  0.81093
15.750 28.250  0.81492
15.750 28.750  0.81950
15.750 29.250  0.82467
15.750 29.750  0.83041
15.750 30.250  0.83669
15.750 30.750  0.84349
15.750 31.250  0.85080
15.750 31.750  0.85860
15.750 32.250  0.86685
15.750 32.750  0.87555
15.750 33.250  0.88467
15.750 33.750  0.89418
15.750 34.250  0.90408
15.750 34.750  0.91434
15.750 35.250  0.92494
15.750 35.750  0.93587
15.750 36.250  0.94712
15.750 36.750  0.95866
15.750 37.250  0.97048
15.750 37.750  0.98257
15.750 38.250  0.99492
15.750 38.750  1.00753
15.750 39.250  1.02037
15.750 39.750  1.03345
15.750 40.250  1.04675
15.750 40.750  1.06027
15.750 41.250  1.07400
15.750 41.750  1.08795
15.750 42.250  1.10211
15.750 42.750  1.11647
15.750 43.250  1.13104
15.750 43.750  1.14581
15.750 44.250  1.16078
15.750 44.750  1.17596
16.250 -44.750  1.16720
16.250 -44.250  1.15202
16.250 -43.750  1.13703
16.250 -43.250  1.12223
16.250 -42.750  1.10763
16.250 -42.250  1.09322
16.250 -41.750  1.07901
16.250 -41.250  1.06499
16.250 -40.750  1.05118
16.250 -40.250  1.03757
16.250 -39.750  1.02417
16.250 -39.250  1.01098
16.250 -38.750  0.99802
16.250 -38.250  0.98528
16.250 -37.750  0.97279
16.250 -37.250  0.96055
16.250 -36.750  0.94856
16.250 -36.250  0.93686
16.250 -35.750  0.92544
16.250 -35.250  0.91433
16.250 -34.750  0.90354
16.250 -34.250  0.89309
16.250 -33.750  0.88300
16.250 -33.250  0.87329
16.250 -32.750  0.86398
16.250 -32.250  0.85510
16.250 -31.750  0.84666
16.250 -31.250  0.83868
16.250 -30.750  0.83121
16.250 -30.250  0.82425
16.250 -29.750  0.81783
16.250 -29.250  0.81197
16.250 -28.750  0.80670
16.250 -28.250  0.80203
16.250 -27.750  0.79799
16.250 -27.250  0.79460
16.250 -26.750  0.79186
16.250 -26.250  0.78980
16.250 -25.750  0.78843
16.250 -25.250  0.78775
16.250 -24.750  0.78777
16.250 -24.250  0.78849
16.250 -23.750  0.78991
16.250 -23.250  0.79202
16.250 -22.750  0.79481
16.250 -22.250  0.79828
16.250 -21.750  0.80239
16.250 -21.250  0.80714
16.250 -20.750  0.81250
16.250 -20.250  0.81844
16.250 -19.750  0.82492
16.250 -19.250  0.83192
16.250 -18.750  0.83940
16.250 -18.250  0.84732
16.250 -17.750  0.85564
16.250 -17.250  0.86431
16.250 -16.750  0.87330
16.250 -16.250  0.88256
16.250 -15.750  0.89204
16.250 -15.250  0.90170
16.250 -14.750  0.91150
16.250 -14.250  0.92138
16.250 -13.750  0.93132
16.250 -13.250  0.94125
16.250 -12.750  0.95115
16.250 -12.250  0.96098
16.250 -11.750  0.97068
16.250 -11.250  0.98024
16.250 -10.750  0.98961
16.250 -10.250  0.99876
16.250 -9.750  1.00766
16.250 -9.250  1.01627
16.250 -8.750  1.02458
16.250 -8.250  1.03256
16.250 -7.750  1.04018
16.250 -7.250  1.04742
16.250 -6.750  1.05426
16.250 -6.250  1.06069
16.250 -5.750  1.06668
16.250 -5.250  1.07222
16.250 -4.750  1.07730
16.250 -4.250  1.08191
16.250 -3.750  1.08603
16.250 -3.250  1.08965
16.250 -2.750  1.09277
16.250 -2.250  1.09539
16.250 -1.750  1.09748
16.250 -1.250  1.09906
16.250 -0.750  1.10011
16.250 -0.250  1.10064
16.250 0.250  1.10064
16.250 0.750  1.10011
16.250 1.250  1.09906
16.250 1.750  1.09748
16.250 2.250  1.09539
16.250 2.750  1.09277
16.250 3.250  1.08965
16.250 3.750  1.08603
16.250 4.250  1.08191
16.250 4.750  1.07730
16.250 5.250  1.07222
16.250 5.750  1.06668
16.250 6.250  1.06069
16.250 6.750  1.05426
16.250 7.250  1.04742
16.250 7.750  1.04018
16.250 8.250  1.03256
16.250 8.750  1.02458
16.250 9.250  1.01627
16.250 9.750  1.00766
16.250 10.250  0.99876
16.250 10.750  0.98961
16.250 11.250  0.98024
16.250 11.750  0.97068
16.250 12.250  0.96098
16.250 12.750  0.95115
16.250 13.250  0.94125
16.250 13.750  0.93132
16.250 14.250  0.92138
16.250 14.750  0.91150
16.250 15.250  0.90170
16.250 15.750  0.89204
16.250 16.250  0.88256
16.250 16.750  0.87330
16.250 17.250  0.86431
16.250 17.750  0.85564
16.250 18.250  0.84732
16.250 18.750  0.83940
16.250 19.250  0.83192
16.250 19.750  0.82492
16.250 20.250  0.81844
16.250 20.750  0.81250
16.250 21.250  0.80714
16.250 21.750  0.80239
16.250 22.250  0.79828
16.250 22.750  0.79481
16.250 23.250  0.79202
16.250 23.750  0.78991
16.250 24.250  0.78849
16.250 24.750  0.78777
16.250 25.250  0.78775
16.250 25.750  0.78843
16.250 26.250  0.78980
16.250 26.750  0.79186
16.250 27.250  0.79460
16.250 27.750  0.79799
16.250 28.250  0.80203
16.250 28.750  0.80670
16.250 29.250  0.81197
16.250 29.750  0.81783
16.250 30.250  0.82425
16.250 30.750  0.83121
16.250 31.250  0.83868
16.250 31.750  0.84666
16.250 32.250  0.85510
16.250 32.750  0.86398
16.250 33.250  0.87329
16.250 33.750  0.88300
16.250 34.250  0.89309
16.250 34.750  0.90354
16.250 35.250  0.91433
16.250 35.750  0.92544
16.250 36.250  0.93686
16.250 36.750  0.94856
16.250 37.250  0.96055
16.250 37.750  0.97279
16.250 38.250  0.98528
16.250 38.750  0.99802
16.250 39.250  1.01098
16.250 39.750  1.02417
16.250 40.250  1.03757
16.250 40.750  1.05118
16.250 41.250  1.06499
16.250 41.750  1.07901
16.250 42.250  1.09322
16.250 42.750  1.10763
16.250 43.250  1.12223
16.250 43.750  1.13703
16.250 44.250  1.15202
16.250 44.750  1.16720
16.750 -44.750  1.15825
16.750 -44.250  1.14306
16.750 -43.750  1.12805
16.750 -43.250  1.11323
16.750 -42.750  1.09859
16.750 -42.250  1.08413
16.750 -41.750  1.06986
16.750 -41.250  1.05578
16.750 -40.750  1.04188
16.750 -40.250  1.02818
16.750 -39.750  1.01467
16.750 -39.250  1.00137
16.750 -38.750  0.98828
16.750 -38.250  0.97540
16.750 -37.750  0.96276
16.750 -37.250  0.95035
16.750 -36.750  0.93820
16.750 -36.250  0.92631
16.750 -35.750  0.91470
16.750 -35.250  0.90339
16.750 -34.750  0.89240
16.750 -34.250  0.88174
16.750 -33.750  0.87144
16.750 -33.250  0.86151
16.750 -32.750  0.85199
16.750 -32.250  0.84289
16.750 -31.750  0.83424
16.750 -31.250  0.82607
16.750 -30.750  0.81841
16.750 -30.250  0.81127
16.750 -29.750  0.80468
16.750 -29.250  0.79868
16.750 -28.750  0.79328
16.750 -28.250  0.78852
16.750 -27.750  0.78440
16.750 -27.250  0.78096
16.750 -26.750  0.77822
16.750 -26.250  0.77618
16.750 -25.750  0.77487
16.750 -25.250  0.77428
16.750 -24.750  0.77444
16.750 -24.250  0.77534
16.750 -23.750  0.77698
16.750 -23.250  0.77935
16.750 -22.750  0.78245
16.750 -22.250  0.78627
16.750 -21.750  0.79078
16.750 -21.250  0.79595
16.750 -20.750  0.80178
16.750 -20.250  0.80822
16.750 -19.750  0.81525
16.750 -19.250  0.82282
16.750 -18.750  0.83089
16.750 -18.250  0.83943
16.750 -17.750  0.84839
16.750 -17.250  0.85773
16.750 -16.750  0.86739
16.750 -16.250  0.87734
16.750 -15.750  0.88751
16.750 -15.250  0.89787
16.750 -14.750  0.90836
16.750 -14.250  0.91894
16.750 -13.750  0.92956
16.750 -13.250  0.94017
16.750 -12.750  0.95074
16.750 -12.250  0.96121
16.750 -11.750  0.97155
16.750 -11.250  0.98173
16.750 -10.750  0.99169
16.750 -10.250  1.00141
16.750 -9.750  1.01086
16.750 -9.250  1.02001
16.750 -8.750  1.02882
16.750 -8.250  1.03727
16.750 -7.750  1.04534
16.750 -7.250  1.05301
16.750 -6.750  1.06024
16.750 -6.250  1.06704
16.750 -5.750  1.07337
16.750 -5.250  1.07922
16.750 -4.750  1.08458
16.750 -4.250  1.08944
16.750 -3.750  1.09379
16.750 -3.250  1.09761
16.750 -2.750  1.10090
16.750 -2.250  1.10365
16.750 -1.750  1.10586
16.750 -1.250  1.10752
16.750 -0.750  1.10863
16.750 -0.250  1.10918
16.750 0.250  1.10918
16.750 0.750  1.10863
16.750 1.250  1.10752
16.750 1.750  1.10586
16.750 2.250  1.10365
16.750 2.750  1.10090
16.750 3.250  1.09761
16.750 3.750  1.09379
16.750 4.250  1.08944
16.750 4.750  1.08458
16.750 5.250  1.07922
16.750 5.750  1.07337
16.750 6.250  1.06704
16.750 6.750  1.06024
16.750 7.250  1.05301
16.750 7.750  1.04534
16.750 8.250  1.03727
16.750 8.750  1.02882
16.750 9.250  1.02001
16.750 9.750  1.01086
16.750 10.250  1.00141
16.750 10.750  0.99169
16.750 11.250  0.98173
16.750 11.750  0.97155
16.750 12.250  0.96121
16.750 12.750  0.95074
16.750 13.250  0.94017
16.750 13.750  0.92956
16.750 14.250  0.91894
16.750 14.750  0.90836
16.750 15.250  0.89787
16.750 15.750  0.88751
16.750 16.250  0.87734
16.750 16.750  0.86739
16.750 17.250  0.85773
16.750 17.750  0.84839
16.750 18.250  0.83943
16.750 18.750  0.83089
16.750 19.250  0.82282
16.750 19.750  0.81525
16.750 20.250  0.80822
16.750 20.750  0.80178
16.750 21.250  0.79595
16.750 21.750  0.79078
16.750 22.250  0.78627
16.750 22.750  0.78245
16.750 23.250  0.77935
16.750 23.750  0.77698
16.750 24.250  0.77534
16.750 24.750  0.77444
16.750 25.250  0.77428
16.750 25.750  0.77487
16.750 26.250  0.77618
16.750 26.750  0.77822
16.750 27.250  0.78096
16.750 27.750  0.78440
16.750 28.250  0.78852
16.750 28.750  0.79328
16.750 29.250  0.79868
16.750 29.750  0.80468
16.750 30.250  0.81127
16.750 30.750  0.81841
16.750 31.250  0.82607
16.750 31.750  0.83424
16.750 32.250  0.84289
16.750 32.750  0.85199
16.750 33.250  0.86151
16.750 33.750  0.87144
16.750 34.250  0.88174
16.750 34.750  0.89240
16.750 35.250  0.90339
16.750 35.750  0.91470
16.750 36.250  0.92631
16.750 36.750  0.93820
16.750 37.250  0.95035
16.750 37.750  0.96276
16.750 38.250  0.97540
16.750 38.750  0.98828
16.750 39.250  1.00137
16.750 39.750  1.01467
16.750 40.250  1.02818
16.750 40.750  1.04188
16.750 41.250  1.05578
16.750 41.750  1.06986
16.750 42.250  1.08413
16.750 42.750  1.09859
16.750 43.250  1.11323
16.750 43.750  1.12805
16.750 44.250  1.14306
16.750 44.750  1.15825
17.250 -44.750  1.14911
17.250 -44.250  1.13391
17.250 -43.750  1.11889
17.250 -43.250  1.10404
17.250 -42.750  1.08937
17.250 -42.250  1.07486
17.250 -41.750  1.06053
17.250 -41.250  1.04637
17.250 -40.750  1.03239
17.250 -40.250  1.01859
17.250 -39.750  1.00497
17.250 -39.250  0.99155
17.250 -38.750  0.97832
17.250 -38.250  0.96529
17.250 -37.750  0.95248
17.250 -37.250  0.93990
17.250 -36.750  0.92756
17.250 -36.250  0.91548
17.250 -35.750  0.90367
17.250 -35.250  0.89214
17.250 -34.750  0.88092
17.250 -34.250  0.87003
17.250 -33.750  0.85950
17.250 -33.250  0.84933
17.250 -32.750  0.83957
17.250 -32.250  0.83024
17.250 -31.750  0.82136
17.250 -31.250  0.81296
17.250 -30.750  0.80507
17.250 -30.250  0.79773
17.250 -29.750  0.79096
17.250 -29.250  0.78478
17.250 -28.750  0.77924
17.250 -28.250  0.77435
17.250 -27.750  0.77014
17.250 -27.250  0.76664
17.250 -26.750  0.76386
17.250 -26.250  0.76184
17.250 -25.750  0.76057
17.250 -25.250  0.76008
17.250 -24.750  0.76037
17.250 -24.250  0.76145
17.250 -23.750  0.76331
17.250 -23.250  0.76596
17.250 -22.750  0.76938
17.250 -22.250  0.77356
17.250 -21.750  0.77848
17.250 -21.250  0.78412
17.250 -20.750  0.79044
17.250 -20.250  0.79742
17.250 -19.750  0.80502
17.250 -19.250  0.81320
17.250 -18.750  0.82192
17.250 -18.250  0.83112
17.250 -17.750  0.84078
17.250 -17.250  0.85082
17.250 -16.750  0.86121
17.250 -16.250  0.87188
17.250 -15.750  0.88280
17.250 -15.250  0.89390
17.250 -14.750  0.90513
17.250 -14.250  0.91645
17.250 -13.750  0.92780
17.250 -13.250  0.93914
17.250 -12.750  0.95041
17.250 -12.250  0.96158
17.250 -11.750  0.97259
17.250 -11.250  0.98342
17.250 -10.750  0.99401
17.250 -10.250  1.00434
17.250 -9.750  1.01438
17.250 -9.250  1.02408
17.250 -8.750  1.03342
17.250 -8.250  1.04237
17.250 -7.750  1.05091
17.250 -7.250  1.05902
17.250 -6.750  1.06667
17.250 -6.250  1.07385
17.250 -5.750  1.08053
17.250 -5.250  1.08671
17.250 -4.750  1.09236
17.250 -4.250  1.09749
17.250 -3.750  1.10207
17.250 -3.250  1.10610
17.250 -2.750  1.10956
17.250 -2.250  1.11246
17.250 -1.750  1.11479
17.250 -1.250  1.11653
17.250 -0.750  1.11770
17.250 -0.250  1.11829
17.250 0.250  1.11829
17.250 0.750  1.11770
17.250 1.250  1.11653
17.250 1.750  1.11479
17.250 2.250  1.11246
17.250 2.750  1.10956
17.250 3.250  1.10610
17.250 3.750  1.10207
17.250 4.250  1.09749
17.250 4.750  1.09236
17.250 5.250  1.08671
17.250 5.750  1.08053
17.250 6.250  1.07385
17.250 6.750  1.06667
17.250 7.250  1.05902
17.250 7.750  1.05091
17.250 8.250  1.04237
17.250 8.750  1.03342
17.250 9.250  1.02408
17.250 9.750  1.01438
17.250 10.250  1.00434
17.250 10.750  0.99401
17.250 11.250  0.98342
17.250 11.750  0.97259
17.250 12.250  0.96158
17.250 12.750  0.95041
17.250 13.250  0.93914
17.250 13.750  0.92780
17.250 14.250  0.91645
17.250 14.750  0.90513
17.250 15.250  0.89390
17.250 15.750  0.88280
17.250 16.250  0.87188
17.250 16.750  0.86121
17.250 17.250  0.85082
17.250 17.750  0.84078
17.250 18.250  0.83112
17.250 18.750  0.82192
17.250 19.250  0.81320
17.250 19.750  0.80502
17.250 20.250  0.79742
17.250 20.750  0.79044
17.250 21.250  0.78412
17.250 21.750  0.77848
17.250 22.250  0.77356
17.250 22.750  0.76938
17.250 23.250  0.76596
17.250 23.750  0.76331
17.250 24.250  0.76145
17.250 24.750  0.76037
17.250 25.250  0.76008
17.250 25.750  0.76057
17.250 26.250  0.76184
17.250 26.750  0.76386
17.250 27.250  0.76664
17.250 27.750  0.77014
17.250 28.250  0.77435
17.250 28.750  0.77924
17.250 29.250  0.78478
17.250 29.750  0.79096
17.250 30.250  0.79773
17.250 30.750  0.80507
17.250 31.250  0.81296
17.250 31.750  0.82136
17.250 32.250  0.83024
17.250 32.750  0.83957
17.250 33.250  0.84933
17.250 33.750  0.85950
17.250 34.250  0.87003
17.250 34.750  0.88092
17.250 35.250  0.89214
17.250 35.750  0.90367
17.250 36.250  0.91548
17.250 36.750  0.92756
17.250 37.250  0.93990
17.250 37.750  0.95248
17.250 38.250  0.96529
17.250 38.750  0.97832
17.250 39.250  0.99155
17.250 39.750  1.00497
17.250 40.250  1.01859
17.250 40.750  1.03239
17.250 41.250  1.04637
17.250 41.750  1.06053
17.250 42.250  1.07486
17.250 42.750  1.08937
17.250 43.250  1.10404
17.250 43.750  1.11889
17.250 44.250  1.13391
17.250 44.750  1.14911
17.750 -44.750  1.13979
17.750 -44.250  1.12459
17.750 -43.750  1.10956
17.750 -43.250  1.09469
17.750 -42.750  1.07998
17.750 -42.250  1.06542
17.750 -41.750  1.05103
17.750 -41.250  1.03680
17.750 -40.750  1.02272
17.750 -40.250  1.00882
17.750 -39.750  0.99508
17.750 -39.250  0.98153
17.750 -38.750  0.96815
17.750 -38.250  0.95497
17.750 -37.750  0.94199
17.750 -37.250  0.92922
17.750 -36.750  0.91668
17.750 -36.250  0.90438
17.750 -35.750  0.89234
17.750 -35.250  0.88058
17.750 -34.750  0.86912
17.750 -34.250  0.85798
17.750 -33.750  0.84718
17.750 -33.250  0.83676
17.750 -32.750  0.82673
17.750 -32.250  0.81713
17.750 -31.750  0.80799
17.750 -31.250  0.79933
17.750 -30.750  0.79120
17.750 -30.250  0.78362
17.750 -29.750  0.77663
17.750 -29.250  0.77026
17.750 -28.750  0.76454
17.750 -28.250  0.75950
17.750 -27.750  0.75517
17.750 -27.250  0.75158
17.750 -26.750  0.74876
17.750 -26.250  0.74673
17.750 -25.750  0.74550
17.750 -25.250  0.74509
17.750 -24.750  0.74551
17.750 -24.250  0.74677
17.750 -23.750  0.74887
17.750 -23.250  0.75180
17.750 -22.750  0.75555
17.750 -22.250  0.76012
17.750 -21.750  0.76548
17.750 -21.250  0.77160
17.750 -20.750  0.77845
17.750 -20.250  0.78600
17.750 -19.750  0.79422
17.750 -19.250  0.80305
17.750 -18.750  0.81245
17.750 -18.250  0.82237
17.750 -17.750  0.83276
17.750 -17.250  0.84357
17.750 -16.750  0.85473
17.750 -16.250  0.86619
17.750 -15.750  0.87790
17.750 -15.250  0.88980
17.750 -14.750  0.90182
17.750 -14.250  0.91393
17.750 -13.750  0.92606
17.750 -13.250  0.93817
17.750 -12.750  0.95019
17.750 -12.250  0.96209
17.750 -11.750  0.97382
17.750 -11.250  0.98534
17.750 -10.750  0.99660
17.750 -10.250  1.00757
17.750 -9.750  1.01822
17.750 -9.250  1.02851
17.750 -8.750  1.03840
17.750 -8.250  1.04788
17.750 -7.750  1.05692
17.750 -7.250  1.06549
17.750 -6.750  1.07357
17.750 -6.250  1.08115
17.750 -5.750  1.08820
17.750 -5.250  1.09472
17.750 -4.750  1.10068
17.750 -4.250  1.10608
17.750 -3.750  1.11090
17.750 -3.250  1.11515
17.750 -2.750  1.11879
17.750 -2.250  1.12184
17.750 -1.750  1.12429
17.750 -1.250  1.12613
17.750 -0.750  1.12736
17.750 -0.250  1.12797
17.750 0.250  1.12797
17.750 0.750  1.12736
17.750 1.250  1.12613
17.750 1.750  1.12429
17.750 2.250  1.12184
17.750 2.750  1.11879
17.750 3.250  1.11515
17.750 3.750  1.11090
17.750 4.250  1.10608
17.750 4.750  1.10068
17.750 5.250  1.09472
17.750 5.750  1.08820
17.750 6.250  1.08115
17.750 6.750  1.07357
17.750 7.250  1.06549
17.750 7.750  1.05692
17.750 8.250  1.04788
17.750 8.750  1.03840
17.750 9.250  1.02851
17.750 9.750  1.01822
17.750 10.250  1.00757
17.750 10.750  0.99660
17.750 11.250  0.98534
17.750 11.750  0.97382
17.750 12.250  0.96209
17.750 12.750  0.95019
17.750 13.250  0.93817
17.750 13.750  0.92606
17.750 14.250  0.91393
17.750 14.750  0.90182
17.750 15.250  0.88980
17.750 15.750  0.87790
17.750 16.250  0.86619
17.750 16.750  0.85473
17.750 17.250  0.84357
17.750 17.750  0.83276
17.750 18.250  0.82237
17.750 18.750  0.81245
17.750 19.250  0.80305
17.750 19.750  0.79422
17.750 20.250  0.78600
17.750 20.750  0.77845
17.750 21.250  0.77160
17.750 21.750  0.76548
17.750 22.250  0.76012
17.750 22.750  0.75555
17.750 23.250  0.75180
17.750 23.750  0.74887
17.750 24.250  0.74677
17.750 24.750  0.74551
17.750 25.250  0.74509
17.750 25.750  0.74550
17.750 26.250  0.74673
17.750 26.750  0.74876
17.750 27.250  0.75158
17.750 27.750  0.75517
17.750 28.250  0.75950
17.750 28.750  0.76454
17.750 29.250  0.77026
17.750 29.750  0.77663
17.750 30.250  0.78362
17.750 30.750  0.79120
17.750 31.250  0.79933
17.750 31.750  0.80799
17.750 32.250  0.81713
17.750 32.750  0.82673
17.750 33.250  0.83676
17.750 33.750  0.84718
17.750 34.250  0.85798
17.750 34.750  0.86912
17.750 35.250  0.88058
17.750 35.750  0.89234
17.750 36.250  0.90438
17.750 36.750  0.91668
17.750 37.250  0.92922
17.750 37.750  0.94199
17.750 38.250  0.95497
17.750 38.750  0.96815
17.750 39.250  0.98153
17.750 39.750  0.99508
17.750 40.250  1.00882
17.750 40.750  1.02272
17.750 41.250  1.03680
17.750 41.750  1.05103
17.750 42.250  1.06542
17.750 42.750  1.07998
17.750 43.250  1.09469
17.750 43.750  1.10956
17.750 44.250  1.12459
17.750 44.750  1.13979
18.250 -44.750  1.13031
18.250 -44.250  1.11511
18.250 -43.750  1.10007
18.250 -43.250  1.08517
18.250 -42.750  1.07043
18.250 -42.250  1.05582
18.250 -41.750  1.04137
18.250 -41.250  1.02705
18.250 -40.750  1.01289
18.250 -40.250  0.99888
18.250 -39.750  0.98502
18.250 -39.250  0.97132
18.250 -38.750  0.95779
18.250 -38.250  0.94444
18.250 -37.750  0.93127
18.250 -37.250  0.91830
18.250 -36.750  0.90555
18.250 -36.250  0.89302
18.250 -35.750  0.88074
18.250 -35.250  0.86872
18.250 -34.750  0.85699
18.250 -34.250  0.84558
18.250 -33.750  0.83449
18.250 -33.250  0.82378
18.250 -32.750  0.81346
18.250 -32.250  0.80356
18.250 -31.750  0.79413
18.250 -31.250  0.78519
18.250 -30.750  0.77678
18.250 -30.250  0.76893
18.250 -29.750  0.76169
18.250 -29.250  0.75508
18.250 -28.750  0.74915
18.250 -28.250  0.74394
18.250 -27.750  0.73946
18.250 -27.250  0.73577
18.250 -26.750  0.73287
18.250 -26.250  0.73081
18.250 -25.750  0.72960
18.250 -25.250  0.72927
18.250 -24.750  0.72981
18.250 -24.250  0.73125
18.250 -23.750  0.73358
18.250 -23.250  0.73681
18.250 -22.750  0.74091
18.250 -22.250  0.74588
18.250 -21.750  0.75170
18.250 -21.250  0.75834
18.250 -20.750  0.76576
18.250 -20.250  0.77393
18.250 -19.750  0.78280
18.250 -19.250  0.79233
18.250 -18.750  0.80246
18.250 -18.250  0.81315
18.250 -17.750  0.82434
18.250 -17.250  0.83595
18.250 -16.750  0.84795
18.250 -16.250  0.86025
18.250 -15.750  0.87281
18.250 -15.250  0.88556
18.250 -14.750  0.89844
18.250 -14.250  0.91139
18.250 -13.750  0.92435
18.250 -13.250  0.93727
18.250 -12.750  0.95010
18.250 -12.250  0.96278
18.250 -11.750  0.97527
18.250 -11.250  0.98752
18.250 -10.750  0.99948
18.250 -10.250  1.01113
18.250 -9.750  1.02242
18.250 -9.250  1.03332
18.250 -8.750  1.04380
18.250 -8.250  1.05383
18.250 -7.750  1.06339
18.250 -7.250  1.07244
18.250 -6.750  1.08098
18.250 -6.250  1.08897
18.250 -5.750  1.09641
18.250 -5.250  1.10328
18.250 -4.750  1.10956
18.250 -4.250  1.11525
18.250 -3.750  1.12032
18.250 -3.250  1.12479
18.250 -2.750  1.12862
18.250 -2.250  1.13183
18.250 -1.750  1.13440
18.250 -1.250  1.13634
18.250 -0.750  1.13763
18.250 -0.250  1.13827
18.250 0.250  1.13827
18.250 0.750  1.13763
18.250 1.250  1.13634
18.250 1.750  1.13440
18.250 2.250  1.13183
18.250 2.750  1.12862
18.250 3.250  1.12479
18.250 3.750  1.12032
18.250 4.250  1.11525
18.250 4.750  1.10956
18.250 5.250  1.10328
18.250 5.750  1.09641
18.250 6.250  1.08897
18.250 6.750  1.08098
18.250 7.250  1.07244
18.250 7.750  1.06339
18.250 8.250  1.05383
18.250 8.750  1.04380
18.250 9.250  1.03332
18.250 9.750  1.02242
18.250 10.250  1.01113
18.250 10.750  0.99948
18.250 11.250  0.98752
18.250 11.750  0.97527
18.250 12.250  0.96278
18.250 12.750  0.95010
18.250 13.250  0.93727
18.250 13.750  0.92435
18.250 14.250  0.91139
18.250 14.750  0.89844
18.250 15.250  0.88556
18.250 15.750  0.87281
18.250 16.250  0.86025
18.250 16.750  0.84795
18.250 17.250  0.83595
18.250 17.750  0.82434
18.250 18.250  0.81315
18.250 18.750  0.80246
18.250 19.250  0.79233
18.250 19.750  0.78280
18.250 20.250  0.77393
18.250 20.750  0.76576
18.250 21.250  0.75834
18.250 21.750  0.75170
18.250 22.250  0.74588
18.250 22.750  0.74091
18.250 23.250  0.73681
18.250 23.750  0.73358
18.250 24.250  0.73125
18.250 24.750  0.72981
18.250 25.250  0.72927
18.250 25.750  0.72960
18.250 26.250  0.73081
18.250 26.750  0.73287
18.250 27.250  0.73577
18.250 27.750  0.73946
18.250 28.250  0.74394
18.250 28.750  0.74915
18.250 29.250  0.75508
18.250 29.750  0.76169
18.250 30.250  0.76893
18.250 30.750  0.77678
18.250 31.250  0.78519
18.250 31.750  0.79413
18.250 32.250  0.80356
18.250 32.750  0.81346
18.250 33.250  0.82378
18.250 33.750  0.83449
18.250 34.250  0.84558
18.250 34.750  0.85699
18.250 35.250  0.86872
18.250 35.750  0.88074
18.250 36.250  0.89302
18.250 36.750  0.90555
18.250 37.250  0.91830
18.250 37.750  0.93127
18.250 38.250  0.94444
18.250 38.750  0.95779
18.250 39.250  0.97132
18.250 39.750  0.98502
18.250 40.250  0.99888
18.250 40.750  1.01289
18.250 41.250  1.02705
18.250 41.750  1.04137
18.250 42.250  1.05582
18.250 42.750  1.07043
18.250 43.250  1.08517
18.250 43.750  1.10007
18.250 44.250  1.11511
18.250 44.750  1.13031
18.750 -44.750  1.12067
18.750 -44.250  1.10548
18.750 -43.750  1.09043
18.750 -43.250  1.07551
18.750 -42.750  1.06073
18.750 -42.250  1.04608
18.750 -41.750  1.03156
18.750 -41.250  1.01717
18.750 -40.750  1.00291
18.750 -40.250  0.98878
18.750 -39.750  0.97480
18.750 -39.250  0.96095
18.750 -38.750  0.94726
18.750 -38.250  0.93373
18.750 -37.750  0.92036
18.750 -37.250  0.90718
18.750 -36.750  0.89419
18.750 -36.250  0.88142
18.750 -35.750  0.86887
18.750 -35.250  0.85658
18.750 -34.750  0.84456
18.750 -34.250  0.83284
18.750 -33.750  0.82144
18.750 -33.250  0.81041
18.750 -32.750  0.79976
18.750 -32.250  0.78954
18.750 -31.750  0.77978
18.750 -31.250  0.77051
18.750 -30.750  0.76178
18.750 -30.250  0.75363
18.750 -29.750  0.74610
18.750 -29.250  0.73923
18.750 -28.750  0.73306
18.750 -28.250  0.72763
18.750 -27.750  0.72298
18.750 -27.250  0.71914
18.750 -26.750  0.71615
18.750 -26.250  0.71404
18.750 -25.750  0.71284
18.750 -25.250  0.71256
18.750 -24.750  0.71322
18.750 -24.250  0.71484
18.750 -23.750  0.71741
18.750 -23.250  0.72093
18.750 -22.750  0.72540
18.750 -22.250  0.73080
18.750 -21.750  0.73711
18.750 -21.250  0.74429
18.750 -20.750  0.75232
18.750 -20.250  0.76114
18.750 -19.750  0.77072
18.750 -19.250  0.78100
18.750 -18.750  0.79193
18.750 -18.250  0.80344
18.750 -17.750  0.81547
18.750 -17.250  0.82797
18.750 -16.750  0.84085
18.750 -16.250  0.85406
18.750 -15.750  0.86753
18.750 -15.250  0.88119
18.750 -14.750  0.89498
18.750 -14.250  0.90883
18.750 -13.750  0.92268
18.750 -13.250  0.93647
18.750 -12.750  0.95015
18.750 -12.250  0.96366
18.750 -11.750  0.97695
18.750 -11.250  0.98997
18.750 -10.750  1.00269
18.750 -10.250  1.01505
18.750 -9.750  1.02702
18.750 -9.250  1.03856
18.750 -8.750  1.04966
18.750 -8.250  1.06026
18.750 -7.750  1.07036
18.750 -7.250  1.07992
18.750 -6.750  1.08892
18.750 -6.250  1.09735
18.750 -5.750  1.10519
18.750 -5.250  1.11243
18.750 -4.750  1.11904
18.750 -4.250  1.12502
18.750 -3.750  1.13036
18.750 -3.250  1.13505
18.750 -2.750  1.13908
18.750 -2.250  1.14245
18.750 -1.750  1.14516
18.750 -1.250  1.14719
18.750 -0.750  1.14854
18.750 -0.250  1.14922
18.750 0.250  1.14922
18.750 0.750  1.14854
18.750 1.250  1.14719
18.750 1.750  1.14516
18.750 2.250  1.14245
18.750 2.750  1.13908
18.750 3.250  1.13505
18.750 3.750  1.13036
18.750 4.250  1.12502
18.750 4.750  1.11904
18.750 5.250  1.11243
18.750 5.750  1.10519
18.750 6.250  1.09735
18.750 6.750  1.08892
18.750 7.250  1.07992
18.750 7.750  1.07036
18.750 8.250  1.06026
18.750 8.750  1.04966
18.750 9.250  1.03856
18.750 9.750  1.02702
18.750 10.250  1.01505
18.750 10.750  1.00269
18.750 11.250  0.98997
18.750 11.750  0.97695
18.750 12.250  0.96366
18.750 12.750  0.95015
18.750 13.250  0.93647
18.750 13.750  0.92268
18.750 14.250  0.90883
18.750 14.750  0.89498
18.750 15.250  0.88119
18.750 15.750  0.86753
18.750 16.250  0.85406
18.750 16.750  0.84085
18.750 17.250  0.82797
18.750 17.750  0.81547
18.750 18.250  0.80344
18.750 18.750  0.79193
18.750 19.250  0.78100
18.750 19.750  0.77072
18.750 20.250  0.76114
18.750 20.750  0.75232
18.750 21.250  0.74429
18.750 21.750  0.73711
18.750 22.250  0.73080
18.750 22.750  0.72540
18.750 23.250  0.72093
18.750 23.750  0.71741
18.750 24.250  0.71484
18.750 24.750  0.71322
18.750 25.250  0.71256
18.750 25.750  0.71284
18.750 26.250  0.71404
18.750 26.750  0.71615
18.750 27.250  0.71914
18.750 27.750  0.72298
18.750 28.250  0.72763
18.750 28.750  0.73306
18.750 29.250  0.73923
18.750 29.750  0.74610
18.750 30.250  0.75363
18.750 30.750  0.76178
18.750 31.250  0.77051
18.750 31.750  0.77978
18.750 32.250  0.78954
18.750 32.750  0.79976
18.750 33.250  0.81041
18.750 33.750  0.82144
18.750 34.250  0.83284
18.750 34.750  0.84456
18.750 35.250  0.85658
18.750 35.750  0.86887
18.750 36.250  0.88142
18.750 36.750  0.89419
18.750 37.250  0.90718
18.750 37.750  0.92036
18.750 38.250  0.93373
18.750 38.750  0.94726
18.750 39.250  0.96095
18.750 39.750  0.97480
18.750 40.250  0.98878
18.750 40.750  1.00291
18.750 41.250  1.01717
18.750 41.750  1.03156
18.750 42.250  1.04608
18.750 42.750  1.06073
18.750 43.250  1.07551
18.750 43.750  1.09043
18.750 44.250  1.10548
18.750 44.750  1.12067
19.250 -44.750  1.11089
19.250 -44.250  1.09571
19.250 -43.750  1.08065
19.250 -43.250  1.06572
19.250 -42.750  1.05090
19.250 -42.250  1.03620
19.250 -41.750  1.02162
19.250 -41.250  1.00715
19.250 -40.750  0.99279
19.250 -40.250  0.97855
19.250 -39.750  0.96443
19.250 -39.250  0.95043
19.250 -38.750  0.93657
19.250 -38.250  0.92285
19.250 -37.750  0.90927
19.250 -37.250  0.89586
19.250 -36.750  0.88262
19.250 -36.250  0.86958
19.250 -35.750  0.85675
19.250 -35.250  0.84416
19.250 -34.750  0.83182
19.250 -34.250  0.81977
19.250 -33.750  0.80804
19.250 -33.250  0.79665
19.250 -32.750  0.78564
19.250 -32.250  0.77505
19.250 -31.750  0.76493
19.250 -31.250  0.75530
19.250 -30.750  0.74622
19.250 -30.250  0.73772
19.250 -29.750  0.72986
19.250 -29.250  0.72268
19.250 -28.750  0.71623
19.250 -28.250  0.71054
19.250 -27.750  0.70568
19.250 -27.250  0.70167
19.250 -26.750  0.69855
19.250 -26.250  0.69637
19.250 -25.750  0.69515
19.250 -25.250  0.69491
19.250 -24.750  0.69568
19.250 -24.250  0.69747
19.250 -23.750  0.70028
19.250 -23.250  0.70411
19.250 -22.750  0.70896
19.250 -22.250  0.71481
19.250 -21.750  0.72164
19.250 -21.250  0.72940
19.250 -20.750  0.73807
19.250 -20.250  0.74760
19.250 -19.750  0.75794
19.250 -19.250  0.76903
19.250 -18.750  0.78080
19.250 -18.250  0.79320
19.250 -17.750  0.80615
19.250 -17.250  0.81959
19.250 -16.750  0.83343
19.250 -16.250  0.84762
19.250 -15.750  0.86206
19.250 -15.250  0.87670
19.250 -14.750  0.89146
19.250 -14.250  0.90627
19.250 -13.750  0.92107
19.250 -13.250  0.93579
19.250 -12.750  0.95037
19.250 -12.250  0.96476
19.250 -11.750  0.97890
19.250 -11.250  0.99274
19.250 -10.750  1.00624
19.250 -10.250  1.01935
19.250 -9.750  1.03204
19.250 -9.250  1.04426
19.250 -8.750  1.05599
19.250 -8.250  1.06720
19.250 -7.750  1.07786
19.250 -7.250  1.08795
19.250 -6.750  1.09744
19.250 -6.250  1.10633
19.250 -5.750  1.11458
19.250 -5.250  1.12219
19.250 -4.750  1.12915
19.250 -4.250  1.13544
19.250 -3.750  1.14105
19.250 -3.250  1.14597
19.250 -2.750  1.15021
19.250 -2.250  1.15375
19.250 -1.750  1.15658
19.250 -1.250  1.15871
19.250 -0.750  1.16013
19.250 -0.250  1.16084
19.250 0.250  1.16084
19.250 0.750  1.16013
19.250 1.250  1.15871
19.250 1.750  1.15658
19.250 2.250  1.15375
19.250 2.750  1.15021
19.250 3.250  1.14597
19.250 3.750  1.14105
19.250 4.250  1.13544
19.250 4.750  1.12915
19.250 5.250  1.12219
19.250 5.750  1.11458
19.250 6.250  1.10633
19.250 6.750  1.09744
19.250 7.250  1.08795
19.250 7.750  1.07786
19.250 8.250  1.06720
19.250 8.750  1.05599
19.250 9.250  1.04426
19.250 9.750  1.03204
19.250 10.250  1.01935
19.250 10.750  1.00624
19.250 11.250  0.99274
19.250 11.750  0.97890
19.250 12.250  0.96476
19.250 12.750  0.95037
19.250 13.250  0.93579
19.250 13.750  0.92107
19.250 14.250  0.90627
19.250 14.750  0.89146
19.250 15.250  0.87670
19.250 15.750  0.86206
19.250 16.250  0.84762
19.250 16.750  0.83343
19.250 17.250  0.81959
19.250 17.750  0.80615
19.250 18.250  0.79320
19.250 18.750  0.78080
19.250 19.250  0.76903
19.250 19.750  0.75794
19.250 20.250  0.74760
19.250 20.750  0.73807
19.250 21.250  0.72940
19.250 21.750  0.72164
19.250 22.250  0.71481
19.250 22.750  0.70896
19.250 23.250  0.70411
19.250 23.750  0.70028
19.250 24.250  0.69747
19.250 24.750  0.69568
19.250 25.250  0.69491
19.250 25.750  0.69515
19.250 26.250  0.69637
19.250 26.750  0.69855
19.250 27.250  0.70167
19.250 27.750  0.70568
19.250 28.250  0.71054
19.250 28.750  0.71623
19.250 29.250  0.72268
19.250 29.750  0.72986
19.250 30.250  0.73772
19.250 30.750  0.74622
19.250 31.250  0.75530
19.250 31.750  0.76493
19.250 32.250  0.77505
19.250 32.750  0.78564
19.250 33.250  0.79665
19.250 33.750  0.80804
19.250 34.250  0.81977
19.250 34.750  0.83182
19.250 35.250  0.84416
19.250 35.750  0.85675
19.250 36.250  0.86958
19.250 36.750  0.88262
19.250 37.250  0.89586
19.250 37.750  0.90927
19.250 38.250  0.92285
19.250 38.750  0.93657
19.250 39.250  0.95043
19.250 39.750  0.96443
19.250 40.250  0.97855
19.250 40.750  0.99279
19.250 41.250  1.00715
19.250 41.750  1.02162
19.250 42.250  1.03620
19.250 42.750  1.05090
19.250 43.250  1.06572
19.250 43.750  1.08065
19.250 44.250  1.09571
19.250 44.750  1.11089
19.750 -44.750  1.10097
19.750 -44.250  1.08581
19.750 -43.750  1.07075
19.750 -43.250  1.05580
19.750 -42.750  1.04096
19.750 -42.250  1.02621
19.750 -41.750  1.01156
19.750 -41.250  0.99701
19.750 -40.750  0.98255
19.750 -40.250  0.96820
19.750 -39.750  0.95394
19.750 -39.250  0.93978
19.750 -38.750  0.92574
19.750 -38.250  0.91181
19.750 -37.750  0.89802
19.750 -37.250  0.88436
19.750 -36.750  0.87086
19.750 -36.250  0.85754
19.750 -35.750  0.84440
19.750 -35.250  0.83148
19.750 -34.750  0.81880
19.750 -34.250  0.80639
19.750 -33.750  0.79428
19.750 -33.250  0.78251
19.750 -32.750  0.77110
19.750 -32.250  0.76011
19.750 -31.750  0.74958
19.750 -31.250  0.73954
19.750 -30.750  0.73006
19.750 -30.250  0.72117
19.750 -29.750  0.71294
19.750 -29.250  0.70540
19.750 -28.750  0.69862
19.750 -28.250  0.69264
19.750 -27.750  0.68752
19.750 -27.250  0.68330
19.750 -26.750  0.68002
19.750 -26.250  0.67773
19.750 -25.750  0.67647
19.750 -25.250  0.67625
19.750 -24.750  0.67712
19.750 -24.250  0.67907
19.750 -23.750  0.68212
19.750 -23.250  0.68628
19.750 -22.750  0.69153
19.750 -22.250  0.69785
19.750 -21.750  0.70522
19.750 -21.250  0.71361
19.750 -20.750  0.72297
19.750 -20.250  0.73325
19.750 -19.750  0.74441
19.750 -19.250  0.75636
19.750 -18.750  0.76905
19.750 -18.250  0.78241
19.750 -17.750  0.79635
19.750 -17.250  0.81080
19.750 -16.750  0.82568
19.750 -16.250  0.84090
19.750 -15.750  0.85640
19.750 -15.250  0.87209
19.750 -14.750  0.88789
19.750 -14.250  0.90373
19.750 -13.750  0.91954
19.750 -13.250  0.93525
19.750 -12.750  0.95079
19.750 -12.250  0.96611
19.750 -11.750  0.98115
19.750 -11.250  0.99586
19.750 -10.750  1.01018
19.750 -10.250  1.02408
19.750 -9.750  1.03752
19.750 -9.250  1.05045
19.750 -8.750  1.06285
19.750 -8.250  1.07469
19.750 -7.750  1.08594
19.750 -7.250  1.09658
19.750 -6.750  1.10658
19.750 -6.250  1.11593
19.750 -5.750  1.12461
19.750 -5.250  1.13261
19.750 -4.750  1.13992
19.750 -4.250  1.14653
19.750 -3.750  1.15242
19.750 -3.250  1.15759
19.750 -2.750  1.16203
19.750 -2.250  1.16574
19.750 -1.750  1.16871
19.750 -1.250  1.17095
19.750 -0.750  1.17244
19.750 -0.250  1.17318
19.750 0.250  1.17318
19.750 0.750  1.17244
19.750 1.250  1.17095
19.750 1.750  1.16871
19.750 2.250  1.16574
19.750 2.750  1.16203
19.750 3.250  1.15759
19.750 3.750  1.15242
19.750 4.250  1.14653
19.750 4.750  1.13992
19.750 5.250  1.13261
19.750 5.750  1.12461
19.750 6.250  1.11593
19.750 6.750  1.10658
19.750 7.250  1.09658
19.750 7.750  1.08594
19.750 8.250  1.07469
19.750 8.750  1.06285
19.750 9.250  1.05045
19.750 9.750  1.03752
19.750 10.250  1.02408
19.750 10.750  1.01018
19.750 11.250  0.99586
19.750 11.750  0.98115
19.750 12.250  0.96611
19.750 12.750  0.95079
19.750 13.250  0.93525
19.750 13.750  0.91954
19.750 14.250  0.90373
19.750 14.750  0.88789
19.750 15.250  0.87209
19.750 15.750  0.85640
19.750 16.250  0.84090
19.750 16.750  0.82568
19.750 17.250  0.81080
19.750 17.750  0.79635
19.750 18.250  0.78241
19.750 18.750  0.76905
19.750 19.250  0.75636
19.750 19.750  0.74441
19.750 20.250  0.73325
19.750 20.750  0.72297
19.750 21.250  0.71361
19.750 21.750  0.70522
19.750 22.250  0.69785
19.750 22.750  0.69153
19.750 23.250  0.68628
19.750 23.750  0.68212
19.750 24.250  0.67907
19.750 24.750  0.67712
19.750 25.250  0.67625
19.750 25.750  0.67647
19.750 26.250  0.67773
19.750 26.750  0.68002
19.750 27.250  0.68330
19.750 27.750  0.68752
19.750 28.250  0.69264
19.750 28.750  0.69862
19.750 29.250  0.70540
19.750 29.750  0.71294
19.750 30.250  0.72117
19.750 30.750  0.73006
19.750 31.250  0.73954
19.750 31.750  0.74958
19.750 32.250  0.76011
19.750 32.750  0.77110
19.750 33.250  0.78251
19.750 33.750  0.79428
19.750 34.250  0.80639
19.750 34.750  0.81880
19.750 35.250  0.83148
19.750 35.750  0.84440
19.750 36.250  0.85754
19.750 36.750  0.87086
19.750 37.250  0.88436
19.750 37.750  0.89802
19.750 38.250  0.91181
19.750 38.750  0.92574
19.750 39.250  0.93978
19.750 39.750  0.95394
19.750 40.250  0.96820
19.750 40.750  0.98255
19.750 41.250  0.99701
19.750 41.750  1.01156
19.750 42.250  1.02621
19.750 42.750  1.04096
19.750 43.250  1.05580
19.750 43.750  1.07075
19.750 44.250  1.08581
19.750 44.750  1.10097
20.250 -44.750  1.09094
20.250 -44.250  1.07580
20.250 -43.750  1.06075
20.250 -43.250  1.04579
20.250 -42.750  1.03092
20.250 -42.250  1.01613
20.250 -41.750  1.00142
20.250 -41.250  0.98678
20.250 -40.750  0.97222
20.250 -40.250  0.95774
20.250 -39.750  0.94334
20.250 -39.250  0.92902
20.250 -38.750  0.91479
20.250 -38.250  0.90065
20.250 -37.750  0.88662
20.250 -37.250  0.87271
20.250 -36.750  0.85893
20.250 -36.250  0.84530
20.250 -35.750  0.83183
20.250 -35.250  0.81856
20.250 -34.750  0.80551
20.250 -34.250  0.79271
20.250 -33.750  0.78019
20.250 -33.250  0.76799
20.250 -32.750  0.75615
20.250 -32.250  0.74471
20.250 -31.750  0.73372
20.250 -31.250  0.72324
20.250 -30.750  0.71330
20.250 -30.250  0.70397
20.250 -29.750  0.69531
20.250 -29.250  0.68737
20.250 -28.750  0.68021
20.250 -28.250  0.67389
20.250 -27.750  0.66846
20.250 -27.250  0.66398
20.250 -26.750  0.66050
20.250 -26.250  0.65808
20.250 -25.750  0.65674
20.250 -25.250  0.65652
20.250 -24.750  0.65746
20.250 -24.250  0.65957
20.250 -23.750  0.66287
20.250 -23.250  0.66735
20.250 -22.750  0.67301
20.250 -22.250  0.67983
20.250 -21.750  0.68779
20.250 -21.250  0.69684
20.250 -20.750  0.70694
20.250 -20.250  0.71804
20.250 -19.750  0.73007
20.250 -19.250  0.74296
20.250 -18.750  0.75664
20.250 -18.250  0.77103
20.250 -17.750  0.78603
20.250 -17.250  0.80158
20.250 -16.750  0.81757
20.250 -16.250  0.83392
20.250 -15.750  0.85055
20.250 -15.250  0.86736
20.250 -14.750  0.88428
20.250 -14.250  0.90122
20.250 -13.750  0.91811
20.250 -13.250  0.93487
20.250 -12.750  0.95143
20.250 -12.250  0.96774
20.250 -11.750  0.98373
20.250 -11.250  0.99935
20.250 -10.750  1.01455
20.250 -10.250  1.02928
20.250 -9.750  1.04350
20.250 -9.250  1.05718
20.250 -8.750  1.07028
20.250 -8.250  1.08277
20.250 -7.750  1.09463
20.250 -7.250  1.10583
20.250 -6.750  1.11636
20.250 -6.250  1.12620
20.250 -5.750  1.13533
20.250 -5.250  1.14373
20.250 -4.750  1.15140
20.250 -4.250  1.15833
20.250 -3.750  1.16451
20.250 -3.250  1.16993
20.250 -2.750  1.17458
20.250 -2.250  1.17847
20.250 -1.750  1.18158
20.250 -1.250  1.18392
20.250 -0.750  1.18548
20.250 -0.250  1.18626
20.250 0.250  1.18626
20.250 0.750  1.18548
20.250 1.250  1.18392
20.250 1.750  1.18158
20.250 2.250  1.17847
20.250 2.750  1.17458
20.250 3.250  1.16993
20.250 3.750  1.16451
20.250 4.250  1.15833
20.250 4.750  1.15140
20.250 5.250  1.14373
20.250 5.750  1.13533
20.250 6.250  1.12620
20.250 6.750  1.11636
20.250 7.250  1.10583
20.250 7.750  1.09463
20.250 8.250  1.08277
20.250 8.750  1.07028
20.250 9.250  1.05718
20.250 9.750  1.04350
20.250 10.250  1.02928
20.250 10.750  1.01455
20.250 11.250  0.99935
20.250 11.750  0.98373
20.250 12.250  0.96774
20.250 12.750  0.95143
20.250 13.250  0.93487
20.250 13.750  0.91811
20.250 14.250  0.90122
20.250 14.750  0.88428
20.250 15.250  0.86736
20.250 15.750  0.85055
20.250 16.250  0.83392
20.250 16.750  0.81757
20.250 17.250  0.80158
20.250 17.750  0.78603
20.250 18.250  0.77103
20.250 18.750  0.75664
20.250 19.250  0.74296
20.250 19.750  0.73007
20.250 20.250  0.71804
20.250 20.750  0.70694
20.250 21.250  0.69684
20.250 21.750  0.68779
20.250 22.250  0.67983
20.250 22.750  0.67301
20.250 23.250  0.66735
20.250 23.750  0.66287
20.250 24.250  0.65957
20.250 24.750  0.65746
20.250 25.250  0.65652
20.250 25.750  0.65674
20.250 26.250  0.65808
20.250 26.750  0.66050
20.250 27.250  0.66398
20.250 27.750  0.66846
20.250 28.250  0.67389
20.250 28.750  0.68021
20.250 29.250  0.68737
20.250 29.750  0.69531
20.250 30.250  0.70397
20.250 30.750  0.71330
20.250 31.250  0.72324
20.250 31.750  0.73372
20.250 32.250  0.74471
20.250 32.750  0.75615
20.250 33.250  0.76799
20.250 33.750  0.78019
20.250 34.250  0.79271
20.250 34.750  0.80551
20.250 35.250  0.81856
20.250 35.750  0.83183
20.250 36.250  0.84530
20.250 36.750  0.85893
20.250 37.250  0.87271
20.250 37.750  0.88662
20.250 38.250  0.90065
20.250 38.750  0.91479
20.250 39.250  0.92902
20.250 39.750  0.94334
20.250 40.250  0.95774
20.250 40.750  0.97222
20.250 41.250  0.98678
20.250 41.750  1.00142
20.250 42.250  1.01613
20.250 42.750  1.03092
20.250 43.250  1.04579
20.250 43.750  1.06075
20.250 44.250  1.07580
20.250 44.750  1.09094
20.750 -44.750  1.08081
20.750 -44.250  1.06569
20.750 -43.750  1.05065
20.750 -43.250  1.03569
20.750 -42.750  1.02079
20.750 -42.250  1.00596
20.750 -41.750  0.99119
20.750 -41.250  0.97647
20.750 -40.750  0.96181
20.750 -40.250  0.94721
20.750 -39.750  0.93266
20.750 -39.250  0.91817
20.750 -38.750  0.90375
20.750 -38.250  0.88939
20.750 -37.750  0.87511
20.750 -37.250  0.86093
20.750 -36.750  0.84685
20.750 -36.250  0.83289
20.750 -35.750  0.81908
20.750 -35.250  0.80543
20.750 -34.750  0.79198
20.750 -34.250  0.77875
20.750 -33.750  0.76578
20.750 -33.250  0.75312
20.750 -32.750  0.74080
20.750 -32.250  0.72886
20.750 -31.750  0.71737
20.750 -31.250  0.70638
20.750 -30.750  0.69594
20.750 -30.250  0.68611
20.750 -29.750  0.67696
20.750 -29.250  0.66856
20.750 -28.750  0.66096
20.750 -28.250  0.65423
20.750 -27.750  0.64845
20.750 -27.250  0.64366
20.750 -26.750  0.63994
20.750 -26.250  0.63733
20.750 -25.750  0.63588
20.750 -25.250  0.63563
20.750 -24.750  0.63663
20.750 -24.250  0.63889
20.750 -23.750  0.64242
20.750 -23.250  0.64724
20.750 -22.750  0.65333
20.750 -22.250  0.66068
20.750 -21.750  0.66926
20.750 -21.250  0.67902
20.750 -20.750  0.68992
20.750 -20.250  0.70189
20.750 -19.750  0.71487
20.750 -19.250  0.72877
20.750 -18.750  0.74352
20.750 -18.250  0.75902
20.750 -17.750  0.77518
20.750 -17.250  0.79191
20.750 -16.750  0.80911
20.750 -16.250  0.82667
20.750 -15.750  0.84451
20.750 -15.250  0.86254
20.750 -14.750  0.88065
20.750 -14.250  0.89877
20.750 -13.750  0.91680
20.750 -13.250  0.93468
20.750 -12.750  0.95234
20.750 -12.250  0.96969
20.750 -11.750  0.98669
20.750 -11.250  1.00327
20.750 -10.750  1.01938
20.750 -10.250  1.03498
20.750 -9.750  1.05003
20.750 -9.250  1.06448
20.750 -8.750  1.07831
20.750 -8.250  1.09148
20.750 -7.750  1.10398
20.750 -7.250  1.11577
20.750 -6.750  1.12684
20.750 -6.250  1.13718
20.750 -5.750  1.14676
20.750 -5.250  1.15558
20.750 -4.750  1.16363
20.750 -4.250  1.17089
20.750 -3.750  1.17736
20.750 -3.250  1.18304
20.750 -2.750  1.18791
20.750 -2.250  1.19197
20.750 -1.750  1.19523
20.750 -1.250  1.19768
20.750 -0.750  1.19931
20.750 -0.250  1.20012
20.750 0.250  1.20012
20.750 0.750  1.19931
20.750 1.250  1.19768
20.750 1.750  1.19523
20.750 2.250  1.19197
20.750 2.750  1.18791
20.750 3.250  1.18304
20.750 3.750  1.17736
20.750 4.250  1.17089
20.750 4.750  1.16363
20.750 5.250  1.15558
20.750 5.750  1.14676
20.750 6.250  1.13718
20.750 6.750  1.12684
20.750 7.250  1.11577
20.750 7.750  1.10398
20.750 8.250  1.09148
20.750 8.750  1.07831
20.750 9.250  1.06448
20.750 9.750  1.05003
20.750 10.250  1.03498
20.750 10.750  1.01938
20.750 11.250  1.00327
20.750 11.750  0.98669
20.750 12.250  0.96969
20.750 12.750  0.95234
20.750 13.250  0.93468
20.750 13.750  0.91680
20.750 14.250  0.89877
20.750 14.750  0.88065
20.750 15.250  0.86254
20.750 15.750  0.84451
20.750 16.250  0.82667
20.750 16.750  0.80911
20.750 17.250  0.79191
20.750 17.750  0.77518
20.750 18.250  0.75902
20.750 18.750  0.74352
20.750 19.250  0.72877
20.750 19.750  0.71487
20.750 20.250  0.70189
20.750 20.750  0.68992
20.750 21.250  0.67902
20.750 21.750  0.66926
20.750 22.250  0.66068
20.750 22.750  0.65333
20.750 23.250  0.64724
20.750 23.750  0.64242
20.750 24.250  0.63889
20.750 24.750  0.63663
20.750 25.250  0.63563
20.750 25.750  0.63588
20.750 26.250  0.63733
20.750 26.750  0.63994
20.750 27.250  0.64366
20.750 27.750  0.64845
20.750 28.250  0.65423
20.750 28.750  0.66096
20.750 29.250  0.66856
20.750 29.750  0.67696
20.750 30.250  0.68611
20.750 30.750  0.69594
20.750 31.250  0.70638
20.750 31.750  0.71737
20.750 32.250  0.72886
20.750 32.750  0.74080
20.750 33.250  0.75312
20.750 33.750  0.76578
20.750 34.250  0.77875
20.750 34.750  0.79198
20.750 35.250  0.80543
20.750 35.750  0.81908
20.750 36.250  0.83289
20.750 36.750  0.84685
20.750 37.250  0.86093
20.750 37.750  0.87511
20.750 38.250  0.88939
20.750 38.750  0.90375
20.750 39.250  0.91817
20.750 39.750  0.93266
20.750 40.250  0.94721
20.750 40.750  0.96181
20.750 41.250  0.97647
20.750 41.750  0.99119
20.750 42.250  1.00596
20.750 42.750  1.02079
20.750 43.250  1.03569
20.750 43.750  1.05065
20.750 44.250  1.06569
20.750 44.750  1.08081
21.250 -44.750  1.07059
21.250 -44.250  1.05551
21.250 -43.750  1.04048
21.250 -43.250  1.02552
21.250 -42.750  1.01060
21.250 -42.250  0.99574
21.250 -41.750  0.98091
21.250 -41.250  0.96611
21.250 -40.750  0.95135
21.250 -40.250  0.93662
21.250 -39.750  0.92192
21.250 -39.250  0.90726
21.250 -38.750  0.89263
21.250 -38.250  0.87805
21.250 -37.750  0.86351
21.250 -37.250  0.84904
21.250 -36.750  0.83464
21.250 -36.250  0.82034
21.250 -35.750  0.80615
21.250 -35.250  0.79210
21.250 -34.750  0.77821
21.250 -34.250  0.76453
21.250 -33.750  0.75108
21.250 -33.250  0.73790
21.250 -32.750  0.72505
21.250 -32.250  0.71258
21.250 -31.750  0.70053
21.250 -31.250  0.68897
21.250 -30.750  0.67796
21.250 -30.250  0.66757
21.250 -29.750  0.65787
21.250 -29.250  0.64894
21.250 -28.750  0.64084
21.250 -28.250  0.63364
21.250 -27.750  0.62744
21.250 -27.250  0.62228
21.250 -26.750  0.61826
21.250 -26.250  0.61541
21.250 -25.750  0.61381
21.250 -25.250  0.61351
21.250 -24.750  0.61453
21.250 -24.250  0.61692
21.250 -23.750  0.62069
21.250 -23.250  0.62585
21.250 -22.750  0.63240
21.250 -22.250  0.64030
21.250 -21.750  0.64954
21.250 -21.250  0.66006
21.250 -20.750  0.67182
21.250 -20.250  0.68474
21.250 -19.750  0.69874
21.250 -19.250  0.71374
21.250 -18.750  0.72965
21.250 -18.250  0.74636
21.250 -17.750  0.76377
21.250 -17.250  0.78177
21.250 -16.750  0.80027
21.250 -16.250  0.81914
21.250 -15.750  0.83829
21.250 -15.250  0.85762
21.250 -14.750  0.87701
21.250 -14.250  0.89639
21.250 -13.750  0.91566
21.250 -13.250  0.93473
21.250 -12.750  0.95354
21.250 -12.250  0.97200
21.250 -11.750  0.99006
21.250 -11.250  1.00765
21.250 -10.750  1.02473
21.250 -10.250  1.04124
21.250 -9.750  1.05715
21.250 -9.250  1.07241
21.250 -8.750  1.08699
21.250 -8.250  1.10087
21.250 -7.750  1.11403
21.250 -7.250  1.12643
21.250 -6.750  1.13806
21.250 -6.250  1.14891
21.250 -5.750  1.15896
21.250 -5.250  1.16821
21.250 -4.750  1.17663
21.250 -4.250  1.18424
21.250 -3.750  1.19101
21.250 -3.250  1.19694
21.250 -2.750  1.20204
21.250 -2.250  1.20629
21.250 -1.750  1.20969
21.250 -1.250  1.21225
21.250 -0.750  1.21395
21.250 -0.250  1.21480
21.250 0.250  1.21480
21.250 0.750  1.21395
21.250 1.250  1.21225
21.250 1.750  1.20969
21.250 2.250  1.20629
21.250 2.750  1.20204
21.250 3.250  1.19694
21.250 3.750  1.19101
21.250 4.250  1.18424
21.250 4.750  1.17663
21.250 5.250  1.16821
21.250 5.750  1.15896
21.250 6.250  1.14891
21.250 6.750  1.13806
21.250 7.250  1.12643
21.250 7.750  1.11403
21.250 8.250  1.10087
21.250 8.750  1.08699
21.250 9.250  1.07241
21.250 9.750  1.05715
21.250 10.250  1.04124
21.250 10.750  1.02473
21.250 11.250  1.00765
21.250 11.750  0.99006
21.250 12.250  0.97200
21.250 12.750  0.95354
21.250 13.250  0.93473
21.250 13.750  0.91566
21.250 14.250  0.89639
21.250 14.750  0.87701
21.250 15.250  0.85762
21.250 15.750  0.83829
21.250 16.250  0.81914
21.250 16.750  0.80027
21.250 17.250  0.78177
21.250 17.750  0.76377
21.250 18.250  0.74636
21.250 18.750  0.72965
21.250 19.250  0.71374
21.250 19.750  0.69874
21.250 20.250  0.68474
21.250 20.750  0.67182
21.250 21.250  0.66006
21.250 21.750  0.64954
21.250 22.250  0.64030
21.250 22.750  0.63240
21.250 23.250  0.62585
21.250 23.750  0.62069
21.250 24.250  0.61692
21.250 24.750  0.61453
21.250 25.250  0.61351
21.250 25.750  0.61381
21.250 26.250  0.61541
21.250 26.750  0.61826
21.250 27.250  0.62228
21.250 27.750  0.62744
21.250 28.250  0.63364
21.250 28.750  0.64084
21.250 29.250  0.64894
21.250 29.750  0.65787
21.250 30.250  0.66757
21.250 30.750  0.67796
21.250 31.250  0.68897
21.250 31.750  0.70053
21.250 32.250  0.71258
21.250 32.750  0.72505
21.250 33.250  0.73790
21.250 33.750  0.75108
21.250 34.250  0.76453
21.250 34.750  0.77821
21.250 35.250  0.79210
21.250 35.750  0.80615
21.250 36.250  0.82034
21.250 36.750  0.83464
21.250 37.250  0.84904
21.250 37.750  0.86351
21.250 38.250  0.87805
21.250 38.750  0.89263
21.250 39.250  0.90726
21.250 39.750  0.92192
21.250 40.250  0.93662
21.250 40.750  0.95135
21.250 41.250  0.96611
21.250 41.750  0.98091
21.250 42.250  0.99574
21.250 42.750  1.01060
21.250 43.250  1.02552
21.250 43.750  1.04048
21.250 44.250  1.05551
21.250 44.750  1.07059
21.750 -44.750  1.06030
21.750 -44.250  1.04525
21.750 -43.750  1.03026
21.750 -43.250  1.01530
21.750 -42.750  1.00037
21.750 -42.250  0.98547
21.750 -41.750  0.97059
21.750 -41.250  0.95572
21.750 -40.750  0.94086
21.750 -40.250  0.92600
21.750 -39.750  0.91115
21.750 -39.250  0.89631
21.750 -38.750  0.88147
21.750 -38.250  0.86665
21.750 -37.750  0.85185
21.750 -37.250  0.83708
21.750 -36.750  0.82235
21.750 -36.250  0.80768
21.750 -35.750  0.79309
21.750 -35.250  0.77860
21.750 -34.750  0.76425
21.750 -34.250  0.75007
21.750 -33.750  0.73609
21.750 -33.250  0.72237
21.750 -32.750  0.70894
21.750 -32.250  0.69586
21.750 -31.750  0.68319
21.750 -31.250  0.67101
21.750 -30.750  0.65937
21.750 -30.250  0.64834
21.750 -29.750  0.63802
21.750 -29.250  0.62848
21.750 -28.750  0.61980
21.750 -28.250  0.61207
21.750 -27.750  0.60537
21.750 -27.250  0.59978
21.750 -26.750  0.59539
21.750 -26.250  0.59225
21.750 -25.750  0.59045
21.750 -25.250  0.59004
21.750 -24.750  0.59107
21.750 -24.250  0.59357
21.750 -23.750  0.59757
21.750 -23.250  0.60308
21.750 -22.750  0.61009
21.750 -22.250  0.61859
21.750 -21.750  0.62853
21.750 -21.250  0.63988
21.750 -20.750  0.65256
21.750 -20.250  0.66650
21.750 -19.750  0.68161
21.750 -19.250  0.69780
21.750 -18.750  0.71497
21.750 -18.250  0.73299
21.750 -17.750  0.75176
21.750 -17.250  0.77115
21.750 -16.750  0.79105
21.750 -16.250  0.81134
21.750 -15.750  0.83190
21.750 -15.250  0.85263
21.750 -14.750  0.87340
21.750 -14.250  0.89412
21.750 -13.750  0.91470
21.750 -13.250  0.93505
21.750 -12.750  0.95508
21.750 -12.250  0.97472
21.750 -11.750  0.99390
21.750 -11.250  1.01256
21.750 -10.750  1.03064
21.750 -10.250  1.04811
21.750 -9.750  1.06491
21.750 -9.250  1.08101
21.750 -8.750  1.09638
21.750 -8.250  1.11100
21.750 -7.750  1.12482
21.750 -7.250  1.13785
21.750 -6.750  1.15006
21.750 -6.250  1.16144
21.750 -5.750  1.17197
21.750 -5.250  1.18165
21.750 -4.750  1.19047
21.750 -4.250  1.19842
21.750 -3.750  1.20549
21.750 -3.250  1.21169
21.750 -2.750  1.21701
21.750 -2.250  1.22145
21.750 -1.750  1.22500
21.750 -1.250  1.22766
21.750 -0.750  1.22944
21.750 -0.250  1.23033
21.750 0.250  1.23033
21.750 0.750  1.22944
21.750 1.250  1.22766
21.750 1.750  1.22500
21.750 2.250  1.22145
21.750 2.750  1.21701
21.750 3.250  1.21169
21.750 3.750  1.20549
21.750 4.250  1.19842
21.750 4.750  1.19047
21.750 5.250  1.18165
21.750 5.750  1.17197
21.750 6.250  1.16144
21.750 6.750  1.15006
21.750 7.250  1.13785
21.750 7.750  1.12482
21.750 8.250  1.11100
21.750 8.750  1.09638
21.750 9.250  1.08101
21.750 9.750  1.06491
21.750 10.250  1.04811
21.750 10.750  1.03064
21.750 11.250  1.01256
21.750 11.750  0.99390
21.750 12.250  0.97472
21.750 12.750  0.95508
21.750 13.250  0.93505
21.750 13.750  0.91470
21.750 14.250  0.89412
21.750 14.750  0.87340
21.750 15.250  0.85263
21.750 15.750  0.83190
21.750 16.250  0.81134
21.750 16.750  0.79105
21.750 17.250  0.77115
21.750 17.750  0.75176
21.750 18.250  0.73299
21.750 18.750  0.71497
21.750 19.250  0.69780
21.750 19.750  0.68161
21.750 20.250  0.66650
21.750 20.750  0.65256
21.750 21.250  0.63988
21.750 21.750  0.62853
21.750 22.250  0.61859
21.750 22.750  0.61009
21.750 23.250  0.60308
21.750 23.750  0.59757
21.750 24.250  0.59357
21.750 24.750  0.59107
21.750 25.250  0.59004
21.750 25.750  0.59045
21.750 26.250  0.59225
21.750 26.750  0.59539
21.750 27.250  0.59978
21.750 27.750  0.60537
21.750 28.250  0.61207
21.750 28.750  0.61980
21.750 29.250  0.62848
21.750 29.750  0.63802
21.750 30.250  0.64834
21.750 30.750  0.65937
21.750 31.250  0.67101
21.750 31.750  0.68319
21.750 32.250  0.69586
21.750 32.750  0.70894
21.750 33.250  0.72237
21.750 33.750  0.73609
21.750 34.250  0.75007
21.750 34.750  0.76425
21.750 35.250  0.77860
21.750 35.750  0.79309
21.750 36.250  0.80768
21.750 36.750  0.82235
21.750 37.250  0.83708
21.750 37.750  0.85185
21.750 38.250  0.86665
21.750 38.750  0.88147
21.750 39.250  0.89631
21.750 39.750  0.91115
21.750 40.250  0.92600
21.750 40.750  0.94086
21.750 41.250  0.95572
21.750 41.750  0.97059
21.750 42.250  0.98547
21.750 42.750  1.00037
21.750 43.250  1.01530
21.750 43.750  1.03026
21.750 44.250  1.04525
21.750 44.750  1.06030
22.250 -44.750  1.04995
22.250 -44.250  1.03495
22.250 -43.750  1.01999
22.250 -43.250  1.00505
22.250 -42.750  0.99011
22.250 -42.250  0.97519
22.250 -41.750  0.96026
22.250 -41.250  0.94532
22.250 -40.750  0.93036
22.250 -40.250  0.91538
22.250 -39.750  0.90038
22.250 -39.250  0.88535
22.250 -38.750  0.87031
22.250 -38.250  0.85524
22.250 -37.750  0.84016
22.250 -37.250  0.82507
22.250 -36.750  0.80999
22.250 -36.250  0.79493
22.250 -35.750  0.77992
22.250 -35.250  0.76498
22.250 -34.750  0.75013
22.250 -34.250  0.73541
22.250 -33.750  0.72086
22.250 -33.250  0.70653
22.250 -32.750  0.69247
22.250 -32.250  0.67873
22.250 -31.750  0.66538
22.250 -31.250  0.65250
22.250 -30.750  0.64015
22.250 -30.250  0.62842
22.250 -29.750  0.61739
22.250 -29.250  0.60716
22.250 -28.750  0.59782
22.250 -28.250  0.58946
22.250 -27.750  0.58219
22.250 -27.250  0.57609
22.250 -26.750  0.57125
22.250 -26.250  0.56776
22.250 -25.750  0.56570
22.250 -25.250  0.56514
22.250 -24.750  0.56613
22.250 -24.250  0.56873
22.250 -23.750  0.57295
22.250 -23.250  0.57881
22.250 -22.750  0.58631
22.250 -22.250  0.59542
22.250 -21.750  0.60612
22.250 -21.250  0.61835
22.250 -20.750  0.63203
22.250 -20.250  0.64708
22.250 -19.750  0.66340
22.250 -19.250  0.68089
22.250 -18.750  0.69942
22.250 -18.250  0.71888
22.250 -17.750  0.73912
22.250 -17.250  0.76002
22.250 -16.750  0.78145
22.250 -16.250  0.80327
22.250 -15.750  0.82535
22.250 -15.250  0.84758
22.250 -14.750  0.86984
22.250 -14.250  0.89200
22.250 -13.750  0.91398
22.250 -13.250  0.93568
22.250 -12.750  0.95701
22.250 -12.250  0.97789
22.250 -11.750  0.99825
22.250 -11.250  1.01803
22.250 -10.750  1.03718
22.250 -10.250  1.05564
22.250 -9.750  1.07338
22.250 -9.250  1.09035
22.250 -8.750  1.10653
22.250 -8.250  1.12190
22.250 -7.750  1.13643
22.250 -7.250  1.15010
22.250 -6.750  1.16289
22.250 -6.250  1.17481
22.250 -5.750  1.18583
22.250 -5.250  1.19595
22.250 -4.750  1.20517
22.250 -4.250  1.21347
22.250 -3.750  1.22086
22.250 -3.250  1.22732
22.250 -2.750  1.23287
22.250 -2.250  1.23749
22.250 -1.750  1.24120
22.250 -1.250  1.24397
22.250 -0.750  1.24582
22.250 -0.250  1.24675
22.250 0.250  1.24675
22.250 0.750  1.24582
22.250 1.250  1.24397
22.250 1.750  1.24120
22.250 2.250  1.23749
22.250 2.750  1.23287
22.250 3.250  1.22732
22.250 3.750  1.22086
22.250 4.250  1.21347
22.250 4.750  1.20517
22.250 5.250  1.19595
22.250 5.750  1.18583
22.250 6.250  1.17481
22.250 6.750  1.16289
22.250 7.250  1.15010
22.250 7.750  1.13643
22.250 8.250  1.12190
22.250 8.750  1.10653
22.250 9.250  1.09035
22.250 9.750  1.07338
22.250 10.250  1.05564
22.250 10.750  1.03718
22.250 11.250  1.01803
22.250 11.750  0.99825
22.250 12.250  0.97789
22.250 12.750  0.95701
22.250 13.250  0.93568
22.250 13.750  0.91398
22.250 14.250  0.89200
22.250 14.750  0.86984
22.250 15.250  0.84758
22.250 15.750  0.82535
22.250 16.250  0.80327
22.250 16.750  0.78145
22.250 17.250  0.76002
22.250 17.750  0.73912
22.250 18.250  0.71888
22.250 18.750  0.69942
22.250 19.250  0.68089
22.250 19.750  0.66340
22.250 20.250  0.64708
22.250 20.750  0.63203
22.250 21.250  0.61835
22.250 21.750  0.60612
22.250 22.250  0.59542
22.250 22.750  0.58631
22.250 23.250  0.57881
22.250 23.750  0.57295
22.250 24.250  0.56873
22.250 24.750  0.56613
22.250 25.250  0.56514
22.250 25.750  0.56570
22.250 26.250  0.56776
22.250 26.750  0.57125
22.250 27.250  0.57609
22.250 27.750  0.58219
22.250 28.250  0.58946
22.250 28.750  0.59782
22.250 29.250  0.60716
22.250 29.750  0.61739
22.250 30.250  0.62842
22.250 30.750  0.64015
22.250 31.250  0.65250
22.250 31.750  0.66538
22.250 32.250  0.67873
22.250 32.750  0.69247
22.250 33.250  0.70653
22.250 33.750  0.72086
22.250 34.250  0.73541
22.250 34.750  0.75013
22.250 35.250  0.76498
22.250 35.750  0.77992
22.250 36.250  0.79493
22.250 36.750  0.80999
22.250 37.250  0.82507
22.250 37.750  0.84016
22.250 38.250  0.85524
22.250 38.750  0.87031
22.250 39.250  0.88535
22.250 39.750  0.90038
22.250 40.250  0.91538
22.250 40.750  0.93036
22.250 41.250  0.94532
22.250 41.750  0.96026
22.250 42.250  0.97519
22.250 42.750  0.99011
22.250 43.250  1.00505
22.250 43.750  1.01999
22.250 44.250  1.03495
22.250 44.750  1.04995
22.750 -44.750  1.03956
22.750 -44.250  1.02462
22.750 -43.750  1.00970
22.750 -43.250  0.99478
22.750 -42.750  0.97985
22.750 -42.250  0.96491
22.750 -41.750  0.94994
22.750 -41.250  0.93493
22.750 -40.750  0.91988
22.750 -40.250  0.90478
22.750 -39.750  0.88963
22.750 -39.250  0.87442
22.750 -38.750  0.85916
22.750 -38.250  0.84384
22.750 -37.750  0.82847
22.750 -37.250  0.81306
22.750 -36.750  0.79761
22.750 -36.250  0.78215
22.750 -35.750  0.76669
22.750 -35.250  0.75125
22.750 -34.750  0.73587
22.750 -34.250  0.72058
22.750 -33.750  0.70541
22.750 -33.250  0.69043
22.750 -32.750  0.67567
22.750 -32.250  0.66121
22.750 -31.750  0.64711
22.750 -31.250  0.63345
22.750 -30.750  0.62032
22.750 -30.250  0.60779
22.750 -29.750  0.59597
22.750 -29.250  0.58495
22.750 -28.750  0.57486
22.750 -28.250  0.56578
22.750 -27.750  0.55783
22.750 -27.250  0.55113
22.750 -26.750  0.54576
22.750 -26.250  0.54184
22.750 -25.750  0.53945
22.750 -25.250  0.53868
22.750 -24.750  0.53960
22.750 -24.250  0.54225
22.750 -23.750  0.54667
22.750 -23.250  0.55289
22.750 -22.750  0.56090
22.750 -22.250  0.57068
22.750 -21.750  0.58218
22.750 -21.250  0.59536
22.750 -20.750  0.61013
22.750 -20.250  0.62639
22.750 -19.750  0.64403
22.750 -19.250  0.66293
22.750 -18.750  0.68296
22.750 -18.250  0.70398
22.750 -17.750  0.72583
22.750 -17.250  0.74837
22.750 -16.750  0.77145
22.750 -16.250  0.79493
22.750 -15.750  0.81866
22.750 -15.250  0.84251
22.750 -14.750  0.86636
22.750 -14.250  0.89007
22.750 -13.750  0.91355
22.750 -13.250  0.93669
22.750 -12.750  0.95939
22.750 -12.250  0.98159
22.750 -11.750  1.00319
22.750 -11.250  1.02415
22.750 -10.750  1.04440
22.750 -10.250  1.06390
22.750 -9.750  1.08260
22.750 -9.250  1.10048
22.750 -8.750  1.11750
22.750 -8.250  1.13364
22.750 -7.750  1.14889
22.750 -7.250  1.16321
22.750 -6.750  1.17661
22.750 -6.250  1.18908
22.750 -5.750  1.20059
22.750 -5.250  1.21116
22.750 -4.750  1.22078
22.750 -4.250  1.22944
22.750 -3.750  1.23714
22.750 -3.250  1.24387
22.750 -2.750  1.24965
22.750 -2.250  1.25446
22.750 -1.750  1.25832
22.750 -1.250  1.26120
22.750 -0.750  1.26313
22.750 -0.250  1.26409
22.750 0.250  1.26409
22.750 0.750  1.26313
22.750 1.250  1.26120
22.750 1.750  1.25832
22.750 2.250  1.25446
22.750 2.750  1.24965
22.750 3.250  1.24387
22.750 3.750  1.23714
22.750 4.250  1.22944
22.750 4.750  1.22078
22.750 5.250  1.21116
22.750 5.750  1.20059
22.750 6.250  1.18908
22.750 6.750  1.17661
22.750 7.250  1.16321
22.750 7.750  1.14889
22.750 8.250  1.13364
22.750 8.750  1.11750
22.750 9.250  1.10048
22.750 9.750  1.08260
22.750 10.250  1.06390
22.750 10.750  1.04440
22.750 11.250  1.02415
22.750 11.750  1.00319
22.750 12.250  0.98159
22.750 12.750  0.95939
22.750 13.250  0.93669
22.750 13.750  0.91355
22.750 14.250  0.89007
22.750 14.750  0.86636
22.750 15.250  0.84251
22.750 15.750  0.81866
22.750 16.250  0.79493
22.750 16.750  0.77145
22.750 17.250  0.74837
22.750 17.750  0.72583
22.750 18.250  0.70398
22.750 18.750  0.68296
22.750 19.250  0.66293
22.750 19.750  0.64403
22.750 20.250  0.62639
22.750 20.750  0.61013
22.750 21.250  0.59536
22.750 21.750  0.58218
22.750 22.250  0.57068
22.750 22.750  0.56090
22.750 23.250  0.55289
22.750 23.750  0.54667
22.750 24.250  0.54225
22.750 24.750  0.53960
22.750 25.250  0.53868
22.750 25.750  0.53945
22.750 26.250  0.54184
22.750 26.750  0.54576
22.750 27.250  0.55113
22.750 27.750  0.55783
22.750 28.250  0.56578
22.750 28.750  0.57486
22.750 29.250  0.58495
22.750 29.750  0.59597
22.750 30.250  0.60779
22.750 30.750  0.62032
22.750 31.250  0.63345
22.750 31.750  0.64711
22.750 32.250  0.66121
22.750 32.750  0.67567
22.750 33.250  0.69043
22.750 33.750  0.70541
22.750 34.250  0.72058
22.750 34.750  0.73587
22.750 35.250  0.75125
22.750 35.750  0.76669
22.750 36.250  0.78215
22.750 36.750  0.79761
22.750 37.250  0.81306
22.750 37.750  0.82847
22.750 38.250  0.84384
22.750 38.750  0.85916
22.750 39.250  0.87442
22.750 39.750  0.88963
22.750 40.250  0.90478
22.750 40.750  0.91988
22.750 41.250  0.93493
22.750 41.750  0.94994
22.750 42.250  0.96491
22.750 42.750  0.97985
22.750 43.250  0.99478
22.750 43.750  1.00970
22.750 44.250  1.02462
22.750 44.750  1.03956
23.250 -44.750  1.02914
23.250 -44.250  1.01428
23.250 -43.750  0.99941
23.250 -43.250  0.98452
23.250 -42.750  0.96961
23.250 -42.250  0.95466
23.250 -41.750  0.93965
23.250 -41.250  0.92459
23.250 -40.750  0.90945
23.250 -40.250  0.89423
23.250 -39.750  0.87893
23.250 -39.250  0.86354
23.250 -38.750  0.84806
23.250 -38.250  0.83249
23.250 -37.750  0.81682
23.250 -37.250  0.80108
23.250 -36.750  0.78525
23.250 -36.250  0.76936
23.250 -35.750  0.75343
23.250 -35.250  0.73747
23.250 -34.750  0.72152
23.250 -34.250  0.70562
23.250 -33.750  0.68979
23.250 -33.250  0.67410
23.250 -32.750  0.65859
23.250 -32.250  0.64334
23.250 -31.750  0.62841
23.250 -31.250  0.61389
23.250 -30.750  0.59987
23.250 -30.250  0.58645
23.250 -29.750  0.57373
23.250 -29.250  0.56183
23.250 -28.750  0.55087
23.250 -28.250  0.54096
23.250 -27.750  0.53224
23.250 -27.250  0.52482
23.250 -26.750  0.51883
23.250 -26.250  0.51438
23.250 -25.750  0.51159
23.250 -25.250  0.51054
23.250 -24.750  0.51132
23.250 -24.250  0.51399
23.250 -23.750  0.51860
23.250 -23.250  0.52518
23.250 -22.750  0.53371
23.250 -22.250  0.54419
23.250 -21.750  0.55657
23.250 -21.250  0.57078
23.250 -20.750  0.58673
23.250 -20.250  0.60431
23.250 -19.750  0.62340
23.250 -19.250  0.64385
23.250 -18.750  0.66552
23.250 -18.250  0.68824
23.250 -17.750  0.71184
23.250 -17.250  0.73617
23.250 -16.750  0.76106
23.250 -16.250  0.78634
23.250 -15.750  0.81185
23.250 -15.250  0.83746
23.250 -14.750  0.86301
23.250 -14.250  0.88838
23.250 -13.750  0.91346
23.250 -13.250  0.93813
23.250 -12.750  0.96229
23.250 -12.250  0.98587
23.250 -11.750  1.00878
23.250 -11.250  1.03097
23.250 -10.750  1.05238
23.250 -10.250  1.07295
23.250 -9.750  1.09266
23.250 -9.250  1.11147
23.250 -8.750  1.12935
23.250 -8.250  1.14629
23.250 -7.750  1.16226
23.250 -7.250  1.17726
23.250 -6.750  1.19127
23.250 -6.250  1.20429
23.250 -5.750  1.21631
23.250 -5.250  1.22733
23.250 -4.750  1.23735
23.250 -4.250  1.24636
23.250 -3.750  1.25438
23.250 -3.250  1.26139
23.250 -2.750  1.26739
23.250 -2.250  1.27240
23.250 -1.750  1.27640
23.250 -1.250  1.27940
23.250 -0.750  1.28140
23.250 -0.250  1.28240
23.250 0.250  1.28240
23.250 0.750  1.28140
23.250 1.250  1.27940
23.250 1.750  1.27640
23.250 2.250  1.27240
23.250 2.750  1.26739
23.250 3.250  1.26139
23.250 3.750  1.25438
23.250 4.250  1.24636
23.250 4.750  1.23735
23.250 5.250  1.22733
23.250 5.750  1.21631
23.250 6.250  1.20429
23.250 6.750  1.19127
23.250 7.250  1.17726
23.250 7.750  1.16226
23.250 8.250  1.14629
23.250 8.750  1.12935
23.250 9.250  1.11147
23.250 9.750  1.09266
23.250 10.250  1.07295
23.250 10.750  1.05238
23.250 11.250  1.03097
23.250 11.750  1.00878
23.250 12.250  0.98587
23.250 12.750  0.96229
23.250 13.250  0.93813
23.250 13.750  0.91346
23.250 14.250  0.88838
23.250 14.750  0.86301
23.250 15.250  0.83746
23.250 15.750  0.81185
23.250 16.250  0.78634
23.250 16.750  0.76106
23.250 17.250  0.73617
23.250 17.750  0.71184
23.250 18.250  0.68824
23.250 18.750  0.66552
23.250 19.250  0.64385
23.250 19.750  0.62340
23.250 20.250  0.60431
23.250 20.750  0.58673
23.250 21.250  0.57078
23.250 21.750  0.55657
23.250 22.250  0.54419
23.250 22.750  0.53371
23.250 23.250  0.52518
23.250 23.750  0.51860
23.250 24.250  0.51399
23.250 24.750  0.51132
23.250 25.250  0.51054
23.250 25.750  0.51159
23.250 26.250  0.51438
23.250 26.750  0.51883
23.250 27.250  0.52482
23.250 27.750  0.53224
23.250 28.250  0.54096
23.250 28.750  0.55087
23.250 29.250  0.56183
23.250 29.750  0.57373
23.250 30.250  0.58645
23.250 30.750  0.59987
23.250 31.250  0.61389
23.250 31.750  0.62841
23.250 32.250  0.64334
23.250 32.750  0.65859
23.250 33.250  0.67410
23.250 33.750  0.68979
23.250 34.250  0.70562
23.250 34.750  0.72152
23.250 35.250  0.73747
23.250 35.750  0.75343
23.250 36.250  0.76936
23.250 36.750  0.78525
23.250 37.250  0.80108
23.250 37.750  0.81682
23.250 38.250  0.83249
23.250 38.750  0.84806
23.250 39.250  0.86354
23.250 39.750  0.87893
23.250 40.250  0.89423
23.250 40.750  0.90945
23.250 41.250  0.92459
23.250 41.750  0.93965
23.250 42.250  0.95466
23.250 42.750  0.96961
23.250 43.250  0.98452
23.250 43.750  0.99941
23.250 44.250  1.01428
23.250 44.750  1.02914
23.750 -44.750  1.01872
23.750 -44.250  1.00394
23.750 -43.750  0.98914
23.750 -43.250  0.97430
23.750 -42.750  0.95941
23.750 -42.250  0.94446
23.750 -41.750  0.92943
23.750 -41.250  0.91431
23.750 -40.750  0.89910
23.750 -40.250  0.88377
23.750 -39.750  0.86833
23.750 -39.250  0.85276
23.750 -38.750  0.83706
23.750 -38.250  0.82123
23.750 -37.750  0.80527
23.750 -37.250  0.78917
23.750 -36.750  0.77295
23.750 -36.250  0.75662
23.750 -35.750  0.74020
23.750 -35.250  0.72369
23.750 -34.750  0.70714
23.750 -34.250  0.69057
23.750 -33.750  0.67404
23.750 -33.250  0.65758
23.750 -32.750  0.64125
23.750 -32.250  0.62513
23.750 -31.750  0.60929
23.750 -31.250  0.59383
23.750 -30.750  0.57883
23.750 -30.250  0.56441
23.750 -29.750  0.55068
23.750 -29.250  0.53778
23.750 -28.750  0.52582
23.750 -28.250  0.51496
23.750 -27.750  0.50534
23.750 -27.250  0.49709
23.750 -26.750  0.49035
23.750 -26.250  0.48527
23.750 -25.750  0.48197
23.750 -25.250  0.48056
23.750 -24.750  0.48114
23.750 -24.250  0.48379
23.750 -23.750  0.48857
23.750 -23.250  0.49549
23.750 -22.750  0.50458
23.750 -22.250  0.51581
23.750 -21.750  0.52913
23.750 -21.250  0.54446
23.750 -20.750  0.56170
23.750 -20.250  0.58073
23.750 -19.750  0.60140
23.750 -19.250  0.62355
23.750 -18.750  0.64702
23.750 -18.250  0.67161
23.750 -17.750  0.69714
23.750 -17.250  0.72342
23.750 -16.750  0.75027
23.750 -16.250  0.77751
23.750 -15.750  0.80496
23.750 -15.250  0.83245
23.750 -14.750  0.85985
23.750 -14.250  0.88700
23.750 -13.750  0.91377
23.750 -13.250  0.94007
23.750 -12.750  0.96578
23.750 -12.250  0.99081
23.750 -11.750  1.01510
23.750 -11.250  1.03857
23.750 -10.750  1.06118
23.750 -10.250  1.08287
23.750 -9.750  1.10362
23.750 -9.250  1.12338
23.750 -8.750  1.14215
23.750 -8.250  1.15989
23.750 -7.750  1.17661
23.750 -7.250  1.19229
23.750 -6.750  1.20691
23.750 -6.250  1.22049
23.750 -5.750  1.23302
23.750 -5.250  1.24450
23.750 -4.750  1.25492
23.750 -4.250  1.26430
23.750 -3.750  1.27262
23.750 -3.250  1.27990
23.750 -2.750  1.28614
23.750 -2.250  1.29133
23.750 -1.750  1.29548
23.750 -1.250  1.29860
23.750 -0.750  1.30067
23.750 -0.250  1.30171
23.750 0.250  1.30171
23.750 0.750  1.30067
23.750 1.250  1.29860
23.750 1.750  1.29548
23.750 2.250  1.29133
23.750 2.750  1.28614
23.750 3.250  1.27990
23.750 3.750  1.27262
23.750 4.250  1.26430
23.750 4.750  1.25492
23.750 5.250  1.24450
23.750 5.750  1.23302
23.750 6.250  1.22049
23.750 6.750  1.20691
23.750 7.250  1.19229
23.750 7.750  1.17661
23.750 8.250  1.15989
23.750 8.750  1.14215
23.750 9.250  1.12338
23.750 9.750  1.10362
23.750 10.250  1.08287
23.750 10.750  1.06118
23.750 11.250  1.03857
23.750 11.750  1.01510
23.750 12.250  0.99081
23.750 12.750  0.96578
23.750 13.250  0.94007
23.750 13.750  0.91377
23.750 14.250  0.88700
23.750 14.750  0.85985
23.750 15.250  0.83245
23.750 15.750  0.80496
23.750 16.250  0.77751
23.750 16.750  0.75027
23.750 17.250  0.72342
23.750 17.750  0.69714
23.750 18.250  0.67161
23.750 18.750  0.64702
23.750 19.250  0.62355
23.750 19.750  0.60140
23.750 20.250  0.58073
23.750 20.750  0.56170
23.750 21.250  0.54446
23.750 21.750  0.52913
23.750 22.250  0.51581
23.750 22.750  0.50458
23.750 23.250  0.49549
23.750 23.750  0.48857
23.750 24.250  0.48379
23.750 24.750  0.48114
23.750 25.250  0.48056
23.750 25.750  0.48197
23.750 26.250  0.48527
23.750 26.750  0.49035
23.750 27.250  0.49709
23.750 27.750  0.50534
23.750 28.250  0.51496
23.750 28.750  0.52582
23.750 29.250  0.53778
23.750 29.750  0.55068
23.750 30.250  0.56441
23.750 30.750  0.57883
23.750 31.250  0.59383
23.750 31.750  0.60929
23.750 32.250  0.62513
23.750 32.750  0.64125
23.750 33.250  0.65758
23.750 33.750  0.67404
23.750 34.250  0.69057
23.750 34.750  0.70714
23.750 35.250  0.72369
23.750 35.750  0.74020
23.750 36.250  0.75662
23.750 36.750  0.77295
23.750 37.250  0.78917
23.750 37.750  0.80527
23.750 38.250  0.82123
23.750 38.750  0.83706
23.750 39.250  0.85276
23.750 39.750  0.86833
23.750 40.250  0.88377
23.750 40.750  0.89910
23.750 41.250  0.91431
23.750 41.750  0.92943
23.750 42.250  0.94446
23.750 42.750  0.95941
23.750 43.250  0.97430
23.750 43.750  0.98914
23.750 44.250  1.00394
23.750 44.750  1.01872
24.250 -44.750  1.00830
24.250 -44.250  0.99362
24.250 -43.750  0.97890
24.250 -43.250  0.96412
24.250 -42.750  0.94927
24.250 -42.250  0.93433
24.250 -41.750  0.91929
24.250 -41.250  0.90414
24.250 -40.750  0.88885
24.250 -40.250  0.87343
24.250 -39.750  0.85785
24.250 -39.250  0.84211
24.250 -38.750  0.82620
24.250 -38.250  0.81011
24.250 -37.750  0.79384
24.250 -37.250  0.77739
24.250 -36.750  0.76077
24.250 -36.250  0.74398
24.250 -35.750  0.72704
24.250 -35.250  0.70996
24.250 -34.750  0.69277
24.250 -34.250  0.67551
24.250 -33.750  0.65821
24.250 -33.250  0.64092
24.250 -32.750  0.62371
24.250 -32.250  0.60665
24.250 -31.750  0.58981
24.250 -31.250  0.57330
24.250 -30.750  0.55721
24.250 -30.250  0.54168
24.250 -29.750  0.52681
24.250 -29.250  0.51277
24.250 -28.750  0.49969
24.250 -28.250  0.48773
24.250 -27.750  0.47706
24.250 -27.250  0.46783
24.250 -26.750  0.46022
24.250 -26.250  0.45438
24.250 -25.750  0.45046
24.250 -25.250  0.44859
24.250 -24.750  0.44890
24.250 -24.250  0.45146
24.250 -23.750  0.45637
24.250 -23.250  0.46365
24.250 -22.750  0.47331
24.250 -22.250  0.48534
24.250 -21.750  0.49967
24.250 -21.250  0.51622
24.250 -20.750  0.53488
24.250 -20.250  0.55550
24.250 -19.750  0.57791
24.250 -19.250  0.60194
24.250 -18.750  0.62739
24.250 -18.250  0.65403
24.250 -17.750  0.68168
24.250 -17.250  0.71010
24.250 -16.750  0.73910
24.250 -16.250  0.76847
24.250 -15.750  0.79801
24.250 -15.250  0.82755
24.250 -14.750  0.85693
24.250 -14.250  0.88598
24.250 -13.750  0.91458
24.250 -13.250  0.94260
24.250 -12.750  0.96994
24.250 -12.250  0.99651
24.250 -11.750  1.02224
24.250 -11.250  1.04705
24.250 -10.750  1.07090
24.250 -10.250  1.09375
24.250 -9.750  1.11555
24.250 -9.250  1.13630
24.250 -8.750  1.15596
24.250 -8.250  1.17453
24.250 -7.750  1.19200
24.250 -7.250  1.20836
24.250 -6.750  1.22361
24.250 -6.250  1.23775
24.250 -5.750  1.25079
24.250 -5.250  1.26272
24.250 -4.750  1.27354
24.250 -4.250  1.28327
24.250 -3.750  1.29191
24.250 -3.250  1.29946
24.250 -2.750  1.30592
24.250 -2.250  1.31130
24.250 -1.750  1.31561
24.250 -1.250  1.31883
24.250 -0.750  1.32098
24.250 -0.250  1.32205
24.250 0.250  1.32205
24.250 0.750  1.32098
24.250 1.250  1.31883
24.250 1.750  1.31561
24.250 2.250  1.31130
24.250 2.750  1.30592
24.250 3.250  1.29946
24.250 3.750  1.29191
24.250 4.250  1.28327
24.250 4.750  1.27354
24.250 5.250  1.26272
24.250 5.750  1.25079
24.250 6.250  1.23775
24.250 6.750  1.22361
24.250 7.250  1.20836
24.250 7.750  1.19200
24.250 8.250  1.17453
24.250 8.750  1.15596
24.250 9.250  1.13630
24.250 9.750  1.11555
24.250 10.250  1.09375
24.250 10.750  1.07090
24.250 11.250  1.04705
24.250 11.750  1.02224
24.250 12.250  0.99651
24.250 12.750  0.96994
24.250 13.250  0.94260
24.250 13.750  0.91458
24.250 14.250  0.88598
24.250 14.750  0.85693
24.250 15.250  0.82755
24.250 15.750  0.79801
24.250 16.250  0.76847
24.250 16.750  0.73910
24.250 17.250  0.71010
24.250 17.750  0.68168
24.250 18.250  0.65403
24.250 18.750  0.62739
24.250 19.250  0.60194
24.250 19.750  0.57791
24.250 20.250  0.55550
24.250 20.750  0.53488
24.250 21.250  0.51622
24.250 21.750  0.49967
24.250 22.250  0.48534
24.250 22.750  0.47331
24.250 23.250  0.46365
24.250 23.750  0.45637
24.250 24.250  0.45146
24.250 24.750  0.44890
24.250 25.250  0.44859
24.250 25.750  0.45046
24.250 26.250  0.45438
24.250 26.750  0.46022
24.250 27.250  0.46783
24.250 27.750  0.47706
24.250 28.250  0.48773
24.250 28.750  0.49969
24.250 29.250  0.51277
24.250 29.750  0.52681
24.250 30.250  0.54168
24.250 30.750  0.55721
24.250 31.250  0.57330
24.250 31.750  0.58981
24.250 32.250  0.60665
24.250 32.750  0.62371
24.250 33.250  0.64092
24.250 33.750  0.65821
24.250 34.250  0.67551
24.250 34.750  0.69277
24.250 35.250  0.70996
24.250 35.750  0.72704
24.250 36.250  0.74398
24.250 36.750  0.76077
24.250 37.250  0.77739
24.250 37.750  0.79384
24.250 38.250  0.81011
24.250 38.750  0.82620
24.250 39.250  0.84211
24.250 39.750  0.85785
24.250 40.250  0.87343
24.250 40.750  0.88885
24.250 41.250  0.90414
24.250 41.750  0.91929
24.250 42.250  0.93433
24.250 42.750  0.94927
24.250 43.250  0.96412
24.250 43.750  0.97890
24.250 44.250  0.99362
24.250 44.750  1.00830
24.750 -44.750  0.99791
24.750 -44.250  0.98334
24.750 -43.750  0.96872
24.750 -43.250  0.95402
24.750 -42.750  0.93922
24.750 -42.250  0.92431
24.750 -41.750  0.90927
24.750 -41.250  0.89409
24.750 -40.750  0.87875
24.750 -40.250  0.86324
24.750 -39.750  0.84753
24.750 -39.250  0.83162
24.750 -38.750  0.81550
24.750 -38.250  0.79916
24.750 -37.750  0.78259
24.750 -37.250  0.76579
24.750 -36.750  0.74876
24.750 -36.250  0.73149
24.750 -35.750  0.71402
24.750 -35.250  0.69634
24.750 -34.750  0.67848
24.750 -34.250  0.66048
24.750 -33.750  0.64236
24.750 -33.250  0.62419
24.750 -32.750  0.60603
24.750 -32.250  0.58794
24.750 -31.750  0.57001
24.750 -31.250  0.55234
24.750 -30.750  0.53505
24.750 -30.250  0.51827
24.750 -29.750  0.50213
24.750 -29.250  0.48680
24.750 -28.750  0.47243
24.750 -28.250  0.45921
24.750 -27.750  0.44733
24.750 -27.250  0.43697
24.750 -26.750  0.42832
24.750 -26.250  0.42157
24.750 -25.750  0.41689
24.750 -25.250  0.41445
24.750 -24.750  0.41438
24.750 -24.250  0.41680
24.750 -23.750  0.42179
24.750 -23.250  0.42941
24.750 -22.750  0.43967
24.750 -22.250  0.45255
24.750 -21.750  0.46798
24.750 -21.250  0.48588
24.750 -20.750  0.50609
24.750 -20.250  0.52847
24.750 -19.750  0.55281
24.750 -19.250  0.57892
24.750 -18.750  0.60655
24.750 -18.250  0.63547
24.750 -17.750  0.66544
24.750 -17.250  0.69622
24.750 -16.750  0.72756
24.750 -16.250  0.75925
24.750 -15.750  0.79107
24.750 -15.250  0.82283
24.750 -14.750  0.85433
24.750 -14.250  0.88542
24.750 -13.750  0.91596
24.750 -13.250  0.94581
24.750 -12.750  0.97488
24.750 -12.250  1.00306
24.750 -11.750  1.03028
24.750 -11.250  1.05649
24.750 -10.750  1.08163
24.750 -10.250  1.10566
24.750 -9.750  1.12855
24.750 -9.250  1.15030
24.750 -8.750  1.17087
24.750 -8.250  1.19028
24.750 -7.750  1.20850
24.750 -7.250  1.22555
24.750 -6.750  1.24142
24.750 -6.250  1.25612
24.750 -5.750  1.26966
24.750 -5.250  1.28204
24.750 -4.750  1.29326
24.750 -4.250  1.30335
24.750 -3.750  1.31229
24.750 -3.250  1.32011
24.750 -2.750  1.32679
24.750 -2.250  1.33236
24.750 -1.750  1.33681
24.750 -1.250  1.34014
24.750 -0.750  1.34236
24.750 -0.250  1.34347
24.750 0.250  1.34347
24.750 0.750  1.34236
24.750 1.250  1.34014
24.750 1.750  1.33681
24.750 2.250  1.33236
24.750 2.750  1.32679
24.750 3.250  1.32011
24.750 3.750  1.31229
24.750 4.250  1.30335
24.750 4.750  1.29326
24.750 5.250  1.28204
24.750 5.750  1.26966
24.750 6.250  1.25612
24.750 6.750  1.24142
24.750 7.250  1.22555
24.750 7.750  1.20850
24.750 8.250  1.19028
24.750 8.750  1.17087
24.750 9.250  1.15030
24.750 9.750  1.12855
24.750 10.250  1.10566
24.750 10.750  1.08163
24.750 11.250  1.05649
24.750 11.750  1.03028
24.750 12.250  1.00306
24.750 12.750  0.97488
24.750 13.250  0.94581
24.750 13.750  0.91596
24.750 14.250  0.88542
24.750 14.750  0.85433
24.750 15.250  0.82283
24.750 15.750  0.79107
24.750 16.250  0.75925
24.750 16.750  0.72756
24.750 17.250  0.69622
24.750 17.750  0.66544
24.750 18.250  0.63547
24.750 18.750  0.60655
24.750 19.250  0.57892
24.750 19.750  0.55281
24.750 20.250  0.52847
24.750 20.750  0.50609
24.750 21.250  0.48588
24.750 21.750  0.46798
24.750 22.250  0.45255
24.750 22.750  0.43967
24.750 23.250  0.42941
24.750 23.750  0.42179
24.750 24.250  0.41680
24.750 24.750  0.41438
24.750 25.250  0.41445
24.750 25.750  0.41689
24.750 26.250  0.42157
24.750 26.750  0.42832
24.750 27.250  0.43697
24.750 27.750  0.44733
24.750 28.250  0.45921
24.750 28.750  0.47243
24.750 29.250  0.48680
24.750 29.750  0.50213
24.750 30.250  0.51827
24.750 30.750  0.53505
24.750 31.250  0.55234
24.750 31.750  0.57001
24.750 32.250  0.58794
24.750 32.750  0.60603
24.750 33.250  0.62419
24.750 33.750  0.64236
24.750 34.250  0.66048
24.750 34.750  0.67848
24.750 35.250  0.69634
24.750 35.750  0.71402
24.750 36.250  0.73149
24.750 36.750  0.74876
24.750 37.250  0.76579
24.750 37.750  0.78259
24.750 38.250  0.79916
24.750 38.750  0.81550
24.750 39.250  0.83162
24.750 39.750  0.84753
24.750 40.250  0.86324
24.750 40.750  0.87875
24.750 41.250  0.89409
24.750 41.750  0.90927
24.750 42.250  0.92431
24.750 42.750  0.93922
24.750 43.250  0.95402
24.750 43.750  0.96872
24.750 44.250  0.98334
24.750 44.750  0.99791
25.250 -44.750  0.98756
25.250 -44.250  0.97313
25.250 -43.750  0.95862
25.250 -43.250  0.94401
25.250 -42.750  0.92928
25.250 -42.250  0.91442
25.250 -41.750  0.89940
25.250 -41.250  0.88421
25.250 -40.750  0.86883
25.250 -40.250  0.85324
25.250 -39.750  0.83742
25.250 -39.250  0.82136
25.250 -38.750  0.80504
25.250 -38.250  0.78845
25.250 -37.750  0.77158
25.250 -37.250  0.75442
25.250 -36.750  0.73697
25.250 -36.250  0.71923
25.250 -35.750  0.70120
25.250 -35.250  0.68289
25.250 -34.750  0.66434
25.250 -34.250  0.64555
25.250 -33.750  0.62658
25.250 -33.250  0.60746
25.250 -32.750  0.58827
25.250 -32.250  0.56907
25.250 -31.750  0.54995
25.250 -31.250  0.53101
25.250 -30.750  0.51239
25.250 -30.250  0.49422
25.250 -29.750  0.47665
25.250 -29.250  0.45985
25.250 -28.750  0.44403
25.250 -28.250  0.42936
25.250 -27.750  0.41608
25.250 -27.250  0.40439
25.250 -26.750  0.39452
25.250 -26.250  0.38668
25.250 -25.750  0.38109
25.250 -25.250  0.37793
25.250 -24.750  0.37737
25.250 -24.250  0.37955
25.250 -23.750  0.38458
25.250 -23.250  0.39253
25.250 -22.750  0.40341
25.250 -22.250  0.41720
25.250 -21.750  0.43383
25.250 -21.250  0.45320
25.250 -20.750  0.47514
25.250 -20.250  0.49947
25.250 -19.750  0.52596
25.250 -19.250  0.55436
25.250 -18.750  0.58442
25.250 -18.250  0.61586
25.250 -17.750  0.64840
25.250 -17.250  0.68176
25.250 -16.750  0.71568
25.250 -16.250  0.74991
25.250 -15.750  0.78421
25.250 -15.250  0.81835
25.250 -14.750  0.85215
25.250 -14.250  0.88542
25.250 -13.750  0.91802
25.250 -13.250  0.94982
25.250 -12.750  0.98070
25.250 -12.250  1.01056
25.250 -11.750  1.03935
25.250 -11.250  1.06700
25.250 -10.750  1.09346
25.250 -10.250  1.11870
25.250 -9.750  1.14271
25.250 -9.250  1.16546
25.250 -8.750  1.18696
25.250 -8.250  1.20720
25.250 -7.750  1.22618
25.250 -7.250  1.24391
25.250 -6.750  1.26040
25.250 -6.250  1.27565
25.250 -5.750  1.28969
25.250 -5.250  1.30251
25.250 -4.750  1.31413
25.250 -4.250  1.32456
25.250 -3.750  1.33380
25.250 -3.250  1.34188
25.250 -2.750  1.34878
25.250 -2.250  1.35453
25.250 -1.750  1.35912
25.250 -1.250  1.36256
25.250 -0.750  1.36485
25.250 -0.250  1.36600
25.250 0.250  1.36600
25.250 0.750  1.36485
25.250 1.250  1.36256
25.250 1.750  1.35912
25.250 2.250  1.35453
25.250 2.750  1.34878
25.250 3.250  1.34188
25.250 3.750  1.33380
25.250 4.250  1.32456
25.250 4.750  1.31413
25.250 5.250  1.30251
25.250 5.750  1.28969
25.250 6.250  1.27565
25.250 6.750  1.26040
25.250 7.250  1.24391
25.250 7.750  1.22618
25.250 8.250  1.20720
25.250 8.750  1.18696
25.250 9.250  1.16546
25.250 9.750  1.14271
25.250 10.250  1.11870
25.250 10.750  1.09346
25.250 11.250  1.06700
25.250 11.750  1.03935
25.250 12.250  1.01056
25.250 12.750  0.98070
25.250 13.250  0.94982
25.250 13.750  0.91802
25.250 14.250  0.88542
25.250 14.750  0.85215
25.250 15.250  0.81835
25.250 15.750  0.78421
25.250 16.250  0.74991
25.250 16.750  0.71568
25.250 17.250  0.68176
25.250 17.750  0.64840
25.250 18.250  0.61586
25.250 18.750  0.58442
25.250 19.250  0.55436
25.250 19.750  0.52596
25.250 20.250  0.49947
25.250 20.750  0.47514
25.250 21.250  0.45320
25.250 21.750  0.43383
25.250 22.250  0.41720
25.250 22.750  0.40341
25.250 23.250  0.39253
25.250 23.750  0.38458
25.250 24.250  0.37955
25.250 24.750  0.37737
25.250 25.250  0.37793
25.250 25.750  0.38109
25.250 26.250  0.38668
25.250 26.750  0.39452
25.250 27.250  0.40439
25.250 27.750  0.41608
25.250 28.250  0.42936
25.250 28.750  0.44403
25.250 29.250  0.45985
25.250 29.750  0.47665
25.250 30.250  0.49422
25.250 30.750  0.51239
25.250 31.250  0.53101
25.250 31.750  0.54995
25.250 32.250  0.56907
25.250 32.750  0.58827
25.250 33.250  0.60746
25.250 33.750  0.62658
25.250 34.250  0.64555
25.250 34.750  0.66434
25.250 35.250  0.68289
25.250 35.750  0.70120
25.250 36.250  0.71923
25.250 36.750  0.73697
25.250 37.250  0.75442
25.250 37.750  0.77158
25.250 38.250  0.78845
25.250 38.750  0.80504
25.250 39.250  0.82136
25.250 39.750  0.83742
25.250 40.250  0.85324
25.250 40.750  0.86883
25.250 41.250  0.88421
25.250 41.750  0.89940
25.250 42.250  0.91442
25.250 42.750  0.92928
25.250 43.250  0.94401
25.250 43.750  0.95862
25.250 44.250  0.97313
25.250 44.750  0.98756
25.750 -44.750  0.97728
25.750 -44.250  0.96299
25.750 -43.750  0.94861
25.750 -43.250  0.93411
25.750 -42.750  0.91947
25.750 -42.250  0.90468
25.750 -41.750  0.88970
25.750 -41.250  0.87452
25.750 -40.750  0.85911
25.750 -40.250  0.84346
25.750 -39.750  0.82755
25.750 -39.250  0.81134
25.750 -38.750  0.79484
25.750 -38.250  0.77801
25.750 -37.750  0.76085
25.750 -37.250  0.74334
25.750 -36.750  0.72547
25.750 -36.250  0.70724
25.750 -35.750  0.68865
25.750 -35.250  0.66971
25.750 -34.750  0.65042
25.750 -34.250  0.63082
25.750 -33.750  0.61094
25.750 -33.250  0.59082
25.750 -32.750  0.57052
25.750 -32.250  0.55011
25.750 -31.750  0.52970
25.750 -31.250  0.50938
25.750 -30.750  0.48928
25.750 -30.250  0.46956
25.750 -29.750  0.45039
25.750 -29.250  0.43195
25.750 -28.750  0.41446
25.750 -28.250  0.39814
25.750 -27.750  0.38323
25.750 -27.250  0.36999
25.750 -26.750  0.35868
25.750 -26.250  0.34955
25.750 -25.750  0.34285
25.750 -25.250  0.33880
25.750 -24.750  0.33761
25.750 -24.250  0.33945
25.750 -23.750  0.34445
25.750 -23.250  0.35270
25.750 -22.750  0.36422
25.750 -22.250  0.37900
25.750 -21.750  0.39695
25.750 -21.250  0.41794
25.750 -20.750  0.44180
25.750 -20.250  0.46830
25.750 -19.750  0.49718
25.750 -19.250  0.52815
25.750 -18.750  0.56091
25.750 -18.250  0.59514
25.750 -17.750  0.63053
25.750 -17.250  0.66675
25.750 -16.750  0.70350
25.750 -16.250  0.74050
25.750 -15.750  0.77749
25.750 -15.250  0.81423
25.750 -14.750  0.85049
25.750 -14.250  0.88610
25.750 -13.750  0.92090
25.750 -13.250  0.95474
25.750 -12.750  0.98753
25.750 -12.250  1.01915
25.750 -11.750  1.04956
25.750 -11.250  1.07869
25.750 -10.750  1.10651
25.750 -10.250  1.13299
25.750 -9.750  1.15812
25.750 -9.250  1.18189
25.750 -8.750  1.20431
25.750 -8.250  1.22538
25.750 -7.750  1.24511
25.750 -7.250  1.26351
25.750 -6.750  1.28061
25.750 -6.250  1.29641
25.750 -5.750  1.31092
25.750 -5.250  1.32418
25.750 -4.750  1.33618
25.750 -4.250  1.34695
25.750 -3.750  1.35649
25.750 -3.250  1.36482
25.750 -2.750  1.37194
25.750 -2.250  1.37786
25.750 -1.750  1.38259
25.750 -1.250  1.38613
25.750 -0.750  1.38849
25.750 -0.250  1.38967
25.750 0.250  1.38967
25.750 0.750  1.38849
25.750 1.250  1.38613
25.750 1.750  1.38259
25.750 2.250  1.37786
25.750 2.750  1.37194
25.750 3.250  1.36482
25.750 3.750  1.35649
25.750 4.250  1.34695
25.750 4.750  1.33618
25.750 5.250  1.32418
25.750 5.750  1.31092
25.750 6.250  1.29641
25.750 6.750  1.28061
25.750 7.250  1.26351
25.750 7.750  1.24511
25.750 8.250  1.22538
25.750 8.750  1.20431
25.750 9.250  1.18189
25.750 9.750  1.15812
25.750 10.250  1.13299
25.750 10.750  1.10651
25.750 11.250  1.07869
25.750 11.750  1.04956
25.750 12.250  1.01915
25.750 12.750  0.98753
25.750 13.250  0.95474
25.750 13.750  0.92090
25.750 14.250  0.88610
25.750 14.750  0.85049
25.750 15.250  0.81423
25.750 15.750  0.77749
25.750 16.250  0.74050
25.750 16.750  0.70350
25.750 17.250  0.66675
25.750 17.750  0.63053
25.750 18.250  0.59514
25.750 18.750  0.56091
25.750 19.250  0.52815
25.750 19.750  0.49718
25.750 20.250  0.46830
25.750 20.750  0.44180
25.750 21.250  0.41794
25.750 21.750  0.39695
25.750 22.250  0.37900
25.750 22.750  0.36422
25.750 23.250  0.35270
25.750 23.750  0.34445
25.750 24.250  0.33945
25.750 24.750  0.33761
25.750 25.250  0.33880
25.750 25.750  0.34285
25.750 26.250  0.34955
25.750 26.750  0.35868
25.750 27.250  0.36999
25.750 27.750  0.38323
25.750 28.250  0.39814
25.750 28.750  0.41446
25.750 29.250  0.43195
25.750 29.750  0.45039
25.750 30.250  0.46956
25.750 30.750  0.48928
25.750 31.250  0.50938
25.750 31.750  0.52970
25.750 32.250  0.55011
25.750 32.750  0.57052
25.750 33.250  0.59082
25.750 33.750  0.61094
25.750 34.250  0.63082
25.750 34.750  0.65042
25.750 35.250  0.66971
25.750 35.750  0.68865
25.750 36.250  0.70724
25.750 36.750  0.72547
25.750 37.250  0.74334
25.750 37.750  0.76085
25.750 38.250  0.77801
25.750 38.750  0.79484
25.750 39.250  0.81134
25.750 39.750  0.82755
25.750 40.250  0.84346
25.750 40.750  0.85911
25.750 41.250  0.87452
25.750 41.750  0.88970
25.750 42.250  0.90468
25.750 42.750  0.91947
25.750 43.250  0.93411
25.750 43.750  0.94861
25.750 44.250  0.96299
25.750 44.750  0.97728
26.250 -44.750  0.96707
26.250 -44.250  0.95296
26.250 -43.750  0.93873
26.250 -43.250  0.92436
26.250 -42.750  0.90983
26.250 -42.250  0.89512
26.250 -41.750  0.88020
26.250 -41.250  0.86505
26.250 -40.750  0.84964
26.250 -40.250  0.83395
26.250 -39.750  0.81796
26.250 -39.250  0.80164
26.250 -38.750  0.78496
26.250 -38.250  0.76792
26.250 -37.750  0.75047
26.250 -37.250  0.73262
26.250 -36.750  0.71434
26.250 -36.250  0.69562
26.250 -35.750  0.67647
26.250 -35.250  0.65686
26.250 -34.750  0.63683
26.250 -34.250  0.61638
26.250 -33.750  0.59554
26.250 -33.250  0.57435
26.250 -32.750  0.55287
26.250 -32.250  0.53118
26.250 -31.750  0.50936
26.250 -31.250  0.48752
26.250 -30.750  0.46581
26.250 -30.250  0.44437
26.250 -29.750  0.42340
26.250 -29.250  0.40310
26.250 -28.750  0.38372
26.250 -28.250  0.36550
26.250 -27.750  0.34872
26.250 -27.250  0.33367
26.250 -26.750  0.32066
26.250 -26.250  0.30999
26.250 -25.750  0.30194
26.250 -25.250  0.29680
26.250 -24.750  0.29481
26.250 -24.250  0.29618
26.250 -23.750  0.30107
26.250 -23.250  0.30959
26.250 -22.750  0.32178
26.250 -22.250  0.33761
26.250 -21.750  0.35701
26.250 -21.250  0.37981
26.250 -20.750  0.40581
26.250 -20.250  0.43474
26.250 -19.750  0.46630
26.250 -19.250  0.50015
26.250 -18.750  0.53593
26.250 -18.250  0.57328
26.250 -17.750  0.61182
26.250 -17.250  0.65120
26.250 -16.750  0.69107
26.250 -16.250  0.73111
26.250 -15.750  0.77104
26.250 -15.250  0.81057
26.250 -14.750  0.84950
26.250 -14.250  0.88760
26.250 -13.750  0.92473
26.250 -13.250  0.96074
26.250 -12.750  0.99551
26.250 -12.250  1.02897
26.250 -11.750  1.06105
26.250 -11.250  1.09170
26.250 -10.750  1.12090
26.250 -10.250  1.14863
26.250 -9.750  1.17488
26.250 -9.250  1.19967
26.250 -8.750  1.22300
26.250 -8.250  1.24489
26.250 -7.750  1.26536
26.250 -7.250  1.28443
26.250 -6.750  1.30211
26.250 -6.250  1.31844
26.250 -5.750  1.33343
26.250 -5.250  1.34710
26.250 -4.750  1.35948
26.250 -4.250  1.37057
26.250 -3.750  1.38039
26.250 -3.250  1.38896
26.250 -2.750  1.39629
26.250 -2.250  1.40238
26.250 -1.750  1.40724
26.250 -1.250  1.41088
26.250 -0.750  1.41331
26.250 -0.250  1.41452
26.250 0.250  1.41452
26.250 0.750  1.41331
26.250 1.250  1.41088
26.250 1.750  1.40724
26.250 2.250  1.40238
26.250 2.750  1.39629
26.250 3.250  1.38896
26.250 3.750  1.38039
26.250 4.250  1.37057
26.250 4.750  1.35948
26.250 5.250  1.34710
26.250 5.750  1.33343
26.250 6.250  1.31844
26.250 6.750  1.30211
26.250 7.250  1.28443
26.250 7.750  1.26536
26.250 8.250  1.24489
26.250 8.750  1.22300
26.250 9.250  1.19967
26.250 9.750  1.17488
26.250 10.250  1.14863
26.250 10.750  1.12090
26.250 11.250  1.09170
26.250 11.750  1.06105
26.250 12.250  1.02897
26.250 12.750  0.99551
26.250 13.250  0.96074
26.250 13.750  0.92473
26.250 14.250  0.88760
26.250 14.750  0.84950
26.250 15.250  0.81057
26.250 15.750  0.77104
26.250 16.250  0.73111
26.250 16.750  0.69107
26.250 17.250  0.65120
26.250 17.750  0.61182
26.250 18.250  0.57328
26.250 18.750  0.53593
26.250 19.250  0.50015
26.250 19.750  0.46630
26.250 20.250  0.43474
26.250 20.750  0.40581
26.250 21.250  0.37981
26.250 21.750  0.35701
26.250 22.250  0.33761
26.250 22.750  0.32178
26.250 23.250  0.30959
26.250 23.750  0.30107
26.250 24.250  0.29618
26.250 24.750  0.29481
26.250 25.250  0.29680
26.250 25.750  0.30194
26.250 26.250  0.30999
26.250 26.750  0.32066
26.250 27.250  0.33367
26.250 27.750  0.34872
26.250 28.250  0.36550
26.250 28.750  0.38372
26.250 29.250  0.40310
26.250 29.750  0.42340
26.250 30.250  0.44437
26.250 30.750  0.46581
26.250 31.250  0.48752
26.250 31.750  0.50936
26.250 32.250  0.53118
26.250 32.750  0.55287
26.250 33.250  0.57435
26.250 33.750  0.59554
26.250 34.250  0.61638
26.250 34.750  0.63683
26.250 35.250  0.65686
26.250 35.750  0.67647
26.250 36.250  0.69562
26.250 36.750  0.71434
26.250 37.250  0.73262
26.250 37.750  0.75047
26.250 38.250  0.76792
26.250 38.750  0.78496
26.250 39.250  0.80164
26.250 39.750  0.81796
26.250 40.250  0.83395
26.250 40.750  0.84964
26.250 41.250  0.86505
26.250 41.750  0.88020
26.250 42.250  0.89512
26.250 42.750  0.90983
26.250 43.250  0.92436
26.250 43.750  0.93873
26.250 44.250  0.95296
26.250 44.750  0.96707
26.750 -44.750  0.95696
26.750 -44.250  0.94303
26.750 -43.750  0.92898
26.750 -43.250  0.91476
26.750 -42.750  0.90037
26.750 -42.250  0.88577
26.750 -41.750  0.87093
26.750 -41.250  0.85583
26.750 -40.750  0.84045
26.750 -40.250  0.82475
26.750 -39.750  0.80870
26.750 -39.250  0.79228
26.750 -38.750  0.77546
26.750 -38.250  0.75821
26.750 -37.750  0.74051
26.750 -37.250  0.72233
26.750 -36.750  0.70365
26.750 -36.250  0.68445
26.750 -35.750  0.66472
26.750 -35.250  0.64445
26.750 -34.750  0.62365
26.750 -34.250  0.60232
26.750 -33.750  0.58049
26.750 -33.250  0.55818
26.750 -32.750  0.53545
26.750 -32.250  0.51237
26.750 -31.750  0.48903
26.750 -31.250  0.46555
26.750 -30.750  0.44205
26.750 -30.250  0.41872
26.750 -29.750  0.39574
26.750 -29.250  0.37335
26.750 -28.750  0.35181
26.750 -28.250  0.33141
26.750 -27.750  0.31247
26.750 -27.250  0.29532
26.750 -26.750  0.28031
26.750 -26.250  0.26779
26.750 -25.750  0.25813
26.750 -25.250  0.25165
26.750 -24.750  0.24864
26.750 -24.250  0.24938
26.750 -23.750  0.25405
26.750 -23.250  0.26280
26.750 -22.750  0.27567
26.750 -22.250  0.29266
26.750 -21.750  0.31365
26.750 -21.250  0.33848
26.750 -20.750  0.36688
26.750 -20.250  0.39855
26.750 -19.750  0.43313
26.750 -19.250  0.47022
26.750 -18.750  0.50939
26.750 -18.250  0.55022
26.750 -17.750  0.59229
26.750 -17.250  0.63517
26.750 -16.750  0.67848
26.750 -16.250  0.72185
26.750 -15.750  0.76497
26.750 -15.250  0.80754
26.750 -14.750  0.84932
26.750 -14.250  0.89009
26.750 -13.750  0.92969
26.750 -13.250  0.96797
26.750 -12.750  1.00482
26.750 -12.250  1.04017
26.750 -11.750  1.07397
26.750 -11.250  1.10617
26.750 -10.750  1.13676
26.750 -10.250  1.16574
26.750 -9.750  1.19312
26.750 -9.250  1.21891
26.750 -8.750  1.24314
26.750 -8.250  1.26583
26.750 -7.750  1.28701
26.750 -7.250  1.30672
26.750 -6.750  1.32497
26.750 -6.250  1.34181
26.750 -5.750  1.35725
26.750 -5.250  1.37132
26.750 -4.750  1.38405
26.750 -4.250  1.39545
26.750 -3.750  1.40555
26.750 -3.250  1.41435
26.750 -2.750  1.42187
26.750 -2.250  1.42812
26.750 -1.750  1.43311
26.750 -1.250  1.43685
26.750 -0.750  1.43934
26.750 -0.250  1.44058
26.750 0.250  1.44058
26.750 0.750  1.43934
26.750 1.250  1.43685
26.750 1.750  1.43311
26.750 2.250  1.42812
26.750 2.750  1.42187
26.750 3.250  1.41435
26.750 3.750  1.40555
26.750 4.250  1.39545
26.750 4.750  1.38405
26.750 5.250  1.37132
26.750 5.750  1.35725
26.750 6.250  1.34181
26.750 6.750  1.32497
26.750 7.250  1.30672
26.750 7.750  1.28701
26.750 8.250  1.26583
26.750 8.750  1.24314
26.750 9.250  1.21891
26.750 9.750  1.19312
26.750 10.250  1.16574
26.750 10.750  1.13676
26.750 11.250  1.10617
26.750 11.750  1.07397
26.750 12.250  1.04017
26.750 12.750  1.00482
26.750 13.250  0.96797
26.750 13.750  0.92969
26.750 14.250  0.89009
26.750 14.750  0.84932
26.750 15.250  0.80754
26.750 15.750  0.76497
26.750 16.250  0.72185
26.750 16.750  0.67848
26.750 17.250  0.63517
26.750 17.750  0.59229
26.750 18.250  0.55022
26.750 18.750  0.50939
26.750 19.250  0.47022
26.750 19.750  0.43313
26.750 20.250  0.39855
26.750 20.750  0.36688
26.750 21.250  0.33848
26.750 21.750  0.31365
26.750 22.250  0.29266
26.750 22.750  0.27567
26.750 23.250  0.26280
26.750 23.750  0.25405
26.750 24.250  0.24938
26.750 24.750  0.24864
26.750 25.250  0.25165
26.750 25.750  0.25813
26.750 26.250  0.26779
26.750 26.750  0.28031
26.750 27.250  0.29532
26.750 27.750  0.31247
26.750 28.250  0.33141
26.750 28.750  0.35181
26.750 29.250  0.37335
26.750 29.750  0.39574
26.750 30.250  0.41872
26.750 30.750  0.44205
26.750 31.250  0.46555
26.750 31.750  0.48903
26.750 32.250  0.51237
26.750 32.750  0.53545
26.750 33.250  0.55818
26.750 33.750  0.58049
26.750 34.250  0.60232
26.750 34.750  0.62365
26.750 35.250  0.64445
26.750 35.750  0.66472
26.750 36.250  0.68445
26.750 36.750  0.70365
26.750 37.250  0.72233
26.750 37.750  0.74051
26.750 38.250  0.75821
26.750 38.750  0.77546
26.750 39.250  0.79228
26.750 39.750  0.80870
26.750 40.250  0.82475
26.750 40.750  0.84045
26.750 41.250  0.85583
26.750 41.750  0.87093
26.750 42.250  0.88577
26.750 42.750  0.90037
26.750 43.250  0.91476
26.750 43.750  0.92898
26.750 44.250  0.94303
26.750 44.750  0.95696
27.250 -44.750  0.94695
27.250 -44.250  0.93324
27.250 -43.750  0.91938
27.250 -43.250  0.90535
27.250 -42.750  0.89111
27.250 -42.250  0.87665
27.250 -41.750  0.86192
27.250 -41.250  0.84691
27.250 -40.750  0.83158
27.250 -40.250  0.81589
27.250 -39.750  0.79982
27.250 -39.250  0.78333
27.250 -38.750  0.76639
27.250 -38.250  0.74897
27.250 -37.750  0.73102
27.250 -37.250  0.71254
27.250 -36.750  0.69347
27.250 -36.250  0.67380
27.250 -35.750  0.65351
27.250 -35.250  0.63258
27.250 -34.750  0.61100
27.250 -34.250  0.58877
27.250 -33.750  0.56591
27.250 -33.250  0.54243
27.250 -32.750  0.51839
27.250 -32.250  0.49384
27.250 -31.750  0.46886
27.250 -31.250  0.44358
27.250 -30.750  0.41814
27.250 -30.250  0.39271
27.250 -29.750  0.36750
27.250 -29.250  0.34276
27.250 -28.750  0.31878
27.250 -28.250  0.29588
27.250 -27.750  0.27443
27.250 -27.250  0.25482
27.250 -26.750  0.23745
27.250 -26.250  0.22275
27.250 -25.750  0.21113
27.250 -25.250  0.20300
27.250 -24.750  0.19873
27.250 -24.250  0.19863
27.250 -23.750  0.20295
27.250 -23.250  0.21186
27.250 -22.750  0.22545
27.250 -22.250  0.24368
27.250 -21.750  0.26646
27.250 -21.250  0.29355
27.250 -20.750  0.32467
27.250 -20.250  0.35945
27.250 -19.750  0.39745
27.250 -19.250  0.43819
27.250 -18.750  0.48119
27.250 -18.250  0.52594
27.250 -17.750  0.57194
27.250 -17.250  0.61871
27.250 -16.750  0.66582
27.250 -16.250  0.71285
27.250 -15.750  0.75946
27.250 -15.250  0.80531
27.250 -14.750  0.85015
27.250 -14.250  0.89376
27.250 -13.750  0.93597
27.250 -13.250  0.97662
27.250 -12.750  1.01564
27.250 -12.250  1.05293
27.250 -11.750  1.08848
27.250 -11.250  1.12224
27.250 -10.750  1.15423
27.250 -10.250  1.18446
27.250 -9.750  1.21294
27.250 -9.250  1.23972
27.250 -8.750  1.26482
27.250 -8.250  1.28828
27.250 -7.750  1.31015
27.250 -7.250  1.33046
27.250 -6.750  1.34926
27.250 -6.250  1.36657
27.250 -5.750  1.38244
27.250 -5.250  1.39689
27.250 -4.750  1.40995
27.250 -4.250  1.42165
27.250 -3.750  1.43199
27.250 -3.250  1.44101
27.250 -2.750  1.44872
27.250 -2.250  1.45513
27.250 -1.750  1.46024
27.250 -1.250  1.46407
27.250 -0.750  1.46662
27.250 -0.250  1.46789
27.250 0.250  1.46789
27.250 0.750  1.46662
27.250 1.250  1.46407
27.250 1.750  1.46024
27.250 2.250  1.45513
27.250 2.750  1.44872
27.250 3.250  1.44101
27.250 3.750  1.43199
27.250 4.250  1.42165
27.250 4.750  1.40995
27.250 5.250  1.39689
27.250 5.750  1.38244
27.250 6.250  1.36657
27.250 6.750  1.34926
27.250 7.250  1.33046
27.250 7.750  1.31015
27.250 8.250  1.28828
27.250 8.750  1.26482
27.250 9.250  1.23972
27.250 9.750  1.21294
27.250 10.250  1.18446
27.250 10.750  1.15423
27.250 11.250  1.12224
27.250 11.750  1.08848
27.250 12.250  1.05293
27.250 12.750  1.01564
27.250 13.250  0.97662
27.250 13.750  0.93597
27.250 14.250  0.89376
27.250 14.750  0.85015
27.250 15.250  0.80531
27.250 15.750  0.75946
27.250 16.250  0.71285
27.250 16.750  0.66582
27.250 17.250  0.61871
27.250 17.750  0.57194
27.250 18.250  0.52594
27.250 18.750  0.48119
27.250 19.250  0.43819
27.250 19.750  0.39745
27.250 20.250  0.35945
27.250 20.750  0.32467
27.250 21.250  0.29355
27.250 21.750  0.26646
27.250 22.250  0.24368
27.250 22.750  0.22545
27.250 23.250  0.21186
27.250 23.750  0.20295
27.250 24.250  0.19863
27.250 24.750  0.19873
27.250 25.250  0.20300
27.250 25.750  0.21113
27.250 26.250  0.22275
27.250 26.750  0.23745
27.250 27.250  0.25482
27.250 27.750  0.27443
27.250 28.250  0.29588
27.250 28.750  0.31878
27.250 29.250  0.34276
27.250 29.750  0.36750
27.250 30.250  0.39271
27.250 30.750  0.41814
27.250 31.250  0.44358
27.250 31.750  0.46886
27.250 32.250  0.49384
27.250 32.750  0.51839
27.250 33.250  0.54243
27.250 33.750  0.56591
27.250 34.250  0.58877
27.250 34.750  0.61100
27.250 35.250  0.63258
27.250 35.750  0.65351
27.250 36.250  0.67380
27.250 36.750  0.69347
27.250 37.250  0.71254
27.250 37.750  0.73102
27.250 38.250  0.74897
27.250 38.750  0.76639
27.250 39.250  0.78333
27.250 39.750  0.79982
27.250 40.250  0.81589
27.250 40.750  0.83158
27.250 41.250  0.84691
27.250 41.750  0.86192
27.250 42.250  0.87665
27.250 42.750  0.89111
27.250 43.250  0.90535
27.250 43.750  0.91938
27.250 44.250  0.93324
27.250 44.750  0.94695
27.750 -44.750  0.93707
27.750 -44.250  0.92360
27.750 -43.750  0.90997
27.750 -43.250  0.89614
27.750 -42.750  0.88209
27.750 -42.250  0.86779
27.750 -41.750  0.85321
27.750 -41.250  0.83831
27.750 -40.750  0.82305
27.750 -40.250  0.80742
27.750 -39.750  0.79135
27.750 -39.250  0.77483
27.750 -38.750  0.75780
27.750 -38.250  0.74023
27.750 -37.750  0.72209
27.750 -37.250  0.70332
27.750 -36.750  0.68390
27.750 -36.250  0.66379
27.750 -35.750  0.64295
27.750 -35.250  0.62136
27.750 -34.750  0.59900
27.750 -34.250  0.57587
27.750 -33.750  0.55194
27.750 -33.250  0.52726
27.750 -32.750  0.50183
27.750 -32.250  0.47572
27.750 -31.750  0.44901
27.750 -31.250  0.42179
27.750 -30.750  0.39423
27.750 -30.250  0.36648
27.750 -29.750  0.33879
27.750 -29.250  0.31141
27.750 -28.750  0.28466
27.750 -28.250  0.25891
27.750 -27.750  0.23457
27.750 -27.250  0.21208
27.750 -26.750  0.19193
27.750 -26.250  0.17462
27.750 -25.750  0.16064
27.750 -25.250  0.15050
27.750 -24.750  0.14463
27.750 -24.250  0.14344
27.750 -23.750  0.14724
27.750 -23.250  0.15624
27.750 -22.750  0.17055
27.750 -22.250  0.19016
27.750 -21.750  0.21492
27.750 -21.250  0.24459
27.750 -20.750  0.27881
27.750 -20.250  0.31712
27.750 -19.750  0.35901
27.750 -19.250  0.40392
27.750 -18.750  0.45125
27.750 -18.250  0.50041
27.750 -17.750  0.55082
27.750 -17.250  0.60193
27.750 -16.750  0.65324
27.750 -16.250  0.70430
27.750 -15.750  0.75470
27.750 -15.250  0.80410
27.750 -14.750  0.85223
27.750 -14.250  0.89885
27.750 -13.750  0.94379
27.750 -13.250  0.98693
27.750 -12.750  1.02817
27.750 -12.250  1.06746
27.750 -11.750  1.10477
27.750 -11.250  1.14010
27.750 -10.750  1.17348
27.750 -10.250  1.20492
27.750 -9.750  1.23448
27.750 -9.250  1.26220
27.750 -8.750  1.28813
27.750 -8.250  1.31232
27.750 -7.750  1.33484
27.750 -7.250  1.35572
27.750 -6.750  1.37502
27.750 -6.250  1.39278
27.750 -5.750  1.40905
27.750 -5.250  1.42385
27.750 -4.750  1.43722
27.750 -4.250  1.44918
27.750 -3.750  1.45977
27.750 -3.250  1.46899
27.750 -2.750  1.47687
27.750 -2.250  1.48342
27.750 -1.750  1.48865
27.750 -1.250  1.49256
27.750 -0.750  1.49517
27.750 -0.250  1.49647
27.750 0.250  1.49647
27.750 0.750  1.49517
27.750 1.250  1.49256
27.750 1.750  1.48865
27.750 2.250  1.48342
27.750 2.750  1.47687
27.750 3.250  1.46899
27.750 3.750  1.45977
27.750 4.250  1.44918
27.750 4.750  1.43722
27.750 5.250  1.42385
27.750 5.750  1.40905
27.750 6.250  1.39278
27.750 6.750  1.37502
27.750 7.250  1.35572
27.750 7.750  1.33484
27.750 8.250  1.31232
27.750 8.750  1.28813
27.750 9.250  1.26220
27.750 9.750  1.23448
27.750 10.250  1.20492
27.750 10.750  1.17348
27.750 11.250  1.14010
27.750 11.750  1.10477
27.750 12.250  1.06746
27.750 12.750  1.02817
27.750 13.250  0.98693
27.750 13.750  0.94379
27.750 14.250  0.89885
27.750 14.750  0.85223
27.750 15.250  0.80410
27.750 15.750  0.75470
27.750 16.250  0.70430
27.750 16.750  0.65324
27.750 17.250  0.60193
27.750 17.750  0.55082
27.750 18.250  0.50041
27.750 18.750  0.45125
27.750 19.250  0.40392
27.750 19.750  0.35901
27.750 20.250  0.31712
27.750 20.750  0.27881
27.750 21.250  0.24459
27.750 21.750  0.21492
27.750 22.250  0.19016
27.750 22.750  0.17055
27.750 23.250  0.15624
27.750 23.750  0.14724
27.750 24.250  0.14344
27.750 24.750  0.14463
27.750 25.250  0.15050
27.750 25.750  0.16064
27.750 26.250  0.17462
27.750 26.750  0.19193
27.750 27.250  0.21208
27.750 27.750  0.23457
27.750 28.250  0.25891
27.750 28.750  0.28466
27.750 29.250  0.31141
27.750 29.750  0.33879
27.750 30.250  0.36648
27.750 30.750  0.39423
27.750 31.250  0.42179
27.750 31.750  0.44901
27.750 32.250  0.47572
27.750 32.750  0.50183
27.750 33.250  0.52726
27.750 33.750  0.55194
27.750 34.250  0.57587
27.750 34.750  0.59900
27.750 35.250  0.62136
27.750 35.750  0.64295
27.750 36.250  0.66379
27.750 36.750  0.68390
27.750 37.250  0.70332
27.750 37.750  0.72209
27.750 38.250  0.74023
27.750 38.750  0.75780
27.750 39.250  0.77483
27.750 39.750  0.79135
27.750 40.250  0.80742
27.750 40.750  0.82305
27.750 41.250  0.83831
27.750 41.750  0.85321
27.750 42.250  0.86779
27.750 42.750  0.88209
27.750 43.250  0.89614
27.750 43.750  0.90997
27.750 44.250  0.92360
27.750 44.750  0.93707
28.250 -44.750  0.92733
28.250 -44.250  0.91412
28.250 -43.750  0.90074
28.250 -43.250  0.88715
28.250 -42.750  0.87332
28.250 -42.250  0.85922
28.250 -41.750  0.84481
28.250 -41.250  0.83005
28.250 -40.750  0.81492
28.250 -40.250  0.79936
28.250 -39.750  0.78335
28.250 -39.250  0.76683
28.250 -38.750  0.74975
28.250 -38.250  0.73208
28.250 -37.750  0.71377
28.250 -37.250  0.69476
28.250 -36.750  0.67502
28.250 -36.250  0.65449
28.250 -35.750  0.63313
28.250 -35.250  0.61091
28.250 -34.750  0.58779
28.250 -34.250  0.56374
28.250 -33.750  0.53875
28.250 -33.250  0.51282
28.250 -32.750  0.48596
28.250 -32.250  0.45822
28.250 -31.750  0.42965
28.250 -31.250  0.40036
28.250 -30.750  0.37049
28.250 -30.250  0.34022
28.250 -29.750  0.30977
28.250 -29.250  0.27943
28.250 -28.750  0.24955
28.250 -28.250  0.22054
28.250 -27.750  0.19285
28.250 -27.250  0.16701
28.250 -26.750  0.14357
28.250 -26.250  0.12314
28.250 -25.750  0.10632
28.250 -25.250  0.09370
28.250 -24.750  0.08585
28.250 -24.250  0.08325
28.250 -23.750  0.08631
28.250 -23.250  0.09529
28.250 -22.750  0.11034
28.250 -22.250  0.13145
28.250 -21.750  0.15846
28.250 -21.250  0.19107
28.250 -20.750  0.22883
28.250 -20.250  0.27120
28.250 -19.750  0.31755
28.250 -19.250  0.36721
28.250 -18.750  0.41947
28.250 -18.250  0.47363
28.250 -17.750  0.52900
28.250 -17.250  0.58496
28.250 -16.750  0.64093
28.250 -16.250  0.69640
28.250 -15.750  0.75094
28.250 -15.250  0.80417
28.250 -14.750  0.85581
28.250 -14.250  0.90562
28.250 -13.750  0.95344
28.250 -13.250  0.99914
28.250 -12.750  1.04266
28.250 -12.250  1.08396
28.250 -11.750  1.12304
28.250 -11.250  1.15992
28.250 -10.750  1.19465
28.250 -10.250  1.22727
28.250 -9.750  1.25785
28.250 -9.250  1.28646
28.250 -8.750  1.31317
28.250 -8.250  1.33805
28.250 -7.750  1.36116
28.250 -7.250  1.38256
28.250 -6.750  1.40232
28.250 -6.250  1.42049
28.250 -5.750  1.43711
28.250 -5.250  1.45223
28.250 -4.750  1.46589
28.250 -4.250  1.47810
28.250 -3.750  1.48891
28.250 -3.250  1.49832
28.250 -2.750  1.50636
28.250 -2.250  1.51304
28.250 -1.750  1.51837
28.250 -1.250  1.52237
28.250 -0.750  1.52503
28.250 -0.250  1.52636
28.250 0.250  1.52636
28.250 0.750  1.52503
28.250 1.250  1.52237
28.250 1.750  1.51837
28.250 2.250  1.51304
28.250 2.750  1.50636
28.250 3.250  1.49832
28.250 3.750  1.48891
28.250 4.250  1.47810
28.250 4.750  1.46589
28.250 5.250  1.45223
28.250 5.750  1.43711
28.250 6.250  1.42049
28.250 6.750  1.40232
28.250 7.250  1.38256
28.250 7.750  1.36116
28.250 8.250  1.33805
28.250 8.750  1.31317
28.250 9.250  1.28646
28.250 9.750  1.25785
28.250 10.250  1.22727
28.250 10.750  1.19465
28.250 11.250  1.15992
28.250 11.750  1.12304
28.250 12.250  1.08396
28.250 12.750  1.04266
28.250 13.250  0.99914
28.250 13.750  0.95344
28.250 14.250  0.90562
28.250 14.750  0.85581
28.250 15.250  0.80417
28.250 15.750  0.75094
28.250 16.250  0.69640
28.250 16.750  0.64093
28.250 17.250  0.58496
28.250 17.750  0.52900
28.250 18.250  0.47363
28.250 18.750  0.41947
28.250 19.250  0.36721
28.250 19.750  0.31755
28.250 20.250  0.27120
28.250 20.750  0.22883
28.250 21.250  0.19107
28.250 21.750  0.15846
28.250 22.250  0.13145
28.250 22.750  0.11034
28.250 23.250  0.09529
28.250 23.750  0.08631
28.250 24.250  0.08325
28.250 24.750  0.08585
28.250 25.250  0.09370
28.250 25.750  0.10632
28.250 26.250  0.12314
28.250 26.750  0.14357
28.250 27.250  0.16701
28.250 27.750  0.19285
28.250 28.250  0.22054
28.250 28.750  0.24955
28.250 29.250  0.27943
28.250 29.750  0.30977
28.250 30.250  0.34022
28.250 30.750  0.37049
28.250 31.250  0.40036
28.250 31.750  0.42965
28.250 32.250  0.45822
28.250 32.750  0.48596
28.250 33.250  0.51282
28.250 33.750  0.53875
28.250 34.250  0.56374
28.250 34.750  0.58779
28.250 35.250  0.61091
28.250 35.750  0.63313
28.250 36.250  0.65449
28.250 36.750  0.67502
28.250 37.250  0.69476
28.250 37.750  0.71377
28.250 38.250  0.73208
28.250 38.750  0.74975
28.250 39.250  0.76683
28.250 39.750  0.78335
28.250 40.250  0.79936
28.250 40.750  0.81492
28.250 41.250  0.83005
28.250 41.750  0.84481
28.250 42.250  0.85922
28.250 42.750  0.87332
28.250 43.250  0.88715
28.250 43.750  0.90074
28.250 44.250  0.91412
28.250 44.750  0.92733
28.750 -44.750  0.91774
28.750 -44.250  0.90483
28.750 -43.750  0.89172
28.750 -43.250  0.87840
28.750 -42.750  0.86482
28.750 -42.250  0.85095
28.750 -41.750  0.83675
28.750 -41.250  0.82218
28.750 -40.750  0.80720
28.750 -40.250  0.79178
28.750 -39.750  0.77585
28.750 -39.250  0.75937
28.750 -38.750  0.74230
28.750 -38.250  0.72457
28.750 -37.750  0.70614
28.750 -37.250  0.68694
28.750 -36.750  0.66692
28.750 -36.250  0.64602
28.750 -35.750  0.62419
28.750 -35.250  0.60137
28.750 -34.750  0.57750
28.750 -34.250  0.55256
28.750 -33.750  0.52650
28.750 -33.250  0.49931
28.750 -32.750  0.47098
28.750 -32.250  0.44154
28.750 -31.750  0.41103
28.750 -31.250  0.37953
28.750 -30.750  0.34717
28.750 -30.250  0.31413
28.750 -29.750  0.28065
28.750 -29.250  0.24701
28.750 -28.750  0.21359
28.750 -28.250  0.18085
28.750 -27.750  0.14929
28.750 -27.250  0.11953
28.750 -26.750  0.09221
28.750 -26.250  0.06805
28.750 -25.750  0.04778
28.750 -25.250  0.03213
28.750 -24.750  0.02180
28.750 -24.250  0.01739
28.750 -23.750  0.01942
28.750 -23.250  0.02824
28.750 -22.750  0.04404
28.750 -22.250  0.06682
28.750 -21.750  0.09639
28.750 -21.250  0.13237
28.750 -20.750  0.17422
28.750 -20.250  0.22129
28.750 -19.750  0.27279
28.750 -19.250  0.32791
28.750 -18.750  0.38581
28.750 -18.250  0.44564
28.750 -17.750  0.50661
28.750 -17.250  0.56799
28.750 -16.750  0.62913
28.750 -16.250  0.68946
28.750 -15.750  0.74850
28.750 -15.250  0.80586
28.750 -14.750  0.86123
28.750 -14.250  0.91440
28.750 -13.750  0.96520
28.750 -13.250  1.01354
28.750 -12.750  1.05937
28.750 -12.250  1.10268
28.750 -11.750  1.14351
28.750 -11.250  1.18190
28.750 -10.750  1.21792
28.750 -10.250  1.25166
28.750 -9.750  1.28320
28.750 -9.250  1.31263
28.750 -8.750  1.34005
28.750 -8.250  1.36554
28.750 -7.750  1.38918
28.750 -7.250  1.41105
28.750 -6.750  1.43122
28.750 -6.250  1.44974
28.750 -5.750  1.46669
28.750 -5.250  1.48209
28.750 -4.750  1.49599
28.750 -4.250  1.50843
28.750 -3.750  1.51943
28.750 -3.250  1.52901
28.750 -2.750  1.53720
28.750 -2.250  1.54401
28.750 -1.750  1.54944
28.750 -1.250  1.55351
28.750 -0.750  1.55621
28.750 -0.250  1.55757
28.750 0.250  1.55757
28.750 0.750  1.55621
28.750 1.250  1.55351
28.750 1.750  1.54944
28.750 2.250  1.54401
28.750 2.750  1.53720
28.750 3.250  1.52901
28.750 3.750  1.51943
28.750 4.250  1.50843
28.750 4.750  1.49599
28.750 5.250  1.48209
28.750 5.750  1.46669
28.750 6.250  1.44974
28.750 6.750  1.43122
28.750 7.250  1.41105
28.750 7.750  1.38918
28.750 8.250  1.36554
28.750 8.750  1.34005
28.750 9.250  1.31263
28.750 9.750  1.28320
28.750 10.250  1.25166
28.750 10.750  1.21792
28.750 11.250  1.18190
28.750 11.750  1.14351
28.750 12.250  1.10268
28.750 12.750  1.05937
28.750 13.250  1.01354
28.750 13.750  0.96520
28.750 14.250  0.91440
28.750 14.750  0.86123
28.750 15.250  0.80586
28.750 15.750  0.74850
28.750 16.250  0.68946
28.750 16.750  0.62913
28.750 17.250  0.56799
28.750 17.750  0.50661
28.750 18.250  0.44564
28.750 18.750  0.38581
28.750 19.250  0.32791
28.750 19.750  0.27279
28.750 20.250  0.22129
28.750 20.750  0.17422
28.750 21.250  0.13237
28.750 21.750  0.09639
28.750 22.250  0.06682
28.750 22.750  0.04404
28.750 23.250  0.02824
28.750 23.750  0.01942
28.750 24.250  0.01739
28.750 24.750  0.02180
28.750 25.250  0.03213
28.750 25.750  0.04778
28.750 26.250  0.06805
28.750 26.750  0.09221
28.750 27.250  0.11953
28.750 27.750  0.14929
28.750 28.250  0.18085
28.750 28.750  0.21359
28.750 29.250  0.24701
28.750 29.750  0.28065
28.750 30.250  0.31413
28.750 30.750  0.34717
28.750 31.250  0.37953
28.750 31.750  0.41103
28.750 32.250  0.44154
28.750 32.750  0.47098
28.750 33.250  0.49931
28.750 33.750  0.52650
28.750 34.250  0.55256
28.750 34.750  0.57750
28.750 35.250  0.60137
28.750 35.750  0.62419
28.750 36.250  0.64602
28.750 36.750  0.66692
28.750 37.250  0.68694
28.750 37.750  0.70614
28.750 38.250  0.72457
28.750 38.750  0.74230
28.750 39.250  0.75937
28.750 39.750  0.77585
28.750 40.250  0.79178
28.750 40.750  0.80720
28.750 41.250  0.82218
28.750 41.750  0.83675
28.750 42.250  0.85095
28.750 42.750  0.86482
28.750 43.250  0.87840
28.750 43.750  0.89172
28.750 44.250  0.90483
28.750 44.750  0.91774
29.250 -44.750  0.90831
29.250 -44.250  0.89572
29.250 -43.750  0.88293
29.250 -43.250  0.86990
29.250 -42.750  0.85661
29.250 -42.250  0.84300
29.250 -41.750  0.82905
29.250 -41.250  0.81472
29.250 -40.750  0.79994
29.250 -40.250  0.78469
29.250 -39.750  0.76890
29.250 -39.250  0.75252
29.250 -38.750  0.73550
29.250 -38.250  0.71777
29.250 -37.750  0.69928
29.250 -37.250  0.67994
29.250 -36.750  0.65970
29.250 -36.250  0.63849
29.250 -35.750  0.61623
29.250 -35.250  0.59286
29.250 -34.750  0.56830
29.250 -34.250  0.54250
29.250 -33.750  0.51539
29.250 -33.250  0.48694
29.250 -32.750  0.45713
29.250 -32.250  0.42593
29.250 -31.750  0.39339
29.250 -31.250  0.35956
29.250 -30.750  0.32455
29.250 -30.250  0.28851
29.250 -29.750  0.25169
29.250 -29.250  0.21438
29.250 -28.750  0.17698
29.250 -28.250  0.13998
29.250 -27.750  0.10396
29.250 -27.250  0.06961
29.250 -26.750  0.03770
29.250 -26.250  0.00907
29.250 -25.750 -0.01538
29.250 -25.250 -0.03476
29.250 -24.750 -0.04820
29.250 -24.250 -0.05493
29.250 -23.750 -0.05429
29.250 -23.250 -0.04582
29.250 -22.750 -0.02927
29.250 -22.250 -0.00462
29.250 -21.750  0.02788
29.250 -21.250  0.06777
29.250 -20.750  0.11440
29.250 -20.250  0.16692
29.250 -19.750  0.22441
29.250 -19.250  0.28585
29.250 -18.750  0.35021
29.250 -18.250  0.41652
29.250 -17.750  0.48382
29.250 -17.250  0.55129
29.250 -16.750  0.61816
29.250 -16.250  0.68382
29.250 -15.750  0.74775
29.250 -15.250  0.80953
29.250 -14.750  0.86887
29.250 -14.250  0.92555
29.250 -13.750  0.97944
29.250 -13.250  1.03046
29.250 -12.750  1.07860
29.250 -12.250  1.12390
29.250 -11.750  1.16642
29.250 -11.250  1.20625
29.250 -10.750  1.24348
29.250 -10.250  1.27825
29.250 -9.750  1.31065
29.250 -9.250  1.34082
29.250 -8.750  1.36886
29.250 -8.250  1.39487
29.250 -7.750  1.41897
29.250 -7.250  1.44123
29.250 -6.750  1.46175
29.250 -6.250  1.48058
29.250 -5.750  1.49779
29.250 -5.250  1.51344
29.250 -4.750  1.52756
29.250 -4.250  1.54020
29.250 -3.750  1.55137
29.250 -3.250  1.56111
29.250 -2.750  1.56943
29.250 -2.250  1.57634
29.250 -1.750  1.58187
29.250 -1.250  1.58600
29.250 -0.750  1.58876
29.250 -0.250  1.59013
29.250 0.250  1.59013
29.250 0.750  1.58876
29.250 1.250  1.58600
29.250 1.750  1.58187
29.250 2.250  1.57634
29.250 2.750  1.56943
29.250 3.250  1.56111
29.250 3.750  1.55137
29.250 4.250  1.54020
29.250 4.750  1.52756
29.250 5.250  1.51344
29.250 5.750  1.49779
29.250 6.250  1.48058
29.250 6.750  1.46175
29.250 7.250  1.44123
29.250 7.750  1.41897
29.250 8.250  1.39487
29.250 8.750  1.36886
29.250 9.250  1.34082
29.250 9.750  1.31065
29.250 10.250  1.27825
29.250 10.750  1.24348
29.250 11.250  1.20625
29.250 11.750  1.16642
29.250 12.250  1.12390
29.250 12.750  1.07860
29.250 13.250  1.03046
29.250 13.750  0.97944
29.250 14.250  0.92555
29.250 14.750  0.86887
29.250 15.250  0.80953
29.250 15.750  0.74775
29.250 16.250  0.68382
29.250 16.750  0.61816
29.250 17.250  0.55129
29.250 17.750  0.48382
29.250 18.250  0.41652
29.250 18.750  0.35021
29.250 19.250  0.28585
29.250 19.750  0.22441
29.250 20.250  0.16692
29.250 20.750  0.11440
29.250 21.250  0.06777
29.250 21.750  0.02788
29.250 22.250 -0.00462
29.250 22.750 -0.02927
29.250 23.250 -0.04582
29.250 23.750 -0.05429
29.250 24.250 -0.05493
29.250 24.750 -0.04820
29.250 25.250 -0.03476
29.250 25.750 -0.01538
29.250 26.250  0.00907
29.250 26.750  0.03770
29.250 27.250  0.06961
29.250 27.750  0.10396
29.250 28.250  0.13998
29.250 28.750  0.17698
29.250 29.250  0.21438
29.250 29.750  0.25169
29.250 30.250  0.28851
29.250 30.750  0.32455
29.250 31.250  0.35956
29.250 31.750  0.39339
29.250 32.250  0.42593
29.250 32.750  0.45713
29.250 33.250  0.48694
29.250 33.750  0.51539
29.250 34.250  0.54250
29.250 34.750  0.56830
29.250 35.250  0.59286
29.250 35.750  0.61623
29.250 36.250  0.63849
29.250 36.750  0.65970
29.250 37.250  0.67994
29.250 37.750  0.69928
29.250 38.250  0.71777
29.250 38.750  0.73550
29.250 39.250  0.75252
29.250 39.750  0.76890
29.250 40.250  0.78469
29.250 40.750  0.79994
29.250 41.250  0.81472
29.250 41.750  0.82905
29.250 42.250  0.84300
29.250 42.750  0.85661
29.250 43.250  0.86990
29.250 43.750  0.88293
29.250 44.250  0.89572
29.250 44.750  0.90831
29.750 -44.750  0.89905
29.750 -44.250  0.88682
29.750 -43.750  0.87437
29.750 -43.250  0.86168
29.750 -42.750  0.84870
29.750 -42.250  0.83541
29.750 -41.750  0.82175
29.750 -41.250  0.80768
29.750 -40.750  0.79316
29.750 -40.250  0.77813
29.750 -39.750  0.76254
29.750 -39.250  0.74632
29.750 -38.750  0.72941
29.750 -38.250  0.71174
29.750 -37.750  0.69325
29.750 -37.250  0.67385
29.750 -36.750  0.65346
29.750 -36.250  0.63201
29.750 -35.750  0.60939
29.750 -35.250  0.58553
29.750 -34.750  0.56034
29.750 -34.250  0.53373
29.750 -33.750  0.50563
29.750 -33.250  0.47595
29.750 -32.750  0.44465
29.750 -32.250  0.41169
29.750 -31.750  0.37705
29.750 -31.250  0.34078
29.750 -30.750  0.30295
29.750 -30.250  0.26369
29.750 -29.750  0.22322
29.750 -29.250  0.18185
29.750 -28.750  0.13998
29.750 -28.250  0.09814
29.750 -27.750  0.05697
29.750 -27.250  0.01726
29.750 -26.750 -0.02009
29.750 -26.250 -0.05408
29.750 -25.750 -0.08362
29.750 -25.250 -0.10761
29.750 -24.750 -0.12494
29.750 -24.250 -0.13464
29.750 -23.750 -0.13586
29.750 -23.250 -0.12799
29.750 -22.750 -0.11071
29.750 -22.250 -0.08397
29.750 -21.750 -0.04807
29.750 -21.250 -0.00358
29.750 -20.750  0.04865
29.750 -20.250  0.10759
29.750 -19.750  0.17207
29.750 -19.250  0.24085
29.750 -18.750  0.31269
29.750 -18.250  0.38641
29.750 -17.750  0.46089
29.750 -17.250  0.53518
29.750 -16.750  0.60843
29.750 -16.250  0.67993
29.750 -15.750  0.74916
29.750 -15.250  0.81567
29.750 -14.750  0.87919
29.750 -14.250  0.93951
29.750 -13.750  0.99654
29.750 -13.250  1.05026
29.750 -12.750  1.10068
29.750 -12.250  1.14790
29.750 -11.750  1.19203
29.750 -11.250  1.23318
29.750 -10.750  1.27152
29.750 -10.250  1.30719
29.750 -9.750  1.34035
29.750 -9.250  1.37113
29.750 -8.750  1.39968
29.750 -8.250  1.42613
29.750 -7.750  1.45059
29.750 -7.250  1.47317
29.750 -6.750  1.49396
29.750 -6.250  1.51304
29.750 -5.750  1.53047
29.750 -5.250  1.54632
29.750 -4.750  1.56062
29.750 -4.250  1.57342
29.750 -3.750  1.58474
29.750 -3.250  1.59462
29.750 -2.750  1.60306
29.750 -2.250  1.61007
29.750 -1.750  1.61568
29.750 -1.250  1.61988
29.750 -0.750  1.62268
29.750 -0.250  1.62407
29.750 0.250  1.62407
29.750 0.750  1.62268
29.750 1.250  1.61988
29.750 1.750  1.61568
29.750 2.250  1.61007
29.750 2.750  1.60306
29.750 3.250  1.59462
29.750 3.750  1.58474
29.750 4.250  1.57342
29.750 4.750  1.56062
29.750 5.250  1.54632
29.750 5.750  1.53047
29.750 6.250  1.51304
29.750 6.750  1.49396
29.750 7.250  1.47317
29.750 7.750  1.45059
29.750 8.250  1.42613
29.750 8.750  1.39968
29.750 9.250  1.37113
29.750 9.750  1.34035
29.750 10.250  1.30719
29.750 10.750  1.27152
29.750 11.250  1.23318
29.750 11.750  1.19203
29.750 12.250  1.14790
29.750 12.750  1.10068
29.750 13.250  1.05026
29.750 13.750  0.99654
29.750 14.250  0.93951
29.750 14.750  0.87919
29.750 15.250  0.81567
29.750 15.750  0.74916
29.750 16.250  0.67993
29.750 16.750  0.60843
29.750 17.250  0.53518
29.750 17.750  0.46089
29.750 18.250  0.38641
29.750 18.750  0.31269
29.750 19.250  0.24085
29.750 19.750  0.17207
29.750 20.250  0.10759
29.750 20.750  0.04865
29.750 21.250 -0.00358
29.750 21.750 -0.04807
29.750 22.250 -0.08397
29.750 22.750 -0.11071
29.750 23.250 -0.12799
29.750 23.750 -0.13586
29.750 24.250 -0.13464
29.750 24.750 -0.12494
29.750 25.250 -0.10761
29.750 25.750 -0.08362
29.750 26.250 -0.05408
29.750 26.750 -0.02009
29.750 27.250  0.01726
29.750 27.750  0.05697
29.750 28.250  0.09814
29.750 28.750  0.13998
29.750 29.250  0.18185
29.750 29.750  0.22322
29.750 30.250  0.26369
29.750 30.750  0.30295
29.750 31.250  0.34078
29.750 31.750  0.37705
29.750 32.250  0.41169
29.750 32.750  0.44465
29.750 33.250  0.47595
29.750 33.750  0.50563
29.750 34.250  0.53373
29.750 34.750  0.56034
29.750 35.250  0.58553
29.750 35.750  0.60939
29.750 36.250  0.63201
29.750 36.750  0.65346
29.750 37.250  0.67385
29.750 37.750  0.69325
29.750 38.250  0.71174
29.750 38.750  0.72941
29.750 39.250  0.74632
29.750 39.750  0.76254
29.750 40.250  0.77813
29.750 40.750  0.79316
29.750 41.250  0.80768
29.750 41.750  0.82175
29.750 42.250  0.83541
29.750 42.750  0.84870
29.750 43.250  0.86168
29.750 43.750  0.87437
29.750 44.250  0.88682
29.750 44.750  0.89905
30.250 -44.750  0.88997
30.250 -44.250  0.87812
30.250 -43.750  0.86606
30.250 -43.250  0.85373
30.250 -42.750  0.84112
30.250 -42.250  0.82818
30.250 -41.750  0.81485
30.250 -41.250  0.80111
30.250 -40.750  0.78689
30.250 -40.250  0.77214
30.250 -39.750  0.75680
30.250 -39.250  0.74080
30.250 -38.750  0.72407
30.250 -38.250  0.70654
30.250 -37.750  0.68813
30.250 -37.250  0.66874
30.250 -36.750  0.64829
30.250 -36.250  0.62668
30.250 -35.750  0.60380
30.250 -35.250  0.57954
30.250 -34.750  0.55380
30.250 -34.250  0.52647
30.250 -33.750  0.49743
30.250 -33.250  0.46659
30.250 -32.750  0.43384
30.250 -32.250  0.39912
30.250 -31.750  0.36237
30.250 -31.250  0.32358
30.250 -30.750  0.28279
30.250 -30.250  0.24009
30.250 -29.750  0.19569
30.250 -29.250  0.14984
30.250 -28.750  0.10298
30.250 -28.250  0.05565
30.250 -27.750  0.00855
30.250 -27.250 -0.03742
30.250 -26.750 -0.08123
30.250 -26.250 -0.12167
30.250 -25.750 -0.15743
30.250 -25.250 -0.18712
30.250 -24.750 -0.20936
30.250 -24.250 -0.22287
30.250 -23.750 -0.22657
30.250 -23.250 -0.21964
30.250 -22.750 -0.20165
30.250 -22.250 -0.17253
30.250 -21.750 -0.13264
30.250 -21.250 -0.08271
30.250 -20.750 -0.02383
30.250 -20.250  0.04271
30.250 -19.750  0.11543
30.250 -19.250  0.19280
30.250 -18.750  0.27332
30.250 -18.250  0.35554
30.250 -17.750  0.43819
30.250 -17.250  0.52014
30.250 -16.750  0.60045
30.250 -16.250  0.67836
30.250 -15.750  0.75329
30.250 -15.250  0.82483
30.250 -14.750  0.89271
30.250 -14.250  0.95678
30.250 -13.750  1.01698
30.250 -13.250  1.07335
30.250 -12.750  1.12598
30.250 -12.250  1.17501
30.250 -11.750  1.22060
30.250 -11.250  1.26294
30.250 -10.750  1.30223
30.250 -10.250  1.33865
30.250 -9.750  1.37241
30.250 -9.250  1.40367
30.250 -8.750  1.43261
30.250 -8.250  1.45937
30.250 -7.750  1.48409
30.250 -7.250  1.50689
30.250 -6.750  1.52788
30.250 -6.250  1.54713
30.250 -5.750  1.56473
30.250 -5.250  1.58073
30.250 -4.750  1.59518
30.250 -4.250  1.60812
30.250 -3.750  1.61957
30.250 -3.250  1.62956
30.250 -2.750  1.63811
30.250 -2.250  1.64522
30.250 -1.750  1.65090
30.250 -1.250  1.65516
30.250 -0.750  1.65799
30.250 -0.250  1.65941
30.250 0.250  1.65941
30.250 0.750  1.65799
30.250 1.250  1.65516
30.250 1.750  1.65090
30.250 2.250  1.64522
30.250 2.750  1.63811
30.250 3.250  1.62956
30.250 3.750  1.61957
30.250 4.250  1.60812
30.250 4.750  1.59518
30.250 5.250  1.58073
30.250 5.750  1.56473
30.250 6.250  1.54713
30.250 6.750  1.52788
30.250 7.250  1.50689
30.250 7.750  1.48409
30.250 8.250  1.45937
30.250 8.750  1.43261
30.250 9.250  1.40367
30.250 9.750  1.37241
30.250 10.250  1.33865
30.250 10.750  1.30223
30.250 11.250  1.26294
30.250 11.750  1.22060
30.250 12.250  1.17501
30.250 12.750  1.12598
30.250 13.250  1.07335
30.250 13.750  1.01698
30.250 14.250  0.95678
30.250 14.750  0.89271
30.250 15.250  0.82483
30.250 15.750  0.75329
30.250 16.250  0.67836
30.250 16.750  0.60045
30.250 17.250  0.52014
30.250 17.750  0.43819
30.250 18.250  0.35554
30.250 18.750  0.27332
30.250 19.250  0.19280
30.250 19.750  0.11543
30.250 20.250  0.04271
30.250 20.750 -0.02383
30.250 21.250 -0.08271
30.250 21.750 -0.13264
30.250 22.250 -0.17253
30.250 22.750 -0.20165
30.250 23.250 -0.21964
30.250 23.750 -0.22657
30.250 24.250 -0.22287
30.250 24.750 -0.20936
30.250 25.250 -0.18712
30.250 25.750 -0.15743
30.250 26.250 -0.12167
30.250 26.750 -0.08123
30.250 27.250 -0.03742
30.250 27.750  0.00855
30.250 28.250  0.05565
30.250 28.750  0.10298
30.250 29.250  0.14984
30.250 29.750  0.19569
30.250 30.250  0.24009
30.250 30.750  0.28279
30.250 31.250  0.32358
30.250 31.750  0.36237
30.250 32.250  0.39912
30.250 32.750  0.43384
30.250 33.250  0.46659
30.250 33.750  0.49743
30.250 34.250  0.52647
30.250 34.750  0.55380
30.250 35.250  0.57954
30.250 35.750  0.60380
30.250 36.250  0.62668
30.250 36.750  0.64829
30.250 37.250  0.66874
30.250 37.750  0.68813
30.250 38.250  0.70654
30.250 38.750  0.72407
30.250 39.250  0.74080
30.250 39.750  0.75680
30.250 40.250  0.77214
30.250 40.750  0.78689
30.250 41.250  0.80111
30.250 41.750  0.81485
30.250 42.250  0.82818
30.250 42.750  0.84112
30.250 43.250  0.85373
30.250 43.750  0.86606
30.250 44.250  0.87812
30.250 44.750  0.88997
30.750 -44.750  0.88108
30.750 -44.250  0.86965
30.750 -43.750  0.85800
30.750 -43.250  0.84608
30.750 -42.750  0.83387
30.750 -42.250  0.82132
30.750 -41.750  0.80838
30.750 -41.250  0.79501
30.750 -40.750  0.78115
30.750 -40.250  0.76674
30.750 -39.750  0.75171
30.750 -39.250  0.73600
30.750 -38.750  0.71953
30.750 -38.250  0.70222
30.750 -37.750  0.68397
30.750 -37.250  0.66470
30.750 -36.750  0.64428
30.750 -36.250  0.62261
30.750 -35.750  0.59957
30.750 -35.250  0.57504
30.750 -34.750  0.54886
30.750 -34.250  0.52091
30.750 -33.750  0.49105
30.750 -33.250  0.45913
30.750 -32.750  0.42501
30.750 -32.250  0.38858
30.750 -31.750  0.34972
30.750 -31.250  0.30839
30.750 -30.750  0.26454
30.750 -30.250  0.21823
30.750 -29.750  0.16960
30.750 -29.250  0.11888
30.750 -28.750  0.06648
30.750 -28.250  0.01294
30.750 -27.750 -0.04096
30.750 -27.250 -0.09425
30.750 -26.750 -0.14572
30.750 -26.250 -0.19394
30.750 -25.750 -0.23731
30.750 -25.250 -0.27409
30.750 -24.750 -0.30252
30.750 -24.250 -0.32096
30.750 -23.750 -0.32796
30.750 -23.250 -0.32244
30.750 -22.750 -0.30379
30.750 -22.250 -0.27192
30.750 -21.750 -0.22729
30.750 -21.250 -0.17085
30.750 -20.750 -0.10399
30.750 -20.250 -0.02837
30.750 -19.750  0.05414
30.750 -19.250  0.14163
30.750 -18.750  0.23225
30.750 -18.250  0.32429
30.750 -17.750  0.41622
30.750 -17.250  0.50678
30.750 -16.750  0.59490
30.750 -16.250  0.67978
30.750 -15.750  0.76084
30.750 -15.250  0.83768
30.750 -14.750  0.91006
30.750 -14.250  0.97792
30.750 -13.750  1.04126
30.750 -13.250  1.10019
30.750 -12.750  1.15488
30.750 -12.250  1.20555
30.750 -11.750  1.25242
30.750 -11.250  1.29575
30.750 -10.750  1.33579
30.750 -10.250  1.37278
30.750 -9.750  1.40696
30.750 -9.250  1.43853
30.750 -8.750  1.46770
30.750 -8.250  1.49465
30.750 -7.750  1.51951
30.750 -7.250  1.54243
30.750 -6.750  1.56353
30.750 -6.250  1.58289
30.750 -5.750  1.60059
30.750 -5.250  1.61669
30.750 -4.750  1.63125
30.750 -4.250  1.64430
30.750 -3.750  1.65586
30.750 -3.250  1.66595
30.750 -2.750  1.67459
30.750 -2.250  1.68179
30.750 -1.750  1.68754
30.750 -1.250  1.69186
30.750 -0.750  1.69473
30.750 -0.250  1.69617
30.750 0.250  1.69617
30.750 0.750  1.69473
30.750 1.250  1.69186
30.750 1.750  1.68754
30.750 2.250  1.68179
30.750 2.750  1.67459
30.750 3.250  1.66595
30.750 3.750  1.65586
30.750 4.250  1.64430
30.750 4.750  1.63125
30.750 5.250  1.61669
30.750 5.750  1.60059
30.750 6.250  1.58289
30.750 6.750  1.56353
30.750 7.250  1.54243
30.750 7.750  1.51951
30.750 8.250  1.49465
30.750 8.750  1.46770
30.750 9.250  1.43853
30.750 9.750  1.40696
30.750 10.250  1.37278
30.750 10.750  1.33579
30.750 11.250  1.29575
30.750 11.750  1.25242
30.750 12.250  1.20555
30.750 12.750  1.15488
30.750 13.250  1.10019
30.750 13.750  1.04126
30.750 14.250  0.97792
30.750 14.750  0.91006
30.750 15.250  0.83768
30.750 15.750  0.76084
30.750 16.250  0.67978
30.750 16.750  0.59490
30.750 17.250  0.50678
30.750 17.750  0.41622
30.750 18.250  0.32429
30.750 18.750  0.23225
30.750 19.250  0.14163
30.750 19.750  0.05414
30.750 20.250 -0.02837
30.750 20.750 -0.10399
30.750 21.250 -0.17085
30.750 21.750 -0.22729
30.750 22.250 -0.27192
30.750 22.750 -0.30379
30.750 23.250 -0.32244
30.750 23.750 -0.32796
30.750 24.250 -0.32096
30.750 24.750 -0.30252
30.750 25.250 -0.27409
30.750 25.750 -0.23731
30.750 26.250 -0.19394
30.750 26.750 -0.14572
30.750 27.250 -0.09425
30.750 27.750 -0.04096
30.750 28.250  0.01294
30.750 28.750  0.06648
30.750 29.250  0.11888
30.750 29.750  0.16960
30.750 30.250  0.21823
30.750 30.750  0.26454
30.750 31.250  0.30839
30.750 31.750  0.34972
30.750 32.250  0.38858
30.750 32.750  0.42501
30.750 33.250  0.45913
30.750 33.750  0.49105
30.750 34.250  0.52091
30.750 34.750  0.54886
30.750 35.250  0.57504
30.750 35.750  0.59957
30.750 36.250  0.62261
30.750 36.750  0.64428
30.750 37.250  0.66470
30.750 37.750  0.68397
30.750 38.250  0.70222
30.750 38.750  0.71953
30.750 39.250  0.73600
30.750 39.750  0.75171
30.750 40.250  0.76674
30.750 40.750  0.78115
30.750 41.250  0.79501
30.750 41.750  0.80838
30.750 42.250  0.82132
30.750 42.750  0.83387
30.750 43.250  0.84608
30.750 43.750  0.85800
30.750 44.250  0.86965
30.750 44.750  0.88108
31.250 -44.750  0.87238
31.250 -44.250  0.86140
31.250 -43.750  0.85019
31.250 -43.250  0.83873
31.250 -42.750  0.82696
31.250 -42.250  0.81485
31.250 -41.750  0.80234
31.250 -41.250  0.78940
31.250 -40.750  0.77595
31.250 -40.250  0.76195
31.250 -39.750  0.74731
31.250 -39.250  0.73197
31.250 -38.750  0.71584
31.250 -38.250  0.69883
31.250 -37.750  0.68085
31.250 -37.250  0.66179
31.250 -36.750  0.64152
31.250 -36.250  0.61992
31.250 -35.750  0.59685
31.250 -35.250  0.57216
31.250 -34.750  0.54569
31.250 -34.250  0.51727
31.250 -33.750  0.48672
31.250 -33.250  0.45386
31.250 -32.750  0.41850
31.250 -32.250  0.38046
31.250 -31.750  0.33958
31.250 -31.250  0.29571
31.250 -30.750  0.24877
31.250 -30.250  0.19872
31.250 -29.750  0.14561
31.250 -29.250  0.08964
31.250 -28.750  0.03114
31.250 -28.250 -0.02935
31.250 -27.750 -0.09104
31.250 -27.250 -0.15285
31.250 -26.750 -0.21342
31.250 -26.250 -0.27104
31.250 -25.750 -0.32377
31.250 -25.250 -0.36942
31.250 -24.750 -0.40573
31.250 -24.250 -0.43055
31.250 -23.750 -0.44194
31.250 -23.250 -0.43845
31.250 -22.750 -0.41924
31.250 -22.250 -0.38416
31.250 -21.750 -0.33382
31.250 -21.250 -0.26947
31.250 -20.750 -0.19292
31.250 -20.250 -0.10635
31.250 -19.750 -0.01213
31.250 -19.250  0.08735
31.250 -18.750  0.18980
31.250 -18.250  0.29317
31.250 -17.750  0.39568
31.250 -17.250  0.49588
31.250 -16.750  0.59262
31.250 -16.250  0.68507
31.250 -15.750  0.77264
31.250 -15.250  0.85499
31.250 -14.750  0.93197
31.250 -14.250  1.00359
31.250 -13.750  1.06995
31.250 -13.250  1.13128
31.250 -12.750  1.18782
31.250 -12.250  1.23988
31.250 -11.750  1.28779
31.250 -11.250  1.33186
31.250 -10.750  1.37240
31.250 -10.250  1.40973
31.250 -9.750  1.44411
31.250 -9.250  1.47580
31.250 -8.750  1.50503
31.250 -8.250  1.53199
31.250 -7.750  1.55687
31.250 -7.250  1.57980
31.250 -6.750  1.60091
31.250 -6.250  1.62030
31.250 -5.750  1.63804
31.250 -5.250  1.65420
31.250 -4.750  1.66883
31.250 -4.250  1.68196
31.250 -3.750  1.69361
31.250 -3.250  1.70379
31.250 -2.750  1.71252
31.250 -2.250  1.71980
31.250 -1.750  1.72562
31.250 -1.250  1.72999
31.250 -0.750  1.73291
31.250 -0.250  1.73437
31.250 0.250  1.73437
31.250 0.750  1.73291
31.250 1.250  1.72999
31.250 1.750  1.72562
31.250 2.250  1.71980
31.250 2.750  1.71252
31.250 3.250  1.70379
31.250 3.750  1.69361
31.250 4.250  1.68196
31.250 4.750  1.66883
31.250 5.250  1.65420
31.250 5.750  1.63804
31.250 6.250  1.62030
31.250 6.750  1.60091
31.250 7.250  1.57980
31.250 7.750  1.55687
31.250 8.250  1.53199
31.250 8.750  1.50503
31.250 9.250  1.47580
31.250 9.750  1.44411
31.250 10.250  1.40973
31.250 10.750  1.37240
31.250 11.250  1.33186
31.250 11.750  1.28779
31.250 12.250  1.23988
31.250 12.750  1.18782
31.250 13.250  1.13128
31.250 13.750  1.06995
31.250 14.250  1.00359
31.250 14.750  0.93197
31.250 15.250  0.85499
31.250 15.750  0.77264
31.250 16.250  0.68507
31.250 16.750  0.59262
31.250 17.250  0.49588
31.250 17.750  0.39568
31.250 18.250  0.29317
31.250 18.750  0.18980
31.250 19.250  0.08735
31.250 19.750 -0.01213
31.250 20.250 -0.10635
31.250 20.750 -0.19292
31.250 21.250 -0.26947
31.250 21.750 -0.33382
31.250 22.250 -0.38416
31.250 22.750 -0.41924
31.250 23.250 -0.43845
31.250 23.750 -0.44194
31.250 24.250 -0.43055
31.250 24.750 -0.40573
31.250 25.250 -0.36942
31.250 25.750 -0.32377
31.250 26.250 -0.27104
31.250 26.750 -0.21342
31.250 27.250 -0.15285
31.250 27.750 -0.09104
31.250 28.250 -0.02935
31.250 28.750  0.03114
31.250 29.250  0.08964
31.250 29.750  0.14561
31.250 30.250  0.19872
31.250 30.750  0.24877
31.250 31.250  0.29571
31.250 31.750  0.33958
31.250 32.250  0.38046
31.250 32.750  0.41850
31.250 33.250  0.45386
31.250 33.750  0.48672
31.250 34.250  0.51727
31.250 34.750  0.54569
31.250 35.250  0.57216
31.250 35.750  0.59685
31.250 36.250  0.61992
31.250 36.750  0.64152
31.250 37.250  0.66179
31.250 37.750  0.68085
31.250 38.250  0.69883
31.250 38.750  0.71584
31.250 39.250  0.73197
31.250 39.750  0.74731
31.250 40.250  0.76195
31.250 40.750  0.77595
31.250 41.250  0.78940
31.250 41.750  0.80234
31.250 42.250  0.81485
31.250 42.750  0.82696
31.250 43.250  0.83873
31.250 43.750  0.85019
31.250 44.250  0.86140
31.250 44.750  0.87238
31.750 -44.750  0.86387
31.750 -44.250  0.85337
31.750 -43.750  0.84265
31.750 -43.250  0.83167
31.750 -42.750  0.82039
31.750 -42.250  0.80876
31.750 -41.750  0.79675
31.750 -41.250  0.78429
31.750 -40.750  0.77132
31.750 -40.250  0.75779
31.750 -39.750  0.74361
31.750 -39.250  0.72872
31.750 -38.750  0.71302
31.750 -38.250  0.69642
31.750 -37.750  0.67881
31.750 -37.250  0.66008
31.750 -36.750  0.64009
31.750 -36.250  0.61870
31.750 -35.750  0.59575
31.750 -35.250  0.57107
31.750 -34.750  0.54448
31.750 -34.250  0.51576
31.750 -33.750  0.48471
31.750 -33.250  0.45109
31.750 -32.750  0.41467
31.750 -32.250  0.37519
31.750 -31.750  0.33242
31.750 -31.250  0.28613
31.750 -30.750  0.23613
31.750 -30.250  0.18228
31.750 -29.750  0.12453
31.750 -29.250  0.06296
31.750 -28.750 -0.00218
31.750 -28.250 -0.07041
31.750 -27.750 -0.14095
31.750 -27.250 -0.21266
31.750 -26.750 -0.28401
31.750 -26.250 -0.35301
31.750 -25.750 -0.41728
31.750 -25.250 -0.47409
31.750 -24.750 -0.52050
31.750 -24.250 -0.55363
31.750 -23.750 -0.57090
31.750 -23.250 -0.57031
31.750 -22.750 -0.55067
31.750 -22.250 -0.51179
31.750 -21.750 -0.45445
31.750 -21.250 -0.38035
31.750 -20.750 -0.29191
31.750 -20.250 -0.19198
31.750 -19.750 -0.08362
31.750 -19.250  0.03013
31.750 -18.750  0.14648
31.750 -18.250  0.26296
31.750 -17.750  0.37750
31.750 -17.250  0.48849
31.750 -16.750  0.59469
31.750 -16.250  0.69526
31.750 -15.750  0.78968
31.750 -15.250  0.87770
31.750 -14.750  0.95927
31.750 -14.250  1.03452
31.750 -13.750  1.10370
31.750 -13.250  1.16715
31.750 -12.750  1.22524
31.750 -12.250  1.27838
31.750 -11.750  1.32699
31.750 -11.250  1.37148
31.750 -10.750  1.41223
31.750 -10.250  1.44961
31.750 -9.750  1.48394
31.750 -9.250  1.51552
31.750 -8.750  1.54461
31.750 -8.250  1.57143
31.750 -7.750  1.59617
31.750 -7.250  1.61898
31.750 -6.750  1.64001
31.750 -6.250  1.65934
31.750 -5.750  1.67707
31.750 -5.250  1.69324
31.750 -4.750  1.70791
31.750 -4.250  1.72110
31.750 -3.750  1.73282
31.750 -3.250  1.74309
31.750 -2.750  1.75190
31.750 -2.250  1.75926
31.750 -1.750  1.76516
31.750 -1.250  1.76959
31.750 -0.750  1.77254
31.750 -0.250  1.77402
31.750 0.250  1.77402
31.750 0.750  1.77254
31.750 1.250  1.76959
31.750 1.750  1.76516
31.750 2.250  1.75926
31.750 2.750  1.75190
31.750 3.250  1.74309
31.750 3.750  1.73282
31.750 4.250  1.72110
31.750 4.750  1.70791
31.750 5.250  1.69324
31.750 5.750  1.67707
31.750 6.250  1.65934
31.750 6.750  1.64001
31.750 7.250  1.61898
31.750 7.750  1.59617
31.750 8.250  1.57143
31.750 8.750  1.54461
31.750 9.250  1.51552
31.750 9.750  1.48394
31.750 10.250  1.44961
31.750 10.750  1.41223
31.750 11.250  1.37148
31.750 11.750  1.32699
31.750 12.250  1.27838
31.750 12.750  1.22524
31.750 13.250  1.16715
31.750 13.750  1.10370
31.750 14.250  1.03452
31.750 14.750  0.95927
31.750 15.250  0.87770
31.750 15.750  0.78968
31.750 16.250  0.69526
31.750 16.750  0.59469
31.750 17.250  0.48849
31.750 17.750  0.37750
31.750 18.250  0.26296
31.750 18.750  0.14648
31.750 19.250  0.03013
31.750 19.750 -0.08362
31.750 20.250 -0.19198
31.750 20.750 -0.29191
31.750 21.250 -0.38035
31.750 21.750 -0.45445
31.750 22.250 -0.51179
31.750 22.750 -0.55067
31.750 23.250 -0.57031
31.750 23.750 -0.57090
31.750 24.250 -0.55363
31.750 24.750 -0.52050
31.750 25.250 -0.47409
31.750 25.750 -0.41728
31.750 26.250 -0.35301
31.750 26.750 -0.28401
31.750 27.250 -0.21266
31.750 27.750 -0.14095
31.750 28.250 -0.07041
31.750 28.750 -0.00218
31.750 29.250  0.06296
31.750 29.750  0.12453
31.750 30.250  0.18228
31.750 30.750  0.23613
31.750 31.250  0.28613
31.750 31.750  0.33242
31.750 32.250  0.37519
31.750 32.750  0.41467
31.750 33.250  0.45109
31.750 33.750  0.48471
31.750 34.250  0.51576
31.750 34.750  0.54448
31.750 35.250  0.57107
31.750 35.750  0.59575
31.750 36.250  0.61870
31.750 36.750  0.64009
31.750 37.250  0.66008
31.750 37.750  0.67881
31.750 38.250  0.69642
31.750 38.750  0.71302
31.750 39.250  0.72872
31.750 39.750  0.74361
31.750 40.250  0.75779
31.750 40.750  0.77132
31.750 41.250  0.78429
31.750 41.750  0.79675
31.750 42.250  0.80876
31.750 42.750  0.82039
31.750 43.250  0.83167
31.750 43.750  0.84265
31.750 44.250  0.85337
31.750 44.750  0.86387
32.250 -44.750  0.85555
32.250 -44.250  0.84557
32.250 -43.750  0.83537
32.250 -43.250  0.82491
32.250 -42.750  0.81416
32.250 -42.250  0.80307
32.250 -41.750  0.79160
32.250 -41.250  0.77968
32.250 -40.750  0.76725
32.250 -40.250  0.75426
32.250 -39.750  0.74063
32.250 -39.250  0.72628
32.250 -38.750  0.71111
32.250 -38.250  0.69502
32.250 -37.750  0.67790
32.250 -37.250  0.65962
32.250 -36.750  0.64005
32.250 -36.250  0.61903
32.250 -35.750  0.59637
32.250 -35.250  0.57189
32.250 -34.750  0.54538
32.250 -34.250  0.51659
32.250 -33.750  0.48527
32.250 -33.250  0.45114
32.250 -32.750  0.41389
32.250 -32.250  0.37322
32.250 -31.750  0.32878
32.250 -31.250  0.28026
32.250 -30.750  0.22734
32.250 -30.250  0.16975
32.250 -29.750  0.10729
32.250 -29.250  0.03989
32.250 -28.750 -0.03236
32.250 -28.250 -0.10909
32.250 -27.750 -0.18961
32.250 -27.250 -0.27276
32.250 -26.750 -0.35687
32.250 -26.250 -0.43966
32.250 -25.750 -0.51824
32.250 -25.250 -0.58915
32.250 -24.750 -0.64859
32.250 -24.250 -0.69268
32.250 -23.750 -0.71787
32.250 -23.250 -0.72137
32.250 -22.750 -0.70152
32.250 -22.250 -0.65802
32.250 -21.750 -0.59195
32.250 -21.250 -0.50566
32.250 -20.750 -0.40241
32.250 -20.250 -0.28603
32.250 -19.750 -0.16048
32.250 -19.250 -0.02962
32.250 -18.750  0.10310
32.250 -18.250  0.23475
32.250 -17.750  0.36296
32.250 -17.250  0.48594
32.250 -16.750  0.60244
32.250 -16.250  0.71166
32.250 -15.750  0.81317
32.250 -15.250  0.90688
32.250 -14.750  0.99290
32.250 -14.250  1.07153
32.250 -13.750  1.14320
32.250 -13.250  1.20838
32.250 -12.750  1.26760
32.250 -12.250  1.32140
32.250 -11.750  1.37032
32.250 -11.250  1.41484
32.250 -10.750  1.45543
32.250 -10.250  1.49254
32.250 -9.750  1.52652
32.250 -9.250  1.55773
32.250 -8.750  1.58646
32.250 -8.250  1.61294
32.250 -7.750  1.63738
32.250 -7.250  1.65995
32.250 -6.750  1.68079
32.250 -6.250  1.70000
32.250 -5.750  1.71765
32.250 -5.250  1.73379
32.250 -4.750  1.74847
32.250 -4.250  1.76170
32.250 -3.750  1.77349
32.250 -3.250  1.78384
32.250 -2.750  1.79274
32.250 -2.250  1.80018
32.250 -1.750  1.80616
32.250 -1.250  1.81065
32.250 -0.750  1.81365
32.250 -0.250  1.81516
32.250 0.250  1.81516
32.250 0.750  1.81365
32.250 1.250  1.81065
32.250 1.750  1.80616
32.250 2.250  1.80018
32.250 2.750  1.79274
32.250 3.250  1.78384
32.250 3.750  1.77349
32.250 4.250  1.76170
32.250 4.750  1.74847
32.250 5.250  1.73379
32.250 5.750  1.71765
32.250 6.250  1.70000
32.250 6.750  1.68079
32.250 7.250  1.65995
32.250 7.750  1.63738
32.250 8.250  1.61294
32.250 8.750  1.58646
32.250 9.250  1.55773
32.250 9.750  1.52652
32.250 10.250  1.49254
32.250 10.750  1.45543
32.250 11.250  1.41484
32.250 11.750  1.37032
32.250 12.250  1.32140
32.250 12.750  1.26760
32.250 13.250  1.20838
32.250 13.750  1.14320
32.250 14.250  1.07153
32.250 14.750  0.99290
32.250 15.250  0.90688
32.250 15.750  0.81317
32.250 16.250  0.71166
32.250 16.750  0.60244
32.250 17.250  0.48594
32.250 17.750  0.36296
32.250 18.250  0.23475
32.250 18.750  0.10310
32.250 19.250 -0.02962
32.250 19.750 -0.16048
32.250 20.250 -0.28603
32.250 20.750 -0.40241
32.250 21.250 -0.50566
32.250 21.750 -0.59195
32.250 22.250 -0.65802
32.250 22.750 -0.70152
32.250 23.250 -0.72137
32.250 23.750 -0.71787
32.250 24.250 -0.69268
32.250 24.750 -0.64859
32.250 25.250 -0.58915
32.250 25.750 -0.51824
32.250 26.250 -0.43966
32.250 26.750 -0.35687
32.250 27.250 -0.27276
32.250 27.750 -0.18961
32.250 28.250 -0.10909
32.250 28.750 -0.03236
32.250 29.250  0.03989
32.250 29.750  0.10729
32.250 30.250  0.16975
32.250 30.750  0.22734
32.250 31.250  0.28026
32.250 31.750  0.32878
32.250 32.250  0.37322
32.250 32.750  0.41389
32.250 33.250  0.45114
32.250 33.750  0.48527
32.250 34.250  0.51659
32.250 34.750  0.54538
32.250 35.250  0.57189
32.250 35.750  0.59637
32.250 36.250  0.61903
32.250 36.750  0.64005
32.250 37.250  0.65962
32.250 37.750  0.67790
32.250 38.250  0.69502
32.250 38.750  0.71111
32.250 39.250  0.72628
32.250 39.750  0.74063
32.250 40.250  0.75426
32.250 40.750  0.76725
32.250 41.250  0.77968
32.250 41.750  0.79160
32.250 42.250  0.80307
32.250 42.750  0.81416
32.250 43.250  0.82491
32.250 43.750  0.83537
32.250 44.250  0.84557
32.250 44.750  0.85555
32.750 -44.750  0.84741
32.750 -44.250  0.83798
32.750 -43.750  0.82834
32.750 -43.250  0.81845
32.750 -42.750  0.80827
32.750 -42.250  0.79777
32.750 -41.750  0.78688
32.750 -41.250  0.77557
32.750 -40.750  0.76376
32.750 -40.250  0.75138
32.750 -39.750  0.73837
32.750 -39.250  0.72465
32.750 -38.750  0.71010
32.750 -38.250  0.69464
32.750 -37.750  0.67814
32.750 -37.250  0.66046
32.750 -36.750  0.64147
32.750 -36.250  0.62098
32.750 -35.750  0.59881
32.750 -35.250  0.57474
32.750 -34.750  0.54854
32.750 -34.250  0.51994
32.750 -33.750  0.48863
32.750 -33.250  0.45429
32.750 -32.750  0.41654
32.750 -32.250  0.37500
32.750 -31.750  0.32924
32.750 -31.250  0.27880
32.750 -30.750  0.22324
32.750 -30.250  0.16212
32.750 -29.750  0.09503
32.750 -29.250  0.02170
32.750 -28.750 -0.05800
32.750 -28.250 -0.14392
32.750 -27.750 -0.23554
32.750 -27.250 -0.33180
32.750 -26.750 -0.43095
32.750 -26.250 -0.53043
32.750 -25.750 -0.62679
32.750 -25.250 -0.71567
32.750 -24.750 -0.79208
32.750 -24.250 -0.85075
32.750 -23.750 -0.88672
32.750 -23.250 -0.89602
32.750 -22.750 -0.87627
32.750 -22.250 -0.82702
32.750 -21.750 -0.74983
32.750 -21.250 -0.64802
32.750 -20.750 -0.52609
32.750 -20.250 -0.38920
32.750 -19.750 -0.24259
32.750 -19.250 -0.09115
32.750 -18.750  0.06090
32.750 -18.250  0.21007
32.750 -17.750  0.35373
32.750 -17.250  0.48996
32.750 -16.750  0.61754
32.750 -16.250  0.73580
32.750 -15.750  0.84451
32.750 -15.250  0.94377
32.750 -14.750  1.03393
32.750 -14.250  1.11553
32.750 -13.750  1.18918
32.750 -13.250  1.25557
32.750 -12.750  1.31538
32.750 -12.250  1.36932
32.750 -11.750  1.41802
32.750 -11.250  1.46211
32.750 -10.750  1.50212
32.750 -10.250  1.53857
32.750 -9.750  1.57188
32.750 -9.250  1.60243
32.750 -8.750  1.63054
32.750 -8.250  1.65647
32.750 -7.750  1.68046
32.750 -7.250  1.70266
32.750 -6.750  1.72321
32.750 -6.250  1.74220
32.750 -5.750  1.75972
32.750 -5.250  1.77580
32.750 -4.750  1.79047
32.750 -4.250  1.80374
32.750 -3.750  1.81560
32.750 -3.250  1.82604
32.750 -2.750  1.83504
32.750 -2.250  1.84258
32.750 -1.750  1.84864
32.750 -1.250  1.85321
32.750 -0.750  1.85626
32.750 -0.250  1.85779
32.750 0.250  1.85779
32.750 0.750  1.85626
32.750 1.250  1.85321
32.750 1.750  1.84864
32.750 2.250  1.84258
32.750 2.750  1.83504
32.750 3.250  1.82604
32.750 3.750  1.81560
32.750 4.250  1.80374
32.750 4.750  1.79047
32.750 5.250  1.77580
32.750 5.750  1.75972
32.750 6.250  1.74220
32.750 6.750  1.72321
32.750 7.250  1.70266
32.750 7.750  1.68046
32.750 8.250  1.65647
32.750 8.750  1.63054
32.750 9.250  1.60243
32.750 9.750  1.57188
32.750 10.250  1.53857
32.750 10.750  1.50212
32.750 11.250  1.46211
32.750 11.750  1.41802
32.750 12.250  1.36932
32.750 12.750  1.31538
32.750 13.250  1.25557
32.750 13.750  1.18918
32.750 14.250  1.11553
32.750 14.750  1.03393
32.750 15.250  0.94377
32.750 15.750  0.84451
32.750 16.250  0.73580
32.750 16.750  0.61754
32.750 17.250  0.48996
32.750 17.750  0.35373
32.750 18.250  0.21007
32.750 18.750  0.06090
32.750 19.250 -0.09115
32.750 19.750 -0.24259
32.750 20.250 -0.38920
32.750 20.750 -0.52609
32.750 21.250 -0.64802
32.750 21.750 -0.74983
32.750 22.250 -0.82702
32.750 22.750 -0.87627
32.750 23.250 -0.89602
32.750 23.750 -0.88672
32.750 24.250 -0.85075
32.750 24.750 -0.79208
32.750 25.250 -0.71567
32.750 25.750 -0.62679
32.750 26.250 -0.53043
32.750 26.750 -0.43095
32.750 27.250 -0.33180
32.750 27.750 -0.23554
32.750 28.250 -0.14392
32.750 28.750 -0.05800
32.750 29.250  0.02170
32.750 29.750  0.09503
32.750 30.250  0.16212
32.750 30.750  0.22324
32.750 31.250  0.27880
32.750 31.750  0.32924
32.750 32.250  0.37500
32.750 32.750  0.41654
32.750 33.250  0.45429
32.750 33.750  0.48863
32.750 34.250  0.51994
32.750 34.750  0.54854
32.750 35.250  0.57474
32.750 35.750  0.59881
32.750 36.250  0.62098
32.750 36.750  0.64147
32.750 37.250  0.66046
32.750 37.750  0.67814
32.750 38.250  0.69464
32.750 38.750  0.71010
32.750 39.250  0.72465
32.750 39.750  0.73837
32.750 40.250  0.75138
32.750 40.750  0.76376
32.750 41.250  0.77557
32.750 41.750  0.78688
32.750 42.250  0.79777
32.750 42.750  0.80827
32.750 43.250  0.81845
32.750 43.750  0.82834
32.750 44.250  0.83798
32.750 44.750  0.84741
33.250 -44.750  0.83945
33.250 -44.250  0.83060
33.250 -43.750  0.82155
33.250 -43.250  0.81227
33.250 -42.750  0.80272
33.250 -42.250  0.79284
33.250 -41.750  0.78261
33.250 -41.250  0.77195
33.250 -40.750  0.76082
33.250 -40.250  0.74914
33.250 -39.750  0.73683
33.250 -39.250  0.72383
33.250 -38.750  0.71002
33.250 -38.250  0.69530
33.250 -37.750  0.67955
33.250 -37.250  0.66263
33.250 -36.750  0.64437
33.250 -36.250  0.62461
33.250 -35.750  0.60314
33.250 -35.250  0.57973
33.250 -34.750  0.55411
33.250 -34.250  0.52599
33.250 -33.750  0.49502
33.250 -33.250  0.46083
33.250 -32.750  0.42299
33.250 -32.250  0.38101
33.250 -31.750  0.33436
33.250 -31.250  0.28247
33.250 -30.750  0.22471
33.250 -30.250  0.16045
33.250 -29.750  0.08905
33.250 -29.250  0.00993
33.250 -28.750 -0.07734
33.250 -28.250 -0.17296
33.250 -27.750 -0.27672
33.250 -27.250 -0.38780
33.250 -26.750 -0.50454
33.250 -26.250 -0.62419
33.250 -25.750 -0.74269
33.250 -25.250 -0.85462
33.250 -24.750 -0.95337
33.250 -24.250 -1.03168
33.250 -23.750 -1.08251
33.250 -23.250 -1.10007
33.250 -22.750 -1.08086
33.250 -22.250 -1.02424
33.250 -21.750 -0.93256
33.250 -21.250 -0.81059
33.250 -20.750 -0.66473
33.250 -20.250 -0.50203
33.250 -19.750 -0.32943
33.250 -19.250 -0.15314
33.250 -18.750  0.02170
33.250 -18.250  0.19105
33.250 -17.750  0.35203
33.250 -17.250  0.50272
33.250 -16.750  0.64204
33.250 -16.250  0.76956
33.250 -15.750  0.88533
33.250 -15.250  0.98978
33.250 -14.750  1.08356
33.250 -14.250  1.16748
33.250 -13.750  1.24243
33.250 -13.250  1.30932
33.250 -12.750  1.36904
33.250 -12.250  1.42245
33.250 -11.750  1.47034
33.250 -11.250  1.51343
33.250 -10.750  1.55237
33.250 -10.250  1.58772
33.250 -9.750  1.61998
33.250 -9.250  1.64955
33.250 -8.750  1.67678
33.250 -8.250  1.70196
33.250 -7.750  1.72531
33.250 -7.250  1.74700
33.250 -6.750  1.76716
33.250 -6.250  1.78589
33.250 -5.750  1.80323
33.250 -5.250  1.81923
33.250 -4.750  1.83388
33.250 -4.250  1.84719
33.250 -3.750  1.85912
33.250 -3.250  1.86967
33.250 -2.750  1.87879
33.250 -2.250  1.88645
33.250 -1.750  1.89262
33.250 -1.250  1.89728
33.250 -0.750  1.90040
33.250 -0.250  1.90196
33.250 0.250  1.90196
33.250 0.750  1.90040
33.250 1.250  1.89728
33.250 1.750  1.89262
33.250 2.250  1.88645
33.250 2.750  1.87879
33.250 3.250  1.86967
33.250 3.750  1.85912
33.250 4.250  1.84719
33.250 4.750  1.83388
33.250 5.250  1.81923
33.250 5.750  1.80323
33.250 6.250  1.78589
33.250 6.750  1.76716
33.250 7.250  1.74700
33.250 7.750  1.72531
33.250 8.250  1.70196
33.250 8.750  1.67678
33.250 9.250  1.64955
33.250 9.750  1.61998
33.250 10.250  1.58772
33.250 10.750  1.55237
33.250 11.250  1.51343
33.250 11.750  1.47034
33.250 12.250  1.42245
33.250 12.750  1.36904
33.250 13.250  1.30932
33.250 13.750  1.24243
33.250 14.250  1.16748
33.250 14.750  1.08356
33.250 15.250  0.98978
33.250 15.750  0.88533
33.250 16.250  0.76956
33.250 16.750  0.64204
33.250 17.250  0.50272
33.250 17.750  0.35203
33.250 18.250  0.19105
33.250 18.750  0.02170
33.250 19.250 -0.15314
33.250 19.750 -0.32943
33.250 20.250 -0.50203
33.250 20.750 -0.66473
33.250 21.250 -0.81059
33.250 21.750 -0.93256
33.250 22.250 -1.02424
33.250 22.750 -1.08086
33.250 23.250 -1.10007
33.250 23.750 -1.08251
33.250 24.250 -1.03168
33.250 24.750 -0.95337
33.250 25.250 -0.85462
33.250 25.750 -0.74269
33.250 26.250 -0.62419
33.250 26.750 -0.50454
33.250 27.250 -0.38780
33.250 27.750 -0.27672
33.250 28.250 -0.17296
33.250 28.750 -0.07734
33.250 29.250  0.00993
33.250 29.750  0.08905
33.250 30.250  0.16045
33.250 30.750  0.22471
33.250 31.250  0.28247
33.250 31.750  0.33436
33.250 32.250  0.38101
33.250 32.750  0.42299
33.250 33.250  0.46083
33.250 33.750  0.49502
33.250 34.250  0.52599
33.250 34.750  0.55411
33.250 35.250  0.57973
33.250 35.750  0.60314
33.250 36.250  0.62461
33.250 36.750  0.64437
33.250 37.250  0.66263
33.250 37.750  0.67955
33.250 38.250  0.69530
33.250 38.750  0.71002
33.250 39.250  0.72383
33.250 39.750  0.73683
33.250 40.250  0.74914
33.250 40.750  0.76082
33.250 41.250  0.77195
33.250 41.750  0.78261
33.250 42.250  0.79284
33.250 42.750  0.80272
33.250 43.250  0.81227
33.250 43.750  0.82155
33.250 44.250  0.83060
33.250 44.750  0.83945
33.750 -44.750  0.83166
33.750 -44.250  0.82342
33.750 -43.750  0.81501
33.750 -43.250  0.80637
33.750 -42.750  0.79748
33.750 -42.250  0.78828
33.750 -41.750  0.77875
33.750 -41.250  0.76881
33.750 -40.750  0.75842
33.750 -40.250  0.74751
33.750 -39.750  0.73600
33.750 -39.250  0.72381
33.750 -38.750  0.71084
33.750 -38.250  0.69699
33.750 -37.750  0.68213
33.750 -37.250  0.66611
33.750 -36.750  0.64878
33.750 -36.250  0.62995
33.750 -35.750  0.60941
33.750 -35.250  0.58691
33.750 -34.750  0.56217
33.750 -34.250  0.53487
33.750 -33.750  0.50463
33.750 -33.250  0.47102
33.750 -32.750  0.43356
33.750 -32.250  0.39167
33.750 -31.750  0.34473
33.750 -31.250  0.29200
33.750 -30.750  0.23269
33.750 -30.250  0.16594
33.750 -29.750  0.09080
33.750 -29.250  0.00635
33.750 -28.750 -0.08828
33.750 -28.250 -0.19377
33.750 -27.750 -0.31044
33.750 -27.250 -0.43795
33.750 -26.750 -0.57500
33.750 -26.250 -0.71886
33.750 -25.750 -0.86496
33.750 -25.250 -1.00662
33.750 -24.750 -1.13512
33.750 -24.250 -1.24032
33.750 -23.750 -1.31195
33.750 -23.250 -1.34139
33.750 -22.750 -1.32335
33.750 -22.250 -1.25696
33.750 -21.750 -1.14585
33.750 -21.250 -0.99717
33.750 -20.750 -0.82016
33.750 -20.250 -0.62464
33.750 -19.750 -0.41979
33.750 -19.250 -0.21347
33.750 -18.750 -0.01184
33.750 -18.250  0.18057
33.750 -17.750  0.36076
33.750 -17.250  0.52697
33.750 -16.750  0.67843
33.750 -16.250  0.81512
33.750 -15.750  0.93752
33.750 -15.250  1.04648
33.750 -14.750  1.14305
33.750 -14.250  1.22841
33.750 -13.750  1.30374
33.750 -13.250  1.37024
33.750 -12.750  1.42901
33.750 -12.250  1.48110
33.750 -11.750  1.52745
33.750 -11.250  1.56890
33.750 -10.750  1.60620
33.750 -10.250  1.63996
33.750 -9.750  1.67075
33.750 -9.250  1.69900
33.750 -8.750  1.72507
33.750 -8.250  1.74927
33.750 -7.750  1.77181
33.750 -7.250  1.79287
33.750 -6.750  1.81256
33.750 -6.250  1.83095
33.750 -5.750  1.84809
33.750 -5.250  1.86399
33.750 -4.750  1.87863
33.750 -4.250  1.89200
33.750 -3.750  1.90404
33.750 -3.250  1.91473
33.750 -2.750  1.92400
33.750 -2.250  1.93181
33.750 -1.750  1.93812
33.750 -1.250  1.94289
33.750 -0.750  1.94609
33.750 -0.250  1.94769
33.750 0.250  1.94769
33.750 0.750  1.94609
33.750 1.250  1.94289
33.750 1.750  1.93812
33.750 2.250  1.93181
33.750 2.750  1.92400
33.750 3.250  1.91473
33.750 3.750  1.90404
33.750 4.250  1.89200
33.750 4.750  1.87863
33.750 5.250  1.86399
33.750 5.750  1.84809
33.750 6.250  1.83095
33.750 6.750  1.81256
33.750 7.250  1.79287
33.750 7.750  1.77181
33.750 8.250  1.74927
33.750 8.750  1.72507
33.750 9.250  1.69900
33.750 9.750  1.67075
33.750 10.250  1.63996
33.750 10.750  1.60620
33.750 11.250  1.56890
33.750 11.750  1.52745
33.750 12.250  1.48110
33.750 12.750  1.42901
33.750 13.250  1.37024
33.750 13.750  1.30374
33.750 14.250  1.22841
33.750 14.750  1.14305
33.750 15.250  1.04648
33.750 15.750  0.93752
33.750 16.250  0.81512
33.750 16.750  0.67843
33.750 17.250  0.52697
33.750 17.750  0.36076
33.750 18.250  0.18057
33.750 18.750 -0.01184
33.750 19.250 -0.21347
33.750 19.750 -0.41979
33.750 20.250 -0.62464
33.750 20.750 -0.82016
33.750 21.250 -0.99717
33.750 21.750 -1.14585
33.750 22.250 -1.25696
33.750 22.750 -1.32335
33.750 23.250 -1.34139
33.750 23.750 -1.31195
33.750 24.250 -1.24032
33.750 24.750 -1.13512
33.750 25.250 -1.00662
33.750 25.750 -0.86496
33.750 26.250 -0.71886
33.750 26.750 -0.57500
33.750 27.250 -0.43795
33.750 27.750 -0.31044
33.750 28.250 -0.19377
33.750 28.750 -0.08828
33.750 29.250  0.00635
33.750 29.750  0.09080
33.750 30.250  0.16594
33.750 30.750  0.23269
33.750 31.250  0.29200
33.750 31.750  0.34473
33.750 32.250  0.39167
33.750 32.750  0.43356
33.750 33.250  0.47102
33.750 33.750  0.50463
33.750 34.250  0.53487
33.750 34.750  0.56217
33.750 35.250  0.58691
33.750 35.750  0.60941
33.750 36.250  0.62995
33.750 36.750  0.64878
33.750 37.250  0.66611
33.750 37.750  0.68213
33.750 38.250  0.69699
33.750 38.750  0.71084
33.750 39.250  0.72381
33.750 39.750  0.73600
33.750 40.250  0.74751
33.750 40.750  0.75842
33.750 41.250  0.76881
33.750 41.750  0.77875
33.750 42.250  0.78828
33.750 42.750  0.79748
33.750 43.250  0.80637
33.750 43.750  0.81501
33.750 44.250  0.82342
33.750 44.750  0.83166
34.250 -44.750  0.82402
34.250 -44.250  0.81643
34.250 -43.750  0.80868
34.250 -43.250  0.80072
34.250 -42.750  0.79253
34.250 -42.250  0.78407
34.250 -41.750  0.77528
34.250 -41.250  0.76613
34.250 -40.750  0.75655
34.250 -40.250  0.74648
34.250 -39.750  0.73584
34.250 -39.250  0.72456
34.250 -38.750  0.71255
34.250 -38.250  0.69968
34.250 -37.750  0.68585
34.250 -37.250  0.67091
34.250 -36.750  0.65469
34.250 -36.250  0.63700
34.250 -35.750  0.61763
34.250 -35.250  0.59633
34.250 -34.750  0.57280
34.250 -34.250  0.54668
34.250 -33.750  0.51760
34.250 -33.250  0.48506
34.250 -32.750  0.44854
34.250 -32.250  0.40738
34.250 -31.750  0.36085
34.250 -31.250  0.30810
34.250 -30.750  0.24812
34.250 -30.250  0.17980
34.250 -29.750  0.10187
34.250 -29.250  0.01298
34.250 -28.750 -0.08829
34.250 -28.250 -0.20330
34.250 -27.750 -0.33314
34.250 -27.250 -0.47834
34.250 -26.750 -0.63836
34.250 -26.250 -0.81093
34.250 -25.750 -0.99130
34.250 -25.250 -1.17152
34.250 -24.750 -1.34013
34.250 -24.250 -1.48279
34.250 -23.750 -1.58417
34.250 -23.250 -1.63096
34.250 -22.750 -1.61495
34.250 -22.250 -1.53501
34.250 -21.750 -1.39704
34.250 -21.250 -1.21215
34.250 -20.750 -0.99400
34.250 -20.250 -0.75634
34.250 -19.750 -0.51135
34.250 -19.250 -0.26881
34.250 -18.750 -0.03591
34.250 -18.250  0.18252
34.250 -17.750  0.38362
34.250 -17.250  0.56608
34.250 -16.750  0.72968
34.250 -16.250  0.87501
34.250 -15.750  1.00318
34.250 -15.250  1.11558
34.250 -14.750  1.21377
34.250 -14.250  1.29935
34.250 -13.750  1.37389
34.250 -13.250  1.43886
34.250 -12.750  1.49564
34.250 -12.250  1.54546
34.250 -11.750  1.58943
34.250 -11.250  1.62851
34.250 -10.750  1.66353
34.250 -10.250  1.69518
34.250 -9.750  1.72404
34.250 -9.250  1.75060
34.250 -8.750  1.77523
34.250 -8.250  1.79822
34.250 -7.750  1.81979
34.250 -7.250  1.84010
34.250 -6.750  1.85924
34.250 -6.250  1.87726
34.250 -5.750  1.89419
34.250 -5.250  1.91000
34.250 -4.750  1.92466
34.250 -4.250  1.93813
34.250 -3.750  1.95033
34.250 -3.250  1.96120
34.250 -2.750  1.97067
34.250 -2.250  1.97868
34.250 -1.750  1.98517
34.250 -1.250  1.99008
34.250 -0.750  1.99337
34.250 -0.250  1.99503
34.250 0.250  1.99503
34.250 0.750  1.99337
34.250 1.250  1.99008
34.250 1.750  1.98517
34.250 2.250  1.97868
34.250 2.750  1.97067
34.250 3.250  1.96120
34.250 3.750  1.95033
34.250 4.250  1.93813
34.250 4.750  1.92466
34.250 5.250  1.91000
34.250 5.750  1.89419
34.250 6.250  1.87726
34.250 6.750  1.85924
34.250 7.250  1.84010
34.250 7.750  1.81979
34.250 8.250  1.79822
34.250 8.750  1.77523
34.250 9.250  1.75060
34.250 9.750  1.72404
34.250 10.250  1.69518
34.250 10.750  1.66353
34.250 11.250  1.62851
34.250 11.750  1.58943
34.250 12.250  1.54546
34.250 12.750  1.49564
34.250 13.250  1.43886
34.250 13.750  1.37389
34.250 14.250  1.29935
34.250 14.750  1.21377
34.250 15.250  1.11558
34.250 15.750  1.00318
34.250 16.250  0.87501
34.250 16.750  0.72968
34.250 17.250  0.56608
34.250 17.750  0.38362
34.250 18.250  0.18252
34.250 18.750 -0.03591
34.250 19.250 -0.26881
34.250 19.750 -0.51135
34.250 20.250 -0.75634
34.250 20.750 -0.99400
34.250 21.250 -1.21215
34.250 21.750 -1.39704
34.250 22.250 -1.53501
34.250 22.750 -1.61495
34.250 23.250 -1.63096
34.250 23.750 -1.58417
34.250 24.250 -1.48279
34.250 24.750 -1.34013
34.250 25.250 -1.17152
34.250 25.750 -0.99130
34.250 26.250 -0.81093
34.250 26.750 -0.63836
34.250 27.250 -0.47834
34.250 27.750 -0.33314
34.250 28.250 -0.20330
34.250 28.750 -0.08829
34.250 29.250  0.01298
34.250 29.750  0.10187
34.250 30.250  0.17980
34.250 30.750  0.24812
34.250 31.250  0.30810
34.250 31.750  0.36085
34.250 32.250  0.40738
34.250 32.750  0.44854
34.250 33.250  0.48506
34.250 33.750  0.51760
34.250 34.250  0.54668
34.250 34.750  0.57280
34.250 35.250  0.59633
34.250 35.750  0.61763
34.250 36.250  0.63700
34.250 36.750  0.65469
34.250 37.250  0.67091
34.250 37.750  0.68585
34.250 38.250  0.69968
34.250 38.750  0.71255
34.250 39.250  0.72456
34.250 39.750  0.73584
34.250 40.250  0.74648
34.250 40.750  0.75655
34.250 41.250  0.76613
34.250 41.750  0.77528
34.250 42.250  0.78407
34.250 42.750  0.79253
34.250 43.250  0.80072
34.250 43.750  0.80868
34.250 44.250  0.81643
34.250 44.750  0.82402
34.750 -44.750  0.81652
34.750 -44.250  0.80961
34.750 -43.750  0.80255
34.750 -43.250  0.79531
34.750 -42.750  0.78786
34.750 -42.250  0.78017
34.750 -41.750  0.77218
34.750 -41.250  0.76387
34.750 -40.750  0.75516
34.750 -40.250  0.74600
34.750 -39.750  0.73633
34.750 -39.250  0.72606
34.750 -38.750  0.71510
34.750 -38.250  0.70335
34.750 -37.750  0.69069
34.750 -37.250  0.67697
34.750 -36.750  0.66205
34.750 -36.250  0.64573
34.750 -35.750  0.62779
34.750 -35.250  0.60797
34.750 -34.750  0.58598
34.750 -34.250  0.56146
34.750 -33.750  0.53399
34.750 -33.250  0.50308
34.750 -32.750  0.46813
34.750 -32.250  0.42844
34.750 -31.750  0.38319
34.750 -31.250  0.33139
34.750 -30.750  0.27186
34.750 -30.250  0.20324
34.750 -29.750  0.12390
34.750 -29.250  0.03201
34.750 -28.750 -0.07452
34.750 -28.250 -0.19790
34.750 -27.750 -0.34032
34.750 -27.250 -0.50364
34.750 -26.750 -0.68873
34.750 -26.250 -0.89464
34.750 -25.750 -1.11719
34.750 -25.250 -1.34753
34.750 -24.750 -1.57090
34.750 -24.250 -1.76686
34.750 -23.750 -1.91188
34.750 -23.250 -1.98458
34.750 -22.750 -1.97172
34.750 -22.250 -1.87198
34.750 -21.750 -1.69558
34.750 -21.250 -1.46040
34.750 -20.750 -1.18706
34.750 -20.250 -0.89494
34.750 -19.750 -0.60002
34.750 -19.250 -0.31411
34.750 -18.750 -0.04518
34.750 -18.250  0.20205
34.750 -17.750  0.42533
34.750 -17.250  0.62417
34.750 -16.750  0.79928
34.750 -16.250  0.95213
34.750 -15.750  1.08463
34.750 -15.250  1.19890
34.750 -14.750  1.29710
34.750 -14.250  1.38133
34.750 -13.750  1.45357
34.750 -13.250  1.51565
34.750 -12.750  1.56920
34.750 -12.250  1.61566
34.750 -11.750  1.65629
34.750 -11.250  1.69217
34.750 -10.750  1.72420
34.750 -10.250  1.75315
34.750 -9.750  1.77963
34.750 -9.250  1.80412
34.750 -8.750  1.82701
34.750 -8.250  1.84858
34.750 -7.750  1.86903
34.750 -7.250  1.88849
34.750 -6.750  1.90703
34.750 -6.250  1.92466
34.750 -5.750  1.94139
34.750 -5.250  1.95715
34.750 -4.750  1.97189
34.750 -4.250  1.98552
34.750 -3.750  1.99794
34.750 -3.250  2.00907
34.750 -2.750  2.01881
34.750 -2.250  2.02707
34.750 -1.750  2.03378
34.750 -1.250  2.03888
34.750 -0.750  2.04230
34.750 -0.250  2.04402
34.750 0.250  2.04402
34.750 0.750  2.04230
34.750 1.250  2.03888
34.750 1.750  2.03378
34.750 2.250  2.02707
34.750 2.750  2.01881
34.750 3.250  2.00907
34.750 3.750  1.99794
34.750 4.250  1.98552
34.750 4.750  1.97189
34.750 5.250  1.95715
34.750 5.750  1.94139
34.750 6.250  1.92466
34.750 6.750  1.90703
34.750 7.250  1.88849
34.750 7.750  1.86903
34.750 8.250  1.84858
34.750 8.750  1.82701
34.750 9.250  1.80412
34.750 9.750  1.77963
34.750 10.250  1.75315
34.750 10.750  1.72420
34.750 11.250  1.69217
34.750 11.750  1.65629
34.750 12.250  1.61566
34.750 12.750  1.56920
34.750 13.250  1.51565
34.750 13.750  1.45357
34.750 14.250  1.38133
34.750 14.750  1.29710
34.750 15.250  1.19890
34.750 15.750  1.08463
34.750 16.250  0.95213
34.750 16.750  0.79928
34.750 17.250  0.62417
34.750 17.750  0.42533
34.750 18.250  0.20205
34.750 18.750 -0.04518
34.750 19.250 -0.31411
34.750 19.750 -0.60002
34.750 20.250 -0.89494
34.750 20.750 -1.18706
34.750 21.250 -1.46040
34.750 21.750 -1.69558
34.750 22.250 -1.87198
34.750 22.750 -1.97172
34.750 23.250 -1.98458
34.750 23.750 -1.91188
34.750 24.250 -1.76686
34.750 24.750 -1.57090
34.750 25.250 -1.34753
34.750 25.750 -1.11719
34.750 26.250 -0.89464
34.750 26.750 -0.68873
34.750 27.250 -0.50364
34.750 27.750 -0.34032
34.750 28.250 -0.19790
34.750 28.750 -0.07452
34.750 29.250  0.03201
34.750 29.750  0.12390
34.750 30.250  0.20324
34.750 30.750  0.27186
34.750 31.250  0.33139
34.750 31.750  0.38319
34.750 32.250  0.42844
34.750 32.750  0.46813
34.750 33.250  0.50308
34.750 33.750  0.53399
34.750 34.250  0.56146
34.750 34.750  0.58598
34.750 35.250  0.60797
34.750 35.750  0.62779
34.750 36.250  0.64573
34.750 36.750  0.66205
34.750 37.250  0.67697
34.750 37.750  0.69069
34.750 38.250  0.70335
34.750 38.750  0.71510
34.750 39.250  0.72606
34.750 39.750  0.73633
34.750 40.250  0.74600
34.750 40.750  0.75516
34.750 41.250  0.76387
34.750 41.750  0.77218
34.750 42.250  0.78017
34.750 42.750  0.78786
34.750 43.250  0.79531
34.750 43.750  0.80255
34.750 44.250  0.80961
34.750 44.750  0.81652
35.250 -44.750  0.80914
35.250 -44.250  0.80293
35.250 -43.750  0.79659
35.250 -43.250  0.79010
35.250 -42.750  0.78344
35.250 -42.250  0.77656
35.250 -41.750  0.76942
35.250 -41.250  0.76199
35.250 -40.750  0.75422
35.250 -40.250  0.74605
35.250 -39.750  0.73741
35.250 -39.250  0.72824
35.250 -38.750  0.71844
35.250 -38.250  0.70792
35.250 -37.750  0.69657
35.250 -37.250  0.68425
35.250 -36.750  0.67081
35.250 -36.250  0.65606
35.250 -35.750  0.63980
35.250 -35.250  0.62178
35.250 -34.750  0.60169
35.250 -34.250  0.57918
35.250 -33.750  0.55382
35.250 -33.250  0.52511
35.250 -32.750  0.49243
35.250 -32.250  0.45504
35.250 -31.750  0.41205
35.250 -31.250  0.36237
35.250 -30.750  0.30467
35.250 -30.250  0.23735
35.250 -29.750  0.15845
35.250 -29.250  0.06563
35.250 -28.750 -0.04391
35.250 -28.250 -0.17340
35.250 -27.750 -0.32647
35.250 -27.250 -0.50684
35.250 -26.750 -0.71778
35.250 -26.250 -0.96092
35.250 -25.750 -1.23428
35.250 -25.250 -1.52947
35.250 -24.750 -1.82849
35.250 -24.250 -2.10219
35.250 -23.750 -2.31333
35.250 -23.250 -2.42587
35.250 -22.750 -2.41738
35.250 -22.250 -2.28691
35.250 -21.750 -2.05331
35.250 -21.250 -1.74655
35.250 -20.750 -1.39827
35.250 -20.250 -1.03564
35.250 -19.750 -0.67900
35.250 -19.250 -0.34190
35.250 -18.750 -0.03235
35.250 -18.250  0.24583
35.250 -17.750  0.49167
35.250 -17.250  0.70611
35.250 -16.750  0.89121
35.250 -16.250  1.04963
35.250 -15.750  1.18433
35.250 -15.250  1.29828
35.250 -14.750  1.39437
35.250 -14.250  1.47526
35.250 -13.750  1.54339
35.250 -13.250  1.60094
35.250 -12.750  1.64981
35.250 -12.250  1.69165
35.250 -11.750  1.72787
35.250 -11.250  1.75964
35.250 -10.750  1.78795
35.250 -10.250  1.81358
35.250 -9.750  1.83718
35.250 -9.250  1.85923
35.250 -8.750  1.88010
35.250 -8.250  1.90005
35.250 -7.750  1.91925
35.250 -7.250  1.93779
35.250 -6.750  1.95571
35.250 -6.250  1.97298
35.250 -5.750  1.98955
35.250 -5.250  2.00534
35.250 -4.750  2.02023
35.250 -4.250  2.03411
35.250 -3.750  2.04685
35.250 -3.250  2.05833
35.250 -2.750  2.06842
35.250 -2.250  2.07702
35.250 -1.750  2.08402
35.250 -1.250  2.08935
35.250 -0.750  2.09294
35.250 -0.250  2.09474
35.250 0.250  2.09474
35.250 0.750  2.09294
35.250 1.250  2.08935
35.250 1.750  2.08402
35.250 2.250  2.07702
35.250 2.750  2.06842
35.250 3.250  2.05833
35.250 3.750  2.04685
35.250 4.250  2.03411
35.250 4.750  2.02023
35.250 5.250  2.00534
35.250 5.750  1.98955
35.250 6.250  1.97298
35.250 6.750  1.95571
35.250 7.250  1.93779
35.250 7.750  1.91925
35.250 8.250  1.90005
35.250 8.750  1.88010
35.250 9.250  1.85923
35.250 9.750  1.83718
35.250 10.250  1.81358
35.250 10.750  1.78795
35.250 11.250  1.75964
35.250 11.750  1.72787
35.250 12.250  1.69165
35.250 12.750  1.64981
35.250 13.250  1.60094
35.250 13.750  1.54339
35.250 14.250  1.47526
35.250 14.750  1.39437
35.250 15.250  1.29828
35.250 15.750  1.18433
35.250 16.250  1.04963
35.250 16.750  0.89121
35.250 17.250  0.70611
35.250 17.750  0.49167
35.250 18.250  0.24583
35.250 18.750 -0.03235
35.250 19.250 -0.34190
35.250 19.750 -0.67900
35.250 20.250 -1.03564
35.250 20.750 -1.39827
35.250 21.250 -1.74655
35.250 21.750 -2.05331
35.250 22.250 -2.28691
35.250 22.750 -2.41738
35.250 23.250 -2.42587
35.250 23.750 -2.31333
35.250 24.250 -2.10219
35.250 24.750 -1.82849
35.250 25.250 -1.52947
35.250 25.750 -1.23428
35.250 26.250 -0.96092
35.250 26.750 -0.71778
35.250 27.250 -0.50684
35.250 27.750 -0.32647
35.250 28.250 -0.17340
35.250 28.750 -0.04391
35.250 29.250  0.06563
35.250 29.750  0.15845
35.250 30.250  0.23735
35.250 30.750  0.30467
35.250 31.250  0.36237
35.250 31.750  0.41205
35.250 32.250  0.45504
35.250 32.750  0.49243
35.250 33.250  0.52511
35.250 33.750  0.55382
35.250 34.250  0.57918
35.250 34.750  0.60169
35.250 35.250  0.62178
35.250 35.750  0.63980
35.250 36.250  0.65606
35.250 36.750  0.67081
35.250 37.250  0.68425
35.250 37.750  0.69657
35.250 38.250  0.70792
35.250 38.750  0.71844
35.250 39.250  0.72824
35.250 39.750  0.73741
35.250 40.250  0.74605
35.250 40.750  0.75422
35.250 41.250  0.76199
35.250 41.750  0.76942
35.250 42.250  0.77656
35.250 42.750  0.78344
35.250 43.250  0.79010
35.250 43.750  0.79659
35.250 44.250  0.80293
35.250 44.750  0.80914
35.750 -44.750  0.80186
35.750 -44.250  0.79637
35.750 -43.750  0.79079
35.750 -43.250  0.78508
35.750 -42.750  0.77923
35.750 -42.250  0.77320
35.750 -41.750  0.76696
35.750 -41.250  0.76047
35.750 -40.750  0.75368
35.750 -40.250  0.74656
35.750 -39.750  0.73903
35.750 -39.250  0.73103
35.750 -38.750  0.72249
35.750 -38.250  0.71332
35.750 -37.750  0.70341
35.750 -37.250  0.69264
35.750 -36.750  0.68086
35.750 -36.250  0.66791
35.750 -35.750  0.65358
35.750 -35.250  0.63764
35.750 -34.750  0.61980
35.750 -34.250  0.59972
35.750 -33.750  0.57698
35.750 -33.250  0.55109
35.750 -32.750  0.52141
35.750 -32.250  0.48722
35.750 -31.750  0.44757
35.750 -31.250  0.40132
35.750 -30.750  0.34705
35.750 -30.250  0.28297
35.750 -29.750  0.20685
35.750 -29.250  0.11589
35.750 -28.750  0.00660
35.750 -28.250 -0.12535
35.750 -27.750 -0.28524
35.750 -27.250 -0.47924
35.750 -26.750 -0.71407
35.750 -26.250 -0.99590
35.750 -25.750 -1.32791
35.750 -25.250 -1.70559
35.750 -24.750 -2.10983
35.750 -24.250 -2.50018
35.750 -23.750 -2.81580
35.750 -23.250 -2.99208
35.750 -22.750 -2.98855
35.750 -22.250 -2.80683
35.750 -21.750 -2.48437
35.750 -21.250 -2.07337
35.750 -20.750 -1.62262
35.750 -20.250 -1.16921
35.750 -19.750 -0.73750
35.750 -19.250 -0.34147
35.750 -18.750  0.01233
35.750 -18.250  0.32224
35.750 -17.750  0.58961
35.750 -17.250  0.81751
35.750 -16.750  1.00984
35.750 -16.250  1.17085
35.750 -15.750  1.30474
35.750 -15.250  1.41550
35.750 -14.750  1.50679
35.750 -14.250  1.58190
35.750 -13.750  1.64376
35.750 -13.250  1.69487
35.750 -12.750  1.73742
35.750 -12.250  1.77323
35.750 -11.750  1.80385
35.750 -11.250  1.83054
35.750 -10.750  1.85433
35.750 -10.250  1.87602
35.750 -9.750  1.89626
35.750 -9.250  1.91551
35.750 -8.750  1.93410
35.750 -8.250  1.95226
35.750 -7.750  1.97012
35.750 -7.250  1.98771
35.750 -6.750  2.00502
35.750 -6.250  2.02199
35.750 -5.750  2.03849
35.750 -5.250  2.05441
35.750 -4.750  2.06958
35.750 -4.250  2.08384
35.750 -3.750  2.09702
35.750 -3.250  2.10897
35.750 -2.750  2.11953
35.750 -2.250  2.12856
35.750 -1.750  2.13594
35.750 -1.250  2.14157
35.750 -0.750  2.14536
35.750 -0.250  2.14727
35.750 0.250  2.14727
35.750 0.750  2.14536
35.750 1.250  2.14157
35.750 1.750  2.13594
35.750 2.250  2.12856
35.750 2.750  2.11953
35.750 3.250  2.10897
35.750 3.750  2.09702
35.750 4.250  2.08384
35.750 4.750  2.06958
35.750 5.250  2.05441
35.750 5.750  2.03849
35.750 6.250  2.02199
35.750 6.750  2.00502
35.750 7.250  1.98771
35.750 7.750  1.97012
35.750 8.250  1.95226
35.750 8.750  1.93410
35.750 9.250  1.91551
35.750 9.750  1.89626
35.750 10.250  1.87602
35.750 10.750  1.85433
35.750 11.250  1.83054
35.750 11.750  1.80385
35.750 12.250  1.77323
35.750 12.750  1.73742
35.750 13.250  1.69487
35.750 13.750  1.64376
35.750 14.250  1.58190
35.750 14.750  1.50679
35.750 15.250  1.41550
35.750 15.750  1.30474
35.750 16.250  1.17085
35.750 16.750  1.00984
35.750 17.250  0.81751
35.750 17.750  0.58961
35.750 18.250  0.32224
35.750 18.750  0.01233
35.750 19.250 -0.34147
35.750 19.750 -0.73750
35.750 20.250 -1.16921
35.750 20.750 -1.62262
35.750 21.250 -2.07337
35.750 21.750 -2.48437
35.750 22.250 -2.80683
35.750 22.750 -2.98855
35.750 23.250 -2.99208
35.750 23.750 -2.81580
35.750 24.250 -2.50018
35.750 24.750 -2.10983
35.750 25.250 -1.70559
35.750 25.750 -1.32791
35.750 26.250 -0.99590
35.750 26.750 -0.71407
35.750 27.250 -0.47924
35.750 27.750 -0.28524
35.750 28.250 -0.12535
35.750 28.750  0.00660
35.750 29.250  0.11589
35.750 29.750  0.20685
35.750 30.250  0.28297
35.750 30.750  0.34705
35.750 31.250  0.40132
35.750 31.750  0.44757
35.750 32.250  0.48722
35.750 32.750  0.52141
35.750 33.250  0.55109
35.750 33.750  0.57698
35.750 34.250  0.59972
35.750 34.750  0.61980
35.750 35.250  0.63764
35.750 35.750  0.65358
35.750 36.250  0.66791
35.750 36.750  0.68086
35.750 37.250  0.69264
35.750 37.750  0.70341
35.750 38.250  0.71332
35.750 38.750  0.72249
35.750 39.250  0.73103
35.750 39.750  0.73903
35.750 40.250  0.74656
35.750 40.750  0.75368
35.750 41.250  0.76047
35.750 41.750  0.76696
35.750 42.250  0.77320
35.750 42.750  0.77923
35.750 43.250  0.78508
35.750 43.750  0.79079
35.750 44.250  0.79637
35.750 44.750  0.80186
36.250 -44.750  0.79466
36.250 -44.250  0.78992
36.250 -43.750  0.78510
36.250 -43.250  0.78020
36.250 -42.750  0.77519
36.250 -42.250  0.77005
36.250 -41.750  0.76474
36.250 -41.250  0.75923
36.250 -40.750  0.75349
36.250 -40.250  0.74746
36.250 -39.750  0.74111
36.250 -39.250  0.73437
36.250 -38.750  0.72718
36.250 -38.250  0.71946
36.250 -37.750  0.71111
36.250 -37.250  0.70203
36.250 -36.750  0.69208
36.250 -36.250  0.68112
36.250 -35.750  0.66897
36.250 -35.250  0.65540
36.250 -34.750  0.64015
36.250 -34.250  0.62291
36.250 -33.750  0.60329
36.250 -33.250  0.58081
36.250 -32.750  0.55489
36.250 -32.250  0.52480
36.250 -31.750  0.48963
36.250 -31.250  0.44824
36.250 -30.750  0.39916
36.250 -30.250  0.34053
36.250 -29.750  0.26997
36.250 -29.250  0.18435
36.250 -28.750  0.07961
36.250 -28.250 -0.04953
36.250 -27.750 -0.21001
36.250 -27.250 -0.41075
36.250 -26.750 -0.66291
36.250 -26.250 -0.97952
36.250 -25.750 -1.37344
36.250 -25.250 -1.85141
36.250 -24.750 -2.40116
36.250 -24.250 -2.97183
36.250 -23.750 -3.46192
36.250 -23.250 -3.74598
36.250 -22.750 -3.74430
36.250 -22.250 -3.46980
36.250 -21.750 -3.00309
36.250 -21.250 -2.43775
36.250 -20.750 -1.84745
36.250 -20.250 -1.27934
36.250 -19.750 -0.75909
36.250 -19.250 -0.29800
36.250 -18.750  0.10138
36.250 -18.250  0.44146
36.250 -17.750  0.72715
36.250 -17.250  0.96450
36.250 -16.750  1.15980
36.250 -16.250  1.31916
36.250 -15.750  1.44824
36.250 -15.250  1.55212
36.250 -14.750  1.63532
36.250 -14.250  1.70175
36.250 -13.750  1.75480
36.250 -13.250  1.79731
36.250 -12.750  1.83170
36.250 -12.250  1.85996
36.250 -11.750  1.88373
36.250 -11.250  1.90432
36.250 -10.750  1.92277
36.250 -10.250  1.93990
36.250 -9.750  1.95630
36.250 -9.250  1.97241
36.250 -8.750  1.98851
36.250 -8.250  2.00477
36.250 -7.750  2.02124
36.250 -7.250  2.03790
36.250 -6.750  2.05468
36.250 -6.250  2.07145
36.250 -5.750  2.08803
36.250 -5.250  2.10422
36.250 -4.750  2.11983
36.250 -4.250  2.13464
36.250 -3.750  2.14844
36.250 -3.250  2.16101
36.250 -2.750  2.17218
36.250 -2.250  2.18176
36.250 -1.750  2.18962
36.250 -1.250  2.19562
36.250 -0.750  2.19967
36.250 -0.250  2.20172
36.250 0.250  2.20172
36.250 0.750  2.19967
36.250 1.250  2.19562
36.250 1.750  2.18962
36.250 2.250  2.18176
36.250 2.750  2.17218
36.250 3.250  2.16101
36.250 3.750  2.14844
36.250 4.250  2.13464
36.250 4.750  2.11983
36.250 5.250  2.10422
36.250 5.750  2.08803
36.250 6.250  2.07145
36.250 6.750  2.05468
36.250 7.250  2.03790
36.250 7.750  2.02124
36.250 8.250  2.00477
36.250 8.750  1.98851
36.250 9.250  1.97241
36.250 9.750  1.95630
36.250 10.250  1.93990
36.250 10.750  1.92277
36.250 11.250  1.90432
36.250 11.750  1.88373
36.250 12.250  1.85996
36.250 12.750  1.83170
36.250 13.250  1.79731
36.250 13.750  1.75480
36.250 14.250  1.70175
36.250 14.750  1.63532
36.250 15.250  1.55212
36.250 15.750  1.44824
36.250 16.250  1.31916
36.250 16.750  1.15980
36.250 17.250  0.96450
36.250 17.750  0.72715
36.250 18.250  0.44146
36.250 18.750  0.10138
36.250 19.250 -0.29800
36.250 19.750 -0.75909
36.250 20.250 -1.27934
36.250 20.750 -1.84745
36.250 21.250 -2.43775
36.250 21.750 -3.00309
36.250 22.250 -3.46980
36.250 22.750 -3.74430
36.250 23.250 -3.74598
36.250 23.750 -3.46192
36.250 24.250 -2.97183
36.250 24.750 -2.40116
36.250 25.250 -1.85141
36.250 25.750 -1.37344
36.250 26.250 -0.97952
36.250 26.750 -0.66291
36.250 27.250 -0.41075
36.250 27.750 -0.21001
36.250 28.250 -0.04953
36.250 28.750  0.07961
36.250 29.250  0.18435
36.250 29.750  0.26997
36.250 30.250  0.34053
36.250 30.750  0.39916
36.250 31.250  0.44824
36.250 31.750  0.48963
36.250 32.250  0.52480
36.250 32.750  0.55489
36.250 33.250  0.58081
36.250 33.750  0.60329
36.250 34.250  0.62291
36.250 34.750  0.64015
36.250 35.250  0.65540
36.250 35.750  0.66897
36.250 36.250  0.68112
36.250 36.750  0.69208
36.250 37.250  0.70203
36.250 37.750  0.71111
36.250 38.250  0.71946
36.250 38.750  0.72718
36.250 39.250  0.73437
36.250 39.750  0.74111
36.250 40.250  0.74746
36.250 40.750  0.75349
36.250 41.250  0.75923
36.250 41.750  0.76474
36.250 42.250  0.77005
36.250 42.750  0.77519
36.250 43.250  0.78020
36.250 43.750  0.78510
36.250 44.250  0.78992
36.250 44.750  0.79466
36.750 -44.750  0.78751
36.750 -44.250  0.78353
36.750 -43.750  0.77951
36.750 -43.250  0.77544
36.750 -42.750  0.77130
36.750 -42.250  0.76706
36.750 -41.750  0.76271
36.750 -41.250  0.75823
36.750 -40.750  0.75357
36.750 -40.250  0.74870
36.750 -39.750  0.74358
36.750 -39.250  0.73817
36.750 -38.750  0.73240
36.750 -38.250  0.72622
36.750 -37.750  0.71954
36.750 -37.250  0.71227
36.750 -36.750  0.70431
36.750 -36.250  0.69553
36.750 -35.750  0.68576
36.750 -35.250  0.67482
36.750 -34.750  0.66248
36.750 -34.250  0.64847
36.750 -33.750  0.63244
36.750 -33.250  0.61396
36.750 -32.750  0.59251
36.750 -32.250  0.56743
36.750 -31.750  0.53788
36.750 -31.250  0.50277
36.750 -30.750  0.46072
36.750 -30.250  0.40993
36.750 -29.750  0.34799
36.750 -29.250  0.27171
36.750 -28.750  0.17678
36.750 -28.250  0.05729
36.750 -27.750 -0.09492
36.750 -27.250 -0.29120
36.750 -26.750 -0.54736
36.750 -26.250 -0.88499
36.750 -25.750 -1.33203
36.750 -25.250 -1.91895
36.750 -24.750 -2.66195
36.750 -24.250 -3.51834
36.750 -23.750 -4.32240
36.750 -23.250 -4.80383
36.750 -22.750 -4.78489
36.750 -22.250 -4.32620
36.750 -21.750 -3.61634
36.750 -21.250 -2.82239
36.750 -20.750 -2.04651
36.750 -20.250 -1.33924
36.750 -19.750 -0.72011
36.750 -19.250 -0.19205
36.750 -18.750  0.25015
36.750 -18.250  0.61522
36.750 -17.750  0.91307
36.750 -17.250  1.15350
36.750 -16.750  1.34563
36.750 -16.250  1.49767
36.750 -15.750  1.61682
36.750 -15.250  1.70932
36.750 -14.750  1.78051
36.750 -14.250  1.83491
36.750 -13.750  1.87629
36.750 -13.250  1.90781
36.750 -12.750  1.93206
36.750 -12.250  1.95114
36.750 -11.750  1.96674
36.750 -11.250  1.98019
36.750 -10.750  1.99251
36.750 -10.250  2.00447
36.750 -9.750  2.01662
36.750 -9.250  2.02931
36.750 -8.750  2.04276
36.750 -8.250  2.05704
36.750 -7.750  2.07215
36.750 -7.250  2.08797
36.750 -6.750  2.10435
36.750 -6.250  2.12109
36.750 -5.750  2.13793
36.750 -5.250  2.15463
36.750 -4.750  2.17089
36.750 -4.250  2.18646
36.750 -3.750  2.20107
36.750 -3.250  2.21446
36.750 -2.750  2.22641
36.750 -2.250  2.23669
36.750 -1.750  2.24515
36.750 -1.250  2.25162
36.750 -0.750  2.25600
36.750 -0.250  2.25821
36.750 0.250  2.25821
36.750 0.750  2.25600
36.750 1.250  2.25162
36.750 1.750  2.24515
36.750 2.250  2.23669
36.750 2.750  2.22641
36.750 3.250  2.21446
36.750 3.750  2.20107
36.750 4.250  2.18646
36.750 4.750  2.17089
36.750 5.250  2.15463
36.750 5.750  2.13793
36.750 6.250  2.12109
36.750 6.750  2.10435
36.750 7.250  2.08797
36.750 7.750  2.07215
36.750 8.250  2.05704
36.750 8.750  2.04276
36.750 9.250  2.02931
36.750 9.750  2.01662
36.750 10.250  2.00447
36.750 10.750  1.99251
36.750 11.250  1.98019
36.750 11.750  1.96674
36.750 12.250  1.95114
36.750 12.750  1.93206
36.750 13.250  1.90781
36.750 13.750  1.87629
36.750 14.250  1.83491
36.750 14.750  1.78051
36.750 15.250  1.70932
36.750 15.750  1.61682
36.750 16.250  1.49767
36.750 16.750  1.34563
36.750 17.250  1.15350
36.750 17.750  0.91307
36.750 18.250  0.61522
36.750 18.750  0.25015
36.750 19.250 -0.19205
36.750 19.750 -0.72011
36.750 20.250 -1.33924
36.750 20.750 -2.04651
36.750 21.250 -2.82239
36.750 21.750 -3.61634
36.750 22.250 -4.32620
36.750 22.750 -4.78489
36.750 23.250 -4.80383
36.750 23.750 -4.32240
36.750 24.250 -3.51834
36.750 24.750 -2.66195
36.750 25.250 -1.91895
36.750 25.750 -1.33203
36.750 26.250 -0.88499
36.750 26.750 -0.54736
36.750 27.250 -0.29120
36.750 27.750 -0.09492
36.750 28.250  0.05729
36.750 28.750  0.17678
36.750 29.250  0.27171
36.750 29.750  0.34799
36.750 30.250  0.40993
36.750 30.750  0.46072
36.750 31.250  0.50277
36.750 31.750  0.53788
36.750 32.250  0.56743
36.750 32.750  0.59251
36.750 33.250  0.61396
36.750 33.750  0.63244
36.750 34.250  0.64847
36.750 34.750  0.66248
36.750 35.250  0.67482
36.750 35.750  0.68576
36.750 36.250  0.69553
36.750 36.750  0.70431
36.750 37.250  0.71227
36.750 37.750  0.71954
36.750 38.250  0.72622
36.750 38.750  0.73240
36.750 39.250  0.73817
36.750 39.750  0.74358
36.750 40.250  0.74870
36.750 40.750  0.75357
36.750 41.250  0.75823
36.750 41.750  0.76271
36.750 42.250  0.76706
36.750 42.750  0.77130
36.750 43.250  0.77544
36.750 43.750  0.77951
36.750 44.250  0.78353
36.750 44.750  0.78751
37.250 -44.750  0.78038
37.250 -44.250  0.77717
37.250 -43.750  0.77397
37.250 -43.250  0.77074
37.250 -42.750  0.76749
37.250 -42.250  0.76419
37.250 -41.750  0.76083
37.250 -41.250  0.75739
37.250 -40.750  0.75385
37.250 -40.250  0.75018
37.250 -39.750  0.74634
37.250 -39.250  0.74231
37.250 -38.750  0.73804
37.250 -38.250  0.73347
37.250 -37.750  0.72856
37.250 -37.250  0.72321
37.250 -36.750  0.71737
37.250 -36.250  0.71091
37.250 -35.750  0.70371
37.250 -35.250  0.69563
37.250 -34.750  0.68648
37.250 -34.250  0.67603
37.250 -33.750  0.66401
37.250 -33.250  0.65006
37.250 -32.750  0.63374
37.250 -32.250  0.61450
37.250 -31.750  0.59162
37.250 -31.250  0.56417
37.250 -30.750  0.53095
37.250 -30.250  0.49033
37.250 -29.750  0.44016
37.250 -29.250  0.37746
37.250 -28.750  0.29813
37.250 -28.250  0.19630
37.250 -27.750  0.06351
37.250 -27.250 -0.11276
37.250 -26.750 -0.35146
37.250 -26.250 -0.68182
37.250 -25.750 -1.14916
37.250 -25.250 -1.82166
37.250 -24.750 -2.78718
37.250 -24.250 -4.09214
37.250 -23.750 -5.52193
37.250 -23.250 -6.41311
37.250 -22.750 -6.28594
37.250 -22.250 -5.42620
37.250 -21.750 -4.30153
37.250 -21.250 -3.18035
37.250 -20.750 -2.17199
37.250 -20.250 -1.30843
37.250 -19.750 -0.58881
37.250 -19.250  0.00031
37.250 -18.750  0.47618
37.250 -18.250  0.85618
37.250 -17.750  1.15630
37.250 -17.250  1.39064
37.250 -16.750  1.57139
37.250 -16.250  1.70890
37.250 -15.750  1.81190
37.250 -15.250  1.88771
37.250 -14.750  1.94239
37.250 -14.250  1.98096
37.250 -13.750  2.00755
37.250 -13.250  2.02550
37.250 -12.750  2.03751
37.250 -12.250  2.04573
37.250 -11.750  2.05184
37.250 -11.250  2.05714
37.250 -10.750  2.06257
37.250 -10.250  2.06883
37.250 -9.750  2.07636
37.250 -9.250  2.08543
37.250 -8.750  2.09615
37.250 -8.250  2.10848
37.250 -7.750  2.12232
37.250 -7.250  2.13747
37.250 -6.750  2.15367
37.250 -6.250  2.17062
37.250 -5.750  2.18799
37.250 -5.250  2.20545
37.250 -4.750  2.22265
37.250 -4.250  2.23925
37.250 -3.750  2.25492
37.250 -3.250  2.26936
37.250 -2.750  2.28229
37.250 -2.250  2.29347
37.250 -1.750  2.30267
37.250 -1.250  2.30972
37.250 -0.750  2.31450
37.250 -0.250  2.31691
37.250 0.250  2.31691
37.250 0.750  2.31450
37.250 1.250  2.30972
37.250 1.750  2.30267
37.250 2.250  2.29347
37.250 2.750  2.28229
37.250 3.250  2.26936
37.250 3.750  2.25492
37.250 4.250  2.23925
37.250 4.750  2.22265
37.250 5.250  2.20545
37.250 5.750  2.18799
37.250 6.250  2.17062
37.250 6.750  2.15367
37.250 7.250  2.13747
37.250 7.750  2.12232
37.250 8.250  2.10848
37.250 8.750  2.09615
37.250 9.250  2.08543
37.250 9.750  2.07636
37.250 10.250  2.06883
37.250 10.750  2.06257
37.250 11.250  2.05714
37.250 11.750  2.05184
37.250 12.250  2.04573
37.250 12.750  2.03751
37.250 13.250  2.02550
37.250 13.750  2.00755
37.250 14.250  1.98096
37.250 14.750  1.94239
37.250 15.250  1.88771
37.250 15.750  1.81190
37.250 16.250  1.70890
37.250 16.750  1.57139
37.250 17.250  1.39064
37.250 17.750  1.15630
37.250 18.250  0.85618
37.250 18.750  0.47618
37.250 19.250  0.00031
37.250 19.750 -0.58881
37.250 20.250 -1.30843
37.250 20.750 -2.17199
37.250 21.250 -3.18035
37.250 21.750 -4.30153
37.250 22.250 -5.42620
37.250 22.750 -6.28594
37.250 23.250 -6.41311
37.250 23.750 -5.52193
37.250 24.250 -4.09214
37.250 24.750 -2.78718
37.250 25.250 -1.82166
37.250 25.750 -1.14916
37.250 26.250 -0.68182
37.250 26.750 -0.35146
37.250 27.250 -0.11276
37.250 27.750  0.06351
37.250 28.250  0.19630
37.250 28.750  0.29813
37.250 29.250  0.37746
37.250 29.750  0.44016
37.250 30.250  0.49033
37.250 30.750  0.53095
37.250 31.250  0.56417
37.250 31.750  0.59162
37.250 32.250  0.61450
37.250 32.750  0.63374
37.250 33.250  0.65006
37.250 33.750  0.66401
37.250 34.250  0.67603
37.250 34.750  0.68648
37.250 35.250  0.69563
37.250 35.750  0.70371
37.250 36.250  0.71091
37.250 36.750  0.71737
37.250 37.250  0.72321
37.250 37.750  0.72856
37.250 38.250  0.73347
37.250 38.750  0.73804
37.250 39.250  0.74231
37.250 39.750  0.74634
37.250 40.250  0.75018
37.250 40.750  0.75385
37.250 41.250  0.75739
37.250 41.750  0.76083
37.250 42.250  0.76419
37.250 42.750  0.76749
37.250 43.250  0.77074
37.250 43.750  0.77397
37.250 44.250  0.77717
37.250 44.750  0.78038
37.750 -44.750  0.77324
37.750 -44.250  0.77083
37.750 -43.750  0.76844
37.750 -43.250  0.76607
37.750 -42.750  0.76372
37.750 -42.250  0.76138
37.750 -41.750  0.75903
37.750 -41.250  0.75667
37.750 -40.750  0.75427
37.750 -40.250  0.75182
37.750 -39.750  0.74930
37.750 -39.250  0.74670
37.750 -38.750  0.74396
37.750 -38.250  0.74108
37.750 -37.750  0.73799
37.750 -37.250  0.73466
37.750 -36.750  0.73103
37.750 -36.250  0.72702
37.750 -35.750  0.72254
37.750 -35.250  0.71750
37.750 -34.750  0.71176
37.750 -34.250  0.70516
37.750 -33.750  0.69749
37.750 -33.250  0.68850
37.750 -32.750  0.67786
37.750 -32.250  0.66517
37.750 -31.750  0.64988
37.750 -31.250  0.63129
37.750 -30.750  0.60847
37.750 -30.250  0.58016
37.750 -29.750  0.54466
37.750 -29.250  0.49959
37.750 -28.750  0.44155
37.750 -28.250  0.36561
37.750 -27.750  0.26439
37.750 -27.250  0.12647
37.750 -26.750 -0.06655
37.750 -26.250 -0.34560
37.750 -25.750 -0.76556
37.750 -25.250 -1.42915
37.750 -24.750 -2.53555
37.750 -24.250 -4.43485
37.750 -23.750 -7.27702
37.750 -23.250 -9.23551
37.750 -22.750 -8.52318
37.750 -22.250 -6.74760
37.750 -21.750 -4.95740
37.750 -21.250 -3.41379
37.750 -20.750 -2.14786
37.750 -20.250 -1.13186
37.750 -19.750 -0.32649
37.750 -19.250  0.30587
37.750 -18.750  0.79784
37.750 -18.250  1.17670
37.750 -17.750  1.46496
37.750 -17.250  1.68107
37.750 -16.750  1.84010
37.750 -16.250  1.95439
37.750 -15.750  2.03398
37.750 -15.250  2.08704
37.750 -14.750  2.12022
37.750 -14.250  2.13888
37.750 -13.750  2.14734
37.750 -13.250  2.14904
37.750 -12.750  2.14668
37.750 -12.250  2.14237
37.750 -11.750  2.13772
37.750 -11.250  2.13391
37.750 -10.750  2.13178
37.750 -10.250  2.13188
37.750 -9.750  2.13454
37.750 -9.250  2.13989
37.750 -8.750  2.14789
37.750 -8.250  2.15841
37.750 -7.750  2.17119
37.750 -7.250  2.18592
37.750 -6.750  2.20223
37.750 -6.250  2.21972
37.750 -5.750  2.23797
37.750 -5.250  2.25654
37.750 -4.750  2.27501
37.750 -4.250  2.29297
37.750 -3.750  2.31001
37.750 -3.250  2.32578
37.750 -2.750  2.33995
37.750 -2.250  2.35222
37.750 -1.750  2.36234
37.750 -1.250  2.37011
37.750 -0.750  2.37538
37.750 -0.250  2.37804
37.750 0.250  2.37804
37.750 0.750  2.37538
37.750 1.250  2.37011
37.750 1.750  2.36234
37.750 2.250  2.35222
37.750 2.750  2.33995
37.750 3.250  2.32578
37.750 3.750  2.31001
37.750 4.250  2.29297
37.750 4.750  2.27501
37.750 5.250  2.25654
37.750 5.750  2.23797
37.750 6.250  2.21972
37.750 6.750  2.20223
37.750 7.250  2.18592
37.750 7.750  2.17119
37.750 8.250  2.15841
37.750 8.750  2.14789
37.750 9.250  2.13989
37.750 9.750  2.13454
37.750 10.250  2.13188
37.750 10.750  2.13178
37.750 11.250  2.13391
37.750 11.750  2.13772
37.750 12.250  2.14237
37.750 12.750  2.14668
37.750 13.250  2.14904
37.750 13.750  2.14734
37.750 14.250  2.13888
37.750 14.750  2.12022
37.750 15.250  2.08704
37.750 15.750  2.03398
37.750 16.250  1.95439
37.750 16.750  1.84010
37.750 17.250  1.68107
37.750 17.750  1.46496
37.750 18.250  1.17670
37.750 18.750  0.79784
37.750 19.250  0.30587
37.750 19.750 -0.32649
37.750 20.250 -1.13186
37.750 20.750 -2.14786
37.750 21.250 -3.41379
37.750 21.750 -4.95740
37.750 22.250 -6.74760
37.750 22.750 -8.52318
37.750 23.250 -9.23551
37.750 23.750 -7.27702
37.750 24.250 -4.43485
37.750 24.750 -2.53555
37.750 25.250 -1.42915
37.750 25.750 -0.76556
37.750 26.250 -0.34560
37.750 26.750 -0.06655
37.750 27.250  0.12647
37.750 27.750  0.26439
37.750 28.250  0.36561
37.750 28.750  0.44155
37.750 29.250  0.49959
37.750 29.750  0.54466
37.750 30.250  0.58016
37.750 30.750  0.60847
37.750 31.250  0.63129
37.750 31.750  0.64988
37.750 32.250  0.66517
37.750 32.750  0.67786
37.750 33.250  0.68850
37.750 33.750  0.69749
37.750 34.250  0.70516
37.750 34.750  0.71176
37.750 35.250  0.71750
37.750 35.750  0.72254
37.750 36.250  0.72702
37.750 36.750  0.73103
37.750 37.250  0.73466
37.750 37.750  0.73799
37.750 38.250  0.74108
37.750 38.750  0.74396
37.750 39.250  0.74670
37.750 39.750  0.74930
37.750 40.250  0.75182
37.750 40.750  0.75427
37.750 41.250  0.75667
37.750 41.750  0.75903
37.750 42.250  0.76138
37.750 42.750  0.76372
37.750 43.250  0.76607
37.750 43.750  0.76844
37.750 44.250  0.77083
37.750 44.750  0.77324
38.250 -44.750  0.76607
38.250 -44.250  0.76445
38.250 -43.750  0.76289
38.250 -43.250  0.76139
38.250 -42.750  0.75995
38.250 -42.250  0.75857
38.250 -41.750  0.75725
38.250 -41.250  0.75597
38.250 -40.750  0.75473
38.250 -40.250  0.75353
38.250 -39.750  0.75236
38.250 -39.250  0.75120
38.250 -38.750  0.75004
38.250 -38.250  0.74887
38.250 -37.750  0.74767
38.250 -37.250  0.74641
38.250 -36.750  0.74506
38.250 -36.250  0.74359
38.250 -35.750  0.74194
38.250 -35.250  0.74007
38.250 -34.750  0.73790
38.250 -34.250  0.73534
38.250 -33.750  0.73228
38.250 -33.250  0.72857
38.250 -32.750  0.72403
38.250 -32.250  0.71841
38.250 -31.750  0.71140
38.250 -31.250  0.70258
38.250 -30.750  0.69140
38.250 -30.250  0.67708
38.250 -29.750  0.65858
38.250 -29.250  0.63443
38.250 -28.750  0.60247
38.250 -28.250  0.55956
38.250 -27.750  0.50090
38.250 -27.250  0.41884
38.250 -26.750  0.30073
38.250 -26.250  0.12422
38.250 -25.750 -0.15335
38.250 -25.250 -0.62272
38.250 -24.750 -1.50948
38.250 -24.250 -3.51818
38.250 -23.750 -9.35560
38.250 -23.250 -15.96298
38.250 -22.750 -11.49028
38.250 -22.250 -7.97456
38.250 -21.750 -5.33783
38.250 -21.250 -3.36230
38.250 -20.750 -1.87258
38.250 -20.250 -0.74515
38.250 -19.750  0.10794
38.250 -19.250  0.75092
38.250 -18.750  1.23180
38.250 -18.250  1.58716
38.250 -17.750  1.84523
38.250 -17.250  2.02811
38.250 -16.750  2.15320
38.250 -16.250  2.23428
38.250 -15.750  2.28232
38.250 -15.250  2.30604
38.250 -14.750  2.31239
38.250 -14.250  2.30686
38.250 -13.750  2.29378
38.250 -13.250  2.27653
38.250 -12.750  2.25771
38.250 -12.250  2.23928
38.250 -11.750  2.22269
38.250 -11.250  2.20894
38.250 -10.750  2.19870
38.250 -10.250  2.19235
38.250 -9.750  2.19001
38.250 -9.250  2.19167
38.250 -8.750  2.19711
38.250 -8.250  2.20605
38.250 -7.750  2.21809
38.250 -7.250  2.23277
38.250 -6.750  2.24961
38.250 -6.250  2.26807
38.250 -5.750  2.28762
38.250 -5.250  2.30773
38.250 -4.750  2.32789
38.250 -4.250  2.34759
38.250 -3.750  2.36638
38.250 -3.250  2.38381
38.250 -2.750  2.39950
38.250 -2.250  2.41312
38.250 -1.750  2.42437
38.250 -1.250  2.43301
38.250 -0.750  2.43888
38.250 -0.250  2.44184
38.250 0.250  2.44184
38.250 0.750  2.43888
38.250 1.250  2.43301
38.250 1.750  2.42437
38.250 2.250  2.41312
38.250 2.750  2.39950
38.250 3.250  2.38381
38.250 3.750  2.36638
38.250 4.250  2.34759
38.250 4.750  2.32789
38.250 5.250  2.30773
38.250 5.750  2.28762
38.250 6.250  2.26807
38.250 6.750  2.24961
38.250 7.250  2.23277
38.250 7.750  2.21809
38.250 8.250  2.20605
38.250 8.750  2.19711
38.250 9.250  2.19167
38.250 9.750  2.19001
38.250 10.250  2.19235
38.250 10.750  2.19870
38.250 11.250  2.20894
38.250 11.750  2.22269
38.250 12.250  2.23928
38.250 12.750  2.25771
38.250 13.250  2.27653
38.250 13.750  2.29378
38.250 14.250  2.30686
38.250 14.750  2.31239
38.250 15.250  2.30604
38.250 15.750  2.28232
38.250 16.250  2.23428
38.250 16.750  2.15320
38.250 17.250  2.02811
38.250 17.750  1.84523
38.250 18.250  1.58716
38.250 18.750  1.23180
38.250 19.250  0.75092
38.250 19.750  0.10794
38.250 20.250 -0.74515
38.250 20.750 -1.87258
38.250 21.250 -3.36230
38.250 21.750 -5.33783
38.250 22.250 -7.97456
38.250 22.750 -11.49028
38.250 23.250 -15.96298
38.250 23.750 -9.35560
38.250 24.250 -3.51818
38.250 24.750 -1.50948
38.250 25.250 -0.62272
38.250 25.750 -0.15335
38.250 26.250  0.12422
38.250 26.750  0.30073
38.250 27.250  0.41884
38.250 27.750  0.50090
38.250 28.250  0.55956
38.250 28.750  0.60247
38.250 29.250  0.63443
38.250 29.750  0.65858
38.250 30.250  0.67708
38.250 30.750  0.69140
38.250 31.250  0.70258
38.250 31.750  0.71140
38.250 32.250  0.71841
38.250 32.750  0.72403
38.250 33.250  0.72857
38.250 33.750  0.73228
38.250 34.250  0.73534
38.250 34.750  0.73790
38.250 35.250  0.74007
38.250 35.750  0.74194
38.250 36.250  0.74359
38.250 36.750  0.74506
38.250 37.250  0.74641
38.250 37.750  0.74767
38.250 38.250  0.74887
38.250 38.750  0.75004
38.250 39.250  0.75120
38.250 39.750  0.75236
38.250 40.250  0.75353
38.250 40.750  0.75473
38.250 41.250  0.75597
38.250 41.750  0.75725
38.250 42.250  0.75857
38.250 42.750  0.75995
38.250 43.250  0.76139
38.250 43.750  0.76289
38.250 44.250  0.76445
38.250 44.750  0.76607
38.750 -44.750  0.75883
38.750 -44.250  0.75800
38.750 -43.750  0.75727
38.750 -43.250  0.75665
38.750 -42.750  0.75613
38.750 -42.250  0.75571
38.750 -41.750  0.75541
38.750 -41.250  0.75523
38.750 -40.750  0.75516
38.750 -40.250  0.75522
38.750 -39.750  0.75540
38.750 -39.250  0.75570
38.750 -38.750  0.75614
38.750 -38.250  0.75670
38.750 -37.750  0.75741
38.750 -37.250  0.75824
38.750 -36.750  0.75922
38.750 -36.250  0.76033
38.750 -35.750  0.76157
38.750 -35.250  0.76294
38.750 -34.750  0.76443
38.750 -34.250  0.76602
38.750 -33.750  0.76771
38.750 -33.250  0.76947
38.750 -32.750  0.77125
38.750 -32.250  0.77302
38.750 -31.750  0.77471
38.750 -31.250  0.77621
38.750 -30.750  0.77741
38.750 -30.250  0.77811
38.750 -29.750  0.77806
38.750 -29.250  0.77690
38.750 -28.750  0.77408
38.750 -28.250  0.76884
38.750 -27.750  0.76000
38.750 -27.250  0.74579
38.750 -26.750  0.72339
38.750 -26.250  0.68826
38.750 -25.750  0.63279
38.750 -25.250  0.54402
38.750 -24.750  0.40172
38.750 -24.250  0.20691
38.750 -23.750  0.94847
38.750 -23.250  7.37651
38.750 -22.750 -14.70368
38.750 -22.250 -8.37551
38.750 -21.750 -5.06654
38.750 -21.250 -2.83354
38.750 -20.750 -1.24077
38.750 -20.250 -0.08794
38.750 -19.750  0.74983
38.750 -19.250  1.35620
38.750 -18.750  1.78995
38.750 -18.250  2.09387
38.750 -17.750  2.29992
38.750 -17.250  2.43235
38.750 -16.750  2.50983
38.750 -16.250  2.54684
38.750 -15.750  2.55468
38.750 -15.250  2.54219
38.750 -14.750  2.51625
38.750 -14.250  2.48223
38.750 -13.750  2.44426
38.750 -13.250  2.40548
38.750 -12.750  2.36826
38.750 -12.250  2.33429
38.750 -11.750  2.30476
38.750 -11.250  2.28043
38.750 -10.750  2.26171
38.750 -10.250  2.24875
38.750 -9.750  2.24148
38.750 -9.250  2.23963
38.750 -8.750  2.24283
38.750 -8.250  2.25059
38.750 -7.750  2.26234
38.750 -7.250  2.27748
38.750 -6.750  2.29536
38.750 -6.250  2.31532
38.750 -5.750  2.33671
38.750 -5.250  2.35889
38.750 -4.750  2.38123
38.750 -4.250  2.40315
38.750 -3.750  2.42410
38.750 -3.250  2.44359
38.750 -2.750  2.46115
38.750 -2.250  2.47640
38.750 -1.750  2.48901
38.750 -1.250  2.49870
38.750 -0.750  2.50528
38.750 -0.250  2.50860
38.750 0.250  2.50860
38.750 0.750  2.50528
38.750 1.250  2.49870
38.750 1.750  2.48901
38.750 2.250  2.47640
38.750 2.750  2.46115
38.750 3.250  2.44359
38.750 3.750  2.42410
38.750 4.250  2.40315
38.750 4.750  2.38123
38.750 5.250  2.35889
38.750 5.750  2.33671
38.750 6.250  2.31532
38.750 6.750  2.29536
38.750 7.250  2.27748
38.750 7.750  2.26234
38.750 8.250  2.25059
38.750 8.750  2.24283
38.750 9.250  2.23963
38.750 9.750  2.24148
38.750 10.250  2.24875
38.750 10.750  2.26171
38.750 11.250  2.28043
38.750 11.750  2.30476
38.750 12.250  2.33429
38.750 12.750  2.36826
38.750 13.250  2.40548
38.750 13.750  2.44426
38.750 14.250  2.48223
38.750 14.750  2.51625
38.750 15.250  2.54219
38.750 15.750  2.55468
38.750 16.250  2.54684
38.750 16.750  2.50983
38.750 17.250  2.43235
38.750 17.750  2.29992
38.750 18.250  2.09387
38.750 18.750  1.78995
38.750 19.250  1.35620
38.750 19.750  0.74983
38.750 20.250 -0.08794
38.750 20.750 -1.24077
38.750 21.250 -2.83354
38.750 21.750 -5.06654
38.750 22.250 -8.37551
38.750 22.750 -14.70368
38.750 23.250  7.37651
38.750 23.750  0.94847
38.750 24.250  0.20691
38.750 24.750  0.40172
38.750 25.250  0.54402
38.750 25.750  0.63279
38.750 26.250  0.68826
38.750 26.750  0.72339
38.750 27.250  0.74579
38.750 27.750  0.76000
38.750 28.250  0.76884
38.750 28.750  0.77408
38.750 29.250  0.77690
38.750 29.750  0.77806
38.750 30.250  0.77811
38.750 30.750  0.77741
38.750 31.250  0.77621
38.750 31.750  0.77471
38.750 32.250  0.77302
38.750 32.750  0.77125
38.750 33.250  0.76947
38.750 33.750  0.76771
38.750 34.250  0.76602
38.750 34.750  0.76443
38.750 35.250  0.76294
38.750 35.750  0.76157
38.750 36.250  0.76033
38.750 36.750  0.75922
38.750 37.250  0.75824
38.750 37.750  0.75741
38.750 38.250  0.75670
38.750 38.750  0.75614
38.750 39.250  0.75570
38.750 39.750  0.75540
38.750 40.250  0.75522
38.750 40.750  0.75516
38.750 41.250  0.75523
38.750 41.750  0.75541
38.750 42.250  0.75571
38.750 42.750  0.75613
38.750 43.250  0.75665
38.750 43.750  0.75727
38.750 44.250  0.75800
38.750 44.750  0.75883
39.250 -44.750  0.75150
39.250 -44.250  0.75146
39.250 -43.750  0.75156
39.250 -43.250  0.75180
39.250 -42.750  0.75219
39.250 -42.250  0.75274
39.250 -41.750  0.75347
39.250 -41.250  0.75437
39.250 -40.750  0.75547
39.250 -40.250  0.75678
39.250 -39.750  0.75831
39.250 -39.250  0.76007
39.250 -38.750  0.76210
39.250 -38.250  0.76440
39.250 -37.750  0.76701
39.250 -37.250  0.76994
39.250 -36.750  0.77324
39.250 -36.250  0.77693
39.250 -35.750  0.78106
39.250 -35.250  0.78568
39.250 -34.750  0.79084
39.250 -34.250  0.79661
39.250 -33.750  0.80308
39.250 -33.250  0.81033
39.250 -32.750  0.81849
39.250 -32.250  0.82772
39.250 -31.750  0.83819
39.250 -31.250  0.85014
39.250 -30.750  0.86390
39.250 -30.250  0.87987
39.250 -29.750  0.89863
39.250 -29.250  0.92098
39.250 -28.750  0.94806
39.250 -28.250  0.98161
39.250 -27.750  1.02433
39.250 -27.250  1.08065
39.250 -26.750  1.15831
39.250 -26.250  1.27180
39.250 -25.750  1.45081
39.250 -25.250  1.76360
39.250 -24.750  2.39199
39.250 -24.250  3.90873
39.250 -23.750  8.04390
39.250 -23.250 13.95735
39.250 -22.750 13.53651
39.250 -22.250  1.18701
39.250 -21.750 -4.08992
39.250 -21.250 -1.70851
39.250 -20.750 -0.18019
39.250 -20.250  0.87790
39.250 -19.750  1.61919
39.250 -19.250  2.13152
39.250 -18.750  2.47614
39.250 -18.250  2.69722
39.250 -17.750  2.82732
39.250 -17.250  2.89086
39.250 -16.750  2.90640
39.250 -16.250  2.88816
39.250 -15.750  2.84706
39.250 -15.250  2.79152
39.250 -14.750  2.72799
39.250 -14.250  2.66138
39.250 -13.750  2.59541
39.250 -13.250  2.53278
39.250 -12.750  2.47547
39.250 -12.250  2.42479
39.250 -11.750  2.38157
39.250 -11.250  2.34625
39.250 -10.750  2.31892
39.250 -10.250  2.29945
39.250 -9.750  2.28749
39.250 -9.250  2.28253
39.250 -8.750  2.28398
39.250 -8.250  2.29112
39.250 -7.750  2.30320
39.250 -7.250  2.31944
39.250 -6.750  2.33902
39.250 -6.250  2.36114
39.250 -5.750  2.38502
39.250 -5.250  2.40988
39.250 -4.750  2.43500
39.250 -4.250  2.45968
39.250 -3.750  2.48331
39.250 -3.250  2.50529
39.250 -2.750  2.52511
39.250 -2.250  2.54234
39.250 -1.750  2.55657
39.250 -1.250  2.56752
39.250 -0.750  2.57495
39.250 -0.250  2.57871
39.250 0.250  2.57871
39.250 0.750  2.57495
39.250 1.250  2.56752
39.250 1.750  2.55657
39.250 2.250  2.54234
39.250 2.750  2.52511
39.250 3.250  2.50529
39.250 3.750  2.48331
39.250 4.250  2.45968
39.250 4.750  2.43500
39.250 5.250  2.40988
39.250 5.750  2.38502
39.250 6.250  2.36114
39.250 6.750  2.33902
39.250 7.250  2.31944
39.250 7.750  2.30320
39.250 8.250  2.29112
39.250 8.750  2.28398
39.250 9.250  2.28253
39.250 9.750  2.28749
39.250 10.250  2.29945
39.250 10.750  2.31892
39.250 11.250  2.34625
39.250 11.750  2.38157
39.250 12.250  2.42479
39.250 12.750  2.47547
39.250 13.250  2.53278
39.250 13.750  2.59541
39.250 14.250  2.66138
39.250 14.750  2.72799
39.250 15.250  2.79152
39.250 15.750  2.84706
39.250 16.250  2.88816
39.250 16.750  2.90640
39.250 17.250  2.89086
39.250 17.750  2.82732
39.250 18.250  2.69722
39.250 18.750  2.47614
39.250 19.250  2.13152
39.250 19.750  1.61919
39.250 20.250  0.87790
39.250 20.750 -0.18019
39.250 21.250 -1.70851
39.250 21.750 -4.08992
39.250 22.250  1.18701
39.250 22.750 13.53651
39.250 23.250 13.95735
39.250 23.750  8.04390
39.250 24.250  3.90873
39.250 24.750  2.39199
39.250 25.250  1.76360
39.250 25.750  1.45081
39.250 26.250  1.27180
39.250 26.750  1.15831
39.250 27.250  1.08065
39.250 27.750  1.02433
39.250 28.250  0.98161
39.250 28.750  0.94806
39.250 29.250  0.92098
39.250 29.750  0.89863
39.250 30.250  0.87987
39.250 30.750  0.86390
39.250 31.250  0.85014
39.250 31.750  0.83819
39.250 32.250  0.82772
39.250 32.750  0.81849
39.250 33.250  0.81033
39.250 33.750  0.80308
39.250 34.250  0.79661
39.250 34.750  0.79084
39.250 35.250  0.78568
39.250 35.750  0.78106
39.250 36.250  0.77693
39.250 36.750  0.77324
39.250 37.250  0.76994
39.250 37.750  0.76701
39.250 38.250  0.76440
39.250 38.750  0.76210
39.250 39.250  0.76007
39.250 39.750  0.75831
39.250 40.250  0.75678
39.250 40.750  0.75547
39.250 41.250  0.75437
39.250 41.750  0.75347
39.250 42.250  0.75274
39.250 42.750  0.75219
39.250 43.250  0.75180
39.250 43.750  0.75156
39.250 44.250  0.75146
39.250 44.750  0.75150
39.750 -44.750  0.74403
39.750 -44.250  0.74478
39.750 -43.750  0.74570
39.750 -43.250  0.74680
39.750 -42.750  0.74809
39.750 -42.250  0.74960
39.750 -41.750  0.75134
39.750 -41.250  0.75332
39.750 -40.750  0.75557
39.750 -40.250  0.75812
39.750 -39.750  0.76098
39.750 -39.250  0.76419
39.750 -38.750  0.76778
39.750 -38.250  0.77180
39.750 -37.750  0.77628
39.750 -37.250  0.78128
39.750 -36.750  0.78686
39.750 -36.250  0.79310
39.750 -35.750  0.80007
39.750 -35.250  0.80788
39.750 -34.750  0.81665
39.750 -34.250  0.82651
39.750 -33.750  0.83765
39.750 -33.250  0.85029
39.750 -32.750  0.86468
39.750 -32.250  0.88117
39.750 -31.750  0.90019
39.750 -31.250  0.92229
39.750 -30.750  0.94820
39.750 -30.250  0.97889
39.750 -29.750  1.01568
39.750 -29.250  1.06041
39.750 -28.750  1.11572
39.750 -28.250  1.18548
39.750 -27.750  1.27555
39.750 -27.250  1.39518
39.750 -26.750  1.55962
39.750 -26.250  1.79520
39.750 -25.750  2.14999
39.750 -25.250  2.71642
39.750 -24.750  3.67677
39.750 -24.250  5.35798
39.750 -23.750  8.05306
39.750 -23.250 11.18812
39.750 -22.750 13.44608
39.750 -22.250 13.92555
39.750 -21.750  9.64556
39.750 -21.250  2.49633
39.750 -20.750  1.27441
39.750 -20.250  2.14764
39.750 -19.750  2.71352
39.750 -19.250  3.07181
39.750 -18.750  3.28401
39.750 -18.250  3.39024
39.750 -17.750  3.42031
39.750 -17.250  3.39665
39.750 -16.750  3.33622
39.750 -16.250  3.25192
39.750 -15.750  3.15356
39.750 -15.250  3.04859
39.750 -14.750  2.94260
39.750 -14.250  2.83975
39.750 -13.750  2.74307
39.750 -13.250  2.65467
39.750 -12.750  2.57596
39.750 -12.250  2.50776
39.750 -11.750  2.45044
39.750 -11.250  2.40403
39.750 -10.750  2.36825
39.750 -10.250  2.34261
39.750 -9.750  2.32647
39.750 -9.250  2.31903
39.750 -8.750  2.31942
39.750 -8.250  2.32670
39.750 -7.750  2.33991
39.750 -7.250  2.35805
39.750 -6.750  2.38015
39.750 -6.250  2.40522
39.750 -5.750  2.43235
39.750 -5.250  2.46063
39.750 -4.750  2.48920
39.750 -4.250  2.51729
39.750 -3.750  2.54416
39.750 -3.250  2.56916
39.750 -2.750  2.59170
39.750 -2.250  2.61127
39.750 -1.750  2.62744
39.750 -1.250  2.63988
39.750 -0.750  2.64831
39.750 -0.250  2.65257
39.750 0.250  2.65257
39.750 0.750  2.64831
39.750 1.250  2.63988
39.750 1.750  2.62744
39.750 2.250  2.61127
39.750 2.750  2.59170
39.750 3.250  2.56916
39.750 3.750  2.54416
39.750 4.250  2.51729
39.750 4.750  2.48920
39.750 5.250  2.46063
39.750 5.750  2.43235
39.750 6.250  2.40522
39.750 6.750  2.38015
39.750 7.250  2.35805
39.750 7.750  2.33991
39.750 8.250  2.32670
39.750 8.750  2.31942
39.750 9.250  2.31903
39.750 9.750  2.32647
39.750 10.250  2.34261
39.750 10.750  2.36825
39.750 11.250  2.40403
39.750 11.750  2.45044
39.750 12.250  2.50776
39.750 12.750  2.57596
39.750 13.250  2.65467
39.750 13.750  2.74307
39.750 14.250  2.83975
39.750 14.750  2.94260
39.750 15.250  3.04859
39.750 15.750  3.15356
39.750 16.250  3.25192
39.750 16.750  3.33622
39.750 17.250  3.39665
39.750 17.750  3.42031
39.750 18.250  3.39024
39.750 18.750  3.28401
39.750 19.250  3.07181
39.750 19.750  2.71352
39.750 20.250  2.14764
39.750 20.750  1.27441
39.750 21.250  2.49633
39.750 21.750  9.64556
39.750 22.250 13.92555
39.750 22.750 13.44608
39.750 23.250 11.18812
39.750 23.750  8.05306
39.750 24.250  5.35798
39.750 24.750  3.67677
39.750 25.250  2.71642
39.750 25.750  2.14999
39.750 26.250  1.79520
39.750 26.750  1.55962
39.750 27.250  1.39518
39.750 27.750  1.27555
39.750 28.250  1.18548
39.750 28.750  1.11572
39.750 29.250  1.06041
39.750 29.750  1.01568
39.750 30.250  0.97889
39.750 30.750  0.94820
39.750 31.250  0.92229
39.750 31.750  0.90019
39.750 32.250  0.88117
39.750 32.750  0.86468
39.750 33.250  0.85029
39.750 33.750  0.83765
39.750 34.250  0.82651
39.750 34.750  0.81665
39.750 35.250  0.80788
39.750 35.750  0.80007
39.750 36.250  0.79310
39.750 36.750  0.78686
39.750 37.250  0.78128
39.750 37.750  0.77628
39.750 38.250  0.77180
39.750 38.750  0.76778
39.750 39.250  0.76419
39.750 39.750  0.76098
39.750 40.250  0.75812
39.750 40.750  0.75557
39.750 41.250  0.75332
39.750 41.750  0.75134
39.750 42.250  0.74960
39.750 42.750  0.74809
39.750 43.250  0.74680
39.750 43.750  0.74570
39.750 44.250  0.74478
39.750 44.750  0.74403
40.250 -44.750  0.73641
40.250 -44.250  0.73793
40.250 -43.750  0.73965
40.250 -43.250  0.74160
40.250 -42.750  0.74378
40.250 -42.250  0.74623
40.250 -41.750  0.74896
40.250 -41.250  0.75200
40.250 -40.750  0.75538
40.250 -40.250  0.75914
40.250 -39.750  0.76330
40.250 -39.250  0.76792
40.250 -38.750  0.77304
40.250 -38.250  0.77873
40.250 -37.750  0.78503
40.250 -37.250  0.79204
40.250 -36.750  0.79984
40.250 -36.250  0.80854
40.250 -35.750  0.81825
40.250 -35.250  0.82913
40.250 -34.750  0.84136
40.250 -34.250  0.85514
40.250 -33.750  0.87075
40.250 -33.250  0.88850
40.250 -32.750  0.90879
40.250 -32.250  0.93212
40.250 -31.750  0.95914
40.250 -31.250  0.99067
40.250 -30.750  1.02778
40.250 -30.250  1.07188
40.250 -29.750  1.12490
40.250 -29.250  1.18947
40.250 -28.750  1.26926
40.250 -28.250  1.36957
40.250 -27.750  1.49813
40.250 -27.250  1.66662
40.250 -26.750  1.89309
40.250 -26.250  2.20612
40.250 -25.750  2.65160
40.250 -25.250  3.30214
40.250 -24.750  4.26266
40.250 -24.250  5.64049
40.250 -23.750  7.41352
40.250 -23.250  9.24905
40.250 -22.750 10.62005
40.250 -22.250 11.18882
40.250 -21.750 10.93538
40.250 -21.250  9.81275
40.250 -20.750  6.62385
40.250 -20.250  4.16936
40.250 -19.750  3.97819
40.250 -19.250  4.15521
40.250 -18.750  4.19665
40.250 -18.250  4.15823
40.250 -17.750  4.06614
40.250 -17.250  3.93854
40.250 -16.750  3.78940
40.250 -16.250  3.62935
40.250 -15.750  3.46637
40.250 -15.250  3.30643
40.250 -14.750  3.15388
40.250 -14.250  3.01181
40.250 -13.750  2.88234
40.250 -13.250  2.76679
40.250 -12.750  2.66586
40.250 -12.250  2.57978
40.250 -11.750  2.50836
40.250 -11.250  2.45114
40.250 -10.750  2.40740
40.250 -10.250  2.37627
40.250 -9.750  2.35673
40.250 -9.250  2.34768
40.250 -8.750  2.34796
40.250 -8.250  2.35636
40.250 -7.750  2.37168
40.250 -7.250  2.39271
40.250 -6.750  2.41829
40.250 -6.250  2.44726
40.250 -5.750  2.47854
40.250 -5.250  2.51108
40.250 -4.750  2.54391
40.250 -4.250  2.57613
40.250 -3.750  2.60690
40.250 -3.250  2.63550
40.250 -2.750  2.66126
40.250 -2.250  2.68361
40.250 -1.750  2.70206
40.250 -1.250  2.71625
40.250 -0.750  2.72586
40.250 -0.250  2.73072
40.250 0.250  2.73072
40.250 0.750  2.72586
40.250 1.250  2.71625
40.250 1.750  2.70206
40.250 2.250  2.68361
40.250 2.750  2.66126
40.250 3.250  2.63550
40.250 3.750  2.60690
40.250 4.250  2.57613
40.250 4.750  2.54391
40.250 5.250  2.51108
40.250 5.750  2.47854
40.250 6.250  2.44726
40.250 6.750  2.41829
40.250 7.250  2.39271
40.250 7.750  2.37168
40.250 8.250  2.35636
40.250 8.750  2.34796
40.250 9.250  2.34768
40.250 9.750  2.35673
40.250 10.250  2.37627
40.250 10.750  2.40740
40.250 11.250  2.45114
40.250 11.750  2.50836
40.250 12.250  2.57978
40.250 12.750  2.66586
40.250 13.250  2.76679
40.250 13.750  2.88234
40.250 14.250  3.01181
40.250 14.750  3.15388
40.250 15.250  3.30643
40.250 15.750  3.46637
40.250 16.250  3.62935
40.250 16.750  3.78940
40.250 17.250  3.93854
40.250 17.750  4.06614
40.250 18.250  4.15823
40.250 18.750  4.19665
40.250 19.250  4.15521
40.250 19.750  3.97819
40.250 20.250  4.16936
40.250 20.750  6.62385
40.250 21.250  9.81275
40.250 21.750 10.93538
40.250 22.250 11.18882
40.250 22.750 10.62005
40.250 23.250  9.24905
40.250 23.750  7.41352
40.250 24.250  5.64049
40.250 24.750  4.26266
40.250 25.250  3.30214
40.250 25.750  2.65160
40.250 26.250  2.20612
40.250 26.750  1.89309
40.250 27.250  1.66662
40.250 27.750  1.49813
40.250 28.250  1.36957
40.250 28.750  1.26926
40.250 29.250  1.18947
40.250 29.750  1.12490
40.250 30.250  1.07188
40.250 30.750  1.02778
40.250 31.250  0.99067
40.250 31.750  0.95914
40.250 32.250  0.93212
40.250 32.750  0.90879
40.250 33.250  0.88850
40.250 33.750  0.87075
40.250 34.250  0.85514
40.250 34.750  0.84136
40.250 35.250  0.82913
40.250 35.750  0.81825
40.250 36.250  0.80854
40.250 36.750  0.79984
40.250 37.250  0.79204
40.250 37.750  0.78503
40.250 38.250  0.77873
40.250 38.750  0.77304
40.250 39.250  0.76792
40.250 39.750  0.76330
40.250 40.250  0.75914
40.250 40.750  0.75538
40.250 41.250  0.75200
40.250 41.750  0.74896
40.250 42.250  0.74623
40.250 42.750  0.74378
40.250 43.250  0.74160
40.250 43.750  0.73965
40.250 44.250  0.73793
40.250 44.750  0.73641
40.750 -44.750  0.72859
40.750 -44.250  0.73087
40.750 -43.750  0.73339
40.750 -43.250  0.73616
40.750 -42.750  0.73921
40.750 -42.250  0.74258
40.750 -41.750  0.74627
40.750 -41.250  0.75034
40.750 -40.750  0.75482
40.750 -40.250  0.75975
40.750 -39.750  0.76517
40.750 -39.250  0.77115
40.750 -38.750  0.77775
40.750 -38.250  0.78503
40.750 -37.750  0.79309
40.750 -37.250  0.80201
40.750 -36.750  0.81192
40.750 -36.250  0.82295
40.750 -35.750  0.83526
40.750 -35.250  0.84904
40.750 -34.750  0.86452
40.750 -34.250  0.88196
40.750 -33.750  0.90171
40.750 -33.250  0.92418
40.750 -32.750  0.94987
40.750 -32.250  0.97942
40.750 -31.750  1.01363
40.750 -31.250  1.05353
40.750 -30.750  1.10043
40.750 -30.250  1.15607
40.750 -29.750  1.22275
40.750 -29.250  1.30355
40.750 -28.750  1.40269
40.750 -28.250  1.52603
40.750 -27.750  1.68181
40.750 -27.250  1.88177
40.750 -26.750  2.14280
40.750 -26.250  2.48907
40.750 -25.750  2.95421
40.750 -25.250  3.58128
40.750 -24.750  4.41385
40.750 -24.250  5.46587
40.750 -23.750  6.66603
40.750 -23.250  7.82149
40.750 -22.750  8.67766
40.750 -22.250  9.04475
40.750 -21.750  8.86510
40.750 -21.250  8.19118
40.750 -20.750  7.13040
40.750 -20.250  5.73298
40.750 -19.750  4.60406
40.750 -19.250  4.86640
40.750 -18.750  5.10952
40.750 -18.250  4.97925
40.750 -17.750  4.74774
40.750 -17.250  4.50151
40.750 -16.750  4.25307
40.750 -16.250  4.00936
40.750 -15.750  3.77589
40.750 -15.250  3.55668
40.750 -14.750  3.35451
40.750 -14.250  3.17114
40.750 -13.750  3.00758
40.750 -13.250  2.86419
40.750 -12.750  2.74086
40.750 -12.250  2.63708
40.750 -11.750  2.55205
40.750 -11.250  2.48473
40.750 -10.750  2.43392
40.750 -10.250  2.39831
40.750 -9.750  2.37649
40.750 -9.250  2.36700
40.750 -8.750  2.36836
40.750 -8.250  2.37910
40.750 -7.750  2.39773
40.750 -7.250  2.42285
40.750 -6.750  2.45305
40.750 -6.250  2.48701
40.750 -5.750  2.52348
40.750 -5.250  2.56125
40.750 -4.750  2.59924
40.750 -4.250  2.63641
40.750 -3.750  2.67184
40.750 -3.250  2.70470
40.750 -2.750  2.73425
40.750 -2.250  2.75985
40.750 -1.750  2.78097
40.750 -1.250  2.79719
40.750 -0.750  2.80819
40.750 -0.250  2.81374
40.750 0.250  2.81374
40.750 0.750  2.80819
40.750 1.250  2.79719
40.750 1.750  2.78097
40.750 2.250  2.75985
40.750 2.750  2.73425
40.750 3.250  2.70470
40.750 3.750  2.67184
40.750 4.250  2.63641
40.750 4.750  2.59924
40.750 5.250  2.56125
40.750 5.750  2.52348
40.750 6.250  2.48701
40.750 6.750  2.45305
40.750 7.250  2.42285
40.750 7.750  2.39773
40.750 8.250  2.37910
40.750 8.750  2.36836
40.750 9.250  2.36700
40.750 9.750  2.37649
40.750 10.250  2.39831
40.750 10.750  2.43392
40.750 11.250  2.48473
40.750 11.750  2.55205
40.750 12.250  2.63708
40.750 12.750  2.74086
40.750 13.250  2.86419
40.750 13.750  3.00758
40.750 14.250  3.17114
40.750 14.750  3.35451
40.750 15.250  3.55668
40.750 15.750  3.77589
40.750 16.250  4.00936
40.750 16.750  4.25307
40.750 17.250  4.50151
40.750 17.750  4.74774
40.750 18.250  4.97925
40.750 18.750  5.10952
40.750 19.250  4.86640
40.750 19.750  4.60406
40.750 20.250  5.73298
40.750 20.750  7.13040
40.750 21.250  8.19118
40.750 21.750  8.86510
40.750 22.250  9.04475
40.750 22.750  8.67766
40.750 23.250  7.82149
40.750 23.750  6.66603
40.750 24.250  5.46587
40.750 24.750  4.41385
40.750 25.250  3.58128
40.750 25.750  2.95421
40.750 26.250  2.48907
40.750 26.750  2.14280
40.750 27.250  1.88177
40.750 27.750  1.68181
40.750 28.250  1.52603
40.750 28.750  1.40269
40.750 29.250  1.30355
40.750 29.750  1.22275
40.750 30.250  1.15607
40.750 30.750  1.10043
40.750 31.250  1.05353
40.750 31.750  1.01363
40.750 32.250  0.97942
40.750 32.750  0.94987
40.750 33.250  0.92418
40.750 33.750  0.90171
40.750 34.250  0.88196
40.750 34.750  0.86452
40.750 35.250  0.84904
40.750 35.750  0.83526
40.750 36.250  0.82295
40.750 36.750  0.81192
40.750 37.250  0.80201
40.750 37.750  0.79309
40.750 38.250  0.78503
40.750 38.750  0.77775
40.750 39.250  0.77115
40.750 39.750  0.76517
40.750 40.250  0.75975
40.750 40.750  0.75482
40.750 41.250  0.75034
40.750 41.750  0.74627
40.750 42.250  0.74258
40.750 42.750  0.73921
40.750 43.250  0.73616
40.750 43.750  0.73339
40.750 44.250  0.73087
40.750 44.750  0.72859
41.250 -44.750  0.72056
41.250 -44.250  0.72358
41.250 -43.750  0.72686
41.250 -43.250  0.73044
41.250 -42.750  0.73434
41.250 -42.250  0.73858
41.250 -41.750  0.74322
41.250 -41.250  0.74828
41.250 -40.750  0.75381
41.250 -40.250  0.75986
41.250 -39.750  0.76649
41.250 -39.250  0.77377
41.250 -38.750  0.78176
41.250 -38.250  0.79056
41.250 -37.750  0.80027
41.250 -37.250  0.81100
41.250 -36.750  0.82289
41.250 -36.250  0.83610
41.250 -35.750  0.85082
41.250 -35.250  0.86727
41.250 -34.750  0.88572
41.250 -34.250  0.90649
41.250 -33.750  0.92998
41.250 -33.250  0.95666
41.250 -32.750  0.98712
41.250 -32.250  1.02209
41.250 -31.750  1.06248
41.250 -31.250  1.10945
41.250 -30.750  1.16444
41.250 -30.250  1.22936
41.250 -29.750  1.30666
41.250 -29.250  1.39955
41.250 -28.750  1.51231
41.250 -28.250  1.65063
41.250 -27.750  1.82213
41.250 -27.250  2.03705
41.250 -26.750  2.30889
41.250 -26.250  2.65492
41.250 -25.750  3.09557
41.250 -25.250  3.65093
41.250 -24.750  4.33128
41.250 -24.250  5.11944
41.250 -23.750  5.95027
41.250 -23.250  6.70655
41.250 -22.750  7.24938
41.250 -22.250  7.46886
41.250 -21.750  7.31770
41.250 -21.250  6.81120
41.250 -20.750  6.00736
41.250 -20.250  4.98513
41.250 -19.750  3.81988
41.250 -19.250  2.55629
41.250 -18.750  2.49833
41.250 -18.250  4.54307
41.250 -17.750  5.23305
41.250 -17.250  5.06074
41.250 -16.750  4.71355
41.250 -16.250  4.37920
41.250 -15.750  4.07097
41.250 -15.250  3.78974
41.250 -14.750  3.53619
41.250 -14.250  3.31056
41.250 -13.750  3.11256
41.250 -13.250  2.94148
41.250 -12.750  2.79626
41.250 -12.250  2.67560
41.250 -11.750  2.57799
41.250 -11.250  2.50178
41.250 -10.750  2.44524
41.250 -10.250  2.40656
41.250 -9.750  2.38392
41.250 -9.250  2.37547
41.250 -8.750  2.37941
41.250 -8.250  2.39394
41.250 -7.750  2.41732
41.250 -7.250  2.44790
41.250 -6.750  2.48405
41.250 -6.250  2.52427
41.250 -5.750  2.56711
41.250 -5.250  2.61123
41.250 -4.750  2.65540
41.250 -4.250  2.69845
41.250 -3.750  2.73937
41.250 -3.250  2.77723
41.250 -2.750  2.81120
41.250 -2.250  2.84059
41.250 -1.750  2.86481
41.250 -1.250  2.88339
41.250 -0.750  2.89597
41.250 -0.250  2.90232
41.250 0.250  2.90232
41.250 0.750  2.89597
41.250 1.250  2.88339
41.250 1.750  2.86481
41.250 2.250  2.84059
41.250 2.750  2.81120
41.250 3.250  2.77723
41.250 3.750  2.73937
41.250 4.250  2.69845
41.250 4.750  2.65540
41.250 5.250  2.61123
41.250 5.750  2.56711
41.250 6.250  2.52427
41.250 6.750  2.48405
41.250 7.250  2.44790
41.250 7.750  2.41732
41.250 8.250  2.39394
41.250 8.750  2.37941
41.250 9.250  2.37547
41.250 9.750  2.38392
41.250 10.250  2.40656
41.250 10.750  2.44524
41.250 11.250  2.50178
41.250 11.750  2.57799
41.250 12.250  2.67560
41.250 12.750  2.79626
41.250 13.250  2.94148
41.250 13.750  3.11256
41.250 14.250  3.31056
41.250 14.750  3.53619
41.250 15.250  3.78974
41.250 15.750  4.07097
41.250 16.250  4.37920
41.250 16.750  4.71355
41.250 17.250  5.06074
41.250 17.750  5.23305
41.250 18.250  4.54307
41.250 18.750  2.49833
41.250 19.250  2.55629
41.250 19.750  3.81988
41.250 20.250  4.98513
41.250 20.750  6.00736
41.250 21.250  6.81120
41.250 21.750  7.31770
41.250 22.250  7.46886
41.250 22.750  7.24938
41.250 23.250  6.70655
41.250 23.750  5.95027
41.250 24.250  5.11944
41.250 24.750  4.33128
41.250 25.250  3.65093
41.250 25.750  3.09557
41.250 26.250  2.65492
41.250 26.750  2.30889
41.250 27.250  2.03705
41.250 27.750  1.82213
41.250 28.250  1.65063
41.250 28.750  1.51231
41.250 29.250  1.39955
41.250 29.750  1.30666
41.250 30.250  1.22936
41.250 30.750  1.16444
41.250 31.250  1.10945
41.250 31.750  1.06248
41.250 32.250  1.02209
41.250 32.750  0.98712
41.250 33.250  0.95666
41.250 33.750  0.92998
41.250 34.250  0.90649
41.250 34.750  0.88572
41.250 35.250  0.86727
41.250 35.750  0.85082
41.250 36.250  0.83610
41.250 36.750  0.82289
41.250 37.250  0.81100
41.250 37.750  0.80027
41.250 38.250  0.79056
41.250 38.750  0.78176
41.250 39.250  0.77377
41.250 39.750  0.76649
41.250 40.250  0.75986
41.250 40.750  0.75381
41.250 41.250  0.74828
41.250 41.750  0.74322
41.250 42.250  0.73858
41.250 42.750  0.73434
41.250 43.250  0.73044
41.250 43.750  0.72686
41.250 44.250  0.72358
41.250 44.750  0.72056
41.750 -44.750  0.71229
41.750 -44.250  0.71602
41.750 -43.750  0.72005
41.750 -43.250  0.72440
41.750 -42.750  0.72911
41.750 -42.250  0.73421
41.750 -41.750  0.73974
41.750 -41.250  0.74575
41.750 -40.750  0.75228
41.750 -40.250  0.75940
41.750 -39.750  0.76717
41.750 -39.250  0.77567
41.750 -38.750  0.78498
41.750 -38.250  0.79520
41.750 -37.750  0.80644
41.750 -37.250  0.81884
41.750 -36.750  0.83254
41.750 -36.250  0.84774
41.750 -35.750  0.86464
41.750 -35.250  0.88350
41.750 -34.750  0.90460
41.750 -34.250  0.92832
41.750 -33.750  0.95507
41.750 -33.250  0.98538
41.750 -32.750  1.01990
41.750 -32.250  1.05939
41.750 -31.750  1.10482
41.750 -31.250  1.15739
41.750 -30.750  1.21862
41.750 -30.250  1.29040
41.750 -29.750  1.37514
41.750 -29.250  1.47593
41.750 -28.750  1.59669
41.750 -28.250  1.74246
41.750 -27.750  1.91960
41.750 -27.250  2.13606
41.750 -26.750  2.40140
41.750 -26.250  2.72627
41.750 -25.750  3.12086
41.750 -25.250  3.59116
41.750 -24.750  4.13247
41.750 -24.250  4.72052
41.750 -23.750  5.30469
41.750 -23.250  5.81055
41.750 -22.750  6.15600
41.750 -22.250  6.27458
41.750 -21.750  6.13277
41.750 -21.250  5.73365
41.750 -20.750  5.10975
41.750 -20.250  4.31170
41.750 -19.750  3.39805
41.750 -19.250  2.42728
41.750 -18.750  1.44472
41.750 -18.250  0.46886
41.750 -17.750  0.30793
41.750 -17.250  3.19566
41.750 -16.750  4.59997
41.750 -16.250  4.68686
41.750 -15.750  4.34206
41.750 -15.250  3.99602
41.750 -14.750  3.68999
41.750 -14.250  3.42229
41.750 -13.750  3.19057
41.750 -13.250  2.99286
41.750 -12.750  2.82708
41.750 -12.250  2.69105
41.750 -11.750  2.58251
41.750 -11.250  2.49916
41.750 -10.750  2.43869
41.750 -10.250  2.39878
41.750 -9.750  2.37715
41.750 -9.250  2.37157
41.750 -8.750  2.37986
41.750 -8.250  2.39993
41.750 -7.750  2.42974
41.750 -7.250  2.46738
41.750 -6.750  2.51101
41.750 -6.250  2.55892
41.750 -5.750  2.60948
41.750 -5.250  2.66119
41.750 -4.750  2.71267
41.750 -4.250  2.76265
41.750 -3.750  2.80999
41.750 -3.250  2.85365
41.750 -2.750  2.89275
41.750 -2.250  2.92652
41.750 -1.750  2.95431
41.750 -1.250  2.97560
41.750 -0.750  2.99001
41.750 -0.250  2.99728
41.750 0.250  2.99728
41.750 0.750  2.99001
41.750 1.250  2.97560
41.750 1.750  2.95431
41.750 2.250  2.92652
41.750 2.750  2.89275
41.750 3.250  2.85365
41.750 3.750  2.80999
41.750 4.250  2.76265
41.750 4.750  2.71267
41.750 5.250  2.66119
41.750 5.750  2.60948
41.750 6.250  2.55892
41.750 6.750  2.51101
41.750 7.250  2.46738
41.750 7.750  2.42974
41.750 8.250  2.39993
41.750 8.750  2.37986
41.750 9.250  2.37157
41.750 9.750  2.37715
41.750 10.250  2.39878
41.750 10.750  2.43869
41.750 11.250  2.49916
41.750 11.750  2.58251
41.750 12.250  2.69105
41.750 12.750  2.82708
41.750 13.250  2.99286
41.750 13.750  3.19057
41.750 14.250  3.42229
41.750 14.750  3.68999
41.750 15.250  3.99602
41.750 15.750  4.34206
41.750 16.250  4.68686
41.750 16.750  4.59997
41.750 17.250  3.19566
41.750 17.750  0.30793
41.750 18.250  0.46886
41.750 18.750  1.44472
41.750 19.250  2.42728
41.750 19.750  3.39805
41.750 20.250  4.31170
41.750 20.750  5.10975
41.750 21.250  5.73365
41.750 21.750  6.13277
41.750 22.250  6.27458
41.750 22.750  6.15600
41.750 23.250  5.81055
41.750 23.750  5.30469
41.750 24.250  4.72052
41.750 24.750  4.13247
41.750 25.250  3.59116
41.750 25.750  3.12086
41.750 26.250  2.72627
41.750 26.750  2.40140
41.750 27.250  2.13606
41.750 27.750  1.91960
41.750 28.250  1.74246
41.750 28.750  1.59669
41.750 29.250  1.47593
41.750 29.750  1.37514
41.750 30.250  1.29040
41.750 30.750  1.21862
41.750 31.250  1.15739
41.750 31.750  1.10482
41.750 32.250  1.05939
41.750 32.750  1.01990
41.750 33.250  0.98538
41.750 33.750  0.95507
41.750 34.250  0.92832
41.750 34.750  0.90460
41.750 35.250  0.88350
41.750 35.750  0.86464
41.750 36.250  0.84774
41.750 36.750  0.83254
41.750 37.250  0.81884
41.750 37.750  0.80644
41.750 38.250  0.79520
41.750 38.750  0.78498
41.750 39.250  0.77567
41.750 39.750  0.76717
41.750 40.250  0.75940
41.750 40.750  0.75228
41.750 41.250  0.74575
41.750 41.750  0.73974
41.750 42.250  0.73421
41.750 42.750  0.72911
41.750 43.250  0.72440
41.750 43.750  0.72005
41.750 44.250  0.71602
41.750 44.750  0.71229
42.250 -44.750  0.70374
42.250 -44.250  0.70817
42.250 -43.750  0.71291
42.250 -43.250  0.71801
42.250 -42.750  0.72349
42.250 -42.250  0.72940
42.250 -41.750  0.73578
42.250 -41.250  0.74268
42.250 -40.750  0.75017
42.250 -40.250  0.75829
42.250 -39.750  0.76712
42.250 -39.250  0.77676
42.250 -38.750  0.78728
42.250 -38.250  0.79881
42.250 -37.750  0.81145
42.250 -37.250  0.82537
42.250 -36.750  0.84071
42.250 -36.250  0.85769
42.250 -35.750  0.87652
42.250 -35.250  0.89748
42.250 -34.750  0.92089
42.250 -34.250  0.94712
42.250 -33.750  0.97662
42.250 -33.250  1.00994
42.250 -32.750  1.04772
42.250 -32.250  1.09077
42.250 -31.750  1.14006
42.250 -31.250  1.19676
42.250 -30.750  1.26233
42.250 -30.250  1.33858
42.250 -29.750  1.42773
42.250 -29.250  1.53251
42.250 -28.750  1.65629
42.250 -28.250  1.80317
42.250 -27.750  1.97802
42.250 -27.250  2.18642
42.250 -26.750  2.43434
42.250 -26.250  2.72729
42.250 -25.750  3.06871
42.250 -25.250  3.45712
42.250 -24.750  3.88226
42.250 -24.250  4.32106
42.250 -23.750  4.73589
42.250 -23.250  5.07776
42.250 -22.750  5.29541
42.250 -22.250  5.34713
42.250 -21.750  5.21013
42.250 -21.250  4.88386
42.250 -20.750  4.38755
42.250 -20.250  3.75453
42.250 -19.750  3.02587
42.250 -19.250  2.24505
42.250 -18.750  1.45397
42.250 -18.250  0.68995
42.250 -17.750 -0.02033
42.250 -17.250 -0.66782
42.250 -16.750 -0.99917
42.250 -16.250  0.84843
42.250 -15.750  3.13410
42.250 -15.250  3.98280
42.250 -14.750  3.80698
42.250 -14.250  3.50154
42.250 -13.750  3.23523
42.250 -13.250  3.01236
42.250 -12.750  2.82813
42.250 -12.250  2.67899
42.250 -11.750  2.56184
42.250 -11.250  2.47367
42.250 -10.750  2.41158
42.250 -10.250  2.37272
42.250 -9.750  2.35435
42.250 -9.250  2.35381
42.250 -8.750  2.36856
42.250 -8.250  2.39618
42.250 -7.750  2.43435
42.250 -7.250  2.48088
42.250 -6.750  2.53372
42.250 -6.250  2.59093
42.250 -5.750  2.65072
42.250 -5.250  2.71141
42.250 -4.750  2.77147
42.250 -4.250  2.82952
42.250 -3.750  2.88429
42.250 -3.250  2.93466
42.250 -2.750  2.97966
42.250 -2.250  3.01845
42.250 -1.750  3.05032
42.250 -1.250  3.07471
42.250 -0.750  3.09121
42.250 -0.250  3.09952
42.250 0.250  3.09952
42.250 0.750  3.09121
42.250 1.250  3.07471
42.250 1.750  3.05032
42.250 2.250  3.01845
42.250 2.750  2.97966
42.250 3.250  2.93466
42.250 3.750  2.88429
42.250 4.250  2.82952
42.250 4.750  2.77147
42.250 5.250  2.71141
42.250 5.750  2.65072
42.250 6.250  2.59093
42.250 6.750  2.53372
42.250 7.250  2.48088
42.250 7.750  2.43435
42.250 8.250  2.39618
42.250 8.750  2.36856
42.250 9.250  2.35381
42.250 9.750  2.35435
42.250 10.250  2.37272
42.250 10.750  2.41158
42.250 11.250  2.47367
42.250 11.750  2.56184
42.250 12.250  2.67899
42.250 12.750  2.82813
42.250 13.250  3.01236
42.250 13.750  3.23523
42.250 14.250  3.50154
42.250 14.750  3.80698
42.250 15.250  3.98280
42.250 15.750  3.13410
42.250 16.250  0.84843
42.250 16.750 -0.99917
42.250 17.250 -0.66782
42.250 17.750 -0.02033
42.250 18.250  0.68995
42.250 18.750  1.45397
42.250 19.250  2.24505
42.250 19.750  3.02587
42.250 20.250  3.75453
42.250 20.750  4.38755
42.250 21.250  4.88386
42.250 21.750  5.21013
42.250 22.250  5.34713
42.250 22.750  5.29541
42.250 23.250  5.07776
42.250 23.750  4.73589
42.250 24.250  4.32106
42.250 24.750  3.88226
42.250 25.250  3.45712
42.250 25.750  3.06871
42.250 26.250  2.72729
42.250 26.750  2.43434
42.250 27.250  2.18642
42.250 27.750  1.97802
42.250 28.250  1.80317
42.250 28.750  1.65629
42.250 29.250  1.53251
42.250 29.750  1.42773
42.250 30.250  1.33858
42.250 30.750  1.26233
42.250 31.250  1.19676
42.250 31.750  1.14006
42.250 32.250  1.09077
42.250 32.750  1.04772
42.250 33.250  1.00994
42.250 33.750  0.97662
42.250 34.250  0.94712
42.250 34.750  0.92089
42.250 35.250  0.89748
42.250 35.750  0.87652
42.250 36.250  0.85769
42.250 36.750  0.84071
42.250 37.250  0.82537
42.250 37.750  0.81145
42.250 38.250  0.79881
42.250 38.750  0.78728
42.250 39.250  0.77676
42.250 39.750  0.76712
42.250 40.250  0.75829
42.250 40.750  0.75017
42.250 41.250  0.74268
42.250 41.750  0.73578
42.250 42.250  0.72940
42.250 42.750  0.72349
42.250 43.250  0.71801
42.250 43.750  0.71291
42.250 44.250  0.70817
42.250 44.750  0.70374
42.750 -44.750  0.69491
42.750 -44.250  0.70000
42.750 -43.750  0.70543
42.750 -43.250  0.71123
42.750 -42.750  0.71745
42.750 -42.250  0.72412
42.750 -41.750  0.73131
42.750 -41.250  0.73905
42.750 -40.750  0.74741
42.750 -40.250  0.75646
42.750 -39.750  0.76628
42.750 -39.250  0.77696
42.750 -38.750  0.78859
42.750 -38.250  0.80130
42.750 -37.750  0.81520
42.750 -37.250  0.83046
42.750 -36.750  0.84726
42.750 -36.250  0.86579
42.750 -35.750  0.88629
42.750 -35.250  0.90904
42.750 -34.750  0.93437
42.750 -34.250  0.96266
42.750 -33.750  0.99437
42.750 -33.250  1.03004
42.750 -32.750  1.07031
42.750 -32.250  1.11597
42.750 -31.750  1.16792
42.750 -31.250  1.22730
42.750 -30.750  1.29544
42.750 -30.250  1.37396
42.750 -29.750  1.46478
42.750 -29.250  1.57021
42.750 -28.750  1.69293
42.750 -28.250  1.83605
42.750 -27.750  2.00297
42.750 -27.250  2.19721
42.750 -26.750  2.42192
42.750 -26.250  2.67907
42.750 -25.750  2.96812
42.750 -25.250  3.28416
42.750 -24.750  3.61580
42.750 -24.250  3.94349
42.750 -23.750  4.23958
42.750 -23.250  4.47088
42.750 -22.750  4.60410
42.750 -22.250  4.61229
42.750 -21.750  4.48015
42.750 -21.250  4.20646
42.750 -20.750  3.80334
42.750 -20.250  3.29333
42.750 -19.750  2.70562
42.750 -19.250  2.07233
42.750 -18.750  1.42554
42.750 -18.250  0.79493
42.750 -17.750  0.20635
42.750 -17.250 -0.31933
42.750 -16.750 -0.76814
42.750 -16.250 -1.13474
42.750 -15.750 -1.36614
42.750 -15.250 -0.92887
42.750 -14.750  0.82058
42.750 -14.250  2.66903
42.750 -13.750  3.19587
42.750 -13.250  3.00743
42.750 -12.750  2.79831
42.750 -12.250  2.63563
42.750 -11.750  2.51224
42.750 -11.250  2.42212
42.750 -10.750  2.36125
42.750 -10.250  2.32620
42.750 -9.750  2.31373
42.750 -9.250  2.32077
42.750 -8.750  2.34442
42.750 -8.250  2.38190
42.750 -7.750  2.43061
42.750 -7.250  2.48810
42.750 -6.750  2.55208
42.750 -6.250  2.62040
42.750 -5.750  2.69107
42.750 -5.250  2.76227
42.750 -4.750  2.83231
42.750 -4.250  2.89968
42.750 -3.750  2.96301
42.750 -3.250  3.02107
42.750 -2.750  3.07281
42.750 -2.250  3.11732
42.750 -1.750  3.15383
42.750 -1.250  3.18174
42.750 -0.750  3.20061
42.750 -0.250  3.21011
42.750 0.250  3.21011
42.750 0.750  3.20061
42.750 1.250  3.18174
42.750 1.750  3.15383
42.750 2.250  3.11732
42.750 2.750  3.07281
42.750 3.250  3.02107
42.750 3.750  2.96301
42.750 4.250  2.89968
42.750 4.750  2.83231
42.750 5.250  2.76227
42.750 5.750  2.69107
42.750 6.250  2.62040
42.750 6.750  2.55208
42.750 7.250  2.48810
42.750 7.750  2.43061
42.750 8.250  2.38190
42.750 8.750  2.34442
42.750 9.250  2.32077
42.750 9.750  2.31373
42.750 10.250  2.32620
42.750 10.750  2.36125
42.750 11.250  2.42212
42.750 11.750  2.51224
42.750 12.250  2.63563
42.750 12.750  2.79831
42.750 13.250  3.00743
42.750 13.750  3.19587
42.750 14.250  2.66903
42.750 14.750  0.82058
42.750 15.250 -0.92887
42.750 15.750 -1.36614
42.750 16.250 -1.13474
42.750 16.750 -0.76814
42.750 17.250 -0.31933
42.750 17.750  0.20635
42.750 18.250  0.79493
42.750 18.750  1.42554
42.750 19.250  2.07233
42.750 19.750  2.70562
42.750 20.250  3.29333
42.750 20.750  3.80334
42.750 21.250  4.20646
42.750 21.750  4.48015
42.750 22.250  4.61229
42.750 22.750  4.60410
42.750 23.250  4.47088
42.750 23.750  4.23958
42.750 24.250  3.94349
42.750 24.750  3.61580
42.750 25.250  3.28416
42.750 25.750  2.96812
42.750 26.250  2.67907
42.750 26.750  2.42192
42.750 27.250  2.19721
42.750 27.750  2.00297
42.750 28.250  1.83605
42.750 28.750  1.69293
42.750 29.250  1.57021
42.750 29.750  1.46478
42.750 30.250  1.37396
42.750 30.750  1.29544
42.750 31.250  1.22730
42.750 31.750  1.16792
42.750 32.250  1.11597
42.750 32.750  1.07031
42.750 33.250  1.03004
42.750 33.750  0.99437
42.750 34.250  0.96266
42.750 34.750  0.93437
42.750 35.250  0.90904
42.750 35.750  0.88629
42.750 36.250  0.86579
42.750 36.750  0.84726
42.750 37.250  0.83046
42.750 37.750  0.81520
42.750 38.250  0.80130
42.750 38.750  0.78859
42.750 39.250  0.77696
42.750 39.750  0.76628
42.750 40.250  0.75646
42.750 40.750  0.74741
42.750 41.250  0.73905
42.750 41.750  0.73131
42.750 42.250  0.72412
42.750 42.750  0.71745
42.750 43.250  0.71123
42.750 43.750  0.70543
42.750 44.250  0.70000
42.750 44.750  0.69491
43.250 -44.750  0.68577
43.250 -44.250  0.69149
43.250 -43.750  0.69756
43.250 -43.250  0.70404
43.250 -42.750  0.71095
43.250 -42.250  0.71834
43.250 -41.750  0.72627
43.250 -41.250  0.73479
43.250 -40.750  0.74397
43.250 -40.250  0.75387
43.250 -39.750  0.76459
43.250 -39.250  0.77621
43.250 -38.750  0.78883
43.250 -38.250  0.80259
43.250 -37.750  0.81760
43.250 -37.250  0.83404
43.250 -36.750  0.85207
43.250 -36.250  0.87192
43.250 -35.750  0.89381
43.250 -35.250  0.91803
43.250 -34.750  0.94490
43.250 -34.250  0.97480
43.250 -33.750  1.00818
43.250 -33.250  1.04556
43.250 -32.750  1.08755
43.250 -32.250  1.13488
43.250 -31.750  1.18841
43.250 -31.250  1.24913
43.250 -30.750  1.31823
43.250 -30.250  1.39709
43.250 -29.750  1.48730
43.250 -29.250  1.59068
43.250 -28.750  1.70924
43.250 -28.250  1.84515
43.250 -27.750  2.00056
43.250 -27.250  2.17734
43.250 -26.750  2.37665
43.250 -26.250  2.59823
43.250 -25.750  2.83945
43.250 -25.250  3.09421
43.250 -24.750  3.35183
43.250 -24.250  3.59654
43.250 -23.750  3.80798
43.250 -23.250  3.96318
43.250 -22.750  4.03986
43.250 -22.250  4.02021
43.250 -21.750  3.89400
43.250 -21.250  3.66025
43.250 -20.750  3.32712
43.250 -20.250  2.91032
43.250 -19.750  2.43090
43.250 -19.250  1.91273
43.250 -18.750  1.38030
43.250 -18.250  0.85693
43.250 -17.750  0.36336
43.250 -17.250 -0.08307
43.250 -16.750 -0.46896
43.250 -16.250 -0.78516
43.250 -15.750 -1.02699
43.250 -15.250 -1.19424
43.250 -14.750 -1.28158
43.250 -14.250 -1.21558
43.250 -13.750 -0.74865
43.250 -13.250  0.26215
43.250 -12.750  2.10548
43.250 -12.250  2.61548
43.250 -11.750  2.46362
43.250 -11.250  2.34908
43.250 -10.750  2.28629
43.250 -10.250  2.25717
43.250 -9.750  2.25357
43.250 -9.250  2.27114
43.250 -8.750  2.30645
43.250 -8.250  2.35641
43.250 -7.750  2.41812
43.250 -7.250  2.48887
43.250 -6.750  2.56612
43.250 -6.250  2.64753
43.250 -5.750  2.73093
43.250 -5.250  2.81431
43.250 -4.750  2.89586
43.250 -4.250  2.97392
43.250 -3.750  3.04701
43.250 -3.250  3.11383
43.250 -2.750  3.17322
43.250 -2.250  3.22420
43.250 -1.750  3.26596
43.250 -1.250  3.29786
43.250 -0.750  3.31939
43.250 -0.250  3.33023
43.250 0.250  3.33023
43.250 0.750  3.31939
43.250 1.250  3.29786
43.250 1.750  3.26596
43.250 2.250  3.22420
43.250 2.750  3.17322
43.250 3.250  3.11383
43.250 3.750  3.04701
43.250 4.250  2.97392
43.250 4.750  2.89586
43.250 5.250  2.81431
43.250 5.750  2.73093
43.250 6.250  2.64753
43.250 6.750  2.56612
43.250 7.250  2.48887
43.250 7.750  2.41812
43.250 8.250  2.35641
43.250 8.750  2.30645
43.250 9.250  2.27114
43.250 9.750  2.25357
43.250 10.250  2.25717
43.250 10.750  2.28629
43.250 11.250  2.34908
43.250 11.750  2.46362
43.250 12.250  2.61548
43.250 12.750  2.10548
43.250 13.250  0.26215
43.250 13.750 -0.74865
43.250 14.250 -1.21558
43.250 14.750 -1.28158
43.250 15.250 -1.19424
43.250 15.750 -1.02699
43.250 16.250 -0.78516
43.250 16.750 -0.46896
43.250 17.250 -0.08307
43.250 17.750  0.36336
43.250 18.250  0.85693
43.250 18.750  1.38030
43.250 19.250  1.91273
43.250 19.750  2.43090
43.250 20.250  2.91032
43.250 20.750  3.32712
43.250 21.250  3.66025
43.250 21.750  3.89400
43.250 22.250  4.02021
43.250 22.750  4.03986
43.250 23.250  3.96318
43.250 23.750  3.80798
43.250 24.250  3.59654
43.250 24.750  3.35183
43.250 25.250  3.09421
43.250 25.750  2.83945
43.250 26.250  2.59823
43.250 26.750  2.37665
43.250 27.250  2.17734
43.250 27.750  2.00056
43.250 28.250  1.84515
43.250 28.750  1.70924
43.250 29.250  1.59068
43.250 29.750  1.48730
43.250 30.250  1.39709
43.250 30.750  1.31823
43.250 31.250  1.24913
43.250 31.750  1.18841
43.250 32.250  1.13488
43.250 32.750  1.08755
43.250 33.250  1.04556
43.250 33.750  1.00818
43.250 34.250  0.97480
43.250 34.750  0.94490
43.250 35.250  0.91803
43.250 35.750  0.89381
43.250 36.250  0.87192
43.250 36.750  0.85207
43.250 37.250  0.83404
43.250 37.750  0.81760
43.250 38.250  0.80259
43.250 38.750  0.78883
43.250 39.250  0.77621
43.250 39.750  0.76459
43.250 40.250  0.75387
43.250 40.750  0.74397
43.250 41.250  0.73479
43.250 41.750  0.72627
43.250 42.250  0.71834
43.250 42.750  0.71095
43.250 43.250  0.70404
43.250 43.750  0.69756
43.250 44.250  0.69149
43.250 44.750  0.68577
43.750 -44.750  0.67630
43.750 -44.250  0.68262
43.750 -43.750  0.68931
43.750 -43.250  0.69641
43.750 -42.750  0.70396
43.750 -42.250  0.71202
43.750 -41.750  0.72064
43.750 -41.250  0.72988
43.750 -40.750  0.73980
43.750 -40.250  0.75047
43.750 -39.750  0.76199
43.750 -39.250  0.77445
43.750 -38.750  0.78795
43.750 -38.250  0.80262
43.750 -37.750  0.81858
43.750 -37.250  0.83602
43.750 -36.750  0.85509
43.750 -36.250  0.87601
43.750 -35.750  0.89901
43.750 -35.250  0.92437
43.750 -34.750  0.95240
43.750 -34.250  0.98347
43.750 -33.750  1.01800
43.750 -33.250  1.05648
43.750 -32.750  1.09947
43.750 -32.250  1.14763
43.750 -31.750  1.20172
43.750 -31.250  1.26261
43.750 -30.750  1.33130
43.750 -30.250  1.40891
43.750 -29.750  1.49668
43.750 -29.250  1.59598
43.750 -28.750  1.70820
43.750 -28.250  1.83471
43.750 -27.750  1.97666
43.750 -27.250  2.13472
43.750 -26.750  2.30873
43.750 -26.250  2.49716
43.750 -25.750  2.69647
43.750 -25.250  2.90051
43.750 -24.750  3.09998
43.750 -24.250  3.28240
43.750 -23.750  3.43272
43.750 -23.250  3.53476
43.750 -22.750  3.57327
43.750 -22.250  3.53627
43.750 -21.750  3.41693
43.750 -21.250  3.21473
43.750 -20.750  2.93545
43.750 -20.250  2.59040
43.750 -19.750  2.19501
43.750 -19.250  1.76716
43.750 -18.750  1.32559
43.750 -18.250  0.88854
43.750 -17.750  0.47259
43.750 -17.250  0.09188
43.750 -16.750 -0.24237
43.750 -16.250 -0.52216
43.750 -15.750 -0.74281
43.750 -15.250 -0.90279
43.750 -14.750 -1.00360
43.750 -14.250 -1.04940
43.750 -13.750 -1.04543
43.750 -13.250 -0.99174
43.750 -12.750 -0.87153
43.750 -12.250 -0.68004
43.750 -11.750 -0.51014
43.750 -11.250  1.12834
43.750 -10.750  2.62741
43.750 -10.250  2.28878
43.750 -9.750  2.19726
43.750 -9.250  2.20635
43.750 -8.750  2.25299
43.750 -8.250  2.31842
43.750 -7.750  2.39624
43.750 -7.250  2.48300
43.750 -6.750  2.57599
43.750 -6.250  2.67270
43.750 -5.750  2.77082
43.750 -5.250  2.86822
43.750 -4.750  2.96292
43.750 -4.250  3.05315
43.750 -3.750  3.13733
43.750 -3.250  3.21404
43.750 -2.750  3.28206
43.750 -2.250  3.34034
43.750 -1.750  3.38800
43.750 -1.250  3.42435
43.750 -0.750  3.44888
43.750 -0.250  3.46123
43.750 0.250  3.46123
43.750 0.750  3.44888
43.750 1.250  3.42435
43.750 1.750  3.38800
43.750 2.250  3.34034
43.750 2.750  3.28206
43.750 3.250  3.21404
43.750 3.750  3.13733
43.750 4.250  3.05315
43.750 4.750  2.96292
43.750 5.250  2.86822
43.750 5.750  2.77082
43.750 6.250  2.67270
43.750 6.750  2.57599
43.750 7.250  2.48300
43.750 7.750  2.39624
43.750 8.250  2.31842
43.750 8.750  2.25299
43.750 9.250  2.20635
43.750 9.750  2.19726
43.750 10.250  2.28878
43.750 10.750  2.62741
43.750 11.250  1.12834
43.750 11.750 -0.51014
43.750 12.250 -0.68004
43.750 12.750 -0.87153
43.750 13.250 -0.99174
43.750 13.750 -1.04543
43.750 14.250 -1.04940
43.750 14.750 -1.00360
43.750 15.250 -0.90279
43.750 15.750 -0.74281
43.750 16.250 -0.52216
43.750 16.750 -0.24237
43.750 17.250  0.09188
43.750 17.750  0.47259
43.750 18.250  0.88854
43.750 18.750  1.32559
43.750 19.250  1.76716
43.750 19.750  2.19501
43.750 20.250  2.59040
43.750 20.750  2.93545
43.750 21.250  3.21473
43.750 21.750  3.41693
43.750 22.250  3.53627
43.750 22.750  3.57327
43.750 23.250  3.53476
43.750 23.750  3.43272
43.750 24.250  3.28240
43.750 24.750  3.09998
43.750 25.250  2.90051
43.750 25.750  2.69647
43.750 26.250  2.49716
43.750 26.750  2.30873
43.750 27.250  2.13472
43.750 27.750  1.97666
43.750 28.250  1.83471
43.750 28.750  1.70820
43.750 29.250  1.59598
43.750 29.750  1.49668
43.750 30.250  1.40891
43.750 30.750  1.33130
43.750 31.250  1.26261
43.750 31.750  1.20172
43.750 32.250  1.14763
43.750 32.750  1.09947
43.750 33.250  1.05648
43.750 33.750  1.01800
43.750 34.250  0.98347
43.750 34.750  0.95240
43.750 35.250  0.92437
43.750 35.750  0.89901
43.750 36.250  0.87601
43.750 36.750  0.85509
43.750 37.250  0.83602
43.750 37.750  0.81858
43.750 38.250  0.80262
43.750 38.750  0.78795
43.750 39.250  0.77445
43.750 39.750  0.76199
43.750 40.250  0.75047
43.750 40.750  0.73980
43.750 41.250  0.72988
43.750 41.750  0.72064
43.750 42.250  0.71202
43.750 42.750  0.70396
43.750 43.250  0.69641
43.750 43.750  0.68931
43.750 44.250  0.68262
43.750 44.750  0.67630
44.250 -44.750  0.66650
44.250 -44.250  0.67338
44.250 -43.750  0.68064
44.250 -43.250  0.68832
44.250 -42.750  0.69648
44.250 -42.250  0.70515
44.250 -41.750  0.71440
44.250 -41.250  0.72428
44.250 -40.750  0.73487
44.250 -40.250  0.74623
44.250 -39.750  0.75846
44.250 -39.250  0.77165
44.250 -38.750  0.78590
44.250 -38.250  0.80134
44.250 -37.750  0.81811
44.250 -37.250  0.83636
44.250 -36.750  0.85626
44.250 -36.250  0.87802
44.250 -35.750  0.90186
44.250 -35.250  0.92805
44.250 -34.750  0.95688
44.250 -34.250  0.98870
44.250 -33.750  1.02389
44.250 -33.250  1.06290
44.250 -32.750  1.10624
44.250 -32.250  1.15447
44.250 -31.750  1.20826
44.250 -31.250  1.26832
44.250 -30.750  1.33547
44.250 -30.250  1.41057
44.250 -29.750  1.49455
44.250 -29.250  1.58835
44.250 -28.750  1.69285
44.250 -28.250  1.80876
44.250 -27.750  1.93650
44.250 -27.250  2.07592
44.250 -26.750  2.22607
44.250 -26.250  2.38476
44.250 -25.750  2.54824
44.250 -25.250  2.71083
44.250 -24.750  2.86472
44.250 -24.250  3.00014
44.250 -23.750  3.10590
44.250 -23.250  3.17041
44.250 -22.750  3.18309
44.250 -22.250  3.13573
44.250 -21.750  3.02383
44.250 -21.250  2.84722
44.250 -20.750  2.61024
44.250 -20.250  2.32124
44.250 -19.750  1.99172
44.250 -19.250  1.63520
44.250 -18.750  1.26609
44.250 -18.250  0.89864
44.250 -17.750  0.54606
44.250 -17.250  0.21983
44.250 -16.750 -0.07076
44.250 -16.250 -0.31890
44.250 -15.750 -0.52033
44.250 -15.250 -0.67339
44.250 -14.750 -0.77880
44.250 -14.250 -0.83947
44.250 -13.750 -0.86018
44.250 -13.250 -0.84725
44.250 -12.750 -0.80803
44.250 -12.250 -0.75015
44.250 -11.750 -0.68066
44.250 -11.250 -0.60841
44.250 -10.750 -0.56226
44.250 -10.250 -0.66012
44.250 -9.750 -1.49511
44.250 -9.250  1.56252
44.250 -8.750  2.66258
44.250 -8.250  2.29180
44.250 -7.750  2.31422
44.250 -7.250  2.42932
44.250 -6.750  2.55999
44.250 -6.250  2.68725
44.250 -5.750  2.80867
44.250 -5.250  2.92465
44.250 -4.750  3.03510
44.250 -4.250  3.13918
44.250 -3.750  3.23569
44.250 -3.250  3.32334
44.250 -2.750  3.40087
44.250 -2.250  3.46719
44.250 -1.750  3.52136
44.250 -1.250  3.56265
44.250 -0.750  3.59048
44.250 -0.250  3.60449
44.250 0.250  3.60449
44.250 0.750  3.59048
44.250 1.250  3.56265
44.250 1.750  3.52136
44.250 2.250  3.46719
44.250 2.750  3.40087
44.250 3.250  3.32334
44.250 3.750  3.23569
44.250 4.250  3.13918
44.250 4.750  3.03510
44.250 5.250  2.92465
44.250 5.750  2.80867
44.250 6.250  2.68725
44.250 6.750  2.55999
44.250 7.250  2.42932
44.250 7.750  2.31422
44.250 8.250  2.29180
44.250 8.750  2.66258
44.250 9.250  1.56252
44.250 9.750 -1.49511
44.250 10.250 -0.66012
44.250 10.750 -0.56226
44.250 11.250 -0.60841
44.250 11.750 -0.68066
44.250 12.250 -0.75015
44.250 12.750 -0.80803
44.250 13.250 -0.84725
44.250 13.750 -0.86018
44.250 14.250 -0.83947
44.250 14.750 -0.77880
44.250 15.250 -0.67339
44.250 15.750 -0.52033
44.250 16.250 -0.31890
44.250 16.750 -0.07076
44.250 17.250  0.21983
44.250 17.750  0.54606
44.250 18.250  0.89864
44.250 18.750  1.26609
44.250 19.250  1.63520
44.250 19.750  1.99172
44.250 20.250  2.32124
44.250 20.750  2.61024
44.250 21.250  2.84722
44.250 21.750  3.02383
44.250 22.250  3.13573
44.250 22.750  3.18309
44.250 23.250  3.17041
44.250 23.750  3.10590
44.250 24.250  3.00014
44.250 24.750  2.86472
44.250 25.250  2.71083
44.250 25.750  2.54824
44.250 26.250  2.38476
44.250 26.750  2.22607
44.250 27.250  2.07592
44.250 27.750  1.93650
44.250 28.250  1.80876
44.250 28.750  1.69285
44.250 29.250  1.58835
44.250 29.750  1.49455
44.250 30.250  1.41057
44.250 30.750  1.33547
44.250 31.250  1.26832
44.250 31.750  1.20826
44.250 32.250  1.15447
44.250 32.750  1.10624
44.250 33.250  1.06290
44.250 33.750  1.02389
44.250 34.250  0.98870
44.250 34.750  0.95688
44.250 35.250  0.92805
44.250 35.750  0.90186
44.250 36.250  0.87802
44.250 36.750  0.85626
44.250 37.250  0.83636
44.250 37.750  0.81811
44.250 38.250  0.80134
44.250 38.750  0.78590
44.250 39.250  0.77165
44.250 39.750  0.75846
44.250 40.250  0.74623
44.250 40.750  0.73487
44.250 41.250  0.72428
44.250 41.750  0.71440
44.250 42.250  0.70515
44.250 42.750  0.69648
44.250 43.250  0.68832
44.250 43.750  0.68064
44.250 44.250  0.67338
44.250 44.750  0.66650
44.750 -44.750  0.65635
44.750 -44.250  0.66375
44.750 -43.750  0.67154
44.750 -43.250  0.67977
44.750 -42.750  0.68847
44.750 -42.250  0.69770
44.750 -41.750  0.70752
44.750 -41.250  0.71799
44.750 -40.750  0.72916
44.750 -40.250  0.74113
44.750 -39.750  0.75397
44.750 -39.250  0.76779
44.750 -38.750  0.78267
44.750 -38.250  0.79875
44.750 -37.750  0.81616
44.750 -37.250  0.83505
44.750 -36.750  0.85558
44.750 -36.250  0.87795
44.750 -35.750  0.90237
44.750 -35.250  0.92909
44.750 -34.750  0.95838
44.750 -34.250  0.99056
44.750 -33.750  1.02597
44.750 -33.250  1.06501
44.750 -32.750  1.10812
44.750 -32.250  1.15578
44.750 -31.750  1.20853
44.750 -31.250  1.26696
44.750 -30.750  1.33169
44.750 -30.250  1.40336
44.750 -29.750  1.48260
44.750 -29.250  1.57000
44.750 -28.750  1.66602
44.750 -28.250  1.77090
44.750 -27.750  1.88451
44.750 -27.250  2.00621
44.750 -26.750  2.13459
44.750 -26.250  2.26724
44.750 -25.750  2.40054
44.750 -25.250  2.52949
44.750 -24.750  2.64768
44.750 -24.250  2.74746
44.750 -23.750  2.82047
44.750 -23.250  2.85833
44.750 -22.750  2.85355
44.750 -22.250  2.80050
44.750 -21.750  2.69619
44.750 -21.250  2.54076
44.750 -20.750  2.33757
44.750 -20.250  2.09294
44.750 -19.750  1.81557
44.750 -19.250  1.51580
44.750 -18.750  1.20475
44.750 -18.250  0.89359
44.750 -17.750  0.59282
44.750 -17.250  0.31172
44.750 -16.750  0.05795
44.750 -16.250 -0.16275
44.750 -15.750 -0.34664
44.750 -15.250 -0.49202
44.750 -14.750 -0.59916
44.750 -14.250 -0.67008
44.750 -13.750 -0.70841
44.750 -13.250 -0.71903
44.750 -12.750 -0.70784
44.750 -12.250 -0.68138
44.750 -11.750 -0.64656
44.750 -11.250 -0.61029
44.750 -10.750 -0.57921
44.750 -10.250 -0.55956
44.750 -9.750 -0.55793
44.750 -9.250 -0.58344
44.750 -8.750 -0.64979
44.750 -8.250 -0.76164
44.750 -7.750 -0.82644
44.750 -7.250 -0.50885
44.750 -6.750  0.24434
44.750 -6.250  0.97093
44.750 -5.750  1.67565
44.750 -5.250  2.41668
44.750 -4.750  3.00647
44.750 -4.250  3.33963
44.750 -3.750  3.49439
44.750 -3.250  3.56792
44.750 -2.750  3.61198
44.750 -2.250  3.64614
44.750 -1.750  3.67543
44.750 -1.250  3.69961
44.750 -0.750  3.71702
44.750 -0.250  3.72615
44.750 0.250  3.72615
44.750 0.750  3.71702
44.750 1.250  3.69961
44.750 1.750  3.67543
44.750 2.250  3.64614
44.750 2.750  3.61198
44.750 3.250  3.56792
44.750 3.750  3.49439
44.750 4.250  3.33963
44.750 4.750  3.00647
44.750 5.250  2.41668
44.750 5.750  1.67565
44.750 6.250  0.97093
44.750 6.750  0.24434
44.750 7.250 -0.50885
44.750 7.750 -0.82644
44.750 8.250 -0.76164
44.750 8.750 -0.64979
44.750 9.250 -0.58344
44.750 9.750 -0.55793
44.750 10.250 -0.55956
44.750 10.750 -0.57921
44.750 11.250 -0.61029
44.750 11.750 -0.64656
44.750 12.250 -0.68138
44.750 12.750 -0.70784
44.750 13.250 -0.71903
44.750 13.750 -0.70841
44.750 14.250 -0.67008
44.750 14.750 -0.59916
44.750 15.250 -0.49202
44.750 15.750 -0.34664
44.750 16.250 -0.16275
44.750 16.750  0.05795
44.750 17.250  0.31172
44.750 17.750  0.59282
44.750 18.250  0.89359
44.750 18.750  1.20475
44.750 19.250  1.51580
44.750 19.750  1.81557
44.750 20.250  2.09294
44.750 20.750  2.33757
44.750 21.250  2.54076
44.750 21.750  2.69619
44.750 22.250  2.80050
44.750 22.750  2.85355
44.750 23.250  2.85833
44.750 23.750  2.82047
44.750 24.250  2.74746
44.750 24.750  2.64768
44.750 25.250  2.52949
44.750 25.750  2.40054
44.750 26.250  2.26724
44.750 26.750  2.13459
44.750 27.250  2.00621
44.750 27.750  1.88451
44.750 28.250  1.77090
44.750 28.750  1.66602
44.750 29.250  1.57000
44.750 29.750  1.48260
44.750 30.250  1.40336
44.750 30.750  1.33169
44.750 31.250  1.26696
44.750 31.750  1.20853
44.750 32.250  1.15578
44.750 32.750  1.10812
44.750 33.250  1.06501
44.750 33.750  1.02597
44.750 34.250  0.99056
44.750 34.750  0.95838
44.750 35.250  0.92909
44.750 35.750  0.90237
44.750 36.250  0.87795
44.750 36.750  0.85558
44.750 37.250  0.83505
44.750 37.750  0.81616
44.750 38.250  0.79875
44.750 38.750  0.78267
44.750 39.250  0.76779
44.750 39.750  0.75397
44.750 40.250  0.74113
44.750 40.750  0.72916
44.750 41.250  0.71799
44.750 41.750  0.70752
44.750 42.250  0.69770
44.750 42.750  0.68847
44.750 43.250  0.67977
44.750 43.750  0.67154
44.750 44.250  0.66375
44.750 44.750  0.65635
