-45.0 -45.0  1.08457
-45.0 -44.5  1.13196
-45.0 -44.0  1.18240
-45.0 -43.5  1.23615
-45.0 -43.0  1.29350
-45.0 -42.5  1.35477
-45.0 -42.0  1.42031
-45.0 -41.5  1.49051
-45.0 -41.0  1.56582
-45.0 -40.5  1.64671
-45.0 -40.0  1.73375
-45.0 -39.5  1.82752
-45.0 -39.0  1.92872
-45.0 -38.5  2.03811
-45.0 -38.0  2.15654
-45.0 -37.5  2.28498
-45.0 -37.0  2.42450
-45.0 -36.5  2.57632
-45.0 -36.0  2.74180
-45.0 -35.5  2.92250
-45.0 -35.0  3.12013
-45.0 -34.5  3.33664
-45.0 -34.0  3.57419
-45.0 -33.5  3.83523
-45.0 -33.0  4.12245
-45.0 -32.5  4.43881
-45.0 -32.0  4.78757
-45.0 -31.5  5.17221
-45.0 -31.0  5.59643
-45.0 -30.5  6.06399
-45.0 -30.0  6.57858
-45.0 -29.5  7.14352
-45.0 -29.0  7.76138
-45.0 -28.5  8.43343
-45.0 -28.0  9.15885
-45.0 -27.5  9.93374
-45.0 -27.0 10.74997
-45.0 -26.5 11.59379
-45.0 -26.0 12.44458
-45.0 -25.5 13.27379
-45.0 -25.0 14.04462
-45.0 -24.5 14.71275
-45.0 -24.0 15.22855
-45.0 -23.5 15.54074
-45.0 -23.0 15.60136
-45.0 -22.5 15.37124
-45.0 -22.0 14.82509
-45.0 -21.5 13.95523
-45.0 -21.0 12.77335
-45.0 -20.5 11.31001
-45.0 -20.0  9.61214
-45.0 -19.5  7.73917
-45.0 -19.0  5.75823
-45.0 -18.5  3.73932
-45.0 -18.0  1.75069
-45.0 -17.5 -0.14502
-45.0 -17.0 -1.89394
-45.0 -16.5 -3.45313
-45.0 -16.0 -4.79192
-45.0 -15.5 -5.89247
-45.0 -15.0 -6.74962
-45.0 -14.5 -7.37015
-45.0 -14.0 -7.77160
-45.0 -13.5 -7.98070
-45.0 -13.0 -8.03158
-45.0 -12.5 -7.96378
-45.0 -12.0 -7.82023
-45.0 -11.5 -7.64519
-45.0 -11.0 -7.48234
-45.0 -10.5 -7.37293
-45.0 -10.0 -7.35408
-45.0  -9.5 -7.45669
-45.0  -9.0 -7.70222
-45.0  -8.5 -8.09941
-45.0  -8.0 -8.65092
-45.0  -7.5 -9.39607
-45.0  -7.0 -10.51667
-45.0  -6.5 -12.49169
-45.0  -6.0 -16.16536
-45.0  -5.5 -21.07625
-45.0  -5.0 -16.09220
-45.0  -4.5 -1.43424
-45.0  -4.0  5.57903
-45.0  -3.5  8.86216
-45.0  -3.0 11.67979
-45.0  -2.5 14.92438
-45.0  -2.0 18.64093
-45.0  -1.5 22.46085
-45.0  -1.0 25.80523
-45.0  -0.5 28.08976
-45.0   0.0 28.90026
-45.0   0.5 28.08976
-45.0   1.0 25.80523
-45.0   1.5 22.46085
-45.0   2.0 18.64093
-45.0   2.5 14.92438
-45.0   3.0 11.67979
-45.0   3.5  8.86216
-45.0   4.0  5.57903
-45.0   4.5 -1.43424
-45.0   5.0 -16.09220
-45.0   5.5 -21.07625
-45.0   6.0 -16.16536
-45.0   6.5 -12.49169
-45.0   7.0 -10.51667
-45.0   7.5 -9.39607
-45.0   8.0 -8.65092
-45.0   8.5 -8.09941
-45.0   9.0 -7.70222
-45.0   9.5 -7.45669
-45.0  10.0 -7.35408
-45.0  10.5 -7.37293
-45.0  11.0 -7.48234
-45.0  11.5 -7.64519
-45.0  12.0 -7.82023
-45.0  12.5 -7.96378
-45.0  13.0 -8.03158
-45.0  13.5 -7.98070
-45.0  14.0 -7.77160
-45.0  14.5 -7.37015
-45.0  15.0 -6.74962
-45.0  15.5 -5.89247
-45.0  16.0 -4.79192
-45.0  16.5 -3.45313
-45.0  17.0 -1.89394
-45.0  17.5 -0.14502
-45.0  18.0  1.75069
-45.0  18.5  3.73932
-45.0  19.0  5.75823
-45.0  19.5  7.73917
-45.0  20.0  9.61214
-45.0  20.5 11.31001
-45.0  21.0 12.77335
-45.0  21.5 13.95523
-45.0  22.0 14.82509
-45.0  22.5 15.37124
-45.0  23.0 15.60136
-45.0  23.5 15.54074
-45.0  24.0 15.22855
-45.0  24.5 14.71275
-45.0  25.0 14.04462
-45.0  25.5 13.27379
-45.0  26.0 12.44458
-45.0  26.5 11.59379
-45.0  27.0 10.74997
-45.0  27.5  9.93374
-45.0  28.0  9.15885
-45.0  28.5  8.43343
-45.0  29.0  7.76138
-45.0  29.5  7.14352
-45.0  30.0  6.57858
-45.0  30.5  6.06399
-45.0  31.0  5.59643
-45.0  31.5  5.17221
-45.0  32.0  4.78757
-45.0  32.5  4.43881
-45.0  33.0  4.12245
-45.0  33.5  3.83523
-45.0  34.0  3.57419
-45.0  34.5  3.33664
-45.0  35.0  3.12013
-45.0  35.5  2.92250
-45.0  36.0  2.74180
-45.0  36.5  2.57632
-45.0  37.0  2.42450
-45.0  37.5  2.28498
-45.0  38.0  2.15654
-45.0  38.5  2.03811
-45.0  39.0  1.92872
-45.0  39.5  1.82752
-45.0  40.0  1.73375
-45.0  40.5  1.64671
-45.0  41.0  1.56582
-45.0  41.5  1.49051
-45.0  42.0  1.42031
-45.0  42.5  1.35477
-45.0  43.0  1.29350
-45.0  43.5  1.23615
-45.0  44.0  1.18240
-45.0  44.5  1.13196
-45.0  45.0  1.08457
-44.5 -45.0  1.04889
-44.5 -44.5  1.09463
-44.5 -44.0  1.14333
-44.5 -43.5  1.19525
-44.5 -43.0  1.25068
-44.5 -42.5  1.30994
-44.5 -42.0  1.37337
-44.5 -41.5  1.44137
-44.5 -41.0  1.51438
-44.5 -40.5  1.59290
-44.5 -40.0  1.67746
-44.5 -39.5  1.76870
-44.5 -39.0  1.86730
-44.5 -38.5  1.97404
-44.5 -38.0  2.08983
-44.5 -37.5  2.21564
-44.5 -37.0  2.35262
-44.5 -36.5  2.50205
-44.5 -36.0  2.66538
-44.5 -35.5  2.84428
-44.5 -35.0  3.04062
-44.5 -34.5  3.25655
-44.5 -34.0  3.49449
-44.5 -33.5  3.75721
-44.5 -33.0  4.04783
-44.5 -32.5  4.36986
-44.5 -32.0  4.72726
-44.5 -31.5  5.12438
-44.5 -31.0  5.56603
-44.5 -30.5  6.05736
-44.5 -30.0  6.60376
-44.5 -29.5  7.21060
-44.5 -29.0  7.88290
-44.5 -28.5  8.62465
-44.5 -28.0  9.43803
-44.5 -27.5 10.32211
-44.5 -27.0 11.27129
-44.5 -26.5 12.27331
-44.5 -26.0 13.30713
-44.5 -25.5 14.34097
-44.5 -25.0 15.33100
-44.5 -24.5 16.22166
-44.5 -24.0 16.94796
-44.5 -23.5 17.44046
-44.5 -23.0 17.63235
-44.5 -22.5 17.46769
-44.5 -22.0 16.90918
-44.5 -21.5 15.94382
-44.5 -21.0 14.58541
-44.5 -20.5 12.87358
-44.5 -20.0 10.86994
-44.5 -19.5  8.65220
-44.5 -19.0  6.30743
-44.5 -18.5  3.92541
-44.5 -18.0  1.59258
-44.5 -17.5 -0.61287
-44.5 -17.0 -2.62471
-44.5 -16.5 -4.39121
-44.5 -16.0 -5.87646
-44.5 -15.5 -7.06082
-44.5 -15.0 -7.94044
-44.5 -14.5 -8.52614
-44.5 -14.0 -8.84182
-44.5 -13.5 -8.92238
-44.5 -13.0 -8.81146
-44.5 -12.5 -8.55904
-44.5 -12.0 -8.21932
-44.5 -11.5 -7.84892
-44.5 -11.0 -7.50350
-44.5 -10.5 -7.22172
-44.5 -10.0 -6.96611
-44.5  -9.5 -6.51053
-44.5  -9.0 -5.52580
-44.5  -8.5 -4.00954
-44.5  -8.0 -0.37151
-44.5  -7.5 11.49069
-44.5  -7.0 17.40668
-44.5  -6.5 17.07660
-44.5  -6.0 16.83890
-44.5  -5.5 17.14304
-44.5  -5.0 17.75346
-44.5  -4.5 18.48937
-44.5  -4.0 19.24559
-44.5  -3.5 19.96485
-44.5  -3.0 20.61657
-44.5  -2.5 21.18408
-44.5  -2.0 21.65771
-44.5  -1.5 22.03136
-44.5  -1.0 22.30093
-44.5  -0.5 22.46373
-44.5   0.0 22.51817
-44.5   0.5 22.46373
-44.5   1.0 22.30093
-44.5   1.5 22.03136
-44.5   2.0 21.65771
-44.5   2.5 21.18408
-44.5   3.0 20.61657
-44.5   3.5 19.96485
-44.5   4.0 19.24559
-44.5   4.5 18.48937
-44.5   5.0 17.75346
-44.5   5.5 17.14304
-44.5   6.0 16.83890
-44.5   6.5 17.07660
-44.5   7.0 17.40668
-44.5   7.5 11.49069
-44.5   8.0 -0.37151
-44.5   8.5 -4.00954
-44.5   9.0 -5.52580
-44.5   9.5 -6.51053
-44.5  10.0 -6.96611
-44.5  10.5 -7.22172
-44.5  11.0 -7.50350
-44.5  11.5 -7.84892
-44.5  12.0 -8.21932
-44.5  12.5 -8.55904
-44.5  13.0 -8.81146
-44.5  13.5 -8.92238
-44.5  14.0 -8.84182
-44.5  14.5 -8.52614
-44.5  15.0 -7.94044
-44.5  15.5 -7.06082
-44.5  16.0 -5.87646
-44.5  16.5 -4.39121
-44.5  17.0 -2.62471
-44.5  17.5 -0.61287
-44.5  18.0  1.59258
-44.5  18.5  3.92541
-44.5  19.0  6.30743
-44.5  19.5  8.65220
-44.5  20.0 10.86994
-44.5  20.5 12.87358
-44.5  21.0 14.58541
-44.5  21.5 15.94382
-44.5  22.0 16.90918
-44.5  22.5 17.46769
-44.5  23.0 17.63235
-44.5  23.5 17.44046
-44.5  24.0 16.94796
-44.5  24.5 16.22166
-44.5  25.0 15.33100
-44.5  25.5 14.34097
-44.5  26.0 13.30713
-44.5  26.5 12.27331
-44.5  27.0 11.27129
-44.5  27.5 10.32211
-44.5  28.0  9.43803
-44.5  28.5  8.62465
-44.5  29.0  7.88290
-44.5  29.5  7.21060
-44.5  30.0  6.60376
-44.5  30.5  6.05736
-44.5  31.0  5.56603
-44.5  31.5  5.12438
-44.5  32.0  4.72726
-44.5  32.5  4.36986
-44.5  33.0  4.04783
-44.5  33.5  3.75721
-44.5  34.0  3.49449
-44.5  34.5  3.25655
-44.5  35.0  3.04062
-44.5  35.5  2.84428
-44.5  36.0  2.66538
-44.5  36.5  2.50205
-44.5  37.0  2.35262
-44.5  37.5  2.21564
-44.5  38.0  2.08983
-44.5  38.5  1.97404
-44.5  39.0  1.86730
-44.5  39.5  1.76870
-44.5  40.0  1.67746
-44.5  40.5  1.59290
-44.5  41.0  1.51438
-44.5  41.5  1.44137
-44.5  42.0  1.37337
-44.5  42.5  1.30994
-44.5  43.0  1.25068
-44.5  43.5  1.19525
-44.5  44.0  1.14333
-44.5  44.5  1.09463
-44.5  45.0  1.04889
-44.0 -45.0  1.01048
-44.0 -44.5  1.05433
-44.0 -44.0  1.10104
-44.0 -43.5  1.15085
-44.0 -43.0  1.20405
-44.0 -42.5  1.26094
-44.0 -42.0  1.32187
-44.0 -41.5  1.38723
-44.0 -41.0  1.45746
-44.0 -40.5  1.53304
-44.0 -40.0  1.61452
-44.0 -39.5  1.70252
-44.0 -39.0  1.79774
-44.0 -38.5  1.90097
-44.0 -38.0  2.01310
-44.0 -37.5  2.13517
-44.0 -37.0  2.26832
-44.0 -36.5  2.41391
-44.0 -36.0  2.57344
-44.0 -35.5  2.74866
-44.0 -35.0  2.94157
-44.0 -34.5  3.15450
-44.0 -34.0  3.39007
-44.0 -33.5  3.65135
-44.0 -33.0  3.94186
-44.0 -32.5  4.26563
-44.0 -32.0  4.62728
-44.0 -31.5  5.03208
-44.0 -31.0  5.48599
-44.0 -30.5  5.99567
-44.0 -30.0  6.56843
-44.0 -29.5  7.21209
-44.0 -29.0  7.93464
-44.0 -28.5  8.74374
-44.0 -28.0  9.64574
-44.0 -27.5 10.64429
-44.0 -27.0 11.73830
-44.0 -26.5 12.91920
-44.0 -26.0 14.16764
-44.0 -25.5 15.44992
-44.0 -25.0 16.71514
-44.0 -24.5 17.89411
-44.0 -24.0 18.90158
-44.0 -23.5 19.64262
-44.0 -23.0 20.02306
-44.0 -22.5 19.96214
-44.0 -22.0 19.40469
-44.0 -21.5 18.32985
-44.0 -21.0 16.75459
-44.0 -20.5 14.73168
-44.0 -20.0 12.34341
-44.0 -19.5  9.69267
-44.0 -19.0  6.89330
-44.0 -18.5  4.06089
-44.0 -18.0  1.30505
-44.0 -17.5 -1.27676
-44.0 -17.0 -3.60349
-44.0 -16.5 -5.61325
-44.0 -16.0 -7.26455
-44.0 -15.5 -8.53639
-44.0 -15.0 -9.42734
-44.0 -14.5 -9.95389
-44.0 -14.0 -10.14813
-44.0 -13.5 -10.05601
-44.0 -13.0 -9.74019
-44.0 -12.5 -9.29361
-44.0 -12.0 -8.83702
-44.0 -11.5 -8.24577
-44.0 -11.0 -5.61082
-44.0 -10.5  1.00960
-44.0 -10.0  6.20313
-44.0  -9.5  9.62904
-44.0  -9.0 11.41692
-44.0  -8.5 12.25853
-44.0  -8.0 12.88073
-44.0  -7.5 13.52183
-44.0  -7.0 14.21712
-44.0  -6.5 14.95305
-44.0  -6.0 15.70911
-44.0  -5.5 16.46634
-44.0  -5.0 17.20830
-44.0  -4.5 17.92065
-44.0  -4.0 18.59080
-44.0  -3.5 19.20768
-44.0  -3.0 19.76164
-44.0  -2.5 20.24434
-44.0  -2.0 20.64879
-44.0  -1.5 20.96927
-44.0  -1.0 21.20135
-44.0  -0.5 21.34186
-44.0   0.0 21.38891
-44.0   0.5 21.34186
-44.0   1.0 21.20135
-44.0   1.5 20.96927
-44.0   2.0 20.64879
-44.0   2.5 20.24434
-44.0   3.0 19.76164
-44.0   3.5 19.20768
-44.0   4.0 18.59080
-44.0   4.5 17.92065
-44.0   5.0 17.20830
-44.0   5.5 16.46634
-44.0   6.0 15.70911
-44.0   6.5 14.95305
-44.0   7.0 14.21712
-44.0   7.5 13.52183
-44.0   8.0 12.88073
-44.0   8.5 12.25853
-44.0   9.0 11.41692
-44.0   9.5  9.62904
-44.0  10.0  6.20313
-44.0  10.5  1.00960
-44.0  11.0 -5.61082
-44.0  11.5 -8.24577
-44.0  12.0 -8.83702
-44.0  12.5 -9.29361
-44.0  13.0 -9.74019
-44.0  13.5 -10.05601
-44.0  14.0 -10.14813
-44.0  14.5 -9.95389
-44.0  15.0 -9.42734
-44.0  15.5 -8.53639
-44.0  16.0 -7.26455
-44.0  16.5 -5.61325
-44.0  17.0 -3.60349
-44.0  17.5 -1.27676
-44.0  18.0  1.30505
-44.0  18.5  4.06089
-44.0  19.0  6.89330
-44.0  19.5  9.69267
-44.0  20.0 12.34341
-44.0  20.5 14.73168
-44.0  21.0 16.75459
-44.0  21.5 18.32985
-44.0  22.0 19.40469
-44.0  22.5 19.96214
-44.0  23.0 20.02306
-44.0  23.5 19.64262
-44.0  24.0 18.90158
-44.0  24.5 17.89411
-44.0  25.0 16.71514
-44.0  25.5 15.44992
-44.0  26.0 14.16764
-44.0  26.5 12.91920
-44.0  27.0 11.73830
-44.0  27.5 10.64429
-44.0  28.0  9.64574
-44.0  28.5  8.74374
-44.0  29.0  7.93464
-44.0  29.5  7.21209
-44.0  30.0  6.56843
-44.0  30.5  5.99567
-44.0  31.0  5.48599
-44.0  31.5  5.03208
-44.0  32.0  4.62728
-44.0  32.5  4.26563
-44.0  33.0  3.94186
-44.0  33.5  3.65135
-44.0  34.0  3.39007
-44.0  34.5  3.15450
-44.0  35.0  2.94157
-44.0  35.5  2.74866
-44.0  36.0  2.57344
-44.0  36.5  2.41391
-44.0  37.0  2.26832
-44.0  37.5  2.13517
-44.0  38.0  2.01310
-44.0  38.5  1.90097
-44.0  39.0  1.79774
-44.0  39.5  1.70252
-44.0  40.0  1.61452
-44.0  40.5  1.53304
-44.0  41.0  1.45746
-44.0  41.5  1.38723
-44.0  42.0  1.32187
-44.0  42.5  1.26094
-44.0  43.0  1.20405
-44.0  43.5  1.15085
-44.0  44.0  1.10104
-44.0  44.5  1.05433
-44.0  45.0  1.01048
-43.5 -45.0  0.96945
-43.5 -44.5  1.01119
-43.5 -44.0  1.05565
-43.5 -43.5  1.10307
-43.5 -43.0  1.15372
-43.5 -42.5  1.20790
-43.5 -42.0  1.26595
-43.5 -41.5  1.32824
-43.5 -41.0  1.39519
-43.5 -40.5  1.46729
-43.5 -40.0  1.54507
-43.5 -39.5  1.62914
-43.5 -39.0  1.72019
-43.5 -38.5  1.81900
-43.5 -38.0  1.92647
-43.5 -37.5  2.04362
-43.5 -37.0  2.17164
-43.5 -36.5  2.31186
-43.5 -36.0  2.46584
-43.5 -35.5  2.63539
-43.5 -35.0  2.82259
-43.5 -34.5  3.02986
-43.5 -34.0  3.26002
-43.5 -33.5  3.51636
-43.5 -33.0  3.80273
-43.5 -32.5  4.12362
-43.5 -32.0  4.48427
-43.5 -31.5  4.89079
-43.5 -31.0  5.35030
-43.5 -30.5  5.87099
-43.5 -30.0  6.46225
-43.5 -29.5  7.13462
-43.5 -29.0  7.89965
-43.5 -28.5  8.76951
-43.5 -28.0  9.75614
-43.5 -27.5 10.86979
-43.5 -27.0 12.11663
-43.5 -26.5 13.49516
-43.5 -26.0 14.99137
-43.5 -25.5 16.57279
-43.5 -25.0 18.18271
-43.5 -24.5 19.73632
-43.5 -24.0 21.12166
-43.5 -23.5 22.20764
-43.5 -23.0 22.85950
-43.5 -22.5 22.95900
-43.5 -22.0 22.42404
-43.5 -21.5 21.22241
-43.5 -21.0 19.37640
-43.5 -20.5 16.95860
-43.5 -20.0 14.08114
-43.5 -19.5 10.88204
-43.5 -19.0  7.51114
-43.5 -18.5  4.11775
-43.5 -18.0  0.84070
-43.5 -17.5 -2.19895
-43.5 -17.0 -4.90268
-43.5 -16.5 -7.19722
-43.5 -16.0 -9.03540
-43.5 -15.5 -10.39528
-43.5 -15.0 -11.27750
-43.5 -14.5 -11.70898
-43.5 -14.0 -11.80378
-43.5 -13.5 -12.01957
-43.5 -13.0 -13.54204
-43.5 -12.5 -6.00578
-43.5 -12.0 11.14859
-43.5 -11.5 11.46114
-43.5 -11.0 11.75416
-43.5 -10.5 11.81624
-43.5 -10.0 11.83585
-43.5  -9.5 11.95798
-43.5  -9.0 12.20884
-43.5  -8.5 12.57525
-43.5  -8.0 13.03641
-43.5  -7.5 13.57145
-43.5  -7.0 14.16083
-43.5  -6.5 14.78642
-43.5  -6.0 15.43148
-43.5  -5.5 16.08064
-43.5  -5.0 16.71981
-43.5  -4.5 17.33622
-43.5  -4.0 17.91836
-43.5  -3.5 18.45597
-43.5  -3.0 18.94003
-43.5  -2.5 19.36275
-43.5  -2.0 19.71755
-43.5  -1.5 19.99906
-43.5  -1.0 20.20311
-43.5  -0.5 20.32673
-43.5   0.0 20.36813
-43.5   0.5 20.32673
-43.5   1.0 20.20311
-43.5   1.5 19.99906
-43.5   2.0 19.71755
-43.5   2.5 19.36275
-43.5   3.0 18.94003
-43.5   3.5 18.45597
-43.5   4.0 17.91836
-43.5   4.5 17.33622
-43.5   5.0 16.71981
-43.5   5.5 16.08064
-43.5   6.0 15.43148
-43.5   6.5 14.78642
-43.5   7.0 14.16083
-43.5   7.5 13.57145
-43.5   8.0 13.03641
-43.5   8.5 12.57525
-43.5   9.0 12.20884
-43.5   9.5 11.95798
-43.5  10.0 11.83585
-43.5  10.5 11.81624
-43.5  11.0 11.75416
-43.5  11.5 11.46114
-43.5  12.0 11.14859
-43.5  12.5 -6.00578
-43.5  13.0 -13.54204
-43.5  13.5 -12.01957
-43.5  14.0 -11.80378
-43.5  14.5 -11.70898
-43.5  15.0 -11.27750
-43.5  15.5 -10.39528
-43.5  16.0 -9.03540
-43.5  16.5 -7.19722
-43.5  17.0 -4.90268
-43.5  17.5 -2.19895
-43.5  18.0  0.84070
-43.5  18.5  4.11775
-43.5  19.0  7.51114
-43.5  19.5 10.88204
-43.5  20.0 14.08114
-43.5  20.5 16.95860
-43.5  21.0 19.37640
-43.5  21.5 21.22241
-43.5  22.0 22.42404
-43.5  22.5 22.95900
-43.5  23.0 22.85950
-43.5  23.5 22.20764
-43.5  24.0 21.12166
-43.5  24.5 19.73632
-43.5  25.0 18.18271
-43.5  25.5 16.57279
-43.5  26.0 14.99137
-43.5  26.5 13.49516
-43.5  27.0 12.11663
-43.5  27.5 10.86979
-43.5  28.0  9.75614
-43.5  28.5  8.76951
-43.5  29.0  7.89965
-43.5  29.5  7.13462
-43.5  30.0  6.46225
-43.5  30.5  5.87099
-43.5  31.0  5.35030
-43.5  31.5  4.89079
-43.5  32.0  4.48427
-43.5  32.5  4.12362
-43.5  33.0  3.80273
-43.5  33.5  3.51636
-43.5  34.0  3.26002
-43.5  34.5  3.02986
-43.5  35.0  2.82259
-43.5  35.5  2.63539
-43.5  36.0  2.46584
-43.5  36.5  2.31186
-43.5  37.0  2.17164
-43.5  37.5  2.04362
-43.5  38.0  1.92647
-43.5  38.5  1.81900
-43.5  39.0  1.72019
-43.5  39.5  1.62914
-43.5  40.0  1.54507
-43.5  40.5  1.46729
-43.5  41.0  1.39519
-43.5  41.5  1.32824
-43.5  42.0  1.26595
-43.5  42.5  1.20790
-43.5  43.0  1.15372
-43.5  43.5  1.10307
-43.5  44.0  1.05565
-43.5  44.5  1.01119
-43.5  45.0  0.96945
-43.0 -45.0  0.92592
-43.0 -44.5  0.96533
-43.0 -44.0  1.00730
-43.0 -43.5  1.05206
-43.0 -43.0  1.09987
-43.0 -42.5  1.15100
-43.0 -42.0  1.20579
-43.0 -41.5  1.26458
-43.0 -41.0  1.32779
-43.0 -40.5  1.39588
-43.0 -40.0  1.46935
-43.0 -39.5  1.54880
-43.0 -39.0  1.63489
-43.0 -38.5  1.72839
-43.0 -38.0  1.83018
-43.0 -37.5  1.94125
-43.0 -37.0  2.06277
-43.0 -36.5  2.19608
-43.0 -36.0  2.34273
-43.0 -35.5  2.50453
-43.0 -35.0  2.68359
-43.0 -34.5  2.88240
-43.0 -34.0  3.10387
-43.0 -33.5  3.35145
-43.0 -33.0  3.62922
-43.0 -32.5  3.94200
-43.0 -32.0  4.29555
-43.0 -31.5  4.69670
-43.0 -31.0  5.15361
-43.0 -30.5  5.67595
-43.0 -30.0  6.27514
-43.0 -29.5  6.96460
-43.0 -29.0  7.75980
-43.0 -28.5  8.67824
-43.0 -28.0  9.73886
-43.0 -27.5 10.96085
-43.0 -27.0 12.36120
-43.0 -26.5 13.95039
-43.0 -26.0 15.72579
-43.0 -25.5 17.66236
-43.0 -25.0 19.70187
-43.0 -24.5 21.74340
-43.0 -24.0 23.64036
-43.0 -23.5 25.20955
-43.0 -23.0 26.25451
-43.0 -22.5 26.59888
-43.0 -22.0 26.11941
-43.0 -21.5 24.76789
-43.0 -21.0 22.57671
-43.0 -20.5 19.64947
-43.0 -20.0 16.14245
-43.0 -19.5 12.24304
-43.0 -19.0  8.14966
-43.0 -18.5  4.05525
-43.0 -18.0  0.13512
-43.0 -17.5 -3.46137
-43.0 -17.0 -6.61554
-43.0 -16.5 -9.23949
-43.0 -16.0 -11.26817
-43.0 -15.5 -12.68971
-43.0 -15.0 -14.03853
-43.0 -14.5 -19.49896
-43.0 -14.0 -23.58006
-43.0 -13.5 21.68125
-43.0 -13.0 16.19770
-43.0 -12.5 14.88012
-43.0 -12.0 13.99145
-43.0 -11.5 13.28228
-43.0 -11.0 12.77783
-43.0 -10.5 12.47248
-43.0 -10.0 12.34518
-43.0  -9.5 12.37257
-43.0  -9.0 12.53206
-43.0  -8.5 12.80224
-43.0  -8.0 13.16298
-43.0  -7.5 13.59537
-43.0  -7.0 14.08169
-43.0  -6.5 14.60544
-43.0  -6.0 15.15130
-43.0  -5.5 15.70513
-43.0  -5.0 16.25394
-43.0  -4.5 16.78592
-43.0  -4.0 17.29040
-43.0  -3.5 17.75785
-43.0  -3.0 18.17988
-43.0  -2.5 18.54924
-43.0  -2.0 18.85979
-43.0  -1.5 19.10652
-43.0  -1.0 19.28553
-43.0  -0.5 19.39405
-43.0   0.0 19.43041
-43.0   0.5 19.39405
-43.0   1.0 19.28553
-43.0   1.5 19.10652
-43.0   2.0 18.85979
-43.0   2.5 18.54924
-43.0   3.0 18.17988
-43.0   3.5 17.75785
-43.0   4.0 17.29040
-43.0   4.5 16.78592
-43.0   5.0 16.25394
-43.0   5.5 15.70513
-43.0   6.0 15.15130
-43.0   6.5 14.60544
-43.0   7.0 14.08169
-43.0   7.5 13.59537
-43.0   8.0 13.16298
-43.0   8.5 12.80224
-43.0   9.0 12.53206
-43.0   9.5 12.37257
-43.0  10.0 12.34518
-43.0  10.5 12.47248
-43.0  11.0 12.77783
-43.0  11.5 13.28228
-43.0  12.0 13.99145
-43.0  12.5 14.88012
-43.0  13.0 16.19770
-43.0  13.5 21.68125
-43.0  14.0 -23.58006
-43.0  14.5 -19.49896
-43.0  15.0 -14.03853
-43.0  15.5 -12.68971
-43.0  16.0 -11.26817
-43.0  16.5 -9.23949
-43.0  17.0 -6.61554
-43.0  17.5 -3.46137
-43.0  18.0  0.13512
-43.0  18.5  4.05525
-43.0  19.0  8.14966
-43.0  19.5 12.24304
-43.0  20.0 16.14245
-43.0  20.5 19.64947
-43.0  21.0 22.57671
-43.0  21.5 24.76789
-43.0  22.0 26.11941
-43.0  22.5 26.59888
-43.0  23.0 26.25451
-43.0  23.5 25.20955
-43.0  24.0 23.64036
-43.0  24.5 21.74340
-43.0  25.0 19.70187
-43.0  25.5 17.66236
-43.0  26.0 15.72579
-43.0  26.5 13.95039
-43.0  27.0 12.36120
-43.0  27.5 10.96085
-43.0  28.0  9.73886
-43.0  28.5  8.67824
-43.0  29.0  7.75980
-43.0  29.5  6.96460
-43.0  30.0  6.27514
-43.0  30.5  5.67595
-43.0  31.0  5.15361
-43.0  31.5  4.69670
-43.0  32.0  4.29555
-43.0  32.5  3.94200
-43.0  33.0  3.62922
-43.0  33.5  3.35145
-43.0  34.0  3.10387
-43.0  34.5  2.88240
-43.0  35.0  2.68359
-43.0  35.5  2.50453
-43.0  36.0  2.34273
-43.0  36.5  2.19608
-43.0  37.0  2.06277
-43.0  37.5  1.94125
-43.0  38.0  1.83018
-43.0  38.5  1.72839
-43.0  39.0  1.63489
-43.0  39.5  1.54880
-43.0  40.0  1.46935
-43.0  40.5  1.39588
-43.0  41.0  1.32779
-43.0  41.5  1.26458
-43.0  42.0  1.20579
-43.0  42.5  1.15100
-43.0  43.0  1.09987
-43.0  43.5  1.05206
-43.0  44.0  1.00730
-43.0  44.5  0.96533
-43.0  45.0  0.92592
-42.5 -45.0  0.88004
-42.5 -44.5  0.91692
-42.5 -44.0  0.95617
-42.5 -43.5  0.99802
-42.5 -43.0  1.04269
-42.5 -42.5  1.09046
-42.5 -42.0  1.14163
-42.5 -41.5  1.19652
-42.5 -41.0  1.25553
-42.5 -40.5  1.31908
-42.5 -40.0  1.38766
-42.5 -39.5  1.46182
-42.5 -39.0  1.54220
-42.5 -38.5  1.62953
-42.5 -38.0  1.72463
-42.5 -37.5  1.82847
-42.5 -37.0  1.94216
-42.5 -36.5  2.06701
-42.5 -36.0  2.20452
-42.5 -35.5  2.35646
-42.5 -35.0  2.52492
-42.5 -34.5  2.71237
-42.5 -34.0  2.92173
-42.5 -33.5  3.15649
-42.5 -33.0  3.42083
-42.5 -32.5  3.71979
-42.5 -32.0  4.05943
-42.5 -31.5  4.44712
-42.5 -31.0  4.89180
-42.5 -30.5  5.40437
-42.5 -30.0  5.99812
-42.5 -29.5  6.68916
-42.5 -29.0  7.49700
-42.5 -28.5  8.44486
-42.5 -28.0  9.55989
-42.5 -27.5 10.87256
-42.5 -27.0 12.41481
-42.5 -26.5 14.21574
-42.5 -26.0 16.29347
-42.5 -25.5 18.64170
-42.5 -25.0 21.21104
-42.5 -24.5 23.88850
-42.5 -24.0 26.48431
-42.5 -23.5 28.73903
-42.5 -23.0 30.35929
-42.5 -22.5 31.07563
-42.5 -22.0 30.70070
-42.5 -21.5 29.16515
-42.5 -21.0 26.52191
-42.5 -20.5 22.92527
-42.5 -20.0 18.59788
-42.5 -19.5 13.79700
-42.5 -19.0  8.78613
-42.5 -18.5  3.81394
-42.5 -18.0 -0.89963
-42.5 -17.5 -5.16472
-42.5 -17.0 -8.79051
-42.5 -16.5 -11.72315
-42.5 -16.0 -16.67940
-42.5 -15.5 -74.16827
-42.5 -15.0 35.23190
-42.5 -14.5 22.63838
-42.5 -14.0 19.84346
-42.5 -13.5 18.08044
-42.5 -13.0 16.61081
-42.5 -12.5 15.40301
-42.5 -12.0 14.44586
-42.5 -11.5 13.71836
-42.5 -11.0 13.19762
-42.5 -10.5 12.86119
-42.5 -10.0 12.68744
-42.5  -9.5 12.65563
-42.5  -9.0 12.74594
-42.5  -8.5 12.93949
-42.5  -8.0 13.21836
-42.5  -7.5 13.56563
-42.5  -7.0 13.96534
-42.5  -6.5 14.40256
-42.5  -6.0 14.86335
-42.5  -5.5 15.33483
-42.5  -5.0 15.80510
-42.5  -4.5 16.26331
-42.5  -4.0 16.69965
-42.5  -3.5 17.10533
-42.5  -3.0 17.47260
-42.5  -2.5 17.79473
-42.5  -2.0 18.06604
-42.5  -1.5 18.28188
-42.5  -1.0 18.43864
-42.5  -0.5 18.53372
-42.5   0.0 18.56559
-42.5   0.5 18.53372
-42.5   1.0 18.43864
-42.5   1.5 18.28188
-42.5   2.0 18.06604
-42.5   2.5 17.79473
-42.5   3.0 17.47260
-42.5   3.5 17.10533
-42.5   4.0 16.69965
-42.5   4.5 16.26331
-42.5   5.0 15.80510
-42.5   5.5 15.33483
-42.5   6.0 14.86335
-42.5   6.5 14.40256
-42.5   7.0 13.96534
-42.5   7.5 13.56563
-42.5   8.0 13.21836
-42.5   8.5 12.93949
-42.5   9.0 12.74594
-42.5   9.5 12.65563
-42.5  10.0 12.68744
-42.5  10.5 12.86119
-42.5  11.0 13.19762
-42.5  11.5 13.71836
-42.5  12.0 14.44586
-42.5  12.5 15.40301
-42.5  13.0 16.61081
-42.5  13.5 18.08044
-42.5  14.0 19.84346
-42.5  14.5 22.63838
-42.5  15.0 35.23190
-42.5  15.5 -74.16827
-42.5  16.0 -16.67940
-42.5  16.5 -11.72315
-42.5  17.0 -8.79051
-42.5  17.5 -5.16472
-42.5  18.0 -0.89963
-42.5  18.5  3.81394
-42.5  19.0  8.78613
-42.5  19.5 13.79700
-42.5  20.0 18.59788
-42.5  20.5 22.92527
-42.5  21.0 26.52191
-42.5  21.5 29.16515
-42.5  22.0 30.70070
-42.5  22.5 31.07563
-42.5  23.0 30.35929
-42.5  23.5 28.73903
-42.5  24.0 26.48431
-42.5  24.5 23.88850
-42.5  25.0 21.21104
-42.5  25.5 18.64170
-42.5  26.0 16.29347
-42.5  26.5 14.21574
-42.5  27.0 12.41481
-42.5  27.5 10.87256
-42.5  28.0  9.55989
-42.5  28.5  8.44486
-42.5  29.0  7.49700
-42.5  29.5  6.68916
-42.5  30.0  5.99812
-42.5  30.5  5.40437
-42.5  31.0  4.89180
-42.5  31.5  4.44712
-42.5  32.0  4.05943
-42.5  32.5  3.71979
-42.5  33.0  3.42083
-42.5  33.5  3.15649
-42.5  34.0  2.92173
-42.5  34.5  2.71237
-42.5  35.0  2.52492
-42.5  35.5  2.35646
-42.5  36.0  2.20452
-42.5  36.5  2.06701
-42.5  37.0  1.94216
-42.5  37.5  1.82847
-42.5  38.0  1.72463
-42.5  38.5  1.62953
-42.5  39.0  1.54220
-42.5  39.5  1.46182
-42.5  40.0  1.38766
-42.5  40.5  1.31908
-42.5  41.0  1.25553
-42.5  41.5  1.19652
-42.5  42.0  1.14163
-42.5  42.5  1.09046
-42.5  43.0  1.04269
-42.5  43.5  0.99802
-42.5  44.0  0.95617
-42.5  44.5  0.91692
-42.5  45.0  0.88004
-42.0 -45.0  0.83198
-42.0 -44.5  0.86613
-42.0 -44.0  0.90245
-42.0 -43.5  0.94115
-42.0 -43.0  0.98243
-42.0 -42.5  1.02653
-42.0 -42.0  1.07374
-42.0 -41.5  1.12436
-42.0 -41.0  1.17874
-42.0 -40.5  1.23727
-42.0 -40.0  1.30040
-42.0 -39.5  1.36865
-42.0 -39.0  1.44259
-42.0 -38.5  1.52290
-42.0 -38.0  1.61036
-42.0 -37.5  1.70586
-42.0 -37.0  1.81044
-42.0 -36.5  1.92532
-42.0 -36.0  2.05192
-42.0 -35.5  2.19193
-42.0 -35.0  2.34734
-42.0 -34.5  2.52052
-42.0 -34.0  2.71429
-42.0 -33.5  2.93208
-42.0 -33.0  3.17801
-42.0 -32.5  3.45711
-42.0 -32.0  3.77553
-42.0 -31.5  4.14086
-42.0 -31.0  4.56248
-42.0 -30.5  5.05211
-42.0 -30.0  5.62435
-42.0 -29.5  6.29758
-42.0 -29.0  7.09482
-42.0 -28.5  8.04491
-42.0 -28.0  9.18358
-42.0 -27.5 10.55431
-42.0 -27.0 12.20806
-42.0 -26.5 14.20041
-42.0 -26.0 16.58354
-42.0 -25.5 19.38914
-42.0 -25.0 22.59872
-42.0 -24.5 26.10277
-42.0 -24.0 29.66300
-42.0 -23.5 32.90693
-42.0 -23.0 35.38239
-42.0 -22.5 36.66427
-42.0 -22.0 36.46372
-42.0 -21.5 34.68732
-42.0 -21.0 31.43191
-42.0 -20.5 26.93740
-42.0 -20.0 21.52762
-42.0 -19.5 15.55812
-42.0 -19.0  9.37813
-42.0 -18.5  3.32051
-42.0 -18.0 -2.21936
-42.0 -17.5 -7.24785
-42.0 -17.0 -21.20429
-42.0 -16.5 60.78890
-42.0 -16.0 31.27552
-42.0 -15.5 26.22177
-42.0 -15.0 23.63736
-42.0 -14.5 21.47827
-42.0 -14.0 19.59888
-42.0 -13.5 17.99072
-42.0 -13.0 16.63931
-42.0 -12.5 15.52660
-42.0 -12.0 14.63382
-42.0 -11.5 13.94214
-42.0 -11.0 13.43284
-42.0 -10.5 13.08748
-42.0 -10.0 12.88798
-42.0  -9.5 12.81675
-42.0  -9.0 12.85675
-42.0  -8.5 12.99158
-42.0  -8.0 13.20552
-42.0  -7.5 13.48361
-42.0  -7.0 13.81165
-42.0  -6.5 14.17626
-42.0  -6.0 14.56490
-42.0  -5.5 14.96590
-42.0  -5.0 15.36848
-42.0  -4.5 15.76275
-42.0  -4.0 16.13974
-42.0  -3.5 16.49140
-42.0  -3.0 16.81061
-42.0  -2.5 17.09120
-42.0  -2.0 17.32793
-42.0  -1.5 17.51650
-42.0  -1.0 17.65358
-42.0  -0.5 17.73678
-42.0   0.0 17.76468
-42.0   0.5 17.73678
-42.0   1.0 17.65358
-42.0   1.5 17.51650
-42.0   2.0 17.32793
-42.0   2.5 17.09120
-42.0   3.0 16.81061
-42.0   3.5 16.49140
-42.0   4.0 16.13974
-42.0   4.5 15.76275
-42.0   5.0 15.36848
-42.0   5.5 14.96590
-42.0   6.0 14.56490
-42.0   6.5 14.17626
-42.0   7.0 13.81165
-42.0   7.5 13.48361
-42.0   8.0 13.20552
-42.0   8.5 12.99158
-42.0   9.0 12.85675
-42.0   9.5 12.81675
-42.0  10.0 12.88798
-42.0  10.5 13.08748
-42.0  11.0 13.43284
-42.0  11.5 13.94214
-42.0  12.0 14.63382
-42.0  12.5 15.52660
-42.0  13.0 16.63931
-42.0  13.5 17.99072
-42.0  14.0 19.59888
-42.0  14.5 21.47827
-42.0  15.0 23.63736
-42.0  15.5 26.22177
-42.0  16.0 31.27552
-42.0  16.5 60.78890
-42.0  17.0 -21.20429
-42.0  17.5 -7.24785
-42.0  18.0 -2.21936
-42.0  18.5  3.32051
-42.0  19.0  9.37813
-42.0  19.5 15.55812
-42.0  20.0 21.52762
-42.0  20.5 26.93740
-42.0  21.0 31.43191
-42.0  21.5 34.68732
-42.0  22.0 36.46372
-42.0  22.5 36.66427
-42.0  23.0 35.38239
-42.0  23.5 32.90693
-42.0  24.0 29.66300
-42.0  24.5 26.10277
-42.0  25.0 22.59872
-42.0  25.5 19.38914
-42.0  26.0 16.58354
-42.0  26.5 14.20041
-42.0  27.0 12.20806
-42.0  27.5 10.55431
-42.0  28.0  9.18358
-42.0  28.5  8.04491
-42.0  29.0  7.09482
-42.0  29.5  6.29758
-42.0  30.0  5.62435
-42.0  30.5  5.05211
-42.0  31.0  4.56248
-42.0  31.5  4.14086
-42.0  32.0  3.77553
-42.0  32.5  3.45711
-42.0  33.0  3.17801
-42.0  33.5  2.93208
-42.0  34.0  2.71429
-42.0  34.5  2.52052
-42.0  35.0  2.34734
-42.0  35.5  2.19193
-42.0  36.0  2.05192
-42.0  36.5  1.92532
-42.0  37.0  1.81044
-42.0  37.5  1.70586
-42.0  38.0  1.61036
-42.0  38.5  1.52290
-42.0  39.0  1.44259
-42.0  39.5  1.36865
-42.0  40.0  1.30040
-42.0  40.5  1.23727
-42.0  41.0  1.17874
-42.0  41.5  1.12436
-42.0  42.0  1.07374
-42.0  42.5  1.02653
-42.0  43.0  0.98243
-42.0  43.5  0.94115
-42.0  44.0  0.90245
-42.0  44.5  0.86613
-42.0  45.0  0.83198
-41.5 -45.0  0.78192
-41.5 -44.5  0.81317
-41.5 -44.0  0.84637
-41.5 -43.5  0.88170
-41.5 -43.0  0.91934
-41.5 -42.5  0.95951
-41.5 -42.0  1.00245
-41.5 -41.5  1.04845
-41.5 -41.0  1.09780
-41.5 -40.5  1.15087
-41.5 -40.0  1.20805
-41.5 -39.5  1.26979
-41.5 -39.0  1.33663
-41.5 -38.5  1.40916
-41.5 -38.0  1.48808
-41.5 -37.5  1.57419
-41.5 -37.0  1.66845
-41.5 -36.5  1.77194
-41.5 -36.0  1.88597
-41.5 -35.5  2.01207
-41.5 -35.0  2.15208
-41.5 -34.5  2.30816
-41.5 -34.0  2.48297
-41.5 -33.5  2.67968
-41.5 -33.0  2.90221
-41.5 -32.5  3.15534
-41.5 -32.0  3.44502
-41.5 -31.5  3.77868
-41.5 -31.0  4.16566
-41.5 -30.5  4.61783
-41.5 -30.0  5.15039
-41.5 -29.5  5.78295
-41.5 -29.0  6.54097
-41.5 -28.5  7.45768
-41.5 -28.0  8.57652
-41.5 -27.5  9.95397
-41.5 -27.0 11.66239
-41.5 -26.5 13.79124
-41.5 -26.0 16.44315
-41.5 -25.5 19.71745
-41.5 -25.0 23.66956
-41.5 -24.5 28.23666
-41.5 -24.0 33.14297
-41.5 -23.5 37.84772
-41.5 -23.0 41.62344
-41.5 -22.5 43.76989
-41.5 -22.0 43.83551
-41.5 -21.5 41.71261
-41.5 -21.0 37.59472
-41.5 -20.5 31.86964
-41.5 -20.0 25.01400
-41.5 -19.5 17.53416
-41.5 -19.0 10.07194
-41.5 -18.5  2.41886
-41.5 -18.0 -21.29474
-41.5 -17.5 43.89493
-41.5 -17.0 32.90568
-41.5 -16.5 29.46917
-41.5 -16.0 26.90534
-41.5 -15.5 24.58775
-41.5 -15.0 22.50054
-41.5 -14.5 20.64687
-41.5 -14.0 19.02214
-41.5 -13.5 17.61816
-41.5 -13.0 16.42466
-41.5 -12.5 15.42983
-41.5 -12.0 14.62073
-41.5 -11.5 13.98360
-41.5 -11.0 13.50420
-41.5 -10.5 13.16799
-41.5 -10.0 12.96034
-41.5  -9.5 12.86674
-41.5  -9.0 12.87284
-41.5  -8.5 12.96467
-41.5  -8.0 13.12867
-41.5  -7.5 13.35178
-41.5  -7.0 13.62153
-41.5  -6.5 13.92607
-41.5  -6.0 14.25422
-41.5  -5.5 14.59554
-41.5  -5.0 14.94032
-41.5  -4.5 15.27962
-41.5  -4.0 15.60531
-41.5  -3.5 15.91007
-41.5  -3.0 16.18742
-41.5  -2.5 16.43170
-41.5  -2.0 16.63813
-41.5  -1.5 16.80277
-41.5  -1.0 16.92256
-41.5  -0.5 16.99531
-41.5   0.0 17.01971
-41.5   0.5 16.99531
-41.5   1.0 16.92256
-41.5   1.5 16.80277
-41.5   2.0 16.63813
-41.5   2.5 16.43170
-41.5   3.0 16.18742
-41.5   3.5 15.91007
-41.5   4.0 15.60531
-41.5   4.5 15.27962
-41.5   5.0 14.94032
-41.5   5.5 14.59554
-41.5   6.0 14.25422
-41.5   6.5 13.92607
-41.5   7.0 13.62153
-41.5   7.5 13.35178
-41.5   8.0 13.12867
-41.5   8.5 12.96467
-41.5   9.0 12.87284
-41.5   9.5 12.86674
-41.5  10.0 12.96034
-41.5  10.5 13.16799
-41.5  11.0 13.50420
-41.5  11.5 13.98360
-41.5  12.0 14.62073
-41.5  12.5 15.42983
-41.5  13.0 16.42466
-41.5  13.5 17.61816
-41.5  14.0 19.02214
-41.5  14.5 20.64687
-41.5  15.0 22.50054
-41.5  15.5 24.58775
-41.5  16.0 26.90534
-41.5  16.5 29.46917
-41.5  17.0 32.90568
-41.5  17.5 43.89493
-41.5  18.0 -21.29474
-41.5  18.5  2.41886
-41.5  19.0 10.07194
-41.5  19.5 17.53416
-41.5  20.0 25.01400
-41.5  20.5 31.86964
-41.5  21.0 37.59472
-41.5  21.5 41.71261
-41.5  22.0 43.83551
-41.5  22.5 43.76989
-41.5  23.0 41.62344
-41.5  23.5 37.84772
-41.5  24.0 33.14297
-41.5  24.5 28.23666
-41.5  25.0 23.66956
-41.5  25.5 19.71745
-41.5  26.0 16.44315
-41.5  26.5 13.79124
-41.5  27.0 11.66239
-41.5  27.5  9.95397
-41.5  28.0  8.57652
-41.5  28.5  7.45768
-41.5  29.0  6.54097
-41.5  29.5  5.78295
-41.5  30.0  5.15039
-41.5  30.5  4.61783
-41.5  31.0  4.16566
-41.5  31.5  3.77868
-41.5  32.0  3.44502
-41.5  32.5  3.15534
-41.5  33.0  2.90221
-41.5  33.5  2.67968
-41.5  34.0  2.48297
-41.5  34.5  2.30816
-41.5  35.0  2.15208
-41.5  35.5  2.01207
-41.5  36.0  1.88597
-41.5  36.5  1.77194
-41.5  37.0  1.66845
-41.5  37.5  1.57419
-41.5  38.0  1.48808
-41.5  38.5  1.40916
-41.5  39.0  1.33663
-41.5  39.5  1.26979
-41.5  40.0  1.20805
-41.5  40.5  1.15087
-41.5  41.0  1.09780
-41.5  41.5  1.04845
-41.5  42.0  1.00245
-41.5  42.5  0.95951
-41.5  43.0  0.91934
-41.5  43.5  0.88170
-41.5  44.0  0.84637
-41.5  44.5  0.81317
-41.5  45.0  0.78192
-41.0 -45.0  0.73007
-41.0 -44.5  0.75827
-41.0 -44.0  0.78817
-41.0 -43.5  0.81994
-41.0 -43.0  0.85372
-41.0 -42.5  0.88971
-41.0 -42.0  0.92812
-41.0 -41.5  0.96918
-41.0 -41.0  1.01316
-41.0 -40.5  1.06036
-41.0 -40.0  1.11113
-41.0 -39.5  1.16585
-41.0 -39.0  1.22498
-41.0 -38.5  1.28904
-41.0 -38.0  1.35862
-41.0 -37.5  1.43442
-41.0 -37.0  1.51725
-41.0 -36.5  1.60807
-41.0 -36.0  1.70800
-41.0 -35.5  1.81838
-41.0 -35.0  1.94080
-41.0 -34.5  2.07718
-41.0 -34.0  2.22984
-41.0 -33.5  2.40162
-41.0 -33.0  2.59599
-41.0 -32.5  2.81727
-41.0 -32.0  3.07086
-41.0 -31.5  3.36359
-41.0 -31.0  3.70418
-41.0 -30.5  4.10388
-41.0 -30.0  4.57739
-41.0 -29.5  5.14413
-41.0 -29.0  5.83011
-41.0 -28.5  6.67051
-41.0 -28.0  7.71352
-41.0 -27.5  9.02563
-41.0 -27.0 10.69880
-41.0 -26.5 12.85912
-41.0 -26.0 15.67410
-41.0 -25.5 19.34909
-41.0 -25.0 24.08899
-41.0 -24.5 29.98309
-41.0 -24.0 36.78868
-41.0 -23.5 43.72185
-41.0 -23.0 49.53956
-41.0 -22.5 53.01793
-41.0 -22.0 53.44769
-41.0 -21.5 50.76512
-41.0 -21.0 45.37610
-41.0 -20.5 37.91938
-41.0 -20.0 29.26182
-41.0 -19.5 19.67468
-41.0 -19.0 17.30421
-41.0 -18.5 38.45115
-41.0 -18.0 33.24515
-41.0 -17.5 30.85007
-41.0 -17.0 28.69445
-41.0 -16.5 26.60932
-41.0 -16.0 24.63273
-41.0 -15.5 22.79233
-41.0 -15.0 21.10496
-41.0 -14.5 19.58054
-41.0 -14.0 18.22369
-41.0 -13.5 17.03485
-41.0 -13.0 16.01117
-41.0 -12.5 15.14722
-41.0 -12.0 14.43556
-41.0 -11.5 13.86729
-41.0 -11.0 13.43235
-41.0 -10.5 13.11993
-41.0 -10.0 12.91871
-41.0  -9.5 12.81707
-41.0  -9.0 12.80328
-41.0  -8.5 12.86569
-41.0  -8.0 12.99280
-41.0  -7.5 13.17342
-41.0  -7.0 13.39674
-41.0  -6.5 13.65238
-41.0  -6.0 13.93051
-41.0  -5.5 14.22186
-41.0  -5.0 14.51777
-41.0  -4.5 14.81024
-41.0  -4.0 15.09195
-41.0  -3.5 15.35630
-41.0  -3.0 15.59743
-41.0  -2.5 15.81019
-41.0  -2.0 15.99025
-41.0  -1.5 16.13403
-41.0  -1.0 16.23872
-41.0  -0.5 16.30234
-41.0   0.0 16.32368
-41.0   0.5 16.30234
-41.0   1.0 16.23872
-41.0   1.5 16.13403
-41.0   2.0 15.99025
-41.0   2.5 15.81019
-41.0   3.0 15.59743
-41.0   3.5 15.35630
-41.0   4.0 15.09195
-41.0   4.5 14.81024
-41.0   5.0 14.51777
-41.0   5.5 14.22186
-41.0   6.0 13.93051
-41.0   6.5 13.65238
-41.0   7.0 13.39674
-41.0   7.5 13.17342
-41.0   8.0 12.99280
-41.0   8.5 12.86569
-41.0   9.0 12.80328
-41.0   9.5 12.81707
-41.0  10.0 12.91871
-41.0  10.5 13.11993
-41.0  11.0 13.43235
-41.0  11.5 13.86729
-41.0  12.0 14.43556
-41.0  12.5 15.14722
-41.0  13.0 16.01117
-41.0  13.5 17.03485
-41.0  14.0 18.22369
-41.0  14.5 19.58054
-41.0  15.0 21.10496
-41.0  15.5 22.79233
-41.0  16.0 24.63273
-41.0  16.5 26.60932
-41.0  17.0 28.69445
-41.0  17.5 30.85007
-41.0  18.0 33.24515
-41.0  18.5 38.45115
-41.0  19.0 17.30421
-41.0  19.5 19.67468
-41.0  20.0 29.26182
-41.0  20.5 37.91938
-41.0  21.0 45.37610
-41.0  21.5 50.76512
-41.0  22.0 53.44769
-41.0  22.5 53.01793
-41.0  23.0 49.53956
-41.0  23.5 43.72185
-41.0  24.0 36.78868
-41.0  24.5 29.98309
-41.0  25.0 24.08899
-41.0  25.5 19.34909
-41.0  26.0 15.67410
-41.0  26.5 12.85912
-41.0  27.0 10.69880
-41.0  27.5  9.02563
-41.0  28.0  7.71352
-41.0  28.5  6.67051
-41.0  29.0  5.83011
-41.0  29.5  5.14413
-41.0  30.0  4.57739
-41.0  30.5  4.10388
-41.0  31.0  3.70418
-41.0  31.5  3.36359
-41.0  32.0  3.07086
-41.0  32.5  2.81727
-41.0  33.0  2.59599
-41.0  33.5  2.40162
-41.0  34.0  2.22984
-41.0  34.5  2.07718
-41.0  35.0  1.94080
-41.0  35.5  1.81838
-41.0  36.0  1.70800
-41.0  36.5  1.60807
-41.0  37.0  1.51725
-41.0  37.5  1.43442
-41.0  38.0  1.35862
-41.0  38.5  1.28904
-41.0  39.0  1.22498
-41.0  39.5  1.16585
-41.0  40.0  1.11113
-41.0  40.5  1.06036
-41.0  41.0  1.01316
-41.0  41.5  0.96918
-41.0  42.0  0.92812
-41.0  42.5  0.88971
-41.0  43.0  0.85372
-41.0  43.5  0.81994
-41.0  44.0  0.78817
-41.0  44.5  0.75827
-41.0  45.0  0.73007
-40.5 -45.0  0.67665
-40.5 -44.5  0.70166
-40.5 -44.0  0.72812
-40.5 -43.5  0.75615
-40.5 -43.0  0.78590
-40.5 -42.5  0.81750
-40.5 -42.0  0.85114
-40.5 -41.5  0.88700
-40.5 -41.0  0.92531
-40.5 -40.5  0.96630
-40.5 -40.0  1.01027
-40.5 -39.5  1.05752
-40.5 -39.0  1.10843
-40.5 -38.5  1.16341
-40.5 -38.0  1.22296
-40.5 -37.5  1.28763
-40.5 -37.0  1.35809
-40.5 -36.5  1.43512
-40.5 -36.0  1.51962
-40.5 -35.5  1.61269
-40.5 -35.0  1.71563
-40.5 -34.5  1.83000
-40.5 -34.0  1.95771
-40.5 -33.5  2.10110
-40.5 -33.0  2.26303
-40.5 -32.5  2.44711
-40.5 -32.0  2.65787
-40.5 -31.5  2.90107
-40.5 -31.0  3.18416
-40.5 -30.5  3.51690
-40.5 -30.0  3.91223
-40.5 -29.5  4.38759
-40.5 -29.0  4.96694
-40.5 -28.5  5.68372
-40.5 -28.0  6.58562
-40.5 -27.5  7.74193
-40.5 -27.0  9.25520
-40.5 -26.5 11.27950
-40.5 -26.0 14.04707
-40.5 -25.5 17.90001
-40.5 -25.0 23.30007
-40.5 -24.5 30.71912
-40.5 -24.0 40.21549
-40.5 -23.5 50.71429
-40.5 -23.0 59.89427
-40.5 -22.5 65.43160
-40.5 -22.0 66.24830
-40.5 -21.5 62.50930
-40.5 -21.0 55.20815
-40.5 -20.5 47.78505
-40.5 -20.0 22.94477
-40.5 -19.5 30.33611
-40.5 -19.0 29.41840
-40.5 -18.5 28.67591
-40.5 -18.0 27.66258
-40.5 -17.5 26.42033
-40.5 -17.0 25.05082
-40.5 -16.5 23.62970
-40.5 -16.0 22.21281
-40.5 -15.5 20.84143
-40.5 -15.0 19.54550
-40.5 -14.5 18.34595
-40.5 -14.0 17.25668
-40.5 -13.5 16.28596
-40.5 -13.0 15.43763
-40.5 -12.5 14.71205
-40.5 -12.0 14.10685
-40.5 -11.5 13.61751
-40.5 -11.0 13.23789
-40.5 -10.5 12.96064
-40.5 -10.0 12.77749
-40.5  -9.5 12.67955
-40.5  -9.0 12.65756
-40.5  -8.5 12.70205
-40.5  -8.0 12.80349
-40.5  -7.5 12.95245
-40.5  -7.0 13.13970
-40.5  -6.5 13.35630
-40.5  -6.0 13.59369
-40.5  -5.5 13.84373
-40.5  -5.0 14.09877
-40.5  -4.5 14.35173
-40.5  -4.0 14.59607
-40.5  -3.5 14.82589
-40.5  -3.0 15.03591
-40.5  -2.5 15.22153
-40.5  -2.0 15.37880
-40.5  -1.5 15.50450
-40.5  -1.0 15.59610
-40.5  -0.5 15.65179
-40.5   0.0 15.67047
-40.5   0.5 15.65179
-40.5   1.0 15.59610
-40.5   1.5 15.50450
-40.5   2.0 15.37880
-40.5   2.5 15.22153
-40.5   3.0 15.03591
-40.5   3.5 14.82589
-40.5   4.0 14.59607
-40.5   4.5 14.35173
-40.5   5.0 14.09877
-40.5   5.5 13.84373
-40.5   6.0 13.59369
-40.5   6.5 13.35630
-40.5   7.0 13.13970
-40.5   7.5 12.95245
-40.5   8.0 12.80349
-40.5   8.5 12.70205
-40.5   9.0 12.65756
-40.5   9.5 12.67955
-40.5  10.0 12.77749
-40.5  10.5 12.96064
-40.5  11.0 13.23789
-40.5  11.5 13.61751
-40.5  12.0 14.10685
-40.5  12.5 14.71205
-40.5  13.0 15.43763
-40.5  13.5 16.28596
-40.5  14.0 17.25668
-40.5  14.5 18.34595
-40.5  15.0 19.54550
-40.5  15.5 20.84143
-40.5  16.0 22.21281
-40.5  16.5 23.62970
-40.5  17.0 25.05082
-40.5  17.5 26.42033
-40.5  18.0 27.66258
-40.5  18.5 28.67591
-40.5  19.0 29.41840
-40.5  19.5 30.33611
-40.5  20.0 22.94477
-40.5  20.5 47.78505
-40.5  21.0 55.20815
-40.5  21.5 62.50930
-40.5  22.0 66.24830
-40.5  22.5 65.43160
-40.5  23.0 59.89427
-40.5  23.5 50.71429
-40.5  24.0 40.21549
-40.5  24.5 30.71912
-40.5  25.0 23.30007
-40.5  25.5 17.90001
-40.5  26.0 14.04707
-40.5  26.5 11.27950
-40.5  27.0  9.25520
-40.5  27.5  7.74193
-40.5  28.0  6.58562
-40.5  28.5  5.68372
-40.5  29.0  4.96694
-40.5  29.5  4.38759
-40.5  30.0  3.91223
-40.5  30.5  3.51690
-40.5  31.0  3.18416
-40.5  31.5  2.90107
-40.5  32.0  2.65787
-40.5  32.5  2.44711
-40.5  33.0  2.26303
-40.5  33.5  2.10110
-40.5  34.0  1.95771
-40.5  34.5  1.83000
-40.5  35.0  1.71563
-40.5  35.5  1.61269
-40.5  36.0  1.51962
-40.5  36.5  1.43512
-40.5  37.0  1.35809
-40.5  37.5  1.28763
-40.5  38.0  1.22296
-40.5  38.5  1.16341
-40.5  39.0  1.10843
-40.5  39.5  1.05752
-40.5  40.0  1.01027
-40.5  40.5  0.96630
-40.5  41.0  0.92531
-40.5  41.5  0.88700
-40.5  42.0  0.85114
-40.5  42.5  0.81750
-40.5  43.0  0.78590
-40.5  43.5  0.75615
-40.5  44.0  0.72812
-40.5  44.5  0.70166
-40.5  45.0  0.67665
-40.0 -45.0  0.62189
-40.0 -44.5  0.64360
-40.0 -44.0  0.66650
-40.0 -43.5  0.69067
-40.0 -43.0  0.71622
-40.0 -42.5  0.74326
-40.0 -42.0  0.77194
-40.0 -41.5  0.80239
-40.0 -41.0  0.83477
-40.0 -40.5  0.86928
-40.0 -40.0  0.90613
-40.0 -39.5  0.94555
-40.0 -39.0  0.98781
-40.0 -38.5  1.03324
-40.0 -38.0  1.08219
-40.0 -37.5  1.13508
-40.0 -37.0  1.19240
-40.0 -36.5  1.25472
-40.0 -36.0  1.32271
-40.0 -35.5  1.39718
-40.0 -35.0  1.47907
-40.0 -34.5  1.56955
-40.0 -34.0  1.67000
-40.0 -33.5  1.78214
-40.0 -33.0  1.90809
-40.0 -32.5  2.05049
-40.0 -32.0  2.21270
-40.0 -31.5  2.39902
-40.0 -31.0  2.61502
-40.0 -30.5  2.86807
-40.0 -30.0  3.16808
-40.0 -29.5  3.52861
-40.0 -29.0  3.96862
-40.0 -28.5  4.51530
-40.0 -28.0  5.20870
-40.0 -27.5  6.10958
-40.0 -27.0  7.31335
-40.0 -26.5  8.97524
-40.0 -26.0 11.35722
-40.0 -25.5 14.91434
-40.0 -25.0 20.43727
-40.0 -24.5 29.17558
-40.0 -24.0 42.37504
-40.0 -23.5 59.02796
-40.0 -23.0 74.14546
-40.0 -22.5 82.72287
-40.0 -22.0 83.64486
-40.0 -21.5 85.89392
-40.0 -21.0 -173.09612
-40.0 -20.5 13.56609
-40.0 -20.0 18.33681
-40.0 -19.5 20.62984
-40.0 -19.0 21.94841
-40.0 -18.5 22.49429
-40.0 -18.0 22.48843
-40.0 -17.5 22.09877
-40.0 -17.0 21.45174
-40.0 -16.5 20.64311
-40.0 -16.0 19.74548
-40.0 -15.5 18.81362
-40.0 -15.0 17.88846
-40.0 -14.5 17.00017
-40.0 -14.0 16.17040
-40.0 -13.5 15.41410
-40.0 -13.0 14.74088
-40.0 -12.5 14.15616
-40.0 -12.0 13.66199
-40.0 -11.5 13.25780
-40.0 -11.0 12.94093
-40.0 -10.5 12.70715
-40.0 -10.0 12.55098
-40.0  -9.5 12.46606
-40.0  -9.0 12.44537
-40.0  -8.5 12.48147
-40.0  -8.0 12.56668
-40.0  -7.5 12.69323
-40.0  -7.0 12.85337
-40.0  -6.5 13.03951
-40.0  -6.0 13.24430
-40.0  -5.5 13.46067
-40.0  -5.0 13.68197
-40.0  -4.5 13.90194
-40.0  -4.0 14.11483
-40.0  -3.5 14.31539
-40.0  -3.0 14.49892
-40.0  -2.5 14.66131
-40.0  -2.0 14.79904
-40.0  -1.5 14.90920
-40.0  -1.0 14.98951
-40.0  -0.5 15.03835
-40.0   0.0 15.05475
-40.0   0.5 15.03835
-40.0   1.0 14.98951
-40.0   1.5 14.90920
-40.0   2.0 14.79904
-40.0   2.5 14.66131
-40.0   3.0 14.49892
-40.0   3.5 14.31539
-40.0   4.0 14.11483
-40.0   4.5 13.90194
-40.0   5.0 13.68197
-40.0   5.5 13.46067
-40.0   6.0 13.24430
-40.0   6.5 13.03951
-40.0   7.0 12.85337
-40.0   7.5 12.69323
-40.0   8.0 12.56668
-40.0   8.5 12.48147
-40.0   9.0 12.44537
-40.0   9.5 12.46606
-40.0  10.0 12.55098
-40.0  10.5 12.70715
-40.0  11.0 12.94093
-40.0  11.5 13.25780
-40.0  12.0 13.66199
-40.0  12.5 14.15616
-40.0  13.0 14.74088
-40.0  13.5 15.41410
-40.0  14.0 16.17040
-40.0  14.5 17.00017
-40.0  15.0 17.88846
-40.0  15.5 18.81362
-40.0  16.0 19.74548
-40.0  16.5 20.64311
-40.0  17.0 21.45174
-40.0  17.5 22.09877
-40.0  18.0 22.48843
-40.0  18.5 22.49429
-40.0  19.0 21.94841
-40.0  19.5 20.62984
-40.0  20.0 18.33681
-40.0  20.5 13.56609
-40.0  21.0 -173.09612
-40.0  21.5 85.89392
-40.0  22.0 83.64486
-40.0  22.5 82.72287
-40.0  23.0 74.14546
-40.0  23.5 59.02796
-40.0  24.0 42.37504
-40.0  24.5 29.17558
-40.0  25.0 20.43727
-40.0  25.5 14.91434
-40.0  26.0 11.35722
-40.0  26.5  8.97524
-40.0  27.0  7.31335
-40.0  27.5  6.10958
-40.0  28.0  5.20870
-40.0  28.5  4.51530
-40.0  29.0  3.96862
-40.0  29.5  3.52861
-40.0  30.0  3.16808
-40.0  30.5  2.86807
-40.0  31.0  2.61502
-40.0  31.5  2.39902
-40.0  32.0  2.21270
-40.0  32.5  2.05049
-40.0  33.0  1.90809
-40.0  33.5  1.78214
-40.0  34.0  1.67000
-40.0  34.5  1.56955
-40.0  35.0  1.47907
-40.0  35.5  1.39718
-40.0  36.0  1.32271
-40.0  36.5  1.25472
-40.0  37.0  1.19240
-40.0  37.5  1.13508
-40.0  38.0  1.08219
-40.0  38.5  1.03324
-40.0  39.0  0.98781
-40.0  39.5  0.94555
-40.0  40.0  0.90613
-40.0  40.5  0.86928
-40.0  41.0  0.83477
-40.0  41.5  0.80239
-40.0  42.0  0.77194
-40.0  42.5  0.74326
-40.0  43.0  0.71622
-40.0  43.5  0.69067
-40.0  44.0  0.66650
-40.0  44.5  0.64360
-40.0  45.0  0.62189
-39.5 -45.0  0.56604
-39.5 -44.5  0.58437
-39.5 -44.0  0.60360
-39.5 -43.5  0.62380
-39.5 -43.0  0.64504
-39.5 -42.5  0.66740
-39.5 -42.0  0.69096
-39.5 -41.5  0.71583
-39.5 -41.0  0.74211
-39.5 -40.5  0.76993
-39.5 -40.0  0.79942
-39.5 -39.5  0.83073
-39.5 -39.0  0.86404
-39.5 -38.5  0.89955
-39.5 -38.0  0.93749
-39.5 -37.5  0.97811
-39.5 -37.0  1.02172
-39.5 -36.5  1.06866
-39.5 -36.0  1.11935
-39.5 -35.5  1.17427
-39.5 -35.0  1.23398
-39.5 -34.5  1.29918
-39.5 -34.0  1.37067
-39.5 -33.5  1.44947
-39.5 -33.0  1.53681
-39.5 -32.5  1.63422
-39.5 -32.0  1.74365
-39.5 -31.5  1.86757
-39.5 -31.0  2.00923
-39.5 -30.5  2.17288
-39.5 -30.0  2.36430
-39.5 -29.5  2.59147
-39.5 -29.0  2.86569
-39.5 -28.5  3.20347
-39.5 -28.0  3.62976
-39.5 -27.5  4.18377
-39.5 -27.0  4.93011
-39.5 -26.5  5.98131
-39.5 -26.0  7.54689
-39.5 -25.5 10.04893
-39.5 -25.0 14.41628
-39.5 -24.5 22.84762
-39.5 -24.0 40.12047
-39.5 -23.5 68.88387
-39.5 -23.0 95.76280
-39.5 -22.5 119.36678
-39.5 -22.0 -45.00016
-39.5 -21.5 -18.37819
-39.5 -21.0 -4.35905
-39.5 -20.5  3.41476
-39.5 -20.0  9.00852
-39.5 -19.5 12.81162
-39.5 -19.0 15.30606
-39.5 -18.5 16.84592
-39.5 -18.0 17.68963
-39.5 -17.5 18.02949
-39.5 -17.0 18.01043
-39.5 -16.5 17.74260
-39.5 -16.0 17.31012
-39.5 -15.5 16.77731
-39.5 -15.0 16.19316
-39.5 -14.5 15.59476
-39.5 -14.0 15.00978
-39.5 -13.5 14.45845
-39.5 -13.0 13.95509
-39.5 -12.5 13.50928
-39.5 -12.0 13.12682
-39.5 -11.5 12.81049
-39.5 -11.0 12.56068
-39.5 -10.5 12.37589
-39.5 -10.0 12.25312
-39.5  -9.5 12.18826
-39.5  -9.0 12.17633
-39.5  -8.5 12.21176
-39.5  -8.0 12.28855
-39.5  -7.5 12.40044
-39.5  -7.0 12.54108
-39.5  -6.5 12.70414
-39.5  -6.0 12.88338
-39.5  -5.5 13.07277
-39.5  -5.0 13.26656
-39.5  -4.5 13.45932
-39.5  -4.0 13.64600
-39.5  -3.5 13.82200
-39.5  -3.0 13.98318
-39.5  -2.5 14.12587
-39.5  -2.0 14.24695
-39.5  -1.5 14.34384
-39.5  -1.0 14.41450
-39.5  -0.5 14.45748
-39.5   0.0 14.47191
-39.5   0.5 14.45748
-39.5   1.0 14.41450
-39.5   1.5 14.34384
-39.5   2.0 14.24695
-39.5   2.5 14.12587
-39.5   3.0 13.98318
-39.5   3.5 13.82200
-39.5   4.0 13.64600
-39.5   4.5 13.45932
-39.5   5.0 13.26656
-39.5   5.5 13.07277
-39.5   6.0 12.88338
-39.5   6.5 12.70414
-39.5   7.0 12.54108
-39.5   7.5 12.40044
-39.5   8.0 12.28855
-39.5   8.5 12.21176
-39.5   9.0 12.17633
-39.5   9.5 12.18826
-39.5  10.0 12.25312
-39.5  10.5 12.37589
-39.5  11.0 12.56068
-39.5  11.5 12.81049
-39.5  12.0 13.12682
-39.5  12.5 13.50928
-39.5  13.0 13.95509
-39.5  13.5 14.45845
-39.5  14.0 15.00978
-39.5  14.5 15.59476
-39.5  15.0 16.19316
-39.5  15.5 16.77731
-39.5  16.0 17.31012
-39.5  16.5 17.74260
-39.5  17.0 18.01043
-39.5  17.5 18.02949
-39.5  18.0 17.68963
-39.5  18.5 16.84592
-39.5  19.0 15.30606
-39.5  19.5 12.81162
-39.5  20.0  9.00852
-39.5  20.5  3.41476
-39.5  21.0 -4.35905
-39.5  21.5 -18.37819
-39.5  22.0 -45.00016
-39.5  22.5 119.36678
-39.5  23.0 95.76280
-39.5  23.5 68.88387
-39.5  24.0 40.12047
-39.5  24.5 22.84762
-39.5  25.0 14.41628
-39.5  25.5 10.04893
-39.5  26.0  7.54689
-39.5  26.5  5.98131
-39.5  27.0  4.93011
-39.5  27.5  4.18377
-39.5  28.0  3.62976
-39.5  28.5  3.20347
-39.5  29.0  2.86569
-39.5  29.5  2.59147
-39.5  30.0  2.36430
-39.5  30.5  2.17288
-39.5  31.0  2.00923
-39.5  31.5  1.86757
-39.5  32.0  1.74365
-39.5  32.5  1.63422
-39.5  33.0  1.53681
-39.5  33.5  1.44947
-39.5  34.0  1.37067
-39.5  34.5  1.29918
-39.5  35.0  1.23398
-39.5  35.5  1.17427
-39.5  36.0  1.11935
-39.5  36.5  1.06866
-39.5  37.0  1.02172
-39.5  37.5  0.97811
-39.5  38.0  0.93749
-39.5  38.5  0.89955
-39.5  39.0  0.86404
-39.5  39.5  0.83073
-39.5  40.0  0.79942
-39.5  40.5  0.76993
-39.5  41.0  0.74211
-39.5  41.5  0.71583
-39.5  42.0  0.69096
-39.5  42.5  0.66740
-39.5  43.0  0.64504
-39.5  43.5  0.62380
-39.5  44.0  0.60360
-39.5  44.5  0.58437
-39.5  45.0  0.56604
-39.0 -45.0  0.50934
-39.0 -44.5  0.52423
-39.0 -44.0  0.53974
-39.0 -43.5  0.55590
-39.0 -43.0  0.57275
-39.0 -42.5  0.59033
-39.0 -42.0  0.60869
-39.0 -41.5  0.62787
-39.0 -41.0  0.64792
-39.0 -40.5  0.66891
-39.0 -40.0  0.69088
-39.0 -39.5  0.71391
-39.0 -39.0  0.73807
-39.0 -38.5  0.76344
-39.0 -38.0  0.79011
-39.0 -37.5  0.81816
-39.0 -37.0  0.84771
-39.0 -36.5  0.87887
-39.0 -36.0  0.91178
-39.0 -35.5  0.94658
-39.0 -35.0  0.98344
-39.0 -34.5  1.02253
-39.0 -34.0  1.06407
-39.0 -33.5  1.10831
-39.0 -33.0  1.15551
-39.0 -32.5  1.20602
-39.0 -32.0  1.26022
-39.0 -31.5  1.31858
-39.0 -31.0  1.38168
-39.0 -30.5  1.45026
-39.0 -30.0  1.52530
-39.0 -29.5  1.60810
-39.0 -29.0  1.70054
-39.0 -28.5  1.80539
-39.0 -28.0  1.92706
-39.0 -27.5  2.07299
-39.0 -27.0  2.25660
-39.0 -26.5  2.50430
-39.0 -26.0  2.87314
-39.0 -25.5  3.50239
-39.0 -25.0  4.79169
-39.0 -24.5  8.19436
-39.0 -24.0 21.39568
-39.0 -23.5 91.32450
-39.0 -23.0 137.17826
-39.0 -22.5 -73.97281
-39.0 -22.0 -45.29236
-39.0 -21.5 -27.60356
-39.0 -21.0 -14.44520
-39.0 -20.5 -5.11039
-39.0 -20.0  1.54479
-39.0 -19.5  6.27756
-39.0 -19.0  9.60201
-39.0 -18.5 11.88290
-39.0 -18.0 13.38695
-39.0 -17.5 14.31344
-39.0 -17.0 14.81362
-39.0 -16.5 15.00347
-39.0 -16.0 14.97259
-39.0 -15.5 14.79037
-39.0 -15.0 14.51057
-39.0 -14.5 14.17470
-39.0 -14.0 13.81451
-39.0 -13.5 13.45405
-39.0 -13.0 13.11113
-39.0 -12.5 12.79856
-39.0 -12.0 12.52513
-39.0 -11.5 12.29636
-39.0 -11.0 12.11518
-39.0 -10.5 11.98241
-39.0 -10.0 11.89721
-39.0  -9.5 11.85742
-39.0  -9.0 11.85988
-39.0  -8.5 11.90066
-39.0  -8.0 11.97529
-39.0  -7.5 12.07890
-39.0  -7.0 12.20640
-39.0  -6.5 12.35261
-39.0  -6.0 12.51235
-39.0  -5.5 12.68053
-39.0  -5.0 12.85224
-39.0  -4.5 13.02284
-39.0  -4.0 13.18794
-39.0  -3.5 13.34354
-39.0  -3.0 13.48600
-39.0  -2.5 13.61212
-39.0  -2.0 13.71915
-39.0  -1.5 13.80480
-39.0  -1.0 13.86727
-39.0  -0.5 13.90527
-39.0   0.0 13.91802
-39.0   0.5 13.90527
-39.0   1.0 13.86727
-39.0   1.5 13.80480
-39.0   2.0 13.71915
-39.0   2.5 13.61212
-39.0   3.0 13.48600
-39.0   3.5 13.34354
-39.0   4.0 13.18794
-39.0   4.5 13.02284
-39.0   5.0 12.85224
-39.0   5.5 12.68053
-39.0   6.0 12.51235
-39.0   6.5 12.35261
-39.0   7.0 12.20640
-39.0   7.5 12.07890
-39.0   8.0 11.97529
-39.0   8.5 11.90066
-39.0   9.0 11.85988
-39.0   9.5 11.85742
-39.0  10.0 11.89721
-39.0  10.5 11.98241
-39.0  11.0 12.11518
-39.0  11.5 12.29636
-39.0  12.0 12.52513
-39.0  12.5 12.79856
-39.0  13.0 13.11113
-39.0  13.5 13.45405
-39.0  14.0 13.81451
-39.0  14.5 14.17470
-39.0  15.0 14.51057
-39.0  15.5 14.79037
-39.0  16.0 14.97259
-39.0  16.5 15.00347
-39.0  17.0 14.81362
-39.0  17.5 14.31344
-39.0  18.0 13.38695
-39.0  18.5 11.88290
-39.0  19.0  9.60201
-39.0  19.5  6.27756
-39.0  20.0  1.54479
-39.0  20.5 -5.11039
-39.0  21.0 -14.44520
-39.0  21.5 -27.60356
-39.0  22.0 -45.29236
-39.0  22.5 -73.97281
-39.0  23.0 137.17826
-39.0  23.5 91.32450
-39.0  24.0 21.39568
-39.0  24.5  8.19436
-39.0  25.0  4.79169
-39.0  25.5  3.50239
-39.0  26.0  2.87314
-39.0  26.5  2.50430
-39.0  27.0  2.25660
-39.0  27.5  2.07299
-39.0  28.0  1.92706
-39.0  28.5  1.80539
-39.0  29.0  1.70054
-39.0  29.5  1.60810
-39.0  30.0  1.52530
-39.0  30.5  1.45026
-39.0  31.0  1.38168
-39.0  31.5  1.31858
-39.0  32.0  1.26022
-39.0  32.5  1.20602
-39.0  33.0  1.15551
-39.0  33.5  1.10831
-39.0  34.0  1.06407
-39.0  34.5  1.02253
-39.0  35.0  0.98344
-39.0  35.5  0.94658
-39.0  36.0  0.91178
-39.0  36.5  0.87887
-39.0  37.0  0.84771
-39.0  37.5  0.81816
-39.0  38.0  0.79011
-39.0  38.5  0.76344
-39.0  39.0  0.73807
-39.0  39.5  0.71391
-39.0  40.0  0.69088
-39.0  40.5  0.66891
-39.0  41.0  0.64792
-39.0  41.5  0.62787
-39.0  42.0  0.60869
-39.0  42.5  0.59033
-39.0  43.0  0.57275
-39.0  43.5  0.55590
-39.0  44.0  0.53974
-39.0  44.5  0.52423
-39.0  45.0  0.50934
-38.5 -45.0  0.45206
-38.5 -44.5  0.46348
-38.5 -44.0  0.47522
-38.5 -43.5  0.48730
-38.5 -43.0  0.49973
-38.5 -42.5  0.51249
-38.5 -42.0  0.52559
-38.5 -41.5  0.53903
-38.5 -41.0  0.55281
-38.5 -40.5  0.56690
-38.5 -40.0  0.58130
-38.5 -39.5  0.59597
-38.5 -39.0  0.61090
-38.5 -38.5  0.62604
-38.5 -38.0  0.64134
-38.5 -37.5  0.65672
-38.5 -37.0  0.67209
-38.5 -36.5  0.68734
-38.5 -36.0  0.70233
-38.5 -35.5  0.71684
-38.5 -35.0  0.73065
-38.5 -34.5  0.74344
-38.5 -34.0  0.75479
-38.5 -33.5  0.76418
-38.5 -33.0  0.77093
-38.5 -32.5  0.77414
-38.5 -32.0  0.77264
-38.5 -31.5  0.76486
-38.5 -31.0  0.74869
-38.5 -30.5  0.72126
-38.5 -30.0  0.67863
-38.5 -29.5  0.61525
-38.5 -29.0  0.52321
-38.5 -28.5  0.39094
-38.5 -28.0  0.20102
-38.5 -27.5 -0.07357
-38.5 -27.0 -0.47658
-38.5 -26.5 -1.08262
-38.5 -26.0 -2.02793
-38.5 -25.5 -3.58598
-38.5 -25.0 -6.38766
-38.5 -24.5 -12.26265
-38.5 -24.0 -29.54940
-38.5 -23.5 -164.34220
-38.5 -23.0 -110.88715
-38.5 -22.5 -76.52865
-38.5 -22.0 -51.04580
-38.5 -21.5 -33.27266
-38.5 -21.0 -20.44268
-38.5 -20.5 -11.01364
-38.5 -20.0 -4.03556
-38.5 -19.5  1.12793
-38.5 -19.0  4.92571
-38.5 -18.5  7.68579
-38.5 -18.0  9.65399
-38.5 -17.5 11.01795
-38.5 -17.0 11.92279
-38.5 -16.5 12.48176
-38.5 -16.0 12.78381
-38.5 -15.5 12.89898
-38.5 -15.0 12.88246
-38.5 -14.5 12.77766
-38.5 -14.0 12.61850
-38.5 -13.5 12.43129
-38.5 -13.0 12.23614
-38.5 -12.5 12.04816
-38.5 -12.0 11.87833
-38.5 -11.5 11.73429
-38.5 -11.0 11.62099
-38.5 -10.5 11.54115
-38.5 -10.0 11.49572
-38.5  -9.5 11.48421
-38.5  -9.0 11.50501
-38.5  -8.5 11.55566
-38.5  -8.0 11.63301
-38.5  -7.5 11.73345
-38.5  -7.0 11.85301
-38.5  -6.5 11.98758
-38.5  -6.0 12.13291
-38.5  -5.5 12.28479
-38.5  -5.0 12.43911
-38.5  -4.5 12.59190
-38.5  -4.0 12.73944
-38.5  -3.5 12.87827
-38.5  -3.0 13.00524
-38.5  -2.5 13.11755
-38.5  -2.0 13.21282
-38.5  -1.5 13.28902
-38.5  -1.0 13.34459
-38.5  -0.5 13.37839
-38.5   0.0 13.38973
-38.5   0.5 13.37839
-38.5   1.0 13.34459
-38.5   1.5 13.28902
-38.5   2.0 13.21282
-38.5   2.5 13.11755
-38.5   3.0 13.00524
-38.5   3.5 12.87827
-38.5   4.0 12.73944
-38.5   4.5 12.59190
-38.5   5.0 12.43911
-38.5   5.5 12.28479
-38.5   6.0 12.13291
-38.5   6.5 11.98758
-38.5   7.0 11.85301
-38.5   7.5 11.73345
-38.5   8.0 11.63301
-38.5   8.5 11.55566
-38.5   9.0 11.50501
-38.5   9.5 11.48421
-38.5  10.0 11.49572
-38.5  10.5 11.54115
-38.5  11.0 11.62099
-38.5  11.5 11.73429
-38.5  12.0 11.87833
-38.5  12.5 12.04816
-38.5  13.0 12.23614
-38.5  13.5 12.43129
-38.5  14.0 12.61850
-38.5  14.5 12.77766
-38.5  15.0 12.88246
-38.5  15.5 12.89898
-38.5  16.0 12.78381
-38.5  16.5 12.48176
-38.5  17.0 11.92279
-38.5  17.5 11.01795
-38.5  18.0  9.65399
-38.5  18.5  7.68579
-38.5  19.0  4.92571
-38.5  19.5  1.12793
-38.5  20.0 -4.03556
-38.5  20.5 -11.01364
-38.5  21.0 -20.44268
-38.5  21.5 -33.27266
-38.5  22.0 -51.04580
-38.5  22.5 -76.52865
-38.5  23.0 -110.88715
-38.5  23.5 -164.34220
-38.5  24.0 -29.54940
-38.5  24.5 -12.26265
-38.5  25.0 -6.38766
-38.5  25.5 -3.58598
-38.5  26.0 -2.02793
-38.5  26.5 -1.08262
-38.5  27.0 -0.47658
-38.5  27.5 -0.07357
-38.5  28.0  0.20102
-38.5  28.5  0.39094
-38.5  29.0  0.52321
-38.5  29.5  0.61525
-38.5  30.0  0.67863
-38.5  30.5  0.72126
-38.5  31.0  0.74869
-38.5  31.5  0.76486
-38.5  32.0  0.77264
-38.5  32.5  0.77414
-38.5  33.0  0.77093
-38.5  33.5  0.76418
-38.5  34.0  0.75479
-38.5  34.5  0.74344
-38.5  35.0  0.73065
-38.5  35.5  0.71684
-38.5  36.0  0.70233
-38.5  36.5  0.68734
-38.5  37.0  0.67209
-38.5  37.5  0.65672
-38.5  38.0  0.64134
-38.5  38.5  0.62604
-38.5  39.0  0.61090
-38.5  39.5  0.59597
-38.5  40.0  0.58130
-38.5  40.5  0.56690
-38.5  41.0  0.55281
-38.5  41.5  0.53903
-38.5  42.0  0.52559
-38.5  42.5  0.51249
-38.5  43.0  0.49973
-38.5  43.5  0.48730
-38.5  44.0  0.47522
-38.5  44.5  0.46348
-38.5  45.0  0.45206
-38.0 -45.0  0.39445
-38.0 -44.5  0.40239
-38.0 -44.0  0.41037
-38.0 -43.5  0.41837
-38.0 -43.0  0.42636
-38.0 -42.5  0.43431
-38.0 -42.0  0.44216
-38.0 -41.5  0.44987
-38.0 -41.0  0.45737
-38.0 -40.5  0.46458
-38.0 -40.0  0.47142
-38.0 -39.5  0.47778
-38.0 -39.0  0.48352
-38.0 -38.5  0.48848
-38.0 -38.0  0.49248
-38.0 -37.5  0.49527
-38.0 -37.0  0.49659
-38.0 -36.5  0.49608
-38.0 -36.0  0.49332
-38.0 -35.5  0.48780
-38.0 -35.0  0.47888
-38.0 -34.5  0.46576
-38.0 -34.0  0.44744
-38.0 -33.5  0.42266
-38.0 -33.0  0.38984
-38.0 -32.5  0.34692
-38.0 -32.0  0.29126
-38.0 -31.5  0.21941
-38.0 -31.0  0.12677
-38.0 -30.5  0.00720
-38.0 -30.0 -0.14769
-38.0 -29.5 -0.34952
-38.0 -29.0 -0.61479
-38.0 -28.5 -0.96739
-38.0 -28.0 -1.44296
-38.0 -27.5 -2.09645
-38.0 -27.0 -3.01600
-38.0 -26.5 -4.35015
-38.0 -26.0 -6.36493
-38.0 -25.5 -9.57504
-38.0 -25.0 -15.07651
-38.0 -24.5 -25.45921
-38.0 -24.0 -46.76679
-38.0 -23.5 -79.74608
-38.0 -23.0 -82.62929
-38.0 -22.5 -65.17061
-38.0 -22.0 -48.13599
-38.0 -21.5 -34.16632
-38.0 -21.0 -23.13021
-38.0 -20.5 -14.51492
-38.0 -20.0 -7.83115
-38.0 -19.5 -2.67542
-38.0 -19.0  1.27380
-38.0 -18.5  4.27107
-38.0 -18.0  6.51832
-38.0 -17.5  8.17636
-38.0 -17.0  9.37382
-38.0 -16.5 10.21387
-38.0 -16.0 10.77946
-38.0 -15.5 11.13732
-38.0 -15.0 11.34108
-38.0 -14.5 11.43372
-38.0 -14.0 11.44952
-38.0 -13.5 11.41562
-38.0 -13.0 11.35332
-38.0 -12.5 11.27906
-38.0 -12.0 11.20527
-38.0 -11.5 11.14113
-38.0 -11.0 11.09305
-38.0 -10.5 11.06526
-38.0 -10.0 11.06012
-38.0  -9.5 11.07853
-38.0  -9.0 11.12019
-38.0  -8.5 11.18388
-38.0  -8.0 11.26760
-38.0  -7.5 11.36883
-38.0  -7.0 11.48462
-38.0  -6.5 11.61177
-38.0  -6.0 11.74692
-38.0  -5.5 11.88664
-38.0  -5.0 12.02753
-38.0  -4.5 12.16627
-38.0  -4.0 12.29972
-38.0  -3.5 12.42492
-38.0  -3.0 12.53918
-38.0  -2.5 12.64011
-38.0  -2.0 12.72561
-38.0  -1.5 12.79395
-38.0  -1.0 12.84376
-38.0  -0.5 12.87404
-38.0   0.0 12.88420
-38.0   0.5 12.87404
-38.0   1.0 12.84376
-38.0   1.5 12.79395
-38.0   2.0 12.72561
-38.0   2.5 12.64011
-38.0   3.0 12.53918
-38.0   3.5 12.42492
-38.0   4.0 12.29972
-38.0   4.5 12.16627
-38.0   5.0 12.02753
-38.0   5.5 11.88664
-38.0   6.0 11.74692
-38.0   6.5 11.61177
-38.0   7.0 11.48462
-38.0   7.5 11.36883
-38.0   8.0 11.26760
-38.0   8.5 11.18388
-38.0   9.0 11.12019
-38.0   9.5 11.07853
-38.0  10.0 11.06012
-38.0  10.5 11.06526
-38.0  11.0 11.09305
-38.0  11.5 11.14113
-38.0  12.0 11.20527
-38.0  12.5 11.27906
-38.0  13.0 11.35332
-38.0  13.5 11.41562
-38.0  14.0 11.44952
-38.0  14.5 11.43372
-38.0  15.0 11.34108
-38.0  15.5 11.13732
-38.0  16.0 10.77946
-38.0  16.5 10.21387
-38.0  17.0  9.37382
-38.0  17.5  8.17636
-38.0  18.0  6.51832
-38.0  18.5  4.27107
-38.0  19.0  1.27380
-38.0  19.5 -2.67542
-38.0  20.0 -7.83115
-38.0  20.5 -14.51492
-38.0  21.0 -23.13021
-38.0  21.5 -34.16632
-38.0  22.0 -48.13599
-38.0  22.5 -65.17061
-38.0  23.0 -82.62929
-38.0  23.5 -79.74608
-38.0  24.0 -46.76679
-38.0  24.5 -25.45921
-38.0  25.0 -15.07651
-38.0  25.5 -9.57504
-38.0  26.0 -6.36493
-38.0  26.5 -4.35015
-38.0  27.0 -3.01600
-38.0  27.5 -2.09645
-38.0  28.0 -1.44296
-38.0  28.5 -0.96739
-38.0  29.0 -0.61479
-38.0  29.5 -0.34952
-38.0  30.0 -0.14769
-38.0  30.5  0.00720
-38.0  31.0  0.12677
-38.0  31.5  0.21941
-38.0  32.0  0.29126
-38.0  32.5  0.34692
-38.0  33.0  0.38984
-38.0  33.5  0.42266
-38.0  34.0  0.44744
-38.0  34.5  0.46576
-38.0  35.0  0.47888
-38.0  35.5  0.48780
-38.0  36.0  0.49332
-38.0  36.5  0.49608
-38.0  37.0  0.49659
-38.0  37.5  0.49527
-38.0  38.0  0.49248
-38.0  38.5  0.48848
-38.0  39.0  0.48352
-38.0  39.5  0.47778
-38.0  40.0  0.47142
-38.0  40.5  0.46458
-38.0  41.0  0.45737
-38.0  41.5  0.44987
-38.0  42.0  0.44216
-38.0  42.5  0.43431
-38.0  43.0  0.42636
-38.0  43.5  0.41837
-38.0  44.0  0.41037
-38.0  44.5  0.40239
-38.0  45.0  0.39445
-37.5 -45.0  0.33678
-37.5 -44.5  0.34125
-37.5 -44.0  0.34549
-37.5 -43.5  0.34944
-37.5 -43.0  0.35304
-37.5 -42.5  0.35621
-37.5 -42.0  0.35887
-37.5 -41.5  0.36090
-37.5 -41.0  0.36221
-37.5 -40.5  0.36264
-37.5 -40.0  0.36203
-37.5 -39.5  0.36020
-37.5 -39.0  0.35690
-37.5 -38.5  0.35188
-37.5 -38.0  0.34481
-37.5 -37.5  0.33530
-37.5 -37.0  0.32290
-37.5 -36.5  0.30705
-37.5 -36.0  0.28707
-37.5 -35.5  0.26214
-37.5 -35.0  0.23128
-37.5 -34.5  0.19323
-37.5 -34.0  0.14648
-37.5 -33.5  0.08912
-37.5 -33.0  0.01874
-37.5 -32.5 -0.06770
-37.5 -32.0 -0.17410
-37.5 -31.5 -0.30552
-37.5 -31.0 -0.46858
-37.5 -30.5 -0.67207
-37.5 -30.0 -0.92783
-37.5 -29.5 -1.25206
-37.5 -29.0 -1.66735
-37.5 -28.5 -2.20581
-37.5 -28.0 -2.91424
-37.5 -27.5 -3.86261
-37.5 -27.0 -5.15868
-37.5 -26.5 -6.97391
-37.5 -26.0 -9.59026
-37.5 -25.5 -13.48371
-37.5 -25.0 -19.45282
-37.5 -24.5 -28.66666
-37.5 -24.0 -41.71718
-37.5 -23.5 -54.49939
-37.5 -23.0 -57.89186
-37.5 -22.5 -51.65816
-37.5 -22.0 -41.90414
-37.5 -21.5 -32.09427
-37.5 -21.0 -23.40676
-37.5 -20.5 -16.10019
-37.5 -20.0 -10.11252
-37.5 -19.5 -5.28336
-37.5 -19.0 -1.43486
-37.5 -18.5  1.59959
-37.5 -18.0  3.96653
-37.5 -17.5  5.79117
-37.5 -17.0  7.17892
-37.5 -16.5  8.21775
-37.5 -16.0  8.98068
-37.5 -15.5  9.52801
-37.5 -15.0  9.90939
-37.5 -14.5 10.16544
-37.5 -14.0 10.32925
-37.5 -13.5 10.42756
-37.5 -13.0 10.48180
-37.5 -12.5 10.50892
-37.5 -12.0 10.52214
-37.5 -11.5 10.53152
-37.5 -11.0 10.54453
-37.5 -10.5 10.56646
-37.5 -10.0 10.60076
-37.5  -9.5 10.64944
-37.5  -9.0 10.71324
-37.5  -8.5 10.79196
-37.5  -8.0 10.88461
-37.5  -7.5 10.98959
-37.5  -7.0 11.10484
-37.5  -6.5 11.22797
-37.5  -6.0 11.35638
-37.5  -5.5 11.48735
-37.5  -5.0 11.61812
-37.5  -4.5 11.74597
-37.5  -4.0 11.86828
-37.5  -3.5 11.98255
-37.5  -3.0 12.08653
-37.5  -2.5 12.17815
-37.5  -2.0 12.25563
-37.5  -1.5 12.31748
-37.5  -1.0 12.36251
-37.5  -0.5 12.38988
-37.5   0.0 12.39906
-37.5   0.5 12.38988
-37.5   1.0 12.36251
-37.5   1.5 12.31748
-37.5   2.0 12.25563
-37.5   2.5 12.17815
-37.5   3.0 12.08653
-37.5   3.5 11.98255
-37.5   4.0 11.86828
-37.5   4.5 11.74597
-37.5   5.0 11.61812
-37.5   5.5 11.48735
-37.5   6.0 11.35638
-37.5   6.5 11.22797
-37.5   7.0 11.10484
-37.5   7.5 10.98959
-37.5   8.0 10.88461
-37.5   8.5 10.79196
-37.5   9.0 10.71324
-37.5   9.5 10.64944
-37.5  10.0 10.60076
-37.5  10.5 10.56646
-37.5  11.0 10.54453
-37.5  11.5 10.53152
-37.5  12.0 10.52214
-37.5  12.5 10.50892
-37.5  13.0 10.48180
-37.5  13.5 10.42756
-37.5  14.0 10.32925
-37.5  14.5 10.16544
-37.5  15.0  9.90939
-37.5  15.5  9.52801
-37.5  16.0  8.98068
-37.5  16.5  8.21775
-37.5  17.0  7.17892
-37.5  17.5  5.79117
-37.5  18.0  3.96653
-37.5  18.5  1.59959
-37.5  19.0 -1.43486
-37.5  19.5 -5.28336
-37.5  20.0 -10.11252
-37.5  20.5 -16.10019
-37.5  21.0 -23.40676
-37.5  21.5 -32.09427
-37.5  22.0 -41.90414
-37.5  22.5 -51.65816
-37.5  23.0 -57.89186
-37.5  23.5 -54.49939
-37.5  24.0 -41.71718
-37.5  24.5 -28.66666
-37.5  25.0 -19.45282
-37.5  25.5 -13.48371
-37.5  26.0 -9.59026
-37.5  26.5 -6.97391
-37.5  27.0 -5.15868
-37.5  27.5 -3.86261
-37.5  28.0 -2.91424
-37.5  28.5 -2.20581
-37.5  29.0 -1.66735
-37.5  29.5 -1.25206
-37.5  30.0 -0.92783
-37.5  30.5 -0.67207
-37.5  31.0 -0.46858
-37.5  31.5 -0.30552
-37.5  32.0 -0.17410
-37.5  32.5 -0.06770
-37.5  33.0  0.01874
-37.5  33.5  0.08912
-37.5  34.0  0.14648
-37.5  34.5  0.19323
-37.5  35.0  0.23128
-37.5  35.5  0.26214
-37.5  36.0  0.28707
-37.5  36.5  0.30705
-37.5  37.0  0.32290
-37.5  37.5  0.33530
-37.5  38.0  0.34481
-37.5  38.5  0.35188
-37.5  39.0  0.35690
-37.5  39.5  0.36020
-37.5  40.0  0.36203
-37.5  40.5  0.36264
-37.5  41.0  0.36221
-37.5  41.5  0.36090
-37.5  42.0  0.35887
-37.5  42.5  0.35621
-37.5  43.0  0.35304
-37.5  43.5  0.34944
-37.5  44.0  0.34549
-37.5  44.5  0.34125
-37.5  45.0  0.33678
-37.0 -45.0  0.27929
-37.0 -44.5  0.28035
-37.0 -44.0  0.28091
-37.0 -43.5  0.28087
-37.0 -43.0  0.28015
-37.0 -42.5  0.27863
-37.0 -42.0  0.27619
-37.0 -41.5  0.27267
-37.0 -41.0  0.26792
-37.0 -40.5  0.26173
-37.0 -40.0  0.25387
-37.0 -39.5  0.24407
-37.0 -39.0  0.23201
-37.0 -38.5  0.21732
-37.0 -38.0  0.19957
-37.0 -37.5  0.17821
-37.0 -37.0  0.15264
-37.0 -36.5  0.12211
-37.0 -36.0  0.08572
-37.0 -35.5  0.04239
-37.0 -35.0 -0.00920
-37.0 -34.5 -0.07065
-37.0 -34.0 -0.14394
-37.0 -33.5 -0.23152
-37.0 -33.0 -0.33644
-37.0 -32.5 -0.46254
-37.0 -32.0 -0.61470
-37.0 -31.5 -0.79915
-37.0 -31.0 -1.02399
-37.0 -30.5 -1.29978
-37.0 -30.0 -1.64054
-37.0 -29.5 -2.06509
-37.0 -29.0 -2.59907
-37.0 -28.5 -3.27796
-37.0 -28.0 -4.15159
-37.0 -27.5 -5.29114
-37.0 -27.0 -6.79962
-37.0 -26.5 -8.82733
-37.0 -26.0 -11.59193
-37.0 -25.5 -15.39423
-37.0 -25.0 -20.58718
-37.0 -24.5 -27.35872
-37.0 -24.0 -35.07238
-37.0 -23.5 -41.43912
-37.0 -23.0 -43.56798
-37.0 -22.5 -40.94025
-37.0 -22.0 -35.37300
-37.0 -21.5 -28.76957
-37.0 -21.0 -22.25795
-37.0 -20.5 -16.35342
-37.0 -20.0 -11.23370
-37.0 -19.5 -6.91297
-37.0 -19.0 -3.33298
-37.0 -18.5 -0.40799
-37.0 -18.0  1.95372
-37.0 -17.5  3.83997
-37.0 -17.0  5.33046
-37.0 -16.5  6.49544
-37.0 -16.0  7.39570
-37.0 -15.5  8.08317
-37.0 -15.0  8.60176
-37.0 -14.5  8.98835
-37.0 -14.0  9.27360
-37.0 -13.5  9.48284
-37.0 -13.0  9.63678
-37.0 -12.5  9.75218
-37.0 -12.0  9.84239
-37.0 -11.5  9.91792
-37.0 -11.0  9.98681
-37.0 -10.5 10.05503
-37.0 -10.0 10.12685
-37.0  -9.5 10.20505
-37.0  -9.0 10.29123
-37.0  -8.5 10.38602
-37.0  -8.0 10.48923
-37.0  -7.5 10.60004
-37.0  -7.0 10.71714
-37.0  -6.5 10.83886
-37.0  -6.0 10.96327
-37.0  -5.5 11.08826
-37.0  -5.0 11.21165
-37.0  -4.5 11.33125
-37.0  -4.0 11.44489
-37.0  -3.5 11.55053
-37.0  -3.0 11.64627
-37.0  -2.5 11.73037
-37.0  -2.0 11.80133
-37.0  -1.5 11.85787
-37.0  -1.0 11.89899
-37.0  -0.5 11.92396
-37.0   0.0 11.93234
-37.0   0.5 11.92396
-37.0   1.0 11.89899
-37.0   1.5 11.85787
-37.0   2.0 11.80133
-37.0   2.5 11.73037
-37.0   3.0 11.64627
-37.0   3.5 11.55053
-37.0   4.0 11.44489
-37.0   4.5 11.33125
-37.0   5.0 11.21165
-37.0   5.5 11.08826
-37.0   6.0 10.96327
-37.0   6.5 10.83886
-37.0   7.0 10.71714
-37.0   7.5 10.60004
-37.0   8.0 10.48923
-37.0   8.5 10.38602
-37.0   9.0 10.29123
-37.0   9.5 10.20505
-37.0  10.0 10.12685
-37.0  10.5 10.05503
-37.0  11.0  9.98681
-37.0  11.5  9.91792
-37.0  12.0  9.84239
-37.0  12.5  9.75218
-37.0  13.0  9.63678
-37.0  13.5  9.48284
-37.0  14.0  9.27360
-37.0  14.5  8.98835
-37.0  15.0  8.60176
-37.0  15.5  8.08317
-37.0  16.0  7.39570
-37.0  16.5  6.49544
-37.0  17.0  5.33046
-37.0  17.5  3.83997
-37.0  18.0  1.95372
-37.0  18.5 -0.40799
-37.0  19.0 -3.33298
-37.0  19.5 -6.91297
-37.0  20.0 -11.23370
-37.0  20.5 -16.35342
-37.0  21.0 -22.25795
-37.0  21.5 -28.76957
-37.0  22.0 -35.37300
-37.0  22.5 -40.94025
-37.0  23.0 -43.56798
-37.0  23.5 -41.43912
-37.0  24.0 -35.07238
-37.0  24.5 -27.35872
-37.0  25.0 -20.58718
-37.0  25.5 -15.39423
-37.0  26.0 -11.59193
-37.0  26.5 -8.82733
-37.0  27.0 -6.79962
-37.0  27.5 -5.29114
-37.0  28.0 -4.15159
-37.0  28.5 -3.27796
-37.0  29.0 -2.59907
-37.0  29.5 -2.06509
-37.0  30.0 -1.64054
-37.0  30.5 -1.29978
-37.0  31.0 -1.02399
-37.0  31.5 -0.79915
-37.0  32.0 -0.61470
-37.0  32.5 -0.46254
-37.0  33.0 -0.33644
-37.0  33.5 -0.23152
-37.0  34.0 -0.14394
-37.0  34.5 -0.07065
-37.0  35.0 -0.00920
-37.0  35.5  0.04239
-37.0  36.0  0.08572
-37.0  36.5  0.12211
-37.0  37.0  0.15264
-37.0  37.5  0.17821
-37.0  38.0  0.19957
-37.0  38.5  0.21732
-37.0  39.0  0.23201
-37.0  39.5  0.24407
-37.0  40.0  0.25387
-37.0  40.5  0.26173
-37.0  41.0  0.26792
-37.0  41.5  0.27267
-37.0  42.0  0.27619
-37.0  42.5  0.27863
-37.0  43.0  0.28015
-37.0  43.5  0.28087
-37.0  44.0  0.28091
-37.0  44.5  0.28035
-37.0  45.0  0.27929
-36.5 -45.0  0.22224
-36.5 -44.5  0.21996
-36.5 -44.0  0.21691
-36.5 -43.5  0.21298
-36.5 -43.0  0.20805
-36.5 -42.5  0.20197
-36.5 -42.0  0.19457
-36.5 -41.5  0.18568
-36.5 -41.0  0.17506
-36.5 -40.5  0.16248
-36.5 -40.0  0.14763
-36.5 -39.5  0.13018
-36.5 -39.0  0.10974
-36.5 -38.5  0.08582
-36.5 -38.0  0.05790
-36.5 -37.5  0.02532
-36.5 -37.0 -0.01268
-36.5 -36.5 -0.05699
-36.5 -36.0 -0.10872
-36.5 -35.5 -0.16916
-36.5 -35.0 -0.23987
-36.5 -34.5 -0.32277
-36.5 -34.0 -0.42018
-36.5 -33.5 -0.53495
-36.5 -33.0 -0.67061
-36.5 -32.5 -0.83155
-36.5 -32.0 -1.02330
-36.5 -31.5 -1.25282
-36.5 -31.0 -1.52901
-36.5 -30.5 -1.86330
-36.5 -30.0 -2.27056
-36.5 -29.5 -2.77028
-36.5 -29.0 -3.38823
-36.5 -28.5 -4.15882
-36.5 -28.0 -5.12819
-36.5 -27.5 -6.35845
-36.5 -27.0 -7.93254
-36.5 -26.5 -9.95858
-36.5 -26.0 -12.56877
-36.5 -25.5 -15.89956
-36.5 -25.0 -20.02290
-36.5 -24.5 -24.78361
-36.5 -24.0 -29.55406
-36.5 -23.5 -33.16674
-36.5 -23.0 -34.45710
-36.5 -22.5 -33.10449
-36.5 -22.0 -29.72497
-36.5 -21.5 -25.25169
-36.5 -21.0 -20.44926
-36.5 -20.5 -15.79686
-36.5 -20.0 -11.54502
-36.5 -19.5 -7.79786
-36.5 -19.0 -4.57541
-36.5 -18.5 -1.85311
-36.5 -18.0  0.41495
-36.5 -17.5  2.28291
-36.5 -17.0  3.80591
-36.5 -16.5  5.03638
-36.5 -16.0  6.02220
-36.5 -15.5  6.80601
-36.5 -15.0  7.42512
-36.5 -14.5  7.91170
-36.5 -14.0  8.29319
-36.5 -13.5  8.59276
-36.5 -13.0  8.82975
-36.5 -12.5  9.02013
-36.5 -12.0  9.17693
-36.5 -11.5  9.31062
-36.5 -11.0  9.42945
-36.5 -10.5  9.53978
-36.5 -10.0  9.64634
-36.5  -9.5  9.75251
-36.5  -9.0  9.86050
-36.5  -8.5  9.97156
-36.5  -8.0 10.08616
-36.5  -7.5 10.20413
-36.5  -7.0 10.32478
-36.5  -6.5 10.44704
-36.5  -6.0 10.56956
-36.5  -5.5 10.69077
-36.5  -5.0 10.80899
-36.5  -4.5 10.92249
-36.5  -4.0 11.02953
-36.5  -3.5 11.12845
-36.5  -3.0 11.21768
-36.5  -2.5 11.29578
-36.5  -2.0 11.36148
-36.5  -1.5 11.41373
-36.5  -1.0 11.45168
-36.5  -0.5 11.47469
-36.5   0.0 11.48241
-36.5   0.5 11.47469
-36.5   1.0 11.45168
-36.5   1.5 11.41373
-36.5   2.0 11.36148
-36.5   2.5 11.29578
-36.5   3.0 11.21768
-36.5   3.5 11.12845
-36.5   4.0 11.02953
-36.5   4.5 10.92249
-36.5   5.0 10.80899
-36.5   5.5 10.69077
-36.5   6.0 10.56956
-36.5   6.5 10.44704
-36.5   7.0 10.32478
-36.5   7.5 10.20413
-36.5   8.0 10.08616
-36.5   8.5  9.97156
-36.5   9.0  9.86050
-36.5   9.5  9.75251
-36.5  10.0  9.64634
-36.5  10.5  9.53978
-36.5  11.0  9.42945
-36.5  11.5  9.31062
-36.5  12.0  9.17693
-36.5  12.5  9.02013
-36.5  13.0  8.82975
-36.5  13.5  8.59276
-36.5  14.0  8.29319
-36.5  14.5  7.91170
-36.5  15.0  7.42512
-36.5  15.5  6.80601
-36.5  16.0  6.02220
-36.5  16.5  5.03638
-36.5  17.0  3.80591
-36.5  17.5  2.28291
-36.5  18.0  0.41495
-36.5  18.5 -1.85311
-36.5  19.0 -4.57541
-36.5  19.5 -7.79786
-36.5  20.0 -11.54502
-36.5  20.5 -15.79686
-36.5  21.0 -20.44926
-36.5  21.5 -25.25169
-36.5  22.0 -29.72497
-36.5  22.5 -33.10449
-36.5  23.0 -34.45710
-36.5  23.5 -33.16674
-36.5  24.0 -29.55406
-36.5  24.5 -24.78361
-36.5  25.0 -20.02290
-36.5  25.5 -15.89956
-36.5  26.0 -12.56877
-36.5  26.5 -9.95858
-36.5  27.0 -7.93254
-36.5  27.5 -6.35845
-36.5  28.0 -5.12819
-36.5  28.5 -4.15882
-36.5  29.0 -3.38823
-36.5  29.5 -2.77028
-36.5  30.0 -2.27056
-36.5  30.5 -1.86330
-36.5  31.0 -1.52901
-36.5  31.5 -1.25282
-36.5  32.0 -1.02330
-36.5  32.5 -0.83155
-36.5  33.0 -0.67061
-36.5  33.5 -0.53495
-36.5  34.0 -0.42018
-36.5  34.5 -0.32277
-36.5  35.0 -0.23987
-36.5  35.5 -0.16916
-36.5  36.0 -0.10872
-36.5  36.5 -0.05699
-36.5  37.0 -0.01268
-36.5  37.5  0.02532
-36.5  38.0  0.05790
-36.5  38.5  0.08582
-36.5  39.0  0.10974
-36.5  39.5  0.13018
-36.5  40.0  0.14763
-36.5  40.5  0.16248
-36.5  41.0  0.17506
-36.5  41.5  0.18568
-36.5  42.0  0.19457
-36.5  42.5  0.20197
-36.5  43.0  0.20805
-36.5  43.5  0.21298
-36.5  44.0  0.21691
-36.5  44.5  0.21996
-36.5  45.0  0.22224
-36.0 -45.0  0.16586
-36.0 -44.5  0.16033
-36.0 -44.0  0.15379
-36.0 -43.5  0.14610
-36.0 -43.0  0.13709
-36.0 -42.5  0.12661
-36.0 -42.0  0.11446
-36.0 -41.5  0.10040
-36.0 -41.0  0.08417
-36.0 -40.5  0.06549
-36.0 -40.0  0.04399
-36.0 -39.5  0.01929
-36.0 -39.0 -0.00909
-36.0 -38.5 -0.04169
-36.0 -38.0 -0.07913
-36.0 -37.5 -0.12218
-36.0 -37.0 -0.17170
-36.0 -36.5 -0.22873
-36.0 -36.0 -0.29450
-36.0 -35.5 -0.37048
-36.0 -35.0 -0.45843
-36.0 -34.5 -0.56047
-36.0 -34.0 -0.67916
-36.0 -33.5 -0.81762
-36.0 -33.0 -0.97967
-36.0 -32.5 -1.17001
-36.0 -32.0 -1.39445
-36.0 -31.5 -1.66024
-36.0 -31.0 -1.97648
-36.0 -30.5 -2.35460
-36.0 -30.0 -2.80916
-36.0 -29.5 -3.35864
-36.0 -29.0 -4.02670
-36.0 -28.5 -4.84351
-36.0 -28.0 -5.84739
-36.0 -27.5 -7.08624
-36.0 -27.0 -8.61796
-36.0 -26.5 -10.50762
-36.0 -26.0 -12.81698
-36.0 -25.5 -15.57802
-36.0 -25.0 -18.73979
-36.0 -24.5 -22.08785
-36.0 -24.0 -25.17763
-36.0 -23.5 -27.38808
-36.0 -23.0 -28.17021
-36.0 -22.5 -27.33879
-36.0 -22.0 -25.13061
-36.0 -21.5 -22.01130
-36.0 -21.0 -18.45224
-36.0 -20.5 -14.81608
-36.0 -20.0 -11.33832
-36.0 -19.5 -8.15105
-36.0 -19.0 -5.31439
-36.0 -18.5 -2.84277
-36.0 -18.0 -0.72362
-36.0 -17.5  1.07029
-36.0 -17.0  2.57310
-36.0 -16.5  3.82106
-36.0 -16.0  4.84980
-36.0 -15.5  5.69271
-36.0 -15.0  6.38021
-36.0 -14.5  6.93942
-36.0 -14.0  7.39407
-36.0 -13.5  7.76470
-36.0 -13.0  8.06883
-36.0 -12.5  8.32124
-36.0 -12.0  8.53422
-36.0 -11.5  8.71786
-36.0 -11.0  8.88032
-36.0 -10.5  9.02805
-36.0 -10.0  9.16604
-36.0  -9.5  9.29799
-36.0  -9.0  9.42656
-36.0  -8.5  9.55345
-36.0  -8.0  9.67964
-36.0  -7.5  9.80546
-36.0  -7.0  9.93075
-36.0  -6.5 10.05493
-36.0  -6.0 10.17713
-36.0  -5.5 10.29626
-36.0  -5.0 10.41105
-36.0  -4.5 10.52019
-36.0  -4.0 10.62232
-36.0  -3.5 10.71609
-36.0  -3.0 10.80025
-36.0  -2.5 10.87361
-36.0  -2.0 10.93513
-36.0  -1.5 10.98394
-36.0  -1.0 11.01933
-36.0  -0.5 11.04077
-36.0   0.0 11.04795
-36.0   0.5 11.04077
-36.0   1.0 11.01933
-36.0   1.5 10.98394
-36.0   2.0 10.93513
-36.0   2.5 10.87361
-36.0   3.0 10.80025
-36.0   3.5 10.71609
-36.0   4.0 10.62232
-36.0   4.5 10.52019
-36.0   5.0 10.41105
-36.0   5.5 10.29626
-36.0   6.0 10.17713
-36.0   6.5 10.05493
-36.0   7.0  9.93075
-36.0   7.5  9.80546
-36.0   8.0  9.67964
-36.0   8.5  9.55345
-36.0   9.0  9.42656
-36.0   9.5  9.29799
-36.0  10.0  9.16604
-36.0  10.5  9.02805
-36.0  11.0  8.88032
-36.0  11.5  8.71786
-36.0  12.0  8.53422
-36.0  12.5  8.32124
-36.0  13.0  8.06883
-36.0  13.5  7.76470
-36.0  14.0  7.39407
-36.0  14.5  6.93942
-36.0  15.0  6.38021
-36.0  15.5  5.69271
-36.0  16.0  4.84980
-36.0  16.5  3.82106
-36.0  17.0  2.57310
-36.0  17.5  1.07029
-36.0  18.0 -0.72362
-36.0  18.5 -2.84277
-36.0  19.0 -5.31439
-36.0  19.5 -8.15105
-36.0  20.0 -11.33832
-36.0  20.5 -14.81608
-36.0  21.0 -18.45224
-36.0  21.5 -22.01130
-36.0  22.0 -25.13061
-36.0  22.5 -27.33879
-36.0  23.0 -28.17021
-36.0  23.5 -27.38808
-36.0  24.0 -25.17763
-36.0  24.5 -22.08785
-36.0  25.0 -18.73979
-36.0  25.5 -15.57802
-36.0  26.0 -12.81698
-36.0  26.5 -10.50762
-36.0  27.0 -8.61796
-36.0  27.5 -7.08624
-36.0  28.0 -5.84739
-36.0  28.5 -4.84351
-36.0  29.0 -4.02670
-36.0  29.5 -3.35864
-36.0  30.0 -2.80916
-36.0  30.5 -2.35460
-36.0  31.0 -1.97648
-36.0  31.5 -1.66024
-36.0  32.0 -1.39445
-36.0  32.5 -1.17001
-36.0  33.0 -0.97967
-36.0  33.5 -0.81762
-36.0  34.0 -0.67916
-36.0  34.5 -0.56047
-36.0  35.0 -0.45843
-36.0  35.5 -0.37048
-36.0  36.0 -0.29450
-36.0  36.5 -0.22873
-36.0  37.0 -0.17170
-36.0  37.5 -0.12218
-36.0  38.0 -0.07913
-36.0  38.5 -0.04169
-36.0  39.0 -0.00909
-36.0  39.5  0.01929
-36.0  40.0  0.04399
-36.0  40.5  0.06549
-36.0  41.0  0.08417
-36.0  41.5  0.10040
-36.0  42.0  0.11446
-36.0  42.5  0.12661
-36.0  43.0  0.13709
-36.0  43.5  0.14610
-36.0  44.0  0.15379
-36.0  44.5  0.16033
-36.0  45.0  0.16586
-35.5 -45.0  0.11038
-35.5 -44.5  0.10173
-35.5 -44.0  0.09182
-35.5 -43.5  0.08051
-35.5 -43.0  0.06761
-35.5 -42.5  0.05293
-35.5 -42.0  0.03624
-35.5 -41.5  0.01727
-35.5 -41.0 -0.00426
-35.5 -40.5 -0.02871
-35.5 -40.0 -0.05645
-35.5 -39.5 -0.08794
-35.5 -39.0 -0.12371
-35.5 -38.5 -0.16436
-35.5 -38.0 -0.21059
-35.5 -37.5 -0.26323
-35.5 -37.0 -0.32325
-35.5 -36.5 -0.39176
-35.5 -36.0 -0.47012
-35.5 -35.5 -0.55989
-35.5 -35.0 -0.66298
-35.5 -34.5 -0.78161
-35.5 -34.0 -0.91849
-35.5 -33.5 -1.07685
-35.5 -33.0 -1.26063
-35.5 -32.5 -1.47459
-35.5 -32.0 -1.72455
-35.5 -31.5 -2.01762
-35.5 -31.0 -2.36256
-35.5 -30.5 -2.77014
-35.5 -30.0 -3.25367
-35.5 -29.5 -3.82953
-35.5 -29.0 -4.51777
-35.5 -28.5 -5.34275
-35.5 -28.0 -6.33335
-35.5 -27.5 -7.52258
-35.5 -27.0 -8.94531
-35.5 -26.5 -10.63275
-35.5 -26.0 -12.60067
-35.5 -25.5 -14.82855
-35.5 -25.0 -17.22874
-35.5 -24.5 -19.61411
-35.5 -24.0 -21.69013
-35.5 -23.5 -23.10683
-35.5 -23.0 -23.57581
-35.5 -22.5 -22.98789
-35.5 -22.0 -21.44442
-35.5 -21.5 -19.18979
-35.5 -21.0 -16.51010
-35.5 -20.5 -13.65954
-35.5 -20.0 -10.82933
-35.5 -19.5 -8.14623
-35.5 -19.0 -5.68400
-35.5 -18.5 -3.47764
-35.5 -18.0 -1.53590
-35.5 -17.5  0.14909
-35.5 -17.0  1.59500
-35.5 -16.5  2.82459
-35.5 -16.0  3.86271
-35.5 -15.5  4.73425
-35.5 -15.0  5.46305
-35.5 -14.5  6.07115
-35.5 -14.0  6.57847
-35.5 -13.5  7.00268
-35.5 -13.0  7.35923
-35.5 -12.5  7.66141
-35.5 -12.0  7.92052
-35.5 -11.5  8.14601
-35.5 -11.0  8.34568
-35.5 -10.5  8.52587
-35.5 -10.0  8.69159
-35.5  -9.5  8.84672
-35.5  -9.0  8.99416
-35.5  -8.5  9.13594
-35.5  -8.0  9.27340
-35.5  -7.5  9.40727
-35.5  -7.0  9.53778
-35.5  -6.5  9.66477
-35.5  -6.0  9.78777
-35.5  -5.5  9.90606
-35.5  -5.0 10.01876
-35.5  -4.5 10.12491
-35.5  -4.0 10.22346
-35.5  -3.5 10.31337
-35.5  -3.0 10.39363
-35.5  -2.5 10.46330
-35.5  -2.0 10.52153
-35.5  -1.5 10.56761
-35.5  -1.0 10.60095
-35.5  -0.5 10.62113
-35.5   0.0 10.62789
-35.5   0.5 10.62113
-35.5   1.0 10.60095
-35.5   1.5 10.56761
-35.5   2.0 10.52153
-35.5   2.5 10.46330
-35.5   3.0 10.39363
-35.5   3.5 10.31337
-35.5   4.0 10.22346
-35.5   4.5 10.12491
-35.5   5.0 10.01876
-35.5   5.5  9.90606
-35.5   6.0  9.78777
-35.5   6.5  9.66477
-35.5   7.0  9.53778
-35.5   7.5  9.40727
-35.5   8.0  9.27340
-35.5   8.5  9.13594
-35.5   9.0  8.99416
-35.5   9.5  8.84672
-35.5  10.0  8.69159
-35.5  10.5  8.52587
-35.5  11.0  8.34568
-35.5  11.5  8.14601
-35.5  12.0  7.92052
-35.5  12.5  7.66141
-35.5  13.0  7.35923
-35.5  13.5  7.00268
-35.5  14.0  6.57847
-35.5  14.5  6.07115
-35.5  15.0  5.46305
-35.5  15.5  4.73425
-35.5  16.0  3.86271
-35.5  16.5  2.82459
-35.5  17.0  1.59500
-35.5  17.5  0.14909
-35.5  18.0 -1.53590
-35.5  18.5 -3.47764
-35.5  19.0 -5.68400
-35.5  19.5 -8.14623
-35.5  20.0 -10.82933
-35.5  20.5 -13.65954
-35.5  21.0 -16.51010
-35.5  21.5 -19.18979
-35.5  22.0 -21.44442
-35.5  22.5 -22.98789
-35.5  23.0 -23.57581
-35.5  23.5 -23.10683
-35.5  24.0 -21.69013
-35.5  24.5 -19.61411
-35.5  25.0 -17.22874
-35.5  25.5 -14.82855
-35.5  26.0 -12.60067
-35.5  26.5 -10.63275
-35.5  27.0 -8.94531
-35.5  27.5 -7.52258
-35.5  28.0 -6.33335
-35.5  28.5 -5.34275
-35.5  29.0 -4.51777
-35.5  29.5 -3.82953
-35.5  30.0 -3.25367
-35.5  30.5 -2.77014
-35.5  31.0 -2.36256
-35.5  31.5 -2.01762
-35.5  32.0 -1.72455
-35.5  32.5 -1.47459
-35.5  33.0 -1.26063
-35.5  33.5 -1.07685
-35.5  34.0 -0.91849
-35.5  34.5 -0.78161
-35.5  35.0 -0.66298
-35.5  35.5 -0.55989
-35.5  36.0 -0.47012
-35.5  36.5 -0.39176
-35.5  37.0 -0.32325
-35.5  37.5 -0.26323
-35.5  38.0 -0.21059
-35.5  38.5 -0.16436
-35.5  39.0 -0.12371
-35.5  39.5 -0.08794
-35.5  40.0 -0.05645
-35.5  40.5 -0.02871
-35.5  41.0 -0.00426
-35.5  41.5  0.01727
-35.5  42.0  0.03624
-35.5  42.5  0.05293
-35.5  43.0  0.06761
-35.5  43.5  0.08051
-35.5  44.0  0.09182
-35.5  44.5  0.10173
-35.5  45.0  0.11038
-35.0 -45.0  0.05601
-35.0 -44.5  0.04437
-35.0 -44.0  0.03126
-35.0 -43.5  0.01651
-35.0 -43.0 -0.00009
-35.0 -42.5 -0.01875
-35.0 -42.0 -0.03972
-35.0 -41.5 -0.06329
-35.0 -41.0 -0.08980
-35.0 -40.5 -0.11961
-35.0 -40.0 -0.15315
-35.0 -39.5 -0.19091
-35.0 -39.0 -0.23347
-35.0 -38.5 -0.28147
-35.0 -38.0 -0.33567
-35.0 -37.5 -0.39694
-35.0 -37.0 -0.46632
-35.0 -36.5 -0.54499
-35.0 -36.0 -0.63436
-35.0 -35.5 -0.73606
-35.0 -35.0 -0.85204
-35.0 -34.5 -0.98459
-35.0 -34.0 -1.13644
-35.0 -33.5 -1.31081
-35.0 -33.0 -1.51159
-35.0 -32.5 -1.74340
-35.0 -32.0 -2.01180
-35.0 -31.5 -2.32346
-35.0 -31.0 -2.68640
-35.0 -30.5 -3.11025
-35.0 -30.0 -3.60649
-35.0 -29.5 -4.18873
-35.0 -29.0 -4.87289
-35.0 -28.5 -5.67708
-35.0 -28.0 -6.62110
-35.0 -27.5 -7.72494
-35.0 -27.0 -9.00565
-35.0 -26.5 -10.47166
-35.0 -26.0 -12.11334
-35.0 -25.5 -13.88963
-35.0 -25.0 -15.71278
-35.0 -24.5 -17.43823
-35.0 -24.0 -18.87198
-35.0 -23.5 -19.80607
-35.0 -23.0 -20.07666
-35.0 -22.5 -19.61720
-35.0 -22.0 -18.47531
-35.0 -21.5 -16.78668
-35.0 -21.0 -14.72753
-35.0 -20.5 -12.47158
-35.0 -20.0 -10.16436
-35.0 -19.5 -7.91415
-35.0 -19.0 -5.79346
-35.0 -18.5 -3.84519
-35.0 -18.0 -2.08986
-35.0 -17.5 -0.53222
-35.0 -17.0  0.83351
-35.0 -16.5  2.01960
-35.0 -16.0  3.04199
-35.0 -15.5  3.91824
-35.0 -15.0  4.66623
-35.0 -14.5  5.30328
-35.0 -14.0  5.84559
-35.0 -13.5  6.30796
-35.0 -13.0  6.70366
-35.0 -12.5  7.04435
-35.0 -12.0  7.34016
-35.0 -11.5  7.59972
-35.0 -11.0  7.83031
-35.0 -10.5  8.03796
-35.0 -10.0  8.22756
-35.0  -9.5  8.40300
-35.0  -9.0  8.56729
-35.0  -8.5  8.72266
-35.0  -8.0  8.87068
-35.0  -7.5  9.01238
-35.0  -7.0  9.14828
-35.0  -6.5  9.27857
-35.0  -6.0  9.40307
-35.0  -5.5  9.52142
-35.0  -5.0  9.63303
-35.0  -4.5  9.73723
-35.0  -4.0  9.83325
-35.0  -3.5  9.92031
-35.0  -3.0  9.99762
-35.0  -2.5 10.06444
-35.0  -2.0 10.12011
-35.0  -1.5 10.16404
-35.0  -1.0 10.19577
-35.0  -0.5 10.21495
-35.0   0.0 10.22137
-35.0   0.5 10.21495
-35.0   1.0 10.19577
-35.0   1.5 10.16404
-35.0   2.0 10.12011
-35.0   2.5 10.06444
-35.0   3.0  9.99762
-35.0   3.5  9.92031
-35.0   4.0  9.83325
-35.0   4.5  9.73723
-35.0   5.0  9.63303
-35.0   5.5  9.52142
-35.0   6.0  9.40307
-35.0   6.5  9.27857
-35.0   7.0  9.14828
-35.0   7.5  9.01238
-35.0   8.0  8.87068
-35.0   8.5  8.72266
-35.0   9.0  8.56729
-35.0   9.5  8.40300
-35.0  10.0  8.22756
-35.0  10.5  8.03796
-35.0  11.0  7.83031
-35.0  11.5  7.59972
-35.0  12.0  7.34016
-35.0  12.5  7.04435
-35.0  13.0  6.70366
-35.0  13.5  6.30796
-35.0  14.0  5.84559
-35.0  14.5  5.30328
-35.0  15.0  4.66623
-35.0  15.5  3.91824
-35.0  16.0  3.04199
-35.0  16.5  2.01960
-35.0  17.0  0.83351
-35.0  17.5 -0.53222
-35.0  18.0 -2.08986
-35.0  18.5 -3.84519
-35.0  19.0 -5.79346
-35.0  19.5 -7.91415
-35.0  20.0 -10.16436
-35.0  20.5 -12.47158
-35.0  21.0 -14.72753
-35.0  21.5 -16.78668
-35.0  22.0 -18.47531
-35.0  22.5 -19.61720
-35.0  23.0 -20.07666
-35.0  23.5 -19.80607
-35.0  24.0 -18.87198
-35.0  24.5 -17.43823
-35.0  25.0 -15.71278
-35.0  25.5 -13.88963
-35.0  26.0 -12.11334
-35.0  26.5 -10.47166
-35.0  27.0 -9.00565
-35.0  27.5 -7.72494
-35.0  28.0 -6.62110
-35.0  28.5 -5.67708
-35.0  29.0 -4.87289
-35.0  29.5 -4.18873
-35.0  30.0 -3.60649
-35.0  30.5 -3.11025
-35.0  31.0 -2.68640
-35.0  31.5 -2.32346
-35.0  32.0 -2.01180
-35.0  32.5 -1.74340
-35.0  33.0 -1.51159
-35.0  33.5 -1.31081
-35.0  34.0 -1.13644
-35.0  34.5 -0.98459
-35.0  35.0 -0.85204
-35.0  35.5 -0.73606
-35.0  36.0 -0.63436
-35.0  36.5 -0.54499
-35.0  37.0 -0.46632
-35.0  37.5 -0.39694
-35.0  38.0 -0.33567
-35.0  38.5 -0.28147
-35.0  39.0 -0.23347
-35.0  39.5 -0.19091
-35.0  40.0 -0.15315
-35.0  40.5 -0.11961
-35.0  41.0 -0.08980
-35.0  41.5 -0.06329
-35.0  42.0 -0.03972
-35.0  42.5 -0.01875
-35.0  43.0 -0.00009
-35.0  43.5  0.01651
-35.0  44.0  0.03126
-35.0  44.5  0.04437
-35.0  45.0  0.05601
-34.5 -45.0  0.00296
-34.5 -44.5 -0.01151
-34.5 -44.0 -0.02766
-34.5 -43.5 -0.04566
-34.5 -43.0 -0.06573
-34.5 -42.5 -0.08811
-34.5 -42.0 -0.11308
-34.5 -41.5 -0.14094
-34.5 -41.0 -0.17204
-34.5 -40.5 -0.20679
-34.5 -40.0 -0.24564
-34.5 -39.5 -0.28911
-34.5 -39.0 -0.33780
-34.5 -38.5 -0.39240
-34.5 -38.0 -0.45369
-34.5 -37.5 -0.52258
-34.5 -37.0 -0.60014
-34.5 -36.5 -0.68757
-34.5 -36.0 -0.78631
-34.5 -35.5 -0.89801
-34.5 -35.0 -1.02461
-34.5 -34.5 -1.16837
-34.5 -34.0 -1.33196
-34.5 -33.5 -1.51849
-34.5 -33.0 -1.73166
-34.5 -32.5 -1.97580
-34.5 -32.0 -2.25601
-34.5 -31.5 -2.57828
-34.5 -31.0 -2.94966
-34.5 -30.5 -3.37832
-34.5 -30.0 -3.87368
-34.5 -29.5 -4.44641
-34.5 -29.0 -5.10827
-34.5 -28.5 -5.87166
-34.5 -28.0 -6.74863
-34.5 -27.5 -7.74910
-34.5 -27.0 -8.87782
-34.5 -26.5 -10.12973
-34.5 -26.0 -11.48349
-34.5 -25.5 -12.89391
-34.5 -25.0 -14.28544
-34.5 -24.5 -15.55093
-34.5 -24.0 -16.56096
-34.5 -23.5 -17.18620
-34.5 -23.0 -17.32792
-34.5 -22.5 -16.94425
-34.5 -22.0 -16.05947
-34.5 -21.5 -14.75312
-34.5 -21.0 -13.13658
-34.5 -20.5 -11.32841
-34.5 -20.0 -9.43629
-34.5 -19.5 -7.54759
-34.5 -19.0 -5.72680
-34.5 -18.5 -4.01720
-34.5 -18.0 -2.44443
-34.5 -17.5 -1.02056
-34.5 -17.0  0.25224
-34.5 -16.5  1.37858
-34.5 -16.0  2.36744
-34.5 -15.5  3.23038
-34.5 -15.0  3.98017
-34.5 -14.5  4.62991
-34.5 -14.0  5.19238
-34.5 -13.5  5.67966
-34.5 -13.0  6.10284
-34.5 -12.5  6.47194
-34.5 -12.0  6.79581
-34.5 -11.5  7.08219
-34.5 -11.0  7.33770
-34.5 -10.5  7.56794
-34.5 -10.0  7.77755
-34.5  -9.5  7.97031
-34.5  -9.0  8.14923
-34.5  -8.5  8.31662
-34.5  -8.0  8.47421
-34.5  -7.5  8.62320
-34.5  -7.0  8.76436
-34.5  -6.5  8.89810
-34.5  -6.0  9.02452
-34.5  -5.5  9.14349
-34.5  -5.0  9.25470
-34.5  -4.5  9.35772
-34.5  -4.0  9.45201
-34.5  -3.5  9.53700
-34.5  -3.0  9.61210
-34.5  -2.5  9.67676
-34.5  -2.0  9.73044
-34.5  -1.5  9.77270
-34.5  -1.0  9.80316
-34.5  -0.5  9.82155
-34.5   0.0  9.82770
-34.5   0.5  9.82155
-34.5   1.0  9.80316
-34.5   1.5  9.77270
-34.5   2.0  9.73044
-34.5   2.5  9.67676
-34.5   3.0  9.61210
-34.5   3.5  9.53700
-34.5   4.0  9.45201
-34.5   4.5  9.35772
-34.5   5.0  9.25470
-34.5   5.5  9.14349
-34.5   6.0  9.02452
-34.5   6.5  8.89810
-34.5   7.0  8.76436
-34.5   7.5  8.62320
-34.5   8.0  8.47421
-34.5   8.5  8.31662
-34.5   9.0  8.14923
-34.5   9.5  7.97031
-34.5  10.0  7.77755
-34.5  10.5  7.56794
-34.5  11.0  7.33770
-34.5  11.5  7.08219
-34.5  12.0  6.79581
-34.5  12.5  6.47194
-34.5  13.0  6.10284
-34.5  13.5  5.67966
-34.5  14.0  5.19238
-34.5  14.5  4.62991
-34.5  15.0  3.98017
-34.5  15.5  3.23038
-34.5  16.0  2.36744
-34.5  16.5  1.37858
-34.5  17.0  0.25224
-34.5  17.5 -1.02056
-34.5  18.0 -2.44443
-34.5  18.5 -4.01720
-34.5  19.0 -5.72680
-34.5  19.5 -7.54759
-34.5  20.0 -9.43629
-34.5  20.5 -11.32841
-34.5  21.0 -13.13658
-34.5  21.5 -14.75312
-34.5  22.0 -16.05947
-34.5  22.5 -16.94425
-34.5  23.0 -17.32792
-34.5  23.5 -17.18620
-34.5  24.0 -16.56096
-34.5  24.5 -15.55093
-34.5  25.0 -14.28544
-34.5  25.5 -12.89391
-34.5  26.0 -11.48349
-34.5  26.5 -10.12973
-34.5  27.0 -8.87782
-34.5  27.5 -7.74910
-34.5  28.0 -6.74863
-34.5  28.5 -5.87166
-34.5  29.0 -5.10827
-34.5  29.5 -4.44641
-34.5  30.0 -3.87368
-34.5  30.5 -3.37832
-34.5  31.0 -2.94966
-34.5  31.5 -2.57828
-34.5  32.0 -2.25601
-34.5  32.5 -1.97580
-34.5  33.0 -1.73166
-34.5  33.5 -1.51849
-34.5  34.0 -1.33196
-34.5  34.5 -1.16837
-34.5  35.0 -1.02461
-34.5  35.5 -0.89801
-34.5  36.0 -0.78631
-34.5  36.5 -0.68757
-34.5  37.0 -0.60014
-34.5  37.5 -0.52258
-34.5  38.0 -0.45369
-34.5  38.5 -0.39240
-34.5  39.0 -0.33780
-34.5  39.5 -0.28911
-34.5  40.0 -0.24564
-34.5  40.5 -0.20679
-34.5  41.0 -0.17204
-34.5  41.5 -0.14094
-34.5  42.0 -0.11308
-34.5  42.5 -0.08811
-34.5  43.0 -0.06573
-34.5  43.5 -0.04566
-34.5  44.0 -0.02766
-34.5  44.5 -0.01151
-34.5  45.0  0.00296
-34.0 -45.0 -0.04859
-34.0 -44.5 -0.06574
-34.0 -44.0 -0.08473
-34.0 -43.5 -0.10576
-34.0 -43.0 -0.12907
-34.0 -42.5 -0.15490
-34.0 -42.0 -0.18355
-34.0 -41.5 -0.21534
-34.0 -41.0 -0.25065
-34.0 -40.5 -0.28988
-34.0 -40.0 -0.33352
-34.0 -39.5 -0.38210
-34.0 -39.0 -0.43625
-34.0 -38.5 -0.49665
-34.0 -38.0 -0.56412
-34.0 -37.5 -0.63959
-34.0 -37.0 -0.72410
-34.0 -36.5 -0.81889
-34.0 -36.0 -0.92535
-34.0 -35.5 -1.04513
-34.0 -35.0 -1.18008
-34.0 -34.5 -1.33241
-34.0 -34.0 -1.50462
-34.0 -33.5 -1.69965
-34.0 -33.0 -1.92090
-34.0 -32.5 -2.17228
-34.0 -32.0 -2.45831
-34.0 -31.5 -2.78420
-34.0 -31.0 -3.15585
-34.0 -30.5 -3.57990
-34.0 -30.0 -4.06369
-34.0 -29.5 -4.61507
-34.0 -29.0 -5.24209
-34.0 -28.5 -5.95233
-34.0 -28.0 -6.75184
-34.0 -27.5 -7.64342
-34.0 -27.0 -8.62413
-34.0 -26.5 -9.68196
-34.0 -26.0 -10.79177
-34.0 -25.5 -11.91152
-34.0 -25.0 -12.98002
-34.0 -24.5 -13.91883
-34.0 -24.0 -14.63996
-34.0 -23.5 -15.05985
-34.0 -23.0 -15.11623
-34.0 -22.5 -14.78199
-34.0 -22.0 -14.07050
-34.0 -21.5 -13.03075
-34.0 -21.0 -11.73520
-34.0 -20.5 -10.26559
-34.0 -20.0 -8.70087
-34.0 -19.5 -7.10955
-34.0 -19.0 -5.54602
-34.0 -18.5 -4.05011
-34.0 -18.0 -2.64847
-34.0 -17.5 -1.35671
-34.0 -17.0 -0.18186
-34.0 -16.5  0.87543
-34.0 -16.0  1.81902
-34.0 -15.5  2.65571
-34.0 -15.0  3.39410
-34.0 -14.5  4.04368
-34.0 -14.0  4.61422
-34.0 -13.5  5.11527
-34.0 -13.0  5.55592
-34.0 -12.5  5.94455
-34.0 -12.0  6.28878
-34.0 -11.5  6.59535
-34.0 -11.0  6.87020
-34.0 -10.5  7.11839
-34.0 -10.0  7.34425
-34.0  -9.5  7.55135
-34.0  -9.0  7.74259
-34.0  -8.5  7.92030
-34.0  -8.0  8.08626
-34.0  -7.5  8.24179
-34.0  -7.0  8.38781
-34.0  -6.5  8.52491
-34.0  -6.0  8.65338
-34.0  -5.5  8.77330
-34.0  -5.0  8.88456
-34.0  -4.5  8.98693
-34.0  -4.0  9.08006
-34.0  -3.5  9.16357
-34.0  -3.0  9.23704
-34.0  -2.5  9.30005
-34.0  -2.0  9.35221
-34.0  -1.5  9.39317
-34.0  -1.0  9.42264
-34.0  -0.5  9.44041
-34.0   0.0  9.44635
-34.0   0.5  9.44041
-34.0   1.0  9.42264
-34.0   1.5  9.39317
-34.0   2.0  9.35221
-34.0   2.5  9.30005
-34.0   3.0  9.23704
-34.0   3.5  9.16357
-34.0   4.0  9.08006
-34.0   4.5  8.98693
-34.0   5.0  8.88456
-34.0   5.5  8.77330
-34.0   6.0  8.65338
-34.0   6.5  8.52491
-34.0   7.0  8.38781
-34.0   7.5  8.24179
-34.0   8.0  8.08626
-34.0   8.5  7.92030
-34.0   9.0  7.74259
-34.0   9.5  7.55135
-34.0  10.0  7.34425
-34.0  10.5  7.11839
-34.0  11.0  6.87020
-34.0  11.5  6.59535
-34.0  12.0  6.28878
-34.0  12.5  5.94455
-34.0  13.0  5.55592
-34.0  13.5  5.11527
-34.0  14.0  4.61422
-34.0  14.5  4.04368
-34.0  15.0  3.39410
-34.0  15.5  2.65571
-34.0  16.0  1.81902
-34.0  16.5  0.87543
-34.0  17.0 -0.18186
-34.0  17.5 -1.35671
-34.0  18.0 -2.64847
-34.0  18.5 -4.05011
-34.0  19.0 -5.54602
-34.0  19.5 -7.10955
-34.0  20.0 -8.70087
-34.0  20.5 -10.26559
-34.0  21.0 -11.73520
-34.0  21.5 -13.03075
-34.0  22.0 -14.07050
-34.0  22.5 -14.78199
-34.0  23.0 -15.11623
-34.0  23.5 -15.05985
-34.0  24.0 -14.63996
-34.0  24.5 -13.91883
-34.0  25.0 -12.98002
-34.0  25.5 -11.91152
-34.0  26.0 -10.79177
-34.0  26.5 -9.68196
-34.0  27.0 -8.62413
-34.0  27.5 -7.64342
-34.0  28.0 -6.75184
-34.0  28.5 -5.95233
-34.0  29.0 -5.24209
-34.0  29.5 -4.61507
-34.0  30.0 -4.06369
-34.0  30.5 -3.57990
-34.0  31.0 -3.15585
-34.0  31.5 -2.78420
-34.0  32.0 -2.45831
-34.0  32.5 -2.17228
-34.0  33.0 -1.92090
-34.0  33.5 -1.69965
-34.0  34.0 -1.50462
-34.0  34.5 -1.33241
-34.0  35.0 -1.18008
-34.0  35.5 -1.04513
-34.0  36.0 -0.92535
-34.0  36.5 -0.81889
-34.0  37.0 -0.72410
-34.0  37.5 -0.63959
-34.0  38.0 -0.56412
-34.0  38.5 -0.49665
-34.0  39.0 -0.43625
-34.0  39.5 -0.38210
-34.0  40.0 -0.33352
-34.0  40.5 -0.28988
-34.0  41.0 -0.25065
-34.0  41.5 -0.21534
-34.0  42.0 -0.18355
-34.0  42.5 -0.15490
-34.0  43.0 -0.12907
-34.0  43.5 -0.10576
-34.0  44.0 -0.08473
-34.0  44.5 -0.06574
-34.0  45.0 -0.04859
-33.5 -45.0 -0.09849
-33.5 -44.5 -0.11813
-33.5 -44.0 -0.13976
-33.5 -43.5 -0.16360
-33.5 -43.0 -0.18988
-33.5 -42.5 -0.21888
-33.5 -42.0 -0.25089
-33.5 -41.5 -0.28625
-33.5 -41.0 -0.32533
-33.5 -40.5 -0.36858
-33.5 -40.0 -0.41647
-33.5 -39.5 -0.46955
-33.5 -39.0 -0.52844
-33.5 -38.5 -0.59386
-33.5 -38.0 -0.66659
-33.5 -37.5 -0.74757
-33.5 -37.0 -0.83783
-33.5 -36.5 -0.93856
-33.5 -36.0 -1.05113
-33.5 -35.5 -1.17710
-33.5 -35.0 -1.31824
-33.5 -34.5 -1.47661
-33.5 -34.0 -1.65454
-33.5 -33.5 -1.85469
-33.5 -33.0 -2.08010
-33.5 -32.5 -2.33421
-33.5 -32.0 -2.62089
-33.5 -31.5 -2.94449
-33.5 -31.0 -3.30976
-33.5 -30.5 -3.72185
-33.5 -30.0 -4.18615
-33.5 -29.5 -4.70803
-33.5 -29.0 -5.29245
-33.5 -28.5 -5.94322
-33.5 -28.0 -6.66205
-33.5 -27.5 -7.44711
-33.5 -27.0 -8.29116
-33.5 -26.5 -9.17932
-33.5 -26.0 -10.08684
-33.5 -25.5 -10.97730
-33.5 -25.0 -11.80253
-33.5 -24.5 -12.50503
-33.5 -24.0 -13.02381
-33.5 -23.5 -13.30313
-33.5 -23.0 -13.30223
-33.5 -22.5 -13.00312
-33.5 -22.0 -12.41375
-33.5 -21.5 -11.56563
-33.5 -21.0 -10.50732
-33.5 -20.5 -9.29599
-33.5 -20.0 -7.98963
-33.5 -19.5 -6.64123
-33.5 -19.0 -5.29538
-33.5 -18.5 -3.98693
-33.5 -18.0 -2.74119
-33.5 -17.5 -1.57489
-33.5 -17.0 -0.49766
-33.5 -16.5  0.48648
-33.5 -16.0  1.37778
-33.5 -15.5  2.17948
-33.5 -15.0  2.89687
-33.5 -14.5  3.53647
-33.5 -14.0  4.10544
-33.5 -13.5  4.61117
-33.5 -13.0  5.06087
-33.5 -12.5  5.46143
-33.5 -12.0  5.81925
-33.5 -11.5  6.14011
-33.5 -11.0  6.42921
-33.5 -10.5  6.69107
-33.5 -10.0  6.92961
-33.5  -9.5  7.14813
-33.5  -9.0  7.34940
-33.5  -8.5  7.53566
-33.5  -8.0  7.70868
-33.5  -7.5  7.86983
-33.5  -7.0  8.02014
-33.5  -6.5  8.16030
-33.5  -6.0  8.29076
-33.5  -5.5  8.41174
-33.5  -5.0  8.52330
-33.5  -4.5  8.62535
-33.5  -4.0  8.71773
-33.5  -3.5  8.80019
-33.5  -3.0  8.87245
-33.5  -2.5  8.93421
-33.5  -2.0  8.98519
-33.5  -1.5  9.02514
-33.5  -1.0  9.05384
-33.5  -0.5  9.07112
-33.5   0.0  9.07690
-33.5   0.5  9.07112
-33.5   1.0  9.05384
-33.5   1.5  9.02514
-33.5   2.0  8.98519
-33.5   2.5  8.93421
-33.5   3.0  8.87245
-33.5   3.5  8.80019
-33.5   4.0  8.71773
-33.5   4.5  8.62535
-33.5   5.0  8.52330
-33.5   5.5  8.41174
-33.5   6.0  8.29076
-33.5   6.5  8.16030
-33.5   7.0  8.02014
-33.5   7.5  7.86983
-33.5   8.0  7.70868
-33.5   8.5  7.53566
-33.5   9.0  7.34940
-33.5   9.5  7.14813
-33.5  10.0  6.92961
-33.5  10.5  6.69107
-33.5  11.0  6.42921
-33.5  11.5  6.14011
-33.5  12.0  5.81925
-33.5  12.5  5.46143
-33.5  13.0  5.06087
-33.5  13.5  4.61117
-33.5  14.0  4.10544
-33.5  14.5  3.53647
-33.5  15.0  2.89687
-33.5  15.5  2.17948
-33.5  16.0  1.37778
-33.5  16.5  0.48648
-33.5  17.0 -0.49766
-33.5  17.5 -1.57489
-33.5  18.0 -2.74119
-33.5  18.5 -3.98693
-33.5  19.0 -5.29538
-33.5  19.5 -6.64123
-33.5  20.0 -7.98963
-33.5  20.5 -9.29599
-33.5  21.0 -10.50732
-33.5  21.5 -11.56563
-33.5  22.0 -12.41375
-33.5  22.5 -13.00312
-33.5  23.0 -13.30223
-33.5  23.5 -13.30313
-33.5  24.0 -13.02381
-33.5  24.5 -12.50503
-33.5  25.0 -11.80253
-33.5  25.5 -10.97730
-33.5  26.0 -10.08684
-33.5  26.5 -9.17932
-33.5  27.0 -8.29116
-33.5  27.5 -7.44711
-33.5  28.0 -6.66205
-33.5  28.5 -5.94322
-33.5  29.0 -5.29245
-33.5  29.5 -4.70803
-33.5  30.0 -4.18615
-33.5  30.5 -3.72185
-33.5  31.0 -3.30976
-33.5  31.5 -2.94449
-33.5  32.0 -2.62089
-33.5  32.5 -2.33421
-33.5  33.0 -2.08010
-33.5  33.5 -1.85469
-33.5  34.0 -1.65454
-33.5  34.5 -1.47661
-33.5  35.0 -1.31824
-33.5  35.5 -1.17710
-33.5  36.0 -1.05113
-33.5  36.5 -0.93856
-33.5  37.0 -0.83783
-33.5  37.5 -0.74757
-33.5  38.0 -0.66659
-33.5  38.5 -0.59386
-33.5  39.0 -0.52844
-33.5  39.5 -0.46955
-33.5  40.0 -0.41647
-33.5  40.5 -0.36858
-33.5  41.0 -0.32533
-33.5  41.5 -0.28625
-33.5  42.0 -0.25089
-33.5  42.5 -0.21888
-33.5  43.0 -0.18988
-33.5  43.5 -0.16360
-33.5  44.0 -0.13976
-33.5  44.5 -0.11813
-33.5  45.0 -0.09849
-33.0 -45.0 -0.14659
-33.0 -44.5 -0.16852
-33.0 -44.0 -0.19259
-33.0 -43.5 -0.21899
-33.0 -43.0 -0.24799
-33.0 -42.5 -0.27985
-33.0 -42.0 -0.31488
-33.0 -41.5 -0.35343
-33.0 -41.0 -0.39587
-33.0 -40.5 -0.44265
-33.0 -40.0 -0.49424
-33.0 -39.5 -0.55120
-33.0 -39.0 -0.61414
-33.0 -38.5 -0.68376
-33.0 -38.0 -0.76085
-33.0 -37.5 -0.84629
-33.0 -37.0 -0.94111
-33.0 -36.5 -1.04643
-33.0 -36.0 -1.16355
-33.0 -35.5 -1.29393
-33.0 -35.0 -1.43923
-33.0 -34.5 -1.60132
-33.0 -34.0 -1.78230
-33.0 -33.5 -1.98454
-33.0 -33.0 -2.21067
-33.0 -32.5 -2.46363
-33.0 -32.0 -2.74664
-33.0 -31.5 -3.06316
-33.0 -31.0 -3.41688
-33.0 -30.5 -3.81158
-33.0 -30.0 -4.25095
-33.0 -29.5 -4.73829
-33.0 -29.0 -5.27611
-33.0 -28.5 -5.86547
-33.0 -28.0 -6.50515
-33.0 -27.5 -7.19054
-33.0 -27.0 -7.91239
-33.0 -26.5 -8.65537
-33.0 -26.0 -9.39691
-33.0 -25.5 -10.10666
-33.0 -25.0 -10.74710
-33.0 -24.5 -11.27581
-33.0 -24.0 -11.64970
-33.0 -23.5 -11.83055
-33.0 -23.0 -11.79091
-33.0 -22.5 -11.51858
-33.0 -22.0 -11.01862
-33.0 -21.5 -10.31212
-33.0 -21.0 -9.43252
-33.0 -20.5 -8.42052
-33.0 -20.0 -7.31897
-33.0 -19.5 -6.16871
-33.0 -19.0 -5.00572
-33.0 -18.5 -3.85963
-33.0 -18.0 -2.75327
-33.0 -17.5 -1.70306
-33.0 -17.0 -0.71969
-33.0 -16.5  0.19088
-33.0 -16.0  1.02648
-33.0 -15.5  1.78778
-33.0 -15.0  2.47753
-33.0 -14.5  3.09990
-33.0 -14.0  3.65990
-33.0 -13.5  4.16302
-33.0 -13.0  4.61487
-33.0 -12.5  5.02096
-33.0 -12.0  5.38656
-33.0 -11.5  5.71654
-33.0 -11.0  6.01536
-33.0 -10.5  6.28697
-33.0 -10.0  6.53488
-33.0  -9.5  6.76209
-33.0  -9.0  6.97115
-33.0  -8.5  7.16417
-33.0  -8.0  7.34289
-33.0  -7.5  7.50868
-33.0  -7.0  7.66258
-33.0  -6.5  7.80537
-33.0  -6.0  7.93759
-33.0  -5.5  8.05958
-33.0  -5.0  8.17152
-33.0  -4.5  8.27345
-33.0  -4.0  8.36532
-33.0  -3.5  8.44701
-33.0  -3.0  8.51835
-33.0  -2.5  8.57915
-33.0  -2.0  8.62922
-33.0  -1.5  8.66837
-33.0  -1.0  8.69646
-33.0  -0.5  8.71336
-33.0   0.0  8.71900
-33.0   0.5  8.71336
-33.0   1.0  8.69646
-33.0   1.5  8.66837
-33.0   2.0  8.62922
-33.0   2.5  8.57915
-33.0   3.0  8.51835
-33.0   3.5  8.44701
-33.0   4.0  8.36532
-33.0   4.5  8.27345
-33.0   5.0  8.17152
-33.0   5.5  8.05958
-33.0   6.0  7.93759
-33.0   6.5  7.80537
-33.0   7.0  7.66258
-33.0   7.5  7.50868
-33.0   8.0  7.34289
-33.0   8.5  7.16417
-33.0   9.0  6.97115
-33.0   9.5  6.76209
-33.0  10.0  6.53488
-33.0  10.5  6.28697
-33.0  11.0  6.01536
-33.0  11.5  5.71654
-33.0  12.0  5.38656
-33.0  12.5  5.02096
-33.0  13.0  4.61487
-33.0  13.5  4.16302
-33.0  14.0  3.65990
-33.0  14.5  3.09990
-33.0  15.0  2.47753
-33.0  15.5  1.78778
-33.0  16.0  1.02648
-33.0  16.5  0.19088
-33.0  17.0 -0.71969
-33.0  17.5 -1.70306
-33.0  18.0 -2.75327
-33.0  18.5 -3.85963
-33.0  19.0 -5.00572
-33.0  19.5 -6.16871
-33.0  20.0 -7.31897
-33.0  20.5 -8.42052
-33.0  21.0 -9.43252
-33.0  21.5 -10.31212
-33.0  22.0 -11.01862
-33.0  22.5 -11.51858
-33.0  23.0 -11.79091
-33.0  23.5 -11.83055
-33.0  24.0 -11.64970
-33.0  24.5 -11.27581
-33.0  25.0 -10.74710
-33.0  25.5 -10.10666
-33.0  26.0 -9.39691
-33.0  26.5 -8.65537
-33.0  27.0 -7.91239
-33.0  27.5 -7.19054
-33.0  28.0 -6.50515
-33.0  28.5 -5.86547
-33.0  29.0 -5.27611
-33.0  29.5 -4.73829
-33.0  30.0 -4.25095
-33.0  30.5 -3.81158
-33.0  31.0 -3.41688
-33.0  31.5 -3.06316
-33.0  32.0 -2.74664
-33.0  32.5 -2.46363
-33.0  33.0 -2.21067
-33.0  33.5 -1.98454
-33.0  34.0 -1.78230
-33.0  34.5 -1.60132
-33.0  35.0 -1.43923
-33.0  35.5 -1.29393
-33.0  36.0 -1.16355
-33.0  36.5 -1.04643
-33.0  37.0 -0.94111
-33.0  37.5 -0.84629
-33.0  38.0 -0.76085
-33.0  38.5 -0.68376
-33.0  39.0 -0.61414
-33.0  39.5 -0.55120
-33.0  40.0 -0.49424
-33.0  40.5 -0.44265
-33.0  41.0 -0.39587
-33.0  41.5 -0.35343
-33.0  42.0 -0.31488
-33.0  42.5 -0.27985
-33.0  43.0 -0.24799
-33.0  43.5 -0.21899
-33.0  44.0 -0.19259
-33.0  44.5 -0.16852
-33.0  45.0 -0.14659
-32.5 -45.0 -0.19276
-32.5 -44.5 -0.21680
-32.5 -44.0 -0.24307
-32.5 -43.5 -0.27180
-32.5 -43.0 -0.30324
-32.5 -42.5 -0.33766
-32.5 -42.0 -0.37537
-32.5 -41.5 -0.41672
-32.5 -41.0 -0.46209
-32.5 -40.5 -0.51191
-32.5 -40.0 -0.56666
-32.5 -39.5 -0.62687
-32.5 -39.0 -0.69317
-32.5 -38.5 -0.76621
-32.5 -38.0 -0.84676
-32.5 -37.5 -0.93567
-32.5 -37.0 -1.03390
-32.5 -36.5 -1.14252
-32.5 -36.0 -1.26274
-32.5 -35.5 -1.39589
-32.5 -35.0 -1.54348
-32.5 -34.5 -1.70718
-32.5 -34.0 -1.88885
-32.5 -33.5 -2.09053
-32.5 -33.0 -2.31447
-32.5 -32.5 -2.56307
-32.5 -32.0 -2.83890
-32.5 -31.5 -3.14465
-32.5 -31.0 -3.48302
-32.5 -30.5 -3.85659
-32.5 -30.0 -4.26764
-32.5 -29.5 -4.71784
-32.5 -29.0 -5.20786
-32.5 -28.5 -5.73685
-32.5 -28.0 -6.30174
-32.5 -27.5 -6.89652
-32.5 -27.0 -7.51128
-32.5 -26.5 -8.13151
-32.5 -26.0 -8.73753
-32.5 -25.5 -9.30448
-32.5 -25.0 -9.80322
-32.5 -24.5 -10.20221
-32.5 -24.0 -10.47044
-32.5 -23.5 -10.58111
-32.5 -23.0 -10.51523
-32.5 -22.5 -10.26443
-32.5 -22.0 -9.83213
-32.5 -21.5 -9.23293
-32.5 -21.0 -8.49047
-32.5 -20.5 -7.63422
-32.5 -20.0 -6.69616
-32.5 -19.5 -5.70782
-32.5 -19.0 -4.69801
-32.5 -18.5 -3.69149
-32.5 -18.0 -2.70827
-32.5 -17.5 -1.76361
-32.5 -17.0 -0.86830
-32.5 -16.5 -0.02927
-32.5 -16.0  0.74980
-32.5 -15.5  1.46785
-32.5 -15.0  2.12573
-32.5 -14.5  2.72577
-32.5 -14.0  3.27127
-32.5 -13.5  3.76613
-32.5 -13.0  4.21458
-32.5 -12.5  4.62093
-32.5 -12.0  4.98941
-32.5 -11.5  5.32405
-32.5 -11.0  5.62861
-32.5 -10.5  5.90651
-32.5 -10.0  6.16078
-32.5  -9.5  6.39413
-32.5  -9.0  6.60886
-32.5  -8.5  6.80694
-32.5  -8.0  6.99000
-32.5  -7.5  7.15936
-32.5  -7.0  7.31608
-32.5  -6.5  7.46097
-32.5  -6.0  7.59462
-32.5  -5.5  7.71746
-32.5  -5.0  7.82973
-32.5  -4.5  7.93159
-32.5  -4.0  8.02308
-32.5  -3.5  8.10417
-32.5  -3.0  8.17479
-32.5  -2.5  8.23483
-32.5  -2.0  8.28416
-32.5  -1.5  8.32267
-32.5  -1.0  8.35027
-32.5  -0.5  8.36686
-32.5   0.0  8.37239
-32.5   0.5  8.36686
-32.5   1.0  8.35027
-32.5   1.5  8.32267
-32.5   2.0  8.28416
-32.5   2.5  8.23483
-32.5   3.0  8.17479
-32.5   3.5  8.10417
-32.5   4.0  8.02308
-32.5   4.5  7.93159
-32.5   5.0  7.82973
-32.5   5.5  7.71746
-32.5   6.0  7.59462
-32.5   6.5  7.46097
-32.5   7.0  7.31608
-32.5   7.5  7.15936
-32.5   8.0  6.99000
-32.5   8.5  6.80694
-32.5   9.0  6.60886
-32.5   9.5  6.39413
-32.5  10.0  6.16078
-32.5  10.5  5.90651
-32.5  11.0  5.62861
-32.5  11.5  5.32405
-32.5  12.0  4.98941
-32.5  12.5  4.62093
-32.5  13.0  4.21458
-32.5  13.5  3.76613
-32.5  14.0  3.27127
-32.5  14.5  2.72577
-32.5  15.0  2.12573
-32.5  15.5  1.46785
-32.5  16.0  0.74980
-32.5  16.5 -0.02927
-32.5  17.0 -0.86830
-32.5  17.5 -1.76361
-32.5  18.0 -2.70827
-32.5  18.5 -3.69149
-32.5  19.0 -4.69801
-32.5  19.5 -5.70782
-32.5  20.0 -6.69616
-32.5  20.5 -7.63422
-32.5  21.0 -8.49047
-32.5  21.5 -9.23293
-32.5  22.0 -9.83213
-32.5  22.5 -10.26443
-32.5  23.0 -10.51523
-32.5  23.5 -10.58111
-32.5  24.0 -10.47044
-32.5  24.5 -10.20221
-32.5  25.0 -9.80322
-32.5  25.5 -9.30448
-32.5  26.0 -8.73753
-32.5  26.5 -8.13151
-32.5  27.0 -7.51128
-32.5  27.5 -6.89652
-32.5  28.0 -6.30174
-32.5  28.5 -5.73685
-32.5  29.0 -5.20786
-32.5  29.5 -4.71784
-32.5  30.0 -4.26764
-32.5  30.5 -3.85659
-32.5  31.0 -3.48302
-32.5  31.5 -3.14465
-32.5  32.0 -2.83890
-32.5  32.5 -2.56307
-32.5  33.0 -2.31447
-32.5  33.5 -2.09053
-32.5  34.0 -1.88885
-32.5  34.5 -1.70718
-32.5  35.0 -1.54348
-32.5  35.5 -1.39589
-32.5  36.0 -1.26274
-32.5  36.5 -1.14252
-32.5  37.0 -1.03390
-32.5  37.5 -0.93567
-32.5  38.0 -0.84676
-32.5  38.5 -0.76621
-32.5  39.0 -0.69317
-32.5  39.5 -0.62687
-32.5  40.0 -0.56666
-32.5  40.5 -0.51191
-32.5  41.0 -0.46209
-32.5  41.5 -0.41672
-32.5  42.0 -0.37537
-32.5  42.5 -0.33766
-32.5  43.0 -0.30324
-32.5  43.5 -0.27180
-32.5  44.0 -0.24307
-32.5  44.5 -0.21680
-32.5  45.0 -0.19276
-32.0 -45.0 -0.23690
-32.0 -44.5 -0.26285
-32.0 -44.0 -0.29111
-32.0 -43.5 -0.32191
-32.0 -43.0 -0.35551
-32.0 -42.5 -0.39218
-32.0 -42.0 -0.43223
-32.0 -41.5 -0.47600
-32.0 -41.0 -0.52386
-32.0 -40.5 -0.57624
-32.0 -40.0 -0.63361
-32.0 -39.5 -0.69649
-32.0 -39.0 -0.76546
-32.0 -38.5 -0.84117
-32.0 -38.0 -0.92433
-32.0 -37.5 -1.01576
-32.0 -37.0 -1.11633
-32.0 -36.5 -1.22705
-32.0 -36.0 -1.34901
-32.0 -35.5 -1.48343
-32.0 -35.0 -1.63163
-32.0 -34.5 -1.79510
-32.0 -34.0 -1.97542
-32.0 -33.5 -2.17431
-32.0 -33.0 -2.39362
-32.0 -32.5 -2.63528
-32.0 -32.0 -2.90125
-32.0 -31.5 -3.19351
-32.0 -31.0 -3.51391
-32.0 -30.5 -3.86403
-32.0 -30.0 -4.24502
-32.0 -29.5 -4.65731
-32.0 -29.0 -5.10028
-32.0 -28.5 -5.57181
-32.0 -28.0 -6.06783
-32.0 -27.5 -6.58172
-32.0 -27.0 -7.10382
-32.0 -26.5 -7.62099
-32.0 -26.0 -8.11646
-32.0 -25.5 -8.57008
-32.0 -25.0 -8.95918
-32.0 -24.5 -9.26006
-32.0 -24.0 -9.45007
-32.0 -23.5 -9.51001
-32.0 -23.0 -9.42651
-32.0 -22.5 -9.19370
-32.0 -22.0 -8.81404
-32.0 -21.5 -8.29799
-32.0 -21.0 -7.66260
-32.0 -20.5 -6.92962
-32.0 -20.0 -6.12318
-32.0 -19.5 -5.26769
-32.0 -19.0 -4.38622
-32.0 -18.5 -3.49923
-32.0 -18.0 -2.62396
-32.0 -17.5 -1.77414
-32.0 -17.0 -0.96010
-32.0 -16.5 -0.18905
-32.0 -16.0  0.53450
-32.0 -15.5  1.20831
-32.0 -15.0  1.83192
-32.0 -14.5  2.40628
-32.0 -14.0  2.93332
-32.0 -13.5  3.41567
-32.0 -13.0  3.85638
-32.0 -12.5  4.25873
-32.0 -12.0  4.62605
-32.0 -11.5  4.96160
-32.0 -11.0  5.26848
-32.0 -10.5  5.54959
-32.0 -10.0  5.80755
-32.0  -9.5  6.04473
-32.0  -9.0  6.26317
-32.0  -8.5  6.46468
-32.0  -8.0  6.65075
-32.0  -7.5  6.82264
-32.0  -7.0  6.98138
-32.0  -6.5  7.12778
-32.0  -6.0  7.26245
-32.0  -5.5  7.38587
-32.0  -5.0  7.49835
-32.0  -4.5  7.60010
-32.0  -4.0  7.69124
-32.0  -3.5  7.77181
-32.0  -3.0  7.84181
-32.0  -2.5  7.90120
-32.0  -2.0  7.94992
-32.0  -1.5  7.98790
-32.0  -1.0  8.01509
-32.0  -0.5  8.03142
-32.0   0.0  8.03687
-32.0   0.5  8.03142
-32.0   1.0  8.01509
-32.0   1.5  7.98790
-32.0   2.0  7.94992
-32.0   2.5  7.90120
-32.0   3.0  7.84181
-32.0   3.5  7.77181
-32.0   4.0  7.69124
-32.0   4.5  7.60010
-32.0   5.0  7.49835
-32.0   5.5  7.38587
-32.0   6.0  7.26245
-32.0   6.5  7.12778
-32.0   7.0  6.98138
-32.0   7.5  6.82264
-32.0   8.0  6.65075
-32.0   8.5  6.46468
-32.0   9.0  6.26317
-32.0   9.5  6.04473
-32.0  10.0  5.80755
-32.0  10.5  5.54959
-32.0  11.0  5.26848
-32.0  11.5  4.96160
-32.0  12.0  4.62605
-32.0  12.5  4.25873
-32.0  13.0  3.85638
-32.0  13.5  3.41567
-32.0  14.0  2.93332
-32.0  14.5  2.40628
-32.0  15.0  1.83192
-32.0  15.5  1.20831
-32.0  16.0  0.53450
-32.0  16.5 -0.18905
-32.0  17.0 -0.96010
-32.0  17.5 -1.77414
-32.0  18.0 -2.62396
-32.0  18.5 -3.49923
-32.0  19.0 -4.38622
-32.0  19.5 -5.26769
-32.0  20.0 -6.12318
-32.0  20.5 -6.92962
-32.0  21.0 -7.66260
-32.0  21.5 -8.29799
-32.0  22.0 -8.81404
-32.0  22.5 -9.19370
-32.0  23.0 -9.42651
-32.0  23.5 -9.51001
-32.0  24.0 -9.45007
-32.0  24.5 -9.26006
-32.0  25.0 -8.95918
-32.0  25.5 -8.57008
-32.0  26.0 -8.11646
-32.0  26.5 -7.62099
-32.0  27.0 -7.10382
-32.0  27.5 -6.58172
-32.0  28.0 -6.06783
-32.0  28.5 -5.57181
-32.0  29.0 -5.10028
-32.0  29.5 -4.65731
-32.0  30.0 -4.24502
-32.0  30.5 -3.86403
-32.0  31.0 -3.51391
-32.0  31.5 -3.19351
-32.0  32.0 -2.90125
-32.0  32.5 -2.63528
-32.0  33.0 -2.39362
-32.0  33.5 -2.17431
-32.0  34.0 -1.97542
-32.0  34.5 -1.79510
-32.0  35.0 -1.63163
-32.0  35.5 -1.48343
-32.0  36.0 -1.34901
-32.0  36.5 -1.22705
-32.0  37.0 -1.11633
-32.0  37.5 -1.01576
-32.0  38.0 -0.92433
-32.0  38.5 -0.84117
-32.0  39.0 -0.76546
-32.0  39.5 -0.69649
-32.0  40.0 -0.63361
-32.0  40.5 -0.57624
-32.0  41.0 -0.52386
-32.0  41.5 -0.47600
-32.0  42.0 -0.43223
-32.0  42.5 -0.39218
-32.0  43.0 -0.35551
-32.0  43.5 -0.32191
-32.0  44.0 -0.29111
-32.0  44.5 -0.26285
-32.0  45.0 -0.23690
-31.5 -45.0 -0.27894
-31.5 -44.5 -0.30658
-31.5 -44.0 -0.33660
-31.5 -43.5 -0.36923
-31.5 -43.0 -0.40472
-31.5 -42.5 -0.44334
-31.5 -42.0 -0.48538
-31.5 -41.5 -0.53119
-31.5 -41.0 -0.58112
-31.5 -40.5 -0.63560
-31.5 -40.0 -0.69507
-31.5 -39.5 -0.76003
-31.5 -39.0 -0.83103
-31.5 -38.5 -0.90868
-31.5 -38.0 -0.99366
-31.5 -37.5 -1.08670
-31.5 -37.0 -1.18864
-31.5 -36.5 -1.30036
-31.5 -36.0 -1.42286
-31.5 -35.5 -1.55720
-31.5 -35.0 -1.70456
-31.5 -34.5 -1.86619
-31.5 -34.0 -2.04343
-31.5 -33.5 -2.23769
-31.5 -33.0 -2.45044
-31.5 -32.5 -2.68316
-31.5 -32.0 -2.93730
-31.5 -31.5 -3.21420
-31.5 -31.0 -3.51499
-31.5 -30.5 -3.84048
-31.5 -30.0 -4.19093
-31.5 -29.5 -4.56587
-31.5 -29.0 -4.96380
-31.5 -28.5 -5.38187
-31.5 -28.0 -5.81552
-31.5 -27.5 -6.25812
-31.5 -27.0 -6.70067
-31.5 -26.5 -7.13159
-31.5 -26.0 -7.53679
-31.5 -25.5 -7.90001
-31.5 -25.0 -8.20353
-31.5 -24.5 -8.42937
-31.5 -24.0 -8.56074
-31.5 -23.5 -8.58365
-31.5 -23.0 -8.48851
-31.5 -22.5 -8.27117
-31.5 -22.0 -7.93349
-31.5 -21.5 -7.48314
-31.5 -21.0 -6.93273
-31.5 -20.5 -6.29854
-31.5 -20.0 -5.59898
-31.5 -19.5 -4.85311
-31.5 -19.0 -4.07939
-31.5 -18.5 -3.29468
-31.5 -18.0 -2.51362
-31.5 -17.5 -1.74836
-31.5 -17.0 -1.00844
-31.5 -16.5 -0.30096
-31.5 -16.0  0.36924
-31.5 -15.5  0.99919
-31.5 -15.0  1.58755
-31.5 -14.5  2.13423
-31.5 -14.0  2.64014
-31.5 -13.5  3.10688
-31.5 -13.0  3.53655
-31.5 -12.5  3.93155
-31.5 -12.0  4.29443
-31.5 -11.5  4.62776
-31.5 -11.0  4.93408
-31.5 -10.5  5.21577
-31.5 -10.0  5.47507
-31.5  -9.5  5.71400
-31.5  -9.0  5.93438
-31.5  -8.5  6.13780
-31.5  -8.0  6.32563
-31.5  -7.5  6.49904
-31.5  -7.0  6.65899
-31.5  -6.5  6.80628
-31.5  -6.0  6.94152
-31.5  -5.5  7.06520
-31.5  -5.0  7.17767
-31.5  -4.5  7.27920
-31.5  -4.0  7.36994
-31.5  -3.5  7.45001
-31.5  -3.0  7.51944
-31.5  -2.5  7.57825
-31.5  -2.0  7.62642
-31.5  -1.5  7.66394
-31.5  -1.0  7.69076
-31.5  -0.5  7.70687
-31.5   0.0  7.71224
-31.5   0.5  7.70687
-31.5   1.0  7.69076
-31.5   1.5  7.66394
-31.5   2.0  7.62642
-31.5   2.5  7.57825
-31.5   3.0  7.51944
-31.5   3.5  7.45001
-31.5   4.0  7.36994
-31.5   4.5  7.27920
-31.5   5.0  7.17767
-31.5   5.5  7.06520
-31.5   6.0  6.94152
-31.5   6.5  6.80628
-31.5   7.0  6.65899
-31.5   7.5  6.49904
-31.5   8.0  6.32563
-31.5   8.5  6.13780
-31.5   9.0  5.93438
-31.5   9.5  5.71400
-31.5  10.0  5.47507
-31.5  10.5  5.21577
-31.5  11.0  4.93408
-31.5  11.5  4.62776
-31.5  12.0  4.29443
-31.5  12.5  3.93155
-31.5  13.0  3.53655
-31.5  13.5  3.10688
-31.5  14.0  2.64014
-31.5  14.5  2.13423
-31.5  15.0  1.58755
-31.5  15.5  0.99919
-31.5  16.0  0.36924
-31.5  16.5 -0.30096
-31.5  17.0 -1.00844
-31.5  17.5 -1.74836
-31.5  18.0 -2.51362
-31.5  18.5 -3.29468
-31.5  19.0 -4.07939
-31.5  19.5 -4.85311
-31.5  20.0 -5.59898
-31.5  20.5 -6.29854
-31.5  21.0 -6.93273
-31.5  21.5 -7.48314
-31.5  22.0 -7.93349
-31.5  22.5 -8.27117
-31.5  23.0 -8.48851
-31.5  23.5 -8.58365
-31.5  24.0 -8.56074
-31.5  24.5 -8.42937
-31.5  25.0 -8.20353
-31.5  25.5 -7.90001
-31.5  26.0 -7.53679
-31.5  26.5 -7.13159
-31.5  27.0 -6.70067
-31.5  27.5 -6.25812
-31.5  28.0 -5.81552
-31.5  28.5 -5.38187
-31.5  29.0 -4.96380
-31.5  29.5 -4.56587
-31.5  30.0 -4.19093
-31.5  30.5 -3.84048
-31.5  31.0 -3.51499
-31.5  31.5 -3.21420
-31.5  32.0 -2.93730
-31.5  32.5 -2.68316
-31.5  33.0 -2.45044
-31.5  33.5 -2.23769
-31.5  34.0 -2.04343
-31.5  34.5 -1.86619
-31.5  35.0 -1.70456
-31.5  35.5 -1.55720
-31.5  36.0 -1.42286
-31.5  36.5 -1.30036
-31.5  37.0 -1.18864
-31.5  37.5 -1.08670
-31.5  38.0 -0.99366
-31.5  38.5 -0.90868
-31.5  39.0 -0.83103
-31.5  39.5 -0.76003
-31.5  40.0 -0.69507
-31.5  40.5 -0.63560
-31.5  41.0 -0.58112
-31.5  41.5 -0.53119
-31.5  42.0 -0.48538
-31.5  42.5 -0.44334
-31.5  43.0 -0.40472
-31.5  43.5 -0.36923
-31.5  44.0 -0.33660
-31.5  44.5 -0.30658
-31.5  45.0 -0.27894
-31.0 -45.0 -0.31879
-31.0 -44.5 -0.34793
-31.0 -44.0 -0.37949
-31.0 -43.5 -0.41370
-31.0 -43.0 -0.45080
-31.0 -42.5 -0.49106
-31.0 -42.0 -0.53477
-31.0 -41.5 -0.58225
-31.0 -41.0 -0.63385
-31.0 -40.5 -0.68998
-31.0 -40.0 -0.75105
-31.0 -39.5 -0.81753
-31.0 -39.0 -0.88995
-31.0 -38.5 -0.96888
-31.0 -38.0 -1.05492
-31.0 -37.5 -1.14877
-31.0 -37.0 -1.25117
-31.0 -36.5 -1.36291
-31.0 -36.0 -1.48486
-31.0 -35.5 -1.61797
-31.0 -35.0 -1.76323
-31.0 -34.5 -1.92168
-31.0 -34.0 -2.09442
-31.0 -33.5 -2.28259
-31.0 -33.0 -2.48729
-31.0 -32.5 -2.70962
-31.0 -32.0 -2.95056
-31.0 -31.5 -3.21093
-31.0 -31.0 -3.49130
-31.0 -30.5 -3.79184
-31.0 -30.0 -4.11218
-31.0 -29.5 -4.45121
-31.0 -29.0 -4.80690
-31.0 -28.5 -5.17601
-31.0 -28.0 -5.55387
-31.0 -27.5 -5.93415
-31.0 -27.0 -6.30871
-31.0 -26.5 -6.66754
-31.0 -26.0 -6.99887
-31.0 -25.5 -7.28957
-31.0 -25.0 -7.52576
-31.0 -24.5 -7.69363
-31.0 -24.0 -7.78059
-31.0 -23.5 -7.77629
-31.0 -23.0 -7.67373
-31.0 -22.5 -7.46997
-31.0 -22.0 -7.16646
-31.0 -21.5 -6.76897
-31.0 -21.0 -6.28700
-31.0 -20.5 -5.73293
-31.0 -20.0 -5.12097
-31.0 -19.5 -4.46612
-31.0 -19.0 -3.78318
-31.0 -18.5 -3.08603
-31.0 -18.0 -2.38706
-31.0 -17.5 -1.69683
-31.0 -17.0 -1.02399
-31.0 -16.5 -0.37524
-31.0 -16.0  0.24448
-31.0 -15.5  0.83187
-31.0 -15.0  1.38500
-31.0 -14.5  1.90307
-31.0 -14.0  2.38620
-31.0 -13.5  2.83521
-31.0 -13.0  3.25142
-31.0 -12.5  3.63650
-31.0 -12.0  3.99234
-31.0 -11.5  4.32093
-31.0 -11.0  4.62427
-31.0 -10.5  4.90431
-31.0 -10.0  5.16291
-31.0  -9.5  5.40179
-31.0  -9.0  5.62251
-31.0  -8.5  5.82648
-31.0  -8.0  6.01491
-31.0  -7.5  6.18887
-31.0  -7.0  6.34925
-31.0  -6.5  6.49680
-31.0  -6.0  6.63213
-31.0  -5.5  6.75572
-31.0  -5.0  6.86794
-31.0  -4.5  6.96907
-31.0  -4.0  7.05933
-31.0  -3.5  7.13883
-31.0  -3.0  7.20768
-31.0  -2.5  7.26593
-31.0  -2.0  7.31358
-31.0  -1.5  7.35066
-31.0  -1.0  7.37715
-31.0  -0.5  7.39305
-31.0   0.0  7.39835
-31.0   0.5  7.39305
-31.0   1.0  7.37715
-31.0   1.5  7.35066
-31.0   2.0  7.31358
-31.0   2.5  7.26593
-31.0   3.0  7.20768
-31.0   3.5  7.13883
-31.0   4.0  7.05933
-31.0   4.5  6.96907
-31.0   5.0  6.86794
-31.0   5.5  6.75572
-31.0   6.0  6.63213
-31.0   6.5  6.49680
-31.0   7.0  6.34925
-31.0   7.5  6.18887
-31.0   8.0  6.01491
-31.0   8.5  5.82648
-31.0   9.0  5.62251
-31.0   9.5  5.40179
-31.0  10.0  5.16291
-31.0  10.5  4.90431
-31.0  11.0  4.62427
-31.0  11.5  4.32093
-31.0  12.0  3.99234
-31.0  12.5  3.63650
-31.0  13.0  3.25142
-31.0  13.5  2.83521
-31.0  14.0  2.38620
-31.0  14.5  1.90307
-31.0  15.0  1.38500
-31.0  15.5  0.83187
-31.0  16.0  0.24448
-31.0  16.5 -0.37524
-31.0  17.0 -1.02399
-31.0  17.5 -1.69683
-31.0  18.0 -2.38706
-31.0  18.5 -3.08603
-31.0  19.0 -3.78318
-31.0  19.5 -4.46612
-31.0  20.0 -5.12097
-31.0  20.5 -5.73293
-31.0  21.0 -6.28700
-31.0  21.5 -6.76897
-31.0  22.0 -7.16646
-31.0  22.5 -7.46997
-31.0  23.0 -7.67373
-31.0  23.5 -7.77629
-31.0  24.0 -7.78059
-31.0  24.5 -7.69363
-31.0  25.0 -7.52576
-31.0  25.5 -7.28957
-31.0  26.0 -6.99887
-31.0  26.5 -6.66754
-31.0  27.0 -6.30871
-31.0  27.5 -5.93415
-31.0  28.0 -5.55387
-31.0  28.5 -5.17601
-31.0  29.0 -4.80690
-31.0  29.5 -4.45121
-31.0  30.0 -4.11218
-31.0  30.5 -3.79184
-31.0  31.0 -3.49130
-31.0  31.5 -3.21093
-31.0  32.0 -2.95056
-31.0  32.5 -2.70962
-31.0  33.0 -2.48729
-31.0  33.5 -2.28259
-31.0  34.0 -2.09442
-31.0  34.5 -1.92168
-31.0  35.0 -1.76323
-31.0  35.5 -1.61797
-31.0  36.0 -1.48486
-31.0  36.5 -1.36291
-31.0  37.0 -1.25117
-31.0  37.5 -1.14877
-31.0  38.0 -1.05492
-31.0  38.5 -0.96888
-31.0  39.0 -0.88995
-31.0  39.5 -0.81753
-31.0  40.0 -0.75105
-31.0  40.5 -0.68998
-31.0  41.0 -0.63385
-31.0  41.5 -0.58225
-31.0  42.0 -0.53477
-31.0  42.5 -0.49106
-31.0  43.0 -0.45080
-31.0  43.5 -0.41370
-31.0  44.0 -0.37949
-31.0  44.5 -0.34793
-31.0  45.0 -0.31879
-30.5 -45.0 -0.35643
-30.5 -44.5 -0.38686
-30.5 -44.0 -0.41974
-30.5 -43.5 -0.45529
-30.5 -43.0 -0.49374
-30.5 -42.5 -0.53534
-30.5 -42.0 -0.58039
-30.5 -41.5 -0.62919
-30.5 -41.0 -0.68207
-30.5 -40.5 -0.73941
-30.5 -40.0 -0.80161
-30.5 -39.5 -0.86911
-30.5 -39.0 -0.94239
-30.5 -38.5 -1.02196
-30.5 -38.0 -1.10840
-30.5 -37.5 -1.20231
-30.5 -37.0 -1.30436
-30.5 -36.5 -1.41525
-30.5 -36.0 -1.53573
-30.5 -35.5 -1.66661
-30.5 -35.0 -1.80870
-30.5 -34.5 -1.96288
-30.5 -34.0 -2.13000
-30.5 -33.5 -2.31093
-30.5 -33.0 -2.50650
-30.5 -32.5 -2.71743
-30.5 -32.0 -2.94433
-30.5 -31.5 -3.18761
-30.5 -31.0 -3.44735
-30.5 -30.5 -3.72328
-30.5 -30.0 -4.01457
-30.5 -29.5 -4.31971
-30.5 -29.0 -4.63635
-30.5 -28.5 -4.96112
-30.5 -28.0 -5.28949
-30.5 -27.5 -5.61559
-30.5 -27.0 -5.93220
-30.5 -26.5 -6.23073
-30.5 -26.0 -6.50143
-30.5 -25.5 -6.73367
-30.5 -25.0 -6.91648
-30.5 -24.5 -7.03920
-30.5 -24.0 -7.09224
-30.5 -23.5 -7.06787
-30.5 -23.0 -6.96090
-30.5 -22.5 -6.76923
-30.5 -22.0 -6.49404
-30.5 -21.5 -6.13976
-30.5 -21.0 -5.71367
-30.5 -20.5 -5.22533
-30.5 -20.0 -4.68582
-30.5 -19.5 -4.10704
-30.5 -19.0 -3.50093
-30.5 -18.5 -2.87891
-30.5 -18.0 -2.25141
-30.5 -17.5 -1.62759
-30.5 -17.0 -1.01513
-30.5 -16.5 -0.42025
-30.5 -16.0  0.15228
-30.5 -15.5  0.69901
-30.5 -15.0  1.21766
-30.5 -14.5  1.70697
-30.5 -14.0  2.16647
-30.5 -13.5  2.59639
-30.5 -13.0  2.99744
-30.5 -12.5  3.37070
-30.5 -12.0  3.71751
-30.5 -11.5  4.03934
-30.5 -11.0  4.33774
-30.5 -10.5  4.61427
-30.5 -10.0  4.87045
-30.5  -9.5  5.10771
-30.5  -9.0  5.32738
-30.5  -8.5  5.53066
-30.5  -8.0  5.71863
-30.5  -7.5  5.89224
-30.5  -7.0  6.05231
-30.5  -6.5  6.19952
-30.5  -6.0  6.33446
-30.5  -5.5  6.45758
-30.5  -5.0  6.56927
-30.5  -4.5  6.66982
-30.5  -4.0  6.75944
-30.5  -3.5  6.83831
-30.5  -3.0  6.90653
-30.5  -2.5  6.96419
-30.5  -2.0  7.01132
-30.5  -1.5  7.04797
-30.5  -1.0  7.07414
-30.5  -0.5  7.08984
-30.5   0.0  7.09507
-30.5   0.5  7.08984
-30.5   1.0  7.07414
-30.5   1.5  7.04797
-30.5   2.0  7.01132
-30.5   2.5  6.96419
-30.5   3.0  6.90653
-30.5   3.5  6.83831
-30.5   4.0  6.75944
-30.5   4.5  6.66982
-30.5   5.0  6.56927
-30.5   5.5  6.45758
-30.5   6.0  6.33446
-30.5   6.5  6.19952
-30.5   7.0  6.05231
-30.5   7.5  5.89224
-30.5   8.0  5.71863
-30.5   8.5  5.53066
-30.5   9.0  5.32738
-30.5   9.5  5.10771
-30.5  10.0  4.87045
-30.5  10.5  4.61427
-30.5  11.0  4.33774
-30.5  11.5  4.03934
-30.5  12.0  3.71751
-30.5  12.5  3.37070
-30.5  13.0  2.99744
-30.5  13.5  2.59639
-30.5  14.0  2.16647
-30.5  14.5  1.70697
-30.5  15.0  1.21766
-30.5  15.5  0.69901
-30.5  16.0  0.15228
-30.5  16.5 -0.42025
-30.5  17.0 -1.01513
-30.5  17.5 -1.62759
-30.5  18.0 -2.25141
-30.5  18.5 -2.87891
-30.5  19.0 -3.50093
-30.5  19.5 -4.10704
-30.5  20.0 -4.68582
-30.5  20.5 -5.22533
-30.5  21.0 -5.71367
-30.5  21.5 -6.13976
-30.5  22.0 -6.49404
-30.5  22.5 -6.76923
-30.5  23.0 -6.96090
-30.5  23.5 -7.06787
-30.5  24.0 -7.09224
-30.5  24.5 -7.03920
-30.5  25.0 -6.91648
-30.5  25.5 -6.73367
-30.5  26.0 -6.50143
-30.5  26.5 -6.23073
-30.5  27.0 -5.93220
-30.5  27.5 -5.61559
-30.5  28.0 -5.28949
-30.5  28.5 -4.96112
-30.5  29.0 -4.63635
-30.5  29.5 -4.31971
-30.5  30.0 -4.01457
-30.5  30.5 -3.72328
-30.5  31.0 -3.44735
-30.5  31.5 -3.18761
-30.5  32.0 -2.94433
-30.5  32.5 -2.71743
-30.5  33.0 -2.50650
-30.5  33.5 -2.31093
-30.5  34.0 -2.13000
-30.5  34.5 -1.96288
-30.5  35.0 -1.80870
-30.5  35.5 -1.66661
-30.5  36.0 -1.53573
-30.5  36.5 -1.41525
-30.5  37.0 -1.30436
-30.5  37.5 -1.20231
-30.5  38.0 -1.10840
-30.5  38.5 -1.02196
-30.5  39.0 -0.94239
-30.5  39.5 -0.86911
-30.5  40.0 -0.80161
-30.5  40.5 -0.73941
-30.5  41.0 -0.68207
-30.5  41.5 -0.62919
-30.5  42.0 -0.58039
-30.5  42.5 -0.53534
-30.5  43.0 -0.49374
-30.5  43.5 -0.45529
-30.5  44.0 -0.41974
-30.5  44.5 -0.38686
-30.5  45.0 -0.35643
-30.0 -45.0 -0.39181
-30.0 -44.5 -0.42334
-30.0 -44.0 -0.45733
-30.0 -43.5 -0.49397
-30.0 -43.0 -0.53351
-30.0 -42.5 -0.57619
-30.0 -42.0 -0.62227
-30.0 -41.5 -0.67205
-30.0 -41.0 -0.72584
-30.0 -40.5 -0.78400
-30.0 -40.0 -0.84689
-30.0 -39.5 -0.91492
-30.0 -39.0 -0.98853
-30.0 -38.5 -1.06819
-30.0 -38.0 -1.15441
-30.0 -37.5 -1.24772
-30.0 -37.0 -1.34872
-30.0 -36.5 -1.45801
-30.0 -36.0 -1.57622
-30.0 -35.5 -1.70403
-30.0 -35.0 -1.84210
-30.0 -34.5 -1.99112
-30.0 -34.0 -2.15176
-30.0 -33.5 -2.32464
-30.0 -33.0 -2.51032
-30.0 -32.5 -2.70924
-30.0 -32.0 -2.92169
-30.0 -31.5 -3.14774
-30.0 -31.0 -3.38714
-30.0 -30.5 -3.63926
-30.0 -30.0 -3.90297
-30.0 -29.5 -4.17653
-30.0 -29.0 -4.45745
-30.0 -28.5 -4.74242
-30.0 -28.0 -5.02713
-30.0 -27.5 -5.30629
-30.0 -27.0 -5.57356
-30.0 -26.5 -5.82162
-30.0 -26.0 -6.04238
-30.0 -25.5 -6.22724
-30.0 -25.0 -6.36748
-30.0 -24.5 -6.45477
-30.0 -24.0 -6.48175
-30.0 -23.5 -6.44256
-30.0 -23.0 -6.33333
-30.0 -22.5 -6.15255
-30.0 -22.0 -5.90120
-30.0 -21.5 -5.58275
-30.0 -21.0 -5.20286
-30.0 -20.5 -4.76901
-30.0 -20.0 -4.28996
-30.0 -19.5 -3.77520
-30.0 -19.0 -3.23442
-30.0 -18.5 -2.67704
-30.0 -18.0 -2.11186
-30.0 -17.5 -1.54673
-30.0 -17.0 -0.98845
-30.0 -16.5 -0.44268
-30.0 -16.0  0.08608
-30.0 -15.5  0.59439
-30.0 -15.0  1.07982
-30.0 -14.5  1.54077
-30.0 -14.0  1.97642
-30.0 -13.5  2.38651
-30.0 -13.0  2.77130
-30.0 -12.5  3.13139
-30.0 -12.0  3.46766
-30.0 -11.5  3.78117
-30.0 -11.0  4.07307
-30.0 -10.5  4.34458
-30.0 -10.0  4.59690
-30.0  -9.5  4.83120
-30.0  -9.0  5.04860
-30.0  -8.5  5.25012
-30.0  -8.0  5.43669
-30.0  -7.5  5.60915
-30.0  -7.0  5.76821
-30.0  -6.5  5.91451
-30.0  -6.0  6.04858
-30.0  -5.5  6.17087
-30.0  -5.0  6.28174
-30.0  -4.5  6.38148
-30.0  -4.0  6.47031
-30.0  -3.5  6.54843
-30.0  -3.0  6.61594
-30.0  -2.5  6.67296
-30.0  -2.0  6.71955
-30.0  -1.5  6.75575
-30.0  -1.0  6.78159
-30.0  -0.5  6.79709
-30.0   0.0  6.80225
-30.0   0.5  6.79709
-30.0   1.0  6.78159
-30.0   1.5  6.75575
-30.0   2.0  6.71955
-30.0   2.5  6.67296
-30.0   3.0  6.61594
-30.0   3.5  6.54843
-30.0   4.0  6.47031
-30.0   4.5  6.38148
-30.0   5.0  6.28174
-30.0   5.5  6.17087
-30.0   6.0  6.04858
-30.0   6.5  5.91451
-30.0   7.0  5.76821
-30.0   7.5  5.60915
-30.0   8.0  5.43669
-30.0   8.5  5.25012
-30.0   9.0  5.04860
-30.0   9.5  4.83120
-30.0  10.0  4.59690
-30.0  10.5  4.34458
-30.0  11.0  4.07307
-30.0  11.5  3.78117
-30.0  12.0  3.46766
-30.0  12.5  3.13139
-30.0  13.0  2.77130
-30.0  13.5  2.38651
-30.0  14.0  1.97642
-30.0  14.5  1.54077
-30.0  15.0  1.07982
-30.0  15.5  0.59439
-30.0  16.0  0.08608
-30.0  16.5 -0.44268
-30.0  17.0 -0.98845
-30.0  17.5 -1.54673
-30.0  18.0 -2.11186
-30.0  18.5 -2.67704
-30.0  19.0 -3.23442
-30.0  19.5 -3.77520
-30.0  20.0 -4.28996
-30.0  20.5 -4.76901
-30.0  21.0 -5.20286
-30.0  21.5 -5.58275
-30.0  22.0 -5.90120
-30.0  22.5 -6.15255
-30.0  23.0 -6.33333
-30.0  23.5 -6.44256
-30.0  24.0 -6.48175
-30.0  24.5 -6.45477
-30.0  25.0 -6.36748
-30.0  25.5 -6.22724
-30.0  26.0 -6.04238
-30.0  26.5 -5.82162
-30.0  27.0 -5.57356
-30.0  27.5 -5.30629
-30.0  28.0 -5.02713
-30.0  28.5 -4.74242
-30.0  29.0 -4.45745
-30.0  29.5 -4.17653
-30.0  30.0 -3.90297
-30.0  30.5 -3.63926
-30.0  31.0 -3.38714
-30.0  31.5 -3.14774
-30.0  32.0 -2.92169
-30.0  32.5 -2.70924
-30.0  33.0 -2.51032
-30.0  33.5 -2.32464
-30.0  34.0 -2.15176
-30.0  34.5 -1.99112
-30.0  35.0 -1.84210
-30.0  35.5 -1.70403
-30.0  36.0 -1.57622
-30.0  36.5 -1.45801
-30.0  37.0 -1.34872
-30.0  37.5 -1.24772
-30.0  38.0 -1.15441
-30.0  38.5 -1.06819
-30.0  39.0 -0.98853
-30.0  39.5 -0.91492
-30.0  40.0 -0.84689
-30.0  40.5 -0.78400
-30.0  41.0 -0.72584
-30.0  41.5 -0.67205
-30.0  42.0 -0.62227
-30.0  42.5 -0.57619
-30.0  43.0 -0.53351
-30.0  43.5 -0.49397
-30.0  44.0 -0.45733
-30.0  44.5 -0.42334
-30.0  45.0 -0.39181
-29.5 -45.0 -0.42493
-29.5 -44.5 -0.45737
-29.5 -44.0 -0.49225
-29.5 -43.5 -0.52977
-29.5 -43.0 -0.57016
-29.5 -42.5 -0.61363
-29.5 -42.0 -0.66046
-29.5 -41.5 -0.71090
-29.5 -41.0 -0.76526
-29.5 -40.5 -0.82385
-29.5 -40.0 -0.88703
-29.5 -39.5 -0.95515
-29.5 -39.0 -1.02862
-29.5 -38.5 -1.10786
-29.5 -38.0 -1.19332
-29.5 -37.5 -1.28546
-29.5 -37.0 -1.38480
-29.5 -36.5 -1.49184
-29.5 -36.0 -1.60712
-29.5 -35.5 -1.73118
-29.5 -35.0 -1.86455
-29.5 -34.5 -2.00775
-29.5 -34.0 -2.16127
-29.5 -33.5 -2.32553
-29.5 -33.0 -2.50086
-29.5 -32.5 -2.68748
-29.5 -32.0 -2.88541
-29.5 -31.5 -3.09445
-29.5 -31.0 -3.31412
-29.5 -30.5 -3.54354
-29.5 -30.0 -3.78140
-29.5 -29.5 -4.02583
-29.5 -29.0 -4.27436
-29.5 -28.5 -4.52379
-29.5 -28.0 -4.77016
-29.5 -27.5 -5.00873
-29.5 -27.0 -5.23398
-29.5 -26.5 -5.43972
-29.5 -26.0 -5.61923
-29.5 -25.5 -5.76550
-29.5 -25.0 -5.87157
-29.5 -24.5 -5.93090
-29.5 -24.0 -5.93777
-29.5 -23.5 -5.88769
-29.5 -23.0 -5.77775
-29.5 -22.5 -5.60685
-29.5 -22.0 -5.37585
-29.5 -21.5 -5.08748
-29.5 -21.0 -4.74623
-29.5 -20.5 -4.35802
-29.5 -20.0 -3.92984
-29.5 -19.5 -3.46932
-29.5 -19.0 -2.98439
-29.5 -18.5 -2.48284
-29.5 -18.0 -1.97206
-29.5 -17.5 -1.45882
-29.5 -17.0 -0.94907
-29.5 -16.5 -0.44791
-29.5 -16.0  0.04049
-29.5 -15.5  0.51281
-29.5 -15.0  0.96656
-29.5 -14.5  1.39998
-29.5 -14.0  1.81199
-29.5 -13.5  2.20199
-29.5 -13.0  2.56990
-29.5 -12.5  2.91593
-29.5 -12.0  3.24060
-29.5 -11.5  3.54461
-29.5 -11.0  3.82879
-29.5 -10.5  4.09406
-29.5 -10.0  4.34134
-29.5  -9.5  4.57159
-29.5  -9.0  4.78569
-29.5  -8.5  4.98452
-29.5  -8.0  5.16886
-29.5  -7.5  5.33942
-29.5  -7.0  5.49685
-29.5  -6.5  5.64171
-29.5  -6.0  5.77448
-29.5  -5.5  5.89557
-29.5  -5.0  6.00532
-29.5  -4.5  6.10402
-29.5  -4.0  6.19190
-29.5  -3.5  6.26913
-29.5  -3.0  6.33585
-29.5  -2.5  6.39217
-29.5  -2.0  6.43816
-29.5  -1.5  6.47389
-29.5  -1.0  6.49938
-29.5  -0.5  6.51467
-29.5   0.0  6.51976
-29.5   0.5  6.51467
-29.5   1.0  6.49938
-29.5   1.5  6.47389
-29.5   2.0  6.43816
-29.5   2.5  6.39217
-29.5   3.0  6.33585
-29.5   3.5  6.26913
-29.5   4.0  6.19190
-29.5   4.5  6.10402
-29.5   5.0  6.00532
-29.5   5.5  5.89557
-29.5   6.0  5.77448
-29.5   6.5  5.64171
-29.5   7.0  5.49685
-29.5   7.5  5.33942
-29.5   8.0  5.16886
-29.5   8.5  4.98452
-29.5   9.0  4.78569
-29.5   9.5  4.57159
-29.5  10.0  4.34134
-29.5  10.5  4.09406
-29.5  11.0  3.82879
-29.5  11.5  3.54461
-29.5  12.0  3.24060
-29.5  12.5  2.91593
-29.5  13.0  2.56990
-29.5  13.5  2.20199
-29.5  14.0  1.81199
-29.5  14.5  1.39998
-29.5  15.0  0.96656
-29.5  15.5  0.51281
-29.5  16.0  0.04049
-29.5  16.5 -0.44791
-29.5  17.0 -0.94907
-29.5  17.5 -1.45882
-29.5  18.0 -1.97206
-29.5  18.5 -2.48284
-29.5  19.0 -2.98439
-29.5  19.5 -3.46932
-29.5  20.0 -3.92984
-29.5  20.5 -4.35802
-29.5  21.0 -4.74623
-29.5  21.5 -5.08748
-29.5  22.0 -5.37585
-29.5  22.5 -5.60685
-29.5  23.0 -5.77775
-29.5  23.5 -5.88769
-29.5  24.0 -5.93777
-29.5  24.5 -5.93090
-29.5  25.0 -5.87157
-29.5  25.5 -5.76550
-29.5  26.0 -5.61923
-29.5  26.5 -5.43972
-29.5  27.0 -5.23398
-29.5  27.5 -5.00873
-29.5  28.0 -4.77016
-29.5  28.5 -4.52379
-29.5  29.0 -4.27436
-29.5  29.5 -4.02583
-29.5  30.0 -3.78140
-29.5  30.5 -3.54354
-29.5  31.0 -3.31412
-29.5  31.5 -3.09445
-29.5  32.0 -2.88541
-29.5  32.5 -2.68748
-29.5  33.0 -2.50086
-29.5  33.5 -2.32553
-29.5  34.0 -2.16127
-29.5  34.5 -2.00775
-29.5  35.0 -1.86455
-29.5  35.5 -1.73118
-29.5  36.0 -1.60712
-29.5  36.5 -1.49184
-29.5  37.0 -1.38480
-29.5  37.5 -1.28546
-29.5  38.0 -1.19332
-29.5  38.5 -1.10786
-29.5  39.0 -1.02862
-29.5  39.5 -0.95515
-29.5  40.0 -0.88703
-29.5  40.5 -0.82385
-29.5  41.0 -0.76526
-29.5  41.5 -0.71090
-29.5  42.0 -0.66046
-29.5  42.5 -0.61363
-29.5  43.0 -0.57016
-29.5  43.5 -0.52977
-29.5  44.0 -0.49225
-29.5  44.5 -0.45737
-29.5  45.0 -0.42493
-29.0 -45.0 -0.45579
-29.0 -44.5 -0.48896
-29.0 -44.0 -0.52453
-29.0 -43.5 -0.56272
-29.0 -43.0 -0.60371
-29.0 -42.5 -0.64773
-29.0 -42.0 -0.69502
-29.0 -41.5 -0.74583
-29.0 -41.0 -0.80044
-29.0 -40.5 -0.85913
-29.0 -40.0 -0.92222
-29.0 -39.5 -0.99005
-29.0 -39.0 -1.06296
-29.0 -38.5 -1.14132
-29.0 -38.0 -1.22554
-29.0 -37.5 -1.31602
-29.0 -37.0 -1.41317
-29.0 -36.5 -1.51744
-29.0 -36.0 -1.62924
-29.0 -35.5 -1.74901
-29.0 -35.0 -1.87716
-29.0 -34.5 -2.01405
-29.0 -34.0 -2.16002
-29.0 -33.5 -2.31532
-29.0 -33.0 -2.48010
-29.0 -32.5 -2.65437
-29.0 -32.0 -2.83796
-29.0 -31.5 -3.03048
-29.0 -31.0 -3.23127
-29.0 -30.5 -3.43929
-29.0 -30.0 -3.65314
-29.0 -29.5 -3.87093
-29.0 -29.0 -4.09025
-29.0 -28.5 -4.30809
-29.0 -28.0 -4.52086
-29.0 -27.5 -4.72437
-29.0 -27.0 -4.91383
-29.0 -26.5 -5.08401
-29.0 -26.0 -5.22931
-29.0 -25.5 -5.34402
-29.0 -25.0 -5.42255
-29.0 -24.5 -5.45970
-29.0 -24.0 -5.45100
-29.0 -23.5 -5.39299
-29.0 -23.0 -5.28344
-29.0 -22.5 -5.12158
-29.0 -22.0 -4.90814
-29.0 -21.5 -4.64533
-29.0 -21.0 -4.33675
-29.0 -20.5 -3.98712
-29.0 -20.0 -3.60208
-29.0 -19.5 -3.18785
-29.0 -19.0 -2.75091
-29.0 -18.5 -2.29775
-29.0 -18.0 -1.83460
-29.0 -17.5 -1.36727
-29.0 -17.0 -0.90096
-29.0 -16.5 -0.44022
-29.0 -16.0  0.01111
-29.0 -15.5  0.44991
-29.0 -15.0  0.87372
-29.0 -14.5  1.28072
-29.0 -14.0  1.66962
-29.0 -13.5  2.03965
-29.0 -13.0  2.39041
-29.0 -12.5  2.72186
-29.0 -12.0  3.03422
-29.0 -11.5  3.32789
-29.0 -11.0  3.60344
-29.0 -10.5  3.86152
-29.0 -10.0  4.10283
-29.0  -9.5  4.32810
-29.0  -9.0  4.53806
-29.0  -8.5  4.73340
-29.0  -8.0  4.91478
-29.0  -7.5  5.08282
-29.0  -7.0  5.23805
-29.0  -6.5  5.38098
-29.0  -6.0  5.51204
-29.0  -5.5  5.63159
-29.0  -5.0  5.73995
-29.0  -4.5  5.83739
-29.0  -4.0  5.92413
-29.0  -3.5  6.00034
-29.0  -3.0  6.06616
-29.0  -2.5  6.12170
-29.0  -2.0  6.16704
-29.0  -1.5  6.20226
-29.0  -1.0  6.22738
-29.0  -0.5  6.24244
-29.0   0.0  6.24746
-29.0   0.5  6.24244
-29.0   1.0  6.22738
-29.0   1.5  6.20226
-29.0   2.0  6.16704
-29.0   2.5  6.12170
-29.0   3.0  6.06616
-29.0   3.5  6.00034
-29.0   4.0  5.92413
-29.0   4.5  5.83739
-29.0   5.0  5.73995
-29.0   5.5  5.63159
-29.0   6.0  5.51204
-29.0   6.5  5.38098
-29.0   7.0  5.23805
-29.0   7.5  5.08282
-29.0   8.0  4.91478
-29.0   8.5  4.73340
-29.0   9.0  4.53806
-29.0   9.5  4.32810
-29.0  10.0  4.10283
-29.0  10.5  3.86152
-29.0  11.0  3.60344
-29.0  11.5  3.32789
-29.0  12.0  3.03422
-29.0  12.5  2.72186
-29.0  13.0  2.39041
-29.0  13.5  2.03965
-29.0  14.0  1.66962
-29.0  14.5  1.28072
-29.0  15.0  0.87372
-29.0  15.5  0.44991
-29.0  16.0  0.01111
-29.0  16.5 -0.44022
-29.0  17.0 -0.90096
-29.0  17.5 -1.36727
-29.0  18.0 -1.83460
-29.0  18.5 -2.29775
-29.0  19.0 -2.75091
-29.0  19.5 -3.18785
-29.0  20.0 -3.60208
-29.0  20.5 -3.98712
-29.0  21.0 -4.33675
-29.0  21.5 -4.64533
-29.0  22.0 -4.90814
-29.0  22.5 -5.12158
-29.0  23.0 -5.28344
-29.0  23.5 -5.39299
-29.0  24.0 -5.45100
-29.0  24.5 -5.45970
-29.0  25.0 -5.42255
-29.0  25.5 -5.34402
-29.0  26.0 -5.22931
-29.0  26.5 -5.08401
-29.0  27.0 -4.91383
-29.0  27.5 -4.72437
-29.0  28.0 -4.52086
-29.0  28.5 -4.30809
-29.0  29.0 -4.09025
-29.0  29.5 -3.87093
-29.0  30.0 -3.65314
-29.0  30.5 -3.43929
-29.0  31.0 -3.23127
-29.0  31.5 -3.03048
-29.0  32.0 -2.83796
-29.0  32.5 -2.65437
-29.0  33.0 -2.48010
-29.0  33.5 -2.31532
-29.0  34.0 -2.16002
-29.0  34.5 -2.01405
-29.0  35.0 -1.87716
-29.0  35.5 -1.74901
-29.0  36.0 -1.62924
-29.0  36.5 -1.51744
-29.0  37.0 -1.41317
-29.0  37.5 -1.31602
-29.0  38.0 -1.22554
-29.0  38.5 -1.14132
-29.0  39.0 -1.06296
-29.0  39.5 -0.99005
-29.0  40.0 -0.92222
-29.0  40.5 -0.85913
-29.0  41.0 -0.80044
-29.0  41.5 -0.74583
-29.0  42.0 -0.69502
-29.0  42.5 -0.64773
-29.0  43.0 -0.60371
-29.0  43.5 -0.56272
-29.0  44.0 -0.52453
-29.0  44.5 -0.48896
-29.0  45.0 -0.45579
-28.5 -45.0 -0.48442
-28.5 -44.5 -0.51813
-28.5 -44.0 -0.55422
-28.5 -43.5 -0.59286
-28.5 -43.0 -0.63424
-28.5 -42.5 -0.67857
-28.5 -42.0 -0.72607
-28.5 -41.5 -0.77698
-28.5 -41.0 -0.83154
-28.5 -40.5 -0.89001
-28.5 -40.0 -0.95269
-28.5 -39.5 -1.01986
-28.5 -39.0 -1.09183
-28.5 -38.5 -1.16894
-28.5 -38.0 -1.25151
-28.5 -37.5 -1.33990
-28.5 -37.0 -1.43444
-28.5 -36.5 -1.53549
-28.5 -36.0 -1.64339
-28.5 -35.5 -1.75846
-28.5 -35.0 -1.88100
-28.5 -34.5 -2.01126
-28.5 -34.0 -2.14943
-28.5 -33.5 -2.29562
-28.5 -33.0 -2.44982
-28.5 -32.5 -2.61190
-28.5 -32.0 -2.78153
-28.5 -31.5 -2.95820
-28.5 -31.0 -3.14110
-28.5 -30.5 -3.32914
-28.5 -30.0 -3.52086
-28.5 -29.5 -3.71441
-28.5 -29.0 -3.90749
-28.5 -28.5 -4.09735
-28.5 -28.0 -4.28074
-28.5 -27.5 -4.45397
-28.5 -27.0 -4.61291
-28.5 -26.5 -4.75314
-28.5 -26.0 -4.86999
-28.5 -25.5 -4.95880
-28.5 -25.0 -5.01502
-28.5 -24.5 -5.03452
-28.5 -24.0 -5.01376
-28.5 -23.5 -4.95006
-28.5 -23.0 -4.84170
-28.5 -22.5 -4.68815
-28.5 -22.0 -4.49003
-28.5 -21.5 -4.24916
-28.5 -21.0 -3.96844
-28.5 -20.5 -3.65172
-28.5 -20.0 -3.30358
-28.5 -19.5 -2.92908
-28.5 -19.0 -2.53361
-28.5 -18.5 -2.12257
-28.5 -18.0 -1.70124
-28.5 -17.5 -1.27459
-28.5 -17.0 -0.84716
-28.5 -16.5 -0.42301
-28.5 -16.0 -0.00561
-28.5 -15.5  0.40211
-28.5 -15.0  0.79780
-28.5 -14.5  1.17962
-28.5 -14.0  1.54620
-28.5 -13.5  1.89661
-28.5 -13.0  2.23027
-28.5 -12.5  2.54692
-28.5 -12.0  2.84654
-28.5 -11.5  3.12932
-28.5 -11.0  3.39557
-28.5 -10.5  3.64575
-28.5 -10.0  3.88035
-28.5  -9.5  4.09992
-28.5  -9.0  4.30503
-28.5  -8.5  4.49622
-28.5  -8.0  4.67404
-28.5  -7.5  4.83900
-28.5  -7.0  4.99155
-28.5  -6.5  5.13212
-28.5  -6.0  5.26109
-28.5  -5.5  5.37879
-28.5  -5.0  5.48549
-28.5  -4.5  5.58146
-28.5  -4.0  5.66688
-28.5  -3.5  5.74192
-28.5  -3.0  5.80673
-28.5  -2.5  5.86142
-28.5  -2.0  5.90605
-28.5  -1.5  5.94071
-28.5  -1.0  5.96544
-28.5  -0.5  5.98026
-28.5   0.0  5.98520
-28.5   0.5  5.98026
-28.5   1.0  5.96544
-28.5   1.5  5.94071
-28.5   2.0  5.90605
-28.5   2.5  5.86142
-28.5   3.0  5.80673
-28.5   3.5  5.74192
-28.5   4.0  5.66688
-28.5   4.5  5.58146
-28.5   5.0  5.48549
-28.5   5.5  5.37879
-28.5   6.0  5.26109
-28.5   6.5  5.13212
-28.5   7.0  4.99155
-28.5   7.5  4.83900
-28.5   8.0  4.67404
-28.5   8.5  4.49622
-28.5   9.0  4.30503
-28.5   9.5  4.09992
-28.5  10.0  3.88035
-28.5  10.5  3.64575
-28.5  11.0  3.39557
-28.5  11.5  3.12932
-28.5  12.0  2.84654
-28.5  12.5  2.54692
-28.5  13.0  2.23027
-28.5  13.5  1.89661
-28.5  14.0  1.54620
-28.5  14.5  1.17962
-28.5  15.0  0.79780
-28.5  15.5  0.40211
-28.5  16.0 -0.00561
-28.5  16.5 -0.42301
-28.5  17.0 -0.84716
-28.5  17.5 -1.27459
-28.5  18.0 -1.70124
-28.5  18.5 -2.12257
-28.5  19.0 -2.53361
-28.5  19.5 -2.92908
-28.5  20.0 -3.30358
-28.5  20.5 -3.65172
-28.5  21.0 -3.96844
-28.5  21.5 -4.24916
-28.5  22.0 -4.49003
-28.5  22.5 -4.68815
-28.5  23.0 -4.84170
-28.5  23.5 -4.95006
-28.5  24.0 -5.01376
-28.5  24.5 -5.03452
-28.5  25.0 -5.01502
-28.5  25.5 -4.95880
-28.5  26.0 -4.86999
-28.5  26.5 -4.75314
-28.5  27.0 -4.61291
-28.5  27.5 -4.45397
-28.5  28.0 -4.28074
-28.5  28.5 -4.09735
-28.5  29.0 -3.90749
-28.5  29.5 -3.71441
-28.5  30.0 -3.52086
-28.5  30.5 -3.32914
-28.5  31.0 -3.14110
-28.5  31.5 -2.95820
-28.5  32.0 -2.78153
-28.5  32.5 -2.61190
-28.5  33.0 -2.44982
-28.5  33.5 -2.29562
-28.5  34.0 -2.14943
-28.5  34.5 -2.01126
-28.5  35.0 -1.88100
-28.5  35.5 -1.75846
-28.5  36.0 -1.64339
-28.5  36.5 -1.53549
-28.5  37.0 -1.43444
-28.5  37.5 -1.33990
-28.5  38.0 -1.25151
-28.5  38.5 -1.16894
-28.5  39.0 -1.09183
-28.5  39.5 -1.01986
-28.5  40.0 -0.95269
-28.5  40.5 -0.89001
-28.5  41.0 -0.83154
-28.5  41.5 -0.77698
-28.5  42.0 -0.72607
-28.5  42.5 -0.67857
-28.5  43.0 -0.63424
-28.5  43.5 -0.59286
-28.5  44.0 -0.55422
-28.5  44.5 -0.51813
-28.5  45.0 -0.48442
-28.0 -45.0 -0.51083
-28.0 -44.5 -0.54493
-28.0 -44.0 -0.58135
-28.0 -43.5 -0.62025
-28.0 -43.0 -0.66182
-28.0 -42.5 -0.70624
-28.0 -42.0 -0.75373
-28.0 -41.5 -0.80448
-28.0 -41.0 -0.85872
-28.0 -40.5 -0.91670
-28.0 -40.0 -0.97866
-28.0 -39.5 -1.04486
-28.0 -39.0 -1.11558
-28.0 -38.5 -1.19109
-28.0 -38.0 -1.27167
-28.0 -37.5 -1.35761
-28.0 -37.0 -1.44920
-28.0 -36.5 -1.54670
-28.0 -36.0 -1.65037
-28.0 -35.5 -1.76044
-28.0 -35.0 -1.87712
-28.0 -34.5 -2.00055
-28.0 -34.0 -2.13080
-28.0 -33.5 -2.26787
-28.0 -33.0 -2.41163
-28.0 -32.5 -2.56183
-28.0 -32.0 -2.71804
-28.0 -31.5 -2.87963
-28.0 -31.0 -3.04574
-28.0 -30.5 -3.21524
-28.0 -30.0 -3.38668
-28.0 -29.5 -3.55828
-28.0 -29.0 -3.72789
-28.0 -28.5 -3.89300
-28.0 -28.0 -4.05072
-28.0 -27.5 -4.19779
-28.0 -27.0 -4.33068
-28.0 -26.5 -4.44563
-28.0 -26.0 -4.53876
-28.0 -25.5 -4.60622
-28.0 -25.0 -4.64431
-28.0 -24.5 -4.64972
-28.0 -24.0 -4.61965
-28.0 -23.5 -4.55196
-28.0 -23.0 -4.44537
-28.0 -22.5 -4.29948
-28.0 -22.0 -4.11485
-28.0 -21.5 -3.89298
-28.0 -21.0 -3.63627
-28.0 -20.5 -3.34784
-28.0 -20.0 -3.03146
-28.0 -19.5 -2.69131
-28.0 -19.0 -2.33185
-28.0 -18.5 -1.95762
-28.0 -18.0 -1.57311
-28.0 -17.5 -1.18259
-28.0 -17.0 -0.79001
-28.0 -16.5 -0.39895
-28.0 -16.0 -0.01258
-28.0 -15.5  0.36643
-28.0 -15.0  0.73584
-28.0 -14.5  1.09383
-28.0 -14.0  1.43902
-28.0 -13.5  1.77038
-28.0 -13.0  2.08719
-28.0 -12.5  2.38904
-28.0 -12.0  2.67574
-28.0 -11.5  2.94728
-28.0 -11.0  3.20380
-28.0 -10.5  3.44556
-28.0 -10.0  3.67290
-28.0  -9.5  3.88621
-28.0  -9.0  4.08590
-28.0  -8.5  4.27242
-28.0  -8.0  4.44617
-28.0  -7.5  4.60758
-28.0  -7.0  4.75702
-28.0  -6.5  4.89486
-28.0  -6.0  5.02141
-28.0  -5.5  5.13697
-28.0  -5.0  5.24177
-28.0  -4.5  5.33606
-28.0  -4.0  5.41999
-28.0  -3.5  5.49375
-28.0  -3.0  5.55744
-28.0  -2.5  5.61118
-28.0  -2.0  5.65504
-28.0  -1.5  5.68910
-28.0  -1.0  5.71339
-28.0  -0.5  5.72796
-28.0   0.0  5.73281
-28.0   0.5  5.72796
-28.0   1.0  5.71339
-28.0   1.5  5.68910
-28.0   2.0  5.65504
-28.0   2.5  5.61118
-28.0   3.0  5.55744
-28.0   3.5  5.49375
-28.0   4.0  5.41999
-28.0   4.5  5.33606
-28.0   5.0  5.24177
-28.0   5.5  5.13697
-28.0   6.0  5.02141
-28.0   6.5  4.89486
-28.0   7.0  4.75702
-28.0   7.5  4.60758
-28.0   8.0  4.44617
-28.0   8.5  4.27242
-28.0   9.0  4.08590
-28.0   9.5  3.88621
-28.0  10.0  3.67290
-28.0  10.5  3.44556
-28.0  11.0  3.20380
-28.0  11.5  2.94728
-28.0  12.0  2.67574
-28.0  12.5  2.38904
-28.0  13.0  2.08719
-28.0  13.5  1.77038
-28.0  14.0  1.43902
-28.0  14.5  1.09383
-28.0  15.0  0.73584
-28.0  15.5  0.36643
-28.0  16.0 -0.01258
-28.0  16.5 -0.39895
-28.0  17.0 -0.79001
-28.0  17.5 -1.18259
-28.0  18.0 -1.57311
-28.0  18.5 -1.95762
-28.0  19.0 -2.33185
-28.0  19.5 -2.69131
-28.0  20.0 -3.03146
-28.0  20.5 -3.34784
-28.0  21.0 -3.63627
-28.0  21.5 -3.89298
-28.0  22.0 -4.11485
-28.0  22.5 -4.29948
-28.0  23.0 -4.44537
-28.0  23.5 -4.55196
-28.0  24.0 -4.61965
-28.0  24.5 -4.64972
-28.0  25.0 -4.64431
-28.0  25.5 -4.60622
-28.0  26.0 -4.53876
-28.0  26.5 -4.44563
-28.0  27.0 -4.33068
-28.0  27.5 -4.19779
-28.0  28.0 -4.05072
-28.0  28.5 -3.89300
-28.0  29.0 -3.72789
-28.0  29.5 -3.55828
-28.0  30.0 -3.38668
-28.0  30.5 -3.21524
-28.0  31.0 -3.04574
-28.0  31.5 -2.87963
-28.0  32.0 -2.71804
-28.0  32.5 -2.56183
-28.0  33.0 -2.41163
-28.0  33.5 -2.26787
-28.0  34.0 -2.13080
-28.0  34.5 -2.00055
-28.0  35.0 -1.87712
-28.0  35.5 -1.76044
-28.0  36.0 -1.65037
-28.0  36.5 -1.54670
-28.0  37.0 -1.44920
-28.0  37.5 -1.35761
-28.0  38.0 -1.27167
-28.0  38.5 -1.19109
-28.0  39.0 -1.11558
-28.0  39.5 -1.04486
-28.0  40.0 -0.97866
-28.0  40.5 -0.91670
-28.0  41.0 -0.85872
-28.0  41.5 -0.80448
-28.0  42.0 -0.75373
-28.0  42.5 -0.70624
-28.0  43.0 -0.66182
-28.0  43.5 -0.62025
-28.0  44.0 -0.58135
-28.0  44.5 -0.54493
-28.0  45.0 -0.51083
-27.5 -45.0 -0.53509
-27.5 -44.5 -0.56941
-27.5 -44.0 -0.60599
-27.5 -43.5 -0.64498
-27.5 -43.0 -0.68655
-27.5 -42.5 -0.73086
-27.5 -42.0 -0.77811
-27.5 -41.5 -0.82848
-27.5 -41.0 -0.88217
-27.5 -40.5 -0.93940
-27.5 -40.0 -1.00039
-27.5 -39.5 -1.06536
-27.5 -39.0 -1.13454
-27.5 -38.5 -1.20817
-27.5 -38.0 -1.28647
-27.5 -37.5 -1.36969
-27.5 -37.0 -1.45804
-27.5 -36.5 -1.55172
-27.5 -36.0 -1.65093
-27.5 -35.5 -1.75581
-27.5 -35.0 -1.86649
-27.5 -34.5 -1.98300
-27.5 -34.0 -2.10534
-27.5 -33.5 -2.23341
-27.5 -33.0 -2.36698
-27.5 -32.5 -2.50572
-27.5 -32.0 -2.64912
-27.5 -31.5 -2.79649
-27.5 -31.0 -2.94695
-27.5 -30.5 -3.09934
-27.5 -30.0 -3.25227
-27.5 -29.5 -3.40406
-27.5 -29.0 -3.55273
-27.5 -28.5 -3.69599
-27.5 -28.0 -3.83128
-27.5 -27.5 -3.95575
-27.5 -27.0 -4.06637
-27.5 -26.5 -4.15995
-27.5 -26.0 -4.23324
-27.5 -25.5 -4.28305
-27.5 -25.0 -4.30638
-27.5 -24.5 -4.30053
-27.5 -24.0 -4.26328
-27.5 -23.5 -4.19293
-27.5 -23.0 -4.08849
-27.5 -22.5 -3.94970
-27.5 -22.0 -3.77704
-27.5 -21.5 -3.57179
-27.5 -21.0 -3.33591
-27.5 -20.5 -3.07200
-27.5 -20.0 -2.78315
-27.5 -19.5 -2.47285
-27.5 -19.0 -2.14484
-27.5 -18.5 -1.80293
-27.5 -18.0 -1.45095
-27.5 -17.5 -1.09257
-27.5 -17.0 -0.73125
-27.5 -16.5 -0.37015
-27.5 -16.0 -0.01209
-27.5 -15.5  0.34044
-27.5 -15.0  0.68535
-27.5 -14.5  1.02091
-27.5 -14.0  1.34573
-27.5 -13.5  1.65872
-27.5 -13.0  1.95911
-27.5 -12.5  2.24635
-27.5 -12.0  2.52012
-27.5 -11.5  2.78027
-27.5 -11.0  3.02679
-27.5 -10.5  3.25980
-27.5 -10.0  3.47949
-27.5  -9.5  3.68611
-27.5  -9.0  3.87996
-27.5  -8.5  4.06136
-27.5  -8.0  4.23064
-27.5  -7.5  4.38811
-27.5  -7.0  4.53409
-27.5  -6.5  4.66887
-27.5  -6.0  4.79272
-27.5  -5.5  4.90589
-27.5  -5.0  5.00858
-27.5  -4.5  5.10099
-27.5  -4.0  5.18329
-27.5  -3.5  5.25562
-27.5  -3.0  5.31809
-27.5  -2.5  5.37080
-27.5  -2.0  5.41383
-27.5  -1.5  5.44724
-27.5  -1.0  5.47108
-27.5  -0.5  5.48536
-27.5   0.0  5.49012
-27.5   0.5  5.48536
-27.5   1.0  5.47108
-27.5   1.5  5.44724
-27.5   2.0  5.41383
-27.5   2.5  5.37080
-27.5   3.0  5.31809
-27.5   3.5  5.25562
-27.5   4.0  5.18329
-27.5   4.5  5.10099
-27.5   5.0  5.00858
-27.5   5.5  4.90589
-27.5   6.0  4.79272
-27.5   6.5  4.66887
-27.5   7.0  4.53409
-27.5   7.5  4.38811
-27.5   8.0  4.23064
-27.5   8.5  4.06136
-27.5   9.0  3.87996
-27.5   9.5  3.68611
-27.5  10.0  3.47949
-27.5  10.5  3.25980
-27.5  11.0  3.02679
-27.5  11.5  2.78027
-27.5  12.0  2.52012
-27.5  12.5  2.24635
-27.5  13.0  1.95911
-27.5  13.5  1.65872
-27.5  14.0  1.34573
-27.5  14.5  1.02091
-27.5  15.0  0.68535
-27.5  15.5  0.34044
-27.5  16.0 -0.01209
-27.5  16.5 -0.37015
-27.5  17.0 -0.73125
-27.5  17.5 -1.09257
-27.5  18.0 -1.45095
-27.5  18.5 -1.80293
-27.5  19.0 -2.14484
-27.5  19.5 -2.47285
-27.5  20.0 -2.78315
-27.5  20.5 -3.07200
-27.5  21.0 -3.33591
-27.5  21.5 -3.57179
-27.5  22.0 -3.77704
-27.5  22.5 -3.94970
-27.5  23.0 -4.08849
-27.5  23.5 -4.19293
-27.5  24.0 -4.26328
-27.5  24.5 -4.30053
-27.5  25.0 -4.30638
-27.5  25.5 -4.28305
-27.5  26.0 -4.23324
-27.5  26.5 -4.15995
-27.5  27.0 -4.06637
-27.5  27.5 -3.95575
-27.5  28.0 -3.83128
-27.5  28.5 -3.69599
-27.5  29.0 -3.55273
-27.5  29.5 -3.40406
-27.5  30.0 -3.25227
-27.5  30.5 -3.09934
-27.5  31.0 -2.94695
-27.5  31.5 -2.79649
-27.5  32.0 -2.64912
-27.5  32.5 -2.50572
-27.5  33.0 -2.36698
-27.5  33.5 -2.23341
-27.5  34.0 -2.10534
-27.5  34.5 -1.98300
-27.5  35.0 -1.86649
-27.5  35.5 -1.75581
-27.5  36.0 -1.65093
-27.5  36.5 -1.55172
-27.5  37.0 -1.45804
-27.5  37.5 -1.36969
-27.5  38.0 -1.28647
-27.5  38.5 -1.20817
-27.5  39.0 -1.13454
-27.5  39.5 -1.06536
-27.5  40.0 -1.00039
-27.5  40.5 -0.93940
-27.5  41.0 -0.88217
-27.5  41.5 -0.82848
-27.5  42.0 -0.77811
-27.5  42.5 -0.73086
-27.5  43.0 -0.68655
-27.5  43.5 -0.64498
-27.5  44.0 -0.60599
-27.5  44.5 -0.56941
-27.5  45.0 -0.53509
-27.0 -45.0 -0.55723
-27.0 -44.5 -0.59164
-27.0 -44.0 -0.62823
-27.0 -43.5 -0.66714
-27.0 -43.0 -0.70853
-27.0 -42.5 -0.75255
-27.0 -42.0 -0.79937
-27.0 -41.5 -0.84916
-27.0 -41.0 -0.90209
-27.0 -40.5 -0.95835
-27.0 -40.0 -1.01814
-27.0 -39.5 -1.08164
-27.0 -39.0 -1.14905
-27.0 -38.5 -1.22056
-27.0 -38.0 -1.29636
-27.0 -37.5 -1.37663
-27.0 -37.0 -1.46153
-27.0 -36.5 -1.55122
-27.0 -36.0 -1.64581
-27.0 -35.5 -1.74539
-27.0 -35.0 -1.84999
-27.0 -34.5 -1.95961
-27.0 -34.0 -2.07414
-27.0 -33.5 -2.19341
-27.0 -33.0 -2.31714
-27.0 -32.5 -2.44491
-27.0 -32.0 -2.57619
-27.0 -31.5 -2.71024
-27.0 -31.0 -2.84616
-27.0 -30.5 -2.98285
-27.0 -30.0 -3.11896
-27.0 -29.5 -3.25293
-27.0 -29.0 -3.38293
-27.0 -28.5 -3.50691
-27.0 -28.0 -3.62261
-27.0 -27.5 -3.72755
-27.0 -27.0 -3.81910
-27.0 -26.5 -3.89457
-27.0 -26.0 -3.95122
-27.0 -25.5 -3.98642
-27.0 -25.0 -3.99769
-27.0 -24.5 -3.98286
-27.0 -24.0 -3.94011
-27.0 -23.5 -3.86812
-27.0 -23.0 -3.76611
-27.0 -22.5 -3.63391
-27.0 -22.0 -3.47196
-27.0 -21.5 -3.28134
-27.0 -21.0 -3.06368
-27.0 -20.5 -2.82114
-27.0 -20.0 -2.55632
-27.0 -19.5 -2.27214
-27.0 -19.0 -1.97171
-27.0 -18.5 -1.65830
-27.0 -18.0 -1.33516
-27.0 -17.5 -1.00545
-27.0 -17.0 -0.67221
-27.0 -16.5 -0.33822
-27.0 -16.0 -0.00603
-27.0 -15.5  0.32212
-27.0 -15.0  0.64427
-27.0 -14.5  0.95879
-27.0 -14.0  1.26430
-27.0 -13.5  1.55972
-27.0 -13.0  1.84422
-27.0 -12.5  2.11717
-27.0 -12.0  2.37815
-27.0 -11.5  2.62691
-27.0 -11.0  2.86332
-27.0 -10.5  3.08737
-27.0 -10.0  3.29914
-27.0  -9.5  3.49878
-27.0  -9.0  3.68647
-27.0  -8.5  3.86244
-27.0  -8.0  4.02691
-27.0  -7.5  4.18014
-27.0  -7.0  4.32236
-27.0  -6.5  4.45382
-27.0  -6.0  4.57472
-27.0  -5.5  4.68527
-27.0  -5.0  4.78566
-27.0  -4.5  4.87604
-27.0  -4.0  4.95656
-27.0  -3.5  5.02735
-27.0  -3.0  5.08850
-27.0  -2.5  5.14011
-27.0  -2.0  5.18225
-27.0  -1.5  5.21496
-27.0  -1.0  5.23830
-27.0  -0.5  5.25230
-27.0   0.0  5.25696
-27.0   0.5  5.25230
-27.0   1.0  5.23830
-27.0   1.5  5.21496
-27.0   2.0  5.18225
-27.0   2.5  5.14011
-27.0   3.0  5.08850
-27.0   3.5  5.02735
-27.0   4.0  4.95656
-27.0   4.5  4.87604
-27.0   5.0  4.78566
-27.0   5.5  4.68527
-27.0   6.0  4.57472
-27.0   6.5  4.45382
-27.0   7.0  4.32236
-27.0   7.5  4.18014
-27.0   8.0  4.02691
-27.0   8.5  3.86244
-27.0   9.0  3.68647
-27.0   9.5  3.49878
-27.0  10.0  3.29914
-27.0  10.5  3.08737
-27.0  11.0  2.86332
-27.0  11.5  2.62691
-27.0  12.0  2.37815
-27.0  12.5  2.11717
-27.0  13.0  1.84422
-27.0  13.5  1.55972
-27.0  14.0  1.26430
-27.0  14.5  0.95879
-27.0  15.0  0.64427
-27.0  15.5  0.32212
-27.0  16.0 -0.00603
-27.0  16.5 -0.33822
-27.0  17.0 -0.67221
-27.0  17.5 -1.00545
-27.0  18.0 -1.33516
-27.0  18.5 -1.65830
-27.0  19.0 -1.97171
-27.0  19.5 -2.27214
-27.0  20.0 -2.55632
-27.0  20.5 -2.82114
-27.0  21.0 -3.06368
-27.0  21.5 -3.28134
-27.0  22.0 -3.47196
-27.0  22.5 -3.63391
-27.0  23.0 -3.76611
-27.0  23.5 -3.86812
-27.0  24.0 -3.94011
-27.0  24.5 -3.98286
-27.0  25.0 -3.99769
-27.0  25.5 -3.98642
-27.0  26.0 -3.95122
-27.0  26.5 -3.89457
-27.0  27.0 -3.81910
-27.0  27.5 -3.72755
-27.0  28.0 -3.62261
-27.0  28.5 -3.50691
-27.0  29.0 -3.38293
-27.0  29.5 -3.25293
-27.0  30.0 -3.11896
-27.0  30.5 -2.98285
-27.0  31.0 -2.84616
-27.0  31.5 -2.71024
-27.0  32.0 -2.57619
-27.0  32.5 -2.44491
-27.0  33.0 -2.31714
-27.0  33.5 -2.19341
-27.0  34.0 -2.07414
-27.0  34.5 -1.95961
-27.0  35.0 -1.84999
-27.0  35.5 -1.74539
-27.0  36.0 -1.64581
-27.0  36.5 -1.55122
-27.0  37.0 -1.46153
-27.0  37.5 -1.37663
-27.0  38.0 -1.29636
-27.0  38.5 -1.22056
-27.0  39.0 -1.14905
-27.0  39.5 -1.08164
-27.0  40.0 -1.01814
-27.0  40.5 -0.95835
-27.0  41.0 -0.90209
-27.0  41.5 -0.84916
-27.0  42.0 -0.79937
-27.0  42.5 -0.75255
-27.0  43.0 -0.70853
-27.0  43.5 -0.66714
-27.0  44.0 -0.62823
-27.0  44.5 -0.59164
-27.0  45.0 -0.55723
-26.5 -45.0 -0.57733
-26.5 -44.5 -0.61168
-26.5 -44.0 -0.64814
-26.5 -43.5 -0.68683
-26.5 -43.0 -0.72788
-26.5 -42.5 -0.77144
-26.5 -42.0 -0.81766
-26.5 -41.5 -0.86669
-26.5 -41.0 -0.91867
-26.5 -40.5 -0.97378
-26.5 -40.0 -1.03218
-26.5 -39.5 -1.09402
-26.5 -39.0 -1.15946
-26.5 -38.5 -1.22867
-26.5 -38.0 -1.30178
-26.5 -37.5 -1.37893
-26.5 -37.0 -1.46024
-26.5 -36.5 -1.54581
-26.5 -36.0 -1.63569
-26.5 -35.5 -1.72992
-26.5 -35.0 -1.82848
-26.5 -34.5 -1.93128
-26.5 -34.0 -2.03818
-26.5 -33.5 -2.14894
-26.5 -33.0 -2.26322
-26.5 -32.5 -2.38059
-26.5 -32.0 -2.50045
-26.5 -31.5 -2.62208
-26.5 -31.0 -2.74459
-26.5 -30.5 -2.86690
-26.5 -30.0 -2.98776
-26.5 -29.5 -3.10571
-26.5 -29.0 -3.21910
-26.5 -28.5 -3.32609
-26.5 -28.0 -3.42468
-26.5 -27.5 -3.51270
-26.5 -27.0 -3.58791
-26.5 -26.5 -3.64801
-26.5 -26.0 -3.69069
-26.5 -25.5 -3.71376
-26.5 -25.0 -3.71518
-26.5 -24.5 -3.69317
-26.5 -24.0 -3.64627
-26.5 -23.5 -3.57342
-26.5 -23.0 -3.47402
-26.5 -22.5 -3.34796
-26.5 -22.0 -3.19565
-26.5 -21.5 -3.01800
-26.5 -21.0 -2.81639
-26.5 -20.5 -2.59263
-26.5 -20.0 -2.34891
-26.5 -19.5 -2.08767
-26.5 -19.0 -1.81157
-26.5 -18.5 -1.52338
-26.5 -18.0 -1.22589
-26.5 -17.5 -0.92184
-26.5 -17.0 -0.61387
-26.5 -16.5 -0.30446
-26.5 -16.0  0.00413
-26.5 -15.5  0.30984
-26.5 -15.0  0.61089
-26.5 -14.5  0.90571
-26.5 -14.0  1.19300
-26.5 -13.5  1.47168
-26.5 -13.0  1.74090
-26.5 -12.5  1.99997
-26.5 -12.0  2.24842
-26.5 -11.5  2.48591
-26.5 -11.0  2.71221
-26.5 -10.5  2.92723
-26.5 -10.0  3.13095
-26.5  -9.5  3.32341
-26.5  -9.0  3.50471
-26.5  -8.5  3.67500
-26.5  -8.0  3.83442
-26.5  -7.5  3.98317
-26.5  -7.0  4.12140
-26.5  -6.5  4.24931
-26.5  -6.0  4.36706
-26.5  -5.5  4.47482
-26.5  -5.0  4.57273
-26.5  -4.5  4.66094
-26.5  -4.0  4.73957
-26.5  -3.5  4.80871
-26.5  -3.0  4.86846
-26.5  -2.5  4.91889
-26.5  -2.0  4.96008
-26.5  -1.5  4.99206
-26.5  -1.0  5.01488
-26.5  -0.5  5.02856
-26.5   0.0  5.03311
-26.5   0.5  5.02856
-26.5   1.0  5.01488
-26.5   1.5  4.99206
-26.5   2.0  4.96008
-26.5   2.5  4.91889
-26.5   3.0  4.86846
-26.5   3.5  4.80871
-26.5   4.0  4.73957
-26.5   4.5  4.66094
-26.5   5.0  4.57273
-26.5   5.5  4.47482
-26.5   6.0  4.36706
-26.5   6.5  4.24931
-26.5   7.0  4.12140
-26.5   7.5  3.98317
-26.5   8.0  3.83442
-26.5   8.5  3.67500
-26.5   9.0  3.50471
-26.5   9.5  3.32341
-26.5  10.0  3.13095
-26.5  10.5  2.92723
-26.5  11.0  2.71221
-26.5  11.5  2.48591
-26.5  12.0  2.24842
-26.5  12.5  1.99997
-26.5  13.0  1.74090
-26.5  13.5  1.47168
-26.5  14.0  1.19300
-26.5  14.5  0.90571
-26.5  15.0  0.61089
-26.5  15.5  0.30984
-26.5  16.0  0.00413
-26.5  16.5 -0.30446
-26.5  17.0 -0.61387
-26.5  17.5 -0.92184
-26.5  18.0 -1.22589
-26.5  18.5 -1.52338
-26.5  19.0 -1.81157
-26.5  19.5 -2.08767
-26.5  20.0 -2.34891
-26.5  20.5 -2.59263
-26.5  21.0 -2.81639
-26.5  21.5 -3.01800
-26.5  22.0 -3.19565
-26.5  22.5 -3.34796
-26.5  23.0 -3.47402
-26.5  23.5 -3.57342
-26.5  24.0 -3.64627
-26.5  24.5 -3.69317
-26.5  25.0 -3.71518
-26.5  25.5 -3.71376
-26.5  26.0 -3.69069
-26.5  26.5 -3.64801
-26.5  27.0 -3.58791
-26.5  27.5 -3.51270
-26.5  28.0 -3.42468
-26.5  28.5 -3.32609
-26.5  29.0 -3.21910
-26.5  29.5 -3.10571
-26.5  30.0 -2.98776
-26.5  30.5 -2.86690
-26.5  31.0 -2.74459
-26.5  31.5 -2.62208
-26.5  32.0 -2.50045
-26.5  32.5 -2.38059
-26.5  33.0 -2.26322
-26.5  33.5 -2.14894
-26.5  34.0 -2.03818
-26.5  34.5 -1.93128
-26.5  35.0 -1.82848
-26.5  35.5 -1.72992
-26.5  36.0 -1.63569
-26.5  36.5 -1.54581
-26.5  37.0 -1.46024
-26.5  37.5 -1.37893
-26.5  38.0 -1.30178
-26.5  38.5 -1.22867
-26.5  39.0 -1.15946
-26.5  39.5 -1.09402
-26.5  40.0 -1.03218
-26.5  40.5 -0.97378
-26.5  41.0 -0.91867
-26.5  41.5 -0.86669
-26.5  42.0 -0.81766
-26.5  42.5 -0.77144
-26.5  43.0 -0.72788
-26.5  43.5 -0.68683
-26.5  44.0 -0.64814
-26.5  44.5 -0.61168
-26.5  45.0 -0.57733
-26.0 -45.0 -0.59544
-26.0 -44.5 -0.62962
-26.0 -44.0 -0.66582
-26.0 -43.5 -0.70415
-26.0 -43.0 -0.74472
-26.0 -42.5 -0.78768
-26.0 -42.0 -0.83315
-26.0 -41.5 -0.88126
-26.0 -41.0 -0.93214
-26.0 -40.5 -0.98593
-26.0 -40.0 -1.04277
-26.0 -39.5 -1.10279
-26.0 -39.0 -1.16611
-26.0 -38.5 -1.23286
-26.0 -38.0 -1.30315
-26.0 -37.5 -1.37707
-26.0 -37.0 -1.45469
-26.0 -36.5 -1.53607
-26.0 -36.0 -1.62122
-26.0 -35.5 -1.71013
-26.0 -35.0 -1.80271
-26.0 -34.5 -1.89885
-26.0 -34.0 -1.99834
-26.0 -33.5 -2.10092
-26.0 -33.0 -2.20621
-26.0 -32.5 -2.31374
-26.0 -32.0 -2.42291
-26.0 -31.5 -2.53301
-26.0 -31.0 -2.64317
-26.0 -30.5 -2.75237
-26.0 -30.0 -2.85943
-26.0 -29.5 -2.96302
-26.0 -29.0 -3.06164
-26.0 -28.5 -3.15366
-26.0 -28.0 -3.23729
-26.0 -27.5 -3.31067
-26.0 -27.0 -3.37185
-26.0 -26.5 -3.41887
-26.0 -26.0 -3.44979
-26.0 -25.5 -3.46279
-26.0 -25.0 -3.45616
-26.0 -24.5 -3.42844
-26.0 -24.0 -3.37846
-26.0 -23.5 -3.30536
-26.0 -23.0 -3.20868
-26.0 -22.5 -3.08836
-26.0 -22.0 -2.94477
-26.0 -21.5 -2.77869
-26.0 -21.0 -2.59130
-26.0 -20.5 -2.38414
-26.0 -20.0 -2.15904
-26.0 -19.5 -1.91809
-26.0 -19.0 -1.66354
-26.0 -18.5 -1.39776
-26.0 -18.0 -1.12316
-26.0 -17.5 -0.84212
-26.0 -17.0 -0.55695
-26.0 -16.5 -0.26983
-26.0 -16.0  0.01719
-26.0 -15.5  0.30228
-26.0 -15.0  0.58376
-26.0 -14.5  0.86020
-26.0 -14.0  1.13035
-26.0 -13.5  1.39315
-26.0 -13.0  1.64774
-26.0 -12.5  1.89343
-26.0 -12.0  2.12969
-26.0 -11.5  2.35611
-26.0 -11.0  2.57241
-26.0 -10.5  2.77841
-26.0 -10.0  2.97402
-26.0  -9.5  3.15920
-26.0  -9.0  3.33398
-26.0  -8.5  3.49842
-26.0  -8.0  3.65263
-26.0  -7.5  3.79670
-26.0  -7.0  3.93076
-26.0  -6.5  4.05495
-26.0  -6.0  4.16939
-26.0  -5.5  4.27421
-26.0  -5.0  4.36952
-26.0  -4.5  4.45543
-26.0  -4.0  4.53205
-26.0  -3.5  4.59945
-26.0  -3.0  4.65772
-26.0  -2.5  4.70692
-26.0  -2.0  4.74710
-26.0  -1.5  4.77831
-26.0  -1.0  4.80058
-26.0  -0.5  4.81394
-26.0   0.0  4.81839
-26.0   0.5  4.81394
-26.0   1.0  4.80058
-26.0   1.5  4.77831
-26.0   2.0  4.74710
-26.0   2.5  4.70692
-26.0   3.0  4.65772
-26.0   3.5  4.59945
-26.0   4.0  4.53205
-26.0   4.5  4.45543
-26.0   5.0  4.36952
-26.0   5.5  4.27421
-26.0   6.0  4.16939
-26.0   6.5  4.05495
-26.0   7.0  3.93076
-26.0   7.5  3.79670
-26.0   8.0  3.65263
-26.0   8.5  3.49842
-26.0   9.0  3.33398
-26.0   9.5  3.15920
-26.0  10.0  2.97402
-26.0  10.5  2.77841
-26.0  11.0  2.57241
-26.0  11.5  2.35611
-26.0  12.0  2.12969
-26.0  12.5  1.89343
-26.0  13.0  1.64774
-26.0  13.5  1.39315
-26.0  14.0  1.13035
-26.0  14.5  0.86020
-26.0  15.0  0.58376
-26.0  15.5  0.30228
-26.0  16.0  0.01719
-26.0  16.5 -0.26983
-26.0  17.0 -0.55695
-26.0  17.5 -0.84212
-26.0  18.0 -1.12316
-26.0  18.5 -1.39776
-26.0  19.0 -1.66354
-26.0  19.5 -1.91809
-26.0  20.0 -2.15904
-26.0  20.5 -2.38414
-26.0  21.0 -2.59130
-26.0  21.5 -2.77869
-26.0  22.0 -2.94477
-26.0  22.5 -3.08836
-26.0  23.0 -3.20868
-26.0  23.5 -3.30536
-26.0  24.0 -3.37846
-26.0  24.5 -3.42844
-26.0  25.0 -3.45616
-26.0  25.5 -3.46279
-26.0  26.0 -3.44979
-26.0  26.5 -3.41887
-26.0  27.0 -3.37185
-26.0  27.5 -3.31067
-26.0  28.0 -3.23729
-26.0  28.5 -3.15366
-26.0  29.0 -3.06164
-26.0  29.5 -2.96302
-26.0  30.0 -2.85943
-26.0  30.5 -2.75237
-26.0  31.0 -2.64317
-26.0  31.5 -2.53301
-26.0  32.0 -2.42291
-26.0  32.5 -2.31374
-26.0  33.0 -2.20621
-26.0  33.5 -2.10092
-26.0  34.0 -1.99834
-26.0  34.5 -1.89885
-26.0  35.0 -1.80271
-26.0  35.5 -1.71013
-26.0  36.0 -1.62122
-26.0  36.5 -1.53607
-26.0  37.0 -1.45469
-26.0  37.5 -1.37707
-26.0  38.0 -1.30315
-26.0  38.5 -1.23286
-26.0  39.0 -1.16611
-26.0  39.5 -1.10279
-26.0  40.0 -1.04277
-26.0  40.5 -0.98593
-26.0  41.0 -0.93214
-26.0  41.5 -0.88126
-26.0  42.0 -0.83315
-26.0  42.5 -0.78768
-26.0  43.0 -0.74472
-26.0  43.5 -0.70415
-26.0  44.0 -0.66582
-26.0  44.5 -0.62962
-26.0  45.0 -0.59544
-25.5 -45.0 -0.61166
-25.5 -44.5 -0.64555
-25.5 -44.0 -0.68137
-25.5 -43.5 -0.71921
-25.5 -43.0 -0.75919
-25.5 -42.5 -0.80141
-25.5 -42.0 -0.84600
-25.5 -41.5 -0.89305
-25.5 -41.0 -0.94269
-25.5 -40.5 -0.99503
-25.5 -40.0 -1.05018
-25.5 -39.5 -1.10825
-25.5 -39.0 -1.16933
-25.5 -38.5 -1.23352
-25.5 -38.0 -1.30089
-25.5 -37.5 -1.37150
-25.5 -37.0 -1.44538
-25.5 -36.5 -1.52255
-25.5 -36.0 -1.60299
-25.5 -35.5 -1.68664
-25.5 -35.0 -1.77338
-25.5 -34.5 -1.86304
-25.5 -34.0 -1.95541
-25.5 -33.5 -2.05017
-25.5 -33.0 -2.14694
-25.5 -32.5 -2.24522
-25.5 -32.0 -2.34443
-25.5 -31.5 -2.44386
-25.5 -31.0 -2.54268
-25.5 -30.5 -2.63994
-25.5 -30.0 -2.73455
-25.5 -29.5 -2.82527
-25.5 -29.0 -2.91077
-25.5 -28.5 -2.98958
-25.5 -28.0 -3.06015
-25.5 -27.5 -3.12083
-25.5 -27.0 -3.16995
-25.5 -26.5 -3.20584
-25.5 -26.0 -3.22686
-25.5 -25.5 -3.23147
-25.5 -25.0 -3.21827
-25.5 -24.5 -3.18604
-25.5 -24.0 -3.13382
-25.5 -23.5 -3.06095
-25.5 -23.0 -2.96704
-25.5 -22.5 -2.85209
-25.5 -22.0 -2.71644
-25.5 -21.5 -2.56075
-25.5 -21.0 -2.38604
-25.5 -20.5 -2.19362
-25.5 -20.0 -1.98505
-25.5 -19.5 -1.76211
-25.5 -19.0 -1.52674
-25.5 -18.5 -1.28096
-25.5 -18.0 -1.02685
-25.5 -17.5 -0.76650
-25.5 -17.0 -0.50193
-25.5 -16.5 -0.23508
-25.5 -16.0  0.03224
-25.5 -15.5  0.29834
-25.5 -15.0  0.56172
-25.5 -14.5  0.82102
-25.5 -14.0  1.07507
-25.5 -13.5  1.32285
-25.5 -13.0  1.56351
-25.5 -12.5  1.79635
-25.5 -12.0  2.02081
-25.5 -11.5  2.23644
-25.5 -11.0  2.44291
-25.5 -10.5  2.63999
-25.5 -10.0  2.82752
-25.5  -9.5  3.00539
-25.5  -9.0  3.17359
-25.5  -8.5  3.33210
-25.5  -8.0  3.48096
-25.5  -7.5  3.62024
-25.5  -7.0  3.75000
-25.5  -6.5  3.87034
-25.5  -6.0  3.98134
-25.5  -5.5  4.08310
-25.5  -5.0  4.17570
-25.5  -4.5  4.25922
-25.5  -4.0  4.33374
-25.5  -3.5  4.39933
-25.5  -3.0  4.45606
-25.5  -2.5  4.50397
-25.5  -2.0  4.54310
-25.5  -1.5  4.57351
-25.5  -1.0  4.59521
-25.5  -0.5  4.60822
-25.5   0.0  4.61255
-25.5   0.5  4.60822
-25.5   1.0  4.59521
-25.5   1.5  4.57351
-25.5   2.0  4.54310
-25.5   2.5  4.50397
-25.5   3.0  4.45606
-25.5   3.5  4.39933
-25.5   4.0  4.33374
-25.5   4.5  4.25922
-25.5   5.0  4.17570
-25.5   5.5  4.08310
-25.5   6.0  3.98134
-25.5   6.5  3.87034
-25.5   7.0  3.75000
-25.5   7.5  3.62024
-25.5   8.0  3.48096
-25.5   8.5  3.33210
-25.5   9.0  3.17359
-25.5   9.5  3.00539
-25.5  10.0  2.82752
-25.5  10.5  2.63999
-25.5  11.0  2.44291
-25.5  11.5  2.23644
-25.5  12.0  2.02081
-25.5  12.5  1.79635
-25.5  13.0  1.56351
-25.5  13.5  1.32285
-25.5  14.0  1.07507
-25.5  14.5  0.82102
-25.5  15.0  0.56172
-25.5  15.5  0.29834
-25.5  16.0  0.03224
-25.5  16.5 -0.23508
-25.5  17.0 -0.50193
-25.5  17.5 -0.76650
-25.5  18.0 -1.02685
-25.5  18.5 -1.28096
-25.5  19.0 -1.52674
-25.5  19.5 -1.76211
-25.5  20.0 -1.98505
-25.5  20.5 -2.19362
-25.5  21.0 -2.38604
-25.5  21.5 -2.56075
-25.5  22.0 -2.71644
-25.5  22.5 -2.85209
-25.5  23.0 -2.96704
-25.5  23.5 -3.06095
-25.5  24.0 -3.13382
-25.5  24.5 -3.18604
-25.5  25.0 -3.21827
-25.5  25.5 -3.23147
-25.5  26.0 -3.22686
-25.5  26.5 -3.20584
-25.5  27.0 -3.16995
-25.5  27.5 -3.12083
-25.5  28.0 -3.06015
-25.5  28.5 -2.98958
-25.5  29.0 -2.91077
-25.5  29.5 -2.82527
-25.5  30.0 -2.73455
-25.5  30.5 -2.63994
-25.5  31.0 -2.54268
-25.5  31.5 -2.44386
-25.5  32.0 -2.34443
-25.5  32.5 -2.24522
-25.5  33.0 -2.14694
-25.5  33.5 -2.05017
-25.5  34.0 -1.95541
-25.5  34.5 -1.86304
-25.5  35.0 -1.77338
-25.5  35.5 -1.68664
-25.5  36.0 -1.60299
-25.5  36.5 -1.52255
-25.5  37.0 -1.44538
-25.5  37.5 -1.37150
-25.5  38.0 -1.30089
-25.5  38.5 -1.23352
-25.5  39.0 -1.16933
-25.5  39.5 -1.10825
-25.5  40.0 -1.05018
-25.5  40.5 -0.99503
-25.5  41.0 -0.94269
-25.5  41.5 -0.89305
-25.5  42.0 -0.84600
-25.5  42.5 -0.80141
-25.5  43.0 -0.75919
-25.5  43.5 -0.71921
-25.5  44.0 -0.68137
-25.5  44.5 -0.64555
-25.5  45.0 -0.61166
-25.0 -45.0 -0.62605
-25.0 -44.5 -0.65956
-25.0 -44.0 -0.69489
-25.0 -43.5 -0.73214
-25.0 -43.0 -0.77141
-25.0 -42.5 -0.81279
-25.0 -42.0 -0.85637
-25.0 -41.5 -0.90226
-25.0 -41.0 -0.95054
-25.0 -40.5 -1.00132
-25.0 -40.0 -1.05468
-25.0 -39.5 -1.11069
-25.0 -39.0 -1.16945
-25.0 -38.5 -1.23099
-25.0 -38.0 -1.29538
-25.0 -37.5 -1.36264
-25.0 -37.0 -1.43278
-25.0 -36.5 -1.50577
-25.0 -36.0 -1.58155
-25.0 -35.5 -1.66005
-25.0 -35.0 -1.74110
-25.0 -34.5 -1.82453
-25.0 -34.0 -1.91007
-25.0 -33.5 -1.99740
-25.0 -33.0 -2.08613
-25.0 -32.5 -2.17575
-25.0 -32.0 -2.26570
-25.0 -31.5 -2.35529
-25.0 -31.0 -2.44374
-25.0 -30.5 -2.53015
-25.0 -30.0 -2.61352
-25.0 -29.5 -2.69273
-25.0 -29.0 -2.76657
-25.0 -28.5 -2.83375
-25.0 -28.0 -2.89288
-25.0 -27.5 -2.94254
-25.0 -27.0 -2.98129
-25.0 -26.5 -3.00770
-25.0 -26.0 -3.02037
-25.0 -25.5 -3.01800
-25.0 -25.0 -2.99944
-25.0 -24.5 -2.96367
-25.0 -24.0 -2.90991
-25.0 -23.5 -2.83761
-25.0 -23.0 -2.74651
-25.0 -22.5 -2.63660
-25.0 -22.0 -2.50819
-25.0 -21.5 -2.36188
-25.0 -21.0 -2.19854
-25.0 -20.5 -2.01928
-25.0 -20.0 -1.82546
-25.0 -19.5 -1.61859
-25.0 -19.0 -1.40035
-25.0 -18.5 -1.17248
-25.0 -18.0 -0.93679
-25.0 -17.5 -0.69510
-25.0 -17.0 -0.44919
-25.0 -16.5 -0.20077
-25.0 -16.0  0.04852
-25.0 -15.5  0.29716
-25.0 -15.0  0.54378
-25.0 -14.5  0.78713
-25.0 -14.0  1.02609
-25.0 -13.5  1.25970
-25.0 -13.0  1.48713
-25.0 -12.5  1.70768
-25.0 -12.0  1.92077
-25.0 -11.5  2.12595
-25.0 -11.0  2.32283
-25.0 -10.5  2.51114
-25.0 -10.0  2.69067
-25.0  -9.5  2.86128
-25.0  -9.0  3.02288
-25.0  -8.5  3.17542
-25.0  -8.0  3.31888
-25.0  -7.5  3.45329
-25.0  -7.0  3.57867
-25.0  -6.5  3.69507
-25.0  -6.0  3.80255
-25.0  -5.5  3.90115
-25.0  -5.0  3.99095
-25.0  -4.5  4.07200
-25.0  -4.0  4.14436
-25.0  -3.5  4.20808
-25.0  -3.0  4.26320
-25.0  -2.5  4.30978
-25.0  -2.0  4.34784
-25.0  -1.5  4.37741
-25.0  -1.0  4.39852
-25.0  -0.5  4.41117
-25.0   0.0  4.41539
-25.0   0.5  4.41117
-25.0   1.0  4.39852
-25.0   1.5  4.37741
-25.0   2.0  4.34784
-25.0   2.5  4.30978
-25.0   3.0  4.26320
-25.0   3.5  4.20808
-25.0   4.0  4.14436
-25.0   4.5  4.07200
-25.0   5.0  3.99095
-25.0   5.5  3.90115
-25.0   6.0  3.80255
-25.0   6.5  3.69507
-25.0   7.0  3.57867
-25.0   7.5  3.45329
-25.0   8.0  3.31888
-25.0   8.5  3.17542
-25.0   9.0  3.02288
-25.0   9.5  2.86128
-25.0  10.0  2.69067
-25.0  10.5  2.51114
-25.0  11.0  2.32283
-25.0  11.5  2.12595
-25.0  12.0  1.92077
-25.0  12.5  1.70768
-25.0  13.0  1.48713
-25.0  13.5  1.25970
-25.0  14.0  1.02609
-25.0  14.5  0.78713
-25.0  15.0  0.54378
-25.0  15.5  0.29716
-25.0  16.0  0.04852
-25.0  16.5 -0.20077
-25.0  17.0 -0.44919
-25.0  17.5 -0.69510
-25.0  18.0 -0.93679
-25.0  18.5 -1.17248
-25.0  19.0 -1.40035
-25.0  19.5 -1.61859
-25.0  20.0 -1.82546
-25.0  20.5 -2.01928
-25.0  21.0 -2.19854
-25.0  21.5 -2.36188
-25.0  22.0 -2.50819
-25.0  22.5 -2.63660
-25.0  23.0 -2.74651
-25.0  23.5 -2.83761
-25.0  24.0 -2.90991
-25.0  24.5 -2.96367
-25.0  25.0 -2.99944
-25.0  25.5 -3.01800
-25.0  26.0 -3.02037
-25.0  26.5 -3.00770
-25.0  27.0 -2.98129
-25.0  27.5 -2.94254
-25.0  28.0 -2.89288
-25.0  28.5 -2.83375
-25.0  29.0 -2.76657
-25.0  29.5 -2.69273
-25.0  30.0 -2.61352
-25.0  30.5 -2.53015
-25.0  31.0 -2.44374
-25.0  31.5 -2.35529
-25.0  32.0 -2.26570
-25.0  32.5 -2.17575
-25.0  33.0 -2.08613
-25.0  33.5 -1.99740
-25.0  34.0 -1.91007
-25.0  34.5 -1.82453
-25.0  35.0 -1.74110
-25.0  35.5 -1.66005
-25.0  36.0 -1.58155
-25.0  36.5 -1.50577
-25.0  37.0 -1.43278
-25.0  37.5 -1.36264
-25.0  38.0 -1.29538
-25.0  38.5 -1.23099
-25.0  39.0 -1.16945
-25.0  39.5 -1.11069
-25.0  40.0 -1.05468
-25.0  40.5 -1.00132
-25.0  41.0 -0.95054
-25.0  41.5 -0.90226
-25.0  42.0 -0.85637
-25.0  42.5 -0.81279
-25.0  43.0 -0.77141
-25.0  43.5 -0.73214
-25.0  44.0 -0.69489
-25.0  44.5 -0.65956
-25.0  45.0 -0.62605
-24.5 -45.0 -0.63871
-24.5 -44.5 -0.67174
-24.5 -44.0 -0.70650
-24.5 -43.5 -0.74306
-24.5 -43.0 -0.78152
-24.5 -42.5 -0.82195
-24.5 -42.0 -0.86444
-24.5 -41.5 -0.90907
-24.5 -41.0 -0.95590
-24.5 -40.5 -1.00503
-24.5 -40.0 -1.05651
-24.5 -39.5 -1.11040
-24.5 -39.0 -1.16676
-24.5 -38.5 -1.22562
-24.5 -38.0 -1.28700
-24.5 -37.5 -1.35091
-24.5 -37.0 -1.41731
-24.5 -36.5 -1.48617
-24.5 -36.0 -1.55740
-24.5 -35.5 -1.63088
-24.5 -35.0 -1.70645
-24.5 -34.5 -1.78388
-24.5 -34.0 -1.86292
-24.5 -33.5 -1.94323
-24.5 -33.0 -2.02440
-24.5 -32.5 -2.10595
-24.5 -32.0 -2.18732
-24.5 -31.5 -2.26785
-24.5 -31.0 -2.34682
-24.5 -30.5 -2.42339
-24.5 -30.0 -2.49663
-24.5 -29.5 -2.56554
-24.5 -29.0 -2.62903
-24.5 -28.5 -2.68594
-24.5 -28.0 -2.73507
-24.5 -27.5 -2.77517
-24.5 -27.0 -2.80499
-24.5 -26.5 -2.82330
-24.5 -26.0 -2.82893
-24.5 -25.5 -2.82077
-24.5 -25.0 -2.79785
-24.5 -24.5 -2.75933
-24.5 -24.0 -2.70458
-24.5 -23.5 -2.63315
-24.5 -23.0 -2.54483
-24.5 -22.5 -2.43965
-24.5 -22.0 -2.31790
-24.5 -21.5 -2.18009
-24.5 -21.0 -2.02698
-24.5 -20.5 -1.85954
-24.5 -20.0 -1.67894
-24.5 -19.5 -1.48647
-24.5 -19.0 -1.28359
-24.5 -18.5 -1.07182
-24.5 -18.0 -0.85272
-24.5 -17.5 -0.62790
-24.5 -17.0 -0.39892
-24.5 -16.5 -0.16732
-24.5 -16.0  0.06546
-24.5 -15.5  0.29803
-24.5 -15.0  0.52915
-24.5 -14.5  0.75764
-24.5 -14.0  0.98248
-24.5 -13.5  1.20274
-24.5 -13.0  1.41764
-24.5 -12.5  1.62648
-24.5 -12.0  1.82868
-24.5 -11.5  2.02376
-24.5 -11.0  2.21133
-24.5 -10.5  2.39108
-24.5 -10.0  2.56276
-24.5  -9.5  2.72619
-24.5  -9.0  2.88124
-24.5  -8.5  3.02781
-24.5  -8.0  3.16587
-24.5  -7.5  3.29537
-24.5  -7.0  3.41632
-24.5  -6.5  3.52873
-24.5  -6.0  3.63261
-24.5  -5.5  3.72801
-24.5  -5.0  3.81495
-24.5  -4.5  3.89347
-24.5  -4.0  3.96361
-24.5  -3.5  4.02541
-24.5  -3.0  4.07890
-24.5  -2.5  4.12411
-24.5  -2.0  4.16106
-24.5  -1.5  4.18977
-24.5  -1.0  4.21027
-24.5  -0.5  4.22257
-24.5   0.0  4.22667
-24.5   0.5  4.22257
-24.5   1.0  4.21027
-24.5   1.5  4.18977
-24.5   2.0  4.16106
-24.5   2.5  4.12411
-24.5   3.0  4.07890
-24.5   3.5  4.02541
-24.5   4.0  3.96361
-24.5   4.5  3.89347
-24.5   5.0  3.81495
-24.5   5.5  3.72801
-24.5   6.0  3.63261
-24.5   6.5  3.52873
-24.5   7.0  3.41632
-24.5   7.5  3.29537
-24.5   8.0  3.16587
-24.5   8.5  3.02781
-24.5   9.0  2.88124
-24.5   9.5  2.72619
-24.5  10.0  2.56276
-24.5  10.5  2.39108
-24.5  11.0  2.21133
-24.5  11.5  2.02376
-24.5  12.0  1.82868
-24.5  12.5  1.62648
-24.5  13.0  1.41764
-24.5  13.5  1.20274
-24.5  14.0  0.98248
-24.5  14.5  0.75764
-24.5  15.0  0.52915
-24.5  15.5  0.29803
-24.5  16.0  0.06546
-24.5  16.5 -0.16732
-24.5  17.0 -0.39892
-24.5  17.5 -0.62790
-24.5  18.0 -0.85272
-24.5  18.5 -1.07182
-24.5  19.0 -1.28359
-24.5  19.5 -1.48647
-24.5  20.0 -1.67894
-24.5  20.5 -1.85954
-24.5  21.0 -2.02698
-24.5  21.5 -2.18009
-24.5  22.0 -2.31790
-24.5  22.5 -2.43965
-24.5  23.0 -2.54483
-24.5  23.5 -2.63315
-24.5  24.0 -2.70458
-24.5  24.5 -2.75933
-24.5  25.0 -2.79785
-24.5  25.5 -2.82077
-24.5  26.0 -2.82893
-24.5  26.5 -2.82330
-24.5  27.0 -2.80499
-24.5  27.5 -2.77517
-24.5  28.0 -2.73507
-24.5  28.5 -2.68594
-24.5  29.0 -2.62903
-24.5  29.5 -2.56554
-24.5  30.0 -2.49663
-24.5  30.5 -2.42339
-24.5  31.0 -2.34682
-24.5  31.5 -2.26785
-24.5  32.0 -2.18732
-24.5  32.5 -2.10595
-24.5  33.0 -2.02440
-24.5  33.5 -1.94323
-24.5  34.0 -1.86292
-24.5  34.5 -1.78388
-24.5  35.0 -1.70645
-24.5  35.5 -1.63088
-24.5  36.0 -1.55740
-24.5  36.5 -1.48617
-24.5  37.0 -1.41731
-24.5  37.5 -1.35091
-24.5  38.0 -1.28700
-24.5  38.5 -1.22562
-24.5  39.0 -1.16676
-24.5  39.5 -1.11040
-24.5  40.0 -1.05651
-24.5  40.5 -1.00503
-24.5  41.0 -0.95590
-24.5  41.5 -0.90907
-24.5  42.0 -0.86444
-24.5  42.5 -0.82195
-24.5  43.0 -0.78152
-24.5  43.5 -0.74306
-24.5  44.0 -0.70650
-24.5  44.5 -0.67174
-24.5  45.0 -0.63871
-24.0 -45.0 -0.64972
-24.0 -44.5 -0.68219
-24.0 -44.0 -0.71629
-24.0 -43.5 -0.75209
-24.0 -43.0 -0.78966
-24.0 -42.5 -0.82906
-24.0 -42.0 -0.87038
-24.0 -41.5 -0.91366
-24.0 -41.0 -0.95898
-24.0 -40.5 -1.00638
-24.0 -40.0 -1.05592
-24.0 -39.5 -1.10765
-24.0 -39.0 -1.16157
-24.0 -38.5 -1.21772
-24.0 -38.0 -1.27609
-24.0 -37.5 -1.33667
-24.0 -37.0 -1.39939
-24.0 -36.5 -1.46420
-24.0 -36.0 -1.53099
-24.0 -35.5 -1.59962
-24.0 -35.0 -1.66991
-24.0 -34.5 -1.74163
-24.0 -34.0 -1.81450
-24.0 -33.5 -1.88818
-24.0 -33.0 -1.96227
-24.0 -32.5 -2.03631
-24.0 -32.0 -2.10974
-24.0 -31.5 -2.18197
-24.0 -31.0 -2.25229
-24.0 -30.5 -2.31993
-24.0 -30.0 -2.38406
-24.0 -29.5 -2.44376
-24.0 -29.0 -2.49806
-24.0 -28.5 -2.54592
-24.0 -28.0 -2.58629
-24.0 -27.5 -2.61808
-24.0 -27.0 -2.64020
-24.0 -26.5 -2.65161
-24.0 -26.0 -2.65129
-24.0 -25.5 -2.63832
-24.0 -25.0 -2.61188
-24.0 -24.5 -2.57126
-24.0 -24.0 -2.51596
-24.0 -23.5 -2.44560
-24.0 -23.0 -2.36004
-24.0 -22.5 -2.25932
-24.0 -22.0 -2.14370
-24.0 -21.5 -2.01363
-24.0 -21.0 -1.86978
-24.0 -20.5 -1.71300
-24.0 -20.0 -1.54429
-24.0 -19.5 -1.36478
-24.0 -19.0 -1.17573
-24.0 -18.5 -0.97847
-24.0 -18.0 -0.77438
-24.0 -17.5 -0.56485
-24.0 -17.0 -0.35128
-24.0 -16.5 -0.13502
-24.0 -16.0  0.08261
-24.0 -15.5  0.30039
-24.0 -15.0  0.51715
-24.0 -14.5  0.73183
-24.0 -14.0  0.94346
-24.0 -13.5  1.15118
-24.0 -13.0  1.35423
-24.0 -12.5  1.55193
-24.0 -12.0  1.74371
-24.0 -11.5  1.92910
-24.0 -11.0  2.10767
-24.0 -10.5  2.27909
-24.0 -10.0  2.44310
-24.0  -9.5  2.59948
-24.0  -9.0  2.74807
-24.0  -8.5  2.88874
-24.0  -8.0  3.02141
-24.0  -7.5  3.14601
-24.0  -7.0  3.26252
-24.0  -6.5  3.37091
-24.0  -6.0  3.47117
-24.0  -5.5  3.56332
-24.0  -5.0  3.64737
-24.0  -4.5  3.72332
-24.0  -4.0  3.79121
-24.0  -3.5  3.85106
-24.0  -3.0  3.90288
-24.0  -2.5  3.94669
-24.0  -2.0  3.98251
-24.0  -1.5  4.01035
-24.0  -1.0  4.03024
-24.0  -0.5  4.04216
-24.0   0.0  4.04614
-24.0   0.5  4.04216
-24.0   1.0  4.03024
-24.0   1.5  4.01035
-24.0   2.0  3.98251
-24.0   2.5  3.94669
-24.0   3.0  3.90288
-24.0   3.5  3.85106
-24.0   4.0  3.79121
-24.0   4.5  3.72332
-24.0   5.0  3.64737
-24.0   5.5  3.56332
-24.0   6.0  3.47117
-24.0   6.5  3.37091
-24.0   7.0  3.26252
-24.0   7.5  3.14601
-24.0   8.0  3.02141
-24.0   8.5  2.88874
-24.0   9.0  2.74807
-24.0   9.5  2.59948
-24.0  10.0  2.44310
-24.0  10.5  2.27909
-24.0  11.0  2.10767
-24.0  11.5  1.92910
-24.0  12.0  1.74371
-24.0  12.5  1.55193
-24.0  13.0  1.35423
-24.0  13.5  1.15118
-24.0  14.0  0.94346
-24.0  14.5  0.73183
-24.0  15.0  0.51715
-24.0  15.5  0.30039
-24.0  16.0  0.08261
-24.0  16.5 -0.13502
-24.0  17.0 -0.35128
-24.0  17.5 -0.56485
-24.0  18.0 -0.77438
-24.0  18.5 -0.97847
-24.0  19.0 -1.17573
-24.0  19.5 -1.36478
-24.0  20.0 -1.54429
-24.0  20.5 -1.71300
-24.0  21.0 -1.86978
-24.0  21.5 -2.01363
-24.0  22.0 -2.14370
-24.0  22.5 -2.25932
-24.0  23.0 -2.36004
-24.0  23.5 -2.44560
-24.0  24.0 -2.51596
-24.0  24.5 -2.57126
-24.0  25.0 -2.61188
-24.0  25.5 -2.63832
-24.0  26.0 -2.65129
-24.0  26.5 -2.65161
-24.0  27.0 -2.64020
-24.0  27.5 -2.61808
-24.0  28.0 -2.58629
-24.0  28.5 -2.54592
-24.0  29.0 -2.49806
-24.0  29.5 -2.44376
-24.0  30.0 -2.38406
-24.0  30.5 -2.31993
-24.0  31.0 -2.25229
-24.0  31.5 -2.18197
-24.0  32.0 -2.10974
-24.0  32.5 -2.03631
-24.0  33.0 -1.96227
-24.0  33.5 -1.88818
-24.0  34.0 -1.81450
-24.0  34.5 -1.74163
-24.0  35.0 -1.66991
-24.0  35.5 -1.59962
-24.0  36.0 -1.53099
-24.0  36.5 -1.46420
-24.0  37.0 -1.39939
-24.0  37.5 -1.33667
-24.0  38.0 -1.27609
-24.0  38.5 -1.21772
-24.0  39.0 -1.16157
-24.0  39.5 -1.10765
-24.0  40.0 -1.05592
-24.0  40.5 -1.00638
-24.0  41.0 -0.95898
-24.0  41.5 -0.91366
-24.0  42.0 -0.87038
-24.0  42.5 -0.82906
-24.0  43.0 -0.78966
-24.0  43.5 -0.75209
-24.0  44.0 -0.71629
-24.0  44.5 -0.68219
-24.0  45.0 -0.64972
-23.5 -45.0 -0.65918
-23.5 -44.5 -0.69102
-23.5 -44.0 -0.72439
-23.5 -43.5 -0.75935
-23.5 -43.0 -0.79595
-23.5 -42.5 -0.83427
-23.5 -42.0 -0.87434
-23.5 -41.5 -0.91622
-23.5 -41.0 -0.95996
-23.5 -40.5 -1.00559
-23.5 -40.0 -1.05316
-23.5 -39.5 -1.10268
-23.5 -39.0 -1.15416
-23.5 -38.5 -1.20760
-23.5 -38.0 -1.26298
-23.5 -37.5 -1.32026
-23.5 -37.0 -1.37938
-23.5 -36.5 -1.44024
-23.5 -36.0 -1.50273
-23.5 -35.5 -1.56670
-23.5 -35.0 -1.63194
-23.5 -34.5 -1.69822
-23.5 -34.0 -1.76525
-23.5 -33.5 -1.83271
-23.5 -33.0 -1.90019
-23.5 -32.5 -1.96725
-23.5 -32.0 -2.03337
-23.5 -31.5 -2.09797
-23.5 -31.0 -2.16041
-23.5 -30.5 -2.21998
-23.5 -30.0 -2.27591
-23.5 -29.5 -2.32738
-23.5 -29.0 -2.37351
-23.5 -28.5 -2.41339
-23.5 -28.0 -2.44609
-23.5 -27.5 -2.47065
-23.5 -27.0 -2.48615
-23.5 -26.5 -2.49166
-23.5 -26.0 -2.48633
-23.5 -25.5 -2.46937
-23.5 -25.0 -2.44010
-23.5 -24.5 -2.39792
-23.5 -24.0 -2.34242
-23.5 -23.5 -2.27330
-23.5 -23.0 -2.19045
-23.5 -22.5 -2.09393
-23.5 -22.0 -1.98397
-23.5 -21.5 -1.86098
-23.5 -21.0 -1.72555
-23.5 -20.5 -1.57842
-23.5 -20.0 -1.42045
-23.5 -19.5 -1.25264
-23.5 -19.0 -1.07610
-23.5 -18.5 -0.89197
-23.5 -18.0 -0.70147
-23.5 -17.5 -0.50584
-23.5 -17.0 -0.30631
-23.5 -16.5 -0.10409
-23.5 -16.0  0.09965
-23.5 -15.5  0.30378
-23.5 -15.0  0.50725
-23.5 -14.5  0.70907
-23.5 -14.0  0.90837
-23.5 -13.5  1.10431
-23.5 -13.0  1.29617
-23.5 -12.5  1.48331
-23.5 -12.0  1.66517
-23.5 -11.5  1.84126
-23.5 -11.0  2.01116
-23.5 -10.5  2.17453
-23.5 -10.0  2.33108
-23.5  -9.5  2.48058
-23.5  -9.0  2.62282
-23.5  -8.5  2.75768
-23.5  -8.0  2.88502
-23.5  -7.5  3.00476
-23.5  -7.0  3.11684
-23.5  -6.5  3.22121
-23.5  -6.0  3.31785
-23.5  -5.5  3.40674
-23.5  -5.0  3.48787
-23.5  -4.5  3.56124
-23.5  -4.0  3.62686
-23.5  -3.5  3.68473
-23.5  -3.0  3.73486
-23.5  -2.5  3.77726
-23.5  -2.0  3.81194
-23.5  -1.5  3.83890
-23.5  -1.0  3.85815
-23.5  -0.5  3.86970
-23.5   0.0  3.87355
-23.5   0.5  3.86970
-23.5   1.0  3.85815
-23.5   1.5  3.83890
-23.5   2.0  3.81194
-23.5   2.5  3.77726
-23.5   3.0  3.73486
-23.5   3.5  3.68473
-23.5   4.0  3.62686
-23.5   4.5  3.56124
-23.5   5.0  3.48787
-23.5   5.5  3.40674
-23.5   6.0  3.31785
-23.5   6.5  3.22121
-23.5   7.0  3.11684
-23.5   7.5  3.00476
-23.5   8.0  2.88502
-23.5   8.5  2.75768
-23.5   9.0  2.62282
-23.5   9.5  2.48058
-23.5  10.0  2.33108
-23.5  10.5  2.17453
-23.5  11.0  2.01116
-23.5  11.5  1.84126
-23.5  12.0  1.66517
-23.5  12.5  1.48331
-23.5  13.0  1.29617
-23.5  13.5  1.10431
-23.5  14.0  0.90837
-23.5  14.5  0.70907
-23.5  15.0  0.50725
-23.5  15.5  0.30378
-23.5  16.0  0.09965
-23.5  16.5 -0.10409
-23.5  17.0 -0.30631
-23.5  17.5 -0.50584
-23.5  18.0 -0.70147
-23.5  18.5 -0.89197
-23.5  19.0 -1.07610
-23.5  19.5 -1.25264
-23.5  20.0 -1.42045
-23.5  20.5 -1.57842
-23.5  21.0 -1.72555
-23.5  21.5 -1.86098
-23.5  22.0 -1.98397
-23.5  22.5 -2.09393
-23.5  23.0 -2.19045
-23.5  23.5 -2.27330
-23.5  24.0 -2.34242
-23.5  24.5 -2.39792
-23.5  25.0 -2.44010
-23.5  25.5 -2.46937
-23.5  26.0 -2.48633
-23.5  26.5 -2.49166
-23.5  27.0 -2.48615
-23.5  27.5 -2.47065
-23.5  28.0 -2.44609
-23.5  28.5 -2.41339
-23.5  29.0 -2.37351
-23.5  29.5 -2.32738
-23.5  30.0 -2.27591
-23.5  30.5 -2.21998
-23.5  31.0 -2.16041
-23.5  31.5 -2.09797
-23.5  32.0 -2.03337
-23.5  32.5 -1.96725
-23.5  33.0 -1.90019
-23.5  33.5 -1.83271
-23.5  34.0 -1.76525
-23.5  34.5 -1.69822
-23.5  35.0 -1.63194
-23.5  35.5 -1.56670
-23.5  36.0 -1.50273
-23.5  36.5 -1.44024
-23.5  37.0 -1.37938
-23.5  37.5 -1.32026
-23.5  38.0 -1.26298
-23.5  38.5 -1.20760
-23.5  39.0 -1.15416
-23.5  39.5 -1.10268
-23.5  40.0 -1.05316
-23.5  40.5 -1.00559
-23.5  41.0 -0.95996
-23.5  41.5 -0.91622
-23.5  42.0 -0.87434
-23.5  42.5 -0.83427
-23.5  43.0 -0.79595
-23.5  43.5 -0.75935
-23.5  44.0 -0.72439
-23.5  44.5 -0.69102
-23.5  45.0 -0.65918
-23.0 -45.0 -0.66716
-23.0 -44.5 -0.69831
-23.0 -44.0 -0.73090
-23.0 -43.5 -0.76496
-23.0 -43.0 -0.80055
-23.0 -42.5 -0.83771
-23.0 -42.0 -0.87649
-23.0 -41.5 -0.91692
-23.0 -41.0 -0.95904
-23.0 -40.5 -1.00288
-23.0 -40.0 -1.04844
-23.0 -39.5 -1.09575
-23.0 -39.0 -1.14479
-23.0 -38.5 -1.19554
-23.0 -38.0 -1.24797
-23.0 -37.5 -1.30202
-23.0 -37.0 -1.35762
-23.0 -36.5 -1.41466
-23.0 -36.0 -1.47300
-23.0 -35.5 -1.53248
-23.0 -35.0 -1.59291
-23.0 -34.5 -1.65404
-23.0 -34.0 -1.71558
-23.0 -33.5 -1.77720
-23.0 -33.0 -1.83853
-23.0 -32.5 -1.89913
-23.0 -32.0 -1.95851
-23.0 -31.5 -2.01613
-23.0 -31.0 -2.07140
-23.0 -30.5 -2.12366
-23.0 -30.0 -2.17222
-23.0 -29.5 -2.21633
-23.0 -29.0 -2.25521
-23.0 -28.5 -2.28805
-23.0 -28.0 -2.31402
-23.0 -27.5 -2.33230
-23.0 -27.0 -2.34208
-23.0 -26.5 -2.34256
-23.0 -26.0 -2.33301
-23.0 -25.5 -2.31276
-23.0 -25.0 -2.28123
-23.0 -24.5 -2.23794
-23.0 -24.0 -2.18253
-23.0 -23.5 -2.11476
-23.0 -23.0 -2.03457
-23.0 -22.5 -1.94201
-23.0 -22.0 -1.83730
-23.0 -21.5 -1.72081
-23.0 -21.0 -1.59305
-23.0 -20.5 -1.45468
-23.0 -20.0 -1.30646
-23.0 -19.5 -1.14926
-23.0 -19.0 -0.98405
-23.0 -18.5 -0.81184
-23.0 -18.0 -0.63370
-23.0 -17.5 -0.45073
-23.0 -17.0 -0.26402
-23.0 -16.5 -0.07466
-23.0 -16.0  0.11630
-23.0 -15.5  0.30784
-23.0 -15.0  0.49900
-23.0 -14.5  0.68888
-23.0 -14.0  0.87664
-23.0 -13.5  1.06153
-23.0 -13.0  1.24285
-23.0 -12.5  1.41999
-23.0 -12.0  1.59241
-23.0 -11.5  1.75961
-23.0 -11.0  1.92119
-23.0 -10.5  2.07680
-23.0 -10.0  2.22613
-23.0  -9.5  2.36892
-23.0  -9.0  2.50498
-23.0  -8.5  2.63413
-23.0  -8.0  2.75622
-23.0  -7.5  2.87116
-23.0  -7.0  2.97886
-23.0  -6.5  3.07925
-23.0  -6.0  3.17228
-23.0  -5.5  3.25792
-23.0  -5.0  3.33613
-23.0  -4.5  3.40692
-23.0  -4.0  3.47026
-23.0  -3.5  3.52614
-23.0  -3.0  3.57458
-23.0  -2.5  3.61555
-23.0  -2.0  3.64908
-23.0  -1.5  3.67515
-23.0  -1.0  3.69377
-23.0  -0.5  3.70495
-23.0   0.0  3.70867
-23.0   0.5  3.70495
-23.0   1.0  3.69377
-23.0   1.5  3.67515
-23.0   2.0  3.64908
-23.0   2.5  3.61555
-23.0   3.0  3.57458
-23.0   3.5  3.52614
-23.0   4.0  3.47026
-23.0   4.5  3.40692
-23.0   5.0  3.33613
-23.0   5.5  3.25792
-23.0   6.0  3.17228
-23.0   6.5  3.07925
-23.0   7.0  2.97886
-23.0   7.5  2.87116
-23.0   8.0  2.75622
-23.0   8.5  2.63413
-23.0   9.0  2.50498
-23.0   9.5  2.36892
-23.0  10.0  2.22613
-23.0  10.5  2.07680
-23.0  11.0  1.92119
-23.0  11.5  1.75961
-23.0  12.0  1.59241
-23.0  12.5  1.41999
-23.0  13.0  1.24285
-23.0  13.5  1.06153
-23.0  14.0  0.87664
-23.0  14.5  0.68888
-23.0  15.0  0.49900
-23.0  15.5  0.30784
-23.0  16.0  0.11630
-23.0  16.5 -0.07466
-23.0  17.0 -0.26402
-23.0  17.5 -0.45073
-23.0  18.0 -0.63370
-23.0  18.5 -0.81184
-23.0  19.0 -0.98405
-23.0  19.5 -1.14926
-23.0  20.0 -1.30646
-23.0  20.5 -1.45468
-23.0  21.0 -1.59305
-23.0  21.5 -1.72081
-23.0  22.0 -1.83730
-23.0  22.5 -1.94201
-23.0  23.0 -2.03457
-23.0  23.5 -2.11476
-23.0  24.0 -2.18253
-23.0  24.5 -2.23794
-23.0  25.0 -2.28123
-23.0  25.5 -2.31276
-23.0  26.0 -2.33301
-23.0  26.5 -2.34256
-23.0  27.0 -2.34208
-23.0  27.5 -2.33230
-23.0  28.0 -2.31402
-23.0  28.5 -2.28805
-23.0  29.0 -2.25521
-23.0  29.5 -2.21633
-23.0  30.0 -2.17222
-23.0  30.5 -2.12366
-23.0  31.0 -2.07140
-23.0  31.5 -2.01613
-23.0  32.0 -1.95851
-23.0  32.5 -1.89913
-23.0  33.0 -1.83853
-23.0  33.5 -1.77720
-23.0  34.0 -1.71558
-23.0  34.5 -1.65404
-23.0  35.0 -1.59291
-23.0  35.5 -1.53248
-23.0  36.0 -1.47300
-23.0  36.5 -1.41466
-23.0  37.0 -1.35762
-23.0  37.5 -1.30202
-23.0  38.0 -1.24797
-23.0  38.5 -1.19554
-23.0  39.0 -1.14479
-23.0  39.5 -1.09575
-23.0  40.0 -1.04844
-23.0  40.5 -1.00288
-23.0  41.0 -0.95904
-23.0  41.5 -0.91692
-23.0  42.0 -0.87649
-23.0  42.5 -0.83771
-23.0  43.0 -0.80055
-23.0  43.5 -0.76496
-23.0  44.0 -0.73090
-23.0  44.5 -0.69831
-23.0  45.0 -0.66716
-22.5 -45.0 -0.67377
-22.5 -44.5 -0.70418
-22.5 -44.0 -0.73593
-22.5 -43.5 -0.76904
-22.5 -43.0 -0.80356
-22.5 -42.5 -0.83953
-22.5 -42.0 -0.87698
-22.5 -41.5 -0.91593
-22.5 -41.0 -0.95641
-22.5 -40.5 -0.99843
-22.5 -40.0 -1.04198
-22.5 -39.5 -1.08708
-22.5 -39.0 -1.13369
-22.5 -38.5 -1.18179
-22.5 -38.0 -1.23133
-22.5 -37.5 -1.28223
-22.5 -37.0 -1.33441
-22.5 -36.5 -1.38775
-22.5 -36.0 -1.44212
-22.5 -35.5 -1.49733
-22.5 -35.0 -1.55318
-22.5 -34.5 -1.60943
-22.5 -34.0 -1.66581
-22.5 -33.5 -1.72198
-22.5 -33.0 -1.77759
-22.5 -32.5 -1.83221
-22.5 -32.0 -1.88540
-22.5 -31.5 -1.93664
-22.5 -31.0 -1.98538
-22.5 -30.5 -2.03104
-22.5 -30.0 -2.07297
-22.5 -29.5 -2.11050
-22.5 -29.0 -2.14294
-22.5 -28.5 -2.16956
-22.5 -28.0 -2.18965
-22.5 -27.5 -2.20247
-22.5 -27.0 -2.20731
-22.5 -26.5 -2.20350
-22.5 -26.0 -2.19040
-22.5 -25.5 -2.16745
-22.5 -25.0 -2.13415
-22.5 -24.5 -2.09010
-22.5 -24.0 -2.03501
-22.5 -23.5 -1.96868
-22.5 -23.0 -1.89108
-22.5 -22.5 -1.80225
-22.5 -22.0 -1.70242
-22.5 -21.5 -1.59192
-22.5 -21.0 -1.47119
-22.5 -20.5 -1.34081
-22.5 -20.0 -1.20146
-22.5 -19.5 -1.05391
-22.5 -19.0 -0.89900
-22.5 -18.5 -0.73764
-22.5 -18.0 -0.57077
-22.5 -17.5 -0.39936
-22.5 -17.0 -0.22438
-22.5 -16.5 -0.04682
-22.5 -16.0  0.13237
-22.5 -15.5  0.31229
-22.5 -15.0  0.49204
-22.5 -14.5  0.67080
-22.5 -14.0  0.84780
-22.5 -13.5  1.02233
-22.5 -13.0  1.19373
-22.5 -12.5  1.36141
-22.5 -12.0  1.52486
-22.5 -11.5  1.68360
-22.5 -11.0  1.83721
-22.5 -10.5  1.98536
-22.5 -10.0  2.12771
-22.5  -9.5  2.26402
-22.5  -9.0  2.39405
-22.5  -8.5  2.51763
-22.5  -8.0  2.63460
-22.5  -7.5  2.74482
-22.5  -7.0  2.84820
-22.5  -6.5  2.94465
-22.5  -6.0  3.03410
-22.5  -5.5  3.11651
-22.5  -5.0  3.19183
-22.5  -4.5  3.26004
-22.5  -4.0  3.32110
-22.5  -3.5  3.37501
-22.5  -3.0  3.42175
-22.5  -2.5  3.46130
-22.5  -2.0  3.49367
-22.5  -1.5  3.51885
-22.5  -1.0  3.53684
-22.5  -0.5  3.54764
-22.5   0.0  3.55123
-22.5   0.5  3.54764
-22.5   1.0  3.53684
-22.5   1.5  3.51885
-22.5   2.0  3.49367
-22.5   2.5  3.46130
-22.5   3.0  3.42175
-22.5   3.5  3.37501
-22.5   4.0  3.32110
-22.5   4.5  3.26004
-22.5   5.0  3.19183
-22.5   5.5  3.11651
-22.5   6.0  3.03410
-22.5   6.5  2.94465
-22.5   7.0  2.84820
-22.5   7.5  2.74482
-22.5   8.0  2.63460
-22.5   8.5  2.51763
-22.5   9.0  2.39405
-22.5   9.5  2.26402
-22.5  10.0  2.12771
-22.5  10.5  1.98536
-22.5  11.0  1.83721
-22.5  11.5  1.68360
-22.5  12.0  1.52486
-22.5  12.5  1.36141
-22.5  13.0  1.19373
-22.5  13.5  1.02233
-22.5  14.0  0.84780
-22.5  14.5  0.67080
-22.5  15.0  0.49204
-22.5  15.5  0.31229
-22.5  16.0  0.13237
-22.5  16.5 -0.04682
-22.5  17.0 -0.22438
-22.5  17.5 -0.39936
-22.5  18.0 -0.57077
-22.5  18.5 -0.73764
-22.5  19.0 -0.89900
-22.5  19.5 -1.05391
-22.5  20.0 -1.20146
-22.5  20.5 -1.34081
-22.5  21.0 -1.47119
-22.5  21.5 -1.59192
-22.5  22.0 -1.70242
-22.5  22.5 -1.80225
-22.5  23.0 -1.89108
-22.5  23.5 -1.96868
-22.5  24.0 -2.03501
-22.5  24.5 -2.09010
-22.5  25.0 -2.13415
-22.5  25.5 -2.16745
-22.5  26.0 -2.19040
-22.5  26.5 -2.20350
-22.5  27.0 -2.20731
-22.5  27.5 -2.20247
-22.5  28.0 -2.18965
-22.5  28.5 -2.16956
-22.5  29.0 -2.14294
-22.5  29.5 -2.11050
-22.5  30.0 -2.07297
-22.5  30.5 -2.03104
-22.5  31.0 -1.98538
-22.5  31.5 -1.93664
-22.5  32.0 -1.88540
-22.5  32.5 -1.83221
-22.5  33.0 -1.77759
-22.5  33.5 -1.72198
-22.5  34.0 -1.66581
-22.5  34.5 -1.60943
-22.5  35.0 -1.55318
-22.5  35.5 -1.49733
-22.5  36.0 -1.44212
-22.5  36.5 -1.38775
-22.5  37.0 -1.33441
-22.5  37.5 -1.28223
-22.5  38.0 -1.23133
-22.5  38.5 -1.18179
-22.5  39.0 -1.13369
-22.5  39.5 -1.08708
-22.5  40.0 -1.04198
-22.5  40.5 -0.99843
-22.5  41.0 -0.95641
-22.5  41.5 -0.91593
-22.5  42.0 -0.87698
-22.5  42.5 -0.83953
-22.5  43.0 -0.80356
-22.5  43.5 -0.76904
-22.5  44.0 -0.73593
-22.5  44.5 -0.70418
-22.5  45.0 -0.67377
-22.0 -45.0 -0.67909
-22.0 -44.5 -0.70872
-22.0 -44.0 -0.73958
-22.0 -43.5 -0.77171
-22.0 -43.0 -0.80514
-22.0 -42.5 -0.83988
-22.0 -42.0 -0.87597
-22.0 -41.5 -0.91342
-22.0 -41.0 -0.95224
-22.0 -40.5 -0.99243
-22.0 -40.0 -1.03399
-22.0 -39.5 -1.07689
-22.0 -39.0 -1.12111
-22.0 -38.5 -1.16661
-22.0 -38.0 -1.21332
-22.0 -37.5 -1.26116
-22.0 -37.0 -1.31004
-22.0 -36.5 -1.35983
-22.0 -36.0 -1.41038
-22.0 -35.5 -1.46152
-22.0 -35.0 -1.51304
-22.0 -34.5 -1.56471
-22.0 -34.0 -1.61624
-22.0 -33.5 -1.66732
-22.0 -33.0 -1.71762
-22.0 -32.5 -1.76672
-22.0 -32.0 -1.81422
-22.0 -31.5 -1.85963
-22.0 -31.0 -1.90245
-22.0 -30.5 -1.94213
-22.0 -30.0 -1.97811
-22.0 -29.5 -2.00976
-22.0 -29.0 -2.03648
-22.0 -28.5 -2.05762
-22.0 -28.0 -2.07254
-22.0 -27.5 -2.08061
-22.0 -27.0 -2.08120
-22.0 -26.5 -2.07373
-22.0 -26.0 -2.05766
-22.0 -25.5 -2.03251
-22.0 -25.0 -1.99784
-22.0 -24.5 -1.95333
-22.0 -24.0 -1.89874
-22.0 -23.5 -1.83391
-22.0 -23.0 -1.75882
-22.0 -22.5 -1.67354
-22.0 -22.0 -1.57825
-22.0 -21.5 -1.47327
-22.0 -21.0 -1.35899
-22.0 -20.5 -1.23593
-22.0 -20.0 -1.10468
-22.0 -19.5 -0.96593
-22.0 -19.0 -0.82042
-22.0 -18.5 -0.66896
-22.0 -18.0 -0.51237
-22.0 -17.5 -0.35154
-22.0 -17.0 -0.18733
-22.0 -16.5 -0.02061
-22.0 -16.0  0.14774
-22.0 -15.5  0.31691
-22.0 -15.0  0.48608
-22.0 -14.5  0.65450
-22.0 -14.0  0.82145
-22.0 -13.5  0.98626
-22.0 -13.0  1.14833
-22.0 -12.5  1.30709
-22.0 -12.0  1.46203
-22.0 -11.5  1.61271
-22.0 -11.0  1.75872
-22.0 -10.5  1.89970
-22.0 -10.0  2.03535
-22.0  -9.5  2.16539
-22.0  -9.0  2.28959
-22.0  -8.5  2.40775
-22.0  -8.0  2.51971
-22.0  -7.5  2.62532
-22.0  -7.0  2.72446
-22.0  -6.5  2.81704
-22.0  -6.0  2.90297
-22.0  -5.5  2.98220
-22.0  -5.0  3.05465
-22.0  -4.5  3.12030
-22.0  -4.0  3.17911
-22.0  -3.5  3.23105
-22.0  -3.0  3.27610
-22.0  -2.5  3.31424
-22.0  -2.0  3.34546
-22.0  -1.5  3.36975
-22.0  -1.0  3.38711
-22.0  -0.5  3.39752
-22.0   0.0  3.40099
-22.0   0.5  3.39752
-22.0   1.0  3.38711
-22.0   1.5  3.36975
-22.0   2.0  3.34546
-22.0   2.5  3.31424
-22.0   3.0  3.27610
-22.0   3.5  3.23105
-22.0   4.0  3.17911
-22.0   4.5  3.12030
-22.0   5.0  3.05465
-22.0   5.5  2.98220
-22.0   6.0  2.90297
-22.0   6.5  2.81704
-22.0   7.0  2.72446
-22.0   7.5  2.62532
-22.0   8.0  2.51971
-22.0   8.5  2.40775
-22.0   9.0  2.28959
-22.0   9.5  2.16539
-22.0  10.0  2.03535
-22.0  10.5  1.89970
-22.0  11.0  1.75872
-22.0  11.5  1.61271
-22.0  12.0  1.46203
-22.0  12.5  1.30709
-22.0  13.0  1.14833
-22.0  13.5  0.98626
-22.0  14.0  0.82145
-22.0  14.5  0.65450
-22.0  15.0  0.48608
-22.0  15.5  0.31691
-22.0  16.0  0.14774
-22.0  16.5 -0.02061
-22.0  17.0 -0.18733
-22.0  17.5 -0.35154
-22.0  18.0 -0.51237
-22.0  18.5 -0.66896
-22.0  19.0 -0.82042
-22.0  19.5 -0.96593
-22.0  20.0 -1.10468
-22.0  20.5 -1.23593
-22.0  21.0 -1.35899
-22.0  21.5 -1.47327
-22.0  22.0 -1.57825
-22.0  22.5 -1.67354
-22.0  23.0 -1.75882
-22.0  23.5 -1.83391
-22.0  24.0 -1.89874
-22.0  24.5 -1.95333
-22.0  25.0 -1.99784
-22.0  25.5 -2.03251
-22.0  26.0 -2.05766
-22.0  26.5 -2.07373
-22.0  27.0 -2.08120
-22.0  27.5 -2.08061
-22.0  28.0 -2.07254
-22.0  28.5 -2.05762
-22.0  29.0 -2.03648
-22.0  29.5 -2.00976
-22.0  30.0 -1.97811
-22.0  30.5 -1.94213
-22.0  31.0 -1.90245
-22.0  31.5 -1.85963
-22.0  32.0 -1.81422
-22.0  32.5 -1.76672
-22.0  33.0 -1.71762
-22.0  33.5 -1.66732
-22.0  34.0 -1.61624
-22.0  34.5 -1.56471
-22.0  35.0 -1.51304
-22.0  35.5 -1.46152
-22.0  36.0 -1.41038
-22.0  36.5 -1.35983
-22.0  37.0 -1.31004
-22.0  37.5 -1.26116
-22.0  38.0 -1.21332
-22.0  38.5 -1.16661
-22.0  39.0 -1.12111
-22.0  39.5 -1.07689
-22.0  40.0 -1.03399
-22.0  40.5 -0.99243
-22.0  41.0 -0.95224
-22.0  41.5 -0.91342
-22.0  42.0 -0.87597
-22.0  42.5 -0.83988
-22.0  43.0 -0.80514
-22.0  43.5 -0.77171
-22.0  44.0 -0.73958
-22.0  44.5 -0.70872
-22.0  45.0 -0.67909
-21.5 -45.0 -0.68321
-21.5 -44.5 -0.71203
-21.5 -44.0 -0.74198
-21.5 -43.5 -0.77309
-21.5 -43.0 -0.80539
-21.5 -42.5 -0.83888
-21.5 -42.0 -0.87360
-21.5 -41.5 -0.90953
-21.5 -41.0 -0.94669
-21.5 -40.5 -0.98507
-21.5 -40.0 -1.02464
-21.5 -39.5 -1.06538
-21.5 -39.0 -1.10726
-21.5 -38.5 -1.15021
-21.5 -38.0 -1.19417
-21.5 -37.5 -1.23905
-21.5 -37.0 -1.28475
-21.5 -36.5 -1.33113
-21.5 -36.0 -1.37805
-21.5 -35.5 -1.42533
-21.5 -35.0 -1.47276
-21.5 -34.5 -1.52010
-21.5 -34.0 -1.56710
-21.5 -33.5 -1.61345
-21.5 -33.0 -1.65882
-21.5 -32.5 -1.70284
-21.5 -32.0 -1.74512
-21.5 -31.5 -1.78521
-21.5 -31.0 -1.82265
-21.5 -30.5 -1.85694
-21.5 -30.0 -1.88756
-21.5 -29.5 -1.91397
-21.5 -29.0 -1.93560
-21.5 -28.5 -1.95190
-21.5 -28.0 -1.96230
-21.5 -27.5 -1.96623
-21.5 -27.0 -1.96316
-21.5 -26.5 -1.95258
-21.5 -26.0 -1.93403
-21.5 -25.5 -1.90708
-21.5 -25.0 -1.87139
-21.5 -24.5 -1.82666
-21.5 -24.0 -1.77271
-21.5 -23.5 -1.70942
-21.5 -23.0 -1.63677
-21.5 -22.5 -1.55484
-21.5 -22.0 -1.46380
-21.5 -21.5 -1.36393
-21.5 -21.0 -1.25559
-21.5 -20.5 -1.13924
-21.5 -20.0 -1.01541
-21.5 -19.5 -0.88471
-21.5 -19.0 -0.74780
-21.5 -18.5 -0.60539
-21.5 -18.0 -0.45823
-21.5 -17.5 -0.30710
-21.5 -17.0 -0.15278
-21.5 -16.5  0.00395
-21.5 -16.0  0.16231
-21.5 -15.5  0.32153
-21.5 -15.0  0.48089
-21.5 -14.5  0.63968
-21.5 -14.0  0.79724
-21.5 -13.5  0.95295
-21.5 -13.0  1.10624
-21.5 -12.5  1.25658
-21.5 -12.0  1.40348
-21.5 -11.5  1.54650
-21.5 -11.0  1.68526
-21.5 -10.5  1.81939
-21.5 -10.0  1.94860
-21.5  -9.5  2.07261
-21.5  -9.0  2.19117
-21.5  -8.5  2.30409
-21.5  -8.0  2.41118
-21.5  -7.5  2.51229
-21.5  -7.0  2.60730
-21.5  -6.5  2.69608
-21.5  -6.0  2.77856
-21.5  -5.5  2.85465
-21.5  -5.0  2.92428
-21.5  -4.5  2.98741
-21.5  -4.0  3.04399
-21.5  -3.5  3.09398
-21.5  -3.0  3.13735
-21.5  -2.5  3.17409
-21.5  -2.0  3.20417
-21.5  -1.5  3.22758
-21.5  -1.0  3.24431
-21.5  -0.5  3.25435
-21.5   0.0  3.25770
-21.5   0.5  3.25435
-21.5   1.0  3.24431
-21.5   1.5  3.22758
-21.5   2.0  3.20417
-21.5   2.5  3.17409
-21.5   3.0  3.13735
-21.5   3.5  3.09398
-21.5   4.0  3.04399
-21.5   4.5  2.98741
-21.5   5.0  2.92428
-21.5   5.5  2.85465
-21.5   6.0  2.77856
-21.5   6.5  2.69608
-21.5   7.0  2.60730
-21.5   7.5  2.51229
-21.5   8.0  2.41118
-21.5   8.5  2.30409
-21.5   9.0  2.19117
-21.5   9.5  2.07261
-21.5  10.0  1.94860
-21.5  10.5  1.81939
-21.5  11.0  1.68526
-21.5  11.5  1.54650
-21.5  12.0  1.40348
-21.5  12.5  1.25658
-21.5  13.0  1.10624
-21.5  13.5  0.95295
-21.5  14.0  0.79724
-21.5  14.5  0.63968
-21.5  15.0  0.48089
-21.5  15.5  0.32153
-21.5  16.0  0.16231
-21.5  16.5  0.00395
-21.5  17.0 -0.15278
-21.5  17.5 -0.30710
-21.5  18.0 -0.45823
-21.5  18.5 -0.60539
-21.5  19.0 -0.74780
-21.5  19.5 -0.88471
-21.5  20.0 -1.01541
-21.5  20.5 -1.13924
-21.5  21.0 -1.25559
-21.5  21.5 -1.36393
-21.5  22.0 -1.46380
-21.5  22.5 -1.55484
-21.5  23.0 -1.63677
-21.5  23.5 -1.70942
-21.5  24.0 -1.77271
-21.5  24.5 -1.82666
-21.5  25.0 -1.87139
-21.5  25.5 -1.90708
-21.5  26.0 -1.93403
-21.5  26.5 -1.95258
-21.5  27.0 -1.96316
-21.5  27.5 -1.96623
-21.5  28.0 -1.96230
-21.5  28.5 -1.95190
-21.5  29.0 -1.93560
-21.5  29.5 -1.91397
-21.5  30.0 -1.88756
-21.5  30.5 -1.85694
-21.5  31.0 -1.82265
-21.5  31.5 -1.78521
-21.5  32.0 -1.74512
-21.5  32.5 -1.70284
-21.5  33.0 -1.65882
-21.5  33.5 -1.61345
-21.5  34.0 -1.56710
-21.5  34.5 -1.52010
-21.5  35.0 -1.47276
-21.5  35.5 -1.42533
-21.5  36.0 -1.37805
-21.5  36.5 -1.33113
-21.5  37.0 -1.28475
-21.5  37.5 -1.23905
-21.5  38.0 -1.19417
-21.5  38.5 -1.15021
-21.5  39.0 -1.10726
-21.5  39.5 -1.06538
-21.5  40.0 -1.02464
-21.5  40.5 -0.98507
-21.5  41.0 -0.94669
-21.5  41.5 -0.90953
-21.5  42.0 -0.87360
-21.5  42.5 -0.83888
-21.5  43.0 -0.80539
-21.5  43.5 -0.77309
-21.5  44.0 -0.74198
-21.5  44.5 -0.71203
-21.5  45.0 -0.68321
-21.0 -45.0 -0.68623
-21.0 -44.5 -0.71419
-21.0 -44.0 -0.74321
-21.0 -43.5 -0.77328
-21.0 -43.0 -0.80443
-21.0 -42.5 -0.83667
-21.0 -42.0 -0.87000
-21.0 -41.5 -0.90442
-21.0 -41.0 -0.93993
-21.0 -40.5 -0.97650
-21.0 -40.0 -1.01412
-21.0 -39.5 -1.05274
-21.0 -39.0 -1.09232
-21.0 -38.5 -1.13280
-21.0 -38.0 -1.17410
-21.0 -37.5 -1.21612
-21.0 -37.0 -1.25877
-21.0 -36.5 -1.30190
-21.0 -36.0 -1.34536
-21.0 -35.5 -1.38898
-21.0 -35.0 -1.43255
-21.0 -34.5 -1.47584
-21.0 -34.0 -1.51861
-21.0 -33.5 -1.56055
-21.0 -33.0 -1.60137
-21.0 -32.5 -1.64071
-21.0 -32.0 -1.67820
-21.0 -31.5 -1.71343
-21.0 -31.0 -1.74599
-21.0 -30.5 -1.77541
-21.0 -30.0 -1.80122
-21.0 -29.5 -1.82294
-21.0 -29.0 -1.84006
-21.0 -28.5 -1.85209
-21.0 -28.0 -1.85852
-21.0 -27.5 -1.85885
-21.0 -27.0 -1.85263
-21.0 -26.5 -1.83942
-21.0 -26.0 -1.81879
-21.0 -25.5 -1.79041
-21.0 -25.0 -1.75397
-21.0 -24.5 -1.70924
-21.0 -24.0 -1.65605
-21.0 -23.5 -1.59431
-21.0 -23.0 -1.52402
-21.0 -22.5 -1.44526
-21.0 -22.0 -1.35819
-21.0 -21.5 -1.26307
-21.0 -21.0 -1.16022
-21.0 -20.5 -1.05004
-21.0 -20.0 -0.93303
-21.0 -19.5 -0.80971
-21.0 -19.0 -0.68068
-21.0 -18.5 -0.54658
-21.0 -18.0 -0.40807
-21.0 -17.5 -0.26585
-21.0 -17.0 -0.12062
-21.0 -16.5  0.02690
-21.0 -16.0  0.17601
-21.0 -15.5  0.32602
-21.0 -15.0  0.47626
-21.0 -14.5  0.62609
-21.0 -14.0  0.77489
-21.0 -13.5  0.92208
-21.0 -13.0  1.06712
-21.0 -12.5  1.20952
-21.0 -12.0  1.34881
-21.0 -11.5  1.48457
-21.0 -11.0  1.61642
-21.0 -10.5  1.74402
-21.0 -10.0  1.86706
-21.0  -9.5  1.98527
-21.0  -9.0  2.09840
-21.0  -8.5  2.20625
-21.0  -8.0  2.30863
-21.0  -7.5  2.40538
-21.0  -7.0  2.49635
-21.0  -6.5  2.58144
-21.0  -6.0  2.66054
-21.0  -5.5  2.73355
-21.0  -5.0  2.80042
-21.0  -4.5  2.86107
-21.0  -4.0  2.91545
-21.0  -3.5  2.96352
-21.0  -3.0  3.00525
-21.0  -2.5  3.04060
-21.0  -2.0  3.06956
-21.0  -1.5  3.09210
-21.0  -1.0  3.10820
-21.0  -0.5  3.11787
-21.0   0.0  3.12110
-21.0   0.5  3.11787
-21.0   1.0  3.10820
-21.0   1.5  3.09210
-21.0   2.0  3.06956
-21.0   2.5  3.04060
-21.0   3.0  3.00525
-21.0   3.5  2.96352
-21.0   4.0  2.91545
-21.0   4.5  2.86107
-21.0   5.0  2.80042
-21.0   5.5  2.73355
-21.0   6.0  2.66054
-21.0   6.5  2.58144
-21.0   7.0  2.49635
-21.0   7.5  2.40538
-21.0   8.0  2.30863
-21.0   8.5  2.20625
-21.0   9.0  2.09840
-21.0   9.5  1.98527
-21.0  10.0  1.86706
-21.0  10.5  1.74402
-21.0  11.0  1.61642
-21.0  11.5  1.48457
-21.0  12.0  1.34881
-21.0  12.5  1.20952
-21.0  13.0  1.06712
-21.0  13.5  0.92208
-21.0  14.0  0.77489
-21.0  14.5  0.62609
-21.0  15.0  0.47626
-21.0  15.5  0.32602
-21.0  16.0  0.17601
-21.0  16.5  0.02690
-21.0  17.0 -0.12062
-21.0  17.5 -0.26585
-21.0  18.0 -0.40807
-21.0  18.5 -0.54658
-21.0  19.0 -0.68068
-21.0  19.5 -0.80971
-21.0  20.0 -0.93303
-21.0  20.5 -1.05004
-21.0  21.0 -1.16022
-21.0  21.5 -1.26307
-21.0  22.0 -1.35819
-21.0  22.5 -1.44526
-21.0  23.0 -1.52402
-21.0  23.5 -1.59431
-21.0  24.0 -1.65605
-21.0  24.5 -1.70924
-21.0  25.0 -1.75397
-21.0  25.5 -1.79041
-21.0  26.0 -1.81879
-21.0  26.5 -1.83942
-21.0  27.0 -1.85263
-21.0  27.5 -1.85885
-21.0  28.0 -1.85852
-21.0  28.5 -1.85209
-21.0  29.0 -1.84006
-21.0  29.5 -1.82294
-21.0  30.0 -1.80122
-21.0  30.5 -1.77541
-21.0  31.0 -1.74599
-21.0  31.5 -1.71343
-21.0  32.0 -1.67820
-21.0  32.5 -1.64071
-21.0  33.0 -1.60137
-21.0  33.5 -1.56055
-21.0  34.0 -1.51861
-21.0  34.5 -1.47584
-21.0  35.0 -1.43255
-21.0  35.5 -1.38898
-21.0  36.0 -1.34536
-21.0  36.5 -1.30190
-21.0  37.0 -1.25877
-21.0  37.5 -1.21612
-21.0  38.0 -1.17410
-21.0  38.5 -1.13280
-21.0  39.0 -1.09232
-21.0  39.5 -1.05274
-21.0  40.0 -1.01412
-21.0  40.5 -0.97650
-21.0  41.0 -0.93993
-21.0  41.5 -0.90442
-21.0  42.0 -0.87000
-21.0  42.5 -0.83667
-21.0  43.0 -0.80443
-21.0  43.5 -0.77328
-21.0  44.0 -0.74321
-21.0  44.5 -0.71419
-21.0  45.0 -0.68623
-20.5 -45.0 -0.68822
-20.5 -44.5 -0.71532
-20.5 -44.0 -0.74337
-20.5 -43.5 -0.77239
-20.5 -43.0 -0.80239
-20.5 -42.5 -0.83336
-20.5 -42.0 -0.86531
-20.5 -41.5 -0.89823
-20.5 -41.0 -0.93210
-20.5 -40.5 -0.96690
-20.5 -40.0 -1.00259
-20.5 -39.5 -1.03914
-20.5 -39.0 -1.07648
-20.5 -38.5 -1.11456
-20.5 -38.0 -1.15329
-20.5 -37.5 -1.19257
-20.5 -37.0 -1.23230
-20.5 -36.5 -1.27232
-20.5 -36.0 -1.31251
-20.5 -35.5 -1.35267
-20.5 -35.0 -1.39261
-20.5 -34.5 -1.43211
-20.5 -34.0 -1.47093
-20.5 -33.5 -1.50878
-20.5 -33.0 -1.54539
-20.5 -32.5 -1.58042
-20.5 -32.0 -1.61352
-20.5 -31.5 -1.64433
-20.5 -31.0 -1.67246
-20.5 -30.5 -1.69748
-20.5 -30.0 -1.71898
-20.5 -29.5 -1.73650
-20.5 -29.0 -1.74962
-20.5 -28.5 -1.75788
-20.5 -28.0 -1.76083
-20.5 -27.5 -1.75804
-20.5 -27.0 -1.74912
-20.5 -26.5 -1.73366
-20.5 -26.0 -1.71133
-20.5 -25.5 -1.68182
-20.5 -25.0 -1.64487
-20.5 -24.5 -1.60029
-20.5 -24.0 -1.54794
-20.5 -23.5 -1.48776
-20.5 -23.0 -1.41975
-20.5 -22.5 -1.34400
-20.5 -22.0 -1.26065
-20.5 -21.5 -1.16995
-20.5 -21.0 -1.07217
-20.5 -20.5 -0.96770
-20.5 -20.0 -0.85696
-20.5 -19.5 -0.74043
-20.5 -19.0 -0.61865
-20.5 -18.5 -0.49218
-20.5 -18.0 -0.36162
-20.5 -17.5 -0.22761
-20.5 -17.0 -0.09077
-20.5 -16.5  0.04825
-20.5 -16.0  0.18882
-20.5 -15.5  0.33029
-20.5 -15.0  0.47206
-20.5 -14.5  0.61353
-20.5 -14.0  0.75414
-20.5 -13.5  0.89335
-20.5 -13.0  1.03065
-20.5 -12.5  1.16557
-20.5 -12.0  1.29767
-20.5 -11.5  1.42655
-20.5 -11.0  1.55185
-20.5 -10.5  1.67321
-20.5 -10.0  1.79036
-20.5  -9.5  1.90301
-20.5  -9.0  2.01093
-20.5  -8.5  2.11389
-20.5  -8.0  2.21171
-20.5  -7.5  2.30423
-20.5  -7.0  2.39130
-20.5  -6.5  2.47279
-20.5  -6.0  2.54859
-20.5  -5.5  2.61861
-20.5  -5.0  2.68277
-20.5  -4.5  2.74099
-20.5  -4.0  2.79323
-20.5  -3.5  2.83942
-20.5  -3.0  2.87952
-20.5  -2.5  2.91352
-20.5  -2.0  2.94136
-20.5  -1.5  2.96304
-20.5  -1.0  2.97854
-20.5  -0.5  2.98784
-20.5   0.0  2.99094
-20.5   0.5  2.98784
-20.5   1.0  2.97854
-20.5   1.5  2.96304
-20.5   2.0  2.94136
-20.5   2.5  2.91352
-20.5   3.0  2.87952
-20.5   3.5  2.83942
-20.5   4.0  2.79323
-20.5   4.5  2.74099
-20.5   5.0  2.68277
-20.5   5.5  2.61861
-20.5   6.0  2.54859
-20.5   6.5  2.47279
-20.5   7.0  2.39130
-20.5   7.5  2.30423
-20.5   8.0  2.21171
-20.5   8.5  2.11389
-20.5   9.0  2.01093
-20.5   9.5  1.90301
-20.5  10.0  1.79036
-20.5  10.5  1.67321
-20.5  11.0  1.55185
-20.5  11.5  1.42655
-20.5  12.0  1.29767
-20.5  12.5  1.16557
-20.5  13.0  1.03065
-20.5  13.5  0.89335
-20.5  14.0  0.75414
-20.5  14.5  0.61353
-20.5  15.0  0.47206
-20.5  15.5  0.33029
-20.5  16.0  0.18882
-20.5  16.5  0.04825
-20.5  17.0 -0.09077
-20.5  17.5 -0.22761
-20.5  18.0 -0.36162
-20.5  18.5 -0.49218
-20.5  19.0 -0.61865
-20.5  19.5 -0.74043
-20.5  20.0 -0.85696
-20.5  20.5 -0.96770
-20.5  21.0 -1.07217
-20.5  21.5 -1.16995
-20.5  22.0 -1.26065
-20.5  22.5 -1.34400
-20.5  23.0 -1.41975
-20.5  23.5 -1.48776
-20.5  24.0 -1.54794
-20.5  24.5 -1.60029
-20.5  25.0 -1.64487
-20.5  25.5 -1.68182
-20.5  26.0 -1.71133
-20.5  26.5 -1.73366
-20.5  27.0 -1.74912
-20.5  27.5 -1.75804
-20.5  28.0 -1.76083
-20.5  28.5 -1.75788
-20.5  29.0 -1.74962
-20.5  29.5 -1.73650
-20.5  30.0 -1.71898
-20.5  30.5 -1.69748
-20.5  31.0 -1.67246
-20.5  31.5 -1.64433
-20.5  32.0 -1.61352
-20.5  32.5 -1.58042
-20.5  33.0 -1.54539
-20.5  33.5 -1.50878
-20.5  34.0 -1.47093
-20.5  34.5 -1.43211
-20.5  35.0 -1.39261
-20.5  35.5 -1.35267
-20.5  36.0 -1.31251
-20.5  36.5 -1.27232
-20.5  37.0 -1.23230
-20.5  37.5 -1.19257
-20.5  38.0 -1.15329
-20.5  38.5 -1.11456
-20.5  39.0 -1.07648
-20.5  39.5 -1.03914
-20.5  40.0 -1.00259
-20.5  40.5 -0.96690
-20.5  41.0 -0.93210
-20.5  41.5 -0.89823
-20.5  42.0 -0.86531
-20.5  42.5 -0.83336
-20.5  43.0 -0.80239
-20.5  43.5 -0.77239
-20.5  44.0 -0.74337
-20.5  44.5 -0.71532
-20.5  45.0 -0.68822
-20.0 -45.0 -0.68927
-20.0 -44.5 -0.71548
-20.0 -44.0 -0.74257
-20.0 -43.5 -0.77053
-20.0 -43.0 -0.79937
-20.0 -42.5 -0.82908
-20.0 -42.0 -0.85966
-20.0 -41.5 -0.89108
-20.0 -41.0 -0.92334
-20.0 -40.5 -0.95639
-20.0 -40.0 -0.99021
-20.0 -39.5 -1.02473
-20.0 -39.0 -1.05991
-20.0 -38.5 -1.09567
-20.0 -38.0 -1.13193
-20.0 -37.5 -1.16858
-20.0 -37.0 -1.20552
-20.0 -36.5 -1.24260
-20.0 -36.0 -1.27967
-20.0 -35.5 -1.31657
-20.0 -35.0 -1.35310
-20.0 -34.5 -1.38906
-20.0 -34.0 -1.42420
-20.0 -33.5 -1.45826
-20.0 -33.0 -1.49098
-20.0 -32.5 -1.52205
-20.0 -32.0 -1.55114
-20.0 -31.5 -1.57792
-20.0 -31.0 -1.60202
-20.0 -30.5 -1.62308
-20.0 -30.0 -1.64070
-20.0 -29.5 -1.65448
-20.0 -29.0 -1.66404
-20.0 -28.5 -1.66897
-20.0 -28.0 -1.66887
-20.0 -27.5 -1.66338
-20.0 -27.0 -1.65213
-20.0 -26.5 -1.63479
-20.0 -26.0 -1.61105
-20.0 -25.5 -1.58066
-20.0 -25.0 -1.54341
-20.0 -24.5 -1.49911
-20.0 -24.0 -1.44768
-20.0 -23.5 -1.38905
-20.0 -23.0 -1.32325
-20.0 -22.5 -1.25035
-20.0 -22.0 -1.17049
-20.0 -21.5 -1.08390
-20.0 -21.0 -0.99084
-20.0 -20.5 -0.89164
-20.0 -20.0 -0.78669
-20.0 -19.5 -0.67642
-20.0 -19.0 -0.56130
-20.0 -18.5 -0.44186
-20.0 -18.0 -0.31864
-20.0 -17.5 -0.19219
-20.0 -17.0 -0.06309
-20.0 -16.5  0.06807
-20.0 -16.0  0.20071
-20.0 -15.5  0.33427
-20.0 -15.0  0.46816
-20.0 -14.5  0.60185
-20.0 -14.0  0.73481
-20.0 -13.5  0.86654
-20.0 -13.0  0.99657
-20.0 -12.5  1.12445
-20.0 -12.0  1.24976
-20.0 -11.5  1.37213
-20.0 -11.0  1.49120
-20.0 -10.5  1.60664
-20.0 -10.0  1.71816
-20.0  -9.5  1.82549
-20.0  -9.0  1.92840
-20.0  -8.5  2.02667
-20.0  -8.0  2.12011
-20.0  -7.5  2.20854
-20.0  -7.0  2.29183
-20.0  -6.5  2.36983
-20.0  -6.0  2.44243
-20.0  -5.5  2.50954
-20.0  -5.0  2.57106
-20.0  -4.5  2.62691
-20.0  -4.0  2.67704
-20.0  -3.5  2.72139
-20.0  -3.0  2.75992
-20.0  -2.5  2.79257
-20.0  -2.0  2.81933
-20.0  -1.5  2.84017
-20.0  -1.0  2.85507
-20.0  -0.5  2.86401
-20.0   0.0  2.86699
-20.0   0.5  2.86401
-20.0   1.0  2.85507
-20.0   1.5  2.84017
-20.0   2.0  2.81933
-20.0   2.5  2.79257
-20.0   3.0  2.75992
-20.0   3.5  2.72139
-20.0   4.0  2.67704
-20.0   4.5  2.62691
-20.0   5.0  2.57106
-20.0   5.5  2.50954
-20.0   6.0  2.44243
-20.0   6.5  2.36983
-20.0   7.0  2.29183
-20.0   7.5  2.20854
-20.0   8.0  2.12011
-20.0   8.5  2.02667
-20.0   9.0  1.92840
-20.0   9.5  1.82549
-20.0  10.0  1.71816
-20.0  10.5  1.60664
-20.0  11.0  1.49120
-20.0  11.5  1.37213
-20.0  12.0  1.24976
-20.0  12.5  1.12445
-20.0  13.0  0.99657
-20.0  13.5  0.86654
-20.0  14.0  0.73481
-20.0  14.5  0.60185
-20.0  15.0  0.46816
-20.0  15.5  0.33427
-20.0  16.0  0.20071
-20.0  16.5  0.06807
-20.0  17.0 -0.06309
-20.0  17.5 -0.19219
-20.0  18.0 -0.31864
-20.0  18.5 -0.44186
-20.0  19.0 -0.56130
-20.0  19.5 -0.67642
-20.0  20.0 -0.78669
-20.0  20.5 -0.89164
-20.0  21.0 -0.99084
-20.0  21.5 -1.08390
-20.0  22.0 -1.17049
-20.0  22.5 -1.25035
-20.0  23.0 -1.32325
-20.0  23.5 -1.38905
-20.0  24.0 -1.44768
-20.0  24.5 -1.49911
-20.0  25.0 -1.54341
-20.0  25.5 -1.58066
-20.0  26.0 -1.61105
-20.0  26.5 -1.63479
-20.0  27.0 -1.65213
-20.0  27.5 -1.66338
-20.0  28.0 -1.66887
-20.0  28.5 -1.66897
-20.0  29.0 -1.66404
-20.0  29.5 -1.65448
-20.0  30.0 -1.64070
-20.0  30.5 -1.62308
-20.0  31.0 -1.60202
-20.0  31.5 -1.57792
-20.0  32.0 -1.55114
-20.0  32.5 -1.52205
-20.0  33.0 -1.49098
-20.0  33.5 -1.45826
-20.0  34.0 -1.42420
-20.0  34.5 -1.38906
-20.0  35.0 -1.35310
-20.0  35.5 -1.31657
-20.0  36.0 -1.27967
-20.0  36.5 -1.24260
-20.0  37.0 -1.20552
-20.0  37.5 -1.16858
-20.0  38.0 -1.13193
-20.0  38.5 -1.09567
-20.0  39.0 -1.05991
-20.0  39.5 -1.02473
-20.0  40.0 -0.99021
-20.0  40.5 -0.95639
-20.0  41.0 -0.92334
-20.0  41.5 -0.89108
-20.0  42.0 -0.85966
-20.0  42.5 -0.82908
-20.0  43.0 -0.79937
-20.0  43.5 -0.77053
-20.0  44.0 -0.74257
-20.0  44.5 -0.71548
-20.0  45.0 -0.68927
-19.5 -45.0 -0.68945
-19.5 -44.5 -0.71478
-19.5 -44.0 -0.74090
-19.5 -43.5 -0.76780
-19.5 -43.0 -0.79548
-19.5 -42.5 -0.82393
-19.5 -42.0 -0.85315
-19.5 -41.5 -0.88311
-19.5 -41.0 -0.91378
-19.5 -40.5 -0.94512
-19.5 -40.0 -0.97711
-19.5 -39.5 -1.00967
-19.5 -39.0 -1.04276
-19.5 -38.5 -1.07629
-19.5 -38.0 -1.11017
-19.5 -37.5 -1.14431
-19.5 -37.0 -1.17859
-19.5 -36.5 -1.21287
-19.5 -36.0 -1.24701
-19.5 -35.5 -1.28084
-19.5 -35.0 -1.31418
-19.5 -34.5 -1.34682
-19.5 -34.0 -1.37853
-19.5 -33.5 -1.40909
-19.5 -33.0 -1.43822
-19.5 -32.5 -1.46565
-19.5 -32.0 -1.49107
-19.5 -31.5 -1.51418
-19.5 -31.0 -1.53464
-19.5 -30.5 -1.55211
-19.5 -30.0 -1.56625
-19.5 -29.5 -1.57669
-19.5 -29.0 -1.58309
-19.5 -28.5 -1.58508
-19.5 -28.0 -1.58232
-19.5 -27.5 -1.57448
-19.5 -27.0 -1.56124
-19.5 -26.5 -1.54231
-19.5 -26.0 -1.51744
-19.5 -25.5 -1.48639
-19.5 -25.0 -1.44899
-19.5 -24.5 -1.40509
-19.5 -24.0 -1.35462
-19.5 -23.5 -1.29753
-19.5 -23.0 -1.23385
-19.5 -22.5 -1.16365
-19.5 -22.0 -1.08709
-19.5 -21.5 -1.00434
-19.5 -21.0 -0.91565
-19.5 -20.5 -0.82134
-19.5 -20.0 -0.72174
-19.5 -19.5 -0.61724
-19.5 -19.0 -0.50829
-19.5 -18.5 -0.39534
-19.5 -18.0 -0.27888
-19.5 -17.5 -0.15942
-19.5 -17.0 -0.03748
-19.5 -16.5  0.08641
-19.5 -16.0  0.21171
-19.5 -15.5  0.33790
-19.5 -15.0  0.46447
-19.5 -14.5  0.59090
-19.5 -14.0  0.71671
-19.5 -13.5  0.84144
-19.5 -13.0  0.96464
-19.5 -12.5  1.08589
-19.5 -12.0  1.20481
-19.5 -11.5  1.32101
-19.5 -11.0  1.43418
-19.5 -10.5  1.54398
-19.5 -10.0  1.65015
-19.5  -9.5  1.75240
-19.5  -9.0  1.85052
-19.5  -8.5  1.94429
-19.5  -8.0  2.03351
-19.5  -7.5  2.11801
-19.5  -7.0  2.19764
-19.5  -6.5  2.27227
-19.5  -6.0  2.34178
-19.5  -5.5  2.40605
-19.5  -5.0  2.46501
-19.5  -4.5  2.51856
-19.5  -4.0  2.56664
-19.5  -3.5  2.60920
-19.5  -3.0  2.64617
-19.5  -2.5  2.67753
-19.5  -2.0  2.70322
-19.5  -1.5  2.72324
-19.5  -1.0  2.73755
-19.5  -0.5  2.74614
-19.5   0.0  2.74901
-19.5   0.5  2.74614
-19.5   1.0  2.73755
-19.5   1.5  2.72324
-19.5   2.0  2.70322
-19.5   2.5  2.67753
-19.5   3.0  2.64617
-19.5   3.5  2.60920
-19.5   4.0  2.56664
-19.5   4.5  2.51856
-19.5   5.0  2.46501
-19.5   5.5  2.40605
-19.5   6.0  2.34178
-19.5   6.5  2.27227
-19.5   7.0  2.19764
-19.5   7.5  2.11801
-19.5   8.0  2.03351
-19.5   8.5  1.94429
-19.5   9.0  1.85052
-19.5   9.5  1.75240
-19.5  10.0  1.65015
-19.5  10.5  1.54398
-19.5  11.0  1.43418
-19.5  11.5  1.32101
-19.5  12.0  1.20481
-19.5  12.5  1.08589
-19.5  13.0  0.96464
-19.5  13.5  0.84144
-19.5  14.0  0.71671
-19.5  14.5  0.59090
-19.5  15.0  0.46447
-19.5  15.5  0.33790
-19.5  16.0  0.21171
-19.5  16.5  0.08641
-19.5  17.0 -0.03748
-19.5  17.5 -0.15942
-19.5  18.0 -0.27888
-19.5  18.5 -0.39534
-19.5  19.0 -0.50829
-19.5  19.5 -0.61724
-19.5  20.0 -0.72174
-19.5  20.5 -0.82134
-19.5  21.0 -0.91565
-19.5  21.5 -1.00434
-19.5  22.0 -1.08709
-19.5  22.5 -1.16365
-19.5  23.0 -1.23385
-19.5  23.5 -1.29753
-19.5  24.0 -1.35462
-19.5  24.5 -1.40509
-19.5  25.0 -1.44899
-19.5  25.5 -1.48639
-19.5  26.0 -1.51744
-19.5  26.5 -1.54231
-19.5  27.0 -1.56124
-19.5  27.5 -1.57448
-19.5  28.0 -1.58232
-19.5  28.5 -1.58508
-19.5  29.0 -1.58309
-19.5  29.5 -1.57669
-19.5  30.0 -1.56625
-19.5  30.5 -1.55211
-19.5  31.0 -1.53464
-19.5  31.5 -1.51418
-19.5  32.0 -1.49107
-19.5  32.5 -1.46565
-19.5  33.0 -1.43822
-19.5  33.5 -1.40909
-19.5  34.0 -1.37853
-19.5  34.5 -1.34682
-19.5  35.0 -1.31418
-19.5  35.5 -1.28084
-19.5  36.0 -1.24701
-19.5  36.5 -1.21287
-19.5  37.0 -1.17859
-19.5  37.5 -1.14431
-19.5  38.0 -1.11017
-19.5  38.5 -1.07629
-19.5  39.0 -1.04276
-19.5  39.5 -1.00967
-19.5  40.0 -0.97711
-19.5  40.5 -0.94512
-19.5  41.0 -0.91378
-19.5  41.5 -0.88311
-19.5  42.0 -0.85315
-19.5  42.5 -0.82393
-19.5  43.0 -0.79548
-19.5  43.5 -0.76780
-19.5  44.0 -0.74090
-19.5  44.5 -0.71478
-19.5  45.0 -0.68945
-19.0 -45.0 -0.68886
-19.0 -44.5 -0.71329
-19.0 -44.0 -0.73843
-19.0 -43.5 -0.76427
-19.0 -43.0 -0.79081
-19.0 -42.5 -0.81802
-19.0 -42.0 -0.84590
-19.0 -41.5 -0.87441
-19.0 -41.0 -0.90353
-19.0 -40.5 -0.93322
-19.0 -40.0 -0.96342
-19.0 -39.5 -0.99409
-19.0 -39.0 -1.02516
-19.0 -38.5 -1.05654
-19.0 -38.0 -1.08815
-19.0 -37.5 -1.11990
-19.0 -37.0 -1.15165
-19.0 -36.5 -1.18328
-19.0 -36.0 -1.21465
-19.0 -35.5 -1.24560
-19.0 -35.0 -1.27594
-19.0 -34.5 -1.30549
-19.0 -34.0 -1.33403
-19.0 -33.5 -1.36134
-19.0 -33.0 -1.38716
-19.0 -32.5 -1.41125
-19.0 -32.0 -1.43332
-19.0 -31.5 -1.45308
-19.0 -31.0 -1.47024
-19.0 -30.5 -1.48448
-19.0 -30.0 -1.49549
-19.0 -29.5 -1.50295
-19.0 -29.0 -1.50654
-19.0 -28.5 -1.50595
-19.0 -28.0 -1.50086
-19.0 -27.5 -1.49098
-19.0 -27.0 -1.47605
-19.0 -26.5 -1.45579
-19.0 -26.0 -1.43000
-19.0 -25.5 -1.39848
-19.0 -25.0 -1.36107
-19.0 -24.5 -1.31766
-19.0 -24.0 -1.26818
-19.0 -23.5 -1.21261
-19.0 -23.0 -1.15097
-19.0 -22.5 -1.08335
-19.0 -22.0 -1.00987
-19.0 -21.5 -0.93071
-19.0 -21.0 -0.84611
-19.0 -20.5 -0.75633
-19.0 -20.0 -0.66169
-19.0 -19.5 -0.56254
-19.0 -19.0 -0.45928
-19.0 -18.5 -0.35233
-19.0 -18.0 -0.24212
-19.0 -17.5 -0.12913
-19.0 -17.0 -0.01382
-19.0 -16.5  0.10332
-19.0 -16.0  0.22181
-19.0 -15.5  0.34117
-19.0 -15.0  0.46091
-19.0 -14.5  0.58057
-19.0 -14.0  0.69970
-19.0 -13.5  0.81787
-19.0 -13.0  0.93466
-19.0 -12.5  1.04968
-19.0 -12.0  1.16256
-19.0 -11.5  1.27295
-19.0 -11.0  1.38052
-19.0 -10.5  1.48498
-19.0 -10.0  1.58604
-19.0  -9.5  1.68346
-19.0  -9.0  1.77700
-19.0  -8.5  1.86645
-19.0  -8.0  1.95162
-19.0  -7.5  2.03235
-19.0  -7.0  2.10846
-19.0  -6.5  2.17984
-19.0  -6.0  2.24635
-19.0  -5.5  2.30789
-19.0  -5.0  2.36436
-19.0  -4.5  2.41568
-19.0  -4.0  2.46178
-19.0  -3.5  2.50258
-19.0  -3.0  2.53805
-19.0  -2.5  2.56814
-19.0  -2.0  2.59280
-19.0  -1.5  2.61201
-19.0  -1.0  2.62575
-19.0  -0.5  2.63400
-19.0   0.0  2.63675
-19.0   0.5  2.63400
-19.0   1.0  2.62575
-19.0   1.5  2.61201
-19.0   2.0  2.59280
-19.0   2.5  2.56814
-19.0   3.0  2.53805
-19.0   3.5  2.50258
-19.0   4.0  2.46178
-19.0   4.5  2.41568
-19.0   5.0  2.36436
-19.0   5.5  2.30789
-19.0   6.0  2.24635
-19.0   6.5  2.17984
-19.0   7.0  2.10846
-19.0   7.5  2.03235
-19.0   8.0  1.95162
-19.0   8.5  1.86645
-19.0   9.0  1.77700
-19.0   9.5  1.68346
-19.0  10.0  1.58604
-19.0  10.5  1.48498
-19.0  11.0  1.38052
-19.0  11.5  1.27295
-19.0  12.0  1.16256
-19.0  12.5  1.04968
-19.0  13.0  0.93466
-19.0  13.5  0.81787
-19.0  14.0  0.69970
-19.0  14.5  0.58057
-19.0  15.0  0.46091
-19.0  15.5  0.34117
-19.0  16.0  0.22181
-19.0  16.5  0.10332
-19.0  17.0 -0.01382
-19.0  17.5 -0.12913
-19.0  18.0 -0.24212
-19.0  18.5 -0.35233
-19.0  19.0 -0.45928
-19.0  19.5 -0.56254
-19.0  20.0 -0.66169
-19.0  20.5 -0.75633
-19.0  21.0 -0.84611
-19.0  21.5 -0.93071
-19.0  22.0 -1.00987
-19.0  22.5 -1.08335
-19.0  23.0 -1.15097
-19.0  23.5 -1.21261
-19.0  24.0 -1.26818
-19.0  24.5 -1.31766
-19.0  25.0 -1.36107
-19.0  25.5 -1.39848
-19.0  26.0 -1.43000
-19.0  26.5 -1.45579
-19.0  27.0 -1.47605
-19.0  27.5 -1.49098
-19.0  28.0 -1.50086
-19.0  28.5 -1.50595
-19.0  29.0 -1.50654
-19.0  29.5 -1.50295
-19.0  30.0 -1.49549
-19.0  30.5 -1.48448
-19.0  31.0 -1.47024
-19.0  31.5 -1.45308
-19.0  32.0 -1.43332
-19.0  32.5 -1.41125
-19.0  33.0 -1.38716
-19.0  33.5 -1.36134
-19.0  34.0 -1.33403
-19.0  34.5 -1.30549
-19.0  35.0 -1.27594
-19.0  35.5 -1.24560
-19.0  36.0 -1.21465
-19.0  36.5 -1.18328
-19.0  37.0 -1.15165
-19.0  37.5 -1.11990
-19.0  38.0 -1.08815
-19.0  38.5 -1.05654
-19.0  39.0 -1.02516
-19.0  39.5 -0.99409
-19.0  40.0 -0.96342
-19.0  40.5 -0.93322
-19.0  41.0 -0.90353
-19.0  41.5 -0.87441
-19.0  42.0 -0.84590
-19.0  42.5 -0.81802
-19.0  43.0 -0.79081
-19.0  43.5 -0.76427
-19.0  44.0 -0.73843
-19.0  44.5 -0.71329
-19.0  45.0 -0.68886
-18.5 -45.0 -0.68756
-18.5 -44.5 -0.71110
-18.5 -44.0 -0.73527
-18.5 -43.5 -0.76006
-18.5 -43.0 -0.78546
-18.5 -42.5 -0.81145
-18.5 -42.0 -0.83801
-18.5 -41.5 -0.86511
-18.5 -41.0 -0.89272
-18.5 -40.5 -0.92079
-18.5 -40.0 -0.94928
-18.5 -39.5 -0.97811
-18.5 -39.0 -1.00724
-18.5 -38.5 -1.03656
-18.5 -38.0 -1.06601
-18.5 -37.5 -1.09547
-18.5 -37.0 -1.12483
-18.5 -36.5 -1.15396
-18.5 -36.0 -1.18272
-18.5 -35.5 -1.21096
-18.5 -35.0 -1.23850
-18.5 -34.5 -1.26517
-18.5 -34.0 -1.29076
-18.5 -33.5 -1.31506
-18.5 -33.0 -1.33784
-18.5 -32.5 -1.35886
-18.5 -32.0 -1.37786
-18.5 -31.5 -1.39458
-18.5 -31.0 -1.40875
-18.5 -30.5 -1.42008
-18.5 -30.0 -1.42829
-18.5 -29.5 -1.43309
-18.5 -29.0 -1.43419
-18.5 -28.5 -1.43131
-18.5 -28.0 -1.42419
-18.5 -27.5 -1.41255
-18.5 -27.0 -1.39617
-18.5 -26.5 -1.37482
-18.5 -26.0 -1.34830
-18.5 -25.5 -1.31646
-18.5 -25.0 -1.27916
-18.5 -24.5 -1.23630
-18.5 -24.0 -1.18784
-18.5 -23.5 -1.13376
-18.5 -23.0 -1.07409
-18.5 -22.5 -1.00891
-18.5 -22.0 -0.93834
-18.5 -21.5 -0.86255
-18.5 -21.0 -0.78175
-18.5 -20.5 -0.69618
-18.5 -20.0 -0.60614
-18.5 -19.5 -0.51195
-18.5 -19.0 -0.41397
-18.5 -18.5 -0.31257
-18.5 -18.0 -0.20816
-18.5 -17.5 -0.10115
-18.5 -17.0  0.00801
-18.5 -16.5  0.11890
-18.5 -16.0  0.23106
-18.5 -15.5  0.34404
-18.5 -15.0  0.45743
-18.5 -14.5  0.57077
-18.5 -14.0  0.68366
-18.5 -13.5  0.79568
-18.5 -13.0  0.90646
-18.5 -12.5  1.01562
-18.5 -12.0  1.12281
-18.5 -11.5  1.22770
-18.5 -11.0  1.32998
-18.5 -10.5  1.42937
-18.5 -10.0  1.52559
-18.5  -9.5  1.61840
-18.5  -9.0  1.70757
-18.5  -8.5  1.79290
-18.5  -8.0  1.87420
-18.5  -7.5  1.95129
-18.5  -7.0  2.02403
-18.5  -6.5  2.09228
-18.5  -6.0  2.15590
-18.5  -5.5  2.21480
-18.5  -5.0  2.26887
-18.5  -4.5  2.31803
-18.5  -4.0  2.36220
-18.5  -3.5  2.40131
-18.5  -3.0  2.43532
-18.5  -2.5  2.46417
-18.5  -2.0  2.48783
-18.5  -1.5  2.50626
-18.5  -1.0  2.51945
-18.5  -0.5  2.52736
-18.5   0.0  2.53000
-18.5   0.5  2.52736
-18.5   1.0  2.51945
-18.5   1.5  2.50626
-18.5   2.0  2.48783
-18.5   2.5  2.46417
-18.5   3.0  2.43532
-18.5   3.5  2.40131
-18.5   4.0  2.36220
-18.5   4.5  2.31803
-18.5   5.0  2.26887
-18.5   5.5  2.21480
-18.5   6.0  2.15590
-18.5   6.5  2.09228
-18.5   7.0  2.02403
-18.5   7.5  1.95129
-18.5   8.0  1.87420
-18.5   8.5  1.79290
-18.5   9.0  1.70757
-18.5   9.5  1.61840
-18.5  10.0  1.52559
-18.5  10.5  1.42937
-18.5  11.0  1.32998
-18.5  11.5  1.22770
-18.5  12.0  1.12281
-18.5  12.5  1.01562
-18.5  13.0  0.90646
-18.5  13.5  0.79568
-18.5  14.0  0.68366
-18.5  14.5  0.57077
-18.5  15.0  0.45743
-18.5  15.5  0.34404
-18.5  16.0  0.23106
-18.5  16.5  0.11890
-18.5  17.0  0.00801
-18.5  17.5 -0.10115
-18.5  18.0 -0.20816
-18.5  18.5 -0.31257
-18.5  19.0 -0.41397
-18.5  19.5 -0.51195
-18.5  20.0 -0.60614
-18.5  20.5 -0.69618
-18.5  21.0 -0.78175
-18.5  21.5 -0.86255
-18.5  22.0 -0.93834
-18.5  22.5 -1.00891
-18.5  23.0 -1.07409
-18.5  23.5 -1.13376
-18.5  24.0 -1.18784
-18.5  24.5 -1.23630
-18.5  25.0 -1.27916
-18.5  25.5 -1.31646
-18.5  26.0 -1.34830
-18.5  26.5 -1.37482
-18.5  27.0 -1.39617
-18.5  27.5 -1.41255
-18.5  28.0 -1.42419
-18.5  28.5 -1.43131
-18.5  29.0 -1.43419
-18.5  29.5 -1.43309
-18.5  30.0 -1.42829
-18.5  30.5 -1.42008
-18.5  31.0 -1.40875
-18.5  31.5 -1.39458
-18.5  32.0 -1.37786
-18.5  32.5 -1.35886
-18.5  33.0 -1.33784
-18.5  33.5 -1.31506
-18.5  34.0 -1.29076
-18.5  34.5 -1.26517
-18.5  35.0 -1.23850
-18.5  35.5 -1.21096
-18.5  36.0 -1.18272
-18.5  36.5 -1.15396
-18.5  37.0 -1.12483
-18.5  37.5 -1.09547
-18.5  38.0 -1.06601
-18.5  38.5 -1.03656
-18.5  39.0 -1.00724
-18.5  39.5 -0.97811
-18.5  40.0 -0.94928
-18.5  40.5 -0.92079
-18.5  41.0 -0.89272
-18.5  41.5 -0.86511
-18.5  42.0 -0.83801
-18.5  42.5 -0.81145
-18.5  43.0 -0.78546
-18.5  43.5 -0.76006
-18.5  44.0 -0.73527
-18.5  44.5 -0.71110
-18.5  45.0 -0.68756
-18.0 -45.0 -0.68563
-18.0 -44.5 -0.70827
-18.0 -44.0 -0.73148
-18.0 -43.5 -0.75523
-18.0 -43.0 -0.77952
-18.0 -42.5 -0.80431
-18.0 -42.0 -0.82958
-18.0 -41.5 -0.85531
-18.0 -41.0 -0.88145
-18.0 -40.5 -0.90795
-18.0 -40.0 -0.93478
-18.0 -39.5 -0.96185
-18.0 -39.0 -0.98911
-18.0 -38.5 -1.01647
-18.0 -38.0 -1.04385
-18.0 -37.5 -1.07114
-18.0 -37.0 -1.09823
-18.0 -36.5 -1.12500
-18.0 -36.0 -1.15131
-18.0 -35.5 -1.17701
-18.0 -35.0 -1.20194
-18.0 -34.5 -1.22593
-18.0 -34.0 -1.24878
-18.0 -33.5 -1.27031
-18.0 -33.0 -1.29028
-18.0 -32.5 -1.30849
-18.0 -32.0 -1.32469
-18.0 -31.5 -1.33864
-18.0 -31.0 -1.35010
-18.0 -30.5 -1.35880
-18.0 -30.0 -1.36449
-18.0 -29.5 -1.36691
-18.0 -29.0 -1.36581
-18.0 -28.5 -1.36093
-18.0 -28.0 -1.35202
-18.0 -27.5 -1.33888
-18.0 -27.0 -1.32127
-18.0 -26.5 -1.29901
-18.0 -26.0 -1.27194
-18.0 -25.5 -1.23991
-18.0 -25.0 -1.20281
-18.0 -24.5 -1.16056
-18.0 -24.0 -1.11313
-18.0 -23.5 -1.06050
-18.0 -23.0 -1.00272
-18.0 -22.5 -0.93986
-18.0 -22.0 -0.87204
-18.0 -21.5 -0.79940
-18.0 -21.0 -0.72215
-18.0 -20.5 -0.64052
-18.0 -20.0 -0.55476
-18.0 -19.5 -0.46517
-18.0 -19.0 -0.37208
-18.0 -18.5 -0.27583
-18.0 -18.0 -0.17678
-18.0 -17.5 -0.07534
-18.0 -17.0  0.02813
-18.0 -16.5  0.13320
-18.0 -16.0  0.23947
-18.0 -15.5  0.34653
-18.0 -15.0  0.45399
-18.0 -14.5  0.56143
-18.0 -14.0  0.66848
-18.0 -13.5  0.77475
-18.0 -13.0  0.87988
-18.0 -12.5  0.98353
-18.0 -12.0  1.08536
-18.0 -11.5  1.18506
-18.0 -11.0  1.28234
-18.0 -10.5  1.37692
-18.0 -10.0  1.46854
-18.0  -9.5  1.55697
-18.0  -9.0  1.64198
-18.0  -8.5  1.72338
-18.0  -8.0  1.80097
-18.0  -7.5  1.87460
-18.0  -7.0  1.94409
-18.0  -6.5  2.00933
-18.0  -6.0  2.07018
-18.0  -5.5  2.12653
-18.0  -5.0  2.17829
-18.0  -4.5  2.22536
-18.0  -4.0  2.26767
-18.0  -3.5  2.30515
-18.0  -3.0  2.33774
-18.0  -2.5  2.36540
-18.0  -2.0  2.38809
-18.0  -1.5  2.40576
-18.0  -1.0  2.41841
-18.0  -0.5  2.42600
-18.0   0.0  2.42853
-18.0   0.5  2.42600
-18.0   1.0  2.41841
-18.0   1.5  2.40576
-18.0   2.0  2.38809
-18.0   2.5  2.36540
-18.0   3.0  2.33774
-18.0   3.5  2.30515
-18.0   4.0  2.26767
-18.0   4.5  2.22536
-18.0   5.0  2.17829
-18.0   5.5  2.12653
-18.0   6.0  2.07018
-18.0   6.5  2.00933
-18.0   7.0  1.94409
-18.0   7.5  1.87460
-18.0   8.0  1.80097
-18.0   8.5  1.72338
-18.0   9.0  1.64198
-18.0   9.5  1.55697
-18.0  10.0  1.46854
-18.0  10.5  1.37692
-18.0  11.0  1.28234
-18.0  11.5  1.18506
-18.0  12.0  1.08536
-18.0  12.5  0.98353
-18.0  13.0  0.87988
-18.0  13.5  0.77475
-18.0  14.0  0.66848
-18.0  14.5  0.56143
-18.0  15.0  0.45399
-18.0  15.5  0.34653
-18.0  16.0  0.23947
-18.0  16.5  0.13320
-18.0  17.0  0.02813
-18.0  17.5 -0.07534
-18.0  18.0 -0.17678
-18.0  18.5 -0.27583
-18.0  19.0 -0.37208
-18.0  19.5 -0.46517
-18.0  20.0 -0.55476
-18.0  20.5 -0.64052
-18.0  21.0 -0.72215
-18.0  21.5 -0.79940
-18.0  22.0 -0.87204
-18.0  22.5 -0.93986
-18.0  23.0 -1.00272
-18.0  23.5 -1.06050
-18.0  24.0 -1.11313
-18.0  24.5 -1.16056
-18.0  25.0 -1.20281
-18.0  25.5 -1.23991
-18.0  26.0 -1.27194
-18.0  26.5 -1.29901
-18.0  27.0 -1.32127
-18.0  27.5 -1.33888
-18.0  28.0 -1.35202
-18.0  28.5 -1.36093
-18.0  29.0 -1.36581
-18.0  29.5 -1.36691
-18.0  30.0 -1.36449
-18.0  30.5 -1.35880
-18.0  31.0 -1.35010
-18.0  31.5 -1.33864
-18.0  32.0 -1.32469
-18.0  32.5 -1.30849
-18.0  33.0 -1.29028
-18.0  33.5 -1.27031
-18.0  34.0 -1.24878
-18.0  34.5 -1.22593
-18.0  35.0 -1.20194
-18.0  35.5 -1.17701
-18.0  36.0 -1.15131
-18.0  36.5 -1.12500
-18.0  37.0 -1.09823
-18.0  37.5 -1.07114
-18.0  38.0 -1.04385
-18.0  38.5 -1.01647
-18.0  39.0 -0.98911
-18.0  39.5 -0.96185
-18.0  40.0 -0.93478
-18.0  40.5 -0.90795
-18.0  41.0 -0.88145
-18.0  41.5 -0.85531
-18.0  42.0 -0.82958
-18.0  42.5 -0.80431
-18.0  43.0 -0.77952
-18.0  43.5 -0.75523
-18.0  44.0 -0.73148
-18.0  44.5 -0.70827
-18.0  45.0 -0.68563
-17.5 -45.0 -0.68312
-17.5 -44.5 -0.70489
-17.5 -44.0 -0.72714
-17.5 -43.5 -0.74988
-17.5 -43.0 -0.77306
-17.5 -42.5 -0.79668
-17.5 -42.0 -0.82070
-17.5 -41.5 -0.84509
-17.5 -41.0 -0.86980
-17.5 -40.5 -0.89480
-17.5 -40.0 -0.92002
-17.5 -39.5 -0.94540
-17.5 -39.0 -0.97087
-17.5 -38.5 -0.99636
-17.5 -38.0 -1.02177
-17.5 -37.5 -1.04700
-17.5 -37.0 -1.07195
-17.5 -36.5 -1.09649
-17.5 -36.0 -1.12050
-17.5 -35.5 -1.14383
-17.5 -35.0 -1.16632
-17.5 -34.5 -1.18782
-17.5 -34.0 -1.20814
-17.5 -33.5 -1.22709
-17.5 -33.0 -1.24449
-17.5 -32.5 -1.26012
-17.5 -32.0 -1.27376
-17.5 -31.5 -1.28520
-17.5 -31.0 -1.29420
-17.5 -30.5 -1.30054
-17.5 -30.0 -1.30397
-17.5 -29.5 -1.30427
-17.5 -29.0 -1.30121
-17.5 -28.5 -1.29456
-17.5 -28.0 -1.28411
-17.5 -27.5 -1.26966
-17.5 -27.0 -1.25102
-17.5 -26.5 -1.22803
-17.5 -26.0 -1.20054
-17.5 -25.5 -1.16843
-17.5 -25.0 -1.13161
-17.5 -24.5 -1.09001
-17.5 -24.0 -1.04361
-17.5 -23.5 -0.99241
-17.5 -23.0 -0.93644
-17.5 -22.5 -0.87579
-17.5 -22.0 -0.81055
-17.5 -21.5 -0.74088
-17.5 -21.0 -0.66695
-17.5 -20.5 -0.58898
-17.5 -20.0 -0.50720
-17.5 -19.5 -0.42189
-17.5 -19.0 -0.33335
-17.5 -18.5 -0.24188
-17.5 -18.0 -0.14782
-17.5 -17.5 -0.05153
-17.5 -17.0  0.04663
-17.5 -16.5  0.14629
-17.5 -16.0  0.24709
-17.5 -15.5  0.34863
-17.5 -15.0  0.45056
-17.5 -14.5  0.55249
-17.5 -14.0  0.65407
-17.5 -13.5  0.75495
-17.5 -13.0  0.85479
-17.5 -12.5  0.95326
-17.5 -12.0  1.05005
-17.5 -11.5  1.14486
-17.5 -11.0  1.23741
-17.5 -10.5  1.32744
-17.5 -10.0  1.41470
-17.5  -9.5  1.49897
-17.5  -9.0  1.58002
-17.5  -8.5  1.65767
-17.5  -8.0  1.73172
-17.5  -7.5  1.80203
-17.5  -7.0  1.86842
-17.5  -6.5  1.93078
-17.5  -6.0  1.98896
-17.5  -5.5  2.04287
-17.5  -5.0  2.09240
-17.5  -4.5  2.13746
-17.5  -4.0  2.17797
-17.5  -3.5  2.21387
-17.5  -3.0  2.24510
-17.5  -2.5  2.27161
-17.5  -2.0  2.29335
-17.5  -1.5  2.31030
-17.5  -1.0  2.32242
-17.5  -0.5  2.32970
-17.5   0.0  2.33213
-17.5   0.5  2.32970
-17.5   1.0  2.32242
-17.5   1.5  2.31030
-17.5   2.0  2.29335
-17.5   2.5  2.27161
-17.5   3.0  2.24510
-17.5   3.5  2.21387
-17.5   4.0  2.17797
-17.5   4.5  2.13746
-17.5   5.0  2.09240
-17.5   5.5  2.04287
-17.5   6.0  1.98896
-17.5   6.5  1.93078
-17.5   7.0  1.86842
-17.5   7.5  1.80203
-17.5   8.0  1.73172
-17.5   8.5  1.65767
-17.5   9.0  1.58002
-17.5   9.5  1.49897
-17.5  10.0  1.41470
-17.5  10.5  1.32744
-17.5  11.0  1.23741
-17.5  11.5  1.14486
-17.5  12.0  1.05005
-17.5  12.5  0.95326
-17.5  13.0  0.85479
-17.5  13.5  0.75495
-17.5  14.0  0.65407
-17.5  14.5  0.55249
-17.5  15.0  0.45056
-17.5  15.5  0.34863
-17.5  16.0  0.24709
-17.5  16.5  0.14629
-17.5  17.0  0.04663
-17.5  17.5 -0.05153
-17.5  18.0 -0.14782
-17.5  18.5 -0.24188
-17.5  19.0 -0.33335
-17.5  19.5 -0.42189
-17.5  20.0 -0.50720
-17.5  20.5 -0.58898
-17.5  21.0 -0.66695
-17.5  21.5 -0.74088
-17.5  22.0 -0.81055
-17.5  22.5 -0.87579
-17.5  23.0 -0.93644
-17.5  23.5 -0.99241
-17.5  24.0 -1.04361
-17.5  24.5 -1.09001
-17.5  25.0 -1.13161
-17.5  25.5 -1.16843
-17.5  26.0 -1.20054
-17.5  26.5 -1.22803
-17.5  27.0 -1.25102
-17.5  27.5 -1.26966
-17.5  28.0 -1.28411
-17.5  28.5 -1.29456
-17.5  29.0 -1.30121
-17.5  29.5 -1.30427
-17.5  30.0 -1.30397
-17.5  30.5 -1.30054
-17.5  31.0 -1.29420
-17.5  31.5 -1.28520
-17.5  32.0 -1.27376
-17.5  32.5 -1.26012
-17.5  33.0 -1.24449
-17.5  33.5 -1.22709
-17.5  34.0 -1.20814
-17.5  34.5 -1.18782
-17.5  35.0 -1.16632
-17.5  35.5 -1.14383
-17.5  36.0 -1.12050
-17.5  36.5 -1.09649
-17.5  37.0 -1.07195
-17.5  37.5 -1.04700
-17.5  38.0 -1.02177
-17.5  38.5 -0.99636
-17.5  39.0 -0.97087
-17.5  39.5 -0.94540
-17.5  40.0 -0.92002
-17.5  40.5 -0.89480
-17.5  41.0 -0.86980
-17.5  41.5 -0.84509
-17.5  42.0 -0.82070
-17.5  42.5 -0.79668
-17.5  43.0 -0.77306
-17.5  43.5 -0.74988
-17.5  44.0 -0.72714
-17.5  44.5 -0.70489
-17.5  45.0 -0.68312
-17.0 -45.0 -0.68012
-17.0 -44.5 -0.70101
-17.0 -44.0 -0.72233
-17.0 -43.5 -0.74406
-17.0 -43.0 -0.76618
-17.0 -42.5 -0.78865
-17.0 -42.0 -0.81145
-17.0 -41.5 -0.83454
-17.0 -41.0 -0.85788
-17.0 -40.5 -0.88142
-17.0 -40.0 -0.90510
-17.0 -39.5 -0.92886
-17.0 -39.0 -0.95263
-17.0 -38.5 -0.97632
-17.0 -38.0 -0.99986
-17.0 -37.5 -1.02315
-17.0 -37.0 -1.04607
-17.0 -36.5 -1.06852
-17.0 -36.0 -1.09037
-17.0 -35.5 -1.11147
-17.0 -35.0 -1.13170
-17.0 -34.5 -1.15088
-17.0 -34.0 -1.16885
-17.0 -33.5 -1.18544
-17.0 -33.0 -1.20046
-17.0 -32.5 -1.21373
-17.0 -32.0 -1.22504
-17.0 -31.5 -1.23419
-17.0 -31.0 -1.24097
-17.0 -30.5 -1.24517
-17.0 -30.0 -1.24658
-17.0 -29.5 -1.24499
-17.0 -29.0 -1.24020
-17.0 -28.5 -1.23199
-17.0 -28.0 -1.22020
-17.0 -27.5 -1.20463
-17.0 -27.0 -1.18513
-17.0 -26.5 -1.16155
-17.0 -26.0 -1.13376
-17.0 -25.5 -1.10167
-17.0 -25.0 -1.06519
-17.0 -24.5 -1.02427
-17.0 -24.0 -0.97890
-17.0 -23.5 -0.92908
-17.0 -23.0 -0.87486
-17.0 -22.5 -0.81630
-17.0 -22.0 -0.75351
-17.0 -21.5 -0.68662
-17.0 -21.0 -0.61580
-17.0 -20.5 -0.54125
-17.0 -20.0 -0.46319
-17.0 -19.5 -0.38186
-17.0 -19.0 -0.29754
-17.0 -18.5 -0.21052
-17.0 -18.0 -0.12110
-17.0 -17.5 -0.02961
-17.0 -17.0  0.06363
-17.0 -16.5  0.15826
-17.0 -16.0  0.25395
-17.0 -15.5  0.35035
-17.0 -15.0  0.44712
-17.0 -14.5  0.54390
-17.0 -14.0  0.64037
-17.0 -13.5  0.73620
-17.0 -13.0  0.83107
-17.0 -12.5  0.92467
-17.0 -12.0  1.01671
-17.0 -11.5  1.10691
-17.0 -11.0  1.19500
-17.0 -10.5  1.28073
-17.0 -10.0  1.36386
-17.0  -9.5  1.44417
-17.0  -9.0  1.52147
-17.0  -8.5  1.59554
-17.0  -8.0  1.66623
-17.0  -7.5  1.73336
-17.0  -7.0  1.79680
-17.0  -6.5  1.85639
-17.0  -6.0  1.91202
-17.0  -5.5  1.96358
-17.0  -5.0  2.01097
-17.0  -4.5  2.05410
-17.0  -4.0  2.09289
-17.0  -3.5  2.12727
-17.0  -3.0  2.15719
-17.0  -2.5  2.18258
-17.0  -2.0  2.20342
-17.0  -1.5  2.21966
-17.0  -1.0  2.23128
-17.0  -0.5  2.23825
-17.0   0.0  2.24058
-17.0   0.5  2.23825
-17.0   1.0  2.23128
-17.0   1.5  2.21966
-17.0   2.0  2.20342
-17.0   2.5  2.18258
-17.0   3.0  2.15719
-17.0   3.5  2.12727
-17.0   4.0  2.09289
-17.0   4.5  2.05410
-17.0   5.0  2.01097
-17.0   5.5  1.96358
-17.0   6.0  1.91202
-17.0   6.5  1.85639
-17.0   7.0  1.79680
-17.0   7.5  1.73336
-17.0   8.0  1.66623
-17.0   8.5  1.59554
-17.0   9.0  1.52147
-17.0   9.5  1.44417
-17.0  10.0  1.36386
-17.0  10.5  1.28073
-17.0  11.0  1.19500
-17.0  11.5  1.10691
-17.0  12.0  1.01671
-17.0  12.5  0.92467
-17.0  13.0  0.83107
-17.0  13.5  0.73620
-17.0  14.0  0.64037
-17.0  14.5  0.54390
-17.0  15.0  0.44712
-17.0  15.5  0.35035
-17.0  16.0  0.25395
-17.0  16.5  0.15826
-17.0  17.0  0.06363
-17.0  17.5 -0.02961
-17.0  18.0 -0.12110
-17.0  18.5 -0.21052
-17.0  19.0 -0.29754
-17.0  19.5 -0.38186
-17.0  20.0 -0.46319
-17.0  20.5 -0.54125
-17.0  21.0 -0.61580
-17.0  21.5 -0.68662
-17.0  22.0 -0.75351
-17.0  22.5 -0.81630
-17.0  23.0 -0.87486
-17.0  23.5 -0.92908
-17.0  24.0 -0.97890
-17.0  24.5 -1.02427
-17.0  25.0 -1.06519
-17.0  25.5 -1.10167
-17.0  26.0 -1.13376
-17.0  26.5 -1.16155
-17.0  27.0 -1.18513
-17.0  27.5 -1.20463
-17.0  28.0 -1.22020
-17.0  28.5 -1.23199
-17.0  29.0 -1.24020
-17.0  29.5 -1.24499
-17.0  30.0 -1.24658
-17.0  30.5 -1.24517
-17.0  31.0 -1.24097
-17.0  31.5 -1.23419
-17.0  32.0 -1.22504
-17.0  32.5 -1.21373
-17.0  33.0 -1.20046
-17.0  33.5 -1.18544
-17.0  34.0 -1.16885
-17.0  34.5 -1.15088
-17.0  35.0 -1.13170
-17.0  35.5 -1.11147
-17.0  36.0 -1.09037
-17.0  36.5 -1.06852
-17.0  37.0 -1.04607
-17.0  37.5 -1.02315
-17.0  38.0 -0.99986
-17.0  38.5 -0.97632
-17.0  39.0 -0.95263
-17.0  39.5 -0.92886
-17.0  40.0 -0.90510
-17.0  40.5 -0.88142
-17.0  41.0 -0.85788
-17.0  41.5 -0.83454
-17.0  42.0 -0.81145
-17.0  42.5 -0.78865
-17.0  43.0 -0.76618
-17.0  43.5 -0.74406
-17.0  44.0 -0.72233
-17.0  44.5 -0.70101
-17.0  45.0 -0.68012
-16.5 -45.0 -0.67667
-16.5 -44.5 -0.69671
-16.5 -44.0 -0.71711
-16.5 -43.5 -0.73786
-16.5 -43.0 -0.75893
-16.5 -42.5 -0.78029
-16.5 -42.0 -0.80191
-16.5 -41.5 -0.82375
-16.5 -41.0 -0.84576
-16.5 -40.5 -0.86789
-16.5 -40.0 -0.89010
-16.5 -39.5 -0.91230
-16.5 -39.0 -0.93445
-16.5 -38.5 -0.95644
-16.5 -38.0 -0.97821
-16.5 -37.5 -0.99966
-16.5 -37.0 -1.02068
-16.5 -36.5 -1.04115
-16.5 -36.0 -1.06097
-16.5 -35.5 -1.08001
-16.5 -35.0 -1.09811
-16.5 -34.5 -1.11514
-16.5 -34.0 -1.13094
-16.5 -33.5 -1.14535
-16.5 -33.0 -1.15819
-16.5 -32.5 -1.16930
-16.5 -32.0 -1.17848
-16.5 -31.5 -1.18555
-16.5 -31.0 -1.19032
-16.5 -30.5 -1.19260
-16.5 -30.0 -1.19219
-16.5 -29.5 -1.18892
-16.5 -29.0 -1.18259
-16.5 -28.5 -1.17303
-16.5 -28.0 -1.16006
-16.5 -27.5 -1.14354
-16.5 -27.0 -1.12333
-16.5 -26.5 -1.09928
-16.5 -26.0 -1.07130
-16.5 -25.5 -1.03930
-16.5 -25.0 -1.00321
-16.5 -24.5 -0.96300
-16.5 -24.0 -0.91865
-16.5 -23.5 -0.87017
-16.5 -23.0 -0.81762
-16.5 -22.5 -0.76105
-16.5 -22.0 -0.70056
-16.5 -21.5 -0.63629
-16.5 -21.0 -0.56839
-16.5 -20.5 -0.49704
-16.5 -20.0 -0.42244
-16.5 -19.5 -0.34483
-16.5 -19.0 -0.26444
-16.5 -18.5 -0.18155
-16.5 -18.0 -0.09645
-16.5 -17.5 -0.00942
-16.5 -17.0  0.07923
-16.5 -16.5  0.16918
-16.5 -16.0  0.26011
-16.5 -15.5  0.35171
-16.5 -15.0  0.44366
-16.5 -14.5  0.53563
-16.5 -14.0  0.62732
-16.5 -13.5  0.71842
-16.5 -13.0  0.80862
-16.5 -12.5  0.89765
-16.5 -12.0  0.98522
-16.5 -11.5  1.07107
-16.5 -11.0  1.15495
-16.5 -10.5  1.23661
-16.5 -10.0  1.31584
-16.5  -9.5  1.39241
-16.5  -9.0  1.46613
-16.5  -8.5  1.53682
-16.5  -8.0  1.60429
-16.5  -7.5  1.66841
-16.5  -7.0  1.72901
-16.5  -6.5  1.78597
-16.5  -6.0  1.83916
-16.5  -5.5  1.88847
-16.5  -5.0  1.93381
-16.5  -4.5  1.97509
-16.5  -4.0  2.01222
-16.5  -3.5  2.04514
-16.5  -3.0  2.07379
-16.5  -2.5  2.09812
-16.5  -2.0  2.11808
-16.5  -1.5  2.13364
-16.5  -1.0  2.14477
-16.5  -0.5  2.15146
-16.5   0.0  2.15369
-16.5   0.5  2.15146
-16.5   1.0  2.14477
-16.5   1.5  2.13364
-16.5   2.0  2.11808
-16.5   2.5  2.09812
-16.5   3.0  2.07379
-16.5   3.5  2.04514
-16.5   4.0  2.01222
-16.5   4.5  1.97509
-16.5   5.0  1.93381
-16.5   5.5  1.88847
-16.5   6.0  1.83916
-16.5   6.5  1.78597
-16.5   7.0  1.72901
-16.5   7.5  1.66841
-16.5   8.0  1.60429
-16.5   8.5  1.53682
-16.5   9.0  1.46613
-16.5   9.5  1.39241
-16.5  10.0  1.31584
-16.5  10.5  1.23661
-16.5  11.0  1.15495
-16.5  11.5  1.07107
-16.5  12.0  0.98522
-16.5  12.5  0.89765
-16.5  13.0  0.80862
-16.5  13.5  0.71842
-16.5  14.0  0.62732
-16.5  14.5  0.53563
-16.5  15.0  0.44366
-16.5  15.5  0.35171
-16.5  16.0  0.26011
-16.5  16.5  0.16918
-16.5  17.0  0.07923
-16.5  17.5 -0.00942
-16.5  18.0 -0.09645
-16.5  18.5 -0.18155
-16.5  19.0 -0.26444
-16.5  19.5 -0.34483
-16.5  20.0 -0.42244
-16.5  20.5 -0.49704
-16.5  21.0 -0.56839
-16.5  21.5 -0.63629
-16.5  22.0 -0.70056
-16.5  22.5 -0.76105
-16.5  23.0 -0.81762
-16.5  23.5 -0.87017
-16.5  24.0 -0.91865
-16.5  24.5 -0.96300
-16.5  25.0 -1.00321
-16.5  25.5 -1.03930
-16.5  26.0 -1.07130
-16.5  26.5 -1.09928
-16.5  27.0 -1.12333
-16.5  27.5 -1.14354
-16.5  28.0 -1.16006
-16.5  28.5 -1.17303
-16.5  29.0 -1.18259
-16.5  29.5 -1.18892
-16.5  30.0 -1.19219
-16.5  30.5 -1.19260
-16.5  31.0 -1.19032
-16.5  31.5 -1.18555
-16.5  32.0 -1.17848
-16.5  32.5 -1.16930
-16.5  33.0 -1.15819
-16.5  33.5 -1.14535
-16.5  34.0 -1.13094
-16.5  34.5 -1.11514
-16.5  35.0 -1.09811
-16.5  35.5 -1.08001
-16.5  36.0 -1.06097
-16.5  36.5 -1.04115
-16.5  37.0 -1.02068
-16.5  37.5 -0.99966
-16.5  38.0 -0.97821
-16.5  38.5 -0.95644
-16.5  39.0 -0.93445
-16.5  39.5 -0.91230
-16.5  40.0 -0.89010
-16.5  40.5 -0.86789
-16.5  41.0 -0.84576
-16.5  41.5 -0.82375
-16.5  42.0 -0.80191
-16.5  42.5 -0.78029
-16.5  43.0 -0.75893
-16.5  43.5 -0.73786
-16.5  44.0 -0.71711
-16.5  44.5 -0.69671
-16.5  45.0 -0.67667
-16.0 -45.0 -0.67284
-16.0 -44.5 -0.69204
-16.0 -44.0 -0.71155
-16.0 -43.5 -0.73134
-16.0 -43.0 -0.75139
-16.0 -42.5 -0.77167
-16.0 -42.0 -0.79215
-16.0 -41.5 -0.81277
-16.0 -41.0 -0.83351
-16.0 -40.5 -0.85430
-16.0 -40.0 -0.87509
-16.0 -39.5 -0.89581
-16.0 -39.0 -0.91641
-16.0 -38.5 -0.93679
-16.0 -38.0 -0.95689
-16.0 -37.5 -0.97659
-16.0 -37.0 -0.99581
-16.0 -36.5 -1.01444
-16.0 -36.0 -1.03237
-16.0 -35.5 -1.04946
-16.0 -35.0 -1.06560
-16.0 -34.5 -1.08063
-16.0 -34.0 -1.09443
-16.0 -33.5 -1.10682
-16.0 -33.0 -1.11767
-16.0 -32.5 -1.12679
-16.0 -32.0 -1.13403
-16.0 -31.5 -1.13921
-16.0 -31.0 -1.14216
-16.0 -30.5 -1.14271
-16.0 -30.0 -1.14068
-16.0 -29.5 -1.13590
-16.0 -29.0 -1.12822
-16.0 -28.5 -1.11746
-16.0 -28.0 -1.10349
-16.0 -27.5 -1.08616
-16.0 -27.0 -1.06535
-16.0 -26.5 -1.04095
-16.0 -26.0 -1.01286
-16.0 -25.5 -0.98102
-16.0 -25.0 -0.94536
-16.0 -24.5 -0.90587
-16.0 -24.0 -0.86252
-16.0 -23.5 -0.81535
-16.0 -23.0 -0.76439
-16.0 -22.5 -0.70971
-16.0 -22.0 -0.65141
-16.0 -21.5 -0.58960
-16.0 -21.0 -0.52443
-16.0 -20.5 -0.45608
-16.0 -20.0 -0.38471
-16.0 -19.5 -0.31056
-16.0 -19.0 -0.23385
-16.0 -18.5 -0.15481
-16.0 -18.0 -0.07373
-16.0 -17.5  0.00915
-16.0 -17.0  0.09352
-16.0 -16.5  0.17910
-16.0 -16.0  0.26560
-16.0 -15.5  0.35273
-16.0 -15.0  0.44017
-16.0 -14.5  0.52765
-16.0 -14.0  0.61486
-16.0 -13.5  0.70152
-16.0 -13.0  0.78735
-16.0 -12.5  0.87208
-16.0 -12.0  0.95545
-16.0 -11.5  1.03721
-16.0 -11.0  1.11712
-16.0 -10.5  1.19494
-16.0 -10.0  1.27047
-16.0  -9.5  1.34350
-16.0  -9.0  1.41383
-16.0  -8.5  1.48130
-16.0  -8.0  1.54572
-16.0  -7.5  1.60696
-16.0  -7.0  1.66487
-16.0  -6.5  1.71931
-16.0  -6.0  1.77017
-16.0  -5.5  1.81734
-16.0  -5.0  1.86072
-16.0  -4.5  1.90022
-16.0  -4.0  1.93576
-16.0  -3.5  1.96728
-16.0  -3.0  1.99472
-16.0  -2.5  2.01802
-16.0  -2.0  2.03714
-16.0  -1.5  2.05205
-16.0  -1.0  2.06272
-16.0  -0.5  2.06912
-16.0   0.0  2.07126
-16.0   0.5  2.06912
-16.0   1.0  2.06272
-16.0   1.5  2.05205
-16.0   2.0  2.03714
-16.0   2.5  2.01802
-16.0   3.0  1.99472
-16.0   3.5  1.96728
-16.0   4.0  1.93576
-16.0   4.5  1.90022
-16.0   5.0  1.86072
-16.0   5.5  1.81734
-16.0   6.0  1.77017
-16.0   6.5  1.71931
-16.0   7.0  1.66487
-16.0   7.5  1.60696
-16.0   8.0  1.54572
-16.0   8.5  1.48130
-16.0   9.0  1.41383
-16.0   9.5  1.34350
-16.0  10.0  1.27047
-16.0  10.5  1.19494
-16.0  11.0  1.11712
-16.0  11.5  1.03721
-16.0  12.0  0.95545
-16.0  12.5  0.87208
-16.0  13.0  0.78735
-16.0  13.5  0.70152
-16.0  14.0  0.61486
-16.0  14.5  0.52765
-16.0  15.0  0.44017
-16.0  15.5  0.35273
-16.0  16.0  0.26560
-16.0  16.5  0.17910
-16.0  17.0  0.09352
-16.0  17.5  0.00915
-16.0  18.0 -0.07373
-16.0  18.5 -0.15481
-16.0  19.0 -0.23385
-16.0  19.5 -0.31056
-16.0  20.0 -0.38471
-16.0  20.5 -0.45608
-16.0  21.0 -0.52443
-16.0  21.5 -0.58960
-16.0  22.0 -0.65141
-16.0  22.5 -0.70971
-16.0  23.0 -0.76439
-16.0  23.5 -0.81535
-16.0  24.0 -0.86252
-16.0  24.5 -0.90587
-16.0  25.0 -0.94536
-16.0  25.5 -0.98102
-16.0  26.0 -1.01286
-16.0  26.5 -1.04095
-16.0  27.0 -1.06535
-16.0  27.5 -1.08616
-16.0  28.0 -1.10349
-16.0  28.5 -1.11746
-16.0  29.0 -1.12822
-16.0  29.5 -1.13590
-16.0  30.0 -1.14068
-16.0  30.5 -1.14271
-16.0  31.0 -1.14216
-16.0  31.5 -1.13921
-16.0  32.0 -1.13403
-16.0  32.5 -1.12679
-16.0  33.0 -1.11767
-16.0  33.5 -1.10682
-16.0  34.0 -1.09443
-16.0  34.5 -1.08063
-16.0  35.0 -1.06560
-16.0  35.5 -1.04946
-16.0  36.0 -1.03237
-16.0  36.5 -1.01444
-16.0  37.0 -0.99581
-16.0  37.5 -0.97659
-16.0  38.0 -0.95689
-16.0  38.5 -0.93679
-16.0  39.0 -0.91641
-16.0  39.5 -0.89581
-16.0  40.0 -0.87509
-16.0  40.5 -0.85430
-16.0  41.0 -0.83351
-16.0  41.5 -0.81277
-16.0  42.0 -0.79215
-16.0  42.5 -0.77167
-16.0  43.0 -0.75139
-16.0  43.5 -0.73134
-16.0  44.0 -0.71155
-16.0  44.5 -0.69204
-16.0  45.0 -0.67284
-15.5 -45.0 -0.66868
-15.5 -44.5 -0.68706
-15.5 -44.0 -0.70570
-15.5 -43.5 -0.72456
-15.5 -43.0 -0.74363
-15.5 -42.5 -0.76286
-15.5 -42.0 -0.78223
-15.5 -41.5 -0.80169
-15.5 -41.0 -0.82120
-15.5 -40.5 -0.84070
-15.5 -40.0 -0.86014
-15.5 -39.5 -0.87946
-15.5 -39.0 -0.89858
-15.5 -38.5 -0.91744
-15.5 -38.0 -0.93594
-15.5 -37.5 -0.95401
-15.5 -37.0 -0.97154
-15.5 -36.5 -0.98844
-15.5 -36.0 -1.00459
-15.5 -35.5 -1.01988
-15.5 -35.0 -1.03418
-15.5 -34.5 -1.04737
-15.5 -34.0 -1.05931
-15.5 -33.5 -1.06985
-15.5 -33.0 -1.07885
-15.5 -32.5 -1.08617
-15.5 -32.0 -1.09163
-15.5 -31.5 -1.09510
-15.5 -31.0 -1.09640
-15.5 -30.5 -1.09539
-15.5 -30.0 -1.09191
-15.5 -29.5 -1.08580
-15.5 -29.0 -1.07691
-15.5 -28.5 -1.06512
-15.5 -28.0 -1.05027
-15.5 -27.5 -1.03226
-15.5 -27.0 -1.01096
-15.5 -26.5 -0.98630
-15.5 -26.0 -0.95818
-15.5 -25.5 -0.92655
-15.5 -25.0 -0.89136
-15.5 -24.5 -0.85259
-15.5 -24.0 -0.81023
-15.5 -23.5 -0.76432
-15.5 -23.0 -0.71489
-15.5 -22.5 -0.66200
-15.5 -22.0 -0.60576
-15.5 -21.5 -0.54628
-15.5 -21.0 -0.48367
-15.5 -20.5 -0.41812
-15.5 -20.0 -0.34978
-15.5 -19.5 -0.27886
-15.5 -19.0 -0.20557
-15.5 -18.5 -0.13013
-15.5 -18.0 -0.05279
-15.5 -17.5  0.02621
-15.5 -17.0  0.10660
-15.5 -16.5  0.18811
-15.5 -16.0  0.27048
-15.5 -15.5  0.35342
-15.5 -15.0  0.43666
-15.5 -14.5  0.51993
-15.5 -14.0  0.60295
-15.5 -13.5  0.68545
-15.5 -13.0  0.76718
-15.5 -12.5  0.84788
-15.5 -12.0  0.92730
-15.5 -11.5  1.00520
-15.5 -11.0  1.08137
-15.5 -10.5  1.15557
-15.5 -10.0  1.22760
-15.5  -9.5  1.29728
-15.5  -9.0  1.36440
-15.5  -8.5  1.42882
-15.5  -8.0  1.49035
-15.5  -7.5  1.54885
-15.5  -7.0  1.60419
-15.5  -6.5  1.65624
-15.5  -6.0  1.70487
-15.5  -5.5  1.74999
-15.5  -5.0  1.79150
-15.5  -4.5  1.82930
-15.5  -4.0  1.86333
-15.5  -3.5  1.89351
-15.5  -3.0  1.91978
-15.5  -2.5  1.94210
-15.5  -2.0  1.96042
-15.5  -1.5  1.97470
-15.5  -1.0  1.98492
-15.5  -0.5  1.99106
-15.5   0.0  1.99311
-15.5   0.5  1.99106
-15.5   1.0  1.98492
-15.5   1.5  1.97470
-15.5   2.0  1.96042
-15.5   2.5  1.94210
-15.5   3.0  1.91978
-15.5   3.5  1.89351
-15.5   4.0  1.86333
-15.5   4.5  1.82930
-15.5   5.0  1.79150
-15.5   5.5  1.74999
-15.5   6.0  1.70487
-15.5   6.5  1.65624
-15.5   7.0  1.60419
-15.5   7.5  1.54885
-15.5   8.0  1.49035
-15.5   8.5  1.42882
-15.5   9.0  1.36440
-15.5   9.5  1.29728
-15.5  10.0  1.22760
-15.5  10.5  1.15557
-15.5  11.0  1.08137
-15.5  11.5  1.00520
-15.5  12.0  0.92730
-15.5  12.5  0.84788
-15.5  13.0  0.76718
-15.5  13.5  0.68545
-15.5  14.0  0.60295
-15.5  14.5  0.51993
-15.5  15.0  0.43666
-15.5  15.5  0.35342
-15.5  16.0  0.27048
-15.5  16.5  0.18811
-15.5  17.0  0.10660
-15.5  17.5  0.02621
-15.5  18.0 -0.05279
-15.5  18.5 -0.13013
-15.5  19.0 -0.20557
-15.5  19.5 -0.27886
-15.5  20.0 -0.34978
-15.5  20.5 -0.41812
-15.5  21.0 -0.48367
-15.5  21.5 -0.54628
-15.5  22.0 -0.60576
-15.5  22.5 -0.66200
-15.5  23.0 -0.71489
-15.5  23.5 -0.76432
-15.5  24.0 -0.81023
-15.5  24.5 -0.85259
-15.5  25.0 -0.89136
-15.5  25.5 -0.92655
-15.5  26.0 -0.95818
-15.5  26.5 -0.98630
-15.5  27.0 -1.01096
-15.5  27.5 -1.03226
-15.5  28.0 -1.05027
-15.5  28.5 -1.06512
-15.5  29.0 -1.07691
-15.5  29.5 -1.08580
-15.5  30.0 -1.09191
-15.5  30.5 -1.09539
-15.5  31.0 -1.09640
-15.5  31.5 -1.09510
-15.5  32.0 -1.09163
-15.5  32.5 -1.08617
-15.5  33.0 -1.07885
-15.5  33.5 -1.06985
-15.5  34.0 -1.05931
-15.5  34.5 -1.04737
-15.5  35.0 -1.03418
-15.5  35.5 -1.01988
-15.5  36.0 -1.00459
-15.5  36.5 -0.98844
-15.5  37.0 -0.97154
-15.5  37.5 -0.95401
-15.5  38.0 -0.93594
-15.5  38.5 -0.91744
-15.5  39.0 -0.89858
-15.5  39.5 -0.87946
-15.5  40.0 -0.86014
-15.5  40.5 -0.84070
-15.5  41.0 -0.82120
-15.5  41.5 -0.80169
-15.5  42.0 -0.78223
-15.5  42.5 -0.76286
-15.5  43.0 -0.74363
-15.5  43.5 -0.72456
-15.5  44.0 -0.70570
-15.5  44.5 -0.68706
-15.5  45.0 -0.66868
-15.0 -45.0 -0.66425
-15.0 -44.5 -0.68183
-15.0 -44.0 -0.69962
-15.0 -43.5 -0.71758
-15.0 -43.0 -0.73569
-15.0 -42.5 -0.75392
-15.0 -42.0 -0.77223
-15.0 -41.5 -0.79057
-15.0 -41.0 -0.80890
-15.0 -40.5 -0.82717
-15.0 -40.0 -0.84532
-15.0 -39.5 -0.86329
-15.0 -39.0 -0.88102
-15.0 -38.5 -0.89843
-15.0 -38.0 -0.91543
-15.0 -37.5 -0.93196
-15.0 -37.0 -0.94790
-15.0 -36.5 -0.96318
-15.0 -36.0 -0.97767
-15.0 -35.5 -0.99128
-15.0 -35.0 -1.00388
-15.0 -34.5 -1.01536
-15.0 -34.0 -1.02558
-15.0 -33.5 -1.03442
-15.0 -33.0 -1.04173
-15.0 -32.5 -1.04739
-15.0 -32.0 -1.05124
-15.0 -31.5 -1.05315
-15.0 -31.0 -1.05297
-15.0 -30.5 -1.05055
-15.0 -30.0 -1.04577
-15.0 -29.5 -1.03847
-15.0 -29.0 -1.02853
-15.0 -28.5 -1.01582
-15.0 -28.0 -1.00022
-15.0 -27.5 -0.98163
-15.0 -27.0 -0.95996
-15.0 -26.5 -0.93511
-15.0 -26.0 -0.90702
-15.0 -25.5 -0.87564
-15.0 -25.0 -0.84094
-15.0 -24.5 -0.80289
-15.0 -24.0 -0.76151
-15.0 -23.5 -0.71681
-15.0 -23.0 -0.66884
-15.0 -22.5 -0.61766
-15.0 -22.0 -0.56337
-15.0 -21.5 -0.50606
-15.0 -21.0 -0.44587
-15.0 -20.5 -0.38294
-15.0 -20.0 -0.31744
-15.0 -19.5 -0.24954
-15.0 -19.0 -0.17944
-15.0 -18.5 -0.10735
-15.0 -18.0 -0.03350
-15.0 -17.5  0.04188
-15.0 -17.0  0.11855
-15.0 -16.5  0.19627
-15.0 -16.0  0.27477
-15.0 -15.5  0.35381
-15.0 -15.0  0.43312
-15.0 -14.5  0.51246
-15.0 -14.0  0.59155
-15.0 -13.5  0.67017
-15.0 -13.0  0.74805
-15.0 -12.5  0.82496
-15.0 -12.0  0.90066
-15.0 -11.5  0.97494
-15.0 -11.0  1.04758
-15.0 -10.5  1.11836
-15.0 -10.0  1.18710
-15.0  -9.5  1.25360
-15.0  -9.0  1.31770
-15.0  -8.5  1.37921
-15.0  -8.0  1.43800
-15.0  -7.5  1.49391
-15.0  -7.0  1.54681
-15.0  -6.5  1.59658
-15.0  -6.0  1.64310
-15.0  -5.5  1.68626
-15.0  -5.0  1.72598
-15.0  -4.5  1.76217
-15.0  -4.0  1.79474
-15.0  -3.5  1.82364
-15.0  -3.0  1.84881
-15.0  -2.5  1.87018
-15.0  -2.0  1.88773
-15.0  -1.5  1.90141
-15.0  -1.0  1.91121
-15.0  -0.5  1.91709
-15.0   0.0  1.91905
-15.0   0.5  1.91709
-15.0   1.0  1.91121
-15.0   1.5  1.90141
-15.0   2.0  1.88773
-15.0   2.5  1.87018
-15.0   3.0  1.84881
-15.0   3.5  1.82364
-15.0   4.0  1.79474
-15.0   4.5  1.76217
-15.0   5.0  1.72598
-15.0   5.5  1.68626
-15.0   6.0  1.64310
-15.0   6.5  1.59658
-15.0   7.0  1.54681
-15.0   7.5  1.49391
-15.0   8.0  1.43800
-15.0   8.5  1.37921
-15.0   9.0  1.31770
-15.0   9.5  1.25360
-15.0  10.0  1.18710
-15.0  10.5  1.11836
-15.0  11.0  1.04758
-15.0  11.5  0.97494
-15.0  12.0  0.90066
-15.0  12.5  0.82496
-15.0  13.0  0.74805
-15.0  13.5  0.67017
-15.0  14.0  0.59155
-15.0  14.5  0.51246
-15.0  15.0  0.43312
-15.0  15.5  0.35381
-15.0  16.0  0.27477
-15.0  16.5  0.19627
-15.0  17.0  0.11855
-15.0  17.5  0.04188
-15.0  18.0 -0.03350
-15.0  18.5 -0.10735
-15.0  19.0 -0.17944
-15.0  19.5 -0.24954
-15.0  20.0 -0.31744
-15.0  20.5 -0.38294
-15.0  21.0 -0.44587
-15.0  21.5 -0.50606
-15.0  22.0 -0.56337
-15.0  22.5 -0.61766
-15.0  23.0 -0.66884
-15.0  23.5 -0.71681
-15.0  24.0 -0.76151
-15.0  24.5 -0.80289
-15.0  25.0 -0.84094
-15.0  25.5 -0.87564
-15.0  26.0 -0.90702
-15.0  26.5 -0.93511
-15.0  27.0 -0.95996
-15.0  27.5 -0.98163
-15.0  28.0 -1.00022
-15.0  28.5 -1.01582
-15.0  29.0 -1.02853
-15.0  29.5 -1.03847
-15.0  30.0 -1.04577
-15.0  30.5 -1.05055
-15.0  31.0 -1.05297
-15.0  31.5 -1.05315
-15.0  32.0 -1.05124
-15.0  32.5 -1.04739
-15.0  33.0 -1.04173
-15.0  33.5 -1.03442
-15.0  34.0 -1.02558
-15.0  34.5 -1.01536
-15.0  35.0 -1.00388
-15.0  35.5 -0.99128
-15.0  36.0 -0.97767
-15.0  36.5 -0.96318
-15.0  37.0 -0.94790
-15.0  37.5 -0.93196
-15.0  38.0 -0.91543
-15.0  38.5 -0.89843
-15.0  39.0 -0.88102
-15.0  39.5 -0.86329
-15.0  40.0 -0.84532
-15.0  40.5 -0.82717
-15.0  41.0 -0.80890
-15.0  41.5 -0.79057
-15.0  42.0 -0.77223
-15.0  42.5 -0.75392
-15.0  43.0 -0.73569
-15.0  43.5 -0.71758
-15.0  44.0 -0.69962
-15.0  44.5 -0.68183
-15.0  45.0 -0.66425
-14.5 -45.0 -0.65959
-14.5 -44.5 -0.67640
-14.5 -44.0 -0.69336
-14.5 -43.5 -0.71045
-14.5 -43.0 -0.72764
-14.5 -42.5 -0.74490
-14.5 -42.0 -0.76218
-14.5 -41.5 -0.77945
-14.5 -41.0 -0.79665
-14.5 -40.5 -0.81375
-14.5 -40.0 -0.83067
-14.5 -39.5 -0.84737
-14.5 -39.0 -0.86378
-14.5 -38.5 -0.87981
-14.5 -38.0 -0.89541
-14.5 -37.5 -0.91048
-14.5 -37.0 -0.92494
-14.5 -36.5 -0.93869
-14.5 -36.0 -0.95164
-14.5 -35.5 -0.96368
-14.5 -35.0 -0.97471
-14.5 -34.5 -0.98460
-14.5 -34.0 -0.99324
-14.5 -33.5 -1.00050
-14.5 -33.0 -1.00627
-14.5 -32.5 -1.01041
-14.5 -32.0 -1.01279
-14.5 -31.5 -1.01329
-14.5 -31.0 -1.01176
-14.5 -30.5 -1.00809
-14.5 -30.0 -1.00213
-14.5 -29.5 -0.99378
-14.5 -29.0 -0.98291
-14.5 -28.5 -0.96941
-14.5 -28.0 -0.95317
-14.5 -27.5 -0.93410
-14.5 -27.0 -0.91212
-14.5 -26.5 -0.88716
-14.5 -26.0 -0.85916
-14.5 -25.5 -0.82806
-14.5 -25.0 -0.79386
-14.5 -24.5 -0.75654
-14.5 -24.0 -0.71610
-14.5 -23.5 -0.67257
-14.5 -23.0 -0.62600
-14.5 -22.5 -0.57644
-14.5 -22.0 -0.52399
-14.5 -21.5 -0.46874
-14.5 -21.0 -0.41082
-14.5 -20.5 -0.35035
-14.5 -20.0 -0.28749
-14.5 -19.5 -0.22241
-14.5 -19.0 -0.15530
-14.5 -18.5 -0.08634
-14.5 -18.0 -0.01575
-14.5 -17.5  0.05626
-14.5 -17.0  0.12947
-14.5 -16.5  0.20364
-14.5 -16.0  0.27853
-14.5 -15.5  0.35392
-14.5 -15.0  0.42957
-14.5 -14.5  0.50522
-14.5 -14.0  0.58064
-14.5 -13.5  0.65561
-14.5 -13.0  0.72988
-14.5 -12.5  0.80324
-14.5 -12.0  0.87546
-14.5 -11.5  0.94633
-14.5 -11.0  1.01564
-14.5 -10.5  1.08321
-14.5 -10.0  1.14883
-14.5  -9.5  1.21234
-14.5  -9.0  1.27357
-14.5  -8.5  1.33235
-14.5  -8.0  1.38853
-14.5  -7.5  1.44198
-14.5  -7.0  1.49257
-14.5  -6.5  1.54017
-14.5  -6.0  1.58468
-14.5  -5.5  1.62599
-14.5  -5.0  1.66400
-14.5  -4.5  1.69865
-14.5  -4.0  1.72984
-14.5  -3.5  1.75752
-14.5  -3.0  1.78162
-14.5  -2.5  1.80210
-14.5  -2.0  1.81891
-14.5  -1.5  1.83202
-14.5  -1.0  1.84140
-14.5  -0.5  1.84704
-14.5   0.0  1.84892
-14.5   0.5  1.84704
-14.5   1.0  1.84140
-14.5   1.5  1.83202
-14.5   2.0  1.81891
-14.5   2.5  1.80210
-14.5   3.0  1.78162
-14.5   3.5  1.75752
-14.5   4.0  1.72984
-14.5   4.5  1.69865
-14.5   5.0  1.66400
-14.5   5.5  1.62599
-14.5   6.0  1.58468
-14.5   6.5  1.54017
-14.5   7.0  1.49257
-14.5   7.5  1.44198
-14.5   8.0  1.38853
-14.5   8.5  1.33235
-14.5   9.0  1.27357
-14.5   9.5  1.21234
-14.5  10.0  1.14883
-14.5  10.5  1.08321
-14.5  11.0  1.01564
-14.5  11.5  0.94633
-14.5  12.0  0.87546
-14.5  12.5  0.80324
-14.5  13.0  0.72988
-14.5  13.5  0.65561
-14.5  14.0  0.58064
-14.5  14.5  0.50522
-14.5  15.0  0.42957
-14.5  15.5  0.35392
-14.5  16.0  0.27853
-14.5  16.5  0.20364
-14.5  17.0  0.12947
-14.5  17.5  0.05626
-14.5  18.0 -0.01575
-14.5  18.5 -0.08634
-14.5  19.0 -0.15530
-14.5  19.5 -0.22241
-14.5  20.0 -0.28749
-14.5  20.5 -0.35035
-14.5  21.0 -0.41082
-14.5  21.5 -0.46874
-14.5  22.0 -0.52399
-14.5  22.5 -0.57644
-14.5  23.0 -0.62600
-14.5  23.5 -0.67257
-14.5  24.0 -0.71610
-14.5  24.5 -0.75654
-14.5  25.0 -0.79386
-14.5  25.5 -0.82806
-14.5  26.0 -0.85916
-14.5  26.5 -0.88716
-14.5  27.0 -0.91212
-14.5  27.5 -0.93410
-14.5  28.0 -0.95317
-14.5  28.5 -0.96941
-14.5  29.0 -0.98291
-14.5  29.5 -0.99378
-14.5  30.0 -1.00213
-14.5  30.5 -1.00809
-14.5  31.0 -1.01176
-14.5  31.5 -1.01329
-14.5  32.0 -1.01279
-14.5  32.5 -1.01041
-14.5  33.0 -1.00627
-14.5  33.5 -1.00050
-14.5  34.0 -0.99324
-14.5  34.5 -0.98460
-14.5  35.0 -0.97471
-14.5  35.5 -0.96368
-14.5  36.0 -0.95164
-14.5  36.5 -0.93869
-14.5  37.0 -0.92494
-14.5  37.5 -0.91048
-14.5  38.0 -0.89541
-14.5  38.5 -0.87981
-14.5  39.0 -0.86378
-14.5  39.5 -0.84737
-14.5  40.0 -0.83067
-14.5  40.5 -0.81375
-14.5  41.0 -0.79665
-14.5  41.5 -0.77945
-14.5  42.0 -0.76218
-14.5  42.5 -0.74490
-14.5  43.0 -0.72764
-14.5  43.5 -0.71045
-14.5  44.0 -0.69336
-14.5  44.5 -0.67640
-14.5  45.0 -0.65959
-14.0 -45.0 -0.65475
-14.0 -44.5 -0.67081
-14.0 -44.0 -0.68697
-14.0 -43.5 -0.70322
-14.0 -43.0 -0.71952
-14.0 -42.5 -0.73585
-14.0 -42.0 -0.75215
-14.0 -41.5 -0.76839
-14.0 -41.0 -0.78452
-14.0 -40.5 -0.80050
-14.0 -40.0 -0.81626
-14.0 -39.5 -0.83175
-14.0 -39.0 -0.84690
-14.0 -38.5 -0.86164
-14.0 -38.0 -0.87591
-14.0 -37.5 -0.88962
-14.0 -37.0 -0.90268
-14.0 -36.5 -0.91501
-14.0 -36.0 -0.92652
-14.0 -35.5 -0.93710
-14.0 -35.0 -0.94666
-14.0 -34.5 -0.95509
-14.0 -34.0 -0.96227
-14.0 -33.5 -0.96809
-14.0 -33.0 -0.97244
-14.0 -32.5 -0.97519
-14.0 -32.0 -0.97623
-14.0 -31.5 -0.97545
-14.0 -31.0 -0.97271
-14.0 -30.5 -0.96790
-14.0 -30.0 -0.96090
-14.0 -29.5 -0.95162
-14.0 -29.0 -0.93993
-14.0 -28.5 -0.92573
-14.0 -28.0 -0.90895
-14.0 -27.5 -0.88949
-14.0 -27.0 -0.86728
-14.0 -26.5 -0.84226
-14.0 -26.0 -0.81438
-14.0 -25.5 -0.78360
-14.0 -25.0 -0.74991
-14.0 -24.5 -0.71330
-14.0 -24.0 -0.67378
-14.0 -23.5 -0.63138
-14.0 -23.0 -0.58614
-14.0 -22.5 -0.53812
-14.0 -22.0 -0.48741
-14.0 -21.5 -0.43410
-14.0 -21.0 -0.37830
-14.0 -20.5 -0.32014
-14.0 -20.0 -0.25976
-14.0 -19.5 -0.19733
-14.0 -19.0 -0.13300
-14.0 -18.5 -0.06697
-14.0 -18.0  0.00058
-14.0 -17.5  0.06944
-14.0 -17.0  0.13941
-14.0 -16.5  0.21027
-14.0 -16.0  0.28181
-14.0 -15.5  0.35379
-14.0 -15.0  0.42600
-14.0 -14.5  0.49821
-14.0 -14.0  0.57020
-14.0 -13.5  0.64175
-14.0 -13.0  0.71264
-14.0 -12.5  0.78266
-14.0 -12.0  0.85160
-14.0 -11.5  0.91927
-14.0 -11.0  0.98546
-14.0 -10.5  1.04999
-14.0 -10.0  1.11268
-14.0  -9.5  1.17337
-14.0  -9.0  1.23188
-14.0  -8.5  1.28807
-14.0  -8.0  1.34180
-14.0  -7.5  1.39292
-14.0  -7.0  1.44131
-14.0  -6.5  1.48686
-14.0  -6.0  1.52946
-14.0  -5.5  1.56900
-14.0  -5.0  1.60540
-14.0  -4.5  1.63857
-14.0  -4.0  1.66845
-14.0  -3.5  1.69496
-14.0  -3.0  1.71806
-14.0  -2.5  1.73768
-14.0  -2.0  1.75379
-14.0  -1.5  1.76635
-14.0  -1.0  1.77535
-14.0  -0.5  1.78075
-14.0   0.0  1.78255
-14.0   0.5  1.78075
-14.0   1.0  1.77535
-14.0   1.5  1.76635
-14.0   2.0  1.75379
-14.0   2.5  1.73768
-14.0   3.0  1.71806
-14.0   3.5  1.69496
-14.0   4.0  1.66845
-14.0   4.5  1.63857
-14.0   5.0  1.60540
-14.0   5.5  1.56900
-14.0   6.0  1.52946
-14.0   6.5  1.48686
-14.0   7.0  1.44131
-14.0   7.5  1.39292
-14.0   8.0  1.34180
-14.0   8.5  1.28807
-14.0   9.0  1.23188
-14.0   9.5  1.17337
-14.0  10.0  1.11268
-14.0  10.5  1.04999
-14.0  11.0  0.98546
-14.0  11.5  0.91927
-14.0  12.0  0.85160
-14.0  12.5  0.78266
-14.0  13.0  0.71264
-14.0  13.5  0.64175
-14.0  14.0  0.57020
-14.0  14.5  0.49821
-14.0  15.0  0.42600
-14.0  15.5  0.35379
-14.0  16.0  0.28181
-14.0  16.5  0.21027
-14.0  17.0  0.13941
-14.0  17.5  0.06944
-14.0  18.0  0.00058
-14.0  18.5 -0.06697
-14.0  19.0 -0.13300
-14.0  19.5 -0.19733
-14.0  20.0 -0.25976
-14.0  20.5 -0.32014
-14.0  21.0 -0.37830
-14.0  21.5 -0.43410
-14.0  22.0 -0.48741
-14.0  22.5 -0.53812
-14.0  23.0 -0.58614
-14.0  23.5 -0.63138
-14.0  24.0 -0.67378
-14.0  24.5 -0.71330
-14.0  25.0 -0.74991
-14.0  25.5 -0.78360
-14.0  26.0 -0.81438
-14.0  26.5 -0.84226
-14.0  27.0 -0.86728
-14.0  27.5 -0.88949
-14.0  28.0 -0.90895
-14.0  28.5 -0.92573
-14.0  29.0 -0.93993
-14.0  29.5 -0.95162
-14.0  30.0 -0.96090
-14.0  30.5 -0.96790
-14.0  31.0 -0.97271
-14.0  31.5 -0.97545
-14.0  32.0 -0.97623
-14.0  32.5 -0.97519
-14.0  33.0 -0.97244
-14.0  33.5 -0.96809
-14.0  34.0 -0.96227
-14.0  34.5 -0.95509
-14.0  35.0 -0.94666
-14.0  35.5 -0.93710
-14.0  36.0 -0.92652
-14.0  36.5 -0.91501
-14.0  37.0 -0.90268
-14.0  37.5 -0.88962
-14.0  38.0 -0.87591
-14.0  38.5 -0.86164
-14.0  39.0 -0.84690
-14.0  39.5 -0.83175
-14.0  40.0 -0.81626
-14.0  40.5 -0.80050
-14.0  41.0 -0.78452
-14.0  41.5 -0.76839
-14.0  42.0 -0.75215
-14.0  42.5 -0.73585
-14.0  43.0 -0.71952
-14.0  43.5 -0.70322
-14.0  44.0 -0.68697
-14.0  44.5 -0.67081
-14.0  45.0 -0.65475
-13.5 -45.0 -0.64978
-13.5 -44.5 -0.66510
-13.5 -44.0 -0.68050
-13.5 -43.5 -0.69594
-13.5 -43.0 -0.71139
-13.5 -42.5 -0.72682
-13.5 -42.0 -0.74218
-13.5 -41.5 -0.75744
-13.5 -41.0 -0.77255
-13.5 -40.5 -0.78746
-13.5 -40.0 -0.80211
-13.5 -39.5 -0.81646
-13.5 -39.0 -0.83042
-13.5 -38.5 -0.84395
-13.5 -38.0 -0.85697
-13.5 -37.5 -0.86939
-13.5 -37.0 -0.88115
-13.5 -36.5 -0.89216
-13.5 -36.0 -0.90232
-13.5 -35.5 -0.91155
-13.5 -35.0 -0.91975
-13.5 -34.5 -0.92682
-13.5 -34.0 -0.93265
-13.5 -33.5 -0.93715
-13.5 -33.0 -0.94019
-13.5 -32.5 -0.94168
-13.5 -32.0 -0.94151
-13.5 -31.5 -0.93956
-13.5 -31.0 -0.93572
-13.5 -30.5 -0.92989
-13.5 -30.0 -0.92197
-13.5 -29.5 -0.91185
-13.5 -29.0 -0.89944
-13.5 -28.5 -0.88465
-13.5 -28.0 -0.86741
-13.5 -27.5 -0.84762
-13.5 -27.0 -0.82524
-13.5 -26.5 -0.80022
-13.5 -26.0 -0.77250
-13.5 -25.5 -0.74206
-13.5 -25.0 -0.70888
-13.5 -24.5 -0.67298
-13.5 -24.0 -0.63435
-13.5 -23.5 -0.59303
-13.5 -23.0 -0.54906
-13.5 -22.5 -0.50250
-13.5 -22.0 -0.45344
-13.5 -21.5 -0.40195
-13.5 -21.0 -0.34815
-13.5 -20.5 -0.29216
-13.5 -20.0 -0.23410
-13.5 -19.5 -0.17414
-13.5 -19.0 -0.11242
-13.5 -18.5 -0.04911
-13.5 -18.0  0.01559
-13.5 -17.5  0.08152
-13.5 -17.0  0.14847
-13.5 -16.5  0.21624
-13.5 -16.0  0.28463
-13.5 -15.5  0.35343
-13.5 -15.0  0.42243
-13.5 -14.5  0.49142
-13.5 -14.0  0.56019
-13.5 -13.5  0.62854
-13.5 -13.0  0.69627
-13.5 -12.5  0.76316
-13.5 -12.0  0.82903
-13.5 -11.5  0.89368
-13.5 -11.0  0.95694
-13.5 -10.5  1.01861
-13.5 -10.0  1.07854
-13.5  -9.5  1.13657
-13.5  -9.0  1.19252
-13.5  -8.5  1.24627
-13.5  -8.0  1.29767
-13.5  -7.5  1.34659
-13.5  -7.0  1.39290
-13.5  -6.5  1.43650
-13.5  -6.0  1.47729
-13.5  -5.5  1.51516
-13.5  -5.0  1.55002
-13.5  -4.5  1.58180
-13.5  -4.0  1.61043
-13.5  -3.5  1.63583
-13.5  -3.0  1.65796
-13.5  -2.5  1.67677
-13.5  -2.0  1.69221
-13.5  -1.5  1.70426
-13.5  -1.0  1.71288
-13.5  -0.5  1.71806
-13.5   0.0  1.71979
-13.5   0.5  1.71806
-13.5   1.0  1.71288
-13.5   1.5  1.70426
-13.5   2.0  1.69221
-13.5   2.5  1.67677
-13.5   3.0  1.65796
-13.5   3.5  1.63583
-13.5   4.0  1.61043
-13.5   4.5  1.58180
-13.5   5.0  1.55002
-13.5   5.5  1.51516
-13.5   6.0  1.47729
-13.5   6.5  1.43650
-13.5   7.0  1.39290
-13.5   7.5  1.34659
-13.5   8.0  1.29767
-13.5   8.5  1.24627
-13.5   9.0  1.19252
-13.5   9.5  1.13657
-13.5  10.0  1.07854
-13.5  10.5  1.01861
-13.5  11.0  0.95694
-13.5  11.5  0.89368
-13.5  12.0  0.82903
-13.5  12.5  0.76316
-13.5  13.0  0.69627
-13.5  13.5  0.62854
-13.5  14.0  0.56019
-13.5  14.5  0.49142
-13.5  15.0  0.42243
-13.5  15.5  0.35343
-13.5  16.0  0.28463
-13.5  16.5  0.21624
-13.5  17.0  0.14847
-13.5  17.5  0.08152
-13.5  18.0  0.01559
-13.5  18.5 -0.04911
-13.5  19.0 -0.11242
-13.5  19.5 -0.17414
-13.5  20.0 -0.23410
-13.5  20.5 -0.29216
-13.5  21.0 -0.34815
-13.5  21.5 -0.40195
-13.5  22.0 -0.45344
-13.5  22.5 -0.50250
-13.5  23.0 -0.54906
-13.5  23.5 -0.59303
-13.5  24.0 -0.63435
-13.5  24.5 -0.67298
-13.5  25.0 -0.70888
-13.5  25.5 -0.74206
-13.5  26.0 -0.77250
-13.5  26.5 -0.80022
-13.5  27.0 -0.82524
-13.5  27.5 -0.84762
-13.5  28.0 -0.86741
-13.5  28.5 -0.88465
-13.5  29.0 -0.89944
-13.5  29.5 -0.91185
-13.5  30.0 -0.92197
-13.5  30.5 -0.92989
-13.5  31.0 -0.93572
-13.5  31.5 -0.93956
-13.5  32.0 -0.94151
-13.5  32.5 -0.94168
-13.5  33.0 -0.94019
-13.5  33.5 -0.93715
-13.5  34.0 -0.93265
-13.5  34.5 -0.92682
-13.5  35.0 -0.91975
-13.5  35.5 -0.91155
-13.5  36.0 -0.90232
-13.5  36.5 -0.89216
-13.5  37.0 -0.88115
-13.5  37.5 -0.86939
-13.5  38.0 -0.85697
-13.5  38.5 -0.84395
-13.5  39.0 -0.83042
-13.5  39.5 -0.81646
-13.5  40.0 -0.80211
-13.5  40.5 -0.78746
-13.5  41.0 -0.77255
-13.5  41.5 -0.75744
-13.5  42.0 -0.74218
-13.5  42.5 -0.72682
-13.5  43.0 -0.71139
-13.5  43.5 -0.69594
-13.5  44.0 -0.68050
-13.5  44.5 -0.66510
-13.5  45.0 -0.64978
-13.0 -45.0 -0.64470
-13.0 -44.5 -0.65932
-13.0 -44.0 -0.67398
-13.0 -43.5 -0.68864
-13.0 -43.0 -0.70328
-13.0 -42.5 -0.71785
-13.0 -42.0 -0.73231
-13.0 -41.5 -0.74664
-13.0 -41.0 -0.76077
-13.0 -40.5 -0.77467
-13.0 -40.0 -0.78828
-13.0 -39.5 -0.80154
-13.0 -39.0 -0.81439
-13.0 -38.5 -0.82677
-13.0 -38.0 -0.83861
-13.0 -37.5 -0.84984
-13.0 -37.0 -0.86038
-13.0 -36.5 -0.87014
-13.0 -36.0 -0.87906
-13.0 -35.5 -0.88703
-13.0 -35.0 -0.89397
-13.0 -34.5 -0.89978
-13.0 -34.0 -0.90438
-13.0 -33.5 -0.90765
-13.0 -33.0 -0.90951
-13.0 -32.5 -0.90984
-13.0 -32.0 -0.90856
-13.0 -31.5 -0.90555
-13.0 -31.0 -0.90073
-13.0 -30.5 -0.89399
-13.0 -30.0 -0.88523
-13.0 -29.5 -0.87438
-13.0 -29.0 -0.86134
-13.0 -28.5 -0.84604
-13.0 -28.0 -0.82840
-13.0 -27.5 -0.80836
-13.0 -27.0 -0.78586
-13.0 -26.5 -0.76087
-13.0 -26.0 -0.73334
-13.0 -25.5 -0.70325
-13.0 -25.0 -0.67060
-13.0 -24.5 -0.63538
-13.0 -24.0 -0.59761
-13.0 -23.5 -0.55733
-13.0 -23.0 -0.51457
-13.0 -22.5 -0.46940
-13.0 -22.0 -0.42188
-13.0 -21.5 -0.37212
-13.0 -21.0 -0.32019
-13.0 -20.5 -0.26623
-13.0 -20.0 -0.21035
-13.0 -19.5 -0.15270
-13.0 -19.0 -0.09342
-13.0 -18.5 -0.03266
-13.0 -18.0  0.02939
-13.0 -17.5  0.09257
-13.0 -17.0  0.15670
-13.0 -16.5  0.22158
-13.0 -16.0  0.28704
-13.0 -15.5  0.35286
-13.0 -15.0  0.41886
-13.0 -14.5  0.48485
-13.0 -14.0  0.55061
-13.0 -13.5  0.61597
-13.0 -13.0  0.68072
-13.0 -12.5  0.74468
-13.0 -12.0  0.80767
-13.0 -11.5  0.86949
-13.0 -11.0  0.92999
-13.0 -10.5  0.98898
-13.0 -10.0  1.04632
-13.0  -9.5  1.10183
-13.0  -9.0  1.15538
-13.0  -8.5  1.20682
-13.0  -8.0  1.25602
-13.0  -7.5  1.30285
-13.0  -7.0  1.34721
-13.0  -6.5  1.38897
-13.0  -6.0  1.42804
-13.0  -5.5  1.46432
-13.0  -5.0  1.49773
-13.0  -4.5  1.52819
-13.0  -4.0  1.55562
-13.0  -3.5  1.57998
-13.0  -3.0  1.60120
-13.0  -2.5  1.61923
-13.0  -2.0  1.63404
-13.0  -1.5  1.64559
-13.0  -1.0  1.65386
-13.0  -0.5  1.65883
-13.0   0.0  1.66049
-13.0   0.5  1.65883
-13.0   1.0  1.65386
-13.0   1.5  1.64559
-13.0   2.0  1.63404
-13.0   2.5  1.61923
-13.0   3.0  1.60120
-13.0   3.5  1.57998
-13.0   4.0  1.55562
-13.0   4.5  1.52819
-13.0   5.0  1.49773
-13.0   5.5  1.46432
-13.0   6.0  1.42804
-13.0   6.5  1.38897
-13.0   7.0  1.34721
-13.0   7.5  1.30285
-13.0   8.0  1.25602
-13.0   8.5  1.20682
-13.0   9.0  1.15538
-13.0   9.5  1.10183
-13.0  10.0  1.04632
-13.0  10.5  0.98898
-13.0  11.0  0.92999
-13.0  11.5  0.86949
-13.0  12.0  0.80767
-13.0  12.5  0.74468
-13.0  13.0  0.68072
-13.0  13.5  0.61597
-13.0  14.0  0.55061
-13.0  14.5  0.48485
-13.0  15.0  0.41886
-13.0  15.5  0.35286
-13.0  16.0  0.28704
-13.0  16.5  0.22158
-13.0  17.0  0.15670
-13.0  17.5  0.09257
-13.0  18.0  0.02939
-13.0  18.5 -0.03266
-13.0  19.0 -0.09342
-13.0  19.5 -0.15270
-13.0  20.0 -0.21035
-13.0  20.5 -0.26623
-13.0  21.0 -0.32019
-13.0  21.5 -0.37212
-13.0  22.0 -0.42188
-13.0  22.5 -0.46940
-13.0  23.0 -0.51457
-13.0  23.5 -0.55733
-13.0  24.0 -0.59761
-13.0  24.5 -0.63538
-13.0  25.0 -0.67060
-13.0  25.5 -0.70325
-13.0  26.0 -0.73334
-13.0  26.5 -0.76087
-13.0  27.0 -0.78586
-13.0  27.5 -0.80836
-13.0  28.0 -0.82840
-13.0  28.5 -0.84604
-13.0  29.0 -0.86134
-13.0  29.5 -0.87438
-13.0  30.0 -0.88523
-13.0  30.5 -0.89399
-13.0  31.0 -0.90073
-13.0  31.5 -0.90555
-13.0  32.0 -0.90856
-13.0  32.5 -0.90984
-13.0  33.0 -0.90951
-13.0  33.5 -0.90765
-13.0  34.0 -0.90438
-13.0  34.5 -0.89978
-13.0  35.0 -0.89397
-13.0  35.5 -0.88703
-13.0  36.0 -0.87906
-13.0  36.5 -0.87014
-13.0  37.0 -0.86038
-13.0  37.5 -0.84984
-13.0  38.0 -0.83861
-13.0  38.5 -0.82677
-13.0  39.0 -0.81439
-13.0  39.5 -0.80154
-13.0  40.0 -0.78828
-13.0  40.5 -0.77467
-13.0  41.0 -0.76077
-13.0  41.5 -0.74664
-13.0  42.0 -0.73231
-13.0  42.5 -0.71785
-13.0  43.0 -0.70328
-13.0  43.5 -0.68864
-13.0  44.0 -0.67398
-13.0  44.5 -0.65932
-13.0  45.0 -0.64470
-12.5 -45.0 -0.63957
-12.5 -44.5 -0.65351
-12.5 -44.0 -0.66746
-12.5 -43.5 -0.68137
-12.5 -43.0 -0.69523
-12.5 -42.5 -0.70898
-12.5 -42.0 -0.72259
-12.5 -41.5 -0.73603
-12.5 -41.0 -0.74924
-12.5 -40.5 -0.76218
-12.5 -40.0 -0.77479
-12.5 -39.5 -0.78703
-12.5 -39.0 -0.79883
-12.5 -38.5 -0.81013
-12.5 -38.0 -0.82087
-12.5 -37.5 -0.83097
-12.5 -37.0 -0.84037
-12.5 -36.5 -0.84898
-12.5 -36.0 -0.85673
-12.5 -35.5 -0.86354
-12.5 -35.0 -0.86931
-12.5 -34.5 -0.87397
-12.5 -34.0 -0.87742
-12.5 -33.5 -0.87958
-12.5 -33.0 -0.88034
-12.5 -32.5 -0.87962
-12.5 -32.0 -0.87733
-12.5 -31.5 -0.87337
-12.5 -31.0 -0.86765
-12.5 -30.5 -0.86009
-12.5 -30.0 -0.85060
-12.5 -29.5 -0.83909
-12.5 -29.0 -0.82550
-12.5 -28.5 -0.80976
-12.5 -28.0 -0.79179
-12.5 -27.5 -0.77155
-12.5 -27.0 -0.74898
-12.5 -26.5 -0.72405
-12.5 -26.0 -0.69674
-12.5 -25.5 -0.66701
-12.5 -25.0 -0.63487
-12.5 -24.5 -0.60033
-12.5 -24.0 -0.56339
-12.5 -23.5 -0.52410
-12.5 -23.0 -0.48250
-12.5 -22.5 -0.43863
-12.5 -22.0 -0.39259
-12.5 -21.5 -0.34444
-12.5 -21.0 -0.29428
-12.5 -20.5 -0.24222
-12.5 -20.0 -0.18838
-12.5 -19.5 -0.13289
-12.5 -19.0 -0.07589
-12.5 -18.5 -0.01752
-12.5 -18.0  0.04206
-12.5 -17.5  0.10268
-12.5 -17.0  0.16417
-12.5 -16.5  0.22636
-12.5 -16.0  0.28907
-12.5 -15.5  0.35212
-12.5 -15.0  0.41532
-12.5 -14.5  0.47849
-12.5 -14.0  0.54144
-12.5 -13.5  0.60400
-12.5 -13.0  0.66597
-12.5 -12.5  0.72719
-12.5 -12.0  0.78747
-12.5 -11.5  0.84664
-12.5 -11.0  0.90455
-12.5 -10.5  0.96102
-12.5 -10.0  1.01591
-12.5  -9.5  1.06906
-12.5  -9.0  1.12034
-12.5  -8.5  1.16961
-12.5  -8.0  1.21674
-12.5  -7.5  1.26161
-12.5  -7.0  1.30411
-12.5  -6.5  1.34413
-12.5  -6.0  1.38157
-12.5  -5.5  1.41635
-12.5  -5.0  1.44839
-12.5  -4.5  1.47759
-12.5  -4.0  1.50391
-12.5  -3.5  1.52727
-12.5  -3.0  1.54762
-12.5  -2.5  1.56492
-12.5  -2.0  1.57912
-12.5  -1.5  1.59021
-12.5  -1.0  1.59814
-12.5  -0.5  1.60291
-12.5   0.0  1.60450
-12.5   0.5  1.60291
-12.5   1.0  1.59814
-12.5   1.5  1.59021
-12.5   2.0  1.57912
-12.5   2.5  1.56492
-12.5   3.0  1.54762
-12.5   3.5  1.52727
-12.5   4.0  1.50391
-12.5   4.5  1.47759
-12.5   5.0  1.44839
-12.5   5.5  1.41635
-12.5   6.0  1.38157
-12.5   6.5  1.34413
-12.5   7.0  1.30411
-12.5   7.5  1.26161
-12.5   8.0  1.21674
-12.5   8.5  1.16961
-12.5   9.0  1.12034
-12.5   9.5  1.06906
-12.5  10.0  1.01591
-12.5  10.5  0.96102
-12.5  11.0  0.90455
-12.5  11.5  0.84664
-12.5  12.0  0.78747
-12.5  12.5  0.72719
-12.5  13.0  0.66597
-12.5  13.5  0.60400
-12.5  14.0  0.54144
-12.5  14.5  0.47849
-12.5  15.0  0.41532
-12.5  15.5  0.35212
-12.5  16.0  0.28907
-12.5  16.5  0.22636
-12.5  17.0  0.16417
-12.5  17.5  0.10268
-12.5  18.0  0.04206
-12.5  18.5 -0.01752
-12.5  19.0 -0.07589
-12.5  19.5 -0.13289
-12.5  20.0 -0.18838
-12.5  20.5 -0.24222
-12.5  21.0 -0.29428
-12.5  21.5 -0.34444
-12.5  22.0 -0.39259
-12.5  22.5 -0.43863
-12.5  23.0 -0.48250
-12.5  23.5 -0.52410
-12.5  24.0 -0.56339
-12.5  24.5 -0.60033
-12.5  25.0 -0.63487
-12.5  25.5 -0.66701
-12.5  26.0 -0.69674
-12.5  26.5 -0.72405
-12.5  27.0 -0.74898
-12.5  27.5 -0.77155
-12.5  28.0 -0.79179
-12.5  28.5 -0.80976
-12.5  29.0 -0.82550
-12.5  29.5 -0.83909
-12.5  30.0 -0.85060
-12.5  30.5 -0.86009
-12.5  31.0 -0.86765
-12.5  31.5 -0.87337
-12.5  32.0 -0.87733
-12.5  32.5 -0.87962
-12.5  33.0 -0.88034
-12.5  33.5 -0.87958
-12.5  34.0 -0.87742
-12.5  34.5 -0.87397
-12.5  35.0 -0.86931
-12.5  35.5 -0.86354
-12.5  36.0 -0.85673
-12.5  36.5 -0.84898
-12.5  37.0 -0.84037
-12.5  37.5 -0.83097
-12.5  38.0 -0.82087
-12.5  38.5 -0.81013
-12.5  39.0 -0.79883
-12.5  39.5 -0.78703
-12.5  40.0 -0.77479
-12.5  40.5 -0.76218
-12.5  41.0 -0.74924
-12.5  41.5 -0.73603
-12.5  42.0 -0.72259
-12.5  42.5 -0.70898
-12.5  43.0 -0.69523
-12.5  43.5 -0.68137
-12.5  44.0 -0.66746
-12.5  44.5 -0.65351
-12.5  45.0 -0.63957
-12.0 -45.0 -0.63440
-12.0 -44.5 -0.64770
-12.0 -44.0 -0.66097
-12.0 -43.5 -0.67417
-12.0 -43.0 -0.68727
-12.0 -42.5 -0.70025
-12.0 -42.0 -0.71305
-12.0 -41.5 -0.72564
-12.0 -41.0 -0.73797
-12.0 -40.5 -0.75000
-12.0 -40.0 -0.76168
-12.0 -39.5 -0.77296
-12.0 -39.0 -0.78377
-12.0 -38.5 -0.79406
-12.0 -38.0 -0.80376
-12.0 -37.5 -0.81281
-12.0 -37.0 -0.82114
-12.0 -36.5 -0.82868
-12.0 -36.0 -0.83535
-12.0 -35.5 -0.84107
-12.0 -35.0 -0.84577
-12.0 -34.5 -0.84936
-12.0 -34.0 -0.85177
-12.0 -33.5 -0.85289
-12.0 -33.0 -0.85266
-12.0 -32.5 -0.85098
-12.0 -32.0 -0.84777
-12.0 -31.5 -0.84294
-12.0 -31.0 -0.83642
-12.0 -30.5 -0.82812
-12.0 -30.0 -0.81797
-12.0 -29.5 -0.80590
-12.0 -29.0 -0.79183
-12.0 -28.5 -0.77570
-12.0 -28.0 -0.75746
-12.0 -27.5 -0.73707
-12.0 -27.0 -0.71447
-12.0 -26.5 -0.68963
-12.0 -26.0 -0.66254
-12.0 -25.5 -0.63319
-12.0 -25.0 -0.60156
-12.0 -24.5 -0.56767
-12.0 -24.0 -0.53153
-12.0 -23.5 -0.49319
-12.0 -23.0 -0.45268
-12.0 -22.5 -0.41006
-12.0 -22.0 -0.36540
-12.0 -21.5 -0.31877
-12.0 -21.0 -0.27027
-12.0 -20.5 -0.22000
-12.0 -20.0 -0.16807
-12.0 -19.5 -0.11460
-12.0 -19.0 -0.05972
-12.0 -18.5 -0.00358
-12.0 -18.0  0.05368
-12.0 -17.5  0.11191
-12.0 -17.0  0.17095
-12.0 -16.5  0.23062
-12.0 -16.0  0.29077
-12.0 -15.5  0.35123
-12.0 -15.0  0.41181
-12.0 -14.5  0.47235
-12.0 -14.0  0.53267
-12.0 -13.5  0.59261
-12.0 -13.0  0.65198
-12.0 -12.5  0.71062
-12.0 -12.0  0.76837
-12.0 -11.5  0.82506
-12.0 -11.0  0.88053
-12.0 -10.5  0.93464
-12.0 -10.0  0.98723
-12.0  -9.5  1.03817
-12.0  -9.0  1.08731
-12.0  -8.5  1.13453
-12.0  -8.0  1.17971
-12.0  -7.5  1.22273
-12.0  -7.0  1.26348
-12.0  -6.5  1.30186
-12.0  -6.0  1.33778
-12.0  -5.5  1.37114
-12.0  -5.0  1.40187
-12.0  -4.5  1.42989
-12.0  -4.0  1.45514
-12.0  -3.5  1.47756
-12.0  -3.0  1.49709
-12.0  -2.5  1.51370
-12.0  -2.0  1.52733
-12.0  -1.5  1.53797
-12.0  -1.0  1.54559
-12.0  -0.5  1.55016
-12.0   0.0  1.55169
-12.0   0.5  1.55016
-12.0   1.0  1.54559
-12.0   1.5  1.53797
-12.0   2.0  1.52733
-12.0   2.5  1.51370
-12.0   3.0  1.49709
-12.0   3.5  1.47756
-12.0   4.0  1.45514
-12.0   4.5  1.42989
-12.0   5.0  1.40187
-12.0   5.5  1.37114
-12.0   6.0  1.33778
-12.0   6.5  1.30186
-12.0   7.0  1.26348
-12.0   7.5  1.22273
-12.0   8.0  1.17971
-12.0   8.5  1.13453
-12.0   9.0  1.08731
-12.0   9.5  1.03817
-12.0  10.0  0.98723
-12.0  10.5  0.93464
-12.0  11.0  0.88053
-12.0  11.5  0.82506
-12.0  12.0  0.76837
-12.0  12.5  0.71062
-12.0  13.0  0.65198
-12.0  13.5  0.59261
-12.0  14.0  0.53267
-12.0  14.5  0.47235
-12.0  15.0  0.41181
-12.0  15.5  0.35123
-12.0  16.0  0.29077
-12.0  16.5  0.23062
-12.0  17.0  0.17095
-12.0  17.5  0.11191
-12.0  18.0  0.05368
-12.0  18.5 -0.00358
-12.0  19.0 -0.05972
-12.0  19.5 -0.11460
-12.0  20.0 -0.16807
-12.0  20.5 -0.22000
-12.0  21.0 -0.27027
-12.0  21.5 -0.31877
-12.0  22.0 -0.36540
-12.0  22.5 -0.41006
-12.0  23.0 -0.45268
-12.0  23.5 -0.49319
-12.0  24.0 -0.53153
-12.0  24.5 -0.56767
-12.0  25.0 -0.60156
-12.0  25.5 -0.63319
-12.0  26.0 -0.66254
-12.0  26.5 -0.68963
-12.0  27.0 -0.71447
-12.0  27.5 -0.73707
-12.0  28.0 -0.75746
-12.0  28.5 -0.77570
-12.0  29.0 -0.79183
-12.0  29.5 -0.80590
-12.0  30.0 -0.81797
-12.0  30.5 -0.82812
-12.0  31.0 -0.83642
-12.0  31.5 -0.84294
-12.0  32.0 -0.84777
-12.0  32.5 -0.85098
-12.0  33.0 -0.85266
-12.0  33.5 -0.85289
-12.0  34.0 -0.85177
-12.0  34.5 -0.84936
-12.0  35.0 -0.84577
-12.0  35.5 -0.84107
-12.0  36.0 -0.83535
-12.0  36.5 -0.82868
-12.0  37.0 -0.82114
-12.0  37.5 -0.81281
-12.0  38.0 -0.80376
-12.0  38.5 -0.79406
-12.0  39.0 -0.78377
-12.0  39.5 -0.77296
-12.0  40.0 -0.76168
-12.0  40.5 -0.75000
-12.0  41.0 -0.73797
-12.0  41.5 -0.72564
-12.0  42.0 -0.71305
-12.0  42.5 -0.70025
-12.0  43.0 -0.68727
-12.0  43.5 -0.67417
-12.0  44.0 -0.66097
-12.0  44.5 -0.64770
-12.0  45.0 -0.63440
-11.5 -45.0 -0.62925
-11.5 -44.5 -0.64193
-11.5 -44.0 -0.65454
-11.5 -43.5 -0.66706
-11.5 -43.0 -0.67945
-11.5 -42.5 -0.69168
-11.5 -42.0 -0.70371
-11.5 -41.5 -0.71550
-11.5 -41.0 -0.72701
-11.5 -40.5 -0.73818
-11.5 -40.0 -0.74898
-11.5 -39.5 -0.75935
-11.5 -39.0 -0.76923
-11.5 -38.5 -0.77857
-11.5 -38.0 -0.78730
-11.5 -37.5 -0.79537
-11.5 -37.0 -0.80271
-11.5 -36.5 -0.80925
-11.5 -36.0 -0.81492
-11.5 -35.5 -0.81964
-11.5 -35.0 -0.82334
-11.5 -34.5 -0.82595
-11.5 -34.0 -0.82738
-11.5 -33.5 -0.82757
-11.5 -33.0 -0.82642
-11.5 -32.5 -0.82386
-11.5 -32.0 -0.81982
-11.5 -31.5 -0.81421
-11.5 -31.0 -0.80697
-11.5 -30.5 -0.79801
-11.5 -30.0 -0.78727
-11.5 -29.5 -0.77469
-11.5 -29.0 -0.76020
-11.5 -28.5 -0.74376
-11.5 -28.0 -0.72530
-11.5 -27.5 -0.70478
-11.5 -27.0 -0.68218
-11.5 -26.5 -0.65747
-11.5 -26.0 -0.63062
-11.5 -25.5 -0.60164
-11.5 -25.0 -0.57051
-11.5 -24.5 -0.53725
-11.5 -24.0 -0.50189
-11.5 -23.5 -0.46445
-11.5 -23.0 -0.42498
-11.5 -22.5 -0.38353
-11.5 -22.0 -0.34017
-11.5 -21.5 -0.29498
-11.5 -21.0 -0.24803
-11.5 -20.5 -0.19943
-11.5 -20.0 -0.14929
-11.5 -19.5 -0.09771
-11.5 -19.0 -0.04483
-11.5 -18.5  0.00924
-11.5 -18.0  0.06434
-11.5 -17.5  0.12034
-11.5 -17.0  0.17708
-11.5 -16.5  0.23441
-11.5 -16.0  0.29217
-11.5 -15.5  0.35020
-11.5 -15.0  0.40834
-11.5 -14.5  0.46643
-11.5 -14.0  0.52430
-11.5 -13.5  0.58178
-11.5 -13.0  0.63872
-11.5 -12.5  0.69496
-11.5 -12.0  0.75033
-11.5 -11.5  0.80469
-11.5 -11.0  0.85789
-11.5 -10.5  0.90978
-11.5 -10.0  0.96022
-11.5  -9.5  1.00907
-11.5  -9.0  1.05621
-11.5  -8.5  1.10151
-11.5  -8.0  1.14485
-11.5  -7.5  1.18613
-11.5  -7.0  1.22523
-11.5  -6.5  1.26206
-11.5  -6.0  1.29654
-11.5  -5.5  1.32856
-11.5  -5.0  1.35806
-11.5  -4.5  1.38497
-11.5  -4.0  1.40921
-11.5  -3.5  1.43074
-11.5  -3.0  1.44950
-11.5  -2.5  1.46544
-11.5  -2.0  1.47854
-11.5  -1.5  1.48876
-11.5  -1.0  1.49608
-11.5  -0.5  1.50047
-11.5   0.0  1.50194
-11.5   0.5  1.50047
-11.5   1.0  1.49608
-11.5   1.5  1.48876
-11.5   2.0  1.47854
-11.5   2.5  1.46544
-11.5   3.0  1.44950
-11.5   3.5  1.43074
-11.5   4.0  1.40921
-11.5   4.5  1.38497
-11.5   5.0  1.35806
-11.5   5.5  1.32856
-11.5   6.0  1.29654
-11.5   6.5  1.26206
-11.5   7.0  1.22523
-11.5   7.5  1.18613
-11.5   8.0  1.14485
-11.5   8.5  1.10151
-11.5   9.0  1.05621
-11.5   9.5  1.00907
-11.5  10.0  0.96022
-11.5  10.5  0.90978
-11.5  11.0  0.85789
-11.5  11.5  0.80469
-11.5  12.0  0.75033
-11.5  12.5  0.69496
-11.5  13.0  0.63872
-11.5  13.5  0.58178
-11.5  14.0  0.52430
-11.5  14.5  0.46643
-11.5  15.0  0.40834
-11.5  15.5  0.35020
-11.5  16.0  0.29217
-11.5  16.5  0.23441
-11.5  17.0  0.17708
-11.5  17.5  0.12034
-11.5  18.0  0.06434
-11.5  18.5  0.00924
-11.5  19.0 -0.04483
-11.5  19.5 -0.09771
-11.5  20.0 -0.14929
-11.5  20.5 -0.19943
-11.5  21.0 -0.24803
-11.5  21.5 -0.29498
-11.5  22.0 -0.34017
-11.5  22.5 -0.38353
-11.5  23.0 -0.42498
-11.5  23.5 -0.46445
-11.5  24.0 -0.50189
-11.5  24.5 -0.53725
-11.5  25.0 -0.57051
-11.5  25.5 -0.60164
-11.5  26.0 -0.63062
-11.5  26.5 -0.65747
-11.5  27.0 -0.68218
-11.5  27.5 -0.70478
-11.5  28.0 -0.72530
-11.5  28.5 -0.74376
-11.5  29.0 -0.76020
-11.5  29.5 -0.77469
-11.5  30.0 -0.78727
-11.5  30.5 -0.79801
-11.5  31.0 -0.80697
-11.5  31.5 -0.81421
-11.5  32.0 -0.81982
-11.5  32.5 -0.82386
-11.5  33.0 -0.82642
-11.5  33.5 -0.82757
-11.5  34.0 -0.82738
-11.5  34.5 -0.82595
-11.5  35.0 -0.82334
-11.5  35.5 -0.81964
-11.5  36.0 -0.81492
-11.5  36.5 -0.80925
-11.5  37.0 -0.80271
-11.5  37.5 -0.79537
-11.5  38.0 -0.78730
-11.5  38.5 -0.77857
-11.5  39.0 -0.76923
-11.5  39.5 -0.75935
-11.5  40.0 -0.74898
-11.5  40.5 -0.73818
-11.5  41.0 -0.72701
-11.5  41.5 -0.71550
-11.5  42.0 -0.70371
-11.5  42.5 -0.69168
-11.5  43.0 -0.67945
-11.5  43.5 -0.66706
-11.5  44.0 -0.65454
-11.5  44.5 -0.64193
-11.5  45.0 -0.62925
-11.0 -45.0 -0.62413
-11.0 -44.5 -0.63622
-11.0 -44.0 -0.64821
-11.0 -43.5 -0.66008
-11.0 -43.0 -0.67180
-11.0 -42.5 -0.68332
-11.0 -42.0 -0.69462
-11.0 -41.5 -0.70565
-11.0 -41.0 -0.71637
-11.0 -40.5 -0.72674
-11.0 -40.0 -0.73671
-11.0 -39.5 -0.74622
-11.0 -39.0 -0.75523
-11.0 -38.5 -0.76368
-11.0 -38.0 -0.77151
-11.0 -37.5 -0.77867
-11.0 -37.0 -0.78508
-11.0 -36.5 -0.79069
-11.0 -36.0 -0.79542
-11.0 -35.5 -0.79922
-11.0 -35.0 -0.80200
-11.0 -34.5 -0.80370
-11.0 -34.0 -0.80425
-11.0 -33.5 -0.80357
-11.0 -33.0 -0.80159
-11.0 -32.5 -0.79823
-11.0 -32.0 -0.79344
-11.0 -31.5 -0.78712
-11.0 -31.0 -0.77922
-11.0 -30.5 -0.76968
-11.0 -30.0 -0.75842
-11.0 -29.5 -0.74540
-11.0 -29.0 -0.73054
-11.0 -28.5 -0.71382
-11.0 -28.0 -0.69518
-11.0 -27.5 -0.67459
-11.0 -27.0 -0.65202
-11.0 -26.5 -0.62744
-11.0 -26.0 -0.60085
-11.0 -25.5 -0.57223
-11.0 -25.0 -0.54159
-11.0 -24.5 -0.50895
-11.0 -24.0 -0.47432
-11.0 -23.5 -0.43774
-11.0 -23.0 -0.39926
-11.0 -22.5 -0.35892
-11.0 -22.0 -0.31678
-11.0 -21.5 -0.27294
-11.0 -21.0 -0.22745
-11.0 -20.5 -0.18042
-11.0 -20.0 -0.13194
-11.0 -19.5 -0.08213
-11.0 -19.0 -0.03111
-11.0 -18.5  0.02102
-11.0 -18.0  0.07410
-11.0 -17.5  0.12802
-11.0 -17.0  0.18262
-11.0 -16.5  0.23776
-11.0 -16.0  0.29329
-11.0 -15.5  0.34907
-11.0 -15.0  0.40493
-11.0 -14.5  0.46073
-11.0 -14.0  0.51630
-11.0 -13.5  0.57150
-11.0 -13.0  0.62616
-11.0 -12.5  0.68015
-11.0 -12.0  0.73331
-11.0 -11.5  0.78549
-11.0 -11.0  0.83656
-11.0 -10.5  0.88637
-11.0 -10.0  0.93479
-11.0  -9.5  0.98169
-11.0  -9.0  1.02694
-11.0  -8.5  1.07044
-11.0  -8.0  1.11206
-11.0  -7.5  1.15169
-11.0  -7.0  1.18925
-11.0  -6.5  1.22463
-11.0  -6.0  1.25774
-11.0  -5.5  1.28851
-11.0  -5.0  1.31685
-11.0  -4.5  1.34270
-11.0  -4.0  1.36600
-11.0  -3.5  1.38669
-11.0  -3.0  1.40471
-11.0  -2.5  1.42004
-11.0  -2.0  1.43263
-11.0  -1.5  1.44245
-11.0  -1.0  1.44949
-11.0  -0.5  1.45371
-11.0   0.0  1.45512
-11.0   0.5  1.45371
-11.0   1.0  1.44949
-11.0   1.5  1.44245
-11.0   2.0  1.43263
-11.0   2.5  1.42004
-11.0   3.0  1.40471
-11.0   3.5  1.38669
-11.0   4.0  1.36600
-11.0   4.5  1.34270
-11.0   5.0  1.31685
-11.0   5.5  1.28851
-11.0   6.0  1.25774
-11.0   6.5  1.22463
-11.0   7.0  1.18925
-11.0   7.5  1.15169
-11.0   8.0  1.11206
-11.0   8.5  1.07044
-11.0   9.0  1.02694
-11.0   9.5  0.98169
-11.0  10.0  0.93479
-11.0  10.5  0.88637
-11.0  11.0  0.83656
-11.0  11.5  0.78549
-11.0  12.0  0.73331
-11.0  12.5  0.68015
-11.0  13.0  0.62616
-11.0  13.5  0.57150
-11.0  14.0  0.51630
-11.0  14.5  0.46073
-11.0  15.0  0.40493
-11.0  15.5  0.34907
-11.0  16.0  0.29329
-11.0  16.5  0.23776
-11.0  17.0  0.18262
-11.0  17.5  0.12802
-11.0  18.0  0.07410
-11.0  18.5  0.02102
-11.0  19.0 -0.03111
-11.0  19.5 -0.08213
-11.0  20.0 -0.13194
-11.0  20.5 -0.18042
-11.0  21.0 -0.22745
-11.0  21.5 -0.27294
-11.0  22.0 -0.31678
-11.0  22.5 -0.35892
-11.0  23.0 -0.39926
-11.0  23.5 -0.43774
-11.0  24.0 -0.47432
-11.0  24.5 -0.50895
-11.0  25.0 -0.54159
-11.0  25.5 -0.57223
-11.0  26.0 -0.60085
-11.0  26.5 -0.62744
-11.0  27.0 -0.65202
-11.0  27.5 -0.67459
-11.0  28.0 -0.69518
-11.0  28.5 -0.71382
-11.0  29.0 -0.73054
-11.0  29.5 -0.74540
-11.0  30.0 -0.75842
-11.0  30.5 -0.76968
-11.0  31.0 -0.77922
-11.0  31.5 -0.78712
-11.0  32.0 -0.79344
-11.0  32.5 -0.79823
-11.0  33.0 -0.80159
-11.0  33.5 -0.80357
-11.0  34.0 -0.80425
-11.0  34.5 -0.80370
-11.0  35.0 -0.80200
-11.0  35.5 -0.79922
-11.0  36.0 -0.79542
-11.0  36.5 -0.79069
-11.0  37.0 -0.78508
-11.0  37.5 -0.77867
-11.0  38.0 -0.77151
-11.0  38.5 -0.76368
-11.0  39.0 -0.75523
-11.0  39.5 -0.74622
-11.0  40.0 -0.73671
-11.0  40.5 -0.72674
-11.0  41.0 -0.71637
-11.0  41.5 -0.70565
-11.0  42.0 -0.69462
-11.0  42.5 -0.68332
-11.0  43.0 -0.67180
-11.0  43.5 -0.66008
-11.0  44.0 -0.64821
-11.0  44.5 -0.63622
-11.0  45.0 -0.62413
-10.5 -45.0 -0.61908
-10.5 -44.5 -0.63060
-10.5 -44.0 -0.64200
-10.5 -43.5 -0.65326
-10.5 -43.0 -0.66433
-10.5 -42.5 -0.67519
-10.5 -42.0 -0.68579
-10.5 -41.5 -0.69611
-10.5 -41.0 -0.70609
-10.5 -40.5 -0.71570
-10.5 -40.0 -0.72488
-10.5 -39.5 -0.73360
-10.5 -39.0 -0.74179
-10.5 -38.5 -0.74941
-10.5 -38.0 -0.75640
-10.5 -37.5 -0.76270
-10.5 -37.0 -0.76825
-10.5 -36.5 -0.77300
-10.5 -36.0 -0.77687
-10.5 -35.5 -0.77981
-10.5 -35.0 -0.78175
-10.5 -34.5 -0.78262
-10.5 -34.0 -0.78235
-10.5 -33.5 -0.78088
-10.5 -33.0 -0.77813
-10.5 -32.5 -0.77405
-10.5 -32.0 -0.76857
-10.5 -31.5 -0.76161
-10.5 -31.0 -0.75313
-10.5 -30.5 -0.74306
-10.5 -30.0 -0.73134
-10.5 -29.5 -0.71792
-10.5 -29.0 -0.70276
-10.5 -28.5 -0.68581
-10.5 -28.0 -0.66702
-10.5 -27.5 -0.64638
-10.5 -27.0 -0.62386
-10.5 -26.5 -0.59943
-10.5 -26.0 -0.57309
-10.5 -25.5 -0.54484
-10.5 -25.0 -0.51468
-10.5 -24.5 -0.48262
-10.5 -24.0 -0.44870
-10.5 -23.5 -0.41294
-10.5 -23.0 -0.37539
-10.5 -22.5 -0.33609
-10.5 -22.0 -0.29512
-10.5 -21.5 -0.25253
-10.5 -21.0 -0.20841
-10.5 -20.5 -0.16285
-10.5 -20.0 -0.11594
-10.5 -19.5 -0.06778
-10.5 -19.0 -0.01848
-10.5 -18.5  0.03183
-10.5 -18.0  0.08303
-10.5 -17.5  0.13501
-10.5 -17.0  0.18761
-10.5 -16.5  0.24072
-10.5 -16.0  0.29418
-10.5 -15.5  0.34785
-10.5 -15.0  0.40158
-10.5 -14.5  0.45524
-10.5 -14.0  0.50868
-10.5 -13.5  0.56174
-10.5 -13.0  0.61429
-10.5 -12.5  0.66618
-10.5 -12.0  0.71726
-10.5 -11.5  0.76741
-10.5 -11.0  0.81648
-10.5 -10.5  0.86435
-10.5 -10.0  0.91088
-10.5  -9.5  0.95595
-10.5  -9.0  0.99944
-10.5  -8.5  1.04124
-10.5  -8.0  1.08124
-10.5  -7.5  1.11935
-10.5  -7.0  1.15545
-10.5  -6.5  1.18946
-10.5  -6.0  1.22130
-10.5  -5.5  1.25088
-10.5  -5.0  1.27813
-10.5  -4.5  1.30299
-10.5  -4.0  1.32540
-10.5  -3.5  1.34529
-10.5  -3.0  1.36264
-10.5  -2.5  1.37738
-10.5  -2.0  1.38949
-10.5  -1.5  1.39894
-10.5  -1.0  1.40570
-10.5  -0.5  1.40977
-10.5   0.0  1.41112
-10.5   0.5  1.40977
-10.5   1.0  1.40570
-10.5   1.5  1.39894
-10.5   2.0  1.38949
-10.5   2.5  1.37738
-10.5   3.0  1.36264
-10.5   3.5  1.34529
-10.5   4.0  1.32540
-10.5   4.5  1.30299
-10.5   5.0  1.27813
-10.5   5.5  1.25088
-10.5   6.0  1.22130
-10.5   6.5  1.18946
-10.5   7.0  1.15545
-10.5   7.5  1.11935
-10.5   8.0  1.08124
-10.5   8.5  1.04124
-10.5   9.0  0.99944
-10.5   9.5  0.95595
-10.5  10.0  0.91088
-10.5  10.5  0.86435
-10.5  11.0  0.81648
-10.5  11.5  0.76741
-10.5  12.0  0.71726
-10.5  12.5  0.66618
-10.5  13.0  0.61429
-10.5  13.5  0.56174
-10.5  14.0  0.50868
-10.5  14.5  0.45524
-10.5  15.0  0.40158
-10.5  15.5  0.34785
-10.5  16.0  0.29418
-10.5  16.5  0.24072
-10.5  17.0  0.18761
-10.5  17.5  0.13501
-10.5  18.0  0.08303
-10.5  18.5  0.03183
-10.5  19.0 -0.01848
-10.5  19.5 -0.06778
-10.5  20.0 -0.11594
-10.5  20.5 -0.16285
-10.5  21.0 -0.20841
-10.5  21.5 -0.25253
-10.5  22.0 -0.29512
-10.5  22.5 -0.33609
-10.5  23.0 -0.37539
-10.5  23.5 -0.41294
-10.5  24.0 -0.44870
-10.5  24.5 -0.48262
-10.5  25.0 -0.51468
-10.5  25.5 -0.54484
-10.5  26.0 -0.57309
-10.5  26.5 -0.59943
-10.5  27.0 -0.62386
-10.5  27.5 -0.64638
-10.5  28.0 -0.66702
-10.5  28.5 -0.68581
-10.5  29.0 -0.70276
-10.5  29.5 -0.71792
-10.5  30.0 -0.73134
-10.5  30.5 -0.74306
-10.5  31.0 -0.75313
-10.5  31.5 -0.76161
-10.5  32.0 -0.76857
-10.5  32.5 -0.77405
-10.5  33.0 -0.77813
-10.5  33.5 -0.78088
-10.5  34.0 -0.78235
-10.5  34.5 -0.78262
-10.5  35.0 -0.78175
-10.5  35.5 -0.77981
-10.5  36.0 -0.77687
-10.5  36.5 -0.77300
-10.5  37.0 -0.76825
-10.5  37.5 -0.76270
-10.5  38.0 -0.75640
-10.5  38.5 -0.74941
-10.5  39.0 -0.74179
-10.5  39.5 -0.73360
-10.5  40.0 -0.72488
-10.5  40.5 -0.71570
-10.5  41.0 -0.70609
-10.5  41.5 -0.69611
-10.5  42.0 -0.68579
-10.5  42.5 -0.67519
-10.5  43.0 -0.66433
-10.5  43.5 -0.65326
-10.5  44.0 -0.64200
-10.5  44.5 -0.63060
-10.5  45.0 -0.61908
-10.0 -45.0 -0.61412
-10.0 -44.5 -0.62510
-10.0 -44.0 -0.63594
-10.0 -43.5 -0.64661
-10.0 -43.0 -0.65708
-10.0 -42.5 -0.66730
-10.0 -42.0 -0.67726
-10.0 -41.5 -0.68690
-10.0 -41.0 -0.69618
-10.0 -40.5 -0.70508
-10.0 -40.0 -0.71353
-10.0 -39.5 -0.72149
-10.0 -39.0 -0.72892
-10.0 -38.5 -0.73577
-10.0 -38.0 -0.74197
-10.0 -37.5 -0.74748
-10.0 -37.0 -0.75224
-10.0 -36.5 -0.75618
-10.0 -36.0 -0.75926
-10.0 -35.5 -0.76141
-10.0 -35.0 -0.76256
-10.0 -34.5 -0.76266
-10.0 -34.0 -0.76165
-10.0 -33.5 -0.75945
-10.0 -33.0 -0.75601
-10.0 -32.5 -0.75127
-10.0 -32.0 -0.74517
-10.0 -31.5 -0.73764
-10.0 -31.0 -0.72863
-10.0 -30.5 -0.71808
-10.0 -30.0 -0.70596
-10.0 -29.5 -0.69220
-10.0 -29.0 -0.67676
-10.0 -28.5 -0.65962
-10.0 -28.0 -0.64073
-10.0 -27.5 -0.62006
-10.0 -27.0 -0.59760
-10.0 -26.5 -0.57334
-10.0 -26.0 -0.54726
-10.0 -25.5 -0.51936
-10.0 -25.0 -0.48966
-10.0 -24.5 -0.45817
-10.0 -24.0 -0.42492
-10.0 -23.5 -0.38994
-10.0 -23.0 -0.35326
-10.0 -22.5 -0.31495
-10.0 -22.0 -0.27506
-10.0 -21.5 -0.23366
-10.0 -21.0 -0.19082
-10.0 -20.5 -0.14663
-10.0 -20.0 -0.10118
-10.0 -19.5 -0.05456
-10.0 -19.0 -0.00688
-10.0 -18.5  0.04174
-10.0 -18.0  0.09120
-10.0 -17.5  0.14137
-10.0 -17.0  0.19212
-10.0 -16.5  0.24332
-10.0 -16.0  0.29485
-10.0 -15.5  0.34656
-10.0 -15.0  0.39832
-10.0 -14.5  0.44999
-10.0 -14.0  0.50143
-10.0 -13.5  0.55250
-10.0 -13.0  0.60307
-10.0 -12.5  0.65300
-10.0 -12.0  0.70216
-10.0 -11.5  0.75041
-10.0 -11.0  0.79761
-10.0 -10.5  0.84366
-10.0 -10.0  0.88843
-10.0  -9.5  0.93179
-10.0  -9.0  0.97363
-10.0  -8.5  1.01385
-10.0  -8.0  1.05234
-10.0  -7.5  1.08900
-10.0  -7.0  1.12374
-10.0  -6.5  1.15647
-10.0  -6.0  1.18711
-10.0  -5.5  1.21558
-10.0  -5.0  1.24181
-10.0  -4.5  1.26574
-10.0  -4.0  1.28731
-10.0  -3.5  1.30646
-10.0  -3.0  1.32315
-10.0  -2.5  1.33735
-10.0  -2.0  1.34901
-10.0  -1.5  1.35811
-10.0  -1.0  1.36462
-10.0  -0.5  1.36853
-10.0   0.0  1.36984
-10.0   0.5  1.36853
-10.0   1.0  1.36462
-10.0   1.5  1.35811
-10.0   2.0  1.34901
-10.0   2.5  1.33735
-10.0   3.0  1.32315
-10.0   3.5  1.30646
-10.0   4.0  1.28731
-10.0   4.5  1.26574
-10.0   5.0  1.24181
-10.0   5.5  1.21558
-10.0   6.0  1.18711
-10.0   6.5  1.15647
-10.0   7.0  1.12374
-10.0   7.5  1.08900
-10.0   8.0  1.05234
-10.0   8.5  1.01385
-10.0   9.0  0.97363
-10.0   9.5  0.93179
-10.0  10.0  0.88843
-10.0  10.5  0.84366
-10.0  11.0  0.79761
-10.0  11.5  0.75041
-10.0  12.0  0.70216
-10.0  12.5  0.65300
-10.0  13.0  0.60307
-10.0  13.5  0.55250
-10.0  14.0  0.50143
-10.0  14.5  0.44999
-10.0  15.0  0.39832
-10.0  15.5  0.34656
-10.0  16.0  0.29485
-10.0  16.5  0.24332
-10.0  17.0  0.19212
-10.0  17.5  0.14137
-10.0  18.0  0.09120
-10.0  18.5  0.04174
-10.0  19.0 -0.00688
-10.0  19.5 -0.05456
-10.0  20.0 -0.10118
-10.0  20.5 -0.14663
-10.0  21.0 -0.19082
-10.0  21.5 -0.23366
-10.0  22.0 -0.27506
-10.0  22.5 -0.31495
-10.0  23.0 -0.35326
-10.0  23.5 -0.38994
-10.0  24.0 -0.42492
-10.0  24.5 -0.45817
-10.0  25.0 -0.48966
-10.0  25.5 -0.51936
-10.0  26.0 -0.54726
-10.0  26.5 -0.57334
-10.0  27.0 -0.59760
-10.0  27.5 -0.62006
-10.0  28.0 -0.64073
-10.0  28.5 -0.65962
-10.0  29.0 -0.67676
-10.0  29.5 -0.69220
-10.0  30.0 -0.70596
-10.0  30.5 -0.71808
-10.0  31.0 -0.72863
-10.0  31.5 -0.73764
-10.0  32.0 -0.74517
-10.0  32.5 -0.75127
-10.0  33.0 -0.75601
-10.0  33.5 -0.75945
-10.0  34.0 -0.76165
-10.0  34.5 -0.76266
-10.0  35.0 -0.76256
-10.0  35.5 -0.76141
-10.0  36.0 -0.75926
-10.0  36.5 -0.75618
-10.0  37.0 -0.75224
-10.0  37.5 -0.74748
-10.0  38.0 -0.74197
-10.0  38.5 -0.73577
-10.0  39.0 -0.72892
-10.0  39.5 -0.72149
-10.0  40.0 -0.71353
-10.0  40.5 -0.70508
-10.0  41.0 -0.69618
-10.0  41.5 -0.68690
-10.0  42.0 -0.67726
-10.0  42.5 -0.66730
-10.0  43.0 -0.65708
-10.0  43.5 -0.64661
-10.0  44.0 -0.63594
-10.0  44.5 -0.62510
-10.0  45.0 -0.61412
 -9.5 -45.0 -0.60927
 -9.5 -44.5 -0.61974
 -9.5 -44.0 -0.63005
 -9.5 -43.5 -0.64017
 -9.5 -43.0 -0.65006
 -9.5 -42.5 -0.65969
 -9.5 -42.0 -0.66903
 -9.5 -41.5 -0.67804
 -9.5 -41.0 -0.68667
 -9.5 -40.5 -0.69490
 -9.5 -40.0 -0.70266
 -9.5 -39.5 -0.70993
 -9.5 -39.0 -0.71665
 -9.5 -38.5 -0.72277
 -9.5 -38.0 -0.72824
 -9.5 -37.5 -0.73301
 -9.5 -37.0 -0.73703
 -9.5 -36.5 -0.74023
 -9.5 -36.0 -0.74258
 -9.5 -35.5 -0.74399
 -9.5 -35.0 -0.74443
 -9.5 -34.5 -0.74383
 -9.5 -34.0 -0.74213
 -9.5 -33.5 -0.73927
 -9.5 -33.0 -0.73520
 -9.5 -32.5 -0.72986
 -9.5 -32.0 -0.72319
 -9.5 -31.5 -0.71514
 -9.5 -31.0 -0.70566
 -9.5 -30.5 -0.69470
 -9.5 -30.0 -0.68221
 -9.5 -29.5 -0.66815
 -9.5 -29.0 -0.65248
 -9.5 -28.5 -0.63518
 -9.5 -28.0 -0.61620
 -9.5 -27.5 -0.59553
 -9.5 -27.0 -0.57315
 -9.5 -26.5 -0.54906
 -9.5 -26.0 -0.52324
 -9.5 -25.5 -0.49569
 -9.5 -25.0 -0.46644
 -9.5 -24.5 -0.43549
 -9.5 -24.0 -0.40287
 -9.5 -23.5 -0.36862
 -9.5 -23.0 -0.33278
 -9.5 -22.5 -0.29539
 -9.5 -22.0 -0.25652
 -9.5 -21.5 -0.21623
 -9.5 -21.0 -0.17459
 -9.5 -20.5 -0.13167
 -9.5 -20.0 -0.08758
 -9.5 -19.5 -0.04240
 -9.5 -19.0  0.00377
 -9.5 -18.5  0.05083
 -9.5 -18.0  0.09866
 -9.5 -17.5  0.14714
 -9.5 -17.0  0.19616
 -9.5 -16.5  0.24560
 -9.5 -16.0  0.29533
 -9.5 -15.5  0.34522
 -9.5 -15.0  0.39514
 -9.5 -14.5  0.44496
 -9.5 -14.0  0.49455
 -9.5 -13.5  0.54377
 -9.5 -13.0  0.59250
 -9.5 -12.5  0.64061
 -9.5 -12.0  0.68796
 -9.5 -11.5  0.73444
 -9.5 -11.0  0.77991
 -9.5 -10.5  0.82426
 -9.5 -10.0  0.86738
 -9.5  -9.5  0.90914
 -9.5  -9.0  0.94944
 -9.5  -8.5  0.98818
 -9.5  -8.0  1.02526
 -9.5  -7.5  1.06057
 -9.5  -7.0  1.09404
 -9.5  -6.5  1.12557
 -9.5  -6.0  1.15508
 -9.5  -5.5  1.18251
 -9.5  -5.0  1.20779
 -9.5  -4.5  1.23085
 -9.5  -4.0  1.25163
 -9.5  -3.5  1.27009
 -9.5  -3.0  1.28618
 -9.5  -2.5  1.29985
 -9.5  -2.0  1.31109
 -9.5  -1.5  1.31986
 -9.5  -1.0  1.32614
 -9.5  -0.5  1.32991
 -9.5   0.0  1.33117
 -9.5   0.5  1.32991
 -9.5   1.0  1.32614
 -9.5   1.5  1.31986
 -9.5   2.0  1.31109
 -9.5   2.5  1.29985
 -9.5   3.0  1.28618
 -9.5   3.5  1.27009
 -9.5   4.0  1.25163
 -9.5   4.5  1.23085
 -9.5   5.0  1.20779
 -9.5   5.5  1.18251
 -9.5   6.0  1.15508
 -9.5   6.5  1.12557
 -9.5   7.0  1.09404
 -9.5   7.5  1.06057
 -9.5   8.0  1.02526
 -9.5   8.5  0.98818
 -9.5   9.0  0.94944
 -9.5   9.5  0.90914
 -9.5  10.0  0.86738
 -9.5  10.5  0.82426
 -9.5  11.0  0.77991
 -9.5  11.5  0.73444
 -9.5  12.0  0.68796
 -9.5  12.5  0.64061
 -9.5  13.0  0.59250
 -9.5  13.5  0.54377
 -9.5  14.0  0.49455
 -9.5  14.5  0.44496
 -9.5  15.0  0.39514
 -9.5  15.5  0.34522
 -9.5  16.0  0.29533
 -9.5  16.5  0.24560
 -9.5  17.0  0.19616
 -9.5  17.5  0.14714
 -9.5  18.0  0.09866
 -9.5  18.5  0.05083
 -9.5  19.0  0.00377
 -9.5  19.5 -0.04240
 -9.5  20.0 -0.08758
 -9.5  20.5 -0.13167
 -9.5  21.0 -0.17459
 -9.5  21.5 -0.21623
 -9.5  22.0 -0.25652
 -9.5  22.5 -0.29539
 -9.5  23.0 -0.33278
 -9.5  23.5 -0.36862
 -9.5  24.0 -0.40287
 -9.5  24.5 -0.43549
 -9.5  25.0 -0.46644
 -9.5  25.5 -0.49569
 -9.5  26.0 -0.52324
 -9.5  26.5 -0.54906
 -9.5  27.0 -0.57315
 -9.5  27.5 -0.59553
 -9.5  28.0 -0.61620
 -9.5  28.5 -0.63518
 -9.5  29.0 -0.65248
 -9.5  29.5 -0.66815
 -9.5  30.0 -0.68221
 -9.5  30.5 -0.69470
 -9.5  31.0 -0.70566
 -9.5  31.5 -0.71514
 -9.5  32.0 -0.72319
 -9.5  32.5 -0.72986
 -9.5  33.0 -0.73520
 -9.5  33.5 -0.73927
 -9.5  34.0 -0.74213
 -9.5  34.5 -0.74383
 -9.5  35.0 -0.74443
 -9.5  35.5 -0.74399
 -9.5  36.0 -0.74258
 -9.5  36.5 -0.74023
 -9.5  37.0 -0.73703
 -9.5  37.5 -0.73301
 -9.5  38.0 -0.72824
 -9.5  38.5 -0.72277
 -9.5  39.0 -0.71665
 -9.5  39.5 -0.70993
 -9.5  40.0 -0.70266
 -9.5  40.5 -0.69490
 -9.5  41.0 -0.68667
 -9.5  41.5 -0.67804
 -9.5  42.0 -0.66903
 -9.5  42.5 -0.65969
 -9.5  43.0 -0.65006
 -9.5  43.5 -0.64017
 -9.5  44.0 -0.63005
 -9.5  44.5 -0.61974
 -9.5  45.0 -0.60927
 -9.0 -45.0 -0.60456
 -9.0 -44.5 -0.61455
 -9.0 -44.0 -0.62436
 -9.0 -43.5 -0.63395
 -9.0 -43.0 -0.64330
 -9.0 -42.5 -0.65238
 -9.0 -42.0 -0.66114
 -9.0 -41.5 -0.66955
 -9.0 -41.0 -0.67757
 -9.0 -40.5 -0.68517
 -9.0 -40.0 -0.69230
 -9.0 -39.5 -0.69891
 -9.0 -39.0 -0.70496
 -9.0 -38.5 -0.71041
 -9.0 -38.0 -0.71521
 -9.0 -37.5 -0.71929
 -9.0 -37.0 -0.72263
 -9.0 -36.5 -0.72515
 -9.0 -36.0 -0.72681
 -9.0 -35.5 -0.72756
 -9.0 -35.0 -0.72734
 -9.0 -34.5 -0.72609
 -9.0 -34.0 -0.72376
 -9.0 -33.5 -0.72030
 -9.0 -33.0 -0.71566
 -9.0 -32.5 -0.70977
 -9.0 -32.0 -0.70259
 -9.0 -31.5 -0.69408
 -9.0 -31.0 -0.68417
 -9.0 -30.5 -0.67284
 -9.0 -30.0 -0.66003
 -9.0 -29.5 -0.64571
 -9.0 -29.0 -0.62984
 -9.0 -28.5 -0.61241
 -9.0 -28.0 -0.59337
 -9.0 -27.5 -0.57271
 -9.0 -27.0 -0.55043
 -9.0 -26.5 -0.52650
 -9.0 -26.0 -0.50094
 -9.0 -25.5 -0.47373
 -9.0 -25.0 -0.44491
 -9.0 -24.5 -0.41447
 -9.0 -24.0 -0.38246
 -9.0 -23.5 -0.34890
 -9.0 -23.0 -0.31384
 -9.0 -22.5 -0.27732
 -9.0 -22.0 -0.23940
 -9.0 -21.5 -0.20015
 -9.0 -21.0 -0.15962
 -9.0 -20.5 -0.11790
 -9.0 -20.0 -0.07507
 -9.0 -19.5 -0.03123
 -9.0 -19.0  0.01354
 -9.0 -18.5  0.05914
 -9.0 -18.0  0.10545
 -9.0 -17.5  0.15238
 -9.0 -17.0  0.19980
 -9.0 -16.5  0.24760
 -9.0 -16.0  0.29565
 -9.0 -15.5  0.34385
 -9.0 -15.0  0.39206
 -9.0 -14.5  0.44016
 -9.0 -14.0  0.48803
 -9.0 -13.5  0.53553
 -9.0 -13.0  0.58255
 -9.0 -12.5  0.62896
 -9.0 -12.0  0.67464
 -9.0 -11.5  0.71947
 -9.0 -11.0  0.76333
 -9.0 -10.5  0.80610
 -9.0 -10.0  0.84768
 -9.0  -9.5  0.88796
 -9.0  -9.0  0.92682
 -9.0  -8.5  0.96418
 -9.0  -8.0  0.99994
 -9.0  -7.5  1.03399
 -9.0  -7.0  1.06627
 -9.0  -6.5  1.09668
 -9.0  -6.0  1.12515
 -9.0  -5.5  1.15161
 -9.0  -5.0  1.17599
 -9.0  -4.5  1.19823
 -9.0  -4.0  1.21828
 -9.0  -3.5  1.23609
 -9.0  -3.0  1.25161
 -9.0  -2.5  1.26480
 -9.0  -2.0  1.27564
 -9.0  -1.5  1.28410
 -9.0  -1.0  1.29016
 -9.0  -0.5  1.29380
 -9.0   0.0  1.29502
 -9.0   0.5  1.29380
 -9.0   1.0  1.29016
 -9.0   1.5  1.28410
 -9.0   2.0  1.27564
 -9.0   2.5  1.26480
 -9.0   3.0  1.25161
 -9.0   3.5  1.23609
 -9.0   4.0  1.21828
 -9.0   4.5  1.19823
 -9.0   5.0  1.17599
 -9.0   5.5  1.15161
 -9.0   6.0  1.12515
 -9.0   6.5  1.09668
 -9.0   7.0  1.06627
 -9.0   7.5  1.03399
 -9.0   8.0  0.99994
 -9.0   8.5  0.96418
 -9.0   9.0  0.92682
 -9.0   9.5  0.88796
 -9.0  10.0  0.84768
 -9.0  10.5  0.80610
 -9.0  11.0  0.76333
 -9.0  11.5  0.71947
 -9.0  12.0  0.67464
 -9.0  12.5  0.62896
 -9.0  13.0  0.58255
 -9.0  13.5  0.53553
 -9.0  14.0  0.48803
 -9.0  14.5  0.44016
 -9.0  15.0  0.39206
 -9.0  15.5  0.34385
 -9.0  16.0  0.29565
 -9.0  16.5  0.24760
 -9.0  17.0  0.19980
 -9.0  17.5  0.15238
 -9.0  18.0  0.10545
 -9.0  18.5  0.05914
 -9.0  19.0  0.01354
 -9.0  19.5 -0.03123
 -9.0  20.0 -0.07507
 -9.0  20.5 -0.11790
 -9.0  21.0 -0.15962
 -9.0  21.5 -0.20015
 -9.0  22.0 -0.23940
 -9.0  22.5 -0.27732
 -9.0  23.0 -0.31384
 -9.0  23.5 -0.34890
 -9.0  24.0 -0.38246
 -9.0  24.5 -0.41447
 -9.0  25.0 -0.44491
 -9.0  25.5 -0.47373
 -9.0  26.0 -0.50094
 -9.0  26.5 -0.52650
 -9.0  27.0 -0.55043
 -9.0  27.5 -0.57271
 -9.0  28.0 -0.59337
 -9.0  28.5 -0.61241
 -9.0  29.0 -0.62984
 -9.0  29.5 -0.64571
 -9.0  30.0 -0.66003
 -9.0  30.5 -0.67284
 -9.0  31.0 -0.68417
 -9.0  31.5 -0.69408
 -9.0  32.0 -0.70259
 -9.0  32.5 -0.70977
 -9.0  33.0 -0.71566
 -9.0  33.5 -0.72030
 -9.0  34.0 -0.72376
 -9.0  34.5 -0.72609
 -9.0  35.0 -0.72734
 -9.0  35.5 -0.72756
 -9.0  36.0 -0.72681
 -9.0  36.5 -0.72515
 -9.0  37.0 -0.72263
 -9.0  37.5 -0.71929
 -9.0  38.0 -0.71521
 -9.0  38.5 -0.71041
 -9.0  39.0 -0.70496
 -9.0  39.5 -0.69891
 -9.0  40.0 -0.69230
 -9.0  40.5 -0.68517
 -9.0  41.0 -0.67757
 -9.0  41.5 -0.66955
 -9.0  42.0 -0.66114
 -9.0  42.5 -0.65238
 -9.0  43.0 -0.64330
 -9.0  43.5 -0.63395
 -9.0  44.0 -0.62436
 -9.0  44.5 -0.61455
 -9.0  45.0 -0.60456
 -8.5 -45.0 -0.60000
 -8.5 -44.5 -0.60954
 -8.5 -44.0 -0.61888
 -8.5 -43.5 -0.62798
 -8.5 -43.0 -0.63682
 -8.5 -42.5 -0.64537
 -8.5 -42.0 -0.65359
 -8.5 -41.5 -0.66145
 -8.5 -41.0 -0.66890
 -8.5 -40.5 -0.67591
 -8.5 -40.0 -0.68244
 -8.5 -39.5 -0.68845
 -8.5 -39.0 -0.69389
 -8.5 -38.5 -0.69871
 -8.5 -38.0 -0.70288
 -8.5 -37.5 -0.70633
 -8.5 -37.0 -0.70903
 -8.5 -36.5 -0.71093
 -8.5 -36.0 -0.71197
 -8.5 -35.5 -0.71210
 -8.5 -35.0 -0.71127
 -8.5 -34.5 -0.70943
 -8.5 -34.0 -0.70654
 -8.5 -33.5 -0.70253
 -8.5 -33.0 -0.69736
 -8.5 -32.5 -0.69097
 -8.5 -32.0 -0.68334
 -8.5 -31.5 -0.67440
 -8.5 -31.0 -0.66412
 -8.5 -30.5 -0.65245
 -8.5 -30.0 -0.63936
 -8.5 -29.5 -0.62481
 -8.5 -29.0 -0.60878
 -8.5 -28.5 -0.59123
 -8.5 -28.0 -0.57216
 -8.5 -27.5 -0.55153
 -8.5 -27.0 -0.52934
 -8.5 -26.5 -0.50559
 -8.5 -26.0 -0.48027
 -8.5 -25.5 -0.45340
 -8.5 -25.0 -0.42498
 -8.5 -24.5 -0.39504
 -8.5 -24.0 -0.36360
 -8.5 -23.5 -0.33069
 -8.5 -23.0 -0.29636
 -8.5 -22.5 -0.26065
 -8.5 -22.0 -0.22362
 -8.5 -21.5 -0.18533
 -8.5 -21.0 -0.14585
 -8.5 -20.5 -0.10524
 -8.5 -20.0 -0.06359
 -8.5 -19.5 -0.02098
 -8.5 -19.0  0.02249
 -8.5 -18.5  0.06673
 -8.5 -18.0  0.11164
 -8.5 -17.5  0.15712
 -8.5 -17.0  0.20305
 -8.5 -16.5  0.24933
 -8.5 -16.0  0.29584
 -8.5 -15.5  0.34247
 -8.5 -15.0  0.38910
 -8.5 -14.5  0.43560
 -8.5 -14.0  0.48187
 -8.5 -13.5  0.52778
 -8.5 -13.0  0.57321
 -8.5 -12.5  0.61805
 -8.5 -12.0  0.66217
 -8.5 -11.5  0.70547
 -8.5 -11.0  0.74783
 -8.5 -10.5  0.78914
 -8.5 -10.0  0.82929
 -8.5  -9.5  0.86818
 -8.5  -9.0  0.90572
 -8.5  -8.5  0.94179
 -8.5  -8.0  0.97631
 -8.5  -7.5  1.00920
 -8.5  -7.0  1.04037
 -8.5  -6.5  1.06974
 -8.5  -6.0  1.09723
 -8.5  -5.5  1.12278
 -8.5  -5.0  1.14633
 -8.5  -4.5  1.16781
 -8.5  -4.0  1.18717
 -8.5  -3.5  1.20437
 -8.5  -3.0  1.21936
 -8.5  -2.5  1.23211
 -8.5  -2.0  1.24258
 -8.5  -1.5  1.25075
 -8.5  -1.0  1.25660
 -8.5  -0.5  1.26012
 -8.5   0.0  1.26129
 -8.5   0.5  1.26012
 -8.5   1.0  1.25660
 -8.5   1.5  1.25075
 -8.5   2.0  1.24258
 -8.5   2.5  1.23211
 -8.5   3.0  1.21936
 -8.5   3.5  1.20437
 -8.5   4.0  1.18717
 -8.5   4.5  1.16781
 -8.5   5.0  1.14633
 -8.5   5.5  1.12278
 -8.5   6.0  1.09723
 -8.5   6.5  1.06974
 -8.5   7.0  1.04037
 -8.5   7.5  1.00920
 -8.5   8.0  0.97631
 -8.5   8.5  0.94179
 -8.5   9.0  0.90572
 -8.5   9.5  0.86818
 -8.5  10.0  0.82929
 -8.5  10.5  0.78914
 -8.5  11.0  0.74783
 -8.5  11.5  0.70547
 -8.5  12.0  0.66217
 -8.5  12.5  0.61805
 -8.5  13.0  0.57321
 -8.5  13.5  0.52778
 -8.5  14.0  0.48187
 -8.5  14.5  0.43560
 -8.5  15.0  0.38910
 -8.5  15.5  0.34247
 -8.5  16.0  0.29584
 -8.5  16.5  0.24933
 -8.5  17.0  0.20305
 -8.5  17.5  0.15712
 -8.5  18.0  0.11164
 -8.5  18.5  0.06673
 -8.5  19.0  0.02249
 -8.5  19.5 -0.02098
 -8.5  20.0 -0.06359
 -8.5  20.5 -0.10524
 -8.5  21.0 -0.14585
 -8.5  21.5 -0.18533
 -8.5  22.0 -0.22362
 -8.5  22.5 -0.26065
 -8.5  23.0 -0.29636
 -8.5  23.5 -0.33069
 -8.5  24.0 -0.36360
 -8.5  24.5 -0.39504
 -8.5  25.0 -0.42498
 -8.5  25.5 -0.45340
 -8.5  26.0 -0.48027
 -8.5  26.5 -0.50559
 -8.5  27.0 -0.52934
 -8.5  27.5 -0.55153
 -8.5  28.0 -0.57216
 -8.5  28.5 -0.59123
 -8.5  29.0 -0.60878
 -8.5  29.5 -0.62481
 -8.5  30.0 -0.63936
 -8.5  30.5 -0.65245
 -8.5  31.0 -0.66412
 -8.5  31.5 -0.67440
 -8.5  32.0 -0.68334
 -8.5  32.5 -0.69097
 -8.5  33.0 -0.69736
 -8.5  33.5 -0.70253
 -8.5  34.0 -0.70654
 -8.5  34.5 -0.70943
 -8.5  35.0 -0.71127
 -8.5  35.5 -0.71210
 -8.5  36.0 -0.71197
 -8.5  36.5 -0.71093
 -8.5  37.0 -0.70903
 -8.5  37.5 -0.70633
 -8.5  38.0 -0.70288
 -8.5  38.5 -0.69871
 -8.5  39.0 -0.69389
 -8.5  39.5 -0.68845
 -8.5  40.0 -0.68244
 -8.5  40.5 -0.67591
 -8.5  41.0 -0.66890
 -8.5  41.5 -0.66145
 -8.5  42.0 -0.65359
 -8.5  42.5 -0.64537
 -8.5  43.0 -0.63682
 -8.5  43.5 -0.62798
 -8.5  44.0 -0.61888
 -8.5  44.5 -0.60954
 -8.5  45.0 -0.60000
 -8.0 -45.0 -0.59562
 -8.0 -44.5 -0.60473
 -8.0 -44.0 -0.61362
 -8.0 -43.5 -0.62227
 -8.0 -43.0 -0.63064
 -8.0 -42.5 -0.63870
 -8.0 -42.0 -0.64641
 -8.0 -41.5 -0.65375
 -8.0 -41.0 -0.66067
 -8.0 -40.5 -0.66714
 -8.0 -40.0 -0.67312
 -8.0 -39.5 -0.67856
 -8.0 -39.0 -0.68343
 -8.0 -38.5 -0.68767
 -8.0 -38.0 -0.69126
 -8.0 -37.5 -0.69413
 -8.0 -37.0 -0.69625
 -8.0 -36.5 -0.69756
 -8.0 -36.0 -0.69803
 -8.0 -35.5 -0.69759
 -8.0 -35.0 -0.69621
 -8.0 -34.5 -0.69384
 -8.0 -34.0 -0.69042
 -8.0 -33.5 -0.68591
 -8.0 -33.0 -0.68026
 -8.0 -32.5 -0.67344
 -8.0 -32.0 -0.66538
 -8.0 -31.5 -0.65607
 -8.0 -31.0 -0.64545
 -8.0 -30.5 -0.63348
 -8.0 -30.0 -0.62014
 -8.0 -29.5 -0.60540
 -8.0 -29.0 -0.58923
 -8.0 -28.5 -0.57160
 -8.0 -28.0 -0.55249
 -8.0 -27.5 -0.53191
 -8.0 -27.0 -0.50982
 -8.0 -26.5 -0.48624
 -8.0 -26.0 -0.46117
 -8.0 -25.5 -0.43461
 -8.0 -25.0 -0.40658
 -8.0 -24.5 -0.37710
 -8.0 -24.0 -0.34620
 -8.0 -23.5 -0.31390
 -8.0 -23.0 -0.28026
 -8.0 -22.5 -0.24531
 -8.0 -22.0 -0.20911
 -8.0 -21.5 -0.17172
 -8.0 -21.0 -0.13320
 -8.0 -20.5 -0.09362
 -8.0 -20.0 -0.05306
 -8.0 -19.5 -0.01161
 -8.0 -19.0  0.03066
 -8.0 -18.5  0.07365
 -8.0 -18.0  0.11726
 -8.0 -17.5  0.16140
 -8.0 -17.0  0.20595
 -8.0 -16.5  0.25083
 -8.0 -16.0  0.29591
 -8.0 -15.5  0.34109
 -8.0 -15.0  0.38625
 -8.0 -14.5  0.43128
 -8.0 -14.0  0.47607
 -8.0 -13.5  0.52050
 -8.0 -13.0  0.56447
 -8.0 -12.5  0.60785
 -8.0 -12.0  0.65053
 -8.0 -11.5  0.69241
 -8.0 -11.0  0.73338
 -8.0 -10.5  0.77333
 -8.0 -10.0  0.81216
 -8.0  -9.5  0.84977
 -8.0  -9.0  0.88606
 -8.0  -8.5  0.92095
 -8.0  -8.0  0.95433
 -8.0  -7.5  0.98613
 -8.0  -7.0  1.01627
 -8.0  -6.5  1.04467
 -8.0  -6.0  1.07125
 -8.0  -5.5  1.09596
 -8.0  -5.0  1.11873
 -8.0  -4.5  1.13950
 -8.0  -4.0  1.15823
 -8.0  -3.5  1.17486
 -8.0  -3.0  1.18936
 -8.0  -2.5  1.20169
 -8.0  -2.0  1.21182
 -8.0  -1.5  1.21972
 -8.0  -1.0  1.22538
 -8.0  -0.5  1.22878
 -8.0   0.0  1.22992
 -8.0   0.5  1.22878
 -8.0   1.0  1.22538
 -8.0   1.5  1.21972
 -8.0   2.0  1.21182
 -8.0   2.5  1.20169
 -8.0   3.0  1.18936
 -8.0   3.5  1.17486
 -8.0   4.0  1.15823
 -8.0   4.5  1.13950
 -8.0   5.0  1.11873
 -8.0   5.5  1.09596
 -8.0   6.0  1.07125
 -8.0   6.5  1.04467
 -8.0   7.0  1.01627
 -8.0   7.5  0.98613
 -8.0   8.0  0.95433
 -8.0   8.5  0.92095
 -8.0   9.0  0.88606
 -8.0   9.5  0.84977
 -8.0  10.0  0.81216
 -8.0  10.5  0.77333
 -8.0  11.0  0.73338
 -8.0  11.5  0.69241
 -8.0  12.0  0.65053
 -8.0  12.5  0.60785
 -8.0  13.0  0.56447
 -8.0  13.5  0.52050
 -8.0  14.0  0.47607
 -8.0  14.5  0.43128
 -8.0  15.0  0.38625
 -8.0  15.5  0.34109
 -8.0  16.0  0.29591
 -8.0  16.5  0.25083
 -8.0  17.0  0.20595
 -8.0  17.5  0.16140
 -8.0  18.0  0.11726
 -8.0  18.5  0.07365
 -8.0  19.0  0.03066
 -8.0  19.5 -0.01161
 -8.0  20.0 -0.05306
 -8.0  20.5 -0.09362
 -8.0  21.0 -0.13320
 -8.0  21.5 -0.17172
 -8.0  22.0 -0.20911
 -8.0  22.5 -0.24531
 -8.0  23.0 -0.28026
 -8.0  23.5 -0.31390
 -8.0  24.0 -0.34620
 -8.0  24.5 -0.37710
 -8.0  25.0 -0.40658
 -8.0  25.5 -0.43461
 -8.0  26.0 -0.46117
 -8.0  26.5 -0.48624
 -8.0  27.0 -0.50982
 -8.0  27.5 -0.53191
 -8.0  28.0 -0.55249
 -8.0  28.5 -0.57160
 -8.0  29.0 -0.58923
 -8.0  29.5 -0.60540
 -8.0  30.0 -0.62014
 -8.0  30.5 -0.63348
 -8.0  31.0 -0.64545
 -8.0  31.5 -0.65607
 -8.0  32.0 -0.66538
 -8.0  32.5 -0.67344
 -8.0  33.0 -0.68026
 -8.0  33.5 -0.68591
 -8.0  34.0 -0.69042
 -8.0  34.5 -0.69384
 -8.0  35.0 -0.69621
 -8.0  35.5 -0.69759
 -8.0  36.0 -0.69803
 -8.0  36.5 -0.69756
 -8.0  37.0 -0.69625
 -8.0  37.5 -0.69413
 -8.0  38.0 -0.69126
 -8.0  38.5 -0.68767
 -8.0  39.0 -0.68343
 -8.0  39.5 -0.67856
 -8.0  40.0 -0.67312
 -8.0  40.5 -0.66714
 -8.0  41.0 -0.66067
 -8.0  41.5 -0.65375
 -8.0  42.0 -0.64641
 -8.0  42.5 -0.63870
 -8.0  43.0 -0.63064
 -8.0  43.5 -0.62227
 -8.0  44.0 -0.61362
 -8.0  44.5 -0.60473
 -8.0  45.0 -0.59562
 -7.5 -45.0 -0.59142
 -7.5 -44.5 -0.60014
 -7.5 -44.0 -0.60862
 -7.5 -43.5 -0.61684
 -7.5 -43.0 -0.62476
 -7.5 -42.5 -0.63237
 -7.5 -42.0 -0.63961
 -7.5 -41.5 -0.64647
 -7.5 -41.0 -0.65289
 -7.5 -40.5 -0.65886
 -7.5 -40.0 -0.66432
 -7.5 -39.5 -0.66924
 -7.5 -39.0 -0.67358
 -7.5 -38.5 -0.67730
 -7.5 -38.0 -0.68035
 -7.5 -37.5 -0.68268
 -7.5 -37.0 -0.68427
 -7.5 -36.5 -0.68505
 -7.5 -36.0 -0.68499
 -7.5 -35.5 -0.68404
 -7.5 -35.0 -0.68215
 -7.5 -34.5 -0.67928
 -7.5 -34.0 -0.67539
 -7.5 -33.5 -0.67043
 -7.5 -33.0 -0.66435
 -7.5 -32.5 -0.65712
 -7.5 -32.0 -0.64870
 -7.5 -31.5 -0.63904
 -7.5 -31.0 -0.62812
 -7.5 -30.5 -0.61589
 -7.5 -30.0 -0.60234
 -7.5 -29.5 -0.58742
 -7.5 -29.0 -0.57113
 -7.5 -28.5 -0.55343
 -7.5 -28.0 -0.53432
 -7.5 -27.5 -0.51378
 -7.5 -27.0 -0.49180
 -7.5 -26.5 -0.46839
 -7.5 -26.0 -0.44355
 -7.5 -25.5 -0.41730
 -7.5 -25.0 -0.38963
 -7.5 -24.5 -0.36059
 -7.5 -24.0 -0.33019
 -7.5 -23.5 -0.29846
 -7.5 -23.0 -0.26546
 -7.5 -22.5 -0.23121
 -7.5 -22.0 -0.19579
 -7.5 -21.5 -0.15923
 -7.5 -21.0 -0.12160
 -7.5 -20.5 -0.08298
 -7.5 -20.0 -0.04343
 -7.5 -19.5 -0.00304
 -7.5 -19.0  0.03811
 -7.5 -18.5  0.07994
 -7.5 -18.0  0.12236
 -7.5 -17.5  0.16526
 -7.5 -17.0  0.20854
 -7.5 -16.5  0.25212
 -7.5 -16.0  0.29588
 -7.5 -15.5  0.33972
 -7.5 -15.0  0.38353
 -7.5 -14.5  0.42720
 -7.5 -14.0  0.47063
 -7.5 -13.5  0.51370
 -7.5 -13.0  0.55631
 -7.5 -12.5  0.59834
 -7.5 -12.0  0.63970
 -7.5 -11.5  0.68027
 -7.5 -11.0  0.71995
 -7.5 -10.5  0.75865
 -7.5 -10.0  0.79625
 -7.5  -9.5  0.83268
 -7.5  -9.0  0.86782
 -7.5  -8.5  0.90160
 -7.5  -8.0  0.93393
 -7.5  -7.5  0.96473
 -7.5  -7.0  0.99391
 -7.5  -6.5  1.02141
 -7.5  -6.0  1.04715
 -7.5  -5.5  1.07108
 -7.5  -5.0  1.09313
 -7.5  -4.5  1.11325
 -7.5  -4.0  1.13138
 -7.5  -3.5  1.14749
 -7.5  -3.0  1.16153
 -7.5  -2.5  1.17347
 -7.5  -2.0  1.18328
 -7.5  -1.5  1.19094
 -7.5  -1.0  1.19642
 -7.5  -0.5  1.19971
 -7.5   0.0  1.20081
 -7.5   0.5  1.19971
 -7.5   1.0  1.19642
 -7.5   1.5  1.19094
 -7.5   2.0  1.18328
 -7.5   2.5  1.17347
 -7.5   3.0  1.16153
 -7.5   3.5  1.14749
 -7.5   4.0  1.13138
 -7.5   4.5  1.11325
 -7.5   5.0  1.09313
 -7.5   5.5  1.07108
 -7.5   6.0  1.04715
 -7.5   6.5  1.02141
 -7.5   7.0  0.99391
 -7.5   7.5  0.96473
 -7.5   8.0  0.93393
 -7.5   8.5  0.90160
 -7.5   9.0  0.86782
 -7.5   9.5  0.83268
 -7.5  10.0  0.79625
 -7.5  10.5  0.75865
 -7.5  11.0  0.71995
 -7.5  11.5  0.68027
 -7.5  12.0  0.63970
 -7.5  12.5  0.59834
 -7.5  13.0  0.55631
 -7.5  13.5  0.51370
 -7.5  14.0  0.47063
 -7.5  14.5  0.42720
 -7.5  15.0  0.38353
 -7.5  15.5  0.33972
 -7.5  16.0  0.29588
 -7.5  16.5  0.25212
 -7.5  17.0  0.20854
 -7.5  17.5  0.16526
 -7.5  18.0  0.12236
 -7.5  18.5  0.07994
 -7.5  19.0  0.03811
 -7.5  19.5 -0.00304
 -7.5  20.0 -0.04343
 -7.5  20.5 -0.08298
 -7.5  21.0 -0.12160
 -7.5  21.5 -0.15923
 -7.5  22.0 -0.19579
 -7.5  22.5 -0.23121
 -7.5  23.0 -0.26546
 -7.5  23.5 -0.29846
 -7.5  24.0 -0.33019
 -7.5  24.5 -0.36059
 -7.5  25.0 -0.38963
 -7.5  25.5 -0.41730
 -7.5  26.0 -0.44355
 -7.5  26.5 -0.46839
 -7.5  27.0 -0.49180
 -7.5  27.5 -0.51378
 -7.5  28.0 -0.53432
 -7.5  28.5 -0.55343
 -7.5  29.0 -0.57113
 -7.5  29.5 -0.58742
 -7.5  30.0 -0.60234
 -7.5  30.5 -0.61589
 -7.5  31.0 -0.62812
 -7.5  31.5 -0.63904
 -7.5  32.0 -0.64870
 -7.5  32.5 -0.65712
 -7.5  33.0 -0.66435
 -7.5  33.5 -0.67043
 -7.5  34.0 -0.67539
 -7.5  34.5 -0.67928
 -7.5  35.0 -0.68215
 -7.5  35.5 -0.68404
 -7.5  36.0 -0.68499
 -7.5  36.5 -0.68505
 -7.5  37.0 -0.68427
 -7.5  37.5 -0.68268
 -7.5  38.0 -0.68035
 -7.5  38.5 -0.67730
 -7.5  39.0 -0.67358
 -7.5  39.5 -0.66924
 -7.5  40.0 -0.66432
 -7.5  40.5 -0.65886
 -7.5  41.0 -0.65289
 -7.5  41.5 -0.64647
 -7.5  42.0 -0.63961
 -7.5  42.5 -0.63237
 -7.5  43.0 -0.62476
 -7.5  43.5 -0.61684
 -7.5  44.0 -0.60862
 -7.5  44.5 -0.60014
 -7.5  45.0 -0.59142
 -7.0 -45.0 -0.58744
 -7.0 -44.5 -0.59578
 -7.0 -44.0 -0.60388
 -7.0 -43.5 -0.61170
 -7.0 -43.0 -0.61921
 -7.0 -42.5 -0.62639
 -7.0 -42.0 -0.63320
 -7.0 -41.5 -0.63961
 -7.0 -41.0 -0.64558
 -7.0 -40.5 -0.65108
 -7.0 -40.0 -0.65607
 -7.0 -39.5 -0.66051
 -7.0 -39.0 -0.66436
 -7.0 -38.5 -0.66759
 -7.0 -38.0 -0.67014
 -7.0 -37.5 -0.67199
 -7.0 -37.0 -0.67308
 -7.0 -36.5 -0.67338
 -7.0 -36.0 -0.67284
 -7.0 -35.5 -0.67142
 -7.0 -35.0 -0.66907
 -7.0 -34.5 -0.66575
 -7.0 -34.0 -0.66143
 -7.0 -33.5 -0.65606
 -7.0 -33.0 -0.64959
 -7.0 -32.5 -0.64200
 -7.0 -32.0 -0.63324
 -7.0 -31.5 -0.62328
 -7.0 -31.0 -0.61209
 -7.0 -30.5 -0.59964
 -7.0 -30.0 -0.58589
 -7.0 -29.5 -0.57083
 -7.0 -29.0 -0.55443
 -7.0 -28.5 -0.53668
 -7.0 -28.0 -0.51757
 -7.0 -27.5 -0.49708
 -7.0 -27.0 -0.47522
 -7.0 -26.5 -0.45197
 -7.0 -26.0 -0.42736
 -7.0 -25.5 -0.40139
 -7.0 -25.0 -0.37407
 -7.0 -24.5 -0.34543
 -7.0 -24.0 -0.31550
 -7.0 -23.5 -0.28431
 -7.0 -23.0 -0.25190
 -7.0 -22.5 -0.21831
 -7.0 -22.0 -0.18359
 -7.0 -21.5 -0.14781
 -7.0 -21.0 -0.11101
 -7.0 -20.5 -0.07327
 -7.0 -20.0 -0.03465
 -7.0 -19.5  0.00476
 -7.0 -19.0  0.04489
 -7.0 -18.5  0.08565
 -7.0 -18.0  0.12696
 -7.0 -17.5  0.16873
 -7.0 -17.0  0.21085
 -7.0 -16.5  0.25323
 -7.0 -16.0  0.29578
 -7.0 -15.5  0.33838
 -7.0 -15.0  0.38095
 -7.0 -14.5  0.42337
 -7.0 -14.0  0.46554
 -7.0 -13.5  0.50736
 -7.0 -13.0  0.54872
 -7.0 -12.5  0.58951
 -7.0 -12.0  0.62964
 -7.0 -11.5  0.66901
 -7.0 -11.0  0.70751
 -7.0 -10.5  0.74505
 -7.0 -10.0  0.78153
 -7.0  -9.5  0.81686
 -7.0  -9.0  0.85095
 -7.0  -8.5  0.88371
 -7.0  -8.0  0.91506
 -7.0  -7.5  0.94493
 -7.0  -7.0  0.97324
 -7.0  -6.5  0.99990
 -7.0  -6.0  1.02487
 -7.0  -5.5  1.04808
 -7.0  -5.0  1.06947
 -7.0  -4.5  1.08898
 -7.0  -4.0  1.10657
 -7.0  -3.5  1.12219
 -7.0  -3.0  1.13581
 -7.0  -2.5  1.14739
 -7.0  -2.0  1.15690
 -7.0  -1.5  1.16432
 -7.0  -1.0  1.16964
 -7.0  -0.5  1.17284
 -7.0   0.0  1.17390
 -7.0   0.5  1.17284
 -7.0   1.0  1.16964
 -7.0   1.5  1.16432
 -7.0   2.0  1.15690
 -7.0   2.5  1.14739
 -7.0   3.0  1.13581
 -7.0   3.5  1.12219
 -7.0   4.0  1.10657
 -7.0   4.5  1.08898
 -7.0   5.0  1.06947
 -7.0   5.5  1.04808
 -7.0   6.0  1.02487
 -7.0   6.5  0.99990
 -7.0   7.0  0.97324
 -7.0   7.5  0.94493
 -7.0   8.0  0.91506
 -7.0   8.5  0.88371
 -7.0   9.0  0.85095
 -7.0   9.5  0.81686
 -7.0  10.0  0.78153
 -7.0  10.5  0.74505
 -7.0  11.0  0.70751
 -7.0  11.5  0.66901
 -7.0  12.0  0.62964
 -7.0  12.5  0.58951
 -7.0  13.0  0.54872
 -7.0  13.5  0.50736
 -7.0  14.0  0.46554
 -7.0  14.5  0.42337
 -7.0  15.0  0.38095
 -7.0  15.5  0.33838
 -7.0  16.0  0.29578
 -7.0  16.5  0.25323
 -7.0  17.0  0.21085
 -7.0  17.5  0.16873
 -7.0  18.0  0.12696
 -7.0  18.5  0.08565
 -7.0  19.0  0.04489
 -7.0  19.5  0.00476
 -7.0  20.0 -0.03465
 -7.0  20.5 -0.07327
 -7.0  21.0 -0.11101
 -7.0  21.5 -0.14781
 -7.0  22.0 -0.18359
 -7.0  22.5 -0.21831
 -7.0  23.0 -0.25190
 -7.0  23.5 -0.28431
 -7.0  24.0 -0.31550
 -7.0  24.5 -0.34543
 -7.0  25.0 -0.37407
 -7.0  25.5 -0.40139
 -7.0  26.0 -0.42736
 -7.0  26.5 -0.45197
 -7.0  27.0 -0.47522
 -7.0  27.5 -0.49708
 -7.0  28.0 -0.51757
 -7.0  28.5 -0.53668
 -7.0  29.0 -0.55443
 -7.0  29.5 -0.57083
 -7.0  30.0 -0.58589
 -7.0  30.5 -0.59964
 -7.0  31.0 -0.61209
 -7.0  31.5 -0.62328
 -7.0  32.0 -0.63324
 -7.0  32.5 -0.64200
 -7.0  33.0 -0.64959
 -7.0  33.5 -0.65606
 -7.0  34.0 -0.66143
 -7.0  34.5 -0.66575
 -7.0  35.0 -0.66907
 -7.0  35.5 -0.67142
 -7.0  36.0 -0.67284
 -7.0  36.5 -0.67338
 -7.0  37.0 -0.67308
 -7.0  37.5 -0.67199
 -7.0  38.0 -0.67014
 -7.0  38.5 -0.66759
 -7.0  39.0 -0.66436
 -7.0  39.5 -0.66051
 -7.0  40.0 -0.65607
 -7.0  40.5 -0.65108
 -7.0  41.0 -0.64558
 -7.0  41.5 -0.63961
 -7.0  42.0 -0.63320
 -7.0  42.5 -0.62639
 -7.0  43.0 -0.61921
 -7.0  43.5 -0.61170
 -7.0  44.0 -0.60388
 -7.0  44.5 -0.59578
 -7.0  45.0 -0.58744
 -6.5 -45.0 -0.58367
 -6.5 -44.5 -0.59167
 -6.5 -44.0 -0.59941
 -6.5 -43.5 -0.60686
 -6.5 -43.0 -0.61399
 -6.5 -42.5 -0.62078
 -6.5 -42.0 -0.62719
 -6.5 -41.5 -0.63319
 -6.5 -41.0 -0.63874
 -6.5 -40.5 -0.64381
 -6.5 -40.0 -0.64836
 -6.5 -39.5 -0.65236
 -6.5 -39.0 -0.65577
 -6.5 -38.5 -0.65855
 -6.5 -38.0 -0.66065
 -6.5 -37.5 -0.66205
 -6.5 -37.0 -0.66270
 -6.5 -36.5 -0.66255
 -6.5 -36.0 -0.66157
 -6.5 -35.5 -0.65972
 -6.5 -35.0 -0.65695
 -6.5 -34.5 -0.65323
 -6.5 -34.0 -0.64852
 -6.5 -33.5 -0.64278
 -6.5 -33.0 -0.63596
 -6.5 -32.5 -0.62805
 -6.5 -32.0 -0.61899
 -6.5 -31.5 -0.60876
 -6.5 -31.0 -0.59733
 -6.5 -30.5 -0.58467
 -6.5 -30.0 -0.57076
 -6.5 -29.5 -0.55557
 -6.5 -29.0 -0.53909
 -6.5 -28.5 -0.52130
 -6.5 -28.0 -0.50220
 -6.5 -27.5 -0.48176
 -6.5 -27.0 -0.46001
 -6.5 -26.5 -0.43692
 -6.5 -26.0 -0.41252
 -6.5 -25.5 -0.38682
 -6.5 -25.0 -0.35983
 -6.5 -24.5 -0.33157
 -6.5 -24.0 -0.30208
 -6.5 -23.5 -0.27138
 -6.5 -23.0 -0.23952
 -6.5 -22.5 -0.20653
 -6.5 -22.0 -0.17247
 -6.5 -21.5 -0.13740
 -6.5 -21.0 -0.10136
 -6.5 -20.5 -0.06443
 -6.5 -20.0 -0.02667
 -6.5 -19.5  0.01185
 -6.5 -19.0  0.05104
 -6.5 -18.5  0.09082
 -6.5 -18.0  0.13112
 -6.5 -17.5  0.17184
 -6.5 -17.0  0.21289
 -6.5 -16.5  0.25418
 -6.5 -16.0  0.29561
 -6.5 -15.5  0.33709
 -6.5 -15.0  0.37851
 -6.5 -14.5  0.41979
 -6.5 -14.0  0.46081
 -6.5 -13.5  0.50147
 -6.5 -13.0  0.54169
 -6.5 -12.5  0.58135
 -6.5 -12.0  0.62036
 -6.5 -11.5  0.65862
 -6.5 -11.0  0.69603
 -6.5 -10.5  0.73251
 -6.5 -10.0  0.76795
 -6.5  -9.5  0.80228
 -6.5  -9.0  0.83540
 -6.5  -8.5  0.86723
 -6.5  -8.0  0.89769
 -6.5  -7.5  0.92670
 -6.5  -7.0  0.95420
 -6.5  -6.5  0.98010
 -6.5  -6.0  1.00436
 -6.5  -5.5  1.02690
 -6.5  -5.0  1.04767
 -6.5  -4.5  1.06663
 -6.5  -4.0  1.08371
 -6.5  -3.5  1.09889
 -6.5  -3.0  1.11212
 -6.5  -2.5  1.12337
 -6.5  -2.0  1.13261
 -6.5  -1.5  1.13982
 -6.5  -1.0  1.14499
 -6.5  -0.5  1.14809
 -6.5   0.0  1.14913
 -6.5   0.5  1.14809
 -6.5   1.0  1.14499
 -6.5   1.5  1.13982
 -6.5   2.0  1.13261
 -6.5   2.5  1.12337
 -6.5   3.0  1.11212
 -6.5   3.5  1.09889
 -6.5   4.0  1.08371
 -6.5   4.5  1.06663
 -6.5   5.0  1.04767
 -6.5   5.5  1.02690
 -6.5   6.0  1.00436
 -6.5   6.5  0.98010
 -6.5   7.0  0.95420
 -6.5   7.5  0.92670
 -6.5   8.0  0.89769
 -6.5   8.5  0.86723
 -6.5   9.0  0.83540
 -6.5   9.5  0.80228
 -6.5  10.0  0.76795
 -6.5  10.5  0.73251
 -6.5  11.0  0.69603
 -6.5  11.5  0.65862
 -6.5  12.0  0.62036
 -6.5  12.5  0.58135
 -6.5  13.0  0.54169
 -6.5  13.5  0.50147
 -6.5  14.0  0.46081
 -6.5  14.5  0.41979
 -6.5  15.0  0.37851
 -6.5  15.5  0.33709
 -6.5  16.0  0.29561
 -6.5  16.5  0.25418
 -6.5  17.0  0.21289
 -6.5  17.5  0.17184
 -6.5  18.0  0.13112
 -6.5  18.5  0.09082
 -6.5  19.0  0.05104
 -6.5  19.5  0.01185
 -6.5  20.0 -0.02667
 -6.5  20.5 -0.06443
 -6.5  21.0 -0.10136
 -6.5  21.5 -0.13740
 -6.5  22.0 -0.17247
 -6.5  22.5 -0.20653
 -6.5  23.0 -0.23952
 -6.5  23.5 -0.27138
 -6.5  24.0 -0.30208
 -6.5  24.5 -0.33157
 -6.5  25.0 -0.35983
 -6.5  25.5 -0.38682
 -6.5  26.0 -0.41252
 -6.5  26.5 -0.43692
 -6.5  27.0 -0.46001
 -6.5  27.5 -0.48176
 -6.5  28.0 -0.50220
 -6.5  28.5 -0.52130
 -6.5  29.0 -0.53909
 -6.5  29.5 -0.55557
 -6.5  30.0 -0.57076
 -6.5  30.5 -0.58467
 -6.5  31.0 -0.59733
 -6.5  31.5 -0.60876
 -6.5  32.0 -0.61899
 -6.5  32.5 -0.62805
 -6.5  33.0 -0.63596
 -6.5  33.5 -0.64278
 -6.5  34.0 -0.64852
 -6.5  34.5 -0.65323
 -6.5  35.0 -0.65695
 -6.5  35.5 -0.65972
 -6.5  36.0 -0.66157
 -6.5  36.5 -0.66255
 -6.5  37.0 -0.66270
 -6.5  37.5 -0.66205
 -6.5  38.0 -0.66065
 -6.5  38.5 -0.65855
 -6.5  39.0 -0.65577
 -6.5  39.5 -0.65236
 -6.5  40.0 -0.64836
 -6.5  40.5 -0.64381
 -6.5  41.0 -0.63874
 -6.5  41.5 -0.63319
 -6.5  42.0 -0.62719
 -6.5  42.5 -0.62078
 -6.5  43.0 -0.61399
 -6.5  43.5 -0.60686
 -6.5  44.0 -0.59941
 -6.5  44.5 -0.59167
 -6.5  45.0 -0.58367
 -6.0 -45.0 -0.58014
 -6.0 -44.5 -0.58782
 -6.0 -44.0 -0.59523
 -6.0 -43.5 -0.60234
 -6.0 -43.0 -0.60913
 -6.0 -42.5 -0.61555
 -6.0 -42.0 -0.62159
 -6.0 -41.5 -0.62721
 -6.0 -41.0 -0.63238
 -6.0 -40.5 -0.63706
 -6.0 -40.0 -0.64121
 -6.0 -39.5 -0.64481
 -6.0 -39.0 -0.64781
 -6.0 -38.5 -0.65018
 -6.0 -38.0 -0.65187
 -6.0 -37.5 -0.65286
 -6.0 -37.0 -0.65310
 -6.0 -36.5 -0.65255
 -6.0 -36.0 -0.65118
 -6.0 -35.5 -0.64894
 -6.0 -35.0 -0.64579
 -6.0 -34.5 -0.64171
 -6.0 -34.0 -0.63665
 -6.0 -33.5 -0.63057
 -6.0 -33.0 -0.62344
 -6.0 -32.5 -0.61523
 -6.0 -32.0 -0.60591
 -6.0 -31.5 -0.59544
 -6.0 -31.0 -0.58380
 -6.0 -30.5 -0.57096
 -6.0 -30.0 -0.55690
 -6.0 -29.5 -0.54161
 -6.0 -29.0 -0.52506
 -6.0 -28.5 -0.50724
 -6.0 -28.0 -0.48815
 -6.0 -27.5 -0.46778
 -6.0 -27.0 -0.44612
 -6.0 -26.5 -0.42319
 -6.0 -26.0 -0.39899
 -6.0 -25.5 -0.37354
 -6.0 -25.0 -0.34685
 -6.0 -24.5 -0.31895
 -6.0 -24.0 -0.28986
 -6.0 -23.5 -0.25961
 -6.0 -23.0 -0.22826
 -6.0 -22.5 -0.19583
 -6.0 -22.0 -0.16237
 -6.0 -21.5 -0.12795
 -6.0 -21.0 -0.09261
 -6.0 -20.5 -0.05641
 -6.0 -20.0 -0.01944
 -6.0 -19.5  0.01825
 -6.0 -19.0  0.05658
 -6.0 -18.5  0.09547
 -6.0 -18.0  0.13485
 -6.0 -17.5  0.17461
 -6.0 -17.0  0.21469
 -6.0 -16.5  0.25498
 -6.0 -16.0  0.29539
 -6.0 -15.5  0.33584
 -6.0 -15.0  0.37623
 -6.0 -14.5  0.41646
 -6.0 -14.0  0.45643
 -6.0 -13.5  0.49604
 -6.0 -13.0  0.53521
 -6.0 -12.5  0.57384
 -6.0 -12.0  0.61182
 -6.0 -11.5  0.64907
 -6.0 -11.0  0.68550
 -6.0 -10.5  0.72100
 -6.0 -10.0  0.75550
 -6.0  -9.5  0.78891
 -6.0  -9.0  0.82114
 -6.0  -8.5  0.85212
 -6.0  -8.0  0.88176
 -6.0  -7.5  0.90999
 -6.0  -7.0  0.93674
 -6.0  -6.5  0.96195
 -6.0  -6.0  0.98555
 -6.0  -5.5  1.00749
 -6.0  -5.0  1.02770
 -6.0  -4.5  1.04615
 -6.0  -4.0  1.06277
 -6.0  -3.5  1.07754
 -6.0  -3.0  1.09041
 -6.0  -2.5  1.10136
 -6.0  -2.0  1.11035
 -6.0  -1.5  1.11737
 -6.0  -1.0  1.12239
 -6.0  -0.5  1.12541
 -6.0   0.0  1.12642
 -6.0   0.5  1.12541
 -6.0   1.0  1.12239
 -6.0   1.5  1.11737
 -6.0   2.0  1.11035
 -6.0   2.5  1.10136
 -6.0   3.0  1.09041
 -6.0   3.5  1.07754
 -6.0   4.0  1.06277
 -6.0   4.5  1.04615
 -6.0   5.0  1.02770
 -6.0   5.5  1.00749
 -6.0   6.0  0.98555
 -6.0   6.5  0.96195
 -6.0   7.0  0.93674
 -6.0   7.5  0.90999
 -6.0   8.0  0.88176
 -6.0   8.5  0.85212
 -6.0   9.0  0.82114
 -6.0   9.5  0.78891
 -6.0  10.0  0.75550
 -6.0  10.5  0.72100
 -6.0  11.0  0.68550
 -6.0  11.5  0.64907
 -6.0  12.0  0.61182
 -6.0  12.5  0.57384
 -6.0  13.0  0.53521
 -6.0  13.5  0.49604
 -6.0  14.0  0.45643
 -6.0  14.5  0.41646
 -6.0  15.0  0.37623
 -6.0  15.5  0.33584
 -6.0  16.0  0.29539
 -6.0  16.5  0.25498
 -6.0  17.0  0.21469
 -6.0  17.5  0.17461
 -6.0  18.0  0.13485
 -6.0  18.5  0.09547
 -6.0  19.0  0.05658
 -6.0  19.5  0.01825
 -6.0  20.0 -0.01944
 -6.0  20.5 -0.05641
 -6.0  21.0 -0.09261
 -6.0  21.5 -0.12795
 -6.0  22.0 -0.16237
 -6.0  22.5 -0.19583
 -6.0  23.0 -0.22826
 -6.0  23.5 -0.25961
 -6.0  24.0 -0.28986
 -6.0  24.5 -0.31895
 -6.0  25.0 -0.34685
 -6.0  25.5 -0.37354
 -6.0  26.0 -0.39899
 -6.0  26.5 -0.42319
 -6.0  27.0 -0.44612
 -6.0  27.5 -0.46778
 -6.0  28.0 -0.48815
 -6.0  28.5 -0.50724
 -6.0  29.0 -0.52506
 -6.0  29.5 -0.54161
 -6.0  30.0 -0.55690
 -6.0  30.5 -0.57096
 -6.0  31.0 -0.58380
 -6.0  31.5 -0.59544
 -6.0  32.0 -0.60591
 -6.0  32.5 -0.61523
 -6.0  33.0 -0.62344
 -6.0  33.5 -0.63057
 -6.0  34.0 -0.63665
 -6.0  34.5 -0.64171
 -6.0  35.0 -0.64579
 -6.0  35.5 -0.64894
 -6.0  36.0 -0.65118
 -6.0  36.5 -0.65255
 -6.0  37.0 -0.65310
 -6.0  37.5 -0.65286
 -6.0  38.0 -0.65187
 -6.0  38.5 -0.65018
 -6.0  39.0 -0.64781
 -6.0  39.5 -0.64481
 -6.0  40.0 -0.64121
 -6.0  40.5 -0.63706
 -6.0  41.0 -0.63238
 -6.0  41.5 -0.62721
 -6.0  42.0 -0.62159
 -6.0  42.5 -0.61555
 -6.0  43.0 -0.60913
 -6.0  43.5 -0.60234
 -6.0  44.0 -0.59523
 -6.0  44.5 -0.58782
 -6.0  45.0 -0.58014
 -5.5 -45.0 -0.57685
 -5.5 -44.5 -0.58424
 -5.5 -44.0 -0.59135
 -5.5 -43.5 -0.59815
 -5.5 -43.0 -0.60461
 -5.5 -42.5 -0.61071
 -5.5 -42.0 -0.61642
 -5.5 -41.5 -0.62169
 -5.5 -41.0 -0.62650
 -5.5 -40.5 -0.63083
 -5.5 -40.0 -0.63462
 -5.5 -39.5 -0.63785
 -5.5 -39.0 -0.64048
 -5.5 -38.5 -0.64248
 -5.5 -38.0 -0.64380
 -5.5 -37.5 -0.64442
 -5.5 -37.0 -0.64429
 -5.5 -36.5 -0.64338
 -5.5 -36.0 -0.64165
 -5.5 -35.5 -0.63906
 -5.5 -35.0 -0.63557
 -5.5 -34.5 -0.63116
 -5.5 -34.0 -0.62578
 -5.5 -33.5 -0.61941
 -5.5 -33.0 -0.61200
 -5.5 -32.5 -0.60353
 -5.5 -32.0 -0.59397
 -5.5 -31.5 -0.58329
 -5.5 -31.0 -0.57146
 -5.5 -30.5 -0.55847
 -5.5 -30.0 -0.54428
 -5.5 -29.5 -0.52890
 -5.5 -29.0 -0.51229
 -5.5 -28.5 -0.49445
 -5.5 -28.0 -0.47538
 -5.5 -27.5 -0.45507
 -5.5 -27.0 -0.43352
 -5.5 -26.5 -0.41073
 -5.5 -26.0 -0.38672
 -5.5 -25.5 -0.36150
 -5.5 -25.0 -0.33509
 -5.5 -24.5 -0.30751
 -5.5 -24.0 -0.27879
 -5.5 -23.5 -0.24897
 -5.5 -23.0 -0.21807
 -5.5 -22.5 -0.18615
 -5.5 -22.0 -0.15324
 -5.5 -21.5 -0.11941
 -5.5 -21.0 -0.08470
 -5.5 -20.5 -0.04919
 -5.5 -20.0 -0.01292
 -5.5 -19.5  0.02402
 -5.5 -19.0  0.06157
 -5.5 -18.5  0.09965
 -5.5 -18.0  0.13818
 -5.5 -17.5  0.17708
 -5.5 -17.0  0.21627
 -5.5 -16.5  0.25565
 -5.5 -16.0  0.29515
 -5.5 -15.5  0.33466
 -5.5 -15.0  0.37410
 -5.5 -14.5  0.41338
 -5.5 -14.0  0.45240
 -5.5 -13.5  0.49106
 -5.5 -13.0  0.52929
 -5.5 -12.5  0.56697
 -5.5 -12.0  0.60402
 -5.5 -11.5  0.64036
 -5.5 -11.0  0.67588
 -5.5 -10.5  0.71050
 -5.5 -10.0  0.74414
 -5.5  -9.5  0.77671
 -5.5  -9.0  0.80814
 -5.5  -8.5  0.83834
 -5.5  -8.0  0.86723
 -5.5  -7.5  0.89476
 -5.5  -7.0  0.92084
 -5.5  -6.5  0.94541
 -5.5  -6.0  0.96842
 -5.5  -5.5  0.98980
 -5.5  -5.0  1.00951
 -5.5  -4.5  1.02748
 -5.5  -4.0  1.04369
 -5.5  -3.5  1.05808
 -5.5  -3.0  1.07063
 -5.5  -2.5  1.08130
 -5.5  -2.0  1.09007
 -5.5  -1.5  1.09691
 -5.5  -1.0  1.10181
 -5.5  -0.5  1.10475
 -5.5   0.0  1.10573
 -5.5   0.5  1.10475
 -5.5   1.0  1.10181
 -5.5   1.5  1.09691
 -5.5   2.0  1.09007
 -5.5   2.5  1.08130
 -5.5   3.0  1.07063
 -5.5   3.5  1.05808
 -5.5   4.0  1.04369
 -5.5   4.5  1.02748
 -5.5   5.0  1.00951
 -5.5   5.5  0.98980
 -5.5   6.0  0.96842
 -5.5   6.5  0.94541
 -5.5   7.0  0.92084
 -5.5   7.5  0.89476
 -5.5   8.0  0.86723
 -5.5   8.5  0.83834
 -5.5   9.0  0.80814
 -5.5   9.5  0.77671
 -5.5  10.0  0.74414
 -5.5  10.5  0.71050
 -5.5  11.0  0.67588
 -5.5  11.5  0.64036
 -5.5  12.0  0.60402
 -5.5  12.5  0.56697
 -5.5  13.0  0.52929
 -5.5  13.5  0.49106
 -5.5  14.0  0.45240
 -5.5  14.5  0.41338
 -5.5  15.0  0.37410
 -5.5  15.5  0.33466
 -5.5  16.0  0.29515
 -5.5  16.5  0.25565
 -5.5  17.0  0.21627
 -5.5  17.5  0.17708
 -5.5  18.0  0.13818
 -5.5  18.5  0.09965
 -5.5  19.0  0.06157
 -5.5  19.5  0.02402
 -5.5  20.0 -0.01292
 -5.5  20.5 -0.04919
 -5.5  21.0 -0.08470
 -5.5  21.5 -0.11941
 -5.5  22.0 -0.15324
 -5.5  22.5 -0.18615
 -5.5  23.0 -0.21807
 -5.5  23.5 -0.24897
 -5.5  24.0 -0.27879
 -5.5  24.5 -0.30751
 -5.5  25.0 -0.33509
 -5.5  25.5 -0.36150
 -5.5  26.0 -0.38672
 -5.5  26.5 -0.41073
 -5.5  27.0 -0.43352
 -5.5  27.5 -0.45507
 -5.5  28.0 -0.47538
 -5.5  28.5 -0.49445
 -5.5  29.0 -0.51229
 -5.5  29.5 -0.52890
 -5.5  30.0 -0.54428
 -5.5  30.5 -0.55847
 -5.5  31.0 -0.57146
 -5.5  31.5 -0.58329
 -5.5  32.0 -0.59397
 -5.5  32.5 -0.60353
 -5.5  33.0 -0.61200
 -5.5  33.5 -0.61941
 -5.5  34.0 -0.62578
 -5.5  34.5 -0.63116
 -5.5  35.0 -0.63557
 -5.5  35.5 -0.63906
 -5.5  36.0 -0.64165
 -5.5  36.5 -0.64338
 -5.5  37.0 -0.64429
 -5.5  37.5 -0.64442
 -5.5  38.0 -0.64380
 -5.5  38.5 -0.64248
 -5.5  39.0 -0.64048
 -5.5  39.5 -0.63785
 -5.5  40.0 -0.63462
 -5.5  40.5 -0.63083
 -5.5  41.0 -0.62650
 -5.5  41.5 -0.62169
 -5.5  42.0 -0.61642
 -5.5  42.5 -0.61071
 -5.5  43.0 -0.60461
 -5.5  43.5 -0.59815
 -5.5  44.0 -0.59135
 -5.5  44.5 -0.58424
 -5.5  45.0 -0.57685
 -5.0 -45.0 -0.57381
 -5.0 -44.5 -0.58094
 -5.0 -44.0 -0.58777
 -5.0 -43.5 -0.59429
 -5.0 -43.0 -0.60047
 -5.0 -42.5 -0.60627
 -5.0 -42.0 -0.61167
 -5.0 -41.5 -0.61663
 -5.0 -41.0 -0.62112
 -5.0 -40.5 -0.62512
 -5.0 -40.0 -0.62859
 -5.0 -39.5 -0.63149
 -5.0 -39.0 -0.63379
 -5.0 -38.5 -0.63545
 -5.0 -38.0 -0.63644
 -5.0 -37.5 -0.63672
 -5.0 -37.0 -0.63626
 -5.0 -36.5 -0.63503
 -5.0 -36.0 -0.63297
 -5.0 -35.5 -0.63007
 -5.0 -35.0 -0.62628
 -5.0 -34.5 -0.62158
 -5.0 -34.0 -0.61592
 -5.0 -33.5 -0.60928
 -5.0 -33.0 -0.60162
 -5.0 -32.5 -0.59292
 -5.0 -32.0 -0.58315
 -5.0 -31.5 -0.57228
 -5.0 -31.0 -0.56029
 -5.0 -30.5 -0.54716
 -5.0 -30.0 -0.53287
 -5.0 -29.5 -0.51741
 -5.0 -29.0 -0.50075
 -5.0 -28.5 -0.48290
 -5.0 -28.0 -0.46385
 -5.0 -27.5 -0.44360
 -5.0 -27.0 -0.42214
 -5.0 -26.5 -0.39949
 -5.0 -26.0 -0.37566
 -5.0 -25.5 -0.35065
 -5.0 -25.0 -0.32450
 -5.0 -24.5 -0.29722
 -5.0 -24.0 -0.26884
 -5.0 -23.5 -0.23939
 -5.0 -23.0 -0.20891
 -5.0 -22.5 -0.17745
 -5.0 -22.0 -0.14504
 -5.0 -21.5 -0.11175
 -5.0 -21.0 -0.07762
 -5.0 -20.5 -0.04271
 -5.0 -20.0 -0.00709
 -5.0 -19.5  0.02918
 -5.0 -19.0  0.06602
 -5.0 -18.5  0.10337
 -5.0 -18.0  0.14114
 -5.0 -17.5  0.17927
 -5.0 -17.0  0.21765
 -5.0 -16.5  0.25622
 -5.0 -16.0  0.29488
 -5.0 -15.5  0.33355
 -5.0 -15.0  0.37214
 -5.0 -14.5  0.41056
 -5.0 -14.0  0.44872
 -5.0 -13.5  0.48653
 -5.0 -13.0  0.52389
 -5.0 -12.5  0.56073
 -5.0 -12.0  0.59694
 -5.0 -11.5  0.63245
 -5.0 -11.0  0.66716
 -5.0 -10.5  0.70098
 -5.0 -10.0  0.73385
 -5.0  -9.5  0.76567
 -5.0  -9.0  0.79637
 -5.0  -8.5  0.82586
 -5.0  -8.0  0.85409
 -5.0  -7.5  0.88097
 -5.0  -7.0  0.90644
 -5.0  -6.5  0.93044
 -5.0  -6.0  0.95291
 -5.0  -5.5  0.97379
 -5.0  -5.0  0.99303
 -5.0  -4.5  1.01059
 -5.0  -4.0  1.02642
 -5.0  -3.5  1.04048
 -5.0  -3.0  1.05273
 -5.0  -2.5  1.06315
 -5.0  -2.0  1.07171
 -5.0  -1.5  1.07839
 -5.0  -1.0  1.08318
 -5.0  -0.5  1.08605
 -5.0   0.0  1.08701
 -5.0   0.5  1.08605
 -5.0   1.0  1.08318
 -5.0   1.5  1.07839
 -5.0   2.0  1.07171
 -5.0   2.5  1.06315
 -5.0   3.0  1.05273
 -5.0   3.5  1.04048
 -5.0   4.0  1.02642
 -5.0   4.5  1.01059
 -5.0   5.0  0.99303
 -5.0   5.5  0.97379
 -5.0   6.0  0.95291
 -5.0   6.5  0.93044
 -5.0   7.0  0.90644
 -5.0   7.5  0.88097
 -5.0   8.0  0.85409
 -5.0   8.5  0.82586
 -5.0   9.0  0.79637
 -5.0   9.5  0.76567
 -5.0  10.0  0.73385
 -5.0  10.5  0.70098
 -5.0  11.0  0.66716
 -5.0  11.5  0.63245
 -5.0  12.0  0.59694
 -5.0  12.5  0.56073
 -5.0  13.0  0.52389
 -5.0  13.5  0.48653
 -5.0  14.0  0.44872
 -5.0  14.5  0.41056
 -5.0  15.0  0.37214
 -5.0  15.5  0.33355
 -5.0  16.0  0.29488
 -5.0  16.5  0.25622
 -5.0  17.0  0.21765
 -5.0  17.5  0.17927
 -5.0  18.0  0.14114
 -5.0  18.5  0.10337
 -5.0  19.0  0.06602
 -5.0  19.5  0.02918
 -5.0  20.0 -0.00709
 -5.0  20.5 -0.04271
 -5.0  21.0 -0.07762
 -5.0  21.5 -0.11175
 -5.0  22.0 -0.14504
 -5.0  22.5 -0.17745
 -5.0  23.0 -0.20891
 -5.0  23.5 -0.23939
 -5.0  24.0 -0.26884
 -5.0  24.5 -0.29722
 -5.0  25.0 -0.32450
 -5.0  25.5 -0.35065
 -5.0  26.0 -0.37566
 -5.0  26.5 -0.39949
 -5.0  27.0 -0.42214
 -5.0  27.5 -0.44360
 -5.0  28.0 -0.46385
 -5.0  28.5 -0.48290
 -5.0  29.0 -0.50075
 -5.0  29.5 -0.51741
 -5.0  30.0 -0.53287
 -5.0  30.5 -0.54716
 -5.0  31.0 -0.56029
 -5.0  31.5 -0.57228
 -5.0  32.0 -0.58315
 -5.0  32.5 -0.59292
 -5.0  33.0 -0.60162
 -5.0  33.5 -0.60928
 -5.0  34.0 -0.61592
 -5.0  34.5 -0.62158
 -5.0  35.0 -0.62628
 -5.0  35.5 -0.63007
 -5.0  36.0 -0.63297
 -5.0  36.5 -0.63503
 -5.0  37.0 -0.63626
 -5.0  37.5 -0.63672
 -5.0  38.0 -0.63644
 -5.0  38.5 -0.63545
 -5.0  39.0 -0.63379
 -5.0  39.5 -0.63149
 -5.0  40.0 -0.62859
 -5.0  40.5 -0.62512
 -5.0  41.0 -0.62112
 -5.0  41.5 -0.61663
 -5.0  42.0 -0.61167
 -5.0  42.5 -0.60627
 -5.0  43.0 -0.60047
 -5.0  43.5 -0.59429
 -5.0  44.0 -0.58777
 -5.0  44.5 -0.58094
 -5.0  45.0 -0.57381
 -4.5 -45.0 -0.57104
 -4.5 -44.5 -0.57793
 -4.5 -44.0 -0.58451
 -4.5 -43.5 -0.59078
 -4.5 -43.0 -0.59669
 -4.5 -42.5 -0.60223
 -4.5 -42.0 -0.60735
 -4.5 -41.5 -0.61203
 -4.5 -41.0 -0.61624
 -4.5 -40.5 -0.61995
 -4.5 -40.0 -0.62312
 -4.5 -39.5 -0.62573
 -4.5 -39.0 -0.62773
 -4.5 -38.5 -0.62909
 -4.5 -38.0 -0.62978
 -4.5 -37.5 -0.62977
 -4.5 -37.0 -0.62902
 -4.5 -36.5 -0.62749
 -4.5 -36.0 -0.62515
 -4.5 -35.5 -0.62197
 -4.5 -35.0 -0.61791
 -4.5 -34.5 -0.61295
 -4.5 -34.0 -0.60704
 -4.5 -33.5 -0.60017
 -4.5 -33.0 -0.59229
 -4.5 -32.5 -0.58339
 -4.5 -32.0 -0.57343
 -4.5 -31.5 -0.56240
 -4.5 -31.0 -0.55027
 -4.5 -30.5 -0.53702
 -4.5 -30.0 -0.52264
 -4.5 -29.5 -0.50711
 -4.5 -29.0 -0.49041
 -4.5 -28.5 -0.47256
 -4.5 -28.0 -0.45353
 -4.5 -27.5 -0.43333
 -4.5 -27.0 -0.41197
 -4.5 -26.5 -0.38944
 -4.5 -26.0 -0.36577
 -4.5 -25.5 -0.34096
 -4.5 -25.0 -0.31503
 -4.5 -24.5 -0.28802
 -4.5 -24.0 -0.25994
 -4.5 -23.5 -0.23084
 -4.5 -23.0 -0.20074
 -4.5 -22.5 -0.16969
 -4.5 -22.0 -0.13773
 -4.5 -21.5 -0.10492
 -4.5 -21.0 -0.07131
 -4.5 -20.5 -0.03695
 -4.5 -20.0 -0.00190
 -4.5 -19.5  0.03376
 -4.5 -19.0  0.06997
 -4.5 -18.5  0.10667
 -4.5 -18.0  0.14376
 -4.5 -17.5  0.18118
 -4.5 -17.0  0.21885
 -4.5 -16.5  0.25669
 -4.5 -16.0  0.29461
 -4.5 -15.5  0.33253
 -4.5 -15.0  0.37035
 -4.5 -14.5  0.40801
 -4.5 -14.0  0.44540
 -4.5 -13.5  0.48244
 -4.5 -13.0  0.51904
 -4.5 -12.5  0.55511
 -4.5 -12.0  0.59057
 -4.5 -11.5  0.62534
 -4.5 -11.0  0.65932
 -4.5 -10.5  0.69243
 -4.5 -10.0  0.72460
 -4.5  -9.5  0.75575
 -4.5  -9.0  0.78579
 -4.5  -8.5  0.81466
 -4.5  -8.0  0.84228
 -4.5  -7.5  0.86859
 -4.5  -7.0  0.89351
 -4.5  -6.5  0.91700
 -4.5  -6.0  0.93899
 -4.5  -5.5  0.95942
 -4.5  -5.0  0.97825
 -4.5  -4.5  0.99543
 -4.5  -4.0  1.01092
 -4.5  -3.5  1.02467
 -4.5  -3.0  1.03666
 -4.5  -2.5  1.04686
 -4.5  -2.0  1.05524
 -4.5  -1.5  1.06177
 -4.5  -1.0  1.06645
 -4.5  -0.5  1.06927
 -4.5   0.0  1.07021
 -4.5   0.5  1.06927
 -4.5   1.0  1.06645
 -4.5   1.5  1.06177
 -4.5   2.0  1.05524
 -4.5   2.5  1.04686
 -4.5   3.0  1.03666
 -4.5   3.5  1.02467
 -4.5   4.0  1.01092
 -4.5   4.5  0.99543
 -4.5   5.0  0.97825
 -4.5   5.5  0.95942
 -4.5   6.0  0.93899
 -4.5   6.5  0.91700
 -4.5   7.0  0.89351
 -4.5   7.5  0.86859
 -4.5   8.0  0.84228
 -4.5   8.5  0.81466
 -4.5   9.0  0.78579
 -4.5   9.5  0.75575
 -4.5  10.0  0.72460
 -4.5  10.5  0.69243
 -4.5  11.0  0.65932
 -4.5  11.5  0.62534
 -4.5  12.0  0.59057
 -4.5  12.5  0.55511
 -4.5  13.0  0.51904
 -4.5  13.5  0.48244
 -4.5  14.0  0.44540
 -4.5  14.5  0.40801
 -4.5  15.0  0.37035
 -4.5  15.5  0.33253
 -4.5  16.0  0.29461
 -4.5  16.5  0.25669
 -4.5  17.0  0.21885
 -4.5  17.5  0.18118
 -4.5  18.0  0.14376
 -4.5  18.5  0.10667
 -4.5  19.0  0.06997
 -4.5  19.5  0.03376
 -4.5  20.0 -0.00190
 -4.5  20.5 -0.03695
 -4.5  21.0 -0.07131
 -4.5  21.5 -0.10492
 -4.5  22.0 -0.13773
 -4.5  22.5 -0.16969
 -4.5  23.0 -0.20074
 -4.5  23.5 -0.23084
 -4.5  24.0 -0.25994
 -4.5  24.5 -0.28802
 -4.5  25.0 -0.31503
 -4.5  25.5 -0.34096
 -4.5  26.0 -0.36577
 -4.5  26.5 -0.38944
 -4.5  27.0 -0.41197
 -4.5  27.5 -0.43333
 -4.5  28.0 -0.45353
 -4.5  28.5 -0.47256
 -4.5  29.0 -0.49041
 -4.5  29.5 -0.50711
 -4.5  30.0 -0.52264
 -4.5  30.5 -0.53702
 -4.5  31.0 -0.55027
 -4.5  31.5 -0.56240
 -4.5  32.0 -0.57343
 -4.5  32.5 -0.58339
 -4.5  33.0 -0.59229
 -4.5  33.5 -0.60017
 -4.5  34.0 -0.60704
 -4.5  34.5 -0.61295
 -4.5  35.0 -0.61791
 -4.5  35.5 -0.62197
 -4.5  36.0 -0.62515
 -4.5  36.5 -0.62749
 -4.5  37.0 -0.62902
 -4.5  37.5 -0.62977
 -4.5  38.0 -0.62978
 -4.5  38.5 -0.62909
 -4.5  39.0 -0.62773
 -4.5  39.5 -0.62573
 -4.5  40.0 -0.62312
 -4.5  40.5 -0.61995
 -4.5  41.0 -0.61624
 -4.5  41.5 -0.61203
 -4.5  42.0 -0.60735
 -4.5  42.5 -0.60223
 -4.5  43.0 -0.59669
 -4.5  43.5 -0.59078
 -4.5  44.0 -0.58451
 -4.5  44.5 -0.57793
 -4.5  45.0 -0.57104
 -4.0 -45.0 -0.56854
 -4.0 -44.5 -0.57521
 -4.0 -44.0 -0.58158
 -4.0 -43.5 -0.58762
 -4.0 -43.0 -0.59330
 -4.0 -42.5 -0.59859
 -4.0 -42.0 -0.60347
 -4.0 -41.5 -0.60791
 -4.0 -41.0 -0.61187
 -4.0 -40.5 -0.61532
 -4.0 -40.0 -0.61823
 -4.0 -39.5 -0.62057
 -4.0 -39.0 -0.62231
 -4.0 -38.5 -0.62341
 -4.0 -38.0 -0.62383
 -4.0 -37.5 -0.62356
 -4.0 -37.0 -0.62254
 -4.0 -36.5 -0.62076
 -4.0 -36.0 -0.61817
 -4.0 -35.5 -0.61475
 -4.0 -35.0 -0.61045
 -4.0 -34.5 -0.60526
 -4.0 -34.0 -0.59914
 -4.0 -33.5 -0.59205
 -4.0 -33.0 -0.58399
 -4.0 -32.5 -0.57491
 -4.0 -32.0 -0.56479
 -4.0 -31.5 -0.55362
 -4.0 -31.0 -0.54136
 -4.0 -30.5 -0.52801
 -4.0 -30.0 -0.51355
 -4.0 -29.5 -0.49796
 -4.0 -29.0 -0.48124
 -4.0 -28.5 -0.46338
 -4.0 -28.0 -0.44438
 -4.0 -27.5 -0.42424
 -4.0 -27.0 -0.40295
 -4.0 -26.5 -0.38054
 -4.0 -26.0 -0.35701
 -4.0 -25.5 -0.33238
 -4.0 -25.0 -0.30666
 -4.0 -24.5 -0.27989
 -4.0 -24.0 -0.25208
 -4.0 -23.5 -0.22328
 -4.0 -23.0 -0.19352
 -4.0 -22.5 -0.16284
 -4.0 -22.0 -0.13128
 -4.0 -21.5 -0.09890
 -4.0 -21.0 -0.06574
 -4.0 -20.5 -0.03187
 -4.0 -20.0  0.00267
 -4.0 -19.5  0.03779
 -4.0 -19.0  0.07345
 -4.0 -18.5  0.10956
 -4.0 -18.0  0.14605
 -4.0 -17.5  0.18285
 -4.0 -17.0  0.21989
 -4.0 -16.5  0.25708
 -4.0 -16.0  0.29434
 -4.0 -15.5  0.33159
 -4.0 -15.0  0.36874
 -4.0 -14.5  0.40571
 -4.0 -14.0  0.44242
 -4.0 -13.5  0.47878
 -4.0 -13.0  0.51470
 -4.0 -12.5  0.55010
 -4.0 -12.0  0.58490
 -4.0 -11.5  0.61901
 -4.0 -11.0  0.65234
 -4.0 -10.5  0.68483
 -4.0 -10.0  0.71638
 -4.0  -9.5  0.74693
 -4.0  -9.0  0.77639
 -4.0  -8.5  0.80470
 -4.0  -8.0  0.83179
 -4.0  -7.5  0.85759
 -4.0  -7.0  0.88203
 -4.0  -6.5  0.90506
 -4.0  -6.0  0.92662
 -4.0  -5.5  0.94666
 -4.0  -5.0  0.96512
 -4.0  -4.5  0.98196
 -4.0  -4.0  0.99715
 -4.0  -3.5  1.01063
 -4.0  -3.0  1.02239
 -4.0  -2.5  1.03239
 -4.0  -2.0  1.04060
 -4.0  -1.5  1.04701
 -4.0  -1.0  1.05160
 -4.0  -0.5  1.05436
 -4.0   0.0  1.05528
 -4.0   0.5  1.05436
 -4.0   1.0  1.05160
 -4.0   1.5  1.04701
 -4.0   2.0  1.04060
 -4.0   2.5  1.03239
 -4.0   3.0  1.02239
 -4.0   3.5  1.01063
 -4.0   4.0  0.99715
 -4.0   4.5  0.98196
 -4.0   5.0  0.96512
 -4.0   5.5  0.94666
 -4.0   6.0  0.92662
 -4.0   6.5  0.90506
 -4.0   7.0  0.88203
 -4.0   7.5  0.85759
 -4.0   8.0  0.83179
 -4.0   8.5  0.80470
 -4.0   9.0  0.77639
 -4.0   9.5  0.74693
 -4.0  10.0  0.71638
 -4.0  10.5  0.68483
 -4.0  11.0  0.65234
 -4.0  11.5  0.61901
 -4.0  12.0  0.58490
 -4.0  12.5  0.55010
 -4.0  13.0  0.51470
 -4.0  13.5  0.47878
 -4.0  14.0  0.44242
 -4.0  14.5  0.40571
 -4.0  15.0  0.36874
 -4.0  15.5  0.33159
 -4.0  16.0  0.29434
 -4.0  16.5  0.25708
 -4.0  17.0  0.21989
 -4.0  17.5  0.18285
 -4.0  18.0  0.14605
 -4.0  18.5  0.10956
 -4.0  19.0  0.07345
 -4.0  19.5  0.03779
 -4.0  20.0  0.00267
 -4.0  20.5 -0.03187
 -4.0  21.0 -0.06574
 -4.0  21.5 -0.09890
 -4.0  22.0 -0.13128
 -4.0  22.5 -0.16284
 -4.0  23.0 -0.19352
 -4.0  23.5 -0.22328
 -4.0  24.0 -0.25208
 -4.0  24.5 -0.27989
 -4.0  25.0 -0.30666
 -4.0  25.5 -0.33238
 -4.0  26.0 -0.35701
 -4.0  26.5 -0.38054
 -4.0  27.0 -0.40295
 -4.0  27.5 -0.42424
 -4.0  28.0 -0.44438
 -4.0  28.5 -0.46338
 -4.0  29.0 -0.48124
 -4.0  29.5 -0.49796
 -4.0  30.0 -0.51355
 -4.0  30.5 -0.52801
 -4.0  31.0 -0.54136
 -4.0  31.5 -0.55362
 -4.0  32.0 -0.56479
 -4.0  32.5 -0.57491
 -4.0  33.0 -0.58399
 -4.0  33.5 -0.59205
 -4.0  34.0 -0.59914
 -4.0  34.5 -0.60526
 -4.0  35.0 -0.61045
 -4.0  35.5 -0.61475
 -4.0  36.0 -0.61817
 -4.0  36.5 -0.62076
 -4.0  37.0 -0.62254
 -4.0  37.5 -0.62356
 -4.0  38.0 -0.62383
 -4.0  38.5 -0.62341
 -4.0  39.0 -0.62231
 -4.0  39.5 -0.62057
 -4.0  40.0 -0.61823
 -4.0  40.5 -0.61532
 -4.0  41.0 -0.61187
 -4.0  41.5 -0.60791
 -4.0  42.0 -0.60347
 -4.0  42.5 -0.59859
 -4.0  43.0 -0.59330
 -4.0  43.5 -0.58762
 -4.0  44.0 -0.58158
 -4.0  44.5 -0.57521
 -4.0  45.0 -0.56854
 -3.5 -45.0 -0.56631
 -3.5 -44.5 -0.57280
 -3.5 -44.0 -0.57898
 -3.5 -43.5 -0.58482
 -3.5 -43.0 -0.59029
 -3.5 -42.5 -0.59538
 -3.5 -42.0 -0.60004
 -3.5 -41.5 -0.60426
 -3.5 -41.0 -0.60800
 -3.5 -40.5 -0.61122
 -3.5 -40.0 -0.61391
 -3.5 -39.5 -0.61602
 -3.5 -39.0 -0.61752
 -3.5 -38.5 -0.61839
 -3.5 -38.0 -0.61859
 -3.5 -37.5 -0.61808
 -3.5 -37.0 -0.61684
 -3.5 -36.5 -0.61484
 -3.5 -36.0 -0.61203
 -3.5 -35.5 -0.60839
 -3.5 -35.0 -0.60389
 -3.5 -34.5 -0.59850
 -3.5 -34.0 -0.59219
 -3.5 -33.5 -0.58493
 -3.5 -33.0 -0.57669
 -3.5 -32.5 -0.56746
 -3.5 -32.0 -0.55721
 -3.5 -31.5 -0.54591
 -3.5 -31.0 -0.53355
 -3.5 -30.5 -0.52011
 -3.5 -30.0 -0.50559
 -3.5 -29.5 -0.48995
 -3.5 -29.0 -0.47321
 -3.5 -28.5 -0.45535
 -3.5 -28.0 -0.43637
 -3.5 -27.5 -0.41628
 -3.5 -27.0 -0.39507
 -3.5 -26.5 -0.37276
 -3.5 -26.0 -0.34935
 -3.5 -25.5 -0.32488
 -3.5 -25.0 -0.29935
 -3.5 -24.5 -0.27279
 -3.5 -24.0 -0.24522
 -3.5 -23.5 -0.21669
 -3.5 -23.0 -0.18722
 -3.5 -22.5 -0.15687
 -3.5 -22.0 -0.12566
 -3.5 -21.5 -0.09365
 -3.5 -21.0 -0.06089
 -3.5 -20.5 -0.02744
 -3.5 -20.0  0.00664
 -3.5 -19.5  0.04130
 -3.5 -19.0  0.07646
 -3.5 -18.5  0.11206
 -3.5 -18.0  0.14803
 -3.5 -17.5  0.18429
 -3.5 -17.0  0.22077
 -3.5 -16.5  0.25740
 -3.5 -16.0  0.29408
 -3.5 -15.5  0.33074
 -3.5 -15.0  0.36731
 -3.5 -14.5  0.40369
 -3.5 -14.0  0.43980
 -3.5 -13.5  0.47556
 -3.5 -13.0  0.51089
 -3.5 -12.5  0.54570
 -3.5 -12.0  0.57991
 -3.5 -11.5  0.61345
 -3.5 -11.0  0.64622
 -3.5 -10.5  0.67815
 -3.5 -10.0  0.70917
 -3.5  -9.5  0.73919
 -3.5  -9.0  0.76815
 -3.5  -8.5  0.79597
 -3.5  -8.0  0.82259
 -3.5  -7.5  0.84794
 -3.5  -7.0  0.87196
 -3.5  -6.5  0.89459
 -3.5  -6.0  0.91578
 -3.5  -5.5  0.93546
 -3.5  -5.0  0.95360
 -3.5  -4.5  0.97016
 -3.5  -4.0  0.98508
 -3.5  -3.5  0.99833
 -3.5  -3.0  1.00988
 -3.5  -2.5  1.01970
 -3.5  -2.0  1.02777
 -3.5  -1.5  1.03407
 -3.5  -1.0  1.03858
 -3.5  -0.5  1.04129
 -3.5   0.0  1.04219
 -3.5   0.5  1.04129
 -3.5   1.0  1.03858
 -3.5   1.5  1.03407
 -3.5   2.0  1.02777
 -3.5   2.5  1.01970
 -3.5   3.0  1.00988
 -3.5   3.5  0.99833
 -3.5   4.0  0.98508
 -3.5   4.5  0.97016
 -3.5   5.0  0.95360
 -3.5   5.5  0.93546
 -3.5   6.0  0.91578
 -3.5   6.5  0.89459
 -3.5   7.0  0.87196
 -3.5   7.5  0.84794
 -3.5   8.0  0.82259
 -3.5   8.5  0.79597
 -3.5   9.0  0.76815
 -3.5   9.5  0.73919
 -3.5  10.0  0.70917
 -3.5  10.5  0.67815
 -3.5  11.0  0.64622
 -3.5  11.5  0.61345
 -3.5  12.0  0.57991
 -3.5  12.5  0.54570
 -3.5  13.0  0.51089
 -3.5  13.5  0.47556
 -3.5  14.0  0.43980
 -3.5  14.5  0.40369
 -3.5  15.0  0.36731
 -3.5  15.5  0.33074
 -3.5  16.0  0.29408
 -3.5  16.5  0.25740
 -3.5  17.0  0.22077
 -3.5  17.5  0.18429
 -3.5  18.0  0.14803
 -3.5  18.5  0.11206
 -3.5  19.0  0.07646
 -3.5  19.5  0.04130
 -3.5  20.0  0.00664
 -3.5  20.5 -0.02744
 -3.5  21.0 -0.06089
 -3.5  21.5 -0.09365
 -3.5  22.0 -0.12566
 -3.5  22.5 -0.15687
 -3.5  23.0 -0.18722
 -3.5  23.5 -0.21669
 -3.5  24.0 -0.24522
 -3.5  24.5 -0.27279
 -3.5  25.0 -0.29935
 -3.5  25.5 -0.32488
 -3.5  26.0 -0.34935
 -3.5  26.5 -0.37276
 -3.5  27.0 -0.39507
 -3.5  27.5 -0.41628
 -3.5  28.0 -0.43637
 -3.5  28.5 -0.45535
 -3.5  29.0 -0.47321
 -3.5  29.5 -0.48995
 -3.5  30.0 -0.50559
 -3.5  30.5 -0.52011
 -3.5  31.0 -0.53355
 -3.5  31.5 -0.54591
 -3.5  32.0 -0.55721
 -3.5  32.5 -0.56746
 -3.5  33.0 -0.57669
 -3.5  33.5 -0.58493
 -3.5  34.0 -0.59219
 -3.5  34.5 -0.59850
 -3.5  35.0 -0.60389
 -3.5  35.5 -0.60839
 -3.5  36.0 -0.61203
 -3.5  36.5 -0.61484
 -3.5  37.0 -0.61684
 -3.5  37.5 -0.61808
 -3.5  38.0 -0.61859
 -3.5  38.5 -0.61839
 -3.5  39.0 -0.61752
 -3.5  39.5 -0.61602
 -3.5  40.0 -0.61391
 -3.5  40.5 -0.61122
 -3.5  41.0 -0.60800
 -3.5  41.5 -0.60426
 -3.5  42.0 -0.60004
 -3.5  42.5 -0.59538
 -3.5  43.0 -0.59029
 -3.5  43.5 -0.58482
 -3.5  44.0 -0.57898
 -3.5  44.5 -0.57280
 -3.5  45.0 -0.56631
 -3.0 -45.0 -0.56438
 -3.0 -44.5 -0.57070
 -3.0 -44.0 -0.57671
 -3.0 -43.5 -0.58238
 -3.0 -43.0 -0.58768
 -3.0 -42.5 -0.59258
 -3.0 -42.0 -0.59706
 -3.0 -41.5 -0.60109
 -3.0 -41.0 -0.60464
 -3.0 -40.5 -0.60767
 -3.0 -40.0 -0.61016
 -3.0 -39.5 -0.61207
 -3.0 -39.0 -0.61338
 -3.0 -38.5 -0.61405
 -3.0 -38.0 -0.61405
 -3.0 -37.5 -0.61334
 -3.0 -37.0 -0.61191
 -3.0 -36.5 -0.60971
 -3.0 -36.0 -0.60672
 -3.0 -35.5 -0.60290
 -3.0 -35.0 -0.59822
 -3.0 -34.5 -0.59266
 -3.0 -34.0 -0.58619
 -3.0 -33.5 -0.57878
 -3.0 -33.0 -0.57040
 -3.0 -32.5 -0.56104
 -3.0 -32.0 -0.55067
 -3.0 -31.5 -0.53927
 -3.0 -31.0 -0.52682
 -3.0 -30.5 -0.51331
 -3.0 -30.0 -0.49873
 -3.0 -29.5 -0.48306
 -3.0 -29.0 -0.46630
 -3.0 -28.5 -0.44844
 -3.0 -28.0 -0.42948
 -3.0 -27.5 -0.40943
 -3.0 -27.0 -0.38829
 -3.0 -26.5 -0.36607
 -3.0 -26.0 -0.34278
 -3.0 -25.5 -0.31843
 -3.0 -25.0 -0.29306
 -3.0 -24.5 -0.26669
 -3.0 -24.0 -0.23933
 -3.0 -23.5 -0.21103
 -3.0 -23.0 -0.18182
 -3.0 -22.5 -0.15174
 -3.0 -22.0 -0.12084
 -3.0 -21.5 -0.08915
 -3.0 -21.0 -0.05674
 -3.0 -20.5 -0.02366
 -3.0 -20.0  0.01004
 -3.0 -19.5  0.04429
 -3.0 -19.0  0.07903
 -3.0 -18.5  0.11420
 -3.0 -18.0  0.14972
 -3.0 -17.5  0.18551
 -3.0 -17.0  0.22152
 -3.0 -16.5  0.25765
 -3.0 -16.0  0.29384
 -3.0 -15.5  0.33000
 -3.0 -15.0  0.36606
 -3.0 -14.5  0.40193
 -3.0 -14.0  0.43753
 -3.0 -13.5  0.47278
 -3.0 -13.0  0.50759
 -3.0 -12.5  0.54190
 -3.0 -12.0  0.57561
 -3.0 -11.5  0.60865
 -3.0 -11.0  0.64094
 -3.0 -10.5  0.67239
 -3.0 -10.0  0.70295
 -3.0  -9.5  0.73252
 -3.0  -9.0  0.76104
 -3.0  -8.5  0.78844
 -3.0  -8.0  0.81466
 -3.0  -7.5  0.83963
 -3.0  -7.0  0.86328
 -3.0  -6.5  0.88557
 -3.0  -6.0  0.90643
 -3.0  -5.5  0.92582
 -3.0  -5.0  0.94368
 -3.0  -4.5  0.95998
 -3.0  -4.0  0.97467
 -3.0  -3.5  0.98772
 -3.0  -3.0  0.99910
 -3.0  -2.5  1.00877
 -3.0  -2.0  1.01672
 -3.0  -1.5  1.02292
 -3.0  -1.0  1.02736
 -3.0  -0.5  1.03003
 -3.0   0.0  1.03092
 -3.0   0.5  1.03003
 -3.0   1.0  1.02736
 -3.0   1.5  1.02292
 -3.0   2.0  1.01672
 -3.0   2.5  1.00877
 -3.0   3.0  0.99910
 -3.0   3.5  0.98772
 -3.0   4.0  0.97467
 -3.0   4.5  0.95998
 -3.0   5.0  0.94368
 -3.0   5.5  0.92582
 -3.0   6.0  0.90643
 -3.0   6.5  0.88557
 -3.0   7.0  0.86328
 -3.0   7.5  0.83963
 -3.0   8.0  0.81466
 -3.0   8.5  0.78844
 -3.0   9.0  0.76104
 -3.0   9.5  0.73252
 -3.0  10.0  0.70295
 -3.0  10.5  0.67239
 -3.0  11.0  0.64094
 -3.0  11.5  0.60865
 -3.0  12.0  0.57561
 -3.0  12.5  0.54190
 -3.0  13.0  0.50759
 -3.0  13.5  0.47278
 -3.0  14.0  0.43753
 -3.0  14.5  0.40193
 -3.0  15.0  0.36606
 -3.0  15.5  0.33000
 -3.0  16.0  0.29384
 -3.0  16.5  0.25765
 -3.0  17.0  0.22152
 -3.0  17.5  0.18551
 -3.0  18.0  0.14972
 -3.0  18.5  0.11420
 -3.0  19.0  0.07903
 -3.0  19.5  0.04429
 -3.0  20.0  0.01004
 -3.0  20.5 -0.02366
 -3.0  21.0 -0.05674
 -3.0  21.5 -0.08915
 -3.0  22.0 -0.12084
 -3.0  22.5 -0.15174
 -3.0  23.0 -0.18182
 -3.0  23.5 -0.21103
 -3.0  24.0 -0.23933
 -3.0  24.5 -0.26669
 -3.0  25.0 -0.29306
 -3.0  25.5 -0.31843
 -3.0  26.0 -0.34278
 -3.0  26.5 -0.36607
 -3.0  27.0 -0.38829
 -3.0  27.5 -0.40943
 -3.0  28.0 -0.42948
 -3.0  28.5 -0.44844
 -3.0  29.0 -0.46630
 -3.0  29.5 -0.48306
 -3.0  30.0 -0.49873
 -3.0  30.5 -0.51331
 -3.0  31.0 -0.52682
 -3.0  31.5 -0.53927
 -3.0  32.0 -0.55067
 -3.0  32.5 -0.56104
 -3.0  33.0 -0.57040
 -3.0  33.5 -0.57878
 -3.0  34.0 -0.58619
 -3.0  34.5 -0.59266
 -3.0  35.0 -0.59822
 -3.0  35.5 -0.60290
 -3.0  36.0 -0.60672
 -3.0  36.5 -0.60971
 -3.0  37.0 -0.61191
 -3.0  37.5 -0.61334
 -3.0  38.0 -0.61405
 -3.0  38.5 -0.61405
 -3.0  39.0 -0.61338
 -3.0  39.5 -0.61207
 -3.0  40.0 -0.61016
 -3.0  40.5 -0.60767
 -3.0  41.0 -0.60464
 -3.0  41.5 -0.60109
 -3.0  42.0 -0.59706
 -3.0  42.5 -0.59258
 -3.0  43.0 -0.58768
 -3.0  43.5 -0.58238
 -3.0  44.0 -0.57671
 -3.0  44.5 -0.57070
 -3.0  45.0 -0.56438
 -2.5 -45.0 -0.56273
 -2.5 -44.5 -0.56891
 -2.5 -44.0 -0.57478
 -2.5 -43.5 -0.58031
 -2.5 -43.0 -0.58546
 -2.5 -42.5 -0.59021
 -2.5 -42.0 -0.59453
 -2.5 -41.5 -0.59840
 -2.5 -41.0 -0.60179
 -2.5 -40.5 -0.60466
 -2.5 -40.0 -0.60698
 -2.5 -39.5 -0.60873
 -2.5 -39.0 -0.60987
 -2.5 -38.5 -0.61037
 -2.5 -38.0 -0.61020
 -2.5 -37.5 -0.60934
 -2.5 -37.0 -0.60774
 -2.5 -36.5 -0.60538
 -2.5 -36.0 -0.60223
 -2.5 -35.5 -0.59826
 -2.5 -35.0 -0.59343
 -2.5 -34.5 -0.58773
 -2.5 -34.0 -0.58113
 -2.5 -33.5 -0.57359
 -2.5 -33.0 -0.56510
 -2.5 -32.5 -0.55563
 -2.5 -32.0 -0.54516
 -2.5 -31.5 -0.53367
 -2.5 -31.0 -0.52115
 -2.5 -30.5 -0.50758
 -2.5 -30.0 -0.49295
 -2.5 -29.5 -0.47725
 -2.5 -29.0 -0.46048
 -2.5 -28.5 -0.44262
 -2.5 -28.0 -0.42369
 -2.5 -27.5 -0.40367
 -2.5 -27.0 -0.38259
 -2.5 -26.5 -0.36044
 -2.5 -26.0 -0.33725
 -2.5 -25.5 -0.31302
 -2.5 -25.0 -0.28779
 -2.5 -24.5 -0.26157
 -2.5 -24.0 -0.23439
 -2.5 -23.5 -0.20628
 -2.5 -23.0 -0.17729
 -2.5 -22.5 -0.14744
 -2.5 -22.0 -0.11679
 -2.5 -21.5 -0.08538
 -2.5 -21.0 -0.05326
 -2.5 -20.5 -0.02049
 -2.5 -20.0  0.01289
 -2.5 -19.5  0.04680
 -2.5 -19.0  0.08119
 -2.5 -18.5  0.11598
 -2.5 -18.0  0.15112
 -2.5 -17.5  0.18652
 -2.5 -17.0  0.22213
 -2.5 -16.5  0.25785
 -2.5 -16.0  0.29362
 -2.5 -15.5  0.32936
 -2.5 -15.0  0.36499
 -2.5 -14.5  0.40043
 -2.5 -14.0  0.43560
 -2.5 -13.5  0.47042
 -2.5 -13.0  0.50481
 -2.5 -12.5  0.53869
 -2.5 -12.0  0.57198
 -2.5 -11.5  0.60461
 -2.5 -11.0  0.63648
 -2.5 -10.5  0.66754
 -2.5 -10.0  0.69770
 -2.5  -9.5  0.72690
 -2.5  -9.0  0.75505
 -2.5  -8.5  0.78210
 -2.5  -8.0  0.80798
 -2.5  -7.5  0.83262
 -2.5  -7.0  0.85597
 -2.5  -6.5  0.87797
 -2.5  -6.0  0.89856
 -2.5  -5.5  0.91769
 -2.5  -5.0  0.93533
 -2.5  -4.5  0.95141
 -2.5  -4.0  0.96591
 -2.5  -3.5  0.97879
 -2.5  -3.0  0.99002
 -2.5  -2.5  0.99956
 -2.5  -2.0  1.00741
 -2.5  -1.5  1.01353
 -2.5  -1.0  1.01791
 -2.5  -0.5  1.02054
 -2.5   0.0  1.02142
 -2.5   0.5  1.02054
 -2.5   1.0  1.01791
 -2.5   1.5  1.01353
 -2.5   2.0  1.00741
 -2.5   2.5  0.99956
 -2.5   3.0  0.99002
 -2.5   3.5  0.97879
 -2.5   4.0  0.96591
 -2.5   4.5  0.95141
 -2.5   5.0  0.93533
 -2.5   5.5  0.91769
 -2.5   6.0  0.89856
 -2.5   6.5  0.87797
 -2.5   7.0  0.85597
 -2.5   7.5  0.83262
 -2.5   8.0  0.80798
 -2.5   8.5  0.78210
 -2.5   9.0  0.75505
 -2.5   9.5  0.72690
 -2.5  10.0  0.69770
 -2.5  10.5  0.66754
 -2.5  11.0  0.63648
 -2.5  11.5  0.60461
 -2.5  12.0  0.57198
 -2.5  12.5  0.53869
 -2.5  13.0  0.50481
 -2.5  13.5  0.47042
 -2.5  14.0  0.43560
 -2.5  14.5  0.40043
 -2.5  15.0  0.36499
 -2.5  15.5  0.32936
 -2.5  16.0  0.29362
 -2.5  16.5  0.25785
 -2.5  17.0  0.22213
 -2.5  17.5  0.18652
 -2.5  18.0  0.15112
 -2.5  18.5  0.11598
 -2.5  19.0  0.08119
 -2.5  19.5  0.04680
 -2.5  20.0  0.01289
 -2.5  20.5 -0.02049
 -2.5  21.0 -0.05326
 -2.5  21.5 -0.08538
 -2.5  22.0 -0.11679
 -2.5  22.5 -0.14744
 -2.5  23.0 -0.17729
 -2.5  23.5 -0.20628
 -2.5  24.0 -0.23439
 -2.5  24.5 -0.26157
 -2.5  25.0 -0.28779
 -2.5  25.5 -0.31302
 -2.5  26.0 -0.33725
 -2.5  26.5 -0.36044
 -2.5  27.0 -0.38259
 -2.5  27.5 -0.40367
 -2.5  28.0 -0.42369
 -2.5  28.5 -0.44262
 -2.5  29.0 -0.46048
 -2.5  29.5 -0.47725
 -2.5  30.0 -0.49295
 -2.5  30.5 -0.50758
 -2.5  31.0 -0.52115
 -2.5  31.5 -0.53367
 -2.5  32.0 -0.54516
 -2.5  32.5 -0.55563
 -2.5  33.0 -0.56510
 -2.5  33.5 -0.57359
 -2.5  34.0 -0.58113
 -2.5  34.5 -0.58773
 -2.5  35.0 -0.59343
 -2.5  35.5 -0.59826
 -2.5  36.0 -0.60223
 -2.5  36.5 -0.60538
 -2.5  37.0 -0.60774
 -2.5  37.5 -0.60934
 -2.5  38.0 -0.61020
 -2.5  38.5 -0.61037
 -2.5  39.0 -0.60987
 -2.5  39.5 -0.60873
 -2.5  40.0 -0.60698
 -2.5  40.5 -0.60466
 -2.5  41.0 -0.60179
 -2.5  41.5 -0.59840
 -2.5  42.0 -0.59453
 -2.5  42.5 -0.59021
 -2.5  43.0 -0.58546
 -2.5  43.5 -0.58031
 -2.5  44.0 -0.57478
 -2.5  44.5 -0.56891
 -2.5  45.0 -0.56273
 -2.0 -45.0 -0.56137
 -2.0 -44.5 -0.56745
 -2.0 -44.0 -0.57320
 -2.0 -43.5 -0.57861
 -2.0 -43.0 -0.58364
 -2.0 -42.5 -0.58826
 -2.0 -42.0 -0.59246
 -2.0 -41.5 -0.59620
 -2.0 -41.0 -0.59945
 -2.0 -40.5 -0.60219
 -2.0 -40.0 -0.60438
 -2.0 -39.5 -0.60599
 -2.0 -39.0 -0.60700
 -2.0 -38.5 -0.60737
 -2.0 -38.0 -0.60706
 -2.0 -37.5 -0.60606
 -2.0 -37.0 -0.60433
 -2.0 -36.5 -0.60184
 -2.0 -36.0 -0.59857
 -2.0 -35.5 -0.59447
 -2.0 -35.0 -0.58953
 -2.0 -34.5 -0.58371
 -2.0 -34.0 -0.57700
 -2.0 -33.5 -0.56936
 -2.0 -33.0 -0.56077
 -2.0 -32.5 -0.55121
 -2.0 -32.0 -0.54066
 -2.0 -31.5 -0.52911
 -2.0 -31.0 -0.51653
 -2.0 -30.5 -0.50291
 -2.0 -30.0 -0.48825
 -2.0 -29.5 -0.47253
 -2.0 -29.0 -0.45574
 -2.0 -28.5 -0.43789
 -2.0 -28.0 -0.41897
 -2.0 -27.5 -0.39899
 -2.0 -27.0 -0.37795
 -2.0 -26.5 -0.35587
 -2.0 -26.0 -0.33275
 -2.0 -25.5 -0.30862
 -2.0 -25.0 -0.28350
 -2.0 -24.5 -0.25740
 -2.0 -24.0 -0.23037
 -2.0 -23.5 -0.20242
 -2.0 -23.0 -0.17360
 -2.0 -22.5 -0.14395
 -2.0 -22.0 -0.11351
 -2.0 -21.5 -0.08232
 -2.0 -21.0 -0.05044
 -2.0 -20.5 -0.01791
 -2.0 -20.0  0.01520
 -2.0 -19.5  0.04883
 -2.0 -19.0  0.08293
 -2.0 -18.5  0.11743
 -2.0 -18.0  0.15225
 -2.0 -17.5  0.18734
 -2.0 -17.0  0.22262
 -2.0 -16.5  0.25801
 -2.0 -16.0  0.29344
 -2.0 -15.5  0.32884
 -2.0 -15.0  0.36412
 -2.0 -14.5  0.39921
 -2.0 -14.0  0.43403
 -2.0 -13.5  0.46850
 -2.0 -13.0  0.50254
 -2.0 -12.5  0.53607
 -2.0 -12.0  0.56902
 -2.0 -11.5  0.60131
 -2.0 -11.0  0.63285
 -2.0 -10.5  0.66358
 -2.0 -10.0  0.69343
 -2.0  -9.5  0.72231
 -2.0  -9.0  0.75017
 -2.0  -8.5  0.77693
 -2.0  -8.0  0.80254
 -2.0  -7.5  0.82692
 -2.0  -7.0  0.85001
 -2.0  -6.5  0.87178
 -2.0  -6.0  0.89215
 -2.0  -5.5  0.91107
 -2.0  -5.0  0.92852
 -2.0  -4.5  0.94443
 -2.0  -4.0  0.95877
 -2.0  -3.5  0.97151
 -2.0  -3.0  0.98262
 -2.0  -2.5  0.99206
 -2.0  -2.0  0.99982
 -2.0  -1.5  1.00588
 -2.0  -1.0  1.01021
 -2.0  -0.5  1.01282
 -2.0   0.0  1.01369
 -2.0   0.5  1.01282
 -2.0   1.0  1.01021
 -2.0   1.5  1.00588
 -2.0   2.0  0.99982
 -2.0   2.5  0.99206
 -2.0   3.0  0.98262
 -2.0   3.5  0.97151
 -2.0   4.0  0.95877
 -2.0   4.5  0.94443
 -2.0   5.0  0.92852
 -2.0   5.5  0.91107
 -2.0   6.0  0.89215
 -2.0   6.5  0.87178
 -2.0   7.0  0.85001
 -2.0   7.5  0.82692
 -2.0   8.0  0.80254
 -2.0   8.5  0.77693
 -2.0   9.0  0.75017
 -2.0   9.5  0.72231
 -2.0  10.0  0.69343
 -2.0  10.5  0.66358
 -2.0  11.0  0.63285
 -2.0  11.5  0.60131
 -2.0  12.0  0.56902
 -2.0  12.5  0.53607
 -2.0  13.0  0.50254
 -2.0  13.5  0.46850
 -2.0  14.0  0.43403
 -2.0  14.5  0.39921
 -2.0  15.0  0.36412
 -2.0  15.5  0.32884
 -2.0  16.0  0.29344
 -2.0  16.5  0.25801
 -2.0  17.0  0.22262
 -2.0  17.5  0.18734
 -2.0  18.0  0.15225
 -2.0  18.5  0.11743
 -2.0  19.0  0.08293
 -2.0  19.5  0.04883
 -2.0  20.0  0.01520
 -2.0  20.5 -0.01791
 -2.0  21.0 -0.05044
 -2.0  21.5 -0.08232
 -2.0  22.0 -0.11351
 -2.0  22.5 -0.14395
 -2.0  23.0 -0.17360
 -2.0  23.5 -0.20242
 -2.0  24.0 -0.23037
 -2.0  24.5 -0.25740
 -2.0  25.0 -0.28350
 -2.0  25.5 -0.30862
 -2.0  26.0 -0.33275
 -2.0  26.5 -0.35587
 -2.0  27.0 -0.37795
 -2.0  27.5 -0.39899
 -2.0  28.0 -0.41897
 -2.0  28.5 -0.43789
 -2.0  29.0 -0.45574
 -2.0  29.5 -0.47253
 -2.0  30.0 -0.48825
 -2.0  30.5 -0.50291
 -2.0  31.0 -0.51653
 -2.0  31.5 -0.52911
 -2.0  32.0 -0.54066
 -2.0  32.5 -0.55121
 -2.0  33.0 -0.56077
 -2.0  33.5 -0.56936
 -2.0  34.0 -0.57700
 -2.0  34.5 -0.58371
 -2.0  35.0 -0.58953
 -2.0  35.5 -0.59447
 -2.0  36.0 -0.59857
 -2.0  36.5 -0.60184
 -2.0  37.0 -0.60433
 -2.0  37.5 -0.60606
 -2.0  38.0 -0.60706
 -2.0  38.5 -0.60737
 -2.0  39.0 -0.60700
 -2.0  39.5 -0.60599
 -2.0  40.0 -0.60438
 -2.0  40.5 -0.60219
 -2.0  41.0 -0.59945
 -2.0  41.5 -0.59620
 -2.0  42.0 -0.59246
 -2.0  42.5 -0.58826
 -2.0  43.0 -0.58364
 -2.0  43.5 -0.57861
 -2.0  44.0 -0.57320
 -2.0  44.5 -0.56745
 -2.0  45.0 -0.56137
 -1.5 -45.0 -0.56031
 -1.5 -44.5 -0.56630
 -1.5 -44.0 -0.57197
 -1.5 -43.5 -0.57728
 -1.5 -43.0 -0.58222
 -1.5 -42.5 -0.58675
 -1.5 -42.0 -0.59085
 -1.5 -41.5 -0.59449
 -1.5 -41.0 -0.59764
 -1.5 -40.5 -0.60027
 -1.5 -40.0 -0.60236
 -1.5 -39.5 -0.60387
 -1.5 -39.0 -0.60477
 -1.5 -38.5 -0.60503
 -1.5 -38.0 -0.60462
 -1.5 -37.5 -0.60352
 -1.5 -37.0 -0.60169
 -1.5 -36.5 -0.59910
 -1.5 -36.0 -0.59572
 -1.5 -35.5 -0.59153
 -1.5 -35.0 -0.58649
 -1.5 -34.5 -0.58059
 -1.5 -34.0 -0.57379
 -1.5 -33.5 -0.56607
 -1.5 -33.0 -0.55741
 -1.5 -32.5 -0.54779
 -1.5 -32.0 -0.53718
 -1.5 -31.5 -0.52557
 -1.5 -31.0 -0.51295
 -1.5 -30.5 -0.49930
 -1.5 -30.0 -0.48460
 -1.5 -29.5 -0.46886
 -1.5 -29.0 -0.45207
 -1.5 -28.5 -0.43422
 -1.5 -28.0 -0.41532
 -1.5 -27.5 -0.39536
 -1.5 -27.0 -0.37436
 -1.5 -26.5 -0.35233
 -1.5 -26.0 -0.32927
 -1.5 -25.5 -0.30522
 -1.5 -25.0 -0.28018
 -1.5 -24.5 -0.25418
 -1.5 -24.0 -0.22726
 -1.5 -23.5 -0.19944
 -1.5 -23.0 -0.17076
 -1.5 -22.5 -0.14125
 -1.5 -22.0 -0.11097
 -1.5 -21.5 -0.07995
 -1.5 -21.0 -0.04825
 -1.5 -20.5 -0.01592
 -1.5 -20.0  0.01698
 -1.5 -19.5  0.05040
 -1.5 -19.0  0.08427
 -1.5 -18.5  0.11854
 -1.5 -18.0  0.15313
 -1.5 -17.5  0.18797
 -1.5 -17.0  0.22299
 -1.5 -16.5  0.25812
 -1.5 -16.0  0.29329
 -1.5 -15.5  0.32842
 -1.5 -15.0  0.36344
 -1.5 -14.5  0.39826
 -1.5 -14.0  0.43280
 -1.5 -13.5  0.46700
 -1.5 -13.0  0.50077
 -1.5 -12.5  0.53404
 -1.5 -12.0  0.56672
 -1.5 -11.5  0.59875
 -1.5 -11.0  0.63003
 -1.5 -10.5  0.66051
 -1.5 -10.0  0.69011
 -1.5  -9.5  0.71876
 -1.5  -9.0  0.74639
 -1.5  -8.5  0.77293
 -1.5  -8.0  0.79832
 -1.5  -7.5  0.82249
 -1.5  -7.0  0.84540
 -1.5  -6.5  0.86697
 -1.5  -6.0  0.88717
 -1.5  -5.5  0.90594
 -1.5  -5.0  0.92324
 -1.5  -4.5  0.93902
 -1.5  -4.0  0.95324
 -1.5  -3.5  0.96587
 -1.5  -3.0  0.97688
 -1.5  -2.5  0.98625
 -1.5  -2.0  0.99394
 -1.5  -1.5  0.99994
 -1.5  -1.0  1.00424
 -1.5  -0.5  1.00683
 -1.5   0.0  1.00769
 -1.5   0.5  1.00683
 -1.5   1.0  1.00424
 -1.5   1.5  0.99994
 -1.5   2.0  0.99394
 -1.5   2.5  0.98625
 -1.5   3.0  0.97688
 -1.5   3.5  0.96587
 -1.5   4.0  0.95324
 -1.5   4.5  0.93902
 -1.5   5.0  0.92324
 -1.5   5.5  0.90594
 -1.5   6.0  0.88717
 -1.5   6.5  0.86697
 -1.5   7.0  0.84540
 -1.5   7.5  0.82249
 -1.5   8.0  0.79832
 -1.5   8.5  0.77293
 -1.5   9.0  0.74639
 -1.5   9.5  0.71876
 -1.5  10.0  0.69011
 -1.5  10.5  0.66051
 -1.5  11.0  0.63003
 -1.5  11.5  0.59875
 -1.5  12.0  0.56672
 -1.5  12.5  0.53404
 -1.5  13.0  0.50077
 -1.5  13.5  0.46700
 -1.5  14.0  0.43280
 -1.5  14.5  0.39826
 -1.5  15.0  0.36344
 -1.5  15.5  0.32842
 -1.5  16.0  0.29329
 -1.5  16.5  0.25812
 -1.5  17.0  0.22299
 -1.5  17.5  0.18797
 -1.5  18.0  0.15313
 -1.5  18.5  0.11854
 -1.5  19.0  0.08427
 -1.5  19.5  0.05040
 -1.5  20.0  0.01698
 -1.5  20.5 -0.01592
 -1.5  21.0 -0.04825
 -1.5  21.5 -0.07995
 -1.5  22.0 -0.11097
 -1.5  22.5 -0.14125
 -1.5  23.0 -0.17076
 -1.5  23.5 -0.19944
 -1.5  24.0 -0.22726
 -1.5  24.5 -0.25418
 -1.5  25.0 -0.28018
 -1.5  25.5 -0.30522
 -1.5  26.0 -0.32927
 -1.5  26.5 -0.35233
 -1.5  27.0 -0.37436
 -1.5  27.5 -0.39536
 -1.5  28.0 -0.41532
 -1.5  28.5 -0.43422
 -1.5  29.0 -0.45207
 -1.5  29.5 -0.46886
 -1.5  30.0 -0.48460
 -1.5  30.5 -0.49930
 -1.5  31.0 -0.51295
 -1.5  31.5 -0.52557
 -1.5  32.0 -0.53718
 -1.5  32.5 -0.54779
 -1.5  33.0 -0.55741
 -1.5  33.5 -0.56607
 -1.5  34.0 -0.57379
 -1.5  34.5 -0.58059
 -1.5  35.0 -0.58649
 -1.5  35.5 -0.59153
 -1.5  36.0 -0.59572
 -1.5  36.5 -0.59910
 -1.5  37.0 -0.60169
 -1.5  37.5 -0.60352
 -1.5  38.0 -0.60462
 -1.5  38.5 -0.60503
 -1.5  39.0 -0.60477
 -1.5  39.5 -0.60387
 -1.5  40.0 -0.60236
 -1.5  40.5 -0.60027
 -1.5  41.0 -0.59764
 -1.5  41.5 -0.59449
 -1.5  42.0 -0.59085
 -1.5  42.5 -0.58675
 -1.5  43.0 -0.58222
 -1.5  43.5 -0.57728
 -1.5  44.0 -0.57197
 -1.5  44.5 -0.56630
 -1.5  45.0 -0.56031
 -1.0 -45.0 -0.55956
 -1.0 -44.5 -0.56548
 -1.0 -44.0 -0.57108
 -1.0 -43.5 -0.57633
 -1.0 -43.0 -0.58120
 -1.0 -42.5 -0.58566
 -1.0 -42.0 -0.58969
 -1.0 -41.5 -0.59326
 -1.0 -41.0 -0.59634
 -1.0 -40.5 -0.59890
 -1.0 -40.0 -0.60091
 -1.0 -39.5 -0.60235
 -1.0 -39.0 -0.60317
 -1.0 -38.5 -0.60336
 -1.0 -38.0 -0.60288
 -1.0 -37.5 -0.60170
 -1.0 -37.0 -0.59980
 -1.0 -36.5 -0.59713
 -1.0 -36.0 -0.59369
 -1.0 -35.5 -0.58943
 -1.0 -35.0 -0.58433
 -1.0 -34.5 -0.57836
 -1.0 -34.0 -0.57150
 -1.0 -33.5 -0.56373
 -1.0 -33.0 -0.55502
 -1.0 -32.5 -0.54535
 -1.0 -32.0 -0.53470
 -1.0 -31.5 -0.52305
 -1.0 -31.0 -0.51040
 -1.0 -30.5 -0.49672
 -1.0 -30.0 -0.48201
 -1.0 -29.5 -0.46625
 -1.0 -29.0 -0.44946
 -1.0 -28.5 -0.43161
 -1.0 -28.0 -0.41271
 -1.0 -27.5 -0.39278
 -1.0 -27.0 -0.37180
 -1.0 -26.5 -0.34980
 -1.0 -26.0 -0.32679
 -1.0 -25.5 -0.30279
 -1.0 -25.0 -0.27781
 -1.0 -24.5 -0.25189
 -1.0 -24.0 -0.22505
 -1.0 -23.5 -0.19731
 -1.0 -23.0 -0.16873
 -1.0 -22.5 -0.13933
 -1.0 -22.0 -0.10916
 -1.0 -21.5 -0.07827
 -1.0 -21.0 -0.04670
 -1.0 -20.5 -0.01451
 -1.0 -20.0  0.01825
 -1.0 -19.5  0.05151
 -1.0 -19.0  0.08523
 -1.0 -18.5  0.11933
 -1.0 -18.0  0.15374
 -1.0 -17.5  0.18841
 -1.0 -17.0  0.22325
 -1.0 -16.5  0.25820
 -1.0 -16.0  0.29319
 -1.0 -15.5  0.32813
 -1.0 -15.0  0.36295
 -1.0 -14.5  0.39758
 -1.0 -14.0  0.43193
 -1.0 -13.5  0.46594
 -1.0 -13.0  0.49951
 -1.0 -12.5  0.53259
 -1.0 -12.0  0.56508
 -1.0 -11.5  0.59692
 -1.0 -11.0  0.62803
 -1.0 -10.5  0.65833
 -1.0 -10.0  0.68775
 -1.0  -9.5  0.71623
 -1.0  -9.0  0.74369
 -1.0  -8.5  0.77007
 -1.0  -8.0  0.79531
 -1.0  -7.5  0.81934
 -1.0  -7.0  0.84210
 -1.0  -6.5  0.86355
 -1.0  -6.0  0.88363
 -1.0  -5.5  0.90229
 -1.0  -5.0  0.91948
 -1.0  -4.5  0.93516
 -1.0  -4.0  0.94930
 -1.0  -3.5  0.96185
 -1.0  -3.0  0.97280
 -1.0  -2.5  0.98210
 -1.0  -2.0  0.98975
 -1.0  -1.5  0.99572
 -1.0  -1.0  0.99999
 -1.0  -0.5  1.00256
 -1.0   0.0  1.00341
 -1.0   0.5  1.00256
 -1.0   1.0  0.99999
 -1.0   1.5  0.99572
 -1.0   2.0  0.98975
 -1.0   2.5  0.98210
 -1.0   3.0  0.97280
 -1.0   3.5  0.96185
 -1.0   4.0  0.94930
 -1.0   4.5  0.93516
 -1.0   5.0  0.91948
 -1.0   5.5  0.90229
 -1.0   6.0  0.88363
 -1.0   6.5  0.86355
 -1.0   7.0  0.84210
 -1.0   7.5  0.81934
 -1.0   8.0  0.79531
 -1.0   8.5  0.77007
 -1.0   9.0  0.74369
 -1.0   9.5  0.71623
 -1.0  10.0  0.68775
 -1.0  10.5  0.65833
 -1.0  11.0  0.62803
 -1.0  11.5  0.59692
 -1.0  12.0  0.56508
 -1.0  12.5  0.53259
 -1.0  13.0  0.49951
 -1.0  13.5  0.46594
 -1.0  14.0  0.43193
 -1.0  14.5  0.39758
 -1.0  15.0  0.36295
 -1.0  15.5  0.32813
 -1.0  16.0  0.29319
 -1.0  16.5  0.25820
 -1.0  17.0  0.22325
 -1.0  17.5  0.18841
 -1.0  18.0  0.15374
 -1.0  18.5  0.11933
 -1.0  19.0  0.08523
 -1.0  19.5  0.05151
 -1.0  20.0  0.01825
 -1.0  20.5 -0.01451
 -1.0  21.0 -0.04670
 -1.0  21.5 -0.07827
 -1.0  22.0 -0.10916
 -1.0  22.5 -0.13933
 -1.0  23.0 -0.16873
 -1.0  23.5 -0.19731
 -1.0  24.0 -0.22505
 -1.0  24.5 -0.25189
 -1.0  25.0 -0.27781
 -1.0  25.5 -0.30279
 -1.0  26.0 -0.32679
 -1.0  26.5 -0.34980
 -1.0  27.0 -0.37180
 -1.0  27.5 -0.39278
 -1.0  28.0 -0.41271
 -1.0  28.5 -0.43161
 -1.0  29.0 -0.44946
 -1.0  29.5 -0.46625
 -1.0  30.0 -0.48201
 -1.0  30.5 -0.49672
 -1.0  31.0 -0.51040
 -1.0  31.5 -0.52305
 -1.0  32.0 -0.53470
 -1.0  32.5 -0.54535
 -1.0  33.0 -0.55502
 -1.0  33.5 -0.56373
 -1.0  34.0 -0.57150
 -1.0  34.5 -0.57836
 -1.0  35.0 -0.58433
 -1.0  35.5 -0.58943
 -1.0  36.0 -0.59369
 -1.0  36.5 -0.59713
 -1.0  37.0 -0.59980
 -1.0  37.5 -0.60170
 -1.0  38.0 -0.60288
 -1.0  38.5 -0.60336
 -1.0  39.0 -0.60317
 -1.0  39.5 -0.60235
 -1.0  40.0 -0.60091
 -1.0  40.5 -0.59890
 -1.0  41.0 -0.59634
 -1.0  41.5 -0.59326
 -1.0  42.0 -0.58969
 -1.0  42.5 -0.58566
 -1.0  43.0 -0.58120
 -1.0  43.5 -0.57633
 -1.0  44.0 -0.57108
 -1.0  44.5 -0.56548
 -1.0  45.0 -0.55956
 -0.5 -45.0 -0.55910
 -0.5 -44.5 -0.56499
 -0.5 -44.0 -0.57055
 -0.5 -43.5 -0.57576
 -0.5 -43.0 -0.58059
 -0.5 -42.5 -0.58501
 -0.5 -42.0 -0.58900
 -0.5 -41.5 -0.59253
 -0.5 -41.0 -0.59556
 -0.5 -40.5 -0.59808
 -0.5 -40.0 -0.60004
 -0.5 -39.5 -0.60143
 -0.5 -39.0 -0.60221
 -0.5 -38.5 -0.60236
 -0.5 -38.0 -0.60183
 -0.5 -37.5 -0.60061
 -0.5 -37.0 -0.59866
 -0.5 -36.5 -0.59596
 -0.5 -36.0 -0.59247
 -0.5 -35.5 -0.58817
 -0.5 -35.0 -0.58303
 -0.5 -34.5 -0.57703
 -0.5 -34.0 -0.57013
 -0.5 -33.5 -0.56233
 -0.5 -33.0 -0.55358
 -0.5 -32.5 -0.54388
 -0.5 -32.0 -0.53321
 -0.5 -31.5 -0.52154
 -0.5 -31.0 -0.50887
 -0.5 -30.5 -0.49517
 -0.5 -30.0 -0.48045
 -0.5 -29.5 -0.46469
 -0.5 -29.0 -0.44789
 -0.5 -28.5 -0.43004
 -0.5 -28.0 -0.41116
 -0.5 -27.5 -0.39123
 -0.5 -27.0 -0.37027
 -0.5 -26.5 -0.34830
 -0.5 -26.0 -0.32531
 -0.5 -25.5 -0.30134
 -0.5 -25.0 -0.27640
 -0.5 -24.5 -0.25052
 -0.5 -24.0 -0.22372
 -0.5 -23.5 -0.19604
 -0.5 -23.0 -0.16752
 -0.5 -22.5 -0.13818
 -0.5 -22.0 -0.10808
 -0.5 -21.5 -0.07727
 -0.5 -21.0 -0.04578
 -0.5 -20.5 -0.01367
 -0.5 -20.0  0.01900
 -0.5 -19.5  0.05218
 -0.5 -19.0  0.08580
 -0.5 -18.5  0.11980
 -0.5 -18.0  0.15411
 -0.5 -17.5  0.18867
 -0.5 -17.0  0.22341
 -0.5 -16.5  0.25825
 -0.5 -16.0  0.29312
 -0.5 -15.5  0.32795
 -0.5 -15.0  0.36265
 -0.5 -14.5  0.39717
 -0.5 -14.0  0.43141
 -0.5 -13.5  0.46530
 -0.5 -13.0  0.49876
 -0.5 -12.5  0.53172
 -0.5 -12.0  0.56410
 -0.5 -11.5  0.59583
 -0.5 -11.0  0.62682
 -0.5 -10.5  0.65701
 -0.5 -10.0  0.68633
 -0.5  -9.5  0.71471
 -0.5  -9.0  0.74207
 -0.5  -8.5  0.76836
 -0.5  -8.0  0.79350
 -0.5  -7.5  0.81745
 -0.5  -7.0  0.84013
 -0.5  -6.5  0.86150
 -0.5  -6.0  0.88151
 -0.5  -5.5  0.90009
 -0.5  -5.0  0.91722
 -0.5  -4.5  0.93285
 -0.5  -4.0  0.94693
 -0.5  -3.5  0.95944
 -0.5  -3.0  0.97035
 -0.5  -2.5  0.97962
 -0.5  -2.0  0.98724
 -0.5  -1.5  0.99318
 -0.5  -1.0  0.99744
 -0.5  -0.5  1.00000
 -0.5   0.0  1.00085
 -0.5   0.5  1.00000
 -0.5   1.0  0.99744
 -0.5   1.5  0.99318
 -0.5   2.0  0.98724
 -0.5   2.5  0.97962
 -0.5   3.0  0.97035
 -0.5   3.5  0.95944
 -0.5   4.0  0.94693
 -0.5   4.5  0.93285
 -0.5   5.0  0.91722
 -0.5   5.5  0.90009
 -0.5   6.0  0.88151
 -0.5   6.5  0.86150
 -0.5   7.0  0.84013
 -0.5   7.5  0.81745
 -0.5   8.0  0.79350
 -0.5   8.5  0.76836
 -0.5   9.0  0.74207
 -0.5   9.5  0.71471
 -0.5  10.0  0.68633
 -0.5  10.5  0.65701
 -0.5  11.0  0.62682
 -0.5  11.5  0.59583
 -0.5  12.0  0.56410
 -0.5  12.5  0.53172
 -0.5  13.0  0.49876
 -0.5  13.5  0.46530
 -0.5  14.0  0.43141
 -0.5  14.5  0.39717
 -0.5  15.0  0.36265
 -0.5  15.5  0.32795
 -0.5  16.0  0.29312
 -0.5  16.5  0.25825
 -0.5  17.0  0.22341
 -0.5  17.5  0.18867
 -0.5  18.0  0.15411
 -0.5  18.5  0.11980
 -0.5  19.0  0.08580
 -0.5  19.5  0.05218
 -0.5  20.0  0.01900
 -0.5  20.5 -0.01367
 -0.5  21.0 -0.04578
 -0.5  21.5 -0.07727
 -0.5  22.0 -0.10808
 -0.5  22.5 -0.13818
 -0.5  23.0 -0.16752
 -0.5  23.5 -0.19604
 -0.5  24.0 -0.22372
 -0.5  24.5 -0.25052
 -0.5  25.0 -0.27640
 -0.5  25.5 -0.30134
 -0.5  26.0 -0.32531
 -0.5  26.5 -0.34830
 -0.5  27.0 -0.37027
 -0.5  27.5 -0.39123
 -0.5  28.0 -0.41116
 -0.5  28.5 -0.43004
 -0.5  29.0 -0.44789
 -0.5  29.5 -0.46469
 -0.5  30.0 -0.48045
 -0.5  30.5 -0.49517
 -0.5  31.0 -0.50887
 -0.5  31.5 -0.52154
 -0.5  32.0 -0.53321
 -0.5  32.5 -0.54388
 -0.5  33.0 -0.55358
 -0.5  33.5 -0.56233
 -0.5  34.0 -0.57013
 -0.5  34.5 -0.57703
 -0.5  35.0 -0.58303
 -0.5  35.5 -0.58817
 -0.5  36.0 -0.59247
 -0.5  36.5 -0.59596
 -0.5  37.0 -0.59866
 -0.5  37.5 -0.60061
 -0.5  38.0 -0.60183
 -0.5  38.5 -0.60236
 -0.5  39.0 -0.60221
 -0.5  39.5 -0.60143
 -0.5  40.0 -0.60004
 -0.5  40.5 -0.59808
 -0.5  41.0 -0.59556
 -0.5  41.5 -0.59253
 -0.5  42.0 -0.58900
 -0.5  42.5 -0.58501
 -0.5  43.0 -0.58059
 -0.5  43.5 -0.57576
 -0.5  44.0 -0.57055
 -0.5  44.5 -0.56499
 -0.5  45.0 -0.55910
  0.0 -45.0 -0.55895
  0.0 -44.5 -0.56483
  0.0 -44.0 -0.57038
  0.0 -43.5 -0.57557
  0.0 -43.0 -0.58039
  0.0 -42.5 -0.58480
  0.0 -42.0 -0.58877
  0.0 -41.5 -0.59228
  0.0 -41.0 -0.59530
  0.0 -40.5 -0.59780
  0.0 -40.0 -0.59976
  0.0 -39.5 -0.60113
  0.0 -39.0 -0.60190
  0.0 -38.5 -0.60202
  0.0 -38.0 -0.60148
  0.0 -37.5 -0.60025
  0.0 -37.0 -0.59828
  0.0 -36.5 -0.59557
  0.0 -36.0 -0.59206
  0.0 -35.5 -0.58775
  0.0 -35.0 -0.58260
  0.0 -34.5 -0.57658
  0.0 -34.0 -0.56968
  0.0 -33.5 -0.56186
  0.0 -33.0 -0.55310
  0.0 -32.5 -0.54340
  0.0 -32.0 -0.53271
  0.0 -31.5 -0.52104
  0.0 -31.0 -0.50836
  0.0 -30.5 -0.49466
  0.0 -30.0 -0.47993
  0.0 -29.5 -0.46417
  0.0 -29.0 -0.44737
  0.0 -28.5 -0.42952
  0.0 -28.0 -0.41064
  0.0 -27.5 -0.39072
  0.0 -27.0 -0.36976
  0.0 -26.5 -0.34779
  0.0 -26.0 -0.32482
  0.0 -25.5 -0.30086
  0.0 -25.0 -0.27593
  0.0 -24.5 -0.25006
  0.0 -24.0 -0.22328
  0.0 -23.5 -0.19562
  0.0 -23.0 -0.16711
  0.0 -22.5 -0.13780
  0.0 -22.0 -0.10773
  0.0 -21.5 -0.07693
  0.0 -21.0 -0.04547
  0.0 -20.5 -0.01339
  0.0 -20.0  0.01926
  0.0 -19.5  0.05240
  0.0 -19.0  0.08599
  0.0 -18.5  0.11996
  0.0 -18.0  0.15424
  0.0 -17.5  0.18876
  0.0 -17.0  0.22346
  0.0 -16.5  0.25826
  0.0 -16.0  0.29310
  0.0 -15.5  0.32789
  0.0 -15.0  0.36256
  0.0 -14.5  0.39703
  0.0 -14.0  0.43123
  0.0 -13.5  0.46508
  0.0 -13.0  0.49851
  0.0 -12.5  0.53143
  0.0 -12.0  0.56377
  0.0 -11.5  0.59546
  0.0 -11.0  0.62642
  0.0 -10.5  0.65658
  0.0 -10.0  0.68586
  0.0  -9.5  0.71420
  0.0  -9.0  0.74153
  0.0  -8.5  0.76779
  0.0  -8.0  0.79290
  0.0  -7.5  0.81682
  0.0  -7.0  0.83948
  0.0  -6.5  0.86082
  0.0  -6.0  0.88080
  0.0  -5.5  0.89936
  0.0  -5.0  0.91647
  0.0  -4.5  0.93208
  0.0  -4.0  0.94615
  0.0  -3.5  0.95864
  0.0  -3.0  0.96953
  0.0  -2.5  0.97880
  0.0  -2.0  0.98640
  0.0  -1.5  0.99234
  0.0  -1.0  0.99659
  0.0  -0.5  0.99915
  0.0   0.0  1.00000
  0.0   0.5  0.99915
  0.0   1.0  0.99659
  0.0   1.5  0.99234
  0.0   2.0  0.98640
  0.0   2.5  0.97880
  0.0   3.0  0.96953
  0.0   3.5  0.95864
  0.0   4.0  0.94615
  0.0   4.5  0.93208
  0.0   5.0  0.91647
  0.0   5.5  0.89936
  0.0   6.0  0.88080
  0.0   6.5  0.86082
  0.0   7.0  0.83948
  0.0   7.5  0.81682
  0.0   8.0  0.79290
  0.0   8.5  0.76779
  0.0   9.0  0.74153
  0.0   9.5  0.71420
  0.0  10.0  0.68586
  0.0  10.5  0.65658
  0.0  11.0  0.62642
  0.0  11.5  0.59546
  0.0  12.0  0.56377
  0.0  12.5  0.53143
  0.0  13.0  0.49851
  0.0  13.5  0.46508
  0.0  14.0  0.43123
  0.0  14.5  0.39703
  0.0  15.0  0.36256
  0.0  15.5  0.32789
  0.0  16.0  0.29310
  0.0  16.5  0.25826
  0.0  17.0  0.22346
  0.0  17.5  0.18876
  0.0  18.0  0.15424
  0.0  18.5  0.11996
  0.0  19.0  0.08599
  0.0  19.5  0.05240
  0.0  20.0  0.01926
  0.0  20.5 -0.01339
  0.0  21.0 -0.04547
  0.0  21.5 -0.07693
  0.0  22.0 -0.10773
  0.0  22.5 -0.13780
  0.0  23.0 -0.16711
  0.0  23.5 -0.19562
  0.0  24.0 -0.22328
  0.0  24.5 -0.25006
  0.0  25.0 -0.27593
  0.0  25.5 -0.30086
  0.0  26.0 -0.32482
  0.0  26.5 -0.34779
  0.0  27.0 -0.36976
  0.0  27.5 -0.39072
  0.0  28.0 -0.41064
  0.0  28.5 -0.42952
  0.0  29.0 -0.44737
  0.0  29.5 -0.46417
  0.0  30.0 -0.47993
  0.0  30.5 -0.49466
  0.0  31.0 -0.50836
  0.0  31.5 -0.52104
  0.0  32.0 -0.53271
  0.0  32.5 -0.54340
  0.0  33.0 -0.55310
  0.0  33.5 -0.56186
  0.0  34.0 -0.56968
  0.0  34.5 -0.57658
  0.0  35.0 -0.58260
  0.0  35.5 -0.58775
  0.0  36.0 -0.59206
  0.0  36.5 -0.59557
  0.0  37.0 -0.59828
  0.0  37.5 -0.60025
  0.0  38.0 -0.60148
  0.0  38.5 -0.60202
  0.0  39.0 -0.60190
  0.0  39.5 -0.60113
  0.0  40.0 -0.59976
  0.0  40.5 -0.59780
  0.0  41.0 -0.59530
  0.0  41.5 -0.59228
  0.0  42.0 -0.58877
  0.0  42.5 -0.58480
  0.0  43.0 -0.58039
  0.0  43.5 -0.57557
  0.0  44.0 -0.57038
  0.0  44.5 -0.56483
  0.0  45.0 -0.55895
  0.5 -45.0 -0.55910
  0.5 -44.5 -0.56499
  0.5 -44.0 -0.57055
  0.5 -43.5 -0.57576
  0.5 -43.0 -0.58059
  0.5 -42.5 -0.58501
  0.5 -42.0 -0.58900
  0.5 -41.5 -0.59253
  0.5 -41.0 -0.59556
  0.5 -40.5 -0.59808
  0.5 -40.0 -0.60004
  0.5 -39.5 -0.60143
  0.5 -39.0 -0.60221
  0.5 -38.5 -0.60236
  0.5 -38.0 -0.60183
  0.5 -37.5 -0.60061
  0.5 -37.0 -0.59866
  0.5 -36.5 -0.59596
  0.5 -36.0 -0.59247
  0.5 -35.5 -0.58817
  0.5 -35.0 -0.58303
  0.5 -34.5 -0.57703
  0.5 -34.0 -0.57013
  0.5 -33.5 -0.56233
  0.5 -33.0 -0.55358
  0.5 -32.5 -0.54388
  0.5 -32.0 -0.53321
  0.5 -31.5 -0.52154
  0.5 -31.0 -0.50887
  0.5 -30.5 -0.49517
  0.5 -30.0 -0.48045
  0.5 -29.5 -0.46469
  0.5 -29.0 -0.44789
  0.5 -28.5 -0.43004
  0.5 -28.0 -0.41116
  0.5 -27.5 -0.39123
  0.5 -27.0 -0.37027
  0.5 -26.5 -0.34830
  0.5 -26.0 -0.32531
  0.5 -25.5 -0.30134
  0.5 -25.0 -0.27640
  0.5 -24.5 -0.25052
  0.5 -24.0 -0.22372
  0.5 -23.5 -0.19604
  0.5 -23.0 -0.16752
  0.5 -22.5 -0.13818
  0.5 -22.0 -0.10808
  0.5 -21.5 -0.07727
  0.5 -21.0 -0.04578
  0.5 -20.5 -0.01367
  0.5 -20.0  0.01900
  0.5 -19.5  0.05218
  0.5 -19.0  0.08580
  0.5 -18.5  0.11980
  0.5 -18.0  0.15411
  0.5 -17.5  0.18867
  0.5 -17.0  0.22341
  0.5 -16.5  0.25825
  0.5 -16.0  0.29312
  0.5 -15.5  0.32795
  0.5 -15.0  0.36265
  0.5 -14.5  0.39717
  0.5 -14.0  0.43141
  0.5 -13.5  0.46530
  0.5 -13.0  0.49876
  0.5 -12.5  0.53172
  0.5 -12.0  0.56410
  0.5 -11.5  0.59583
  0.5 -11.0  0.62682
  0.5 -10.5  0.65701
  0.5 -10.0  0.68633
  0.5  -9.5  0.71471
  0.5  -9.0  0.74207
  0.5  -8.5  0.76836
  0.5  -8.0  0.79350
  0.5  -7.5  0.81745
  0.5  -7.0  0.84013
  0.5  -6.5  0.86150
  0.5  -6.0  0.88151
  0.5  -5.5  0.90009
  0.5  -5.0  0.91722
  0.5  -4.5  0.93285
  0.5  -4.0  0.94693
  0.5  -3.5  0.95944
  0.5  -3.0  0.97035
  0.5  -2.5  0.97962
  0.5  -2.0  0.98724
  0.5  -1.5  0.99318
  0.5  -1.0  0.99744
  0.5  -0.5  1.00000
  0.5   0.0  1.00085
  0.5   0.5  1.00000
  0.5   1.0  0.99744
  0.5   1.5  0.99318
  0.5   2.0  0.98724
  0.5   2.5  0.97962
  0.5   3.0  0.97035
  0.5   3.5  0.95944
  0.5   4.0  0.94693
  0.5   4.5  0.93285
  0.5   5.0  0.91722
  0.5   5.5  0.90009
  0.5   6.0  0.88151
  0.5   6.5  0.86150
  0.5   7.0  0.84013
  0.5   7.5  0.81745
  0.5   8.0  0.79350
  0.5   8.5  0.76836
  0.5   9.0  0.74207
  0.5   9.5  0.71471
  0.5  10.0  0.68633
  0.5  10.5  0.65701
  0.5  11.0  0.62682
  0.5  11.5  0.59583
  0.5  12.0  0.56410
  0.5  12.5  0.53172
  0.5  13.0  0.49876
  0.5  13.5  0.46530
  0.5  14.0  0.43141
  0.5  14.5  0.39717
  0.5  15.0  0.36265
  0.5  15.5  0.32795
  0.5  16.0  0.29312
  0.5  16.5  0.25825
  0.5  17.0  0.22341
  0.5  17.5  0.18867
  0.5  18.0  0.15411
  0.5  18.5  0.11980
  0.5  19.0  0.08580
  0.5  19.5  0.05218
  0.5  20.0  0.01900
  0.5  20.5 -0.01367
  0.5  21.0 -0.04578
  0.5  21.5 -0.07727
  0.5  22.0 -0.10808
  0.5  22.5 -0.13818
  0.5  23.0 -0.16752
  0.5  23.5 -0.19604
  0.5  24.0 -0.22372
  0.5  24.5 -0.25052
  0.5  25.0 -0.27640
  0.5  25.5 -0.30134
  0.5  26.0 -0.32531
  0.5  26.5 -0.34830
  0.5  27.0 -0.37027
  0.5  27.5 -0.39123
  0.5  28.0 -0.41116
  0.5  28.5 -0.43004
  0.5  29.0 -0.44789
  0.5  29.5 -0.46469
  0.5  30.0 -0.48045
  0.5  30.5 -0.49517
  0.5  31.0 -0.50887
  0.5  31.5 -0.52154
  0.5  32.0 -0.53321
  0.5  32.5 -0.54388
  0.5  33.0 -0.55358
  0.5  33.5 -0.56233
  0.5  34.0 -0.57013
  0.5  34.5 -0.57703
  0.5  35.0 -0.58303
  0.5  35.5 -0.58817
  0.5  36.0 -0.59247
  0.5  36.5 -0.59596
  0.5  37.0 -0.59866
  0.5  37.5 -0.60061
  0.5  38.0 -0.60183
  0.5  38.5 -0.60236
  0.5  39.0 -0.60221
  0.5  39.5 -0.60143
  0.5  40.0 -0.60004
  0.5  40.5 -0.59808
  0.5  41.0 -0.59556
  0.5  41.5 -0.59253
  0.5  42.0 -0.58900
  0.5  42.5 -0.58501
  0.5  43.0 -0.58059
  0.5  43.5 -0.57576
  0.5  44.0 -0.57055
  0.5  44.5 -0.56499
  0.5  45.0 -0.55910
  1.0 -45.0 -0.55956
  1.0 -44.5 -0.56548
  1.0 -44.0 -0.57108
  1.0 -43.5 -0.57633
  1.0 -43.0 -0.58120
  1.0 -42.5 -0.58566
  1.0 -42.0 -0.58969
  1.0 -41.5 -0.59326
  1.0 -41.0 -0.59634
  1.0 -40.5 -0.59890
  1.0 -40.0 -0.60091
  1.0 -39.5 -0.60235
  1.0 -39.0 -0.60317
  1.0 -38.5 -0.60336
  1.0 -38.0 -0.60288
  1.0 -37.5 -0.60170
  1.0 -37.0 -0.59980
  1.0 -36.5 -0.59713
  1.0 -36.0 -0.59369
  1.0 -35.5 -0.58943
  1.0 -35.0 -0.58433
  1.0 -34.5 -0.57836
  1.0 -34.0 -0.57150
  1.0 -33.5 -0.56373
  1.0 -33.0 -0.55502
  1.0 -32.5 -0.54535
  1.0 -32.0 -0.53470
  1.0 -31.5 -0.52305
  1.0 -31.0 -0.51040
  1.0 -30.5 -0.49672
  1.0 -30.0 -0.48201
  1.0 -29.5 -0.46625
  1.0 -29.0 -0.44946
  1.0 -28.5 -0.43161
  1.0 -28.0 -0.41271
  1.0 -27.5 -0.39278
  1.0 -27.0 -0.37180
  1.0 -26.5 -0.34980
  1.0 -26.0 -0.32679
  1.0 -25.5 -0.30279
  1.0 -25.0 -0.27781
  1.0 -24.5 -0.25189
  1.0 -24.0 -0.22505
  1.0 -23.5 -0.19731
  1.0 -23.0 -0.16873
  1.0 -22.5 -0.13933
  1.0 -22.0 -0.10916
  1.0 -21.5 -0.07827
  1.0 -21.0 -0.04670
  1.0 -20.5 -0.01451
  1.0 -20.0  0.01825
  1.0 -19.5  0.05151
  1.0 -19.0  0.08523
  1.0 -18.5  0.11933
  1.0 -18.0  0.15374
  1.0 -17.5  0.18841
  1.0 -17.0  0.22325
  1.0 -16.5  0.25820
  1.0 -16.0  0.29319
  1.0 -15.5  0.32813
  1.0 -15.0  0.36295
  1.0 -14.5  0.39758
  1.0 -14.0  0.43193
  1.0 -13.5  0.46594
  1.0 -13.0  0.49951
  1.0 -12.5  0.53259
  1.0 -12.0  0.56508
  1.0 -11.5  0.59692
  1.0 -11.0  0.62803
  1.0 -10.5  0.65833
  1.0 -10.0  0.68775
  1.0  -9.5  0.71623
  1.0  -9.0  0.74369
  1.0  -8.5  0.77007
  1.0  -8.0  0.79531
  1.0  -7.5  0.81934
  1.0  -7.0  0.84210
  1.0  -6.5  0.86355
  1.0  -6.0  0.88363
  1.0  -5.5  0.90229
  1.0  -5.0  0.91948
  1.0  -4.5  0.93516
  1.0  -4.0  0.94930
  1.0  -3.5  0.96185
  1.0  -3.0  0.97280
  1.0  -2.5  0.98210
  1.0  -2.0  0.98975
  1.0  -1.5  0.99572
  1.0  -1.0  0.99999
  1.0  -0.5  1.00256
  1.0   0.0  1.00341
  1.0   0.5  1.00256
  1.0   1.0  0.99999
  1.0   1.5  0.99572
  1.0   2.0  0.98975
  1.0   2.5  0.98210
  1.0   3.0  0.97280
  1.0   3.5  0.96185
  1.0   4.0  0.94930
  1.0   4.5  0.93516
  1.0   5.0  0.91948
  1.0   5.5  0.90229
  1.0   6.0  0.88363
  1.0   6.5  0.86355
  1.0   7.0  0.84210
  1.0   7.5  0.81934
  1.0   8.0  0.79531
  1.0   8.5  0.77007
  1.0   9.0  0.74369
  1.0   9.5  0.71623
  1.0  10.0  0.68775
  1.0  10.5  0.65833
  1.0  11.0  0.62803
  1.0  11.5  0.59692
  1.0  12.0  0.56508
  1.0  12.5  0.53259
  1.0  13.0  0.49951
  1.0  13.5  0.46594
  1.0  14.0  0.43193
  1.0  14.5  0.39758
  1.0  15.0  0.36295
  1.0  15.5  0.32813
  1.0  16.0  0.29319
  1.0  16.5  0.25820
  1.0  17.0  0.22325
  1.0  17.5  0.18841
  1.0  18.0  0.15374
  1.0  18.5  0.11933
  1.0  19.0  0.08523
  1.0  19.5  0.05151
  1.0  20.0  0.01825
  1.0  20.5 -0.01451
  1.0  21.0 -0.04670
  1.0  21.5 -0.07827
  1.0  22.0 -0.10916
  1.0  22.5 -0.13933
  1.0  23.0 -0.16873
  1.0  23.5 -0.19731
  1.0  24.0 -0.22505
  1.0  24.5 -0.25189
  1.0  25.0 -0.27781
  1.0  25.5 -0.30279
  1.0  26.0 -0.32679
  1.0  26.5 -0.34980
  1.0  27.0 -0.37180
  1.0  27.5 -0.39278
  1.0  28.0 -0.41271
  1.0  28.5 -0.43161
  1.0  29.0 -0.44946
  1.0  29.5 -0.46625
  1.0  30.0 -0.48201
  1.0  30.5 -0.49672
  1.0  31.0 -0.51040
  1.0  31.5 -0.52305
  1.0  32.0 -0.53470
  1.0  32.5 -0.54535
  1.0  33.0 -0.55502
  1.0  33.5 -0.56373
  1.0  34.0 -0.57150
  1.0  34.5 -0.57836
  1.0  35.0 -0.58433
  1.0  35.5 -0.58943
  1.0  36.0 -0.59369
  1.0  36.5 -0.59713
  1.0  37.0 -0.59980
  1.0  37.5 -0.60170
  1.0  38.0 -0.60288
  1.0  38.5 -0.60336
  1.0  39.0 -0.60317
  1.0  39.5 -0.60235
  1.0  40.0 -0.60091
  1.0  40.5 -0.59890
  1.0  41.0 -0.59634
  1.0  41.5 -0.59326
  1.0  42.0 -0.58969
  1.0  42.5 -0.58566
  1.0  43.0 -0.58120
  1.0  43.5 -0.57633
  1.0  44.0 -0.57108
  1.0  44.5 -0.56548
  1.0  45.0 -0.55956
  1.5 -45.0 -0.56031
  1.5 -44.5 -0.56630
  1.5 -44.0 -0.57197
  1.5 -43.5 -0.57728
  1.5 -43.0 -0.58222
  1.5 -42.5 -0.58675
  1.5 -42.0 -0.59085
  1.5 -41.5 -0.59449
  1.5 -41.0 -0.59764
  1.5 -40.5 -0.60027
  1.5 -40.0 -0.60236
  1.5 -39.5 -0.60387
  1.5 -39.0 -0.60477
  1.5 -38.5 -0.60503
  1.5 -38.0 -0.60462
  1.5 -37.5 -0.60352
  1.5 -37.0 -0.60169
  1.5 -36.5 -0.59910
  1.5 -36.0 -0.59572
  1.5 -35.5 -0.59153
  1.5 -35.0 -0.58649
  1.5 -34.5 -0.58059
  1.5 -34.0 -0.57379
  1.5 -33.5 -0.56607
  1.5 -33.0 -0.55741
  1.5 -32.5 -0.54779
  1.5 -32.0 -0.53718
  1.5 -31.5 -0.52557
  1.5 -31.0 -0.51295
  1.5 -30.5 -0.49930
  1.5 -30.0 -0.48460
  1.5 -29.5 -0.46886
  1.5 -29.0 -0.45207
  1.5 -28.5 -0.43422
  1.5 -28.0 -0.41532
  1.5 -27.5 -0.39536
  1.5 -27.0 -0.37436
  1.5 -26.5 -0.35233
  1.5 -26.0 -0.32927
  1.5 -25.5 -0.30522
  1.5 -25.0 -0.28018
  1.5 -24.5 -0.25418
  1.5 -24.0 -0.22726
  1.5 -23.5 -0.19944
  1.5 -23.0 -0.17076
  1.5 -22.5 -0.14125
  1.5 -22.0 -0.11097
  1.5 -21.5 -0.07995
  1.5 -21.0 -0.04825
  1.5 -20.5 -0.01592
  1.5 -20.0  0.01698
  1.5 -19.5  0.05040
  1.5 -19.0  0.08427
  1.5 -18.5  0.11854
  1.5 -18.0  0.15313
  1.5 -17.5  0.18797
  1.5 -17.0  0.22299
  1.5 -16.5  0.25812
  1.5 -16.0  0.29329
  1.5 -15.5  0.32842
  1.5 -15.0  0.36344
  1.5 -14.5  0.39826
  1.5 -14.0  0.43280
  1.5 -13.5  0.46700
  1.5 -13.0  0.50077
  1.5 -12.5  0.53404
  1.5 -12.0  0.56672
  1.5 -11.5  0.59875
  1.5 -11.0  0.63003
  1.5 -10.5  0.66051
  1.5 -10.0  0.69011
  1.5  -9.5  0.71876
  1.5  -9.0  0.74639
  1.5  -8.5  0.77293
  1.5  -8.0  0.79832
  1.5  -7.5  0.82249
  1.5  -7.0  0.84540
  1.5  -6.5  0.86697
  1.5  -6.0  0.88717
  1.5  -5.5  0.90594
  1.5  -5.0  0.92324
  1.5  -4.5  0.93902
  1.5  -4.0  0.95324
  1.5  -3.5  0.96587
  1.5  -3.0  0.97688
  1.5  -2.5  0.98625
  1.5  -2.0  0.99394
  1.5  -1.5  0.99994
  1.5  -1.0  1.00424
  1.5  -0.5  1.00683
  1.5   0.0  1.00769
  1.5   0.5  1.00683
  1.5   1.0  1.00424
  1.5   1.5  0.99994
  1.5   2.0  0.99394
  1.5   2.5  0.98625
  1.5   3.0  0.97688
  1.5   3.5  0.96587
  1.5   4.0  0.95324
  1.5   4.5  0.93902
  1.5   5.0  0.92324
  1.5   5.5  0.90594
  1.5   6.0  0.88717
  1.5   6.5  0.86697
  1.5   7.0  0.84540
  1.5   7.5  0.82249
  1.5   8.0  0.79832
  1.5   8.5  0.77293
  1.5   9.0  0.74639
  1.5   9.5  0.71876
  1.5  10.0  0.69011
  1.5  10.5  0.66051
  1.5  11.0  0.63003
  1.5  11.5  0.59875
  1.5  12.0  0.56672
  1.5  12.5  0.53404
  1.5  13.0  0.50077
  1.5  13.5  0.46700
  1.5  14.0  0.43280
  1.5  14.5  0.39826
  1.5  15.0  0.36344
  1.5  15.5  0.32842
  1.5  16.0  0.29329
  1.5  16.5  0.25812
  1.5  17.0  0.22299
  1.5  17.5  0.18797
  1.5  18.0  0.15313
  1.5  18.5  0.11854
  1.5  19.0  0.08427
  1.5  19.5  0.05040
  1.5  20.0  0.01698
  1.5  20.5 -0.01592
  1.5  21.0 -0.04825
  1.5  21.5 -0.07995
  1.5  22.0 -0.11097
  1.5  22.5 -0.14125
  1.5  23.0 -0.17076
  1.5  23.5 -0.19944
  1.5  24.0 -0.22726
  1.5  24.5 -0.25418
  1.5  25.0 -0.28018
  1.5  25.5 -0.30522
  1.5  26.0 -0.32927
  1.5  26.5 -0.35233
  1.5  27.0 -0.37436
  1.5  27.5 -0.39536
  1.5  28.0 -0.41532
  1.5  28.5 -0.43422
  1.5  29.0 -0.45207
  1.5  29.5 -0.46886
  1.5  30.0 -0.48460
  1.5  30.5 -0.49930
  1.5  31.0 -0.51295
  1.5  31.5 -0.52557
  1.5  32.0 -0.53718
  1.5  32.5 -0.54779
  1.5  33.0 -0.55741
  1.5  33.5 -0.56607
  1.5  34.0 -0.57379
  1.5  34.5 -0.58059
  1.5  35.0 -0.58649
  1.5  35.5 -0.59153
  1.5  36.0 -0.59572
  1.5  36.5 -0.59910
  1.5  37.0 -0.60169
  1.5  37.5 -0.60352
  1.5  38.0 -0.60462
  1.5  38.5 -0.60503
  1.5  39.0 -0.60477
  1.5  39.5 -0.60387
  1.5  40.0 -0.60236
  1.5  40.5 -0.60027
  1.5  41.0 -0.59764
  1.5  41.5 -0.59449
  1.5  42.0 -0.59085
  1.5  42.5 -0.58675
  1.5  43.0 -0.58222
  1.5  43.5 -0.57728
  1.5  44.0 -0.57197
  1.5  44.5 -0.56630
  1.5  45.0 -0.56031
  2.0 -45.0 -0.56137
  2.0 -44.5 -0.56745
  2.0 -44.0 -0.57320
  2.0 -43.5 -0.57861
  2.0 -43.0 -0.58364
  2.0 -42.5 -0.58826
  2.0 -42.0 -0.59246
  2.0 -41.5 -0.59620
  2.0 -41.0 -0.59945
  2.0 -40.5 -0.60219
  2.0 -40.0 -0.60438
  2.0 -39.5 -0.60599
  2.0 -39.0 -0.60700
  2.0 -38.5 -0.60737
  2.0 -38.0 -0.60706
  2.0 -37.5 -0.60606
  2.0 -37.0 -0.60433
  2.0 -36.5 -0.60184
  2.0 -36.0 -0.59857
  2.0 -35.5 -0.59447
  2.0 -35.0 -0.58953
  2.0 -34.5 -0.58371
  2.0 -34.0 -0.57700
  2.0 -33.5 -0.56936
  2.0 -33.0 -0.56077
  2.0 -32.5 -0.55121
  2.0 -32.0 -0.54066
  2.0 -31.5 -0.52911
  2.0 -31.0 -0.51653
  2.0 -30.5 -0.50291
  2.0 -30.0 -0.48825
  2.0 -29.5 -0.47253
  2.0 -29.0 -0.45574
  2.0 -28.5 -0.43789
  2.0 -28.0 -0.41897
  2.0 -27.5 -0.39899
  2.0 -27.0 -0.37795
  2.0 -26.5 -0.35587
  2.0 -26.0 -0.33275
  2.0 -25.5 -0.30862
  2.0 -25.0 -0.28350
  2.0 -24.5 -0.25740
  2.0 -24.0 -0.23037
  2.0 -23.5 -0.20242
  2.0 -23.0 -0.17360
  2.0 -22.5 -0.14395
  2.0 -22.0 -0.11351
  2.0 -21.5 -0.08232
  2.0 -21.0 -0.05044
  2.0 -20.5 -0.01791
  2.0 -20.0  0.01520
  2.0 -19.5  0.04883
  2.0 -19.0  0.08293
  2.0 -18.5  0.11743
  2.0 -18.0  0.15225
  2.0 -17.5  0.18734
  2.0 -17.0  0.22262
  2.0 -16.5  0.25801
  2.0 -16.0  0.29344
  2.0 -15.5  0.32884
  2.0 -15.0  0.36412
  2.0 -14.5  0.39921
  2.0 -14.0  0.43403
  2.0 -13.5  0.46850
  2.0 -13.0  0.50254
  2.0 -12.5  0.53607
  2.0 -12.0  0.56902
  2.0 -11.5  0.60131
  2.0 -11.0  0.63285
  2.0 -10.5  0.66358
  2.0 -10.0  0.69343
  2.0  -9.5  0.72231
  2.0  -9.0  0.75017
  2.0  -8.5  0.77693
  2.0  -8.0  0.80254
  2.0  -7.5  0.82692
  2.0  -7.0  0.85001
  2.0  -6.5  0.87178
  2.0  -6.0  0.89215
  2.0  -5.5  0.91107
  2.0  -5.0  0.92852
  2.0  -4.5  0.94443
  2.0  -4.0  0.95877
  2.0  -3.5  0.97151
  2.0  -3.0  0.98262
  2.0  -2.5  0.99206
  2.0  -2.0  0.99982
  2.0  -1.5  1.00588
  2.0  -1.0  1.01021
  2.0  -0.5  1.01282
  2.0   0.0  1.01369
  2.0   0.5  1.01282
  2.0   1.0  1.01021
  2.0   1.5  1.00588
  2.0   2.0  0.99982
  2.0   2.5  0.99206
  2.0   3.0  0.98262
  2.0   3.5  0.97151
  2.0   4.0  0.95877
  2.0   4.5  0.94443
  2.0   5.0  0.92852
  2.0   5.5  0.91107
  2.0   6.0  0.89215
  2.0   6.5  0.87178
  2.0   7.0  0.85001
  2.0   7.5  0.82692
  2.0   8.0  0.80254
  2.0   8.5  0.77693
  2.0   9.0  0.75017
  2.0   9.5  0.72231
  2.0  10.0  0.69343
  2.0  10.5  0.66358
  2.0  11.0  0.63285
  2.0  11.5  0.60131
  2.0  12.0  0.56902
  2.0  12.5  0.53607
  2.0  13.0  0.50254
  2.0  13.5  0.46850
  2.0  14.0  0.43403
  2.0  14.5  0.39921
  2.0  15.0  0.36412
  2.0  15.5  0.32884
  2.0  16.0  0.29344
  2.0  16.5  0.25801
  2.0  17.0  0.22262
  2.0  17.5  0.18734
  2.0  18.0  0.15225
  2.0  18.5  0.11743
  2.0  19.0  0.08293
  2.0  19.5  0.04883
  2.0  20.0  0.01520
  2.0  20.5 -0.01791
  2.0  21.0 -0.05044
  2.0  21.5 -0.08232
  2.0  22.0 -0.11351
  2.0  22.5 -0.14395
  2.0  23.0 -0.17360
  2.0  23.5 -0.20242
  2.0  24.0 -0.23037
  2.0  24.5 -0.25740
  2.0  25.0 -0.28350
  2.0  25.5 -0.30862
  2.0  26.0 -0.33275
  2.0  26.5 -0.35587
  2.0  27.0 -0.37795
  2.0  27.5 -0.39899
  2.0  28.0 -0.41897
  2.0  28.5 -0.43789
  2.0  29.0 -0.45574
  2.0  29.5 -0.47253
  2.0  30.0 -0.48825
  2.0  30.5 -0.50291
  2.0  31.0 -0.51653
  2.0  31.5 -0.52911
  2.0  32.0 -0.54066
  2.0  32.5 -0.55121
  2.0  33.0 -0.56077
  2.0  33.5 -0.56936
  2.0  34.0 -0.57700
  2.0  34.5 -0.58371
  2.0  35.0 -0.58953
  2.0  35.5 -0.59447
  2.0  36.0 -0.59857
  2.0  36.5 -0.60184
  2.0  37.0 -0.60433
  2.0  37.5 -0.60606
  2.0  38.0 -0.60706
  2.0  38.5 -0.60737
  2.0  39.0 -0.60700
  2.0  39.5 -0.60599
  2.0  40.0 -0.60438
  2.0  40.5 -0.60219
  2.0  41.0 -0.59945
  2.0  41.5 -0.59620
  2.0  42.0 -0.59246
  2.0  42.5 -0.58826
  2.0  43.0 -0.58364
  2.0  43.5 -0.57861
  2.0  44.0 -0.57320
  2.0  44.5 -0.56745
  2.0  45.0 -0.56137
  2.5 -45.0 -0.56273
  2.5 -44.5 -0.56891
  2.5 -44.0 -0.57478
  2.5 -43.5 -0.58031
  2.5 -43.0 -0.58546
  2.5 -42.5 -0.59021
  2.5 -42.0 -0.59453
  2.5 -41.5 -0.59840
  2.5 -41.0 -0.60179
  2.5 -40.5 -0.60466
  2.5 -40.0 -0.60698
  2.5 -39.5 -0.60873
  2.5 -39.0 -0.60987
  2.5 -38.5 -0.61037
  2.5 -38.0 -0.61020
  2.5 -37.5 -0.60934
  2.5 -37.0 -0.60774
  2.5 -36.5 -0.60538
  2.5 -36.0 -0.60223
  2.5 -35.5 -0.59826
  2.5 -35.0 -0.59343
  2.5 -34.5 -0.58773
  2.5 -34.0 -0.58113
  2.5 -33.5 -0.57359
  2.5 -33.0 -0.56510
  2.5 -32.5 -0.55563
  2.5 -32.0 -0.54516
  2.5 -31.5 -0.53367
  2.5 -31.0 -0.52115
  2.5 -30.5 -0.50758
  2.5 -30.0 -0.49295
  2.5 -29.5 -0.47725
  2.5 -29.0 -0.46048
  2.5 -28.5 -0.44262
  2.5 -28.0 -0.42369
  2.5 -27.5 -0.40367
  2.5 -27.0 -0.38259
  2.5 -26.5 -0.36044
  2.5 -26.0 -0.33725
  2.5 -25.5 -0.31302
  2.5 -25.0 -0.28779
  2.5 -24.5 -0.26157
  2.5 -24.0 -0.23439
  2.5 -23.5 -0.20628
  2.5 -23.0 -0.17729
  2.5 -22.5 -0.14744
  2.5 -22.0 -0.11679
  2.5 -21.5 -0.08538
  2.5 -21.0 -0.05326
  2.5 -20.5 -0.02049
  2.5 -20.0  0.01289
  2.5 -19.5  0.04680
  2.5 -19.0  0.08119
  2.5 -18.5  0.11598
  2.5 -18.0  0.15112
  2.5 -17.5  0.18652
  2.5 -17.0  0.22213
  2.5 -16.5  0.25785
  2.5 -16.0  0.29362
  2.5 -15.5  0.32936
  2.5 -15.0  0.36499
  2.5 -14.5  0.40043
  2.5 -14.0  0.43560
  2.5 -13.5  0.47042
  2.5 -13.0  0.50481
  2.5 -12.5  0.53869
  2.5 -12.0  0.57198
  2.5 -11.5  0.60461
  2.5 -11.0  0.63648
  2.5 -10.5  0.66754
  2.5 -10.0  0.69770
  2.5  -9.5  0.72690
  2.5  -9.0  0.75505
  2.5  -8.5  0.78210
  2.5  -8.0  0.80798
  2.5  -7.5  0.83262
  2.5  -7.0  0.85597
  2.5  -6.5  0.87797
  2.5  -6.0  0.89856
  2.5  -5.5  0.91769
  2.5  -5.0  0.93533
  2.5  -4.5  0.95141
  2.5  -4.0  0.96591
  2.5  -3.5  0.97879
  2.5  -3.0  0.99002
  2.5  -2.5  0.99956
  2.5  -2.0  1.00741
  2.5  -1.5  1.01353
  2.5  -1.0  1.01791
  2.5  -0.5  1.02054
  2.5   0.0  1.02142
  2.5   0.5  1.02054
  2.5   1.0  1.01791
  2.5   1.5  1.01353
  2.5   2.0  1.00741
  2.5   2.5  0.99956
  2.5   3.0  0.99002
  2.5   3.5  0.97879
  2.5   4.0  0.96591
  2.5   4.5  0.95141
  2.5   5.0  0.93533
  2.5   5.5  0.91769
  2.5   6.0  0.89856
  2.5   6.5  0.87797
  2.5   7.0  0.85597
  2.5   7.5  0.83262
  2.5   8.0  0.80798
  2.5   8.5  0.78210
  2.5   9.0  0.75505
  2.5   9.5  0.72690
  2.5  10.0  0.69770
  2.5  10.5  0.66754
  2.5  11.0  0.63648
  2.5  11.5  0.60461
  2.5  12.0  0.57198
  2.5  12.5  0.53869
  2.5  13.0  0.50481
  2.5  13.5  0.47042
  2.5  14.0  0.43560
  2.5  14.5  0.40043
  2.5  15.0  0.36499
  2.5  15.5  0.32936
  2.5  16.0  0.29362
  2.5  16.5  0.25785
  2.5  17.0  0.22213
  2.5  17.5  0.18652
  2.5  18.0  0.15112
  2.5  18.5  0.11598
  2.5  19.0  0.08119
  2.5  19.5  0.04680
  2.5  20.0  0.01289
  2.5  20.5 -0.02049
  2.5  21.0 -0.05326
  2.5  21.5 -0.08538
  2.5  22.0 -0.11679
  2.5  22.5 -0.14744
  2.5  23.0 -0.17729
  2.5  23.5 -0.20628
  2.5  24.0 -0.23439
  2.5  24.5 -0.26157
  2.5  25.0 -0.28779
  2.5  25.5 -0.31302
  2.5  26.0 -0.33725
  2.5  26.5 -0.36044
  2.5  27.0 -0.38259
  2.5  27.5 -0.40367
  2.5  28.0 -0.42369
  2.5  28.5 -0.44262
  2.5  29.0 -0.46048
  2.5  29.5 -0.47725
  2.5  30.0 -0.49295
  2.5  30.5 -0.50758
  2.5  31.0 -0.52115
  2.5  31.5 -0.53367
  2.5  32.0 -0.54516
  2.5  32.5 -0.55563
  2.5  33.0 -0.56510
  2.5  33.5 -0.57359
  2.5  34.0 -0.58113
  2.5  34.5 -0.58773
  2.5  35.0 -0.59343
  2.5  35.5 -0.59826
  2.5  36.0 -0.60223
  2.5  36.5 -0.60538
  2.5  37.0 -0.60774
  2.5  37.5 -0.60934
  2.5  38.0 -0.61020
  2.5  38.5 -0.61037
  2.5  39.0 -0.60987
  2.5  39.5 -0.60873
  2.5  40.0 -0.60698
  2.5  40.5 -0.60466
  2.5  41.0 -0.60179
  2.5  41.5 -0.59840
  2.5  42.0 -0.59453
  2.5  42.5 -0.59021
  2.5  43.0 -0.58546
  2.5  43.5 -0.58031
  2.5  44.0 -0.57478
  2.5  44.5 -0.56891
  2.5  45.0 -0.56273
  3.0 -45.0 -0.56438
  3.0 -44.5 -0.57070
  3.0 -44.0 -0.57671
  3.0 -43.5 -0.58238
  3.0 -43.0 -0.58768
  3.0 -42.5 -0.59258
  3.0 -42.0 -0.59706
  3.0 -41.5 -0.60109
  3.0 -41.0 -0.60464
  3.0 -40.5 -0.60767
  3.0 -40.0 -0.61016
  3.0 -39.5 -0.61207
  3.0 -39.0 -0.61338
  3.0 -38.5 -0.61405
  3.0 -38.0 -0.61405
  3.0 -37.5 -0.61334
  3.0 -37.0 -0.61191
  3.0 -36.5 -0.60971
  3.0 -36.0 -0.60672
  3.0 -35.5 -0.60290
  3.0 -35.0 -0.59822
  3.0 -34.5 -0.59266
  3.0 -34.0 -0.58619
  3.0 -33.5 -0.57878
  3.0 -33.0 -0.57040
  3.0 -32.5 -0.56104
  3.0 -32.0 -0.55067
  3.0 -31.5 -0.53927
  3.0 -31.0 -0.52682
  3.0 -30.5 -0.51331
  3.0 -30.0 -0.49873
  3.0 -29.5 -0.48306
  3.0 -29.0 -0.46630
  3.0 -28.5 -0.44844
  3.0 -28.0 -0.42948
  3.0 -27.5 -0.40943
  3.0 -27.0 -0.38829
  3.0 -26.5 -0.36607
  3.0 -26.0 -0.34278
  3.0 -25.5 -0.31843
  3.0 -25.0 -0.29306
  3.0 -24.5 -0.26669
  3.0 -24.0 -0.23933
  3.0 -23.5 -0.21103
  3.0 -23.0 -0.18182
  3.0 -22.5 -0.15174
  3.0 -22.0 -0.12084
  3.0 -21.5 -0.08915
  3.0 -21.0 -0.05674
  3.0 -20.5 -0.02366
  3.0 -20.0  0.01004
  3.0 -19.5  0.04429
  3.0 -19.0  0.07903
  3.0 -18.5  0.11420
  3.0 -18.0  0.14972
  3.0 -17.5  0.18551
  3.0 -17.0  0.22152
  3.0 -16.5  0.25765
  3.0 -16.0  0.29384
  3.0 -15.5  0.33000
  3.0 -15.0  0.36606
  3.0 -14.5  0.40193
  3.0 -14.0  0.43753
  3.0 -13.5  0.47278
  3.0 -13.0  0.50759
  3.0 -12.5  0.54190
  3.0 -12.0  0.57561
  3.0 -11.5  0.60865
  3.0 -11.0  0.64094
  3.0 -10.5  0.67239
  3.0 -10.0  0.70295
  3.0  -9.5  0.73252
  3.0  -9.0  0.76104
  3.0  -8.5  0.78844
  3.0  -8.0  0.81466
  3.0  -7.5  0.83963
  3.0  -7.0  0.86328
  3.0  -6.5  0.88557
  3.0  -6.0  0.90643
  3.0  -5.5  0.92582
  3.0  -5.0  0.94368
  3.0  -4.5  0.95998
  3.0  -4.0  0.97467
  3.0  -3.5  0.98772
  3.0  -3.0  0.99910
  3.0  -2.5  1.00877
  3.0  -2.0  1.01672
  3.0  -1.5  1.02292
  3.0  -1.0  1.02736
  3.0  -0.5  1.03003
  3.0   0.0  1.03092
  3.0   0.5  1.03003
  3.0   1.0  1.02736
  3.0   1.5  1.02292
  3.0   2.0  1.01672
  3.0   2.5  1.00877
  3.0   3.0  0.99910
  3.0   3.5  0.98772
  3.0   4.0  0.97467
  3.0   4.5  0.95998
  3.0   5.0  0.94368
  3.0   5.5  0.92582
  3.0   6.0  0.90643
  3.0   6.5  0.88557
  3.0   7.0  0.86328
  3.0   7.5  0.83963
  3.0   8.0  0.81466
  3.0   8.5  0.78844
  3.0   9.0  0.76104
  3.0   9.5  0.73252
  3.0  10.0  0.70295
  3.0  10.5  0.67239
  3.0  11.0  0.64094
  3.0  11.5  0.60865
  3.0  12.0  0.57561
  3.0  12.5  0.54190
  3.0  13.0  0.50759
  3.0  13.5  0.47278
  3.0  14.0  0.43753
  3.0  14.5  0.40193
  3.0  15.0  0.36606
  3.0  15.5  0.33000
  3.0  16.0  0.29384
  3.0  16.5  0.25765
  3.0  17.0  0.22152
  3.0  17.5  0.18551
  3.0  18.0  0.14972
  3.0  18.5  0.11420
  3.0  19.0  0.07903
  3.0  19.5  0.04429
  3.0  20.0  0.01004
  3.0  20.5 -0.02366
  3.0  21.0 -0.05674
  3.0  21.5 -0.08915
  3.0  22.0 -0.12084
  3.0  22.5 -0.15174
  3.0  23.0 -0.18182
  3.0  23.5 -0.21103
  3.0  24.0 -0.23933
  3.0  24.5 -0.26669
  3.0  25.0 -0.29306
  3.0  25.5 -0.31843
  3.0  26.0 -0.34278
  3.0  26.5 -0.36607
  3.0  27.0 -0.38829
  3.0  27.5 -0.40943
  3.0  28.0 -0.42948
  3.0  28.5 -0.44844
  3.0  29.0 -0.46630
  3.0  29.5 -0.48306
  3.0  30.0 -0.49873
  3.0  30.5 -0.51331
  3.0  31.0 -0.52682
  3.0  31.5 -0.53927
  3.0  32.0 -0.55067
  3.0  32.5 -0.56104
  3.0  33.0 -0.57040
  3.0  33.5 -0.57878
  3.0  34.0 -0.58619
  3.0  34.5 -0.59266
  3.0  35.0 -0.59822
  3.0  35.5 -0.60290
  3.0  36.0 -0.60672
  3.0  36.5 -0.60971
  3.0  37.0 -0.61191
  3.0  37.5 -0.61334
  3.0  38.0 -0.61405
  3.0  38.5 -0.61405
  3.0  39.0 -0.61338
  3.0  39.5 -0.61207
  3.0  40.0 -0.61016
  3.0  40.5 -0.60767
  3.0  41.0 -0.60464
  3.0  41.5 -0.60109
  3.0  42.0 -0.59706
  3.0  42.5 -0.59258
  3.0  43.0 -0.58768
  3.0  43.5 -0.58238
  3.0  44.0 -0.57671
  3.0  44.5 -0.57070
  3.0  45.0 -0.56438
  3.5 -45.0 -0.56631
  3.5 -44.5 -0.57280
  3.5 -44.0 -0.57898
  3.5 -43.5 -0.58482
  3.5 -43.0 -0.59029
  3.5 -42.5 -0.59538
  3.5 -42.0 -0.60004
  3.5 -41.5 -0.60426
  3.5 -41.0 -0.60800
  3.5 -40.5 -0.61122
  3.5 -40.0 -0.61391
  3.5 -39.5 -0.61602
  3.5 -39.0 -0.61752
  3.5 -38.5 -0.61839
  3.5 -38.0 -0.61859
  3.5 -37.5 -0.61808
  3.5 -37.0 -0.61684
  3.5 -36.5 -0.61484
  3.5 -36.0 -0.61203
  3.5 -35.5 -0.60839
  3.5 -35.0 -0.60389
  3.5 -34.5 -0.59850
  3.5 -34.0 -0.59219
  3.5 -33.5 -0.58493
  3.5 -33.0 -0.57669
  3.5 -32.5 -0.56746
  3.5 -32.0 -0.55721
  3.5 -31.5 -0.54591
  3.5 -31.0 -0.53355
  3.5 -30.5 -0.52011
  3.5 -30.0 -0.50559
  3.5 -29.5 -0.48995
  3.5 -29.0 -0.47321
  3.5 -28.5 -0.45535
  3.5 -28.0 -0.43637
  3.5 -27.5 -0.41628
  3.5 -27.0 -0.39507
  3.5 -26.5 -0.37276
  3.5 -26.0 -0.34935
  3.5 -25.5 -0.32488
  3.5 -25.0 -0.29935
  3.5 -24.5 -0.27279
  3.5 -24.0 -0.24522
  3.5 -23.5 -0.21669
  3.5 -23.0 -0.18722
  3.5 -22.5 -0.15687
  3.5 -22.0 -0.12566
  3.5 -21.5 -0.09365
  3.5 -21.0 -0.06089
  3.5 -20.5 -0.02744
  3.5 -20.0  0.00664
  3.5 -19.5  0.04130
  3.5 -19.0  0.07646
  3.5 -18.5  0.11206
  3.5 -18.0  0.14803
  3.5 -17.5  0.18429
  3.5 -17.0  0.22077
  3.5 -16.5  0.25740
  3.5 -16.0  0.29408
  3.5 -15.5  0.33074
  3.5 -15.0  0.36731
  3.5 -14.5  0.40369
  3.5 -14.0  0.43980
  3.5 -13.5  0.47556
  3.5 -13.0  0.51089
  3.5 -12.5  0.54570
  3.5 -12.0  0.57991
  3.5 -11.5  0.61345
  3.5 -11.0  0.64622
  3.5 -10.5  0.67815
  3.5 -10.0  0.70917
  3.5  -9.5  0.73919
  3.5  -9.0  0.76815
  3.5  -8.5  0.79597
  3.5  -8.0  0.82259
  3.5  -7.5  0.84794
  3.5  -7.0  0.87196
  3.5  -6.5  0.89459
  3.5  -6.0  0.91578
  3.5  -5.5  0.93546
  3.5  -5.0  0.95360
  3.5  -4.5  0.97016
  3.5  -4.0  0.98508
  3.5  -3.5  0.99833
  3.5  -3.0  1.00988
  3.5  -2.5  1.01970
  3.5  -2.0  1.02777
  3.5  -1.5  1.03407
  3.5  -1.0  1.03858
  3.5  -0.5  1.04129
  3.5   0.0  1.04219
  3.5   0.5  1.04129
  3.5   1.0  1.03858
  3.5   1.5  1.03407
  3.5   2.0  1.02777
  3.5   2.5  1.01970
  3.5   3.0  1.00988
  3.5   3.5  0.99833
  3.5   4.0  0.98508
  3.5   4.5  0.97016
  3.5   5.0  0.95360
  3.5   5.5  0.93546
  3.5   6.0  0.91578
  3.5   6.5  0.89459
  3.5   7.0  0.87196
  3.5   7.5  0.84794
  3.5   8.0  0.82259
  3.5   8.5  0.79597
  3.5   9.0  0.76815
  3.5   9.5  0.73919
  3.5  10.0  0.70917
  3.5  10.5  0.67815
  3.5  11.0  0.64622
  3.5  11.5  0.61345
  3.5  12.0  0.57991
  3.5  12.5  0.54570
  3.5  13.0  0.51089
  3.5  13.5  0.47556
  3.5  14.0  0.43980
  3.5  14.5  0.40369
  3.5  15.0  0.36731
  3.5  15.5  0.33074
  3.5  16.0  0.29408
  3.5  16.5  0.25740
  3.5  17.0  0.22077
  3.5  17.5  0.18429
  3.5  18.0  0.14803
  3.5  18.5  0.11206
  3.5  19.0  0.07646
  3.5  19.5  0.04130
  3.5  20.0  0.00664
  3.5  20.5 -0.02744
  3.5  21.0 -0.06089
  3.5  21.5 -0.09365
  3.5  22.0 -0.12566
  3.5  22.5 -0.15687
  3.5  23.0 -0.18722
  3.5  23.5 -0.21669
  3.5  24.0 -0.24522
  3.5  24.5 -0.27279
  3.5  25.0 -0.29935
  3.5  25.5 -0.32488
  3.5  26.0 -0.34935
  3.5  26.5 -0.37276
  3.5  27.0 -0.39507
  3.5  27.5 -0.41628
  3.5  28.0 -0.43637
  3.5  28.5 -0.45535
  3.5  29.0 -0.47321
  3.5  29.5 -0.48995
  3.5  30.0 -0.50559
  3.5  30.5 -0.52011
  3.5  31.0 -0.53355
  3.5  31.5 -0.54591
  3.5  32.0 -0.55721
  3.5  32.5 -0.56746
  3.5  33.0 -0.57669
  3.5  33.5 -0.58493
  3.5  34.0 -0.59219
  3.5  34.5 -0.59850
  3.5  35.0 -0.60389
  3.5  35.5 -0.60839
  3.5  36.0 -0.61203
  3.5  36.5 -0.61484
  3.5  37.0 -0.61684
  3.5  37.5 -0.61808
  3.5  38.0 -0.61859
  3.5  38.5 -0.61839
  3.5  39.0 -0.61752
  3.5  39.5 -0.61602
  3.5  40.0 -0.61391
  3.5  40.5 -0.61122
  3.5  41.0 -0.60800
  3.5  41.5 -0.60426
  3.5  42.0 -0.60004
  3.5  42.5 -0.59538
  3.5  43.0 -0.59029
  3.5  43.5 -0.58482
  3.5  44.0 -0.57898
  3.5  44.5 -0.57280
  3.5  45.0 -0.56631
  4.0 -45.0 -0.56854
  4.0 -44.5 -0.57521
  4.0 -44.0 -0.58158
  4.0 -43.5 -0.58762
  4.0 -43.0 -0.59330
  4.0 -42.5 -0.59859
  4.0 -42.0 -0.60347
  4.0 -41.5 -0.60791
  4.0 -41.0 -0.61187
  4.0 -40.5 -0.61532
  4.0 -40.0 -0.61823
  4.0 -39.5 -0.62057
  4.0 -39.0 -0.62231
  4.0 -38.5 -0.62341
  4.0 -38.0 -0.62383
  4.0 -37.5 -0.62356
  4.0 -37.0 -0.62254
  4.0 -36.5 -0.62076
  4.0 -36.0 -0.61817
  4.0 -35.5 -0.61475
  4.0 -35.0 -0.61045
  4.0 -34.5 -0.60526
  4.0 -34.0 -0.59914
  4.0 -33.5 -0.59205
  4.0 -33.0 -0.58399
  4.0 -32.5 -0.57491
  4.0 -32.0 -0.56479
  4.0 -31.5 -0.55362
  4.0 -31.0 -0.54136
  4.0 -30.5 -0.52801
  4.0 -30.0 -0.51355
  4.0 -29.5 -0.49796
  4.0 -29.0 -0.48124
  4.0 -28.5 -0.46338
  4.0 -28.0 -0.44438
  4.0 -27.5 -0.42424
  4.0 -27.0 -0.40295
  4.0 -26.5 -0.38054
  4.0 -26.0 -0.35701
  4.0 -25.5 -0.33238
  4.0 -25.0 -0.30666
  4.0 -24.5 -0.27989
  4.0 -24.0 -0.25208
  4.0 -23.5 -0.22328
  4.0 -23.0 -0.19352
  4.0 -22.5 -0.16284
  4.0 -22.0 -0.13128
  4.0 -21.5 -0.09890
  4.0 -21.0 -0.06574
  4.0 -20.5 -0.03187
  4.0 -20.0  0.00267
  4.0 -19.5  0.03779
  4.0 -19.0  0.07345
  4.0 -18.5  0.10956
  4.0 -18.0  0.14605
  4.0 -17.5  0.18285
  4.0 -17.0  0.21989
  4.0 -16.5  0.25708
  4.0 -16.0  0.29434
  4.0 -15.5  0.33159
  4.0 -15.0  0.36874
  4.0 -14.5  0.40571
  4.0 -14.0  0.44242
  4.0 -13.5  0.47878
  4.0 -13.0  0.51470
  4.0 -12.5  0.55010
  4.0 -12.0  0.58490
  4.0 -11.5  0.61901
  4.0 -11.0  0.65234
  4.0 -10.5  0.68483
  4.0 -10.0  0.71638
  4.0  -9.5  0.74693
  4.0  -9.0  0.77639
  4.0  -8.5  0.80470
  4.0  -8.0  0.83179
  4.0  -7.5  0.85759
  4.0  -7.0  0.88203
  4.0  -6.5  0.90506
  4.0  -6.0  0.92662
  4.0  -5.5  0.94666
  4.0  -5.0  0.96512
  4.0  -4.5  0.98196
  4.0  -4.0  0.99715
  4.0  -3.5  1.01063
  4.0  -3.0  1.02239
  4.0  -2.5  1.03239
  4.0  -2.0  1.04060
  4.0  -1.5  1.04701
  4.0  -1.0  1.05160
  4.0  -0.5  1.05436
  4.0   0.0  1.05528
  4.0   0.5  1.05436
  4.0   1.0  1.05160
  4.0   1.5  1.04701
  4.0   2.0  1.04060
  4.0   2.5  1.03239
  4.0   3.0  1.02239
  4.0   3.5  1.01063
  4.0   4.0  0.99715
  4.0   4.5  0.98196
  4.0   5.0  0.96512
  4.0   5.5  0.94666
  4.0   6.0  0.92662
  4.0   6.5  0.90506
  4.0   7.0  0.88203
  4.0   7.5  0.85759
  4.0   8.0  0.83179
  4.0   8.5  0.80470
  4.0   9.0  0.77639
  4.0   9.5  0.74693
  4.0  10.0  0.71638
  4.0  10.5  0.68483
  4.0  11.0  0.65234
  4.0  11.5  0.61901
  4.0  12.0  0.58490
  4.0  12.5  0.55010
  4.0  13.0  0.51470
  4.0  13.5  0.47878
  4.0  14.0  0.44242
  4.0  14.5  0.40571
  4.0  15.0  0.36874
  4.0  15.5  0.33159
  4.0  16.0  0.29434
  4.0  16.5  0.25708
  4.0  17.0  0.21989
  4.0  17.5  0.18285
  4.0  18.0  0.14605
  4.0  18.5  0.10956
  4.0  19.0  0.07345
  4.0  19.5  0.03779
  4.0  20.0  0.00267
  4.0  20.5 -0.03187
  4.0  21.0 -0.06574
  4.0  21.5 -0.09890
  4.0  22.0 -0.13128
  4.0  22.5 -0.16284
  4.0  23.0 -0.19352
  4.0  23.5 -0.22328
  4.0  24.0 -0.25208
  4.0  24.5 -0.27989
  4.0  25.0 -0.30666
  4.0  25.5 -0.33238
  4.0  26.0 -0.35701
  4.0  26.5 -0.38054
  4.0  27.0 -0.40295
  4.0  27.5 -0.42424
  4.0  28.0 -0.44438
  4.0  28.5 -0.46338
  4.0  29.0 -0.48124
  4.0  29.5 -0.49796
  4.0  30.0 -0.51355
  4.0  30.5 -0.52801
  4.0  31.0 -0.54136
  4.0  31.5 -0.55362
  4.0  32.0 -0.56479
  4.0  32.5 -0.57491
  4.0  33.0 -0.58399
  4.0  33.5 -0.59205
  4.0  34.0 -0.59914
  4.0  34.5 -0.60526
  4.0  35.0 -0.61045
  4.0  35.5 -0.61475
  4.0  36.0 -0.61817
  4.0  36.5 -0.62076
  4.0  37.0 -0.62254
  4.0  37.5 -0.62356
  4.0  38.0 -0.62383
  4.0  38.5 -0.62341
  4.0  39.0 -0.62231
  4.0  39.5 -0.62057
  4.0  40.0 -0.61823
  4.0  40.5 -0.61532
  4.0  41.0 -0.61187
  4.0  41.5 -0.60791
  4.0  42.0 -0.60347
  4.0  42.5 -0.59859
  4.0  43.0 -0.59330
  4.0  43.5 -0.58762
  4.0  44.0 -0.58158
  4.0  44.5 -0.57521
  4.0  45.0 -0.56854
  4.5 -45.0 -0.57104
  4.5 -44.5 -0.57793
  4.5 -44.0 -0.58451
  4.5 -43.5 -0.59078
  4.5 -43.0 -0.59669
  4.5 -42.5 -0.60223
  4.5 -42.0 -0.60735
  4.5 -41.5 -0.61203
  4.5 -41.0 -0.61624
  4.5 -40.5 -0.61995
  4.5 -40.0 -0.62312
  4.5 -39.5 -0.62573
  4.5 -39.0 -0.62773
  4.5 -38.5 -0.62909
  4.5 -38.0 -0.62978
  4.5 -37.5 -0.62977
  4.5 -37.0 -0.62902
  4.5 -36.5 -0.62749
  4.5 -36.0 -0.62515
  4.5 -35.5 -0.62197
  4.5 -35.0 -0.61791
  4.5 -34.5 -0.61295
  4.5 -34.0 -0.60704
  4.5 -33.5 -0.60017
  4.5 -33.0 -0.59229
  4.5 -32.5 -0.58339
  4.5 -32.0 -0.57343
  4.5 -31.5 -0.56240
  4.5 -31.0 -0.55027
  4.5 -30.5 -0.53702
  4.5 -30.0 -0.52264
  4.5 -29.5 -0.50711
  4.5 -29.0 -0.49041
  4.5 -28.5 -0.47256
  4.5 -28.0 -0.45353
  4.5 -27.5 -0.43333
  4.5 -27.0 -0.41197
  4.5 -26.5 -0.38944
  4.5 -26.0 -0.36577
  4.5 -25.5 -0.34096
  4.5 -25.0 -0.31503
  4.5 -24.5 -0.28802
  4.5 -24.0 -0.25994
  4.5 -23.5 -0.23084
  4.5 -23.0 -0.20074
  4.5 -22.5 -0.16969
  4.5 -22.0 -0.13773
  4.5 -21.5 -0.10492
  4.5 -21.0 -0.07131
  4.5 -20.5 -0.03695
  4.5 -20.0 -0.00190
  4.5 -19.5  0.03376
  4.5 -19.0  0.06997
  4.5 -18.5  0.10667
  4.5 -18.0  0.14376
  4.5 -17.5  0.18118
  4.5 -17.0  0.21885
  4.5 -16.5  0.25669
  4.5 -16.0  0.29461
  4.5 -15.5  0.33253
  4.5 -15.0  0.37035
  4.5 -14.5  0.40801
  4.5 -14.0  0.44540
  4.5 -13.5  0.48244
  4.5 -13.0  0.51904
  4.5 -12.5  0.55511
  4.5 -12.0  0.59057
  4.5 -11.5  0.62534
  4.5 -11.0  0.65932
  4.5 -10.5  0.69243
  4.5 -10.0  0.72460
  4.5  -9.5  0.75575
  4.5  -9.0  0.78579
  4.5  -8.5  0.81466
  4.5  -8.0  0.84228
  4.5  -7.5  0.86859
  4.5  -7.0  0.89351
  4.5  -6.5  0.91700
  4.5  -6.0  0.93899
  4.5  -5.5  0.95942
  4.5  -5.0  0.97825
  4.5  -4.5  0.99543
  4.5  -4.0  1.01092
  4.5  -3.5  1.02467
  4.5  -3.0  1.03666
  4.5  -2.5  1.04686
  4.5  -2.0  1.05524
  4.5  -1.5  1.06177
  4.5  -1.0  1.06645
  4.5  -0.5  1.06927
  4.5   0.0  1.07021
  4.5   0.5  1.06927
  4.5   1.0  1.06645
  4.5   1.5  1.06177
  4.5   2.0  1.05524
  4.5   2.5  1.04686
  4.5   3.0  1.03666
  4.5   3.5  1.02467
  4.5   4.0  1.01092
  4.5   4.5  0.99543
  4.5   5.0  0.97825
  4.5   5.5  0.95942
  4.5   6.0  0.93899
  4.5   6.5  0.91700
  4.5   7.0  0.89351
  4.5   7.5  0.86859
  4.5   8.0  0.84228
  4.5   8.5  0.81466
  4.5   9.0  0.78579
  4.5   9.5  0.75575
  4.5  10.0  0.72460
  4.5  10.5  0.69243
  4.5  11.0  0.65932
  4.5  11.5  0.62534
  4.5  12.0  0.59057
  4.5  12.5  0.55511
  4.5  13.0  0.51904
  4.5  13.5  0.48244
  4.5  14.0  0.44540
  4.5  14.5  0.40801
  4.5  15.0  0.37035
  4.5  15.5  0.33253
  4.5  16.0  0.29461
  4.5  16.5  0.25669
  4.5  17.0  0.21885
  4.5  17.5  0.18118
  4.5  18.0  0.14376
  4.5  18.5  0.10667
  4.5  19.0  0.06997
  4.5  19.5  0.03376
  4.5  20.0 -0.00190
  4.5  20.5 -0.03695
  4.5  21.0 -0.07131
  4.5  21.5 -0.10492
  4.5  22.0 -0.13773
  4.5  22.5 -0.16969
  4.5  23.0 -0.20074
  4.5  23.5 -0.23084
  4.5  24.0 -0.25994
  4.5  24.5 -0.28802
  4.5  25.0 -0.31503
  4.5  25.5 -0.34096
  4.5  26.0 -0.36577
  4.5  26.5 -0.38944
  4.5  27.0 -0.41197
  4.5  27.5 -0.43333
  4.5  28.0 -0.45353
  4.5  28.5 -0.47256
  4.5  29.0 -0.49041
  4.5  29.5 -0.50711
  4.5  30.0 -0.52264
  4.5  30.5 -0.53702
  4.5  31.0 -0.55027
  4.5  31.5 -0.56240
  4.5  32.0 -0.57343
  4.5  32.5 -0.58339
  4.5  33.0 -0.59229
  4.5  33.5 -0.60017
  4.5  34.0 -0.60704
  4.5  34.5 -0.61295
  4.5  35.0 -0.61791
  4.5  35.5 -0.62197
  4.5  36.0 -0.62515
  4.5  36.5 -0.62749
  4.5  37.0 -0.62902
  4.5  37.5 -0.62977
  4.5  38.0 -0.62978
  4.5  38.5 -0.62909
  4.5  39.0 -0.62773
  4.5  39.5 -0.62573
  4.5  40.0 -0.62312
  4.5  40.5 -0.61995
  4.5  41.0 -0.61624
  4.5  41.5 -0.61203
  4.5  42.0 -0.60735
  4.5  42.5 -0.60223
  4.5  43.0 -0.59669
  4.5  43.5 -0.59078
  4.5  44.0 -0.58451
  4.5  44.5 -0.57793
  4.5  45.0 -0.57104
  5.0 -45.0 -0.57381
  5.0 -44.5 -0.58094
  5.0 -44.0 -0.58777
  5.0 -43.5 -0.59429
  5.0 -43.0 -0.60047
  5.0 -42.5 -0.60627
  5.0 -42.0 -0.61167
  5.0 -41.5 -0.61663
  5.0 -41.0 -0.62112
  5.0 -40.5 -0.62512
  5.0 -40.0 -0.62859
  5.0 -39.5 -0.63149
  5.0 -39.0 -0.63379
  5.0 -38.5 -0.63545
  5.0 -38.0 -0.63644
  5.0 -37.5 -0.63672
  5.0 -37.0 -0.63626
  5.0 -36.5 -0.63503
  5.0 -36.0 -0.63297
  5.0 -35.5 -0.63007
  5.0 -35.0 -0.62628
  5.0 -34.5 -0.62158
  5.0 -34.0 -0.61592
  5.0 -33.5 -0.60928
  5.0 -33.0 -0.60162
  5.0 -32.5 -0.59292
  5.0 -32.0 -0.58315
  5.0 -31.5 -0.57228
  5.0 -31.0 -0.56029
  5.0 -30.5 -0.54716
  5.0 -30.0 -0.53287
  5.0 -29.5 -0.51741
  5.0 -29.0 -0.50075
  5.0 -28.5 -0.48290
  5.0 -28.0 -0.46385
  5.0 -27.5 -0.44360
  5.0 -27.0 -0.42214
  5.0 -26.5 -0.39949
  5.0 -26.0 -0.37566
  5.0 -25.5 -0.35065
  5.0 -25.0 -0.32450
  5.0 -24.5 -0.29722
  5.0 -24.0 -0.26884
  5.0 -23.5 -0.23939
  5.0 -23.0 -0.20891
  5.0 -22.5 -0.17745
  5.0 -22.0 -0.14504
  5.0 -21.5 -0.11175
  5.0 -21.0 -0.07762
  5.0 -20.5 -0.04271
  5.0 -20.0 -0.00709
  5.0 -19.5  0.02918
  5.0 -19.0  0.06602
  5.0 -18.5  0.10337
  5.0 -18.0  0.14114
  5.0 -17.5  0.17927
  5.0 -17.0  0.21765
  5.0 -16.5  0.25622
  5.0 -16.0  0.29488
  5.0 -15.5  0.33355
  5.0 -15.0  0.37214
  5.0 -14.5  0.41056
  5.0 -14.0  0.44872
  5.0 -13.5  0.48653
  5.0 -13.0  0.52389
  5.0 -12.5  0.56073
  5.0 -12.0  0.59694
  5.0 -11.5  0.63245
  5.0 -11.0  0.66716
  5.0 -10.5  0.70098
  5.0 -10.0  0.73385
  5.0  -9.5  0.76567
  5.0  -9.0  0.79637
  5.0  -8.5  0.82586
  5.0  -8.0  0.85409
  5.0  -7.5  0.88097
  5.0  -7.0  0.90644
  5.0  -6.5  0.93044
  5.0  -6.0  0.95291
  5.0  -5.5  0.97379
  5.0  -5.0  0.99303
  5.0  -4.5  1.01059
  5.0  -4.0  1.02642
  5.0  -3.5  1.04048
  5.0  -3.0  1.05273
  5.0  -2.5  1.06315
  5.0  -2.0  1.07171
  5.0  -1.5  1.07839
  5.0  -1.0  1.08318
  5.0  -0.5  1.08605
  5.0   0.0  1.08701
  5.0   0.5  1.08605
  5.0   1.0  1.08318
  5.0   1.5  1.07839
  5.0   2.0  1.07171
  5.0   2.5  1.06315
  5.0   3.0  1.05273
  5.0   3.5  1.04048
  5.0   4.0  1.02642
  5.0   4.5  1.01059
  5.0   5.0  0.99303
  5.0   5.5  0.97379
  5.0   6.0  0.95291
  5.0   6.5  0.93044
  5.0   7.0  0.90644
  5.0   7.5  0.88097
  5.0   8.0  0.85409
  5.0   8.5  0.82586
  5.0   9.0  0.79637
  5.0   9.5  0.76567
  5.0  10.0  0.73385
  5.0  10.5  0.70098
  5.0  11.0  0.66716
  5.0  11.5  0.63245
  5.0  12.0  0.59694
  5.0  12.5  0.56073
  5.0  13.0  0.52389
  5.0  13.5  0.48653
  5.0  14.0  0.44872
  5.0  14.5  0.41056
  5.0  15.0  0.37214
  5.0  15.5  0.33355
  5.0  16.0  0.29488
  5.0  16.5  0.25622
  5.0  17.0  0.21765
  5.0  17.5  0.17927
  5.0  18.0  0.14114
  5.0  18.5  0.10337
  5.0  19.0  0.06602
  5.0  19.5  0.02918
  5.0  20.0 -0.00709
  5.0  20.5 -0.04271
  5.0  21.0 -0.07762
  5.0  21.5 -0.11175
  5.0  22.0 -0.14504
  5.0  22.5 -0.17745
  5.0  23.0 -0.20891
  5.0  23.5 -0.23939
  5.0  24.0 -0.26884
  5.0  24.5 -0.29722
  5.0  25.0 -0.32450
  5.0  25.5 -0.35065
  5.0  26.0 -0.37566
  5.0  26.5 -0.39949
  5.0  27.0 -0.42214
  5.0  27.5 -0.44360
  5.0  28.0 -0.46385
  5.0  28.5 -0.48290
  5.0  29.0 -0.50075
  5.0  29.5 -0.51741
  5.0  30.0 -0.53287
  5.0  30.5 -0.54716
  5.0  31.0 -0.56029
  5.0  31.5 -0.57228
  5.0  32.0 -0.58315
  5.0  32.5 -0.59292
  5.0  33.0 -0.60162
  5.0  33.5 -0.60928
  5.0  34.0 -0.61592
  5.0  34.5 -0.62158
  5.0  35.0 -0.62628
  5.0  35.5 -0.63007
  5.0  36.0 -0.63297
  5.0  36.5 -0.63503
  5.0  37.0 -0.63626
  5.0  37.5 -0.63672
  5.0  38.0 -0.63644
  5.0  38.5 -0.63545
  5.0  39.0 -0.63379
  5.0  39.5 -0.63149
  5.0  40.0 -0.62859
  5.0  40.5 -0.62512
  5.0  41.0 -0.62112
  5.0  41.5 -0.61663
  5.0  42.0 -0.61167
  5.0  42.5 -0.60627
  5.0  43.0 -0.60047
  5.0  43.5 -0.59429
  5.0  44.0 -0.58777
  5.0  44.5 -0.58094
  5.0  45.0 -0.57381
  5.5 -45.0 -0.57685
  5.5 -44.5 -0.58424
  5.5 -44.0 -0.59135
  5.5 -43.5 -0.59815
  5.5 -43.0 -0.60461
  5.5 -42.5 -0.61071
  5.5 -42.0 -0.61642
  5.5 -41.5 -0.62169
  5.5 -41.0 -0.62650
  5.5 -40.5 -0.63083
  5.5 -40.0 -0.63462
  5.5 -39.5 -0.63785
  5.5 -39.0 -0.64048
  5.5 -38.5 -0.64248
  5.5 -38.0 -0.64380
  5.5 -37.5 -0.64442
  5.5 -37.0 -0.64429
  5.5 -36.5 -0.64338
  5.5 -36.0 -0.64165
  5.5 -35.5 -0.63906
  5.5 -35.0 -0.63557
  5.5 -34.5 -0.63116
  5.5 -34.0 -0.62578
  5.5 -33.5 -0.61941
  5.5 -33.0 -0.61200
  5.5 -32.5 -0.60353
  5.5 -32.0 -0.59397
  5.5 -31.5 -0.58329
  5.5 -31.0 -0.57146
  5.5 -30.5 -0.55847
  5.5 -30.0 -0.54428
  5.5 -29.5 -0.52890
  5.5 -29.0 -0.51229
  5.5 -28.5 -0.49445
  5.5 -28.0 -0.47538
  5.5 -27.5 -0.45507
  5.5 -27.0 -0.43352
  5.5 -26.5 -0.41073
  5.5 -26.0 -0.38672
  5.5 -25.5 -0.36150
  5.5 -25.0 -0.33509
  5.5 -24.5 -0.30751
  5.5 -24.0 -0.27879
  5.5 -23.5 -0.24897
  5.5 -23.0 -0.21807
  5.5 -22.5 -0.18615
  5.5 -22.0 -0.15324
  5.5 -21.5 -0.11941
  5.5 -21.0 -0.08470
  5.5 -20.5 -0.04919
  5.5 -20.0 -0.01292
  5.5 -19.5  0.02402
  5.5 -19.0  0.06157
  5.5 -18.5  0.09965
  5.5 -18.0  0.13818
  5.5 -17.5  0.17708
  5.5 -17.0  0.21627
  5.5 -16.5  0.25565
  5.5 -16.0  0.29515
  5.5 -15.5  0.33466
  5.5 -15.0  0.37410
  5.5 -14.5  0.41338
  5.5 -14.0  0.45240
  5.5 -13.5  0.49106
  5.5 -13.0  0.52929
  5.5 -12.5  0.56697
  5.5 -12.0  0.60402
  5.5 -11.5  0.64036
  5.5 -11.0  0.67588
  5.5 -10.5  0.71050
  5.5 -10.0  0.74414
  5.5  -9.5  0.77671
  5.5  -9.0  0.80814
  5.5  -8.5  0.83834
  5.5  -8.0  0.86723
  5.5  -7.5  0.89476
  5.5  -7.0  0.92084
  5.5  -6.5  0.94541
  5.5  -6.0  0.96842
  5.5  -5.5  0.98980
  5.5  -5.0  1.00951
  5.5  -4.5  1.02748
  5.5  -4.0  1.04369
  5.5  -3.5  1.05808
  5.5  -3.0  1.07063
  5.5  -2.5  1.08130
  5.5  -2.0  1.09007
  5.5  -1.5  1.09691
  5.5  -1.0  1.10181
  5.5  -0.5  1.10475
  5.5   0.0  1.10573
  5.5   0.5  1.10475
  5.5   1.0  1.10181
  5.5   1.5  1.09691
  5.5   2.0  1.09007
  5.5   2.5  1.08130
  5.5   3.0  1.07063
  5.5   3.5  1.05808
  5.5   4.0  1.04369
  5.5   4.5  1.02748
  5.5   5.0  1.00951
  5.5   5.5  0.98980
  5.5   6.0  0.96842
  5.5   6.5  0.94541
  5.5   7.0  0.92084
  5.5   7.5  0.89476
  5.5   8.0  0.86723
  5.5   8.5  0.83834
  5.5   9.0  0.80814
  5.5   9.5  0.77671
  5.5  10.0  0.74414
  5.5  10.5  0.71050
  5.5  11.0  0.67588
  5.5  11.5  0.64036
  5.5  12.0  0.60402
  5.5  12.5  0.56697
  5.5  13.0  0.52929
  5.5  13.5  0.49106
  5.5  14.0  0.45240
  5.5  14.5  0.41338
  5.5  15.0  0.37410
  5.5  15.5  0.33466
  5.5  16.0  0.29515
  5.5  16.5  0.25565
  5.5  17.0  0.21627
  5.5  17.5  0.17708
  5.5  18.0  0.13818
  5.5  18.5  0.09965
  5.5  19.0  0.06157
  5.5  19.5  0.02402
  5.5  20.0 -0.01292
  5.5  20.5 -0.04919
  5.5  21.0 -0.08470
  5.5  21.5 -0.11941
  5.5  22.0 -0.15324
  5.5  22.5 -0.18615
  5.5  23.0 -0.21807
  5.5  23.5 -0.24897
  5.5  24.0 -0.27879
  5.5  24.5 -0.30751
  5.5  25.0 -0.33509
  5.5  25.5 -0.36150
  5.5  26.0 -0.38672
  5.5  26.5 -0.41073
  5.5  27.0 -0.43352
  5.5  27.5 -0.45507
  5.5  28.0 -0.47538
  5.5  28.5 -0.49445
  5.5  29.0 -0.51229
  5.5  29.5 -0.52890
  5.5  30.0 -0.54428
  5.5  30.5 -0.55847
  5.5  31.0 -0.57146
  5.5  31.5 -0.58329
  5.5  32.0 -0.59397
  5.5  32.5 -0.60353
  5.5  33.0 -0.61200
  5.5  33.5 -0.61941
  5.5  34.0 -0.62578
  5.5  34.5 -0.63116
  5.5  35.0 -0.63557
  5.5  35.5 -0.63906
  5.5  36.0 -0.64165
  5.5  36.5 -0.64338
  5.5  37.0 -0.64429
  5.5  37.5 -0.64442
  5.5  38.0 -0.64380
  5.5  38.5 -0.64248
  5.5  39.0 -0.64048
  5.5  39.5 -0.63785
  5.5  40.0 -0.63462
  5.5  40.5 -0.63083
  5.5  41.0 -0.62650
  5.5  41.5 -0.62169
  5.5  42.0 -0.61642
  5.5  42.5 -0.61071
  5.5  43.0 -0.60461
  5.5  43.5 -0.59815
  5.5  44.0 -0.59135
  5.5  44.5 -0.58424
  5.5  45.0 -0.57685
  6.0 -45.0 -0.58014
  6.0 -44.5 -0.58782
  6.0 -44.0 -0.59523
  6.0 -43.5 -0.60234
  6.0 -43.0 -0.60913
  6.0 -42.5 -0.61555
  6.0 -42.0 -0.62159
  6.0 -41.5 -0.62721
  6.0 -41.0 -0.63238
  6.0 -40.5 -0.63706
  6.0 -40.0 -0.64121
  6.0 -39.5 -0.64481
  6.0 -39.0 -0.64781
  6.0 -38.5 -0.65018
  6.0 -38.0 -0.65187
  6.0 -37.5 -0.65286
  6.0 -37.0 -0.65310
  6.0 -36.5 -0.65255
  6.0 -36.0 -0.65118
  6.0 -35.5 -0.64894
  6.0 -35.0 -0.64579
  6.0 -34.5 -0.64171
  6.0 -34.0 -0.63665
  6.0 -33.5 -0.63057
  6.0 -33.0 -0.62344
  6.0 -32.5 -0.61523
  6.0 -32.0 -0.60591
  6.0 -31.5 -0.59544
  6.0 -31.0 -0.58380
  6.0 -30.5 -0.57096
  6.0 -30.0 -0.55690
  6.0 -29.5 -0.54161
  6.0 -29.0 -0.52506
  6.0 -28.5 -0.50724
  6.0 -28.0 -0.48815
  6.0 -27.5 -0.46778
  6.0 -27.0 -0.44612
  6.0 -26.5 -0.42319
  6.0 -26.0 -0.39899
  6.0 -25.5 -0.37354
  6.0 -25.0 -0.34685
  6.0 -24.5 -0.31895
  6.0 -24.0 -0.28986
  6.0 -23.5 -0.25961
  6.0 -23.0 -0.22826
  6.0 -22.5 -0.19583
  6.0 -22.0 -0.16237
  6.0 -21.5 -0.12795
  6.0 -21.0 -0.09261
  6.0 -20.5 -0.05641
  6.0 -20.0 -0.01944
  6.0 -19.5  0.01825
  6.0 -19.0  0.05658
  6.0 -18.5  0.09547
  6.0 -18.0  0.13485
  6.0 -17.5  0.17461
  6.0 -17.0  0.21469
  6.0 -16.5  0.25498
  6.0 -16.0  0.29539
  6.0 -15.5  0.33584
  6.0 -15.0  0.37623
  6.0 -14.5  0.41646
  6.0 -14.0  0.45643
  6.0 -13.5  0.49604
  6.0 -13.0  0.53521
  6.0 -12.5  0.57384
  6.0 -12.0  0.61182
  6.0 -11.5  0.64907
  6.0 -11.0  0.68550
  6.0 -10.5  0.72100
  6.0 -10.0  0.75550
  6.0  -9.5  0.78891
  6.0  -9.0  0.82114
  6.0  -8.5  0.85212
  6.0  -8.0  0.88176
  6.0  -7.5  0.90999
  6.0  -7.0  0.93674
  6.0  -6.5  0.96195
  6.0  -6.0  0.98555
  6.0  -5.5  1.00749
  6.0  -5.0  1.02770
  6.0  -4.5  1.04615
  6.0  -4.0  1.06277
  6.0  -3.5  1.07754
  6.0  -3.0  1.09041
  6.0  -2.5  1.10136
  6.0  -2.0  1.11035
  6.0  -1.5  1.11737
  6.0  -1.0  1.12239
  6.0  -0.5  1.12541
  6.0   0.0  1.12642
  6.0   0.5  1.12541
  6.0   1.0  1.12239
  6.0   1.5  1.11737
  6.0   2.0  1.11035
  6.0   2.5  1.10136
  6.0   3.0  1.09041
  6.0   3.5  1.07754
  6.0   4.0  1.06277
  6.0   4.5  1.04615
  6.0   5.0  1.02770
  6.0   5.5  1.00749
  6.0   6.0  0.98555
  6.0   6.5  0.96195
  6.0   7.0  0.93674
  6.0   7.5  0.90999
  6.0   8.0  0.88176
  6.0   8.5  0.85212
  6.0   9.0  0.82114
  6.0   9.5  0.78891
  6.0  10.0  0.75550
  6.0  10.5  0.72100
  6.0  11.0  0.68550
  6.0  11.5  0.64907
  6.0  12.0  0.61182
  6.0  12.5  0.57384
  6.0  13.0  0.53521
  6.0  13.5  0.49604
  6.0  14.0  0.45643
  6.0  14.5  0.41646
  6.0  15.0  0.37623
  6.0  15.5  0.33584
  6.0  16.0  0.29539
  6.0  16.5  0.25498
  6.0  17.0  0.21469
  6.0  17.5  0.17461
  6.0  18.0  0.13485
  6.0  18.5  0.09547
  6.0  19.0  0.05658
  6.0  19.5  0.01825
  6.0  20.0 -0.01944
  6.0  20.5 -0.05641
  6.0  21.0 -0.09261
  6.0  21.5 -0.12795
  6.0  22.0 -0.16237
  6.0  22.5 -0.19583
  6.0  23.0 -0.22826
  6.0  23.5 -0.25961
  6.0  24.0 -0.28986
  6.0  24.5 -0.31895
  6.0  25.0 -0.34685
  6.0  25.5 -0.37354
  6.0  26.0 -0.39899
  6.0  26.5 -0.42319
  6.0  27.0 -0.44612
  6.0  27.5 -0.46778
  6.0  28.0 -0.48815
  6.0  28.5 -0.50724
  6.0  29.0 -0.52506
  6.0  29.5 -0.54161
  6.0  30.0 -0.55690
  6.0  30.5 -0.57096
  6.0  31.0 -0.58380
  6.0  31.5 -0.59544
  6.0  32.0 -0.60591
  6.0  32.5 -0.61523
  6.0  33.0 -0.62344
  6.0  33.5 -0.63057
  6.0  34.0 -0.63665
  6.0  34.5 -0.64171
  6.0  35.0 -0.64579
  6.0  35.5 -0.64894
  6.0  36.0 -0.65118
  6.0  36.5 -0.65255
  6.0  37.0 -0.65310
  6.0  37.5 -0.65286
  6.0  38.0 -0.65187
  6.0  38.5 -0.65018
  6.0  39.0 -0.64781
  6.0  39.5 -0.64481
  6.0  40.0 -0.64121
  6.0  40.5 -0.63706
  6.0  41.0 -0.63238
  6.0  41.5 -0.62721
  6.0  42.0 -0.62159
  6.0  42.5 -0.61555
  6.0  43.0 -0.60913
  6.0  43.5 -0.60234
  6.0  44.0 -0.59523
  6.0  44.5 -0.58782
  6.0  45.0 -0.58014
  6.5 -45.0 -0.58367
  6.5 -44.5 -0.59167
  6.5 -44.0 -0.59941
  6.5 -43.5 -0.60686
  6.5 -43.0 -0.61399
  6.5 -42.5 -0.62078
  6.5 -42.0 -0.62719
  6.5 -41.5 -0.63319
  6.5 -41.0 -0.63874
  6.5 -40.5 -0.64381
  6.5 -40.0 -0.64836
  6.5 -39.5 -0.65236
  6.5 -39.0 -0.65577
  6.5 -38.5 -0.65855
  6.5 -38.0 -0.66065
  6.5 -37.5 -0.66205
  6.5 -37.0 -0.66270
  6.5 -36.5 -0.66255
  6.5 -36.0 -0.66157
  6.5 -35.5 -0.65972
  6.5 -35.0 -0.65695
  6.5 -34.5 -0.65323
  6.5 -34.0 -0.64852
  6.5 -33.5 -0.64278
  6.5 -33.0 -0.63596
  6.5 -32.5 -0.62805
  6.5 -32.0 -0.61899
  6.5 -31.5 -0.60876
  6.5 -31.0 -0.59733
  6.5 -30.5 -0.58467
  6.5 -30.0 -0.57076
  6.5 -29.5 -0.55557
  6.5 -29.0 -0.53909
  6.5 -28.5 -0.52130
  6.5 -28.0 -0.50220
  6.5 -27.5 -0.48176
  6.5 -27.0 -0.46001
  6.5 -26.5 -0.43692
  6.5 -26.0 -0.41252
  6.5 -25.5 -0.38682
  6.5 -25.0 -0.35983
  6.5 -24.5 -0.33157
  6.5 -24.0 -0.30208
  6.5 -23.5 -0.27138
  6.5 -23.0 -0.23952
  6.5 -22.5 -0.20653
  6.5 -22.0 -0.17247
  6.5 -21.5 -0.13740
  6.5 -21.0 -0.10136
  6.5 -20.5 -0.06443
  6.5 -20.0 -0.02667
  6.5 -19.5  0.01185
  6.5 -19.0  0.05104
  6.5 -18.5  0.09082
  6.5 -18.0  0.13112
  6.5 -17.5  0.17184
  6.5 -17.0  0.21289
  6.5 -16.5  0.25418
  6.5 -16.0  0.29561
  6.5 -15.5  0.33709
  6.5 -15.0  0.37851
  6.5 -14.5  0.41979
  6.5 -14.0  0.46081
  6.5 -13.5  0.50147
  6.5 -13.0  0.54169
  6.5 -12.5  0.58135
  6.5 -12.0  0.62036
  6.5 -11.5  0.65862
  6.5 -11.0  0.69603
  6.5 -10.5  0.73251
  6.5 -10.0  0.76795
  6.5  -9.5  0.80228
  6.5  -9.0  0.83540
  6.5  -8.5  0.86723
  6.5  -8.0  0.89769
  6.5  -7.5  0.92670
  6.5  -7.0  0.95420
  6.5  -6.5  0.98010
  6.5  -6.0  1.00436
  6.5  -5.5  1.02690
  6.5  -5.0  1.04767
  6.5  -4.5  1.06663
  6.5  -4.0  1.08371
  6.5  -3.5  1.09889
  6.5  -3.0  1.11212
  6.5  -2.5  1.12337
  6.5  -2.0  1.13261
  6.5  -1.5  1.13982
  6.5  -1.0  1.14499
  6.5  -0.5  1.14809
  6.5   0.0  1.14913
  6.5   0.5  1.14809
  6.5   1.0  1.14499
  6.5   1.5  1.13982
  6.5   2.0  1.13261
  6.5   2.5  1.12337
  6.5   3.0  1.11212
  6.5   3.5  1.09889
  6.5   4.0  1.08371
  6.5   4.5  1.06663
  6.5   5.0  1.04767
  6.5   5.5  1.02690
  6.5   6.0  1.00436
  6.5   6.5  0.98010
  6.5   7.0  0.95420
  6.5   7.5  0.92670
  6.5   8.0  0.89769
  6.5   8.5  0.86723
  6.5   9.0  0.83540
  6.5   9.5  0.80228
  6.5  10.0  0.76795
  6.5  10.5  0.73251
  6.5  11.0  0.69603
  6.5  11.5  0.65862
  6.5  12.0  0.62036
  6.5  12.5  0.58135
  6.5  13.0  0.54169
  6.5  13.5  0.50147
  6.5  14.0  0.46081
  6.5  14.5  0.41979
  6.5  15.0  0.37851
  6.5  15.5  0.33709
  6.5  16.0  0.29561
  6.5  16.5  0.25418
  6.5  17.0  0.21289
  6.5  17.5  0.17184
  6.5  18.0  0.13112
  6.5  18.5  0.09082
  6.5  19.0  0.05104
  6.5  19.5  0.01185
  6.5  20.0 -0.02667
  6.5  20.5 -0.06443
  6.5  21.0 -0.10136
  6.5  21.5 -0.13740
  6.5  22.0 -0.17247
  6.5  22.5 -0.20653
  6.5  23.0 -0.23952
  6.5  23.5 -0.27138
  6.5  24.0 -0.30208
  6.5  24.5 -0.33157
  6.5  25.0 -0.35983
  6.5  25.5 -0.38682
  6.5  26.0 -0.41252
  6.5  26.5 -0.43692
  6.5  27.0 -0.46001
  6.5  27.5 -0.48176
  6.5  28.0 -0.50220
  6.5  28.5 -0.52130
  6.5  29.0 -0.53909
  6.5  29.5 -0.55557
  6.5  30.0 -0.57076
  6.5  30.5 -0.58467
  6.5  31.0 -0.59733
  6.5  31.5 -0.60876
  6.5  32.0 -0.61899
  6.5  32.5 -0.62805
  6.5  33.0 -0.63596
  6.5  33.5 -0.64278
  6.5  34.0 -0.64852
  6.5  34.5 -0.65323
  6.5  35.0 -0.65695
  6.5  35.5 -0.65972
  6.5  36.0 -0.66157
  6.5  36.5 -0.66255
  6.5  37.0 -0.66270
  6.5  37.5 -0.66205
  6.5  38.0 -0.66065
  6.5  38.5 -0.65855
  6.5  39.0 -0.65577
  6.5  39.5 -0.65236
  6.5  40.0 -0.64836
  6.5  40.5 -0.64381
  6.5  41.0 -0.63874
  6.5  41.5 -0.63319
  6.5  42.0 -0.62719
  6.5  42.5 -0.62078
  6.5  43.0 -0.61399
  6.5  43.5 -0.60686
  6.5  44.0 -0.59941
  6.5  44.5 -0.59167
  6.5  45.0 -0.58367
  7.0 -45.0 -0.58744
  7.0 -44.5 -0.59578
  7.0 -44.0 -0.60388
  7.0 -43.5 -0.61170
  7.0 -43.0 -0.61921
  7.0 -42.5 -0.62639
  7.0 -42.0 -0.63320
  7.0 -41.5 -0.63961
  7.0 -41.0 -0.64558
  7.0 -40.5 -0.65108
  7.0 -40.0 -0.65607
  7.0 -39.5 -0.66051
  7.0 -39.0 -0.66436
  7.0 -38.5 -0.66759
  7.0 -38.0 -0.67014
  7.0 -37.5 -0.67199
  7.0 -37.0 -0.67308
  7.0 -36.5 -0.67338
  7.0 -36.0 -0.67284
  7.0 -35.5 -0.67142
  7.0 -35.0 -0.66907
  7.0 -34.5 -0.66575
  7.0 -34.0 -0.66143
  7.0 -33.5 -0.65606
  7.0 -33.0 -0.64959
  7.0 -32.5 -0.64200
  7.0 -32.0 -0.63324
  7.0 -31.5 -0.62328
  7.0 -31.0 -0.61209
  7.0 -30.5 -0.59964
  7.0 -30.0 -0.58589
  7.0 -29.5 -0.57083
  7.0 -29.0 -0.55443
  7.0 -28.5 -0.53668
  7.0 -28.0 -0.51757
  7.0 -27.5 -0.49708
  7.0 -27.0 -0.47522
  7.0 -26.5 -0.45197
  7.0 -26.0 -0.42736
  7.0 -25.5 -0.40139
  7.0 -25.0 -0.37407
  7.0 -24.5 -0.34543
  7.0 -24.0 -0.31550
  7.0 -23.5 -0.28431
  7.0 -23.0 -0.25190
  7.0 -22.5 -0.21831
  7.0 -22.0 -0.18359
  7.0 -21.5 -0.14781
  7.0 -21.0 -0.11101
  7.0 -20.5 -0.07327
  7.0 -20.0 -0.03465
  7.0 -19.5  0.00476
  7.0 -19.0  0.04489
  7.0 -18.5  0.08565
  7.0 -18.0  0.12696
  7.0 -17.5  0.16873
  7.0 -17.0  0.21085
  7.0 -16.5  0.25323
  7.0 -16.0  0.29578
  7.0 -15.5  0.33838
  7.0 -15.0  0.38095
  7.0 -14.5  0.42337
  7.0 -14.0  0.46554
  7.0 -13.5  0.50736
  7.0 -13.0  0.54872
  7.0 -12.5  0.58951
  7.0 -12.0  0.62964
  7.0 -11.5  0.66901
  7.0 -11.0  0.70751
  7.0 -10.5  0.74505
  7.0 -10.0  0.78153
  7.0  -9.5  0.81686
  7.0  -9.0  0.85095
  7.0  -8.5  0.88371
  7.0  -8.0  0.91506
  7.0  -7.5  0.94493
  7.0  -7.0  0.97324
  7.0  -6.5  0.99990
  7.0  -6.0  1.02487
  7.0  -5.5  1.04808
  7.0  -5.0  1.06947
  7.0  -4.5  1.08898
  7.0  -4.0  1.10657
  7.0  -3.5  1.12219
  7.0  -3.0  1.13581
  7.0  -2.5  1.14739
  7.0  -2.0  1.15690
  7.0  -1.5  1.16432
  7.0  -1.0  1.16964
  7.0  -0.5  1.17284
  7.0   0.0  1.17390
  7.0   0.5  1.17284
  7.0   1.0  1.16964
  7.0   1.5  1.16432
  7.0   2.0  1.15690
  7.0   2.5  1.14739
  7.0   3.0  1.13581
  7.0   3.5  1.12219
  7.0   4.0  1.10657
  7.0   4.5  1.08898
  7.0   5.0  1.06947
  7.0   5.5  1.04808
  7.0   6.0  1.02487
  7.0   6.5  0.99990
  7.0   7.0  0.97324
  7.0   7.5  0.94493
  7.0   8.0  0.91506
  7.0   8.5  0.88371
  7.0   9.0  0.85095
  7.0   9.5  0.81686
  7.0  10.0  0.78153
  7.0  10.5  0.74505
  7.0  11.0  0.70751
  7.0  11.5  0.66901
  7.0  12.0  0.62964
  7.0  12.5  0.58951
  7.0  13.0  0.54872
  7.0  13.5  0.50736
  7.0  14.0  0.46554
  7.0  14.5  0.42337
  7.0  15.0  0.38095
  7.0  15.5  0.33838
  7.0  16.0  0.29578
  7.0  16.5  0.25323
  7.0  17.0  0.21085
  7.0  17.5  0.16873
  7.0  18.0  0.12696
  7.0  18.5  0.08565
  7.0  19.0  0.04489
  7.0  19.5  0.00476
  7.0  20.0 -0.03465
  7.0  20.5 -0.07327
  7.0  21.0 -0.11101
  7.0  21.5 -0.14781
  7.0  22.0 -0.18359
  7.0  22.5 -0.21831
  7.0  23.0 -0.25190
  7.0  23.5 -0.28431
  7.0  24.0 -0.31550
  7.0  24.5 -0.34543
  7.0  25.0 -0.37407
  7.0  25.5 -0.40139
  7.0  26.0 -0.42736
  7.0  26.5 -0.45197
  7.0  27.0 -0.47522
  7.0  27.5 -0.49708
  7.0  28.0 -0.51757
  7.0  28.5 -0.53668
  7.0  29.0 -0.55443
  7.0  29.5 -0.57083
  7.0  30.0 -0.58589
  7.0  30.5 -0.59964
  7.0  31.0 -0.61209
  7.0  31.5 -0.62328
  7.0  32.0 -0.63324
  7.0  32.5 -0.64200
  7.0  33.0 -0.64959
  7.0  33.5 -0.65606
  7.0  34.0 -0.66143
  7.0  34.5 -0.66575
  7.0  35.0 -0.66907
  7.0  35.5 -0.67142
  7.0  36.0 -0.67284
  7.0  36.5 -0.67338
  7.0  37.0 -0.67308
  7.0  37.5 -0.67199
  7.0  38.0 -0.67014
  7.0  38.5 -0.66759
  7.0  39.0 -0.66436
  7.0  39.5 -0.66051
  7.0  40.0 -0.65607
  7.0  40.5 -0.65108
  7.0  41.0 -0.64558
  7.0  41.5 -0.63961
  7.0  42.0 -0.63320
  7.0  42.5 -0.62639
  7.0  43.0 -0.61921
  7.0  43.5 -0.61170
  7.0  44.0 -0.60388
  7.0  44.5 -0.59578
  7.0  45.0 -0.58744
  7.5 -45.0 -0.59142
  7.5 -44.5 -0.60014
  7.5 -44.0 -0.60862
  7.5 -43.5 -0.61684
  7.5 -43.0 -0.62476
  7.5 -42.5 -0.63237
  7.5 -42.0 -0.63961
  7.5 -41.5 -0.64647
  7.5 -41.0 -0.65289
  7.5 -40.5 -0.65886
  7.5 -40.0 -0.66432
  7.5 -39.5 -0.66924
  7.5 -39.0 -0.67358
  7.5 -38.5 -0.67730
  7.5 -38.0 -0.68035
  7.5 -37.5 -0.68268
  7.5 -37.0 -0.68427
  7.5 -36.5 -0.68505
  7.5 -36.0 -0.68499
  7.5 -35.5 -0.68404
  7.5 -35.0 -0.68215
  7.5 -34.5 -0.67928
  7.5 -34.0 -0.67539
  7.5 -33.5 -0.67043
  7.5 -33.0 -0.66435
  7.5 -32.5 -0.65712
  7.5 -32.0 -0.64870
  7.5 -31.5 -0.63904
  7.5 -31.0 -0.62812
  7.5 -30.5 -0.61589
  7.5 -30.0 -0.60234
  7.5 -29.5 -0.58742
  7.5 -29.0 -0.57113
  7.5 -28.5 -0.55343
  7.5 -28.0 -0.53432
  7.5 -27.5 -0.51378
  7.5 -27.0 -0.49180
  7.5 -26.5 -0.46839
  7.5 -26.0 -0.44355
  7.5 -25.5 -0.41730
  7.5 -25.0 -0.38963
  7.5 -24.5 -0.36059
  7.5 -24.0 -0.33019
  7.5 -23.5 -0.29846
  7.5 -23.0 -0.26546
  7.5 -22.5 -0.23121
  7.5 -22.0 -0.19579
  7.5 -21.5 -0.15923
  7.5 -21.0 -0.12160
  7.5 -20.5 -0.08298
  7.5 -20.0 -0.04343
  7.5 -19.5 -0.00304
  7.5 -19.0  0.03811
  7.5 -18.5  0.07994
  7.5 -18.0  0.12236
  7.5 -17.5  0.16526
  7.5 -17.0  0.20854
  7.5 -16.5  0.25212
  7.5 -16.0  0.29588
  7.5 -15.5  0.33972
  7.5 -15.0  0.38353
  7.5 -14.5  0.42720
  7.5 -14.0  0.47063
  7.5 -13.5  0.51370
  7.5 -13.0  0.55631
  7.5 -12.5  0.59834
  7.5 -12.0  0.63970
  7.5 -11.5  0.68027
  7.5 -11.0  0.71995
  7.5 -10.5  0.75865
  7.5 -10.0  0.79625
  7.5  -9.5  0.83268
  7.5  -9.0  0.86782
  7.5  -8.5  0.90160
  7.5  -8.0  0.93393
  7.5  -7.5  0.96473
  7.5  -7.0  0.99391
  7.5  -6.5  1.02141
  7.5  -6.0  1.04715
  7.5  -5.5  1.07108
  7.5  -5.0  1.09313
  7.5  -4.5  1.11325
  7.5  -4.0  1.13138
  7.5  -3.5  1.14749
  7.5  -3.0  1.16153
  7.5  -2.5  1.17347
  7.5  -2.0  1.18328
  7.5  -1.5  1.19094
  7.5  -1.0  1.19642
  7.5  -0.5  1.19971
  7.5   0.0  1.20081
  7.5   0.5  1.19971
  7.5   1.0  1.19642
  7.5   1.5  1.19094
  7.5   2.0  1.18328
  7.5   2.5  1.17347
  7.5   3.0  1.16153
  7.5   3.5  1.14749
  7.5   4.0  1.13138
  7.5   4.5  1.11325
  7.5   5.0  1.09313
  7.5   5.5  1.07108
  7.5   6.0  1.04715
  7.5   6.5  1.02141
  7.5   7.0  0.99391
  7.5   7.5  0.96473
  7.5   8.0  0.93393
  7.5   8.5  0.90160
  7.5   9.0  0.86782
  7.5   9.5  0.83268
  7.5  10.0  0.79625
  7.5  10.5  0.75865
  7.5  11.0  0.71995
  7.5  11.5  0.68027
  7.5  12.0  0.63970
  7.5  12.5  0.59834
  7.5  13.0  0.55631
  7.5  13.5  0.51370
  7.5  14.0  0.47063
  7.5  14.5  0.42720
  7.5  15.0  0.38353
  7.5  15.5  0.33972
  7.5  16.0  0.29588
  7.5  16.5  0.25212
  7.5  17.0  0.20854
  7.5  17.5  0.16526
  7.5  18.0  0.12236
  7.5  18.5  0.07994
  7.5  19.0  0.03811
  7.5  19.5 -0.00304
  7.5  20.0 -0.04343
  7.5  20.5 -0.08298
  7.5  21.0 -0.12160
  7.5  21.5 -0.15923
  7.5  22.0 -0.19579
  7.5  22.5 -0.23121
  7.5  23.0 -0.26546
  7.5  23.5 -0.29846
  7.5  24.0 -0.33019
  7.5  24.5 -0.36059
  7.5  25.0 -0.38963
  7.5  25.5 -0.41730
  7.5  26.0 -0.44355
  7.5  26.5 -0.46839
  7.5  27.0 -0.49180
  7.5  27.5 -0.51378
  7.5  28.0 -0.53432
  7.5  28.5 -0.55343
  7.5  29.0 -0.57113
  7.5  29.5 -0.58742
  7.5  30.0 -0.60234
  7.5  30.5 -0.61589
  7.5  31.0 -0.62812
  7.5  31.5 -0.63904
  7.5  32.0 -0.64870
  7.5  32.5 -0.65712
  7.5  33.0 -0.66435
  7.5  33.5 -0.67043
  7.5  34.0 -0.67539
  7.5  34.5 -0.67928
  7.5  35.0 -0.68215
  7.5  35.5 -0.68404
  7.5  36.0 -0.68499
  7.5  36.5 -0.68505
  7.5  37.0 -0.68427
  7.5  37.5 -0.68268
  7.5  38.0 -0.68035
  7.5  38.5 -0.67730
  7.5  39.0 -0.67358
  7.5  39.5 -0.66924
  7.5  40.0 -0.66432
  7.5  40.5 -0.65886
  7.5  41.0 -0.65289
  7.5  41.5 -0.64647
  7.5  42.0 -0.63961
  7.5  42.5 -0.63237
  7.5  43.0 -0.62476
  7.5  43.5 -0.61684
  7.5  44.0 -0.60862
  7.5  44.5 -0.60014
  7.5  45.0 -0.59142
  8.0 -45.0 -0.59562
  8.0 -44.5 -0.60473
  8.0 -44.0 -0.61362
  8.0 -43.5 -0.62227
  8.0 -43.0 -0.63064
  8.0 -42.5 -0.63870
  8.0 -42.0 -0.64641
  8.0 -41.5 -0.65375
  8.0 -41.0 -0.66067
  8.0 -40.5 -0.66714
  8.0 -40.0 -0.67312
  8.0 -39.5 -0.67856
  8.0 -39.0 -0.68343
  8.0 -38.5 -0.68767
  8.0 -38.0 -0.69126
  8.0 -37.5 -0.69413
  8.0 -37.0 -0.69625
  8.0 -36.5 -0.69756
  8.0 -36.0 -0.69803
  8.0 -35.5 -0.69759
  8.0 -35.0 -0.69621
  8.0 -34.5 -0.69384
  8.0 -34.0 -0.69042
  8.0 -33.5 -0.68591
  8.0 -33.0 -0.68026
  8.0 -32.5 -0.67344
  8.0 -32.0 -0.66538
  8.0 -31.5 -0.65607
  8.0 -31.0 -0.64545
  8.0 -30.5 -0.63348
  8.0 -30.0 -0.62014
  8.0 -29.5 -0.60540
  8.0 -29.0 -0.58923
  8.0 -28.5 -0.57160
  8.0 -28.0 -0.55249
  8.0 -27.5 -0.53191
  8.0 -27.0 -0.50982
  8.0 -26.5 -0.48624
  8.0 -26.0 -0.46117
  8.0 -25.5 -0.43461
  8.0 -25.0 -0.40658
  8.0 -24.5 -0.37710
  8.0 -24.0 -0.34620
  8.0 -23.5 -0.31390
  8.0 -23.0 -0.28026
  8.0 -22.5 -0.24531
  8.0 -22.0 -0.20911
  8.0 -21.5 -0.17172
  8.0 -21.0 -0.13320
  8.0 -20.5 -0.09362
  8.0 -20.0 -0.05306
  8.0 -19.5 -0.01161
  8.0 -19.0  0.03066
  8.0 -18.5  0.07365
  8.0 -18.0  0.11726
  8.0 -17.5  0.16140
  8.0 -17.0  0.20595
  8.0 -16.5  0.25083
  8.0 -16.0  0.29591
  8.0 -15.5  0.34109
  8.0 -15.0  0.38625
  8.0 -14.5  0.43128
  8.0 -14.0  0.47607
  8.0 -13.5  0.52050
  8.0 -13.0  0.56447
  8.0 -12.5  0.60785
  8.0 -12.0  0.65053
  8.0 -11.5  0.69241
  8.0 -11.0  0.73338
  8.0 -10.5  0.77333
  8.0 -10.0  0.81216
  8.0  -9.5  0.84977
  8.0  -9.0  0.88606
  8.0  -8.5  0.92095
  8.0  -8.0  0.95433
  8.0  -7.5  0.98613
  8.0  -7.0  1.01627
  8.0  -6.5  1.04467
  8.0  -6.0  1.07125
  8.0  -5.5  1.09596
  8.0  -5.0  1.11873
  8.0  -4.5  1.13950
  8.0  -4.0  1.15823
  8.0  -3.5  1.17486
  8.0  -3.0  1.18936
  8.0  -2.5  1.20169
  8.0  -2.0  1.21182
  8.0  -1.5  1.21972
  8.0  -1.0  1.22538
  8.0  -0.5  1.22878
  8.0   0.0  1.22992
  8.0   0.5  1.22878
  8.0   1.0  1.22538
  8.0   1.5  1.21972
  8.0   2.0  1.21182
  8.0   2.5  1.20169
  8.0   3.0  1.18936
  8.0   3.5  1.17486
  8.0   4.0  1.15823
  8.0   4.5  1.13950
  8.0   5.0  1.11873
  8.0   5.5  1.09596
  8.0   6.0  1.07125
  8.0   6.5  1.04467
  8.0   7.0  1.01627
  8.0   7.5  0.98613
  8.0   8.0  0.95433
  8.0   8.5  0.92095
  8.0   9.0  0.88606
  8.0   9.5  0.84977
  8.0  10.0  0.81216
  8.0  10.5  0.77333
  8.0  11.0  0.73338
  8.0  11.5  0.69241
  8.0  12.0  0.65053
  8.0  12.5  0.60785
  8.0  13.0  0.56447
  8.0  13.5  0.52050
  8.0  14.0  0.47607
  8.0  14.5  0.43128
  8.0  15.0  0.38625
  8.0  15.5  0.34109
  8.0  16.0  0.29591
  8.0  16.5  0.25083
  8.0  17.0  0.20595
  8.0  17.5  0.16140
  8.0  18.0  0.11726
  8.0  18.5  0.07365
  8.0  19.0  0.03066
  8.0  19.5 -0.01161
  8.0  20.0 -0.05306
  8.0  20.5 -0.09362
  8.0  21.0 -0.13320
  8.0  21.5 -0.17172
  8.0  22.0 -0.20911
  8.0  22.5 -0.24531
  8.0  23.0 -0.28026
  8.0  23.5 -0.31390
  8.0  24.0 -0.34620
  8.0  24.5 -0.37710
  8.0  25.0 -0.40658
  8.0  25.5 -0.43461
  8.0  26.0 -0.46117
  8.0  26.5 -0.48624
  8.0  27.0 -0.50982
  8.0  27.5 -0.53191
  8.0  28.0 -0.55249
  8.0  28.5 -0.57160
  8.0  29.0 -0.58923
  8.0  29.5 -0.60540
  8.0  30.0 -0.62014
  8.0  30.5 -0.63348
  8.0  31.0 -0.64545
  8.0  31.5 -0.65607
  8.0  32.0 -0.66538
  8.0  32.5 -0.67344
  8.0  33.0 -0.68026
  8.0  33.5 -0.68591
  8.0  34.0 -0.69042
  8.0  34.5 -0.69384
  8.0  35.0 -0.69621
  8.0  35.5 -0.69759
  8.0  36.0 -0.69803
  8.0  36.5 -0.69756
  8.0  37.0 -0.69625
  8.0  37.5 -0.69413
  8.0  38.0 -0.69126
  8.0  38.5 -0.68767
  8.0  39.0 -0.68343
  8.0  39.5 -0.67856
  8.0  40.0 -0.67312
  8.0  40.5 -0.66714
  8.0  41.0 -0.66067
  8.0  41.5 -0.65375
  8.0  42.0 -0.64641
  8.0  42.5 -0.63870
  8.0  43.0 -0.63064
  8.0  43.5 -0.62227
  8.0  44.0 -0.61362
  8.0  44.5 -0.60473
  8.0  45.0 -0.59562
  8.5 -45.0 -0.60000
  8.5 -44.5 -0.60954
  8.5 -44.0 -0.61888
  8.5 -43.5 -0.62798
  8.5 -43.0 -0.63682
  8.5 -42.5 -0.64537
  8.5 -42.0 -0.65359
  8.5 -41.5 -0.66145
  8.5 -41.0 -0.66890
  8.5 -40.5 -0.67591
  8.5 -40.0 -0.68244
  8.5 -39.5 -0.68845
  8.5 -39.0 -0.69389
  8.5 -38.5 -0.69871
  8.5 -38.0 -0.70288
  8.5 -37.5 -0.70633
  8.5 -37.0 -0.70903
  8.5 -36.5 -0.71093
  8.5 -36.0 -0.71197
  8.5 -35.5 -0.71210
  8.5 -35.0 -0.71127
  8.5 -34.5 -0.70943
  8.5 -34.0 -0.70654
  8.5 -33.5 -0.70253
  8.5 -33.0 -0.69736
  8.5 -32.5 -0.69097
  8.5 -32.0 -0.68334
  8.5 -31.5 -0.67440
  8.5 -31.0 -0.66412
  8.5 -30.5 -0.65245
  8.5 -30.0 -0.63936
  8.5 -29.5 -0.62481
  8.5 -29.0 -0.60878
  8.5 -28.5 -0.59123
  8.5 -28.0 -0.57216
  8.5 -27.5 -0.55153
  8.5 -27.0 -0.52934
  8.5 -26.5 -0.50559
  8.5 -26.0 -0.48027
  8.5 -25.5 -0.45340
  8.5 -25.0 -0.42498
  8.5 -24.5 -0.39504
  8.5 -24.0 -0.36360
  8.5 -23.5 -0.33069
  8.5 -23.0 -0.29636
  8.5 -22.5 -0.26065
  8.5 -22.0 -0.22362
  8.5 -21.5 -0.18533
  8.5 -21.0 -0.14585
  8.5 -20.5 -0.10524
  8.5 -20.0 -0.06359
  8.5 -19.5 -0.02098
  8.5 -19.0  0.02249
  8.5 -18.5  0.06673
  8.5 -18.0  0.11164
  8.5 -17.5  0.15712
  8.5 -17.0  0.20305
  8.5 -16.5  0.24933
  8.5 -16.0  0.29584
  8.5 -15.5  0.34247
  8.5 -15.0  0.38910
  8.5 -14.5  0.43560
  8.5 -14.0  0.48187
  8.5 -13.5  0.52778
  8.5 -13.0  0.57321
  8.5 -12.5  0.61805
  8.5 -12.0  0.66217
  8.5 -11.5  0.70547
  8.5 -11.0  0.74783
  8.5 -10.5  0.78914
  8.5 -10.0  0.82929
  8.5  -9.5  0.86818
  8.5  -9.0  0.90572
  8.5  -8.5  0.94179
  8.5  -8.0  0.97631
  8.5  -7.5  1.00920
  8.5  -7.0  1.04037
  8.5  -6.5  1.06974
  8.5  -6.0  1.09723
  8.5  -5.5  1.12278
  8.5  -5.0  1.14633
  8.5  -4.5  1.16781
  8.5  -4.0  1.18717
  8.5  -3.5  1.20437
  8.5  -3.0  1.21936
  8.5  -2.5  1.23211
  8.5  -2.0  1.24258
  8.5  -1.5  1.25075
  8.5  -1.0  1.25660
  8.5  -0.5  1.26012
  8.5   0.0  1.26129
  8.5   0.5  1.26012
  8.5   1.0  1.25660
  8.5   1.5  1.25075
  8.5   2.0  1.24258
  8.5   2.5  1.23211
  8.5   3.0  1.21936
  8.5   3.5  1.20437
  8.5   4.0  1.18717
  8.5   4.5  1.16781
  8.5   5.0  1.14633
  8.5   5.5  1.12278
  8.5   6.0  1.09723
  8.5   6.5  1.06974
  8.5   7.0  1.04037
  8.5   7.5  1.00920
  8.5   8.0  0.97631
  8.5   8.5  0.94179
  8.5   9.0  0.90572
  8.5   9.5  0.86818
  8.5  10.0  0.82929
  8.5  10.5  0.78914
  8.5  11.0  0.74783
  8.5  11.5  0.70547
  8.5  12.0  0.66217
  8.5  12.5  0.61805
  8.5  13.0  0.57321
  8.5  13.5  0.52778
  8.5  14.0  0.48187
  8.5  14.5  0.43560
  8.5  15.0  0.38910
  8.5  15.5  0.34247
  8.5  16.0  0.29584
  8.5  16.5  0.24933
  8.5  17.0  0.20305
  8.5  17.5  0.15712
  8.5  18.0  0.11164
  8.5  18.5  0.06673
  8.5  19.0  0.02249
  8.5  19.5 -0.02098
  8.5  20.0 -0.06359
  8.5  20.5 -0.10524
  8.5  21.0 -0.14585
  8.5  21.5 -0.18533
  8.5  22.0 -0.22362
  8.5  22.5 -0.26065
  8.5  23.0 -0.29636
  8.5  23.5 -0.33069
  8.5  24.0 -0.36360
  8.5  24.5 -0.39504
  8.5  25.0 -0.42498
  8.5  25.5 -0.45340
  8.5  26.0 -0.48027
  8.5  26.5 -0.50559
  8.5  27.0 -0.52934
  8.5  27.5 -0.55153
  8.5  28.0 -0.57216
  8.5  28.5 -0.59123
  8.5  29.0 -0.60878
  8.5  29.5 -0.62481
  8.5  30.0 -0.63936
  8.5  30.5 -0.65245
  8.5  31.0 -0.66412
  8.5  31.5 -0.67440
  8.5  32.0 -0.68334
  8.5  32.5 -0.69097
  8.5  33.0 -0.69736
  8.5  33.5 -0.70253
  8.5  34.0 -0.70654
  8.5  34.5 -0.70943
  8.5  35.0 -0.71127
  8.5  35.5 -0.71210
  8.5  36.0 -0.71197
  8.5  36.5 -0.71093
  8.5  37.0 -0.70903
  8.5  37.5 -0.70633
  8.5  38.0 -0.70288
  8.5  38.5 -0.69871
  8.5  39.0 -0.69389
  8.5  39.5 -0.68845
  8.5  40.0 -0.68244
  8.5  40.5 -0.67591
  8.5  41.0 -0.66890
  8.5  41.5 -0.66145
  8.5  42.0 -0.65359
  8.5  42.5 -0.64537
  8.5  43.0 -0.63682
  8.5  43.5 -0.62798
  8.5  44.0 -0.61888
  8.5  44.5 -0.60954
  8.5  45.0 -0.60000
  9.0 -45.0 -0.60456
  9.0 -44.5 -0.61455
  9.0 -44.0 -0.62436
  9.0 -43.5 -0.63395
  9.0 -43.0 -0.64330
  9.0 -42.5 -0.65238
  9.0 -42.0 -0.66114
  9.0 -41.5 -0.66955
  9.0 -41.0 -0.67757
  9.0 -40.5 -0.68517
  9.0 -40.0 -0.69230
  9.0 -39.5 -0.69891
  9.0 -39.0 -0.70496
  9.0 -38.5 -0.71041
  9.0 -38.0 -0.71521
  9.0 -37.5 -0.71929
  9.0 -37.0 -0.72263
  9.0 -36.5 -0.72515
  9.0 -36.0 -0.72681
  9.0 -35.5 -0.72756
  9.0 -35.0 -0.72734
  9.0 -34.5 -0.72609
  9.0 -34.0 -0.72376
  9.0 -33.5 -0.72030
  9.0 -33.0 -0.71566
  9.0 -32.5 -0.70977
  9.0 -32.0 -0.70259
  9.0 -31.5 -0.69408
  9.0 -31.0 -0.68417
  9.0 -30.5 -0.67284
  9.0 -30.0 -0.66003
  9.0 -29.5 -0.64571
  9.0 -29.0 -0.62984
  9.0 -28.5 -0.61241
  9.0 -28.0 -0.59337
  9.0 -27.5 -0.57271
  9.0 -27.0 -0.55043
  9.0 -26.5 -0.52650
  9.0 -26.0 -0.50094
  9.0 -25.5 -0.47373
  9.0 -25.0 -0.44491
  9.0 -24.5 -0.41447
  9.0 -24.0 -0.38246
  9.0 -23.5 -0.34890
  9.0 -23.0 -0.31384
  9.0 -22.5 -0.27732
  9.0 -22.0 -0.23940
  9.0 -21.5 -0.20015
  9.0 -21.0 -0.15962
  9.0 -20.5 -0.11790
  9.0 -20.0 -0.07507
  9.0 -19.5 -0.03123
  9.0 -19.0  0.01354
  9.0 -18.5  0.05914
  9.0 -18.0  0.10545
  9.0 -17.5  0.15238
  9.0 -17.0  0.19980
  9.0 -16.5  0.24760
  9.0 -16.0  0.29565
  9.0 -15.5  0.34385
  9.0 -15.0  0.39206
  9.0 -14.5  0.44016
  9.0 -14.0  0.48803
  9.0 -13.5  0.53553
  9.0 -13.0  0.58255
  9.0 -12.5  0.62896
  9.0 -12.0  0.67464
  9.0 -11.5  0.71947
  9.0 -11.0  0.76333
  9.0 -10.5  0.80610
  9.0 -10.0  0.84768
  9.0  -9.5  0.88796
  9.0  -9.0  0.92682
  9.0  -8.5  0.96418
  9.0  -8.0  0.99994
  9.0  -7.5  1.03399
  9.0  -7.0  1.06627
  9.0  -6.5  1.09668
  9.0  -6.0  1.12515
  9.0  -5.5  1.15161
  9.0  -5.0  1.17599
  9.0  -4.5  1.19823
  9.0  -4.0  1.21828
  9.0  -3.5  1.23609
  9.0  -3.0  1.25161
  9.0  -2.5  1.26480
  9.0  -2.0  1.27564
  9.0  -1.5  1.28410
  9.0  -1.0  1.29016
  9.0  -0.5  1.29380
  9.0   0.0  1.29502
  9.0   0.5  1.29380
  9.0   1.0  1.29016
  9.0   1.5  1.28410
  9.0   2.0  1.27564
  9.0   2.5  1.26480
  9.0   3.0  1.25161
  9.0   3.5  1.23609
  9.0   4.0  1.21828
  9.0   4.5  1.19823
  9.0   5.0  1.17599
  9.0   5.5  1.15161
  9.0   6.0  1.12515
  9.0   6.5  1.09668
  9.0   7.0  1.06627
  9.0   7.5  1.03399
  9.0   8.0  0.99994
  9.0   8.5  0.96418
  9.0   9.0  0.92682
  9.0   9.5  0.88796
  9.0  10.0  0.84768
  9.0  10.5  0.80610
  9.0  11.0  0.76333
  9.0  11.5  0.71947
  9.0  12.0  0.67464
  9.0  12.5  0.62896
  9.0  13.0  0.58255
  9.0  13.5  0.53553
  9.0  14.0  0.48803
  9.0  14.5  0.44016
  9.0  15.0  0.39206
  9.0  15.5  0.34385
  9.0  16.0  0.29565
  9.0  16.5  0.24760
  9.0  17.0  0.19980
  9.0  17.5  0.15238
  9.0  18.0  0.10545
  9.0  18.5  0.05914
  9.0  19.0  0.01354
  9.0  19.5 -0.03123
  9.0  20.0 -0.07507
  9.0  20.5 -0.11790
  9.0  21.0 -0.15962
  9.0  21.5 -0.20015
  9.0  22.0 -0.23940
  9.0  22.5 -0.27732
  9.0  23.0 -0.31384
  9.0  23.5 -0.34890
  9.0  24.0 -0.38246
  9.0  24.5 -0.41447
  9.0  25.0 -0.44491
  9.0  25.5 -0.47373
  9.0  26.0 -0.50094
  9.0  26.5 -0.52650
  9.0  27.0 -0.55043
  9.0  27.5 -0.57271
  9.0  28.0 -0.59337
  9.0  28.5 -0.61241
  9.0  29.0 -0.62984
  9.0  29.5 -0.64571
  9.0  30.0 -0.66003
  9.0  30.5 -0.67284
  9.0  31.0 -0.68417
  9.0  31.5 -0.69408
  9.0  32.0 -0.70259
  9.0  32.5 -0.70977
  9.0  33.0 -0.71566
  9.0  33.5 -0.72030
  9.0  34.0 -0.72376
  9.0  34.5 -0.72609
  9.0  35.0 -0.72734
  9.0  35.5 -0.72756
  9.0  36.0 -0.72681
  9.0  36.5 -0.72515
  9.0  37.0 -0.72263
  9.0  37.5 -0.71929
  9.0  38.0 -0.71521
  9.0  38.5 -0.71041
  9.0  39.0 -0.70496
  9.0  39.5 -0.69891
  9.0  40.0 -0.69230
  9.0  40.5 -0.68517
  9.0  41.0 -0.67757
  9.0  41.5 -0.66955
  9.0  42.0 -0.66114
  9.0  42.5 -0.65238
  9.0  43.0 -0.64330
  9.0  43.5 -0.63395
  9.0  44.0 -0.62436
  9.0  44.5 -0.61455
  9.0  45.0 -0.60456
  9.5 -45.0 -0.60927
  9.5 -44.5 -0.61974
  9.5 -44.0 -0.63005
  9.5 -43.5 -0.64017
  9.5 -43.0 -0.65006
  9.5 -42.5 -0.65969
  9.5 -42.0 -0.66903
  9.5 -41.5 -0.67804
  9.5 -41.0 -0.68667
  9.5 -40.5 -0.69490
  9.5 -40.0 -0.70266
  9.5 -39.5 -0.70993
  9.5 -39.0 -0.71665
  9.5 -38.5 -0.72277
  9.5 -38.0 -0.72824
  9.5 -37.5 -0.73301
  9.5 -37.0 -0.73703
  9.5 -36.5 -0.74023
  9.5 -36.0 -0.74258
  9.5 -35.5 -0.74399
  9.5 -35.0 -0.74443
  9.5 -34.5 -0.74383
  9.5 -34.0 -0.74213
  9.5 -33.5 -0.73927
  9.5 -33.0 -0.73520
  9.5 -32.5 -0.72986
  9.5 -32.0 -0.72319
  9.5 -31.5 -0.71514
  9.5 -31.0 -0.70566
  9.5 -30.5 -0.69470
  9.5 -30.0 -0.68221
  9.5 -29.5 -0.66815
  9.5 -29.0 -0.65248
  9.5 -28.5 -0.63518
  9.5 -28.0 -0.61620
  9.5 -27.5 -0.59553
  9.5 -27.0 -0.57315
  9.5 -26.5 -0.54906
  9.5 -26.0 -0.52324
  9.5 -25.5 -0.49569
  9.5 -25.0 -0.46644
  9.5 -24.5 -0.43549
  9.5 -24.0 -0.40287
  9.5 -23.5 -0.36862
  9.5 -23.0 -0.33278
  9.5 -22.5 -0.29539
  9.5 -22.0 -0.25652
  9.5 -21.5 -0.21623
  9.5 -21.0 -0.17459
  9.5 -20.5 -0.13167
  9.5 -20.0 -0.08758
  9.5 -19.5 -0.04240
  9.5 -19.0  0.00377
  9.5 -18.5  0.05083
  9.5 -18.0  0.09866
  9.5 -17.5  0.14714
  9.5 -17.0  0.19616
  9.5 -16.5  0.24560
  9.5 -16.0  0.29533
  9.5 -15.5  0.34522
  9.5 -15.0  0.39514
  9.5 -14.5  0.44496
  9.5 -14.0  0.49455
  9.5 -13.5  0.54377
  9.5 -13.0  0.59250
  9.5 -12.5  0.64061
  9.5 -12.0  0.68796
  9.5 -11.5  0.73444
  9.5 -11.0  0.77991
  9.5 -10.5  0.82426
  9.5 -10.0  0.86738
  9.5  -9.5  0.90914
  9.5  -9.0  0.94944
  9.5  -8.5  0.98818
  9.5  -8.0  1.02526
  9.5  -7.5  1.06057
  9.5  -7.0  1.09404
  9.5  -6.5  1.12557
  9.5  -6.0  1.15508
  9.5  -5.5  1.18251
  9.5  -5.0  1.20779
  9.5  -4.5  1.23085
  9.5  -4.0  1.25163
  9.5  -3.5  1.27009
  9.5  -3.0  1.28618
  9.5  -2.5  1.29985
  9.5  -2.0  1.31109
  9.5  -1.5  1.31986
  9.5  -1.0  1.32614
  9.5  -0.5  1.32991
  9.5   0.0  1.33117
  9.5   0.5  1.32991
  9.5   1.0  1.32614
  9.5   1.5  1.31986
  9.5   2.0  1.31109
  9.5   2.5  1.29985
  9.5   3.0  1.28618
  9.5   3.5  1.27009
  9.5   4.0  1.25163
  9.5   4.5  1.23085
  9.5   5.0  1.20779
  9.5   5.5  1.18251
  9.5   6.0  1.15508
  9.5   6.5  1.12557
  9.5   7.0  1.09404
  9.5   7.5  1.06057
  9.5   8.0  1.02526
  9.5   8.5  0.98818
  9.5   9.0  0.94944
  9.5   9.5  0.90914
  9.5  10.0  0.86738
  9.5  10.5  0.82426
  9.5  11.0  0.77991
  9.5  11.5  0.73444
  9.5  12.0  0.68796
  9.5  12.5  0.64061
  9.5  13.0  0.59250
  9.5  13.5  0.54377
  9.5  14.0  0.49455
  9.5  14.5  0.44496
  9.5  15.0  0.39514
  9.5  15.5  0.34522
  9.5  16.0  0.29533
  9.5  16.5  0.24560
  9.5  17.0  0.19616
  9.5  17.5  0.14714
  9.5  18.0  0.09866
  9.5  18.5  0.05083
  9.5  19.0  0.00377
  9.5  19.5 -0.04240
  9.5  20.0 -0.08758
  9.5  20.5 -0.13167
  9.5  21.0 -0.17459
  9.5  21.5 -0.21623
  9.5  22.0 -0.25652
  9.5  22.5 -0.29539
  9.5  23.0 -0.33278
  9.5  23.5 -0.36862
  9.5  24.0 -0.40287
  9.5  24.5 -0.43549
  9.5  25.0 -0.46644
  9.5  25.5 -0.49569
  9.5  26.0 -0.52324
  9.5  26.5 -0.54906
  9.5  27.0 -0.57315
  9.5  27.5 -0.59553
  9.5  28.0 -0.61620
  9.5  28.5 -0.63518
  9.5  29.0 -0.65248
  9.5  29.5 -0.66815
  9.5  30.0 -0.68221
  9.5  30.5 -0.69470
  9.5  31.0 -0.70566
  9.5  31.5 -0.71514
  9.5  32.0 -0.72319
  9.5  32.5 -0.72986
  9.5  33.0 -0.73520
  9.5  33.5 -0.73927
  9.5  34.0 -0.74213
  9.5  34.5 -0.74383
  9.5  35.0 -0.74443
  9.5  35.5 -0.74399
  9.5  36.0 -0.74258
  9.5  36.5 -0.74023
  9.5  37.0 -0.73703
  9.5  37.5 -0.73301
  9.5  38.0 -0.72824
  9.5  38.5 -0.72277
  9.5  39.0 -0.71665
  9.5  39.5 -0.70993
  9.5  40.0 -0.70266
  9.5  40.5 -0.69490
  9.5  41.0 -0.68667
  9.5  41.5 -0.67804
  9.5  42.0 -0.66903
  9.5  42.5 -0.65969
  9.5  43.0 -0.65006
  9.5  43.5 -0.64017
  9.5  44.0 -0.63005
  9.5  44.5 -0.61974
  9.5  45.0 -0.60927
 10.0 -45.0 -0.61412
 10.0 -44.5 -0.62510
 10.0 -44.0 -0.63594
 10.0 -43.5 -0.64661
 10.0 -43.0 -0.65708
 10.0 -42.5 -0.66730
 10.0 -42.0 -0.67726
 10.0 -41.5 -0.68690
 10.0 -41.0 -0.69618
 10.0 -40.5 -0.70508
 10.0 -40.0 -0.71353
 10.0 -39.5 -0.72149
 10.0 -39.0 -0.72892
 10.0 -38.5 -0.73577
 10.0 -38.0 -0.74197
 10.0 -37.5 -0.74748
 10.0 -37.0 -0.75224
 10.0 -36.5 -0.75618
 10.0 -36.0 -0.75926
 10.0 -35.5 -0.76141
 10.0 -35.0 -0.76256
 10.0 -34.5 -0.76266
 10.0 -34.0 -0.76165
 10.0 -33.5 -0.75945
 10.0 -33.0 -0.75601
 10.0 -32.5 -0.75127
 10.0 -32.0 -0.74517
 10.0 -31.5 -0.73764
 10.0 -31.0 -0.72863
 10.0 -30.5 -0.71808
 10.0 -30.0 -0.70596
 10.0 -29.5 -0.69220
 10.0 -29.0 -0.67676
 10.0 -28.5 -0.65962
 10.0 -28.0 -0.64073
 10.0 -27.5 -0.62006
 10.0 -27.0 -0.59760
 10.0 -26.5 -0.57334
 10.0 -26.0 -0.54726
 10.0 -25.5 -0.51936
 10.0 -25.0 -0.48966
 10.0 -24.5 -0.45817
 10.0 -24.0 -0.42492
 10.0 -23.5 -0.38994
 10.0 -23.0 -0.35326
 10.0 -22.5 -0.31495
 10.0 -22.0 -0.27506
 10.0 -21.5 -0.23366
 10.0 -21.0 -0.19082
 10.0 -20.5 -0.14663
 10.0 -20.0 -0.10118
 10.0 -19.5 -0.05456
 10.0 -19.0 -0.00688
 10.0 -18.5  0.04174
 10.0 -18.0  0.09120
 10.0 -17.5  0.14137
 10.0 -17.0  0.19212
 10.0 -16.5  0.24332
 10.0 -16.0  0.29485
 10.0 -15.5  0.34656
 10.0 -15.0  0.39832
 10.0 -14.5  0.44999
 10.0 -14.0  0.50143
 10.0 -13.5  0.55250
 10.0 -13.0  0.60307
 10.0 -12.5  0.65300
 10.0 -12.0  0.70216
 10.0 -11.5  0.75041
 10.0 -11.0  0.79761
 10.0 -10.5  0.84366
 10.0 -10.0  0.88843
 10.0  -9.5  0.93179
 10.0  -9.0  0.97363
 10.0  -8.5  1.01385
 10.0  -8.0  1.05234
 10.0  -7.5  1.08900
 10.0  -7.0  1.12374
 10.0  -6.5  1.15647
 10.0  -6.0  1.18711
 10.0  -5.5  1.21558
 10.0  -5.0  1.24181
 10.0  -4.5  1.26574
 10.0  -4.0  1.28731
 10.0  -3.5  1.30646
 10.0  -3.0  1.32315
 10.0  -2.5  1.33735
 10.0  -2.0  1.34901
 10.0  -1.5  1.35811
 10.0  -1.0  1.36462
 10.0  -0.5  1.36853
 10.0   0.0  1.36984
 10.0   0.5  1.36853
 10.0   1.0  1.36462
 10.0   1.5  1.35811
 10.0   2.0  1.34901
 10.0   2.5  1.33735
 10.0   3.0  1.32315
 10.0   3.5  1.30646
 10.0   4.0  1.28731
 10.0   4.5  1.26574
 10.0   5.0  1.24181
 10.0   5.5  1.21558
 10.0   6.0  1.18711
 10.0   6.5  1.15647
 10.0   7.0  1.12374
 10.0   7.5  1.08900
 10.0   8.0  1.05234
 10.0   8.5  1.01385
 10.0   9.0  0.97363
 10.0   9.5  0.93179
 10.0  10.0  0.88843
 10.0  10.5  0.84366
 10.0  11.0  0.79761
 10.0  11.5  0.75041
 10.0  12.0  0.70216
 10.0  12.5  0.65300
 10.0  13.0  0.60307
 10.0  13.5  0.55250
 10.0  14.0  0.50143
 10.0  14.5  0.44999
 10.0  15.0  0.39832
 10.0  15.5  0.34656
 10.0  16.0  0.29485
 10.0  16.5  0.24332
 10.0  17.0  0.19212
 10.0  17.5  0.14137
 10.0  18.0  0.09120
 10.0  18.5  0.04174
 10.0  19.0 -0.00688
 10.0  19.5 -0.05456
 10.0  20.0 -0.10118
 10.0  20.5 -0.14663
 10.0  21.0 -0.19082
 10.0  21.5 -0.23366
 10.0  22.0 -0.27506
 10.0  22.5 -0.31495
 10.0  23.0 -0.35326
 10.0  23.5 -0.38994
 10.0  24.0 -0.42492
 10.0  24.5 -0.45817
 10.0  25.0 -0.48966
 10.0  25.5 -0.51936
 10.0  26.0 -0.54726
 10.0  26.5 -0.57334
 10.0  27.0 -0.59760
 10.0  27.5 -0.62006
 10.0  28.0 -0.64073
 10.0  28.5 -0.65962
 10.0  29.0 -0.67676
 10.0  29.5 -0.69220
 10.0  30.0 -0.70596
 10.0  30.5 -0.71808
 10.0  31.0 -0.72863
 10.0  31.5 -0.73764
 10.0  32.0 -0.74517
 10.0  32.5 -0.75127
 10.0  33.0 -0.75601
 10.0  33.5 -0.75945
 10.0  34.0 -0.76165
 10.0  34.5 -0.76266
 10.0  35.0 -0.76256
 10.0  35.5 -0.76141
 10.0  36.0 -0.75926
 10.0  36.5 -0.75618
 10.0  37.0 -0.75224
 10.0  37.5 -0.74748
 10.0  38.0 -0.74197
 10.0  38.5 -0.73577
 10.0  39.0 -0.72892
 10.0  39.5 -0.72149
 10.0  40.0 -0.71353
 10.0  40.5 -0.70508
 10.0  41.0 -0.69618
 10.0  41.5 -0.68690
 10.0  42.0 -0.67726
 10.0  42.5 -0.66730
 10.0  43.0 -0.65708
 10.0  43.5 -0.64661
 10.0  44.0 -0.63594
 10.0  44.5 -0.62510
 10.0  45.0 -0.61412
 10.5 -45.0 -0.61908
 10.5 -44.5 -0.63060
 10.5 -44.0 -0.64200
 10.5 -43.5 -0.65326
 10.5 -43.0 -0.66433
 10.5 -42.5 -0.67519
 10.5 -42.0 -0.68579
 10.5 -41.5 -0.69611
 10.5 -41.0 -0.70609
 10.5 -40.5 -0.71570
 10.5 -40.0 -0.72488
 10.5 -39.5 -0.73360
 10.5 -39.0 -0.74179
 10.5 -38.5 -0.74941
 10.5 -38.0 -0.75640
 10.5 -37.5 -0.76270
 10.5 -37.0 -0.76825
 10.5 -36.5 -0.77300
 10.5 -36.0 -0.77687
 10.5 -35.5 -0.77981
 10.5 -35.0 -0.78175
 10.5 -34.5 -0.78262
 10.5 -34.0 -0.78235
 10.5 -33.5 -0.78088
 10.5 -33.0 -0.77813
 10.5 -32.5 -0.77405
 10.5 -32.0 -0.76857
 10.5 -31.5 -0.76161
 10.5 -31.0 -0.75313
 10.5 -30.5 -0.74306
 10.5 -30.0 -0.73134
 10.5 -29.5 -0.71792
 10.5 -29.0 -0.70276
 10.5 -28.5 -0.68581
 10.5 -28.0 -0.66702
 10.5 -27.5 -0.64638
 10.5 -27.0 -0.62386
 10.5 -26.5 -0.59943
 10.5 -26.0 -0.57309
 10.5 -25.5 -0.54484
 10.5 -25.0 -0.51468
 10.5 -24.5 -0.48262
 10.5 -24.0 -0.44870
 10.5 -23.5 -0.41294
 10.5 -23.0 -0.37539
 10.5 -22.5 -0.33609
 10.5 -22.0 -0.29512
 10.5 -21.5 -0.25253
 10.5 -21.0 -0.20841
 10.5 -20.5 -0.16285
 10.5 -20.0 -0.11594
 10.5 -19.5 -0.06778
 10.5 -19.0 -0.01848
 10.5 -18.5  0.03183
 10.5 -18.0  0.08303
 10.5 -17.5  0.13501
 10.5 -17.0  0.18761
 10.5 -16.5  0.24072
 10.5 -16.0  0.29418
 10.5 -15.5  0.34785
 10.5 -15.0  0.40158
 10.5 -14.5  0.45524
 10.5 -14.0  0.50868
 10.5 -13.5  0.56174
 10.5 -13.0  0.61429
 10.5 -12.5  0.66618
 10.5 -12.0  0.71726
 10.5 -11.5  0.76741
 10.5 -11.0  0.81648
 10.5 -10.5  0.86435
 10.5 -10.0  0.91088
 10.5  -9.5  0.95595
 10.5  -9.0  0.99944
 10.5  -8.5  1.04124
 10.5  -8.0  1.08124
 10.5  -7.5  1.11935
 10.5  -7.0  1.15545
 10.5  -6.5  1.18946
 10.5  -6.0  1.22130
 10.5  -5.5  1.25088
 10.5  -5.0  1.27813
 10.5  -4.5  1.30299
 10.5  -4.0  1.32540
 10.5  -3.5  1.34529
 10.5  -3.0  1.36264
 10.5  -2.5  1.37738
 10.5  -2.0  1.38949
 10.5  -1.5  1.39894
 10.5  -1.0  1.40570
 10.5  -0.5  1.40977
 10.5   0.0  1.41112
 10.5   0.5  1.40977
 10.5   1.0  1.40570
 10.5   1.5  1.39894
 10.5   2.0  1.38949
 10.5   2.5  1.37738
 10.5   3.0  1.36264
 10.5   3.5  1.34529
 10.5   4.0  1.32540
 10.5   4.5  1.30299
 10.5   5.0  1.27813
 10.5   5.5  1.25088
 10.5   6.0  1.22130
 10.5   6.5  1.18946
 10.5   7.0  1.15545
 10.5   7.5  1.11935
 10.5   8.0  1.08124
 10.5   8.5  1.04124
 10.5   9.0  0.99944
 10.5   9.5  0.95595
 10.5  10.0  0.91088
 10.5  10.5  0.86435
 10.5  11.0  0.81648
 10.5  11.5  0.76741
 10.5  12.0  0.71726
 10.5  12.5  0.66618
 10.5  13.0  0.61429
 10.5  13.5  0.56174
 10.5  14.0  0.50868
 10.5  14.5  0.45524
 10.5  15.0  0.40158
 10.5  15.5  0.34785
 10.5  16.0  0.29418
 10.5  16.5  0.24072
 10.5  17.0  0.18761
 10.5  17.5  0.13501
 10.5  18.0  0.08303
 10.5  18.5  0.03183
 10.5  19.0 -0.01848
 10.5  19.5 -0.06778
 10.5  20.0 -0.11594
 10.5  20.5 -0.16285
 10.5  21.0 -0.20841
 10.5  21.5 -0.25253
 10.5  22.0 -0.29512
 10.5  22.5 -0.33609
 10.5  23.0 -0.37539
 10.5  23.5 -0.41294
 10.5  24.0 -0.44870
 10.5  24.5 -0.48262
 10.5  25.0 -0.51468
 10.5  25.5 -0.54484
 10.5  26.0 -0.57309
 10.5  26.5 -0.59943
 10.5  27.0 -0.62386
 10.5  27.5 -0.64638
 10.5  28.0 -0.66702
 10.5  28.5 -0.68581
 10.5  29.0 -0.70276
 10.5  29.5 -0.71792
 10.5  30.0 -0.73134
 10.5  30.5 -0.74306
 10.5  31.0 -0.75313
 10.5  31.5 -0.76161
 10.5  32.0 -0.76857
 10.5  32.5 -0.77405
 10.5  33.0 -0.77813
 10.5  33.5 -0.78088
 10.5  34.0 -0.78235
 10.5  34.5 -0.78262
 10.5  35.0 -0.78175
 10.5  35.5 -0.77981
 10.5  36.0 -0.77687
 10.5  36.5 -0.77300
 10.5  37.0 -0.76825
 10.5  37.5 -0.76270
 10.5  38.0 -0.75640
 10.5  38.5 -0.74941
 10.5  39.0 -0.74179
 10.5  39.5 -0.73360
 10.5  40.0 -0.72488
 10.5  40.5 -0.71570
 10.5  41.0 -0.70609
 10.5  41.5 -0.69611
 10.5  42.0 -0.68579
 10.5  42.5 -0.67519
 10.5  43.0 -0.66433
 10.5  43.5 -0.65326
 10.5  44.0 -0.64200
 10.5  44.5 -0.63060
 10.5  45.0 -0.61908
 11.0 -45.0 -0.62413
 11.0 -44.5 -0.63622
 11.0 -44.0 -0.64821
 11.0 -43.5 -0.66008
 11.0 -43.0 -0.67180
 11.0 -42.5 -0.68332
 11.0 -42.0 -0.69462
 11.0 -41.5 -0.70565
 11.0 -41.0 -0.71637
 11.0 -40.5 -0.72674
 11.0 -40.0 -0.73671
 11.0 -39.5 -0.74622
 11.0 -39.0 -0.75523
 11.0 -38.5 -0.76368
 11.0 -38.0 -0.77151
 11.0 -37.5 -0.77867
 11.0 -37.0 -0.78508
 11.0 -36.5 -0.79069
 11.0 -36.0 -0.79542
 11.0 -35.5 -0.79922
 11.0 -35.0 -0.80200
 11.0 -34.5 -0.80370
 11.0 -34.0 -0.80425
 11.0 -33.5 -0.80357
 11.0 -33.0 -0.80159
 11.0 -32.5 -0.79823
 11.0 -32.0 -0.79344
 11.0 -31.5 -0.78712
 11.0 -31.0 -0.77922
 11.0 -30.5 -0.76968
 11.0 -30.0 -0.75842
 11.0 -29.5 -0.74540
 11.0 -29.0 -0.73054
 11.0 -28.5 -0.71382
 11.0 -28.0 -0.69518
 11.0 -27.5 -0.67459
 11.0 -27.0 -0.65202
 11.0 -26.5 -0.62744
 11.0 -26.0 -0.60085
 11.0 -25.5 -0.57223
 11.0 -25.0 -0.54159
 11.0 -24.5 -0.50895
 11.0 -24.0 -0.47432
 11.0 -23.5 -0.43774
 11.0 -23.0 -0.39926
 11.0 -22.5 -0.35892
 11.0 -22.0 -0.31678
 11.0 -21.5 -0.27294
 11.0 -21.0 -0.22745
 11.0 -20.5 -0.18042
 11.0 -20.0 -0.13194
 11.0 -19.5 -0.08213
 11.0 -19.0 -0.03111
 11.0 -18.5  0.02102
 11.0 -18.0  0.07410
 11.0 -17.5  0.12802
 11.0 -17.0  0.18262
 11.0 -16.5  0.23776
 11.0 -16.0  0.29329
 11.0 -15.5  0.34907
 11.0 -15.0  0.40493
 11.0 -14.5  0.46073
 11.0 -14.0  0.51630
 11.0 -13.5  0.57150
 11.0 -13.0  0.62616
 11.0 -12.5  0.68015
 11.0 -12.0  0.73331
 11.0 -11.5  0.78549
 11.0 -11.0  0.83656
 11.0 -10.5  0.88637
 11.0 -10.0  0.93479
 11.0  -9.5  0.98169
 11.0  -9.0  1.02694
 11.0  -8.5  1.07044
 11.0  -8.0  1.11206
 11.0  -7.5  1.15169
 11.0  -7.0  1.18925
 11.0  -6.5  1.22463
 11.0  -6.0  1.25774
 11.0  -5.5  1.28851
 11.0  -5.0  1.31685
 11.0  -4.5  1.34270
 11.0  -4.0  1.36600
 11.0  -3.5  1.38669
 11.0  -3.0  1.40471
 11.0  -2.5  1.42004
 11.0  -2.0  1.43263
 11.0  -1.5  1.44245
 11.0  -1.0  1.44949
 11.0  -0.5  1.45371
 11.0   0.0  1.45512
 11.0   0.5  1.45371
 11.0   1.0  1.44949
 11.0   1.5  1.44245
 11.0   2.0  1.43263
 11.0   2.5  1.42004
 11.0   3.0  1.40471
 11.0   3.5  1.38669
 11.0   4.0  1.36600
 11.0   4.5  1.34270
 11.0   5.0  1.31685
 11.0   5.5  1.28851
 11.0   6.0  1.25774
 11.0   6.5  1.22463
 11.0   7.0  1.18925
 11.0   7.5  1.15169
 11.0   8.0  1.11206
 11.0   8.5  1.07044
 11.0   9.0  1.02694
 11.0   9.5  0.98169
 11.0  10.0  0.93479
 11.0  10.5  0.88637
 11.0  11.0  0.83656
 11.0  11.5  0.78549
 11.0  12.0  0.73331
 11.0  12.5  0.68015
 11.0  13.0  0.62616
 11.0  13.5  0.57150
 11.0  14.0  0.51630
 11.0  14.5  0.46073
 11.0  15.0  0.40493
 11.0  15.5  0.34907
 11.0  16.0  0.29329
 11.0  16.5  0.23776
 11.0  17.0  0.18262
 11.0  17.5  0.12802
 11.0  18.0  0.07410
 11.0  18.5  0.02102
 11.0  19.0 -0.03111
 11.0  19.5 -0.08213
 11.0  20.0 -0.13194
 11.0  20.5 -0.18042
 11.0  21.0 -0.22745
 11.0  21.5 -0.27294
 11.0  22.0 -0.31678
 11.0  22.5 -0.35892
 11.0  23.0 -0.39926
 11.0  23.5 -0.43774
 11.0  24.0 -0.47432
 11.0  24.5 -0.50895
 11.0  25.0 -0.54159
 11.0  25.5 -0.57223
 11.0  26.0 -0.60085
 11.0  26.5 -0.62744
 11.0  27.0 -0.65202
 11.0  27.5 -0.67459
 11.0  28.0 -0.69518
 11.0  28.5 -0.71382
 11.0  29.0 -0.73054
 11.0  29.5 -0.74540
 11.0  30.0 -0.75842
 11.0  30.5 -0.76968
 11.0  31.0 -0.77922
 11.0  31.5 -0.78712
 11.0  32.0 -0.79344
 11.0  32.5 -0.79823
 11.0  33.0 -0.80159
 11.0  33.5 -0.80357
 11.0  34.0 -0.80425
 11.0  34.5 -0.80370
 11.0  35.0 -0.80200
 11.0  35.5 -0.79922
 11.0  36.0 -0.79542
 11.0  36.5 -0.79069
 11.0  37.0 -0.78508
 11.0  37.5 -0.77867
 11.0  38.0 -0.77151
 11.0  38.5 -0.76368
 11.0  39.0 -0.75523
 11.0  39.5 -0.74622
 11.0  40.0 -0.73671
 11.0  40.5 -0.72674
 11.0  41.0 -0.71637
 11.0  41.5 -0.70565
 11.0  42.0 -0.69462
 11.0  42.5 -0.68332
 11.0  43.0 -0.67180
 11.0  43.5 -0.66008
 11.0  44.0 -0.64821
 11.0  44.5 -0.63622
 11.0  45.0 -0.62413
 11.5 -45.0 -0.62925
 11.5 -44.5 -0.64193
 11.5 -44.0 -0.65454
 11.5 -43.5 -0.66706
 11.5 -43.0 -0.67945
 11.5 -42.5 -0.69168
 11.5 -42.0 -0.70371
 11.5 -41.5 -0.71550
 11.5 -41.0 -0.72701
 11.5 -40.5 -0.73818
 11.5 -40.0 -0.74898
 11.5 -39.5 -0.75935
 11.5 -39.0 -0.76923
 11.5 -38.5 -0.77857
 11.5 -38.0 -0.78730
 11.5 -37.5 -0.79537
 11.5 -37.0 -0.80271
 11.5 -36.5 -0.80925
 11.5 -36.0 -0.81492
 11.5 -35.5 -0.81964
 11.5 -35.0 -0.82334
 11.5 -34.5 -0.82595
 11.5 -34.0 -0.82738
 11.5 -33.5 -0.82757
 11.5 -33.0 -0.82642
 11.5 -32.5 -0.82386
 11.5 -32.0 -0.81982
 11.5 -31.5 -0.81421
 11.5 -31.0 -0.80697
 11.5 -30.5 -0.79801
 11.5 -30.0 -0.78727
 11.5 -29.5 -0.77469
 11.5 -29.0 -0.76020
 11.5 -28.5 -0.74376
 11.5 -28.0 -0.72530
 11.5 -27.5 -0.70478
 11.5 -27.0 -0.68218
 11.5 -26.5 -0.65747
 11.5 -26.0 -0.63062
 11.5 -25.5 -0.60164
 11.5 -25.0 -0.57051
 11.5 -24.5 -0.53725
 11.5 -24.0 -0.50189
 11.5 -23.5 -0.46445
 11.5 -23.0 -0.42498
 11.5 -22.5 -0.38353
 11.5 -22.0 -0.34017
 11.5 -21.5 -0.29498
 11.5 -21.0 -0.24803
 11.5 -20.5 -0.19943
 11.5 -20.0 -0.14929
 11.5 -19.5 -0.09771
 11.5 -19.0 -0.04483
 11.5 -18.5  0.00924
 11.5 -18.0  0.06434
 11.5 -17.5  0.12034
 11.5 -17.0  0.17708
 11.5 -16.5  0.23441
 11.5 -16.0  0.29217
 11.5 -15.5  0.35020
 11.5 -15.0  0.40834
 11.5 -14.5  0.46643
 11.5 -14.0  0.52430
 11.5 -13.5  0.58178
 11.5 -13.0  0.63872
 11.5 -12.5  0.69496
 11.5 -12.0  0.75033
 11.5 -11.5  0.80469
 11.5 -11.0  0.85789
 11.5 -10.5  0.90978
 11.5 -10.0  0.96022
 11.5  -9.5  1.00907
 11.5  -9.0  1.05621
 11.5  -8.5  1.10151
 11.5  -8.0  1.14485
 11.5  -7.5  1.18613
 11.5  -7.0  1.22523
 11.5  -6.5  1.26206
 11.5  -6.0  1.29654
 11.5  -5.5  1.32856
 11.5  -5.0  1.35806
 11.5  -4.5  1.38497
 11.5  -4.0  1.40921
 11.5  -3.5  1.43074
 11.5  -3.0  1.44950
 11.5  -2.5  1.46544
 11.5  -2.0  1.47854
 11.5  -1.5  1.48876
 11.5  -1.0  1.49608
 11.5  -0.5  1.50047
 11.5   0.0  1.50194
 11.5   0.5  1.50047
 11.5   1.0  1.49608
 11.5   1.5  1.48876
 11.5   2.0  1.47854
 11.5   2.5  1.46544
 11.5   3.0  1.44950
 11.5   3.5  1.43074
 11.5   4.0  1.40921
 11.5   4.5  1.38497
 11.5   5.0  1.35806
 11.5   5.5  1.32856
 11.5   6.0  1.29654
 11.5   6.5  1.26206
 11.5   7.0  1.22523
 11.5   7.5  1.18613
 11.5   8.0  1.14485
 11.5   8.5  1.10151
 11.5   9.0  1.05621
 11.5   9.5  1.00907
 11.5  10.0  0.96022
 11.5  10.5  0.90978
 11.5  11.0  0.85789
 11.5  11.5  0.80469
 11.5  12.0  0.75033
 11.5  12.5  0.69496
 11.5  13.0  0.63872
 11.5  13.5  0.58178
 11.5  14.0  0.52430
 11.5  14.5  0.46643
 11.5  15.0  0.40834
 11.5  15.5  0.35020
 11.5  16.0  0.29217
 11.5  16.5  0.23441
 11.5  17.0  0.17708
 11.5  17.5  0.12034
 11.5  18.0  0.06434
 11.5  18.5  0.00924
 11.5  19.0 -0.04483
 11.5  19.5 -0.09771
 11.5  20.0 -0.14929
 11.5  20.5 -0.19943
 11.5  21.0 -0.24803
 11.5  21.5 -0.29498
 11.5  22.0 -0.34017
 11.5  22.5 -0.38353
 11.5  23.0 -0.42498
 11.5  23.5 -0.46445
 11.5  24.0 -0.50189
 11.5  24.5 -0.53725
 11.5  25.0 -0.57051
 11.5  25.5 -0.60164
 11.5  26.0 -0.63062
 11.5  26.5 -0.65747
 11.5  27.0 -0.68218
 11.5  27.5 -0.70478
 11.5  28.0 -0.72530
 11.5  28.5 -0.74376
 11.5  29.0 -0.76020
 11.5  29.5 -0.77469
 11.5  30.0 -0.78727
 11.5  30.5 -0.79801
 11.5  31.0 -0.80697
 11.5  31.5 -0.81421
 11.5  32.0 -0.81982
 11.5  32.5 -0.82386
 11.5  33.0 -0.82642
 11.5  33.5 -0.82757
 11.5  34.0 -0.82738
 11.5  34.5 -0.82595
 11.5  35.0 -0.82334
 11.5  35.5 -0.81964
 11.5  36.0 -0.81492
 11.5  36.5 -0.80925
 11.5  37.0 -0.80271
 11.5  37.5 -0.79537
 11.5  38.0 -0.78730
 11.5  38.5 -0.77857
 11.5  39.0 -0.76923
 11.5  39.5 -0.75935
 11.5  40.0 -0.74898
 11.5  40.5 -0.73818
 11.5  41.0 -0.72701
 11.5  41.5 -0.71550
 11.5  42.0 -0.70371
 11.5  42.5 -0.69168
 11.5  43.0 -0.67945
 11.5  43.5 -0.66706
 11.5  44.0 -0.65454
 11.5  44.5 -0.64193
 11.5  45.0 -0.62925
 12.0 -45.0 -0.63440
 12.0 -44.5 -0.64770
 12.0 -44.0 -0.66097
 12.0 -43.5 -0.67417
 12.0 -43.0 -0.68727
 12.0 -42.5 -0.70025
 12.0 -42.0 -0.71305
 12.0 -41.5 -0.72564
 12.0 -41.0 -0.73797
 12.0 -40.5 -0.75000
 12.0 -40.0 -0.76168
 12.0 -39.5 -0.77296
 12.0 -39.0 -0.78377
 12.0 -38.5 -0.79406
 12.0 -38.0 -0.80376
 12.0 -37.5 -0.81281
 12.0 -37.0 -0.82114
 12.0 -36.5 -0.82868
 12.0 -36.0 -0.83535
 12.0 -35.5 -0.84107
 12.0 -35.0 -0.84577
 12.0 -34.5 -0.84936
 12.0 -34.0 -0.85177
 12.0 -33.5 -0.85289
 12.0 -33.0 -0.85266
 12.0 -32.5 -0.85098
 12.0 -32.0 -0.84777
 12.0 -31.5 -0.84294
 12.0 -31.0 -0.83642
 12.0 -30.5 -0.82812
 12.0 -30.0 -0.81797
 12.0 -29.5 -0.80590
 12.0 -29.0 -0.79183
 12.0 -28.5 -0.77570
 12.0 -28.0 -0.75746
 12.0 -27.5 -0.73707
 12.0 -27.0 -0.71447
 12.0 -26.5 -0.68963
 12.0 -26.0 -0.66254
 12.0 -25.5 -0.63319
 12.0 -25.0 -0.60156
 12.0 -24.5 -0.56767
 12.0 -24.0 -0.53153
 12.0 -23.5 -0.49319
 12.0 -23.0 -0.45268
 12.0 -22.5 -0.41006
 12.0 -22.0 -0.36540
 12.0 -21.5 -0.31877
 12.0 -21.0 -0.27027
 12.0 -20.5 -0.22000
 12.0 -20.0 -0.16807
 12.0 -19.5 -0.11460
 12.0 -19.0 -0.05972
 12.0 -18.5 -0.00358
 12.0 -18.0  0.05368
 12.0 -17.5  0.11191
 12.0 -17.0  0.17095
 12.0 -16.5  0.23062
 12.0 -16.0  0.29077
 12.0 -15.5  0.35123
 12.0 -15.0  0.41181
 12.0 -14.5  0.47235
 12.0 -14.0  0.53267
 12.0 -13.5  0.59261
 12.0 -13.0  0.65198
 12.0 -12.5  0.71062
 12.0 -12.0  0.76837
 12.0 -11.5  0.82506
 12.0 -11.0  0.88053
 12.0 -10.5  0.93464
 12.0 -10.0  0.98723
 12.0  -9.5  1.03817
 12.0  -9.0  1.08731
 12.0  -8.5  1.13453
 12.0  -8.0  1.17971
 12.0  -7.5  1.22273
 12.0  -7.0  1.26348
 12.0  -6.5  1.30186
 12.0  -6.0  1.33778
 12.0  -5.5  1.37114
 12.0  -5.0  1.40187
 12.0  -4.5  1.42989
 12.0  -4.0  1.45514
 12.0  -3.5  1.47756
 12.0  -3.0  1.49709
 12.0  -2.5  1.51370
 12.0  -2.0  1.52733
 12.0  -1.5  1.53797
 12.0  -1.0  1.54559
 12.0  -0.5  1.55016
 12.0   0.0  1.55169
 12.0   0.5  1.55016
 12.0   1.0  1.54559
 12.0   1.5  1.53797
 12.0   2.0  1.52733
 12.0   2.5  1.51370
 12.0   3.0  1.49709
 12.0   3.5  1.47756
 12.0   4.0  1.45514
 12.0   4.5  1.42989
 12.0   5.0  1.40187
 12.0   5.5  1.37114
 12.0   6.0  1.33778
 12.0   6.5  1.30186
 12.0   7.0  1.26348
 12.0   7.5  1.22273
 12.0   8.0  1.17971
 12.0   8.5  1.13453
 12.0   9.0  1.08731
 12.0   9.5  1.03817
 12.0  10.0  0.98723
 12.0  10.5  0.93464
 12.0  11.0  0.88053
 12.0  11.5  0.82506
 12.0  12.0  0.76837
 12.0  12.5  0.71062
 12.0  13.0  0.65198
 12.0  13.5  0.59261
 12.0  14.0  0.53267
 12.0  14.5  0.47235
 12.0  15.0  0.41181
 12.0  15.5  0.35123
 12.0  16.0  0.29077
 12.0  16.5  0.23062
 12.0  17.0  0.17095
 12.0  17.5  0.11191
 12.0  18.0  0.05368
 12.0  18.5 -0.00358
 12.0  19.0 -0.05972
 12.0  19.5 -0.11460
 12.0  20.0 -0.16807
 12.0  20.5 -0.22000
 12.0  21.0 -0.27027
 12.0  21.5 -0.31877
 12.0  22.0 -0.36540
 12.0  22.5 -0.41006
 12.0  23.0 -0.45268
 12.0  23.5 -0.49319
 12.0  24.0 -0.53153
 12.0  24.5 -0.56767
 12.0  25.0 -0.60156
 12.0  25.5 -0.63319
 12.0  26.0 -0.66254
 12.0  26.5 -0.68963
 12.0  27.0 -0.71447
 12.0  27.5 -0.73707
 12.0  28.0 -0.75746
 12.0  28.5 -0.77570
 12.0  29.0 -0.79183
 12.0  29.5 -0.80590
 12.0  30.0 -0.81797
 12.0  30.5 -0.82812
 12.0  31.0 -0.83642
 12.0  31.5 -0.84294
 12.0  32.0 -0.84777
 12.0  32.5 -0.85098
 12.0  33.0 -0.85266
 12.0  33.5 -0.85289
 12.0  34.0 -0.85177
 12.0  34.5 -0.84936
 12.0  35.0 -0.84577
 12.0  35.5 -0.84107
 12.0  36.0 -0.83535
 12.0  36.5 -0.82868
 12.0  37.0 -0.82114
 12.0  37.5 -0.81281
 12.0  38.0 -0.80376
 12.0  38.5 -0.79406
 12.0  39.0 -0.78377
 12.0  39.5 -0.77296
 12.0  40.0 -0.76168
 12.0  40.5 -0.75000
 12.0  41.0 -0.73797
 12.0  41.5 -0.72564
 12.0  42.0 -0.71305
 12.0  42.5 -0.70025
 12.0  43.0 -0.68727
 12.0  43.5 -0.67417
 12.0  44.0 -0.66097
 12.0  44.5 -0.64770
 12.0  45.0 -0.63440
 12.5 -45.0 -0.63957
 12.5 -44.5 -0.65351
 12.5 -44.0 -0.66746
 12.5 -43.5 -0.68137
 12.5 -43.0 -0.69523
 12.5 -42.5 -0.70898
 12.5 -42.0 -0.72259
 12.5 -41.5 -0.73603
 12.5 -41.0 -0.74924
 12.5 -40.5 -0.76218
 12.5 -40.0 -0.77479
 12.5 -39.5 -0.78703
 12.5 -39.0 -0.79883
 12.5 -38.5 -0.81013
 12.5 -38.0 -0.82087
 12.5 -37.5 -0.83097
 12.5 -37.0 -0.84037
 12.5 -36.5 -0.84898
 12.5 -36.0 -0.85673
 12.5 -35.5 -0.86354
 12.5 -35.0 -0.86931
 12.5 -34.5 -0.87397
 12.5 -34.0 -0.87742
 12.5 -33.5 -0.87958
 12.5 -33.0 -0.88034
 12.5 -32.5 -0.87962
 12.5 -32.0 -0.87733
 12.5 -31.5 -0.87337
 12.5 -31.0 -0.86765
 12.5 -30.5 -0.86009
 12.5 -30.0 -0.85060
 12.5 -29.5 -0.83909
 12.5 -29.0 -0.82550
 12.5 -28.5 -0.80976
 12.5 -28.0 -0.79179
 12.5 -27.5 -0.77155
 12.5 -27.0 -0.74898
 12.5 -26.5 -0.72405
 12.5 -26.0 -0.69674
 12.5 -25.5 -0.66701
 12.5 -25.0 -0.63487
 12.5 -24.5 -0.60033
 12.5 -24.0 -0.56339
 12.5 -23.5 -0.52410
 12.5 -23.0 -0.48250
 12.5 -22.5 -0.43863
 12.5 -22.0 -0.39259
 12.5 -21.5 -0.34444
 12.5 -21.0 -0.29428
 12.5 -20.5 -0.24222
 12.5 -20.0 -0.18838
 12.5 -19.5 -0.13289
 12.5 -19.0 -0.07589
 12.5 -18.5 -0.01752
 12.5 -18.0  0.04206
 12.5 -17.5  0.10268
 12.5 -17.0  0.16417
 12.5 -16.5  0.22636
 12.5 -16.0  0.28907
 12.5 -15.5  0.35212
 12.5 -15.0  0.41532
 12.5 -14.5  0.47849
 12.5 -14.0  0.54144
 12.5 -13.5  0.60400
 12.5 -13.0  0.66597
 12.5 -12.5  0.72719
 12.5 -12.0  0.78747
 12.5 -11.5  0.84664
 12.5 -11.0  0.90455
 12.5 -10.5  0.96102
 12.5 -10.0  1.01591
 12.5  -9.5  1.06906
 12.5  -9.0  1.12034
 12.5  -8.5  1.16961
 12.5  -8.0  1.21674
 12.5  -7.5  1.26161
 12.5  -7.0  1.30411
 12.5  -6.5  1.34413
 12.5  -6.0  1.38157
 12.5  -5.5  1.41635
 12.5  -5.0  1.44839
 12.5  -4.5  1.47759
 12.5  -4.0  1.50391
 12.5  -3.5  1.52727
 12.5  -3.0  1.54762
 12.5  -2.5  1.56492
 12.5  -2.0  1.57912
 12.5  -1.5  1.59021
 12.5  -1.0  1.59814
 12.5  -0.5  1.60291
 12.5   0.0  1.60450
 12.5   0.5  1.60291
 12.5   1.0  1.59814
 12.5   1.5  1.59021
 12.5   2.0  1.57912
 12.5   2.5  1.56492
 12.5   3.0  1.54762
 12.5   3.5  1.52727
 12.5   4.0  1.50391
 12.5   4.5  1.47759
 12.5   5.0  1.44839
 12.5   5.5  1.41635
 12.5   6.0  1.38157
 12.5   6.5  1.34413
 12.5   7.0  1.30411
 12.5   7.5  1.26161
 12.5   8.0  1.21674
 12.5   8.5  1.16961
 12.5   9.0  1.12034
 12.5   9.5  1.06906
 12.5  10.0  1.01591
 12.5  10.5  0.96102
 12.5  11.0  0.90455
 12.5  11.5  0.84664
 12.5  12.0  0.78747
 12.5  12.5  0.72719
 12.5  13.0  0.66597
 12.5  13.5  0.60400
 12.5  14.0  0.54144
 12.5  14.5  0.47849
 12.5  15.0  0.41532
 12.5  15.5  0.35212
 12.5  16.0  0.28907
 12.5  16.5  0.22636
 12.5  17.0  0.16417
 12.5  17.5  0.10268
 12.5  18.0  0.04206
 12.5  18.5 -0.01752
 12.5  19.0 -0.07589
 12.5  19.5 -0.13289
 12.5  20.0 -0.18838
 12.5  20.5 -0.24222
 12.5  21.0 -0.29428
 12.5  21.5 -0.34444
 12.5  22.0 -0.39259
 12.5  22.5 -0.43863
 12.5  23.0 -0.48250
 12.5  23.5 -0.52410
 12.5  24.0 -0.56339
 12.5  24.5 -0.60033
 12.5  25.0 -0.63487
 12.5  25.5 -0.66701
 12.5  26.0 -0.69674
 12.5  26.5 -0.72405
 12.5  27.0 -0.74898
 12.5  27.5 -0.77155
 12.5  28.0 -0.79179
 12.5  28.5 -0.80976
 12.5  29.0 -0.82550
 12.5  29.5 -0.83909
 12.5  30.0 -0.85060
 12.5  30.5 -0.86009
 12.5  31.0 -0.86765
 12.5  31.5 -0.87337
 12.5  32.0 -0.87733
 12.5  32.5 -0.87962
 12.5  33.0 -0.88034
 12.5  33.5 -0.87958
 12.5  34.0 -0.87742
 12.5  34.5 -0.87397
 12.5  35.0 -0.86931
 12.5  35.5 -0.86354
 12.5  36.0 -0.85673
 12.5  36.5 -0.84898
 12.5  37.0 -0.84037
 12.5  37.5 -0.83097
 12.5  38.0 -0.82087
 12.5  38.5 -0.81013
 12.5  39.0 -0.79883
 12.5  39.5 -0.78703
 12.5  40.0 -0.77479
 12.5  40.5 -0.76218
 12.5  41.0 -0.74924
 12.5  41.5 -0.73603
 12.5  42.0 -0.72259
 12.5  42.5 -0.70898
 12.5  43.0 -0.69523
 12.5  43.5 -0.68137
 12.5  44.0 -0.66746
 12.5  44.5 -0.65351
 12.5  45.0 -0.63957
 13.0 -45.0 -0.64470
 13.0 -44.5 -0.65932
 13.0 -44.0 -0.67398
 13.0 -43.5 -0.68864
 13.0 -43.0 -0.70328
 13.0 -42.5 -0.71785
 13.0 -42.0 -0.73231
 13.0 -41.5 -0.74664
 13.0 -41.0 -0.76077
 13.0 -40.5 -0.77467
 13.0 -40.0 -0.78828
 13.0 -39.5 -0.80154
 13.0 -39.0 -0.81439
 13.0 -38.5 -0.82677
 13.0 -38.0 -0.83861
 13.0 -37.5 -0.84984
 13.0 -37.0 -0.86038
 13.0 -36.5 -0.87014
 13.0 -36.0 -0.87906
 13.0 -35.5 -0.88703
 13.0 -35.0 -0.89397
 13.0 -34.5 -0.89978
 13.0 -34.0 -0.90438
 13.0 -33.5 -0.90765
 13.0 -33.0 -0.90951
 13.0 -32.5 -0.90984
 13.0 -32.0 -0.90856
 13.0 -31.5 -0.90555
 13.0 -31.0 -0.90073
 13.0 -30.5 -0.89399
 13.0 -30.0 -0.88523
 13.0 -29.5 -0.87438
 13.0 -29.0 -0.86134
 13.0 -28.5 -0.84604
 13.0 -28.0 -0.82840
 13.0 -27.5 -0.80836
 13.0 -27.0 -0.78586
 13.0 -26.5 -0.76087
 13.0 -26.0 -0.73334
 13.0 -25.5 -0.70325
 13.0 -25.0 -0.67060
 13.0 -24.5 -0.63538
 13.0 -24.0 -0.59761
 13.0 -23.5 -0.55733
 13.0 -23.0 -0.51457
 13.0 -22.5 -0.46940
 13.0 -22.0 -0.42188
 13.0 -21.5 -0.37212
 13.0 -21.0 -0.32019
 13.0 -20.5 -0.26623
 13.0 -20.0 -0.21035
 13.0 -19.5 -0.15270
 13.0 -19.0 -0.09342
 13.0 -18.5 -0.03266
 13.0 -18.0  0.02939
 13.0 -17.5  0.09257
 13.0 -17.0  0.15670
 13.0 -16.5  0.22158
 13.0 -16.0  0.28704
 13.0 -15.5  0.35286
 13.0 -15.0  0.41886
 13.0 -14.5  0.48485
 13.0 -14.0  0.55061
 13.0 -13.5  0.61597
 13.0 -13.0  0.68072
 13.0 -12.5  0.74468
 13.0 -12.0  0.80767
 13.0 -11.5  0.86949
 13.0 -11.0  0.92999
 13.0 -10.5  0.98898
 13.0 -10.0  1.04632
 13.0  -9.5  1.10183
 13.0  -9.0  1.15538
 13.0  -8.5  1.20682
 13.0  -8.0  1.25602
 13.0  -7.5  1.30285
 13.0  -7.0  1.34721
 13.0  -6.5  1.38897
 13.0  -6.0  1.42804
 13.0  -5.5  1.46432
 13.0  -5.0  1.49773
 13.0  -4.5  1.52819
 13.0  -4.0  1.55562
 13.0  -3.5  1.57998
 13.0  -3.0  1.60120
 13.0  -2.5  1.61923
 13.0  -2.0  1.63404
 13.0  -1.5  1.64559
 13.0  -1.0  1.65386
 13.0  -0.5  1.65883
 13.0   0.0  1.66049
 13.0   0.5  1.65883
 13.0   1.0  1.65386
 13.0   1.5  1.64559
 13.0   2.0  1.63404
 13.0   2.5  1.61923
 13.0   3.0  1.60120
 13.0   3.5  1.57998
 13.0   4.0  1.55562
 13.0   4.5  1.52819
 13.0   5.0  1.49773
 13.0   5.5  1.46432
 13.0   6.0  1.42804
 13.0   6.5  1.38897
 13.0   7.0  1.34721
 13.0   7.5  1.30285
 13.0   8.0  1.25602
 13.0   8.5  1.20682
 13.0   9.0  1.15538
 13.0   9.5  1.10183
 13.0  10.0  1.04632
 13.0  10.5  0.98898
 13.0  11.0  0.92999
 13.0  11.5  0.86949
 13.0  12.0  0.80767
 13.0  12.5  0.74468
 13.0  13.0  0.68072
 13.0  13.5  0.61597
 13.0  14.0  0.55061
 13.0  14.5  0.48485
 13.0  15.0  0.41886
 13.0  15.5  0.35286
 13.0  16.0  0.28704
 13.0  16.5  0.22158
 13.0  17.0  0.15670
 13.0  17.5  0.09257
 13.0  18.0  0.02939
 13.0  18.5 -0.03266
 13.0  19.0 -0.09342
 13.0  19.5 -0.15270
 13.0  20.0 -0.21035
 13.0  20.5 -0.26623
 13.0  21.0 -0.32019
 13.0  21.5 -0.37212
 13.0  22.0 -0.42188
 13.0  22.5 -0.46940
 13.0  23.0 -0.51457
 13.0  23.5 -0.55733
 13.0  24.0 -0.59761
 13.0  24.5 -0.63538
 13.0  25.0 -0.67060
 13.0  25.5 -0.70325
 13.0  26.0 -0.73334
 13.0  26.5 -0.76087
 13.0  27.0 -0.78586
 13.0  27.5 -0.80836
 13.0  28.0 -0.82840
 13.0  28.5 -0.84604
 13.0  29.0 -0.86134
 13.0  29.5 -0.87438
 13.0  30.0 -0.88523
 13.0  30.5 -0.89399
 13.0  31.0 -0.90073
 13.0  31.5 -0.90555
 13.0  32.0 -0.90856
 13.0  32.5 -0.90984
 13.0  33.0 -0.90951
 13.0  33.5 -0.90765
 13.0  34.0 -0.90438
 13.0  34.5 -0.89978
 13.0  35.0 -0.89397
 13.0  35.5 -0.88703
 13.0  36.0 -0.87906
 13.0  36.5 -0.87014
 13.0  37.0 -0.86038
 13.0  37.5 -0.84984
 13.0  38.0 -0.83861
 13.0  38.5 -0.82677
 13.0  39.0 -0.81439
 13.0  39.5 -0.80154
 13.0  40.0 -0.78828
 13.0  40.5 -0.77467
 13.0  41.0 -0.76077
 13.0  41.5 -0.74664
 13.0  42.0 -0.73231
 13.0  42.5 -0.71785
 13.0  43.0 -0.70328
 13.0  43.5 -0.68864
 13.0  44.0 -0.67398
 13.0  44.5 -0.65932
 13.0  45.0 -0.64470
 13.5 -45.0 -0.64978
 13.5 -44.5 -0.66510
 13.5 -44.0 -0.68050
 13.5 -43.5 -0.69594
 13.5 -43.0 -0.71139
 13.5 -42.5 -0.72682
 13.5 -42.0 -0.74218
 13.5 -41.5 -0.75744
 13.5 -41.0 -0.77255
 13.5 -40.5 -0.78746
 13.5 -40.0 -0.80211
 13.5 -39.5 -0.81646
 13.5 -39.0 -0.83042
 13.5 -38.5 -0.84395
 13.5 -38.0 -0.85697
 13.5 -37.5 -0.86939
 13.5 -37.0 -0.88115
 13.5 -36.5 -0.89216
 13.5 -36.0 -0.90232
 13.5 -35.5 -0.91155
 13.5 -35.0 -0.91975
 13.5 -34.5 -0.92682
 13.5 -34.0 -0.93265
 13.5 -33.5 -0.93715
 13.5 -33.0 -0.94019
 13.5 -32.5 -0.94168
 13.5 -32.0 -0.94151
 13.5 -31.5 -0.93956
 13.5 -31.0 -0.93572
 13.5 -30.5 -0.92989
 13.5 -30.0 -0.92197
 13.5 -29.5 -0.91185
 13.5 -29.0 -0.89944
 13.5 -28.5 -0.88465
 13.5 -28.0 -0.86741
 13.5 -27.5 -0.84762
 13.5 -27.0 -0.82524
 13.5 -26.5 -0.80022
 13.5 -26.0 -0.77250
 13.5 -25.5 -0.74206
 13.5 -25.0 -0.70888
 13.5 -24.5 -0.67298
 13.5 -24.0 -0.63435
 13.5 -23.5 -0.59303
 13.5 -23.0 -0.54906
 13.5 -22.5 -0.50250
 13.5 -22.0 -0.45344
 13.5 -21.5 -0.40195
 13.5 -21.0 -0.34815
 13.5 -20.5 -0.29216
 13.5 -20.0 -0.23410
 13.5 -19.5 -0.17414
 13.5 -19.0 -0.11242
 13.5 -18.5 -0.04911
 13.5 -18.0  0.01559
 13.5 -17.5  0.08152
 13.5 -17.0  0.14847
 13.5 -16.5  0.21624
 13.5 -16.0  0.28463
 13.5 -15.5  0.35343
 13.5 -15.0  0.42243
 13.5 -14.5  0.49142
 13.5 -14.0  0.56019
 13.5 -13.5  0.62854
 13.5 -13.0  0.69627
 13.5 -12.5  0.76316
 13.5 -12.0  0.82903
 13.5 -11.5  0.89368
 13.5 -11.0  0.95694
 13.5 -10.5  1.01861
 13.5 -10.0  1.07854
 13.5  -9.5  1.13657
 13.5  -9.0  1.19252
 13.5  -8.5  1.24627
 13.5  -8.0  1.29767
 13.5  -7.5  1.34659
 13.5  -7.0  1.39290
 13.5  -6.5  1.43650
 13.5  -6.0  1.47729
 13.5  -5.5  1.51516
 13.5  -5.0  1.55002
 13.5  -4.5  1.58180
 13.5  -4.0  1.61043
 13.5  -3.5  1.63583
 13.5  -3.0  1.65796
 13.5  -2.5  1.67677
 13.5  -2.0  1.69221
 13.5  -1.5  1.70426
 13.5  -1.0  1.71288
 13.5  -0.5  1.71806
 13.5   0.0  1.71979
 13.5   0.5  1.71806
 13.5   1.0  1.71288
 13.5   1.5  1.70426
 13.5   2.0  1.69221
 13.5   2.5  1.67677
 13.5   3.0  1.65796
 13.5   3.5  1.63583
 13.5   4.0  1.61043
 13.5   4.5  1.58180
 13.5   5.0  1.55002
 13.5   5.5  1.51516
 13.5   6.0  1.47729
 13.5   6.5  1.43650
 13.5   7.0  1.39290
 13.5   7.5  1.34659
 13.5   8.0  1.29767
 13.5   8.5  1.24627
 13.5   9.0  1.19252
 13.5   9.5  1.13657
 13.5  10.0  1.07854
 13.5  10.5  1.01861
 13.5  11.0  0.95694
 13.5  11.5  0.89368
 13.5  12.0  0.82903
 13.5  12.5  0.76316
 13.5  13.0  0.69627
 13.5  13.5  0.62854
 13.5  14.0  0.56019
 13.5  14.5  0.49142
 13.5  15.0  0.42243
 13.5  15.5  0.35343
 13.5  16.0  0.28463
 13.5  16.5  0.21624
 13.5  17.0  0.14847
 13.5  17.5  0.08152
 13.5  18.0  0.01559
 13.5  18.5 -0.04911
 13.5  19.0 -0.11242
 13.5  19.5 -0.17414
 13.5  20.0 -0.23410
 13.5  20.5 -0.29216
 13.5  21.0 -0.34815
 13.5  21.5 -0.40195
 13.5  22.0 -0.45344
 13.5  22.5 -0.50250
 13.5  23.0 -0.54906
 13.5  23.5 -0.59303
 13.5  24.0 -0.63435
 13.5  24.5 -0.67298
 13.5  25.0 -0.70888
 13.5  25.5 -0.74206
 13.5  26.0 -0.77250
 13.5  26.5 -0.80022
 13.5  27.0 -0.82524
 13.5  27.5 -0.84762
 13.5  28.0 -0.86741
 13.5  28.5 -0.88465
 13.5  29.0 -0.89944
 13.5  29.5 -0.91185
 13.5  30.0 -0.92197
 13.5  30.5 -0.92989
 13.5  31.0 -0.93572
 13.5  31.5 -0.93956
 13.5  32.0 -0.94151
 13.5  32.5 -0.94168
 13.5  33.0 -0.94019
 13.5  33.5 -0.93715
 13.5  34.0 -0.93265
 13.5  34.5 -0.92682
 13.5  35.0 -0.91975
 13.5  35.5 -0.91155
 13.5  36.0 -0.90232
 13.5  36.5 -0.89216
 13.5  37.0 -0.88115
 13.5  37.5 -0.86939
 13.5  38.0 -0.85697
 13.5  38.5 -0.84395
 13.5  39.0 -0.83042
 13.5  39.5 -0.81646
 13.5  40.0 -0.80211
 13.5  40.5 -0.78746
 13.5  41.0 -0.77255
 13.5  41.5 -0.75744
 13.5  42.0 -0.74218
 13.5  42.5 -0.72682
 13.5  43.0 -0.71139
 13.5  43.5 -0.69594
 13.5  44.0 -0.68050
 13.5  44.5 -0.66510
 13.5  45.0 -0.64978
 14.0 -45.0 -0.65475
 14.0 -44.5 -0.67081
 14.0 -44.0 -0.68697
 14.0 -43.5 -0.70322
 14.0 -43.0 -0.71952
 14.0 -42.5 -0.73585
 14.0 -42.0 -0.75215
 14.0 -41.5 -0.76839
 14.0 -41.0 -0.78452
 14.0 -40.5 -0.80050
 14.0 -40.0 -0.81626
 14.0 -39.5 -0.83175
 14.0 -39.0 -0.84690
 14.0 -38.5 -0.86164
 14.0 -38.0 -0.87591
 14.0 -37.5 -0.88962
 14.0 -37.0 -0.90268
 14.0 -36.5 -0.91501
 14.0 -36.0 -0.92652
 14.0 -35.5 -0.93710
 14.0 -35.0 -0.94666
 14.0 -34.5 -0.95509
 14.0 -34.0 -0.96227
 14.0 -33.5 -0.96809
 14.0 -33.0 -0.97244
 14.0 -32.5 -0.97519
 14.0 -32.0 -0.97623
 14.0 -31.5 -0.97545
 14.0 -31.0 -0.97271
 14.0 -30.5 -0.96790
 14.0 -30.0 -0.96090
 14.0 -29.5 -0.95162
 14.0 -29.0 -0.93993
 14.0 -28.5 -0.92573
 14.0 -28.0 -0.90895
 14.0 -27.5 -0.88949
 14.0 -27.0 -0.86728
 14.0 -26.5 -0.84226
 14.0 -26.0 -0.81438
 14.0 -25.5 -0.78360
 14.0 -25.0 -0.74991
 14.0 -24.5 -0.71330
 14.0 -24.0 -0.67378
 14.0 -23.5 -0.63138
 14.0 -23.0 -0.58614
 14.0 -22.5 -0.53812
 14.0 -22.0 -0.48741
 14.0 -21.5 -0.43410
 14.0 -21.0 -0.37830
 14.0 -20.5 -0.32014
 14.0 -20.0 -0.25976
 14.0 -19.5 -0.19733
 14.0 -19.0 -0.13300
 14.0 -18.5 -0.06697
 14.0 -18.0  0.00058
 14.0 -17.5  0.06944
 14.0 -17.0  0.13941
 14.0 -16.5  0.21027
 14.0 -16.0  0.28181
 14.0 -15.5  0.35379
 14.0 -15.0  0.42600
 14.0 -14.5  0.49821
 14.0 -14.0  0.57020
 14.0 -13.5  0.64175
 14.0 -13.0  0.71264
 14.0 -12.5  0.78266
 14.0 -12.0  0.85160
 14.0 -11.5  0.91927
 14.0 -11.0  0.98546
 14.0 -10.5  1.04999
 14.0 -10.0  1.11268
 14.0  -9.5  1.17337
 14.0  -9.0  1.23188
 14.0  -8.5  1.28807
 14.0  -8.0  1.34180
 14.0  -7.5  1.39292
 14.0  -7.0  1.44131
 14.0  -6.5  1.48686
 14.0  -6.0  1.52946
 14.0  -5.5  1.56900
 14.0  -5.0  1.60540
 14.0  -4.5  1.63857
 14.0  -4.0  1.66845
 14.0  -3.5  1.69496
 14.0  -3.0  1.71806
 14.0  -2.5  1.73768
 14.0  -2.0  1.75379
 14.0  -1.5  1.76635
 14.0  -1.0  1.77535
 14.0  -0.5  1.78075
 14.0   0.0  1.78255
 14.0   0.5  1.78075
 14.0   1.0  1.77535
 14.0   1.5  1.76635
 14.0   2.0  1.75379
 14.0   2.5  1.73768
 14.0   3.0  1.71806
 14.0   3.5  1.69496
 14.0   4.0  1.66845
 14.0   4.5  1.63857
 14.0   5.0  1.60540
 14.0   5.5  1.56900
 14.0   6.0  1.52946
 14.0   6.5  1.48686
 14.0   7.0  1.44131
 14.0   7.5  1.39292
 14.0   8.0  1.34180
 14.0   8.5  1.28807
 14.0   9.0  1.23188
 14.0   9.5  1.17337
 14.0  10.0  1.11268
 14.0  10.5  1.04999
 14.0  11.0  0.98546
 14.0  11.5  0.91927
 14.0  12.0  0.85160
 14.0  12.5  0.78266
 14.0  13.0  0.71264
 14.0  13.5  0.64175
 14.0  14.0  0.57020
 14.0  14.5  0.49821
 14.0  15.0  0.42600
 14.0  15.5  0.35379
 14.0  16.0  0.28181
 14.0  16.5  0.21027
 14.0  17.0  0.13941
 14.0  17.5  0.06944
 14.0  18.0  0.00058
 14.0  18.5 -0.06697
 14.0  19.0 -0.13300
 14.0  19.5 -0.19733
 14.0  20.0 -0.25976
 14.0  20.5 -0.32014
 14.0  21.0 -0.37830
 14.0  21.5 -0.43410
 14.0  22.0 -0.48741
 14.0  22.5 -0.53812
 14.0  23.0 -0.58614
 14.0  23.5 -0.63138
 14.0  24.0 -0.67378
 14.0  24.5 -0.71330
 14.0  25.0 -0.74991
 14.0  25.5 -0.78360
 14.0  26.0 -0.81438
 14.0  26.5 -0.84226
 14.0  27.0 -0.86728
 14.0  27.5 -0.88949
 14.0  28.0 -0.90895
 14.0  28.5 -0.92573
 14.0  29.0 -0.93993
 14.0  29.5 -0.95162
 14.0  30.0 -0.96090
 14.0  30.5 -0.96790
 14.0  31.0 -0.97271
 14.0  31.5 -0.97545
 14.0  32.0 -0.97623
 14.0  32.5 -0.97519
 14.0  33.0 -0.97244
 14.0  33.5 -0.96809
 14.0  34.0 -0.96227
 14.0  34.5 -0.95509
 14.0  35.0 -0.94666
 14.0  35.5 -0.93710
 14.0  36.0 -0.92652
 14.0  36.5 -0.91501
 14.0  37.0 -0.90268
 14.0  37.5 -0.88962
 14.0  38.0 -0.87591
 14.0  38.5 -0.86164
 14.0  39.0 -0.84690
 14.0  39.5 -0.83175
 14.0  40.0 -0.81626
 14.0  40.5 -0.80050
 14.0  41.0 -0.78452
 14.0  41.5 -0.76839
 14.0  42.0 -0.75215
 14.0  42.5 -0.73585
 14.0  43.0 -0.71952
 14.0  43.5 -0.70322
 14.0  44.0 -0.68697
 14.0  44.5 -0.67081
 14.0  45.0 -0.65475
 14.5 -45.0 -0.65959
 14.5 -44.5 -0.67640
 14.5 -44.0 -0.69336
 14.5 -43.5 -0.71045
 14.5 -43.0 -0.72764
 14.5 -42.5 -0.74490
 14.5 -42.0 -0.76218
 14.5 -41.5 -0.77945
 14.5 -41.0 -0.79665
 14.5 -40.5 -0.81375
 14.5 -40.0 -0.83067
 14.5 -39.5 -0.84737
 14.5 -39.0 -0.86378
 14.5 -38.5 -0.87981
 14.5 -38.0 -0.89541
 14.5 -37.5 -0.91048
 14.5 -37.0 -0.92494
 14.5 -36.5 -0.93869
 14.5 -36.0 -0.95164
 14.5 -35.5 -0.96368
 14.5 -35.0 -0.97471
 14.5 -34.5 -0.98460
 14.5 -34.0 -0.99324
 14.5 -33.5 -1.00050
 14.5 -33.0 -1.00627
 14.5 -32.5 -1.01041
 14.5 -32.0 -1.01279
 14.5 -31.5 -1.01329
 14.5 -31.0 -1.01176
 14.5 -30.5 -1.00809
 14.5 -30.0 -1.00213
 14.5 -29.5 -0.99378
 14.5 -29.0 -0.98291
 14.5 -28.5 -0.96941
 14.5 -28.0 -0.95317
 14.5 -27.5 -0.93410
 14.5 -27.0 -0.91212
 14.5 -26.5 -0.88716
 14.5 -26.0 -0.85916
 14.5 -25.5 -0.82806
 14.5 -25.0 -0.79386
 14.5 -24.5 -0.75654
 14.5 -24.0 -0.71610
 14.5 -23.5 -0.67257
 14.5 -23.0 -0.62600
 14.5 -22.5 -0.57644
 14.5 -22.0 -0.52399
 14.5 -21.5 -0.46874
 14.5 -21.0 -0.41082
 14.5 -20.5 -0.35035
 14.5 -20.0 -0.28749
 14.5 -19.5 -0.22241
 14.5 -19.0 -0.15530
 14.5 -18.5 -0.08634
 14.5 -18.0 -0.01575
 14.5 -17.5  0.05626
 14.5 -17.0  0.12947
 14.5 -16.5  0.20364
 14.5 -16.0  0.27853
 14.5 -15.5  0.35392
 14.5 -15.0  0.42957
 14.5 -14.5  0.50522
 14.5 -14.0  0.58064
 14.5 -13.5  0.65561
 14.5 -13.0  0.72988
 14.5 -12.5  0.80324
 14.5 -12.0  0.87546
 14.5 -11.5  0.94633
 14.5 -11.0  1.01564
 14.5 -10.5  1.08321
 14.5 -10.0  1.14883
 14.5  -9.5  1.21234
 14.5  -9.0  1.27357
 14.5  -8.5  1.33235
 14.5  -8.0  1.38853
 14.5  -7.5  1.44198
 14.5  -7.0  1.49257
 14.5  -6.5  1.54017
 14.5  -6.0  1.58468
 14.5  -5.5  1.62599
 14.5  -5.0  1.66400
 14.5  -4.5  1.69865
 14.5  -4.0  1.72984
 14.5  -3.5  1.75752
 14.5  -3.0  1.78162
 14.5  -2.5  1.80210
 14.5  -2.0  1.81891
 14.5  -1.5  1.83202
 14.5  -1.0  1.84140
 14.5  -0.5  1.84704
 14.5   0.0  1.84892
 14.5   0.5  1.84704
 14.5   1.0  1.84140
 14.5   1.5  1.83202
 14.5   2.0  1.81891
 14.5   2.5  1.80210
 14.5   3.0  1.78162
 14.5   3.5  1.75752
 14.5   4.0  1.72984
 14.5   4.5  1.69865
 14.5   5.0  1.66400
 14.5   5.5  1.62599
 14.5   6.0  1.58468
 14.5   6.5  1.54017
 14.5   7.0  1.49257
 14.5   7.5  1.44198
 14.5   8.0  1.38853
 14.5   8.5  1.33235
 14.5   9.0  1.27357
 14.5   9.5  1.21234
 14.5  10.0  1.14883
 14.5  10.5  1.08321
 14.5  11.0  1.01564
 14.5  11.5  0.94633
 14.5  12.0  0.87546
 14.5  12.5  0.80324
 14.5  13.0  0.72988
 14.5  13.5  0.65561
 14.5  14.0  0.58064
 14.5  14.5  0.50522
 14.5  15.0  0.42957
 14.5  15.5  0.35392
 14.5  16.0  0.27853
 14.5  16.5  0.20364
 14.5  17.0  0.12947
 14.5  17.5  0.05626
 14.5  18.0 -0.01575
 14.5  18.5 -0.08634
 14.5  19.0 -0.15530
 14.5  19.5 -0.22241
 14.5  20.0 -0.28749
 14.5  20.5 -0.35035
 14.5  21.0 -0.41082
 14.5  21.5 -0.46874
 14.5  22.0 -0.52399
 14.5  22.5 -0.57644
 14.5  23.0 -0.62600
 14.5  23.5 -0.67257
 14.5  24.0 -0.71610
 14.5  24.5 -0.75654
 14.5  25.0 -0.79386
 14.5  25.5 -0.82806
 14.5  26.0 -0.85916
 14.5  26.5 -0.88716
 14.5  27.0 -0.91212
 14.5  27.5 -0.93410
 14.5  28.0 -0.95317
 14.5  28.5 -0.96941
 14.5  29.0 -0.98291
 14.5  29.5 -0.99378
 14.5  30.0 -1.00213
 14.5  30.5 -1.00809
 14.5  31.0 -1.01176
 14.5  31.5 -1.01329
 14.5  32.0 -1.01279
 14.5  32.5 -1.01041
 14.5  33.0 -1.00627
 14.5  33.5 -1.00050
 14.5  34.0 -0.99324
 14.5  34.5 -0.98460
 14.5  35.0 -0.97471
 14.5  35.5 -0.96368
 14.5  36.0 -0.95164
 14.5  36.5 -0.93869
 14.5  37.0 -0.92494
 14.5  37.5 -0.91048
 14.5  38.0 -0.89541
 14.5  38.5 -0.87981
 14.5  39.0 -0.86378
 14.5  39.5 -0.84737
 14.5  40.0 -0.83067
 14.5  40.5 -0.81375
 14.5  41.0 -0.79665
 14.5  41.5 -0.77945
 14.5  42.0 -0.76218
 14.5  42.5 -0.74490
 14.5  43.0 -0.72764
 14.5  43.5 -0.71045
 14.5  44.0 -0.69336
 14.5  44.5 -0.67640
 14.5  45.0 -0.65959
 15.0 -45.0 -0.66425
 15.0 -44.5 -0.68183
 15.0 -44.0 -0.69962
 15.0 -43.5 -0.71758
 15.0 -43.0 -0.73569
 15.0 -42.5 -0.75392
 15.0 -42.0 -0.77223
 15.0 -41.5 -0.79057
 15.0 -41.0 -0.80890
 15.0 -40.5 -0.82717
 15.0 -40.0 -0.84532
 15.0 -39.5 -0.86329
 15.0 -39.0 -0.88102
 15.0 -38.5 -0.89843
 15.0 -38.0 -0.91543
 15.0 -37.5 -0.93196
 15.0 -37.0 -0.94790
 15.0 -36.5 -0.96318
 15.0 -36.0 -0.97767
 15.0 -35.5 -0.99128
 15.0 -35.0 -1.00388
 15.0 -34.5 -1.01536
 15.0 -34.0 -1.02558
 15.0 -33.5 -1.03442
 15.0 -33.0 -1.04173
 15.0 -32.5 -1.04739
 15.0 -32.0 -1.05124
 15.0 -31.5 -1.05315
 15.0 -31.0 -1.05297
 15.0 -30.5 -1.05055
 15.0 -30.0 -1.04577
 15.0 -29.5 -1.03847
 15.0 -29.0 -1.02853
 15.0 -28.5 -1.01582
 15.0 -28.0 -1.00022
 15.0 -27.5 -0.98163
 15.0 -27.0 -0.95996
 15.0 -26.5 -0.93511
 15.0 -26.0 -0.90702
 15.0 -25.5 -0.87564
 15.0 -25.0 -0.84094
 15.0 -24.5 -0.80289
 15.0 -24.0 -0.76151
 15.0 -23.5 -0.71681
 15.0 -23.0 -0.66884
 15.0 -22.5 -0.61766
 15.0 -22.0 -0.56337
 15.0 -21.5 -0.50606
 15.0 -21.0 -0.44587
 15.0 -20.5 -0.38294
 15.0 -20.0 -0.31744
 15.0 -19.5 -0.24954
 15.0 -19.0 -0.17944
 15.0 -18.5 -0.10735
 15.0 -18.0 -0.03350
 15.0 -17.5  0.04188
 15.0 -17.0  0.11855
 15.0 -16.5  0.19627
 15.0 -16.0  0.27477
 15.0 -15.5  0.35381
 15.0 -15.0  0.43312
 15.0 -14.5  0.51246
 15.0 -14.0  0.59155
 15.0 -13.5  0.67017
 15.0 -13.0  0.74805
 15.0 -12.5  0.82496
 15.0 -12.0  0.90066
 15.0 -11.5  0.97494
 15.0 -11.0  1.04758
 15.0 -10.5  1.11836
 15.0 -10.0  1.18710
 15.0  -9.5  1.25360
 15.0  -9.0  1.31770
 15.0  -8.5  1.37921
 15.0  -8.0  1.43800
 15.0  -7.5  1.49391
 15.0  -7.0  1.54681
 15.0  -6.5  1.59658
 15.0  -6.0  1.64310
 15.0  -5.5  1.68626
 15.0  -5.0  1.72598
 15.0  -4.5  1.76217
 15.0  -4.0  1.79474
 15.0  -3.5  1.82364
 15.0  -3.0  1.84881
 15.0  -2.5  1.87018
 15.0  -2.0  1.88773
 15.0  -1.5  1.90141
 15.0  -1.0  1.91121
 15.0  -0.5  1.91709
 15.0   0.0  1.91905
 15.0   0.5  1.91709
 15.0   1.0  1.91121
 15.0   1.5  1.90141
 15.0   2.0  1.88773
 15.0   2.5  1.87018
 15.0   3.0  1.84881
 15.0   3.5  1.82364
 15.0   4.0  1.79474
 15.0   4.5  1.76217
 15.0   5.0  1.72598
 15.0   5.5  1.68626
 15.0   6.0  1.64310
 15.0   6.5  1.59658
 15.0   7.0  1.54681
 15.0   7.5  1.49391
 15.0   8.0  1.43800
 15.0   8.5  1.37921
 15.0   9.0  1.31770
 15.0   9.5  1.25360
 15.0  10.0  1.18710
 15.0  10.5  1.11836
 15.0  11.0  1.04758
 15.0  11.5  0.97494
 15.0  12.0  0.90066
 15.0  12.5  0.82496
 15.0  13.0  0.74805
 15.0  13.5  0.67017
 15.0  14.0  0.59155
 15.0  14.5  0.51246
 15.0  15.0  0.43312
 15.0  15.5  0.35381
 15.0  16.0  0.27477
 15.0  16.5  0.19627
 15.0  17.0  0.11855
 15.0  17.5  0.04188
 15.0  18.0 -0.03350
 15.0  18.5 -0.10735
 15.0  19.0 -0.17944
 15.0  19.5 -0.24954
 15.0  20.0 -0.31744
 15.0  20.5 -0.38294
 15.0  21.0 -0.44587
 15.0  21.5 -0.50606
 15.0  22.0 -0.56337
 15.0  22.5 -0.61766
 15.0  23.0 -0.66884
 15.0  23.5 -0.71681
 15.0  24.0 -0.76151
 15.0  24.5 -0.80289
 15.0  25.0 -0.84094
 15.0  25.5 -0.87564
 15.0  26.0 -0.90702
 15.0  26.5 -0.93511
 15.0  27.0 -0.95996
 15.0  27.5 -0.98163
 15.0  28.0 -1.00022
 15.0  28.5 -1.01582
 15.0  29.0 -1.02853
 15.0  29.5 -1.03847
 15.0  30.0 -1.04577
 15.0  30.5 -1.05055
 15.0  31.0 -1.05297
 15.0  31.5 -1.05315
 15.0  32.0 -1.05124
 15.0  32.5 -1.04739
 15.0  33.0 -1.04173
 15.0  33.5 -1.03442
 15.0  34.0 -1.02558
 15.0  34.5 -1.01536
 15.0  35.0 -1.00388
 15.0  35.5 -0.99128
 15.0  36.0 -0.97767
 15.0  36.5 -0.96318
 15.0  37.0 -0.94790
 15.0  37.5 -0.93196
 15.0  38.0 -0.91543
 15.0  38.5 -0.89843
 15.0  39.0 -0.88102
 15.0  39.5 -0.86329
 15.0  40.0 -0.84532
 15.0  40.5 -0.82717
 15.0  41.0 -0.80890
 15.0  41.5 -0.79057
 15.0  42.0 -0.77223
 15.0  42.5 -0.75392
 15.0  43.0 -0.73569
 15.0  43.5 -0.71758
 15.0  44.0 -0.69962
 15.0  44.5 -0.68183
 15.0  45.0 -0.66425
 15.5 -45.0 -0.66868
 15.5 -44.5 -0.68706
 15.5 -44.0 -0.70570
 15.5 -43.5 -0.72456
 15.5 -43.0 -0.74363
 15.5 -42.5 -0.76286
 15.5 -42.0 -0.78223
 15.5 -41.5 -0.80169
 15.5 -41.0 -0.82120
 15.5 -40.5 -0.84070
 15.5 -40.0 -0.86014
 15.5 -39.5 -0.87946
 15.5 -39.0 -0.89858
 15.5 -38.5 -0.91744
 15.5 -38.0 -0.93594
 15.5 -37.5 -0.95401
 15.5 -37.0 -0.97154
 15.5 -36.5 -0.98844
 15.5 -36.0 -1.00459
 15.5 -35.5 -1.01988
 15.5 -35.0 -1.03418
 15.5 -34.5 -1.04737
 15.5 -34.0 -1.05931
 15.5 -33.5 -1.06985
 15.5 -33.0 -1.07885
 15.5 -32.5 -1.08617
 15.5 -32.0 -1.09163
 15.5 -31.5 -1.09510
 15.5 -31.0 -1.09640
 15.5 -30.5 -1.09539
 15.5 -30.0 -1.09191
 15.5 -29.5 -1.08580
 15.5 -29.0 -1.07691
 15.5 -28.5 -1.06512
 15.5 -28.0 -1.05027
 15.5 -27.5 -1.03226
 15.5 -27.0 -1.01096
 15.5 -26.5 -0.98630
 15.5 -26.0 -0.95818
 15.5 -25.5 -0.92655
 15.5 -25.0 -0.89136
 15.5 -24.5 -0.85259
 15.5 -24.0 -0.81023
 15.5 -23.5 -0.76432
 15.5 -23.0 -0.71489
 15.5 -22.5 -0.66200
 15.5 -22.0 -0.60576
 15.5 -21.5 -0.54628
 15.5 -21.0 -0.48367
 15.5 -20.5 -0.41812
 15.5 -20.0 -0.34978
 15.5 -19.5 -0.27886
 15.5 -19.0 -0.20557
 15.5 -18.5 -0.13013
 15.5 -18.0 -0.05279
 15.5 -17.5  0.02621
 15.5 -17.0  0.10660
 15.5 -16.5  0.18811
 15.5 -16.0  0.27048
 15.5 -15.5  0.35342
 15.5 -15.0  0.43666
 15.5 -14.5  0.51993
 15.5 -14.0  0.60295
 15.5 -13.5  0.68545
 15.5 -13.0  0.76718
 15.5 -12.5  0.84788
 15.5 -12.0  0.92730
 15.5 -11.5  1.00520
 15.5 -11.0  1.08137
 15.5 -10.5  1.15557
 15.5 -10.0  1.22760
 15.5  -9.5  1.29728
 15.5  -9.0  1.36440
 15.5  -8.5  1.42882
 15.5  -8.0  1.49035
 15.5  -7.5  1.54885
 15.5  -7.0  1.60419
 15.5  -6.5  1.65624
 15.5  -6.0  1.70487
 15.5  -5.5  1.74999
 15.5  -5.0  1.79150
 15.5  -4.5  1.82930
 15.5  -4.0  1.86333
 15.5  -3.5  1.89351
 15.5  -3.0  1.91978
 15.5  -2.5  1.94210
 15.5  -2.0  1.96042
 15.5  -1.5  1.97470
 15.5  -1.0  1.98492
 15.5  -0.5  1.99106
 15.5   0.0  1.99311
 15.5   0.5  1.99106
 15.5   1.0  1.98492
 15.5   1.5  1.97470
 15.5   2.0  1.96042
 15.5   2.5  1.94210
 15.5   3.0  1.91978
 15.5   3.5  1.89351
 15.5   4.0  1.86333
 15.5   4.5  1.82930
 15.5   5.0  1.79150
 15.5   5.5  1.74999
 15.5   6.0  1.70487
 15.5   6.5  1.65624
 15.5   7.0  1.60419
 15.5   7.5  1.54885
 15.5   8.0  1.49035
 15.5   8.5  1.42882
 15.5   9.0  1.36440
 15.5   9.5  1.29728
 15.5  10.0  1.22760
 15.5  10.5  1.15557
 15.5  11.0  1.08137
 15.5  11.5  1.00520
 15.5  12.0  0.92730
 15.5  12.5  0.84788
 15.5  13.0  0.76718
 15.5  13.5  0.68545
 15.5  14.0  0.60295
 15.5  14.5  0.51993
 15.5  15.0  0.43666
 15.5  15.5  0.35342
 15.5  16.0  0.27048
 15.5  16.5  0.18811
 15.5  17.0  0.10660
 15.5  17.5  0.02621
 15.5  18.0 -0.05279
 15.5  18.5 -0.13013
 15.5  19.0 -0.20557
 15.5  19.5 -0.27886
 15.5  20.0 -0.34978
 15.5  20.5 -0.41812
 15.5  21.0 -0.48367
 15.5  21.5 -0.54628
 15.5  22.0 -0.60576
 15.5  22.5 -0.66200
 15.5  23.0 -0.71489
 15.5  23.5 -0.76432
 15.5  24.0 -0.81023
 15.5  24.5 -0.85259
 15.5  25.0 -0.89136
 15.5  25.5 -0.92655
 15.5  26.0 -0.95818
 15.5  26.5 -0.98630
 15.5  27.0 -1.01096
 15.5  27.5 -1.03226
 15.5  28.0 -1.05027
 15.5  28.5 -1.06512
 15.5  29.0 -1.07691
 15.5  29.5 -1.08580
 15.5  30.0 -1.09191
 15.5  30.5 -1.09539
 15.5  31.0 -1.09640
 15.5  31.5 -1.09510
 15.5  32.0 -1.09163
 15.5  32.5 -1.08617
 15.5  33.0 -1.07885
 15.5  33.5 -1.06985
 15.5  34.0 -1.05931
 15.5  34.5 -1.04737
 15.5  35.0 -1.03418
 15.5  35.5 -1.01988
 15.5  36.0 -1.00459
 15.5  36.5 -0.98844
 15.5  37.0 -0.97154
 15.5  37.5 -0.95401
 15.5  38.0 -0.93594
 15.5  38.5 -0.91744
 15.5  39.0 -0.89858
 15.5  39.5 -0.87946
 15.5  40.0 -0.86014
 15.5  40.5 -0.84070
 15.5  41.0 -0.82120
 15.5  41.5 -0.80169
 15.5  42.0 -0.78223
 15.5  42.5 -0.76286
 15.5  43.0 -0.74363
 15.5  43.5 -0.72456
 15.5  44.0 -0.70570
 15.5  44.5 -0.68706
 15.5  45.0 -0.66868
 16.0 -45.0 -0.67284
 16.0 -44.5 -0.69204
 16.0 -44.0 -0.71155
 16.0 -43.5 -0.73134
 16.0 -43.0 -0.75139
 16.0 -42.5 -0.77167
 16.0 -42.0 -0.79215
 16.0 -41.5 -0.81277
 16.0 -41.0 -0.83351
 16.0 -40.5 -0.85430
 16.0 -40.0 -0.87509
 16.0 -39.5 -0.89581
 16.0 -39.0 -0.91641
 16.0 -38.5 -0.93679
 16.0 -38.0 -0.95689
 16.0 -37.5 -0.97659
 16.0 -37.0 -0.99581
 16.0 -36.5 -1.01444
 16.0 -36.0 -1.03237
 16.0 -35.5 -1.04946
 16.0 -35.0 -1.06560
 16.0 -34.5 -1.08063
 16.0 -34.0 -1.09443
 16.0 -33.5 -1.10682
 16.0 -33.0 -1.11767
 16.0 -32.5 -1.12679
 16.0 -32.0 -1.13403
 16.0 -31.5 -1.13921
 16.0 -31.0 -1.14216
 16.0 -30.5 -1.14271
 16.0 -30.0 -1.14068
 16.0 -29.5 -1.13590
 16.0 -29.0 -1.12822
 16.0 -28.5 -1.11746
 16.0 -28.0 -1.10349
 16.0 -27.5 -1.08616
 16.0 -27.0 -1.06535
 16.0 -26.5 -1.04095
 16.0 -26.0 -1.01286
 16.0 -25.5 -0.98102
 16.0 -25.0 -0.94536
 16.0 -24.5 -0.90587
 16.0 -24.0 -0.86252
 16.0 -23.5 -0.81535
 16.0 -23.0 -0.76439
 16.0 -22.5 -0.70971
 16.0 -22.0 -0.65141
 16.0 -21.5 -0.58960
 16.0 -21.0 -0.52443
 16.0 -20.5 -0.45608
 16.0 -20.0 -0.38471
 16.0 -19.5 -0.31056
 16.0 -19.0 -0.23385
 16.0 -18.5 -0.15481
 16.0 -18.0 -0.07373
 16.0 -17.5  0.00915
 16.0 -17.0  0.09352
 16.0 -16.5  0.17910
 16.0 -16.0  0.26560
 16.0 -15.5  0.35273
 16.0 -15.0  0.44017
 16.0 -14.5  0.52765
 16.0 -14.0  0.61486
 16.0 -13.5  0.70152
 16.0 -13.0  0.78735
 16.0 -12.5  0.87208
 16.0 -12.0  0.95545
 16.0 -11.5  1.03721
 16.0 -11.0  1.11712
 16.0 -10.5  1.19494
 16.0 -10.0  1.27047
 16.0  -9.5  1.34350
 16.0  -9.0  1.41383
 16.0  -8.5  1.48130
 16.0  -8.0  1.54572
 16.0  -7.5  1.60696
 16.0  -7.0  1.66487
 16.0  -6.5  1.71931
 16.0  -6.0  1.77017
 16.0  -5.5  1.81734
 16.0  -5.0  1.86072
 16.0  -4.5  1.90022
 16.0  -4.0  1.93576
 16.0  -3.5  1.96728
 16.0  -3.0  1.99472
 16.0  -2.5  2.01802
 16.0  -2.0  2.03714
 16.0  -1.5  2.05205
 16.0  -1.0  2.06272
 16.0  -0.5  2.06912
 16.0   0.0  2.07126
 16.0   0.5  2.06912
 16.0   1.0  2.06272
 16.0   1.5  2.05205
 16.0   2.0  2.03714
 16.0   2.5  2.01802
 16.0   3.0  1.99472
 16.0   3.5  1.96728
 16.0   4.0  1.93576
 16.0   4.5  1.90022
 16.0   5.0  1.86072
 16.0   5.5  1.81734
 16.0   6.0  1.77017
 16.0   6.5  1.71931
 16.0   7.0  1.66487
 16.0   7.5  1.60696
 16.0   8.0  1.54572
 16.0   8.5  1.48130
 16.0   9.0  1.41383
 16.0   9.5  1.34350
 16.0  10.0  1.27047
 16.0  10.5  1.19494
 16.0  11.0  1.11712
 16.0  11.5  1.03721
 16.0  12.0  0.95545
 16.0  12.5  0.87208
 16.0  13.0  0.78735
 16.0  13.5  0.70152
 16.0  14.0  0.61486
 16.0  14.5  0.52765
 16.0  15.0  0.44017
 16.0  15.5  0.35273
 16.0  16.0  0.26560
 16.0  16.5  0.17910
 16.0  17.0  0.09352
 16.0  17.5  0.00915
 16.0  18.0 -0.07373
 16.0  18.5 -0.15481
 16.0  19.0 -0.23385
 16.0  19.5 -0.31056
 16.0  20.0 -0.38471
 16.0  20.5 -0.45608
 16.0  21.0 -0.52443
 16.0  21.5 -0.58960
 16.0  22.0 -0.65141
 16.0  22.5 -0.70971
 16.0  23.0 -0.76439
 16.0  23.5 -0.81535
 16.0  24.0 -0.86252
 16.0  24.5 -0.90587
 16.0  25.0 -0.94536
 16.0  25.5 -0.98102
 16.0  26.0 -1.01286
 16.0  26.5 -1.04095
 16.0  27.0 -1.06535
 16.0  27.5 -1.08616
 16.0  28.0 -1.10349
 16.0  28.5 -1.11746
 16.0  29.0 -1.12822
 16.0  29.5 -1.13590
 16.0  30.0 -1.14068
 16.0  30.5 -1.14271
 16.0  31.0 -1.14216
 16.0  31.5 -1.13921
 16.0  32.0 -1.13403
 16.0  32.5 -1.12679
 16.0  33.0 -1.11767
 16.0  33.5 -1.10682
 16.0  34.0 -1.09443
 16.0  34.5 -1.08063
 16.0  35.0 -1.06560
 16.0  35.5 -1.04946
 16.0  36.0 -1.03237
 16.0  36.5 -1.01444
 16.0  37.0 -0.99581
 16.0  37.5 -0.97659
 16.0  38.0 -0.95689
 16.0  38.5 -0.93679
 16.0  39.0 -0.91641
 16.0  39.5 -0.89581
 16.0  40.0 -0.87509
 16.0  40.5 -0.85430
 16.0  41.0 -0.83351
 16.0  41.5 -0.81277
 16.0  42.0 -0.79215
 16.0  42.5 -0.77167
 16.0  43.0 -0.75139
 16.0  43.5 -0.73134
 16.0  44.0 -0.71155
 16.0  44.5 -0.69204
 16.0  45.0 -0.67284
 16.5 -45.0 -0.67667
 16.5 -44.5 -0.69671
 16.5 -44.0 -0.71711
 16.5 -43.5 -0.73786
 16.5 -43.0 -0.75893
 16.5 -42.5 -0.78029
 16.5 -42.0 -0.80191
 16.5 -41.5 -0.82375
 16.5 -41.0 -0.84576
 16.5 -40.5 -0.86789
 16.5 -40.0 -0.89010
 16.5 -39.5 -0.91230
 16.5 -39.0 -0.93445
 16.5 -38.5 -0.95644
 16.5 -38.0 -0.97821
 16.5 -37.5 -0.99966
 16.5 -37.0 -1.02068
 16.5 -36.5 -1.04115
 16.5 -36.0 -1.06097
 16.5 -35.5 -1.08001
 16.5 -35.0 -1.09811
 16.5 -34.5 -1.11514
 16.5 -34.0 -1.13094
 16.5 -33.5 -1.14535
 16.5 -33.0 -1.15819
 16.5 -32.5 -1.16930
 16.5 -32.0 -1.17848
 16.5 -31.5 -1.18555
 16.5 -31.0 -1.19032
 16.5 -30.5 -1.19260
 16.5 -30.0 -1.19219
 16.5 -29.5 -1.18892
 16.5 -29.0 -1.18259
 16.5 -28.5 -1.17303
 16.5 -28.0 -1.16006
 16.5 -27.5 -1.14354
 16.5 -27.0 -1.12333
 16.5 -26.5 -1.09928
 16.5 -26.0 -1.07130
 16.5 -25.5 -1.03930
 16.5 -25.0 -1.00321
 16.5 -24.5 -0.96300
 16.5 -24.0 -0.91865
 16.5 -23.5 -0.87017
 16.5 -23.0 -0.81762
 16.5 -22.5 -0.76105
 16.5 -22.0 -0.70056
 16.5 -21.5 -0.63629
 16.5 -21.0 -0.56839
 16.5 -20.5 -0.49704
 16.5 -20.0 -0.42244
 16.5 -19.5 -0.34483
 16.5 -19.0 -0.26444
 16.5 -18.5 -0.18155
 16.5 -18.0 -0.09645
 16.5 -17.5 -0.00942
 16.5 -17.0  0.07923
 16.5 -16.5  0.16918
 16.5 -16.0  0.26011
 16.5 -15.5  0.35171
 16.5 -15.0  0.44366
 16.5 -14.5  0.53563
 16.5 -14.0  0.62732
 16.5 -13.5  0.71842
 16.5 -13.0  0.80862
 16.5 -12.5  0.89765
 16.5 -12.0  0.98522
 16.5 -11.5  1.07107
 16.5 -11.0  1.15495
 16.5 -10.5  1.23661
 16.5 -10.0  1.31584
 16.5  -9.5  1.39241
 16.5  -9.0  1.46613
 16.5  -8.5  1.53682
 16.5  -8.0  1.60429
 16.5  -7.5  1.66841
 16.5  -7.0  1.72901
 16.5  -6.5  1.78597
 16.5  -6.0  1.83916
 16.5  -5.5  1.88847
 16.5  -5.0  1.93381
 16.5  -4.5  1.97509
 16.5  -4.0  2.01222
 16.5  -3.5  2.04514
 16.5  -3.0  2.07379
 16.5  -2.5  2.09812
 16.5  -2.0  2.11808
 16.5  -1.5  2.13364
 16.5  -1.0  2.14477
 16.5  -0.5  2.15146
 16.5   0.0  2.15369
 16.5   0.5  2.15146
 16.5   1.0  2.14477
 16.5   1.5  2.13364
 16.5   2.0  2.11808
 16.5   2.5  2.09812
 16.5   3.0  2.07379
 16.5   3.5  2.04514
 16.5   4.0  2.01222
 16.5   4.5  1.97509
 16.5   5.0  1.93381
 16.5   5.5  1.88847
 16.5   6.0  1.83916
 16.5   6.5  1.78597
 16.5   7.0  1.72901
 16.5   7.5  1.66841
 16.5   8.0  1.60429
 16.5   8.5  1.53682
 16.5   9.0  1.46613
 16.5   9.5  1.39241
 16.5  10.0  1.31584
 16.5  10.5  1.23661
 16.5  11.0  1.15495
 16.5  11.5  1.07107
 16.5  12.0  0.98522
 16.5  12.5  0.89765
 16.5  13.0  0.80862
 16.5  13.5  0.71842
 16.5  14.0  0.62732
 16.5  14.5  0.53563
 16.5  15.0  0.44366
 16.5  15.5  0.35171
 16.5  16.0  0.26011
 16.5  16.5  0.16918
 16.5  17.0  0.07923
 16.5  17.5 -0.00942
 16.5  18.0 -0.09645
 16.5  18.5 -0.18155
 16.5  19.0 -0.26444
 16.5  19.5 -0.34483
 16.5  20.0 -0.42244
 16.5  20.5 -0.49704
 16.5  21.0 -0.56839
 16.5  21.5 -0.63629
 16.5  22.0 -0.70056
 16.5  22.5 -0.76105
 16.5  23.0 -0.81762
 16.5  23.5 -0.87017
 16.5  24.0 -0.91865
 16.5  24.5 -0.96300
 16.5  25.0 -1.00321
 16.5  25.5 -1.03930
 16.5  26.0 -1.07130
 16.5  26.5 -1.09928
 16.5  27.0 -1.12333
 16.5  27.5 -1.14354
 16.5  28.0 -1.16006
 16.5  28.5 -1.17303
 16.5  29.0 -1.18259
 16.5  29.5 -1.18892
 16.5  30.0 -1.19219
 16.5  30.5 -1.19260
 16.5  31.0 -1.19032
 16.5  31.5 -1.18555
 16.5  32.0 -1.17848
 16.5  32.5 -1.16930
 16.5  33.0 -1.15819
 16.5  33.5 -1.14535
 16.5  34.0 -1.13094
 16.5  34.5 -1.11514
 16.5  35.0 -1.09811
 16.5  35.5 -1.08001
 16.5  36.0 -1.06097
 16.5  36.5 -1.04115
 16.5  37.0 -1.02068
 16.5  37.5 -0.99966
 16.5  38.0 -0.97821
 16.5  38.5 -0.95644
 16.5  39.0 -0.93445
 16.5  39.5 -0.91230
 16.5  40.0 -0.89010
 16.5  40.5 -0.86789
 16.5  41.0 -0.84576
 16.5  41.5 -0.82375
 16.5  42.0 -0.80191
 16.5  42.5 -0.78029
 16.5  43.0 -0.75893
 16.5  43.5 -0.73786
 16.5  44.0 -0.71711
 16.5  44.5 -0.69671
 16.5  45.0 -0.67667
 17.0 -45.0 -0.68012
 17.0 -44.5 -0.70101
 17.0 -44.0 -0.72233
 17.0 -43.5 -0.74406
 17.0 -43.0 -0.76618
 17.0 -42.5 -0.78865
 17.0 -42.0 -0.81145
 17.0 -41.5 -0.83454
 17.0 -41.0 -0.85788
 17.0 -40.5 -0.88142
 17.0 -40.0 -0.90510
 17.0 -39.5 -0.92886
 17.0 -39.0 -0.95263
 17.0 -38.5 -0.97632
 17.0 -38.0 -0.99986
 17.0 -37.5 -1.02315
 17.0 -37.0 -1.04607
 17.0 -36.5 -1.06852
 17.0 -36.0 -1.09037
 17.0 -35.5 -1.11147
 17.0 -35.0 -1.13170
 17.0 -34.5 -1.15088
 17.0 -34.0 -1.16885
 17.0 -33.5 -1.18544
 17.0 -33.0 -1.20046
 17.0 -32.5 -1.21373
 17.0 -32.0 -1.22504
 17.0 -31.5 -1.23419
 17.0 -31.0 -1.24097
 17.0 -30.5 -1.24517
 17.0 -30.0 -1.24658
 17.0 -29.5 -1.24499
 17.0 -29.0 -1.24020
 17.0 -28.5 -1.23199
 17.0 -28.0 -1.22020
 17.0 -27.5 -1.20463
 17.0 -27.0 -1.18513
 17.0 -26.5 -1.16155
 17.0 -26.0 -1.13376
 17.0 -25.5 -1.10167
 17.0 -25.0 -1.06519
 17.0 -24.5 -1.02427
 17.0 -24.0 -0.97890
 17.0 -23.5 -0.92908
 17.0 -23.0 -0.87486
 17.0 -22.5 -0.81630
 17.0 -22.0 -0.75351
 17.0 -21.5 -0.68662
 17.0 -21.0 -0.61580
 17.0 -20.5 -0.54125
 17.0 -20.0 -0.46319
 17.0 -19.5 -0.38186
 17.0 -19.0 -0.29754
 17.0 -18.5 -0.21052
 17.0 -18.0 -0.12110
 17.0 -17.5 -0.02961
 17.0 -17.0  0.06363
 17.0 -16.5  0.15826
 17.0 -16.0  0.25395
 17.0 -15.5  0.35035
 17.0 -15.0  0.44712
 17.0 -14.5  0.54390
 17.0 -14.0  0.64037
 17.0 -13.5  0.73620
 17.0 -13.0  0.83107
 17.0 -12.5  0.92467
 17.0 -12.0  1.01671
 17.0 -11.5  1.10691
 17.0 -11.0  1.19500
 17.0 -10.5  1.28073
 17.0 -10.0  1.36386
 17.0  -9.5  1.44417
 17.0  -9.0  1.52147
 17.0  -8.5  1.59554
 17.0  -8.0  1.66623
 17.0  -7.5  1.73336
 17.0  -7.0  1.79680
 17.0  -6.5  1.85639
 17.0  -6.0  1.91202
 17.0  -5.5  1.96358
 17.0  -5.0  2.01097
 17.0  -4.5  2.05410
 17.0  -4.0  2.09289
 17.0  -3.5  2.12727
 17.0  -3.0  2.15719
 17.0  -2.5  2.18258
 17.0  -2.0  2.20342
 17.0  -1.5  2.21966
 17.0  -1.0  2.23128
 17.0  -0.5  2.23825
 17.0   0.0  2.24058
 17.0   0.5  2.23825
 17.0   1.0  2.23128
 17.0   1.5  2.21966
 17.0   2.0  2.20342
 17.0   2.5  2.18258
 17.0   3.0  2.15719
 17.0   3.5  2.12727
 17.0   4.0  2.09289
 17.0   4.5  2.05410
 17.0   5.0  2.01097
 17.0   5.5  1.96358
 17.0   6.0  1.91202
 17.0   6.5  1.85639
 17.0   7.0  1.79680
 17.0   7.5  1.73336
 17.0   8.0  1.66623
 17.0   8.5  1.59554
 17.0   9.0  1.52147
 17.0   9.5  1.44417
 17.0  10.0  1.36386
 17.0  10.5  1.28073
 17.0  11.0  1.19500
 17.0  11.5  1.10691
 17.0  12.0  1.01671
 17.0  12.5  0.92467
 17.0  13.0  0.83107
 17.0  13.5  0.73620
 17.0  14.0  0.64037
 17.0  14.5  0.54390
 17.0  15.0  0.44712
 17.0  15.5  0.35035
 17.0  16.0  0.25395
 17.0  16.5  0.15826
 17.0  17.0  0.06363
 17.0  17.5 -0.02961
 17.0  18.0 -0.12110
 17.0  18.5 -0.21052
 17.0  19.0 -0.29754
 17.0  19.5 -0.38186
 17.0  20.0 -0.46319
 17.0  20.5 -0.54125
 17.0  21.0 -0.61580
 17.0  21.5 -0.68662
 17.0  22.0 -0.75351
 17.0  22.5 -0.81630
 17.0  23.0 -0.87486
 17.0  23.5 -0.92908
 17.0  24.0 -0.97890
 17.0  24.5 -1.02427
 17.0  25.0 -1.06519
 17.0  25.5 -1.10167
 17.0  26.0 -1.13376
 17.0  26.5 -1.16155
 17.0  27.0 -1.18513
 17.0  27.5 -1.20463
 17.0  28.0 -1.22020
 17.0  28.5 -1.23199
 17.0  29.0 -1.24020
 17.0  29.5 -1.24499
 17.0  30.0 -1.24658
 17.0  30.5 -1.24517
 17.0  31.0 -1.24097
 17.0  31.5 -1.23419
 17.0  32.0 -1.22504
 17.0  32.5 -1.21373
 17.0  33.0 -1.20046
 17.0  33.5 -1.18544
 17.0  34.0 -1.16885
 17.0  34.5 -1.15088
 17.0  35.0 -1.13170
 17.0  35.5 -1.11147
 17.0  36.0 -1.09037
 17.0  36.5 -1.06852
 17.0  37.0 -1.04607
 17.0  37.5 -1.02315
 17.0  38.0 -0.99986
 17.0  38.5 -0.97632
 17.0  39.0 -0.95263
 17.0  39.5 -0.92886
 17.0  40.0 -0.90510
 17.0  40.5 -0.88142
 17.0  41.0 -0.85788
 17.0  41.5 -0.83454
 17.0  42.0 -0.81145
 17.0  42.5 -0.78865
 17.0  43.0 -0.76618
 17.0  43.5 -0.74406
 17.0  44.0 -0.72233
 17.0  44.5 -0.70101
 17.0  45.0 -0.68012
 17.5 -45.0 -0.68312
 17.5 -44.5 -0.70489
 17.5 -44.0 -0.72714
 17.5 -43.5 -0.74988
 17.5 -43.0 -0.77306
 17.5 -42.5 -0.79668
 17.5 -42.0 -0.82070
 17.5 -41.5 -0.84509
 17.5 -41.0 -0.86980
 17.5 -40.5 -0.89480
 17.5 -40.0 -0.92002
 17.5 -39.5 -0.94540
 17.5 -39.0 -0.97087
 17.5 -38.5 -0.99636
 17.5 -38.0 -1.02177
 17.5 -37.5 -1.04700
 17.5 -37.0 -1.07195
 17.5 -36.5 -1.09649
 17.5 -36.0 -1.12050
 17.5 -35.5 -1.14383
 17.5 -35.0 -1.16632
 17.5 -34.5 -1.18782
 17.5 -34.0 -1.20814
 17.5 -33.5 -1.22709
 17.5 -33.0 -1.24449
 17.5 -32.5 -1.26012
 17.5 -32.0 -1.27376
 17.5 -31.5 -1.28520
 17.5 -31.0 -1.29420
 17.5 -30.5 -1.30054
 17.5 -30.0 -1.30397
 17.5 -29.5 -1.30427
 17.5 -29.0 -1.30121
 17.5 -28.5 -1.29456
 17.5 -28.0 -1.28411
 17.5 -27.5 -1.26966
 17.5 -27.0 -1.25102
 17.5 -26.5 -1.22803
 17.5 -26.0 -1.20054
 17.5 -25.5 -1.16843
 17.5 -25.0 -1.13161
 17.5 -24.5 -1.09001
 17.5 -24.0 -1.04361
 17.5 -23.5 -0.99241
 17.5 -23.0 -0.93644
 17.5 -22.5 -0.87579
 17.5 -22.0 -0.81055
 17.5 -21.5 -0.74088
 17.5 -21.0 -0.66695
 17.5 -20.5 -0.58898
 17.5 -20.0 -0.50720
 17.5 -19.5 -0.42189
 17.5 -19.0 -0.33335
 17.5 -18.5 -0.24188
 17.5 -18.0 -0.14782
 17.5 -17.5 -0.05153
 17.5 -17.0  0.04663
 17.5 -16.5  0.14629
 17.5 -16.0  0.24709
 17.5 -15.5  0.34863
 17.5 -15.0  0.45056
 17.5 -14.5  0.55249
 17.5 -14.0  0.65407
 17.5 -13.5  0.75495
 17.5 -13.0  0.85479
 17.5 -12.5  0.95326
 17.5 -12.0  1.05005
 17.5 -11.5  1.14486
 17.5 -11.0  1.23741
 17.5 -10.5  1.32744
 17.5 -10.0  1.41470
 17.5  -9.5  1.49897
 17.5  -9.0  1.58002
 17.5  -8.5  1.65767
 17.5  -8.0  1.73172
 17.5  -7.5  1.80203
 17.5  -7.0  1.86842
 17.5  -6.5  1.93078
 17.5  -6.0  1.98896
 17.5  -5.5  2.04287
 17.5  -5.0  2.09240
 17.5  -4.5  2.13746
 17.5  -4.0  2.17797
 17.5  -3.5  2.21387
 17.5  -3.0  2.24510
 17.5  -2.5  2.27161
 17.5  -2.0  2.29335
 17.5  -1.5  2.31030
 17.5  -1.0  2.32242
 17.5  -0.5  2.32970
 17.5   0.0  2.33213
 17.5   0.5  2.32970
 17.5   1.0  2.32242
 17.5   1.5  2.31030
 17.5   2.0  2.29335
 17.5   2.5  2.27161
 17.5   3.0  2.24510
 17.5   3.5  2.21387
 17.5   4.0  2.17797
 17.5   4.5  2.13746
 17.5   5.0  2.09240
 17.5   5.5  2.04287
 17.5   6.0  1.98896
 17.5   6.5  1.93078
 17.5   7.0  1.86842
 17.5   7.5  1.80203
 17.5   8.0  1.73172
 17.5   8.5  1.65767
 17.5   9.0  1.58002
 17.5   9.5  1.49897
 17.5  10.0  1.41470
 17.5  10.5  1.32744
 17.5  11.0  1.23741
 17.5  11.5  1.14486
 17.5  12.0  1.05005
 17.5  12.5  0.95326
 17.5  13.0  0.85479
 17.5  13.5  0.75495
 17.5  14.0  0.65407
 17.5  14.5  0.55249
 17.5  15.0  0.45056
 17.5  15.5  0.34863
 17.5  16.0  0.24709
 17.5  16.5  0.14629
 17.5  17.0  0.04663
 17.5  17.5 -0.05153
 17.5  18.0 -0.14782
 17.5  18.5 -0.24188
 17.5  19.0 -0.33335
 17.5  19.5 -0.42189
 17.5  20.0 -0.50720
 17.5  20.5 -0.58898
 17.5  21.0 -0.66695
 17.5  21.5 -0.74088
 17.5  22.0 -0.81055
 17.5  22.5 -0.87579
 17.5  23.0 -0.93644
 17.5  23.5 -0.99241
 17.5  24.0 -1.04361
 17.5  24.5 -1.09001
 17.5  25.0 -1.13161
 17.5  25.5 -1.16843
 17.5  26.0 -1.20054
 17.5  26.5 -1.22803
 17.5  27.0 -1.25102
 17.5  27.5 -1.26966
 17.5  28.0 -1.28411
 17.5  28.5 -1.29456
 17.5  29.0 -1.30121
 17.5  29.5 -1.30427
 17.5  30.0 -1.30397
 17.5  30.5 -1.30054
 17.5  31.0 -1.29420
 17.5  31.5 -1.28520
 17.5  32.0 -1.27376
 17.5  32.5 -1.26012
 17.5  33.0 -1.24449
 17.5  33.5 -1.22709
 17.5  34.0 -1.20814
 17.5  34.5 -1.18782
 17.5  35.0 -1.16632
 17.5  35.5 -1.14383
 17.5  36.0 -1.12050
 17.5  36.5 -1.09649
 17.5  37.0 -1.07195
 17.5  37.5 -1.04700
 17.5  38.0 -1.02177
 17.5  38.5 -0.99636
 17.5  39.0 -0.97087
 17.5  39.5 -0.94540
 17.5  40.0 -0.92002
 17.5  40.5 -0.89480
 17.5  41.0 -0.86980
 17.5  41.5 -0.84509
 17.5  42.0 -0.82070
 17.5  42.5 -0.79668
 17.5  43.0 -0.77306
 17.5  43.5 -0.74988
 17.5  44.0 -0.72714
 17.5  44.5 -0.70489
 17.5  45.0 -0.68312
 18.0 -45.0 -0.68563
 18.0 -44.5 -0.70827
 18.0 -44.0 -0.73148
 18.0 -43.5 -0.75523
 18.0 -43.0 -0.77952
 18.0 -42.5 -0.80431
 18.0 -42.0 -0.82958
 18.0 -41.5 -0.85531
 18.0 -41.0 -0.88145
 18.0 -40.5 -0.90795
 18.0 -40.0 -0.93478
 18.0 -39.5 -0.96185
 18.0 -39.0 -0.98911
 18.0 -38.5 -1.01647
 18.0 -38.0 -1.04385
 18.0 -37.5 -1.07114
 18.0 -37.0 -1.09823
 18.0 -36.5 -1.12500
 18.0 -36.0 -1.15131
 18.0 -35.5 -1.17701
 18.0 -35.0 -1.20194
 18.0 -34.5 -1.22593
 18.0 -34.0 -1.24878
 18.0 -33.5 -1.27031
 18.0 -33.0 -1.29028
 18.0 -32.5 -1.30849
 18.0 -32.0 -1.32469
 18.0 -31.5 -1.33864
 18.0 -31.0 -1.35010
 18.0 -30.5 -1.35880
 18.0 -30.0 -1.36449
 18.0 -29.5 -1.36691
 18.0 -29.0 -1.36581
 18.0 -28.5 -1.36093
 18.0 -28.0 -1.35202
 18.0 -27.5 -1.33888
 18.0 -27.0 -1.32127
 18.0 -26.5 -1.29901
 18.0 -26.0 -1.27194
 18.0 -25.5 -1.23991
 18.0 -25.0 -1.20281
 18.0 -24.5 -1.16056
 18.0 -24.0 -1.11313
 18.0 -23.5 -1.06050
 18.0 -23.0 -1.00272
 18.0 -22.5 -0.93986
 18.0 -22.0 -0.87204
 18.0 -21.5 -0.79940
 18.0 -21.0 -0.72215
 18.0 -20.5 -0.64052
 18.0 -20.0 -0.55476
 18.0 -19.5 -0.46517
 18.0 -19.0 -0.37208
 18.0 -18.5 -0.27583
 18.0 -18.0 -0.17678
 18.0 -17.5 -0.07534
 18.0 -17.0  0.02813
 18.0 -16.5  0.13320
 18.0 -16.0  0.23947
 18.0 -15.5  0.34653
 18.0 -15.0  0.45399
 18.0 -14.5  0.56143
 18.0 -14.0  0.66848
 18.0 -13.5  0.77475
 18.0 -13.0  0.87988
 18.0 -12.5  0.98353
 18.0 -12.0  1.08536
 18.0 -11.5  1.18506
 18.0 -11.0  1.28234
 18.0 -10.5  1.37692
 18.0 -10.0  1.46854
 18.0  -9.5  1.55697
 18.0  -9.0  1.64198
 18.0  -8.5  1.72338
 18.0  -8.0  1.80097
 18.0  -7.5  1.87460
 18.0  -7.0  1.94409
 18.0  -6.5  2.00933
 18.0  -6.0  2.07018
 18.0  -5.5  2.12653
 18.0  -5.0  2.17829
 18.0  -4.5  2.22536
 18.0  -4.0  2.26767
 18.0  -3.5  2.30515
 18.0  -3.0  2.33774
 18.0  -2.5  2.36540
 18.0  -2.0  2.38809
 18.0  -1.5  2.40576
 18.0  -1.0  2.41841
 18.0  -0.5  2.42600
 18.0   0.0  2.42853
 18.0   0.5  2.42600
 18.0   1.0  2.41841
 18.0   1.5  2.40576
 18.0   2.0  2.38809
 18.0   2.5  2.36540
 18.0   3.0  2.33774
 18.0   3.5  2.30515
 18.0   4.0  2.26767
 18.0   4.5  2.22536
 18.0   5.0  2.17829
 18.0   5.5  2.12653
 18.0   6.0  2.07018
 18.0   6.5  2.00933
 18.0   7.0  1.94409
 18.0   7.5  1.87460
 18.0   8.0  1.80097
 18.0   8.5  1.72338
 18.0   9.0  1.64198
 18.0   9.5  1.55697
 18.0  10.0  1.46854
 18.0  10.5  1.37692
 18.0  11.0  1.28234
 18.0  11.5  1.18506
 18.0  12.0  1.08536
 18.0  12.5  0.98353
 18.0  13.0  0.87988
 18.0  13.5  0.77475
 18.0  14.0  0.66848
 18.0  14.5  0.56143
 18.0  15.0  0.45399
 18.0  15.5  0.34653
 18.0  16.0  0.23947
 18.0  16.5  0.13320
 18.0  17.0  0.02813
 18.0  17.5 -0.07534
 18.0  18.0 -0.17678
 18.0  18.5 -0.27583
 18.0  19.0 -0.37208
 18.0  19.5 -0.46517
 18.0  20.0 -0.55476
 18.0  20.5 -0.64052
 18.0  21.0 -0.72215
 18.0  21.5 -0.79940
 18.0  22.0 -0.87204
 18.0  22.5 -0.93986
 18.0  23.0 -1.00272
 18.0  23.5 -1.06050
 18.0  24.0 -1.11313
 18.0  24.5 -1.16056
 18.0  25.0 -1.20281
 18.0  25.5 -1.23991
 18.0  26.0 -1.27194
 18.0  26.5 -1.29901
 18.0  27.0 -1.32127
 18.0  27.5 -1.33888
 18.0  28.0 -1.35202
 18.0  28.5 -1.36093
 18.0  29.0 -1.36581
 18.0  29.5 -1.36691
 18.0  30.0 -1.36449
 18.0  30.5 -1.35880
 18.0  31.0 -1.35010
 18.0  31.5 -1.33864
 18.0  32.0 -1.32469
 18.0  32.5 -1.30849
 18.0  33.0 -1.29028
 18.0  33.5 -1.27031
 18.0  34.0 -1.24878
 18.0  34.5 -1.22593
 18.0  35.0 -1.20194
 18.0  35.5 -1.17701
 18.0  36.0 -1.15131
 18.0  36.5 -1.12500
 18.0  37.0 -1.09823
 18.0  37.5 -1.07114
 18.0  38.0 -1.04385
 18.0  38.5 -1.01647
 18.0  39.0 -0.98911
 18.0  39.5 -0.96185
 18.0  40.0 -0.93478
 18.0  40.5 -0.90795
 18.0  41.0 -0.88145
 18.0  41.5 -0.85531
 18.0  42.0 -0.82958
 18.0  42.5 -0.80431
 18.0  43.0 -0.77952
 18.0  43.5 -0.75523
 18.0  44.0 -0.73148
 18.0  44.5 -0.70827
 18.0  45.0 -0.68563
 18.5 -45.0 -0.68756
 18.5 -44.5 -0.71110
 18.5 -44.0 -0.73527
 18.5 -43.5 -0.76006
 18.5 -43.0 -0.78546
 18.5 -42.5 -0.81145
 18.5 -42.0 -0.83801
 18.5 -41.5 -0.86511
 18.5 -41.0 -0.89272
 18.5 -40.5 -0.92079
 18.5 -40.0 -0.94928
 18.5 -39.5 -0.97811
 18.5 -39.0 -1.00724
 18.5 -38.5 -1.03656
 18.5 -38.0 -1.06601
 18.5 -37.5 -1.09547
 18.5 -37.0 -1.12483
 18.5 -36.5 -1.15396
 18.5 -36.0 -1.18272
 18.5 -35.5 -1.21096
 18.5 -35.0 -1.23850
 18.5 -34.5 -1.26517
 18.5 -34.0 -1.29076
 18.5 -33.5 -1.31506
 18.5 -33.0 -1.33784
 18.5 -32.5 -1.35886
 18.5 -32.0 -1.37786
 18.5 -31.5 -1.39458
 18.5 -31.0 -1.40875
 18.5 -30.5 -1.42008
 18.5 -30.0 -1.42829
 18.5 -29.5 -1.43309
 18.5 -29.0 -1.43419
 18.5 -28.5 -1.43131
 18.5 -28.0 -1.42419
 18.5 -27.5 -1.41255
 18.5 -27.0 -1.39617
 18.5 -26.5 -1.37482
 18.5 -26.0 -1.34830
 18.5 -25.5 -1.31646
 18.5 -25.0 -1.27916
 18.5 -24.5 -1.23630
 18.5 -24.0 -1.18784
 18.5 -23.5 -1.13376
 18.5 -23.0 -1.07409
 18.5 -22.5 -1.00891
 18.5 -22.0 -0.93834
 18.5 -21.5 -0.86255
 18.5 -21.0 -0.78175
 18.5 -20.5 -0.69618
 18.5 -20.0 -0.60614
 18.5 -19.5 -0.51195
 18.5 -19.0 -0.41397
 18.5 -18.5 -0.31257
 18.5 -18.0 -0.20816
 18.5 -17.5 -0.10115
 18.5 -17.0  0.00801
 18.5 -16.5  0.11890
 18.5 -16.0  0.23106
 18.5 -15.5  0.34404
 18.5 -15.0  0.45743
 18.5 -14.5  0.57077
 18.5 -14.0  0.68366
 18.5 -13.5  0.79568
 18.5 -13.0  0.90646
 18.5 -12.5  1.01562
 18.5 -12.0  1.12281
 18.5 -11.5  1.22770
 18.5 -11.0  1.32998
 18.5 -10.5  1.42937
 18.5 -10.0  1.52559
 18.5  -9.5  1.61840
 18.5  -9.0  1.70757
 18.5  -8.5  1.79290
 18.5  -8.0  1.87420
 18.5  -7.5  1.95129
 18.5  -7.0  2.02403
 18.5  -6.5  2.09228
 18.5  -6.0  2.15590
 18.5  -5.5  2.21480
 18.5  -5.0  2.26887
 18.5  -4.5  2.31803
 18.5  -4.0  2.36220
 18.5  -3.5  2.40131
 18.5  -3.0  2.43532
 18.5  -2.5  2.46417
 18.5  -2.0  2.48783
 18.5  -1.5  2.50626
 18.5  -1.0  2.51945
 18.5  -0.5  2.52736
 18.5   0.0  2.53000
 18.5   0.5  2.52736
 18.5   1.0  2.51945
 18.5   1.5  2.50626
 18.5   2.0  2.48783
 18.5   2.5  2.46417
 18.5   3.0  2.43532
 18.5   3.5  2.40131
 18.5   4.0  2.36220
 18.5   4.5  2.31803
 18.5   5.0  2.26887
 18.5   5.5  2.21480
 18.5   6.0  2.15590
 18.5   6.5  2.09228
 18.5   7.0  2.02403
 18.5   7.5  1.95129
 18.5   8.0  1.87420
 18.5   8.5  1.79290
 18.5   9.0  1.70757
 18.5   9.5  1.61840
 18.5  10.0  1.52559
 18.5  10.5  1.42937
 18.5  11.0  1.32998
 18.5  11.5  1.22770
 18.5  12.0  1.12281
 18.5  12.5  1.01562
 18.5  13.0  0.90646
 18.5  13.5  0.79568
 18.5  14.0  0.68366
 18.5  14.5  0.57077
 18.5  15.0  0.45743
 18.5  15.5  0.34404
 18.5  16.0  0.23106
 18.5  16.5  0.11890
 18.5  17.0  0.00801
 18.5  17.5 -0.10115
 18.5  18.0 -0.20816
 18.5  18.5 -0.31257
 18.5  19.0 -0.41397
 18.5  19.5 -0.51195
 18.5  20.0 -0.60614
 18.5  20.5 -0.69618
 18.5  21.0 -0.78175
 18.5  21.5 -0.86255
 18.5  22.0 -0.93834
 18.5  22.5 -1.00891
 18.5  23.0 -1.07409
 18.5  23.5 -1.13376
 18.5  24.0 -1.18784
 18.5  24.5 -1.23630
 18.5  25.0 -1.27916
 18.5  25.5 -1.31646
 18.5  26.0 -1.34830
 18.5  26.5 -1.37482
 18.5  27.0 -1.39617
 18.5  27.5 -1.41255
 18.5  28.0 -1.42419
 18.5  28.5 -1.43131
 18.5  29.0 -1.43419
 18.5  29.5 -1.43309
 18.5  30.0 -1.42829
 18.5  30.5 -1.42008
 18.5  31.0 -1.40875
 18.5  31.5 -1.39458
 18.5  32.0 -1.37786
 18.5  32.5 -1.35886
 18.5  33.0 -1.33784
 18.5  33.5 -1.31506
 18.5  34.0 -1.29076
 18.5  34.5 -1.26517
 18.5  35.0 -1.23850
 18.5  35.5 -1.21096
 18.5  36.0 -1.18272
 18.5  36.5 -1.15396
 18.5  37.0 -1.12483
 18.5  37.5 -1.09547
 18.5  38.0 -1.06601
 18.5  38.5 -1.03656
 18.5  39.0 -1.00724
 18.5  39.5 -0.97811
 18.5  40.0 -0.94928
 18.5  40.5 -0.92079
 18.5  41.0 -0.89272
 18.5  41.5 -0.86511
 18.5  42.0 -0.83801
 18.5  42.5 -0.81145
 18.5  43.0 -0.78546
 18.5  43.5 -0.76006
 18.5  44.0 -0.73527
 18.5  44.5 -0.71110
 18.5  45.0 -0.68756
 19.0 -45.0 -0.68886
 19.0 -44.5 -0.71329
 19.0 -44.0 -0.73843
 19.0 -43.5 -0.76427
 19.0 -43.0 -0.79081
 19.0 -42.5 -0.81802
 19.0 -42.0 -0.84590
 19.0 -41.5 -0.87441
 19.0 -41.0 -0.90353
 19.0 -40.5 -0.93322
 19.0 -40.0 -0.96342
 19.0 -39.5 -0.99409
 19.0 -39.0 -1.02516
 19.0 -38.5 -1.05654
 19.0 -38.0 -1.08815
 19.0 -37.5 -1.11990
 19.0 -37.0 -1.15165
 19.0 -36.5 -1.18328
 19.0 -36.0 -1.21465
 19.0 -35.5 -1.24560
 19.0 -35.0 -1.27594
 19.0 -34.5 -1.30549
 19.0 -34.0 -1.33403
 19.0 -33.5 -1.36134
 19.0 -33.0 -1.38716
 19.0 -32.5 -1.41125
 19.0 -32.0 -1.43332
 19.0 -31.5 -1.45308
 19.0 -31.0 -1.47024
 19.0 -30.5 -1.48448
 19.0 -30.0 -1.49549
 19.0 -29.5 -1.50295
 19.0 -29.0 -1.50654
 19.0 -28.5 -1.50595
 19.0 -28.0 -1.50086
 19.0 -27.5 -1.49098
 19.0 -27.0 -1.47605
 19.0 -26.5 -1.45579
 19.0 -26.0 -1.43000
 19.0 -25.5 -1.39848
 19.0 -25.0 -1.36107
 19.0 -24.5 -1.31766
 19.0 -24.0 -1.26818
 19.0 -23.5 -1.21261
 19.0 -23.0 -1.15097
 19.0 -22.5 -1.08335
 19.0 -22.0 -1.00987
 19.0 -21.5 -0.93071
 19.0 -21.0 -0.84611
 19.0 -20.5 -0.75633
 19.0 -20.0 -0.66169
 19.0 -19.5 -0.56254
 19.0 -19.0 -0.45928
 19.0 -18.5 -0.35233
 19.0 -18.0 -0.24212
 19.0 -17.5 -0.12913
 19.0 -17.0 -0.01382
 19.0 -16.5  0.10332
 19.0 -16.0  0.22181
 19.0 -15.5  0.34117
 19.0 -15.0  0.46091
 19.0 -14.5  0.58057
 19.0 -14.0  0.69970
 19.0 -13.5  0.81787
 19.0 -13.0  0.93466
 19.0 -12.5  1.04968
 19.0 -12.0  1.16256
 19.0 -11.5  1.27295
 19.0 -11.0  1.38052
 19.0 -10.5  1.48498
 19.0 -10.0  1.58604
 19.0  -9.5  1.68346
 19.0  -9.0  1.77700
 19.0  -8.5  1.86645
 19.0  -8.0  1.95162
 19.0  -7.5  2.03235
 19.0  -7.0  2.10846
 19.0  -6.5  2.17984
 19.0  -6.0  2.24635
 19.0  -5.5  2.30789
 19.0  -5.0  2.36436
 19.0  -4.5  2.41568
 19.0  -4.0  2.46178
 19.0  -3.5  2.50258
 19.0  -3.0  2.53805
 19.0  -2.5  2.56814
 19.0  -2.0  2.59280
 19.0  -1.5  2.61201
 19.0  -1.0  2.62575
 19.0  -0.5  2.63400
 19.0   0.0  2.63675
 19.0   0.5  2.63400
 19.0   1.0  2.62575
 19.0   1.5  2.61201
 19.0   2.0  2.59280
 19.0   2.5  2.56814
 19.0   3.0  2.53805
 19.0   3.5  2.50258
 19.0   4.0  2.46178
 19.0   4.5  2.41568
 19.0   5.0  2.36436
 19.0   5.5  2.30789
 19.0   6.0  2.24635
 19.0   6.5  2.17984
 19.0   7.0  2.10846
 19.0   7.5  2.03235
 19.0   8.0  1.95162
 19.0   8.5  1.86645
 19.0   9.0  1.77700
 19.0   9.5  1.68346
 19.0  10.0  1.58604
 19.0  10.5  1.48498
 19.0  11.0  1.38052
 19.0  11.5  1.27295
 19.0  12.0  1.16256
 19.0  12.5  1.04968
 19.0  13.0  0.93466
 19.0  13.5  0.81787
 19.0  14.0  0.69970
 19.0  14.5  0.58057
 19.0  15.0  0.46091
 19.0  15.5  0.34117
 19.0  16.0  0.22181
 19.0  16.5  0.10332
 19.0  17.0 -0.01382
 19.0  17.5 -0.12913
 19.0  18.0 -0.24212
 19.0  18.5 -0.35233
 19.0  19.0 -0.45928
 19.0  19.5 -0.56254
 19.0  20.0 -0.66169
 19.0  20.5 -0.75633
 19.0  21.0 -0.84611
 19.0  21.5 -0.93071
 19.0  22.0 -1.00987
 19.0  22.5 -1.08335
 19.0  23.0 -1.15097
 19.0  23.5 -1.21261
 19.0  24.0 -1.26818
 19.0  24.5 -1.31766
 19.0  25.0 -1.36107
 19.0  25.5 -1.39848
 19.0  26.0 -1.43000
 19.0  26.5 -1.45579
 19.0  27.0 -1.47605
 19.0  27.5 -1.49098
 19.0  28.0 -1.50086
 19.0  28.5 -1.50595
 19.0  29.0 -1.50654
 19.0  29.5 -1.50295
 19.0  30.0 -1.49549
 19.0  30.5 -1.48448
 19.0  31.0 -1.47024
 19.0  31.5 -1.45308
 19.0  32.0 -1.43332
 19.0  32.5 -1.41125
 19.0  33.0 -1.38716
 19.0  33.5 -1.36134
 19.0  34.0 -1.33403
 19.0  34.5 -1.30549
 19.0  35.0 -1.27594
 19.0  35.5 -1.24560
 19.0  36.0 -1.21465
 19.0  36.5 -1.18328
 19.0  37.0 -1.15165
 19.0  37.5 -1.11990
 19.0  38.0 -1.08815
 19.0  38.5 -1.05654
 19.0  39.0 -1.02516
 19.0  39.5 -0.99409
 19.0  40.0 -0.96342
 19.0  40.5 -0.93322
 19.0  41.0 -0.90353
 19.0  41.5 -0.87441
 19.0  42.0 -0.84590
 19.0  42.5 -0.81802
 19.0  43.0 -0.79081
 19.0  43.5 -0.76427
 19.0  44.0 -0.73843
 19.0  44.5 -0.71329
 19.0  45.0 -0.68886
 19.5 -45.0 -0.68945
 19.5 -44.5 -0.71478
 19.5 -44.0 -0.74090
 19.5 -43.5 -0.76780
 19.5 -43.0 -0.79548
 19.5 -42.5 -0.82393
 19.5 -42.0 -0.85315
 19.5 -41.5 -0.88311
 19.5 -41.0 -0.91378
 19.5 -40.5 -0.94512
 19.5 -40.0 -0.97711
 19.5 -39.5 -1.00967
 19.5 -39.0 -1.04276
 19.5 -38.5 -1.07629
 19.5 -38.0 -1.11017
 19.5 -37.5 -1.14431
 19.5 -37.0 -1.17859
 19.5 -36.5 -1.21287
 19.5 -36.0 -1.24701
 19.5 -35.5 -1.28084
 19.5 -35.0 -1.31418
 19.5 -34.5 -1.34682
 19.5 -34.0 -1.37853
 19.5 -33.5 -1.40909
 19.5 -33.0 -1.43822
 19.5 -32.5 -1.46565
 19.5 -32.0 -1.49107
 19.5 -31.5 -1.51418
 19.5 -31.0 -1.53464
 19.5 -30.5 -1.55211
 19.5 -30.0 -1.56625
 19.5 -29.5 -1.57669
 19.5 -29.0 -1.58309
 19.5 -28.5 -1.58508
 19.5 -28.0 -1.58232
 19.5 -27.5 -1.57448
 19.5 -27.0 -1.56124
 19.5 -26.5 -1.54231
 19.5 -26.0 -1.51744
 19.5 -25.5 -1.48639
 19.5 -25.0 -1.44899
 19.5 -24.5 -1.40509
 19.5 -24.0 -1.35462
 19.5 -23.5 -1.29753
 19.5 -23.0 -1.23385
 19.5 -22.5 -1.16365
 19.5 -22.0 -1.08709
 19.5 -21.5 -1.00434
 19.5 -21.0 -0.91565
 19.5 -20.5 -0.82134
 19.5 -20.0 -0.72174
 19.5 -19.5 -0.61724
 19.5 -19.0 -0.50829
 19.5 -18.5 -0.39534
 19.5 -18.0 -0.27888
 19.5 -17.5 -0.15942
 19.5 -17.0 -0.03748
 19.5 -16.5  0.08641
 19.5 -16.0  0.21171
 19.5 -15.5  0.33790
 19.5 -15.0  0.46447
 19.5 -14.5  0.59090
 19.5 -14.0  0.71671
 19.5 -13.5  0.84144
 19.5 -13.0  0.96464
 19.5 -12.5  1.08589
 19.5 -12.0  1.20481
 19.5 -11.5  1.32101
 19.5 -11.0  1.43418
 19.5 -10.5  1.54398
 19.5 -10.0  1.65015
 19.5  -9.5  1.75240
 19.5  -9.0  1.85052
 19.5  -8.5  1.94429
 19.5  -8.0  2.03351
 19.5  -7.5  2.11801
 19.5  -7.0  2.19764
 19.5  -6.5  2.27227
 19.5  -6.0  2.34178
 19.5  -5.5  2.40605
 19.5  -5.0  2.46501
 19.5  -4.5  2.51856
 19.5  -4.0  2.56664
 19.5  -3.5  2.60920
 19.5  -3.0  2.64617
 19.5  -2.5  2.67753
 19.5  -2.0  2.70322
 19.5  -1.5  2.72324
 19.5  -1.0  2.73755
 19.5  -0.5  2.74614
 19.5   0.0  2.74901
 19.5   0.5  2.74614
 19.5   1.0  2.73755
 19.5   1.5  2.72324
 19.5   2.0  2.70322
 19.5   2.5  2.67753
 19.5   3.0  2.64617
 19.5   3.5  2.60920
 19.5   4.0  2.56664
 19.5   4.5  2.51856
 19.5   5.0  2.46501
 19.5   5.5  2.40605
 19.5   6.0  2.34178
 19.5   6.5  2.27227
 19.5   7.0  2.19764
 19.5   7.5  2.11801
 19.5   8.0  2.03351
 19.5   8.5  1.94429
 19.5   9.0  1.85052
 19.5   9.5  1.75240
 19.5  10.0  1.65015
 19.5  10.5  1.54398
 19.5  11.0  1.43418
 19.5  11.5  1.32101
 19.5  12.0  1.20481
 19.5  12.5  1.08589
 19.5  13.0  0.96464
 19.5  13.5  0.84144
 19.5  14.0  0.71671
 19.5  14.5  0.59090
 19.5  15.0  0.46447
 19.5  15.5  0.33790
 19.5  16.0  0.21171
 19.5  16.5  0.08641
 19.5  17.0 -0.03748
 19.5  17.5 -0.15942
 19.5  18.0 -0.27888
 19.5  18.5 -0.39534
 19.5  19.0 -0.50829
 19.5  19.5 -0.61724
 19.5  20.0 -0.72174
 19.5  20.5 -0.82134
 19.5  21.0 -0.91565
 19.5  21.5 -1.00434
 19.5  22.0 -1.08709
 19.5  22.5 -1.16365
 19.5  23.0 -1.23385
 19.5  23.5 -1.29753
 19.5  24.0 -1.35462
 19.5  24.5 -1.40509
 19.5  25.0 -1.44899
 19.5  25.5 -1.48639
 19.5  26.0 -1.51744
 19.5  26.5 -1.54231
 19.5  27.0 -1.56124
 19.5  27.5 -1.57448
 19.5  28.0 -1.58232
 19.5  28.5 -1.58508
 19.5  29.0 -1.58309
 19.5  29.5 -1.57669
 19.5  30.0 -1.56625
 19.5  30.5 -1.55211
 19.5  31.0 -1.53464
 19.5  31.5 -1.51418
 19.5  32.0 -1.49107
 19.5  32.5 -1.46565
 19.5  33.0 -1.43822
 19.5  33.5 -1.40909
 19.5  34.0 -1.37853
 19.5  34.5 -1.34682
 19.5  35.0 -1.31418
 19.5  35.5 -1.28084
 19.5  36.0 -1.24701
 19.5  36.5 -1.21287
 19.5  37.0 -1.17859
 19.5  37.5 -1.14431
 19.5  38.0 -1.11017
 19.5  38.5 -1.07629
 19.5  39.0 -1.04276
 19.5  39.5 -1.00967
 19.5  40.0 -0.97711
 19.5  40.5 -0.94512
 19.5  41.0 -0.91378
 19.5  41.5 -0.88311
 19.5  42.0 -0.85315
 19.5  42.5 -0.82393
 19.5  43.0 -0.79548
 19.5  43.5 -0.76780
 19.5  44.0 -0.74090
 19.5  44.5 -0.71478
 19.5  45.0 -0.68945
 20.0 -45.0 -0.68927
 20.0 -44.5 -0.71548
 20.0 -44.0 -0.74257
 20.0 -43.5 -0.77053
 20.0 -43.0 -0.79937
 20.0 -42.5 -0.82908
 20.0 -42.0 -0.85966
 20.0 -41.5 -0.89108
 20.0 -41.0 -0.92334
 20.0 -40.5 -0.95639
 20.0 -40.0 -0.99021
 20.0 -39.5 -1.02473
 20.0 -39.0 -1.05991
 20.0 -38.5 -1.09567
 20.0 -38.0 -1.13193
 20.0 -37.5 -1.16858
 20.0 -37.0 -1.20552
 20.0 -36.5 -1.24260
 20.0 -36.0 -1.27967
 20.0 -35.5 -1.31657
 20.0 -35.0 -1.35310
 20.0 -34.5 -1.38906
 20.0 -34.0 -1.42420
 20.0 -33.5 -1.45826
 20.0 -33.0 -1.49098
 20.0 -32.5 -1.52205
 20.0 -32.0 -1.55114
 20.0 -31.5 -1.57792
 20.0 -31.0 -1.60202
 20.0 -30.5 -1.62308
 20.0 -30.0 -1.64070
 20.0 -29.5 -1.65448
 20.0 -29.0 -1.66404
 20.0 -28.5 -1.66897
 20.0 -28.0 -1.66887
 20.0 -27.5 -1.66338
 20.0 -27.0 -1.65213
 20.0 -26.5 -1.63479
 20.0 -26.0 -1.61105
 20.0 -25.5 -1.58066
 20.0 -25.0 -1.54341
 20.0 -24.5 -1.49911
 20.0 -24.0 -1.44768
 20.0 -23.5 -1.38905
 20.0 -23.0 -1.32325
 20.0 -22.5 -1.25035
 20.0 -22.0 -1.17049
 20.0 -21.5 -1.08390
 20.0 -21.0 -0.99084
 20.0 -20.5 -0.89164
 20.0 -20.0 -0.78669
 20.0 -19.5 -0.67642
 20.0 -19.0 -0.56130
 20.0 -18.5 -0.44186
 20.0 -18.0 -0.31864
 20.0 -17.5 -0.19219
 20.0 -17.0 -0.06309
 20.0 -16.5  0.06807
 20.0 -16.0  0.20071
 20.0 -15.5  0.33427
 20.0 -15.0  0.46816
 20.0 -14.5  0.60185
 20.0 -14.0  0.73481
 20.0 -13.5  0.86654
 20.0 -13.0  0.99657
 20.0 -12.5  1.12445
 20.0 -12.0  1.24976
 20.0 -11.5  1.37213
 20.0 -11.0  1.49120
 20.0 -10.5  1.60664
 20.0 -10.0  1.71816
 20.0  -9.5  1.82549
 20.0  -9.0  1.92840
 20.0  -8.5  2.02667
 20.0  -8.0  2.12011
 20.0  -7.5  2.20854
 20.0  -7.0  2.29183
 20.0  -6.5  2.36983
 20.0  -6.0  2.44243
 20.0  -5.5  2.50954
 20.0  -5.0  2.57106
 20.0  -4.5  2.62691
 20.0  -4.0  2.67704
 20.0  -3.5  2.72139
 20.0  -3.0  2.75992
 20.0  -2.5  2.79257
 20.0  -2.0  2.81933
 20.0  -1.5  2.84017
 20.0  -1.0  2.85507
 20.0  -0.5  2.86401
 20.0   0.0  2.86699
 20.0   0.5  2.86401
 20.0   1.0  2.85507
 20.0   1.5  2.84017
 20.0   2.0  2.81933
 20.0   2.5  2.79257
 20.0   3.0  2.75992
 20.0   3.5  2.72139
 20.0   4.0  2.67704
 20.0   4.5  2.62691
 20.0   5.0  2.57106
 20.0   5.5  2.50954
 20.0   6.0  2.44243
 20.0   6.5  2.36983
 20.0   7.0  2.29183
 20.0   7.5  2.20854
 20.0   8.0  2.12011
 20.0   8.5  2.02667
 20.0   9.0  1.92840
 20.0   9.5  1.82549
 20.0  10.0  1.71816
 20.0  10.5  1.60664
 20.0  11.0  1.49120
 20.0  11.5  1.37213
 20.0  12.0  1.24976
 20.0  12.5  1.12445
 20.0  13.0  0.99657
 20.0  13.5  0.86654
 20.0  14.0  0.73481
 20.0  14.5  0.60185
 20.0  15.0  0.46816
 20.0  15.5  0.33427
 20.0  16.0  0.20071
 20.0  16.5  0.06807
 20.0  17.0 -0.06309
 20.0  17.5 -0.19219
 20.0  18.0 -0.31864
 20.0  18.5 -0.44186
 20.0  19.0 -0.56130
 20.0  19.5 -0.67642
 20.0  20.0 -0.78669
 20.0  20.5 -0.89164
 20.0  21.0 -0.99084
 20.0  21.5 -1.08390
 20.0  22.0 -1.17049
 20.0  22.5 -1.25035
 20.0  23.0 -1.32325
 20.0  23.5 -1.38905
 20.0  24.0 -1.44768
 20.0  24.5 -1.49911
 20.0  25.0 -1.54341
 20.0  25.5 -1.58066
 20.0  26.0 -1.61105
 20.0  26.5 -1.63479
 20.0  27.0 -1.65213
 20.0  27.5 -1.66338
 20.0  28.0 -1.66887
 20.0  28.5 -1.66897
 20.0  29.0 -1.66404
 20.0  29.5 -1.65448
 20.0  30.0 -1.64070
 20.0  30.5 -1.62308
 20.0  31.0 -1.60202
 20.0  31.5 -1.57792
 20.0  32.0 -1.55114
 20.0  32.5 -1.52205
 20.0  33.0 -1.49098
 20.0  33.5 -1.45826
 20.0  34.0 -1.42420
 20.0  34.5 -1.38906
 20.0  35.0 -1.35310
 20.0  35.5 -1.31657
 20.0  36.0 -1.27967
 20.0  36.5 -1.24260
 20.0  37.0 -1.20552
 20.0  37.5 -1.16858
 20.0  38.0 -1.13193
 20.0  38.5 -1.09567
 20.0  39.0 -1.05991
 20.0  39.5 -1.02473
 20.0  40.0 -0.99021
 20.0  40.5 -0.95639
 20.0  41.0 -0.92334
 20.0  41.5 -0.89108
 20.0  42.0 -0.85966
 20.0  42.5 -0.82908
 20.0  43.0 -0.79937
 20.0  43.5 -0.77053
 20.0  44.0 -0.74257
 20.0  44.5 -0.71548
 20.0  45.0 -0.68927
 20.5 -45.0 -0.68822
 20.5 -44.5 -0.71532
 20.5 -44.0 -0.74337
 20.5 -43.5 -0.77239
 20.5 -43.0 -0.80239
 20.5 -42.5 -0.83336
 20.5 -42.0 -0.86531
 20.5 -41.5 -0.89823
 20.5 -41.0 -0.93210
 20.5 -40.5 -0.96690
 20.5 -40.0 -1.00259
 20.5 -39.5 -1.03914
 20.5 -39.0 -1.07648
 20.5 -38.5 -1.11456
 20.5 -38.0 -1.15329
 20.5 -37.5 -1.19257
 20.5 -37.0 -1.23230
 20.5 -36.5 -1.27232
 20.5 -36.0 -1.31251
 20.5 -35.5 -1.35267
 20.5 -35.0 -1.39261
 20.5 -34.5 -1.43211
 20.5 -34.0 -1.47093
 20.5 -33.5 -1.50878
 20.5 -33.0 -1.54539
 20.5 -32.5 -1.58042
 20.5 -32.0 -1.61352
 20.5 -31.5 -1.64433
 20.5 -31.0 -1.67246
 20.5 -30.5 -1.69748
 20.5 -30.0 -1.71898
 20.5 -29.5 -1.73650
 20.5 -29.0 -1.74962
 20.5 -28.5 -1.75788
 20.5 -28.0 -1.76083
 20.5 -27.5 -1.75804
 20.5 -27.0 -1.74912
 20.5 -26.5 -1.73366
 20.5 -26.0 -1.71133
 20.5 -25.5 -1.68182
 20.5 -25.0 -1.64487
 20.5 -24.5 -1.60029
 20.5 -24.0 -1.54794
 20.5 -23.5 -1.48776
 20.5 -23.0 -1.41975
 20.5 -22.5 -1.34400
 20.5 -22.0 -1.26065
 20.5 -21.5 -1.16995
 20.5 -21.0 -1.07217
 20.5 -20.5 -0.96770
 20.5 -20.0 -0.85696
 20.5 -19.5 -0.74043
 20.5 -19.0 -0.61865
 20.5 -18.5 -0.49218
 20.5 -18.0 -0.36162
 20.5 -17.5 -0.22761
 20.5 -17.0 -0.09077
 20.5 -16.5  0.04825
 20.5 -16.0  0.18882
 20.5 -15.5  0.33029
 20.5 -15.0  0.47206
 20.5 -14.5  0.61353
 20.5 -14.0  0.75414
 20.5 -13.5  0.89335
 20.5 -13.0  1.03065
 20.5 -12.5  1.16557
 20.5 -12.0  1.29767
 20.5 -11.5  1.42655
 20.5 -11.0  1.55185
 20.5 -10.5  1.67321
 20.5 -10.0  1.79036
 20.5  -9.5  1.90301
 20.5  -9.0  2.01093
 20.5  -8.5  2.11389
 20.5  -8.0  2.21171
 20.5  -7.5  2.30423
 20.5  -7.0  2.39130
 20.5  -6.5  2.47279
 20.5  -6.0  2.54859
 20.5  -5.5  2.61861
 20.5  -5.0  2.68277
 20.5  -4.5  2.74099
 20.5  -4.0  2.79323
 20.5  -3.5  2.83942
 20.5  -3.0  2.87952
 20.5  -2.5  2.91352
 20.5  -2.0  2.94136
 20.5  -1.5  2.96304
 20.5  -1.0  2.97854
 20.5  -0.5  2.98784
 20.5   0.0  2.99094
 20.5   0.5  2.98784
 20.5   1.0  2.97854
 20.5   1.5  2.96304
 20.5   2.0  2.94136
 20.5   2.5  2.91352
 20.5   3.0  2.87952
 20.5   3.5  2.83942
 20.5   4.0  2.79323
 20.5   4.5  2.74099
 20.5   5.0  2.68277
 20.5   5.5  2.61861
 20.5   6.0  2.54859
 20.5   6.5  2.47279
 20.5   7.0  2.39130
 20.5   7.5  2.30423
 20.5   8.0  2.21171
 20.5   8.5  2.11389
 20.5   9.0  2.01093
 20.5   9.5  1.90301
 20.5  10.0  1.79036
 20.5  10.5  1.67321
 20.5  11.0  1.55185
 20.5  11.5  1.42655
 20.5  12.0  1.29767
 20.5  12.5  1.16557
 20.5  13.0  1.03065
 20.5  13.5  0.89335
 20.5  14.0  0.75414
 20.5  14.5  0.61353
 20.5  15.0  0.47206
 20.5  15.5  0.33029
 20.5  16.0  0.18882
 20.5  16.5  0.04825
 20.5  17.0 -0.09077
 20.5  17.5 -0.22761
 20.5  18.0 -0.36162
 20.5  18.5 -0.49218
 20.5  19.0 -0.61865
 20.5  19.5 -0.74043
 20.5  20.0 -0.85696
 20.5  20.5 -0.96770
 20.5  21.0 -1.07217
 20.5  21.5 -1.16995
 20.5  22.0 -1.26065
 20.5  22.5 -1.34400
 20.5  23.0 -1.41975
 20.5  23.5 -1.48776
 20.5  24.0 -1.54794
 20.5  24.5 -1.60029
 20.5  25.0 -1.64487
 20.5  25.5 -1.68182
 20.5  26.0 -1.71133
 20.5  26.5 -1.73366
 20.5  27.0 -1.74912
 20.5  27.5 -1.75804
 20.5  28.0 -1.76083
 20.5  28.5 -1.75788
 20.5  29.0 -1.74962
 20.5  29.5 -1.73650
 20.5  30.0 -1.71898
 20.5  30.5 -1.69748
 20.5  31.0 -1.67246
 20.5  31.5 -1.64433
 20.5  32.0 -1.61352
 20.5  32.5 -1.58042
 20.5  33.0 -1.54539
 20.5  33.5 -1.50878
 20.5  34.0 -1.47093
 20.5  34.5 -1.43211
 20.5  35.0 -1.39261
 20.5  35.5 -1.35267
 20.5  36.0 -1.31251
 20.5  36.5 -1.27232
 20.5  37.0 -1.23230
 20.5  37.5 -1.19257
 20.5  38.0 -1.15329
 20.5  38.5 -1.11456
 20.5  39.0 -1.07648
 20.5  39.5 -1.03914
 20.5  40.0 -1.00259
 20.5  40.5 -0.96690
 20.5  41.0 -0.93210
 20.5  41.5 -0.89823
 20.5  42.0 -0.86531
 20.5  42.5 -0.83336
 20.5  43.0 -0.80239
 20.5  43.5 -0.77239
 20.5  44.0 -0.74337
 20.5  44.5 -0.71532
 20.5  45.0 -0.68822
 21.0 -45.0 -0.68623
 21.0 -44.5 -0.71419
 21.0 -44.0 -0.74321
 21.0 -43.5 -0.77328
 21.0 -43.0 -0.80443
 21.0 -42.5 -0.83667
 21.0 -42.0 -0.87000
 21.0 -41.5 -0.90442
 21.0 -41.0 -0.93993
 21.0 -40.5 -0.97650
 21.0 -40.0 -1.01412
 21.0 -39.5 -1.05274
 21.0 -39.0 -1.09232
 21.0 -38.5 -1.13280
 21.0 -38.0 -1.17410
 21.0 -37.5 -1.21612
 21.0 -37.0 -1.25877
 21.0 -36.5 -1.30190
 21.0 -36.0 -1.34536
 21.0 -35.5 -1.38898
 21.0 -35.0 -1.43255
 21.0 -34.5 -1.47584
 21.0 -34.0 -1.51861
 21.0 -33.5 -1.56055
 21.0 -33.0 -1.60137
 21.0 -32.5 -1.64071
 21.0 -32.0 -1.67820
 21.0 -31.5 -1.71343
 21.0 -31.0 -1.74599
 21.0 -30.5 -1.77541
 21.0 -30.0 -1.80122
 21.0 -29.5 -1.82294
 21.0 -29.0 -1.84006
 21.0 -28.5 -1.85209
 21.0 -28.0 -1.85852
 21.0 -27.5 -1.85885
 21.0 -27.0 -1.85263
 21.0 -26.5 -1.83942
 21.0 -26.0 -1.81879
 21.0 -25.5 -1.79041
 21.0 -25.0 -1.75397
 21.0 -24.5 -1.70924
 21.0 -24.0 -1.65605
 21.0 -23.5 -1.59431
 21.0 -23.0 -1.52402
 21.0 -22.5 -1.44526
 21.0 -22.0 -1.35819
 21.0 -21.5 -1.26307
 21.0 -21.0 -1.16022
 21.0 -20.5 -1.05004
 21.0 -20.0 -0.93303
 21.0 -19.5 -0.80971
 21.0 -19.0 -0.68068
 21.0 -18.5 -0.54658
 21.0 -18.0 -0.40807
 21.0 -17.5 -0.26585
 21.0 -17.0 -0.12062
 21.0 -16.5  0.02690
 21.0 -16.0  0.17601
 21.0 -15.5  0.32602
 21.0 -15.0  0.47626
 21.0 -14.5  0.62609
 21.0 -14.0  0.77489
 21.0 -13.5  0.92208
 21.0 -13.0  1.06712
 21.0 -12.5  1.20952
 21.0 -12.0  1.34881
 21.0 -11.5  1.48457
 21.0 -11.0  1.61642
 21.0 -10.5  1.74402
 21.0 -10.0  1.86706
 21.0  -9.5  1.98527
 21.0  -9.0  2.09840
 21.0  -8.5  2.20625
 21.0  -8.0  2.30863
 21.0  -7.5  2.40538
 21.0  -7.0  2.49635
 21.0  -6.5  2.58144
 21.0  -6.0  2.66054
 21.0  -5.5  2.73355
 21.0  -5.0  2.80042
 21.0  -4.5  2.86107
 21.0  -4.0  2.91545
 21.0  -3.5  2.96352
 21.0  -3.0  3.00525
 21.0  -2.5  3.04060
 21.0  -2.0  3.06956
 21.0  -1.5  3.09210
 21.0  -1.0  3.10820
 21.0  -0.5  3.11787
 21.0   0.0  3.12110
 21.0   0.5  3.11787
 21.0   1.0  3.10820
 21.0   1.5  3.09210
 21.0   2.0  3.06956
 21.0   2.5  3.04060
 21.0   3.0  3.00525
 21.0   3.5  2.96352
 21.0   4.0  2.91545
 21.0   4.5  2.86107
 21.0   5.0  2.80042
 21.0   5.5  2.73355
 21.0   6.0  2.66054
 21.0   6.5  2.58144
 21.0   7.0  2.49635
 21.0   7.5  2.40538
 21.0   8.0  2.30863
 21.0   8.5  2.20625
 21.0   9.0  2.09840
 21.0   9.5  1.98527
 21.0  10.0  1.86706
 21.0  10.5  1.74402
 21.0  11.0  1.61642
 21.0  11.5  1.48457
 21.0  12.0  1.34881
 21.0  12.5  1.20952
 21.0  13.0  1.06712
 21.0  13.5  0.92208
 21.0  14.0  0.77489
 21.0  14.5  0.62609
 21.0  15.0  0.47626
 21.0  15.5  0.32602
 21.0  16.0  0.17601
 21.0  16.5  0.02690
 21.0  17.0 -0.12062
 21.0  17.5 -0.26585
 21.0  18.0 -0.40807
 21.0  18.5 -0.54658
 21.0  19.0 -0.68068
 21.0  19.5 -0.80971
 21.0  20.0 -0.93303
 21.0  20.5 -1.05004
 21.0  21.0 -1.16022
 21.0  21.5 -1.26307
 21.0  22.0 -1.35819
 21.0  22.5 -1.44526
 21.0  23.0 -1.52402
 21.0  23.5 -1.59431
 21.0  24.0 -1.65605
 21.0  24.5 -1.70924
 21.0  25.0 -1.75397
 21.0  25.5 -1.79041
 21.0  26.0 -1.81879
 21.0  26.5 -1.83942
 21.0  27.0 -1.85263
 21.0  27.5 -1.85885
 21.0  28.0 -1.85852
 21.0  28.5 -1.85209
 21.0  29.0 -1.84006
 21.0  29.5 -1.82294
 21.0  30.0 -1.80122
 21.0  30.5 -1.77541
 21.0  31.0 -1.74599
 21.0  31.5 -1.71343
 21.0  32.0 -1.67820
 21.0  32.5 -1.64071
 21.0  33.0 -1.60137
 21.0  33.5 -1.56055
 21.0  34.0 -1.51861
 21.0  34.5 -1.47584
 21.0  35.0 -1.43255
 21.0  35.5 -1.38898
 21.0  36.0 -1.34536
 21.0  36.5 -1.30190
 21.0  37.0 -1.25877
 21.0  37.5 -1.21612
 21.0  38.0 -1.17410
 21.0  38.5 -1.13280
 21.0  39.0 -1.09232
 21.0  39.5 -1.05274
 21.0  40.0 -1.01412
 21.0  40.5 -0.97650
 21.0  41.0 -0.93993
 21.0  41.5 -0.90442
 21.0  42.0 -0.87000
 21.0  42.5 -0.83667
 21.0  43.0 -0.80443
 21.0  43.5 -0.77328
 21.0  44.0 -0.74321
 21.0  44.5 -0.71419
 21.0  45.0 -0.68623
 21.5 -45.0 -0.68321
 21.5 -44.5 -0.71203
 21.5 -44.0 -0.74198
 21.5 -43.5 -0.77309
 21.5 -43.0 -0.80539
 21.5 -42.5 -0.83888
 21.5 -42.0 -0.87360
 21.5 -41.5 -0.90953
 21.5 -41.0 -0.94669
 21.5 -40.5 -0.98507
 21.5 -40.0 -1.02464
 21.5 -39.5 -1.06538
 21.5 -39.0 -1.10726
 21.5 -38.5 -1.15021
 21.5 -38.0 -1.19417
 21.5 -37.5 -1.23905
 21.5 -37.0 -1.28475
 21.5 -36.5 -1.33113
 21.5 -36.0 -1.37805
 21.5 -35.5 -1.42533
 21.5 -35.0 -1.47276
 21.5 -34.5 -1.52010
 21.5 -34.0 -1.56710
 21.5 -33.5 -1.61345
 21.5 -33.0 -1.65882
 21.5 -32.5 -1.70284
 21.5 -32.0 -1.74512
 21.5 -31.5 -1.78521
 21.5 -31.0 -1.82265
 21.5 -30.5 -1.85694
 21.5 -30.0 -1.88756
 21.5 -29.5 -1.91397
 21.5 -29.0 -1.93560
 21.5 -28.5 -1.95190
 21.5 -28.0 -1.96230
 21.5 -27.5 -1.96623
 21.5 -27.0 -1.96316
 21.5 -26.5 -1.95258
 21.5 -26.0 -1.93403
 21.5 -25.5 -1.90708
 21.5 -25.0 -1.87139
 21.5 -24.5 -1.82666
 21.5 -24.0 -1.77271
 21.5 -23.5 -1.70942
 21.5 -23.0 -1.63677
 21.5 -22.5 -1.55484
 21.5 -22.0 -1.46380
 21.5 -21.5 -1.36393
 21.5 -21.0 -1.25559
 21.5 -20.5 -1.13924
 21.5 -20.0 -1.01541
 21.5 -19.5 -0.88471
 21.5 -19.0 -0.74780
 21.5 -18.5 -0.60539
 21.5 -18.0 -0.45823
 21.5 -17.5 -0.30710
 21.5 -17.0 -0.15278
 21.5 -16.5  0.00395
 21.5 -16.0  0.16231
 21.5 -15.5  0.32153
 21.5 -15.0  0.48089
 21.5 -14.5  0.63968
 21.5 -14.0  0.79724
 21.5 -13.5  0.95295
 21.5 -13.0  1.10624
 21.5 -12.5  1.25658
 21.5 -12.0  1.40348
 21.5 -11.5  1.54650
 21.5 -11.0  1.68526
 21.5 -10.5  1.81939
 21.5 -10.0  1.94860
 21.5  -9.5  2.07261
 21.5  -9.0  2.19117
 21.5  -8.5  2.30409
 21.5  -8.0  2.41118
 21.5  -7.5  2.51229
 21.5  -7.0  2.60730
 21.5  -6.5  2.69608
 21.5  -6.0  2.77856
 21.5  -5.5  2.85465
 21.5  -5.0  2.92428
 21.5  -4.5  2.98741
 21.5  -4.0  3.04399
 21.5  -3.5  3.09398
 21.5  -3.0  3.13735
 21.5  -2.5  3.17409
 21.5  -2.0  3.20417
 21.5  -1.5  3.22758
 21.5  -1.0  3.24431
 21.5  -0.5  3.25435
 21.5   0.0  3.25770
 21.5   0.5  3.25435
 21.5   1.0  3.24431
 21.5   1.5  3.22758
 21.5   2.0  3.20417
 21.5   2.5  3.17409
 21.5   3.0  3.13735
 21.5   3.5  3.09398
 21.5   4.0  3.04399
 21.5   4.5  2.98741
 21.5   5.0  2.92428
 21.5   5.5  2.85465
 21.5   6.0  2.77856
 21.5   6.5  2.69608
 21.5   7.0  2.60730
 21.5   7.5  2.51229
 21.5   8.0  2.41118
 21.5   8.5  2.30409
 21.5   9.0  2.19117
 21.5   9.5  2.07261
 21.5  10.0  1.94860
 21.5  10.5  1.81939
 21.5  11.0  1.68526
 21.5  11.5  1.54650
 21.5  12.0  1.40348
 21.5  12.5  1.25658
 21.5  13.0  1.10624
 21.5  13.5  0.95295
 21.5  14.0  0.79724
 21.5  14.5  0.63968
 21.5  15.0  0.48089
 21.5  15.5  0.32153
 21.5  16.0  0.16231
 21.5  16.5  0.00395
 21.5  17.0 -0.15278
 21.5  17.5 -0.30710
 21.5  18.0 -0.45823
 21.5  18.5 -0.60539
 21.5  19.0 -0.74780
 21.5  19.5 -0.88471
 21.5  20.0 -1.01541
 21.5  20.5 -1.13924
 21.5  21.0 -1.25559
 21.5  21.5 -1.36393
 21.5  22.0 -1.46380
 21.5  22.5 -1.55484
 21.5  23.0 -1.63677
 21.5  23.5 -1.70942
 21.5  24.0 -1.77271
 21.5  24.5 -1.82666
 21.5  25.0 -1.87139
 21.5  25.5 -1.90708
 21.5  26.0 -1.93403
 21.5  26.5 -1.95258
 21.5  27.0 -1.96316
 21.5  27.5 -1.96623
 21.5  28.0 -1.96230
 21.5  28.5 -1.95190
 21.5  29.0 -1.93560
 21.5  29.5 -1.91397
 21.5  30.0 -1.88756
 21.5  30.5 -1.85694
 21.5  31.0 -1.82265
 21.5  31.5 -1.78521
 21.5  32.0 -1.74512
 21.5  32.5 -1.70284
 21.5  33.0 -1.65882
 21.5  33.5 -1.61345
 21.5  34.0 -1.56710
 21.5  34.5 -1.52010
 21.5  35.0 -1.47276
 21.5  35.5 -1.42533
 21.5  36.0 -1.37805
 21.5  36.5 -1.33113
 21.5  37.0 -1.28475
 21.5  37.5 -1.23905
 21.5  38.0 -1.19417
 21.5  38.5 -1.15021
 21.5  39.0 -1.10726
 21.5  39.5 -1.06538
 21.5  40.0 -1.02464
 21.5  40.5 -0.98507
 21.5  41.0 -0.94669
 21.5  41.5 -0.90953
 21.5  42.0 -0.87360
 21.5  42.5 -0.83888
 21.5  43.0 -0.80539
 21.5  43.5 -0.77309
 21.5  44.0 -0.74198
 21.5  44.5 -0.71203
 21.5  45.0 -0.68321
 22.0 -45.0 -0.67909
 22.0 -44.5 -0.70872
 22.0 -44.0 -0.73958
 22.0 -43.5 -0.77171
 22.0 -43.0 -0.80514
 22.0 -42.5 -0.83988
 22.0 -42.0 -0.87597
 22.0 -41.5 -0.91342
 22.0 -41.0 -0.95224
 22.0 -40.5 -0.99243
 22.0 -40.0 -1.03399
 22.0 -39.5 -1.07689
 22.0 -39.0 -1.12111
 22.0 -38.5 -1.16661
 22.0 -38.0 -1.21332
 22.0 -37.5 -1.26116
 22.0 -37.0 -1.31004
 22.0 -36.5 -1.35983
 22.0 -36.0 -1.41038
 22.0 -35.5 -1.46152
 22.0 -35.0 -1.51304
 22.0 -34.5 -1.56471
 22.0 -34.0 -1.61624
 22.0 -33.5 -1.66732
 22.0 -33.0 -1.71762
 22.0 -32.5 -1.76672
 22.0 -32.0 -1.81422
 22.0 -31.5 -1.85963
 22.0 -31.0 -1.90245
 22.0 -30.5 -1.94213
 22.0 -30.0 -1.97811
 22.0 -29.5 -2.00976
 22.0 -29.0 -2.03648
 22.0 -28.5 -2.05762
 22.0 -28.0 -2.07254
 22.0 -27.5 -2.08061
 22.0 -27.0 -2.08120
 22.0 -26.5 -2.07373
 22.0 -26.0 -2.05766
 22.0 -25.5 -2.03251
 22.0 -25.0 -1.99784
 22.0 -24.5 -1.95333
 22.0 -24.0 -1.89874
 22.0 -23.5 -1.83391
 22.0 -23.0 -1.75882
 22.0 -22.5 -1.67354
 22.0 -22.0 -1.57825
 22.0 -21.5 -1.47327
 22.0 -21.0 -1.35899
 22.0 -20.5 -1.23593
 22.0 -20.0 -1.10468
 22.0 -19.5 -0.96593
 22.0 -19.0 -0.82042
 22.0 -18.5 -0.66896
 22.0 -18.0 -0.51237
 22.0 -17.5 -0.35154
 22.0 -17.0 -0.18733
 22.0 -16.5 -0.02061
 22.0 -16.0  0.14774
 22.0 -15.5  0.31691
 22.0 -15.0  0.48608
 22.0 -14.5  0.65450
 22.0 -14.0  0.82145
 22.0 -13.5  0.98626
 22.0 -13.0  1.14833
 22.0 -12.5  1.30709
 22.0 -12.0  1.46203
 22.0 -11.5  1.61271
 22.0 -11.0  1.75872
 22.0 -10.5  1.89970
 22.0 -10.0  2.03535
 22.0  -9.5  2.16539
 22.0  -9.0  2.28959
 22.0  -8.5  2.40775
 22.0  -8.0  2.51971
 22.0  -7.5  2.62532
 22.0  -7.0  2.72446
 22.0  -6.5  2.81704
 22.0  -6.0  2.90297
 22.0  -5.5  2.98220
 22.0  -5.0  3.05465
 22.0  -4.5  3.12030
 22.0  -4.0  3.17911
 22.0  -3.5  3.23105
 22.0  -3.0  3.27610
 22.0  -2.5  3.31424
 22.0  -2.0  3.34546
 22.0  -1.5  3.36975
 22.0  -1.0  3.38711
 22.0  -0.5  3.39752
 22.0   0.0  3.40099
 22.0   0.5  3.39752
 22.0   1.0  3.38711
 22.0   1.5  3.36975
 22.0   2.0  3.34546
 22.0   2.5  3.31424
 22.0   3.0  3.27610
 22.0   3.5  3.23105
 22.0   4.0  3.17911
 22.0   4.5  3.12030
 22.0   5.0  3.05465
 22.0   5.5  2.98220
 22.0   6.0  2.90297
 22.0   6.5  2.81704
 22.0   7.0  2.72446
 22.0   7.5  2.62532
 22.0   8.0  2.51971
 22.0   8.5  2.40775
 22.0   9.0  2.28959
 22.0   9.5  2.16539
 22.0  10.0  2.03535
 22.0  10.5  1.89970
 22.0  11.0  1.75872
 22.0  11.5  1.61271
 22.0  12.0  1.46203
 22.0  12.5  1.30709
 22.0  13.0  1.14833
 22.0  13.5  0.98626
 22.0  14.0  0.82145
 22.0  14.5  0.65450
 22.0  15.0  0.48608
 22.0  15.5  0.31691
 22.0  16.0  0.14774
 22.0  16.5 -0.02061
 22.0  17.0 -0.18733
 22.0  17.5 -0.35154
 22.0  18.0 -0.51237
 22.0  18.5 -0.66896
 22.0  19.0 -0.82042
 22.0  19.5 -0.96593
 22.0  20.0 -1.10468
 22.0  20.5 -1.23593
 22.0  21.0 -1.35899
 22.0  21.5 -1.47327
 22.0  22.0 -1.57825
 22.0  22.5 -1.67354
 22.0  23.0 -1.75882
 22.0  23.5 -1.83391
 22.0  24.0 -1.89874
 22.0  24.5 -1.95333
 22.0  25.0 -1.99784
 22.0  25.5 -2.03251
 22.0  26.0 -2.05766
 22.0  26.5 -2.07373
 22.0  27.0 -2.08120
 22.0  27.5 -2.08061
 22.0  28.0 -2.07254
 22.0  28.5 -2.05762
 22.0  29.0 -2.03648
 22.0  29.5 -2.00976
 22.0  30.0 -1.97811
 22.0  30.5 -1.94213
 22.0  31.0 -1.90245
 22.0  31.5 -1.85963
 22.0  32.0 -1.81422
 22.0  32.5 -1.76672
 22.0  33.0 -1.71762
 22.0  33.5 -1.66732
 22.0  34.0 -1.61624
 22.0  34.5 -1.56471
 22.0  35.0 -1.51304
 22.0  35.5 -1.46152
 22.0  36.0 -1.41038
 22.0  36.5 -1.35983
 22.0  37.0 -1.31004
 22.0  37.5 -1.26116
 22.0  38.0 -1.21332
 22.0  38.5 -1.16661
 22.0  39.0 -1.12111
 22.0  39.5 -1.07689
 22.0  40.0 -1.03399
 22.0  40.5 -0.99243
 22.0  41.0 -0.95224
 22.0  41.5 -0.91342
 22.0  42.0 -0.87597
 22.0  42.5 -0.83988
 22.0  43.0 -0.80514
 22.0  43.5 -0.77171
 22.0  44.0 -0.73958
 22.0  44.5 -0.70872
 22.0  45.0 -0.67909
 22.5 -45.0 -0.67377
 22.5 -44.5 -0.70418
 22.5 -44.0 -0.73593
 22.5 -43.5 -0.76904
 22.5 -43.0 -0.80356
 22.5 -42.5 -0.83953
 22.5 -42.0 -0.87698
 22.5 -41.5 -0.91593
 22.5 -41.0 -0.95641
 22.5 -40.5 -0.99843
 22.5 -40.0 -1.04198
 22.5 -39.5 -1.08708
 22.5 -39.0 -1.13369
 22.5 -38.5 -1.18179
 22.5 -38.0 -1.23133
 22.5 -37.5 -1.28223
 22.5 -37.0 -1.33441
 22.5 -36.5 -1.38775
 22.5 -36.0 -1.44212
 22.5 -35.5 -1.49733
 22.5 -35.0 -1.55318
 22.5 -34.5 -1.60943
 22.5 -34.0 -1.66581
 22.5 -33.5 -1.72198
 22.5 -33.0 -1.77759
 22.5 -32.5 -1.83221
 22.5 -32.0 -1.88540
 22.5 -31.5 -1.93664
 22.5 -31.0 -1.98538
 22.5 -30.5 -2.03104
 22.5 -30.0 -2.07297
 22.5 -29.5 -2.11050
 22.5 -29.0 -2.14294
 22.5 -28.5 -2.16956
 22.5 -28.0 -2.18965
 22.5 -27.5 -2.20247
 22.5 -27.0 -2.20731
 22.5 -26.5 -2.20350
 22.5 -26.0 -2.19040
 22.5 -25.5 -2.16745
 22.5 -25.0 -2.13415
 22.5 -24.5 -2.09010
 22.5 -24.0 -2.03501
 22.5 -23.5 -1.96868
 22.5 -23.0 -1.89108
 22.5 -22.5 -1.80225
 22.5 -22.0 -1.70242
 22.5 -21.5 -1.59192
 22.5 -21.0 -1.47119
 22.5 -20.5 -1.34081
 22.5 -20.0 -1.20146
 22.5 -19.5 -1.05391
 22.5 -19.0 -0.89900
 22.5 -18.5 -0.73764
 22.5 -18.0 -0.57077
 22.5 -17.5 -0.39936
 22.5 -17.0 -0.22438
 22.5 -16.5 -0.04682
 22.5 -16.0  0.13237
 22.5 -15.5  0.31229
 22.5 -15.0  0.49204
 22.5 -14.5  0.67080
 22.5 -14.0  0.84780
 22.5 -13.5  1.02233
 22.5 -13.0  1.19373
 22.5 -12.5  1.36141
 22.5 -12.0  1.52486
 22.5 -11.5  1.68360
 22.5 -11.0  1.83721
 22.5 -10.5  1.98536
 22.5 -10.0  2.12771
 22.5  -9.5  2.26402
 22.5  -9.0  2.39405
 22.5  -8.5  2.51763
 22.5  -8.0  2.63460
 22.5  -7.5  2.74482
 22.5  -7.0  2.84820
 22.5  -6.5  2.94465
 22.5  -6.0  3.03410
 22.5  -5.5  3.11651
 22.5  -5.0  3.19183
 22.5  -4.5  3.26004
 22.5  -4.0  3.32110
 22.5  -3.5  3.37501
 22.5  -3.0  3.42175
 22.5  -2.5  3.46130
 22.5  -2.0  3.49367
 22.5  -1.5  3.51885
 22.5  -1.0  3.53684
 22.5  -0.5  3.54764
 22.5   0.0  3.55123
 22.5   0.5  3.54764
 22.5   1.0  3.53684
 22.5   1.5  3.51885
 22.5   2.0  3.49367
 22.5   2.5  3.46130
 22.5   3.0  3.42175
 22.5   3.5  3.37501
 22.5   4.0  3.32110
 22.5   4.5  3.26004
 22.5   5.0  3.19183
 22.5   5.5  3.11651
 22.5   6.0  3.03410
 22.5   6.5  2.94465
 22.5   7.0  2.84820
 22.5   7.5  2.74482
 22.5   8.0  2.63460
 22.5   8.5  2.51763
 22.5   9.0  2.39405
 22.5   9.5  2.26402
 22.5  10.0  2.12771
 22.5  10.5  1.98536
 22.5  11.0  1.83721
 22.5  11.5  1.68360
 22.5  12.0  1.52486
 22.5  12.5  1.36141
 22.5  13.0  1.19373
 22.5  13.5  1.02233
 22.5  14.0  0.84780
 22.5  14.5  0.67080
 22.5  15.0  0.49204
 22.5  15.5  0.31229
 22.5  16.0  0.13237
 22.5  16.5 -0.04682
 22.5  17.0 -0.22438
 22.5  17.5 -0.39936
 22.5  18.0 -0.57077
 22.5  18.5 -0.73764
 22.5  19.0 -0.89900
 22.5  19.5 -1.05391
 22.5  20.0 -1.20146
 22.5  20.5 -1.34081
 22.5  21.0 -1.47119
 22.5  21.5 -1.59192
 22.5  22.0 -1.70242
 22.5  22.5 -1.80225
 22.5  23.0 -1.89108
 22.5  23.5 -1.96868
 22.5  24.0 -2.03501
 22.5  24.5 -2.09010
 22.5  25.0 -2.13415
 22.5  25.5 -2.16745
 22.5  26.0 -2.19040
 22.5  26.5 -2.20350
 22.5  27.0 -2.20731
 22.5  27.5 -2.20247
 22.5  28.0 -2.18965
 22.5  28.5 -2.16956
 22.5  29.0 -2.14294
 22.5  29.5 -2.11050
 22.5  30.0 -2.07297
 22.5  30.5 -2.03104
 22.5  31.0 -1.98538
 22.5  31.5 -1.93664
 22.5  32.0 -1.88540
 22.5  32.5 -1.83221
 22.5  33.0 -1.77759
 22.5  33.5 -1.72198
 22.5  34.0 -1.66581
 22.5  34.5 -1.60943
 22.5  35.0 -1.55318
 22.5  35.5 -1.49733
 22.5  36.0 -1.44212
 22.5  36.5 -1.38775
 22.5  37.0 -1.33441
 22.5  37.5 -1.28223
 22.5  38.0 -1.23133
 22.5  38.5 -1.18179
 22.5  39.0 -1.13369
 22.5  39.5 -1.08708
 22.5  40.0 -1.04198
 22.5  40.5 -0.99843
 22.5  41.0 -0.95641
 22.5  41.5 -0.91593
 22.5  42.0 -0.87698
 22.5  42.5 -0.83953
 22.5  43.0 -0.80356
 22.5  43.5 -0.76904
 22.5  44.0 -0.73593
 22.5  44.5 -0.70418
 22.5  45.0 -0.67377
 23.0 -45.0 -0.66716
 23.0 -44.5 -0.69831
 23.0 -44.0 -0.73090
 23.0 -43.5 -0.76496
 23.0 -43.0 -0.80055
 23.0 -42.5 -0.83771
 23.0 -42.0 -0.87649
 23.0 -41.5 -0.91692
 23.0 -41.0 -0.95904
 23.0 -40.5 -1.00288
 23.0 -40.0 -1.04844
 23.0 -39.5 -1.09575
 23.0 -39.0 -1.14479
 23.0 -38.5 -1.19554
 23.0 -38.0 -1.24797
 23.0 -37.5 -1.30202
 23.0 -37.0 -1.35762
 23.0 -36.5 -1.41466
 23.0 -36.0 -1.47300
 23.0 -35.5 -1.53248
 23.0 -35.0 -1.59291
 23.0 -34.5 -1.65404
 23.0 -34.0 -1.71558
 23.0 -33.5 -1.77720
 23.0 -33.0 -1.83853
 23.0 -32.5 -1.89913
 23.0 -32.0 -1.95851
 23.0 -31.5 -2.01613
 23.0 -31.0 -2.07140
 23.0 -30.5 -2.12366
 23.0 -30.0 -2.17222
 23.0 -29.5 -2.21633
 23.0 -29.0 -2.25521
 23.0 -28.5 -2.28805
 23.0 -28.0 -2.31402
 23.0 -27.5 -2.33230
 23.0 -27.0 -2.34208
 23.0 -26.5 -2.34256
 23.0 -26.0 -2.33301
 23.0 -25.5 -2.31276
 23.0 -25.0 -2.28123
 23.0 -24.5 -2.23794
 23.0 -24.0 -2.18253
 23.0 -23.5 -2.11476
 23.0 -23.0 -2.03457
 23.0 -22.5 -1.94201
 23.0 -22.0 -1.83730
 23.0 -21.5 -1.72081
 23.0 -21.0 -1.59305
 23.0 -20.5 -1.45468
 23.0 -20.0 -1.30646
 23.0 -19.5 -1.14926
 23.0 -19.0 -0.98405
 23.0 -18.5 -0.81184
 23.0 -18.0 -0.63370
 23.0 -17.5 -0.45073
 23.0 -17.0 -0.26402
 23.0 -16.5 -0.07466
 23.0 -16.0  0.11630
 23.0 -15.5  0.30784
 23.0 -15.0  0.49900
 23.0 -14.5  0.68888
 23.0 -14.0  0.87664
 23.0 -13.5  1.06153
 23.0 -13.0  1.24285
 23.0 -12.5  1.41999
 23.0 -12.0  1.59241
 23.0 -11.5  1.75961
 23.0 -11.0  1.92119
 23.0 -10.5  2.07680
 23.0 -10.0  2.22613
 23.0  -9.5  2.36892
 23.0  -9.0  2.50498
 23.0  -8.5  2.63413
 23.0  -8.0  2.75622
 23.0  -7.5  2.87116
 23.0  -7.0  2.97886
 23.0  -6.5  3.07925
 23.0  -6.0  3.17228
 23.0  -5.5  3.25792
 23.0  -5.0  3.33613
 23.0  -4.5  3.40692
 23.0  -4.0  3.47026
 23.0  -3.5  3.52614
 23.0  -3.0  3.57458
 23.0  -2.5  3.61555
 23.0  -2.0  3.64908
 23.0  -1.5  3.67515
 23.0  -1.0  3.69377
 23.0  -0.5  3.70495
 23.0   0.0  3.70867
 23.0   0.5  3.70495
 23.0   1.0  3.69377
 23.0   1.5  3.67515
 23.0   2.0  3.64908
 23.0   2.5  3.61555
 23.0   3.0  3.57458
 23.0   3.5  3.52614
 23.0   4.0  3.47026
 23.0   4.5  3.40692
 23.0   5.0  3.33613
 23.0   5.5  3.25792
 23.0   6.0  3.17228
 23.0   6.5  3.07925
 23.0   7.0  2.97886
 23.0   7.5  2.87116
 23.0   8.0  2.75622
 23.0   8.5  2.63413
 23.0   9.0  2.50498
 23.0   9.5  2.36892
 23.0  10.0  2.22613
 23.0  10.5  2.07680
 23.0  11.0  1.92119
 23.0  11.5  1.75961
 23.0  12.0  1.59241
 23.0  12.5  1.41999
 23.0  13.0  1.24285
 23.0  13.5  1.06153
 23.0  14.0  0.87664
 23.0  14.5  0.68888
 23.0  15.0  0.49900
 23.0  15.5  0.30784
 23.0  16.0  0.11630
 23.0  16.5 -0.07466
 23.0  17.0 -0.26402
 23.0  17.5 -0.45073
 23.0  18.0 -0.63370
 23.0  18.5 -0.81184
 23.0  19.0 -0.98405
 23.0  19.5 -1.14926
 23.0  20.0 -1.30646
 23.0  20.5 -1.45468
 23.0  21.0 -1.59305
 23.0  21.5 -1.72081
 23.0  22.0 -1.83730
 23.0  22.5 -1.94201
 23.0  23.0 -2.03457
 23.0  23.5 -2.11476
 23.0  24.0 -2.18253
 23.0  24.5 -2.23794
 23.0  25.0 -2.28123
 23.0  25.5 -2.31276
 23.0  26.0 -2.33301
 23.0  26.5 -2.34256
 23.0  27.0 -2.34208
 23.0  27.5 -2.33230
 23.0  28.0 -2.31402
 23.0  28.5 -2.28805
 23.0  29.0 -2.25521
 23.0  29.5 -2.21633
 23.0  30.0 -2.17222
 23.0  30.5 -2.12366
 23.0  31.0 -2.07140
 23.0  31.5 -2.01613
 23.0  32.0 -1.95851
 23.0  32.5 -1.89913
 23.0  33.0 -1.83853
 23.0  33.5 -1.77720
 23.0  34.0 -1.71558
 23.0  34.5 -1.65404
 23.0  35.0 -1.59291
 23.0  35.5 -1.53248
 23.0  36.0 -1.47300
 23.0  36.5 -1.41466
 23.0  37.0 -1.35762
 23.0  37.5 -1.30202
 23.0  38.0 -1.24797
 23.0  38.5 -1.19554
 23.0  39.0 -1.14479
 23.0  39.5 -1.09575
 23.0  40.0 -1.04844
 23.0  40.5 -1.00288
 23.0  41.0 -0.95904
 23.0  41.5 -0.91692
 23.0  42.0 -0.87649
 23.0  42.5 -0.83771
 23.0  43.0 -0.80055
 23.0  43.5 -0.76496
 23.0  44.0 -0.73090
 23.0  44.5 -0.69831
 23.0  45.0 -0.66716
 23.5 -45.0 -0.65918
 23.5 -44.5 -0.69102
 23.5 -44.0 -0.72439
 23.5 -43.5 -0.75935
 23.5 -43.0 -0.79595
 23.5 -42.5 -0.83427
 23.5 -42.0 -0.87434
 23.5 -41.5 -0.91622
 23.5 -41.0 -0.95996
 23.5 -40.5 -1.00559
 23.5 -40.0 -1.05316
 23.5 -39.5 -1.10268
 23.5 -39.0 -1.15416
 23.5 -38.5 -1.20760
 23.5 -38.0 -1.26298
 23.5 -37.5 -1.32026
 23.5 -37.0 -1.37938
 23.5 -36.5 -1.44024
 23.5 -36.0 -1.50273
 23.5 -35.5 -1.56670
 23.5 -35.0 -1.63194
 23.5 -34.5 -1.69822
 23.5 -34.0 -1.76525
 23.5 -33.5 -1.83271
 23.5 -33.0 -1.90019
 23.5 -32.5 -1.96725
 23.5 -32.0 -2.03337
 23.5 -31.5 -2.09797
 23.5 -31.0 -2.16041
 23.5 -30.5 -2.21998
 23.5 -30.0 -2.27591
 23.5 -29.5 -2.32738
 23.5 -29.0 -2.37351
 23.5 -28.5 -2.41339
 23.5 -28.0 -2.44609
 23.5 -27.5 -2.47065
 23.5 -27.0 -2.48615
 23.5 -26.5 -2.49166
 23.5 -26.0 -2.48633
 23.5 -25.5 -2.46937
 23.5 -25.0 -2.44010
 23.5 -24.5 -2.39792
 23.5 -24.0 -2.34242
 23.5 -23.5 -2.27330
 23.5 -23.0 -2.19045
 23.5 -22.5 -2.09393
 23.5 -22.0 -1.98397
 23.5 -21.5 -1.86098
 23.5 -21.0 -1.72555
 23.5 -20.5 -1.57842
 23.5 -20.0 -1.42045
 23.5 -19.5 -1.25264
 23.5 -19.0 -1.07610
 23.5 -18.5 -0.89197
 23.5 -18.0 -0.70147
 23.5 -17.5 -0.50584
 23.5 -17.0 -0.30631
 23.5 -16.5 -0.10409
 23.5 -16.0  0.09965
 23.5 -15.5  0.30378
 23.5 -15.0  0.50725
 23.5 -14.5  0.70907
 23.5 -14.0  0.90837
 23.5 -13.5  1.10431
 23.5 -13.0  1.29617
 23.5 -12.5  1.48331
 23.5 -12.0  1.66517
 23.5 -11.5  1.84126
 23.5 -11.0  2.01116
 23.5 -10.5  2.17453
 23.5 -10.0  2.33108
 23.5  -9.5  2.48058
 23.5  -9.0  2.62282
 23.5  -8.5  2.75768
 23.5  -8.0  2.88502
 23.5  -7.5  3.00476
 23.5  -7.0  3.11684
 23.5  -6.5  3.22121
 23.5  -6.0  3.31785
 23.5  -5.5  3.40674
 23.5  -5.0  3.48787
 23.5  -4.5  3.56124
 23.5  -4.0  3.62686
 23.5  -3.5  3.68473
 23.5  -3.0  3.73486
 23.5  -2.5  3.77726
 23.5  -2.0  3.81194
 23.5  -1.5  3.83890
 23.5  -1.0  3.85815
 23.5  -0.5  3.86970
 23.5   0.0  3.87355
 23.5   0.5  3.86970
 23.5   1.0  3.85815
 23.5   1.5  3.83890
 23.5   2.0  3.81194
 23.5   2.5  3.77726
 23.5   3.0  3.73486
 23.5   3.5  3.68473
 23.5   4.0  3.62686
 23.5   4.5  3.56124
 23.5   5.0  3.48787
 23.5   5.5  3.40674
 23.5   6.0  3.31785
 23.5   6.5  3.22121
 23.5   7.0  3.11684
 23.5   7.5  3.00476
 23.5   8.0  2.88502
 23.5   8.5  2.75768
 23.5   9.0  2.62282
 23.5   9.5  2.48058
 23.5  10.0  2.33108
 23.5  10.5  2.17453
 23.5  11.0  2.01116
 23.5  11.5  1.84126
 23.5  12.0  1.66517
 23.5  12.5  1.48331
 23.5  13.0  1.29617
 23.5  13.5  1.10431
 23.5  14.0  0.90837
 23.5  14.5  0.70907
 23.5  15.0  0.50725
 23.5  15.5  0.30378
 23.5  16.0  0.09965
 23.5  16.5 -0.10409
 23.5  17.0 -0.30631
 23.5  17.5 -0.50584
 23.5  18.0 -0.70147
 23.5  18.5 -0.89197
 23.5  19.0 -1.07610
 23.5  19.5 -1.25264
 23.5  20.0 -1.42045
 23.5  20.5 -1.57842
 23.5  21.0 -1.72555
 23.5  21.5 -1.86098
 23.5  22.0 -1.98397
 23.5  22.5 -2.09393
 23.5  23.0 -2.19045
 23.5  23.5 -2.27330
 23.5  24.0 -2.34242
 23.5  24.5 -2.39792
 23.5  25.0 -2.44010
 23.5  25.5 -2.46937
 23.5  26.0 -2.48633
 23.5  26.5 -2.49166
 23.5  27.0 -2.48615
 23.5  27.5 -2.47065
 23.5  28.0 -2.44609
 23.5  28.5 -2.41339
 23.5  29.0 -2.37351
 23.5  29.5 -2.32738
 23.5  30.0 -2.27591
 23.5  30.5 -2.21998
 23.5  31.0 -2.16041
 23.5  31.5 -2.09797
 23.5  32.0 -2.03337
 23.5  32.5 -1.96725
 23.5  33.0 -1.90019
 23.5  33.5 -1.83271
 23.5  34.0 -1.76525
 23.5  34.5 -1.69822
 23.5  35.0 -1.63194
 23.5  35.5 -1.56670
 23.5  36.0 -1.50273
 23.5  36.5 -1.44024
 23.5  37.0 -1.37938
 23.5  37.5 -1.32026
 23.5  38.0 -1.26298
 23.5  38.5 -1.20760
 23.5  39.0 -1.15416
 23.5  39.5 -1.10268
 23.5  40.0 -1.05316
 23.5  40.5 -1.00559
 23.5  41.0 -0.95996
 23.5  41.5 -0.91622
 23.5  42.0 -0.87434
 23.5  42.5 -0.83427
 23.5  43.0 -0.79595
 23.5  43.5 -0.75935
 23.5  44.0 -0.72439
 23.5  44.5 -0.69102
 23.5  45.0 -0.65918
 24.0 -45.0 -0.64972
 24.0 -44.5 -0.68219
 24.0 -44.0 -0.71629
 24.0 -43.5 -0.75209
 24.0 -43.0 -0.78966
 24.0 -42.5 -0.82906
 24.0 -42.0 -0.87038
 24.0 -41.5 -0.91366
 24.0 -41.0 -0.95898
 24.0 -40.5 -1.00638
 24.0 -40.0 -1.05592
 24.0 -39.5 -1.10765
 24.0 -39.0 -1.16157
 24.0 -38.5 -1.21772
 24.0 -38.0 -1.27609
 24.0 -37.5 -1.33667
 24.0 -37.0 -1.39939
 24.0 -36.5 -1.46420
 24.0 -36.0 -1.53099
 24.0 -35.5 -1.59962
 24.0 -35.0 -1.66991
 24.0 -34.5 -1.74163
 24.0 -34.0 -1.81450
 24.0 -33.5 -1.88818
 24.0 -33.0 -1.96227
 24.0 -32.5 -2.03631
 24.0 -32.0 -2.10974
 24.0 -31.5 -2.18197
 24.0 -31.0 -2.25229
 24.0 -30.5 -2.31993
 24.0 -30.0 -2.38406
 24.0 -29.5 -2.44376
 24.0 -29.0 -2.49806
 24.0 -28.5 -2.54592
 24.0 -28.0 -2.58629
 24.0 -27.5 -2.61808
 24.0 -27.0 -2.64020
 24.0 -26.5 -2.65161
 24.0 -26.0 -2.65129
 24.0 -25.5 -2.63832
 24.0 -25.0 -2.61188
 24.0 -24.5 -2.57126
 24.0 -24.0 -2.51596
 24.0 -23.5 -2.44560
 24.0 -23.0 -2.36004
 24.0 -22.5 -2.25932
 24.0 -22.0 -2.14370
 24.0 -21.5 -2.01363
 24.0 -21.0 -1.86978
 24.0 -20.5 -1.71300
 24.0 -20.0 -1.54429
 24.0 -19.5 -1.36478
 24.0 -19.0 -1.17573
 24.0 -18.5 -0.97847
 24.0 -18.0 -0.77438
 24.0 -17.5 -0.56485
 24.0 -17.0 -0.35128
 24.0 -16.5 -0.13502
 24.0 -16.0  0.08261
 24.0 -15.5  0.30039
 24.0 -15.0  0.51715
 24.0 -14.5  0.73183
 24.0 -14.0  0.94346
 24.0 -13.5  1.15118
 24.0 -13.0  1.35423
 24.0 -12.5  1.55193
 24.0 -12.0  1.74371
 24.0 -11.5  1.92910
 24.0 -11.0  2.10767
 24.0 -10.5  2.27909
 24.0 -10.0  2.44310
 24.0  -9.5  2.59948
 24.0  -9.0  2.74807
 24.0  -8.5  2.88874
 24.0  -8.0  3.02141
 24.0  -7.5  3.14601
 24.0  -7.0  3.26252
 24.0  -6.5  3.37091
 24.0  -6.0  3.47117
 24.0  -5.5  3.56332
 24.0  -5.0  3.64737
 24.0  -4.5  3.72332
 24.0  -4.0  3.79121
 24.0  -3.5  3.85106
 24.0  -3.0  3.90288
 24.0  -2.5  3.94669
 24.0  -2.0  3.98251
 24.0  -1.5  4.01035
 24.0  -1.0  4.03024
 24.0  -0.5  4.04216
 24.0   0.0  4.04614
 24.0   0.5  4.04216
 24.0   1.0  4.03024
 24.0   1.5  4.01035
 24.0   2.0  3.98251
 24.0   2.5  3.94669
 24.0   3.0  3.90288
 24.0   3.5  3.85106
 24.0   4.0  3.79121
 24.0   4.5  3.72332
 24.0   5.0  3.64737
 24.0   5.5  3.56332
 24.0   6.0  3.47117
 24.0   6.5  3.37091
 24.0   7.0  3.26252
 24.0   7.5  3.14601
 24.0   8.0  3.02141
 24.0   8.5  2.88874
 24.0   9.0  2.74807
 24.0   9.5  2.59948
 24.0  10.0  2.44310
 24.0  10.5  2.27909
 24.0  11.0  2.10767
 24.0  11.5  1.92910
 24.0  12.0  1.74371
 24.0  12.5  1.55193
 24.0  13.0  1.35423
 24.0  13.5  1.15118
 24.0  14.0  0.94346
 24.0  14.5  0.73183
 24.0  15.0  0.51715
 24.0  15.5  0.30039
 24.0  16.0  0.08261
 24.0  16.5 -0.13502
 24.0  17.0 -0.35128
 24.0  17.5 -0.56485
 24.0  18.0 -0.77438
 24.0  18.5 -0.97847
 24.0  19.0 -1.17573
 24.0  19.5 -1.36478
 24.0  20.0 -1.54429
 24.0  20.5 -1.71300
 24.0  21.0 -1.86978
 24.0  21.5 -2.01363
 24.0  22.0 -2.14370
 24.0  22.5 -2.25932
 24.0  23.0 -2.36004
 24.0  23.5 -2.44560
 24.0  24.0 -2.51596
 24.0  24.5 -2.57126
 24.0  25.0 -2.61188
 24.0  25.5 -2.63832
 24.0  26.0 -2.65129
 24.0  26.5 -2.65161
 24.0  27.0 -2.64020
 24.0  27.5 -2.61808
 24.0  28.0 -2.58629
 24.0  28.5 -2.54592
 24.0  29.0 -2.49806
 24.0  29.5 -2.44376
 24.0  30.0 -2.38406
 24.0  30.5 -2.31993
 24.0  31.0 -2.25229
 24.0  31.5 -2.18197
 24.0  32.0 -2.10974
 24.0  32.5 -2.03631
 24.0  33.0 -1.96227
 24.0  33.5 -1.88818
 24.0  34.0 -1.81450
 24.0  34.5 -1.74163
 24.0  35.0 -1.66991
 24.0  35.5 -1.59962
 24.0  36.0 -1.53099
 24.0  36.5 -1.46420
 24.0  37.0 -1.39939
 24.0  37.5 -1.33667
 24.0  38.0 -1.27609
 24.0  38.5 -1.21772
 24.0  39.0 -1.16157
 24.0  39.5 -1.10765
 24.0  40.0 -1.05592
 24.0  40.5 -1.00638
 24.0  41.0 -0.95898
 24.0  41.5 -0.91366
 24.0  42.0 -0.87038
 24.0  42.5 -0.82906
 24.0  43.0 -0.78966
 24.0  43.5 -0.75209
 24.0  44.0 -0.71629
 24.0  44.5 -0.68219
 24.0  45.0 -0.64972
 24.5 -45.0 -0.63871
 24.5 -44.5 -0.67174
 24.5 -44.0 -0.70650
 24.5 -43.5 -0.74306
 24.5 -43.0 -0.78152
 24.5 -42.5 -0.82195
 24.5 -42.0 -0.86444
 24.5 -41.5 -0.90907
 24.5 -41.0 -0.95590
 24.5 -40.5 -1.00503
 24.5 -40.0 -1.05651
 24.5 -39.5 -1.11040
 24.5 -39.0 -1.16676
 24.5 -38.5 -1.22562
 24.5 -38.0 -1.28700
 24.5 -37.5 -1.35091
 24.5 -37.0 -1.41731
 24.5 -36.5 -1.48617
 24.5 -36.0 -1.55740
 24.5 -35.5 -1.63088
 24.5 -35.0 -1.70645
 24.5 -34.5 -1.78388
 24.5 -34.0 -1.86292
 24.5 -33.5 -1.94323
 24.5 -33.0 -2.02440
 24.5 -32.5 -2.10595
 24.5 -32.0 -2.18732
 24.5 -31.5 -2.26785
 24.5 -31.0 -2.34682
 24.5 -30.5 -2.42339
 24.5 -30.0 -2.49663
 24.5 -29.5 -2.56554
 24.5 -29.0 -2.62903
 24.5 -28.5 -2.68594
 24.5 -28.0 -2.73507
 24.5 -27.5 -2.77517
 24.5 -27.0 -2.80499
 24.5 -26.5 -2.82330
 24.5 -26.0 -2.82893
 24.5 -25.5 -2.82077
 24.5 -25.0 -2.79785
 24.5 -24.5 -2.75933
 24.5 -24.0 -2.70458
 24.5 -23.5 -2.63315
 24.5 -23.0 -2.54483
 24.5 -22.5 -2.43965
 24.5 -22.0 -2.31790
 24.5 -21.5 -2.18009
 24.5 -21.0 -2.02698
 24.5 -20.5 -1.85954
 24.5 -20.0 -1.67894
 24.5 -19.5 -1.48647
 24.5 -19.0 -1.28359
 24.5 -18.5 -1.07182
 24.5 -18.0 -0.85272
 24.5 -17.5 -0.62790
 24.5 -17.0 -0.39892
 24.5 -16.5 -0.16732
 24.5 -16.0  0.06546
 24.5 -15.5  0.29803
 24.5 -15.0  0.52915
 24.5 -14.5  0.75764
 24.5 -14.0  0.98248
 24.5 -13.5  1.20274
 24.5 -13.0  1.41764
 24.5 -12.5  1.62648
 24.5 -12.0  1.82868
 24.5 -11.5  2.02376
 24.5 -11.0  2.21133
 24.5 -10.5  2.39108
 24.5 -10.0  2.56276
 24.5  -9.5  2.72619
 24.5  -9.0  2.88124
 24.5  -8.5  3.02781
 24.5  -8.0  3.16587
 24.5  -7.5  3.29537
 24.5  -7.0  3.41632
 24.5  -6.5  3.52873
 24.5  -6.0  3.63261
 24.5  -5.5  3.72801
 24.5  -5.0  3.81495
 24.5  -4.5  3.89347
 24.5  -4.0  3.96361
 24.5  -3.5  4.02541
 24.5  -3.0  4.07890
 24.5  -2.5  4.12411
 24.5  -2.0  4.16106
 24.5  -1.5  4.18977
 24.5  -1.0  4.21027
 24.5  -0.5  4.22257
 24.5   0.0  4.22667
 24.5   0.5  4.22257
 24.5   1.0  4.21027
 24.5   1.5  4.18977
 24.5   2.0  4.16106
 24.5   2.5  4.12411
 24.5   3.0  4.07890
 24.5   3.5  4.02541
 24.5   4.0  3.96361
 24.5   4.5  3.89347
 24.5   5.0  3.81495
 24.5   5.5  3.72801
 24.5   6.0  3.63261
 24.5   6.5  3.52873
 24.5   7.0  3.41632
 24.5   7.5  3.29537
 24.5   8.0  3.16587
 24.5   8.5  3.02781
 24.5   9.0  2.88124
 24.5   9.5  2.72619
 24.5  10.0  2.56276
 24.5  10.5  2.39108
 24.5  11.0  2.21133
 24.5  11.5  2.02376
 24.5  12.0  1.82868
 24.5  12.5  1.62648
 24.5  13.0  1.41764
 24.5  13.5  1.20274
 24.5  14.0  0.98248
 24.5  14.5  0.75764
 24.5  15.0  0.52915
 24.5  15.5  0.29803
 24.5  16.0  0.06546
 24.5  16.5 -0.16732
 24.5  17.0 -0.39892
 24.5  17.5 -0.62790
 24.5  18.0 -0.85272
 24.5  18.5 -1.07182
 24.5  19.0 -1.28359
 24.5  19.5 -1.48647
 24.5  20.0 -1.67894
 24.5  20.5 -1.85954
 24.5  21.0 -2.02698
 24.5  21.5 -2.18009
 24.5  22.0 -2.31790
 24.5  22.5 -2.43965
 24.5  23.0 -2.54483
 24.5  23.5 -2.63315
 24.5  24.0 -2.70458
 24.5  24.5 -2.75933
 24.5  25.0 -2.79785
 24.5  25.5 -2.82077
 24.5  26.0 -2.82893
 24.5  26.5 -2.82330
 24.5  27.0 -2.80499
 24.5  27.5 -2.77517
 24.5  28.0 -2.73507
 24.5  28.5 -2.68594
 24.5  29.0 -2.62903
 24.5  29.5 -2.56554
 24.5  30.0 -2.49663
 24.5  30.5 -2.42339
 24.5  31.0 -2.34682
 24.5  31.5 -2.26785
 24.5  32.0 -2.18732
 24.5  32.5 -2.10595
 24.5  33.0 -2.02440
 24.5  33.5 -1.94323
 24.5  34.0 -1.86292
 24.5  34.5 -1.78388
 24.5  35.0 -1.70645
 24.5  35.5 -1.63088
 24.5  36.0 -1.55740
 24.5  36.5 -1.48617
 24.5  37.0 -1.41731
 24.5  37.5 -1.35091
 24.5  38.0 -1.28700
 24.5  38.5 -1.22562
 24.5  39.0 -1.16676
 24.5  39.5 -1.11040
 24.5  40.0 -1.05651
 24.5  40.5 -1.00503
 24.5  41.0 -0.95590
 24.5  41.5 -0.90907
 24.5  42.0 -0.86444
 24.5  42.5 -0.82195
 24.5  43.0 -0.78152
 24.5  43.5 -0.74306
 24.5  44.0 -0.70650
 24.5  44.5 -0.67174
 24.5  45.0 -0.63871
 25.0 -45.0 -0.62605
 25.0 -44.5 -0.65956
 25.0 -44.0 -0.69489
 25.0 -43.5 -0.73214
 25.0 -43.0 -0.77141
 25.0 -42.5 -0.81279
 25.0 -42.0 -0.85637
 25.0 -41.5 -0.90226
 25.0 -41.0 -0.95054
 25.0 -40.5 -1.00132
 25.0 -40.0 -1.05468
 25.0 -39.5 -1.11069
 25.0 -39.0 -1.16945
 25.0 -38.5 -1.23099
 25.0 -38.0 -1.29538
 25.0 -37.5 -1.36264
 25.0 -37.0 -1.43278
 25.0 -36.5 -1.50577
 25.0 -36.0 -1.58155
 25.0 -35.5 -1.66005
 25.0 -35.0 -1.74110
 25.0 -34.5 -1.82453
 25.0 -34.0 -1.91007
 25.0 -33.5 -1.99740
 25.0 -33.0 -2.08613
 25.0 -32.5 -2.17575
 25.0 -32.0 -2.26570
 25.0 -31.5 -2.35529
 25.0 -31.0 -2.44374
 25.0 -30.5 -2.53015
 25.0 -30.0 -2.61352
 25.0 -29.5 -2.69273
 25.0 -29.0 -2.76657
 25.0 -28.5 -2.83375
 25.0 -28.0 -2.89288
 25.0 -27.5 -2.94254
 25.0 -27.0 -2.98129
 25.0 -26.5 -3.00770
 25.0 -26.0 -3.02037
 25.0 -25.5 -3.01800
 25.0 -25.0 -2.99944
 25.0 -24.5 -2.96367
 25.0 -24.0 -2.90991
 25.0 -23.5 -2.83761
 25.0 -23.0 -2.74651
 25.0 -22.5 -2.63660
 25.0 -22.0 -2.50819
 25.0 -21.5 -2.36188
 25.0 -21.0 -2.19854
 25.0 -20.5 -2.01928
 25.0 -20.0 -1.82546
 25.0 -19.5 -1.61859
 25.0 -19.0 -1.40035
 25.0 -18.5 -1.17248
 25.0 -18.0 -0.93679
 25.0 -17.5 -0.69510
 25.0 -17.0 -0.44919
 25.0 -16.5 -0.20077
 25.0 -16.0  0.04852
 25.0 -15.5  0.29716
 25.0 -15.0  0.54378
 25.0 -14.5  0.78713
 25.0 -14.0  1.02609
 25.0 -13.5  1.25970
 25.0 -13.0  1.48713
 25.0 -12.5  1.70768
 25.0 -12.0  1.92077
 25.0 -11.5  2.12595
 25.0 -11.0  2.32283
 25.0 -10.5  2.51114
 25.0 -10.0  2.69067
 25.0  -9.5  2.86128
 25.0  -9.0  3.02288
 25.0  -8.5  3.17542
 25.0  -8.0  3.31888
 25.0  -7.5  3.45329
 25.0  -7.0  3.57867
 25.0  -6.5  3.69507
 25.0  -6.0  3.80255
 25.0  -5.5  3.90115
 25.0  -5.0  3.99095
 25.0  -4.5  4.07200
 25.0  -4.0  4.14436
 25.0  -3.5  4.20808
 25.0  -3.0  4.26320
 25.0  -2.5  4.30978
 25.0  -2.0  4.34784
 25.0  -1.5  4.37741
 25.0  -1.0  4.39852
 25.0  -0.5  4.41117
 25.0   0.0  4.41539
 25.0   0.5  4.41117
 25.0   1.0  4.39852
 25.0   1.5  4.37741
 25.0   2.0  4.34784
 25.0   2.5  4.30978
 25.0   3.0  4.26320
 25.0   3.5  4.20808
 25.0   4.0  4.14436
 25.0   4.5  4.07200
 25.0   5.0  3.99095
 25.0   5.5  3.90115
 25.0   6.0  3.80255
 25.0   6.5  3.69507
 25.0   7.0  3.57867
 25.0   7.5  3.45329
 25.0   8.0  3.31888
 25.0   8.5  3.17542
 25.0   9.0  3.02288
 25.0   9.5  2.86128
 25.0  10.0  2.69067
 25.0  10.5  2.51114
 25.0  11.0  2.32283
 25.0  11.5  2.12595
 25.0  12.0  1.92077
 25.0  12.5  1.70768
 25.0  13.0  1.48713
 25.0  13.5  1.25970
 25.0  14.0  1.02609
 25.0  14.5  0.78713
 25.0  15.0  0.54378
 25.0  15.5  0.29716
 25.0  16.0  0.04852
 25.0  16.5 -0.20077
 25.0  17.0 -0.44919
 25.0  17.5 -0.69510
 25.0  18.0 -0.93679
 25.0  18.5 -1.17248
 25.0  19.0 -1.40035
 25.0  19.5 -1.61859
 25.0  20.0 -1.82546
 25.0  20.5 -2.01928
 25.0  21.0 -2.19854
 25.0  21.5 -2.36188
 25.0  22.0 -2.50819
 25.0  22.5 -2.63660
 25.0  23.0 -2.74651
 25.0  23.5 -2.83761
 25.0  24.0 -2.90991
 25.0  24.5 -2.96367
 25.0  25.0 -2.99944
 25.0  25.5 -3.01800
 25.0  26.0 -3.02037
 25.0  26.5 -3.00770
 25.0  27.0 -2.98129
 25.0  27.5 -2.94254
 25.0  28.0 -2.89288
 25.0  28.5 -2.83375
 25.0  29.0 -2.76657
 25.0  29.5 -2.69273
 25.0  30.0 -2.61352
 25.0  30.5 -2.53015
 25.0  31.0 -2.44374
 25.0  31.5 -2.35529
 25.0  32.0 -2.26570
 25.0  32.5 -2.17575
 25.0  33.0 -2.08613
 25.0  33.5 -1.99740
 25.0  34.0 -1.91007
 25.0  34.5 -1.82453
 25.0  35.0 -1.74110
 25.0  35.5 -1.66005
 25.0  36.0 -1.58155
 25.0  36.5 -1.50577
 25.0  37.0 -1.43278
 25.0  37.5 -1.36264
 25.0  38.0 -1.29538
 25.0  38.5 -1.23099
 25.0  39.0 -1.16945
 25.0  39.5 -1.11069
 25.0  40.0 -1.05468
 25.0  40.5 -1.00132
 25.0  41.0 -0.95054
 25.0  41.5 -0.90226
 25.0  42.0 -0.85637
 25.0  42.5 -0.81279
 25.0  43.0 -0.77141
 25.0  43.5 -0.73214
 25.0  44.0 -0.69489
 25.0  44.5 -0.65956
 25.0  45.0 -0.62605
 25.5 -45.0 -0.61166
 25.5 -44.5 -0.64555
 25.5 -44.0 -0.68137
 25.5 -43.5 -0.71921
 25.5 -43.0 -0.75919
 25.5 -42.5 -0.80141
 25.5 -42.0 -0.84600
 25.5 -41.5 -0.89305
 25.5 -41.0 -0.94269
 25.5 -40.5 -0.99503
 25.5 -40.0 -1.05018
 25.5 -39.5 -1.10825
 25.5 -39.0 -1.16933
 25.5 -38.5 -1.23352
 25.5 -38.0 -1.30089
 25.5 -37.5 -1.37150
 25.5 -37.0 -1.44538
 25.5 -36.5 -1.52255
 25.5 -36.0 -1.60299
 25.5 -35.5 -1.68664
 25.5 -35.0 -1.77338
 25.5 -34.5 -1.86304
 25.5 -34.0 -1.95541
 25.5 -33.5 -2.05017
 25.5 -33.0 -2.14694
 25.5 -32.5 -2.24522
 25.5 -32.0 -2.34443
 25.5 -31.5 -2.44386
 25.5 -31.0 -2.54268
 25.5 -30.5 -2.63994
 25.5 -30.0 -2.73455
 25.5 -29.5 -2.82527
 25.5 -29.0 -2.91077
 25.5 -28.5 -2.98958
 25.5 -28.0 -3.06015
 25.5 -27.5 -3.12083
 25.5 -27.0 -3.16995
 25.5 -26.5 -3.20584
 25.5 -26.0 -3.22686
 25.5 -25.5 -3.23147
 25.5 -25.0 -3.21827
 25.5 -24.5 -3.18604
 25.5 -24.0 -3.13382
 25.5 -23.5 -3.06095
 25.5 -23.0 -2.96704
 25.5 -22.5 -2.85209
 25.5 -22.0 -2.71644
 25.5 -21.5 -2.56075
 25.5 -21.0 -2.38604
 25.5 -20.5 -2.19362
 25.5 -20.0 -1.98505
 25.5 -19.5 -1.76211
 25.5 -19.0 -1.52674
 25.5 -18.5 -1.28096
 25.5 -18.0 -1.02685
 25.5 -17.5 -0.76650
 25.5 -17.0 -0.50193
 25.5 -16.5 -0.23508
 25.5 -16.0  0.03224
 25.5 -15.5  0.29834
 25.5 -15.0  0.56172
 25.5 -14.5  0.82102
 25.5 -14.0  1.07507
 25.5 -13.5  1.32285
 25.5 -13.0  1.56351
 25.5 -12.5  1.79635
 25.5 -12.0  2.02081
 25.5 -11.5  2.23644
 25.5 -11.0  2.44291
 25.5 -10.5  2.63999
 25.5 -10.0  2.82752
 25.5  -9.5  3.00539
 25.5  -9.0  3.17359
 25.5  -8.5  3.33210
 25.5  -8.0  3.48096
 25.5  -7.5  3.62024
 25.5  -7.0  3.75000
 25.5  -6.5  3.87034
 25.5  -6.0  3.98134
 25.5  -5.5  4.08310
 25.5  -5.0  4.17570
 25.5  -4.5  4.25922
 25.5  -4.0  4.33374
 25.5  -3.5  4.39933
 25.5  -3.0  4.45606
 25.5  -2.5  4.50397
 25.5  -2.0  4.54310
 25.5  -1.5  4.57351
 25.5  -1.0  4.59521
 25.5  -0.5  4.60822
 25.5   0.0  4.61255
 25.5   0.5  4.60822
 25.5   1.0  4.59521
 25.5   1.5  4.57351
 25.5   2.0  4.54310
 25.5   2.5  4.50397
 25.5   3.0  4.45606
 25.5   3.5  4.39933
 25.5   4.0  4.33374
 25.5   4.5  4.25922
 25.5   5.0  4.17570
 25.5   5.5  4.08310
 25.5   6.0  3.98134
 25.5   6.5  3.87034
 25.5   7.0  3.75000
 25.5   7.5  3.62024
 25.5   8.0  3.48096
 25.5   8.5  3.33210
 25.5   9.0  3.17359
 25.5   9.5  3.00539
 25.5  10.0  2.82752
 25.5  10.5  2.63999
 25.5  11.0  2.44291
 25.5  11.5  2.23644
 25.5  12.0  2.02081
 25.5  12.5  1.79635
 25.5  13.0  1.56351
 25.5  13.5  1.32285
 25.5  14.0  1.07507
 25.5  14.5  0.82102
 25.5  15.0  0.56172
 25.5  15.5  0.29834
 25.5  16.0  0.03224
 25.5  16.5 -0.23508
 25.5  17.0 -0.50193
 25.5  17.5 -0.76650
 25.5  18.0 -1.02685
 25.5  18.5 -1.28096
 25.5  19.0 -1.52674
 25.5  19.5 -1.76211
 25.5  20.0 -1.98505
 25.5  20.5 -2.19362
 25.5  21.0 -2.38604
 25.5  21.5 -2.56075
 25.5  22.0 -2.71644
 25.5  22.5 -2.85209
 25.5  23.0 -2.96704
 25.5  23.5 -3.06095
 25.5  24.0 -3.13382
 25.5  24.5 -3.18604
 25.5  25.0 -3.21827
 25.5  25.5 -3.23147
 25.5  26.0 -3.22686
 25.5  26.5 -3.20584
 25.5  27.0 -3.16995
 25.5  27.5 -3.12083
 25.5  28.0 -3.06015
 25.5  28.5 -2.98958
 25.5  29.0 -2.91077
 25.5  29.5 -2.82527
 25.5  30.0 -2.73455
 25.5  30.5 -2.63994
 25.5  31.0 -2.54268
 25.5  31.5 -2.44386
 25.5  32.0 -2.34443
 25.5  32.5 -2.24522
 25.5  33.0 -2.14694
 25.5  33.5 -2.05017
 25.5  34.0 -1.95541
 25.5  34.5 -1.86304
 25.5  35.0 -1.77338
 25.5  35.5 -1.68664
 25.5  36.0 -1.60299
 25.5  36.5 -1.52255
 25.5  37.0 -1.44538
 25.5  37.5 -1.37150
 25.5  38.0 -1.30089
 25.5  38.5 -1.23352
 25.5  39.0 -1.16933
 25.5  39.5 -1.10825
 25.5  40.0 -1.05018
 25.5  40.5 -0.99503
 25.5  41.0 -0.94269
 25.5  41.5 -0.89305
 25.5  42.0 -0.84600
 25.5  42.5 -0.80141
 25.5  43.0 -0.75919
 25.5  43.5 -0.71921
 25.5  44.0 -0.68137
 25.5  44.5 -0.64555
 25.5  45.0 -0.61166
 26.0 -45.0 -0.59544
 26.0 -44.5 -0.62962
 26.0 -44.0 -0.66582
 26.0 -43.5 -0.70415
 26.0 -43.0 -0.74472
 26.0 -42.5 -0.78768
 26.0 -42.0 -0.83315
 26.0 -41.5 -0.88126
 26.0 -41.0 -0.93214
 26.0 -40.5 -0.98593
 26.0 -40.0 -1.04277
 26.0 -39.5 -1.10279
 26.0 -39.0 -1.16611
 26.0 -38.5 -1.23286
 26.0 -38.0 -1.30315
 26.0 -37.5 -1.37707
 26.0 -37.0 -1.45469
 26.0 -36.5 -1.53607
 26.0 -36.0 -1.62122
 26.0 -35.5 -1.71013
 26.0 -35.0 -1.80271
 26.0 -34.5 -1.89885
 26.0 -34.0 -1.99834
 26.0 -33.5 -2.10092
 26.0 -33.0 -2.20621
 26.0 -32.5 -2.31374
 26.0 -32.0 -2.42291
 26.0 -31.5 -2.53301
 26.0 -31.0 -2.64317
 26.0 -30.5 -2.75237
 26.0 -30.0 -2.85943
 26.0 -29.5 -2.96302
 26.0 -29.0 -3.06164
 26.0 -28.5 -3.15366
 26.0 -28.0 -3.23729
 26.0 -27.5 -3.31067
 26.0 -27.0 -3.37185
 26.0 -26.5 -3.41887
 26.0 -26.0 -3.44979
 26.0 -25.5 -3.46279
 26.0 -25.0 -3.45616
 26.0 -24.5 -3.42844
 26.0 -24.0 -3.37846
 26.0 -23.5 -3.30536
 26.0 -23.0 -3.20868
 26.0 -22.5 -3.08836
 26.0 -22.0 -2.94477
 26.0 -21.5 -2.77869
 26.0 -21.0 -2.59130
 26.0 -20.5 -2.38414
 26.0 -20.0 -2.15904
 26.0 -19.5 -1.91809
 26.0 -19.0 -1.66354
 26.0 -18.5 -1.39776
 26.0 -18.0 -1.12316
 26.0 -17.5 -0.84212
 26.0 -17.0 -0.55695
 26.0 -16.5 -0.26983
 26.0 -16.0  0.01719
 26.0 -15.5  0.30228
 26.0 -15.0  0.58376
 26.0 -14.5  0.86020
 26.0 -14.0  1.13035
 26.0 -13.5  1.39315
 26.0 -13.0  1.64774
 26.0 -12.5  1.89343
 26.0 -12.0  2.12969
 26.0 -11.5  2.35611
 26.0 -11.0  2.57241
 26.0 -10.5  2.77841
 26.0 -10.0  2.97402
 26.0  -9.5  3.15920
 26.0  -9.0  3.33398
 26.0  -8.5  3.49842
 26.0  -8.0  3.65263
 26.0  -7.5  3.79670
 26.0  -7.0  3.93076
 26.0  -6.5  4.05495
 26.0  -6.0  4.16939
 26.0  -5.5  4.27421
 26.0  -5.0  4.36952
 26.0  -4.5  4.45543
 26.0  -4.0  4.53205
 26.0  -3.5  4.59945
 26.0  -3.0  4.65772
 26.0  -2.5  4.70692
 26.0  -2.0  4.74710
 26.0  -1.5  4.77831
 26.0  -1.0  4.80058
 26.0  -0.5  4.81394
 26.0   0.0  4.81839
 26.0   0.5  4.81394
 26.0   1.0  4.80058
 26.0   1.5  4.77831
 26.0   2.0  4.74710
 26.0   2.5  4.70692
 26.0   3.0  4.65772
 26.0   3.5  4.59945
 26.0   4.0  4.53205
 26.0   4.5  4.45543
 26.0   5.0  4.36952
 26.0   5.5  4.27421
 26.0   6.0  4.16939
 26.0   6.5  4.05495
 26.0   7.0  3.93076
 26.0   7.5  3.79670
 26.0   8.0  3.65263
 26.0   8.5  3.49842
 26.0   9.0  3.33398
 26.0   9.5  3.15920
 26.0  10.0  2.97402
 26.0  10.5  2.77841
 26.0  11.0  2.57241
 26.0  11.5  2.35611
 26.0  12.0  2.12969
 26.0  12.5  1.89343
 26.0  13.0  1.64774
 26.0  13.5  1.39315
 26.0  14.0  1.13035
 26.0  14.5  0.86020
 26.0  15.0  0.58376
 26.0  15.5  0.30228
 26.0  16.0  0.01719
 26.0  16.5 -0.26983
 26.0  17.0 -0.55695
 26.0  17.5 -0.84212
 26.0  18.0 -1.12316
 26.0  18.5 -1.39776
 26.0  19.0 -1.66354
 26.0  19.5 -1.91809
 26.0  20.0 -2.15904
 26.0  20.5 -2.38414
 26.0  21.0 -2.59130
 26.0  21.5 -2.77869
 26.0  22.0 -2.94477
 26.0  22.5 -3.08836
 26.0  23.0 -3.20868
 26.0  23.5 -3.30536
 26.0  24.0 -3.37846
 26.0  24.5 -3.42844
 26.0  25.0 -3.45616
 26.0  25.5 -3.46279
 26.0  26.0 -3.44979
 26.0  26.5 -3.41887
 26.0  27.0 -3.37185
 26.0  27.5 -3.31067
 26.0  28.0 -3.23729
 26.0  28.5 -3.15366
 26.0  29.0 -3.06164
 26.0  29.5 -2.96302
 26.0  30.0 -2.85943
 26.0  30.5 -2.75237
 26.0  31.0 -2.64317
 26.0  31.5 -2.53301
 26.0  32.0 -2.42291
 26.0  32.5 -2.31374
 26.0  33.0 -2.20621
 26.0  33.5 -2.10092
 26.0  34.0 -1.99834
 26.0  34.5 -1.89885
 26.0  35.0 -1.80271
 26.0  35.5 -1.71013
 26.0  36.0 -1.62122
 26.0  36.5 -1.53607
 26.0  37.0 -1.45469
 26.0  37.5 -1.37707
 26.0  38.0 -1.30315
 26.0  38.5 -1.23286
 26.0  39.0 -1.16611
 26.0  39.5 -1.10279
 26.0  40.0 -1.04277
 26.0  40.5 -0.98593
 26.0  41.0 -0.93214
 26.0  41.5 -0.88126
 26.0  42.0 -0.83315
 26.0  42.5 -0.78768
 26.0  43.0 -0.74472
 26.0  43.5 -0.70415
 26.0  44.0 -0.66582
 26.0  44.5 -0.62962
 26.0  45.0 -0.59544
 26.5 -45.0 -0.57733
 26.5 -44.5 -0.61168
 26.5 -44.0 -0.64814
 26.5 -43.5 -0.68683
 26.5 -43.0 -0.72788
 26.5 -42.5 -0.77144
 26.5 -42.0 -0.81766
 26.5 -41.5 -0.86669
 26.5 -41.0 -0.91867
 26.5 -40.5 -0.97378
 26.5 -40.0 -1.03218
 26.5 -39.5 -1.09402
 26.5 -39.0 -1.15946
 26.5 -38.5 -1.22867
 26.5 -38.0 -1.30178
 26.5 -37.5 -1.37893
 26.5 -37.0 -1.46024
 26.5 -36.5 -1.54581
 26.5 -36.0 -1.63569
 26.5 -35.5 -1.72992
 26.5 -35.0 -1.82848
 26.5 -34.5 -1.93128
 26.5 -34.0 -2.03818
 26.5 -33.5 -2.14894
 26.5 -33.0 -2.26322
 26.5 -32.5 -2.38059
 26.5 -32.0 -2.50045
 26.5 -31.5 -2.62208
 26.5 -31.0 -2.74459
 26.5 -30.5 -2.86690
 26.5 -30.0 -2.98776
 26.5 -29.5 -3.10571
 26.5 -29.0 -3.21910
 26.5 -28.5 -3.32609
 26.5 -28.0 -3.42468
 26.5 -27.5 -3.51270
 26.5 -27.0 -3.58791
 26.5 -26.5 -3.64801
 26.5 -26.0 -3.69069
 26.5 -25.5 -3.71376
 26.5 -25.0 -3.71518
 26.5 -24.5 -3.69317
 26.5 -24.0 -3.64627
 26.5 -23.5 -3.57342
 26.5 -23.0 -3.47402
 26.5 -22.5 -3.34796
 26.5 -22.0 -3.19565
 26.5 -21.5 -3.01800
 26.5 -21.0 -2.81639
 26.5 -20.5 -2.59263
 26.5 -20.0 -2.34891
 26.5 -19.5 -2.08767
 26.5 -19.0 -1.81157
 26.5 -18.5 -1.52338
 26.5 -18.0 -1.22589
 26.5 -17.5 -0.92184
 26.5 -17.0 -0.61387
 26.5 -16.5 -0.30446
 26.5 -16.0  0.00413
 26.5 -15.5  0.30984
 26.5 -15.0  0.61089
 26.5 -14.5  0.90571
 26.5 -14.0  1.19300
 26.5 -13.5  1.47168
 26.5 -13.0  1.74090
 26.5 -12.5  1.99997
 26.5 -12.0  2.24842
 26.5 -11.5  2.48591
 26.5 -11.0  2.71221
 26.5 -10.5  2.92723
 26.5 -10.0  3.13095
 26.5  -9.5  3.32341
 26.5  -9.0  3.50471
 26.5  -8.5  3.67500
 26.5  -8.0  3.83442
 26.5  -7.5  3.98317
 26.5  -7.0  4.12140
 26.5  -6.5  4.24931
 26.5  -6.0  4.36706
 26.5  -5.5  4.47482
 26.5  -5.0  4.57273
 26.5  -4.5  4.66094
 26.5  -4.0  4.73957
 26.5  -3.5  4.80871
 26.5  -3.0  4.86846
 26.5  -2.5  4.91889
 26.5  -2.0  4.96008
 26.5  -1.5  4.99206
 26.5  -1.0  5.01488
 26.5  -0.5  5.02856
 26.5   0.0  5.03311
 26.5   0.5  5.02856
 26.5   1.0  5.01488
 26.5   1.5  4.99206
 26.5   2.0  4.96008
 26.5   2.5  4.91889
 26.5   3.0  4.86846
 26.5   3.5  4.80871
 26.5   4.0  4.73957
 26.5   4.5  4.66094
 26.5   5.0  4.57273
 26.5   5.5  4.47482
 26.5   6.0  4.36706
 26.5   6.5  4.24931
 26.5   7.0  4.12140
 26.5   7.5  3.98317
 26.5   8.0  3.83442
 26.5   8.5  3.67500
 26.5   9.0  3.50471
 26.5   9.5  3.32341
 26.5  10.0  3.13095
 26.5  10.5  2.92723
 26.5  11.0  2.71221
 26.5  11.5  2.48591
 26.5  12.0  2.24842
 26.5  12.5  1.99997
 26.5  13.0  1.74090
 26.5  13.5  1.47168
 26.5  14.0  1.19300
 26.5  14.5  0.90571
 26.5  15.0  0.61089
 26.5  15.5  0.30984
 26.5  16.0  0.00413
 26.5  16.5 -0.30446
 26.5  17.0 -0.61387
 26.5  17.5 -0.92184
 26.5  18.0 -1.22589
 26.5  18.5 -1.52338
 26.5  19.0 -1.81157
 26.5  19.5 -2.08767
 26.5  20.0 -2.34891
 26.5  20.5 -2.59263
 26.5  21.0 -2.81639
 26.5  21.5 -3.01800
 26.5  22.0 -3.19565
 26.5  22.5 -3.34796
 26.5  23.0 -3.47402
 26.5  23.5 -3.57342
 26.5  24.0 -3.64627
 26.5  24.5 -3.69317
 26.5  25.0 -3.71518
 26.5  25.5 -3.71376
 26.5  26.0 -3.69069
 26.5  26.5 -3.64801
 26.5  27.0 -3.58791
 26.5  27.5 -3.51270
 26.5  28.0 -3.42468
 26.5  28.5 -3.32609
 26.5  29.0 -3.21910
 26.5  29.5 -3.10571
 26.5  30.0 -2.98776
 26.5  30.5 -2.86690
 26.5  31.0 -2.74459
 26.5  31.5 -2.62208
 26.5  32.0 -2.50045
 26.5  32.5 -2.38059
 26.5  33.0 -2.26322
 26.5  33.5 -2.14894
 26.5  34.0 -2.03818
 26.5  34.5 -1.93128
 26.5  35.0 -1.82848
 26.5  35.5 -1.72992
 26.5  36.0 -1.63569
 26.5  36.5 -1.54581
 26.5  37.0 -1.46024
 26.5  37.5 -1.37893
 26.5  38.0 -1.30178
 26.5  38.5 -1.22867
 26.5  39.0 -1.15946
 26.5  39.5 -1.09402
 26.5  40.0 -1.03218
 26.5  40.5 -0.97378
 26.5  41.0 -0.91867
 26.5  41.5 -0.86669
 26.5  42.0 -0.81766
 26.5  42.5 -0.77144
 26.5  43.0 -0.72788
 26.5  43.5 -0.68683
 26.5  44.0 -0.64814
 26.5  44.5 -0.61168
 26.5  45.0 -0.57733
 27.0 -45.0 -0.55723
 27.0 -44.5 -0.59164
 27.0 -44.0 -0.62823
 27.0 -43.5 -0.66714
 27.0 -43.0 -0.70853
 27.0 -42.5 -0.75255
 27.0 -42.0 -0.79937
 27.0 -41.5 -0.84916
 27.0 -41.0 -0.90209
 27.0 -40.5 -0.95835
 27.0 -40.0 -1.01814
 27.0 -39.5 -1.08164
 27.0 -39.0 -1.14905
 27.0 -38.5 -1.22056
 27.0 -38.0 -1.29636
 27.0 -37.5 -1.37663
 27.0 -37.0 -1.46153
 27.0 -36.5 -1.55122
 27.0 -36.0 -1.64581
 27.0 -35.5 -1.74539
 27.0 -35.0 -1.84999
 27.0 -34.5 -1.95961
 27.0 -34.0 -2.07414
 27.0 -33.5 -2.19341
 27.0 -33.0 -2.31714
 27.0 -32.5 -2.44491
 27.0 -32.0 -2.57619
 27.0 -31.5 -2.71024
 27.0 -31.0 -2.84616
 27.0 -30.5 -2.98285
 27.0 -30.0 -3.11896
 27.0 -29.5 -3.25293
 27.0 -29.0 -3.38293
 27.0 -28.5 -3.50691
 27.0 -28.0 -3.62261
 27.0 -27.5 -3.72755
 27.0 -27.0 -3.81910
 27.0 -26.5 -3.89457
 27.0 -26.0 -3.95122
 27.0 -25.5 -3.98642
 27.0 -25.0 -3.99769
 27.0 -24.5 -3.98286
 27.0 -24.0 -3.94011
 27.0 -23.5 -3.86812
 27.0 -23.0 -3.76611
 27.0 -22.5 -3.63391
 27.0 -22.0 -3.47196
 27.0 -21.5 -3.28134
 27.0 -21.0 -3.06368
 27.0 -20.5 -2.82114
 27.0 -20.0 -2.55632
 27.0 -19.5 -2.27214
 27.0 -19.0 -1.97171
 27.0 -18.5 -1.65830
 27.0 -18.0 -1.33516
 27.0 -17.5 -1.00545
 27.0 -17.0 -0.67221
 27.0 -16.5 -0.33822
 27.0 -16.0 -0.00603
 27.0 -15.5  0.32212
 27.0 -15.0  0.64427
 27.0 -14.5  0.95879
 27.0 -14.0  1.26430
 27.0 -13.5  1.55972
 27.0 -13.0  1.84422
 27.0 -12.5  2.11717
 27.0 -12.0  2.37815
 27.0 -11.5  2.62691
 27.0 -11.0  2.86332
 27.0 -10.5  3.08737
 27.0 -10.0  3.29914
 27.0  -9.5  3.49878
 27.0  -9.0  3.68647
 27.0  -8.5  3.86244
 27.0  -8.0  4.02691
 27.0  -7.5  4.18014
 27.0  -7.0  4.32236
 27.0  -6.5  4.45382
 27.0  -6.0  4.57472
 27.0  -5.5  4.68527
 27.0  -5.0  4.78566
 27.0  -4.5  4.87604
 27.0  -4.0  4.95656
 27.0  -3.5  5.02735
 27.0  -3.0  5.08850
 27.0  -2.5  5.14011
 27.0  -2.0  5.18225
 27.0  -1.5  5.21496
 27.0  -1.0  5.23830
 27.0  -0.5  5.25230
 27.0   0.0  5.25696
 27.0   0.5  5.25230
 27.0   1.0  5.23830
 27.0   1.5  5.21496
 27.0   2.0  5.18225
 27.0   2.5  5.14011
 27.0   3.0  5.08850
 27.0   3.5  5.02735
 27.0   4.0  4.95656
 27.0   4.5  4.87604
 27.0   5.0  4.78566
 27.0   5.5  4.68527
 27.0   6.0  4.57472
 27.0   6.5  4.45382
 27.0   7.0  4.32236
 27.0   7.5  4.18014
 27.0   8.0  4.02691
 27.0   8.5  3.86244
 27.0   9.0  3.68647
 27.0   9.5  3.49878
 27.0  10.0  3.29914
 27.0  10.5  3.08737
 27.0  11.0  2.86332
 27.0  11.5  2.62691
 27.0  12.0  2.37815
 27.0  12.5  2.11717
 27.0  13.0  1.84422
 27.0  13.5  1.55972
 27.0  14.0  1.26430
 27.0  14.5  0.95879
 27.0  15.0  0.64427
 27.0  15.5  0.32212
 27.0  16.0 -0.00603
 27.0  16.5 -0.33822
 27.0  17.0 -0.67221
 27.0  17.5 -1.00545
 27.0  18.0 -1.33516
 27.0  18.5 -1.65830
 27.0  19.0 -1.97171
 27.0  19.5 -2.27214
 27.0  20.0 -2.55632
 27.0  20.5 -2.82114
 27.0  21.0 -3.06368
 27.0  21.5 -3.28134
 27.0  22.0 -3.47196
 27.0  22.5 -3.63391
 27.0  23.0 -3.76611
 27.0  23.5 -3.86812
 27.0  24.0 -3.94011
 27.0  24.5 -3.98286
 27.0  25.0 -3.99769
 27.0  25.5 -3.98642
 27.0  26.0 -3.95122
 27.0  26.5 -3.89457
 27.0  27.0 -3.81910
 27.0  27.5 -3.72755
 27.0  28.0 -3.62261
 27.0  28.5 -3.50691
 27.0  29.0 -3.38293
 27.0  29.5 -3.25293
 27.0  30.0 -3.11896
 27.0  30.5 -2.98285
 27.0  31.0 -2.84616
 27.0  31.5 -2.71024
 27.0  32.0 -2.57619
 27.0  32.5 -2.44491
 27.0  33.0 -2.31714
 27.0  33.5 -2.19341
 27.0  34.0 -2.07414
 27.0  34.5 -1.95961
 27.0  35.0 -1.84999
 27.0  35.5 -1.74539
 27.0  36.0 -1.64581
 27.0  36.5 -1.55122
 27.0  37.0 -1.46153
 27.0  37.5 -1.37663
 27.0  38.0 -1.29636
 27.0  38.5 -1.22056
 27.0  39.0 -1.14905
 27.0  39.5 -1.08164
 27.0  40.0 -1.01814
 27.0  40.5 -0.95835
 27.0  41.0 -0.90209
 27.0  41.5 -0.84916
 27.0  42.0 -0.79937
 27.0  42.5 -0.75255
 27.0  43.0 -0.70853
 27.0  43.5 -0.66714
 27.0  44.0 -0.62823
 27.0  44.5 -0.59164
 27.0  45.0 -0.55723
 27.5 -45.0 -0.53509
 27.5 -44.5 -0.56941
 27.5 -44.0 -0.60599
 27.5 -43.5 -0.64498
 27.5 -43.0 -0.68655
 27.5 -42.5 -0.73086
 27.5 -42.0 -0.77811
 27.5 -41.5 -0.82848
 27.5 -41.0 -0.88217
 27.5 -40.5 -0.93940
 27.5 -40.0 -1.00039
 27.5 -39.5 -1.06536
 27.5 -39.0 -1.13454
 27.5 -38.5 -1.20817
 27.5 -38.0 -1.28647
 27.5 -37.5 -1.36969
 27.5 -37.0 -1.45804
 27.5 -36.5 -1.55172
 27.5 -36.0 -1.65093
 27.5 -35.5 -1.75581
 27.5 -35.0 -1.86649
 27.5 -34.5 -1.98300
 27.5 -34.0 -2.10534
 27.5 -33.5 -2.23341
 27.5 -33.0 -2.36698
 27.5 -32.5 -2.50572
 27.5 -32.0 -2.64912
 27.5 -31.5 -2.79649
 27.5 -31.0 -2.94695
 27.5 -30.5 -3.09934
 27.5 -30.0 -3.25227
 27.5 -29.5 -3.40406
 27.5 -29.0 -3.55273
 27.5 -28.5 -3.69599
 27.5 -28.0 -3.83128
 27.5 -27.5 -3.95575
 27.5 -27.0 -4.06637
 27.5 -26.5 -4.15995
 27.5 -26.0 -4.23324
 27.5 -25.5 -4.28305
 27.5 -25.0 -4.30638
 27.5 -24.5 -4.30053
 27.5 -24.0 -4.26328
 27.5 -23.5 -4.19293
 27.5 -23.0 -4.08849
 27.5 -22.5 -3.94970
 27.5 -22.0 -3.77704
 27.5 -21.5 -3.57179
 27.5 -21.0 -3.33591
 27.5 -20.5 -3.07200
 27.5 -20.0 -2.78315
 27.5 -19.5 -2.47285
 27.5 -19.0 -2.14484
 27.5 -18.5 -1.80293
 27.5 -18.0 -1.45095
 27.5 -17.5 -1.09257
 27.5 -17.0 -0.73125
 27.5 -16.5 -0.37015
 27.5 -16.0 -0.01209
 27.5 -15.5  0.34044
 27.5 -15.0  0.68535
 27.5 -14.5  1.02091
 27.5 -14.0  1.34573
 27.5 -13.5  1.65872
 27.5 -13.0  1.95911
 27.5 -12.5  2.24635
 27.5 -12.0  2.52012
 27.5 -11.5  2.78027
 27.5 -11.0  3.02679
 27.5 -10.5  3.25980
 27.5 -10.0  3.47949
 27.5  -9.5  3.68611
 27.5  -9.0  3.87996
 27.5  -8.5  4.06136
 27.5  -8.0  4.23064
 27.5  -7.5  4.38811
 27.5  -7.0  4.53409
 27.5  -6.5  4.66887
 27.5  -6.0  4.79272
 27.5  -5.5  4.90589
 27.5  -5.0  5.00858
 27.5  -4.5  5.10099
 27.5  -4.0  5.18329
 27.5  -3.5  5.25562
 27.5  -3.0  5.31809
 27.5  -2.5  5.37080
 27.5  -2.0  5.41383
 27.5  -1.5  5.44724
 27.5  -1.0  5.47108
 27.5  -0.5  5.48536
 27.5   0.0  5.49012
 27.5   0.5  5.48536
 27.5   1.0  5.47108
 27.5   1.5  5.44724
 27.5   2.0  5.41383
 27.5   2.5  5.37080
 27.5   3.0  5.31809
 27.5   3.5  5.25562
 27.5   4.0  5.18329
 27.5   4.5  5.10099
 27.5   5.0  5.00858
 27.5   5.5  4.90589
 27.5   6.0  4.79272
 27.5   6.5  4.66887
 27.5   7.0  4.53409
 27.5   7.5  4.38811
 27.5   8.0  4.23064
 27.5   8.5  4.06136
 27.5   9.0  3.87996
 27.5   9.5  3.68611
 27.5  10.0  3.47949
 27.5  10.5  3.25980
 27.5  11.0  3.02679
 27.5  11.5  2.78027
 27.5  12.0  2.52012
 27.5  12.5  2.24635
 27.5  13.0  1.95911
 27.5  13.5  1.65872
 27.5  14.0  1.34573
 27.5  14.5  1.02091
 27.5  15.0  0.68535
 27.5  15.5  0.34044
 27.5  16.0 -0.01209
 27.5  16.5 -0.37015
 27.5  17.0 -0.73125
 27.5  17.5 -1.09257
 27.5  18.0 -1.45095
 27.5  18.5 -1.80293
 27.5  19.0 -2.14484
 27.5  19.5 -2.47285
 27.5  20.0 -2.78315
 27.5  20.5 -3.07200
 27.5  21.0 -3.33591
 27.5  21.5 -3.57179
 27.5  22.0 -3.77704
 27.5  22.5 -3.94970
 27.5  23.0 -4.08849
 27.5  23.5 -4.19293
 27.5  24.0 -4.26328
 27.5  24.5 -4.30053
 27.5  25.0 -4.30638
 27.5  25.5 -4.28305
 27.5  26.0 -4.23324
 27.5  26.5 -4.15995
 27.5  27.0 -4.06637
 27.5  27.5 -3.95575
 27.5  28.0 -3.83128
 27.5  28.5 -3.69599
 27.5  29.0 -3.55273
 27.5  29.5 -3.40406
 27.5  30.0 -3.25227
 27.5  30.5 -3.09934
 27.5  31.0 -2.94695
 27.5  31.5 -2.79649
 27.5  32.0 -2.64912
 27.5  32.5 -2.50572
 27.5  33.0 -2.36698
 27.5  33.5 -2.23341
 27.5  34.0 -2.10534
 27.5  34.5 -1.98300
 27.5  35.0 -1.86649
 27.5  35.5 -1.75581
 27.5  36.0 -1.65093
 27.5  36.5 -1.55172
 27.5  37.0 -1.45804
 27.5  37.5 -1.36969
 27.5  38.0 -1.28647
 27.5  38.5 -1.20817
 27.5  39.0 -1.13454
 27.5  39.5 -1.06536
 27.5  40.0 -1.00039
 27.5  40.5 -0.93940
 27.5  41.0 -0.88217
 27.5  41.5 -0.82848
 27.5  42.0 -0.77811
 27.5  42.5 -0.73086
 27.5  43.0 -0.68655
 27.5  43.5 -0.64498
 27.5  44.0 -0.60599
 27.5  44.5 -0.56941
 27.5  45.0 -0.53509
 28.0 -45.0 -0.51083
 28.0 -44.5 -0.54493
 28.0 -44.0 -0.58135
 28.0 -43.5 -0.62025
 28.0 -43.0 -0.66182
 28.0 -42.5 -0.70624
 28.0 -42.0 -0.75373
 28.0 -41.5 -0.80448
 28.0 -41.0 -0.85872
 28.0 -40.5 -0.91670
 28.0 -40.0 -0.97866
 28.0 -39.5 -1.04486
 28.0 -39.0 -1.11558
 28.0 -38.5 -1.19109
 28.0 -38.0 -1.27167
 28.0 -37.5 -1.35761
 28.0 -37.0 -1.44920
 28.0 -36.5 -1.54670
 28.0 -36.0 -1.65037
 28.0 -35.5 -1.76044
 28.0 -35.0 -1.87712
 28.0 -34.5 -2.00055
 28.0 -34.0 -2.13080
 28.0 -33.5 -2.26787
 28.0 -33.0 -2.41163
 28.0 -32.5 -2.56183
 28.0 -32.0 -2.71804
 28.0 -31.5 -2.87963
 28.0 -31.0 -3.04574
 28.0 -30.5 -3.21524
 28.0 -30.0 -3.38668
 28.0 -29.5 -3.55828
 28.0 -29.0 -3.72789
 28.0 -28.5 -3.89300
 28.0 -28.0 -4.05072
 28.0 -27.5 -4.19779
 28.0 -27.0 -4.33068
 28.0 -26.5 -4.44563
 28.0 -26.0 -4.53876
 28.0 -25.5 -4.60622
 28.0 -25.0 -4.64431
 28.0 -24.5 -4.64972
 28.0 -24.0 -4.61965
 28.0 -23.5 -4.55196
 28.0 -23.0 -4.44537
 28.0 -22.5 -4.29948
 28.0 -22.0 -4.11485
 28.0 -21.5 -3.89298
 28.0 -21.0 -3.63627
 28.0 -20.5 -3.34784
 28.0 -20.0 -3.03146
 28.0 -19.5 -2.69131
 28.0 -19.0 -2.33185
 28.0 -18.5 -1.95762
 28.0 -18.0 -1.57311
 28.0 -17.5 -1.18259
 28.0 -17.0 -0.79001
 28.0 -16.5 -0.39895
 28.0 -16.0 -0.01258
 28.0 -15.5  0.36643
 28.0 -15.0  0.73584
 28.0 -14.5  1.09383
 28.0 -14.0  1.43902
 28.0 -13.5  1.77038
 28.0 -13.0  2.08719
 28.0 -12.5  2.38904
 28.0 -12.0  2.67574
 28.0 -11.5  2.94728
 28.0 -11.0  3.20380
 28.0 -10.5  3.44556
 28.0 -10.0  3.67290
 28.0  -9.5  3.88621
 28.0  -9.0  4.08590
 28.0  -8.5  4.27242
 28.0  -8.0  4.44617
 28.0  -7.5  4.60758
 28.0  -7.0  4.75702
 28.0  -6.5  4.89486
 28.0  -6.0  5.02141
 28.0  -5.5  5.13697
 28.0  -5.0  5.24177
 28.0  -4.5  5.33606
 28.0  -4.0  5.41999
 28.0  -3.5  5.49375
 28.0  -3.0  5.55744
 28.0  -2.5  5.61118
 28.0  -2.0  5.65504
 28.0  -1.5  5.68910
 28.0  -1.0  5.71339
 28.0  -0.5  5.72796
 28.0   0.0  5.73281
 28.0   0.5  5.72796
 28.0   1.0  5.71339
 28.0   1.5  5.68910
 28.0   2.0  5.65504
 28.0   2.5  5.61118
 28.0   3.0  5.55744
 28.0   3.5  5.49375
 28.0   4.0  5.41999
 28.0   4.5  5.33606
 28.0   5.0  5.24177
 28.0   5.5  5.13697
 28.0   6.0  5.02141
 28.0   6.5  4.89486
 28.0   7.0  4.75702
 28.0   7.5  4.60758
 28.0   8.0  4.44617
 28.0   8.5  4.27242
 28.0   9.0  4.08590
 28.0   9.5  3.88621
 28.0  10.0  3.67290
 28.0  10.5  3.44556
 28.0  11.0  3.20380
 28.0  11.5  2.94728
 28.0  12.0  2.67574
 28.0  12.5  2.38904
 28.0  13.0  2.08719
 28.0  13.5  1.77038
 28.0  14.0  1.43902
 28.0  14.5  1.09383
 28.0  15.0  0.73584
 28.0  15.5  0.36643
 28.0  16.0 -0.01258
 28.0  16.5 -0.39895
 28.0  17.0 -0.79001
 28.0  17.5 -1.18259
 28.0  18.0 -1.57311
 28.0  18.5 -1.95762
 28.0  19.0 -2.33185
 28.0  19.5 -2.69131
 28.0  20.0 -3.03146
 28.0  20.5 -3.34784
 28.0  21.0 -3.63627
 28.0  21.5 -3.89298
 28.0  22.0 -4.11485
 28.0  22.5 -4.29948
 28.0  23.0 -4.44537
 28.0  23.5 -4.55196
 28.0  24.0 -4.61965
 28.0  24.5 -4.64972
 28.0  25.0 -4.64431
 28.0  25.5 -4.60622
 28.0  26.0 -4.53876
 28.0  26.5 -4.44563
 28.0  27.0 -4.33068
 28.0  27.5 -4.19779
 28.0  28.0 -4.05072
 28.0  28.5 -3.89300
 28.0  29.0 -3.72789
 28.0  29.5 -3.55828
 28.0  30.0 -3.38668
 28.0  30.5 -3.21524
 28.0  31.0 -3.04574
 28.0  31.5 -2.87963
 28.0  32.0 -2.71804
 28.0  32.5 -2.56183
 28.0  33.0 -2.41163
 28.0  33.5 -2.26787
 28.0  34.0 -2.13080
 28.0  34.5 -2.00055
 28.0  35.0 -1.87712
 28.0  35.5 -1.76044
 28.0  36.0 -1.65037
 28.0  36.5 -1.54670
 28.0  37.0 -1.44920
 28.0  37.5 -1.35761
 28.0  38.0 -1.27167
 28.0  38.5 -1.19109
 28.0  39.0 -1.11558
 28.0  39.5 -1.04486
 28.0  40.0 -0.97866
 28.0  40.5 -0.91670
 28.0  41.0 -0.85872
 28.0  41.5 -0.80448
 28.0  42.0 -0.75373
 28.0  42.5 -0.70624
 28.0  43.0 -0.66182
 28.0  43.5 -0.62025
 28.0  44.0 -0.58135
 28.0  44.5 -0.54493
 28.0  45.0 -0.51083
 28.5 -45.0 -0.48442
 28.5 -44.5 -0.51813
 28.5 -44.0 -0.55422
 28.5 -43.5 -0.59286
 28.5 -43.0 -0.63424
 28.5 -42.5 -0.67857
 28.5 -42.0 -0.72607
 28.5 -41.5 -0.77698
 28.5 -41.0 -0.83154
 28.5 -40.5 -0.89001
 28.5 -40.0 -0.95269
 28.5 -39.5 -1.01986
 28.5 -39.0 -1.09183
 28.5 -38.5 -1.16894
 28.5 -38.0 -1.25151
 28.5 -37.5 -1.33990
 28.5 -37.0 -1.43444
 28.5 -36.5 -1.53549
 28.5 -36.0 -1.64339
 28.5 -35.5 -1.75846
 28.5 -35.0 -1.88100
 28.5 -34.5 -2.01126
 28.5 -34.0 -2.14943
 28.5 -33.5 -2.29562
 28.5 -33.0 -2.44982
 28.5 -32.5 -2.61190
 28.5 -32.0 -2.78153
 28.5 -31.5 -2.95820
 28.5 -31.0 -3.14110
 28.5 -30.5 -3.32914
 28.5 -30.0 -3.52086
 28.5 -29.5 -3.71441
 28.5 -29.0 -3.90749
 28.5 -28.5 -4.09735
 28.5 -28.0 -4.28074
 28.5 -27.5 -4.45397
 28.5 -27.0 -4.61291
 28.5 -26.5 -4.75314
 28.5 -26.0 -4.86999
 28.5 -25.5 -4.95880
 28.5 -25.0 -5.01502
 28.5 -24.5 -5.03452
 28.5 -24.0 -5.01376
 28.5 -23.5 -4.95006
 28.5 -23.0 -4.84170
 28.5 -22.5 -4.68815
 28.5 -22.0 -4.49003
 28.5 -21.5 -4.24916
 28.5 -21.0 -3.96844
 28.5 -20.5 -3.65172
 28.5 -20.0 -3.30358
 28.5 -19.5 -2.92908
 28.5 -19.0 -2.53361
 28.5 -18.5 -2.12257
 28.5 -18.0 -1.70124
 28.5 -17.5 -1.27459
 28.5 -17.0 -0.84716
 28.5 -16.5 -0.42301
 28.5 -16.0 -0.00561
 28.5 -15.5  0.40211
 28.5 -15.0  0.79780
 28.5 -14.5  1.17962
 28.5 -14.0  1.54620
 28.5 -13.5  1.89661
 28.5 -13.0  2.23027
 28.5 -12.5  2.54692
 28.5 -12.0  2.84654
 28.5 -11.5  3.12932
 28.5 -11.0  3.39557
 28.5 -10.5  3.64575
 28.5 -10.0  3.88035
 28.5  -9.5  4.09992
 28.5  -9.0  4.30503
 28.5  -8.5  4.49622
 28.5  -8.0  4.67404
 28.5  -7.5  4.83900
 28.5  -7.0  4.99155
 28.5  -6.5  5.13212
 28.5  -6.0  5.26109
 28.5  -5.5  5.37879
 28.5  -5.0  5.48549
 28.5  -4.5  5.58146
 28.5  -4.0  5.66688
 28.5  -3.5  5.74192
 28.5  -3.0  5.80673
 28.5  -2.5  5.86142
 28.5  -2.0  5.90605
 28.5  -1.5  5.94071
 28.5  -1.0  5.96544
 28.5  -0.5  5.98026
 28.5   0.0  5.98520
 28.5   0.5  5.98026
 28.5   1.0  5.96544
 28.5   1.5  5.94071
 28.5   2.0  5.90605
 28.5   2.5  5.86142
 28.5   3.0  5.80673
 28.5   3.5  5.74192
 28.5   4.0  5.66688
 28.5   4.5  5.58146
 28.5   5.0  5.48549
 28.5   5.5  5.37879
 28.5   6.0  5.26109
 28.5   6.5  5.13212
 28.5   7.0  4.99155
 28.5   7.5  4.83900
 28.5   8.0  4.67404
 28.5   8.5  4.49622
 28.5   9.0  4.30503
 28.5   9.5  4.09992
 28.5  10.0  3.88035
 28.5  10.5  3.64575
 28.5  11.0  3.39557
 28.5  11.5  3.12932
 28.5  12.0  2.84654
 28.5  12.5  2.54692
 28.5  13.0  2.23027
 28.5  13.5  1.89661
 28.5  14.0  1.54620
 28.5  14.5  1.17962
 28.5  15.0  0.79780
 28.5  15.5  0.40211
 28.5  16.0 -0.00561
 28.5  16.5 -0.42301
 28.5  17.0 -0.84716
 28.5  17.5 -1.27459
 28.5  18.0 -1.70124
 28.5  18.5 -2.12257
 28.5  19.0 -2.53361
 28.5  19.5 -2.92908
 28.5  20.0 -3.30358
 28.5  20.5 -3.65172
 28.5  21.0 -3.96844
 28.5  21.5 -4.24916
 28.5  22.0 -4.49003
 28.5  22.5 -4.68815
 28.5  23.0 -4.84170
 28.5  23.5 -4.95006
 28.5  24.0 -5.01376
 28.5  24.5 -5.03452
 28.5  25.0 -5.01502
 28.5  25.5 -4.95880
 28.5  26.0 -4.86999
 28.5  26.5 -4.75314
 28.5  27.0 -4.61291
 28.5  27.5 -4.45397
 28.5  28.0 -4.28074
 28.5  28.5 -4.09735
 28.5  29.0 -3.90749
 28.5  29.5 -3.71441
 28.5  30.0 -3.52086
 28.5  30.5 -3.32914
 28.5  31.0 -3.14110
 28.5  31.5 -2.95820
 28.5  32.0 -2.78153
 28.5  32.5 -2.61190
 28.5  33.0 -2.44982
 28.5  33.5 -2.29562
 28.5  34.0 -2.14943
 28.5  34.5 -2.01126
 28.5  35.0 -1.88100
 28.5  35.5 -1.75846
 28.5  36.0 -1.64339
 28.5  36.5 -1.53549
 28.5  37.0 -1.43444
 28.5  37.5 -1.33990
 28.5  38.0 -1.25151
 28.5  38.5 -1.16894
 28.5  39.0 -1.09183
 28.5  39.5 -1.01986
 28.5  40.0 -0.95269
 28.5  40.5 -0.89001
 28.5  41.0 -0.83154
 28.5  41.5 -0.77698
 28.5  42.0 -0.72607
 28.5  42.5 -0.67857
 28.5  43.0 -0.63424
 28.5  43.5 -0.59286
 28.5  44.0 -0.55422
 28.5  44.5 -0.51813
 28.5  45.0 -0.48442
 29.0 -45.0 -0.45579
 29.0 -44.5 -0.48896
 29.0 -44.0 -0.52453
 29.0 -43.5 -0.56272
 29.0 -43.0 -0.60371
 29.0 -42.5 -0.64773
 29.0 -42.0 -0.69502
 29.0 -41.5 -0.74583
 29.0 -41.0 -0.80044
 29.0 -40.5 -0.85913
 29.0 -40.0 -0.92222
 29.0 -39.5 -0.99005
 29.0 -39.0 -1.06296
 29.0 -38.5 -1.14132
 29.0 -38.0 -1.22554
 29.0 -37.5 -1.31602
 29.0 -37.0 -1.41317
 29.0 -36.5 -1.51744
 29.0 -36.0 -1.62924
 29.0 -35.5 -1.74901
 29.0 -35.0 -1.87716
 29.0 -34.5 -2.01405
 29.0 -34.0 -2.16002
 29.0 -33.5 -2.31532
 29.0 -33.0 -2.48010
 29.0 -32.5 -2.65437
 29.0 -32.0 -2.83796
 29.0 -31.5 -3.03048
 29.0 -31.0 -3.23127
 29.0 -30.5 -3.43929
 29.0 -30.0 -3.65314
 29.0 -29.5 -3.87093
 29.0 -29.0 -4.09025
 29.0 -28.5 -4.30809
 29.0 -28.0 -4.52086
 29.0 -27.5 -4.72437
 29.0 -27.0 -4.91383
 29.0 -26.5 -5.08401
 29.0 -26.0 -5.22931
 29.0 -25.5 -5.34402
 29.0 -25.0 -5.42255
 29.0 -24.5 -5.45970
 29.0 -24.0 -5.45100
 29.0 -23.5 -5.39299
 29.0 -23.0 -5.28344
 29.0 -22.5 -5.12158
 29.0 -22.0 -4.90814
 29.0 -21.5 -4.64533
 29.0 -21.0 -4.33675
 29.0 -20.5 -3.98712
 29.0 -20.0 -3.60208
 29.0 -19.5 -3.18785
 29.0 -19.0 -2.75091
 29.0 -18.5 -2.29775
 29.0 -18.0 -1.83460
 29.0 -17.5 -1.36727
 29.0 -17.0 -0.90096
 29.0 -16.5 -0.44022
 29.0 -16.0  0.01111
 29.0 -15.5  0.44991
 29.0 -15.0  0.87372
 29.0 -14.5  1.28072
 29.0 -14.0  1.66962
 29.0 -13.5  2.03965
 29.0 -13.0  2.39041
 29.0 -12.5  2.72186
 29.0 -12.0  3.03422
 29.0 -11.5  3.32789
 29.0 -11.0  3.60344
 29.0 -10.5  3.86152
 29.0 -10.0  4.10283
 29.0  -9.5  4.32810
 29.0  -9.0  4.53806
 29.0  -8.5  4.73340
 29.0  -8.0  4.91478
 29.0  -7.5  5.08282
 29.0  -7.0  5.23805
 29.0  -6.5  5.38098
 29.0  -6.0  5.51204
 29.0  -5.5  5.63159
 29.0  -5.0  5.73995
 29.0  -4.5  5.83739
 29.0  -4.0  5.92413
 29.0  -3.5  6.00034
 29.0  -3.0  6.06616
 29.0  -2.5  6.12170
 29.0  -2.0  6.16704
 29.0  -1.5  6.20226
 29.0  -1.0  6.22738
 29.0  -0.5  6.24244
 29.0   0.0  6.24746
 29.0   0.5  6.24244
 29.0   1.0  6.22738
 29.0   1.5  6.20226
 29.0   2.0  6.16704
 29.0   2.5  6.12170
 29.0   3.0  6.06616
 29.0   3.5  6.00034
 29.0   4.0  5.92413
 29.0   4.5  5.83739
 29.0   5.0  5.73995
 29.0   5.5  5.63159
 29.0   6.0  5.51204
 29.0   6.5  5.38098
 29.0   7.0  5.23805
 29.0   7.5  5.08282
 29.0   8.0  4.91478
 29.0   8.5  4.73340
 29.0   9.0  4.53806
 29.0   9.5  4.32810
 29.0  10.0  4.10283
 29.0  10.5  3.86152
 29.0  11.0  3.60344
 29.0  11.5  3.32789
 29.0  12.0  3.03422
 29.0  12.5  2.72186
 29.0  13.0  2.39041
 29.0  13.5  2.03965
 29.0  14.0  1.66962
 29.0  14.5  1.28072
 29.0  15.0  0.87372
 29.0  15.5  0.44991
 29.0  16.0  0.01111
 29.0  16.5 -0.44022
 29.0  17.0 -0.90096
 29.0  17.5 -1.36727
 29.0  18.0 -1.83460
 29.0  18.5 -2.29775
 29.0  19.0 -2.75091
 29.0  19.5 -3.18785
 29.0  20.0 -3.60208
 29.0  20.5 -3.98712
 29.0  21.0 -4.33675
 29.0  21.5 -4.64533
 29.0  22.0 -4.90814
 29.0  22.5 -5.12158
 29.0  23.0 -5.28344
 29.0  23.5 -5.39299
 29.0  24.0 -5.45100
 29.0  24.5 -5.45970
 29.0  25.0 -5.42255
 29.0  25.5 -5.34402
 29.0  26.0 -5.22931
 29.0  26.5 -5.08401
 29.0  27.0 -4.91383
 29.0  27.5 -4.72437
 29.0  28.0 -4.52086
 29.0  28.5 -4.30809
 29.0  29.0 -4.09025
 29.0  29.5 -3.87093
 29.0  30.0 -3.65314
 29.0  30.5 -3.43929
 29.0  31.0 -3.23127
 29.0  31.5 -3.03048
 29.0  32.0 -2.83796
 29.0  32.5 -2.65437
 29.0  33.0 -2.48010
 29.0  33.5 -2.31532
 29.0  34.0 -2.16002
 29.0  34.5 -2.01405
 29.0  35.0 -1.87716
 29.0  35.5 -1.74901
 29.0  36.0 -1.62924
 29.0  36.5 -1.51744
 29.0  37.0 -1.41317
 29.0  37.5 -1.31602
 29.0  38.0 -1.22554
 29.0  38.5 -1.14132
 29.0  39.0 -1.06296
 29.0  39.5 -0.99005
 29.0  40.0 -0.92222
 29.0  40.5 -0.85913
 29.0  41.0 -0.80044
 29.0  41.5 -0.74583
 29.0  42.0 -0.69502
 29.0  42.5 -0.64773
 29.0  43.0 -0.60371
 29.0  43.5 -0.56272
 29.0  44.0 -0.52453
 29.0  44.5 -0.48896
 29.0  45.0 -0.45579
 29.5 -45.0 -0.42493
 29.5 -44.5 -0.45737
 29.5 -44.0 -0.49225
 29.5 -43.5 -0.52977
 29.5 -43.0 -0.57016
 29.5 -42.5 -0.61363
 29.5 -42.0 -0.66046
 29.5 -41.5 -0.71090
 29.5 -41.0 -0.76526
 29.5 -40.5 -0.82385
 29.5 -40.0 -0.88703
 29.5 -39.5 -0.95515
 29.5 -39.0 -1.02862
 29.5 -38.5 -1.10786
 29.5 -38.0 -1.19332
 29.5 -37.5 -1.28546
 29.5 -37.0 -1.38480
 29.5 -36.5 -1.49184
 29.5 -36.0 -1.60712
 29.5 -35.5 -1.73118
 29.5 -35.0 -1.86455
 29.5 -34.5 -2.00775
 29.5 -34.0 -2.16127
 29.5 -33.5 -2.32553
 29.5 -33.0 -2.50086
 29.5 -32.5 -2.68748
 29.5 -32.0 -2.88541
 29.5 -31.5 -3.09445
 29.5 -31.0 -3.31412
 29.5 -30.5 -3.54354
 29.5 -30.0 -3.78140
 29.5 -29.5 -4.02583
 29.5 -29.0 -4.27436
 29.5 -28.5 -4.52379
 29.5 -28.0 -4.77016
 29.5 -27.5 -5.00873
 29.5 -27.0 -5.23398
 29.5 -26.5 -5.43972
 29.5 -26.0 -5.61923
 29.5 -25.5 -5.76550
 29.5 -25.0 -5.87157
 29.5 -24.5 -5.93090
 29.5 -24.0 -5.93777
 29.5 -23.5 -5.88769
 29.5 -23.0 -5.77775
 29.5 -22.5 -5.60685
 29.5 -22.0 -5.37585
 29.5 -21.5 -5.08748
 29.5 -21.0 -4.74623
 29.5 -20.5 -4.35802
 29.5 -20.0 -3.92984
 29.5 -19.5 -3.46932
 29.5 -19.0 -2.98439
 29.5 -18.5 -2.48284
 29.5 -18.0 -1.97206
 29.5 -17.5 -1.45882
 29.5 -17.0 -0.94907
 29.5 -16.5 -0.44791
 29.5 -16.0  0.04049
 29.5 -15.5  0.51281
 29.5 -15.0  0.96656
 29.5 -14.5  1.39998
 29.5 -14.0  1.81199
 29.5 -13.5  2.20199
 29.5 -13.0  2.56990
 29.5 -12.5  2.91593
 29.5 -12.0  3.24060
 29.5 -11.5  3.54461
 29.5 -11.0  3.82879
 29.5 -10.5  4.09406
 29.5 -10.0  4.34134
 29.5  -9.5  4.57159
 29.5  -9.0  4.78569
 29.5  -8.5  4.98452
 29.5  -8.0  5.16886
 29.5  -7.5  5.33942
 29.5  -7.0  5.49685
 29.5  -6.5  5.64171
 29.5  -6.0  5.77448
 29.5  -5.5  5.89557
 29.5  -5.0  6.00532
 29.5  -4.5  6.10402
 29.5  -4.0  6.19190
 29.5  -3.5  6.26913
 29.5  -3.0  6.33585
 29.5  -2.5  6.39217
 29.5  -2.0  6.43816
 29.5  -1.5  6.47389
 29.5  -1.0  6.49938
 29.5  -0.5  6.51467
 29.5   0.0  6.51976
 29.5   0.5  6.51467
 29.5   1.0  6.49938
 29.5   1.5  6.47389
 29.5   2.0  6.43816
 29.5   2.5  6.39217
 29.5   3.0  6.33585
 29.5   3.5  6.26913
 29.5   4.0  6.19190
 29.5   4.5  6.10402
 29.5   5.0  6.00532
 29.5   5.5  5.89557
 29.5   6.0  5.77448
 29.5   6.5  5.64171
 29.5   7.0  5.49685
 29.5   7.5  5.33942
 29.5   8.0  5.16886
 29.5   8.5  4.98452
 29.5   9.0  4.78569
 29.5   9.5  4.57159
 29.5  10.0  4.34134
 29.5  10.5  4.09406
 29.5  11.0  3.82879
 29.5  11.5  3.54461
 29.5  12.0  3.24060
 29.5  12.5  2.91593
 29.5  13.0  2.56990
 29.5  13.5  2.20199
 29.5  14.0  1.81199
 29.5  14.5  1.39998
 29.5  15.0  0.96656
 29.5  15.5  0.51281
 29.5  16.0  0.04049
 29.5  16.5 -0.44791
 29.5  17.0 -0.94907
 29.5  17.5 -1.45882
 29.5  18.0 -1.97206
 29.5  18.5 -2.48284
 29.5  19.0 -2.98439
 29.5  19.5 -3.46932
 29.5  20.0 -3.92984
 29.5  20.5 -4.35802
 29.5  21.0 -4.74623
 29.5  21.5 -5.08748
 29.5  22.0 -5.37585
 29.5  22.5 -5.60685
 29.5  23.0 -5.77775
 29.5  23.5 -5.88769
 29.5  24.0 -5.93777
 29.5  24.5 -5.93090
 29.5  25.0 -5.87157
 29.5  25.5 -5.76550
 29.5  26.0 -5.61923
 29.5  26.5 -5.43972
 29.5  27.0 -5.23398
 29.5  27.5 -5.00873
 29.5  28.0 -4.77016
 29.5  28.5 -4.52379
 29.5  29.0 -4.27436
 29.5  29.5 -4.02583
 29.5  30.0 -3.78140
 29.5  30.5 -3.54354
 29.5  31.0 -3.31412
 29.5  31.5 -3.09445
 29.5  32.0 -2.88541
 29.5  32.5 -2.68748
 29.5  33.0 -2.50086
 29.5  33.5 -2.32553
 29.5  34.0 -2.16127
 29.5  34.5 -2.00775
 29.5  35.0 -1.86455
 29.5  35.5 -1.73118
 29.5  36.0 -1.60712
 29.5  36.5 -1.49184
 29.5  37.0 -1.38480
 29.5  37.5 -1.28546
 29.5  38.0 -1.19332
 29.5  38.5 -1.10786
 29.5  39.0 -1.02862
 29.5  39.5 -0.95515
 29.5  40.0 -0.88703
 29.5  40.5 -0.82385
 29.5  41.0 -0.76526
 29.5  41.5 -0.71090
 29.5  42.0 -0.66046
 29.5  42.5 -0.61363
 29.5  43.0 -0.57016
 29.5  43.5 -0.52977
 29.5  44.0 -0.49225
 29.5  44.5 -0.45737
 29.5  45.0 -0.42493
 30.0 -45.0 -0.39181
 30.0 -44.5 -0.42334
 30.0 -44.0 -0.45733
 30.0 -43.5 -0.49397
 30.0 -43.0 -0.53351
 30.0 -42.5 -0.57619
 30.0 -42.0 -0.62227
 30.0 -41.5 -0.67205
 30.0 -41.0 -0.72584
 30.0 -40.5 -0.78400
 30.0 -40.0 -0.84689
 30.0 -39.5 -0.91492
 30.0 -39.0 -0.98853
 30.0 -38.5 -1.06819
 30.0 -38.0 -1.15441
 30.0 -37.5 -1.24772
 30.0 -37.0 -1.34872
 30.0 -36.5 -1.45801
 30.0 -36.0 -1.57622
 30.0 -35.5 -1.70403
 30.0 -35.0 -1.84210
 30.0 -34.5 -1.99112
 30.0 -34.0 -2.15176
 30.0 -33.5 -2.32464
 30.0 -33.0 -2.51032
 30.0 -32.5 -2.70924
 30.0 -32.0 -2.92169
 30.0 -31.5 -3.14774
 30.0 -31.0 -3.38714
 30.0 -30.5 -3.63926
 30.0 -30.0 -3.90297
 30.0 -29.5 -4.17653
 30.0 -29.0 -4.45745
 30.0 -28.5 -4.74242
 30.0 -28.0 -5.02713
 30.0 -27.5 -5.30629
 30.0 -27.0 -5.57356
 30.0 -26.5 -5.82162
 30.0 -26.0 -6.04238
 30.0 -25.5 -6.22724
 30.0 -25.0 -6.36748
 30.0 -24.5 -6.45477
 30.0 -24.0 -6.48175
 30.0 -23.5 -6.44256
 30.0 -23.0 -6.33333
 30.0 -22.5 -6.15255
 30.0 -22.0 -5.90120
 30.0 -21.5 -5.58275
 30.0 -21.0 -5.20286
 30.0 -20.5 -4.76901
 30.0 -20.0 -4.28996
 30.0 -19.5 -3.77520
 30.0 -19.0 -3.23442
 30.0 -18.5 -2.67704
 30.0 -18.0 -2.11186
 30.0 -17.5 -1.54673
 30.0 -17.0 -0.98845
 30.0 -16.5 -0.44268
 30.0 -16.0  0.08608
 30.0 -15.5  0.59439
 30.0 -15.0  1.07982
 30.0 -14.5  1.54077
 30.0 -14.0  1.97642
 30.0 -13.5  2.38651
 30.0 -13.0  2.77130
 30.0 -12.5  3.13139
 30.0 -12.0  3.46766
 30.0 -11.5  3.78117
 30.0 -11.0  4.07307
 30.0 -10.5  4.34458
 30.0 -10.0  4.59690
 30.0  -9.5  4.83120
 30.0  -9.0  5.04860
 30.0  -8.5  5.25012
 30.0  -8.0  5.43669
 30.0  -7.5  5.60915
 30.0  -7.0  5.76821
 30.0  -6.5  5.91451
 30.0  -6.0  6.04858
 30.0  -5.5  6.17087
 30.0  -5.0  6.28174
 30.0  -4.5  6.38148
 30.0  -4.0  6.47031
 30.0  -3.5  6.54843
 30.0  -3.0  6.61594
 30.0  -2.5  6.67296
 30.0  -2.0  6.71955
 30.0  -1.5  6.75575
 30.0  -1.0  6.78159
 30.0  -0.5  6.79709
 30.0   0.0  6.80225
 30.0   0.5  6.79709
 30.0   1.0  6.78159
 30.0   1.5  6.75575
 30.0   2.0  6.71955
 30.0   2.5  6.67296
 30.0   3.0  6.61594
 30.0   3.5  6.54843
 30.0   4.0  6.47031
 30.0   4.5  6.38148
 30.0   5.0  6.28174
 30.0   5.5  6.17087
 30.0   6.0  6.04858
 30.0   6.5  5.91451
 30.0   7.0  5.76821
 30.0   7.5  5.60915
 30.0   8.0  5.43669
 30.0   8.5  5.25012
 30.0   9.0  5.04860
 30.0   9.5  4.83120
 30.0  10.0  4.59690
 30.0  10.5  4.34458
 30.0  11.0  4.07307
 30.0  11.5  3.78117
 30.0  12.0  3.46766
 30.0  12.5  3.13139
 30.0  13.0  2.77130
 30.0  13.5  2.38651
 30.0  14.0  1.97642
 30.0  14.5  1.54077
 30.0  15.0  1.07982
 30.0  15.5  0.59439
 30.0  16.0  0.08608
 30.0  16.5 -0.44268
 30.0  17.0 -0.98845
 30.0  17.5 -1.54673
 30.0  18.0 -2.11186
 30.0  18.5 -2.67704
 30.0  19.0 -3.23442
 30.0  19.5 -3.77520
 30.0  20.0 -4.28996
 30.0  20.5 -4.76901
 30.0  21.0 -5.20286
 30.0  21.5 -5.58275
 30.0  22.0 -5.90120
 30.0  22.5 -6.15255
 30.0  23.0 -6.33333
 30.0  23.5 -6.44256
 30.0  24.0 -6.48175
 30.0  24.5 -6.45477
 30.0  25.0 -6.36748
 30.0  25.5 -6.22724
 30.0  26.0 -6.04238
 30.0  26.5 -5.82162
 30.0  27.0 -5.57356
 30.0  27.5 -5.30629
 30.0  28.0 -5.02713
 30.0  28.5 -4.74242
 30.0  29.0 -4.45745
 30.0  29.5 -4.17653
 30.0  30.0 -3.90297
 30.0  30.5 -3.63926
 30.0  31.0 -3.38714
 30.0  31.5 -3.14774
 30.0  32.0 -2.92169
 30.0  32.5 -2.70924
 30.0  33.0 -2.51032
 30.0  33.5 -2.32464
 30.0  34.0 -2.15176
 30.0  34.5 -1.99112
 30.0  35.0 -1.84210
 30.0  35.5 -1.70403
 30.0  36.0 -1.57622
 30.0  36.5 -1.45801
 30.0  37.0 -1.34872
 30.0  37.5 -1.24772
 30.0  38.0 -1.15441
 30.0  38.5 -1.06819
 30.0  39.0 -0.98853
 30.0  39.5 -0.91492
 30.0  40.0 -0.84689
 30.0  40.5 -0.78400
 30.0  41.0 -0.72584
 30.0  41.5 -0.67205
 30.0  42.0 -0.62227
 30.0  42.5 -0.57619
 30.0  43.0 -0.53351
 30.0  43.5 -0.49397
 30.0  44.0 -0.45733
 30.0  44.5 -0.42334
 30.0  45.0 -0.39181
 30.5 -45.0 -0.35643
 30.5 -44.5 -0.38686
 30.5 -44.0 -0.41974
 30.5 -43.5 -0.45529
 30.5 -43.0 -0.49374
 30.5 -42.5 -0.53534
 30.5 -42.0 -0.58039
 30.5 -41.5 -0.62919
 30.5 -41.0 -0.68207
 30.5 -40.5 -0.73941
 30.5 -40.0 -0.80161
 30.5 -39.5 -0.86911
 30.5 -39.0 -0.94239
 30.5 -38.5 -1.02196
 30.5 -38.0 -1.10840
 30.5 -37.5 -1.20231
 30.5 -37.0 -1.30436
 30.5 -36.5 -1.41525
 30.5 -36.0 -1.53573
 30.5 -35.5 -1.66661
 30.5 -35.0 -1.80870
 30.5 -34.5 -1.96288
 30.5 -34.0 -2.13000
 30.5 -33.5 -2.31093
 30.5 -33.0 -2.50650
 30.5 -32.5 -2.71743
 30.5 -32.0 -2.94433
 30.5 -31.5 -3.18761
 30.5 -31.0 -3.44735
 30.5 -30.5 -3.72328
 30.5 -30.0 -4.01457
 30.5 -29.5 -4.31971
 30.5 -29.0 -4.63635
 30.5 -28.5 -4.96112
 30.5 -28.0 -5.28949
 30.5 -27.5 -5.61559
 30.5 -27.0 -5.93220
 30.5 -26.5 -6.23073
 30.5 -26.0 -6.50143
 30.5 -25.5 -6.73367
 30.5 -25.0 -6.91648
 30.5 -24.5 -7.03920
 30.5 -24.0 -7.09224
 30.5 -23.5 -7.06787
 30.5 -23.0 -6.96090
 30.5 -22.5 -6.76923
 30.5 -22.0 -6.49404
 30.5 -21.5 -6.13976
 30.5 -21.0 -5.71367
 30.5 -20.5 -5.22533
 30.5 -20.0 -4.68582
 30.5 -19.5 -4.10704
 30.5 -19.0 -3.50093
 30.5 -18.5 -2.87891
 30.5 -18.0 -2.25141
 30.5 -17.5 -1.62759
 30.5 -17.0 -1.01513
 30.5 -16.5 -0.42025
 30.5 -16.0  0.15228
 30.5 -15.5  0.69901
 30.5 -15.0  1.21766
 30.5 -14.5  1.70697
 30.5 -14.0  2.16647
 30.5 -13.5  2.59639
 30.5 -13.0  2.99744
 30.5 -12.5  3.37070
 30.5 -12.0  3.71751
 30.5 -11.5  4.03934
 30.5 -11.0  4.33774
 30.5 -10.5  4.61427
 30.5 -10.0  4.87045
 30.5  -9.5  5.10771
 30.5  -9.0  5.32738
 30.5  -8.5  5.53066
 30.5  -8.0  5.71863
 30.5  -7.5  5.89224
 30.5  -7.0  6.05231
 30.5  -6.5  6.19952
 30.5  -6.0  6.33446
 30.5  -5.5  6.45758
 30.5  -5.0  6.56927
 30.5  -4.5  6.66982
 30.5  -4.0  6.75944
 30.5  -3.5  6.83831
 30.5  -3.0  6.90653
 30.5  -2.5  6.96419
 30.5  -2.0  7.01132
 30.5  -1.5  7.04797
 30.5  -1.0  7.07414
 30.5  -0.5  7.08984
 30.5   0.0  7.09507
 30.5   0.5  7.08984
 30.5   1.0  7.07414
 30.5   1.5  7.04797
 30.5   2.0  7.01132
 30.5   2.5  6.96419
 30.5   3.0  6.90653
 30.5   3.5  6.83831
 30.5   4.0  6.75944
 30.5   4.5  6.66982
 30.5   5.0  6.56927
 30.5   5.5  6.45758
 30.5   6.0  6.33446
 30.5   6.5  6.19952
 30.5   7.0  6.05231
 30.5   7.5  5.89224
 30.5   8.0  5.71863
 30.5   8.5  5.53066
 30.5   9.0  5.32738
 30.5   9.5  5.10771
 30.5  10.0  4.87045
 30.5  10.5  4.61427
 30.5  11.0  4.33774
 30.5  11.5  4.03934
 30.5  12.0  3.71751
 30.5  12.5  3.37070
 30.5  13.0  2.99744
 30.5  13.5  2.59639
 30.5  14.0  2.16647
 30.5  14.5  1.70697
 30.5  15.0  1.21766
 30.5  15.5  0.69901
 30.5  16.0  0.15228
 30.5  16.5 -0.42025
 30.5  17.0 -1.01513
 30.5  17.5 -1.62759
 30.5  18.0 -2.25141
 30.5  18.5 -2.87891
 30.5  19.0 -3.50093
 30.5  19.5 -4.10704
 30.5  20.0 -4.68582
 30.5  20.5 -5.22533
 30.5  21.0 -5.71367
 30.5  21.5 -6.13976
 30.5  22.0 -6.49404
 30.5  22.5 -6.76923
 30.5  23.0 -6.96090
 30.5  23.5 -7.06787
 30.5  24.0 -7.09224
 30.5  24.5 -7.03920
 30.5  25.0 -6.91648
 30.5  25.5 -6.73367
 30.5  26.0 -6.50143
 30.5  26.5 -6.23073
 30.5  27.0 -5.93220
 30.5  27.5 -5.61559
 30.5  28.0 -5.28949
 30.5  28.5 -4.96112
 30.5  29.0 -4.63635
 30.5  29.5 -4.31971
 30.5  30.0 -4.01457
 30.5  30.5 -3.72328
 30.5  31.0 -3.44735
 30.5  31.5 -3.18761
 30.5  32.0 -2.94433
 30.5  32.5 -2.71743
 30.5  33.0 -2.50650
 30.5  33.5 -2.31093
 30.5  34.0 -2.13000
 30.5  34.5 -1.96288
 30.5  35.0 -1.80870
 30.5  35.5 -1.66661
 30.5  36.0 -1.53573
 30.5  36.5 -1.41525
 30.5  37.0 -1.30436
 30.5  37.5 -1.20231
 30.5  38.0 -1.10840
 30.5  38.5 -1.02196
 30.5  39.0 -0.94239
 30.5  39.5 -0.86911
 30.5  40.0 -0.80161
 30.5  40.5 -0.73941
 30.5  41.0 -0.68207
 30.5  41.5 -0.62919
 30.5  42.0 -0.58039
 30.5  42.5 -0.53534
 30.5  43.0 -0.49374
 30.5  43.5 -0.45529
 30.5  44.0 -0.41974
 30.5  44.5 -0.38686
 30.5  45.0 -0.35643
 31.0 -45.0 -0.31879
 31.0 -44.5 -0.34793
 31.0 -44.0 -0.37949
 31.0 -43.5 -0.41370
 31.0 -43.0 -0.45080
 31.0 -42.5 -0.49106
 31.0 -42.0 -0.53477
 31.0 -41.5 -0.58225
 31.0 -41.0 -0.63385
 31.0 -40.5 -0.68998
 31.0 -40.0 -0.75105
 31.0 -39.5 -0.81753
 31.0 -39.0 -0.88995
 31.0 -38.5 -0.96888
 31.0 -38.0 -1.05492
 31.0 -37.5 -1.14877
 31.0 -37.0 -1.25117
 31.0 -36.5 -1.36291
 31.0 -36.0 -1.48486
 31.0 -35.5 -1.61797
 31.0 -35.0 -1.76323
 31.0 -34.5 -1.92168
 31.0 -34.0 -2.09442
 31.0 -33.5 -2.28259
 31.0 -33.0 -2.48729
 31.0 -32.5 -2.70962
 31.0 -32.0 -2.95056
 31.0 -31.5 -3.21093
 31.0 -31.0 -3.49130
 31.0 -30.5 -3.79184
 31.0 -30.0 -4.11218
 31.0 -29.5 -4.45121
 31.0 -29.0 -4.80690
 31.0 -28.5 -5.17601
 31.0 -28.0 -5.55387
 31.0 -27.5 -5.93415
 31.0 -27.0 -6.30871
 31.0 -26.5 -6.66754
 31.0 -26.0 -6.99887
 31.0 -25.5 -7.28957
 31.0 -25.0 -7.52576
 31.0 -24.5 -7.69363
 31.0 -24.0 -7.78059
 31.0 -23.5 -7.77629
 31.0 -23.0 -7.67373
 31.0 -22.5 -7.46997
 31.0 -22.0 -7.16646
 31.0 -21.5 -6.76897
 31.0 -21.0 -6.28700
 31.0 -20.5 -5.73293
 31.0 -20.0 -5.12097
 31.0 -19.5 -4.46612
 31.0 -19.0 -3.78318
 31.0 -18.5 -3.08603
 31.0 -18.0 -2.38706
 31.0 -17.5 -1.69683
 31.0 -17.0 -1.02399
 31.0 -16.5 -0.37524
 31.0 -16.0  0.24448
 31.0 -15.5  0.83187
 31.0 -15.0  1.38500
 31.0 -14.5  1.90307
 31.0 -14.0  2.38620
 31.0 -13.5  2.83521
 31.0 -13.0  3.25142
 31.0 -12.5  3.63650
 31.0 -12.0  3.99234
 31.0 -11.5  4.32093
 31.0 -11.0  4.62427
 31.0 -10.5  4.90431
 31.0 -10.0  5.16291
 31.0  -9.5  5.40179
 31.0  -9.0  5.62251
 31.0  -8.5  5.82648
 31.0  -8.0  6.01491
 31.0  -7.5  6.18887
 31.0  -7.0  6.34925
 31.0  -6.5  6.49680
 31.0  -6.0  6.63213
 31.0  -5.5  6.75572
 31.0  -5.0  6.86794
 31.0  -4.5  6.96907
 31.0  -4.0  7.05933
 31.0  -3.5  7.13883
 31.0  -3.0  7.20768
 31.0  -2.5  7.26593
 31.0  -2.0  7.31358
 31.0  -1.5  7.35066
 31.0  -1.0  7.37715
 31.0  -0.5  7.39305
 31.0   0.0  7.39835
 31.0   0.5  7.39305
 31.0   1.0  7.37715
 31.0   1.5  7.35066
 31.0   2.0  7.31358
 31.0   2.5  7.26593
 31.0   3.0  7.20768
 31.0   3.5  7.13883
 31.0   4.0  7.05933
 31.0   4.5  6.96907
 31.0   5.0  6.86794
 31.0   5.5  6.75572
 31.0   6.0  6.63213
 31.0   6.5  6.49680
 31.0   7.0  6.34925
 31.0   7.5  6.18887
 31.0   8.0  6.01491
 31.0   8.5  5.82648
 31.0   9.0  5.62251
 31.0   9.5  5.40179
 31.0  10.0  5.16291
 31.0  10.5  4.90431
 31.0  11.0  4.62427
 31.0  11.5  4.32093
 31.0  12.0  3.99234
 31.0  12.5  3.63650
 31.0  13.0  3.25142
 31.0  13.5  2.83521
 31.0  14.0  2.38620
 31.0  14.5  1.90307
 31.0  15.0  1.38500
 31.0  15.5  0.83187
 31.0  16.0  0.24448
 31.0  16.5 -0.37524
 31.0  17.0 -1.02399
 31.0  17.5 -1.69683
 31.0  18.0 -2.38706
 31.0  18.5 -3.08603
 31.0  19.0 -3.78318
 31.0  19.5 -4.46612
 31.0  20.0 -5.12097
 31.0  20.5 -5.73293
 31.0  21.0 -6.28700
 31.0  21.5 -6.76897
 31.0  22.0 -7.16646
 31.0  22.5 -7.46997
 31.0  23.0 -7.67373
 31.0  23.5 -7.77629
 31.0  24.0 -7.78059
 31.0  24.5 -7.69363
 31.0  25.0 -7.52576
 31.0  25.5 -7.28957
 31.0  26.0 -6.99887
 31.0  26.5 -6.66754
 31.0  27.0 -6.30871
 31.0  27.5 -5.93415
 31.0  28.0 -5.55387
 31.0  28.5 -5.17601
 31.0  29.0 -4.80690
 31.0  29.5 -4.45121
 31.0  30.0 -4.11218
 31.0  30.5 -3.79184
 31.0  31.0 -3.49130
 31.0  31.5 -3.21093
 31.0  32.0 -2.95056
 31.0  32.5 -2.70962
 31.0  33.0 -2.48729
 31.0  33.5 -2.28259
 31.0  34.0 -2.09442
 31.0  34.5 -1.92168
 31.0  35.0 -1.76323
 31.0  35.5 -1.61797
 31.0  36.0 -1.48486
 31.0  36.5 -1.36291
 31.0  37.0 -1.25117
 31.0  37.5 -1.14877
 31.0  38.0 -1.05492
 31.0  38.5 -0.96888
 31.0  39.0 -0.88995
 31.0  39.5 -0.81753
 31.0  40.0 -0.75105
 31.0  40.5 -0.68998
 31.0  41.0 -0.63385
 31.0  41.5 -0.58225
 31.0  42.0 -0.53477
 31.0  42.5 -0.49106
 31.0  43.0 -0.45080
 31.0  43.5 -0.41370
 31.0  44.0 -0.37949
 31.0  44.5 -0.34793
 31.0  45.0 -0.31879
 31.5 -45.0 -0.27894
 31.5 -44.5 -0.30658
 31.5 -44.0 -0.33660
 31.5 -43.5 -0.36923
 31.5 -43.0 -0.40472
 31.5 -42.5 -0.44334
 31.5 -42.0 -0.48538
 31.5 -41.5 -0.53119
 31.5 -41.0 -0.58112
 31.5 -40.5 -0.63560
 31.5 -40.0 -0.69507
 31.5 -39.5 -0.76003
 31.5 -39.0 -0.83103
 31.5 -38.5 -0.90868
 31.5 -38.0 -0.99366
 31.5 -37.5 -1.08670
 31.5 -37.0 -1.18864
 31.5 -36.5 -1.30036
 31.5 -36.0 -1.42286
 31.5 -35.5 -1.55720
 31.5 -35.0 -1.70456
 31.5 -34.5 -1.86619
 31.5 -34.0 -2.04343
 31.5 -33.5 -2.23769
 31.5 -33.0 -2.45044
 31.5 -32.5 -2.68316
 31.5 -32.0 -2.93730
 31.5 -31.5 -3.21420
 31.5 -31.0 -3.51499
 31.5 -30.5 -3.84048
 31.5 -30.0 -4.19093
 31.5 -29.5 -4.56587
 31.5 -29.0 -4.96380
 31.5 -28.5 -5.38187
 31.5 -28.0 -5.81552
 31.5 -27.5 -6.25812
 31.5 -27.0 -6.70067
 31.5 -26.5 -7.13159
 31.5 -26.0 -7.53679
 31.5 -25.5 -7.90001
 31.5 -25.0 -8.20353
 31.5 -24.5 -8.42937
 31.5 -24.0 -8.56074
 31.5 -23.5 -8.58365
 31.5 -23.0 -8.48851
 31.5 -22.5 -8.27117
 31.5 -22.0 -7.93349
 31.5 -21.5 -7.48314
 31.5 -21.0 -6.93273
 31.5 -20.5 -6.29854
 31.5 -20.0 -5.59898
 31.5 -19.5 -4.85311
 31.5 -19.0 -4.07939
 31.5 -18.5 -3.29468
 31.5 -18.0 -2.51362
 31.5 -17.5 -1.74836
 31.5 -17.0 -1.00844
 31.5 -16.5 -0.30096
 31.5 -16.0  0.36924
 31.5 -15.5  0.99919
 31.5 -15.0  1.58755
 31.5 -14.5  2.13423
 31.5 -14.0  2.64014
 31.5 -13.5  3.10688
 31.5 -13.0  3.53655
 31.5 -12.5  3.93155
 31.5 -12.0  4.29443
 31.5 -11.5  4.62776
 31.5 -11.0  4.93408
 31.5 -10.5  5.21577
 31.5 -10.0  5.47507
 31.5  -9.5  5.71400
 31.5  -9.0  5.93438
 31.5  -8.5  6.13780
 31.5  -8.0  6.32563
 31.5  -7.5  6.49904
 31.5  -7.0  6.65899
 31.5  -6.5  6.80628
 31.5  -6.0  6.94152
 31.5  -5.5  7.06520
 31.5  -5.0  7.17767
 31.5  -4.5  7.27920
 31.5  -4.0  7.36994
 31.5  -3.5  7.45001
 31.5  -3.0  7.51944
 31.5  -2.5  7.57825
 31.5  -2.0  7.62642
 31.5  -1.5  7.66394
 31.5  -1.0  7.69076
 31.5  -0.5  7.70687
 31.5   0.0  7.71224
 31.5   0.5  7.70687
 31.5   1.0  7.69076
 31.5   1.5  7.66394
 31.5   2.0  7.62642
 31.5   2.5  7.57825
 31.5   3.0  7.51944
 31.5   3.5  7.45001
 31.5   4.0  7.36994
 31.5   4.5  7.27920
 31.5   5.0  7.17767
 31.5   5.5  7.06520
 31.5   6.0  6.94152
 31.5   6.5  6.80628
 31.5   7.0  6.65899
 31.5   7.5  6.49904
 31.5   8.0  6.32563
 31.5   8.5  6.13780
 31.5   9.0  5.93438
 31.5   9.5  5.71400
 31.5  10.0  5.47507
 31.5  10.5  5.21577
 31.5  11.0  4.93408
 31.5  11.5  4.62776
 31.5  12.0  4.29443
 31.5  12.5  3.93155
 31.5  13.0  3.53655
 31.5  13.5  3.10688
 31.5  14.0  2.64014
 31.5  14.5  2.13423
 31.5  15.0  1.58755
 31.5  15.5  0.99919
 31.5  16.0  0.36924
 31.5  16.5 -0.30096
 31.5  17.0 -1.00844
 31.5  17.5 -1.74836
 31.5  18.0 -2.51362
 31.5  18.5 -3.29468
 31.5  19.0 -4.07939
 31.5  19.5 -4.85311
 31.5  20.0 -5.59898
 31.5  20.5 -6.29854
 31.5  21.0 -6.93273
 31.5  21.5 -7.48314
 31.5  22.0 -7.93349
 31.5  22.5 -8.27117
 31.5  23.0 -8.48851
 31.5  23.5 -8.58365
 31.5  24.0 -8.56074
 31.5  24.5 -8.42937
 31.5  25.0 -8.20353
 31.5  25.5 -7.90001
 31.5  26.0 -7.53679
 31.5  26.5 -7.13159
 31.5  27.0 -6.70067
 31.5  27.5 -6.25812
 31.5  28.0 -5.81552
 31.5  28.5 -5.38187
 31.5  29.0 -4.96380
 31.5  29.5 -4.56587
 31.5  30.0 -4.19093
 31.5  30.5 -3.84048
 31.5  31.0 -3.51499
 31.5  31.5 -3.21420
 31.5  32.0 -2.93730
 31.5  32.5 -2.68316
 31.5  33.0 -2.45044
 31.5  33.5 -2.23769
 31.5  34.0 -2.04343
 31.5  34.5 -1.86619
 31.5  35.0 -1.70456
 31.5  35.5 -1.55720
 31.5  36.0 -1.42286
 31.5  36.5 -1.30036
 31.5  37.0 -1.18864
 31.5  37.5 -1.08670
 31.5  38.0 -0.99366
 31.5  38.5 -0.90868
 31.5  39.0 -0.83103
 31.5  39.5 -0.76003
 31.5  40.0 -0.69507
 31.5  40.5 -0.63560
 31.5  41.0 -0.58112
 31.5  41.5 -0.53119
 31.5  42.0 -0.48538
 31.5  42.5 -0.44334
 31.5  43.0 -0.40472
 31.5  43.5 -0.36923
 31.5  44.0 -0.33660
 31.5  44.5 -0.30658
 31.5  45.0 -0.27894
 32.0 -45.0 -0.23690
 32.0 -44.5 -0.26285
 32.0 -44.0 -0.29111
 32.0 -43.5 -0.32191
 32.0 -43.0 -0.35551
 32.0 -42.5 -0.39218
 32.0 -42.0 -0.43223
 32.0 -41.5 -0.47600
 32.0 -41.0 -0.52386
 32.0 -40.5 -0.57624
 32.0 -40.0 -0.63361
 32.0 -39.5 -0.69649
 32.0 -39.0 -0.76546
 32.0 -38.5 -0.84117
 32.0 -38.0 -0.92433
 32.0 -37.5 -1.01576
 32.0 -37.0 -1.11633
 32.0 -36.5 -1.22705
 32.0 -36.0 -1.34901
 32.0 -35.5 -1.48343
 32.0 -35.0 -1.63163
 32.0 -34.5 -1.79510
 32.0 -34.0 -1.97542
 32.0 -33.5 -2.17431
 32.0 -33.0 -2.39362
 32.0 -32.5 -2.63528
 32.0 -32.0 -2.90125
 32.0 -31.5 -3.19351
 32.0 -31.0 -3.51391
 32.0 -30.5 -3.86403
 32.0 -30.0 -4.24502
 32.0 -29.5 -4.65731
 32.0 -29.0 -5.10028
 32.0 -28.5 -5.57181
 32.0 -28.0 -6.06783
 32.0 -27.5 -6.58172
 32.0 -27.0 -7.10382
 32.0 -26.5 -7.62099
 32.0 -26.0 -8.11646
 32.0 -25.5 -8.57008
 32.0 -25.0 -8.95918
 32.0 -24.5 -9.26006
 32.0 -24.0 -9.45007
 32.0 -23.5 -9.51001
 32.0 -23.0 -9.42651
 32.0 -22.5 -9.19370
 32.0 -22.0 -8.81404
 32.0 -21.5 -8.29799
 32.0 -21.0 -7.66260
 32.0 -20.5 -6.92962
 32.0 -20.0 -6.12318
 32.0 -19.5 -5.26769
 32.0 -19.0 -4.38622
 32.0 -18.5 -3.49923
 32.0 -18.0 -2.62396
 32.0 -17.5 -1.77414
 32.0 -17.0 -0.96010
 32.0 -16.5 -0.18905
 32.0 -16.0  0.53450
 32.0 -15.5  1.20831
 32.0 -15.0  1.83192
 32.0 -14.5  2.40628
 32.0 -14.0  2.93332
 32.0 -13.5  3.41567
 32.0 -13.0  3.85638
 32.0 -12.5  4.25873
 32.0 -12.0  4.62605
 32.0 -11.5  4.96160
 32.0 -11.0  5.26848
 32.0 -10.5  5.54959
 32.0 -10.0  5.80755
 32.0  -9.5  6.04473
 32.0  -9.0  6.26317
 32.0  -8.5  6.46468
 32.0  -8.0  6.65075
 32.0  -7.5  6.82264
 32.0  -7.0  6.98138
 32.0  -6.5  7.12778
 32.0  -6.0  7.26245
 32.0  -5.5  7.38587
 32.0  -5.0  7.49835
 32.0  -4.5  7.60010
 32.0  -4.0  7.69124
 32.0  -3.5  7.77181
 32.0  -3.0  7.84181
 32.0  -2.5  7.90120
 32.0  -2.0  7.94992
 32.0  -1.5  7.98790
 32.0  -1.0  8.01509
 32.0  -0.5  8.03142
 32.0   0.0  8.03687
 32.0   0.5  8.03142
 32.0   1.0  8.01509
 32.0   1.5  7.98790
 32.0   2.0  7.94992
 32.0   2.5  7.90120
 32.0   3.0  7.84181
 32.0   3.5  7.77181
 32.0   4.0  7.69124
 32.0   4.5  7.60010
 32.0   5.0  7.49835
 32.0   5.5  7.38587
 32.0   6.0  7.26245
 32.0   6.5  7.12778
 32.0   7.0  6.98138
 32.0   7.5  6.82264
 32.0   8.0  6.65075
 32.0   8.5  6.46468
 32.0   9.0  6.26317
 32.0   9.5  6.04473
 32.0  10.0  5.80755
 32.0  10.5  5.54959
 32.0  11.0  5.26848
 32.0  11.5  4.96160
 32.0  12.0  4.62605
 32.0  12.5  4.25873
 32.0  13.0  3.85638
 32.0  13.5  3.41567
 32.0  14.0  2.93332
 32.0  14.5  2.40628
 32.0  15.0  1.83192
 32.0  15.5  1.20831
 32.0  16.0  0.53450
 32.0  16.5 -0.18905
 32.0  17.0 -0.96010
 32.0  17.5 -1.77414
 32.0  18.0 -2.62396
 32.0  18.5 -3.49923
 32.0  19.0 -4.38622
 32.0  19.5 -5.26769
 32.0  20.0 -6.12318
 32.0  20.5 -6.92962
 32.0  21.0 -7.66260
 32.0  21.5 -8.29799
 32.0  22.0 -8.81404
 32.0  22.5 -9.19370
 32.0  23.0 -9.42651
 32.0  23.5 -9.51001
 32.0  24.0 -9.45007
 32.0  24.5 -9.26006
 32.0  25.0 -8.95918
 32.0  25.5 -8.57008
 32.0  26.0 -8.11646
 32.0  26.5 -7.62099
 32.0  27.0 -7.10382
 32.0  27.5 -6.58172
 32.0  28.0 -6.06783
 32.0  28.5 -5.57181
 32.0  29.0 -5.10028
 32.0  29.5 -4.65731
 32.0  30.0 -4.24502
 32.0  30.5 -3.86403
 32.0  31.0 -3.51391
 32.0  31.5 -3.19351
 32.0  32.0 -2.90125
 32.0  32.5 -2.63528
 32.0  33.0 -2.39362
 32.0  33.5 -2.17431
 32.0  34.0 -1.97542
 32.0  34.5 -1.79510
 32.0  35.0 -1.63163
 32.0  35.5 -1.48343
 32.0  36.0 -1.34901
 32.0  36.5 -1.22705
 32.0  37.0 -1.11633
 32.0  37.5 -1.01576
 32.0  38.0 -0.92433
 32.0  38.5 -0.84117
 32.0  39.0 -0.76546
 32.0  39.5 -0.69649
 32.0  40.0 -0.63361
 32.0  40.5 -0.57624
 32.0  41.0 -0.52386
 32.0  41.5 -0.47600
 32.0  42.0 -0.43223
 32.0  42.5 -0.39218
 32.0  43.0 -0.35551
 32.0  43.5 -0.32191
 32.0  44.0 -0.29111
 32.0  44.5 -0.26285
 32.0  45.0 -0.23690
 32.5 -45.0 -0.19276
 32.5 -44.5 -0.21680
 32.5 -44.0 -0.24307
 32.5 -43.5 -0.27180
 32.5 -43.0 -0.30324
 32.5 -42.5 -0.33766
 32.5 -42.0 -0.37537
 32.5 -41.5 -0.41672
 32.5 -41.0 -0.46209
 32.5 -40.5 -0.51191
 32.5 -40.0 -0.56666
 32.5 -39.5 -0.62687
 32.5 -39.0 -0.69317
 32.5 -38.5 -0.76621
 32.5 -38.0 -0.84676
 32.5 -37.5 -0.93567
 32.5 -37.0 -1.03390
 32.5 -36.5 -1.14252
 32.5 -36.0 -1.26274
 32.5 -35.5 -1.39589
 32.5 -35.0 -1.54348
 32.5 -34.5 -1.70718
 32.5 -34.0 -1.88885
 32.5 -33.5 -2.09053
 32.5 -33.0 -2.31447
 32.5 -32.5 -2.56307
 32.5 -32.0 -2.83890
 32.5 -31.5 -3.14465
 32.5 -31.0 -3.48302
 32.5 -30.5 -3.85659
 32.5 -30.0 -4.26764
 32.5 -29.5 -4.71784
 32.5 -29.0 -5.20786
 32.5 -28.5 -5.73685
 32.5 -28.0 -6.30174
 32.5 -27.5 -6.89652
 32.5 -27.0 -7.51128
 32.5 -26.5 -8.13151
 32.5 -26.0 -8.73753
 32.5 -25.5 -9.30448
 32.5 -25.0 -9.80322
 32.5 -24.5 -10.20221
 32.5 -24.0 -10.47044
 32.5 -23.5 -10.58111
 32.5 -23.0 -10.51523
 32.5 -22.5 -10.26443
 32.5 -22.0 -9.83213
 32.5 -21.5 -9.23293
 32.5 -21.0 -8.49047
 32.5 -20.5 -7.63422
 32.5 -20.0 -6.69616
 32.5 -19.5 -5.70782
 32.5 -19.0 -4.69801
 32.5 -18.5 -3.69149
 32.5 -18.0 -2.70827
 32.5 -17.5 -1.76361
 32.5 -17.0 -0.86830
 32.5 -16.5 -0.02927
 32.5 -16.0  0.74980
 32.5 -15.5  1.46785
 32.5 -15.0  2.12573
 32.5 -14.5  2.72577
 32.5 -14.0  3.27127
 32.5 -13.5  3.76613
 32.5 -13.0  4.21458
 32.5 -12.5  4.62093
 32.5 -12.0  4.98941
 32.5 -11.5  5.32405
 32.5 -11.0  5.62861
 32.5 -10.5  5.90651
 32.5 -10.0  6.16078
 32.5  -9.5  6.39413
 32.5  -9.0  6.60886
 32.5  -8.5  6.80694
 32.5  -8.0  6.99000
 32.5  -7.5  7.15936
 32.5  -7.0  7.31608
 32.5  -6.5  7.46097
 32.5  -6.0  7.59462
 32.5  -5.5  7.71746
 32.5  -5.0  7.82973
 32.5  -4.5  7.93159
 32.5  -4.0  8.02308
 32.5  -3.5  8.10417
 32.5  -3.0  8.17479
 32.5  -2.5  8.23483
 32.5  -2.0  8.28416
 32.5  -1.5  8.32267
 32.5  -1.0  8.35027
 32.5  -0.5  8.36686
 32.5   0.0  8.37239
 32.5   0.5  8.36686
 32.5   1.0  8.35027
 32.5   1.5  8.32267
 32.5   2.0  8.28416
 32.5   2.5  8.23483
 32.5   3.0  8.17479
 32.5   3.5  8.10417
 32.5   4.0  8.02308
 32.5   4.5  7.93159
 32.5   5.0  7.82973
 32.5   5.5  7.71746
 32.5   6.0  7.59462
 32.5   6.5  7.46097
 32.5   7.0  7.31608
 32.5   7.5  7.15936
 32.5   8.0  6.99000
 32.5   8.5  6.80694
 32.5   9.0  6.60886
 32.5   9.5  6.39413
 32.5  10.0  6.16078
 32.5  10.5  5.90651
 32.5  11.0  5.62861
 32.5  11.5  5.32405
 32.5  12.0  4.98941
 32.5  12.5  4.62093
 32.5  13.0  4.21458
 32.5  13.5  3.76613
 32.5  14.0  3.27127
 32.5  14.5  2.72577
 32.5  15.0  2.12573
 32.5  15.5  1.46785
 32.5  16.0  0.74980
 32.5  16.5 -0.02927
 32.5  17.0 -0.86830
 32.5  17.5 -1.76361
 32.5  18.0 -2.70827
 32.5  18.5 -3.69149
 32.5  19.0 -4.69801
 32.5  19.5 -5.70782
 32.5  20.0 -6.69616
 32.5  20.5 -7.63422
 32.5  21.0 -8.49047
 32.5  21.5 -9.23293
 32.5  22.0 -9.83213
 32.5  22.5 -10.26443
 32.5  23.0 -10.51523
 32.5  23.5 -10.58111
 32.5  24.0 -10.47044
 32.5  24.5 -10.20221
 32.5  25.0 -9.80322
 32.5  25.5 -9.30448
 32.5  26.0 -8.73753
 32.5  26.5 -8.13151
 32.5  27.0 -7.51128
 32.5  27.5 -6.89652
 32.5  28.0 -6.30174
 32.5  28.5 -5.73685
 32.5  29.0 -5.20786
 32.5  29.5 -4.71784
 32.5  30.0 -4.26764
 32.5  30.5 -3.85659
 32.5  31.0 -3.48302
 32.5  31.5 -3.14465
 32.5  32.0 -2.83890
 32.5  32.5 -2.56307
 32.5  33.0 -2.31447
 32.5  33.5 -2.09053
 32.5  34.0 -1.88885
 32.5  34.5 -1.70718
 32.5  35.0 -1.54348
 32.5  35.5 -1.39589
 32.5  36.0 -1.26274
 32.5  36.5 -1.14252
 32.5  37.0 -1.03390
 32.5  37.5 -0.93567
 32.5  38.0 -0.84676
 32.5  38.5 -0.76621
 32.5  39.0 -0.69317
 32.5  39.5 -0.62687
 32.5  40.0 -0.56666
 32.5  40.5 -0.51191
 32.5  41.0 -0.46209
 32.5  41.5 -0.41672
 32.5  42.0 -0.37537
 32.5  42.5 -0.33766
 32.5  43.0 -0.30324
 32.5  43.5 -0.27180
 32.5  44.0 -0.24307
 32.5  44.5 -0.21680
 32.5  45.0 -0.19276
 33.0 -45.0 -0.14659
 33.0 -44.5 -0.16852
 33.0 -44.0 -0.19259
 33.0 -43.5 -0.21899
 33.0 -43.0 -0.24799
 33.0 -42.5 -0.27985
 33.0 -42.0 -0.31488
 33.0 -41.5 -0.35343
 33.0 -41.0 -0.39587
 33.0 -40.5 -0.44265
 33.0 -40.0 -0.49424
 33.0 -39.5 -0.55120
 33.0 -39.0 -0.61414
 33.0 -38.5 -0.68376
 33.0 -38.0 -0.76085
 33.0 -37.5 -0.84629
 33.0 -37.0 -0.94111
 33.0 -36.5 -1.04643
 33.0 -36.0 -1.16355
 33.0 -35.5 -1.29393
 33.0 -35.0 -1.43923
 33.0 -34.5 -1.60132
 33.0 -34.0 -1.78230
 33.0 -33.5 -1.98454
 33.0 -33.0 -2.21067
 33.0 -32.5 -2.46363
 33.0 -32.0 -2.74664
 33.0 -31.5 -3.06316
 33.0 -31.0 -3.41688
 33.0 -30.5 -3.81158
 33.0 -30.0 -4.25095
 33.0 -29.5 -4.73829
 33.0 -29.0 -5.27611
 33.0 -28.5 -5.86547
 33.0 -28.0 -6.50515
 33.0 -27.5 -7.19054
 33.0 -27.0 -7.91239
 33.0 -26.5 -8.65537
 33.0 -26.0 -9.39691
 33.0 -25.5 -10.10666
 33.0 -25.0 -10.74710
 33.0 -24.5 -11.27581
 33.0 -24.0 -11.64970
 33.0 -23.5 -11.83055
 33.0 -23.0 -11.79091
 33.0 -22.5 -11.51858
 33.0 -22.0 -11.01862
 33.0 -21.5 -10.31212
 33.0 -21.0 -9.43252
 33.0 -20.5 -8.42052
 33.0 -20.0 -7.31897
 33.0 -19.5 -6.16871
 33.0 -19.0 -5.00572
 33.0 -18.5 -3.85963
 33.0 -18.0 -2.75327
 33.0 -17.5 -1.70306
 33.0 -17.0 -0.71969
 33.0 -16.5  0.19088
 33.0 -16.0  1.02648
 33.0 -15.5  1.78778
 33.0 -15.0  2.47753
 33.0 -14.5  3.09990
 33.0 -14.0  3.65990
 33.0 -13.5  4.16302
 33.0 -13.0  4.61487
 33.0 -12.5  5.02096
 33.0 -12.0  5.38656
 33.0 -11.5  5.71654
 33.0 -11.0  6.01536
 33.0 -10.5  6.28697
 33.0 -10.0  6.53488
 33.0  -9.5  6.76209
 33.0  -9.0  6.97115
 33.0  -8.5  7.16417
 33.0  -8.0  7.34289
 33.0  -7.5  7.50868
 33.0  -7.0  7.66258
 33.0  -6.5  7.80537
 33.0  -6.0  7.93759
 33.0  -5.5  8.05958
 33.0  -5.0  8.17152
 33.0  -4.5  8.27345
 33.0  -4.0  8.36532
 33.0  -3.5  8.44701
 33.0  -3.0  8.51835
 33.0  -2.5  8.57915
 33.0  -2.0  8.62922
 33.0  -1.5  8.66837
 33.0  -1.0  8.69646
 33.0  -0.5  8.71336
 33.0   0.0  8.71900
 33.0   0.5  8.71336
 33.0   1.0  8.69646
 33.0   1.5  8.66837
 33.0   2.0  8.62922
 33.0   2.5  8.57915
 33.0   3.0  8.51835
 33.0   3.5  8.44701
 33.0   4.0  8.36532
 33.0   4.5  8.27345
 33.0   5.0  8.17152
 33.0   5.5  8.05958
 33.0   6.0  7.93759
 33.0   6.5  7.80537
 33.0   7.0  7.66258
 33.0   7.5  7.50868
 33.0   8.0  7.34289
 33.0   8.5  7.16417
 33.0   9.0  6.97115
 33.0   9.5  6.76209
 33.0  10.0  6.53488
 33.0  10.5  6.28697
 33.0  11.0  6.01536
 33.0  11.5  5.71654
 33.0  12.0  5.38656
 33.0  12.5  5.02096
 33.0  13.0  4.61487
 33.0  13.5  4.16302
 33.0  14.0  3.65990
 33.0  14.5  3.09990
 33.0  15.0  2.47753
 33.0  15.5  1.78778
 33.0  16.0  1.02648
 33.0  16.5  0.19088
 33.0  17.0 -0.71969
 33.0  17.5 -1.70306
 33.0  18.0 -2.75327
 33.0  18.5 -3.85963
 33.0  19.0 -5.00572
 33.0  19.5 -6.16871
 33.0  20.0 -7.31897
 33.0  20.5 -8.42052
 33.0  21.0 -9.43252
 33.0  21.5 -10.31212
 33.0  22.0 -11.01862
 33.0  22.5 -11.51858
 33.0  23.0 -11.79091
 33.0  23.5 -11.83055
 33.0  24.0 -11.64970
 33.0  24.5 -11.27581
 33.0  25.0 -10.74710
 33.0  25.5 -10.10666
 33.0  26.0 -9.39691
 33.0  26.5 -8.65537
 33.0  27.0 -7.91239
 33.0  27.5 -7.19054
 33.0  28.0 -6.50515
 33.0  28.5 -5.86547
 33.0  29.0 -5.27611
 33.0  29.5 -4.73829
 33.0  30.0 -4.25095
 33.0  30.5 -3.81158
 33.0  31.0 -3.41688
 33.0  31.5 -3.06316
 33.0  32.0 -2.74664
 33.0  32.5 -2.46363
 33.0  33.0 -2.21067
 33.0  33.5 -1.98454
 33.0  34.0 -1.78230
 33.0  34.5 -1.60132
 33.0  35.0 -1.43923
 33.0  35.5 -1.29393
 33.0  36.0 -1.16355
 33.0  36.5 -1.04643
 33.0  37.0 -0.94111
 33.0  37.5 -0.84629
 33.0  38.0 -0.76085
 33.0  38.5 -0.68376
 33.0  39.0 -0.61414
 33.0  39.5 -0.55120
 33.0  40.0 -0.49424
 33.0  40.5 -0.44265
 33.0  41.0 -0.39587
 33.0  41.5 -0.35343
 33.0  42.0 -0.31488
 33.0  42.5 -0.27985
 33.0  43.0 -0.24799
 33.0  43.5 -0.21899
 33.0  44.0 -0.19259
 33.0  44.5 -0.16852
 33.0  45.0 -0.14659
 33.5 -45.0 -0.09849
 33.5 -44.5 -0.11813
 33.5 -44.0 -0.13976
 33.5 -43.5 -0.16360
 33.5 -43.0 -0.18988
 33.5 -42.5 -0.21888
 33.5 -42.0 -0.25089
 33.5 -41.5 -0.28625
 33.5 -41.0 -0.32533
 33.5 -40.5 -0.36858
 33.5 -40.0 -0.41647
 33.5 -39.5 -0.46955
 33.5 -39.0 -0.52844
 33.5 -38.5 -0.59386
 33.5 -38.0 -0.66659
 33.5 -37.5 -0.74757
 33.5 -37.0 -0.83783
 33.5 -36.5 -0.93856
 33.5 -36.0 -1.05113
 33.5 -35.5 -1.17710
 33.5 -35.0 -1.31824
 33.5 -34.5 -1.47661
 33.5 -34.0 -1.65454
 33.5 -33.5 -1.85469
 33.5 -33.0 -2.08010
 33.5 -32.5 -2.33421
 33.5 -32.0 -2.62089
 33.5 -31.5 -2.94449
 33.5 -31.0 -3.30976
 33.5 -30.5 -3.72185
 33.5 -30.0 -4.18615
 33.5 -29.5 -4.70803
 33.5 -29.0 -5.29245
 33.5 -28.5 -5.94322
 33.5 -28.0 -6.66205
 33.5 -27.5 -7.44711
 33.5 -27.0 -8.29116
 33.5 -26.5 -9.17932
 33.5 -26.0 -10.08684
 33.5 -25.5 -10.97730
 33.5 -25.0 -11.80253
 33.5 -24.5 -12.50503
 33.5 -24.0 -13.02381
 33.5 -23.5 -13.30313
 33.5 -23.0 -13.30223
 33.5 -22.5 -13.00312
 33.5 -22.0 -12.41375
 33.5 -21.5 -11.56563
 33.5 -21.0 -10.50732
 33.5 -20.5 -9.29599
 33.5 -20.0 -7.98963
 33.5 -19.5 -6.64123
 33.5 -19.0 -5.29538
 33.5 -18.5 -3.98693
 33.5 -18.0 -2.74119
 33.5 -17.5 -1.57489
 33.5 -17.0 -0.49766
 33.5 -16.5  0.48648
 33.5 -16.0  1.37778
 33.5 -15.5  2.17948
 33.5 -15.0  2.89687
 33.5 -14.5  3.53647
 33.5 -14.0  4.10544
 33.5 -13.5  4.61117
 33.5 -13.0  5.06087
 33.5 -12.5  5.46143
 33.5 -12.0  5.81925
 33.5 -11.5  6.14011
 33.5 -11.0  6.42921
 33.5 -10.5  6.69107
 33.5 -10.0  6.92961
 33.5  -9.5  7.14813
 33.5  -9.0  7.34940
 33.5  -8.5  7.53566
 33.5  -8.0  7.70868
 33.5  -7.5  7.86983
 33.5  -7.0  8.02014
 33.5  -6.5  8.16030
 33.5  -6.0  8.29076
 33.5  -5.5  8.41174
 33.5  -5.0  8.52330
 33.5  -4.5  8.62535
 33.5  -4.0  8.71773
 33.5  -3.5  8.80019
 33.5  -3.0  8.87245
 33.5  -2.5  8.93421
 33.5  -2.0  8.98519
 33.5  -1.5  9.02514
 33.5  -1.0  9.05384
 33.5  -0.5  9.07112
 33.5   0.0  9.07690
 33.5   0.5  9.07112
 33.5   1.0  9.05384
 33.5   1.5  9.02514
 33.5   2.0  8.98519
 33.5   2.5  8.93421
 33.5   3.0  8.87245
 33.5   3.5  8.80019
 33.5   4.0  8.71773
 33.5   4.5  8.62535
 33.5   5.0  8.52330
 33.5   5.5  8.41174
 33.5   6.0  8.29076
 33.5   6.5  8.16030
 33.5   7.0  8.02014
 33.5   7.5  7.86983
 33.5   8.0  7.70868
 33.5   8.5  7.53566
 33.5   9.0  7.34940
 33.5   9.5  7.14813
 33.5  10.0  6.92961
 33.5  10.5  6.69107
 33.5  11.0  6.42921
 33.5  11.5  6.14011
 33.5  12.0  5.81925
 33.5  12.5  5.46143
 33.5  13.0  5.06087
 33.5  13.5  4.61117
 33.5  14.0  4.10544
 33.5  14.5  3.53647
 33.5  15.0  2.89687
 33.5  15.5  2.17948
 33.5  16.0  1.37778
 33.5  16.5  0.48648
 33.5  17.0 -0.49766
 33.5  17.5 -1.57489
 33.5  18.0 -2.74119
 33.5  18.5 -3.98693
 33.5  19.0 -5.29538
 33.5  19.5 -6.64123
 33.5  20.0 -7.98963
 33.5  20.5 -9.29599
 33.5  21.0 -10.50732
 33.5  21.5 -11.56563
 33.5  22.0 -12.41375
 33.5  22.5 -13.00312
 33.5  23.0 -13.30223
 33.5  23.5 -13.30313
 33.5  24.0 -13.02381
 33.5  24.5 -12.50503
 33.5  25.0 -11.80253
 33.5  25.5 -10.97730
 33.5  26.0 -10.08684
 33.5  26.5 -9.17932
 33.5  27.0 -8.29116
 33.5  27.5 -7.44711
 33.5  28.0 -6.66205
 33.5  28.5 -5.94322
 33.5  29.0 -5.29245
 33.5  29.5 -4.70803
 33.5  30.0 -4.18615
 33.5  30.5 -3.72185
 33.5  31.0 -3.30976
 33.5  31.5 -2.94449
 33.5  32.0 -2.62089
 33.5  32.5 -2.33421
 33.5  33.0 -2.08010
 33.5  33.5 -1.85469
 33.5  34.0 -1.65454
 33.5  34.5 -1.47661
 33.5  35.0 -1.31824
 33.5  35.5 -1.17710
 33.5  36.0 -1.05113
 33.5  36.5 -0.93856
 33.5  37.0 -0.83783
 33.5  37.5 -0.74757
 33.5  38.0 -0.66659
 33.5  38.5 -0.59386
 33.5  39.0 -0.52844
 33.5  39.5 -0.46955
 33.5  40.0 -0.41647
 33.5  40.5 -0.36858
 33.5  41.0 -0.32533
 33.5  41.5 -0.28625
 33.5  42.0 -0.25089
 33.5  42.5 -0.21888
 33.5  43.0 -0.18988
 33.5  43.5 -0.16360
 33.5  44.0 -0.13976
 33.5  44.5 -0.11813
 33.5  45.0 -0.09849
 34.0 -45.0 -0.04859
 34.0 -44.5 -0.06574
 34.0 -44.0 -0.08473
 34.0 -43.5 -0.10576
 34.0 -43.0 -0.12907
 34.0 -42.5 -0.15490
 34.0 -42.0 -0.18355
 34.0 -41.5 -0.21534
 34.0 -41.0 -0.25065
 34.0 -40.5 -0.28988
 34.0 -40.0 -0.33352
 34.0 -39.5 -0.38210
 34.0 -39.0 -0.43625
 34.0 -38.5 -0.49665
 34.0 -38.0 -0.56412
 34.0 -37.5 -0.63959
 34.0 -37.0 -0.72410
 34.0 -36.5 -0.81889
 34.0 -36.0 -0.92535
 34.0 -35.5 -1.04513
 34.0 -35.0 -1.18008
 34.0 -34.5 -1.33241
 34.0 -34.0 -1.50462
 34.0 -33.5 -1.69965
 34.0 -33.0 -1.92090
 34.0 -32.5 -2.17228
 34.0 -32.0 -2.45831
 34.0 -31.5 -2.78420
 34.0 -31.0 -3.15585
 34.0 -30.5 -3.57990
 34.0 -30.0 -4.06369
 34.0 -29.5 -4.61507
 34.0 -29.0 -5.24209
 34.0 -28.5 -5.95233
 34.0 -28.0 -6.75184
 34.0 -27.5 -7.64342
 34.0 -27.0 -8.62413
 34.0 -26.5 -9.68196
 34.0 -26.0 -10.79177
 34.0 -25.5 -11.91152
 34.0 -25.0 -12.98002
 34.0 -24.5 -13.91883
 34.0 -24.0 -14.63996
 34.0 -23.5 -15.05985
 34.0 -23.0 -15.11623
 34.0 -22.5 -14.78199
 34.0 -22.0 -14.07050
 34.0 -21.5 -13.03075
 34.0 -21.0 -11.73520
 34.0 -20.5 -10.26559
 34.0 -20.0 -8.70087
 34.0 -19.5 -7.10955
 34.0 -19.0 -5.54602
 34.0 -18.5 -4.05011
 34.0 -18.0 -2.64847
 34.0 -17.5 -1.35671
 34.0 -17.0 -0.18186
 34.0 -16.5  0.87543
 34.0 -16.0  1.81902
 34.0 -15.5  2.65571
 34.0 -15.0  3.39410
 34.0 -14.5  4.04368
 34.0 -14.0  4.61422
 34.0 -13.5  5.11527
 34.0 -13.0  5.55592
 34.0 -12.5  5.94455
 34.0 -12.0  6.28878
 34.0 -11.5  6.59535
 34.0 -11.0  6.87020
 34.0 -10.5  7.11839
 34.0 -10.0  7.34425
 34.0  -9.5  7.55135
 34.0  -9.0  7.74259
 34.0  -8.5  7.92030
 34.0  -8.0  8.08626
 34.0  -7.5  8.24179
 34.0  -7.0  8.38781
 34.0  -6.5  8.52491
 34.0  -6.0  8.65338
 34.0  -5.5  8.77330
 34.0  -5.0  8.88456
 34.0  -4.5  8.98693
 34.0  -4.0  9.08006
 34.0  -3.5  9.16357
 34.0  -3.0  9.23704
 34.0  -2.5  9.30005
 34.0  -2.0  9.35221
 34.0  -1.5  9.39317
 34.0  -1.0  9.42264
 34.0  -0.5  9.44041
 34.0   0.0  9.44635
 34.0   0.5  9.44041
 34.0   1.0  9.42264
 34.0   1.5  9.39317
 34.0   2.0  9.35221
 34.0   2.5  9.30005
 34.0   3.0  9.23704
 34.0   3.5  9.16357
 34.0   4.0  9.08006
 34.0   4.5  8.98693
 34.0   5.0  8.88456
 34.0   5.5  8.77330
 34.0   6.0  8.65338
 34.0   6.5  8.52491
 34.0   7.0  8.38781
 34.0   7.5  8.24179
 34.0   8.0  8.08626
 34.0   8.5  7.92030
 34.0   9.0  7.74259
 34.0   9.5  7.55135
 34.0  10.0  7.34425
 34.0  10.5  7.11839
 34.0  11.0  6.87020
 34.0  11.5  6.59535
 34.0  12.0  6.28878
 34.0  12.5  5.94455
 34.0  13.0  5.55592
 34.0  13.5  5.11527
 34.0  14.0  4.61422
 34.0  14.5  4.04368
 34.0  15.0  3.39410
 34.0  15.5  2.65571
 34.0  16.0  1.81902
 34.0  16.5  0.87543
 34.0  17.0 -0.18186
 34.0  17.5 -1.35671
 34.0  18.0 -2.64847
 34.0  18.5 -4.05011
 34.0  19.0 -5.54602
 34.0  19.5 -7.10955
 34.0  20.0 -8.70087
 34.0  20.5 -10.26559
 34.0  21.0 -11.73520
 34.0  21.5 -13.03075
 34.0  22.0 -14.07050
 34.0  22.5 -14.78199
 34.0  23.0 -15.11623
 34.0  23.5 -15.05985
 34.0  24.0 -14.63996
 34.0  24.5 -13.91883
 34.0  25.0 -12.98002
 34.0  25.5 -11.91152
 34.0  26.0 -10.79177
 34.0  26.5 -9.68196
 34.0  27.0 -8.62413
 34.0  27.5 -7.64342
 34.0  28.0 -6.75184
 34.0  28.5 -5.95233
 34.0  29.0 -5.24209
 34.0  29.5 -4.61507
 34.0  30.0 -4.06369
 34.0  30.5 -3.57990
 34.0  31.0 -3.15585
 34.0  31.5 -2.78420
 34.0  32.0 -2.45831
 34.0  32.5 -2.17228
 34.0  33.0 -1.92090
 34.0  33.5 -1.69965
 34.0  34.0 -1.50462
 34.0  34.5 -1.33241
 34.0  35.0 -1.18008
 34.0  35.5 -1.04513
 34.0  36.0 -0.92535
 34.0  36.5 -0.81889
 34.0  37.0 -0.72410
 34.0  37.5 -0.63959
 34.0  38.0 -0.56412
 34.0  38.5 -0.49665
 34.0  39.0 -0.43625
 34.0  39.5 -0.38210
 34.0  40.0 -0.33352
 34.0  40.5 -0.28988
 34.0  41.0 -0.25065
 34.0  41.5 -0.21534
 34.0  42.0 -0.18355
 34.0  42.5 -0.15490
 34.0  43.0 -0.12907
 34.0  43.5 -0.10576
 34.0  44.0 -0.08473
 34.0  44.5 -0.06574
 34.0  45.0 -0.04859
 34.5 -45.0  0.00296
 34.5 -44.5 -0.01151
 34.5 -44.0 -0.02766
 34.5 -43.5 -0.04566
 34.5 -43.0 -0.06573
 34.5 -42.5 -0.08811
 34.5 -42.0 -0.11308
 34.5 -41.5 -0.14094
 34.5 -41.0 -0.17204
 34.5 -40.5 -0.20679
 34.5 -40.0 -0.24564
 34.5 -39.5 -0.28911
 34.5 -39.0 -0.33780
 34.5 -38.5 -0.39240
 34.5 -38.0 -0.45369
 34.5 -37.5 -0.52258
 34.5 -37.0 -0.60014
 34.5 -36.5 -0.68757
 34.5 -36.0 -0.78631
 34.5 -35.5 -0.89801
 34.5 -35.0 -1.02461
 34.5 -34.5 -1.16837
 34.5 -34.0 -1.33196
 34.5 -33.5 -1.51849
 34.5 -33.0 -1.73166
 34.5 -32.5 -1.97580
 34.5 -32.0 -2.25601
 34.5 -31.5 -2.57828
 34.5 -31.0 -2.94966
 34.5 -30.5 -3.37832
 34.5 -30.0 -3.87368
 34.5 -29.5 -4.44641
 34.5 -29.0 -5.10827
 34.5 -28.5 -5.87166
 34.5 -28.0 -6.74863
 34.5 -27.5 -7.74910
 34.5 -27.0 -8.87782
 34.5 -26.5 -10.12973
 34.5 -26.0 -11.48349
 34.5 -25.5 -12.89391
 34.5 -25.0 -14.28544
 34.5 -24.5 -15.55093
 34.5 -24.0 -16.56096
 34.5 -23.5 -17.18620
 34.5 -23.0 -17.32792
 34.5 -22.5 -16.94425
 34.5 -22.0 -16.05947
 34.5 -21.5 -14.75312
 34.5 -21.0 -13.13658
 34.5 -20.5 -11.32841
 34.5 -20.0 -9.43629
 34.5 -19.5 -7.54759
 34.5 -19.0 -5.72680
 34.5 -18.5 -4.01720
 34.5 -18.0 -2.44443
 34.5 -17.5 -1.02056
 34.5 -17.0  0.25224
 34.5 -16.5  1.37858
 34.5 -16.0  2.36744
 34.5 -15.5  3.23038
 34.5 -15.0  3.98017
 34.5 -14.5  4.62991
 34.5 -14.0  5.19238
 34.5 -13.5  5.67966
 34.5 -13.0  6.10284
 34.5 -12.5  6.47194
 34.5 -12.0  6.79581
 34.5 -11.5  7.08219
 34.5 -11.0  7.33770
 34.5 -10.5  7.56794
 34.5 -10.0  7.77755
 34.5  -9.5  7.97031
 34.5  -9.0  8.14923
 34.5  -8.5  8.31662
 34.5  -8.0  8.47421
 34.5  -7.5  8.62320
 34.5  -7.0  8.76436
 34.5  -6.5  8.89810
 34.5  -6.0  9.02452
 34.5  -5.5  9.14349
 34.5  -5.0  9.25470
 34.5  -4.5  9.35772
 34.5  -4.0  9.45201
 34.5  -3.5  9.53700
 34.5  -3.0  9.61210
 34.5  -2.5  9.67676
 34.5  -2.0  9.73044
 34.5  -1.5  9.77270
 34.5  -1.0  9.80316
 34.5  -0.5  9.82155
 34.5   0.0  9.82770
 34.5   0.5  9.82155
 34.5   1.0  9.80316
 34.5   1.5  9.77270
 34.5   2.0  9.73044
 34.5   2.5  9.67676
 34.5   3.0  9.61210
 34.5   3.5  9.53700
 34.5   4.0  9.45201
 34.5   4.5  9.35772
 34.5   5.0  9.25470
 34.5   5.5  9.14349
 34.5   6.0  9.02452
 34.5   6.5  8.89810
 34.5   7.0  8.76436
 34.5   7.5  8.62320
 34.5   8.0  8.47421
 34.5   8.5  8.31662
 34.5   9.0  8.14923
 34.5   9.5  7.97031
 34.5  10.0  7.77755
 34.5  10.5  7.56794
 34.5  11.0  7.33770
 34.5  11.5  7.08219
 34.5  12.0  6.79581
 34.5  12.5  6.47194
 34.5  13.0  6.10284
 34.5  13.5  5.67966
 34.5  14.0  5.19238
 34.5  14.5  4.62991
 34.5  15.0  3.98017
 34.5  15.5  3.23038
 34.5  16.0  2.36744
 34.5  16.5  1.37858
 34.5  17.0  0.25224
 34.5  17.5 -1.02056
 34.5  18.0 -2.44443
 34.5  18.5 -4.01720
 34.5  19.0 -5.72680
 34.5  19.5 -7.54759
 34.5  20.0 -9.43629
 34.5  20.5 -11.32841
 34.5  21.0 -13.13658
 34.5  21.5 -14.75312
 34.5  22.0 -16.05947
 34.5  22.5 -16.94425
 34.5  23.0 -17.32792
 34.5  23.5 -17.18620
 34.5  24.0 -16.56096
 34.5  24.5 -15.55093
 34.5  25.0 -14.28544
 34.5  25.5 -12.89391
 34.5  26.0 -11.48349
 34.5  26.5 -10.12973
 34.5  27.0 -8.87782
 34.5  27.5 -7.74910
 34.5  28.0 -6.74863
 34.5  28.5 -5.87166
 34.5  29.0 -5.10827
 34.5  29.5 -4.44641
 34.5  30.0 -3.87368
 34.5  30.5 -3.37832
 34.5  31.0 -2.94966
 34.5  31.5 -2.57828
 34.5  32.0 -2.25601
 34.5  32.5 -1.97580
 34.5  33.0 -1.73166
 34.5  33.5 -1.51849
 34.5  34.0 -1.33196
 34.5  34.5 -1.16837
 34.5  35.0 -1.02461
 34.5  35.5 -0.89801
 34.5  36.0 -0.78631
 34.5  36.5 -0.68757
 34.5  37.0 -0.60014
 34.5  37.5 -0.52258
 34.5  38.0 -0.45369
 34.5  38.5 -0.39240
 34.5  39.0 -0.33780
 34.5  39.5 -0.28911
 34.5  40.0 -0.24564
 34.5  40.5 -0.20679
 34.5  41.0 -0.17204
 34.5  41.5 -0.14094
 34.5  42.0 -0.11308
 34.5  42.5 -0.08811
 34.5  43.0 -0.06573
 34.5  43.5 -0.04566
 34.5  44.0 -0.02766
 34.5  44.5 -0.01151
 34.5  45.0  0.00296
 35.0 -45.0  0.05601
 35.0 -44.5  0.04437
 35.0 -44.0  0.03126
 35.0 -43.5  0.01651
 35.0 -43.0 -0.00009
 35.0 -42.5 -0.01875
 35.0 -42.0 -0.03972
 35.0 -41.5 -0.06329
 35.0 -41.0 -0.08980
 35.0 -40.5 -0.11961
 35.0 -40.0 -0.15315
 35.0 -39.5 -0.19091
 35.0 -39.0 -0.23347
 35.0 -38.5 -0.28147
 35.0 -38.0 -0.33567
 35.0 -37.5 -0.39694
 35.0 -37.0 -0.46632
 35.0 -36.5 -0.54499
 35.0 -36.0 -0.63436
 35.0 -35.5 -0.73606
 35.0 -35.0 -0.85204
 35.0 -34.5 -0.98459
 35.0 -34.0 -1.13644
 35.0 -33.5 -1.31081
 35.0 -33.0 -1.51159
 35.0 -32.5 -1.74340
 35.0 -32.0 -2.01180
 35.0 -31.5 -2.32346
 35.0 -31.0 -2.68640
 35.0 -30.5 -3.11025
 35.0 -30.0 -3.60649
 35.0 -29.5 -4.18873
 35.0 -29.0 -4.87289
 35.0 -28.5 -5.67708
 35.0 -28.0 -6.62110
 35.0 -27.5 -7.72494
 35.0 -27.0 -9.00565
 35.0 -26.5 -10.47166
 35.0 -26.0 -12.11334
 35.0 -25.5 -13.88963
 35.0 -25.0 -15.71278
 35.0 -24.5 -17.43823
 35.0 -24.0 -18.87198
 35.0 -23.5 -19.80607
 35.0 -23.0 -20.07666
 35.0 -22.5 -19.61720
 35.0 -22.0 -18.47531
 35.0 -21.5 -16.78668
 35.0 -21.0 -14.72753
 35.0 -20.5 -12.47158
 35.0 -20.0 -10.16436
 35.0 -19.5 -7.91415
 35.0 -19.0 -5.79346
 35.0 -18.5 -3.84519
 35.0 -18.0 -2.08986
 35.0 -17.5 -0.53222
 35.0 -17.0  0.83351
 35.0 -16.5  2.01960
 35.0 -16.0  3.04199
 35.0 -15.5  3.91824
 35.0 -15.0  4.66623
 35.0 -14.5  5.30328
 35.0 -14.0  5.84559
 35.0 -13.5  6.30796
 35.0 -13.0  6.70366
 35.0 -12.5  7.04435
 35.0 -12.0  7.34016
 35.0 -11.5  7.59972
 35.0 -11.0  7.83031
 35.0 -10.5  8.03796
 35.0 -10.0  8.22756
 35.0  -9.5  8.40300
 35.0  -9.0  8.56729
 35.0  -8.5  8.72266
 35.0  -8.0  8.87068
 35.0  -7.5  9.01238
 35.0  -7.0  9.14828
 35.0  -6.5  9.27857
 35.0  -6.0  9.40307
 35.0  -5.5  9.52142
 35.0  -5.0  9.63303
 35.0  -4.5  9.73723
 35.0  -4.0  9.83325
 35.0  -3.5  9.92031
 35.0  -3.0  9.99762
 35.0  -2.5 10.06444
 35.0  -2.0 10.12011
 35.0  -1.5 10.16404
 35.0  -1.0 10.19577
 35.0  -0.5 10.21495
 35.0   0.0 10.22137
 35.0   0.5 10.21495
 35.0   1.0 10.19577
 35.0   1.5 10.16404
 35.0   2.0 10.12011
 35.0   2.5 10.06444
 35.0   3.0  9.99762
 35.0   3.5  9.92031
 35.0   4.0  9.83325
 35.0   4.5  9.73723
 35.0   5.0  9.63303
 35.0   5.5  9.52142
 35.0   6.0  9.40307
 35.0   6.5  9.27857
 35.0   7.0  9.14828
 35.0   7.5  9.01238
 35.0   8.0  8.87068
 35.0   8.5  8.72266
 35.0   9.0  8.56729
 35.0   9.5  8.40300
 35.0  10.0  8.22756
 35.0  10.5  8.03796
 35.0  11.0  7.83031
 35.0  11.5  7.59972
 35.0  12.0  7.34016
 35.0  12.5  7.04435
 35.0  13.0  6.70366
 35.0  13.5  6.30796
 35.0  14.0  5.84559
 35.0  14.5  5.30328
 35.0  15.0  4.66623
 35.0  15.5  3.91824
 35.0  16.0  3.04199
 35.0  16.5  2.01960
 35.0  17.0  0.83351
 35.0  17.5 -0.53222
 35.0  18.0 -2.08986
 35.0  18.5 -3.84519
 35.0  19.0 -5.79346
 35.0  19.5 -7.91415
 35.0  20.0 -10.16436
 35.0  20.5 -12.47158
 35.0  21.0 -14.72753
 35.0  21.5 -16.78668
 35.0  22.0 -18.47531
 35.0  22.5 -19.61720
 35.0  23.0 -20.07666
 35.0  23.5 -19.80607
 35.0  24.0 -18.87198
 35.0  24.5 -17.43823
 35.0  25.0 -15.71278
 35.0  25.5 -13.88963
 35.0  26.0 -12.11334
 35.0  26.5 -10.47166
 35.0  27.0 -9.00565
 35.0  27.5 -7.72494
 35.0  28.0 -6.62110
 35.0  28.5 -5.67708
 35.0  29.0 -4.87289
 35.0  29.5 -4.18873
 35.0  30.0 -3.60649
 35.0  30.5 -3.11025
 35.0  31.0 -2.68640
 35.0  31.5 -2.32346
 35.0  32.0 -2.01180
 35.0  32.5 -1.74340
 35.0  33.0 -1.51159
 35.0  33.5 -1.31081
 35.0  34.0 -1.13644
 35.0  34.5 -0.98459
 35.0  35.0 -0.85204
 35.0  35.5 -0.73606
 35.0  36.0 -0.63436
 35.0  36.5 -0.54499
 35.0  37.0 -0.46632
 35.0  37.5 -0.39694
 35.0  38.0 -0.33567
 35.0  38.5 -0.28147
 35.0  39.0 -0.23347
 35.0  39.5 -0.19091
 35.0  40.0 -0.15315
 35.0  40.5 -0.11961
 35.0  41.0 -0.08980
 35.0  41.5 -0.06329
 35.0  42.0 -0.03972
 35.0  42.5 -0.01875
 35.0  43.0 -0.00009
 35.0  43.5  0.01651
 35.0  44.0  0.03126
 35.0  44.5  0.04437
 35.0  45.0  0.05601
 35.5 -45.0  0.11038
 35.5 -44.5  0.10173
 35.5 -44.0  0.09182
 35.5 -43.5  0.08051
 35.5 -43.0  0.06761
 35.5 -42.5  0.05293
 35.5 -42.0  0.03624
 35.5 -41.5  0.01727
 35.5 -41.0 -0.00426
 35.5 -40.5 -0.02871
 35.5 -40.0 -0.05645
 35.5 -39.5 -0.08794
 35.5 -39.0 -0.12371
 35.5 -38.5 -0.16436
 35.5 -38.0 -0.21059
 35.5 -37.5 -0.26323
 35.5 -37.0 -0.32325
 35.5 -36.5 -0.39176
 35.5 -36.0 -0.47012
 35.5 -35.5 -0.55989
 35.5 -35.0 -0.66298
 35.5 -34.5 -0.78161
 35.5 -34.0 -0.91849
 35.5 -33.5 -1.07685
 35.5 -33.0 -1.26063
 35.5 -32.5 -1.47459
 35.5 -32.0 -1.72455
 35.5 -31.5 -2.01762
 35.5 -31.0 -2.36256
 35.5 -30.5 -2.77014
 35.5 -30.0 -3.25367
 35.5 -29.5 -3.82953
 35.5 -29.0 -4.51777
 35.5 -28.5 -5.34275
 35.5 -28.0 -6.33335
 35.5 -27.5 -7.52258
 35.5 -27.0 -8.94531
 35.5 -26.5 -10.63275
 35.5 -26.0 -12.60067
 35.5 -25.5 -14.82855
 35.5 -25.0 -17.22874
 35.5 -24.5 -19.61411
 35.5 -24.0 -21.69013
 35.5 -23.5 -23.10683
 35.5 -23.0 -23.57581
 35.5 -22.5 -22.98789
 35.5 -22.0 -21.44442
 35.5 -21.5 -19.18979
 35.5 -21.0 -16.51010
 35.5 -20.5 -13.65954
 35.5 -20.0 -10.82933
 35.5 -19.5 -8.14623
 35.5 -19.0 -5.68400
 35.5 -18.5 -3.47764
 35.5 -18.0 -1.53590
 35.5 -17.5  0.14909
 35.5 -17.0  1.59500
 35.5 -16.5  2.82459
 35.5 -16.0  3.86271
 35.5 -15.5  4.73425
 35.5 -15.0  5.46305
 35.5 -14.5  6.07115
 35.5 -14.0  6.57847
 35.5 -13.5  7.00268
 35.5 -13.0  7.35923
 35.5 -12.5  7.66141
 35.5 -12.0  7.92052
 35.5 -11.5  8.14601
 35.5 -11.0  8.34568
 35.5 -10.5  8.52587
 35.5 -10.0  8.69159
 35.5  -9.5  8.84672
 35.5  -9.0  8.99416
 35.5  -8.5  9.13594
 35.5  -8.0  9.27340
 35.5  -7.5  9.40727
 35.5  -7.0  9.53778
 35.5  -6.5  9.66477
 35.5  -6.0  9.78777
 35.5  -5.5  9.90606
 35.5  -5.0 10.01876
 35.5  -4.5 10.12491
 35.5  -4.0 10.22346
 35.5  -3.5 10.31337
 35.5  -3.0 10.39363
 35.5  -2.5 10.46330
 35.5  -2.0 10.52153
 35.5  -1.5 10.56761
 35.5  -1.0 10.60095
 35.5  -0.5 10.62113
 35.5   0.0 10.62789
 35.5   0.5 10.62113
 35.5   1.0 10.60095
 35.5   1.5 10.56761
 35.5   2.0 10.52153
 35.5   2.5 10.46330
 35.5   3.0 10.39363
 35.5   3.5 10.31337
 35.5   4.0 10.22346
 35.5   4.5 10.12491
 35.5   5.0 10.01876
 35.5   5.5  9.90606
 35.5   6.0  9.78777
 35.5   6.5  9.66477
 35.5   7.0  9.53778
 35.5   7.5  9.40727
 35.5   8.0  9.27340
 35.5   8.5  9.13594
 35.5   9.0  8.99416
 35.5   9.5  8.84672
 35.5  10.0  8.69159
 35.5  10.5  8.52587
 35.5  11.0  8.34568
 35.5  11.5  8.14601
 35.5  12.0  7.92052
 35.5  12.5  7.66141
 35.5  13.0  7.35923
 35.5  13.5  7.00268
 35.5  14.0  6.57847
 35.5  14.5  6.07115
 35.5  15.0  5.46305
 35.5  15.5  4.73425
 35.5  16.0  3.86271
 35.5  16.5  2.82459
 35.5  17.0  1.59500
 35.5  17.5  0.14909
 35.5  18.0 -1.53590
 35.5  18.5 -3.47764
 35.5  19.0 -5.68400
 35.5  19.5 -8.14623
 35.5  20.0 -10.82933
 35.5  20.5 -13.65954
 35.5  21.0 -16.51010
 35.5  21.5 -19.18979
 35.5  22.0 -21.44442
 35.5  22.5 -22.98789
 35.5  23.0 -23.57581
 35.5  23.5 -23.10683
 35.5  24.0 -21.69013
 35.5  24.5 -19.61411
 35.5  25.0 -17.22874
 35.5  25.5 -14.82855
 35.5  26.0 -12.60067
 35.5  26.5 -10.63275
 35.5  27.0 -8.94531
 35.5  27.5 -7.52258
 35.5  28.0 -6.33335
 35.5  28.5 -5.34275
 35.5  29.0 -4.51777
 35.5  29.5 -3.82953
 35.5  30.0 -3.25367
 35.5  30.5 -2.77014
 35.5  31.0 -2.36256
 35.5  31.5 -2.01762
 35.5  32.0 -1.72455
 35.5  32.5 -1.47459
 35.5  33.0 -1.26063
 35.5  33.5 -1.07685
 35.5  34.0 -0.91849
 35.5  34.5 -0.78161
 35.5  35.0 -0.66298
 35.5  35.5 -0.55989
 35.5  36.0 -0.47012
 35.5  36.5 -0.39176
 35.5  37.0 -0.32325
 35.5  37.5 -0.26323
 35.5  38.0 -0.21059
 35.5  38.5 -0.16436
 35.5  39.0 -0.12371
 35.5  39.5 -0.08794
 35.5  40.0 -0.05645
 35.5  40.5 -0.02871
 35.5  41.0 -0.00426
 35.5  41.5  0.01727
 35.5  42.0  0.03624
 35.5  42.5  0.05293
 35.5  43.0  0.06761
 35.5  43.5  0.08051
 35.5  44.0  0.09182
 35.5  44.5  0.10173
 35.5  45.0  0.11038
 36.0 -45.0  0.16586
 36.0 -44.5  0.16033
 36.0 -44.0  0.15379
 36.0 -43.5  0.14610
 36.0 -43.0  0.13709
 36.0 -42.5  0.12661
 36.0 -42.0  0.11446
 36.0 -41.5  0.10040
 36.0 -41.0  0.08417
 36.0 -40.5  0.06549
 36.0 -40.0  0.04399
 36.0 -39.5  0.01929
 36.0 -39.0 -0.00909
 36.0 -38.5 -0.04169
 36.0 -38.0 -0.07913
 36.0 -37.5 -0.12218
 36.0 -37.0 -0.17170
 36.0 -36.5 -0.22873
 36.0 -36.0 -0.29450
 36.0 -35.5 -0.37048
 36.0 -35.0 -0.45843
 36.0 -34.5 -0.56047
 36.0 -34.0 -0.67916
 36.0 -33.5 -0.81762
 36.0 -33.0 -0.97967
 36.0 -32.5 -1.17001
 36.0 -32.0 -1.39445
 36.0 -31.5 -1.66024
 36.0 -31.0 -1.97648
 36.0 -30.5 -2.35460
 36.0 -30.0 -2.80916
 36.0 -29.5 -3.35864
 36.0 -29.0 -4.02670
 36.0 -28.5 -4.84351
 36.0 -28.0 -5.84739
 36.0 -27.5 -7.08624
 36.0 -27.0 -8.61796
 36.0 -26.5 -10.50762
 36.0 -26.0 -12.81698
 36.0 -25.5 -15.57802
 36.0 -25.0 -18.73979
 36.0 -24.5 -22.08785
 36.0 -24.0 -25.17763
 36.0 -23.5 -27.38808
 36.0 -23.0 -28.17021
 36.0 -22.5 -27.33879
 36.0 -22.0 -25.13061
 36.0 -21.5 -22.01130
 36.0 -21.0 -18.45224
 36.0 -20.5 -14.81608
 36.0 -20.0 -11.33832
 36.0 -19.5 -8.15105
 36.0 -19.0 -5.31439
 36.0 -18.5 -2.84277
 36.0 -18.0 -0.72362
 36.0 -17.5  1.07029
 36.0 -17.0  2.57310
 36.0 -16.5  3.82106
 36.0 -16.0  4.84980
 36.0 -15.5  5.69271
 36.0 -15.0  6.38021
 36.0 -14.5  6.93942
 36.0 -14.0  7.39407
 36.0 -13.5  7.76470
 36.0 -13.0  8.06883
 36.0 -12.5  8.32124
 36.0 -12.0  8.53422
 36.0 -11.5  8.71786
 36.0 -11.0  8.88032
 36.0 -10.5  9.02805
 36.0 -10.0  9.16604
 36.0  -9.5  9.29799
 36.0  -9.0  9.42656
 36.0  -8.5  9.55345
 36.0  -8.0  9.67964
 36.0  -7.5  9.80546
 36.0  -7.0  9.93075
 36.0  -6.5 10.05493
 36.0  -6.0 10.17713
 36.0  -5.5 10.29626
 36.0  -5.0 10.41105
 36.0  -4.5 10.52019
 36.0  -4.0 10.62232
 36.0  -3.5 10.71609
 36.0  -3.0 10.80025
 36.0  -2.5 10.87361
 36.0  -2.0 10.93513
 36.0  -1.5 10.98394
 36.0  -1.0 11.01933
 36.0  -0.5 11.04077
 36.0   0.0 11.04795
 36.0   0.5 11.04077
 36.0   1.0 11.01933
 36.0   1.5 10.98394
 36.0   2.0 10.93513
 36.0   2.5 10.87361
 36.0   3.0 10.80025
 36.0   3.5 10.71609
 36.0   4.0 10.62232
 36.0   4.5 10.52019
 36.0   5.0 10.41105
 36.0   5.5 10.29626
 36.0   6.0 10.17713
 36.0   6.5 10.05493
 36.0   7.0  9.93075
 36.0   7.5  9.80546
 36.0   8.0  9.67964
 36.0   8.5  9.55345
 36.0   9.0  9.42656
 36.0   9.5  9.29799
 36.0  10.0  9.16604
 36.0  10.5  9.02805
 36.0  11.0  8.88032
 36.0  11.5  8.71786
 36.0  12.0  8.53422
 36.0  12.5  8.32124
 36.0  13.0  8.06883
 36.0  13.5  7.76470
 36.0  14.0  7.39407
 36.0  14.5  6.93942
 36.0  15.0  6.38021
 36.0  15.5  5.69271
 36.0  16.0  4.84980
 36.0  16.5  3.82106
 36.0  17.0  2.57310
 36.0  17.5  1.07029
 36.0  18.0 -0.72362
 36.0  18.5 -2.84277
 36.0  19.0 -5.31439
 36.0  19.5 -8.15105
 36.0  20.0 -11.33832
 36.0  20.5 -14.81608
 36.0  21.0 -18.45224
 36.0  21.5 -22.01130
 36.0  22.0 -25.13061
 36.0  22.5 -27.33879
 36.0  23.0 -28.17021
 36.0  23.5 -27.38808
 36.0  24.0 -25.17763
 36.0  24.5 -22.08785
 36.0  25.0 -18.73979
 36.0  25.5 -15.57802
 36.0  26.0 -12.81698
 36.0  26.5 -10.50762
 36.0  27.0 -8.61796
 36.0  27.5 -7.08624
 36.0  28.0 -5.84739
 36.0  28.5 -4.84351
 36.0  29.0 -4.02670
 36.0  29.5 -3.35864
 36.0  30.0 -2.80916
 36.0  30.5 -2.35460
 36.0  31.0 -1.97648
 36.0  31.5 -1.66024
 36.0  32.0 -1.39445
 36.0  32.5 -1.17001
 36.0  33.0 -0.97967
 36.0  33.5 -0.81762
 36.0  34.0 -0.67916
 36.0  34.5 -0.56047
 36.0  35.0 -0.45843
 36.0  35.5 -0.37048
 36.0  36.0 -0.29450
 36.0  36.5 -0.22873
 36.0  37.0 -0.17170
 36.0  37.5 -0.12218
 36.0  38.0 -0.07913
 36.0  38.5 -0.04169
 36.0  39.0 -0.00909
 36.0  39.5  0.01929
 36.0  40.0  0.04399
 36.0  40.5  0.06549
 36.0  41.0  0.08417
 36.0  41.5  0.10040
 36.0  42.0  0.11446
 36.0  42.5  0.12661
 36.0  43.0  0.13709
 36.0  43.5  0.14610
 36.0  44.0  0.15379
 36.0  44.5  0.16033
 36.0  45.0  0.16586
 36.5 -45.0  0.22224
 36.5 -44.5  0.21996
 36.5 -44.0  0.21691
 36.5 -43.5  0.21298
 36.5 -43.0  0.20805
 36.5 -42.5  0.20197
 36.5 -42.0  0.19457
 36.5 -41.5  0.18568
 36.5 -41.0  0.17506
 36.5 -40.5  0.16248
 36.5 -40.0  0.14763
 36.5 -39.5  0.13018
 36.5 -39.0  0.10974
 36.5 -38.5  0.08582
 36.5 -38.0  0.05790
 36.5 -37.5  0.02532
 36.5 -37.0 -0.01268
 36.5 -36.5 -0.05699
 36.5 -36.0 -0.10872
 36.5 -35.5 -0.16916
 36.5 -35.0 -0.23987
 36.5 -34.5 -0.32277
 36.5 -34.0 -0.42018
 36.5 -33.5 -0.53495
 36.5 -33.0 -0.67061
 36.5 -32.5 -0.83155
 36.5 -32.0 -1.02330
 36.5 -31.5 -1.25282
 36.5 -31.0 -1.52901
 36.5 -30.5 -1.86330
 36.5 -30.0 -2.27056
 36.5 -29.5 -2.77028
 36.5 -29.0 -3.38823
 36.5 -28.5 -4.15882
 36.5 -28.0 -5.12819
 36.5 -27.5 -6.35845
 36.5 -27.0 -7.93254
 36.5 -26.5 -9.95858
 36.5 -26.0 -12.56877
 36.5 -25.5 -15.89956
 36.5 -25.0 -20.02290
 36.5 -24.5 -24.78361
 36.5 -24.0 -29.55406
 36.5 -23.5 -33.16674
 36.5 -23.0 -34.45710
 36.5 -22.5 -33.10449
 36.5 -22.0 -29.72497
 36.5 -21.5 -25.25169
 36.5 -21.0 -20.44926
 36.5 -20.5 -15.79686
 36.5 -20.0 -11.54502
 36.5 -19.5 -7.79786
 36.5 -19.0 -4.57541
 36.5 -18.5 -1.85311
 36.5 -18.0  0.41495
 36.5 -17.5  2.28291
 36.5 -17.0  3.80591
 36.5 -16.5  5.03638
 36.5 -16.0  6.02220
 36.5 -15.5  6.80601
 36.5 -15.0  7.42512
 36.5 -14.5  7.91170
 36.5 -14.0  8.29319
 36.5 -13.5  8.59276
 36.5 -13.0  8.82975
 36.5 -12.5  9.02013
 36.5 -12.0  9.17693
 36.5 -11.5  9.31062
 36.5 -11.0  9.42945
 36.5 -10.5  9.53978
 36.5 -10.0  9.64634
 36.5  -9.5  9.75251
 36.5  -9.0  9.86050
 36.5  -8.5  9.97156
 36.5  -8.0 10.08616
 36.5  -7.5 10.20413
 36.5  -7.0 10.32478
 36.5  -6.5 10.44704
 36.5  -6.0 10.56956
 36.5  -5.5 10.69077
 36.5  -5.0 10.80899
 36.5  -4.5 10.92249
 36.5  -4.0 11.02953
 36.5  -3.5 11.12845
 36.5  -3.0 11.21768
 36.5  -2.5 11.29578
 36.5  -2.0 11.36148
 36.5  -1.5 11.41373
 36.5  -1.0 11.45168
 36.5  -0.5 11.47469
 36.5   0.0 11.48241
 36.5   0.5 11.47469
 36.5   1.0 11.45168
 36.5   1.5 11.41373
 36.5   2.0 11.36148
 36.5   2.5 11.29578
 36.5   3.0 11.21768
 36.5   3.5 11.12845
 36.5   4.0 11.02953
 36.5   4.5 10.92249
 36.5   5.0 10.80899
 36.5   5.5 10.69077
 36.5   6.0 10.56956
 36.5   6.5 10.44704
 36.5   7.0 10.32478
 36.5   7.5 10.20413
 36.5   8.0 10.08616
 36.5   8.5  9.97156
 36.5   9.0  9.86050
 36.5   9.5  9.75251
 36.5  10.0  9.64634
 36.5  10.5  9.53978
 36.5  11.0  9.42945
 36.5  11.5  9.31062
 36.5  12.0  9.17693
 36.5  12.5  9.02013
 36.5  13.0  8.82975
 36.5  13.5  8.59276
 36.5  14.0  8.29319
 36.5  14.5  7.91170
 36.5  15.0  7.42512
 36.5  15.5  6.80601
 36.5  16.0  6.02220
 36.5  16.5  5.03638
 36.5  17.0  3.80591
 36.5  17.5  2.28291
 36.5  18.0  0.41495
 36.5  18.5 -1.85311
 36.5  19.0 -4.57541
 36.5  19.5 -7.79786
 36.5  20.0 -11.54502
 36.5  20.5 -15.79686
 36.5  21.0 -20.44926
 36.5  21.5 -25.25169
 36.5  22.0 -29.72497
 36.5  22.5 -33.10449
 36.5  23.0 -34.45710
 36.5  23.5 -33.16674
 36.5  24.0 -29.55406
 36.5  24.5 -24.78361
 36.5  25.0 -20.02290
 36.5  25.5 -15.89956
 36.5  26.0 -12.56877
 36.5  26.5 -9.95858
 36.5  27.0 -7.93254
 36.5  27.5 -6.35845
 36.5  28.0 -5.12819
 36.5  28.5 -4.15882
 36.5  29.0 -3.38823
 36.5  29.5 -2.77028
 36.5  30.0 -2.27056
 36.5  30.5 -1.86330
 36.5  31.0 -1.52901
 36.5  31.5 -1.25282
 36.5  32.0 -1.02330
 36.5  32.5 -0.83155
 36.5  33.0 -0.67061
 36.5  33.5 -0.53495
 36.5  34.0 -0.42018
 36.5  34.5 -0.32277
 36.5  35.0 -0.23987
 36.5  35.5 -0.16916
 36.5  36.0 -0.10872
 36.5  36.5 -0.05699
 36.5  37.0 -0.01268
 36.5  37.5  0.02532
 36.5  38.0  0.05790
 36.5  38.5  0.08582
 36.5  39.0  0.10974
 36.5  39.5  0.13018
 36.5  40.0  0.14763
 36.5  40.5  0.16248
 36.5  41.0  0.17506
 36.5  41.5  0.18568
 36.5  42.0  0.19457
 36.5  42.5  0.20197
 36.5  43.0  0.20805
 36.5  43.5  0.21298
 36.5  44.0  0.21691
 36.5  44.5  0.21996
 36.5  45.0  0.22224
 37.0 -45.0  0.27929
 37.0 -44.5  0.28035
 37.0 -44.0  0.28091
 37.0 -43.5  0.28087
 37.0 -43.0  0.28015
 37.0 -42.5  0.27863
 37.0 -42.0  0.27619
 37.0 -41.5  0.27267
 37.0 -41.0  0.26792
 37.0 -40.5  0.26173
 37.0 -40.0  0.25387
 37.0 -39.5  0.24407
 37.0 -39.0  0.23201
 37.0 -38.5  0.21732
 37.0 -38.0  0.19957
 37.0 -37.5  0.17821
 37.0 -37.0  0.15264
 37.0 -36.5  0.12211
 37.0 -36.0  0.08572
 37.0 -35.5  0.04239
 37.0 -35.0 -0.00920
 37.0 -34.5 -0.07065
 37.0 -34.0 -0.14394
 37.0 -33.5 -0.23152
 37.0 -33.0 -0.33644
 37.0 -32.5 -0.46254
 37.0 -32.0 -0.61470
 37.0 -31.5 -0.79915
 37.0 -31.0 -1.02399
 37.0 -30.5 -1.29978
 37.0 -30.0 -1.64054
 37.0 -29.5 -2.06509
 37.0 -29.0 -2.59907
 37.0 -28.5 -3.27796
 37.0 -28.0 -4.15159
 37.0 -27.5 -5.29114
 37.0 -27.0 -6.79962
 37.0 -26.5 -8.82733
 37.0 -26.0 -11.59193
 37.0 -25.5 -15.39423
 37.0 -25.0 -20.58718
 37.0 -24.5 -27.35872
 37.0 -24.0 -35.07238
 37.0 -23.5 -41.43912
 37.0 -23.0 -43.56798
 37.0 -22.5 -40.94025
 37.0 -22.0 -35.37300
 37.0 -21.5 -28.76957
 37.0 -21.0 -22.25795
 37.0 -20.5 -16.35342
 37.0 -20.0 -11.23370
 37.0 -19.5 -6.91297
 37.0 -19.0 -3.33298
 37.0 -18.5 -0.40799
 37.0 -18.0  1.95372
 37.0 -17.5  3.83997
 37.0 -17.0  5.33046
 37.0 -16.5  6.49544
 37.0 -16.0  7.39570
 37.0 -15.5  8.08317
 37.0 -15.0  8.60176
 37.0 -14.5  8.98835
 37.0 -14.0  9.27360
 37.0 -13.5  9.48284
 37.0 -13.0  9.63678
 37.0 -12.5  9.75218
 37.0 -12.0  9.84239
 37.0 -11.5  9.91792
 37.0 -11.0  9.98681
 37.0 -10.5 10.05503
 37.0 -10.0 10.12685
 37.0  -9.5 10.20505
 37.0  -9.0 10.29123
 37.0  -8.5 10.38602
 37.0  -8.0 10.48923
 37.0  -7.5 10.60004
 37.0  -7.0 10.71714
 37.0  -6.5 10.83886
 37.0  -6.0 10.96327
 37.0  -5.5 11.08826
 37.0  -5.0 11.21165
 37.0  -4.5 11.33125
 37.0  -4.0 11.44489
 37.0  -3.5 11.55053
 37.0  -3.0 11.64627
 37.0  -2.5 11.73037
 37.0  -2.0 11.80133
 37.0  -1.5 11.85787
 37.0  -1.0 11.89899
 37.0  -0.5 11.92396
 37.0   0.0 11.93234
 37.0   0.5 11.92396
 37.0   1.0 11.89899
 37.0   1.5 11.85787
 37.0   2.0 11.80133
 37.0   2.5 11.73037
 37.0   3.0 11.64627
 37.0   3.5 11.55053
 37.0   4.0 11.44489
 37.0   4.5 11.33125
 37.0   5.0 11.21165
 37.0   5.5 11.08826
 37.0   6.0 10.96327
 37.0   6.5 10.83886
 37.0   7.0 10.71714
 37.0   7.5 10.60004
 37.0   8.0 10.48923
 37.0   8.5 10.38602
 37.0   9.0 10.29123
 37.0   9.5 10.20505
 37.0  10.0 10.12685
 37.0  10.5 10.05503
 37.0  11.0  9.98681
 37.0  11.5  9.91792
 37.0  12.0  9.84239
 37.0  12.5  9.75218
 37.0  13.0  9.63678
 37.0  13.5  9.48284
 37.0  14.0  9.27360
 37.0  14.5  8.98835
 37.0  15.0  8.60176
 37.0  15.5  8.08317
 37.0  16.0  7.39570
 37.0  16.5  6.49544
 37.0  17.0  5.33046
 37.0  17.5  3.83997
 37.0  18.0  1.95372
 37.0  18.5 -0.40799
 37.0  19.0 -3.33298
 37.0  19.5 -6.91297
 37.0  20.0 -11.23370
 37.0  20.5 -16.35342
 37.0  21.0 -22.25795
 37.0  21.5 -28.76957
 37.0  22.0 -35.37300
 37.0  22.5 -40.94025
 37.0  23.0 -43.56798
 37.0  23.5 -41.43912
 37.0  24.0 -35.07238
 37.0  24.5 -27.35872
 37.0  25.0 -20.58718
 37.0  25.5 -15.39423
 37.0  26.0 -11.59193
 37.0  26.5 -8.82733
 37.0  27.0 -6.79962
 37.0  27.5 -5.29114
 37.0  28.0 -4.15159
 37.0  28.5 -3.27796
 37.0  29.0 -2.59907
 37.0  29.5 -2.06509
 37.0  30.0 -1.64054
 37.0  30.5 -1.29978
 37.0  31.0 -1.02399
 37.0  31.5 -0.79915
 37.0  32.0 -0.61470
 37.0  32.5 -0.46254
 37.0  33.0 -0.33644
 37.0  33.5 -0.23152
 37.0  34.0 -0.14394
 37.0  34.5 -0.07065
 37.0  35.0 -0.00920
 37.0  35.5  0.04239
 37.0  36.0  0.08572
 37.0  36.5  0.12211
 37.0  37.0  0.15264
 37.0  37.5  0.17821
 37.0  38.0  0.19957
 37.0  38.5  0.21732
 37.0  39.0  0.23201
 37.0  39.5  0.24407
 37.0  40.0  0.25387
 37.0  40.5  0.26173
 37.0  41.0  0.26792
 37.0  41.5  0.27267
 37.0  42.0  0.27619
 37.0  42.5  0.27863
 37.0  43.0  0.28015
 37.0  43.5  0.28087
 37.0  44.0  0.28091
 37.0  44.5  0.28035
 37.0  45.0  0.27929
 37.5 -45.0  0.33678
 37.5 -44.5  0.34125
 37.5 -44.0  0.34549
 37.5 -43.5  0.34944
 37.5 -43.0  0.35304
 37.5 -42.5  0.35621
 37.5 -42.0  0.35887
 37.5 -41.5  0.36090
 37.5 -41.0  0.36221
 37.5 -40.5  0.36264
 37.5 -40.0  0.36203
 37.5 -39.5  0.36020
 37.5 -39.0  0.35690
 37.5 -38.5  0.35188
 37.5 -38.0  0.34481
 37.5 -37.5  0.33530
 37.5 -37.0  0.32290
 37.5 -36.5  0.30705
 37.5 -36.0  0.28707
 37.5 -35.5  0.26214
 37.5 -35.0  0.23128
 37.5 -34.5  0.19323
 37.5 -34.0  0.14648
 37.5 -33.5  0.08912
 37.5 -33.0  0.01874
 37.5 -32.5 -0.06770
 37.5 -32.0 -0.17410
 37.5 -31.5 -0.30552
 37.5 -31.0 -0.46858
 37.5 -30.5 -0.67207
 37.5 -30.0 -0.92783
 37.5 -29.5 -1.25206
 37.5 -29.0 -1.66735
 37.5 -28.5 -2.20581
 37.5 -28.0 -2.91424
 37.5 -27.5 -3.86261
 37.5 -27.0 -5.15868
 37.5 -26.5 -6.97391
 37.5 -26.0 -9.59026
 37.5 -25.5 -13.48371
 37.5 -25.0 -19.45282
 37.5 -24.5 -28.66666
 37.5 -24.0 -41.71718
 37.5 -23.5 -54.49939
 37.5 -23.0 -57.89186
 37.5 -22.5 -51.65816
 37.5 -22.0 -41.90414
 37.5 -21.5 -32.09427
 37.5 -21.0 -23.40676
 37.5 -20.5 -16.10019
 37.5 -20.0 -10.11252
 37.5 -19.5 -5.28336
 37.5 -19.0 -1.43486
 37.5 -18.5  1.59959
 37.5 -18.0  3.96653
 37.5 -17.5  5.79117
 37.5 -17.0  7.17892
 37.5 -16.5  8.21775
 37.5 -16.0  8.98068
 37.5 -15.5  9.52801
 37.5 -15.0  9.90939
 37.5 -14.5 10.16544
 37.5 -14.0 10.32925
 37.5 -13.5 10.42756
 37.5 -13.0 10.48180
 37.5 -12.5 10.50892
 37.5 -12.0 10.52214
 37.5 -11.5 10.53152
 37.5 -11.0 10.54453
 37.5 -10.5 10.56646
 37.5 -10.0 10.60076
 37.5  -9.5 10.64944
 37.5  -9.0 10.71324
 37.5  -8.5 10.79196
 37.5  -8.0 10.88461
 37.5  -7.5 10.98959
 37.5  -7.0 11.10484
 37.5  -6.5 11.22797
 37.5  -6.0 11.35638
 37.5  -5.5 11.48735
 37.5  -5.0 11.61812
 37.5  -4.5 11.74597
 37.5  -4.0 11.86828
 37.5  -3.5 11.98255
 37.5  -3.0 12.08653
 37.5  -2.5 12.17815
 37.5  -2.0 12.25563
 37.5  -1.5 12.31748
 37.5  -1.0 12.36251
 37.5  -0.5 12.38988
 37.5   0.0 12.39906
 37.5   0.5 12.38988
 37.5   1.0 12.36251
 37.5   1.5 12.31748
 37.5   2.0 12.25563
 37.5   2.5 12.17815
 37.5   3.0 12.08653
 37.5   3.5 11.98255
 37.5   4.0 11.86828
 37.5   4.5 11.74597
 37.5   5.0 11.61812
 37.5   5.5 11.48735
 37.5   6.0 11.35638
 37.5   6.5 11.22797
 37.5   7.0 11.10484
 37.5   7.5 10.98959
 37.5   8.0 10.88461
 37.5   8.5 10.79196
 37.5   9.0 10.71324
 37.5   9.5 10.64944
 37.5  10.0 10.60076
 37.5  10.5 10.56646
 37.5  11.0 10.54453
 37.5  11.5 10.53152
 37.5  12.0 10.52214
 37.5  12.5 10.50892
 37.5  13.0 10.48180
 37.5  13.5 10.42756
 37.5  14.0 10.32925
 37.5  14.5 10.16544
 37.5  15.0  9.90939
 37.5  15.5  9.52801
 37.5  16.0  8.98068
 37.5  16.5  8.21775
 37.5  17.0  7.17892
 37.5  17.5  5.79117
 37.5  18.0  3.96653
 37.5  18.5  1.59959
 37.5  19.0 -1.43486
 37.5  19.5 -5.28336
 37.5  20.0 -10.11252
 37.5  20.5 -16.10019
 37.5  21.0 -23.40676
 37.5  21.5 -32.09427
 37.5  22.0 -41.90414
 37.5  22.5 -51.65816
 37.5  23.0 -57.89186
 37.5  23.5 -54.49939
 37.5  24.0 -41.71718
 37.5  24.5 -28.66666
 37.5  25.0 -19.45282
 37.5  25.5 -13.48371
 37.5  26.0 -9.59026
 37.5  26.5 -6.97391
 37.5  27.0 -5.15868
 37.5  27.5 -3.86261
 37.5  28.0 -2.91424
 37.5  28.5 -2.20581
 37.5  29.0 -1.66735
 37.5  29.5 -1.25206
 37.5  30.0 -0.92783
 37.5  30.5 -0.67207
 37.5  31.0 -0.46858
 37.5  31.5 -0.30552
 37.5  32.0 -0.17410
 37.5  32.5 -0.06770
 37.5  33.0  0.01874
 37.5  33.5  0.08912
 37.5  34.0  0.14648
 37.5  34.5  0.19323
 37.5  35.0  0.23128
 37.5  35.5  0.26214
 37.5  36.0  0.28707
 37.5  36.5  0.30705
 37.5  37.0  0.32290
 37.5  37.5  0.33530
 37.5  38.0  0.34481
 37.5  38.5  0.35188
 37.5  39.0  0.35690
 37.5  39.5  0.36020
 37.5  40.0  0.36203
 37.5  40.5  0.36264
 37.5  41.0  0.36221
 37.5  41.5  0.36090
 37.5  42.0  0.35887
 37.5  42.5  0.35621
 37.5  43.0  0.35304
 37.5  43.5  0.34944
 37.5  44.0  0.34549
 37.5  44.5  0.34125
 37.5  45.0  0.33678
 38.0 -45.0  0.39445
 38.0 -44.5  0.40239
 38.0 -44.0  0.41037
 38.0 -43.5  0.41837
 38.0 -43.0  0.42636
 38.0 -42.5  0.43431
 38.0 -42.0  0.44216
 38.0 -41.5  0.44987
 38.0 -41.0  0.45737
 38.0 -40.5  0.46458
 38.0 -40.0  0.47142
 38.0 -39.5  0.47778
 38.0 -39.0  0.48352
 38.0 -38.5  0.48848
 38.0 -38.0  0.49248
 38.0 -37.5  0.49527
 38.0 -37.0  0.49659
 38.0 -36.5  0.49608
 38.0 -36.0  0.49332
 38.0 -35.5  0.48780
 38.0 -35.0  0.47888
 38.0 -34.5  0.46576
 38.0 -34.0  0.44744
 38.0 -33.5  0.42266
 38.0 -33.0  0.38984
 38.0 -32.5  0.34692
 38.0 -32.0  0.29126
 38.0 -31.5  0.21941
 38.0 -31.0  0.12677
 38.0 -30.5  0.00720
 38.0 -30.0 -0.14769
 38.0 -29.5 -0.34952
 38.0 -29.0 -0.61479
 38.0 -28.5 -0.96739
 38.0 -28.0 -1.44296
 38.0 -27.5 -2.09645
 38.0 -27.0 -3.01600
 38.0 -26.5 -4.35015
 38.0 -26.0 -6.36493
 38.0 -25.5 -9.57504
 38.0 -25.0 -15.07651
 38.0 -24.5 -25.45921
 38.0 -24.0 -46.76679
 38.0 -23.5 -79.74608
 38.0 -23.0 -82.62929
 38.0 -22.5 -65.17061
 38.0 -22.0 -48.13599
 38.0 -21.5 -34.16632
 38.0 -21.0 -23.13021
 38.0 -20.5 -14.51492
 38.0 -20.0 -7.83115
 38.0 -19.5 -2.67542
 38.0 -19.0  1.27380
 38.0 -18.5  4.27107
 38.0 -18.0  6.51832
 38.0 -17.5  8.17636
 38.0 -17.0  9.37382
 38.0 -16.5 10.21387
 38.0 -16.0 10.77946
 38.0 -15.5 11.13732
 38.0 -15.0 11.34108
 38.0 -14.5 11.43372
 38.0 -14.0 11.44952
 38.0 -13.5 11.41562
 38.0 -13.0 11.35332
 38.0 -12.5 11.27906
 38.0 -12.0 11.20527
 38.0 -11.5 11.14113
 38.0 -11.0 11.09305
 38.0 -10.5 11.06526
 38.0 -10.0 11.06012
 38.0  -9.5 11.07853
 38.0  -9.0 11.12019
 38.0  -8.5 11.18388
 38.0  -8.0 11.26760
 38.0  -7.5 11.36883
 38.0  -7.0 11.48462
 38.0  -6.5 11.61177
 38.0  -6.0 11.74692
 38.0  -5.5 11.88664
 38.0  -5.0 12.02753
 38.0  -4.5 12.16627
 38.0  -4.0 12.29972
 38.0  -3.5 12.42492
 38.0  -3.0 12.53918
 38.0  -2.5 12.64011
 38.0  -2.0 12.72561
 38.0  -1.5 12.79395
 38.0  -1.0 12.84376
 38.0  -0.5 12.87404
 38.0   0.0 12.88420
 38.0   0.5 12.87404
 38.0   1.0 12.84376
 38.0   1.5 12.79395
 38.0   2.0 12.72561
 38.0   2.5 12.64011
 38.0   3.0 12.53918
 38.0   3.5 12.42492
 38.0   4.0 12.29972
 38.0   4.5 12.16627
 38.0   5.0 12.02753
 38.0   5.5 11.88664
 38.0   6.0 11.74692
 38.0   6.5 11.61177
 38.0   7.0 11.48462
 38.0   7.5 11.36883
 38.0   8.0 11.26760
 38.0   8.5 11.18388
 38.0   9.0 11.12019
 38.0   9.5 11.07853
 38.0  10.0 11.06012
 38.0  10.5 11.06526
 38.0  11.0 11.09305
 38.0  11.5 11.14113
 38.0  12.0 11.20527
 38.0  12.5 11.27906
 38.0  13.0 11.35332
 38.0  13.5 11.41562
 38.0  14.0 11.44952
 38.0  14.5 11.43372
 38.0  15.0 11.34108
 38.0  15.5 11.13732
 38.0  16.0 10.77946
 38.0  16.5 10.21387
 38.0  17.0  9.37382
 38.0  17.5  8.17636
 38.0  18.0  6.51832
 38.0  18.5  4.27107
 38.0  19.0  1.27380
 38.0  19.5 -2.67542
 38.0  20.0 -7.83115
 38.0  20.5 -14.51492
 38.0  21.0 -23.13021
 38.0  21.5 -34.16632
 38.0  22.0 -48.13599
 38.0  22.5 -65.17061
 38.0  23.0 -82.62929
 38.0  23.5 -79.74608
 38.0  24.0 -46.76679
 38.0  24.5 -25.45921
 38.0  25.0 -15.07651
 38.0  25.5 -9.57504
 38.0  26.0 -6.36493
 38.0  26.5 -4.35015
 38.0  27.0 -3.01600
 38.0  27.5 -2.09645
 38.0  28.0 -1.44296
 38.0  28.5 -0.96739
 38.0  29.0 -0.61479
 38.0  29.5 -0.34952
 38.0  30.0 -0.14769
 38.0  30.5  0.00720
 38.0  31.0  0.12677
 38.0  31.5  0.21941
 38.0  32.0  0.29126
 38.0  32.5  0.34692
 38.0  33.0  0.38984
 38.0  33.5  0.42266
 38.0  34.0  0.44744
 38.0  34.5  0.46576
 38.0  35.0  0.47888
 38.0  35.5  0.48780
 38.0  36.0  0.49332
 38.0  36.5  0.49608
 38.0  37.0  0.49659
 38.0  37.5  0.49527
 38.0  38.0  0.49248
 38.0  38.5  0.48848
 38.0  39.0  0.48352
 38.0  39.5  0.47778
 38.0  40.0  0.47142
 38.0  40.5  0.46458
 38.0  41.0  0.45737
 38.0  41.5  0.44987
 38.0  42.0  0.44216
 38.0  42.5  0.43431
 38.0  43.0  0.42636
 38.0  43.5  0.41837
 38.0  44.0  0.41037
 38.0  44.5  0.40239
 38.0  45.0  0.39445
 38.5 -45.0  0.45206
 38.5 -44.5  0.46348
 38.5 -44.0  0.47522
 38.5 -43.5  0.48730
 38.5 -43.0  0.49973
 38.5 -42.5  0.51249
 38.5 -42.0  0.52559
 38.5 -41.5  0.53903
 38.5 -41.0  0.55281
 38.5 -40.5  0.56690
 38.5 -40.0  0.58130
 38.5 -39.5  0.59597
 38.5 -39.0  0.61090
 38.5 -38.5  0.62604
 38.5 -38.0  0.64134
 38.5 -37.5  0.65672
 38.5 -37.0  0.67209
 38.5 -36.5  0.68734
 38.5 -36.0  0.70233
 38.5 -35.5  0.71684
 38.5 -35.0  0.73065
 38.5 -34.5  0.74344
 38.5 -34.0  0.75479
 38.5 -33.5  0.76418
 38.5 -33.0  0.77093
 38.5 -32.5  0.77414
 38.5 -32.0  0.77264
 38.5 -31.5  0.76486
 38.5 -31.0  0.74869
 38.5 -30.5  0.72126
 38.5 -30.0  0.67863
 38.5 -29.5  0.61525
 38.5 -29.0  0.52321
 38.5 -28.5  0.39094
 38.5 -28.0  0.20102
 38.5 -27.5 -0.07357
 38.5 -27.0 -0.47658
 38.5 -26.5 -1.08262
 38.5 -26.0 -2.02793
 38.5 -25.5 -3.58598
 38.5 -25.0 -6.38766
 38.5 -24.5 -12.26265
 38.5 -24.0 -29.54940
 38.5 -23.5 -164.34220
 38.5 -23.0 -110.88715
 38.5 -22.5 -76.52865
 38.5 -22.0 -51.04580
 38.5 -21.5 -33.27266
 38.5 -21.0 -20.44268
 38.5 -20.5 -11.01364
 38.5 -20.0 -4.03556
 38.5 -19.5  1.12793
 38.5 -19.0  4.92571
 38.5 -18.5  7.68579
 38.5 -18.0  9.65399
 38.5 -17.5 11.01795
 38.5 -17.0 11.92279
 38.5 -16.5 12.48176
 38.5 -16.0 12.78381
 38.5 -15.5 12.89898
 38.5 -15.0 12.88246
 38.5 -14.5 12.77766
 38.5 -14.0 12.61850
 38.5 -13.5 12.43129
 38.5 -13.0 12.23614
 38.5 -12.5 12.04816
 38.5 -12.0 11.87833
 38.5 -11.5 11.73429
 38.5 -11.0 11.62099
 38.5 -10.5 11.54115
 38.5 -10.0 11.49572
 38.5  -9.5 11.48421
 38.5  -9.0 11.50501
 38.5  -8.5 11.55566
 38.5  -8.0 11.63301
 38.5  -7.5 11.73345
 38.5  -7.0 11.85301
 38.5  -6.5 11.98758
 38.5  -6.0 12.13291
 38.5  -5.5 12.28479
 38.5  -5.0 12.43911
 38.5  -4.5 12.59190
 38.5  -4.0 12.73944
 38.5  -3.5 12.87827
 38.5  -3.0 13.00524
 38.5  -2.5 13.11755
 38.5  -2.0 13.21282
 38.5  -1.5 13.28902
 38.5  -1.0 13.34459
 38.5  -0.5 13.37839
 38.5   0.0 13.38973
 38.5   0.5 13.37839
 38.5   1.0 13.34459
 38.5   1.5 13.28902
 38.5   2.0 13.21282
 38.5   2.5 13.11755
 38.5   3.0 13.00524
 38.5   3.5 12.87827
 38.5   4.0 12.73944
 38.5   4.5 12.59190
 38.5   5.0 12.43911
 38.5   5.5 12.28479
 38.5   6.0 12.13291
 38.5   6.5 11.98758
 38.5   7.0 11.85301
 38.5   7.5 11.73345
 38.5   8.0 11.63301
 38.5   8.5 11.55566
 38.5   9.0 11.50501
 38.5   9.5 11.48421
 38.5  10.0 11.49572
 38.5  10.5 11.54115
 38.5  11.0 11.62099
 38.5  11.5 11.73429
 38.5  12.0 11.87833
 38.5  12.5 12.04816
 38.5  13.0 12.23614
 38.5  13.5 12.43129
 38.5  14.0 12.61850
 38.5  14.5 12.77766
 38.5  15.0 12.88246
 38.5  15.5 12.89898
 38.5  16.0 12.78381
 38.5  16.5 12.48176
 38.5  17.0 11.92279
 38.5  17.5 11.01795
 38.5  18.0  9.65399
 38.5  18.5  7.68579
 38.5  19.0  4.92571
 38.5  19.5  1.12793
 38.5  20.0 -4.03556
 38.5  20.5 -11.01364
 38.5  21.0 -20.44268
 38.5  21.5 -33.27266
 38.5  22.0 -51.04580
 38.5  22.5 -76.52865
 38.5  23.0 -110.88715
 38.5  23.5 -164.34220
 38.5  24.0 -29.54940
 38.5  24.5 -12.26265
 38.5  25.0 -6.38766
 38.5  25.5 -3.58598
 38.5  26.0 -2.02793
 38.5  26.5 -1.08262
 38.5  27.0 -0.47658
 38.5  27.5 -0.07357
 38.5  28.0  0.20102
 38.5  28.5  0.39094
 38.5  29.0  0.52321
 38.5  29.5  0.61525
 38.5  30.0  0.67863
 38.5  30.5  0.72126
 38.5  31.0  0.74869
 38.5  31.5  0.76486
 38.5  32.0  0.77264
 38.5  32.5  0.77414
 38.5  33.0  0.77093
 38.5  33.5  0.76418
 38.5  34.0  0.75479
 38.5  34.5  0.74344
 38.5  35.0  0.73065
 38.5  35.5  0.71684
 38.5  36.0  0.70233
 38.5  36.5  0.68734
 38.5  37.0  0.67209
 38.5  37.5  0.65672
 38.5  38.0  0.64134
 38.5  38.5  0.62604
 38.5  39.0  0.61090
 38.5  39.5  0.59597
 38.5  40.0  0.58130
 38.5  40.5  0.56690
 38.5  41.0  0.55281
 38.5  41.5  0.53903
 38.5  42.0  0.52559
 38.5  42.5  0.51249
 38.5  43.0  0.49973
 38.5  43.5  0.48730
 38.5  44.0  0.47522
 38.5  44.5  0.46348
 38.5  45.0  0.45206
 39.0 -45.0  0.50934
 39.0 -44.5  0.52423
 39.0 -44.0  0.53974
 39.0 -43.5  0.55590
 39.0 -43.0  0.57275
 39.0 -42.5  0.59033
 39.0 -42.0  0.60869
 39.0 -41.5  0.62787
 39.0 -41.0  0.64792
 39.0 -40.5  0.66891
 39.0 -40.0  0.69088
 39.0 -39.5  0.71391
 39.0 -39.0  0.73807
 39.0 -38.5  0.76344
 39.0 -38.0  0.79011
 39.0 -37.5  0.81816
 39.0 -37.0  0.84771
 39.0 -36.5  0.87887
 39.0 -36.0  0.91178
 39.0 -35.5  0.94658
 39.0 -35.0  0.98344
 39.0 -34.5  1.02253
 39.0 -34.0  1.06407
 39.0 -33.5  1.10831
 39.0 -33.0  1.15551
 39.0 -32.5  1.20602
 39.0 -32.0  1.26022
 39.0 -31.5  1.31858
 39.0 -31.0  1.38168
 39.0 -30.5  1.45026
 39.0 -30.0  1.52530
 39.0 -29.5  1.60810
 39.0 -29.0  1.70054
 39.0 -28.5  1.80539
 39.0 -28.0  1.92706
 39.0 -27.5  2.07299
 39.0 -27.0  2.25660
 39.0 -26.5  2.50430
 39.0 -26.0  2.87314
 39.0 -25.5  3.50239
 39.0 -25.0  4.79169
 39.0 -24.5  8.19436
 39.0 -24.0 21.39568
 39.0 -23.5 91.32450
 39.0 -23.0 137.17826
 39.0 -22.5 -73.97281
 39.0 -22.0 -45.29236
 39.0 -21.5 -27.60356
 39.0 -21.0 -14.44520
 39.0 -20.5 -5.11039
 39.0 -20.0  1.54479
 39.0 -19.5  6.27756
 39.0 -19.0  9.60201
 39.0 -18.5 11.88290
 39.0 -18.0 13.38695
 39.0 -17.5 14.31344
 39.0 -17.0 14.81362
 39.0 -16.5 15.00347
 39.0 -16.0 14.97259
 39.0 -15.5 14.79037
 39.0 -15.0 14.51057
 39.0 -14.5 14.17470
 39.0 -14.0 13.81451
 39.0 -13.5 13.45405
 39.0 -13.0 13.11113
 39.0 -12.5 12.79856
 39.0 -12.0 12.52513
 39.0 -11.5 12.29636
 39.0 -11.0 12.11518
 39.0 -10.5 11.98241
 39.0 -10.0 11.89721
 39.0  -9.5 11.85742
 39.0  -9.0 11.85988
 39.0  -8.5 11.90066
 39.0  -8.0 11.97529
 39.0  -7.5 12.07890
 39.0  -7.0 12.20640
 39.0  -6.5 12.35261
 39.0  -6.0 12.51235
 39.0  -5.5 12.68053
 39.0  -5.0 12.85224
 39.0  -4.5 13.02284
 39.0  -4.0 13.18794
 39.0  -3.5 13.34354
 39.0  -3.0 13.48600
 39.0  -2.5 13.61212
 39.0  -2.0 13.71915
 39.0  -1.5 13.80480
 39.0  -1.0 13.86727
 39.0  -0.5 13.90527
 39.0   0.0 13.91802
 39.0   0.5 13.90527
 39.0   1.0 13.86727
 39.0   1.5 13.80480
 39.0   2.0 13.71915
 39.0   2.5 13.61212
 39.0   3.0 13.48600
 39.0   3.5 13.34354
 39.0   4.0 13.18794
 39.0   4.5 13.02284
 39.0   5.0 12.85224
 39.0   5.5 12.68053
 39.0   6.0 12.51235
 39.0   6.5 12.35261
 39.0   7.0 12.20640
 39.0   7.5 12.07890
 39.0   8.0 11.97529
 39.0   8.5 11.90066
 39.0   9.0 11.85988
 39.0   9.5 11.85742
 39.0  10.0 11.89721
 39.0  10.5 11.98241
 39.0  11.0 12.11518
 39.0  11.5 12.29636
 39.0  12.0 12.52513
 39.0  12.5 12.79856
 39.0  13.0 13.11113
 39.0  13.5 13.45405
 39.0  14.0 13.81451
 39.0  14.5 14.17470
 39.0  15.0 14.51057
 39.0  15.5 14.79037
 39.0  16.0 14.97259
 39.0  16.5 15.00347
 39.0  17.0 14.81362
 39.0  17.5 14.31344
 39.0  18.0 13.38695
 39.0  18.5 11.88290
 39.0  19.0  9.60201
 39.0  19.5  6.27756
 39.0  20.0  1.54479
 39.0  20.5 -5.11039
 39.0  21.0 -14.44520
 39.0  21.5 -27.60356
 39.0  22.0 -45.29236
 39.0  22.5 -73.97281
 39.0  23.0 137.17826
 39.0  23.5 91.32450
 39.0  24.0 21.39568
 39.0  24.5  8.19436
 39.0  25.0  4.79169
 39.0  25.5  3.50239
 39.0  26.0  2.87314
 39.0  26.5  2.50430
 39.0  27.0  2.25660
 39.0  27.5  2.07299
 39.0  28.0  1.92706
 39.0  28.5  1.80539
 39.0  29.0  1.70054
 39.0  29.5  1.60810
 39.0  30.0  1.52530
 39.0  30.5  1.45026
 39.0  31.0  1.38168
 39.0  31.5  1.31858
 39.0  32.0  1.26022
 39.0  32.5  1.20602
 39.0  33.0  1.15551
 39.0  33.5  1.10831
 39.0  34.0  1.06407
 39.0  34.5  1.02253
 39.0  35.0  0.98344
 39.0  35.5  0.94658
 39.0  36.0  0.91178
 39.0  36.5  0.87887
 39.0  37.0  0.84771
 39.0  37.5  0.81816
 39.0  38.0  0.79011
 39.0  38.5  0.76344
 39.0  39.0  0.73807
 39.0  39.5  0.71391
 39.0  40.0  0.69088
 39.0  40.5  0.66891
 39.0  41.0  0.64792
 39.0  41.5  0.62787
 39.0  42.0  0.60869
 39.0  42.5  0.59033
 39.0  43.0  0.57275
 39.0  43.5  0.55590
 39.0  44.0  0.53974
 39.0  44.5  0.52423
 39.0  45.0  0.50934
 39.5 -45.0  0.56604
 39.5 -44.5  0.58437
 39.5 -44.0  0.60360
 39.5 -43.5  0.62380
 39.5 -43.0  0.64504
 39.5 -42.5  0.66740
 39.5 -42.0  0.69096
 39.5 -41.5  0.71583
 39.5 -41.0  0.74211
 39.5 -40.5  0.76993
 39.5 -40.0  0.79942
 39.5 -39.5  0.83073
 39.5 -39.0  0.86404
 39.5 -38.5  0.89955
 39.5 -38.0  0.93749
 39.5 -37.5  0.97811
 39.5 -37.0  1.02172
 39.5 -36.5  1.06866
 39.5 -36.0  1.11935
 39.5 -35.5  1.17427
 39.5 -35.0  1.23398
 39.5 -34.5  1.29918
 39.5 -34.0  1.37067
 39.5 -33.5  1.44947
 39.5 -33.0  1.53681
 39.5 -32.5  1.63422
 39.5 -32.0  1.74365
 39.5 -31.5  1.86757
 39.5 -31.0  2.00923
 39.5 -30.5  2.17288
 39.5 -30.0  2.36430
 39.5 -29.5  2.59147
 39.5 -29.0  2.86569
 39.5 -28.5  3.20347
 39.5 -28.0  3.62976
 39.5 -27.5  4.18377
 39.5 -27.0  4.93011
 39.5 -26.5  5.98131
 39.5 -26.0  7.54689
 39.5 -25.5 10.04893
 39.5 -25.0 14.41628
 39.5 -24.5 22.84762
 39.5 -24.0 40.12047
 39.5 -23.5 68.88387
 39.5 -23.0 95.76280
 39.5 -22.5 119.36678
 39.5 -22.0 -45.00016
 39.5 -21.5 -18.37819
 39.5 -21.0 -4.35905
 39.5 -20.5  3.41476
 39.5 -20.0  9.00852
 39.5 -19.5 12.81162
 39.5 -19.0 15.30606
 39.5 -18.5 16.84592
 39.5 -18.0 17.68963
 39.5 -17.5 18.02949
 39.5 -17.0 18.01043
 39.5 -16.5 17.74260
 39.5 -16.0 17.31012
 39.5 -15.5 16.77731
 39.5 -15.0 16.19316
 39.5 -14.5 15.59476
 39.5 -14.0 15.00978
 39.5 -13.5 14.45845
 39.5 -13.0 13.95509
 39.5 -12.5 13.50928
 39.5 -12.0 13.12682
 39.5 -11.5 12.81049
 39.5 -11.0 12.56068
 39.5 -10.5 12.37589
 39.5 -10.0 12.25312
 39.5  -9.5 12.18826
 39.5  -9.0 12.17633
 39.5  -8.5 12.21176
 39.5  -8.0 12.28855
 39.5  -7.5 12.40044
 39.5  -7.0 12.54108
 39.5  -6.5 12.70414
 39.5  -6.0 12.88338
 39.5  -5.5 13.07277
 39.5  -5.0 13.26656
 39.5  -4.5 13.45932
 39.5  -4.0 13.64600
 39.5  -3.5 13.82200
 39.5  -3.0 13.98318
 39.5  -2.5 14.12587
 39.5  -2.0 14.24695
 39.5  -1.5 14.34384
 39.5  -1.0 14.41450
 39.5  -0.5 14.45748
 39.5   0.0 14.47191
 39.5   0.5 14.45748
 39.5   1.0 14.41450
 39.5   1.5 14.34384
 39.5   2.0 14.24695
 39.5   2.5 14.12587
 39.5   3.0 13.98318
 39.5   3.5 13.82200
 39.5   4.0 13.64600
 39.5   4.5 13.45932
 39.5   5.0 13.26656
 39.5   5.5 13.07277
 39.5   6.0 12.88338
 39.5   6.5 12.70414
 39.5   7.0 12.54108
 39.5   7.5 12.40044
 39.5   8.0 12.28855
 39.5   8.5 12.21176
 39.5   9.0 12.17633
 39.5   9.5 12.18826
 39.5  10.0 12.25312
 39.5  10.5 12.37589
 39.5  11.0 12.56068
 39.5  11.5 12.81049
 39.5  12.0 13.12682
 39.5  12.5 13.50928
 39.5  13.0 13.95509
 39.5  13.5 14.45845
 39.5  14.0 15.00978
 39.5  14.5 15.59476
 39.5  15.0 16.19316
 39.5  15.5 16.77731
 39.5  16.0 17.31012
 39.5  16.5 17.74260
 39.5  17.0 18.01043
 39.5  17.5 18.02949
 39.5  18.0 17.68963
 39.5  18.5 16.84592
 39.5  19.0 15.30606
 39.5  19.5 12.81162
 39.5  20.0  9.00852
 39.5  20.5  3.41476
 39.5  21.0 -4.35905
 39.5  21.5 -18.37819
 39.5  22.0 -45.00016
 39.5  22.5 119.36678
 39.5  23.0 95.76280
 39.5  23.5 68.88387
 39.5  24.0 40.12047
 39.5  24.5 22.84762
 39.5  25.0 14.41628
 39.5  25.5 10.04893
 39.5  26.0  7.54689
 39.5  26.5  5.98131
 39.5  27.0  4.93011
 39.5  27.5  4.18377
 39.5  28.0  3.62976
 39.5  28.5  3.20347
 39.5  29.0  2.86569
 39.5  29.5  2.59147
 39.5  30.0  2.36430
 39.5  30.5  2.17288
 39.5  31.0  2.00923
 39.5  31.5  1.86757
 39.5  32.0  1.74365
 39.5  32.5  1.63422
 39.5  33.0  1.53681
 39.5  33.5  1.44947
 39.5  34.0  1.37067
 39.5  34.5  1.29918
 39.5  35.0  1.23398
 39.5  35.5  1.17427
 39.5  36.0  1.11935
 39.5  36.5  1.06866
 39.5  37.0  1.02172
 39.5  37.5  0.97811
 39.5  38.0  0.93749
 39.5  38.5  0.89955
 39.5  39.0  0.86404
 39.5  39.5  0.83073
 39.5  40.0  0.79942
 39.5  40.5  0.76993
 39.5  41.0  0.74211
 39.5  41.5  0.71583
 39.5  42.0  0.69096
 39.5  42.5  0.66740
 39.5  43.0  0.64504
 39.5  43.5  0.62380
 39.5  44.0  0.60360
 39.5  44.5  0.58437
 39.5  45.0  0.56604
 40.0 -45.0  0.62189
 40.0 -44.5  0.64360
 40.0 -44.0  0.66650
 40.0 -43.5  0.69067
 40.0 -43.0  0.71622
 40.0 -42.5  0.74326
 40.0 -42.0  0.77194
 40.0 -41.5  0.80239
 40.0 -41.0  0.83477
 40.0 -40.5  0.86928
 40.0 -40.0  0.90613
 40.0 -39.5  0.94555
 40.0 -39.0  0.98781
 40.0 -38.5  1.03324
 40.0 -38.0  1.08219
 40.0 -37.5  1.13508
 40.0 -37.0  1.19240
 40.0 -36.5  1.25472
 40.0 -36.0  1.32271
 40.0 -35.5  1.39718
 40.0 -35.0  1.47907
 40.0 -34.5  1.56955
 40.0 -34.0  1.67000
 40.0 -33.5  1.78214
 40.0 -33.0  1.90809
 40.0 -32.5  2.05049
 40.0 -32.0  2.21270
 40.0 -31.5  2.39902
 40.0 -31.0  2.61502
 40.0 -30.5  2.86807
 40.0 -30.0  3.16808
 40.0 -29.5  3.52861
 40.0 -29.0  3.96862
 40.0 -28.5  4.51530
 40.0 -28.0  5.20870
 40.0 -27.5  6.10958
 40.0 -27.0  7.31335
 40.0 -26.5  8.97524
 40.0 -26.0 11.35722
 40.0 -25.5 14.91434
 40.0 -25.0 20.43727
 40.0 -24.5 29.17558
 40.0 -24.0 42.37504
 40.0 -23.5 59.02796
 40.0 -23.0 74.14546
 40.0 -22.5 82.72287
 40.0 -22.0 83.64486
 40.0 -21.5 85.89392
 40.0 -21.0 -173.09612
 40.0 -20.5 13.56609
 40.0 -20.0 18.33681
 40.0 -19.5 20.62984
 40.0 -19.0 21.94841
 40.0 -18.5 22.49429
 40.0 -18.0 22.48843
 40.0 -17.5 22.09877
 40.0 -17.0 21.45174
 40.0 -16.5 20.64311
 40.0 -16.0 19.74548
 40.0 -15.5 18.81362
 40.0 -15.0 17.88846
 40.0 -14.5 17.00017
 40.0 -14.0 16.17040
 40.0 -13.5 15.41410
 40.0 -13.0 14.74088
 40.0 -12.5 14.15616
 40.0 -12.0 13.66199
 40.0 -11.5 13.25780
 40.0 -11.0 12.94093
 40.0 -10.5 12.70715
 40.0 -10.0 12.55098
 40.0  -9.5 12.46606
 40.0  -9.0 12.44537
 40.0  -8.5 12.48147
 40.0  -8.0 12.56668
 40.0  -7.5 12.69323
 40.0  -7.0 12.85337
 40.0  -6.5 13.03951
 40.0  -6.0 13.24430
 40.0  -5.5 13.46067
 40.0  -5.0 13.68197
 40.0  -4.5 13.90194
 40.0  -4.0 14.11483
 40.0  -3.5 14.31539
 40.0  -3.0 14.49892
 40.0  -2.5 14.66131
 40.0  -2.0 14.79904
 40.0  -1.5 14.90920
 40.0  -1.0 14.98951
 40.0  -0.5 15.03835
 40.0   0.0 15.05475
 40.0   0.5 15.03835
 40.0   1.0 14.98951
 40.0   1.5 14.90920
 40.0   2.0 14.79904
 40.0   2.5 14.66131
 40.0   3.0 14.49892
 40.0   3.5 14.31539
 40.0   4.0 14.11483
 40.0   4.5 13.90194
 40.0   5.0 13.68197
 40.0   5.5 13.46067
 40.0   6.0 13.24430
 40.0   6.5 13.03951
 40.0   7.0 12.85337
 40.0   7.5 12.69323
 40.0   8.0 12.56668
 40.0   8.5 12.48147
 40.0   9.0 12.44537
 40.0   9.5 12.46606
 40.0  10.0 12.55098
 40.0  10.5 12.70715
 40.0  11.0 12.94093
 40.0  11.5 13.25780
 40.0  12.0 13.66199
 40.0  12.5 14.15616
 40.0  13.0 14.74088
 40.0  13.5 15.41410
 40.0  14.0 16.17040
 40.0  14.5 17.00017
 40.0  15.0 17.88846
 40.0  15.5 18.81362
 40.0  16.0 19.74548
 40.0  16.5 20.64311
 40.0  17.0 21.45174
 40.0  17.5 22.09877
 40.0  18.0 22.48843
 40.0  18.5 22.49429
 40.0  19.0 21.94841
 40.0  19.5 20.62984
 40.0  20.0 18.33681
 40.0  20.5 13.56609
 40.0  21.0 -173.09612
 40.0  21.5 85.89392
 40.0  22.0 83.64486
 40.0  22.5 82.72287
 40.0  23.0 74.14546
 40.0  23.5 59.02796
 40.0  24.0 42.37504
 40.0  24.5 29.17558
 40.0  25.0 20.43727
 40.0  25.5 14.91434
 40.0  26.0 11.35722
 40.0  26.5  8.97524
 40.0  27.0  7.31335
 40.0  27.5  6.10958
 40.0  28.0  5.20870
 40.0  28.5  4.51530
 40.0  29.0  3.96862
 40.0  29.5  3.52861
 40.0  30.0  3.16808
 40.0  30.5  2.86807
 40.0  31.0  2.61502
 40.0  31.5  2.39902
 40.0  32.0  2.21270
 40.0  32.5  2.05049
 40.0  33.0  1.90809
 40.0  33.5  1.78214
 40.0  34.0  1.67000
 40.0  34.5  1.56955
 40.0  35.0  1.47907
 40.0  35.5  1.39718
 40.0  36.0  1.32271
 40.0  36.5  1.25472
 40.0  37.0  1.19240
 40.0  37.5  1.13508
 40.0  38.0  1.08219
 40.0  38.5  1.03324
 40.0  39.0  0.98781
 40.0  39.5  0.94555
 40.0  40.0  0.90613
 40.0  40.5  0.86928
 40.0  41.0  0.83477
 40.0  41.5  0.80239
 40.0  42.0  0.77194
 40.0  42.5  0.74326
 40.0  43.0  0.71622
 40.0  43.5  0.69067
 40.0  44.0  0.66650
 40.0  44.5  0.64360
 40.0  45.0  0.62189
 40.5 -45.0  0.67665
 40.5 -44.5  0.70166
 40.5 -44.0  0.72812
 40.5 -43.5  0.75615
 40.5 -43.0  0.78590
 40.5 -42.5  0.81750
 40.5 -42.0  0.85114
 40.5 -41.5  0.88700
 40.5 -41.0  0.92531
 40.5 -40.5  0.96630
 40.5 -40.0  1.01027
 40.5 -39.5  1.05752
 40.5 -39.0  1.10843
 40.5 -38.5  1.16341
 40.5 -38.0  1.22296
 40.5 -37.5  1.28763
 40.5 -37.0  1.35809
 40.5 -36.5  1.43512
 40.5 -36.0  1.51962
 40.5 -35.5  1.61269
 40.5 -35.0  1.71563
 40.5 -34.5  1.83000
 40.5 -34.0  1.95771
 40.5 -33.5  2.10110
 40.5 -33.0  2.26303
 40.5 -32.5  2.44711
 40.5 -32.0  2.65787
 40.5 -31.5  2.90107
 40.5 -31.0  3.18416
 40.5 -30.5  3.51690
 40.5 -30.0  3.91223
 40.5 -29.5  4.38759
 40.5 -29.0  4.96694
 40.5 -28.5  5.68372
 40.5 -28.0  6.58562
 40.5 -27.5  7.74193
 40.5 -27.0  9.25520
 40.5 -26.5 11.27950
 40.5 -26.0 14.04707
 40.5 -25.5 17.90001
 40.5 -25.0 23.30007
 40.5 -24.5 30.71912
 40.5 -24.0 40.21549
 40.5 -23.5 50.71429
 40.5 -23.0 59.89427
 40.5 -22.5 65.43160
 40.5 -22.0 66.24830
 40.5 -21.5 62.50930
 40.5 -21.0 55.20815
 40.5 -20.5 47.78505
 40.5 -20.0 22.94477
 40.5 -19.5 30.33611
 40.5 -19.0 29.41840
 40.5 -18.5 28.67591
 40.5 -18.0 27.66258
 40.5 -17.5 26.42033
 40.5 -17.0 25.05082
 40.5 -16.5 23.62970
 40.5 -16.0 22.21281
 40.5 -15.5 20.84143
 40.5 -15.0 19.54550
 40.5 -14.5 18.34595
 40.5 -14.0 17.25668
 40.5 -13.5 16.28596
 40.5 -13.0 15.43763
 40.5 -12.5 14.71205
 40.5 -12.0 14.10685
 40.5 -11.5 13.61751
 40.5 -11.0 13.23789
 40.5 -10.5 12.96064
 40.5 -10.0 12.77749
 40.5  -9.5 12.67955
 40.5  -9.0 12.65756
 40.5  -8.5 12.70205
 40.5  -8.0 12.80349
 40.5  -7.5 12.95245
 40.5  -7.0 13.13970
 40.5  -6.5 13.35630
 40.5  -6.0 13.59369
 40.5  -5.5 13.84373
 40.5  -5.0 14.09877
 40.5  -4.5 14.35173
 40.5  -4.0 14.59607
 40.5  -3.5 14.82589
 40.5  -3.0 15.03591
 40.5  -2.5 15.22153
 40.5  -2.0 15.37880
 40.5  -1.5 15.50450
 40.5  -1.0 15.59610
 40.5  -0.5 15.65179
 40.5   0.0 15.67047
 40.5   0.5 15.65179
 40.5   1.0 15.59610
 40.5   1.5 15.50450
 40.5   2.0 15.37880
 40.5   2.5 15.22153
 40.5   3.0 15.03591
 40.5   3.5 14.82589
 40.5   4.0 14.59607
 40.5   4.5 14.35173
 40.5   5.0 14.09877
 40.5   5.5 13.84373
 40.5   6.0 13.59369
 40.5   6.5 13.35630
 40.5   7.0 13.13970
 40.5   7.5 12.95245
 40.5   8.0 12.80349
 40.5   8.5 12.70205
 40.5   9.0 12.65756
 40.5   9.5 12.67955
 40.5  10.0 12.77749
 40.5  10.5 12.96064
 40.5  11.0 13.23789
 40.5  11.5 13.61751
 40.5  12.0 14.10685
 40.5  12.5 14.71205
 40.5  13.0 15.43763
 40.5  13.5 16.28596
 40.5  14.0 17.25668
 40.5  14.5 18.34595
 40.5  15.0 19.54550
 40.5  15.5 20.84143
 40.5  16.0 22.21281
 40.5  16.5 23.62970
 40.5  17.0 25.05082
 40.5  17.5 26.42033
 40.5  18.0 27.66258
 40.5  18.5 28.67591
 40.5  19.0 29.41840
 40.5  19.5 30.33611
 40.5  20.0 22.94477
 40.5  20.5 47.78505
 40.5  21.0 55.20815
 40.5  21.5 62.50930
 40.5  22.0 66.24830
 40.5  22.5 65.43160
 40.5  23.0 59.89427
 40.5  23.5 50.71429
 40.5  24.0 40.21549
 40.5  24.5 30.71912
 40.5  25.0 23.30007
 40.5  25.5 17.90001
 40.5  26.0 14.04707
 40.5  26.5 11.27950
 40.5  27.0  9.25520
 40.5  27.5  7.74193
 40.5  28.0  6.58562
 40.5  28.5  5.68372
 40.5  29.0  4.96694
 40.5  29.5  4.38759
 40.5  30.0  3.91223
 40.5  30.5  3.51690
 40.5  31.0  3.18416
 40.5  31.5  2.90107
 40.5  32.0  2.65787
 40.5  32.5  2.44711
 40.5  33.0  2.26303
 40.5  33.5  2.10110
 40.5  34.0  1.95771
 40.5  34.5  1.83000
 40.5  35.0  1.71563
 40.5  35.5  1.61269
 40.5  36.0  1.51962
 40.5  36.5  1.43512
 40.5  37.0  1.35809
 40.5  37.5  1.28763
 40.5  38.0  1.22296
 40.5  38.5  1.16341
 40.5  39.0  1.10843
 40.5  39.5  1.05752
 40.5  40.0  1.01027
 40.5  40.5  0.96630
 40.5  41.0  0.92531
 40.5  41.5  0.88700
 40.5  42.0  0.85114
 40.5  42.5  0.81750
 40.5  43.0  0.78590
 40.5  43.5  0.75615
 40.5  44.0  0.72812
 40.5  44.5  0.70166
 40.5  45.0  0.67665
 41.0 -45.0  0.73007
 41.0 -44.5  0.75827
 41.0 -44.0  0.78817
 41.0 -43.5  0.81994
 41.0 -43.0  0.85372
 41.0 -42.5  0.88971
 41.0 -42.0  0.92812
 41.0 -41.5  0.96918
 41.0 -41.0  1.01316
 41.0 -40.5  1.06036
 41.0 -40.0  1.11113
 41.0 -39.5  1.16585
 41.0 -39.0  1.22498
 41.0 -38.5  1.28904
 41.0 -38.0  1.35862
 41.0 -37.5  1.43442
 41.0 -37.0  1.51725
 41.0 -36.5  1.60807
 41.0 -36.0  1.70800
 41.0 -35.5  1.81838
 41.0 -35.0  1.94080
 41.0 -34.5  2.07718
 41.0 -34.0  2.22984
 41.0 -33.5  2.40162
 41.0 -33.0  2.59599
 41.0 -32.5  2.81727
 41.0 -32.0  3.07086
 41.0 -31.5  3.36359
 41.0 -31.0  3.70418
 41.0 -30.5  4.10388
 41.0 -30.0  4.57739
 41.0 -29.5  5.14413
 41.0 -29.0  5.83011
 41.0 -28.5  6.67051
 41.0 -28.0  7.71352
 41.0 -27.5  9.02563
 41.0 -27.0 10.69880
 41.0 -26.5 12.85912
 41.0 -26.0 15.67410
 41.0 -25.5 19.34909
 41.0 -25.0 24.08899
 41.0 -24.5 29.98309
 41.0 -24.0 36.78868
 41.0 -23.5 43.72185
 41.0 -23.0 49.53956
 41.0 -22.5 53.01793
 41.0 -22.0 53.44769
 41.0 -21.5 50.76512
 41.0 -21.0 45.37610
 41.0 -20.5 37.91938
 41.0 -20.0 29.26182
 41.0 -19.5 19.67468
 41.0 -19.0 17.30421
 41.0 -18.5 38.45115
 41.0 -18.0 33.24515
 41.0 -17.5 30.85007
 41.0 -17.0 28.69445
 41.0 -16.5 26.60932
 41.0 -16.0 24.63273
 41.0 -15.5 22.79233
 41.0 -15.0 21.10496
 41.0 -14.5 19.58054
 41.0 -14.0 18.22369
 41.0 -13.5 17.03485
 41.0 -13.0 16.01117
 41.0 -12.5 15.14722
 41.0 -12.0 14.43556
 41.0 -11.5 13.86729
 41.0 -11.0 13.43235
 41.0 -10.5 13.11993
 41.0 -10.0 12.91871
 41.0  -9.5 12.81707
 41.0  -9.0 12.80328
 41.0  -8.5 12.86569
 41.0  -8.0 12.99280
 41.0  -7.5 13.17342
 41.0  -7.0 13.39674
 41.0  -6.5 13.65238
 41.0  -6.0 13.93051
 41.0  -5.5 14.22186
 41.0  -5.0 14.51777
 41.0  -4.5 14.81024
 41.0  -4.0 15.09195
 41.0  -3.5 15.35630
 41.0  -3.0 15.59743
 41.0  -2.5 15.81019
 41.0  -2.0 15.99025
 41.0  -1.5 16.13403
 41.0  -1.0 16.23872
 41.0  -0.5 16.30234
 41.0   0.0 16.32368
 41.0   0.5 16.30234
 41.0   1.0 16.23872
 41.0   1.5 16.13403
 41.0   2.0 15.99025
 41.0   2.5 15.81019
 41.0   3.0 15.59743
 41.0   3.5 15.35630
 41.0   4.0 15.09195
 41.0   4.5 14.81024
 41.0   5.0 14.51777
 41.0   5.5 14.22186
 41.0   6.0 13.93051
 41.0   6.5 13.65238
 41.0   7.0 13.39674
 41.0   7.5 13.17342
 41.0   8.0 12.99280
 41.0   8.5 12.86569
 41.0   9.0 12.80328
 41.0   9.5 12.81707
 41.0  10.0 12.91871
 41.0  10.5 13.11993
 41.0  11.0 13.43235
 41.0  11.5 13.86729
 41.0  12.0 14.43556
 41.0  12.5 15.14722
 41.0  13.0 16.01117
 41.0  13.5 17.03485
 41.0  14.0 18.22369
 41.0  14.5 19.58054
 41.0  15.0 21.10496
 41.0  15.5 22.79233
 41.0  16.0 24.63273
 41.0  16.5 26.60932
 41.0  17.0 28.69445
 41.0  17.5 30.85007
 41.0  18.0 33.24515
 41.0  18.5 38.45115
 41.0  19.0 17.30421
 41.0  19.5 19.67468
 41.0  20.0 29.26182
 41.0  20.5 37.91938
 41.0  21.0 45.37610
 41.0  21.5 50.76512
 41.0  22.0 53.44769
 41.0  22.5 53.01793
 41.0  23.0 49.53956
 41.0  23.5 43.72185
 41.0  24.0 36.78868
 41.0  24.5 29.98309
 41.0  25.0 24.08899
 41.0  25.5 19.34909
 41.0  26.0 15.67410
 41.0  26.5 12.85912
 41.0  27.0 10.69880
 41.0  27.5  9.02563
 41.0  28.0  7.71352
 41.0  28.5  6.67051
 41.0  29.0  5.83011
 41.0  29.5  5.14413
 41.0  30.0  4.57739
 41.0  30.5  4.10388
 41.0  31.0  3.70418
 41.0  31.5  3.36359
 41.0  32.0  3.07086
 41.0  32.5  2.81727
 41.0  33.0  2.59599
 41.0  33.5  2.40162
 41.0  34.0  2.22984
 41.0  34.5  2.07718
 41.0  35.0  1.94080
 41.0  35.5  1.81838
 41.0  36.0  1.70800
 41.0  36.5  1.60807
 41.0  37.0  1.51725
 41.0  37.5  1.43442
 41.0  38.0  1.35862
 41.0  38.5  1.28904
 41.0  39.0  1.22498
 41.0  39.5  1.16585
 41.0  40.0  1.11113
 41.0  40.5  1.06036
 41.0  41.0  1.01316
 41.0  41.5  0.96918
 41.0  42.0  0.92812
 41.0  42.5  0.88971
 41.0  43.0  0.85372
 41.0  43.5  0.81994
 41.0  44.0  0.78817
 41.0  44.5  0.75827
 41.0  45.0  0.73007
 41.5 -45.0  0.78192
 41.5 -44.5  0.81317
 41.5 -44.0  0.84637
 41.5 -43.5  0.88170
 41.5 -43.0  0.91934
 41.5 -42.5  0.95951
 41.5 -42.0  1.00245
 41.5 -41.5  1.04845
 41.5 -41.0  1.09780
 41.5 -40.5  1.15087
 41.5 -40.0  1.20805
 41.5 -39.5  1.26979
 41.5 -39.0  1.33663
 41.5 -38.5  1.40916
 41.5 -38.0  1.48808
 41.5 -37.5  1.57419
 41.5 -37.0  1.66845
 41.5 -36.5  1.77194
 41.5 -36.0  1.88597
 41.5 -35.5  2.01207
 41.5 -35.0  2.15208
 41.5 -34.5  2.30816
 41.5 -34.0  2.48297
 41.5 -33.5  2.67968
 41.5 -33.0  2.90221
 41.5 -32.5  3.15534
 41.5 -32.0  3.44502
 41.5 -31.5  3.77868
 41.5 -31.0  4.16566
 41.5 -30.5  4.61783
 41.5 -30.0  5.15039
 41.5 -29.5  5.78295
 41.5 -29.0  6.54097
 41.5 -28.5  7.45768
 41.5 -28.0  8.57652
 41.5 -27.5  9.95397
 41.5 -27.0 11.66239
 41.5 -26.5 13.79124
 41.5 -26.0 16.44315
 41.5 -25.5 19.71745
 41.5 -25.0 23.66956
 41.5 -24.5 28.23666
 41.5 -24.0 33.14297
 41.5 -23.5 37.84772
 41.5 -23.0 41.62344
 41.5 -22.5 43.76989
 41.5 -22.0 43.83551
 41.5 -21.5 41.71261
 41.5 -21.0 37.59472
 41.5 -20.5 31.86964
 41.5 -20.0 25.01400
 41.5 -19.5 17.53416
 41.5 -19.0 10.07194
 41.5 -18.5  2.41886
 41.5 -18.0 -21.29474
 41.5 -17.5 43.89493
 41.5 -17.0 32.90568
 41.5 -16.5 29.46917
 41.5 -16.0 26.90534
 41.5 -15.5 24.58775
 41.5 -15.0 22.50054
 41.5 -14.5 20.64687
 41.5 -14.0 19.02214
 41.5 -13.5 17.61816
 41.5 -13.0 16.42466
 41.5 -12.5 15.42983
 41.5 -12.0 14.62073
 41.5 -11.5 13.98360
 41.5 -11.0 13.50420
 41.5 -10.5 13.16799
 41.5 -10.0 12.96034
 41.5  -9.5 12.86674
 41.5  -9.0 12.87284
 41.5  -8.5 12.96467
 41.5  -8.0 13.12867
 41.5  -7.5 13.35178
 41.5  -7.0 13.62153
 41.5  -6.5 13.92607
 41.5  -6.0 14.25422
 41.5  -5.5 14.59554
 41.5  -5.0 14.94032
 41.5  -4.5 15.27962
 41.5  -4.0 15.60531
 41.5  -3.5 15.91007
 41.5  -3.0 16.18742
 41.5  -2.5 16.43170
 41.5  -2.0 16.63813
 41.5  -1.5 16.80277
 41.5  -1.0 16.92256
 41.5  -0.5 16.99531
 41.5   0.0 17.01971
 41.5   0.5 16.99531
 41.5   1.0 16.92256
 41.5   1.5 16.80277
 41.5   2.0 16.63813
 41.5   2.5 16.43170
 41.5   3.0 16.18742
 41.5   3.5 15.91007
 41.5   4.0 15.60531
 41.5   4.5 15.27962
 41.5   5.0 14.94032
 41.5   5.5 14.59554
 41.5   6.0 14.25422
 41.5   6.5 13.92607
 41.5   7.0 13.62153
 41.5   7.5 13.35178
 41.5   8.0 13.12867
 41.5   8.5 12.96467
 41.5   9.0 12.87284
 41.5   9.5 12.86674
 41.5  10.0 12.96034
 41.5  10.5 13.16799
 41.5  11.0 13.50420
 41.5  11.5 13.98360
 41.5  12.0 14.62073
 41.5  12.5 15.42983
 41.5  13.0 16.42466
 41.5  13.5 17.61816
 41.5  14.0 19.02214
 41.5  14.5 20.64687
 41.5  15.0 22.50054
 41.5  15.5 24.58775
 41.5  16.0 26.90534
 41.5  16.5 29.46917
 41.5  17.0 32.90568
 41.5  17.5 43.89493
 41.5  18.0 -21.29474
 41.5  18.5  2.41886
 41.5  19.0 10.07194
 41.5  19.5 17.53416
 41.5  20.0 25.01400
 41.5  20.5 31.86964
 41.5  21.0 37.59472
 41.5  21.5 41.71261
 41.5  22.0 43.83551
 41.5  22.5 43.76989
 41.5  23.0 41.62344
 41.5  23.5 37.84772
 41.5  24.0 33.14297
 41.5  24.5 28.23666
 41.5  25.0 23.66956
 41.5  25.5 19.71745
 41.5  26.0 16.44315
 41.5  26.5 13.79124
 41.5  27.0 11.66239
 41.5  27.5  9.95397
 41.5  28.0  8.57652
 41.5  28.5  7.45768
 41.5  29.0  6.54097
 41.5  29.5  5.78295
 41.5  30.0  5.15039
 41.5  30.5  4.61783
 41.5  31.0  4.16566
 41.5  31.5  3.77868
 41.5  32.0  3.44502
 41.5  32.5  3.15534
 41.5  33.0  2.90221
 41.5  33.5  2.67968
 41.5  34.0  2.48297
 41.5  34.5  2.30816
 41.5  35.0  2.15208
 41.5  35.5  2.01207
 41.5  36.0  1.88597
 41.5  36.5  1.77194
 41.5  37.0  1.66845
 41.5  37.5  1.57419
 41.5  38.0  1.48808
 41.5  38.5  1.40916
 41.5  39.0  1.33663
 41.5  39.5  1.26979
 41.5  40.0  1.20805
 41.5  40.5  1.15087
 41.5  41.0  1.09780
 41.5  41.5  1.04845
 41.5  42.0  1.00245
 41.5  42.5  0.95951
 41.5  43.0  0.91934
 41.5  43.5  0.88170
 41.5  44.0  0.84637
 41.5  44.5  0.81317
 41.5  45.0  0.78192
 42.0 -45.0  0.83198
 42.0 -44.5  0.86613
 42.0 -44.0  0.90245
 42.0 -43.5  0.94115
 42.0 -43.0  0.98243
 42.0 -42.5  1.02653
 42.0 -42.0  1.07374
 42.0 -41.5  1.12436
 42.0 -41.0  1.17874
 42.0 -40.5  1.23727
 42.0 -40.0  1.30040
 42.0 -39.5  1.36865
 42.0 -39.0  1.44259
 42.0 -38.5  1.52290
 42.0 -38.0  1.61036
 42.0 -37.5  1.70586
 42.0 -37.0  1.81044
 42.0 -36.5  1.92532
 42.0 -36.0  2.05192
 42.0 -35.5  2.19193
 42.0 -35.0  2.34734
 42.0 -34.5  2.52052
 42.0 -34.0  2.71429
 42.0 -33.5  2.93208
 42.0 -33.0  3.17801
 42.0 -32.5  3.45711
 42.0 -32.0  3.77553
 42.0 -31.5  4.14086
 42.0 -31.0  4.56248
 42.0 -30.5  5.05211
 42.0 -30.0  5.62435
 42.0 -29.5  6.29758
 42.0 -29.0  7.09482
 42.0 -28.5  8.04491
 42.0 -28.0  9.18358
 42.0 -27.5 10.55431
 42.0 -27.0 12.20806
 42.0 -26.5 14.20041
 42.0 -26.0 16.58354
 42.0 -25.5 19.38914
 42.0 -25.0 22.59872
 42.0 -24.5 26.10277
 42.0 -24.0 29.66300
 42.0 -23.5 32.90693
 42.0 -23.0 35.38239
 42.0 -22.5 36.66427
 42.0 -22.0 36.46372
 42.0 -21.5 34.68732
 42.0 -21.0 31.43191
 42.0 -20.5 26.93740
 42.0 -20.0 21.52762
 42.0 -19.5 15.55812
 42.0 -19.0  9.37813
 42.0 -18.5  3.32051
 42.0 -18.0 -2.21936
 42.0 -17.5 -7.24785
 42.0 -17.0 -21.20429
 42.0 -16.5 60.78890
 42.0 -16.0 31.27552
 42.0 -15.5 26.22177
 42.0 -15.0 23.63736
 42.0 -14.5 21.47827
 42.0 -14.0 19.59888
 42.0 -13.5 17.99072
 42.0 -13.0 16.63931
 42.0 -12.5 15.52660
 42.0 -12.0 14.63382
 42.0 -11.5 13.94214
 42.0 -11.0 13.43284
 42.0 -10.5 13.08748
 42.0 -10.0 12.88798
 42.0  -9.5 12.81675
 42.0  -9.0 12.85675
 42.0  -8.5 12.99158
 42.0  -8.0 13.20552
 42.0  -7.5 13.48361
 42.0  -7.0 13.81165
 42.0  -6.5 14.17626
 42.0  -6.0 14.56490
 42.0  -5.5 14.96590
 42.0  -5.0 15.36848
 42.0  -4.5 15.76275
 42.0  -4.0 16.13974
 42.0  -3.5 16.49140
 42.0  -3.0 16.81061
 42.0  -2.5 17.09120
 42.0  -2.0 17.32793
 42.0  -1.5 17.51650
 42.0  -1.0 17.65358
 42.0  -0.5 17.73678
 42.0   0.0 17.76468
 42.0   0.5 17.73678
 42.0   1.0 17.65358
 42.0   1.5 17.51650
 42.0   2.0 17.32793
 42.0   2.5 17.09120
 42.0   3.0 16.81061
 42.0   3.5 16.49140
 42.0   4.0 16.13974
 42.0   4.5 15.76275
 42.0   5.0 15.36848
 42.0   5.5 14.96590
 42.0   6.0 14.56490
 42.0   6.5 14.17626
 42.0   7.0 13.81165
 42.0   7.5 13.48361
 42.0   8.0 13.20552
 42.0   8.5 12.99158
 42.0   9.0 12.85675
 42.0   9.5 12.81675
 42.0  10.0 12.88798
 42.0  10.5 13.08748
 42.0  11.0 13.43284
 42.0  11.5 13.94214
 42.0  12.0 14.63382
 42.0  12.5 15.52660
 42.0  13.0 16.63931
 42.0  13.5 17.99072
 42.0  14.0 19.59888
 42.0  14.5 21.47827
 42.0  15.0 23.63736
 42.0  15.5 26.22177
 42.0  16.0 31.27552
 42.0  16.5 60.78890
 42.0  17.0 -21.20429
 42.0  17.5 -7.24785
 42.0  18.0 -2.21936
 42.0  18.5  3.32051
 42.0  19.0  9.37813
 42.0  19.5 15.55812
 42.0  20.0 21.52762
 42.0  20.5 26.93740
 42.0  21.0 31.43191
 42.0  21.5 34.68732
 42.0  22.0 36.46372
 42.0  22.5 36.66427
 42.0  23.0 35.38239
 42.0  23.5 32.90693
 42.0  24.0 29.66300
 42.0  24.5 26.10277
 42.0  25.0 22.59872
 42.0  25.5 19.38914
 42.0  26.0 16.58354
 42.0  26.5 14.20041
 42.0  27.0 12.20806
 42.0  27.5 10.55431
 42.0  28.0  9.18358
 42.0  28.5  8.04491
 42.0  29.0  7.09482
 42.0  29.5  6.29758
 42.0  30.0  5.62435
 42.0  30.5  5.05211
 42.0  31.0  4.56248
 42.0  31.5  4.14086
 42.0  32.0  3.77553
 42.0  32.5  3.45711
 42.0  33.0  3.17801
 42.0  33.5  2.93208
 42.0  34.0  2.71429
 42.0  34.5  2.52052
 42.0  35.0  2.34734
 42.0  35.5  2.19193
 42.0  36.0  2.05192
 42.0  36.5  1.92532
 42.0  37.0  1.81044
 42.0  37.5  1.70586
 42.0  38.0  1.61036
 42.0  38.5  1.52290
 42.0  39.0  1.44259
 42.0  39.5  1.36865
 42.0  40.0  1.30040
 42.0  40.5  1.23727
 42.0  41.0  1.17874
 42.0  41.5  1.12436
 42.0  42.0  1.07374
 42.0  42.5  1.02653
 42.0  43.0  0.98243
 42.0  43.5  0.94115
 42.0  44.0  0.90245
 42.0  44.5  0.86613
 42.0  45.0  0.83198
 42.5 -45.0  0.88004
 42.5 -44.5  0.91692
 42.5 -44.0  0.95617
 42.5 -43.5  0.99802
 42.5 -43.0  1.04269
 42.5 -42.5  1.09046
 42.5 -42.0  1.14163
 42.5 -41.5  1.19652
 42.5 -41.0  1.25553
 42.5 -40.5  1.31908
 42.5 -40.0  1.38766
 42.5 -39.5  1.46182
 42.5 -39.0  1.54220
 42.5 -38.5  1.62953
 42.5 -38.0  1.72463
 42.5 -37.5  1.82847
 42.5 -37.0  1.94216
 42.5 -36.5  2.06701
 42.5 -36.0  2.20452
 42.5 -35.5  2.35646
 42.5 -35.0  2.52492
 42.5 -34.5  2.71237
 42.5 -34.0  2.92173
 42.5 -33.5  3.15649
 42.5 -33.0  3.42083
 42.5 -32.5  3.71979
 42.5 -32.0  4.05943
 42.5 -31.5  4.44712
 42.5 -31.0  4.89180
 42.5 -30.5  5.40437
 42.5 -30.0  5.99812
 42.5 -29.5  6.68916
 42.5 -29.0  7.49700
 42.5 -28.5  8.44486
 42.5 -28.0  9.55989
 42.5 -27.5 10.87256
 42.5 -27.0 12.41481
 42.5 -26.5 14.21574
 42.5 -26.0 16.29347
 42.5 -25.5 18.64170
 42.5 -25.0 21.21104
 42.5 -24.5 23.88850
 42.5 -24.0 26.48431
 42.5 -23.5 28.73903
 42.5 -23.0 30.35929
 42.5 -22.5 31.07563
 42.5 -22.0 30.70070
 42.5 -21.5 29.16515
 42.5 -21.0 26.52191
 42.5 -20.5 22.92527
 42.5 -20.0 18.59788
 42.5 -19.5 13.79700
 42.5 -19.0  8.78613
 42.5 -18.5  3.81394
 42.5 -18.0 -0.89963
 42.5 -17.5 -5.16472
 42.5 -17.0 -8.79051
 42.5 -16.5 -11.72315
 42.5 -16.0 -16.67940
 42.5 -15.5 -74.16827
 42.5 -15.0 35.23190
 42.5 -14.5 22.63838
 42.5 -14.0 19.84346
 42.5 -13.5 18.08044
 42.5 -13.0 16.61081
 42.5 -12.5 15.40301
 42.5 -12.0 14.44586
 42.5 -11.5 13.71836
 42.5 -11.0 13.19762
 42.5 -10.5 12.86119
 42.5 -10.0 12.68744
 42.5  -9.5 12.65563
 42.5  -9.0 12.74594
 42.5  -8.5 12.93949
 42.5  -8.0 13.21836
 42.5  -7.5 13.56563
 42.5  -7.0 13.96534
 42.5  -6.5 14.40256
 42.5  -6.0 14.86335
 42.5  -5.5 15.33483
 42.5  -5.0 15.80510
 42.5  -4.5 16.26331
 42.5  -4.0 16.69965
 42.5  -3.5 17.10533
 42.5  -3.0 17.47260
 42.5  -2.5 17.79473
 42.5  -2.0 18.06604
 42.5  -1.5 18.28188
 42.5  -1.0 18.43864
 42.5  -0.5 18.53372
 42.5   0.0 18.56559
 42.5   0.5 18.53372
 42.5   1.0 18.43864
 42.5   1.5 18.28188
 42.5   2.0 18.06604
 42.5   2.5 17.79473
 42.5   3.0 17.47260
 42.5   3.5 17.10533
 42.5   4.0 16.69965
 42.5   4.5 16.26331
 42.5   5.0 15.80510
 42.5   5.5 15.33483
 42.5   6.0 14.86335
 42.5   6.5 14.40256
 42.5   7.0 13.96534
 42.5   7.5 13.56563
 42.5   8.0 13.21836
 42.5   8.5 12.93949
 42.5   9.0 12.74594
 42.5   9.5 12.65563
 42.5  10.0 12.68744
 42.5  10.5 12.86119
 42.5  11.0 13.19762
 42.5  11.5 13.71836
 42.5  12.0 14.44586
 42.5  12.5 15.40301
 42.5  13.0 16.61081
 42.5  13.5 18.08044
 42.5  14.0 19.84346
 42.5  14.5 22.63838
 42.5  15.0 35.23190
 42.5  15.5 -74.16827
 42.5  16.0 -16.67940
 42.5  16.5 -11.72315
 42.5  17.0 -8.79051
 42.5  17.5 -5.16472
 42.5  18.0 -0.89963
 42.5  18.5  3.81394
 42.5  19.0  8.78613
 42.5  19.5 13.79700
 42.5  20.0 18.59788
 42.5  20.5 22.92527
 42.5  21.0 26.52191
 42.5  21.5 29.16515
 42.5  22.0 30.70070
 42.5  22.5 31.07563
 42.5  23.0 30.35929
 42.5  23.5 28.73903
 42.5  24.0 26.48431
 42.5  24.5 23.88850
 42.5  25.0 21.21104
 42.5  25.5 18.64170
 42.5  26.0 16.29347
 42.5  26.5 14.21574
 42.5  27.0 12.41481
 42.5  27.5 10.87256
 42.5  28.0  9.55989
 42.5  28.5  8.44486
 42.5  29.0  7.49700
 42.5  29.5  6.68916
 42.5  30.0  5.99812
 42.5  30.5  5.40437
 42.5  31.0  4.89180
 42.5  31.5  4.44712
 42.5  32.0  4.05943
 42.5  32.5  3.71979
 42.5  33.0  3.42083
 42.5  33.5  3.15649
 42.5  34.0  2.92173
 42.5  34.5  2.71237
 42.5  35.0  2.52492
 42.5  35.5  2.35646
 42.5  36.0  2.20452
 42.5  36.5  2.06701
 42.5  37.0  1.94216
 42.5  37.5  1.82847
 42.5  38.0  1.72463
 42.5  38.5  1.62953
 42.5  39.0  1.54220
 42.5  39.5  1.46182
 42.5  40.0  1.38766
 42.5  40.5  1.31908
 42.5  41.0  1.25553
 42.5  41.5  1.19652
 42.5  42.0  1.14163
 42.5  42.5  1.09046
 42.5  43.0  1.04269
 42.5  43.5  0.99802
 42.5  44.0  0.95617
 42.5  44.5  0.91692
 42.5  45.0  0.88004
 43.0 -45.0  0.92592
 43.0 -44.5  0.96533
 43.0 -44.0  1.00730
 43.0 -43.5  1.05206
 43.0 -43.0  1.09987
 43.0 -42.5  1.15100
 43.0 -42.0  1.20579
 43.0 -41.5  1.26458
 43.0 -41.0  1.32779
 43.0 -40.5  1.39588
 43.0 -40.0  1.46935
 43.0 -39.5  1.54880
 43.0 -39.0  1.63489
 43.0 -38.5  1.72839
 43.0 -38.0  1.83018
 43.0 -37.5  1.94125
 43.0 -37.0  2.06277
 43.0 -36.5  2.19608
 43.0 -36.0  2.34273
 43.0 -35.5  2.50453
 43.0 -35.0  2.68359
 43.0 -34.5  2.88240
 43.0 -34.0  3.10387
 43.0 -33.5  3.35145
 43.0 -33.0  3.62922
 43.0 -32.5  3.94200
 43.0 -32.0  4.29555
 43.0 -31.5  4.69670
 43.0 -31.0  5.15361
 43.0 -30.5  5.67595
 43.0 -30.0  6.27514
 43.0 -29.5  6.96460
 43.0 -29.0  7.75980
 43.0 -28.5  8.67824
 43.0 -28.0  9.73886
 43.0 -27.5 10.96085
 43.0 -27.0 12.36120
 43.0 -26.5 13.95039
 43.0 -26.0 15.72579
 43.0 -25.5 17.66236
 43.0 -25.0 19.70187
 43.0 -24.5 21.74340
 43.0 -24.0 23.64036
 43.0 -23.5 25.20955
 43.0 -23.0 26.25451
 43.0 -22.5 26.59888
 43.0 -22.0 26.11941
 43.0 -21.5 24.76789
 43.0 -21.0 22.57671
 43.0 -20.5 19.64947
 43.0 -20.0 16.14245
 43.0 -19.5 12.24304
 43.0 -19.0  8.14966
 43.0 -18.5  4.05525
 43.0 -18.0  0.13512
 43.0 -17.5 -3.46137
 43.0 -17.0 -6.61554
 43.0 -16.5 -9.23949
 43.0 -16.0 -11.26817
 43.0 -15.5 -12.68971
 43.0 -15.0 -14.03853
 43.0 -14.5 -19.49896
 43.0 -14.0 -23.58006
 43.0 -13.5 21.68125
 43.0 -13.0 16.19770
 43.0 -12.5 14.88012
 43.0 -12.0 13.99145
 43.0 -11.5 13.28228
 43.0 -11.0 12.77783
 43.0 -10.5 12.47248
 43.0 -10.0 12.34518
 43.0  -9.5 12.37257
 43.0  -9.0 12.53206
 43.0  -8.5 12.80224
 43.0  -8.0 13.16298
 43.0  -7.5 13.59537
 43.0  -7.0 14.08169
 43.0  -6.5 14.60544
 43.0  -6.0 15.15130
 43.0  -5.5 15.70513
 43.0  -5.0 16.25394
 43.0  -4.5 16.78592
 43.0  -4.0 17.29040
 43.0  -3.5 17.75785
 43.0  -3.0 18.17988
 43.0  -2.5 18.54924
 43.0  -2.0 18.85979
 43.0  -1.5 19.10652
 43.0  -1.0 19.28553
 43.0  -0.5 19.39405
 43.0   0.0 19.43041
 43.0   0.5 19.39405
 43.0   1.0 19.28553
 43.0   1.5 19.10652
 43.0   2.0 18.85979
 43.0   2.5 18.54924
 43.0   3.0 18.17988
 43.0   3.5 17.75785
 43.0   4.0 17.29040
 43.0   4.5 16.78592
 43.0   5.0 16.25394
 43.0   5.5 15.70513
 43.0   6.0 15.15130
 43.0   6.5 14.60544
 43.0   7.0 14.08169
 43.0   7.5 13.59537
 43.0   8.0 13.16298
 43.0   8.5 12.80224
 43.0   9.0 12.53206
 43.0   9.5 12.37257
 43.0  10.0 12.34518
 43.0  10.5 12.47248
 43.0  11.0 12.77783
 43.0  11.5 13.28228
 43.0  12.0 13.99145
 43.0  12.5 14.88012
 43.0  13.0 16.19770
 43.0  13.5 21.68125
 43.0  14.0 -23.58006
 43.0  14.5 -19.49896
 43.0  15.0 -14.03853
 43.0  15.5 -12.68971
 43.0  16.0 -11.26817
 43.0  16.5 -9.23949
 43.0  17.0 -6.61554
 43.0  17.5 -3.46137
 43.0  18.0  0.13512
 43.0  18.5  4.05525
 43.0  19.0  8.14966
 43.0  19.5 12.24304
 43.0  20.0 16.14245
 43.0  20.5 19.64947
 43.0  21.0 22.57671
 43.0  21.5 24.76789
 43.0  22.0 26.11941
 43.0  22.5 26.59888
 43.0  23.0 26.25451
 43.0  23.5 25.20955
 43.0  24.0 23.64036
 43.0  24.5 21.74340
 43.0  25.0 19.70187
 43.0  25.5 17.66236
 43.0  26.0 15.72579
 43.0  26.5 13.95039
 43.0  27.0 12.36120
 43.0  27.5 10.96085
 43.0  28.0  9.73886
 43.0  28.5  8.67824
 43.0  29.0  7.75980
 43.0  29.5  6.96460
 43.0  30.0  6.27514
 43.0  30.5  5.67595
 43.0  31.0  5.15361
 43.0  31.5  4.69670
 43.0  32.0  4.29555
 43.0  32.5  3.94200
 43.0  33.0  3.62922
 43.0  33.5  3.35145
 43.0  34.0  3.10387
 43.0  34.5  2.88240
 43.0  35.0  2.68359
 43.0  35.5  2.50453
 43.0  36.0  2.34273
 43.0  36.5  2.19608
 43.0  37.0  2.06277
 43.0  37.5  1.94125
 43.0  38.0  1.83018
 43.0  38.5  1.72839
 43.0  39.0  1.63489
 43.0  39.5  1.54880
 43.0  40.0  1.46935
 43.0  40.5  1.39588
 43.0  41.0  1.32779
 43.0  41.5  1.26458
 43.0  42.0  1.20579
 43.0  42.5  1.15100
 43.0  43.0  1.09987
 43.0  43.5  1.05206
 43.0  44.0  1.00730
 43.0  44.5  0.96533
 43.0  45.0  0.92592
 43.5 -45.0  0.96945
 43.5 -44.5  1.01119
 43.5 -44.0  1.05565
 43.5 -43.5  1.10307
 43.5 -43.0  1.15372
 43.5 -42.5  1.20790
 43.5 -42.0  1.26595
 43.5 -41.5  1.32824
 43.5 -41.0  1.39519
 43.5 -40.5  1.46729
 43.5 -40.0  1.54507
 43.5 -39.5  1.62914
 43.5 -39.0  1.72019
 43.5 -38.5  1.81900
 43.5 -38.0  1.92647
 43.5 -37.5  2.04362
 43.5 -37.0  2.17164
 43.5 -36.5  2.31186
 43.5 -36.0  2.46584
 43.5 -35.5  2.63539
 43.5 -35.0  2.82259
 43.5 -34.5  3.02986
 43.5 -34.0  3.26002
 43.5 -33.5  3.51636
 43.5 -33.0  3.80273
 43.5 -32.5  4.12362
 43.5 -32.0  4.48427
 43.5 -31.5  4.89079
 43.5 -31.0  5.35030
 43.5 -30.5  5.87099
 43.5 -30.0  6.46225
 43.5 -29.5  7.13462
 43.5 -29.0  7.89965
 43.5 -28.5  8.76951
 43.5 -28.0  9.75614
 43.5 -27.5 10.86979
 43.5 -27.0 12.11663
 43.5 -26.5 13.49516
 43.5 -26.0 14.99137
 43.5 -25.5 16.57279
 43.5 -25.0 18.18271
 43.5 -24.5 19.73632
 43.5 -24.0 21.12166
 43.5 -23.5 22.20764
 43.5 -23.0 22.85950
 43.5 -22.5 22.95900
 43.5 -22.0 22.42404
 43.5 -21.5 21.22241
 43.5 -21.0 19.37640
 43.5 -20.5 16.95860
 43.5 -20.0 14.08114
 43.5 -19.5 10.88204
 43.5 -19.0  7.51114
 43.5 -18.5  4.11775
 43.5 -18.0  0.84070
 43.5 -17.5 -2.19895
 43.5 -17.0 -4.90268
 43.5 -16.5 -7.19722
 43.5 -16.0 -9.03540
 43.5 -15.5 -10.39528
 43.5 -15.0 -11.27750
 43.5 -14.5 -11.70898
 43.5 -14.0 -11.80378
 43.5 -13.5 -12.01957
 43.5 -13.0 -13.54204
 43.5 -12.5 -6.00578
 43.5 -12.0 11.14859
 43.5 -11.5 11.46114
 43.5 -11.0 11.75416
 43.5 -10.5 11.81624
 43.5 -10.0 11.83585
 43.5  -9.5 11.95798
 43.5  -9.0 12.20884
 43.5  -8.5 12.57525
 43.5  -8.0 13.03641
 43.5  -7.5 13.57145
 43.5  -7.0 14.16083
 43.5  -6.5 14.78642
 43.5  -6.0 15.43148
 43.5  -5.5 16.08064
 43.5  -5.0 16.71981
 43.5  -4.5 17.33622
 43.5  -4.0 17.91836
 43.5  -3.5 18.45597
 43.5  -3.0 18.94003
 43.5  -2.5 19.36275
 43.5  -2.0 19.71755
 43.5  -1.5 19.99906
 43.5  -1.0 20.20311
 43.5  -0.5 20.32673
 43.5   0.0 20.36813
 43.5   0.5 20.32673
 43.5   1.0 20.20311
 43.5   1.5 19.99906
 43.5   2.0 19.71755
 43.5   2.5 19.36275
 43.5   3.0 18.94003
 43.5   3.5 18.45597
 43.5   4.0 17.91836
 43.5   4.5 17.33622
 43.5   5.0 16.71981
 43.5   5.5 16.08064
 43.5   6.0 15.43148
 43.5   6.5 14.78642
 43.5   7.0 14.16083
 43.5   7.5 13.57145
 43.5   8.0 13.03641
 43.5   8.5 12.57525
 43.5   9.0 12.20884
 43.5   9.5 11.95798
 43.5  10.0 11.83585
 43.5  10.5 11.81624
 43.5  11.0 11.75416
 43.5  11.5 11.46114
 43.5  12.0 11.14859
 43.5  12.5 -6.00578
 43.5  13.0 -13.54204
 43.5  13.5 -12.01957
 43.5  14.0 -11.80378
 43.5  14.5 -11.70898
 43.5  15.0 -11.27750
 43.5  15.5 -10.39528
 43.5  16.0 -9.03540
 43.5  16.5 -7.19722
 43.5  17.0 -4.90268
 43.5  17.5 -2.19895
 43.5  18.0  0.84070
 43.5  18.5  4.11775
 43.5  19.0  7.51114
 43.5  19.5 10.88204
 43.5  20.0 14.08114
 43.5  20.5 16.95860
 43.5  21.0 19.37640
 43.5  21.5 21.22241
 43.5  22.0 22.42404
 43.5  22.5 22.95900
 43.5  23.0 22.85950
 43.5  23.5 22.20764
 43.5  24.0 21.12166
 43.5  24.5 19.73632
 43.5  25.0 18.18271
 43.5  25.5 16.57279
 43.5  26.0 14.99137
 43.5  26.5 13.49516
 43.5  27.0 12.11663
 43.5  27.5 10.86979
 43.5  28.0  9.75614
 43.5  28.5  8.76951
 43.5  29.0  7.89965
 43.5  29.5  7.13462
 43.5  30.0  6.46225
 43.5  30.5  5.87099
 43.5  31.0  5.35030
 43.5  31.5  4.89079
 43.5  32.0  4.48427
 43.5  32.5  4.12362
 43.5  33.0  3.80273
 43.5  33.5  3.51636
 43.5  34.0  3.26002
 43.5  34.5  3.02986
 43.5  35.0  2.82259
 43.5  35.5  2.63539
 43.5  36.0  2.46584
 43.5  36.5  2.31186
 43.5  37.0  2.17164
 43.5  37.5  2.04362
 43.5  38.0  1.92647
 43.5  38.5  1.81900
 43.5  39.0  1.72019
 43.5  39.5  1.62914
 43.5  40.0  1.54507
 43.5  40.5  1.46729
 43.5  41.0  1.39519
 43.5  41.5  1.32824
 43.5  42.0  1.26595
 43.5  42.5  1.20790
 43.5  43.0  1.15372
 43.5  43.5  1.10307
 43.5  44.0  1.05565
 43.5  44.5  1.01119
 43.5  45.0  0.96945
 44.0 -45.0  1.01048
 44.0 -44.5  1.05433
 44.0 -44.0  1.10104
 44.0 -43.5  1.15085
 44.0 -43.0  1.20405
 44.0 -42.5  1.26094
 44.0 -42.0  1.32187
 44.0 -41.5  1.38723
 44.0 -41.0  1.45746
 44.0 -40.5  1.53304
 44.0 -40.0  1.61452
 44.0 -39.5  1.70252
 44.0 -39.0  1.79774
 44.0 -38.5  1.90097
 44.0 -38.0  2.01310
 44.0 -37.5  2.13517
 44.0 -37.0  2.26832
 44.0 -36.5  2.41391
 44.0 -36.0  2.57344
 44.0 -35.5  2.74866
 44.0 -35.0  2.94157
 44.0 -34.5  3.15450
 44.0 -34.0  3.39007
 44.0 -33.5  3.65135
 44.0 -33.0  3.94186
 44.0 -32.5  4.26563
 44.0 -32.0  4.62728
 44.0 -31.5  5.03208
 44.0 -31.0  5.48599
 44.0 -30.5  5.99567
 44.0 -30.0  6.56843
 44.0 -29.5  7.21209
 44.0 -29.0  7.93464
 44.0 -28.5  8.74374
 44.0 -28.0  9.64574
 44.0 -27.5 10.64429
 44.0 -27.0 11.73830
 44.0 -26.5 12.91920
 44.0 -26.0 14.16764
 44.0 -25.5 15.44992
 44.0 -25.0 16.71514
 44.0 -24.5 17.89411
 44.0 -24.0 18.90158
 44.0 -23.5 19.64262
 44.0 -23.0 20.02306
 44.0 -22.5 19.96214
 44.0 -22.0 19.40469
 44.0 -21.5 18.32985
 44.0 -21.0 16.75459
 44.0 -20.5 14.73168
 44.0 -20.0 12.34341
 44.0 -19.5  9.69267
 44.0 -19.0  6.89330
 44.0 -18.5  4.06089
 44.0 -18.0  1.30505
 44.0 -17.5 -1.27676
 44.0 -17.0 -3.60349
 44.0 -16.5 -5.61325
 44.0 -16.0 -7.26455
 44.0 -15.5 -8.53639
 44.0 -15.0 -9.42734
 44.0 -14.5 -9.95389
 44.0 -14.0 -10.14813
 44.0 -13.5 -10.05601
 44.0 -13.0 -9.74019
 44.0 -12.5 -9.29361
 44.0 -12.0 -8.83702
 44.0 -11.5 -8.24577
 44.0 -11.0 -5.61082
 44.0 -10.5  1.00960
 44.0 -10.0  6.20313
 44.0  -9.5  9.62904
 44.0  -9.0 11.41692
 44.0  -8.5 12.25853
 44.0  -8.0 12.88073
 44.0  -7.5 13.52183
 44.0  -7.0 14.21712
 44.0  -6.5 14.95305
 44.0  -6.0 15.70911
 44.0  -5.5 16.46634
 44.0  -5.0 17.20830
 44.0  -4.5 17.92065
 44.0  -4.0 18.59080
 44.0  -3.5 19.20768
 44.0  -3.0 19.76164
 44.0  -2.5 20.24434
 44.0  -2.0 20.64879
 44.0  -1.5 20.96927
 44.0  -1.0 21.20135
 44.0  -0.5 21.34186
 44.0   0.0 21.38891
 44.0   0.5 21.34186
 44.0   1.0 21.20135
 44.0   1.5 20.96927
 44.0   2.0 20.64879
 44.0   2.5 20.24434
 44.0   3.0 19.76164
 44.0   3.5 19.20768
 44.0   4.0 18.59080
 44.0   4.5 17.92065
 44.0   5.0 17.20830
 44.0   5.5 16.46634
 44.0   6.0 15.70911
 44.0   6.5 14.95305
 44.0   7.0 14.21712
 44.0   7.5 13.52183
 44.0   8.0 12.88073
 44.0   8.5 12.25853
 44.0   9.0 11.41692
 44.0   9.5  9.62904
 44.0  10.0  6.20313
 44.0  10.5  1.00960
 44.0  11.0 -5.61082
 44.0  11.5 -8.24577
 44.0  12.0 -8.83702
 44.0  12.5 -9.29361
 44.0  13.0 -9.74019
 44.0  13.5 -10.05601
 44.0  14.0 -10.14813
 44.0  14.5 -9.95389
 44.0  15.0 -9.42734
 44.0  15.5 -8.53639
 44.0  16.0 -7.26455
 44.0  16.5 -5.61325
 44.0  17.0 -3.60349
 44.0  17.5 -1.27676
 44.0  18.0  1.30505
 44.0  18.5  4.06089
 44.0  19.0  6.89330
 44.0  19.5  9.69267
 44.0  20.0 12.34341
 44.0  20.5 14.73168
 44.0  21.0 16.75459
 44.0  21.5 18.32985
 44.0  22.0 19.40469
 44.0  22.5 19.96214
 44.0  23.0 20.02306
 44.0  23.5 19.64262
 44.0  24.0 18.90158
 44.0  24.5 17.89411
 44.0  25.0 16.71514
 44.0  25.5 15.44992
 44.0  26.0 14.16764
 44.0  26.5 12.91920
 44.0  27.0 11.73830
 44.0  27.5 10.64429
 44.0  28.0  9.64574
 44.0  28.5  8.74374
 44.0  29.0  7.93464
 44.0  29.5  7.21209
 44.0  30.0  6.56843
 44.0  30.5  5.99567
 44.0  31.0  5.48599
 44.0  31.5  5.03208
 44.0  32.0  4.62728
 44.0  32.5  4.26563
 44.0  33.0  3.94186
 44.0  33.5  3.65135
 44.0  34.0  3.39007
 44.0  34.5  3.15450
 44.0  35.0  2.94157
 44.0  35.5  2.74866
 44.0  36.0  2.57344
 44.0  36.5  2.41391
 44.0  37.0  2.26832
 44.0  37.5  2.13517
 44.0  38.0  2.01310
 44.0  38.5  1.90097
 44.0  39.0  1.79774
 44.0  39.5  1.70252
 44.0  40.0  1.61452
 44.0  40.5  1.53304
 44.0  41.0  1.45746
 44.0  41.5  1.38723
 44.0  42.0  1.32187
 44.0  42.5  1.26094
 44.0  43.0  1.20405
 44.0  43.5  1.15085
 44.0  44.0  1.10104
 44.0  44.5  1.05433
 44.0  45.0  1.01048
 44.5 -45.0  1.04889
 44.5 -44.5  1.09463
 44.5 -44.0  1.14333
 44.5 -43.5  1.19525
 44.5 -43.0  1.25068
 44.5 -42.5  1.30994
 44.5 -42.0  1.37337
 44.5 -41.5  1.44137
 44.5 -41.0  1.51438
 44.5 -40.5  1.59290
 44.5 -40.0  1.67746
 44.5 -39.5  1.76870
 44.5 -39.0  1.86730
 44.5 -38.5  1.97404
 44.5 -38.0  2.08983
 44.5 -37.5  2.21564
 44.5 -37.0  2.35262
 44.5 -36.5  2.50205
 44.5 -36.0  2.66538
 44.5 -35.5  2.84428
 44.5 -35.0  3.04062
 44.5 -34.5  3.25655
 44.5 -34.0  3.49449
 44.5 -33.5  3.75721
 44.5 -33.0  4.04783
 44.5 -32.5  4.36986
 44.5 -32.0  4.72726
 44.5 -31.5  5.12438
 44.5 -31.0  5.56603
 44.5 -30.5  6.05736
 44.5 -30.0  6.60376
 44.5 -29.5  7.21060
 44.5 -29.0  7.88290
 44.5 -28.5  8.62465
 44.5 -28.0  9.43803
 44.5 -27.5 10.32211
 44.5 -27.0 11.27129
 44.5 -26.5 12.27331
 44.5 -26.0 13.30713
 44.5 -25.5 14.34097
 44.5 -25.0 15.33100
 44.5 -24.5 16.22166
 44.5 -24.0 16.94796
 44.5 -23.5 17.44046
 44.5 -23.0 17.63235
 44.5 -22.5 17.46769
 44.5 -22.0 16.90918
 44.5 -21.5 15.94382
 44.5 -21.0 14.58541
 44.5 -20.5 12.87358
 44.5 -20.0 10.86994
 44.5 -19.5  8.65220
 44.5 -19.0  6.30743
 44.5 -18.5  3.92541
 44.5 -18.0  1.59258
 44.5 -17.5 -0.61287
 44.5 -17.0 -2.62471
 44.5 -16.5 -4.39121
 44.5 -16.0 -5.87646
 44.5 -15.5 -7.06082
 44.5 -15.0 -7.94044
 44.5 -14.5 -8.52614
 44.5 -14.0 -8.84182
 44.5 -13.5 -8.92238
 44.5 -13.0 -8.81146
 44.5 -12.5 -8.55904
 44.5 -12.0 -8.21932
 44.5 -11.5 -7.84892
 44.5 -11.0 -7.50350
 44.5 -10.5 -7.22172
 44.5 -10.0 -6.96611
 44.5  -9.5 -6.51053
 44.5  -9.0 -5.52580
 44.5  -8.5 -4.00954
 44.5  -8.0 -0.37151
 44.5  -7.5 11.49069
 44.5  -7.0 17.40668
 44.5  -6.5 17.07660
 44.5  -6.0 16.83890
 44.5  -5.5 17.14304
 44.5  -5.0 17.75346
 44.5  -4.5 18.48937
 44.5  -4.0 19.24559
 44.5  -3.5 19.96485
 44.5  -3.0 20.61657
 44.5  -2.5 21.18408
 44.5  -2.0 21.65771
 44.5  -1.5 22.03136
 44.5  -1.0 22.30093
 44.5  -0.5 22.46373
 44.5   0.0 22.51817
 44.5   0.5 22.46373
 44.5   1.0 22.30093
 44.5   1.5 22.03136
 44.5   2.0 21.65771
 44.5   2.5 21.18408
 44.5   3.0 20.61657
 44.5   3.5 19.96485
 44.5   4.0 19.24559
 44.5   4.5 18.48937
 44.5   5.0 17.75346
 44.5   5.5 17.14304
 44.5   6.0 16.83890
 44.5   6.5 17.07660
 44.5   7.0 17.40668
 44.5   7.5 11.49069
 44.5   8.0 -0.37151
 44.5   8.5 -4.00954
 44.5   9.0 -5.52580
 44.5   9.5 -6.51053
 44.5  10.0 -6.96611
 44.5  10.5 -7.22172
 44.5  11.0 -7.50350
 44.5  11.5 -7.84892
 44.5  12.0 -8.21932
 44.5  12.5 -8.55904
 44.5  13.0 -8.81146
 44.5  13.5 -8.92238
 44.5  14.0 -8.84182
 44.5  14.5 -8.52614
 44.5  15.0 -7.94044
 44.5  15.5 -7.06082
 44.5  16.0 -5.87646
 44.5  16.5 -4.39121
 44.5  17.0 -2.62471
 44.5  17.5 -0.61287
 44.5  18.0  1.59258
 44.5  18.5  3.92541
 44.5  19.0  6.30743
 44.5  19.5  8.65220
 44.5  20.0 10.86994
 44.5  20.5 12.87358
 44.5  21.0 14.58541
 44.5  21.5 15.94382
 44.5  22.0 16.90918
 44.5  22.5 17.46769
 44.5  23.0 17.63235
 44.5  23.5 17.44046
 44.5  24.0 16.94796
 44.5  24.5 16.22166
 44.5  25.0 15.33100
 44.5  25.5 14.34097
 44.5  26.0 13.30713
 44.5  26.5 12.27331
 44.5  27.0 11.27129
 44.5  27.5 10.32211
 44.5  28.0  9.43803
 44.5  28.5  8.62465
 44.5  29.0  7.88290
 44.5  29.5  7.21060
 44.5  30.0  6.60376
 44.5  30.5  6.05736
 44.5  31.0  5.56603
 44.5  31.5  5.12438
 44.5  32.0  4.72726
 44.5  32.5  4.36986
 44.5  33.0  4.04783
 44.5  33.5  3.75721
 44.5  34.0  3.49449
 44.5  34.5  3.25655
 44.5  35.0  3.04062
 44.5  35.5  2.84428
 44.5  36.0  2.66538
 44.5  36.5  2.50205
 44.5  37.0  2.35262
 44.5  37.5  2.21564
 44.5  38.0  2.08983
 44.5  38.5  1.97404
 44.5  39.0  1.86730
 44.5  39.5  1.76870
 44.5  40.0  1.67746
 44.5  40.5  1.59290
 44.5  41.0  1.51438
 44.5  41.5  1.44137
 44.5  42.0  1.37337
 44.5  42.5  1.30994
 44.5  43.0  1.25068
 44.5  43.5  1.19525
 44.5  44.0  1.14333
 44.5  44.5  1.09463
 44.5  45.0  1.04889
 45.0 -45.0  1.08457
 45.0 -44.5  1.13196
 45.0 -44.0  1.18240
 45.0 -43.5  1.23615
 45.0 -43.0  1.29350
 45.0 -42.5  1.35477
 45.0 -42.0  1.42031
 45.0 -41.5  1.49051
 45.0 -41.0  1.56582
 45.0 -40.5  1.64671
 45.0 -40.0  1.73375
 45.0 -39.5  1.82752
 45.0 -39.0  1.92872
 45.0 -38.5  2.03811
 45.0 -38.0  2.15654
 45.0 -37.5  2.28498
 45.0 -37.0  2.42450
 45.0 -36.5  2.57632
 45.0 -36.0  2.74180
 45.0 -35.5  2.92250
 45.0 -35.0  3.12013
 45.0 -34.5  3.33664
 45.0 -34.0  3.57419
 45.0 -33.5  3.83523
 45.0 -33.0  4.12245
 45.0 -32.5  4.43881
 45.0 -32.0  4.78757
 45.0 -31.5  5.17221
 45.0 -31.0  5.59643
 45.0 -30.5  6.06399
 45.0 -30.0  6.57858
 45.0 -29.5  7.14352
 45.0 -29.0  7.76138
 45.0 -28.5  8.43343
 45.0 -28.0  9.15885
 45.0 -27.5  9.93374
 45.0 -27.0 10.74997
 45.0 -26.5 11.59379
 45.0 -26.0 12.44458
 45.0 -25.5 13.27379
 45.0 -25.0 14.04462
 45.0 -24.5 14.71275
 45.0 -24.0 15.22855
 45.0 -23.5 15.54074
 45.0 -23.0 15.60136
 45.0 -22.5 15.37124
 45.0 -22.0 14.82509
 45.0 -21.5 13.95523
 45.0 -21.0 12.77335
 45.0 -20.5 11.31001
 45.0 -20.0  9.61214
 45.0 -19.5  7.73917
 45.0 -19.0  5.75823
 45.0 -18.5  3.73932
 45.0 -18.0  1.75069
 45.0 -17.5 -0.14502
 45.0 -17.0 -1.89394
 45.0 -16.5 -3.45313
 45.0 -16.0 -4.79192
 45.0 -15.5 -5.89247
 45.0 -15.0 -6.74962
 45.0 -14.5 -7.37015
 45.0 -14.0 -7.77160
 45.0 -13.5 -7.98070
 45.0 -13.0 -8.03158
 45.0 -12.5 -7.96378
 45.0 -12.0 -7.82023
 45.0 -11.5 -7.64519
 45.0 -11.0 -7.48234
 45.0 -10.5 -7.37293
 45.0 -10.0 -7.35408
 45.0  -9.5 -7.45669
 45.0  -9.0 -7.70222
 45.0  -8.5 -8.09941
 45.0  -8.0 -8.65092
 45.0  -7.5 -9.39607
 45.0  -7.0 -10.51667
 45.0  -6.5 -12.49169
 45.0  -6.0 -16.16536
 45.0  -5.5 -21.07625
 45.0  -5.0 -16.09220
 45.0  -4.5 -1.43424
 45.0  -4.0  5.57903
 45.0  -3.5  8.86216
 45.0  -3.0 11.67979
 45.0  -2.5 14.92438
 45.0  -2.0 18.64093
 45.0  -1.5 22.46085
 45.0  -1.0 25.80523
 45.0  -0.5 28.08976
 45.0   0.0 28.90026
 45.0   0.5 28.08976
 45.0   1.0 25.80523
 45.0   1.5 22.46085
 45.0   2.0 18.64093
 45.0   2.5 14.92438
 45.0   3.0 11.67979
 45.0   3.5  8.86216
 45.0   4.0  5.57903
 45.0   4.5 -1.43424
 45.0   5.0 -16.09220
 45.0   5.5 -21.07625
 45.0   6.0 -16.16536
 45.0   6.5 -12.49169
 45.0   7.0 -10.51667
 45.0   7.5 -9.39607
 45.0   8.0 -8.65092
 45.0   8.5 -8.09941
 45.0   9.0 -7.70222
 45.0   9.5 -7.45669
 45.0  10.0 -7.35408
 45.0  10.5 -7.37293
 45.0  11.0 -7.48234
 45.0  11.5 -7.64519
 45.0  12.0 -7.82023
 45.0  12.5 -7.96378
 45.0  13.0 -8.03158
 45.0  13.5 -7.98070
 45.0  14.0 -7.77160
 45.0  14.5 -7.37015
 45.0  15.0 -6.74962
 45.0  15.5 -5.89247
 45.0  16.0 -4.79192
 45.0  16.5 -3.45313
 45.0  17.0 -1.89394
 45.0  17.5 -0.14502
 45.0  18.0  1.75069
 45.0  18.5  3.73932
 45.0  19.0  5.75823
 45.0  19.5  7.73917
 45.0  20.0  9.61214
 45.0  20.5 11.31001
 45.0  21.0 12.77335
 45.0  21.5 13.95523
 45.0  22.0 14.82509
 45.0  22.5 15.37124
 45.0  23.0 15.60136
 45.0  23.5 15.54074
 45.0  24.0 15.22855
 45.0  24.5 14.71275
 45.0  25.0 14.04462
 45.0  25.5 13.27379
 45.0  26.0 12.44458
 45.0  26.5 11.59379
 45.0  27.0 10.74997
 45.0  27.5  9.93374
 45.0  28.0  9.15885
 45.0  28.5  8.43343
 45.0  29.0  7.76138
 45.0  29.5  7.14352
 45.0  30.0  6.57858
 45.0  30.5  6.06399
 45.0  31.0  5.59643
 45.0  31.5  5.17221
 45.0  32.0  4.78757
 45.0  32.5  4.43881
 45.0  33.0  4.12245
 45.0  33.5  3.83523
 45.0  34.0  3.57419
 45.0  34.5  3.33664
 45.0  35.0  3.12013
 45.0  35.5  2.92250
 45.0  36.0  2.74180
 45.0  36.5  2.57632
 45.0  37.0  2.42450
 45.0  37.5  2.28498
 45.0  38.0  2.15654
 45.0  38.5  2.03811
 45.0  39.0  1.92872
 45.0  39.5  1.82752
 45.0  40.0  1.73375
 45.0  40.5  1.64671
 45.0  41.0  1.56582
 45.0  41.5  1.49051
 45.0  42.0  1.42031
 45.0  42.5  1.35477
 45.0  43.0  1.29350
 45.0  43.5  1.23615
 45.0  44.0  1.18240
 45.0  44.5  1.13196
 45.0  45.0  1.08457
