x [mm],y [mm],Beam dist
-44.75,-44.75,2.49862e-05
-44.25,-44.75,2.49862e-05
-43.75,-44.75,2.49862e-05
-43.25,-44.75,9.214e-05
-42.75,-44.75,0.000159294
-42.25,-44.75,0.000226448
-41.75,-44.75,0.000293601
-41.25,-44.75,0.000360755
-40.75,-44.75,0.000482464
-40.25,-44.75,0.000604173
-39.75,-44.75,0.000725882
-39.25,-44.75,0.000847591
-38.75,-44.75,0.0009693
-38.25,-44.75,0.000934236
-37.75,-44.75,0.000899172
-37.25,-44.75,0.000864108
-36.75,-44.75,0.000829044
-36.25,-44.75,0.00079398
-35.75,-44.75,0.000760955
-35.25,-44.75,0.000727931
-34.75,-44.75,0.000694907
-34.25,-44.75,0.000661883
-33.75,-44.75,0.000628858
-33.25,-44.75,0.000618871
-32.75,-44.75,0.000608883
-32.25,-44.75,0.000598895
-31.75,-44.75,0.000588907
-31.25,-44.75,0.000578919
-30.75,-44.75,0.000577562
-30.25,-44.75,0.000576205
-29.75,-44.75,0.000574849
-29.25,-44.75,0.000573492
-28.75,-44.75,0.000572135
-28.25,-44.75,0.000579652
-27.75,-44.75,0.00058717
-27.25,-44.75,0.000594687
-26.75,-44.75,0.000602205
-26.25,-44.75,0.000609723
-25.75,-44.75,0.000631698
-25.25,-44.75,0.000653674
-24.75,-44.75,0.00067565
-24.25,-44.75,0.000697625
-23.75,-44.75,0.000719601
-23.25,-44.75,0.000750055
-22.75,-44.75,0.000780509
-22.25,-44.75,0.000810963
-21.75,-44.75,0.000841417
-21.25,-44.75,0.000871871
-20.75,-44.75,0.000905431
-20.25,-44.75,0.00093899
-19.75,-44.75,0.00097255
-19.25,-44.75,0.00100611
-18.75,-44.75,0.00103967
-18.25,-44.75,0.00108442
-17.75,-44.75,0.00112918
-17.25,-44.75,0.00117393
-16.75,-44.75,0.00121869
-16.25,-44.75,0.00126344
-15.75,-44.75,0.00132312
-15.25,-44.75,0.00138279
-14.75,-44.75,0.00144246
-14.25,-44.75,0.00150214
-13.75,-44.75,0.00156181
-13.25,-44.75,0.00162072
-12.75,-44.75,0.00167963
-12.25,-44.75,0.00173853
-11.75,-44.75,0.00179744
-11.25,-44.75,0.00185635
-10.75,-44.75,0.00191971
-10.25,-44.75,0.00198306
-9.75,-44.75,0.00204642
-9.25,-44.75,0.00210977
-8.75,-44.75,0.00217313
-8.25,-44.75,0.00225107
-7.75,-44.75,0.00232902
-7.25,-44.75,0.00240696
-6.75,-44.75,0.0024849
-6.25,-44.75,0.00256284
-5.75,-44.75,0.00263925
-5.25,-44.75,0.00271566
-4.75,-44.75,0.00279207
-4.25,-44.75,0.00286848
-3.75,-44.75,0.00294489
-3.25,-44.75,0.00304057
-2.75,-44.75,0.00313625
-2.25,-44.75,0.00323193
-1.75,-44.75,0.00332761
-1.25,-44.75,0.00342328
-0.75,-44.75,0.0034912
-0.25,-44.75,0.00355912
0.25,-44.75,0.00362704
0.75,-44.75,0.00369496
1.25,-44.75,0.00376288
1.75,-44.75,0.003831
2.25,-44.75,0.00389911
2.75,-44.75,0.00396723
3.25,-44.75,0.00403534
3.75,-44.75,0.00410345
4.25,-44.75,0.0041764
4.75,-44.75,0.00424935
5.25,-44.75,0.00432229
5.75,-44.75,0.00439524
6.25,-44.75,0.00446819
6.75,-44.75,0.00449528
7.25,-44.75,0.00452238
7.75,-44.75,0.00454947
8.25,-44.75,0.00457657
8.75,-44.75,0.00460366
9.25,-44.75,0.00460482
9.75,-44.75,0.00460597
10.25,-44.75,0.00460713
10.75,-44.75,0.00460829
11.25,-44.75,0.00460944
11.75,-44.75,0.00453113
12.25,-44.75,0.00445281
12.75,-44.75,0.0043745
13.25,-44.75,0.00429619
13.75,-44.75,0.00421787
14.25,-44.75,0.00412387
14.75,-44.75,0.00402986
15.25,-44.75,0.00393586
15.75,-44.75,0.00384185
16.25,-44.75,0.00374785
16.75,-44.75,0.00362581
17.25,-44.75,0.00350378
17.75,-44.75,0.00338175
18.25,-44.75,0.00325972
18.75,-44.75,0.00313768
19.25,-44.75,0.00302415
19.75,-44.75,0.00291061
20.25,-44.75,0.00279707
20.75,-44.75,0.00268353
21.25,-44.75,0.00256999
21.75,-44.75,0.00246914
22.25,-44.75,0.0023683
22.75,-44.75,0.00226745
23.25,-44.75,0.0021666
23.75,-44.75,0.00206576
24.25,-44.75,0.00197893
24.75,-44.75,0.00189209
25.25,-44.75,0.00180526
25.75,-44.75,0.00171843
26.25,-44.75,0.00163159
26.75,-44.75,0.00156252
27.25,-44.75,0.00149344
27.75,-44.75,0.00142436
28.25,-44.75,0.00135529
28.75,-44.75,0.00128621
29.25,-44.75,0.00123263
29.75,-44.75,0.00117905
30.25,-44.75,0.00112548
30.75,-44.75,0.0010719
31.25,-44.75,0.00101832
31.75,-44.75,0.000973884
32.25,-44.75,0.000929449
32.75,-44.75,0.000885013
33.25,-44.75,0.000840578
33.75,-44.75,0.000796142
34.25,-44.75,0.000758339
34.75,-44.75,0.000720535
35.25,-44.75,0.000682731
35.75,-44.75,0.000644928
36.25,-44.75,0.000607124
36.75,-44.75,0.000554982
37.25,-44.75,0.00050284
37.75,-44.75,0.000450698
38.25,-44.75,0.000398556
38.75,-44.75,0.000346414
39.25,-44.75,0.000279061
39.75,-44.75,0.000211707
40.25,-44.75,0.000144354
40.75,-44.75,7.70009e-05
41.25,-44.75,9.64762e-06
41.75,-44.75,1.64745e-05
42.25,-44.75,2.33014e-05
42.75,-44.75,3.01283e-05
43.25,-44.75,3.69551e-05
43.75,-44.75,4.3782e-05
44.25,-44.75,4.3782e-05
44.75,-44.75,4.3782e-05
-44.75,-44.25,2.49862e-05
-44.25,-44.25,2.49862e-05
-43.75,-44.25,2.49862e-05
-43.25,-44.25,9.214e-05
-42.75,-44.25,0.000159294
-42.25,-44.25,0.000226448
-41.75,-44.25,0.000293601
-41.25,-44.25,0.000360755
-40.75,-44.25,0.000482464
-40.25,-44.25,0.000604173
-39.75,-44.25,0.000725882
-39.25,-44.25,0.000847591
-38.75,-44.25,0.0009693
-38.25,-44.25,0.000934236
-37.75,-44.25,0.000899172
-37.25,-44.25,0.000864108
-36.75,-44.25,0.000829044
-36.25,-44.25,0.00079398
-35.75,-44.25,0.000760955
-35.25,-44.25,0.000727931
-34.75,-44.25,0.000694907
-34.25,-44.25,0.000661883
-33.75,-44.25,0.000628858
-33.25,-44.25,0.000618871
-32.75,-44.25,0.000608883
-32.25,-44.25,0.000598895
-31.75,-44.25,0.000588907
-31.25,-44.25,0.000578919
-30.75,-44.25,0.000577562
-30.25,-44.25,0.000576205
-29.75,-44.25,0.000574849
-29.25,-44.25,0.000573492
-28.75,-44.25,0.000572135
-28.25,-44.25,0.000579652
-27.75,-44.25,0.00058717
-27.25,-44.25,0.000594687
-26.75,-44.25,0.000602205
-26.25,-44.25,0.000609723
-25.75,-44.25,0.000631698
-25.25,-44.25,0.000653674
-24.75,-44.25,0.00067565
-24.25,-44.25,0.000697625
-23.75,-44.25,0.000719601
-23.25,-44.25,0.000750055
-22.75,-44.25,0.000780509
-22.25,-44.25,0.000810963
-21.75,-44.25,0.000841417
-21.25,-44.25,0.000871871
-20.75,-44.25,0.000905431
-20.25,-44.25,0.00093899
-19.75,-44.25,0.00097255
-19.25,-44.25,0.00100611
-18.75,-44.25,0.00103967
-18.25,-44.25,0.00108442
-17.75,-44.25,0.00112918
-17.25,-44.25,0.00117393
-16.75,-44.25,0.00121869
-16.25,-44.25,0.00126344
-15.75,-44.25,0.00132312
-15.25,-44.25,0.00138279
-14.75,-44.25,0.00144246
-14.25,-44.25,0.00150214
-13.75,-44.25,0.00156181
-13.25,-44.25,0.00162072
-12.75,-44.25,0.00167963
-12.25,-44.25,0.00173853
-11.75,-44.25,0.00179744
-11.25,-44.25,0.00185635
-10.75,-44.25,0.00191971
-10.25,-44.25,0.00198306
-9.75,-44.25,0.00204642
-9.25,-44.25,0.00210977
-8.75,-44.25,0.00217313
-8.25,-44.25,0.00225107
-7.75,-44.25,0.00232902
-7.25,-44.25,0.00240696
-6.75,-44.25,0.0024849
-6.25,-44.25,0.00256284
-5.75,-44.25,0.00263925
-5.25,-44.25,0.00271566
-4.75,-44.25,0.00279207
-4.25,-44.25,0.00286848
-3.75,-44.25,0.00294489
-3.25,-44.25,0.00304057
-2.75,-44.25,0.00313625
-2.25,-44.25,0.00323193
-1.75,-44.25,0.00332761
-1.25,-44.25,0.00342328
-0.75,-44.25,0.0034912
-0.25,-44.25,0.00355912
0.25,-44.25,0.00362704
0.75,-44.25,0.00369496
1.25,-44.25,0.00376288
1.75,-44.25,0.003831
2.25,-44.25,0.00389911
2.75,-44.25,0.00396723
3.25,-44.25,0.00403534
3.75,-44.25,0.00410345
4.25,-44.25,0.0041764
4.75,-44.25,0.00424935
5.25,-44.25,0.00432229
5.75,-44.25,0.00439524
6.25,-44.25,0.00446819
6.75,-44.25,0.00449528
7.25,-44.25,0.00452238
7.75,-44.25,0.00454947
8.25,-44.25,0.00457657
8.75,-44.25,0.00460366
9.25,-44.25,0.00460482
9.75,-44.25,0.00460597
10.25,-44.25,0.00460713
10.75,-44.25,0.00460829
11.25,-44.25,0.00460944
11.75,-44.25,0.00453113
12.25,-44.25,0.00445281
12.75,-44.25,0.0043745
13.25,-44.25,0.00429619
13.75,-44.25,0.00421787
14.25,-44.25,0.00412387
14.75,-44.25,0.00402986
15.25,-44.25,0.00393586
15.75,-44.25,0.00384185
16.25,-44.25,0.00374785
16.75,-44.25,0.00362581
17.25,-44.25,0.00350378
17.75,-44.25,0.00338175
18.25,-44.25,0.00325972
18.75,-44.25,0.00313768
19.25,-44.25,0.00302415
19.75,-44.25,0.00291061
20.25,-44.25,0.00279707
20.75,-44.25,0.00268353
21.25,-44.25,0.00256999
21.75,-44.25,0.00246914
22.25,-44.25,0.0023683
22.75,-44.25,0.00226745
23.25,-44.25,0.0021666
23.75,-44.25,0.00206576
24.25,-44.25,0.00197893
24.75,-44.25,0.00189209
25.25,-44.25,0.00180526
25.75,-44.25,0.00171843
26.25,-44.25,0.00163159
26.75,-44.25,0.00156252
27.25,-44.25,0.00149344
27.75,-44.25,0.00142436
28.25,-44.25,0.00135529
28.75,-44.25,0.00128621
29.25,-44.25,0.00123263
29.75,-44.25,0.00117905
30.25,-44.25,0.00112548
30.75,-44.25,0.0010719
31.25,-44.25,0.00101832
31.75,-44.25,0.000973884
32.25,-44.25,0.000929449
32.75,-44.25,0.000885013
33.25,-44.25,0.000840578
33.75,-44.25,0.000796142
34.25,-44.25,0.000758339
34.75,-44.25,0.000720535
35.25,-44.25,0.000682731
35.75,-44.25,0.000644928
36.25,-44.25,0.000607124
36.75,-44.25,0.000554982
37.25,-44.25,0.00050284
37.75,-44.25,0.000450698
38.25,-44.25,0.000398556
38.75,-44.25,0.000346414
39.25,-44.25,0.000279061
39.75,-44.25,0.000211707
40.25,-44.25,0.000144354
40.75,-44.25,7.70009e-05
41.25,-44.25,9.64762e-06
41.75,-44.25,1.64745e-05
42.25,-44.25,2.33014e-05
42.75,-44.25,3.01283e-05
43.25,-44.25,3.69551e-05
43.75,-44.25,4.3782e-05
44.25,-44.25,4.3782e-05
44.75,-44.25,4.3782e-05
-44.75,-43.75,2.49862e-05
-44.25,-43.75,2.49862e-05
-43.75,-43.75,2.49862e-05
-43.25,-43.75,9.214e-05
-42.75,-43.75,0.000159294
-42.25,-43.75,0.000226448
-41.75,-43.75,0.000293601
-41.25,-43.75,0.000360755
-40.75,-43.75,0.000482464
-40.25,-43.75,0.000604173
-39.75,-43.75,0.000725882
-39.25,-43.75,0.000847591
-38.75,-43.75,0.0009693
-38.25,-43.75,0.000934236
-37.75,-43.75,0.000899172
-37.25,-43.75,0.000864108
-36.75,-43.75,0.000829044
-36.25,-43.75,0.00079398
-35.75,-43.75,0.000760955
-35.25,-43.75,0.000727931
-34.75,-43.75,0.000694907
-34.25,-43.75,0.000661883
-33.75,-43.75,0.000628858
-33.25,-43.75,0.000618871
-32.75,-43.75,0.000608883
-32.25,-43.75,0.000598895
-31.75,-43.75,0.000588907
-31.25,-43.75,0.000578919
-30.75,-43.75,0.000577562
-30.25,-43.75,0.000576205
-29.75,-43.75,0.000574849
-29.25,-43.75,0.000573492
-28.75,-43.75,0.000572135
-28.25,-43.75,0.000579652
-27.75,-43.75,0.00058717
-27.25,-43.75,0.000594687
-26.75,-43.75,0.000602205
-26.25,-43.75,0.000609723
-25.75,-43.75,0.000631698
-25.25,-43.75,0.000653674
-24.75,-43.75,0.00067565
-24.25,-43.75,0.000697625
-23.75,-43.75,0.000719601
-23.25,-43.75,0.000750055
-22.75,-43.75,0.000780509
-22.25,-43.75,0.000810963
-21.75,-43.75,0.000841417
-21.25,-43.75,0.000871871
-20.75,-43.75,0.000905431
-20.25,-43.75,0.00093899
-19.75,-43.75,0.00097255
-19.25,-43.75,0.00100611
-18.75,-43.75,0.00103967
-18.25,-43.75,0.00108442
-17.75,-43.75,0.00112918
-17.25,-43.75,0.00117393
-16.75,-43.75,0.00121869
-16.25,-43.75,0.00126344
-15.75,-43.75,0.00132312
-15.25,-43.75,0.00138279
-14.75,-43.75,0.00144246
-14.25,-43.75,0.00150214
-13.75,-43.75,0.00156181
-13.25,-43.75,0.00162072
-12.75,-43.75,0.00167963
-12.25,-43.75,0.00173853
-11.75,-43.75,0.00179744
-11.25,-43.75,0.00185635
-10.75,-43.75,0.00191971
-10.25,-43.75,0.00198306
-9.75,-43.75,0.00204642
-9.25,-43.75,0.00210977
-8.75,-43.75,0.00217313
-8.25,-43.75,0.00225107
-7.75,-43.75,0.00232902
-7.25,-43.75,0.00240696
-6.75,-43.75,0.0024849
-6.25,-43.75,0.00256284
-5.75,-43.75,0.00263925
-5.25,-43.75,0.00271566
-4.75,-43.75,0.00279207
-4.25,-43.75,0.00286848
-3.75,-43.75,0.00294489
-3.25,-43.75,0.00304057
-2.75,-43.75,0.00313625
-2.25,-43.75,0.00323193
-1.75,-43.75,0.00332761
-1.25,-43.75,0.00342328
-0.75,-43.75,0.0034912
-0.25,-43.75,0.00355912
0.25,-43.75,0.00362704
0.75,-43.75,0.00369496
1.25,-43.75,0.00376288
1.75,-43.75,0.003831
2.25,-43.75,0.00389911
2.75,-43.75,0.00396723
3.25,-43.75,0.00403534
3.75,-43.75,0.00410345
4.25,-43.75,0.0041764
4.75,-43.75,0.00424935
5.25,-43.75,0.00432229
5.75,-43.75,0.00439524
6.25,-43.75,0.00446819
6.75,-43.75,0.00449528
7.25,-43.75,0.00452238
7.75,-43.75,0.00454947
8.25,-43.75,0.00457657
8.75,-43.75,0.00460366
9.25,-43.75,0.00460482
9.75,-43.75,0.00460597
10.25,-43.75,0.00460713
10.75,-43.75,0.00460829
11.25,-43.75,0.00460944
11.75,-43.75,0.00453113
12.25,-43.75,0.00445281
12.75,-43.75,0.0043745
13.25,-43.75,0.00429619
13.75,-43.75,0.00421787
14.25,-43.75,0.00412387
14.75,-43.75,0.00402986
15.25,-43.75,0.00393586
15.75,-43.75,0.00384185
16.25,-43.75,0.00374785
16.75,-43.75,0.00362581
17.25,-43.75,0.00350378
17.75,-43.75,0.00338175
18.25,-43.75,0.00325972
18.75,-43.75,0.00313768
19.25,-43.75,0.00302415
19.75,-43.75,0.00291061
20.25,-43.75,0.00279707
20.75,-43.75,0.00268353
21.25,-43.75,0.00256999
21.75,-43.75,0.00246914
22.25,-43.75,0.0023683
22.75,-43.75,0.00226745
23.25,-43.75,0.0021666
23.75,-43.75,0.00206576
24.25,-43.75,0.00197893
24.75,-43.75,0.00189209
25.25,-43.75,0.00180526
25.75,-43.75,0.00171843
26.25,-43.75,0.00163159
26.75,-43.75,0.00156252
27.25,-43.75,0.00149344
27.75,-43.75,0.00142436
28.25,-43.75,0.00135529
28.75,-43.75,0.00128621
29.25,-43.75,0.00123263
29.75,-43.75,0.00117905
30.25,-43.75,0.00112548
30.75,-43.75,0.0010719
31.25,-43.75,0.00101832
31.75,-43.75,0.000973884
32.25,-43.75,0.000929449
32.75,-43.75,0.000885013
33.25,-43.75,0.000840578
33.75,-43.75,0.000796142
34.25,-43.75,0.000758339
34.75,-43.75,0.000720535
35.25,-43.75,0.000682731
35.75,-43.75,0.000644928
36.25,-43.75,0.000607124
36.75,-43.75,0.000554982
37.25,-43.75,0.00050284
37.75,-43.75,0.000450698
38.25,-43.75,0.000398556
38.75,-43.75,0.000346414
39.25,-43.75,0.000279061
39.75,-43.75,0.000211707
40.25,-43.75,0.000144354
40.75,-43.75,7.70009e-05
41.25,-43.75,9.64762e-06
41.75,-43.75,1.64745e-05
42.25,-43.75,2.33014e-05
42.75,-43.75,3.01283e-05
43.25,-43.75,3.69551e-05
43.75,-43.75,4.3782e-05
44.25,-43.75,4.3782e-05
44.75,-43.75,4.3782e-05
-44.75,-43.25,6.70124e-05
-44.25,-43.25,6.70124e-05
-43.75,-43.25,6.70124e-05
-43.25,-43.25,0.000149609
-42.75,-43.25,0.000232205
-42.25,-43.25,0.000314802
-41.75,-43.25,0.000397398
-41.25,-43.25,0.000479995
-40.75,-43.25,0.000592576
-40.25,-43.25,0.000705157
-39.75,-43.25,0.000817738
-39.25,-43.25,0.000930319
-38.75,-43.25,0.0010429
-38.25,-43.25,0.00100395
-37.75,-43.25,0.000964997
-37.25,-43.25,0.000926046
-36.75,-43.25,0.000887094
-36.25,-43.25,0.000848143
-35.75,-43.25,0.000815845
-35.25,-43.25,0.000783547
-34.75,-43.25,0.000751249
-34.25,-43.25,0.000718951
-33.75,-43.25,0.000686653
-33.25,-43.25,0.000676947
-32.75,-43.25,0.000667241
-32.25,-43.25,0.000657535
-31.75,-43.25,0.000647829
-31.25,-43.25,0.000638123
-30.75,-43.25,0.00063926
-30.25,-43.25,0.000640397
-29.75,-43.25,0.000641534
-29.25,-43.25,0.000642671
-28.75,-43.25,0.000643808
-28.25,-43.25,0.000653464
-27.75,-43.25,0.000663119
-27.25,-43.25,0.000672775
-26.75,-43.25,0.00068243
-26.25,-43.25,0.000692086
-25.75,-43.25,0.000719375
-25.25,-43.25,0.000746665
-24.75,-43.25,0.000773955
-24.25,-43.25,0.000801245
-23.75,-43.25,0.000828534
-23.25,-43.25,0.000864462
-22.75,-43.25,0.00090039
-22.25,-43.25,0.000936317
-21.75,-43.25,0.000972245
-21.25,-43.25,0.00100817
-20.75,-43.25,0.00105299
-20.25,-43.25,0.0010978
-19.75,-43.25,0.00114261
-19.25,-43.25,0.00118743
-18.75,-43.25,0.00123224
-18.25,-43.25,0.00129103
-17.75,-43.25,0.00134983
-17.25,-43.25,0.00140862
-16.75,-43.25,0.00146741
-16.25,-43.25,0.00152621
-15.75,-43.25,0.00160002
-15.25,-43.25,0.00167383
-14.75,-43.25,0.00174764
-14.25,-43.25,0.00182145
-13.75,-43.25,0.00189526
-13.25,-43.25,0.001972
-12.75,-43.25,0.00204874
-12.25,-43.25,0.00212548
-11.75,-43.25,0.00220222
-11.25,-43.25,0.00227896
-10.75,-43.25,0.00236538
-10.25,-43.25,0.00245181
-9.75,-43.25,0.00253823
-9.25,-43.25,0.00262465
-8.75,-43.25,0.00271108
-8.25,-43.25,0.00280573
-7.75,-43.25,0.00290038
-7.25,-43.25,0.00299504
-6.75,-43.25,0.00308969
-6.25,-43.25,0.00318434
-5.75,-43.25,0.00328212
-5.25,-43.25,0.00337989
-4.75,-43.25,0.00347767
-4.25,-43.25,0.00357544
-3.75,-43.25,0.00367322
-3.25,-43.25,0.00379204
-2.75,-43.25,0.00391085
-2.25,-43.25,0.00402967
-1.75,-43.25,0.00414849
-1.25,-43.25,0.00426731
-0.75,-43.25,0.00437098
-0.25,-43.25,0.00447464
0.25,-43.25,0.00457831
0.75,-43.25,0.00468198
1.25,-43.25,0.00478565
1.75,-43.25,0.00488288
2.25,-43.25,0.00498011
2.75,-43.25,0.00507734
3.25,-43.25,0.00517458
3.75,-43.25,0.00527181
4.25,-43.25,0.00536612
4.75,-43.25,0.00546043
5.25,-43.25,0.00555475
5.75,-43.25,0.00564906
6.25,-43.25,0.00574337
6.75,-43.25,0.00577941
7.25,-43.25,0.00581544
7.75,-43.25,0.00585148
8.25,-43.25,0.00588751
8.75,-43.25,0.00592354
9.25,-43.25,0.00591314
9.75,-43.25,0.00590274
10.25,-43.25,0.00589234
10.75,-43.25,0.00588194
11.25,-43.25,0.00587154
11.75,-43.25,0.00577035
12.25,-43.25,0.00566916
12.75,-43.25,0.00556797
13.25,-43.25,0.00546678
13.75,-43.25,0.00536559
14.25,-43.25,0.00522592
14.75,-43.25,0.00508626
15.25,-43.25,0.00494659
15.75,-43.25,0.00480692
16.25,-43.25,0.00466726
16.75,-43.25,0.00450571
17.25,-43.25,0.00434416
17.75,-43.25,0.00418262
18.25,-43.25,0.00402107
18.75,-43.25,0.00385952
19.25,-43.25,0.00370271
19.75,-43.25,0.00354589
20.25,-43.25,0.00338908
20.75,-43.25,0.00323226
21.25,-43.25,0.00307545
21.75,-43.25,0.00294329
22.25,-43.25,0.00281114
22.75,-43.25,0.00267898
23.25,-43.25,0.00254682
23.75,-43.25,0.00241467
24.25,-43.25,0.00230566
24.75,-43.25,0.00219666
25.25,-43.25,0.00208765
25.75,-43.25,0.00197864
26.25,-43.25,0.00186964
26.75,-43.25,0.00178515
27.25,-43.25,0.00170066
27.75,-43.25,0.00161618
28.25,-43.25,0.00153169
28.75,-43.25,0.0014472
29.25,-43.25,0.00138329
29.75,-43.25,0.00131937
30.25,-43.25,0.00125546
30.75,-43.25,0.00119154
31.25,-43.25,0.00112763
31.75,-43.25,0.00107705
32.25,-43.25,0.00102647
32.75,-43.25,0.000975896
33.25,-43.25,0.000925319
33.75,-43.25,0.000874743
34.25,-43.25,0.000831326
34.75,-43.25,0.000787909
35.25,-43.25,0.000744492
35.75,-43.25,0.000701075
36.25,-43.25,0.000657657
36.75,-43.25,0.000599297
37.25,-43.25,0.000540937
37.75,-43.25,0.000482577
38.25,-43.25,0.000424216
38.75,-43.25,0.000365856
39.25,-43.25,0.000298566
39.75,-43.25,0.000231276
40.25,-43.25,0.000163985
40.75,-43.25,9.66949e-05
41.25,-43.25,2.94046e-05
41.75,-43.25,4.20248e-05
42.25,-43.25,5.46451e-05
42.75,-43.25,6.72653e-05
43.25,-43.25,7.98856e-05
43.75,-43.25,9.25058e-05
44.25,-43.25,9.25058e-05
44.75,-43.25,9.25058e-05
-44.75,-42.75,0.000109039
-44.25,-42.75,0.000109039
-43.75,-42.75,0.000109039
-43.25,-42.75,0.000207078
-42.75,-42.75,0.000305117
-42.25,-42.75,0.000403156
-41.75,-42.75,0.000501195
-41.25,-42.75,0.000599234
-40.75,-42.75,0.000702687
-40.25,-42.75,0.00080614
-39.75,-42.75,0.000909593
-39.25,-42.75,0.00101305
-38.75,-42.75,0.0011165
-38.25,-42.75,0.00107366
-37.75,-42.75,0.00103082
-37.25,-42.75,0.000987983
-36.75,-42.75,0.000945145
-36.25,-42.75,0.000902306
-35.75,-42.75,0.000870734
-35.25,-42.75,0.000839163
-34.75,-42.75,0.000807591
-34.25,-42.75,0.000776019
-33.75,-42.75,0.000744447
-33.25,-42.75,0.000735023
-32.75,-42.75,0.000725599
-32.25,-42.75,0.000716175
-31.75,-42.75,0.000706751
-31.25,-42.75,0.000697327
-30.75,-42.75,0.000700958
-30.25,-42.75,0.000704589
-29.75,-42.75,0.00070822
-29.25,-42.75,0.00071185
-28.75,-42.75,0.000715481
-28.25,-42.75,0.000727275
-27.75,-42.75,0.000739068
-27.25,-42.75,0.000750862
-26.75,-42.75,0.000762655
-26.25,-42.75,0.000774449
-25.75,-42.75,0.000807053
-25.25,-42.75,0.000839656
-24.75,-42.75,0.00087226
-24.25,-42.75,0.000904864
-23.75,-42.75,0.000937468
-23.25,-42.75,0.000978869
-22.75,-42.75,0.00102027
-22.25,-42.75,0.00106167
-21.75,-42.75,0.00110307
-21.25,-42.75,0.00114447
-20.75,-42.75,0.00120054
-20.25,-42.75,0.00125661
-19.75,-42.75,0.00131268
-19.25,-42.75,0.00136875
-18.75,-42.75,0.00142482
-18.25,-42.75,0.00149765
-17.75,-42.75,0.00157048
-17.25,-42.75,0.00164331
-16.75,-42.75,0.00171614
-16.25,-42.75,0.00178897
-15.75,-42.75,0.00187692
-15.25,-42.75,0.00196486
-14.75,-42.75,0.00205281
-14.25,-42.75,0.00214076
-13.75,-42.75,0.0022287
-13.25,-42.75,0.00232328
-12.75,-42.75,0.00241785
-12.25,-42.75,0.00251242
-11.75,-42.75,0.00260699
-11.25,-42.75,0.00270157
-10.75,-42.75,0.00281106
-10.25,-42.75,0.00292055
-9.75,-42.75,0.00303004
-9.25,-42.75,0.00313953
-8.75,-42.75,0.00324902
-8.25,-42.75,0.00336038
-7.75,-42.75,0.00347175
-7.25,-42.75,0.00358311
-6.75,-42.75,0.00369448
-6.25,-42.75,0.00380584
-5.75,-42.75,0.00392498
-5.25,-42.75,0.00404412
-4.75,-42.75,0.00416326
-4.25,-42.75,0.0042824
-3.75,-42.75,0.00440154
-3.25,-42.75,0.0045435
-2.75,-42.75,0.00468546
-2.25,-42.75,0.00482742
-1.75,-42.75,0.00496937
-1.25,-42.75,0.00511133
-0.75,-42.75,0.00525075
-0.25,-42.75,0.00539016
0.25,-42.75,0.00552958
0.75,-42.75,0.005669
1.25,-42.75,0.00580841
1.75,-42.75,0.00593476
2.25,-42.75,0.00606111
2.75,-42.75,0.00618746
3.25,-42.75,0.00631381
3.75,-42.75,0.00644016
4.25,-42.75,0.00655584
4.75,-42.75,0.00667152
5.25,-42.75,0.0067872
5.75,-42.75,0.00690288
6.25,-42.75,0.00701856
6.75,-42.75,0.00706353
7.25,-42.75,0.00710851
7.75,-42.75,0.00715348
8.25,-42.75,0.00719845
8.75,-42.75,0.00724342
9.25,-42.75,0.00722146
9.75,-42.75,0.00719951
10.25,-42.75,0.00717755
10.75,-42.75,0.00715559
11.25,-42.75,0.00713363
11.75,-42.75,0.00700957
12.25,-42.75,0.0068855
12.75,-42.75,0.00676144
13.25,-42.75,0.00663737
13.75,-42.75,0.00651331
14.25,-42.75,0.00632798
14.75,-42.75,0.00614265
15.25,-42.75,0.00595732
15.75,-42.75,0.00577199
16.25,-42.75,0.00558666
16.75,-42.75,0.0053856
17.25,-42.75,0.00518454
17.75,-42.75,0.00498348
18.25,-42.75,0.00478242
18.75,-42.75,0.00458136
19.25,-42.75,0.00438127
19.75,-42.75,0.00418118
20.25,-42.75,0.00398109
20.75,-42.75,0.003781
21.25,-42.75,0.00358091
21.75,-42.75,0.00341744
22.25,-42.75,0.00325397
22.75,-42.75,0.00309051
23.25,-42.75,0.00292704
23.75,-42.75,0.00276358
24.25,-42.75,0.0026324
24.75,-42.75,0.00250122
25.25,-42.75,0.00237004
25.75,-42.75,0.00223886
26.25,-42.75,0.00210768
26.75,-42.75,0.00200778
27.25,-42.75,0.00190788
27.75,-42.75,0.00180799
28.25,-42.75,0.00170809
28.75,-42.75,0.00160819
29.25,-42.75,0.00153394
29.75,-42.75,0.00145969
30.25,-42.75,0.00138544
30.75,-42.75,0.00131118
31.25,-42.75,0.00123693
31.75,-42.75,0.00118021
32.25,-42.75,0.0011235
32.75,-42.75,0.00106678
33.25,-42.75,0.00101006
33.75,-42.75,0.000953343
34.25,-42.75,0.000904313
34.75,-42.75,0.000855282
35.25,-42.75,0.000806252
35.75,-42.75,0.000757221
36.25,-42.75,0.000708191
36.75,-42.75,0.000643612
37.25,-42.75,0.000579034
37.75,-42.75,0.000514455
38.25,-42.75,0.000449877
38.75,-42.75,0.000385298
39.25,-42.75,0.000318071
39.75,-42.75,0.000250844
40.25,-42.75,0.000183616
40.75,-42.75,0.000116389
41.25,-42.75,4.91616e-05
41.75,-42.75,6.75752e-05
42.25,-42.75,8.59888e-05
42.75,-42.75,0.000104402
43.25,-42.75,0.000122816
43.75,-42.75,0.00014123
44.25,-42.75,0.00014123
44.75,-42.75,0.00014123
-44.75,-42.25,0.000151065
-44.25,-42.25,0.000151065
-43.75,-42.25,0.000151065
-43.25,-42.25,0.000264547
-42.75,-42.25,0.000378028
-42.25,-42.25,0.00049151
-41.75,-42.25,0.000604992
-41.25,-42.25,0.000718474
-40.75,-42.25,0.000812798
-40.25,-42.25,0.000907123
-39.75,-42.25,0.00100145
-39.25,-42.25,0.00109577
-38.75,-42.25,0.0011901
-38.25,-42.25,0.00114337
-37.75,-42.25,0.00109665
-37.25,-42.25,0.00104992
-36.75,-42.25,0.0010032
-36.25,-42.25,0.000956469
-35.75,-42.25,0.000925624
-35.25,-42.25,0.000894778
-34.75,-42.25,0.000863933
-34.25,-42.25,0.000833087
-33.75,-42.25,0.000802242
-33.25,-42.25,0.000793099
-32.75,-42.25,0.000783957
-32.25,-42.25,0.000774815
-31.75,-42.25,0.000765673
-31.25,-42.25,0.000756531
-30.75,-42.25,0.000762655
-30.25,-42.25,0.00076878
-29.75,-42.25,0.000774905
-29.25,-42.25,0.00078103
-28.75,-42.25,0.000787155
-28.25,-42.25,0.000801086
-27.75,-42.25,0.000815018
-27.25,-42.25,0.000828949
-26.75,-42.25,0.000842881
-26.25,-42.25,0.000856812
-25.75,-42.25,0.00089473
-25.25,-42.25,0.000932648
-24.75,-42.25,0.000970566
-24.25,-42.25,0.00100848
-23.75,-42.25,0.0010464
-23.25,-42.25,0.00109328
-22.75,-42.25,0.00114015
-22.25,-42.25,0.00118703
-21.75,-42.25,0.0012339
-21.25,-42.25,0.00128077
-20.75,-42.25,0.0013481
-20.25,-42.25,0.00141542
-19.75,-42.25,0.00148274
-19.25,-42.25,0.00155007
-18.75,-42.25,0.00161739
-18.25,-42.25,0.00170426
-17.75,-42.25,0.00179113
-17.25,-42.25,0.00187799
-16.75,-42.25,0.00196486
-16.25,-42.25,0.00205173
-15.75,-42.25,0.00215381
-15.25,-42.25,0.0022559
-14.75,-42.25,0.00235798
-14.25,-42.25,0.00246006
-13.75,-42.25,0.00256215
-13.25,-42.25,0.00267455
-12.75,-42.25,0.00278696
-12.25,-42.25,0.00289936
-11.75,-42.25,0.00301177
-11.25,-42.25,0.00312418
-10.75,-42.25,0.00325673
-10.25,-42.25,0.00338929
-9.75,-42.25,0.00352185
-9.25,-42.25,0.00365441
-8.75,-42.25,0.00378696
-8.25,-42.25,0.00391504
-7.75,-42.25,0.00404311
-7.25,-42.25,0.00417119
-6.75,-42.25,0.00429927
-6.25,-42.25,0.00442734
-5.75,-42.25,0.00456785
-5.25,-42.25,0.00470835
-4.75,-42.25,0.00484886
-4.25,-42.25,0.00498937
-3.75,-42.25,0.00512987
-3.25,-42.25,0.00529497
-2.75,-42.25,0.00546006
-2.25,-42.25,0.00562516
-1.75,-42.25,0.00579026
-1.25,-42.25,0.00595535
-0.75,-42.25,0.00613052
-0.25,-42.25,0.00630568
0.25,-42.25,0.00648085
0.75,-42.25,0.00665601
1.25,-42.25,0.00683118
1.75,-42.25,0.00698665
2.25,-42.25,0.00714211
2.75,-42.25,0.00729758
3.25,-42.25,0.00745305
3.75,-42.25,0.00760852
4.25,-42.25,0.00774556
4.75,-42.25,0.00788261
5.25,-42.25,0.00801966
5.75,-42.25,0.0081567
6.25,-42.25,0.00829375
6.75,-42.25,0.00834766
7.25,-42.25,0.00840157
7.75,-42.25,0.00845548
8.25,-42.25,0.00850939
8.75,-42.25,0.0085633
9.25,-42.25,0.00852979
9.75,-42.25,0.00849627
10.25,-42.25,0.00846276
10.75,-42.25,0.00842925
11.25,-42.25,0.00839573
11.75,-42.25,0.00824879
12.25,-42.25,0.00810185
12.75,-42.25,0.00795491
13.25,-42.25,0.00780797
13.75,-42.25,0.00766103
14.25,-42.25,0.00743004
14.75,-42.25,0.00719905
15.25,-42.25,0.00696805
15.75,-42.25,0.00673706
16.25,-42.25,0.00650607
16.75,-42.25,0.0062655
17.25,-42.25,0.00602493
17.75,-42.25,0.00578435
18.25,-42.25,0.00554378
18.75,-42.25,0.0053032
19.25,-42.25,0.00505984
19.75,-42.25,0.00481647
20.25,-42.25,0.0045731
20.75,-42.25,0.00432973
21.25,-42.25,0.00408637
21.75,-42.25,0.00389159
22.25,-42.25,0.00369681
22.75,-42.25,0.00350204
23.25,-42.25,0.00330726
23.75,-42.25,0.00311248
24.25,-42.25,0.00295913
24.75,-42.25,0.00280578
25.25,-42.25,0.00265243
25.75,-42.25,0.00249907
26.25,-42.25,0.00234572
26.75,-42.25,0.00223041
27.25,-42.25,0.0021151
27.75,-42.25,0.0019998
28.25,-42.25,0.00188449
28.75,-42.25,0.00176918
29.25,-42.25,0.00168459
29.75,-42.25,0.0016
30.25,-42.25,0.00151542
30.75,-42.25,0.00143083
31.25,-42.25,0.00134624
31.75,-42.25,0.00128338
32.25,-42.25,0.00122052
32.75,-42.25,0.00115766
33.25,-42.25,0.0010948
33.75,-42.25,0.00103194
34.25,-42.25,0.0009773
34.75,-42.25,0.000922656
35.25,-42.25,0.000868012
35.75,-42.25,0.000813368
36.25,-42.25,0.000758724
36.75,-42.25,0.000687928
37.25,-42.25,0.000617131
37.75,-42.25,0.000546334
38.25,-42.25,0.000475537
38.75,-42.25,0.000404741
39.25,-42.25,0.000337576
39.75,-42.25,0.000270412
40.25,-42.25,0.000203247
40.75,-42.25,0.000136083
41.25,-42.25,6.89185e-05
41.75,-42.25,9.31255e-05
42.25,-42.25,0.000117332
42.75,-42.25,0.000141539
43.25,-42.25,0.000165746
43.75,-42.25,0.000189953
44.25,-42.25,0.000189953
44.75,-42.25,0.000189953
-44.75,-41.75,0.000193091
-44.25,-41.75,0.000193091
-43.75,-41.75,0.000193091
-43.25,-41.75,0.000322016
-42.75,-41.75,0.00045094
-42.25,-41.75,0.000579864
-41.75,-41.75,0.000708789
-41.25,-41.75,0.000837713
-40.75,-41.75,0.00092291
-40.25,-41.75,0.00100811
-39.75,-41.75,0.0010933
-39.25,-41.75,0.0011785
-38.75,-41.75,0.0012637
-38.25,-41.75,0.00121308
-37.75,-41.75,0.00116247
-37.25,-41.75,0.00111186
-36.75,-41.75,0.00106125
-36.25,-41.75,0.00101063
-35.75,-41.75,0.000980513
-35.25,-41.75,0.000950394
-34.75,-41.75,0.000920275
-34.25,-41.75,0.000890155
-33.75,-41.75,0.000860036
-33.25,-41.75,0.000851176
-32.75,-41.75,0.000842315
-32.25,-41.75,0.000833455
-31.75,-41.75,0.000824595
-31.25,-41.75,0.000815734
-30.75,-41.75,0.000824353
-30.25,-41.75,0.000832972
-29.75,-41.75,0.000841591
-29.25,-41.75,0.000850209
-28.75,-41.75,0.000858828
-28.25,-41.75,0.000874897
-27.75,-41.75,0.000890967
-27.25,-41.75,0.000907036
-26.75,-41.75,0.000923106
-26.25,-41.75,0.000939175
-25.75,-41.75,0.000982407
-25.25,-41.75,0.00102564
-24.75,-41.75,0.00106887
-24.25,-41.75,0.0011121
-23.75,-41.75,0.00115533
-23.25,-41.75,0.00120768
-22.75,-41.75,0.00126003
-22.25,-41.75,0.00131238
-21.75,-41.75,0.00136473
-21.25,-41.75,0.00141708
-20.75,-41.75,0.00149565
-20.25,-41.75,0.00157423
-19.75,-41.75,0.00165281
-19.25,-41.75,0.00173138
-18.75,-41.75,0.00180996
-18.25,-41.75,0.00191087
-17.75,-41.75,0.00201177
-17.25,-41.75,0.00211268
-16.75,-41.75,0.00221359
-16.25,-41.75,0.00231449
-15.75,-41.75,0.00243071
-15.25,-41.75,0.00254693
-14.75,-41.75,0.00266315
-14.25,-41.75,0.00277937
-13.75,-41.75,0.00289559
-13.25,-41.75,0.00302583
-12.75,-41.75,0.00315607
-12.25,-41.75,0.00328631
-11.75,-41.75,0.00341655
-11.25,-41.75,0.00354678
-10.75,-41.75,0.00370241
-10.25,-41.75,0.00385803
-9.75,-41.75,0.00401366
-9.25,-41.75,0.00416928
-8.75,-41.75,0.00432491
-8.25,-41.75,0.00446969
-7.75,-41.75,0.00461448
-7.25,-41.75,0.00475927
-6.75,-41.75,0.00490405
-6.25,-41.75,0.00504884
-5.75,-41.75,0.00521071
-5.25,-41.75,0.00537259
-4.75,-41.75,0.00553446
-4.25,-41.75,0.00569633
-3.75,-41.75,0.0058582
-3.25,-41.75,0.00604644
-2.75,-41.75,0.00623467
-2.25,-41.75,0.00642291
-1.75,-41.75,0.00661114
-1.25,-41.75,0.00679938
-0.75,-41.75,0.00701029
-0.25,-41.75,0.0072212
0.25,-41.75,0.00743212
0.75,-41.75,0.00764303
1.25,-41.75,0.00785394
1.75,-41.75,0.00803853
2.25,-41.75,0.00822312
2.75,-41.75,0.0084077
3.25,-41.75,0.00859229
3.75,-41.75,0.00877687
4.25,-41.75,0.00893528
4.75,-41.75,0.0090937
5.25,-41.75,0.00925211
5.75,-41.75,0.00941052
6.25,-41.75,0.00956893
6.75,-41.75,0.00963178
7.25,-41.75,0.00969463
7.75,-41.75,0.00975748
8.25,-41.75,0.00982033
8.75,-41.75,0.00988318
9.25,-41.75,0.00983811
9.75,-41.75,0.00979304
10.25,-41.75,0.00974797
10.75,-41.75,0.0097029
11.25,-41.75,0.00965783
11.75,-41.75,0.00948801
12.25,-41.75,0.00931819
12.75,-41.75,0.00914838
13.25,-41.75,0.00897856
13.75,-41.75,0.00880875
14.25,-41.75,0.00853209
14.75,-41.75,0.00825544
15.25,-41.75,0.00797879
15.75,-41.75,0.00770213
16.25,-41.75,0.00742548
16.75,-41.75,0.00714539
17.25,-41.75,0.00686531
17.75,-41.75,0.00658522
18.25,-41.75,0.00630513
18.75,-41.75,0.00602504
19.25,-41.75,0.0057384
19.75,-41.75,0.00545176
20.25,-41.75,0.00516511
20.75,-41.75,0.00487847
21.25,-41.75,0.00459183
21.75,-41.75,0.00436574
22.25,-41.75,0.00413965
22.75,-41.75,0.00391357
23.25,-41.75,0.00368748
23.75,-41.75,0.00346139
24.25,-41.75,0.00328587
24.75,-41.75,0.00311034
25.25,-41.75,0.00293481
25.75,-41.75,0.00275929
26.25,-41.75,0.00258376
26.75,-41.75,0.00245304
27.25,-41.75,0.00232233
27.75,-41.75,0.00219161
28.25,-41.75,0.00206089
28.75,-41.75,0.00193017
29.25,-41.75,0.00183525
29.75,-41.75,0.00174032
30.25,-41.75,0.0016454
30.75,-41.75,0.00155047
31.25,-41.75,0.00145555
31.75,-41.75,0.00138655
32.25,-41.75,0.00131755
32.75,-41.75,0.00124854
33.25,-41.75,0.00117954
33.75,-41.75,0.00111054
34.25,-41.75,0.00105029
34.75,-41.75,0.00099003
35.25,-41.75,0.000929772
35.75,-41.75,0.000869515
36.25,-41.75,0.000809258
36.75,-41.75,0.000732243
37.25,-41.75,0.000655228
37.75,-41.75,0.000578213
38.25,-41.75,0.000501198
38.75,-41.75,0.000424183
39.25,-41.75,0.000357082
39.75,-41.75,0.00028998
40.25,-41.75,0.000222879
40.75,-41.75,0.000155777
41.25,-41.75,8.86755e-05
41.75,-41.75,0.000118676
42.25,-41.75,0.000148676
42.75,-41.75,0.000178676
43.25,-41.75,0.000208677
43.75,-41.75,0.000238677
44.25,-41.75,0.000238677
44.75,-41.75,0.000238677
-44.75,-41.25,0.000235117
-44.25,-41.25,0.000235117
-43.75,-41.25,0.000235117
-43.25,-41.25,0.000379484
-42.75,-41.25,0.000523851
-42.25,-41.25,0.000668218
-41.75,-41.25,0.000812585
-41.25,-41.25,0.000956952
-40.75,-41.25,0.00103302
-40.25,-41.25,0.00110909
-39.75,-41.25,0.00118516
-39.25,-41.25,0.00126123
-38.75,-41.25,0.0013373
-38.25,-41.25,0.0012828
-37.75,-41.25,0.0012283
-37.25,-41.25,0.0011738
-36.75,-41.25,0.0011193
-36.25,-41.25,0.0010648
-35.75,-41.25,0.0010354
-35.25,-41.25,0.00100601
-34.75,-41.25,0.000976617
-34.25,-41.25,0.000947223
-33.75,-41.25,0.00091783
-33.25,-41.25,0.000909252
-32.75,-41.25,0.000900674
-32.25,-41.25,0.000892095
-31.75,-41.25,0.000883517
-31.25,-41.25,0.000874938
-30.75,-41.25,0.000886051
-30.25,-41.25,0.000897163
-29.75,-41.25,0.000908276
-29.25,-41.25,0.000919389
-28.75,-41.25,0.000930501
-28.25,-41.25,0.000948709
-27.75,-41.25,0.000966916
-27.25,-41.25,0.000985123
-26.75,-41.25,0.00100333
-26.25,-41.25,0.00102154
-25.75,-41.25,0.00107008
-25.25,-41.25,0.00111863
-24.75,-41.25,0.00116718
-24.25,-41.25,0.00121572
-23.75,-41.25,0.00126427
-23.25,-41.25,0.00132209
-22.75,-41.25,0.00137991
-22.25,-41.25,0.00143773
-21.75,-41.25,0.00149556
-21.25,-41.25,0.00155338
-20.75,-41.25,0.00164321
-20.25,-41.25,0.00173304
-19.75,-41.25,0.00182287
-19.25,-41.25,0.0019127
-18.75,-41.25,0.00200253
-18.25,-41.25,0.00211748
-17.75,-41.25,0.00223242
-17.25,-41.25,0.00234737
-16.75,-41.25,0.00246231
-16.25,-41.25,0.00257726
-15.75,-41.25,0.00270761
-15.25,-41.25,0.00283797
-14.75,-41.25,0.00296833
-14.25,-41.25,0.00309868
-13.75,-41.25,0.00322904
-13.25,-41.25,0.00337711
-12.75,-41.25,0.00352518
-12.25,-41.25,0.00367325
-11.75,-41.25,0.00382132
-11.25,-41.25,0.00396939
-10.75,-41.25,0.00414808
-10.25,-41.25,0.00432678
-9.75,-41.25,0.00450547
-9.25,-41.25,0.00468416
-8.75,-41.25,0.00486285
-8.25,-41.25,0.00502435
-7.75,-41.25,0.00518585
-7.25,-41.25,0.00534735
-6.75,-41.25,0.00550884
-6.25,-41.25,0.00567034
-5.75,-41.25,0.00585358
-5.25,-41.25,0.00603682
-4.75,-41.25,0.00622005
-4.25,-41.25,0.00640329
-3.75,-41.25,0.00658653
-3.25,-41.25,0.0067979
-2.75,-41.25,0.00700928
-2.25,-41.25,0.00722065
-1.75,-41.25,0.00743202
-1.25,-41.25,0.0076434
-0.75,-41.25,0.00789006
-0.25,-41.25,0.00813672
0.25,-41.25,0.00838338
0.75,-41.25,0.00863005
1.25,-41.25,0.00887671
1.75,-41.25,0.00909041
2.25,-41.25,0.00930412
2.75,-41.25,0.00951782
3.25,-41.25,0.00973152
3.75,-41.25,0.00994523
4.25,-41.25,0.010125
4.75,-41.25,0.0103048
5.25,-41.25,0.0104846
5.75,-41.25,0.0106643
6.25,-41.25,0.0108441
6.75,-41.25,0.0109159
7.25,-41.25,0.0109877
7.75,-41.25,0.0110595
8.25,-41.25,0.0111313
8.75,-41.25,0.0112031
9.25,-41.25,0.0111464
9.75,-41.25,0.0110898
10.25,-41.25,0.0110332
10.75,-41.25,0.0109766
11.25,-41.25,0.0109199
11.75,-41.25,0.0107272
12.25,-41.25,0.0105345
12.75,-41.25,0.0103418
13.25,-41.25,0.0101492
13.75,-41.25,0.00995646
14.25,-41.25,0.00963415
14.75,-41.25,0.00931183
15.25,-41.25,0.00898952
15.75,-41.25,0.00866721
16.25,-41.25,0.00834489
16.75,-41.25,0.00802529
17.25,-41.25,0.00770569
17.75,-41.25,0.00738609
18.25,-41.25,0.00706649
18.75,-41.25,0.00674688
19.25,-41.25,0.00641696
19.75,-41.25,0.00608705
20.25,-41.25,0.00575713
20.75,-41.25,0.00542721
21.25,-41.25,0.00509729
21.75,-41.25,0.00483989
22.25,-41.25,0.00458249
22.75,-41.25,0.0043251
23.25,-41.25,0.0040677
23.75,-41.25,0.0038103
24.25,-41.25,0.0036126
24.75,-41.25,0.0034149
25.25,-41.25,0.0032172
25.75,-41.25,0.0030195
26.25,-41.25,0.0028218
26.75,-41.25,0.00267568
27.25,-41.25,0.00252955
27.75,-41.25,0.00238342
28.25,-41.25,0.00223729
28.75,-41.25,0.00209116
29.25,-41.25,0.0019859
29.75,-41.25,0.00188064
30.25,-41.25,0.00177538
30.75,-41.25,0.00167011
31.25,-41.25,0.00156485
31.75,-41.25,0.00148971
32.25,-41.25,0.00141457
32.75,-41.25,0.00133943
33.25,-41.25,0.00126429
33.75,-41.25,0.00118914
34.25,-41.25,0.00112327
34.75,-41.25,0.0010574
35.25,-41.25,0.000991533
35.75,-41.25,0.000925662
36.25,-41.25,0.000859791
36.75,-41.25,0.000776558
37.25,-41.25,0.000693325
37.75,-41.25,0.000610092
38.25,-41.25,0.000526858
38.75,-41.25,0.000443625
39.25,-41.25,0.000376587
39.75,-41.25,0.000309548
40.25,-41.25,0.00024251
40.75,-41.25,0.000175471
41.25,-41.25,0.000108432
41.75,-41.25,0.000144226
42.25,-41.25,0.00018002
42.75,-41.25,0.000215814
43.25,-41.25,0.000251607
43.75,-41.25,0.000287401
44.25,-41.25,0.000287401
44.75,-41.25,0.000287401
-44.75,-40.75,0.000449015
-44.25,-40.75,0.000449015
-43.75,-40.75,0.000449015
-43.25,-40.75,0.000563634
-42.75,-40.75,0.000678253
-42.25,-40.75,0.000792872
-41.75,-40.75,0.000907491
-41.25,-40.75,0.00102211
-40.75,-40.75,0.00107638
-40.25,-40.75,0.00113066
-39.75,-40.75,0.00118493
-39.25,-40.75,0.00123921
-38.75,-40.75,0.00129348
-38.25,-40.75,0.00124535
-37.75,-40.75,0.00119723
-37.25,-40.75,0.0011491
-36.75,-40.75,0.00110097
-36.25,-40.75,0.00105284
-35.75,-40.75,0.00102901
-35.25,-40.75,0.00100518
-34.75,-40.75,0.000981353
-34.25,-40.75,0.000957523
-33.75,-40.75,0.000933694
-33.25,-40.75,0.00093236
-32.75,-40.75,0.000931026
-32.25,-40.75,0.000929692
-31.75,-40.75,0.000928358
-31.25,-40.75,0.000927024
-30.75,-40.75,0.000942783
-30.25,-40.75,0.000958542
-29.75,-40.75,0.000974301
-29.25,-40.75,0.00099006
-28.75,-40.75,0.00100582
-28.25,-40.75,0.00103538
-27.75,-40.75,0.00106493
-27.25,-40.75,0.00109449
-26.75,-40.75,0.00112405
-26.25,-40.75,0.0011536
-25.75,-40.75,0.00121338
-25.25,-40.75,0.00127315
-24.75,-40.75,0.00133292
-24.25,-40.75,0.0013927
-23.75,-40.75,0.00145247
-23.25,-40.75,0.00153104
-22.75,-40.75,0.00160962
-22.25,-40.75,0.00168819
-21.75,-40.75,0.00176676
-21.25,-40.75,0.00184534
-20.75,-40.75,0.0019618
-20.25,-40.75,0.00207825
-19.75,-40.75,0.00219471
-19.25,-40.75,0.00231117
-18.75,-40.75,0.00242763
-18.25,-40.75,0.00257564
-17.75,-40.75,0.00272364
-17.25,-40.75,0.00287165
-16.75,-40.75,0.00301966
-16.25,-40.75,0.00316767
-15.75,-40.75,0.00333659
-15.25,-40.75,0.00350551
-14.75,-40.75,0.00367443
-14.25,-40.75,0.00384334
-13.75,-40.75,0.00401226
-13.25,-40.75,0.00419912
-12.75,-40.75,0.00438597
-12.25,-40.75,0.00457282
-11.75,-40.75,0.00475967
-11.25,-40.75,0.00494652
-10.75,-40.75,0.00516303
-10.25,-40.75,0.00537953
-9.75,-40.75,0.00559603
-9.25,-40.75,0.00581253
-8.75,-40.75,0.00602903
-8.25,-40.75,0.00623501
-7.75,-40.75,0.00644099
-7.25,-40.75,0.00664697
-6.75,-40.75,0.00685295
-6.25,-40.75,0.00705893
-5.75,-40.75,0.0072892
-5.25,-40.75,0.00751946
-4.75,-40.75,0.00774972
-4.25,-40.75,0.00797998
-3.75,-40.75,0.00821024
-3.25,-40.75,0.0084697
-2.75,-40.75,0.00872916
-2.25,-40.75,0.00898862
-1.75,-40.75,0.00924808
-1.25,-40.75,0.00950754
-0.75,-40.75,0.0098157
-0.25,-40.75,0.0101239
0.25,-40.75,0.010432
0.75,-40.75,0.0107402
1.25,-40.75,0.0110483
1.75,-40.75,0.0113247
2.25,-40.75,0.011601
2.75,-40.75,0.0118773
3.25,-40.75,0.0121537
3.75,-40.75,0.01243
4.25,-40.75,0.0126621
4.75,-40.75,0.0128941
5.25,-40.75,0.0131261
5.75,-40.75,0.0133582
6.25,-40.75,0.0135902
6.75,-40.75,0.013689
7.25,-40.75,0.0137878
7.75,-40.75,0.0138867
8.25,-40.75,0.0139855
8.75,-40.75,0.0140843
9.25,-40.75,0.0140138
9.75,-40.75,0.0139434
10.25,-40.75,0.013873
10.75,-40.75,0.0138025
11.25,-40.75,0.0137321
11.75,-40.75,0.0134802
12.25,-40.75,0.0132284
12.75,-40.75,0.0129766
13.25,-40.75,0.0127248
13.75,-40.75,0.012473
14.25,-40.75,0.0120601
14.75,-40.75,0.0116473
15.25,-40.75,0.0112344
15.75,-40.75,0.0108215
16.25,-40.75,0.0104087
16.75,-40.75,0.00999897
17.25,-40.75,0.00958926
17.75,-40.75,0.00917955
18.25,-40.75,0.00876984
18.75,-40.75,0.00836013
19.25,-40.75,0.00793745
19.75,-40.75,0.00751477
20.25,-40.75,0.00709209
20.75,-40.75,0.00666941
21.25,-40.75,0.00624674
21.75,-40.75,0.00591689
22.25,-40.75,0.00558704
22.75,-40.75,0.00525719
23.25,-40.75,0.00492734
23.75,-40.75,0.00459749
24.25,-40.75,0.00434549
24.75,-40.75,0.0040935
25.25,-40.75,0.0038415
25.75,-40.75,0.0035895
26.25,-40.75,0.00333751
26.75,-40.75,0.00315603
27.25,-40.75,0.00297455
27.75,-40.75,0.00279307
28.25,-40.75,0.0026116
28.75,-40.75,0.00243012
29.25,-40.75,0.00229851
29.75,-40.75,0.00216689
30.25,-40.75,0.00203528
30.75,-40.75,0.00190367
31.25,-40.75,0.00177206
31.75,-40.75,0.00168026
32.25,-40.75,0.00158846
32.75,-40.75,0.00149665
33.25,-40.75,0.00140485
33.75,-40.75,0.00131305
34.25,-40.75,0.00124058
34.75,-40.75,0.00116812
35.25,-40.75,0.00109565
35.75,-40.75,0.00102318
36.25,-40.75,0.000950711
36.75,-40.75,0.000867657
37.25,-40.75,0.000784603
37.75,-40.75,0.000701549
38.25,-40.75,0.000618495
38.75,-40.75,0.000535441
39.25,-40.75,0.000473103
39.75,-40.75,0.000410765
40.25,-40.75,0.000348427
40.75,-40.75,0.000286089
41.25,-40.75,0.000223751
41.75,-40.75,0.000243377
42.25,-40.75,0.000263002
42.75,-40.75,0.000282628
43.25,-40.75,0.000302254
43.75,-40.75,0.000321879
44.25,-40.75,0.000321879
44.75,-40.75,0.000321879
-44.75,-40.25,0.000662912
-44.25,-40.25,0.000662912
-43.75,-40.25,0.000662912
-43.25,-40.25,0.000747783
-42.75,-40.25,0.000832654
-42.25,-40.25,0.000917525
-41.75,-40.25,0.0010024
-41.25,-40.25,0.00108727
-40.75,-40.25,0.00111975
-40.25,-40.25,0.00115223
-39.75,-40.25,0.00118471
-39.25,-40.25,0.00121719
-38.75,-40.25,0.00124967
-38.25,-40.25,0.00120791
-37.75,-40.25,0.00116616
-37.25,-40.25,0.0011244
-36.75,-40.25,0.00108265
-36.25,-40.25,0.00104089
-35.75,-40.25,0.00102262
-35.25,-40.25,0.00100436
-34.75,-40.25,0.00098609
-34.25,-40.25,0.000967824
-33.75,-40.25,0.000949557
-33.25,-40.25,0.000955467
-32.75,-40.25,0.000961378
-32.25,-40.25,0.000967288
-31.75,-40.25,0.000973199
-31.25,-40.25,0.000979109
-30.75,-40.25,0.000999515
-30.25,-40.25,0.00101992
-29.75,-40.25,0.00104033
-29.25,-40.25,0.00106073
-28.75,-40.25,0.00108114
-28.25,-40.25,0.00112204
-27.75,-40.25,0.00116295
-27.25,-40.25,0.00120386
-26.75,-40.25,0.00124476
-26.25,-40.25,0.00128567
-25.75,-40.25,0.00135667
-25.25,-40.25,0.00142767
-24.75,-40.25,0.00149867
-24.25,-40.25,0.00156967
-23.75,-40.25,0.00164067
-23.25,-40.25,0.00174
-22.75,-40.25,0.00183932
-22.25,-40.25,0.00193865
-21.75,-40.25,0.00203797
-21.25,-40.25,0.0021373
-20.75,-40.25,0.00228038
-20.25,-40.25,0.00242347
-19.75,-40.25,0.00256655
-19.25,-40.25,0.00270964
-18.75,-40.25,0.00285272
-18.25,-40.25,0.00303379
-17.75,-40.25,0.00321486
-17.25,-40.25,0.00339594
-16.75,-40.25,0.00357701
-16.25,-40.25,0.00375808
-15.75,-40.25,0.00396556
-15.25,-40.25,0.00417304
-14.75,-40.25,0.00438053
-14.25,-40.25,0.00458801
-13.75,-40.25,0.00479549
-13.25,-40.25,0.00502112
-12.75,-40.25,0.00524676
-12.25,-40.25,0.00547239
-11.75,-40.25,0.00569802
-11.25,-40.25,0.00592366
-10.75,-40.25,0.00617797
-10.25,-40.25,0.00643228
-9.75,-40.25,0.00668659
-9.25,-40.25,0.00694091
-8.75,-40.25,0.00719522
-8.25,-40.25,0.00744568
-7.75,-40.25,0.00769614
-7.25,-40.25,0.0079466
-6.75,-40.25,0.00819707
-6.25,-40.25,0.00844753
-5.75,-40.25,0.00872481
-5.25,-40.25,0.0090021
-4.75,-40.25,0.00927938
-4.25,-40.25,0.00955667
-3.75,-40.25,0.00983395
-3.25,-40.25,0.0101415
-2.75,-40.25,0.010449
-2.25,-40.25,0.0107566
-1.75,-40.25,0.0110641
-1.25,-40.25,0.0113717
-0.75,-40.25,0.0117413
-0.25,-40.25,0.012111
0.25,-40.25,0.0124806
0.75,-40.25,0.0128503
1.25,-40.25,0.0132199
1.75,-40.25,0.0135589
2.25,-40.25,0.0138979
2.75,-40.25,0.0142369
3.25,-40.25,0.0145759
3.75,-40.25,0.0149148
4.25,-40.25,0.0151991
4.75,-40.25,0.0154834
5.25,-40.25,0.0157677
5.75,-40.25,0.016052
6.25,-40.25,0.0163363
6.75,-40.25,0.0164622
7.25,-40.25,0.016588
7.75,-40.25,0.0167138
8.25,-40.25,0.0168397
8.75,-40.25,0.0169655
9.25,-40.25,0.0168813
9.75,-40.25,0.016797
10.25,-40.25,0.0167127
10.75,-40.25,0.0166285
11.25,-40.25,0.0165442
11.75,-40.25,0.0162333
12.25,-40.25,0.0159223
12.75,-40.25,0.0156114
13.25,-40.25,0.0153005
13.75,-40.25,0.0149895
14.25,-40.25,0.0144861
14.75,-40.25,0.0139827
15.25,-40.25,0.0134793
15.75,-40.25,0.0129759
16.25,-40.25,0.0124725
16.75,-40.25,0.0119726
17.25,-40.25,0.0114728
17.75,-40.25,0.010973
18.25,-40.25,0.0104732
18.75,-40.25,0.00997338
19.25,-40.25,0.00945794
19.75,-40.25,0.0089425
20.25,-40.25,0.00842706
20.75,-40.25,0.00791162
21.25,-40.25,0.00739618
21.75,-40.25,0.00699388
22.25,-40.25,0.00659158
22.75,-40.25,0.00618928
23.25,-40.25,0.00578698
23.75,-40.25,0.00538468
24.25,-40.25,0.00507838
24.75,-40.25,0.00477209
25.25,-40.25,0.0044658
25.75,-40.25,0.00415951
26.25,-40.25,0.00385321
26.75,-40.25,0.00363639
27.25,-40.25,0.00341956
27.75,-40.25,0.00320273
28.25,-40.25,0.0029859
28.75,-40.25,0.00276908
29.25,-40.25,0.00261111
29.75,-40.25,0.00245315
30.25,-40.25,0.00229519
30.75,-40.25,0.00213723
31.25,-40.25,0.00197926
31.75,-40.25,0.0018708
32.25,-40.25,0.00176234
32.75,-40.25,0.00165388
33.25,-40.25,0.00154542
33.75,-40.25,0.00143696
34.25,-40.25,0.00135789
34.75,-40.25,0.00127883
35.25,-40.25,0.00119976
35.75,-40.25,0.0011207
36.25,-40.25,0.00104163
36.75,-40.25,0.000958756
37.25,-40.25,0.000875881
37.75,-40.25,0.000793006
38.25,-40.25,0.000710131
38.75,-40.25,0.000627256
39.25,-40.25,0.000569619
39.75,-40.25,0.000511981
40.25,-40.25,0.000454344
40.75,-40.25,0.000396707
41.25,-40.25,0.00033907
41.75,-40.25,0.000342527
42.25,-40.25,0.000345985
42.75,-40.25,0.000349442
43.25,-40.25,0.0003529
43.75,-40.25,0.000356357
44.25,-40.25,0.000356357
44.75,-40.25,0.000356357
-44.75,-39.75,0.00087681
-44.25,-39.75,0.00087681
-43.75,-39.75,0.00087681
-43.25,-39.75,0.000931933
-42.75,-39.75,0.000987055
-42.25,-39.75,0.00104218
-41.75,-39.75,0.0010973
-41.25,-39.75,0.00115242
-40.75,-39.75,0.00116311
-40.25,-39.75,0.00117379
-39.75,-39.75,0.00118448
-39.25,-39.75,0.00119516
-38.75,-39.75,0.00120585
-38.25,-39.75,0.00117047
-37.75,-39.75,0.00113508
-37.25,-39.75,0.0010997
-36.75,-39.75,0.00106432
-36.25,-39.75,0.00102894
-35.75,-39.75,0.00101623
-35.25,-39.75,0.00100353
-34.75,-39.75,0.000990827
-34.25,-39.75,0.000978124
-33.75,-39.75,0.00096542
-33.25,-39.75,0.000978575
-32.75,-39.75,0.00099173
-32.25,-39.75,0.00100488
-31.75,-39.75,0.00101804
-31.25,-39.75,0.00103119
-30.75,-39.75,0.00105625
-30.25,-39.75,0.0010813
-29.75,-39.75,0.00110635
-29.25,-39.75,0.0011314
-28.75,-39.75,0.00115646
-28.25,-39.75,0.00120871
-27.75,-39.75,0.00126097
-27.25,-39.75,0.00131322
-26.75,-39.75,0.00136548
-26.25,-39.75,0.00141773
-25.75,-39.75,0.00149996
-25.25,-39.75,0.00158219
-24.75,-39.75,0.00166442
-24.25,-39.75,0.00174664
-23.75,-39.75,0.00182887
-23.25,-39.75,0.00194895
-22.75,-39.75,0.00206903
-22.25,-39.75,0.0021891
-21.75,-39.75,0.00230918
-21.25,-39.75,0.00242926
-20.75,-39.75,0.00259897
-20.25,-39.75,0.00276868
-19.75,-39.75,0.00293839
-19.25,-39.75,0.0031081
-18.75,-39.75,0.00327782
-18.25,-39.75,0.00349195
-17.75,-39.75,0.00370608
-17.25,-39.75,0.00392022
-16.75,-39.75,0.00413435
-16.25,-39.75,0.00434849
-15.75,-39.75,0.00459453
-15.25,-39.75,0.00484058
-14.75,-39.75,0.00508663
-14.25,-39.75,0.00533267
-13.75,-39.75,0.00557872
-13.25,-39.75,0.00584313
-12.75,-39.75,0.00610755
-12.25,-39.75,0.00637196
-11.75,-39.75,0.00663637
-11.25,-39.75,0.00690079
-10.75,-39.75,0.00719291
-10.25,-39.75,0.00748503
-9.75,-39.75,0.00777716
-9.25,-39.75,0.00806928
-8.75,-39.75,0.0083614
-8.25,-39.75,0.00865635
-7.75,-39.75,0.00895129
-7.25,-39.75,0.00924623
-6.75,-39.75,0.00954118
-6.25,-39.75,0.00983612
-5.75,-39.75,0.0101604
-5.25,-39.75,0.0104847
-4.75,-39.75,0.010809
-4.25,-39.75,0.0111334
-3.75,-39.75,0.0114577
-3.25,-39.75,0.0118133
-2.75,-39.75,0.0121689
-2.25,-39.75,0.0125246
-1.75,-39.75,0.0128802
-1.25,-39.75,0.0132358
-0.75,-39.75,0.013667
-0.25,-39.75,0.0140981
0.25,-39.75,0.0145293
0.75,-39.75,0.0149604
1.25,-39.75,0.0153916
1.75,-39.75,0.0157932
2.25,-39.75,0.0161948
2.75,-39.75,0.0165964
3.25,-39.75,0.016998
3.75,-39.75,0.0173996
4.25,-39.75,0.0177362
4.75,-39.75,0.0180727
5.25,-39.75,0.0184093
5.75,-39.75,0.0187459
6.25,-39.75,0.0190824
6.75,-39.75,0.0192353
7.25,-39.75,0.0193881
7.75,-39.75,0.019541
8.25,-39.75,0.0196939
8.75,-39.75,0.0198467
9.25,-39.75,0.0197487
9.75,-39.75,0.0196506
10.25,-39.75,0.0195525
10.75,-39.75,0.0194544
11.25,-39.75,0.0193563
11.75,-39.75,0.0189863
12.25,-39.75,0.0186162
12.75,-39.75,0.0182462
13.25,-39.75,0.0178761
13.75,-39.75,0.017506
14.25,-39.75,0.0169121
14.75,-39.75,0.0163181
15.25,-39.75,0.0157242
15.75,-39.75,0.0151302
16.25,-39.75,0.0145362
16.75,-39.75,0.0139463
17.25,-39.75,0.0133564
17.75,-39.75,0.0127665
18.25,-39.75,0.0121766
18.75,-39.75,0.0115866
19.25,-39.75,0.0109784
19.75,-39.75,0.0103702
20.25,-39.75,0.00976203
20.75,-39.75,0.00915383
21.25,-39.75,0.00854563
21.75,-39.75,0.00807088
22.25,-39.75,0.00759612
22.75,-39.75,0.00712137
23.25,-39.75,0.00664662
23.75,-39.75,0.00617186
24.25,-39.75,0.00581128
24.75,-39.75,0.00545069
25.25,-39.75,0.0050901
25.75,-39.75,0.00472951
26.25,-39.75,0.00436892
26.75,-39.75,0.00411674
27.25,-39.75,0.00386456
27.75,-39.75,0.00361239
28.25,-39.75,0.00336021
28.75,-39.75,0.00310803
29.25,-39.75,0.00292372
29.75,-39.75,0.00273941
30.25,-39.75,0.0025551
30.75,-39.75,0.00237078
31.25,-39.75,0.00218647
31.75,-39.75,0.00206135
32.25,-39.75,0.00193623
32.75,-39.75,0.00181111
33.25,-39.75,0.00168599
33.75,-39.75,0.00156087
34.25,-39.75,0.0014752
34.75,-39.75,0.00138954
35.25,-39.75,0.00130388
35.75,-39.75,0.00121821
36.25,-39.75,0.00113255
36.75,-39.75,0.00104985
37.25,-39.75,0.000967159
37.75,-39.75,0.000884463
38.25,-39.75,0.000801767
38.75,-39.75,0.000719071
39.25,-39.75,0.000666134
39.75,-39.75,0.000613198
40.25,-39.75,0.000560261
40.75,-39.75,0.000507325
41.25,-39.75,0.000454388
41.75,-39.75,0.000441678
42.25,-39.75,0.000428967
42.75,-39.75,0.000416257
43.25,-39.75,0.000403546
43.75,-39.75,0.000390836
44.25,-39.75,0.000390836
44.75,-39.75,0.000390836
-44.75,-39.25,0.00109071
-44.25,-39.25,0.00109071
-43.75,-39.25,0.00109071
-43.25,-39.25,0.00111608
-42.75,-39.25,0.00114146
-42.25,-39.25,0.00116683
-41.75,-39.25,0.00119221
-41.25,-39.25,0.00121758
-40.75,-39.25,0.00120647
-40.25,-39.25,0.00119536
-39.75,-39.25,0.00118425
-39.25,-39.25,0.00117314
-38.75,-39.25,0.00116203
-38.25,-39.25,0.00113302
-37.75,-39.25,0.00110401
-37.25,-39.25,0.001075
-36.75,-39.25,0.00104599
-36.25,-39.25,0.00101699
-35.75,-39.25,0.00100984
-35.25,-39.25,0.0010027
-34.75,-39.25,0.000995564
-34.25,-39.25,0.000988424
-33.75,-39.25,0.000981283
-33.25,-39.25,0.00100168
-32.75,-39.25,0.00102208
-32.25,-39.25,0.00104248
-31.75,-39.25,0.00106288
-31.25,-39.25,0.00108328
-30.75,-39.25,0.00111298
-30.25,-39.25,0.00114268
-29.75,-39.25,0.00117238
-29.25,-39.25,0.00120208
-28.75,-39.25,0.00123177
-28.25,-39.25,0.00129538
-27.75,-39.25,0.00135898
-27.25,-39.25,0.00142259
-26.75,-39.25,0.00148619
-26.25,-39.25,0.0015498
-25.75,-39.25,0.00164325
-25.25,-39.25,0.00173671
-24.75,-39.25,0.00183016
-24.25,-39.25,0.00192362
-23.75,-39.25,0.00201707
-23.25,-39.25,0.0021579
-22.75,-39.25,0.00229873
-22.25,-39.25,0.00243956
-21.75,-39.25,0.00258039
-21.25,-39.25,0.00272122
-20.75,-39.25,0.00291756
-20.25,-39.25,0.00311389
-19.75,-39.25,0.00331023
-19.25,-39.25,0.00350657
-18.75,-39.25,0.00370291
-18.25,-39.25,0.00395011
-17.75,-39.25,0.0041973
-17.25,-39.25,0.0044445
-16.75,-39.25,0.0046917
-16.25,-39.25,0.0049389
-15.75,-39.25,0.00522351
-15.25,-39.25,0.00550812
-14.75,-39.25,0.00579273
-14.25,-39.25,0.00607734
-13.75,-39.25,0.00636194
-13.25,-39.25,0.00666514
-12.75,-39.25,0.00696833
-12.25,-39.25,0.00727153
-11.75,-39.25,0.00757472
-11.25,-39.25,0.00787792
-10.75,-39.25,0.00820785
-10.25,-39.25,0.00853779
-9.75,-39.25,0.00886772
-9.25,-39.25,0.00919765
-8.75,-39.25,0.00952759
-8.25,-39.25,0.00986701
-7.75,-39.25,0.0102064
-7.25,-39.25,0.0105459
-6.75,-39.25,0.0108853
-6.25,-39.25,0.0112247
-5.75,-39.25,0.011596
-5.25,-39.25,0.0119674
-4.75,-39.25,0.0123387
-4.25,-39.25,0.01271
-3.75,-39.25,0.0130814
-3.25,-39.25,0.0134851
-2.75,-39.25,0.0138888
-2.25,-39.25,0.0142925
-1.75,-39.25,0.0146962
-1.25,-39.25,0.0151
-0.75,-39.25,0.0155926
-0.25,-39.25,0.0160853
0.25,-39.25,0.0165779
0.75,-39.25,0.0170705
1.25,-39.25,0.0175632
1.75,-39.25,0.0180274
2.25,-39.25,0.0184917
2.75,-39.25,0.0189559
3.25,-39.25,0.0194202
3.75,-39.25,0.0198844
4.25,-39.25,0.0202733
4.75,-39.25,0.0206621
5.25,-39.25,0.0210509
5.75,-39.25,0.0214397
6.25,-39.25,0.0218285
6.75,-39.25,0.0220084
7.25,-39.25,0.0221883
7.75,-39.25,0.0223682
8.25,-39.25,0.0225481
8.75,-39.25,0.022728
9.25,-39.25,0.0226161
9.75,-39.25,0.0225042
10.25,-39.25,0.0223923
10.75,-39.25,0.0222804
11.25,-39.25,0.0221685
11.75,-39.25,0.0217393
12.25,-39.25,0.0213101
12.75,-39.25,0.0208809
13.25,-39.25,0.0204518
13.75,-39.25,0.0200226
14.25,-39.25,0.0193381
14.75,-39.25,0.0186536
15.25,-39.25,0.017969
15.75,-39.25,0.0172845
16.25,-39.25,0.0166
16.75,-39.25,0.01592
17.25,-39.25,0.01524
17.75,-39.25,0.0145599
18.25,-39.25,0.0138799
18.75,-39.25,0.0131999
19.25,-39.25,0.0124989
19.75,-39.25,0.011798
20.25,-39.25,0.011097
20.75,-39.25,0.010396
21.25,-39.25,0.00969508
21.75,-39.25,0.00914787
22.25,-39.25,0.00860067
22.75,-39.25,0.00805346
23.25,-39.25,0.00750626
23.75,-39.25,0.00695905
24.25,-39.25,0.00654417
24.75,-39.25,0.00612928
25.25,-39.25,0.0057144
25.75,-39.25,0.00529951
26.25,-39.25,0.00488462
26.75,-39.25,0.0045971
27.25,-39.25,0.00430957
27.75,-39.25,0.00402204
28.25,-39.25,0.00373452
28.75,-39.25,0.00344699
29.25,-39.25,0.00323633
29.75,-39.25,0.00302566
30.25,-39.25,0.002815
30.75,-39.25,0.00260434
31.25,-39.25,0.00239368
31.75,-39.25,0.0022519
32.25,-39.25,0.00211012
32.75,-39.25,0.00196834
33.25,-39.25,0.00182655
33.75,-39.25,0.00168477
34.25,-39.25,0.00159251
34.75,-39.25,0.00150025
35.25,-39.25,0.00140799
35.75,-39.25,0.00131573
36.25,-39.25,0.00122347
36.75,-39.25,0.00114095
37.25,-39.25,0.00105844
37.75,-39.25,0.00097592
38.25,-39.25,0.000893403
38.75,-39.25,0.000810886
39.25,-39.25,0.00076265
39.75,-39.25,0.000714414
40.25,-39.25,0.000666178
40.75,-39.25,0.000617942
41.25,-39.25,0.000569707
41.75,-39.25,0.000540828
42.25,-39.25,0.000511949
42.75,-39.25,0.000483071
43.25,-39.25,0.000454192
43.75,-39.25,0.000425314
44.25,-39.25,0.000425314
44.75,-39.25,0.000425314
-44.75,-38.75,0.0013046
-44.25,-38.75,0.0013046
-43.75,-38.75,0.0013046
-43.25,-38.75,0.00130023
-42.75,-38.75,0.00129586
-42.25,-38.75,0.00129148
-41.75,-38.75,0.00128711
-41.25,-38.75,0.00128274
-40.75,-38.75,0.00124983
-40.25,-38.75,0.00121693
-39.75,-38.75,0.00118403
-39.25,-38.75,0.00115112
-38.75,-38.75,0.00111822
-38.25,-38.75,0.00109558
-37.75,-38.75,0.00107294
-37.25,-38.75,0.00105031
-36.75,-38.75,0.00102767
-36.25,-38.75,0.00100503
-35.75,-38.75,0.00100346
-35.25,-38.75,0.00100188
-34.75,-38.75,0.0010003
-34.25,-38.75,0.000998724
-33.75,-38.75,0.000997146
-33.25,-38.75,0.00102479
-32.75,-38.75,0.00105243
-32.25,-38.75,0.00108008
-31.75,-38.75,0.00110772
-31.25,-38.75,0.00113537
-30.75,-38.75,0.00116971
-30.25,-38.75,0.00120406
-29.75,-38.75,0.0012384
-29.25,-38.75,0.00127275
-28.75,-38.75,0.00130709
-28.25,-38.75,0.00138205
-27.75,-38.75,0.001457
-27.25,-38.75,0.00153196
-26.75,-38.75,0.00160691
-26.25,-38.75,0.00168186
-25.75,-38.75,0.00178655
-25.25,-38.75,0.00189123
-24.75,-38.75,0.00199591
-24.25,-38.75,0.00210059
-23.75,-38.75,0.00220527
-23.25,-38.75,0.00236685
-22.75,-38.75,0.00252844
-22.25,-38.75,0.00269002
-21.75,-38.75,0.0028516
-21.25,-38.75,0.00301318
-20.75,-38.75,0.00323614
-20.25,-38.75,0.00345911
-19.75,-38.75,0.00368207
-19.25,-38.75,0.00390504
-18.75,-38.75,0.004128
-18.25,-38.75,0.00440826
-17.75,-38.75,0.00468852
-17.25,-38.75,0.00496879
-16.75,-38.75,0.00524905
-16.25,-38.75,0.00552931
-15.75,-38.75,0.00585248
-15.25,-38.75,0.00617565
-14.75,-38.75,0.00649883
-14.25,-38.75,0.006822
-13.75,-38.75,0.00714517
-13.25,-38.75,0.00748715
-12.75,-38.75,0.00782912
-12.25,-38.75,0.0081711
-11.75,-38.75,0.00851307
-11.25,-38.75,0.00885505
-10.75,-38.75,0.00922279
-10.25,-38.75,0.00959054
-9.75,-38.75,0.00995828
-9.25,-38.75,0.010326
-8.75,-38.75,0.0106938
-8.25,-38.75,0.0110777
-7.75,-38.75,0.0114616
-7.25,-38.75,0.0118455
-6.75,-38.75,0.0122294
-6.25,-38.75,0.0126133
-5.75,-38.75,0.0130317
-5.25,-38.75,0.01345
-4.75,-38.75,0.0138684
-4.25,-38.75,0.0142867
-3.75,-38.75,0.0147051
-3.25,-38.75,0.0151569
-2.75,-38.75,0.0156087
-2.25,-38.75,0.0160605
-1.75,-38.75,0.0165123
-1.25,-38.75,0.0169641
-0.75,-38.75,0.0175182
-0.25,-38.75,0.0180724
0.25,-38.75,0.0186265
0.75,-38.75,0.0191807
1.25,-38.75,0.0197348
1.75,-38.75,0.0202617
2.25,-38.75,0.0207886
2.75,-38.75,0.0213155
3.25,-38.75,0.0218423
3.75,-38.75,0.0223692
4.25,-38.75,0.0228103
4.75,-38.75,0.0232514
5.25,-38.75,0.0236925
5.75,-38.75,0.0241335
6.25,-38.75,0.0245746
6.75,-38.75,0.0247815
7.25,-38.75,0.0249885
7.75,-38.75,0.0251954
8.25,-38.75,0.0254023
8.75,-38.75,0.0256092
9.25,-38.75,0.0254835
9.75,-38.75,0.0253578
10.25,-38.75,0.025232
10.75,-38.75,0.0251063
11.25,-38.75,0.0249806
11.75,-38.75,0.0244923
12.25,-38.75,0.024004
12.75,-38.75,0.0235157
13.25,-38.75,0.0230274
13.75,-38.75,0.0225391
14.25,-38.75,0.021764
14.75,-38.75,0.020989
15.25,-38.75,0.0202139
15.75,-38.75,0.0194389
16.25,-38.75,0.0186638
16.75,-38.75,0.0178937
17.25,-38.75,0.0171235
17.75,-38.75,0.0163534
18.25,-38.75,0.0155833
18.75,-38.75,0.0148131
19.25,-38.75,0.0140194
19.75,-38.75,0.0132257
20.25,-38.75,0.012432
20.75,-38.75,0.0116382
21.25,-38.75,0.0108445
21.75,-38.75,0.0102249
22.25,-38.75,0.00960521
22.75,-38.75,0.00898556
23.25,-38.75,0.0083659
23.75,-38.75,0.00774624
24.25,-38.75,0.00727706
24.75,-38.75,0.00680788
25.25,-38.75,0.00633869
25.75,-38.75,0.00586951
26.25,-38.75,0.00540033
26.75,-38.75,0.00507745
27.25,-38.75,0.00475458
27.75,-38.75,0.0044317
28.25,-38.75,0.00410882
28.75,-38.75,0.00378595
29.25,-38.75,0.00354893
29.75,-38.75,0.00331192
30.25,-38.75,0.00307491
30.75,-38.75,0.0028379
31.25,-38.75,0.00260088
31.75,-38.75,0.00244244
32.25,-38.75,0.002284
32.75,-38.75,0.00212556
33.25,-38.75,0.00196712
33.75,-38.75,0.00180868
34.25,-38.75,0.00170982
34.75,-38.75,0.00161096
35.25,-38.75,0.00151211
35.75,-38.75,0.00141325
36.25,-38.75,0.00131439
36.75,-38.75,0.00123205
37.25,-38.75,0.00114971
37.75,-38.75,0.00106738
38.25,-38.75,0.000985039
38.75,-38.75,0.000902701
39.25,-38.75,0.000859166
39.75,-38.75,0.000815631
40.25,-38.75,0.000772096
40.75,-38.75,0.00072856
41.25,-38.75,0.000685025
41.75,-38.75,0.000639978
42.25,-38.75,0.000594932
42.75,-38.75,0.000549885
43.25,-38.75,0.000504839
43.75,-38.75,0.000459792
44.25,-38.75,0.000459792
44.75,-38.75,0.000459792
-44.75,-38.25,0.00121236
-44.25,-38.25,0.00121236
-43.75,-38.25,0.00121236
-43.25,-38.25,0.00121245
-42.75,-38.25,0.00121253
-42.25,-38.25,0.00121261
-41.75,-38.25,0.00121269
-41.25,-38.25,0.00121277
-40.75,-38.25,0.00118894
-40.25,-38.25,0.00116512
-39.75,-38.25,0.00114129
-39.25,-38.25,0.00111746
-38.75,-38.25,0.00109363
-38.25,-38.25,0.00107981
-37.75,-38.25,0.00106599
-37.25,-38.25,0.00105217
-36.75,-38.25,0.00103834
-36.25,-38.25,0.00102452
-35.75,-38.25,0.00103082
-35.25,-38.25,0.00103712
-34.75,-38.25,0.00104341
-34.25,-38.25,0.00104971
-33.75,-38.25,0.00105601
-33.25,-38.25,0.00109084
-32.75,-38.25,0.00112567
-32.25,-38.25,0.00116051
-31.75,-38.25,0.00119534
-31.25,-38.25,0.00123017
-30.75,-38.25,0.00128054
-30.25,-38.25,0.00133091
-29.75,-38.25,0.00138127
-29.25,-38.25,0.00143164
-28.75,-38.25,0.00148201
-28.25,-38.25,0.00157959
-27.75,-38.25,0.00167718
-27.25,-38.25,0.00177477
-26.75,-38.25,0.00187236
-26.25,-38.25,0.00196995
-25.75,-38.25,0.00211163
-25.25,-38.25,0.0022533
-24.75,-38.25,0.00239498
-24.25,-38.25,0.00253666
-23.75,-38.25,0.00267834
-23.25,-38.25,0.00289442
-22.75,-38.25,0.00311049
-22.25,-38.25,0.00332657
-21.75,-38.25,0.00354264
-21.25,-38.25,0.00375872
-20.75,-38.25,0.00404026
-20.25,-38.25,0.0043218
-19.75,-38.25,0.00460334
-19.25,-38.25,0.00488487
-18.75,-38.25,0.00516641
-18.25,-38.25,0.0055086
-17.75,-38.25,0.00585078
-17.25,-38.25,0.00619297
-16.75,-38.25,0.00653515
-16.25,-38.25,0.00687734
-15.75,-38.25,0.00726131
-15.25,-38.25,0.00764529
-14.75,-38.25,0.00802927
-14.25,-38.25,0.00841325
-13.75,-38.25,0.00879722
-13.25,-38.25,0.00920969
-12.75,-38.25,0.00962215
-12.25,-38.25,0.0100346
-11.75,-38.25,0.0104471
-11.25,-38.25,0.0108595
-10.75,-38.25,0.0112902
-10.25,-38.25,0.0117208
-9.75,-38.25,0.0121514
-9.25,-38.25,0.0125821
-8.75,-38.25,0.0130127
-8.25,-38.25,0.0134615
-7.75,-38.25,0.0139103
-7.25,-38.25,0.0143591
-6.75,-38.25,0.0148079
-6.25,-38.25,0.0152567
-5.75,-38.25,0.0157586
-5.25,-38.25,0.0162606
-4.75,-38.25,0.0167626
-4.25,-38.25,0.0172646
-3.75,-38.25,0.0177666
-3.25,-38.25,0.0183059
-2.75,-38.25,0.0188452
-2.25,-38.25,0.0193846
-1.75,-38.25,0.0199239
-1.25,-38.25,0.0204632
-0.75,-38.25,0.0211084
-0.25,-38.25,0.0217535
0.25,-38.25,0.0223986
0.75,-38.25,0.0230438
1.25,-38.25,0.0236889
1.75,-38.25,0.0243175
2.25,-38.25,0.0249461
2.75,-38.25,0.0255747
3.25,-38.25,0.0262033
3.75,-38.25,0.0268318
4.25,-38.25,0.0273582
4.75,-38.25,0.0278846
5.25,-38.25,0.0284109
5.75,-38.25,0.0289373
6.25,-38.25,0.0294636
6.75,-38.25,0.0297212
7.25,-38.25,0.0299787
7.75,-38.25,0.0302362
8.25,-38.25,0.0304937
8.75,-38.25,0.0307513
9.25,-38.25,0.0306092
9.75,-38.25,0.0304671
10.25,-38.25,0.0303251
10.75,-38.25,0.030183
11.25,-38.25,0.030041
11.75,-38.25,0.0294726
12.25,-38.25,0.0289043
12.75,-38.25,0.028336
13.25,-38.25,0.0277676
13.75,-38.25,0.0271993
14.25,-38.25,0.0263027
14.75,-38.25,0.0254062
15.25,-38.25,0.0245096
15.75,-38.25,0.023613
16.25,-38.25,0.0227165
16.75,-38.25,0.0217738
17.25,-38.25,0.0208311
17.75,-38.25,0.0198884
18.25,-38.25,0.0189457
18.75,-38.25,0.018003
19.25,-38.25,0.0170517
19.75,-38.25,0.0161004
20.25,-38.25,0.0151491
20.75,-38.25,0.0141978
21.25,-38.25,0.0132465
21.75,-38.25,0.0124787
22.25,-38.25,0.0117109
22.75,-38.25,0.0109431
23.25,-38.25,0.0101753
23.75,-38.25,0.00940749
24.25,-38.25,0.00883137
24.75,-38.25,0.00825525
25.25,-38.25,0.00767912
25.75,-38.25,0.007103
26.25,-38.25,0.00652688
26.75,-38.25,0.00611574
27.25,-38.25,0.0057046
27.75,-38.25,0.00529346
28.25,-38.25,0.00488232
28.75,-38.25,0.00447118
29.25,-38.25,0.00417931
29.75,-38.25,0.00388744
30.25,-38.25,0.00359558
30.75,-38.25,0.00330371
31.25,-38.25,0.00301184
31.75,-38.25,0.00282159
32.25,-38.25,0.00263134
32.75,-38.25,0.00244109
33.25,-38.25,0.00225084
33.75,-38.25,0.00206058
34.25,-38.25,0.00193922
34.75,-38.25,0.00181785
35.25,-38.25,0.00169648
35.75,-38.25,0.00157511
36.25,-38.25,0.00145375
36.75,-38.25,0.00136199
37.25,-38.25,0.00127024
37.75,-38.25,0.00117849
38.25,-38.25,0.00108673
38.75,-38.25,0.00099498
39.25,-38.25,0.00094265
39.75,-38.25,0.000890319
40.25,-38.25,0.000837988
40.75,-38.25,0.000785658
41.25,-38.25,0.000733327
41.75,-38.25,0.000685082
42.25,-38.25,0.000636836
42.75,-38.25,0.00058859
43.25,-38.25,0.000540344
43.75,-38.25,0.000492099
44.25,-38.25,0.000492099
44.75,-38.25,0.000492099
-44.75,-37.75,0.00112012
-44.25,-37.75,0.00112012
-43.75,-37.75,0.00112012
-43.25,-37.75,0.00112466
-42.75,-37.75,0.0011292
-42.25,-37.75,0.00113373
-41.75,-37.75,0.00113827
-41.25,-37.75,0.00114281
-40.75,-37.75,0.00112805
-40.25,-37.75,0.0011133
-39.75,-37.75,0.00109855
-39.25,-37.75,0.0010838
-38.75,-37.75,0.00106905
-38.25,-37.75,0.00106404
-37.75,-37.75,0.00105904
-37.25,-37.75,0.00105403
-36.75,-37.75,0.00104902
-36.25,-37.75,0.00104401
-35.75,-37.75,0.00105818
-35.25,-37.75,0.00107235
-34.75,-37.75,0.00108652
-34.25,-37.75,0.0011007
-33.75,-37.75,0.00111487
-33.25,-37.75,0.00115689
-32.75,-37.75,0.00119891
-32.25,-37.75,0.00124094
-31.75,-37.75,0.00128296
-31.25,-37.75,0.00132498
-30.75,-37.75,0.00139137
-30.25,-37.75,0.00145776
-29.75,-37.75,0.00152414
-29.25,-37.75,0.00159053
-28.75,-37.75,0.00165692
-28.25,-37.75,0.00177714
-27.75,-37.75,0.00189736
-27.25,-37.75,0.00201759
-26.75,-37.75,0.00213781
-26.25,-37.75,0.00225803
-25.75,-37.75,0.0024367
-25.25,-37.75,0.00261538
-24.75,-37.75,0.00279406
-24.25,-37.75,0.00297273
-23.75,-37.75,0.00315141
-23.25,-37.75,0.00342198
-22.75,-37.75,0.00369255
-22.25,-37.75,0.00396312
-21.75,-37.75,0.00423369
-21.25,-37.75,0.00450426
-20.75,-37.75,0.00484437
-20.25,-37.75,0.00518449
-19.75,-37.75,0.0055246
-19.25,-37.75,0.00586471
-18.75,-37.75,0.00620482
-18.25,-37.75,0.00660893
-17.75,-37.75,0.00701304
-17.25,-37.75,0.00741715
-16.75,-37.75,0.00782125
-16.25,-37.75,0.00822536
-15.75,-37.75,0.00867015
-15.25,-37.75,0.00911493
-14.75,-37.75,0.00955971
-14.25,-37.75,0.0100045
-13.75,-37.75,0.0104493
-13.25,-37.75,0.0109322
-12.75,-37.75,0.0114152
-12.25,-37.75,0.0118981
-11.75,-37.75,0.0123811
-11.25,-37.75,0.012864
-10.75,-37.75,0.0133575
-10.25,-37.75,0.0138511
-9.75,-37.75,0.0143446
-9.25,-37.75,0.0148381
-8.75,-37.75,0.0153316
-8.25,-37.75,0.0158453
-7.75,-37.75,0.016359
-7.25,-37.75,0.0168727
-6.75,-37.75,0.0173863
-6.25,-37.75,0.0179
-5.75,-37.75,0.0184856
-5.25,-37.75,0.0190712
-4.75,-37.75,0.0196569
-4.25,-37.75,0.0202425
-3.75,-37.75,0.0208281
-3.25,-37.75,0.0214549
-2.75,-37.75,0.0220818
-2.25,-37.75,0.0227086
-1.75,-37.75,0.0233355
-1.25,-37.75,0.0239623
-0.75,-37.75,0.0246985
-0.25,-37.75,0.0254346
0.25,-37.75,0.0261707
0.75,-37.75,0.0269069
1.25,-37.75,0.027643
1.75,-37.75,0.0283733
2.25,-37.75,0.0291036
2.75,-37.75,0.0298339
3.25,-37.75,0.0305642
3.75,-37.75,0.0312944
4.25,-37.75,0.0319061
4.75,-37.75,0.0325177
5.25,-37.75,0.0331294
5.75,-37.75,0.033741
6.25,-37.75,0.0343527
6.75,-37.75,0.0346608
7.25,-37.75,0.0349689
7.75,-37.75,0.0352771
8.25,-37.75,0.0355852
8.75,-37.75,0.0358933
9.25,-37.75,0.0357349
9.75,-37.75,0.0355765
10.25,-37.75,0.0354181
10.75,-37.75,0.0352597
11.25,-37.75,0.0351014
11.75,-37.75,0.034453
12.25,-37.75,0.0338046
12.75,-37.75,0.0331562
13.25,-37.75,0.0325078
13.75,-37.75,0.0318595
14.25,-37.75,0.0308414
14.75,-37.75,0.0298233
15.25,-37.75,0.0288053
15.75,-37.75,0.0277872
16.25,-37.75,0.0267691
16.75,-37.75,0.0256539
17.25,-37.75,0.0245386
17.75,-37.75,0.0234234
18.25,-37.75,0.0223081
18.75,-37.75,0.0211929
19.25,-37.75,0.020084
19.75,-37.75,0.0189751
20.25,-37.75,0.0178662
20.75,-37.75,0.0167574
21.25,-37.75,0.0156485
21.75,-37.75,0.0147325
22.25,-37.75,0.0138166
22.75,-37.75,0.0129006
23.25,-37.75,0.0119847
23.75,-37.75,0.0110687
24.25,-37.75,0.0103857
24.75,-37.75,0.00970262
25.25,-37.75,0.00901955
25.75,-37.75,0.00833649
26.25,-37.75,0.00765342
26.75,-37.75,0.00715402
27.25,-37.75,0.00665462
27.75,-37.75,0.00615522
28.25,-37.75,0.00565581
28.75,-37.75,0.00515641
29.25,-37.75,0.00480969
29.75,-37.75,0.00446297
30.25,-37.75,0.00411625
30.75,-37.75,0.00376953
31.25,-37.75,0.0034228
31.75,-37.75,0.00320074
32.25,-37.75,0.00297868
32.75,-37.75,0.00275661
33.25,-37.75,0.00253455
33.75,-37.75,0.00231249
34.25,-37.75,0.00216861
34.75,-37.75,0.00202473
35.25,-37.75,0.00188086
35.75,-37.75,0.00173698
36.25,-37.75,0.0015931
36.75,-37.75,0.00149193
37.25,-37.75,0.00139076
37.75,-37.75,0.0012896
38.25,-37.75,0.00118843
38.75,-37.75,0.00108726
39.25,-37.75,0.00102613
39.75,-37.75,0.000965007
40.25,-37.75,0.000903881
40.75,-37.75,0.000842756
41.25,-37.75,0.00078163
41.75,-37.75,0.000730185
42.25,-37.75,0.00067874
42.75,-37.75,0.000627295
43.25,-37.75,0.00057585
43.75,-37.75,0.000524406
44.25,-37.75,0.000524406
44.75,-37.75,0.000524406
-44.75,-37.25,0.00102788
-44.25,-37.25,0.00102788
-43.75,-37.25,0.00102788
-43.25,-37.25,0.00103687
-42.75,-37.25,0.00104587
-42.25,-37.25,0.00105486
-41.75,-37.25,0.00106385
-41.25,-37.25,0.00107284
-40.75,-37.25,0.00106716
-40.25,-37.25,0.00106149
-39.75,-37.25,0.00105582
-39.25,-37.25,0.00105014
-38.75,-37.25,0.00104447
-38.25,-37.25,0.00104827
-37.75,-37.25,0.00105208
-37.25,-37.25,0.00105589
-36.75,-37.25,0.0010597
-36.25,-37.25,0.0010635
-35.75,-37.25,0.00108555
-35.25,-37.25,0.00110759
-34.75,-37.25,0.00112964
-34.25,-37.25,0.00115168
-33.75,-37.25,0.00117373
-33.25,-37.25,0.00122294
-32.75,-37.25,0.00127215
-32.25,-37.25,0.00132136
-31.75,-37.25,0.00137058
-31.25,-37.25,0.00141979
-30.75,-37.25,0.0015022
-30.25,-37.25,0.00158461
-29.75,-37.25,0.00166702
-29.25,-37.25,0.00174942
-28.75,-37.25,0.00183183
-28.25,-37.25,0.00197469
-27.75,-37.25,0.00211754
-27.25,-37.25,0.0022604
-26.75,-37.25,0.00240326
-26.25,-37.25,0.00254611
-25.75,-37.25,0.00276178
-25.25,-37.25,0.00297746
-24.75,-37.25,0.00319313
-24.25,-37.25,0.0034088
-23.75,-37.25,0.00362447
-23.25,-37.25,0.00394954
-22.75,-37.25,0.00427461
-22.25,-37.25,0.00459967
-21.75,-37.25,0.00492474
-21.25,-37.25,0.0052498
-20.75,-37.25,0.00564849
-20.25,-37.25,0.00604718
-19.75,-37.25,0.00644586
-19.25,-37.25,0.00684455
-18.75,-37.25,0.00724323
-18.25,-37.25,0.00770926
-17.75,-37.25,0.0081753
-17.25,-37.25,0.00864133
-16.75,-37.25,0.00910736
-16.25,-37.25,0.00957339
-15.75,-37.25,0.010079
-15.25,-37.25,0.0105846
-14.75,-37.25,0.0110902
-14.25,-37.25,0.0115957
-13.75,-37.25,0.0121013
-13.25,-37.25,0.0126548
-12.75,-37.25,0.0132082
-12.25,-37.25,0.0137616
-11.75,-37.25,0.0143151
-11.25,-37.25,0.0148685
-10.75,-37.25,0.0154249
-10.25,-37.25,0.0159813
-9.75,-37.25,0.0165377
-9.25,-37.25,0.0170941
-8.75,-37.25,0.0176505
-8.25,-37.25,0.0182291
-7.75,-37.25,0.0188077
-7.25,-37.25,0.0193862
-6.75,-37.25,0.0199648
-6.25,-37.25,0.0205434
-5.75,-37.25,0.0212126
-5.25,-37.25,0.0218819
-4.75,-37.25,0.0225511
-4.25,-37.25,0.0232203
-3.75,-37.25,0.0238896
-3.25,-37.25,0.0246039
-2.75,-37.25,0.0253183
-2.25,-37.25,0.0260327
-1.75,-37.25,0.0267471
-1.25,-37.25,0.0274614
-0.75,-37.25,0.0282886
-0.25,-37.25,0.0291157
0.25,-37.25,0.0299428
0.75,-37.25,0.03077
1.25,-37.25,0.0315971
1.75,-37.25,0.0324291
2.25,-37.25,0.0332611
2.75,-37.25,0.0340931
3.25,-37.25,0.0349251
3.75,-37.25,0.0357571
4.25,-37.25,0.036454
4.75,-37.25,0.0371509
5.25,-37.25,0.0378478
5.75,-37.25,0.0385447
6.25,-37.25,0.0392417
6.75,-37.25,0.0396004
7.25,-37.25,0.0399592
7.75,-37.25,0.0403179
8.25,-37.25,0.0406766
8.75,-37.25,0.0410354
9.25,-37.25,0.0408606
9.75,-37.25,0.0406859
10.25,-37.25,0.0405112
10.75,-37.25,0.0403365
11.25,-37.25,0.0401617
11.75,-37.25,0.0394333
12.25,-37.25,0.0387049
12.75,-37.25,0.0379765
13.25,-37.25,0.0372481
13.75,-37.25,0.0365196
14.25,-37.25,0.0353801
14.75,-37.25,0.0342405
15.25,-37.25,0.0331009
15.75,-37.25,0.0319614
16.25,-37.25,0.0308218
16.75,-37.25,0.029534
17.25,-37.25,0.0282462
17.75,-37.25,0.0269583
18.25,-37.25,0.0256705
18.75,-37.25,0.0243827
19.25,-37.25,0.0231163
19.75,-37.25,0.0218498
20.25,-37.25,0.0205834
20.75,-37.25,0.0193169
21.25,-37.25,0.0180505
21.75,-37.25,0.0169864
22.25,-37.25,0.0159223
22.75,-37.25,0.0148582
23.25,-37.25,0.0137941
23.75,-37.25,0.01273
24.25,-37.25,0.01194
24.75,-37.25,0.01115
25.25,-37.25,0.01036
25.75,-37.25,0.00956998
26.25,-37.25,0.00877997
26.75,-37.25,0.0081923
27.25,-37.25,0.00760464
27.75,-37.25,0.00701697
28.25,-37.25,0.00642931
28.75,-37.25,0.00584164
29.25,-37.25,0.00544007
29.75,-37.25,0.00503849
30.25,-37.25,0.00463692
30.75,-37.25,0.00423534
31.25,-37.25,0.00383376
31.75,-37.25,0.00357989
32.25,-37.25,0.00332602
32.75,-37.25,0.00307214
33.25,-37.25,0.00281827
33.75,-37.25,0.00256439
34.25,-37.25,0.00239801
34.75,-37.25,0.00223162
35.25,-37.25,0.00206523
35.75,-37.25,0.00189884
36.25,-37.25,0.00173246
36.75,-37.25,0.00162187
37.25,-37.25,0.00151129
37.75,-37.25,0.00140071
38.25,-37.25,0.00129012
38.75,-37.25,0.00117954
39.25,-37.25,0.00110962
39.75,-37.25,0.0010397
40.25,-37.25,0.000969774
40.75,-37.25,0.000899853
41.25,-37.25,0.000829932
41.75,-37.25,0.000775288
42.25,-37.25,0.000720644
42.75,-37.25,0.000666
43.25,-37.25,0.000611356
43.75,-37.25,0.000556712
44.25,-37.25,0.000556712
44.75,-37.25,0.000556712
-44.75,-36.75,0.000935643
-44.25,-36.75,0.000935643
-43.75,-36.75,0.000935643
-43.25,-36.75,0.000949089
-42.75,-36.75,0.000962535
-42.25,-36.75,0.000975981
-41.75,-36.75,0.000989427
-41.25,-36.75,0.00100287
-40.75,-36.75,0.00100627
-40.25,-36.75,0.00100968
-39.75,-36.75,0.00101308
-39.25,-36.75,0.00101648
-38.75,-36.75,0.00101988
-38.25,-36.75,0.0010325
-37.75,-36.75,0.00104513
-37.25,-36.75,0.00105775
-36.75,-36.75,0.00107037
-36.25,-36.75,0.00108299
-35.75,-36.75,0.00111291
-35.25,-36.75,0.00114283
-34.75,-36.75,0.00117275
-34.25,-36.75,0.00120267
-33.75,-36.75,0.00123259
-33.25,-36.75,0.00128899
-32.75,-36.75,0.00134539
-32.25,-36.75,0.00140179
-31.75,-36.75,0.00145819
-31.25,-36.75,0.0015146
-30.75,-36.75,0.00161303
-30.25,-36.75,0.00171146
-29.75,-36.75,0.00180989
-29.25,-36.75,0.00190832
-28.75,-36.75,0.00200675
-28.25,-36.75,0.00217224
-27.75,-36.75,0.00233773
-27.25,-36.75,0.00250321
-26.75,-36.75,0.0026687
-26.25,-36.75,0.00283419
-25.75,-36.75,0.00308686
-25.25,-36.75,0.00333953
-24.75,-36.75,0.0035922
-24.25,-36.75,0.00384487
-23.75,-36.75,0.00409754
-23.25,-36.75,0.0044771
-22.75,-36.75,0.00485666
-22.25,-36.75,0.00523622
-21.75,-36.75,0.00561579
-21.25,-36.75,0.00599535
-20.75,-36.75,0.00645261
-20.25,-36.75,0.00690987
-19.75,-36.75,0.00736712
-19.25,-36.75,0.00782438
-18.75,-36.75,0.00828164
-18.25,-36.75,0.0088096
-17.75,-36.75,0.00933755
-17.25,-36.75,0.00986551
-16.75,-36.75,0.0103935
-16.25,-36.75,0.0109214
-15.75,-36.75,0.0114878
-15.25,-36.75,0.0120542
-14.75,-36.75,0.0126206
-14.25,-36.75,0.013187
-13.75,-36.75,0.0137534
-13.25,-36.75,0.0143773
-12.75,-36.75,0.0150012
-12.25,-36.75,0.0156252
-11.75,-36.75,0.0162491
-11.25,-36.75,0.016873
-10.75,-36.75,0.0174923
-10.25,-36.75,0.0181116
-9.75,-36.75,0.0187309
-9.25,-36.75,0.0193502
-8.75,-36.75,0.0199694
-8.25,-36.75,0.0206129
-7.75,-36.75,0.0212564
-7.25,-36.75,0.0218998
-6.75,-36.75,0.0225433
-6.25,-36.75,0.0231868
-5.75,-36.75,0.0239396
-5.25,-36.75,0.0246925
-4.75,-36.75,0.0254453
-4.25,-36.75,0.0261982
-3.75,-36.75,0.0269511
-3.25,-36.75,0.027753
-2.75,-36.75,0.0285549
-2.25,-36.75,0.0293568
-1.75,-36.75,0.0301587
-1.25,-36.75,0.0309605
-0.75,-36.75,0.0318787
-0.25,-36.75,0.0327968
0.25,-36.75,0.0337149
0.75,-36.75,0.034633
1.25,-36.75,0.0355512
1.75,-36.75,0.0364849
2.25,-36.75,0.0374186
2.75,-36.75,0.0383523
3.25,-36.75,0.039286
3.75,-36.75,0.0402197
4.25,-36.75,0.0410019
4.75,-36.75,0.0417841
5.25,-36.75,0.0425663
5.75,-36.75,0.0433485
6.25,-36.75,0.0441307
6.75,-36.75,0.04454
7.25,-36.75,0.0449494
7.75,-36.75,0.0453587
8.25,-36.75,0.0457681
8.75,-36.75,0.0461774
9.25,-36.75,0.0459864
9.75,-36.75,0.0457953
10.25,-36.75,0.0456042
10.75,-36.75,0.0454132
11.25,-36.75,0.0452221
11.75,-36.75,0.0444136
12.25,-36.75,0.0436052
12.75,-36.75,0.0427967
13.25,-36.75,0.0419883
13.75,-36.75,0.0411798
14.25,-36.75,0.0399187
14.75,-36.75,0.0386577
15.25,-36.75,0.0373966
15.75,-36.75,0.0361355
16.25,-36.75,0.0348744
16.75,-36.75,0.0334141
17.25,-36.75,0.0319537
17.75,-36.75,0.0304933
18.25,-36.75,0.029033
18.75,-36.75,0.0275726
19.25,-36.75,0.0261485
19.75,-36.75,0.0247245
20.25,-36.75,0.0233005
20.75,-36.75,0.0218765
21.25,-36.75,0.0204524
21.75,-36.75,0.0192402
22.25,-36.75,0.018028
22.75,-36.75,0.0168157
23.25,-36.75,0.0156035
23.75,-36.75,0.0143913
24.25,-36.75,0.0134943
24.75,-36.75,0.0125974
25.25,-36.75,0.0117004
25.75,-36.75,0.0108035
26.25,-36.75,0.00990652
26.75,-36.75,0.00923059
27.25,-36.75,0.00855466
27.75,-36.75,0.00787873
28.25,-36.75,0.0072028
28.75,-36.75,0.00652688
29.25,-36.75,0.00607045
29.75,-36.75,0.00561402
30.25,-36.75,0.00515759
30.75,-36.75,0.00470116
31.25,-36.75,0.00424472
31.75,-36.75,0.00395904
32.25,-36.75,0.00367335
32.75,-36.75,0.00338767
33.25,-36.75,0.00310198
33.75,-36.75,0.0028163
34.25,-36.75,0.0026274
34.75,-36.75,0.0024385
35.25,-36.75,0.00224961
35.75,-36.75,0.00206071
36.25,-36.75,0.00187181
36.75,-36.75,0.00175181
37.25,-36.75,0.00163181
37.75,-36.75,0.00151181
38.25,-36.75,0.00139182
38.75,-36.75,0.00127182
39.25,-36.75,0.0011931
39.75,-36.75,0.00111438
40.25,-36.75,0.00103567
40.75,-36.75,0.000956951
41.25,-36.75,0.000878234
41.75,-36.75,0.000820391
42.25,-36.75,0.000762548
42.75,-36.75,0.000704705
43.25,-36.75,0.000646862
43.75,-36.75,0.000589019
44.25,-36.75,0.000589019
44.75,-36.75,0.000589019
-44.75,-36.25,0.000843402
-44.25,-36.25,0.000843402
-43.75,-36.25,0.000843402
-43.25,-36.25,0.000861303
-42.75,-36.25,0.000879204
-42.25,-36.25,0.000897105
-41.75,-36.25,0.000915006
-41.25,-36.25,0.000932907
-40.75,-36.25,0.000945385
-40.25,-36.25,0.000957863
-39.75,-36.25,0.000970342
-39.25,-36.25,0.00098282
-38.75,-36.25,0.000995298
-38.25,-36.25,0.00101674
-37.75,-36.25,0.00103817
-37.25,-36.25,0.00105961
-36.75,-36.25,0.00108105
-36.25,-36.25,0.00110248
-35.75,-36.25,0.00114028
-35.25,-36.25,0.00117807
-34.75,-36.25,0.00121586
-34.25,-36.25,0.00125365
-33.75,-36.25,0.00129145
-33.25,-36.25,0.00135504
-32.75,-36.25,0.00141863
-32.25,-36.25,0.00148222
-31.75,-36.25,0.00154581
-31.25,-36.25,0.0016094
-30.75,-36.25,0.00172386
-30.25,-36.25,0.00183831
-29.75,-36.25,0.00195276
-29.25,-36.25,0.00206721
-28.75,-36.25,0.00218166
-28.25,-36.25,0.00236978
-27.75,-36.25,0.00255791
-27.25,-36.25,0.00274603
-26.75,-36.25,0.00293415
-26.25,-36.25,0.00312228
-25.75,-36.25,0.00341194
-25.25,-36.25,0.00370161
-24.75,-36.25,0.00399128
-24.25,-36.25,0.00428094
-23.75,-36.25,0.00457061
-23.25,-36.25,0.00500466
-22.75,-36.25,0.00543872
-22.25,-36.25,0.00587278
-21.75,-36.25,0.00630683
-21.25,-36.25,0.00674089
-20.75,-36.25,0.00725672
-20.25,-36.25,0.00777255
-19.75,-36.25,0.00828839
-19.25,-36.25,0.00880422
-18.75,-36.25,0.00932005
-18.25,-36.25,0.00990993
-17.75,-36.25,0.0104998
-17.25,-36.25,0.0110897
-16.75,-36.25,0.0116796
-16.25,-36.25,0.0122694
-15.75,-36.25,0.0128966
-15.25,-36.25,0.0135238
-14.75,-36.25,0.014151
-14.25,-36.25,0.0147782
-13.75,-36.25,0.0154054
-13.25,-36.25,0.0160998
-12.75,-36.25,0.0167943
-12.25,-36.25,0.0174887
-11.75,-36.25,0.0181831
-11.25,-36.25,0.0188775
-10.75,-36.25,0.0195597
-10.25,-36.25,0.0202418
-9.75,-36.25,0.020924
-9.25,-36.25,0.0216062
-8.75,-36.25,0.0222884
-8.25,-36.25,0.0229967
-7.75,-36.25,0.0237051
-7.25,-36.25,0.0244134
-6.75,-36.25,0.0251218
-6.25,-36.25,0.0258301
-5.75,-36.25,0.0266666
-5.25,-36.25,0.0275031
-4.75,-36.25,0.0283396
-4.25,-36.25,0.0291761
-3.75,-36.25,0.0300126
-3.25,-36.25,0.030902
-2.75,-36.25,0.0317914
-2.25,-36.25,0.0326808
-1.75,-36.25,0.0335702
-1.25,-36.25,0.0344597
-0.75,-36.25,0.0354688
-0.25,-36.25,0.0364779
0.25,-36.25,0.037487
0.75,-36.25,0.0384961
1.25,-36.25,0.0395053
1.75,-36.25,0.0405407
2.25,-36.25,0.0415761
2.75,-36.25,0.0426115
3.25,-36.25,0.0436469
3.75,-36.25,0.0446823
4.25,-36.25,0.0455498
4.75,-36.25,0.0464172
5.25,-36.25,0.0472847
5.75,-36.25,0.0481522
6.25,-36.25,0.0490197
6.75,-36.25,0.0494797
7.25,-36.25,0.0499396
7.75,-36.25,0.0503996
8.25,-36.25,0.0508595
8.75,-36.25,0.0513195
9.25,-36.25,0.0511121
9.75,-36.25,0.0509047
10.25,-36.25,0.0506973
10.75,-36.25,0.0504899
11.25,-36.25,0.0502825
11.75,-36.25,0.049394
12.25,-36.25,0.0485055
12.75,-36.25,0.047617
13.25,-36.25,0.0467285
13.75,-36.25,0.04584
14.25,-36.25,0.0444574
14.75,-36.25,0.0430748
15.25,-36.25,0.0416923
15.75,-36.25,0.0403097
16.25,-36.25,0.0389271
16.75,-36.25,0.0372942
17.25,-36.25,0.0356612
17.75,-36.25,0.0340283
18.25,-36.25,0.0323954
18.75,-36.25,0.0307624
19.25,-36.25,0.0291808
19.75,-36.25,0.0275992
20.25,-36.25,0.0260176
20.75,-36.25,0.024436
21.25,-36.25,0.0228544
21.75,-36.25,0.021494
22.25,-36.25,0.0201337
22.75,-36.25,0.0187733
23.25,-36.25,0.0174129
23.75,-36.25,0.0160525
24.25,-36.25,0.0150486
24.75,-36.25,0.0140447
25.25,-36.25,0.0130408
25.75,-36.25,0.012037
26.25,-36.25,0.0110331
26.75,-36.25,0.0102689
27.25,-36.25,0.00950468
27.75,-36.25,0.00874049
28.25,-36.25,0.0079763
28.75,-36.25,0.00721211
29.25,-36.25,0.00670082
29.75,-36.25,0.00618954
30.25,-36.25,0.00567826
30.75,-36.25,0.00516697
31.25,-36.25,0.00465569
31.75,-36.25,0.00433819
32.25,-36.25,0.00402069
32.75,-36.25,0.00370319
33.25,-36.25,0.0033857
33.75,-36.25,0.0030682
34.25,-36.25,0.00285679
34.75,-36.25,0.00264539
35.25,-36.25,0.00243398
35.75,-36.25,0.00222257
36.25,-36.25,0.00201117
36.75,-36.25,0.00188175
37.25,-36.25,0.00175234
37.75,-36.25,0.00162292
38.25,-36.25,0.00149351
38.75,-36.25,0.00136409
39.25,-36.25,0.00127658
39.75,-36.25,0.00118907
40.25,-36.25,0.00110156
40.75,-36.25,0.00101405
41.25,-36.25,0.000926537
41.75,-36.25,0.000865495
42.25,-36.25,0.000804452
42.75,-36.25,0.00074341
43.25,-36.25,0.000682368
43.75,-36.25,0.000621326
44.25,-36.25,0.000621326
44.75,-36.25,0.000621326
-44.75,-35.75,0.000850233
-44.25,-35.75,0.000850233
-43.75,-35.75,0.000850233
-43.25,-35.75,0.000868041
-42.75,-35.75,0.000885849
-42.25,-35.75,0.000903657
-41.75,-35.75,0.000921465
-41.25,-35.75,0.000939273
-40.75,-35.75,0.00095717
-40.25,-35.75,0.000975066
-39.75,-35.75,0.000992963
-39.25,-35.75,0.00101086
-38.75,-35.75,0.00102876
-38.25,-35.75,0.00105757
-37.75,-35.75,0.00108638
-37.25,-35.75,0.0011152
-36.75,-35.75,0.00114401
-36.25,-35.75,0.00117283
-35.75,-35.75,0.00122075
-35.25,-35.75,0.00126867
-34.75,-35.75,0.00131659
-34.25,-35.75,0.00136451
-33.75,-35.75,0.00141243
-33.25,-35.75,0.00149639
-32.75,-35.75,0.00158036
-32.25,-35.75,0.00166433
-31.75,-35.75,0.00174829
-31.25,-35.75,0.00183226
-30.75,-35.75,0.00198466
-30.25,-35.75,0.00213707
-29.75,-35.75,0.00228947
-29.25,-35.75,0.00244188
-28.75,-35.75,0.00259428
-28.25,-35.75,0.00284196
-27.75,-35.75,0.00308964
-27.25,-35.75,0.00333731
-26.75,-35.75,0.00358499
-26.25,-35.75,0.00383267
-25.75,-35.75,0.00420525
-25.25,-35.75,0.00457783
-24.75,-35.75,0.0049504
-24.25,-35.75,0.00532298
-23.75,-35.75,0.00569556
-23.25,-35.75,0.00622235
-22.75,-35.75,0.00674914
-22.25,-35.75,0.00727593
-21.75,-35.75,0.00780272
-21.25,-35.75,0.00832951
-20.75,-35.75,0.00894216
-20.25,-35.75,0.00955481
-19.75,-35.75,0.0101675
-19.25,-35.75,0.0107801
-18.75,-35.75,0.0113927
-18.25,-35.75,0.0120639
-17.75,-35.75,0.0127351
-17.25,-35.75,0.0134063
-16.75,-35.75,0.0140774
-16.25,-35.75,0.0147486
-15.75,-35.75,0.0154691
-15.25,-35.75,0.0161895
-14.75,-35.75,0.01691
-14.25,-35.75,0.0176304
-13.75,-35.75,0.0183509
-13.25,-35.75,0.0191185
-12.75,-35.75,0.0198861
-12.25,-35.75,0.0206537
-11.75,-35.75,0.0214214
-11.25,-35.75,0.022189
-10.75,-35.75,0.0229628
-10.25,-35.75,0.0237365
-9.75,-35.75,0.0245103
-9.25,-35.75,0.0252841
-8.75,-35.75,0.0260579
-8.25,-35.75,0.0268697
-7.75,-35.75,0.0276816
-7.25,-35.75,0.0284934
-6.75,-35.75,0.0293053
-6.25,-35.75,0.0301171
-5.75,-35.75,0.0310552
-5.25,-35.75,0.0319933
-4.75,-35.75,0.0329314
-4.25,-35.75,0.0338695
-3.75,-35.75,0.0348076
-3.25,-35.75,0.0358259
-2.75,-35.75,0.0368441
-2.25,-35.75,0.0378623
-1.75,-35.75,0.0388806
-1.25,-35.75,0.0398988
-0.75,-35.75,0.0410466
-0.25,-35.75,0.0421944
0.25,-35.75,0.0433421
0.75,-35.75,0.0444899
1.25,-35.75,0.0456377
1.75,-35.75,0.0468143
2.25,-35.75,0.047991
2.75,-35.75,0.0491676
3.25,-35.75,0.0503443
3.75,-35.75,0.051521
4.25,-35.75,0.0524991
4.75,-35.75,0.0534773
5.25,-35.75,0.0544554
5.75,-35.75,0.0554336
6.25,-35.75,0.0564118
6.75,-35.75,0.0569262
7.25,-35.75,0.0574406
7.75,-35.75,0.0579551
8.25,-35.75,0.0584695
8.75,-35.75,0.0589839
9.25,-35.75,0.0587466
9.75,-35.75,0.0585094
10.25,-35.75,0.0582721
10.75,-35.75,0.0580348
11.25,-35.75,0.0577975
11.75,-35.75,0.0568146
12.25,-35.75,0.0558318
12.75,-35.75,0.0548489
13.25,-35.75,0.053866
13.75,-35.75,0.0528831
14.25,-35.75,0.0513285
14.75,-35.75,0.0497738
15.25,-35.75,0.0482192
15.75,-35.75,0.0466646
16.25,-35.75,0.04511
16.75,-35.75,0.043287
17.25,-35.75,0.0414641
17.75,-35.75,0.0396412
18.25,-35.75,0.0378183
18.75,-35.75,0.0359954
19.25,-35.75,0.0341928
19.75,-35.75,0.0323903
20.25,-35.75,0.0305877
20.75,-35.75,0.0287852
21.25,-35.75,0.0269826
21.75,-35.75,0.0254151
22.25,-35.75,0.0238476
22.75,-35.75,0.0222801
23.25,-35.75,0.0207126
23.75,-35.75,0.0191451
24.25,-35.75,0.0179447
24.75,-35.75,0.0167442
25.25,-35.75,0.0155438
25.75,-35.75,0.0143433
26.25,-35.75,0.0131429
26.75,-35.75,0.0122348
27.25,-35.75,0.0113267
27.75,-35.75,0.0104186
28.25,-35.75,0.00951049
28.75,-35.75,0.0086024
29.25,-35.75,0.00797781
29.75,-35.75,0.00735322
30.25,-35.75,0.00672863
30.75,-35.75,0.00610404
31.25,-35.75,0.00547945
31.75,-35.75,0.00508674
32.25,-35.75,0.00469402
32.75,-35.75,0.00430131
33.25,-35.75,0.0039086
33.75,-35.75,0.00351589
34.25,-35.75,0.00326681
34.75,-35.75,0.00301774
35.25,-35.75,0.00276867
35.75,-35.75,0.0025196
36.25,-35.75,0.00227053
36.75,-35.75,0.00211633
37.25,-35.75,0.00196213
37.75,-35.75,0.00180794
38.25,-35.75,0.00165374
38.75,-35.75,0.00149955
39.25,-35.75,0.0014008
39.75,-35.75,0.00130206
40.25,-35.75,0.00120331
40.75,-35.75,0.00110456
41.25,-35.75,0.00100582
41.75,-35.75,0.000938382
42.25,-35.75,0.000870949
42.75,-35.75,0.000803515
43.25,-35.75,0.000736081
43.75,-35.75,0.000668648
44.25,-35.75,0.000668648
44.75,-35.75,0.000668648
-44.75,-35.25,0.000857063
-44.25,-35.25,0.000857063
-43.75,-35.25,0.000857063
-43.25,-35.25,0.000874778
-42.75,-35.25,0.000892494
-42.25,-35.25,0.000910209
-41.75,-35.25,0.000927924
-41.25,-35.25,0.000945639
-40.75,-35.25,0.000968954
-40.25,-35.25,0.000992269
-39.75,-35.25,0.00101558
-39.25,-35.25,0.0010389
-38.75,-35.25,0.00106221
-38.25,-35.25,0.0010984
-37.75,-35.25,0.0011346
-37.25,-35.25,0.00117079
-36.75,-35.25,0.00120698
-36.25,-35.25,0.00124317
-35.75,-35.25,0.00130122
-35.25,-35.25,0.00135927
-34.75,-35.25,0.00141731
-34.25,-35.25,0.00147536
-33.75,-35.25,0.00153341
-33.25,-35.25,0.00163775
-32.75,-35.25,0.00174209
-32.25,-35.25,0.00184643
-31.75,-35.25,0.00195077
-31.25,-35.25,0.00205511
-30.75,-35.25,0.00224547
-30.25,-35.25,0.00243583
-29.75,-35.25,0.00262619
-29.25,-35.25,0.00281654
-28.75,-35.25,0.0030069
-28.25,-35.25,0.00331413
-27.75,-35.25,0.00362137
-27.25,-35.25,0.0039286
-26.75,-35.25,0.00423583
-26.25,-35.25,0.00454306
-25.75,-35.25,0.00499855
-25.25,-35.25,0.00545404
-24.75,-35.25,0.00590953
-24.25,-35.25,0.00636502
-23.75,-35.25,0.00682051
-23.25,-35.25,0.00744004
-22.75,-35.25,0.00805957
-22.25,-35.25,0.00867909
-21.75,-35.25,0.00929862
-21.25,-35.25,0.00991814
-20.75,-35.25,0.0106276
-20.25,-35.25,0.0113371
-19.75,-35.25,0.0120465
-19.25,-35.25,0.012756
-18.75,-35.25,0.0134654
-18.25,-35.25,0.0142179
-17.75,-35.25,0.0149704
-17.25,-35.25,0.0157228
-16.75,-35.25,0.0164753
-16.25,-35.25,0.0172278
-15.75,-35.25,0.0180415
-15.25,-35.25,0.0188552
-14.75,-35.25,0.0196689
-14.25,-35.25,0.0204826
-13.75,-35.25,0.0212963
-13.25,-35.25,0.0221371
-12.75,-35.25,0.022978
-12.25,-35.25,0.0238188
-11.75,-35.25,0.0246596
-11.25,-35.25,0.0255005
-10.75,-35.25,0.0263659
-10.25,-35.25,0.0272313
-9.75,-35.25,0.0280967
-9.25,-35.25,0.028962
-8.75,-35.25,0.0298274
-8.25,-35.25,0.0307428
-7.75,-35.25,0.0316581
-7.25,-35.25,0.0325734
-6.75,-35.25,0.0334888
-6.25,-35.25,0.0344041
-5.75,-35.25,0.0354438
-5.25,-35.25,0.0364835
-4.75,-35.25,0.0375233
-4.25,-35.25,0.038563
-3.75,-35.25,0.0396027
-3.25,-35.25,0.0407498
-2.75,-35.25,0.0418968
-2.25,-35.25,0.0430439
-1.75,-35.25,0.0441909
-1.25,-35.25,0.045338
-0.75,-35.25,0.0466244
-0.25,-35.25,0.0479108
0.25,-35.25,0.0491972
0.75,-35.25,0.0504837
1.25,-35.25,0.0517701
1.75,-35.25,0.053088
2.25,-35.25,0.0544059
2.75,-35.25,0.0557238
3.25,-35.25,0.0570417
3.75,-35.25,0.0583596
4.25,-35.25,0.0594485
4.75,-35.25,0.0605373
5.25,-35.25,0.0616262
5.75,-35.25,0.062715
6.25,-35.25,0.0638039
6.75,-35.25,0.0643728
7.25,-35.25,0.0649416
7.75,-35.25,0.0655105
8.25,-35.25,0.0660794
8.75,-35.25,0.0666483
9.25,-35.25,0.0663812
9.75,-35.25,0.066114
10.25,-35.25,0.0658469
10.75,-35.25,0.0655797
11.25,-35.25,0.0653126
11.75,-35.25,0.0642353
12.25,-35.25,0.063158
12.75,-35.25,0.0620808
13.25,-35.25,0.0610035
13.75,-35.25,0.0599262
14.25,-35.25,0.0581995
14.75,-35.25,0.0564728
15.25,-35.25,0.0547462
15.75,-35.25,0.0530195
16.25,-35.25,0.0512928
16.75,-35.25,0.0492799
17.25,-35.25,0.047267
17.75,-35.25,0.0452541
18.25,-35.25,0.0432412
18.75,-35.25,0.0412283
19.25,-35.25,0.0392048
19.75,-35.25,0.0371813
20.25,-35.25,0.0351578
20.75,-35.25,0.0331344
21.25,-35.25,0.0311109
21.75,-35.25,0.0293363
22.25,-35.25,0.0275616
22.75,-35.25,0.025787
23.25,-35.25,0.0240124
23.75,-35.25,0.0222378
24.25,-35.25,0.0208408
24.75,-35.25,0.0194437
25.25,-35.25,0.0180467
25.75,-35.25,0.0166497
26.25,-35.25,0.0152527
26.75,-35.25,0.0142007
27.25,-35.25,0.0131487
27.75,-35.25,0.0120967
28.25,-35.25,0.0110447
28.75,-35.25,0.00999268
29.25,-35.25,0.00925479
29.75,-35.25,0.00851689
30.25,-35.25,0.007779
30.75,-35.25,0.00704111
31.25,-35.25,0.00630321
31.75,-35.25,0.00583528
32.25,-35.25,0.00536736
32.75,-35.25,0.00489943
33.25,-35.25,0.0044315
33.75,-35.25,0.00396357
34.25,-35.25,0.00367683
34.75,-35.25,0.0033901
35.25,-35.25,0.00310336
35.75,-35.25,0.00281662
36.25,-35.25,0.00252988
36.75,-35.25,0.00235091
37.25,-35.25,0.00217193
37.75,-35.25,0.00199296
38.25,-35.25,0.00181398
38.75,-35.25,0.001635
39.25,-35.25,0.00152502
39.75,-35.25,0.00141504
40.25,-35.25,0.00130506
40.75,-35.25,0.00119508
41.25,-35.25,0.00108509
41.75,-35.25,0.00101127
42.25,-35.25,0.000937445
42.75,-35.25,0.00086362
43.25,-35.25,0.000789795
43.75,-35.25,0.00071597
44.25,-35.25,0.00071597
44.75,-35.25,0.00071597
-44.75,-34.75,0.000863894
-44.25,-34.75,0.000863894
-43.75,-34.75,0.000863894
-43.25,-34.75,0.000881516
-42.75,-34.75,0.000899138
-42.25,-34.75,0.000916761
-41.75,-34.75,0.000934383
-41.25,-34.75,0.000952005
-40.75,-34.75,0.000980738
-40.25,-34.75,0.00100947
-39.75,-34.75,0.0010382
-39.25,-34.75,0.00106694
-38.75,-34.75,0.00109567
-38.25,-34.75,0.00113924
-37.75,-34.75,0.00118281
-37.25,-34.75,0.00122638
-36.75,-34.75,0.00126994
-36.25,-34.75,0.00131351
-35.75,-34.75,0.00138169
-35.25,-34.75,0.00144986
-34.75,-34.75,0.00151804
-34.25,-34.75,0.00158622
-33.75,-34.75,0.00165439
-33.25,-34.75,0.00177911
-32.75,-34.75,0.00190382
-32.25,-34.75,0.00202854
-31.75,-34.75,0.00215325
-31.25,-34.75,0.00227797
-30.75,-34.75,0.00250628
-30.25,-34.75,0.00273459
-29.75,-34.75,0.0029629
-29.25,-34.75,0.00319121
-28.75,-34.75,0.00341952
-28.25,-34.75,0.00378631
-27.75,-34.75,0.00415309
-27.25,-34.75,0.00451988
-26.75,-34.75,0.00488667
-26.25,-34.75,0.00525345
-25.75,-34.75,0.00579186
-25.25,-34.75,0.00633026
-24.75,-34.75,0.00686866
-24.25,-34.75,0.00740706
-23.75,-34.75,0.00794547
-23.25,-34.75,0.00865773
-22.75,-34.75,0.00936999
-22.25,-34.75,0.0100822
-21.75,-34.75,0.0107945
-21.25,-34.75,0.0115068
-20.75,-34.75,0.012313
-20.25,-34.75,0.0131193
-19.75,-34.75,0.0139256
-19.25,-34.75,0.0147318
-18.75,-34.75,0.0155381
-18.25,-34.75,0.0163719
-17.75,-34.75,0.0172056
-17.25,-34.75,0.0180394
-16.75,-34.75,0.0188732
-16.25,-34.75,0.0197069
-15.75,-34.75,0.0206139
-15.25,-34.75,0.0215208
-14.75,-34.75,0.0224278
-14.25,-34.75,0.0233347
-13.75,-34.75,0.0242417
-13.25,-34.75,0.0251557
-12.75,-34.75,0.0260698
-12.25,-34.75,0.0269839
-11.75,-34.75,0.0278979
-11.25,-34.75,0.028812
-10.75,-34.75,0.029769
-10.25,-34.75,0.030726
-9.75,-34.75,0.031683
-9.25,-34.75,0.03264
-8.75,-34.75,0.033597
-8.25,-34.75,0.0346158
-7.75,-34.75,0.0356346
-7.25,-34.75,0.0366535
-6.75,-34.75,0.0376723
-6.25,-34.75,0.0386911
-5.75,-34.75,0.0398324
-5.25,-34.75,0.0409738
-4.75,-34.75,0.0421151
-4.25,-34.75,0.0432564
-3.75,-34.75,0.0443978
-3.25,-34.75,0.0456736
-2.75,-34.75,0.0469495
-2.25,-34.75,0.0482254
-1.75,-34.75,0.0495013
-1.25,-34.75,0.0507772
-0.75,-34.75,0.0522022
-0.25,-34.75,0.0536273
0.25,-34.75,0.0550524
0.75,-34.75,0.0564774
1.25,-34.75,0.0579025
1.75,-34.75,0.0593617
2.25,-34.75,0.0608208
2.75,-34.75,0.06228
3.25,-34.75,0.0637392
3.75,-34.75,0.0651983
4.25,-34.75,0.0663979
4.75,-34.75,0.0675974
5.25,-34.75,0.0687969
5.75,-34.75,0.0699964
6.25,-34.75,0.0711959
6.75,-34.75,0.0718193
7.25,-34.75,0.0724427
7.75,-34.75,0.073066
8.25,-34.75,0.0736894
8.75,-34.75,0.0743127
9.25,-34.75,0.0740157
9.75,-34.75,0.0737187
10.25,-34.75,0.0734217
10.75,-34.75,0.0731247
11.25,-34.75,0.0728276
11.75,-34.75,0.071656
12.25,-34.75,0.0704843
12.75,-34.75,0.0693126
13.25,-34.75,0.068141
13.75,-34.75,0.0669693
14.25,-34.75,0.0650706
14.75,-34.75,0.0631719
15.25,-34.75,0.0612731
15.75,-34.75,0.0593744
16.25,-34.75,0.0574757
16.75,-34.75,0.0552728
17.25,-34.75,0.0530699
17.75,-34.75,0.050867
18.25,-34.75,0.0486641
18.75,-34.75,0.0464612
19.25,-34.75,0.0442168
19.75,-34.75,0.0419724
20.25,-34.75,0.039728
20.75,-34.75,0.0374835
21.25,-34.75,0.0352391
21.75,-34.75,0.0332574
22.25,-34.75,0.0312756
22.75,-34.75,0.0292939
23.25,-34.75,0.0273121
23.75,-34.75,0.0253304
24.25,-34.75,0.0237368
24.75,-34.75,0.0221432
25.25,-34.75,0.0205496
25.75,-34.75,0.0189561
26.25,-34.75,0.0173625
26.75,-34.75,0.0161666
27.25,-34.75,0.0149707
27.75,-34.75,0.0137748
28.25,-34.75,0.0125789
28.75,-34.75,0.011383
29.25,-34.75,0.0105318
29.75,-34.75,0.00968057
30.25,-34.75,0.00882937
30.75,-34.75,0.00797817
31.25,-34.75,0.00712698
31.75,-34.75,0.00658383
32.25,-34.75,0.00604069
32.75,-34.75,0.00549754
33.25,-34.75,0.0049544
33.75,-34.75,0.00441126
34.25,-34.75,0.00408685
34.75,-34.75,0.00376245
35.25,-34.75,0.00343805
35.75,-34.75,0.00311364
36.25,-34.75,0.00278924
36.75,-34.75,0.00258548
37.25,-34.75,0.00238173
37.75,-34.75,0.00217797
38.25,-34.75,0.00197421
38.75,-34.75,0.00177046
39.25,-34.75,0.00164924
39.75,-34.75,0.00152802
40.25,-34.75,0.00140681
40.75,-34.75,0.00128559
41.25,-34.75,0.00116437
41.75,-34.75,0.00108416
42.25,-34.75,0.00100394
42.75,-34.75,0.000923725
43.25,-34.75,0.000843508
43.75,-34.75,0.000763292
44.25,-34.75,0.000763292
44.75,-34.75,0.000763292
-44.75,-34.25,0.000870724
-44.25,-34.25,0.000870724
-43.75,-34.25,0.000870724
-43.25,-34.25,0.000888253
-42.75,-34.25,0.000905783
-42.25,-34.25,0.000923312
-41.75,-34.25,0.000940842
-41.25,-34.25,0.000958371
-40.75,-34.25,0.000992523
-40.25,-34.25,0.00102667
-39.75,-34.25,0.00106083
-39.25,-34.25,0.00109498
-38.75,-34.25,0.00112913
-38.25,-34.25,0.00118007
-37.75,-34.25,0.00123102
-37.25,-34.25,0.00128197
-36.75,-34.25,0.00133291
-36.25,-34.25,0.00138386
-35.75,-34.25,0.00146216
-35.25,-34.25,0.00154046
-34.75,-34.25,0.00161877
-34.25,-34.25,0.00169707
-33.75,-34.25,0.00177537
-33.25,-34.25,0.00192046
-32.75,-34.25,0.00206555
-32.25,-34.25,0.00221064
-31.75,-34.25,0.00235573
-31.25,-34.25,0.00250082
-30.75,-34.25,0.00276709
-30.25,-34.25,0.00303335
-29.75,-34.25,0.00329962
-29.25,-34.25,0.00356588
-28.75,-34.25,0.00383214
-28.25,-34.25,0.00425848
-27.75,-34.25,0.00468482
-27.25,-34.25,0.00511116
-26.75,-34.25,0.00553751
-26.25,-34.25,0.00596385
-25.75,-34.25,0.00658516
-25.25,-34.25,0.00720648
-24.75,-34.25,0.00782779
-24.25,-34.25,0.00844911
-23.75,-34.25,0.00907042
-23.25,-34.25,0.00987541
-22.75,-34.25,0.0106804
-22.25,-34.25,0.0114854
-21.75,-34.25,0.0122904
-21.25,-34.25,0.0130954
-20.75,-34.25,0.0139985
-20.25,-34.25,0.0149016
-19.75,-34.25,0.0158046
-19.25,-34.25,0.0167077
-18.75,-34.25,0.0176108
-18.25,-34.25,0.0185259
-17.75,-34.25,0.0194409
-17.25,-34.25,0.020356
-16.75,-34.25,0.021271
-16.25,-34.25,0.0221861
-15.75,-34.25,0.0231863
-15.25,-34.25,0.0241865
-14.75,-34.25,0.0251867
-14.25,-34.25,0.0261869
-13.75,-34.25,0.0271871
-13.25,-34.25,0.0281744
-12.75,-34.25,0.0291616
-12.25,-34.25,0.0301489
-11.75,-34.25,0.0311362
-11.25,-34.25,0.0321234
-10.75,-34.25,0.0331721
-10.25,-34.25,0.0342207
-9.75,-34.25,0.0352693
-9.25,-34.25,0.0363179
-8.75,-34.25,0.0373665
-8.25,-34.25,0.0384888
-7.75,-34.25,0.0396111
-7.25,-34.25,0.0407335
-6.75,-34.25,0.0418558
-6.25,-34.25,0.0429781
-5.75,-34.25,0.044221
-5.25,-34.25,0.045464
-4.75,-34.25,0.0467069
-4.25,-34.25,0.0479499
-3.75,-34.25,0.0491928
-3.25,-34.25,0.0505975
-2.75,-34.25,0.0520022
-2.25,-34.25,0.0534069
-1.75,-34.25,0.0548116
-1.25,-34.25,0.0562163
-0.75,-34.25,0.05778
-0.25,-34.25,0.0593438
0.25,-34.25,0.0609075
0.75,-34.25,0.0624712
1.25,-34.25,0.0640349
1.75,-34.25,0.0656353
2.25,-34.25,0.0672358
2.75,-34.25,0.0688362
3.25,-34.25,0.0704366
3.75,-34.25,0.072037
4.25,-34.25,0.0733472
4.75,-34.25,0.0746574
5.25,-34.25,0.0759676
5.75,-34.25,0.0772778
6.25,-34.25,0.078588
6.75,-34.25,0.0792658
7.25,-34.25,0.0799437
7.75,-34.25,0.0806215
8.25,-34.25,0.0812993
8.75,-34.25,0.0819772
9.25,-34.25,0.0816503
9.75,-34.25,0.0813234
10.25,-34.25,0.0809965
10.75,-34.25,0.0806696
11.25,-34.25,0.0803427
11.75,-34.25,0.0790766
12.25,-34.25,0.0778106
12.75,-34.25,0.0765445
13.25,-34.25,0.0752784
13.75,-34.25,0.0740124
14.25,-34.25,0.0719416
14.75,-34.25,0.0698709
15.25,-34.25,0.0678001
15.75,-34.25,0.0657293
16.25,-34.25,0.0636586
16.75,-34.25,0.0612657
17.25,-34.25,0.0588728
17.75,-34.25,0.0564799
18.25,-34.25,0.054087
18.75,-34.25,0.0516942
19.25,-34.25,0.0492288
19.75,-34.25,0.0467634
20.25,-34.25,0.0442981
20.75,-34.25,0.0418327
21.25,-34.25,0.0393674
21.75,-34.25,0.0371785
22.25,-34.25,0.0349896
22.75,-34.25,0.0328008
23.25,-34.25,0.0306119
23.75,-34.25,0.028423
24.25,-34.25,0.0266329
24.75,-34.25,0.0248427
25.25,-34.25,0.0230526
25.75,-34.25,0.0212624
26.25,-34.25,0.0194723
26.75,-34.25,0.0181325
27.25,-34.25,0.0167927
27.75,-34.25,0.0154529
28.25,-34.25,0.0141131
28.75,-34.25,0.0127733
29.25,-34.25,0.0118088
29.75,-34.25,0.0108442
30.25,-34.25,0.00987974
30.75,-34.25,0.00891524
31.25,-34.25,0.00795074
31.75,-34.25,0.00733238
32.25,-34.25,0.00671402
32.75,-34.25,0.00609566
33.25,-34.25,0.0054773
33.75,-34.25,0.00485894
34.25,-34.25,0.00449687
34.75,-34.25,0.0041348
35.25,-34.25,0.00377274
35.75,-34.25,0.00341067
36.25,-34.25,0.0030486
36.75,-34.25,0.00282006
37.25,-34.25,0.00259152
37.75,-34.25,0.00236299
38.25,-34.25,0.00213445
38.75,-34.25,0.00190591
39.25,-34.25,0.00177346
39.75,-34.25,0.00164101
40.25,-34.25,0.00150856
40.75,-34.25,0.0013761
41.25,-34.25,0.00124365
41.75,-34.25,0.00115705
42.25,-34.25,0.00107044
42.75,-34.25,0.000983829
43.25,-34.25,0.000897222
43.75,-34.25,0.000810614
44.25,-34.25,0.000810614
44.75,-34.25,0.000810614
-44.75,-33.75,0.000877554
-44.25,-33.75,0.000877554
-43.75,-33.75,0.000877554
-43.25,-33.75,0.000894991
-42.75,-33.75,0.000912428
-42.25,-33.75,0.000929864
-41.75,-33.75,0.000947301
-41.25,-33.75,0.000964737
-40.75,-33.75,0.00100431
-40.25,-33.75,0.00104388
-39.75,-33.75,0.00108345
-39.25,-33.75,0.00112302
-38.75,-33.75,0.00116259
-38.25,-33.75,0.00122091
-37.75,-33.75,0.00127923
-37.25,-33.75,0.00133755
-36.75,-33.75,0.00139588
-36.25,-33.75,0.0014542
-35.75,-33.75,0.00154263
-35.25,-33.75,0.00163106
-34.75,-33.75,0.00171949
-34.25,-33.75,0.00180792
-33.75,-33.75,0.00189636
-33.25,-33.75,0.00206182
-32.75,-33.75,0.00222729
-32.25,-33.75,0.00239275
-31.75,-33.75,0.00255821
-31.25,-33.75,0.00272368
-30.75,-33.75,0.0030279
-30.25,-33.75,0.00333211
-29.75,-33.75,0.00363633
-29.25,-33.75,0.00394055
-28.75,-33.75,0.00424477
-28.25,-33.75,0.00473066
-27.75,-33.75,0.00521655
-27.25,-33.75,0.00570245
-26.75,-33.75,0.00618834
-26.25,-33.75,0.00667424
-25.75,-33.75,0.00737847
-25.25,-33.75,0.00808269
-24.75,-33.75,0.00878692
-24.25,-33.75,0.00949115
-23.75,-33.75,0.0101954
-23.25,-33.75,0.0110931
-22.75,-33.75,0.0119908
-22.25,-33.75,0.0128886
-21.75,-33.75,0.0137863
-21.25,-33.75,0.014684
-20.75,-33.75,0.0156839
-20.25,-33.75,0.0166838
-19.75,-33.75,0.0176837
-19.25,-33.75,0.0186836
-18.75,-33.75,0.0196835
-18.25,-33.75,0.0206799
-17.75,-33.75,0.0216762
-17.25,-33.75,0.0226726
-16.75,-33.75,0.0236689
-16.25,-33.75,0.0246653
-15.75,-33.75,0.0257587
-15.25,-33.75,0.0268522
-14.75,-33.75,0.0279456
-14.25,-33.75,0.0290391
-13.75,-33.75,0.0301325
-13.25,-33.75,0.031193
-12.75,-33.75,0.0322535
-12.25,-33.75,0.033314
-11.75,-33.75,0.0343745
-11.25,-33.75,0.0354349
-10.75,-33.75,0.0365752
-10.25,-33.75,0.0377154
-9.75,-33.75,0.0388556
-9.25,-33.75,0.0399958
-8.75,-33.75,0.041136
-8.25,-33.75,0.0423619
-7.75,-33.75,0.0435877
-7.25,-33.75,0.0448135
-6.75,-33.75,0.0460393
-6.25,-33.75,0.0472651
-5.75,-33.75,0.0486097
-5.25,-33.75,0.0499542
-4.75,-33.75,0.0512988
-4.25,-33.75,0.0526434
-3.75,-33.75,0.0539879
-3.25,-33.75,0.0555214
-2.75,-33.75,0.0570549
-2.25,-33.75,0.0585885
-1.75,-33.75,0.060122
-1.25,-33.75,0.0616555
-0.75,-33.75,0.0633578
-0.25,-33.75,0.0650602
0.25,-33.75,0.0667626
0.75,-33.75,0.0684649
1.25,-33.75,0.0701673
1.75,-33.75,0.071909
2.25,-33.75,0.0736507
2.75,-33.75,0.0753924
3.25,-33.75,0.077134
3.75,-33.75,0.0788757
4.25,-33.75,0.0802966
4.75,-33.75,0.0817175
5.25,-33.75,0.0831383
5.75,-33.75,0.0845592
6.25,-33.75,0.0859801
6.75,-33.75,0.0867124
7.25,-33.75,0.0874447
7.75,-33.75,0.088177
8.25,-33.75,0.0889093
8.75,-33.75,0.0896416
9.25,-33.75,0.0892848
9.75,-33.75,0.088928
10.25,-33.75,0.0885713
10.75,-33.75,0.0882145
11.25,-33.75,0.0878578
11.75,-33.75,0.0864973
12.25,-33.75,0.0851369
12.75,-33.75,0.0837764
13.25,-33.75,0.0824159
13.75,-33.75,0.0810555
14.25,-33.75,0.0788127
14.75,-33.75,0.0765699
15.25,-33.75,0.0743271
15.75,-33.75,0.0720843
16.25,-33.75,0.0698414
16.75,-33.75,0.0672586
17.25,-33.75,0.0646757
17.75,-33.75,0.0620928
18.25,-33.75,0.05951
18.75,-33.75,0.0569271
19.25,-33.75,0.0542408
19.75,-33.75,0.0515545
20.25,-33.75,0.0488682
20.75,-33.75,0.0461819
21.25,-33.75,0.0434956
21.75,-33.75,0.0410996
22.25,-33.75,0.0387036
22.75,-33.75,0.0363076
23.25,-33.75,0.0339117
23.75,-33.75,0.0315157
24.25,-33.75,0.0295289
24.75,-33.75,0.0275422
25.25,-33.75,0.0255555
25.75,-33.75,0.0235688
26.25,-33.75,0.0215821
26.75,-33.75,0.0200984
27.25,-33.75,0.0186147
27.75,-33.75,0.0171309
28.25,-33.75,0.0156472
28.75,-33.75,0.0141635
29.25,-33.75,0.0130857
29.75,-33.75,0.0120079
30.25,-33.75,0.0109301
30.75,-33.75,0.00985231
31.25,-33.75,0.0087745
31.75,-33.75,0.00808093
32.25,-33.75,0.00738735
32.75,-33.75,0.00669378
33.25,-33.75,0.0060002
33.75,-33.75,0.00530663
34.25,-33.75,0.00490689
34.75,-33.75,0.00450716
35.25,-33.75,0.00410742
35.75,-33.75,0.00370769
36.25,-33.75,0.00330795
36.75,-33.75,0.00305464
37.25,-33.75,0.00280132
37.75,-33.75,0.002548
38.25,-33.75,0.00229468
38.75,-33.75,0.00204137
39.25,-33.75,0.00189768
39.75,-33.75,0.00175399
40.25,-33.75,0.00161031
40.75,-33.75,0.00146662
41.25,-33.75,0.00132293
41.75,-33.75,0.00122993
42.25,-33.75,0.00113693
42.75,-33.75,0.00104393
43.25,-33.75,0.000950935
43.75,-33.75,0.000857936
44.25,-33.75,0.000857936
44.75,-33.75,0.000857936
-44.75,-33.25,0.000932896
-44.25,-33.25,0.000932896
-43.75,-33.25,0.000932896
-43.25,-33.25,0.000953211
-42.75,-33.25,0.000973525
-42.25,-33.25,0.00099384
-41.75,-33.25,0.00101415
-41.25,-33.25,0.00103447
-40.75,-33.25,0.00107922
-40.25,-33.25,0.00112397
-39.75,-33.25,0.00116872
-39.25,-33.25,0.00121347
-38.75,-33.25,0.00125823
-38.25,-33.25,0.00132567
-37.75,-33.25,0.00139311
-37.25,-33.25,0.00146055
-36.75,-33.25,0.00152799
-36.25,-33.25,0.00159543
-35.75,-33.25,0.00170497
-35.25,-33.25,0.0018145
-34.75,-33.25,0.00192403
-34.25,-33.25,0.00203356
-33.75,-33.25,0.0021431
-33.25,-33.25,0.00235511
-32.75,-33.25,0.00256713
-32.25,-33.25,0.00277915
-31.75,-33.25,0.00299116
-31.25,-33.25,0.00320318
-30.75,-33.25,0.003593
-30.25,-33.25,0.00398283
-29.75,-33.25,0.00437265
-29.25,-33.25,0.00476248
-28.75,-33.25,0.0051523
-28.25,-33.25,0.00575885
-27.75,-33.25,0.00636541
-27.25,-33.25,0.00697196
-26.75,-33.25,0.00757852
-26.25,-33.25,0.00818507
-25.75,-33.25,0.00902498
-25.25,-33.25,0.00986489
-24.75,-33.25,0.0107048
-24.25,-33.25,0.0115447
-23.75,-33.25,0.0123846
-23.25,-33.25,0.0133987
-22.75,-33.25,0.0144127
-22.25,-33.25,0.0154268
-21.75,-33.25,0.0164408
-21.25,-33.25,0.0174549
-20.75,-33.25,0.0185673
-20.25,-33.25,0.0196797
-19.75,-33.25,0.0207921
-19.25,-33.25,0.0219044
-18.75,-33.25,0.0230168
-18.25,-33.25,0.0241195
-17.75,-33.25,0.0252222
-17.25,-33.25,0.0263249
-16.75,-33.25,0.0274276
-16.25,-33.25,0.0285303
-15.75,-33.25,0.0297195
-15.25,-33.25,0.0309087
-14.75,-33.25,0.032098
-14.25,-33.25,0.0332872
-13.75,-33.25,0.0344764
-13.25,-33.25,0.0356409
-12.75,-33.25,0.0368054
-12.25,-33.25,0.0379699
-11.75,-33.25,0.0391343
-11.25,-33.25,0.0402988
-10.75,-33.25,0.0415417
-10.25,-33.25,0.0427845
-9.75,-33.25,0.0440274
-9.25,-33.25,0.0452702
-8.75,-33.25,0.046513
-8.25,-33.25,0.0478526
-7.75,-33.25,0.0491922
-7.25,-33.25,0.0505317
-6.75,-33.25,0.0518713
-6.25,-33.25,0.0532109
-5.75,-33.25,0.0547015
-5.25,-33.25,0.0561921
-4.75,-33.25,0.0576826
-4.25,-33.25,0.0591732
-3.75,-33.25,0.0606638
-3.25,-33.25,0.0623664
-2.75,-33.25,0.0640689
-2.25,-33.25,0.0657714
-1.75,-33.25,0.067474
-1.25,-33.25,0.0691765
-0.75,-33.25,0.0710531
-0.25,-33.25,0.0729298
0.25,-33.25,0.0748064
0.75,-33.25,0.0766831
1.25,-33.25,0.0785597
1.75,-33.25,0.0804527
2.25,-33.25,0.0823457
2.75,-33.25,0.0842387
3.25,-33.25,0.0861317
3.75,-33.25,0.0880246
4.25,-33.25,0.0895905
4.75,-33.25,0.0911563
5.25,-33.25,0.0927222
5.75,-33.25,0.094288
6.25,-33.25,0.0958539
6.75,-33.25,0.0966473
7.25,-33.25,0.0974406
7.75,-33.25,0.098234
8.25,-33.25,0.0990274
8.75,-33.25,0.0998208
9.25,-33.25,0.0994378
9.75,-33.25,0.0990548
10.25,-33.25,0.0986719
10.75,-33.25,0.0982889
11.25,-33.25,0.0979059
11.75,-33.25,0.0964253
12.25,-33.25,0.0949446
12.75,-33.25,0.093464
13.25,-33.25,0.0919833
13.75,-33.25,0.0905027
14.25,-33.25,0.0880559
14.75,-33.25,0.0856091
15.25,-33.25,0.0831623
15.75,-33.25,0.0807155
16.25,-33.25,0.0782687
16.75,-33.25,0.0754323
17.25,-33.25,0.0725958
17.75,-33.25,0.0697594
18.25,-33.25,0.066923
18.75,-33.25,0.0640866
19.25,-33.25,0.0611596
19.75,-33.25,0.0582326
20.25,-33.25,0.0553056
20.75,-33.25,0.0523786
21.25,-33.25,0.0494516
21.75,-33.25,0.0467968
22.25,-33.25,0.044142
22.75,-33.25,0.0414871
23.25,-33.25,0.0388323
23.75,-33.25,0.0361774
24.25,-33.25,0.0339498
24.75,-33.25,0.0317221
25.25,-33.25,0.0294944
25.75,-33.25,0.0272667
26.25,-33.25,0.025039
26.75,-33.25,0.0233275
27.25,-33.25,0.021616
27.75,-33.25,0.0199045
28.25,-33.25,0.018193
28.75,-33.25,0.0164815
29.25,-33.25,0.01523
29.75,-33.25,0.0139784
30.25,-33.25,0.0127269
30.75,-33.25,0.0114754
31.25,-33.25,0.0102239
31.75,-33.25,0.00940703
32.25,-33.25,0.0085902
32.75,-33.25,0.00777336
33.25,-33.25,0.00695653
33.75,-33.25,0.0061397
34.25,-33.25,0.00566129
34.75,-33.25,0.00518288
35.25,-33.25,0.00470448
35.75,-33.25,0.00422607
36.25,-33.25,0.00374766
36.75,-33.25,0.00345498
37.25,-33.25,0.00316229
37.75,-33.25,0.00286961
38.25,-33.25,0.00257692
38.75,-33.25,0.00228423
39.25,-33.25,0.00211859
39.75,-33.25,0.00195296
40.25,-33.25,0.00178732
40.75,-33.25,0.00162168
41.25,-33.25,0.00145604
41.75,-33.25,0.00135076
42.25,-33.25,0.00124548
42.75,-33.25,0.0011402
43.25,-33.25,0.00103491
43.75,-33.25,0.000929634
44.25,-33.25,0.000929634
44.75,-33.25,0.000929634
-44.75,-32.75,0.000988238
-44.25,-32.75,0.000988238
-43.75,-32.75,0.000988238
-43.25,-32.75,0.00101143
-42.75,-32.75,0.00103462
-42.25,-32.75,0.00105781
-41.75,-32.75,0.00108101
-41.25,-32.75,0.0011042
-40.75,-32.75,0.00115413
-40.25,-32.75,0.00120407
-39.75,-32.75,0.001254
-39.25,-32.75,0.00130393
-38.75,-32.75,0.00135387
-38.25,-32.75,0.00143043
-37.75,-32.75,0.00150699
-37.25,-32.75,0.00158355
-36.75,-32.75,0.00166011
-36.25,-32.75,0.00173667
-35.75,-32.75,0.0018673
-35.25,-32.75,0.00199794
-34.75,-32.75,0.00212857
-34.25,-32.75,0.00225921
-33.75,-32.75,0.00238984
-33.25,-32.75,0.00264841
-32.75,-32.75,0.00290697
-32.25,-32.75,0.00316554
-31.75,-32.75,0.00342411
-31.25,-32.75,0.00368268
-30.75,-32.75,0.00415811
-30.25,-32.75,0.00463354
-29.75,-32.75,0.00510897
-29.25,-32.75,0.0055844
-28.75,-32.75,0.00605983
-28.25,-32.75,0.00678705
-27.75,-32.75,0.00751426
-27.25,-32.75,0.00824147
-26.75,-32.75,0.00896869
-26.25,-32.75,0.0096959
-25.75,-32.75,0.0106715
-25.25,-32.75,0.0116471
-24.75,-32.75,0.0126227
-24.25,-32.75,0.0135983
-23.75,-32.75,0.0145738
-23.25,-32.75,0.0157042
-22.75,-32.75,0.0168346
-22.25,-32.75,0.017965
-21.75,-32.75,0.0190954
-21.25,-32.75,0.0202258
-20.75,-32.75,0.0214507
-20.25,-32.75,0.0226755
-19.75,-32.75,0.0239004
-19.25,-32.75,0.0251253
-18.75,-32.75,0.0263502
-18.25,-32.75,0.0275592
-17.75,-32.75,0.0287682
-17.25,-32.75,0.0299773
-16.75,-32.75,0.0311863
-16.25,-32.75,0.0323953
-15.75,-32.75,0.0336803
-15.25,-32.75,0.0349653
-14.75,-32.75,0.0362503
-14.25,-32.75,0.0375353
-13.75,-32.75,0.0388203
-13.25,-32.75,0.0400888
-12.75,-32.75,0.0413573
-12.25,-32.75,0.0426257
-11.75,-32.75,0.0438942
-11.25,-32.75,0.0451627
-10.75,-32.75,0.0465082
-10.25,-32.75,0.0478536
-9.75,-32.75,0.0491991
-9.25,-32.75,0.0505446
-8.75,-32.75,0.05189
-8.25,-32.75,0.0533434
-7.75,-32.75,0.0547967
-7.25,-32.75,0.05625
-6.75,-32.75,0.0577033
-6.25,-32.75,0.0591567
-5.75,-32.75,0.0607933
-5.25,-32.75,0.0624299
-4.75,-32.75,0.0640665
-4.25,-32.75,0.0657031
-3.75,-32.75,0.0673397
-3.25,-32.75,0.0692113
-2.75,-32.75,0.0710828
-2.25,-32.75,0.0729544
-1.75,-32.75,0.0748259
-1.25,-32.75,0.0766975
-0.75,-32.75,0.0787484
-0.25,-32.75,0.0807993
0.25,-32.75,0.0828503
0.75,-32.75,0.0849012
1.25,-32.75,0.0869521
1.75,-32.75,0.0889964
2.25,-32.75,0.0910407
2.75,-32.75,0.093085
3.25,-32.75,0.0951293
3.75,-32.75,0.0971736
4.25,-32.75,0.0988844
4.75,-32.75,0.100595
5.25,-32.75,0.102306
5.75,-32.75,0.104017
6.25,-32.75,0.105728
6.75,-32.75,0.106582
7.25,-32.75,0.107437
7.75,-32.75,0.108291
8.25,-32.75,0.109146
8.75,-32.75,0.11
9.25,-32.75,0.109591
9.75,-32.75,0.109182
10.25,-32.75,0.108772
10.75,-32.75,0.108363
11.25,-32.75,0.107954
11.75,-32.75,0.106353
12.25,-32.75,0.104752
12.75,-32.75,0.103152
13.25,-32.75,0.101551
13.75,-32.75,0.0999499
14.25,-32.75,0.0972991
14.75,-32.75,0.0946483
15.25,-32.75,0.0919975
15.75,-32.75,0.0893467
16.25,-32.75,0.0866959
16.75,-32.75,0.083606
17.25,-32.75,0.080516
17.75,-32.75,0.077426
18.25,-32.75,0.074336
18.75,-32.75,0.071246
19.25,-32.75,0.0680784
19.75,-32.75,0.0649107
20.25,-32.75,0.061743
20.75,-32.75,0.0585754
21.25,-32.75,0.0554077
21.75,-32.75,0.052494
22.25,-32.75,0.0495803
22.75,-32.75,0.0466666
23.25,-32.75,0.0437529
23.75,-32.75,0.0408392
24.25,-32.75,0.0383706
24.75,-32.75,0.0359019
25.25,-32.75,0.0334333
25.75,-32.75,0.0309646
26.25,-32.75,0.028496
26.75,-32.75,0.0265567
27.25,-32.75,0.0246174
27.75,-32.75,0.022678
28.25,-32.75,0.0207387
28.75,-32.75,0.0187994
29.25,-32.75,0.0173742
29.75,-32.75,0.0159489
30.25,-32.75,0.0145237
30.75,-32.75,0.0130985
31.25,-32.75,0.0116732
31.75,-32.75,0.0107331
32.25,-32.75,0.00979304
32.75,-32.75,0.00885295
33.25,-32.75,0.00791286
33.75,-32.75,0.00697277
34.25,-32.75,0.00641569
34.75,-32.75,0.00585861
35.25,-32.75,0.00530153
35.75,-32.75,0.00474445
36.25,-32.75,0.00418737
36.75,-32.75,0.00385532
37.25,-32.75,0.00352326
37.75,-32.75,0.00319121
38.25,-32.75,0.00285915
38.75,-32.75,0.0025271
39.25,-32.75,0.00233951
39.75,-32.75,0.00215192
40.25,-32.75,0.00196433
40.75,-32.75,0.00177674
41.25,-32.75,0.00158915
41.75,-32.75,0.00147158
42.25,-32.75,0.00135402
42.75,-32.75,0.00123646
43.25,-32.75,0.00111889
43.75,-32.75,0.00100133
44.25,-32.75,0.00100133
44.75,-32.75,0.00100133
-44.75,-32.25,0.00104358
-44.25,-32.25,0.00104358
-43.75,-32.25,0.00104358
-43.25,-32.25,0.00106965
-42.75,-32.25,0.00109572
-42.25,-32.25,0.00112179
-41.75,-32.25,0.00114786
-41.25,-32.25,0.00117393
-40.75,-32.25,0.00122905
-40.25,-32.25,0.00128416
-39.75,-32.25,0.00133928
-39.25,-32.25,0.00139439
-38.75,-32.25,0.0014495
-38.25,-32.25,0.00153518
-37.75,-32.25,0.00162086
-37.25,-32.25,0.00170655
-36.75,-32.25,0.00179223
-36.25,-32.25,0.00187791
-35.75,-32.25,0.00202964
-35.25,-32.25,0.00218138
-34.75,-32.25,0.00233311
-34.25,-32.25,0.00248485
-33.75,-32.25,0.00263658
-33.25,-32.25,0.0029417
-32.75,-32.25,0.00324682
-32.25,-32.25,0.00355194
-31.75,-32.25,0.00385706
-31.25,-32.25,0.00416218
-30.75,-32.25,0.00472321
-30.25,-32.25,0.00528425
-29.75,-32.25,0.00584529
-29.25,-32.25,0.00640633
-28.75,-32.25,0.00696737
-28.25,-32.25,0.00781524
-27.75,-32.25,0.00866311
-27.25,-32.25,0.00951099
-26.75,-32.25,0.0103589
-26.25,-32.25,0.0112067
-25.75,-32.25,0.012318
-25.25,-32.25,0.0134293
-24.75,-32.25,0.0145405
-24.25,-32.25,0.0156518
-23.75,-32.25,0.0167631
-23.25,-32.25,0.0180098
-22.75,-32.25,0.0192565
-22.25,-32.25,0.0205032
-21.75,-32.25,0.02175
-21.25,-32.25,0.0229967
-20.75,-32.25,0.0243341
-20.25,-32.25,0.0256714
-19.75,-32.25,0.0270088
-19.25,-32.25,0.0283461
-18.75,-32.25,0.0296835
-18.25,-32.25,0.0309989
-17.75,-32.25,0.0323142
-17.25,-32.25,0.0336296
-16.75,-32.25,0.034945
-16.25,-32.25,0.0362603
-15.75,-32.25,0.0376411
-15.25,-32.25,0.0390219
-14.75,-32.25,0.0404026
-14.25,-32.25,0.0417834
-13.75,-32.25,0.0431642
-13.25,-32.25,0.0445367
-12.75,-32.25,0.0459091
-12.25,-32.25,0.0472816
-11.75,-32.25,0.0486541
-11.25,-32.25,0.0500266
-10.75,-32.25,0.0514747
-10.25,-32.25,0.0529228
-9.75,-32.25,0.0543709
-9.25,-32.25,0.0558189
-8.75,-32.25,0.057267
-8.25,-32.25,0.0588341
-7.75,-32.25,0.0604012
-7.25,-32.25,0.0619683
-6.75,-32.25,0.0635354
-6.25,-32.25,0.0651025
-5.75,-32.25,0.0668851
-5.25,-32.25,0.0686677
-4.75,-32.25,0.0704504
-4.25,-32.25,0.072233
-3.75,-32.25,0.0740156
-3.25,-32.25,0.0760562
-2.75,-32.25,0.0780968
-2.25,-32.25,0.0801374
-1.75,-32.25,0.0821779
-1.25,-32.25,0.0842185
-0.75,-32.25,0.0864437
-0.25,-32.25,0.0886689
0.25,-32.25,0.0908941
0.75,-32.25,0.0931193
1.25,-32.25,0.0953445
1.75,-32.25,0.0975401
2.25,-32.25,0.0997357
2.75,-32.25,0.101931
3.25,-32.25,0.104127
3.75,-32.25,0.106323
4.25,-32.25,0.108178
4.75,-32.25,0.110034
5.25,-32.25,0.11189
5.75,-32.25,0.113746
6.25,-32.25,0.115601
6.75,-32.25,0.116517
7.25,-32.25,0.117433
7.75,-32.25,0.118348
8.25,-32.25,0.119264
8.75,-32.25,0.120179
9.25,-32.25,0.119744
9.75,-32.25,0.119308
10.25,-32.25,0.118873
10.75,-32.25,0.118438
11.25,-32.25,0.118002
11.75,-32.25,0.116281
12.25,-32.25,0.11456
12.75,-32.25,0.112839
13.25,-32.25,0.111118
13.75,-32.25,0.109397
14.25,-32.25,0.106542
14.75,-32.25,0.103688
15.25,-32.25,0.100833
15.75,-32.25,0.097978
16.25,-32.25,0.0951232
16.75,-32.25,0.0917797
17.25,-32.25,0.0884361
17.75,-32.25,0.0850926
18.25,-32.25,0.081749
18.75,-32.25,0.0784055
19.25,-32.25,0.0749971
19.75,-32.25,0.0715888
20.25,-32.25,0.0681805
20.75,-32.25,0.0647721
21.25,-32.25,0.0613638
21.75,-32.25,0.0581912
22.25,-32.25,0.0550186
22.75,-32.25,0.0518461
23.25,-32.25,0.0486735
23.75,-32.25,0.045501
24.25,-32.25,0.0427914
24.75,-32.25,0.0400818
25.25,-32.25,0.0373722
25.75,-32.25,0.0346625
26.25,-32.25,0.0319529
26.75,-32.25,0.0297858
27.25,-32.25,0.0276187
27.75,-32.25,0.0254516
28.25,-32.25,0.0232845
28.75,-32.25,0.0211174
29.25,-32.25,0.0195184
29.75,-32.25,0.0179195
30.25,-32.25,0.0163205
30.75,-32.25,0.0147215
31.25,-32.25,0.0131226
31.75,-32.25,0.0120592
32.25,-32.25,0.0109959
32.75,-32.25,0.00993253
33.25,-32.25,0.00886918
33.75,-32.25,0.00780584
34.25,-32.25,0.00717008
34.75,-32.25,0.00653433
35.25,-32.25,0.00589858
35.75,-32.25,0.00526283
36.25,-32.25,0.00462708
36.75,-32.25,0.00425566
37.25,-32.25,0.00388424
37.75,-32.25,0.00351281
38.25,-32.25,0.00314139
38.75,-32.25,0.00276997
39.25,-32.25,0.00256042
39.75,-32.25,0.00235088
40.25,-32.25,0.00214134
40.75,-32.25,0.0019318
41.25,-32.25,0.00172225
41.75,-32.25,0.00159241
42.25,-32.25,0.00146256
42.75,-32.25,0.00133272
43.25,-32.25,0.00120287
43.75,-32.25,0.00107303
44.25,-32.25,0.00107303
44.75,-32.25,0.00107303
-44.75,-31.75,0.00109892
-44.25,-31.75,0.00109892
-43.75,-31.75,0.00109892
-43.25,-31.75,0.00112787
-42.75,-31.75,0.00115682
-42.25,-31.75,0.00118577
-41.75,-31.75,0.00121471
-41.25,-31.75,0.00124366
-40.75,-31.75,0.00130396
-40.25,-31.75,0.00136425
-39.75,-31.75,0.00142455
-39.25,-31.75,0.00148485
-38.75,-31.75,0.00154514
-38.25,-31.75,0.00163994
-37.75,-31.75,0.00173474
-37.25,-31.75,0.00182954
-36.75,-31.75,0.00192434
-36.25,-31.75,0.00201914
-35.75,-31.75,0.00219198
-35.25,-31.75,0.00236481
-34.75,-31.75,0.00253765
-34.25,-31.75,0.00271049
-33.75,-31.75,0.00288332
-33.25,-31.75,0.00323499
-32.75,-31.75,0.00358666
-32.25,-31.75,0.00393833
-31.75,-31.75,0.00429
-31.25,-31.75,0.00464167
-30.75,-31.75,0.00528832
-30.25,-31.75,0.00593497
-29.75,-31.75,0.00658161
-29.25,-31.75,0.00722826
-28.75,-31.75,0.0078749
-28.25,-31.75,0.00884343
-27.75,-31.75,0.00981197
-27.25,-31.75,0.0107805
-26.75,-31.75,0.011749
-26.25,-31.75,0.0127176
-25.75,-31.75,0.0139645
-25.25,-31.75,0.0152115
-24.75,-31.75,0.0164584
-24.25,-31.75,0.0177054
-23.75,-31.75,0.0189523
-23.25,-31.75,0.0203154
-22.75,-31.75,0.0216784
-22.25,-31.75,0.0230415
-21.75,-31.75,0.0244045
-21.25,-31.75,0.0257676
-20.75,-31.75,0.0272174
-20.25,-31.75,0.0286673
-19.75,-31.75,0.0301171
-19.25,-31.75,0.031567
-18.75,-31.75,0.0330168
-18.25,-31.75,0.0344385
-17.75,-31.75,0.0358602
-17.25,-31.75,0.0372819
-16.75,-31.75,0.0387036
-16.25,-31.75,0.0401253
-15.75,-31.75,0.0416019
-15.25,-31.75,0.0430784
-14.75,-31.75,0.044555
-14.25,-31.75,0.0460315
-13.75,-31.75,0.0475081
-13.25,-31.75,0.0489845
-12.75,-31.75,0.050461
-12.25,-31.75,0.0519375
-11.75,-31.75,0.053414
-11.25,-31.75,0.0548905
-10.75,-31.75,0.0564412
-10.25,-31.75,0.0579919
-9.75,-31.75,0.0595426
-9.25,-31.75,0.0610933
-8.75,-31.75,0.062644
-8.25,-31.75,0.0643249
-7.75,-31.75,0.0660057
-7.25,-31.75,0.0676866
-6.75,-31.75,0.0693674
-6.25,-31.75,0.0710482
-5.75,-31.75,0.0729769
-5.25,-31.75,0.0749056
-4.75,-31.75,0.0768342
-4.25,-31.75,0.0787629
-3.75,-31.75,0.0806915
-3.25,-31.75,0.0829011
-2.75,-31.75,0.0851107
-2.25,-31.75,0.0873203
-1.75,-31.75,0.0895299
-1.25,-31.75,0.0917395
-0.75,-31.75,0.094139
-0.25,-31.75,0.0965385
0.25,-31.75,0.0989379
0.75,-31.75,0.101337
1.25,-31.75,0.103737
1.75,-31.75,0.106084
2.25,-31.75,0.108431
2.75,-31.75,0.110778
3.25,-31.75,0.113125
3.75,-31.75,0.115471
4.25,-31.75,0.117472
4.75,-31.75,0.119473
5.25,-31.75,0.121474
5.75,-31.75,0.123474
6.25,-31.75,0.125475
6.75,-31.75,0.126452
7.25,-31.75,0.127428
7.75,-31.75,0.128405
8.25,-31.75,0.129382
8.75,-31.75,0.130358
9.25,-31.75,0.129897
9.75,-31.75,0.129435
10.25,-31.75,0.128974
10.75,-31.75,0.128512
11.25,-31.75,0.12805
11.75,-31.75,0.126209
12.25,-31.75,0.124368
12.75,-31.75,0.122527
13.25,-31.75,0.120685
13.75,-31.75,0.118844
14.25,-31.75,0.115785
14.75,-31.75,0.112727
15.25,-31.75,0.109668
15.75,-31.75,0.106609
16.25,-31.75,0.10355
16.75,-31.75,0.0999533
17.25,-31.75,0.0963563
17.75,-31.75,0.0927592
18.25,-31.75,0.0891621
18.75,-31.75,0.085565
19.25,-31.75,0.0819159
19.75,-31.75,0.0782669
20.25,-31.75,0.0746179
20.75,-31.75,0.0709688
21.25,-31.75,0.0673198
21.75,-31.75,0.0638884
22.25,-31.75,0.060457
22.75,-31.75,0.0570256
23.25,-31.75,0.0535942
23.75,-31.75,0.0501627
24.25,-31.75,0.0472122
24.75,-31.75,0.0442616
25.25,-31.75,0.041311
25.75,-31.75,0.0383605
26.25,-31.75,0.0354099
26.75,-31.75,0.033015
27.25,-31.75,0.0306201
27.75,-31.75,0.0282251
28.25,-31.75,0.0258302
28.75,-31.75,0.0234353
29.25,-31.75,0.0216626
29.75,-31.75,0.01989
30.25,-31.75,0.0181173
30.75,-31.75,0.0163446
31.25,-31.75,0.0145719
31.75,-31.75,0.0133853
32.25,-31.75,0.0121987
32.75,-31.75,0.0110121
33.25,-31.75,0.00982551
33.75,-31.75,0.0086389
34.25,-31.75,0.00792448
34.75,-31.75,0.00721006
35.25,-31.75,0.00649564
35.75,-31.75,0.00578121
36.25,-31.75,0.00506679
36.75,-31.75,0.004656
37.25,-31.75,0.00424521
37.75,-31.75,0.00383442
38.25,-31.75,0.00342362
38.75,-31.75,0.00301283
39.25,-31.75,0.00278134
39.75,-31.75,0.00254984
40.25,-31.75,0.00231835
40.75,-31.75,0.00208685
41.25,-31.75,0.00185536
41.75,-31.75,0.00171323
42.25,-31.75,0.00157111
42.75,-31.75,0.00142898
43.25,-31.75,0.00128685
43.75,-31.75,0.00114473
44.25,-31.75,0.00114473
44.75,-31.75,0.00114473
-44.75,-31.25,0.00115426
-44.25,-31.25,0.00115426
-43.75,-31.25,0.00115426
-43.25,-31.25,0.00118609
-42.75,-31.25,0.00121792
-42.25,-31.25,0.00124974
-41.75,-31.25,0.00128157
-41.25,-31.25,0.00131339
-40.75,-31.25,0.00137887
-40.25,-31.25,0.00144435
-39.75,-31.25,0.00150983
-39.25,-31.25,0.00157531
-38.75,-31.25,0.00164078
-38.25,-31.25,0.0017447
-37.75,-31.25,0.00184862
-37.25,-31.25,0.00195254
-36.75,-31.25,0.00205646
-36.25,-31.25,0.00216038
-35.75,-31.25,0.00235431
-35.25,-31.25,0.00254825
-34.75,-31.25,0.00274219
-34.25,-31.25,0.00293613
-33.75,-31.25,0.00313006
-33.25,-31.25,0.00352829
-32.75,-31.25,0.00392651
-32.25,-31.25,0.00432473
-31.75,-31.25,0.00472295
-31.25,-31.25,0.00512117
-30.75,-31.25,0.00585343
-30.25,-31.25,0.00658568
-29.75,-31.25,0.00731793
-29.25,-31.25,0.00805018
-28.75,-31.25,0.00878244
-28.25,-31.25,0.00987163
-27.75,-31.25,0.0109608
-27.25,-31.25,0.01205
-26.75,-31.25,0.0131392
-26.25,-31.25,0.0142284
-25.75,-31.25,0.015611
-25.25,-31.25,0.0169937
-24.75,-31.25,0.0183763
-24.25,-31.25,0.0197589
-23.75,-31.25,0.0211416
-23.25,-31.25,0.0226209
-22.75,-31.25,0.0241003
-22.25,-31.25,0.0255797
-21.75,-31.25,0.0270591
-21.25,-31.25,0.0285385
-20.75,-31.25,0.0301008
-20.25,-31.25,0.0316632
-19.75,-31.25,0.0332255
-19.25,-31.25,0.0347878
-18.75,-31.25,0.0363502
-18.25,-31.25,0.0378782
-17.75,-31.25,0.0394063
-17.25,-31.25,0.0409343
-16.75,-31.25,0.0424623
-16.25,-31.25,0.0439904
-15.75,-31.25,0.0455627
-15.25,-31.25,0.047135
-14.75,-31.25,0.0487073
-14.25,-31.25,0.0502796
-13.75,-31.25,0.051852
-13.25,-31.25,0.0534324
-12.75,-31.25,0.0550129
-12.25,-31.25,0.0565934
-11.75,-31.25,0.0581739
-11.25,-31.25,0.0597543
-10.75,-31.25,0.0614077
-10.25,-31.25,0.063061
-9.75,-31.25,0.0647144
-9.25,-31.25,0.0663677
-8.75,-31.25,0.068021
-8.25,-31.25,0.0698156
-7.75,-31.25,0.0716102
-7.25,-31.25,0.0734048
-6.75,-31.25,0.0751994
-6.25,-31.25,0.076994
-5.75,-31.25,0.0790687
-5.25,-31.25,0.0811434
-4.75,-31.25,0.0832181
-4.25,-31.25,0.0852927
-3.75,-31.25,0.0873674
-3.25,-31.25,0.089746
-2.75,-31.25,0.0921247
-2.25,-31.25,0.0945033
-1.75,-31.25,0.0968819
-1.25,-31.25,0.0992605
-0.75,-31.25,0.101834
-0.25,-31.25,0.104408
0.25,-31.25,0.106982
0.75,-31.25,0.109556
1.25,-31.25,0.112129
1.75,-31.25,0.114627
2.25,-31.25,0.117126
2.75,-31.25,0.119624
3.25,-31.25,0.122122
3.75,-31.25,0.12462
4.25,-31.25,0.126766
4.75,-31.25,0.128912
5.25,-31.25,0.131058
5.75,-31.25,0.133203
6.25,-31.25,0.135349
6.75,-31.25,0.136387
7.25,-31.25,0.137424
7.75,-31.25,0.138462
8.25,-31.25,0.1395
8.75,-31.25,0.140538
9.25,-31.25,0.14005
9.75,-31.25,0.139562
10.25,-31.25,0.139074
10.75,-31.25,0.138586
11.25,-31.25,0.138099
11.75,-31.25,0.136137
12.25,-31.25,0.134176
12.75,-31.25,0.132214
13.25,-31.25,0.130253
13.75,-31.25,0.128291
14.25,-31.25,0.125029
14.75,-31.25,0.121766
15.25,-31.25,0.118503
15.75,-31.25,0.11524
16.25,-31.25,0.111978
16.75,-31.25,0.108127
17.25,-31.25,0.104276
17.75,-31.25,0.100426
18.25,-31.25,0.0965751
18.75,-31.25,0.0927244
19.25,-31.25,0.0888347
19.75,-31.25,0.084945
20.25,-31.25,0.0810553
20.75,-31.25,0.0771656
21.25,-31.25,0.0732759
21.75,-31.25,0.0695856
22.25,-31.25,0.0658953
22.75,-31.25,0.062205
23.25,-31.25,0.0585148
23.75,-31.25,0.0548245
24.25,-31.25,0.051633
24.75,-31.25,0.0484414
25.25,-31.25,0.0452499
25.75,-31.25,0.0420584
26.25,-31.25,0.0388669
26.75,-31.25,0.0362441
27.25,-31.25,0.0336214
27.75,-31.25,0.0309987
28.25,-31.25,0.028376
28.75,-31.25,0.0257533
29.25,-31.25,0.0238069
29.75,-31.25,0.0218605
30.25,-31.25,0.0199141
30.75,-31.25,0.0179677
31.25,-31.25,0.0160213
31.75,-31.25,0.0147114
32.25,-31.25,0.0134016
32.75,-31.25,0.0120917
33.25,-31.25,0.0107818
33.75,-31.25,0.00947197
34.25,-31.25,0.00867888
34.75,-31.25,0.00788578
35.25,-31.25,0.00709269
35.75,-31.25,0.00629959
36.25,-31.25,0.0055065
36.75,-31.25,0.00505634
37.25,-31.25,0.00460618
37.75,-31.25,0.00415602
38.25,-31.25,0.00370586
38.75,-31.25,0.0032557
39.25,-31.25,0.00300225
39.75,-31.25,0.00274881
40.25,-31.25,0.00249536
40.75,-31.25,0.00224191
41.25,-31.25,0.00198847
41.75,-31.25,0.00183406
42.25,-31.25,0.00167965
42.75,-31.25,0.00152524
43.25,-31.25,0.00137083
43.75,-31.25,0.00121643
44.25,-31.25,0.00121643
44.75,-31.25,0.00121643
-44.75,-30.75,0.00124351
-44.25,-30.75,0.00124351
-43.75,-30.75,0.00124351
-43.25,-30.75,0.00127993
-42.75,-30.75,0.00131634
-42.25,-30.75,0.00135276
-41.75,-30.75,0.00138917
-41.25,-30.75,0.00142559
-40.75,-30.75,0.00149954
-40.25,-30.75,0.0015735
-39.75,-30.75,0.00164745
-39.25,-30.75,0.00172141
-38.75,-30.75,0.00179537
-38.25,-30.75,0.00192143
-37.75,-30.75,0.0020475
-37.25,-30.75,0.00217357
-36.75,-30.75,0.00229963
-36.25,-30.75,0.0024257
-35.75,-30.75,0.00267066
-35.25,-30.75,0.00291563
-34.75,-30.75,0.00316059
-34.25,-30.75,0.00340555
-33.75,-30.75,0.00365051
-33.25,-30.75,0.0041485
-32.75,-30.75,0.00464649
-32.25,-30.75,0.00514448
-31.75,-30.75,0.00564246
-31.25,-30.75,0.00614045
-30.75,-30.75,0.00702006
-30.25,-30.75,0.00789966
-29.75,-30.75,0.00877927
-29.25,-30.75,0.00965888
-28.75,-30.75,0.0105385
-28.25,-30.75,0.0117911
-27.75,-30.75,0.0130437
-27.25,-30.75,0.0142963
-26.75,-30.75,0.0155489
-26.25,-30.75,0.0168015
-25.75,-30.75,0.0183328
-25.25,-30.75,0.0198642
-24.75,-30.75,0.0213956
-24.25,-30.75,0.022927
-23.75,-30.75,0.0244583
-23.25,-30.75,0.0260802
-22.75,-30.75,0.0277021
-22.25,-30.75,0.029324
-21.75,-30.75,0.0309458
-21.25,-30.75,0.0325677
-20.75,-30.75,0.0342451
-20.25,-30.75,0.0359225
-19.75,-30.75,0.0375999
-19.25,-30.75,0.0392772
-18.75,-30.75,0.0409546
-18.25,-30.75,0.0426065
-17.75,-30.75,0.0442584
-17.25,-30.75,0.0459104
-16.75,-30.75,0.0475623
-16.25,-30.75,0.0492142
-15.75,-30.75,0.0508836
-15.25,-30.75,0.0525531
-14.75,-30.75,0.0542225
-14.25,-30.75,0.055892
-13.75,-30.75,0.0575615
-13.25,-30.75,0.0592545
-12.75,-30.75,0.0609476
-12.25,-30.75,0.0626406
-11.75,-30.75,0.0643337
-11.25,-30.75,0.0660267
-10.75,-30.75,0.0678251
-10.25,-30.75,0.0696235
-9.75,-30.75,0.0714219
-9.25,-30.75,0.0732203
-8.75,-30.75,0.0750187
-8.25,-30.75,0.0769762
-7.75,-30.75,0.0789336
-7.25,-30.75,0.0808911
-6.75,-30.75,0.0828486
-6.25,-30.75,0.084806
-5.75,-30.75,0.0870513
-5.25,-30.75,0.0892966
-4.75,-30.75,0.0915419
-4.25,-30.75,0.0937872
-3.75,-30.75,0.0960325
-3.25,-30.75,0.0986085
-2.75,-30.75,0.101185
-2.25,-30.75,0.103761
-1.75,-30.75,0.106337
-1.25,-30.75,0.108913
-0.75,-30.75,0.11169
-0.25,-30.75,0.114468
0.25,-30.75,0.117246
0.75,-30.75,0.120024
1.25,-30.75,0.122802
1.75,-30.75,0.125507
2.25,-30.75,0.128212
2.75,-30.75,0.130917
3.25,-30.75,0.133622
3.75,-30.75,0.136327
4.25,-30.75,0.138599
4.75,-30.75,0.140871
5.25,-30.75,0.143144
5.75,-30.75,0.145416
6.25,-30.75,0.147688
6.75,-30.75,0.148795
7.25,-30.75,0.149901
7.75,-30.75,0.151008
8.25,-30.75,0.152115
8.75,-30.75,0.153222
9.25,-30.75,0.152693
9.75,-30.75,0.152163
10.25,-30.75,0.151634
10.75,-30.75,0.151104
11.25,-30.75,0.150575
11.75,-30.75,0.14845
12.25,-30.75,0.146326
12.75,-30.75,0.144202
13.25,-30.75,0.142078
13.75,-30.75,0.139953
14.25,-30.75,0.13646
14.75,-30.75,0.132966
15.25,-30.75,0.129472
15.75,-30.75,0.125978
16.25,-30.75,0.122484
16.75,-30.75,0.11835
17.25,-30.75,0.114217
17.75,-30.75,0.110083
18.25,-30.75,0.105949
18.75,-30.75,0.101816
19.25,-30.75,0.0976294
19.75,-30.75,0.0934431
20.25,-30.75,0.0892568
20.75,-30.75,0.0850705
21.25,-30.75,0.0808842
21.75,-30.75,0.0769188
22.25,-30.75,0.0729533
22.75,-30.75,0.0689879
23.25,-30.75,0.0650224
23.75,-30.75,0.061057
24.25,-30.75,0.0575928
24.75,-30.75,0.0541287
25.25,-30.75,0.0506646
25.75,-30.75,0.0472004
26.25,-30.75,0.0437363
26.75,-30.75,0.0408593
27.25,-30.75,0.0379822
27.75,-30.75,0.0351052
28.25,-30.75,0.0322282
28.75,-30.75,0.0293511
29.25,-30.75,0.0271646
29.75,-30.75,0.0249781
30.25,-30.75,0.0227915
30.75,-30.75,0.020605
31.25,-30.75,0.0184185
31.75,-30.75,0.0169142
32.25,-30.75,0.0154099
32.75,-30.75,0.0139056
33.25,-30.75,0.0124013
33.75,-30.75,0.010897
34.25,-30.75,0.00997377
34.75,-30.75,0.00905058
35.25,-30.75,0.0081274
35.75,-30.75,0.00720422
36.25,-30.75,0.00628103
36.75,-30.75,0.00575658
37.25,-30.75,0.00523213
37.75,-30.75,0.00470768
38.25,-30.75,0.00418323
38.75,-30.75,0.00365878
39.25,-30.75,0.00336533
39.75,-30.75,0.00307187
40.25,-30.75,0.00277841
40.75,-30.75,0.00248496
41.25,-30.75,0.0021915
41.75,-30.75,0.00201736
42.25,-30.75,0.00184321
42.75,-30.75,0.00166906
43.25,-30.75,0.00149492
43.75,-30.75,0.00132077
44.25,-30.75,0.00132077
44.75,-30.75,0.00132077
-44.75,-30.25,0.00133277
-44.25,-30.25,0.00133277
-43.75,-30.25,0.00133277
-43.25,-30.25,0.00137377
-42.75,-30.25,0.00141477
-42.25,-30.25,0.00145577
-41.75,-30.25,0.00149678
-41.25,-30.25,0.00153778
-40.75,-30.25,0.00162021
-40.25,-30.25,0.00170265
-39.75,-30.25,0.00178508
-39.25,-30.25,0.00186751
-38.75,-30.25,0.00194995
-38.25,-30.25,0.00209816
-37.75,-30.25,0.00224638
-37.25,-30.25,0.0023946
-36.75,-30.25,0.00254281
-36.25,-30.25,0.00269103
-35.75,-30.25,0.00298702
-35.25,-30.25,0.003283
-34.75,-30.25,0.00357899
-34.25,-30.25,0.00387498
-33.75,-30.25,0.00417096
-33.25,-30.25,0.00476872
-32.75,-30.25,0.00536647
-32.25,-30.25,0.00596422
-31.75,-30.25,0.00656197
-31.25,-30.25,0.00715973
-30.75,-30.25,0.00818669
-30.25,-30.25,0.00921365
-29.75,-30.25,0.0102406
-29.25,-30.25,0.0112676
-28.75,-30.25,0.0122945
-28.25,-30.25,0.0137105
-27.75,-30.25,0.0151265
-27.25,-30.25,0.0165425
-26.75,-30.25,0.0179585
-26.25,-30.25,0.0193745
-25.75,-30.25,0.0210547
-25.25,-30.25,0.0227348
-24.75,-30.25,0.0244149
-24.25,-30.25,0.026095
-23.75,-30.25,0.0277751
-23.25,-30.25,0.0295395
-22.75,-30.25,0.0313039
-22.25,-30.25,0.0330682
-21.75,-30.25,0.0348326
-21.25,-30.25,0.036597
-20.75,-30.25,0.0383894
-20.25,-30.25,0.0401818
-19.75,-30.25,0.0419742
-19.25,-30.25,0.0437666
-18.75,-30.25,0.0455591
-18.25,-30.25,0.0473348
-17.75,-30.25,0.0491106
-17.25,-30.25,0.0508864
-16.75,-30.25,0.0526622
-16.25,-30.25,0.054438
-15.75,-30.25,0.0562046
-15.25,-30.25,0.0579712
-14.75,-30.25,0.0597378
-14.25,-30.25,0.0615044
-13.75,-30.25,0.063271
-13.25,-30.25,0.0650766
-12.75,-30.25,0.0668822
-12.25,-30.25,0.0686878
-11.75,-30.25,0.0704935
-11.25,-30.25,0.0722991
-10.75,-30.25,0.0742425
-10.25,-30.25,0.076186
-9.75,-30.25,0.0781295
-9.25,-30.25,0.0800729
-8.75,-30.25,0.0820164
-8.25,-30.25,0.0841367
-7.75,-30.25,0.086257
-7.25,-30.25,0.0883774
-6.75,-30.25,0.0904977
-6.25,-30.25,0.092618
-5.75,-30.25,0.095034
-5.25,-30.25,0.0974499
-4.75,-30.25,0.0998658
-4.25,-30.25,0.102282
-3.75,-30.25,0.104698
-3.25,-30.25,0.107471
-2.75,-30.25,0.110244
-2.25,-30.25,0.113018
-1.75,-30.25,0.115791
-1.25,-30.25,0.118564
-0.75,-30.25,0.121546
-0.25,-30.25,0.124528
0.25,-30.25,0.12751
0.75,-30.25,0.130492
1.25,-30.25,0.133474
1.75,-30.25,0.136386
2.25,-30.25,0.139298
2.75,-30.25,0.14221
3.25,-30.25,0.145122
3.75,-30.25,0.148034
4.25,-30.25,0.150433
4.75,-30.25,0.152831
5.25,-30.25,0.155229
5.75,-30.25,0.157628
6.25,-30.25,0.160026
6.75,-30.25,0.161202
7.25,-30.25,0.162379
7.75,-30.25,0.163555
8.25,-30.25,0.164731
8.75,-30.25,0.165907
9.25,-30.25,0.165336
9.75,-30.25,0.164764
10.25,-30.25,0.164193
10.75,-30.25,0.163622
11.25,-30.25,0.163051
11.75,-30.25,0.160764
12.25,-30.25,0.158477
12.75,-30.25,0.15619
13.25,-30.25,0.153902
13.75,-30.25,0.151615
14.25,-30.25,0.14789
14.75,-30.25,0.144165
15.25,-30.25,0.14044
15.75,-30.25,0.136715
16.25,-30.25,0.13299
16.75,-30.25,0.128573
17.25,-30.25,0.124157
17.75,-30.25,0.11974
18.25,-30.25,0.115324
18.75,-30.25,0.110907
19.25,-30.25,0.106424
19.75,-30.25,0.101941
20.25,-30.25,0.0974583
20.75,-30.25,0.0929755
21.25,-30.25,0.0884926
21.75,-30.25,0.084252
22.25,-30.25,0.0800113
22.75,-30.25,0.0757707
23.25,-30.25,0.0715301
23.75,-30.25,0.0672894
24.25,-30.25,0.0635527
24.75,-30.25,0.059816
25.25,-30.25,0.0560792
25.75,-30.25,0.0523425
26.25,-30.25,0.0486057
26.75,-30.25,0.0454744
27.25,-30.25,0.042343
27.75,-30.25,0.0392117
28.25,-30.25,0.0360804
28.75,-30.25,0.032949
29.25,-30.25,0.0305223
29.75,-30.25,0.0280957
30.25,-30.25,0.025669
30.75,-30.25,0.0232423
31.25,-30.25,0.0208156
31.75,-30.25,0.0191169
32.25,-30.25,0.0174181
32.75,-30.25,0.0157194
33.25,-30.25,0.0140207
33.75,-30.25,0.0123219
34.25,-30.25,0.0112687
34.75,-30.25,0.0102154
35.25,-30.25,0.00916211
35.75,-30.25,0.00810884
36.25,-30.25,0.00705557
36.75,-30.25,0.00645683
37.25,-30.25,0.00585809
37.75,-30.25,0.00525935
38.25,-30.25,0.00466061
38.75,-30.25,0.00406187
39.25,-30.25,0.0037284
39.75,-30.25,0.00339493
40.25,-30.25,0.00306147
40.75,-30.25,0.002728
41.25,-30.25,0.00239453
41.75,-30.25,0.00220065
42.25,-30.25,0.00200677
42.75,-30.25,0.00181289
43.25,-30.25,0.00161901
43.75,-30.25,0.00142512
44.25,-30.25,0.00142512
44.75,-30.25,0.00142512
-44.75,-29.75,0.00142202
-44.25,-29.75,0.00142202
-43.75,-29.75,0.00142202
-43.25,-29.75,0.00146761
-42.75,-29.75,0.0015132
-42.25,-29.75,0.00155879
-41.75,-29.75,0.00160438
-41.25,-29.75,0.00164997
-40.75,-29.75,0.00174088
-40.25,-29.75,0.00183179
-39.75,-29.75,0.00192271
-39.25,-29.75,0.00201362
-38.75,-29.75,0.00210453
-38.25,-29.75,0.00227489
-37.75,-29.75,0.00244526
-37.25,-29.75,0.00261562
-36.75,-29.75,0.00278599
-36.25,-29.75,0.00295635
-35.75,-29.75,0.00330337
-35.25,-29.75,0.00365038
-34.75,-29.75,0.00399739
-34.25,-29.75,0.0043444
-33.75,-29.75,0.00469142
-33.25,-29.75,0.00538893
-32.75,-29.75,0.00608645
-32.25,-29.75,0.00678397
-31.75,-29.75,0.00748148
-31.25,-29.75,0.008179
-30.75,-29.75,0.00935332
-30.25,-29.75,0.0105276
-29.75,-29.75,0.011702
-29.25,-29.75,0.0128763
-28.75,-29.75,0.0140506
-28.25,-29.75,0.01563
-27.75,-29.75,0.0172094
-27.25,-29.75,0.0187888
-26.75,-29.75,0.0203682
-26.25,-29.75,0.0219476
-25.75,-29.75,0.0237765
-25.25,-29.75,0.0256053
-24.75,-29.75,0.0274342
-24.25,-29.75,0.029263
-23.75,-29.75,0.0310919
-23.25,-29.75,0.0329988
-22.75,-29.75,0.0349056
-22.25,-29.75,0.0368125
-21.75,-29.75,0.0387194
-21.25,-29.75,0.0406262
-20.75,-29.75,0.0425337
-20.25,-29.75,0.0444411
-19.75,-29.75,0.0463486
-19.25,-29.75,0.048256
-18.75,-29.75,0.0501635
-18.25,-29.75,0.0520632
-17.75,-29.75,0.0539628
-17.25,-29.75,0.0558625
-16.75,-29.75,0.0577622
-16.25,-29.75,0.0596618
-15.75,-29.75,0.0615255
-15.25,-29.75,0.0633893
-14.75,-29.75,0.065253
-14.25,-29.75,0.0671167
-13.75,-29.75,0.0689805
-13.25,-29.75,0.0708987
-12.75,-29.75,0.0728169
-12.25,-29.75,0.0747351
-11.75,-29.75,0.0766533
-11.25,-29.75,0.0785715
-10.75,-29.75,0.08066
-10.25,-29.75,0.0827485
-9.75,-29.75,0.084837
-9.25,-29.75,0.0869255
-8.75,-29.75,0.089014
-8.25,-29.75,0.0912972
-7.75,-29.75,0.0935804
-7.25,-29.75,0.0958636
-6.75,-29.75,0.0981468
-6.25,-29.75,0.10043
-5.75,-29.75,0.103017
-5.25,-29.75,0.105603
-4.75,-29.75,0.10819
-4.25,-29.75,0.110776
-3.75,-29.75,0.113363
-3.25,-29.75,0.116333
-2.75,-29.75,0.119304
-2.25,-29.75,0.122275
-1.75,-29.75,0.125246
-1.25,-29.75,0.128216
-0.75,-29.75,0.131402
-0.25,-29.75,0.134588
0.25,-29.75,0.137775
0.75,-29.75,0.140961
1.25,-29.75,0.144147
1.75,-29.75,0.147265
2.25,-29.75,0.150384
2.75,-29.75,0.153503
3.25,-29.75,0.156622
3.75,-29.75,0.159741
4.25,-29.75,0.162266
4.75,-29.75,0.164791
5.25,-29.75,0.167315
5.75,-29.75,0.16984
6.25,-29.75,0.172365
6.75,-29.75,0.17361
7.25,-29.75,0.174856
7.75,-29.75,0.176101
8.25,-29.75,0.177346
8.75,-29.75,0.178592
9.25,-29.75,0.177979
9.75,-29.75,0.177366
10.25,-29.75,0.176753
10.75,-29.75,0.17614
11.25,-29.75,0.175526
11.75,-29.75,0.173077
12.25,-29.75,0.170627
12.75,-29.75,0.168177
13.25,-29.75,0.165727
13.75,-29.75,0.163278
14.25,-29.75,0.159321
14.75,-29.75,0.155365
15.25,-29.75,0.151409
15.75,-29.75,0.147452
16.25,-29.75,0.143496
16.75,-29.75,0.138797
17.25,-29.75,0.134097
17.75,-29.75,0.129397
18.25,-29.75,0.124698
18.75,-29.75,0.119998
19.25,-29.75,0.115219
19.75,-29.75,0.110439
20.25,-29.75,0.10566
20.75,-29.75,0.10088
21.25,-29.75,0.096101
21.75,-29.75,0.0915852
22.25,-29.75,0.0870694
22.75,-29.75,0.0825535
23.25,-29.75,0.0780377
23.75,-29.75,0.0735219
24.25,-29.75,0.0695126
24.75,-29.75,0.0655032
25.25,-29.75,0.0614939
25.75,-29.75,0.0574845
26.25,-29.75,0.0534752
26.75,-29.75,0.0500895
27.25,-29.75,0.0467039
27.75,-29.75,0.0433182
28.25,-29.75,0.0399325
28.75,-29.75,0.0365469
29.25,-29.75,0.0338801
29.75,-29.75,0.0312133
30.25,-29.75,0.0285464
30.75,-29.75,0.0258796
31.25,-29.75,0.0232128
31.75,-29.75,0.0213196
32.25,-29.75,0.0194264
32.75,-29.75,0.0175333
33.25,-29.75,0.0156401
33.75,-29.75,0.0137469
34.25,-29.75,0.0125635
34.75,-29.75,0.0113802
35.25,-29.75,0.0101968
35.75,-29.75,0.00901346
36.25,-29.75,0.0078301
36.75,-29.75,0.00715707
37.25,-29.75,0.00648404
37.75,-29.75,0.00581101
38.25,-29.75,0.00513798
38.75,-29.75,0.00446495
39.25,-29.75,0.00409147
39.75,-29.75,0.003718
40.25,-29.75,0.00334452
40.75,-29.75,0.00297104
41.25,-29.75,0.00259757
41.75,-29.75,0.00238395
42.25,-29.75,0.00217033
42.75,-29.75,0.00195671
43.25,-29.75,0.00174309
43.75,-29.75,0.00152947
44.25,-29.75,0.00152947
44.75,-29.75,0.00152947
-44.75,-29.25,0.00151127
-44.25,-29.25,0.00151127
-43.75,-29.25,0.00151127
-43.25,-29.25,0.00156145
-42.75,-29.25,0.00161163
-42.25,-29.25,0.00166181
-41.75,-29.25,0.00171198
-41.25,-29.25,0.00176216
-40.75,-29.25,0.00186155
-40.25,-29.25,0.00196094
-39.75,-29.25,0.00206033
-39.25,-29.25,0.00215972
-38.75,-29.25,0.00225911
-38.25,-29.25,0.00245163
-37.75,-29.25,0.00264414
-37.25,-29.25,0.00283665
-36.75,-29.25,0.00302917
-36.25,-29.25,0.00322168
-35.75,-29.25,0.00361972
-35.25,-29.25,0.00401775
-34.75,-29.25,0.00441579
-34.25,-29.25,0.00481383
-33.75,-29.25,0.00521187
-33.25,-29.25,0.00600915
-32.75,-29.25,0.00680643
-32.25,-29.25,0.00760371
-31.75,-29.25,0.008401
-31.25,-29.25,0.00919828
-30.75,-29.25,0.0105199
-30.25,-29.25,0.0118416
-29.75,-29.25,0.0131633
-29.25,-29.25,0.014485
-28.75,-29.25,0.0158066
-28.25,-29.25,0.0175494
-27.75,-29.25,0.0192923
-27.25,-29.25,0.0210351
-26.75,-29.25,0.0227779
-26.25,-29.25,0.0245207
-25.75,-29.25,0.0264983
-25.25,-29.25,0.0284759
-24.75,-29.25,0.0304535
-24.25,-29.25,0.0324311
-23.75,-29.25,0.0344087
-23.25,-29.25,0.036458
-22.75,-29.25,0.0385074
-22.25,-29.25,0.0405568
-21.75,-29.25,0.0426061
-21.25,-29.25,0.0446555
-20.75,-29.25,0.046678
-20.25,-29.25,0.0487005
-19.75,-29.25,0.0507229
-19.25,-29.25,0.0527454
-18.75,-29.25,0.0547679
-18.25,-29.25,0.0567915
-17.75,-29.25,0.058815
-17.25,-29.25,0.0608386
-16.75,-29.25,0.0628621
-16.25,-29.25,0.0648856
-15.75,-29.25,0.0668465
-15.25,-29.25,0.0688074
-14.75,-29.25,0.0707682
-14.25,-29.25,0.0727291
-13.75,-29.25,0.0746899
-13.25,-29.25,0.0767207
-12.75,-29.25,0.0787515
-12.25,-29.25,0.0807823
-11.75,-29.25,0.082813
-11.25,-29.25,0.0848438
-10.75,-29.25,0.0870774
-10.25,-29.25,0.089311
-9.75,-29.25,0.0915445
-9.25,-29.25,0.0937781
-8.75,-29.25,0.0960117
-8.25,-29.25,0.0984578
-7.75,-29.25,0.100904
-7.25,-29.25,0.10335
-6.75,-29.25,0.105796
-6.25,-29.25,0.108242
-5.75,-29.25,0.110999
-5.25,-29.25,0.113756
-4.75,-29.25,0.116513
-4.25,-29.25,0.119271
-3.75,-29.25,0.122028
-3.25,-29.25,0.125196
-2.75,-29.25,0.128364
-2.25,-29.25,0.131532
-1.75,-29.25,0.1347
-1.25,-29.25,0.137868
-0.75,-29.25,0.141259
-0.25,-29.25,0.144649
0.25,-29.25,0.148039
0.75,-29.25,0.151429
1.25,-29.25,0.154819
1.75,-29.25,0.158145
2.25,-29.25,0.161471
2.75,-29.25,0.164796
3.25,-29.25,0.168122
3.75,-29.25,0.171448
4.25,-29.25,0.174099
4.75,-29.25,0.17675
5.25,-29.25,0.179401
5.75,-29.25,0.182053
6.25,-29.25,0.184704
6.75,-29.25,0.186018
7.25,-29.25,0.187333
7.75,-29.25,0.188647
8.25,-29.25,0.189962
8.75,-29.25,0.191276
9.25,-29.25,0.190622
9.75,-29.25,0.189967
10.25,-29.25,0.189312
10.75,-29.25,0.188657
11.25,-29.25,0.188002
11.75,-29.25,0.18539
12.25,-29.25,0.182777
12.75,-29.25,0.180165
13.25,-29.25,0.177552
13.75,-29.25,0.17494
14.25,-29.25,0.170752
14.75,-29.25,0.166565
15.25,-29.25,0.162377
15.75,-29.25,0.15819
16.25,-29.25,0.154002
16.75,-29.25,0.14902
17.25,-29.25,0.144037
17.75,-29.25,0.139055
18.25,-29.25,0.134072
18.75,-29.25,0.129089
19.25,-29.25,0.124013
19.75,-29.25,0.118937
20.25,-29.25,0.113861
20.75,-29.25,0.108785
21.25,-29.25,0.103709
21.75,-29.25,0.0989184
22.25,-29.25,0.0941274
22.75,-29.25,0.0893364
23.25,-29.25,0.0845454
23.75,-29.25,0.0797544
24.25,-29.25,0.0754724
24.75,-29.25,0.0711905
25.25,-29.25,0.0669085
25.75,-29.25,0.0626266
26.25,-29.25,0.0583446
26.75,-29.25,0.0547046
27.25,-29.25,0.0510647
27.75,-29.25,0.0474247
28.25,-29.25,0.0437847
28.75,-29.25,0.0401448
29.25,-29.25,0.0372378
29.75,-29.25,0.0343308
30.25,-29.25,0.0314239
30.75,-29.25,0.0285169
31.25,-29.25,0.02561
31.75,-29.25,0.0235223
32.25,-29.25,0.0214347
32.75,-29.25,0.0193471
33.25,-29.25,0.0172595
33.75,-29.25,0.0151719
34.25,-29.25,0.0138584
34.75,-29.25,0.012545
35.25,-29.25,0.0112315
35.75,-29.25,0.00991808
36.25,-29.25,0.00860463
36.75,-29.25,0.00785731
37.25,-29.25,0.00710999
37.75,-29.25,0.00636267
38.25,-29.25,0.00561535
38.75,-29.25,0.00486804
39.25,-29.25,0.00445455
39.75,-29.25,0.00404106
40.25,-29.25,0.00362757
40.75,-29.25,0.00321409
41.25,-29.25,0.0028006
41.75,-29.25,0.00256724
42.25,-29.25,0.00233389
42.75,-29.25,0.00210053
43.25,-29.25,0.00186718
43.75,-29.25,0.00163382
44.25,-29.25,0.00163382
44.75,-29.25,0.00163382
-44.75,-28.75,0.00160052
-44.25,-28.75,0.00160052
-43.75,-28.75,0.00160052
-43.25,-28.75,0.00165529
-42.75,-28.75,0.00171006
-42.25,-28.75,0.00176482
-41.75,-28.75,0.00181959
-41.25,-28.75,0.00187436
-40.75,-28.75,0.00198222
-40.25,-28.75,0.00209009
-39.75,-28.75,0.00219796
-39.25,-28.75,0.00230583
-38.75,-28.75,0.00241369
-38.25,-28.75,0.00262836
-37.75,-28.75,0.00284302
-37.25,-28.75,0.00305768
-36.75,-28.75,0.00327234
-36.25,-28.75,0.00348701
-35.75,-28.75,0.00393607
-35.25,-28.75,0.00438513
-34.75,-28.75,0.00483419
-34.25,-28.75,0.00528325
-33.75,-28.75,0.00573232
-33.25,-28.75,0.00662936
-32.75,-28.75,0.00752641
-32.25,-28.75,0.00842346
-31.75,-28.75,0.00932051
-31.25,-28.75,0.0102176
-30.75,-28.75,0.0116866
-30.25,-28.75,0.0131556
-29.75,-28.75,0.0146246
-29.25,-28.75,0.0160937
-28.75,-28.75,0.0175627
-28.25,-28.75,0.0194689
-27.75,-28.75,0.0213751
-27.25,-28.75,0.0232813
-26.75,-28.75,0.0251875
-26.25,-28.75,0.0270938
-25.75,-28.75,0.0292201
-25.25,-28.75,0.0313464
-24.75,-28.75,0.0334728
-24.25,-28.75,0.0355991
-23.75,-28.75,0.0377255
-23.25,-28.75,0.0399173
-22.75,-28.75,0.0421092
-22.25,-28.75,0.044301
-21.75,-28.75,0.0464929
-21.25,-28.75,0.0486847
-20.75,-28.75,0.0508222
-20.25,-28.75,0.0529598
-19.75,-28.75,0.0550973
-19.25,-28.75,0.0572348
-18.75,-28.75,0.0593724
-18.25,-28.75,0.0615198
-17.75,-28.75,0.0636672
-17.25,-28.75,0.0658146
-16.75,-28.75,0.067962
-16.25,-28.75,0.0701095
-15.75,-28.75,0.0721675
-15.25,-28.75,0.0742255
-14.75,-28.75,0.0762835
-14.25,-28.75,0.0783415
-13.75,-28.75,0.0803994
-13.25,-28.75,0.0825428
-12.75,-28.75,0.0846861
-12.25,-28.75,0.0868295
-11.75,-28.75,0.0889728
-11.25,-28.75,0.0911162
-10.75,-28.75,0.0934948
-10.25,-28.75,0.0958735
-9.75,-28.75,0.0982521
-9.25,-28.75,0.100631
-8.75,-28.75,0.103009
-8.25,-28.75,0.105618
-7.75,-28.75,0.108227
-7.25,-28.75,0.110836
-6.75,-28.75,0.113445
-6.25,-28.75,0.116054
-5.75,-28.75,0.118982
-5.25,-28.75,0.12191
-4.75,-28.75,0.124837
-4.25,-28.75,0.127765
-3.75,-28.75,0.130693
-3.25,-28.75,0.134058
-2.75,-28.75,0.137424
-2.25,-28.75,0.140789
-1.75,-28.75,0.144155
-1.25,-28.75,0.14752
-0.75,-28.75,0.151115
-0.25,-28.75,0.154709
0.25,-28.75,0.158303
0.75,-28.75,0.161897
1.25,-28.75,0.165491
1.75,-28.75,0.169024
2.25,-28.75,0.172557
2.75,-28.75,0.17609
3.25,-28.75,0.179622
3.75,-28.75,0.183155
4.25,-28.75,0.185932
4.75,-28.75,0.18871
5.25,-28.75,0.191487
5.75,-28.75,0.194265
6.25,-28.75,0.197042
6.75,-28.75,0.198426
7.25,-28.75,0.19981
7.75,-28.75,0.201194
8.25,-28.75,0.202577
8.75,-28.75,0.203961
9.25,-28.75,0.203264
9.75,-28.75,0.202568
10.25,-28.75,0.201871
10.75,-28.75,0.201175
11.25,-28.75,0.200478
11.75,-28.75,0.197703
12.25,-28.75,0.194928
12.75,-28.75,0.192152
13.25,-28.75,0.189377
13.75,-28.75,0.186602
14.25,-28.75,0.182183
14.75,-28.75,0.177764
15.25,-28.75,0.173346
15.75,-28.75,0.168927
16.25,-28.75,0.164509
16.75,-28.75,0.159243
17.25,-28.75,0.153977
17.75,-28.75,0.148712
18.25,-28.75,0.143446
18.75,-28.75,0.138181
19.25,-28.75,0.132808
19.75,-28.75,0.127436
20.25,-28.75,0.122063
20.75,-28.75,0.11669
21.25,-28.75,0.111318
21.75,-28.75,0.106252
22.25,-28.75,0.101185
22.75,-28.75,0.0961192
23.25,-28.75,0.091053
23.75,-28.75,0.0859868
24.25,-28.75,0.0814323
24.75,-28.75,0.0768777
25.25,-28.75,0.0723232
25.75,-28.75,0.0677686
26.25,-28.75,0.063214
26.75,-28.75,0.0593198
27.25,-28.75,0.0554255
27.75,-28.75,0.0515312
28.25,-28.75,0.0476369
28.75,-28.75,0.0437427
29.25,-28.75,0.0405955
29.75,-28.75,0.0374484
30.25,-28.75,0.0343013
30.75,-28.75,0.0311542
31.25,-28.75,0.0280071
31.75,-28.75,0.0257251
32.25,-28.75,0.023443
32.75,-28.75,0.021161
33.25,-28.75,0.0188789
33.75,-28.75,0.0165969
34.25,-28.75,0.0151533
34.75,-28.75,0.0137098
35.25,-28.75,0.0122662
35.75,-28.75,0.0108227
36.25,-28.75,0.00937916
36.75,-28.75,0.00855756
37.25,-28.75,0.00773595
37.75,-28.75,0.00691434
38.25,-28.75,0.00609273
38.75,-28.75,0.00527112
39.25,-28.75,0.00481762
39.75,-28.75,0.00436412
40.25,-28.75,0.00391063
40.75,-28.75,0.00345713
41.25,-28.75,0.00300363
41.75,-28.75,0.00275054
42.25,-28.75,0.00249745
42.75,-28.75,0.00224436
43.25,-28.75,0.00199127
43.75,-28.75,0.00173817
44.25,-28.75,0.00173817
44.75,-28.75,0.00173817
-44.75,-28.25,0.00173806
-44.25,-28.25,0.00173806
-43.75,-28.25,0.00173806
-43.25,-28.25,0.00179799
-42.75,-28.25,0.00185792
-42.25,-28.25,0.00191785
-41.75,-28.25,0.00197778
-41.25,-28.25,0.00203771
-40.75,-28.25,0.00216379
-40.25,-28.25,0.00228987
-39.75,-28.25,0.00241596
-39.25,-28.25,0.00254204
-38.75,-28.25,0.00266812
-38.25,-28.25,0.0029246
-37.75,-28.25,0.00318109
-37.25,-28.25,0.00343757
-36.75,-28.25,0.00369406
-36.25,-28.25,0.00395054
-35.75,-28.25,0.00450269
-35.25,-28.25,0.00505484
-34.75,-28.25,0.00560699
-34.25,-28.25,0.00615914
-33.75,-28.25,0.00671129
-33.25,-28.25,0.00778076
-32.75,-28.25,0.00885023
-32.25,-28.25,0.00991971
-31.75,-28.25,0.0109892
-31.25,-28.25,0.0120587
-30.75,-28.25,0.0137242
-30.25,-28.25,0.0153898
-29.75,-28.25,0.0170553
-29.25,-28.25,0.0187209
-28.75,-28.25,0.0203865
-28.25,-28.25,0.0224723
-27.75,-28.25,0.0245582
-27.25,-28.25,0.026644
-26.75,-28.25,0.0287299
-26.25,-28.25,0.0308157
-25.75,-28.25,0.0331042
-25.25,-28.25,0.0353927
-24.75,-28.25,0.0376812
-24.25,-28.25,0.0399697
-23.75,-28.25,0.0422583
-23.25,-28.25,0.0445877
-22.75,-28.25,0.0469171
-22.25,-28.25,0.0492466
-21.75,-28.25,0.051576
-21.25,-28.25,0.0539055
-20.75,-28.25,0.0561803
-20.25,-28.25,0.0584552
-19.75,-28.25,0.06073
-19.25,-28.25,0.0630049
-18.75,-28.25,0.0652797
-18.25,-28.25,0.0675561
-17.75,-28.25,0.0698325
-17.25,-28.25,0.0721089
-16.75,-28.25,0.0743853
-16.25,-28.25,0.0766617
-15.75,-28.25,0.0788681
-15.25,-28.25,0.0810745
-14.75,-28.25,0.0832808
-14.25,-28.25,0.0854872
-13.75,-28.25,0.0876936
-13.25,-28.25,0.0899915
-12.75,-28.25,0.0922893
-12.25,-28.25,0.0945872
-11.75,-28.25,0.0968851
-11.25,-28.25,0.099183
-10.75,-28.25,0.1017
-10.25,-28.25,0.104218
-9.75,-28.25,0.106735
-9.25,-28.25,0.109253
-8.75,-28.25,0.11177
-8.25,-28.25,0.114574
-7.75,-28.25,0.117378
-7.25,-28.25,0.120182
-6.75,-28.25,0.122986
-6.25,-28.25,0.12579
-5.75,-28.25,0.128925
-5.25,-28.25,0.132059
-4.75,-28.25,0.135193
-4.25,-28.25,0.138328
-3.75,-28.25,0.141462
-3.25,-28.25,0.145059
-2.75,-28.25,0.148657
-2.25,-28.25,0.152254
-1.75,-28.25,0.155852
-1.25,-28.25,0.159449
-0.75,-28.25,0.163296
-0.25,-28.25,0.167143
0.25,-28.25,0.170989
0.75,-28.25,0.174836
1.25,-28.25,0.178683
1.75,-28.25,0.182437
2.25,-28.25,0.186191
2.75,-28.25,0.189945
3.25,-28.25,0.193699
3.75,-28.25,0.197453
4.25,-28.25,0.200416
4.75,-28.25,0.20338
5.25,-28.25,0.206344
5.75,-28.25,0.209308
6.25,-28.25,0.212272
6.75,-28.25,0.213714
7.25,-28.25,0.215156
7.75,-28.25,0.216597
8.25,-28.25,0.218039
8.75,-28.25,0.219481
9.25,-28.25,0.218694
9.75,-28.25,0.217906
10.25,-28.25,0.217119
10.75,-28.25,0.216332
11.25,-28.25,0.215545
11.75,-28.25,0.212582
12.25,-28.25,0.209619
12.75,-28.25,0.206657
13.25,-28.25,0.203694
13.75,-28.25,0.200731
14.25,-28.25,0.196034
14.75,-28.25,0.191338
15.25,-28.25,0.186641
15.75,-28.25,0.181944
16.25,-28.25,0.177247
16.75,-28.25,0.171658
17.25,-28.25,0.166069
17.75,-28.25,0.160479
18.25,-28.25,0.15489
18.75,-28.25,0.149301
19.25,-28.25,0.14359
19.75,-28.25,0.137879
20.25,-28.25,0.132168
20.75,-28.25,0.126458
21.25,-28.25,0.120747
21.75,-28.25,0.115359
22.25,-28.25,0.10997
22.75,-28.25,0.104582
23.25,-28.25,0.099194
23.75,-28.25,0.0938057
24.25,-28.25,0.0889387
24.75,-28.25,0.0840716
25.25,-28.25,0.0792045
25.75,-28.25,0.0743375
26.25,-28.25,0.0694704
26.75,-28.25,0.0652825
27.25,-28.25,0.0610947
27.75,-28.25,0.0569068
28.25,-28.25,0.0527189
28.75,-28.25,0.048531
29.25,-28.25,0.0451148
29.75,-28.25,0.0416986
30.25,-28.25,0.0382824
30.75,-28.25,0.0348662
31.25,-28.25,0.03145
31.75,-28.25,0.0289239
32.25,-28.25,0.0263978
32.75,-28.25,0.0238717
33.25,-28.25,0.0213457
33.75,-28.25,0.0188196
34.25,-28.25,0.0171862
34.75,-28.25,0.0155529
35.25,-28.25,0.0139196
35.75,-28.25,0.0122862
36.25,-28.25,0.0106529
36.75,-28.25,0.00970661
37.25,-28.25,0.00876035
37.75,-28.25,0.00781409
38.25,-28.25,0.00686783
38.75,-28.25,0.00592157
39.25,-28.25,0.00540291
39.75,-28.25,0.00488425
40.25,-28.25,0.0043656
40.75,-28.25,0.00384694
41.25,-28.25,0.00332828
41.75,-28.25,0.00304278
42.25,-28.25,0.00275729
42.75,-28.25,0.00247179
43.25,-28.25,0.00218629
43.75,-28.25,0.0019008
44.25,-28.25,0.0019008
44.75,-28.25,0.0019008
-44.75,-27.75,0.00187559
-44.25,-27.75,0.00187559
-43.75,-27.75,0.00187559
-43.25,-27.75,0.00194069
-42.75,-27.75,0.00200578
-42.25,-27.75,0.00207088
-41.75,-27.75,0.00213597
-41.25,-27.75,0.00220106
-40.75,-27.75,0.00234536
-40.25,-27.75,0.00248966
-39.75,-27.75,0.00263395
-39.25,-27.75,0.00277825
-38.75,-27.75,0.00292255
-38.25,-27.75,0.00322085
-37.75,-27.75,0.00351916
-37.25,-27.75,0.00381747
-36.75,-27.75,0.00411578
-36.25,-27.75,0.00441408
-35.75,-27.75,0.00506932
-35.25,-27.75,0.00572455
-34.75,-27.75,0.00637979
-34.25,-27.75,0.00703502
-33.75,-27.75,0.00769025
-33.25,-27.75,0.00893215
-32.75,-27.75,0.0101741
-32.25,-27.75,0.011416
-31.75,-27.75,0.0126579
-31.25,-27.75,0.0138998
-30.75,-27.75,0.0157619
-30.25,-27.75,0.017624
-29.75,-27.75,0.0194861
-29.25,-27.75,0.0213482
-28.75,-27.75,0.0232103
-28.25,-27.75,0.0254757
-27.75,-27.75,0.0277412
-27.25,-27.75,0.0300067
-26.75,-27.75,0.0322722
-26.25,-27.75,0.0345377
-25.75,-27.75,0.0369884
-25.25,-27.75,0.039439
-24.75,-27.75,0.0418897
-24.25,-27.75,0.0443404
-23.75,-27.75,0.046791
-23.25,-27.75,0.0492581
-22.75,-27.75,0.0517251
-22.25,-27.75,0.0541922
-21.75,-27.75,0.0566592
-21.25,-27.75,0.0591262
-20.75,-27.75,0.0615384
-20.25,-27.75,0.0639506
-19.75,-27.75,0.0663627
-19.25,-27.75,0.0687749
-18.75,-27.75,0.0711871
-18.25,-27.75,0.0735925
-17.75,-27.75,0.0759979
-17.25,-27.75,0.0784032
-16.75,-27.75,0.0808086
-16.25,-27.75,0.083214
-15.75,-27.75,0.0855687
-15.25,-27.75,0.0879235
-14.75,-27.75,0.0902782
-14.25,-27.75,0.0926329
-13.75,-27.75,0.0949877
-13.25,-27.75,0.0974401
-12.75,-27.75,0.0998925
-12.25,-27.75,0.102345
-11.75,-27.75,0.104797
-11.25,-27.75,0.10725
-10.75,-27.75,0.109906
-10.25,-27.75,0.112562
-9.75,-27.75,0.115219
-9.25,-27.75,0.117875
-8.75,-27.75,0.120531
-8.25,-27.75,0.12353
-7.75,-27.75,0.126529
-7.25,-27.75,0.129528
-6.75,-27.75,0.132527
-6.25,-27.75,0.135526
-5.75,-27.75,0.138867
-5.25,-27.75,0.142208
-4.75,-27.75,0.145549
-4.25,-27.75,0.14889
-3.75,-27.75,0.152231
-3.25,-27.75,0.156061
-2.75,-27.75,0.15989
-2.25,-27.75,0.163719
-1.75,-27.75,0.167549
-1.25,-27.75,0.171378
-0.75,-27.75,0.175478
-0.25,-27.75,0.179577
0.25,-27.75,0.183676
0.75,-27.75,0.187775
1.25,-27.75,0.191874
1.75,-27.75,0.195849
2.25,-27.75,0.199824
2.75,-27.75,0.2038
3.25,-27.75,0.207775
3.75,-27.75,0.21175
4.25,-27.75,0.2149
4.75,-27.75,0.218051
5.25,-27.75,0.221201
5.75,-27.75,0.224352
6.25,-27.75,0.227502
6.75,-27.75,0.229002
7.25,-27.75,0.230501
7.75,-27.75,0.232001
8.25,-27.75,0.233501
8.75,-27.75,0.235
9.25,-27.75,0.234123
9.75,-27.75,0.233245
10.25,-27.75,0.232367
10.75,-27.75,0.231489
11.25,-27.75,0.230611
11.75,-27.75,0.227461
12.25,-27.75,0.224311
12.75,-27.75,0.221161
13.25,-27.75,0.218011
13.75,-27.75,0.214861
14.25,-27.75,0.209886
14.75,-27.75,0.204911
15.25,-27.75,0.199936
15.75,-27.75,0.194961
16.25,-27.75,0.189986
16.75,-27.75,0.184073
17.25,-27.75,0.17816
17.75,-27.75,0.172247
18.25,-27.75,0.166334
18.75,-27.75,0.160421
19.25,-27.75,0.154372
19.75,-27.75,0.148323
20.25,-27.75,0.142274
20.75,-27.75,0.136225
21.25,-27.75,0.130176
21.75,-27.75,0.124466
22.25,-27.75,0.118756
22.75,-27.75,0.113045
23.25,-27.75,0.107335
23.75,-27.75,0.101625
24.25,-27.75,0.096445
24.75,-27.75,0.0912655
25.25,-27.75,0.0860859
25.75,-27.75,0.0809064
26.25,-27.75,0.0757268
26.75,-27.75,0.0712453
27.25,-27.75,0.0667638
27.75,-27.75,0.0622823
28.25,-27.75,0.0578008
28.75,-27.75,0.0533194
29.25,-27.75,0.0496341
29.75,-27.75,0.0459488
30.25,-27.75,0.0422635
30.75,-27.75,0.0385782
31.25,-27.75,0.0348929
31.75,-27.75,0.0321227
32.25,-27.75,0.0293526
32.75,-27.75,0.0265825
33.25,-27.75,0.0238124
33.75,-27.75,0.0210423
34.25,-27.75,0.0192192
34.75,-27.75,0.017396
35.25,-27.75,0.0155729
35.75,-27.75,0.0137497
36.25,-27.75,0.0119266
36.75,-27.75,0.0108557
37.25,-27.75,0.00978476
37.75,-27.75,0.00871385
38.25,-27.75,0.00764293
38.75,-27.75,0.00657202
39.25,-27.75,0.0059882
39.75,-27.75,0.00540438
40.25,-27.75,0.00482056
40.75,-27.75,0.00423675
41.25,-27.75,0.00365293
41.75,-27.75,0.00333502
42.25,-27.75,0.00301712
42.75,-27.75,0.00269922
43.25,-27.75,0.00238132
43.75,-27.75,0.00206342
44.25,-27.75,0.00206342
44.75,-27.75,0.00206342
-44.75,-27.25,0.00201313
-44.25,-27.25,0.00201313
-43.75,-27.25,0.00201313
-43.25,-27.25,0.00208339
-42.75,-27.25,0.00215365
-42.25,-27.25,0.0022239
-41.75,-27.25,0.00229416
-41.25,-27.25,0.00236442
-40.75,-27.25,0.00252693
-40.25,-27.25,0.00268944
-39.75,-27.25,0.00285195
-39.25,-27.25,0.00301446
-38.75,-27.25,0.00317697
-38.25,-27.25,0.0035171
-37.75,-27.25,0.00385723
-37.25,-27.25,0.00419736
-36.75,-27.25,0.00453749
-36.25,-27.25,0.00487762
-35.75,-27.25,0.00563594
-35.25,-27.25,0.00639426
-34.75,-27.25,0.00715258
-34.25,-27.25,0.0079109
-33.75,-27.25,0.00866922
-33.25,-27.25,0.0100836
-32.75,-27.25,0.0114979
-32.25,-27.25,0.0129122
-31.75,-27.25,0.0143265
-31.25,-27.25,0.0157409
-30.75,-27.25,0.0177995
-30.25,-27.25,0.0198581
-29.75,-27.25,0.0219168
-29.25,-27.25,0.0239754
-28.75,-27.25,0.026034
-28.25,-27.25,0.0284792
-27.75,-27.25,0.0309243
-27.25,-27.25,0.0333694
-26.75,-27.25,0.0358145
-26.25,-27.25,0.0382597
-25.75,-27.25,0.0408725
-25.25,-27.25,0.0434853
-24.75,-27.25,0.0460982
-24.25,-27.25,0.048711
-23.75,-27.25,0.0513238
-23.25,-27.25,0.0539285
-22.75,-27.25,0.0565331
-22.25,-27.25,0.0591377
-21.75,-27.25,0.0617423
-21.25,-27.25,0.064347
-20.75,-27.25,0.0668965
-20.25,-27.25,0.069446
-19.75,-27.25,0.0719955
-19.25,-27.25,0.074545
-18.75,-27.25,0.0770945
-18.25,-27.25,0.0796288
-17.75,-27.25,0.0821632
-17.25,-27.25,0.0846976
-16.75,-27.25,0.0872319
-16.25,-27.25,0.0897663
-15.75,-27.25,0.0922694
-15.25,-27.25,0.0947725
-14.75,-27.25,0.0972756
-14.25,-27.25,0.0997787
-13.75,-27.25,0.102282
-13.25,-27.25,0.104889
-12.75,-27.25,0.107496
-12.25,-27.25,0.110103
-11.75,-27.25,0.11271
-11.25,-27.25,0.115317
-10.75,-27.25,0.118112
-10.25,-27.25,0.120907
-9.75,-27.25,0.123702
-9.25,-27.25,0.126497
-8.75,-27.25,0.129292
-8.25,-27.25,0.132486
-7.75,-27.25,0.13568
-7.25,-27.25,0.138874
-6.75,-27.25,0.142068
-6.25,-27.25,0.145262
-5.75,-27.25,0.14881
-5.25,-27.25,0.152358
-4.75,-27.25,0.155905
-4.25,-27.25,0.159453
-3.75,-27.25,0.163
-3.25,-27.25,0.167062
-2.75,-27.25,0.171123
-2.25,-27.25,0.175185
-1.75,-27.25,0.179246
-1.25,-27.25,0.183308
-0.75,-27.25,0.187659
-0.25,-27.25,0.19201
0.25,-27.25,0.196362
0.75,-27.25,0.200713
1.25,-27.25,0.205065
1.75,-27.25,0.209261
2.25,-27.25,0.213458
2.75,-27.25,0.217655
3.25,-27.25,0.221851
3.75,-27.25,0.226048
4.25,-27.25,0.229384
4.75,-27.25,0.232721
5.25,-27.25,0.236058
5.75,-27.25,0.239395
6.25,-27.25,0.242732
6.75,-27.25,0.244289
7.25,-27.25,0.245847
7.75,-27.25,0.247405
8.25,-27.25,0.248962
8.75,-27.25,0.25052
9.25,-27.25,0.249552
9.75,-27.25,0.248583
10.25,-27.25,0.247615
10.75,-27.25,0.246646
11.25,-27.25,0.245678
11.75,-27.25,0.24234
12.25,-27.25,0.239003
12.75,-27.25,0.235666
13.25,-27.25,0.232328
13.75,-27.25,0.228991
14.25,-27.25,0.223737
14.75,-27.25,0.218484
15.25,-27.25,0.213231
15.75,-27.25,0.207978
16.25,-27.25,0.202725
16.75,-27.25,0.196488
17.25,-27.25,0.190251
17.75,-27.25,0.184014
18.25,-27.25,0.177777
18.75,-27.25,0.171541
19.25,-27.25,0.165153
19.75,-27.25,0.158766
20.25,-27.25,0.152379
20.75,-27.25,0.145992
21.25,-27.25,0.139605
21.75,-27.25,0.133573
22.25,-27.25,0.127541
22.75,-27.25,0.121508
23.25,-27.25,0.115476
23.75,-27.25,0.109443
24.25,-27.25,0.103951
24.75,-27.25,0.0984593
25.25,-27.25,0.0929673
25.75,-27.25,0.0874752
26.25,-27.25,0.0819832
26.75,-27.25,0.0772081
27.25,-27.25,0.072433
27.75,-27.25,0.0676579
28.25,-27.25,0.0628828
28.75,-27.25,0.0581077
29.25,-27.25,0.0541533
29.75,-27.25,0.0501989
30.25,-27.25,0.0462445
30.75,-27.25,0.0422901
31.25,-27.25,0.0383357
31.75,-27.25,0.0353216
32.25,-27.25,0.0323074
32.75,-27.25,0.0292933
33.25,-27.25,0.0262792
33.75,-27.25,0.023265
34.25,-27.25,0.0212521
34.75,-27.25,0.0192391
35.25,-27.25,0.0172262
35.75,-27.25,0.0152132
36.25,-27.25,0.0132003
36.75,-27.25,0.0120047
37.25,-27.25,0.0108092
37.75,-27.25,0.0096136
38.25,-27.25,0.00841804
38.75,-27.25,0.00722247
39.25,-27.25,0.00657349
39.75,-27.25,0.00592451
40.25,-27.25,0.00527553
40.75,-27.25,0.00462655
41.25,-27.25,0.00397757
41.75,-27.25,0.00362727
42.25,-27.25,0.00327696
42.75,-27.25,0.00292665
43.25,-27.25,0.00257635
43.75,-27.25,0.00222604
44.25,-27.25,0.00222604
44.75,-27.25,0.00222604
-44.75,-26.75,0.00215067
-44.25,-26.75,0.00215067
-43.75,-26.75,0.00215067
-43.25,-26.75,0.00222609
-42.75,-26.75,0.00230151
-42.25,-26.75,0.00237693
-41.75,-26.75,0.00245235
-41.25,-26.75,0.00252777
-40.75,-26.75,0.0027085
-40.25,-26.75,0.00288922
-39.75,-26.75,0.00306995
-39.25,-26.75,0.00325067
-38.75,-26.75,0.0034314
-38.25,-26.75,0.00381335
-37.75,-26.75,0.0041953
-37.25,-26.75,0.00457726
-36.75,-26.75,0.00495921
-36.25,-26.75,0.00534116
-35.75,-26.75,0.00620257
-35.25,-26.75,0.00706397
-34.75,-26.75,0.00792538
-34.25,-26.75,0.00878679
-33.75,-26.75,0.00964819
-33.25,-26.75,0.0112349
-32.75,-26.75,0.0128217
-32.25,-26.75,0.0144085
-31.75,-26.75,0.0159952
-31.25,-26.75,0.017582
-30.75,-26.75,0.0198371
-30.25,-26.75,0.0220923
-29.75,-26.75,0.0243475
-29.25,-26.75,0.0266027
-28.75,-26.75,0.0288578
-28.25,-26.75,0.0314826
-27.75,-26.75,0.0341073
-27.25,-26.75,0.0367321
-26.75,-26.75,0.0393569
-26.25,-26.75,0.0419816
-25.75,-26.75,0.0447566
-25.25,-26.75,0.0475316
-24.75,-26.75,0.0503066
-24.25,-26.75,0.0530816
-23.75,-26.75,0.0558566
-23.25,-26.75,0.0585988
-22.75,-26.75,0.0613411
-22.25,-26.75,0.0640833
-21.75,-26.75,0.0668255
-21.25,-26.75,0.0695677
-20.75,-26.75,0.0722545
-20.25,-26.75,0.0749414
-19.75,-26.75,0.0776282
-19.25,-26.75,0.080315
-18.75,-26.75,0.0830018
-18.25,-26.75,0.0856652
-17.75,-26.75,0.0883285
-17.25,-26.75,0.0909919
-16.75,-26.75,0.0936552
-16.25,-26.75,0.0963185
-15.75,-26.75,0.09897
-15.25,-26.75,0.101621
-14.75,-26.75,0.104273
-14.25,-26.75,0.106924
-13.75,-26.75,0.109576
-13.25,-26.75,0.112337
-12.75,-26.75,0.115099
-12.25,-26.75,0.11786
-11.75,-26.75,0.120622
-11.25,-26.75,0.123383
-10.75,-26.75,0.126317
-10.25,-26.75,0.129251
-9.75,-26.75,0.132185
-9.25,-26.75,0.135119
-8.75,-26.75,0.138053
-8.25,-26.75,0.141442
-7.75,-26.75,0.144831
-7.25,-26.75,0.14822
-6.75,-26.75,0.15161
-6.25,-26.75,0.154999
-5.75,-26.75,0.158753
-5.25,-26.75,0.162507
-4.75,-26.75,0.166261
-4.25,-26.75,0.170015
-3.75,-26.75,0.173769
-3.25,-26.75,0.178063
-2.75,-26.75,0.182356
-2.25,-26.75,0.18665
-1.75,-26.75,0.190943
-1.25,-26.75,0.195237
-0.75,-26.75,0.19984
-0.25,-26.75,0.204444
0.25,-26.75,0.209048
0.75,-26.75,0.213652
1.25,-26.75,0.218256
1.75,-26.75,0.222674
2.25,-26.75,0.227092
2.75,-26.75,0.23151
3.25,-26.75,0.235927
3.75,-26.75,0.240345
4.25,-26.75,0.243868
4.75,-26.75,0.247392
5.25,-26.75,0.250915
5.75,-26.75,0.254438
6.25,-26.75,0.257961
6.75,-26.75,0.259577
7.25,-26.75,0.261193
7.75,-26.75,0.262808
8.25,-26.75,0.264424
8.75,-26.75,0.26604
9.25,-26.75,0.264981
9.75,-26.75,0.263922
10.25,-26.75,0.262863
10.75,-26.75,0.261804
11.25,-26.75,0.260745
11.75,-26.75,0.25722
12.25,-26.75,0.253695
12.75,-26.75,0.25017
13.25,-26.75,0.246645
13.75,-26.75,0.24312
14.25,-26.75,0.237589
14.75,-26.75,0.232058
15.25,-26.75,0.226526
15.75,-26.75,0.220995
16.25,-26.75,0.215464
16.75,-26.75,0.208903
17.25,-26.75,0.202343
17.75,-26.75,0.195782
18.25,-26.75,0.189221
18.75,-26.75,0.18266
19.25,-26.75,0.175935
19.75,-26.75,0.16921
20.25,-26.75,0.162485
20.75,-26.75,0.15576
21.25,-26.75,0.149035
21.75,-26.75,0.14268
22.25,-26.75,0.136326
22.75,-26.75,0.129971
23.25,-26.75,0.123617
23.75,-26.75,0.117262
24.25,-26.75,0.111458
24.75,-26.75,0.105653
25.25,-26.75,0.0998487
25.75,-26.75,0.0940441
26.25,-26.75,0.0882395
26.75,-26.75,0.0831708
27.25,-26.75,0.0781021
27.75,-26.75,0.0730334
28.25,-26.75,0.0679647
28.75,-26.75,0.062896
29.25,-26.75,0.0586726
29.75,-26.75,0.0544491
30.25,-26.75,0.0502256
30.75,-26.75,0.0460021
31.25,-26.75,0.0417786
31.75,-26.75,0.0385204
32.25,-26.75,0.0352622
32.75,-26.75,0.0320041
33.25,-26.75,0.0287459
33.75,-26.75,0.0254877
34.25,-26.75,0.023285
34.75,-26.75,0.0210822
35.25,-26.75,0.0188795
35.75,-26.75,0.0166767
36.25,-26.75,0.014474
36.75,-26.75,0.0131538
37.25,-26.75,0.0118336
37.75,-26.75,0.0105134
38.25,-26.75,0.00919314
38.75,-26.75,0.00787292
39.25,-26.75,0.00715878
39.75,-26.75,0.00644464
40.25,-26.75,0.0057305
40.75,-26.75,0.00501636
41.25,-26.75,0.00430222
41.75,-26.75,0.00391951
42.25,-26.75,0.0035368
42.75,-26.75,0.00315409
43.25,-26.75,0.00277137
43.75,-26.75,0.00238866
44.25,-26.75,0.00238866
44.75,-26.75,0.00238866
-44.75,-26.25,0.0022882
-44.25,-26.25,0.0022882
-43.75,-26.25,0.0022882
-43.25,-26.25,0.00236879
-42.75,-26.25,0.00244937
-42.25,-26.25,0.00252996
-41.75,-26.25,0.00261054
-41.25,-26.25,0.00269113
-40.75,-26.25,0.00289007
-40.25,-26.25,0.00308901
-39.75,-26.25,0.00328795
-39.25,-26.25,0.00348689
-38.75,-26.25,0.00368583
-38.25,-26.25,0.0041096
-37.75,-26.25,0.00453337
-37.25,-26.25,0.00495715
-36.75,-26.25,0.00538092
-36.25,-26.25,0.0058047
-35.75,-26.25,0.00676919
-35.25,-26.25,0.00773368
-34.75,-26.25,0.00869818
-34.25,-26.25,0.00966267
-33.75,-26.25,0.0106272
-33.25,-26.25,0.0123863
-32.75,-26.25,0.0141455
-32.25,-26.25,0.0159047
-31.75,-26.25,0.0176639
-31.25,-26.25,0.0194231
-30.75,-26.25,0.0218748
-30.25,-26.25,0.0243265
-29.75,-26.25,0.0267782
-29.25,-26.25,0.0292299
-28.75,-26.25,0.0316816
-28.25,-26.25,0.034486
-27.75,-26.25,0.0372904
-27.25,-26.25,0.0400948
-26.75,-26.25,0.0428992
-26.25,-26.25,0.0457036
-25.75,-26.25,0.0486407
-25.25,-26.25,0.0515779
-24.75,-26.25,0.0545151
-24.25,-26.25,0.0574523
-23.75,-26.25,0.0603894
-23.25,-26.25,0.0632692
-22.75,-26.25,0.066149
-22.25,-26.25,0.0690289
-21.75,-26.25,0.0719087
-21.25,-26.25,0.0747885
-20.75,-26.25,0.0776126
-20.25,-26.25,0.0804368
-19.75,-26.25,0.0832609
-19.25,-26.25,0.086085
-18.75,-26.25,0.0889092
-18.25,-26.25,0.0917015
-17.75,-26.25,0.0944938
-17.25,-26.25,0.0972862
-16.75,-26.25,0.100078
-16.25,-26.25,0.102871
-15.75,-26.25,0.105671
-15.25,-26.25,0.108471
-14.75,-26.25,0.11127
-14.25,-26.25,0.11407
-13.75,-26.25,0.11687
-13.25,-26.25,0.119786
-12.75,-26.25,0.122702
-12.25,-26.25,0.125618
-11.75,-26.25,0.128534
-11.25,-26.25,0.13145
-10.75,-26.25,0.134523
-10.25,-26.25,0.137596
-9.75,-26.25,0.140669
-9.25,-26.25,0.143741
-8.75,-26.25,0.146814
-8.25,-26.25,0.150398
-7.75,-26.25,0.153982
-7.25,-26.25,0.157567
-6.75,-26.25,0.161151
-6.25,-26.25,0.164735
-5.75,-26.25,0.168695
-5.25,-26.25,0.172656
-4.75,-26.25,0.176617
-4.25,-26.25,0.180578
-3.75,-26.25,0.184538
-3.25,-26.25,0.189064
-2.75,-26.25,0.193589
-2.25,-26.25,0.198115
-1.75,-26.25,0.20264
-1.25,-26.25,0.207166
-0.75,-26.25,0.212022
-0.25,-26.25,0.216878
0.25,-26.25,0.221735
0.75,-26.25,0.226591
1.25,-26.25,0.231447
1.75,-26.25,0.236086
2.25,-26.25,0.240725
2.75,-26.25,0.245365
3.25,-26.25,0.250004
3.75,-26.25,0.254643
4.25,-26.25,0.258352
4.75,-26.25,0.262062
5.25,-26.25,0.265772
5.75,-26.25,0.269482
6.25,-26.25,0.273191
6.75,-26.25,0.274865
7.25,-26.25,0.276539
7.75,-26.25,0.278212
8.25,-26.25,0.279886
8.75,-26.25,0.28156
9.25,-26.25,0.28041
9.75,-26.25,0.27926
10.25,-26.25,0.27811
10.75,-26.25,0.276961
11.25,-26.25,0.275811
11.75,-26.25,0.272099
12.25,-26.25,0.268387
12.75,-26.25,0.264674
13.25,-26.25,0.260962
13.75,-26.25,0.25725
14.25,-26.25,0.25144
14.75,-26.25,0.245631
15.25,-26.25,0.239822
15.75,-26.25,0.234012
16.25,-26.25,0.228203
16.75,-26.25,0.221318
17.25,-26.25,0.214434
17.75,-26.25,0.207549
18.25,-26.25,0.200665
18.75,-26.25,0.19378
19.25,-26.25,0.186717
19.75,-26.25,0.179654
20.25,-26.25,0.17259
20.75,-26.25,0.165527
21.25,-26.25,0.158464
21.75,-26.25,0.151787
22.25,-26.25,0.145111
22.75,-26.25,0.138434
23.25,-26.25,0.131758
23.75,-26.25,0.125081
24.25,-26.25,0.118964
24.75,-26.25,0.112847
25.25,-26.25,0.10673
25.75,-26.25,0.100613
26.25,-26.25,0.0944959
26.75,-26.25,0.0891336
27.25,-26.25,0.0837713
27.75,-26.25,0.078409
28.25,-26.25,0.0730467
28.75,-26.25,0.0676844
29.25,-26.25,0.0631918
29.75,-26.25,0.0586992
30.25,-26.25,0.0542066
30.75,-26.25,0.0497141
31.25,-26.25,0.0452215
31.75,-26.25,0.0417193
32.25,-26.25,0.0382171
32.75,-26.25,0.0347148
33.25,-26.25,0.0312126
33.75,-26.25,0.0277104
34.25,-26.25,0.0253179
34.75,-26.25,0.0229253
35.25,-26.25,0.0205328
35.75,-26.25,0.0181403
36.25,-26.25,0.0157477
36.75,-26.25,0.0143028
37.25,-26.25,0.012858
37.75,-26.25,0.0114131
38.25,-26.25,0.00996824
38.75,-26.25,0.00852338
39.25,-26.25,0.00774407
39.75,-26.25,0.00696477
40.25,-26.25,0.00618547
40.75,-26.25,0.00540617
41.25,-26.25,0.00462687
41.75,-26.25,0.00421175
42.25,-26.25,0.00379663
42.75,-26.25,0.00338152
43.25,-26.25,0.0029664
43.75,-26.25,0.00255128
44.25,-26.25,0.00255128
44.75,-26.25,0.00255128
-44.75,-25.75,0.00248218
-44.25,-25.75,0.00248218
-43.75,-25.75,0.00248218
-43.25,-25.75,0.00257559
-42.75,-25.75,0.00266901
-42.25,-25.75,0.00276243
-41.75,-25.75,0.00285585
-41.25,-25.75,0.00294927
-40.75,-25.75,0.00317407
-40.25,-25.75,0.00339887
-39.75,-25.75,0.00362367
-39.25,-25.75,0.00384847
-38.75,-25.75,0.00407327
-38.25,-25.75,0.00458013
-37.75,-25.75,0.00508699
-37.25,-25.75,0.00559385
-36.75,-25.75,0.00610071
-36.25,-25.75,0.00660757
-35.75,-25.75,0.00775243
-35.25,-25.75,0.00889729
-34.75,-25.75,0.0100421
-34.25,-25.75,0.011187
-33.75,-25.75,0.0123319
-33.25,-25.75,0.0143379
-32.75,-25.75,0.016344
-32.25,-25.75,0.0183501
-31.75,-25.75,0.0203562
-31.25,-25.75,0.0223623
-30.75,-25.75,0.0250435
-30.25,-25.75,0.0277247
-29.75,-25.75,0.030406
-29.25,-25.75,0.0330872
-28.75,-25.75,0.0357684
-28.25,-25.75,0.0387826
-27.75,-25.75,0.0417968
-27.25,-25.75,0.0448109
-26.75,-25.75,0.0478251
-26.25,-25.75,0.0508393
-25.75,-25.75,0.0539396
-25.25,-25.75,0.0570399
-24.75,-25.75,0.0601402
-24.25,-25.75,0.0632405
-23.75,-25.75,0.0663408
-23.25,-25.75,0.0693845
-22.75,-25.75,0.0724282
-22.25,-25.75,0.0754719
-21.75,-25.75,0.0785156
-21.25,-25.75,0.0815592
-20.75,-25.75,0.0845219
-20.25,-25.75,0.0874846
-19.75,-25.75,0.0904474
-19.25,-25.75,0.0934101
-18.75,-25.75,0.0963728
-18.25,-25.75,0.0993041
-17.75,-25.75,0.102235
-17.25,-25.75,0.105167
-16.75,-25.75,0.108098
-16.25,-25.75,0.111029
-15.75,-25.75,0.113981
-15.25,-25.75,0.116934
-14.75,-25.75,0.119886
-14.25,-25.75,0.122838
-13.75,-25.75,0.12579
-13.25,-25.75,0.128885
-12.75,-25.75,0.13198
-12.25,-25.75,0.135075
-11.75,-25.75,0.13817
-11.25,-25.75,0.141266
-10.75,-25.75,0.144537
-10.25,-25.75,0.147809
-9.75,-25.75,0.15108
-9.25,-25.75,0.154352
-8.75,-25.75,0.157623
-8.25,-25.75,0.16141
-7.75,-25.75,0.165196
-7.25,-25.75,0.168983
-6.75,-25.75,0.172769
-6.25,-25.75,0.176555
-5.75,-25.75,0.180781
-5.25,-25.75,0.185007
-4.75,-25.75,0.189233
-4.25,-25.75,0.193458
-3.75,-25.75,0.197684
-3.25,-25.75,0.202499
-2.75,-25.75,0.207314
-2.25,-25.75,0.212128
-1.75,-25.75,0.216943
-1.25,-25.75,0.221758
-0.75,-25.75,0.226923
-0.25,-25.75,0.232087
0.25,-25.75,0.237252
0.75,-25.75,0.242416
1.25,-25.75,0.247581
1.75,-25.75,0.252491
2.25,-25.75,0.2574
2.75,-25.75,0.26231
3.25,-25.75,0.267219
3.75,-25.75,0.272129
4.25,-25.75,0.275995
4.75,-25.75,0.279861
5.25,-25.75,0.283726
5.75,-25.75,0.287592
6.25,-25.75,0.291458
6.75,-25.75,0.293179
7.25,-25.75,0.294901
7.75,-25.75,0.296622
8.25,-25.75,0.298343
8.75,-25.75,0.300065
9.25,-25.75,0.298825
9.75,-25.75,0.297585
10.25,-25.75,0.296345
10.75,-25.75,0.295105
11.25,-25.75,0.293865
11.75,-25.75,0.289929
12.25,-25.75,0.285994
12.75,-25.75,0.282058
13.25,-25.75,0.278122
13.75,-25.75,0.274186
14.25,-25.75,0.268041
14.75,-25.75,0.261896
15.25,-25.75,0.255751
15.75,-25.75,0.249606
16.25,-25.75,0.243461
16.75,-25.75,0.2362
17.25,-25.75,0.228939
17.75,-25.75,0.221678
18.25,-25.75,0.214417
18.75,-25.75,0.207156
19.25,-25.75,0.199681
19.75,-25.75,0.192206
20.25,-25.75,0.184731
20.75,-25.75,0.177256
21.25,-25.75,0.169781
21.75,-25.75,0.16274
22.25,-25.75,0.155699
22.75,-25.75,0.148658
23.25,-25.75,0.141616
23.75,-25.75,0.134575
24.25,-25.75,0.128115
24.75,-25.75,0.121654
25.25,-25.75,0.115193
25.75,-25.75,0.108732
26.25,-25.75,0.102272
26.75,-25.75,0.0965987
27.25,-25.75,0.0909256
27.75,-25.75,0.0852525
28.25,-25.75,0.0795795
28.75,-25.75,0.0739064
29.25,-25.75,0.0691057
29.75,-25.75,0.064305
30.25,-25.75,0.0595044
30.75,-25.75,0.0547037
31.25,-25.75,0.049903
31.75,-25.75,0.046111
32.25,-25.75,0.0423189
32.75,-25.75,0.0385268
33.25,-25.75,0.0347347
33.75,-25.75,0.0309426
34.25,-25.75,0.028296
34.75,-25.75,0.0256494
35.25,-25.75,0.0230028
35.75,-25.75,0.0203562
36.25,-25.75,0.0177096
36.75,-25.75,0.0160774
37.25,-25.75,0.0144452
37.75,-25.75,0.012813
38.25,-25.75,0.0111808
38.75,-25.75,0.00954857
39.25,-25.75,0.00866708
39.75,-25.75,0.00778559
40.25,-25.75,0.0069041
40.75,-25.75,0.00602261
41.25,-25.75,0.00514113
41.75,-25.75,0.00467242
42.25,-25.75,0.00420371
42.75,-25.75,0.00373501
43.25,-25.75,0.0032663
43.75,-25.75,0.0027976
44.25,-25.75,0.0027976
44.75,-25.75,0.0027976
-44.75,-25.25,0.00267615
-44.25,-25.25,0.00267615
-43.75,-25.25,0.00267615
-43.25,-25.25,0.0027824
-42.75,-25.25,0.00288865
-42.25,-25.25,0.0029949
-41.75,-25.25,0.00310116
-41.25,-25.25,0.00320741
-40.75,-25.25,0.00345807
-40.25,-25.25,0.00370873
-39.75,-25.25,0.00395939
-39.25,-25.25,0.00421006
-38.75,-25.25,0.00446072
-38.25,-25.25,0.00505066
-37.75,-25.25,0.00564061
-37.25,-25.25,0.00623056
-36.75,-25.25,0.0068205
-36.25,-25.25,0.00741045
-35.75,-25.25,0.00873567
-35.25,-25.25,0.0100609
-34.75,-25.25,0.0113861
-34.25,-25.25,0.0127113
-33.75,-25.25,0.0140366
-33.25,-25.25,0.0162896
-32.75,-25.25,0.0185426
-32.25,-25.25,0.0207956
-31.75,-25.25,0.0230486
-31.25,-25.25,0.0253016
-30.75,-25.25,0.0282123
-30.25,-25.25,0.031123
-29.75,-25.25,0.0340337
-29.25,-25.25,0.0369444
-28.75,-25.25,0.0398551
-28.25,-25.25,0.0430791
-27.75,-25.25,0.0463031
-27.25,-25.25,0.0495271
-26.75,-25.25,0.0527511
-26.25,-25.25,0.0559751
-25.75,-25.25,0.0592385
-25.25,-25.25,0.0625019
-24.75,-25.25,0.0657653
-24.25,-25.25,0.0690288
-23.75,-25.25,0.0722922
-23.25,-25.25,0.0754998
-22.75,-25.25,0.0787073
-22.25,-25.25,0.0819149
-21.75,-25.25,0.0851224
-21.25,-25.25,0.08833
-20.75,-25.25,0.0914313
-20.25,-25.25,0.0945325
-19.75,-25.25,0.0976338
-19.25,-25.25,0.100735
-18.75,-25.25,0.103836
-18.25,-25.25,0.106907
-17.75,-25.25,0.109977
-17.25,-25.25,0.113047
-16.75,-25.25,0.116118
-16.25,-25.25,0.119188
-15.75,-25.25,0.122292
-15.25,-25.25,0.125397
-14.75,-25.25,0.128501
-14.25,-25.25,0.131605
-13.75,-25.25,0.13471
-13.25,-25.25,0.137984
-12.75,-25.25,0.141258
-12.25,-25.25,0.144533
-11.75,-25.25,0.147807
-11.25,-25.25,0.151081
-10.75,-25.25,0.154551
-10.25,-25.25,0.158022
-9.75,-25.25,0.161492
-9.25,-25.25,0.164962
-8.75,-25.25,0.168433
-8.25,-25.25,0.172421
-7.75,-25.25,0.17641
-7.25,-25.25,0.180399
-6.75,-25.25,0.184387
-6.25,-25.25,0.188376
-5.75,-25.25,0.192867
-5.25,-25.25,0.197357
-4.75,-25.25,0.201848
-4.25,-25.25,0.206339
-3.75,-25.25,0.21083
-3.25,-25.25,0.215934
-2.75,-25.25,0.221038
-2.25,-25.25,0.226142
-1.75,-25.25,0.231246
-1.25,-25.25,0.23635
-0.75,-25.25,0.241823
-0.25,-25.25,0.247296
0.25,-25.25,0.252769
0.75,-25.25,0.258242
1.25,-25.25,0.263715
1.75,-25.25,0.268895
2.25,-25.25,0.274075
2.75,-25.25,0.279255
3.25,-25.25,0.284435
3.75,-25.25,0.289615
4.25,-25.25,0.293637
4.75,-25.25,0.297659
5.25,-25.25,0.301681
5.75,-25.25,0.305703
6.25,-25.25,0.309725
6.75,-25.25,0.311494
7.25,-25.25,0.313263
7.75,-25.25,0.315032
8.25,-25.25,0.316801
8.75,-25.25,0.31857
9.25,-25.25,0.31724
9.75,-25.25,0.31591
10.25,-25.25,0.314579
10.75,-25.25,0.313249
11.25,-25.25,0.311919
11.75,-25.25,0.30776
12.25,-25.25,0.303601
12.75,-25.25,0.299441
13.25,-25.25,0.295282
13.75,-25.25,0.291123
14.25,-25.25,0.284642
14.75,-25.25,0.278161
15.25,-25.25,0.27168
15.75,-25.25,0.2652
16.25,-25.25,0.258719
16.75,-25.25,0.251081
17.25,-25.25,0.243444
17.75,-25.25,0.235807
18.25,-25.25,0.228169
18.75,-25.25,0.220532
19.25,-25.25,0.212645
19.75,-25.25,0.204759
20.25,-25.25,0.196872
20.75,-25.25,0.188985
21.25,-25.25,0.181099
21.75,-25.25,0.173693
22.25,-25.25,0.166287
22.75,-25.25,0.158881
23.25,-25.25,0.151475
23.75,-25.25,0.144069
24.25,-25.25,0.137265
24.75,-25.25,0.130461
25.25,-25.25,0.123656
25.75,-25.25,0.116852
26.25,-25.25,0.110048
26.75,-25.25,0.104064
27.25,-25.25,0.0980799
27.75,-25.25,0.0920961
28.25,-25.25,0.0861122
28.75,-25.25,0.0801283
29.25,-25.25,0.0750196
29.75,-25.25,0.0699109
30.25,-25.25,0.0648021
30.75,-25.25,0.0596934
31.25,-25.25,0.0545846
31.75,-25.25,0.0505027
32.25,-25.25,0.0464207
32.75,-25.25,0.0423387
33.25,-25.25,0.0382568
33.75,-25.25,0.0341748
34.25,-25.25,0.0312742
34.75,-25.25,0.0283735
35.25,-25.25,0.0254729
35.75,-25.25,0.0225722
36.25,-25.25,0.0196716
36.75,-25.25,0.017852
37.25,-25.25,0.0160324
37.75,-25.25,0.0142129
38.25,-25.25,0.0123933
38.75,-25.25,0.0105738
39.25,-25.25,0.00959008
39.75,-25.25,0.00860641
40.25,-25.25,0.00762273
40.75,-25.25,0.00663906
41.25,-25.25,0.00565538
41.75,-25.25,0.00513309
42.25,-25.25,0.0046108
42.75,-25.25,0.0040885
43.25,-25.25,0.00356621
43.75,-25.25,0.00304391
44.25,-25.25,0.00304391
44.75,-25.25,0.00304391
-44.75,-24.75,0.00287012
-44.25,-24.75,0.00287012
-43.75,-24.75,0.00287012
-43.25,-24.75,0.00298921
-42.75,-24.75,0.00310829
-42.25,-24.75,0.00322738
-41.75,-24.75,0.00334646
-41.25,-24.75,0.00346555
-40.75,-24.75,0.00374207
-40.25,-24.75,0.00401859
-39.75,-24.75,0.00429512
-39.25,-24.75,0.00457164
-38.75,-24.75,0.00484816
-38.25,-24.75,0.00552119
-37.75,-24.75,0.00619423
-37.25,-24.75,0.00686726
-36.75,-24.75,0.00754029
-36.25,-24.75,0.00821332
-35.75,-24.75,0.00971891
-35.25,-24.75,0.0112245
-34.75,-24.75,0.0127301
-34.25,-24.75,0.0142357
-33.75,-24.75,0.0157412
-33.25,-24.75,0.0182412
-32.75,-24.75,0.0207411
-32.25,-24.75,0.023241
-31.75,-24.75,0.0257409
-31.25,-24.75,0.0282408
-30.75,-24.75,0.031381
-30.25,-24.75,0.0345213
-29.75,-24.75,0.0376615
-29.25,-24.75,0.0408017
-28.75,-24.75,0.0439419
-28.25,-24.75,0.0473757
-27.75,-24.75,0.0508095
-27.25,-24.75,0.0542433
-26.75,-24.75,0.057677
-26.25,-24.75,0.0611108
-25.75,-24.75,0.0645374
-25.25,-24.75,0.0679639
-24.75,-24.75,0.0713905
-24.25,-24.75,0.074817
-23.75,-24.75,0.0782436
-23.25,-24.75,0.081615
-22.75,-24.75,0.0849865
-22.25,-24.75,0.0883579
-21.75,-24.75,0.0917293
-21.25,-24.75,0.0951008
-20.75,-24.75,0.0983406
-20.25,-24.75,0.10158
-19.75,-24.75,0.10482
-19.25,-24.75,0.10806
-18.75,-24.75,0.1113
-18.25,-24.75,0.114509
-17.75,-24.75,0.117719
-17.25,-24.75,0.120928
-16.75,-24.75,0.124137
-16.25,-24.75,0.127346
-15.75,-24.75,0.130603
-15.25,-24.75,0.13386
-14.75,-24.75,0.137116
-14.25,-24.75,0.140373
-13.75,-24.75,0.14363
-13.25,-24.75,0.147083
-12.75,-24.75,0.150536
-12.25,-24.75,0.15399
-11.75,-24.75,0.157443
-11.25,-24.75,0.160896
-10.75,-24.75,0.164565
-10.25,-24.75,0.168234
-9.75,-24.75,0.171904
-9.25,-24.75,0.175573
-8.75,-24.75,0.179242
-8.25,-24.75,0.183433
-7.75,-24.75,0.187624
-7.25,-24.75,0.191815
-6.75,-24.75,0.196006
-6.25,-24.75,0.200196
-5.75,-24.75,0.204952
-5.25,-24.75,0.209708
-4.75,-24.75,0.214464
-4.25,-24.75,0.21922
-3.75,-24.75,0.223976
-3.25,-24.75,0.229369
-2.75,-24.75,0.234762
-2.25,-24.75,0.240156
-1.75,-24.75,0.245549
-1.25,-24.75,0.250943
-0.75,-24.75,0.256724
-0.25,-24.75,0.262505
0.25,-24.75,0.268286
0.75,-24.75,0.274068
1.25,-24.75,0.279849
1.75,-24.75,0.285299
2.25,-24.75,0.29075
2.75,-24.75,0.2962
3.25,-24.75,0.301651
3.75,-24.75,0.307101
4.25,-24.75,0.311279
4.75,-24.75,0.315457
5.25,-24.75,0.319636
5.75,-24.75,0.323814
6.25,-24.75,0.327992
6.75,-24.75,0.329809
7.25,-24.75,0.331625
7.75,-24.75,0.333442
8.25,-24.75,0.335258
8.75,-24.75,0.337075
9.25,-24.75,0.335655
9.75,-24.75,0.334234
10.25,-24.75,0.332814
10.75,-24.75,0.331394
11.25,-24.75,0.329973
11.75,-24.75,0.325591
12.25,-24.75,0.321208
12.75,-24.75,0.316825
13.25,-24.75,0.312442
13.75,-24.75,0.308059
14.25,-24.75,0.301243
14.75,-24.75,0.294426
15.25,-24.75,0.28761
15.75,-24.75,0.280793
16.25,-24.75,0.273977
16.75,-24.75,0.265963
17.25,-24.75,0.257949
17.75,-24.75,0.249935
18.25,-24.75,0.241921
18.75,-24.75,0.233907
19.25,-24.75,0.225609
19.75,-24.75,0.217311
20.25,-24.75,0.209013
20.75,-24.75,0.200714
21.25,-24.75,0.192416
21.75,-24.75,0.184646
22.25,-24.75,0.176875
22.75,-24.75,0.169105
23.25,-24.75,0.161334
23.75,-24.75,0.153563
24.25,-24.75,0.146415
24.75,-24.75,0.139267
25.25,-24.75,0.132119
25.75,-24.75,0.124971
26.25,-24.75,0.117823
26.75,-24.75,0.111529
27.25,-24.75,0.105234
27.75,-24.75,0.0989396
28.25,-24.75,0.092645
28.75,-24.75,0.0863503
29.25,-24.75,0.0809335
29.75,-24.75,0.0755167
30.25,-24.75,0.0700998
30.75,-24.75,0.064683
31.25,-24.75,0.0592662
31.75,-24.75,0.0548944
32.25,-24.75,0.0505225
32.75,-24.75,0.0461507
33.25,-24.75,0.0417788
33.75,-24.75,0.037407
34.25,-24.75,0.0342523
34.75,-24.75,0.0310976
35.25,-24.75,0.0279429
35.75,-24.75,0.0247882
36.25,-24.75,0.0216335
36.75,-24.75,0.0196266
37.25,-24.75,0.0176197
37.75,-24.75,0.0156128
38.25,-24.75,0.0136059
38.75,-24.75,0.0115989
39.25,-24.75,0.0105131
39.75,-24.75,0.00942722
40.25,-24.75,0.00834136
40.75,-24.75,0.0072555
41.25,-24.75,0.00616964
41.75,-24.75,0.00559376
42.25,-24.75,0.00501788
42.75,-24.75,0.00444199
43.25,-24.75,0.00386611
43.75,-24.75,0.00329023
44.25,-24.75,0.00329023
44.75,-24.75,0.00329023
-44.75,-24.25,0.00306409
-44.25,-24.25,0.00306409
-43.75,-24.25,0.00306409
-43.25,-24.25,0.00319601
-42.75,-24.25,0.00332793
-42.25,-24.25,0.00345985
-41.75,-24.25,0.00359177
-41.25,-24.25,0.00372369
-40.75,-24.25,0.00402607
-40.25,-24.25,0.00432846
-39.75,-24.25,0.00463084
-39.25,-24.25,0.00493323
-38.75,-24.25,0.00523561
-38.25,-24.25,0.00599173
-37.75,-24.25,0.00674784
-37.25,-24.25,0.00750396
-36.75,-24.25,0.00826008
-36.25,-24.25,0.0090162
-35.75,-24.25,0.0107021
-35.25,-24.25,0.0123881
-34.75,-24.25,0.014074
-34.25,-24.25,0.01576
-33.75,-24.25,0.0174459
-33.25,-24.25,0.0201928
-32.75,-24.25,0.0229396
-32.25,-24.25,0.0256864
-31.75,-24.25,0.0284333
-31.25,-24.25,0.0311801
-30.75,-24.25,0.0345498
-30.25,-24.25,0.0379195
-29.75,-24.25,0.0412892
-29.25,-24.25,0.044659
-28.75,-24.25,0.0480287
-28.25,-24.25,0.0516723
-27.75,-24.25,0.0553158
-27.25,-24.25,0.0589594
-26.75,-24.25,0.062603
-26.25,-24.25,0.0662466
-25.75,-24.25,0.0698362
-25.25,-24.25,0.0734259
-24.75,-24.25,0.0770156
-24.25,-24.25,0.0806053
-23.75,-24.25,0.084195
-23.25,-24.25,0.0877303
-22.75,-24.25,0.0912656
-22.25,-24.25,0.0948009
-21.75,-24.25,0.0983362
-21.25,-24.25,0.101872
-20.75,-24.25,0.10525
-20.25,-24.25,0.108628
-19.75,-24.25,0.112007
-19.25,-24.25,0.115385
-18.75,-24.25,0.118763
-18.25,-24.25,0.122112
-17.75,-24.25,0.12546
-17.25,-24.25,0.128808
-16.75,-24.25,0.132157
-16.25,-24.25,0.135505
-15.75,-24.25,0.138914
-15.25,-24.25,0.142323
-14.75,-24.25,0.145732
-14.25,-24.25,0.149141
-13.75,-24.25,0.15255
-13.25,-24.25,0.156182
-12.75,-24.25,0.159814
-12.25,-24.25,0.163447
-11.75,-24.25,0.167079
-11.25,-24.25,0.170712
-10.75,-24.25,0.174579
-10.25,-24.25,0.178447
-9.75,-24.25,0.182315
-9.25,-24.25,0.186183
-8.75,-24.25,0.190051
-8.25,-24.25,0.194444
-7.75,-24.25,0.198837
-7.25,-24.25,0.203231
-6.75,-24.25,0.207624
-6.25,-24.25,0.212017
-5.75,-24.25,0.217038
-5.25,-24.25,0.222059
-4.75,-24.25,0.22708
-4.25,-24.25,0.2321
-3.75,-24.25,0.237121
-3.25,-24.25,0.242804
-2.75,-24.25,0.248487
-2.25,-24.25,0.254169
-1.75,-24.25,0.259852
-1.25,-24.25,0.265535
-0.75,-24.25,0.271624
-0.25,-24.25,0.277714
0.25,-24.25,0.283804
0.75,-24.25,0.289893
1.25,-24.25,0.295983
1.75,-24.25,0.301704
2.25,-24.25,0.307424
2.75,-24.25,0.313145
3.25,-24.25,0.318866
3.75,-24.25,0.324587
4.25,-24.25,0.328921
4.75,-24.25,0.333256
5.25,-24.25,0.33759
5.75,-24.25,0.341925
6.25,-24.25,0.346259
6.75,-24.25,0.348123
7.25,-24.25,0.349987
7.75,-24.25,0.351852
8.25,-24.25,0.353716
8.75,-24.25,0.35558
9.25,-24.25,0.35407
9.75,-24.25,0.352559
10.25,-24.25,0.351049
10.75,-24.25,0.349538
11.25,-24.25,0.348027
11.75,-24.25,0.343421
12.25,-24.25,0.338815
12.75,-24.25,0.334208
13.25,-24.25,0.329602
13.75,-24.25,0.324995
14.25,-24.25,0.317843
14.75,-24.25,0.310691
15.25,-24.25,0.303539
15.75,-24.25,0.296387
16.25,-24.25,0.289235
16.75,-24.25,0.280844
17.25,-24.25,0.272454
17.75,-24.25,0.264064
18.25,-24.25,0.255673
18.75,-24.25,0.247283
19.25,-24.25,0.238573
19.75,-24.25,0.229863
20.25,-24.25,0.221153
20.75,-24.25,0.212444
21.25,-24.25,0.203734
21.75,-24.25,0.195598
22.25,-24.25,0.187463
22.75,-24.25,0.179328
23.25,-24.25,0.171193
23.75,-24.25,0.163057
24.25,-24.25,0.155566
24.75,-24.25,0.148074
25.25,-24.25,0.140583
25.75,-24.25,0.133091
26.25,-24.25,0.125599
26.75,-24.25,0.118994
27.25,-24.25,0.112389
27.75,-24.25,0.105783
28.25,-24.25,0.0991777
28.75,-24.25,0.0925723
29.25,-24.25,0.0868474
29.75,-24.25,0.0811225
30.25,-24.25,0.0753976
30.75,-24.25,0.0696727
31.25,-24.25,0.0639478
31.75,-24.25,0.0592861
32.25,-24.25,0.0546243
32.75,-24.25,0.0499626
33.25,-24.25,0.0453009
33.75,-24.25,0.0406392
34.25,-24.25,0.0372304
34.75,-24.25,0.0338217
35.25,-24.25,0.0304129
35.75,-24.25,0.0270042
36.25,-24.25,0.0235954
36.75,-24.25,0.0214011
37.25,-24.25,0.0192069
37.75,-24.25,0.0170126
38.25,-24.25,0.0148184
38.75,-24.25,0.0126241
39.25,-24.25,0.0114361
39.75,-24.25,0.010248
40.25,-24.25,0.00905999
40.75,-24.25,0.00787195
41.25,-24.25,0.0066839
41.75,-24.25,0.00605443
42.25,-24.25,0.00542496
42.75,-24.25,0.00479549
43.25,-24.25,0.00416602
43.75,-24.25,0.00353654
44.25,-24.25,0.00353654
44.75,-24.25,0.00353654
-44.75,-23.75,0.00325806
-44.25,-23.75,0.00325806
-43.75,-23.75,0.00325806
-43.25,-23.75,0.00340282
-42.75,-23.75,0.00354757
-42.25,-23.75,0.00369232
-41.75,-23.75,0.00383708
-41.25,-23.75,0.00398183
-40.75,-23.75,0.00431008
-40.25,-23.75,0.00463832
-39.75,-23.75,0.00496657
-39.25,-23.75,0.00529481
-38.75,-23.75,0.00562305
-38.25,-23.75,0.00646226
-37.75,-23.75,0.00730146
-37.25,-23.75,0.00814066
-36.75,-23.75,0.00897987
-36.25,-23.75,0.00981907
-35.75,-23.75,0.0116854
-35.25,-23.75,0.0135517
-34.75,-23.75,0.015418
-34.25,-23.75,0.0172843
-33.75,-23.75,0.0191506
-33.25,-23.75,0.0221444
-32.75,-23.75,0.0251381
-32.25,-23.75,0.0281319
-31.75,-23.75,0.0311256
-31.25,-23.75,0.0341193
-30.75,-23.75,0.0377186
-30.25,-23.75,0.0413178
-29.75,-23.75,0.044917
-29.25,-23.75,0.0485162
-28.75,-23.75,0.0521154
-28.25,-23.75,0.0559688
-27.75,-23.75,0.0598222
-27.25,-23.75,0.0636756
-26.75,-23.75,0.0675289
-26.25,-23.75,0.0713823
-25.75,-23.75,0.0751351
-25.25,-23.75,0.0788879
-24.75,-23.75,0.0826407
-24.25,-23.75,0.0863935
-23.75,-23.75,0.0901463
-23.25,-23.75,0.0938455
-22.75,-23.75,0.0975447
-22.25,-23.75,0.101244
-21.75,-23.75,0.104943
-21.25,-23.75,0.108642
-20.75,-23.75,0.112159
-20.25,-23.75,0.115676
-19.75,-23.75,0.119193
-19.25,-23.75,0.12271
-18.75,-23.75,0.126227
-18.25,-23.75,0.129714
-17.75,-23.75,0.133202
-17.25,-23.75,0.136689
-16.75,-23.75,0.140176
-16.25,-23.75,0.143664
-15.75,-23.75,0.147225
-15.25,-23.75,0.150786
-14.75,-23.75,0.154347
-14.25,-23.75,0.157908
-13.75,-23.75,0.16147
-13.25,-23.75,0.165281
-12.75,-23.75,0.169093
-12.25,-23.75,0.172904
-11.75,-23.75,0.176715
-11.25,-23.75,0.180527
-10.75,-23.75,0.184594
-10.25,-23.75,0.18866
-9.75,-23.75,0.192727
-9.25,-23.75,0.196793
-8.75,-23.75,0.20086
-8.25,-23.75,0.205456
-7.75,-23.75,0.210051
-7.25,-23.75,0.214647
-6.75,-23.75,0.219242
-6.25,-23.75,0.223838
-5.75,-23.75,0.229123
-5.25,-23.75,0.234409
-4.75,-23.75,0.239695
-4.25,-23.75,0.244981
-3.75,-23.75,0.250267
-3.25,-23.75,0.256239
-2.75,-23.75,0.262211
-2.25,-23.75,0.268183
-1.75,-23.75,0.274155
-1.25,-23.75,0.280127
-0.75,-23.75,0.286525
-0.25,-23.75,0.292923
0.25,-23.75,0.299321
0.75,-23.75,0.305719
1.25,-23.75,0.312117
1.75,-23.75,0.318108
2.25,-23.75,0.324099
2.75,-23.75,0.330091
3.25,-23.75,0.336082
3.75,-23.75,0.342073
4.25,-23.75,0.346564
4.75,-23.75,0.351054
5.25,-23.75,0.355545
5.75,-23.75,0.360035
6.25,-23.75,0.364526
6.75,-23.75,0.366438
7.25,-23.75,0.36835
7.75,-23.75,0.370262
8.25,-23.75,0.372173
8.75,-23.75,0.374085
9.25,-23.75,0.372484
9.75,-23.75,0.370884
10.25,-23.75,0.369283
10.75,-23.75,0.367682
11.25,-23.75,0.366082
11.75,-23.75,0.361252
12.25,-23.75,0.356422
12.75,-23.75,0.351592
13.25,-23.75,0.346762
13.75,-23.75,0.341932
14.25,-23.75,0.334444
14.75,-23.75,0.326956
15.25,-23.75,0.319468
15.75,-23.75,0.31198
16.25,-23.75,0.304493
16.75,-23.75,0.295726
17.25,-23.75,0.286959
17.75,-23.75,0.278192
18.25,-23.75,0.269425
18.75,-23.75,0.260659
19.25,-23.75,0.251537
19.75,-23.75,0.242416
20.25,-23.75,0.233294
20.75,-23.75,0.224173
21.25,-23.75,0.215051
21.75,-23.75,0.206551
22.25,-23.75,0.198051
22.75,-23.75,0.189551
23.25,-23.75,0.181051
23.75,-23.75,0.172552
24.25,-23.75,0.164716
24.75,-23.75,0.156881
25.25,-23.75,0.149046
25.75,-23.75,0.14121
26.25,-23.75,0.133375
26.75,-23.75,0.126459
27.25,-23.75,0.119543
27.75,-23.75,0.112627
28.25,-23.75,0.10571
28.75,-23.75,0.0987943
29.25,-23.75,0.0927613
29.75,-23.75,0.0867283
30.25,-23.75,0.0806953
30.75,-23.75,0.0746623
31.25,-23.75,0.0686293
31.75,-23.75,0.0636777
32.25,-23.75,0.0587262
32.75,-23.75,0.0537746
33.25,-23.75,0.048823
33.75,-23.75,0.0438714
34.25,-23.75,0.0402085
34.75,-23.75,0.0365457
35.25,-23.75,0.0328829
35.75,-23.75,0.0292201
36.25,-23.75,0.0255573
36.75,-23.75,0.0231757
37.25,-23.75,0.0207941
37.75,-23.75,0.0184125
38.25,-23.75,0.0160309
38.75,-23.75,0.0136493
39.25,-23.75,0.0123591
39.75,-23.75,0.0110689
40.25,-23.75,0.00977863
40.75,-23.75,0.00848839
41.25,-23.75,0.00719816
41.75,-23.75,0.0065151
42.25,-23.75,0.00583204
42.75,-23.75,0.00514898
43.25,-23.75,0.00446592
43.75,-23.75,0.00378286
44.25,-23.75,0.00378286
44.75,-23.75,0.00378286
-44.75,-23.25,0.00349519
-44.25,-23.25,0.00349519
-43.75,-23.25,0.00349519
-43.25,-23.25,0.0036582
-42.75,-23.25,0.00382121
-42.25,-23.25,0.00398422
-41.75,-23.25,0.00414722
-41.25,-23.25,0.00431023
-40.75,-23.25,0.00469312
-40.25,-23.25,0.005076
-39.75,-23.25,0.00545888
-39.25,-23.25,0.00584177
-38.75,-23.25,0.00622465
-38.25,-23.25,0.00720697
-37.75,-23.25,0.00818929
-37.25,-23.25,0.0091716
-36.75,-23.25,0.0101539
-36.25,-23.25,0.0111362
-35.75,-23.25,0.0132742
-35.25,-23.25,0.0154123
-34.75,-23.25,0.0175503
-34.25,-23.25,0.0196883
-33.75,-23.25,0.0218263
-33.25,-23.25,0.0251337
-32.75,-23.25,0.0284411
-32.25,-23.25,0.0317485
-31.75,-23.25,0.0350559
-31.25,-23.25,0.0383633
-30.75,-23.25,0.0422295
-30.25,-23.25,0.0460956
-29.75,-23.25,0.0499617
-29.25,-23.25,0.0538279
-28.75,-23.25,0.057694
-28.25,-23.25,0.061749
-27.75,-23.25,0.065804
-27.25,-23.25,0.069859
-26.75,-23.25,0.073914
-26.25,-23.25,0.0779689
-25.75,-23.25,0.0819061
-25.25,-23.25,0.0858432
-24.75,-23.25,0.0897804
-24.25,-23.25,0.0937175
-23.75,-23.25,0.0976546
-23.25,-23.25,0.101504
-22.75,-23.25,0.105354
-22.25,-23.25,0.109203
-21.75,-23.25,0.113053
-21.25,-23.25,0.116902
-20.75,-23.25,0.12059
-20.25,-23.25,0.124277
-19.75,-23.25,0.127965
-19.25,-23.25,0.131652
-18.75,-23.25,0.135339
-18.25,-23.25,0.138996
-17.75,-23.25,0.142653
-17.25,-23.25,0.146309
-16.75,-23.25,0.149966
-16.25,-23.25,0.153623
-15.75,-23.25,0.157349
-15.25,-23.25,0.161075
-14.75,-23.25,0.164801
-14.25,-23.25,0.168528
-13.75,-23.25,0.172254
-13.25,-23.25,0.176243
-12.75,-23.25,0.180233
-12.25,-23.25,0.184222
-11.75,-23.25,0.188211
-11.25,-23.25,0.192201
-10.75,-23.25,0.196479
-10.25,-23.25,0.200758
-9.75,-23.25,0.205037
-9.25,-23.25,0.209316
-8.75,-23.25,0.213594
-8.25,-23.25,0.218477
-7.75,-23.25,0.22336
-7.25,-23.25,0.228243
-6.75,-23.25,0.233125
-6.25,-23.25,0.238008
-5.75,-23.25,0.243576
-5.25,-23.25,0.249144
-4.75,-23.25,0.254712
-4.25,-23.25,0.26028
-3.75,-23.25,0.265848
-3.25,-23.25,0.272157
-2.75,-23.25,0.278465
-2.25,-23.25,0.284773
-1.75,-23.25,0.291081
-1.25,-23.25,0.297389
-0.75,-23.25,0.304117
-0.25,-23.25,0.310846
0.25,-23.25,0.317574
0.75,-23.25,0.324303
1.25,-23.25,0.331031
1.75,-23.25,0.337309
2.25,-23.25,0.343587
2.75,-23.25,0.349865
3.25,-23.25,0.356144
3.75,-23.25,0.362422
4.25,-23.25,0.367139
4.75,-23.25,0.371856
5.25,-23.25,0.376573
5.75,-23.25,0.38129
6.25,-23.25,0.386007
6.75,-23.25,0.387986
7.25,-23.25,0.389965
7.75,-23.25,0.391945
8.25,-23.25,0.393924
8.75,-23.25,0.395903
9.25,-23.25,0.394202
9.75,-23.25,0.3925
10.25,-23.25,0.390799
10.75,-23.25,0.389098
11.25,-23.25,0.387396
11.75,-23.25,0.382288
12.25,-23.25,0.37718
12.75,-23.25,0.372072
13.25,-23.25,0.366964
13.75,-23.25,0.361856
14.25,-23.25,0.353969
14.75,-23.25,0.346082
15.25,-23.25,0.338196
15.75,-23.25,0.330309
16.25,-23.25,0.322422
16.75,-23.25,0.313189
17.25,-23.25,0.303957
17.75,-23.25,0.294724
18.25,-23.25,0.285491
18.75,-23.25,0.276259
19.25,-23.25,0.266696
19.75,-23.25,0.257133
20.25,-23.25,0.24757
20.75,-23.25,0.238007
21.25,-23.25,0.228444
21.75,-23.25,0.219495
22.25,-23.25,0.210546
22.75,-23.25,0.201597
23.25,-23.25,0.192648
23.75,-23.25,0.183699
24.25,-23.25,0.175501
24.75,-23.25,0.167303
25.25,-23.25,0.159105
25.75,-23.25,0.150907
26.25,-23.25,0.142709
26.75,-23.25,0.135433
27.25,-23.25,0.128158
27.75,-23.25,0.120883
28.25,-23.25,0.113607
28.75,-23.25,0.106332
29.25,-23.25,0.099966
29.75,-23.25,0.0936001
30.25,-23.25,0.0872341
30.75,-23.25,0.0808681
31.25,-23.25,0.0745021
31.75,-23.25,0.0692196
32.25,-23.25,0.063937
32.75,-23.25,0.0586545
33.25,-23.25,0.0533719
33.75,-23.25,0.0480894
34.25,-23.25,0.0441303
34.75,-23.25,0.0401713
35.25,-23.25,0.0362122
35.75,-23.25,0.0322532
36.25,-23.25,0.0282942
36.75,-23.25,0.0256715
37.25,-23.25,0.0230489
37.75,-23.25,0.0204263
38.25,-23.25,0.0178037
38.75,-23.25,0.0151811
39.25,-23.25,0.0137331
39.75,-23.25,0.0122851
40.25,-23.25,0.0108372
40.75,-23.25,0.00938918
41.25,-23.25,0.00794121
41.75,-23.25,0.00717711
42.25,-23.25,0.00641302
42.75,-23.25,0.00564892
43.25,-23.25,0.00488483
43.75,-23.25,0.00412073
44.25,-23.25,0.00412073
44.75,-23.25,0.00412073
-44.75,-22.75,0.00373232
-44.25,-22.75,0.00373232
-43.75,-22.75,0.00373232
-43.25,-22.75,0.00391358
-42.75,-22.75,0.00409485
-42.25,-22.75,0.00427611
-41.75,-22.75,0.00445737
-41.25,-22.75,0.00463863
-40.75,-22.75,0.00507616
-40.25,-22.75,0.00551368
-39.75,-22.75,0.0059512
-39.25,-22.75,0.00638872
-38.75,-22.75,0.00682625
-38.25,-22.75,0.00795168
-37.75,-22.75,0.00907711
-37.25,-22.75,0.0102025
-36.75,-22.75,0.011328
-36.25,-22.75,0.0124534
-35.75,-22.75,0.0148631
-35.25,-22.75,0.0172728
-34.75,-22.75,0.0196825
-34.25,-22.75,0.0220922
-33.75,-22.75,0.0245019
-33.25,-22.75,0.028123
-32.75,-22.75,0.0317441
-32.25,-22.75,0.0353651
-31.75,-22.75,0.0389862
-31.25,-22.75,0.0426073
-30.75,-22.75,0.0467404
-30.25,-22.75,0.0508734
-29.75,-22.75,0.0550065
-29.25,-22.75,0.0591395
-28.75,-22.75,0.0632726
-28.25,-22.75,0.0675292
-27.75,-22.75,0.0717858
-27.25,-22.75,0.0760424
-26.75,-22.75,0.080299
-26.25,-22.75,0.0845556
-25.75,-22.75,0.088677
-25.25,-22.75,0.0927985
-24.75,-22.75,0.09692
-24.25,-22.75,0.101041
-23.75,-22.75,0.105163
-23.25,-22.75,0.109163
-22.75,-22.75,0.113163
-22.25,-22.75,0.117163
-21.75,-22.75,0.121163
-21.25,-22.75,0.125163
-20.75,-22.75,0.129021
-20.25,-22.75,0.132878
-19.75,-22.75,0.136736
-19.25,-22.75,0.140594
-18.75,-22.75,0.144452
-18.25,-22.75,0.148278
-17.75,-22.75,0.152104
-17.25,-22.75,0.15593
-16.75,-22.75,0.159756
-16.25,-22.75,0.163582
-15.75,-22.75,0.167473
-15.25,-22.75,0.171364
-14.75,-22.75,0.175256
-14.25,-22.75,0.179147
-13.75,-22.75,0.183038
-13.25,-22.75,0.187205
-12.75,-22.75,0.191373
-12.25,-22.75,0.19554
-11.75,-22.75,0.199707
-11.25,-22.75,0.203874
-10.75,-22.75,0.208365
-10.25,-22.75,0.212856
-9.75,-22.75,0.217347
-9.25,-22.75,0.221838
-8.75,-22.75,0.226329
-8.25,-22.75,0.231499
-7.75,-22.75,0.236669
-7.25,-22.75,0.241839
-6.75,-22.75,0.247009
-6.25,-22.75,0.252179
-5.75,-22.75,0.258029
-5.25,-22.75,0.263879
-4.75,-22.75,0.269729
-4.25,-22.75,0.27558
-3.75,-22.75,0.28143
-3.25,-22.75,0.288074
-2.75,-22.75,0.294718
-2.25,-22.75,0.301362
-1.75,-22.75,0.308006
-1.25,-22.75,0.31465
-0.75,-22.75,0.321709
-0.25,-22.75,0.328769
0.25,-22.75,0.335828
0.75,-22.75,0.342887
1.25,-22.75,0.349946
1.75,-22.75,0.356511
2.25,-22.75,0.363076
2.75,-22.75,0.36964
3.25,-22.75,0.376205
3.75,-22.75,0.38277
4.25,-22.75,0.387714
4.75,-22.75,0.392657
5.25,-22.75,0.397601
5.75,-22.75,0.402544
6.25,-22.75,0.407487
6.75,-22.75,0.409534
7.25,-22.75,0.411581
7.75,-22.75,0.413628
8.25,-22.75,0.415674
8.75,-22.75,0.417721
9.25,-22.75,0.415919
9.75,-22.75,0.414117
10.25,-22.75,0.412315
10.75,-22.75,0.410513
11.25,-22.75,0.408711
11.75,-22.75,0.403325
12.25,-22.75,0.397939
12.75,-22.75,0.392553
13.25,-22.75,0.387166
13.75,-22.75,0.38178
14.25,-22.75,0.373494
14.75,-22.75,0.365209
15.25,-22.75,0.356923
15.75,-22.75,0.348637
16.25,-22.75,0.340351
16.75,-22.75,0.330653
17.25,-22.75,0.320954
17.75,-22.75,0.311256
18.25,-22.75,0.301558
18.75,-22.75,0.291859
19.25,-22.75,0.281855
19.75,-22.75,0.27185
20.25,-22.75,0.261845
20.75,-22.75,0.251841
21.25,-22.75,0.241836
21.75,-22.75,0.232438
22.25,-22.75,0.22304
22.75,-22.75,0.213642
23.25,-22.75,0.204244
23.75,-22.75,0.194846
24.25,-22.75,0.186285
24.75,-22.75,0.177724
25.25,-22.75,0.169164
25.75,-22.75,0.160603
26.25,-22.75,0.152042
26.75,-22.75,0.144408
27.25,-22.75,0.136773
27.75,-22.75,0.129139
28.25,-22.75,0.121504
28.75,-22.75,0.11387
29.25,-22.75,0.107171
29.75,-22.75,0.100472
30.25,-22.75,0.0937728
30.75,-22.75,0.0870739
31.25,-22.75,0.0803749
31.75,-22.75,0.0747614
32.25,-22.75,0.0691479
32.75,-22.75,0.0635344
33.25,-22.75,0.0579209
33.75,-22.75,0.0523074
34.25,-22.75,0.0480521
34.75,-22.75,0.0437968
35.25,-22.75,0.0395415
35.75,-22.75,0.0352863
36.25,-22.75,0.031031
36.75,-22.75,0.0281674
37.25,-22.75,0.0253037
37.75,-22.75,0.0224401
38.25,-22.75,0.0195765
38.75,-22.75,0.0167128
39.25,-22.75,0.0151071
39.75,-22.75,0.0135014
40.25,-22.75,0.0118957
40.75,-22.75,0.01029
41.25,-22.75,0.00868426
41.75,-22.75,0.00783912
42.25,-22.75,0.00699399
42.75,-22.75,0.00614886
43.25,-22.75,0.00530373
43.75,-22.75,0.0044586
44.25,-22.75,0.0044586
44.75,-22.75,0.0044586
-44.75,-22.25,0.00396945
-44.25,-22.25,0.00396945
-43.75,-22.25,0.00396945
-43.25,-22.25,0.00416897
-42.75,-22.25,0.00436848
-42.25,-22.25,0.004568
-41.75,-22.25,0.00476752
-41.25,-22.25,0.00496704
-40.75,-22.25,0.0054592
-40.25,-22.25,0.00595136
-39.75,-22.25,0.00644352
-39.25,-22.25,0.00693568
-38.75,-22.25,0.00742784
-38.25,-22.25,0.00869639
-37.75,-22.25,0.00996494
-37.25,-22.25,0.0112335
-36.75,-22.25,0.012502
-36.25,-22.25,0.0137706
-35.75,-22.25,0.016452
-35.25,-22.25,0.0191334
-34.75,-22.25,0.0218147
-34.25,-22.25,0.0244961
-33.75,-22.25,0.0271775
-33.25,-22.25,0.0311123
-32.75,-22.25,0.035047
-32.25,-22.25,0.0389818
-31.75,-22.25,0.0429165
-31.25,-22.25,0.0468513
-30.75,-22.25,0.0512512
-30.25,-22.25,0.0556512
-29.75,-22.25,0.0600512
-29.25,-22.25,0.0644512
-28.75,-22.25,0.0688511
-28.25,-22.25,0.0733093
-27.75,-22.25,0.0777676
-27.25,-22.25,0.0822258
-26.75,-22.25,0.086684
-26.25,-22.25,0.0911422
-25.75,-22.25,0.095448
-25.25,-22.25,0.0997538
-24.75,-22.25,0.10406
-24.25,-22.25,0.108365
-23.75,-22.25,0.112671
-23.25,-22.25,0.116822
-22.75,-22.25,0.120972
-22.25,-22.25,0.125122
-21.75,-22.25,0.129273
-21.25,-22.25,0.133423
-20.75,-22.25,0.137451
-20.25,-22.25,0.141479
-19.75,-22.25,0.145508
-19.25,-22.25,0.149536
-18.75,-22.25,0.153564
-18.25,-22.25,0.15756
-17.75,-22.25,0.161555
-17.25,-22.25,0.16555
-16.75,-22.25,0.169546
-16.25,-22.25,0.173541
-15.75,-22.25,0.177598
-15.25,-22.25,0.181654
-14.75,-22.25,0.18571
-14.25,-22.25,0.189766
-13.75,-22.25,0.193822
-13.25,-22.25,0.198168
-12.75,-22.25,0.202513
-12.25,-22.25,0.206858
-11.75,-22.25,0.211203
-11.25,-22.25,0.215548
-10.75,-22.25,0.220251
-10.25,-22.25,0.224954
-9.75,-22.25,0.229657
-9.25,-22.25,0.23436
-8.75,-22.25,0.239063
-8.25,-22.25,0.24452
-7.75,-22.25,0.249977
-7.25,-22.25,0.255435
-6.75,-22.25,0.260892
-6.25,-22.25,0.266349
-5.75,-22.25,0.272481
-5.25,-22.25,0.278614
-4.75,-22.25,0.284746
-4.25,-22.25,0.290879
-3.75,-22.25,0.297011
-3.25,-22.25,0.303991
-2.75,-22.25,0.310972
-2.25,-22.25,0.317952
-1.75,-22.25,0.324932
-1.25,-22.25,0.331912
-0.75,-22.25,0.339302
-0.25,-22.25,0.346691
0.25,-22.25,0.354081
0.75,-22.25,0.361471
1.25,-22.25,0.36886
1.75,-22.25,0.375712
2.25,-22.25,0.382564
2.75,-22.25,0.389415
3.25,-22.25,0.396267
3.75,-22.25,0.403119
4.25,-22.25,0.408289
4.75,-22.25,0.413459
5.25,-22.25,0.418628
5.75,-22.25,0.423798
6.25,-22.25,0.428968
6.75,-22.25,0.431082
7.25,-22.25,0.433196
7.75,-22.25,0.435311
8.25,-22.25,0.437425
8.75,-22.25,0.439539
9.25,-22.25,0.437636
9.75,-22.25,0.435734
10.25,-22.25,0.433831
10.75,-22.25,0.431928
11.25,-22.25,0.430025
11.75,-22.25,0.424361
12.25,-22.25,0.418697
12.75,-22.25,0.413033
13.25,-22.25,0.407369
13.75,-22.25,0.401705
14.25,-22.25,0.39302
14.75,-22.25,0.384335
15.25,-22.25,0.37565
15.75,-22.25,0.366965
16.25,-22.25,0.35828
16.75,-22.25,0.348116
17.25,-22.25,0.337952
17.75,-22.25,0.327788
18.25,-22.25,0.317624
18.75,-22.25,0.307459
19.25,-22.25,0.297013
19.75,-22.25,0.286567
20.25,-22.25,0.276121
20.75,-22.25,0.265675
21.25,-22.25,0.255228
21.75,-22.25,0.245381
22.25,-22.25,0.235534
22.75,-22.25,0.225687
23.25,-22.25,0.21584
23.75,-22.25,0.205993
24.25,-22.25,0.19707
24.75,-22.25,0.188146
25.25,-22.25,0.179223
25.75,-22.25,0.170299
26.25,-22.25,0.161376
26.75,-22.25,0.153382
27.25,-22.25,0.145389
27.75,-22.25,0.137395
28.25,-22.25,0.129401
28.75,-22.25,0.121407
29.25,-22.25,0.114376
29.75,-22.25,0.107344
30.25,-22.25,0.100312
30.75,-22.25,0.0932797
31.25,-22.25,0.0862477
31.75,-22.25,0.0803032
32.25,-22.25,0.0743588
32.75,-22.25,0.0684143
33.25,-22.25,0.0624698
33.75,-22.25,0.0565254
34.25,-22.25,0.0519739
34.75,-22.25,0.0474224
35.25,-22.25,0.0428709
35.75,-22.25,0.0383194
36.25,-22.25,0.0337678
36.75,-22.25,0.0306632
37.25,-22.25,0.0275585
37.75,-22.25,0.0244539
38.25,-22.25,0.0213493
38.75,-22.25,0.0182446
39.25,-22.25,0.0164811
39.75,-22.25,0.0147177
40.25,-22.25,0.0129542
40.75,-22.25,0.0111908
41.25,-22.25,0.0094273
41.75,-22.25,0.00850114
42.25,-22.25,0.00757497
42.75,-22.25,0.0066488
43.25,-22.25,0.00572264
43.75,-22.25,0.00479647
44.25,-22.25,0.00479647
44.75,-22.25,0.00479647
-44.75,-21.75,0.00420658
-44.25,-21.75,0.00420658
-43.75,-21.75,0.00420658
-43.25,-21.75,0.00442435
-42.75,-21.75,0.00464212
-42.25,-21.75,0.00485989
-41.75,-21.75,0.00507767
-41.25,-21.75,0.00529544
-40.75,-21.75,0.00584224
-40.25,-21.75,0.00638904
-39.75,-21.75,0.00693584
-39.25,-21.75,0.00748264
-38.75,-21.75,0.00802944
-38.25,-21.75,0.0094411
-37.75,-21.75,0.0108528
-37.25,-21.75,0.0122644
-36.75,-21.75,0.0136761
-36.25,-21.75,0.0150878
-35.75,-21.75,0.0180408
-35.25,-21.75,0.0209939
-34.75,-21.75,0.023947
-34.25,-21.75,0.0269001
-33.75,-21.75,0.0298531
-33.25,-21.75,0.0341016
-32.75,-21.75,0.03835
-32.25,-21.75,0.0425984
-31.75,-21.75,0.0468468
-31.25,-21.75,0.0510953
-30.75,-21.75,0.0557621
-30.25,-21.75,0.060429
-29.75,-21.75,0.0650959
-29.25,-21.75,0.0697628
-28.75,-21.75,0.0744297
-28.25,-21.75,0.0790895
-27.75,-21.75,0.0837493
-27.25,-21.75,0.0884092
-26.75,-21.75,0.093069
-26.25,-21.75,0.0977288
-25.75,-21.75,0.102219
-25.25,-21.75,0.106709
-24.75,-21.75,0.111199
-24.25,-21.75,0.115689
-23.75,-21.75,0.12018
-23.25,-21.75,0.12448
-22.75,-21.75,0.128781
-22.25,-21.75,0.133082
-21.75,-21.75,0.137382
-21.25,-21.75,0.141683
-20.75,-21.75,0.145882
-20.25,-21.75,0.15008
-19.75,-21.75,0.154279
-19.25,-21.75,0.158478
-18.75,-21.75,0.162677
-18.25,-21.75,0.166841
-17.75,-21.75,0.171006
-17.25,-21.75,0.175171
-16.75,-21.75,0.179336
-16.25,-21.75,0.183501
-15.75,-21.75,0.187722
-15.25,-21.75,0.191943
-14.75,-21.75,0.196164
-14.25,-21.75,0.200385
-13.75,-21.75,0.204607
-13.25,-21.75,0.20913
-12.75,-21.75,0.213653
-12.25,-21.75,0.218176
-11.75,-21.75,0.222699
-11.25,-21.75,0.227222
-10.75,-21.75,0.232137
-10.25,-21.75,0.237052
-9.75,-21.75,0.241967
-9.25,-21.75,0.246882
-8.75,-21.75,0.251797
-8.25,-21.75,0.257542
-7.75,-21.75,0.263286
-7.25,-21.75,0.269031
-6.75,-21.75,0.274775
-6.25,-21.75,0.28052
-5.75,-21.75,0.286934
-5.25,-21.75,0.293349
-4.75,-21.75,0.299763
-4.25,-21.75,0.306178
-3.75,-21.75,0.312592
-3.25,-21.75,0.319909
-2.75,-21.75,0.327225
-2.25,-21.75,0.334541
-1.75,-21.75,0.341857
-1.25,-21.75,0.349174
-0.75,-21.75,0.356894
-0.25,-21.75,0.364614
0.25,-21.75,0.372334
0.75,-21.75,0.380054
1.25,-21.75,0.387775
1.75,-21.75,0.394913
2.25,-21.75,0.402052
2.75,-21.75,0.40919
3.25,-21.75,0.416329
3.75,-21.75,0.423468
4.25,-21.75,0.428864
4.75,-21.75,0.43426
5.25,-21.75,0.439656
5.75,-21.75,0.445053
6.25,-21.75,0.450449
6.75,-21.75,0.45263
7.25,-21.75,0.454812
7.75,-21.75,0.456994
8.25,-21.75,0.459175
8.75,-21.75,0.461357
9.25,-21.75,0.459354
9.75,-21.75,0.45735
10.25,-21.75,0.455347
10.75,-21.75,0.453343
11.25,-21.75,0.45134
11.75,-21.75,0.445398
12.25,-21.75,0.439456
12.75,-21.75,0.433513
13.25,-21.75,0.427571
13.75,-21.75,0.421629
14.25,-21.75,0.412545
14.75,-21.75,0.403461
15.25,-21.75,0.394377
15.75,-21.75,0.385293
16.25,-21.75,0.376209
16.75,-21.75,0.365579
17.25,-21.75,0.35495
17.75,-21.75,0.34432
18.25,-21.75,0.33369
18.75,-21.75,0.32306
19.25,-21.75,0.312172
19.75,-21.75,0.301284
20.25,-21.75,0.290396
20.75,-21.75,0.279509
21.25,-21.75,0.268621
21.75,-21.75,0.258325
22.25,-21.75,0.248029
22.75,-21.75,0.237733
23.25,-21.75,0.227436
23.75,-21.75,0.21714
24.25,-21.75,0.207854
24.75,-21.75,0.198568
25.25,-21.75,0.189282
25.75,-21.75,0.179996
26.25,-21.75,0.170709
26.75,-21.75,0.162357
27.25,-21.75,0.154004
27.75,-21.75,0.145651
28.25,-21.75,0.137298
28.75,-21.75,0.128945
29.25,-21.75,0.12158
29.75,-21.75,0.114215
30.25,-21.75,0.10685
30.75,-21.75,0.0994854
31.25,-21.75,0.0921205
31.75,-21.75,0.0858451
32.25,-21.75,0.0795696
32.75,-21.75,0.0732942
33.25,-21.75,0.0670188
33.75,-21.75,0.0607434
34.25,-21.75,0.0558956
34.75,-21.75,0.0510479
35.25,-21.75,0.0462002
35.75,-21.75,0.0413524
36.25,-21.75,0.0365047
36.75,-21.75,0.033159
37.25,-21.75,0.0298134
37.75,-21.75,0.0264677
38.25,-21.75,0.023122
38.75,-21.75,0.0197764
39.25,-21.75,0.0178552
39.75,-21.75,0.015934
40.25,-21.75,0.0140128
40.75,-21.75,0.0120916
41.25,-21.75,0.0101704
41.75,-21.75,0.00916315
42.25,-21.75,0.00815595
42.75,-21.75,0.00714874
43.25,-21.75,0.00614154
43.75,-21.75,0.00513434
44.25,-21.75,0.00513434
44.75,-21.75,0.00513434
-44.75,-21.25,0.00444371
-44.25,-21.25,0.00444371
-43.75,-21.25,0.00444371
-43.25,-21.25,0.00467973
-42.75,-21.25,0.00491576
-42.25,-21.25,0.00515179
-41.75,-21.25,0.00538781
-41.25,-21.25,0.00562384
-40.75,-21.25,0.00622528
-40.25,-21.25,0.00682672
-39.75,-21.25,0.00742816
-39.25,-21.25,0.0080296
-38.75,-21.25,0.00863103
-38.25,-21.25,0.0101858
-37.75,-21.25,0.0117406
-37.25,-21.25,0.0132954
-36.75,-21.25,0.0148501
-36.25,-21.25,0.0164049
-35.75,-21.25,0.0196297
-35.25,-21.25,0.0228545
-34.75,-21.25,0.0260792
-34.25,-21.25,0.029304
-33.75,-21.25,0.0325288
-33.25,-21.25,0.0370909
-32.75,-21.25,0.041653
-32.25,-21.25,0.046215
-31.75,-21.25,0.0507771
-31.25,-21.25,0.0553392
-30.75,-21.25,0.060273
-30.25,-21.25,0.0652068
-29.75,-21.25,0.0701407
-29.25,-21.25,0.0750745
-28.75,-21.25,0.0800083
-28.25,-21.25,0.0848697
-27.75,-21.25,0.0897311
-27.25,-21.25,0.0945926
-26.75,-21.25,0.099454
-26.25,-21.25,0.104315
-25.75,-21.25,0.10899
-25.25,-21.25,0.113664
-24.75,-21.25,0.118339
-24.25,-21.25,0.123013
-23.75,-21.25,0.127688
-23.25,-21.25,0.132139
-22.75,-21.25,0.13659
-22.25,-21.25,0.141041
-21.75,-21.25,0.145492
-21.25,-21.25,0.149943
-20.75,-21.25,0.154312
-20.25,-21.25,0.158682
-19.75,-21.25,0.163051
-19.25,-21.25,0.16742
-18.75,-21.25,0.171789
-18.25,-21.25,0.176123
-17.75,-21.25,0.180457
-17.25,-21.25,0.184791
-16.75,-21.25,0.189126
-16.25,-21.25,0.19346
-15.75,-21.25,0.197846
-15.25,-21.25,0.202232
-14.75,-21.25,0.206618
-14.25,-21.25,0.211005
-13.75,-21.25,0.215391
-13.25,-21.25,0.220092
-12.75,-21.25,0.224793
-12.25,-21.25,0.229494
-11.75,-21.25,0.234195
-11.25,-21.25,0.238896
-10.75,-21.25,0.244023
-10.25,-21.25,0.24915
-9.75,-21.25,0.254277
-9.25,-21.25,0.259404
-8.75,-21.25,0.264531
-8.25,-21.25,0.270563
-7.75,-21.25,0.276595
-7.25,-21.25,0.282627
-6.75,-21.25,0.288658
-6.25,-21.25,0.29469
-5.75,-21.25,0.301387
-5.25,-21.25,0.308084
-4.75,-21.25,0.31478
-4.25,-21.25,0.321477
-3.75,-21.25,0.328174
-3.25,-21.25,0.335826
-2.75,-21.25,0.343478
-2.25,-21.25,0.351131
-1.75,-21.25,0.358783
-1.25,-21.25,0.366435
-0.75,-21.25,0.374486
-0.25,-21.25,0.382537
0.25,-21.25,0.390588
0.75,-21.25,0.398638
1.25,-21.25,0.406689
1.75,-21.25,0.414115
2.25,-21.25,0.42154
2.75,-21.25,0.428965
3.25,-21.25,0.436391
3.75,-21.25,0.443816
4.25,-21.25,0.449439
4.75,-21.25,0.455062
5.25,-21.25,0.460684
5.75,-21.25,0.466307
6.25,-21.25,0.471929
6.75,-21.25,0.474179
7.25,-21.25,0.476428
7.75,-21.25,0.478677
8.25,-21.25,0.480926
8.75,-21.25,0.483175
9.25,-21.25,0.481071
9.75,-21.25,0.478967
10.25,-21.25,0.476863
10.75,-21.25,0.474759
11.25,-21.25,0.472655
11.75,-21.25,0.466434
12.25,-21.25,0.460214
12.75,-21.25,0.453994
13.25,-21.25,0.447774
13.75,-21.25,0.441553
14.25,-21.25,0.43207
14.75,-21.25,0.422587
15.25,-21.25,0.413104
15.75,-21.25,0.403621
16.25,-21.25,0.394139
16.75,-21.25,0.383043
17.25,-21.25,0.371947
17.75,-21.25,0.360851
18.25,-21.25,0.349756
18.75,-21.25,0.33866
19.25,-21.25,0.327331
19.75,-21.25,0.316001
20.25,-21.25,0.304672
20.75,-21.25,0.293342
21.25,-21.25,0.282013
21.75,-21.25,0.271268
22.25,-21.25,0.260523
22.75,-21.25,0.249778
23.25,-21.25,0.239033
23.75,-21.25,0.228288
24.25,-21.25,0.218639
24.75,-21.25,0.20899
25.25,-21.25,0.199341
25.75,-21.25,0.189692
26.25,-21.25,0.180043
26.75,-21.25,0.171331
27.25,-21.25,0.162619
27.75,-21.25,0.153907
28.25,-21.25,0.145195
28.75,-21.25,0.136483
29.25,-21.25,0.128785
29.75,-21.25,0.121087
30.25,-21.25,0.113389
30.75,-21.25,0.105691
31.25,-21.25,0.0979933
31.75,-21.25,0.0913869
32.25,-21.25,0.0847805
32.75,-21.25,0.0781741
33.25,-21.25,0.0715678
33.75,-21.25,0.0649614
34.25,-21.25,0.0598174
34.75,-21.25,0.0546734
35.25,-21.25,0.0495295
35.75,-21.25,0.0443855
36.25,-21.25,0.0392415
36.75,-21.25,0.0356549
37.25,-21.25,0.0320682
37.75,-21.25,0.0284815
38.25,-21.25,0.0248948
38.75,-21.25,0.0213081
39.25,-21.25,0.0192292
39.75,-21.25,0.0171502
40.25,-21.25,0.0150713
40.75,-21.25,0.0129923
41.25,-21.25,0.0109134
41.75,-21.25,0.00982516
42.25,-21.25,0.00873692
42.75,-21.25,0.00764869
43.25,-21.25,0.00656045
43.75,-21.25,0.00547221
44.25,-21.25,0.00547221
44.75,-21.25,0.00547221
-44.75,-20.75,0.00473886
-44.25,-20.75,0.00473886
-43.75,-20.75,0.00473886
-43.25,-20.75,0.00500466
-42.75,-20.75,0.00527046
-42.25,-20.75,0.00553626
-41.75,-20.75,0.00580207
-41.25,-20.75,0.00606787
-40.75,-20.75,0.006765
-40.25,-20.75,0.00746213
-39.75,-20.75,0.00815926
-39.25,-20.75,0.00885639
-38.75,-20.75,0.00955352
-38.25,-20.75,0.0113281
-37.75,-20.75,0.0131027
-37.25,-20.75,0.0148773
-36.75,-20.75,0.0166519
-36.25,-20.75,0.0184264
-35.75,-20.75,0.0219875
-35.25,-20.75,0.0255485
-34.75,-20.75,0.0291096
-34.25,-20.75,0.0326706
-33.75,-20.75,0.0362316
-33.25,-20.75,0.0411377
-32.75,-20.75,0.0460437
-32.25,-20.75,0.0509497
-31.75,-20.75,0.0558557
-31.25,-20.75,0.0607618
-30.75,-20.75,0.0659739
-30.25,-20.75,0.0711861
-29.75,-20.75,0.0763982
-29.25,-20.75,0.0816104
-28.75,-20.75,0.0868225
-28.25,-20.75,0.0918966
-27.75,-20.75,0.0969708
-27.25,-20.75,0.102045
-26.75,-20.75,0.107119
-26.25,-20.75,0.112193
-25.75,-20.75,0.117065
-25.25,-20.75,0.121937
-24.75,-20.75,0.126809
-24.25,-20.75,0.13168
-23.75,-20.75,0.136552
-23.25,-20.75,0.14117
-22.75,-20.75,0.145788
-22.25,-20.75,0.150406
-21.75,-20.75,0.155024
-21.25,-20.75,0.159642
-20.75,-20.75,0.164166
-20.25,-20.75,0.168691
-19.75,-20.75,0.173216
-19.25,-20.75,0.17774
-18.75,-20.75,0.182265
-18.25,-20.75,0.186768
-17.75,-20.75,0.191271
-17.25,-20.75,0.195774
-16.75,-20.75,0.200277
-16.25,-20.75,0.20478
-15.75,-20.75,0.209375
-15.25,-20.75,0.213971
-14.75,-20.75,0.218567
-14.25,-20.75,0.223163
-13.75,-20.75,0.227759
-13.25,-20.75,0.232667
-12.75,-20.75,0.237576
-12.25,-20.75,0.242484
-11.75,-20.75,0.247393
-11.25,-20.75,0.252301
-10.75,-20.75,0.257687
-10.25,-20.75,0.263074
-9.75,-20.75,0.26846
-9.25,-20.75,0.273846
-8.75,-20.75,0.279232
-8.25,-20.75,0.28552
-7.75,-20.75,0.291808
-7.25,-20.75,0.298096
-6.75,-20.75,0.304384
-6.25,-20.75,0.310672
-5.75,-20.75,0.31772
-5.25,-20.75,0.324769
-4.75,-20.75,0.331817
-4.25,-20.75,0.338866
-3.75,-20.75,0.345914
-3.25,-20.75,0.353929
-2.75,-20.75,0.361944
-2.25,-20.75,0.369959
-1.75,-20.75,0.377974
-1.25,-20.75,0.385988
-0.75,-20.75,0.394427
-0.25,-20.75,0.402866
0.25,-20.75,0.411305
0.75,-20.75,0.419744
1.25,-20.75,0.428183
1.75,-20.75,0.435954
2.25,-20.75,0.443726
2.75,-20.75,0.451497
3.25,-20.75,0.459268
3.75,-20.75,0.467039
4.25,-20.75,0.472901
4.75,-20.75,0.478762
5.25,-20.75,0.484623
5.75,-20.75,0.490485
6.25,-20.75,0.496346
6.75,-20.75,0.498663
7.25,-20.75,0.500979
7.75,-20.75,0.503296
8.25,-20.75,0.505613
8.75,-20.75,0.507929
9.25,-20.75,0.505673
9.75,-20.75,0.503416
10.25,-20.75,0.50116
10.75,-20.75,0.498904
11.25,-20.75,0.496647
11.75,-20.75,0.490101
12.25,-20.75,0.483554
12.75,-20.75,0.477008
13.25,-20.75,0.470462
13.75,-20.75,0.463915
14.25,-20.75,0.453959
14.75,-20.75,0.444003
15.25,-20.75,0.434047
15.75,-20.75,0.424091
16.25,-20.75,0.414135
16.75,-20.75,0.402542
17.25,-20.75,0.390949
17.75,-20.75,0.379356
18.25,-20.75,0.367763
18.75,-20.75,0.35617
19.25,-20.75,0.34436
19.75,-20.75,0.33255
20.25,-20.75,0.32074
20.75,-20.75,0.30893
21.25,-20.75,0.29712
21.75,-20.75,0.285878
22.25,-20.75,0.274635
22.75,-20.75,0.263393
23.25,-20.75,0.25215
23.75,-20.75,0.240907
24.25,-20.75,0.230836
24.75,-20.75,0.220765
25.25,-20.75,0.210694
25.75,-20.75,0.200623
26.25,-20.75,0.190552
26.75,-20.75,0.18146
27.25,-20.75,0.172368
27.75,-20.75,0.163276
28.25,-20.75,0.154184
28.75,-20.75,0.145091
29.25,-20.75,0.137032
29.75,-20.75,0.128973
30.25,-20.75,0.120913
30.75,-20.75,0.112854
31.25,-20.75,0.104795
31.75,-20.75,0.0978535
32.25,-20.75,0.0909122
32.75,-20.75,0.0839708
33.25,-20.75,0.0770295
33.75,-20.75,0.0700882
34.25,-20.75,0.064613
34.75,-20.75,0.0591378
35.25,-20.75,0.0536627
35.75,-20.75,0.0481875
36.25,-20.75,0.0427123
36.75,-20.75,0.0388435
37.25,-20.75,0.0349747
37.75,-20.75,0.0311059
38.25,-20.75,0.0272371
38.75,-20.75,0.0233683
39.25,-20.75,0.0210816
39.75,-20.75,0.0187949
40.25,-20.75,0.0165082
40.75,-20.75,0.0142214
41.25,-20.75,0.0119347
41.75,-20.75,0.0107321
42.25,-20.75,0.00952947
42.75,-20.75,0.00832684
43.25,-20.75,0.00712421
43.75,-20.75,0.00592159
44.25,-20.75,0.00592159
44.75,-20.75,0.00592159
-44.75,-20.25,0.00503401
-44.25,-20.25,0.00503401
-43.75,-20.25,0.00503401
-43.25,-20.25,0.00532959
-42.75,-20.25,0.00562516
-42.25,-20.25,0.00592074
-41.75,-20.25,0.00621632
-41.25,-20.25,0.00651189
-40.75,-20.25,0.00730472
-40.25,-20.25,0.00809754
-39.75,-20.25,0.00889037
-39.25,-20.25,0.00968319
-38.75,-20.25,0.010476
-38.25,-20.25,0.0124704
-37.75,-20.25,0.0144648
-37.25,-20.25,0.0164592
-36.75,-20.25,0.0184536
-36.25,-20.25,0.020448
-35.75,-20.25,0.0243453
-35.25,-20.25,0.0282426
-34.75,-20.25,0.0321399
-34.25,-20.25,0.0360372
-33.75,-20.25,0.0399345
-33.25,-20.25,0.0451844
-32.75,-20.25,0.0504344
-32.25,-20.25,0.0556844
-31.75,-20.25,0.0609343
-31.25,-20.25,0.0661843
-30.75,-20.25,0.0716748
-30.25,-20.25,0.0771653
-29.75,-20.25,0.0826558
-29.25,-20.25,0.0881463
-28.75,-20.25,0.0936368
-28.25,-20.25,0.0989236
-27.75,-20.25,0.10421
-27.25,-20.25,0.109497
-26.75,-20.25,0.114784
-26.25,-20.25,0.120071
-25.75,-20.25,0.12514
-25.25,-20.25,0.130209
-24.75,-20.25,0.135278
-24.25,-20.25,0.140347
-23.75,-20.25,0.145417
-23.25,-20.25,0.150201
-22.75,-20.25,0.154986
-22.25,-20.25,0.159771
-21.75,-20.25,0.164555
-21.25,-20.25,0.16934
-20.75,-20.25,0.17402
-20.25,-20.25,0.1787
-19.75,-20.25,0.18338
-19.25,-20.25,0.188061
-18.75,-20.25,0.192741
-18.25,-20.25,0.197413
-17.75,-20.25,0.202084
-17.25,-20.25,0.206756
-16.75,-20.25,0.211428
-16.25,-20.25,0.216099
-15.75,-20.25,0.220905
-15.25,-20.25,0.22571
-14.75,-20.25,0.230515
-14.25,-20.25,0.235321
-13.75,-20.25,0.240126
-13.25,-20.25,0.245242
-12.75,-20.25,0.250358
-12.25,-20.25,0.255474
-11.75,-20.25,0.26059
-11.25,-20.25,0.265706
-10.75,-20.25,0.271352
-10.25,-20.25,0.276997
-9.75,-20.25,0.282643
-9.25,-20.25,0.288288
-8.75,-20.25,0.293933
-8.25,-20.25,0.300477
-7.75,-20.25,0.307021
-7.25,-20.25,0.313565
-6.75,-20.25,0.320109
-6.25,-20.25,0.326654
-5.75,-20.25,0.334054
-5.25,-20.25,0.341454
-4.75,-20.25,0.348854
-4.25,-20.25,0.356255
-3.75,-20.25,0.363655
-3.25,-20.25,0.372032
-2.75,-20.25,0.38041
-2.25,-20.25,0.388787
-1.75,-20.25,0.397164
-1.25,-20.25,0.405542
-0.75,-20.25,0.414369
-0.25,-20.25,0.423196
0.25,-20.25,0.432023
0.75,-20.25,0.44085
1.25,-20.25,0.449677
1.75,-20.25,0.457794
2.25,-20.25,0.465911
2.75,-20.25,0.474028
3.25,-20.25,0.482146
3.75,-20.25,0.490263
4.25,-20.25,0.496363
4.75,-20.25,0.502463
5.25,-20.25,0.508563
5.75,-20.25,0.514663
6.25,-20.25,0.520763
6.75,-20.25,0.523147
7.25,-20.25,0.525531
7.75,-20.25,0.527915
8.25,-20.25,0.530299
8.75,-20.25,0.532683
9.25,-20.25,0.530275
9.75,-20.25,0.527866
10.25,-20.25,0.525457
10.75,-20.25,0.523048
11.25,-20.25,0.52064
11.75,-20.25,0.513767
12.25,-20.25,0.506895
12.75,-20.25,0.500022
13.25,-20.25,0.49315
13.75,-20.25,0.486277
14.25,-20.25,0.475848
14.75,-20.25,0.465419
15.25,-20.25,0.45499
15.75,-20.25,0.444561
16.25,-20.25,0.434132
16.75,-20.25,0.422042
17.25,-20.25,0.409951
17.75,-20.25,0.397861
18.25,-20.25,0.38577
18.75,-20.25,0.373679
19.25,-20.25,0.361389
19.75,-20.25,0.349099
20.25,-20.25,0.336808
20.75,-20.25,0.324518
21.25,-20.25,0.312228
21.75,-20.25,0.300488
22.25,-20.25,0.288747
22.75,-20.25,0.277007
23.25,-20.25,0.265267
23.75,-20.25,0.253527
24.25,-20.25,0.243034
24.75,-20.25,0.232541
25.25,-20.25,0.222048
25.75,-20.25,0.211554
26.25,-20.25,0.201061
26.75,-20.25,0.191589
27.25,-20.25,0.182117
27.75,-20.25,0.172644
28.25,-20.25,0.163172
28.75,-20.25,0.1537
29.25,-20.25,0.145279
29.75,-20.25,0.136859
30.25,-20.25,0.128438
30.75,-20.25,0.120017
31.25,-20.25,0.111596
31.75,-20.25,0.10432
32.25,-20.25,0.0970438
32.75,-20.25,0.0897675
33.25,-20.25,0.0824912
33.75,-20.25,0.075215
34.25,-20.25,0.0694086
34.75,-20.25,0.0636022
35.25,-20.25,0.0577959
35.75,-20.25,0.0519895
36.25,-20.25,0.0461831
36.75,-20.25,0.0420322
37.25,-20.25,0.0378813
37.75,-20.25,0.0337304
38.25,-20.25,0.0295795
38.75,-20.25,0.0254285
39.25,-20.25,0.022934
39.75,-20.25,0.0204395
40.25,-20.25,0.0179451
40.75,-20.25,0.0154506
41.25,-20.25,0.0129561
41.75,-20.25,0.011639
42.25,-20.25,0.010322
42.75,-20.25,0.009005
43.25,-20.25,0.00768798
43.75,-20.25,0.00637096
44.25,-20.25,0.00637096
44.75,-20.25,0.00637096
-44.75,-19.75,0.00532916
-44.25,-19.75,0.00532916
-43.75,-19.75,0.00532916
-43.25,-19.75,0.00565451
-42.75,-19.75,0.00597986
-42.25,-19.75,0.00630522
-41.75,-19.75,0.00663057
-41.25,-19.75,0.00695592
-40.75,-19.75,0.00784444
-40.25,-19.75,0.00873295
-39.75,-19.75,0.00962147
-39.25,-19.75,0.01051
-38.75,-19.75,0.0113985
-38.25,-19.75,0.0136127
-37.75,-19.75,0.0158269
-37.25,-19.75,0.0180411
-36.75,-19.75,0.0202553
-36.25,-19.75,0.0224695
-35.75,-19.75,0.026703
-35.25,-19.75,0.0309366
-34.75,-19.75,0.0351702
-34.25,-19.75,0.0394038
-33.75,-19.75,0.0436373
-33.25,-19.75,0.0492312
-32.75,-19.75,0.0548251
-32.25,-19.75,0.060419
-31.75,-19.75,0.0660129
-31.25,-19.75,0.0716068
-30.75,-19.75,0.0773756
-30.25,-19.75,0.0831445
-29.75,-19.75,0.0889133
-29.25,-19.75,0.0946822
-28.75,-19.75,0.100451
-28.25,-19.75,0.105951
-27.75,-19.75,0.11145
-27.25,-19.75,0.116949
-26.75,-19.75,0.122449
-26.25,-19.75,0.127948
-25.75,-19.75,0.133215
-25.25,-19.75,0.138481
-24.75,-19.75,0.143748
-24.25,-19.75,0.149015
-23.75,-19.75,0.154281
-23.25,-19.75,0.159232
-22.75,-19.75,0.164184
-22.25,-19.75,0.169135
-21.75,-19.75,0.174087
-21.25,-19.75,0.179038
-20.75,-19.75,0.183874
-20.25,-19.75,0.18871
-19.75,-19.75,0.193545
-19.25,-19.75,0.198381
-18.75,-19.75,0.203217
-18.25,-19.75,0.208057
-17.75,-19.75,0.212898
-17.25,-19.75,0.217738
-16.75,-19.75,0.222579
-16.25,-19.75,0.227419
-15.75,-19.75,0.232434
-15.25,-19.75,0.237449
-14.75,-19.75,0.242464
-14.25,-19.75,0.247479
-13.75,-19.75,0.252494
-13.25,-19.75,0.257817
-12.75,-19.75,0.263141
-12.25,-19.75,0.268465
-11.75,-19.75,0.273788
-11.25,-19.75,0.279112
-10.75,-19.75,0.285016
-10.25,-19.75,0.290921
-9.75,-19.75,0.296825
-9.25,-19.75,0.30273
-8.75,-19.75,0.308634
-8.25,-19.75,0.315434
-7.75,-19.75,0.322235
-7.25,-19.75,0.329035
-6.75,-19.75,0.335835
-6.25,-19.75,0.342635
-5.75,-19.75,0.350387
-5.25,-19.75,0.358139
-4.75,-19.75,0.365891
-4.25,-19.75,0.373643
-3.75,-19.75,0.381395
-3.25,-19.75,0.390135
-2.75,-19.75,0.398875
-2.25,-19.75,0.407615
-1.75,-19.75,0.416355
-1.25,-19.75,0.425095
-0.75,-19.75,0.43431
-0.25,-19.75,0.443525
0.25,-19.75,0.452741
0.75,-19.75,0.461956
1.25,-19.75,0.471171
1.75,-19.75,0.479634
2.25,-19.75,0.488097
2.75,-19.75,0.49656
3.25,-19.75,0.505023
3.75,-19.75,0.513486
4.25,-19.75,0.519825
4.75,-19.75,0.526163
5.25,-19.75,0.532502
5.75,-19.75,0.538841
6.25,-19.75,0.545179
6.75,-19.75,0.547631
7.25,-19.75,0.550083
7.75,-19.75,0.552534
8.25,-19.75,0.554986
8.75,-19.75,0.557438
9.25,-19.75,0.554876
9.75,-19.75,0.552315
10.25,-19.75,0.549754
10.75,-19.75,0.547193
11.25,-19.75,0.544632
11.75,-19.75,0.537434
12.25,-19.75,0.530235
12.75,-19.75,0.523036
13.25,-19.75,0.515838
13.75,-19.75,0.508639
14.25,-19.75,0.497737
14.75,-19.75,0.486835
15.25,-19.75,0.475933
15.75,-19.75,0.465031
16.25,-19.75,0.454129
16.75,-19.75,0.441541
17.25,-19.75,0.428953
17.75,-19.75,0.416365
18.25,-19.75,0.403777
18.75,-19.75,0.391189
19.25,-19.75,0.378418
19.75,-19.75,0.365647
20.25,-19.75,0.352877
20.75,-19.75,0.340106
21.25,-19.75,0.327335
21.75,-19.75,0.315098
22.25,-19.75,0.30286
22.75,-19.75,0.290622
23.25,-19.75,0.278384
23.75,-19.75,0.266147
24.25,-19.75,0.255231
24.75,-19.75,0.244316
25.25,-19.75,0.233401
25.75,-19.75,0.222486
26.25,-19.75,0.21157
26.75,-19.75,0.201718
27.25,-19.75,0.191866
27.75,-19.75,0.182013
28.25,-19.75,0.172161
28.75,-19.75,0.162308
29.25,-19.75,0.153526
29.75,-19.75,0.144744
30.25,-19.75,0.135962
30.75,-19.75,0.12718
31.25,-19.75,0.118398
31.75,-19.75,0.110787
32.25,-19.75,0.103176
32.75,-19.75,0.0955643
33.25,-19.75,0.087953
33.75,-19.75,0.0803417
34.25,-19.75,0.0742042
34.75,-19.75,0.0680666
35.25,-19.75,0.0619291
35.75,-19.75,0.0557915
36.25,-19.75,0.0496539
36.75,-19.75,0.0452209
37.25,-19.75,0.0407879
37.75,-19.75,0.0363548
38.25,-19.75,0.0319218
38.75,-19.75,0.0274888
39.25,-19.75,0.0247865
39.75,-19.75,0.0220842
40.25,-19.75,0.0193819
40.75,-19.75,0.0166797
41.25,-19.75,0.0139774
41.75,-19.75,0.012546
42.25,-19.75,0.0111146
42.75,-19.75,0.00968316
43.25,-19.75,0.00825175
43.75,-19.75,0.00682034
44.25,-19.75,0.00682034
44.75,-19.75,0.00682034
-44.75,-19.25,0.00562431
-44.25,-19.25,0.00562431
-43.75,-19.25,0.00562431
-43.25,-19.25,0.00597944
-42.75,-19.25,0.00633457
-42.25,-19.25,0.00668969
-41.75,-19.25,0.00704482
-41.25,-19.25,0.00739995
-40.75,-19.25,0.00838416
-40.25,-19.25,0.00936837
-39.75,-19.25,0.0103526
-39.25,-19.25,0.0113368
-38.75,-19.25,0.012321
-38.25,-19.25,0.014755
-37.75,-19.25,0.017189
-37.25,-19.25,0.019623
-36.75,-19.25,0.022057
-36.25,-19.25,0.024491
-35.75,-19.25,0.0290608
-35.25,-19.25,0.0336307
-34.75,-19.25,0.0382005
-34.25,-19.25,0.0427704
-33.75,-19.25,0.0473402
-33.25,-19.25,0.053278
-32.75,-19.25,0.0592158
-32.25,-19.25,0.0651537
-31.75,-19.25,0.0710915
-31.25,-19.25,0.0770293
-30.75,-19.25,0.0830765
-30.25,-19.25,0.0891237
-29.75,-19.25,0.0951709
-29.25,-19.25,0.101218
-28.75,-19.25,0.107265
-28.25,-19.25,0.112977
-27.75,-19.25,0.11869
-27.25,-19.25,0.124402
-26.75,-19.25,0.130114
-26.25,-19.25,0.135826
-25.75,-19.25,0.14129
-25.25,-19.25,0.146754
-24.75,-19.25,0.152218
-24.25,-19.25,0.157682
-23.75,-19.25,0.163146
-23.25,-19.25,0.168264
-22.75,-19.25,0.173382
-22.25,-19.25,0.1785
-21.75,-19.25,0.183618
-21.25,-19.25,0.188736
-20.75,-19.25,0.193728
-20.25,-19.25,0.198719
-19.75,-19.25,0.20371
-19.25,-19.25,0.208701
-18.75,-19.25,0.213693
-18.25,-19.25,0.218702
-17.75,-19.25,0.223711
-17.25,-19.25,0.228721
-16.75,-19.25,0.23373
-16.25,-19.25,0.238739
-15.75,-19.25,0.243964
-15.25,-19.25,0.249188
-14.75,-19.25,0.254412
-14.25,-19.25,0.259637
-13.75,-19.25,0.264861
-13.25,-19.25,0.270393
-12.75,-19.25,0.275924
-12.25,-19.25,0.281455
-11.75,-19.25,0.286986
-11.25,-19.25,0.292517
-10.75,-19.25,0.298681
-10.25,-19.25,0.304844
-9.75,-19.25,0.311008
-9.25,-19.25,0.317171
-8.75,-19.25,0.323335
-8.25,-19.25,0.330391
-7.75,-19.25,0.337448
-7.25,-19.25,0.344504
-6.75,-19.25,0.351561
-6.25,-19.25,0.358617
-5.75,-19.25,0.366721
-5.25,-19.25,0.374825
-4.75,-19.25,0.382928
-4.25,-19.25,0.391032
-3.75,-19.25,0.399136
-3.25,-19.25,0.408238
-2.75,-19.25,0.417341
-2.25,-19.25,0.426443
-1.75,-19.25,0.435546
-1.25,-19.25,0.444648
-0.75,-19.25,0.454251
-0.25,-19.25,0.463855
0.25,-19.25,0.473458
0.75,-19.25,0.483062
1.25,-19.25,0.492665
1.75,-19.25,0.501474
2.25,-19.25,0.510283
2.75,-19.25,0.519091
3.25,-19.25,0.5279
3.75,-19.25,0.536709
4.25,-19.25,0.543286
4.75,-19.25,0.549864
5.25,-19.25,0.556441
5.75,-19.25,0.563019
6.25,-19.25,0.569596
6.75,-19.25,0.572115
7.25,-19.25,0.574634
7.75,-19.25,0.577153
8.25,-19.25,0.579673
8.75,-19.25,0.582192
9.25,-19.25,0.579478
9.75,-19.25,0.576765
10.25,-19.25,0.574051
10.75,-19.25,0.571338
11.25,-19.25,0.568625
11.75,-19.25,0.5611
12.25,-19.25,0.553575
12.75,-19.25,0.546051
13.25,-19.25,0.538526
13.75,-19.25,0.531001
14.25,-19.25,0.519626
14.75,-19.25,0.508251
15.25,-19.25,0.496876
15.75,-19.25,0.485501
16.25,-19.25,0.474126
16.75,-19.25,0.461041
17.25,-19.25,0.447955
17.75,-19.25,0.43487
18.25,-19.25,0.421784
18.75,-19.25,0.408699
19.25,-19.25,0.395447
19.75,-19.25,0.382196
20.25,-19.25,0.368945
20.75,-19.25,0.355694
21.25,-19.25,0.342443
21.75,-19.25,0.329707
22.25,-19.25,0.316972
22.75,-19.25,0.304237
23.25,-19.25,0.291501
23.75,-19.25,0.278766
24.25,-19.25,0.267429
24.75,-19.25,0.256092
25.25,-19.25,0.244754
25.75,-19.25,0.233417
26.25,-19.25,0.22208
26.75,-19.25,0.211847
27.25,-19.25,0.201614
27.75,-19.25,0.191382
28.25,-19.25,0.181149
28.75,-19.25,0.170917
29.25,-19.25,0.161773
29.75,-19.25,0.15263
30.25,-19.25,0.143487
30.75,-19.25,0.134343
31.25,-19.25,0.1252
31.75,-19.25,0.117253
32.25,-19.25,0.109307
32.75,-19.25,0.101361
33.25,-19.25,0.0934147
33.75,-19.25,0.0854685
34.25,-19.25,0.0789998
34.75,-19.25,0.072531
35.25,-19.25,0.0660623
35.75,-19.25,0.0595935
36.25,-19.25,0.0531247
36.75,-19.25,0.0484096
37.25,-19.25,0.0436944
37.75,-19.25,0.0389793
38.25,-19.25,0.0342641
38.75,-19.25,0.029549
39.25,-19.25,0.0266389
39.75,-19.25,0.0237289
40.25,-19.25,0.0208188
40.75,-19.25,0.0179088
41.25,-19.25,0.0149987
41.75,-19.25,0.0134529
42.25,-19.25,0.0119071
42.75,-19.25,0.0103613
43.25,-19.25,0.00881551
43.75,-19.25,0.00726971
44.25,-19.25,0.00726971
44.75,-19.25,0.00726971
-44.75,-18.75,0.00591946
-44.25,-18.75,0.00591946
-43.75,-18.75,0.00591946
-43.25,-18.75,0.00630436
-42.75,-18.75,0.00668927
-42.25,-18.75,0.00707417
-41.75,-18.75,0.00745907
-41.25,-18.75,0.00784398
-40.75,-18.75,0.00892388
-40.25,-18.75,0.0100038
-39.75,-18.75,0.0110837
-39.25,-18.75,0.0121636
-38.75,-18.75,0.0132435
-38.25,-18.75,0.0158973
-37.75,-18.75,0.0185511
-37.25,-18.75,0.0212049
-36.75,-18.75,0.0238587
-36.25,-18.75,0.0265125
-35.75,-18.75,0.0314186
-35.25,-18.75,0.0363247
-34.75,-18.75,0.0412308
-34.25,-18.75,0.046137
-33.75,-18.75,0.0510431
-33.25,-18.75,0.0573248
-32.75,-18.75,0.0636066
-32.25,-18.75,0.0698883
-31.75,-18.75,0.0761701
-31.25,-18.75,0.0824518
-30.75,-18.75,0.0887774
-30.25,-18.75,0.0951029
-29.75,-18.75,0.101428
-29.25,-18.75,0.107754
-28.75,-18.75,0.11408
-28.25,-18.75,0.120004
-27.75,-18.75,0.125929
-27.25,-18.75,0.131854
-26.75,-18.75,0.137779
-26.25,-18.75,0.143704
-25.75,-18.75,0.149365
-25.25,-18.75,0.155026
-24.75,-18.75,0.160687
-24.25,-18.75,0.166349
-23.75,-18.75,0.17201
-23.25,-18.75,0.177295
-22.75,-18.75,0.18258
-22.25,-18.75,0.187865
-21.75,-18.75,0.19315
-21.25,-18.75,0.198435
-20.75,-18.75,0.203581
-20.25,-18.75,0.208728
-19.75,-18.75,0.213875
-19.25,-18.75,0.219022
-18.75,-18.75,0.224169
-18.25,-18.75,0.229347
-17.75,-18.75,0.234525
-17.25,-18.75,0.239703
-16.75,-18.75,0.244881
-16.25,-18.75,0.250059
-15.75,-18.75,0.255493
-15.25,-18.75,0.260927
-14.75,-18.75,0.266361
-14.25,-18.75,0.271795
-13.75,-18.75,0.277229
-13.25,-18.75,0.282968
-12.75,-18.75,0.288706
-12.25,-18.75,0.294445
-11.75,-18.75,0.300184
-11.25,-18.75,0.305922
-10.75,-18.75,0.312345
-10.25,-18.75,0.318768
-9.75,-18.75,0.325191
-9.25,-18.75,0.331613
-8.75,-18.75,0.338036
-8.25,-18.75,0.345348
-7.75,-18.75,0.352661
-7.25,-18.75,0.359974
-6.75,-18.75,0.367286
-6.25,-18.75,0.374599
-5.75,-18.75,0.383054
-5.25,-18.75,0.39151
-4.75,-18.75,0.399965
-4.25,-18.75,0.408421
-3.75,-18.75,0.416876
-3.25,-18.75,0.426341
-2.75,-18.75,0.435806
-2.25,-18.75,0.445271
-1.75,-18.75,0.454736
-1.25,-18.75,0.464201
-0.75,-18.75,0.474193
-0.25,-18.75,0.484184
0.25,-18.75,0.494176
0.75,-18.75,0.504168
1.25,-18.75,0.514159
1.75,-18.75,0.523314
2.25,-18.75,0.532468
2.75,-18.75,0.541623
3.25,-18.75,0.550778
3.75,-18.75,0.559932
4.25,-18.75,0.566748
4.75,-18.75,0.573564
5.25,-18.75,0.58038
5.75,-18.75,0.587196
6.25,-18.75,0.594013
6.75,-18.75,0.596599
7.25,-18.75,0.599186
7.75,-18.75,0.601772
8.25,-18.75,0.604359
8.75,-18.75,0.606946
9.25,-18.75,0.60408
9.75,-18.75,0.601214
10.25,-18.75,0.598349
10.75,-18.75,0.595483
11.25,-18.75,0.592617
11.75,-18.75,0.584766
12.25,-18.75,0.576916
12.75,-18.75,0.569065
13.25,-18.75,0.561214
13.75,-18.75,0.553363
14.25,-18.75,0.541515
14.75,-18.75,0.529667
15.25,-18.75,0.517819
15.75,-18.75,0.505971
16.25,-18.75,0.494123
16.75,-18.75,0.48054
17.25,-18.75,0.466957
17.75,-18.75,0.453374
18.25,-18.75,0.439791
18.75,-18.75,0.426208
19.25,-18.75,0.412477
19.75,-18.75,0.398745
20.25,-18.75,0.385013
20.75,-18.75,0.371282
21.25,-18.75,0.35755
21.75,-18.75,0.344317
22.25,-18.75,0.331084
22.75,-18.75,0.317852
23.25,-18.75,0.304619
23.75,-18.75,0.291386
24.25,-18.75,0.279626
24.75,-18.75,0.267867
25.25,-18.75,0.256108
25.75,-18.75,0.244348
26.25,-18.75,0.232589
26.75,-18.75,0.221976
27.25,-18.75,0.211363
27.75,-18.75,0.200751
28.25,-18.75,0.190138
28.75,-18.75,0.179525
29.25,-18.75,0.17002
29.75,-18.75,0.160516
30.25,-18.75,0.151011
30.75,-18.75,0.141506
31.25,-18.75,0.132001
31.75,-18.75,0.12372
32.25,-18.75,0.115439
32.75,-18.75,0.107158
33.25,-18.75,0.0988765
33.75,-18.75,0.0905953
34.25,-18.75,0.0837954
34.75,-18.75,0.0769954
35.25,-18.75,0.0701955
35.75,-18.75,0.0633955
36.25,-18.75,0.0565955
36.75,-18.75,0.0515983
37.25,-18.75,0.046601
37.75,-18.75,0.0416037
38.25,-18.75,0.0366065
38.75,-18.75,0.0316092
39.25,-18.75,0.0284914
39.75,-18.75,0.0253735
40.25,-18.75,0.0222557
40.75,-18.75,0.0191379
41.25,-18.75,0.01602
41.75,-18.75,0.0143599
42.25,-18.75,0.0126997
42.75,-18.75,0.0110395
43.25,-18.75,0.00937928
43.75,-18.75,0.00771909
44.25,-18.75,0.00771909
44.75,-18.75,0.00771909
-44.75,-18.25,0.00625692
-44.25,-18.25,0.00625692
-43.75,-18.25,0.00625692
-43.25,-18.25,0.00669794
-42.75,-18.25,0.00713895
-42.25,-18.25,0.00757997
-41.75,-18.25,0.00802099
-41.25,-18.25,0.00846201
-40.75,-18.25,0.0096971
-40.25,-18.25,0.0109322
-39.75,-18.25,0.0121673
-39.25,-18.25,0.0134024
-38.75,-18.25,0.0146374
-38.25,-18.25,0.0176008
-37.75,-18.25,0.0205642
-37.25,-18.25,0.0235276
-36.75,-18.25,0.026491
-36.25,-18.25,0.0294544
-35.75,-18.25,0.0347341
-35.25,-18.25,0.0400139
-34.75,-18.25,0.0452936
-34.25,-18.25,0.0505733
-33.75,-18.25,0.0558531
-33.25,-18.25,0.0624477
-32.75,-18.25,0.0690423
-32.25,-18.25,0.0756368
-31.75,-18.25,0.0822314
-31.25,-18.25,0.088826
-30.75,-18.25,0.0954135
-30.25,-18.25,0.102001
-29.75,-18.25,0.108589
-29.25,-18.25,0.115176
-28.75,-18.25,0.121764
-28.25,-18.25,0.127902
-27.75,-18.25,0.13404
-27.25,-18.25,0.140178
-26.75,-18.25,0.146316
-26.25,-18.25,0.152454
-25.75,-18.25,0.158309
-25.25,-18.25,0.164164
-24.75,-18.25,0.170019
-24.25,-18.25,0.175874
-23.75,-18.25,0.18173
-23.25,-18.25,0.187197
-22.75,-18.25,0.192664
-22.25,-18.25,0.198131
-21.75,-18.25,0.203598
-21.25,-18.25,0.209065
-20.75,-18.25,0.214373
-20.25,-18.25,0.219681
-19.75,-18.25,0.224989
-19.25,-18.25,0.230297
-18.75,-18.25,0.235605
-18.25,-18.25,0.240976
-17.75,-18.25,0.246347
-17.25,-18.25,0.251718
-16.75,-18.25,0.257089
-16.25,-18.25,0.26246
-15.75,-18.25,0.268075
-15.25,-18.25,0.27369
-14.75,-18.25,0.279305
-14.25,-18.25,0.284921
-13.75,-18.25,0.290536
-13.25,-18.25,0.296496
-12.75,-18.25,0.302457
-12.25,-18.25,0.308417
-11.75,-18.25,0.314378
-11.25,-18.25,0.320338
-10.75,-18.25,0.327019
-10.25,-18.25,0.3337
-9.75,-18.25,0.340381
-9.25,-18.25,0.347063
-8.75,-18.25,0.353744
-8.25,-18.25,0.361358
-7.75,-18.25,0.368972
-7.25,-18.25,0.376586
-6.75,-18.25,0.384199
-6.25,-18.25,0.391813
-5.75,-18.25,0.40064
-5.25,-18.25,0.409466
-4.75,-18.25,0.418293
-4.25,-18.25,0.427119
-3.75,-18.25,0.435946
-3.25,-18.25,0.445796
-2.75,-18.25,0.455646
-2.25,-18.25,0.465497
-1.75,-18.25,0.475347
-1.25,-18.25,0.485197
-0.75,-18.25,0.495594
-0.25,-18.25,0.505991
0.25,-18.25,0.516388
0.75,-18.25,0.526785
1.25,-18.25,0.537182
1.75,-18.25,0.546688
2.25,-18.25,0.556194
2.75,-18.25,0.5657
3.25,-18.25,0.575206
3.75,-18.25,0.584712
4.25,-18.25,0.591766
4.75,-18.25,0.598821
5.25,-18.25,0.605875
5.75,-18.25,0.612929
6.25,-18.25,0.619984
6.75,-18.25,0.622585
7.25,-18.25,0.625185
7.75,-18.25,0.627786
8.25,-18.25,0.630386
8.75,-18.25,0.632987
9.25,-18.25,0.62998
9.75,-18.25,0.626972
10.25,-18.25,0.623965
10.75,-18.25,0.620957
11.25,-18.25,0.61795
11.75,-18.25,0.609749
12.25,-18.25,0.601547
12.75,-18.25,0.593346
13.25,-18.25,0.585144
13.75,-18.25,0.576943
14.25,-18.25,0.564674
14.75,-18.25,0.552405
15.25,-18.25,0.540136
15.75,-18.25,0.527867
16.25,-18.25,0.515598
16.75,-18.25,0.501496
17.25,-18.25,0.487395
17.75,-18.25,0.473293
18.25,-18.25,0.459191
18.75,-18.25,0.44509
19.25,-18.25,0.430796
19.75,-18.25,0.416502
20.25,-18.25,0.402208
20.75,-18.25,0.387915
21.25,-18.25,0.373621
21.75,-18.25,0.359895
22.25,-18.25,0.34617
22.75,-18.25,0.332444
23.25,-18.25,0.318718
23.75,-18.25,0.304993
24.25,-18.25,0.29277
24.75,-18.25,0.280547
25.25,-18.25,0.268325
25.75,-18.25,0.256102
26.25,-18.25,0.24388
26.75,-18.25,0.232875
27.25,-18.25,0.22187
27.75,-18.25,0.210865
28.25,-18.25,0.19986
28.75,-18.25,0.188855
29.25,-18.25,0.179014
29.75,-18.25,0.169172
30.25,-18.25,0.15933
30.75,-18.25,0.149488
31.25,-18.25,0.139647
31.75,-18.25,0.131007
32.25,-18.25,0.122368
32.75,-18.25,0.113728
33.25,-18.25,0.105089
33.75,-18.25,0.0964493
34.25,-18.25,0.089293
34.75,-18.25,0.0821368
35.25,-18.25,0.0749805
35.75,-18.25,0.0678242
36.25,-18.25,0.0606679
36.75,-18.25,0.055345
37.25,-18.25,0.0500221
37.75,-18.25,0.0446993
38.25,-18.25,0.0393764
38.75,-18.25,0.0340535
39.25,-18.25,0.0307115
39.75,-18.25,0.0273694
40.25,-18.25,0.0240274
40.75,-18.25,0.0206853
41.25,-18.25,0.0173433
41.75,-18.25,0.0155396
42.25,-18.25,0.0137359
42.75,-18.25,0.0119322
43.25,-18.25,0.0101285
43.75,-18.25,0.00832484
44.25,-18.25,0.00832484
44.75,-18.25,0.00832484
-44.75,-17.75,0.00659438
-44.25,-17.75,0.00659438
-43.75,-17.75,0.00659438
-43.25,-17.75,0.00709151
-42.75,-17.75,0.00758864
-42.25,-17.75,0.00808577
-41.75,-17.75,0.00858291
-41.25,-17.75,0.00908004
-40.75,-17.75,0.0104703
-40.25,-17.75,0.0118606
-39.75,-17.75,0.0132509
-39.25,-17.75,0.0146411
-38.75,-17.75,0.0160314
-38.25,-17.75,0.0193044
-37.75,-17.75,0.0225774
-37.25,-17.75,0.0258504
-36.75,-17.75,0.0291233
-36.25,-17.75,0.0323963
-35.75,-17.75,0.0380497
-35.25,-17.75,0.043703
-34.75,-17.75,0.0493564
-34.25,-17.75,0.0550097
-33.75,-17.75,0.0606631
-33.25,-17.75,0.0675705
-32.75,-17.75,0.0744779
-32.25,-17.75,0.0813854
-31.75,-17.75,0.0882928
-31.25,-17.75,0.0952002
-30.75,-17.75,0.10205
-30.25,-17.75,0.108899
-29.75,-17.75,0.115749
-29.25,-17.75,0.122598
-28.75,-17.75,0.129448
-28.25,-17.75,0.135799
-27.75,-17.75,0.14215
-27.25,-17.75,0.148501
-26.75,-17.75,0.154852
-26.25,-17.75,0.161203
-25.75,-17.75,0.167252
-25.25,-17.75,0.173302
-24.75,-17.75,0.179351
-24.25,-17.75,0.1854
-23.75,-17.75,0.191449
-23.25,-17.75,0.197098
-22.75,-17.75,0.202748
-22.25,-17.75,0.208397
-21.75,-17.75,0.214046
-21.25,-17.75,0.219695
-20.75,-17.75,0.225164
-20.25,-17.75,0.230633
-19.75,-17.75,0.236102
-19.25,-17.75,0.241572
-18.75,-17.75,0.247041
-18.25,-17.75,0.252605
-17.75,-17.75,0.258169
-17.25,-17.75,0.263733
-16.75,-17.75,0.269297
-16.25,-17.75,0.274861
-15.75,-17.75,0.280658
-15.25,-17.75,0.286454
-14.75,-17.75,0.29225
-14.25,-17.75,0.298046
-13.75,-17.75,0.303842
-13.25,-17.75,0.310024
-12.75,-17.75,0.316207
-12.25,-17.75,0.322389
-11.75,-17.75,0.328571
-11.25,-17.75,0.334754
-10.75,-17.75,0.341693
-10.25,-17.75,0.348633
-9.75,-17.75,0.355572
-9.25,-17.75,0.362512
-8.75,-17.75,0.369452
-8.25,-17.75,0.377367
-7.75,-17.75,0.385282
-7.25,-17.75,0.393197
-6.75,-17.75,0.401113
-6.25,-17.75,0.409028
-5.75,-17.75,0.418225
-5.25,-17.75,0.427423
-4.75,-17.75,0.43662
-4.25,-17.75,0.445817
-3.75,-17.75,0.455015
-3.25,-17.75,0.46525
-2.75,-17.75,0.475486
-2.25,-17.75,0.485722
-1.75,-17.75,0.495957
-1.25,-17.75,0.506193
-0.75,-17.75,0.516995
-0.25,-17.75,0.527798
0.25,-17.75,0.5386
0.75,-17.75,0.549402
1.25,-17.75,0.560205
1.75,-17.75,0.570062
2.25,-17.75,0.579919
2.75,-17.75,0.589777
3.25,-17.75,0.599634
3.75,-17.75,0.609491
4.25,-17.75,0.616784
4.75,-17.75,0.624077
5.25,-17.75,0.63137
5.75,-17.75,0.638663
6.25,-17.75,0.645955
6.75,-17.75,0.64857
7.25,-17.75,0.651184
7.75,-17.75,0.653799
8.25,-17.75,0.656413
8.75,-17.75,0.659028
9.25,-17.75,0.655879
9.75,-17.75,0.65273
10.25,-17.75,0.649581
10.75,-17.75,0.646432
11.25,-17.75,0.643283
11.75,-17.75,0.634731
12.25,-17.75,0.626179
12.75,-17.75,0.617626
13.25,-17.75,0.609074
13.75,-17.75,0.600522
14.25,-17.75,0.587832
14.75,-17.75,0.575142
15.25,-17.75,0.562452
15.75,-17.75,0.549762
16.25,-17.75,0.537072
16.75,-17.75,0.522452
17.25,-17.75,0.507832
17.75,-17.75,0.493212
18.25,-17.75,0.478591
18.75,-17.75,0.463971
19.25,-17.75,0.449115
19.75,-17.75,0.434259
20.25,-17.75,0.419403
20.75,-17.75,0.404547
21.25,-17.75,0.389691
21.75,-17.75,0.375473
22.25,-17.75,0.361255
22.75,-17.75,0.347036
23.25,-17.75,0.332818
23.75,-17.75,0.3186
24.25,-17.75,0.305914
24.75,-17.75,0.293228
25.25,-17.75,0.280542
25.75,-17.75,0.267856
26.25,-17.75,0.255171
26.75,-17.75,0.243774
27.25,-17.75,0.232377
27.75,-17.75,0.22098
28.25,-17.75,0.209582
28.75,-17.75,0.198185
29.25,-17.75,0.188007
29.75,-17.75,0.177828
30.25,-17.75,0.16765
30.75,-17.75,0.157471
31.25,-17.75,0.147292
31.75,-17.75,0.138294
32.25,-17.75,0.129297
32.75,-17.75,0.120299
33.25,-17.75,0.111301
33.75,-17.75,0.102303
34.25,-17.75,0.0947907
34.75,-17.75,0.0872781
35.25,-17.75,0.0797655
35.75,-17.75,0.0722529
36.25,-17.75,0.0647402
36.75,-17.75,0.0590918
37.25,-17.75,0.0534433
37.75,-17.75,0.0477948
38.25,-17.75,0.0421463
38.75,-17.75,0.0364978
39.25,-17.75,0.0329316
39.75,-17.75,0.0293653
40.25,-17.75,0.025799
40.75,-17.75,0.0222328
41.25,-17.75,0.0186665
41.75,-17.75,0.0167193
42.25,-17.75,0.0147721
42.75,-17.75,0.012825
43.25,-17.75,0.0108778
43.75,-17.75,0.00893059
44.25,-17.75,0.00893059
44.75,-17.75,0.00893059
-44.75,-17.25,0.00693184
-44.25,-17.25,0.00693184
-43.75,-17.25,0.00693184
-43.25,-17.25,0.00748508
-42.75,-17.25,0.00803833
-42.25,-17.25,0.00859158
-41.75,-17.25,0.00914482
-41.25,-17.25,0.00969807
-40.75,-17.25,0.0112435
-40.25,-17.25,0.012789
-39.75,-17.25,0.0143345
-39.25,-17.25,0.0158799
-38.75,-17.25,0.0174254
-38.25,-17.25,0.021008
-37.75,-17.25,0.0245905
-37.25,-17.25,0.0281731
-36.75,-17.25,0.0317557
-36.25,-17.25,0.0353382
-35.75,-17.25,0.0413652
-35.25,-17.25,0.0473922
-34.75,-17.25,0.0534192
-34.25,-17.25,0.0594461
-33.75,-17.25,0.0654731
-33.25,-17.25,0.0726934
-32.75,-17.25,0.0799136
-32.25,-17.25,0.0871339
-31.75,-17.25,0.0943541
-31.25,-17.25,0.101574
-30.75,-17.25,0.108686
-30.25,-17.25,0.115797
-29.75,-17.25,0.122909
-29.25,-17.25,0.13002
-28.75,-17.25,0.137132
-28.25,-17.25,0.143696
-27.75,-17.25,0.15026
-27.25,-17.25,0.156825
-26.75,-17.25,0.163389
-26.25,-17.25,0.169953
-25.75,-17.25,0.176196
-25.25,-17.25,0.182439
-24.75,-17.25,0.188683
-24.25,-17.25,0.194926
-23.75,-17.25,0.201169
-23.25,-17.25,0.207
-22.75,-17.25,0.212831
-22.25,-17.25,0.218663
-21.75,-17.25,0.224494
-21.25,-17.25,0.230325
-20.75,-17.25,0.235955
-20.25,-17.25,0.241586
-19.75,-17.25,0.247216
-19.25,-17.25,0.252847
-18.75,-17.25,0.258477
-18.25,-17.25,0.264234
-17.75,-17.25,0.269991
-17.25,-17.25,0.275748
-16.75,-17.25,0.281506
-16.25,-17.25,0.287263
-15.75,-17.25,0.29324
-15.25,-17.25,0.299217
-14.75,-17.25,0.305194
-14.25,-17.25,0.311172
-13.75,-17.25,0.317149
-13.25,-17.25,0.323553
-12.75,-17.25,0.329957
-12.25,-17.25,0.336361
-11.75,-17.25,0.342765
-11.25,-17.25,0.349169
-10.75,-17.25,0.356367
-10.25,-17.25,0.363565
-9.75,-17.25,0.370763
-9.25,-17.25,0.377961
-8.75,-17.25,0.385159
-8.25,-17.25,0.393376
-7.75,-17.25,0.401593
-7.25,-17.25,0.409809
-6.75,-17.25,0.418026
-6.25,-17.25,0.426243
-5.75,-17.25,0.435811
-5.25,-17.25,0.445379
-4.75,-17.25,0.454947
-4.25,-17.25,0.464516
-3.75,-17.25,0.474084
-3.25,-17.25,0.484705
-2.75,-17.25,0.495326
-2.25,-17.25,0.505947
-1.75,-17.25,0.516568
-1.25,-17.25,0.527189
-0.75,-17.25,0.538397
-0.25,-17.25,0.549604
0.25,-17.25,0.560812
0.75,-17.25,0.57202
1.25,-17.25,0.583227
1.75,-17.25,0.593436
2.25,-17.25,0.603645
2.75,-17.25,0.613854
3.25,-17.25,0.624062
3.75,-17.25,0.634271
4.25,-17.25,0.641802
4.75,-17.25,0.649333
5.25,-17.25,0.656864
5.75,-17.25,0.664396
6.25,-17.25,0.671927
6.75,-17.25,0.674555
7.25,-17.25,0.677184
7.75,-17.25,0.679812
8.25,-17.25,0.682441
8.75,-17.25,0.685069
9.25,-17.25,0.681779
9.75,-17.25,0.678488
10.25,-17.25,0.675197
10.75,-17.25,0.671907
11.25,-17.25,0.668616
11.75,-17.25,0.659713
12.25,-17.25,0.65081
12.75,-17.25,0.641907
13.25,-17.25,0.633004
13.75,-17.25,0.624101
14.25,-17.25,0.61099
14.75,-17.25,0.597879
15.25,-17.25,0.584769
15.75,-17.25,0.571658
16.25,-17.25,0.558547
16.75,-17.25,0.543408
17.25,-17.25,0.528269
17.75,-17.25,0.51313
18.25,-17.25,0.497991
18.75,-17.25,0.482852
19.25,-17.25,0.467434
19.75,-17.25,0.452016
20.25,-17.25,0.436598
20.75,-17.25,0.42118
21.25,-17.25,0.405762
21.75,-17.25,0.391051
22.25,-17.25,0.37634
22.75,-17.25,0.361629
23.25,-17.25,0.346918
23.75,-17.25,0.332206
24.25,-17.25,0.319057
24.75,-17.25,0.305908
25.25,-17.25,0.29276
25.75,-17.25,0.279611
26.25,-17.25,0.266462
26.75,-17.25,0.254672
27.25,-17.25,0.242883
27.75,-17.25,0.231094
28.25,-17.25,0.219305
28.75,-17.25,0.207516
29.25,-17.25,0.197
29.75,-17.25,0.186484
30.25,-17.25,0.175969
30.75,-17.25,0.165453
31.25,-17.25,0.154938
31.75,-17.25,0.145582
32.25,-17.25,0.136226
32.75,-17.25,0.12687
33.25,-17.25,0.117513
33.75,-17.25,0.108157
34.25,-17.25,0.100288
34.75,-17.25,0.0924195
35.25,-17.25,0.0845505
35.75,-17.25,0.0766815
36.25,-17.25,0.0688126
36.75,-17.25,0.0628385
37.25,-17.25,0.0568644
37.75,-17.25,0.0508903
38.25,-17.25,0.0449162
38.75,-17.25,0.0389422
39.25,-17.25,0.0351517
39.75,-17.25,0.0313612
40.25,-17.25,0.0275707
40.75,-17.25,0.0237802
41.25,-17.25,0.0199897
41.75,-17.25,0.0178991
42.25,-17.25,0.0158084
42.75,-17.25,0.0137177
43.25,-17.25,0.011627
43.75,-17.25,0.00953634
44.25,-17.25,0.00953634
44.75,-17.25,0.00953634
-44.75,-16.75,0.0072693
-44.25,-16.75,0.0072693
-43.75,-16.75,0.0072693
-43.25,-16.75,0.00787866
-42.75,-16.75,0.00848802
-42.25,-16.75,0.00909738
-41.75,-16.75,0.00970674
-41.25,-16.75,0.0103161
-40.75,-16.75,0.0120168
-40.25,-16.75,0.0137174
-39.75,-16.75,0.0154181
-39.25,-16.75,0.0171187
-38.75,-16.75,0.0188194
-38.25,-16.75,0.0227115
-37.75,-16.75,0.0266037
-37.25,-16.75,0.0304958
-36.75,-16.75,0.034388
-36.25,-16.75,0.0382801
-35.75,-16.75,0.0446807
-35.25,-16.75,0.0510813
-34.75,-16.75,0.0574819
-34.25,-16.75,0.0638825
-33.75,-16.75,0.0702831
-33.25,-16.75,0.0778162
-32.75,-16.75,0.0853493
-32.25,-16.75,0.0928824
-31.75,-16.75,0.100415
-31.25,-16.75,0.107949
-30.75,-16.75,0.115322
-30.25,-16.75,0.122695
-29.75,-16.75,0.130069
-29.25,-16.75,0.137442
-28.75,-16.75,0.144816
-28.25,-16.75,0.151593
-27.75,-16.75,0.158371
-27.25,-16.75,0.165148
-26.75,-16.75,0.171925
-26.25,-16.75,0.178703
-25.75,-16.75,0.18514
-25.25,-16.75,0.191577
-24.75,-16.75,0.198014
-24.25,-16.75,0.204451
-23.75,-16.75,0.210889
-23.25,-16.75,0.216902
-22.75,-16.75,0.222915
-22.25,-16.75,0.228929
-21.75,-16.75,0.234942
-21.25,-16.75,0.240955
-20.75,-16.75,0.246747
-20.25,-16.75,0.252538
-19.75,-16.75,0.25833
-19.25,-16.75,0.264121
-18.75,-16.75,0.269913
-18.25,-16.75,0.275863
-17.75,-16.75,0.281813
-17.25,-16.75,0.287764
-16.75,-16.75,0.293714
-16.25,-16.75,0.299664
-15.75,-16.75,0.305822
-15.25,-16.75,0.311981
-14.75,-16.75,0.318139
-14.25,-16.75,0.324297
-13.75,-16.75,0.330455
-13.25,-16.75,0.337081
-12.75,-16.75,0.343707
-12.25,-16.75,0.350333
-11.75,-16.75,0.356959
-11.25,-16.75,0.363585
-10.75,-16.75,0.371041
-10.25,-16.75,0.378498
-9.75,-16.75,0.385954
-9.25,-16.75,0.393411
-8.75,-16.75,0.400867
-8.25,-16.75,0.409385
-7.75,-16.75,0.417903
-7.25,-16.75,0.426421
-6.75,-16.75,0.434939
-6.25,-16.75,0.443457
-5.75,-16.75,0.453396
-5.25,-16.75,0.463336
-4.75,-16.75,0.473275
-4.25,-16.75,0.483214
-3.75,-16.75,0.493153
-3.25,-16.75,0.504159
-2.75,-16.75,0.515166
-2.25,-16.75,0.526172
-1.75,-16.75,0.537179
-1.25,-16.75,0.548185
-0.75,-16.75,0.559798
-0.25,-16.75,0.571411
0.25,-16.75,0.583024
0.75,-16.75,0.594637
1.25,-16.75,0.60625
1.75,-16.75,0.61681
2.25,-16.75,0.62737
2.75,-16.75,0.63793
3.25,-16.75,0.648491
3.75,-16.75,0.659051
4.25,-16.75,0.66682
4.75,-16.75,0.67459
5.25,-16.75,0.682359
5.75,-16.75,0.690129
6.25,-16.75,0.697898
6.75,-16.75,0.700541
7.25,-16.75,0.703183
7.75,-16.75,0.705825
8.25,-16.75,0.708468
8.75,-16.75,0.71111
9.25,-16.75,0.707678
9.75,-16.75,0.704246
10.25,-16.75,0.700814
10.75,-16.75,0.697381
11.25,-16.75,0.693949
11.75,-16.75,0.684695
12.25,-16.75,0.675442
12.75,-16.75,0.666188
13.25,-16.75,0.656934
13.75,-16.75,0.64768
14.25,-16.75,0.634149
14.75,-16.75,0.620617
15.25,-16.75,0.607085
15.75,-16.75,0.593553
16.25,-16.75,0.580022
16.75,-16.75,0.564364
17.25,-16.75,0.548706
17.75,-16.75,0.533049
18.25,-16.75,0.517391
18.75,-16.75,0.501734
19.25,-16.75,0.485754
19.75,-16.75,0.469773
20.25,-16.75,0.453793
20.75,-16.75,0.437813
21.25,-16.75,0.421833
21.75,-16.75,0.406629
22.25,-16.75,0.391425
22.75,-16.75,0.376221
23.25,-16.75,0.361017
23.75,-16.75,0.345813
24.25,-16.75,0.332201
24.75,-16.75,0.318589
25.25,-16.75,0.304977
25.75,-16.75,0.291365
26.25,-16.75,0.277752
26.75,-16.75,0.265571
27.25,-16.75,0.25339
27.75,-16.75,0.241208
28.25,-16.75,0.229027
28.75,-16.75,0.216846
29.25,-16.75,0.205993
29.75,-16.75,0.195141
30.25,-16.75,0.184288
30.75,-16.75,0.173436
31.25,-16.75,0.162583
31.75,-16.75,0.152869
32.25,-16.75,0.143155
32.75,-16.75,0.13344
33.25,-16.75,0.123726
33.75,-16.75,0.114011
34.25,-16.75,0.105786
34.75,-16.75,0.0975608
35.25,-16.75,0.0893355
35.75,-16.75,0.0811102
36.25,-16.75,0.0728849
36.75,-16.75,0.0665852
37.25,-16.75,0.0602856
37.75,-16.75,0.0539859
38.25,-16.75,0.0476862
38.75,-16.75,0.0413865
39.25,-16.75,0.0373718
39.75,-16.75,0.0333571
40.25,-16.75,0.0293424
40.75,-16.75,0.0253277
41.25,-16.75,0.021313
41.75,-16.75,0.0190788
42.25,-16.75,0.0168446
42.75,-16.75,0.0146104
43.25,-16.75,0.0123763
43.75,-16.75,0.0101421
44.25,-16.75,0.0101421
44.75,-16.75,0.0101421
-44.75,-16.25,0.00760675
-44.25,-16.25,0.00760675
-43.75,-16.25,0.00760675
-43.25,-16.25,0.00827223
-42.75,-16.25,0.00893771
-42.25,-16.25,0.00960318
-41.75,-16.25,0.0102687
-41.25,-16.25,0.0109341
-40.75,-16.25,0.01279
-40.25,-16.25,0.0146458
-39.75,-16.25,0.0165017
-39.25,-16.25,0.0183575
-38.75,-16.25,0.0202133
-38.25,-16.25,0.0244151
-37.75,-16.25,0.0286168
-37.25,-16.25,0.0328186
-36.75,-16.25,0.0370203
-36.25,-16.25,0.041222
-35.75,-16.25,0.0479963
-35.25,-16.25,0.0547705
-34.75,-16.25,0.0615447
-34.25,-16.25,0.0683189
-33.75,-16.25,0.0750931
-33.25,-16.25,0.0829391
-32.75,-16.25,0.090785
-32.25,-16.25,0.0986309
-31.75,-16.25,0.106477
-31.25,-16.25,0.114323
-30.75,-16.25,0.121958
-30.25,-16.25,0.129594
-29.75,-16.25,0.137229
-29.25,-16.25,0.144864
-28.75,-16.25,0.1525
-28.25,-16.25,0.15949
-27.75,-16.25,0.166481
-27.25,-16.25,0.173471
-26.75,-16.25,0.180462
-26.25,-16.25,0.187453
-25.75,-16.25,0.194084
-25.25,-16.25,0.200715
-24.75,-16.25,0.207346
-24.25,-16.25,0.213977
-23.75,-16.25,0.220608
-23.25,-16.25,0.226804
-22.75,-16.25,0.232999
-22.25,-16.25,0.239195
-21.75,-16.25,0.24539
-21.25,-16.25,0.251585
-20.75,-16.25,0.257538
-20.25,-16.25,0.263491
-19.75,-16.25,0.269444
-19.25,-16.25,0.275396
-18.75,-16.25,0.281349
-18.25,-16.25,0.287492
-17.75,-16.25,0.293636
-17.25,-16.25,0.299779
-16.75,-16.25,0.305922
-16.25,-16.25,0.312065
-15.75,-16.25,0.318405
-15.25,-16.25,0.324744
-14.75,-16.25,0.331083
-14.25,-16.25,0.337423
-13.75,-16.25,0.343762
-13.25,-16.25,0.35061
-12.75,-16.25,0.357457
-12.25,-16.25,0.364305
-11.75,-16.25,0.371153
-11.25,-16.25,0.378
-10.75,-16.25,0.385715
-10.25,-16.25,0.39343
-9.75,-16.25,0.401145
-9.25,-16.25,0.40886
-8.75,-16.25,0.416575
-8.25,-16.25,0.425394
-7.75,-16.25,0.434214
-7.25,-16.25,0.443033
-6.75,-16.25,0.451853
-6.25,-16.25,0.460672
-5.75,-16.25,0.470982
-5.25,-16.25,0.481292
-4.75,-16.25,0.491602
-4.25,-16.25,0.501912
-3.75,-16.25,0.512222
-3.25,-16.25,0.523614
-2.75,-16.25,0.535006
-2.25,-16.25,0.546397
-1.75,-16.25,0.557789
-1.25,-16.25,0.569181
-0.75,-16.25,0.581199
-0.25,-16.25,0.593218
0.25,-16.25,0.605236
0.75,-16.25,0.617255
1.25,-16.25,0.629273
1.75,-16.25,0.640184
2.25,-16.25,0.651096
2.75,-16.25,0.662007
3.25,-16.25,0.672919
3.75,-16.25,0.68383
4.25,-16.25,0.691838
4.75,-16.25,0.699846
5.25,-16.25,0.707854
5.75,-16.25,0.715862
6.25,-16.25,0.723869
6.75,-16.25,0.726526
7.25,-16.25,0.729182
7.75,-16.25,0.731839
8.25,-16.25,0.734495
8.75,-16.25,0.737151
9.25,-16.25,0.733578
9.75,-16.25,0.730004
10.25,-16.25,0.72643
10.75,-16.25,0.722856
11.25,-16.25,0.719282
11.75,-16.25,0.709678
12.25,-16.25,0.700073
12.75,-16.25,0.690469
13.25,-16.25,0.680864
13.75,-16.25,0.671259
14.25,-16.25,0.657307
14.75,-16.25,0.643354
15.25,-16.25,0.629401
15.75,-16.25,0.615449
16.25,-16.25,0.601496
16.75,-16.25,0.58532
17.25,-16.25,0.569144
17.75,-16.25,0.552968
18.25,-16.25,0.536791
18.75,-16.25,0.520615
19.25,-16.25,0.504073
19.75,-16.25,0.48753
20.25,-16.25,0.470988
20.75,-16.25,0.454446
21.25,-16.25,0.437903
21.75,-16.25,0.422207
22.25,-16.25,0.40651
22.75,-16.25,0.390814
23.25,-16.25,0.375117
23.75,-16.25,0.35942
24.25,-16.25,0.345345
24.75,-16.25,0.331269
25.25,-16.25,0.317194
25.75,-16.25,0.303119
26.25,-16.25,0.289043
26.75,-16.25,0.27647
27.25,-16.25,0.263896
27.75,-16.25,0.251323
28.25,-16.25,0.238749
28.75,-16.25,0.226176
29.25,-16.25,0.214986
29.75,-16.25,0.203797
30.25,-16.25,0.192608
30.75,-16.25,0.181418
31.25,-16.25,0.170229
31.75,-16.25,0.160156
32.25,-16.25,0.150083
32.75,-16.25,0.140011
33.25,-16.25,0.129938
33.75,-16.25,0.119865
34.25,-16.25,0.111284
34.75,-16.25,0.102702
35.25,-16.25,0.0941205
35.75,-16.25,0.0855389
36.25,-16.25,0.0769573
36.75,-16.25,0.070332
37.25,-16.25,0.0637067
37.75,-16.25,0.0570814
38.25,-16.25,0.0504561
38.75,-16.25,0.0438308
39.25,-16.25,0.0395919
39.75,-16.25,0.035353
40.25,-16.25,0.031114
40.75,-16.25,0.0268751
41.25,-16.25,0.0226362
41.75,-16.25,0.0202585
42.25,-16.25,0.0178809
42.75,-16.25,0.0155032
43.25,-16.25,0.0131255
43.75,-16.25,0.0107478
44.25,-16.25,0.0107478
44.75,-16.25,0.0107478
-44.75,-15.75,0.00800715
-44.25,-15.75,0.00800715
-43.75,-15.75,0.00800715
-43.25,-15.75,0.00875279
-42.75,-15.75,0.00949844
-42.25,-15.75,0.0102441
-41.75,-15.75,0.0109897
-41.25,-15.75,0.0117354
-40.75,-15.75,0.0138112
-40.25,-15.75,0.0158871
-39.75,-15.75,0.0179629
-39.25,-15.75,0.0200387
-38.75,-15.75,0.0221146
-38.25,-15.75,0.0266873
-37.75,-15.75,0.0312599
-37.25,-15.75,0.0358326
-36.75,-15.75,0.0404052
-36.25,-15.75,0.0449779
-35.75,-15.75,0.0521113
-35.25,-15.75,0.0592446
-34.75,-15.75,0.0663779
-34.25,-15.75,0.0735113
-33.75,-15.75,0.0806446
-33.25,-15.75,0.0887566
-32.75,-15.75,0.0968685
-32.25,-15.75,0.104981
-31.75,-15.75,0.113092
-31.25,-15.75,0.121204
-30.75,-15.75,0.129065
-30.25,-15.75,0.136925
-29.75,-15.75,0.144785
-29.25,-15.75,0.152645
-28.75,-15.75,0.160505
-28.25,-15.75,0.167691
-27.75,-15.75,0.174878
-27.25,-15.75,0.182064
-26.75,-15.75,0.189251
-26.25,-15.75,0.196437
-25.75,-15.75,0.20325
-25.25,-15.75,0.210062
-24.75,-15.75,0.216875
-24.25,-15.75,0.223687
-23.75,-15.75,0.2305
-23.25,-15.75,0.236858
-22.75,-15.75,0.243217
-22.25,-15.75,0.249576
-21.75,-15.75,0.255934
-21.25,-15.75,0.262293
-20.75,-15.75,0.268449
-20.25,-15.75,0.274606
-19.75,-15.75,0.280762
-19.25,-15.75,0.286919
-18.75,-15.75,0.293075
-18.25,-15.75,0.299366
-17.75,-15.75,0.305657
-17.25,-15.75,0.311947
-16.75,-15.75,0.318238
-16.25,-15.75,0.324529
-15.75,-15.75,0.331076
-15.25,-15.75,0.337624
-14.75,-15.75,0.344171
-14.25,-15.75,0.350719
-13.75,-15.75,0.357266
-13.25,-15.75,0.364298
-12.75,-15.75,0.37133
-12.25,-15.75,0.378362
-11.75,-15.75,0.385394
-11.25,-15.75,0.392426
-10.75,-15.75,0.400406
-10.25,-15.75,0.408387
-9.75,-15.75,0.416367
-9.25,-15.75,0.424348
-8.75,-15.75,0.432328
-8.25,-15.75,0.44146
-7.75,-15.75,0.450592
-7.25,-15.75,0.459724
-6.75,-15.75,0.468856
-6.25,-15.75,0.477988
-5.75,-15.75,0.488644
-5.25,-15.75,0.4993
-4.75,-15.75,0.509956
-4.25,-15.75,0.520612
-3.75,-15.75,0.531268
-3.25,-15.75,0.543062
-2.75,-15.75,0.554855
-2.25,-15.75,0.566649
-1.75,-15.75,0.578442
-1.25,-15.75,0.590236
-0.75,-15.75,0.602616
-0.25,-15.75,0.614996
0.25,-15.75,0.627376
0.75,-15.75,0.639757
1.25,-15.75,0.652137
1.75,-15.75,0.663396
2.25,-15.75,0.674655
2.75,-15.75,0.685915
3.25,-15.75,0.697174
3.75,-15.75,0.708433
4.25,-15.75,0.716631
4.75,-15.75,0.724829
5.25,-15.75,0.733027
5.75,-15.75,0.741225
6.25,-15.75,0.749423
6.75,-15.75,0.752136
7.25,-15.75,0.75485
7.75,-15.75,0.757563
8.25,-15.75,0.760276
8.75,-15.75,0.762989
9.25,-15.75,0.759289
9.75,-15.75,0.75559
10.25,-15.75,0.75189
10.75,-15.75,0.748191
11.25,-15.75,0.744491
11.75,-15.75,0.734533
12.25,-15.75,0.724575
12.75,-15.75,0.714616
13.25,-15.75,0.704658
13.75,-15.75,0.6947
14.25,-15.75,0.680297
14.75,-15.75,0.665895
15.25,-15.75,0.651492
15.75,-15.75,0.637089
16.25,-15.75,0.622686
16.75,-15.75,0.605989
17.25,-15.75,0.589291
17.75,-15.75,0.572594
18.25,-15.75,0.555896
18.75,-15.75,0.539198
19.25,-15.75,0.522123
19.75,-15.75,0.505048
20.25,-15.75,0.487973
20.75,-15.75,0.470898
21.25,-15.75,0.453823
21.75,-15.75,0.437667
22.25,-15.75,0.421512
22.75,-15.75,0.405356
23.25,-15.75,0.3892
23.75,-15.75,0.373044
24.25,-15.75,0.358541
24.75,-15.75,0.344039
25.25,-15.75,0.329536
25.75,-15.75,0.315034
26.25,-15.75,0.300532
26.75,-15.75,0.287558
27.25,-15.75,0.274585
27.75,-15.75,0.261612
28.25,-15.75,0.248639
28.75,-15.75,0.235666
29.25,-15.75,0.224104
29.75,-15.75,0.212542
30.25,-15.75,0.200981
30.75,-15.75,0.189419
31.25,-15.75,0.177857
31.75,-15.75,0.167461
32.25,-15.75,0.157066
32.75,-15.75,0.14667
33.25,-15.75,0.136275
33.75,-15.75,0.12588
34.25,-15.75,0.116971
34.75,-15.75,0.108062
35.25,-15.75,0.0991534
35.75,-15.75,0.0902446
36.25,-15.75,0.0813359
36.75,-15.75,0.0744017
37.25,-15.75,0.0674675
37.75,-15.75,0.0605333
38.25,-15.75,0.0535992
38.75,-15.75,0.046665
39.25,-15.75,0.0421618
39.75,-15.75,0.0376586
40.25,-15.75,0.0331554
40.75,-15.75,0.0286523
41.25,-15.75,0.0241491
41.75,-15.75,0.0216144
42.25,-15.75,0.0190798
42.75,-15.75,0.0165451
43.25,-15.75,0.0140105
43.75,-15.75,0.0114758
44.25,-15.75,0.0114758
44.75,-15.75,0.0114758
-44.75,-15.25,0.00840754
-44.25,-15.25,0.00840754
-43.75,-15.25,0.00840754
-43.25,-15.25,0.00923336
-42.75,-15.25,0.0100592
-42.25,-15.25,0.010885
-41.75,-15.25,0.0117108
-41.25,-15.25,0.0125366
-40.75,-15.25,0.0148325
-40.25,-15.25,0.0171283
-39.75,-15.25,0.0194242
-39.25,-15.25,0.02172
-38.75,-15.25,0.0240158
-38.25,-15.25,0.0289594
-37.75,-15.25,0.033903
-37.25,-15.25,0.0388466
-36.75,-15.25,0.0437902
-36.25,-15.25,0.0487338
-35.75,-15.25,0.0562263
-35.25,-15.25,0.0637187
-34.75,-15.25,0.0712112
-34.25,-15.25,0.0787036
-33.75,-15.25,0.0861961
-33.25,-15.25,0.0945741
-32.75,-15.25,0.102952
-32.25,-15.25,0.11133
-31.75,-15.25,0.119708
-31.25,-15.25,0.128086
-30.75,-15.25,0.136171
-30.25,-15.25,0.144256
-29.75,-15.25,0.15234
-29.25,-15.25,0.160425
-28.75,-15.25,0.16851
-28.25,-15.25,0.175892
-27.75,-15.25,0.183274
-27.25,-15.25,0.190657
-26.75,-15.25,0.198039
-26.25,-15.25,0.205421
-25.75,-15.25,0.212415
-25.25,-15.25,0.219409
-24.75,-15.25,0.226403
-24.25,-15.25,0.233397
-23.75,-15.25,0.240391
-23.25,-15.25,0.246913
-22.75,-15.25,0.253435
-22.25,-15.25,0.259956
-21.75,-15.25,0.266478
-21.25,-15.25,0.273
-20.75,-15.25,0.27936
-20.25,-15.25,0.285721
-19.75,-15.25,0.292081
-19.25,-15.25,0.298442
-18.75,-15.25,0.304802
-18.25,-15.25,0.31124
-17.75,-15.25,0.317678
-17.25,-15.25,0.324116
-16.75,-15.25,0.330554
-16.25,-15.25,0.336992
-15.75,-15.25,0.343748
-15.25,-15.25,0.350504
-14.75,-15.25,0.357259
-14.25,-15.25,0.364015
-13.75,-15.25,0.370771
-13.25,-15.25,0.377987
-12.75,-15.25,0.385203
-12.25,-15.25,0.392419
-11.75,-15.25,0.399635
-11.25,-15.25,0.406851
-10.75,-15.25,0.415097
-10.25,-15.25,0.423343
-9.75,-15.25,0.431589
-9.25,-15.25,0.439835
-8.75,-15.25,0.448081
-8.25,-15.25,0.457526
-7.75,-15.25,0.466971
-7.25,-15.25,0.476415
-6.75,-15.25,0.48586
-6.25,-15.25,0.495305
-5.75,-15.25,0.506307
-5.25,-15.25,0.517309
-4.75,-15.25,0.528311
-4.25,-15.25,0.539312
-3.75,-15.25,0.550314
-3.25,-15.25,0.56251
-2.75,-15.25,0.574705
-2.25,-15.25,0.5869
-1.75,-15.25,0.599095
-1.25,-15.25,0.611291
-0.75,-15.25,0.624033
-0.25,-15.25,0.636775
0.25,-15.25,0.649517
0.75,-15.25,0.662258
1.25,-15.25,0.675
1.75,-15.25,0.686608
2.25,-15.25,0.698215
2.75,-15.25,0.709822
3.25,-15.25,0.721429
3.75,-15.25,0.733036
4.25,-15.25,0.741424
4.75,-15.25,0.749813
5.25,-15.25,0.758201
5.75,-15.25,0.766589
6.25,-15.25,0.774977
6.75,-15.25,0.777747
7.25,-15.25,0.780517
7.75,-15.25,0.783287
8.25,-15.25,0.786057
8.75,-15.25,0.788827
9.25,-15.25,0.785001
9.75,-15.25,0.781176
10.25,-15.25,0.777351
10.75,-15.25,0.773525
11.25,-15.25,0.7697
11.75,-15.25,0.759388
12.25,-15.25,0.749076
12.75,-15.25,0.738764
13.25,-15.25,0.728452
13.75,-15.25,0.71814
14.25,-15.25,0.703288
14.75,-15.25,0.688435
15.25,-15.25,0.673582
15.75,-15.25,0.65873
16.25,-15.25,0.643877
16.75,-15.25,0.626658
17.25,-15.25,0.609439
17.75,-15.25,0.592219
18.25,-15.25,0.575
18.75,-15.25,0.557781
19.25,-15.25,0.540174
19.75,-15.25,0.522566
20.25,-15.25,0.504958
20.75,-15.25,0.487351
21.25,-15.25,0.469743
21.75,-15.25,0.453128
22.25,-15.25,0.436513
22.75,-15.25,0.419898
23.25,-15.25,0.403282
23.75,-15.25,0.386667
24.25,-15.25,0.371738
24.75,-15.25,0.356808
25.25,-15.25,0.341879
25.75,-15.25,0.326949
26.25,-15.25,0.31202
26.75,-15.25,0.298647
27.25,-15.25,0.285275
27.75,-15.25,0.271902
28.25,-15.25,0.258529
28.75,-15.25,0.245157
29.25,-15.25,0.233222
29.75,-15.25,0.221288
30.25,-15.25,0.209354
30.75,-15.25,0.197419
31.25,-15.25,0.185485
31.75,-15.25,0.174766
32.25,-15.25,0.164048
32.75,-15.25,0.15333
33.25,-15.25,0.142612
33.75,-15.25,0.131894
34.25,-15.25,0.122658
34.75,-15.25,0.113422
35.25,-15.25,0.104186
35.75,-15.25,0.0949504
36.25,-15.25,0.0857145
36.75,-15.25,0.0784714
37.25,-15.25,0.0712283
37.75,-15.25,0.0639853
38.25,-15.25,0.0567422
38.75,-15.25,0.0494991
39.25,-15.25,0.0447317
39.75,-15.25,0.0399642
40.25,-15.25,0.0351968
40.75,-15.25,0.0304294
41.25,-15.25,0.025662
41.75,-15.25,0.0229703
42.25,-15.25,0.0202787
42.75,-15.25,0.0175871
43.25,-15.25,0.0148955
43.75,-15.25,0.0122038
44.25,-15.25,0.0122038
44.75,-15.25,0.0122038
-44.75,-14.75,0.00880793
-44.25,-14.75,0.00880793
-43.75,-14.75,0.00880793
-43.25,-14.75,0.00971392
-42.75,-14.75,0.0106199
-42.25,-14.75,0.0115259
-41.75,-14.75,0.0124319
-41.25,-14.75,0.0133379
-40.75,-14.75,0.0158537
-40.25,-14.75,0.0183696
-39.75,-14.75,0.0208854
-39.25,-14.75,0.0234012
-38.75,-14.75,0.0259171
-38.25,-14.75,0.0312316
-37.75,-14.75,0.0365461
-37.25,-14.75,0.0418606
-36.75,-14.75,0.0471752
-36.25,-14.75,0.0524897
-35.75,-14.75,0.0603413
-35.25,-14.75,0.0681928
-34.75,-14.75,0.0760444
-34.25,-14.75,0.083896
-33.75,-14.75,0.0917475
-33.25,-14.75,0.100392
-32.75,-14.75,0.109036
-32.25,-14.75,0.11768
-31.75,-14.75,0.126324
-31.25,-14.75,0.134968
-30.75,-14.75,0.143277
-30.25,-14.75,0.151587
-29.75,-14.75,0.159896
-29.25,-14.75,0.168205
-28.75,-14.75,0.176515
-28.25,-14.75,0.184093
-27.75,-14.75,0.191671
-27.25,-14.75,0.199249
-26.75,-14.75,0.206828
-26.25,-14.75,0.214406
-25.75,-14.75,0.221581
-25.25,-14.75,0.228757
-24.75,-14.75,0.235932
-24.25,-14.75,0.243107
-23.75,-14.75,0.250283
-23.25,-14.75,0.256968
-22.75,-14.75,0.263653
-22.25,-14.75,0.270337
-21.75,-14.75,0.277022
-21.25,-14.75,0.283707
-20.75,-14.75,0.290272
-20.25,-14.75,0.296836
-19.75,-14.75,0.3034
-19.25,-14.75,0.309964
-18.75,-14.75,0.316528
-18.25,-14.75,0.323114
-17.75,-14.75,0.329699
-17.25,-14.75,0.336285
-16.75,-14.75,0.34287
-16.25,-14.75,0.349455
-15.75,-14.75,0.356419
-15.25,-14.75,0.363383
-14.75,-14.75,0.370347
-14.25,-14.75,0.377311
-13.75,-14.75,0.384275
-13.25,-14.75,0.391676
-12.75,-14.75,0.399076
-12.25,-14.75,0.406476
-11.75,-14.75,0.413876
-11.25,-14.75,0.421277
-10.75,-14.75,0.429788
-10.25,-14.75,0.4383
-9.75,-14.75,0.446811
-9.25,-14.75,0.455322
-8.75,-14.75,0.463834
-8.25,-14.75,0.473591
-7.75,-14.75,0.483349
-7.25,-14.75,0.493106
-6.75,-14.75,0.502864
-6.25,-14.75,0.512621
-5.75,-14.75,0.523969
-5.25,-14.75,0.535317
-4.75,-14.75,0.546665
-4.25,-14.75,0.558013
-3.75,-14.75,0.56936
-3.25,-14.75,0.581957
-2.75,-14.75,0.594554
-2.25,-14.75,0.607151
-1.75,-14.75,0.619749
-1.25,-14.75,0.632346
-0.75,-14.75,0.645449
-0.25,-14.75,0.658553
0.25,-14.75,0.671657
0.75,-14.75,0.68476
1.25,-14.75,0.697864
1.75,-14.75,0.709819
2.25,-14.75,0.721774
2.75,-14.75,0.733729
3.25,-14.75,0.745684
3.75,-14.75,0.757639
4.25,-14.75,0.766217
4.75,-14.75,0.774796
5.25,-14.75,0.783374
5.75,-14.75,0.791953
6.25,-14.75,0.800531
6.75,-14.75,0.803358
7.25,-14.75,0.806184
7.75,-14.75,0.809011
8.25,-14.75,0.811838
8.75,-14.75,0.814665
9.25,-14.75,0.810713
9.75,-14.75,0.806762
10.25,-14.75,0.802811
10.75,-14.75,0.79886
11.25,-14.75,0.794909
11.75,-14.75,0.784243
12.25,-14.75,0.773578
12.75,-14.75,0.762912
13.25,-14.75,0.752247
13.75,-14.75,0.741581
14.25,-14.75,0.726278
14.75,-14.75,0.710975
15.25,-14.75,0.695673
15.75,-14.75,0.68037
16.25,-14.75,0.665067
16.75,-14.75,0.647327
17.25,-14.75,0.629586
17.75,-14.75,0.611845
18.25,-14.75,0.594105
18.75,-14.75,0.576364
19.25,-14.75,0.558224
19.75,-14.75,0.540084
20.25,-14.75,0.521944
20.75,-14.75,0.503803
21.25,-14.75,0.485663
21.75,-14.75,0.468589
22.25,-14.75,0.451514
22.75,-14.75,0.43444
23.25,-14.75,0.417365
23.75,-14.75,0.400291
24.25,-14.75,0.384934
24.75,-14.75,0.369578
25.25,-14.75,0.354221
25.75,-14.75,0.338864
26.25,-14.75,0.323508
26.75,-14.75,0.309736
27.25,-14.75,0.295964
27.75,-14.75,0.282192
28.25,-14.75,0.26842
28.75,-14.75,0.254648
29.25,-14.75,0.242341
29.75,-14.75,0.230034
30.25,-14.75,0.217727
30.75,-14.75,0.20542
31.25,-14.75,0.193112
31.75,-14.75,0.182072
32.25,-14.75,0.171031
32.75,-14.75,0.15999
33.25,-14.75,0.148949
33.75,-14.75,0.137908
34.25,-14.75,0.128345
34.75,-14.75,0.118782
35.25,-14.75,0.109219
35.75,-14.75,0.0996561
36.25,-14.75,0.0900931
36.75,-14.75,0.0825411
37.25,-14.75,0.0749892
37.75,-14.75,0.0674372
38.25,-14.75,0.0598852
38.75,-14.75,0.0523333
39.25,-14.75,0.0473016
39.75,-14.75,0.0422699
40.25,-14.75,0.0372382
40.75,-14.75,0.0322065
41.25,-14.75,0.0271748
41.75,-14.75,0.0243262
42.25,-14.75,0.0214776
42.75,-14.75,0.018629
43.25,-14.75,0.0157804
43.75,-14.75,0.0129318
44.25,-14.75,0.0129318
44.75,-14.75,0.0129318
-44.75,-14.25,0.00920833
-44.25,-14.25,0.00920833
-43.75,-14.25,0.00920833
-43.25,-14.25,0.0101945
-42.75,-14.25,0.0111806
-42.25,-14.25,0.0121668
-41.75,-14.25,0.013153
-41.25,-14.25,0.0141391
-40.75,-14.25,0.016875
-40.25,-14.25,0.0196108
-39.75,-14.25,0.0223467
-39.25,-14.25,0.0250825
-38.75,-14.25,0.0278183
-38.25,-14.25,0.0335038
-37.75,-14.25,0.0391892
-37.25,-14.25,0.0448747
-36.75,-14.25,0.0505601
-36.25,-14.25,0.0562456
-35.75,-14.25,0.0644563
-35.25,-14.25,0.0726669
-34.75,-14.25,0.0808776
-34.25,-14.25,0.0890883
-33.75,-14.25,0.097299
-33.25,-14.25,0.106209
-32.75,-14.25,0.115119
-32.25,-14.25,0.124029
-31.75,-14.25,0.132939
-31.25,-14.25,0.14185
-30.75,-14.25,0.150384
-30.25,-14.25,0.158918
-29.75,-14.25,0.167452
-29.25,-14.25,0.175985
-28.75,-14.25,0.184519
-28.25,-14.25,0.192294
-27.75,-14.25,0.200068
-27.25,-14.25,0.207842
-26.75,-14.25,0.215616
-26.25,-14.25,0.22339
-25.75,-14.25,0.230747
-25.25,-14.25,0.238104
-24.75,-14.25,0.245461
-24.25,-14.25,0.252817
-23.75,-14.25,0.260174
-23.25,-14.25,0.267022
-22.75,-14.25,0.27387
-22.25,-14.25,0.280718
-21.75,-14.25,0.287567
-21.25,-14.25,0.294415
-20.75,-14.25,0.301183
-20.25,-14.25,0.307951
-19.75,-14.25,0.314719
-19.25,-14.25,0.321487
-18.75,-14.25,0.328255
-18.25,-14.25,0.334988
-17.75,-14.25,0.34172
-17.25,-14.25,0.348453
-16.75,-14.25,0.355186
-16.25,-14.25,0.361919
-15.75,-14.25,0.369091
-15.25,-14.25,0.376263
-14.75,-14.25,0.383435
-14.25,-14.25,0.390608
-13.75,-14.25,0.39778
-13.25,-14.25,0.405364
-12.75,-14.25,0.412949
-12.25,-14.25,0.420533
-11.75,-14.25,0.428118
-11.25,-14.25,0.435702
-10.75,-14.25,0.444479
-10.25,-14.25,0.453256
-9.75,-14.25,0.462033
-9.25,-14.25,0.47081
-8.75,-14.25,0.479587
-8.25,-14.25,0.489657
-7.75,-14.25,0.499727
-7.25,-14.25,0.509798
-6.75,-14.25,0.519868
-6.25,-14.25,0.529938
-5.75,-14.25,0.541632
-5.25,-14.25,0.553325
-4.75,-14.25,0.565019
-4.25,-14.25,0.576713
-3.75,-14.25,0.588406
-3.25,-14.25,0.601405
-2.75,-14.25,0.614404
-2.25,-14.25,0.627403
-1.75,-14.25,0.640402
-1.25,-14.25,0.653401
-0.75,-14.25,0.666866
-0.25,-14.25,0.680331
0.25,-14.25,0.693797
0.75,-14.25,0.707262
1.25,-14.25,0.720728
1.75,-14.25,0.733031
2.25,-14.25,0.745334
2.75,-14.25,0.757636
3.25,-14.25,0.769939
3.75,-14.25,0.782242
4.25,-14.25,0.791011
4.75,-14.25,0.799779
5.25,-14.25,0.808548
5.75,-14.25,0.817316
6.25,-14.25,0.826085
6.75,-14.25,0.828968
7.25,-14.25,0.831852
7.75,-14.25,0.834735
8.25,-14.25,0.837619
8.75,-14.25,0.840502
9.25,-14.25,0.836425
9.75,-14.25,0.832348
10.25,-14.25,0.828271
10.75,-14.25,0.824195
11.25,-14.25,0.820118
11.75,-14.25,0.809098
12.25,-14.25,0.798079
12.75,-14.25,0.78706
13.25,-14.25,0.776041
13.75,-14.25,0.765021
14.25,-14.25,0.749269
14.75,-14.25,0.733516
15.25,-14.25,0.717763
15.75,-14.25,0.70201
16.25,-14.25,0.686258
16.75,-14.25,0.667996
17.25,-14.25,0.649733
17.75,-14.25,0.631471
18.25,-14.25,0.613209
18.75,-14.25,0.594947
19.25,-14.25,0.576274
19.75,-14.25,0.557602
20.25,-14.25,0.538929
20.75,-14.25,0.520256
21.25,-14.25,0.501583
21.75,-14.25,0.484049
22.25,-14.25,0.466516
22.75,-14.25,0.448982
23.25,-14.25,0.431448
23.75,-14.25,0.413914
24.25,-14.25,0.398131
24.75,-14.25,0.382347
25.25,-14.25,0.366563
25.75,-14.25,0.35078
26.25,-14.25,0.334996
26.75,-14.25,0.320824
27.25,-14.25,0.306653
27.75,-14.25,0.292481
28.25,-14.25,0.27831
28.75,-14.25,0.264138
29.25,-14.25,0.251459
29.75,-14.25,0.238779
30.25,-14.25,0.2261
30.75,-14.25,0.21342
31.25,-14.25,0.20074
31.75,-14.25,0.189377
32.25,-14.25,0.178013
32.75,-14.25,0.16665
33.25,-14.25,0.155286
33.75,-14.25,0.143922
34.25,-14.25,0.134032
34.75,-14.25,0.124142
35.25,-14.25,0.114252
35.75,-14.25,0.104362
36.25,-14.25,0.0944717
36.75,-14.25,0.0866109
37.25,-14.25,0.07875
37.75,-14.25,0.0708891
38.25,-14.25,0.0630283
38.75,-14.25,0.0551674
39.25,-14.25,0.0498715
39.75,-14.25,0.0445755
40.25,-14.25,0.0392796
40.75,-14.25,0.0339837
41.25,-14.25,0.0286877
41.75,-14.25,0.0256821
42.25,-14.25,0.0226766
42.75,-14.25,0.019671
43.25,-14.25,0.0166654
43.75,-14.25,0.0136598
44.25,-14.25,0.0136598
44.75,-14.25,0.0136598
-44.75,-13.75,0.00960872
-44.25,-13.75,0.00960872
-43.75,-13.75,0.00960872
-43.25,-13.75,0.010675
-42.75,-13.75,0.0117414
-42.25,-13.75,0.0128077
-41.75,-13.75,0.013874
-41.25,-13.75,0.0149404
-40.75,-13.75,0.0178962
-40.25,-13.75,0.0208521
-39.75,-13.75,0.0238079
-39.25,-13.75,0.0267637
-38.75,-13.75,0.0297196
-38.25,-13.75,0.035776
-37.75,-13.75,0.0418323
-37.25,-13.75,0.0478887
-36.75,-13.75,0.0539451
-36.25,-13.75,0.0600014
-35.75,-13.75,0.0685713
-35.25,-13.75,0.0771411
-34.75,-13.75,0.0857109
-34.25,-13.75,0.0942807
-33.75,-13.75,0.10285
-33.25,-13.75,0.112027
-32.75,-13.75,0.121203
-32.25,-13.75,0.130379
-31.75,-13.75,0.139555
-31.25,-13.75,0.148731
-30.75,-13.75,0.15749
-30.25,-13.75,0.166249
-29.75,-13.75,0.175007
-29.25,-13.75,0.183766
-28.75,-13.75,0.192524
-28.25,-13.75,0.200494
-27.75,-13.75,0.208465
-27.25,-13.75,0.216435
-26.75,-13.75,0.224405
-26.25,-13.75,0.232375
-25.75,-13.75,0.239913
-25.25,-13.75,0.247451
-24.75,-13.75,0.254989
-24.25,-13.75,0.262527
-23.75,-13.75,0.270066
-23.25,-13.75,0.277077
-22.75,-13.75,0.284088
-22.25,-13.75,0.291099
-21.75,-13.75,0.298111
-21.25,-13.75,0.305122
-20.75,-13.75,0.312094
-20.25,-13.75,0.319066
-19.75,-13.75,0.326038
-19.25,-13.75,0.333009
-18.75,-13.75,0.339981
-18.25,-13.75,0.346861
-17.75,-13.75,0.353742
-17.25,-13.75,0.360622
-16.75,-13.75,0.367502
-16.25,-13.75,0.374382
-15.75,-13.75,0.381762
-15.25,-13.75,0.389143
-14.75,-13.75,0.396523
-14.25,-13.75,0.403904
-13.75,-13.75,0.411284
-13.25,-13.75,0.419053
-12.75,-13.75,0.426822
-12.25,-13.75,0.43459
-11.75,-13.75,0.442359
-11.25,-13.75,0.450128
-10.75,-13.75,0.45917
-10.25,-13.75,0.468212
-9.75,-13.75,0.477255
-9.25,-13.75,0.486297
-8.75,-13.75,0.49534
-8.25,-13.75,0.505723
-7.75,-13.75,0.516106
-7.25,-13.75,0.526489
-6.75,-13.75,0.536872
-6.25,-13.75,0.547255
-5.75,-13.75,0.559294
-5.25,-13.75,0.571334
-4.75,-13.75,0.583373
-4.25,-13.75,0.595413
-3.75,-13.75,0.607452
-3.25,-13.75,0.620853
-2.75,-13.75,0.634254
-2.25,-13.75,0.647654
-1.75,-13.75,0.661055
-1.25,-13.75,0.674455
-0.75,-13.75,0.688283
-0.25,-13.75,0.70211
0.25,-13.75,0.715937
0.75,-13.75,0.729764
1.25,-13.75,0.743592
1.75,-13.75,0.756242
2.25,-13.75,0.768893
2.75,-13.75,0.781544
3.25,-13.75,0.794194
3.75,-13.75,0.806845
4.25,-13.75,0.815804
4.75,-13.75,0.824762
5.25,-13.75,0.833721
5.75,-13.75,0.84268
6.25,-13.75,0.851639
6.75,-13.75,0.854579
7.25,-13.75,0.857519
7.75,-13.75,0.86046
8.25,-13.75,0.8634
8.75,-13.75,0.86634
9.25,-13.75,0.862137
9.75,-13.75,0.857935
10.25,-13.75,0.853732
10.75,-13.75,0.849529
11.25,-13.75,0.845326
11.75,-13.75,0.833954
12.25,-13.75,0.822581
12.75,-13.75,0.811208
13.25,-13.75,0.799835
13.75,-13.75,0.788462
14.25,-13.75,0.772259
14.75,-13.75,0.756056
15.25,-13.75,0.739854
15.75,-13.75,0.723651
16.25,-13.75,0.707448
16.75,-13.75,0.688664
17.25,-13.75,0.669881
17.75,-13.75,0.651097
18.25,-13.75,0.632314
18.75,-13.75,0.61353
19.25,-13.75,0.594325
19.75,-13.75,0.575119
20.25,-13.75,0.555914
20.75,-13.75,0.536709
21.25,-13.75,0.517503
21.75,-13.75,0.49951
22.25,-13.75,0.481517
22.75,-13.75,0.463524
23.25,-13.75,0.445531
23.75,-13.75,0.427538
24.25,-13.75,0.411327
24.75,-13.75,0.395116
25.25,-13.75,0.378906
25.75,-13.75,0.362695
26.25,-13.75,0.346484
26.75,-13.75,0.331913
27.25,-13.75,0.317342
27.75,-13.75,0.302771
28.25,-13.75,0.2882
28.75,-13.75,0.273629
29.25,-13.75,0.260577
29.75,-13.75,0.247525
30.25,-13.75,0.234473
30.75,-13.75,0.22142
31.25,-13.75,0.208368
31.75,-13.75,0.196682
32.25,-13.75,0.184996
32.75,-13.75,0.173309
33.25,-13.75,0.161623
33.75,-13.75,0.149937
34.25,-13.75,0.139719
34.75,-13.75,0.129502
35.25,-13.75,0.119285
35.75,-13.75,0.109068
36.25,-13.75,0.0988503
36.75,-13.75,0.0906806
37.25,-13.75,0.0825108
37.75,-13.75,0.0743411
38.25,-13.75,0.0661713
38.75,-13.75,0.0580015
39.25,-13.75,0.0524413
39.75,-13.75,0.0468812
40.25,-13.75,0.041321
40.75,-13.75,0.0357608
41.25,-13.75,0.0302006
41.75,-13.75,0.027038
42.25,-13.75,0.0238755
42.75,-13.75,0.0207129
43.25,-13.75,0.0175504
43.75,-13.75,0.0143878
44.25,-13.75,0.0143878
44.75,-13.75,0.0143878
-44.75,-13.25,0.0100214
-44.25,-13.25,0.0100214
-43.75,-13.25,0.0100214
-43.25,-13.25,0.0111895
-42.75,-13.25,0.0123577
-42.25,-13.25,0.0135259
-41.75,-13.25,0.014694
-41.25,-13.25,0.0158622
-40.75,-13.25,0.0190908
-40.25,-13.25,0.0223195
-39.75,-13.25,0.0255481
-39.25,-13.25,0.0287768
-38.75,-13.25,0.0320054
-38.25,-13.25,0.0384205
-37.75,-13.25,0.0448356
-37.25,-13.25,0.0512506
-36.75,-13.25,0.0576657
-36.25,-13.25,0.0640808
-35.75,-13.25,0.0729187
-35.25,-13.25,0.0817566
-34.75,-13.25,0.0905944
-34.25,-13.25,0.0994323
-33.75,-13.25,0.10827
-33.25,-13.25,0.117678
-32.75,-13.25,0.127086
-32.25,-13.25,0.136494
-31.75,-13.25,0.145902
-31.25,-13.25,0.15531
-30.75,-13.25,0.16426
-30.25,-13.25,0.17321
-29.75,-13.25,0.18216
-29.25,-13.25,0.191111
-28.75,-13.25,0.200061
-28.25,-13.25,0.20823
-27.75,-13.25,0.2164
-27.25,-13.25,0.224569
-26.75,-13.25,0.232738
-26.25,-13.25,0.240908
-25.75,-13.25,0.248581
-25.25,-13.25,0.256255
-24.75,-13.25,0.263928
-24.25,-13.25,0.271602
-23.75,-13.25,0.279276
-23.25,-13.25,0.286465
-22.75,-13.25,0.293653
-22.25,-13.25,0.300842
-21.75,-13.25,0.308031
-21.25,-13.25,0.31522
-20.75,-13.25,0.322349
-20.25,-13.25,0.329478
-19.75,-13.25,0.336606
-19.25,-13.25,0.343735
-18.75,-13.25,0.350864
-18.25,-13.25,0.357897
-17.75,-13.25,0.36493
-17.25,-13.25,0.371963
-16.75,-13.25,0.378996
-16.25,-13.25,0.386028
-15.75,-13.25,0.39356
-15.25,-13.25,0.401092
-14.75,-13.25,0.408624
-14.25,-13.25,0.416157
-13.75,-13.25,0.423689
-13.25,-13.25,0.431692
-12.75,-13.25,0.439695
-12.25,-13.25,0.447698
-11.75,-13.25,0.455701
-11.25,-13.25,0.463704
-10.75,-13.25,0.472971
-10.25,-13.25,0.482238
-9.75,-13.25,0.491505
-9.25,-13.25,0.500772
-8.75,-13.25,0.510039
-8.25,-13.25,0.520719
-7.75,-13.25,0.531398
-7.25,-13.25,0.542078
-6.75,-13.25,0.552757
-6.25,-13.25,0.563437
-5.75,-13.25,0.575767
-5.25,-13.25,0.588098
-4.75,-13.25,0.600428
-4.25,-13.25,0.612759
-3.75,-13.25,0.625089
-3.25,-13.25,0.638838
-2.75,-13.25,0.652587
-2.25,-13.25,0.666337
-1.75,-13.25,0.680086
-1.25,-13.25,0.693835
-0.75,-13.25,0.708012
-0.25,-13.25,0.722188
0.25,-13.25,0.736365
0.75,-13.25,0.750542
1.25,-13.25,0.764719
1.75,-13.25,0.77766
2.25,-13.25,0.790602
2.75,-13.25,0.803543
3.25,-13.25,0.816484
3.75,-13.25,0.829426
4.25,-13.25,0.838573
4.75,-13.25,0.84772
5.25,-13.25,0.856867
5.75,-13.25,0.866013
6.25,-13.25,0.87516
6.75,-13.25,0.878129
7.25,-13.25,0.881097
7.75,-13.25,0.884066
8.25,-13.25,0.887034
8.75,-13.25,0.890003
9.25,-13.25,0.885665
9.75,-13.25,0.881327
10.25,-13.25,0.87699
10.75,-13.25,0.872652
11.25,-13.25,0.868314
11.75,-13.25,0.856641
12.25,-13.25,0.844968
12.75,-13.25,0.833296
13.25,-13.25,0.821623
13.75,-13.25,0.80995
14.25,-13.25,0.793297
14.75,-13.25,0.776643
15.25,-13.25,0.75999
15.75,-13.25,0.743337
16.25,-13.25,0.726683
16.75,-13.25,0.707399
17.25,-13.25,0.688114
17.75,-13.25,0.668829
18.25,-13.25,0.649544
18.75,-13.25,0.63026
19.25,-13.25,0.610625
19.75,-13.25,0.59099
20.25,-13.25,0.571355
20.75,-13.25,0.55172
21.25,-13.25,0.532084
21.75,-13.25,0.513669
22.25,-13.25,0.495254
22.75,-13.25,0.476839
23.25,-13.25,0.458424
23.75,-13.25,0.440009
24.25,-13.25,0.42337
24.75,-13.25,0.406732
25.25,-13.25,0.390093
25.75,-13.25,0.373455
26.25,-13.25,0.356817
26.75,-13.25,0.341917
27.25,-13.25,0.327017
27.75,-13.25,0.312118
28.25,-13.25,0.297218
28.75,-13.25,0.282319
29.25,-13.25,0.268952
29.75,-13.25,0.255585
30.25,-13.25,0.242218
30.75,-13.25,0.228851
31.25,-13.25,0.215484
31.75,-13.25,0.203495
32.25,-13.25,0.191506
32.75,-13.25,0.179517
33.25,-13.25,0.167527
33.75,-13.25,0.155538
34.25,-13.25,0.145033
34.75,-13.25,0.134528
35.25,-13.25,0.124022
35.75,-13.25,0.113517
36.25,-13.25,0.103012
36.75,-13.25,0.0945727
37.25,-13.25,0.0861338
37.75,-13.25,0.0776949
38.25,-13.25,0.0692561
38.75,-13.25,0.0608172
39.25,-13.25,0.055012
39.75,-13.25,0.0492067
40.25,-13.25,0.0434015
40.75,-13.25,0.0375962
41.25,-13.25,0.0317909
41.75,-13.25,0.0284613
42.25,-13.25,0.0251317
42.75,-13.25,0.0218021
43.25,-13.25,0.0184725
43.75,-13.25,0.0151429
44.25,-13.25,0.0151429
44.75,-13.25,0.0151429
-44.75,-12.75,0.0104341
-44.25,-12.75,0.0104341
-43.75,-12.75,0.0104341
-43.25,-12.75,0.011704
-42.75,-12.75,0.012974
-42.25,-12.75,0.014244
-41.75,-12.75,0.015514
-41.25,-12.75,0.016784
-40.75,-12.75,0.0202854
-40.25,-12.75,0.0237869
-39.75,-12.75,0.0272883
-39.25,-12.75,0.0307898
-38.75,-12.75,0.0342912
-38.25,-12.75,0.041065
-37.75,-12.75,0.0478388
-37.25,-12.75,0.0546126
-36.75,-12.75,0.0613863
-36.25,-12.75,0.0681601
-35.75,-12.75,0.0772661
-35.25,-12.75,0.086372
-34.75,-12.75,0.095478
-34.25,-12.75,0.104584
-33.75,-12.75,0.11369
-33.25,-12.75,0.12333
-32.75,-12.75,0.13297
-32.25,-12.75,0.142609
-31.75,-12.75,0.152249
-31.25,-12.75,0.161889
-30.75,-12.75,0.171031
-30.25,-12.75,0.180172
-29.75,-12.75,0.189314
-29.25,-12.75,0.198455
-28.75,-12.75,0.207597
-28.25,-12.75,0.215966
-27.75,-12.75,0.224334
-27.25,-12.75,0.232703
-26.75,-12.75,0.241072
-26.25,-12.75,0.249441
-25.75,-12.75,0.25725
-25.25,-12.75,0.265059
-24.75,-12.75,0.272868
-24.25,-12.75,0.280677
-23.75,-12.75,0.288486
-23.25,-12.75,0.295852
-22.75,-12.75,0.303219
-22.25,-12.75,0.310586
-21.75,-12.75,0.317952
-21.25,-12.75,0.325319
-20.75,-12.75,0.332604
-20.25,-12.75,0.33989
-19.75,-12.75,0.347175
-19.25,-12.75,0.354461
-18.75,-12.75,0.361746
-18.25,-12.75,0.368932
-17.75,-12.75,0.376118
-17.25,-12.75,0.383303
-16.75,-12.75,0.390489
-16.25,-12.75,0.397675
-15.75,-12.75,0.405358
-15.25,-12.75,0.413042
-14.75,-12.75,0.420726
-14.25,-12.75,0.428409
-13.75,-12.75,0.436093
-13.25,-12.75,0.44433
-12.75,-12.75,0.452568
-12.25,-12.75,0.460806
-11.75,-12.75,0.469043
-11.25,-12.75,0.477281
-10.75,-12.75,0.486772
-10.25,-12.75,0.496264
-9.75,-12.75,0.505755
-9.25,-12.75,0.515247
-8.75,-12.75,0.524738
-8.25,-12.75,0.535714
-7.75,-12.75,0.546691
-7.25,-12.75,0.557667
-6.75,-12.75,0.568643
-6.25,-12.75,0.579619
-5.75,-12.75,0.59224
-5.25,-12.75,0.604862
-4.75,-12.75,0.617483
-4.25,-12.75,0.630104
-3.75,-12.75,0.642726
-3.25,-12.75,0.656823
-2.75,-12.75,0.670921
-2.25,-12.75,0.685019
-1.75,-12.75,0.699117
-1.25,-12.75,0.713215
-0.75,-12.75,0.727741
-0.25,-12.75,0.742267
0.25,-12.75,0.756793
0.75,-12.75,0.771319
1.25,-12.75,0.785846
1.75,-12.75,0.799078
2.25,-12.75,0.81231
2.75,-12.75,0.825542
3.25,-12.75,0.838775
3.75,-12.75,0.852007
4.25,-12.75,0.861342
4.75,-12.75,0.870677
5.25,-12.75,0.880012
5.75,-12.75,0.889347
6.25,-12.75,0.898682
6.75,-12.75,0.901679
7.25,-12.75,0.904675
7.75,-12.75,0.907672
8.25,-12.75,0.910669
8.75,-12.75,0.913665
9.25,-12.75,0.909193
9.75,-12.75,0.90472
10.25,-12.75,0.900247
10.75,-12.75,0.895775
11.25,-12.75,0.891302
11.75,-12.75,0.879329
12.25,-12.75,0.867356
12.75,-12.75,0.855383
13.25,-12.75,0.84341
13.75,-12.75,0.831438
14.25,-12.75,0.814334
14.75,-12.75,0.79723
15.25,-12.75,0.780126
15.75,-12.75,0.763023
16.25,-12.75,0.745919
16.75,-12.75,0.726133
17.25,-12.75,0.706347
17.75,-12.75,0.686561
18.25,-12.75,0.666775
18.75,-12.75,0.646989
19.25,-12.75,0.626924
19.75,-12.75,0.60686
20.25,-12.75,0.586795
20.75,-12.75,0.56673
21.25,-12.75,0.546666
21.75,-12.75,0.527829
22.25,-12.75,0.508991
22.75,-12.75,0.490154
23.25,-12.75,0.471317
23.75,-12.75,0.45248
24.25,-12.75,0.435413
24.75,-12.75,0.418347
25.25,-12.75,0.401281
25.75,-12.75,0.384215
26.25,-12.75,0.367149
26.75,-12.75,0.351921
27.25,-12.75,0.336693
27.75,-12.75,0.321465
28.25,-12.75,0.306237
28.75,-12.75,0.291009
29.25,-12.75,0.277327
29.75,-12.75,0.263645
30.25,-12.75,0.249964
30.75,-12.75,0.236282
31.25,-12.75,0.2226
31.75,-12.75,0.210308
32.25,-12.75,0.198016
32.75,-12.75,0.185724
33.25,-12.75,0.173432
33.75,-12.75,0.16114
34.25,-12.75,0.150347
34.75,-12.75,0.139553
35.25,-12.75,0.12876
35.75,-12.75,0.117966
36.25,-12.75,0.107173
36.75,-12.75,0.0984648
37.25,-12.75,0.0897568
37.75,-12.75,0.0810488
38.25,-12.75,0.0723409
38.75,-12.75,0.0636329
39.25,-12.75,0.0575826
39.75,-12.75,0.0515323
40.25,-12.75,0.0454819
40.75,-12.75,0.0394316
41.25,-12.75,0.0333813
41.75,-12.75,0.0298847
42.25,-12.75,0.026388
42.75,-12.75,0.0228913
43.25,-12.75,0.0193947
43.75,-12.75,0.015898
44.25,-12.75,0.015898
44.75,-12.75,0.015898
-44.75,-12.25,0.0108467
-44.25,-12.25,0.0108467
-43.75,-12.25,0.0108467
-43.25,-12.25,0.0122185
-42.75,-12.25,0.0135904
-42.25,-12.25,0.0149622
-41.75,-12.25,0.016334
-41.25,-12.25,0.0177058
-40.75,-12.25,0.0214801
-40.25,-12.25,0.0252543
-39.75,-12.25,0.0290286
-39.25,-12.25,0.0328028
-38.75,-12.25,0.036577
-38.25,-12.25,0.0437095
-37.75,-12.25,0.050842
-37.25,-12.25,0.0579745
-36.75,-12.25,0.065107
-36.25,-12.25,0.0722395
-35.75,-12.25,0.0816135
-35.25,-12.25,0.0909875
-34.75,-12.25,0.100362
-34.25,-12.25,0.109736
-33.75,-12.25,0.11911
-33.25,-12.25,0.128981
-32.75,-12.25,0.138853
-32.25,-12.25,0.148725
-31.75,-12.25,0.158596
-31.25,-12.25,0.168468
-30.75,-12.25,0.177801
-30.25,-12.25,0.187134
-29.75,-12.25,0.196467
-29.25,-12.25,0.2058
-28.75,-12.25,0.215133
-28.25,-12.25,0.223701
-27.75,-12.25,0.232269
-27.25,-12.25,0.240838
-26.75,-12.25,0.249406
-26.25,-12.25,0.257974
-25.75,-12.25,0.265918
-25.25,-12.25,0.273863
-24.75,-12.25,0.281807
-24.25,-12.25,0.289751
-23.75,-12.25,0.297696
-23.25,-12.25,0.30524
-22.75,-12.25,0.312784
-22.25,-12.25,0.320329
-21.75,-12.25,0.327873
-21.25,-12.25,0.335417
-20.75,-12.25,0.34286
-20.25,-12.25,0.350302
-19.75,-12.25,0.357744
-19.25,-12.25,0.365187
-18.75,-12.25,0.372629
-18.25,-12.25,0.379967
-17.75,-12.25,0.387306
-17.25,-12.25,0.394644
-16.75,-12.25,0.401983
-16.25,-12.25,0.409321
-15.75,-12.25,0.417156
-15.25,-12.25,0.424992
-14.75,-12.25,0.432827
-14.25,-12.25,0.440662
-13.75,-12.25,0.448497
-13.25,-12.25,0.456969
-12.75,-12.25,0.465441
-12.25,-12.25,0.473913
-11.75,-12.25,0.482386
-11.25,-12.25,0.490858
-10.75,-12.25,0.500574
-10.25,-12.25,0.51029
-9.75,-12.25,0.520006
-9.25,-12.25,0.529722
-8.75,-12.25,0.539438
-8.25,-12.25,0.55071
-7.75,-12.25,0.561983
-7.25,-12.25,0.573256
-6.75,-12.25,0.584529
-6.25,-12.25,0.595801
-5.75,-12.25,0.608714
-5.25,-12.25,0.621626
-4.75,-12.25,0.634538
-4.25,-12.25,0.64745
-3.75,-12.25,0.660362
-3.25,-12.25,0.674809
-2.75,-12.25,0.689255
-2.25,-12.25,0.703701
-1.75,-12.25,0.718148
-1.25,-12.25,0.732594
-0.75,-12.25,0.74747
-0.25,-12.25,0.762346
0.25,-12.25,0.777221
0.75,-12.25,0.792097
1.25,-12.25,0.806972
1.75,-12.25,0.820496
2.25,-12.25,0.834019
2.75,-12.25,0.847542
3.25,-12.25,0.861065
3.75,-12.25,0.874588
4.25,-12.25,0.884111
4.75,-12.25,0.893634
5.25,-12.25,0.903157
5.75,-12.25,0.91268
6.25,-12.25,0.922203
6.75,-12.25,0.925228
7.25,-12.25,0.928253
7.75,-12.25,0.931278
8.25,-12.25,0.934303
8.75,-12.25,0.937328
9.25,-12.25,0.93272
9.75,-12.25,0.928113
10.25,-12.25,0.923505
10.75,-12.25,0.918897
11.25,-12.25,0.91429
11.75,-12.25,0.902017
12.25,-12.25,0.889744
12.75,-12.25,0.877471
13.25,-12.25,0.865198
13.75,-12.25,0.852925
14.25,-12.25,0.835371
14.75,-12.25,0.817817
15.25,-12.25,0.800263
15.75,-12.25,0.782709
16.25,-12.25,0.765155
16.75,-12.25,0.744867
17.25,-12.25,0.72458
17.75,-12.25,0.704293
18.25,-12.25,0.684006
18.75,-12.25,0.663718
19.25,-12.25,0.643224
19.75,-12.25,0.62273
20.25,-12.25,0.602236
20.75,-12.25,0.581741
21.25,-12.25,0.561247
21.75,-12.25,0.541988
22.25,-12.25,0.522728
22.75,-12.25,0.503469
23.25,-12.25,0.48421
23.75,-12.25,0.46495
24.25,-12.25,0.447457
24.75,-12.25,0.429963
25.25,-12.25,0.412469
25.75,-12.25,0.394975
26.25,-12.25,0.377482
26.75,-12.25,0.361925
27.25,-12.25,0.346368
27.75,-12.25,0.330812
28.25,-12.25,0.315255
28.75,-12.25,0.299699
29.25,-12.25,0.285702
29.75,-12.25,0.271706
30.25,-12.25,0.257709
30.75,-12.25,0.243712
31.25,-12.25,0.229716
31.75,-12.25,0.217121
32.25,-12.25,0.204526
32.75,-12.25,0.191931
33.25,-12.25,0.179337
33.75,-12.25,0.166742
34.25,-12.25,0.15566
34.75,-12.25,0.144579
35.25,-12.25,0.133497
35.75,-12.25,0.122416
36.25,-12.25,0.111334
36.75,-12.25,0.102357
37.25,-12.25,0.0933798
37.75,-12.25,0.0844027
38.25,-12.25,0.0754256
38.75,-12.25,0.0664486
39.25,-12.25,0.0601532
39.75,-12.25,0.0538578
40.25,-12.25,0.0475624
40.75,-12.25,0.041267
41.25,-12.25,0.0349717
41.75,-12.25,0.031308
42.25,-12.25,0.0276442
42.75,-12.25,0.0239805
43.25,-12.25,0.0203168
43.75,-12.25,0.0166531
44.25,-12.25,0.0166531
44.75,-12.25,0.0166531
-44.75,-11.75,0.0112594
-44.25,-11.75,0.0112594
-43.75,-11.75,0.0112594
-43.25,-11.75,0.012733
-42.75,-11.75,0.0142067
-42.25,-11.75,0.0156803
-41.75,-11.75,0.017154
-41.25,-11.75,0.0186277
-40.75,-11.75,0.0226747
-40.25,-11.75,0.0267217
-39.75,-11.75,0.0307688
-39.25,-11.75,0.0348158
-38.75,-11.75,0.0388629
-38.25,-11.75,0.046354
-37.75,-11.75,0.0538452
-37.25,-11.75,0.0613364
-36.75,-11.75,0.0688276
-36.25,-11.75,0.0763188
-35.75,-11.75,0.0859609
-35.25,-11.75,0.095603
-34.75,-11.75,0.105245
-34.25,-11.75,0.114887
-33.75,-11.75,0.124529
-33.25,-11.75,0.134633
-32.75,-11.75,0.144736
-32.25,-11.75,0.15484
-31.75,-11.75,0.164944
-31.25,-11.75,0.175047
-30.75,-11.75,0.184572
-30.25,-11.75,0.194096
-29.75,-11.75,0.20362
-29.25,-11.75,0.213145
-28.75,-11.75,0.222669
-28.25,-11.75,0.231437
-27.75,-11.75,0.240204
-27.25,-11.75,0.248972
-26.75,-11.75,0.25774
-26.25,-11.75,0.266507
-25.75,-11.75,0.274587
-25.25,-11.75,0.282667
-24.75,-11.75,0.290746
-24.25,-11.75,0.298826
-23.75,-11.75,0.306906
-23.25,-11.75,0.314628
-22.75,-11.75,0.32235
-22.25,-11.75,0.330072
-21.75,-11.75,0.337794
-21.25,-11.75,0.345516
-20.75,-11.75,0.353115
-20.25,-11.75,0.360714
-19.75,-11.75,0.368313
-19.25,-11.75,0.375912
-18.75,-11.75,0.383511
-18.25,-11.75,0.391003
-17.75,-11.75,0.398494
-17.25,-11.75,0.405985
-16.75,-11.75,0.413477
-16.25,-11.75,0.420968
-15.75,-11.75,0.428954
-15.25,-11.75,0.436941
-14.75,-11.75,0.444928
-14.25,-11.75,0.452914
-13.75,-11.75,0.460901
-13.25,-11.75,0.469608
-12.75,-11.75,0.478314
-12.25,-11.75,0.487021
-11.75,-11.75,0.495728
-11.25,-11.75,0.504435
-10.75,-11.75,0.514375
-10.25,-11.75,0.524315
-9.75,-11.75,0.534256
-9.25,-11.75,0.544196
-8.75,-11.75,0.554137
-8.25,-11.75,0.565706
-7.75,-11.75,0.577276
-7.25,-11.75,0.588845
-6.75,-11.75,0.600414
-6.25,-11.75,0.611984
-5.75,-11.75,0.625187
-5.25,-11.75,0.63839
-4.75,-11.75,0.651593
-4.25,-11.75,0.664796
-3.75,-11.75,0.677999
-3.25,-11.75,0.692794
-2.75,-11.75,0.707589
-2.25,-11.75,0.722384
-1.75,-11.75,0.737179
-1.25,-11.75,0.751974
-0.75,-11.75,0.767199
-0.25,-11.75,0.782424
0.25,-11.75,0.797649
0.75,-11.75,0.812874
1.25,-11.75,0.828099
1.75,-11.75,0.841913
2.25,-11.75,0.855727
2.75,-11.75,0.869541
3.25,-11.75,0.883355
3.75,-11.75,0.897169
4.25,-11.75,0.90688
4.75,-11.75,0.916591
5.25,-11.75,0.926303
5.75,-11.75,0.936014
6.25,-11.75,0.945725
6.75,-11.75,0.948778
7.25,-11.75,0.951831
7.75,-11.75,0.954884
8.25,-11.75,0.957937
8.75,-11.75,0.96099
9.25,-11.75,0.956248
9.75,-11.75,0.951505
10.25,-11.75,0.946763
10.75,-11.75,0.94202
11.25,-11.75,0.937277
11.75,-11.75,0.924705
12.25,-11.75,0.912132
12.75,-11.75,0.899559
13.25,-11.75,0.886986
13.75,-11.75,0.874413
14.25,-11.75,0.856409
14.75,-11.75,0.838404
15.25,-11.75,0.820399
15.75,-11.75,0.802395
16.25,-11.75,0.78439
16.75,-11.75,0.763602
17.25,-11.75,0.742813
17.75,-11.75,0.722025
18.25,-11.75,0.701236
18.75,-11.75,0.680448
19.25,-11.75,0.659524
19.75,-11.75,0.6386
20.25,-11.75,0.617676
20.75,-11.75,0.596752
21.25,-11.75,0.575829
21.75,-11.75,0.556147
22.25,-11.75,0.536466
22.75,-11.75,0.516784
23.25,-11.75,0.497103
23.75,-11.75,0.477421
24.25,-11.75,0.4595
24.75,-11.75,0.441578
25.25,-11.75,0.423657
25.75,-11.75,0.405736
26.25,-11.75,0.387814
26.75,-11.75,0.371929
27.25,-11.75,0.356044
27.75,-11.75,0.340159
28.25,-11.75,0.324274
28.75,-11.75,0.308389
29.25,-11.75,0.294077
29.75,-11.75,0.279766
30.25,-11.75,0.265454
30.75,-11.75,0.251143
31.25,-11.75,0.236832
31.75,-11.75,0.223934
32.25,-11.75,0.211036
32.75,-11.75,0.198139
33.25,-11.75,0.185241
33.75,-11.75,0.172343
34.25,-11.75,0.160974
34.75,-11.75,0.149604
35.25,-11.75,0.138235
35.75,-11.75,0.126865
36.25,-11.75,0.115495
36.75,-11.75,0.106249
37.25,-11.75,0.0970028
37.75,-11.75,0.0877566
38.25,-11.75,0.0785104
38.75,-11.75,0.0692642
39.25,-11.75,0.0627238
39.75,-11.75,0.0561833
40.25,-11.75,0.0496429
40.75,-11.75,0.0431025
41.25,-11.75,0.036562
41.75,-11.75,0.0327313
42.25,-11.75,0.0289005
42.75,-11.75,0.0250697
43.25,-11.75,0.021239
43.75,-11.75,0.0174082
44.25,-11.75,0.0174082
44.75,-11.75,0.0174082
-44.75,-11.25,0.0116721
-44.25,-11.25,0.0116721
-43.75,-11.25,0.0116721
-43.25,-11.25,0.0132475
-42.75,-11.25,0.014823
-42.25,-11.25,0.0163985
-41.75,-11.25,0.017974
-41.25,-11.25,0.0195495
-40.75,-11.25,0.0238693
-40.25,-11.25,0.0281892
-39.75,-11.25,0.032509
-39.25,-11.25,0.0368288
-38.75,-11.25,0.0411487
-38.25,-11.25,0.0489986
-37.75,-11.25,0.0568485
-37.25,-11.25,0.0646983
-36.75,-11.25,0.0725482
-36.25,-11.25,0.0803981
-35.75,-11.25,0.0903083
-35.25,-11.25,0.100219
-34.75,-11.25,0.110129
-34.25,-11.25,0.120039
-33.75,-11.25,0.129949
-33.25,-11.25,0.140285
-32.75,-11.25,0.15062
-32.25,-11.25,0.160955
-31.75,-11.25,0.171291
-31.25,-11.25,0.181626
-30.75,-11.25,0.191342
-30.25,-11.25,0.201058
-29.75,-11.25,0.210774
-29.25,-11.25,0.22049
-28.75,-11.25,0.230205
-28.25,-11.25,0.239172
-27.75,-11.25,0.248139
-27.25,-11.25,0.257106
-26.75,-11.25,0.266073
-26.25,-11.25,0.27504
-25.75,-11.25,0.283255
-25.25,-11.25,0.29147
-24.75,-11.25,0.299685
-24.25,-11.25,0.307901
-23.75,-11.25,0.316116
-23.25,-11.25,0.324015
-22.75,-11.25,0.331915
-22.25,-11.25,0.339815
-21.75,-11.25,0.347714
-21.25,-11.25,0.355614
-20.75,-11.25,0.36337
-20.25,-11.25,0.371126
-19.75,-11.25,0.378882
-19.25,-11.25,0.386638
-18.75,-11.25,0.394394
-18.25,-11.25,0.402038
-17.75,-11.25,0.409682
-17.25,-11.25,0.417326
-16.75,-11.25,0.42497
-16.25,-11.25,0.432614
-15.75,-11.25,0.440752
-15.25,-11.25,0.448891
-14.75,-11.25,0.457029
-14.25,-11.25,0.465167
-13.75,-11.25,0.473305
-13.25,-11.25,0.482246
-12.75,-11.25,0.491188
-12.25,-11.25,0.500129
-11.75,-11.25,0.50907
-11.25,-11.25,0.518011
-10.75,-11.25,0.528176
-10.25,-11.25,0.538341
-9.75,-11.25,0.548506
-9.25,-11.25,0.558671
-8.75,-11.25,0.568836
-8.25,-11.25,0.580702
-7.75,-11.25,0.592568
-7.25,-11.25,0.604434
-6.75,-11.25,0.6163
-6.25,-11.25,0.628166
-5.75,-11.25,0.64166
-5.25,-11.25,0.655154
-4.75,-11.25,0.668648
-4.25,-11.25,0.682142
-3.75,-11.25,0.695635
-3.25,-11.25,0.710779
-2.75,-11.25,0.725923
-2.25,-11.25,0.741066
-1.75,-11.25,0.75621
-1.25,-11.25,0.771353
-0.75,-11.25,0.786928
-0.25,-11.25,0.802503
0.25,-11.25,0.818077
0.75,-11.25,0.833652
1.25,-11.25,0.849226
1.75,-11.25,0.863331
2.25,-11.25,0.877436
2.75,-11.25,0.891541
3.25,-11.25,0.905645
3.75,-11.25,0.91975
4.25,-11.25,0.929649
4.75,-11.25,0.939549
5.25,-11.25,0.949448
5.75,-11.25,0.959347
6.25,-11.25,0.969246
6.75,-11.25,0.972328
7.25,-11.25,0.975409
7.75,-11.25,0.97849
8.25,-11.25,0.981572
8.75,-11.25,0.984653
9.25,-11.25,0.979775
9.75,-11.25,0.974898
10.25,-11.25,0.97002
10.75,-11.25,0.965143
11.25,-11.25,0.960265
11.75,-11.25,0.947392
12.25,-11.25,0.934519
12.75,-11.25,0.921647
13.25,-11.25,0.908774
13.75,-11.25,0.895901
14.25,-11.25,0.877446
14.75,-11.25,0.858991
15.25,-11.25,0.840536
15.75,-11.25,0.822081
16.25,-11.25,0.803626
16.75,-11.25,0.782336
17.25,-11.25,0.761046
17.75,-11.25,0.739757
18.25,-11.25,0.718467
18.75,-11.25,0.697177
19.25,-11.25,0.675824
19.75,-11.25,0.65447
20.25,-11.25,0.633117
20.75,-11.25,0.611763
21.25,-11.25,0.59041
21.75,-11.25,0.570306
22.25,-11.25,0.550203
22.75,-11.25,0.530099
23.25,-11.25,0.509996
23.75,-11.25,0.489892
24.25,-11.25,0.471543
24.75,-11.25,0.453194
25.25,-11.25,0.434845
25.75,-11.25,0.416496
26.25,-11.25,0.398147
26.75,-11.25,0.381933
27.25,-11.25,0.36572
27.75,-11.25,0.349506
28.25,-11.25,0.333292
28.75,-11.25,0.317078
29.25,-11.25,0.302452
29.75,-11.25,0.287826
30.25,-11.25,0.2732
30.75,-11.25,0.258574
31.25,-11.25,0.243948
31.75,-11.25,0.230747
32.25,-11.25,0.217547
32.75,-11.25,0.204346
33.25,-11.25,0.191146
33.75,-11.25,0.177945
34.25,-11.25,0.166287
34.75,-11.25,0.15463
35.25,-11.25,0.142972
35.75,-11.25,0.131314
36.25,-11.25,0.119656
36.75,-11.25,0.110141
37.25,-11.25,0.100626
37.75,-11.25,0.0911105
38.25,-11.25,0.0815952
38.75,-11.25,0.0720799
39.25,-11.25,0.0652944
39.75,-11.25,0.0585089
40.25,-11.25,0.0517234
40.75,-11.25,0.0449379
41.25,-11.25,0.0381524
41.75,-11.25,0.0341546
42.25,-11.25,0.0301568
42.75,-11.25,0.0261589
43.25,-11.25,0.0221611
43.75,-11.25,0.0181633
44.25,-11.25,0.0181633
44.75,-11.25,0.0181633
-44.75,-10.75,0.0120949
-44.25,-10.75,0.0120949
-43.75,-10.75,0.0120949
-43.25,-10.75,0.0137898
-42.75,-10.75,0.0154847
-42.25,-10.75,0.0171796
-41.75,-10.75,0.0188745
-41.25,-10.75,0.0205694
-40.75,-10.75,0.0251475
-40.25,-10.75,0.0297257
-39.75,-10.75,0.0343038
-39.25,-10.75,0.0388819
-38.75,-10.75,0.04346
-38.25,-10.75,0.0515899
-37.75,-10.75,0.0597197
-37.25,-10.75,0.0678495
-36.75,-10.75,0.0759794
-36.25,-10.75,0.0841092
-35.75,-10.75,0.0942529
-35.25,-10.75,0.104397
-34.75,-10.75,0.11454
-34.25,-10.75,0.124684
-33.75,-10.75,0.134828
-33.25,-10.75,0.14534
-32.75,-10.75,0.155853
-32.25,-10.75,0.166365
-31.75,-10.75,0.176877
-31.25,-10.75,0.18739
-30.75,-10.75,0.197264
-30.25,-10.75,0.207138
-29.75,-10.75,0.217012
-29.25,-10.75,0.226886
-28.75,-10.75,0.236761
-28.25,-10.75,0.245853
-27.75,-10.75,0.254944
-27.25,-10.75,0.264036
-26.75,-10.75,0.273128
-26.25,-10.75,0.28222
-25.75,-10.75,0.290613
-25.25,-10.75,0.299005
-24.75,-10.75,0.307397
-24.25,-10.75,0.315789
-23.75,-10.75,0.324181
-23.25,-10.75,0.332199
-22.75,-10.75,0.340216
-22.25,-10.75,0.348233
-21.75,-10.75,0.35625
-21.25,-10.75,0.364267
-20.75,-10.75,0.372132
-20.25,-10.75,0.379998
-19.75,-10.75,0.387863
-19.25,-10.75,0.395728
-18.75,-10.75,0.403594
-18.25,-10.75,0.411414
-17.75,-10.75,0.419234
-17.25,-10.75,0.427054
-16.75,-10.75,0.434874
-16.25,-10.75,0.442694
-15.75,-10.75,0.450962
-15.25,-10.75,0.459229
-14.75,-10.75,0.467497
-14.25,-10.75,0.475764
-13.75,-10.75,0.484032
-13.25,-10.75,0.493121
-12.75,-10.75,0.50221
-12.25,-10.75,0.5113
-11.75,-10.75,0.520389
-11.25,-10.75,0.529478
-10.75,-10.75,0.539824
-10.25,-10.75,0.55017
-9.75,-10.75,0.560515
-9.25,-10.75,0.570861
-8.75,-10.75,0.581207
-8.25,-10.75,0.593272
-7.75,-10.75,0.605337
-7.25,-10.75,0.617402
-6.75,-10.75,0.629467
-6.25,-10.75,0.641532
-5.75,-10.75,0.655333
-5.25,-10.75,0.669134
-4.75,-10.75,0.682936
-4.25,-10.75,0.696737
-3.75,-10.75,0.710538
-3.25,-10.75,0.725976
-2.75,-10.75,0.741414
-2.25,-10.75,0.756851
-1.75,-10.75,0.772289
-1.25,-10.75,0.787727
-0.75,-10.75,0.803602
-0.25,-10.75,0.819476
0.25,-10.75,0.835351
0.75,-10.75,0.851225
1.25,-10.75,0.8671
1.75,-10.75,0.881493
2.25,-10.75,0.895886
2.75,-10.75,0.910279
3.25,-10.75,0.924671
3.75,-10.75,0.939064
4.25,-10.75,0.9491
4.75,-10.75,0.959136
5.25,-10.75,0.969172
5.75,-10.75,0.979208
6.25,-10.75,0.989243
6.75,-10.75,0.99229
7.25,-10.75,0.995337
7.75,-10.75,0.998384
8.25,-10.75,1.00143
8.75,-10.75,1.00448
9.25,-10.75,0.999432
9.75,-10.75,0.994386
10.25,-10.75,0.989341
10.75,-10.75,0.984295
11.25,-10.75,0.97925
11.75,-10.75,0.96613
12.25,-10.75,0.95301
12.75,-10.75,0.93989
13.25,-10.75,0.92677
13.75,-10.75,0.913651
14.25,-10.75,0.894868
14.75,-10.75,0.876085
15.25,-10.75,0.857302
15.75,-10.75,0.838519
16.25,-10.75,0.819735
16.75,-10.75,0.798098
17.25,-10.75,0.77646
17.75,-10.75,0.754822
18.25,-10.75,0.733185
18.75,-10.75,0.711547
19.25,-10.75,0.689736
19.75,-10.75,0.667925
20.25,-10.75,0.646114
20.75,-10.75,0.624303
21.25,-10.75,0.602492
21.75,-10.75,0.582021
22.25,-10.75,0.56155
22.75,-10.75,0.541079
23.25,-10.75,0.520608
23.75,-10.75,0.500137
24.25,-10.75,0.481519
24.75,-10.75,0.462901
25.25,-10.75,0.444283
25.75,-10.75,0.425665
26.25,-10.75,0.407047
26.75,-10.75,0.390517
27.25,-10.75,0.373986
27.75,-10.75,0.357456
28.25,-10.75,0.340925
28.75,-10.75,0.324395
29.25,-10.75,0.309502
29.75,-10.75,0.294609
30.25,-10.75,0.279716
30.75,-10.75,0.264823
31.25,-10.75,0.24993
31.75,-10.75,0.236496
32.25,-10.75,0.223061
32.75,-10.75,0.209626
33.25,-10.75,0.196192
33.75,-10.75,0.182757
34.25,-10.75,0.17086
34.75,-10.75,0.158963
35.25,-10.75,0.147066
35.75,-10.75,0.135169
36.25,-10.75,0.123272
36.75,-10.75,0.113524
37.25,-10.75,0.103776
37.75,-10.75,0.0940273
38.25,-10.75,0.084279
38.75,-10.75,0.0745306
39.25,-10.75,0.067541
39.75,-10.75,0.0605513
40.25,-10.75,0.0535616
40.75,-10.75,0.046572
41.25,-10.75,0.0395823
41.75,-10.75,0.0354442
42.25,-10.75,0.031306
42.75,-10.75,0.0271679
43.25,-10.75,0.0230298
43.75,-10.75,0.0188916
44.25,-10.75,0.0188916
44.75,-10.75,0.0188916
-44.75,-10.25,0.0125178
-44.25,-10.25,0.0125178
-43.75,-10.25,0.0125178
-43.25,-10.25,0.0143321
-42.75,-10.25,0.0161464
-42.25,-10.25,0.0179607
-41.75,-10.25,0.019775
-41.25,-10.25,0.0215893
-40.75,-10.25,0.0264257
-40.25,-10.25,0.0312621
-39.75,-10.25,0.0360986
-39.25,-10.25,0.040935
-38.75,-10.25,0.0457714
-38.25,-10.25,0.0541812
-37.75,-10.25,0.0625909
-37.25,-10.25,0.0710007
-36.75,-10.25,0.0794105
-36.25,-10.25,0.0878203
-35.75,-10.25,0.0981975
-35.25,-10.25,0.108575
-34.75,-10.25,0.118952
-34.25,-10.25,0.129329
-33.75,-10.25,0.139706
-33.25,-10.25,0.150396
-32.75,-10.25,0.161085
-32.25,-10.25,0.171775
-31.75,-10.25,0.182464
-31.25,-10.25,0.193153
-30.75,-10.25,0.203186
-30.25,-10.25,0.213218
-29.75,-10.25,0.223251
-29.25,-10.25,0.233283
-28.75,-10.25,0.243316
-28.25,-10.25,0.252533
-27.75,-10.25,0.26175
-27.25,-10.25,0.270967
-26.75,-10.25,0.280184
-26.25,-10.25,0.289401
-25.75,-10.25,0.29797
-25.25,-10.25,0.306539
-24.75,-10.25,0.315109
-24.25,-10.25,0.323678
-23.75,-10.25,0.332247
-23.25,-10.25,0.340382
-22.75,-10.25,0.348516
-22.25,-10.25,0.356651
-21.75,-10.25,0.364785
-21.25,-10.25,0.37292
-20.75,-10.25,0.380894
-20.25,-10.25,0.388869
-19.75,-10.25,0.396844
-19.25,-10.25,0.404819
-18.75,-10.25,0.412793
-18.25,-10.25,0.420789
-17.75,-10.25,0.428785
-17.25,-10.25,0.436781
-16.75,-10.25,0.444778
-16.25,-10.25,0.452774
-15.75,-10.25,0.461171
-15.25,-10.25,0.469568
-14.75,-10.25,0.477965
-14.25,-10.25,0.486362
-13.75,-10.25,0.494759
-13.25,-10.25,0.503996
-12.75,-10.25,0.513233
-12.25,-10.25,0.522471
-11.75,-10.25,0.531708
-11.25,-10.25,0.540945
-10.75,-10.25,0.551472
-10.25,-10.25,0.561998
-9.75,-10.25,0.572524
-9.25,-10.25,0.583051
-8.75,-10.25,0.593577
-8.25,-10.25,0.605842
-7.75,-10.25,0.618106
-7.25,-10.25,0.63037
-6.75,-10.25,0.642634
-6.25,-10.25,0.654898
-5.75,-10.25,0.669007
-5.25,-10.25,0.683115
-4.75,-10.25,0.697223
-4.25,-10.25,0.711332
-3.75,-10.25,0.72544
-3.25,-10.25,0.741172
-2.75,-10.25,0.756905
-2.25,-10.25,0.772637
-1.75,-10.25,0.788369
-1.25,-10.25,0.804101
-0.75,-10.25,0.820275
-0.25,-10.25,0.83645
0.25,-10.25,0.852625
0.75,-10.25,0.868799
1.25,-10.25,0.884974
1.75,-10.25,0.899655
2.25,-10.25,0.914336
2.75,-10.25,0.929017
3.25,-10.25,0.943698
3.75,-10.25,0.958379
4.25,-10.25,0.968551
4.75,-10.25,0.978723
5.25,-10.25,0.988896
5.75,-10.25,0.999068
6.25,-10.25,1.00924
6.75,-10.25,1.01225
7.25,-10.25,1.01526
7.75,-10.25,1.01828
8.25,-10.25,1.02129
8.75,-10.25,1.0243
9.25,-10.25,1.01909
9.75,-10.25,1.01387
10.25,-10.25,1.00866
10.75,-10.25,1.00345
11.25,-10.25,0.998234
11.75,-10.25,0.984867
12.25,-10.25,0.9715
12.75,-10.25,0.958134
13.25,-10.25,0.944767
13.75,-10.25,0.9314
14.25,-10.25,0.912289
14.75,-10.25,0.893178
15.25,-10.25,0.874067
15.75,-10.25,0.854956
16.25,-10.25,0.835845
16.75,-10.25,0.81386
17.25,-10.25,0.791874
17.75,-10.25,0.769888
18.25,-10.25,0.747902
18.75,-10.25,0.725916
19.25,-10.25,0.703648
19.75,-10.25,0.681379
20.25,-10.25,0.659111
20.75,-10.25,0.636842
21.25,-10.25,0.614573
21.75,-10.25,0.593735
22.25,-10.25,0.572897
22.75,-10.25,0.552059
23.25,-10.25,0.531221
23.75,-10.25,0.510382
24.25,-10.25,0.491495
24.75,-10.25,0.472608
25.25,-10.25,0.453722
25.75,-10.25,0.434835
26.25,-10.25,0.415948
26.75,-10.25,0.3991
27.25,-10.25,0.382253
27.75,-10.25,0.365406
28.25,-10.25,0.348558
28.75,-10.25,0.331711
29.25,-10.25,0.316551
29.75,-10.25,0.301392
30.25,-10.25,0.286232
30.75,-10.25,0.271073
31.25,-10.25,0.255913
31.75,-10.25,0.242244
32.25,-10.25,0.228575
32.75,-10.25,0.214906
33.25,-10.25,0.201237
33.75,-10.25,0.187569
34.25,-10.25,0.175432
34.75,-10.25,0.163296
35.25,-10.25,0.15116
35.75,-10.25,0.139024
36.25,-10.25,0.126888
36.75,-10.25,0.116907
37.25,-10.25,0.106925
37.75,-10.25,0.096944
38.25,-10.25,0.0869627
38.75,-10.25,0.0769814
39.25,-10.25,0.0697876
39.75,-10.25,0.0625937
40.25,-10.25,0.0553999
40.75,-10.25,0.0482061
41.25,-10.25,0.0410122
41.75,-10.25,0.0367338
42.25,-10.25,0.0324553
42.75,-10.25,0.0281768
43.25,-10.25,0.0238984
43.75,-10.25,0.0196199
44.25,-10.25,0.0196199
44.75,-10.25,0.0196199
-44.75,-9.75,0.0129406
-44.25,-9.75,0.0129406
-43.75,-9.75,0.0129406
-43.25,-9.75,0.0148744
-42.75,-9.75,0.0168081
-42.25,-9.75,0.0187418
-41.75,-9.75,0.0206755
-41.25,-9.75,0.0226092
-40.75,-9.75,0.0277039
-40.25,-9.75,0.0327986
-39.75,-9.75,0.0378933
-39.25,-9.75,0.042988
-38.75,-9.75,0.0480827
-38.25,-9.75,0.0567725
-37.75,-9.75,0.0654622
-37.25,-9.75,0.0741519
-36.75,-9.75,0.0828416
-36.25,-9.75,0.0915314
-35.75,-9.75,0.102142
-35.25,-9.75,0.112753
-34.75,-9.75,0.123363
-34.25,-9.75,0.133974
-33.75,-9.75,0.144585
-33.25,-9.75,0.155451
-32.75,-9.75,0.166318
-32.25,-9.75,0.177184
-31.75,-9.75,0.188051
-31.25,-9.75,0.198917
-30.75,-9.75,0.209108
-30.25,-9.75,0.219298
-29.75,-9.75,0.229489
-29.25,-9.75,0.23968
-28.75,-9.75,0.249871
-28.25,-9.75,0.259213
-27.75,-9.75,0.268555
-27.25,-9.75,0.277897
-26.75,-9.75,0.287239
-26.25,-9.75,0.296581
-25.75,-9.75,0.305327
-25.25,-9.75,0.314074
-24.75,-9.75,0.32282
-24.25,-9.75,0.331567
-23.75,-9.75,0.340313
-23.25,-9.75,0.348565
-22.75,-9.75,0.356817
-22.25,-9.75,0.365069
-21.75,-9.75,0.373321
-21.25,-9.75,0.381573
-20.75,-9.75,0.389657
-20.25,-9.75,0.397741
-19.75,-9.75,0.405825
-19.25,-9.75,0.413909
-18.75,-9.75,0.421993
-18.25,-9.75,0.430165
-17.75,-9.75,0.438337
-17.25,-9.75,0.446509
-16.75,-9.75,0.454681
-16.25,-9.75,0.462853
-15.75,-9.75,0.47138
-15.25,-9.75,0.479906
-14.75,-9.75,0.488433
-14.25,-9.75,0.496959
-13.75,-9.75,0.505486
-13.25,-9.75,0.514871
-12.75,-9.75,0.524256
-12.25,-9.75,0.533642
-11.75,-9.75,0.543027
-11.25,-9.75,0.552412
-10.75,-9.75,0.563119
-10.25,-9.75,0.573826
-9.75,-9.75,0.584534
-9.25,-9.75,0.595241
-8.75,-9.75,0.605948
-8.25,-9.75,0.618411
-7.75,-9.75,0.630875
-7.25,-9.75,0.643338
-6.75,-9.75,0.655801
-6.25,-9.75,0.668264
-5.75,-9.75,0.68268
-5.25,-9.75,0.697096
-4.75,-9.75,0.711511
-4.25,-9.75,0.725927
-3.75,-9.75,0.740343
-3.25,-9.75,0.756369
-2.75,-9.75,0.772395
-2.25,-9.75,0.788422
-1.75,-9.75,0.804448
-1.25,-9.75,0.820475
-0.75,-9.75,0.836949
-0.25,-9.75,0.853424
0.25,-9.75,0.869898
0.75,-9.75,0.886373
1.25,-9.75,0.902847
1.75,-9.75,0.917816
2.25,-9.75,0.932786
2.75,-9.75,0.947755
3.25,-9.75,0.962724
3.75,-9.75,0.977693
4.25,-9.75,0.988002
4.75,-9.75,0.998311
5.25,-9.75,1.00862
5.75,-9.75,1.01893
6.25,-9.75,1.02924
6.75,-9.75,1.03222
7.25,-9.75,1.03519
7.75,-9.75,1.03817
8.25,-9.75,1.04115
8.75,-9.75,1.04413
9.25,-9.75,1.03874
9.75,-9.75,1.03336
10.25,-9.75,1.02798
10.75,-9.75,1.0226
11.25,-9.75,1.01722
11.75,-9.75,1.0036
12.25,-9.75,0.989991
12.75,-9.75,0.976377
13.25,-9.75,0.962764
13.75,-9.75,0.94915
14.25,-9.75,0.929711
14.75,-9.75,0.910272
15.25,-9.75,0.890833
15.75,-9.75,0.871394
16.25,-9.75,0.851955
16.75,-9.75,0.829621
17.25,-9.75,0.807288
17.75,-9.75,0.784954
18.25,-9.75,0.76262
18.75,-9.75,0.740286
19.25,-9.75,0.71756
19.75,-9.75,0.694834
20.25,-9.75,0.672108
20.75,-9.75,0.649381
21.25,-9.75,0.626655
21.75,-9.75,0.60545
22.25,-9.75,0.584244
22.75,-9.75,0.563039
23.25,-9.75,0.541833
23.75,-9.75,0.520628
24.25,-9.75,0.501472
24.75,-9.75,0.482316
25.25,-9.75,0.46316
25.75,-9.75,0.444004
26.25,-9.75,0.424848
26.75,-9.75,0.407684
27.25,-9.75,0.39052
27.75,-9.75,0.373355
28.25,-9.75,0.356191
28.75,-9.75,0.339027
29.25,-9.75,0.323601
29.75,-9.75,0.308175
30.25,-9.75,0.292748
30.75,-9.75,0.277322
31.25,-9.75,0.261896
31.75,-9.75,0.247993
32.25,-9.75,0.23409
32.75,-9.75,0.220186
33.25,-9.75,0.206283
33.75,-9.75,0.19238
34.25,-9.75,0.180005
34.75,-9.75,0.16763
35.25,-9.75,0.155254
35.75,-9.75,0.142879
36.25,-9.75,0.130504
36.75,-9.75,0.12029
37.25,-9.75,0.110075
37.75,-9.75,0.0998608
38.25,-9.75,0.0896465
38.75,-9.75,0.0794321
39.25,-9.75,0.0720341
39.75,-9.75,0.0646361
40.25,-9.75,0.0572382
40.75,-9.75,0.0498402
41.25,-9.75,0.0424422
41.75,-9.75,0.0380234
42.25,-9.75,0.0336046
42.75,-9.75,0.0291858
43.25,-9.75,0.024767
43.75,-9.75,0.0203482
44.25,-9.75,0.0203482
44.75,-9.75,0.0203482
-44.75,-9.25,0.0133635
-44.25,-9.25,0.0133635
-43.75,-9.25,0.0133635
-43.25,-9.25,0.0154166
-42.75,-9.25,0.0174698
-42.25,-9.25,0.0195229
-41.75,-9.25,0.021576
-41.25,-9.25,0.0236292
-40.75,-9.25,0.0289822
-40.25,-9.25,0.0343351
-39.75,-9.25,0.0396881
-39.25,-9.25,0.0450411
-38.75,-9.25,0.0503941
-38.25,-9.25,0.0593638
-37.75,-9.25,0.0683334
-37.25,-9.25,0.0773031
-36.75,-9.25,0.0862728
-36.25,-9.25,0.0952424
-35.75,-9.25,0.106087
-35.25,-9.25,0.116931
-34.75,-9.25,0.127775
-34.25,-9.25,0.138619
-33.75,-9.25,0.149463
-33.25,-9.25,0.160507
-32.75,-9.25,0.17155
-32.25,-9.25,0.182594
-31.75,-9.25,0.193637
-31.25,-9.25,0.204681
-30.75,-9.25,0.21503
-30.25,-9.25,0.225379
-29.75,-9.25,0.235728
-29.25,-9.25,0.246077
-28.75,-9.25,0.256426
-28.25,-9.25,0.265893
-27.75,-9.25,0.27536
-27.25,-9.25,0.284827
-26.75,-9.25,0.294294
-26.25,-9.25,0.303761
-25.75,-9.25,0.312685
-25.25,-9.25,0.321608
-24.75,-9.25,0.330532
-24.25,-9.25,0.339455
-23.75,-9.25,0.348379
-23.25,-9.25,0.356748
-22.75,-9.25,0.365117
-22.25,-9.25,0.373487
-21.75,-9.25,0.381856
-21.25,-9.25,0.390225
-20.75,-9.25,0.398419
-20.25,-9.25,0.406612
-19.75,-9.25,0.414806
-19.25,-9.25,0.422999
-18.75,-9.25,0.431193
-18.25,-9.25,0.439541
-17.75,-9.25,0.447889
-17.25,-9.25,0.456237
-16.75,-9.25,0.464585
-16.25,-9.25,0.472933
-15.75,-9.25,0.481589
-15.25,-9.25,0.490245
-14.75,-9.25,0.498901
-14.25,-9.25,0.507557
-13.75,-9.25,0.516213
-13.25,-9.25,0.525746
-12.75,-9.25,0.535279
-12.25,-9.25,0.544812
-11.75,-9.25,0.554346
-11.25,-9.25,0.563879
-10.75,-9.25,0.574767
-10.25,-9.25,0.585655
-9.75,-9.25,0.596543
-9.25,-9.25,0.607431
-8.75,-9.25,0.618319
-8.25,-9.25,0.630981
-7.75,-9.25,0.643643
-7.25,-9.25,0.656306
-6.75,-9.25,0.668968
-6.25,-9.25,0.681631
-5.75,-9.25,0.696353
-5.25,-9.25,0.711076
-4.75,-9.25,0.725799
-4.25,-9.25,0.740522
-3.75,-9.25,0.755245
-3.25,-9.25,0.771566
-2.75,-9.25,0.787886
-2.25,-9.25,0.804207
-1.75,-9.25,0.820528
-1.25,-9.25,0.836848
-0.75,-9.25,0.853623
-0.25,-9.25,0.870397
0.25,-9.25,0.887172
0.75,-9.25,0.903947
1.25,-9.25,0.920721
1.75,-9.25,0.935978
2.25,-9.25,0.951235
2.75,-9.25,0.966493
3.25,-9.25,0.98175
3.75,-9.25,0.997007
4.25,-9.25,1.00745
4.75,-9.25,1.0179
5.25,-9.25,1.02834
5.75,-9.25,1.03879
6.25,-9.25,1.04923
6.75,-9.25,1.05218
7.25,-9.25,1.05512
7.75,-9.25,1.05806
8.25,-9.25,1.06101
8.75,-9.25,1.06395
9.25,-9.25,1.0584
9.75,-9.25,1.05285
10.25,-9.25,1.0473
10.75,-9.25,1.04175
11.25,-9.25,1.0362
11.75,-9.25,1.02234
12.25,-9.25,1.00848
12.75,-9.25,0.994621
13.25,-9.25,0.98076
13.75,-9.25,0.966899
14.25,-9.25,0.947133
14.75,-9.25,0.927366
15.25,-9.25,0.907599
15.75,-9.25,0.887832
16.25,-9.25,0.868065
16.75,-9.25,0.845383
17.25,-9.25,0.822701
17.75,-9.25,0.800019
18.25,-9.25,0.777338
18.75,-9.25,0.754656
19.25,-9.25,0.731472
19.75,-9.25,0.708288
20.25,-9.25,0.685105
20.75,-9.25,0.661921
21.25,-9.25,0.638737
21.75,-9.25,0.617164
22.25,-9.25,0.595591
22.75,-9.25,0.574018
23.25,-9.25,0.552446
23.75,-9.25,0.530873
24.25,-9.25,0.511448
24.75,-9.25,0.492023
25.25,-9.25,0.472598
25.75,-9.25,0.453173
26.25,-9.25,0.433748
26.75,-9.25,0.416267
27.25,-9.25,0.398786
27.75,-9.25,0.381305
28.25,-9.25,0.363824
28.75,-9.25,0.346343
29.25,-9.25,0.33065
29.75,-9.25,0.314957
30.25,-9.25,0.299264
30.75,-9.25,0.283571
31.25,-9.25,0.267879
31.75,-9.25,0.253741
32.25,-9.25,0.239604
32.75,-9.25,0.225467
33.25,-9.25,0.211329
33.75,-9.25,0.197192
34.25,-9.25,0.184577
34.75,-9.25,0.171963
35.25,-9.25,0.159349
35.75,-9.25,0.146734
36.25,-9.25,0.13412
36.75,-9.25,0.123672
37.25,-9.25,0.113225
37.75,-9.25,0.102778
38.25,-9.25,0.0923302
38.75,-9.25,0.0818829
39.25,-9.25,0.0742807
39.75,-9.25,0.0666786
40.25,-9.25,0.0590764
40.75,-9.25,0.0514743
41.25,-9.25,0.0438721
41.75,-9.25,0.039313
42.25,-9.25,0.0347538
42.75,-9.25,0.0301947
43.25,-9.25,0.0256356
43.75,-9.25,0.0210765
44.25,-9.25,0.0210765
44.75,-9.25,0.0210765
-44.75,-8.75,0.0137864
-44.25,-8.75,0.0137864
-43.75,-8.75,0.0137864
-43.25,-8.75,0.0159589
-42.75,-8.75,0.0181315
-42.25,-8.75,0.020304
-41.75,-8.75,0.0224765
-41.25,-8.75,0.0246491
-40.75,-8.75,0.0302604
-40.25,-8.75,0.0358716
-39.75,-8.75,0.0414829
-39.25,-8.75,0.0470942
-38.75,-8.75,0.0527054
-38.25,-8.75,0.0619551
-37.75,-8.75,0.0712047
-37.25,-8.75,0.0804543
-36.75,-8.75,0.0897039
-36.25,-8.75,0.0989535
-35.75,-8.75,0.110031
-35.25,-8.75,0.121109
-34.75,-8.75,0.132187
-34.25,-8.75,0.143264
-33.75,-8.75,0.154342
-33.25,-8.75,0.165563
-32.75,-8.75,0.176783
-32.25,-8.75,0.188003
-31.75,-8.75,0.199224
-31.25,-8.75,0.210444
-30.75,-8.75,0.220952
-30.25,-8.75,0.231459
-29.75,-8.75,0.241966
-29.25,-8.75,0.252473
-28.75,-8.75,0.262981
-28.25,-8.75,0.272573
-27.75,-8.75,0.282165
-27.25,-8.75,0.291757
-26.75,-8.75,0.301349
-26.25,-8.75,0.310942
-25.75,-8.75,0.320042
-25.25,-8.75,0.329143
-24.75,-8.75,0.338243
-24.25,-8.75,0.347344
-23.75,-8.75,0.356445
-23.25,-8.75,0.364931
-22.75,-8.75,0.373418
-22.25,-8.75,0.381905
-21.75,-8.75,0.390391
-21.25,-8.75,0.398878
-20.75,-8.75,0.407181
-20.25,-8.75,0.415484
-19.75,-8.75,0.423787
-19.25,-8.75,0.43209
-18.75,-8.75,0.440392
-18.25,-8.75,0.448916
-17.75,-8.75,0.45744
-17.25,-8.75,0.465964
-16.75,-8.75,0.474488
-16.25,-8.75,0.483012
-15.75,-8.75,0.491798
-15.25,-8.75,0.500583
-14.75,-8.75,0.509369
-14.25,-8.75,0.518154
-13.75,-8.75,0.52694
-13.25,-8.75,0.536621
-12.75,-8.75,0.546302
-12.25,-8.75,0.555983
-11.75,-8.75,0.565665
-11.25,-8.75,0.575346
-10.75,-8.75,0.586415
-10.25,-8.75,0.597483
-9.75,-8.75,0.608552
-9.25,-8.75,0.61962
-8.75,-8.75,0.630689
-8.25,-8.75,0.643551
-7.75,-8.75,0.656412
-7.25,-8.75,0.669274
-6.75,-8.75,0.682135
-6.25,-8.75,0.694997
-5.75,-8.75,0.710027
-5.25,-8.75,0.725057
-4.75,-8.75,0.740087
-4.25,-8.75,0.755117
-3.75,-8.75,0.770147
-3.25,-8.75,0.786762
-2.75,-8.75,0.803377
-2.25,-8.75,0.819992
-1.75,-8.75,0.836607
-1.25,-8.75,0.853222
-0.75,-8.75,0.870297
-0.25,-8.75,0.887371
0.25,-8.75,0.904446
0.75,-8.75,0.92152
1.25,-8.75,0.938595
1.75,-8.75,0.95414
2.25,-8.75,0.969685
2.75,-8.75,0.985231
3.25,-8.75,1.00078
3.75,-8.75,1.01632
4.25,-8.75,1.0269
4.75,-8.75,1.03749
5.25,-8.75,1.04807
5.75,-8.75,1.05865
6.25,-8.75,1.06923
6.75,-8.75,1.07214
7.25,-8.75,1.07505
7.75,-8.75,1.07796
8.25,-8.75,1.08087
8.75,-8.75,1.08378
9.25,-8.75,1.07806
9.75,-8.75,1.07234
10.25,-8.75,1.06662
10.75,-8.75,1.0609
11.25,-8.75,1.05519
11.75,-8.75,1.04108
12.25,-8.75,1.02697
12.75,-8.75,1.01286
13.25,-8.75,0.998757
13.75,-8.75,0.984649
14.25,-8.75,0.964554
14.75,-8.75,0.944459
15.25,-8.75,0.924364
15.75,-8.75,0.90427
16.25,-8.75,0.884175
16.75,-8.75,0.861145
17.25,-8.75,0.838115
17.75,-8.75,0.815085
18.25,-8.75,0.792055
18.75,-8.75,0.769025
19.25,-8.75,0.745384
19.75,-8.75,0.721743
20.25,-8.75,0.698101
20.75,-8.75,0.67446
21.25,-8.75,0.650819
21.75,-8.75,0.628879
22.25,-8.75,0.606938
22.75,-8.75,0.584998
23.25,-8.75,0.563058
23.75,-8.75,0.541118
24.25,-8.75,0.521424
24.75,-8.75,0.50173
25.25,-8.75,0.482036
25.75,-8.75,0.462343
26.25,-8.75,0.442649
26.75,-8.75,0.424851
27.25,-8.75,0.407053
27.75,-8.75,0.389255
28.25,-8.75,0.371457
28.75,-8.75,0.35366
29.25,-8.75,0.3377
29.75,-8.75,0.32174
30.25,-8.75,0.305781
30.75,-8.75,0.289821
31.25,-8.75,0.273861
31.75,-8.75,0.25949
32.25,-8.75,0.245118
32.75,-8.75,0.230747
33.25,-8.75,0.216375
33.75,-8.75,0.202004
34.25,-8.75,0.18915
34.75,-8.75,0.176296
35.25,-8.75,0.163443
35.75,-8.75,0.150589
36.25,-8.75,0.137736
36.75,-8.75,0.127055
37.25,-8.75,0.116375
37.75,-8.75,0.105694
38.25,-8.75,0.095014
38.75,-8.75,0.0843336
39.25,-8.75,0.0765273
39.75,-8.75,0.068721
40.25,-8.75,0.0609147
40.75,-8.75,0.0531083
41.25,-8.75,0.045302
41.75,-8.75,0.0406026
42.25,-8.75,0.0359031
42.75,-8.75,0.0312037
43.25,-8.75,0.0265042
43.75,-8.75,0.0218047
44.25,-8.75,0.0218047
44.75,-8.75,0.0218047
-44.75,-8.25,0.0141478
-44.25,-8.25,0.0141478
-43.75,-8.25,0.0141478
-43.25,-8.25,0.016421
-42.75,-8.25,0.0186942
-42.25,-8.25,0.0209674
-41.75,-8.25,0.0232406
-41.25,-8.25,0.0255138
-40.75,-8.25,0.0313289
-40.25,-8.25,0.037144
-39.75,-8.25,0.042959
-39.25,-8.25,0.0487741
-38.75,-8.25,0.0545891
-38.25,-8.25,0.0640553
-37.75,-8.25,0.0735214
-37.25,-8.25,0.0829876
-36.75,-8.25,0.0924537
-36.25,-8.25,0.10192
-35.75,-8.25,0.11314
-35.25,-8.25,0.12436
-34.75,-8.25,0.13558
-34.25,-8.25,0.1468
-33.75,-8.25,0.15802
-33.25,-8.25,0.169377
-32.75,-8.25,0.180734
-32.25,-8.25,0.192091
-31.75,-8.25,0.203448
-31.25,-8.25,0.214805
-30.75,-8.25,0.22543
-30.25,-8.25,0.236055
-29.75,-8.25,0.24668
-29.25,-8.25,0.257306
-28.75,-8.25,0.267931
-28.25,-8.25,0.277631
-27.75,-8.25,0.287331
-27.25,-8.25,0.297031
-26.75,-8.25,0.306731
-26.25,-8.25,0.316431
-25.75,-8.25,0.325609
-25.25,-8.25,0.334788
-24.75,-8.25,0.343966
-24.25,-8.25,0.353144
-23.75,-8.25,0.362322
-23.25,-8.25,0.370923
-22.75,-8.25,0.379523
-22.25,-8.25,0.388123
-21.75,-8.25,0.396723
-21.25,-8.25,0.405324
-20.75,-8.25,0.413756
-20.25,-8.25,0.422187
-19.75,-8.25,0.430619
-19.25,-8.25,0.439051
-18.75,-8.25,0.447483
-18.25,-8.25,0.456085
-17.75,-8.25,0.464686
-17.25,-8.25,0.473288
-16.75,-8.25,0.481889
-16.25,-8.25,0.490491
-15.75,-8.25,0.499397
-15.25,-8.25,0.508303
-14.75,-8.25,0.517209
-14.25,-8.25,0.526115
-13.75,-8.25,0.535021
-13.25,-8.25,0.544815
-12.75,-8.25,0.554608
-12.25,-8.25,0.564402
-11.75,-8.25,0.574196
-11.25,-8.25,0.583989
-10.75,-8.25,0.595229
-10.25,-8.25,0.606469
-9.75,-8.25,0.617709
-9.25,-8.25,0.628949
-8.75,-8.25,0.640189
-8.25,-8.25,0.653243
-7.75,-8.25,0.666297
-7.25,-8.25,0.679352
-6.75,-8.25,0.692406
-6.25,-8.25,0.70546
-5.75,-8.25,0.720656
-5.25,-8.25,0.735852
-4.75,-8.25,0.751047
-4.25,-8.25,0.766243
-3.75,-8.25,0.781439
-3.25,-8.25,0.798262
-2.75,-8.25,0.815084
-2.25,-8.25,0.831907
-1.75,-8.25,0.84873
-1.25,-8.25,0.865553
-0.75,-8.25,0.882831
-0.25,-8.25,0.900109
0.25,-8.25,0.917387
0.75,-8.25,0.934665
1.25,-8.25,0.951943
1.75,-8.25,0.967604
2.25,-8.25,0.983265
2.75,-8.25,0.998927
3.25,-8.25,1.01459
3.75,-8.25,1.03025
4.25,-8.25,1.04101
4.75,-8.25,1.05176
5.25,-8.25,1.06252
5.75,-8.25,1.07327
6.25,-8.25,1.08403
6.75,-8.25,1.08696
7.25,-8.25,1.0899
7.75,-8.25,1.09283
8.25,-8.25,1.09576
8.75,-8.25,1.09869
9.25,-8.25,1.09287
9.75,-8.25,1.08705
10.25,-8.25,1.08123
10.75,-8.25,1.07541
11.25,-8.25,1.06959
11.75,-8.25,1.05528
12.25,-8.25,1.04097
12.75,-8.25,1.02667
13.25,-8.25,1.01236
13.75,-8.25,0.998052
14.25,-8.25,0.977675
14.75,-8.25,0.957297
15.25,-8.25,0.93692
15.75,-8.25,0.916543
16.25,-8.25,0.896165
16.75,-8.25,0.872839
17.25,-8.25,0.849513
17.75,-8.25,0.826186
18.25,-8.25,0.80286
18.75,-8.25,0.779534
19.25,-8.25,0.755653
19.75,-8.25,0.731773
20.25,-8.25,0.707892
20.75,-8.25,0.684012
21.25,-8.25,0.660131
21.75,-8.25,0.637919
22.25,-8.25,0.615706
22.75,-8.25,0.593494
23.25,-8.25,0.571281
23.75,-8.25,0.549069
24.25,-8.25,0.529104
24.75,-8.25,0.509138
25.25,-8.25,0.489173
25.75,-8.25,0.469208
26.25,-8.25,0.449242
26.75,-8.25,0.431227
27.25,-8.25,0.413211
27.75,-8.25,0.395196
28.25,-8.25,0.377181
28.75,-8.25,0.359165
29.25,-8.25,0.343025
29.75,-8.25,0.326884
30.25,-8.25,0.310743
30.75,-8.25,0.294602
31.25,-8.25,0.278462
31.75,-8.25,0.263901
32.25,-8.25,0.24934
32.75,-8.25,0.234779
33.25,-8.25,0.220219
33.75,-8.25,0.205658
34.25,-8.25,0.192632
34.75,-8.25,0.179606
35.25,-8.25,0.166581
35.75,-8.25,0.153555
36.25,-8.25,0.140529
36.75,-8.25,0.129671
37.25,-8.25,0.118814
37.75,-8.25,0.107956
38.25,-8.25,0.0970988
38.75,-8.25,0.0862413
39.25,-8.25,0.078288
39.75,-8.25,0.0703348
40.25,-8.25,0.0623815
40.75,-8.25,0.0544283
41.25,-8.25,0.0464751
41.75,-8.25,0.0416587
42.25,-8.25,0.0368424
42.75,-8.25,0.0320261
43.25,-8.25,0.0272097
43.75,-8.25,0.0223934
44.25,-8.25,0.0223934
44.75,-8.25,0.0223934
-44.75,-7.75,0.0145092
-44.25,-7.75,0.0145092
-43.75,-7.75,0.0145092
-43.25,-7.75,0.0168831
-42.75,-7.75,0.0192569
-42.25,-7.75,0.0216308
-41.75,-7.75,0.0240047
-41.25,-7.75,0.0263786
-40.75,-7.75,0.0323974
-40.25,-7.75,0.0384163
-39.75,-7.75,0.0444351
-39.25,-7.75,0.050454
-38.75,-7.75,0.0564728
-38.25,-7.75,0.0661555
-37.75,-7.75,0.0758382
-37.25,-7.75,0.0855209
-36.75,-7.75,0.0952036
-36.25,-7.75,0.104886
-35.75,-7.75,0.116249
-35.25,-7.75,0.127611
-34.75,-7.75,0.138974
-34.25,-7.75,0.150336
-33.75,-7.75,0.161698
-33.25,-7.75,0.173192
-32.75,-7.75,0.184685
-32.25,-7.75,0.196179
-31.75,-7.75,0.207672
-31.25,-7.75,0.219165
-30.75,-7.75,0.229909
-30.25,-7.75,0.240652
-29.75,-7.75,0.251395
-29.25,-7.75,0.262138
-28.75,-7.75,0.272881
-28.25,-7.75,0.282689
-27.75,-7.75,0.292497
-27.25,-7.75,0.302305
-26.75,-7.75,0.312112
-26.25,-7.75,0.32192
-25.75,-7.75,0.331176
-25.25,-7.75,0.340432
-24.75,-7.75,0.349688
-24.25,-7.75,0.358944
-23.75,-7.75,0.3682
-23.25,-7.75,0.376914
-22.75,-7.75,0.385628
-22.25,-7.75,0.394342
-21.75,-7.75,0.403055
-21.25,-7.75,0.411769
-20.75,-7.75,0.42033
-20.25,-7.75,0.428891
-19.75,-7.75,0.437452
-19.25,-7.75,0.446013
-18.75,-7.75,0.454574
-18.25,-7.75,0.463253
-17.75,-7.75,0.471932
-17.25,-7.75,0.480611
-16.75,-7.75,0.48929
-16.25,-7.75,0.497969
-15.75,-7.75,0.506995
-15.25,-7.75,0.516022
-14.75,-7.75,0.525049
-14.25,-7.75,0.534075
-13.75,-7.75,0.543102
-13.25,-7.75,0.553008
-12.75,-7.75,0.562914
-12.25,-7.75,0.572821
-11.75,-7.75,0.582727
-11.25,-7.75,0.592633
-10.75,-7.75,0.604044
-10.25,-7.75,0.615455
-9.75,-7.75,0.626866
-9.25,-7.75,0.638277
-8.75,-7.75,0.649688
-8.25,-7.75,0.662935
-7.75,-7.75,0.676182
-7.25,-7.75,0.689429
-6.75,-7.75,0.702676
-6.25,-7.75,0.715924
-5.75,-7.75,0.731285
-5.25,-7.75,0.746646
-4.75,-7.75,0.762008
-4.25,-7.75,0.777369
-3.75,-7.75,0.79273
-3.25,-7.75,0.809761
-2.75,-7.75,0.826792
-2.25,-7.75,0.843822
-1.75,-7.75,0.860853
-1.25,-7.75,0.877883
-0.75,-7.75,0.895365
-0.25,-7.75,0.912847
0.25,-7.75,0.930328
0.75,-7.75,0.94781
1.25,-7.75,0.965291
1.75,-7.75,0.981068
2.25,-7.75,0.996845
2.75,-7.75,1.01262
3.25,-7.75,1.0284
3.75,-7.75,1.04418
4.25,-7.75,1.05511
4.75,-7.75,1.06604
5.25,-7.75,1.07697
5.75,-7.75,1.0879
6.25,-7.75,1.09883
6.75,-7.75,1.10178
7.25,-7.75,1.10474
7.75,-7.75,1.1077
8.25,-7.75,1.11065
8.75,-7.75,1.11361
9.25,-7.75,1.10768
9.75,-7.75,1.10176
10.25,-7.75,1.09583
10.75,-7.75,1.08991
11.25,-7.75,1.08398
11.75,-7.75,1.06948
12.25,-7.75,1.05497
12.75,-7.75,1.04047
13.25,-7.75,1.02596
13.75,-7.75,1.01146
14.25,-7.75,0.990796
14.75,-7.75,0.970136
15.25,-7.75,0.949476
15.75,-7.75,0.928816
16.25,-7.75,0.908156
16.75,-7.75,0.884533
17.25,-7.75,0.86091
17.75,-7.75,0.837287
18.25,-7.75,0.813665
18.75,-7.75,0.790042
19.25,-7.75,0.765922
19.75,-7.75,0.741803
20.25,-7.75,0.717683
20.75,-7.75,0.693564
21.25,-7.75,0.669444
21.75,-7.75,0.646959
22.25,-7.75,0.624474
22.75,-7.75,0.601989
23.25,-7.75,0.579505
23.75,-7.75,0.55702
24.25,-7.75,0.536783
24.75,-7.75,0.516546
25.25,-7.75,0.496309
25.75,-7.75,0.476072
26.25,-7.75,0.455836
26.75,-7.75,0.437603
27.25,-7.75,0.41937
27.75,-7.75,0.401137
28.25,-7.75,0.382904
28.75,-7.75,0.364671
29.25,-7.75,0.348349
29.75,-7.75,0.332027
30.25,-7.75,0.315705
30.75,-7.75,0.299384
31.25,-7.75,0.283062
31.75,-7.75,0.268312
32.25,-7.75,0.253562
32.75,-7.75,0.238812
33.25,-7.75,0.224062
33.75,-7.75,0.209312
34.25,-7.75,0.196114
34.75,-7.75,0.182916
35.25,-7.75,0.169718
35.75,-7.75,0.15652
36.25,-7.75,0.143322
36.75,-7.75,0.132288
37.25,-7.75,0.121253
37.75,-7.75,0.110218
38.25,-7.75,0.0991836
38.75,-7.75,0.0881489
39.25,-7.75,0.0800488
39.75,-7.75,0.0719486
40.25,-7.75,0.0638484
40.75,-7.75,0.0557482
41.25,-7.75,0.0476481
41.75,-7.75,0.0427149
42.25,-7.75,0.0377817
42.75,-7.75,0.0328485
43.25,-7.75,0.0279153
43.75,-7.75,0.0229821
44.25,-7.75,0.0229821
44.75,-7.75,0.0229821
-44.75,-7.25,0.0148706
-44.25,-7.25,0.0148706
-43.75,-7.25,0.0148706
-43.25,-7.25,0.0173451
-42.75,-7.25,0.0198197
-42.25,-7.25,0.0222942
-41.75,-7.25,0.0247688
-41.25,-7.25,0.0272433
-40.75,-7.25,0.033466
-40.25,-7.25,0.0396886
-39.75,-7.25,0.0459112
-39.25,-7.25,0.0521339
-38.75,-7.25,0.0583565
-38.25,-7.25,0.0682557
-37.75,-7.25,0.078155
-37.25,-7.25,0.0880542
-36.75,-7.25,0.0979534
-36.25,-7.25,0.107853
-35.75,-7.25,0.119357
-35.25,-7.25,0.130862
-34.75,-7.25,0.142367
-34.25,-7.25,0.153872
-33.75,-7.25,0.165377
-33.25,-7.25,0.177007
-32.75,-7.25,0.188636
-32.25,-7.25,0.200266
-31.75,-7.25,0.211896
-31.25,-7.25,0.223526
-30.75,-7.25,0.234387
-30.25,-7.25,0.245248
-29.75,-7.25,0.256109
-29.25,-7.25,0.26697
-28.75,-7.25,0.277831
-28.25,-7.25,0.287747
-27.75,-7.25,0.297663
-27.25,-7.25,0.307578
-26.75,-7.25,0.317494
-26.25,-7.25,0.32741
-25.75,-7.25,0.336743
-25.25,-7.25,0.346077
-24.75,-7.25,0.355411
-24.25,-7.25,0.364744
-23.75,-7.25,0.374078
-23.25,-7.25,0.382905
-22.75,-7.25,0.391733
-22.25,-7.25,0.40056
-21.75,-7.25,0.409387
-21.25,-7.25,0.418214
-20.75,-7.25,0.426905
-20.25,-7.25,0.435595
-19.75,-7.25,0.444285
-19.25,-7.25,0.452975
-18.75,-7.25,0.461665
-18.25,-7.25,0.470421
-17.75,-7.25,0.479178
-17.25,-7.25,0.487934
-16.75,-7.25,0.496691
-16.25,-7.25,0.505447
-15.75,-7.25,0.514594
-15.25,-7.25,0.523741
-14.75,-7.25,0.532889
-14.25,-7.25,0.542036
-13.75,-7.25,0.551183
-13.25,-7.25,0.561202
-12.75,-7.25,0.57122
-12.25,-7.25,0.581239
-11.75,-7.25,0.591258
-11.25,-7.25,0.601276
-10.75,-7.25,0.612859
-10.25,-7.25,0.624441
-9.75,-7.25,0.636023
-9.25,-7.25,0.647606
-8.75,-7.25,0.659188
-8.25,-7.25,0.672628
-7.75,-7.25,0.686067
-7.25,-7.25,0.699507
-6.75,-7.25,0.712947
-6.25,-7.25,0.726387
-5.75,-7.25,0.741914
-5.25,-7.25,0.757441
-4.75,-7.25,0.772968
-4.25,-7.25,0.788495
-3.75,-7.25,0.804022
-3.25,-7.25,0.82126
-2.75,-7.25,0.838499
-2.25,-7.25,0.855737
-1.75,-7.25,0.872976
-1.25,-7.25,0.890214
-0.75,-7.25,0.907899
-0.25,-7.25,0.925584
0.25,-7.25,0.943269
0.75,-7.25,0.960954
1.25,-7.25,0.97864
1.75,-7.25,0.994533
2.25,-7.25,1.01043
2.75,-7.25,1.02632
3.25,-7.25,1.04221
3.75,-7.25,1.0581
4.25,-7.25,1.06921
4.75,-7.25,1.08031
5.25,-7.25,1.09142
5.75,-7.25,1.10252
6.25,-7.25,1.11363
6.75,-7.25,1.11661
7.25,-7.25,1.11959
7.75,-7.25,1.12257
8.25,-7.25,1.12555
8.75,-7.25,1.12853
9.25,-7.25,1.1225
9.75,-7.25,1.11647
10.25,-7.25,1.11044
10.75,-7.25,1.10441
11.25,-7.25,1.09838
11.75,-7.25,1.08368
12.25,-7.25,1.06897
12.75,-7.25,1.05427
13.25,-7.25,1.03956
13.75,-7.25,1.02486
14.25,-7.25,1.00392
14.75,-7.25,0.982974
15.25,-7.25,0.962031
15.75,-7.25,0.941089
16.25,-7.25,0.920146
16.75,-7.25,0.896227
17.25,-7.25,0.872308
17.75,-7.25,0.848389
18.25,-7.25,0.824469
18.75,-7.25,0.80055
19.25,-7.25,0.776191
19.75,-7.25,0.751833
20.25,-7.25,0.727474
20.75,-7.25,0.703115
21.25,-7.25,0.678757
21.75,-7.25,0.655999
22.25,-7.25,0.633242
22.75,-7.25,0.610485
23.25,-7.25,0.587728
23.75,-7.25,0.564971
24.25,-7.25,0.544462
24.75,-7.25,0.523954
25.25,-7.25,0.503446
25.75,-7.25,0.482937
26.25,-7.25,0.462429
26.75,-7.25,0.443979
27.25,-7.25,0.425528
27.75,-7.25,0.407078
28.25,-7.25,0.388627
28.75,-7.25,0.370177
29.25,-7.25,0.353674
29.75,-7.25,0.337171
30.25,-7.25,0.320668
30.75,-7.25,0.304165
31.25,-7.25,0.287662
31.75,-7.25,0.272723
32.25,-7.25,0.257784
32.75,-7.25,0.242845
33.25,-7.25,0.227905
33.75,-7.25,0.212966
34.25,-7.25,0.199596
34.75,-7.25,0.186226
35.25,-7.25,0.172856
35.75,-7.25,0.159486
36.25,-7.25,0.146116
36.75,-7.25,0.134904
37.25,-7.25,0.123692
37.75,-7.25,0.11248
38.25,-7.25,0.101268
38.75,-7.25,0.0900566
39.25,-7.25,0.0818095
39.75,-7.25,0.0735624
40.25,-7.25,0.0653153
40.75,-7.25,0.0570682
41.25,-7.25,0.0488211
41.75,-7.25,0.043771
42.25,-7.25,0.038721
42.75,-7.25,0.0336709
43.25,-7.25,0.0286208
43.75,-7.25,0.0235708
44.25,-7.25,0.0235708
44.75,-7.25,0.0235708
-44.75,-6.75,0.015232
-44.25,-6.75,0.015232
-43.75,-6.75,0.015232
-43.25,-6.75,0.0178072
-42.75,-6.75,0.0203824
-42.25,-6.75,0.0229576
-41.75,-6.75,0.0255329
-41.25,-6.75,0.0281081
-40.75,-6.75,0.0345345
-40.25,-6.75,0.0409609
-39.75,-6.75,0.0473874
-39.25,-6.75,0.0538138
-38.75,-6.75,0.0602402
-38.25,-6.75,0.070356
-37.75,-6.75,0.0804717
-37.25,-6.75,0.0905875
-36.75,-6.75,0.100703
-36.25,-6.75,0.110819
-35.75,-6.75,0.122466
-35.25,-6.75,0.134113
-34.75,-6.75,0.145761
-34.25,-6.75,0.157408
-33.75,-6.75,0.169055
-33.25,-6.75,0.180821
-32.75,-6.75,0.192587
-32.25,-6.75,0.204354
-31.75,-6.75,0.21612
-31.25,-6.75,0.227886
-30.75,-6.75,0.238865
-30.25,-6.75,0.249844
-29.75,-6.75,0.260823
-29.25,-6.75,0.271802
-28.75,-6.75,0.282781
-28.25,-6.75,0.292805
-27.75,-6.75,0.302828
-27.25,-6.75,0.312852
-26.75,-6.75,0.322876
-26.25,-6.75,0.332899
-25.75,-6.75,0.342311
-25.25,-6.75,0.351722
-24.75,-6.75,0.361133
-24.25,-6.75,0.370545
-23.75,-6.75,0.379956
-23.25,-6.75,0.388897
-22.75,-6.75,0.397838
-22.25,-6.75,0.406778
-21.75,-6.75,0.415719
-21.25,-6.75,0.42466
-20.75,-6.75,0.433479
-20.25,-6.75,0.442298
-19.75,-6.75,0.451117
-19.25,-6.75,0.459937
-18.75,-6.75,0.468756
-18.25,-6.75,0.47759
-17.75,-6.75,0.486423
-17.25,-6.75,0.495257
-16.75,-6.75,0.504091
-16.25,-6.75,0.512925
-15.75,-6.75,0.522193
-15.25,-6.75,0.531461
-14.75,-6.75,0.540728
-14.25,-6.75,0.549996
-13.75,-6.75,0.559264
-13.25,-6.75,0.569395
-12.75,-6.75,0.579526
-12.25,-6.75,0.589658
-11.75,-6.75,0.599789
-11.25,-6.75,0.60992
-10.75,-6.75,0.621673
-10.25,-6.75,0.633427
-9.75,-6.75,0.64518
-9.25,-6.75,0.656934
-8.75,-6.75,0.668687
-8.25,-6.75,0.68232
-7.75,-6.75,0.695953
-7.25,-6.75,0.709585
-6.75,-6.75,0.723218
-6.25,-6.75,0.73685
-5.75,-6.75,0.752543
-5.25,-6.75,0.768236
-4.75,-6.75,0.783928
-4.25,-6.75,0.799621
-3.75,-6.75,0.815313
-3.25,-6.75,0.83276
-2.75,-6.75,0.850206
-2.25,-6.75,0.867652
-1.75,-6.75,0.885098
-1.25,-6.75,0.902545
-0.75,-6.75,0.920433
-0.25,-6.75,0.938322
0.25,-6.75,0.956211
0.75,-6.75,0.974099
1.25,-6.75,0.991988
1.75,-6.75,1.008
2.25,-6.75,1.02401
2.75,-6.75,1.04001
3.25,-6.75,1.05602
3.75,-6.75,1.07203
4.25,-6.75,1.08331
4.75,-6.75,1.09459
5.25,-6.75,1.10587
5.75,-6.75,1.11715
6.25,-6.75,1.12843
6.75,-6.75,1.13143
7.25,-6.75,1.13443
7.75,-6.75,1.13744
8.25,-6.75,1.14044
8.75,-6.75,1.14344
9.25,-6.75,1.13731
9.75,-6.75,1.13118
10.25,-6.75,1.12505
10.75,-6.75,1.11891
11.25,-6.75,1.11278
11.75,-6.75,1.09788
12.25,-6.75,1.08297
12.75,-6.75,1.06807
13.25,-6.75,1.05317
13.75,-6.75,1.03826
14.25,-6.75,1.01704
14.75,-6.75,0.995812
15.25,-6.75,0.974587
15.75,-6.75,0.953362
16.25,-6.75,0.932137
16.75,-6.75,0.907921
17.25,-6.75,0.883705
17.75,-6.75,0.85949
18.25,-6.75,0.835274
18.75,-6.75,0.811058
19.25,-6.75,0.78646
19.75,-6.75,0.761863
20.25,-6.75,0.737265
20.75,-6.75,0.712667
21.25,-6.75,0.688069
21.75,-6.75,0.66504
22.25,-6.75,0.64201
22.75,-6.75,0.618981
23.25,-6.75,0.595951
23.75,-6.75,0.572922
24.25,-6.75,0.552142
24.75,-6.75,0.531362
25.25,-6.75,0.510582
25.75,-6.75,0.489802
26.25,-6.75,0.469023
26.75,-6.75,0.450355
27.25,-6.75,0.431687
27.75,-6.75,0.413019
28.25,-6.75,0.39435
28.75,-6.75,0.375682
29.25,-6.75,0.358998
29.75,-6.75,0.342314
30.25,-6.75,0.32563
30.75,-6.75,0.308946
31.25,-6.75,0.292262
31.75,-6.75,0.277134
32.25,-6.75,0.262006
32.75,-6.75,0.246877
33.25,-6.75,0.231749
33.75,-6.75,0.21662
34.25,-6.75,0.203078
34.75,-6.75,0.189536
35.25,-6.75,0.175994
35.75,-6.75,0.162452
36.25,-6.75,0.148909
36.75,-6.75,0.13752
37.25,-6.75,0.126131
37.75,-6.75,0.114742
38.25,-6.75,0.103353
38.75,-6.75,0.0919643
39.25,-6.75,0.0835702
39.75,-6.75,0.0751762
40.25,-6.75,0.0667822
40.75,-6.75,0.0583881
41.25,-6.75,0.0499941
41.75,-6.75,0.0448272
42.25,-6.75,0.0396603
42.75,-6.75,0.0344933
43.25,-6.75,0.0293264
43.75,-6.75,0.0241594
44.25,-6.75,0.0241594
44.75,-6.75,0.0241594
-44.75,-6.25,0.0155934
-44.25,-6.25,0.0155934
-43.75,-6.25,0.0155934
-43.25,-6.25,0.0182693
-42.75,-6.25,0.0209452
-42.25,-6.25,0.023621
-41.75,-6.25,0.0262969
-41.25,-6.25,0.0289728
-40.75,-6.25,0.035603
-40.25,-6.25,0.0422332
-39.75,-6.25,0.0488635
-39.25,-6.25,0.0554937
-38.75,-6.25,0.0621239
-38.25,-6.25,0.0724562
-37.75,-6.25,0.0827885
-37.25,-6.25,0.0931208
-36.75,-6.25,0.103453
-36.25,-6.25,0.113785
-35.75,-6.25,0.125575
-35.25,-6.25,0.137364
-34.75,-6.25,0.149154
-34.25,-6.25,0.160944
-33.75,-6.25,0.172733
-33.25,-6.25,0.184636
-32.75,-6.25,0.196539
-32.25,-6.25,0.208441
-31.75,-6.25,0.220344
-31.25,-6.25,0.232247
-30.75,-6.25,0.243344
-30.25,-6.25,0.254441
-29.75,-6.25,0.265538
-29.25,-6.25,0.276635
-28.75,-6.25,0.287732
-28.25,-6.25,0.297863
-27.75,-6.25,0.307994
-27.25,-6.25,0.318126
-26.75,-6.25,0.328257
-26.25,-6.25,0.338389
-25.75,-6.25,0.347878
-25.25,-6.25,0.357367
-24.75,-6.25,0.366856
-24.25,-6.25,0.376345
-23.75,-6.25,0.385834
-23.25,-6.25,0.394888
-22.75,-6.25,0.403942
-22.25,-6.25,0.412997
-21.75,-6.25,0.422051
-21.25,-6.25,0.431105
-20.75,-6.25,0.440054
-20.25,-6.25,0.449002
-19.75,-6.25,0.45795
-19.25,-6.25,0.466898
-18.75,-6.25,0.475847
-18.25,-6.25,0.484758
-17.75,-6.25,0.493669
-17.25,-6.25,0.502581
-16.75,-6.25,0.511492
-16.25,-6.25,0.520403
-15.75,-6.25,0.529792
-15.25,-6.25,0.53918
-14.75,-6.25,0.548568
-14.25,-6.25,0.557957
-13.75,-6.25,0.567345
-13.25,-6.25,0.577589
-12.75,-6.25,0.587832
-12.25,-6.25,0.598076
-11.75,-6.25,0.60832
-11.25,-6.25,0.618564
-10.75,-6.25,0.630488
-10.25,-6.25,0.642413
-9.75,-6.25,0.654338
-9.25,-6.25,0.666262
-8.75,-6.25,0.678187
-8.25,-6.25,0.692012
-7.75,-6.25,0.705838
-7.25,-6.25,0.719663
-6.75,-6.25,0.733488
-6.25,-6.25,0.747314
-5.75,-6.25,0.763172
-5.25,-6.25,0.77903
-4.75,-6.25,0.794888
-4.25,-6.25,0.810747
-3.75,-6.25,0.826605
-3.25,-6.25,0.844259
-2.75,-6.25,0.861913
-2.25,-6.25,0.879567
-1.75,-6.25,0.897221
-1.25,-6.25,0.914875
-0.75,-6.25,0.932968
-0.25,-6.25,0.95106
0.25,-6.25,0.969152
0.75,-6.25,0.987244
1.25,-6.25,1.00534
1.75,-6.25,1.02146
2.25,-6.25,1.03759
2.75,-6.25,1.05371
3.25,-6.25,1.06983
3.75,-6.25,1.08596
4.25,-6.25,1.09741
4.75,-6.25,1.10887
5.25,-6.25,1.12032
5.75,-6.25,1.13177
6.25,-6.25,1.14322
6.75,-6.25,1.14625
7.25,-6.25,1.14928
7.75,-6.25,1.15231
8.25,-6.25,1.15533
8.75,-6.25,1.15836
9.25,-6.25,1.15213
9.75,-6.25,1.14589
10.25,-6.25,1.13965
10.75,-6.25,1.13342
11.25,-6.25,1.12718
11.75,-6.25,1.11208
12.25,-6.25,1.09697
12.75,-6.25,1.08187
13.25,-6.25,1.06677
13.75,-6.25,1.05167
14.25,-6.25,1.03016
14.75,-6.25,1.00865
15.25,-6.25,0.987142
15.75,-6.25,0.965635
16.25,-6.25,0.944127
16.75,-6.25,0.919615
17.25,-6.25,0.895103
17.75,-6.25,0.870591
18.25,-6.25,0.846079
18.75,-6.25,0.821567
19.25,-6.25,0.79673
19.75,-6.25,0.771893
20.25,-6.25,0.747056
20.75,-6.25,0.722219
21.25,-6.25,0.697382
21.75,-6.25,0.67408
22.25,-6.25,0.650778
22.75,-6.25,0.627476
23.25,-6.25,0.604174
23.75,-6.25,0.580872
24.25,-6.25,0.559821
24.75,-6.25,0.53877
25.25,-6.25,0.517719
25.75,-6.25,0.496667
26.25,-6.25,0.475616
26.75,-6.25,0.456731
27.25,-6.25,0.437845
27.75,-6.25,0.418959
28.25,-6.25,0.400074
28.75,-6.25,0.381188
29.25,-6.25,0.364323
29.75,-6.25,0.347458
30.25,-6.25,0.330593
30.75,-6.25,0.313728
31.25,-6.25,0.296863
31.75,-6.25,0.281545
32.25,-6.25,0.266227
32.75,-6.25,0.25091
33.25,-6.25,0.235592
33.75,-6.25,0.220275
34.25,-6.25,0.20656
34.75,-6.25,0.192846
35.25,-6.25,0.179132
35.75,-6.25,0.165417
36.25,-6.25,0.151703
36.75,-6.25,0.140137
37.25,-6.25,0.12857
37.75,-6.25,0.117004
38.25,-6.25,0.105438
38.75,-6.25,0.093872
39.25,-6.25,0.085331
39.75,-6.25,0.07679
40.25,-6.25,0.0682491
40.75,-6.25,0.0597081
41.25,-6.25,0.0511671
41.75,-6.25,0.0458833
42.25,-6.25,0.0405995
42.75,-6.25,0.0353157
43.25,-6.25,0.0300319
43.75,-6.25,0.0247481
44.25,-6.25,0.0247481
44.75,-6.25,0.0247481
-44.75,-5.75,0.015788
-44.25,-5.75,0.015788
-43.75,-5.75,0.015788
-43.25,-5.75,0.0185263
-42.75,-5.75,0.0212647
-42.25,-5.75,0.024003
-41.75,-5.75,0.0267414
-41.25,-5.75,0.0294797
-40.75,-5.75,0.0362501
-40.25,-5.75,0.0430204
-39.75,-5.75,0.0497908
-39.25,-5.75,0.0565611
-38.75,-5.75,0.0633315
-38.25,-5.75,0.0737821
-37.75,-5.75,0.0842327
-37.25,-5.75,0.0946834
-36.75,-5.75,0.105134
-36.25,-5.75,0.115585
-35.75,-5.75,0.127463
-35.25,-5.75,0.139342
-34.75,-5.75,0.151221
-34.25,-5.75,0.1631
-33.75,-5.75,0.174979
-33.25,-5.75,0.186943
-32.75,-5.75,0.198906
-32.25,-5.75,0.21087
-31.75,-5.75,0.222834
-31.25,-5.75,0.234797
-30.75,-5.75,0.245969
-30.25,-5.75,0.25714
-29.75,-5.75,0.268312
-29.25,-5.75,0.279484
-28.75,-5.75,0.290655
-28.25,-5.75,0.300891
-27.75,-5.75,0.311126
-27.25,-5.75,0.321362
-26.75,-5.75,0.331597
-26.25,-5.75,0.341833
-25.75,-5.75,0.351365
-25.25,-5.75,0.360897
-24.75,-5.75,0.370429
-24.25,-5.75,0.379961
-23.75,-5.75,0.389493
-23.25,-5.75,0.398618
-22.75,-5.75,0.407742
-22.25,-5.75,0.416866
-21.75,-5.75,0.42599
-21.25,-5.75,0.435114
-20.75,-5.75,0.444093
-20.25,-5.75,0.453072
-19.75,-5.75,0.46205
-19.25,-5.75,0.471029
-18.75,-5.75,0.480007
-18.25,-5.75,0.488987
-17.75,-5.75,0.497968
-17.25,-5.75,0.506948
-16.75,-5.75,0.515928
-16.25,-5.75,0.524908
-15.75,-5.75,0.534377
-15.25,-5.75,0.543845
-14.75,-5.75,0.553314
-14.25,-5.75,0.562783
-13.75,-5.75,0.572251
-13.25,-5.75,0.582564
-12.75,-5.75,0.592876
-12.25,-5.75,0.603189
-11.75,-5.75,0.613501
-11.25,-5.75,0.623814
-10.75,-5.75,0.635799
-10.25,-5.75,0.647783
-9.75,-5.75,0.659768
-9.25,-5.75,0.671753
-8.75,-5.75,0.683737
-8.25,-5.75,0.697677
-7.75,-5.75,0.711616
-7.25,-5.75,0.725556
-6.75,-5.75,0.739496
-6.25,-5.75,0.753435
-5.75,-5.75,0.769378
-5.25,-5.75,0.78532
-4.75,-5.75,0.801263
-4.25,-5.75,0.817205
-3.75,-5.75,0.833147
-3.25,-5.75,0.850962
-2.75,-5.75,0.868776
-2.25,-5.75,0.88659
-1.75,-5.75,0.904404
-1.25,-5.75,0.922218
-0.75,-5.75,0.940453
-0.25,-5.75,0.958688
0.25,-5.75,0.976924
0.75,-5.75,0.995159
1.25,-5.75,1.01339
1.75,-5.75,1.02964
2.25,-5.75,1.04588
2.75,-5.75,1.06212
3.25,-5.75,1.07836
3.75,-5.75,1.0946
4.25,-5.75,1.10605
4.75,-5.75,1.1175
5.25,-5.75,1.12895
5.75,-5.75,1.1404
6.25,-5.75,1.15185
6.75,-5.75,1.15491
7.25,-5.75,1.15798
7.75,-5.75,1.16104
8.25,-5.75,1.16411
8.75,-5.75,1.16717
9.25,-5.75,1.16089
9.75,-5.75,1.15461
10.25,-5.75,1.14833
10.75,-5.75,1.14205
11.25,-5.75,1.13577
11.75,-5.75,1.12054
12.25,-5.75,1.10532
12.75,-5.75,1.0901
13.25,-5.75,1.07487
13.75,-5.75,1.05965
14.25,-5.75,1.03796
14.75,-5.75,1.01628
15.25,-5.75,0.994596
15.75,-5.75,0.972912
16.25,-5.75,0.951227
16.75,-5.75,0.926583
17.25,-5.75,0.90194
17.75,-5.75,0.877296
18.25,-5.75,0.852652
18.75,-5.75,0.828008
19.25,-5.75,0.803005
19.75,-5.75,0.778002
20.25,-5.75,0.752999
20.75,-5.75,0.727996
21.25,-5.75,0.702993
21.75,-5.75,0.679517
22.25,-5.75,0.656041
22.75,-5.75,0.632565
23.25,-5.75,0.609089
23.75,-5.75,0.585613
24.25,-5.75,0.564426
24.75,-5.75,0.543238
25.25,-5.75,0.52205
25.75,-5.75,0.500863
26.25,-5.75,0.479675
26.75,-5.75,0.460678
27.25,-5.75,0.441681
27.75,-5.75,0.422684
28.25,-5.75,0.403687
28.75,-5.75,0.38469
29.25,-5.75,0.367681
29.75,-5.75,0.350671
30.25,-5.75,0.333662
30.75,-5.75,0.316653
31.25,-5.75,0.299644
31.75,-5.75,0.284237
32.25,-5.75,0.268831
32.75,-5.75,0.253424
33.25,-5.75,0.238017
33.75,-5.75,0.22261
34.25,-5.75,0.208788
34.75,-5.75,0.194965
35.25,-5.75,0.181142
35.75,-5.75,0.167319
36.25,-5.75,0.153496
36.75,-5.75,0.14183
37.25,-5.75,0.130164
37.75,-5.75,0.118497
38.25,-5.75,0.106831
38.75,-5.75,0.0951643
39.25,-5.75,0.0865112
39.75,-5.75,0.0778581
40.25,-5.75,0.0692051
40.75,-5.75,0.060552
41.25,-5.75,0.0518989
41.75,-5.75,0.0465419
42.25,-5.75,0.0411849
42.75,-5.75,0.0358279
43.25,-5.75,0.0304709
43.75,-5.75,0.0251138
44.25,-5.75,0.0251138
44.75,-5.75,0.0251138
-44.75,-5.25,0.0159826
-44.25,-5.25,0.0159826
-43.75,-5.25,0.0159826
-43.25,-5.25,0.0187834
-42.75,-5.25,0.0215842
-42.25,-5.25,0.024385
-41.75,-5.25,0.0271858
-41.25,-5.25,0.0299866
-40.75,-5.25,0.0368971
-40.25,-5.25,0.0438076
-39.75,-5.25,0.0507181
-39.25,-5.25,0.0576286
-38.75,-5.25,0.0645391
-38.25,-5.25,0.075108
-37.75,-5.25,0.085677
-37.25,-5.25,0.0962459
-36.75,-5.25,0.106815
-36.25,-5.25,0.117384
-35.75,-5.25,0.129352
-35.25,-5.25,0.14132
-34.75,-5.25,0.153289
-34.25,-5.25,0.165257
-33.75,-5.25,0.177225
-33.25,-5.25,0.18925
-32.75,-5.25,0.201274
-32.25,-5.25,0.213299
-31.75,-5.25,0.225323
-31.25,-5.25,0.237348
-30.75,-5.25,0.248594
-30.25,-5.25,0.25984
-29.75,-5.25,0.271086
-29.25,-5.25,0.282333
-28.75,-5.25,0.293579
-28.25,-5.25,0.303919
-27.75,-5.25,0.314258
-27.25,-5.25,0.324598
-26.75,-5.25,0.334937
-26.25,-5.25,0.345277
-25.75,-5.25,0.354852
-25.25,-5.25,0.364427
-24.75,-5.25,0.374002
-24.25,-5.25,0.383578
-23.75,-5.25,0.393153
-23.25,-5.25,0.402347
-22.75,-5.25,0.411541
-22.25,-5.25,0.420735
-21.75,-5.25,0.429929
-21.25,-5.25,0.439124
-20.75,-5.25,0.448132
-20.25,-5.25,0.457141
-19.75,-5.25,0.46615
-19.25,-5.25,0.475159
-18.75,-5.25,0.484168
-18.25,-5.25,0.493217
-17.75,-5.25,0.502266
-17.25,-5.25,0.511315
-16.75,-5.25,0.520364
-16.25,-5.25,0.529413
-15.75,-5.25,0.538962
-15.25,-5.25,0.548511
-14.75,-5.25,0.55806
-14.25,-5.25,0.567608
-13.75,-5.25,0.577157
-13.25,-5.25,0.587539
-12.75,-5.25,0.59792
-12.25,-5.25,0.608302
-11.75,-5.25,0.618683
-11.25,-5.25,0.629065
-10.75,-5.25,0.641109
-10.25,-5.25,0.653154
-9.75,-5.25,0.665198
-9.25,-5.25,0.677243
-8.75,-5.25,0.689288
-8.25,-5.25,0.703341
-7.75,-5.25,0.717395
-7.25,-5.25,0.731449
-6.75,-5.25,0.745503
-6.25,-5.25,0.759557
-5.75,-5.25,0.775583
-5.25,-5.25,0.79161
-4.75,-5.25,0.807637
-4.25,-5.25,0.823663
-3.75,-5.25,0.83969
-3.25,-5.25,0.857664
-2.75,-5.25,0.875638
-2.25,-5.25,0.893612
-1.75,-5.25,0.911586
-1.25,-5.25,0.929561
-0.75,-5.25,0.947939
-0.25,-5.25,0.966317
0.25,-5.25,0.984695
0.75,-5.25,1.00307
1.25,-5.25,1.02145
1.75,-5.25,1.03781
2.25,-5.25,1.05417
2.75,-5.25,1.07052
3.25,-5.25,1.08688
3.75,-5.25,1.10324
4.25,-5.25,1.11469
4.75,-5.25,1.12613
5.25,-5.25,1.13758
5.75,-5.25,1.14902
6.25,-5.25,1.16047
6.75,-5.25,1.16357
7.25,-5.25,1.16667
7.75,-5.25,1.16977
8.25,-5.25,1.17288
8.75,-5.25,1.17598
9.25,-5.25,1.16965
9.75,-5.25,1.16333
10.25,-5.25,1.157
10.75,-5.25,1.15068
11.25,-5.25,1.14435
11.75,-5.25,1.12901
12.25,-5.25,1.11366
12.75,-5.25,1.09832
13.25,-5.25,1.08298
13.75,-5.25,1.06763
14.25,-5.25,1.04577
14.75,-5.25,1.02391
15.25,-5.25,1.00205
15.75,-5.25,0.980188
16.25,-5.25,0.958327
16.75,-5.25,0.933552
17.25,-5.25,0.908776
17.75,-5.25,0.884001
18.25,-5.25,0.859225
18.75,-5.25,0.83445
19.25,-5.25,0.809281
19.75,-5.25,0.784112
20.25,-5.25,0.758943
20.75,-5.25,0.733774
21.25,-5.25,0.708605
21.75,-5.25,0.684955
22.25,-5.25,0.661305
22.75,-5.25,0.637654
23.25,-5.25,0.614004
23.75,-5.25,0.590354
24.25,-5.25,0.56903
24.75,-5.25,0.547706
25.25,-5.25,0.526382
25.75,-5.25,0.505058
26.25,-5.25,0.483734
26.75,-5.25,0.464625
27.25,-5.25,0.445517
27.75,-5.25,0.426408
28.25,-5.25,0.4073
28.75,-5.25,0.388191
29.25,-5.25,0.371038
29.75,-5.25,0.353885
30.25,-5.25,0.336732
30.75,-5.25,0.319579
31.25,-5.25,0.302425
31.75,-5.25,0.28693
32.25,-5.25,0.271434
32.75,-5.25,0.255938
33.25,-5.25,0.240442
33.75,-5.25,0.224946
34.25,-5.25,0.211015
34.75,-5.25,0.197084
35.25,-5.25,0.183152
35.75,-5.25,0.169221
36.25,-5.25,0.15529
36.75,-5.25,0.143523
37.25,-5.25,0.131757
37.75,-5.25,0.11999
38.25,-5.25,0.108223
38.75,-5.25,0.0964566
39.25,-5.25,0.0876914
39.75,-5.25,0.0789263
40.25,-5.25,0.0701611
40.75,-5.25,0.0613959
41.25,-5.25,0.0526307
41.75,-5.25,0.0472005
42.25,-5.25,0.0417702
42.75,-5.25,0.03634
43.25,-5.25,0.0309098
43.75,-5.25,0.0254795
44.25,-5.25,0.0254795
44.75,-5.25,0.0254795
-44.75,-4.75,0.0161772
-44.25,-4.75,0.0161772
-43.75,-4.75,0.0161772
-43.25,-4.75,0.0190405
-42.75,-4.75,0.0219037
-42.25,-4.75,0.0247669
-41.75,-4.75,0.0276302
-41.25,-4.75,0.0304934
-40.75,-4.75,0.0375441
-40.25,-4.75,0.0445947
-39.75,-4.75,0.0516454
-39.25,-4.75,0.0586961
-38.75,-4.75,0.0657467
-38.25,-4.75,0.076434
-37.75,-4.75,0.0871212
-37.25,-4.75,0.0978085
-36.75,-4.75,0.108496
-36.25,-4.75,0.119183
-35.75,-4.75,0.131241
-35.25,-4.75,0.143298
-34.75,-4.75,0.155356
-34.25,-4.75,0.167414
-33.75,-4.75,0.179471
-33.25,-4.75,0.191557
-32.75,-4.75,0.203642
-32.25,-4.75,0.215727
-31.75,-4.75,0.227813
-31.25,-4.75,0.239898
-30.75,-4.75,0.251219
-30.25,-4.75,0.26254
-29.75,-4.75,0.273861
-29.25,-4.75,0.285182
-28.75,-4.75,0.296503
-28.25,-4.75,0.306946
-27.75,-4.75,0.31739
-27.25,-4.75,0.327834
-26.75,-4.75,0.338277
-26.25,-4.75,0.348721
-25.75,-4.75,0.358339
-25.25,-4.75,0.367958
-24.75,-4.75,0.377576
-24.25,-4.75,0.387194
-23.75,-4.75,0.396813
-23.25,-4.75,0.406077
-22.75,-4.75,0.415341
-22.25,-4.75,0.424605
-21.75,-4.75,0.433869
-21.25,-4.75,0.443133
-20.75,-4.75,0.452172
-20.25,-4.75,0.461211
-19.75,-4.75,0.47025
-19.25,-4.75,0.47929
-18.75,-4.75,0.488329
-18.25,-4.75,0.497447
-17.75,-4.75,0.506565
-17.25,-4.75,0.515683
-16.75,-4.75,0.5248
-16.25,-4.75,0.533918
-15.75,-4.75,0.543547
-15.25,-4.75,0.553176
-14.75,-4.75,0.562805
-14.25,-4.75,0.572434
-13.75,-4.75,0.582063
-13.25,-4.75,0.592514
-12.75,-4.75,0.602964
-12.25,-4.75,0.613414
-11.75,-4.75,0.623865
-11.25,-4.75,0.634315
-10.75,-4.75,0.64642
-10.25,-4.75,0.658524
-9.75,-4.75,0.670629
-9.25,-4.75,0.682733
-8.75,-4.75,0.694838
-8.25,-4.75,0.709006
-7.75,-4.75,0.723174
-7.25,-4.75,0.737342
-6.75,-4.75,0.75151
-6.25,-4.75,0.765678
-5.75,-4.75,0.781789
-5.25,-4.75,0.7979
-4.75,-4.75,0.814011
-4.25,-4.75,0.830122
-3.75,-4.75,0.846232
-3.25,-4.75,0.864367
-2.75,-4.75,0.882501
-2.25,-4.75,0.900635
-1.75,-4.75,0.918769
-1.25,-4.75,0.936903
-0.75,-4.75,0.955425
-0.25,-4.75,0.973946
0.25,-4.75,0.992467
0.75,-4.75,1.01099
1.25,-4.75,1.02951
1.75,-4.75,1.04598
2.25,-4.75,1.06246
2.75,-4.75,1.07893
3.25,-4.75,1.09541
3.75,-4.75,1.11188
4.25,-4.75,1.12332
4.75,-4.75,1.13477
5.25,-4.75,1.14621
5.75,-4.75,1.15765
6.25,-4.75,1.16909
6.75,-4.75,1.17223
7.25,-4.75,1.17537
7.75,-4.75,1.17851
8.25,-4.75,1.18165
8.75,-4.75,1.18479
9.25,-4.75,1.17842
9.75,-4.75,1.17205
10.25,-4.75,1.16568
10.75,-4.75,1.15931
11.25,-4.75,1.15294
11.75,-4.75,1.13747
12.25,-4.75,1.12201
12.75,-4.75,1.10655
13.25,-4.75,1.09108
13.75,-4.75,1.07562
14.25,-4.75,1.05358
14.75,-4.75,1.03154
15.25,-4.75,1.0095
15.75,-4.75,0.987465
16.25,-4.75,0.965427
16.75,-4.75,0.94052
17.25,-4.75,0.915613
17.75,-4.75,0.890706
18.25,-4.75,0.865799
18.75,-4.75,0.840891
19.25,-4.75,0.815556
19.75,-4.75,0.790221
20.25,-4.75,0.764886
20.75,-4.75,0.739551
21.25,-4.75,0.714216
21.75,-4.75,0.690392
22.25,-4.75,0.666568
22.75,-4.75,0.642743
23.25,-4.75,0.618919
23.75,-4.75,0.595095
24.25,-4.75,0.573635
24.75,-4.75,0.552174
25.25,-4.75,0.530713
25.75,-4.75,0.509253
26.25,-4.75,0.487792
26.75,-4.75,0.468572
27.25,-4.75,0.449353
27.75,-4.75,0.430133
28.25,-4.75,0.410913
28.75,-4.75,0.391693
29.25,-4.75,0.374396
29.75,-4.75,0.357099
30.25,-4.75,0.339801
30.75,-4.75,0.322504
31.25,-4.75,0.305207
31.75,-4.75,0.289622
32.25,-4.75,0.274037
32.75,-4.75,0.258452
33.25,-4.75,0.242867
33.75,-4.75,0.227282
34.25,-4.75,0.213242
34.75,-4.75,0.199203
35.25,-4.75,0.185163
35.75,-4.75,0.171123
36.25,-4.75,0.157083
36.75,-4.75,0.145217
37.25,-4.75,0.13335
37.75,-4.75,0.121483
38.25,-4.75,0.109616
38.75,-4.75,0.097749
39.25,-4.75,0.0888717
39.75,-4.75,0.0799944
40.25,-4.75,0.0711171
40.75,-4.75,0.0622398
41.25,-4.75,0.0533625
41.75,-4.75,0.047859
42.25,-4.75,0.0423556
42.75,-4.75,0.0368521
43.25,-4.75,0.0313487
43.75,-4.75,0.0258453
44.25,-4.75,0.0258453
44.75,-4.75,0.0258453
-44.75,-4.25,0.0163718
-44.25,-4.25,0.0163718
-43.75,-4.25,0.0163718
-43.25,-4.25,0.0192975
-42.75,-4.25,0.0222232
-42.25,-4.25,0.0251489
-41.75,-4.25,0.0280746
-41.25,-4.25,0.0310003
-40.75,-4.25,0.0381911
-40.25,-4.25,0.0453819
-39.75,-4.25,0.0525727
-39.25,-4.25,0.0597635
-38.75,-4.25,0.0669543
-38.25,-4.25,0.0777599
-37.75,-4.25,0.0885655
-37.25,-4.25,0.0993711
-36.75,-4.25,0.110177
-36.25,-4.25,0.120982
-35.75,-4.25,0.133129
-35.25,-4.25,0.145276
-34.75,-4.25,0.157423
-34.25,-4.25,0.16957
-33.75,-4.25,0.181717
-33.25,-4.25,0.193863
-32.75,-4.25,0.20601
-32.25,-4.25,0.218156
-31.75,-4.25,0.230302
-31.25,-4.25,0.242448
-30.75,-4.25,0.253844
-30.25,-4.25,0.265239
-29.75,-4.25,0.276635
-29.25,-4.25,0.288031
-28.75,-4.25,0.299426
-28.25,-4.25,0.309974
-27.75,-4.25,0.320522
-27.25,-4.25,0.331069
-26.75,-4.25,0.341617
-26.25,-4.25,0.352165
-25.75,-4.25,0.361826
-25.25,-4.25,0.371488
-24.75,-4.25,0.381149
-24.25,-4.25,0.390811
-23.75,-4.25,0.400472
-23.25,-4.25,0.409806
-22.75,-4.25,0.41914
-22.25,-4.25,0.428474
-21.75,-4.25,0.437808
-21.25,-4.25,0.447142
-20.75,-4.25,0.456211
-20.25,-4.25,0.465281
-19.75,-4.25,0.47435
-19.25,-4.25,0.48342
-18.75,-4.25,0.49249
-18.25,-4.25,0.501676
-17.75,-4.25,0.510863
-17.25,-4.25,0.52005
-16.75,-4.25,0.529237
-16.25,-4.25,0.538423
-15.75,-4.25,0.548133
-15.25,-4.25,0.557842
-14.75,-4.25,0.567551
-14.25,-4.25,0.57726
-13.75,-4.25,0.586969
-13.25,-4.25,0.597489
-12.75,-4.25,0.608008
-12.25,-4.25,0.618527
-11.75,-4.25,0.629046
-11.25,-4.25,0.639566
-10.75,-4.25,0.65173
-10.25,-4.25,0.663895
-9.75,-4.25,0.676059
-9.25,-4.25,0.688224
-8.75,-4.25,0.700388
-8.25,-4.25,0.71467
-7.75,-4.25,0.728953
-7.25,-4.25,0.743235
-6.75,-4.25,0.757517
-6.25,-4.25,0.771799
-5.75,-4.25,0.787995
-5.25,-4.25,0.80419
-4.75,-4.25,0.820385
-4.25,-4.25,0.83658
-3.75,-4.25,0.852775
-3.25,-4.25,0.871069
-2.75,-4.25,0.889363
-2.25,-4.25,0.907657
-1.75,-4.25,0.925952
-1.25,-4.25,0.944246
-0.75,-4.25,0.96291
-0.25,-4.25,0.981575
0.25,-4.25,1.00024
0.75,-4.25,1.0189
1.25,-4.25,1.03757
1.75,-4.25,1.05416
2.25,-4.25,1.07075
2.75,-4.25,1.08734
3.25,-4.25,1.10393
3.75,-4.25,1.12052
4.25,-4.25,1.13196
4.75,-4.25,1.1434
5.25,-4.25,1.15484
5.75,-4.25,1.16628
6.25,-4.25,1.17772
6.75,-4.25,1.18089
7.25,-4.25,1.18407
7.75,-4.25,1.18724
8.25,-4.25,1.19042
8.75,-4.25,1.19359
9.25,-4.25,1.18718
9.75,-4.25,1.18077
10.25,-4.25,1.17435
10.75,-4.25,1.16794
11.25,-4.25,1.16153
11.75,-4.25,1.14594
12.25,-4.25,1.13035
12.75,-4.25,1.11477
13.25,-4.25,1.09918
13.75,-4.25,1.0836
14.25,-4.25,1.06139
14.75,-4.25,1.03917
15.25,-4.25,1.01696
15.75,-4.25,0.994742
16.25,-4.25,0.972527
16.75,-4.25,0.947489
17.25,-4.25,0.92245
17.75,-4.25,0.897411
18.25,-4.25,0.872372
18.75,-4.25,0.847333
19.25,-4.25,0.821832
19.75,-4.25,0.796331
20.25,-4.25,0.77083
20.75,-4.25,0.745329
21.25,-4.25,0.719827
21.75,-4.25,0.695829
22.25,-4.25,0.671831
22.75,-4.25,0.647833
23.25,-4.25,0.623834
23.75,-4.25,0.599836
24.25,-4.25,0.578239
24.75,-4.25,0.556642
25.25,-4.25,0.535045
25.75,-4.25,0.513448
26.25,-4.25,0.491851
26.75,-4.25,0.47252
27.25,-4.25,0.453188
27.75,-4.25,0.433857
28.25,-4.25,0.414526
28.75,-4.25,0.395195
29.25,-4.25,0.377753
29.75,-4.25,0.360312
30.25,-4.25,0.342871
30.75,-4.25,0.32543
31.25,-4.25,0.307988
31.75,-4.25,0.292314
32.25,-4.25,0.27664
32.75,-4.25,0.260966
33.25,-4.25,0.245292
33.75,-4.25,0.229618
34.25,-4.25,0.21547
34.75,-4.25,0.201322
35.25,-4.25,0.187173
35.75,-4.25,0.173025
36.25,-4.25,0.158877
36.75,-4.25,0.14691
37.25,-4.25,0.134943
37.75,-4.25,0.122976
38.25,-4.25,0.111008
38.75,-4.25,0.0990413
39.25,-4.25,0.0900519
39.75,-4.25,0.0810625
40.25,-4.25,0.0720731
40.75,-4.25,0.0630837
41.25,-4.25,0.0540943
41.75,-4.25,0.0485176
42.25,-4.25,0.0429409
42.75,-4.25,0.0373643
43.25,-4.25,0.0317876
43.75,-4.25,0.026211
44.25,-4.25,0.026211
44.75,-4.25,0.026211
-44.75,-3.75,0.0165664
-44.25,-3.75,0.0165664
-43.75,-3.75,0.0165664
-43.25,-3.75,0.0195546
-42.75,-3.75,0.0225427
-42.25,-3.75,0.0255309
-41.75,-3.75,0.028519
-41.25,-3.75,0.0315072
-40.75,-3.75,0.0388381
-40.25,-3.75,0.0461691
-39.75,-3.75,0.0535
-39.25,-3.75,0.060831
-38.75,-3.75,0.0681619
-38.25,-3.75,0.0790858
-37.75,-3.75,0.0900098
-37.25,-3.75,0.100934
-36.75,-3.75,0.111858
-36.25,-3.75,0.122781
-35.75,-3.75,0.135018
-35.25,-3.75,0.147254
-34.75,-3.75,0.159491
-34.25,-3.75,0.171727
-33.75,-3.75,0.183963
-33.25,-3.75,0.19617
-32.75,-3.75,0.208377
-32.25,-3.75,0.220584
-31.75,-3.75,0.232791
-31.25,-3.75,0.244998
-30.75,-3.75,0.256469
-30.25,-3.75,0.267939
-29.75,-3.75,0.279409
-29.25,-3.75,0.29088
-28.75,-3.75,0.30235
-28.25,-3.75,0.313002
-27.75,-3.75,0.323654
-27.25,-3.75,0.334305
-26.75,-3.75,0.344957
-26.25,-3.75,0.355609
-25.75,-3.75,0.365313
-25.25,-3.75,0.375018
-24.75,-3.75,0.384723
-24.25,-3.75,0.394427
-23.75,-3.75,0.404132
-23.25,-3.75,0.413536
-22.75,-3.75,0.422939
-22.25,-3.75,0.432343
-21.75,-3.75,0.441747
-21.25,-3.75,0.451151
-20.75,-3.75,0.460251
-20.25,-3.75,0.469351
-19.75,-3.75,0.478451
-19.25,-3.75,0.487551
-18.75,-3.75,0.49665
-18.25,-3.75,0.505906
-17.75,-3.75,0.515162
-17.25,-3.75,0.524417
-16.75,-3.75,0.533673
-16.25,-3.75,0.542928
-15.75,-3.75,0.552718
-15.25,-3.75,0.562507
-14.75,-3.75,0.572297
-14.25,-3.75,0.582086
-13.75,-3.75,0.591876
-13.25,-3.75,0.602464
-12.75,-3.75,0.613052
-12.25,-3.75,0.62364
-11.75,-3.75,0.634228
-11.25,-3.75,0.644816
-10.75,-3.75,0.657041
-10.25,-3.75,0.669265
-9.75,-3.75,0.68149
-9.25,-3.75,0.693714
-8.75,-3.75,0.705939
-8.25,-3.75,0.720335
-7.75,-3.75,0.734731
-7.25,-3.75,0.749128
-6.75,-3.75,0.763524
-6.25,-3.75,0.777921
-5.75,-3.75,0.7942
-5.25,-3.75,0.81048
-4.75,-3.75,0.826759
-4.25,-3.75,0.843038
-3.75,-3.75,0.859318
-3.25,-3.75,0.877772
-2.75,-3.75,0.896226
-2.25,-3.75,0.91468
-1.75,-3.75,0.933134
-1.25,-3.75,0.951588
-0.75,-3.75,0.970396
-0.25,-3.75,0.989203
0.25,-3.75,1.00801
0.75,-3.75,1.02682
1.25,-3.75,1.04563
1.75,-3.75,1.06233
2.25,-3.75,1.07904
2.75,-3.75,1.09575
3.25,-3.75,1.11245
3.75,-3.75,1.12916
4.25,-3.75,1.1406
4.75,-3.75,1.15203
5.25,-3.75,1.16347
5.75,-3.75,1.1749
6.25,-3.75,1.18634
6.75,-3.75,1.18955
7.25,-3.75,1.19276
7.75,-3.75,1.19598
8.25,-3.75,1.19919
8.75,-3.75,1.2024
9.25,-3.75,1.19594
9.75,-3.75,1.18949
10.25,-3.75,1.18303
10.75,-3.75,1.17657
11.25,-3.75,1.17011
11.75,-3.75,1.15441
12.25,-3.75,1.1387
12.75,-3.75,1.12299
13.25,-3.75,1.10729
13.75,-3.75,1.09158
14.25,-3.75,1.06919
14.75,-3.75,1.0468
15.25,-3.75,1.02441
15.75,-3.75,1.00202
16.25,-3.75,0.979627
16.75,-3.75,0.954457
17.25,-3.75,0.929286
17.75,-3.75,0.904116
18.25,-3.75,0.878945
18.75,-3.75,0.853775
19.25,-3.75,0.828107
19.75,-3.75,0.80244
20.25,-3.75,0.776773
20.75,-3.75,0.751106
21.25,-3.75,0.725439
21.75,-3.75,0.701266
22.25,-3.75,0.677094
22.75,-3.75,0.652922
23.25,-3.75,0.628749
23.75,-3.75,0.604577
24.25,-3.75,0.582843
24.75,-3.75,0.56111
25.25,-3.75,0.539377
25.75,-3.75,0.517643
26.25,-3.75,0.49591
26.75,-3.75,0.476467
27.25,-3.75,0.457024
27.75,-3.75,0.437582
28.25,-3.75,0.418139
28.75,-3.75,0.398696
29.25,-3.75,0.381111
29.75,-3.75,0.363526
30.25,-3.75,0.34594
30.75,-3.75,0.328355
31.25,-3.75,0.31077
31.75,-3.75,0.295007
32.25,-3.75,0.279243
32.75,-3.75,0.26348
33.25,-3.75,0.247717
33.75,-3.75,0.231954
34.25,-3.75,0.217697
34.75,-3.75,0.20344
35.25,-3.75,0.189184
35.75,-3.75,0.174927
36.25,-3.75,0.160671
36.75,-3.75,0.148603
37.25,-3.75,0.136536
37.75,-3.75,0.124468
38.25,-3.75,0.112401
38.75,-3.75,0.100334
39.25,-3.75,0.0912321
39.75,-3.75,0.0821306
40.25,-3.75,0.0730291
40.75,-3.75,0.0639276
41.25,-3.75,0.054826
41.75,-3.75,0.0491762
42.25,-3.75,0.0435263
42.75,-3.75,0.0378764
43.25,-3.75,0.0322266
43.75,-3.75,0.0265767
44.25,-3.75,0.0265767
44.75,-3.75,0.0265767
-44.75,-3.25,0.0166056
-44.25,-3.25,0.0166056
-43.75,-3.25,0.0166056
-43.25,-3.25,0.0196125
-42.75,-3.25,0.0226195
-42.25,-3.25,0.0256264
-41.75,-3.25,0.0286334
-41.25,-3.25,0.0316403
-40.75,-3.25,0.0390089
-40.25,-3.25,0.0463774
-39.75,-3.25,0.053746
-39.25,-3.25,0.0611146
-38.75,-3.25,0.0684831
-38.25,-3.25,0.0794589
-37.75,-3.25,0.0904346
-37.25,-3.25,0.10141
-36.75,-3.25,0.112386
-36.25,-3.25,0.123362
-35.75,-3.25,0.135622
-35.25,-3.25,0.147882
-34.75,-3.25,0.160142
-34.25,-3.25,0.172403
-33.75,-3.25,0.184663
-33.25,-3.25,0.196862
-32.75,-3.25,0.209061
-32.25,-3.25,0.221259
-31.75,-3.25,0.233458
-31.25,-3.25,0.245657
-30.75,-3.25,0.257133
-30.25,-3.25,0.26861
-29.75,-3.25,0.280087
-29.25,-3.25,0.291563
-28.75,-3.25,0.30304
-28.25,-3.25,0.313677
-27.75,-3.25,0.324315
-27.25,-3.25,0.334953
-26.75,-3.25,0.345591
-26.25,-3.25,0.356229
-25.75,-3.25,0.36598
-25.25,-3.25,0.375732
-24.75,-3.25,0.385484
-24.25,-3.25,0.395236
-23.75,-3.25,0.404988
-23.25,-3.25,0.414405
-22.75,-3.25,0.423823
-22.25,-3.25,0.43324
-21.75,-3.25,0.442658
-21.25,-3.25,0.452075
-20.75,-3.25,0.461183
-20.25,-3.25,0.470291
-19.75,-3.25,0.479399
-19.25,-3.25,0.488507
-18.75,-3.25,0.497615
-18.25,-3.25,0.506889
-17.75,-3.25,0.516163
-17.25,-3.25,0.525437
-16.75,-3.25,0.534711
-16.25,-3.25,0.543985
-15.75,-3.25,0.553786
-15.25,-3.25,0.563588
-14.75,-3.25,0.573389
-14.25,-3.25,0.58319
-13.75,-3.25,0.592992
-13.25,-3.25,0.603633
-12.75,-3.25,0.614275
-12.25,-3.25,0.624917
-11.75,-3.25,0.635558
-11.25,-3.25,0.6462
-10.75,-3.25,0.658445
-10.25,-3.25,0.670691
-9.75,-3.25,0.682937
-9.25,-3.25,0.695182
-8.75,-3.25,0.707428
-8.25,-3.25,0.721842
-7.75,-3.25,0.736256
-7.25,-3.25,0.75067
-6.75,-3.25,0.765084
-6.25,-3.25,0.779498
-5.75,-3.25,0.795815
-5.25,-3.25,0.812133
-4.75,-3.25,0.828451
-4.25,-3.25,0.844768
-3.75,-3.25,0.861086
-3.25,-3.25,0.879579
-2.75,-3.25,0.898072
-2.25,-3.25,0.916565
-1.75,-3.25,0.935058
-1.25,-3.25,0.953551
-0.75,-3.25,0.972412
-0.25,-3.25,0.991273
0.25,-3.25,1.01013
0.75,-3.25,1.02899
1.25,-3.25,1.04786
1.75,-3.25,1.06461
2.25,-3.25,1.08136
2.75,-3.25,1.09811
3.25,-3.25,1.11486
3.75,-3.25,1.13161
4.25,-3.25,1.14309
4.75,-3.25,1.15457
5.25,-3.25,1.16605
5.75,-3.25,1.17753
6.25,-3.25,1.18901
6.75,-3.25,1.19223
7.25,-3.25,1.19545
7.75,-3.25,1.19867
8.25,-3.25,1.20189
8.75,-3.25,1.20511
9.25,-3.25,1.19861
9.75,-3.25,1.1921
10.25,-3.25,1.18559
10.75,-3.25,1.17908
11.25,-3.25,1.17258
11.75,-3.25,1.15685
12.25,-3.25,1.14113
12.75,-3.25,1.1254
13.25,-3.25,1.10968
13.75,-3.25,1.09395
14.25,-3.25,1.07153
14.75,-3.25,1.04911
15.25,-3.25,1.02669
15.75,-3.25,1.00427
16.25,-3.25,0.981854
16.75,-3.25,0.956623
17.25,-3.25,0.931392
17.75,-3.25,0.906161
18.25,-3.25,0.88093
18.75,-3.25,0.855699
19.25,-3.25,0.829961
19.75,-3.25,0.804224
20.25,-3.25,0.778487
20.75,-3.25,0.75275
21.25,-3.25,0.727012
21.75,-3.25,0.702859
22.25,-3.25,0.678706
22.75,-3.25,0.654553
23.25,-3.25,0.6304
23.75,-3.25,0.606247
24.25,-3.25,0.584448
24.75,-3.25,0.562649
25.25,-3.25,0.540851
25.75,-3.25,0.519052
26.25,-3.25,0.497253
26.75,-3.25,0.477748
27.25,-3.25,0.458244
27.75,-3.25,0.438739
28.25,-3.25,0.419234
28.75,-3.25,0.39973
29.25,-3.25,0.38212
29.75,-3.25,0.36451
30.25,-3.25,0.346901
30.75,-3.25,0.329291
31.25,-3.25,0.311681
31.75,-3.25,0.295873
32.25,-3.25,0.280065
32.75,-3.25,0.264257
33.25,-3.25,0.248449
33.75,-3.25,0.232641
34.25,-3.25,0.218358
34.75,-3.25,0.204075
35.25,-3.25,0.189792
35.75,-3.25,0.175509
36.25,-3.25,0.161225
36.75,-3.25,0.149136
37.25,-3.25,0.137047
37.75,-3.25,0.124958
38.25,-3.25,0.112869
38.75,-3.25,0.10078
39.25,-3.25,0.0916439
39.75,-3.25,0.0825075
40.25,-3.25,0.0733711
40.75,-3.25,0.0642347
41.25,-3.25,0.0550982
41.75,-3.25,0.0494222
42.25,-3.25,0.0437461
42.75,-3.25,0.0380701
43.25,-3.25,0.032394
43.75,-3.25,0.026718
44.25,-3.25,0.026718
44.75,-3.25,0.026718
-44.75,-2.75,0.0166447
-44.25,-2.75,0.0166447
-43.75,-2.75,0.0166447
-43.25,-2.75,0.0196705
-42.75,-2.75,0.0226962
-42.25,-2.75,0.025722
-41.75,-2.75,0.0287477
-41.25,-2.75,0.0317735
-40.75,-2.75,0.0391797
-40.25,-2.75,0.0465858
-39.75,-2.75,0.053992
-39.25,-2.75,0.0613982
-38.75,-2.75,0.0688043
-38.25,-2.75,0.0798319
-37.75,-2.75,0.0908595
-37.25,-2.75,0.101887
-36.75,-2.75,0.112915
-36.25,-2.75,0.123942
-35.75,-2.75,0.136226
-35.25,-2.75,0.14851
-34.75,-2.75,0.160794
-34.25,-2.75,0.173078
-33.75,-2.75,0.185362
-33.25,-2.75,0.197553
-32.75,-2.75,0.209744
-32.25,-2.75,0.221934
-31.75,-2.75,0.234125
-31.25,-2.75,0.246315
-30.75,-2.75,0.257798
-30.25,-2.75,0.269281
-29.75,-2.75,0.280764
-29.25,-2.75,0.292246
-28.75,-2.75,0.303729
-28.25,-2.75,0.314353
-27.75,-2.75,0.324977
-27.25,-2.75,0.335601
-26.75,-2.75,0.346225
-26.25,-2.75,0.356848
-25.75,-2.75,0.366647
-25.25,-2.75,0.376446
-24.75,-2.75,0.386246
-24.25,-2.75,0.396045
-23.75,-2.75,0.405844
-23.25,-2.75,0.415275
-22.75,-2.75,0.424706
-22.25,-2.75,0.434138
-21.75,-2.75,0.443569
-21.25,-2.75,0.453
-20.75,-2.75,0.462116
-20.25,-2.75,0.471232
-19.75,-2.75,0.480348
-19.25,-2.75,0.489463
-18.75,-2.75,0.498579
-18.25,-2.75,0.507872
-17.75,-2.75,0.517164
-17.25,-2.75,0.526457
-16.75,-2.75,0.535749
-16.25,-2.75,0.545042
-15.75,-2.75,0.554855
-15.25,-2.75,0.564668
-14.75,-2.75,0.574481
-14.25,-2.75,0.584294
-13.75,-2.75,0.594108
-13.25,-2.75,0.604803
-12.75,-2.75,0.615498
-12.25,-2.75,0.626193
-11.75,-2.75,0.636888
-11.25,-2.75,0.647584
-10.75,-2.75,0.65985
-10.25,-2.75,0.672117
-9.75,-2.75,0.684384
-9.25,-2.75,0.69665
-8.75,-2.75,0.708917
-8.25,-2.75,0.723349
-7.75,-2.75,0.73778
-7.25,-2.75,0.752212
-6.75,-2.75,0.766643
-6.25,-2.75,0.781075
-5.75,-2.75,0.797431
-5.25,-2.75,0.813787
-4.75,-2.75,0.830143
-4.25,-2.75,0.846499
-3.75,-2.75,0.862855
-3.25,-2.75,0.881386
-2.75,-2.75,0.899918
-2.25,-2.75,0.918449
-1.75,-2.75,0.936981
-1.25,-2.75,0.955513
-0.75,-2.75,0.974427
-0.25,-2.75,0.993342
0.25,-2.75,1.01226
0.75,-2.75,1.03117
1.25,-2.75,1.05009
1.75,-2.75,1.06688
2.25,-2.75,1.08368
2.75,-2.75,1.10047
3.25,-2.75,1.11727
3.75,-2.75,1.13407
4.25,-2.75,1.14559
4.75,-2.75,1.15711
5.25,-2.75,1.16863
5.75,-2.75,1.18016
6.25,-2.75,1.19168
6.75,-2.75,1.19491
7.25,-2.75,1.19814
7.75,-2.75,1.20137
8.25,-2.75,1.2046
8.75,-2.75,1.20783
9.25,-2.75,1.20127
9.75,-2.75,1.19471
10.25,-2.75,1.18815
10.75,-2.75,1.1816
11.25,-2.75,1.17504
11.75,-2.75,1.1593
12.25,-2.75,1.14355
12.75,-2.75,1.12781
13.25,-2.75,1.11207
13.75,-2.75,1.09632
14.25,-2.75,1.07387
14.75,-2.75,1.05143
15.25,-2.75,1.02898
15.75,-2.75,1.00653
16.25,-2.75,0.98408
16.75,-2.75,0.958789
17.25,-2.75,0.933497
17.75,-2.75,0.908206
18.25,-2.75,0.882914
18.75,-2.75,0.857623
19.25,-2.75,0.831815
19.75,-2.75,0.806008
20.25,-2.75,0.780201
20.75,-2.75,0.754393
21.25,-2.75,0.728586
21.75,-2.75,0.704452
22.25,-2.75,0.680318
22.75,-2.75,0.656185
23.25,-2.75,0.632051
23.75,-2.75,0.607917
24.25,-2.75,0.586053
24.75,-2.75,0.564189
25.25,-2.75,0.542325
25.75,-2.75,0.520461
26.25,-2.75,0.498596
26.75,-2.75,0.47903
27.25,-2.75,0.459463
27.75,-2.75,0.439897
28.25,-2.75,0.42033
28.75,-2.75,0.400763
29.25,-2.75,0.383129
29.75,-2.75,0.365495
30.25,-2.75,0.347861
30.75,-2.75,0.330227
31.25,-2.75,0.312592
31.75,-2.75,0.29674
32.25,-2.75,0.280887
32.75,-2.75,0.265034
33.25,-2.75,0.249182
33.75,-2.75,0.233329
34.25,-2.75,0.219019
34.75,-2.75,0.204709
35.25,-2.75,0.1904
35.75,-2.75,0.17609
36.25,-2.75,0.16178
36.75,-2.75,0.14967
37.25,-2.75,0.137559
37.75,-2.75,0.125448
38.25,-2.75,0.113338
38.75,-2.75,0.101227
39.25,-2.75,0.0920558
39.75,-2.75,0.0828844
40.25,-2.75,0.0737131
40.75,-2.75,0.0645418
41.25,-2.75,0.0553705
41.75,-2.75,0.0496682
42.25,-2.75,0.043966
42.75,-2.75,0.0382638
43.25,-2.75,0.0325615
43.75,-2.75,0.0268593
44.25,-2.75,0.0268593
44.75,-2.75,0.0268593
-44.75,-2.25,0.0166839
-44.25,-2.25,0.0166839
-43.75,-2.25,0.0166839
-43.25,-2.25,0.0197285
-42.75,-2.25,0.022773
-42.25,-2.25,0.0258176
-41.75,-2.25,0.0288621
-41.25,-2.25,0.0319066
-40.75,-2.25,0.0393504
-40.25,-2.25,0.0467942
-39.75,-2.25,0.054238
-39.25,-2.25,0.0616817
-38.75,-2.25,0.0691255
-38.25,-2.25,0.080205
-37.75,-2.25,0.0912844
-37.25,-2.25,0.102364
-36.75,-2.25,0.113443
-36.25,-2.25,0.124523
-35.75,-2.25,0.136831
-35.25,-2.25,0.149139
-34.75,-2.25,0.161446
-34.25,-2.25,0.173754
-33.75,-2.25,0.186062
-33.25,-2.25,0.198244
-32.75,-2.25,0.210427
-32.25,-2.25,0.222609
-31.75,-2.25,0.234791
-31.25,-2.25,0.246974
-30.75,-2.25,0.258463
-30.25,-2.25,0.269952
-29.75,-2.25,0.281441
-29.25,-2.25,0.29293
-28.75,-2.25,0.304419
-28.25,-2.25,0.315029
-27.75,-2.25,0.325638
-27.25,-2.25,0.336248
-26.75,-2.25,0.346858
-26.25,-2.25,0.357468
-25.75,-2.25,0.367314
-25.25,-2.25,0.377161
-24.75,-2.25,0.387007
-24.25,-2.25,0.396853
-23.75,-2.25,0.4067
-23.25,-2.25,0.416145
-22.75,-2.25,0.42559
-22.25,-2.25,0.435035
-21.75,-2.25,0.44448
-21.25,-2.25,0.453925
-20.75,-2.25,0.463049
-20.25,-2.25,0.472172
-19.75,-2.25,0.481296
-19.25,-2.25,0.49042
-18.75,-2.25,0.499544
-18.25,-2.25,0.508855
-17.75,-2.25,0.518165
-17.25,-2.25,0.527476
-16.75,-2.25,0.536787
-16.25,-2.25,0.546098
-15.75,-2.25,0.555923
-15.25,-2.25,0.565748
-14.75,-2.25,0.575573
-14.25,-2.25,0.585399
-13.75,-2.25,0.595224
-13.25,-2.25,0.605972
-12.75,-2.25,0.616721
-12.25,-2.25,0.62747
-11.75,-2.25,0.638219
-11.25,-2.25,0.648967
-10.75,-2.25,0.661255
-10.25,-2.25,0.673543
-9.75,-2.25,0.685831
-9.25,-2.25,0.698119
-8.75,-2.25,0.710406
-8.25,-2.25,0.724856
-7.75,-2.25,0.739305
-7.25,-2.25,0.753754
-6.75,-2.25,0.768203
-6.25,-2.25,0.782652
-5.75,-2.25,0.799046
-5.25,-2.25,0.81544
-4.75,-2.25,0.831835
-4.25,-2.25,0.848229
-3.75,-2.25,0.864623
-3.25,-2.25,0.883193
-2.75,-2.25,0.901764
-2.25,-2.25,0.920334
-1.75,-2.25,0.938905
-1.25,-2.25,0.957475
-0.75,-2.25,0.976443
-0.25,-2.25,0.995412
0.25,-2.25,1.01438
0.75,-2.25,1.03335
1.25,-2.25,1.05232
1.75,-2.25,1.06916
2.25,-2.25,1.086
2.75,-2.25,1.10284
3.25,-2.25,1.11968
3.75,-2.25,1.13652
4.25,-2.25,1.14808
4.75,-2.25,1.15965
5.25,-2.25,1.17122
5.75,-2.25,1.18278
6.25,-2.25,1.19435
6.75,-2.25,1.19759
7.25,-2.25,1.20082
7.75,-2.25,1.20406
8.25,-2.25,1.2073
8.75,-2.25,1.21054
9.25,-2.25,1.20393
9.75,-2.25,1.19733
10.25,-2.25,1.19072
10.75,-2.25,1.18411
11.25,-2.25,1.17751
11.75,-2.25,1.16174
12.25,-2.25,1.14598
12.75,-2.25,1.13022
13.25,-2.25,1.11445
13.75,-2.25,1.09869
14.25,-2.25,1.07621
14.75,-2.25,1.05374
15.25,-2.25,1.03126
15.75,-2.25,1.00878
16.25,-2.25,0.986306
16.75,-2.25,0.960954
17.25,-2.25,0.935603
17.75,-2.25,0.910251
18.25,-2.25,0.884899
18.75,-2.25,0.859547
19.25,-2.25,0.833669
19.75,-2.25,0.807792
20.25,-2.25,0.781914
20.75,-2.25,0.756037
21.25,-2.25,0.730159
21.75,-2.25,0.706045
22.25,-2.25,0.68193
22.75,-2.25,0.657816
23.25,-2.25,0.633702
23.75,-2.25,0.609587
24.25,-2.25,0.587658
24.75,-2.25,0.565728
25.25,-2.25,0.543799
25.75,-2.25,0.521869
26.25,-2.25,0.49994
26.75,-2.25,0.480311
27.25,-2.25,0.460683
27.75,-2.25,0.441054
28.25,-2.25,0.421426
28.75,-2.25,0.401797
29.25,-2.25,0.384138
29.75,-2.25,0.36648
30.25,-2.25,0.348821
30.75,-2.25,0.331162
31.25,-2.25,0.313504
31.75,-2.25,0.297606
32.25,-2.25,0.281709
32.75,-2.25,0.265811
33.25,-2.25,0.249914
33.75,-2.25,0.234016
34.25,-2.25,0.21968
34.75,-2.25,0.205344
35.25,-2.25,0.191008
35.75,-2.25,0.176672
36.25,-2.25,0.162335
36.75,-2.25,0.150203
37.25,-2.25,0.138071
37.75,-2.25,0.125938
38.25,-2.25,0.113806
38.75,-2.25,0.101674
39.25,-2.25,0.0924676
39.75,-2.25,0.0832614
40.25,-2.25,0.0740551
40.75,-2.25,0.0648489
41.25,-2.25,0.0556427
41.75,-2.25,0.0499143
42.25,-2.25,0.0441858
42.75,-2.25,0.0384574
43.25,-2.25,0.032729
43.75,-2.25,0.0270006
44.25,-2.25,0.0270006
44.75,-2.25,0.0270006
-44.75,-1.75,0.0167231
-44.25,-1.75,0.0167231
-43.75,-1.75,0.0167231
-43.25,-1.75,0.0197864
-42.75,-1.75,0.0228498
-42.25,-1.75,0.0259131
-41.75,-1.75,0.0289765
-41.25,-1.75,0.0320398
-40.75,-1.75,0.0395212
-40.25,-1.75,0.0470026
-39.75,-1.75,0.054484
-39.25,-1.75,0.0619653
-38.75,-1.75,0.0694467
-38.25,-1.75,0.080578
-37.75,-1.75,0.0917093
-37.25,-1.75,0.102841
-36.75,-1.75,0.113972
-36.25,-1.75,0.125103
-35.75,-1.75,0.137435
-35.25,-1.75,0.149767
-34.75,-1.75,0.162098
-34.25,-1.75,0.17443
-33.75,-1.75,0.186762
-33.25,-1.75,0.198936
-32.75,-1.75,0.21111
-32.25,-1.75,0.223284
-31.75,-1.75,0.235458
-31.25,-1.75,0.247632
-30.75,-1.75,0.259127
-30.25,-1.75,0.270623
-29.75,-1.75,0.282118
-29.25,-1.75,0.293613
-28.75,-1.75,0.305108
-28.25,-1.75,0.315704
-27.75,-1.75,0.3263
-27.25,-1.75,0.336896
-26.75,-1.75,0.347492
-26.25,-1.75,0.358088
-25.75,-1.75,0.367981
-25.25,-1.75,0.377875
-24.75,-1.75,0.387768
-24.25,-1.75,0.397662
-23.75,-1.75,0.407555
-23.25,-1.75,0.417014
-22.75,-1.75,0.426473
-22.25,-1.75,0.435932
-21.75,-1.75,0.445391
-21.25,-1.75,0.45485
-20.75,-1.75,0.463981
-20.25,-1.75,0.473113
-19.75,-1.75,0.482245
-19.25,-1.75,0.491376
-18.75,-1.75,0.500508
-18.25,-1.75,0.509837
-17.75,-1.75,0.519167
-17.25,-1.75,0.528496
-16.75,-1.75,0.537825
-16.25,-1.75,0.547155
-15.75,-1.75,0.556992
-15.25,-1.75,0.566829
-14.75,-1.75,0.576666
-14.25,-1.75,0.586503
-13.75,-1.75,0.59634
-13.25,-1.75,0.607142
-12.75,-1.75,0.617944
-12.25,-1.75,0.628747
-11.75,-1.75,0.639549
-11.25,-1.75,0.650351
-10.75,-1.75,0.66266
-10.25,-1.75,0.674969
-9.75,-1.75,0.687278
-9.25,-1.75,0.699587
-8.75,-1.75,0.711896
-8.25,-1.75,0.726362
-7.75,-1.75,0.740829
-7.25,-1.75,0.755296
-6.75,-1.75,0.769762
-6.25,-1.75,0.784229
-5.75,-1.75,0.800661
-5.25,-1.75,0.817094
-4.75,-1.75,0.833526
-4.25,-1.75,0.849959
-3.75,-1.75,0.866392
-3.25,-1.75,0.885001
-2.75,-1.75,0.90361
-2.25,-1.75,0.922219
-1.75,-1.75,0.940828
-1.25,-1.75,0.959437
-0.75,-1.75,0.978459
-0.25,-1.75,0.997481
0.25,-1.75,1.0165
0.75,-1.75,1.03552
1.25,-1.75,1.05455
1.75,-1.75,1.07143
2.25,-1.75,1.08832
2.75,-1.75,1.1052
3.25,-1.75,1.12209
3.75,-1.75,1.13897
4.25,-1.75,1.15058
4.75,-1.75,1.16219
5.25,-1.75,1.1738
5.75,-1.75,1.18541
6.25,-1.75,1.19702
6.75,-1.75,1.20026
7.25,-1.75,1.20351
7.75,-1.75,1.20676
8.25,-1.75,1.21
8.75,-1.75,1.21325
9.25,-1.75,1.20659
9.75,-1.75,1.19994
10.25,-1.75,1.19328
10.75,-1.75,1.18663
11.25,-1.75,1.17997
11.75,-1.75,1.16419
12.25,-1.75,1.14841
12.75,-1.75,1.13263
13.25,-1.75,1.11684
13.75,-1.75,1.10106
14.25,-1.75,1.07856
14.75,-1.75,1.05605
15.25,-1.75,1.03354
15.75,-1.75,1.01104
16.25,-1.75,0.988533
16.75,-1.75,0.96312
17.25,-1.75,0.937708
17.75,-1.75,0.912296
18.25,-1.75,0.886883
18.75,-1.75,0.861471
19.25,-1.75,0.835523
19.75,-1.75,0.809576
20.25,-1.75,0.783628
20.75,-1.75,0.75768
21.25,-1.75,0.731733
21.75,-1.75,0.707638
22.25,-1.75,0.683543
22.75,-1.75,0.659448
23.25,-1.75,0.635352
23.75,-1.75,0.611257
24.25,-1.75,0.589262
24.75,-1.75,0.567268
25.25,-1.75,0.545273
25.75,-1.75,0.523278
26.25,-1.75,0.501283
26.75,-1.75,0.481593
27.25,-1.75,0.461902
27.75,-1.75,0.442212
28.25,-1.75,0.422521
28.75,-1.75,0.402831
29.25,-1.75,0.385148
29.75,-1.75,0.367464
30.25,-1.75,0.349781
30.75,-1.75,0.332098
31.25,-1.75,0.314415
31.75,-1.75,0.298473
32.25,-1.75,0.282531
32.75,-1.75,0.266588
33.25,-1.75,0.250646
33.75,-1.75,0.234704
34.25,-1.75,0.220341
34.75,-1.75,0.205978
35.25,-1.75,0.191616
35.75,-1.75,0.177253
36.25,-1.75,0.16289
36.75,-1.75,0.150736
37.25,-1.75,0.138582
37.75,-1.75,0.126428
38.25,-1.75,0.114275
38.75,-1.75,0.102121
39.25,-1.75,0.0928794
39.75,-1.75,0.0836383
40.25,-1.75,0.0743972
40.75,-1.75,0.065156
41.25,-1.75,0.0559149
41.75,-1.75,0.0501603
42.25,-1.75,0.0444057
42.75,-1.75,0.0386511
43.25,-1.75,0.0328965
43.75,-1.75,0.0271419
44.25,-1.75,0.0271419
44.75,-1.75,0.0271419
-44.75,-1.25,0.0167622
-44.25,-1.25,0.0167622
-43.75,-1.25,0.0167622
-43.25,-1.25,0.0198444
-42.75,-1.25,0.0229265
-42.25,-1.25,0.0260087
-41.75,-1.25,0.0290908
-41.25,-1.25,0.032173
-40.75,-1.25,0.039692
-40.25,-1.25,0.047211
-39.75,-1.25,0.0547299
-39.25,-1.25,0.0622489
-38.75,-1.25,0.0697679
-38.25,-1.25,0.0809511
-37.75,-1.25,0.0921342
-37.25,-1.25,0.103317
-36.75,-1.25,0.114501
-36.25,-1.25,0.125684
-35.75,-1.25,0.138039
-35.25,-1.25,0.150395
-34.75,-1.25,0.16275
-34.25,-1.25,0.175106
-33.75,-1.25,0.187461
-33.25,-1.25,0.199627
-32.75,-1.25,0.211793
-32.25,-1.25,0.223959
-31.75,-1.25,0.236125
-31.25,-1.25,0.248291
-30.75,-1.25,0.259792
-30.25,-1.25,0.271294
-29.75,-1.25,0.282795
-29.25,-1.25,0.294296
-28.75,-1.25,0.305798
-28.25,-1.25,0.31638
-27.75,-1.25,0.326962
-27.25,-1.25,0.337544
-26.75,-1.25,0.348126
-26.25,-1.25,0.358708
-25.75,-1.25,0.368648
-25.25,-1.25,0.378589
-24.75,-1.25,0.38853
-24.25,-1.25,0.398471
-23.75,-1.25,0.408411
-23.25,-1.25,0.417884
-22.75,-1.25,0.427356
-22.25,-1.25,0.436829
-21.75,-1.25,0.446302
-21.25,-1.25,0.455774
-20.75,-1.25,0.464914
-20.25,-1.25,0.474054
-19.75,-1.25,0.483193
-19.25,-1.25,0.492333
-18.75,-1.25,0.501473
-18.25,-1.25,0.51082
-17.75,-1.25,0.520168
-17.25,-1.25,0.529516
-16.75,-1.25,0.538864
-16.25,-1.25,0.548211
-15.75,-1.25,0.55806
-15.25,-1.25,0.567909
-14.75,-1.25,0.577758
-14.25,-1.25,0.587607
-13.75,-1.25,0.597456
-13.25,-1.25,0.608312
-12.75,-1.25,0.619167
-12.25,-1.25,0.630023
-11.75,-1.25,0.640879
-11.25,-1.25,0.651735
-10.75,-1.25,0.664065
-10.25,-1.25,0.676395
-9.75,-1.25,0.688725
-9.25,-1.25,0.701055
-8.75,-1.25,0.713385
-8.25,-1.25,0.727869
-7.75,-1.25,0.742353
-7.25,-1.25,0.756837
-6.75,-1.25,0.771321
-6.25,-1.25,0.785806
-5.75,-1.25,0.802277
-5.25,-1.25,0.818747
-4.75,-1.25,0.835218
-4.25,-1.25,0.851689
-3.75,-1.25,0.86816
-3.25,-1.25,0.886808
-2.75,-1.25,0.905456
-2.25,-1.25,0.924104
-1.75,-1.25,0.942751
-1.25,-1.25,0.961399
-0.75,-1.25,0.980475
-0.25,-1.25,0.99955
0.25,-1.25,1.01863
0.75,-1.25,1.0377
1.25,-1.25,1.05678
1.75,-1.25,1.07371
2.25,-1.25,1.09064
2.75,-1.25,1.10757
3.25,-1.25,1.1245
3.75,-1.25,1.14142
4.25,-1.25,1.15308
4.75,-1.25,1.16473
5.25,-1.25,1.17638
5.75,-1.25,1.18803
6.25,-1.25,1.19969
6.75,-1.25,1.20294
7.25,-1.25,1.2062
7.75,-1.25,1.20945
8.25,-1.25,1.21271
8.75,-1.25,1.21596
9.25,-1.25,1.20926
9.75,-1.25,1.20255
10.25,-1.25,1.19585
10.75,-1.25,1.18914
11.25,-1.25,1.18244
11.75,-1.25,1.16663
12.25,-1.25,1.15083
12.75,-1.25,1.13503
13.25,-1.25,1.11923
13.75,-1.25,1.10343
14.25,-1.25,1.0809
14.75,-1.25,1.05836
15.25,-1.25,1.03583
15.75,-1.25,1.01329
16.25,-1.25,0.990759
16.75,-1.25,0.965286
17.25,-1.25,0.939813
17.75,-1.25,0.914341
18.25,-1.25,0.888868
18.75,-1.25,0.863395
19.25,-1.25,0.837378
19.75,-1.25,0.81136
20.25,-1.25,0.785342
20.75,-1.25,0.759324
21.25,-1.25,0.733306
21.75,-1.25,0.709231
22.25,-1.25,0.685155
22.75,-1.25,0.661079
23.25,-1.25,0.637003
23.75,-1.25,0.612927
24.25,-1.25,0.590867
24.75,-1.25,0.568807
25.25,-1.25,0.546747
25.75,-1.25,0.524687
26.25,-1.25,0.502626
26.75,-1.25,0.482874
27.25,-1.25,0.463122
27.75,-1.25,0.443369
28.25,-1.25,0.423617
28.75,-1.25,0.403864
29.25,-1.25,0.386157
29.75,-1.25,0.368449
30.25,-1.25,0.350742
30.75,-1.25,0.333034
31.25,-1.25,0.315326
31.75,-1.25,0.299339
32.25,-1.25,0.283352
32.75,-1.25,0.267365
33.25,-1.25,0.251378
33.75,-1.25,0.235391
34.25,-1.25,0.221002
34.75,-1.25,0.206613
35.25,-1.25,0.192224
35.75,-1.25,0.177834
36.25,-1.25,0.163445
36.75,-1.25,0.15127
37.25,-1.25,0.139094
37.75,-1.25,0.126918
38.25,-1.25,0.114743
38.75,-1.25,0.102567
39.25,-1.25,0.0932913
39.75,-1.25,0.0840152
40.25,-1.25,0.0747392
40.75,-1.25,0.0654631
41.25,-1.25,0.0561871
41.75,-1.25,0.0504063
42.25,-1.25,0.0446255
42.75,-1.25,0.0388448
43.25,-1.25,0.033064
43.75,-1.25,0.0272832
44.25,-1.25,0.0272832
44.75,-1.25,0.0272832
-44.75,-0.75,0.0166541
-44.25,-0.75,0.0166541
-43.75,-0.75,0.0166541
-43.25,-0.75,0.0197008
-42.75,-0.75,0.0227475
-42.25,-0.75,0.0257942
-41.75,-0.75,0.0288408
-41.25,-0.75,0.0318875
-40.75,-0.75,0.0393382
-40.25,-0.75,0.0467889
-39.75,-0.75,0.0542396
-39.25,-0.75,0.0616903
-38.75,-0.75,0.069141
-38.25,-0.75,0.0802489
-37.75,-0.75,0.0913568
-37.25,-0.75,0.102465
-36.75,-0.75,0.113573
-36.25,-0.75,0.12468
-35.75,-0.75,0.136994
-35.25,-0.75,0.149308
-34.75,-0.75,0.161622
-34.25,-0.75,0.173936
-33.75,-0.75,0.18625
-33.25,-0.75,0.19839
-32.75,-0.75,0.21053
-32.25,-0.75,0.22267
-31.75,-0.75,0.23481
-31.25,-0.75,0.24695
-30.75,-0.75,0.258408
-30.25,-0.75,0.269865
-29.75,-0.75,0.281323
-29.25,-0.75,0.29278
-28.75,-0.75,0.304238
-28.25,-0.75,0.314781
-27.75,-0.75,0.325324
-27.25,-0.75,0.335866
-26.75,-0.75,0.346409
-26.25,-0.75,0.356952
-25.75,-0.75,0.366857
-25.25,-0.75,0.376762
-24.75,-0.75,0.386668
-24.25,-0.75,0.396573
-23.75,-0.75,0.406478
-23.25,-0.75,0.415923
-22.75,-0.75,0.425368
-22.25,-0.75,0.434813
-21.75,-0.75,0.444258
-21.25,-0.75,0.453703
-20.75,-0.75,0.462819
-20.25,-0.75,0.471934
-19.75,-0.75,0.481049
-19.25,-0.75,0.490164
-18.75,-0.75,0.499279
-18.25,-0.75,0.508605
-17.75,-0.75,0.51793
-17.25,-0.75,0.527256
-16.75,-0.75,0.536581
-16.25,-0.75,0.545906
-15.75,-0.75,0.555706
-15.25,-0.75,0.565506
-14.75,-0.75,0.575305
-14.25,-0.75,0.585105
-13.75,-0.75,0.594905
-13.25,-0.75,0.605738
-12.75,-0.75,0.616572
-12.25,-0.75,0.627405
-11.75,-0.75,0.638238
-11.25,-0.75,0.649072
-10.75,-0.75,0.661382
-10.25,-0.75,0.673692
-9.75,-0.75,0.686002
-9.25,-0.75,0.698312
-8.75,-0.75,0.710622
-8.25,-0.75,0.72505
-7.75,-0.75,0.739478
-7.25,-0.75,0.753906
-6.75,-0.75,0.768334
-6.25,-0.75,0.782762
-5.75,-0.75,0.799213
-5.25,-0.75,0.815664
-4.75,-0.75,0.832116
-4.25,-0.75,0.848567
-3.75,-0.75,0.865018
-3.25,-0.75,0.883607
-2.75,-0.75,0.902196
-2.25,-0.75,0.920784
-1.75,-0.75,0.939373
-1.25,-0.75,0.957962
-0.75,-0.75,0.976958
-0.25,-0.75,0.995955
0.25,-0.75,1.01495
0.75,-0.75,1.03395
1.25,-0.75,1.05294
1.75,-0.75,1.06986
2.25,-0.75,1.08677
2.75,-0.75,1.10368
3.25,-0.75,1.12059
3.75,-0.75,1.13751
4.25,-0.75,1.14916
4.75,-0.75,1.16081
5.25,-0.75,1.17246
5.75,-0.75,1.18412
6.25,-0.75,1.19577
6.75,-0.75,1.19902
7.25,-0.75,1.20226
7.75,-0.75,1.20551
8.25,-0.75,1.20876
8.75,-0.75,1.21201
9.25,-0.75,1.2054
9.75,-0.75,1.19879
10.25,-0.75,1.19218
10.75,-0.75,1.18557
11.25,-0.75,1.17896
11.75,-0.75,1.16319
12.25,-0.75,1.14743
12.75,-0.75,1.13167
13.25,-0.75,1.11591
13.75,-0.75,1.10015
14.25,-0.75,1.07768
14.75,-0.75,1.0552
15.25,-0.75,1.03273
15.75,-0.75,1.01026
16.25,-0.75,0.987788
16.75,-0.75,0.962402
17.25,-0.75,0.937016
17.75,-0.75,0.91163
18.25,-0.75,0.886244
18.75,-0.75,0.860857
19.25,-0.75,0.83494
19.75,-0.75,0.809024
20.25,-0.75,0.783107
20.75,-0.75,0.75719
21.25,-0.75,0.731273
21.75,-0.75,0.707234
22.25,-0.75,0.683195
22.75,-0.75,0.659156
23.25,-0.75,0.635117
23.75,-0.75,0.611078
24.25,-0.75,0.589093
24.75,-0.75,0.567109
25.25,-0.75,0.545124
25.75,-0.75,0.52314
26.25,-0.75,0.501155
26.75,-0.75,0.481439
27.25,-0.75,0.461722
27.75,-0.75,0.442006
28.25,-0.75,0.422289
28.75,-0.75,0.402573
29.25,-0.75,0.384908
29.75,-0.75,0.367243
30.25,-0.75,0.349579
30.75,-0.75,0.331914
31.25,-0.75,0.31425
31.75,-0.75,0.298323
32.25,-0.75,0.282397
32.75,-0.75,0.266471
33.25,-0.75,0.250544
33.75,-0.75,0.234618
34.25,-0.75,0.220257
34.75,-0.75,0.205896
35.25,-0.75,0.191534
35.75,-0.75,0.177173
36.25,-0.75,0.162812
36.75,-0.75,0.15067
37.25,-0.75,0.138527
37.75,-0.75,0.126384
38.25,-0.75,0.114242
38.75,-0.75,0.102099
39.25,-0.75,0.0928821
39.75,-0.75,0.0836648
40.25,-0.75,0.0744476
40.75,-0.75,0.0652303
41.25,-0.75,0.056013
41.75,-0.75,0.0502471
42.25,-0.75,0.0444813
42.75,-0.75,0.0387154
43.25,-0.75,0.0329495
43.75,-0.75,0.0271836
44.25,-0.75,0.0271836
44.75,-0.75,0.0271836
-44.75,-0.25,0.0165461
-44.25,-0.25,0.0165461
-43.75,-0.25,0.0165461
-43.25,-0.25,0.0195573
-42.75,-0.25,0.0225685
-42.25,-0.25,0.0255797
-41.75,-0.25,0.0285909
-41.25,-0.25,0.0316021
-40.75,-0.25,0.0389845
-40.25,-0.25,0.0463668
-39.75,-0.25,0.0537492
-39.25,-0.25,0.0611316
-38.75,-0.25,0.068514
-38.25,-0.25,0.0795467
-37.75,-0.25,0.0905793
-37.25,-0.25,0.101612
-36.75,-0.25,0.112645
-36.25,-0.25,0.123677
-35.75,-0.25,0.135949
-35.25,-0.25,0.148222
-34.75,-0.25,0.160494
-34.25,-0.25,0.172766
-33.75,-0.25,0.185038
-33.25,-0.25,0.197153
-32.75,-0.25,0.209267
-32.25,-0.25,0.221381
-31.75,-0.25,0.233496
-31.25,-0.25,0.24561
-30.75,-0.25,0.257024
-30.25,-0.25,0.268437
-29.75,-0.25,0.279851
-29.25,-0.25,0.291264
-28.75,-0.25,0.302678
-28.25,-0.25,0.313181
-27.75,-0.25,0.323685
-27.25,-0.25,0.334189
-26.75,-0.25,0.344693
-26.25,-0.25,0.355197
-25.75,-0.25,0.365066
-25.25,-0.25,0.374936
-24.75,-0.25,0.384805
-24.25,-0.25,0.394675
-23.75,-0.25,0.404544
-23.25,-0.25,0.413962
-22.75,-0.25,0.42338
-22.25,-0.25,0.432797
-21.75,-0.25,0.442215
-21.25,-0.25,0.451633
-20.75,-0.25,0.460723
-20.25,-0.25,0.469814
-19.75,-0.25,0.478904
-19.25,-0.25,0.487995
-18.75,-0.25,0.497086
-18.25,-0.25,0.506389
-17.75,-0.25,0.515692
-17.25,-0.25,0.524995
-16.75,-0.25,0.534298
-16.25,-0.25,0.543602
-15.75,-0.25,0.553352
-15.25,-0.25,0.563103
-14.75,-0.25,0.572853
-14.25,-0.25,0.582603
-13.75,-0.25,0.592354
-13.25,-0.25,0.603165
-12.75,-0.25,0.613976
-12.25,-0.25,0.624786
-11.75,-0.25,0.635597
-11.25,-0.25,0.646408
-10.75,-0.25,0.658698
-10.25,-0.25,0.670989
-9.75,-0.25,0.683279
-9.25,-0.25,0.695569
-8.75,-0.25,0.707859
-8.25,-0.25,0.722231
-7.75,-0.25,0.736603
-7.25,-0.25,0.750975
-6.75,-0.25,0.765347
-6.25,-0.25,0.779718
-5.75,-0.25,0.79615
-5.25,-0.25,0.812581
-4.75,-0.25,0.829013
-4.25,-0.25,0.845444
-3.75,-0.25,0.861876
-3.25,-0.25,0.880406
-2.75,-0.25,0.898936
-2.25,-0.25,0.917465
-1.75,-0.25,0.935995
-1.25,-0.25,0.954525
-0.75,-0.25,0.973442
-0.25,-0.25,0.992359
0.25,-0.25,1.01128
0.75,-0.25,1.03019
1.25,-0.25,1.04911
1.75,-0.25,1.06601
2.25,-0.25,1.0829
2.75,-0.25,1.0998
3.25,-0.25,1.11669
3.75,-0.25,1.13359
4.25,-0.25,1.14524
4.75,-0.25,1.15689
5.25,-0.25,1.16855
5.75,-0.25,1.1802
6.25,-0.25,1.19185
6.75,-0.25,1.19509
7.25,-0.25,1.19833
7.75,-0.25,1.20157
8.25,-0.25,1.20481
8.75,-0.25,1.20805
9.25,-0.25,1.20154
9.75,-0.25,1.19502
10.25,-0.25,1.18851
10.75,-0.25,1.18199
11.25,-0.25,1.17548
11.75,-0.25,1.15975
12.25,-0.25,1.14403
12.75,-0.25,1.12831
13.25,-0.25,1.11259
13.75,-0.25,1.09686
14.25,-0.25,1.07446
14.75,-0.25,1.05205
15.25,-0.25,1.02964
15.75,-0.25,1.00723
16.25,-0.25,0.984818
16.75,-0.25,0.959518
17.25,-0.25,0.934219
17.75,-0.25,0.908919
18.25,-0.25,0.883619
18.75,-0.25,0.858319
19.25,-0.25,0.832503
19.75,-0.25,0.806687
20.25,-0.25,0.780872
20.75,-0.25,0.755056
21.25,-0.25,0.72924
21.75,-0.25,0.705237
22.25,-0.25,0.681235
22.75,-0.25,0.657233
23.25,-0.25,0.63323
23.75,-0.25,0.609228
24.25,-0.25,0.587319
24.75,-0.25,0.56541
25.25,-0.25,0.543501
25.75,-0.25,0.521592
26.25,-0.25,0.499684
26.75,-0.25,0.480003
27.25,-0.25,0.460323
27.75,-0.25,0.440642
28.25,-0.25,0.420961
28.75,-0.25,0.401281
29.25,-0.25,0.383659
29.75,-0.25,0.366038
30.25,-0.25,0.348416
30.75,-0.25,0.330794
31.25,-0.25,0.313173
31.75,-0.25,0.297307
32.25,-0.25,0.281441
32.75,-0.25,0.265576
33.25,-0.25,0.24971
33.75,-0.25,0.233844
34.25,-0.25,0.219511
34.75,-0.25,0.205178
35.25,-0.25,0.190845
35.75,-0.25,0.176512
36.25,-0.25,0.162179
36.75,-0.25,0.150069
37.25,-0.25,0.13796
37.75,-0.25,0.12585
38.25,-0.25,0.113741
38.75,-0.25,0.101631
39.25,-0.25,0.0924729
39.75,-0.25,0.0833144
40.25,-0.25,0.0741559
40.75,-0.25,0.0649974
41.25,-0.25,0.0558389
41.75,-0.25,0.050088
42.25,-0.25,0.044337
42.75,-0.25,0.038586
43.25,-0.25,0.0328351
43.75,-0.25,0.0270841
44.25,-0.25,0.0270841
44.75,-0.25,0.0270841
-44.75,0.25,0.016438
-44.25,0.25,0.016438
-43.75,0.25,0.016438
-43.25,0.25,0.0194137
-42.75,0.25,0.0223894
-42.25,0.25,0.0253652
-41.75,0.25,0.0283409
-41.25,0.25,0.0313166
-40.75,0.25,0.0386307
-40.25,0.25,0.0459448
-39.75,0.25,0.0532589
-39.25,0.25,0.060573
-38.75,0.25,0.0678871
-38.25,0.25,0.0788445
-37.75,0.25,0.0898019
-37.25,0.25,0.100759
-36.75,0.25,0.111717
-36.25,0.25,0.122674
-35.75,0.25,0.134905
-35.25,0.25,0.147135
-34.75,0.25,0.159366
-34.25,0.25,0.171596
-33.75,0.25,0.183827
-33.25,0.25,0.195915
-32.75,0.25,0.208004
-32.25,0.25,0.220093
-31.75,0.25,0.232181
-31.25,0.25,0.24427
-30.75,0.25,0.255639
-30.25,0.25,0.267009
-29.75,0.25,0.278378
-29.25,0.25,0.289748
-28.75,0.25,0.301117
-28.25,0.25,0.311582
-27.75,0.25,0.322047
-27.25,0.25,0.332512
-26.75,0.25,0.342977
-26.25,0.25,0.353442
-25.75,0.25,0.363275
-25.25,0.25,0.373109
-24.75,0.25,0.382943
-24.25,0.25,0.392777
-23.75,0.25,0.402611
-23.25,0.25,0.412001
-22.75,0.25,0.421391
-22.25,0.25,0.430781
-21.75,0.25,0.440171
-21.25,0.25,0.449562
-20.75,0.25,0.458628
-20.25,0.25,0.467694
-19.75,0.25,0.47676
-19.25,0.25,0.485826
-18.75,0.25,0.494892
-18.25,0.25,0.504173
-17.75,0.25,0.513454
-17.25,0.25,0.522735
-16.75,0.25,0.532016
-16.25,0.25,0.541297
-15.75,0.25,0.550998
-15.25,0.25,0.560699
-14.75,0.25,0.5704
-14.25,0.25,0.580102
-13.75,0.25,0.589803
-13.25,0.25,0.600591
-12.75,0.25,0.61138
-12.25,0.25,0.622168
-11.75,0.25,0.632956
-11.25,0.25,0.643745
-10.75,0.25,0.656015
-10.25,0.25,0.668285
-9.75,0.25,0.680555
-9.25,0.25,0.692826
-8.75,0.25,0.705096
-8.25,0.25,0.719412
-7.75,0.25,0.733727
-7.25,0.25,0.748043
-6.75,0.25,0.762359
-6.25,0.25,0.776675
-5.75,0.25,0.793087
-5.25,0.25,0.809498
-4.75,0.25,0.82591
-4.25,0.25,0.842322
-3.75,0.25,0.858734
-3.25,0.25,0.877205
-2.75,0.25,0.895675
-2.25,0.25,0.914146
-1.75,0.25,0.932617
-1.25,0.25,0.951088
-0.75,0.25,0.969926
-0.25,0.25,0.988763
0.25,0.25,1.0076
0.75,0.25,1.02644
1.25,0.25,1.04528
1.75,0.25,1.06215
2.25,0.25,1.07903
2.75,0.25,1.09591
3.25,0.25,1.11279
3.75,0.25,1.12967
4.25,0.25,1.14132
4.75,0.25,1.15297
5.25,0.25,1.16463
5.75,0.25,1.17628
6.25,0.25,1.18793
6.75,0.25,1.19117
7.25,0.25,1.1944
7.75,0.25,1.19763
8.25,0.25,1.20087
8.75,0.25,1.2041
9.25,0.25,1.19768
9.75,0.25,1.19126
10.25,0.25,1.18484
10.75,0.25,1.17842
11.25,0.25,1.172
11.75,0.25,1.15632
12.25,0.25,1.14063
12.75,0.25,1.12495
13.25,0.25,1.10926
13.75,0.25,1.09358
14.25,0.25,1.07123
14.75,0.25,1.04889
15.25,0.25,1.02654
15.75,0.25,1.00419
16.25,0.25,0.981848
16.75,0.25,0.956634
17.25,0.25,0.931421
17.75,0.25,0.906208
18.25,0.25,0.880995
18.75,0.25,0.855781
19.25,0.25,0.830066
19.75,0.25,0.804351
20.25,0.25,0.778636
20.75,0.25,0.752921
21.25,0.25,0.727206
21.75,0.25,0.703241
22.25,0.25,0.679275
22.75,0.25,0.655309
23.25,0.25,0.631344
23.75,0.25,0.607378
24.25,0.25,0.585545
24.75,0.25,0.563712
25.25,0.25,0.541879
25.75,0.25,0.520045
26.25,0.25,0.498212
26.75,0.25,0.478568
27.25,0.25,0.458923
27.75,0.25,0.439278
28.25,0.25,0.419634
28.75,0.25,0.399989
29.25,0.25,0.38241
29.75,0.25,0.364832
30.25,0.25,0.347253
30.75,0.25,0.329675
31.25,0.25,0.312096
31.75,0.25,0.296291
32.25,0.25,0.280486
32.75,0.25,0.264681
33.25,0.25,0.248876
33.75,0.25,0.233071
34.25,0.25,0.218766
34.75,0.25,0.204461
35.25,0.25,0.190156
35.75,0.25,0.175851
36.25,0.25,0.161546
36.75,0.25,0.149469
37.25,0.25,0.137393
37.75,0.25,0.125316
38.25,0.25,0.11324
38.75,0.25,0.101163
39.25,0.25,0.0920637
39.75,0.25,0.082964
40.25,0.25,0.0738643
40.75,0.25,0.0647646
41.25,0.25,0.0556648
41.75,0.25,0.0499288
42.25,0.25,0.0441927
42.75,0.25,0.0384567
43.25,0.25,0.0327206
43.75,0.25,0.0269845
44.25,0.25,0.0269845
44.75,0.25,0.0269845
-44.75,0.75,0.0163299
-44.25,0.75,0.0163299
-43.75,0.75,0.0163299
-43.25,0.75,0.0192702
-42.75,0.75,0.0222104
-42.25,0.75,0.0251507
-41.75,0.75,0.0280909
-41.25,0.75,0.0310312
-40.75,0.75,0.038277
-40.25,0.75,0.0455227
-39.75,0.75,0.0527685
-39.25,0.75,0.0600143
-38.75,0.75,0.0672601
-38.25,0.75,0.0781423
-37.75,0.75,0.0890244
-37.25,0.75,0.0999066
-36.75,0.75,0.110789
-36.25,0.75,0.121671
-35.75,0.75,0.13386
-35.25,0.75,0.146049
-34.75,0.75,0.158238
-34.25,0.75,0.170426
-33.75,0.75,0.182615
-33.25,0.75,0.194678
-32.75,0.75,0.206741
-32.25,0.75,0.218804
-31.75,0.75,0.230867
-31.25,0.75,0.24293
-30.75,0.75,0.254255
-30.25,0.75,0.265581
-29.75,0.75,0.276906
-29.25,0.75,0.288232
-28.75,0.75,0.299557
-28.25,0.75,0.309983
-27.75,0.75,0.320409
-27.25,0.75,0.330835
-26.75,0.75,0.341261
-26.25,0.75,0.351686
-25.75,0.75,0.361485
-25.25,0.75,0.371283
-24.75,0.75,0.381081
-24.25,0.75,0.390879
-23.75,0.75,0.400677
-23.25,0.75,0.41004
-22.75,0.75,0.419403
-22.25,0.75,0.428765
-21.75,0.75,0.438128
-21.25,0.75,0.447491
-20.75,0.75,0.456532
-20.25,0.75,0.465574
-19.75,0.75,0.474615
-19.25,0.75,0.483657
-18.75,0.75,0.492699
-18.25,0.75,0.501957
-17.75,0.75,0.511216
-17.25,0.75,0.520475
-16.75,0.75,0.529733
-16.25,0.75,0.538992
-15.75,0.75,0.548644
-15.25,0.75,0.558296
-14.75,0.75,0.567948
-14.25,0.75,0.5776
-13.75,0.75,0.587252
-13.25,0.75,0.598018
-12.75,0.75,0.608784
-12.25,0.75,0.61955
-11.75,0.75,0.630316
-11.25,0.75,0.641082
-10.75,0.75,0.653332
-10.25,0.75,0.665582
-9.75,0.75,0.677832
-9.25,0.75,0.690083
-8.75,0.75,0.702333
-8.25,0.75,0.716592
-7.75,0.75,0.730852
-7.25,0.75,0.745112
-6.75,0.75,0.759372
-6.25,0.75,0.773631
-5.75,0.75,0.790023
-5.25,0.75,0.806415
-4.75,0.75,0.822807
-4.25,0.75,0.839199
-3.75,0.75,0.855592
-3.25,0.75,0.874003
-2.75,0.75,0.892415
-2.25,0.75,0.910827
-1.75,0.75,0.929239
-1.25,0.75,0.947651
-0.75,0.75,0.966409
-0.25,0.75,0.985168
0.25,0.75,1.00393
0.75,0.75,1.02268
1.25,0.75,1.04144
1.75,0.75,1.0583
2.25,0.75,1.07517
2.75,0.75,1.09203
3.25,0.75,1.10889
3.75,0.75,1.12575
4.25,0.75,1.1374
4.75,0.75,1.14906
5.25,0.75,1.16071
5.75,0.75,1.17236
6.25,0.75,1.18402
6.75,0.75,1.18724
7.25,0.75,1.19047
7.75,0.75,1.19369
8.25,0.75,1.19692
8.75,0.75,1.20014
9.25,0.75,1.19382
9.75,0.75,1.18749
10.25,0.75,1.18117
10.75,0.75,1.17484
11.25,0.75,1.16852
11.75,0.75,1.15288
12.25,0.75,1.13723
12.75,0.75,1.12159
13.25,0.75,1.10594
13.75,0.75,1.0903
14.25,0.75,1.06801
14.75,0.75,1.04573
15.25,0.75,1.02345
15.75,0.75,1.00116
16.25,0.75,0.978877
16.75,0.75,0.95375
17.25,0.75,0.928624
17.75,0.75,0.903497
18.25,0.75,0.87837
18.75,0.75,0.853243
19.25,0.75,0.827629
19.75,0.75,0.802015
20.25,0.75,0.776401
20.75,0.75,0.750787
21.25,0.75,0.725173
21.75,0.75,0.701244
22.25,0.75,0.677315
22.75,0.75,0.653386
23.25,0.75,0.629457
23.75,0.75,0.605528
24.25,0.75,0.583771
24.75,0.75,0.562013
25.25,0.75,0.540256
25.75,0.75,0.518498
26.25,0.75,0.496741
26.75,0.75,0.477132
27.25,0.75,0.457523
27.75,0.75,0.437915
28.25,0.75,0.418306
28.75,0.75,0.398697
29.25,0.75,0.381162
29.75,0.75,0.363626
30.25,0.75,0.34609
30.75,0.75,0.328555
31.25,0.75,0.311019
31.75,0.75,0.295275
32.25,0.75,0.27953
32.75,0.75,0.263786
33.25,0.75,0.248042
33.75,0.75,0.232298
34.25,0.75,0.218021
34.75,0.75,0.203744
35.25,0.75,0.189467
35.75,0.75,0.17519
36.25,0.75,0.160913
36.75,0.75,0.148869
37.25,0.75,0.136826
37.75,0.75,0.124782
38.25,0.75,0.112739
38.75,0.75,0.100696
39.25,0.75,0.0916546
39.75,0.75,0.0826136
40.25,0.75,0.0735727
40.75,0.75,0.0645317
41.25,0.75,0.0554908
41.75,0.75,0.0497696
42.25,0.75,0.0440485
42.75,0.75,0.0383273
43.25,0.75,0.0326061
43.75,0.75,0.026885
44.25,0.75,0.026885
44.75,0.75,0.026885
-44.75,1.25,0.0162218
-44.25,1.25,0.0162218
-43.75,1.25,0.0162218
-43.25,1.25,0.0191266
-42.75,1.25,0.0220314
-42.25,1.25,0.0249362
-41.75,1.25,0.0278409
-41.25,1.25,0.0307457
-40.75,1.25,0.0379232
-40.25,1.25,0.0451007
-39.75,1.25,0.0522782
-39.25,1.25,0.0594557
-38.75,1.25,0.0666331
-38.25,1.25,0.0774401
-37.75,1.25,0.088247
-37.25,1.25,0.0990539
-36.75,1.25,0.109861
-36.25,1.25,0.120668
-35.75,1.25,0.132815
-35.25,1.25,0.144962
-34.75,1.25,0.157109
-34.25,1.25,0.169257
-33.75,1.25,0.181404
-33.25,1.25,0.193441
-32.75,1.25,0.205478
-32.25,1.25,0.217515
-31.75,1.25,0.229552
-31.25,1.25,0.241589
-30.75,1.25,0.252871
-30.25,1.25,0.264153
-29.75,1.25,0.275434
-29.25,1.25,0.286716
-28.75,1.25,0.297997
-28.25,1.25,0.308384
-27.75,1.25,0.318771
-27.25,1.25,0.329158
-26.75,1.25,0.339544
-26.25,1.25,0.349931
-25.75,1.25,0.359694
-25.25,1.25,0.369456
-24.75,1.25,0.379219
-24.25,1.25,0.388981
-23.75,1.25,0.398744
-23.25,1.25,0.408079
-22.75,1.25,0.417414
-22.25,1.25,0.426749
-21.75,1.25,0.436085
-21.25,1.25,0.44542
-20.75,1.25,0.454437
-20.25,1.25,0.463454
-19.75,1.25,0.472471
-19.25,1.25,0.481488
-18.75,1.25,0.490505
-18.25,1.25,0.499742
-17.75,1.25,0.508978
-17.25,1.25,0.518214
-16.75,1.25,0.527451
-16.25,1.25,0.536687
-15.75,1.25,0.54629
-15.25,1.25,0.555893
-14.75,1.25,0.565496
-14.25,1.25,0.575098
-13.75,1.25,0.584701
-13.25,1.25,0.595445
-12.75,1.25,0.606188
-12.25,1.25,0.616931
-11.75,1.25,0.627675
-11.25,1.25,0.638418
-10.75,1.25,0.650648
-10.25,1.25,0.662879
-9.75,1.25,0.675109
-9.25,1.25,0.687339
-8.75,1.25,0.69957
-8.25,1.25,0.713773
-7.75,1.25,0.727977
-7.25,1.25,0.74218
-6.75,1.25,0.756384
-6.25,1.25,0.770588
-5.75,1.25,0.78696
-5.25,1.25,0.803332
-4.75,1.25,0.819705
-4.25,1.25,0.836077
-3.75,1.25,0.852449
-3.25,1.25,0.870802
-2.75,1.25,0.889155
-2.25,1.25,0.907508
-1.75,1.25,0.925861
-1.25,1.25,0.944214
-0.75,1.25,0.962893
-0.25,1.25,0.981572
0.25,1.25,1.00025
0.75,1.25,1.01893
1.25,1.25,1.03761
1.75,1.25,1.05445
2.25,1.25,1.0713
2.75,1.25,1.08814
3.25,1.25,1.10499
3.75,1.25,1.12183
4.25,1.25,1.13348
4.75,1.25,1.14514
5.25,1.25,1.15679
5.75,1.25,1.16845
6.25,1.25,1.1801
6.75,1.25,1.18332
7.25,1.25,1.18654
7.75,1.25,1.18975
8.25,1.25,1.19297
8.75,1.25,1.19619
9.25,1.25,1.18996
9.75,1.25,1.18373
10.25,1.25,1.1775
10.75,1.25,1.17127
11.25,1.25,1.16504
11.75,1.25,1.14944
12.25,1.25,1.13383
12.75,1.25,1.11823
13.25,1.25,1.10262
13.75,1.25,1.08701
14.25,1.25,1.06479
14.75,1.25,1.04257
15.25,1.25,1.02035
15.75,1.25,0.998128
16.25,1.25,0.975907
16.75,1.25,0.950866
17.25,1.25,0.925826
17.75,1.25,0.900786
18.25,1.25,0.875746
18.75,1.25,0.850705
19.25,1.25,0.825192
19.75,1.25,0.799679
20.25,1.25,0.774166
20.75,1.25,0.748653
21.25,1.25,0.72314
21.75,1.25,0.699247
22.25,1.25,0.675355
22.75,1.25,0.651463
23.25,1.25,0.627571
23.75,1.25,0.603678
24.25,1.25,0.581996
24.75,1.25,0.560315
25.25,1.25,0.538633
25.75,1.25,0.516951
26.25,1.25,0.495269
26.75,1.25,0.475697
27.25,1.25,0.456124
27.75,1.25,0.436551
28.25,1.25,0.416978
28.75,1.25,0.397406
29.25,1.25,0.379913
29.75,1.25,0.36242
30.25,1.25,0.344928
30.75,1.25,0.327435
31.25,1.25,0.309942
31.75,1.25,0.294259
32.25,1.25,0.278575
32.75,1.25,0.262891
33.25,1.25,0.247208
33.75,1.25,0.231524
34.25,1.25,0.217275
34.75,1.25,0.203026
35.25,1.25,0.188777
35.75,1.25,0.174528
36.25,1.25,0.160279
36.75,1.25,0.148269
37.25,1.25,0.136259
37.75,1.25,0.124248
38.25,1.25,0.112238
38.75,1.25,0.100228
39.25,1.25,0.0912454
39.75,1.25,0.0822632
40.25,1.25,0.073281
40.75,1.25,0.0642989
41.25,1.25,0.0553167
41.75,1.25,0.0496104
42.25,1.25,0.0439042
42.75,1.25,0.0381979
43.25,1.25,0.0324917
43.75,1.25,0.0267854
44.25,1.25,0.0267854
44.75,1.25,0.0267854
-44.75,1.75,0.0159598
-44.25,1.75,0.0159598
-43.75,1.75,0.0159598
-43.25,1.75,0.0187885
-42.75,1.75,0.0216173
-42.25,1.75,0.024446
-41.75,1.75,0.0272747
-41.25,1.75,0.0301035
-40.75,1.75,0.0371287
-40.25,1.75,0.044154
-39.75,1.75,0.0511792
-39.25,1.75,0.0582045
-38.75,1.75,0.0652297
-38.25,1.75,0.0758852
-37.75,1.75,0.0865408
-37.25,1.75,0.0971963
-36.75,1.75,0.107852
-36.25,1.75,0.118507
-35.75,1.75,0.130541
-35.25,1.75,0.142574
-34.75,1.75,0.154607
-34.25,1.75,0.16664
-33.75,1.75,0.178673
-33.25,1.75,0.190612
-32.75,1.75,0.202551
-32.25,1.75,0.21449
-31.75,1.75,0.226429
-31.25,1.75,0.238368
-30.75,1.75,0.249556
-30.25,1.75,0.260744
-29.75,1.75,0.271932
-29.25,1.75,0.28312
-28.75,1.75,0.294308
-28.25,1.75,0.304618
-27.75,1.75,0.314928
-27.25,1.75,0.325238
-26.75,1.75,0.335547
-26.25,1.75,0.345857
-25.75,1.75,0.355536
-25.25,1.75,0.365215
-24.75,1.75,0.374893
-24.25,1.75,0.384572
-23.75,1.75,0.394251
-23.25,1.75,0.403498
-22.75,1.75,0.412745
-22.25,1.75,0.421993
-21.75,1.75,0.43124
-21.25,1.75,0.440488
-20.75,1.75,0.449445
-20.25,1.75,0.458402
-19.75,1.75,0.46736
-19.25,1.75,0.476317
-18.75,1.75,0.485274
-18.25,1.75,0.494441
-17.75,1.75,0.503607
-17.25,1.75,0.512773
-16.75,1.75,0.521939
-16.25,1.75,0.531105
-15.75,1.75,0.540647
-15.25,1.75,0.550189
-14.75,1.75,0.559731
-14.25,1.75,0.569272
-13.75,1.75,0.578814
-13.25,1.75,0.589459
-12.75,1.75,0.600103
-12.25,1.75,0.610748
-11.75,1.75,0.621392
-11.25,1.75,0.632037
-10.75,1.75,0.644177
-10.25,1.75,0.656317
-9.75,1.75,0.668456
-9.25,1.75,0.680596
-8.75,1.75,0.692736
-8.25,1.75,0.706816
-7.75,1.75,0.720896
-7.25,1.75,0.734976
-6.75,1.75,0.749056
-6.25,1.75,0.763136
-5.75,1.75,0.779379
-5.25,1.75,0.795622
-4.75,1.75,0.811865
-4.25,1.75,0.828108
-3.75,1.75,0.844352
-3.25,1.75,0.862544
-2.75,1.75,0.880737
-2.25,1.75,0.89893
-1.75,1.75,0.917123
-1.25,1.75,0.935315
-0.75,1.75,0.953892
-0.25,1.75,0.972469
0.25,1.75,0.991046
0.75,1.75,1.00962
1.25,1.75,1.0282
1.75,1.75,1.04496
2.25,1.75,1.06173
2.75,1.75,1.07849
3.25,1.75,1.09525
3.75,1.75,1.11202
4.25,1.75,1.12362
4.75,1.75,1.13522
5.25,1.75,1.14682
5.75,1.75,1.15843
6.25,1.75,1.17003
6.75,1.75,1.1733
7.25,1.75,1.17657
7.75,1.75,1.17985
8.25,1.75,1.18312
8.75,1.75,1.18639
9.25,1.75,1.18022
9.75,1.75,1.17405
10.25,1.75,1.16788
10.75,1.75,1.1617
11.25,1.75,1.15553
11.75,1.75,1.14005
12.25,1.75,1.12456
12.75,1.75,1.10907
13.25,1.75,1.09358
13.75,1.75,1.0781
14.25,1.75,1.05614
14.75,1.75,1.03419
15.25,1.75,1.01224
15.75,1.75,0.990286
16.25,1.75,0.968332
16.75,1.75,0.943417
17.25,1.75,0.918501
17.75,1.75,0.893585
18.25,1.75,0.868669
18.75,1.75,0.843753
19.25,1.75,0.818454
19.75,1.75,0.793154
20.25,1.75,0.767854
20.75,1.75,0.742555
21.25,1.75,0.717255
21.75,1.75,0.693503
22.25,1.75,0.66975
22.75,1.75,0.645998
23.25,1.75,0.622246
23.75,1.75,0.598493
24.25,1.75,0.576955
24.75,1.75,0.555416
25.25,1.75,0.533878
25.75,1.75,0.512339
26.25,1.75,0.4908
26.75,1.75,0.47141
27.25,1.75,0.452019
27.75,1.75,0.432629
28.25,1.75,0.413238
28.75,1.75,0.393847
29.25,1.75,0.376501
29.75,1.75,0.359155
30.25,1.75,0.341808
30.75,1.75,0.324462
31.25,1.75,0.307115
31.75,1.75,0.291543
32.25,1.75,0.275971
32.75,1.75,0.260399
33.25,1.75,0.244827
33.75,1.75,0.229255
34.25,1.75,0.215119
34.75,1.75,0.200983
35.25,1.75,0.186847
35.75,1.75,0.172711
36.25,1.75,0.158575
36.75,1.75,0.146663
37.25,1.75,0.134751
37.75,1.75,0.12284
38.25,1.75,0.110928
38.75,1.75,0.0990165
39.25,1.75,0.0901218
39.75,1.75,0.081227
40.25,1.75,0.0723323
40.75,1.75,0.0634376
41.25,1.75,0.0545428
41.75,1.75,0.0489199
42.25,1.75,0.043297
42.75,1.75,0.0376742
43.25,1.75,0.0320513
43.75,1.75,0.0264284
44.25,1.75,0.0264284
44.75,1.75,0.0264284
-44.75,2.25,0.0156977
-44.25,2.25,0.0156977
-43.75,2.25,0.0156977
-43.25,2.25,0.0184504
-42.75,2.25,0.0212031
-42.25,2.25,0.0239558
-41.75,2.25,0.0267086
-41.25,2.25,0.0294613
-40.75,2.25,0.0363343
-40.25,2.25,0.0432073
-39.75,2.25,0.0500803
-39.25,2.25,0.0569533
-38.75,2.25,0.0638263
-38.25,2.25,0.0743304
-37.75,2.25,0.0848346
-37.25,2.25,0.0953387
-36.75,2.25,0.105843
-36.25,2.25,0.116347
-35.75,2.25,0.128266
-35.25,2.25,0.140185
-34.75,2.25,0.152104
-34.25,2.25,0.164024
-33.75,2.25,0.175943
-33.25,2.25,0.187783
-32.75,2.25,0.199624
-32.25,2.25,0.211464
-31.75,2.25,0.223305
-31.25,2.25,0.235146
-30.75,2.25,0.24624
-30.25,2.25,0.257335
-29.75,2.25,0.26843
-29.25,2.25,0.279525
-28.75,2.25,0.290619
-28.25,2.25,0.300852
-27.75,2.25,0.311085
-27.25,2.25,0.321318
-26.75,2.25,0.331551
-26.25,2.25,0.341783
-25.75,2.25,0.351378
-25.25,2.25,0.360973
-24.75,2.25,0.370568
-24.25,2.25,0.380163
-23.75,2.25,0.389758
-23.25,2.25,0.398917
-22.75,2.25,0.408077
-22.25,2.25,0.417236
-21.75,2.25,0.426396
-21.25,2.25,0.435555
-20.75,2.25,0.444453
-20.25,2.25,0.453351
-19.75,2.25,0.462248
-19.25,2.25,0.471146
-18.75,2.25,0.480044
-18.25,2.25,0.48914
-17.75,2.25,0.498236
-17.25,2.25,0.507332
-16.75,2.25,0.516428
-16.25,2.25,0.525524
-15.75,2.25,0.535004
-15.25,2.25,0.544485
-14.75,2.25,0.553966
-14.25,2.25,0.563446
-13.75,2.25,0.572927
-13.25,2.25,0.583473
-12.75,2.25,0.594018
-12.25,2.25,0.604564
-11.75,2.25,0.61511
-11.25,2.25,0.625656
-10.75,2.25,0.637705
-10.25,2.25,0.649754
-9.75,2.25,0.661803
-9.25,2.25,0.673853
-8.75,2.25,0.685902
-8.25,2.25,0.699858
-7.75,2.25,0.713815
-7.25,2.25,0.727771
-6.75,2.25,0.741728
-6.25,2.25,0.755684
-5.75,2.25,0.771798
-5.25,2.25,0.787912
-4.75,2.25,0.804026
-4.25,2.25,0.82014
-3.75,2.25,0.836254
-3.25,2.25,0.854286
-2.75,2.25,0.872319
-2.25,2.25,0.890352
-1.75,2.25,0.908384
-1.25,2.25,0.926417
-0.75,2.25,0.944891
-0.25,2.25,0.963366
0.25,2.25,0.98184
0.75,2.25,1.00031
1.25,2.25,1.01879
1.75,2.25,1.03547
2.25,2.25,1.05215
2.75,2.25,1.06884
3.25,2.25,1.08552
3.75,2.25,1.1022
4.25,2.25,1.11375
4.75,2.25,1.1253
5.25,2.25,1.13686
5.75,2.25,1.14841
6.25,2.25,1.15996
6.75,2.25,1.16329
7.25,2.25,1.16661
7.75,2.25,1.16994
8.25,2.25,1.17327
8.75,2.25,1.1766
9.25,2.25,1.17048
9.75,2.25,1.16437
10.25,2.25,1.15825
10.75,2.25,1.15214
11.25,2.25,1.14602
11.75,2.25,1.13066
12.25,2.25,1.11529
12.75,2.25,1.09992
13.25,2.25,1.08455
13.75,2.25,1.06918
14.25,2.25,1.0475
14.75,2.25,1.02581
15.25,2.25,1.00413
15.75,2.25,0.982443
16.25,2.25,0.960758
16.75,2.25,0.935967
17.25,2.25,0.911175
17.75,2.25,0.886384
18.25,2.25,0.861592
18.75,2.25,0.836801
19.25,2.25,0.811715
19.75,2.25,0.786629
20.25,2.25,0.761543
20.75,2.25,0.736457
21.25,2.25,0.711371
21.75,2.25,0.687758
22.25,2.25,0.664146
22.75,2.25,0.640533
23.25,2.25,0.616921
23.75,2.25,0.593308
24.25,2.25,0.571913
24.75,2.25,0.550518
25.25,2.25,0.529122
25.75,2.25,0.507727
26.25,2.25,0.486331
26.75,2.25,0.467123
27.25,2.25,0.447914
27.75,2.25,0.428706
28.25,2.25,0.409497
28.75,2.25,0.390289
29.25,2.25,0.373089
29.75,2.25,0.355889
30.25,2.25,0.338689
30.75,2.25,0.321489
31.25,2.25,0.304289
31.75,2.25,0.288828
32.25,2.25,0.273367
32.75,2.25,0.257906
33.25,2.25,0.242446
33.75,2.25,0.226985
34.25,2.25,0.212962
34.75,2.25,0.198939
35.25,2.25,0.184916
35.75,2.25,0.170893
36.25,2.25,0.15687
36.75,2.25,0.145057
37.25,2.25,0.133244
37.75,2.25,0.121431
38.25,2.25,0.109618
38.75,2.25,0.0978055
39.25,2.25,0.0889982
39.75,2.25,0.0801909
40.25,2.25,0.0713836
40.75,2.25,0.0625762
41.25,2.25,0.0537689
41.75,2.25,0.0482294
42.25,2.25,0.0426899
42.75,2.25,0.0371504
43.25,2.25,0.0316109
43.75,2.25,0.0260714
44.25,2.25,0.0260714
44.75,2.25,0.0260714
-44.75,2.75,0.0154357
-44.25,2.75,0.0154357
-43.75,2.75,0.0154357
-43.25,2.75,0.0181123
-42.75,2.75,0.020789
-42.25,2.75,0.0234657
-41.75,2.75,0.0261424
-41.25,2.75,0.028819
-40.75,2.75,0.0355398
-40.25,2.75,0.0422606
-39.75,2.75,0.0489813
-39.25,2.75,0.0557021
-38.75,2.75,0.0624228
-38.25,2.75,0.0727756
-37.75,2.75,0.0831284
-37.25,2.75,0.0934811
-36.75,2.75,0.103834
-36.25,2.75,0.114187
-35.75,2.75,0.125992
-35.25,2.75,0.137797
-34.75,2.75,0.149602
-34.25,2.75,0.161407
-33.75,2.75,0.173212
-33.25,2.75,0.184954
-32.75,2.75,0.196697
-32.25,2.75,0.208439
-31.75,2.75,0.220181
-31.25,2.75,0.231924
-30.75,2.75,0.242925
-30.25,2.75,0.253926
-29.75,2.75,0.264928
-29.25,2.75,0.275929
-28.75,2.75,0.286931
-28.25,2.75,0.297086
-27.75,2.75,0.307242
-27.25,2.75,0.317398
-26.75,2.75,0.327554
-26.25,2.75,0.33771
-25.75,2.75,0.347221
-25.25,2.75,0.356732
-24.75,2.75,0.366243
-24.25,2.75,0.375754
-23.75,2.75,0.385265
-23.25,2.75,0.394337
-22.75,2.75,0.403408
-22.25,2.75,0.41248
-21.75,2.75,0.421551
-21.25,2.75,0.430623
-20.75,2.75,0.439461
-20.25,2.75,0.448299
-19.75,2.75,0.457137
-19.25,2.75,0.465975
-18.75,2.75,0.474813
-18.25,2.75,0.483839
-17.75,2.75,0.492865
-17.25,2.75,0.501891
-16.75,2.75,0.510916
-16.25,2.75,0.519942
-15.75,2.75,0.529362
-15.25,2.75,0.538781
-14.75,2.75,0.548201
-14.25,2.75,0.55762
-13.75,2.75,0.56704
-13.25,2.75,0.577487
-12.75,2.75,0.587934
-12.25,2.75,0.598381
-11.75,2.75,0.608828
-11.25,2.75,0.619275
-10.75,2.75,0.631233
-10.25,2.75,0.643192
-9.75,2.75,0.655151
-9.25,2.75,0.667109
-8.75,2.75,0.679068
-8.25,2.75,0.692901
-7.75,2.75,0.706734
-7.25,2.75,0.720566
-6.75,2.75,0.734399
-6.25,2.75,0.748232
-5.75,2.75,0.764217
-5.25,2.75,0.780202
-4.75,2.75,0.796187
-4.25,2.75,0.812171
-3.75,2.75,0.828156
-3.25,2.75,0.846029
-2.75,2.75,0.863901
-2.25,2.75,0.881773
-1.75,2.75,0.899646
-1.25,2.75,0.917518
-0.75,2.75,0.93589
-0.25,2.75,0.954262
0.25,2.75,0.972635
0.75,2.75,0.991007
1.25,2.75,1.00938
1.75,2.75,1.02598
2.25,2.75,1.04258
2.75,2.75,1.05919
3.25,2.75,1.07579
3.75,2.75,1.09239
4.25,2.75,1.10389
4.75,2.75,1.11539
5.25,2.75,1.12689
5.75,2.75,1.13839
6.25,2.75,1.14989
6.75,2.75,1.15327
7.25,2.75,1.15665
7.75,2.75,1.16004
8.25,2.75,1.16342
8.75,2.75,1.1668
9.25,2.75,1.16074
9.75,2.75,1.15469
10.25,2.75,1.14863
10.75,2.75,1.14257
11.25,2.75,1.13652
11.75,2.75,1.12127
12.25,2.75,1.10602
12.75,2.75,1.09077
13.25,2.75,1.07551
13.75,2.75,1.06026
14.25,2.75,1.03885
14.75,2.75,1.01743
15.25,2.75,0.996016
15.75,2.75,0.9746
16.25,2.75,0.953184
16.75,2.75,0.928517
17.25,2.75,0.90385
17.75,2.75,0.879183
18.25,2.75,0.854516
18.75,2.75,0.829849
19.25,2.75,0.804976
19.75,2.75,0.780104
20.25,2.75,0.755231
20.75,2.75,0.730359
21.25,2.75,0.705486
21.75,2.75,0.682014
22.25,2.75,0.658541
22.75,2.75,0.635069
23.25,2.75,0.611596
23.75,2.75,0.588124
24.25,2.75,0.566871
24.75,2.75,0.545619
25.25,2.75,0.524367
25.75,2.75,0.503114
26.25,2.75,0.481862
26.75,2.75,0.462836
27.25,2.75,0.443809
27.75,2.75,0.424783
28.25,2.75,0.405757
28.75,2.75,0.386731
29.25,2.75,0.369677
29.75,2.75,0.352623
30.25,2.75,0.335569
30.75,2.75,0.318515
31.25,2.75,0.301462
31.75,2.75,0.286112
32.25,2.75,0.270763
32.75,2.75,0.255414
33.25,2.75,0.240065
33.75,2.75,0.224716
34.25,2.75,0.210806
34.75,2.75,0.196896
35.25,2.75,0.182986
35.75,2.75,0.169075
36.25,2.75,0.155165
36.75,2.75,0.143451
37.25,2.75,0.131737
37.75,2.75,0.120023
38.25,2.75,0.108309
38.75,2.75,0.0965944
39.25,2.75,0.0878745
39.75,2.75,0.0791547
40.25,2.75,0.0704348
40.75,2.75,0.0617149
41.25,2.75,0.0529951
41.75,2.75,0.0475389
42.25,2.75,0.0420828
42.75,2.75,0.0366266
43.25,2.75,0.0311705
43.75,2.75,0.0257144
44.25,2.75,0.0257144
44.75,2.75,0.0257144
-44.75,3.25,0.0151736
-44.25,3.25,0.0151736
-43.75,3.25,0.0151736
-43.25,3.25,0.0177742
-42.75,3.25,0.0203749
-42.25,3.25,0.0229755
-41.75,3.25,0.0255762
-41.25,3.25,0.0281768
-40.75,3.25,0.0347453
-40.25,3.25,0.0413139
-39.75,3.25,0.0478824
-39.25,3.25,0.0544509
-38.75,3.25,0.0610194
-38.25,3.25,0.0712208
-37.75,3.25,0.0814222
-37.25,3.25,0.0916235
-36.75,3.25,0.101825
-36.25,3.25,0.112026
-35.75,3.25,0.123717
-35.25,3.25,0.135408
-34.75,3.25,0.147099
-34.25,3.25,0.158791
-33.75,3.25,0.170482
-33.25,3.25,0.182126
-32.75,3.25,0.19377
-32.25,3.25,0.205414
-31.75,3.25,0.217058
-31.25,3.25,0.228702
-30.75,3.25,0.23961
-30.25,3.25,0.250518
-29.75,3.25,0.261426
-29.25,3.25,0.272334
-28.75,3.25,0.283242
-28.25,3.25,0.29332
-27.75,3.25,0.303399
-27.25,3.25,0.313478
-26.75,3.25,0.323557
-26.25,3.25,0.333636
-25.75,3.25,0.343063
-25.25,3.25,0.35249
-24.75,3.25,0.361918
-24.25,3.25,0.371345
-23.75,3.25,0.380772
-23.25,3.25,0.389756
-22.75,3.25,0.39874
-22.25,3.25,0.407723
-21.75,3.25,0.416707
-21.25,3.25,0.42569
-20.75,3.25,0.434469
-20.25,3.25,0.443247
-19.75,3.25,0.452026
-19.25,3.25,0.460804
-18.75,3.25,0.469582
-18.25,3.25,0.478538
-17.75,3.25,0.487494
-17.25,3.25,0.496449
-16.75,3.25,0.505405
-16.25,3.25,0.514361
-15.75,3.25,0.523719
-15.25,3.25,0.533078
-14.75,3.25,0.542436
-14.25,3.25,0.551794
-13.75,3.25,0.561153
-13.25,3.25,0.571501
-12.75,3.25,0.581849
-12.25,3.25,0.592197
-11.75,3.25,0.602545
-11.25,3.25,0.612894
-10.75,3.25,0.624762
-10.25,3.25,0.63663
-9.75,3.25,0.648498
-9.25,3.25,0.660366
-8.75,3.25,0.672234
-8.25,3.25,0.685943
-7.75,3.25,0.699653
-7.25,3.25,0.713362
-6.75,3.25,0.727071
-6.25,3.25,0.74078
-5.75,3.25,0.756636
-5.25,3.25,0.772492
-4.75,3.25,0.788347
-4.25,3.25,0.804203
-3.75,3.25,0.820058
-3.25,3.25,0.837771
-2.75,3.25,0.855483
-2.25,3.25,0.873195
-1.75,3.25,0.890907
-1.25,3.25,0.908619
-0.75,3.25,0.926889
-0.25,3.25,0.945159
0.25,3.25,0.963429
0.75,3.25,0.981699
1.25,3.25,0.999969
1.75,3.25,1.01649
2.25,3.25,1.03301
2.75,3.25,1.04953
3.25,3.25,1.06605
3.75,3.25,1.08258
4.25,3.25,1.09402
4.75,3.25,1.10547
5.25,3.25,1.11692
5.75,3.25,1.12837
6.25,3.25,1.13981
6.75,3.25,1.14325
7.25,3.25,1.14669
7.75,3.25,1.15013
8.25,3.25,1.15357
8.75,3.25,1.15701
9.25,3.25,1.15101
9.75,3.25,1.14501
10.25,3.25,1.13901
10.75,3.25,1.13301
11.25,3.25,1.12701
11.75,3.25,1.11188
12.25,3.25,1.09674
12.75,3.25,1.08161
13.25,3.25,1.06648
13.75,3.25,1.05135
14.25,3.25,1.0302
14.75,3.25,1.00905
15.25,3.25,0.987905
15.75,3.25,0.966757
16.25,3.25,0.945609
16.75,3.25,0.921067
17.25,3.25,0.896524
17.75,3.25,0.871982
18.25,3.25,0.847439
18.75,3.25,0.822897
19.25,3.25,0.798238
19.75,3.25,0.773579
20.25,3.25,0.74892
20.75,3.25,0.72426
21.25,3.25,0.699601
21.75,3.25,0.676269
22.25,3.25,0.652936
22.75,3.25,0.629604
23.25,3.25,0.606271
23.75,3.25,0.582939
24.25,3.25,0.56183
24.75,3.25,0.54072
25.25,3.25,0.519611
25.75,3.25,0.498502
26.25,3.25,0.477393
26.75,3.25,0.458549
27.25,3.25,0.439705
27.75,3.25,0.42086
28.25,3.25,0.402016
28.75,3.25,0.383172
29.25,3.25,0.366265
29.75,3.25,0.349357
30.25,3.25,0.33245
30.75,3.25,0.315542
31.25,3.25,0.298635
31.75,3.25,0.283397
32.25,3.25,0.268159
32.75,3.25,0.252922
33.25,3.25,0.237684
33.75,3.25,0.222446
34.25,3.25,0.208649
34.75,3.25,0.194852
35.25,3.25,0.181055
35.75,3.25,0.167258
36.25,3.25,0.153461
36.75,3.25,0.141845
37.25,3.25,0.13023
37.75,3.25,0.118614
38.25,3.25,0.106999
38.75,3.25,0.0953834
39.25,3.25,0.0867509
39.75,3.25,0.0781185
40.25,3.25,0.0694861
40.75,3.25,0.0608536
41.25,3.25,0.0522212
41.75,3.25,0.0468484
42.25,3.25,0.0414756
42.75,3.25,0.0361029
43.25,3.25,0.0307301
43.75,3.25,0.0253573
44.25,3.25,0.0253573
44.75,3.25,0.0253573
-44.75,3.75,0.0149115
-44.25,3.75,0.0149115
-43.75,3.75,0.0149115
-43.25,3.75,0.0174361
-42.75,3.75,0.0199608
-42.25,3.75,0.0224854
-41.75,3.75,0.02501
-41.25,3.75,0.0275346
-40.75,3.75,0.0339509
-40.25,3.75,0.0403671
-39.75,3.75,0.0467834
-39.25,3.75,0.0531997
-38.75,3.75,0.059616
-38.25,3.75,0.069666
-37.75,3.75,0.079716
-37.25,3.75,0.089766
-36.75,3.75,0.099816
-36.25,3.75,0.109866
-35.75,3.75,0.121443
-35.25,3.75,0.13302
-34.75,3.75,0.144597
-34.25,3.75,0.156174
-33.75,3.75,0.167751
-33.25,3.75,0.179297
-32.75,3.75,0.190843
-32.25,3.75,0.202388
-31.75,3.75,0.213934
-31.25,3.75,0.22548
-30.75,3.75,0.236295
-30.25,3.75,0.247109
-29.75,3.75,0.257924
-29.25,3.75,0.268738
-28.75,3.75,0.279553
-28.25,3.75,0.289555
-27.75,3.75,0.299556
-27.25,3.75,0.309558
-26.75,3.75,0.31956
-26.25,3.75,0.329562
-25.75,3.75,0.338906
-25.25,3.75,0.348249
-24.75,3.75,0.357593
-24.25,3.75,0.366936
-23.75,3.75,0.37628
-23.25,3.75,0.385175
-22.75,3.75,0.394071
-22.25,3.75,0.402967
-21.75,3.75,0.411862
-21.25,3.75,0.420758
-20.75,3.75,0.429477
-20.25,3.75,0.438196
-19.75,3.75,0.446914
-19.25,3.75,0.455633
-18.75,3.75,0.464352
-18.25,3.75,0.473237
-17.75,3.75,0.482123
-17.25,3.75,0.491008
-16.75,3.75,0.499894
-16.25,3.75,0.508779
-15.75,3.75,0.518076
-15.25,3.75,0.527374
-14.75,3.75,0.536671
-14.25,3.75,0.545968
-13.75,3.75,0.555266
-13.25,3.75,0.565515
-12.75,3.75,0.575764
-12.25,3.75,0.586014
-11.75,3.75,0.596263
-11.25,3.75,0.606512
-10.75,3.75,0.61829
-10.25,3.75,0.630068
-9.75,3.75,0.641845
-9.25,3.75,0.653623
-8.75,3.75,0.6654
-8.25,3.75,0.678986
-7.75,3.75,0.692571
-7.25,3.75,0.706157
-6.75,3.75,0.719743
-6.25,3.75,0.733329
-5.75,3.75,0.749055
-5.25,3.75,0.764781
-4.75,3.75,0.780508
-4.25,3.75,0.796234
-3.75,3.75,0.811961
-3.25,3.75,0.829513
-2.75,3.75,0.847065
-2.25,3.75,0.864617
-1.75,3.75,0.882169
-1.25,3.75,0.899721
-0.75,3.75,0.917888
-0.25,3.75,0.936056
0.25,3.75,0.954224
0.75,3.75,0.972391
1.25,3.75,0.990559
1.75,3.75,1.007
2.25,3.75,1.02344
2.75,3.75,1.03988
3.25,3.75,1.05632
3.75,3.75,1.07276
4.25,3.75,1.08416
4.75,3.75,1.09555
5.25,3.75,1.10695
5.75,3.75,1.11835
6.25,3.75,1.12974
6.75,3.75,1.13324
7.25,3.75,1.13673
7.75,3.75,1.14022
8.25,3.75,1.14372
8.75,3.75,1.14721
9.25,3.75,1.14127
9.75,3.75,1.13533
10.25,3.75,1.12938
10.75,3.75,1.12344
11.25,3.75,1.1175
11.75,3.75,1.10249
12.25,3.75,1.08747
12.75,3.75,1.07246
13.25,3.75,1.05744
13.75,3.75,1.04243
14.25,3.75,1.02155
14.75,3.75,1.00067
15.25,3.75,0.979793
15.75,3.75,0.958914
16.25,3.75,0.938035
16.75,3.75,0.913617
17.25,3.75,0.889199
17.75,3.75,0.864781
18.25,3.75,0.840363
18.75,3.75,0.815945
19.25,3.75,0.791499
19.75,3.75,0.767054
20.25,3.75,0.742608
20.75,3.75,0.718162
21.25,3.75,0.693717
21.75,3.75,0.670524
22.25,3.75,0.647332
22.75,3.75,0.624139
23.25,3.75,0.600946
23.75,3.75,0.577754
24.25,3.75,0.556788
24.75,3.75,0.535822
25.25,3.75,0.514856
25.75,3.75,0.49389
26.25,3.75,0.472924
26.75,3.75,0.454262
27.25,3.75,0.4356
27.75,3.75,0.416938
28.25,3.75,0.398276
28.75,3.75,0.379614
29.25,3.75,0.362853
29.75,3.75,0.346091
30.25,3.75,0.32933
30.75,3.75,0.312569
31.25,3.75,0.295808
31.75,3.75,0.280682
32.25,3.75,0.265555
32.75,3.75,0.250429
33.25,3.75,0.235303
33.75,3.75,0.220177
34.25,3.75,0.206493
34.75,3.75,0.192808
35.25,3.75,0.179124
35.75,3.75,0.16544
36.25,3.75,0.151756
36.75,3.75,0.140239
37.25,3.75,0.128723
37.75,3.75,0.117206
38.25,3.75,0.105689
38.75,3.75,0.0941723
39.25,3.75,0.0856273
39.75,3.75,0.0770823
40.25,3.75,0.0685373
40.75,3.75,0.0599923
41.25,3.75,0.0514473
41.75,3.75,0.0461579
42.25,3.75,0.0408685
42.75,3.75,0.0355791
43.25,3.75,0.0302897
43.75,3.75,0.0250003
44.25,3.75,0.0250003
44.75,3.75,0.0250003
-44.75,4.25,0.0145679
-44.25,4.25,0.0145679
-43.75,4.25,0.0145679
-43.25,4.25,0.0169769
-42.75,4.25,0.0193859
-42.25,4.25,0.0217949
-41.75,4.25,0.0242039
-41.25,4.25,0.0266129
-40.75,4.25,0.0327997
-40.25,4.25,0.0389865
-39.75,4.25,0.0451733
-39.25,4.25,0.0513602
-38.75,4.25,0.057547
-38.25,4.25,0.0673661
-37.75,4.25,0.0771852
-37.25,4.25,0.0870043
-36.75,4.25,0.0968234
-36.25,4.25,0.106642
-35.75,4.25,0.118056
-35.25,4.25,0.129469
-34.75,4.25,0.140883
-34.25,4.25,0.152296
-33.75,4.25,0.16371
-33.25,4.25,0.175106
-32.75,4.25,0.186502
-32.25,4.25,0.197898
-31.75,4.25,0.209294
-31.25,4.25,0.22069
-30.75,4.25,0.231375
-30.25,4.25,0.242061
-29.75,4.25,0.252747
-29.25,4.25,0.263433
-28.75,4.25,0.274119
-28.25,4.25,0.283989
-27.75,4.25,0.293859
-27.25,4.25,0.303729
-26.75,4.25,0.3136
-26.25,4.25,0.32347
-25.75,4.25,0.332699
-25.25,4.25,0.341927
-24.75,4.25,0.351156
-24.25,4.25,0.360385
-23.75,4.25,0.369614
-23.25,4.25,0.37838
-22.75,4.25,0.387146
-22.25,4.25,0.395912
-21.75,4.25,0.404678
-21.25,4.25,0.413444
-20.75,4.25,0.422048
-20.25,4.25,0.430652
-19.75,4.25,0.439257
-19.25,4.25,0.447861
-18.75,4.25,0.456466
-18.25,4.25,0.465234
-17.75,4.25,0.474002
-17.25,4.25,0.482771
-16.75,4.25,0.491539
-16.25,4.25,0.500307
-15.75,4.25,0.509511
-15.25,4.25,0.518715
-14.75,4.25,0.527918
-14.25,4.25,0.537122
-13.75,4.25,0.546326
-13.25,4.25,0.556429
-12.75,4.25,0.566532
-12.25,4.25,0.576636
-11.75,4.25,0.586739
-11.25,4.25,0.596843
-10.75,4.25,0.608449
-10.25,4.25,0.620055
-9.75,4.25,0.631661
-9.25,4.25,0.643268
-8.75,4.25,0.654874
-8.25,4.25,0.66832
-7.75,4.25,0.681767
-7.25,4.25,0.695214
-6.75,4.25,0.70866
-6.25,4.25,0.722107
-5.75,4.25,0.737659
-5.25,4.25,0.753211
-4.75,4.25,0.768764
-4.25,4.25,0.784316
-3.75,4.25,0.799868
-3.25,4.25,0.817146
-2.75,4.25,0.834425
-2.25,4.25,0.851703
-1.75,4.25,0.868982
-1.25,4.25,0.88626
-0.75,4.25,0.904182
-0.25,4.25,0.922103
0.25,4.25,0.940024
0.75,4.25,0.957946
1.25,4.25,0.975867
1.75,4.25,0.992164
2.25,4.25,1.00846
2.75,4.25,1.02476
3.25,4.25,1.04105
3.75,4.25,1.05735
4.25,4.25,1.06864
4.75,4.25,1.07993
5.25,4.25,1.09122
5.75,4.25,1.10251
6.25,4.25,1.1138
6.75,4.25,1.1173
7.25,4.25,1.1208
7.75,4.25,1.1243
8.25,4.25,1.12781
8.75,4.25,1.13131
9.25,4.25,1.12546
9.75,4.25,1.11961
10.25,4.25,1.11376
10.75,4.25,1.10791
11.25,4.25,1.10206
11.75,4.25,1.08735
12.25,4.25,1.07263
12.75,4.25,1.05792
13.25,4.25,1.0432
13.75,4.25,1.02848
14.25,4.25,1.00783
14.75,4.25,0.987177
15.25,4.25,0.966524
15.75,4.25,0.94587
16.25,4.25,0.925216
16.75,4.25,0.901187
17.25,4.25,0.877158
17.75,4.25,0.853128
18.25,4.25,0.829099
18.75,4.25,0.80507
19.25,4.25,0.780862
19.75,4.25,0.756655
20.25,4.25,0.732447
20.75,4.25,0.708239
21.25,4.25,0.684032
21.75,4.25,0.661157
22.25,4.25,0.638282
22.75,4.25,0.615407
23.25,4.25,0.592532
23.75,4.25,0.569657
24.25,4.25,0.548963
24.75,4.25,0.528269
25.25,4.25,0.507574
25.75,4.25,0.48688
26.25,4.25,0.466186
26.75,4.25,0.447731
27.25,4.25,0.429277
27.75,4.25,0.410822
28.25,4.25,0.392368
28.75,4.25,0.373913
29.25,4.25,0.357359
29.75,4.25,0.340804
30.25,4.25,0.32425
30.75,4.25,0.307696
31.25,4.25,0.291141
31.75,4.25,0.276186
32.25,4.25,0.261231
32.75,4.25,0.246276
33.25,4.25,0.231321
33.75,4.25,0.216366
34.25,4.25,0.202885
34.75,4.25,0.189404
35.25,4.25,0.175923
35.75,4.25,0.162442
36.25,4.25,0.14896
36.75,4.25,0.137624
37.25,4.25,0.126288
37.75,4.25,0.114952
38.25,4.25,0.103615
38.75,4.25,0.0922791
39.25,4.25,0.0838876
39.75,4.25,0.075496
40.25,4.25,0.0671045
40.75,4.25,0.058713
41.25,4.25,0.0503214
41.75,4.25,0.0451456
42.25,4.25,0.0399697
42.75,4.25,0.0347938
43.25,4.25,0.029618
43.75,4.25,0.0244421
44.25,4.25,0.0244421
44.75,4.25,0.0244421
-44.75,4.75,0.0142242
-44.25,4.75,0.0142242
-43.75,4.75,0.0142242
-43.25,4.75,0.0165176
-42.75,4.75,0.018811
-42.25,4.75,0.0211044
-41.75,4.75,0.0233978
-41.25,4.75,0.0256912
-40.75,4.75,0.0316485
-40.25,4.75,0.0376059
-39.75,4.75,0.0435633
-39.25,4.75,0.0495206
-38.75,4.75,0.055478
-38.25,4.75,0.0650662
-37.75,4.75,0.0746544
-37.25,4.75,0.0842426
-36.75,4.75,0.0938308
-36.25,4.75,0.103419
-35.75,4.75,0.114669
-35.25,4.75,0.125919
-34.75,4.75,0.137169
-34.25,4.75,0.148419
-33.75,4.75,0.159669
-33.25,4.75,0.170915
-32.75,4.75,0.182161
-32.25,4.75,0.193407
-31.75,4.75,0.204653
-31.25,4.75,0.215899
-30.75,4.75,0.226456
-30.25,4.75,0.237014
-29.75,4.75,0.247571
-29.25,4.75,0.258128
-28.75,4.75,0.268685
-28.25,4.75,0.278424
-27.75,4.75,0.288162
-27.25,4.75,0.297901
-26.75,4.75,0.307639
-26.25,4.75,0.317378
-25.75,4.75,0.326492
-25.25,4.75,0.335606
-24.75,4.75,0.344719
-24.25,4.75,0.353833
-23.75,4.75,0.362947
-23.25,4.75,0.371584
-22.75,4.75,0.38022
-22.25,4.75,0.388856
-21.75,4.75,0.397493
-21.25,4.75,0.406129
-20.75,4.75,0.414619
-20.25,4.75,0.423109
-19.75,4.75,0.431599
-19.25,4.75,0.44009
-18.75,4.75,0.44858
-18.25,4.75,0.457231
-17.75,4.75,0.465882
-17.25,4.75,0.474533
-16.75,4.75,0.483184
-16.25,4.75,0.491835
-15.75,4.75,0.500945
-15.25,4.75,0.510055
-14.75,4.75,0.519166
-14.25,4.75,0.528276
-13.75,4.75,0.537386
-13.25,4.75,0.547343
-12.75,4.75,0.5573
-12.25,4.75,0.567258
-11.75,4.75,0.577215
-11.25,4.75,0.587173
-10.75,4.75,0.598608
-10.25,4.75,0.610043
-9.75,4.75,0.621478
-9.25,4.75,0.632913
-8.75,4.75,0.644347
-8.25,4.75,0.657655
-7.75,4.75,0.670963
-7.25,4.75,0.68427
-6.75,4.75,0.697578
-6.25,4.75,0.710885
-5.75,4.75,0.726263
-5.25,4.75,0.741641
-4.75,4.75,0.757019
-4.25,4.75,0.772397
-3.75,4.75,0.787775
-3.25,4.75,0.80478
-2.75,4.75,0.821785
-2.25,4.75,0.83879
-1.75,4.75,0.855795
-1.25,4.75,0.8728
-0.75,4.75,0.890475
-0.25,4.75,0.90815
0.25,4.75,0.925825
0.75,4.75,0.9435
1.25,4.75,0.961175
1.75,4.75,0.977328
2.25,4.75,0.993481
2.75,4.75,1.00963
3.25,4.75,1.02579
3.75,4.75,1.04194
4.25,4.75,1.05312
4.75,4.75,1.0643
5.25,4.75,1.07549
5.75,4.75,1.08667
6.25,4.75,1.09785
6.75,4.75,1.10136
7.25,4.75,1.10487
7.75,4.75,1.10838
8.25,4.75,1.11189
8.75,4.75,1.1154
9.25,4.75,1.10965
9.75,4.75,1.10389
10.25,4.75,1.09814
10.75,4.75,1.09238
11.25,4.75,1.08663
11.75,4.75,1.07221
12.25,4.75,1.05779
12.75,4.75,1.04337
13.25,4.75,1.02896
13.75,4.75,1.01454
14.25,4.75,0.99411
14.75,4.75,0.973682
15.25,4.75,0.953254
15.75,4.75,0.932826
16.25,4.75,0.912397
16.75,4.75,0.888757
17.25,4.75,0.865116
17.75,4.75,0.841476
18.25,4.75,0.817835
18.75,4.75,0.794195
19.25,4.75,0.770225
19.75,4.75,0.746256
20.25,4.75,0.722286
20.75,4.75,0.698317
21.25,4.75,0.674347
21.75,4.75,0.65179
22.25,4.75,0.629232
22.75,4.75,0.606675
23.25,4.75,0.584118
23.75,4.75,0.561561
24.25,4.75,0.541138
24.75,4.75,0.520715
25.25,4.75,0.500293
25.75,4.75,0.47987
26.25,4.75,0.459448
26.75,4.75,0.441201
27.25,4.75,0.422954
27.75,4.75,0.404707
28.25,4.75,0.38646
28.75,4.75,0.368213
29.25,4.75,0.351865
29.75,4.75,0.335517
30.25,4.75,0.31917
30.75,4.75,0.302822
31.25,4.75,0.286475
31.75,4.75,0.271691
32.25,4.75,0.256907
32.75,4.75,0.242123
33.25,4.75,0.22734
33.75,4.75,0.212556
34.25,4.75,0.199278
34.75,4.75,0.185999
35.25,4.75,0.172721
35.75,4.75,0.159443
36.25,4.75,0.146164
36.75,4.75,0.135009
37.25,4.75,0.123853
37.75,4.75,0.112697
38.25,4.75,0.101542
38.75,4.75,0.0903859
39.25,4.75,0.0821479
39.75,4.75,0.0739098
40.25,4.75,0.0656717
40.75,4.75,0.0574336
41.25,4.75,0.0491955
41.75,4.75,0.0441332
42.25,4.75,0.0390709
42.75,4.75,0.0340086
43.25,4.75,0.0289462
43.75,4.75,0.0238839
44.25,4.75,0.0238839
44.75,4.75,0.0238839
-44.75,5.25,0.0138806
-44.25,5.25,0.0138806
-43.75,5.25,0.0138806
-43.25,5.25,0.0160584
-42.75,5.25,0.0182362
-42.25,5.25,0.0204139
-41.75,5.25,0.0225917
-41.25,5.25,0.0247695
-40.75,5.25,0.0304974
-40.25,5.25,0.0362253
-39.75,5.25,0.0419532
-39.25,5.25,0.0476811
-38.75,5.25,0.053409
-38.25,5.25,0.0627663
-37.75,5.25,0.0721236
-37.25,5.25,0.0814809
-36.75,5.25,0.0908383
-36.25,5.25,0.100196
-35.75,5.25,0.111282
-35.25,5.25,0.122368
-34.75,5.25,0.133455
-34.25,5.25,0.144541
-33.75,5.25,0.155627
-33.25,5.25,0.166724
-32.75,5.25,0.17782
-32.25,5.25,0.188916
-31.75,5.25,0.200013
-31.25,5.25,0.211109
-30.75,5.25,0.221537
-30.25,5.25,0.231966
-29.75,5.25,0.242394
-29.25,5.25,0.252823
-28.75,5.25,0.263251
-28.25,5.25,0.272858
-27.75,5.25,0.282465
-27.25,5.25,0.292072
-26.75,5.25,0.301679
-26.25,5.25,0.311285
-25.75,5.25,0.320285
-25.25,5.25,0.329284
-24.75,5.25,0.338283
-24.25,5.25,0.347282
-23.75,5.25,0.356281
-23.25,5.25,0.364788
-22.75,5.25,0.373295
-22.25,5.25,0.381801
-21.75,5.25,0.390308
-21.25,5.25,0.398815
-20.75,5.25,0.40719
-20.25,5.25,0.415566
-19.75,5.25,0.423942
-19.25,5.25,0.432318
-18.75,5.25,0.440694
-18.25,5.25,0.449228
-17.75,5.25,0.457762
-17.25,5.25,0.466296
-16.75,5.25,0.47483
-16.25,5.25,0.483364
-15.75,5.25,0.49238
-15.25,5.25,0.501396
-14.75,5.25,0.510413
-14.25,5.25,0.519429
-13.75,5.25,0.528446
-13.25,5.25,0.538257
-12.75,5.25,0.548069
-12.25,5.25,0.55788
-11.75,5.25,0.567692
-11.25,5.25,0.577503
-10.75,5.25,0.588767
-10.25,5.25,0.60003
-9.75,5.25,0.611294
-9.25,5.25,0.622557
-8.75,5.25,0.633821
-8.25,5.25,0.64699
-7.75,5.25,0.660158
-7.25,5.25,0.673327
-6.75,5.25,0.686495
-6.25,5.25,0.699664
-5.75,5.25,0.714868
-5.25,5.25,0.730071
-4.75,5.25,0.745275
-4.25,5.25,0.760479
-3.75,5.25,0.775682
-3.25,5.25,0.792414
-2.75,5.25,0.809146
-2.25,5.25,0.825877
-1.75,5.25,0.842609
-1.25,5.25,0.85934
-0.75,5.25,0.876769
-0.25,5.25,0.894197
0.25,5.25,0.911626
0.75,5.25,0.929054
1.25,5.25,0.946483
1.75,5.25,0.962492
2.25,5.25,0.978501
2.75,5.25,0.99451
3.25,5.25,1.01052
3.75,5.25,1.02653
4.25,5.25,1.0376
4.75,5.25,1.04868
5.25,5.25,1.05975
5.75,5.25,1.07083
6.25,5.25,1.0819
6.75,5.25,1.08542
7.25,5.25,1.08894
7.75,5.25,1.09246
8.25,5.25,1.09598
8.75,5.25,1.0995
9.25,5.25,1.09384
9.75,5.25,1.08818
10.25,5.25,1.08251
10.75,5.25,1.07685
11.25,5.25,1.07119
11.75,5.25,1.05707
12.25,5.25,1.04295
12.75,5.25,1.02883
13.25,5.25,1.01471
13.75,5.25,1.00059
14.25,5.25,0.98039
14.75,5.25,0.960187
15.25,5.25,0.939984
15.75,5.25,0.919781
16.25,5.25,0.899578
16.75,5.25,0.876327
17.25,5.25,0.853075
17.75,5.25,0.829823
18.25,5.25,0.806571
18.75,5.25,0.78332
19.25,5.25,0.759588
19.75,5.25,0.735857
20.25,5.25,0.712125
20.75,5.25,0.688394
21.25,5.25,0.664662
21.75,5.25,0.642423
22.25,5.25,0.620183
22.75,5.25,0.597943
23.25,5.25,0.575704
23.75,5.25,0.553464
24.25,5.25,0.533313
24.75,5.25,0.513162
25.25,5.25,0.493011
25.75,5.25,0.47286
26.25,5.25,0.45271
26.75,5.25,0.43467
27.25,5.25,0.416631
27.75,5.25,0.398591
28.25,5.25,0.380552
28.75,5.25,0.362512
29.25,5.25,0.346371
29.75,5.25,0.33023
30.25,5.25,0.31409
30.75,5.25,0.297949
31.25,5.25,0.281808
31.75,5.25,0.267195
32.25,5.25,0.252583
32.75,5.25,0.237971
33.25,5.25,0.223358
33.75,5.25,0.208746
34.25,5.25,0.19567
34.75,5.25,0.182595
35.25,5.25,0.16952
35.75,5.25,0.156444
36.25,5.25,0.143369
36.75,5.25,0.132393
37.25,5.25,0.121418
37.75,5.25,0.110443
38.25,5.25,0.0994679
38.75,5.25,0.0884927
39.25,5.25,0.0804081
39.75,5.25,0.0723235
40.25,5.25,0.0642389
40.75,5.25,0.0561543
41.25,5.25,0.0480697
41.75,5.25,0.0431209
42.25,5.25,0.0381721
42.75,5.25,0.0332233
43.25,5.25,0.0282745
43.75,5.25,0.0233257
44.25,5.25,0.0233257
44.75,5.25,0.0233257
-44.75,5.75,0.013537
-44.25,5.75,0.013537
-43.75,5.75,0.013537
-43.25,5.75,0.0155991
-42.75,5.75,0.0176613
-42.25,5.75,0.0197235
-41.75,5.75,0.0217856
-41.25,5.75,0.0238478
-40.75,5.75,0.0293462
-40.25,5.75,0.0348447
-39.75,5.75,0.0403431
-39.25,5.75,0.0458415
-38.75,5.75,0.05134
-38.25,5.75,0.0604664
-37.75,5.75,0.0695928
-37.25,5.75,0.0787193
-36.75,5.75,0.0878457
-36.25,5.75,0.0969721
-35.75,5.75,0.107895
-35.25,5.75,0.118818
-34.75,5.75,0.12974
-34.25,5.75,0.140663
-33.75,5.75,0.151586
-33.25,5.75,0.162533
-32.75,5.75,0.173479
-32.25,5.75,0.184426
-31.75,5.75,0.195372
-31.25,5.75,0.206319
-30.75,5.75,0.216618
-30.25,5.75,0.226918
-29.75,5.75,0.237218
-29.25,5.75,0.247518
-28.75,5.75,0.257818
-28.25,5.75,0.267293
-27.75,5.75,0.276768
-27.25,5.75,0.286243
-26.75,5.75,0.295718
-26.25,5.75,0.305193
-25.75,5.75,0.314078
-25.25,5.75,0.322962
-24.75,5.75,0.331846
-24.25,5.75,0.340731
-23.75,5.75,0.349615
-23.25,5.75,0.357992
-22.75,5.75,0.366369
-22.25,5.75,0.374746
-21.75,5.75,0.383123
-21.25,5.75,0.3915
-20.75,5.75,0.399762
-20.25,5.75,0.408023
-19.75,5.75,0.416285
-19.25,5.75,0.424546
-18.75,5.75,0.432808
-18.25,5.75,0.441224
-17.75,5.75,0.449641
-17.25,5.75,0.458058
-16.75,5.75,0.466475
-16.25,5.75,0.474892
-15.75,5.75,0.483814
-15.25,5.75,0.492737
-14.75,5.75,0.50166
-14.25,5.75,0.510583
-13.75,5.75,0.519506
-13.25,5.75,0.529171
-12.75,5.75,0.538837
-12.25,5.75,0.548502
-11.75,5.75,0.558168
-11.25,5.75,0.567833
-10.75,5.75,0.578926
-10.25,5.75,0.590018
-9.75,5.75,0.60111
-9.25,5.75,0.612202
-8.75,5.75,0.623295
-8.25,5.75,0.636324
-7.75,5.75,0.649354
-7.25,5.75,0.662383
-6.75,5.75,0.675413
-6.25,5.75,0.688442
-5.75,5.75,0.703472
-5.25,5.75,0.718501
-4.75,5.75,0.733531
-4.25,5.75,0.74856
-3.75,5.75,0.76359
-3.25,5.75,0.780048
-2.75,5.75,0.796506
-2.25,5.75,0.812964
-1.75,5.75,0.829422
-1.25,5.75,0.84588
-0.75,5.75,0.863062
-0.25,5.75,0.880244
0.25,5.75,0.897427
0.75,5.75,0.914609
1.25,5.75,0.931791
1.75,5.75,0.947656
2.25,5.75,0.963521
2.75,5.75,0.979386
3.25,5.75,0.995251
3.75,5.75,1.01112
4.25,5.75,1.02208
4.75,5.75,1.03305
5.25,5.75,1.04402
5.75,5.75,1.05499
6.25,5.75,1.06596
6.75,5.75,1.06948
7.25,5.75,1.07301
7.75,5.75,1.07654
8.25,5.75,1.08007
8.75,5.75,1.0836
9.25,5.75,1.07803
9.75,5.75,1.07246
10.25,5.75,1.06689
10.75,5.75,1.06132
11.25,5.75,1.05576
11.75,5.75,1.04193
12.25,5.75,1.02811
12.75,5.75,1.01429
13.25,5.75,1.00047
13.75,5.75,0.986646
14.25,5.75,0.966669
14.75,5.75,0.946692
15.25,5.75,0.926714
15.75,5.75,0.906737
16.25,5.75,0.886759
16.75,5.75,0.863896
17.25,5.75,0.841033
17.75,5.75,0.81817
18.25,5.75,0.795307
18.75,5.75,0.772445
19.25,5.75,0.748951
19.75,5.75,0.725458
20.25,5.75,0.701964
20.75,5.75,0.678471
21.25,5.75,0.654977
21.75,5.75,0.633055
22.25,5.75,0.611133
22.75,5.75,0.589211
23.25,5.75,0.567289
23.75,5.75,0.545367
24.25,5.75,0.525488
24.75,5.75,0.505609
25.25,5.75,0.48573
25.75,5.75,0.465851
26.25,5.75,0.445972
26.75,5.75,0.42814
27.25,5.75,0.410308
27.75,5.75,0.392476
28.25,5.75,0.374644
28.75,5.75,0.356812
29.25,5.75,0.340878
29.75,5.75,0.324943
30.25,5.75,0.309009
30.75,5.75,0.293075
31.25,5.75,0.277141
31.75,5.75,0.2627
32.25,5.75,0.248259
32.75,5.75,0.233818
33.25,5.75,0.219377
33.75,5.75,0.204936
34.25,5.75,0.192063
34.75,5.75,0.17919
35.25,5.75,0.166318
35.75,5.75,0.153445
36.25,5.75,0.140573
36.75,5.75,0.129778
37.25,5.75,0.118983
37.75,5.75,0.108189
38.25,5.75,0.0973942
38.75,5.75,0.0865995
39.25,5.75,0.0786684
39.75,5.75,0.0707372
40.25,5.75,0.0628061
40.75,5.75,0.0548749
41.25,5.75,0.0469438
41.75,5.75,0.0421085
42.25,5.75,0.0372733
42.75,5.75,0.032438
43.25,5.75,0.0276027
43.75,5.75,0.0227675
44.25,5.75,0.0227675
44.75,5.75,0.0227675
-44.75,6.25,0.0131933
-44.25,6.25,0.0131933
-43.75,6.25,0.0131933
-43.25,6.25,0.0151399
-42.75,6.25,0.0170864
-42.25,6.25,0.019033
-41.75,6.25,0.0209795
-41.25,6.25,0.0229261
-40.75,6.25,0.0281951
-40.25,6.25,0.033464
-39.75,6.25,0.038733
-39.25,6.25,0.044002
-38.75,6.25,0.0492709
-38.25,6.25,0.0581665
-37.75,6.25,0.067062
-37.25,6.25,0.0759576
-36.75,6.25,0.0848531
-36.25,6.25,0.0937487
-35.75,6.25,0.104508
-35.25,6.25,0.115267
-34.75,6.25,0.126026
-34.25,6.25,0.136786
-33.75,6.25,0.147545
-33.25,6.25,0.158341
-32.75,6.25,0.169138
-32.25,6.25,0.179935
-31.75,6.25,0.190731
-31.25,6.25,0.201528
-30.75,6.25,0.211699
-30.25,6.25,0.22187
-29.75,6.25,0.232042
-29.25,6.25,0.242213
-28.75,6.25,0.252384
-28.25,6.25,0.261727
-27.75,6.25,0.271071
-27.25,6.25,0.280414
-26.75,6.25,0.289758
-26.25,6.25,0.299101
-25.75,6.25,0.307871
-25.25,6.25,0.31664
-24.75,6.25,0.32541
-24.25,6.25,0.334179
-23.75,6.25,0.342949
-23.25,6.25,0.351196
-22.75,6.25,0.359444
-22.25,6.25,0.367691
-21.75,6.25,0.375938
-21.25,6.25,0.384186
-20.75,6.25,0.392333
-20.25,6.25,0.40048
-19.75,6.25,0.408627
-19.25,6.25,0.416774
-18.75,6.25,0.424921
-18.25,6.25,0.433221
-17.75,6.25,0.441521
-17.25,6.25,0.44982
-16.75,6.25,0.45812
-16.25,6.25,0.46642
-15.75,6.25,0.475249
-15.25,6.25,0.484078
-14.75,6.25,0.492907
-14.25,6.25,0.501736
-13.75,6.25,0.510566
-13.25,6.25,0.520085
-12.75,6.25,0.529605
-12.25,6.25,0.539124
-11.75,6.25,0.548644
-11.25,6.25,0.558164
-10.75,6.25,0.569084
-10.25,6.25,0.580005
-9.75,6.25,0.590926
-9.25,6.25,0.601847
-8.75,6.25,0.612768
-8.25,6.25,0.625659
-7.75,6.25,0.638549
-7.25,6.25,0.65144
-6.75,6.25,0.66433
-6.25,6.25,0.677221
-5.75,6.25,0.692076
-5.25,6.25,0.706931
-4.75,6.25,0.721786
-4.25,6.25,0.736642
-3.75,6.25,0.751497
-3.25,6.25,0.767681
-2.75,6.25,0.783866
-2.25,6.25,0.800051
-1.75,6.25,0.816236
-1.25,6.25,0.83242
-0.75,6.25,0.849356
-0.25,6.25,0.866292
0.25,6.25,0.883227
0.75,6.25,0.900163
1.25,6.25,0.917099
1.75,6.25,0.93282
2.25,6.25,0.948541
2.75,6.25,0.964262
3.25,6.25,0.979983
3.75,6.25,0.995705
4.25,6.25,1.00657
4.75,6.25,1.01743
5.25,6.25,1.02829
5.75,6.25,1.03915
6.25,6.25,1.05001
6.75,6.25,1.05355
7.25,6.25,1.05708
7.75,6.25,1.06062
8.25,6.25,1.06416
8.75,6.25,1.06769
9.25,6.25,1.06222
9.75,6.25,1.05674
10.25,6.25,1.05127
10.75,6.25,1.04579
11.25,6.25,1.04032
11.75,6.25,1.0268
12.25,6.25,1.01327
12.75,6.25,0.999748
13.25,6.25,0.986224
13.75,6.25,0.9727
14.25,6.25,0.952948
14.75,6.25,0.933196
15.25,6.25,0.913444
15.75,6.25,0.893692
16.25,6.25,0.87394
16.75,6.25,0.851466
17.25,6.25,0.828992
17.75,6.25,0.806518
18.25,6.25,0.784044
18.75,6.25,0.761569
19.25,6.25,0.738314
19.75,6.25,0.715059
20.25,6.25,0.691803
20.75,6.25,0.668548
21.25,6.25,0.645293
21.75,6.25,0.623688
22.25,6.25,0.602084
22.75,6.25,0.580479
23.25,6.25,0.558875
23.75,6.25,0.537271
24.25,6.25,0.517663
24.75,6.25,0.498056
25.25,6.25,0.478448
25.75,6.25,0.458841
26.25,6.25,0.439234
26.75,6.25,0.421609
27.25,6.25,0.403985
27.75,6.25,0.38636
28.25,6.25,0.368736
28.75,6.25,0.351111
29.25,6.25,0.335384
29.75,6.25,0.319656
30.25,6.25,0.303929
30.75,6.25,0.288202
31.25,6.25,0.272474
31.75,6.25,0.258205
32.25,6.25,0.243935
32.75,6.25,0.229665
33.25,6.25,0.215395
33.75,6.25,0.201125
34.25,6.25,0.188456
34.75,6.25,0.175786
35.25,6.25,0.163116
35.75,6.25,0.150447
36.25,6.25,0.137777
36.75,6.25,0.127163
37.25,6.25,0.116549
37.75,6.25,0.105935
38.25,6.25,0.0953205
38.75,6.25,0.0847063
39.25,6.25,0.0769287
39.75,6.25,0.069151
40.25,6.25,0.0613733
40.75,6.25,0.0535956
41.25,6.25,0.0458179
41.75,6.25,0.0410962
42.25,6.25,0.0363744
42.75,6.25,0.0316527
43.25,6.25,0.026931
43.75,6.25,0.0222093
44.25,6.25,0.0222093
44.75,6.25,0.0222093
-44.75,6.75,0.0127699
-44.25,6.75,0.0127699
-43.75,6.75,0.0127699
-43.25,6.75,0.0146013
-42.75,6.75,0.0164328
-42.25,6.75,0.0182642
-41.75,6.75,0.0200957
-41.25,6.75,0.0219272
-40.75,6.75,0.0269181
-40.25,6.75,0.031909
-39.75,6.75,0.0369
-39.25,6.75,0.0418909
-38.75,6.75,0.0468818
-38.25,6.75,0.0554858
-37.75,6.75,0.0640897
-37.25,6.75,0.0726937
-36.75,6.75,0.0812976
-36.25,6.75,0.0899015
-35.75,6.75,0.100423
-35.25,6.75,0.110945
-34.75,6.75,0.121467
-34.25,6.75,0.131989
-33.75,6.75,0.142511
-33.25,6.75,0.153127
-32.75,6.75,0.163743
-32.25,6.75,0.174359
-31.75,6.75,0.184976
-31.25,6.75,0.195592
-30.75,6.75,0.205589
-30.25,6.75,0.215587
-29.75,6.75,0.225584
-29.25,6.75,0.235582
-28.75,6.75,0.245579
-28.25,6.75,0.25476
-27.75,6.75,0.263941
-27.25,6.75,0.273122
-26.75,6.75,0.282303
-26.25,6.75,0.291484
-25.75,6.75,0.300099
-25.25,6.75,0.308715
-24.75,6.75,0.31733
-24.25,6.75,0.325945
-23.75,6.75,0.334561
-23.25,6.75,0.342704
-22.75,6.75,0.350847
-22.25,6.75,0.35899
-21.75,6.75,0.367134
-21.25,6.75,0.375277
-20.75,6.75,0.383272
-20.25,6.75,0.391268
-19.75,6.75,0.399264
-19.25,6.75,0.407259
-18.75,6.75,0.415255
-18.25,6.75,0.423398
-17.75,6.75,0.43154
-17.25,6.75,0.439683
-16.75,6.75,0.447826
-16.25,6.75,0.455969
-15.75,6.75,0.464636
-15.25,6.75,0.473303
-14.75,6.75,0.481971
-14.25,6.75,0.490638
-13.75,6.75,0.499305
-13.25,6.75,0.508673
-12.75,6.75,0.518041
-12.25,6.75,0.527408
-11.75,6.75,0.536776
-11.25,6.75,0.546144
-10.75,6.75,0.556868
-10.25,6.75,0.567592
-9.75,6.75,0.578316
-9.25,6.75,0.589039
-8.75,6.75,0.599763
-8.25,6.75,0.612367
-7.75,6.75,0.624971
-7.25,6.75,0.637575
-6.75,6.75,0.650179
-6.25,6.75,0.662782
-5.75,6.75,0.677321
-5.25,6.75,0.69186
-4.75,6.75,0.706399
-4.25,6.75,0.720938
-3.75,6.75,0.735477
-3.25,6.75,0.751422
-2.75,6.75,0.767367
-2.25,6.75,0.783311
-1.75,6.75,0.799256
-1.25,6.75,0.815201
-0.75,6.75,0.831841
-0.25,6.75,0.848482
0.25,6.75,0.865123
0.75,6.75,0.881763
1.25,6.75,0.898404
1.75,6.75,0.913835
2.25,6.75,0.929265
2.75,6.75,0.944696
3.25,6.75,0.960126
3.75,6.75,0.975557
4.25,6.75,0.986294
4.75,6.75,0.997031
5.25,6.75,1.00777
5.75,6.75,1.01851
6.25,6.75,1.02924
6.75,6.75,1.0328
7.25,6.75,1.03636
7.75,6.75,1.03992
8.25,6.75,1.04348
8.75,6.75,1.04704
9.25,6.75,1.04176
9.75,6.75,1.03648
10.25,6.75,1.03121
10.75,6.75,1.02593
11.25,6.75,1.02065
11.75,6.75,1.00739
12.25,6.75,0.994117
12.75,6.75,0.980849
13.25,6.75,0.96758
13.75,6.75,0.954312
14.25,6.75,0.934912
14.75,6.75,0.915512
15.25,6.75,0.896111
15.75,6.75,0.876711
16.25,6.75,0.857311
16.75,6.75,0.835175
17.25,6.75,0.813039
17.75,6.75,0.790904
18.25,6.75,0.768768
18.75,6.75,0.746632
19.25,6.75,0.723844
19.75,6.75,0.701056
20.25,6.75,0.678267
20.75,6.75,0.655479
21.25,6.75,0.632691
21.75,6.75,0.611481
22.25,6.75,0.59027
22.75,6.75,0.569059
23.25,6.75,0.547849
23.75,6.75,0.526638
24.25,6.75,0.50737
24.75,6.75,0.488101
25.25,6.75,0.468832
25.75,6.75,0.449563
26.25,6.75,0.430295
26.75,6.75,0.412979
27.25,6.75,0.395663
27.75,6.75,0.378348
28.25,6.75,0.361032
28.75,6.75,0.343717
29.25,6.75,0.328242
29.75,6.75,0.312767
30.25,6.75,0.297293
30.75,6.75,0.281818
31.25,6.75,0.266343
31.75,6.75,0.252329
32.25,6.75,0.238315
32.75,6.75,0.2243
33.25,6.75,0.210286
33.75,6.75,0.196271
34.25,6.75,0.183847
34.75,6.75,0.171422
35.25,6.75,0.158997
35.75,6.75,0.146573
36.25,6.75,0.134148
36.75,6.75,0.123776
37.25,6.75,0.113403
37.75,6.75,0.10303
38.25,6.75,0.0926574
38.75,6.75,0.0822846
39.25,6.75,0.0747052
39.75,6.75,0.0671258
40.25,6.75,0.0595464
40.75,6.75,0.051967
41.25,6.75,0.0443875
41.75,6.75,0.0398132
42.25,6.75,0.0352389
42.75,6.75,0.0306646
43.25,6.75,0.0260903
43.75,6.75,0.021516
44.25,6.75,0.021516
44.75,6.75,0.021516
-44.75,7.25,0.0123464
-44.25,7.25,0.0123464
-43.75,7.25,0.0123464
-43.25,7.25,0.0140628
-42.75,7.25,0.0157791
-42.25,7.25,0.0174955
-41.75,7.25,0.0192119
-41.25,7.25,0.0209283
-40.75,7.25,0.0256411
-40.25,7.25,0.030354
-39.75,7.25,0.0350669
-39.25,7.25,0.0397798
-38.75,7.25,0.0444927
-38.25,7.25,0.052805
-37.75,7.25,0.0611174
-37.25,7.25,0.0694297
-36.75,7.25,0.0777421
-36.25,7.25,0.0860544
-35.75,7.25,0.096339
-35.25,7.25,0.106624
-34.75,7.25,0.116908
-34.25,7.25,0.127193
-33.75,7.25,0.137477
-33.25,7.25,0.147913
-32.75,7.25,0.158348
-32.25,7.25,0.168784
-31.75,7.25,0.17922
-31.25,7.25,0.189655
-30.75,7.25,0.199479
-30.25,7.25,0.209303
-29.75,7.25,0.219127
-29.25,7.25,0.228951
-28.75,7.25,0.238775
-28.25,7.25,0.247793
-27.75,7.25,0.256811
-27.25,7.25,0.26583
-26.75,7.25,0.274848
-26.25,7.25,0.283866
-25.75,7.25,0.292328
-25.25,7.25,0.300789
-24.75,7.25,0.30925
-24.25,7.25,0.317711
-23.75,7.25,0.326173
-23.25,7.25,0.334212
-22.75,7.25,0.342251
-22.25,7.25,0.35029
-21.75,7.25,0.358329
-21.25,7.25,0.366368
-20.75,7.25,0.374212
-20.25,7.25,0.382056
-19.75,7.25,0.3899
-19.25,7.25,0.397744
-18.75,7.25,0.405588
-18.25,7.25,0.413574
-17.75,7.25,0.42156
-17.25,7.25,0.429546
-16.75,7.25,0.437532
-16.25,7.25,0.445518
-15.75,7.25,0.454023
-15.25,7.25,0.462529
-14.75,7.25,0.471034
-14.25,7.25,0.479539
-13.75,7.25,0.488045
-13.25,7.25,0.497261
-12.75,7.25,0.506477
-12.25,7.25,0.515692
-11.75,7.25,0.524908
-11.25,7.25,0.534124
-10.75,7.25,0.544651
-10.25,7.25,0.555178
-9.75,7.25,0.565705
-9.25,7.25,0.576232
-8.75,7.25,0.586758
-8.25,7.25,0.599076
-7.75,7.25,0.611393
-7.25,7.25,0.62371
-6.75,7.25,0.636027
-6.25,7.25,0.648344
-5.75,7.25,0.662567
-5.25,7.25,0.67679
-4.75,7.25,0.691012
-4.25,7.25,0.705235
-3.75,7.25,0.719458
-3.25,7.25,0.735163
-2.75,7.25,0.750867
-2.25,7.25,0.766572
-1.75,7.25,0.782276
-1.25,7.25,0.797981
-0.75,7.25,0.814327
-0.25,7.25,0.830672
0.25,7.25,0.847018
0.75,7.25,0.863364
1.25,7.25,0.879709
1.75,7.25,0.894849
2.25,7.25,0.909989
2.75,7.25,0.925129
3.25,7.25,0.940269
3.75,7.25,0.955409
4.25,7.25,0.966023
4.75,7.25,0.976636
5.25,7.25,0.98725
5.75,7.25,0.997864
6.25,7.25,1.00848
6.75,7.25,1.01206
7.25,7.25,1.01564
7.75,7.25,1.01922
8.25,7.25,1.0228
8.75,7.25,1.02638
9.25,7.25,1.0213
9.75,7.25,1.01623
10.25,7.25,1.01115
10.75,7.25,1.00607
11.25,7.25,1.00099
11.75,7.25,0.987976
12.25,7.25,0.974963
12.75,7.25,0.96195
13.25,7.25,0.948937
13.75,7.25,0.935924
14.25,7.25,0.916875
14.75,7.25,0.897827
15.25,7.25,0.878778
15.75,7.25,0.85973
16.25,7.25,0.840682
16.75,7.25,0.818884
17.25,7.25,0.797087
17.75,7.25,0.775289
18.25,7.25,0.753492
18.75,7.25,0.731694
19.25,7.25,0.709374
19.75,7.25,0.687053
20.25,7.25,0.664732
20.75,7.25,0.642411
21.25,7.25,0.62009
21.75,7.25,0.599273
22.25,7.25,0.578456
22.75,7.25,0.557639
23.25,7.25,0.536823
23.75,7.25,0.516006
24.25,7.25,0.497076
24.75,7.25,0.478146
25.25,7.25,0.459216
25.75,7.25,0.440286
26.25,7.25,0.421356
26.75,7.25,0.404349
27.25,7.25,0.387342
27.75,7.25,0.370336
28.25,7.25,0.353329
28.75,7.25,0.336322
29.25,7.25,0.3211
29.75,7.25,0.305878
30.25,7.25,0.290656
30.75,7.25,0.275434
31.25,7.25,0.260212
31.75,7.25,0.246453
32.25,7.25,0.232694
32.75,7.25,0.218935
33.25,7.25,0.205176
33.75,7.25,0.191417
34.25,7.25,0.179237
34.75,7.25,0.167058
35.25,7.25,0.154879
35.75,7.25,0.142699
36.25,7.25,0.13052
36.75,7.25,0.120389
37.25,7.25,0.110257
37.75,7.25,0.100126
38.25,7.25,0.0899943
38.75,7.25,0.0798629
39.25,7.25,0.0724817
39.75,7.25,0.0651006
40.25,7.25,0.0577195
40.75,7.25,0.0503383
41.25,7.25,0.0429572
41.75,7.25,0.0385303
42.25,7.25,0.0341034
42.75,7.25,0.0296765
43.25,7.25,0.0252496
43.75,7.25,0.0208227
44.25,7.25,0.0208227
44.75,7.25,0.0208227
-44.75,7.75,0.0119229
-44.25,7.75,0.0119229
-43.75,7.75,0.0119229
-43.25,7.75,0.0135242
-42.75,7.75,0.0151255
-42.25,7.75,0.0167268
-41.75,7.75,0.0183281
-41.25,7.75,0.0199293
-40.75,7.75,0.0243642
-40.25,7.75,0.028799
-39.75,7.75,0.0332339
-39.25,7.75,0.0376687
-38.75,7.75,0.0421035
-38.25,7.75,0.0501243
-37.75,7.75,0.058145
-37.25,7.75,0.0661658
-36.75,7.75,0.0741865
-36.25,7.75,0.0822073
-35.75,7.75,0.0922546
-35.25,7.75,0.102302
-34.75,7.75,0.112349
-34.25,7.75,0.122396
-33.75,7.75,0.132444
-33.25,7.75,0.142699
-32.75,7.75,0.152954
-32.25,7.75,0.163209
-31.75,7.75,0.173464
-31.25,7.75,0.183719
-30.75,7.75,0.193369
-30.25,7.75,0.203019
-29.75,7.75,0.21267
-29.25,7.75,0.22232
-28.75,7.75,0.23197
-28.25,7.75,0.240826
-27.75,7.75,0.249682
-27.25,7.75,0.258538
-26.75,7.75,0.267393
-26.25,7.75,0.276249
-25.75,7.75,0.284556
-25.25,7.75,0.292863
-24.75,7.75,0.30117
-24.25,7.75,0.309478
-23.75,7.75,0.317785
-23.25,7.75,0.325719
-22.75,7.75,0.333654
-22.25,7.75,0.341589
-21.75,7.75,0.349524
-21.25,7.75,0.357459
-20.75,7.75,0.365151
-20.25,7.75,0.372844
-19.75,7.75,0.380536
-19.25,7.75,0.388229
-18.75,7.75,0.395921
-18.25,7.75,0.40375
-17.75,7.75,0.411579
-17.25,7.75,0.419409
-16.75,7.75,0.427238
-16.25,7.75,0.435067
-15.75,7.75,0.44341
-15.25,7.75,0.451754
-14.75,7.75,0.460097
-14.25,7.75,0.468441
-13.75,7.75,0.476785
-13.25,7.75,0.485849
-12.75,7.75,0.494912
-12.25,7.75,0.503976
-11.75,7.75,0.51304
-11.25,7.75,0.522104
-10.75,7.75,0.532434
-10.25,7.75,0.542764
-9.75,7.75,0.553094
-9.25,7.75,0.563424
-8.75,7.75,0.573754
-8.25,7.75,0.585784
-7.75,7.75,0.597814
-7.25,7.75,0.609845
-6.75,7.75,0.621875
-6.25,7.75,0.633905
-5.75,7.75,0.647812
-5.25,7.75,0.661719
-4.75,7.75,0.675625
-4.25,7.75,0.689532
-3.75,7.75,0.703439
-3.25,7.75,0.718903
-2.75,7.75,0.734368
-2.25,7.75,0.749832
-1.75,7.75,0.765297
-1.25,7.75,0.780761
-0.75,7.75,0.796812
-0.25,7.75,0.812863
0.25,7.75,0.828913
0.75,7.75,0.844964
1.25,7.75,0.861015
1.75,7.75,0.875864
2.25,7.75,0.890713
2.75,7.75,0.905563
3.25,7.75,0.920412
3.75,7.75,0.935262
4.25,7.75,0.945751
4.75,7.75,0.956241
5.25,7.75,0.966731
5.75,7.75,0.977221
6.25,7.75,0.987711
6.75,7.75,0.991315
7.25,7.75,0.994918
7.75,7.75,0.998522
8.25,7.75,1.00213
8.75,7.75,1.00573
9.25,7.75,1.00085
9.75,7.75,0.995967
10.25,7.75,0.991086
10.75,7.75,0.986205
11.25,7.75,0.981324
11.75,7.75,0.968566
12.25,7.75,0.955808
12.75,7.75,0.943051
13.25,7.75,0.930293
13.75,7.75,0.917535
14.25,7.75,0.898839
14.75,7.75,0.880142
15.25,7.75,0.861446
15.75,7.75,0.842749
16.25,7.75,0.824052
16.75,7.75,0.802593
17.25,7.75,0.781134
17.75,7.75,0.759675
18.25,7.75,0.738216
18.75,7.75,0.716757
19.25,7.75,0.694903
19.75,7.75,0.67305
20.25,7.75,0.651196
20.75,7.75,0.629342
21.25,7.75,0.607488
21.75,7.75,0.587065
22.25,7.75,0.566642
22.75,7.75,0.546219
23.25,7.75,0.525797
23.75,7.75,0.505374
24.25,7.75,0.486782
24.75,7.75,0.468191
25.25,7.75,0.449599
25.75,7.75,0.431008
26.25,7.75,0.412417
26.75,7.75,0.395719
27.25,7.75,0.379021
27.75,7.75,0.362323
28.25,7.75,0.345626
28.75,7.75,0.328928
29.25,7.75,0.313959
29.75,7.75,0.298989
30.25,7.75,0.28402
30.75,7.75,0.269051
31.25,7.75,0.254081
31.75,7.75,0.240578
32.25,7.75,0.227074
32.75,7.75,0.21357
33.25,7.75,0.200066
33.75,7.75,0.186563
34.25,7.75,0.174628
34.75,7.75,0.162694
35.25,7.75,0.15076
35.75,7.75,0.138826
36.25,7.75,0.126892
36.75,7.75,0.117001
37.25,7.75,0.107111
37.75,7.75,0.0972213
38.25,7.75,0.0873312
38.75,7.75,0.0774412
39.25,7.75,0.0702583
39.75,7.75,0.0630754
40.25,7.75,0.0558926
40.75,7.75,0.0487097
41.25,7.75,0.0415268
41.75,7.75,0.0372473
42.25,7.75,0.0329679
42.75,7.75,0.0286884
43.25,7.75,0.0244089
43.75,7.75,0.0201295
44.25,7.75,0.0201295
44.75,7.75,0.0201295
-44.75,8.25,0.0114994
-44.25,8.25,0.0114994
-43.75,8.25,0.0114994
-43.25,8.25,0.0129856
-42.75,8.25,0.0144718
-42.25,8.25,0.015958
-41.75,8.25,0.0174442
-41.25,8.25,0.0189304
-40.75,8.25,0.0230872
-40.25,8.25,0.027244
-39.75,8.25,0.0314008
-39.25,8.25,0.0355576
-38.75,8.25,0.0397144
-38.25,8.25,0.0474436
-37.75,8.25,0.0551727
-37.25,8.25,0.0629019
-36.75,8.25,0.070631
-36.25,8.25,0.0783602
-35.75,8.25,0.0881701
-35.25,8.25,0.0979801
-34.75,8.25,0.10779
-34.25,8.25,0.1176
-33.75,8.25,0.12741
-33.25,8.25,0.137484
-32.75,8.25,0.147559
-32.25,8.25,0.157633
-31.75,8.25,0.167708
-31.25,8.25,0.177782
-30.75,8.25,0.187259
-30.25,8.25,0.196736
-29.75,8.25,0.206212
-29.25,8.25,0.215689
-28.75,8.25,0.225166
-28.25,8.25,0.233859
-27.75,8.25,0.242552
-27.25,8.25,0.251245
-26.75,8.25,0.259939
-26.25,8.25,0.268632
-25.75,8.25,0.276785
-25.25,8.25,0.284938
-24.75,8.25,0.293091
-24.25,8.25,0.301244
-23.75,8.25,0.309396
-23.25,8.25,0.317227
-22.75,8.25,0.325058
-22.25,8.25,0.332888
-21.75,8.25,0.340719
-21.25,8.25,0.34855
-20.75,8.25,0.356091
-20.25,8.25,0.363632
-19.75,8.25,0.371173
-19.25,8.25,0.378714
-18.75,8.25,0.386255
-18.25,8.25,0.393927
-17.75,8.25,0.401599
-17.25,8.25,0.409271
-16.75,8.25,0.416944
-16.25,8.25,0.424616
-15.75,8.25,0.432797
-15.25,8.25,0.440979
-14.75,8.25,0.449161
-14.25,8.25,0.457343
-13.75,8.25,0.465524
-13.25,8.25,0.474436
-12.75,8.25,0.483348
-12.25,8.25,0.492261
-11.75,8.25,0.501173
-11.25,8.25,0.510085
-10.75,8.25,0.520218
-10.25,8.25,0.53035
-9.75,8.25,0.540483
-9.25,8.25,0.550616
-8.75,8.25,0.560749
-8.25,8.25,0.572492
-7.75,8.25,0.584236
-7.25,8.25,0.59598
-6.75,8.25,0.607723
-6.25,8.25,0.619467
-5.75,8.25,0.633058
-5.25,8.25,0.646648
-4.75,8.25,0.660238
-4.25,8.25,0.673829
-3.75,8.25,0.687419
-3.25,8.25,0.702644
-2.75,8.25,0.717868
-2.25,8.25,0.733093
-1.75,8.25,0.748317
-1.25,8.25,0.763541
-0.75,8.25,0.779297
-0.25,8.25,0.795053
0.25,8.25,0.810809
0.75,8.25,0.826564
1.25,8.25,0.84232
1.75,8.25,0.856879
2.25,8.25,0.871438
2.75,8.25,0.885996
3.25,8.25,0.900555
3.75,8.25,0.915114
4.25,8.25,0.92548
4.75,8.25,0.935846
5.25,8.25,0.946213
5.75,8.25,0.956579
6.25,8.25,0.966945
6.75,8.25,0.970571
7.25,8.25,0.974197
7.75,8.25,0.977823
8.25,8.25,0.981449
8.75,8.25,0.985075
9.25,8.25,0.980391
9.75,8.25,0.975708
10.25,8.25,0.971025
10.75,8.25,0.966342
11.25,8.25,0.961658
11.75,8.25,0.949156
12.25,8.25,0.936654
12.75,8.25,0.924152
13.25,8.25,0.911649
13.75,8.25,0.899147
14.25,8.25,0.880802
14.75,8.25,0.862457
15.25,8.25,0.844113
15.75,8.25,0.825768
16.25,8.25,0.807423
16.75,8.25,0.786302
17.25,8.25,0.765182
17.75,8.25,0.744061
18.25,8.25,0.72294
18.75,8.25,0.70182
19.25,8.25,0.680433
19.75,8.25,0.659046
20.25,8.25,0.63766
20.75,8.25,0.616273
21.25,8.25,0.594887
21.75,8.25,0.574858
22.25,8.25,0.554829
22.75,8.25,0.5348
23.25,8.25,0.51477
23.75,8.25,0.494741
24.25,8.25,0.476488
24.75,8.25,0.458236
25.25,8.25,0.439983
25.75,8.25,0.42173
26.25,8.25,0.403478
26.75,8.25,0.387089
27.25,8.25,0.3707
27.75,8.25,0.354311
28.25,8.25,0.337922
28.75,8.25,0.321533
29.25,8.25,0.306817
29.75,8.25,0.2921
30.25,8.25,0.277384
30.75,8.25,0.262667
31.25,8.25,0.24795
31.75,8.25,0.234702
32.25,8.25,0.221454
32.75,8.25,0.208205
33.25,8.25,0.194957
33.75,8.25,0.181708
34.25,8.25,0.170019
34.75,8.25,0.15833
35.25,8.25,0.146641
35.75,8.25,0.134952
36.25,8.25,0.123263
36.75,8.25,0.113614
37.25,8.25,0.103966
37.75,8.25,0.0943169
38.25,8.25,0.0846682
38.75,8.25,0.0750194
39.25,8.25,0.0680348
39.75,8.25,0.0610502
40.25,8.25,0.0540656
40.75,8.25,0.047081
41.25,8.25,0.0400965
41.75,8.25,0.0359644
42.25,8.25,0.0318324
42.75,8.25,0.0277003
43.25,8.25,0.0235683
43.75,8.25,0.0194362
44.25,8.25,0.0194362
44.75,8.25,0.0194362
-44.75,8.75,0.011076
-44.25,8.75,0.011076
-43.75,8.75,0.011076
-43.25,8.75,0.0124471
-42.75,8.75,0.0138182
-42.25,8.75,0.0151893
-41.75,8.75,0.0165604
-41.25,8.75,0.0179315
-40.75,8.75,0.0218103
-40.25,8.75,0.025689
-39.75,8.75,0.0295678
-39.25,8.75,0.0334465
-38.75,8.75,0.0373253
-38.25,8.75,0.0447628
-37.75,8.75,0.0522004
-37.25,8.75,0.0596379
-36.75,8.75,0.0670755
-36.25,8.75,0.0745131
-35.75,8.75,0.0840857
-35.25,8.75,0.0936583
-34.75,8.75,0.103231
-34.25,8.75,0.112804
-33.75,8.75,0.122376
-33.25,8.75,0.13227
-32.75,8.75,0.142164
-32.25,8.75,0.152058
-31.75,8.75,0.161952
-31.25,8.75,0.171846
-30.75,8.75,0.181149
-30.25,8.75,0.190452
-29.75,8.75,0.199755
-29.25,8.75,0.209058
-28.75,8.75,0.218361
-28.25,8.75,0.226892
-27.75,8.75,0.235423
-27.25,8.75,0.243953
-26.75,8.75,0.252484
-26.25,8.75,0.261015
-25.75,8.75,0.269013
-25.25,8.75,0.277012
-24.75,8.75,0.285011
-24.25,8.75,0.29301
-23.75,8.75,0.301008
-23.25,8.75,0.308735
-22.75,8.75,0.316461
-22.25,8.75,0.324188
-21.75,8.75,0.331914
-21.25,8.75,0.339641
-20.75,8.75,0.34703
-20.25,8.75,0.354419
-19.75,8.75,0.361809
-19.25,8.75,0.369198
-18.75,8.75,0.376588
-18.25,8.75,0.384103
-17.75,8.75,0.391619
-17.25,8.75,0.399134
-16.75,8.75,0.406649
-16.25,8.75,0.414165
-15.75,8.75,0.422185
-15.25,8.75,0.430204
-14.75,8.75,0.438224
-14.25,8.75,0.446244
-13.75,8.75,0.454264
-13.25,8.75,0.463024
-12.75,8.75,0.471784
-12.25,8.75,0.480545
-11.75,8.75,0.489305
-11.25,8.75,0.498065
-10.75,8.75,0.508001
-10.25,8.75,0.517937
-9.75,8.75,0.527872
-9.25,8.75,0.537808
-8.75,8.75,0.547744
-8.25,8.75,0.559201
-7.75,8.75,0.570658
-7.25,8.75,0.582115
-6.75,8.75,0.593572
-6.25,8.75,0.605029
-5.75,8.75,0.618303
-5.25,8.75,0.631577
-4.75,8.75,0.644851
-4.25,8.75,0.658126
-3.75,8.75,0.6714
-3.25,8.75,0.686384
-2.75,8.75,0.701369
-2.25,8.75,0.716353
-1.75,8.75,0.731337
-1.25,8.75,0.746322
-0.75,8.75,0.761782
-0.25,8.75,0.777243
0.25,8.75,0.792704
0.75,8.75,0.808165
1.25,8.75,0.823626
1.75,8.75,0.837894
2.25,8.75,0.852162
2.75,8.75,0.86643
3.25,8.75,0.880698
3.75,8.75,0.894966
4.25,8.75,0.905209
4.75,8.75,0.915451
5.25,8.75,0.925694
5.75,8.75,0.935937
6.25,8.75,0.946179
6.75,8.75,0.949827
7.25,8.75,0.953476
7.75,8.75,0.957124
8.25,8.75,0.960772
8.75,8.75,0.96442
9.25,8.75,0.959935
9.75,8.75,0.955449
10.25,8.75,0.950964
10.75,8.75,0.946479
11.25,8.75,0.941993
11.75,8.75,0.929746
12.25,8.75,0.917499
12.75,8.75,0.905252
13.25,8.75,0.893006
13.75,8.75,0.880759
14.25,8.75,0.862766
14.75,8.75,0.844773
15.25,8.75,0.82678
15.75,8.75,0.808787
16.25,8.75,0.790794
16.75,8.75,0.770011
17.25,8.75,0.749229
17.75,8.75,0.728447
18.25,8.75,0.707664
18.75,8.75,0.686882
19.25,8.75,0.665963
19.75,8.75,0.645043
20.25,8.75,0.624124
20.75,8.75,0.603205
21.25,8.75,0.582286
21.75,8.75,0.56265
22.25,8.75,0.543015
22.75,8.75,0.52338
23.25,8.75,0.503744
23.75,8.75,0.484109
24.25,8.75,0.466195
24.75,8.75,0.448281
25.25,8.75,0.430367
25.75,8.75,0.412453
26.25,8.75,0.394539
26.75,8.75,0.378459
27.25,8.75,0.362379
27.75,8.75,0.346299
28.25,8.75,0.330219
28.75,8.75,0.314139
29.25,8.75,0.299675
29.75,8.75,0.285211
30.25,8.75,0.270747
30.75,8.75,0.256283
31.25,8.75,0.241819
31.75,8.75,0.228826
32.25,8.75,0.215833
32.75,8.75,0.20284
33.25,8.75,0.189847
33.75,8.75,0.176854
34.25,8.75,0.16541
34.75,8.75,0.153966
35.25,8.75,0.142522
35.75,8.75,0.131078
36.25,8.75,0.119635
36.75,8.75,0.110227
37.25,8.75,0.10082
37.75,8.75,0.0914125
38.25,8.75,0.0820051
38.75,8.75,0.0725977
39.25,8.75,0.0658114
39.75,8.75,0.0590251
40.25,8.75,0.0522387
40.75,8.75,0.0454524
41.25,8.75,0.0386661
41.75,8.75,0.0346815
42.25,8.75,0.0306968
42.75,8.75,0.0267122
43.25,8.75,0.0227276
43.75,8.75,0.0187429
44.25,8.75,0.0187429
44.75,8.75,0.0187429
-44.75,9.25,0.0106478
-44.25,9.25,0.0106478
-43.75,9.25,0.0106478
-43.25,9.25,0.0119199
-42.75,9.25,0.013192
-42.25,9.25,0.0144642
-41.75,9.25,0.0157363
-41.25,9.25,0.0170084
-40.75,9.25,0.020634
-40.25,9.25,0.0242596
-39.75,9.25,0.0278851
-39.25,9.25,0.0315107
-38.75,9.25,0.0351362
-38.25,9.25,0.0422147
-37.75,9.25,0.0492932
-37.25,9.25,0.0563717
-36.75,9.25,0.0634502
-36.25,9.25,0.0705287
-35.75,9.25,0.0798184
-35.25,9.25,0.0891082
-34.75,9.25,0.0983979
-34.25,9.25,0.107688
-33.75,9.25,0.116977
-33.25,9.25,0.126642
-32.75,9.25,0.136307
-32.25,9.25,0.145971
-31.75,9.25,0.155636
-31.25,9.25,0.165301
-30.75,9.25,0.174396
-30.25,9.25,0.183491
-29.75,9.25,0.192586
-29.25,9.25,0.201681
-28.75,9.25,0.210776
-28.25,9.25,0.219125
-27.75,9.25,0.227475
-27.25,9.25,0.235825
-26.75,9.25,0.244174
-26.25,9.25,0.252524
-25.75,9.25,0.260366
-25.25,9.25,0.268208
-24.75,9.25,0.27605
-24.25,9.25,0.283892
-23.75,9.25,0.291734
-23.25,9.25,0.299268
-22.75,9.25,0.306801
-22.25,9.25,0.314334
-21.75,9.25,0.321867
-21.25,9.25,0.3294
-20.75,9.25,0.336642
-20.25,9.25,0.343884
-19.75,9.25,0.351126
-19.25,9.25,0.358368
-18.75,9.25,0.36561
-18.25,9.25,0.372967
-17.75,9.25,0.380324
-17.25,9.25,0.38768
-16.75,9.25,0.395037
-16.25,9.25,0.402394
-15.75,9.25,0.410232
-15.25,9.25,0.418071
-14.75,9.25,0.42591
-14.25,9.25,0.433748
-13.75,9.25,0.441587
-13.25,9.25,0.45014
-12.75,9.25,0.458692
-12.25,9.25,0.467245
-11.75,9.25,0.475798
-11.25,9.25,0.48435
-10.75,9.25,0.494045
-10.25,9.25,0.50374
-9.75,9.25,0.513434
-9.25,9.25,0.523129
-8.75,9.25,0.532824
-8.25,9.25,0.544017
-7.75,9.25,0.555211
-7.25,9.25,0.566405
-6.75,9.25,0.577599
-6.25,9.25,0.588792
-5.75,9.25,0.60174
-5.25,9.25,0.614687
-4.75,9.25,0.627635
-4.25,9.25,0.640583
-3.75,9.25,0.65353
-3.25,9.25,0.668142
-2.75,9.25,0.682754
-2.25,9.25,0.697366
-1.75,9.25,0.711978
-1.25,9.25,0.726589
-0.75,9.25,0.741685
-0.25,9.25,0.756781
0.25,9.25,0.771876
0.75,9.25,0.786972
1.25,9.25,0.802068
1.75,9.25,0.816012
2.25,9.25,0.829956
2.75,9.25,0.8439
3.25,9.25,0.857844
3.75,9.25,0.871788
4.25,9.25,0.88186
4.75,9.25,0.891933
5.25,9.25,0.902005
5.75,9.25,0.912078
6.25,9.25,0.922151
6.75,9.25,0.925769
7.25,9.25,0.929387
7.75,9.25,0.933005
8.25,9.25,0.936623
8.75,9.25,0.940241
9.25,9.25,0.93592
9.75,9.25,0.931598
10.25,9.25,0.927276
10.75,9.25,0.922955
11.25,9.25,0.918633
11.75,9.25,0.906699
12.25,9.25,0.894765
12.75,9.25,0.882831
13.25,9.25,0.870897
13.75,9.25,0.858963
14.25,9.25,0.841414
14.75,9.25,0.823865
15.25,9.25,0.806316
15.75,9.25,0.788767
16.25,9.25,0.771218
16.75,9.25,0.750917
17.25,9.25,0.730615
17.75,9.25,0.710314
18.25,9.25,0.690013
18.75,9.25,0.669712
19.25,9.25,0.649246
19.75,9.25,0.62878
20.25,9.25,0.608314
20.75,9.25,0.587848
21.25,9.25,0.567382
21.75,9.25,0.548181
22.25,9.25,0.528979
22.75,9.25,0.509778
23.25,9.25,0.490576
23.75,9.25,0.471375
24.25,9.25,0.453861
24.75,9.25,0.436347
25.25,9.25,0.418833
25.75,9.25,0.401319
26.25,9.25,0.383805
26.75,9.25,0.368092
27.25,9.25,0.352379
27.75,9.25,0.336667
28.25,9.25,0.320954
28.75,9.25,0.305241
29.25,9.25,0.291124
29.75,9.25,0.277007
30.25,9.25,0.26289
30.75,9.25,0.248773
31.25,9.25,0.234655
31.75,9.25,0.221958
32.25,9.25,0.20926
32.75,9.25,0.196562
33.25,9.25,0.183864
33.75,9.25,0.171167
34.25,9.25,0.160025
34.75,9.25,0.148884
35.25,9.25,0.137743
35.75,9.25,0.126602
36.25,9.25,0.115461
36.75,9.25,0.106328
37.25,9.25,0.0971956
37.75,9.25,0.088063
38.25,9.25,0.0789304
38.75,9.25,0.0697978
39.25,9.25,0.063262
39.75,9.25,0.0567261
40.25,9.25,0.0501902
40.75,9.25,0.0436544
41.25,9.25,0.0371185
41.75,9.25,0.0332899
42.25,9.25,0.0294614
42.75,9.25,0.0256328
43.25,9.25,0.0218042
43.75,9.25,0.0179757
44.25,9.25,0.0179757
44.75,9.25,0.0179757
-44.75,9.75,0.0102195
-44.25,9.75,0.0102195
-43.75,9.75,0.0102195
-43.25,9.75,0.0113927
-42.75,9.75,0.0125659
-42.25,9.75,0.013739
-41.75,9.75,0.0149122
-41.25,9.75,0.0160854
-40.75,9.75,0.0194577
-40.25,9.75,0.0228301
-39.75,9.75,0.0262024
-39.25,9.75,0.0295748
-38.75,9.75,0.0329472
-38.25,9.75,0.0396666
-37.75,9.75,0.046386
-37.25,9.75,0.0531054
-36.75,9.75,0.0598249
-36.25,9.75,0.0665443
-35.75,9.75,0.0755512
-35.25,9.75,0.084558
-34.75,9.75,0.0935648
-34.25,9.75,0.102572
-33.75,9.75,0.111579
-33.25,9.75,0.121014
-32.75,9.75,0.130449
-32.25,9.75,0.139885
-31.75,9.75,0.14932
-31.25,9.75,0.158756
-30.75,9.75,0.167643
-30.25,9.75,0.176529
-29.75,9.75,0.185416
-29.25,9.75,0.194303
-28.75,9.75,0.20319
-28.25,9.75,0.211359
-27.75,9.75,0.219527
-27.25,9.75,0.227696
-26.75,9.75,0.235865
-26.25,9.75,0.244034
-25.75,9.75,0.251719
-25.25,9.75,0.259404
-24.75,9.75,0.26709
-24.25,9.75,0.274775
-23.75,9.75,0.28246
-23.25,9.75,0.2898
-22.75,9.75,0.29714
-22.25,9.75,0.30448
-21.75,9.75,0.31182
-21.25,9.75,0.31916
-20.75,9.75,0.326255
-20.25,9.75,0.333349
-19.75,9.75,0.340444
-19.25,9.75,0.347538
-18.75,9.75,0.354633
-18.25,9.75,0.361831
-17.75,9.75,0.369029
-17.25,9.75,0.376227
-16.75,9.75,0.383425
-16.25,9.75,0.390623
-15.75,9.75,0.39828
-15.25,9.75,0.405938
-14.75,9.75,0.413595
-14.25,9.75,0.421253
-13.75,9.75,0.42891
-13.25,9.75,0.437255
-12.75,9.75,0.4456
-12.25,9.75,0.453945
-11.75,9.75,0.46229
-11.25,9.75,0.470635
-10.75,9.75,0.480089
-10.25,9.75,0.489543
-9.75,9.75,0.498996
-9.25,9.75,0.50845
-8.75,9.75,0.517904
-8.25,9.75,0.528834
-7.75,9.75,0.539765
-7.25,9.75,0.550695
-6.75,9.75,0.561625
-6.25,9.75,0.572556
-5.75,9.75,0.585177
-5.25,9.75,0.597798
-4.75,9.75,0.610418
-4.25,9.75,0.623039
-3.75,9.75,0.63566
-3.25,9.75,0.6499
-2.75,9.75,0.664139
-2.25,9.75,0.678378
-1.75,9.75,0.692618
-1.25,9.75,0.706857
-0.75,9.75,0.721588
-0.25,9.75,0.736318
0.25,9.75,0.751049
0.75,9.75,0.765779
1.25,9.75,0.78051
1.75,9.75,0.79413
2.25,9.75,0.807749
2.75,9.75,0.821369
3.25,9.75,0.834989
3.75,9.75,0.848609
4.25,9.75,0.858512
4.75,9.75,0.868414
5.25,9.75,0.878317
5.75,9.75,0.88822
6.25,9.75,0.898122
6.75,9.75,0.90171
7.25,9.75,0.905298
7.75,9.75,0.908886
8.25,9.75,0.912474
8.75,9.75,0.916062
9.25,9.75,0.911904
9.75,9.75,0.907747
10.25,9.75,0.903589
10.75,9.75,0.899431
11.25,9.75,0.895273
11.75,9.75,0.883652
12.25,9.75,0.872031
12.75,9.75,0.860409
13.25,9.75,0.848788
13.75,9.75,0.837166
14.25,9.75,0.820062
14.75,9.75,0.802957
15.25,9.75,0.785852
15.75,9.75,0.768747
16.25,9.75,0.751642
16.75,9.75,0.731822
17.25,9.75,0.712002
17.75,9.75,0.692181
18.25,9.75,0.672361
18.75,9.75,0.652541
19.25,9.75,0.632529
19.75,9.75,0.612516
20.25,9.75,0.592504
20.75,9.75,0.572491
21.25,9.75,0.552479
21.75,9.75,0.533711
22.25,9.75,0.514944
22.75,9.75,0.496176
23.25,9.75,0.477409
23.75,9.75,0.458641
24.25,9.75,0.441527
24.75,9.75,0.424413
25.25,9.75,0.407299
25.75,9.75,0.390185
26.25,9.75,0.373071
26.75,9.75,0.357726
27.25,9.75,0.34238
27.75,9.75,0.327034
28.25,9.75,0.311689
28.75,9.75,0.296343
29.25,9.75,0.282573
29.75,9.75,0.268803
30.25,9.75,0.255032
30.75,9.75,0.241262
31.25,9.75,0.227491
31.75,9.75,0.215089
32.25,9.75,0.202687
32.75,9.75,0.190284
33.25,9.75,0.177882
33.75,9.75,0.165479
34.25,9.75,0.154641
34.75,9.75,0.143802
35.25,9.75,0.132964
35.75,9.75,0.122125
36.25,9.75,0.111287
36.75,9.75,0.102429
37.25,9.75,0.0935713
37.75,9.75,0.0847135
38.25,9.75,0.0758557
38.75,9.75,0.0669979
39.25,9.75,0.0607125
39.75,9.75,0.0544271
40.25,9.75,0.0481417
40.75,9.75,0.0418563
41.25,9.75,0.0355709
41.75,9.75,0.0318984
42.25,9.75,0.0282259
42.75,9.75,0.0245534
43.25,9.75,0.0208809
43.75,9.75,0.0172084
44.25,9.75,0.0172084
44.75,9.75,0.0172084
-44.75,10.25,0.00979134
-44.25,10.25,0.00979134
-43.75,10.25,0.00979134
-43.25,10.25,0.0108655
-42.75,10.25,0.0119397
-42.25,10.25,0.0130139
-41.75,10.25,0.0140881
-41.25,10.25,0.0151623
-40.75,10.25,0.0182815
-40.25,10.25,0.0214006
-39.75,10.25,0.0245198
-39.25,10.25,0.0276389
-38.75,10.25,0.0307581
-38.25,10.25,0.0371185
-37.75,10.25,0.0434788
-37.25,10.25,0.0498392
-36.75,10.25,0.0561996
-36.25,10.25,0.0625599
-35.75,10.25,0.0712839
-35.25,10.25,0.0800078
-34.75,10.25,0.0887318
-34.25,10.25,0.0974557
-33.75,10.25,0.10618
-33.25,10.25,0.115386
-32.75,10.25,0.124592
-32.25,10.25,0.133798
-31.75,10.25,0.143005
-31.25,10.25,0.152211
-30.75,10.25,0.16089
-30.25,10.25,0.169568
-29.75,10.25,0.178247
-29.25,10.25,0.186926
-28.75,10.25,0.195604
-28.25,10.25,0.203592
-27.75,10.25,0.21158
-27.25,10.25,0.219568
-26.75,10.25,0.227555
-26.25,10.25,0.235543
-25.75,10.25,0.243072
-25.25,10.25,0.2506
-24.75,10.25,0.258129
-24.25,10.25,0.265657
-23.75,10.25,0.273186
-23.25,10.25,0.280333
-22.75,10.25,0.28748
-22.25,10.25,0.294626
-21.75,10.25,0.301773
-21.25,10.25,0.30892
-20.75,10.25,0.315867
-20.25,10.25,0.322814
-19.75,10.25,0.329761
-19.25,10.25,0.336708
-18.75,10.25,0.343655
-18.25,10.25,0.350694
-17.75,10.25,0.357734
-17.25,10.25,0.364773
-16.75,10.25,0.371812
-16.25,10.25,0.378852
-15.75,10.25,0.386328
-15.25,10.25,0.393805
-14.75,10.25,0.401281
-14.25,10.25,0.408757
-13.75,10.25,0.416234
-13.25,10.25,0.424371
-12.75,10.25,0.432508
-12.25,10.25,0.440646
-11.75,10.25,0.448783
-11.25,10.25,0.45692
-10.75,10.25,0.466133
-10.25,10.25,0.475346
-9.75,10.25,0.484558
-9.25,10.25,0.493771
-8.75,10.25,0.502984
-8.25,10.25,0.513651
-7.75,10.25,0.524318
-7.25,10.25,0.534985
-6.75,10.25,0.545652
-6.25,10.25,0.55632
-5.75,10.25,0.568614
-5.25,10.25,0.580908
-4.75,10.25,0.593202
-4.25,10.25,0.605496
-3.75,10.25,0.61779
-3.25,10.25,0.631657
-2.75,10.25,0.645524
-2.25,10.25,0.659391
-1.75,10.25,0.673258
-1.25,10.25,0.687125
-0.75,10.25,0.701491
-0.25,10.25,0.715856
0.25,10.25,0.730221
0.75,10.25,0.744587
1.25,10.25,0.758952
1.75,10.25,0.772248
2.25,10.25,0.785543
2.75,10.25,0.798839
3.25,10.25,0.812135
3.75,10.25,0.82543
4.25,10.25,0.835163
4.75,10.25,0.844896
5.25,10.25,0.854628
5.75,10.25,0.864361
6.25,10.25,0.874094
6.75,10.25,0.877652
7.25,10.25,0.88121
7.75,10.25,0.884767
8.25,10.25,0.888325
8.75,10.25,0.891883
9.25,10.25,0.887889
9.75,10.25,0.883895
10.25,10.25,0.879901
10.75,10.25,0.875907
11.25,10.25,0.871913
11.75,10.25,0.860605
12.25,10.25,0.849296
12.75,10.25,0.837988
13.25,10.25,0.826679
13.75,10.25,0.81537
14.25,10.25,0.79871
14.75,10.25,0.782049
15.25,10.25,0.765388
15.75,10.25,0.748727
16.25,10.25,0.732066
16.75,10.25,0.712727
17.25,10.25,0.693388
17.75,10.25,0.674049
18.25,10.25,0.65471
18.75,10.25,0.635371
19.25,10.25,0.615812
19.75,10.25,0.596253
20.25,10.25,0.576694
20.75,10.25,0.557134
21.25,10.25,0.537575
21.75,10.25,0.519242
22.25,10.25,0.500908
22.75,10.25,0.482575
23.25,10.25,0.464241
23.75,10.25,0.445908
24.25,10.25,0.429194
24.75,10.25,0.412479
25.25,10.25,0.395765
25.75,10.25,0.379051
26.25,10.25,0.362337
26.75,10.25,0.347359
27.25,10.25,0.332381
27.75,10.25,0.317402
28.25,10.25,0.302424
28.75,10.25,0.287446
29.25,10.25,0.274022
29.75,10.25,0.260598
30.25,10.25,0.247175
30.75,10.25,0.233751
31.25,10.25,0.220327
31.75,10.25,0.20822
32.25,10.25,0.196113
32.75,10.25,0.184006
33.25,10.25,0.171899
33.75,10.25,0.159792
34.25,10.25,0.149256
34.75,10.25,0.13872
35.25,10.25,0.128185
35.75,10.25,0.117649
36.25,10.25,0.107113
36.75,10.25,0.0985301
37.25,10.25,0.0899471
37.75,10.25,0.0813641
38.25,10.25,0.072781
38.75,10.25,0.064198
39.25,10.25,0.0581631
39.75,10.25,0.0521281
40.25,10.25,0.0460932
40.75,10.25,0.0400582
41.25,10.25,0.0340233
41.75,10.25,0.0305069
42.25,10.25,0.0269904
42.75,10.25,0.023474
43.25,10.25,0.0199576
43.75,10.25,0.0164412
44.25,10.25,0.0164412
44.75,10.25,0.0164412
-44.75,10.75,0.00936314
-44.25,10.75,0.00936314
-43.75,10.75,0.00936314
-43.25,10.75,0.0103384
-42.75,10.75,0.0113136
-42.25,10.75,0.0122888
-41.75,10.75,0.013264
-41.25,10.75,0.0142392
-40.75,10.75,0.0171052
-40.25,10.75,0.0199712
-39.75,10.75,0.0228371
-39.25,10.75,0.0257031
-38.75,10.75,0.028569
-38.25,10.75,0.0345703
-37.75,10.75,0.0405716
-37.25,10.75,0.0465729
-36.75,10.75,0.0525743
-36.25,10.75,0.0585756
-35.75,10.75,0.0670166
-35.25,10.75,0.0754577
-34.75,10.75,0.0838987
-34.25,10.75,0.0923398
-33.75,10.75,0.100781
-33.25,10.75,0.109758
-32.75,10.75,0.118735
-32.25,10.75,0.127712
-31.75,10.75,0.136689
-31.25,10.75,0.145666
-30.75,10.75,0.154137
-30.25,10.75,0.162607
-29.75,10.75,0.171078
-29.25,10.75,0.179548
-28.75,10.75,0.188019
-28.25,10.75,0.195826
-27.75,10.75,0.203632
-27.25,10.75,0.211439
-26.75,10.75,0.219246
-26.25,10.75,0.227053
-25.75,10.75,0.234425
-25.25,10.75,0.241796
-24.75,10.75,0.249168
-24.25,10.75,0.25654
-23.75,10.75,0.263912
-23.25,10.75,0.270866
-22.75,10.75,0.277819
-22.25,10.75,0.284773
-21.75,10.75,0.291726
-21.25,10.75,0.29868
-20.75,10.75,0.305479
-20.25,10.75,0.312279
-19.75,10.75,0.319078
-19.25,10.75,0.325878
-18.75,10.75,0.332677
-18.25,10.75,0.339558
-17.75,10.75,0.346439
-17.25,10.75,0.35332
-16.75,10.75,0.3602
-16.25,10.75,0.367081
-15.75,10.75,0.374376
-15.25,10.75,0.381671
-14.75,10.75,0.388966
-14.25,10.75,0.396262
-13.75,10.75,0.403557
-13.25,10.75,0.411486
-12.75,10.75,0.419416
-12.25,10.75,0.427346
-11.75,10.75,0.435276
-11.25,10.75,0.443205
-10.75,10.75,0.452177
-10.25,10.75,0.461149
-9.75,10.75,0.47012
-9.25,10.75,0.479092
-8.75,10.75,0.488063
-8.25,10.75,0.498467
-7.75,10.75,0.508871
-7.25,10.75,0.519275
-6.75,10.75,0.529679
-6.25,10.75,0.540083
-5.75,10.75,0.552051
-5.25,10.75,0.564018
-4.75,10.75,0.575985
-4.25,10.75,0.587953
-3.75,10.75,0.59992
-3.25,10.75,0.613415
-2.75,10.75,0.626909
-2.25,10.75,0.640404
-1.75,10.75,0.653899
-1.25,10.75,0.667393
-0.75,10.75,0.681393
-0.25,10.75,0.695394
0.25,10.75,0.709394
0.75,10.75,0.723394
1.25,10.75,0.737394
1.75,10.75,0.750366
2.25,10.75,0.763337
2.75,10.75,0.776309
3.25,10.75,0.78928
3.75,10.75,0.802252
4.25,10.75,0.811814
4.75,10.75,0.821377
5.25,10.75,0.83094
5.75,10.75,0.840503
6.25,10.75,0.850065
6.75,10.75,0.853593
7.25,10.75,0.857121
7.75,10.75,0.860649
8.25,10.75,0.864176
8.75,10.75,0.867704
9.25,10.75,0.863874
9.75,10.75,0.860044
10.25,10.75,0.856214
10.75,10.75,0.852384
11.25,10.75,0.848554
11.75,10.75,0.837558
12.25,10.75,0.826562
12.75,10.75,0.815566
13.25,10.75,0.80457
13.75,10.75,0.793574
14.25,10.75,0.777358
14.75,10.75,0.761141
15.25,10.75,0.744924
15.75,10.75,0.728707
16.25,10.75,0.71249
16.75,10.75,0.693632
17.25,10.75,0.674774
17.75,10.75,0.655916
18.25,10.75,0.637058
18.75,10.75,0.6182
19.25,10.75,0.599095
19.75,10.75,0.579989
20.25,10.75,0.560883
20.75,10.75,0.541778
21.25,10.75,0.522672
21.75,10.75,0.504772
22.25,10.75,0.486873
22.75,10.75,0.468973
23.25,10.75,0.451073
23.75,10.75,0.433174
24.25,10.75,0.41686
24.75,10.75,0.400546
25.25,10.75,0.384232
25.75,10.75,0.367918
26.25,10.75,0.351604
26.75,10.75,0.336993
27.25,10.75,0.322381
27.75,10.75,0.30777
28.25,10.75,0.293159
28.75,10.75,0.278548
29.25,10.75,0.265471
29.75,10.75,0.252394
30.25,10.75,0.239317
30.75,10.75,0.22624
31.25,10.75,0.213163
31.75,10.75,0.201352
32.25,10.75,0.18954
32.75,10.75,0.177728
33.25,10.75,0.165916
33.75,10.75,0.154105
34.25,10.75,0.143871
34.75,10.75,0.133638
35.25,10.75,0.123405
35.75,10.75,0.113172
36.25,10.75,0.102939
36.75,10.75,0.094631
37.25,10.75,0.0863228
37.75,10.75,0.0780146
38.25,10.75,0.0697064
38.75,10.75,0.0613982
39.25,10.75,0.0556137
39.75,10.75,0.0498292
40.25,10.75,0.0440447
40.75,10.75,0.0382602
41.25,10.75,0.0324757
41.75,10.75,0.0291153
42.25,10.75,0.025755
42.75,10.75,0.0223946
43.25,10.75,0.0190343
43.75,10.75,0.0156739
44.25,10.75,0.0156739
44.75,10.75,0.0156739
-44.75,11.25,0.00893494
-44.25,11.25,0.00893494
-43.75,11.25,0.00893494
-43.25,11.25,0.00981118
-42.75,11.25,0.0106874
-42.25,11.25,0.0115637
-41.75,11.25,0.0124399
-41.25,11.25,0.0133162
-40.75,11.25,0.0159289
-40.25,11.25,0.0185417
-39.75,11.25,0.0211545
-39.25,11.25,0.0237672
-38.75,11.25,0.02638
-38.25,11.25,0.0320222
-37.75,11.25,0.0376645
-37.25,11.25,0.0433067
-36.75,11.25,0.0489489
-36.25,11.25,0.0545912
-35.75,11.25,0.0627493
-35.25,11.25,0.0709075
-34.75,11.25,0.0790657
-34.25,11.25,0.0872239
-33.75,11.25,0.095382
-33.25,11.25,0.10413
-32.75,11.25,0.112878
-32.25,11.25,0.121625
-31.75,11.25,0.130373
-31.25,11.25,0.139121
-30.75,11.25,0.147384
-30.25,11.25,0.155646
-29.75,11.25,0.163908
-29.25,11.25,0.172171
-28.75,11.25,0.180433
-28.25,11.25,0.188059
-27.75,11.25,0.195685
-27.25,11.25,0.203311
-26.75,11.25,0.210936
-26.25,11.25,0.218562
-25.75,11.25,0.225777
-25.25,11.25,0.232993
-24.75,11.25,0.240208
-24.25,11.25,0.247423
-23.75,11.25,0.254638
-23.25,11.25,0.261398
-22.75,11.25,0.268159
-22.25,11.25,0.274919
-21.75,11.25,0.281679
-21.25,11.25,0.28844
-20.75,11.25,0.295092
-20.25,11.25,0.301744
-19.75,11.25,0.308396
-19.25,11.25,0.315048
-18.75,11.25,0.3217
-18.25,11.25,0.328422
-17.75,11.25,0.335144
-17.25,11.25,0.341866
-16.75,11.25,0.348588
-16.25,11.25,0.35531
-15.75,11.25,0.362424
-15.25,11.25,0.369538
-14.75,11.25,0.376652
-14.25,11.25,0.383766
-13.75,11.25,0.39088
-13.25,11.25,0.398602
-12.75,11.25,0.406324
-12.25,11.25,0.414046
-11.75,11.25,0.421768
-11.25,11.25,0.42949
-10.75,11.25,0.438221
-10.25,11.25,0.446952
-9.75,11.25,0.455682
-9.25,11.25,0.464413
-8.75,11.25,0.473143
-8.25,11.25,0.483284
-7.75,11.25,0.493425
-7.25,11.25,0.503566
-6.75,11.25,0.513706
-6.25,11.25,0.523847
-5.75,11.25,0.535488
-5.25,11.25,0.547128
-4.75,11.25,0.558769
-4.25,11.25,0.570409
-3.75,11.25,0.58205
-3.25,11.25,0.595172
-2.75,11.25,0.608295
-2.25,11.25,0.621417
-1.75,11.25,0.634539
-1.25,11.25,0.647661
-0.75,11.25,0.661296
-0.25,11.25,0.674931
0.25,11.25,0.688566
0.75,11.25,0.702201
1.25,11.25,0.715836
1.75,11.25,0.728484
2.25,11.25,0.741131
2.75,11.25,0.753778
3.25,11.25,0.766426
3.75,11.25,0.779073
4.25,11.25,0.788466
4.75,11.25,0.797859
5.25,11.25,0.807251
5.75,11.25,0.816644
6.25,11.25,0.826037
6.75,11.25,0.829535
7.25,11.25,0.833032
7.75,11.25,0.83653
8.25,11.25,0.840027
8.75,11.25,0.843525
9.25,11.25,0.839859
9.75,11.25,0.836192
10.25,11.25,0.832526
10.75,11.25,0.82886
11.25,11.25,0.825194
11.75,11.25,0.814511
12.25,11.25,0.803828
12.75,11.25,0.793144
13.25,11.25,0.782461
13.75,11.25,0.771778
14.25,11.25,0.756006
14.75,11.25,0.740233
15.25,11.25,0.72446
15.75,11.25,0.708687
16.25,11.25,0.692915
16.75,11.25,0.674538
17.25,11.25,0.656161
17.75,11.25,0.637784
18.25,11.25,0.619407
18.75,11.25,0.60103
19.25,11.25,0.582378
19.75,11.25,0.563725
20.25,11.25,0.545073
20.75,11.25,0.526421
21.25,11.25,0.507769
21.75,11.25,0.490303
22.25,11.25,0.472837
22.75,11.25,0.455371
23.25,11.25,0.437906
23.75,11.25,0.42044
24.25,11.25,0.404526
24.75,11.25,0.388612
25.25,11.25,0.372698
25.75,11.25,0.356784
26.25,11.25,0.34087
26.75,11.25,0.326626
27.25,11.25,0.312382
27.75,11.25,0.298138
28.25,11.25,0.283894
28.75,11.25,0.26965
29.25,11.25,0.25692
29.75,11.25,0.24419
30.25,11.25,0.23146
30.75,11.25,0.21873
31.25,11.25,0.205999
31.75,11.25,0.194483
32.25,11.25,0.182967
32.75,11.25,0.17145
33.25,11.25,0.159934
33.75,11.25,0.148417
34.25,11.25,0.138487
34.75,11.25,0.128556
35.25,11.25,0.118626
35.75,11.25,0.108696
36.25,11.25,0.0987654
36.75,11.25,0.090732
37.25,11.25,0.0826985
37.75,11.25,0.0746651
38.25,11.25,0.0666317
38.75,11.25,0.0585983
39.25,11.25,0.0530642
39.75,11.25,0.0475302
40.25,11.25,0.0419962
40.75,11.25,0.0364621
41.25,11.25,0.0309281
41.75,11.25,0.0277238
42.25,11.25,0.0245195
42.75,11.25,0.0213152
43.25,11.25,0.0181109
43.75,11.25,0.0149066
44.25,11.25,0.0149066
44.75,11.25,0.0149066
-44.75,11.75,0.00857297
-44.25,11.75,0.00857297
-43.75,11.75,0.00857297
-43.25,11.75,0.00937595
-42.75,11.75,0.0101789
-42.25,11.75,0.0109819
-41.75,11.75,0.0117849
-41.25,11.75,0.0125879
-40.75,11.75,0.0149904
-40.25,11.75,0.0173929
-39.75,11.75,0.0197954
-39.25,11.75,0.022198
-38.75,11.75,0.0246005
-38.25,11.75,0.0298873
-37.75,11.75,0.0351741
-37.25,11.75,0.040461
-36.75,11.75,0.0457478
-36.25,11.75,0.0510346
-35.75,11.75,0.0588294
-35.25,11.75,0.0666242
-34.75,11.75,0.0744189
-34.25,11.75,0.0822137
-33.75,11.75,0.0900085
-33.25,11.75,0.0984681
-32.75,11.75,0.106928
-32.25,11.75,0.115387
-31.75,11.75,0.123847
-31.25,11.75,0.132306
-30.75,11.75,0.140374
-30.25,11.75,0.148441
-29.75,11.75,0.156509
-29.25,11.75,0.164576
-28.75,11.75,0.172644
-28.25,11.75,0.180079
-27.75,11.75,0.187514
-27.25,11.75,0.194949
-26.75,11.75,0.202384
-26.25,11.75,0.209819
-25.75,11.75,0.21685
-25.25,11.75,0.22388
-24.75,11.75,0.230911
-24.25,11.75,0.237942
-23.75,11.75,0.244973
-23.25,11.75,0.251567
-22.75,11.75,0.258162
-22.25,11.75,0.264757
-21.75,11.75,0.271352
-21.25,11.75,0.277946
-20.75,11.75,0.284421
-20.25,11.75,0.290896
-19.75,11.75,0.297371
-19.25,11.75,0.303846
-18.75,11.75,0.310321
-18.25,11.75,0.316864
-17.75,11.75,0.323406
-17.25,11.75,0.329949
-16.75,11.75,0.336491
-16.25,11.75,0.343034
-15.75,11.75,0.349931
-15.25,11.75,0.356829
-14.75,11.75,0.363726
-14.25,11.75,0.370624
-13.75,11.75,0.377521
-13.25,11.75,0.38502
-12.75,11.75,0.392519
-12.25,11.75,0.400018
-11.75,11.75,0.407516
-11.25,11.75,0.415015
-10.75,11.75,0.423495
-10.25,11.75,0.431975
-9.75,11.75,0.440454
-9.25,11.75,0.448934
-8.75,11.75,0.457414
-8.25,11.75,0.467248
-7.75,11.75,0.477082
-7.25,11.75,0.486917
-6.75,11.75,0.496751
-6.25,11.75,0.506585
-5.75,11.75,0.517876
-5.25,11.75,0.529168
-4.75,11.75,0.540459
-4.25,11.75,0.55175
-3.75,11.75,0.563042
-3.25,11.75,0.575751
-2.75,11.75,0.58846
-2.25,11.75,0.601169
-1.75,11.75,0.613878
-1.25,11.75,0.626587
-0.75,11.75,0.639841
-0.25,11.75,0.653096
0.25,11.75,0.66635
0.75,11.75,0.679605
1.25,11.75,0.692859
1.75,11.75,0.705169
2.25,11.75,0.717479
2.75,11.75,0.729789
3.25,11.75,0.742099
3.75,11.75,0.754409
4.25,11.75,0.763498
4.75,11.75,0.772587
5.25,11.75,0.781676
5.75,11.75,0.790764
6.25,11.75,0.799853
6.75,11.75,0.803301
7.25,11.75,0.806749
7.75,11.75,0.810197
8.25,11.75,0.813645
8.75,11.75,0.817093
9.25,11.75,0.813567
9.75,11.75,0.81004
10.25,11.75,0.806514
10.75,11.75,0.802988
11.25,11.75,0.799462
11.75,11.75,0.789168
12.25,11.75,0.778875
12.75,11.75,0.768581
13.25,11.75,0.758288
13.75,11.75,0.747994
14.25,11.75,0.732702
14.75,11.75,0.71741
15.25,11.75,0.702117
15.75,11.75,0.686825
16.25,11.75,0.671533
16.75,11.75,0.653689
17.25,11.75,0.635845
17.75,11.75,0.618001
18.25,11.75,0.600157
18.75,11.75,0.582313
19.25,11.75,0.564181
19.75,11.75,0.546049
20.25,11.75,0.527917
20.75,11.75,0.509785
21.25,11.75,0.491654
21.75,11.75,0.47468
22.25,11.75,0.457706
22.75,11.75,0.440732
23.25,11.75,0.423759
23.75,11.75,0.406785
24.25,11.75,0.391311
24.75,11.75,0.375838
25.25,11.75,0.360364
25.75,11.75,0.34489
26.25,11.75,0.329417
26.75,11.75,0.315571
27.25,11.75,0.301725
27.75,11.75,0.287879
28.25,11.75,0.274033
28.75,11.75,0.260187
29.25,11.75,0.247788
29.75,11.75,0.235389
30.25,11.75,0.22299
30.75,11.75,0.210591
31.25,11.75,0.198192
31.75,11.75,0.187046
32.25,11.75,0.1759
32.75,11.75,0.164755
33.25,11.75,0.153609
33.75,11.75,0.142463
34.25,11.75,0.132834
34.75,11.75,0.123205
35.25,11.75,0.113576
35.75,11.75,0.103946
36.25,11.75,0.0943172
36.75,11.75,0.0866073
37.25,11.75,0.0788973
37.75,11.75,0.0711873
38.25,11.75,0.0634773
38.75,11.75,0.0557674
39.25,11.75,0.0504891
39.75,11.75,0.0452109
40.25,11.75,0.0399327
40.75,11.75,0.0346544
41.25,11.75,0.0293762
41.75,11.75,0.0263398
42.25,11.75,0.0233034
42.75,11.75,0.0202669
43.25,11.75,0.0172305
43.75,11.75,0.0141941
44.25,11.75,0.0141941
44.75,11.75,0.0141941
-44.75,12.25,0.00821101
-44.25,12.25,0.00821101
-43.75,12.25,0.00821101
-43.25,12.25,0.00894072
-42.75,12.25,0.00967043
-42.25,12.25,0.0104001
-41.75,12.25,0.0111299
-41.25,12.25,0.0118596
-40.75,12.25,0.0140519
-40.25,12.25,0.0162442
-39.75,12.25,0.0184364
-39.25,12.25,0.0206287
-38.75,12.25,0.022821
-38.25,12.25,0.0277524
-37.75,12.25,0.0326838
-37.25,12.25,0.0376152
-36.75,12.25,0.0425466
-36.25,12.25,0.047478
-35.75,12.25,0.0549094
-35.25,12.25,0.0623408
-34.75,12.25,0.0697722
-34.25,12.25,0.0772036
-33.75,12.25,0.084635
-33.25,12.25,0.0928063
-32.75,12.25,0.100978
-32.25,12.25,0.109149
-31.75,12.25,0.11732
-31.25,12.25,0.125491
-30.75,12.25,0.133364
-30.25,12.25,0.141237
-29.75,12.25,0.149109
-29.25,12.25,0.156982
-28.75,12.25,0.164855
-28.25,12.25,0.172099
-27.75,12.25,0.179343
-27.25,12.25,0.186587
-26.75,12.25,0.193831
-26.25,12.25,0.201076
-25.75,12.25,0.207922
-25.25,12.25,0.214768
-24.75,12.25,0.221615
-24.25,12.25,0.228461
-23.75,12.25,0.235307
-23.25,12.25,0.241737
-22.75,12.25,0.248166
-22.25,12.25,0.254595
-21.75,12.25,0.261024
-21.25,12.25,0.267453
-20.75,12.25,0.273751
-20.25,12.25,0.280049
-19.75,12.25,0.286347
-19.25,12.25,0.292644
-18.75,12.25,0.298942
-18.25,12.25,0.305305
-17.75,12.25,0.311668
-17.25,12.25,0.318031
-16.75,12.25,0.324395
-16.25,12.25,0.330758
-15.75,12.25,0.337439
-15.25,12.25,0.34412
-14.75,12.25,0.350801
-14.25,12.25,0.357482
-13.75,12.25,0.364163
-13.25,12.25,0.371438
-12.75,12.25,0.378714
-12.25,12.25,0.385989
-11.75,12.25,0.393264
-11.25,12.25,0.400539
-10.75,12.25,0.408769
-10.25,12.25,0.416998
-9.75,12.25,0.425227
-9.25,12.25,0.433456
-8.75,12.25,0.441685
-8.25,12.25,0.451212
-7.75,12.25,0.46074
-7.25,12.25,0.470268
-6.75,12.25,0.479795
-6.25,12.25,0.489323
-5.75,12.25,0.500265
-5.25,12.25,0.511207
-4.75,12.25,0.522149
-4.25,12.25,0.533091
-3.75,12.25,0.544033
-3.25,12.25,0.556329
-2.75,12.25,0.568625
-2.25,12.25,0.580921
-1.75,12.25,0.593217
-1.25,12.25,0.605513
-0.75,12.25,0.618386
-0.25,12.25,0.63126
0.25,12.25,0.644134
0.75,12.25,0.657008
1.25,12.25,0.669882
1.75,12.25,0.681855
2.25,12.25,0.693827
2.75,12.25,0.7058
3.25,12.25,0.717773
3.75,12.25,0.729746
4.25,12.25,0.73853
4.75,12.25,0.747315
5.25,12.25,0.7561
5.75,12.25,0.764885
6.25,12.25,0.77367
6.75,12.25,0.777068
7.25,12.25,0.780466
7.75,12.25,0.783864
8.25,12.25,0.787262
8.75,12.25,0.790661
9.25,12.25,0.787274
9.75,12.25,0.783888
10.25,12.25,0.780502
10.75,12.25,0.777116
11.25,12.25,0.773729
11.75,12.25,0.763825
12.25,12.25,0.753922
12.75,12.25,0.744018
13.25,12.25,0.734114
13.75,12.25,0.72421
14.25,12.25,0.709398
14.75,12.25,0.694586
15.25,12.25,0.679775
15.75,12.25,0.664963
16.25,12.25,0.650151
16.75,12.25,0.63284
17.25,12.25,0.615529
17.75,12.25,0.598218
18.25,12.25,0.580907
18.75,12.25,0.563596
19.25,12.25,0.545985
19.75,12.25,0.528373
20.25,12.25,0.510762
20.75,12.25,0.49315
21.25,12.25,0.475539
21.75,12.25,0.459057
22.25,12.25,0.442575
22.75,12.25,0.426093
23.25,12.25,0.409611
23.75,12.25,0.393129
24.25,12.25,0.378096
24.75,12.25,0.363063
25.25,12.25,0.34803
25.75,12.25,0.332997
26.25,12.25,0.317964
26.75,12.25,0.304516
27.25,12.25,0.291068
27.75,12.25,0.27762
28.25,12.25,0.264172
28.75,12.25,0.250724
29.25,12.25,0.238656
29.75,12.25,0.226588
30.25,12.25,0.21452
30.75,12.25,0.202452
31.25,12.25,0.190385
31.75,12.25,0.17961
32.25,12.25,0.168834
32.75,12.25,0.158059
33.25,12.25,0.147284
33.75,12.25,0.136509
34.25,12.25,0.127181
34.75,12.25,0.117853
35.25,12.25,0.108525
35.75,12.25,0.0991971
36.25,12.25,0.0898691
36.75,12.25,0.0824826
37.25,12.25,0.075096
37.75,12.25,0.0677095
38.25,12.25,0.060323
38.75,12.25,0.0529364
39.25,12.25,0.047914
39.75,12.25,0.0428916
40.25,12.25,0.0378692
40.75,12.25,0.0328468
41.25,12.25,0.0278244
41.75,12.25,0.0249558
42.25,12.25,0.0220872
42.75,12.25,0.0192187
43.25,12.25,0.0163501
43.75,12.25,0.0134815
44.25,12.25,0.0134815
44.75,12.25,0.0134815
-44.75,12.75,0.00784904
-44.25,12.75,0.00784904
-43.75,12.75,0.00784904
-43.25,12.75,0.00850549
-42.75,12.75,0.00916193
-42.25,12.75,0.00981837
-41.75,12.75,0.0104748
-41.25,12.75,0.0111313
-40.75,12.75,0.0131133
-40.25,12.75,0.0150954
-39.75,12.75,0.0170774
-39.25,12.75,0.0190595
-38.75,12.75,0.0210416
-38.25,12.75,0.0256175
-37.75,12.75,0.0301935
-37.25,12.75,0.0347695
-36.75,12.75,0.0393454
-36.25,12.75,0.0439214
-35.75,12.75,0.0509894
-35.25,12.75,0.0580575
-34.75,12.75,0.0651255
-34.25,12.75,0.0721935
-33.75,12.75,0.0792615
-33.25,12.75,0.0871445
-32.75,12.75,0.0950275
-32.25,12.75,0.102911
-31.75,12.75,0.110794
-31.25,12.75,0.118677
-30.75,12.75,0.126354
-30.25,12.75,0.134032
-29.75,12.75,0.14171
-29.25,12.75,0.149388
-28.75,12.75,0.157066
-28.25,12.75,0.164119
-27.75,12.75,0.171172
-27.25,12.75,0.178226
-26.75,12.75,0.185279
-26.25,12.75,0.192332
-25.75,12.75,0.198994
-25.25,12.75,0.205656
-24.75,12.75,0.212318
-24.25,12.75,0.21898
-23.75,12.75,0.225642
-23.25,12.75,0.231906
-22.75,12.75,0.238169
-22.25,12.75,0.244433
-21.75,12.75,0.250696
-21.25,12.75,0.25696
-20.75,12.75,0.263081
-20.25,12.75,0.269201
-19.75,12.75,0.275322
-19.25,12.75,0.281443
-18.75,12.75,0.287563
-18.25,12.75,0.293747
-17.75,12.75,0.299931
-17.25,12.75,0.306114
-16.75,12.75,0.312298
-16.25,12.75,0.318482
-15.75,12.75,0.324946
-15.25,12.75,0.331411
-14.75,12.75,0.337875
-14.25,12.75,0.34434
-13.75,12.75,0.350805
-13.25,12.75,0.357856
-12.75,12.75,0.364908
-12.25,12.75,0.37196
-11.75,12.75,0.379012
-11.25,12.75,0.386064
-10.75,12.75,0.394042
-10.25,12.75,0.402021
-9.75,12.75,0.409999
-9.25,12.75,0.417977
-8.75,12.75,0.425956
-8.25,12.75,0.435177
-7.75,12.75,0.444398
-7.25,12.75,0.453619
-6.75,12.75,0.46284
-6.25,12.75,0.472061
-5.75,12.75,0.482653
-5.25,12.75,0.493246
-4.75,12.75,0.503839
-4.25,12.75,0.514432
-3.75,12.75,0.525025
-3.25,12.75,0.536907
-2.75,12.75,0.54879
-2.25,12.75,0.560673
-1.75,12.75,0.572556
-1.25,12.75,0.584438
-0.75,12.75,0.596932
-0.25,12.75,0.609425
0.25,12.75,0.621918
0.75,12.75,0.634412
1.25,12.75,0.646905
1.75,12.75,0.65854
2.25,12.75,0.670176
2.75,12.75,0.681811
3.25,12.75,0.693446
3.75,12.75,0.705082
4.25,12.75,0.713563
4.75,12.75,0.722043
5.25,12.75,0.730524
5.75,12.75,0.739005
6.25,12.75,0.747486
6.75,12.75,0.750834
7.25,12.75,0.754183
7.75,12.75,0.757531
8.25,12.75,0.76088
8.75,12.75,0.764228
9.25,12.75,0.760982
9.75,12.75,0.757736
10.25,12.75,0.75449
10.75,12.75,0.751243
11.25,12.75,0.747997
11.75,12.75,0.738483
12.25,12.75,0.728969
12.75,12.75,0.719454
13.25,12.75,0.70994
13.75,12.75,0.700426
14.25,12.75,0.686094
14.75,12.75,0.671763
15.25,12.75,0.657432
15.75,12.75,0.643101
16.25,12.75,0.628769
16.75,12.75,0.611991
17.25,12.75,0.595213
17.75,12.75,0.578435
18.25,12.75,0.561657
18.75,12.75,0.544879
19.25,12.75,0.527788
19.75,12.75,0.510697
20.25,12.75,0.493606
20.75,12.75,0.476515
21.25,12.75,0.459424
21.75,12.75,0.443434
22.25,12.75,0.427444
22.75,12.75,0.411454
23.25,12.75,0.395464
23.75,12.75,0.379474
24.25,12.75,0.364881
24.75,12.75,0.350289
25.25,12.75,0.335696
25.75,12.75,0.321103
26.25,12.75,0.30651
26.75,12.75,0.29346
27.25,12.75,0.280411
27.75,12.75,0.267361
28.25,12.75,0.254311
28.75,12.75,0.241261
29.25,12.75,0.229524
29.75,12.75,0.217787
30.25,12.75,0.206051
30.75,12.75,0.194314
31.25,12.75,0.182577
31.75,12.75,0.172173
32.25,12.75,0.161768
32.75,12.75,0.151364
33.25,12.75,0.14096
33.75,12.75,0.130555
34.25,12.75,0.121528
34.75,12.75,0.112502
35.25,12.75,0.103475
35.75,12.75,0.0944478
36.25,12.75,0.0854209
36.75,12.75,0.0783579
37.25,12.75,0.0712948
37.75,12.75,0.0642317
38.25,12.75,0.0571686
38.75,12.75,0.0501055
39.25,12.75,0.0453389
39.75,12.75,0.0405723
40.25,12.75,0.0358057
40.75,12.75,0.0310391
41.25,12.75,0.0262725
41.75,12.75,0.0235718
42.25,12.75,0.0208711
42.75,12.75,0.0181704
43.25,12.75,0.0154697
43.75,12.75,0.012769
44.25,12.75,0.012769
44.75,12.75,0.012769
-44.75,13.25,0.00748708
-44.25,13.25,0.00748708
-43.75,13.25,0.00748708
-43.25,13.25,0.00807025
-42.75,13.25,0.00865343
-42.25,13.25,0.00923661
-41.75,13.25,0.00981978
-41.25,13.25,0.010403
-40.75,13.25,0.0121748
-40.25,13.25,0.0139466
-39.75,13.25,0.0157184
-39.25,13.25,0.0174903
-38.75,13.25,0.0192621
-38.25,13.25,0.0234826
-37.75,13.25,0.0277032
-37.25,13.25,0.0319237
-36.75,13.25,0.0361443
-36.25,13.25,0.0403648
-35.75,13.25,0.0470695
-35.25,13.25,0.0537741
-34.75,13.25,0.0604787
-34.25,13.25,0.0671834
-33.75,13.25,0.073888
-33.25,13.25,0.0814828
-32.75,13.25,0.0890775
-32.25,13.25,0.0966722
-31.75,13.25,0.104267
-31.25,13.25,0.111862
-30.75,13.25,0.119345
-30.25,13.25,0.126828
-29.75,13.25,0.13431
-29.25,13.25,0.141793
-28.75,13.25,0.149276
-28.25,13.25,0.156139
-27.75,13.25,0.163001
-27.25,13.25,0.169864
-26.75,13.25,0.176726
-26.25,13.25,0.183589
-25.75,13.25,0.190067
-25.25,13.25,0.196544
-24.75,13.25,0.203022
-24.25,13.25,0.209499
-23.75,13.25,0.215977
-23.25,13.25,0.222075
-22.75,13.25,0.228173
-22.25,13.25,0.234271
-21.75,13.25,0.240369
-21.25,13.25,0.246467
-20.75,13.25,0.25241
-20.25,13.25,0.258354
-19.75,13.25,0.264297
-19.25,13.25,0.270241
-18.75,13.25,0.276184
-18.25,13.25,0.282189
-17.75,13.25,0.288193
-17.25,13.25,0.294197
-16.75,13.25,0.300201
-16.25,13.25,0.306206
-15.75,13.25,0.312454
-15.25,13.25,0.318702
-14.75,13.25,0.32495
-14.25,13.25,0.331198
-13.75,13.25,0.337446
-13.25,13.25,0.344275
-12.75,13.25,0.351103
-12.25,13.25,0.357932
-11.75,13.25,0.36476
-11.25,13.25,0.371589
-10.75,13.25,0.379316
-10.25,13.25,0.387044
-9.75,13.25,0.394771
-9.25,13.25,0.402499
-8.75,13.25,0.410226
-8.25,13.25,0.419141
-7.75,13.25,0.428055
-7.25,13.25,0.43697
-6.75,13.25,0.445884
-6.25,13.25,0.454799
-5.75,13.25,0.465042
-5.25,13.25,0.475286
-4.75,13.25,0.485529
-4.25,13.25,0.495773
-3.75,13.25,0.506016
-3.25,13.25,0.517486
-2.75,13.25,0.528955
-2.25,13.25,0.540425
-1.75,13.25,0.551894
-1.25,13.25,0.563364
-0.75,13.25,0.575477
-0.25,13.25,0.587589
0.25,13.25,0.599702
0.75,13.25,0.611815
1.25,13.25,0.623928
1.75,13.25,0.635226
2.25,13.25,0.646524
2.75,13.25,0.657822
3.25,13.25,0.66912
3.75,13.25,0.680418
4.25,13.25,0.688595
4.75,13.25,0.696772
5.25,13.25,0.704949
5.75,13.25,0.713125
6.25,13.25,0.721302
6.75,13.25,0.724601
7.25,13.25,0.7279
7.75,13.25,0.731199
8.25,13.25,0.734497
8.75,13.25,0.737796
9.25,13.25,0.73469
9.75,13.25,0.731584
10.25,13.25,0.728478
10.75,13.25,0.725371
11.25,13.25,0.722265
11.75,13.25,0.71314
12.25,13.25,0.704016
12.75,13.25,0.694891
13.25,13.25,0.685766
13.75,13.25,0.676642
14.25,13.25,0.662791
14.75,13.25,0.64894
15.25,13.25,0.635089
15.75,13.25,0.621238
16.25,13.25,0.607388
16.75,13.25,0.591143
17.25,13.25,0.574898
17.75,13.25,0.558653
18.25,13.25,0.542408
18.75,13.25,0.526163
19.25,13.25,0.509592
19.75,13.25,0.493021
20.25,13.25,0.47645
20.75,13.25,0.459879
21.25,13.25,0.443309
21.75,13.25,0.427811
22.25,13.25,0.412313
22.75,13.25,0.396815
23.25,13.25,0.381317
23.75,13.25,0.365819
24.25,13.25,0.351667
24.75,13.25,0.337514
25.25,13.25,0.323362
25.75,13.25,0.309209
26.25,13.25,0.295057
26.75,13.25,0.282405
27.25,13.25,0.269753
27.75,13.25,0.257102
28.25,13.25,0.24445
28.75,13.25,0.231798
29.25,13.25,0.220392
29.75,13.25,0.208987
30.25,13.25,0.197581
30.75,13.25,0.186175
31.25,13.25,0.17477
31.75,13.25,0.164736
32.25,13.25,0.154702
32.75,13.25,0.144669
33.25,13.25,0.134635
33.75,13.25,0.124601
34.25,13.25,0.115876
34.75,13.25,0.10715
35.25,13.25,0.0984242
35.75,13.25,0.0896985
36.25,13.25,0.0809728
36.75,13.25,0.0742332
37.25,13.25,0.0674935
37.75,13.25,0.0607539
38.25,13.25,0.0540143
38.75,13.25,0.0472746
39.25,13.25,0.0427638
39.75,13.25,0.038253
40.25,13.25,0.0337422
40.75,13.25,0.0292314
41.25,13.25,0.0247206
41.75,13.25,0.0221878
42.25,13.25,0.0196549
42.75,13.25,0.0171221
43.25,13.25,0.0145892
43.75,13.25,0.0120564
44.25,13.25,0.0120564
44.75,13.25,0.0120564
-44.75,13.75,0.00712511
-44.25,13.75,0.00712511
-43.75,13.75,0.00712511
-43.25,13.75,0.00763502
-42.75,13.75,0.00814493
-42.25,13.75,0.00865484
-41.75,13.75,0.00916475
-41.25,13.75,0.00967466
-40.75,13.75,0.0112363
-40.25,13.75,0.0127978
-39.75,13.75,0.0143594
-39.25,13.75,0.015921
-38.75,13.75,0.0174826
-38.25,13.75,0.0213478
-37.75,13.75,0.0252129
-37.25,13.75,0.029078
-36.75,13.75,0.0329431
-36.25,13.75,0.0368082
-35.75,13.75,0.0431495
-35.25,13.75,0.0494907
-34.75,13.75,0.055832
-34.25,13.75,0.0621733
-33.75,13.75,0.0685145
-33.25,13.75,0.075821
-32.75,13.75,0.0831275
-32.25,13.75,0.0904339
-31.75,13.75,0.0977404
-31.25,13.75,0.105047
-30.75,13.75,0.112335
-30.25,13.75,0.119623
-29.75,13.75,0.126911
-29.25,13.75,0.134199
-28.75,13.75,0.141487
-28.25,13.75,0.148159
-27.75,13.75,0.154831
-27.25,13.75,0.161502
-26.75,13.75,0.168174
-26.25,13.75,0.174846
-25.75,13.75,0.181139
-25.25,13.75,0.187432
-24.75,13.75,0.193725
-24.25,13.75,0.200018
-23.75,13.75,0.206312
-23.25,13.75,0.212244
-22.75,13.75,0.218176
-22.25,13.75,0.224109
-21.75,13.75,0.230041
-21.25,13.75,0.235974
-20.75,13.75,0.24174
-20.25,13.75,0.247506
-19.75,13.75,0.253273
-19.25,13.75,0.259039
-18.75,13.75,0.264806
-18.25,13.75,0.27063
-17.75,13.75,0.276455
-17.25,13.75,0.28228
-16.75,13.75,0.288105
-16.25,13.75,0.293929
-15.75,13.75,0.299961
-15.25,13.75,0.305993
-14.75,13.75,0.312024
-14.25,13.75,0.318056
-13.75,13.75,0.324088
-13.25,13.75,0.330693
-12.75,13.75,0.337298
-12.25,13.75,0.343903
-11.75,13.75,0.350508
-11.25,13.75,0.357113
-10.75,13.75,0.36459
-10.25,13.75,0.372067
-9.75,13.75,0.379544
-9.25,13.75,0.38702
-8.75,13.75,0.394497
-8.25,13.75,0.403105
-7.75,13.75,0.411713
-7.25,13.75,0.420321
-6.75,13.75,0.428929
-6.25,13.75,0.437536
-5.75,13.75,0.447431
-5.25,13.75,0.457325
-4.75,13.75,0.467219
-4.25,13.75,0.477114
-3.75,13.75,0.487008
-3.25,13.75,0.498064
-2.75,13.75,0.509121
-2.25,13.75,0.520177
-1.75,13.75,0.531233
-1.25,13.75,0.54229
-0.75,13.75,0.554022
-0.25,13.75,0.565754
0.25,13.75,0.577486
0.75,13.75,0.589218
1.25,13.75,0.600951
1.75,13.75,0.611911
2.25,13.75,0.622872
2.75,13.75,0.633833
3.25,13.75,0.644794
3.75,13.75,0.655755
4.25,13.75,0.663627
4.75,13.75,0.6715
5.25,13.75,0.679373
5.75,13.75,0.687246
6.25,13.75,0.695118
6.75,13.75,0.698367
7.25,13.75,0.701617
7.75,13.75,0.704866
8.25,13.75,0.708115
8.75,13.75,0.711364
9.25,13.75,0.708398
9.75,13.75,0.705432
10.25,13.75,0.702465
10.75,13.75,0.699499
11.25,13.75,0.696533
11.75,13.75,0.687798
12.25,13.75,0.679063
12.75,13.75,0.670328
13.25,13.75,0.661593
13.75,13.75,0.652857
14.25,13.75,0.639487
14.75,13.75,0.626117
15.25,13.75,0.612746
15.75,13.75,0.599376
16.25,13.75,0.586006
16.75,13.75,0.570294
17.25,13.75,0.554582
17.75,13.75,0.53887
18.25,13.75,0.523158
18.75,13.75,0.507446
19.25,13.75,0.491395
19.75,13.75,0.475345
20.25,13.75,0.459294
20.75,13.75,0.443244
21.25,13.75,0.427193
21.75,13.75,0.412188
22.25,13.75,0.397182
22.75,13.75,0.382176
23.25,13.75,0.36717
23.75,13.75,0.352164
24.25,13.75,0.338452
24.75,13.75,0.32474
25.25,13.75,0.311028
25.75,13.75,0.297316
26.25,13.75,0.283604
26.75,13.75,0.27135
27.25,13.75,0.259096
27.75,13.75,0.246842
28.25,13.75,0.234589
28.75,13.75,0.222335
29.25,13.75,0.21126
29.75,13.75,0.200186
30.25,13.75,0.189111
30.75,13.75,0.178037
31.25,13.75,0.166962
31.75,13.75,0.157299
32.25,13.75,0.147636
32.75,13.75,0.137973
33.25,13.75,0.12831
33.75,13.75,0.118647
34.25,13.75,0.110223
34.75,13.75,0.101798
35.25,13.75,0.0933738
35.75,13.75,0.0849492
36.25,13.75,0.0765247
36.75,13.75,0.0701085
37.25,13.75,0.0636923
37.75,13.75,0.0572761
38.25,13.75,0.0508599
38.75,13.75,0.0444437
39.25,13.75,0.0401887
39.75,13.75,0.0359337
40.25,13.75,0.0316787
40.75,13.75,0.0274237
41.25,13.75,0.0231687
41.75,13.75,0.0208038
42.25,13.75,0.0184388
42.75,13.75,0.0160738
43.25,13.75,0.0137088
43.75,13.75,0.0113438
44.25,13.75,0.0113438
44.75,13.75,0.0113438
-44.75,14.25,0.00678834
-44.25,14.25,0.00678834
-43.75,14.25,0.00678834
-43.25,14.25,0.00725674
-42.75,14.25,0.00772514
-42.25,14.25,0.00819354
-41.75,14.25,0.00866194
-41.25,14.25,0.00913034
-40.75,14.25,0.0105519
-40.25,14.25,0.0119735
-39.75,14.25,0.0133951
-39.25,14.25,0.0148167
-38.75,14.25,0.0162383
-38.25,14.25,0.0198019
-37.75,14.25,0.0233656
-37.25,14.25,0.0269292
-36.75,14.25,0.0304929
-36.25,14.25,0.0340566
-35.75,14.25,0.0400414
-35.25,14.25,0.0460263
-34.75,14.25,0.0520111
-34.25,14.25,0.0579959
-33.75,14.25,0.0639808
-33.25,14.25,0.0710156
-32.75,14.25,0.0780505
-32.25,14.25,0.0850853
-31.75,14.25,0.0921202
-31.25,14.25,0.099155
-30.75,14.25,0.106172
-30.25,14.25,0.113189
-29.75,14.25,0.120205
-29.25,14.25,0.127222
-28.75,14.25,0.134239
-28.25,14.25,0.140716
-27.75,14.25,0.147192
-27.25,14.25,0.153669
-26.75,14.25,0.160146
-26.25,14.25,0.166623
-25.75,14.25,0.17272
-25.25,14.25,0.178817
-24.75,14.25,0.184914
-24.25,14.25,0.191011
-23.75,14.25,0.197108
-23.25,14.25,0.202856
-22.75,14.25,0.208604
-22.25,14.25,0.214353
-21.75,14.25,0.220101
-21.25,14.25,0.22585
-20.75,14.25,0.231438
-20.25,14.25,0.237027
-19.75,14.25,0.242616
-19.25,14.25,0.248205
-18.75,14.25,0.253794
-18.25,14.25,0.259438
-17.75,14.25,0.265082
-17.25,14.25,0.270726
-16.75,14.25,0.27637
-16.25,14.25,0.282014
-15.75,14.25,0.287868
-15.25,14.25,0.293722
-14.75,14.25,0.299577
-14.25,14.25,0.305431
-13.75,14.25,0.311285
-13.25,14.25,0.317683
-12.75,14.25,0.324082
-12.25,14.25,0.33048
-11.75,14.25,0.336879
-11.25,14.25,0.343277
-10.75,14.25,0.350473
-10.25,14.25,0.35767
-9.75,14.25,0.364866
-9.25,14.25,0.372062
-8.75,14.25,0.379258
-8.25,14.25,0.387561
-7.75,14.25,0.395863
-7.25,14.25,0.404165
-6.75,14.25,0.412468
-6.25,14.25,0.42077
-5.75,14.25,0.430307
-5.25,14.25,0.439845
-4.75,14.25,0.449382
-4.25,14.25,0.45892
-3.75,14.25,0.468457
-3.25,14.25,0.479112
-2.75,14.25,0.489766
-2.25,14.25,0.50042
-1.75,14.25,0.511074
-1.25,14.25,0.521728
-0.75,14.25,0.533017
-0.25,14.25,0.544305
0.25,14.25,0.555593
0.75,14.25,0.566882
1.25,14.25,0.57817
1.75,14.25,0.588738
2.25,14.25,0.599305
2.75,14.25,0.609872
3.25,14.25,0.62044
3.75,14.25,0.631007
4.25,14.25,0.63869
4.75,14.25,0.646372
5.25,14.25,0.654054
5.75,14.25,0.661737
6.25,14.25,0.669419
6.75,14.25,0.672616
7.25,14.25,0.675813
7.75,14.25,0.67901
8.25,14.25,0.682207
8.75,14.25,0.685404
9.25,14.25,0.682584
9.75,14.25,0.679765
10.25,14.25,0.676946
10.75,14.25,0.674126
11.25,14.25,0.671307
11.75,14.25,0.662836
12.25,14.25,0.654366
12.75,14.25,0.645896
13.25,14.25,0.637425
13.75,14.25,0.628955
14.25,14.25,0.616073
14.75,14.25,0.603192
15.25,14.25,0.59031
15.75,14.25,0.577429
16.25,14.25,0.564547
16.75,14.25,0.54937
17.25,14.25,0.534193
17.75,14.25,0.519016
18.25,14.25,0.503839
18.75,14.25,0.488663
19.25,14.25,0.473149
19.75,14.25,0.457635
20.25,14.25,0.442121
20.75,14.25,0.426607
21.25,14.25,0.411093
21.75,14.25,0.396576
22.25,14.25,0.382059
22.75,14.25,0.367542
23.25,14.25,0.353025
23.75,14.25,0.338508
24.25,14.25,0.325246
24.75,14.25,0.311984
25.25,14.25,0.298723
25.75,14.25,0.285461
26.25,14.25,0.2722
26.75,14.25,0.260329
27.25,14.25,0.248458
27.75,14.25,0.236588
28.25,14.25,0.224717
28.75,14.25,0.212846
29.25,14.25,0.202174
29.75,14.25,0.191501
30.25,14.25,0.180828
30.75,14.25,0.170156
31.25,14.25,0.159483
31.75,14.25,0.150139
32.25,14.25,0.140794
32.75,14.25,0.13145
33.25,14.25,0.122105
33.75,14.25,0.112761
34.25,14.25,0.10471
34.75,14.25,0.0966589
35.25,14.25,0.0886078
35.75,14.25,0.0805567
36.25,14.25,0.0725056
36.75,14.25,0.0663906
37.25,14.25,0.0602756
37.75,14.25,0.0541606
38.25,14.25,0.0480456
38.75,14.25,0.0419306
39.25,14.25,0.0379172
39.75,14.25,0.0339038
40.25,14.25,0.0298904
40.75,14.25,0.0258771
41.25,14.25,0.0218637
41.75,14.25,0.0196361
42.25,14.25,0.0174086
42.75,14.25,0.0151811
43.25,14.25,0.0129536
43.75,14.25,0.0107261
44.25,14.25,0.0107261
44.75,14.25,0.0107261
-44.75,14.75,0.00645158
-44.25,14.75,0.00645158
-43.75,14.75,0.00645158
-43.25,14.75,0.00687847
-42.75,14.75,0.00730536
-42.25,14.75,0.00773225
-41.75,14.75,0.00815914
-41.25,14.75,0.00858603
-40.75,14.75,0.0098676
-40.25,14.75,0.0111492
-39.75,14.75,0.0124307
-39.25,14.75,0.0137123
-38.75,14.75,0.0149939
-38.25,14.75,0.0182561
-37.75,14.75,0.0215183
-37.25,14.75,0.0247805
-36.75,14.75,0.0280427
-36.25,14.75,0.0313049
-35.75,14.75,0.0369334
-35.25,14.75,0.0425618
-34.75,14.75,0.0481902
-34.25,14.75,0.0538186
-33.75,14.75,0.059447
-33.25,14.75,0.0662103
-32.75,14.75,0.0729735
-32.25,14.75,0.0797367
-31.75,14.75,0.0864999
-31.25,14.75,0.0932631
-30.75,14.75,0.100009
-30.25,14.75,0.106754
-29.75,14.75,0.1135
-29.25,14.75,0.120245
-28.75,14.75,0.126991
-28.25,14.75,0.133273
-27.75,14.75,0.139554
-27.25,14.75,0.145836
-26.75,14.75,0.152118
-26.25,14.75,0.1584
-25.75,14.75,0.1643
-25.25,14.75,0.170201
-24.75,14.75,0.176102
-24.25,14.75,0.182003
-23.75,14.75,0.187904
-23.25,14.75,0.193468
-22.75,14.75,0.199032
-22.25,14.75,0.204597
-21.75,14.75,0.210161
-21.25,14.75,0.215725
-20.75,14.75,0.221137
-20.25,14.75,0.226548
-19.75,14.75,0.231959
-19.25,14.75,0.23737
-18.75,14.75,0.242782
-18.25,14.75,0.248245
-17.75,14.75,0.253709
-17.25,14.75,0.259172
-16.75,14.75,0.264635
-16.25,14.75,0.270099
-15.75,14.75,0.275776
-15.25,14.75,0.281452
-14.75,14.75,0.287129
-14.25,14.75,0.292805
-13.75,14.75,0.298482
-13.25,14.75,0.304674
-12.75,14.75,0.310866
-12.25,14.75,0.317058
-11.75,14.75,0.32325
-11.25,14.75,0.329442
-10.75,14.75,0.336357
-10.25,14.75,0.343273
-9.75,14.75,0.350188
-9.25,14.75,0.357104
-8.75,14.75,0.364019
-8.25,14.75,0.372016
-7.75,14.75,0.380013
-7.25,14.75,0.38801
-6.75,14.75,0.396007
-6.25,14.75,0.404004
-5.75,14.75,0.413184
-5.25,14.75,0.422365
-4.75,14.75,0.431545
-4.25,14.75,0.440726
-3.75,14.75,0.449907
-3.25,14.75,0.460159
-2.75,14.75,0.470411
-2.25,14.75,0.480663
-1.75,14.75,0.490915
-1.25,14.75,0.501167
-0.75,14.75,0.512012
-0.25,14.75,0.522856
0.25,14.75,0.533701
0.75,14.75,0.544545
1.25,14.75,0.55539
1.75,14.75,0.565564
2.25,14.75,0.575738
2.75,14.75,0.585912
3.25,14.75,0.596086
3.75,14.75,0.60626
4.25,14.75,0.613752
4.75,14.75,0.621244
5.25,14.75,0.628736
5.75,14.75,0.636228
6.25,14.75,0.64372
6.75,14.75,0.646864
7.25,14.75,0.650009
7.75,14.75,0.653154
8.25,14.75,0.656299
8.75,14.75,0.659443
9.25,14.75,0.656771
9.75,14.75,0.654098
10.25,14.75,0.651426
10.75,14.75,0.648753
11.25,14.75,0.646081
11.75,14.75,0.637875
12.25,14.75,0.62967
12.75,14.75,0.621464
13.25,14.75,0.613258
13.75,14.75,0.605053
14.25,14.75,0.59266
14.75,14.75,0.580267
15.25,14.75,0.567874
15.75,14.75,0.555481
16.25,14.75,0.543088
16.75,14.75,0.528446
17.25,14.75,0.513805
17.75,14.75,0.499163
18.25,14.75,0.484521
18.75,14.75,0.46988
19.25,14.75,0.454902
19.75,14.75,0.439925
20.25,14.75,0.424948
20.75,14.75,0.40997
21.25,14.75,0.394993
21.75,14.75,0.380965
22.25,14.75,0.366936
22.75,14.75,0.352908
23.25,14.75,0.33888
23.75,14.75,0.324851
24.25,14.75,0.31204
24.75,14.75,0.299229
25.25,14.75,0.286418
25.75,14.75,0.273607
26.25,14.75,0.260796
26.75,14.75,0.249308
27.25,14.75,0.237821
27.75,14.75,0.226333
28.25,14.75,0.214846
28.75,14.75,0.203358
29.25,14.75,0.193087
29.75,14.75,0.182816
30.25,14.75,0.172546
30.75,14.75,0.162275
31.25,14.75,0.152004
31.75,14.75,0.142978
32.25,14.75,0.133952
32.75,14.75,0.124926
33.25,14.75,0.115901
33.75,14.75,0.106875
34.25,14.75,0.099197
34.75,14.75,0.0915194
35.25,14.75,0.0838418
35.75,14.75,0.0761642
36.25,14.75,0.0684866
36.75,14.75,0.0626728
37.25,14.75,0.056859
37.75,14.75,0.0510452
38.25,14.75,0.0452313
38.75,14.75,0.0394175
39.25,14.75,0.0356457
39.75,14.75,0.031874
40.25,14.75,0.0281022
40.75,14.75,0.0243304
41.25,14.75,0.0205586
41.75,14.75,0.0184685
42.25,14.75,0.0163784
42.75,14.75,0.0142884
43.25,14.75,0.0121983
43.75,14.75,0.0101083
44.25,14.75,0.0101083
44.75,14.75,0.0101083
-44.75,15.25,0.00611481
-44.25,15.25,0.00611481
-43.75,15.25,0.00611481
-43.25,15.25,0.00650019
-42.75,15.25,0.00688557
-42.25,15.25,0.00727096
-41.75,15.25,0.00765634
-41.25,15.25,0.00804172
-40.75,15.25,0.00918328
-40.25,15.25,0.0103248
-39.75,15.25,0.0114664
-39.25,15.25,0.0126079
-38.75,15.25,0.0137495
-38.25,15.25,0.0167103
-37.75,15.25,0.019671
-37.25,15.25,0.0226318
-36.75,15.25,0.0255925
-36.25,15.25,0.0285533
-35.75,15.25,0.0338253
-35.25,15.25,0.0390973
-34.75,15.25,0.0443693
-34.25,15.25,0.0496413
-33.75,15.25,0.0549133
-33.25,15.25,0.0614049
-32.75,15.25,0.0678965
-32.25,15.25,0.0743881
-31.75,15.25,0.0808797
-31.25,15.25,0.0873713
-30.75,15.25,0.0938456
-30.25,15.25,0.10032
-29.75,15.25,0.106794
-29.25,15.25,0.113268
-28.75,15.25,0.119743
-28.25,15.25,0.12583
-27.75,15.25,0.131916
-27.25,15.25,0.138003
-26.75,15.25,0.14409
-26.25,15.25,0.150177
-25.75,15.25,0.155881
-25.25,15.25,0.161586
-24.75,15.25,0.167291
-24.25,15.25,0.172995
-23.75,15.25,0.1787
-23.25,15.25,0.18408
-22.75,15.25,0.18946
-22.25,15.25,0.194841
-21.75,15.25,0.200221
-21.25,15.25,0.205601
-20.75,15.25,0.210835
-20.25,15.25,0.216069
-19.75,15.25,0.221302
-19.25,15.25,0.226536
-18.75,15.25,0.23177
-18.25,15.25,0.237053
-17.75,15.25,0.242335
-17.25,15.25,0.247618
-16.75,15.25,0.252901
-16.25,15.25,0.258184
-15.75,15.25,0.263683
-15.25,15.25,0.269182
-14.75,15.25,0.274681
-14.25,15.25,0.28018
-13.75,15.25,0.285679
-13.25,15.25,0.291664
-12.75,15.25,0.29765
-12.25,15.25,0.303635
-11.75,15.25,0.309621
-11.25,15.25,0.315606
-10.75,15.25,0.322241
-10.25,15.25,0.328876
-9.75,15.25,0.33551
-9.25,15.25,0.342145
-8.75,15.25,0.34878
-8.25,15.25,0.356471
-7.75,15.25,0.364163
-7.25,15.25,0.371854
-6.75,15.25,0.379546
-6.25,15.25,0.387237
-5.75,15.25,0.396061
-5.25,15.25,0.404885
-4.75,15.25,0.413709
-4.25,15.25,0.422532
-3.75,15.25,0.431356
-3.25,15.25,0.441206
-2.75,15.25,0.451056
-2.25,15.25,0.460906
-1.75,15.25,0.470756
-1.25,15.25,0.480606
-0.75,15.25,0.491007
-0.25,15.25,0.501407
0.25,15.25,0.511808
0.75,15.25,0.522208
1.25,15.25,0.532609
1.75,15.25,0.54239
2.25,15.25,0.552171
2.75,15.25,0.561951
3.25,15.25,0.571732
3.75,15.25,0.581513
4.25,15.25,0.588814
4.75,15.25,0.596116
5.25,15.25,0.603417
5.75,15.25,0.610719
6.25,15.25,0.61802
6.75,15.25,0.621113
7.25,15.25,0.624205
7.75,15.25,0.627298
8.25,15.25,0.630391
8.75,15.25,0.633483
9.25,15.25,0.630957
9.75,15.25,0.628432
10.25,15.25,0.625906
10.75,15.25,0.62338
11.25,15.25,0.620855
11.75,15.25,0.612914
12.25,15.25,0.604973
12.75,15.25,0.597032
13.25,15.25,0.589091
13.75,15.25,0.58115
14.25,15.25,0.569246
14.75,15.25,0.557342
15.25,15.25,0.545438
15.75,15.25,0.533534
16.25,15.25,0.521629
16.75,15.25,0.507523
17.25,15.25,0.493416
17.75,15.25,0.47931
18.25,15.25,0.465203
18.75,15.25,0.451097
19.25,15.25,0.436656
19.75,15.25,0.422215
20.25,15.25,0.407774
20.75,15.25,0.393333
21.25,15.25,0.378893
21.75,15.25,0.365353
22.25,15.25,0.351814
22.75,15.25,0.338274
23.25,15.25,0.324735
23.75,15.25,0.311195
24.25,15.25,0.298835
24.75,15.25,0.286474
25.25,15.25,0.274113
25.75,15.25,0.261752
26.25,15.25,0.249392
26.75,15.25,0.238287
27.25,15.25,0.227183
27.75,15.25,0.216078
28.25,15.25,0.204974
28.75,15.25,0.19387
29.25,15.25,0.184001
29.75,15.25,0.174132
30.25,15.25,0.164263
30.75,15.25,0.154394
31.25,15.25,0.144525
31.75,15.25,0.135818
32.25,15.25,0.12711
32.75,15.25,0.118403
33.25,15.25,0.109696
33.75,15.25,0.100988
34.25,15.25,0.0936841
34.75,15.25,0.08638
35.25,15.25,0.0790758
35.75,15.25,0.0717717
36.25,15.25,0.0644675
36.75,15.25,0.0589549
37.25,15.25,0.0534423
37.75,15.25,0.0479297
38.25,15.25,0.0424171
38.75,15.25,0.0369045
39.25,15.25,0.0333743
39.75,15.25,0.0298441
40.25,15.25,0.0263139
40.75,15.25,0.0227837
41.25,15.25,0.0192535
41.75,15.25,0.0173009
42.25,15.25,0.0153483
42.75,15.25,0.0133957
43.25,15.25,0.0114431
43.75,15.25,0.00949048
44.25,15.25,0.00949048
44.75,15.25,0.00949048
-44.75,15.75,0.00577804
-44.25,15.75,0.00577804
-43.75,15.75,0.00577804
-43.25,15.75,0.00612191
-42.75,15.75,0.00646579
-42.25,15.75,0.00680966
-41.75,15.75,0.00715354
-41.25,15.75,0.00749741
-40.75,15.75,0.00849895
-40.25,15.75,0.00950049
-39.75,15.75,0.010502
-39.25,15.75,0.0115036
-38.75,15.75,0.0125051
-38.25,15.75,0.0151644
-37.75,15.75,0.0178237
-37.25,15.75,0.020483
-36.75,15.75,0.0231423
-36.25,15.75,0.0258016
-35.75,15.75,0.0307172
-35.25,15.75,0.0356328
-34.75,15.75,0.0405484
-34.25,15.75,0.045464
-33.75,15.75,0.0503796
-33.25,15.75,0.0565995
-32.75,15.75,0.0628195
-32.25,15.75,0.0690395
-31.75,15.75,0.0752594
-31.25,15.75,0.0814794
-30.75,15.75,0.0876824
-30.25,15.75,0.0938855
-29.75,15.75,0.100089
-29.25,15.75,0.106292
-28.75,15.75,0.112495
-28.25,15.75,0.118386
-27.75,15.75,0.124278
-27.25,15.75,0.13017
-26.75,15.75,0.136062
-26.25,15.75,0.141954
-25.75,15.75,0.147462
-25.25,15.75,0.152971
-24.75,15.75,0.158479
-24.25,15.75,0.163987
-23.75,15.75,0.169496
-23.25,15.75,0.174692
-22.75,15.75,0.179888
-22.25,15.75,0.185085
-21.75,15.75,0.190281
-21.25,15.75,0.195477
-20.75,15.75,0.200533
-20.25,15.75,0.205589
-19.75,15.75,0.210645
-19.25,15.75,0.215702
-18.75,15.75,0.220758
-18.25,15.75,0.22586
-17.75,15.75,0.230962
-17.25,15.75,0.236064
-16.75,15.75,0.241166
-16.25,15.75,0.246268
-15.75,15.75,0.25159
-15.25,15.75,0.256912
-14.75,15.75,0.262233
-14.25,15.75,0.267555
-13.75,15.75,0.272876
-13.25,15.75,0.278655
-12.75,15.75,0.284434
-12.25,15.75,0.290213
-11.75,15.75,0.295991
-11.25,15.75,0.30177
-10.75,15.75,0.308124
-10.25,15.75,0.314478
-9.75,15.75,0.320833
-9.25,15.75,0.327187
-8.75,15.75,0.333541
-8.25,15.75,0.340927
-7.75,15.75,0.348313
-7.25,15.75,0.355699
-6.75,15.75,0.363085
-6.25,15.75,0.370471
-5.75,15.75,0.378938
-5.25,15.75,0.387405
-4.75,15.75,0.395872
-4.25,15.75,0.404339
-3.75,15.75,0.412806
-3.25,15.75,0.422253
-2.75,15.75,0.431701
-2.25,15.75,0.441149
-1.75,15.75,0.450597
-1.25,15.75,0.460045
-0.75,15.75,0.470001
-0.25,15.75,0.479958
0.25,15.75,0.489915
0.75,15.75,0.499872
1.25,15.75,0.509829
1.75,15.75,0.519216
2.25,15.75,0.528603
2.75,15.75,0.537991
3.25,15.75,0.547378
3.75,15.75,0.556766
4.25,15.75,0.563877
4.75,15.75,0.570988
5.25,15.75,0.578099
5.75,15.75,0.58521
6.25,15.75,0.592321
6.75,15.75,0.595361
7.25,15.75,0.598402
7.75,15.75,0.601442
8.25,15.75,0.604482
8.75,15.75,0.607523
9.25,15.75,0.605144
9.75,15.75,0.602765
10.25,15.75,0.600386
10.75,15.75,0.598007
11.25,15.75,0.595629
11.75,15.75,0.587953
12.25,15.75,0.580276
12.75,15.75,0.5726
13.25,15.75,0.564924
13.75,15.75,0.557248
14.25,15.75,0.545832
14.75,15.75,0.534417
15.25,15.75,0.523001
15.75,15.75,0.511586
16.25,15.75,0.50017
16.75,15.75,0.486599
17.25,15.75,0.473028
17.75,15.75,0.459456
18.25,15.75,0.445885
18.75,15.75,0.432313
19.25,15.75,0.418409
19.75,15.75,0.404505
20.25,15.75,0.390601
20.75,15.75,0.376697
21.25,15.75,0.362792
21.75,15.75,0.349742
22.25,15.75,0.336691
22.75,15.75,0.32364
23.25,15.75,0.31059
23.75,15.75,0.297539
24.25,15.75,0.285629
24.75,15.75,0.273719
25.25,15.75,0.261808
25.75,15.75,0.249898
26.25,15.75,0.237988
26.75,15.75,0.227266
27.25,15.75,0.216545
27.75,15.75,0.205824
28.25,15.75,0.195103
28.75,15.75,0.184381
29.25,15.75,0.174914
29.75,15.75,0.165447
30.25,15.75,0.15598
30.75,15.75,0.146513
31.25,15.75,0.137046
31.75,15.75,0.128657
32.25,15.75,0.120268
32.75,15.75,0.111879
33.25,15.75,0.103491
33.75,15.75,0.0951019
34.25,15.75,0.0881712
34.75,15.75,0.0812405
35.25,15.75,0.0743098
35.75,15.75,0.0673792
36.25,15.75,0.0604485
36.75,15.75,0.0552371
37.25,15.75,0.0500256
37.75,15.75,0.0448142
38.25,15.75,0.0396028
38.75,15.75,0.0343914
39.25,15.75,0.0311028
39.75,15.75,0.0278142
40.25,15.75,0.0245256
40.75,15.75,0.021237
41.25,15.75,0.0179484
41.75,15.75,0.0161333
42.25,15.75,0.0143181
42.75,15.75,0.012503
43.25,15.75,0.0106878
43.75,15.75,0.00887269
44.25,15.75,0.00887269
44.75,15.75,0.00887269
-44.75,16.25,0.00544127
-44.25,16.25,0.00544127
-43.75,16.25,0.00544127
-43.25,16.25,0.00574364
-42.75,16.25,0.006046
-42.25,16.25,0.00634837
-41.75,16.25,0.00665073
-41.25,16.25,0.0069531
-40.75,16.25,0.00781463
-40.25,16.25,0.00867615
-39.75,16.25,0.00953768
-39.25,16.25,0.0103992
-38.75,16.25,0.0112607
-38.25,16.25,0.0136186
-37.75,16.25,0.0159764
-37.25,16.25,0.0183343
-36.75,16.25,0.0206921
-36.25,16.25,0.02305
-35.75,16.25,0.0276092
-35.25,16.25,0.0321683
-34.75,16.25,0.0367275
-34.25,16.25,0.0412867
-33.75,16.25,0.0458458
-33.25,16.25,0.0517942
-32.75,16.25,0.0577425
-32.25,16.25,0.0636908
-31.75,16.25,0.0696392
-31.25,16.25,0.0755875
-30.75,16.25,0.0815193
-30.25,16.25,0.0874511
-29.75,16.25,0.0933829
-29.25,16.25,0.0993147
-28.75,16.25,0.105246
-28.25,16.25,0.110943
-27.75,16.25,0.11664
-27.25,16.25,0.122337
-26.75,16.25,0.128034
-26.25,16.25,0.133731
-25.75,16.25,0.139043
-25.25,16.25,0.144355
-24.75,16.25,0.149667
-24.25,16.25,0.15498
-23.75,16.25,0.160292
-23.25,16.25,0.165304
-22.75,16.25,0.170316
-22.25,16.25,0.175329
-21.75,16.25,0.180341
-21.25,16.25,0.185353
-20.75,16.25,0.190232
-20.25,16.25,0.19511
-19.75,16.25,0.199989
-19.25,16.25,0.204867
-18.75,16.25,0.209746
-18.25,16.25,0.214667
-17.75,16.25,0.219589
-17.25,16.25,0.22451
-16.75,16.25,0.229432
-16.25,16.25,0.234353
-15.75,16.25,0.239497
-15.25,16.25,0.244641
-14.75,16.25,0.249785
-14.25,16.25,0.254929
-13.75,16.25,0.260073
-13.25,16.25,0.265646
-12.75,16.25,0.271218
-12.25,16.25,0.27679
-11.75,16.25,0.282362
-11.25,16.25,0.287935
-10.75,16.25,0.294008
-10.25,16.25,0.300081
-9.75,16.25,0.306155
-9.25,16.25,0.312228
-8.75,16.25,0.318302
-8.25,16.25,0.325382
-7.75,16.25,0.332463
-7.25,16.25,0.339543
-6.75,16.25,0.346624
-6.25,16.25,0.353704
-5.75,16.25,0.361814
-5.25,16.25,0.369925
-4.75,16.25,0.378035
-4.25,16.25,0.386145
-3.75,16.25,0.394255
-3.25,16.25,0.403301
-2.75,16.25,0.412346
-2.25,16.25,0.421392
-1.75,16.25,0.430438
-1.25,16.25,0.439483
-0.75,16.25,0.448996
-0.25,16.25,0.458509
0.25,16.25,0.468022
0.75,16.25,0.477535
1.25,16.25,0.487048
1.75,16.25,0.496042
2.25,16.25,0.505036
2.75,16.25,0.51403
3.25,16.25,0.523024
3.75,16.25,0.532019
4.25,16.25,0.538939
4.75,16.25,0.54586
5.25,16.25,0.55278
5.75,16.25,0.559701
6.25,16.25,0.566621
6.75,16.25,0.56961
7.25,16.25,0.572598
7.75,16.25,0.575586
8.25,16.25,0.578574
8.75,16.25,0.581562
9.25,16.25,0.57933
9.75,16.25,0.577099
10.25,16.25,0.574867
10.75,16.25,0.572635
11.25,16.25,0.570403
11.75,16.25,0.562991
12.25,16.25,0.55558
12.75,16.25,0.548168
13.25,16.25,0.540757
13.75,16.25,0.533346
14.25,16.25,0.522419
14.75,16.25,0.511492
15.25,16.25,0.500565
15.75,16.25,0.489638
16.25,16.25,0.478712
16.75,16.25,0.465675
17.25,16.25,0.452639
17.75,16.25,0.439603
18.25,16.25,0.426567
18.75,16.25,0.41353
19.25,16.25,0.400163
19.75,16.25,0.386795
20.25,16.25,0.373427
20.75,16.25,0.36006
21.25,16.25,0.346692
21.75,16.25,0.33413
22.25,16.25,0.321569
22.75,16.25,0.309007
23.25,16.25,0.296445
23.75,16.25,0.283883
24.25,16.25,0.272423
24.75,16.25,0.260963
25.25,16.25,0.249503
25.75,16.25,0.238044
26.25,16.25,0.226584
26.75,16.25,0.216245
27.25,16.25,0.205907
27.75,16.25,0.195569
28.25,16.25,0.185231
28.75,16.25,0.174893
29.25,16.25,0.165828
29.75,16.25,0.156762
30.25,16.25,0.147697
30.75,16.25,0.138632
31.25,16.25,0.129567
31.75,16.25,0.121496
32.25,16.25,0.113426
32.75,16.25,0.105356
33.25,16.25,0.0972857
33.75,16.25,0.0892155
34.25,16.25,0.0826583
34.75,16.25,0.0761011
35.25,16.25,0.0695439
35.75,16.25,0.0629866
36.25,16.25,0.0564294
36.75,16.25,0.0515192
37.25,16.25,0.046609
37.75,16.25,0.0416987
38.25,16.25,0.0367885
38.75,16.25,0.0318783
39.25,16.25,0.0288313
39.75,16.25,0.0257843
40.25,16.25,0.0227373
40.75,16.25,0.0196903
41.25,16.25,0.0166433
41.75,16.25,0.0149656
42.25,16.25,0.0132879
42.75,16.25,0.0116103
43.25,16.25,0.00993258
43.75,16.25,0.0082549
44.25,16.25,0.0082549
44.75,16.25,0.0082549
-44.75,16.75,0.00516695
-44.25,16.75,0.00516695
-43.75,16.75,0.00516695
-43.25,16.75,0.0054434
-42.75,16.75,0.00571985
-42.25,16.75,0.00599629
-41.75,16.75,0.00627274
-41.25,16.75,0.00654919
-40.75,16.75,0.00733237
-40.25,16.75,0.00811556
-39.75,16.75,0.00889874
-39.25,16.75,0.00968192
-38.75,16.75,0.0104651
-38.25,16.75,0.0126113
-37.75,16.75,0.0147576
-37.25,16.75,0.0169038
-36.75,16.75,0.01905
-36.25,16.75,0.0211963
-35.75,16.75,0.0254401
-35.25,16.75,0.029684
-34.75,16.75,0.0339278
-34.25,16.75,0.0381717
-33.75,16.75,0.0424155
-33.25,16.75,0.0480391
-32.75,16.75,0.0536627
-32.25,16.75,0.0592863
-31.75,16.75,0.0649098
-31.25,16.75,0.0705334
-30.75,16.75,0.0762184
-30.25,16.75,0.0819034
-29.75,16.75,0.0875884
-29.25,16.75,0.0932734
-28.75,16.75,0.0989585
-28.25,16.75,0.104428
-27.75,16.75,0.109897
-27.25,16.75,0.115366
-26.75,16.75,0.120835
-26.25,16.75,0.126304
-25.75,16.75,0.131445
-25.25,16.75,0.136586
-24.75,16.75,0.141727
-24.25,16.75,0.146868
-23.75,16.75,0.152009
-23.25,16.75,0.15686
-22.75,16.75,0.161711
-22.25,16.75,0.166562
-21.75,16.75,0.171413
-21.25,16.75,0.176264
-20.75,16.75,0.180988
-20.25,16.75,0.185711
-19.75,16.75,0.190435
-19.25,16.75,0.195158
-18.75,16.75,0.199882
-18.25,16.75,0.204616
-17.75,16.75,0.209351
-17.25,16.75,0.214085
-16.75,16.75,0.21882
-16.25,16.75,0.223554
-15.75,16.75,0.228503
-15.25,16.75,0.233453
-14.75,16.75,0.238402
-14.25,16.75,0.243351
-13.75,16.75,0.248301
-13.25,16.75,0.253672
-12.75,16.75,0.259043
-12.25,16.75,0.264414
-11.75,16.75,0.269786
-11.25,16.75,0.275157
-10.75,16.75,0.281006
-10.25,16.75,0.286856
-9.75,16.75,0.292705
-9.25,16.75,0.298555
-8.75,16.75,0.304404
-8.25,16.75,0.311189
-7.75,16.75,0.317974
-7.25,16.75,0.324759
-6.75,16.75,0.331543
-6.25,16.75,0.338328
-5.75,16.75,0.346099
-5.25,16.75,0.35387
-4.75,16.75,0.36164
-4.25,16.75,0.369411
-3.75,16.75,0.377181
-3.25,16.75,0.385839
-2.75,16.75,0.394497
-2.25,16.75,0.403155
-1.75,16.75,0.411813
-1.25,16.75,0.420471
-0.75,16.75,0.429607
-0.25,16.75,0.438744
0.25,16.75,0.447881
0.75,16.75,0.457017
1.25,16.75,0.466154
1.75,16.75,0.474784
2.25,16.75,0.483415
2.75,16.75,0.492045
3.25,16.75,0.500676
3.75,16.75,0.509306
4.25,16.75,0.515986
4.75,16.75,0.522667
5.25,16.75,0.529347
5.75,16.75,0.536027
6.25,16.75,0.542708
6.75,16.75,0.545605
7.25,16.75,0.548503
7.75,16.75,0.551401
8.25,16.75,0.554298
8.75,16.75,0.557196
9.25,16.75,0.555086
9.75,16.75,0.552977
10.25,16.75,0.550867
10.75,16.75,0.548758
11.25,16.75,0.546648
11.75,16.75,0.539576
12.25,16.75,0.532503
12.75,16.75,0.525431
13.25,16.75,0.518358
13.75,16.75,0.511286
14.25,16.75,0.500767
14.75,16.75,0.490248
15.25,16.75,0.47973
15.75,16.75,0.469211
16.25,16.75,0.458692
16.75,16.75,0.446147
17.25,16.75,0.433602
17.75,16.75,0.421057
18.25,16.75,0.408513
18.75,16.75,0.395968
19.25,16.75,0.383105
19.75,16.75,0.370242
20.25,16.75,0.357379
20.75,16.75,0.344516
21.25,16.75,0.331653
21.75,16.75,0.319557
22.25,16.75,0.307461
22.75,16.75,0.295365
23.25,16.75,0.283269
23.75,16.75,0.271173
24.25,16.75,0.260141
24.75,16.75,0.249108
25.25,16.75,0.238076
25.75,16.75,0.227043
26.25,16.75,0.216011
26.75,16.75,0.206078
27.25,16.75,0.196145
27.75,16.75,0.186212
28.25,16.75,0.176279
28.75,16.75,0.166346
29.25,16.75,0.157614
29.75,16.75,0.148882
30.25,16.75,0.140149
30.75,16.75,0.131417
31.25,16.75,0.122685
31.75,16.75,0.114969
32.25,16.75,0.107253
32.75,16.75,0.0995363
33.25,16.75,0.09182
33.75,16.75,0.0841037
34.25,16.75,0.0778674
34.75,16.75,0.0716311
35.25,16.75,0.0653947
35.75,16.75,0.0591584
36.25,16.75,0.0529221
36.75,16.75,0.0483062
37.25,16.75,0.0436903
37.75,16.75,0.0390744
38.25,16.75,0.0344585
38.75,16.75,0.0298426
39.25,16.75,0.0269902
39.75,16.75,0.0241377
40.25,16.75,0.0212853
40.75,16.75,0.0184329
41.25,16.75,0.0155805
41.75,16.75,0.0140218
42.25,16.75,0.0124631
42.75,16.75,0.0109044
43.25,16.75,0.00934565
43.75,16.75,0.00778694
44.25,16.75,0.00778694
44.75,16.75,0.00778694
-44.75,17.25,0.00489262
-44.25,17.25,0.00489262
-43.75,17.25,0.00489262
-43.25,17.25,0.00514316
-42.75,17.25,0.00539369
-42.25,17.25,0.00564422
-41.75,17.25,0.00589475
-41.25,17.25,0.00614528
-40.75,17.25,0.00685012
-40.25,17.25,0.00755496
-39.75,17.25,0.0082598
-39.25,17.25,0.00896463
-38.75,17.25,0.00966947
-38.25,17.25,0.0116041
-37.75,17.25,0.0135387
-37.25,17.25,0.0154733
-36.75,17.25,0.017408
-36.25,17.25,0.0193426
-35.75,17.25,0.0232711
-35.25,17.25,0.0271996
-34.75,17.25,0.0311281
-34.25,17.25,0.0350567
-33.75,17.25,0.0389852
-33.25,17.25,0.044284
-32.75,17.25,0.0495828
-32.25,17.25,0.0548817
-31.75,17.25,0.0601805
-31.25,17.25,0.0654793
-30.75,17.25,0.0709175
-30.25,17.25,0.0763558
-29.75,17.25,0.081794
-29.25,17.25,0.0872322
-28.75,17.25,0.0926704
-28.25,17.25,0.097912
-27.75,17.25,0.103154
-27.25,17.25,0.108395
-26.75,17.25,0.113637
-26.25,17.25,0.118878
-25.75,17.25,0.123848
-25.25,17.25,0.128818
-24.75,17.25,0.133787
-24.25,17.25,0.138757
-23.75,17.25,0.143727
-23.25,17.25,0.148417
-22.75,17.25,0.153106
-22.25,17.25,0.157796
-21.75,17.25,0.162486
-21.25,17.25,0.167175
-20.75,17.25,0.171744
-20.25,17.25,0.176312
-19.75,17.25,0.180881
-19.25,17.25,0.185449
-18.75,17.25,0.190018
-18.25,17.25,0.194565
-17.75,17.25,0.199113
-17.25,17.25,0.20366
-16.75,17.25,0.208207
-16.25,17.25,0.212755
-15.75,17.25,0.217509
-15.25,17.25,0.222264
-14.75,17.25,0.227019
-14.25,17.25,0.231773
-13.75,17.25,0.236528
-13.25,17.25,0.241698
-12.75,17.25,0.246868
-12.25,17.25,0.252039
-11.75,17.25,0.257209
-11.25,17.25,0.262379
-10.75,17.25,0.268005
-10.25,17.25,0.27363
-9.75,17.25,0.279256
-9.25,17.25,0.284881
-8.75,17.25,0.290507
-8.25,17.25,0.296996
-7.75,17.25,0.303485
-7.25,17.25,0.309974
-6.75,17.25,0.316463
-6.25,17.25,0.322952
-5.75,17.25,0.330383
-5.25,17.25,0.337815
-4.75,17.25,0.345246
-4.25,17.25,0.352677
-3.75,17.25,0.360108
-3.25,17.25,0.368378
-2.75,17.25,0.376648
-2.25,17.25,0.384918
-1.75,17.25,0.393188
-1.25,17.25,0.401458
-0.75,17.25,0.410219
-0.25,17.25,0.418979
0.25,17.25,0.427739
0.75,17.25,0.436499
1.25,17.25,0.44526
1.75,17.25,0.453527
2.25,17.25,0.461793
2.75,17.25,0.47006
3.25,17.25,0.478327
3.75,17.25,0.486593
4.25,17.25,0.493033
4.75,17.25,0.499473
5.25,17.25,0.505914
5.75,17.25,0.512354
6.25,17.25,0.518794
6.75,17.25,0.521601
7.25,17.25,0.524408
7.75,17.25,0.527215
8.25,17.25,0.530022
8.75,17.25,0.53283
9.25,17.25,0.530842
9.75,17.25,0.528855
10.25,17.25,0.526868
10.75,17.25,0.524881
11.25,17.25,0.522894
11.75,17.25,0.51616
12.25,17.25,0.509427
12.75,17.25,0.502693
13.25,17.25,0.49596
13.75,17.25,0.489227
14.25,17.25,0.479116
14.75,17.25,0.469005
15.25,17.25,0.458894
15.75,17.25,0.448783
16.25,17.25,0.438672
16.75,17.25,0.426619
17.25,17.25,0.414565
17.75,17.25,0.402512
18.25,17.25,0.390459
18.75,17.25,0.378405
19.25,17.25,0.366047
19.75,17.25,0.353689
20.25,17.25,0.341331
20.75,17.25,0.328973
21.25,17.25,0.316615
21.75,17.25,0.304984
22.25,17.25,0.293354
22.75,17.25,0.281724
23.25,17.25,0.270094
23.75,17.25,0.258464
24.25,17.25,0.247858
24.75,17.25,0.237253
25.25,17.25,0.226648
25.75,17.25,0.216043
26.25,17.25,0.205438
26.75,17.25,0.19591
27.25,17.25,0.186382
27.75,17.25,0.176854
28.25,17.25,0.167327
28.75,17.25,0.157799
29.25,17.25,0.1494
29.75,17.25,0.141001
30.25,17.25,0.132602
30.75,17.25,0.124203
31.25,17.25,0.115804
31.75,17.25,0.108441
32.25,17.25,0.101079
32.75,17.25,0.0937167
33.25,17.25,0.0863543
33.75,17.25,0.078992
34.25,17.25,0.0730765
34.75,17.25,0.0671611
35.25,17.25,0.0612456
35.75,17.25,0.0553302
36.25,17.25,0.0494147
36.75,17.25,0.0450932
37.25,17.25,0.0407716
37.75,17.25,0.03645
38.25,17.25,0.0321284
38.75,17.25,0.0278069
39.25,17.25,0.025149
39.75,17.25,0.0224912
40.25,17.25,0.0198334
40.75,17.25,0.0171755
41.25,17.25,0.0145177
41.75,17.25,0.0130779
42.25,17.25,0.0116382
42.75,17.25,0.0101985
43.25,17.25,0.00875872
43.75,17.25,0.00731898
44.25,17.25,0.00731898
44.75,17.25,0.00731898
-44.75,17.75,0.0046183
-44.25,17.75,0.0046183
-43.75,17.75,0.0046183
-43.25,17.75,0.00484292
-42.75,17.75,0.00506753
-42.25,17.75,0.00529215
-41.75,17.75,0.00551676
-41.25,17.75,0.00574138
-40.75,17.75,0.00636787
-40.25,17.75,0.00699436
-39.75,17.75,0.00762086
-39.25,17.75,0.00824735
-38.75,17.75,0.00887384
-38.25,17.75,0.0105968
-37.75,17.75,0.0123199
-37.25,17.75,0.0140429
-36.75,17.75,0.0157659
-36.25,17.75,0.0174889
-35.75,17.75,0.0211021
-35.25,17.75,0.0247153
-34.75,17.75,0.0283285
-34.25,17.75,0.0319417
-33.75,17.75,0.0355549
-33.25,17.75,0.0405289
-32.75,17.75,0.045503
-32.25,17.75,0.0504771
-31.75,17.75,0.0554511
-31.25,17.75,0.0604252
-30.75,17.75,0.0656166
-30.25,17.75,0.0708081
-29.75,17.75,0.0759995
-29.25,17.75,0.081191
-28.75,17.75,0.0863824
-28.25,17.75,0.0913963
-27.75,17.75,0.0964102
-27.25,17.75,0.101424
-26.75,17.75,0.106438
-26.25,17.75,0.111452
-25.75,17.75,0.11625
-25.25,17.75,0.121049
-24.75,17.75,0.125847
-24.25,17.75,0.130646
-23.75,17.75,0.135444
-23.25,17.75,0.139973
-22.75,17.75,0.144501
-22.25,17.75,0.14903
-21.75,17.75,0.153558
-21.25,17.75,0.158086
-20.75,17.75,0.1625
-20.25,17.75,0.166913
-19.75,17.75,0.171327
-19.25,17.75,0.175741
-18.75,17.75,0.180154
-18.25,17.75,0.184514
-17.75,17.75,0.188875
-17.25,17.75,0.193235
-16.75,17.75,0.197595
-16.25,17.75,0.201956
-15.75,17.75,0.206516
-15.25,17.75,0.211075
-14.75,17.75,0.215635
-14.25,17.75,0.220195
-13.75,17.75,0.224755
-13.25,17.75,0.229724
-12.75,17.75,0.234694
-12.25,17.75,0.239663
-11.75,17.75,0.244632
-11.25,17.75,0.249602
-10.75,17.75,0.255003
-10.25,17.75,0.260405
-9.75,17.75,0.265806
-9.25,17.75,0.271208
-8.75,17.75,0.276609
-8.25,17.75,0.282803
-7.75,17.75,0.288996
-7.25,17.75,0.29519
-6.75,17.75,0.301383
-6.25,17.75,0.307577
-5.75,17.75,0.314668
-5.25,17.75,0.321759
-4.75,17.75,0.328851
-4.25,17.75,0.335942
-3.75,17.75,0.343034
-3.25,17.75,0.350916
-2.75,17.75,0.358799
-2.25,17.75,0.366681
-1.75,17.75,0.374563
-1.25,17.75,0.382446
-0.75,17.75,0.39083
-0.25,17.75,0.399214
0.25,17.75,0.407598
0.75,17.75,0.415982
1.25,17.75,0.424366
1.75,17.75,0.432269
2.25,17.75,0.440172
2.75,17.75,0.448075
3.25,17.75,0.455978
3.75,17.75,0.463881
4.25,17.75,0.470081
4.75,17.75,0.47628
5.25,17.75,0.48248
5.75,17.75,0.48868
6.25,17.75,0.49488
6.75,17.75,0.497596
7.25,17.75,0.500313
7.75,17.75,0.50303
8.25,17.75,0.505746
8.75,17.75,0.508463
9.25,17.75,0.506598
9.75,17.75,0.504734
10.25,17.75,0.502869
10.75,17.75,0.501004
11.25,17.75,0.499139
11.75,17.75,0.492745
12.25,17.75,0.48635
12.75,17.75,0.479956
13.25,17.75,0.473561
13.75,17.75,0.467167
14.25,17.75,0.457464
14.75,17.75,0.447761
15.25,17.75,0.438058
15.75,17.75,0.428355
16.25,17.75,0.418653
16.75,17.75,0.407091
17.25,17.75,0.395529
17.75,17.75,0.383967
18.25,17.75,0.372405
18.75,17.75,0.360843
19.25,17.75,0.348989
19.75,17.75,0.337136
20.25,17.75,0.325282
20.75,17.75,0.313429
21.25,17.75,0.301576
21.75,17.75,0.290411
22.25,17.75,0.279247
22.75,17.75,0.268083
23.25,17.75,0.256918
23.75,17.75,0.245754
24.25,17.75,0.235576
24.75,17.75,0.225398
25.25,17.75,0.215221
25.75,17.75,0.205043
26.25,17.75,0.194865
26.75,17.75,0.185743
27.25,17.75,0.17662
27.75,17.75,0.167497
28.25,17.75,0.158374
28.75,17.75,0.149252
29.25,17.75,0.141186
29.75,17.75,0.13312
30.25,17.75,0.125054
30.75,17.75,0.116988
31.25,17.75,0.108922
31.75,17.75,0.101914
32.25,17.75,0.0949055
32.75,17.75,0.0878971
33.25,17.75,0.0808887
33.75,17.75,0.0738802
34.25,17.75,0.0682857
34.75,17.75,0.0626911
35.25,17.75,0.0570965
35.75,17.75,0.0515019
36.25,17.75,0.0459074
36.75,17.75,0.0418801
37.25,17.75,0.0378529
37.75,17.75,0.0338257
38.25,17.75,0.0297984
38.75,17.75,0.0257712
39.25,17.75,0.0233079
39.75,17.75,0.0208447
40.25,17.75,0.0183814
40.75,17.75,0.0159181
41.25,17.75,0.0134549
41.75,17.75,0.0121341
42.25,17.75,0.0108133
42.75,17.75,0.00949256
43.25,17.75,0.00817179
43.75,17.75,0.00685101
44.25,17.75,0.00685101
44.75,17.75,0.00685101
-44.75,18.25,0.00434398
-44.25,18.25,0.00434398
-43.75,18.25,0.00434398
-43.25,18.25,0.00454268
-42.75,18.25,0.00474137
-42.25,18.25,0.00494007
-41.75,18.25,0.00513877
-41.25,18.25,0.00533747
-40.75,18.25,0.00588562
-40.25,18.25,0.00643377
-39.75,18.25,0.00698192
-39.25,18.25,0.00753007
-38.75,18.25,0.00807822
-38.25,18.25,0.0095896
-37.75,18.25,0.011101
-37.25,18.25,0.0126124
-36.75,18.25,0.0141238
-36.25,18.25,0.0156352
-35.75,18.25,0.018933
-35.25,18.25,0.0222309
-34.75,18.25,0.0255288
-34.25,18.25,0.0288267
-33.75,18.25,0.0321246
-33.25,18.25,0.0367739
-32.75,18.25,0.0414232
-32.25,18.25,0.0460725
-31.75,18.25,0.0507218
-31.25,18.25,0.0553711
-30.75,18.25,0.0603157
-30.25,18.25,0.0652604
-29.75,18.25,0.0702051
-29.25,18.25,0.0751497
-28.75,18.25,0.0800944
-28.25,18.25,0.0848806
-27.75,18.25,0.0896669
-27.25,18.25,0.0944532
-26.75,18.25,0.0992394
-26.25,18.25,0.104026
-25.75,18.25,0.108653
-25.25,18.25,0.11328
-24.75,18.25,0.117907
-24.25,18.25,0.122535
-23.75,18.25,0.127162
-23.25,18.25,0.131529
-22.75,18.25,0.135896
-22.25,18.25,0.140263
-21.75,18.25,0.14463
-21.25,18.25,0.148998
-20.75,18.25,0.153256
-20.25,18.25,0.157515
-19.75,18.25,0.161773
-19.25,18.25,0.166032
-18.75,18.25,0.17029
-18.25,18.25,0.174463
-17.75,18.25,0.178637
-17.25,18.25,0.18281
-16.75,18.25,0.186983
-16.25,18.25,0.191156
-15.75,18.25,0.195522
-15.25,18.25,0.199887
-14.75,18.25,0.204252
-14.25,18.25,0.208617
-13.75,18.25,0.212982
-13.25,18.25,0.217751
-12.75,18.25,0.222519
-12.25,18.25,0.227287
-11.75,18.25,0.232056
-11.25,18.25,0.236824
-10.75,18.25,0.242001
-10.25,18.25,0.247179
-9.75,18.25,0.252356
-9.25,18.25,0.257534
-8.75,18.25,0.262711
-8.25,18.25,0.268609
-7.75,18.25,0.274507
-7.25,18.25,0.280405
-6.75,18.25,0.286303
-6.25,18.25,0.292201
-5.75,18.25,0.298953
-5.25,18.25,0.305704
-4.75,18.25,0.312456
-4.25,18.25,0.319208
-3.75,18.25,0.32596
-3.25,18.25,0.333455
-2.75,18.25,0.340949
-2.25,18.25,0.348444
-1.75,18.25,0.355939
-1.25,18.25,0.363433
-0.75,18.25,0.371441
-0.25,18.25,0.379448
0.25,18.25,0.387456
0.75,18.25,0.395464
1.25,18.25,0.403472
1.75,18.25,0.411011
2.25,18.25,0.41855
2.75,18.25,0.426089
3.25,18.25,0.433629
3.75,18.25,0.441168
4.25,18.25,0.447128
4.75,18.25,0.453087
5.25,18.25,0.459047
5.75,18.25,0.465006
6.25,18.25,0.470966
6.75,18.25,0.473592
7.25,18.25,0.476218
7.75,18.25,0.478844
8.25,18.25,0.481471
8.75,18.25,0.484097
9.25,18.25,0.482354
9.75,18.25,0.480612
10.25,18.25,0.478869
10.75,18.25,0.477127
11.25,18.25,0.475385
11.75,18.25,0.469329
12.25,18.25,0.463274
12.75,18.25,0.457218
13.25,18.25,0.451163
13.75,18.25,0.445107
14.25,18.25,0.435813
14.75,18.25,0.426518
15.25,18.25,0.417223
15.75,18.25,0.407928
16.25,18.25,0.398633
16.75,18.25,0.387562
17.25,18.25,0.376492
17.75,18.25,0.365421
18.25,18.25,0.35435
18.75,18.25,0.34328
19.25,18.25,0.331931
19.75,18.25,0.320583
20.25,18.25,0.309234
20.75,18.25,0.297886
21.25,18.25,0.286537
21.75,18.25,0.275838
22.25,18.25,0.26514
22.75,18.25,0.254441
23.25,18.25,0.243743
23.75,18.25,0.233044
24.25,18.25,0.223294
24.75,18.25,0.213543
25.25,18.25,0.203793
25.75,18.25,0.194043
26.25,18.25,0.184293
26.75,18.25,0.175575
27.25,18.25,0.166857
27.75,18.25,0.15814
28.25,18.25,0.149422
28.75,18.25,0.140705
29.25,18.25,0.132972
29.75,18.25,0.125239
30.25,18.25,0.117506
30.75,18.25,0.109774
31.25,18.25,0.102041
31.75,18.25,0.0953865
32.25,18.25,0.088732
32.75,18.25,0.0820775
33.25,18.25,0.075423
33.75,18.25,0.0687685
34.25,18.25,0.0634948
34.75,18.25,0.0582211
35.25,18.25,0.0529474
35.75,18.25,0.0476737
36.25,18.25,0.0424
36.75,18.25,0.0386671
37.25,18.25,0.0349342
37.75,18.25,0.0312013
38.25,18.25,0.0274684
38.75,18.25,0.0237355
39.25,18.25,0.0214668
39.75,18.25,0.0191981
40.25,18.25,0.0169294
40.75,18.25,0.0146608
41.25,18.25,0.0123921
41.75,18.25,0.0111903
42.25,18.25,0.00998847
42.75,18.25,0.00878666
43.25,18.25,0.00758485
43.75,18.25,0.00638305
44.25,18.25,0.00638305
44.75,18.25,0.00638305
-44.75,18.75,0.00406965
-44.25,18.75,0.00406965
-43.75,18.75,0.00406965
-43.25,18.75,0.00424243
-42.75,18.75,0.00441522
-42.25,18.75,0.004588
-41.75,18.75,0.00476078
-41.25,18.75,0.00493356
-40.75,18.75,0.00540337
-40.25,18.75,0.00587317
-39.75,18.75,0.00634298
-39.25,18.75,0.00681278
-38.75,18.75,0.00728259
-38.25,18.75,0.00858236
-37.75,18.75,0.00988213
-37.25,18.75,0.0111819
-36.75,18.75,0.0124817
-36.25,18.75,0.0137814
-35.75,18.75,0.016764
-35.25,18.75,0.0197466
-34.75,18.75,0.0227291
-34.25,18.75,0.0257117
-33.75,18.75,0.0286942
-33.25,18.75,0.0330188
-32.75,18.75,0.0373433
-32.25,18.75,0.0416679
-31.75,18.75,0.0459924
-31.25,18.75,0.050317
-30.75,18.75,0.0550148
-30.25,18.75,0.0597127
-29.75,18.75,0.0644106
-29.25,18.75,0.0691085
-28.75,18.75,0.0738064
-28.25,18.75,0.078365
-27.75,18.75,0.0829236
-27.25,18.75,0.0874822
-26.75,18.75,0.0920408
-26.25,18.75,0.0965994
-25.75,18.75,0.101055
-25.25,18.75,0.105511
-24.75,18.75,0.109967
-24.25,18.75,0.114423
-23.75,18.75,0.118879
-23.25,18.75,0.123085
-22.75,18.75,0.127291
-22.25,18.75,0.131497
-21.75,18.75,0.135703
-21.25,18.75,0.139909
-20.75,18.75,0.144012
-20.25,18.75,0.148116
-19.75,18.75,0.152219
-19.25,18.75,0.156323
-18.75,18.75,0.160426
-18.25,18.75,0.164412
-17.75,18.75,0.168399
-17.25,18.75,0.172385
-16.75,18.75,0.176371
-16.25,18.75,0.180357
-15.75,18.75,0.184528
-15.25,18.75,0.188698
-14.75,18.75,0.192869
-14.25,18.75,0.197039
-13.75,18.75,0.20121
-13.25,18.75,0.205777
-12.75,18.75,0.210344
-12.25,18.75,0.214912
-11.75,18.75,0.219479
-11.25,18.75,0.224046
-10.75,18.75,0.229
-10.25,18.75,0.233953
-9.75,18.75,0.238907
-9.25,18.75,0.24386
-8.75,18.75,0.248814
-8.25,18.75,0.254416
-7.75,18.75,0.260018
-7.25,18.75,0.26562
-6.75,18.75,0.271223
-6.25,18.75,0.276825
-5.75,18.75,0.283237
-5.25,18.75,0.289649
-4.75,18.75,0.296062
-4.25,18.75,0.302474
-3.75,18.75,0.308886
-3.25,18.75,0.315993
-2.75,18.75,0.3231
-2.25,18.75,0.330207
-1.75,18.75,0.337314
-1.25,18.75,0.344421
-0.75,18.75,0.352052
-0.25,18.75,0.359683
0.25,18.75,0.367315
0.75,18.75,0.374946
1.25,18.75,0.382577
1.75,18.75,0.389753
2.25,18.75,0.396929
2.75,18.75,0.404104
3.25,18.75,0.41128
3.75,18.75,0.418455
4.25,18.75,0.424175
4.75,18.75,0.429894
5.25,18.75,0.435613
5.75,18.75,0.441333
6.25,18.75,0.447052
6.75,18.75,0.449588
7.25,18.75,0.452123
7.75,18.75,0.454659
8.25,18.75,0.457195
8.75,18.75,0.45973
9.25,18.75,0.45811
9.75,18.75,0.45649
10.25,18.75,0.45487
10.75,18.75,0.45325
11.25,18.75,0.45163
11.75,18.75,0.445914
12.25,18.75,0.440197
12.75,18.75,0.434481
13.25,18.75,0.428764
13.75,18.75,0.423048
14.25,18.75,0.414161
14.75,18.75,0.405274
15.25,18.75,0.396387
15.75,18.75,0.3875
16.25,18.75,0.378613
16.75,18.75,0.368034
17.25,18.75,0.357455
17.75,18.75,0.346876
18.25,18.75,0.336296
18.75,18.75,0.325717
19.25,18.75,0.314873
19.75,18.75,0.30403
20.25,18.75,0.293186
20.75,18.75,0.282342
21.25,18.75,0.271498
21.75,18.75,0.261265
22.25,18.75,0.251033
22.75,18.75,0.2408
23.25,18.75,0.230567
23.75,18.75,0.220334
24.25,18.75,0.211011
24.75,18.75,0.201688
25.25,18.75,0.192366
25.75,18.75,0.183043
26.25,18.75,0.17372
26.75,18.75,0.165407
27.25,18.75,0.157095
27.75,18.75,0.148782
28.25,18.75,0.14047
28.75,18.75,0.132157
29.25,18.75,0.124758
29.75,18.75,0.117358
30.25,18.75,0.109959
30.75,18.75,0.102559
31.25,18.75,0.0951596
31.75,18.75,0.088859
32.25,18.75,0.0825584
32.75,18.75,0.0762579
33.25,18.75,0.0699573
33.75,18.75,0.0636567
34.25,18.75,0.0587039
34.75,18.75,0.0537511
35.25,18.75,0.0487983
35.75,18.75,0.0438455
36.25,18.75,0.0388927
36.75,18.75,0.0354541
37.25,18.75,0.0320155
37.75,18.75,0.0285769
38.25,18.75,0.0251384
38.75,18.75,0.0216998
39.25,18.75,0.0196257
39.75,18.75,0.0175516
40.25,18.75,0.0154775
40.75,18.75,0.0134034
41.25,18.75,0.0113293
41.75,18.75,0.0102464
42.25,18.75,0.0091636
42.75,18.75,0.00808076
43.25,18.75,0.00699792
43.75,18.75,0.00591509
44.25,18.75,0.00591509
44.75,18.75,0.00591509
-44.75,19.25,0.00383708
-44.25,19.25,0.00383708
-43.75,19.25,0.00383708
-43.25,19.25,0.00399685
-42.75,19.25,0.00415661
-42.25,19.25,0.00431638
-41.75,19.25,0.00447614
-41.25,19.25,0.0046359
-40.75,19.25,0.00506315
-40.25,19.25,0.0054904
-39.75,19.25,0.00591765
-39.25,19.25,0.0063449
-38.75,19.25,0.00677215
-38.25,19.25,0.007947
-37.75,19.25,0.00912184
-37.25,19.25,0.0102967
-36.75,19.25,0.0114715
-36.25,19.25,0.0126464
-35.75,19.25,0.0153672
-35.25,19.25,0.0180881
-34.75,19.25,0.020809
-34.25,19.25,0.0235298
-33.75,19.25,0.0262507
-33.25,19.25,0.0302771
-32.75,19.25,0.0343034
-32.25,19.25,0.0383298
-31.75,19.25,0.0423562
-31.25,19.25,0.0463826
-30.75,19.25,0.0508335
-30.25,19.25,0.0552844
-29.75,19.25,0.0597354
-29.25,19.25,0.0641863
-28.75,19.25,0.0686372
-28.25,19.25,0.0730081
-27.75,19.25,0.0773789
-27.25,19.25,0.0817497
-26.75,19.25,0.0861205
-26.25,19.25,0.0904913
-25.75,19.25,0.0947736
-25.25,19.25,0.0990559
-24.75,19.25,0.103338
-24.25,19.25,0.107621
-23.75,19.25,0.111903
-23.25,19.25,0.115963
-22.75,19.25,0.120023
-22.25,19.25,0.124084
-21.75,19.25,0.128144
-21.25,19.25,0.132204
-20.75,19.25,0.136148
-20.25,19.25,0.140091
-19.75,19.25,0.144035
-19.25,19.25,0.147978
-18.75,19.25,0.151922
-18.25,19.25,0.155758
-17.75,19.25,0.159595
-17.25,19.25,0.163431
-16.75,19.25,0.167268
-16.25,19.25,0.171104
-15.75,19.25,0.175101
-15.25,19.25,0.179099
-14.75,19.25,0.183096
-14.25,19.25,0.187094
-13.75,19.25,0.191091
-13.25,19.25,0.19546
-12.75,19.25,0.199829
-12.25,19.25,0.204198
-11.75,19.25,0.208566
-11.25,19.25,0.212935
-10.75,19.25,0.217654
-10.25,19.25,0.222372
-9.75,19.25,0.227091
-9.25,19.25,0.231809
-8.75,19.25,0.236528
-8.25,19.25,0.241889
-7.75,19.25,0.24725
-7.25,19.25,0.252612
-6.75,19.25,0.257973
-6.25,19.25,0.263334
-5.75,19.25,0.269444
-5.25,19.25,0.275554
-4.75,19.25,0.281664
-4.25,19.25,0.287774
-3.75,19.25,0.293884
-3.25,19.25,0.300662
-2.75,19.25,0.307441
-2.25,19.25,0.31422
-1.75,19.25,0.320998
-1.25,19.25,0.327777
-0.75,19.25,0.335077
-0.25,19.25,0.342376
0.25,19.25,0.349675
0.75,19.25,0.356975
1.25,19.25,0.364274
1.75,19.25,0.371136
2.25,19.25,0.377997
2.75,19.25,0.384858
3.25,19.25,0.391719
3.75,19.25,0.39858
4.25,19.25,0.404042
4.75,19.25,0.409504
5.25,19.25,0.414967
5.75,19.25,0.420429
6.25,19.25,0.425891
6.75,19.25,0.428361
7.25,19.25,0.430832
7.75,19.25,0.433302
8.25,19.25,0.435773
8.75,19.25,0.438243
9.25,19.25,0.43674
9.75,19.25,0.435236
10.25,19.25,0.433733
10.75,19.25,0.43223
11.25,19.25,0.430727
11.75,19.25,0.42529
12.25,19.25,0.419854
12.75,19.25,0.414417
13.25,19.25,0.408981
13.75,19.25,0.403544
14.25,19.25,0.395054
14.75,19.25,0.386563
15.25,19.25,0.378072
15.75,19.25,0.369581
16.25,19.25,0.361091
16.75,19.25,0.350938
17.25,19.25,0.340785
17.75,19.25,0.330632
18.25,19.25,0.32048
18.75,19.25,0.310327
19.25,19.25,0.299942
19.75,19.25,0.289557
20.25,19.25,0.279172
20.75,19.25,0.268787
21.25,19.25,0.258402
21.75,19.25,0.248579
22.25,19.25,0.238755
22.75,19.25,0.228932
23.25,19.25,0.219109
23.75,19.25,0.209286
24.25,19.25,0.200341
24.75,19.25,0.191397
25.25,19.25,0.182453
25.75,19.25,0.173508
26.25,19.25,0.164564
26.75,19.25,0.156588
27.25,19.25,0.148612
27.75,19.25,0.140636
28.25,19.25,0.13266
28.75,19.25,0.124684
29.25,19.25,0.11762
29.75,19.25,0.110557
30.25,19.25,0.103494
30.75,19.25,0.0964303
31.25,19.25,0.0893669
31.75,19.25,0.0833918
32.25,19.25,0.0774168
32.75,19.25,0.0714417
33.25,19.25,0.0654667
33.75,19.25,0.0594916
34.25,19.25,0.0548338
34.75,19.25,0.0501759
35.25,19.25,0.0455181
35.75,19.25,0.0408602
36.25,19.25,0.0362024
36.75,19.25,0.0329975
37.25,19.25,0.0297925
37.75,19.25,0.0265876
38.25,19.25,0.0233827
38.75,19.25,0.0201777
39.25,19.25,0.0182553
39.75,19.25,0.0163328
40.25,19.25,0.0144104
40.75,19.25,0.0124879
41.25,19.25,0.0105655
41.75,19.25,0.00956226
42.25,19.25,0.00855905
42.75,19.25,0.00755584
43.25,19.25,0.00655263
43.75,19.25,0.00554942
44.25,19.25,0.00554942
44.75,19.25,0.00554942
-44.75,19.75,0.00360451
-44.25,19.75,0.00360451
-43.75,19.75,0.00360451
-43.25,19.75,0.00375126
-42.75,19.75,0.00389801
-42.25,19.75,0.00404475
-41.75,19.75,0.0041915
-41.25,19.75,0.00433824
-40.75,19.75,0.00472294
-40.25,19.75,0.00510763
-39.75,19.75,0.00549233
-39.25,19.75,0.00587702
-38.75,19.75,0.00626172
-38.25,19.75,0.00731164
-37.75,19.75,0.00836155
-37.25,19.75,0.00941147
-36.75,19.75,0.0104614
-36.25,19.75,0.0115113
-35.75,19.75,0.0139705
-35.25,19.75,0.0164296
-34.75,19.75,0.0188888
-34.25,19.75,0.0213479
-33.75,19.75,0.0238071
-33.25,19.75,0.0275353
-32.75,19.75,0.0312635
-32.25,19.75,0.0349918
-31.75,19.75,0.03872
-31.25,19.75,0.0424482
-30.75,19.75,0.0466522
-30.25,19.75,0.0508562
-29.75,19.75,0.0550602
-29.25,19.75,0.0592641
-28.75,19.75,0.0634681
-28.25,19.75,0.0676511
-27.75,19.75,0.0718341
-27.25,19.75,0.0760171
-26.75,19.75,0.0802001
-26.25,19.75,0.0843831
-25.75,19.75,0.0884918
-25.25,19.75,0.0926004
-24.75,19.75,0.0967091
-24.25,19.75,0.100818
-23.75,19.75,0.104926
-23.25,19.75,0.108841
-22.75,19.75,0.112756
-22.25,19.75,0.11667
-21.75,19.75,0.120585
-21.25,19.75,0.124499
-20.75,19.75,0.128283
-20.25,19.75,0.132067
-19.75,19.75,0.135851
-19.25,19.75,0.139634
-18.75,19.75,0.143418
-18.25,19.75,0.147105
-17.75,19.75,0.150791
-17.25,19.75,0.154478
-16.75,19.75,0.158164
-16.25,19.75,0.161851
-15.75,19.75,0.165675
-15.25,19.75,0.169499
-14.75,19.75,0.173324
-14.25,19.75,0.177148
-13.75,19.75,0.180972
-13.25,19.75,0.185143
-12.75,19.75,0.189313
-12.25,19.75,0.193484
-11.75,19.75,0.197654
-11.25,19.75,0.201824
-10.75,19.75,0.206308
-10.25,19.75,0.210791
-9.75,19.75,0.215275
-9.25,19.75,0.219758
-8.75,19.75,0.224241
-8.25,19.75,0.229362
-7.75,19.75,0.234482
-7.25,19.75,0.239603
-6.75,19.75,0.244723
-6.25,19.75,0.249844
-5.75,19.75,0.255651
-5.25,19.75,0.261458
-4.75,19.75,0.267266
-4.25,19.75,0.273073
-3.75,19.75,0.278881
-3.25,19.75,0.285331
-2.75,19.75,0.291782
-2.25,19.75,0.298233
-1.75,19.75,0.304683
-1.25,19.75,0.311134
-0.75,19.75,0.318101
-0.25,19.75,0.325069
0.25,19.75,0.332036
0.75,19.75,0.339004
1.25,19.75,0.345971
1.75,19.75,0.352518
2.25,19.75,0.359065
2.75,19.75,0.365612
3.25,19.75,0.372158
3.75,19.75,0.378705
4.25,19.75,0.38391
4.75,19.75,0.389115
5.25,19.75,0.39432
5.75,19.75,0.399525
6.25,19.75,0.404729
6.75,19.75,0.407135
7.25,19.75,0.40954
7.75,19.75,0.411945
8.25,19.75,0.41435
8.75,19.75,0.416756
9.25,19.75,0.415369
9.75,19.75,0.413983
10.25,19.75,0.412596
10.75,19.75,0.41121
11.25,19.75,0.409823
11.75,19.75,0.404667
12.25,19.75,0.39951
12.75,19.75,0.394354
13.25,19.75,0.389197
13.75,19.75,0.384041
14.25,19.75,0.375946
14.75,19.75,0.367852
15.25,19.75,0.359757
15.75,19.75,0.351663
16.25,19.75,0.343568
16.75,19.75,0.333842
17.25,19.75,0.324115
17.75,19.75,0.314389
18.25,19.75,0.304663
18.75,19.75,0.294937
19.25,19.75,0.28501
19.75,19.75,0.275084
20.25,19.75,0.265158
20.75,19.75,0.255232
21.25,19.75,0.245306
21.75,19.75,0.235892
22.25,19.75,0.226478
22.75,19.75,0.217064
23.25,19.75,0.207651
23.75,19.75,0.198237
24.25,19.75,0.189671
24.75,19.75,0.181105
25.25,19.75,0.17254
25.75,19.75,0.163974
26.25,19.75,0.155408
26.75,19.75,0.147769
27.25,19.75,0.140129
27.75,19.75,0.132489
28.25,19.75,0.12485
28.75,19.75,0.11721
29.25,19.75,0.110483
29.75,19.75,0.103756
30.25,19.75,0.0970286
30.75,19.75,0.0903013
31.25,19.75,0.0835741
31.75,19.75,0.0779246
32.25,19.75,0.0722751
32.75,19.75,0.0666256
33.25,19.75,0.060976
33.75,19.75,0.0553265
34.25,19.75,0.0509636
34.75,19.75,0.0466007
35.25,19.75,0.0422379
35.75,19.75,0.037875
36.25,19.75,0.0335121
36.75,19.75,0.0305408
37.25,19.75,0.0275695
37.75,19.75,0.0245983
38.25,19.75,0.021627
38.75,19.75,0.0186557
39.25,19.75,0.0168849
39.75,19.75,0.0151141
40.25,19.75,0.0133433
40.75,19.75,0.0115725
41.25,19.75,0.00980167
41.75,19.75,0.00887809
42.25,19.75,0.0079545
42.75,19.75,0.00703092
43.25,19.75,0.00610733
43.75,19.75,0.00518374
44.25,19.75,0.00518374
44.75,19.75,0.00518374
-44.75,20.25,0.00337195
-44.25,20.25,0.00337195
-43.75,20.25,0.00337195
-43.25,20.25,0.00350567
-42.75,20.25,0.0036394
-42.25,20.25,0.00377313
-41.75,20.25,0.00390686
-41.25,20.25,0.00404059
-40.75,20.25,0.00438273
-40.25,20.25,0.00472486
-39.75,20.25,0.005067
-39.25,20.25,0.00540914
-38.75,20.25,0.00575128
-38.25,20.25,0.00667627
-37.75,20.25,0.00760127
-37.25,20.25,0.00852626
-36.75,20.25,0.00945125
-36.25,20.25,0.0103762
-35.75,20.25,0.0125737
-35.25,20.25,0.0147712
-34.75,20.25,0.0169686
-34.25,20.25,0.0191661
-33.75,20.25,0.0213635
-33.25,20.25,0.0247936
-32.75,20.25,0.0282236
-32.25,20.25,0.0316537
-31.75,20.25,0.0350838
-31.25,20.25,0.0385138
-30.75,20.25,0.0424708
-30.25,20.25,0.0464279
-29.75,20.25,0.0503849
-29.25,20.25,0.054342
-28.75,20.25,0.058299
-28.25,20.25,0.0622942
-27.75,20.25,0.0662894
-27.25,20.25,0.0702846
-26.75,20.25,0.0742798
-26.25,20.25,0.078275
-25.75,20.25,0.08221
-25.25,20.25,0.086145
-24.75,20.25,0.09008
-24.25,20.25,0.094015
-23.75,20.25,0.09795
-23.25,20.25,0.101719
-22.75,20.25,0.105488
-22.25,20.25,0.109257
-21.75,20.25,0.113026
-21.25,20.25,0.116795
-20.75,20.25,0.120419
-20.25,20.25,0.124042
-19.75,20.25,0.127666
-19.25,20.25,0.13129
-18.75,20.25,0.134914
-18.25,20.25,0.138451
-17.75,20.25,0.141987
-17.25,20.25,0.145524
-16.75,20.25,0.149061
-16.25,20.25,0.152598
-15.75,20.25,0.156249
-15.25,20.25,0.1599
-14.75,20.25,0.163551
-14.25,20.25,0.167202
-13.75,20.25,0.170854
-13.25,20.25,0.174826
-12.75,20.25,0.178798
-12.25,20.25,0.18277
-11.75,20.25,0.186742
-11.25,20.25,0.190713
-10.75,20.25,0.194962
-10.25,20.25,0.19921
-9.75,20.25,0.203458
-9.25,20.25,0.207707
-8.75,20.25,0.211955
-8.25,20.25,0.216835
-7.75,20.25,0.221714
-7.25,20.25,0.226594
-6.75,20.25,0.231473
-6.25,20.25,0.236353
-5.75,20.25,0.241858
-5.25,20.25,0.247363
-4.75,20.25,0.252868
-4.25,20.25,0.258373
-3.75,20.25,0.263878
-3.25,20.25,0.27
-2.75,20.25,0.276123
-2.25,20.25,0.282245
-1.75,20.25,0.288368
-1.25,20.25,0.294491
-0.75,20.25,0.301126
-0.25,20.25,0.307762
0.25,20.25,0.314397
0.75,20.25,0.321033
1.25,20.25,0.327668
1.75,20.25,0.333901
2.25,20.25,0.340133
2.75,20.25,0.346365
3.25,20.25,0.352598
3.75,20.25,0.35883
4.25,20.25,0.363778
4.75,20.25,0.368725
5.25,20.25,0.373673
5.75,20.25,0.378621
6.25,20.25,0.383568
6.75,20.25,0.385908
7.25,20.25,0.388248
7.75,20.25,0.390588
8.25,20.25,0.392928
8.75,20.25,0.395268
9.25,20.25,0.393999
9.75,20.25,0.392729
10.25,20.25,0.391459
10.75,20.25,0.390189
11.25,20.25,0.38892
11.75,20.25,0.384043
12.25,20.25,0.379167
12.75,20.25,0.37429
13.25,20.25,0.369414
13.75,20.25,0.364537
14.25,20.25,0.356839
14.75,20.25,0.349141
15.25,20.25,0.341442
15.75,20.25,0.333744
16.25,20.25,0.326045
16.75,20.25,0.316746
17.25,20.25,0.307446
17.75,20.25,0.298146
18.25,20.25,0.288846
18.75,20.25,0.279546
19.25,20.25,0.270079
19.75,20.25,0.260611
20.25,20.25,0.251144
20.75,20.25,0.241677
21.25,20.25,0.232209
21.75,20.25,0.223205
22.25,20.25,0.214201
22.75,20.25,0.205197
23.25,20.25,0.196192
23.75,20.25,0.187188
24.25,20.25,0.179001
24.75,20.25,0.170814
25.25,20.25,0.162627
25.75,20.25,0.154439
26.25,20.25,0.146252
26.75,20.25,0.138949
27.25,20.25,0.131646
27.75,20.25,0.124343
28.25,20.25,0.11704
28.75,20.25,0.109737
29.25,20.25,0.103346
29.75,20.25,0.0969545
30.25,20.25,0.0905635
30.75,20.25,0.0841724
31.25,20.25,0.0777814
31.75,20.25,0.0724574
32.25,20.25,0.0671334
32.75,20.25,0.0618094
33.25,20.25,0.0564854
33.75,20.25,0.0511614
34.25,20.25,0.0470935
34.75,20.25,0.0430256
35.25,20.25,0.0389577
35.75,20.25,0.0348898
36.25,20.25,0.0308219
36.75,20.25,0.0280842
37.25,20.25,0.0253466
37.75,20.25,0.0226089
38.25,20.25,0.0198713
38.75,20.25,0.0171336
39.25,20.25,0.0155145
39.75,20.25,0.0138953
40.25,20.25,0.0122762
40.75,20.25,0.010657
41.25,20.25,0.00903787
41.75,20.25,0.00819391
42.25,20.25,0.00734995
42.75,20.25,0.00650599
43.25,20.25,0.00566203
43.75,20.25,0.00481807
44.25,20.25,0.00481807
44.75,20.25,0.00481807
-44.75,20.75,0.00313938
-44.25,20.75,0.00313938
-43.75,20.75,0.00313938
-43.25,20.75,0.00326009
-42.75,20.75,0.0033808
-42.25,20.75,0.00350151
-41.75,20.75,0.00362222
-41.25,20.75,0.00374293
-40.75,20.75,0.00404251
-40.25,20.75,0.0043421
-39.75,20.75,0.00464168
-39.25,20.75,0.00494126
-38.75,20.75,0.00524085
-38.25,20.75,0.00604091
-37.75,20.75,0.00684098
-37.25,20.75,0.00764105
-36.75,20.75,0.00844111
-36.25,20.75,0.00924118
-35.75,20.75,0.0111769
-35.25,20.75,0.0131127
-34.75,20.75,0.0150484
-34.25,20.75,0.0169842
-33.75,20.75,0.0189199
-33.25,20.75,0.0220518
-32.75,20.75,0.0251837
-32.25,20.75,0.0283156
-31.75,20.75,0.0314475
-31.25,20.75,0.0345794
-30.75,20.75,0.0382895
-30.25,20.75,0.0419996
-29.75,20.75,0.0457097
-29.25,20.75,0.0494198
-28.75,20.75,0.0531299
-28.25,20.75,0.0569373
-27.75,20.75,0.0607446
-27.25,20.75,0.064552
-26.75,20.75,0.0683594
-26.25,20.75,0.0721668
-25.75,20.75,0.0759282
-25.25,20.75,0.0796896
-24.75,20.75,0.0834509
-24.25,20.75,0.0872123
-23.75,20.75,0.0909737
-23.25,20.75,0.094597
-22.75,20.75,0.0982203
-22.25,20.75,0.101844
-21.75,20.75,0.105467
-21.25,20.75,0.10909
-20.75,20.75,0.112554
-20.25,20.75,0.116018
-19.75,20.75,0.119482
-19.25,20.75,0.122946
-18.75,20.75,0.12641
-18.25,20.75,0.129797
-17.75,20.75,0.133184
-17.25,20.75,0.13657
-16.75,20.75,0.139957
-16.25,20.75,0.143344
-15.75,20.75,0.146822
-15.25,20.75,0.150301
-14.75,20.75,0.153779
-14.25,20.75,0.157257
-13.75,20.75,0.160735
-13.25,20.75,0.164508
-12.75,20.75,0.168282
-12.25,20.75,0.172056
-11.75,20.75,0.175829
-11.25,20.75,0.179603
-10.75,20.75,0.183616
-10.25,20.75,0.187629
-9.75,20.75,0.191642
-9.25,20.75,0.195656
-8.75,20.75,0.199669
-8.25,20.75,0.204308
-7.75,20.75,0.208946
-7.25,20.75,0.213585
-6.75,20.75,0.218224
-6.25,20.75,0.222863
-5.75,20.75,0.228065
-5.25,20.75,0.233267
-4.75,20.75,0.23847
-4.25,20.75,0.243672
-3.75,20.75,0.248875
-3.25,20.75,0.254669
-2.75,20.75,0.260464
-2.25,20.75,0.266258
-1.75,20.75,0.272053
-1.25,20.75,0.277847
-0.75,20.75,0.284151
-0.25,20.75,0.290454
0.25,20.75,0.296758
0.75,20.75,0.303062
1.25,20.75,0.309365
1.75,20.75,0.315283
2.25,20.75,0.321201
2.75,20.75,0.327119
3.25,20.75,0.333037
3.75,20.75,0.338955
4.25,20.75,0.343645
4.75,20.75,0.348336
5.25,20.75,0.353026
5.75,20.75,0.357716
6.25,20.75,0.362407
6.75,20.75,0.364682
7.25,20.75,0.366957
7.75,20.75,0.369231
8.25,20.75,0.371506
8.75,20.75,0.373781
9.25,20.75,0.372628
9.75,20.75,0.371475
10.25,20.75,0.370322
10.75,20.75,0.369169
11.25,20.75,0.368016
11.75,20.75,0.36342
12.25,20.75,0.358823
12.75,20.75,0.354227
13.25,20.75,0.34963
13.75,20.75,0.345034
14.25,20.75,0.337732
14.75,20.75,0.33043
15.25,20.75,0.323127
15.75,20.75,0.315825
16.25,20.75,0.308523
16.75,20.75,0.299649
17.25,20.75,0.290776
17.75,20.75,0.281903
18.25,20.75,0.273029
18.75,20.75,0.264156
19.25,20.75,0.255147
19.75,20.75,0.246139
20.25,20.75,0.23713
20.75,20.75,0.228122
21.25,20.75,0.219113
21.75,20.75,0.210518
22.25,20.75,0.201924
22.75,20.75,0.193329
23.25,20.75,0.184734
23.75,20.75,0.17614
24.25,20.75,0.168331
24.75,20.75,0.160522
25.25,20.75,0.152714
25.75,20.75,0.144905
26.25,20.75,0.137096
26.75,20.75,0.13013
27.25,20.75,0.123163
27.75,20.75,0.116196
28.25,20.75,0.10923
28.75,20.75,0.102263
29.25,20.75,0.0962081
29.75,20.75,0.0901532
30.25,20.75,0.0840984
30.75,20.75,0.0780435
31.25,20.75,0.0719887
31.75,20.75,0.0669902
32.25,20.75,0.0619917
32.75,20.75,0.0569932
33.25,20.75,0.0519947
33.75,20.75,0.0469962
34.25,20.75,0.0432233
34.75,20.75,0.0394504
35.25,20.75,0.0356774
35.75,20.75,0.0319045
36.25,20.75,0.0281316
36.75,20.75,0.0256276
37.25,20.75,0.0231236
37.75,20.75,0.0206196
38.25,20.75,0.0181156
38.75,20.75,0.0156116
39.25,20.75,0.0141441
39.75,20.75,0.0126766
40.25,20.75,0.0112091
40.75,20.75,0.00974157
41.25,20.75,0.00827407
41.75,20.75,0.00750974
42.25,20.75,0.0067454
42.75,20.75,0.00598107
43.25,20.75,0.00521674
43.75,20.75,0.0044524
44.25,20.75,0.0044524
44.75,20.75,0.0044524
-44.75,21.25,0.00290681
-44.25,21.25,0.00290681
-43.75,21.25,0.00290681
-43.25,21.25,0.0030145
-42.75,21.25,0.00312219
-42.25,21.25,0.00322988
-41.75,21.25,0.00333758
-41.25,21.25,0.00344527
-40.75,21.25,0.0037023
-40.25,21.25,0.00395933
-39.75,21.25,0.00421635
-39.25,21.25,0.00447338
-38.75,21.25,0.00473041
-38.25,21.25,0.00540555
-37.75,21.25,0.00608069
-37.25,21.25,0.00675583
-36.75,21.25,0.00743097
-36.25,21.25,0.00810611
-35.75,21.25,0.00978016
-35.25,21.25,0.0114542
-34.75,21.25,0.0131283
-34.25,21.25,0.0148023
-33.75,21.25,0.0164764
-33.25,21.25,0.0193101
-32.75,21.25,0.0221438
-32.25,21.25,0.0249776
-31.75,21.25,0.0278113
-31.25,21.25,0.030645
-30.75,21.25,0.0341082
-30.25,21.25,0.0375713
-29.75,21.25,0.0410345
-29.25,21.25,0.0444976
-28.75,21.25,0.0479607
-28.25,21.25,0.0515803
-27.75,21.25,0.0551999
-27.25,21.25,0.0588195
-26.75,21.25,0.0624391
-26.25,21.25,0.0660587
-25.75,21.25,0.0696464
-25.25,21.25,0.0732341
-24.75,21.25,0.0768218
-24.25,21.25,0.0804096
-23.75,21.25,0.0839973
-23.25,21.25,0.0874749
-22.75,21.25,0.0909526
-22.25,21.25,0.0944302
-21.75,21.25,0.0979079
-21.25,21.25,0.101386
-20.75,21.25,0.10469
-20.25,21.25,0.107994
-19.75,21.25,0.111298
-19.25,21.25,0.114602
-18.75,21.25,0.117906
-18.25,21.25,0.121143
-17.75,21.25,0.12438
-17.25,21.25,0.127617
-16.75,21.25,0.130854
-16.25,21.25,0.134091
-15.75,21.25,0.137396
-15.25,21.25,0.140701
-14.75,21.25,0.144006
-14.25,21.25,0.147311
-13.75,21.25,0.150616
-13.25,21.25,0.154191
-12.75,21.25,0.157766
-12.25,21.25,0.161342
-11.75,21.25,0.164917
-11.25,21.25,0.168492
-10.75,21.25,0.17227
-10.25,21.25,0.176048
-9.75,21.25,0.179826
-9.25,21.25,0.183604
-8.75,21.25,0.187383
-8.25,21.25,0.191781
-7.75,21.25,0.196178
-7.25,21.25,0.200576
-6.75,21.25,0.204974
-6.25,21.25,0.209372
-5.75,21.25,0.214272
-5.25,21.25,0.219172
-4.75,21.25,0.224072
-4.25,21.25,0.228972
-3.75,21.25,0.233872
-3.25,21.25,0.239338
-2.75,21.25,0.244805
-2.25,21.25,0.250271
-1.75,21.25,0.255737
-1.25,21.25,0.261204
-0.75,21.25,0.267176
-0.25,21.25,0.273147
0.25,21.25,0.279119
0.75,21.25,0.28509
1.25,21.25,0.291062
1.75,21.25,0.296666
2.25,21.25,0.302269
2.75,21.25,0.307873
3.25,21.25,0.313476
3.75,21.25,0.31908
4.25,21.25,0.323513
4.75,21.25,0.327946
5.25,21.25,0.332379
5.75,21.25,0.336812
6.25,21.25,0.341246
6.75,21.25,0.343455
7.25,21.25,0.345665
7.75,21.25,0.347875
8.25,21.25,0.350084
8.75,21.25,0.352294
9.25,21.25,0.351258
9.75,21.25,0.350221
10.25,21.25,0.349185
10.75,21.25,0.348149
11.25,21.25,0.347113
11.75,21.25,0.342796
12.25,21.25,0.33848
12.75,21.25,0.334163
13.25,21.25,0.329847
13.75,21.25,0.325531
14.25,21.25,0.318624
14.75,21.25,0.311718
15.25,21.25,0.304812
15.75,21.25,0.297906
16.25,21.25,0.291
16.75,21.25,0.282553
17.25,21.25,0.274106
17.75,21.25,0.265659
18.25,21.25,0.257212
18.75,21.25,0.248765
19.25,21.25,0.240216
19.75,21.25,0.231666
20.25,21.25,0.223116
20.75,21.25,0.214566
21.25,21.25,0.206017
21.75,21.25,0.197832
22.25,21.25,0.189646
22.75,21.25,0.181461
23.25,21.25,0.173276
23.75,21.25,0.165091
24.25,21.25,0.157661
24.75,21.25,0.150231
25.25,21.25,0.142801
25.75,21.25,0.135371
26.25,21.25,0.127941
26.75,21.25,0.12131
27.25,21.25,0.11468
27.75,21.25,0.10805
28.25,21.25,0.10142
28.75,21.25,0.0947893
29.25,21.25,0.0890706
29.75,21.25,0.083352
30.25,21.25,0.0776333
30.75,21.25,0.0719146
31.25,21.25,0.066196
31.75,21.25,0.061523
32.25,21.25,0.05685
32.75,21.25,0.0521771
33.25,21.25,0.0475041
33.75,21.25,0.0428311
34.25,21.25,0.0393532
34.75,21.25,0.0358752
35.25,21.25,0.0323972
35.75,21.25,0.0289193
36.25,21.25,0.0254413
36.75,21.25,0.023171
37.25,21.25,0.0209006
37.75,21.25,0.0186302
38.25,21.25,0.0163599
38.75,21.25,0.0140895
39.25,21.25,0.0127737
39.75,21.25,0.0114578
40.25,21.25,0.010142
40.75,21.25,0.00882612
41.25,21.25,0.00751027
41.75,21.25,0.00682556
42.25,21.25,0.00614086
42.75,21.25,0.00545615
43.25,21.25,0.00477144
43.75,21.25,0.00408673
44.25,21.25,0.00408673
44.75,21.25,0.00408673
-44.75,21.75,0.00273359
-44.25,21.75,0.00273359
-43.75,21.75,0.00273359
-43.25,21.75,0.00283179
-42.75,21.75,0.00293
-42.25,21.75,0.00302821
-41.75,21.75,0.00312641
-41.25,21.75,0.00322462
-40.75,21.75,0.00345676
-40.25,21.75,0.0036889
-39.75,21.75,0.00392105
-39.25,21.75,0.00415319
-38.75,21.75,0.00438533
-38.25,21.75,0.00499456
-37.75,21.75,0.00560379
-37.25,21.75,0.00621301
-36.75,21.75,0.00682224
-36.25,21.75,0.00743147
-35.75,21.75,0.00893743
-35.25,21.75,0.0104434
-34.75,21.75,0.0119493
-34.25,21.75,0.0134553
-33.75,21.75,0.0149613
-33.25,21.75,0.0175504
-32.75,21.75,0.0201396
-32.25,21.75,0.0227288
-31.75,21.75,0.0253179
-31.25,21.75,0.0279071
-30.75,21.75,0.0311413
-30.25,21.75,0.0343755
-29.75,21.75,0.0376097
-29.25,21.75,0.0408439
-28.75,21.75,0.0440782
-28.25,21.75,0.0475168
-27.75,21.75,0.0509555
-27.25,21.75,0.0543942
-26.75,21.75,0.0578329
-26.25,21.75,0.0612716
-25.75,21.75,0.0647039
-25.25,21.75,0.0681362
-24.75,21.75,0.0715684
-24.25,21.75,0.0750007
-23.75,21.75,0.078433
-23.25,21.75,0.0817645
-22.75,21.75,0.0850959
-22.25,21.75,0.0884274
-21.75,21.75,0.0917588
-21.25,21.75,0.0950903
-20.75,21.75,0.0982501
-20.25,21.75,0.10141
-19.75,21.75,0.10457
-19.25,21.75,0.10773
-18.75,21.75,0.110889
-18.25,21.75,0.113989
-17.75,21.75,0.117089
-17.25,21.75,0.120189
-16.75,21.75,0.123289
-16.25,21.75,0.126389
-15.75,21.75,0.129559
-15.25,21.75,0.132729
-14.75,21.75,0.135899
-14.25,21.75,0.139069
-13.75,21.75,0.142238
-13.25,21.75,0.145631
-12.75,21.75,0.149024
-12.25,21.75,0.152418
-11.75,21.75,0.155811
-11.25,21.75,0.159204
-10.75,21.75,0.162798
-10.25,21.75,0.166393
-9.75,21.75,0.169987
-9.25,21.75,0.173581
-8.75,21.75,0.177176
-8.25,21.75,0.181353
-7.75,21.75,0.18553
-7.25,21.75,0.189708
-6.75,21.75,0.193885
-6.25,21.75,0.198062
-5.75,21.75,0.202721
-5.25,21.75,0.207381
-4.75,21.75,0.21204
-4.25,21.75,0.2167
-3.75,21.75,0.221359
-3.25,21.75,0.226552
-2.75,21.75,0.231745
-2.25,21.75,0.236938
-1.75,21.75,0.242131
-1.25,21.75,0.247324
-0.75,21.75,0.252993
-0.25,21.75,0.258663
0.25,21.75,0.264332
0.75,21.75,0.270002
1.25,21.75,0.275671
1.75,21.75,0.281026
2.25,21.75,0.28638
2.75,21.75,0.291735
3.25,21.75,0.29709
3.75,21.75,0.302444
4.25,21.75,0.306693
4.75,21.75,0.310941
5.25,21.75,0.31519
5.75,21.75,0.319438
6.25,21.75,0.323687
6.75,21.75,0.32581
7.25,21.75,0.327933
7.75,21.75,0.330056
8.25,21.75,0.33218
8.75,21.75,0.334303
9.25,21.75,0.333342
9.75,21.75,0.332381
10.25,21.75,0.33142
10.75,21.75,0.330459
11.25,21.75,0.329498
11.75,21.75,0.325377
12.25,21.75,0.321255
12.75,21.75,0.317133
13.25,21.75,0.313012
13.75,21.75,0.30889
14.25,21.75,0.302305
14.75,21.75,0.29572
15.25,21.75,0.289135
15.75,21.75,0.282549
16.25,21.75,0.275964
16.75,21.75,0.267924
17.25,21.75,0.259883
17.75,21.75,0.251843
18.25,21.75,0.243802
18.75,21.75,0.235761
19.25,21.75,0.227579
19.75,21.75,0.219397
20.25,21.75,0.211215
20.75,21.75,0.203033
21.25,21.75,0.194851
21.75,21.75,0.187042
22.25,21.75,0.179234
22.75,21.75,0.171426
23.25,21.75,0.163618
23.75,21.75,0.155809
24.25,21.75,0.148715
24.75,21.75,0.14162
25.25,21.75,0.134526
25.75,21.75,0.127431
26.25,21.75,0.120336
26.75,21.75,0.114025
27.25,21.75,0.107713
27.75,21.75,0.101401
28.25,21.75,0.0950893
28.75,21.75,0.0887776
29.25,21.75,0.0833546
29.75,21.75,0.0779316
30.25,21.75,0.0725086
30.75,21.75,0.0670856
31.25,21.75,0.0616626
31.75,21.75,0.0572676
32.25,21.75,0.0528727
32.75,21.75,0.0484777
33.25,21.75,0.0440827
33.75,21.75,0.0396878
34.25,21.75,0.0364522
34.75,21.75,0.0332167
35.25,21.75,0.0299812
35.75,21.75,0.0267456
36.25,21.75,0.0235101
36.75,21.75,0.0214186
37.25,21.75,0.0193271
37.75,21.75,0.0172356
38.25,21.75,0.0151441
38.75,21.75,0.0130526
39.25,21.75,0.011843
39.75,21.75,0.0106334
40.25,21.75,0.00942374
40.75,21.75,0.0082141
41.25,21.75,0.00700447
41.75,21.75,0.00637048
42.25,21.75,0.00573649
42.75,21.75,0.0051025
43.25,21.75,0.00446851
43.75,21.75,0.00383452
44.25,21.75,0.00383452
44.75,21.75,0.00383452
-44.75,22.25,0.00256037
-44.25,22.25,0.00256037
-43.75,22.25,0.00256037
-43.25,22.25,0.00264909
-42.75,22.25,0.00273781
-42.25,22.25,0.00282653
-41.75,22.25,0.00291524
-41.25,22.25,0.00300396
-40.75,22.25,0.00321122
-40.25,22.25,0.00341848
-39.75,22.25,0.00362574
-39.25,22.25,0.00383299
-38.75,22.25,0.00404025
-38.25,22.25,0.00458357
-37.75,22.25,0.00512688
-37.25,22.25,0.0056702
-36.75,22.25,0.00621351
-36.25,22.25,0.00675683
-35.75,22.25,0.00809469
-35.25,22.25,0.00943255
-34.75,22.25,0.0107704
-34.25,22.25,0.0121083
-33.75,22.25,0.0134461
-33.25,22.25,0.0157907
-32.75,22.25,0.0181354
-32.25,22.25,0.02048
-31.75,22.25,0.0228246
-31.25,22.25,0.0251692
-30.75,22.25,0.0281745
-30.25,22.25,0.0311797
-29.75,22.25,0.034185
-29.25,22.25,0.0371903
-28.75,22.25,0.0401956
-28.25,22.25,0.0434534
-27.75,22.25,0.0467111
-27.25,22.25,0.0499689
-26.75,22.25,0.0532267
-26.25,22.25,0.0564845
-25.75,22.25,0.0597613
-25.25,22.25,0.0630382
-24.75,22.25,0.066315
-24.25,22.25,0.0695919
-23.75,22.25,0.0728687
-23.25,22.25,0.076054
-22.75,22.25,0.0792393
-22.25,22.25,0.0824245
-21.75,22.25,0.0856098
-21.25,22.25,0.0887951
-20.75,22.25,0.0918107
-20.25,22.25,0.0948263
-19.75,22.25,0.0978419
-19.25,22.25,0.100857
-18.75,22.25,0.103873
-18.25,22.25,0.106836
-17.75,22.25,0.109799
-17.25,22.25,0.112762
-16.75,22.25,0.115725
-16.25,22.25,0.118688
-15.75,22.25,0.121722
-15.25,22.25,0.124757
-14.75,22.25,0.127791
-14.25,22.25,0.130826
-13.75,22.25,0.13386
-13.25,22.25,0.137071
-12.75,22.25,0.140283
-12.25,22.25,0.143494
-11.75,22.25,0.146705
-11.25,22.25,0.149916
-10.75,22.25,0.153327
-10.25,22.25,0.156737
-9.75,22.25,0.160148
-9.25,22.25,0.163558
-8.75,22.25,0.166969
-8.25,22.25,0.170926
-7.75,22.25,0.174882
-7.25,22.25,0.178839
-6.75,22.25,0.182795
-6.25,22.25,0.186752
-5.75,22.25,0.191171
-5.25,22.25,0.19559
-4.75,22.25,0.200009
-4.25,22.25,0.204428
-3.75,22.25,0.208847
-3.25,22.25,0.213766
-2.75,22.25,0.218686
-2.25,22.25,0.223605
-1.75,22.25,0.228525
-1.25,22.25,0.233444
-0.75,22.25,0.238811
-0.25,22.25,0.244178
0.25,22.25,0.249546
0.75,22.25,0.254913
1.25,22.25,0.26028
1.75,22.25,0.265386
2.25,22.25,0.270491
2.75,22.25,0.275597
3.25,22.25,0.280703
3.75,22.25,0.285809
4.25,22.25,0.289873
4.75,22.25,0.293937
5.25,22.25,0.298
5.75,22.25,0.302064
6.25,22.25,0.306128
6.75,22.25,0.308165
7.25,22.25,0.310201
7.75,22.25,0.312238
8.25,22.25,0.314275
8.75,22.25,0.316312
9.25,22.25,0.315426
9.75,22.25,0.31454
10.25,22.25,0.313655
10.75,22.25,0.312769
11.25,22.25,0.311884
11.75,22.25,0.307957
12.25,22.25,0.30403
12.75,22.25,0.300103
13.25,22.25,0.296177
13.75,22.25,0.29225
14.25,22.25,0.285986
14.75,22.25,0.279721
15.25,22.25,0.273457
15.75,22.25,0.267193
16.25,22.25,0.260928
16.75,22.25,0.253294
17.25,22.25,0.24566
17.75,22.25,0.238026
18.25,22.25,0.230392
18.75,22.25,0.222757
19.25,22.25,0.214943
19.75,22.25,0.207128
20.25,22.25,0.199314
20.75,22.25,0.191499
21.25,22.25,0.183684
21.75,22.25,0.176253
22.25,22.25,0.168822
22.75,22.25,0.161391
23.25,22.25,0.153959
23.75,22.25,0.146528
24.25,22.25,0.139769
24.75,22.25,0.13301
25.25,22.25,0.12625
25.75,22.25,0.119491
26.25,22.25,0.112732
26.75,22.25,0.106739
27.25,22.25,0.100746
27.75,22.25,0.0947523
28.25,22.25,0.0887591
28.75,22.25,0.0827658
29.25,22.25,0.0776385
29.75,22.25,0.0725112
30.25,22.25,0.0673839
30.75,22.25,0.0622565
31.25,22.25,0.0571292
31.75,22.25,0.0530122
32.25,22.25,0.0488953
32.75,22.25,0.0447783
33.25,22.25,0.0406614
33.75,22.25,0.0365444
34.25,22.25,0.0335513
34.75,22.25,0.0305582
35.25,22.25,0.0275651
35.75,22.25,0.024572
36.25,22.25,0.0215789
36.75,22.25,0.0196663
37.25,22.25,0.0177536
37.75,22.25,0.015841
38.25,22.25,0.0139284
38.75,22.25,0.0120158
39.25,22.25,0.0109123
39.75,22.25,0.00980892
40.25,22.25,0.0087055
40.75,22.25,0.00760208
41.25,22.25,0.00649866
41.75,22.25,0.00591539
42.25,22.25,0.00533212
42.75,22.25,0.00474885
43.25,22.25,0.00416558
43.75,22.25,0.0035823
44.25,22.25,0.0035823
44.75,22.25,0.0035823
-44.75,22.75,0.00238715
-44.25,22.75,0.00238715
-43.75,22.75,0.00238715
-43.25,22.75,0.00246638
-42.75,22.75,0.00254562
-42.25,22.75,0.00262485
-41.75,22.75,0.00270408
-41.25,22.75,0.00278331
-40.75,22.75,0.00296568
-40.25,22.75,0.00314805
-39.75,22.75,0.00333043
-39.25,22.75,0.0035128
-38.75,22.75,0.00369517
-38.25,22.75,0.00417257
-37.75,22.75,0.00464998
-37.25,22.75,0.00512738
-36.75,22.75,0.00560478
-36.25,22.75,0.00608218
-35.75,22.75,0.00725195
-35.25,22.75,0.00842172
-34.75,22.75,0.00959149
-34.25,22.75,0.0107613
-33.75,22.75,0.011931
-33.25,22.75,0.0140311
-32.75,22.75,0.0161311
-32.25,22.75,0.0182312
-31.75,22.75,0.0203312
-31.25,22.75,0.0224312
-30.75,22.75,0.0252076
-30.25,22.75,0.0279839
-29.75,22.75,0.0307603
-29.25,22.75,0.0335366
-28.75,22.75,0.036313
-28.25,22.75,0.0393899
-27.75,22.75,0.0424668
-27.25,22.75,0.0455436
-26.75,22.75,0.0486205
-26.25,22.75,0.0516974
-25.75,22.75,0.0548188
-25.25,22.75,0.0579402
-24.75,22.75,0.0610616
-24.25,22.75,0.0641831
-23.75,22.75,0.0673045
-23.25,22.75,0.0703435
-22.75,22.75,0.0733826
-22.25,22.75,0.0764217
-21.75,22.75,0.0794608
-21.25,22.75,0.0824999
-20.75,22.75,0.0853713
-20.25,22.75,0.0882427
-19.75,22.75,0.091114
-19.25,22.75,0.0939854
-18.75,22.75,0.0968568
-18.25,22.75,0.0996827
-17.75,22.75,0.102509
-17.25,22.75,0.105334
-16.75,22.75,0.10816
-16.25,22.75,0.110986
-15.75,22.75,0.113885
-15.25,22.75,0.116785
-14.75,22.75,0.119684
-14.25,22.75,0.122583
-13.75,22.75,0.125482
-13.25,22.75,0.128512
-12.75,22.75,0.131541
-12.25,22.75,0.13457
-11.75,22.75,0.137599
-11.25,22.75,0.140628
-10.75,22.75,0.143855
-10.25,22.75,0.147082
-9.75,22.75,0.150309
-9.25,22.75,0.153535
-8.75,22.75,0.156762
-8.25,22.75,0.160498
-7.75,22.75,0.164234
-7.25,22.75,0.16797
-6.75,22.75,0.171706
-6.25,22.75,0.175442
-5.75,22.75,0.17962
-5.25,22.75,0.183799
-4.75,22.75,0.187977
-4.25,22.75,0.192156
-3.75,22.75,0.196334
-3.25,22.75,0.20098
-2.75,22.75,0.205626
-2.25,22.75,0.210272
-1.75,22.75,0.214918
-1.25,22.75,0.219564
-0.75,22.75,0.224629
-0.25,22.75,0.229694
0.25,22.75,0.234759
0.75,22.75,0.239824
1.25,22.75,0.244889
1.75,22.75,0.249746
2.25,22.75,0.254603
2.75,22.75,0.25946
3.25,22.75,0.264317
3.75,22.75,0.269174
4.25,22.75,0.273053
4.75,22.75,0.276932
5.25,22.75,0.280811
5.75,22.75,0.28469
6.25,22.75,0.288569
6.75,22.75,0.290519
7.25,22.75,0.29247
7.75,22.75,0.29442
8.25,22.75,0.29637
8.75,22.75,0.29832
9.25,22.75,0.29751
9.75,22.75,0.2967
10.25,22.75,0.29589
10.75,22.75,0.295079
11.25,22.75,0.294269
11.75,22.75,0.290537
12.25,22.75,0.286805
12.75,22.75,0.283074
13.25,22.75,0.279342
13.75,22.75,0.27561
14.25,22.75,0.269666
14.75,22.75,0.263723
15.25,22.75,0.257779
15.75,22.75,0.251836
16.25,22.75,0.245892
16.75,22.75,0.238664
17.25,22.75,0.231437
17.75,22.75,0.224209
18.25,22.75,0.216981
18.75,22.75,0.209753
19.25,22.75,0.202306
19.75,22.75,0.194859
20.25,22.75,0.187412
20.75,22.75,0.179965
21.25,22.75,0.172518
21.75,22.75,0.165464
22.25,22.75,0.15841
22.75,22.75,0.151355
23.25,22.75,0.144301
23.75,22.75,0.137246
24.25,22.75,0.130823
24.75,22.75,0.124399
25.25,22.75,0.117975
25.75,22.75,0.111552
26.25,22.75,0.105128
26.75,22.75,0.0994531
27.25,22.75,0.0937783
27.75,22.75,0.0881036
28.25,22.75,0.0824289
28.75,22.75,0.0767541
29.25,22.75,0.0719225
29.75,22.75,0.0670908
30.25,22.75,0.0622591
30.75,22.75,0.0574275
31.25,22.75,0.0525958
31.75,22.75,0.0487568
32.25,22.75,0.0449179
32.75,22.75,0.0410789
33.25,22.75,0.03724
33.75,22.75,0.033401
34.25,22.75,0.0306504
34.75,22.75,0.0278997
35.25,22.75,0.025149
35.75,22.75,0.0223983
36.25,22.75,0.0196477
36.75,22.75,0.0179139
37.25,22.75,0.0161802
37.75,22.75,0.0144464
38.25,22.75,0.0127126
38.75,22.75,0.0109789
39.25,22.75,0.00998168
39.75,22.75,0.00898447
40.25,22.75,0.00798727
40.75,22.75,0.00699006
41.25,22.75,0.00599286
41.75,22.75,0.0054603
42.25,22.75,0.00492775
42.75,22.75,0.0043952
43.25,22.75,0.00386264
43.75,22.75,0.00333009
44.25,22.75,0.00333009
44.75,22.75,0.00333009
-44.75,23.25,0.00221393
-44.25,23.25,0.00221393
-43.75,23.25,0.00221393
-43.25,23.25,0.00228368
-42.75,23.25,0.00235342
-42.25,23.25,0.00242317
-41.75,23.25,0.00249291
-41.25,23.25,0.00256266
-40.75,23.25,0.00272014
-40.25,23.25,0.00287763
-39.75,23.25,0.00303512
-39.25,23.25,0.0031926
-38.75,23.25,0.00335009
-38.25,23.25,0.00376158
-37.75,23.25,0.00417307
-37.25,23.25,0.00458456
-36.75,23.25,0.00499605
-36.25,23.25,0.00540754
-35.75,23.25,0.00640921
-35.25,23.25,0.00741089
-34.75,23.25,0.00841256
-34.25,23.25,0.00941424
-33.75,23.25,0.0104159
-33.25,23.25,0.0122714
-32.75,23.25,0.0141269
-32.25,23.25,0.0159823
-31.75,23.25,0.0178378
-31.25,23.25,0.0196933
-30.75,23.25,0.0222407
-30.25,23.25,0.0247881
-29.75,23.25,0.0273356
-29.25,23.25,0.029883
-28.75,23.25,0.0324304
-28.25,23.25,0.0353264
-27.75,23.25,0.0382224
-27.25,23.25,0.0411183
-26.75,23.25,0.0440143
-26.25,23.25,0.0469103
-25.75,23.25,0.0498763
-25.25,23.25,0.0528423
-24.75,23.25,0.0558082
-24.25,23.25,0.0587742
-23.75,23.25,0.0617402
-23.25,23.25,0.0646331
-22.75,23.25,0.067526
-22.25,23.25,0.0704189
-21.75,23.25,0.0733118
-21.25,23.25,0.0762047
-20.75,23.25,0.0789318
-20.25,23.25,0.081659
-19.75,23.25,0.0843862
-19.25,23.25,0.0871134
-18.75,23.25,0.0898406
-18.25,23.25,0.0925294
-17.75,23.25,0.0952182
-17.25,23.25,0.097907
-16.75,23.25,0.100596
-16.25,23.25,0.103285
-15.75,23.25,0.106049
-15.25,23.25,0.108813
-14.75,23.25,0.111577
-14.25,23.25,0.114341
-13.75,23.25,0.117104
-13.25,23.25,0.119952
-12.75,23.25,0.122799
-12.25,23.25,0.125646
-11.75,23.25,0.128493
-11.25,23.25,0.13134
-10.75,23.25,0.134383
-10.25,23.25,0.137426
-9.75,23.25,0.140469
-9.25,23.25,0.143512
-8.75,23.25,0.146555
-8.25,23.25,0.150071
-7.75,23.25,0.153586
-7.25,23.25,0.157101
-6.75,23.25,0.160617
-6.25,23.25,0.164132
-5.75,23.25,0.16807
-5.25,23.25,0.172008
-4.75,23.25,0.175946
-4.25,23.25,0.179884
-3.75,23.25,0.183822
-3.25,23.25,0.188194
-2.75,23.25,0.192567
-2.25,23.25,0.196939
-1.75,23.25,0.201312
-1.25,23.25,0.205685
-0.75,23.25,0.210447
-0.25,23.25,0.21521
0.25,23.25,0.219972
0.75,23.25,0.224735
1.25,23.25,0.229497
1.75,23.25,0.234106
2.25,23.25,0.238714
2.75,23.25,0.243322
3.25,23.25,0.24793
3.75,23.25,0.252539
4.25,23.25,0.256233
4.75,23.25,0.259927
5.25,23.25,0.263622
5.75,23.25,0.267316
6.25,23.25,0.27101
6.75,23.25,0.272874
7.25,23.25,0.274738
7.75,23.25,0.276602
8.25,23.25,0.278465
8.75,23.25,0.280329
9.25,23.25,0.279594
9.75,23.25,0.278859
10.25,23.25,0.278125
10.75,23.25,0.27739
11.25,23.25,0.276655
11.75,23.25,0.273118
12.25,23.25,0.269581
12.75,23.25,0.266044
13.25,23.25,0.262506
13.75,23.25,0.258969
14.25,23.25,0.253347
14.75,23.25,0.247724
15.25,23.25,0.242101
15.75,23.25,0.236479
16.25,23.25,0.230856
16.75,23.25,0.224035
17.25,23.25,0.217213
17.75,23.25,0.210392
18.25,23.25,0.203571
18.75,23.25,0.196749
19.25,23.25,0.18967
19.75,23.25,0.182591
20.25,23.25,0.175511
20.75,23.25,0.168432
21.25,23.25,0.161352
21.75,23.25,0.154675
22.25,23.25,0.147997
22.75,23.25,0.14132
23.25,23.25,0.134642
23.75,23.25,0.127965
24.25,23.25,0.121877
24.75,23.25,0.115788
25.25,23.25,0.1097
25.75,23.25,0.103612
26.25,23.25,0.0975235
26.75,23.25,0.0921673
27.25,23.25,0.0868111
27.75,23.25,0.0814549
28.25,23.25,0.0760986
28.75,23.25,0.0707424
29.25,23.25,0.0662064
29.75,23.25,0.0616704
30.25,23.25,0.0571344
30.75,23.25,0.0525984
31.25,23.25,0.0480624
31.75,23.25,0.0445015
32.25,23.25,0.0409405
32.75,23.25,0.0373796
33.25,23.25,0.0338186
33.75,23.25,0.0302577
34.25,23.25,0.0277494
34.75,23.25,0.0252412
35.25,23.25,0.0227329
35.75,23.25,0.0202247
36.25,23.25,0.0177165
36.75,23.25,0.0161616
37.25,23.25,0.0146067
37.75,23.25,0.0130518
38.25,23.25,0.0114969
38.75,23.25,0.009942
39.25,23.25,0.00905101
39.75,23.25,0.00816002
40.25,23.25,0.00726903
40.75,23.25,0.00637804
41.25,23.25,0.00548705
41.75,23.25,0.00500522
42.25,23.25,0.00452338
42.75,23.25,0.00404155
43.25,23.25,0.00355971
43.75,23.25,0.00307788
44.25,23.25,0.00307788
44.75,23.25,0.00307788
-44.75,23.75,0.00204071
-44.25,23.75,0.00204071
-43.75,23.75,0.00204071
-43.25,23.75,0.00210097
-42.75,23.75,0.00216123
-42.25,23.75,0.00222149
-41.75,23.75,0.00228175
-41.25,23.75,0.002342
-40.75,23.75,0.00247461
-40.25,23.75,0.00260721
-39.75,23.75,0.00273981
-39.25,23.75,0.00287241
-38.75,23.75,0.00300501
-38.25,23.75,0.00335059
-37.75,23.75,0.00369616
-37.25,23.75,0.00404174
-36.75,23.75,0.00438732
-36.25,23.75,0.0047329
-35.75,23.75,0.00556648
-35.25,23.75,0.00640006
-34.75,23.75,0.00723364
-34.25,23.75,0.00806722
-33.75,23.75,0.0089008
-33.25,23.75,0.0105117
-32.75,23.75,0.0121226
-32.25,23.75,0.0137335
-31.75,23.75,0.0153444
-31.25,23.75,0.0169554
-30.75,23.75,0.0192739
-30.25,23.75,0.0215923
-29.75,23.75,0.0239108
-29.25,23.75,0.0262293
-28.75,23.75,0.0285478
-28.25,23.75,0.0312629
-27.75,23.75,0.033978
-27.25,23.75,0.0366931
-26.75,23.75,0.0394081
-26.25,23.75,0.0421232
-25.75,23.75,0.0449338
-25.25,23.75,0.0477443
-24.75,23.75,0.0505548
-24.25,23.75,0.0533654
-23.75,23.75,0.0561759
-23.25,23.75,0.0589226
-22.75,23.75,0.0616693
-22.25,23.75,0.064416
-21.75,23.75,0.0671627
-21.25,23.75,0.0699094
-20.75,23.75,0.0724924
-20.25,23.75,0.0750754
-19.75,23.75,0.0776584
-19.25,23.75,0.0802414
-18.75,23.75,0.0828243
-18.25,23.75,0.0853761
-17.75,23.75,0.0879278
-17.25,23.75,0.0904795
-16.75,23.75,0.0930313
-16.25,23.75,0.095583
-15.75,23.75,0.0982117
-15.25,23.75,0.10084
-14.75,23.75,0.103469
-14.25,23.75,0.106098
-13.75,23.75,0.108727
-13.25,23.75,0.111392
-12.75,23.75,0.114057
-12.25,23.75,0.116722
-11.75,23.75,0.119387
-11.25,23.75,0.122052
-10.75,23.75,0.124911
-10.25,23.75,0.127771
-9.75,23.75,0.13063
-9.25,23.75,0.133489
-8.75,23.75,0.136349
-8.25,23.75,0.139643
-7.75,23.75,0.142938
-7.25,23.75,0.146233
-6.75,23.75,0.149527
-6.25,23.75,0.152822
-5.75,23.75,0.156519
-5.25,23.75,0.160217
-4.75,23.75,0.163914
-4.25,23.75,0.167612
-3.75,23.75,0.171309
-3.25,23.75,0.175408
-2.75,23.75,0.179507
-2.25,23.75,0.183607
-1.75,23.75,0.187706
-1.25,23.75,0.191805
-0.75,23.75,0.196265
-0.25,23.75,0.200725
0.25,23.75,0.205186
0.75,23.75,0.209646
1.25,23.75,0.214106
1.75,23.75,0.218466
2.25,23.75,0.222825
2.75,23.75,0.227184
3.25,23.75,0.231544
3.75,23.75,0.235903
4.25,23.75,0.239413
4.75,23.75,0.242923
5.25,23.75,0.246432
5.75,23.75,0.249942
6.25,23.75,0.253452
6.75,23.75,0.255229
7.25,23.75,0.257006
7.75,23.75,0.258783
8.25,23.75,0.260561
8.75,23.75,0.262338
9.25,23.75,0.261678
9.75,23.75,0.261019
10.25,23.75,0.260359
10.75,23.75,0.2597
11.25,23.75,0.25904
11.75,23.75,0.255698
12.25,23.75,0.252356
12.75,23.75,0.249014
13.25,23.75,0.245671
13.75,23.75,0.242329
14.25,23.75,0.237027
14.75,23.75,0.231725
15.25,23.75,0.226424
15.75,23.75,0.221122
16.25,23.75,0.21582
16.75,23.75,0.209405
17.25,23.75,0.20299
17.75,23.75,0.196575
18.25,23.75,0.19016
18.75,23.75,0.183745
19.25,23.75,0.177034
19.75,23.75,0.170322
20.25,23.75,0.16361
20.75,23.75,0.156898
21.25,23.75,0.150186
21.75,23.75,0.143886
22.25,23.75,0.137585
22.75,23.75,0.131285
23.25,23.75,0.124984
23.75,23.75,0.118683
24.25,23.75,0.112931
24.75,23.75,0.107178
25.25,23.75,0.101425
25.75,23.75,0.0956721
26.25,23.75,0.0899193
26.75,23.75,0.0848815
27.25,23.75,0.0798438
27.75,23.75,0.0748061
28.25,23.75,0.0697684
28.75,23.75,0.0647307
29.25,23.75,0.0604904
29.75,23.75,0.05625
30.25,23.75,0.0520097
30.75,23.75,0.0477694
31.25,23.75,0.043529
31.75,23.75,0.0402461
32.25,23.75,0.0369631
32.75,23.75,0.0336802
33.25,23.75,0.0303972
33.75,23.75,0.0271143
34.25,23.75,0.0248485
34.75,23.75,0.0225827
35.25,23.75,0.0203169
35.75,23.75,0.018051
36.25,23.75,0.0157852
36.75,23.75,0.0144092
37.25,23.75,0.0130332
37.75,23.75,0.0116572
38.25,23.75,0.0102811
38.75,23.75,0.00890513
39.25,23.75,0.00812035
39.75,23.75,0.00733557
40.25,23.75,0.0065508
40.75,23.75,0.00576602
41.25,23.75,0.00498125
41.75,23.75,0.00455013
42.25,23.75,0.00411901
42.75,23.75,0.0036879
43.25,23.75,0.00325678
43.75,23.75,0.00282566
44.25,23.75,0.00282566
44.75,23.75,0.00282566
-44.75,24.25,0.00190351
-44.25,24.25,0.00190351
-43.75,24.25,0.00190351
-43.25,24.25,0.0019595
-42.75,24.25,0.00201549
-42.25,24.25,0.00207148
-41.75,24.25,0.00212747
-41.25,24.25,0.00218346
-40.75,24.25,0.00230443
-40.25,24.25,0.0024254
-39.75,24.25,0.00254637
-39.25,24.25,0.00266734
-38.75,24.25,0.00278831
-38.25,24.25,0.00309672
-37.75,24.25,0.00340514
-37.25,24.25,0.00371356
-36.75,24.25,0.00402198
-36.25,24.25,0.0043304
-35.75,24.25,0.00507086
-35.25,24.25,0.00581132
-34.75,24.25,0.00655179
-34.25,24.25,0.00729225
-33.75,24.25,0.00803272
-33.25,24.25,0.00948221
-32.75,24.25,0.0109317
-32.25,24.25,0.0123812
-31.75,24.25,0.0138307
-31.25,24.25,0.0152802
-30.75,24.25,0.0174135
-30.25,24.25,0.0195468
-29.75,24.25,0.0216801
-29.25,24.25,0.0238134
-28.75,24.25,0.0259467
-28.25,24.25,0.0284823
-27.75,24.25,0.0310178
-27.25,24.25,0.0335533
-26.75,24.25,0.0360889
-26.25,24.25,0.0386244
-25.75,24.25,0.0412885
-25.25,24.25,0.0439526
-24.75,24.25,0.0466167
-24.25,24.25,0.0492808
-23.75,24.25,0.0519448
-23.25,24.25,0.0545525
-22.75,24.25,0.0571601
-22.25,24.25,0.0597677
-21.75,24.25,0.0623753
-21.25,24.25,0.0649829
-20.75,24.25,0.0674471
-20.25,24.25,0.0699112
-19.75,24.25,0.0723753
-19.25,24.25,0.0748395
-18.75,24.25,0.0773036
-18.25,24.25,0.0797413
-17.75,24.25,0.082179
-17.25,24.25,0.0846166
-16.75,24.25,0.0870543
-16.25,24.25,0.089492
-15.75,24.25,0.0919851
-15.25,24.25,0.0944783
-14.75,24.25,0.0969715
-14.25,24.25,0.0994646
-13.75,24.25,0.101958
-13.25,24.25,0.104486
-12.75,24.25,0.107014
-12.25,24.25,0.109542
-11.75,24.25,0.112071
-11.25,24.25,0.114599
-10.75,24.25,0.117297
-10.25,24.25,0.119996
-9.75,24.25,0.122694
-9.25,24.25,0.125393
-8.75,24.25,0.128091
-8.25,24.25,0.131204
-7.75,24.25,0.134318
-7.25,24.25,0.137431
-6.75,24.25,0.140544
-6.25,24.25,0.143657
-5.75,24.25,0.14715
-5.25,24.25,0.150644
-4.75,24.25,0.154137
-4.25,24.25,0.15763
-3.75,24.25,0.161123
-3.25,24.25,0.164996
-2.75,24.25,0.16887
-2.25,24.25,0.172743
-1.75,24.25,0.176616
-1.25,24.25,0.180489
-0.75,24.25,0.184694
-0.25,24.25,0.188899
0.25,24.25,0.193104
0.75,24.25,0.197308
1.25,24.25,0.201513
1.75,24.25,0.205659
2.25,24.25,0.209805
2.75,24.25,0.213951
3.25,24.25,0.218097
3.75,24.25,0.222243
4.25,24.25,0.225598
4.75,24.25,0.228952
5.25,24.25,0.232306
5.75,24.25,0.235661
6.25,24.25,0.239015
6.75,24.25,0.240716
7.25,24.25,0.242417
7.75,24.25,0.244117
8.25,24.25,0.245818
8.75,24.25,0.247519
9.25,24.25,0.246891
9.75,24.25,0.246263
10.25,24.25,0.245635
10.75,24.25,0.245007
11.25,24.25,0.244379
11.75,24.25,0.241192
12.25,24.25,0.238004
12.75,24.25,0.234817
13.25,24.25,0.23163
13.75,24.25,0.228443
14.25,24.25,0.22344
14.75,24.25,0.218437
15.25,24.25,0.213434
15.75,24.25,0.20843
16.25,24.25,0.203427
16.75,24.25,0.197326
17.25,24.25,0.191225
17.75,24.25,0.185124
18.25,24.25,0.179023
18.75,24.25,0.172921
19.25,24.25,0.166539
19.75,24.25,0.160157
20.25,24.25,0.153775
20.75,24.25,0.147392
21.25,24.25,0.14101
21.75,24.25,0.135023
22.25,24.25,0.129036
22.75,24.25,0.123049
23.25,24.25,0.117062
23.75,24.25,0.111075
24.25,24.25,0.105624
24.75,24.25,0.100172
25.25,24.25,0.0947206
25.75,24.25,0.0892691
26.25,24.25,0.0838176
26.75,24.25,0.0790596
27.25,24.25,0.0743016
27.75,24.25,0.0695435
28.25,24.25,0.0647855
28.75,24.25,0.0600275
29.25,24.25,0.0560562
29.75,24.25,0.0520849
30.25,24.25,0.0481136
30.75,24.25,0.0441423
31.25,24.25,0.0401709
31.75,24.25,0.0371255
32.25,24.25,0.03408
32.75,24.25,0.0310345
33.25,24.25,0.027989
33.75,24.25,0.0249435
34.25,24.25,0.0228609
34.75,24.25,0.0207783
35.25,24.25,0.0186958
35.75,24.25,0.0166132
36.25,24.25,0.0145306
36.75,24.25,0.0132684
37.25,24.25,0.0120063
37.75,24.25,0.0107441
38.25,24.25,0.00948189
38.75,24.25,0.00821971
39.25,24.25,0.00750567
39.75,24.25,0.00679163
40.25,24.25,0.00607759
40.75,24.25,0.00536355
41.25,24.25,0.00464951
41.75,24.25,0.00425048
42.25,24.25,0.00385144
42.75,24.25,0.00345241
43.25,24.25,0.00305337
43.75,24.25,0.00265434
44.25,24.25,0.00265434
44.75,24.25,0.00265434
-44.75,24.75,0.00176631
-44.25,24.75,0.00176631
-43.75,24.75,0.00176631
-43.25,24.75,0.00181803
-42.75,24.75,0.00186975
-42.25,24.75,0.00192147
-41.75,24.75,0.00197319
-41.25,24.75,0.00202491
-40.75,24.75,0.00213425
-40.25,24.75,0.00224359
-39.75,24.75,0.00235293
-39.25,24.75,0.00246226
-38.75,24.75,0.0025716
-38.25,24.75,0.00284286
-37.75,24.75,0.00311412
-37.25,24.75,0.00338538
-36.75,24.75,0.00365664
-36.25,24.75,0.0039279
-35.75,24.75,0.00457524
-35.25,24.75,0.00522259
-34.75,24.75,0.00586994
-34.25,24.75,0.00651729
-33.75,24.75,0.00716463
-33.25,24.75,0.00845271
-32.75,24.75,0.00974078
-32.25,24.75,0.0110289
-31.75,24.75,0.0123169
-31.25,24.75,0.013605
-30.75,24.75,0.0155531
-30.25,24.75,0.0175012
-29.75,24.75,0.0194494
-29.25,24.75,0.0213975
-28.75,24.75,0.0233456
-28.25,24.75,0.0257016
-27.75,24.75,0.0280576
-27.25,24.75,0.0304136
-26.75,24.75,0.0327697
-26.25,24.75,0.0351257
-25.75,24.75,0.0376433
-25.25,24.75,0.0401609
-24.75,24.75,0.0426785
-24.25,24.75,0.0451961
-23.75,24.75,0.0477137
-23.25,24.75,0.0501823
-22.75,24.75,0.0526508
-22.25,24.75,0.0551193
-21.75,24.75,0.0575879
-21.25,24.75,0.0600564
-20.75,24.75,0.0624017
-20.25,24.75,0.064747
-19.75,24.75,0.0670923
-19.25,24.75,0.0694376
-18.75,24.75,0.0717829
-18.25,24.75,0.0741065
-17.75,24.75,0.0764301
-17.25,24.75,0.0787537
-16.75,24.75,0.0810774
-16.25,24.75,0.083401
-15.75,24.75,0.0857586
-15.25,24.75,0.0881162
-14.75,24.75,0.0904738
-14.25,24.75,0.0928314
-13.75,24.75,0.095189
-13.25,24.75,0.0975803
-12.75,24.75,0.0999717
-12.25,24.75,0.102363
-11.75,24.75,0.104754
-11.25,24.75,0.107146
-10.75,24.75,0.109683
-10.25,24.75,0.112221
-9.75,24.75,0.114759
-9.25,24.75,0.117296
-8.75,24.75,0.119834
-8.25,24.75,0.122766
-7.75,24.75,0.125697
-7.25,24.75,0.128629
-6.75,24.75,0.131561
-6.25,24.75,0.134492
-5.75,24.75,0.137781
-5.25,24.75,0.14107
-4.75,24.75,0.144359
-4.25,24.75,0.147648
-3.75,24.75,0.150937
-3.25,24.75,0.154585
-2.75,24.75,0.158232
-2.25,24.75,0.161879
-1.75,24.75,0.165526
-1.25,24.75,0.169173
-0.75,24.75,0.173123
-0.25,24.75,0.177072
0.25,24.75,0.181022
0.75,24.75,0.184971
1.25,24.75,0.18892
1.75,24.75,0.192853
2.25,24.75,0.196785
2.75,24.75,0.200718
3.25,24.75,0.204651
3.75,24.75,0.208583
4.25,24.75,0.211782
4.75,24.75,0.214981
5.25,24.75,0.21818
5.75,24.75,0.22138
6.25,24.75,0.224579
6.75,24.75,0.226203
7.25,24.75,0.227827
7.75,24.75,0.229451
8.25,24.75,0.231075
8.75,24.75,0.232699
9.25,24.75,0.232103
9.75,24.75,0.231507
10.25,24.75,0.23091
10.75,24.75,0.230314
11.25,24.75,0.229718
11.75,24.75,0.226685
12.25,24.75,0.223653
12.75,24.75,0.220621
13.25,24.75,0.217588
13.75,24.75,0.214556
14.25,24.75,0.209852
14.75,24.75,0.205148
15.25,24.75,0.200443
15.75,24.75,0.195739
16.25,24.75,0.191035
16.75,24.75,0.185247
17.25,24.75,0.17946
17.75,24.75,0.173672
18.25,24.75,0.167885
18.75,24.75,0.162097
19.25,24.75,0.156045
19.75,24.75,0.149992
20.25,24.75,0.143939
20.75,24.75,0.137887
21.25,24.75,0.131834
21.75,24.75,0.126161
22.25,24.75,0.120487
22.75,24.75,0.114814
23.25,24.75,0.10914
23.75,24.75,0.103467
24.25,24.75,0.0983167
24.75,24.75,0.0931665
25.25,24.75,0.0880163
25.75,24.75,0.0828662
26.25,24.75,0.077716
26.75,24.75,0.0732376
27.25,24.75,0.0687593
27.75,24.75,0.0642809
28.25,24.75,0.0598026
28.75,24.75,0.0553243
29.25,24.75,0.051622
29.75,24.75,0.0479197
30.25,24.75,0.0442174
30.75,24.75,0.0405151
31.25,24.75,0.0368129
31.75,24.75,0.0340048
32.25,24.75,0.0311968
32.75,24.75,0.0283887
33.25,24.75,0.0255807
33.75,24.75,0.0227726
34.25,24.75,0.0208733
34.75,24.75,0.018974
35.25,24.75,0.0170747
35.75,24.75,0.0151753
36.25,24.75,0.013276
36.75,24.75,0.0121277
37.25,24.75,0.0109793
37.75,24.75,0.00983098
38.25,24.75,0.00868264
38.75,24.75,0.0075343
39.25,24.75,0.006891
39.75,24.75,0.00624769
40.25,24.75,0.00560438
40.75,24.75,0.00496108
41.25,24.75,0.00431777
41.75,24.75,0.00395082
42.25,24.75,0.00358387
42.75,24.75,0.00321692
43.25,24.75,0.00284997
43.75,24.75,0.00248302
44.25,24.75,0.00248302
44.75,24.75,0.00248302
-44.75,25.25,0.00162911
-44.25,25.25,0.00162911
-43.75,25.25,0.00162911
-43.25,25.25,0.00167656
-42.75,25.25,0.00172401
-42.25,25.25,0.00177146
-41.75,25.25,0.00181891
-41.25,25.25,0.00186636
-40.75,25.25,0.00196407
-40.25,25.25,0.00206178
-39.75,25.25,0.00215949
-39.25,25.25,0.00225719
-38.75,25.25,0.0023549
-38.25,25.25,0.002589
-37.75,25.25,0.0028231
-37.25,25.25,0.0030572
-36.75,25.25,0.0032913
-36.25,25.25,0.0035254
-35.75,25.25,0.00407963
-35.25,25.25,0.00463386
-34.75,25.25,0.00518809
-34.25,25.25,0.00574232
-33.75,25.25,0.00629655
-33.25,25.25,0.00742321
-32.75,25.25,0.00854986
-32.25,25.25,0.00967652
-31.75,25.25,0.0108032
-31.25,25.25,0.0119298
-30.75,25.25,0.0136928
-30.25,25.25,0.0154557
-29.75,25.25,0.0172186
-29.25,25.25,0.0189815
-28.75,25.25,0.0207445
-28.25,25.25,0.0229209
-27.75,25.25,0.0250974
-27.25,25.25,0.0272739
-26.75,25.25,0.0294504
-26.25,25.25,0.0316269
-25.75,25.25,0.033998
-25.25,25.25,0.0363692
-24.75,25.25,0.0387404
-24.25,25.25,0.0411115
-23.75,25.25,0.0434827
-23.25,25.25,0.0458121
-22.75,25.25,0.0481415
-22.25,25.25,0.050471
-21.75,25.25,0.0528004
-21.25,25.25,0.0551299
-20.75,25.25,0.0573563
-20.25,25.25,0.0595828
-19.75,25.25,0.0618092
-19.25,25.25,0.0640357
-18.75,25.25,0.0662621
-18.25,25.25,0.0684717
-17.75,25.25,0.0706813
-17.25,25.25,0.0728908
-16.75,25.25,0.0751004
-16.25,25.25,0.07731
-15.75,25.25,0.079532
-15.25,25.25,0.0817541
-14.75,25.25,0.0839762
-14.25,25.25,0.0861982
-13.75,25.25,0.0884203
-13.25,25.25,0.0906747
-12.75,25.25,0.0929291
-12.25,25.25,0.0951835
-11.75,25.25,0.0974379
-11.25,25.25,0.0996923
-10.75,25.25,0.102069
-10.25,25.25,0.104446
-9.75,25.25,0.106823
-9.25,25.25,0.1092
-8.75,25.25,0.111577
-8.25,25.25,0.114327
-7.75,25.25,0.117077
-7.25,25.25,0.119827
-6.75,25.25,0.122577
-6.25,25.25,0.125327
-5.75,25.25,0.128412
-5.25,25.25,0.131497
-4.75,25.25,0.134582
-4.25,25.25,0.137667
-3.75,25.25,0.140751
-3.25,25.25,0.144173
-2.75,25.25,0.147594
-2.25,25.25,0.151015
-1.75,25.25,0.154436
-1.25,25.25,0.157858
-0.75,25.25,0.161552
-0.25,25.25,0.165246
0.25,25.25,0.168939
0.75,25.25,0.172633
1.25,25.25,0.176327
1.75,25.25,0.180046
2.25,25.25,0.183766
2.75,25.25,0.187485
3.25,25.25,0.191204
3.75,25.25,0.194923
4.25,25.25,0.197967
4.75,25.25,0.201011
5.25,25.25,0.204055
5.75,25.25,0.207098
6.25,25.25,0.210142
6.75,25.25,0.21169
7.25,25.25,0.213237
7.75,25.25,0.214785
8.25,25.25,0.216332
8.75,25.25,0.21788
9.25,25.25,0.217315
9.75,25.25,0.21675
10.25,25.25,0.216186
10.75,25.25,0.215621
11.25,25.25,0.215056
11.75,25.25,0.212179
12.25,25.25,0.209302
12.75,25.25,0.206424
13.25,25.25,0.203547
13.75,25.25,0.200669
14.25,25.25,0.196264
14.75,25.25,0.191859
15.25,25.25,0.187453
15.75,25.25,0.183048
16.25,25.25,0.178642
16.75,25.25,0.173169
17.25,25.25,0.167695
17.75,25.25,0.162221
18.25,25.25,0.156747
18.75,25.25,0.151273
19.25,25.25,0.14555
19.75,25.25,0.139827
20.25,25.25,0.134104
20.75,25.25,0.128381
21.25,25.25,0.122658
21.75,25.25,0.117298
22.25,25.25,0.111938
22.75,25.25,0.106579
23.25,25.25,0.101219
23.75,25.25,0.0958587
24.25,25.25,0.0910098
24.75,25.25,0.0861609
25.25,25.25,0.0813121
25.75,25.25,0.0764632
26.25,25.25,0.0716143
26.75,25.25,0.0674157
27.25,25.25,0.063217
27.75,25.25,0.0590183
28.25,25.25,0.0548197
28.75,25.25,0.050621
29.25,25.25,0.0471878
29.75,25.25,0.0437545
30.25,25.25,0.0403213
30.75,25.25,0.036888
31.25,25.25,0.0334548
31.75,25.25,0.0308842
32.25,25.25,0.0283136
32.75,25.25,0.025743
33.25,25.25,0.0231724
33.75,25.25,0.0206018
34.25,25.25,0.0188857
34.75,25.25,0.0171696
35.25,25.25,0.0154535
35.75,25.25,0.0137375
36.25,25.25,0.0120214
36.75,25.25,0.0109869
37.25,25.25,0.00995238
37.75,25.25,0.00891788
38.25,25.25,0.00788339
38.75,25.25,0.00684889
39.25,25.25,0.00627632
39.75,25.25,0.00570375
40.25,25.25,0.00513118
40.75,25.25,0.0045586
41.25,25.25,0.00398603
41.75,25.25,0.00365116
42.25,25.25,0.0033163
42.75,25.25,0.00298143
43.25,25.25,0.00264656
43.75,25.25,0.0023117
44.25,25.25,0.0023117
44.75,25.25,0.0023117
-44.75,25.75,0.0014919
-44.25,25.75,0.0014919
-43.75,25.75,0.0014919
-43.25,25.75,0.00153509
-42.75,25.75,0.00157827
-42.25,25.75,0.00162145
-41.75,25.75,0.00166463
-41.25,25.75,0.00170781
-40.75,25.75,0.00179389
-40.25,25.75,0.00187997
-39.75,25.75,0.00196605
-39.25,25.75,0.00205212
-38.75,25.75,0.0021382
-38.25,25.75,0.00233514
-37.75,25.75,0.00253208
-37.25,25.75,0.00272902
-36.75,25.75,0.00292596
-36.25,25.75,0.0031229
-35.75,25.75,0.00358401
-35.25,25.75,0.00404513
-34.75,25.75,0.00450624
-34.25,25.75,0.00496735
-33.75,25.75,0.00542847
-33.25,25.75,0.00639371
-32.75,25.75,0.00735894
-32.25,25.75,0.00832418
-31.75,25.75,0.00928942
-31.25,25.75,0.0102547
-30.75,25.75,0.0118324
-30.25,25.75,0.0134101
-29.75,25.75,0.0149879
-29.25,25.75,0.0165656
-28.75,25.75,0.0181433
-28.25,25.75,0.0201403
-27.75,25.75,0.0221372
-27.25,25.75,0.0241342
-26.75,25.75,0.0261312
-26.25,25.75,0.0281281
-25.75,25.75,0.0303528
-25.25,25.75,0.0325775
-24.75,25.75,0.0348022
-24.25,25.75,0.0370269
-23.75,25.75,0.0392516
-23.25,25.75,0.0414419
-22.75,25.75,0.0436323
-22.25,25.75,0.0458226
-21.75,25.75,0.048013
-21.25,25.75,0.0502033
-20.75,25.75,0.0523109
-20.25,25.75,0.0544186
-19.75,25.75,0.0565262
-19.25,25.75,0.0586338
-18.75,25.75,0.0607414
-18.25,25.75,0.0628369
-17.75,25.75,0.0649324
-17.25,25.75,0.0670279
-16.75,25.75,0.0691234
-16.25,25.75,0.0712189
-15.75,25.75,0.0733055
-15.25,25.75,0.075392
-14.75,25.75,0.0774785
-14.25,25.75,0.079565
-13.75,25.75,0.0816515
-13.25,25.75,0.083769
-12.75,25.75,0.0858865
-12.25,25.75,0.088004
-11.75,25.75,0.0901215
-11.25,25.75,0.092239
-10.75,25.75,0.0944552
-10.25,25.75,0.0966713
-9.75,25.75,0.0988874
-9.25,25.75,0.101104
-8.75,25.75,0.10332
-8.25,25.75,0.105888
-7.75,25.75,0.108457
-7.25,25.75,0.111025
-6.75,25.75,0.113594
-6.25,25.75,0.116162
-5.75,25.75,0.119043
-5.25,25.75,0.121924
-4.75,25.75,0.124804
-4.25,25.75,0.127685
-3.75,25.75,0.130565
-3.25,25.75,0.133761
-2.75,25.75,0.136956
-2.25,25.75,0.140151
-1.75,25.75,0.143347
-1.25,25.75,0.146542
-0.75,25.75,0.149981
-0.25,25.75,0.153419
0.25,25.75,0.156857
0.75,25.75,0.160296
1.25,25.75,0.163734
1.75,25.75,0.16724
2.25,25.75,0.170746
2.75,25.75,0.174252
3.25,25.75,0.177757
3.75,25.75,0.181263
4.25,25.75,0.184152
4.75,25.75,0.18704
5.25,25.75,0.189929
5.75,25.75,0.192817
6.25,25.75,0.195706
6.75,25.75,0.197177
7.25,25.75,0.198648
7.75,25.75,0.200118
8.25,25.75,0.201589
8.75,25.75,0.20306
9.25,25.75,0.202527
9.75,25.75,0.201994
10.25,25.75,0.201461
10.75,25.75,0.200928
11.25,25.75,0.200395
11.75,25.75,0.197673
12.25,25.75,0.19495
12.75,25.75,0.192228
13.25,25.75,0.189505
13.75,25.75,0.186783
14.25,25.75,0.182676
14.75,25.75,0.17857
15.25,25.75,0.174463
15.75,25.75,0.170356
16.25,25.75,0.16625
16.75,25.75,0.16109
17.25,25.75,0.15593
17.75,25.75,0.150769
18.25,25.75,0.145609
18.75,25.75,0.140449
19.25,25.75,0.135056
19.75,25.75,0.129662
20.25,25.75,0.124269
20.75,25.75,0.118876
21.25,25.75,0.113482
21.75,25.75,0.108436
22.25,25.75,0.10339
22.75,25.75,0.0983432
23.25,25.75,0.0932968
23.75,25.75,0.0882504
24.25,25.75,0.0837029
24.75,25.75,0.0791553
25.25,25.75,0.0746078
25.75,25.75,0.0700602
26.25,25.75,0.0655127
26.75,25.75,0.0615937
27.25,25.75,0.0576747
27.75,25.75,0.0537557
28.25,25.75,0.0498368
28.75,25.75,0.0459178
29.25,25.75,0.0427536
29.75,25.75,0.0395894
30.25,25.75,0.0364252
30.75,25.75,0.0332609
31.25,25.75,0.0300967
31.75,25.75,0.0277636
32.25,25.75,0.0254304
32.75,25.75,0.0230973
33.25,25.75,0.0207641
33.75,25.75,0.018431
34.25,25.75,0.0168981
34.75,25.75,0.0153653
35.25,25.75,0.0138324
35.75,25.75,0.0122996
36.25,25.75,0.0107668
36.75,25.75,0.0098461
37.25,25.75,0.00892544
37.75,25.75,0.00800479
38.25,25.75,0.00708413
38.75,25.75,0.00616348
39.25,25.75,0.00566164
39.75,25.75,0.0051598
40.25,25.75,0.00465797
40.75,25.75,0.00415613
41.25,25.75,0.00365429
41.75,25.75,0.00335151
42.25,25.75,0.00304873
42.75,25.75,0.00274594
43.25,25.75,0.00244316
43.75,25.75,0.00214037
44.25,25.75,0.00214037
44.75,25.75,0.00214037
-44.75,26.25,0.0013547
-44.25,26.25,0.0013547
-43.75,26.25,0.0013547
-43.25,26.25,0.00139362
-42.75,26.25,0.00143253
-42.25,26.25,0.00147144
-41.75,26.25,0.00151035
-41.25,26.25,0.00154927
-40.75,26.25,0.00162371
-40.25,26.25,0.00169816
-39.75,26.25,0.00177261
-39.25,26.25,0.00184705
-38.75,26.25,0.0019215
-38.25,26.25,0.00208128
-37.75,26.25,0.00224106
-37.25,26.25,0.00240084
-36.75,26.25,0.00256062
-36.25,26.25,0.0027204
-35.75,26.25,0.0030884
-35.25,26.25,0.00345639
-34.75,26.25,0.00382439
-34.25,26.25,0.00419239
-33.75,26.25,0.00456038
-33.25,26.25,0.0053642
-32.75,26.25,0.00616802
-32.25,26.25,0.00697184
-31.75,26.25,0.00777566
-31.25,26.25,0.00857948
-30.75,26.25,0.00997203
-30.25,26.25,0.0113646
-29.75,26.25,0.0127571
-29.25,26.25,0.0141497
-28.75,26.25,0.0155422
-28.25,26.25,0.0173596
-27.75,26.25,0.0191771
-27.25,26.25,0.0209945
-26.75,26.25,0.0228119
-26.25,26.25,0.0246293
-25.75,26.25,0.0267076
-25.25,26.25,0.0287858
-24.75,26.25,0.030864
-24.25,26.25,0.0329422
-23.75,26.25,0.0350205
-23.25,26.25,0.0370717
-22.75,26.25,0.039123
-22.25,26.25,0.0411743
-21.75,26.25,0.0432255
-21.25,26.25,0.0452768
-20.75,26.25,0.0472656
-20.25,26.25,0.0492543
-19.75,26.25,0.0512431
-19.25,26.25,0.0532319
-18.75,26.25,0.0552207
-18.25,26.25,0.0572021
-17.75,26.25,0.0591836
-17.25,26.25,0.061165
-16.75,26.25,0.0631465
-16.25,26.25,0.0651279
-15.75,26.25,0.0670789
-15.25,26.25,0.0690299
-14.75,26.25,0.0709808
-14.25,26.25,0.0729318
-13.75,26.25,0.0748828
-13.25,26.25,0.0768634
-12.75,26.25,0.078844
-12.25,26.25,0.0808246
-11.75,26.25,0.0828052
-11.25,26.25,0.0847858
-10.75,26.25,0.0868411
-10.25,26.25,0.0888964
-9.75,26.25,0.0909518
-9.25,26.25,0.0930071
-8.75,26.25,0.0950624
-8.25,26.25,0.0974494
-7.75,26.25,0.0998365
-7.25,26.25,0.102223
-6.75,26.25,0.10461
-6.25,26.25,0.106998
-5.75,26.25,0.109674
-5.25,26.25,0.11235
-4.75,26.25,0.115027
-4.25,26.25,0.117703
-3.75,26.25,0.120379
-3.25,26.25,0.123349
-2.75,26.25,0.126318
-2.25,26.25,0.129288
-1.75,26.25,0.132257
-1.25,26.25,0.135226
-0.75,26.25,0.138409
-0.25,26.25,0.141592
0.25,26.25,0.144775
0.75,26.25,0.147958
1.25,26.25,0.151141
1.75,26.25,0.154434
2.25,26.25,0.157726
2.75,26.25,0.161018
3.25,26.25,0.164311
3.75,26.25,0.167603
4.25,26.25,0.170336
4.75,26.25,0.17307
5.25,26.25,0.175803
5.75,26.25,0.178536
6.25,26.25,0.181269
6.75,26.25,0.182664
7.25,26.25,0.184058
7.75,26.25,0.185452
8.25,26.25,0.186847
8.75,26.25,0.188241
9.25,26.25,0.187739
9.75,26.25,0.187238
10.25,26.25,0.186737
10.75,26.25,0.186235
11.25,26.25,0.185734
11.75,26.25,0.183166
12.25,26.25,0.180599
12.75,26.25,0.178031
13.25,26.25,0.175464
13.75,26.25,0.172896
14.25,26.25,0.169088
14.75,26.25,0.165281
15.25,26.25,0.161473
15.75,26.25,0.157665
16.25,26.25,0.153857
16.75,26.25,0.149011
17.25,26.25,0.144164
17.75,26.25,0.139318
18.25,26.25,0.134472
18.75,26.25,0.129625
19.25,26.25,0.124561
19.75,26.25,0.119498
20.25,26.25,0.114434
20.75,26.25,0.10937
21.25,26.25,0.104306
21.75,26.25,0.0995735
22.25,26.25,0.0948407
22.75,26.25,0.0901078
23.25,26.25,0.085375
23.75,26.25,0.0806422
24.25,26.25,0.0763959
24.75,26.25,0.0721497
25.25,26.25,0.0679035
25.75,26.25,0.0636572
26.25,26.25,0.059411
26.75,26.25,0.0557717
27.25,26.25,0.0521324
27.75,26.25,0.0484932
28.25,26.25,0.0448539
28.75,26.25,0.0412146
29.25,26.25,0.0383194
29.75,26.25,0.0354242
30.25,26.25,0.032529
30.75,26.25,0.0296338
31.25,26.25,0.0267386
31.75,26.25,0.0246429
32.25,26.25,0.0225472
32.75,26.25,0.0204515
33.25,26.25,0.0183559
33.75,26.25,0.0162602
34.25,26.25,0.0149106
34.75,26.25,0.0135609
35.25,26.25,0.0122113
35.75,26.25,0.0108617
36.25,26.25,0.00951213
36.75,26.25,0.00870532
37.25,26.25,0.00789851
37.75,26.25,0.00709169
38.25,26.25,0.00628488
38.75,26.25,0.00547807
39.25,26.25,0.00504696
39.75,26.25,0.00461586
40.25,26.25,0.00418476
40.75,26.25,0.00375366
41.25,26.25,0.00332255
41.75,26.25,0.00305185
42.25,26.25,0.00278115
42.75,26.25,0.00251045
43.25,26.25,0.00223975
43.75,26.25,0.00196905
44.25,26.25,0.00196905
44.75,26.25,0.00196905
-44.75,26.75,0.00126613
-44.25,26.75,0.00126613
-43.75,26.75,0.00126613
-43.25,26.75,0.00130159
-42.75,26.75,0.00133705
-42.25,26.75,0.00137251
-41.75,26.75,0.00140796
-41.25,26.75,0.00144342
-40.75,26.75,0.00151124
-40.25,26.75,0.00157905
-39.75,26.75,0.00164687
-39.25,26.75,0.00171469
-38.75,26.75,0.0017825
-38.25,26.75,0.00192657
-37.75,26.75,0.00207064
-37.25,26.75,0.0022147
-36.75,26.75,0.00235877
-36.25,26.75,0.00250284
-35.75,26.75,0.00282888
-35.25,26.75,0.00315492
-34.75,26.75,0.00348096
-34.25,26.75,0.003807
-33.75,26.75,0.00413304
-33.25,26.75,0.00484264
-32.75,26.75,0.00555225
-32.25,26.75,0.00626185
-31.75,26.75,0.00697146
-31.25,26.75,0.00768106
-30.75,26.75,0.00892841
-30.25,26.75,0.0101758
-29.75,26.75,0.0114231
-29.25,26.75,0.0126705
-28.75,26.75,0.0139178
-28.25,26.75,0.0155761
-27.75,26.75,0.0172343
-27.25,26.75,0.0188926
-26.75,26.75,0.0205509
-26.25,26.75,0.0222092
-25.75,26.75,0.02413
-25.25,26.75,0.0260509
-24.75,26.75,0.0279717
-24.25,26.75,0.0298926
-23.75,26.75,0.0318135
-23.25,26.75,0.0337497
-22.75,26.75,0.0356859
-22.25,26.75,0.0376222
-21.75,26.75,0.0395584
-21.25,26.75,0.0414946
-20.75,26.75,0.043369
-20.25,26.75,0.0452435
-19.75,26.75,0.0471179
-19.25,26.75,0.0489923
-18.75,26.75,0.0508667
-18.25,26.75,0.0527357
-17.75,26.75,0.0546048
-17.25,26.75,0.0564738
-16.75,26.75,0.0583428
-16.25,26.75,0.0602118
-15.75,26.75,0.0620635
-15.25,26.75,0.0639151
-14.75,26.75,0.0657667
-14.25,26.75,0.0676184
-13.75,26.75,0.06947
-13.25,26.75,0.0713408
-12.75,26.75,0.0732115
-12.25,26.75,0.0750822
-11.75,26.75,0.076953
-11.25,26.75,0.0788237
-10.75,26.75,0.0807627
-10.25,26.75,0.0827016
-9.75,26.75,0.0846406
-9.25,26.75,0.0865796
-8.75,26.75,0.0885186
-8.25,26.75,0.0907574
-7.75,26.75,0.0929962
-7.25,26.75,0.095235
-6.75,26.75,0.0974739
-6.25,26.75,0.0997127
-5.75,26.75,0.102208
-5.25,26.75,0.104703
-4.75,26.75,0.107198
-4.25,26.75,0.109694
-3.75,26.75,0.112189
-3.25,26.75,0.114973
-2.75,26.75,0.117757
-2.25,26.75,0.120541
-1.75,26.75,0.123324
-1.25,26.75,0.126108
-0.75,26.75,0.129111
-0.25,26.75,0.132113
0.25,26.75,0.135115
0.75,26.75,0.138117
1.25,26.75,0.14112
1.75,26.75,0.144212
2.25,26.75,0.147304
2.75,26.75,0.150396
3.25,26.75,0.153489
3.75,26.75,0.156581
4.25,26.75,0.159166
4.75,26.75,0.161751
5.25,26.75,0.164337
5.75,26.75,0.166922
6.25,26.75,0.169507
6.75,26.75,0.170817
7.25,26.75,0.172128
7.75,26.75,0.173439
8.25,26.75,0.174749
8.75,26.75,0.17606
9.25,26.75,0.175608
9.75,26.75,0.175157
10.25,26.75,0.174705
10.75,26.75,0.174254
11.25,26.75,0.173802
11.75,26.75,0.171387
12.25,26.75,0.168972
12.75,26.75,0.166557
13.25,26.75,0.164142
13.75,26.75,0.161727
14.25,26.75,0.158117
14.75,26.75,0.154506
15.25,26.75,0.150896
15.75,26.75,0.147286
16.25,26.75,0.143676
16.75,26.75,0.139099
17.25,26.75,0.134522
17.75,26.75,0.129945
18.25,26.75,0.125368
18.75,26.75,0.12079
19.25,26.75,0.116015
19.75,26.75,0.11124
20.25,26.75,0.106465
20.75,26.75,0.10169
21.25,26.75,0.0969148
21.75,26.75,0.0924689
22.25,26.75,0.088023
22.75,26.75,0.0835771
23.25,26.75,0.0791312
23.75,26.75,0.0746853
24.25,26.75,0.0707014
24.75,26.75,0.0667176
25.25,26.75,0.0627338
25.75,26.75,0.05875
26.25,26.75,0.0547661
26.75,26.75,0.051379
27.25,26.75,0.047992
27.75,26.75,0.0446049
28.25,26.75,0.0412178
28.75,26.75,0.0378307
29.25,26.75,0.0351609
29.75,26.75,0.0324912
30.25,26.75,0.0298214
30.75,26.75,0.0271516
31.25,26.75,0.0244818
31.75,26.75,0.0225656
32.25,26.75,0.0206493
32.75,26.75,0.018733
33.25,26.75,0.0168168
33.75,26.75,0.0149005
34.25,26.75,0.0136714
34.75,26.75,0.0124422
35.25,26.75,0.011213
35.75,26.75,0.00998387
36.25,26.75,0.00875471
36.75,26.75,0.00802123
37.25,26.75,0.00728775
37.75,26.75,0.00655426
38.25,26.75,0.00582078
38.75,26.75,0.00508729
39.25,26.75,0.00469048
39.75,26.75,0.00429366
40.25,26.75,0.00389685
40.75,26.75,0.00350003
41.25,26.75,0.00310322
41.75,26.75,0.0028524
42.25,26.75,0.00260157
42.75,26.75,0.00235075
43.25,26.75,0.00209993
43.75,26.75,0.00184911
44.25,26.75,0.00184911
44.75,26.75,0.00184911
-44.75,27.25,0.00117756
-44.25,27.25,0.00117756
-43.75,27.25,0.00117756
-43.25,27.25,0.00120956
-42.75,27.25,0.00124157
-42.25,27.25,0.00127357
-41.75,27.25,0.00130557
-41.25,27.25,0.00133758
-40.75,27.25,0.00139876
-40.25,27.25,0.00145995
-39.75,27.25,0.00152114
-39.25,27.25,0.00158232
-38.75,27.25,0.00164351
-38.25,27.25,0.00177186
-37.75,27.25,0.00190022
-37.25,27.25,0.00202857
-36.75,27.25,0.00215693
-36.25,27.25,0.00228528
-35.75,27.25,0.00256936
-35.25,27.25,0.00285345
-34.75,27.25,0.00313753
-34.25,27.25,0.00342161
-33.75,27.25,0.0037057
-33.25,27.25,0.00432109
-32.75,27.25,0.00493648
-32.25,27.25,0.00555186
-31.75,27.25,0.00616725
-31.25,27.25,0.00678264
-30.75,27.25,0.00788479
-30.25,27.25,0.00898694
-29.75,27.25,0.0100891
-29.25,27.25,0.0111912
-28.75,27.25,0.0122934
-28.25,27.25,0.0137925
-27.75,27.25,0.0152916
-27.25,27.25,0.0167907
-26.75,27.25,0.0182899
-26.25,27.25,0.019789
-25.75,27.25,0.0215525
-25.25,27.25,0.023316
-24.75,27.25,0.0250795
-24.25,27.25,0.026843
-23.75,27.25,0.0286065
-23.25,27.25,0.0304277
-22.75,27.25,0.0322488
-22.25,27.25,0.03407
-21.75,27.25,0.0358912
-21.25,27.25,0.0377124
-20.75,27.25,0.0394725
-20.25,27.25,0.0412326
-19.75,27.25,0.0429926
-19.25,27.25,0.0447527
-18.75,27.25,0.0465128
-18.25,27.25,0.0482694
-17.75,27.25,0.050026
-17.25,27.25,0.0517826
-16.75,27.25,0.0535391
-16.25,27.25,0.0552957
-15.75,27.25,0.057048
-15.25,27.25,0.0588003
-14.75,27.25,0.0605527
-14.25,27.25,0.062305
-13.75,27.25,0.0640573
-13.25,27.25,0.0658182
-12.75,27.25,0.067579
-12.25,27.25,0.0693399
-11.75,27.25,0.0711007
-11.25,27.25,0.0728616
-10.75,27.25,0.0746842
-10.25,27.25,0.0765068
-9.75,27.25,0.0783295
-9.25,27.25,0.0801521
-8.75,27.25,0.0819747
-8.25,27.25,0.0840653
-7.75,27.25,0.086156
-7.25,27.25,0.0882466
-6.75,27.25,0.0903372
-6.25,27.25,0.0924279
-5.75,27.25,0.0947419
-5.25,27.25,0.097056
-4.75,27.25,0.0993701
-4.25,27.25,0.101684
-3.75,27.25,0.103998
-3.25,27.25,0.106597
-2.75,27.25,0.109195
-2.25,27.25,0.111794
-1.75,27.25,0.114392
-1.25,27.25,0.11699
-0.75,27.25,0.119812
-0.25,27.25,0.122633
0.25,27.25,0.125455
0.75,27.25,0.128277
1.25,27.25,0.131098
1.75,27.25,0.13399
2.25,27.25,0.136882
2.75,27.25,0.139774
3.25,27.25,0.142667
3.75,27.25,0.145559
4.25,27.25,0.147996
4.75,27.25,0.150433
5.25,27.25,0.15287
5.75,27.25,0.155307
6.25,27.25,0.157745
6.75,27.25,0.158971
7.25,27.25,0.160198
7.75,27.25,0.161425
8.25,27.25,0.162652
8.75,27.25,0.163878
9.25,27.25,0.163477
9.75,27.25,0.163075
10.25,27.25,0.162674
10.75,27.25,0.162272
11.25,27.25,0.161871
11.75,27.25,0.159608
12.25,27.25,0.157345
12.75,27.25,0.155082
13.25,27.25,0.15282
13.75,27.25,0.150557
14.25,27.25,0.147145
14.75,27.25,0.143732
15.25,27.25,0.14032
15.75,27.25,0.136908
16.25,27.25,0.133496
16.75,27.25,0.129188
17.25,27.25,0.12488
17.75,27.25,0.120572
18.25,27.25,0.116264
18.75,27.25,0.111956
19.25,27.25,0.107469
19.75,27.25,0.102983
20.25,27.25,0.0984963
20.75,27.25,0.0940098
21.25,27.25,0.0895234
21.75,27.25,0.0853644
22.25,27.25,0.0812054
22.75,27.25,0.0770464
23.25,27.25,0.0728874
23.75,27.25,0.0687284
24.25,27.25,0.065007
24.75,27.25,0.0612855
25.25,27.25,0.0575641
25.75,27.25,0.0538427
26.25,27.25,0.0501213
26.75,27.25,0.0469864
27.25,27.25,0.0438515
27.75,27.25,0.0407166
28.25,27.25,0.0375817
28.75,27.25,0.0344468
29.25,27.25,0.0320025
29.75,27.25,0.0295581
30.25,27.25,0.0271138
30.75,27.25,0.0246694
31.25,27.25,0.022225
31.75,27.25,0.0204882
32.25,27.25,0.0187514
32.75,27.25,0.0170146
33.25,27.25,0.0152777
33.75,27.25,0.0135409
34.25,27.25,0.0124322
34.75,27.25,0.0113234
35.25,27.25,0.0102147
35.75,27.25,0.00910601
36.25,27.25,0.00799729
36.75,27.25,0.00733714
37.25,27.25,0.00667699
37.75,27.25,0.00601683
38.25,27.25,0.00535668
38.75,27.25,0.00469652
39.25,27.25,0.00433399
39.75,27.25,0.00397146
40.25,27.25,0.00360894
40.75,27.25,0.00324641
41.25,27.25,0.00288388
41.75,27.25,0.00265294
42.25,27.25,0.002422
42.75,27.25,0.00219105
43.25,27.25,0.00196011
43.75,27.25,0.00172917
44.25,27.25,0.00172917
44.75,27.25,0.00172917
-44.75,27.75,0.00108899
-44.25,27.75,0.00108899
-43.75,27.75,0.00108899
-43.25,27.75,0.00111754
-42.75,27.75,0.00114609
-42.25,27.75,0.00117463
-41.75,27.75,0.00120318
-41.25,27.75,0.00123173
-40.75,27.75,0.00128629
-40.25,27.75,0.00134084
-39.75,27.75,0.0013954
-39.25,27.75,0.00144996
-38.75,27.75,0.00150451
-38.25,27.75,0.00161715
-37.75,27.75,0.0017298
-37.25,27.75,0.00184244
-36.75,27.75,0.00195508
-36.25,27.75,0.00206772
-35.75,27.75,0.00230985
-35.25,27.75,0.00255197
-34.75,27.75,0.0027941
-34.25,27.75,0.00303623
-33.75,27.75,0.00327835
-33.25,27.75,0.00379953
-32.75,27.75,0.0043207
-32.25,27.75,0.00484188
-31.75,27.75,0.00536305
-31.25,27.75,0.00588423
-30.75,27.75,0.00684117
-30.25,27.75,0.00779812
-29.75,27.75,0.00875507
-29.25,27.75,0.00971202
-28.75,27.75,0.010669
-28.25,27.75,0.0120089
-27.75,27.75,0.0133489
-27.25,27.75,0.0146889
-26.75,27.75,0.0160288
-26.25,27.75,0.0173688
-25.75,27.75,0.0189749
-25.25,27.75,0.0205811
-24.75,27.75,0.0221872
-24.25,27.75,0.0237933
-23.75,27.75,0.0253995
-23.25,27.75,0.0271056
-22.75,27.75,0.0288118
-22.25,27.75,0.0305179
-21.75,27.75,0.0322241
-21.25,27.75,0.0339302
-20.75,27.75,0.0355759
-20.25,27.75,0.0372217
-19.75,27.75,0.0388674
-19.25,27.75,0.0405131
-18.75,27.75,0.0421589
-18.25,27.75,0.043803
-17.75,27.75,0.0454472
-17.25,27.75,0.0470913
-16.75,27.75,0.0487355
-16.25,27.75,0.0503796
-15.75,27.75,0.0520326
-15.25,27.75,0.0536856
-14.75,27.75,0.0553386
-14.25,27.75,0.0569916
-13.75,27.75,0.0586446
-13.25,27.75,0.0602955
-12.75,27.75,0.0619465
-12.25,27.75,0.0635975
-11.75,27.75,0.0652485
-11.25,27.75,0.0668995
-10.75,27.75,0.0686058
-10.25,27.75,0.0703121
-9.75,27.75,0.0720183
-9.25,27.75,0.0737246
-8.75,27.75,0.0754308
-8.25,27.75,0.0773733
-7.75,27.75,0.0793157
-7.25,27.75,0.0812582
-6.75,27.75,0.0832006
-6.25,27.75,0.085143
-5.75,27.75,0.0872759
-5.25,27.75,0.0894088
-4.75,27.75,0.0915417
-4.25,27.75,0.0936746
-3.75,27.75,0.0958075
-3.25,27.75,0.0982205
-2.75,27.75,0.100633
-2.25,27.75,0.103046
-1.75,27.75,0.105459
-1.25,27.75,0.107872
-0.75,27.75,0.110513
-0.25,27.75,0.113154
0.25,27.75,0.115795
0.75,27.75,0.118436
1.25,27.75,0.121076
1.75,27.75,0.123768
2.25,27.75,0.12646
2.75,27.75,0.129152
3.25,27.75,0.131844
3.75,27.75,0.134536
4.25,27.75,0.136826
4.75,27.75,0.139115
5.25,27.75,0.141404
5.75,27.75,0.143693
6.25,27.75,0.145982
6.75,27.75,0.147125
7.25,27.75,0.148268
7.75,27.75,0.149411
8.25,27.75,0.150554
8.75,27.75,0.151697
9.25,27.75,0.151345
9.75,27.75,0.150994
10.25,27.75,0.150642
10.75,27.75,0.150291
11.25,27.75,0.149939
11.75,27.75,0.147829
12.25,27.75,0.145718
12.75,27.75,0.143608
13.25,27.75,0.141498
13.75,27.75,0.139387
14.25,27.75,0.136173
14.75,27.75,0.132958
15.25,27.75,0.129744
15.75,27.75,0.126529
16.25,27.75,0.123315
16.75,27.75,0.119276
17.25,27.75,0.115237
17.75,27.75,0.111198
18.25,27.75,0.10716
18.75,27.75,0.103121
19.25,27.75,0.0989231
19.75,27.75,0.0947253
20.25,27.75,0.0905275
20.75,27.75,0.0863297
21.25,27.75,0.0821319
21.75,27.75,0.0782598
22.25,27.75,0.0743877
22.75,27.75,0.0705157
23.25,27.75,0.0666436
23.75,27.75,0.0627715
24.25,27.75,0.0593125
24.75,27.75,0.0558534
25.25,27.75,0.0523944
25.75,27.75,0.0489354
26.25,27.75,0.0454764
26.75,27.75,0.0425937
27.25,27.75,0.039711
27.75,27.75,0.0368283
28.25,27.75,0.0339456
28.75,27.75,0.031063
29.25,27.75,0.028844
29.75,27.75,0.0266251
30.25,27.75,0.0244061
30.75,27.75,0.0221872
31.25,27.75,0.0199683
31.75,27.75,0.0184109
32.25,27.75,0.0168535
32.75,27.75,0.0152961
33.25,27.75,0.0137387
33.75,27.75,0.0121812
34.25,27.75,0.011193
34.75,27.75,0.0102047
35.25,27.75,0.00921643
35.75,27.75,0.00822815
36.25,27.75,0.00723988
36.75,27.75,0.00665305
37.25,27.75,0.00606623
37.75,27.75,0.0054794
38.25,27.75,0.00489257
38.75,27.75,0.00430575
39.25,27.75,0.00397751
39.75,27.75,0.00364927
40.25,27.75,0.00332102
40.75,27.75,0.00299278
41.25,27.75,0.00266454
41.75,27.75,0.00245348
42.25,27.75,0.00224242
42.75,27.75,0.00203135
43.25,27.75,0.00182029
43.75,27.75,0.00160923
44.25,27.75,0.00160923
44.75,27.75,0.00160923
-44.75,28.25,0.00100042
-44.25,28.25,0.00100042
-43.75,28.25,0.00100042
-43.25,28.25,0.00102551
-42.75,28.25,0.0010506
-42.25,28.25,0.0010757
-41.75,28.25,0.00110079
-41.25,28.25,0.00112589
-40.75,28.25,0.00117381
-40.25,28.25,0.00122174
-39.75,28.25,0.00126967
-39.25,28.25,0.00131759
-38.75,28.25,0.00136552
-38.25,28.25,0.00146245
-37.75,28.25,0.00155938
-37.25,28.25,0.0016563
-36.75,28.25,0.00175323
-36.25,28.25,0.00185016
-35.75,28.25,0.00205033
-35.25,28.25,0.0022505
-34.75,28.25,0.00245067
-34.25,28.25,0.00265084
-33.75,28.25,0.00285101
-33.25,28.25,0.00327797
-32.75,28.25,0.00370493
-32.25,28.25,0.00413189
-31.75,28.25,0.00455885
-31.25,28.25,0.00498581
-30.75,28.25,0.00579756
-30.25,28.25,0.00660931
-29.75,28.25,0.00742106
-29.25,28.25,0.0082328
-28.75,28.25,0.00904455
-28.25,28.25,0.0102254
-27.75,28.25,0.0114062
-27.25,28.25,0.012587
-26.75,28.25,0.0137678
-26.25,28.25,0.0149486
-25.75,28.25,0.0163974
-25.25,28.25,0.0178461
-24.75,28.25,0.0192949
-24.25,28.25,0.0207437
-23.75,28.25,0.0221925
-23.25,28.25,0.0237836
-22.75,28.25,0.0253747
-22.25,28.25,0.0269658
-21.75,28.25,0.0285569
-21.25,28.25,0.030148
-20.75,28.25,0.0316794
-20.25,28.25,0.0332108
-19.75,28.25,0.0347422
-19.25,28.25,0.0362736
-18.75,28.25,0.0378049
-18.25,28.25,0.0393367
-17.75,28.25,0.0408684
-17.25,28.25,0.0424001
-16.75,28.25,0.0439318
-16.25,28.25,0.0454635
-15.75,28.25,0.0470172
-15.25,28.25,0.0485708
-14.75,28.25,0.0501245
-14.25,28.25,0.0516782
-13.75,28.25,0.0532318
-13.25,28.25,0.0547729
-12.75,28.25,0.0563141
-12.25,28.25,0.0578552
-11.75,28.25,0.0593963
-11.25,28.25,0.0609375
-10.75,28.25,0.0625274
-10.25,28.25,0.0641173
-9.75,28.25,0.0657072
-9.25,28.25,0.0672971
-8.75,28.25,0.0688869
-8.25,28.25,0.0706812
-7.75,28.25,0.0724755
-7.25,28.25,0.0742697
-6.75,28.25,0.076064
-6.25,28.25,0.0778582
-5.75,28.25,0.07981
-5.25,28.25,0.0817617
-4.75,28.25,0.0837134
-4.25,28.25,0.0856651
-3.75,28.25,0.0876169
-3.25,28.25,0.0898444
-2.75,28.25,0.0920719
-2.25,28.25,0.0942994
-1.75,28.25,0.0965269
-1.25,28.25,0.0987544
-0.75,28.25,0.101214
-0.25,28.25,0.103675
0.25,28.25,0.106135
0.75,28.25,0.108595
1.25,28.25,0.111055
1.75,28.25,0.113547
2.25,28.25,0.116039
2.75,28.25,0.11853
3.25,28.25,0.121022
3.75,28.25,0.123514
4.25,28.25,0.125655
4.75,28.25,0.127796
5.25,28.25,0.129938
5.75,28.25,0.132079
6.25,28.25,0.13422
6.75,28.25,0.135279
7.25,28.25,0.136338
7.75,28.25,0.137397
8.25,28.25,0.138457
8.75,28.25,0.139516
9.25,28.25,0.139214
9.75,28.25,0.138912
10.25,28.25,0.138611
10.75,28.25,0.138309
11.25,28.25,0.138007
11.75,28.25,0.136049
12.25,28.25,0.134091
12.75,28.25,0.132133
13.25,28.25,0.130175
13.75,28.25,0.128217
14.25,28.25,0.125201
14.75,28.25,0.122184
15.25,28.25,0.119167
15.75,28.25,0.116151
16.25,28.25,0.113134
16.75,28.25,0.109364
17.25,28.25,0.105595
17.75,28.25,0.101825
18.25,28.25,0.0980558
18.75,28.25,0.0942862
19.25,28.25,0.0903771
19.75,28.25,0.0864679
20.25,28.25,0.0825588
20.75,28.25,0.0786496
21.25,28.25,0.0747405
21.75,28.25,0.0711553
22.25,28.25,0.0675701
22.75,28.25,0.0639849
23.25,28.25,0.0603998
23.75,28.25,0.0568146
24.25,28.25,0.053618
24.75,28.25,0.0504214
25.25,28.25,0.0472247
25.75,28.25,0.0440281
26.25,28.25,0.0408315
26.75,28.25,0.038201
27.25,28.25,0.0355705
27.75,28.25,0.03294
28.25,28.25,0.0303096
28.75,28.25,0.0276791
29.25,28.25,0.0256856
29.75,28.25,0.023692
30.25,28.25,0.0216985
30.75,28.25,0.019705
31.25,28.25,0.0177115
31.75,28.25,0.0163335
32.25,28.25,0.0149555
32.75,28.25,0.0135776
33.25,28.25,0.0121996
33.75,28.25,0.0108216
34.25,28.25,0.00995378
34.75,28.25,0.00908595
35.25,28.25,0.00821812
35.75,28.25,0.00735029
36.25,28.25,0.00648246
36.75,28.25,0.00596896
37.25,28.25,0.00545546
37.75,28.25,0.00494197
38.25,28.25,0.00442847
38.75,28.25,0.00391497
39.25,28.25,0.00362102
39.75,28.25,0.00332707
40.25,28.25,0.00303311
40.75,28.25,0.00273916
41.25,28.25,0.0024452
41.75,28.25,0.00225402
42.25,28.25,0.00206284
42.75,28.25,0.00187165
43.25,28.25,0.00168047
43.75,28.25,0.00148929
44.25,28.25,0.00148929
44.75,28.25,0.00148929
-44.75,28.75,0.000911843
-44.25,28.75,0.000911843
-43.75,28.75,0.000911843
-43.25,28.75,0.000933483
-42.75,28.75,0.000955124
-42.25,28.75,0.000976764
-41.75,28.75,0.000998404
-41.25,28.75,0.00102004
-40.75,28.75,0.00106134
-40.25,28.75,0.00110264
-39.75,28.75,0.00114393
-39.25,28.75,0.00118523
-38.75,28.75,0.00122652
-38.25,28.75,0.00130774
-37.75,28.75,0.00138895
-37.25,28.75,0.00147017
-36.75,28.75,0.00155139
-36.25,28.75,0.0016326
-35.75,28.75,0.00179081
-35.25,28.75,0.00194903
-34.75,28.75,0.00210724
-34.25,28.75,0.00226545
-33.75,28.75,0.00242366
-33.25,28.75,0.00275641
-32.75,28.75,0.00308915
-32.25,28.75,0.0034219
-31.75,28.75,0.00375465
-31.25,28.75,0.00408739
-30.75,28.75,0.00475394
-30.25,28.75,0.00542049
-29.75,28.75,0.00608704
-29.25,28.75,0.00675359
-28.75,28.75,0.00742014
-28.25,28.75,0.00844179
-27.75,28.75,0.00946345
-27.25,28.75,0.0104851
-26.75,28.75,0.0115068
-26.25,28.75,0.0125284
-25.75,28.75,0.0138198
-25.25,28.75,0.0151112
-24.75,28.75,0.0164026
-24.25,28.75,0.0176941
-23.75,28.75,0.0189855
-23.25,28.75,0.0204615
-22.75,28.75,0.0219376
-22.25,28.75,0.0234137
-21.75,28.75,0.0248898
-21.25,28.75,0.0263658
-20.75,28.75,0.0277829
-20.25,28.75,0.0291999
-19.75,28.75,0.0306169
-19.25,28.75,0.032034
-18.75,28.75,0.033451
-18.25,28.75,0.0348703
-17.75,28.75,0.0362896
-17.25,28.75,0.0377089
-16.75,28.75,0.0391281
-16.25,28.75,0.0405474
-15.75,28.75,0.0420017
-15.25,28.75,0.0434561
-14.75,28.75,0.0449104
-14.25,28.75,0.0463647
-13.75,28.75,0.0478191
-13.25,28.75,0.0492503
-12.75,28.75,0.0506816
-12.25,28.75,0.0521129
-11.75,28.75,0.0535441
-11.25,28.75,0.0549754
-10.75,28.75,0.0564489
-10.25,28.75,0.0579225
-9.75,28.75,0.059396
-9.25,28.75,0.0608695
-8.75,28.75,0.0623431
-8.25,28.75,0.0639891
-7.75,28.75,0.0656352
-7.25,28.75,0.0672813
-6.75,28.75,0.0689273
-6.25,28.75,0.0705734
-5.75,28.75,0.072344
-5.25,28.75,0.0741145
-4.75,28.75,0.0758851
-4.25,28.75,0.0776556
-3.75,28.75,0.0794262
-3.25,28.75,0.0814682
-2.75,28.75,0.0835103
-2.25,28.75,0.0855523
-1.75,28.75,0.0875944
-1.25,28.75,0.0896364
-0.75,28.75,0.0919158
-0.25,28.75,0.0941951
0.25,28.75,0.0964745
0.75,28.75,0.0987538
1.25,28.75,0.101033
1.75,28.75,0.103325
2.25,28.75,0.105617
2.75,28.75,0.107908
3.25,28.75,0.1102
3.75,28.75,0.112492
4.25,28.75,0.114485
4.75,28.75,0.116478
5.25,28.75,0.118471
5.75,28.75,0.120464
6.25,28.75,0.122457
6.75,28.75,0.123433
7.25,28.75,0.124408
7.75,28.75,0.125384
8.25,28.75,0.126359
8.75,28.75,0.127335
9.25,28.75,0.127083
9.75,28.75,0.126831
10.25,28.75,0.126579
10.75,28.75,0.126328
11.25,28.75,0.126076
11.75,28.75,0.12427
12.25,28.75,0.122465
12.75,28.75,0.120659
13.25,28.75,0.118853
13.75,28.75,0.117048
14.25,28.75,0.114229
14.75,28.75,0.11141
15.25,28.75,0.108591
15.75,28.75,0.105772
16.25,28.75,0.102953
16.75,28.75,0.0994528
17.25,28.75,0.0959524
17.75,28.75,0.0924521
18.25,28.75,0.0889518
18.75,28.75,0.0854515
19.25,28.75,0.081831
19.75,28.75,0.0782105
20.25,28.75,0.07459
20.75,28.75,0.0709695
21.25,28.75,0.067349
21.75,28.75,0.0640507
22.25,28.75,0.0607525
22.75,28.75,0.0574542
23.25,28.75,0.054156
23.75,28.75,0.0508577
24.25,28.75,0.0479235
24.75,28.75,0.0449893
25.25,28.75,0.0420551
25.75,28.75,0.0391208
26.25,28.75,0.0361866
26.75,28.75,0.0338083
27.25,28.75,0.0314301
27.75,28.75,0.0290518
28.25,28.75,0.0266735
28.75,28.75,0.0242952
29.25,28.75,0.0225271
29.75,28.75,0.020759
30.25,28.75,0.0189909
30.75,28.75,0.0172228
31.25,28.75,0.0154547
31.75,28.75,0.0142561
32.25,28.75,0.0130576
32.75,28.75,0.0118591
33.25,28.75,0.0106605
33.75,28.75,0.00946198
34.25,28.75,0.00871459
34.75,28.75,0.0079672
35.25,28.75,0.00721982
35.75,28.75,0.00647243
36.25,28.75,0.00572504
36.75,28.75,0.00528487
37.25,28.75,0.0048447
37.75,28.75,0.00440454
38.25,28.75,0.00396437
38.75,28.75,0.0035242
39.25,28.75,0.00326453
39.75,28.75,0.00300487
40.25,28.75,0.0027452
40.75,28.75,0.00248553
41.25,28.75,0.00222587
41.75,28.75,0.00205456
42.25,28.75,0.00188326
42.75,28.75,0.00171195
43.25,28.75,0.00154065
43.75,28.75,0.00136935
44.25,28.75,0.00136935
44.75,28.75,0.00136935
-44.75,29.25,0.000844498
-44.25,29.25,0.000844498
-43.75,29.25,0.000844498
-43.25,29.25,0.000864974
-42.75,29.25,0.000885449
-42.25,29.25,0.000905925
-41.75,29.25,0.0009264
-41.25,29.25,0.000946876
-40.75,29.25,0.000984032
-40.25,29.25,0.00102119
-39.75,29.25,0.00105834
-39.25,29.25,0.0010955
-38.75,29.25,0.00113266
-38.25,29.25,0.00120571
-37.75,29.25,0.00127876
-37.25,29.25,0.0013518
-36.75,29.25,0.00142485
-36.25,29.25,0.0014979
-35.75,29.25,0.00163859
-35.25,29.25,0.00177929
-34.75,29.25,0.00191998
-34.25,29.25,0.00206067
-33.75,29.25,0.00220136
-33.25,29.25,0.00249286
-32.75,29.25,0.00278435
-32.25,29.25,0.00307585
-31.75,29.25,0.00336735
-31.25,29.25,0.00365885
-30.75,29.25,0.00424221
-30.25,29.25,0.00482556
-29.75,29.25,0.00540892
-29.25,29.25,0.00599228
-28.75,29.25,0.00657563
-28.25,29.25,0.00748511
-27.75,29.25,0.00839459
-27.25,29.25,0.00930407
-26.75,29.25,0.0102135
-26.25,29.25,0.011123
-25.75,29.25,0.0122908
-25.25,29.25,0.0134586
-24.75,29.25,0.0146264
-24.25,29.25,0.0157942
-23.75,29.25,0.016962
-23.25,29.25,0.0183149
-22.75,29.25,0.0196677
-22.25,29.25,0.0210205
-21.75,29.25,0.0223733
-21.25,29.25,0.0237261
-20.75,29.25,0.0250423
-20.25,29.25,0.0263585
-19.75,29.25,0.0276746
-19.25,29.25,0.0289908
-18.75,29.25,0.030307
-18.25,29.25,0.0316318
-17.75,29.25,0.0329566
-17.25,29.25,0.0342814
-16.75,29.25,0.0356061
-16.25,29.25,0.0369309
-15.75,29.25,0.0382851
-15.25,29.25,0.0396392
-14.75,29.25,0.0409933
-14.25,29.25,0.0423474
-13.75,29.25,0.0437015
-13.25,29.25,0.0450365
-12.75,29.25,0.0463715
-12.25,29.25,0.0477065
-11.75,29.25,0.0490415
-11.25,29.25,0.0503765
-10.75,29.25,0.0517597
-10.25,29.25,0.053143
-9.75,29.25,0.0545263
-9.25,29.25,0.0559095
-8.75,29.25,0.0572928
-8.25,29.25,0.0588227
-7.75,29.25,0.0603527
-7.25,29.25,0.0618827
-6.75,29.25,0.0634127
-6.25,29.25,0.0649427
-5.75,29.25,0.0665904
-5.25,29.25,0.0682381
-4.75,29.25,0.0698858
-4.25,29.25,0.0715335
-3.75,29.25,0.0731812
-3.25,29.25,0.0750788
-2.75,29.25,0.0769764
-2.25,29.25,0.0788739
-1.75,29.25,0.0807715
-1.25,29.25,0.082669
-0.75,29.25,0.084783
-0.25,29.25,0.086897
0.25,29.25,0.089011
0.75,29.25,0.0911249
1.25,29.25,0.0932389
1.75,29.25,0.0953743
2.25,29.25,0.0975097
2.75,29.25,0.0996451
3.25,29.25,0.10178
3.75,29.25,0.103916
4.25,29.25,0.105767
4.75,29.25,0.107617
5.25,29.25,0.109468
5.75,29.25,0.111319
6.25,29.25,0.113169
6.75,29.25,0.114078
7.25,29.25,0.114987
7.75,29.25,0.115897
8.25,29.25,0.116806
8.75,29.25,0.117715
9.25,29.25,0.117481
9.75,29.25,0.117247
10.25,29.25,0.117013
10.75,29.25,0.11678
11.25,29.25,0.116546
11.75,29.25,0.114855
12.25,29.25,0.113164
12.75,29.25,0.111473
13.25,29.25,0.109782
13.75,29.25,0.108091
14.25,29.25,0.105458
14.75,29.25,0.102824
15.25,29.25,0.100191
15.75,29.25,0.0975572
16.25,29.25,0.0949238
16.75,29.25,0.0916506
17.25,29.25,0.0883774
17.75,29.25,0.0851042
18.25,29.25,0.081831
18.75,29.25,0.0785578
19.25,29.25,0.0751946
19.75,29.25,0.0718315
20.25,29.25,0.0684684
20.75,29.25,0.0651052
21.25,29.25,0.0617421
21.75,29.25,0.0586824
22.25,29.25,0.0556226
22.75,29.25,0.0525629
23.25,29.25,0.0495032
23.75,29.25,0.0464435
24.25,29.25,0.0437423
24.75,29.25,0.0410411
25.25,29.25,0.0383399
25.75,29.25,0.0356387
26.25,29.25,0.0329374
26.75,29.25,0.0307672
27.25,29.25,0.0285969
27.75,29.25,0.0264266
28.25,29.25,0.0242564
28.75,29.25,0.0220861
29.25,29.25,0.0204862
29.75,29.25,0.0188863
30.25,29.25,0.0172864
30.75,29.25,0.0156865
31.25,29.25,0.0140866
31.75,29.25,0.0130043
32.25,29.25,0.011922
32.75,29.25,0.0108397
33.25,29.25,0.00975743
33.75,29.25,0.00867514
34.25,29.25,0.0079995
34.75,29.25,0.00732387
35.25,29.25,0.00664823
35.75,29.25,0.00597259
36.25,29.25,0.00529695
36.75,29.25,0.00489318
37.25,29.25,0.00448941
37.75,29.25,0.00408565
38.25,29.25,0.00368188
38.75,29.25,0.00327811
39.25,29.25,0.00303925
39.75,29.25,0.00280039
40.25,29.25,0.00256152
40.75,29.25,0.00232266
41.25,29.25,0.00208379
41.75,29.25,0.0019258
42.25,29.25,0.0017678
42.75,29.25,0.0016098
43.25,29.25,0.0014518
43.75,29.25,0.00129381
44.25,29.25,0.00129381
44.75,29.25,0.00129381
-44.75,29.75,0.000777154
-44.25,29.75,0.000777154
-43.75,29.75,0.000777154
-43.25,29.75,0.000796464
-42.75,29.75,0.000815775
-42.25,29.75,0.000835086
-41.75,29.75,0.000854397
-41.25,29.75,0.000873707
-40.75,29.75,0.000906724
-40.25,29.75,0.00093974
-39.75,29.75,0.000972757
-39.25,29.75,0.00100577
-38.75,29.75,0.00103879
-38.25,29.75,0.00110367
-37.75,29.75,0.00116856
-37.25,29.75,0.00123344
-36.75,29.75,0.00129832
-36.25,29.75,0.0013632
-35.75,29.75,0.00148637
-35.25,29.75,0.00160954
-34.75,29.75,0.00173271
-34.25,29.75,0.00185588
-33.75,29.75,0.00197905
-33.25,29.75,0.0022293
-32.75,29.75,0.00247955
-32.25,29.75,0.0027298
-31.75,29.75,0.00298005
-31.25,29.75,0.00323031
-30.75,29.75,0.00373047
-30.25,29.75,0.00423063
-29.75,29.75,0.0047308
-29.25,29.75,0.00523096
-28.75,29.75,0.00573113
-28.25,29.75,0.00652843
-27.75,29.75,0.00732574
-27.25,29.75,0.00812304
-26.75,29.75,0.00892034
-26.25,29.75,0.00971765
-25.75,29.75,0.0107618
-25.25,29.75,0.011806
-24.75,29.75,0.0128502
-24.25,29.75,0.0138944
-23.75,29.75,0.0149386
-23.25,29.75,0.0161682
-22.75,29.75,0.0173978
-22.25,29.75,0.0186273
-21.75,29.75,0.0198569
-21.25,29.75,0.0210865
-20.75,29.75,0.0223018
-20.25,29.75,0.023517
-19.75,29.75,0.0247323
-19.25,29.75,0.0259476
-18.75,29.75,0.0271629
-18.25,29.75,0.0283932
-17.75,29.75,0.0296235
-17.25,29.75,0.0308538
-16.75,29.75,0.0320842
-16.25,29.75,0.0333145
-15.75,29.75,0.0345684
-15.25,29.75,0.0358223
-14.75,29.75,0.0370762
-14.25,29.75,0.0383301
-13.75,29.75,0.0395839
-13.25,29.75,0.0408227
-12.75,29.75,0.0420614
-12.25,29.75,0.0433001
-11.75,29.75,0.0445389
-11.25,29.75,0.0457776
-10.75,29.75,0.0470706
-10.25,29.75,0.0483635
-9.75,29.75,0.0496565
-9.25,29.75,0.0509495
-8.75,29.75,0.0522424
-8.25,29.75,0.0536563
-7.75,29.75,0.0550702
-7.25,29.75,0.0564842
-6.75,29.75,0.0578981
-6.25,29.75,0.059312
-5.75,29.75,0.0608368
-5.25,29.75,0.0623617
-4.75,29.75,0.0638866
-4.25,29.75,0.0654114
-3.75,29.75,0.0669363
-3.25,29.75,0.0686894
-2.75,29.75,0.0704424
-2.25,29.75,0.0721955
-1.75,29.75,0.0739485
-1.25,29.75,0.0757016
-0.75,29.75,0.0776502
-0.25,29.75,0.0795988
0.25,29.75,0.0815474
0.75,29.75,0.0834961
1.25,29.75,0.0854447
1.75,29.75,0.0874237
2.25,29.75,0.0894027
2.75,29.75,0.0913817
3.25,29.75,0.0933607
3.75,29.75,0.0953398
4.25,29.75,0.097048
4.75,29.75,0.0987563
5.25,29.75,0.100465
5.75,29.75,0.102173
6.25,29.75,0.103881
6.75,29.75,0.104724
7.25,29.75,0.105567
7.75,29.75,0.10641
8.25,29.75,0.107252
8.75,29.75,0.108095
9.25,29.75,0.107879
9.75,29.75,0.107663
10.25,29.75,0.107448
10.75,29.75,0.107232
11.25,29.75,0.107016
11.75,29.75,0.10544
12.25,29.75,0.103863
12.75,29.75,0.102287
13.25,29.75,0.100711
13.75,29.75,0.0991344
14.25,29.75,0.0966864
14.75,29.75,0.0942384
15.25,29.75,0.0917904
15.75,29.75,0.0893424
16.25,29.75,0.0868944
16.75,29.75,0.0838484
17.25,29.75,0.0808023
17.75,29.75,0.0777562
18.25,29.75,0.0747102
18.75,29.75,0.0716641
19.25,29.75,0.0685583
19.75,29.75,0.0654525
20.25,29.75,0.0623467
20.75,29.75,0.0592409
21.25,29.75,0.0561351
21.75,29.75,0.053314
22.25,29.75,0.0504928
22.75,29.75,0.0476717
23.25,29.75,0.0448505
23.75,29.75,0.0420293
24.25,29.75,0.0395611
24.75,29.75,0.0370929
25.25,29.75,0.0346247
25.75,29.75,0.0321565
26.25,29.75,0.0296883
26.75,29.75,0.027726
27.25,29.75,0.0257638
27.75,29.75,0.0238015
28.25,29.75,0.0218392
28.75,29.75,0.019877
29.25,29.75,0.0184453
29.75,29.75,0.0170136
30.25,29.75,0.0155819
30.75,29.75,0.0141502
31.25,29.75,0.0127185
31.75,29.75,0.0117525
32.25,29.75,0.0107864
32.75,29.75,0.00982039
33.25,29.75,0.00885435
33.75,29.75,0.00788831
34.25,29.75,0.00728442
34.75,29.75,0.00668053
35.25,29.75,0.00607664
35.75,29.75,0.00547275
36.25,29.75,0.00486886
36.75,29.75,0.00450149
37.25,29.75,0.00413412
37.75,29.75,0.00376676
38.25,29.75,0.00339939
38.75,29.75,0.00303202
39.25,29.75,0.00281396
39.75,29.75,0.0025959
40.25,29.75,0.00237784
40.75,29.75,0.00215978
41.25,29.75,0.00194172
41.75,29.75,0.00179703
42.25,29.75,0.00165234
42.75,29.75,0.00150765
43.25,29.75,0.00136296
43.75,29.75,0.00121826
44.25,29.75,0.00121826
44.75,29.75,0.00121826
-44.75,30.25,0.000709809
-44.25,30.25,0.000709809
-43.75,30.25,0.000709809
-43.25,30.25,0.000727955
-42.75,30.25,0.000746101
-42.25,30.25,0.000764247
-41.75,30.25,0.000782393
-41.25,30.25,0.000800539
-40.75,30.25,0.000829416
-40.25,30.25,0.000858293
-39.75,30.25,0.00088717
-39.25,30.25,0.000916046
-38.75,30.25,0.000944923
-38.25,30.25,0.00100164
-37.75,30.25,0.00105836
-37.25,30.25,0.00111507
-36.75,30.25,0.00117179
-36.25,30.25,0.00122851
-35.75,30.25,0.00133415
-35.25,30.25,0.0014398
-34.75,30.25,0.00154545
-34.25,30.25,0.0016511
-33.75,30.25,0.00175675
-33.25,30.25,0.00196575
-32.75,30.25,0.00217475
-32.25,30.25,0.00238376
-31.75,30.25,0.00259276
-31.25,30.25,0.00280176
-30.75,30.25,0.00321873
-30.25,30.25,0.00363571
-29.75,30.25,0.00405268
-29.25,30.25,0.00446965
-28.75,30.25,0.00488662
-28.25,30.25,0.00557175
-27.75,30.25,0.00625688
-27.25,30.25,0.00694201
-26.75,30.25,0.00762714
-26.25,30.25,0.00831227
-25.75,30.25,0.00923285
-25.25,30.25,0.0101534
-24.75,30.25,0.011074
-24.25,30.25,0.0119946
-23.75,30.25,0.0129152
-23.25,30.25,0.0140215
-22.75,30.25,0.0151278
-22.25,30.25,0.0162342
-21.75,30.25,0.0173405
-21.25,30.25,0.0184468
-20.75,30.25,0.0195612
-20.25,30.25,0.0206756
-19.75,30.25,0.02179
-19.25,30.25,0.0229044
-18.75,30.25,0.0240189
-18.25,30.25,0.0251547
-17.75,30.25,0.0262905
-17.25,30.25,0.0274263
-16.75,30.25,0.0285622
-16.25,30.25,0.029698
-15.75,30.25,0.0308517
-15.25,30.25,0.0320054
-14.75,30.25,0.033159
-14.25,30.25,0.0343127
-13.75,30.25,0.0354664
-13.25,30.25,0.0366088
-12.75,30.25,0.0377513
-12.25,30.25,0.0388938
-11.75,30.25,0.0400362
-11.25,30.25,0.0411787
-10.75,30.25,0.0423814
-10.25,30.25,0.043584
-9.75,30.25,0.0447867
-9.25,30.25,0.0459894
-8.75,30.25,0.0471921
-8.25,30.25,0.0484899
-7.75,30.25,0.0497878
-7.25,30.25,0.0510856
-6.75,30.25,0.0523834
-6.25,30.25,0.0536812
-5.75,30.25,0.0550833
-5.25,30.25,0.0564853
-4.75,30.25,0.0578873
-4.25,30.25,0.0592893
-3.75,30.25,0.0606913
-3.25,30.25,0.0622999
-2.75,30.25,0.0639085
-2.25,30.25,0.0655171
-1.75,30.25,0.0671256
-1.25,30.25,0.0687342
-0.75,30.25,0.0705175
-0.25,30.25,0.0723007
0.25,30.25,0.0740839
0.75,30.25,0.0758672
1.25,30.25,0.0776504
1.75,30.25,0.079473
2.25,30.25,0.0812957
2.75,30.25,0.0831183
3.25,30.25,0.084941
3.75,30.25,0.0867636
4.25,30.25,0.0883295
4.75,30.25,0.0898954
5.25,30.25,0.0914612
5.75,30.25,0.0930271
6.25,30.25,0.094593
6.75,30.25,0.0953695
7.25,30.25,0.096146
7.75,30.25,0.0969225
8.25,30.25,0.097699
8.75,30.25,0.0984755
9.25,30.25,0.0982775
9.75,30.25,0.0980796
10.25,30.25,0.0978817
10.75,30.25,0.0976838
11.25,30.25,0.0974859
11.75,30.25,0.0960242
12.25,30.25,0.0945626
12.75,30.25,0.0931009
13.25,30.25,0.0916393
13.75,30.25,0.0901776
14.25,30.25,0.0879151
14.75,30.25,0.0856526
15.25,30.25,0.0833901
15.75,30.25,0.0811276
16.25,30.25,0.0788651
16.75,30.25,0.0760462
17.25,30.25,0.0732272
17.75,30.25,0.0704083
18.25,30.25,0.0675894
18.75,30.25,0.0647705
19.25,30.25,0.061922
19.75,30.25,0.0590736
20.25,30.25,0.0562251
20.75,30.25,0.0533767
21.25,30.25,0.0505282
21.75,30.25,0.0479456
22.25,30.25,0.045363
22.75,30.25,0.0427804
23.25,30.25,0.0401978
23.75,30.25,0.0376152
24.25,30.25,0.0353799
24.75,30.25,0.0331447
25.25,30.25,0.0309095
25.75,30.25,0.0286743
26.25,30.25,0.0264391
26.75,30.25,0.0246848
27.25,30.25,0.0229306
27.75,30.25,0.0211764
28.25,30.25,0.0194221
28.75,30.25,0.0176679
29.25,30.25,0.0164044
29.75,30.25,0.0151409
30.25,30.25,0.0138774
30.75,30.25,0.0126139
31.25,30.25,0.0113504
31.75,30.25,0.0105006
32.25,30.25,0.00965085
32.75,30.25,0.00880106
33.25,30.25,0.00795127
33.75,30.25,0.00710147
34.25,30.25,0.00656933
34.75,30.25,0.00603719
35.25,30.25,0.00550505
35.75,30.25,0.00497291
36.25,30.25,0.00444077
36.75,30.25,0.0041098
37.25,30.25,0.00377883
37.75,30.25,0.00344787
38.25,30.25,0.0031169
38.75,30.25,0.00278593
39.25,30.25,0.00258868
39.75,30.25,0.00239142
40.25,30.25,0.00219416
40.75,30.25,0.00199691
41.25,30.25,0.00179965
41.75,30.25,0.00166826
42.25,30.25,0.00153688
42.75,30.25,0.00140549
43.25,30.25,0.00127411
43.75,30.25,0.00114272
44.25,30.25,0.00114272
44.75,30.25,0.00114272
-44.75,30.75,0.000642464
-44.25,30.75,0.000642464
-43.75,30.75,0.000642464
-43.25,30.75,0.000659445
-42.75,30.75,0.000676427
-42.25,30.75,0.000693408
-41.75,30.75,0.00071039
-41.25,30.75,0.000727371
-40.75,30.75,0.000752108
-40.25,30.75,0.000776845
-39.75,30.75,0.000801582
-39.25,30.75,0.00082632
-38.75,30.75,0.000851057
-38.25,30.75,0.000899607
-37.75,30.75,0.000948156
-37.25,30.75,0.000996706
-36.75,30.75,0.00104526
-36.25,30.75,0.00109381
-35.75,30.75,0.00118193
-35.25,30.75,0.00127006
-34.75,30.75,0.00135819
-34.25,30.75,0.00144632
-33.75,30.75,0.00153444
-33.25,30.75,0.0017022
-32.75,30.75,0.00186995
-32.25,30.75,0.00203771
-31.75,30.75,0.00220546
-31.25,30.75,0.00237322
-30.75,30.75,0.002707
-30.25,30.75,0.00304078
-29.75,30.75,0.00337456
-29.25,30.75,0.00370834
-28.75,30.75,0.00404212
-28.25,30.75,0.00461507
-27.75,30.75,0.00518803
-27.25,30.75,0.00576098
-26.75,30.75,0.00633394
-26.25,30.75,0.00690689
-25.75,30.75,0.00770387
-25.25,30.75,0.00850084
-24.75,30.75,0.00929782
-24.25,30.75,0.0100948
-23.75,30.75,0.0108918
-23.25,30.75,0.0118748
-22.75,30.75,0.0128579
-22.25,30.75,0.013841
-21.75,30.75,0.0148241
-21.25,30.75,0.0158071
-20.75,30.75,0.0168207
-20.25,30.75,0.0178342
-19.75,30.75,0.0188477
-19.25,30.75,0.0198613
-18.75,30.75,0.0208748
-18.25,30.75,0.0219161
-17.75,30.75,0.0229575
-17.25,30.75,0.0239988
-16.75,30.75,0.0250402
-16.25,30.75,0.0260815
-15.75,30.75,0.027135
-15.25,30.75,0.0281884
-14.75,30.75,0.0292419
-14.25,30.75,0.0302954
-13.75,30.75,0.0313488
-13.25,30.75,0.032395
-12.75,30.75,0.0334412
-12.25,30.75,0.0344874
-11.75,30.75,0.0355336
-11.25,30.75,0.0365798
-10.75,30.75,0.0376922
-10.25,30.75,0.0388046
-9.75,30.75,0.039917
-9.25,30.75,0.0410294
-8.75,30.75,0.0421418
-8.25,30.75,0.0433235
-7.75,30.75,0.0445053
-7.25,30.75,0.045687
-6.75,30.75,0.0468688
-6.25,30.75,0.0480505
-5.75,30.75,0.0493297
-5.25,30.75,0.0506089
-4.75,30.75,0.051888
-4.25,30.75,0.0531672
-3.75,30.75,0.0544464
-3.25,30.75,0.0559105
-2.75,30.75,0.0573745
-2.25,30.75,0.0588386
-1.75,30.75,0.0603027
-1.25,30.75,0.0617668
-0.75,30.75,0.0633847
-0.25,30.75,0.0650025
0.25,30.75,0.0666204
0.75,30.75,0.0682383
1.25,30.75,0.0698561
1.75,30.75,0.0715224
2.25,30.75,0.0731887
2.75,30.75,0.0748549
3.25,30.75,0.0765212
3.75,30.75,0.0781875
4.25,30.75,0.079611
4.75,30.75,0.0810344
5.25,30.75,0.0824579
5.75,30.75,0.0838814
6.25,30.75,0.0853049
6.75,30.75,0.086015
7.25,30.75,0.0867252
7.75,30.75,0.0874354
8.25,30.75,0.0881456
8.75,30.75,0.0888557
9.25,30.75,0.0886758
9.75,30.75,0.0884958
10.25,30.75,0.0883159
10.75,30.75,0.0881359
11.25,30.75,0.0879559
11.75,30.75,0.0866089
12.25,30.75,0.0852619
12.75,30.75,0.0839149
13.25,30.75,0.0825679
13.75,30.75,0.0812209
14.25,30.75,0.0791439
14.75,30.75,0.0770668
15.25,30.75,0.0749898
15.75,30.75,0.0729128
16.25,30.75,0.0708357
16.75,30.75,0.0682439
17.25,30.75,0.0656522
17.75,30.75,0.0630604
18.25,30.75,0.0604686
18.75,30.75,0.0578768
19.25,30.75,0.0552857
19.75,30.75,0.0526946
20.25,30.75,0.0501035
20.75,30.75,0.0475124
21.25,30.75,0.0449213
21.75,30.75,0.0425772
22.25,30.75,0.0402332
22.75,30.75,0.0378891
23.25,30.75,0.0355451
23.75,30.75,0.033201
24.25,30.75,0.0311988
24.75,30.75,0.0291966
25.25,30.75,0.0271943
25.75,30.75,0.0251921
26.25,30.75,0.0231899
26.75,30.75,0.0216437
27.25,30.75,0.0200975
27.75,30.75,0.0185512
28.25,30.75,0.017005
28.75,30.75,0.0154588
29.25,30.75,0.0143635
29.75,30.75,0.0132682
30.25,30.75,0.0121729
30.75,30.75,0.0110776
31.25,30.75,0.00998235
31.75,30.75,0.00924881
32.25,30.75,0.00851527
32.75,30.75,0.00778173
33.25,30.75,0.00704818
33.75,30.75,0.00631464
34.25,30.75,0.00585425
34.75,30.75,0.00539385
35.25,30.75,0.00493346
35.75,30.75,0.00447307
36.25,30.75,0.00401268
36.75,30.75,0.00371811
37.25,30.75,0.00342354
37.75,30.75,0.00312898
38.25,30.75,0.00283441
38.75,30.75,0.00253984
39.25,30.75,0.00236339
39.75,30.75,0.00218694
40.25,30.75,0.00201048
40.75,30.75,0.00183403
41.25,30.75,0.00165758
41.75,30.75,0.0015395
42.25,30.75,0.00142142
42.75,30.75,0.00130334
43.25,30.75,0.00118526
43.75,30.75,0.00106718
44.25,30.75,0.00106718
44.75,30.75,0.00106718
-44.75,31.25,0.000575119
-44.25,31.25,0.000575119
-43.75,31.25,0.000575119
-43.25,31.25,0.000590936
-42.75,31.25,0.000606752
-42.25,31.25,0.000622569
-41.75,31.25,0.000638386
-41.25,31.25,0.000654203
-40.75,31.25,0.0006748
-40.25,31.25,0.000695398
-39.75,31.25,0.000715995
-39.25,31.25,0.000736593
-38.75,31.25,0.00075719
-38.25,31.25,0.000797574
-37.75,31.25,0.000837957
-37.25,31.25,0.00087834
-36.75,31.25,0.000918723
-36.25,31.25,0.000959107
-35.75,31.25,0.00102971
-35.25,31.25,0.00110032
-34.75,31.25,0.00117093
-34.25,31.25,0.00124153
-33.75,31.25,0.00131214
-33.25,31.25,0.00143865
-32.75,31.25,0.00156515
-32.25,31.25,0.00169166
-31.75,31.25,0.00181817
-31.25,31.25,0.00194468
-30.75,31.25,0.00219526
-30.25,31.25,0.00244585
-29.75,31.25,0.00269644
-29.25,31.25,0.00294703
-28.75,31.25,0.00319761
-28.25,31.25,0.00365839
-27.75,31.25,0.00411917
-27.25,31.25,0.00457995
-26.75,31.25,0.00504073
-26.25,31.25,0.00550151
-25.75,31.25,0.00617488
-25.25,31.25,0.00684824
-24.75,31.25,0.00752161
-24.25,31.25,0.00819498
-23.75,31.25,0.00886834
-23.25,31.25,0.00972817
-22.75,31.25,0.010588
-22.25,31.25,0.0114478
-21.75,31.25,0.0123076
-21.25,31.25,0.0131674
-20.75,31.25,0.0140801
-20.25,31.25,0.0149928
-19.75,31.25,0.0159054
-19.25,31.25,0.0168181
-18.75,31.25,0.0177307
-18.25,31.25,0.0186776
-17.75,31.25,0.0196245
-17.25,31.25,0.0205713
-16.75,31.25,0.0215182
-16.25,31.25,0.0224651
-15.75,31.25,0.0234183
-15.25,31.25,0.0243715
-14.75,31.25,0.0253248
-14.25,31.25,0.026278
-13.75,31.25,0.0272312
-13.25,31.25,0.0281812
-12.75,31.25,0.0291311
-12.25,31.25,0.030081
-11.75,31.25,0.0310309
-11.25,31.25,0.0319809
-10.75,31.25,0.033003
-10.25,31.25,0.0340251
-9.75,31.25,0.0350472
-9.25,31.25,0.0360693
-8.75,31.25,0.0370915
-8.25,31.25,0.0381571
-7.75,31.25,0.0392228
-7.25,31.25,0.0402885
-6.75,31.25,0.0413541
-6.25,31.25,0.0424198
-5.75,31.25,0.0435761
-5.25,31.25,0.0447324
-4.75,31.25,0.0458888
-4.25,31.25,0.0470451
-3.75,31.25,0.0482014
-3.25,31.25,0.049521
-2.75,31.25,0.0508406
-2.25,31.25,0.0521602
-1.75,31.25,0.0534798
-1.25,31.25,0.0547994
-0.75,31.25,0.0562519
-0.25,31.25,0.0577044
0.25,31.25,0.0591569
0.75,31.25,0.0606094
1.25,31.25,0.0620619
1.75,31.25,0.0635718
2.25,31.25,0.0650817
2.75,31.25,0.0665916
3.25,31.25,0.0681014
3.75,31.25,0.0696113
4.25,31.25,0.0708924
4.75,31.25,0.0721735
5.25,31.25,0.0734546
5.75,31.25,0.0747357
6.25,31.25,0.0760168
6.75,31.25,0.0766606
7.25,31.25,0.0773045
7.75,31.25,0.0779483
8.25,31.25,0.0785922
8.75,31.25,0.079236
9.25,31.25,0.079074
9.75,31.25,0.078912
10.25,31.25,0.07875
10.75,31.25,0.078588
11.25,31.25,0.078426
11.75,31.25,0.0771936
12.25,31.25,0.0759613
12.75,31.25,0.0747289
13.25,31.25,0.0734965
13.75,31.25,0.0722642
14.25,31.25,0.0703726
14.75,31.25,0.0684811
15.25,31.25,0.0665895
15.75,31.25,0.0646979
16.25,31.25,0.0628064
16.75,31.25,0.0604417
17.25,31.25,0.0580771
17.75,31.25,0.0557124
18.25,31.25,0.0533478
18.75,31.25,0.0509831
19.25,31.25,0.0486494
19.75,31.25,0.0463156
20.25,31.25,0.0439819
20.75,31.25,0.0416481
21.25,31.25,0.0393144
21.75,31.25,0.0372089
22.25,31.25,0.0351034
22.75,31.25,0.0329978
23.25,31.25,0.0308923
23.75,31.25,0.0287868
24.25,31.25,0.0270176
24.75,31.25,0.0252484
25.25,31.25,0.0234792
25.75,31.25,0.0217099
26.25,31.25,0.0199407
26.75,31.25,0.0186025
27.25,31.25,0.0172643
27.75,31.25,0.0159261
28.25,31.25,0.0145879
28.75,31.25,0.0132497
29.25,31.25,0.0123226
29.75,31.25,0.0113955
30.25,31.25,0.0104684
30.75,31.25,0.00954136
31.25,31.25,0.00861428
31.75,31.25,0.00799698
32.25,31.25,0.00737969
32.75,31.25,0.00676239
33.25,31.25,0.0061451
33.75,31.25,0.0055278
34.25,31.25,0.00513916
34.75,31.25,0.00475052
35.25,31.25,0.00436187
35.75,31.25,0.00397323
36.25,31.25,0.00358459
36.75,31.25,0.00332642
37.25,31.25,0.00306825
37.75,31.25,0.00281009
38.25,31.25,0.00255192
38.75,31.25,0.00229376
39.25,31.25,0.00213811
39.75,31.25,0.00198245
40.25,31.25,0.0018268
40.75,31.25,0.00167115
41.25,31.25,0.0015155
41.75,31.25,0.00141073
42.25,31.25,0.00130596
42.75,31.25,0.00120119
43.25,31.25,0.00109641
43.75,31.25,0.00099164
44.25,31.25,0.00099164
44.75,31.25,0.00099164
-44.75,31.75,0.000545033
-44.25,31.75,0.000545033
-43.75,31.75,0.000545033
-43.25,31.75,0.000559154
-42.75,31.75,0.000573275
-42.25,31.75,0.000587396
-41.75,31.75,0.000601517
-41.25,31.75,0.000615638
-40.75,31.75,0.000634426
-40.25,31.75,0.000653214
-39.75,31.75,0.000672002
-39.25,31.75,0.000690789
-38.75,31.75,0.000709577
-38.25,31.75,0.000746165
-37.75,31.75,0.000782753
-37.25,31.75,0.00081934
-36.75,31.75,0.000855928
-36.25,31.75,0.000892515
-35.75,31.75,0.000954828
-35.25,31.75,0.00101714
-34.75,31.75,0.00107945
-34.25,31.75,0.00114177
-33.75,31.75,0.00120408
-33.25,31.75,0.00131554
-32.75,31.75,0.00142701
-32.25,31.75,0.00153848
-31.75,31.75,0.00164994
-31.25,31.75,0.00176141
-30.75,31.75,0.0019803
-30.25,31.75,0.0021992
-29.75,31.75,0.00241809
-29.25,31.75,0.00263698
-28.75,31.75,0.00285588
-28.25,31.75,0.00325589
-27.75,31.75,0.0036559
-27.25,31.75,0.00405591
-26.75,31.75,0.00445592
-26.25,31.75,0.00485594
-25.75,31.75,0.00544608
-25.25,31.75,0.00603623
-24.75,31.75,0.00662637
-24.25,31.75,0.00721652
-23.75,31.75,0.00780667
-23.25,31.75,0.00857076
-22.75,31.75,0.00933486
-22.25,31.75,0.010099
-21.75,31.75,0.0108631
-21.25,31.75,0.0116272
-20.75,31.75,0.0124548
-20.25,31.75,0.0132825
-19.75,31.75,0.0141101
-19.25,31.75,0.0149378
-18.75,31.75,0.0157654
-18.25,31.75,0.0166347
-17.75,31.75,0.0175039
-17.25,31.75,0.0183732
-16.75,31.75,0.0192425
-16.25,31.75,0.0201117
-15.75,31.75,0.0209835
-15.25,31.75,0.0218553
-14.75,31.75,0.0227271
-14.25,31.75,0.0235989
-13.75,31.75,0.0244707
-13.25,31.75,0.0253559
-12.75,31.75,0.0262411
-12.25,31.75,0.0271263
-11.75,31.75,0.0280116
-11.25,31.75,0.0288968
-10.75,31.75,0.0298264
-10.25,31.75,0.030756
-9.75,31.75,0.0316856
-9.25,31.75,0.0326152
-8.75,31.75,0.0335449
-8.25,31.75,0.0345228
-7.75,31.75,0.0355008
-7.25,31.75,0.0364788
-6.75,31.75,0.0374568
-6.25,31.75,0.0384347
-5.75,31.75,0.0394996
-5.25,31.75,0.0405645
-4.75,31.75,0.0416294
-4.25,31.75,0.0426943
-3.75,31.75,0.0437592
-3.25,31.75,0.0449635
-2.75,31.75,0.0461678
-2.25,31.75,0.0473721
-1.75,31.75,0.0485763
-1.25,31.75,0.0497806
-0.75,31.75,0.0511119
-0.25,31.75,0.0524432
0.25,31.75,0.0537744
0.75,31.75,0.0551057
1.25,31.75,0.056437
1.75,31.75,0.0578267
2.25,31.75,0.0592165
2.75,31.75,0.0606063
3.25,31.75,0.0619961
3.75,31.75,0.0633859
4.25,31.75,0.0645569
4.75,31.75,0.065728
5.25,31.75,0.066899
5.75,31.75,0.0680701
6.25,31.75,0.0692412
6.75,31.75,0.0698331
7.25,31.75,0.070425
7.75,31.75,0.071017
8.25,31.75,0.0716089
8.75,31.75,0.0722008
9.25,31.75,0.0720366
9.75,31.75,0.0718725
10.25,31.75,0.0717083
10.75,31.75,0.0715441
11.25,31.75,0.0713799
11.75,31.75,0.0702478
12.25,31.75,0.0691157
12.75,31.75,0.0679837
13.25,31.75,0.0668516
13.75,31.75,0.0657195
14.25,31.75,0.0639756
14.75,31.75,0.0622316
15.25,31.75,0.0604877
15.75,31.75,0.0587437
16.25,31.75,0.0569998
16.75,31.75,0.0548286
17.25,31.75,0.0526574
17.75,31.75,0.0504862
18.25,31.75,0.048315
18.75,31.75,0.0461438
19.25,31.75,0.0440152
19.75,31.75,0.0418866
20.25,31.75,0.0397579
20.75,31.75,0.0376293
21.25,31.75,0.0355006
21.75,31.75,0.0335923
22.25,31.75,0.031684
22.75,31.75,0.0297757
23.25,31.75,0.0278674
23.75,31.75,0.0259591
24.25,31.75,0.0243682
24.75,31.75,0.0227774
25.25,31.75,0.0211865
25.75,31.75,0.0195956
26.25,31.75,0.0180047
26.75,31.75,0.0168047
27.25,31.75,0.0156046
27.75,31.75,0.0144045
28.25,31.75,0.0132045
28.75,31.75,0.0120044
29.25,31.75,0.0111726
29.75,31.75,0.0103407
30.25,31.75,0.00950887
30.75,31.75,0.00867702
31.25,31.75,0.00784517
31.75,31.75,0.00729115
32.25,31.75,0.00673713
32.75,31.75,0.00618311
33.25,31.75,0.00562909
33.75,31.75,0.00507508
34.25,31.75,0.00472351
34.75,31.75,0.00437194
35.25,31.75,0.00402037
35.75,31.75,0.00366881
36.25,31.75,0.00331724
36.75,31.75,0.00308131
37.25,31.75,0.00284539
37.75,31.75,0.00260946
38.25,31.75,0.00237354
38.75,31.75,0.00213761
39.25,31.75,0.0019941
39.75,31.75,0.00185059
40.25,31.75,0.00170708
40.75,31.75,0.00156357
41.25,31.75,0.00142006
41.75,31.75,0.00132399
42.25,31.75,0.00122793
42.75,31.75,0.00113186
43.25,31.75,0.00103579
43.75,31.75,0.000939725
44.25,31.75,0.000939725
44.75,31.75,0.000939725
-44.75,32.25,0.000514948
-44.25,32.25,0.000514948
-43.75,32.25,0.000514948
-43.25,32.25,0.000527373
-42.75,32.25,0.000539798
-42.25,32.25,0.000552223
-41.75,32.25,0.000564648
-41.25,32.25,0.000577073
-40.75,32.25,0.000594051
-40.25,32.25,0.00061103
-39.75,32.25,0.000628008
-39.25,32.25,0.000644986
-38.75,32.25,0.000661964
-38.25,32.25,0.000694756
-37.75,32.25,0.000727548
-37.25,32.25,0.00076034
-36.75,32.25,0.000793132
-36.25,32.25,0.000825924
-35.75,32.25,0.000879944
-35.25,32.25,0.000933963
-34.75,32.25,0.000987982
-34.25,32.25,0.001042
-33.75,32.25,0.00109602
-33.25,32.25,0.00119244
-32.75,32.25,0.00128887
-32.25,32.25,0.00138529
-31.75,32.25,0.00148171
-31.25,32.25,0.00157814
-30.75,32.25,0.00176534
-30.25,32.25,0.00195254
-29.75,32.25,0.00213974
-29.25,32.25,0.00232694
-28.75,32.25,0.00251414
-28.25,32.25,0.00285339
-27.75,32.25,0.00319263
-27.25,32.25,0.00353187
-26.75,32.25,0.00387112
-26.25,32.25,0.00421036
-25.75,32.25,0.00471729
-25.25,32.25,0.00522421
-24.75,32.25,0.00573114
-24.25,32.25,0.00623806
-23.75,32.25,0.00674499
-23.25,32.25,0.00741336
-22.75,32.25,0.00808174
-22.25,32.25,0.00875012
-21.75,32.25,0.00941849
-21.25,32.25,0.0100869
-20.75,32.25,0.0108295
-20.25,32.25,0.0115722
-19.75,32.25,0.0123148
-19.25,32.25,0.0130575
-18.75,32.25,0.0138001
-18.25,32.25,0.0145918
-17.75,32.25,0.0153834
-17.25,32.25,0.0161751
-16.75,32.25,0.0169667
-16.25,32.25,0.0177583
-15.75,32.25,0.0185487
-15.25,32.25,0.019339
-14.75,32.25,0.0201294
-14.25,32.25,0.0209197
-13.75,32.25,0.0217101
-13.25,32.25,0.0225306
-12.75,32.25,0.0233511
-12.25,32.25,0.0241716
-11.75,32.25,0.0249922
-11.25,32.25,0.0258127
-10.75,32.25,0.0266498
-10.25,32.25,0.0274869
-9.75,32.25,0.028324
-9.25,32.25,0.0291612
-8.75,32.25,0.0299983
-8.25,32.25,0.0308886
-7.75,32.25,0.0317788
-7.25,32.25,0.0326691
-6.75,32.25,0.0335594
-6.25,32.25,0.0344497
-5.75,32.25,0.0354232
-5.25,32.25,0.0363966
-4.75,32.25,0.0373701
-4.25,32.25,0.0383436
-3.75,32.25,0.039317
-3.25,32.25,0.040406
-2.75,32.25,0.041495
-2.25,32.25,0.0425839
-1.75,32.25,0.0436729
-1.25,32.25,0.0447618
-0.75,32.25,0.0459719
-0.25,32.25,0.0471819
0.25,32.25,0.048392
0.75,32.25,0.049602
1.25,32.25,0.0508121
1.75,32.25,0.0520817
2.25,32.25,0.0533514
2.75,32.25,0.054621
3.25,32.25,0.0558907
3.75,32.25,0.0571604
4.25,32.25,0.0582214
4.75,32.25,0.0592824
5.25,32.25,0.0603435
5.75,32.25,0.0614045
6.25,32.25,0.0624656
6.75,32.25,0.0630056
7.25,32.25,0.0635456
7.75,32.25,0.0640856
8.25,32.25,0.0646256
8.75,32.25,0.0651657
9.25,32.25,0.0649993
9.75,32.25,0.0648329
10.25,32.25,0.0646665
10.75,32.25,0.0645002
11.25,32.25,0.0643338
11.75,32.25,0.063302
12.25,32.25,0.0622702
12.75,32.25,0.0612385
13.25,32.25,0.0602067
13.75,32.25,0.0591749
14.25,32.25,0.0575786
14.75,32.25,0.0559822
15.25,32.25,0.0543859
15.75,32.25,0.0527895
16.25,32.25,0.0511932
16.75,32.25,0.0492155
17.25,32.25,0.0472377
17.75,32.25,0.04526
18.25,32.25,0.0432823
18.75,32.25,0.0413046
19.25,32.25,0.039381
19.75,32.25,0.0374575
20.25,32.25,0.035534
20.75,32.25,0.0336104
21.25,32.25,0.0316869
21.75,32.25,0.0299758
22.25,32.25,0.0282647
22.75,32.25,0.0265536
23.25,32.25,0.0248425
23.75,32.25,0.0231314
24.25,32.25,0.0217189
24.75,32.25,0.0203063
25.25,32.25,0.0188938
25.75,32.25,0.0174813
26.25,32.25,0.0160687
26.75,32.25,0.0150068
27.25,32.25,0.0139449
27.75,32.25,0.012883
28.25,32.25,0.011821
28.75,32.25,0.0107591
29.25,32.25,0.0100225
29.75,32.25,0.0092859
30.25,32.25,0.00854929
30.75,32.25,0.00781268
31.25,32.25,0.00707607
31.75,32.25,0.00658532
32.25,32.25,0.00609458
32.75,32.25,0.00560383
33.25,32.25,0.00511309
33.75,32.25,0.00462235
34.25,32.25,0.00430786
34.75,32.25,0.00399336
35.25,32.25,0.00367887
35.75,32.25,0.00336438
36.25,32.25,0.00304989
36.75,32.25,0.00283621
37.25,32.25,0.00262252
37.75,32.25,0.00240884
38.25,32.25,0.00219516
38.75,32.25,0.00198147
39.25,32.25,0.0018501
39.75,32.25,0.00171873
40.25,32.25,0.00158736
40.75,32.25,0.00145599
41.25,32.25,0.00132462
41.75,32.25,0.00123726
42.25,32.25,0.00114989
42.75,32.25,0.00106253
43.25,32.25,0.000975172
43.75,32.25,0.000887811
44.25,32.25,0.000887811
44.75,32.25,0.000887811
-44.75,32.75,0.000484862
-44.25,32.75,0.000484862
-43.75,32.75,0.000484862
-43.25,32.75,0.000495591
-42.75,32.75,0.000506321
-42.25,32.75,0.00051705
-41.75,32.75,0.000527779
-41.25,32.75,0.000538508
-40.75,32.75,0.000553677
-40.25,32.75,0.000568846
-39.75,32.75,0.000584014
-39.25,32.75,0.000599183
-38.75,32.75,0.000614351
-38.25,32.75,0.000643348
-37.75,32.75,0.000672344
-37.25,32.75,0.00070134
-36.75,32.75,0.000730337
-36.25,32.75,0.000759333
-35.75,32.75,0.000805059
-35.25,32.75,0.000850785
-34.75,32.75,0.000896511
-34.25,32.75,0.000942237
-33.75,32.75,0.000987962
-33.25,32.75,0.00106934
-32.75,32.75,0.00115072
-32.25,32.75,0.00123211
-31.75,32.75,0.00131349
-31.25,32.75,0.00139487
-30.75,32.75,0.00155038
-30.25,32.75,0.00170588
-29.75,32.75,0.00186139
-29.25,32.75,0.0020169
-28.75,32.75,0.00217241
-28.25,32.75,0.00245088
-27.75,32.75,0.00272936
-27.25,32.75,0.00300783
-26.75,32.75,0.00328631
-26.25,32.75,0.00356478
-25.75,32.75,0.00398849
-25.25,32.75,0.00441219
-24.75,32.75,0.0048359
-24.25,32.75,0.0052596
-23.75,32.75,0.00568331
-23.25,32.75,0.00625596
-22.75,32.75,0.00682862
-22.25,32.75,0.00740127
-21.75,32.75,0.00797392
-21.25,32.75,0.00854658
-20.75,32.75,0.00920423
-20.25,32.75,0.00986187
-19.75,32.75,0.0105195
-19.25,32.75,0.0111772
-18.75,32.75,0.0118348
-18.25,32.75,0.0125488
-17.75,32.75,0.0132629
-17.25,32.75,0.0139769
-16.75,32.75,0.0146909
-16.25,32.75,0.015405
-15.75,32.75,0.0161139
-15.25,32.75,0.0168228
-14.75,32.75,0.0175317
-14.25,32.75,0.0182406
-13.75,32.75,0.0189495
-13.25,32.75,0.0197053
-12.75,32.75,0.0204611
-12.25,32.75,0.021217
-11.75,32.75,0.0219728
-11.25,32.75,0.0227286
-10.75,32.75,0.0234732
-10.25,32.75,0.0242178
-9.75,32.75,0.0249625
-9.25,32.75,0.0257071
-8.75,32.75,0.0264517
-8.25,32.75,0.0272543
-7.75,32.75,0.0280569
-7.25,32.75,0.0288595
-6.75,32.75,0.029662
-6.25,32.75,0.0304646
-5.75,32.75,0.0313467
-5.25,32.75,0.0322287
-4.75,32.75,0.0331108
-4.25,32.75,0.0339928
-3.75,32.75,0.0348749
-3.25,32.75,0.0358485
-2.75,32.75,0.0368221
-2.25,32.75,0.0377958
-1.75,32.75,0.0387694
-1.25,32.75,0.039743
-0.75,32.75,0.0408318
-0.25,32.75,0.0419207
0.25,32.75,0.0430095
0.75,32.75,0.0440983
1.25,32.75,0.0451872
1.75,32.75,0.0463367
2.25,32.75,0.0474863
2.75,32.75,0.0486358
3.25,32.75,0.0497853
3.75,32.75,0.0509349
4.25,32.75,0.0518859
4.75,32.75,0.0528369
5.25,32.75,0.0537879
5.75,32.75,0.054739
6.25,32.75,0.05569
6.75,32.75,0.0561781
7.25,32.75,0.0566662
7.75,32.75,0.0571543
8.25,32.75,0.0576424
8.75,32.75,0.0581305
9.25,32.75,0.0579619
9.75,32.75,0.0577934
10.25,32.75,0.0576248
10.75,32.75,0.0574563
11.25,32.75,0.0572877
11.75,32.75,0.0563562
12.25,32.75,0.0554247
12.75,32.75,0.0544932
13.25,32.75,0.0535618
13.75,32.75,0.0526303
14.25,32.75,0.0511815
14.75,32.75,0.0497328
15.25,32.75,0.048284
15.75,32.75,0.0468353
16.25,32.75,0.0453866
16.75,32.75,0.0436023
17.25,32.75,0.0418181
17.75,32.75,0.0400338
18.25,32.75,0.0382495
18.75,32.75,0.0364653
19.25,32.75,0.0347469
19.75,32.75,0.0330284
20.25,32.75,0.03131
20.75,32.75,0.0295916
21.25,32.75,0.0278732
21.75,32.75,0.0263593
22.25,32.75,0.0248454
22.75,32.75,0.0233315
23.25,32.75,0.0218176
23.75,32.75,0.0203037
24.25,32.75,0.0190695
24.75,32.75,0.0178353
25.25,32.75,0.0166011
25.75,32.75,0.0153669
26.25,32.75,0.0141327
26.75,32.75,0.0132089
27.25,32.75,0.0122852
27.75,32.75,0.0113614
28.25,32.75,0.0104376
28.75,32.75,0.00951385
29.25,32.75,0.00887247
29.75,32.75,0.00823109
30.25,32.75,0.00758971
30.75,32.75,0.00694834
31.25,32.75,0.00630696
31.75,32.75,0.00587949
32.25,32.75,0.00545202
32.75,32.75,0.00502455
33.25,32.75,0.00459709
33.75,32.75,0.00416962
34.25,32.75,0.0038922
34.75,32.75,0.00361479
35.25,32.75,0.00333737
35.75,32.75,0.00305996
36.25,32.75,0.00278254
36.75,32.75,0.0025911
37.25,32.75,0.00239966
37.75,32.75,0.00220822
38.25,32.75,0.00201678
38.75,32.75,0.00182533
39.25,32.75,0.0017061
39.75,32.75,0.00158687
40.25,32.75,0.00146764
40.75,32.75,0.00134841
41.25,32.75,0.00122917
41.75,32.75,0.00115052
42.25,32.75,0.00107186
42.75,32.75,0.000993207
43.25,32.75,0.000914552
43.75,32.75,0.000835896
44.25,32.75,0.000835896
44.75,32.75,0.000835896
-44.75,33.25,0.000454777
-44.25,33.25,0.000454777
-43.75,33.25,0.000454777
-43.25,33.25,0.00046381
-42.75,33.25,0.000472843
-42.25,33.25,0.000481877
-41.75,33.25,0.00049091
-41.25,33.25,0.000499944
-40.75,33.25,0.000513303
-40.25,33.25,0.000526661
-39.75,33.25,0.00054002
-39.25,33.25,0.000553379
-38.75,33.25,0.000566738
-38.25,33.25,0.000591939
-37.75,33.25,0.00061714
-37.25,33.25,0.00064234
-36.75,33.25,0.000667541
-36.25,33.25,0.000692742
-35.75,33.25,0.000730174
-35.25,33.25,0.000767607
-34.75,33.25,0.000805039
-34.25,33.25,0.000842472
-33.75,33.25,0.000879904
-33.25,33.25,0.000946243
-32.75,33.25,0.00101258
-32.25,33.25,0.00107892
-31.75,33.25,0.00114526
-31.25,33.25,0.0012116
-30.75,33.25,0.00133541
-30.25,33.25,0.00145923
-29.75,33.25,0.00158304
-29.25,33.25,0.00170686
-28.75,33.25,0.00183067
-28.25,33.25,0.00204838
-27.75,33.25,0.00226609
-27.25,33.25,0.00248379
-26.75,33.25,0.0027015
-26.25,33.25,0.00291921
-25.75,33.25,0.00325969
-25.25,33.25,0.00360018
-24.75,33.25,0.00394066
-24.25,33.25,0.00428115
-23.75,33.25,0.00462163
-23.25,33.25,0.00509856
-22.75,33.25,0.00557549
-22.25,33.25,0.00605243
-21.75,33.25,0.00652936
-21.25,33.25,0.00700629
-20.75,33.25,0.00757893
-20.25,33.25,0.00815157
-19.75,33.25,0.00872422
-19.25,33.25,0.00929686
-18.75,33.25,0.0098695
-18.25,33.25,0.0105059
-17.75,33.25,0.0111423
-17.25,33.25,0.0117788
-16.75,33.25,0.0124152
-16.25,33.25,0.0130516
-15.75,33.25,0.0136791
-15.25,33.25,0.0143065
-14.75,33.25,0.014934
-14.25,33.25,0.0155615
-13.75,33.25,0.0161889
-13.25,33.25,0.01688
-12.75,33.25,0.0175712
-12.25,33.25,0.0182623
-11.75,33.25,0.0189534
-11.25,33.25,0.0196445
-10.75,33.25,0.0202966
-10.25,33.25,0.0209487
-9.75,33.25,0.0216009
-9.25,33.25,0.022253
-8.75,33.25,0.0229051
-8.25,33.25,0.02362
-7.75,33.25,0.0243349
-7.25,33.25,0.0250498
-6.75,33.25,0.0257647
-6.25,33.25,0.0264796
-5.75,33.25,0.0272702
-5.25,33.25,0.0280608
-4.75,33.25,0.0288514
-4.25,33.25,0.0296421
-3.75,33.25,0.0304327
-3.25,33.25,0.031291
-2.75,33.25,0.0321493
-2.25,33.25,0.0330076
-1.75,33.25,0.0338659
-1.25,33.25,0.0347242
-0.75,33.25,0.0356918
-0.25,33.25,0.0366594
0.25,33.25,0.037627
0.75,33.25,0.0385947
1.25,33.25,0.0395623
1.75,33.25,0.0405917
2.25,33.25,0.0416211
2.75,33.25,0.0426505
3.25,33.25,0.04368
3.75,33.25,0.0447094
4.25,33.25,0.0455504
4.75,33.25,0.0463914
5.25,33.25,0.0472324
5.75,33.25,0.0480734
6.25,33.25,0.0489144
6.75,33.25,0.0493506
7.25,33.25,0.0497867
7.75,33.25,0.0502229
8.25,33.25,0.0506591
8.75,33.25,0.0510953
9.25,33.25,0.0509246
9.75,33.25,0.0507538
10.25,33.25,0.0505831
10.75,33.25,0.0504124
11.25,33.25,0.0502417
11.75,33.25,0.0494104
12.25,33.25,0.0485792
12.75,33.25,0.047748
13.25,33.25,0.0469168
13.75,33.25,0.0460856
14.25,33.25,0.0447845
14.75,33.25,0.0434834
15.25,33.25,0.0421822
15.75,33.25,0.0408811
16.25,33.25,0.03958
16.75,33.25,0.0379892
17.25,33.25,0.0363984
17.75,33.25,0.0348076
18.25,33.25,0.0332168
18.75,33.25,0.031626
19.25,33.25,0.0301127
19.75,33.25,0.0285994
20.25,33.25,0.0270861
20.75,33.25,0.0255727
21.25,33.25,0.0240594
21.75,33.25,0.0227427
22.25,33.25,0.0214261
22.75,33.25,0.0201094
23.25,33.25,0.0187927
23.75,33.25,0.017476
24.25,33.25,0.0164202
24.75,33.25,0.0153643
25.25,33.25,0.0143084
25.75,33.25,0.0132526
26.25,33.25,0.0121967
26.75,33.25,0.0114111
27.25,33.25,0.0106255
27.75,33.25,0.00983982
28.25,33.25,0.00905419
28.75,33.25,0.00826856
29.25,33.25,0.00772242
29.75,33.25,0.00717628
30.25,33.25,0.00663014
30.75,33.25,0.006084
31.25,33.25,0.00553785
31.75,33.25,0.00517366
32.25,33.25,0.00480947
32.75,33.25,0.00444528
33.25,33.25,0.00408108
33.75,33.25,0.00371689
34.25,33.25,0.00347655
34.75,33.25,0.00323621
35.25,33.25,0.00299587
35.75,33.25,0.00275554
36.25,33.25,0.0025152
36.75,33.25,0.002346
37.25,33.25,0.0021768
37.75,33.25,0.00200759
38.25,33.25,0.00183839
38.75,33.25,0.00166919
39.25,33.25,0.0015621
39.75,33.25,0.00145501
40.25,33.25,0.00134792
40.75,33.25,0.00124082
41.25,33.25,0.00113373
41.75,33.25,0.00106378
42.25,33.25,0.000993831
42.75,33.25,0.000923881
43.25,33.25,0.000853931
43.75,33.25,0.000783982
44.25,33.25,0.000783982
44.75,33.25,0.000783982
-44.75,33.75,0.000424691
-44.25,33.75,0.000424691
-43.75,33.75,0.000424691
-43.25,33.75,0.000432029
-42.75,33.75,0.000439366
-42.25,33.75,0.000446704
-41.75,33.75,0.000454041
-41.25,33.75,0.000461379
-40.75,33.75,0.000472928
-40.25,33.75,0.000484477
-39.75,33.75,0.000496027
-39.25,33.75,0.000507576
-38.75,33.75,0.000519125
-38.25,33.75,0.00054053
-37.75,33.75,0.000561935
-37.25,33.75,0.00058334
-36.75,33.75,0.000604745
-36.25,33.75,0.000626151
-35.75,33.75,0.00065529
-35.25,33.75,0.000684429
-34.75,33.75,0.000713568
-34.25,33.75,0.000742706
-33.75,33.75,0.000771845
-33.25,33.75,0.000823142
-32.75,33.75,0.000874438
-32.25,33.75,0.000925735
-31.75,33.75,0.000977032
-31.25,33.75,0.00102833
-30.75,33.75,0.00112045
-30.25,33.75,0.00121257
-29.75,33.75,0.00130469
-29.25,33.75,0.00139681
-28.75,33.75,0.00148893
-28.25,33.75,0.00164587
-27.75,33.75,0.00180281
-27.25,33.75,0.00195975
-26.75,33.75,0.00211669
-26.25,33.75,0.00227363
-25.75,33.75,0.0025309
-25.25,33.75,0.00278816
-24.75,33.75,0.00304542
-24.25,33.75,0.00330269
-23.75,33.75,0.00355995
-23.25,33.75,0.00394116
-22.75,33.75,0.00432237
-22.25,33.75,0.00470358
-21.75,33.75,0.00508479
-21.25,33.75,0.005466
-20.75,33.75,0.00595364
-20.25,33.75,0.00644128
-19.75,33.75,0.00692891
-19.25,33.75,0.00741655
-18.75,33.75,0.00790419
-18.25,33.75,0.008463
-17.75,33.75,0.00902182
-17.25,33.75,0.00958063
-16.75,33.75,0.0101394
-16.25,33.75,0.0106983
-15.75,33.75,0.0112443
-15.25,33.75,0.0117903
-14.75,33.75,0.0123363
-14.25,33.75,0.0128823
-13.75,33.75,0.0134283
-13.25,33.75,0.0140548
-12.75,33.75,0.0146812
-12.25,33.75,0.0153076
-11.75,33.75,0.015934
-11.25,33.75,0.0165604
-10.75,33.75,0.01712
-10.25,33.75,0.0176797
-9.75,33.75,0.0182393
-9.25,33.75,0.0187989
-8.75,33.75,0.0193585
-8.25,33.75,0.0199857
-7.75,33.75,0.0206129
-7.25,33.75,0.0212401
-6.75,33.75,0.0218673
-6.25,33.75,0.0224945
-5.75,33.75,0.0231937
-5.25,33.75,0.0238929
-4.75,33.75,0.0245921
-4.25,33.75,0.0252913
-3.75,33.75,0.0259905
-3.25,33.75,0.0267335
-2.75,33.75,0.0274765
-2.25,33.75,0.0282194
-1.75,33.75,0.0289624
-1.25,33.75,0.0297054
-0.75,33.75,0.0305518
-0.25,33.75,0.0313982
0.25,33.75,0.0322446
0.75,33.75,0.033091
1.25,33.75,0.0339374
1.75,33.75,0.0348467
2.25,33.75,0.035756
2.75,33.75,0.0366653
3.25,33.75,0.0375746
3.75,33.75,0.0384839
4.25,33.75,0.0392149
4.75,33.75,0.0399459
5.25,33.75,0.0406768
5.75,33.75,0.0414078
6.25,33.75,0.0421388
6.75,33.75,0.042523
7.25,33.75,0.0429073
7.75,33.75,0.0432916
8.25,33.75,0.0436758
8.75,33.75,0.0440601
9.25,33.75,0.0438872
9.75,33.75,0.0437143
10.25,33.75,0.0435414
10.75,33.75,0.0433685
11.25,33.75,0.0431956
11.75,33.75,0.0424647
12.25,33.75,0.0417337
12.75,33.75,0.0410028
13.25,33.75,0.0402719
13.75,33.75,0.039541
14.25,33.75,0.0383875
14.75,33.75,0.0372339
15.25,33.75,0.0360804
15.75,33.75,0.0349269
16.25,33.75,0.0337734
16.75,33.75,0.032376
17.25,33.75,0.0309787
17.75,33.75,0.0295814
18.25,33.75,0.0281841
18.75,33.75,0.0267867
19.25,33.75,0.0254785
19.75,33.75,0.0241703
20.25,33.75,0.0228621
20.75,33.75,0.0215539
21.25,33.75,0.0202457
21.75,33.75,0.0191262
22.25,33.75,0.0180068
22.75,33.75,0.0168873
23.25,33.75,0.0157678
23.75,33.75,0.0146484
24.25,33.75,0.0137708
24.75,33.75,0.0128933
25.25,33.75,0.0120158
25.75,33.75,0.0111382
26.25,33.75,0.0102607
26.75,33.75,0.00961322
27.25,33.75,0.00896574
27.75,33.75,0.00831825
28.25,33.75,0.00767077
28.75,33.75,0.00702328
29.25,33.75,0.00657237
29.75,33.75,0.00612147
30.25,33.75,0.00567056
30.75,33.75,0.00521965
31.25,33.75,0.00476875
31.75,33.75,0.00446783
32.25,33.75,0.00416691
32.75,33.75,0.003866
33.25,33.75,0.00356508
33.75,33.75,0.00326416
34.25,33.75,0.0030609
34.75,33.75,0.00285764
35.25,33.75,0.00265437
35.75,33.75,0.00245111
36.25,33.75,0.00224785
36.75,33.75,0.00210089
37.25,33.75,0.00195393
37.75,33.75,0.00180697
38.25,33.75,0.00166001
38.75,33.75,0.00151305
39.25,33.75,0.0014181
39.75,33.75,0.00132315
40.25,33.75,0.00122819
40.75,33.75,0.00113324
41.25,33.75,0.00103829
41.75,33.75,0.000977043
42.25,33.75,0.000915799
42.75,33.75,0.000854555
43.25,33.75,0.000793311
43.75,33.75,0.000732067
44.25,33.75,0.000732067
44.75,33.75,0.000732067
-44.75,34.25,0.000435255
-44.25,34.25,0.000435255
-43.75,34.25,0.000435255
-43.25,34.25,0.000440514
-42.75,34.25,0.000445772
-42.25,34.25,0.000451031
-41.75,34.25,0.00045629
-41.25,34.25,0.000461549
-40.75,34.25,0.000470174
-40.25,34.25,0.000478799
-39.75,34.25,0.000487424
-39.25,34.25,0.000496049
-38.75,34.25,0.000504674
-38.25,34.25,0.000521234
-37.75,34.25,0.000537795
-37.25,34.25,0.000554355
-36.75,34.25,0.000570916
-36.25,34.25,0.000587476
-35.75,34.25,0.00061418
-35.25,34.25,0.000640883
-34.75,34.25,0.000667586
-34.25,34.25,0.00069429
-33.75,34.25,0.000720993
-33.25,34.25,0.000766809
-32.75,34.25,0.000812625
-32.25,34.25,0.000858441
-31.75,34.25,0.000904257
-31.25,34.25,0.000950073
-30.75,34.25,0.00103079
-30.25,34.25,0.00111151
-29.75,34.25,0.00119223
-29.25,34.25,0.00127295
-28.75,34.25,0.00135367
-28.25,34.25,0.00149043
-27.75,34.25,0.00162718
-27.25,34.25,0.00176394
-26.75,34.25,0.0019007
-26.25,34.25,0.00203745
-25.75,34.25,0.00226173
-25.25,34.25,0.00248601
-24.75,34.25,0.00271029
-24.25,34.25,0.00293457
-23.75,34.25,0.00315886
-23.25,34.25,0.00349077
-22.75,34.25,0.00382268
-22.25,34.25,0.0041546
-21.75,34.25,0.00448651
-21.25,34.25,0.00481842
-20.75,34.25,0.00524565
-20.25,34.25,0.00567288
-19.75,34.25,0.00610011
-19.25,34.25,0.00652734
-18.75,34.25,0.00695457
-18.25,34.25,0.00745082
-17.75,34.25,0.00794707
-17.25,34.25,0.00844332
-16.75,34.25,0.00893957
-16.25,34.25,0.00943582
-15.75,34.25,0.00993031
-15.25,34.25,0.0104248
-14.75,34.25,0.0109193
-14.25,34.25,0.0114138
-13.75,34.25,0.0119083
-13.25,34.25,0.0124731
-12.75,34.25,0.013038
-12.25,34.25,0.0136028
-11.75,34.25,0.0141677
-11.25,34.25,0.0147325
-10.75,34.25,0.0152422
-10.25,34.25,0.0157519
-9.75,34.25,0.0162615
-9.25,34.25,0.0167712
-8.75,34.25,0.0172809
-8.25,34.25,0.017847
-7.75,34.25,0.0184131
-7.25,34.25,0.0189793
-6.75,34.25,0.0195454
-6.25,34.25,0.0201115
-5.75,34.25,0.0207392
-5.25,34.25,0.0213668
-4.75,34.25,0.0219944
-4.25,34.25,0.0226221
-3.75,34.25,0.0232497
-3.25,34.25,0.0239165
-2.75,34.25,0.0245833
-2.25,34.25,0.0252501
-1.75,34.25,0.0259169
-1.25,34.25,0.0265837
-0.75,34.25,0.0273417
-0.25,34.25,0.0280997
0.25,34.25,0.0288578
0.75,34.25,0.0296158
1.25,34.25,0.0303738
1.75,34.25,0.0311901
2.25,34.25,0.0320063
2.75,34.25,0.0328225
3.25,34.25,0.0336388
3.75,34.25,0.034455
4.25,34.25,0.035116
4.75,34.25,0.035777
5.25,34.25,0.0364379
5.75,34.25,0.0370989
6.25,34.25,0.0377599
6.75,34.25,0.038103
7.25,34.25,0.0384461
7.75,34.25,0.0387893
8.25,34.25,0.0391324
8.75,34.25,0.0394755
9.25,34.25,0.0393209
9.75,34.25,0.0391663
10.25,34.25,0.0390117
10.75,34.25,0.0388571
11.25,34.25,0.0387024
11.75,34.25,0.0380443
12.25,34.25,0.0373863
12.75,34.25,0.0367282
13.25,34.25,0.0360701
13.75,34.25,0.035412
14.25,34.25,0.034369
14.75,34.25,0.033326
15.25,34.25,0.032283
15.75,34.25,0.03124
16.25,34.25,0.030197
16.75,34.25,0.0289505
17.25,34.25,0.0277041
17.75,34.25,0.0264577
18.25,34.25,0.0252112
18.75,34.25,0.0239648
19.25,34.25,0.0227965
19.75,34.25,0.0216282
20.25,34.25,0.0204599
20.75,34.25,0.0192915
21.25,34.25,0.0181232
21.75,34.25,0.0171294
22.25,34.25,0.0161355
22.75,34.25,0.0151417
23.25,34.25,0.0141478
23.75,34.25,0.013154
24.25,34.25,0.0123756
24.75,34.25,0.0115972
25.25,34.25,0.0108189
25.75,34.25,0.0100405
26.25,34.25,0.00926213
26.75,34.25,0.00868882
27.25,34.25,0.00811551
27.75,34.25,0.0075422
28.25,34.25,0.00696889
28.75,34.25,0.00639557
29.25,34.25,0.00599098
29.75,34.25,0.00558639
30.25,34.25,0.0051818
30.75,34.25,0.0047772
31.25,34.25,0.00437261
31.75,34.25,0.00410177
32.25,34.25,0.00383093
32.75,34.25,0.00356009
33.25,34.25,0.00328925
33.75,34.25,0.00301841
34.25,34.25,0.00283221
34.75,34.25,0.00264601
35.25,34.25,0.00245981
35.75,34.25,0.00227361
36.25,34.25,0.00208741
36.75,34.25,0.0019552
37.25,34.25,0.00182299
37.75,34.25,0.00169078
38.25,34.25,0.00155858
38.75,34.25,0.00142637
39.25,34.25,0.0013374
39.75,34.25,0.00124844
40.25,34.25,0.00115948
40.75,34.25,0.00107051
41.25,34.25,0.00098155
41.75,34.25,0.000924153
42.25,34.25,0.000866755
42.75,34.25,0.000809358
43.25,34.25,0.00075196
43.75,34.25,0.000694563
44.25,34.25,0.000694563
44.75,34.25,0.000694563
-44.75,34.75,0.000445819
-44.25,34.75,0.000445819
-43.75,34.75,0.000445819
-43.25,34.75,0.000448999
-42.75,34.75,0.000452179
-42.25,34.75,0.000455359
-41.75,34.75,0.000458539
-41.25,34.75,0.000461719
-40.75,34.75,0.000467419
-40.25,34.75,0.00047312
-39.75,34.75,0.000478821
-39.25,34.75,0.000484522
-38.75,34.75,0.000490223
-38.25,34.75,0.000501938
-37.75,34.75,0.000513654
-37.25,34.75,0.00052537
-36.75,34.75,0.000537086
-36.25,34.75,0.000548802
-35.75,34.75,0.000573069
-35.25,34.75,0.000597337
-34.75,34.75,0.000621605
-34.25,34.75,0.000645873
-33.75,34.75,0.00067014
-33.25,34.75,0.000710476
-32.75,34.75,0.000750812
-32.25,34.75,0.000791147
-31.75,34.75,0.000831483
-31.25,34.75,0.000871819
-30.75,34.75,0.000941135
-30.25,34.75,0.00101045
-29.75,34.75,0.00107977
-29.25,34.75,0.00114909
-28.75,34.75,0.0012184
-28.25,34.75,0.00133498
-27.75,34.75,0.00145155
-27.25,34.75,0.00156812
-26.75,34.75,0.0016847
-26.25,34.75,0.00180127
-25.75,34.75,0.00199257
-25.25,34.75,0.00218387
-24.75,34.75,0.00237516
-24.25,34.75,0.00256646
-23.75,34.75,0.00275776
-23.25,34.75,0.00304038
-22.75,34.75,0.00332299
-22.25,34.75,0.00360561
-21.75,34.75,0.00388823
-21.25,34.75,0.00417084
-20.75,34.75,0.00453766
-20.25,34.75,0.00490448
-19.75,34.75,0.0052713
-19.25,34.75,0.00563812
-18.75,34.75,0.00600494
-18.25,34.75,0.00643863
-17.75,34.75,0.00687232
-17.25,34.75,0.00730601
-16.75,34.75,0.0077397
-16.25,34.75,0.00817338
-15.75,34.75,0.00861634
-15.25,34.75,0.0090593
-14.75,34.75,0.00950225
-14.25,34.75,0.00994521
-13.75,34.75,0.0103882
-13.25,34.75,0.0108915
-12.75,34.75,0.0113947
-12.25,34.75,0.011898
-11.75,34.75,0.0124013
-11.25,34.75,0.0129046
-10.75,34.75,0.0133643
-10.25,34.75,0.0138241
-9.75,34.75,0.0142838
-9.25,34.75,0.0147436
-8.75,34.75,0.0152033
-8.25,34.75,0.0157083
-7.75,34.75,0.0162134
-7.25,34.75,0.0167184
-6.75,34.75,0.0172235
-6.25,34.75,0.0177285
-5.75,34.75,0.0182846
-5.25,34.75,0.0188407
-4.75,34.75,0.0193967
-4.25,34.75,0.0199528
-3.75,34.75,0.0205089
-3.25,34.75,0.0210995
-2.75,34.75,0.0216901
-2.25,34.75,0.0222807
-1.75,34.75,0.0228713
-1.25,34.75,0.0234619
-0.75,34.75,0.0241316
-0.25,34.75,0.0248012
0.25,34.75,0.0254709
0.75,34.75,0.0261406
1.25,34.75,0.0268103
1.75,34.75,0.0275334
2.25,34.75,0.0282566
2.75,34.75,0.0289798
3.25,34.75,0.029703
3.75,34.75,0.0304262
4.25,34.75,0.0310171
4.75,34.75,0.0316081
5.25,34.75,0.032199
5.75,34.75,0.03279
6.25,34.75,0.0333809
6.75,34.75,0.033683
7.25,34.75,0.033985
7.75,34.75,0.034287
8.25,34.75,0.034589
8.75,34.75,0.034891
9.25,34.75,0.0347547
9.75,34.75,0.0346183
10.25,34.75,0.034482
10.75,34.75,0.0343456
11.25,34.75,0.0342093
11.75,34.75,0.033624
12.25,34.75,0.0330388
12.75,34.75,0.0324535
13.25,34.75,0.0318683
13.75,34.75,0.0312831
14.25,34.75,0.0303506
14.75,34.75,0.0294181
15.25,34.75,0.0284856
15.75,34.75,0.0275531
16.25,34.75,0.0266206
16.75,34.75,0.025525
17.25,34.75,0.0244295
17.75,34.75,0.023334
18.25,34.75,0.0222384
18.75,34.75,0.0211429
19.25,34.75,0.0201145
19.75,34.75,0.019086
20.25,34.75,0.0180576
20.75,34.75,0.0170292
21.25,34.75,0.0160008
21.75,34.75,0.0151325
22.25,34.75,0.0142643
22.75,34.75,0.0133961
23.25,34.75,0.0125279
23.75,34.75,0.0116596
24.25,34.75,0.0109804
24.75,34.75,0.0103012
25.25,34.75,0.00962198
25.75,34.75,0.00894277
26.25,34.75,0.00826355
26.75,34.75,0.00776442
27.25,34.75,0.00726528
27.75,34.75,0.00676614
28.25,34.75,0.00626701
28.75,34.75,0.00576787
29.25,34.75,0.00540959
29.75,34.75,0.00505131
30.25,34.75,0.00469303
30.75,34.75,0.00433475
31.25,34.75,0.00397648
31.75,34.75,0.00373571
32.25,34.75,0.00349495
32.75,34.75,0.00325418
33.25,34.75,0.00301342
33.75,34.75,0.00277265
34.25,34.75,0.00260352
34.75,34.75,0.00243438
35.25,34.75,0.00226525
35.75,34.75,0.00209611
36.25,34.75,0.00192698
36.75,34.75,0.00180952
37.25,34.75,0.00169206
37.75,34.75,0.0015746
38.25,34.75,0.00145714
38.75,34.75,0.00133968
39.25,34.75,0.00125671
39.75,34.75,0.00117373
40.25,34.75,0.00109076
40.75,34.75,0.00100779
41.25,34.75,0.000924814
41.75,34.75,0.000871263
42.25,34.75,0.000817712
42.75,34.75,0.000764161
43.25,34.75,0.000710609
43.75,34.75,0.000657058
44.25,34.75,0.000657058
44.75,34.75,0.000657058
-44.75,35.25,0.000456382
-44.25,35.25,0.000456382
-43.75,35.25,0.000456382
-43.25,35.25,0.000457484
-42.75,35.25,0.000458585
-42.25,35.25,0.000459686
-41.75,35.25,0.000460787
-41.25,35.25,0.000461889
-40.75,35.25,0.000464665
-40.25,35.25,0.000467442
-39.75,35.25,0.000470218
-39.25,35.25,0.000472995
-38.75,35.25,0.000475771
-38.25,35.25,0.000482642
-37.75,35.25,0.000489514
-37.25,35.25,0.000496385
-36.75,35.25,0.000503256
-36.25,35.25,0.000510127
-35.75,35.25,0.000531959
-35.25,35.25,0.000553792
-34.75,35.25,0.000575624
-34.25,35.25,0.000597456
-33.75,35.25,0.000619288
-33.25,35.25,0.000654143
-32.75,35.25,0.000688998
-32.25,35.25,0.000723853
-31.75,35.25,0.000758709
-31.25,35.25,0.000793564
-30.75,35.25,0.000851479
-30.25,35.25,0.000909393
-29.75,35.25,0.000967308
-29.25,35.25,0.00102522
-28.75,35.25,0.00108314
-28.25,35.25,0.00117953
-27.75,35.25,0.00127592
-27.25,35.25,0.00137231
-26.75,35.25,0.0014687
-26.25,35.25,0.00156509
-25.75,35.25,0.0017234
-25.25,35.25,0.00188172
-24.75,35.25,0.00204003
-24.25,35.25,0.00219835
-23.75,35.25,0.00235666
-23.25,35.25,0.00258998
-22.75,35.25,0.0028233
-22.25,35.25,0.00305663
-21.75,35.25,0.00328995
-21.25,35.25,0.00352327
-20.75,35.25,0.00382968
-20.25,35.25,0.00413609
-19.75,35.25,0.0044425
-19.25,35.25,0.00474891
-18.75,35.25,0.00505532
-18.25,35.25,0.00542645
-17.75,35.25,0.00579757
-17.25,35.25,0.0061687
-16.75,35.25,0.00653982
-16.25,35.25,0.00691094
-15.75,35.25,0.00730237
-15.25,35.25,0.0076938
-14.75,35.25,0.00808523
-14.25,35.25,0.00847666
-13.75,35.25,0.00886808
-13.25,35.25,0.00930981
-12.75,35.25,0.00975153
-12.25,35.25,0.0101933
-11.75,35.25,0.010635
-11.25,35.25,0.0110767
-10.75,35.25,0.0114865
-10.25,35.25,0.0118963
-9.75,35.25,0.0123061
-9.25,35.25,0.0127159
-8.75,35.25,0.0131257
-8.25,35.25,0.0135697
-7.75,35.25,0.0140136
-7.25,35.25,0.0144576
-6.75,35.25,0.0149016
-6.25,35.25,0.0153455
-5.75,35.25,0.01583
-5.25,35.25,0.0163146
-4.75,35.25,0.0167991
-4.25,35.25,0.0172836
-3.75,35.25,0.0177681
-3.25,35.25,0.0182825
-2.75,35.25,0.0187969
-2.25,35.25,0.0193113
-1.75,35.25,0.0198257
-1.25,35.25,0.0203401
-0.75,35.25,0.0209214
-0.25,35.25,0.0215028
0.25,35.25,0.0220841
0.75,35.25,0.0226654
1.25,35.25,0.0232467
1.75,35.25,0.0238768
2.25,35.25,0.0245069
2.75,35.25,0.0251371
3.25,35.25,0.0257672
3.75,35.25,0.0263973
4.25,35.25,0.0269182
4.75,35.25,0.0274392
5.25,35.25,0.0279601
5.75,35.25,0.0284811
6.25,35.25,0.029002
6.75,35.25,0.0292629
7.25,35.25,0.0295238
7.75,35.25,0.0297847
8.25,35.25,0.0300456
8.75,35.25,0.0303065
9.25,35.25,0.0301884
9.75,35.25,0.0300703
10.25,35.25,0.0299523
10.75,35.25,0.0298342
11.25,35.25,0.0297161
11.75,35.25,0.0292037
12.25,35.25,0.0286913
12.75,35.25,0.0281789
13.25,35.25,0.0276665
13.75,35.25,0.0271541
14.25,35.25,0.0263321
14.75,35.25,0.0255101
15.25,35.25,0.0246881
15.75,35.25,0.0238662
16.25,35.25,0.0230442
16.75,35.25,0.0220995
17.25,35.25,0.0211549
17.75,35.25,0.0202103
18.25,35.25,0.0192656
18.75,35.25,0.018321
19.25,35.25,0.0174324
19.75,35.25,0.0165439
20.25,35.25,0.0156554
20.75,35.25,0.0147668
21.25,35.25,0.0138783
21.75,35.25,0.0131357
22.25,35.25,0.0123931
22.75,35.25,0.0116505
23.25,35.25,0.0109079
23.75,35.25,0.0101653
24.25,35.25,0.0095852
24.75,35.25,0.00900515
25.25,35.25,0.00842509
25.75,35.25,0.00784503
26.25,35.25,0.00726498
26.75,35.25,0.00684001
27.25,35.25,0.00641505
27.75,35.25,0.00599009
28.25,35.25,0.00556512
28.75,35.25,0.00514016
29.25,35.25,0.0048282
29.75,35.25,0.00451623
30.25,35.25,0.00420427
30.75,35.25,0.0038923
31.25,35.25,0.00358034
31.75,35.25,0.00336965
32.25,35.25,0.00315896
32.75,35.25,0.00294828
33.25,35.25,0.00273759
33.75,35.25,0.0025269
34.25,35.25,0.00237483
34.75,35.25,0.00222276
35.25,35.25,0.00207068
35.75,35.25,0.00191861
36.25,35.25,0.00176654
36.75,35.25,0.00166383
37.25,35.25,0.00156112
37.75,35.25,0.00145841
38.25,35.25,0.0013557
38.75,35.25,0.00125299
39.25,35.25,0.00117601
39.75,35.25,0.00109903
40.25,35.25,0.00102204
40.75,35.25,0.000945061
41.25,35.25,0.000868078
41.75,35.25,0.000818373
42.25,35.25,0.000768668
42.75,35.25,0.000718963
43.25,35.25,0.000669259
43.75,35.25,0.000619554
44.25,35.25,0.000619554
44.75,35.25,0.000619554
-44.75,35.75,0.000466946
-44.25,35.75,0.000466946
-43.75,35.75,0.000466946
-43.25,35.75,0.000465968
-42.75,35.75,0.000464991
-42.25,35.75,0.000464013
-41.75,35.75,0.000463036
-41.25,35.75,0.000462058
-40.75,35.75,0.000461911
-40.25,35.75,0.000461763
-39.75,35.75,0.000461615
-39.25,35.75,0.000461468
-38.75,35.75,0.00046132
-38.25,35.75,0.000463347
-37.75,35.75,0.000465373
-37.25,35.75,0.0004674
-36.75,35.75,0.000469426
-36.25,35.75,0.000471453
-35.75,35.75,0.000490849
-35.25,35.75,0.000510246
-34.75,35.75,0.000529642
-34.25,35.75,0.000549039
-33.75,35.75,0.000568435
-33.25,35.75,0.00059781
-32.75,35.75,0.000627185
-32.25,35.75,0.00065656
-31.75,35.75,0.000685934
-31.25,35.75,0.000715309
-30.75,35.75,0.000761822
-30.25,35.75,0.000808334
-29.75,35.75,0.000854847
-29.25,35.75,0.000901359
-28.75,35.75,0.000947872
-28.25,35.75,0.00102408
-27.75,35.75,0.00110029
-27.25,35.75,0.00117649
-26.75,35.75,0.0012527
-26.25,35.75,0.00132891
-25.75,35.75,0.00145424
-25.25,35.75,0.00157957
-24.75,35.75,0.0017049
-24.25,35.75,0.00183023
-23.75,35.75,0.00195557
-23.25,35.75,0.00213959
-22.75,35.75,0.00232362
-22.25,35.75,0.00250764
-21.75,35.75,0.00269167
-21.25,35.75,0.00287569
-20.75,35.75,0.00312169
-20.25,35.75,0.00336769
-19.75,35.75,0.0036137
-19.25,35.75,0.0038597
-18.75,35.75,0.0041057
-18.25,35.75,0.00441426
-17.75,35.75,0.00472282
-17.25,35.75,0.00503138
-16.75,35.75,0.00533994
-16.25,35.75,0.00564851
-15.75,35.75,0.0059884
-15.25,35.75,0.0063283
-14.75,35.75,0.0066682
-14.25,35.75,0.0070081
-13.75,35.75,0.007348
-13.25,35.75,0.00772816
-12.75,35.75,0.00810831
-12.25,35.75,0.00848847
-11.75,35.75,0.00886863
-11.25,35.75,0.00924879
-10.75,35.75,0.00960865
-10.25,35.75,0.00996851
-9.75,35.75,0.0103284
-9.25,35.75,0.0106882
-8.75,35.75,0.0110481
-8.25,35.75,0.011431
-7.75,35.75,0.0118139
-7.25,35.75,0.0121968
-6.75,35.75,0.0125796
-6.25,35.75,0.0129625
-5.75,35.75,0.0133755
-5.25,35.75,0.0137884
-4.75,35.75,0.0142014
-4.25,35.75,0.0146143
-3.75,35.75,0.0150273
-3.25,35.75,0.0154655
-2.75,35.75,0.0159037
-2.25,35.75,0.0163419
-1.75,35.75,0.0167802
-1.25,35.75,0.0172184
-0.75,35.75,0.0177113
-0.25,35.75,0.0182043
0.25,35.75,0.0186972
0.75,35.75,0.0191902
1.25,35.75,0.0196831
1.75,35.75,0.0202202
2.25,35.75,0.0207573
2.75,35.75,0.0212943
3.25,35.75,0.0218314
3.75,35.75,0.0223684
4.25,35.75,0.0228194
4.75,35.75,0.0232703
5.25,35.75,0.0237212
5.75,35.75,0.0241721
6.25,35.75,0.0246231
6.75,35.75,0.0248429
7.25,35.75,0.0250626
7.75,35.75,0.0252824
8.25,35.75,0.0255022
8.75,35.75,0.0257219
9.25,35.75,0.0256221
9.75,35.75,0.0255224
10.25,35.75,0.0254226
10.75,35.75,0.0253228
11.25,35.75,0.025223
11.75,35.75,0.0247834
12.25,35.75,0.0243439
12.75,35.75,0.0239043
13.25,35.75,0.0234647
13.75,35.75,0.0230251
14.25,35.75,0.0223137
14.75,35.75,0.0216022
15.25,35.75,0.0208907
15.75,35.75,0.0201793
16.25,35.75,0.0194678
16.75,35.75,0.018674
17.25,35.75,0.0178803
17.75,35.75,0.0170865
18.25,35.75,0.0162928
18.75,35.75,0.0154991
19.25,35.75,0.0147504
19.75,35.75,0.0140018
20.25,35.75,0.0132531
20.75,35.75,0.0125045
21.25,35.75,0.0117559
21.75,35.75,0.0111389
22.25,35.75,0.0105219
22.75,35.75,0.00990488
23.25,35.75,0.00928789
23.75,35.75,0.00867089
24.25,35.75,0.00818999
24.75,35.75,0.0077091
25.25,35.75,0.0072282
25.75,35.75,0.0067473
26.25,35.75,0.0062664
26.75,35.75,0.00591561
27.25,35.75,0.00556482
27.75,35.75,0.00521403
28.25,35.75,0.00486324
28.75,35.75,0.00451245
29.25,35.75,0.0042468
29.75,35.75,0.00398115
30.25,35.75,0.0037155
30.75,35.75,0.00344985
31.25,35.75,0.0031842
31.75,35.75,0.00300359
32.25,35.75,0.00282298
32.75,35.75,0.00264237
33.25,35.75,0.00246176
33.75,35.75,0.00228115
34.25,35.75,0.00214614
34.75,35.75,0.00201113
35.25,35.75,0.00187612
35.75,35.75,0.00174111
36.25,35.75,0.0016061
36.75,35.75,0.00151814
37.25,35.75,0.00143018
37.75,35.75,0.00134222
38.25,35.75,0.00125427
38.75,35.75,0.00116631
39.25,35.75,0.00109531
39.75,35.75,0.00102432
40.25,35.75,0.000953327
40.75,35.75,0.000882334
41.25,35.75,0.000811341
41.75,35.75,0.000765483
42.25,35.75,0.000719625
42.75,35.75,0.000673766
43.25,35.75,0.000627908
43.75,35.75,0.000582049
44.25,35.75,0.000582049
44.75,35.75,0.000582049
-44.75,36.25,0.00047751
-44.25,36.25,0.00047751
-43.75,36.25,0.00047751
-43.25,36.25,0.000474453
-42.75,36.25,0.000471397
-42.25,36.25,0.000468341
-41.75,36.25,0.000465285
-41.25,36.25,0.000462228
-40.75,36.25,0.000459156
-40.25,36.25,0.000456084
-39.75,36.25,0.000453013
-39.25,36.25,0.000449941
-38.75,36.25,0.000446869
-38.25,36.25,0.000444051
-37.75,36.25,0.000441233
-37.25,36.25,0.000438415
-36.75,36.25,0.000435596
-36.25,36.25,0.000432778
-35.75,36.25,0.000449739
-35.25,36.25,0.0004667
-34.75,36.25,0.000483661
-34.25,36.25,0.000500622
-33.75,36.25,0.000517583
-33.25,36.25,0.000541477
-32.75,36.25,0.000565371
-32.25,36.25,0.000589266
-31.75,36.25,0.00061316
-31.25,36.25,0.000637054
-30.75,36.25,0.000672165
-30.25,36.25,0.000707275
-29.75,36.25,0.000742386
-29.25,36.25,0.000777496
-28.75,36.25,0.000812606
-28.25,36.25,0.00086863
-27.75,36.25,0.000924653
-27.25,36.25,0.000980677
-26.75,36.25,0.0010367
-26.25,36.25,0.00109272
-25.75,36.25,0.00118507
-25.25,36.25,0.00127742
-24.75,36.25,0.00136977
-24.25,36.25,0.00146212
-23.75,36.25,0.00155447
-23.25,36.25,0.0016892
-22.75,36.25,0.00182393
-22.25,36.25,0.00195866
-21.75,36.25,0.00209338
-21.25,36.25,0.00222811
-20.75,36.25,0.00241371
-20.25,36.25,0.0025993
-19.75,36.25,0.00278489
-19.25,36.25,0.00297048
-18.75,36.25,0.00315608
-18.25,36.25,0.00340208
-17.75,36.25,0.00364807
-17.25,36.25,0.00389407
-16.75,36.25,0.00414007
-16.25,36.25,0.00438607
-15.75,36.25,0.00467444
-15.25,36.25,0.0049628
-14.75,36.25,0.00525117
-14.25,36.25,0.00553954
-13.75,36.25,0.00582791
-13.25,36.25,0.00614651
-12.75,36.25,0.0064651
-12.25,36.25,0.00678369
-11.75,36.25,0.00710228
-11.25,36.25,0.00742088
-10.75,36.25,0.0077308
-10.25,36.25,0.00804072
-9.75,36.25,0.00835064
-9.25,36.25,0.00866056
-8.75,36.25,0.00897048
-8.25,36.25,0.00929229
-7.75,36.25,0.0096141
-7.25,36.25,0.00993591
-6.75,36.25,0.0102577
-6.25,36.25,0.0105795
-5.75,36.25,0.0109209
-5.25,36.25,0.0112623
-4.75,36.25,0.0116037
-4.25,36.25,0.0119451
-3.75,36.25,0.0122865
-3.25,36.25,0.0126485
-2.75,36.25,0.0130105
-2.25,36.25,0.0133726
-1.75,36.25,0.0137346
-1.25,36.25,0.0140966
-0.75,36.25,0.0145012
-0.25,36.25,0.0149058
0.25,36.25,0.0153104
0.75,36.25,0.015715
1.25,36.25,0.0161196
1.75,36.25,0.0165636
2.25,36.25,0.0170076
2.75,36.25,0.0174516
3.25,36.25,0.0178956
3.75,36.25,0.0183396
4.25,36.25,0.0187205
4.75,36.25,0.0191014
5.25,36.25,0.0194823
5.75,36.25,0.0198632
6.25,36.25,0.0202442
6.75,36.25,0.0204228
7.25,36.25,0.0206014
7.75,36.25,0.0207801
8.25,36.25,0.0209587
8.75,36.25,0.0211374
9.25,36.25,0.0210559
9.75,36.25,0.0209744
10.25,36.25,0.0208929
10.75,36.25,0.0208114
11.25,36.25,0.0207298
11.75,36.25,0.0203631
12.25,36.25,0.0199964
12.75,36.25,0.0196296
13.25,36.25,0.0192629
13.75,36.25,0.0188962
14.25,36.25,0.0182952
14.75,36.25,0.0176943
15.25,36.25,0.0170933
15.75,36.25,0.0164923
16.25,36.25,0.0158914
16.75,36.25,0.0152485
17.25,36.25,0.0146057
17.75,36.25,0.0139628
18.25,36.25,0.01332
18.75,36.25,0.0126771
19.25,36.25,0.0120684
19.75,36.25,0.0114596
20.25,36.25,0.0108509
20.75,36.25,0.0102421
21.25,36.25,0.0096334
21.75,36.25,0.00914202
22.25,36.25,0.00865065
22.75,36.25,0.00815928
23.25,36.25,0.0076679
23.75,36.25,0.00717653
24.25,36.25,0.00679479
24.75,36.25,0.00641305
25.25,36.25,0.0060313
25.75,36.25,0.00564956
26.25,36.25,0.00526782
26.75,36.25,0.00499121
27.25,36.25,0.00471459
27.75,36.25,0.00443798
28.25,36.25,0.00416136
28.75,36.25,0.00388475
29.25,36.25,0.00366541
29.75,36.25,0.00344608
30.25,36.25,0.00322674
30.75,36.25,0.0030074
31.25,36.25,0.00278807
31.75,36.25,0.00263753
32.25,36.25,0.002487
32.75,36.25,0.00233646
33.25,36.25,0.00218593
33.75,36.25,0.00203539
34.25,36.25,0.00191745
34.75,36.25,0.0017995
35.25,36.25,0.00168156
35.75,36.25,0.00156361
36.25,36.25,0.00144567
36.75,36.25,0.00137246
37.25,36.25,0.00129925
37.75,36.25,0.00122604
38.25,36.25,0.00115283
38.75,36.25,0.00107962
39.25,36.25,0.00101462
39.75,36.25,0.000949613
40.25,36.25,0.000884611
40.75,36.25,0.000819608
41.25,36.25,0.000754605
41.75,36.25,0.000712593
42.25,36.25,0.000670581
42.75,36.25,0.000628569
43.25,36.25,0.000586557
43.75,36.25,0.000544545
44.25,36.25,0.000544545
44.75,36.25,0.000544545
-44.75,36.75,0.000550794
-44.25,36.75,0.000550794
-43.75,36.75,0.000550794
-43.25,36.75,0.000544546
-42.75,36.75,0.000538297
-42.25,36.75,0.000532049
-41.75,36.75,0.0005258
-41.25,36.75,0.000519552
-40.75,36.75,0.000508317
-40.25,36.75,0.000497083
-39.75,36.75,0.000485848
-39.25,36.75,0.000474613
-38.75,36.75,0.000463379
-38.25,36.75,0.000456744
-37.75,36.75,0.000450109
-37.25,36.75,0.000443473
-36.75,36.75,0.000436838
-36.25,36.75,0.000430203
-35.75,36.75,0.000443278
-35.25,36.75,0.000456352
-34.75,36.75,0.000469427
-34.25,36.75,0.000482501
-33.75,36.75,0.000495576
-33.25,36.75,0.000517291
-32.75,36.75,0.000539006
-32.25,36.75,0.000560721
-31.75,36.75,0.000582435
-31.25,36.75,0.00060415
-30.75,36.75,0.000635017
-30.25,36.75,0.000665883
-29.75,36.75,0.000696749
-29.25,36.75,0.000727615
-28.75,36.75,0.000758481
-28.25,36.75,0.00080799
-27.75,36.75,0.000857499
-27.25,36.75,0.000907008
-26.75,36.75,0.000956517
-26.25,36.75,0.00100603
-25.75,36.75,0.0010865
-25.25,36.75,0.00116696
-24.75,36.75,0.00124743
-24.25,36.75,0.0013279
-23.75,36.75,0.00140837
-23.25,36.75,0.00152638
-22.75,36.75,0.00164438
-22.25,36.75,0.00176239
-21.75,36.75,0.00188039
-21.25,36.75,0.0019984
-20.75,36.75,0.00216036
-20.25,36.75,0.00232232
-19.75,36.75,0.00248427
-19.25,36.75,0.00264623
-18.75,36.75,0.00280819
-18.25,36.75,0.00302396
-17.75,36.75,0.00323973
-17.25,36.75,0.00345549
-16.75,36.75,0.00367126
-16.25,36.75,0.00388703
-15.75,36.75,0.00414022
-15.25,36.75,0.00439342
-14.75,36.75,0.00464661
-14.25,36.75,0.00489981
-13.75,36.75,0.005153
-13.25,36.75,0.00543525
-12.75,36.75,0.00571749
-12.25,36.75,0.00599974
-11.75,36.75,0.00628199
-11.25,36.75,0.00656423
-10.75,36.75,0.00683649
-10.25,36.75,0.00710876
-9.75,36.75,0.00738102
-9.25,36.75,0.00765328
-8.75,36.75,0.00792554
-8.25,36.75,0.00821336
-7.75,36.75,0.00850117
-7.25,36.75,0.00878899
-6.75,36.75,0.0090768
-6.25,36.75,0.00936462
-5.75,36.75,0.00966706
-5.25,36.75,0.0099695
-4.75,36.75,0.0102719
-4.25,36.75,0.0105744
-3.75,36.75,0.0108768
-3.25,36.75,0.0111991
-2.75,36.75,0.0115214
-2.25,36.75,0.0118436
-1.75,36.75,0.0121659
-1.25,36.75,0.0124882
-0.75,36.75,0.0128486
-0.25,36.75,0.013209
0.25,36.75,0.0135694
0.75,36.75,0.0139299
1.25,36.75,0.0142903
1.75,36.75,0.0146789
2.25,36.75,0.0150676
2.75,36.75,0.0154563
3.25,36.75,0.0158449
3.75,36.75,0.0162336
4.25,36.75,0.0165653
4.75,36.75,0.016897
5.25,36.75,0.0172287
5.75,36.75,0.0175604
6.25,36.75,0.0178921
6.75,36.75,0.0180552
7.25,36.75,0.0182183
7.75,36.75,0.0183814
8.25,36.75,0.0185445
8.75,36.75,0.0187076
9.25,36.75,0.0186366
9.75,36.75,0.0185655
10.25,36.75,0.0184945
10.75,36.75,0.0184234
11.25,36.75,0.0183524
11.75,36.75,0.0180295
12.25,36.75,0.0177067
12.75,36.75,0.0173838
13.25,36.75,0.017061
13.75,36.75,0.0167381
14.25,36.75,0.0162155
14.75,36.75,0.0156929
15.25,36.75,0.0151703
15.75,36.75,0.0146477
16.25,36.75,0.014125
16.75,36.75,0.0135614
17.25,36.75,0.0129978
17.75,36.75,0.0124342
18.25,36.75,0.0118706
18.75,36.75,0.0113069
19.25,36.75,0.0107732
19.75,36.75,0.0102395
20.25,36.75,0.00970583
20.75,36.75,0.00917212
21.25,36.75,0.00863842
21.75,36.75,0.00820722
22.25,36.75,0.00777603
22.75,36.75,0.00734483
23.25,36.75,0.00691364
23.75,36.75,0.00648244
24.25,36.75,0.00614704
24.75,36.75,0.00581164
25.25,36.75,0.00547624
25.75,36.75,0.00514084
26.25,36.75,0.00480544
26.75,36.75,0.00455866
27.25,36.75,0.00431187
27.75,36.75,0.00406509
28.25,36.75,0.0038183
28.75,36.75,0.00357151
29.25,36.75,0.00337153
29.75,36.75,0.00317155
30.25,36.75,0.00297157
30.75,36.75,0.00277158
31.25,36.75,0.0025716
31.75,36.75,0.00243735
32.25,36.75,0.00230309
32.75,36.75,0.00216884
33.25,36.75,0.00203458
33.75,36.75,0.00190033
34.25,36.75,0.00179339
34.75,36.75,0.00168645
35.25,36.75,0.00157952
35.75,36.75,0.00147258
36.25,36.75,0.00136564
36.75,36.75,0.00129697
37.25,36.75,0.0012283
37.75,36.75,0.00115963
38.25,36.75,0.00109095
38.75,36.75,0.00102228
39.25,36.75,0.000962671
39.75,36.75,0.000903062
40.25,36.75,0.000843452
40.75,36.75,0.000783843
41.25,36.75,0.000724234
41.75,36.75,0.000683773
42.25,36.75,0.000643313
42.75,36.75,0.000602852
43.25,36.75,0.000562392
43.75,36.75,0.000521931
44.25,36.75,0.000521931
44.75,36.75,0.000521931
-44.75,37.25,0.000624079
-44.25,37.25,0.000624079
-43.75,37.25,0.000624079
-43.25,37.25,0.000614638
-42.75,37.25,0.000605197
-42.25,37.25,0.000595757
-41.75,37.25,0.000586316
-41.25,37.25,0.000576876
-40.75,37.25,0.000557478
-40.25,37.25,0.000538081
-39.75,37.25,0.000518684
-39.25,37.25,0.000499286
-38.75,37.25,0.000479889
-38.25,37.25,0.000469437
-37.75,37.25,0.000458984
-37.25,37.25,0.000448532
-36.75,37.25,0.00043808
-36.25,37.25,0.000427628
-35.75,37.25,0.000436816
-35.25,37.25,0.000446004
-34.75,37.25,0.000455193
-34.25,37.25,0.000464381
-33.75,37.25,0.000473569
-33.25,37.25,0.000493105
-32.75,37.25,0.00051264
-32.25,37.25,0.000532175
-31.75,37.25,0.000551711
-31.25,37.25,0.000571246
-30.75,37.25,0.000597868
-30.25,37.25,0.00062449
-29.75,37.25,0.000651112
-29.25,37.25,0.000677734
-28.75,37.25,0.000704356
-28.25,37.25,0.00074735
-27.75,37.25,0.000790345
-27.25,37.25,0.000833339
-26.75,37.25,0.000876333
-26.25,37.25,0.000919328
-25.75,37.25,0.000987917
-25.25,37.25,0.00105651
-24.75,37.25,0.0011251
-24.25,37.25,0.00119369
-23.75,37.25,0.00126228
-23.25,37.25,0.00136356
-22.75,37.25,0.00146484
-22.25,37.25,0.00156612
-21.75,37.25,0.0016674
-21.25,37.25,0.00176868
-20.75,37.25,0.001907
-20.25,37.25,0.00204533
-19.75,37.25,0.00218366
-19.25,37.25,0.00232198
-18.75,37.25,0.00246031
-18.25,37.25,0.00264585
-17.75,37.25,0.00283138
-17.25,37.25,0.00301692
-16.75,37.25,0.00320245
-16.25,37.25,0.00338799
-15.75,37.25,0.00360601
-15.25,37.25,0.00382403
-14.75,37.25,0.00404205
-14.25,37.25,0.00426007
-13.75,37.25,0.00447809
-13.25,37.25,0.00472399
-12.75,37.25,0.00496989
-12.25,37.25,0.00521579
-11.75,37.25,0.00546169
-11.25,37.25,0.00570759
-10.75,37.25,0.00594219
-10.25,37.25,0.00617679
-9.75,37.25,0.0064114
-9.25,37.25,0.006646
-8.75,37.25,0.0068806
-8.25,37.25,0.00713442
-7.75,37.25,0.00738824
-7.25,37.25,0.00764206
-6.75,37.25,0.00789588
-6.25,37.25,0.0081497
-5.75,37.25,0.00841319
-5.25,37.25,0.00867669
-4.75,37.25,0.00894018
-4.25,37.25,0.00920367
-3.75,37.25,0.00946717
-3.25,37.25,0.00974968
-2.75,37.25,0.0100322
-2.25,37.25,0.0103147
-1.75,37.25,0.0105972
-1.25,37.25,0.0108797
-0.75,37.25,0.011196
-0.25,37.25,0.0115122
0.25,37.25,0.0118285
0.75,37.25,0.0121447
1.25,37.25,0.012461
1.75,37.25,0.0127943
2.25,37.25,0.0131276
2.75,37.25,0.013461
3.25,37.25,0.0137943
3.75,37.25,0.0141276
4.25,37.25,0.0144101
4.75,37.25,0.0146926
5.25,37.25,0.0149751
5.75,37.25,0.0152576
6.25,37.25,0.0155401
6.75,37.25,0.0156877
7.25,37.25,0.0158352
7.75,37.25,0.0159828
8.25,37.25,0.0161303
8.75,37.25,0.0162779
9.25,37.25,0.0162173
9.75,37.25,0.0161567
10.25,37.25,0.0160961
10.75,37.25,0.0160355
11.25,37.25,0.0159749
11.75,37.25,0.0156959
12.25,37.25,0.015417
12.75,37.25,0.015138
13.25,37.25,0.0148591
13.75,37.25,0.0145801
14.25,37.25,0.0141358
14.75,37.25,0.0136915
15.25,37.25,0.0132473
15.75,37.25,0.012803
16.25,37.25,0.0123587
16.75,37.25,0.0118743
17.25,37.25,0.0113899
17.75,37.25,0.0109055
18.25,37.25,0.0104212
18.75,37.25,0.00993677
19.25,37.25,0.0094781
19.75,37.25,0.00901943
20.25,37.25,0.00856077
20.75,37.25,0.0081021
21.25,37.25,0.00764343
21.75,37.25,0.00727242
22.25,37.25,0.0069014
22.75,37.25,0.00653039
23.25,37.25,0.00615938
23.75,37.25,0.00578836
24.25,37.25,0.0054993
24.75,37.25,0.00521024
25.25,37.25,0.00492118
25.75,37.25,0.00463212
26.25,37.25,0.00434307
26.75,37.25,0.00412611
27.25,37.25,0.00390915
27.75,37.25,0.00369219
28.25,37.25,0.00347524
28.75,37.25,0.00325828
29.25,37.25,0.00307765
29.75,37.25,0.00289702
30.25,37.25,0.00271639
30.75,37.25,0.00253576
31.25,37.25,0.00235514
31.75,37.25,0.00223716
32.25,37.25,0.00211919
32.75,37.25,0.00200121
33.25,37.25,0.00188324
33.75,37.25,0.00176526
34.25,37.25,0.00166933
34.75,37.25,0.00157341
35.25,37.25,0.00147748
35.75,37.25,0.00138155
36.25,37.25,0.00128562
36.75,37.25,0.00122149
37.25,37.25,0.00115735
37.75,37.25,0.00109321
38.25,37.25,0.00102908
38.75,37.25,0.000964941
39.25,37.25,0.000910726
39.75,37.25,0.00085651
40.25,37.25,0.000802294
40.75,37.25,0.000748079
41.25,37.25,0.000693863
41.75,37.25,0.000654954
42.25,37.25,0.000616044
42.75,37.25,0.000577135
43.25,37.25,0.000538226
43.75,37.25,0.000499317
44.25,37.25,0.000499317
44.75,37.25,0.000499317
-44.75,37.75,0.000697363
-44.25,37.75,0.000697363
-43.75,37.75,0.000697363
-43.25,37.75,0.00068473
-42.75,37.75,0.000672098
-42.25,37.75,0.000659465
-41.75,37.75,0.000646832
-41.25,37.75,0.000634199
-40.75,37.75,0.000606639
-40.25,37.75,0.000579079
-39.75,37.75,0.000551519
-39.25,37.75,0.000523959
-38.75,37.75,0.000496399
-38.25,37.75,0.00048213
-37.75,37.75,0.00046786
-37.25,37.75,0.000453591
-36.75,37.75,0.000439322
-36.25,37.75,0.000425053
-35.75,37.75,0.000430354
-35.25,37.75,0.000435656
-34.75,37.75,0.000440958
-34.25,37.75,0.00044626
-33.75,37.75,0.000451562
-33.25,37.75,0.000468918
-32.75,37.75,0.000486274
-32.25,37.75,0.00050363
-31.75,37.75,0.000520986
-31.25,37.75,0.000538342
-30.75,37.75,0.00056072
-30.25,37.75,0.000583098
-29.75,37.75,0.000605475
-29.25,37.75,0.000627853
-28.75,37.75,0.000650231
-28.25,37.75,0.000686711
-27.75,37.75,0.00072319
-27.25,37.75,0.00075967
-26.75,37.75,0.00079615
-26.25,37.75,0.00083263
-25.75,37.75,0.000889339
-25.25,37.75,0.000946049
-24.75,37.75,0.00100276
-24.25,37.75,0.00105947
-23.75,37.75,0.00111618
-23.25,37.75,0.00120073
-22.75,37.75,0.00128529
-22.25,37.75,0.00136985
-21.75,37.75,0.0014544
-21.25,37.75,0.00153896
-20.75,37.75,0.00165365
-20.25,37.75,0.00176835
-19.75,37.75,0.00188304
-19.25,37.75,0.00199773
-18.75,37.75,0.00211243
-18.25,37.75,0.00226773
-17.75,37.75,0.00242304
-17.25,37.75,0.00257834
-16.75,37.75,0.00273364
-16.25,37.75,0.00288895
-15.75,37.75,0.00307179
-15.25,37.75,0.00325464
-14.75,37.75,0.00343748
-14.25,37.75,0.00362033
-13.75,37.75,0.00380318
-13.25,37.75,0.00401273
-12.75,37.75,0.00422228
-12.25,37.75,0.00443183
-11.75,37.75,0.00464139
-11.25,37.75,0.00485094
-10.75,37.75,0.00504789
-10.25,37.75,0.00524483
-9.75,37.75,0.00544177
-9.25,37.75,0.00563872
-8.75,37.75,0.00583566
-8.25,37.75,0.00605549
-7.75,37.75,0.00627531
-7.25,37.75,0.00649513
-6.75,37.75,0.00671496
-6.25,37.75,0.00693478
-5.75,37.75,0.00715933
-5.25,37.75,0.00738387
-4.75,37.75,0.00760842
-4.25,37.75,0.00783296
-3.75,37.75,0.00805751
-3.25,37.75,0.00830027
-2.75,37.75,0.00854302
-2.25,37.75,0.00878578
-1.75,37.75,0.00902854
-1.25,37.75,0.0092713
-0.75,37.75,0.00954337
-0.25,37.75,0.00981545
0.25,37.75,0.0100875
0.75,37.75,0.0103596
1.25,37.75,0.0106317
1.75,37.75,0.0109097
2.25,37.75,0.0111877
2.75,37.75,0.0114656
3.25,37.75,0.0117436
3.75,37.75,0.0120216
4.25,37.75,0.0122549
4.75,37.75,0.0124882
5.25,37.75,0.0127215
5.75,37.75,0.0129548
6.25,37.75,0.0131881
6.75,37.75,0.0133201
7.25,37.75,0.0134521
7.75,37.75,0.0135841
8.25,37.75,0.0137161
8.75,37.75,0.0138481
9.25,37.75,0.013798
9.75,37.75,0.0137479
10.25,37.75,0.0136977
10.75,37.75,0.0136476
11.25,37.75,0.0135974
11.75,37.75,0.0133624
12.25,37.75,0.0131273
12.75,37.75,0.0128922
13.25,37.75,0.0126572
13.75,37.75,0.0124221
14.25,37.75,0.0120561
14.75,37.75,0.0116902
15.25,37.75,0.0113242
15.75,37.75,0.0109583
16.25,37.75,0.0105924
16.75,37.75,0.0101872
17.25,37.75,0.00978205
17.75,37.75,0.00937689
18.25,37.75,0.00897174
18.75,37.75,0.00856659
19.25,37.75,0.00818296
19.75,37.75,0.00779933
20.25,37.75,0.00741571
20.75,37.75,0.00703208
21.25,37.75,0.00664845
21.75,37.75,0.00633762
22.25,37.75,0.00602678
22.75,37.75,0.00571595
23.25,37.75,0.00540511
23.75,37.75,0.00509428
24.25,37.75,0.00485156
24.75,37.75,0.00460884
25.25,37.75,0.00436612
25.75,37.75,0.00412341
26.25,37.75,0.00388069
26.75,37.75,0.00369356
27.25,37.75,0.00350643
27.75,37.75,0.0033193
28.25,37.75,0.00313217
28.75,37.75,0.00294504
29.25,37.75,0.00278377
29.75,37.75,0.00262249
30.25,37.75,0.00246122
30.75,37.75,0.00229994
31.25,37.75,0.00213867
31.75,37.75,0.00203697
32.25,37.75,0.00193528
32.75,37.75,0.00183358
33.25,37.75,0.00173189
33.75,37.75,0.00163019
34.25,37.75,0.00154528
34.75,37.75,0.00146036
35.25,37.75,0.00137544
35.75,37.75,0.00129052
36.25,37.75,0.0012056
36.75,37.75,0.001146
37.25,37.75,0.0010864
37.75,37.75,0.0010268
38.25,37.75,0.000967202
38.75,37.75,0.000907602
39.25,37.75,0.00085878
39.75,37.75,0.000809958
40.25,37.75,0.000761136
40.75,37.75,0.000712314
41.25,37.75,0.000663492
41.75,37.75,0.000626134
42.25,37.75,0.000588776
42.75,37.75,0.000551418
43.25,37.75,0.00051406
43.75,37.75,0.000476703
44.25,37.75,0.000476703
44.75,37.75,0.000476703
-44.75,38.25,0.000770648
-44.25,38.25,0.000770648
-43.75,38.25,0.000770648
-43.25,38.25,0.000754823
-42.75,38.25,0.000738998
-42.25,38.25,0.000723173
-41.75,38.25,0.000707348
-41.25,38.25,0.000691523
-40.75,38.25,0.0006558
-40.25,38.25,0.000620077
-39.75,38.25,0.000584355
-39.25,38.25,0.000548632
-38.75,38.25,0.000512909
-38.25,38.25,0.000494823
-37.75,38.25,0.000476736
-37.25,38.25,0.00045865
-36.75,38.25,0.000440564
-36.25,38.25,0.000422477
-35.75,38.25,0.000423893
-35.25,38.25,0.000425309
-34.75,38.25,0.000426724
-34.25,38.25,0.00042814
-33.75,38.25,0.000429555
-33.25,38.25,0.000444732
-32.75,38.25,0.000459909
-32.25,38.25,0.000475085
-31.75,38.25,0.000490262
-31.25,38.25,0.000505438
-30.75,38.25,0.000523572
-30.25,38.25,0.000541705
-29.75,38.25,0.000559839
-29.25,38.25,0.000577972
-28.75,38.25,0.000596106
-28.25,38.25,0.000626071
-27.75,38.25,0.000656036
-27.25,38.25,0.000686001
-26.75,38.25,0.000715967
-26.25,38.25,0.000745932
-25.75,38.25,0.000790761
-25.25,38.25,0.000835591
-24.75,38.25,0.000880421
-24.25,38.25,0.00092525
-23.75,38.25,0.00097008
-23.25,38.25,0.00103791
-22.75,38.25,0.00110575
-22.25,38.25,0.00117358
-21.75,38.25,0.00124141
-21.25,38.25,0.00130924
-20.75,38.25,0.0014003
-20.25,38.25,0.00149136
-19.75,38.25,0.00158242
-19.25,38.25,0.00167348
-18.75,38.25,0.00176454
-18.25,38.25,0.00188962
-17.75,38.25,0.00201469
-17.25,38.25,0.00213976
-16.75,38.25,0.00226484
-16.25,38.25,0.00238991
-15.75,38.25,0.00253758
-15.25,38.25,0.00268525
-14.75,38.25,0.00283292
-14.25,38.25,0.00298059
-13.75,38.25,0.00312826
-13.25,38.25,0.00330147
-12.75,38.25,0.00347468
-12.25,38.25,0.00364788
-11.75,38.25,0.00382109
-11.25,38.25,0.0039943
-10.75,38.25,0.00415358
-10.25,38.25,0.00431287
-9.75,38.25,0.00447215
-9.25,38.25,0.00463144
-8.75,38.25,0.00479072
-8.25,38.25,0.00497655
-7.75,38.25,0.00516238
-7.25,38.25,0.00534821
-6.75,38.25,0.00553404
-6.25,38.25,0.00571986
-5.75,38.25,0.00590546
-5.25,38.25,0.00609106
-4.75,38.25,0.00627666
-4.25,38.25,0.00646225
-3.75,38.25,0.00664785
-3.25,38.25,0.00685085
-2.75,38.25,0.00705385
-2.25,38.25,0.00725685
-1.75,38.25,0.00745986
-1.25,38.25,0.00766286
-0.75,38.25,0.00789076
-0.25,38.25,0.00811867
0.25,38.25,0.00834658
0.75,38.25,0.00857448
1.25,38.25,0.00880239
1.75,38.25,0.00902504
2.25,38.25,0.00924769
2.75,38.25,0.00947033
3.25,38.25,0.00969298
3.75,38.25,0.00991563
4.25,38.25,0.0100997
4.75,38.25,0.0102838
5.25,38.25,0.0104679
5.75,38.25,0.010652
6.25,38.25,0.0108361
6.75,38.25,0.0109526
7.25,38.25,0.011069
7.75,38.25,0.0111855
8.25,38.25,0.0113019
8.75,38.25,0.0114184
9.25,38.25,0.0113787
9.75,38.25,0.011339
10.25,38.25,0.0112993
10.75,38.25,0.0112597
11.25,38.25,0.01122
11.75,38.25,0.0110288
12.25,38.25,0.0108376
12.75,38.25,0.0106464
13.25,38.25,0.0104552
13.75,38.25,0.010264
14.25,38.25,0.00997644
14.75,38.25,0.00968883
15.25,38.25,0.00940122
15.75,38.25,0.00911362
16.25,38.25,0.00882601
16.75,38.25,0.00850009
17.25,38.25,0.00817417
17.75,38.25,0.00784825
18.25,38.25,0.00752233
18.75,38.25,0.00719641
19.25,38.25,0.00688782
19.75,38.25,0.00657923
20.25,38.25,0.00627064
20.75,38.25,0.00596206
21.25,38.25,0.00565347
21.75,38.25,0.00540282
22.25,38.25,0.00515216
22.75,38.25,0.0049015
23.25,38.25,0.00465085
23.75,38.25,0.00440019
24.25,38.25,0.00420382
24.75,38.25,0.00400744
25.25,38.25,0.00381106
25.75,38.25,0.00361469
26.25,38.25,0.00341831
26.75,38.25,0.00326101
27.25,38.25,0.00310371
27.75,38.25,0.00294641
28.25,38.25,0.00278911
28.75,38.25,0.00263181
29.25,38.25,0.00248989
29.75,38.25,0.00234797
30.25,38.25,0.00220604
30.75,38.25,0.00206412
31.25,38.25,0.0019222
31.75,38.25,0.00183679
32.25,38.25,0.00175137
32.75,38.25,0.00166596
33.25,38.25,0.00158054
33.75,38.25,0.00149513
34.25,38.25,0.00142122
34.75,38.25,0.00134731
35.25,38.25,0.0012734
35.75,38.25,0.00119949
36.25,38.25,0.00112558
36.75,38.25,0.00107052
37.25,38.25,0.00101545
37.75,38.25,0.00096039
38.25,38.25,0.000905327
38.75,38.25,0.000850264
39.25,38.25,0.000806835
39.75,38.25,0.000763406
40.25,38.25,0.000719978
40.75,38.25,0.000676549
41.25,38.25,0.000633121
41.75,38.25,0.000597314
42.25,38.25,0.000561508
42.75,38.25,0.000525701
43.25,38.25,0.000489895
43.75,38.25,0.000454088
44.25,38.25,0.000454088
44.75,38.25,0.000454088
-44.75,38.75,0.000843932
-44.25,38.75,0.000843932
-43.75,38.75,0.000843932
-43.25,38.75,0.000824915
-42.75,38.75,0.000805898
-42.25,38.75,0.000786881
-41.75,38.75,0.000767864
-41.25,38.75,0.000748846
-40.75,38.75,0.000704961
-40.25,38.75,0.000661076
-39.75,38.75,0.00061719
-39.25,38.75,0.000573305
-38.75,38.75,0.000529419
-38.25,38.75,0.000507516
-37.75,38.75,0.000485612
-37.25,38.75,0.000463709
-36.75,38.75,0.000441805
-36.25,38.75,0.000419902
-35.75,38.75,0.000417431
-35.25,38.75,0.000414961
-34.75,38.75,0.00041249
-34.25,38.75,0.000410019
-33.75,38.75,0.000407549
-33.25,38.75,0.000420546
-32.75,38.75,0.000433543
-32.25,38.75,0.00044654
-31.75,38.75,0.000459537
-31.25,38.75,0.000472535
-30.75,38.75,0.000486424
-30.25,38.75,0.000500313
-29.75,38.75,0.000514202
-29.25,38.75,0.000528091
-28.75,38.75,0.00054198
-28.25,38.75,0.000565431
-27.75,38.75,0.000588882
-27.25,38.75,0.000612332
-26.75,38.75,0.000635783
-26.25,38.75,0.000659234
-25.75,38.75,0.000692184
-25.25,38.75,0.000725133
-24.75,38.75,0.000758083
-24.25,38.75,0.000791033
-23.75,38.75,0.000823982
-23.25,38.75,0.000875091
-22.75,38.75,0.0009262
-22.25,38.75,0.000977309
-21.75,38.75,0.00102842
-21.25,38.75,0.00107953
-20.75,38.75,0.00114695
-20.25,38.75,0.00121438
-19.75,38.75,0.00128181
-19.25,38.75,0.00134923
-18.75,38.75,0.00141666
-18.25,38.75,0.0015115
-17.75,38.75,0.00160634
-17.25,38.75,0.00170119
-16.75,38.75,0.00179603
-16.25,38.75,0.00189087
-15.75,38.75,0.00200337
-15.25,38.75,0.00211586
-14.75,38.75,0.00222836
-14.25,38.75,0.00234085
-13.75,38.75,0.00245335
-13.25,38.75,0.00259021
-12.75,38.75,0.00272707
-12.25,38.75,0.00286393
-11.75,38.75,0.00300079
-11.25,38.75,0.00313765
-10.75,38.75,0.00325928
-10.25,38.75,0.0033809
-9.75,38.75,0.00350253
-9.25,38.75,0.00362416
-8.75,38.75,0.00374578
-8.25,38.75,0.00389762
-7.75,38.75,0.00404945
-7.25,38.75,0.00420128
-6.75,38.75,0.00435311
-6.25,38.75,0.00450495
-5.75,38.75,0.0046516
-5.25,38.75,0.00479824
-4.75,38.75,0.00494489
-4.25,38.75,0.00509154
-3.75,38.75,0.00523819
-3.25,38.75,0.00540144
-2.75,38.75,0.00556468
-2.25,38.75,0.00572793
-1.75,38.75,0.00589117
-1.25,38.75,0.00605442
-0.75,38.75,0.00623815
-0.25,38.75,0.00642189
0.25,38.75,0.00660562
0.75,38.75,0.00678936
1.25,38.75,0.00697309
1.75,38.75,0.0071404
2.25,38.75,0.00730771
2.75,38.75,0.00747503
3.25,38.75,0.00764234
3.75,38.75,0.00780965
4.25,38.75,0.00794454
4.75,38.75,0.00807944
5.25,38.75,0.00821433
5.75,38.75,0.00834922
6.25,38.75,0.00848411
6.75,38.75,0.00858502
7.25,38.75,0.00868592
7.75,38.75,0.00878683
8.25,38.75,0.00888773
8.75,38.75,0.00898864
9.25,38.75,0.00895941
9.75,38.75,0.00893018
10.25,38.75,0.00890095
10.75,38.75,0.00887172
11.25,38.75,0.00884249
11.75,38.75,0.0086952
12.25,38.75,0.0085479
12.75,38.75,0.00840061
13.25,38.75,0.00825331
13.75,38.75,0.00810602
14.25,38.75,0.00789675
14.75,38.75,0.00768747
15.25,38.75,0.0074782
15.75,38.75,0.00726893
16.25,38.75,0.00705966
16.75,38.75,0.00681298
17.25,38.75,0.00656629
17.75,38.75,0.0063196
18.25,38.75,0.00607291
18.75,38.75,0.00582623
19.25,38.75,0.00559268
19.75,38.75,0.00535913
20.25,38.75,0.00512558
20.75,38.75,0.00489204
21.25,38.75,0.00465849
21.75,38.75,0.00446801
22.25,38.75,0.00427754
22.75,38.75,0.00408706
23.25,38.75,0.00389659
23.75,38.75,0.00370611
24.25,38.75,0.00355607
24.75,38.75,0.00340604
25.25,38.75,0.003256
25.75,38.75,0.00310597
26.25,38.75,0.00295593
26.75,38.75,0.00282846
27.25,38.75,0.00270099
27.75,38.75,0.00257352
28.25,38.75,0.00244604
28.75,38.75,0.00231857
29.25,38.75,0.00219601
29.75,38.75,0.00207344
30.25,38.75,0.00195087
30.75,38.75,0.0018283
31.25,38.75,0.00170574
31.75,38.75,0.0016366
32.25,38.75,0.00156747
32.75,38.75,0.00149833
33.25,38.75,0.0014292
33.75,38.75,0.00136006
34.25,38.75,0.00129716
34.75,38.75,0.00123426
35.25,38.75,0.00117136
35.75,38.75,0.00110846
36.25,38.75,0.00104556
36.75,38.75,0.000995031
37.25,38.75,0.000944505
37.75,38.75,0.000893978
38.25,38.75,0.000843451
38.75,38.75,0.000792925
39.25,38.75,0.00075489
39.75,38.75,0.000716855
40.25,38.75,0.00067882
40.75,38.75,0.000640785
41.25,38.75,0.00060275
41.75,38.75,0.000568495
42.25,38.75,0.00053424
42.75,38.75,0.000499984
43.25,38.75,0.000465729
43.75,38.75,0.000431474
44.25,38.75,0.000431474
44.75,38.75,0.000431474
-44.75,39.25,0.000711105
-44.25,39.25,0.000711105
-43.75,39.25,0.000711105
-43.25,39.25,0.000708811
-42.75,39.25,0.000706518
-42.25,39.25,0.000704225
-41.75,39.25,0.000701931
-41.25,39.25,0.000699638
-40.75,39.25,0.000670647
-40.25,39.25,0.000641655
-39.75,39.25,0.000612664
-39.25,39.25,0.000583673
-38.75,39.25,0.000554681
-38.25,39.25,0.000529618
-37.75,39.25,0.000504555
-37.25,39.25,0.000479492
-36.75,39.25,0.000454429
-36.25,39.25,0.000429366
-35.75,39.25,0.000424483
-35.25,39.25,0.0004196
-34.75,39.25,0.000414717
-34.25,39.25,0.000409835
-33.75,39.25,0.000404952
-33.25,39.25,0.000415487
-32.75,39.25,0.000426022
-32.25,39.25,0.000436557
-31.75,39.25,0.000447092
-31.25,39.25,0.000457628
-30.75,39.25,0.000469703
-30.25,39.25,0.000481778
-29.75,39.25,0.000493853
-29.25,39.25,0.000505928
-28.75,39.25,0.000518004
-28.25,39.25,0.000538873
-27.75,39.25,0.000559742
-27.25,39.25,0.000580611
-26.75,39.25,0.000601481
-26.25,39.25,0.00062235
-25.75,39.25,0.000652017
-25.25,39.25,0.000681683
-24.75,39.25,0.00071135
-24.25,39.25,0.000741016
-23.75,39.25,0.000770683
-23.25,39.25,0.000815871
-22.75,39.25,0.000861059
-22.25,39.25,0.000906248
-21.75,39.25,0.000951436
-21.25,39.25,0.000996624
-20.75,39.25,0.00105604
-20.25,39.25,0.00111545
-19.75,39.25,0.00117487
-19.25,39.25,0.00123429
-18.75,39.25,0.0012937
-18.25,39.25,0.00137587
-17.75,39.25,0.00145804
-17.25,39.25,0.00154022
-16.75,39.25,0.00162239
-16.25,39.25,0.00170456
-15.75,39.25,0.00180361
-15.25,39.25,0.00190265
-14.75,39.25,0.0020017
-14.25,39.25,0.00210075
-13.75,39.25,0.00219979
-13.25,39.25,0.00231795
-12.75,39.25,0.00243611
-12.25,39.25,0.00255427
-11.75,39.25,0.00267243
-11.25,39.25,0.00279059
-10.75,39.25,0.00289879
-10.25,39.25,0.00300699
-9.75,39.25,0.00311519
-9.25,39.25,0.0032234
-8.75,39.25,0.0033316
-8.25,39.25,0.00346704
-7.75,39.25,0.00360247
-7.25,39.25,0.00373791
-6.75,39.25,0.00387335
-6.25,39.25,0.00400878
-5.75,39.25,0.00413784
-5.25,39.25,0.00426689
-4.75,39.25,0.00439594
-4.25,39.25,0.004525
-3.75,39.25,0.00465405
-3.25,39.25,0.00479716
-2.75,39.25,0.00494027
-2.25,39.25,0.00508338
-1.75,39.25,0.00522649
-1.25,39.25,0.0053696
-0.75,39.25,0.00553013
-0.25,39.25,0.00569066
0.25,39.25,0.00585119
0.75,39.25,0.00601172
1.25,39.25,0.00617225
1.75,39.25,0.00631741
2.25,39.25,0.00646258
2.75,39.25,0.00660774
3.25,39.25,0.0067529
3.75,39.25,0.00689807
4.25,39.25,0.0070179
4.75,39.25,0.00713774
5.25,39.25,0.00725758
5.75,39.25,0.00737742
6.25,39.25,0.00749725
6.75,39.25,0.0075873
7.25,39.25,0.00767736
7.75,39.25,0.00776741
8.25,39.25,0.00785746
8.75,39.25,0.00794751
9.25,39.25,0.00792457
9.75,39.25,0.00790163
10.25,39.25,0.00787869
10.75,39.25,0.00785576
11.25,39.25,0.00783282
11.75,39.25,0.00770861
12.25,39.25,0.0075844
12.75,39.25,0.0074602
13.25,39.25,0.00733599
13.75,39.25,0.00721178
14.25,39.25,0.00703182
14.75,39.25,0.00685185
15.25,39.25,0.00667188
15.75,39.25,0.00649191
16.25,39.25,0.00631194
16.75,39.25,0.00609874
17.25,39.25,0.00588553
17.75,39.25,0.00567232
18.25,39.25,0.00545911
18.75,39.25,0.00524591
19.25,39.25,0.00504281
19.75,39.25,0.00483972
20.25,39.25,0.00463662
20.75,39.25,0.00443353
21.25,39.25,0.00423043
21.75,39.25,0.00406193
22.25,39.25,0.00389342
22.75,39.25,0.00372492
23.25,39.25,0.00355642
23.75,39.25,0.00338791
24.25,39.25,0.00325282
24.75,39.25,0.00311773
25.25,39.25,0.00298264
25.75,39.25,0.00284755
26.25,39.25,0.00271246
26.75,39.25,0.00259939
27.25,39.25,0.00248633
27.75,39.25,0.00237326
28.25,39.25,0.00226019
28.75,39.25,0.00214712
29.25,39.25,0.00203644
29.75,39.25,0.00192575
30.25,39.25,0.00181507
30.75,39.25,0.00170438
31.25,39.25,0.0015937
31.75,39.25,0.00152921
32.25,39.25,0.00146472
32.75,39.25,0.00140023
33.25,39.25,0.00133574
33.75,39.25,0.00127125
34.25,39.25,0.00121297
34.75,39.25,0.00115468
35.25,39.25,0.0010964
35.75,39.25,0.00103811
36.25,39.25,0.000979831
36.75,39.25,0.000926142
37.25,39.25,0.000872454
37.75,39.25,0.000818766
38.25,39.25,0.000765077
38.75,39.25,0.000711389
39.25,39.25,0.000669642
39.75,39.25,0.000627896
40.25,39.25,0.000586149
40.75,39.25,0.000544402
41.25,39.25,0.000502656
41.75,39.25,0.000482557
42.25,39.25,0.000462458
42.75,39.25,0.00044236
43.25,39.25,0.000422261
43.75,39.25,0.000402162
44.25,39.25,0.000402162
44.75,39.25,0.000402162
-44.75,39.75,0.000578277
-44.25,39.75,0.000578277
-43.75,39.75,0.000578277
-43.25,39.75,0.000592708
-42.75,39.75,0.000607138
-42.25,39.75,0.000621569
-41.75,39.75,0.000635999
-41.25,39.75,0.00065043
-40.75,39.75,0.000636333
-40.25,39.75,0.000622235
-39.75,39.75,0.000608138
-39.25,39.75,0.000594041
-38.75,39.75,0.000579944
-38.25,39.75,0.000551721
-37.75,39.75,0.000523498
-37.25,39.75,0.000495275
-36.75,39.75,0.000467053
-36.25,39.75,0.00043883
-35.75,39.75,0.000431535
-35.25,39.75,0.00042424
-34.75,39.75,0.000416945
-34.25,39.75,0.00040965
-33.75,39.75,0.000402355
-33.25,39.75,0.000410428
-32.75,39.75,0.000418501
-32.25,39.75,0.000426574
-31.75,39.75,0.000434647
-31.25,39.75,0.000442721
-30.75,39.75,0.000452982
-30.25,39.75,0.000463243
-29.75,39.75,0.000473504
-29.25,39.75,0.000483766
-28.75,39.75,0.000494027
-28.25,39.75,0.000512315
-27.75,39.75,0.000530603
-27.25,39.75,0.00054889
-26.75,39.75,0.000567178
-26.25,39.75,0.000585466
-25.75,39.75,0.000611849
-25.25,39.75,0.000638233
-24.75,39.75,0.000664617
-24.25,39.75,0.000691
-23.75,39.75,0.000717384
-23.25,39.75,0.000756651
-22.75,39.75,0.000795919
-22.25,39.75,0.000835186
-21.75,39.75,0.000874453
-21.25,39.75,0.000913721
-20.75,39.75,0.000965125
-20.25,39.75,0.00101653
-19.75,39.75,0.00106793
-19.25,39.75,0.00111934
-18.75,39.75,0.00117074
-18.25,39.75,0.00124024
-17.75,39.75,0.00130975
-17.25,39.75,0.00137925
-16.75,39.75,0.00144875
-16.25,39.75,0.00151825
-15.75,39.75,0.00160385
-15.25,39.75,0.00168945
-14.75,39.75,0.00177504
-14.25,39.75,0.00186064
-13.75,39.75,0.00194624
-13.25,39.75,0.00204569
-12.75,39.75,0.00214515
-12.25,39.75,0.00224461
-11.75,39.75,0.00234407
-11.25,39.75,0.00244352
-10.75,39.75,0.0025383
-10.25,39.75,0.00263308
-9.75,39.75,0.00272786
-9.25,39.75,0.00282264
-8.75,39.75,0.00291742
-8.25,39.75,0.00303646
-7.75,39.75,0.0031555
-7.25,39.75,0.00327454
-6.75,39.75,0.00339358
-6.25,39.75,0.00351262
-5.75,39.75,0.00362408
-5.25,39.75,0.00373554
-4.75,39.75,0.00384699
-4.25,39.75,0.00395845
-3.75,39.75,0.00406991
-3.25,39.75,0.00419288
-2.75,39.75,0.00431586
-2.25,39.75,0.00443884
-1.75,39.75,0.00456181
-1.25,39.75,0.00468479
-0.75,39.75,0.00482211
-0.25,39.75,0.00495944
0.25,39.75,0.00509676
0.75,39.75,0.00523408
1.25,39.75,0.00537141
1.75,39.75,0.00549442
2.25,39.75,0.00561744
2.75,39.75,0.00574045
3.25,39.75,0.00586347
3.75,39.75,0.00598648
4.25,39.75,0.00609127
4.75,39.75,0.00619605
5.25,39.75,0.00630083
5.75,39.75,0.00640561
6.25,39.75,0.00651039
6.75,39.75,0.00658959
7.25,39.75,0.00666879
7.75,39.75,0.00674798
8.25,39.75,0.00682718
8.75,39.75,0.00690638
9.25,39.75,0.00688973
9.75,39.75,0.00687308
10.25,39.75,0.00685644
10.75,39.75,0.00683979
11.25,39.75,0.00682314
11.75,39.75,0.00672202
12.25,39.75,0.0066209
12.75,39.75,0.00651979
13.25,39.75,0.00641867
13.75,39.75,0.00631755
14.25,39.75,0.00616689
14.75,39.75,0.00601622
15.25,39.75,0.00586556
15.75,39.75,0.00571489
16.25,39.75,0.00556422
16.75,39.75,0.0053845
17.25,39.75,0.00520477
17.75,39.75,0.00502504
18.25,39.75,0.00484531
18.75,39.75,0.00466559
19.25,39.75,0.00449294
19.75,39.75,0.0043203
20.25,39.75,0.00414766
20.75,39.75,0.00397502
21.25,39.75,0.00380237
21.75,39.75,0.00365584
22.25,39.75,0.00350931
22.75,39.75,0.00336278
23.25,39.75,0.00321625
23.75,39.75,0.00306972
24.25,39.75,0.00294957
24.75,39.75,0.00282943
25.25,39.75,0.00270928
25.75,39.75,0.00258913
26.25,39.75,0.00246899
26.75,39.75,0.00237033
27.25,39.75,0.00227166
27.75,39.75,0.002173
28.25,39.75,0.00207434
28.75,39.75,0.00197568
29.25,39.75,0.00187687
29.75,39.75,0.00177807
30.25,39.75,0.00167927
30.75,39.75,0.00158047
31.25,39.75,0.00148166
31.75,39.75,0.00142182
32.25,39.75,0.00136197
32.75,39.75,0.00130213
33.25,39.75,0.00124228
33.75,39.75,0.00118244
34.25,39.75,0.00112877
34.75,39.75,0.0010751
35.25,39.75,0.00102144
35.75,39.75,0.000967771
36.25,39.75,0.000914104
36.75,39.75,0.000857254
37.25,39.75,0.000800404
37.75,39.75,0.000743553
38.25,39.75,0.000686703
38.75,39.75,0.000629853
39.25,39.75,0.000584395
39.75,39.75,0.000538937
40.25,39.75,0.000493478
40.75,39.75,0.00044802
41.25,39.75,0.000402562
41.75,39.75,0.000396619
42.25,39.75,0.000390677
42.75,39.75,0.000384735
43.25,39.75,0.000378792
43.75,39.75,0.00037285
44.25,39.75,0.00037285
44.75,39.75,0.00037285
-44.75,40.25,0.00044545
-44.25,40.25,0.00044545
-43.75,40.25,0.00044545
-43.25,40.25,0.000476604
-42.75,40.25,0.000507759
-42.25,40.25,0.000538913
-41.75,40.25,0.000570067
-41.25,40.25,0.000601222
-40.75,40.25,0.000602019
-40.25,40.25,0.000602815
-39.75,40.25,0.000603612
-39.25,40.25,0.000604409
-38.75,40.25,0.000605206
-38.25,40.25,0.000573823
-37.75,40.25,0.000542441
-37.25,40.25,0.000511059
-36.75,40.25,0.000479676
-36.25,40.25,0.000448294
-35.75,40.25,0.000438587
-35.25,40.25,0.00042888
-34.75,40.25,0.000419173
-34.25,40.25,0.000409465
-33.75,40.25,0.000399758
-33.25,40.25,0.000405369
-32.75,40.25,0.00041098
-32.25,40.25,0.000416592
-31.75,40.25,0.000422203
-31.25,40.25,0.000427814
-30.75,40.25,0.000436261
-30.25,40.25,0.000444708
-29.75,40.25,0.000453156
-29.25,40.25,0.000461603
-28.75,40.25,0.00047005
-28.25,40.25,0.000485757
-27.75,40.25,0.000501463
-27.25,40.25,0.000517169
-26.75,40.25,0.000532876
-26.25,40.25,0.000548582
-25.75,40.25,0.000571682
-25.25,40.25,0.000594783
-24.75,40.25,0.000617884
-24.25,40.25,0.000640984
-23.75,40.25,0.000664085
-23.25,40.25,0.000697431
-22.75,40.25,0.000730778
-22.25,40.25,0.000764125
-21.75,40.25,0.000797471
-21.25,40.25,0.000830818
-20.75,40.25,0.000874211
-20.25,40.25,0.000917604
-19.75,40.25,0.000960997
-19.25,40.25,0.00100439
-18.75,40.25,0.00104778
-18.25,40.25,0.00110462
-17.75,40.25,0.00116145
-17.25,40.25,0.00121828
-16.75,40.25,0.00127511
-16.25,40.25,0.00133194
-15.75,40.25,0.00140409
-15.25,40.25,0.00147624
-14.75,40.25,0.00154838
-14.25,40.25,0.00162053
-13.75,40.25,0.00169268
-13.25,40.25,0.00177344
-12.75,40.25,0.00185419
-12.25,40.25,0.00193495
-11.75,40.25,0.0020157
-11.25,40.25,0.00209646
-10.75,40.25,0.00217782
-10.25,40.25,0.00225917
-9.75,40.25,0.00234052
-9.25,40.25,0.00242188
-8.75,40.25,0.00250323
-8.25,40.25,0.00260588
-7.75,40.25,0.00270852
-7.25,40.25,0.00281117
-6.75,40.25,0.00291381
-6.25,40.25,0.00301646
-5.75,40.25,0.00311032
-5.25,40.25,0.00320418
-4.75,40.25,0.00329804
-4.25,40.25,0.0033919
-3.75,40.25,0.00348576
-3.25,40.25,0.00358861
-2.75,40.25,0.00369145
-2.25,40.25,0.00379429
-1.75,40.25,0.00389714
-1.25,40.25,0.00399998
-0.75,40.25,0.0041141
-0.25,40.25,0.00422821
0.25,40.25,0.00434233
0.75,40.25,0.00445645
1.25,40.25,0.00457057
1.75,40.25,0.00467143
2.25,40.25,0.0047723
2.75,40.25,0.00487317
3.25,40.25,0.00497403
3.75,40.25,0.0050749
4.25,40.25,0.00516463
4.75,40.25,0.00525435
5.25,40.25,0.00534408
5.75,40.25,0.0054338
6.25,40.25,0.00552353
6.75,40.25,0.00559187
7.25,40.25,0.00566022
7.75,40.25,0.00572856
8.25,40.25,0.00579691
8.75,40.25,0.00586525
9.25,40.25,0.00585489
9.75,40.25,0.00584453
10.25,40.25,0.00583418
10.75,40.25,0.00582382
11.25,40.25,0.00581346
11.75,40.25,0.00573543
12.25,40.25,0.00565741
12.75,40.25,0.00557938
13.25,40.25,0.00550135
13.75,40.25,0.00542332
14.25,40.25,0.00530196
14.75,40.25,0.00518059
15.25,40.25,0.00505923
15.75,40.25,0.00493787
16.25,40.25,0.00481651
16.75,40.25,0.00467026
17.25,40.25,0.00452401
17.75,40.25,0.00437776
18.25,40.25,0.00423151
18.75,40.25,0.00408527
19.25,40.25,0.00394308
19.75,40.25,0.00380089
20.25,40.25,0.0036587
20.75,40.25,0.00351651
21.25,40.25,0.00337432
21.75,40.25,0.00324976
22.25,40.25,0.0031252
22.75,40.25,0.00300064
23.25,40.25,0.00287608
23.75,40.25,0.00275152
24.25,40.25,0.00264632
24.75,40.25,0.00254112
25.25,40.25,0.00243592
25.75,40.25,0.00233072
26.25,40.25,0.00222552
26.75,40.25,0.00214126
27.25,40.25,0.002057
27.75,40.25,0.00197274
28.25,40.25,0.00188848
28.75,40.25,0.00180423
29.25,40.25,0.00171731
29.75,40.25,0.00163039
30.25,40.25,0.00154347
30.75,40.25,0.00145655
31.25,40.25,0.00136963
31.75,40.25,0.00131443
32.25,40.25,0.00125923
32.75,40.25,0.00120403
33.25,40.25,0.00114883
33.75,40.25,0.00109363
34.25,40.25,0.00104458
34.75,40.25,0.000995526
35.25,40.25,0.000946476
35.75,40.25,0.000897427
36.25,40.25,0.000848377
36.75,40.25,0.000788365
37.25,40.25,0.000728353
37.75,40.25,0.000668341
38.25,40.25,0.000608329
38.75,40.25,0.000548317
39.25,40.25,0.000499147
39.75,40.25,0.000449977
40.25,40.25,0.000400808
40.75,40.25,0.000351638
41.25,40.25,0.000302468
41.75,40.25,0.000310682
42.25,40.25,0.000318896
42.75,40.25,0.00032711
43.25,40.25,0.000335324
43.75,40.25,0.000343538
44.25,40.25,0.000343538
44.75,40.25,0.000343538
-44.75,40.75,0.000312622
-44.25,40.75,0.000312622
-43.75,40.75,0.000312622
-43.25,40.75,0.000360501
-42.75,40.75,0.000408379
-42.25,40.75,0.000456257
-41.75,40.75,0.000504135
-41.25,40.75,0.000552014
-40.75,40.75,0.000567704
-40.25,40.75,0.000583395
-39.75,40.75,0.000599086
-39.25,40.75,0.000614777
-38.75,40.75,0.000630468
-38.25,40.75,0.000595926
-37.75,40.75,0.000561384
-37.25,40.75,0.000526842
-36.75,40.75,0.0004923
-36.25,40.75,0.000457758
-35.75,40.75,0.000445639
-35.25,40.75,0.000433519
-34.75,40.75,0.0004214
-34.25,40.75,0.000409281
-33.75,40.75,0.000397162
-33.25,40.75,0.000400311
-32.75,40.75,0.00040346
-32.25,40.75,0.000406609
-31.75,40.75,0.000409758
-31.25,40.75,0.000412907
-30.75,40.75,0.00041954
-30.25,40.75,0.000426174
-29.75,40.75,0.000432807
-29.25,40.75,0.00043944
-28.75,40.75,0.000446074
-28.25,40.75,0.000459199
-27.75,40.75,0.000472323
-27.25,40.75,0.000485448
-26.75,40.75,0.000498573
-26.25,40.75,0.000511698
-25.75,40.75,0.000531515
-25.25,40.75,0.000551333
-24.75,40.75,0.000571151
-24.25,40.75,0.000590968
-23.75,40.75,0.000610786
-23.25,40.75,0.000638212
-22.75,40.75,0.000665637
-22.25,40.75,0.000693063
-21.75,40.75,0.000720489
-21.25,40.75,0.000747915
-20.75,40.75,0.000783297
-20.25,40.75,0.000818679
-19.75,40.75,0.000854061
-19.25,40.75,0.000889442
-18.75,40.75,0.000924824
-18.25,40.75,0.000968987
-17.75,40.75,0.00101315
-17.25,40.75,0.00105731
-16.75,40.75,0.00110147
-16.25,40.75,0.00114563
-15.75,40.75,0.00120433
-15.25,40.75,0.00126303
-14.75,40.75,0.00132173
-14.25,40.75,0.00138042
-13.75,40.75,0.00143912
-13.25,40.75,0.00150118
-12.75,40.75,0.00156323
-12.25,40.75,0.00162529
-11.75,40.75,0.00168734
-11.25,40.75,0.0017494
-10.75,40.75,0.00181733
-10.25,40.75,0.00188526
-9.75,40.75,0.00195319
-9.25,40.75,0.00202112
-8.75,40.75,0.00208905
-8.25,40.75,0.0021753
-7.75,40.75,0.00226155
-7.25,40.75,0.0023478
-6.75,40.75,0.00243405
-6.25,40.75,0.0025203
-5.75,40.75,0.00259656
-5.25,40.75,0.00267283
-4.75,40.75,0.00274909
-4.25,40.75,0.00282536
-3.75,40.75,0.00290162
-3.25,40.75,0.00298433
-2.75,40.75,0.00306704
-2.25,40.75,0.00314975
-1.75,40.75,0.00323246
-1.25,40.75,0.00331517
-0.75,40.75,0.00340608
-0.25,40.75,0.00349699
0.25,40.75,0.0035879
0.75,40.75,0.00367881
1.25,40.75,0.00376972
1.75,40.75,0.00384844
2.25,40.75,0.00392716
2.75,40.75,0.00400588
3.25,40.75,0.0040846
3.75,40.75,0.00416332
4.25,40.75,0.00423799
4.75,40.75,0.00431266
5.25,40.75,0.00438733
5.75,40.75,0.004462
6.25,40.75,0.00453667
6.75,40.75,0.00459416
7.25,40.75,0.00465165
7.75,40.75,0.00470914
8.25,40.75,0.00476663
8.75,40.75,0.00482412
9.25,40.75,0.00482005
9.75,40.75,0.00481599
10.25,40.75,0.00481192
10.75,40.75,0.00480785
11.25,40.75,0.00480379
11.75,40.75,0.00474885
12.25,40.75,0.00469391
12.75,40.75,0.00463897
13.25,40.75,0.00458403
13.75,40.75,0.00452909
14.25,40.75,0.00443703
14.75,40.75,0.00434497
15.25,40.75,0.00425291
15.75,40.75,0.00416085
16.25,40.75,0.00406879
16.75,40.75,0.00395602
17.25,40.75,0.00384325
17.75,40.75,0.00373048
18.25,40.75,0.00361771
18.75,40.75,0.00350495
19.25,40.75,0.00339321
19.75,40.75,0.00328147
20.25,40.75,0.00316973
20.75,40.75,0.003058
21.25,40.75,0.00294626
21.75,40.75,0.00284367
22.25,40.75,0.00274109
22.75,40.75,0.0026385
23.25,40.75,0.00253591
23.75,40.75,0.00243333
24.25,40.75,0.00234307
24.75,40.75,0.00225281
25.25,40.75,0.00216256
25.75,40.75,0.0020723
26.25,40.75,0.00198204
26.75,40.75,0.00191219
27.25,40.75,0.00184234
27.75,40.75,0.00177248
28.25,40.75,0.00170263
28.75,40.75,0.00163278
29.25,40.75,0.00155774
29.75,40.75,0.0014827
30.25,40.75,0.00140767
30.75,40.75,0.00133263
31.25,40.75,0.00125759
31.75,40.75,0.00120704
32.25,40.75,0.00115648
32.75,40.75,0.00110593
33.25,40.75,0.00105537
33.75,40.75,0.00100481
34.25,40.75,0.000960381
34.75,40.75,0.000915948
35.25,40.75,0.000871515
35.75,40.75,0.000827083
36.25,40.75,0.00078265
36.75,40.75,0.000719476
37.25,40.75,0.000656302
37.75,40.75,0.000593129
38.25,40.75,0.000529955
38.75,40.75,0.000466781
39.25,40.75,0.0004139
39.75,40.75,0.000361018
40.25,40.75,0.000308137
40.75,40.75,0.000255255
41.25,40.75,0.000202374
41.75,40.75,0.000224744
42.25,40.75,0.000247115
42.75,40.75,0.000269485
43.25,40.75,0.000291855
43.75,40.75,0.000314226
44.25,40.75,0.000314226
44.75,40.75,0.000314226
-44.75,41.25,0.000179795
-44.25,41.25,0.000179795
-43.75,41.25,0.000179795
-43.25,41.25,0.000244397
-42.75,41.25,0.000308999
-42.25,41.25,0.000373601
-41.75,41.25,0.000438203
-41.25,41.25,0.000502805
-40.75,41.25,0.00053339
-40.25,41.25,0.000563975
-39.75,41.25,0.00059456
-39.25,41.25,0.000625145
-38.75,41.25,0.00065573
-38.25,41.25,0.000618029
-37.75,41.25,0.000580327
-37.25,41.25,0.000542625
-36.75,41.25,0.000504923
-36.25,41.25,0.000467222
-35.75,41.25,0.00045269
-35.25,41.25,0.000438159
-34.75,41.25,0.000423628
-34.25,41.25,0.000409096
-33.75,41.25,0.000394565
-33.25,41.25,0.000395252
-32.75,41.25,0.000395939
-32.25,41.25,0.000396626
-31.75,41.25,0.000397313
-31.25,41.25,0.000398
-30.75,41.25,0.000402819
-30.25,41.25,0.000407639
-29.75,41.25,0.000412458
-29.25,41.25,0.000417278
-28.75,41.25,0.000422097
-28.25,41.25,0.000432641
-27.75,41.25,0.000443184
-27.25,41.25,0.000453727
-26.75,41.25,0.00046427
-26.25,41.25,0.000474814
-25.75,41.25,0.000491348
-25.25,41.25,0.000507883
-24.75,41.25,0.000524417
-24.25,41.25,0.000540952
-23.75,41.25,0.000557487
-23.25,41.25,0.000578992
-22.75,41.25,0.000600497
-22.25,41.25,0.000622002
-21.75,41.25,0.000643507
-21.25,41.25,0.000665012
-20.75,41.25,0.000692382
-20.25,41.25,0.000719753
-19.75,41.25,0.000747124
-19.25,41.25,0.000774495
-18.75,41.25,0.000801866
-18.25,41.25,0.000833358
-17.75,41.25,0.00086485
-17.25,41.25,0.000896342
-16.75,41.25,0.000927834
-16.25,41.25,0.000959326
-15.75,41.25,0.00100457
-15.25,41.25,0.00104982
-14.75,41.25,0.00109507
-14.25,41.25,0.00114032
-13.75,41.25,0.00118556
-13.25,41.25,0.00122892
-12.75,41.25,0.00127227
-12.25,41.25,0.00131563
-11.75,41.25,0.00135898
-11.25,41.25,0.00140234
-10.75,41.25,0.00145684
-10.25,41.25,0.00151135
-9.75,41.25,0.00156585
-9.25,41.25,0.00162036
-8.75,41.25,0.00167487
-8.25,41.25,0.00174472
-7.75,41.25,0.00181457
-7.25,41.25,0.00188443
-6.75,41.25,0.00195428
-6.25,41.25,0.00202414
-5.75,41.25,0.0020828
-5.25,41.25,0.00214147
-4.75,41.25,0.00220014
-4.25,41.25,0.00225881
-3.75,41.25,0.00231748
-3.25,41.25,0.00238005
-2.75,41.25,0.00244263
-2.25,41.25,0.0025052
-1.75,41.25,0.00256778
-1.25,41.25,0.00263035
-0.75,41.25,0.00269806
-0.25,41.25,0.00276577
0.25,41.25,0.00283347
0.75,41.25,0.00290118
1.25,41.25,0.00296888
1.75,41.25,0.00302545
2.25,41.25,0.00308202
2.75,41.25,0.00313859
3.25,41.25,0.00319516
3.75,41.25,0.00325174
4.25,41.25,0.00331135
4.75,41.25,0.00337096
5.25,41.25,0.00343058
5.75,41.25,0.00349019
6.25,41.25,0.00354981
6.75,41.25,0.00359644
7.25,41.25,0.00364308
7.75,41.25,0.00368972
8.25,41.25,0.00373635
8.75,41.25,0.00378299
9.25,41.25,0.00378521
9.75,41.25,0.00378744
10.25,41.25,0.00378966
10.75,41.25,0.00379188
11.25,41.25,0.00379411
11.75,41.25,0.00376226
12.25,41.25,0.00373041
12.75,41.25,0.00369856
13.25,41.25,0.00366671
13.75,41.25,0.00363486
14.25,41.25,0.0035721
14.75,41.25,0.00350934
15.25,41.25,0.00344658
15.75,41.25,0.00338382
16.25,41.25,0.00332107
16.75,41.25,0.00324178
17.25,41.25,0.00316249
17.75,41.25,0.0030832
18.25,41.25,0.00300391
18.75,41.25,0.00292463
19.25,41.25,0.00284334
19.75,41.25,0.00276206
20.25,41.25,0.00268077
20.75,41.25,0.00259949
21.25,41.25,0.0025182
21.75,41.25,0.00243759
22.25,41.25,0.00235697
22.75,41.25,0.00227636
23.25,41.25,0.00219574
23.75,41.25,0.00211513
24.25,41.25,0.00203982
24.75,41.25,0.00196451
25.25,41.25,0.0018892
25.75,41.25,0.00181388
26.25,41.25,0.00173857
26.75,41.25,0.00168312
27.25,41.25,0.00162768
27.75,41.25,0.00157223
28.25,41.25,0.00151678
28.75,41.25,0.00146133
29.25,41.25,0.00139818
29.75,41.25,0.00133502
30.25,41.25,0.00127187
30.75,41.25,0.00120871
31.25,41.25,0.00114556
31.75,41.25,0.00109965
32.25,41.25,0.00105373
32.75,41.25,0.00100782
33.25,41.25,0.000961913
33.75,41.25,0.000916002
34.25,41.25,0.000876186
34.75,41.25,0.00083637
35.25,41.25,0.000796555
35.75,41.25,0.000756739
36.25,41.25,0.000716923
36.75,41.25,0.000650587
37.25,41.25,0.000584252
37.75,41.25,0.000517916
38.25,41.25,0.000451581
38.75,41.25,0.000385245
39.25,41.25,0.000328652
39.75,41.25,0.000272059
40.25,41.25,0.000215466
40.75,41.25,0.000158873
41.25,41.25,0.00010228
41.75,41.25,0.000138807
42.25,41.25,0.000175333
42.75,41.25,0.00021186
43.25,41.25,0.000248387
43.75,41.25,0.000284914
44.25,41.25,0.000284914
44.75,41.25,0.000284914
-44.75,41.75,0.000146659
-44.25,41.75,0.000146659
-43.75,41.75,0.000146659
-43.25,41.75,0.000203132
-42.75,41.75,0.000259604
-42.25,41.75,0.000316077
-41.75,41.75,0.000372549
-41.25,41.75,0.000429022
-40.75,41.75,0.000462309
-40.25,41.75,0.000495597
-39.75,41.75,0.000528885
-39.25,41.75,0.000562173
-38.75,41.75,0.000595461
-38.25,41.75,0.000562146
-37.75,41.75,0.000528832
-37.25,41.75,0.000495518
-36.75,41.75,0.000462203
-36.25,41.75,0.000428889
-35.75,41.75,0.000415723
-35.25,41.75,0.000402556
-34.75,41.75,0.00038939
-34.25,41.75,0.000376224
-33.75,41.75,0.000363057
-33.25,41.75,0.000363556
-32.75,41.75,0.000364055
-32.25,41.75,0.000364553
-31.75,41.75,0.000365052
-31.25,41.75,0.000365551
-30.75,41.75,0.000370804
-30.25,41.75,0.000376056
-29.75,41.75,0.000381309
-29.25,41.75,0.000386562
-28.75,41.75,0.000391814
-28.25,41.75,0.000401729
-27.75,41.75,0.000411644
-27.25,41.75,0.000421559
-26.75,41.75,0.000431473
-26.25,41.75,0.000441388
-25.75,41.75,0.00045698
-25.25,41.75,0.000472572
-24.75,41.75,0.000488164
-24.25,41.75,0.000503756
-23.75,41.75,0.000519348
-23.25,41.75,0.000539302
-22.75,41.75,0.000559256
-22.25,41.75,0.000579209
-21.75,41.75,0.000599163
-21.25,41.75,0.000619117
-20.75,41.75,0.000642991
-20.25,41.75,0.000666866
-19.75,41.75,0.00069074
-19.25,41.75,0.000714615
-18.75,41.75,0.000738489
-18.25,41.75,0.000767554
-17.75,41.75,0.00079662
-17.25,41.75,0.000825685
-16.75,41.75,0.000854751
-16.25,41.75,0.000883816
-15.75,41.75,0.000922813
-15.25,41.75,0.00096181
-14.75,41.75,0.00100081
-14.25,41.75,0.0010398
-13.75,41.75,0.0010788
-13.25,41.75,0.00111848
-12.75,41.75,0.00115815
-12.25,41.75,0.00119783
-11.75,41.75,0.0012375
-11.25,41.75,0.00127718
-10.75,41.75,0.00132527
-10.25,41.75,0.00137335
-9.75,41.75,0.00142144
-9.25,41.75,0.00146952
-8.75,41.75,0.00151761
-8.25,41.75,0.00157838
-7.75,41.75,0.00163916
-7.25,41.75,0.00169994
-6.75,41.75,0.00176071
-6.25,41.75,0.00182149
-5.75,41.75,0.00187642
-5.25,41.75,0.00193135
-4.75,41.75,0.00198628
-4.25,41.75,0.00204121
-3.75,41.75,0.00209614
-3.25,41.75,0.00215159
-2.75,41.75,0.00220704
-2.25,41.75,0.0022625
-1.75,41.75,0.00231795
-1.25,41.75,0.0023734
-0.75,41.75,0.00243426
-0.25,41.75,0.00249512
0.25,41.75,0.00255598
0.75,41.75,0.00261684
1.25,41.75,0.0026777
1.75,41.75,0.00272778
2.25,41.75,0.00277785
2.75,41.75,0.00282793
3.25,41.75,0.00287801
3.75,41.75,0.00292809
4.25,41.75,0.00297938
4.75,41.75,0.00303067
5.25,41.75,0.00308196
5.75,41.75,0.00313325
6.25,41.75,0.00318454
6.75,41.75,0.00322531
7.25,41.75,0.00326608
7.75,41.75,0.00330686
8.25,41.75,0.00334763
8.75,41.75,0.0033884
9.25,41.75,0.00339225
9.75,41.75,0.0033961
10.25,41.75,0.00339995
10.75,41.75,0.0034038
11.25,41.75,0.00340764
11.75,41.75,0.00338147
12.25,41.75,0.0033553
12.75,41.75,0.00332912
13.25,41.75,0.00330295
13.75,41.75,0.00327678
14.25,41.75,0.00322446
14.75,41.75,0.00317215
15.25,41.75,0.00311984
15.75,41.75,0.00306752
16.25,41.75,0.00301521
16.75,41.75,0.00294695
17.25,41.75,0.0028787
17.75,41.75,0.00281045
18.25,41.75,0.00274219
18.75,41.75,0.00267394
19.25,41.75,0.00260347
19.75,41.75,0.002533
20.25,41.75,0.00246254
20.75,41.75,0.00239207
21.25,41.75,0.0023216
21.75,41.75,0.00224905
22.25,41.75,0.00217649
22.75,41.75,0.00210393
23.25,41.75,0.00203137
23.75,41.75,0.00195881
24.25,41.75,0.00189005
24.75,41.75,0.00182129
25.25,41.75,0.00175253
25.75,41.75,0.00168377
26.25,41.75,0.001615
26.75,41.75,0.00156484
27.25,41.75,0.00151468
27.75,41.75,0.00146452
28.25,41.75,0.00141435
28.75,41.75,0.00136419
29.25,41.75,0.00130692
29.75,41.75,0.00124964
30.25,41.75,0.00119237
30.75,41.75,0.0011351
31.25,41.75,0.00107782
31.75,41.75,0.00103442
32.25,41.75,0.000991007
32.75,41.75,0.000947598
33.25,41.75,0.000904189
33.75,41.75,0.00086078
34.25,41.75,0.000823168
34.75,41.75,0.000785557
35.25,41.75,0.000747945
35.75,41.75,0.000710333
36.25,41.75,0.000672721
36.75,41.75,0.000610675
37.25,41.75,0.000548629
37.75,41.75,0.000486582
38.25,41.75,0.000424536
38.75,41.75,0.00036249
39.25,41.75,0.000306648
39.75,41.75,0.000250805
40.25,41.75,0.000194962
40.75,41.75,0.00013912
41.25,41.75,8.3277e-05
41.75,41.75,0.000113994
42.25,41.75,0.000144712
42.75,41.75,0.000175429
43.25,41.75,0.000206147
43.75,41.75,0.000236864
44.25,41.75,0.000236864
44.75,41.75,0.000236864
-44.75,42.25,0.000113523
-44.25,42.25,0.000113523
-43.75,42.25,0.000113523
-43.25,42.25,0.000161866
-42.75,42.25,0.000210209
-42.25,42.25,0.000258552
-41.75,42.25,0.000306895
-41.25,42.25,0.000355238
-40.75,42.25,0.000391229
-40.25,42.25,0.000427219
-39.75,42.25,0.00046321
-39.25,42.25,0.000499201
-38.75,42.25,0.000535192
-38.25,42.25,0.000506264
-37.75,42.25,0.000477337
-37.25,42.25,0.00044841
-36.75,42.25,0.000419483
-36.25,42.25,0.000390556
-35.75,42.25,0.000378755
-35.25,42.25,0.000366953
-34.75,42.25,0.000355152
-34.25,42.25,0.000343351
-33.75,42.25,0.00033155
-33.25,42.25,0.00033186
-32.75,42.25,0.00033217
-32.25,42.25,0.000332481
-31.75,42.25,0.000332791
-31.25,42.25,0.000333102
-30.75,42.25,0.000338788
-30.25,42.25,0.000344474
-29.75,42.25,0.00035016
-29.25,42.25,0.000355846
-28.75,42.25,0.000361532
-28.25,42.25,0.000370818
-27.75,42.25,0.000380104
-27.25,42.25,0.00038939
-26.75,42.25,0.000398676
-26.25,42.25,0.000407962
-25.75,42.25,0.000422612
-25.25,42.25,0.000437261
-24.75,42.25,0.000451911
-24.25,42.25,0.00046656
-23.75,42.25,0.000481209
-23.25,42.25,0.000499612
-22.75,42.25,0.000518015
-22.25,42.25,0.000536417
-21.75,42.25,0.00055482
-21.25,42.25,0.000573223
-20.75,42.25,0.0005936
-20.25,42.25,0.000613978
-19.75,42.25,0.000634356
-19.25,42.25,0.000654734
-18.75,42.25,0.000675112
-18.25,42.25,0.000701751
-17.75,42.25,0.00072839
-17.25,42.25,0.000755028
-16.75,42.25,0.000781667
-16.25,42.25,0.000808306
-15.75,42.25,0.000841052
-15.25,42.25,0.000873798
-14.75,42.25,0.000906544
-14.25,42.25,0.000939291
-13.75,42.25,0.000972037
-13.25,42.25,0.00100803
-12.75,42.25,0.00104403
-12.25,42.25,0.00108003
-11.75,42.25,0.00111603
-11.25,42.25,0.00115202
-10.75,42.25,0.00119369
-10.25,42.25,0.00123535
-9.75,42.25,0.00127702
-9.25,42.25,0.00131868
-8.75,42.25,0.00136035
-8.25,42.25,0.00141205
-7.75,42.25,0.00146375
-7.25,42.25,0.00151544
-6.75,42.25,0.00156714
-6.25,42.25,0.00161884
-5.75,42.25,0.00167004
-5.25,42.25,0.00172123
-4.75,42.25,0.00177242
-4.25,42.25,0.00182361
-3.75,42.25,0.00187481
-3.25,42.25,0.00192313
-2.75,42.25,0.00197146
-2.25,42.25,0.00201979
-1.75,42.25,0.00206812
-1.25,42.25,0.00211644
-0.75,42.25,0.00217046
-0.25,42.25,0.00222447
0.25,42.25,0.00227849
0.75,42.25,0.0023325
1.25,42.25,0.00238651
1.75,42.25,0.0024301
2.25,42.25,0.00247368
2.75,42.25,0.00251727
3.25,42.25,0.00256086
3.75,42.25,0.00260444
4.25,42.25,0.00264741
4.75,42.25,0.00269037
5.25,42.25,0.00273334
5.75,42.25,0.0027763
6.25,42.25,0.00281927
6.75,42.25,0.00285418
7.25,42.25,0.00288909
7.75,42.25,0.002924
8.25,42.25,0.0029589
8.75,42.25,0.00299381
9.25,42.25,0.00299929
9.75,42.25,0.00300476
10.25,42.25,0.00301023
10.75,42.25,0.00301571
11.25,42.25,0.00302118
11.75,42.25,0.00300068
12.25,42.25,0.00298019
12.75,42.25,0.00295969
13.25,42.25,0.00293919
13.75,42.25,0.0029187
14.25,42.25,0.00287683
14.75,42.25,0.00283496
15.25,42.25,0.00279309
15.75,42.25,0.00275122
16.25,42.25,0.00270935
16.75,42.25,0.00265213
17.25,42.25,0.00259491
17.75,42.25,0.00253769
18.25,42.25,0.00248047
18.75,42.25,0.00242325
19.25,42.25,0.0023636
19.75,42.25,0.00230395
20.25,42.25,0.0022443
20.75,42.25,0.00218465
21.25,42.25,0.002125
21.75,42.25,0.0020605
22.25,42.25,0.001996
22.75,42.25,0.0019315
23.25,42.25,0.001867
23.75,42.25,0.0018025
24.25,42.25,0.00174028
24.75,42.25,0.00167807
25.25,42.25,0.00161586
25.75,42.25,0.00155365
26.25,42.25,0.00149144
26.75,42.25,0.00144656
27.25,42.25,0.00140168
27.75,42.25,0.0013568
28.25,42.25,0.00131193
28.75,42.25,0.00126705
29.25,42.25,0.00121566
29.75,42.25,0.00116427
30.25,42.25,0.00111288
30.75,42.25,0.00106148
31.25,42.25,0.00101009
31.75,42.25,0.000969186
32.25,42.25,0.000928279
32.75,42.25,0.000887372
33.25,42.25,0.000846466
33.75,42.25,0.000805559
34.25,42.25,0.000770151
34.75,42.25,0.000734743
35.25,42.25,0.000699335
35.75,42.25,0.000663927
36.25,42.25,0.000628518
36.75,42.25,0.000570762
37.25,42.25,0.000513005
37.75,42.25,0.000455248
38.25,42.25,0.000397492
38.75,42.25,0.000339735
39.25,42.25,0.000284643
39.75,42.25,0.000229551
40.25,42.25,0.000174458
40.75,42.25,0.000119366
41.25,42.25,6.42739e-05
41.75,42.25,8.91822e-05
42.25,42.25,0.00011409
42.75,42.25,0.000138999
43.25,42.25,0.000163907
43.75,42.25,0.000188815
44.25,42.25,0.000188815
44.75,42.25,0.000188815
-44.75,42.75,8.03874e-05
-44.25,42.75,8.03874e-05
-43.75,42.75,8.03874e-05
-43.25,42.75,0.000120601
-42.75,42.75,0.000160814
-42.25,42.75,0.000201027
-41.75,42.75,0.000241241
-41.25,42.75,0.000281454
-40.75,42.75,0.000320148
-40.25,42.75,0.000358841
-39.75,42.75,0.000397535
-39.25,42.75,0.000436229
-38.75,42.75,0.000474922
-38.25,42.75,0.000450382
-37.75,42.75,0.000425843
-37.25,42.75,0.000401303
-36.75,42.75,0.000376763
-36.25,42.75,0.000352223
-35.75,42.75,0.000341787
-35.25,42.75,0.000331351
-34.75,42.75,0.000320914
-34.25,42.75,0.000310478
-33.75,42.75,0.000300042
-33.25,42.75,0.000300164
-32.75,42.75,0.000300286
-32.25,42.75,0.000300408
-31.75,42.75,0.000300531
-31.25,42.75,0.000300653
-30.75,42.75,0.000306772
-30.25,42.75,0.000312891
-29.75,42.75,0.000319011
-29.25,42.75,0.00032513
-28.75,42.75,0.000331249
-28.25,42.75,0.000339907
-27.75,42.75,0.000348564
-27.25,42.75,0.000357222
-26.75,42.75,0.000365879
-26.25,42.75,0.000374537
-25.75,42.75,0.000388244
-25.25,42.75,0.00040195
-24.75,42.75,0.000415657
-24.25,42.75,0.000429364
-23.75,42.75,0.000443071
-23.25,42.75,0.000459922
-22.75,42.75,0.000476774
-22.25,42.75,0.000493625
-21.75,42.75,0.000510477
-21.25,42.75,0.000527328
-20.75,42.75,0.00054421
-20.25,42.75,0.000561091
-19.75,42.75,0.000577972
-19.25,42.75,0.000594854
-18.75,42.75,0.000611735
-18.25,42.75,0.000635948
-17.75,42.75,0.00066016
-17.25,42.75,0.000684372
-16.75,42.75,0.000708584
-16.25,42.75,0.000732796
-15.75,42.75,0.000759291
-15.25,42.75,0.000785787
-14.75,42.75,0.000812282
-14.25,42.75,0.000838778
-13.75,42.75,0.000865273
-13.25,42.75,0.000897592
-12.75,42.75,0.000929912
-12.25,42.75,0.000962231
-11.75,42.75,0.00099455
-11.25,42.75,0.00102687
-10.75,42.75,0.00106211
-10.25,42.75,0.00109736
-9.75,42.75,0.0011326
-9.25,42.75,0.00116784
-8.75,42.75,0.00120309
-8.25,42.75,0.00124571
-7.75,42.75,0.00128833
-7.25,42.75,0.00133095
-6.75,42.75,0.00137357
-6.25,42.75,0.0014162
-5.75,42.75,0.00146365
-5.25,42.75,0.00151111
-4.75,42.75,0.00155856
-4.25,42.75,0.00160602
-3.75,42.75,0.00165347
-3.25,42.75,0.00169468
-2.75,42.75,0.00173588
-2.25,42.75,0.00177708
-1.75,42.75,0.00181829
-1.25,42.75,0.00185949
-0.75,42.75,0.00190666
-0.25,42.75,0.00195382
0.25,42.75,0.00200099
0.75,42.75,0.00204816
1.25,42.75,0.00209533
1.75,42.75,0.00213242
2.25,42.75,0.00216951
2.75,42.75,0.00220661
3.25,42.75,0.0022437
3.75,42.75,0.00228079
4.25,42.75,0.00231544
4.75,42.75,0.00235008
5.25,42.75,0.00238472
5.75,42.75,0.00241936
6.25,42.75,0.002454
6.75,42.75,0.00248305
7.25,42.75,0.00251209
7.75,42.75,0.00254113
8.25,42.75,0.00257018
8.75,42.75,0.00259922
9.25,42.75,0.00260632
9.75,42.75,0.00261342
10.25,42.75,0.00262052
10.75,42.75,0.00262762
11.25,42.75,0.00263472
11.75,42.75,0.0026199
12.25,42.75,0.00260508
12.75,42.75,0.00259026
13.25,42.75,0.00257544
13.75,42.75,0.00256062
14.25,42.75,0.00252919
14.75,42.75,0.00249777
15.25,42.75,0.00246634
15.75,42.75,0.00243492
16.25,42.75,0.00240349
16.75,42.75,0.00235731
17.25,42.75,0.00231112
17.75,42.75,0.00226494
18.25,42.75,0.00221875
18.75,42.75,0.00217256
19.25,42.75,0.00212373
19.75,42.75,0.0020749
20.25,42.75,0.00202607
20.75,42.75,0.00197724
21.25,42.75,0.00192841
21.75,42.75,0.00187196
22.25,42.75,0.00181551
22.75,42.75,0.00175907
23.25,42.75,0.00170262
23.75,42.75,0.00164618
24.25,42.75,0.00159052
24.75,42.75,0.00153485
25.25,42.75,0.00147919
25.75,42.75,0.00142353
26.25,42.75,0.00136787
26.75,42.75,0.00132828
27.25,42.75,0.00128868
27.75,42.75,0.00124909
28.25,42.75,0.0012095
28.75,42.75,0.00116991
29.25,42.75,0.0011244
29.75,42.75,0.00107889
30.25,42.75,0.00103338
30.75,42.75,0.000987871
31.25,42.75,0.000942361
31.75,42.75,0.000903956
32.25,42.75,0.000865552
32.75,42.75,0.000827147
33.25,42.75,0.000788742
33.75,42.75,0.000750337
34.25,42.75,0.000717133
34.75,42.75,0.000683929
35.25,42.75,0.000650725
35.75,42.75,0.00061752
36.25,42.75,0.000584316
36.75,42.75,0.000530849
37.25,42.75,0.000477382
37.75,42.75,0.000423914
38.25,42.75,0.000370447
38.75,42.75,0.00031698
39.25,42.75,0.000262638
39.75,42.75,0.000208296
40.25,42.75,0.000153955
40.75,42.75,9.96127e-05
41.25,42.75,4.52709e-05
41.75,42.75,6.43699e-05
42.25,42.75,8.3469e-05
42.75,42.75,0.000102568
43.25,42.75,0.000121667
43.75,42.75,0.000140766
44.25,42.75,0.000140766
44.75,42.75,0.000140766
-44.75,43.25,4.72516e-05
-44.25,43.25,4.72516e-05
-43.75,43.25,4.72516e-05
-43.25,43.25,7.93353e-05
-42.75,43.25,0.000111419
-42.25,43.25,0.000143503
-41.75,43.25,0.000175587
-41.25,43.25,0.00020767
-40.75,43.25,0.000249067
-40.25,43.25,0.000290463
-39.75,43.25,0.00033186
-39.25,43.25,0.000373256
-38.75,43.25,0.000414653
-38.25,43.25,0.0003945
-37.75,43.25,0.000374348
-37.25,43.25,0.000354195
-36.75,43.25,0.000334043
-36.25,43.25,0.00031389
-35.75,43.25,0.000304819
-35.25,43.25,0.000295748
-34.75,43.25,0.000286677
-34.25,43.25,0.000277605
-33.75,43.25,0.000268534
-33.25,43.25,0.000268468
-32.75,43.25,0.000268402
-32.25,43.25,0.000268336
-31.75,43.25,0.00026827
-31.25,43.25,0.000268204
-30.75,43.25,0.000274756
-30.25,43.25,0.000281309
-29.75,43.25,0.000287861
-29.25,43.25,0.000294414
-28.75,43.25,0.000300966
-28.25,43.25,0.000308995
-27.75,43.25,0.000317024
-27.25,43.25,0.000325053
-26.75,43.25,0.000333082
-26.25,43.25,0.000341111
-25.75,43.25,0.000353875
-25.25,43.25,0.000366639
-24.75,43.25,0.000379404
-24.25,43.25,0.000392168
-23.75,43.25,0.000404932
-23.25,43.25,0.000420232
-22.75,43.25,0.000435533
-22.25,43.25,0.000450833
-21.75,43.25,0.000466133
-21.25,43.25,0.000481434
-20.75,43.25,0.000494819
-20.25,43.25,0.000508204
-19.75,43.25,0.000521589
-19.25,43.25,0.000534974
-18.75,43.25,0.000548359
-18.25,43.25,0.000570144
-17.75,43.25,0.00059193
-17.25,43.25,0.000613715
-16.75,43.25,0.0006355
-16.25,43.25,0.000657286
-15.75,43.25,0.000677531
-15.25,43.25,0.000697775
-14.75,43.25,0.00071802
-14.25,43.25,0.000738265
-13.75,43.25,0.00075851
-13.25,43.25,0.000787151
-12.75,43.25,0.000815791
-12.25,43.25,0.000844432
-11.75,43.25,0.000873073
-11.25,43.25,0.000901714
-10.75,43.25,0.000930537
-10.25,43.25,0.00095936
-9.75,43.25,0.000988183
-9.25,43.25,0.00101701
-8.75,43.25,0.00104583
-8.25,43.25,0.00107937
-7.75,43.25,0.00111292
-7.25,43.25,0.00114646
-6.75,43.25,0.00118001
-6.25,43.25,0.00121355
-5.75,43.25,0.00125727
-5.25,43.25,0.00130098
-4.75,43.25,0.0013447
-4.25,43.25,0.00138842
-3.75,43.25,0.00143214
-3.25,43.25,0.00146622
-2.75,43.25,0.0015003
-2.25,43.25,0.00153438
-1.75,43.25,0.00156846
-1.25,43.25,0.00160253
-0.75,43.25,0.00164286
-0.25,43.25,0.00168318
0.25,43.25,0.0017235
0.75,43.25,0.00176382
1.25,43.25,0.00180414
1.75,43.25,0.00183474
2.25,43.25,0.00186535
2.75,43.25,0.00189595
3.25,43.25,0.00192655
3.75,43.25,0.00195715
4.25,43.25,0.00198346
4.75,43.25,0.00200978
5.25,43.25,0.0020361
5.75,43.25,0.00206242
6.25,43.25,0.00208873
6.75,43.25,0.00211191
7.25,43.25,0.00213509
7.75,43.25,0.00215827
8.25,43.25,0.00218145
8.75,43.25,0.00220464
9.25,43.25,0.00221336
9.75,43.25,0.00222208
10.25,43.25,0.0022308
10.75,43.25,0.00223953
11.25,43.25,0.00224825
11.75,43.25,0.00223911
12.25,43.25,0.00222997
12.75,43.25,0.00222082
13.25,43.25,0.00221168
13.75,43.25,0.00220254
14.25,43.25,0.00218156
14.75,43.25,0.00216058
15.25,43.25,0.0021396
15.75,43.25,0.00211861
16.25,43.25,0.00209763
16.75,43.25,0.00206248
17.25,43.25,0.00202733
17.75,43.25,0.00199218
18.25,43.25,0.00195703
18.75,43.25,0.00192188
19.25,43.25,0.00188386
19.75,43.25,0.00184585
20.25,43.25,0.00180783
20.75,43.25,0.00176982
21.25,43.25,0.00173181
21.75,43.25,0.00168342
22.25,43.25,0.00163503
22.75,43.25,0.00158664
23.25,43.25,0.00153825
23.75,43.25,0.00148986
24.25,43.25,0.00144075
24.75,43.25,0.00139164
25.25,43.25,0.00134252
25.75,43.25,0.00129341
26.25,43.25,0.0012443
26.75,43.25,0.00120999
27.25,43.25,0.00117569
27.75,43.25,0.00114138
28.25,43.25,0.00110708
28.75,43.25,0.00107277
29.25,43.25,0.00103314
29.75,43.25,0.000993514
30.25,43.25,0.000953886
30.75,43.25,0.000914258
31.25,43.25,0.000874629
31.75,43.25,0.000838727
32.25,43.25,0.000802824
32.75,43.25,0.000766921
33.25,43.25,0.000731018
33.75,43.25,0.000695116
34.25,43.25,0.000664115
34.75,43.25,0.000633115
35.25,43.25,0.000602115
35.75,43.25,0.000571114
36.25,43.25,0.000540114
36.75,43.25,0.000490936
37.25,43.25,0.000441758
37.75,43.25,0.00039258
38.25,43.25,0.000343403
38.75,43.25,0.000294225
39.25,43.25,0.000240633
39.75,43.25,0.000187042
40.25,43.25,0.000133451
40.75,43.25,7.98593e-05
41.25,43.25,2.62679e-05
41.75,43.25,3.95577e-05
42.25,43.25,5.28474e-05
42.75,43.25,6.61372e-05
43.25,43.25,7.9427e-05
43.75,43.25,9.27168e-05
44.25,43.25,9.27168e-05
44.75,43.25,9.27168e-05
-44.75,43.75,1.41157e-05
-44.25,43.75,1.41157e-05
-43.75,43.75,1.41157e-05
-43.25,43.75,3.80699e-05
-42.75,43.75,6.2024e-05
-42.25,43.75,8.59782e-05
-41.75,43.75,0.000109932
-41.25,43.75,0.000133886
-40.75,43.75,0.000177986
-40.25,43.75,0.000222085
-39.75,43.75,0.000266185
-39.25,43.75,0.000310284
-38.75,43.75,0.000354383
-38.25,43.75,0.000338618
-37.75,43.75,0.000322853
-37.25,43.75,0.000307088
-36.75,43.75,0.000291323
-36.25,43.75,0.000275557
-35.75,43.75,0.000267851
-35.25,43.75,0.000260145
-34.75,43.75,0.000252439
-34.25,43.75,0.000244733
-33.75,43.75,0.000237027
-33.25,43.75,0.000236772
-32.75,43.75,0.000236518
-32.25,43.75,0.000236264
-31.75,43.75,0.000236009
-31.25,43.75,0.000235755
-30.75,43.75,0.000242741
-30.25,43.75,0.000249726
-29.75,43.75,0.000256712
-29.25,43.75,0.000263698
-28.75,43.75,0.000270684
-28.25,43.75,0.000278084
-27.75,43.75,0.000285484
-27.25,43.75,0.000292885
-26.75,43.75,0.000300285
-26.25,43.75,0.000307685
-25.75,43.75,0.000319507
-25.25,43.75,0.000331329
-24.75,43.75,0.00034315
-24.25,43.75,0.000354972
-23.75,43.75,0.000366794
-23.25,43.75,0.000380543
-22.75,43.75,0.000394292
-22.25,43.75,0.000408041
-21.75,43.75,0.00042179
-21.25,43.75,0.000435539
-20.75,43.75,0.000445428
-20.25,43.75,0.000455316
-19.75,43.75,0.000465205
-19.25,43.75,0.000475093
-18.75,43.75,0.000484982
-18.25,43.75,0.000504341
-17.75,43.75,0.000523699
-17.25,43.75,0.000543058
-16.75,43.75,0.000562417
-16.25,43.75,0.000581776
-15.75,43.75,0.00059577
-15.25,43.75,0.000609764
-14.75,43.75,0.000623758
-14.25,43.75,0.000637752
-13.75,43.75,0.000651746
-13.25,43.75,0.000676709
-12.75,43.75,0.000701671
-12.25,43.75,0.000726634
-11.75,43.75,0.000751596
-11.25,43.75,0.000776559
-10.75,43.75,0.000798961
-10.25,43.75,0.000821363
-9.75,43.75,0.000843765
-9.25,43.75,0.000866167
-8.75,43.75,0.000888569
-8.25,43.75,0.000913036
-7.75,43.75,0.000937503
-7.25,43.75,0.000961969
-6.75,43.75,0.000986436
-6.25,43.75,0.0010109
-5.75,43.75,0.00105088
-5.25,43.75,0.00109086
-4.75,43.75,0.00113084
-4.25,43.75,0.00117082
-3.75,43.75,0.0012108
-3.25,43.75,0.00123776
-2.75,43.75,0.00126471
-2.25,43.75,0.00129167
-1.75,43.75,0.00131862
-1.25,43.75,0.00134558
-0.75,43.75,0.00137906
-0.25,43.75,0.00141253
0.25,43.75,0.00144601
0.75,43.75,0.00147948
1.25,43.75,0.00151296
1.75,43.75,0.00153707
2.25,43.75,0.00156118
2.75,43.75,0.00158528
3.25,43.75,0.00160939
3.75,43.75,0.0016335
4.25,43.75,0.00165149
4.75,43.75,0.00166949
5.25,43.75,0.00168748
5.75,43.75,0.00170547
6.25,43.75,0.00172346
6.75,43.75,0.00174078
7.25,43.75,0.0017581
7.75,43.75,0.00177541
8.25,43.75,0.00179273
8.75,43.75,0.00181005
9.25,43.75,0.00182039
9.75,43.75,0.00183074
10.25,43.75,0.00184109
10.75,43.75,0.00185144
11.25,43.75,0.00186179
11.75,43.75,0.00185832
12.25,43.75,0.00185486
12.75,43.75,0.00185139
13.25,43.75,0.00184792
13.75,43.75,0.00184446
14.25,43.75,0.00183392
14.75,43.75,0.00182339
15.25,43.75,0.00181285
15.75,43.75,0.00180231
16.25,43.75,0.00179178
16.75,43.75,0.00176766
17.25,43.75,0.00174354
17.75,43.75,0.00171942
18.25,43.75,0.00169531
18.75,43.75,0.00167119
19.25,43.75,0.00164399
19.75,43.75,0.0016168
20.25,43.75,0.0015896
20.75,43.75,0.0015624
21.25,43.75,0.00153521
21.75,43.75,0.00149488
22.25,43.75,0.00145454
22.75,43.75,0.00141421
23.25,43.75,0.00137388
23.75,43.75,0.00133354
24.25,43.75,0.00129098
24.75,43.75,0.00124842
25.25,43.75,0.00120586
25.75,43.75,0.00116329
26.25,43.75,0.00112073
26.75,43.75,0.00109171
27.25,43.75,0.00106269
27.75,43.75,0.00103367
28.25,43.75,0.00100465
28.75,43.75,0.000975631
29.25,43.75,0.000941885
29.75,43.75,0.000908138
30.25,43.75,0.000874391
30.75,43.75,0.000840644
31.25,43.75,0.000806898
31.75,43.75,0.000773497
32.25,43.75,0.000740096
32.75,43.75,0.000706696
33.25,43.75,0.000673295
33.75,43.75,0.000639894
34.25,43.75,0.000611098
34.75,43.75,0.000582301
35.25,43.75,0.000553505
35.75,43.75,0.000524708
36.25,43.75,0.000495912
36.75,43.75,0.000451023
37.25,43.75,0.000406135
37.75,43.75,0.000361247
38.25,43.75,0.000316358
38.75,43.75,0.00027147
39.25,43.75,0.000218629
39.75,43.75,0.000165788
40.25,43.75,0.000112947
40.75,43.75,6.01058e-05
41.25,43.75,7.26486e-06
41.75,43.75,1.47454e-05
42.25,43.75,2.22259e-05
42.75,43.75,2.97065e-05
43.25,43.75,3.7187e-05
43.75,43.75,4.46676e-05
44.25,43.75,4.46676e-05
44.75,43.75,4.46676e-05
-44.75,44.25,1.41157e-05
-44.25,44.25,1.41157e-05
-43.75,44.25,1.41157e-05
-43.25,44.25,3.80699e-05
-42.75,44.25,6.2024e-05
-42.25,44.25,8.59782e-05
-41.75,44.25,0.000109932
-41.25,44.25,0.000133886
-40.75,44.25,0.000177986
-40.25,44.25,0.000222085
-39.75,44.25,0.000266185
-39.25,44.25,0.000310284
-38.75,44.25,0.000354383
-38.25,44.25,0.000338618
-37.75,44.25,0.000322853
-37.25,44.25,0.000307088
-36.75,44.25,0.000291323
-36.25,44.25,0.000275557
-35.75,44.25,0.000267851
-35.25,44.25,0.000260145
-34.75,44.25,0.000252439
-34.25,44.25,0.000244733
-33.75,44.25,0.000237027
-33.25,44.25,0.000236772
-32.75,44.25,0.000236518
-32.25,44.25,0.000236264
-31.75,44.25,0.000236009
-31.25,44.25,0.000235755
-30.75,44.25,0.000242741
-30.25,44.25,0.000249726
-29.75,44.25,0.000256712
-29.25,44.25,0.000263698
-28.75,44.25,0.000270684
-28.25,44.25,0.000278084
-27.75,44.25,0.000285484
-27.25,44.25,0.000292885
-26.75,44.25,0.000300285
-26.25,44.25,0.000307685
-25.75,44.25,0.000319507
-25.25,44.25,0.000331329
-24.75,44.25,0.00034315
-24.25,44.25,0.000354972
-23.75,44.25,0.000366794
-23.25,44.25,0.000380543
-22.75,44.25,0.000394292
-22.25,44.25,0.000408041
-21.75,44.25,0.00042179
-21.25,44.25,0.000435539
-20.75,44.25,0.000445428
-20.25,44.25,0.000455316
-19.75,44.25,0.000465205
-19.25,44.25,0.000475093
-18.75,44.25,0.000484982
-18.25,44.25,0.000504341
-17.75,44.25,0.000523699
-17.25,44.25,0.000543058
-16.75,44.25,0.000562417
-16.25,44.25,0.000581776
-15.75,44.25,0.00059577
-15.25,44.25,0.000609764
-14.75,44.25,0.000623758
-14.25,44.25,0.000637752
-13.75,44.25,0.000651746
-13.25,44.25,0.000676709
-12.75,44.25,0.000701671
-12.25,44.25,0.000726634
-11.75,44.25,0.000751596
-11.25,44.25,0.000776559
-10.75,44.25,0.000798961
-10.25,44.25,0.000821363
-9.75,44.25,0.000843765
-9.25,44.25,0.000866167
-8.75,44.25,0.000888569
-8.25,44.25,0.000913036
-7.75,44.25,0.000937503
-7.25,44.25,0.000961969
-6.75,44.25,0.000986436
-6.25,44.25,0.0010109
-5.75,44.25,0.00105088
-5.25,44.25,0.00109086
-4.75,44.25,0.00113084
-4.25,44.25,0.00117082
-3.75,44.25,0.0012108
-3.25,44.25,0.00123776
-2.75,44.25,0.00126471
-2.25,44.25,0.00129167
-1.75,44.25,0.00131862
-1.25,44.25,0.00134558
-0.75,44.25,0.00137906
-0.25,44.25,0.00141253
0.25,44.25,0.00144601
0.75,44.25,0.00147948
1.25,44.25,0.00151296
1.75,44.25,0.00153707
2.25,44.25,0.00156118
2.75,44.25,0.00158528
3.25,44.25,0.00160939
3.75,44.25,0.0016335
4.25,44.25,0.00165149
4.75,44.25,0.00166949
5.25,44.25,0.00168748
5.75,44.25,0.00170547
6.25,44.25,0.00172346
6.75,44.25,0.00174078
7.25,44.25,0.0017581
7.75,44.25,0.00177541
8.25,44.25,0.00179273
8.75,44.25,0.00181005
9.25,44.25,0.00182039
9.75,44.25,0.00183074
10.25,44.25,0.00184109
10.75,44.25,0.00185144
11.25,44.25,0.00186179
11.75,44.25,0.00185832
12.25,44.25,0.00185486
12.75,44.25,0.00185139
13.25,44.25,0.00184792
13.75,44.25,0.00184446
14.25,44.25,0.00183392
14.75,44.25,0.00182339
15.25,44.25,0.00181285
15.75,44.25,0.00180231
16.25,44.25,0.00179178
16.75,44.25,0.00176766
17.25,44.25,0.00174354
17.75,44.25,0.00171942
18.25,44.25,0.00169531
18.75,44.25,0.00167119
19.25,44.25,0.00164399
19.75,44.25,0.0016168
20.25,44.25,0.0015896
20.75,44.25,0.0015624
21.25,44.25,0.00153521
21.75,44.25,0.00149488
22.25,44.25,0.00145454
22.75,44.25,0.00141421
23.25,44.25,0.00137388
23.75,44.25,0.00133354
24.25,44.25,0.00129098
24.75,44.25,0.00124842
25.25,44.25,0.00120586
25.75,44.25,0.00116329
26.25,44.25,0.00112073
26.75,44.25,0.00109171
27.25,44.25,0.00106269
27.75,44.25,0.00103367
28.25,44.25,0.00100465
28.75,44.25,0.000975631
29.25,44.25,0.000941885
29.75,44.25,0.000908138
30.25,44.25,0.000874391
30.75,44.25,0.000840644
31.25,44.25,0.000806898
31.75,44.25,0.000773497
32.25,44.25,0.000740096
32.75,44.25,0.000706696
33.25,44.25,0.000673295
33.75,44.25,0.000639894
34.25,44.25,0.000611098
34.75,44.25,0.000582301
35.25,44.25,0.000553505
35.75,44.25,0.000524708
36.25,44.25,0.000495912
36.75,44.25,0.000451023
37.25,44.25,0.000406135
37.75,44.25,0.000361247
38.25,44.25,0.000316358
38.75,44.25,0.00027147
39.25,44.25,0.000218629
39.75,44.25,0.000165788
40.25,44.25,0.000112947
40.75,44.25,6.01058e-05
41.25,44.25,7.26486e-06
41.75,44.25,1.47454e-05
42.25,44.25,2.22259e-05
42.75,44.25,2.97065e-05
43.25,44.25,3.7187e-05
43.75,44.25,4.46676e-05
44.25,44.25,4.46676e-05
44.75,44.25,4.46676e-05
-44.75,44.75,1.41157e-05
-44.25,44.75,1.41157e-05
-43.75,44.75,1.41157e-05
-43.25,44.75,3.80699e-05
-42.75,44.75,6.2024e-05
-42.25,44.75,8.59782e-05
-41.75,44.75,0.000109932
-41.25,44.75,0.000133886
-40.75,44.75,0.000177986
-40.25,44.75,0.000222085
-39.75,44.75,0.000266185
-39.25,44.75,0.000310284
-38.75,44.75,0.000354383
-38.25,44.75,0.000338618
-37.75,44.75,0.000322853
-37.25,44.75,0.000307088
-36.75,44.75,0.000291323
-36.25,44.75,0.000275557
-35.75,44.75,0.000267851
-35.25,44.75,0.000260145
-34.75,44.75,0.000252439
-34.25,44.75,0.000244733
-33.75,44.75,0.000237027
-33.25,44.75,0.000236772
-32.75,44.75,0.000236518
-32.25,44.75,0.000236264
-31.75,44.75,0.000236009
-31.25,44.75,0.000235755
-30.75,44.75,0.000242741
-30.25,44.75,0.000249726
-29.75,44.75,0.000256712
-29.25,44.75,0.000263698
-28.75,44.75,0.000270684
-28.25,44.75,0.000278084
-27.75,44.75,0.000285484
-27.25,44.75,0.000292885
-26.75,44.75,0.000300285
-26.25,44.75,0.000307685
-25.75,44.75,0.000319507
-25.25,44.75,0.000331329
-24.75,44.75,0.00034315
-24.25,44.75,0.000354972
-23.75,44.75,0.000366794
-23.25,44.75,0.000380543
-22.75,44.75,0.000394292
-22.25,44.75,0.000408041
-21.75,44.75,0.00042179
-21.25,44.75,0.000435539
-20.75,44.75,0.000445428
-20.25,44.75,0.000455316
-19.75,44.75,0.000465205
-19.25,44.75,0.000475093
-18.75,44.75,0.000484982
-18.25,44.75,0.000504341
-17.75,44.75,0.000523699
-17.25,44.75,0.000543058
-16.75,44.75,0.000562417
-16.25,44.75,0.000581776
-15.75,44.75,0.00059577
-15.25,44.75,0.000609764
-14.75,44.75,0.000623758
-14.25,44.75,0.000637752
-13.75,44.75,0.000651746
-13.25,44.75,0.000676709
-12.75,44.75,0.000701671
-12.25,44.75,0.000726634
-11.75,44.75,0.000751596
-11.25,44.75,0.000776559
-10.75,44.75,0.000798961
-10.25,44.75,0.000821363
-9.75,44.75,0.000843765
-9.25,44.75,0.000866167
-8.75,44.75,0.000888569
-8.25,44.75,0.000913036
-7.75,44.75,0.000937503
-7.25,44.75,0.000961969
-6.75,44.75,0.000986436
-6.25,44.75,0.0010109
-5.75,44.75,0.00105088
-5.25,44.75,0.00109086
-4.75,44.75,0.00113084
-4.25,44.75,0.00117082
-3.75,44.75,0.0012108
-3.25,44.75,0.00123776
-2.75,44.75,0.00126471
-2.25,44.75,0.00129167
-1.75,44.75,0.00131862
-1.25,44.75,0.00134558
-0.75,44.75,0.00137906
-0.25,44.75,0.00141253
0.25,44.75,0.00144601
0.75,44.75,0.00147948
1.25,44.75,0.00151296
1.75,44.75,0.00153707
2.25,44.75,0.00156118
2.75,44.75,0.00158528
3.25,44.75,0.00160939
3.75,44.75,0.0016335
4.25,44.75,0.00165149
4.75,44.75,0.00166949
5.25,44.75,0.00168748
5.75,44.75,0.00170547
6.25,44.75,0.00172346
6.75,44.75,0.00174078
7.25,44.75,0.0017581
7.75,44.75,0.00177541
8.25,44.75,0.00179273
8.75,44.75,0.00181005
9.25,44.75,0.00182039
9.75,44.75,0.00183074
10.25,44.75,0.00184109
10.75,44.75,0.00185144
11.25,44.75,0.00186179
11.75,44.75,0.00185832
12.25,44.75,0.00185486
12.75,44.75,0.00185139
13.25,44.75,0.00184792
13.75,44.75,0.00184446
14.25,44.75,0.00183392
14.75,44.75,0.00182339
15.25,44.75,0.00181285
15.75,44.75,0.00180231
16.25,44.75,0.00179178
16.75,44.75,0.00176766
17.25,44.75,0.00174354
17.75,44.75,0.00171942
18.25,44.75,0.00169531
18.75,44.75,0.00167119
19.25,44.75,0.00164399
19.75,44.75,0.0016168
20.25,44.75,0.0015896
20.75,44.75,0.0015624
21.25,44.75,0.00153521
21.75,44.75,0.00149488
22.25,44.75,0.00145454
22.75,44.75,0.00141421
23.25,44.75,0.00137388
23.75,44.75,0.00133354
24.25,44.75,0.00129098
24.75,44.75,0.00124842
25.25,44.75,0.00120586
25.75,44.75,0.00116329
26.25,44.75,0.00112073
26.75,44.75,0.00109171
27.25,44.75,0.00106269
27.75,44.75,0.00103367
28.25,44.75,0.00100465
28.75,44.75,0.000975631
29.25,44.75,0.000941885
29.75,44.75,0.000908138
30.25,44.75,0.000874391
30.75,44.75,0.000840644
31.25,44.75,0.000806898
31.75,44.75,0.000773497
32.25,44.75,0.000740096
32.75,44.75,0.000706696
33.25,44.75,0.000673295
33.75,44.75,0.000639894
34.25,44.75,0.000611098
34.75,44.75,0.000582301
35.25,44.75,0.000553505
35.75,44.75,0.000524708
36.25,44.75,0.000495912
36.75,44.75,0.000451023
37.25,44.75,0.000406135
37.75,44.75,0.000361247
38.25,44.75,0.000316358
38.75,44.75,0.00027147
39.25,44.75,0.000218629
39.75,44.75,0.000165788
40.25,44.75,0.000112947
40.75,44.75,6.01058e-05
41.25,44.75,7.26486e-06
41.75,44.75,1.47454e-05
42.25,44.75,2.22259e-05
42.75,44.75,2.97065e-05
43.25,44.75,3.7187e-05
43.75,44.75,4.46676e-05
44.25,44.75,4.46676e-05
44.75,44.75,4.46676e-05
